player_id,player_name,search_guild_key,guild_name,总fanlv,DR数量,rank,point,花帆,さやか,瑠璃乃,吟子,小铃,姬芽,泉,塞拉斯,季度等级
AJMEJX0KG,こーか,EYN9H9N16,蓮すきすきクラブ,1758,19,1,3000000,10,10,10,10,10,10,10,10,80
K7QAEXJLJ,のりすけ,49AMYCXCD,ルドベキア,1887,18,1,3000000,10,10,10,10,10,10,10,10,80
8JKPKHDHC,あるふぁん,EYN9H9N16,蓮すきすきクラブ,1836,18,3,2990000,9,10,10,10,10,10,9,10,78
4YTEQDE04,ଳSFL.76ଳ,EYN9H9N16,蓮すきすきクラブ,1831,17,3,2990000,9,10,9,10,10,9,9,10,76
ISRNX35D4,KYB,RWARTHA1M,乙宗梢大好き部,1858,18,5,2980000,10,10,10,10,10,10,10,10,80
L71LEGR49,かんなぎ,PBRDPWEY1,村村会,1666,21,5,2980000,10,10,10,10,10,10,10,10,80
JE5URLPU8,もご,3F9P3U95T,ଳ天地鱏明の空ଳ,1453,7,7,2970000,10,10,10,10,10,10,10,10,80
X0REUC1B0,ジークハルト,GXR6C85BT,花帆ちゃん親衛隊,1751,20,7,2970000,10,10,10,10,10,10,10,10,80
5LL48ARPU,TIO,3F9P3U95T,ଳ天地鱏明の空ଳ,1721,20,9,2960000,10,10,10,10,10,10,10,10,80
JC33CNHML,かすかす,PBRDPWEY1,村村会,1681,17,9,2960000,10,10,10,10,10,10,10,10,80
T09VDOIFQ,No.154,998H940YN,お嬢様筋トレ部,1770,19,11,2950000,10,10,10,10,10,10,10,10,80
68S69TGO8,ｲﾉｳｴ,RFYKY8DCD,LA.LA.LA,1768,14,11,2950000,10,10,10,10,10,10,10,9,79
KOKTCEUS1,にんじんソード,1BME38BCD,さすさやクラブ,1780,20,13,2940000,10,10,10,10,10,10,10,10,80
NLNKEMVRB,ユッキー,0TKFF5EG3,サークル名募集中,1651,19,13,2940000,10,10,10,10,10,10,10,10,80
CZKJL4VOV,調布のりこ,M5LHG6R4T,乙宗動物園,1858,18,15,2930000,10,10,10,10,10,10,10,10,80
7604CH5KV,hiro,FK5MUK0ET,くる♡すきクラブ,1884,21,15,2930000,10,10,10,10,10,10,10,10,80
TWKTW5AVC,いとしき夢よ,M5LHG6R4T,乙宗動物園,1640,20,17,2920000,10,10,10,10,10,10,10,10,80
ALF76WC94,あにょつき,3F9P3U95T,ଳ天地鱏明の空ଳ,1638,19,17,2920000,10,10,10,10,10,10,10,10,80
9NMP2LJU2,アプリ平太郎,EYN9H9N16,蓮すきすきクラブ,1845,19,19,2910000,10,10,10,10,10,10,10,10,80
OZHGPXIGS,まるごとみなみ,WN5B7VKPU,きんぴられんこん,1884,19,19,2910000,10,10,10,10,10,10,10,10,80
TKLRD66RN,冬,3F9P3U95T,ଳ天地鱏明の空ଳ,1812,18,21,2900000,10,10,10,10,10,10,10,10,80
HF5CLQ1F8,すがぽん,M5LHG6R4T,乙宗動物園,1934,20,21,2900000,10,10,10,10,10,10,10,10,80
6NJM4GUG6,1192,3F9P3U95T,ଳ天地鱏明の空ଳ,1855,12,23,2895000,10,10,10,10,10,10,10,10,80
RKVK0YI1L,おらぴさん,1BME38BCD,さすさやクラブ,1901,19,23,2895000,10,10,10,9,10,10,10,10,79
HVA8EZJWM,鍋,3F9P3U95T,ଳ天地鱏明の空ଳ,1845,17,25,2890000,10,10,10,10,10,10,10,10,80
ON66GC85Z,ミツボシ,JTX1G19BP,さやかほ癒し会,1955,21,25,2890000,10,10,10,10,10,10,10,10,80
ZCN6JNO6H,Celica,11FB0EDDT,スクステ同好会,1829,17,27,2885000,9,10,7,7,10,9,9,9,70
NWUFRAHLN,じゅんじゅん,3F9P3U95T,ଳ天地鱏明の空ଳ,1713,18,27,2885000,10,10,10,10,10,10,10,10,80
JLADG5GPX,うぇすとれ,PBRDPWEY1,村村会,1701,21,29,2880000,10,10,10,10,10,10,10,10,80
WY7ASMM7N,ちゅん,11FB0EDDT,スクステ同好会,1544,20,29,2880000,10,10,10,10,10,10,10,10,80
IZUFEEX2U,アルメ,EYN9H9N16,蓮すきすきクラブ,1791,21,31,2875000,10,10,10,10,10,10,10,10,80
N6KDBV2A2,ハンバーグ,RWARTHA1M,乙宗梢大好き部,1810,20,31,2875000,10,10,10,10,10,10,10,10,80
M30MWLT24,ゆあゆあ,1BME38BCD,さすさやクラブ,1926,21,33,2870000,10,10,10,9,10,10,10,10,79
R3YC2XYYZ,秋,3F9P3U95T,ଳ天地鱏明の空ଳ,1864,16,33,2870000,10,10,10,10,10,10,10,10,80
W48K3OD0Q,ふっちー,998H940YN,お嬢様筋トレ部,1733,16,35,2865000,7,10,10,8,10,10,8,9,72
42J4J5OSG,ハラシヨ,W26TRPM1R,めぐ党藤島派,1779,21,35,2865000,10,10,10,10,10,10,10,10,80
8E70ID58F,あるとす,WN5B7VKPU,きんぴられんこん,1858,20,37,2860000,10,10,10,10,10,10,10,10,80
4KFUM6ADN,ねくすと,PBRDPWEY1,村村会,1722,18,37,2860000,10,10,10,10,10,10,10,10,80
XB2VHAJYV,まさお,GMEF2K8DL,花咲く泥も好き²,1830,14,39,2855000,10,10,10,10,10,10,10,10,80
U8OROTM2Y,なってしまった！,YCTM6RYDP,金沢おでん同好会,1786,20,39,2855000,10,10,10,10,10,10,10,10,80
B6XUHLVUZ,ればにら,RFYKY8DCD,LA.LA.LA,1805,21,41,2850000,9,10,9,9,10,9,10,10,76
CAH984HAW,be proud,M5LHG6R4T,乙宗動物園,1924,18,41,2850000,10,10,10,10,10,10,10,10,80
KJWYM5BGB,Runway感謝,49AMYCXCD,ルドベキア,1665,20,43,2845000,10,10,10,10,10,10,10,10,80
7Q17H65NQ,mitsu,YE7CX8RNP,蓮ノ大三十角,1860,19,43,2845000,9,10,10,9,10,9,10,10,77
BJI9H7CC6,エイジ,PBRDPWEY1,村村会,1761,12,45,2840000,10,10,10,10,10,10,10,10,80
NY9X4SWNC,くりマロン,11FB0EDDT,スクステ同好会,1788,21,45,2840000,9,10,10,9,10,8,8,10,74
U1IQYBNI5,通りすがりの人,3F9P3U95T,ଳ天地鱏明の空ଳ,1868,16,47,2835000,10,10,10,10,10,10,10,10,80
4UL0VYVYJ,ベル,3F9P3U95T,ଳ天地鱏明の空ଳ,1237,18,47,2835000,10,10,10,10,10,10,10,10,80
1P6AUGHX2,もじゃもじゃ,RWARTHA1M,乙宗梢大好き部,1748,21,49,2830000,10,10,10,10,10,10,10,10,80
1Y0XFNNDJ,かなたなか,EYN9H9N16,蓮すきすきクラブ,1815,19,49,2830000,8,10,10,8,10,9,8,10,73
9MA0T8B65,たな,RF5215M2U,スクステ同好会②,1553,16,51,2825000,10,10,10,10,10,10,10,10,80
TW9L2LKS7,暗視モード搭載型,YE7CX8RNP,蓮ノ大三十角,1913,15,51,2825000,10,10,10,10,10,10,10,10,80
TXTPD6OZ9,stella,3F9P3U95T,ଳ天地鱏明の空ଳ,1843,16,53,2820000,9,10,10,9,10,9,8,10,75
XEDYAEF7D,waito,3F9P3U95T,ଳ天地鱏明の空ଳ,1556,11,53,2820000,10,10,10,10,10,10,10,10,80
ZWGHFBK3S,DSsuzu,YCTM6RYDP,金沢おでん同好会,1865,21,55,2815000,10,10,10,10,10,10,10,10,80
8Q0P3A5Y5,よしお,CM5THHYHB,「」ノ空だけれど,1837,21,55,2815000,10,10,10,10,10,10,10,10,80
1A279T9WC,あにょケツ隠すな,49AMYCXCD,ルドベキア,1572,19,57,2810000,10,10,10,10,10,10,10,10,80
R0UE3XEUP,だちょう,95TAREFPT,ご自由にどうぞ,1694,20,57,2810000,8,10,9,7,10,9,10,10,73
4W6BIX284,リリィ♡,FK5MUK0ET,くる♡すきクラブ,1876,21,59,2805000,9,10,9,9,10,10,10,10,77
JRXUOPXXN,ぐんま,49AMYCXCD,ルドベキア,1679,17,59,2805000,10,10,10,10,10,10,10,10,80
FCED0MOWI,つかべん,RWARTHA1M,乙宗梢大好き部,1823,21,61,2800000,10,10,10,10,10,10,10,10,80
7VE9T0CUP,むらたみ,PBRDPWEY1,村村会,1668,19,61,2800000,10,10,10,10,10,10,10,10,80
VGWT7LCX7,ZUC,3F9P3U95T,ଳ天地鱏明の空ଳ,1814,18,63,2795000,10,10,10,10,10,10,10,10,80
KN3FIHXL7,トミィ,RFYKY8DCD,LA.LA.LA,1864,19,63,2795000,10,10,10,10,10,10,10,10,80
62NPMRQF6,ふく,3F9P3U95T,ଳ天地鱏明の空ଳ,1792,17,65,2790000,10,10,10,9,10,10,10,10,79
969Y977WP,k1みかん,2K5AM4RV0,とろぺりです,1687,19,65,2790000,10,10,10,10,10,10,10,10,80
L8VJOGDKM,まる,3F9P3U95T,ଳ天地鱏明の空ଳ,1897,20,67,2785000,10,10,10,10,10,10,10,10,80
EQOU1ZZS7,花帆のシンデレラ,VW65MCVF8,スリスリーズ,1786,19,67,2785000,8,10,9,9,9,8,8,10,71
CL0CDYUYY,バイタル凸なし部,PBRDPWEY1,村村会,1597,21,69,2780000,10,10,10,10,10,10,10,10,80
7RODEB74T,しよー,RWARTHA1M,乙宗梢大好き部,1756,19,69,2780000,8,10,9,8,10,8,9,10,72
J2U81HBDL,Kaz@よしりこ,8P39YRA1L,慈と愉快な仲間達,1711,15,71,2775000,10,10,10,10,10,10,10,10,80
U7NEBV4KH,こーど,49AMYCXCD,ルドベキア,1620,20,71,2775000,10,10,10,10,10,10,10,10,80
0USG3I0AK,K,EYN9H9N16,蓮すきすきクラブ,1735,19,73,2770000,7,10,10,7,10,7,9,10,70
NC6WJYFVX,でら,EYN9H9N16,蓮すきすきクラブ,1903,19,73,2770000,5,6,7,6,9,9,10,9,61
KXMPLAX04,ろーぱす,3F9P3U95T,ଳ天地鱏明の空ଳ,1647,17,75,2765000,8,10,8,8,10,9,9,9,71
L10RA8434,なこちぃ,HE0GK3EPE,瑞蓮プロカ倶楽部,1531,18,75,2765000,7,10,7,9,10,10,10,10,73
WCN6J32TG,しみちゃん,0TKFF5EG3,サークル名募集中,1756,18,77,2760000,10,10,10,10,10,10,10,10,80
9ENVXR95K,マオ,M5LHG6R4T,乙宗動物園,1722,19,77,2760000,8,10,8,8,10,8,8,8,68
LQEN0GFVZ,ごろーざ,WN5B7VKPU,きんぴられんこん,1863,21,79,2755000,9,10,10,9,10,10,9,10,77
45NY6HUBX,かいこ,3F9P3U95T,ଳ天地鱏明の空ଳ,1584,19,79,2755000,10,10,10,10,10,10,10,10,80
ANDHY0LMT,こっしー,CX967RTGY,おんゆあさーくる,1378,19,81,2750000,7,10,7,7,10,7,10,10,68
7TAQGMS8W,平成,PBRDPWEY1,村村会,1712,17,81,2750000,7,10,7,9,9,9,10,7,68
JCTUKGY3G,あら…♡がみ,RWARTHA1M,乙宗梢大好き部,1664,20,83,2745000,5,10,7,6,10,9,10,10,67
5GUR9X53N,すてぽ,2B97MH4YA,同じ話し何回も…,1760,19,83,2745000,10,10,10,10,10,10,10,10,80
VK5FCXKLC,ぐっちー,M5LHG6R4T,乙宗動物園,1463,17,85,2740000,5,10,10,6,10,5,10,10,66
A172AA7DD,にしん,3F9P3U95T,ଳ天地鱏明の空ଳ,1830,9,85,2740000,10,10,10,10,10,10,10,10,80
ZAHTN08A4,まいにち,WTJV514G9,蓮ノ空のお弁当屋,1755,18,87,2735000,9,10,9,9,9,9,9,10,74
Y2LLTQ4MF,Lautrum,M5LHG6R4T,乙宗動物園,1855,21,87,2735000,9,10,10,9,10,9,10,10,77
6PNANEUV0,なの,WN5B7VKPU,きんぴられんこん,1862,21,89,2730000,9,10,8,8,10,10,10,9,74
W6WFFMRAU,ほむまん,11FB0EDDT,スクステ同好会,1730,18,89,2730000,10,10,10,10,10,10,10,10,80
ZYAP6N76H,ぬわぁんでよぉ,3F9P3U95T,ଳ天地鱏明の空ଳ,1727,19,91,2725000,10,10,10,10,10,10,10,10,80
CO2UVBYHH,人,PBRDPWEY1,村村会,1763,10,91,2725000,8,10,7,8,9,8,9,9,68
NXVRLTLHM,たわし,11FB0EDDT,スクステ同好会,1205,13,93,2720000,10,10,10,10,10,10,10,10,80
7Y91YGHL0,taka,M5LHG6R4T,乙宗動物園,1307,15,93,2720000,10,10,9,8,10,10,8,10,75
152BPF239,たると,YE7CX8RNP,蓮ノ大三十角,1660,13,95,2715000,8,10,8,8,10,9,8,10,71
85NX5JDGB,いろはす,PBRDPWEY1,村村会,1809,21,95,2715000,10,10,10,10,10,10,10,10,80
4TIMH0CPX,ソフール,KXB93FVTR,ブルームガーデン,1768,21,97,2710000,7,10,10,7,10,7,10,10,71
59VWBERDV,しゃっく,3F9P3U95T,ଳ天地鱏明の空ଳ,992,7,97,2710000,10,10,10,10,10,10,10,10,80
D0RVYCT5J,カチカチの徒町,V4A5MP41E,徒町チャレンジ！,1536,12,99,2705000,8,10,6,6,10,7,7,7,61
GGFPWA50K,ゆ〜仮,9YG7C0VM7,綴理と無言で昼寝,1797,21,99,2705000,9,10,10,10,10,9,8,10,76
LF6E9CG7H,マリジャ,VP0K6KF0K,蓮ノ空大好き!!,1607,20,101,2700000,7,10,10,7,10,6,6,10,66
GUUN5GB0W,むうげ,BKUHCT7WF,蓮女お嬢様部,1337,18,101,2700000,8,10,9,10,10,10,9,10,76
T8W3G9VWA,とれいん,GKR9TEBYC,毎日がホリデイ♪,1724,13,103,2695000,10,10,10,10,10,10,10,10,80
FZMYZZPRK,彩花,FK5MUK0ET,くる♡すきクラブ,1594,17,103,2695000,8,8,7,8,9,8,7,8,63
W9865YUF6,コクマロ,V4A5MP41E,徒町チャレンジ！,1012,14,105,2690000,5,10,10,5,10,10,10,10,70
NT480V79A,ゆざくら,PBRDPWEY1,村村会,1627,18,105,2690000,9,10,10,9,10,10,9,10,77
4F1HIHA3J,きびだんごうどん,11FB0EDDT,スクステ同好会,1882,19,107,2685000,9,9,10,9,10,9,9,9,74
L6HBG7C3L,あまらく@,0TKFF5EG3,サークル名募集中,1775,19,107,2685000,8,10,8,8,10,8,10,9,71
36TAUERL7,つきゆび,0TKFF5EG3,サークル名募集中,1405,21,109,2680000,7,10,9,7,10,6,9,10,68
VH1RC5NNC,コグレ,3F9P3U95T,ଳ天地鱏明の空ଳ,1666,16,109,2680000,8,10,10,9,10,8,7,10,72
YXT22ACK2,honokaho,M8FM7P139,蓮ノ空ひとり旅部,1763,21,111,2675000,10,10,10,9,10,10,9,10,78
KBI8MUTYD,まけれれ,EYN9H9N16,蓮すきすきクラブ,1886,20,111,2675000,10,10,10,10,10,10,10,10,80
530X3N5VB,らみん,11FB0EDDT,スクステ同好会,1722,19,113,2670000,9,10,9,9,10,10,8,9,74
P4ZNDWHDA,どんき,GXR6C85BT,花帆ちゃん親衛隊,1805,20,113,2670000,8,10,10,10,10,10,9,9,76
22F9H0NK0,かじみん,JTX1G19BP,さやかほ癒し会,1718,21,115,2665000,10,10,10,10,10,10,10,10,80
RV0TDDA7D,ブリてっか,EYN9H9N16,蓮すきすきクラブ,1811,19,115,2665000,8,10,10,8,7,7,10,10,70
OWS2KA4SW,ごみょ,49AMYCXCD,ルドベキア,1778,15,117,2660000,10,10,9,9,10,10,10,8,76
ROKS5RRX4,れんこん,EYN9H9N16,蓮すきすきクラブ,1819,21,117,2660000,6,10,10,6,10,9,6,10,67
7L6LDY5MT,HanDaEun,YE7CX8RNP,蓮ノ大三十角,1887,21,119,2655000,6,10,6,7,10,7,10,10,66
ARB6FHC6U,なべし,11FB0EDDT,スクステ同好会,1716,21,119,2655000,10,10,10,10,10,10,10,10,80
4387Y57EA,あなたこなた,9GDHWXGVG,ルリと花咲く毎日,1782,16,121,2650000,10,10,10,10,10,10,10,10,80
56DXP4XGM,osA_,3F9P3U95T,ଳ天地鱏明の空ଳ,1613,15,121,2650000,10,10,10,10,10,10,10,10,80
X0N1L475X,トツナシトツアリ,PBRDPWEY1,村村会,1764,18,123,2645000,9,10,9,10,9,9,9,8,73
BCUBTG3Y4,ノノ,B5V2LNN43,WMW,1616,20,123,2645000,8,10,10,8,10,9,10,10,75
KGMNM4FBR,ラスカル,RWARTHA1M,乙宗梢大好き部,1148,11,125,2640000,10,10,10,10,10,10,10,10,80
02DY8MLAP,蓮き,YFADYJVW4,FPS好きクラブ,1587,21,125,2640000,10,10,10,8,10,9,10,10,77
FSHR5FP4W,Kian,KT4C59NXG,めぐ島,1838,21,127,2635000,9,10,8,9,10,9,10,10,75
XP37Y6W68,るる,11FB0EDDT,スクステ同好会,1474,12,127,2635000,7,10,8,10,10,9,10,10,74
CHJFWLKCN,wag,11FB0EDDT,スクステ同好会,1647,20,129,2630000,9,10,9,9,8,8,10,10,73
FVG9O3T6M,484,CX967RTGY,おんゆあさーくる,1855,19,129,2630000,10,10,9,8,10,8,10,9,74
64M70NFSR,いなば,YE7CX8RNP,蓮ノ大三十角,1837,20,131,2625000,6,9,5,6,10,6,10,10,62
76L1SWWX0,カプ・デカホ,GXR6C85BT,花帆ちゃん親衛隊,1763,21,131,2625000,10,10,10,10,10,10,10,10,80
U587LWLVX,やきたこ,YE7CX8RNP,蓮ノ大三十角,1382,12,133,2620000,8,10,9,8,9,10,9,8,71
70NE2637U,りふいっと,3F9P3U95T,ଳ天地鱏明の空ଳ,1830,13,133,2620000,10,10,10,10,10,10,10,10,80
FM1GCQSEE,Goona,M5LHG6R4T,乙宗動物園,1717,17,135,2615000,10,10,10,10,10,10,10,10,80
8DSWY1SNL,お茶とコーヒー,HBUK6F7CC,乙宗梢なりきり部,1860,21,135,2615000,9,9,9,9,10,9,10,9,74
0STI22GS3,マウスル,RWARTHA1M,乙宗梢大好き部,1856,21,137,2610000,10,10,10,10,10,10,10,10,80
46H34H9CY,琴,0TKFF5EG3,サークル名募集中,1593,16,137,2610000,10,10,10,10,10,10,10,10,80
ND6DAW05J,パトリシア,,,1617,16,139,2605000,9,9,9,9,10,9,10,10,75
9L52YPRA1,ハミングバード,3F9P3U95T,ଳ天地鱏明の空ଳ,1831,13,139,2605000,10,10,10,10,10,10,10,10,80
LVRF4GDVF,るびたぬ,2K5AM4RV0,とろぺりです,1596,19,141,2600000,7,9,7,10,10,10,7,7,67
DEVDG82YE,ジョーくん,11FB0EDDT,スクステ同好会,1622,12,141,2600000,8,10,10,9,10,10,10,10,77
K44BPYK0F,まーほむ,1H5P6KV81,さやかの水着,1559,20,143,2595000,8,10,8,9,10,9,8,9,71
0Y3QCF38L,月よみくらげ,M5LHG6R4T,乙宗動物園,1839,12,143,2595000,6,9,5,8,8,8,8,8,60
CPU567Q5P,あいざっく,8M6UDX260,ぽけもん好き,1706,12,145,2590000,8,10,8,9,9,9,9,10,72
WK70A6MEG,こへい,N7GLY2RUW,百生銀行,1819,19,145,2590000,6,10,10,6,10,7,9,10,68
YJ59JYKBT,やぎとしき,N7GLY2RUW,百生銀行,1769,21,147,2585000,1,10,10,5,10,4,10,10,60
C7IMXOP79,ナーガ,RWARTHA1M,乙宗梢大好き部,1784,8,147,2585000,6,10,10,6,10,10,10,9,71
OJ8LRLQKO,抹茶あいす,1DU9LCND7,蓮ノ空すこやか部,1825,21,149,2580000,7,10,10,7,10,9,8,10,71
49TUEFEKF,新もふもふまじん,RWARTHA1M,乙宗梢大好き部,1813,20,149,2580000,9,9,9,9,10,10,9,9,74
N48B8N6QZ,こうて〜,CM5THHYHB,「」ノ空だけれど,1812,21,151,2575000,10,10,10,9,10,9,10,10,78
QUQRGUWJL,にしおり,49AMYCXCD,ルドベキア,1733,20,151,2575000,9,10,10,10,10,9,9,10,77
ZLU168QJU,かつ,FG5VFFNRK,蓮ノ空おじさん,1818,21,153,2570000,8,10,10,9,10,8,8,10,73
84CN09DR5,むすび,0TKFF5EG3,サークル名募集中,1765,14,153,2570000,6,10,6,9,10,7,8,9,65
CS46LXDBO,ひらひら,RFYKY8DCD,LA.LA.LA,1740,19,155,2565000,10,10,9,10,10,10,10,10,79
5Z53SYIYH,Shio,11FB0EDDT,スクステ同好会,1554,19,155,2565000,4,10,10,6,10,6,5,10,61
3X404K304,いけ,GR65FP8VN,蓮好き,1001,12,157,2560000,10,10,9,10,10,9,9,10,77
4YU95R6BA,ティー,11FB0EDDT,スクステ同好会,1178,17,157,2560000,6,10,10,5,10,7,10,10,68
LWPHMPLJH,日向 みのり,05KN1RR3U,さやかほ花卉園,1768,21,159,2555000,10,10,10,8,10,8,10,10,76
H4VR0D1DV,そー,WN5B7VKPU,きんぴられんこん,1759,14,160,2550000,6,10,9,8,9,10,8,10,70
PLE67URFB,DasserAN,M5LHG6R4T,乙宗動物園,1619,17,160,2550000,6,10,8,6,8,6,10,10,64
82AHP3EY8,じいなぴー,AH27N260E,百生信託銀行,1224,10,162,2545000,6,10,8,6,10,7,10,10,67
J5GI3NA6M,林檎林檎アップル,GXR6C85BT,花帆ちゃん親衛隊,1801,21,162,2545000,9,10,8,9,10,9,10,10,75
J9C1NN8VB,穀雨、麦の風,48BTAPMBG,蓮ノ空魔術部,1828,20,164,2540000,8,10,10,9,8,10,7,8,70
PG3THEV4C,あお,EYN9H9N16,蓮すきすきクラブ,1659,18,164,2540000,6,10,10,7,10,6,6,10,65
1NOMUK0WK,凛さおり,PDMPF3VVV,r/LL,1590,21,166,2535000,9,10,10,8,9,9,8,8,71
RD2UKKFRU,ヒツジグマ,RWARTHA1M,乙宗梢大好き部,1557,19,166,2535000,7,7,7,8,10,8,10,10,67
4FGPNYMSS,てんよし,HE0GK3EPE,瑞蓮プロカ倶楽部,1796,16,168,2530000,9,10,9,10,10,10,9,9,76
8GYTX89XA,しづ,PBRDPWEY1,村村会,1704,20,168,2530000,8,10,10,10,10,10,9,10,77
ZBUDOU3B0,凸,N1JM7M3YC,丘側,1806,19,170,2525000,10,10,10,10,10,10,10,10,80
ZUTDBP2C0,Qくん,J7N4W6Y1K,こずミックラブ♡,1829,18,170,2525000,10,10,10,10,10,10,8,7,75
V578L0R6J,mion,PBRDPWEY1,村村会,1565,15,172,2520000,7,10,9,7,7,8,6,9,63
KWNXKNY6X,8884844,49AMYCXCD,ルドベキア,1848,19,173,2515000,9,9,8,8,10,9,9,9,71
OOC27PRN6,リリィ,11FB0EDDT,スクステ同好会,1823,7,173,2515000,4,10,10,5,10,6,5,8,58
3LEXE0E48,わかめ,49AMYCXCD,ルドベキア,1515,20,175,2510000,10,10,10,10,10,10,10,10,80
0HPLRU7YX,すみたく,KT4C59NXG,めぐ島,1631,21,175,2510000,7,10,10,9,10,8,8,10,72
DPX63EYA8,きんぎょ,GPKTRBCTT,騎空団蓮ノ空支部,1671,12,177,2505000,7,10,7,8,10,8,8,9,67
C0BE0UEXT,あ,3F9P3U95T,ଳ天地鱏明の空ଳ,1021,3,177,2505000,9,10,9,9,10,10,9,10,76
FYG0EH5AJ,R’s八重歯,W26TRPM1R,めぐ党藤島派,1737,18,179,2500000,9,10,9,8,10,10,8,9,73
EEODMO0PN,kazami,HE0GK3EPE,瑞蓮プロカ倶楽部,1891,17,179,2500000,9,10,10,8,10,8,10,10,75
JRKLLY4D3,kazu,HBM31HMUY,YUKIZURI,1541,9,181,2495000,8,10,10,8,10,8,8,10,72
V4BF6FLLT,あめたま,2K5AM4RV0,とろぺりです,1462,14,181,2495000,9,9,8,8,9,8,8,8,67
EFW2PMAHB,くら,YCTM6RYDP,金沢おでん同好会,1736,20,183,2490000,6,10,10,5,10,7,10,10,68
TUHKRV0IW,ポン,EYN9H9N16,蓮すきすきクラブ,1865,18,183,2490000,7,8,8,8,10,8,8,9,66
MTS3N3QJK,rifotaku,V4A5MP41E,徒町チャレンジ！,1658,21,185,2485000,9,10,8,9,10,9,10,10,75
0XN7DUJUU,ながいくん,RFYKY8DCD,LA.LA.LA,1481,18,185,2485000,10,10,10,9,10,10,10,10,79
W0WYHMBR4,リョータ,49AMYCXCD,ルドベキア,1469,18,187,2480000,10,10,10,10,10,10,10,10,80
G9KZQ5RPT,あずまき,11FB0EDDT,スクステ同好会,1441,12,187,2480000,5,10,7,5,9,7,9,9,61
JAG81QH05,たらみ子,GXR6C85BT,花帆ちゃん親衛隊,1718,15,189,2475000,7,9,8,10,8,8,8,10,68
ODE064I6J,ちあき,PBRDPWEY1,村村会,1734,19,189,2475000,7,9,7,9,10,9,9,9,69
SE59OH0DG,スプリング,X7C21B7H7,泥,1788,21,191,2470000,7,10,10,8,10,8,10,10,73
3TMJPAKPH,saklas,ABALH0AL3,楽園計画,1502,9,191,2470000,9,10,9,9,9,10,9,9,74
FN9BYATDE,EVO,11FB0EDDT,スクステ同好会,1669,16,193,2465000,6,10,6,7,10,9,10,10,68
3U8FCLD8W,すけ,HBM31HMUY,YUKIZURI,1615,20,193,2465000,8,9,9,8,10,8,8,9,69
G35B741AK,矢澤,YE7CX8RNP,蓮ノ大三十角,1570,0,195,2460000,8,10,10,9,10,10,10,10,77
URT1M3CIM,おハル,1BME38BCD,さすさやクラブ,1786,20,195,2460000,9,10,10,9,10,9,9,10,76
AHTUCR3W8,ワタ,YFADYJVW4,FPS好きクラブ,1526,20,197,2455000,8,10,10,10,10,8,8,10,74
FPUMD8XCP,Atsushi,KULVP7FDR,アニマル分室,1437,20,197,2455000,8,9,9,8,9,9,9,9,70
VVRBWNSVQ,かんべえ,E7UBR0A2W,冬枯れの原っぱ,1820,18,199,2450000,7,10,6,7,10,7,10,10,67
XBQ9DY9FG,店長,WN5B7VKPU,きんぴられんこん,1728,17,199,2450000,8,10,8,8,10,9,9,8,70
J4NN3D06A,斯波,3F9P3U95T,ଳ天地鱏明の空ଳ,1748,21,201,2449000,7,10,10,8,10,9,7,10,71
XDYHQD918,いか,8P39YRA1L,慈と愉快な仲間達,1709,17,201,2449000,5,10,10,5,10,5,10,10,65
FRTXRTHK1,コルド,49AMYCXCD,ルドベキア,1569,18,203,2448000,9,8,7,7,8,9,8,9,65
1FREY7CCF,乙骨憂太,HE0GK3EPE,瑞蓮プロカ倶楽部,1847,17,203,2448000,9,10,10,9,10,10,10,10,78
HY934N56T,シャカパチの徒町,0TKFF5EG3,サークル名募集中,1748,21,205,2447000,9,10,8,9,10,9,10,10,75
P2ENLR3NN,ﾉﾚcｲ´=ω=,V6DV6KETG,梢好き好きクラブ,1656,17,205,2447000,8,10,9,8,10,8,8,8,69
MYP7JNW3B,ほうじ茶,PBRDPWEY1,村村会,1597,21,207,2446000,10,10,7,10,10,7,10,10,74
WIFVTF0SF,りゅう,6WJW7R1TD,さやこずノ休日,1459,16,207,2446000,5,10,7,7,10,10,8,6,63
IN27C39RY,スス,48BTAPMBG,蓮ノ空魔術部,1844,21,209,2445000,10,10,9,9,10,9,10,10,77
NU071DC0B,青酸柊(シアン),RWARTHA1M,乙宗梢大好き部,1590,20,209,2445000,10,10,10,7,10,8,10,10,75
W51RD80OU,赤飯のごま塩,49AMYCXCD,ルドベキア,1759,17,211,2444000,10,10,10,9,9,10,9,10,77
8HYVGQUX7,まさき,CXG25026E,泥のみんなS,1660,21,211,2444000,7,10,10,8,10,7,9,10,71
L2DNOMKBV,レーン,0TKFF5EG3,サークル名募集中,1601,15,213,2443000,10,10,9,9,9,10,10,10,77
WKO5MRT84,NANA,7R8NKPAB1,花帆推し倶楽部,1611,21,213,2443000,7,10,10,8,10,10,10,6,71
LNTJFQNJ4,雪人,V6DV6KETG,梢好き好きクラブ,1602,12,215,2442000,6,10,10,5,10,5,7,9,62
M8KSSVGQS,ぎんこちゃ,PBRDPWEY1,村村会,1665,20,216,2441000,9,10,8,9,10,10,9,9,74
KCEKK619T,さみ,998H940YN,お嬢様筋トレ部,1457,17,216,2441000,9,10,9,6,10,6,10,10,70
1VM9SAJVY,ユデジロウ,V4A5MP41E,徒町チャレンジ！,1696,17,218,2440000,7,10,7,8,10,8,9,10,69
TD60MU94M,チロリン,RFYKY8DCD,LA.LA.LA,1479,9,218,2440000,8,9,9,9,9,9,9,9,71
CVXKBWCNR,あしる,FC8NBAJBT,ラー麺二郎金沢店,1622,20,220,2439000,7,10,10,6,10,7,8,10,68
W6KGEJ697,まだまだお,GXR6C85BT,花帆ちゃん親衛隊,1776,11,220,2439000,7,9,9,9,8,8,8,10,68
DXN1X5JYF,ここのん,V4A5MP41E,徒町チャレンジ！,1464,5,222,2438000,9,10,10,9,10,10,9,10,77
Y3H9THE4J,すくなめ,MTBP3B4GM,ふらわーすきすき,1307,20,222,2438000,5,10,10,3,10,6,9,10,63
THT84VUB7,オム,8M6UDX260,ぽけもん好き,1592,14,224,2437000,9,10,9,9,10,10,9,9,75
34QCZTDD9,ベルりん,J8HXTJ8TB,流し素麺同好会,1675,19,224,2437000,8,10,8,8,9,8,9,9,69
UA5OC8495,zth,1BME38BCD,さすさやクラブ,1736,18,226,2436000,7,10,7,7,10,7,8,10,66
F8BJC61BY,全力幼_女,3HDDYR4FU,旅人,1742,18,226,2436000,7,10,10,10,8,9,10,8,72
8VNOEJXKL,めじろ,RF5215M2U,スクステ同好会②,1613,20,228,2435000,8,10,8,8,10,7,8,9,68
UTYSFLDSK,てんどう,V4A5MP41E,徒町チャレンジ！,1521,16,228,2435000,9,10,10,9,10,8,10,10,76
PE08U0X7E,きちよぎ,0EL43A30P,こころのいろは,1561,21,230,2434000,9,10,7,9,10,10,10,10,75
0FFKIEWPN,yn,0UT59MJ8U,かほすこ同好会,1829,20,230,2434000,7,9,7,8,9,9,9,9,67
71Z6P5FC1,すつ,YCTM6RYDP,金沢おでん同好会,1780,18,232,2433000,8,10,8,8,9,10,8,9,70
3BU4KGTMM,いもたん,1DU9LCND7,蓮ノ空すこやか部,1424,16,232,2433000,9,10,10,9,10,9,10,10,77
1BNGCP38U,kino,W26TRPM1R,めぐ党藤島派,1568,15,234,2432000,2,10,10,7,10,8,4,8,59
UGL8LNHRY,シグマ隊長,HBUK6F7CC,乙宗梢なりきり部,1806,21,234,2432000,7,10,7,6,9,8,10,10,67
P34EPD352,ゆー,9JTF508LB,スクスタ亡霊部,1564,15,236,2431000,9,10,9,9,9,9,9,9,73
30LH94C60,びん,GKR9TEBYC,毎日がホリデイ♪,1652,21,236,2431000,8,10,8,8,10,9,10,10,73
0AIT0SH3M,Pastel,M5LHG6R4T,乙宗動物園,1768,14,238,2430000,8,10,8,8,10,8,9,8,69
05WAW9MLV,かぼす,XVTV7MVCX,雪月花,1604,20,238,2430000,8,10,8,9,10,8,8,9,70
KYXUCDX5P,米豆梨（みどり）,9YM3DBTB7,泥民館,1942,15,240,2429000,10,10,10,10,10,10,10,10,80
CK49KFTJ1,こーどどどーん,YE7CX8RNP,蓮ノ大三十角,1383,18,241,2428000,7,10,7,8,10,10,8,7,67
M6J593C9W,うらかつ,0TKFF5EG3,サークル名募集中,1813,21,241,2428000,8,10,10,8,10,8,8,10,72
Y5V6GYNUP,ですお,8R49BTWW6,蓮女お嬢様クラブ,1218,12,243,2427000,6,10,5,10,8,6,6,10,61
P9G0536CW,みっつー,WTJV514G9,蓮ノ空のお弁当屋,1658,19,243,2427000,6,7,8,7,8,8,6,8,58
01F0ML4X6,TM,PPAHU1TNY,蓮ノ空のんびり部,1589,20,245,2426000,10,10,10,10,10,10,10,10,80
1KEVDVFF9,のら,WN5B7VKPU,きんぴられんこん,1599,12,245,2426000,8,8,8,8,8,8,8,8,64
KXJK2VBJ5,esu,V4A5MP41E,徒町チャレンジ！,1481,19,247,2425000,6,10,10,7,9,10,8,9,69
1908GAXUT,source,CV62FGL1U,花咲かせ隊,1746,20,247,2425000,8,10,9,8,9,9,9,9,71
DPQ6HPBXJ,黒い秋,49AMYCXCD,ルドベキア,1777,5,249,2424000,9,10,7,8,10,9,7,10,70
MR2C7JKFV,アイと,N1JM7M3YC,丘側,841,7,249,2424000,8,10,10,7,10,10,10,6,71
AXNUE33I7,♨釜玉うどん♨,N2KCENRKH,猫＆旅大好き部,1712,6,251,2423000,9,9,8,9,10,9,8,9,71
PNCHE9KS0,凡ばぁどけーじ,WN5B7VKPU,きんぴられんこん,1901,21,251,2423000,7,8,6,7,10,7,10,10,65
8WYMG9D4G,らり,R181MKNX1,みらくらは人生！,1507,17,253,2422000,8,9,8,8,10,8,10,10,71
VD8CGKV44,のたく,79C17CHA2,蓮ノ空出張部,1624,17,253,2422000,8,10,8,8,8,10,10,8,70
GTCTFL925,あじたま,9FF5JBNDF,めぐすきクラブ,1864,20,255,2421000,9,10,8,10,9,8,7,10,71
QTHXHSE6U,みやけ♡,EYN9H9N16,蓮すきすきクラブ,1901,19,255,2421000,6,9,6,6,10,7,9,7,60
5KXTYUA3E,タコ,KXU941RFJ,梢先輩おめでとう,1403,17,257,2420000,7,8,7,8,10,8,10,10,68
82UULA4JD,コリラックマ,RFYKY8DCD,LA.LA.LA,1710,21,257,2420000,7,10,9,7,10,7,10,10,70
5K59F4UVE,ガチャ至上主義,11FB0EDDT,スクステ同好会,1493,21,259,2419000,8,9,8,8,10,9,10,10,72
CNFVA0XA1,1000円,BKUHCT7WF,蓮女お嬢様部,1356,15,259,2419000,8,10,8,9,10,8,8,10,71
NK48LNWT8,Eri_Maki,1BME38BCD,さすさやクラブ,1640,20,261,2418000,9,10,9,10,9,9,9,9,74
W4V6K6F39,ぴーまん,N1DJVPGP8,いつでも咲けるよ,1605,18,261,2418000,10,10,9,8,8,8,6,8,67
CQSYMDA64,やっちゃん,1DU9LCND7,蓮ノ空すこやか部,1678,16,263,2417000,7,10,7,6,10,6,9,10,65
ZYR6MKI25,Larkspur,2K5AM4RV0,とろぺりです,1630,17,263,2417000,10,10,10,9,10,10,10,10,79
K58KYI7W9,さわ,49AMYCXCD,ルドベキア,1589,15,265,2416000,8,10,10,10,8,9,8,8,71
VLVZCU5K1,ひなつき,B5V2LNN43,WMW,1725,18,265,2416000,6,10,10,6,10,6,9,10,67
KWSACZISO,すずき,BXGNMY466,ライグラ用,1604,16,267,2415000,6,10,10,7,10,8,7,9,67
WL6FFE9FY,もょもと,EYN9H9N16,蓮すきすきクラブ,1735,19,267,2415000,10,10,10,7,7,10,7,10,71
EWJNDLVTH,豆苗,RWARTHA1M,乙宗梢大好き部,1171,15,269,2414000,7,10,9,6,10,8,10,10,70
9I1VJ6KP7,MYAS,0TKFF5EG3,サークル名募集中,1539,21,269,2414000,9,10,10,10,10,9,10,10,78
REQ7MEFMK,ons,4XRHRYDW4,無言でエンジョイ,1627,21,271,2413000,6,10,8,6,10,7,8,9,64
E1BW0SBYP,かすかべ,1DU9LCND7,蓮ノ空すこやか部,1826,21,271,2413000,9,10,9,9,10,10,9,10,76
JIKYKGGNX,ぬー,HBUK6F7CC,乙宗梢なりきり部,1595,16,273,2412000,9,10,9,8,10,8,8,10,72
TBFNA0DEB,ぐどん,V4A5MP41E,徒町チャレンジ！,1113,9,273,2412000,4,10,6,4,10,5,4,6,49
1A89S5KW0,流布,11FB0EDDT,スクステ同好会,1645,20,275,2411000,8,10,8,8,9,8,7,8,66
9QO93VCZF,かいちゃん,HBM31HMUY,YUKIZURI,1692,19,275,2411000,6,10,10,5,10,9,10,10,70
KT1503GYL,あいえー,M5LHG6R4T,乙宗動物園,1267,19,277,2410000,9,10,7,7,10,8,8,8,67
72OA5HUPW,どなた,M5LHG6R4T,乙宗動物園,1503,21,278,2409000,7,8,7,7,10,8,7,8,62
80YJPN7V1,シガナ,,,1514,18,278,2409000,8,8,7,8,8,8,9,9,65
M1NJG8HHY,城之内ファイヤー,6XX7GBM0K,ぷちぐる同好会,857,7,280,2408000,9,10,7,8,9,8,9,8,68
6S3ITIIR2,麒麟,F08AHUJJ0,綴理のお世話係,1683,14,280,2408000,7,8,8,6,10,6,9,9,63
MY1FSZGKQ,カルビ,PBRDPWEY1,村村会,1614,17,282,2407000,9,10,8,9,9,8,10,10,73
4FXRWMBBX,とるえん,M6UPWJ6DU,蓮結ぶ虹と星の音,1286,21,282,2407000,7,10,10,6,10,7,7,10,67
K3DA7KEV0,カップ,PLBBEX019,待機室目指し隊,1439,16,284,2406000,6,10,10,7,10,6,6,10,65
DUGKFJTKX,松山 祐季,6XX7GBM0K,ぷちぐる同好会,1725,21,284,2406000,8,10,10,8,10,8,9,10,73
F53XY7P9Y,ゆきち,0UT59MJ8U,かほすこ同好会,1658,21,286,2405000,7,10,10,7,10,7,9,10,70
DT57UE7NP,たま,3BE2RELRC,見晴台,1604,7,286,2405000,7,8,7,7,8,8,8,8,61
C3LBT86LJ,鍵,02XNKDH8X,せーはすの雑用係,1488,13,288,2404000,8,10,10,6,10,6,9,10,69
YDKMAKH51,Casi,G0J2F9NAL,さやさやさーくる,1158,11,288,2404000,5,10,6,5,7,5,6,9,53
CW1IJ4VQU,ALOMA,YE7CX8RNP,蓮ノ大三十角,1545,4,290,2403000,7,10,8,7,10,7,7,8,64
Z55OCBCZ1,すこや,RFYKY8DCD,LA.LA.LA,1684,19,290,2403000,6,10,10,7,10,7,9,10,69
O3F93YCLH,あおい,B5V2LNN43,WMW,1614,15,292,2402000,6,10,7,6,10,7,9,10,65
AL804BYBX,はなぶさ,YE7CX8RNP,蓮ノ大三十角,1696,19,292,2402000,7,8,9,7,9,9,7,7,63
RZ9ER2MW0,ソルティ,YCTM6RYDP,金沢おでん同好会,1710,20,294,2401000,5,10,10,10,8,6,10,10,69
UR13L7CL8,いっけん,YCTM6RYDP,金沢おでん同好会,1667,13,295,2400000,5,10,7,6,10,10,8,10,66
ZVZS6JQ72,だてま,49AMYCXCD,ルドベキア,1518,17,295,2400000,9,9,9,8,8,10,10,10,73
OZMCCVY3N,キク,GMEF2K8DL,花咲く泥も好き²,1503,11,297,2399000,1,10,8,7,8,6,5,7,52
83T3PMCBE,ちみんてゃ,M5LHG6R4T,乙宗動物園,896,9,297,2399000,9,10,10,9,10,10,8,10,76
DZ3B41G7E,お茶組織,CX967RTGY,おんゆあさーくる,1481,17,299,2398000,5,10,6,5,10,5,8,9,58
ZR84BMV8Z,アヒル太郎,RWARTHA1M,乙宗梢大好き部,1453,20,299,2398000,8,9,8,8,10,8,10,9,70
F2KGTW1YD,片岡,V4A5MP41E,徒町チャレンジ！,1432,14,301,2397000,8,10,8,7,10,8,9,10,70
PFLJMTJPB,カリウム,RXXUPMWB9,待機室跡地観測所,1578,12,301,2397000,9,10,9,9,9,9,9,10,74
7XT268BWG,秋はこずめぐ,EYN9H9N16,蓮すきすきクラブ,1685,21,303,2396000,7,9,6,8,7,4,7,10,58
J5XK1MALN,おやじぃ,Y2HV0YEF7,蓮ノ空を応援し隊,1535,20,303,2396000,8,10,6,7,7,8,9,9,64
FYK24K9Y1,卓球,HBUK6F7CC,乙宗梢なりきり部,1604,18,305,2395000,7,10,8,8,10,7,10,10,70
48C2DLNJY,鬼ヘッド,W3YKKRWHG,ルリと愉快な一家,1812,21,305,2395000,9,10,10,10,10,10,9,10,78
1CWT30PGP,花宮家の執事,MTBP3B4GM,ふらわーすきすき,1519,21,307,2394000,8,10,10,8,10,10,9,10,75
E1J3F69YK,ひろりん,YE7CX8RNP,蓮ノ大三十角,1267,20,307,2394000,10,10,10,10,10,10,10,10,80
RM8XVIS1J,ローレンス,D7H8MN2U4,LLD,1571,19,309,2393000,10,10,10,10,10,10,10,10,80
EMFP5HG3T,さりっく,GXR6C85BT,花帆ちゃん親衛隊,1850,21,309,2393000,8,10,9,9,10,8,10,10,74
UYBPPXGKU,37.25秒の噺,M5LHG6R4T,乙宗動物園,1516,21,311,2392000,10,10,10,10,10,10,10,10,80
J6B943VP6,まぁ,UYCT3Y4JK,蓮っ子,1469,19,311,2392000,6,10,7,8,10,10,7,6,64
0UXX86CCP,やん(KK),1BME38BCD,さすさやクラブ,1883,21,313,2391000,10,10,10,10,10,10,10,10,80
53RKA95PI,こはく,0TKFF5EG3,サークル名募集中,1632,20,313,2391000,8,10,8,9,9,7,10,10,71
5BPA0093G,(=^x^=),FK5MUK0ET,くる♡すきクラブ,1372,20,315,2390000,7,10,10,6,10,10,7,8,68
ZHVYQOXPW,たかやん,YE7CX8RNP,蓮ノ大三十角,1638,19,315,2390000,8,10,8,8,10,10,10,10,74
3KVF51XYR,わかめ。,0UT59MJ8U,かほすこ同好会,1688,20,317,2389000,9,10,9,9,10,10,9,9,75
AXWFJ4DYP,きしめん,HMBW9DXY2,蓮好き皆あつまれ,955,3,317,2389000,6,10,10,6,10,6,10,10,68
I487A8G0C,わいえす,KT4C59NXG,めぐ島,1408,15,319,2388000,6,10,8,8,8,10,8,8,66
7NCQUAL3N,ドン太,JTX1G19BP,さやかほ癒し会,1612,16,319,2388000,9,10,10,8,10,8,8,10,73
Z6HFTNKK7,エクレ★,8P39YRA1L,慈と愉快な仲間達,1542,19,321,2387000,7,10,7,6,10,7,10,10,67
EIJ9NR6QJ,もんじゃくん,11FB0EDDT,スクステ同好会,1541,16,321,2387000,8,8,8,8,8,8,8,8,64
MKE2X1GW5,きりか,9U8KNU6U9,対抗戦用,1176,17,323,2386000,7,7,9,7,10,7,10,10,67
80XJM10F0,うらピ,HBM31HMUY,YUKIZURI,1257,10,323,2386000,6,8,8,7,10,10,9,7,65
KY1DYH45V,あて,6XX7GBM0K,ぷちぐる同好会,1826,18,325,2385000,3,9,8,4,8,5,4,10,51
C9DT5IUUS,みしゃにー,GYG7B5R36,幼馴染同好会,1566,20,325,2385000,9,9,8,8,9,9,9,9,70
F0546GHPH,ようへい,V4A5MP41E,徒町チャレンジ！,1564,1,327,2384000,8,8,8,8,8,8,8,8,64
WA5XEFDDY,ジョル,YE7CX8RNP,蓮ノ大三十角,910,5,327,2384000,4,10,10,4,10,4,5,10,57
TVR55LRDJ,ナオお姉ちゃん,CV62FGL1U,花咲かせ隊,1548,20,329,2383000,8,10,7,8,9,9,7,10,68
E1FUAMAEG,日野下・K・アホ,HBM31HMUY,YUKIZURI,1581,21,329,2383000,8,10,7,7,10,7,10,10,69
3PDDZ2YKL,るなせいな,GKR9TEBYC,毎日がホリデイ♪,1484,2,331,2382000,7,10,8,8,10,8,8,10,69
E58FUL5TV,Familiar,HWJ8XPW0T,箱推しなのだけど,852,7,331,2382000,9,9,9,5,10,7,6,6,61
BVN3P4073,K.F,CV62FGL1U,花咲かせ隊,1560,20,333,2381000,10,10,10,10,10,10,10,10,80
PZPKKFNZ5,Asuha,0UT59MJ8U,かほすこ同好会,1766,21,333,2381000,5,10,10,5,10,8,9,10,67
12GTXCH5V,Juice,7XH3K4GBT,LLP,1666,21,335,2380000,3,10,5,10,10,10,10,10,68
30CWC728L,naonao,2K5AM4RV0,とろぺりです,1464,17,335,2380000,9,9,7,8,8,8,8,8,65
7F72YZWZM,K-GO,W3YKKRWHG,ルリと愉快な一家,1743,21,337,2379000,9,9,9,8,10,8,10,10,73
9NUAF91LJ,シエル,B5V2LNN43,WMW,1630,17,337,2379000,6,10,8,6,10,7,7,8,62
LVOYGDF8A,norano,RWARTHA1M,乙宗梢大好き部,1635,12,339,2378000,7,7,7,8,10,7,10,9,65
A17OYN8R4,ルビちん,NJBBTCY3A,かにかに！,1473,17,339,2378000,4,10,8,4,10,8,9,7,60
DTNPMVGB9,瑠璃乃推し,V4A5MP41E,徒町チャレンジ！,1382,20,341,2377000,7,10,10,10,10,7,7,10,71
NOB5KDBV6,しる220,0UT59MJ8U,かほすこ同好会,1640,20,341,2377000,10,10,10,9,10,10,10,10,79
ME00V6X4B,オラトニス,3F9P3U95T,ଳ天地鱏明の空ଳ,1863,20,343,2376000,7,10,7,7,8,8,9,9,65
67GP30NUW,yuba,RF5215M2U,スクステ同好会②,1765,16,343,2376000,8,10,8,8,8,8,9,8,67
C7514GVOI,iopiy,RFYKY8DCD,LA.LA.LA,1606,20,345,2375000,8,9,8,8,8,8,8,8,65
N422VBWO7,Angelkey,0UT59MJ8U,かほすこ同好会,1670,20,346,2374000,9,10,9,8,10,10,8,9,73
HCH7L01VU,スノーアイス,RF5215M2U,スクステ同好会②,1696,19,346,2374000,6,9,6,6,9,6,9,9,60
Y9D6E6KK8,ぷん,YE7CX8RNP,蓮ノ大三十角,1159,15,348,2373000,8,9,8,9,9,9,8,8,68
4GFTHESOY,あた,JTX1G19BP,さやかほ癒し会,1519,20,348,2373000,6,10,8,6,10,6,8,8,62
XJA5BDOW7,ちや,49AMYCXCD,ルドベキア,1799,17,350,2372000,10,10,10,10,10,10,10,10,80
V3J51SJ8F,ゆっきー,1BME38BCD,さすさやクラブ,1838,18,350,2372000,9,10,10,10,10,9,8,10,76
KKNLWHCN8,Andes,PBRDPWEY1,村村会,1452,6,352,2371000,9,10,9,9,10,9,8,9,73
W0JH3ZDZZ,春風,0UT59MJ8U,かほすこ同好会,1601,14,352,2371000,6,10,7,7,10,6,6,8,60
DCU9XHY3U,しばひめ,YE7CX8RNP,蓮ノ大三十角,1761,18,354,2370000,8,10,10,8,10,9,8,10,73
P4LVRKG9L,ツキミ,RFYKY8DCD,LA.LA.LA,1675,15,354,2370000,8,10,7,6,7,7,10,7,62
I1D51RNAU,"AKIRA,s",CX967RTGY,おんゆあさーくる,1700,19,356,2369000,9,10,6,2,10,9,9,7,62
VWNYVCWH2,ひの,2K5AM4RV0,とろぺりです,532,0,356,2369000,6,9,6,7,8,7,8,7,58
W19UTKDEB,わし村長,2B97MH4YA,同じ話し何回も…,1125,0,358,2368000,9,10,10,10,10,10,10,10,79
X8CGHMUJO,さか,RFYKY8DCD,LA.LA.LA,1712,19,358,2368000,8,10,8,8,9,9,8,9,69
4T6CLBPT1,かいじんさん,TXNCTRR1U,瑠璃乃推し隊,1631,18,360,2367000,6,10,7,7,9,9,7,8,63
Z8YYF2JJZ,木崎拓人@ルリラ,X7C21B7H7,泥,1719,20,360,2367000,6,10,6,8,9,7,8,10,64
IY2V9J98F,やまや,UYCT3Y4JK,蓮っ子,1870,21,362,2366000,5,10,10,6,10,6,9,10,66
79D79HTEC,いっちー,79C17CHA2,蓮ノ空出張部,1473,13,362,2366000,8,8,8,8,9,8,9,9,67
JIHZKORO6,ラギア,WTJV514G9,蓮ノ空のお弁当屋,1468,4,364,2365000,7,8,7,8,9,10,10,10,69
TE983RFD4,島田 卓,9GDHWXGVG,ルリと花咲く毎日,1170,9,364,2365000,7,9,7,7,8,8,7,8,61
QOE50Z9JA,フェス,49AMYCXCD,ルドベキア,1835,21,366,2364000,10,10,10,9,10,10,10,10,79
7A2IGCZZY,のぐまん,RFYKY8DCD,LA.LA.LA,1671,13,366,2364000,6,10,8,6,10,6,7,9,62
1B2LJJF52,とむ,MTBP3B4GM,ふらわーすきすき,1557,20,368,2363000,5,10,9,5,10,5,9,10,63
2FRL7KV1T,金字塔P,R181MKNX1,みらくらは人生！,1355,4,368,2363000,8,10,8,8,10,9,8,8,69
WIN8KLGAN,もり,1BME38BCD,さすさやクラブ,1734,10,370,2362000,7,10,10,7,10,9,10,10,73
V8AFKEXP8,幻,R181MKNX1,みらくらは人生！,1568,21,370,2362000,9,10,9,10,10,10,10,10,78
UUHBT43RB,あずきんご,6XX7GBM0K,ぷちぐる同好会,1470,15,372,2361000,7,9,7,7,8,7,7,7,59
9K8T3D22C,カツオ,KBJ2P8T0Y,人見知りの集い,1453,21,372,2361000,9,10,8,8,10,9,8,9,71
ODYS8N8GB,でこぽん,948FLPMPN,まったりハス煮〜,1829,20,374,2360000,8,10,8,9,9,9,9,10,72
7RKDSBKXW,あらさん,11FB0EDDT,スクステ同好会,1625,14,374,2360000,8,10,8,8,10,8,8,9,69
EMJGXK3AN,あき,3FF3NB77X,せーはす愛好会,1568,11,376,2359000,4,9,7,4,9,6,7,8,54
F1TNFLPPC,へいろう,V4A5MP41E,徒町チャレンジ！,968,3,376,2359000,8,9,6,8,10,9,8,9,67
RWV6958VW,コズミック,C021HVB2B,第3芸能科,967,11,378,2358000,9,10,8,8,10,10,8,8,71
9EN208AJR,ギャオギャ,L7MNPJ52H,三連華のための泥,1399,16,378,2358000,4,10,8,4,8,4,7,7,52
FTR2CP4NX,町人A,W3YKKRWHG,ルリと愉快な一家,631,0,380,2357000,7,10,8,8,10,10,7,8,68
DRSNNTTME,もや,YE7CX8RNP,蓮ノ大三十角,1754,11,380,2357000,4,10,10,6,10,2,7,10,59
DJFBBUV8E,トルコ,WN5B7VKPU,きんぴられんこん,1816,20,382,2356000,5,10,9,5,10,5,6,9,59
AK6AYMM19,ごろよん,PBRDPWEY1,村村会,1680,17,382,2356000,10,10,10,10,10,10,10,10,80
TC29EK6TA,えくれあ,YCTM6RYDP,金沢おでん同好会,1565,16,384,2355000,8,10,9,8,9,8,8,9,69
KE5MFJYDB,omega,R181MKNX1,みらくらは人生！,1228,6,384,2355000,10,10,10,10,10,10,10,10,80
JFND2KZVS,ルビジウム,06DCWC1RE,とりあえず参戦用,1682,20,386,2354000,7,10,9,7,10,7,7,10,67
VX6FL3EOS,ミミル,EYEPHE14G,花上梢頭,1714,21,386,2354000,8,10,8,8,10,8,10,10,72
YNWC9LG8U,YOSHIKI,RF5215M2U,スクステ同好会②,797,3,388,2353000,9,10,9,9,10,10,10,9,76
BGB0VEFP1,笹鎌愁久,PBRDPWEY1,村村会,1437,17,388,2353000,6,10,6,1,9,6,8,9,55
HUB5MJ94Z,よたろう,HBUK6F7CC,乙宗梢なりきり部,1552,16,390,2352000,8,10,8,8,10,8,9,9,70
X78ZIRY1X,とく,0UT59MJ8U,かほすこ同好会,1054,3,390,2352000,8,8,7,8,9,8,9,8,65
G1BN34PKO,ぽんざしらふ,M5LHG6R4T,乙宗動物園,1569,19,392,2351000,8,10,9,10,10,10,10,10,77
FTL21FH8T,マーシャル,KULVP7FDR,アニマル分室,1428,20,392,2351000,6,9,6,6,6,7,7,8,55
UYVYBTMLE,ひよこ羊,KT4C59NXG,めぐ島,1281,16,394,2350000,4,10,8,5,10,6,5,8,56
LV8A14V4F,ゼンマイ,CTW8DKV5P,まったり,1553,18,394,2350000,10,10,9,10,9,9,9,8,74
17UYW4NFL,まえだようすけ,B5V2LNN43,WMW,1604,20,396,2349000,4,10,6,9,9,9,9,9,65
UMVKT7BBJ,ゆ,RWARTHA1M,乙宗梢大好き部,1614,17,396,2349000,7,9,7,7,10,9,7,7,63
BFY0CMXKL,ヨミ,CM5THHYHB,「」ノ空だけれど,1708,21,398,2348000,8,10,8,8,10,8,10,10,72
D0L5338PN,ひろせ,M5LHG6R4T,乙宗動物園,1536,19,398,2348000,7,10,8,10,10,7,7,10,69
A5PDNTPN2,ゴツゴツのアハン,V4A5MP41E,徒町チャレンジ！,1522,5,400,2347000,7,7,7,7,8,8,7,8,59
I2J1HK333,まっちゃ,Y4BKHX868,戒めのひとり旅,1786,21,400,2347000,9,9,9,8,10,7,9,10,71
X7RPCH2CD,アレックス,0TKFF5EG3,サークル名募集中,1733,17,402,2346000,8,10,10,7,8,7,7,8,65
N198BK2ZK,Nyon,M5LHG6R4T,乙宗動物園,1740,19,402,2346000,6,10,8,6,8,6,8,8,60
VFEKJ4R8Q,はやみん,RF5215M2U,スクステ同好会②,1787,16,404,2345000,7,9,7,7,9,7,8,8,62
VKR2DFGE5,ふーとー,L3NN1RWMY,アポロベイ海賊団,1234,20,404,2345000,4,10,7,6,10,10,10,10,67
9NT7YU06E,青葉,FG5VFFNRK,蓮ノ空おじさん,1163,19,406,2344000,8,10,9,8,9,9,10,8,71
OYC1JDGX9,417,N7GLY2RUW,百生銀行,1436,17,406,2344000,5,10,6,5,6,7,7,5,51
E414UTOTC,コッシー,DKNHY5HH6,なす料理研究会,1494,5,408,2343000,7,8,7,7,9,7,6,7,58
U8MEXM43B,千歳,M5LHG6R4T,乙宗動物園,1539,18,408,2343000,10,10,10,9,10,10,9,10,78
0DKJN8WXG,ごまッチョ,GXR6C85BT,花帆ちゃん親衛隊,1524,19,410,2342000,9,10,10,8,10,8,8,10,73
RGE7T0KWP,なるる,V4A5MP41E,徒町チャレンジ！,1711,14,410,2342000,7,9,7,7,9,8,7,7,61
9NJQWNFN2,としひら,T045NDKW0,♬さやか愛好会♬,1571,15,412,2341000,4,10,10,6,10,5,6,10,61
H6L9HBBMW,卯木,AH27N260E,百生信託銀行,938,8,412,2341000,4,10,10,4,10,4,4,10,56
6FBPZCLEW,古鴉夢,2K5AM4RV0,とろぺりです,1467,20,414,2340000,10,10,10,10,10,10,10,10,80
UPAXHJR19,ヤマタ,YCTM6RYDP,金沢おでん同好会,747,3,414,2340000,7,10,10,7,10,7,5,10,66
TSIWHEG61,らぁら,11FB0EDDT,スクステ同好会,1777,15,416,2339000,7,8,7,7,8,7,8,8,60
HHKP4XO3J,Rino,KA652DGYV,ゆるリンクラ,1245,10,416,2339000,10,10,10,10,10,10,10,10,80
U657JMLE5,hash,B5V2LNN43,WMW,1852,21,418,2338000,9,10,9,9,10,9,9,9,74
A3GT3EAPG,ichiro_j,0TKFF5EG3,サークル名募集中,1741,20,419,2337000,7,10,10,6,10,8,10,10,71
8VBLF9GS8,火達磨,578YG6EAT,桜桃花束愛聴会,1712,20,419,2337000,10,10,10,10,10,10,10,10,80
8XP3JM3HY,ハヤシモリ,EYN9H9N16,蓮すきすきクラブ,1719,16,421,2336000,4,7,6,4,7,6,4,6,44
6ZGKMMMSV,カヅキ,4WWM4VVDK,蓮ノ空遊戯開発部,1815,21,421,2336000,8,10,9,8,10,9,10,10,74
RMH27ZIYV,シグレ,CV62FGL1U,花咲かせ隊,1516,20,423,2335000,9,10,8,9,9,9,9,9,72
BE9X9RZ1R,やんしょー,N34LHVJKN,のんびり堂,1575,20,423,2335000,6,9,6,7,10,8,8,9,63
MGO4M6TKM,ユノ,GVT61ATX0,なのだけれど,1491,10,425,2334000,6,10,10,7,10,6,8,10,67
9LL7HBP0W,ALKY,X7C21B7H7,泥,1639,17,425,2334000,7,10,7,8,9,7,8,9,65
8R4WBYHH4,キム,9DKR4Y2CJ,蓮ノ空老人会,1376,17,427,2333000,9,10,9,9,9,9,9,9,73
L2WFYHDCX,khani,0TKFF5EG3,サークル名募集中,1449,21,427,2333000,4,10,9,6,10,6,9,9,63
K7GRE5GEW,ふうる,M5LHG6R4T,乙宗動物園,1089,14,429,2332000,1,10,9,2,9,4,1,8,44
XBQTPQ3K0,とみー,W3YKKRWHG,ルリと愉快な一家,1437,11,429,2332000,7,8,8,7,9,8,10,9,66
OR2FS00BH,あぼます,6045Y2RW7,ポチっと！蓮ノ空,1711,13,431,2331000,10,10,10,9,10,10,10,10,79
74M5NJZTF,lanndamu,948FLPMPN,まったりハス煮〜,1622,18,431,2331000,3,10,7,3,8,3,9,9,52
WNK2YLKKY,なす,Y6JNPC60C,綴理メイト,1617,17,433,2330000,8,10,8,8,8,10,8,8,68
P05O92106,キットモット,M5LHG6R4T,乙宗動物園,1672,12,433,2330000,7,10,7,8,9,8,8,8,65
MLCB48E70,はま,GR65FP8VN,蓮好き,1486,18,435,2329000,9,10,6,7,7,7,8,9,63
1AZ5EJR7Z,Inahime,X7C21B7H7,泥,1613,15,435,2329000,7,8,8,6,7,8,7,6,57
7DWBCEDH5,無責任,HBUK6F7CC,乙宗梢なりきり部,1664,20,437,2328000,8,10,8,8,8,8,8,9,67
VJF8HF7JA,フラワー,05KN1RR3U,さやかほ花卉園,1725,11,437,2328000,10,10,10,10,10,10,10,10,80
BTPB6DXYH,みやび,CX967RTGY,おんゆあさーくる,1531,13,439,2327000,5,10,6,5,9,9,8,7,59
HGC8Y4QUS,もがの,49AMYCXCD,ルドベキア,1801,13,439,2327000,8,8,8,8,8,9,9,8,66
G6FMPJYHT,ふらじーる,FTY0R8KPH,泥の皆様,1228,17,441,2326000,5,10,8,6,9,6,6,8,58
G9DKGLIVY,夢を駆けるネコ,JDAG79TG7,百合ノ空観察部,1507,17,441,2326000,7,7,7,7,8,7,9,9,61
B854YF6A6,がろー,E76N52LMW,イベントのみ,1482,8,443,2325000,7,10,7,10,10,10,10,10,74
B0KUNBVED,みっくん,R1RM3X0WV,後方腕組みオタク,1565,20,443,2325000,7,10,10,10,10,8,8,10,73
ZNS2C16VP,トニー,WX1DYC9Y1,ラナンキュラス,1593,12,445,2324000,6,8,6,10,8,6,7,8,59
V0ZZGADWZ,でち,5W8RPRVUA,ド！ド！泥！,1604,15,445,2324000,6,10,8,6,10,8,7,8,63
MNV5KYXG7,六天,48BTAPMBG,蓮ノ空魔術部,1494,16,447,2323000,7,9,9,8,8,9,8,7,65
8S3HWGIMD,オールマイ子,WCL6R1ANU,無所属の会,1829,21,447,2323000,6,10,7,8,10,7,9,10,67
O0GB1GF3V,モチベーション,KULVP7FDR,アニマル分室,1335,15,449,2322000,3,10,10,3,10,4,3,10,53
7QB6E4OJB,生きる希望,V4A5MP41E,徒町チャレンジ！,1552,21,449,2322000,8,10,9,8,10,10,8,9,72
LXROXCRPX,たな,RFYKY8DCD,LA.LA.LA,1749,19,451,2321000,8,10,10,7,10,9,8,10,72
9BRVF2KFM,まっち,V4A5MP41E,徒町チャレンジ！,1480,7,451,2321000,7,9,8,8,8,8,8,8,64
T04LMQKYW,がぬ,1BME38BCD,さすさやクラブ,1576,21,453,2320000,9,10,8,9,9,10,10,10,75
VBGHCMYLL,dpsleap,WHWT61ELR,【無言】ハスノソ,1382,20,453,2320000,6,10,10,8,10,10,5,10,69
0IEZ2HUX7,はる,HBM31HMUY,YUKIZURI,1659,20,455,2319000,7,10,7,7,9,8,9,8,65
MGF090R00,りんご。,HBUK6F7CC,乙宗梢なりきり部,979,5,455,2319000,10,10,10,10,10,10,10,10,80
3N5F8W8VK,敲可愛的平平,NC2YT2V28,蓮之愛同予者何人,1002,13,457,2318000,5,10,4,6,10,6,8,8,57
CUN9BHK45,赤坂,FTY0R8KPH,泥の皆様,1135,17,457,2318000,10,10,9,9,10,10,10,9,77
YYC04U1FA,さく,G59NGM0XA,シュリーレン,1062,8,459,2317000,5,7,8,5,7,5,7,7,51
DP15KUDDM,やゆ,49AMYCXCD,ルドベキア,1461,16,459,2317000,10,10,10,10,10,10,10,10,80
BJ2YEFM93,テンババア,EYN9H9N16,蓮すきすきクラブ,1579,17,461,2316000,7,8,7,7,7,7,8,8,59
TY8GAY6VP,れいしす,YE7CX8RNP,蓮ノ大三十角,1343,13,461,2316000,10,10,10,10,10,10,10,10,80
KKUJ2HD08,3333,2NY9H8BR9,乙宗紅茶館,732,2,463,2315000,3,8,10,7,5,9,4,7,53
FK3XYRKA8,Kennyo,79C17CHA2,蓮ノ空出張部,1379,4,463,2315000,8,9,8,8,8,8,8,8,65
EQCWYNLEG,ガチムチ大鈴39,7R8NKPAB1,花帆推し倶楽部,1491,14,465,2314000,5,10,8,6,10,7,7,7,60
RZ2VFDOTK,安心,8R49BTWW6,蓮女お嬢様クラブ,1726,19,465,2314000,6,7,6,5,9,8,10,9,60
H5APQ3Y4V,sonoda,GXR6C85BT,花帆ちゃん親衛隊,1552,13,467,2313000,6,10,7,10,8,7,7,9,64
WBWATJ60W,可惜夜はとぴ,YE7CX8RNP,蓮ノ大三十角,1626,18,467,2313000,8,10,7,9,7,6,6,9,62
156HCTKR0,タラみそ,7U20138DB,LGP,1614,13,469,2312000,6,9,5,5,9,7,7,7,55
YUI8OT8S0,つっつー,YE7CX8RNP,蓮ノ大三十角,1732,20,469,2312000,8,10,10,8,10,9,9,10,74
Y9DYX1NH0,よも,7R8NKPAB1,花帆推し倶楽部,1251,18,471,2311000,8,10,8,7,9,9,8,9,68
7H3BAMLW2,ヌメルゥ,6XX7GBM0K,ぷちぐる同好会,1406,20,471,2311000,6,10,5,7,10,9,7,7,61
7BFDBP9XB,かよちん,W3F0URUJC,梢先輩応援団,962,9,473,2310000,4,10,10,5,10,10,5,7,61
ZYVGB70CC,かすが,JDAG79TG7,百合ノ空観察部,1711,20,473,2310000,8,9,8,7,10,7,9,10,68
E12RMFCE1,ひしょう,998H940YN,お嬢様筋トレ部,1662,13,475,2309000,6,6,8,7,10,7,10,10,64
AFMBX6BPP,紫雲清夏生誕祭,PBRDPWEY1,村村会,1573,14,475,2309000,10,10,10,10,10,10,10,10,80
LLE06U65D,あけほし,6XX7GBM0K,ぷちぐる同好会,1327,7,477,2308000,1,10,8,1,10,4,9,9,52
NTF5VNC3W,つーかい,3F9P3U95T,ଳ天地鱏明の空ଳ,1214,8,477,2308000,7,7,7,7,10,7,6,8,59
Q8I36YUL6,ソト,GKR9TEBYC,毎日がホリデイ♪,1542,20,479,2307000,10,10,8,8,10,10,6,10,72
H4CWPEX7A,カイ,GXR6C85BT,花帆ちゃん親衛隊,1835,16,479,2307000,7,9,7,7,10,8,10,10,68
EEOUGZ125,黎,6H800PBV7,新鮮館,1494,10,481,2306000,7,8,7,7,8,7,8,8,60
T4CFEALH8,さく,BKUHCT7WF,蓮女お嬢様部,1347,21,481,2306000,5,10,10,5,10,8,10,10,68
C5279V59A,oratorio,B5V2LNN43,WMW,1529,17,483,2305000,9,9,9,9,9,9,9,9,72
M13CTUF6N,ニール,49AMYCXCD,ルドベキア,1742,19,483,2305000,9,10,8,10,10,9,10,10,76
LKY79HKFR,しらす,HE0GK3EPE,瑞蓮プロカ倶楽部,1830,19,485,2304000,7,10,10,7,10,7,9,10,70
P7DXEVYFE,Watitto,Y2HV0YEF7,蓮ノ空を応援し隊,1676,21,485,2304000,8,10,10,7,10,6,8,10,69
SM59T811D,Case,RWARTHA1M,乙宗梢大好き部,1598,15,487,2303000,7,9,7,7,10,10,7,7,64
I3MXJ73JR,ゆうゆ,HBUK6F7CC,乙宗梢なりきり部,1716,19,487,2303000,6,10,9,6,10,7,10,10,68
4WPGNU9FX,ラミュタス,PBRDPWEY1,村村会,1576,18,489,2302000,8,10,8,9,10,9,8,8,70
QKGZEPZSH,藍莓凍凍酒瓶,NC2YT2V28,蓮之愛同予者何人,1436,19,489,2302000,7,10,8,5,10,8,10,10,68
WHYCRK6EZ,Salokim,NC2YT2V28,蓮之愛同予者何人,1526,21,491,2301000,5,10,6,6,7,8,10,9,61
0VVAUBJJ5,pop,6XX7GBM0K,ぷちぐる同好会,1553,17,491,2301000,6,10,8,10,10,7,9,10,70
L0HOC7EEE,炙りビン,YE7CX8RNP,蓮ノ大三十角,1695,10,493,2300000,6,8,7,6,9,7,7,7,57
2P67B42VC,みっける,5KK3DFY18,MUGEN∞,1571,6,493,2300000,6,9,6,6,7,7,10,7,58
MBMH5XA5A,シラス鰻田,PLBBEX019,待機室目指し隊,1440,21,495,2299000,7,8,8,8,10,8,10,9,68
Y9DEXKEKI,ぐっさん¥,WN5B7VKPU,きんぴられんこん,1593,9,495,2299000,6,10,8,7,9,8,7,8,63
CH6EH94XB,ばやしこ,FG5VFFNRK,蓮ノ空おじさん,1632,17,497,2298000,8,10,8,10,9,8,8,9,70
MNUBWRC8C,でした。,R1RM3X0WV,後方腕組みオタク,1518,20,497,2298000,8,9,6,5,8,7,10,10,63
V3HW6H9CB,うま,0UT59MJ8U,かほすこ同好会,1668,16,499,2297000,9,10,9,8,9,9,9,10,73
BMM78P2WR,(・8・),M5LHG6R4T,乙宗動物園,1701,19,499,2297000,7,10,6,7,10,6,10,10,66
KPW0D8CBK,F0X,GKR9TEBYC,毎日がホリデイ♪,1154,14,501,2296000,10,10,10,10,10,10,10,10,80
6HX9NM2GR,藍月 海月,FVJABCVP3,瑞蓮ラボ,1400,8,501,2296000,7,10,7,8,10,10,8,7,67
F8HHRRHEA,クゼ,0CEA9XFKR,蓮ノ空の泥人会,1443,21,503,2295000,7,10,7,7,9,8,8,9,65
551YW8KVB,カミュ,K2L5DCVNR,REAL,1385,15,503,2295000,1,10,7,2,10,5,9,10,54
3ERHHM2GL,ホンマちゃん,7XH3K4GBT,LLP,1178,16,505,2294000,8,8,8,5,6,7,10,9,61
SSDM1G282,ポポノタン,9DKR4Y2CJ,蓮ノ空老人会,1754,4,505,2294000,8,10,8,10,9,10,8,8,71
JV2MMT2AF,いお,WLFW6UCX5,無敵級ビリーバー,1307,14,507,2293000,8,10,7,7,6,6,7,8,59
QVXRHXGXB,みなるい,6XX7GBM0K,ぷちぐる同好会,1530,20,507,2293000,8,8,8,8,8,8,10,10,68
3BMHN299X,まぁたん,UVK38MFR2,蓮の虚無サー,1159,16,509,2292000,4,10,8,5,8,9,7,7,58
KH8WDYG0W,リオ,25PMPEMG7,星見プロ,1440,15,509,2292000,8,10,10,8,9,9,9,9,72
YVGO9EHKS,やたペン,HBM31HMUY,YUKIZURI,1658,16,511,2291000,7,10,7,8,10,8,7,8,65
VYLOH1FQ3,YUUKI☆,WN5B7VKPU,きんぴられんこん,1645,15,511,2291000,5,10,6,7,7,10,7,9,61
GUAB3EU9H,くろこぶ,948FLPMPN,まったりハス煮〜,1541,2,513,2290000,6,9,7,8,9,8,8,8,63
1YV3FGBA8,Be,8GAY2WBT6,(・8・),1382,16,513,2290000,5,10,10,9,9,9,3,8,63
12Y4UB4XJ,かぴたる,49AMYCXCD,ルドベキア,1621,17,515,2289000,8,10,8,8,7,8,7,10,66
A3GLXU3RH,こずかほ♡両想い,J7N4W6Y1K,こずミックラブ♡,1676,21,515,2289000,10,10,5,8,10,6,7,10,66
TUULPTBUN,フリス,JTX1G19BP,さやかほ癒し会,1442,20,517,2288000,6,10,8,6,10,6,9,10,65
H04C1J119,ねざーる,N8L41JAA7,無言 ノルマなし,1582,20,517,2288000,7,9,7,7,8,6,9,9,62
FV1BRF9X0,あべこーorz,8M6UDX260,ぽけもん好き,1646,21,519,2287000,5,10,9,6,10,8,7,10,65
6L7MP3WJP,ナギ,HBM31HMUY,YUKIZURI,1401,18,519,2287000,6,10,10,6,10,7,8,10,67
1383YAX38,LR慈ください,CX967RTGY,おんゆあさーくる,1158,6,521,2286000,8,9,9,8,9,9,8,8,68
DCD6T5RYF,かえるけろけろ,6XX7GBM0K,ぷちぐる同好会,1704,20,521,2286000,7,7,7,7,7,9,9,7,60
T8IMQLFKA,あるかいど,FH7G62PKW,月火水木金土日,1522,8,523,2285000,7,7,6,7,8,6,8,9,58
LEEU9JZFJ,きりんちゃん,RWARTHA1M,乙宗梢大好き部,1853,21,523,2285000,10,10,6,7,9,10,6,7,65
3NN79CWQS,リンプー,LYPVAETHY,金沢の泥,1689,20,525,2284000,8,10,6,8,9,10,7,10,68
K46ZQJI48,prius,4XRHRYDW4,無言でエンジョイ,1752,20,525,2284000,5,9,5,7,10,8,8,9,61
OKGTPXFZ3,くのｗ,RFYKY8DCD,LA.LA.LA,1566,17,527,2283000,8,9,9,7,9,7,7,7,63
3DTXDA5ET,ベータ,HBM31HMUY,YUKIZURI,763,3,527,2283000,7,10,8,8,9,6,9,10,67
TMHJD8Y3Y,鮫次郎,NMT63RUDV,泥村,1466,9,529,2282000,10,10,10,10,10,10,7,10,77
AT03UHE11,えむ,25PMPEMG7,星見プロ,1622,18,529,2282000,8,8,8,8,9,8,7,8,64
BPU3K21M8,zero21,EPWMMAXNY,蓮ちゃん初心者,1617,20,531,2281000,6,10,7,6,7,7,6,9,58
THPSZE8AV,えんぬ,6XX7GBM0K,ぷちぐる同好会,1472,12,531,2281000,8,8,9,8,7,7,7,7,61
AM452HHNN,ゆりし,LUDNM40F8,ふくふく無言OK,1590,5,533,2280000,6,9,7,7,6,8,8,9,60
LDGJMRRER,しゅららん,AH27N260E,百生信託銀行,921,5,533,2280000,3,8,5,7,8,5,3,7,46
WLUXAH66F,りじ,0TKFF5EG3,サークル名募集中,1466,18,535,2279000,8,10,9,8,9,8,9,9,70
GLC6K11GM,三途,BCJRMHE75,梢すきすきクラブ,1637,21,535,2279000,7,9,7,7,9,7,9,9,64
ELMA5YEX1,Z宗木肖,7U20138DB,LGP,1469,20,537,2278000,4,7,4,4,8,4,9,9,49
LJK751O9T,島風,JHTULVV5P,故に瑠璃乃推し,1397,3,537,2278000,5,9,7,7,7,9,8,7,59
WBHM2GEEL,ハ,5W8RPRVUA,ド！ド！泥！,1343,12,539,2277000,5,9,8,9,10,9,6,7,63
72CKW0EAA,にっぴー,PBRDPWEY1,村村会,1425,14,539,2277000,8,8,7,9,8,9,7,8,64
7927EJ4PX,みずちのん,7R8NKPAB1,花帆推し倶楽部,1486,19,541,2276000,2,10,7,7,10,6,6,9,57
VLKDXGBRB,アープ,6XX7GBM0K,ぷちぐる同好会,1427,20,541,2276000,7,10,7,8,8,8,8,7,63
3HN712NDE,ほし,YFADYJVW4,FPS好きクラブ,1061,10,543,2275000,5,7,7,5,10,6,10,10,60
6JQ56RZXR,たまご,YCTM6RYDP,金沢おでん同好会,1669,16,543,2275000,7,9,9,8,9,7,8,10,67
NWW7GA7JI,虎,48BTAPMBG,蓮ノ空魔術部,1653,19,545,2274000,1,5,10,7,8,9,5,9,54
U7A4C0567,moropii,0TKFF5EG3,サークル名募集中,1569,20,545,2274000,10,10,10,10,10,10,9,9,78
0DRF081JP,のゃてふ,5NPVVUGH7,蓮すきすきクラブ,656,1,547,2273000,5,8,8,5,8,7,5,6,52
128RLH2UB,脱兎ちゃん,0TKFF5EG3,サークル名募集中,1567,20,547,2273000,8,9,8,9,9,10,8,9,70
LEWSH3WFU,ぷりぷり,GKR9TEBYC,毎日がホリデイ♪,1713,21,549,2272000,8,10,9,7,10,8,10,10,72
JZ1E4FOB6,むらさきつばき,AWFDLJ1HC,小蓮花（重生版x,1219,4,550,2271000,2,10,9,4,10,4,5,8,52
7W0EHYXWH,ニムカ,R181MKNX1,みらくらは人生！,1396,18,550,2271000,6,8,6,7,10,8,9,8,62
Y9VUZJIT2,とっし,X7C21B7H7,泥,1608,13,552,2270000,5,10,9,5,10,6,5,9,59
DA69DXT3Y,けい,AH27N260E,百生信託銀行,1280,6,552,2270000,9,9,9,8,9,9,8,8,69
VMKV4GULN,SGWA,1F5EPPMLD,UR貰えればいい,1746,21,554,2269000,7,10,7,7,10,7,9,10,67
JTKBKTH2T,かど・ふろんたる,PBRDPWEY1,村村会,1476,20,554,2269000,7,10,7,7,9,8,9,9,66
G9H0HMGHX,ヒマラヤン,8R49BTWW6,蓮女お嬢様クラブ,1530,18,556,2268000,9,10,9,8,10,10,9,10,75
UYWXG3CKZ,はすた,PBRDPWEY1,村村会,1652,20,556,2268000,8,10,8,8,9,7,8,9,67
56NB3GXAG,げんくま,79C17CHA2,蓮ノ空出張部,1215,17,558,2267000,5,10,9,5,8,5,9,6,57
3V7XRLH5E,G.A.L,HMBW9DXY2,蓮好き皆あつまれ,1598,15,558,2267000,5,7,5,5,10,8,8,8,56
4JFVTNBIH,みょ,49AMYCXCD,ルドベキア,1679,9,560,2266000,9,10,9,10,9,10,10,10,77
1YTAJ6KKD,カメイロ,79C17CHA2,蓮ノ空出張部,1350,10,560,2266000,7,10,9,8,10,8,7,7,66
7JNX2DBCM,おぎくぼ,11FB0EDDT,スクステ同好会,1577,12,562,2265000,8,8,7,8,8,7,8,8,62
U02MSU4XI,こかな,BCJRMHE75,梢すきすきクラブ,1777,19,562,2265000,7,9,7,7,9,6,9,10,64
DEAGMAAG5,けいさんき,BW38LDPRF,蓮浦の星空,1631,21,564,2264000,8,8,7,6,10,6,10,10,65
MOY90G2ES,kaz,M5LHG6R4T,乙宗動物園,1806,17,564,2264000,10,10,10,10,10,10,10,10,80
92BAX6L8R,なかさん,EYN9H9N16,蓮すきすきクラブ,1588,15,566,2263000,8,8,8,8,9,8,8,8,65
YJWW44VBR,ひの,RWARTHA1M,乙宗梢大好き部,1650,15,566,2263000,9,10,10,9,10,10,10,10,78
8YL7FPM4D,テツブリ,PBRDPWEY1,村村会,1761,20,568,2262000,10,10,10,10,10,10,10,10,80
SN2NJFTUD,フォフォ,MTBP3B4GM,ふらわーすきすき,1559,11,568,2262000,4,10,8,6,6,6,7,9,56
LFWM5V6B2,護星神ﾀｲﾀﾆｱ,M5LHG6R4T,乙宗動物園,888,7,570,2261000,4,10,10,6,10,4,5,10,59
INAGE6AD9,halxiel,YE7CX8RNP,蓮ノ大三十角,1647,15,570,2261000,6,9,8,9,10,10,8,8,68
A14T0UXLP,ユンシ,YFADYJVW4,FPS好きクラブ,1467,18,572,2260000,7,10,7,7,9,9,8,8,65
4VWR0PK2P,ジャガー,X7C21B7H7,泥,1444,19,572,2260000,7,9,7,8,10,8,8,9,66
U8MTGFGI0,安芸,GMEF2K8DL,花咲く泥も好き²,1664,13,574,2259000,6,10,8,4,10,5,6,10,59
EUGC8KAFF,クロト,51CF1LTGY,ラ研連合,1318,1,574,2259000,8,9,8,8,8,8,8,8,65
X9YMNH0G0,青いぷるぷる,MTBP3B4GM,ふらわーすきすき,1466,19,576,2258000,6,10,6,7,10,8,7,10,64
TX4V02KGA,WinDD,YFADYJVW4,FPS好きクラブ,1559,14,576,2258000,1,10,2,6,8,7,7,7,48
MC10A5K27,マヒナペ,0UT59MJ8U,かほすこ同好会,1543,13,578,2257000,8,9,7,8,9,8,8,9,66
XGA0TTJ7I,ときのき,YCTM6RYDP,金沢おでん同好会,1682,16,578,2257000,8,8,8,8,8,8,8,8,64
0H2W5QHZI,幸希(ユッキー),J7N4W6Y1K,こずミックラブ♡,1771,18,580,2256000,6,10,8,6,9,6,6,10,61
P3O3FFU0F,てんま,EYN9H9N16,蓮すきすきクラブ,1524,9,580,2256000,7,10,7,7,8,8,8,9,64
T0AGDWEPM,アプリペイしゅき,CX967RTGY,おんゆあさーくる,1661,16,582,2255000,6,7,6,6,8,9,6,7,55
0LXEB56CU,アスピリン,R181MKNX1,みらくらは人生！,1124,5,582,2255000,6,10,4,4,7,8,7,6,52
AJ713D5X4,キョウ,RFYKY8DCD,LA.LA.LA,1598,10,584,2254000,6,10,10,6,10,7,7,8,64
NXLLUPEY0,ゆ〜いん,3F9P3U95T,ଳ天地鱏明の空ଳ,1597,17,584,2254000,6,10,6,7,9,8,7,8,61
MY2P7YB3V,saku,W3YKKRWHG,ルリと愉快な一家,1361,20,586,2253000,8,10,8,8,10,9,8,8,69
XGOPXK6EF,ヲタン,49AMYCXCD,ルドベキア,1574,13,586,2253000,5,9,9,5,9,6,7,9,59
0DPR5CHC6,ミズキ,YFADYJVW4,FPS好きクラブ,1180,17,588,2252000,5,10,10,5,10,5,10,10,65
BRJ0XWX77,しいのき,V4A5MP41E,徒町チャレンジ！,1854,20,588,2252000,9,10,9,9,9,9,9,9,73
RRW2O1DH8,ふかひれ,49AMYCXCD,ルドベキア,1828,15,590,2251000,10,10,10,10,10,10,10,10,80
JP733E2SM,おっきー,BT22M41DV,梢花帆吟子同好会,1366,11,590,2251000,6,9,6,5,7,3,7,8,51
DYX5W4XHW,みょ,YTK29NJ0X,よく分からん会,1119,16,592,2250000,7,7,9,7,7,6,7,7,57
A23A649ED,未完蜜柑,RFYKY8DCD,LA.LA.LA,1691,19,592,2250000,5,10,10,5,10,7,6,10,63
7U92CFGRY,フラジャイル,FTY0R8KPH,泥の皆様,1414,6,594,2249000,7,8,8,7,8,8,8,8,62
KJ69D4PA4,ぱん,G59NGM0XA,シュリーレン,1576,19,594,2249000,5,10,10,5,10,7,7,10,64
LDLTRQ88V,しらたま,YCTM6RYDP,金沢おでん同好会,1897,21,596,2248000,7,9,7,6,10,7,10,10,66
NG3YLD3WC,たそーら,73CBYJYB0,"oNM,",1529,18,596,2248000,8,7,8,7,9,8,8,8,63
04TRE8XUQ,kuro,WTJV514G9,蓮ノ空のお弁当屋,1676,20,598,2247000,7,10,7,7,10,7,7,8,63
NOBSSQRBX,パタポン,1BME38BCD,さすさやクラブ,1594,17,598,2247000,7,9,7,6,7,7,7,9,59
2WT4NHVZ5,のぞのぞみん,11FB0EDDT,スクステ同好会,1835,21,600,2246000,8,9,6,8,10,8,10,10,69
TEUJEU0JT,Licht,2NY9H8BR9,乙宗紅茶館,587,1,600,2246000,2,6,6,1,9,4,1,6,35
FM41TVQJQ,ジャム,0TKFF5EG3,サークル名募集中,1766,20,602,2245000,8,10,7,8,9,8,8,8,66
IQ3SMZMFS,NEO,8FR866PRY,蓮っ子みらくラブ,1777,20,602,2245000,8,10,8,8,10,9,10,10,73
BAY7T6KUR,「めそ,DMDVHGFUG,蓮の釣り部,1397,18,604,2244000,3,9,5,4,4,4,7,9,45
II9KD46VB,えー,CV62FGL1U,花咲かせ隊,1635,18,604,2244000,8,9,7,7,10,8,9,10,68
Z2GPEFSMH,梁　豪怒,V4A5MP41E,徒町チャレンジ！,1767,21,606,2243000,8,10,6,9,10,9,9,9,70
9BC4Y2CJM,つづりが好きです,DALU6BL7L,東方星蓮船,1369,21,606,2243000,4,10,6,4,7,6,10,6,53
MNYE73P47,どん,95TAREFPT,ご自由にどうぞ,1092,6,608,2242000,5,10,9,5,10,8,6,9,62
43JYBJIVA,やこう,GXR6C85BT,花帆ちゃん親衛隊,1728,15,608,2242000,7,10,7,9,10,10,10,10,73
L31NRD4ON,はる,JA2C658FW,さや綴理の村人,1528,15,610,2241000,8,9,8,8,9,9,8,9,68
J3KXB7WJA,藤島 おひや,E7673WR7C,マルガイジ,1290,15,610,2241000,7,10,10,7,10,10,10,10,74
4EEDGJ5MY,前ショー,JTX1G19BP,さやかほ癒し会,1460,20,612,2240000,3,10,9,8,10,10,6,2,58
QT70B8HJT,れん,Y2R7E79U3,カワウソ同好会,1719,18,612,2240000,6,10,8,7,9,8,6,8,62
MMN356GR5,azzz,PUJ0ERCMW,蓮ノ空倶楽部,675,0,614,2239000,8,9,8,7,8,7,7,7,61
XTY4GG18V,こーりん,1BME38BCD,さすさやクラブ,1821,19,614,2239000,7,10,8,6,8,8,9,7,63
85J48PFHD,なおい,RWARTHA1M,乙宗梢大好き部,880,2,616,2238000,7,10,8,8,9,7,9,8,66
ZX04ZZ2IW,きく,YCTM6RYDP,金沢おでん同好会,1671,17,616,2238000,8,10,7,8,9,7,8,10,67
0GN74WMV4,にしきた,8JMW9G2XW,僕らのリンクラ！,1375,10,618,2237000,8,10,7,8,8,8,9,10,68
MVT7K6KDL,一ノ瀬リリ,FH7G62PKW,月火水木金土日,1517,19,618,2237000,7,10,7,7,7,8,8,9,63
0NNB11D72,リック,W3YKKRWHG,ルリと愉快な一家,1503,18,620,2236000,7,10,8,8,8,8,8,8,65
C9ZMT7RH7,ソクブン,JDAG79TG7,百合ノ空観察部,1673,18,620,2236000,3,10,10,5,10,3,9,10,60
E9FMEDE4D,>M<,YDYH4VRRP,レンクウ,1187,14,622,2235000,3,10,8,6,8,6,7,7,55
HSQ00QD7A,グラッド,V4A5MP41E,徒町チャレンジ！,1668,8,622,2235000,6,10,6,6,9,6,7,7,57
WT4NZ287K,はなたば,KXU941RFJ,梢先輩おめでとう,1593,8,624,2234000,8,8,8,8,8,9,8,9,66
CZBSB05JT,変☆態☆紳☆士,FMKP92LRL,目が霞む人達,1769,21,624,2234000,5,10,6,5,9,9,9,9,62
HY34E4YKX,風,7R8NKPAB1,花帆推し倶楽部,1371,17,626,2233000,8,10,10,10,10,8,10,10,76
IW1O2POHO,ゆざる,9YM3DBTB7,泥民館,1552,21,626,2233000,4,10,8,4,9,6,10,9,60
E42SLTUG5,シオル,YCTM6RYDP,金沢おでん同好会,1645,5,628,2232000,6,8,6,6,7,7,6,7,53
E654ER5U0,Rinka.,79C17CHA2,蓮ノ空出張部,1208,20,628,2232000,6,9,8,7,8,8,6,7,59
TDLLB8M13,とりすら,H6JWBBGCG,蓮天・乙宗一心流,1561,3,630,2231000,8,8,8,8,8,8,8,9,65
LA25WU4LR,ジマリン,L3NN1RWMY,アポロベイ海賊団,1474,17,630,2231000,2,8,4,2,8,3,6,9,42
MDYJM8LXL,みかん,YAD615PCK,蓮を咲かせる泥達,1243,20,632,2230000,6,10,6,6,6,6,10,10,60
4FC73IGQN,Suguya,0UT59MJ8U,かほすこ同好会,1541,21,632,2230000,8,10,9,9,10,8,8,10,72
A1YL665HX,dai,YCTM6RYDP,金沢おでん同好会,1642,19,634,2229000,8,10,8,8,10,9,8,9,70
EUCTO3HUZ,かわたろう,0UT59MJ8U,かほすこ同好会,1648,20,634,2229000,9,10,8,10,9,9,8,10,73
5XM2YS0UU,KUNA,948FLPMPN,まったりハス煮〜,1401,11,636,2228000,4,8,4,6,10,8,9,8,57
FY75UBXCL,ぷにぱんだ,J8HXTJ8TB,流し素麺同好会,1456,16,636,2228000,6,7,7,7,7,7,6,7,54
WMY0VJALJ,しゅんか,MTBP3B4GM,ふらわーすきすき,1183,15,638,2227000,7,10,7,7,7,9,7,6,60
NFHW3MHX0,カンナ,K4TAHF9YA,はすっこ準備室,1280,14,638,2227000,6,8,7,8,7,8,7,8,59
V7CUBTENA,カズ,M5LHG6R4T,乙宗動物園,1420,1,640,2226000,8,8,8,8,8,8,9,9,66
15LURYMC1,ベルトーニ,WTJV514G9,蓮ノ空のお弁当屋,1782,17,640,2226000,3,10,6,3,10,6,9,5,52
64RWA0HJY,卵かけごはん,RF5215M2U,スクステ同好会②,1119,5,642,2225000,2,10,10,3,10,7,2,9,53
A39DFJRBP,けＥすけ,FG5VFFNRK,蓮ノ空おじさん,1283,0,642,2225000,6,8,5,7,8,8,8,8,58
5T6YJZCD4,まんだ,6XX7GBM0K,ぷちぐる同好会,1667,15,644,2224000,8,9,8,8,9,9,9,10,70
BYRRG1MNM,のらっち,ABALH0AL3,楽園計画,1300,16,644,2224000,7,8,7,7,7,7,7,7,57
71CYB5LAJ,梓弓,YE7CX8RNP,蓮ノ大三十角,1434,19,646,2223000,8,9,8,9,9,9,8,8,68
7586DR3H1,ズミュー,Y2R7E79U3,カワウソ同好会,1478,20,646,2223000,1,9,8,1,7,5,2,6,39
9X8X3V66X,シバ,E12PR824F,ゆるっと蓮ノ空,919,3,648,2222000,5,10,8,7,7,7,7,7,58
CYVJ4PJD7,ゆきあめ,RF5215M2U,スクステ同好会②,1412,11,648,2222000,7,9,7,7,8,8,7,7,60
EFRYPXCJ6,はる,JDAG79TG7,百合ノ空観察部,1612,20,650,2221000,7,9,7,7,8,7,7,8,60
XKRN0VQH2,ゆーき舞台創造科,3BE2RELRC,見晴台,1459,17,651,2220000,7,10,6,8,8,9,7,7,62
S1JO65QZU,すと。,3F9P3U95T,ଳ天地鱏明の空ଳ,1734,11,651,2220000,7,10,7,7,8,8,7,8,62
NFZC4ZSRQ,ヒロ,0UT59MJ8U,かほすこ同好会,1489,20,653,2219000,5,9,9,6,9,6,10,10,64
2VR7UEKP9,れあそん,R181MKNX1,みらくらは人生！,1284,5,653,2219000,6,10,6,6,10,9,10,8,65
A9PBDJNKL,旅人,Y2HV0YEF7,蓮ノ空を応援し隊,1361,20,655,2218000,7,10,9,6,10,9,7,9,67
BMBV82R3M,まつもと,AH27N260E,百生信託銀行,990,10,656,2217000,7,10,8,6,10,6,6,10,63
KHR1E1TUB,こう,8JMW9G2XW,僕らのリンクラ！,1588,20,656,2217000,7,10,8,7,10,8,8,9,67
1Q6V88SU7,みどり,L3NN1RWMY,アポロベイ海賊団,1621,20,658,2216000,6,10,9,6,10,6,10,10,67
QAAUC6JHM,ひまわり（春）,YLJ2PP4X4,全日本謝罪同好会,1731,20,658,2216000,6,10,6,8,10,7,6,8,61
9X6GWYYCC,まぐ,YE7CX8RNP,蓮ノ大三十角,1485,20,660,2215000,1,4,3,2,10,5,9,10,44
EIKH27TI8,あおはる,GKR9TEBYC,毎日がホリデイ♪,1659,21,660,2215000,8,10,8,8,10,9,8,8,69
BQUUCGODZ,YUKI.N,UVN7G4X3A,闇のルビィ団,1609,4,662,2214000,7,10,7,7,8,9,8,7,63
XTSJ3L8IV,Liba,FC8NBAJBT,ラー麺二郎金沢店,1563,19,662,2214000,5,9,9,5,10,6,8,10,62
HWJC1S41M,【天然】蟹味噌,1DU9LCND7,蓮ノ空すこやか部,1579,20,664,2213000,7,9,8,8,8,8,8,8,64
Y3UHR9UT8,ユキ,V4A5MP41E,徒町チャレンジ！,1387,20,664,2213000,5,10,8,8,8,8,8,10,65
3HDDUL1DX,シロくま,11FB0EDDT,スクステ同好会,1349,14,666,2212000,8,10,8,8,8,10,9,8,69
2ENXPB1UW,かれ,V4A5MP41E,徒町チャレンジ！,1514,20,666,2212000,6,10,8,4,10,8,9,10,65
TX3PNRFW0,shin,B5V2LNN43,WMW,1379,6,668,2211000,8,9,8,8,9,8,8,9,67
2XNU87W5U,ほそかわたかし,ABALH0AL3,楽園計画,1214,16,668,2211000,6,9,9,8,10,7,8,9,66
UA7RCU0PL,TOA,WTJV514G9,蓮ノ空のお弁当屋,1437,21,670,2210000,8,10,7,8,10,7,8,9,67
JW37MK191,ぽぽろん,J8HXTJ8TB,流し素麺同好会,1389,12,671,2209000,6,10,10,9,10,7,8,10,70
WICQFV1TZ,むらけん,6XX7GBM0K,ぷちぐる同好会,1183,20,671,2209000,4,9,7,4,8,6,7,8,53
GGM8V4Y67,ひつじ,2NY9H8BR9,乙宗紅茶館,1270,14,673,2208000,5,8,10,5,7,6,9,7,57
15PLUIMFQ,まよ,GMEF2K8DL,花咲く泥も好き²,1643,21,674,2207000,7,10,8,7,10,8,7,8,65
L12MNBJAH,なす,FC8NBAJBT,ラー麺二郎金沢店,1385,19,674,2207000,1,10,5,1,6,2,1,3,29
318D0NMN0,たまちゃん,4XRHRYDW4,無言でエンジョイ,1523,11,676,2206000,7,8,8,7,8,7,7,7,59
TJMDPKU7K,いこあん,48BTAPMBG,蓮ノ空魔術部,1372,19,676,2206000,7,9,8,8,9,9,7,8,65
L7JJ2A0Y8,たっつん,KXU941RFJ,梢先輩おめでとう,1634,15,678,2205000,7,7,7,7,9,8,8,7,60
3FXRPUT8R,無欲,7R8NKPAB1,花帆推し倶楽部,1592,20,678,2205000,4,10,6,4,10,5,7,10,56
E4MGTFKW1,かの,K8C99H42D,ルリと喜ド！愛楽,1357,5,680,2204000,7,9,7,7,7,8,8,8,61
3GPD0LRY3,与謝野晶子,2NY9H8BR9,乙宗紅茶館,1352,18,680,2204000,5,10,6,5,7,7,6,6,52
DEWSI29MR,ARC,M5LHG6R4T,乙宗動物園,1666,18,682,2203000,5,10,6,5,7,6,10,10,59
K8JJMK2OV,かへちゃん,Y2R7E79U3,カワウソ同好会,1531,14,682,2203000,5,10,7,7,10,7,7,7,60
UPFLJNDNJ,もちもちかちまち,CRYB2FJ64,つくよみくらぶ,1080,9,684,2202000,10,10,5,10,8,5,5,10,63
ZH1FJ7WI8,ささかま,HBUK6F7CC,乙宗梢なりきり部,1521,19,684,2202000,7,7,7,6,7,6,7,5,52
YYD4LKBM0,せり,948FLPMPN,まったりハス煮〜,1284,18,686,2201000,5,10,8,4,8,8,8,8,59
M3ANWTEQ1,"甘野老oNM,",73CBYJYB0,"oNM,",1806,18,686,2201000,7,10,7,6,7,7,7,9,60
39T0J8544,雪利,,,1590,16,688,2200000,10,10,10,10,10,10,10,10,80
FUURA79AK,うっちー,G59NGM0XA,シュリーレン,1495,20,688,2200000,7,10,7,8,8,7,9,9,65
DPNPWAUOQ,たにー,WN5B7VKPU,きんぴられんこん,1791,20,690,2199000,8,8,8,7,10,8,9,10,68
P88JUMG9H,そめ,R1RM3X0WV,後方腕組みオタク,1502,20,690,2199000,8,10,8,8,9,8,9,8,68
BUUM86UR6,葉月,7U20138DB,LGP,1405,5,692,2198000,10,10,10,9,10,10,9,9,77
MEY2VRMU0,あかよ,48BTAPMBG,蓮ノ空魔術部,1470,19,692,2198000,6,7,5,6,8,6,10,9,57
XOHZ2K3YU,silly,HBUK6F7CC,乙宗梢なりきり部,1555,19,694,2197000,5,6,5,6,7,7,6,8,50
NLM0VLA6W,♥♠ブイヨン♦♣,11FB0EDDT,スクステ同好会,1557,8,694,2197000,7,8,7,7,7,7,8,8,59
NNN6H5GTN,三尺,WTJV514G9,蓮ノ空のお弁当屋,1274,14,696,2196000,7,10,7,7,7,10,7,7,62
ASLXPDS1Q,ささみ,8R49BTWW6,蓮女お嬢様クラブ,1613,0,696,2196000,7,10,7,8,9,8,8,8,65
67M7GY5XU,「ケンゴ」,NMT63RUDV,泥村,1566,15,698,2195000,8,10,7,8,10,10,8,8,69
FGVG90592,ゆきち,GYG7B5R36,幼馴染同好会,1447,14,698,2195000,3,10,8,3,6,5,7,9,51
79OHCMGA6,ユーレン,WN3LHKX0L,レンコンおいしい,1555,18,700,2194000,7,8,7,7,8,7,4,9,57
73OUNPHVO,こう,JTX1G19BP,さやかほ癒し会,1462,13,700,2194000,8,10,7,7,8,8,8,10,66
JT6GH510A,XiaoHong,XLBU65J86,花の壁飾りクラブ,492,0,702,2193000,5,10,5,6,6,5,5,7,49
CK3Z00ZOB,vfk-yama,YD2XWWFA4,蓮好き好きクラブ,1585,12,702,2193000,7,9,7,7,9,8,8,8,63
33VFCO5AQ,パイセン,HBUK6F7CC,乙宗梢なりきり部,1602,18,704,2192000,7,9,7,7,8,7,9,10,64
BY1J6F9G6,ひらり,3BDTCERX6,打ち返した流れ星,1342,17,704,2192000,5,10,9,6,9,7,6,9,61
QRGITUZ6B,つぐみん,7R8NKPAB1,花帆推し倶楽部,1680,20,706,2191000,6,10,10,5,8,5,7,8,59
55VC38QIN,Newmo,BKUHCT7WF,蓮女お嬢様部,1464,12,706,2191000,7,9,8,7,7,7,7,8,60
VU51D4VVW,エイカ,25PMPEMG7,星見プロ,1403,19,708,2190000,7,10,7,7,8,7,10,9,65
U9WAMY512,；。；,AH27N260E,百生信託銀行,1380,16,708,2190000,6,9,6,10,7,6,5,9,58
AMWA5QPIS,かみきれ,W26TRPM1R,めぐ党藤島派,1816,15,710,2189000,10,10,8,8,8,8,8,7,67
P8L3HC8H2,すいこう,J5CKL5YPX,ログイン勢かもん,1161,15,710,2189000,1,8,7,1,10,6,8,8,49
NBN8MER17,ひらたみ,V4A5MP41E,徒町チャレンジ！,1169,15,712,2188000,5,6,5,5,6,7,5,7,46
VJ89ASDAM,まぐろー,7U20138DB,LGP,1485,19,712,2188000,3,10,7,2,10,4,3,6,45
V6X4BPJ37,SHIRO,G59NGM0XA,シュリーレン,1583,19,714,2187000,2,9,8,10,8,10,1,8,56
V76XKN9NV,きゃほきゃほーん,0CEA9XFKR,蓮ノ空の泥人会,1058,14,714,2187000,8,10,7,8,8,10,8,8,67
FXP9N10VU,doNe,GVT61ATX0,なのだけれど,1717,21,716,2186000,8,10,9,6,10,7,10,10,70
BL0BGN2JZ,せて,6XX7GBM0K,ぷちぐる同好会,1577,19,716,2186000,5,10,10,5,10,5,10,10,65
853WW4G3Q,ねぺりん,JE7V5MM31,蓮ノ沼に沈んだ泥,1608,15,718,2185000,8,10,10,7,10,8,8,10,71
MH25XY5YR,「」リ,NMT63RUDV,泥村,1525,20,718,2185000,7,9,7,6,10,7,10,10,66
G6A7YVWN8,「」のどか,TBX7N9RK5,つよつよなLH,1375,21,720,2184000,5,8,8,5,7,7,9,7,56
1XRDP2AEC,ののみえる,W26TRPM1R,めぐ党藤島派,1126,11,720,2184000,4,10,5,7,10,8,7,10,61
DEOC4REQ5,さいたまっこ,F08AHUJJ0,綴理のお世話係,1692,16,722,2183000,7,10,7,7,8,7,6,8,60
992MXRG0M,どMお,,,548,0,722,2183000,5,8,7,8,7,8,5,8,56
PQHU8G8OV,ミナミ,48BTAPMBG,蓮ノ空魔術部,1623,19,724,2182000,3,10,7,4,10,5,10,10,59
J6Y8G6LWT,ざわ,48BTAPMBG,蓮ノ空魔術部,1470,2,724,2182000,7,8,7,7,8,7,8,7,59
A60CTPWTP,もっすん,E7UBR0A2W,冬枯れの原っぱ,1761,21,726,2181000,8,9,8,8,9,8,8,8,66
2LLMP3JEA,かわや,0TKFF5EG3,サークル名募集中,1510,10,726,2181000,2,10,7,7,10,7,2,7,52
B424J17UB,ギンッカ,B2KV0EVPD,蓮ちゅきクラブ,1500,17,728,2180000,6,9,8,7,7,7,8,7,59
NJVVKGXSK,FUMINEJI,WN5B7VKPU,きんぴられんこん,1675,20,728,2180000,6,10,6,6,8,6,9,9,60
QUH9UCVTD,川合,V26546K3D,乙宗気合筋肉,1513,20,730,2179000,8,10,8,8,10,8,8,8,68
RXH48G868,御前狐,79C17CHA2,蓮ノ空出張部,1458,21,730,2179000,5,10,5,6,9,9,9,5,58
0AO1734LO,Ｒスキー,8JMW9G2XW,僕らのリンクラ！,1495,14,732,2178000,8,10,9,9,10,9,9,10,74
LDXW39W4W,ハーレイ,TWJ862EPN,こにゃとも,1310,14,732,2178000,1,10,10,1,10,7,4,9,52
7K7CV3ZAW,ちぇま,WTJV514G9,蓮ノ空のお弁当屋,1530,3,734,2177000,8,8,8,8,8,8,9,9,66
FGBAF868U,たかな,GXR6C85BT,花帆ちゃん親衛隊,1732,19,734,2177000,7,10,7,8,9,8,8,9,66
E98RC4JEB,ししまい,998H940YN,お嬢様筋トレ部,1583,18,736,2176000,4,10,6,4,9,6,4,7,50
MP0KVW4HW,みみ,25PMPEMG7,星見プロ,1438,2,736,2176000,8,9,7,8,8,8,7,9,64
JD3WTC652,てつごろう,4NDAG5E9N,国産牛のにげあし,1232,19,738,2175000,6,10,6,6,10,10,10,10,68
CT20NMUBK,がんちゃん,998H940YN,お嬢様筋トレ部,1333,12,738,2175000,7,6,5,6,6,6,7,10,53
80GPLPYF5,お米大使,2A69E25N6,ゆめみづほ,1752,20,740,2174000,6,10,10,6,8,6,7,7,60
TY1WGHPWL,キノン,2AUM7L9BW,蓮初心者クラブ,868,4,740,2174000,4,10,6,7,6,7,5,6,51
RKG6Y99R8,ただのまるかん,48BTAPMBG,蓮ノ空魔術部,1484,21,742,2173000,2,10,9,2,10,4,9,10,56
66VFZ9V1V,「」止已,NMT63RUDV,泥村,1730,20,742,2173000,7,10,7,7,9,8,8,8,64
4NF07ZA7K,ゆーさく,WN5B7VKPU,きんぴられんこん,1756,18,744,2172000,6,7,6,6,8,6,9,9,57
IMJWTY6HM,みっつぃ〜,0B8RTHY4D,のんびり屋さん,1758,21,744,2172000,4,10,10,7,10,8,8,10,67
4L85YJ6VP,くさがの,YL2ELYC4U,さや…好きだよ…,728,3,746,2171000,6,10,6,8,7,7,6,8,58
NT1KBPYNC,ひまじん,95YCCGJJG,あまね部蓮同好会,1002,9,746,2171000,7,10,8,8,9,8,10,10,70
450AX5PRR,ねすこ,V4A5MP41E,徒町チャレンジ！,1454,21,748,2170000,8,10,8,8,10,9,10,10,73
FY3NQU6M7,やきプリンのプロ,0UT59MJ8U,かほすこ同好会,1514,20,748,2170000,6,8,5,5,10,7,5,10,56
5UT1FEC2R,みけ,N1DJVPGP8,いつでも咲けるよ,1443,15,750,2169000,6,10,10,7,10,6,6,10,65
WJRVK47PY,たいし,2ULM366U6,毎日がエブリデイ,1439,20,750,2169000,4,10,5,7,9,8,8,8,59
IW76FOFD0,カンガルー1号,05KN1RR3U,さやかほ花卉園,1598,20,752,2168000,3,10,3,6,10,7,8,8,55
2TNJUCKXM,チビ,0UT59MJ8U,かほすこ同好会,1096,13,752,2168000,10,10,9,9,10,10,10,10,78
8D5D6WZ5N,ptyx,V7768X8AC,せーので！,1478,20,754,2167000,8,10,9,9,8,9,8,9,70
PK3AW6240,わやちよ,R9T0YKDW8,かちまち応援隊,1710,16,754,2167000,8,10,8,8,10,10,7,7,68
8E10AX3J2,CAPM,79C17CHA2,蓮ノ空出張部,1463,20,756,2166000,9,10,8,10,10,10,9,9,75
8L8608WFH,ささん,8JMW9G2XW,僕らのリンクラ！,841,0,756,2166000,4,10,10,5,9,6,4,7,55
GDTVJ1B8L,ツナ缶,7HWM7661K,A,1613,21,758,2165000,7,9,7,7,7,7,8,8,60
RND3BA6Q4,あゆ,49AMYCXCD,ルドベキア,1637,15,758,2165000,7,8,7,8,8,8,8,8,62
EVA87TBF5,なゆゆゆゆ,RF5215M2U,スクステ同好会②,983,10,760,2164000,5,9,5,5,7,5,10,9,55
GKU8MUTMP,荻や萩,38KAJGDGU,異次元シャニP,1356,17,760,2164000,8,9,8,8,10,8,10,9,70
VFJV4WLT6,奇策,J800VVPTN,Aqours,1239,20,762,2163000,7,9,7,6,8,6,9,9,61
W4E0R6NA9,そらをとぶ,0TKFF5EG3,サークル名募集中,1761,19,762,2163000,3,10,5,2,10,10,10,10,60
XH9G72MU9,機械3号･~･,KBJ2P8T0Y,人見知りの集い,1468,19,764,2162000,8,10,10,8,9,9,7,8,69
67BY50B65,ほにほ,57HNJ07NK,みらぱ推活最前列,1556,19,764,2162000,7,10,8,7,9,8,8,8,65
IUC2M7CPB,スニャイパー,0UT59MJ8U,かほすこ同好会,1548,15,766,2161000,7,10,7,7,7,7,7,8,60
FXV4MF78E,小湊,2K5AM4RV0,とろぺりです,1257,6,766,2161000,7,8,8,7,8,7,7,8,60
F4GBY0CFD,Merumo,V7768X8AC,せーので！,1627,20,768,2160000,8,10,7,8,9,8,8,8,66
FB415YHRG,ゆさまこと,V26546K3D,乙宗気合筋肉,1370,7,768,2160000,6,7,6,6,9,6,8,9,57
DCS0MRXJM,えせ,L28X4MDJN,アフター観たいぞ,1756,20,770,2159000,6,10,10,8,10,8,9,10,71
4Q0YTUKN1,こうちき,RWARTHA1M,乙宗梢大好き部,1361,18,770,2159000,7,10,6,7,10,6,10,9,65
TRLEB6AD0,ねんねこ,FC8NBAJBT,ラー麺二郎金沢店,1644,21,772,2158000,2,8,10,2,10,5,10,10,57
TG7EGU3PX,パトリック・雄平,BCJRMHE75,梢すきすきクラブ,1182,19,772,2158000,10,10,10,10,10,10,10,10,80
D091ANCFC,ぽっぽ,998H940YN,お嬢様筋トレ部,1692,21,774,2157000,6,8,6,6,8,6,9,10,59
NJ5M5IZWU,まき,R1RM3X0WV,後方腕組みオタク,1812,19,774,2157000,7,7,7,10,10,9,7,9,66
WH6L0E1FH,えでおじ,0TKFF5EG3,サークル名募集中,1506,21,776,2156000,7,8,7,7,9,7,10,10,65
0RB9J6BF4,ぺお,G0WRCNRWK,県立沢庵図書館,1730,21,777,2155000,7,8,7,7,9,7,7,8,60
MCLPXRE1E,ファラオ,1DU9LCND7,蓮ノ空すこやか部,1525,20,777,2155000,8,10,8,8,8,7,7,7,63
L0R1T0XBE,MYAO,K4TAHF9YA,はすっこ準備室,1423,3,779,2154000,5,8,5,6,8,7,7,8,54
PE9RYKKBX,ほうじ茶,W9V6VTXAN,梢先輩の歌声好き,995,3,779,2154000,7,6,6,5,10,8,10,10,62
M4WB1E4M0,なげねこ,4RY75CKM4,LLすこ部　メ募,1404,15,781,2153000,5,7,5,6,10,6,10,10,59
4B7HFCTL6,ばなな,CTW8DKV5P,まったり,1541,21,781,2153000,6,10,10,6,10,7,9,10,68
CTI33F3UI,霜月ゆう,B5V2LNN43,WMW,1636,21,783,2152000,6,10,9,6,9,8,9,8,65
GNGOY9TWY,はっぴー,8R49BTWW6,蓮女お嬢様クラブ,1394,19,783,2152000,9,9,9,8,10,8,9,9,71
7LOYVCMEZ,るべ,HBUK6F7CC,乙宗梢なりきり部,1569,14,785,2151000,10,10,10,8,10,10,10,10,78
GRN5C49P3,蓮ノ空真剣ギャル,EYN9H9N16,蓮すきすきクラブ,1661,18,785,2151000,10,8,5,5,10,10,9,10,67
FP7IIBGF0,さらい,WN5B7VKPU,きんぴられんこん,1699,11,787,2150000,6,10,9,7,8,7,8,8,63
KVRSXLYW0,かねはら,8FR866PRY,蓮っ子みらくラブ,1699,19,787,2150000,7,10,7,9,9,8,8,8,66
MGVR2Z027,オクラホマミキサ,1DU9LCND7,蓮ノ空すこやか部,1808,19,789,2149000,10,9,7,9,10,9,8,9,71
2CHBK0V81,クロユキ,W3YKKRWHG,ルリと愉快な一家,853,9,789,2149000,5,10,8,5,9,5,9,10,61
HW0SDYDPT,そとかんだ,YCTM6RYDP,金沢おでん同好会,1846,20,791,2148000,8,9,8,10,10,7,7,10,69
GVXXTLANL,愛を繋いで,8FR866PRY,蓮っ子みらくラブ,1491,21,791,2148000,4,10,9,10,10,5,3,10,61
HDKBTYH2C,ポポノタン,V4A5MP41E,徒町チャレンジ！,1429,16,793,2147000,3,10,8,3,10,3,8,9,54
JANW6MPL2,ゆっぴー,GW4CH70HK,TKG同好会,1515,16,793,2147000,7,9,8,7,9,7,7,9,63
UFXL4JKYR,そら。,JDAG79TG7,百合ノ空観察部,1458,17,795,2146000,7,10,9,7,9,7,6,9,64
8DM3VEOM6,のん,GVT61ATX0,なのだけれど,1614,19,795,2146000,7,8,7,9,7,7,7,7,59
AY3WK79BW,Aegis,YFADYJVW4,FPS好きクラブ,1501,19,797,2145000,4,10,10,4,8,5,3,9,53
6X3LMM5NH,ズライカ,X7C21B7H7,泥,1756,15,797,2145000,8,10,8,9,8,9,10,10,72
L8ABK1O0Y,きゃわ,CX967RTGY,おんゆあさーくる,1694,20,799,2144000,4,9,8,5,9,9,3,8,55
94GKSM6XV,ストレイド,BCJRMHE75,梢すきすきクラブ,1587,21,799,2144000,7,9,8,7,8,7,9,10,65
8OJ4K93MD,コロ,HBUK6F7CC,乙宗梢なりきり部,1778,20,801,2143000,6,9,7,6,9,6,9,10,62
D9Q2PE3YQ,せるいる,49AMYCXCD,ルドベキア,1615,18,801,2143000,6,10,9,6,7,9,9,9,65
RUM9HUP9C,しーだーゆ,RWARTHA1M,乙宗梢大好き部,1542,20,803,2142000,8,10,10,8,10,8,10,10,74
ABXP5M67E,えいと,M5LHG6R4T,乙宗動物園,1808,20,803,2142000,5,10,5,5,5,5,10,10,55
81GLQQIAH,ジンベイ,6XX7GBM0K,ぷちぐる同好会,1617,15,805,2141000,8,10,8,7,10,7,10,10,70
43YKLH543,リュウ,BT22M41DV,梢花帆吟子同好会,1609,21,805,2141000,7,8,6,6,10,7,10,10,64
A41HY3Y8L,AOIAO,FVJABCVP3,瑞蓮ラボ,1500,17,807,2140000,9,8,10,7,9,10,10,8,71
4HLYTBAE4,q,8JMW9G2XW,僕らのリンクラ！,1171,12,808,2139000,7,10,8,7,7,8,7,9,63
YHEGTG118,テンカ,K2L5DCVNR,REAL,1486,12,808,2139000,5,10,10,5,10,9,7,10,66
YBU4C8MPB,asupara,PLBBEX019,待機室目指し隊,850,7,810,2138000,10,10,10,8,10,10,9,6,73
YLGV922B9,ラビ,79C17CHA2,蓮ノ空出張部,1584,20,810,2138000,7,10,9,7,9,7,9,9,67
9HZSVL4CY,ダイバー,WHWT61ELR,【無言】ハスノソ,1529,19,812,2137000,6,10,9,7,10,8,9,10,69
K4KXET9FL,センソン,X7C21B7H7,泥,1380,16,812,2137000,7,7,7,6,9,6,8,8,58
95R5B0MW2,ゆゆ,GGK2P93JK,きゃらめる,677,0,814,2136000,5,9,6,6,8,8,7,7,56
D1T17CR7L,ふらぴく∬,8JMW9G2XW,僕らのリンクラ！,1622,20,814,2136000,6,10,4,7,10,8,6,8,59
06JQ821HY,sagi,GXR6C85BT,花帆ちゃん親衛隊,1699,8,816,2135000,8,10,7,7,10,6,9,9,66
G2VASMVN7,一般ぴーぽ,1BME38BCD,さすさやクラブ,1634,18,816,2135000,9,10,7,9,10,7,8,10,70
PKWTSERD8,そらと,GXR6C85BT,花帆ちゃん親衛隊,1510,20,818,2134000,6,9,7,6,10,6,9,9,62
RHC6ZXLRQ,No.009,6045Y2RW7,ポチっと！蓮ノ空,1484,16,818,2134000,7,10,7,7,8,8,10,9,66
HRGE6XY4D,おかだ,6XX7GBM0K,ぷちぐる同好会,1377,8,820,2133000,6,10,6,6,7,5,6,9,55
F5W4O51H7,あねもねちゃん,49AMYCXCD,ルドベキア,1638,18,820,2133000,8,9,7,8,8,8,8,8,64
GJYTSRBIE,キイロイトリ,PPAHU1TNY,蓮ノ空のんびり部,1485,12,822,2132000,1,8,3,5,5,6,6,7,41
2AUU5PNBB,masaya,W3YKKRWHG,ルリと愉快な一家,1372,8,822,2132000,7,6,7,7,7,7,7,8,56
LYYGRG8W4,りぞん,PBRDPWEY1,村村会,1460,14,824,2131000,6,9,10,4,8,9,4,8,58
R1BAYQ0AB,masacazu,K4TAHF9YA,はすっこ準備室,1536,15,824,2131000,7,5,4,7,10,7,7,8,55
MS2NP6PUZ,くろまる,YCTM6RYDP,金沢おでん同好会,1607,6,826,2130000,4,9,7,4,9,7,9,10,59
NRDFUPFF9,スペアミント,RF5215M2U,スクステ同好会②,1273,10,826,2130000,10,10,10,6,10,6,10,10,72
0JCJQG554,イーサン,D7H8MN2U4,LLD,1478,15,828,2129000,4,9,8,4,8,7,7,8,55
DFSDK0DC1,Exas,79C17CHA2,蓮ノ空出張部,1641,10,828,2129000,7,8,7,8,8,9,8,8,63
5VDMLPVY3,刹那,F8MLHU2NV,乙宗梢様､､､,1231,12,830,2128000,6,8,6,6,7,6,6,6,51
72K862Y7M,ザ・松田,V6DV6KETG,梢好き好きクラブ,1559,21,830,2128000,4,10,10,3,10,6,10,10,63
8BVTA3YTJ,のりしお,GR65FP8VN,蓮好き,609,0,832,2127000,7,7,6,10,8,8,6,9,61
24M5TJDPS,わるつ,GXR6C85BT,花帆ちゃん親衛隊,1795,18,832,2127000,6,6,6,6,9,6,9,9,57
U88YYDC6B,beer!!,38KAJGDGU,異次元シャニP,1344,16,834,2126000,9,10,8,7,10,7,9,9,69
G96XGGQTF,蓮色餃子,06DCWC1RE,とりあえず参戦用,1579,20,834,2126000,7,9,7,7,8,7,8,7,60
M75U576BU,らんしょー⁶,WTJV514G9,蓮ノ空のお弁当屋,1414,13,836,2125000,7,8,7,7,8,9,9,7,62
7YHYKRWN3,メイツ,N8L41JAA7,無言 ノルマなし,1575,20,836,2125000,6,10,6,6,8,6,10,8,60
K41PLWG66,gra,0FMM30LCA,無言,872,8,838,2124000,10,10,10,10,10,10,10,10,80
ZCRF41KQU,SiULY,73CBYJYB0,"oNM,",1562,18,838,2124000,7,7,7,7,8,7,9,9,61
XDEB1EAPH,通りすがり,V4A5MP41E,徒町チャレンジ！,1793,20,840,2123000,7,10,7,7,7,8,7,8,61
7HUTLH24X,からすみ,07JW71HWG,良いチケで観よう,1676,20,840,2123000,9,10,8,8,8,8,8,8,67
T0OQWC4TR,あんちもん,Y2R7E79U3,カワウソ同好会,1550,20,842,2122000,10,10,10,10,10,10,10,10,80
LUFG2MJMV,ペルシア,9U8KNU6U9,対抗戦用,1059,14,842,2122000,6,10,5,5,5,6,5,5,47
EK0XXP482,きり〜こ,8R49BTWW6,蓮女お嬢様クラブ,1414,20,844,2121000,7,10,7,7,10,7,8,10,66
29DLPDMXU,りゅー,05KN1RR3U,さやかほ花卉園,1372,15,844,2121000,6,9,7,7,10,7,6,7,59
C8JT0ZF4H,ミツキ,Y2R7E79U3,カワウソ同好会,1342,6,846,2120000,1,6,1,8,5,4,4,7,36
B9P5BJ9BE,ペトラ,2NY9H8BR9,乙宗紅茶館,1301,19,846,2120000,6,10,9,6,10,7,10,9,67
KL0XAGKBC,ホタル,919XF8V2V,蓮之空大三腳,708,5,848,2119000,6,10,8,6,8,6,6,7,57
34J8GIUXF,ロールパン,K25DPPGT9,圧倒的にまったり,1454,18,848,2119000,7,7,7,8,8,8,7,7,59
4WBT2NLH7,zeaks,JTX1G19BP,さやかほ癒し会,1460,13,850,2118000,7,8,7,6,8,7,10,10,63
ZE381AAGN,かなん,WTJV514G9,蓮ノ空のお弁当屋,1406,11,850,2118000,1,7,1,4,7,6,5,5,36
AADHJTAH6,ハッピー至上主義,0UT59MJ8U,かほすこ同好会,1332,13,852,2117000,5,7,7,6,6,8,6,8,53
QZCRZT8AR,輝く流星,J7N4W6Y1K,こずミックラブ♡,1461,16,852,2117000,7,10,7,10,10,10,5,7,66
B0DWA8L7J,BABA,B2KV0EVPD,蓮ちゅきクラブ,952,2,854,2116000,4,10,8,10,10,7,6,10,65
OYT13N3KM,ハノン,G59NGM0XA,シュリーレン,1469,20,854,2116000,7,10,6,7,6,7,7,9,59
TGAXVGBHT,ショウヤ,FVJABCVP3,瑞蓮ラボ,1625,21,856,2115000,6,10,6,6,9,7,7,8,59
1G39WUKBY,ザッキー,1AK9VTG3W,ドルケスキスキ部,968,8,856,2115000,4,10,9,4,9,7,3,8,54
B6XFP7VNH,mi,4XRHRYDW4,無言でエンジョイ,1504,2,858,2114000,6,7,6,6,6,7,6,7,51
JRT9COU68,1192,GN1798YEX,ド!ド!同好会,1648,18,858,2114000,1,9,7,6,4,4,2,6,39
MGGGX0GH1,石もふ,VW65MCVF8,スリスリーズ,1629,18,860,2113000,8,8,7,7,9,10,7,7,63
2E7QQUULE,sho,B5V2LNN43,WMW,1814,21,860,2113000,9,10,8,9,10,8,9,10,73
UZQ6XQT5R,クロ,JE7V5MM31,蓮ノ沼に沈んだ泥,1797,20,862,2112000,8,8,8,7,10,8,8,9,66
8PHVNYF0V,TA2,1DU9LCND7,蓮ノ空すこやか部,1186,13,862,2112000,5,10,7,6,10,8,7,10,63
JWB12P0L3,あなざー,G0WRCNRWK,県立沢庵図書館,1251,11,864,2111000,7,8,7,7,9,8,9,9,64
CYHB3K93J,富山ルウシェ,B5V2LNN43,WMW,566,0,864,2111000,1,10,7,4,8,5,2,8,45
7H7MISFID,花嫁,B5V2LNN43,WMW,1426,15,866,2110000,7,8,8,8,8,8,8,8,63
NMNWJ8GAQ,ルソー,NMT63RUDV,泥村,1745,21,866,2110000,8,9,8,8,9,8,8,9,67
6AEKZEMQ6,ふゆねこ,BKUHCT7WF,蓮女お嬢様部,1515,20,868,2109000,7,10,7,7,10,6,7,7,61
I8IKENW22,ねく,7NJM1VURM,らんるん部。,1612,21,869,2108000,8,10,8,9,10,9,9,9,72
TQX0EQZK8,そらた,W26TRPM1R,めぐ党藤島派,1547,20,869,2108000,5,10,7,5,5,6,10,10,58
JURXBWGFC,クルクス,CV62FGL1U,花咲かせ隊,1431,8,871,2107000,8,9,8,7,9,8,7,8,64
JXKD706VJ,くらゆい,R181MKNX1,みらくらは人生！,877,9,871,2107000,5,10,5,4,5,5,4,6,44
L13896J13,XLD,NC2YT2V28,蓮之愛同予者何人,1542,19,873,2106000,6,8,6,8,9,6,8,9,60
RFP277XPM,スガ,YNR28303K,りんくらぶ,1498,15,873,2106000,4,8,6,8,8,8,7,8,57
P4KGS0JI8,けーる,CM5THHYHB,「」ノ空だけれど,1472,19,875,2105000,7,7,7,7,8,7,8,8,59
NKFJYWXKN,すもち,WN5B7VKPU,きんぴられんこん,1623,17,875,2105000,8,9,7,7,8,7,9,9,64
T2KJ802W5,柚衣,J79LGCKKF,蓮ノ空コーラス部,1473,12,877,2104000,4,9,5,7,9,8,7,8,57
K72PH1O9S,わっぴ,GXR6C85BT,花帆ちゃん親衛隊,1773,16,877,2104000,6,10,8,8,7,8,8,8,63
67808E5KR,花枝,08DDCV5JN,黒ねこのしっぽ,789,0,879,2103000,2,7,3,5,6,7,1,4,35
RT18GTRHY,気高いミジンコ,WBW66DMUB,るりめぐ研究所,1268,17,879,2103000,7,9,7,8,10,8,7,7,63
8RXW7TUA5,大沢タビィちゃん,E7673WR7C,マルガイジ,1105,6,881,2102000,8,10,10,10,10,7,10,10,75
8CWB97P1N,おだんご,GXR6C85BT,花帆ちゃん親衛隊,1546,13,881,2102000,7,10,7,7,10,8,7,7,63
6F9LWDMNT,ASH,,,1303,17,883,2101000,6,8,4,5,8,5,10,10,56
7FNCJDNRY,みゅね,R1RM3X0WV,後方腕組みオタク,856,4,883,2101000,5,10,10,5,6,4,4,7,51
Z4TLWEM1D,ちびこま,YE7CX8RNP,蓮ノ大三十角,1797,12,885,2100000,4,10,5,5,10,6,7,8,55
7J35LPAK6,ぜんざい屋,GN1798YEX,ド!ド!同好会,1459,8,885,2100000,7,9,7,7,9,6,7,7,59
3U37YD7G6,くぃ,W26TRPM1R,めぐ党藤島派,1569,15,887,2099000,8,7,7,8,8,9,8,8,63
TRPDPT0YL,わさろん,D7H8MN2U4,LLD,1344,20,887,2099000,5,7,5,5,8,6,9,9,54
70R8DJV1N,あぶそ,GKR9TEBYC,毎日がホリデイ♪,1343,4,889,2098000,7,8,7,8,9,6,6,7,58
MAAQ0VBA5,モル,79C17CHA2,蓮ノ空出張部,1612,16,889,2098000,6,10,5,5,5,8,10,9,58
UPWIH0P3R,アルカナ,2B97MH4YA,同じ話し何回も…,1689,18,891,2097000,9,9,9,9,9,10,9,9,73
LTG2LM5XL,マスト,KXU941RFJ,梢先輩おめでとう,1136,9,891,2097000,6,10,8,6,10,6,6,10,62
2ORXMSDJC,Neamior,919XF8V2V,蓮之空大三腳,1243,18,893,2096000,4,6,4,3,7,5,7,7,43
KY1XNTX2L,ローキュー,VLY5JDKCV,新規なのだけれど,1424,21,893,2096000,7,9,7,8,9,7,8,7,62
8EYJFF4YV,えんがわ,865UE9UC6,蓮ノ空うどん部,1463,7,895,2095000,5,10,10,6,10,6,6,10,63
WPYW07BAU,ねこまる,J7N4W6Y1K,こずミックラブ♡,1178,14,895,2095000,4,7,5,4,8,5,4,9,46
5RR480B4E,らび,G0J2F9NAL,さやさやさーくる,1537,14,897,2094000,3,10,6,4,10,9,9,3,54
9HT1LVL9E,神の怒りマン,X7C21B7H7,泥,1495,15,897,2094000,8,7,6,6,7,5,7,8,54
G2YIR4WCH,みかん,CM5THHYHB,「」ノ空だけれど,1614,15,899,2093000,6,8,6,7,8,7,10,10,62
WEV79L7C0,ライトブルー,MTBP3B4GM,ふらわーすきすき,1466,21,899,2093000,7,10,10,10,10,7,7,10,71
TX9MKAUDA,ブランドン,CX967RTGY,おんゆあさーくる,1268,18,901,2092000,4,6,6,4,6,5,7,7,45
YR413R0DW,鮭味じゃがいも,6XX7GBM0K,ぷちぐる同好会,1614,21,901,2092000,10,10,9,9,10,9,10,10,77
LOU0DJVV8,あざと医,8JMW9G2XW,僕らのリンクラ！,887,6,903,2091000,3,10,9,9,10,10,2,7,60
M87RG96MY,あき,X7YM9EG8K,伝統の石川地酒,1450,12,904,2090000,7,10,8,8,10,9,8,7,67
P4CGFVWN1,buta,ABALH0AL3,楽園計画,1206,14,904,2090000,4,8,8,1,8,2,8,8,47
K151UE9OE,uma,4RY75CKM4,LLすこ部　メ募,1566,2,906,2089000,9,8,8,8,9,9,8,9,68
B1480XVVT,ハミィ,0UT59MJ8U,かほすこ同好会,1465,16,906,2089000,1,7,6,1,7,6,1,6,35
HP7QWINVD,佳凛,R1RM3X0WV,後方腕組みオタク,1386,8,908,2088000,5,8,5,5,7,7,6,6,49
CNYNTNH9V,鎖骨にワイバーン,25PMPEMG7,星見プロ,1451,12,908,2088000,5,10,10,6,10,5,6,10,62
P3KUFWHUX,にくがり,KT4C59NXG,めぐ島,1483,18,910,2087000,7,10,8,8,9,9,9,9,69
0GNFJ8VJ9,canon,DHBGK1398,となりにこな,1532,15,910,2087000,7,10,7,6,10,7,10,10,67
3VFDT3710,ピョコ,HBK6KCRPP,無言でおけ,1720,20,912,2086000,7,10,9,7,10,7,8,8,66
CDTVPL2BX,LIGH-KOU,K25DPPGT9,圧倒的にまったり,1419,15,912,2086000,10,10,10,10,10,10,10,10,80
KTLLLG4XP,さめくま,GMEF2K8DL,花咲く泥も好き²,1414,3,914,2085000,7,8,7,8,9,8,8,8,63
ULQT70PVL,さーきっと,KT4C59NXG,めぐ島,1640,14,914,2085000,10,10,10,10,10,10,10,10,80
YKVFDXYY9,ねり飴,WN5B7VKPU,きんぴられんこん,1497,7,916,2084000,8,9,7,8,8,8,9,10,67
HL5X52HY8,ダークリユニオン,TDHKGHFPA,無言参加○！,1148,13,916,2084000,1,8,6,4,7,4,4,7,41
K397Y27G5,キョウ,2NY9H8BR9,乙宗紅茶館,1227,20,918,2083000,4,10,5,5,8,8,5,7,52
LX2J0YDAZ,Judy,GMEF2K8DL,花咲く泥も好き²,1721,17,918,2083000,7,8,7,7,8,7,9,8,61
J5NANM1FM,文文,YFADYJVW4,FPS好きクラブ,747,0,920,2082000,7,10,7,7,10,8,7,7,63
DWCERKRUG,Porafa,48BTAPMBG,蓮ノ空魔術部,1369,17,921,2081000,7,9,7,7,8,10,7,6,61
M17KX7V1C,伊波シロン,B5V2LNN43,WMW,946,7,921,2081000,4,7,6,4,10,10,10,5,56
O8A9ZD5IG,堅揚げポテト,YCTM6RYDP,金沢おでん同好会,1427,20,923,2080000,7,10,9,7,10,7,7,10,67
MXA03HLC3,リ　ン　ク　ラ,GGCKK69C9,リ　ン　ク　ラ,1250,14,923,2080000,6,10,8,5,6,9,5,5,54
6U5TF6C0W,タキホ,8M6UDX260,ぽけもん好き,1219,15,925,2079000,6,7,6,7,7,6,7,9,55
WNLQTTY46,キリマンジャロ,G6LTF6TUE,喫茶ハスノソラ,1387,11,925,2079000,1,7,7,1,7,3,1,7,34
MX4E268DJ,もじゃらんど,48BTAPMBG,蓮ノ空魔術部,1562,16,927,2078000,6,8,6,6,9,7,8,8,58
PDO5I6YWY,ねぎま,3FF3NB77X,せーはす愛好会,1650,21,927,2078000,8,10,8,7,10,9,8,10,70
2WAIQS7WK,AIMe2,TK9E1BB1P,無言で自由,1682,21,929,2077000,8,10,8,8,9,9,9,10,71
VP8ALT1CU,どら,48BTAPMBG,蓮ノ空魔術部,1620,20,929,2077000,7,8,7,7,8,8,9,8,62
2FKKGLGGP,シンシン,FVJABCVP3,瑞蓮ラボ,1441,21,931,2076000,3,10,8,3,7,7,8,7,53
UVGPMPJXJ,Fuu,Y2HV0YEF7,蓮ノ空を応援し隊,1389,9,931,2076000,8,9,8,8,9,8,9,9,68
L5PWKHTE5,まざ,V4A5MP41E,徒町チャレンジ！,1484,15,933,2075000,6,7,6,6,6,6,9,9,55
KYT4WV5UC,D,EP27EEH81,毎日がホリデイ,1779,21,933,2075000,10,10,10,10,10,10,10,10,80
DP0RDV01H,りお（ろぜ）,MVMP6NNXD,空き時間らくがき,1454,15,935,2074000,1,9,2,5,7,7,6,7,44
KFBI2VLIM,Jun,AND13836G,乙宗梢親衛隊,1597,21,936,2073000,7,9,7,7,8,8,10,10,66
OQX4GEHB0,ぎんいろ,HE0GK3EPE,瑞蓮プロカ倶楽部,1619,19,936,2073000,7,7,7,6,10,7,8,9,61
1KF25J19H,まっきー,0NLHKATWL,生きてるだけ偉い,856,0,938,2072000,5,8,5,6,7,6,6,7,50
HMVAPHPN5,yabush,FV38N1J23,イベント用,1418,4,938,2072000,10,10,10,10,10,9,10,10,79
65MCJCNUU,天曰稚蜜,JE7V5MM31,蓮ノ沼に沈んだ泥,1494,20,940,2071000,8,9,7,7,9,8,7,8,63
LH75E5TGT,ぷろりん,0UT59MJ8U,かほすこ同好会,1664,17,940,2071000,6,6,6,6,6,7,7,6,50
T976NU3FV,れきてー,MTBP3B4GM,ふらわーすきすき,1229,16,942,2070000,8,10,9,7,8,7,6,6,61
3LAV7X9TK,とい,RFYKY8DCD,LA.LA.LA,1264,0,942,2070000,6,6,7,6,7,7,6,7,52
RSOOU0EWR,エスエフ,998H940YN,お嬢様筋トレ部,1566,17,944,2069000,6,9,7,6,7,7,9,9,60
MTC3Y7T16,こえたから,79C17CHA2,蓮ノ空出張部,1564,21,944,2069000,7,8,7,7,8,7,8,9,61
KKHVD2L38,夜桜,948FLPMPN,まったりハス煮〜,1104,18,946,2068000,2,10,4,1,5,5,8,7,42
I05B7B0OX,ぷちだれ,HPTHY23VR,蓮ノ空文芸部,1296,18,947,2067000,2,6,1,1,6,4,2,7,29
IEM5ZNZ0W,Xenos,GXR6C85BT,花帆ちゃん親衛隊,1880,12,947,2067000,10,10,10,10,10,10,10,10,80
FDXBWBH2B,あおっち,RF5215M2U,スクステ同好会②,1550,1,949,2066000,9,8,10,10,10,10,10,10,77
MH4I5LCZJ,ほく,X0TFG829Y,ボクのおうち,626,0,949,2066000,1,8,5,4,5,7,4,5,39
WW84R5M3A,Josie,YFADYJVW4,FPS好きクラブ,1453,17,951,2065000,2,10,2,5,8,7,7,7,48
ZUIWXH7GR,琴子と悟の夢冒険,75UJ5RB97,蓮ノ空雪野球部,1811,17,951,2065000,8,10,7,8,8,10,8,8,67
V7YLMH2IY,鬼塚夏美,EYN9H9N16,蓮すきすきクラブ,1520,16,953,2064000,7,10,8,6,9,7,7,9,63
WJG1SBROQ,クロノス,8JMW9G2XW,僕らのリンクラ！,1171,10,953,2064000,2,10,9,4,10,2,2,9,48
IEQVGJ4Z2,坊,G59NGM0XA,シュリーレン,1595,20,955,2063000,8,10,8,8,10,9,9,9,71
QX387MI7P,じろさく,VP0K6KF0K,蓮ノ空大好き!!,1434,5,955,2063000,6,10,7,6,10,8,7,8,62
97D6LAY5P,オイカゼさん,424NLTEE8,無言な異次元部屋,1295,20,957,2062000,7,10,10,6,10,8,6,10,67
TF32F8ZP2,ヨツヤマン,0TKFF5EG3,サークル名募集中,1588,13,957,2062000,7,9,7,7,8,7,9,9,63
F8KHAHURM,スバル,JTX1G19BP,さやかほ癒し会,1686,20,959,2061000,8,8,7,7,8,7,9,9,63
R1JYFA5DY,ゆう,GYJ3C6TKR,綴理先輩好き好き,1135,15,959,2061000,3,7,6,2,6,3,7,7,41
UXS5629U1,まう,GKR9TEBYC,毎日がホリデイ♪,1404,14,961,2060000,6,9,8,6,8,7,6,8,58
I962LF0QO,TOMO,VP0K6KF0K,蓮ノ空大好き!!,1564,10,961,2060000,7,8,7,7,9,7,7,8,60
WEUYCDYYX,マウエ,2K5AM4RV0,とろぺりです,646,1,963,2059000,5,10,9,8,7,7,6,8,60
63GWN43GA,アモモンガ,WAT20PN3Y,こな党,1514,14,963,2059000,7,7,7,7,6,6,10,10,60
W502CU2P0,キク＠うどん民,HBM31HMUY,YUKIZURI,1468,17,965,2058000,7,8,7,7,8,6,7,7,57
Z5D4UIYVF,ひろみみ,NA8FEYN0M,蓮ノ空飲酒クラブ,1805,21,965,2058000,8,10,8,8,10,8,9,9,70
428BS936U,ふじさき,RFYKY8DCD,LA.LA.LA,1635,13,967,2057000,6,10,9,6,10,7,7,9,64
HETR1NXDG,ack1011,JTX1G19BP,さやかほ癒し会,1136,8,967,2057000,4,10,7,6,10,7,7,8,59
P4TMNDXTW,水色,R181MKNX1,みらくらは人生！,1314,18,969,2056000,5,9,5,5,7,7,10,6,54
WL8NA1W55,Fulton,PDMPF3VVV,r/LL,583,0,970,2055000,4,10,10,4,1,7,6,5,47
AHR32783X,とろろ蕎麦,5KK3DFY18,MUGEN∞,1390,0,970,2055000,7,8,5,8,7,8,7,7,57
4F31TFH9D,憩（あらかわ）,8VGXWTV3U,R.opRizm,1263,6,972,2054000,7,10,7,8,8,8,8,8,64
NRWK8WWUK,綴のすけ,4XRHRYDW4,無言でエンジョイ,1427,12,972,2054000,8,10,9,9,10,9,7,8,70
JTNE0X93X,す,GCFA4WL28,乙宗梢を愛で隊,769,2,974,2053000,1,7,3,1,6,8,1,1,28
1XKH0A405,きょす,HBM31HMUY,YUKIZURI,424,2,974,2053000,7,10,6,7,9,6,7,7,59
KT0BG1PP0,クリフ,9YM3DBTB7,泥民館,1373,20,976,2052000,6,10,7,6,10,6,7,7,59
W7VN7JF3V,みはなだ,79C17CHA2,蓮ノ空出張部,1474,14,976,2052000,8,9,6,8,8,9,8,9,65
00P6ZFILR,でにっしゅ,RFYKY8DCD,LA.LA.LA,1502,20,978,2051000,8,8,9,7,9,7,8,8,64
NHU62JVBI,よーい,1DU9LCND7,蓮ノ空すこやか部,1676,18,978,2051000,8,10,6,8,10,8,9,9,68
1X0M6XVB6,Marunyan,GPKTRBCTT,騎空団蓮ノ空支部,1430,7,980,2050000,10,10,9,10,10,10,10,10,79
TNF32G80P,ゆゆゆ,6KUYCDLGR,かよちんは宇宙,1398,9,980,2050000,3,10,3,5,6,5,5,7,44
9HDACK3F2,たんたん,0CEA9XFKR,蓮ノ空の泥人会,967,4,982,2049000,5,6,6,8,10,9,8,7,59
UYKD45WLK,はみ,D1YHB0B1A,BWO,1393,18,982,2049000,7,7,7,7,7,7,7,7,56
55J3M6W82,うみうえ,YDYH4VRRP,レンクウ,548,0,984,2048000,4,10,9,6,9,6,5,9,58
8VVE3OU27,リージュ,GYG7B5R36,幼馴染同好会,1302,19,984,2048000,8,10,10,8,10,8,8,9,71
W3671CVAG,徐行,VXDPPJJL1,蓮ノ空リボ課金部,1233,14,986,2047000,4,10,9,7,10,4,4,10,58
WM5PYYA3F,マグネ,6YTAMD33M,リリエンフェル党,569,0,986,2047000,9,6,10,1,9,3,7,7,52
8Q9YTKSM2,るる,4RY75CKM4,LLすこ部　メ募,1589,13,988,2046000,7,8,7,7,9,8,7,8,61
9ELHJRDP5,どらもち,79C17CHA2,蓮ノ空出張部,1375,20,988,2046000,6,9,6,7,8,7,7,10,60
1FO8RWDNB,⠀ ⠀,FK5MUK0ET,くる♡すきクラブ,1517,13,990,2045000,8,8,7,8,7,9,8,7,62
A2AFNK3F0,やっしゅん,W3YKKRWHG,ルリと愉快な一家,1570,20,990,2045000,8,10,8,7,7,8,8,8,64
UWTH7CJXX,アウル,GXR6C85BT,花帆ちゃん親衛隊,1408,19,992,2044000,4,10,10,6,10,5,7,10,62
PX25B6CAT,なとりうむ,G0J2F9NAL,さやさやさーくる,1394,1,992,2044000,6,10,9,6,8,7,8,8,62
7H3AJT3DL,まろん,11FB0EDDT,スクステ同好会,1354,12,994,2043000,4,7,6,6,8,7,6,8,52
JKRUFH2CH,双方,FH7G62PKW,月火水木金土日,1422,18,994,2043000,1,8,7,2,8,5,8,8,47
439PDG459,まずか,8JMW9G2XW,僕らのリンクラ！,1682,7,996,2042000,7,10,7,9,9,7,7,8,64
3J15R3K2L,壱与,M49MMBK4F,スリーズパーク,1005,6,996,2042000,3,6,3,8,7,8,2,3,40
49R4M93J6,くしん,KXU941RFJ,梢先輩おめでとう,1454,17,998,2041000,7,10,8,7,10,8,6,8,64
40NR7VRO2,WAICW,FH7G62PKW,月火水木金土日,1569,21,998,2041000,5,8,5,5,8,7,9,9,56
M3LTBJH1V,ネム,1DU9LCND7,蓮ノ空すこやか部,1321,21,1000,2040000,7,9,7,7,8,8,7,8,61
BXVWFVNW5,春日影,919XF8V2V,蓮之空大三腳,1236,16,1001,2039000,4,10,7,4,7,4,9,9,54
LGALLT5LE,ナノ龍剣,CX967RTGY,おんゆあさーくる,748,2,1001,2039000,5,10,7,6,6,9,7,8,58
30U9BR23Y,たね,3F0M4HXJE,蓮ノ空まったり部,1129,18,1003,2038000,6,10,9,6,10,7,5,8,61
JGREF0BPV,風花,G6LTF6TUE,喫茶ハスノソラ,1828,18,1004,2037000,8,10,9,8,9,8,8,9,69
T5FHM6LNR,狐,3MW8HDRTF,秘密結社CKC,1442,20,1004,2037000,7,9,7,7,7,7,9,9,62
4L1WIM8NX,素敵さん,73CBYJYB0,"oNM,",1795,16,1006,2036000,8,9,9,7,8,8,7,9,65
GHRKDWYUH,すわぼた,JTX1G19BP,さやかほ癒し会,1517,19,1006,2036000,8,7,8,6,8,8,8,7,60
WJP7GPH5L,musiq,7R8NKPAB1,花帆推し倶楽部,1573,11,1008,2035000,7,10,8,8,10,9,8,8,68
UWJC8Y1Y5,ロマンティック水,2ULM366U6,毎日がエブリデイ,1660,19,1008,2035000,7,10,8,7,9,8,8,8,65
L31AHYM5E,アル,4XRHRYDW4,無言でエンジョイ,1446,14,1010,2034000,1,10,6,1,10,2,8,8,46
8LCHU4WA2,そーじ,0UT59MJ8U,かほすこ同好会,1437,9,1010,2034000,7,8,7,7,7,7,7,8,58
T3QL9JKGZ,だ,W26TRPM1R,めぐ党藤島派,1556,16,1012,2033000,8,10,8,10,7,8,7,8,66
RFM4CVP8P,カッチャン,N8L41JAA7,無言 ノルマなし,1397,16,1012,2033000,7,10,7,7,8,6,7,8,60
KAEXJ7XT6,打ち師ナイン,RF5215M2U,スクステ同好会②,1315,19,1014,2032000,8,8,8,8,9,9,8,8,66
EY3R9SBM8,くぼT,1BME38BCD,さすさやクラブ,1626,18,1015,2031000,6,8,6,7,9,6,7,8,57
AUEOHWX6Y,ざき,YCTM6RYDP,金沢おでん同好会,1694,19,1015,2031000,7,10,8,7,9,9,7,8,65
ERMMD0NND,ふぐ,V4A5MP41E,徒町チャレンジ！,1584,17,1017,2030000,6,6,6,6,9,6,5,8,52
GTYD8T18U,マッケン,3LPBPHL3V,壁の民の伝説,1506,10,1017,2030000,8,10,8,8,9,8,8,8,67
8NUNT9NTA,れん,CV62FGL1U,花咲かせ隊,1488,6,1019,2029000,6,10,7,6,9,7,6,6,57
2952UQ44Y,shinobix,1047JNAJC,月火水木筋トレ日,1528,20,1019,2029000,4,10,7,7,9,9,6,6,58
C1Y7XAVVD,みよし,48BTAPMBG,蓮ノ空魔術部,1492,19,1021,2028000,5,10,8,5,10,5,7,9,59
O9LDNC83Q,mrn,CX967RTGY,おんゆあさーくる,1629,20,1021,2028000,4,9,5,8,9,6,10,9,60
V45G4Y8ER,ニッケル,GXR6C85BT,花帆ちゃん親衛隊,1714,19,1023,2027000,6,10,6,6,8,7,7,7,57
F8FF7Q69W,ユッキー,D7H8MN2U4,LLD,1564,20,1023,2027000,8,9,8,8,9,8,9,9,68
MW0E12KWR,ふーさん,43HRXMXWA,無言OKクラブ,1524,15,1025,2026000,6,10,5,6,8,8,10,8,61
P5UU1U4YW,ヒロ,JTX1G19BP,さやかほ癒し会,1607,11,1025,2026000,6,9,6,8,10,8,7,9,63
75WTDUJG4,ふうりん,7RBMBBY88,瑠璃色金魚,1380,19,1027,2025000,3,10,4,5,7,6,6,7,48
935BA0WHY,にむ,RF5215M2U,スクステ同好会②,1737,19,1027,2025000,7,10,6,7,10,8,10,10,68
1WHW3FXE7,コルセ・アスミ,MTBP3B4GM,ふらわーすきすき,1560,19,1029,2024000,7,10,7,7,9,9,8,8,65
8WDIULRSE,白虎,51CF1LTGY,ラ研連合,1527,20,1029,2024000,4,10,10,7,8,4,7,8,58
UV9QYJ5YE,び〜,6XX7GBM0K,ぷちぐる同好会,1676,17,1031,2023000,6,10,10,5,9,8,9,9,66
H3Z6CCL18,リスグラシュー,NMT63RUDV,泥村,1614,15,1031,2023000,7,8,7,7,8,8,8,8,61
CKRW2M0L3,たる,L28X4MDJN,アフター観たいぞ,691,0,1033,2022000,6,10,10,7,10,6,5,10,64
8PVGDRRKP,あらびき,RF5215M2U,スクステ同好会②,823,0,1033,2022000,6,10,10,7,10,8,7,7,65
616F680B7,じょにー,6BFC4G5YG,蓮ノ空足湯同好会,1637,2,1035,2021000,7,8,7,8,9,8,7,8,62
EP2VVR3PB,いも,1DU9LCND7,蓮ノ空すこやか部,1403,16,1035,2021000,4,10,6,4,10,4,7,7,52
WGXARLYX1,やすき,NJBBTCY3A,かにかに！,1014,10,1037,2020000,2,10,1,5,5,3,1,6,33
D47ZTCSNE,与謝野ユキオ,HBUK6F7CC,乙宗梢なりきり部,1526,0,1037,2020000,7,8,7,7,7,8,7,7,58
DKCU5911H,あんこ,YCTM6RYDP,金沢おでん同好会,1512,19,1039,2019000,1,8,3,1,9,4,2,9,37
TN5Y9EW3E,かんづめ,WAT20PN3Y,こな党,1614,7,1039,2019000,7,10,6,7,7,7,8,8,60
HB0QXMHGR,くろほり,KBJ2P8T0Y,人見知りの集い,1489,14,1041,2018000,5,10,5,6,8,7,6,6,53
W0D0FD1RO,ファンタ,GMEF2K8DL,花咲く泥も好き²,1513,18,1041,2018000,4,8,6,4,9,4,7,8,50
D924RYHM2,Take,976BY5JWK,ハルカカナタ,1512,20,1043,2017000,7,10,6,9,9,10,7,7,65
182PYVUKC,るーすい,WLFW6UCX5,無敵級ビリーバー,1351,19,1043,2017000,4,10,4,4,7,7,7,8,51
74NVPKIGI,"なめろうoNM,",73CBYJYB0,"oNM,",1809,15,1045,2016000,6,8,7,7,9,8,8,9,62
K8T210D90,はんでぃー,HPTHY23VR,蓮ノ空文芸部,584,0,1045,2016000,2,7,7,7,7,8,4,6,48
I8A7KS35M,いさと,VF517JBVB,無言でいいよ。,1653,16,1047,2015000,9,10,9,9,10,8,10,10,75
8W61A02JJ,ごんべん京,W3YKKRWHG,ルリと愉快な一家,1553,17,1047,2015000,9,8,9,8,8,7,8,10,67
41121WV5Y,みーちゃん,JE7V5MM31,蓮ノ沼に沈んだ泥,1656,7,1049,2014000,7,9,8,7,9,7,8,7,62
NP16UTF12,カイチン,HBCC35887,そりゃー!!!,1235,8,1049,2014000,5,6,7,6,6,7,6,6,49
EMD3LH3WH,りりす,MTBP3B4GM,ふらわーすきすき,1587,19,1051,2013000,1,9,7,1,7,6,8,6,45
B2XNVVE45,North,7U20138DB,LGP,1399,1,1051,2013000,7,9,7,8,8,8,8,8,63
JM8UVFGRG,masaki,MTBP3B4GM,ふらわーすきすき,1558,19,1053,2012000,7,10,9,1,6,3,4,10,50
C561PY927,まよこ,95YCCGJJG,あまね部蓮同好会,906,2,1053,2012000,7,9,8,7,9,8,9,8,65
X0PWMC7QC,ゆに,WHWT61ELR,【無言】ハスノソ,1288,21,1055,2011000,10,10,9,9,10,8,10,10,76
XM6GHV3FC,たかっち,HBK6KCRPP,無言でおけ,1274,18,1055,2011000,6,10,9,7,9,8,7,8,64
ULV5VGUHB,ましろん,,,847,2,1057,2010000,7,10,6,6,8,6,6,8,57
9L8A47NPK,大坪あなご,FG5VFFNRK,蓮ノ空おじさん,1581,12,1057,2010000,7,7,7,7,10,8,7,7,60
VK7NW1UJ9,おかたい,GVT61ATX0,なのだけれど,1232,10,1059,2009000,1,5,5,4,4,5,5,5,34
X5FG9PR4K,ともえ,58FD7UF8J,としとしサークル,1300,18,1059,2009000,3,10,6,4,7,6,5,6,47
F6FKCB48N,ぺりらもち,BT22M41DV,梢花帆吟子同好会,1336,15,1061,2008000,7,7,7,7,7,7,8,8,58
O09FKXO4F,リボン,6BFC4G5YG,蓮ノ空足湯同好会,1353,20,1061,2008000,1,8,1,4,5,6,4,5,34
7YX6Y7YK1,れおっぴ,2JK7E4115,ラ！推し,1522,8,1063,2007000,7,8,5,7,9,8,8,8,60
PTYM2DQMT,NOP,V26546K3D,乙宗気合筋肉,1448,21,1063,2007000,5,10,10,5,10,5,10,10,65
5GGWMNB8V,ジャーマネ,AXG81GPMP,蓮ノ空マタギ部,1625,21,1065,2006000,7,9,7,7,10,9,8,7,64
XX2YW3264,つづるり熱血,CX967RTGY,おんゆあさーくる,1444,18,1065,2006000,7,10,7,8,9,7,7,8,63
1IWO0DP1G,しろ,GKR9TEBYC,毎日がホリデイ♪,1359,0,1067,2005000,2,7,3,4,7,6,5,7,41
VV8RPP6PX,umeo,WN5B7VKPU,きんぴられんこん,1616,19,1067,2005000,7,9,6,7,10,8,7,8,62
OUEUK5ABE,ユキ,PLBBEX019,待機室目指し隊,1577,15,1069,2004000,7,10,9,7,10,8,7,8,66
MVD3JUMPA,黒の皇帝,M5LHG6R4T,乙宗動物園,1063,7,1069,2004000,2,5,1,1,6,6,7,4,32
KARXL77JJ,∫ai9a,0TKFF5EG3,サークル名募集中,1448,14,1071,2003000,7,9,8,7,9,8,8,8,64
MDS3JLIP9,マヤしゃま,B5V2LNN43,WMW,1484,20,1071,2003000,6,10,6,5,10,6,8,9,60
SHJY62H4I,ふらんふらん,4TALX5GJ6,ライグラ体験会場,1159,18,1073,2002000,5,5,5,5,6,6,9,9,50
TM3VAHO5N,桜木,EHGD5JJK1,限界夜行,1570,20,1074,2001000,6,10,9,6,9,8,8,8,64
JHA2S8IM3,pano,GKR9TEBYC,毎日がホリデイ♪,1627,21,1074,2001000,8,9,8,8,10,8,9,7,67
3DA8ELIEA,玉さん,A9MA307FX,楽しいが一番,1691,21,1076,2000000,7,8,7,6,7,7,7,7,56
P3REY1R5J,いがらし,6XX7GBM0K,ぷちぐる同好会,848,5,1076,2000000,6,9,7,7,7,8,3,6,53
2CKHM0GEM,たいしょー,4URND90YY,参加賞狙い,875,2,1078,1999000,1,8,1,4,6,6,5,5,36
FYCBDQWGV,コトブキ,AXG81GPMP,蓮ノ空マタギ部,1534,14,1078,1999000,7,9,8,7,8,9,7,8,63
I3Z8DKKMK,naru,YCTM6RYDP,金沢おでん同好会,1855,19,1080,1998000,6,10,7,6,10,7,8,8,62
FZDZW0KWF,つづさや〜,PDMPF3VVV,r/LL,1568,6,1080,1998000,6,8,6,6,6,6,10,10,58
740FWQUNQ,RYUKI,N0EXH1CM1,ぱちぱち徒町,1519,18,1082,1997000,7,10,7,6,10,7,7,7,61
EV124MBVX,てんnew,RF5215M2U,スクステ同好会②,1392,19,1082,1997000,8,10,8,7,9,8,8,9,67
ZYVZ4FSC5,ご注文は梢ですか,G6LTF6TUE,喫茶ハスノソラ,1849,21,1084,1996000,8,10,8,9,9,8,9,10,71
WHC9YENJ2,こあ,3A63DYH54,LLすこすこ部,1169,15,1084,1996000,4,8,7,6,4,5,4,6,44
7WEHEX7T9,あやね,E7UBFLW56,同好会の同好会,1771,15,1086,1995000,7,7,7,7,8,8,8,8,60
LCJMCKVZB,ain,57UT319NN,蓮ノ空同好会,900,4,1087,1994000,6,10,6,7,7,6,8,6,56
IEBYCC1D7,ひめぎんは無い,HGEY536HW,ひめぎんは無い,1692,15,1087,1994000,8,8,6,7,8,8,7,8,60
L5WXR0V9Y,にっつ,25PMPEMG7,星見プロ,1398,16,1089,1993000,8,9,8,7,8,8,8,10,66
PMFQ33W76,ティワワ,4RY75CKM4,LLすこ部　メ募,1654,10,1089,1993000,5,10,10,4,10,6,6,10,61
JM6NJJML7,piyo,L3NN1RWMY,アポロベイ海賊団,1089,8,1091,1992000,7,10,8,7,7,7,7,8,61
KTPM67B8E,きしめん,WN5B7VKPU,きんぴられんこん,1268,17,1091,1992000,1,10,5,1,3,5,1,9,35
0EKYJDS1H,魔牛羊,B2KV0EVPD,蓮ちゅきクラブ,1306,11,1093,1991000,4,4,4,9,6,6,4,4,41
AP7F00GN1,デンチ,WHWT61ELR,【無言】ハスノソ,1375,11,1093,1991000,8,10,8,8,8,8,7,8,65
S14ZTUCRG,ZEROICHI,BT3GEWM5L,ささやか村の集い,1499,1,1095,1990000,7,8,7,7,8,8,8,8,61
JBEMPA78R,あなた,ULUELCJ7T,なるようになる？,1415,20,1095,1990000,8,9,7,7,8,7,10,9,65
82XHVVXLA,Tep(TH),0UT59MJ8U,かほすこ同好会,1631,20,1097,1989000,8,8,8,7,8,7,10,10,66
DPK12D7YW,けんぼー,N1JM7M3YC,丘側,1355,16,1097,1989000,5,10,6,5,9,6,4,8,53
NA96CJ2HT,アイドゥーミー！,R1RM3X0WV,後方腕組みオタク,707,0,1099,1988000,6,7,7,7,8,8,7,8,58
2BUA3W4V5,a,FG5VFFNRK,蓮ノ空おじさん,1063,11,1099,1988000,4,10,7,5,10,5,4,8,53
9DN39ABXR,じぐないん,RWARTHA1M,乙宗梢大好き部,1681,15,1101,1987000,8,8,8,6,10,7,6,7,60
A0PQIHNP6,カメリア,H837E0M9R,沙知先輩大好き部,1713,15,1101,1987000,7,8,5,7,9,8,8,9,61
F4T8JUMZI,のびえもん,0R8BXPRC1,ポチっ！とクラブ,1258,19,1103,1986000,6,7,7,7,7,7,7,7,55
YA33XTF5A,クロト,J8HXTJ8TB,流し素麺同好会,1356,10,1103,1986000,5,9,9,7,9,6,6,9,60
1U3IE6OEV,よすよす,V26546K3D,乙宗気合筋肉,1432,18,1105,1985000,6,6,6,7,6,6,8,8,53
0DJ374X37,ぶーもり,N7J2R9JDN,ログイン目標勢!,617,0,1105,1985000,2,6,1,4,2,7,4,4,30
22VLF2LFX,一生スリブです！,MTBP3B4GM,ふらわーすきすき,1305,12,1107,1984000,4,8,5,4,7,7,6,7,48
UCVSZZ3HZ,ミツ,9P9EPKFHE,無言参加OK,894,7,1107,1984000,5,10,5,5,6,7,5,5,48
7V344L4NR,まっしー,1H5P6KV81,さやかの水着,563,1,1109,1983000,3,10,8,3,8,8,5,8,53
3EA3R0TYA,あすか,F8MLHU2NV,乙宗梢様､､､,1417,0,1109,1983000,7,9,7,9,7,7,8,9,63
CWD74E0R8,ゆきかぜ,WWWUTP96L,異次元からキマシ,1186,4,1111,1982000,1,10,10,5,6,4,6,7,49
GYN68N567,かっつ,HBM31HMUY,YUKIZURI,1448,18,1111,1982000,6,10,7,7,8,7,7,9,61
TF3P7YXVG,メンダコ,V4A5MP41E,徒町チャレンジ！,1678,19,1113,1981000,5,9,5,5,6,5,9,9,53
YA1XP8AGP,たろー,HBK6KCRPP,無言でおけ,1544,20,1113,1981000,7,8,8,7,10,7,9,9,65
2KWBH4L96,ぽけ,KXU941RFJ,梢先輩おめでとう,1688,13,1115,1980000,8,10,8,8,10,8,8,9,69
39Z2746WP,かより,N7GLY2RUW,百生銀行,1401,18,1115,1980000,6,10,8,7,10,7,6,7,61
UR8RH1ARX,ブクト,1BME38BCD,さすさやクラブ,1606,19,1117,1979000,6,9,6,6,6,9,7,7,56
TVF18GHGM,maritime,CY3GGDH7H,㍿キモ・オタク,725,3,1117,1979000,2,8,1,1,7,2,1,5,27
6R3CBH7KB,まーしぃ,Y2HV0YEF7,蓮ノ空を応援し隊,1605,15,1119,1978000,4,9,8,4,8,5,8,9,55
UW6LOGHFD,虹が咲いちまった,KULVP7FDR,アニマル分室,1617,17,1119,1978000,5,10,8,5,10,7,5,9,59
DJICFWON6,ながのん,0TKFF5EG3,サークル名募集中,1558,20,1121,1977000,6,10,10,5,10,10,10,10,71
EL8NCJUPY,とりさん,NRK4MV1C1,茅バール,727,2,1121,1977000,2,7,1,4,8,5,4,5,36
3O33FUW42,クリムゾン孔雀,9GDHWXGVG,ルリと花咲く毎日,1619,19,1123,1976000,4,10,8,5,9,7,6,8,57
ISY4WXWMT,とば,D7H8MN2U4,LLD,1309,3,1123,1976000,6,6,6,6,7,9,7,7,54
WM0BNWMWN,浅葱,48BTAPMBG,蓮ノ空魔術部,1685,20,1125,1975000,8,10,7,8,9,8,8,9,67
YLQKVDHGG,みなとつき,R181MKNX1,みらくらは人生！,1497,17,1125,1975000,6,6,6,6,6,6,6,6,48
VNF3FHCBR,グリード,8R49BTWW6,蓮女お嬢様クラブ,1247,10,1127,1974000,4,10,7,7,10,8,6,7,59
TUJAAL2V3,ゆきまさ,08DDCV5JN,黒ねこのしっぽ,979,7,1127,1974000,5,7,5,5,9,5,8,7,51
MJIM20CIT,サカヒーロ,V6DV6KETG,梢好き好きクラブ,1537,20,1129,1973000,7,9,6,7,8,8,8,9,62
2SBHPGSJR,どーぶ,GKR9TEBYC,毎日がホリデイ♪,1438,3,1129,1973000,9,9,8,8,8,8,8,8,66
8AGBKMS6H,もっぴぃ,J7N4W6Y1K,こずミックラブ♡,1576,21,1131,1972000,5,8,5,5,8,5,9,9,54
M96XRQZRW,一輝,RFYKY8DCD,LA.LA.LA,1550,16,1131,1972000,6,7,6,7,10,7,10,9,62
DFBXXJLL3,ポット,RFYKY8DCD,LA.LA.LA,1579,14,1133,1971000,7,8,8,7,10,9,9,9,67
T3NCHMRHP,TG,R083H7WRN,サークル無言,1073,12,1133,1971000,8,10,9,8,9,8,8,7,67
ZAB6POKTY,りんう,K25DPPGT9,圧倒的にまったり,1529,14,1135,1970000,7,9,7,8,7,8,8,7,61
UMFT579PG,さやさや・・・,CX967RTGY,おんゆあさーくる,1462,19,1135,1970000,2,9,3,5,6,6,6,8,45
FB3TU21W2,二代目モリゾーン,R181MKNX1,みらくらは人生！,1424,6,1137,1969000,6,6,6,6,7,6,6,7,50
FXNBXLOUO,ハシボソ,Y2HV0YEF7,蓮ノ空を応援し隊,1448,20,1137,1969000,6,8,6,6,9,7,7,6,55
CMZHZ9KOZ,「nappa」,CM5THHYHB,「」ノ空だけれど,1542,21,1139,1968000,3,10,8,3,8,5,8,10,55
720AHHAPK,6xtu,BXGNMY466,ライグラ用,925,14,1140,1967000,5,6,6,5,6,6,6,6,46
LE2PGA7A6,しのぶ,G59NGM0XA,シュリーレン,1366,9,1140,1967000,6,10,8,6,9,6,6,7,58
85M61AF85,なつ,HBM31HMUY,YUKIZURI,1145,3,1142,1966000,5,10,7,5,10,7,4,6,54
7DKMEGBI6,粉チーズ,05KN1RR3U,さやかほ花卉園,1697,14,1142,1966000,5,8,6,5,10,7,8,7,56
94FZ4NEER,ウィル・シキ,2K5AM4RV0,とろぺりです,1531,12,1144,1965000,8,10,8,9,10,7,8,8,68
888HLADHY,昭弘みらくらんど,WEKXHR1VK,散らない蓮の華,520,1,1144,1965000,5,8,7,6,8,8,5,6,53
YS54DOFNV,ぬこぬこ,B5V2LNN43,WMW,1613,20,1146,1964000,6,8,7,6,10,6,9,9,61
M62DM824H,そらら,ABALH0AL3,楽園計画,1362,4,1146,1964000,8,6,6,8,7,6,7,8,56
WWE7K3BRH,あき,JE7V5MM31,蓮ノ沼に沈んだ泥,1613,19,1148,1963000,6,9,6,6,10,6,10,10,63
73LLL5HU8,ウェゐク,TN2M8YT07,まかないしお,836,0,1148,1963000,1,9,8,4,9,4,4,4,43
DM845G6CU,Mea.,Y2HV0YEF7,蓮ノ空を応援し隊,1362,20,1150,1962000,7,9,8,7,9,7,7,9,63
NWTP5WXHV,タチバナ,NMT63RUDV,泥村,1505,17,1150,1962000,6,8,6,6,8,6,8,8,56
WH4U273V4,ケイ,7NJM1VURM,らんるん部。,1317,15,1152,1961000,9,9,9,9,9,9,9,10,73
N5U5H5DCX,シューマイ,1DU9LCND7,蓮ノ空すこやか部,1296,13,1152,1961000,4,8,7,4,8,5,3,7,46
XCRX2GAFB,なる,WN5B7VKPU,きんぴられんこん,1726,21,1154,1960000,6,10,8,7,9,8,7,10,65
2BYYVT3XU,そう,RWARTHA1M,乙宗梢大好き部,1526,20,1154,1960000,5,9,6,5,10,8,10,10,63
33LNLB21H,なろー,BTVC9G95X,FES用,1356,13,1156,1959000,5,8,5,7,8,8,7,8,56
U6C6UD7YQ,菜緒,HBM31HMUY,YUKIZURI,1456,10,1156,1959000,2,9,4,5,8,7,4,5,44
EAX8Z37EN,ななせ,M851LEV3N,なっす父兄,1589,21,1158,1958000,5,10,6,8,10,10,10,10,69
KRCKB7VP4,でんち,0B8RTHY4D,のんびり屋さん,754,4,1158,1958000,5,10,5,4,5,4,4,7,44
HCH35L7HK,げっきょ,5KK3DFY18,MUGEN∞,1490,19,1160,1957000,8,10,4,3,10,4,9,10,58
BFN5RBZ11,Mez,KGDNX3EF3,ENcircle,1304,16,1160,1957000,1,5,1,6,8,2,5,8,36
NJIKFN9TC,彩丸,T2XRMGEAE,蓮根無言会,1369,13,1162,1956000,5,8,7,5,9,5,9,9,57
L46P41LMI,しし座のB型,7R8NKPAB1,花帆推し倶楽部,1525,12,1162,1956000,3,8,3,6,7,6,5,6,44
KEEKMXE23,ゆのし,GVT61ATX0,なのだけれど,1404,21,1164,1955000,8,10,9,9,10,9,8,9,72
YLYWCNDGK,かいゆー,FC8NBAJBT,ラー麺二郎金沢店,1660,20,1164,1955000,5,10,5,7,8,8,8,10,61
SCV1R2T85,わふ,CTW8DKV5P,まったり,1601,16,1166,1954000,8,10,8,7,10,9,10,10,72
8ZON7K0AT,hide@FS,2NY9H8BR9,乙宗紅茶館,1328,15,1166,1954000,6,10,6,8,10,6,8,9,63
838S79KWG,産屋敷ボンバー,XGK5TRHBA,パチ○コ錬金術部,1709,14,1168,1953000,6,10,8,6,4,9,7,4,54
0K0C0NB0A,mishiro,07WJ3V6EC,ハスノコ,1549,4,1168,1953000,6,7,6,5,7,6,5,5,47
JUV6TGWYJ,うそぎ,ANCNM0UPK,スクスタ適当部,1543,20,1170,1952000,3,8,9,3,9,5,9,9,55
9RV301LEB,いもむし,GXR6C85BT,花帆ちゃん親衛隊,1665,16,1170,1952000,8,10,9,10,10,10,7,8,72
P65NXE2H1,ナスちん,G0WRCNRWK,県立沢庵図書館,1430,20,1172,1951000,5,10,7,6,8,8,6,6,56
N20CD9N24,アイラ,TJPWPCM36,リンクラ支部,1339,11,1172,1951000,5,10,5,6,10,8,10,10,64
1RK6H53X8,寝落ちェ,8MDA3A0AK,イベント用,883,2,1174,1950000,5,10,8,1,7,6,7,7,51
T2HICS0U9,かえ☺︎,2NY9H8BR9,乙宗紅茶館,1349,15,1175,1949000,8,8,8,4,8,9,8,6,59
DCR8TX22K,みんと,,,1374,19,1175,1949000,1,10,6,5,10,7,4,7,50
6LE9JEL50,Zucky,0CEA9XFKR,蓮ノ空の泥人会,1077,9,1177,1948000,5,8,5,8,4,3,1,8,42
8WCEGSZAE,まと,7R8NKPAB1,花帆推し倶楽部,1386,2,1177,1948000,4,10,6,6,10,7,6,7,56
ME2W2BCWH,まっきー,2NY9H8BR9,乙宗紅茶館,1599,20,1179,1947000,7,8,7,6,10,9,8,7,62
4N9BBW8FA,レベレンドX,PDMPF3VVV,r/LL,1838,21,1179,1947000,8,7,9,7,8,7,8,10,64
7D0KNA7H1,じゅうじ,CTW8DKV5P,まったり,1330,2,1181,1946000,9,10,8,8,8,9,8,8,68
DBMUT6YCX,キリ,V8XX999F6,卍蓮村幼稚園卍,1347,16,1181,1946000,6,10,6,5,9,8,6,6,56
9E5DDVUL2,ナガリス,NLTAB4BLF,蓮ノ空ゆる活動部,778,2,1183,1945000,7,9,8,7,8,8,7,7,61
K8TC80J3C,ゆう,FG5VFFNRK,蓮ノ空おじさん,1242,12,1183,1945000,3,9,5,4,4,5,4,4,38
ZYB17OTGE,鯛,WTJV514G9,蓮ノ空のお弁当屋,1440,19,1185,1944000,5,9,7,5,10,6,9,10,61
5FUZHUWG4,ASBN,J0N1E3Y09,月火水木金土日,1139,2,1185,1944000,7,9,7,7,8,7,6,6,57
186XX8N21,ヒガ,YNR28303K,りんくらぶ,1226,3,1187,1943000,6,10,9,7,7,9,8,8,64
H9T6UA4HK,くらっちぃ,05KN1RR3U,さやかほ花卉園,1378,20,1187,1943000,5,7,5,4,5,6,8,9,49
27004J3L2,まっつぁん,AH27N260E,百生信託銀行,1529,17,1189,1942000,2,10,10,4,10,10,3,10,59
QMTRT7QBS,みかん星人,JA2C658FW,さや綴理の村人,1352,13,1189,1942000,7,10,8,6,10,8,7,8,64
LG4WRR8XI,ともてんてー,FG5VFFNRK,蓮ノ空おじさん,1531,12,1191,1941000,8,7,8,7,7,6,7,8,58
WYF5GRPEP,ちゃんかい,FK5MUK0ET,くる♡すきクラブ,1283,17,1191,1941000,1,10,8,1,6,10,1,1,38
64G97EX0C,金沢市民,26JDLMBLN,徒町は強く生きる,1239,12,1193,1940000,5,10,7,10,9,8,5,6,60
4N0T1PYUR,ヒロハス,7R8NKPAB1,花帆推し倶楽部,1464,20,1193,1940000,7,9,8,7,10,7,7,8,63
PETGW0DZK,ふぁー,J8HXTJ8TB,流し素麺同好会,1610,17,1195,1939000,6,7,5,6,6,7,6,6,49
AR5VWPKV5,みらくらぽーく,F8MLHU2NV,乙宗梢様､､､,1341,19,1195,1939000,5,10,8,6,9,6,8,8,60
YLGVH328E,めぐミルク,,,1286,1,1197,1938000,7,8,6,7,6,7,7,7,55
V7DTQN04B,タク,CX967RTGY,おんゆあさーくる,1506,17,1197,1938000,7,9,8,7,9,8,7,9,64
S9K0MFOPI,あかつき,B5V2LNN43,WMW,1597,19,1199,1937000,8,9,7,9,9,8,8,9,67
96B88D56E,ちーちゃん,NJBBTCY3A,かにかに！,1163,12,1199,1937000,3,9,4,7,7,7,5,5,47
GNDIUMDF7,いかるが,JE7V5MM31,蓮ノ沼に沈んだ泥,1558,13,1201,1936000,7,7,8,7,7,7,7,7,57
BGHQZ7N7W,の〜ヴぁ♪,GKR9TEBYC,毎日がホリデイ♪,1793,20,1201,1936000,8,9,7,7,10,7,9,8,65
MY2KK91G9,スタートレック,998H940YN,お嬢様筋トレ部,1100,13,1203,1935000,7,7,7,10,7,8,7,7,60
KP0B1CD6X,しょだん,WN5B7VKPU,きんぴられんこん,589,1,1203,1935000,5,10,5,1,6,7,2,2,38
KA2DTRI1A,ひは,UVN7G4X3A,闇のルビィ団,1682,6,1205,1934000,7,8,7,7,8,7,7,7,58
DZI854CGZ,誾月,WX1DYC9Y1,ラナンキュラス,1377,14,1205,1934000,1,10,5,1,2,2,8,8,37
SDO1X5IAP,ramen,PDMPF3VVV,r/LL,1362,8,1207,1933000,4,10,8,2,10,4,4,9,51
CKD6D1JNL,RELaina,919XF8V2V,蓮之空大三腳,1326,6,1207,1933000,6,6,6,6,6,8,7,7,52
FNZSMW980,snow,RFYKY8DCD,LA.LA.LA,1627,13,1209,1932000,7,8,7,7,8,8,8,8,61
CEUBNJ4F6,a,N8L41JAA7,無言 ノルマなし,1073,10,1209,1932000,4,8,6,4,10,6,4,8,50
BH72RJ8M3,ハル,9RYR14H9L,ソロマターリ,1292,20,1211,1931000,1,10,5,6,9,7,7,7,52
JB08G6KR8,うまいぼう^〜^,F90XW14UP,のんびりプレイ,810,3,1211,1931000,5,9,6,5,6,6,5,6,48
F6D460XUF,空蝉うつせみ,865UE9UC6,蓮ノ空うどん部,1501,11,1213,1930000,10,10,10,10,10,10,10,10,80
UC2XHTF7W,なま,ABALH0AL3,楽園計画,1337,13,1213,1930000,4,10,10,6,10,7,5,10,62
MSGD76QL0,愚者,9JTF508LB,スクスタ亡霊部,1642,15,1215,1929000,8,10,8,8,10,8,9,9,70
5O0HMLKPZ,りあ,E76N52LMW,イベントのみ,1235,20,1215,1929000,6,7,6,7,6,8,7,7,54
NF154X7UN,紅月,0UT59MJ8U,かほすこ同好会,1741,20,1217,1928000,7,10,10,6,10,7,10,10,70
H28HW286V,みょん,JTX1G19BP,さやかほ癒し会,1468,15,1218,1927000,5,8,10,5,7,5,9,9,58
AGAG7AJE9,ルーク,YCTM6RYDP,金沢おでん同好会,1503,9,1218,1927000,7,9,7,7,8,7,7,7,59
FJU43A44H,mtk,2K5AM4RV0,とろぺりです,925,3,1220,1926000,10,10,9,8,10,10,8,8,73
2RXBMCHH9,ぶるおんせん,YE7CX8RNP,蓮ノ大三十角,1412,19,1220,1926000,5,10,10,6,10,5,5,10,61
Z4OYJ1OKQ,いがぐり,X34LWGL6R,サークル2,1517,17,1222,1925000,5,8,5,5,6,5,7,7,48
14PM5Q2R4,ぱん,73CBYJYB0,"oNM,",1777,17,1222,1925000,7,9,7,8,8,8,8,8,63
67TTDUZ9V,たかな,V26546K3D,乙宗気合筋肉,1534,20,1224,1924000,1,10,8,4,10,8,7,8,56
RGJ7KKAVB,あかたか,MTBP3B4GM,ふらわーすきすき,1728,21,1224,1924000,5,10,4,8,8,8,7,8,58
7ZW228ZPT,レイン,51CF1LTGY,ラ研連合,1321,15,1226,1923000,6,7,7,7,7,6,6,7,53
P4M1AH0MZ,立山,0CEA9XFKR,蓮ノ空の泥人会,1272,8,1226,1923000,1,7,6,4,7,4,4,8,41
PB41XUMNF,みわ,PUJ0ERCMW,蓮ノ空倶楽部,1702,21,1228,1922000,4,10,4,6,10,7,8,4,53
P61TV63B0,シャベル,48BTAPMBG,蓮ノ空魔術部,1167,15,1228,1922000,6,8,6,6,9,8,7,7,57
7A25KTNAE,あずにゃん,8M6UDX260,ぽけもん好き,592,0,1230,1921000,6,7,6,6,8,8,8,6,55
SMO8LHD6F,ゴリニキ,L3NN1RWMY,アポロベイ海賊団,1468,13,1230,1921000,6,8,5,6,6,7,5,6,49
F7A3MHW3F,ゲンヤ,CX967RTGY,おんゆあさーくる,1532,20,1232,1920000,6,8,6,6,8,7,8,8,57
GVYNT65U1,スバるん,YE7CX8RNP,蓮ノ大三十角,1594,19,1232,1920000,7,9,7,8,8,8,7,8,62
E58TCOAQF,乙宗さやか,HBUK6F7CC,乙宗梢なりきり部,1487,20,1234,1919000,6,10,7,6,8,7,7,7,58
MDP0NBVAH,影02,1BME38BCD,さすさやクラブ,1694,19,1234,1919000,8,10,8,6,6,10,6,6,60
HCRKU58D8,ゆーや,HBM31HMUY,YUKIZURI,1037,7,1236,1918000,2,6,6,7,7,6,1,1,36
272E1UNTU,おくやん,9RYR14H9L,ソロマターリ,1247,20,1236,1918000,1,10,7,4,10,10,9,9,60
STS2ZF786,SAK,8FR866PRY,蓮っ子みらくラブ,1256,13,1238,1917000,1,7,8,1,7,3,7,8,42
RD4BMG4UH,ふじかつ,XE8513HNP,喫茶カワウ空✨,1783,21,1238,1917000,7,10,8,9,10,9,7,8,68
89E28KMLV,Dav,E515TRU1G,起きろ夕霧綴理,1115,7,1240,1916000,6,9,7,6,7,6,9,6,56
LIVH0U0S2,卍アキ卍,AH27N260E,百生信託銀行,1219,13,1240,1916000,3,10,6,3,10,5,3,4,44
PSW1T3COA,マッキー,GKR9TEBYC,毎日がホリデイ♪,1434,6,1242,1915000,7,8,7,7,8,8,8,8,61
GDEW209B6,さくら,KXU941RFJ,梢先輩おめでとう,1285,8,1242,1915000,6,9,6,6,7,6,7,7,54
YXEK463WP,もっちー,YDYH4VRRP,レンクウ,1400,20,1244,1914000,5,10,7,5,10,6,10,10,63
Q6VQENDXG,ゼット,9DKR4Y2CJ,蓮ノ空老人会,1747,21,1244,1914000,3,9,3,6,10,4,7,10,52
LD542Q15X,よぜ,YDYH4VRRP,レンクウ,1692,15,1246,1913000,6,8,5,6,9,8,10,8,60
PEV5TKWDP,ぺいちんぐ,GCFA4WL28,乙宗梢を愛で隊,583,0,1246,1913000,3,8,3,1,7,5,2,5,34
00MH3P2WY,SkyEagle,U740C25T1,ごろちゃんず,1005,7,1248,1912000,2,8,1,6,7,6,4,5,39
JMOWWJBZA,ミ四,05KN1RR3U,さやかほ花卉園,1591,3,1248,1912000,8,8,7,7,7,7,6,7,57
GBGN1EYNY,esca,H0DV3JJGA,かほさやてぇてぇ,1260,8,1250,1911000,1,8,5,6,9,6,7,7,49
Z01UF5760,はこ,X34LWGL6R,サークル2,1330,17,1250,1911000,2,10,10,1,10,5,1,10,49
U4Q9QD42M,シマリス,HBUK6F7CC,乙宗梢なりきり部,1507,20,1252,1910000,3,8,3,3,7,5,8,8,45
HD0WFWA5W,おーじ,WWWUTP96L,異次元からキマシ,1267,18,1252,1910000,3,6,3,5,6,4,6,7,40
X35JN0151,Aqua,7J5JK1W1W,高根町,1342,17,1254,1909000,7,7,6,6,7,6,8,7,54
3K3KPCXNV,Flammen,PDMPF3VVV,r/LL,1621,21,1254,1909000,8,10,9,6,7,5,8,8,61
2OCVD96VE,おじょう,4XRHRYDW4,無言でエンジョイ,1546,10,1256,1908000,6,7,5,8,8,6,4,2,46
MT3RWDPWK,Asaneko,AGJ215YND,蓮の空中國分校,880,8,1256,1908000,7,10,10,7,7,10,8,8,67
PHXKAE0L7,カタヒデ,WTJV514G9,蓮ノ空のお弁当屋,1287,16,1258,1907000,4,5,6,4,9,5,5,5,43
Y9137OB91,ぜにまる,EYN9H9N16,蓮すきすきクラブ,1634,16,1258,1907000,6,10,6,6,8,7,7,7,57
XY15TEL69,_ﾏ,GW4CH70HK,TKG同好会,1219,17,1260,1906000,1,5,5,1,7,5,5,6,35
A2IN5CWL7,きこ,YE7CX8RNP,蓮ノ大三十角,1751,21,1260,1906000,8,10,5,9,10,10,5,10,67
8R4LC8G2A,ブラウ,BCJRMHE75,梢すきすきクラブ,1468,20,1262,1905000,7,7,6,7,8,6,9,9,59
Y4LK489BU,uni,HWJ8XPW0T,箱推しなのだけど,1330,14,1262,1905000,6,7,7,7,7,6,6,8,54
0J9VGUGRR,TAKA,GN1798YEX,ド!ド!同好会,1529,20,1264,1904000,6,10,9,7,10,8,6,9,65
VM5FHWG3T,いてつ,8M6UDX260,ぽけもん好き,1472,12,1264,1904000,3,10,9,7,10,7,6,10,62
E8YW4THZQ,らぎす,RWARTHA1M,乙宗梢大好き部,1476,19,1266,1903000,5,6,5,5,6,6,9,8,50
BF3P10G4B,きあ,N1DJVPGP8,いつでも咲けるよ,1412,6,1266,1903000,7,10,8,7,10,7,8,7,64
J2HZWHLHZ,あにめほしいもの,G0J2F9NAL,さやさやさーくる,1542,15,1268,1902000,8,10,8,8,8,8,9,8,67
J4UB1N4AY,ドラキチ,PPAHU1TNY,蓮ノ空のんびり部,1132,13,1268,1902000,6,5,5,6,9,5,9,8,53
ONG0YLGRM,でぇーき@めぐ党,RF5215M2U,スクステ同好会②,1609,16,1270,1901000,7,8,8,7,8,8,7,7,60
JME01B1A1,ハクチュー黄凛,WN5B7VKPU,きんぴられんこん,1503,13,1270,1901000,6,7,6,7,7,7,7,7,54
2ZAR0NTWL,のと,R1RM3X0WV,後方腕組みオタク,1572,20,1272,1900000,7,7,5,7,7,7,8,8,56
UKGTVLNSD,クリス,JTX1G19BP,さやかほ癒し会,1302,10,1272,1900000,3,7,7,1,7,4,8,8,45
8O1HMMGJ3,shimauo,95TAREFPT,ご自由にどうぞ,1469,20,1274,1899000,5,8,7,5,8,5,7,8,53
JKJ7SUKZM,M.A.R.K.,7U20138DB,LGP,1240,2,1274,1899000,1,6,5,4,6,7,6,5,40
HC7HANURE,KCC,YFADYJVW4,FPS好きクラブ,1026,14,1276,1898000,1,6,1,4,10,6,4,5,37
8LE4FHM3X,neon,K4TAHF9YA,はすっこ準備室,1450,7,1276,1898000,3,9,4,5,9,10,9,9,58
J6DF18DSG,マシロウ,ULUELCJ7T,なるようになる？,1074,4,1278,1897000,4,8,5,6,9,4,6,9,51
X2E96DCWJ,あき,G0J2F9NAL,さやさやさーくる,1508,20,1278,1897000,7,10,10,7,10,9,7,7,67
M2YAWFRX9,Syn,8JMW9G2XW,僕らのリンクラ！,1625,19,1280,1896000,7,8,5,7,8,7,7,7,56
EG0469X02,ずっきー,4FN0KWB4G,無言参加大歓迎！,706,0,1280,1896000,6,10,5,5,10,8,5,8,57
CYL91977R,げちょげちょ丸,53M4V2BVG,吟子の髪飾り,649,1,1282,1895000,3,3,3,3,1,4,5,5,27
FKVUW0K7Q,TA93,Y2HV0YEF7,蓮ノ空を応援し隊,1713,18,1282,1895000,7,7,7,7,8,7,8,8,59
6A1R37A8C,なの,573J1JVVK,かほかほ,1132,13,1284,1894000,3,10,1,1,10,8,5,10,48
V8F0YRMRD,高咲侑DD,J800VVPTN,Aqours,1404,19,1284,1894000,6,10,7,7,8,6,8,8,60
YEZNKQ1J7,トラン,YK0X6N2HN,無言OK出入自由,1627,20,1286,1893000,8,9,8,10,8,8,7,8,66
D4H57USEN,全粒粉クッキー,NMT63RUDV,泥村,1186,14,1286,1893000,1,9,6,1,6,2,1,7,33
RRZI5J5JE,ささよし,GPKTRBCTT,騎空団蓮ノ空支部,1602,3,1288,1892000,7,8,7,7,8,7,7,7,58
WAP5Y9RMW,old,,,809,7,1288,1892000,6,10,8,7,8,7,7,8,61
V0AF17A00,みけし,Y6JNPC60C,綴理メイト,1514,19,1290,1891000,6,8,7,6,7,7,8,9,58
M9E0RKUTX,SaBer,WCL6R1ANU,無所属の会,684,0,1291,1890000,3,6,3,6,6,5,4,6,39
KW3PTXL8A,ゆう,YVV9CMBLW,東京公演で沼落ち,882,10,1292,1889000,8,10,9,8,8,10,8,7,68
B1F0B03DC,Tsuki,3FF3NB77X,せーはす愛好会,1525,20,1292,1889000,5,9,5,7,8,5,7,5,51
Z4UQWX99L,にっと,KT4C59NXG,めぐ島,1643,20,1294,1888000,6,9,7,10,10,10,8,9,69
U7T1KGYSQ,らてぃ,6XX7GBM0K,ぷちぐる同好会,1203,9,1294,1888000,5,6,6,6,7,6,5,6,47
KB08WTKT7,J,PLBBEX019,待機室目指し隊,1064,6,1296,1887000,5,7,4,9,7,10,7,8,57
5SXCHU3EV,まさまさ,HBM31HMUY,YUKIZURI,1420,17,1296,1887000,7,7,6,8,7,7,7,7,56
5NNOWJSXP,さわ,7B07VRW2N,藤島メグミルク㈱,1411,18,1298,1886000,7,8,7,8,9,8,8,9,64
FJ2JC4VL8,きりの,UX96YX4T1,『位置について』,1146,15,1298,1886000,5,8,7,4,7,6,7,7,51
Y18B28D2F,ろびんほ,948FLPMPN,まったりハス煮〜,712,2,1300,1885000,1,1,1,1,5,3,6,7,25
J37DIXIZI,ぽそ,HMBW9DXY2,蓮好き皆あつまれ,1583,19,1300,1885000,6,10,6,8,8,7,8,7,60
VDNBJFHAE,稲妻葵,WTJV514G9,蓮ノ空のお弁当屋,1666,15,1302,1884000,6,8,6,6,8,7,7,8,56
F2JHCLRDN,鰍沢,96LWYJ3Y6,無言絡みなし,730,5,1302,1884000,5,6,7,3,9,6,3,3,42
WNGHAVX2A,焼き海苔さん太郎,R181MKNX1,みらくらは人生！,1407,19,1304,1883000,7,8,8,7,8,8,7,8,61
6DVNE2G8H,エクレア,2ULM366U6,毎日がエブリデイ,1400,12,1304,1883000,2,7,2,5,7,7,7,6,43
8UIZKQKRO,沢渡ほのか,V6DV6KETG,梢好き好きクラブ,1747,19,1306,1882000,7,8,7,7,9,6,8,7,59
W4Y8YXUNL,ともや,HBM31HMUY,YUKIZURI,1222,4,1306,1882000,9,9,9,9,9,8,5,7,65
X9735CYTG,ミレイユ,E5JKTW00K,蓮ノ空まったり部,1253,20,1308,1881000,4,9,6,6,9,4,5,7,50
UMHMPHJ15,のっぽあご,YADX9DY49,ﾊｽﾉｿﾗｰ,1462,7,1308,1881000,4,7,4,6,7,7,6,7,48
B39LXFAKJ,ゴールドフラワー,X7C21B7H7,泥,1385,16,1310,1880000,6,6,6,6,6,8,8,7,53
4Y728RDJH,miyamiya,JVUNVCT8P,梢先輩のASMR,1197,7,1310,1880000,5,10,8,5,10,7,6,8,59
H8B209M8Y,bd波導,J800VVPTN,Aqours,1388,14,1312,1879000,4,6,6,6,7,6,6,7,48
6W52NNH20,sakku,B4ADNM80X,山本組,886,7,1312,1879000,2,8,8,1,3,3,2,6,33
65P32K7E9,ゲッカ,7R8NKPAB1,花帆推し倶楽部,759,1,1314,1878000,4,9,4,4,9,5,4,8,47
LYWSVY32L,しらの,6WJW7R1TD,さやこずノ休日,1358,20,1314,1878000,1,10,1,10,8,7,1,4,42
WRP32PDR6,ジャンスン,KC1W74B9B,蓮六園,1142,11,1316,1877000,7,7,8,7,8,7,8,8,60
B6HUQLL2V,Kashio,BWD9U1EJ2,蓮之空中国同好会,1435,21,1316,1877000,6,9,5,5,6,6,10,8,55
D0VHL5AE9,シエル,1KDUBW4HB,めぐ党0番,1093,0,1318,1876000,8,7,8,7,7,7,8,7,59
YBX8LRKM2,タコこう,CTW8DKV5P,まったり,1000,6,1318,1876000,2,2,1,1,2,3,4,4,19
JUXSX3AKW,フィア,W3F0URUJC,梢先輩応援団,1421,16,1320,1875000,5,7,6,5,5,7,9,5,49
XUHJNEX9H,鈴,RF5215M2U,スクステ同好会②,686,2,1320,1875000,2,10,7,9,10,9,2,8,57
OQIZZEXIZ,はま,8R49BTWW6,蓮女お嬢様クラブ,1379,11,1322,1874000,1,8,1,2,5,4,8,9,38
9XAYMC4D1,あずさはち,AH27N260E,百生信託銀行,927,3,1322,1874000,3,10,4,4,3,9,10,4,47
OS5RF4SH8,ふら,GXR6C85BT,花帆ちゃん親衛隊,1684,18,1324,1873000,6,8,6,7,8,7,6,7,55
ENNG3E699,アルマテンダー,GVT61ATX0,なのだけれど,1417,18,1324,1873000,5,10,10,4,6,6,7,7,55
PCWYG7PXA,たぴおか,VKNVG1K0B,おさかなサークル,1565,11,1326,1872000,7,8,8,8,9,7,7,8,62
SVINRA4QP,UMI!,X7YM9EG8K,伝統の石川地酒,1222,5,1326,1872000,1,1,1,1,7,1,7,7,26
XKV0YF90Y,おむらいす大将軍,FH7G62PKW,月火水木金土日,1482,20,1328,1871000,6,9,6,8,9,8,8,8,62
BCZN6OFG9,あすまぺ,Y6JNPC60C,綴理メイト,1619,20,1328,1871000,1,10,10,4,10,6,5,8,54
TX50ESWA5,かなと,X34LWGL6R,サークル2,1479,12,1330,1870000,5,10,7,4,7,7,4,7,51
PN92XHM4G,みー,L1VGJTD5P,蓮ノ空お茶会部,1166,9,1330,1870000,1,10,2,4,9,6,7,7,46
M7V0RWH2M,てん,5R48K950F,EDF蓮ノ空支部,887,2,1332,1869000,7,10,7,7,8,7,7,7,60
8GW2FV60X,KAZIKI,2NY9H8BR9,乙宗紅茶館,710,0,1332,1869000,7,8,9,5,8,8,7,5,57
7H13P2EPG,せとか,6XX7GBM0K,ぷちぐる同好会,1538,20,1334,1868000,7,9,7,8,10,8,8,9,66
FG3GU6GA5,震,YFADYJVW4,FPS好きクラブ,1483,15,1334,1868000,5,7,5,6,10,7,6,7,53
U3VJ1Y612,ゼオン,E7UBFLW56,同好会の同好会,711,2,1336,1867000,6,10,7,5,7,8,5,7,55
M0YA9ALMJ,ナンチャン,8FR866PRY,蓮っ子みらくラブ,1511,15,1336,1867000,7,10,7,8,7,6,6,7,58
1H7GW06VS,miya,HBUK6F7CC,乙宗梢なりきり部,1643,18,1338,1866000,7,9,8,6,8,7,6,7,58
2KA7CXTUM,たま8段,K8C99H42D,ルリと喜ド！愛楽,1285,18,1338,1866000,6,9,7,5,8,5,10,10,60
DWMHF7KEL,サキウサ,2ULM366U6,毎日がエブリデイ,1387,13,1340,1865000,5,10,10,6,9,5,5,10,60
V2DLBNAGW,Espina,MVMP6NNXD,空き時間らくがき,1404,8,1340,1865000,5,7,6,6,8,7,6,8,53
DJPNUHADM,ヨコヤン,HBM31HMUY,YUKIZURI,1184,6,1342,1864000,7,7,6,7,6,6,6,7,52
HXY6H6JRH,mart,38KAJGDGU,異次元シャニP,1271,18,1342,1864000,2,8,7,5,8,4,4,8,46
N85MGWGJA,りなてん,7R8NKPAB1,花帆推し倶楽部,957,0,1344,1863000,6,8,6,8,7,6,7,9,57
IBTWX6T89,ゾノ,8P39YRA1L,慈と愉快な仲間達,1389,10,1344,1863000,2,6,4,6,6,6,6,6,42
X7V7KNMRG,Yu,PUJ0ERCMW,蓮ノ空倶楽部,744,5,1346,1862000,5,10,7,5,10,7,3,7,54
YVM6L46HD,リクト,HBK6KCRPP,無言でおけ,1408,19,1346,1862000,9,10,8,7,10,9,10,10,73
Z6R8RPXPA,おいりょ,CX967RTGY,おんゆあさーくる,1636,17,1348,1861000,7,8,7,7,8,7,7,7,58
ABKWHHU3E,かたなし,GYG7B5R36,幼馴染同好会,1326,20,1348,1861000,3,10,5,4,8,6,6,6,48
E2GK0KCVM,ぱつ,CX967RTGY,おんゆあさーくる,1414,18,1350,1860000,4,8,4,6,6,7,5,6,46
5A5HAO3GF,ふあ,Y1TFAEJ7M,蓮みっこ,1554,20,1350,1860000,5,10,6,8,10,7,7,9,62
RYDAMJ5G0,23ten。,H0DV3JJGA,かほさやてぇてぇ,1191,13,1352,1859000,7,10,5,5,8,6,7,8,56
JVHAWHL1K,ヨウ,V7768X8AC,せーので！,1542,20,1352,1859000,10,10,4,1,8,5,7,8,53
EMBDCYAF9,ゆち,8MTLYLH9F,木星月華黄金宮,363,0,1354,1858000,4,10,3,5,5,8,2,1,38
KMACUEN22,残像,VY26V3P0K,AltF4され隊,1215,17,1354,1858000,6,10,6,7,7,8,7,7,58
7T92E39GY,かーりー,NMT63RUDV,泥村,1488,5,1356,1857000,8,8,8,8,8,8,7,7,62
NXRK2PX0U,ネヒ,573J1JVVK,かほかほ,1215,15,1356,1857000,3,4,8,4,7,4,10,9,49
N261CPLVA,めーさー,72J5PWU5K,ライグラ待機室,1306,7,1358,1856000,6,9,9,6,8,7,7,7,59
ZMS3ZL64Z,サン,7B0W0EWVA,ソロの為の避難所,1409,10,1358,1856000,8,8,7,8,8,7,7,10,63
WR72RRNC5,肉うどん,N2KCENRKH,猫＆旅大好き部,876,0,1360,1855000,4,4,3,5,4,5,5,7,37
32H9R2UH9,りき,F8MLHU2NV,乙宗梢様､､､,1401,13,1360,1855000,1,7,4,6,8,3,10,10,49
V0FNA2XDA,ミレット,9GDHWXGVG,ルリと花咲く毎日,1449,18,1362,1854000,5,9,2,6,9,8,6,7,52
B9OKMP2C8,いなかもの,ABU58EVJ2,Quatuor,1739,14,1362,1854000,8,10,5,10,10,10,10,10,73
J4XJC9BNX,れいみお,NA8FEYN0M,蓮ノ空飲酒クラブ,1058,12,1364,1853000,6,8,7,7,9,8,8,7,60
2PTVHGACF,あんやと侍,CX967RTGY,おんゆあさーくる,1476,15,1364,1853000,4,10,6,6,8,5,4,3,46
JE52769YD,0000,573J1JVVK,かほかほ,1013,7,1366,1852000,10,10,8,8,10,8,10,10,74
9IZXQRGW7,雲雀,0UT59MJ8U,かほすこ同好会,1412,0,1366,1852000,6,6,6,6,6,6,6,6,48
QGNGWJ8TF,シオン,06DCWC1RE,とりあえず参戦用,1373,3,1368,1851000,2,10,6,1,10,7,6,7,49
B00T9WN8L,tos,PULJ8VCHJ,蓮ノ空を推す会,1044,7,1368,1851000,3,8,7,5,7,6,4,8,48
LWSYKL0X0,おじ,YCTM6RYDP,金沢おでん同好会,1465,15,1370,1850000,5,9,5,6,7,7,7,6,52
SC3DMU71Q,Mラティ,GW4CH70HK,TKG同好会,1453,20,1370,1850000,8,10,6,7,8,8,10,9,66
0GWYFP0AP,あお2,RF5215M2U,スクステ同好会②,1288,6,1372,1849000,6,7,6,7,7,7,7,7,54
0WCO17NRD,よっちゃんタコ,7U20138DB,LGP,1442,15,1372,1849000,6,6,6,7,6,7,5,5,48
MPY1ACKFX,カンパチ,GWGDMA3YC,初心者無言自由だ,1551,21,1374,1848000,6,10,6,5,6,5,10,10,58
6HUJ74LGL,GOHAAAAN,NMT63RUDV,泥村,1539,20,1374,1848000,7,9,7,7,9,8,8,8,63
YUSY1HVSS,月ノ瀬,HE0GK3EPE,瑞蓮プロカ倶楽部,1776,21,1376,1847000,6,10,6,6,7,6,10,10,61
0T3EUCP82,すてら,8M6UDX260,ぽけもん好き,1250,18,1376,1847000,1,7,7,1,7,5,7,8,43
RJJT8JA6N,しらたま,L1VGJTD5P,蓮ノ空お茶会部,1150,18,1378,1846000,7,9,8,8,10,6,10,10,68
U3DLQMXJD,ボン太,8P39YRA1L,慈と愉快な仲間達,1443,13,1378,1846000,4,4,4,4,4,6,4,5,35
JT6TP9A6Y,ナミ,3FF3NB77X,せーはす愛好会,1080,2,1380,1845000,7,9,7,7,8,7,7,7,59
96SGBF1Y6,おかぴ,C6V311T2P,LotuSky,1465,18,1380,1845000,6,9,6,7,7,8,7,7,57
VDAWF6H8B,はなもえ,919XF8V2V,蓮之空大三腳,988,5,1382,1844000,2,10,8,5,8,4,4,8,49
1RFVF0KDF,あおみ,K8C99H42D,ルリと喜ド！愛楽,1570,20,1382,1844000,6,7,5,6,7,5,9,10,55
69QF5HPR0,雪徒,3BE2RELRC,見晴台,1636,3,1384,1843000,8,10,3,7,7,7,7,7,56
T9LWGZSB4,Sammomo,BELCUYCMH,蓮hkg香港分部,1340,20,1385,1842000,7,7,6,6,9,7,8,9,59
JCPJ3JCW4,閃空,7R8NKPAB1,花帆推し倶楽部,1523,20,1385,1842000,5,9,6,4,7,8,9,7,55
FSXL0ZX51,えっちゅう,NJBBTCY3A,かにかに！,1372,13,1387,1841000,4,8,5,6,7,8,6,7,51
3QJG5IBCU,顔デカキンちゃん,948FLPMPN,まったりハス煮〜,1066,14,1387,1841000,4,8,1,9,10,4,3,9,48
5LUBJ3V2P,若葉そよ,7NJM1VURM,らんるん部。,1386,20,1389,1840000,6,10,6,6,7,7,8,9,59
W3VE36URL,ゆう,79C17CHA2,蓮ノ空出張部,1338,20,1389,1840000,7,10,7,7,9,8,10,10,68
K46E6PG9G,なすみそ,8JMW9G2XW,僕らのリンクラ！,1514,20,1391,1839000,5,10,10,5,8,4,5,8,55
KUX508348,すくたれもの,79C17CHA2,蓮ノ空出張部,1306,17,1391,1839000,6,6,6,5,8,6,8,9,54
V60A86X1Y,んみ,6045Y2RW7,ポチっと！蓮ノ空,1540,21,1393,1838000,8,10,6,9,10,10,8,10,71
UFWTCRMVE,ri,R1RM3X0WV,後方腕組みオタク,1354,20,1393,1838000,4,7,5,6,9,4,5,7,47
UJA2M36FH,まほうはこえにの,RXXUPMWB9,待機室跡地観測所,1233,7,1395,1837000,2,10,9,2,10,3,9,9,54
KK9Y4REU9,ジュン,VD7N7A4WH,氷青色,1534,20,1395,1837000,7,10,8,9,9,9,9,9,70
LI5W29N3T,SUZUKI,9YM3DBTB7,泥民館,1385,13,1397,1836000,1,9,4,2,8,4,1,8,37
UZRS5HZOE,RX-178,PLBBEX019,待機室目指し隊,1386,10,1397,1836000,4,6,4,5,6,6,5,5,41
S7PDFX3DD,Ruby,WN5B7VKPU,きんぴられんこん,1466,20,1399,1835000,6,8,4,6,2,8,6,3,43
UU610ALX7,NECOTTA,NJBBTCY3A,かにかに！,1221,18,1399,1835000,4,10,6,2,10,6,8,9,55
04ZEIPGS0,泥,NMT63RUDV,泥村,1572,4,1401,1834000,7,9,7,7,9,8,8,7,62
2C2B7NNM1,Mk-II,HWJ8XPW0T,箱推しなのだけど,1234,18,1401,1834000,5,9,5,5,7,5,5,6,47
UET18LDX0,まなる,FG4170141,♪さやか愛好会♪,1278,11,1403,1833000,2,7,2,4,4,5,4,5,33
WN09JWH6E,からあげうどん,N8L41JAA7,無言 ノルマなし,1145,7,1403,1833000,7,7,7,7,7,7,8,8,58
5LYRP3AMV,もりつ,GR65FP8VN,蓮好き,1386,21,1405,1832000,3,10,2,5,7,6,6,8,47
2VLMDZ5IV,かむぺー,3A63DYH54,LLすこすこ部,1366,1,1405,1832000,3,7,4,7,6,6,7,6,46
7M5LCI7DG,バウムクーヘン,9GDHWXGVG,ルリと花咲く毎日,1113,7,1407,1831000,7,7,6,7,7,7,7,7,55
3XV06HQ92,ベルク,E58FYF67C,ロータスランド,1545,20,1407,1831000,2,10,9,2,10,6,6,9,54
QB5S4TMVR,もなか,CTW8DKV5P,まったり,1727,15,1409,1830000,7,8,7,7,7,8,7,7,58
1DEEHPKAU,ゆきじょー,06DCWC1RE,とりあえず参戦用,1344,7,1409,1830000,7,9,7,7,7,7,9,10,63
W4H1WK52M,小さいことり,J800VVPTN,Aqours,954,5,1411,1829000,1,4,3,8,9,3,9,7,44
56L4D83R4,Themis,PBRDPWEY1,村村会,530,0,1411,1829000,7,7,7,7,8,6,10,6,58
20MN614RB,らんちやん,Y6JNPC60C,綴理メイト,1230,9,1413,1828000,3,6,3,4,10,4,5,6,41
TEJ8KU2DF,シャドー,R181MKNX1,みらくらは人生！,1145,13,1413,1828000,2,7,5,1,6,5,7,1,34
09H0N26FN,ひこ,HBK6KCRPP,無言でおけ,993,8,1415,1827000,4,7,4,3,3,4,8,8,41
9KRYRDLH2,れんちょん,GKR9TEBYC,毎日がホリデイ♪,834,0,1415,1827000,5,10,6,6,8,6,5,5,51
XPNWDGIMY,すさ,5W8RPRVUA,ド！ド！泥！,1682,9,1417,1826000,6,10,6,8,10,10,8,8,66
459PSW19L,おり,T4WY63DB9,ういのま,1704,19,1417,1826000,6,8,6,6,7,7,9,10,59
NKMMF0AL8,しゅん,FVJABCVP3,瑞蓮ラボ,1418,2,1419,1825000,1,9,1,5,9,8,6,7,46
8M4CNXUD1,果汁,7U20138DB,LGP,1365,18,1419,1825000,5,10,8,7,9,7,6,6,58
4L6ELEBZY,さやかほ世界平和,0TKFF5EG3,サークル名募集中,1685,20,1421,1824000,7,8,7,7,10,8,9,9,65
NUJYM1WUV,dohho,ABALH0AL3,楽園計画,1521,21,1421,1824000,6,10,6,7,7,7,10,10,63
8WGX53VC1,mooan,A7WWE0463,蓮ノ空初心者部,1292,8,1423,1823000,7,6,7,7,8,7,6,7,55
E0H7KX5F4,ひこ,HBUK6F7CC,乙宗梢なりきり部,1434,5,1423,1823000,6,9,6,6,6,6,6,7,52
715HWUL7M,クラリス,B5V2LNN43,WMW,1406,16,1425,1822000,6,9,7,6,9,7,6,7,57
MR7TRFR7R,しろん,06DCWC1RE,とりあえず参戦用,1334,0,1426,1821000,6,7,6,6,6,6,6,6,49
KTKJ81E5V,ミヤモッティ,948FLPMPN,まったりハス煮〜,1025,11,1426,1821000,1,8,8,1,8,2,8,8,44
YM4P09F31,とれてる,WTJV514G9,蓮ノ空のお弁当屋,865,0,1428,1820000,1,10,3,5,4,6,2,2,33
8AFUU1045,ZERO02,M67ACEP3M,オーバーブースト,1256,0,1428,1820000,7,8,7,7,8,8,8,8,61
T4KEVPMQ9,高角 ルイ,J0N1E3Y09,月火水木金土日,1306,7,1430,1819000,4,5,4,6,8,5,6,7,45
N1VYE9J05,310,GYG7B5R36,幼馴染同好会,785,0,1430,1819000,8,9,8,8,9,8,9,9,68
P8RB3BEJ1,Parare,6XX7GBM0K,ぷちぐる同好会,1272,0,1432,1818000,7,10,7,7,8,7,7,10,63
5401BJ0E5,きょんしー,WBW66DMUB,るりめぐ研究所,1014,10,1432,1818000,2,6,3,6,9,6,5,8,45
PE4EU1BE7,アーク,48BTAPMBG,蓮ノ空魔術部,974,14,1434,1817000,5,9,6,5,5,5,9,9,53
C3E5301MV,Peer,D7H8MN2U4,LLD,1350,8,1434,1817000,7,10,6,8,10,7,7,9,64
742U62G5F,wasin,43HRXMXWA,無言OKクラブ,1238,13,1436,1816000,5,7,5,5,6,5,3,5,41
4HQD30FDE,える,998H940YN,お嬢様筋トレ部,1337,19,1436,1816000,3,10,10,1,10,1,2,10,47
FWJDTTNBY,ヤジロベー,FV38N1J23,イベント用,1632,14,1438,1815000,7,7,7,7,7,7,8,8,58
5W2L3RG6M,あさひ,XXVVJY6FE,はぴぱれ,1134,13,1439,1814000,2,10,4,4,9,10,5,4,48
UM0BNRUPA,あるひに,948FLPMPN,まったりハス煮〜,1396,18,1439,1814000,1,8,1,5,8,7,7,7,44
FVPWHIUS5,いっしー,X33HHA9F8,アルストロメリア,1441,15,1441,1813000,6,10,5,4,9,6,9,7,56
WH8K6WY43,小枝あずき,YE7CX8RNP,蓮ノ大三十角,1678,11,1441,1813000,6,8,7,6,9,7,6,7,56
S44PA6B73,しずく饅頭,LY0XPW7NL,同棲概念強火派,1724,15,1443,1812000,10,10,8,5,2,6,9,7,57
EJHLCHP8O,めぐみアキ,PDMPF3VVV,r/LL,1346,12,1443,1812000,8,8,9,7,7,8,7,8,62
XPJX9YM1G,くぬぎ,NRK4MV1C1,茅バール,994,3,1445,1811000,1,6,6,4,5,5,4,5,36
FHXIUK8T4,•_•,G0J2F9NAL,さやさやさーくる,1520,19,1445,1811000,8,10,9,7,8,8,8,8,66
6WD9HFP2A,ちゃそ,ABU58EVJ2,Quatuor,1386,17,1447,1810000,7,7,7,7,6,6,7,9,56
4LMTMITC5,ユーズキ,KGG6VMD1R,蓮ノ空本蓮沼の会,1114,17,1447,1810000,7,9,8,10,9,5,9,4,61
DES39P1DL,前ウィをみよう,FK5MUK0ET,くる♡すきクラブ,1680,14,1449,1809000,5,5,5,5,7,6,5,5,43
Y89Z9LPJA,べねとん,TY6GK7VHH,Rosa,1453,12,1449,1809000,10,10,1,6,10,6,7,7,57
HKS3VLG9Y,Ryu.,B2KV0EVPD,蓮ちゅきクラブ,1365,9,1451,1808000,6,10,6,5,6,5,5,4,47
F1OJJRMRE,ほわぁ,9GDHWXGVG,ルリと花咲く毎日,1330,9,1451,1808000,5,5,4,6,5,5,5,5,40
1R9Y77BVF,n.k,EPWMMAXNY,蓮ちゃん初心者,1361,19,1453,1807000,6,9,5,7,7,9,9,8,60
BTHT18UE1,しらかわ,KULVP7FDR,アニマル分室,1251,15,1453,1807000,1,4,2,4,1,2,7,8,29
MK43XM5R6,ぐらしあ。,AXG81GPMP,蓮ノ空マタギ部,1495,20,1455,1806000,7,9,7,7,7,7,7,7,58
C16ER87BR,HIMEMIYA,EYEPHE14G,花上梢頭,1206,16,1455,1806000,4,8,3,4,6,6,6,5,42
C3F3E5F3Y,TATSUYA,RWARTHA1M,乙宗梢大好き部,1264,18,1457,1805000,5,10,5,6,10,5,6,6,53
CJ77DG0DE,ひじり,3LPBPHL3V,壁の民の伝説,1571,0,1457,1805000,9,10,7,8,8,10,7,8,67
7M2TYXN5R,琉加るか,0TKFF5EG3,サークル名募集中,1527,14,1459,1804000,5,10,5,8,5,10,8,5,56
B6YKEK8FU,にらとろろ,WBXF9XXW7,さやつづ愛でる会,894,3,1459,1804000,8,10,10,4,4,4,4,6,50
REA74EBJ3,あさゆき,KND3T7056,ぽかぽかモガの村,1282,20,1461,1803000,4,9,1,4,7,5,6,9,45
NDP9R92MX,川口,VKNVG1K0B,おさかなサークル,1275,3,1461,1803000,5,10,5,5,6,9,6,5,51
WM3IY4Z36,wdgms,NT2KU5174,こずかほ。,1581,10,1463,1802000,5,10,9,5,9,8,5,10,61
0BRFLRCPA,ウッチ,X7YM9EG8K,伝統の石川地酒,558,0,1463,1802000,3,6,6,4,6,5,6,6,42
53V2U6TCB,きゃみー,9U8KNU6U9,対抗戦用,1513,14,1465,1801000,1,7,2,4,5,4,4,8,35
Y2Q3U738Q,らきあす,M8FM7P139,蓮ノ空ひとり旅部,1557,19,1465,1801000,8,10,8,7,10,9,9,8,69
HPW1ANKLW,きぶぎす,48BTAPMBG,蓮ノ空魔術部,1106,16,1467,1800000,3,7,3,5,6,7,4,4,39
8PYU8KCYR,デンキ,ABALH0AL3,楽園計画,1442,20,1467,1800000,10,10,10,10,10,10,10,10,80
8XGER9Q5Y,ひろ,HE0GK3EPE,瑞蓮プロカ倶楽部,1640,16,1469,1799000,5,5,6,5,6,7,6,6,46
0B73BUP3M,しののん,ABALH0AL3,楽園計画,1289,19,1469,1799000,4,8,6,4,8,7,10,8,55
P1253CJ83,なります,M4D0VP1XT,蓮ノ空痛車部,1392,17,1471,1798000,6,10,6,5,10,6,5,8,56
8L8U66ARE,ねぎてん,2KJ2UEC3P,ういちゅけクラブ,664,3,1471,1798000,5,10,8,10,10,4,4,6,57
W4JF8NDVV,きゅうり,BCJRMHE75,梢すきすきクラブ,946,4,1473,1797000,6,9,5,7,5,8,7,6,53
69BBOVP3H,藤島慈の赤ちゃん,YE7CX8RNP,蓮ノ大三十角,1385,16,1473,1797000,7,10,8,7,7,7,7,7,60
GHJIO1M7D,けしごむ,J7N4W6Y1K,こずミックラブ♡,1642,8,1475,1796000,7,9,8,8,9,8,8,8,65
7T6K4HWD9,じり,2NY9H8BR9,乙宗紅茶館,1375,11,1475,1796000,1,6,1,5,6,6,5,5,35
C88Q8HAG2,めんつゆ,998H940YN,お嬢様筋トレ部,1266,8,1477,1795000,8,10,7,8,8,10,7,8,66
GHXAUM56B,ゆ,9FF5JBNDF,めぐすきクラブ,1223,19,1478,1794000,6,7,7,5,7,6,5,5,48
MF5AJYWR7,あさかぜ,25PMPEMG7,星見プロ,1371,15,1478,1794000,1,6,4,3,2,6,2,8,32
4MRCJO6P2,スパボ,R181MKNX1,みらくらは人生！,1602,17,1480,1793000,7,10,6,8,10,10,7,6,64
DI2V2Q647,紙乃　アリカ,HBK6KCRPP,無言でおけ,1406,20,1480,1793000,7,10,7,7,7,7,7,8,60
BYP30MHXJ,TK,2K5AM4RV0,とろぺりです,1324,15,1482,1792000,1,10,9,7,4,6,1,4,42
IC3L6B080,たっつん,H0DV3JJGA,かほさやてぇてぇ,1769,6,1482,1792000,7,8,7,7,10,8,7,7,61
XCE9FSAGE,ナギサ,HBUK6F7CC,乙宗梢なりきり部,1305,15,1484,1791000,6,6,6,6,8,8,6,8,54
ZOGVLWTNX,トエラ,WLBYGHXPD,大天使村野さやか,1175,4,1484,1791000,7,10,10,7,5,6,5,5,55
85691MWJW,あお,WLBYGHXPD,大天使村野さやか,1174,13,1486,1790000,6,9,9,6,7,7,4,6,54
8W3WJJJXY,ゆる,RNJ306W6N,日曜日よりの使者,588,0,1486,1790000,10,10,8,10,10,10,8,8,74
ZECH5BSNV,どんぐり,NA8FEYN0M,蓮ノ空飲酒クラブ,1416,15,1488,1789000,5,6,5,5,5,5,5,5,41
19TPGHPF9,ko-g,2A69E25N6,ゆめみづほ,1786,9,1488,1789000,7,9,7,8,9,9,8,8,65
JRDCRMA1H,しばいぬ,KA1249N3H,沼津倶楽部,1406,14,1490,1788000,4,10,10,6,8,5,6,7,56
9HG3AN9PE,しいたけ,GXR6C85BT,花帆ちゃん親衛隊,1609,19,1490,1788000,3,10,7,9,9,8,4,9,59
262K8V3H2,スノーグローブ,R181MKNX1,みらくらは人生！,1445,19,1492,1787000,8,8,7,7,8,8,7,7,60
DEJRX39JF,nuts.co,RM7N1JDB5,無言推奨不干渉会,1267,14,1492,1787000,1,10,3,5,10,7,6,6,48
ZGOA5WHV4,おってぃ,D7H8MN2U4,LLD,1538,10,1494,1786000,6,8,6,8,9,7,8,8,60
7XEGPND3C,センニン,75FVVYR5B,身内クラブ,616,5,1494,1786000,1,6,5,1,5,7,4,4,33
FT236U9RH,でぃすこ,J5VH363YL,逆Aqours,523,0,1496,1785000,5,10,6,5,4,5,2,6,43
J63BU63IU,イクコウ,YFADYJVW4,FPS好きクラブ,1631,18,1496,1785000,7,7,6,7,7,6,10,9,59
VN1LJWNWL,黒閃,V830CTTX3,日野下後輩,789,4,1498,1784000,4,10,9,5,5,8,5,5,51
3696CQRVA,じょるつん,MVMP6NNXD,空き時間らくがき,1505,13,1498,1784000,1,6,3,6,6,6,6,5,39
UR751781D,さんかようそ,HBCC35887,そりゃー!!!,852,1,1500,1783000,4,6,4,4,5,4,4,9,40
TJ9X21TX1,たっくん,H6CCL64P9,NATTO,873,2,1500,1783000,4,7,4,5,7,4,8,7,46
K91PWCFYC,たまご,YFADYJVW4,FPS好きクラブ,1298,10,1502,1782000,1,8,1,5,7,6,4,5,37
H0PPXLLP8,やざし,M6UPWJ6DU,蓮結ぶ虹と星の音,1302,7,1503,1781000,3,10,6,4,6,4,7,5,45
XDFELVLT9,ふぃりあ,GR65FP8VN,蓮好き,752,0,1503,1781000,2,8,4,4,7,5,4,6,40
L76GX8WR4,SIU,FK5MUK0ET,くる♡すきクラブ,1418,15,1505,1780000,6,9,7,6,10,8,7,8,61
F5MFEYLK3,たこ焼きさん,KULVP7FDR,アニマル分室,1141,6,1505,1780000,3,6,1,5,5,8,1,1,30
MYXP6MAC5,タロウ,25PMPEMG7,星見プロ,1510,15,1507,1779000,8,7,7,7,10,9,9,10,67
YH1NN06WH,味噌メガネ,HBUK6F7CC,乙宗梢なりきり部,1334,18,1507,1779000,6,8,7,7,8,7,7,8,58
2JEPGGIMS,さちうさま,YCTM6RYDP,金沢おでん同好会,1567,14,1509,1778000,7,8,7,7,7,8,8,7,59
8YP0FMXRT,まついちゃん,HWJ8XPW0T,箱推しなのだけど,1137,9,1510,1777000,1,10,10,3,1,3,1,8,37
320HQ510M,ぴよ,6XX7GBM0K,ぷちぐる同好会,1646,17,1511,1776000,6,9,7,6,9,8,9,9,63
52BETR2BC,脇田13号,05KN1RR3U,さやかほ花卉園,684,2,1511,1776000,2,4,3,2,7,4,2,2,26
V98PDNYBQ,青赤イナゴ,GVT61ATX0,なのだけれど,1605,21,1513,1775000,7,8,7,7,8,7,9,10,63
TTY2TWL1Y,nebula,PUJ0ERCMW,蓮ノ空倶楽部,1635,9,1513,1775000,5,10,7,7,8,8,9,7,61
58LD8VV05,万有グラビティ,N7GLY2RUW,百生銀行,883,7,1515,1774000,5,8,5,5,8,5,6,7,49
29G2WBO7O,はっち,V8XX999F6,卍蓮村幼稚園卍,1578,20,1515,1774000,6,8,6,7,8,10,8,8,61
1T04PFEX5,がちはむすたー,X7C21B7H7,泥,1454,16,1517,1773000,4,9,5,5,7,6,6,6,48
WC55R6DC1,あめ,WCL6R1ANU,無所属の会,746,1,1517,1773000,2,10,1,4,4,4,4,5,34
EAGHBUWBH,シオン,N2KCENRKH,猫＆旅大好き部,1578,15,1519,1772000,7,9,7,7,8,8,8,8,62
2MKYLKGDX,アク,BXGNMY466,ライグラ用,1136,11,1519,1772000,4,6,5,4,7,6,7,4,43
4VC078U6J,バサバサ,6045Y2RW7,ポチっと！蓮ノ空,1239,19,1521,1771000,1,10,10,1,7,5,8,8,50
5HHWGF2AB,Rio,1C2GN787H,℃！℉！度！,908,10,1521,1771000,2,10,1,8,10,10,4,10,55
PN1BVA6D1,バッドサプライズ,X7C21B7H7,泥,1606,18,1523,1770000,8,8,8,8,8,8,7,8,63
IPPJEH8FD,あいうえお,WHWT61ELR,【無言】ハスノソ,1369,16,1523,1770000,4,10,4,6,5,4,8,8,49
JMPEK174K,しんしあ,CTW8DKV5P,まったり,1413,15,1525,1769000,6,7,6,6,9,7,9,9,59
RY2VRH8RA,サコク,VP0K6KF0K,蓮ノ空大好き!!,859,12,1525,1769000,4,5,4,8,9,10,6,5,51
D5CC1372L,あーのん,F08AHUJJ0,綴理のお世話係,920,2,1527,1768000,5,9,5,4,4,4,4,5,40
J0CF7WY7R,おーちゃん,B5V2LNN43,WMW,1461,14,1527,1768000,7,10,7,7,7,7,9,8,62
24TRM7P92,たぴうむ,0UT59MJ8U,かほすこ同好会,1313,12,1529,1767000,8,6,8,8,6,7,6,6,55
M274M1V19,枯木,X7YM9EG8K,伝統の石川地酒,779,4,1529,1767000,5,4,4,1,7,7,2,4,34
2396341N6,ラブ,6YTAMD33M,リリエンフェル党,477,0,1531,1766000,5,7,4,4,5,5,5,5,40
M1CI452K7,クロノ,VP0K6KF0K,蓮ノ空大好き!!,1576,21,1531,1766000,8,8,8,7,10,7,7,8,63
7YZUF27YY,ユウキ,,,1667,15,1533,1765000,5,6,5,6,6,6,6,6,46
N8M4VIU27,りょう,N0EXH1CM1,ぱちぱち徒町,1288,19,1533,1765000,1,8,1,1,5,8,8,5,37
1AAATY0UG,コニー,38KAJGDGU,異次元シャニP,1287,15,1535,1764000,2,9,6,2,9,6,1,7,42
NFVCDDEXM,Lipton,UCWKRB3WR,菅沼千紗が大好き,1288,16,1535,1764000,7,9,8,7,9,7,7,7,61
YI2HLRX0W,リベルテ,RWARTHA1M,乙宗梢大好き部,1668,19,1537,1763000,8,8,8,7,8,7,7,8,61
NHEX8MVBN,あんか,HE0GK3EPE,瑞蓮プロカ倶楽部,1132,18,1537,1763000,4,10,8,3,10,6,7,8,56
E5K2H3401,ロイド,W3YKKRWHG,ルリと愉快な一家,580,0,1539,1762000,2,5,6,6,4,10,6,2,41
TEH21JJRV,トキ,GXR6C85BT,花帆ちゃん親衛隊,1463,18,1539,1762000,6,7,6,8,8,6,6,7,54
E0O5CT7SM,sato,PPAHU1TNY,蓮ノ空のんびり部,1572,12,1541,1761000,8,10,8,7,8,9,8,9,67
8XVGBRB0R,言の葉,PBRDPWEY1,村村会,1612,17,1541,1761000,8,8,7,7,7,7,7,7,58
65B3ZLSOI,しいたけは俺の嫁,424NLTEE8,無言な異次元部屋,1057,10,1543,1760000,3,6,2,6,7,7,4,5,40
ZC4JW1S67,ネイト,V6DV6KETG,梢好き好きクラブ,1534,12,1543,1760000,10,10,8,8,8,8,8,9,69
ISDSOLWC3,kenny,B5V2LNN43,WMW,1465,16,1545,1759000,6,9,8,7,8,9,7,9,63
IL0YUCRSU,ばいお,HBUK6F7CC,乙宗梢なりきり部,1683,20,1545,1759000,7,9,8,8,8,8,8,8,64
0GBHD6M7U,うぃるす,XXMU9WLKB,梢の機械さん,1122,14,1547,1758000,8,10,3,8,10,5,5,7,56
FWL31RM30,みたらし,AVX749PPB,姫芽ちゃん親衛隊,947,7,1547,1758000,6,5,5,7,7,8,7,6,51
XMA2W9E4E,アルフ,2VJG66JTH,まったり,1307,20,1549,1757000,1,8,8,6,8,6,6,9,52
FB0ZLS8HB,かも,HE0GK3EPE,瑞蓮プロカ倶楽部,1626,21,1549,1757000,7,9,8,7,8,8,8,8,63
HKG5L920F,okaP☆MGC,2ULM366U6,毎日がエブリデイ,1240,20,1551,1756000,7,10,7,6,6,6,7,7,56
XPRR2C3RM,カル,4FXPC55PY,PPIHクラブ,1307,20,1551,1756000,3,10,6,4,6,5,4,8,46
KFI8SP6OE,アンジェ,RF5215M2U,スクステ同好会②,1534,19,1553,1755000,5,8,4,6,8,6,9,10,56
OIMWFCL0H,えこ,KXU941RFJ,梢先輩おめでとう,1706,19,1554,1754000,6,7,6,6,9,10,8,6,58
15SG7U55F,るいん,TKVR3KU7L,ネギトロTKG,1457,18,1554,1754000,5,9,7,5,8,7,9,7,57
5WRFF0A47,ウマニ,M206VENTF,蓮紺の会,1002,8,1556,1753000,1,10,10,1,5,3,1,1,32
4RK72HM8O,451,RFYKY8DCD,LA.LA.LA,1427,0,1556,1753000,6,6,6,6,6,6,6,6,48
5D40MOFIU,つづこず世界,WCL6R1ANU,無所属の会,1483,12,1558,1752000,7,10,7,7,7,7,7,7,59
9WVX5W6OD,くろすけ,WTJV514G9,蓮ノ空のお弁当屋,1487,20,1558,1752000,5,10,7,6,8,6,8,8,58
N5U0UYUA9,EVI,38KAJGDGU,異次元シャニP,1379,16,1560,1751000,4,10,8,7,10,7,6,7,59
U5GTP9WG6,たびせみ,6045Y2RW7,ポチっと！蓮ノ空,1772,20,1560,1751000,2,10,1,4,9,6,7,8,47
LMB2KPT23,PIRIN,7R8NKPAB1,花帆推し倶楽部,1470,18,1562,1750000,3,7,4,7,6,8,6,8,49
12VXEYT0F,しや,KBJ2P8T0Y,人見知りの集い,1284,20,1563,1749000,5,10,9,3,10,4,8,8,57
YS9DZKQ9V,アザラシ,BKUHCT7WF,蓮女お嬢様部,1427,15,1563,1749000,7,6,8,6,8,8,6,6,55
H8FCA1G64,hisho,L3NN1RWMY,アポロベイ海賊団,1124,1,1565,1748000,9,6,6,7,8,7,6,8,57
18TAN85P6,アルちゅ,WCL6R1ANU,無所属の会,603,5,1565,1748000,3,10,4,5,5,5,5,5,42
5TXDG169L,Wooo(うー),1KDUBW4HB,めぐ党0番,680,0,1567,1747000,4,6,4,4,8,7,4,5,42
GBRECDN0A,シルコー,HBUK6F7CC,乙宗梢なりきり部,1502,15,1567,1747000,4,8,4,7,7,6,7,7,50
4NT0CHOHL,みそしる,KBJ2P8T0Y,人見知りの集い,1447,16,1569,1746000,6,8,7,6,8,6,6,8,55
V6Z17KIFS,えるざ,2NY9H8BR9,乙宗紅茶館,1495,18,1569,1746000,10,10,7,7,9,6,8,8,65
PK3CH1XXE,なつめ,NMT63RUDV,泥村,1694,15,1571,1745000,6,7,6,7,8,8,9,8,59
67IVLJVB0,ねこるて,CX967RTGY,おんゆあさーくる,1728,18,1571,1745000,1,1,1,1,1,2,1,1,9
1HBMC2CTW,うゆ,JTX1G19BP,さやかほ癒し会,1294,20,1573,1744000,4,7,6,6,6,5,2,8,44
XKJG42WNE,ハル,LHXNEF3D5,まるまるサークル,1539,8,1573,1744000,8,8,8,7,8,7,6,7,59
2TMBXYL4T,"Mirai,A",YBEGLUD1U,団子より花宮,1253,7,1575,1743000,2,9,4,7,7,6,6,7,48
6X9TP78GJ,絵里ぴよ,26JDLMBLN,徒町は強く生きる,583,0,1575,1743000,1,6,6,4,6,6,4,6,39
CIG88XHJP,日向（ひなた）,5C2EVBBC1,まったり蓮ノ空,1416,20,1577,1742000,7,10,6,6,7,7,7,7,57
69R8MTU12,サテツ,WBW66DMUB,るりめぐ研究所,1157,4,1577,1742000,4,8,4,6,6,7,4,6,45
0AR9W7U99,これはご飯,E7UBFLW56,同好会の同好会,965,5,1579,1741000,5,10,5,5,8,6,6,7,52
RBD738713,エル,RH6GLL1M0,姫芽 倶楽部,1487,21,1579,1741000,1,7,1,1,2,6,9,1,28
SX8DOUXI8,リリーフ,6045Y2RW7,ポチっと！蓮ノ空,1422,18,1581,1740000,1,6,6,1,4,4,1,7,30
UMT37MFVB,アオアラシ,JDAG79TG7,百合ノ空観察部,1418,11,1581,1740000,4,10,6,6,10,6,6,10,58
KA05V4AMK,上様,75UJ5RB97,蓮ノ空雪野球部,1658,0,1583,1739000,6,8,7,6,8,7,6,7,55
HUR667CEB,もりすちゃんさん,AH27N260E,百生信託銀行,1225,18,1583,1739000,1,8,3,8,6,3,1,8,38
C772TTBCE,watt,CX967RTGY,おんゆあさーくる,1374,16,1585,1738000,6,4,4,2,6,6,2,5,35
JP70MS9KF,すみむら,J80MEYHBC,Nymphaea,1482,20,1585,1738000,7,9,6,8,9,7,7,7,60
LYKYH17G0,エリアル,A7WWE0463,蓮ノ空初心者部,1438,20,1587,1737000,6,10,5,6,10,8,10,10,65
FF923R4SA,ユウジロウ,TDHKGHFPA,無言参加○！,1460,7,1588,1736000,2,10,6,4,7,7,5,5,46
87HHNCP84,こおり,CTW8DKV5P,まったり,1058,8,1588,1736000,2,7,10,2,2,5,7,7,42
455CW4684,キングカズキ,W3YKKRWHG,ルリと愉快な一家,1370,20,1590,1735000,5,9,8,8,9,9,8,8,64
HLMXHTKGB,たまき,FH7G62PKW,月火水木金土日,1394,11,1590,1735000,7,10,9,7,10,9,8,8,68
5Z1AIQT9R,おすかる,KT4C59NXG,めぐ島,1576,21,1592,1734000,8,10,8,9,10,9,8,9,71
KRW43GG13,グラフプ,B5V2LNN43,WMW,1728,13,1592,1734000,4,8,9,4,10,9,9,8,61
810ME3RPP,チゃうチゅーる,G59NGM0XA,シュリーレン,1348,19,1594,1733000,5,6,6,5,6,5,5,7,45
A24H959V1,やまう,7R8NKPAB1,花帆推し倶楽部,1251,15,1595,1732000,4,9,6,6,8,8,8,5,54
MWBIKHWKH,わんたん,0UT59MJ8U,かほすこ同好会,1543,16,1595,1732000,6,9,6,6,6,8,8,7,56
9W29TH6TH,マロングラッセ,B9B9MFAM1,スローライフ,1169,16,1597,1731000,2,9,4,1,4,4,1,4,29
MEVAY9GIT,ポイントマン,KXU941RFJ,梢先輩おめでとう,1650,16,1597,1731000,6,7,6,6,10,6,10,10,61
J3R0A4HTM,常磐くるみ,GR65FP8VN,蓮好き,697,2,1599,1730000,5,10,4,5,8,7,6,6,51
B68B763AR,jadestar,1DU9LCND7,蓮ノ空すこやか部,1311,13,1599,1730000,4,10,4,6,8,6,6,4,48
2FM79ACN8,弟子,R9T0YKDW8,かちまち応援隊,1213,19,1601,1729000,2,6,3,9,4,10,9,9,52
1AHHP3A9V,リン,YRPE642UK,(。・ω・),956,4,1601,1729000,1,9,1,1,1,5,1,5,24
YITVM7SHL,s27,HE0GK3EPE,瑞蓮プロカ倶楽部,1590,20,1603,1728000,6,10,8,6,10,7,8,8,63
WPTXJEN2W,ツユテ,J2BVEWRJ1,蓮ノ空山嶽部,872,0,1603,1728000,2,9,2,5,8,7,6,5,44
MN74ELNEJ,15123,T48KV9EP2,無言ぱーく,1536,20,1605,1727000,4,10,10,4,9,6,7,8,58
GXGC0J3UF,もにわ,79C17CHA2,蓮ノ空出張部,1533,19,1605,1727000,8,10,8,8,10,9,9,10,72
GHEBPK8M7,BLAZE,0UT59MJ8U,かほすこ同好会,1504,19,1607,1726000,2,7,1,4,7,6,7,7,41
MVDB0451D,和三盆,PH0YEPJD8,蓮ノ空北國金沢,1047,8,1607,1726000,5,7,1,3,9,5,10,7,47
XELT0K2YU,りゅう茶,AG9PKMMC3,ぱかぱか同好会,1567,20,1609,1725000,5,10,5,7,6,5,7,9,54
0SRIPZOMK,k46,CM5THHYHB,「」ノ空だけれど,1620,5,1609,1725000,4,7,4,7,8,8,8,8,54
3QI1XP4JG,クマタロー,V7768X8AC,せーので！,1639,10,1611,1724000,8,10,6,6,7,7,8,8,60
EFK7APTBX,_ま,BPHHYC793,ソロ専の集い,760,0,1611,1724000,2,6,6,4,6,4,5,6,39
M6CXJC0VU,しんげんもち,R181MKNX1,みらくらは人生！,630,2,1613,1723000,6,6,7,7,8,8,6,6,54
0WSWNJHPG,ダノンデサイル,X34LWGL6R,サークル2,1540,20,1613,1723000,7,10,7,7,8,8,8,7,62
BEPU4MXRY,れたす,7AATUNUPE,無言サークル,1455,16,1615,1722000,4,9,7,3,8,6,8,9,54
371BE8VD3,シュリ,HBUK6F7CC,乙宗梢なりきり部,1347,20,1615,1722000,1,8,3,7,7,6,4,4,40
DE5UYEDHQ,なつめ,8M6UDX260,ぽけもん好き,1416,15,1617,1721000,4,10,9,4,9,5,8,9,58
RWVJDCP2R,元大学院生,V7768X8AC,せーので！,1484,15,1617,1721000,4,6,4,5,6,4,8,8,45
UBA8NDEUF,かでお,3BDTCERX6,打ち返した流れ星,1161,12,1619,1720000,5,7,5,5,5,5,8,8,48
87F3LFJBA,ゆーき,WEKXHR1VK,散らない蓮の華,676,0,1619,1720000,1,2,1,1,2,4,1,8,20
AL7XRDYCX,βカロチン,1618JMRED,リンクラ自習室,1484,20,1621,1719000,7,10,7,7,8,7,7,7,60
05J0TPTJ6,せいげん,RF5215M2U,スクステ同好会②,1246,11,1621,1719000,4,7,6,4,7,5,7,7,47
PR8HYP78J,hrgn,W26TRPM1R,めぐ党藤島派,1293,7,1623,1718000,7,8,7,7,8,7,7,7,58
5IZGYSDGG,かわい,WTJV514G9,蓮ノ空のお弁当屋,1525,18,1623,1718000,4,9,4,7,7,7,8,8,54
STBVTN1A4,レイ,79C17CHA2,蓮ノ空出張部,1466,15,1625,1717000,1,8,1,5,8,6,5,7,41
MT3MMMA66,そのっち,CX967RTGY,おんゆあさーくる,1276,18,1625,1717000,1,8,6,1,4,5,8,8,41
J5H3T6VX8,ヨーダ,2ULM366U6,毎日がエブリデイ,1419,14,1627,1716000,4,10,6,5,10,3,7,3,48
J4XUNAHWW,sive松,9JTF508LB,スクスタ亡霊部,1220,1,1627,1716000,4,10,5,5,8,6,8,7,53
Q9HEOVJ6E,さくら,AE3L01V24,LOVE蓮ノ空,1514,15,1629,1715000,6,10,6,6,7,7,10,9,61
EHT22K9PX,やまもと。,0TKFF5EG3,サークル名募集中,1485,18,1629,1715000,7,8,8,7,9,8,9,7,63
NFXWH51T4,そら,KT4C59NXG,めぐ島,1417,14,1631,1714000,7,8,7,7,7,7,8,7,58
4UYG3K39B,misora,WJY2HK6A5,蓮の空イベント部,1423,21,1631,1714000,8,10,6,6,10,7,9,10,66
E3AQ0R2WD,リョチャノ,MTBP3B4GM,ふらわーすきすき,1507,15,1633,1713000,6,9,6,8,6,6,8,7,56
UPB9XUXDU,サム,79C17CHA2,蓮ノ空出張部,1292,20,1634,1712000,4,9,4,4,6,5,9,9,50
DZD7E4Z46,チャックん,J8HXTJ8TB,流し素麺同好会,1672,6,1635,1711000,5,8,5,6,8,7,6,7,52
3T1R0XWWX,ケイト,KGY709ULG,蓮の花束,769,3,1635,1711000,7,8,4,9,10,9,8,9,64
X9L7K06U6,YYYY,AE3L01V24,LOVE蓮ノ空,1319,18,1637,1710000,10,10,10,3,7,9,2,6,57
CEDKNVJFN,ユウト,V6DV6KETG,梢好き好きクラブ,1106,1,1637,1710000,6,6,6,6,6,7,6,7,50
UJW6NK4X3,RICKY,EYEPHE14G,花上梢頭,1082,6,1639,1709000,8,10,7,7,7,7,6,7,59
GGB8NT5LG,めあ,2ULM366U6,毎日がエブリデイ,1494,20,1639,1709000,8,9,10,6,9,6,10,9,67
OLXZJUILY,あすろん,DKNHY5HH6,なす料理研究会,1572,20,1641,1708000,8,8,8,7,7,8,8,7,61
55RNEC0DG,【ギュウひ】,0TKFF5EG3,サークル名募集中,1407,15,1642,1707000,7,9,7,6,8,6,5,9,57
W7IMTL1I7,ゅょ,CXG25026E,泥のみんなS,1482,10,1642,1707000,1,10,4,5,6,6,7,7,46
51CGIGT2L,ふぁい,RFYKY8DCD,LA.LA.LA,1393,3,1644,1706000,4,4,5,5,4,5,5,8,40
KNQ2IUHFM,ハムP,PDMPF3VVV,r/LL,1104,9,1644,1706000,5,5,5,4,4,4,4,4,35
PM123V7Q5,ふわメリ,HBM31HMUY,YUKIZURI,1101,10,1646,1705000,2,5,4,5,7,7,4,4,38
Y9FG3NKN1,クウハク,CCACL2CMM,暗殺者チーム,1310,20,1646,1705000,7,7,7,9,7,9,8,8,62
35D98PBRW,ミン,BT3GEWM5L,ささやか村の集い,1237,20,1648,1704000,5,7,2,6,8,8,6,7,49
012BNWGD4,rice,L28X4MDJN,アフター観たいぞ,534,2,1648,1704000,3,10,3,4,10,3,2,8,43
KWPR6591B,yano,0CEA9XFKR,蓮ノ空の泥人会,817,5,1650,1703000,4,8,3,6,9,8,7,6,51
XO322P711,あち,B647MRPHR,壁の民女学院,1557,21,1651,1702000,6,7,8,6,8,10,10,6,61
0JSRAQU79,ダイヤ,6ATNDH9J0,浦の空,1420,10,1652,1701000,5,8,5,8,6,7,7,7,53
JJLREB25X,デンドロ,N752V1LD6,思想の溜まり場,1580,19,1652,1701000,5,6,5,10,9,8,5,7,55
KEUT2YHCJ,はちしき,FH7G62PKW,月火水木金土日,1170,18,1654,1700000,7,10,8,7,7,8,10,9,66
44U5VKMVW,brownie,9L0B2WTWX,ソロ用,1604,21,1654,1700000,10,10,6,10,9,9,10,10,74
98FETT27Y,たく,05KN1RR3U,さやかほ花卉園,1320,10,1656,1699000,5,9,5,5,7,4,8,8,51
YC57YD7AL,ミラリス,KT4C59NXG,めぐ島,1475,21,1656,1699000,7,7,7,6,7,6,10,10,60
C4DVF93XA,ゆき,8M6UDX260,ぽけもん好き,1069,9,1658,1698000,5,10,6,4,2,5,4,6,42
4H4L09G0F,すてけつ,9JTF508LB,スクスタ亡霊部,1541,19,1658,1698000,9,10,10,9,10,9,10,10,77
F3PEM3IH3,RK,6531MBM0X,のちもたーズ,489,0,1660,1697000,1,10,2,1,10,4,1,1,30
0JY76AJ88,こんがり,F8MLHU2NV,乙宗梢様､､､,1435,18,1660,1697000,1,10,10,7,5,8,6,7,54
VPMT793Y3,鹿田,,,890,3,1662,1696000,7,10,7,5,7,6,5,6,53
XGJKGUBPY,ゆうき,KULVP7FDR,アニマル分室,1436,3,1662,1696000,1,10,2,1,3,3,10,10,40
SUNQBR49F,チャロニー,48BTAPMBG,蓮ノ空魔術部,1390,20,1664,1695000,3,6,3,6,7,6,6,7,44
PG06760H0,KiLlerMI,MTBP3B4GM,ふらわーすきすき,1195,6,1665,1694000,1,9,1,6,8,6,6,8,45
2KWFKGUSL,しっこく,976BY5JWK,ハルカカナタ,1242,14,1665,1694000,1,6,1,4,6,5,4,5,32
BXHAYO7HG,リンゴ,A3472CNJE,ハントン✿ライス,1246,13,1667,1693000,4,10,6,3,6,8,4,4,45
ATRN6HL6D,コジケン,PLBBEX019,待機室目指し隊,1328,4,1667,1693000,5,7,5,4,6,7,1,7,42
UI5ZNYZLE,勝勝,FTY0R8KPH,泥の皆様,1442,3,1669,1692000,7,7,7,7,9,7,8,7,59
X8TE22AK9,わいさん,N7GLY2RUW,百生銀行,846,5,1669,1692000,5,10,5,5,5,6,5,5,46
93EJK8C92,だご,FE282F3VH,天悶部,1292,17,1671,1691000,10,10,10,9,10,8,7,8,72
MKDUT5AWA,ほうき,NC2YT2V28,蓮之愛同予者何人,693,0,1671,1691000,5,8,5,4,7,8,5,5,47
PBG9WP057,オトツ,UCWKRB3WR,菅沼千紗が大好き,1403,10,1673,1690000,5,10,6,4,10,6,4,6,51
J3MUDCBCP,しゅか,W3YKKRWHG,ルリと愉快な一家,666,5,1673,1690000,8,10,10,2,4,5,1,5,45
CNGWEP5E3,しなわた,G779JNBUM,ゆるゆるゆる,373,0,1675,1689000,3,4,1,5,1,3,1,5,23
VH8JFBP48,freed,GWGDMA3YC,初心者無言自由だ,1422,14,1675,1689000,5,9,6,6,6,6,9,9,56
4B9EUM5R9,しらすたん,CV62FGL1U,花咲かせ隊,1374,17,1677,1688000,5,10,5,6,6,5,8,8,53
L9F0VZWU7,よぴ,Y6JNPC60C,綴理メイト,1484,9,1678,1687000,7,7,7,7,8,7,7,7,57
32Z330P3G,ちぐと,48BTAPMBG,蓮ノ空魔術部,1461,4,1678,1687000,2,8,1,4,5,4,7,8,39
6HB9UU73G,肉@ひーちゃん神,R181MKNX1,みらくらは人生！,1337,19,1680,1686000,5,7,6,5,7,8,9,9,56
GXY6KZWLL,シア,FK5MUK0ET,くる♡すきクラブ,1548,19,1680,1686000,7,9,8,7,7,7,8,7,60
ONI1MX5UO,はやみん*,79C17CHA2,蓮ノ空出張部,1496,17,1682,1685000,1,8,2,5,5,8,7,7,43
6FUPM12B3,かどあ,X7C21B7H7,泥,1261,19,1683,1684000,7,7,6,6,8,6,6,7,53
2YEC9WQ4N,ごめた,2NY9H8BR9,乙宗紅茶館,1053,13,1683,1684000,3,6,4,4,10,4,4,4,39
19838U7YT,のぞやま,G6EH0KHT7,なんもわからん,1306,17,1685,1683000,1,4,2,4,5,4,5,5,30
WEQ0E2ZWJ,シロン,LUDNM40F8,ふくふく無言OK,1358,16,1685,1683000,5,9,5,8,7,8,8,8,58
PCNZSCMJ3,もりでー,4XRHRYDW4,無言でエンジョイ,1628,18,1687,1682000,8,10,7,8,10,10,8,8,69
B7UHN1DBC,Xavier,W26TRPM1R,めぐ党藤島派,1373,14,1687,1682000,3,10,5,6,10,5,6,7,52
CBD22DA6L,イサミ,4RY75CKM4,LLすこ部　メ募,1168,2,1689,1681000,9,8,8,8,9,8,9,9,68
MLCJGLANM,えすえすさん,FTY0R8KPH,泥の皆様,1306,17,1689,1681000,1,7,4,2,5,6,1,1,27
WCMDKA69N,40,N1JAJ83CA,蓮ノ空園芸部,1312,15,1691,1680000,5,5,5,6,7,6,7,7,48
JOUPM059M,りよ,NJBBTCY3A,かにかに！,1340,15,1691,1680000,5,7,5,6,5,6,6,7,47
EG94I1088,星野ユウカ@村人,WX1DYC9Y1,ラナンキュラス,1436,19,1693,1679000,5,9,5,6,6,6,5,7,49
1PKXAXJNB,しおかぜ,J800VVPTN,Aqours,1366,20,1693,1679000,10,7,7,7,7,5,1,7,51
G9KY68ADP,よっしー,JE7V5MM31,蓮ノ沼に沈んだ泥,1448,1,1695,1678000,6,8,7,7,8,7,6,7,56
O5F2U26VB,Amiz,9FF5JBNDF,めぐすきクラブ,1589,20,1695,1678000,6,8,6,7,8,7,7,9,58
A4VCUZCDY,しずくま,PDMPF3VVV,r/LL,1373,10,1697,1677000,6,10,6,6,6,6,6,9,55
3CUF2RF7K,大和銀,V7768X8AC,せーので！,1563,20,1697,1677000,5,8,8,5,8,6,5,8,53
2NG5J0C38,かず,5C71R2VCV,蓮輪会(仮),633,0,1699,1676000,4,8,6,6,8,6,6,7,51
TTG4K0752,とっつぁん,HWJ8XPW0T,箱推しなのだけど,1528,15,1699,1676000,2,8,6,5,9,7,7,7,51
PHFHX58UT,モガンボ,RF5215M2U,スクステ同好会②,1320,10,1701,1675000,4,10,10,4,7,6,4,4,49
20YXRIO59,イカ公,6045Y2RW7,ポチっと！蓮ノ空,1302,2,1701,1675000,4,8,4,5,7,7,7,7,49
G42764ZEJ,マモ,HBK6KCRPP,無言でおけ,1356,10,1703,1674000,3,10,3,5,5,6,3,6,41
BSGRWC7TI,けんたす,WHWT61ELR,【無言】ハスノソ,1501,15,1703,1674000,3,7,4,6,7,7,8,6,48
GRD5U1RH7,楠木此花,WTJV514G9,蓮ノ空のお弁当屋,1391,17,1705,1672000,1,8,6,4,8,7,6,6,46
EM1XPCKHC,もにょ,J79LGCKKF,蓮ノ空コーラス部,1459,3,1705,1672000,3,6,3,7,8,7,6,7,47
2WMNYNRU9,ゆゆもふ,51L89PJCB,もふもふ,1044,16,1707,1671000,6,10,10,3,10,9,7,7,62
2CX0L3FNW,ランダウ,VP0K6KF0K,蓮ノ空大好き!!,1369,18,1707,1671000,2,6,1,1,7,2,7,7,33
25WU313GT,藤田美弦,,,547,0,1709,1670000,2,4,1,5,6,5,4,5,32
A9A8I9YMI,ユッキー,6045Y2RW7,ポチっと！蓮ノ空,1595,20,1709,1670000,6,10,4,6,10,6,10,10,62
Y3NQF0DZ3,あくあくLOVE,BCJRMHE75,梢すきすきクラブ,1720,20,1711,1669000,6,10,6,7,10,8,9,9,65
UP8NBL60N,utagawa,0DNHHB39H,隙間から猫,1066,9,1712,1668000,1,10,10,5,6,7,7,5,51
LOEPVFKXL,ひろちゃみ,RFYKY8DCD,LA.LA.LA,1778,21,1712,1668000,6,10,7,6,10,9,9,9,66
AUATVV59X,Raik,KT4C59NXG,めぐ島,1285,3,1714,1667000,6,10,10,5,10,6,8,10,65
VKNVBR7S7,リリ,WLFW6UCX5,無敵級ビリーバー,1446,19,1714,1667000,3,7,5,6,6,4,4,7,42
M2UH3KDU2,ましろん,RF5215M2U,スクステ同好会②,1391,20,1716,1666000,4,9,7,6,6,7,4,6,49
0A76E8DGK,星鎧亜イカロス,N83DW3NYG,†極最強倶楽部†,1118,5,1717,1665000,1,7,3,1,2,3,7,7,31
G21F8V98J,zonef,ABALH0AL3,楽園計画,595,0,1717,1665000,9,10,10,9,10,6,3,9,66
EKG1U84WF,うーちゃん,EPWMMAXNY,蓮ちゃん初心者,1508,15,1719,1664000,1,10,1,1,10,2,1,9,35
5NBPJN76W,恥は人生の掻捨,1KDUBW4HB,めぐ党0番,667,0,1719,1664000,1,8,2,4,7,6,4,5,37
7F66LJW76,るぺお,B4ADNM80X,山本組,1230,13,1721,1663000,4,10,4,5,6,7,5,7,48
YC76BB78M,ねいけい,2K5AM4RV0,とろぺりです,1038,9,1721,1663000,5,10,7,9,9,9,6,6,61
NCVB7VCJP,つきみ,YDYH4VRRP,レンクウ,1308,1,1723,1662000,6,9,6,7,9,8,9,8,62
DE7022HYW,ルビー,RFYKY8DCD,LA.LA.LA,1531,16,1723,1662000,7,10,10,6,10,9,7,9,68
0N6HXDW65,masao,V26546K3D,乙宗気合筋肉,1240,0,1725,1661000,7,7,7,7,7,7,7,7,56
88GHLYV8F,うどん,60D1TTYTV,無言自由会,1354,18,1725,1661000,4,10,5,4,10,10,9,9,61
RXEBBTS8J,タダマレ,79C17CHA2,蓮ノ空出張部,1497,8,1727,1660000,7,7,7,7,8,7,9,10,62
BMW4UUQ68,トノサマ,M8FM7P139,蓮ノ空ひとり旅部,1678,19,1727,1660000,7,9,7,7,9,7,8,9,63
RCB4C3Q5H,まいごう,NC2YT2V28,蓮之愛同予者何人,1422,10,1729,1659000,6,9,6,6,9,7,7,7,57
1U1EVHMOB,銀河,RWARTHA1M,乙宗梢大好き部,1706,19,1729,1659000,1,6,1,4,6,6,7,7,38
46LUML6GW,あやたか,7RBMBBY88,瑠璃色金魚,1256,14,1731,1658000,6,10,5,6,5,6,6,5,49
H49UXG0TR,Houseki1,18YYNRFGA,LotusSky,1130,12,1731,1658000,2,7,2,4,4,5,4,4,32
BSZL9G19F,よっしい,DHBGK1398,となりにこな,1487,4,1733,1657000,8,9,7,7,8,7,7,8,61
LTL9AB7MF,マーシー,N83DW3NYG,†極最強倶楽部†,769,2,1733,1657000,2,7,1,4,7,6,4,4,35
CNN8V058P,極上握り寿司,9DKR4Y2CJ,蓮ノ空老人会,973,7,1735,1656000,5,6,5,8,9,7,5,6,51
6UJFY90W2,グランメゾン姫芽,,,420,2,1735,1656000,6,9,7,9,7,9,7,9,63
GWLM8MOD7,ちてい,1BME38BCD,さすさやクラブ,1373,4,1737,1655000,4,5,4,5,7,6,4,6,41
48X9CWCTG,感情の魚,G6LTF6TUE,喫茶ハスノソラ,502,0,1737,1655000,1,9,1,1,4,3,6,4,29
0E2MAAX4U,てて,JA2C658FW,さや綴理の村人,1377,15,1739,1654000,6,9,8,6,9,7,6,7,58
YQMHPVTF8,柊木黎,AG9PKMMC3,ぱかぱか同好会,1545,19,1739,1654000,1,7,1,1,7,2,9,9,37
HGP8DLFAB,たみ,KT4C59NXG,めぐ島,1398,8,1741,1653000,1,7,4,7,5,6,7,10,47
9T9WJC91B,五十嵐竜馬,N0EXH1CM1,ぱちぱち徒町,1406,20,1741,1653000,2,9,1,7,6,7,5,5,42
CPT5ULJL5,シュウ,48BTAPMBG,蓮ノ空魔術部,1368,15,1743,1652000,4,5,6,6,5,6,7,4,43
2WK85ZVSD,ゆゆき,1BME38BCD,さすさやクラブ,1548,18,1743,1652000,4,10,5,4,10,5,8,8,54
F6CMMX4TW,ふも,K25DPPGT9,圧倒的にまったり,1250,17,1745,1651000,6,7,7,7,7,7,6,6,53
BSVI4O7H3,ばたく,8R49BTWW6,蓮女お嬢様クラブ,1407,16,1745,1651000,4,5,5,4,6,6,5,5,40
4OG9NTQN1,ちゃん,9FF5JBNDF,めぐすきクラブ,1789,21,1747,1650000,9,8,8,8,10,8,9,9,69
UMVG7J10Y,おーたー,EPWMMAXNY,蓮ちゃん初心者,1488,5,1748,1649000,6,7,6,7,7,8,7,7,55
IQTW8SJSO,なすお党,0JY7F3EKU,さやか愛でる会,1375,3,1748,1649000,2,5,1,7,6,6,5,7,39
0T1WS2RR2,つばめ,26GG42M4L,カプレーゼ,1360,17,1750,1648000,4,10,9,5,10,5,8,9,60
7E2GD1HM5,ありち,G0WRCNRWK,県立沢庵図書館,360,0,1750,1648000,6,10,5,6,8,8,6,7,56
UZUVRH4ND,にょろーん,GYG7B5R36,幼馴染同好会,1354,18,1752,1647000,6,10,5,7,9,7,8,8,60
8H201Y481,エステル,V6DV6KETG,梢好き好きクラブ,1553,20,1753,1646000,6,10,10,6,9,7,7,7,62
PFBHDAGN8,ハレ,48BTAPMBG,蓮ノ空魔術部,1307,8,1754,1645000,8,9,8,7,10,9,9,7,67
3EBADRT8X,ねこみみ,FK5MUK0ET,くる♡すきクラブ,1376,16,1754,1645000,6,10,6,6,9,7,6,6,56
HAT3CGDP4,ツキダ,2NY9H8BR9,乙宗紅茶館,1371,15,1756,1644000,8,10,10,8,8,8,7,7,66
UG4AE6K33,Eyk,Y6JNPC60C,綴理メイト,1438,18,1757,1643000,3,10,9,6,10,5,8,7,58
CN58NYZ1W,雪見だいふく,79C17CHA2,蓮ノ空出張部,1487,20,1757,1643000,8,10,9,8,7,8,8,8,66
KPXR99NRL,早寝早起きマン,79C17CHA2,蓮ノ空出張部,1214,15,1759,1642000,4,5,3,6,4,6,3,7,38
P6JJP8MJW,カニベロス,V26546K3D,乙宗気合筋肉,1557,21,1759,1642000,6,9,6,6,10,6,8,10,61
S8OW4YBAS,dhrs,8FR866PRY,蓮っ子みらくラブ,1300,20,1761,1641000,1,8,4,4,5,6,4,6,38
NNEXSX7P9,楓,CV62FGL1U,花咲かせ隊,1430,20,1762,1640000,7,7,6,6,8,6,10,10,60
2HFTNWW16,mzsm,GVT61ATX0,なのだけれど,1445,15,1762,1640000,3,8,4,6,7,8,5,6,47
4LEATMTOT,KINO-P,V6DV6KETG,梢好き好きクラブ,1449,3,1764,1639000,6,10,8,6,10,7,6,8,61
L3TYEDPGM,ぷりに,9P9EPKFHE,無言参加OK,685,0,1764,1639000,3,4,2,5,5,7,4,4,34
MTAZVZYZQ,あかば,8R49BTWW6,蓮女お嬢様クラブ,1396,10,1766,1638000,7,8,7,8,8,8,7,7,60
KWEKLFRHN,もみ,P2J37FNLG,乙宗先生指導会,568,3,1767,1637000,6,10,6,5,10,8,1,7,53
6PM61RAEU,もにゃ,2DYYAPFVN,蓮っ子村,1287,1,1767,1637000,6,6,6,7,6,8,7,7,53
WIVPV38TQ,トムラヤマ,WX1DYC9Y1,ラナンキュラス,1512,12,1769,1636000,6,8,6,7,7,6,7,8,55
U6XZFIJJL,にゅーとろん,L1VGJTD5P,蓮ノ空お茶会部,1587,12,1770,1635000,10,10,10,10,10,10,10,10,80
WHN0HTRH1,い,AA74NLRYD,蓮ノ空高等科,468,0,1770,1635000,2,7,3,1,4,6,2,1,26
YTKJLF5F0,たっくんα,MTBP3B4GM,ふらわーすきすき,895,8,1772,1634000,1,7,10,1,5,7,1,2,34
EQM3PYC53,プリン,R9T0YKDW8,かちまち応援隊,1607,20,1772,1634000,8,10,7,8,8,7,10,9,67
C2W5FBJLP,wolfram,GXR6C85BT,花帆ちゃん親衛隊,1328,20,1774,1633000,3,8,3,6,8,6,6,7,47
X9UF78HPN,のでぃー,HE0GK3EPE,瑞蓮プロカ倶楽部,1233,14,1775,1632000,2,10,5,5,5,4,10,7,48
TG7P5G630,はいぼ,N8L41JAA7,無言 ノルマなし,1265,19,1776,1631000,6,7,6,6,7,6,6,8,52
96LVLF86T,リョウ,2ULM366U6,毎日がエブリデイ,1548,10,1776,1631000,8,9,8,8,9,8,8,8,66
OC4GF3LF1,ゆとり,P2J37FNLG,乙宗先生指導会,1391,15,1778,1630000,5,5,5,5,7,5,5,5,42
EWTOZQ9TA,ビクトール,M6UPWJ6DU,蓮結ぶ虹と星の音,1380,6,1778,1630000,4,10,7,3,10,3,4,10,51
UMRA60XUP,よぬ,53NYG615U,蓮ノ空飲酒愛好会,1395,2,1780,1629000,4,7,6,5,6,6,7,7,48
CHLCVOL10,れあす,CX967RTGY,おんゆあさーくる,1151,11,1780,1629000,2,8,7,4,1,4,6,7,39
HJ3L58KME,まっつん,GVT61ATX0,なのだけれど,1351,17,1782,1628000,6,7,8,6,6,7,7,6,53
PE4JT3GKB,K事,8JMW9G2XW,僕らのリンクラ！,1188,7,1782,1628000,6,6,6,6,6,6,6,8,50
MFPXKQJDR,Stig,HBUK6F7CC,乙宗梢なりきり部,1283,4,1784,1627000,2,6,3,4,6,5,4,5,35
BJC3OIEGV,まよせ,2B97MH4YA,同じ話し何回も…,1450,16,1784,1627000,6,10,7,6,8,7,6,6,56
NUURJ1ZXW,Ayu*,HBM31HMUY,YUKIZURI,1310,15,1786,1626000,6,9,7,6,9,6,6,8,57
IQC4CSUBC,水切り石,HPTHY23VR,蓮ノ空文芸部,1701,17,1787,1625000,7,9,7,7,9,7,8,8,62
5B2HNFHUP,伊右衛門,KXB93FVTR,ブルームガーデン,480,0,1787,1625000,5,10,5,8,8,5,5,6,52
CPPMACTDJ,エスル,YUVK7R51W,萌え萌え倶楽部,1264,8,1789,1624000,9,5,6,6,8,6,6,6,52
5LTYV6RWU,みあ,GXR6C85BT,花帆ちゃん親衛隊,1560,20,1789,1624000,7,9,7,7,6,7,9,9,61
EDX85VEEE,メル,DHKUGEWBJ,めぐ党虹ヶ咲支部,1289,4,1791,1623000,1,8,1,4,5,4,4,7,34
YQLNZGDHJ,なかむ〜,Y2P9LABR2,スクステ同好会③,1242,10,1792,1622000,4,7,4,6,5,6,6,6,44
5QD5HXI0Z,ソニック,FTY0R8KPH,泥の皆様,1494,17,1793,1621000,8,9,7,7,8,8,8,9,64
I46WRW3TG,ツペル,7R8NKPAB1,花帆推し倶楽部,1418,16,1793,1621000,5,6,5,5,6,6,5,5,43
FB9R8J4XY,あみたん,Y2R7E79U3,カワウソ同好会,1480,17,1795,1620000,4,6,4,5,7,6,5,7,44
BC5JFT6F4,はろ,8M6UDX260,ぽけもん好き,1209,14,1795,1620000,4,8,5,7,8,7,7,7,53
AGE6RTXGC,しにふぃあん,5C71R2VCV,蓮輪会(仮),653,0,1797,1619000,6,10,10,5,10,5,4,10,60
CUU3XUXP2,やよい,9YM3DBTB7,泥民館,1417,16,1797,1619000,7,10,8,7,8,7,10,9,66
XULX036T1,敗北者,J0PT5EX42,スクスタモ部,745,1,1799,1618000,6,7,6,7,1,8,1,1,37
D909NU25N,アール,N2KCENRKH,猫＆旅大好き部,1241,20,1799,1618000,2,10,4,5,8,8,6,7,50
7DR8VRKQB,アレキ工房,J8HXTJ8TB,流し素麺同好会,1450,5,1801,1617000,3,7,3,7,6,6,6,7,45
QKB6JFPJ4,ふぁふま,WX1DYC9Y1,ラナンキュラス,1551,11,1801,1617000,2,8,6,1,6,5,1,8,37
L6AFKNUNA,すいまる,BH9YH1YL5,ラブライバーの森,1468,20,1803,1616000,7,7,7,7,10,6,10,10,64
XG1MJ0AMC,むみん,Y6KN85L5P,孤独の村人,293,0,1803,1616000,9,10,10,7,10,8,7,8,69
HF832A0LA,リュート,MVMP6NNXD,空き時間らくがき,1513,20,1805,1615000,6,9,6,8,10,6,8,9,62
9FW3AWTMK,Y,48GTYR1VB,ハラショー！,758,2,1805,1615000,1,7,4,4,5,4,4,4,33
J7DEDJWJX,つばさ,48BTAPMBG,蓮ノ空魔術部,643,1,1807,1614000,5,7,5,6,10,9,8,10,60
JK8Y8X25P,suzme,GWGDMA3YC,初心者無言自由だ,734,5,1808,1613000,4,10,5,4,4,8,4,4,43
TLJY136SK,たこめっと,2ULM366U6,毎日がエブリデイ,1280,14,1808,1613000,6,6,6,6,10,6,7,7,54
NH30591S7,スコッチ,PLBBEX019,待機室目指し隊,1372,6,1810,1612000,7,8,8,7,8,7,7,9,61
51JKTXYGL,みずきち,8VGXWTV3U,R.opRizm,1437,19,1810,1612000,5,6,6,5,6,5,6,7,46
SR9B7FZ1N,ガストロン,48BTAPMBG,蓮ノ空魔術部,1410,16,1812,1611000,6,6,6,6,9,6,7,7,53
2XIASO3ML,もの。,95031TR10,ひめぎん文化会館,1355,6,1812,1611000,5,10,10,6,10,10,5,8,64
0LTXY4ANY,たまも,R9T0YKDW8,かちまち応援隊,1357,19,1814,1610000,5,9,6,7,8,5,6,8,54
KP64DKWB0,まるせつ,85D411XNB,蓮っ子の集い,1500,21,1815,1609000,5,8,6,5,10,7,10,7,58
TXARPMUVN,sakura,9UKKACGDU,蓮っ子CLUB,721,5,1815,1609000,6,10,10,4,5,7,7,7,56
3BER8GKP0,はこ,D7H8MN2U4,LLD,1480,20,1817,1608000,4,10,10,7,10,7,7,9,64
3XTRK8UH8,むゆ,F8MLHU2NV,乙宗梢様､､､,1526,15,1817,1608000,3,8,10,7,5,8,7,9,57
7TQ0F31K6,こらそん,1BME38BCD,さすさやクラブ,1694,18,1819,1607000,8,9,7,8,9,8,7,7,63
GXB5VKOJ8,ティス,CX967RTGY,おんゆあさーくる,1631,18,1819,1607000,5,10,5,8,9,7,6,8,58
TFLG9WJ4A,海苔夫,8MTLYLH9F,木星月華黄金宮,1076,7,1821,1606000,6,7,6,6,6,7,6,6,50
HX6YMMT89,AB-C,N7J2R9JDN,ログイン目標勢!,1063,7,1821,1606000,5,10,4,5,5,7,5,5,46
RS50914EE,てDTM,6045Y2RW7,ポチっと！蓮ノ空,1410,2,1823,1605000,7,9,7,7,8,8,7,7,60
I1WK36QNA,テレンス,WX1DYC9Y1,ラナンキュラス,1362,16,1823,1605000,5,8,5,6,7,7,5,5,48
AK5J8DWZI,mococo,FH7G62PKW,月火水木金土日,1551,15,1825,1604000,5,7,5,6,8,7,7,7,52
PHPU1CVTB,nyuta（・8,JDAG79TG7,百合ノ空観察部,1684,17,1825,1604000,9,10,8,8,8,10,8,9,70
7WBAU9EW5,海月375,R181MKNX1,みらくらは人生！,1082,6,1827,1603000,1,7,5,4,4,7,4,4,36
MVPXJHBPH,迦弥,YCTM6RYDP,金沢おでん同好会,1618,12,1827,1603000,5,8,6,6,6,6,7,8,52
JW6QPV8JC,あるそーやん,FC8NBAJBT,ラー麺二郎金沢店,1778,17,1829,1602000,1,4,1,1,10,2,1,9,29
MWZYJWTDC,きゃっぷ,Y2HV0YEF7,蓮ノ空を応援し隊,1316,18,1829,1602000,8,8,8,8,7,8,8,7,62
DHZOI3DZ1,たけのこ,L3NN1RWMY,アポロベイ海賊団,1437,19,1831,1601000,1,6,8,8,6,5,1,8,43
MSIM39YXD,ヤシ,1BME38BCD,さすさやクラブ,1599,18,1832,1600000,1,8,8,1,8,1,8,9,44
WWUKMWALP,ゆーむ,25PMPEMG7,星見プロ,1309,10,1832,1600000,4,7,5,5,4,8,5,6,44
4EBD1N9VT,矢島春香,GN1798YEX,ド!ド!同好会,1392,1,1834,1599000,2,6,1,5,6,6,5,5,36
YAVRF19YD,b,N1DJVPGP8,いつでも咲けるよ,1384,8,1834,1599000,1,6,1,4,2,2,5,9,30
IJFIDA2MT,ちゃぴ,LW7MG1ERX,まったりプレイ,1508,20,1836,1598000,4,9,7,4,9,4,9,9,55
JJXM4A4JB,アオヒヤマ,X7C21B7H7,泥,1559,21,1836,1598000,7,10,7,6,6,7,8,10,61
28K412J9D,こぶちゃ,D7UA5ER1E,UR報酬欲しい！,1327,15,1838,1597000,2,9,4,3,7,7,2,8,42
8WFA3HOVR,とろ,AH27N260E,百生信託銀行,839,6,1838,1597000,2,8,1,7,1,2,4,5,30
UCP2B4R1K,はくべい,HWJ8XPW0T,箱推しなのだけど,495,0,1840,1596000,1,4,6,4,9,5,6,7,42
3X0Y8KUA4,ものくろ,RXXUPMWB9,待機室跡地観測所,1529,20,1841,1595000,5,10,8,5,10,5,9,9,61
05MUU458T,Kakeru,GR65FP8VN,蓮好き,1310,20,1841,1595000,1,8,1,1,7,4,1,7,30
59HNJPC1U,お茶,05KN1RR3U,さやかほ花卉園,651,0,1843,1594000,2,4,2,4,4,5,4,5,30
JVQ5F4INS,KKK,1DU9LCND7,蓮ノ空すこやか部,1454,20,1843,1594000,5,8,5,5,9,6,8,8,54
RL04WF519,翔,49AMYCXCD,ルドベキア,1735,20,1845,1593000,9,10,8,9,10,9,8,9,72
1ETRX0B9B,やひろ,V8XX999F6,卍蓮村幼稚園卍,761,2,1845,1593000,2,4,1,7,5,5,2,5,31
B2YK2JHJ2,ユキナ,828YTYAA9,箱推し社畜の部屋,810,4,1847,1592000,3,7,4,2,7,4,2,7,36
951MHO8EI,もりょー,N2KCENRKH,猫＆旅大好き部,1468,12,1847,1592000,5,7,5,6,7,6,6,6,48
U6BM3PMS3,AiLeaf,V6DV6KETG,梢好き好きクラブ,1468,15,1849,1591000,7,8,7,8,8,7,7,7,59
MPAR46VH7,asuda,EAY5EM96N,眩耀夜行好き好き,1176,7,1849,1591000,7,9,6,7,8,7,7,8,59
5BCGBFRJ8,サンディ,JDAG79TG7,百合ノ空観察部,1456,17,1851,1590000,8,8,8,8,9,8,10,9,68
E6TYK4KM2,ｼｬｹ,NJBBTCY3A,かにかに！,1297,11,1851,1590000,1,9,1,1,1,2,1,7,23
0KN47LBKK,堕天使ことり,5YXVKDEKV,サークル(仮),1335,21,1853,1589000,2,6,4,2,3,6,2,10,35
DL2KW15TN,ゆめ,ULUELCJ7T,なるようになる？,305,0,1853,1589000,4,10,6,4,9,5,4,8,50
9WJBK6J15,ぺい,PMDDGR6AH,うぇるかむ,713,0,1855,1588000,5,6,5,5,6,6,10,5,48
3JNTE3Y2C,みみかユイ,1KDUBW4HB,めぐ党0番,789,8,1855,1588000,4,10,7,7,2,10,8,7,55
W2R5M4U5H,s,KC1W74B9B,蓮六園,1096,10,1857,1587000,5,10,4,5,7,6,7,7,51
O6H2GPUB0,いのうえ,0TKFF5EG3,サークル名募集中,1403,13,1857,1587000,6,7,6,8,7,8,9,7,58
UA5O2BV67,さいん,5VCRU63W0,まっちみん,1349,13,1859,1586000,6,8,8,6,7,7,9,8,59
R41E9H88J,Uすず,RF5215M2U,スクステ同好会②,1253,15,1859,1586000,5,9,5,5,5,6,5,6,46
9X0V760V1,あずにゃん王子,4FXPC55PY,PPIHクラブ,1270,19,1861,1585000,6,8,6,6,6,6,6,6,50
SEJSZ3X86,アルパカ牧場,WLLWJ8ADP,乙宗筋肉サークル,1378,9,1861,1585000,6,7,6,7,7,6,6,7,52
SXSILMCVK,三青了一,F2M746D4B,頑張らないクラブ,1765,21,1863,1584000,10,10,7,10,10,10,10,10,77
EE7GXYR3S,MAZDA,573J1JVVK,かほかほ,1049,11,1863,1584000,1,9,2,1,6,4,2,5,30
FGKX5HNWH,ミルクヒーコー,W2GV4016W,カフェオレすこ,699,3,1865,1583000,6,10,7,2,4,8,4,4,45
DLEAUCSDC,ゆふ,X34LWGL6R,サークル2,1571,18,1865,1583000,3,10,4,3,7,8,8,8,51
HGZP5757H,クール,573J1JVVK,かほかほ,1674,6,1867,1582000,6,8,2,5,9,7,7,7,51
J50XMEB99,るりたそまる,95031TR10,ひめぎん文化会館,867,2,1868,1581000,3,10,1,2,1,10,1,1,29
LKAXR3J5Y,らすかる,6045Y2RW7,ポチっと！蓮ノ空,1255,20,1869,1580000,3,9,3,1,8,4,1,2,31
QK8CE7HOV,シンク,G0J2F9NAL,さやさやさーくる,1426,12,1869,1580000,6,8,6,6,7,6,7,7,53
MC5OZXTQF,しぐつき,9GDHWXGVG,ルリと花咲く毎日,1356,21,1871,1579000,4,6,4,7,7,7,6,7,48
JBEYM9IPJ,むとー,W9G7A5E34,泥沼,1508,21,1871,1579000,5,5,4,5,6,7,4,4,40
S87DWXVO8,トロノ,Y7KJ3PM8P,蓮すきすき同好会,1326,8,1873,1578000,5,10,5,8,5,10,7,5,55
T8FWD5RRL,あおい,4XRHRYDW4,無言でエンジョイ,1502,8,1873,1578000,7,7,7,7,7,7,7,7,56
RKLTWRT1K,かくかく,26JDLMBLN,徒町は強く生きる,1168,12,1875,1577000,6,7,6,6,7,6,6,7,51
N3KHOZ0YB,薬さじ,GBEJMUFWT,めぐちゃんズ(仮,919,2,1875,1577000,3,8,4,4,7,5,6,7,44
CV0F9DANL,とぅすお,V26546K3D,乙宗気合筋肉,1433,11,1877,1576000,10,10,10,6,8,6,6,10,66
AADRR31X2,Let's,M206VENTF,蓮紺の会,1153,5,1877,1576000,1,4,2,1,5,2,9,10,34
ZMWRR14YQ,ぜんこう,79C17CHA2,蓮ノ空出張部,1623,9,1879,1575000,4,10,10,5,10,6,7,8,60
9GELNVWFN,まゆ,V6DV6KETG,梢好き好きクラブ,1073,14,1879,1575000,3,9,3,1,4,5,4,4,33
HCCN656H4,おもち,G0J2F9NAL,さやさやさーくる,700,2,1881,1574000,5,6,4,4,5,6,6,5,41
8CAKRLNXA,ふるえるてんむす,3F0M4HXJE,蓮ノ空まったり部,910,0,1881,1574000,2,6,1,5,4,6,4,4,32
KE5NK1L1B,ninohy,2B97MH4YA,同じ話し何回も…,728,0,1883,1573000,4,8,6,6,8,5,7,5,49
8JFTGIY95,ももか,2ULM366U6,毎日がエブリデイ,1520,6,1884,1572000,7,9,7,7,9,7,7,7,60
E4GEBDA1R,Valerius,8JMW9G2XW,僕らのリンクラ！,753,0,1884,1572000,1,8,1,1,8,5,1,1,26
CBG1UE59G,とんとろ,25PMPEMG7,星見プロ,463,0,1886,1571000,9,9,10,10,10,10,9,10,77
PJWWM7VB6,すいみんみん,6XX7GBM0K,ぷちぐる同好会,1524,2,1886,1571000,1,5,1,5,7,6,7,7,39
YIGSDJFDL,あっきー,YCTM6RYDP,金沢おでん同好会,1659,15,1888,1570000,7,7,7,7,8,7,7,9,59
NLJ45HPGM,庫彩星,YD2XWWFA4,蓮好き好きクラブ,1100,11,1888,1570000,1,8,3,4,4,6,4,7,37
THBUY3K26,まるく,MDMTR1XKL,ホリデーホリディ,1294,17,1890,1569000,5,9,5,5,8,5,7,7,51
RBOS9CUIB,たわ,W3YKKRWHG,ルリと愉快な一家,1574,17,1891,1568000,7,7,7,7,8,7,6,8,57
GT89ALUUY,ちぇる,976BY5JWK,ハルカカナタ,1021,12,1891,1568000,7,9,8,7,9,6,7,9,62
K8XN5UVA3,ツインドアノブ,W26TRPM1R,めぐ党藤島派,1599,13,1893,1567000,7,10,7,7,8,8,7,7,61
F6IEEOKBJ,まっつん,HPTHY23VR,蓮ノ空文芸部,1362,9,1893,1567000,6,8,6,6,7,10,6,7,56
5J5KKRPKY,かなた,WHWT61ELR,【無言】ハスノソ,1261,19,1895,1566000,7,9,7,7,7,8,7,7,59
DDEEYHBMP,すずや,K8C99H42D,ルリと喜ド！愛楽,1091,9,1895,1566000,6,10,5,6,6,6,7,8,54
S9K67HE46,るな,PDMPF3VVV,r/LL,1215,12,1897,1565000,2,5,4,5,6,5,4,6,37
NDA28I6HM,MY-tanθ,R1RM3X0WV,後方腕組みオタク,1517,20,1897,1565000,8,8,8,8,8,8,8,8,64
68NUMPMT7,akari,YFADYJVW4,FPS好きクラブ,1011,6,1899,1564000,4,10,8,4,8,6,4,9,53
ZY9V6AFN7,カートテークス,D7H8MN2U4,LLD,1576,18,1899,1564000,7,10,4,5,7,8,8,8,57
UJ739QP8K,わてて,KXU941RFJ,梢先輩おめでとう,1493,20,1901,1563000,6,8,7,7,9,5,9,9,60
EUXS4EB7G,sora,9FF5JBNDF,めぐすきクラブ,1195,16,1901,1563000,7,9,7,7,8,8,6,7,59
I8X5KZ72A,アルカディア,WE4AB37FP,めぐ党,1412,3,1903,1562000,5,5,5,5,6,7,6,7,46
5ZIQL7UXB,瑠璃柴,YD2XWWFA4,蓮好き好きクラブ,1383,12,1904,1561000,5,8,6,6,7,6,7,7,52
I8CFP6VS6,ぁぉぃ,XR2P2LDY3,蓮ノ空さいきょー,1322,16,1904,1561000,4,5,4,4,6,5,7,7,42
YFH6GDLTK,めぐ島めぐ島めぐ,KT4C59NXG,めぐ島,1543,14,1906,1560000,4,10,5,6,9,6,6,7,53
AUWXJJM5A,はまち,L28X4MDJN,アフター観たいぞ,687,3,1906,1560000,6,10,8,5,5,6,1,5,46
BZQC2ZBFE,星桜,CV62FGL1U,花咲かせ隊,1461,15,1908,1559000,6,10,6,6,6,6,6,9,55
01U2Y0TAE,しんにゃん,407VAU0TT,ログボ勢の集い,889,2,1908,1559000,1,10,1,1,5,2,1,1,22
678JW2PU9,まどか,ULUELCJ7T,なるようになる？,628,4,1910,1558000,9,4,1,8,9,6,1,5,43
I4BK8N636,成実,M6UPWJ6DU,蓮結ぶ虹と星の音,1471,20,1910,1558000,6,7,5,6,8,6,6,7,51
MOFJQHVV8,ユキ,XPXN9TA8E,シグニャルの猫部,1494,20,1912,1557000,4,7,5,4,5,4,7,7,43
LRXZC9FGZ,HIRORO,2NY9H8BR9,乙宗紅茶館,1425,11,1912,1557000,3,7,4,7,5,6,6,6,44
WR5M7UDWK,ゼロクラン,LUDNM40F8,ふくふく無言OK,1243,20,1914,1555000,6,6,7,6,7,6,7,6,51
8AM9BLGNK,塩鍋,BCJRMHE75,梢すきすきクラブ,1552,15,1914,1555000,9,10,8,9,10,8,8,9,71
4Z814SKE6,light,WLFW6UCX5,無敵級ビリーバー,1390,14,1916,1554000,7,8,7,7,7,8,8,8,60
7W1HV2AE9,Toric,919XF8V2V,蓮之空大三腳,660,2,1916,1554000,2,8,3,4,4,6,4,4,35
KYAHQ53H8,はっすー,GVT61ATX0,なのだけれど,1499,20,1918,1553000,7,10,5,7,7,8,8,8,60
JCDJV6CK2,もぐたん,PLBBEX019,待機室目指し隊,713,2,1918,1553000,2,7,3,7,3,5,2,8,37
XIZ2APUWH,モサ,Y7X2MNH1U,いとまき団,1121,19,1920,1552000,5,4,5,5,8,4,8,8,47
N1W147J20,こあ3.0,95031TR10,ひめぎん文化会館,1207,13,1921,1551000,2,8,2,2,2,6,8,5,35
RCV3EKR9B,なっちゃん,1D7T2UXC2,無言でのんびり,1643,21,1921,1551000,6,10,7,7,10,9,10,9,68
829MRGK09,じん,N8L41JAA7,無言 ノルマなし,1237,20,1923,1424600,4,8,3,5,8,6,7,7,48
Q80NROBVC,ハイネ,RFYKY8DCD,LA.LA.LA,1488,16,1923,1424600,6,7,6,6,8,6,6,7,52
YCRY5G08V,小吉,5WUDLMWEP,蓮ノ空は明日ノ空,1497,8,1925,1424400,4,10,10,5,10,7,6,9,61
PB0H6CTLB,ふむふむ,3LPBPHL3V,壁の民の伝説,1364,20,1926,1424200,2,6,1,5,5,6,6,7,38
F7AVID9MC,プルプル,JA2C658FW,さや綴理の村人,1699,20,1927,1424000,7,10,10,7,9,8,10,10,71
IXYRTKB29,ドクぺ,8R49BTWW6,蓮女お嬢様クラブ,1583,20,1928,1423800,5,6,5,6,7,5,8,8,50
4T25D1T60,S,WTJV514G9,蓮ノ空のお弁当屋,1349,20,1929,1423600,8,10,8,9,9,9,8,8,69
ECBW60733,どんぶり,VP0K6KF0K,蓮ノ空大好き!!,742,1,1930,1423400,5,6,6,5,5,7,4,4,42
H751C4668,バンビ,GPNHEGM8H,卯月軍団,1204,9,1931,1423200,5,9,5,5,9,6,7,9,55
UE06YY81U,ヒカル,GW4CH70HK,TKG同好会,1410,21,1931,1423200,7,10,9,7,8,7,10,10,68
PQZ20JJ99,yuuya,CT8XW752X,蓮ノ空写真部,1409,12,1933,1423000,2,7,1,5,6,6,5,5,37
RJ54379G0,見仁,YFADYJVW4,FPS好きクラブ,1432,20,1934,1422800,5,9,4,7,10,5,9,8,57
ZJ8X9ACB3,なみれお,8R49BTWW6,蓮女お嬢様クラブ,1220,14,1935,1422400,7,7,7,7,8,8,7,7,58
CZB57Z2T0,ベン,R083H7WRN,サークル無言,1239,17,1936,1422200,7,8,7,7,10,7,10,10,66
OLZWE0YRK,アスカ,YD2XWWFA4,蓮好き好きクラブ,1620,15,1937,1422000,5,8,5,6,7,6,7,10,54
UOCMXFPIR,飛鳥,WHWT61ELR,【無言】ハスノソ,1287,17,1938,1421800,1,6,1,5,2,7,5,5,32
ODH48D0DK,しま,YCTM6RYDP,金沢おでん同好会,1468,13,1938,1421800,7,9,8,7,10,7,10,9,67
YJ6XMPJT5,れる,4RY75CKM4,LLすこ部　メ募,1474,20,1940,1421600,7,9,7,8,8,8,8,8,63
GNBY4N2A1,月,FH7G62PKW,月火水木金土日,1268,2,1941,1421400,6,6,6,6,7,7,6,7,51
YNNDAPK92,はまち,FG5VFFNRK,蓮ノ空おじさん,1408,21,1942,1421200,7,7,7,7,7,7,9,7,58
MLKBKXYGF,りょーや,W3YKKRWHG,ルリと愉快な一家,1311,15,1943,1421000,6,10,6,6,7,7,6,6,54
O3DN8GJGI,シャンハイ,VU0UYYA8K,蓮ノ空日野下厩舎,1105,13,1944,1420800,2,3,2,4,6,6,4,4,31
5A89FFJF3,ショウ,N94LEWF2D,無言よわよわの会,591,0,1945,1420600,7,10,9,7,7,9,6,8,63
H0L7E34YK,つしま,GPKTRBCTT,騎空団蓮ノ空支部,1301,13,1946,1420400,6,6,6,6,7,6,6,7,50
M0H9P0EA3,ちぇすたいがらし,X7YM9EG8K,伝統の石川地酒,253,0,1946,1420400,6,6,6,7,7,7,7,7,53
AXKP20H0X,Kちん。,B4ADNM80X,山本組,1245,20,1948,1420200,5,7,5,5,5,5,8,8,48
8PJVU3ICH,らぴるん,YADX9DY49,ﾊｽﾉｿﾗｰ,1460,19,1949,1420000,1,5,1,4,4,4,4,4,27
BJJAQ8YIU,シラヌイ,TD87P23DJ,黄昏の旅団,1492,19,1950,1419800,4,6,4,5,6,5,6,5,41
UJYGRJWTK,ゅ,T48KV9EP2,無言ぱーく,1167,20,1951,1419600,1,9,1,4,6,6,4,4,35
PUKLROKQE,柴舟,NA8FEYN0M,蓮ノ空飲酒クラブ,1573,2,1952,1419400,6,9,3,7,9,8,9,9,60
TFFBYIT98,べにーびーばっど,M851LEV3N,なっす父兄,1562,7,1953,1419200,1,7,3,4,6,6,5,6,38
25W9YGSKT,ぶん,W3F0URUJC,梢先輩応援団,1440,15,1954,1419000,6,6,6,6,8,7,7,6,52
WBTPGXRAC,Edge,AVY8PECF0,初心者の集い,1104,16,1954,1419000,7,10,7,7,8,8,7,7,61
XN1DPF88F,もみじ,RFYKY8DCD,LA.LA.LA,1385,18,1956,1418800,7,9,6,7,8,7,9,8,61
J7IL1HUA1,寅井,NA8FEYN0M,蓮ノ空飲酒クラブ,1319,0,1957,1418600,7,9,6,6,7,7,6,7,55
E7C938AQV,べーやん,BCJRMHE75,梢すきすきクラブ,1603,16,1958,1418400,6,10,10,6,9,8,6,7,62
XCJ4OPKTT,よふかし,7XH3K4GBT,LLP,1506,20,1959,1418200,6,8,7,8,9,8,8,9,63
7XKGN056G,やさかのむら,C021HVB2B,第3芸能科,1211,13,1960,1418000,8,8,6,7,7,8,6,7,57
3IQMB1JNB,さしすせそ,BXGNMY466,ライグラ用,1604,20,1961,1417800,5,6,5,5,6,5,7,7,46
FKYV41FGL,UR確定輝神引姫,8MTLYLH9F,木星月華黄金宮,1358,18,1962,1417600,6,10,6,6,10,6,10,10,64
ZAQC9O1L8,ゆーふ,JE7V5MM31,蓮ノ沼に沈んだ泥,1668,15,1963,1417400,4,9,4,6,9,8,8,9,57
7MNTLTUH9,湾上黒百合,N83DW3NYG,†極最強倶楽部†,1127,8,1964,1417200,5,6,5,6,7,6,7,8,50
58F5S114K,ヤスク,5W8RPRVUA,ド！ド！泥！,1526,8,1965,1417000,5,10,5,5,7,6,7,7,52
NDF10E002,ゆかり,Y6JNPC60C,綴理メイト,1419,19,1966,1416800,7,8,7,7,7,7,9,9,61
5W83UKK4H,望月,1BME38BCD,さすさやクラブ,1716,20,1967,1416600,7,9,7,10,8,9,10,8,68
GLUP3RFD3,Azu,948FLPMPN,まったりハス煮〜,1355,18,1968,1416400,6,7,6,6,7,7,8,8,55
UYH8G2PK2,鳳華,X7YM9EG8K,伝統の石川地酒,1119,0,1969,1416200,6,10,6,10,10,8,8,8,66
J1BULTYGL,けいすけ,X33HHA9F8,アルストロメリア,687,2,1969,1416200,1,7,2,4,4,4,4,6,32
W2MNRG7U4,ハシェ,TTDBXERCU,蓮ノ空 全力応援,915,3,1971,1416000,5,8,1,7,8,7,5,6,47
ALD7UHWYG,ＫＡＯ,Y2HV0YEF7,蓮ノ空を応援し隊,1498,17,1972,1415800,7,10,8,10,10,10,6,9,70
8AC2HIXUM,チカモン,V26546K3D,乙宗気合筋肉,1552,12,1973,1415600,7,10,7,7,8,8,8,7,62
MKWDCKPYV,会長♪,WTJV514G9,蓮ノ空のお弁当屋,1486,4,1974,1415400,5,7,5,7,8,7,7,7,53
ZA2F8HP15,Zi9ma,KGDNX3EF3,ENcircle,1176,4,1975,1415200,1,8,4,4,5,5,6,5,38
YYT3VDTXD,イノベ,MUXWTW1GV,蓮の空見守り隊,1282,2,1976,1415000,6,7,6,5,7,7,5,7,50
WZ5XYVPP1,トイトイ,79C17CHA2,蓮ノ空出張部,1556,20,1977,1414800,9,9,9,8,9,9,9,10,72
L0VEFG4XP,mobi,0J44KFKD9,アサルトガーデン,1192,20,1977,1414800,6,10,6,6,7,6,6,6,53
BU8K94X61,やそ,5W8RPRVUA,ド！ド！泥！,1430,15,1979,1414600,5,10,10,5,6,3,10,10,59
H313PMV54,とう,,,1345,3,1980,1414400,6,6,6,6,6,7,6,6,49
6CE9TCMQ2,トーヤ,XJK5GD94X,フリーダム,1390,1,1981,1414200,1,10,10,4,7,7,1,5,45
J3UNS4PQW,チゼ,1BME38BCD,さすさやクラブ,1480,8,1982,1414000,7,8,7,7,7,7,6,7,56
833GA2NAL,love花帆ちゃ,PUJ0ERCMW,蓮ノ空倶楽部,758,2,1983,1413800,6,7,6,7,6,6,6,7,51
WT9FEXW80,せみち,HBD61R6WC,梢先輩すきすき部,1120,18,1984,1413600,6,8,5,4,7,4,5,9,48
4876EHT1Y,壬生,A73H7ENN2,エロマンガ同好会,1520,10,1985,1413400,1,8,1,4,9,6,5,7,41
C4KHHI0XS,カルト,UCF93JAPM,スワンプマン,1728,20,1985,1413400,8,9,8,8,9,8,9,9,68
THZITXSPL,アンコウ,N752V1LD6,思想の溜まり場,1473,6,1987,1413200,6,9,6,7,10,6,7,10,61
TTRCNN54T,L.L.,GPKTRBCTT,騎空団蓮ノ空支部,1472,21,1988,1413000,4,10,6,7,10,7,8,8,60
AZBZEUQGQ,あんこなう,R9T0YKDW8,かちまち応援隊,1573,3,1989,1412800,7,8,8,7,9,7,8,8,62
PW2IZOV8C,メティス,6045Y2RW7,ポチっと！蓮ノ空,1522,15,1990,1412600,6,6,5,5,6,5,7,8,48
8WZJM0HXM,Marineya,8R49BTWW6,蓮女お嬢様クラブ,1433,19,1991,1412200,5,5,5,5,6,5,8,7,46
KKTOHZMAK,Kimi,L1VGJTD5P,蓮ノ空お茶会部,1271,13,1992,1412000,4,7,4,4,7,5,6,6,43
UM2LVWXA3,れのあ,9YM3DBTB7,泥民館,1245,8,1992,1412000,3,7,5,5,7,6,6,7,46
RUTCEFX6L,ゆう,JDAG79TG7,百合ノ空観察部,1500,20,1994,1411800,4,10,9,7,10,6,6,6,58
9V8F0V7XD,ァィＫ,Y2R7E79U3,カワウソ同好会,1205,20,1995,1411600,4,9,5,5,8,7,7,7,52
FCG17HTDC,カニカイ,9FF5JBNDF,めぐすきクラブ,1711,21,1996,1411200,7,9,7,7,10,7,7,9,63
9HLG4JJRH,まるもこ,HBM31HMUY,YUKIZURI,814,2,1997,1411000,4,9,3,4,5,5,4,6,40
UFW3PXIBU,TeaCup,M8FM7P139,蓮ノ空ひとり旅部,1695,19,1998,1410800,8,8,7,8,8,7,8,8,62
72VXLNLPV,znk,95TAREFPT,ご自由にどうぞ,1059,2,1999,1410600,3,7,4,4,5,6,4,4,37
1XCGA0FBK,常温の水ぅ,XE8513HNP,喫茶カワウ空✨,1454,12,1999,1410600,1,7,1,5,7,6,5,7,39
UBDNAYCNL,ドヤ,26JDLMBLN,徒町は強く生きる,1150,7,2001,1410200,2,6,1,5,8,5,6,8,41
BB9YZQI9Y,どんでん,2NY9H8BR9,乙宗紅茶館,1780,6,2002,1410000,7,8,8,7,10,8,8,8,64
73LRI9P2T,Az,N8L41JAA7,無言 ノルマなし,1388,5,2003,1409800,6,6,6,6,7,6,6,7,50
NVTGPA5HC,うこん,WN5B7VKPU,きんぴられんこん,414,0,2004,1409600,4,10,10,1,7,7,1,2,42
R9VEJAA28,らいは,VP0K6KF0K,蓮ノ空大好き!!,757,7,2005,1409400,7,10,7,6,6,9,6,6,57
BNV0K5GM2,ミ,2NY9H8BR9,乙宗紅茶館,1347,19,2006,1409200,6,7,7,6,8,7,8,10,59
Q9QU9VOPD,せつ菜,WBXF9XXW7,さやつづ愛でる会,1438,21,2006,1409200,2,7,4,4,7,5,4,1,34
AEXWSLMBY,じゃが,M67ACEP3M,オーバーブースト,1551,13,2008,1409000,1,7,1,1,6,6,1,7,30
C8J195ETT,Ayumu,NC2YT2V28,蓮之愛同予者何人,1383,13,2009,1408800,6,9,6,6,7,7,7,8,56
4XB2JUHXW,バジはくまい,CV62FGL1U,花咲かせ隊,1459,5,2010,1408600,4,10,5,5,10,6,8,10,58
9TALE5D6Y,うぇんずでい,RXXUPMWB9,待機室跡地観測所,1070,6,2011,1408400,2,4,2,5,6,5,5,5,34
732ZWKTO4,直角,H6JWBBGCG,蓮天・乙宗一心流,1201,20,2012,1408200,4,7,2,4,6,6,6,6,41
E5HEUMVRU,シャウ,KFC62L0FV,ねるねる同好会,1587,20,2013,1408000,7,10,7,7,7,9,8,8,63
0GRGPIGO5,maru,6WUADDR4U,からあげ,1515,17,2014,1407800,6,8,6,4,6,3,8,8,49
DRGR53P7W,陽,4RY75CKM4,LLすこ部　メ募,767,4,2014,1407800,3,10,9,7,3,4,3,7,46
M7R9OCPSE,あちらこちら,8R49BTWW6,蓮女お嬢様クラブ,1501,16,2016,1407400,7,7,7,7,7,7,7,7,56
GDIJ8GEAN,あーつ,FMKP92LRL,目が霞む人達,1292,7,2017,1407200,4,10,5,6,10,5,4,5,49
UYYHXRA6K,めぐみん,J7N4W6Y1K,こずミックラブ♡,1220,4,2018,1407000,6,7,6,6,6,6,6,6,49
0TLDUDJ0J,すとーん,25PMPEMG7,星見プロ,1537,12,2019,1406800,3,10,3,7,4,9,5,4,45
YM74EV7TW,かっちゃん,JTX1G19BP,さやかほ癒し会,1311,9,2020,1406600,1,9,1,5,5,6,7,9,43
QT144ZQM2,結城,0EL43A30P,こころのいろは,1160,11,2021,1406400,4,6,4,5,4,7,7,7,44
9JJVUNQQY,なつめやし,M7HJCP8WY,留年回避補習室,1453,3,2021,1406400,1,7,5,5,7,7,7,7,46
2M1TVMF7V,にゃんぷれ,K8C99H42D,ルリと喜ド！愛楽,1142,2,2023,1406200,7,10,8,7,9,6,8,7,62
XJGU1LX69,ヨモギ,MTBP3B4GM,ふらわーすきすき,1258,3,2024,1405800,4,10,2,5,8,7,6,7,49
NC1RYGBBZ,ゆい,2NY9H8BR9,乙宗紅茶館,1315,14,2025,1405400,4,10,5,7,8,8,7,7,56
3EFR0X1Q8,まっつん,9DKR4Y2CJ,蓮ノ空老人会,1520,11,2026,1405200,6,7,7,6,6,7,6,8,53
K6DZTG2X7,はー,JDAG79TG7,百合ノ空観察部,1369,13,2027,1405000,5,7,5,5,6,6,6,6,46
7BDWE6NJD,ふかちん,M6UPWJ6DU,蓮結ぶ虹と星の音,1196,10,2027,1405000,4,7,4,4,5,5,4,5,38
0UAXEMCHU,あいちー,J0N1E3Y09,月火水木金土日,1232,17,2029,1404800,5,6,5,5,6,4,8,8,47
JNJD6NWER,マサ,JDAG79TG7,百合ノ空観察部,1079,0,2030,1404600,4,7,6,3,7,6,5,5,43
B7LXJFQL1,じぷしー,3LPBPHL3V,壁の民の伝説,1363,15,2031,1404400,7,8,6,7,8,6,8,7,57
V7BD7GG3N,てつ,AXG81GPMP,蓮ノ空マタギ部,1241,2,2032,1404200,5,10,9,7,9,8,6,8,62
MXWBM6CW0,ガルー,F2M746D4B,頑張らないクラブ,1393,6,2033,1403800,5,6,5,5,6,4,5,4,40
K81OFWD3N,炊きたてライス,PPAHU1TNY,蓮ノ空のんびり部,1472,3,2034,1403600,2,7,1,5,5,6,5,5,36
0K636THUY,saikusu,BW38LDPRF,蓮浦の星空,1378,11,2034,1403600,6,6,6,7,7,7,6,7,52
XDNMCG7D2,びーえふ,J8HXTJ8TB,流し素麺同好会,1035,4,2036,1403400,5,10,5,5,7,5,5,6,48
L87PBVPT3,NM,W26TRPM1R,めぐ党藤島派,1322,3,2037,1403200,2,7,1,6,5,6,5,5,37
AH3M6YMJK,HANN,H0DV3JJGA,かほさやてぇてぇ,781,2,2038,1403000,5,7,1,1,5,3,1,1,24
EUCNULW3Y,Ksb,MTBP3B4GM,ふらわーすきすき,1059,1,2039,1402800,2,5,1,4,6,7,5,4,34
30EDXE28D,悠仁@乙宗梢推し,XURY539UN,筑波大ラ研,520,0,2040,1402600,5,9,3,6,3,8,6,2,42
RTFHHNRRM,ピノン,1F5EPPMLD,UR貰えればいい,917,2,2041,1402400,2,8,1,1,6,3,1,1,23
NN1EGQEYN,射撃魔,2NY9H8BR9,乙宗紅茶館,1417,8,2042,1402200,1,10,1,1,10,9,1,10,43
HV0CBWWHY,たまごやき,HBUK6F7CC,乙宗梢なりきり部,1474,9,2042,1402200,4,7,3,7,7,5,7,4,44
KYH3BUB2R,青緑色,CTW8DKV5P,まったり,1680,21,2044,1402000,6,10,10,6,10,7,7,10,66
4UVXDTM30,ゴン,KGY709ULG,蓮の花束,1112,4,2045,1401800,5,9,6,5,7,9,10,9,60
5VFVMMG1P,のぞむ,JA2C658FW,さや綴理の村人,1566,9,2046,1401600,10,10,4,5,9,7,7,8,60
F96YWHF82,リア,JDAG79TG7,百合ノ空観察部,1448,21,2047,1401400,4,7,4,5,7,7,7,7,48
70K0IUW6G,しお,XE8513HNP,喫茶カワウ空✨,1472,8,2048,1401200,5,8,6,7,9,4,10,10,59
W4YMOPTA6,アオバ,H6JWBBGCG,蓮天・乙宗一心流,1412,15,2049,1401000,5,8,7,6,8,6,6,8,54
3DK4BALBB,inoi,D7H8MN2U4,LLD,1415,10,2050,1400800,7,10,7,9,10,9,8,9,69
OGQVCONVB,ひめらぎ,9GDHWXGVG,ルリと花咲く毎日,1422,20,2050,1400800,5,8,5,5,8,5,5,5,46
RXJVL7G33,ひかり,2DYYAPFVN,蓮っ子村,1153,6,2052,1400600,5,8,4,6,5,6,6,7,47
V5B1VKYJM,MikaSa,AVX749PPB,姫芽ちゃん親衛隊,1162,15,2053,1400400,8,10,9,7,9,10,7,7,67
BLYK8JYVV,ドルビー,38KAJGDGU,異次元シャニP,1395,21,2054,1400200,5,10,6,5,10,8,10,9,63
T9035038D,^にゃおき^,VP0K6KF0K,蓮ノ空大好き!!,929,2,2055,1400000,4,7,3,6,8,5,4,4,41
G36QSA8I2,ウェイク,K8C99H42D,ルリと喜ド！愛楽,1308,5,2056,1399800,5,6,5,6,6,6,6,6,46
3SZ5ASO9V,まんとる,RNJ306W6N,日曜日よりの使者,1279,11,2057,1399400,1,6,1,4,5,6,6,5,34
HWWN7ND5L,宮原修一,CXG25026E,泥のみんなS,1531,12,2057,1399400,8,9,9,8,8,8,8,8,66
1LZ1ANSSD,ひしがた,MXNCA0703,◇,1758,21,2059,1399200,7,7,7,7,8,6,8,8,58
W4AX7Y4UR,poiful,6FWRD1K40,いちじょ海賊団,1169,4,2060,1399000,6,8,6,5,7,8,7,7,54
KYTVHU2DN,バル,BTVC9G95X,FES用,1304,19,2061,1398800,6,7,7,5,7,7,5,6,50
51ACSS3DF,にぼし,GPKTRBCTT,騎空団蓮ノ空支部,1537,3,2062,1398600,5,7,4,7,8,8,10,10,59
DHTBGUFMD,増えたうさぎ,Y2P9LABR2,スクステ同好会③,1268,2,2063,1398400,4,6,4,4,6,6,4,6,40
ISZ26BAHV,リップ,RNJ306W6N,日曜日よりの使者,1380,16,2064,1398200,6,10,5,8,8,8,6,7,58
5BP0BM5WG,みゃーさま@,RF5215M2U,スクステ同好会②,815,5,2065,1398000,4,8,5,4,4,8,7,3,43
17F37EKBW,まっすう,VP0K6KF0K,蓮ノ空大好き!!,1398,18,2065,1398000,6,10,8,7,7,7,7,8,60
M1PNAVX97,まきりこ,JTX1G19BP,さやかほ癒し会,1332,13,2067,1397800,1,10,1,4,6,7,4,7,40
JBECGPBDB,えれか,05KN1RR3U,さやかほ花卉園,943,4,2068,1397600,1,6,2,5,6,5,4,5,34
HP0H7A898,けいアリーナ,1DU9LCND7,蓮ノ空すこやか部,1160,4,2069,1397400,1,5,1,1,5,6,1,7,27
CJC6QJ6HK,くあんた,9UKKACGDU,蓮っ子CLUB,1607,10,2070,1397200,5,8,5,6,9,8,9,8,58
WTMDS3XHS,リンシラベ,J0N1E3Y09,月火水木金土日,1458,12,2071,1397000,6,10,6,6,9,6,7,7,57
YYLIYMB4K,あーるっぴ,MVMP6NNXD,空き時間らくがき,1106,16,2072,1396800,9,10,9,9,9,10,8,8,72
W67F0AGNE,まゆい,5NPVVUGH7,蓮すきすきクラブ,1286,13,2073,1396600,2,10,7,6,6,5,2,4,42
R5GW1UCPB,キラ,R9T0YKDW8,かちまち応援隊,1039,1,2073,1396600,3,7,1,5,8,6,7,8,45
APR7476BU,みなと定食,WHWT61ELR,【無言】ハスノソ,1458,20,2075,1396400,3,9,3,6,9,5,7,3,45
GHZI9V3NW,Kaze,Y2HV0YEF7,蓮ノ空を応援し隊,1597,18,2076,1396200,6,8,6,6,8,6,9,9,58
7D94KWALU,梟雄x,YFADYJVW4,FPS好きクラブ,1176,17,2077,1396000,3,10,4,3,6,5,3,7,41
W4FZYODCZ,さばかん,N8L41JAA7,無言 ノルマなし,1282,20,2078,1395800,6,8,6,7,8,6,8,8,57
6Y3MXTJLJ,ひろいち,VP0K6KF0K,蓮ノ空大好き!!,1260,16,2079,1395600,4,4,4,4,6,4,7,7,40
S6GD9014A,ゆーぱな,W7D9YK7U8,300KM,1587,20,2080,1395400,7,9,7,7,7,8,7,8,60
GEHXUXPDW,ゆり,DKNHY5HH6,なす料理研究会,1568,19,2081,1395200,7,10,7,7,8,8,6,6,59
HD8JHV0UJ,木琴,MVMP6NNXD,空き時間らくがき,1229,13,2081,1395200,7,8,7,7,7,7,7,7,57
6DKF15F81,UH,HB9AU9DJJ,聖心党,1323,21,2083,1395000,5,7,6,7,7,8,7,8,55
VWZ7PP7PZ,さつき,2ULM366U6,毎日がエブリデイ,1466,15,2084,1394800,1,6,1,4,3,5,4,7,31
XLASG19TY,こう滝,JHTULVV5P,故に瑠璃乃推し,1479,19,2085,1394600,1,6,1,3,5,5,8,8,37
LCM66GHDC,amoamo,1DU9LCND7,蓮ノ空すこやか部,1513,2,2086,1394400,5,7,5,5,7,7,5,7,48
G45PT1Y5H,十六夜,AG9PKMMC3,ぱかぱか同好会,1487,15,2087,1394200,3,8,5,6,7,6,7,8,50
42K81VYYS,ハイド。,0CBM28JP6,ほうき星,1658,4,2088,1394000,7,8,7,7,7,7,7,7,57
C1XV02NBX,タテウオ,UHWA4YLWP,蓮ノ空を見守る会,1004,4,2089,1393800,5,9,4,4,6,7,4,6,45
VGYP5JAA1,丘,D7UA5ER1E,UR報酬欲しい！,1443,21,2090,1393600,7,8,7,7,10,8,10,10,67
I7XW1T72R,キニーネ,CM5THHYHB,「」ノ空だけれど,1478,20,2091,1393400,6,7,7,6,7,7,9,8,57
3HNHGOPR3,むらち,VP0K6KF0K,蓮ノ空大好き!!,1479,10,2092,1393200,7,9,7,6,7,7,7,7,57
VL4J4YY53,cattie,V6DV6KETG,梢好き好きクラブ,1310,9,2093,1393000,1,6,1,5,5,6,5,5,34
CMXX1B7HK,雨日百合,N0EXH1CM1,ぱちぱち徒町,1086,6,2094,1392800,6,9,5,6,8,6,5,5,50
87KGAPVW5,万策尽太郎,WWWUTP96L,異次元からキマシ,1284,20,2095,1392600,3,9,3,6,7,5,9,9,51
6LO0F9Z96,ガイア,JDAG79TG7,百合ノ空観察部,1590,8,2096,1392400,3,10,1,5,6,7,6,8,46
AJ6302BHY,nacky,,,1202,13,2096,1392400,7,8,7,8,9,8,7,7,61
PLJRBRNAY,かじん,AR9HR528A,いろいろ実況,1752,17,2098,1392200,7,10,6,7,9,8,10,10,67
WFEHMHLAC,藤なんちゃら,D7H8MN2U4,LLD,1262,4,2099,1392000,2,6,2,5,6,6,6,5,38
0C4XH2P8K,ちろる,HBK6KCRPP,無言でおけ,1346,12,2100,1391800,6,8,6,6,9,8,7,7,57
FA4C0U7P4,主任,WN3625XFV,チーム自由,1480,17,2101,1391600,10,6,3,5,7,2,7,9,49
MYKFLEDG8,ヤスキ,0B8RTHY4D,のんびり屋さん,1507,13,2102,1391400,2,7,2,5,7,6,7,5,41
8D1KP6PD5,로드롤러,HB9AU9DJJ,聖心党,882,4,2103,1391200,8,10,5,6,9,8,9,8,63
BDW11259W,カナリダ,G59NGM0XA,シュリーレン,1182,18,2104,1391000,3,9,3,4,6,5,4,7,41
A7AWUK1ET,かがみん,06DCWC1RE,とりあえず参戦用,1451,19,2104,1391000,5,10,7,5,10,7,5,9,58
V17DFTKLJ,すーぱーけーさん,9GDHWXGVG,ルリと花咲く毎日,1520,17,2106,1390800,7,8,6,6,7,6,10,10,60
O6NX8JP2P,杉谦,Y2HV0YEF7,蓮ノ空を応援し隊,1480,7,2107,1390600,6,10,6,6,8,8,7,7,58
O9OFVS3NN,piro,7P4CAER9X,まったり倶楽部！,1583,5,2108,1390400,6,10,10,6,8,7,6,7,60
69MFX9CPT,天城,T2XRMGEAE,蓮根無言会,1243,8,2109,1390200,5,10,6,7,8,8,8,9,61
RAU4OMHL9,ひむ,8JMW9G2XW,僕らのリンクラ！,1498,7,2110,1390000,7,9,8,7,8,7,8,8,62
1A920W6UC,リンクラ,J800VVPTN,Aqours,1039,3,2111,1389800,6,10,7,7,7,7,7,7,58
OD2J57BRJ,ケルン,GR65FP8VN,蓮好き,1071,12,2112,1389600,3,9,5,7,9,8,6,7,54
WRKTXC0PV,EMOKC,MTBP3B4GM,ふらわーすきすき,1072,2,2112,1389600,7,9,4,6,4,7,4,6,47
U0B2Z02K0,サトシ,DKNHY5HH6,なす料理研究会,1246,11,2114,1389400,8,9,6,6,7,7,7,7,57
4U8JF7WBG,ズミさん,WTJV514G9,蓮ノ空のお弁当屋,1607,17,2115,1389200,6,8,6,6,8,6,10,9,59
F2CXXUVHH,はすき,FG5VFFNRK,蓮ノ空おじさん,1209,20,2116,1389000,10,9,6,6,8,6,8,7,60
0CKCU5C49,こしょう,JDAG79TG7,百合ノ空観察部,1276,19,2117,1388800,3,8,2,3,8,7,3,7,41
W4AN4N0W0,生しらす,X7C21B7H7,泥,523,0,2118,1388400,2,6,2,4,5,7,5,6,37
KHANUJR37,ねぎとろ,5YXVKDEKV,サークル(仮),1217,7,2119,1388200,6,6,6,6,6,6,7,7,50
BM5T77G16,RSAT721,,,957,6,2120,1388000,1,6,3,4,5,2,4,7,32
111GQTNHR,しーぽん,J8HXTJ8TB,流し素麺同好会,1394,17,2121,1387800,6,10,6,6,9,7,7,6,57
JIYW4OT55,スト,GN1798YEX,ド!ド!同好会,1470,14,2122,1387600,5,8,5,6,9,6,6,7,52
UHVD235TL,みぁみぁ,NJBBTCY3A,かにかに！,1303,20,2123,1387400,6,8,7,6,9,6,7,9,58
UO95BPS4G,はろめぐ,0CBM28JP6,ほうき星,1141,3,2124,1387200,3,6,2,4,4,6,6,6,37
0R6JF8Y94,ししゃーも,0TKFF5EG3,サークル名募集中,1426,16,2125,1387000,3,10,3,2,7,7,8,10,50
CXPCVK9R8,エイメン,FE282F3VH,天悶部,1451,10,2126,1386800,4,4,4,5,5,5,9,9,45
CFCDNBL5J,김준수,HB9AU9DJJ,聖心党,948,8,2126,1386800,4,7,5,5,7,6,6,6,46
C7Y1GWTCF,マサムネ,MTBP3B4GM,ふらわーすきすき,1291,20,2128,1386600,3,7,2,2,5,5,7,8,39
J4HNT0HPG,しゅう,GW4CH70HK,TKG同好会,1235,13,2129,1386400,5,6,5,6,7,6,8,8,51
R50ENN3PN,ろっく,RFYKY8DCD,LA.LA.LA,1614,16,2130,1386200,7,9,6,8,10,8,10,10,68
NC9GIFJB0,だむ,HE0GK3EPE,瑞蓮プロカ倶楽部,1488,20,2131,1386000,7,8,7,7,7,7,7,8,58
EJPNW2093,ＤＨ・ミヤ,E58EXVMJU,ボクがんばる。,1523,0,2132,1385800,3,10,10,6,10,6,4,10,59
EXMPE8C3N,しの,Y6JNPC60C,綴理メイト,1460,17,2133,1385600,4,8,4,4,5,5,6,6,42
XBC259K8X,メガネ,11FB0EDDT,スクステ同好会,1596,20,2134,1385400,5,9,6,6,6,5,9,6,52
PMYVAGWV9,エト,G6EH0KHT7,なんもわからん,1387,1,2134,1385400,5,6,5,6,8,6,6,7,49
1UTHGBCW0,よこよこ,GW4CH70HK,TKG同好会,1547,5,2136,1385200,5,6,5,6,7,6,6,7,48
P4BD94K88,ﾛｰﾗ･ﾘﾙﾚ,HE0GK3EPE,瑞蓮プロカ倶楽部,1736,21,2137,1385000,7,10,7,10,8,6,8,9,65
0BUCT205J,プサイ,CRXN961YF,ビギナーズラック,1071,8,2138,1384600,2,6,1,4,4,4,4,4,29
0KJDJRG7K,葉山家のぬい5号,B2KV0EVPD,蓮ちゅきクラブ,1128,9,2139,1384400,8,9,8,8,9,8,9,8,67
NH5EAYUVP,かもめ,V8PE7XEWX,松任工場を偲ぶ会,935,5,2140,1384000,10,10,6,8,10,8,9,7,68
PJ68GMD3M,ෆ ̖́-じょせ,CX967RTGY,おんゆあさーくる,1304,17,2140,1384000,2,5,2,1,3,4,2,2,21
AKPVVEEBF,ゆゆきち,W3YKKRWHG,ルリと愉快な一家,1218,9,2142,1383800,2,8,2,4,8,7,6,5,42
TPLTLFC86,ぷにこ,9DKR4Y2CJ,蓮ノ空老人会,1566,15,2143,1383600,6,7,6,6,7,6,9,9,56
PU86LKNJ7,メグちゃん,JE7V5MM31,蓮ノ沼に沈んだ泥,1316,20,2144,1383400,6,8,6,6,8,6,8,7,55
50TT94CWT,パイセン,FC8NBAJBT,ラー麺二郎金沢店,1267,9,2145,1383200,5,10,6,6,10,8,7,7,59
6GV3424RA,わくわくさん,8JMW9G2XW,僕らのリンクラ！,1513,19,2146,1383000,4,10,4,5,10,5,10,9,57
E60YJ59TP,ロレ,VW65MCVF8,スリスリーズ,1748,13,2147,1382800,8,10,7,7,9,8,8,8,65
LUVAPPYP0,まぁ,JE7V5MM31,蓮ノ沼に沈んだ泥,1479,16,2148,1382600,1,8,1,5,4,6,5,4,34
0Q531ZJCT,黑キタ,A73H7ENN2,エロマンガ同好会,1269,17,2148,1382600,3,9,6,4,8,5,4,4,43
NNLZZKJWI,たちばな,G59NGM0XA,シュリーレン,1306,10,2150,1382400,2,6,1,5,6,6,6,5,37
17AC8U9H7,めぐる,VLY5JDKCV,新規なのだけれど,1143,18,2151,1382200,4,7,4,4,8,5,8,7,47
WA10A8RX4,アムリタ,6045Y2RW7,ポチっと！蓮ノ空,1407,13,2152,1382000,4,9,6,4,7,5,4,7,46
52KQKW48S,nikki,787M83PDC,FU€TORY,1458,20,2153,1381800,7,8,8,7,9,7,7,7,60
V1EJ6RYMT,ぽきまる,XURY539UN,筑波大ラ研,1101,12,2154,1381600,8,10,7,8,8,7,6,8,62
BAV021P5X,ケルビンYuu,R181MKNX1,みらくらは人生！,1136,6,2155,1381400,1,5,1,3,5,6,1,9,31
92BJ2WH8C,はやたい,CV62FGL1U,花咲かせ隊,1262,21,2156,1381200,8,8,7,8,9,7,7,9,63
GZ8R0RSDI,なお,DHBGK1398,となりにこな,1436,10,2156,1381200,4,8,4,7,6,8,4,7,48
2UQOXOQLR,はちお,8JMW9G2XW,僕らのリンクラ！,1238,4,2158,1381000,5,4,3,5,3,2,5,1,28
A38PD3WNK,お麩,D7H8MN2U4,LLD,880,2,2159,1380800,5,10,4,5,5,5,5,5,44
GN2YLTY4W,hiroki,K25DPPGT9,圧倒的にまったり,1488,19,2160,1380600,5,10,4,6,6,9,5,8,53
L9GURE5F0,Shin,NA8FEYN0M,蓮ノ空飲酒クラブ,1484,3,2161,1380200,6,7,6,6,6,6,6,8,51
ZQH88L3D3,いわぽん.T,XEENRBXCG,蓮ノ空休日クラブ,1561,13,2162,1380000,7,10,10,5,8,6,6,5,57
KEPGV594M,ねこむ,V26546K3D,乙宗気合筋肉,715,5,2163,1379800,2,10,3,3,10,7,2,2,39
NT4O2HSPX,そうさん,LYPVAETHY,金沢の泥,1491,4,2163,1379800,9,9,8,8,8,8,9,9,68
8R7R9NWV3,ユミル,07JW71HWG,良いチケで観よう,395,0,2165,1379600,7,7,7,6,7,7,6,7,54
83VXNGB3T,ゴンザレスすぐる,YADX9DY49,ﾊｽﾉｿﾗｰ,1019,4,2166,1379400,2,10,1,4,10,5,8,9,49
3R3NRSQ9A,yamato,K44BC8GLR,ことりのダイヤ,1363,15,2167,1379200,5,9,5,8,8,6,8,8,57
A0AML8PUN,メル,95TAREFPT,ご自由にどうぞ,272,0,2168,1379000,6,10,8,5,5,6,6,5,51
12L1AUH04,コバちゃん,M851LEV3N,なっす父兄,1663,21,2169,1378800,7,9,7,7,8,6,10,9,63
BBBE3EN0X,がだい,0CEA9XFKR,蓮ノ空の泥人会,1292,18,2170,1378600,2,5,1,1,7,2,9,9,36
WHW8PVC7L,3!,KT4C59NXG,めぐ島,939,4,2171,1378400,10,10,4,5,5,10,3,9,56
2TG40QXIT,トゥモ,8R49BTWW6,蓮女お嬢様クラブ,1424,12,2171,1378400,6,10,6,6,6,6,7,7,54
9VVAR16ZD,たあこ,5L9GNT78V,叶え！私達の◯◯,1369,15,2173,1378200,1,9,1,4,8,4,7,8,42
6MSR6I1NC,ユキ,KC1W74B9B,蓮六園,1146,2,2174,1378000,4,5,5,4,6,5,6,6,41
RW1CU41CB,だーしゅ,G0J2F9NAL,さやさやさーくる,1261,17,2175,1377600,2,7,1,1,8,6,1,7,33
KFM9032KG,テンテコ米,TF8AMTXNH,ﾃﾝ,568,0,2176,1377400,4,6,4,1,3,5,10,10,43
414B73W58,おじ,6UAFKBRPN,リンクラ初心者部,677,0,2177,1377200,3,5,3,4,5,5,4,5,34
TYLGFKDHK,ひろまつ,G59NGM0XA,シュリーレン,1370,8,2178,1377000,1,5,1,5,5,6,6,5,34
63AJ2C8JK,ながれぼし,VLY5JDKCV,新規なのだけれど,1182,18,2179,1376800,6,7,6,6,7,6,7,6,51
AMP0MVEJZ,みかんごはん,J4KPR8GX0,関西ラ研,1484,20,2179,1376800,5,7,5,5,5,5,5,9,46
Z7EOEWPK9,のほほんメイプル,FTY0R8KPH,泥の皆様,1584,15,2181,1376600,7,9,7,7,9,8,8,8,63
BWK68GGBD,風紀,CX967RTGY,おんゆあさーくる,1467,10,2182,1376400,1,9,1,5,1,2,7,1,27
33WLCC6U3,ASUKA,A3472CNJE,ハントン✿ライス,1181,11,2183,1376000,5,6,4,5,5,5,7,7,44
WU13PV8T5,ぬのきり,DW13FCXPT,Mulbungs,1317,2,2184,1375800,2,6,1,6,7,6,6,7,41
GXADUIMKY,みず,G59NGM0XA,シュリーレン,1406,2,2185,1375600,1,2,1,1,9,2,9,9,34
BKUMXWUFL,ひらや,948FLPMPN,まったりハス煮〜,1016,3,2186,1375400,1,6,1,5,6,6,4,5,34
LFZN8ZP8I,ぐっちび,2NY9H8BR9,乙宗紅茶館,1411,19,2186,1375400,4,7,4,4,7,6,4,5,41
3BCDLXU6V,こいの。,7U20138DB,LGP,1421,10,2188,1375200,2,5,1,5,5,6,5,5,34
1W1ALKYJR,コン,DBHVM0X7P,ガンフィンガー村,1436,18,2189,1375000,6,7,6,5,8,7,10,8,57
4AX4JN80V,Yoh,2JK7E4115,ラ！推し,1271,19,2190,1374800,6,10,7,8,9,7,7,7,61
AKMY82517,いずのあい,HE0GK3EPE,瑞蓮プロカ倶楽部,1858,19,2191,1374400,7,9,8,8,10,8,8,8,66
01VM3SH5T,wicky,W2HEPMM2A,無言。ぼっち。,1481,21,2192,1374200,6,6,5,5,7,6,9,10,54
PM99KPER3,まちゅ,26JDLMBLN,徒町は強く生きる,896,5,2193,1374000,6,8,6,8,6,6,6,6,52
1E54GG5CG,冷凍おでん,KT4C59NXG,めぐ島,1386,5,2194,1373800,1,5,1,7,4,6,4,7,35
4GFWN62C0,水無瀬奏,75FVVYR5B,身内クラブ,601,1,2195,1373600,6,8,8,7,10,9,7,8,63
UKY9F5UK0,ゆっきー,3LAFHDKE5,こずさや保護者会,1297,6,2196,1373400,1,4,1,4,7,6,7,7,37
BAM3IRQNY,Zero,RWARTHA1M,乙宗梢大好き部,1365,14,2197,1373200,6,5,5,5,6,6,9,9,51
HUCH8JBO4,wraita,T0XP8PFYU,兼六園と私,1466,20,2198,1373000,7,9,9,6,8,6,6,6,57
191PEYH3K,kajikaji,FA0LCGP8K,ゴクリンコ,621,0,2199,1372800,1,7,2,5,8,4,5,4,36
R3BD05JH3,リクマール,YDYH4VRRP,レンクウ,1074,6,2200,1372600,4,8,4,4,7,4,7,9,47
N3X1PXZH9,にょえる,HBM31HMUY,YUKIZURI,1404,15,2200,1372600,7,8,7,8,7,7,7,7,58
V8N2DW921,ドーン,0YLUK30K6,蓮っコの集い,1165,12,2202,1372400,6,6,6,6,7,5,7,7,50
JHIQP9VCU,Dくん,YL2ELYC4U,さや…好きだよ…,1566,21,2203,1372200,8,9,8,5,9,6,9,8,62
P61NEBNUY,棚城代表,FG5VFFNRK,蓮ノ空おじさん,1219,18,2204,1372000,1,10,1,9,5,6,9,9,50
D5WJM3VXB,sana,YDYH4VRRP,レンクウ,1266,9,2205,1371800,2,7,4,4,6,4,6,9,42
75F15U535,ZheNreN,07JW71HWG,良いチケで観よう,1207,13,2206,1371600,3,5,3,6,7,4,7,7,42
38C08KYV7,瑠璃介,HBK6KCRPP,無言でおけ,1018,3,2207,1371400,5,6,4,5,7,6,5,8,46
2ESEUE909,やまやま,3194B9E93,初心者寄り合い所,1193,10,2208,1371200,1,7,1,4,6,6,5,5,35
8M3DAHAEP,成成 戌,BCJRMHE75,梢すきすきクラブ,1477,7,2208,1371200,2,6,2,4,4,2,5,7,32
YEX8FP88X,DDなのだけれど,9YM3DBTB7,泥民館,1517,20,2210,1371000,4,8,4,4,9,9,6,7,51
BIQPYOJ9V,ツユキ,CM5THHYHB,「」ノ空だけれど,1396,4,2211,1370800,1,5,1,4,6,4,7,7,35
T4ZLB18HV,もちもっち,GKR9TEBYC,毎日がホリデイ♪,1436,9,2212,1370400,5,8,1,4,4,2,1,9,34
USL4MDH3Z,閣下,J8HXTJ8TB,流し素麺同好会,1544,20,2213,1370200,7,8,8,7,8,7,7,8,60
HWGVRBHDH,@G.,BCJRMHE75,梢すきすきクラブ,1341,14,2214,1370000,5,5,5,6,5,6,6,7,45
F7EPLTY7L,Tanasinn,BEMED3RY1,無言無課金ok,703,0,2215,1369800,7,10,4,9,10,6,2,1,49
47E9NM0MC,バルト,79C17CHA2,蓮ノ空出張部,1361,18,2215,1369800,1,5,1,4,5,6,5,5,32
MO6L772HM,みみう,2ULM366U6,毎日がエブリデイ,1486,15,2217,1369600,8,8,8,6,7,6,7,7,57
9JBAR0FN5,さらだささみ,948FLPMPN,まったりハス煮〜,601,0,2218,1369400,5,8,4,7,6,6,6,7,49
B8GEMJUDW,桜木,48BTAPMBG,蓮ノ空魔術部,1380,20,2219,1369200,5,7,6,6,7,7,6,9,53
SPB7V8ZPN,レヴィアタン,1KDUBW4HB,めぐ党0番,1273,19,2220,1369000,2,9,6,1,5,5,7,7,42
K26X1412V,エリオ,HPTHY23VR,蓮ノ空文芸部,1436,16,2221,1368800,9,10,10,9,9,10,9,10,76
V3WPA1H92,umi,4URND90YY,参加賞狙い,1262,20,2222,1368600,6,9,6,8,9,7,8,7,60
2HEBKTP0P,かすてら,LLDLG20UU,UR取り隊,1151,3,2223,1368400,8,9,7,4,8,6,4,7,53
RKMBL9587,ちくりん,KXU941RFJ,梢先輩おめでとう,1210,10,2223,1368400,6,10,4,7,6,8,4,4,49
MC3RVCA0L,Kazuz,AAHB7C276,HaCordVN,770,2,2225,1368200,3,8,5,5,6,7,3,4,41
0YS5ZI4UO,txaxkaたか,NT2KU5174,こずかほ。,1443,18,2226,1368000,5,10,9,5,10,6,5,8,58
4417MC5BF,ローカルサウンド,HWJ8XPW0T,箱推しなのだけど,1348,15,2227,1367800,5,8,6,5,8,7,5,9,53
X5BDM3S3M,たっつー,2NY9H8BR9,乙宗紅茶館,1503,3,2228,1367600,7,7,7,7,8,7,8,8,59
3HGRBJFEH,たろー,L1VGJTD5P,蓮ノ空お茶会部,1358,20,2229,1367400,6,7,6,6,7,6,6,7,51
QWXQJVSUJ,くあ,FVJABCVP3,瑞蓮ラボ,1443,20,2230,1367200,5,7,5,7,6,7,10,10,57
KB810Q4Y4,ひ,6H800PBV7,新鮮館,1324,7,2231,1367000,6,8,6,6,7,6,6,7,52
DU4D4YVRK,あやや,W3YKKRWHG,ルリと愉快な一家,1209,11,2232,1366600,5,9,5,5,6,6,6,6,48
XI6I79HEL,サクナメモワール,8EP8BFEV7,蓮ノ空女子野球部,1213,7,2233,1366400,5,9,3,7,8,6,4,7,49
Q2MYOIEZV,Ey,NC2YT2V28,蓮之愛同予者何人,1612,21,2234,1366200,3,8,9,2,8,9,10,10,59
9UK70BG13,あーる,79C17CHA2,蓮ノ空出張部,1216,0,2235,1366000,3,7,3,4,5,6,4,4,36
0BP7ANXHV,ちゅん×4,K25DPPGT9,圧倒的にまったり,1571,19,2236,1365800,2,9,4,6,8,5,6,4,44
GDIBR7J8T,こだまだ〜,CX967RTGY,おんゆあさーくる,1418,18,2237,1365600,5,6,5,6,6,5,10,9,52
C59J9TNAX,シナナイン,CV62FGL1U,花咲かせ隊,1507,17,2238,1365400,4,10,5,6,10,6,5,6,52
ZH8M683B6,ブドー,TM19BMU7C,ソロプレイヤーズ,1328,14,2239,1365200,6,10,6,6,8,6,6,6,54
KPISG48AL,てつ,HBM31HMUY,YUKIZURI,1430,7,2240,1365000,5,9,4,1,9,3,1,9,41
TD1VKW41K,ねぷ,,,1286,15,2241,1364800,5,7,5,5,5,5,4,4,40
VJWFL71HX,Ponchau,8R49BTWW6,蓮女お嬢様クラブ,1301,18,2242,1364600,3,7,3,4,7,4,5,3,36
CK5EUDC61,茶トラマンチ,9UKKACGDU,蓮っ子CLUB,1663,20,2243,1364400,7,10,8,7,8,9,7,7,63
13R6KAVG7,なー。,HWJ8XPW0T,箱推しなのだけど,1166,11,2244,1364200,7,7,5,7,7,8,7,8,56
J345LCDL6,すん,YNR28303K,りんくらぶ,1110,2,2244,1364200,5,7,5,5,6,6,6,6,46
YFWRXPEGM,たけちゃん,K4TAHF9YA,はすっこ準備室,1348,4,2246,1364000,2,7,1,5,9,7,7,7,45
I6WKWUIAK,おおべ,RFYKY8DCD,LA.LA.LA,1485,10,2247,1363800,6,6,6,6,6,7,9,6,52
CFK9EGWNY,猫天狗,B5V2LNN43,WMW,1414,19,2248,1363600,10,10,10,10,10,10,10,10,80
DFZ2UBN71,瑞河の山賊,Y2R7E79U3,カワウソ同好会,1413,10,2249,1363400,7,7,8,8,9,8,9,9,65
E4G0AGWBD,メイプル,K8C99H42D,ルリと喜ド！愛楽,901,9,2250,1363200,4,6,5,7,5,4,4,8,43
C70R7ET2U,SHIOSABA,FDWY9N1P7,"ゲCo.,Ltd",1204,20,2251,1363000,6,9,3,7,10,10,5,9,59
BUNQZ9F73,ねいぶる,GKR9TEBYC,毎日がホリデイ♪,1302,21,2252,1362800,4,7,6,4,7,7,10,10,55
5JHRXB1GK,あおこる,07JW71HWG,良いチケで観よう,531,1,2252,1362800,6,10,5,5,5,8,5,4,48
YC8AHBBCX,ふろっず,D7H8MN2U4,LLD,1520,20,2254,1362600,1,9,1,5,8,5,7,8,44
PX5Y4VWA7,しの,GWGDMA3YC,初心者無言自由だ,896,5,2255,1362400,3,8,6,4,6,7,4,4,42
6ENG774UR,ﾙﾙﾙﾝ,PULJ8VCHJ,蓮ノ空を推す会,931,2,2256,1362200,1,7,2,5,5,7,4,7,38
FA135644A,ゆめね,XVTV7MVCX,雪月花,1206,11,2257,1362000,2,7,3,6,7,4,6,5,40
QQ22KQQ40,スラッシュ,AH27N260E,百生信託銀行,1706,12,2258,1361800,1,8,1,5,6,6,7,7,41
VBN10J39K,ふく,573J1JVVK,かほかほ,1000,8,2259,1361600,2,9,3,2,6,6,2,7,37
KP0XK4DX9,すっとこどすこい,V4A5MP41E,徒町チャレンジ！,1218,7,2260,1361400,5,5,5,6,6,6,6,7,46
JTJYD8YHB,天井のシミ,KULVP7FDR,アニマル分室,1116,7,2260,1361400,3,7,3,3,5,6,3,4,34
C9LP9840K,じゃっきー,B86837CF4,ガチ初心,737,4,2262,1361200,7,10,6,6,9,6,6,6,56
K9G2HPEM9,para,2VJG66JTH,まったり,1384,0,2263,1361000,4,6,4,5,6,6,5,5,41
AITEOLNKO,お姉さま,CTW8DKV5P,まったり,1183,12,2264,1360800,2,3,1,2,6,6,6,2,28
B471KYA89,アスラン・ザラ,KT4C59NXG,めぐ島,1455,3,2265,1360600,6,6,6,6,6,6,6,6,48
FD3HAUFJG,まるはち,9YM3DBTB7,泥民館,1534,14,2266,1360400,5,7,6,7,7,7,7,7,53
60NX9PMR1,なたまご,25PMPEMG7,星見プロ,1365,17,2267,1360000,5,6,5,5,5,5,5,7,43
ZLH5V1V6Z,ゆききなこ,75UJ5RB97,蓮ノ空雪野球部,1478,12,2268,1359800,8,10,7,7,7,10,7,7,63
HFA1JGBAU,ビショップ,NMT63RUDV,泥村,1391,20,2269,1359600,4,7,4,3,10,6,5,9,48
1LTMD4MM0,硬派な声豚,RXXUPMWB9,待機室跡地観測所,1264,8,2270,1359400,7,8,6,8,7,7,7,8,58
JHSN9O2WU,みったん,RF5215M2U,スクステ同好会②,1611,15,2271,1359200,2,8,1,4,7,7,7,7,43
2F2GJ9017,プチプチ,948FLPMPN,まったりハス煮〜,1643,5,2272,1359000,5,7,6,6,10,6,10,5,55
M2R0R9NV5,向井新,RXXUPMWB9,待機室跡地観測所,1480,19,2273,1358800,7,10,7,7,9,8,8,8,64
P35KF718F,うしどっと。,NA7CCGNDH,8番らーめん好き,1475,4,2274,1358600,4,8,4,5,8,7,10,10,56
C2YJKTP3L,りょう,HBCC35887,そりゃー!!!,1193,18,2274,1358600,1,5,4,4,5,5,4,4,32
JVS3WVUZQ,ひらゆう,48BTAPMBG,蓮ノ空魔術部,1476,12,2276,1358400,4,10,5,4,10,6,10,10,59
N9NJTPBZH,ニコ,W26TRPM1R,めぐ党藤島派,1467,20,2277,1358200,7,10,8,7,7,8,9,9,65
VKBDT76PQ,たる(･ω･),LUDNM40F8,ふくふく無言OK,1473,3,2278,1358000,1,7,1,5,2,7,6,5,34
2PE3LW741,けんそ,WTJV514G9,蓮ノ空のお弁当屋,1252,17,2279,1357800,1,2,1,1,2,4,8,8,27
A9NQX7XAP,テイル,RXXUPMWB9,待機室跡地観測所,1553,4,2280,1357600,1,6,2,7,1,7,6,7,37
BA7ML95N2,ブチコ。,DHBGK1398,となりにこな,1456,13,2281,1357200,5,9,5,7,10,9,7,5,57
FADAWIIRL,仕事の流儀,PDMPF3VVV,r/LL,1393,4,2281,1357200,5,8,5,5,7,5,5,7,47
CNH8CSW38,Naitora!,998H940YN,お嬢様筋トレ部,1372,20,2283,1357000,6,9,6,6,7,6,7,8,55
VFMN58434,LLO,HKETDDCK6,ぼっちざ蓮!!,1263,20,2284,1356800,7,10,7,7,8,7,8,7,61
YXZEJMR8S,タイムタイラント,VP0K6KF0K,蓮ノ空大好き!!,1370,20,2285,1356600,4,9,4,6,7,6,7,7,50
2ZPAZ3DC1,Sese,YCNE1W7PD,1人用ダンボール,1476,9,2286,1356400,6,6,5,5,7,8,5,7,49
UJ6BGEPG7,大原和希,05KN1RR3U,さやかほ花卉園,842,9,2287,1356200,7,8,7,1,5,6,2,1,37
2G7Y0T17Y,ハイライトブルー,2NNRA5CW6,黒髪ショートの会,742,0,2288,1356000,1,4,2,5,7,2,1,5,27
YMQZUBDZ8,はまもん,GYG7B5R36,幼馴染同好会,1392,20,2289,1355800,1,8,6,5,8,7,5,5,45
NS40I5V6W,創始（P.N.）,YCTM6RYDP,金沢おでん同好会,1709,18,2289,1355800,6,7,6,6,8,8,8,7,56
QB3BUF0AL,代目,7U20138DB,LGP,1608,15,2291,1355600,8,7,7,7,8,8,7,7,59
EL7DU08BP,ずらかね,9UKKACGDU,蓮っ子CLUB,1477,16,2292,1355400,3,8,3,7,8,8,7,5,49
P3TRVJFCB,まーる,75UJ5RB97,蓮ノ空雪野球部,1108,6,2293,1355200,5,10,6,8,8,6,9,9,61
XUIAZW96S,ケリゴン,DFXN9DB2H,どんぐり共和国,1209,4,2294,1355000,3,5,3,4,7,6,6,7,41
YYVKPY5JD,りくぴ,X34LWGL6R,サークル2,1356,4,2295,1354800,3,10,4,3,10,6,2,7,45
HH9Q5BUF8,れじぃな,1BME38BCD,さすさやクラブ,1562,4,2296,1354600,7,8,7,7,8,7,7,7,58
AB6WX8P61,トワ,9GDHWXGVG,ルリと花咲く毎日,684,0,2297,1354400,2,3,1,1,7,9,7,1,31
C23COYMFE,えりりぃ,HWJ8XPW0T,箱推しなのだけど,1219,0,2297,1354400,1,5,1,4,7,2,4,7,31
8R81JOJWW,saki,P2J37FNLG,乙宗先生指導会,1283,15,2299,1354200,1,7,1,8,4,4,1,4,30
SID3ZQ2MB,もこなた,HWJ8XPW0T,箱推しなのだけど,1460,2,2300,1354000,6,10,8,5,10,7,5,8,59
88VL2GGBH,枝豆,AR9HR528A,いろいろ実況,1127,2,2301,1353800,1,7,1,4,6,4,6,5,34
352PM3X01,梢先輩スキスキ,4XRHRYDW4,無言でエンジョイ,1264,15,2302,1353600,3,6,4,4,4,6,5,6,38
NWY5G24CG,なめねこ,N7GLY2RUW,百生銀行,1397,19,2303,1353400,5,8,5,5,5,5,5,7,45
FGWMCLNR8,YT,N7GLY2RUW,百生銀行,1143,16,2304,1353200,1,9,1,4,6,6,4,5,36
2DXKQ4N26,きょんG,KT4C59NXG,めぐ島,1471,5,2305,1353000,6,7,6,4,6,6,4,5,44
U6RR3WKC1,しぐまむら,25PMPEMG7,星見プロ,1303,0,2306,1352800,1,6,1,4,4,6,4,5,31
LIQI49M3E,ごんじん,B2KV0EVPD,蓮ちゅきクラブ,1412,18,2307,1352600,6,8,3,6,7,7,10,8,55
46AIA5B9G,メリクス,X7C21B7H7,泥,1449,19,2308,1352400,1,7,3,6,6,6,6,7,42
CURVW07AN,もち,GN9EEL045,きらくに,306,0,2309,1352200,2,10,4,6,7,10,7,2,48
0JKY3BXTW,gg,R1RM3X0WV,後方腕組みオタク,1155,11,2310,1352000,2,5,4,4,3,6,4,4,32
LYLCI69VJ,さいは,85D411XNB,蓮っ子の集い,1492,19,2311,1351600,6,6,7,6,5,5,7,9,51
5DAP851U5,ふゆ,ELTW62751,安全バーは君の腕,1307,9,2311,1351600,1,3,2,1,2,6,2,6,23
LO590H6JH,わっふる,HKETDDCK6,ぼっちざ蓮!!,1223,7,2313,1351400,1,5,1,4,4,5,4,5,29
HC9P8IT0V,やまねこ,D1YHB0B1A,BWO,1392,8,2314,1351200,7,6,6,6,7,6,9,9,56
U0652X7GO,なしれい,HKETDDCK6,ぼっちざ蓮!!,1414,2,2315,1351000,2,6,2,5,6,7,7,7,42
8N5CGXT6A,あるえるあ,9FF5JBNDF,めぐすきクラブ,820,1,2316,1350800,7,10,6,7,6,7,6,7,56
8RGU3ED8W,如月,XVTV7MVCX,雪月花,753,6,2317,1350600,5,7,5,9,6,5,5,8,50
CCUAGD896,かさ,KHAKJKC0A,のんびりまったり,1204,5,2318,1350400,3,7,4,5,6,4,6,8,43
V5WH9X9NW,ヒトシ,H0DV3JJGA,かほさやてぇてぇ,1419,20,2319,1350200,2,8,1,4,6,6,5,7,39
2BGVYTEA0,颯桐,76A46NRVB,遊技中苺牛乳,421,0,2320,1350000,5,9,2,5,4,7,4,4,40
9YV3TM0TD,ふー,W26TRPM1R,めぐ党藤島派,558,2,2321,1349800,7,10,9,8,7,8,5,6,60
PLLQIXJI6,まよ,9DKR4Y2CJ,蓮ノ空老人会,1347,9,2322,1349600,7,7,7,7,8,7,7,8,58
1H1KKK4WJ,ぺるりん,6XX7GBM0K,ぷちぐる同好会,1387,17,2323,1349400,5,8,5,6,10,5,7,4,50
SE5DA9CEU,リトル,G8F0M2PH2,アフターウォール,1627,9,2324,1349200,6,10,6,6,8,6,6,6,54
DPD9HMXCL,貞子,X0TFG829Y,ボクのおうち,747,2,2325,1349000,7,10,6,5,9,5,5,8,55
83665R5ET,のら,LAP2W049X,りんひな愛好会,1166,0,2326,1348800,1,7,1,4,4,6,4,5,32
GUPJ2UDE9,たーぼー,NT2KU5174,こずかほ。,1170,2,2326,1348800,6,10,9,6,10,8,6,8,63
MW8KUNW0W,ふじ,NMT63RUDV,泥村,1373,13,2328,1348600,6,7,6,4,6,6,4,6,45
773R4GH46,シアン,DKNHY5HH6,なす料理研究会,1131,16,2329,1348400,2,8,3,3,6,4,8,8,42
IWSLLAQCP,vividsky,LHXNEF3D5,まるまるサークル,1575,15,2330,1348200,4,10,8,4,10,8,7,7,58
6YDYKVPEJ,kosanaku,KJRCDAB1A,トマティー,1612,12,2331,1348000,4,9,5,8,7,7,6,7,53
TAEPWJ4WM,アスカ,LUDNM40F8,ふくふく無言OK,1262,16,2332,1347400,6,6,6,6,7,6,8,8,53
7JYP28F29,苺牛乳,CM5THHYHB,「」ノ空だけれど,1796,21,2332,1347400,8,5,8,4,9,2,9,10,55
BDA4ZLNWU,ふうら,B5V2LNN43,WMW,1515,13,2334,1347200,2,10,6,2,10,8,2,7,47
4C5FL7PCN,二ャトリィヌ,TDHKGHFPA,無言参加○！,1415,20,2335,1347000,3,7,5,5,7,7,7,7,48
78Y72C15H,さやかの太もも,G0J2F9NAL,さやさやさーくる,910,2,2336,1346800,2,7,2,7,3,3,2,7,33
HKEXR26RP,ういれん,1D7T2UXC2,無言でのんびり,1287,17,2337,1346600,3,9,2,4,6,3,4,8,39
NJENP3TEO,ノム,998H940YN,お嬢様筋トレ部,1420,9,2338,1346400,4,5,4,6,4,4,7,8,42
F2A1RX60N,みどり,JA2C658FW,さや綴理の村人,1261,14,2339,1346200,8,9,1,8,1,6,8,9,50
LB1UV35HF,こ,N0EXH1CM1,ぱちぱち徒町,1259,12,2340,1346000,5,7,3,6,7,6,6,6,46
9K5WNRTG3,かがり火,HBK6KCRPP,無言でおけ,1542,19,2340,1346000,8,8,8,8,8,8,8,8,64
RK1U34LGB,亀タンク,JDAG79TG7,百合ノ空観察部,1401,17,2342,1345800,7,8,6,8,6,8,7,7,57
9T0V7BIR0,えりんぎ,YDYH4VRRP,レンクウ,996,3,2343,1345600,5,4,1,4,4,5,4,4,31
K82VSE1PW,Lefty,63AKA05VR,まったりGngy,1336,20,2344,1345400,6,9,6,8,9,8,6,7,59
8B1WWT6YA,まじまんじ,BH9YH1YL5,ラブライバーの森,1444,14,2345,1345200,7,9,5,6,7,5,5,6,50
C9KVADJH4,あきゆる,J62DRC7J5,蓮ノ空好き好き会,1160,4,2346,1345000,1,7,1,4,4,4,4,5,30
T6U80F9NB,カズ,K0ATKT27L,中川左遷先,919,4,2347,1344800,10,7,7,9,9,10,6,4,62
B19R6K9CH,みど★みど,F8MLHU2NV,乙宗梢様､､､,1491,15,2348,1344600,7,10,7,9,10,7,5,9,64
TDP9T3YV9,かなり,WTJV514G9,蓮ノ空のお弁当屋,929,4,2348,1344600,2,6,1,4,5,6,1,4,29
DNAAU0LY3,サイト,X34LWGL6R,サークル2,1149,4,2350,1344400,1,4,1,4,4,4,4,4,26
TDCAVHYEH,み,Y6JNPC60C,綴理メイト,1195,11,2351,1344200,5,8,4,3,5,7,10,6,48
HVDU0HADP,めぐみー,WTJV514G9,蓮ノ空のお弁当屋,1170,16,2352,1344000,6,7,6,7,7,6,7,7,53
8RHDJ2E9D,Zakatin,V26546K3D,乙宗気合筋肉,1429,18,2353,1343800,1,4,2,4,6,4,6,7,34
6IADOMDIU,りんがゔぇー,GVT61ATX0,なのだけれど,1466,13,2354,1343600,1,7,1,1,2,2,7,7,28
LLJL989WE,イツッキー,HBK6KCRPP,無言でおけ,1724,16,2355,1343400,5,9,5,7,6,6,7,9,54
DR984WMXL,ゆい,V6DV6KETG,梢好き好きクラブ,1555,9,2356,1343200,5,8,6,8,6,8,7,7,55
VH3M9HCB8,佐倉百合子,JBWTMUYAW,梢好き好きクラブ,1220,12,2356,1343200,3,6,3,4,4,7,4,6,37
5C4TET6WP,ダイヤ,2K5AM4RV0,とろぺりです,1749,12,2358,1343000,7,10,7,8,8,9,8,8,65
GA8CN9FJ3,ジロウ,V8XX999F6,卍蓮村幼稚園卍,1120,6,2359,1342800,1,10,2,2,8,7,2,5,37
13E9H27AA,ちー牛ゎーさー,4KRBU0KFF,ノーチャン会,1247,10,2360,1342600,3,7,1,4,6,6,4,4,35
DMJ8MSCS1,遥翔,3HDDYR4FU,旅人,1297,18,2361,1342400,1,7,2,4,8,5,5,5,37
H5EH2INFD,ゆうづる,85D411XNB,蓮っ子の集い,1454,14,2362,1342200,7,9,7,7,7,10,8,7,62
G6K6T1WV0,保線後,25PMPEMG7,星見プロ,1491,19,2363,1342000,10,8,5,10,7,10,1,5,56
KUG0KRWJM,heigi,XK83VXEED,TUAS,1319,3,2364,1341800,2,8,3,4,7,7,4,5,40
JYIDND783,Spinel,4LEPNP89A,ひとり,1326,20,2364,1341800,6,7,6,6,7,6,8,8,54
9VVKLTE0B,桜の恋歌,KXU941RFJ,梢先輩おめでとう,1217,20,2366,1341600,6,6,6,6,6,6,7,7,50
YFVSHEQZI,いお,PLBBEX019,待機室目指し隊,1462,5,2367,1341400,6,7,6,6,8,6,6,7,52
C6F5965CD,バトルフェイス,AVY8PECF0,初心者の集い,1434,20,2368,1341200,8,9,7,7,8,7,7,8,61
FG75ZYKXQ,さやま,RF5215M2U,スクステ同好会②,1162,6,2369,1341000,1,6,1,5,7,6,7,7,40
AYXJ0G79D,咲,7XH3K4GBT,LLP,1425,21,2370,1340800,6,8,6,7,6,5,4,8,50
FSEH1ZGCC,ケイ,3FF3NB77X,せーはす愛好会,1235,7,2371,1340600,6,7,3,5,7,7,7,6,48
3BAM2WXKF,かず,YVV9CMBLW,東京公演で沼落ち,307,0,2372,1340400,2,9,3,5,7,7,7,7,47
FTAX7YK0U,竹井慈英,J5VH363YL,逆Aqours,384,0,2372,1340400,1,6,4,1,6,6,1,1,26
38JBB42RP,tory,GPKTRBCTT,騎空団蓮ノ空支部,941,1,2374,1339800,1,6,2,4,4,7,4,4,32
K3GV63WBX,カナメ,0B8RTHY4D,のんびり屋さん,1592,20,2375,1339600,7,9,7,8,8,8,8,8,63
764KKEH5V,K,X7C21B7H7,泥,1277,9,2376,1339400,1,5,1,5,1,2,5,1,21
9BA8078CJ,メガネ,GN1798YEX,ド!ド!同好会,982,3,2377,1339200,5,9,5,6,7,7,6,7,52
42T0H800N,まいる,E6WR9G75P,安養寺姫芽推し会,664,0,2378,1339000,1,7,4,4,6,6,4,4,36
6HH8HG3CX,ろくがつ,8R49BTWW6,蓮女お嬢様クラブ,1131,6,2379,1338800,6,6,7,6,7,7,9,9,57
YXWLCFUQD,Joe,4XRHRYDW4,無言でエンジョイ,1611,16,2380,1338600,8,10,8,8,9,8,9,9,69
HU55NKXPK,HSCFaker,EYN9H9N16,蓮すきすきクラブ,1758,18,2381,1338400,1,10,8,1,10,9,1,1,41
PWTJD3CC2,ヒイラギ,6WJW7R1TD,さやこずノ休日,851,1,2382,1338200,1,6,1,4,7,5,4,1,29
89G6L7YM4,iroha丶,919XF8V2V,蓮之空大三腳,1256,5,2383,1337800,2,9,1,3,5,6,3,4,33
JBN6N91UN,BiBiっときた,5YXVKDEKV,サークル(仮),1203,19,2384,1337600,4,4,5,4,7,3,7,4,38
F12PTN6GB,デンジ,5YEE75CB4,ロビーで待ってる,832,3,2384,1337600,2,4,1,4,4,5,4,4,28
5EM9A70TY,ダーヤマ,85D411XNB,蓮っ子の集い,1051,13,2386,1337400,5,6,4,7,6,6,5,5,44
GBWYVNWF1,ゆうし,07JW71HWG,良いチケで観よう,1483,12,2387,1337200,7,7,6,7,7,7,7,7,55
JWXNPLH2D,かすてら,49AMYCXCD,ルドベキア,1351,2,2388,1337000,4,10,4,5,7,10,5,5,50
TLJ0BRFAA,ブリンソン,948FLPMPN,まったりハス煮〜,1058,7,2389,1336800,2,7,1,4,7,7,1,4,33
36O1J8BDY,タイム,95TAREFPT,ご自由にどうぞ,1470,4,2390,1336400,4,9,4,4,7,4,9,8,49
PGGWYA7GP,カラン,07JW71HWG,良いチケで観よう,1320,18,2391,1336200,4,10,4,6,7,8,4,6,49
XMCLMY95W,コノハ,GN1798YEX,ド!ド!同好会,971,7,2391,1336200,4,5,4,7,4,4,4,4,36
L0794C9D6,みちゃんかわいい,YFADYJVW4,FPS好きクラブ,525,1,2393,1336000,3,10,4,2,9,8,6,5,47
ILO32VFUO,わかやま,MVMP6NNXD,空き時間らくがき,1475,16,2394,1335800,6,10,7,4,10,10,8,7,62
BUUL63KDA,krps,AXG81GPMP,蓮ノ空マタギ部,1126,2,2395,1335600,5,7,4,5,5,7,4,4,41
EO90UX0KX,ぺたんこ,GN1798YEX,ド!ド!同好会,1668,20,2396,1335400,9,10,8,9,10,10,8,8,72
VYD2A18CD,あたリめ,XVTV7MVCX,雪月花,1419,18,2397,1335200,3,3,3,3,7,4,5,5,33
BRBH87EDU,ばいぱー,HPTHY23VR,蓮ノ空文芸部,1093,16,2398,1335000,1,5,3,5,9,4,1,5,33
X2NPA60KG,りあ,UX96YX4T1,『位置について』,1212,9,2399,1334800,1,4,1,4,7,3,7,8,35
78RRJULVG,かな,1DU9LCND7,蓮ノ空すこやか部,1268,4,2399,1334800,1,6,1,4,8,6,6,8,40
EB953FGYG,むらさき,0CEA9XFKR,蓮ノ空の泥人会,366,0,2401,1334600,1,8,3,1,3,5,1,1,23
6VCG605UG,有楽町,9GDHWXGVG,ルリと花咲く毎日,1094,13,2402,1334400,3,4,2,4,4,4,6,6,33
TA107R7XB,あびっぴ,L28X4MDJN,アフター観たいぞ,1446,9,2403,1334200,1,5,1,1,7,2,7,9,33
V4TWVNF3Q,Dice-K,VP0K6KF0K,蓮ノ空大好き!!,1438,20,2404,1334000,5,7,5,5,8,5,10,10,55
DYL2U7HWR,少年A,BT22M41DV,梢花帆吟子同好会,1501,18,2405,1333800,3,10,4,2,10,5,2,9,45
G2RTAXMKU,ムエタイ,2ULM366U6,毎日がエブリデイ,1317,7,2406,1333600,4,10,2,4,8,7,3,5,43
4UYETBB6Y,まほにゃん,MTBP3B4GM,ふらわーすきすき,1255,2,2407,1333400,1,4,1,4,6,6,6,4,32
GVL8L66BZ,ゆき,8FR866PRY,蓮っ子みらくラブ,1591,8,2407,1333400,7,8,6,8,8,8,7,9,61
KAU78C85L,チェス,J7N4W6Y1K,こずミックラブ♡,1538,18,2409,1333200,10,5,5,4,9,5,8,9,55
TA02490KL,ホシノヒツギ,J800VVPTN,Aqours,1215,18,2410,1333000,4,6,3,5,5,4,7,7,41
JQTSCWXK4,ふっきー,8YDE8BXJT,ずんだシェイク！,1405,6,2411,1332800,6,9,7,5,7,7,6,5,52
5EGK0BFSO,なおすけ,BW38LDPRF,蓮浦の星空,1492,20,2412,1332600,6,9,7,6,9,7,7,7,58
Z7F5FZ527,甘楽SE,FG5VFFNRK,蓮ノ空おじさん,1659,19,2413,1332400,5,10,10,6,9,5,10,10,65
KGVM05P8E,おまごん,C8A9CTB34,蓮ノ空山岡家部,1223,19,2414,1332200,10,8,8,5,10,4,10,10,65
K9XRZKF6W,凰沐,FH7G62PKW,月火水木金土日,1360,15,2415,1332000,2,6,4,5,6,6,3,5,37
46TENF6Y6,MIZ,HBUK6F7CC,乙宗梢なりきり部,1522,4,2415,1332000,7,7,7,7,8,7,10,10,63
4EP9A3ZQ4,りまりまる,CV62FGL1U,花咲かせ隊,1352,10,2417,1331800,5,8,5,5,8,7,7,7,52
76TMLS8QC,みこたん,CXG25026E,泥のみんなS,1356,3,2418,1331600,5,8,6,5,4,6,5,5,44
BAT8RUVMJ,naoki,J7N4W6Y1K,こずミックラブ♡,1471,14,2419,1331400,4,7,5,4,6,7,4,6,43
ERW5FZJ1H,藍 (あい),Y2R7E79U3,カワウソ同好会,1502,8,2420,1331200,8,6,6,8,8,6,6,7,55
MNCUYJLGB,ちばげる,FE282F3VH,天悶部,1266,13,2421,1331000,8,9,7,8,9,7,6,7,61
25938NWEG,ひりゅー,J0PT5EX42,スクスタモ部,573,0,2422,1330800,8,8,6,6,8,7,5,6,54
JLYBZX10E,ショウ,T56X6LP0L,光の海,1032,2,2423,1330600,7,10,7,7,9,7,7,7,61
0K698VPKP,ショウ,Y2HV0YEF7,蓮ノ空を応援し隊,1442,15,2424,1330400,7,6,7,7,8,7,8,7,57
Y4KHXC5V9,VenMoret,RXXUPMWB9,待機室跡地観測所,1072,3,2425,1330200,2,5,1,1,4,4,1,7,25
UIHD7SIRN,lira,HBM31HMUY,YUKIZURI,1172,4,2426,1330000,1,10,1,1,3,6,2,7,31
N40CNAJ6P,MyRoad,G0J2F9NAL,さやさやさーくる,1244,18,2427,1329800,1,8,3,5,7,5,7,7,43
QN80AZ200,(´・ω・｀),B5V2LNN43,WMW,1422,4,2428,1329600,4,7,4,3,8,5,9,8,48
VFERXMA41,あんず,W26TRPM1R,めぐ党藤島派,1192,6,2429,1329400,6,10,6,6,6,6,9,9,58
DP1TLFLX9,め゙ぐぢゃ゙ん゙,PLBBEX019,待機室目指し隊,1340,0,2430,1329200,1,6,1,5,6,4,5,5,33
4DC8G1KJT,さやかママ,0JY7F3EKU,さやか愛でる会,383,0,2430,1329200,2,10,6,4,5,5,4,5,41
DVMW3PBV0,ゆきお,V26546K3D,乙宗気合筋肉,1227,18,2432,1329000,4,7,4,4,6,6,5,6,42
N3H7RX2A8,銅鑼凡,N83DW3NYG,†極最強倶楽部†,1266,3,2433,1328800,2,10,2,1,1,2,8,9,35
1MGWOAM55,やよし,5KK3DFY18,MUGEN∞,1555,14,2434,1328600,2,5,3,5,7,6,6,5,39
P17JKB403,ゆっくら,K8C99H42D,ルリと喜ド！愛楽,1200,9,2435,1328400,2,5,1,7,4,3,1,5,28
2KPH9HC44,Ryo.,CTW8DKV5P,まったり,1310,14,2436,1328200,4,10,10,7,9,7,6,7,60
WKGM0LNTY,あまいもん,6XX7GBM0K,ぷちぐる同好会,1254,4,2437,1328000,10,10,10,10,10,10,10,10,80
OLIPCC7QY,とうふのみそ煮,CV62FGL1U,花咲かせ隊,1364,15,2438,1327800,1,7,2,1,6,2,7,9,35
N66MR15WA,花音,2K5AM4RV0,とろぺりです,791,4,2438,1327800,3,10,2,1,2,5,1,8,32
RYV7LH0YH,かわむら,WNA5GTJPP,蓮ノ空百合クラブ,911,0,2440,1327600,7,10,7,6,5,6,6,7,54
XW8BJ9F64,浄龍桐生,8NFDBY4L5,浄龍桐生会,1324,14,2441,1327200,5,8,5,5,7,6,5,6,47
ZLTOVILYJ,ユキ,L1VGJTD5P,蓮ノ空お茶会部,1137,6,2442,1327000,1,6,1,4,5,5,5,5,32
8CDM3RK9P,たにそ,HBM31HMUY,YUKIZURI,540,2,2443,1326800,3,5,3,4,8,4,4,7,38
WTPAQ8J2R,オスカー,R181MKNX1,みらくらは人生！,1440,19,2444,1326600,6,9,6,6,9,6,6,8,56
8AEDSFMK9,Ratchet,V6DV6KETG,梢好き好きクラブ,1614,20,2445,1326400,5,10,5,5,6,7,5,6,49
3093WYMFM,かしゅ,2ULM366U6,毎日がエブリデイ,1638,21,2446,1326200,6,10,3,5,6,7,5,4,46
59FIWWE5F,せーの,GYG7B5R36,幼馴染同好会,1417,16,2447,1326000,3,6,2,4,6,5,4,6,36
U5H26BL94,arium,N7GLY2RUW,百生銀行,818,3,2448,1325800,7,10,6,6,6,8,7,8,58
RTH7TGKAS,センキ,T56X6LP0L,光の海,1366,20,2449,1325600,3,8,4,5,6,6,4,6,42
40VBHF4CB,チヘイ,GGK2P93JK,きゃらめる,644,0,2450,1325400,5,10,8,7,6,6,4,5,51
6PF7RFY9G,powetcho,RNJ306W6N,日曜日よりの使者,1176,11,2451,1325000,3,7,3,6,4,6,4,5,38
W26EE22R0,キリサキ,B5V2LNN43,WMW,1509,15,2451,1325000,5,7,5,6,7,6,10,9,55
D2T3YFID3,エルダずえ,2UKNVBMBU,梢ちゃん同好会,1602,19,2453,1324800,6,9,6,7,8,8,7,9,60
4KE2HL32M,エルモ,BELCUYCMH,蓮hkg香港分部,1244,5,2454,1324600,1,9,4,6,8,7,6,7,48
1X0SI50X8,ショウ,UW7XNGLNW,フラワー!!!!,1358,19,2455,1324400,5,6,4,7,5,7,7,8,49
C0SR4GO9A,ことまり,9UKKACGDU,蓮っ子CLUB,1701,20,2456,1324200,5,8,5,7,8,7,7,8,55
L4E4Y46WR,takep,L231MX6MB,モノクル,1201,0,2457,1324000,3,10,5,4,5,6,4,5,42
90C5H5PNF,いぬ,UHF5Y8PEF,さやちゃん倶楽部,1203,1,2458,1323800,5,8,5,7,8,7,6,7,53
58XEUUHP2,雅,8JMW9G2XW,僕らのリンクラ！,1494,20,2459,1323600,1,10,6,1,7,2,8,8,43
T2JPCHLA8,みやび,3UV13EUUA,こずこずしてきた,1136,12,2459,1323600,6,8,6,6,7,7,6,6,52
3T269YTJ8,Hukujin,38KAJGDGU,異次元シャニP,1427,19,2461,1323400,6,6,6,5,5,6,9,9,52
VE8W5MFCZ,すぬ〜か,7D5W8V5UD,v..v,1254,1,2462,1323200,4,1,1,1,8,2,1,8,26
NWU61EJBY,りょりょ,XE8513HNP,喫茶カワウ空✨,1403,9,2463,1323000,3,7,3,5,9,5,6,7,45
RFGK434G5,はりゔぉぉお,YDYH4VRRP,レンクウ,1115,13,2464,1322800,1,5,4,4,4,6,4,5,33
D3DW11YG9,まっち〜,95TAREFPT,ご自由にどうぞ,1157,20,2465,1322600,4,8,4,5,5,7,4,5,42
KXY01JPNH,P2,6WJW7R1TD,さやこずノ休日,1081,1,2466,1322400,7,7,7,7,8,7,6,7,56
HAVKMY5IW,こにー,KXU941RFJ,梢先輩おめでとう,1610,19,2467,1322200,6,10,6,7,6,7,10,10,62
0RG0HFRDS,はわわ,WLBYGHXPD,大天使村野さやか,1515,17,2467,1322200,7,7,7,7,8,7,9,9,61
URKDHU8TV,ワコール,R9NGK6L48,のんびりサークル,1390,19,2469,1322000,7,10,7,5,9,6,9,7,60
11UU1KWRF,ぬー,KT4C59NXG,めぐ島,1108,2,2470,1321600,3,7,2,6,6,5,5,5,39
35JP6F70G,わはー,J0PT5EX42,スクスタモ部,893,6,2471,1321400,3,7,1,1,1,3,1,7,24
P84KEMHKF,しん,WFPA7YJE1,蓮ノ空文芸部,1460,7,2472,1321200,2,5,3,4,4,8,5,4,35
XDDG2RX1G,きゅうり,NMC7J3N5X,ドドド黒龍剣,512,0,2473,1321000,3,6,4,1,6,3,4,5,32
C2O72LNG5,オカ野,VP0K6KF0K,蓮ノ空大好き!!,1142,3,2474,1320800,3,4,4,4,4,4,5,5,33
Z5WPM7NU1,信綱,5KK3DFY18,MUGEN∞,1394,7,2474,1320800,2,8,2,6,6,6,7,7,44
XGR5P0YTA,けをす,D7UA5ER1E,UR報酬欲しい！,1125,1,2476,1320600,4,6,4,5,5,5,5,6,40
1B0D7OE6J,AN,N2KCENRKH,猫＆旅大好き部,1303,11,2477,1320400,1,5,2,5,8,6,7,7,41
1SZC1F0XN,バルト,GKR9TEBYC,毎日がホリデイ♪,1529,6,2478,1320200,6,10,10,6,10,6,7,10,65
CYBUV425R,フル,AE3L01V24,LOVE蓮ノ空,1090,9,2479,1320000,2,10,3,1,10,7,1,8,42
3HGKF1TFM,ぼーアイス,R181MKNX1,みらくらは人生！,752,0,2480,1319800,4,10,7,3,10,9,4,7,54
XIR8A6UYH,しゅういち,EEP20F2M8,綴理の綴り,1554,15,2481,1319600,1,7,1,6,7,6,7,7,42
KAL9BRYYN,きょんぴー,G2BWENR1C,せーはす応援団,1695,16,2482,1319400,1,4,1,5,10,10,7,4,42
0G0PVMK7C,葱々,5WUDLMWEP,蓮ノ空は明日ノ空,1236,2,2483,1319200,4,8,4,4,7,4,6,4,41
97GLFJXLM,そうけん,CXG25026E,泥のみんなS,1072,6,2484,1318800,7,7,8,7,7,8,8,8,60
K9LLHN0WV,kyon,TD87P23DJ,黄昏の旅団,1229,4,2485,1318000,7,10,5,6,5,6,5,7,51
VD9PY8RG3,30代女性作曲家,HBK6KCRPP,無言でおけ,735,6,2485,1318000,2,4,5,4,5,4,5,5,34
56BD5R79W,orage,PH0YEPJD8,蓮ノ空北國金沢,1025,7,2487,1317600,1,10,1,4,5,6,4,4,35
LTGCD5H3D,いろはす,FK5MUK0ET,くる♡すきクラブ,534,0,2488,1317400,6,6,6,6,5,6,5,5,45
UV5EANYV0,ペガサス,9FF5JBNDF,めぐすきクラブ,1175,6,2489,1317200,1,7,4,5,7,6,5,6,41
AE2HM3R26,あまもり,1GJC67JLM,無言の泥,1326,3,2490,1317000,1,4,1,5,6,6,5,7,35
8S4KJM7JG,白水かなた,Y2P9LABR2,スクステ同好会③,1602,10,2491,1316800,1,7,1,4,7,6,10,7,43
E86WTQF9I,のぞし,7U20138DB,LGP,1054,12,2492,1316600,6,8,3,5,5,6,5,5,43
3A99DPBCB,が〜なお,AND13836G,乙宗梢親衛隊,1369,6,2492,1316600,1,9,5,1,8,4,2,7,37
WEHRAUT5W,詩音,WCL6R1ANU,無所属の会,1472,20,2494,1316400,5,10,6,7,9,9,7,7,60
L5FWMMCWN,マナト,FK5MUK0ET,くる♡すきクラブ,1627,12,2495,1316200,7,10,7,6,7,10,6,7,60
KHV1TG9NI,星宮かぐら,JDAG79TG7,百合ノ空観察部,1393,15,2496,1316000,4,7,5,7,8,8,7,8,54
792K5TKXF,TMY「,NMT63RUDV,泥村,1579,6,2497,1315800,3,7,3,1,3,4,3,3,27
NLLT8V6EJ,しょうゆ,MKUXK0AAY,閑古鳥,774,5,2498,1315600,1,9,5,1,3,4,7,4,34
L09HKBMPL,eru,2NY9H8BR9,乙宗紅茶館,1256,10,2499,1315400,5,4,4,4,6,5,6,6,40
GMC2EXT1P,苏（su）雨仙,AWFDLJ1HC,小蓮花（重生版x,926,5,2500,1315200,6,8,5,3,4,6,1,4,37
AKW9KT8K2,しゅー,FMKP92LRL,目が霞む人達,1054,6,2500,1315200,4,6,4,4,6,5,6,6,41
X4YMH293G,よか,C021HVB2B,第3芸能科,222,0,2502,1315000,4,8,6,8,5,8,6,5,50
X60HXAFWK,U39,V6DV6KETG,梢好き好きクラブ,1332,15,2503,1314800,5,7,5,6,7,7,6,6,49
213G1AGIB,Tsutcho,XR2P2LDY3,蓮ノ空さいきょー,1681,21,2504,1314600,8,9,8,8,9,8,7,10,67
UALHDDBU1,高海果南,37N3TNTVB,推しを布教する処,1210,12,2505,1314400,1,6,5,3,9,5,9,8,46
QZN0QKPL3,猫犬,KXB93FVTR,ブルームガーデン,1481,20,2506,1314200,5,10,7,6,10,6,8,10,62
WZP191BKC,けんたろう,G0J2F9NAL,さやさやさーくる,1556,9,2507,1314000,7,8,7,7,8,7,7,7,58
08TTH5N8W,ぷにっしゅ,17DM6L40G,なんでやろ８番,1507,7,2508,1313800,6,8,5,6,7,7,7,9,55
KB64N537R,ゆー,3194B9E93,初心者寄り合い所,1061,4,2508,1313800,8,8,8,7,9,7,9,8,64
RVCURAXF3,めっち,CT8XW752X,蓮ノ空写真部,1382,13,2510,1313600,6,10,6,6,7,6,7,7,55
3YNHB7RXA,ニジカン,GK7JNB0NW,参加賞取り隊,976,1,2511,1313400,1,7,1,4,5,4,4,5,31
UD8VF7X9X,キュゥべえ,T9NYVCUC8,ねそべり愛でる会,1173,9,2512,1312800,3,6,10,4,4,4,4,4,39
JKJ9MLXH0,ともか,ABU58EVJ2,Quatuor,1190,20,2513,1312600,7,10,7,7,8,5,9,8,61
EJA18D024,ひらそ,L3NN1RWMY,アポロベイ海賊団,1081,4,2514,1312400,2,5,1,4,6,4,5,7,34
3GWWIDCBG,九代目松本梢四郎,NMT63RUDV,泥村,1808,15,2515,1312200,8,10,8,8,10,8,8,8,68
UBT0A5NSS,Luke,8R49BTWW6,蓮女お嬢様クラブ,1294,13,2516,1312000,1,4,1,4,1,6,5,7,29
IPU4UJJDG,ハリマイン,2K5AM4RV0,とろぺりです,1275,20,2517,1311800,2,8,6,6,7,4,6,7,46
VAORDHLLC,Kisa,5YEE75CB4,ロビーで待ってる,1312,2,2518,1311600,2,9,3,4,9,7,5,5,44
CTZDFU6ZO,ねこあゆ,07JW71HWG,良いチケで観よう,1257,15,2519,1311400,1,7,2,4,7,6,4,5,36
5388KLM1M,ゲソ,25PMPEMG7,星見プロ,1360,3,2520,1311200,4,6,4,2,3,4,5,1,29
E33QXLJTK,さとま,CM5THHYHB,「」ノ空だけれど,1390,6,2521,1311000,5,8,5,6,8,6,5,7,50
6FXNY8SQM,ぽん,HBCC35887,そりゃー!!!,1380,15,2521,1311000,2,2,1,4,2,7,6,7,31
TNA2WXGMX,きーくん,XE8513HNP,喫茶カワウ空✨,999,4,2523,1310800,2,10,5,3,9,4,4,4,41
HJAUXWMTT,44013,NLTAB4BLF,蓮ノ空ゆる活動部,788,2,2524,1310600,5,7,5,7,9,10,7,6,56
D8MCKLGHY,じゃからか,WN5B7VKPU,きんぴられんこん,1448,20,2525,1310400,7,10,7,7,10,8,10,10,69
NFC2PKZ4U,テラ',P2J37FNLG,乙宗先生指導会,1489,14,2526,1310200,5,9,7,6,10,7,6,7,57
5B6M9MNGG,ヒヨコワズライ,PULJ8VCHJ,蓮ノ空を推す会,1143,11,2527,1310000,2,4,2,4,7,7,6,6,38
YV0DB8493,はんぞ,GW4CH70HK,TKG同好会,1214,8,2528,1309800,1,9,2,4,7,5,4,5,37
E9K7H7Z0M,怒火×頭,X19MP0NTT,蓮之空河豚养殖場,1190,5,2529,1309600,1,7,1,5,7,6,5,5,37
MW71K4RUU,かんべえたん,F31A07X4V,蓮ノ空福井分校,1187,20,2529,1309600,6,9,6,6,7,7,6,6,53
FCT1Z3KS0,クード,D7H8MN2U4,LLD,1566,20,2531,1309400,7,8,8,7,9,8,9,9,65
LBSJ6H271,ゆきだるま,1U4JN5CXB,LLユーカー部!,1199,7,2532,1309200,5,6,2,1,6,3,7,7,37
FG44KGL6K,天狗（てんぐ）,9JTF508LB,スクスタ亡霊部,1367,20,2533,1309000,6,8,7,8,8,6,7,8,58
W4BUV226A,ありす,PPAHU1TNY,蓮ノ空のんびり部,1162,17,2534,1308800,1,4,1,4,2,7,7,7,33
H6EGM5RKT,ドルド,5W8RPRVUA,ド！ド！泥！,1273,4,2535,1308600,2,7,1,1,6,6,1,7,31
010TT5G5U,ぽぺがー,MLC4A3B36,AWCC-UEC,396,0,2536,1308400,1,7,3,4,6,6,4,4,35
EA1BYPXXU,やいり,3YWMY4JVN,82プロ,1297,8,2537,1308200,2,9,2,4,10,7,10,10,54
64ENHT1HF,あくび,AG9PKMMC3,ぱかぱか同好会,1334,21,2537,1308200,5,7,4,8,8,9,7,7,55
EENK103ME,kP,A3X92L6YU,お試し用サークル,1221,0,2539,1308000,1,5,3,4,6,6,6,5,36
MNVF5G0UB,イースト,8J1GJT2BC,近畿の大金沢,1478,6,2540,1307800,7,8,7,7,8,8,8,8,61
M3MIQCUYF,56,HBK6KCRPP,無言でおけ,1262,3,2541,1307600,1,7,1,5,7,5,7,6,39
38K69PA61,マルコ,YVV9CMBLW,東京公演で沼落ち,1058,14,2542,1307400,9,9,8,8,8,7,8,8,65
AGF59LJG8,編,N1JAJ83CA,蓮ノ空園芸部,1442,6,2543,1307200,5,8,5,8,10,8,8,7,59
4DPEMAB05,ココカメ2,AKF49TD3T,なんか,1000,4,2544,1307000,1,8,4,2,6,4,1,6,32
J6PG333UX,あむん,G59NGM0XA,シュリーレン,1173,1,2545,1306800,6,6,6,6,6,7,8,8,53
K74VPZMSD,アムネジオ,1F5EPPMLD,UR貰えればいい,944,0,2545,1306800,4,8,1,5,7,7,6,5,43
R256TF89S,南ひとり,FG5VFFNRK,蓮ノ空おじさん,1363,16,2547,1306600,4,6,5,4,7,6,6,6,44
3T6PLVYR3,つかさ,5V9TDD4NF,みんはや蓮ノ空部,1032,5,2548,1306400,1,10,1,5,6,5,2,5,35
64V095WF1,れいん,79C17CHA2,蓮ノ空出張部,1280,8,2549,1306200,4,6,4,4,9,5,6,8,46
647JT67DE,リアラ,VXF8P7NDC,どんぐり。,1566,15,2550,1306000,1,9,1,5,6,6,5,6,39
W65OLR38R,本だし活用術,NA8FEYN0M,蓮ノ空飲酒クラブ,1372,9,2551,1305800,8,9,6,6,8,6,6,7,56
DR0IXFNL2,hamo,EKACCPWWB,タフノ空学院,1293,8,2552,1305600,4,7,7,5,4,4,10,10,51
GWBMGPF42,スラリン,1F5EPPMLD,UR貰えればいい,346,0,2553,1305400,5,7,5,5,6,5,5,5,43
HK50VD5IV,かめワイ,5KK3DFY18,MUGEN∞,1304,3,2553,1305400,6,10,4,4,10,6,4,6,50
3NHBAYHEB,shima,GKR9TEBYC,毎日がホリデイ♪,1359,12,2555,1305000,1,6,1,5,4,6,6,5,34
RHC6172WL,ぽちーず,6D49YVAT7,ユニット愛で隊,1470,16,2556,1304800,1,5,1,5,4,4,4,5,29
6RK7I3SCY,岸田さん,WHWT61ELR,【無言】ハスノソ,1355,3,2557,1304600,5,7,5,5,6,6,5,6,45
RH7I5E6IL,ジャスパー,V26546K3D,乙宗気合筋肉,1579,17,2558,1304400,6,8,7,7,9,7,7,7,58
LA0Y8C5TM,まっちゃ！,6H800PBV7,新鮮館,1129,2,2559,1304200,1,4,2,4,6,4,5,5,31
B8CX0Y8C9,kor,9RYR14H9L,ソロマターリ,1034,2,2560,1304000,1,5,1,5,9,8,4,1,34
GAABA46XU,ぴ,CV62FGL1U,花咲かせ隊,1088,1,2560,1304000,1,5,1,4,4,4,4,5,28
QME72YK24,かん,HBM31HMUY,YUKIZURI,1458,9,2562,1303800,3,6,4,3,7,3,3,3,32
WK8LTUUTG,にしきごい,2JK7E4115,ラ！推し,1092,12,2563,1303600,1,1,3,4,7,5,4,5,30
P2MJB28G7,Can,APD9U5CFA,立ノ空スクステ部,1208,9,2564,1303400,2,6,1,7,7,7,4,7,41
62Y70C7GP,tam,9FF5JBNDF,めぐすきクラブ,734,4,2565,1303200,1,8,2,4,4,6,4,5,34
DFWCJ384P,風の影,L28X4MDJN,アフター観たいぞ,814,0,2566,1303000,3,4,3,6,3,7,3,5,34
XPHNN9RCD,時止め,UCWKRB3WR,菅沼千紗が大好き,1304,7,2567,1302600,7,9,6,7,6,9,6,7,57
NMTY0TY3U,ひじり,G0J2F9NAL,さやさやさーくる,1258,18,2567,1302600,6,7,6,6,6,6,7,7,51
ANX30V8UB,家雨,XXJWTT5E9,ソロ用,735,5,2569,1302400,1,10,2,1,8,6,1,4,33
POCOZSQEA,ういのん,0CBM28JP6,ほうき星,1411,6,2570,1302200,2,9,6,4,5,6,4,5,41
CJN2VVJL0,Tsumuji,WHWT61ELR,【無言】ハスノソ,1270,9,2571,1301800,6,6,6,5,6,7,6,7,49
LPJ36TPHW,稲妻カレン,XR2P2LDY3,蓮ノ空さいきょー,1295,4,2572,1301600,1,10,10,2,7,5,5,9,49
8KCT0A23W,バル,8R49BTWW6,蓮女お嬢様クラブ,1215,16,2573,1301400,2,4,1,5,9,4,4,1,30
XWC27ERTD,あんげ,HB9AU9DJJ,聖心党,1149,4,2574,1301200,7,7,8,4,7,8,4,7,52
2NZBY5R1T,モチポン,J62DRC7J5,蓮ノ空好き好き会,1254,2,2574,1301200,4,9,4,4,4,4,4,5,38
RF8EWDHPH,みなと,N1DJVPGP8,いつでも咲けるよ,1073,11,2576,1301000,6,6,6,5,8,7,7,6,51
9GVJ8E293,真也(まさや),998H940YN,お嬢様筋トレ部,1631,20,2577,1300800,4,9,5,7,7,7,8,10,57
22FL7MUVC,すてねこ,X33HHA9F8,アルストロメリア,1527,7,2578,1300600,5,10,6,8,10,7,8,8,62
GKM2AYI6Z,まよ,GPKTRBCTT,騎空団蓮ノ空支部,1172,12,2579,1300400,6,7,7,4,7,6,5,4,46
877G426K5,モノ,KXU941RFJ,梢先輩おめでとう,1205,7,2580,1300200,6,7,6,7,6,6,6,7,51
LDJP8T19X,ARX-Λ,0CEA9XFKR,蓮ノ空の泥人会,1573,12,2581,1300000,2,7,3,1,6,4,9,9,41
5R45M9EEL,紗月,0B8RTHY4D,のんびり屋さん,1181,13,2582,1299800,5,10,4,5,7,7,6,6,50
900WO0GGU,マジテンシ,1F5EPPMLD,UR貰えればいい,1678,15,2583,1299600,1,8,1,1,2,5,2,4,24
UC14L7DPW,たかみん,J7N4W6Y1K,こずミックラブ♡,1452,20,2584,1299200,5,10,5,5,7,5,5,8,50
LG5V6FL3M,いあ＝だーふぇ,UHF5Y8PEF,さやちゃん倶楽部,1327,15,2585,1299000,6,8,6,7,8,6,6,6,53
XBJKA63GC,bell,N2KCENRKH,猫＆旅大好き部,1135,15,2586,1298800,1,8,3,4,6,4,4,7,37
EVJGZ1771,まっつぁん,K8C99H42D,ルリと喜ド！愛楽,1255,9,2587,1298600,2,7,4,4,5,3,4,5,34
FB957P8CR,くーもも,LHXNEF3D5,まるまるサークル,1293,20,2588,1298400,6,7,6,5,7,7,8,8,54
DFP8E0588,ツバサ,HWJ8XPW0T,箱推しなのだけど,1272,17,2589,1298200,2,4,2,1,6,2,8,8,33
C4VKFC88T,アース,H837E0M9R,沙知先輩大好き部,1339,13,2590,1298000,4,8,4,6,9,8,6,6,51
AYB73K1K5,kaho,AWFDLJ1HC,小蓮花（重生版x,769,0,2591,1297800,4,10,4,4,7,7,4,7,47
GGGJYE94A,水餃子,WFPA7YJE1,蓮ノ空文芸部,1030,2,2592,1297600,1,8,4,4,7,6,6,5,41
2V1Y2WG9L,ちびすけ,2ULM366U6,毎日がエブリデイ,1384,7,2593,1297400,4,6,1,4,4,6,8,7,40
248VA8R0D,ayu,TMYMB72UG,蓮ノ空お絵描き部,548,1,2594,1297200,3,8,6,4,6,6,4,4,41
VBJABKXCW,翼,DFFYFJ2B6,つづさや好き過ぎ,1326,11,2595,1297000,1,5,1,5,6,4,5,7,34
RFPKCPLTE,たけぼー,HMBW9DXY2,蓮好き皆あつまれ,1261,3,2595,1297000,5,7,4,4,6,6,4,6,42
4NLDA0FYE,aomi,8MLVA67AK,聖ミリオン女学園,1503,21,2597,1296600,6,10,7,6,10,7,9,8,63
W5NFE9GVE,メジェド,W9V6VTXAN,梢先輩の歌声好き,768,6,2598,1296400,5,6,5,5,8,10,8,5,52
GG5LYRKPK,yuki,8R49BTWW6,蓮女お嬢様クラブ,1367,8,2599,1296200,7,7,7,7,7,6,6,7,54
5F8U0T79J,Go North,TK9E1BB1P,無言で自由,1460,9,2600,1296000,3,10,8,8,8,7,9,5,58
L5105PWH3,たぃ,GK7JNB0NW,参加賞取り隊,1021,4,2601,1295800,1,3,1,1,1,3,2,8,20
GMBG3NEIB,ふぶ,W26TRPM1R,めぐ党藤島派,1265,9,2602,1295600,3,5,1,4,3,6,4,5,31
9KH620XY7,みみみ,BH9YH1YL5,ラブライバーの森,1269,2,2602,1295600,2,8,4,6,8,7,6,7,48
C78S55TMJ,丼物,UYCT3Y4JK,蓮っ子,1552,20,2604,1295400,7,10,8,7,10,8,9,9,68
X042RNRTU,マツD,0R8BXPRC1,ポチっ！とクラブ,952,3,2605,1295200,4,4,4,4,4,5,4,4,33
6427PN7XC,ユージン,L1VGJTD5P,蓮ノ空お茶会部,641,2,2606,1295000,6,10,6,10,10,4,3,4,53
ROPNJW7BT,とんぬら,W26TRPM1R,めぐ党藤島派,1437,7,2607,1294800,1,5,1,5,4,6,6,7,35
Y756YU9NX,ともやん,L3NN1RWMY,アポロベイ海賊団,1244,9,2608,1294400,6,10,6,5,5,6,5,5,48
THV8WE1FH,おしーぶ,E8EGT47GT,くるくるくるー,1120,14,2609,1294200,7,9,6,5,9,6,5,5,52
M9CYN1PH9,角,XEENRBXCG,蓮ノ空休日クラブ,1015,1,2610,1294000,3,8,5,4,7,7,6,6,46
CB07BEGGR,チェケラんどう,X7YM9EG8K,伝統の石川地酒,1392,0,2611,1293800,7,10,7,7,8,7,6,7,59
P3B7KLPP8,もかのん,PUJ0ERCMW,蓮ノ空倶楽部,1140,13,2612,1293600,2,7,3,4,7,5,5,4,37
WPPCDF0CE,アイン,L28X4MDJN,アフター観たいぞ,1420,20,2613,1293400,1,8,1,4,6,4,5,5,34
Z7BCZYAJO,ニョッキー,7XH3K4GBT,LLP,1352,2,2614,1293200,1,6,1,5,6,2,5,1,27
2LT5U0EHC,みかんチャーハン,FVTGWWP0T,さわやか3組,1267,4,2615,1293000,4,7,1,5,4,5,5,7,38
E7ZYWTBS6,出口,J0N1E3Y09,月火水木金土日,1420,8,2616,1292800,5,7,6,6,7,7,6,6,50
UNJAN07RY,てるぴ,2ULM366U6,毎日がエブリデイ,1521,3,2616,1292800,4,8,4,7,8,6,6,7,50
2WCWD92Y0,プラはに,Y2P9LABR2,スクステ同好会③,1359,11,2618,1292600,4,6,6,4,7,4,5,5,41
D4ELFBWG2,にゃむle,0PJ19NAE3,蓮ノ空同好会☆,768,0,2619,1292400,3,10,1,4,9,6,4,5,42
RNW2S4UHR,ゆづき,WHWT61ELR,【無言】ハスノソ,1396,15,2620,1292200,1,8,6,3,8,6,2,8,42
832JH9K11,りる,FD24TD6C5,泥人,1574,20,2621,1292000,5,8,5,7,6,5,7,10,53
8CA3E775W,Skyflan,FDWY9N1P7,"ゲCo.,Ltd",1133,1,2622,1291800,5,5,5,5,5,5,4,5,39
LTJCHY75Y,NMRY,LD34NCH5R,NERV,1343,2,2623,1291600,2,7,1,6,4,5,4,4,33
C81ZQ13D5,k,L1VGJTD5P,蓮ノ空お茶会部,1241,20,2624,1291400,3,6,3,4,7,6,6,6,41
HYG116L7E,カコ,KGDNX3EF3,ENcircle,1224,5,2624,1291400,3,7,4,6,6,6,5,5,42
PNLM1RI37,でみたす,B1KYU3XF8,LG lotus,1479,11,2626,1291200,1,10,1,5,10,4,4,7,42
P6KNE8298,しらす,BELCUYCMH,蓮hkg香港分部,767,2,2627,1290800,4,5,5,5,7,5,6,6,43
02E422SBP,おしゃん,9DKR4Y2CJ,蓮ノ空老人会,1612,16,2628,1290600,10,7,1,5,7,7,7,7,51
LJJRHMRA7,せつげん,07JW71HWG,良いチケで観よう,1369,13,2629,1290400,1,6,2,4,5,6,4,5,33
AUJ8GF5MB,トイーブ,DMDVHGFUG,蓮の釣り部,1203,18,2630,1290200,5,7,5,5,5,6,5,6,44
Z0M1QY50D,ぺろすけ,0VP15L48C,ハスラー,1489,5,2631,1290000,7,8,7,7,9,7,7,7,59
UKKTDBLTD,しの,GYG7B5R36,幼馴染同好会,1416,19,2631,1290000,6,8,6,6,6,7,6,6,51
296T0TSAG,R10,BKUHCT7WF,蓮女お嬢様部,1547,19,2633,1289800,1,7,2,5,6,6,7,7,41
FFF2CHO2D,BLUE,MVMP6NNXD,空き時間らくがき,1384,13,2634,1289600,1,8,1,4,4,6,4,5,33
RSE20AFA1,もか,PPAHU1TNY,蓮ノ空のんびり部,1342,15,2635,1289400,1,5,6,4,8,5,7,1,37
AT95JYVEU,Lin,X33HHA9F8,アルストロメリア,1158,1,2636,1289200,5,6,5,5,5,6,5,5,42
M2PEANDE6,青欞兒丶,NC2YT2V28,蓮之愛同予者何人,1137,5,2637,1289000,3,8,2,4,6,6,5,6,40
BEGUUP7AU,にきぱん,9C0KWR782,まったリンクラ,687,1,2638,1288800,5,10,8,5,8,7,5,5,53
OTSRGJSHM,バスガイド,PLBBEX019,待機室目指し隊,1504,20,2639,1288600,8,8,7,7,10,7,8,10,65
62J35KH77,ぽちぺろ,N752V1LD6,思想の溜まり場,1415,19,2639,1288600,5,6,5,5,7,6,7,7,48
MH7MGGAF5,keke4,GVYK75TPW,あ,718,1,2641,1288400,4,7,4,4,10,6,5,8,48
94KELJTQ6,窓,HBK6KCRPP,無言でおけ,1430,15,2642,1288200,7,8,9,5,10,5,9,9,62
4PP6L2TC1,ソラ,0CBM28JP6,ほうき星,1370,4,2643,1288000,2,7,2,5,6,6,6,7,41
VA7RK1TH4,yeah,W26TRPM1R,めぐ党藤島派,1301,5,2644,1287800,1,5,1,5,2,6,4,5,29
MSCXU1CA6,ひとはし,ABALH0AL3,楽園計画,1471,20,2645,1287600,2,7,1,4,6,5,7,7,39
5N9RR25L2,あさひ,B2KV0EVPD,蓮ちゅきクラブ,1571,11,2646,1287400,1,10,3,5,9,8,6,8,50
5RPYAFH3W,すばら,RM7N1JDB5,無言推奨不干渉会,1395,16,2647,1287200,5,9,5,7,7,8,7,7,55
XBJNXRJL0,しののめいずの,HWJ8XPW0T,箱推しなのだけど,1286,2,2647,1287200,6,7,6,6,6,6,6,6,49
LVY4MM87V,ｼｬﾇﾋﾞｽ,9FF5JBNDF,めぐすきクラブ,1322,17,2649,1287000,1,7,1,5,7,6,5,7,39
Q6ZD4Z5L4,てつや,L3NN1RWMY,アポロベイ海賊団,1272,11,2650,1286600,1,9,1,4,8,4,4,5,36
R4YYO1MV6,伊達男,PH0YEPJD8,蓮ノ空北國金沢,1021,7,2651,1286200,9,8,9,6,6,7,7,6,58
ZQSNNQLAG,ぴぃ,2NY9H8BR9,乙宗紅茶館,1578,3,2652,1286000,1,5,1,5,4,6,5,5,32
DLI1EBZ98,える,D74U0Y31D,はじめての蓮ノ空,936,5,2653,1285800,7,10,4,5,5,5,4,4,44
VJYBTVE2X,澄水(すみす),W3F0URUJC,梢先輩応援団,1301,11,2653,1285800,8,10,7,7,8,10,7,8,65
5MLVLK91B,やきいも,JE7V5MM31,蓮ノ沼に沈んだ泥,643,0,2655,1285600,3,8,4,4,7,4,4,7,41
LN7AJBXL6,きりん,7R8NKPAB1,花帆推し倶楽部,1619,6,2656,1285400,1,4,2,5,1,6,5,7,31
LXWED1VJN,葉山球磨,R181MKNX1,みらくらは人生！,1450,6,2657,1285200,7,8,7,6,10,8,7,6,59
7RJPE6GKC,さきてぃ,D7H8MN2U4,LLD,1574,20,2658,1285000,7,9,7,7,9,7,8,8,62
T7QKDXHHR,ズッキーニ,9FF5JBNDF,めぐすきクラブ,1472,17,2659,1284800,6,10,4,6,10,6,7,7,56
AUBE87U0P,sarahcat,AND13836G,乙宗梢親衛隊,1264,9,2660,1284600,6,7,6,6,7,6,6,7,51
XB3E6RK72,ぶっとー,XTMGPY62U,スクステ初心者,521,0,2661,1284400,10,10,10,6,6,6,6,6,60
9RKLH1E8O,Xashy,NC2YT2V28,蓮之愛同予者何人,1355,20,2661,1284400,1,6,3,1,5,6,9,4,35
7WT6MBHY3,よもぎ,948FLPMPN,まったりハス煮〜,1143,8,2663,1284200,2,6,2,6,7,6,4,7,40
Z8HTE470V,みすたそ,BW38LDPRF,蓮浦の星空,1522,19,2664,1284000,5,7,7,5,7,5,4,6,46
FF641AE2F,カラフルしゃけ,KGY709ULG,蓮の花束,470,0,2665,1283800,3,9,3,1,4,7,5,1,33
0693U5612,あさり,V6DV6KETG,梢好き好きクラブ,856,0,2666,1283600,5,6,2,2,5,6,2,4,32
37FC7JVO8,しゃけの,58FD7UF8J,としとしサークル,1341,20,2667,1283400,2,8,2,4,6,4,4,5,35
8CAL4FIWC,toshiki,VXF8P7NDC,どんぐり。,1514,15,2668,1283000,1,4,1,5,4,6,6,7,34
C1WT81YT9,しば,WFPA7YJE1,蓮ノ空文芸部,1223,7,2668,1283000,4,6,5,6,6,5,6,7,45
7YQ5QL9X3,紅蓮,GE3TL53AP,いい顔でこんぶ,1608,1,2670,1282800,3,10,7,3,6,3,9,8,49
VFX9TV8LS,宣牛(ノブウシ),NLB84DYBF,下松系拉麺同好会,1310,4,2671,1282600,2,10,7,4,6,7,7,4,47
08KU92X2M,OИE,CV62FGL1U,花咲かせ隊,1504,18,2672,1282400,6,6,6,5,7,6,7,8,51
99CZM3GLJ,glan,3194B9E93,初心者寄り合い所,729,2,2673,1282200,6,6,1,1,5,5,1,1,26
Z9B32KUV6,キャンパス,3FF3NB77X,せーはす愛好会,1616,21,2674,1282000,4,10,9,4,10,3,8,8,56
LXMUK1N94,Aoi,,,917,9,2675,1281800,3,9,4,1,4,10,2,1,34
LEH59TC05,たいなか,B5V2LNN43,WMW,1187,16,2676,1281600,7,7,7,6,7,8,7,8,57
BU3BTBG24,てる,8MTLYLH9F,木星月華黄金宮,1046,1,2677,1281400,10,10,10,10,10,10,10,10,80
BZQJDUUH4,ポケダ,J80MEYHBC,Nymphaea,1339,15,2678,1281200,2,6,1,4,5,7,6,5,36
VQIBWKYIO,シン,N8L41JAA7,無言 ノルマなし,1574,13,2679,1281000,2,7,1,5,7,7,7,7,43
JNCTVTPG9,レイン,BKUHCT7WF,蓮女お嬢様部,1237,20,2680,1280800,4,7,4,4,4,5,6,6,40
IG5SWSXJO,無のギンジ,J8HXTJ8TB,流し素麺同好会,1548,5,2681,1280600,1,7,4,4,4,10,4,2,36
91YWE4UGX,アルト,D7H8MN2U4,LLD,593,3,2682,1280400,1,10,4,1,5,5,2,4,32
6RU1YRW8Y,オゼノ,FG5VFFNRK,蓮ノ空おじさん,1174,8,2683,1280200,1,2,2,1,1,4,7,7,25
0R0DJUFCH,ニョレン,HMBW9DXY2,蓮好き皆あつまれ,1482,20,2684,1280000,3,6,3,4,7,5,7,7,42
JNM0HFUXA,唯,NC2YT2V28,蓮之愛同予者何人,1196,10,2685,1279800,1,4,1,4,1,2,4,1,18
3VL5KDB0A,しぇぱ,7NJM1VURM,らんるん部。,448,0,2686,1279600,5,9,4,2,9,6,1,4,40
8PO71UMCM,エモいナ,T8X0G07YB,なければ立てる！,1566,8,2687,1279400,5,9,5,6,8,7,5,7,52
FUUC30B3H,てん,R181MKNX1,みらくらは人生！,1314,7,2688,1279200,4,6,4,5,6,6,6,5,42
U96TQLLHN,ユウキ,31A7JKC69,蓮好きの巣窟,1370,5,2689,1279000,4,6,3,7,6,6,7,6,45
XUPBY395A,キンクマぐちお,NMFBD39FM,蓮ノ空分室,1207,17,2690,1278800,1,7,3,3,5,6,7,3,35
8J3SJ7SJQ,たつ,9JTF508LB,スクスタ亡霊部,1161,12,2690,1278800,2,6,5,1,6,7,2,6,35
HH5J5BECH,「ムウ」,NMT63RUDV,泥村,1342,3,2692,1278600,2,5,4,3,5,7,5,6,37
XUPXY03IA,Doby,KA652DGYV,ゆるリンクラ,1347,3,2693,1278400,5,10,5,6,5,7,5,6,49
NR2KWK6XD,すずきさん,JTX1G19BP,さやかほ癒し会,1132,1,2694,1278200,5,8,5,6,6,5,5,7,47
SV4ZQLG0E,るりひめ至上主義,5W8RPRVUA,ド！ド！泥！,1361,11,2695,1278000,4,5,4,4,8,6,6,6,43
W5C9A963M,なっすちゃん推し,1DU9LCND7,蓮ノ空すこやか部,1241,16,2696,1277800,1,6,1,5,7,6,5,7,38
6JYUE63RP,れーるがん,WLFW6UCX5,無敵級ビリーバー,1190,6,2697,1277600,2,5,1,4,5,6,4,4,31
CLG78YDBE,あるひの,948FLPMPN,まったりハス煮〜,1050,2,2698,1277400,1,5,1,6,4,6,4,6,33
O8VP65N5V,AnimeDad,PDMPF3VVV,r/LL,1316,15,2698,1277400,1,8,1,4,6,5,5,5,35
NR443H0K2,小日向美穂,948FLPMPN,まったりハス煮〜,1253,18,2700,1277200,6,9,8,6,9,8,6,7,59
RPUDUAAGT,働きバッタ,CCACL2CMM,暗殺者チーム,1276,14,2701,1277000,5,5,5,4,5,5,6,5,40
8JDT6KXGY,飛鳥II,F8MLHU2NV,乙宗梢様､､､,959,0,2702,1276800,3,7,1,4,4,6,4,4,33
XXB6AYXDM,紅生姜,,,569,0,2703,1276600,4,8,6,7,9,8,4,5,51
VB8HFK55S,Bro通,BCJRMHE75,梢すきすきクラブ,1307,18,2704,1276200,5,6,3,5,5,5,8,7,44
7MPJD915F,しゃけ,BKUHCT7WF,蓮女お嬢様部,1095,2,2705,1276000,4,9,1,6,4,6,4,5,39
4KDL64SOU,いけるる,8M2MFU9U0,リンクライブ,1397,15,2705,1276000,3,5,4,3,8,5,8,8,44
DE5ED48XV,シャノ,GN1798YEX,ド!ド!同好会,1095,3,2707,1275800,5,5,4,4,5,6,5,5,39
DM23BNW1P,ザカ,G59NGM0XA,シュリーレン,1313,17,2708,1275600,5,9,4,5,5,6,5,7,46
6V4C7PHJN,ReoNa,HBD61R6WC,梢先輩すきすき部,1295,21,2709,1275400,3,6,3,5,6,4,4,4,35
NJJF7FLCV,しらたき,2NY9H8BR9,乙宗紅茶館,1116,14,2710,1275200,6,9,6,7,5,9,5,5,52
521MU0XLT,ぬえ,CM5THHYHB,「」ノ空だけれど,1409,20,2711,1275000,3,6,4,4,7,6,6,6,42
HPGXU5TQI,ファンカー,CXG25026E,泥のみんなS,1236,15,2712,1274800,6,9,6,7,7,6,7,7,55
0AF3ZJV16,あどび,GVT61ATX0,なのだけれど,1371,5,2713,1274600,4,7,4,5,8,6,6,6,46
U3SAQRXXV,かぐつち,FG5VFFNRK,蓮ノ空おじさん,1378,4,2713,1274600,6,7,7,6,6,6,6,6,50
DKMTXHBDH,はすにょ,Y6JNPC60C,綴理メイト,1158,13,2715,1274400,6,8,5,6,8,7,6,7,53
CCXD7AREJ,グ,LUYG5CWPJ,La+,1203,17,2716,1274200,1,5,1,1,3,2,9,9,31
U1FG74EC7,piyopiyo,BT3GEWM5L,ささやか村の集い,1189,14,2717,1274000,7,8,6,7,6,8,7,6,55
5D66Y89MR,桃皮,W2RUWYA8R,熱血音ゲー部,1003,7,2718,1273800,1,4,1,4,4,6,4,4,28
0DC74BY7M,まさキャロ,2ULM366U6,毎日がエブリデイ,1510,16,2719,1273600,5,5,5,10,10,10,5,6,56
6EX2OW7N5,花咲かじいさん,6045Y2RW7,ポチっと！蓮ノ空,1588,15,2720,1273400,5,9,5,5,10,5,6,8,53
HXDR0W669,Shimo,J4KPR8GX0,関西ラ研,877,6,2721,1273200,3,5,2,1,3,5,2,5,26
173ATYY28,ミナミ,F8MLHU2NV,乙宗梢様､､､,1311,0,2721,1273200,2,7,2,5,7,6,6,6,41
T34YF9DWH,高咲侑,NPLTAWN04,自由睡眠同好會,1274,20,2723,1273000,1,8,3,4,7,4,4,6,37
8HT5R8C4D,ゆうしゃぷ,H6JWBBGCG,蓮天・乙宗一心流,1152,6,2724,1272800,5,6,5,6,6,6,6,6,46
10NAV71GP,あばば,NC2YT2V28,蓮之愛同予者何人,1479,4,2725,1272600,6,9,7,6,7,6,6,6,53
H034DNH9U,柊楓,XTMGPY62U,スクステ初心者,1143,16,2726,1272400,4,10,7,7,10,10,6,10,64
M7R461AQ4,みりおん,R1RM3X0WV,後方腕組みオタク,1328,14,2727,1272200,8,8,8,8,8,8,8,7,63
N08NFRZHG,スピカ,A208R9K5F,蓮ノ空の空気,1225,14,2728,1272000,2,5,1,4,5,4,4,4,29
OJG4FDHPU,ボルシチ,2KJ2UEC3P,ういちゅけクラブ,1404,17,2729,1271800,6,7,6,6,8,7,7,7,54
H60VJNDKT,和花,V1G3KNET8,パンダ和花,1233,12,2729,1271800,1,5,2,4,5,2,5,7,31
VBKPZ9TK8,ゆりか,UN4AHCLTX,蓮ノ初心者,1554,15,2731,1271400,5,8,8,5,5,8,7,7,53
USYD1MLTV,yukina,JTX1G19BP,さやかほ癒し会,1495,20,2732,1271200,7,7,7,7,7,7,7,8,57
CJECN5NNA,くれと,AH27N260E,百生信託銀行,1154,11,2733,1271000,9,8,8,9,10,8,9,8,69
40RFJH2T9,コッペパン,HWMV33W7Y,フラワー泥民館,1106,17,2734,1270800,3,10,4,6,6,4,7,3,43
BJR5XEUHO,りちょぴぃ,M6UPWJ6DU,蓮結ぶ虹と星の音,1468,18,2735,1270600,3,7,5,4,7,6,6,6,44
WFOIN0J2Q,ノラ坊,KBJ2P8T0Y,人見知りの集い,1318,20,2736,1270400,2,5,1,4,4,6,5,4,31
WDR6PW0GS,咲姫,6045Y2RW7,ポチっと！蓮ノ空,1282,2,2736,1270400,1,5,3,5,5,6,5,5,35
1N4WI9PL2,6号,WTJV514G9,蓮ノ空のお弁当屋,1535,10,2738,1270200,3,6,2,4,5,4,4,5,33
E3XB5MWDW,ソーマ,919XF8V2V,蓮之空大三腳,1123,15,2739,1270000,1,5,4,5,7,5,6,7,40
7CCT3RP0T,がお,N1DJVPGP8,いつでも咲けるよ,1472,14,2740,1269800,5,6,5,5,5,6,4,4,40
QTAGHFHXJ,mori,H1LTYMK0B,花帆が可愛いの会,1457,15,2741,1269600,4,7,4,6,6,5,7,8,47
GRTNB9D0B,ut@t@,T045NDKW0,♬さやか愛好会♬,1204,20,2742,1269400,6,9,5,6,10,8,7,8,59
80BU4H1DL,あわき,V6DV6KETG,梢好き好きクラブ,1208,9,2743,1269200,4,9,3,5,9,5,6,8,49
KAEXJYF1Y,ぐらたん,85D411XNB,蓮っ子の集い,919,2,2744,1269000,2,9,3,4,4,6,4,4,36
CI6NDJDGQ,ヨダ,5KK3DFY18,MUGEN∞,1417,3,2744,1269000,2,6,1,5,6,6,5,7,38
7UJZFLDP4,なし星,RXXUPMWB9,待機室跡地観測所,1160,4,2746,1268800,1,10,7,1,7,4,4,1,35
TLR2KZDVF,プーデブ,5KK3DFY18,MUGEN∞,1475,15,2747,1268600,2,8,8,4,8,6,5,6,47
TXULLMP3J,ねこみや,8R49BTWW6,蓮女お嬢様クラブ,1442,20,2748,1268400,2,7,1,1,5,4,9,9,38
5THJYPBDP,ルッコラ,NDGW77R2V,こず花帆尊い,1232,20,2749,1268200,7,10,6,8,9,8,6,9,63
42R469Y00,たかや,TM19BMU7C,ソロプレイヤーズ,1030,8,2750,1268000,4,10,10,4,5,9,4,6,52
P070CLQMI,ゆう,DFXN9DB2H,どんぐり共和国,1294,20,2751,1267800,4,8,4,4,5,6,4,5,40
UYL09U1AJ,やまぴー,48BTAPMBG,蓮ノ空魔術部,1199,19,2752,1267600,1,4,1,1,5,4,1,5,22
EWWJNGM37,よっつん,UYCT3Y4JK,蓮っ子,1494,19,2752,1267600,4,8,3,7,7,6,7,8,50
B1FF27BYY,Deer,XVTV7MVCX,雪月花,501,0,2754,1267400,4,10,2,3,1,6,7,8,41
DWAL7RY6U,Ecemtucr,D7UA5ER1E,UR報酬欲しい！,1224,20,2755,1267200,6,8,6,9,9,9,6,6,59
1HL8FUJTU,MK,TTW02P5K1,はすのこ,1159,7,2756,1267000,1,4,1,5,5,4,4,5,29
RGB940BND,keisuke,UYCT3Y4JK,蓮っ子,1293,18,2757,1266800,3,7,7,2,6,5,2,1,33
78BDHKKK0,ビー玉,Y2R7E79U3,カワウソ同好会,1412,6,2758,1266600,7,9,7,7,8,7,6,7,58
BSG9GKEGX,タツルン,9JTF508LB,スクスタ亡霊部,1297,7,2759,1266000,2,8,2,8,6,7,1,5,39
YUUGQ6S6D,わかめとうふ,W3YKKRWHG,ルリと愉快な一家,1178,4,2759,1266000,3,5,2,4,5,4,6,7,36
LJ2BD0GN8,Hengry,RBDLWNFFM,ドルスリズパーク,845,2,2761,1265800,1,6,2,1,5,4,4,4,27
713LJLM9P,ゆでたまご,XE8513HNP,喫茶カワウ空✨,1177,15,2762,1265400,6,7,5,4,5,5,1,1,34
7TXLCB2F1,マグロ,01YK4N868,ソロサー,1439,12,2763,1265200,8,9,8,8,8,8,8,8,65
82A32W326,高架線,Y2R7E79U3,カワウソ同好会,1649,15,2764,1265000,1,9,1,5,3,3,7,1,30
R9O17BK3H,yumeca,WAT20PN3Y,こな党,1507,18,2765,1264800,8,9,7,6,6,7,6,6,55
GE5TDGFGV,神糸くくり,VP0K6KF0K,蓮ノ空大好き!!,1369,1,2766,1264600,2,8,3,2,8,7,3,7,40
KAMTT0WNJ,夏メキペイント,K44BC8GLR,ことりのダイヤ,782,2,2766,1264600,1,6,1,5,4,5,1,5,28
JDMB0UDYU,PSI,9C0KWR782,まったリンクラ,1231,6,2768,1264400,2,5,1,4,4,4,5,5,30
VJMFD25P9,かるぱっちょ,0XUV5025C,めぐめぐバブり隊,390,0,2769,1264200,1,5,1,1,1,2,7,7,25
HHX3RYYSE,あむちゃん,J7N4W6Y1K,こずミックラブ♡,1634,9,2770,1264000,10,8,7,3,7,4,8,9,56
MMUCT4ZK8,うぐいす,8JMW9G2XW,僕らのリンクラ！,1506,3,2771,1263800,5,6,5,5,5,5,5,9,45
UH7YKUWB2,むつねす,57UT319NN,蓮ノ空同好会,654,0,2772,1263600,5,7,5,7,5,6,7,7,49
BJ5GY7P3C,チラ,2NY9H8BR9,乙宗紅茶館,1228,8,2773,1263400,2,4,1,4,5,6,1,5,28
KYB9CT2XY,たいよー,LAP2W049X,りんひな愛好会,650,0,2774,1263200,1,7,1,5,4,6,5,4,33
A4CYMFS63,黒澤金剛石,R181MKNX1,みらくらは人生！,1471,9,2774,1263200,7,8,7,7,8,8,8,7,60
QEVN5E2PF,ブレイヴ,KULVP7FDR,アニマル分室,1398,15,2776,1263000,4,5,4,4,6,4,8,9,44
K06RM3BCA,とうがらし,KULVP7FDR,アニマル分室,267,0,2777,1262800,6,10,7,5,9,7,7,5,56
B7F8XL777,ひかる,K7LC46V5M,Link！ラ部,1153,9,2778,1262600,7,10,8,6,7,8,6,6,58
WSJNFXWNU,pon,TXNCTRR1U,瑠璃乃推し隊,1370,3,2779,1262400,9,8,10,8,8,8,8,8,67
9JI8BMCH0,はるの,8R49BTWW6,蓮女お嬢様クラブ,1259,16,2780,1262200,4,4,3,4,5,5,5,5,35
BGYBB4EPE,Glitter,JDAG79TG7,百合ノ空観察部,1507,19,2781,1262000,4,8,5,6,7,8,6,5,49
X2WHZO924,つづるり寺,8CEWMFEHX,ねるねるねるね,1429,2,2782,1261800,1,7,1,5,7,6,5,5,37
3ETKWPKTC,KAHO,JKAYY0KXL,自由！開心！,1263,20,2782,1261800,1,7,1,1,7,5,7,7,36
K0Y8RBTWT,シャー芯,0NJH60E7V,睡眠大事,1164,1,2784,1261600,2,6,1,4,5,6,5,4,33
79MB12KLX,煌神,M6JPV9MVW,フォルテシモ,1179,20,2785,1261400,5,8,5,7,6,7,2,4,44
2YRJ6J21P,ヒマザイン,7XH3K4GBT,LLP,889,4,2786,1261200,1,10,1,4,1,6,1,4,28
DKDK6P5R2,たし,48GTYR1VB,ハラショー！,993,1,2787,1261000,2,7,2,4,4,6,4,4,33
7M77KVD4D,神楽光,919XF8V2V,蓮之空大三腳,893,6,2788,1260400,3,7,4,3,7,7,3,3,37
CBR337FMZ,ケイゴ,J8HXTJ8TB,流し素麺同好会,1451,11,2788,1260400,4,7,4,6,6,6,6,6,45
RWCQ6YE13,おかじゅん,2NY9H8BR9,乙宗紅茶館,1517,4,2790,1260200,6,7,6,6,7,7,7,7,53
6TAURY0XE,つかたに,P2J37FNLG,乙宗先生指導会,1278,20,2791,1260000,6,6,10,6,6,6,6,7,53
G82CRBLVD,ひめぎん至上主義,CCACL2CMM,暗殺者チーム,1290,20,2792,1259800,7,7,7,7,8,7,7,7,57
K35EWCC0K,よしぶ,CCACL2CMM,暗殺者チーム,907,5,2793,1259600,6,10,6,4,6,8,4,5,49
G4B8CFE6U,あるみ,K2L5DCVNR,REAL,1167,7,2794,1259400,3,8,3,4,9,5,5,4,41
Q4WL39YZJ,Rigon,1F5EPPMLD,UR貰えればいい,1110,3,2795,1259200,2,8,5,4,4,4,5,7,39
AL66PFU3A,マクラ,PHEKJB75C,乙宗四季恋愛㌠,1248,4,2796,1259000,1,9,1,5,7,7,6,5,41
JB65GWR1D,のてびき,FL60DG573,海未×蓮妄想部,1396,4,2796,1259000,5,10,3,4,9,2,5,10,48
9IFI84VC4,海未,YFADYJVW4,FPS好きクラブ,1505,20,2798,1258800,1,10,10,1,2,2,8,8,42
3110JTCRU,TKM,LT3CCEBFE,蓮ノ空釣り堀〜,1273,13,2799,1258600,1,5,1,4,4,4,5,5,29
0DYHD91BE,明日賽,G0WRCNRWK,県立沢庵図書館,1615,12,2800,1258400,2,8,2,7,7,7,6,7,46
BY66WNX39,ぴんくぱーかー,2VJG66JTH,まったり,1120,6,2801,1258000,5,10,1,7,7,7,6,5,48
AOBBJ0EIP,ホルモン皇子,5R48K950F,EDF蓮ノ空支部,911,2,2802,1257600,2,5,1,1,4,2,2,1,18
YLE2KLLRU,夜貓社,BELCUYCMH,蓮hkg香港分部,1325,0,2802,1257600,2,6,1,4,7,4,5,7,36
FS4198Z1L,ぱこぱこまる,TM19BMU7C,ソロプレイヤーズ,1239,4,2804,1257400,2,6,4,4,5,6,6,7,40
NH7989LD7,やかん,TBX7N9RK5,つよつよなLH,1245,3,2805,1257200,2,6,4,5,5,6,7,7,42
9MJEPAHBM,たけ,MUXWTW1GV,蓮の空見守り隊,1109,4,2806,1257000,1,7,1,4,7,5,6,5,36
TH6YBMAER,肉プルーン,G0J2F9NAL,さやさやさーくる,1513,21,2807,1256800,6,6,6,9,10,6,9,10,62
2PJCQQ6VT,マルティネス,LHXNEF3D5,まるまるサークル,1250,0,2808,1256600,1,7,7,1,7,3,9,9,44
8IC6045DL,なか,BT3GEWM5L,ささやか村の集い,1312,12,2809,1256400,1,9,7,4,7,4,4,5,41
VPPQ0ITXX,あじな,HBK6KCRPP,無言でおけ,1464,21,2810,1256200,1,8,3,5,6,4,7,1,35
MGWNLM1PN,白もちたい焼き,11MTYLA3P,白もちたい焼き,574,0,2810,1256200,2,5,3,4,5,4,4,5,32
M8936BF27,みりん,NJBBTCY3A,かにかに！,740,0,2812,1256000,3,4,2,6,6,6,6,7,40
YCX2YR3VN,えすえす,KARUFA7TN,777,1133,6,2813,1255800,2,8,4,5,6,6,5,5,41
6XGAF9J9B,ヒト,GYG7B5R36,幼馴染同好会,1433,18,2814,1255600,1,8,5,5,8,6,5,7,45
LD3A9874J,うず,X33HHA9F8,アルストロメリア,1347,16,2815,1255400,6,7,6,8,7,6,6,7,53
U2WEDH4MU,かいりさん,8MLVA67AK,聖ミリオン女学園,1330,5,2816,1255200,1,8,7,1,9,7,1,7,41
70J1KMRPV,tb200,G0WRCNRWK,県立沢庵図書館,1407,21,2817,1255000,1,10,10,6,5,7,6,7,52
JBG94K5GK,ショザイ,JTX1G19BP,さやかほ癒し会,1339,19,2818,1254800,4,6,3,2,4,3,8,7,37
8HR8DH3X2,水めろん@せー跳,2K5AM4RV0,とろぺりです,475,0,2818,1254800,4,10,2,5,10,8,7,5,51
Q084QHT3Z,学生A,PH0YEPJD8,蓮ノ空北國金沢,1608,17,2820,1254600,4,9,4,7,9,8,6,7,54
9G8SYUY5J,North,BPHHYC793,ソロ専の集い,1284,20,2821,1254400,6,10,8,6,8,6,7,8,59
76AVNNTFP,しらたき,T8X0G07YB,なければ立てる！,1465,13,2822,1254200,2,8,1,5,5,6,6,5,38
XWXG6A8P8,にわぺくん,BH9YH1YL5,ラブライバーの森,1071,5,2823,1254000,1,7,1,5,7,6,5,7,39
UAFTR920R,maho,YNR28303K,りんくらぶ,1075,1,2824,1253800,2,4,1,4,6,5,6,5,33
BNLR2PWN4,かいいぬ,GN1798YEX,ド!ド!同好会,1483,9,2825,1253600,4,7,4,5,4,6,6,7,43
CXDN121V3,ぽ,7NJM1VURM,らんるん部。,521,0,2826,1253400,3,4,2,1,5,4,3,1,23
RLM5TXG16,充電Chite,0J44KFKD9,アサルトガーデン,1014,3,2827,1253200,2,6,1,4,4,4,4,5,30
88BUJG7BL,リリアン,FG5VFFNRK,蓮ノ空おじさん,1181,2,2828,1253000,4,5,4,5,4,4,5,4,35
KP0UUPORZ,エンジャ,UNY76JJDE,ラブライ部,1332,9,2829,1252800,2,7,1,4,7,4,4,6,35
9HXU3ISMP,ちきちき,FJMA5BPPE,蓮ノ空すきすき部,1551,17,2830,1252600,5,8,6,6,5,7,7,7,51
OI5YQ4DH4,あさひ,8FR866PRY,蓮っ子みらくラブ,1442,11,2831,1252400,1,5,1,4,5,4,8,8,36
0XS5ZHTMK,iKona,573J1JVVK,かほかほ,1193,11,2832,1252200,1,1,1,1,7,2,7,7,27
B9EGXV8LE,まつ,RMUU3AH3X,蓮ノ空広島県支部,1422,3,2833,1252000,2,5,1,1,6,4,7,7,33
CFG9N35NH,Eremurus,6YTAMD33M,リリエンフェル党,575,0,2833,1252000,2,2,1,1,2,2,1,1,12
4O2EM1JK9,ケニー,48GTYR1VB,ハラショー！,1159,18,2835,1251800,1,7,1,4,4,4,4,4,29
DG86A7QOY,小原兎歩,J800VVPTN,Aqours,1349,10,2836,1251600,1,6,1,5,6,5,6,7,37
X7CUWKDVA,かりんとう,C0NDBKMRB,すりぃずぶぅ家,1429,2,2837,1251400,5,8,5,7,7,7,5,5,49
K4Y0UMPMJ,圣女琉璃乃,AND13836G,乙宗梢親衛隊,575,2,2838,1251200,1,2,1,2,2,4,1,5,18
TP63C3K9F,本D,AH27N260E,百生信託銀行,463,0,2839,1251000,3,4,1,4,5,5,5,4,31
W05AYP371,なっとう,FE282F3VH,天悶部,1294,10,2840,1250800,3,8,1,1,5,7,1,7,33
80LMREA88,Akanon,AAHB7C276,HaCordVN,866,7,2841,1250600,5,7,5,6,7,7,2,2,41
5MLTEF9KG,たかな,W3YKKRWHG,ルリと愉快な一家,759,2,2841,1250600,4,6,4,5,6,6,5,4,40
Y0VPKFMVH,相良茉優,J800VVPTN,Aqours,1275,11,2843,1250400,2,7,3,6,1,6,4,4,33
BURKV8S3X,じゅうけん,KBJ2P8T0Y,人見知りの集い,1005,12,2844,1250200,4,6,4,4,5,6,6,5,40
1TJXR7L6Q,Wataru,JDAG79TG7,百合ノ空観察部,1316,14,2845,1250000,5,6,5,5,5,6,6,6,44
A3GWMGP35,カ,FH7G62PKW,月火水木金土日,1274,8,2846,1249800,6,6,5,6,6,6,6,6,47
X2ISOX2W3,LumiA,HBUK6F7CC,乙宗梢なりきり部,1435,6,2847,1249600,6,7,6,5,6,6,5,7,48
67M7IXJIY,吱吱狸還是綴綴理,NC2YT2V28,蓮之愛同予者何人,876,5,2848,1249400,1,3,1,7,7,8,1,2,30
B8G6H9HEV,あんてり,GN1798YEX,ド!ド!同好会,1533,20,2849,1249200,10,10,4,5,9,7,8,8,61
K63R4H61A,まさ,ABALH0AL3,楽園計画,1013,9,2850,1249000,3,4,4,4,6,3,4,6,34
XYXX91YLL,機匁,ABALH0AL3,楽園計画,1216,0,2851,1248800,2,5,1,4,6,5,4,5,32
P8YBHFTLP,かんきゅー,PFD9KHMCE,個人用,1101,3,2852,1248600,6,7,2,8,6,6,8,9,52
A61RP1SSI,カイトチトメ,H6CCL64P9,NATTO,1331,6,2853,1248400,5,6,5,6,6,7,6,5,46
0WNUYY1GC,とこ,2VJG66JTH,まったり,1301,15,2854,1248200,1,7,6,1,6,3,8,8,40
MK1UPG0J6,Cooper,DHKUGEWBJ,めぐ党虹ヶ咲支部,1046,4,2855,1248000,5,4,4,5,6,4,5,4,37
9T81DN43A,アークル,2B97MH4YA,同じ話し何回も…,1048,0,2856,1247800,3,4,1,5,6,7,6,4,36
ENSUKO8TQ,ぷみー,R7D4DLE21,とりあえずイベ用,1319,20,2856,1247800,3,7,3,2,6,3,8,5,37
FH6NAKK5K,Kばやし,A73H7ENN2,エロマンガ同好会,879,3,2858,1247600,5,10,5,5,7,7,5,6,50
UILPSAPQM,もぐ,6HV2RH6TU,イベント用、無言,1402,0,2859,1247400,6,7,6,6,7,6,6,7,51
GYYYUFDH2,パステル,07JW71HWG,良いチケで観よう,1156,8,2860,1247200,1,5,1,4,4,6,5,5,31
E1W0L0P26,柳田の星,6YTAMD33M,リリエンフェル党,517,0,2861,1247000,1,6,1,4,5,4,4,7,32
OWDPYJQZ9,ゆう,WN3LHKX0L,レンコンおいしい,1333,14,2862,1246800,3,8,4,4,6,5,4,5,39
4HE04415C,ベーコン,UX96YX4T1,『位置について』,579,0,2863,1246600,5,9,6,4,7,5,4,4,44
DZSEY3WHP,すみっコ,L1VGJTD5P,蓮ノ空お茶会部,1249,10,2864,1246400,1,8,3,4,6,5,5,5,37
MLOI79WFB,やずな,06DCWC1RE,とりあえず参戦用,1095,0,2864,1246400,2,7,2,3,5,6,2,4,31
OBWKL34UC,ﾙﾝ,RXXUPMWB9,待機室跡地観測所,1096,12,2866,1246200,2,5,2,4,5,2,5,2,27
AP758FY7M,yuni88,,,464,0,2867,1246000,1,7,4,5,1,4,2,4,28
AT7Y9CG6Y,ぺーりゆ,CV62FGL1U,花咲かせ隊,1600,7,2868,1245800,7,10,10,7,10,8,7,10,69
1BV67G3IK,ぐっさん,HBK6KCRPP,無言でおけ,1072,5,2869,1245600,6,9,6,8,5,5,5,9,53
P98G1CEUE,のねるーしゃ,XK83VXEED,TUAS,1314,15,2870,1245400,4,6,4,4,4,5,4,4,35
RKRTNWI86,近江楊,H0DV3JJGA,かほさやてぇてぇ,1460,7,2871,1245200,6,8,5,6,8,6,6,6,51
PLL896F5Y,Zeon,RWDWD9PP6,乙宗家の屋敷妖精,1136,5,2872,1245000,5,7,5,4,4,6,5,4,40
5CL7KFCBV,たかぽん,N7GLY2RUW,百生銀行,1274,12,2872,1245000,4,6,4,6,6,6,5,5,42
I8TMVU8IM,薫,HBK6KCRPP,無言でおけ,1627,18,2874,1244800,3,8,3,7,7,7,6,7,48
5PRGNWVYN,okmt,,,915,3,2875,1244600,4,10,6,4,5,6,4,6,45
4TJ80X7KS,マック,8VGXWTV3U,R.opRizm,1164,6,2876,1244400,1,4,5,4,6,7,6,5,38
YBRZQWVP5,てゃかみ,YUVK7R51W,萌え萌え倶楽部,1348,18,2877,1244200,5,5,5,5,5,6,5,7,43
74EP6JMLK,zyd,WEKXHR1VK,散らない蓮の華,278,0,2878,1244000,2,9,1,2,3,2,3,8,30
ZD02D4XBT,かさ322,FH7G62PKW,月火水木金土日,1450,17,2879,1243800,3,4,3,5,6,5,5,5,36
E09RNAVW7,tonkotu,AND13836G,乙宗梢親衛隊,882,0,2880,1243600,2,4,1,4,1,2,4,1,19
Z83W7T8B3,Sion,1GJRB2L30,地元愛蓮沼団,1458,4,2880,1243600,1,4,1,4,5,6,5,5,31
DG1CJYP8B,はくてゐ,G1HBGEKAL,みらぱは飛び道具,1288,8,2882,1243400,1,5,5,1,8,6,1,7,34
GQT54AYSP,Tenshi,YFADYJVW4,FPS好きクラブ,1646,9,2883,1243200,5,6,5,5,7,5,5,9,47
CMDND21FV,まぜっぱ,0UT59MJ8U,かほすこ同好会,1454,7,2884,1243000,4,10,4,4,10,7,4,6,49
J58T7F4U5,和,Y2HV0YEF7,蓮ノ空を応援し隊,1219,2,2885,1242800,2,6,5,6,8,4,6,7,44
CMULRD345,かめきち,N1DJVPGP8,いつでも咲けるよ,1314,8,2886,1242600,1,7,1,5,4,4,4,5,31
0KANTF1WW,Trigger,J800VVPTN,Aqours,708,5,2887,1242400,2,5,1,4,1,6,1,4,24
RP68X0H0M,普通NEKO,HWJ8XPW0T,箱推しなのだけど,1425,3,2888,1242200,1,7,1,4,4,7,4,4,32
T66JRD39A,ゆきち,NJBBTCY3A,かにかに！,1089,0,2888,1242200,6,6,6,6,10,6,6,8,54
FVL8TMV0U,むなくぅ,9YM3DBTB7,泥民館,1384,17,2890,1242000,5,8,4,5,7,6,6,5,46
FB2UK012N,3rdeye,CTW8DKV5P,まったり,1465,12,2891,1241800,8,10,7,7,7,7,8,7,61
EFR83B0RT,ネオンチュ,8M6UDX260,ぽけもん好き,1089,3,2892,1241600,2,5,1,4,5,4,4,5,30
DPX74MYW3,KPP先輩,6WJW7R1TD,さやこずノ休日,1072,4,2893,1241400,1,6,1,4,6,4,4,4,30
Y3WP2794F,梅茶漬け,T2XRMGEAE,蓮根無言会,983,12,2894,1241200,2,5,2,1,7,6,5,7,35
RKDUGJ43M,フラン,GPKTRBCTT,騎空団蓮ノ空支部,1184,8,2895,1241000,1,5,2,4,7,6,7,8,40
1PBU4KO2I,しとし,FG5VFFNRK,蓮ノ空おじさん,1351,18,2896,1240800,3,10,5,1,7,5,2,6,39
FD951GM49,ばれんてぃん,PH0YEPJD8,蓮ノ空北國金沢,1121,2,2896,1240800,2,8,3,4,7,6,6,7,43
2RD670428,なかむら,96M23BV22,高松家,1136,17,2898,1240600,1,4,1,4,4,2,5,6,27
LNP5811EV,ヌオー,BW38LDPRF,蓮浦の星空,1263,1,2899,1240400,1,6,1,4,4,2,5,7,30
D0N3R7B80,ふらわい,N83DW3NYG,†極最強倶楽部†,1058,1,2900,1240200,2,5,2,4,4,4,5,4,30
2JGXJABRE,くまベアー,JA2C658FW,さや綴理の村人,1425,8,2901,1240000,5,5,5,6,9,7,7,7,51
MAAP9VWJV,真横ーン,998H940YN,お嬢様筋トレ部,1132,8,2902,1239800,4,5,3,1,9,4,9,2,37
RAAGABHLD,すわっぷ,BCJRMHE75,梢すきすきクラブ,1431,13,2903,1239600,6,6,4,6,6,6,7,8,49
GPBJPXVUT,すなお,L28X4MDJN,アフター観たいぞ,1252,7,2904,1239400,4,4,1,2,8,4,6,6,35
VKAUR01XJ,ぱるこ,F2CFWVMY9,藤島め組,1479,3,2905,1239200,4,7,4,5,7,4,5,7,43
T2ZMW9GYQ,さけ,CTW8DKV5P,まったり,985,3,2906,1239000,2,5,1,1,2,5,1,4,21
J8JLK282P,うふふ,GKR9TEBYC,毎日がホリデイ♪,1392,6,2907,1238800,1,6,4,4,1,8,6,5,35
6DW7GS7GA,kei02,57HNJ07NK,みらぱ推活最前列,1395,14,2908,1238600,1,8,1,4,4,5,4,5,32
XB4MQS2W5,Ispahan,NC2YT2V28,蓮之愛同予者何人,1699,21,2909,1238400,7,8,6,9,8,6,9,8,61
F1HLNJN9L,ざき,DBHVM0X7P,ガンフィンガー村,1298,8,2910,1238200,3,9,3,5,7,6,5,6,44
BHCTQEOBW,チャラディオン,HBK6KCRPP,無言でおけ,1309,4,2911,1238000,3,6,5,6,6,5,7,6,44
45GD581TM,시현,L28X4MDJN,アフター観たいぞ,1162,16,2911,1238000,3,4,3,4,7,6,4,7,38
BYYMVBM0W,すーーー,03UX84WLY,こやんいくらぶ,592,1,2913,1237800,1,4,1,4,5,4,4,5,28
7GDDHSKDH,憧れのやくも,2L4HJXUUR,アマ研ガルパン班,1285,20,2914,1237600,5,8,4,5,6,5,6,7,46
KBKPD3W89,なろ,85D411XNB,蓮っ子の集い,1060,12,2915,1237400,6,9,6,8,7,7,8,6,57
C06XJ4WDD,みつき,,,1328,8,2916,1237200,3,4,3,3,4,3,8,8,36
N8ND8U4W8,ヌエです@,B4ADNM80X,山本組,929,3,2917,1237000,5,8,5,5,5,7,6,6,47
0N58Y5LMM,サクラギ,X7YM9EG8K,伝統の石川地酒,1115,2,2918,1236800,2,5,9,4,7,5,6,4,42
XDS9B47HK,Roki,2UKNVBMBU,梢ちゃん同好会,1502,4,2919,1236600,2,9,3,5,8,7,7,7,48
TAH75JV3M,猫幡さや,6CLTCLEVT,猫屋さん,770,2,2920,1236400,2,8,1,1,5,4,2,4,27
WBCTVU8GR,ハヤテ,D7H8MN2U4,LLD,1334,3,2921,1236200,4,7,5,5,8,5,4,5,43
KWRFG3WEH,しらたま,LUDNM40F8,ふくふく無言OK,1257,15,2922,1236000,5,6,6,4,7,6,5,5,44
8M0YM2D1H,213,7R8NKPAB1,花帆推し倶楽部,1260,13,2923,1235800,1,4,1,4,1,6,5,7,29
76FXXC1TA,星屑,4WWM4VVDK,蓮ノ空遊戯開発部,633,2,2924,1235600,2,8,2,4,10,4,4,1,35
7ELOYMVYM,KUOTA,YD2XWWFA4,蓮好き好きクラブ,1404,7,2925,1235400,4,7,3,6,7,6,7,6,46
PK9AMV3AH,水橋リョウ,60KU468X3,はっすーず,972,10,2926,1235200,1,10,3,1,2,3,5,5,30
JH3EAKFDR,わらし,P2J37FNLG,乙宗先生指導会,1258,4,2926,1235200,1,4,1,4,5,4,6,6,31
VAHE9G9K8,はー2,JDAG79TG7,百合ノ空観察部,1254,12,2928,1235000,5,5,5,5,7,5,6,6,44
WMMJZI3DW,かのん,0VP15L48C,ハスラー,1484,7,2929,1234800,1,6,2,6,7,7,6,6,41
DVE4T6UNL,すぺ,GR65FP8VN,蓮好き,1183,2,2930,1234600,6,9,7,9,8,9,8,7,63
5C23KT41S,ケロケロ,DHKUGEWBJ,めぐ党虹ヶ咲支部,1206,17,2931,1234400,1,6,1,4,6,6,5,5,34
LEH4EK924,Array,BT22M41DV,梢花帆吟子同好会,1061,7,2932,1234200,4,9,1,1,5,3,3,6,32
FPWL0ALUV,サカイ,7R8NKPAB1,花帆推し倶楽部,1437,0,2933,1234000,1,7,1,5,5,6,5,7,37
L39ED33GF,ナレク,V5WNV1A43,異次元ビリーバー,1243,16,2934,1233800,3,6,2,4,5,5,6,6,37
R56GV2N07,なんとか,LLDLG20UU,UR取り隊,1231,3,2934,1233800,1,7,1,4,5,6,4,5,33
3FOUQ9FU4,海斗,L5L28YLA4,ひとり,1212,4,2936,1233600,1,5,5,4,7,7,8,5,42
PLNHMXFW8,ミクロンごく,C9DAJ6YFV,のんびり,1395,20,2937,1233400,7,10,5,7,8,9,7,9,62
Y5G34JJD6,結城/YT,RNJ306W6N,日曜日よりの使者,601,0,2938,1233200,6,10,8,7,7,5,7,2,52
0E0MK1WCE,てんぱ,06DCWC1RE,とりあえず参戦用,1139,4,2939,1233000,2,8,3,5,4,4,6,1,33
WWA2UST5S,火星帝王,YAD615PCK,蓮を咲かせる泥達,1343,3,2940,1232800,6,7,5,6,8,6,6,6,50
RR0BNJ6QX,ぐりか,CM5THHYHB,「」ノ空だけれど,1334,8,2941,1232600,4,5,5,4,5,5,7,7,42
T8TIB3RYB,跳びポ評論家,D8P64R82T,仮設,1084,14,2942,1232400,4,6,5,4,4,5,5,8,41
RZMJH77DU,りゅーきち,NT2KU5174,こずかほ。,1119,2,2942,1232400,2,7,1,4,6,6,4,4,34
VTRTJEJ7F,つっきー,LT9K2FP23,慈党リンクラ部,942,8,2944,1232200,1,10,8,2,7,4,2,1,35
2LNFWVW61,どんちき田中,407VAU0TT,ログボ勢の集い,909,1,2945,1232000,2,7,1,4,4,6,4,4,32
Q8WWTOPQZ,ハムカツ,5KK3DFY18,MUGEN∞,1413,21,2946,1231800,1,7,1,1,4,6,8,10,38
GGU78Z4C2,ホルティの栄光イ,G59NGM0XA,シュリーレン,1465,19,2947,1231600,1,7,1,4,8,5,5,6,37
2CA34JRAV,あい*,L3NN1RWMY,アポロベイ海賊団,1273,18,2948,1231400,1,6,1,1,9,4,4,9,35
NAU9A067H,塾長,023D2U314,ねむみ,1373,17,2949,1231200,1,7,1,5,7,7,5,5,38
DX0U37839,すいすいスイッチ,X0TFG829Y,ボクのおうち,727,2,2950,1231000,1,7,1,4,5,6,2,4,30
BKT8FKOKM,まつ,JVUNVCT8P,梢先輩のASMR,898,2,2950,1231000,1,4,1,5,6,6,4,5,32
IPKWA6ZPC,稲川淳二,0B8RTHY4D,のんびり屋さん,1131,17,2952,1230800,1,4,5,1,6,6,1,7,31
4LV68ATB7,たう,0CEA9XFKR,蓮ノ空の泥人会,1146,5,2953,1230600,4,5,4,4,4,6,6,6,39
Z8XW3ZGA9,サンポート,R9T0YKDW8,かちまち応援隊,1432,20,2954,1230400,6,8,6,7,8,7,6,6,54
HA7CFLYL3,さとやく,WFPA7YJE1,蓮ノ空文芸部,1020,8,2955,1230200,2,9,2,3,4,5,2,6,33
RJBYA1D2D,ran,AR9HR528A,いろいろ実況,1170,16,2956,1230000,1,5,3,7,6,7,6,6,41
O0TPE4206,ひさか,F2CFWVMY9,藤島め組,1305,3,2957,1229800,6,9,7,7,9,7,7,7,59
80HT9JB67,うみゃん,CM5THHYHB,「」ノ空だけれど,1415,6,2958,1229600,7,10,7,8,10,9,7,8,66
Y3DHG6P1H,penka,8M6UDX260,ぽけもん好き,1287,20,2958,1229600,4,6,4,6,5,5,9,5,44
AR3PP5A2E,ころもち,TD87P23DJ,黄昏の旅団,1072,2,2960,1229400,1,10,1,3,10,7,7,7,46
KDJTR7PVB,ありしあ,K8C99H42D,ルリと喜ド！愛楽,1273,11,2961,1229200,8,10,2,6,6,5,8,8,53
L45HHB1PZ,いっそん,3MW8HDRTF,秘密結社CKC,1275,11,2962,1229000,1,4,1,4,6,7,6,6,35
KQJL49F8B,しゅが〜,K7JJTMPXB,チケキャン,1324,12,2963,1228800,1,4,1,4,2,4,4,5,25
IKIWLVB1B,フィリア,WE4AB37FP,めぐ党,1343,6,2964,1228600,1,8,2,6,8,5,5,6,41
A28D4H38M,Sseason,AGJ215YND,蓮の空中國分校,576,1,2965,1228400,4,3,2,1,8,7,7,1,33
RALEMQTLZ,いか,BYA3FA0X8,無言ぼっち同好会,1259,4,2966,1228200,1,4,1,4,6,5,5,5,31
5T4FL7MCR,ともふみ,BV6N464PB,あむ,1281,6,2966,1228200,8,5,5,5,7,5,9,5,49
NT48TEY6L,ハーメルン,3A63DYH54,LLすこすこ部,1192,8,2968,1227800,5,7,5,5,4,5,4,6,41
34NRW1GFD,おても,6FWRD1K40,いちじょ海賊団,1114,15,2969,1227600,2,5,3,1,5,7,5,2,30
6U65XRUYI,ねこ,MVMP6NNXD,空き時間らくがき,1508,20,2970,1227200,4,4,3,4,7,4,7,7,40
9DM7CC80B,pokki,K44BC8GLR,ことりのダイヤ,1305,1,2971,1226800,2,6,2,4,5,6,5,7,37
7D5ZG24IZ,ザナディウム,CV62FGL1U,花咲かせ隊,1365,15,2971,1226800,1,4,1,5,4,8,5,6,34
2V7LSU58X,シグマ,WHWT61ELR,【無言】ハスノソ,1158,3,2973,1226600,5,5,5,5,5,6,5,5,41
6RFEETJ8E,なな,F8MLHU2NV,乙宗梢様､､､,1474,17,2974,1226400,3,7,4,7,8,7,6,6,48
GIVMVARPP,しゅうがく,J8HXTJ8TB,流し素麺同好会,1215,13,2975,1226200,2,5,1,5,4,6,5,5,33
R2MD0YR85,チカリコ,4202AY8EJ,倶楽部賭郎,1202,6,2976,1226000,3,10,4,6,7,9,4,6,49
APYTHHHY6,ゆうなぎ,YVV9CMBLW,東京公演で沼落ち,1186,6,2977,1225800,7,7,7,7,7,7,9,7,58
A3Y90TW4Z,BlG BOSS,8EP8BFEV7,蓮ノ空女子野球部,905,0,2978,1225600,3,7,3,5,8,6,4,6,42
1PC3GWKN1,はすいけ,XXMU9WLKB,梢の機械さん,985,6,2979,1225400,3,5,3,8,6,6,4,6,41
849WWDRPT,ツルハシ,R083H7WRN,サークル無言,948,6,2980,1225200,4,7,4,4,6,6,2,5,38
VA6RE15YB,くやま,3F0M4HXJE,蓮ノ空まったり部,1298,10,2981,1225000,6,10,6,6,8,7,6,6,55
Y0ZMVBKBG,あおえのき,75UJ5RB97,蓮ノ空雪野球部,1131,3,2982,1224800,4,5,4,4,4,5,4,4,34
EBORUWKED,fumiya,C68491XHB,みらくらぽーく！,1218,1,2983,1224600,4,5,4,5,6,8,6,6,44
P89042FA6,ゆー,TKY73B47T,FREE,816,6,2984,1224400,1,1,1,5,6,3,2,5,24
J7BA3D4F9,ライフ,FVJABCVP3,瑞蓮ラボ,1045,12,2985,1224200,1,6,2,6,9,10,5,4,43
F757VX7UM,せと,WFPA7YJE1,蓮ノ空文芸部,1228,0,2986,1224000,1,9,1,5,8,6,4,5,39
HXNT169GH,きつかわ橘川,919XF8V2V,蓮之空大三腳,570,0,2986,1224000,1,2,2,1,1,4,2,5,18
YR5WZBFHE,L,HBK6KCRPP,無言でおけ,1223,19,2988,1223800,1,5,1,4,5,4,5,5,30
85W7VWKV4,病気は気分の問題,JD1PFYJWE,瑞蓮隊(無言OK,717,0,2989,1223600,2,8,5,3,4,6,4,4,36
A6T93UMW8,ふりふり,JX0BXWNWH,新米蓮好き好きC,387,0,2990,1223400,4,10,4,6,5,6,6,7,48
T47621XML,きままなそらしど,LAP2W049X,りんひな愛好会,956,2,2991,1223200,1,10,1,8,10,4,2,9,45
TYPK1PMEF,坂本,K7LC46V5M,Link！ラ部,769,0,2992,1223000,4,10,10,1,4,7,3,4,43
9YF4B1A7R,ゆりはむ,4RY75CKM4,LLすこ部　メ募,1359,15,2993,1222800,4,4,1,4,5,6,5,5,34
1D6GG1K9Y,よね,G0WRCNRWK,県立沢庵図書館,698,2,2994,1222600,1,7,1,1,3,2,1,1,17
7PFAR6P9H,やより,GW4CH70HK,TKG同好会,1196,12,2994,1222600,2,10,1,4,7,4,5,6,39
3UPVA4G92,オト,NB0HX9KP8,かほてぃあん,1218,17,2996,1222400,2,7,3,1,6,4,8,7,38
BMPLV47WR,オルト,PLBBEX019,待機室目指し隊,1290,5,2997,1222200,1,6,1,4,6,5,4,6,33
4JKRPBA7G,ころも@めぐ党,JDAG79TG7,百合ノ空観察部,1038,3,2998,1222000,2,7,1,4,4,6,4,4,32
Y08K0DWL7,迷子の領分,GNECRHV59,夏の空色,1575,12,2999,1221600,1,9,1,7,7,6,5,7,43
7PXDVGWC2,なかまつ,WE4AB37FP,めぐ党,1359,18,3000,1221400,5,6,5,5,8,7,6,4,46
EWZ6C1W7U,sayu,919XF8V2V,蓮之空大三腳,1081,10,3001,1221200,1,1,2,1,7,2,7,7,28
XF07LRVMA,AL,8FR866PRY,蓮っ子みらくラブ,1313,17,3001,1221200,4,5,5,4,7,5,7,8,45
AQWA9ITUH,ELLE,T8X0G07YB,なければ立てる！,1473,3,3003,1221000,1,7,4,5,7,7,7,5,43
1NVKD76H8,りすの子,BT22M41DV,梢花帆吟子同好会,801,4,3004,1220800,3,8,1,4,3,6,1,1,27
Y6T8DD66M,シンヤ,G0J2F9NAL,さやさやさーくる,1210,4,3005,1220600,1,5,2,4,6,6,5,5,34
UCXYGCR1V,くそいるかくん,CRYB2FJ64,つくよみくらぶ,1254,5,3006,1220400,5,10,3,4,10,7,5,5,49
303KEPAXW,なんとか,U98UKD6RY,異次元フェスP,1335,8,3007,1220200,2,6,1,4,6,4,6,5,34
O5W0KHG41,るりひめぱーく！,B2KV0EVPD,蓮ちゅきクラブ,1262,2,3008,1220000,4,8,5,4,8,5,5,5,44
UTRBVRL7F,Pmegq,2GXEU3TT1,喫茶るりめぐ,527,0,3009,1219800,2,6,3,6,6,6,4,6,39
RGFV55H8A,茶々,8VGXWTV3U,R.opRizm,630,2,3009,1219800,2,4,3,4,5,8,4,5,35
XPVK85R6U,ナギ,CXG25026E,泥のみんなS,1393,3,3011,1219600,3,7,3,4,5,4,4,5,35
7077BN653,Regerets,7XH3K4GBT,LLP,771,5,3012,1219400,3,10,3,3,3,6,3,4,35
8B3186WDL,つた,TCTEAMP9C,虹ちゃん最高！,1562,20,3013,1219200,2,10,1,5,10,6,7,8,49
0JFZAWH4T,あつもり,P2J37FNLG,乙宗先生指導会,1469,20,3014,1219000,4,6,3,2,9,4,8,8,44
M5A4O5IX8,みんと,N2KCENRKH,猫＆旅大好き部,1289,0,3015,1218800,2,6,2,5,6,5,5,5,36
KH9BFVMG1,,NU4AJF9Y4,,762,0,3016,1218600,8,4,1,5,5,5,4,5,37
PBHMENECL,銘名,G8F0M2PH2,アフターウォール,1189,4,3017,1218400,1,5,1,4,4,4,4,4,27
18T943KO7,ポケっス,BT22M41DV,梢花帆吟子同好会,1256,3,3017,1218400,3,7,2,4,5,6,5,6,38
CT5SINOQL,ストリーク,JTX1G19BP,さやかほ癒し会,1255,13,3019,1217800,5,9,5,5,6,6,6,5,47
YL99N1K7L,和田　豊,4RY75CKM4,LLすこ部　メ募,1367,8,3020,1217600,3,8,1,5,5,7,6,8,43
611L8CKNB,みとみと,VP0K6KF0K,蓮ノ空大好き!!,1513,18,3021,1217400,4,10,4,6,7,7,6,10,54
LWRUPM1FR,てとら,85D411XNB,蓮っ子の集い,1326,11,3022,1217200,2,5,3,1,5,3,8,8,35
FZFUYLW6P,とも,79C17CHA2,蓮ノ空出張部,1656,4,3023,1217000,6,10,6,6,8,7,6,8,57
R5Y1F9WW9,なー,X33HHA9F8,アルストロメリア,1324,10,3023,1217000,7,10,9,6,6,9,7,6,60
OQTLVC6VM,この豚野郎！,9DKR4Y2CJ,蓮ノ空老人会,1387,20,3025,1216800,6,8,6,5,7,5,5,7,49
RD5277HR8,なぴ,K25DPPGT9,圧倒的にまったり,1013,5,3026,1216600,4,6,3,6,6,6,5,6,42
B71JRYQJB,おぐりん,Y6JNPC60C,綴理メイト,1472,14,3027,1216400,1,9,1,5,8,6,5,7,42
9A42A8Y5G,ささみ,J3863HD1G,パラデス教,735,3,3028,1216200,3,10,2,3,7,2,2,3,32
YN2NGFRX5,ハンバーガー,XXMU9WLKB,梢の機械さん,1063,1,3029,1216000,2,4,1,4,4,4,5,4,28
797LHH22Y,あこ７３,KGDNX3EF3,ENcircle,1086,12,3030,1215800,2,6,4,4,6,6,4,7,39
R1G94275R,けい,RN5BT2ECF,泥,1084,1,3031,1215600,1,5,1,4,7,4,7,7,36
0EII2DPPH,なぃろ,CTW8DKV5P,まったり,1138,6,3031,1215600,1,5,1,4,5,4,4,4,28
53BVYDQYC,ライト,2ULM366U6,毎日がエブリデイ,989,16,3033,1215400,2,5,1,10,6,3,1,2,30
TVNVCR2FA,和歌,8FXXHE22A,蓮ノ空,1310,12,3034,1215200,5,7,5,7,8,7,7,7,53
TMTXUN0C1,千陽,RBDLWNFFM,ドルスリズパーク,755,0,3035,1215000,2,4,1,4,5,4,4,4,28
JB3UNK057,デランテーロ,YAD615PCK,蓮を咲かせる泥達,1380,3,3036,1214800,2,8,3,6,7,8,6,6,46
78EK7YVO7,WhiTe,YD2XWWFA4,蓮好き好きクラブ,1243,4,3037,1214600,4,7,4,4,6,5,7,7,44
W41S109F6,TsengBW,J83JWJ028,大ㄇㄚˊ露營區,1410,19,3038,1214400,2,9,5,4,9,4,5,7,45
T2T4RPAF2,静安寺ゆかり,9C2FC74H2,overseas,1201,20,3039,1214200,4,6,2,3,3,2,7,7,34
FWCUW7YN4,まふゆ,AAHB7C276,HaCordVN,680,2,3040,1214000,2,10,2,5,6,7,4,4,40
NFYUZ7V8Y,firehooh,EYEPHE14G,花上梢頭,1451,10,3041,1213800,3,7,2,5,7,6,7,8,45
2JN1JV70P,インディ,8MLVA67AK,聖ミリオン女学園,1061,0,3042,1213600,1,7,1,3,1,4,7,5,29
HGNPA40M7,シトラス,W3UUXHMDV,水彩ブーケ,463,0,3043,1213400,7,8,4,6,9,6,8,9,57
XET9BO87Y,たつなが,HBUK6F7CC,乙宗梢なりきり部,1409,7,3044,1213200,2,6,1,4,5,6,7,5,36
UH30X8JR7,あきぞら,YD5YULYRR,ゆる〜く活動,812,0,3045,1213000,5,6,4,4,5,4,4,5,37
GPHHRW7JK,ルイミン,WLFW6UCX5,無敵級ビリーバー,1265,5,3046,1212800,1,5,2,4,5,6,4,4,31
T5CMDEG2W,ほびろん,0JCT9R049,蓮隠れノ里弐,1306,9,3046,1212800,1,9,8,7,8,7,6,7,53
B20V71P72,Kano,AWFDLJ1HC,小蓮花（重生版x,1376,16,3048,1212600,1,7,4,4,4,2,7,7,36
ORYOJADD6,じんちゃ,8M6UDX260,ぽけもん好き,1281,2,3049,1212400,2,6,2,5,7,7,7,7,43
A6FVDXVPT,pura,JX0BXWNWH,新米蓮好き好きC,493,2,3050,1212200,1,4,3,4,4,5,4,4,29
7JKY6A6T8,とりまる,2JVBK752G,卍愛蓮説卍,1066,14,3051,1212000,1,5,4,4,4,6,4,4,32
ZQ3HP3POH,彡紺,GN1798YEX,ド!ド!同好会,1542,7,3052,1211800,4,8,4,6,8,7,7,8,52
GF4PVVK3R,むーん,V0XTK8NVM,のんび〜り,520,3,3053,1211600,1,10,1,1,4,2,2,7,28
KRVGKRBL1,シロン,DALU6BL7L,東方星蓮船,991,6,3054,1211400,3,8,2,5,3,6,6,2,35
YRYBVERHB,いるかす,R9T0YKDW8,かちまち応援隊,1231,13,3054,1211400,9,10,5,7,5,5,5,7,53
J99M467R9,広高,HMBW9DXY2,蓮好き皆あつまれ,960,3,3056,1211000,1,6,2,4,7,4,7,5,36
CABJ2CJYW,せむべる,2JK7E4115,ラ！推し,287,0,3057,1210800,3,7,1,1,7,6,1,5,31
8DZERQGOA,NX(ネクス,GYJHAE1TJ,ゆるゆるアーリー,1317,9,3058,1210600,2,7,1,4,7,5,4,4,34
CMXHVV9LB,ばた,4FN0KWB4G,無言参加大歓迎！,403,0,3059,1210400,1,2,4,1,1,7,4,4,24
7AM4LUE7U,ひまちゃ,N7GLY2RUW,百生銀行,836,4,3060,1210200,5,6,3,5,4,6,4,4,37
DQ63TGY5V,たまい,51CF1LTGY,ラ研連合,1249,20,3061,1210000,1,8,1,4,7,7,7,5,40
KH32NG8LA,やでぃあ,03UX84WLY,こやんいくらぶ,1282,11,3061,1210000,2,4,3,1,1,5,2,1,19
8VV13U8E2,レイジ,7B8K574NX,GEAR,1285,19,3063,1209800,4,9,1,4,5,2,7,10,42
1V9GUJRHV,tekot,6FWRD1K40,いちじょ海賊団,1152,3,3064,1209600,3,7,4,4,4,5,4,5,36
UWR4VKRC7,お台場カノン,N0EXH1CM1,ぱちぱち徒町,1119,12,3065,1209400,1,6,1,4,4,6,4,4,30
9Z2DLEZD7,ひさを@矢澤信者,573J1JVVK,かほかほ,1299,3,3066,1209200,7,10,4,5,10,6,5,6,53
TX8VZDBGI,てるい,L03EYDUJB,梢に芽吹いた蕾,1417,3,3067,1209000,7,10,5,7,6,6,6,8,55
ELURNGUDH,とーすい,L28X4MDJN,アフター観たいぞ,1264,20,3068,1208800,7,8,6,7,7,7,7,7,56
HWACPEW7I,うーどん,828YTYAA9,箱推し社畜の部屋,1223,15,3069,1208600,2,5,2,4,4,6,4,4,31
G0URX5UTJ,狐草子,KC1W74B9B,蓮六園,752,2,3069,1208600,2,7,5,1,1,2,5,6,29
29X23DFF9,migse,A3X92L6YU,お試し用サークル,513,2,3071,1208200,2,4,5,3,4,5,1,1,25
UN18BWAH4,常盤@命,58FD7UF8J,としとしサークル,1427,5,3072,1208000,5,7,5,5,5,5,8,7,47
P4KCF883B,AC,0XUV5025C,めぐめぐバブり隊,1406,10,3073,1207800,4,7,4,6,5,5,4,5,40
FF3EBJ25M,かんばらい,YDYH4VRRP,レンクウ,1194,7,3074,1207600,3,7,4,3,8,3,4,5,37
JJ0PFAA1T,おこめ,5YXVKDEKV,サークル(仮),737,2,3075,1207400,1,7,4,7,7,7,6,8,47
17RL4149C,みどりひすい,424NLTEE8,無言な異次元部屋,1251,3,3076,1207200,1,6,1,4,6,2,5,7,32
T853326MT,マスターデュエル,PLBBEX019,待機室目指し隊,1215,3,3076,1207200,2,7,5,5,5,5,6,6,41
4H3JZAXY7,ハクイ,3HDDYR4FU,旅人,1253,4,3078,1207000,1,6,5,2,8,2,9,9,42
75DB78TWE,はね,DLF2YK8WN,サクサクサーカス,1035,5,3079,1206800,1,5,1,5,4,3,4,1,24
LV8N78XU4,たまごパン,3BE2RELRC,見晴台,555,2,3080,1206600,1,1,1,8,5,6,1,1,24
0BSYS4QJO,金沢八景,HWJ8XPW0T,箱推しなのだけど,1384,8,3081,1206400,4,6,4,5,6,6,5,7,43
RT368S6CZ,やべっち,2VJG66JTH,まったり,1303,20,3082,1206200,5,9,4,5,5,6,4,6,44
04OJ29Z4I,たーしー,Y2R7E79U3,カワウソ同好会,1286,15,3083,1206000,4,6,3,4,6,6,4,6,39
79BJRC13C,スターダスト,J5CKL5YPX,ログイン勢かもん,844,5,3084,1205800,1,10,5,7,8,7,2,1,41
TJ3CMFFTX,芦屋ねる,K4TAHF9YA,はすっこ準備室,1207,12,3084,1205800,5,7,4,9,10,5,3,9,52
QYCYJQ8OZ,スラ,3FF3NB77X,せーはす愛好会,1301,4,3086,1205600,1,7,3,4,7,5,4,5,36
7XMCUNJF8,まぐ,Y2R7E79U3,カワウソ同好会,1264,15,3087,1205400,3,10,7,6,9,7,6,6,54
W4MHW45VG,puyo,CRYB2FJ64,つくよみくらぶ,738,2,3088,1205200,5,7,2,7,4,4,7,3,39
T1LNX4A3H,こうhaya,JDAG79TG7,百合ノ空観察部,1028,9,3089,1205000,5,6,5,5,5,7,5,5,43
THLNH2PQX,たくやん,M8FM7P139,蓮ノ空ひとり旅部,1247,0,3090,1204800,3,3,1,1,2,2,1,1,14
59CXAK4KV,感听,F8MLHU2NV,乙宗梢様､､､,725,0,3091,1204600,3,5,3,6,6,3,4,7,37
JX41CPFEV,美晴,N3YMU1HNU,サークル名を入力,1074,5,3092,1204400,4,6,6,4,4,5,6,4,39
ABDJG7XLX,そろまぜ,C8A9CTB34,蓮ノ空山岡家部,1405,1,3093,1204200,4,7,4,4,6,6,7,6,44
5MJ8ERC0U,ちゃこ,Y6JNPC60C,綴理メイト,885,9,3094,1204000,1,4,3,1,3,5,1,1,19
M1WTT4WGN,いぬ,W26TRPM1R,めぐ党藤島派,1367,5,3095,1203600,2,7,1,5,4,5,4,8,36
WKGE7FPKF,クロックムッシュ,AXG81GPMP,蓮ノ空マタギ部,1035,13,3096,1203400,1,4,2,5,1,4,4,1,22
EXFXHRJY2,空振り,MU7M5NFXM,蓮の振替休日,1533,20,3097,1203200,7,9,7,6,9,6,6,7,57
LE17614P2,たいやき,0VP15L48C,ハスラー,1375,11,3098,1203000,1,4,1,4,1,6,7,7,31
YD8BH8Y4W,りぜ,KXU941RFJ,梢先輩おめでとう,796,2,3098,1203000,7,7,7,7,8,8,7,7,58
9UD0Y33U6,ぶりぶりざえもん,WEKXHR1VK,散らない蓮の華,596,1,3100,1202800,5,10,7,5,9,4,1,9,50
7ZFC8RSJ2,かがみもち,7DWNRBTGA,なにもしない,1022,0,3101,1202600,3,6,3,5,5,6,5,5,38
DI8P4HEN1,Chupigel,J80MEYHBC,Nymphaea,1375,20,3102,1202400,1,8,1,4,6,6,7,5,38
T1RC9W5XT,花梢,V6DV6KETG,梢好き好きクラブ,1344,16,3103,1202200,5,6,5,5,5,5,8,9,48
TQA69D4WC,とべわき,YUBB47UXH,ソロプレイヤー,1286,13,3104,1202000,1,5,1,4,4,6,4,5,30
RUJNOUZQ6,ちくでん,1GN44H48G,かほめぐ好き好き,805,3,3105,1201800,1,9,8,5,1,3,4,1,32
1OTQLFCB6,かじー,VXDPPJJL1,蓮ノ空リボ課金部,1424,10,3106,1201600,2,8,6,5,10,5,7,7,50
44NRA3FYG,ティタ,FG5VFFNRK,蓮ノ空おじさん,1163,4,3106,1201600,1,7,1,4,6,6,5,4,34
41R2AG7HK,テリヤキ,DKNHY5HH6,なす料理研究会,1174,14,3108,1201400,3,7,3,4,6,5,4,6,38
90BVR94X0,たらこ,W09WBG3HY,どろんちゅ,1080,6,3109,1201000,6,9,5,3,3,4,2,7,39
JDBC73V2E,缀星拥月•音,919XF8V2V,蓮之空大三腳,673,2,3110,1200800,3,5,1,1,4,4,1,1,20
PD8AVB2VF,レオン,VLY5JDKCV,新規なのだけれど,582,0,3111,1200600,1,5,1,1,6,4,2,5,25
E4R5CUM51,give up,HWJ8XPW0T,箱推しなのだけど,610,0,3112,1200400,1,4,1,4,1,5,4,5,25
LX1P1G5RA,幻想,3A63DYH54,LLすこすこ部,400,0,3113,1200200,3,5,1,4,1,5,2,4,25
KUBMB2477,きゃむ,NJBBTCY3A,かにかに！,1098,2,3113,1200200,5,6,5,6,4,5,4,6,41
0YBGVY4TT,ゴルシのにんじん,ANCNM0UPK,スクスタ適当部,1312,16,3115,1200000,3,10,10,4,6,3,4,7,47
F7YHE8NEJ,ﾋﾟ!,9FF5JBNDF,めぐすきクラブ,1080,5,3116,1199800,1,6,1,7,6,7,6,6,40
E1C2AL973,ラー油,6YTAMD33M,リリエンフェル党,447,0,3117,1199600,2,4,4,4,4,6,4,8,36
YQJ5WBDUB,にゃるろって,BKUHCT7WF,蓮女お嬢様部,1364,11,3118,1199400,1,5,1,4,5,4,5,5,30
Q1Z2JNSO2,sit,2K5AM4RV0,とろぺりです,1321,4,3119,1199200,4,5,4,4,4,5,4,5,35
HU31WK3D9,5884,LUDNM40F8,ふくふく無言OK,1402,20,3120,1199000,5,7,5,6,7,8,6,7,51
L0GGMVF58,るあー,0JY7F3EKU,さやか愛でる会,544,2,3121,1198800,4,8,2,1,4,2,3,4,28
J8RYU36VL,KiRA,05KN1RR3U,さやかほ花卉園,1200,20,3121,1198800,3,5,3,3,7,2,9,8,40
BYCYXJX0X,バネ,DLF2YK8WN,サクサクサーカス,667,0,3123,1198600,3,8,1,4,7,5,4,4,36
1P7HTVO16,PNZ,GPAAHVHCL,蓮ノ空地学部,1270,3,3124,1198200,3,5,1,1,8,4,7,8,37
M2MEG8J22,りっぷる,WCUAMVY9X,ゔんゔん會,1231,2,3125,1198000,1,10,1,4,4,4,9,4,37
TQFNG8BHT,「ymtn」,NMT63RUDV,泥村,1322,12,3126,1197800,1,8,1,4,7,5,4,7,37
WT55MYHAL,マルマイ,C9DAJ6YFV,のんびり,1064,2,3127,1197600,4,7,1,5,8,2,7,7,41
Z10C54BRE,ぽん,8JMW9G2XW,僕らのリンクラ！,1391,20,3128,1197400,5,6,5,4,5,3,8,7,43
Q67XTYECL,ソウゴ,X33HHA9F8,アルストロメリア,1177,20,3128,1197400,2,8,1,1,3,3,7,7,32
57F2XTM1W,IFMIYUKI,2VJG66JTH,まったり,1447,20,3130,1197200,3,8,3,7,6,4,7,8,46
S8E2XZ4MQ,レイ・オーキス,3HDDYR4FU,旅人,1322,12,3131,1197000,1,6,1,4,6,4,4,5,31
WGCG33U6A,じゃすこ,Y2P9LABR2,スクステ同好会③,1418,17,3132,1196800,6,5,5,7,6,8,7,8,52
1NLWKNVGF,みるく,JDAG79TG7,百合ノ空観察部,1094,18,3133,1196600,2,5,1,1,5,8,1,5,28
7EXOPG4TJ,さくらうちすと,0B8RTHY4D,のんびり屋さん,1284,14,3134,1196400,1,8,1,4,7,5,7,7,40
KUUTON1SR,タケウチP,T3XUTYGC3,隔離病棟,1212,7,3135,1196200,8,10,10,5,7,5,2,10,57
KOKCWZR82,mstk,N8L41JAA7,無言 ノルマなし,1409,15,3136,1196000,1,6,1,7,8,5,7,7,42
E6YPBXKLJ,ぺっぴぃ,BTVC9G95X,FES用,1003,7,3136,1196000,1,6,1,5,7,5,4,7,36
C3H8JWVF3,みつ,RA1676TKK,蓮の空好き好き部,847,7,3138,1195800,4,9,4,3,3,3,2,2,30
VGYN8M9J4,西枕,424NLTEE8,無言な異次元部屋,1252,10,3139,1195400,1,5,1,5,5,4,5,7,33
CNMIWIHQT,ぺぺ,JVUNVCT8P,梢先輩のASMR,1212,3,3140,1195200,2,5,1,1,4,4,1,5,23
T9CFRYFDV,あにき,9YM3DBTB7,泥民館,1532,18,3141,1195000,1,7,1,5,5,6,5,5,35
TW3WYR59V,サイと鵜,PH0YEPJD8,蓮ノ空北國金沢,1174,20,3142,1194600,4,8,4,4,5,5,5,5,40
NDA9M2JGD,LOVESICK,WHWT61ELR,【無言】ハスノソ,1330,3,3142,1194600,1,5,1,4,5,6,4,5,31
HGR6O7483,Masumiy,HMBW9DXY2,蓮好き皆あつまれ,1287,9,3144,1194400,2,6,1,4,7,5,4,5,34
O8R6M8UP4,たけうま,ABU58EVJ2,Quatuor,1471,14,3145,1194200,1,9,1,4,7,6,4,5,37
95LWACFPU,塩パスター,NJBBTCY3A,かにかに！,740,0,3146,1194000,2,7,1,4,7,4,4,5,34
B5KPAWVLC,Sonny,J80MEYHBC,Nymphaea,808,3,3147,1193800,2,10,2,1,4,8,1,3,31
33H0H9UB9,ゆうめ,F90XW14UP,のんびりプレイ,1293,7,3148,1193600,2,7,4,6,5,6,5,5,40
E01ZW4GUK,のものも,424NLTEE8,無言な異次元部屋,1451,4,3149,1193400,6,7,5,5,7,6,9,7,52
058NPDFBK,shiro,9UKKACGDU,蓮っ子CLUB,1371,20,3150,1193200,1,4,1,4,5,5,5,5,30
A8FLKFA0G,ユニット,XPRA8TRVE,蓮ノ空ロボット部,1383,6,3150,1193200,1,9,1,5,3,4,5,7,35
YSREUVJ5U,ハーツ,X8YD59KBX,16代目いぶき組,1591,9,3152,1193000,1,7,1,5,6,6,7,7,40
UVVMPCE4P,ham,FH7G62PKW,月火水木金土日,1181,6,3153,1192800,7,8,7,6,8,7,6,7,56
2PHKWCK4B,山,HWJ8XPW0T,箱推しなのだけど,1220,4,3154,1192600,4,7,4,4,4,4,5,7,39
8EPD5SIG7,シャロ,A3472CNJE,ハントン✿ライス,1145,16,3155,1192400,1,5,3,4,7,8,5,1,34
O98OIJEXZ,ルルドルフ,3FF3NB77X,せーはす愛好会,1364,19,3156,1192200,3,7,1,5,9,6,5,7,43
EM89XFV5T,Nao,RWG56GK19,e+本社ヲ爆破ス,1268,8,3157,1192000,5,6,5,5,5,5,5,7,43
H818KNP80,ゆー,2VJG66JTH,まったり,1228,10,3158,1191800,2,7,1,5,5,4,5,7,36
N6B21UPFM,go57,BT22M41DV,梢花帆吟子同好会,1273,16,3158,1191800,4,6,4,4,5,6,5,4,38
VTMNJBVVX,Racuto,FB6FUKAD3,あ,657,3,3160,1191600,3,10,5,4,10,3,2,1,38
CJB5HYVP1,you,GR65FP8VN,蓮好き,1113,14,3161,1191400,2,8,1,5,6,6,7,7,42
1R8HTKY4Y,すなよ,4XRHRYDW4,無言でエンジョイ,1600,21,3162,1191200,5,10,5,5,7,5,9,9,55
4A01WZ7LP,りんがべぇ,7AATUNUPE,無言サークル,1424,10,3163,1191000,2,6,1,4,7,2,8,8,38
ID8YOIXB9,オラL,FE282F3VH,天悶部,1262,1,3164,1190800,1,2,1,2,1,3,5,1,16
SU704Y57D,ShiP3,HPTHY23VR,蓮ノ空文芸部,1141,14,3165,1190600,3,6,3,4,6,5,7,2,36
1VV281AK6,aqclk,T045NDKW0,♬さやか愛好会♬,1430,16,3166,1190400,2,5,3,3,6,3,5,7,34
NSU3TCVRR,ぬぬ,WTJV514G9,蓮ノ空のお弁当屋,1294,2,3166,1190400,1,7,1,4,6,4,5,5,33
EPDD5K9E3,sein,L1VGJTD5P,蓮ノ空お茶会部,970,0,3168,1190200,1,6,1,5,7,7,6,5,38
3WVPAVLKH,R,9W43TY3MB,兎小屋ｼﾏﾘｽ部,1042,4,3169,1190000,1,7,3,2,3,4,6,5,31
8A0I1NK5Z,hina,T2XRMGEAE,蓮根無言会,1022,4,3170,1189800,3,8,1,7,7,5,3,7,41
M2JF48R82,くぼ,53M4V2BVG,吟子の髪飾り,1023,4,3171,1189600,1,4,1,4,4,4,4,4,26
4HG5APMFG,こけ,G6EH0KHT7,なんもわからん,1126,6,3172,1189400,2,5,1,4,4,6,4,4,30
B9DWARWMT,あ,AKF49TD3T,なんか,1158,9,3173,1189200,1,4,1,4,7,4,6,5,32
2R7A1GAWJ,あわ,2JVBK752G,卍愛蓮説卍,651,0,3174,1189000,10,10,3,8,4,2,2,10,49
UDW2JEGEN,シロ,J7N4W6Y1K,こずミックラブ♡,1022,11,3174,1189000,6,10,6,6,7,8,6,6,55
G94P2P1DG,水曜日のさばかん,VXF8P7NDC,どんぐり。,1498,17,3176,1188800,9,10,10,9,9,9,9,9,74
YB23XF0RJ,ado2,BPG4D3VMA,不明,1142,2,3177,1188600,1,5,1,1,8,2,1,7,26
JC18R59JE,♨️,9WPD78N1A,蓮ノ監獄,624,0,3178,1188400,1,5,4,4,3,6,4,4,31
769EY8FXW,シュート,HMBW9DXY2,蓮好き皆あつまれ,1626,20,3179,1188200,7,8,7,7,8,7,8,8,60
JBOCD3MG8,りす,L1VGJTD5P,蓮ノ空お茶会部,1309,8,3180,1188000,1,7,1,5,5,6,5,5,35
F9QPIAAE0,ライ,J8HXTJ8TB,流し素麺同好会,1385,9,3181,1187800,2,6,2,2,6,5,7,7,37
X44YY88DK,ゆいまりん,2GXEU3TT1,喫茶るりめぐ,724,3,3182,1187600,4,7,4,4,5,7,4,1,36
311FP9JJ1,インネン,B1KYU3XF8,LG lotus,694,2,3182,1187600,1,5,6,4,5,4,6,3,34
EP6RG2U8L,ルナズ,8VGXWTV3U,R.opRizm,489,3,3184,1187400,2,6,4,5,1,6,1,2,27
41CZGSH71,Akanasu,KFC62L0FV,ねるねる同好会,1329,7,3185,1187200,3,6,3,4,3,6,4,5,34
L4GWK959D,まいまい,3HDDYR4FU,旅人,1291,0,3186,1187000,4,6,4,3,5,5,3,5,35
X64FJD6HD,へろ太,MTBP3B4GM,ふらわーすきすき,1163,1,3187,1186800,1,7,1,5,7,6,6,7,40
7R1SZ5PEX,Yuuki,NC2YT2V28,蓮之愛同予者何人,1365,15,3188,1186600,1,4,1,4,5,6,5,5,31
EP8F2M7J8,ば,GN1798YEX,ド!ド!同好会,1121,14,3189,1186400,6,8,6,6,6,6,6,6,50
MQ74LJ95I,蜥蜴,DALU6BL7L,東方星蓮船,1468,21,3190,1186200,1,7,1,1,7,3,8,7,35
WJKT5Q7AE,とし,T8X0G07YB,なければ立てる！,1634,17,3190,1186200,8,8,8,8,8,8,8,8,64
FPF0WNKJ1,KubiAwei,D7UA5ER1E,UR報酬欲しい！,1091,14,3192,1186000,1,5,2,7,4,4,4,4,31
LOU9HC7N6,ネスサン,6045Y2RW7,ポチっと！蓮ノ空,1410,6,3193,1185800,1,8,6,4,8,4,4,8,43
FPT5XEBVO,ゆゆゆーき,R1RM3X0WV,後方腕組みオタク,1109,6,3194,1185600,2,5,1,4,4,4,4,5,29
BE00KEVF8,なかたに,V4AVCR6C1,なかやま,362,0,3195,1185400,1,2,2,2,2,2,2,1,14
C2NMDFKG4,金木犀,919XF8V2V,蓮之空大三腳,1172,12,3196,1185200,5,5,5,6,5,6,7,5,44
QXUY100AW,SUPER-G,3LPBPHL3V,壁の民の伝説,1392,11,3197,1185000,1,8,5,5,6,6,4,6,41
6TL64G238,さんしん,GYG7B5R36,幼馴染同好会,744,0,3198,1184800,5,5,5,6,6,6,7,6,46
CVAZ525CV,柊園ノ使徒,MG2RMMN2B,欲にまみれた梢,980,2,3198,1184800,1,4,1,4,4,4,4,4,26
9WD164N1T,ね,H837E0M9R,沙知先輩大好き部,968,8,3200,1184600,1,4,1,5,7,3,5,7,33
9J2XUETVL,全方位せーはす,57UT319NN,蓮ノ空同好会,316,2,3201,1184400,6,8,2,1,3,4,1,1,26
RUPPM0KC6,ティーガ,L1VGJTD5P,蓮ノ空お茶会部,1030,4,3202,1184200,1,8,1,4,9,6,4,4,37
0NU6WW4V8,イーロ,DFFYFJ2B6,つづさや好き過ぎ,1485,19,3203,1184000,1,7,1,5,7,5,5,7,38
B9YPWPJ08,アル,KGDNX3EF3,ENcircle,1261,11,3204,1183800,10,9,1,1,4,5,2,7,39
8TL4RB208,trista,NC2YT2V28,蓮之愛同予者何人,1202,14,3205,1183600,1,4,1,4,4,8,5,4,31
PAJWEEFBW,イワーク,73N4AB3LR,かほ子のイオン,1382,11,3206,1183400,3,5,1,4,6,4,4,5,32
CDGR11BZY,ヒロ,D7H8MN2U4,LLD,1376,9,3207,1183200,3,7,4,4,6,6,5,5,40
002NF9D55,たけ,GKR9TEBYC,毎日がホリデイ♪,1239,16,3208,1183000,1,7,2,1,2,3,1,4,21
N6VKC2U4W,sin,1UBNNHVLG,蓮箱推し（仮）,1235,20,3209,1182800,1,9,6,7,8,8,8,7,54
DGYYEEB8G,どんべ,1618JMRED,リンクラ自習室,1062,3,3210,1182600,2,5,1,4,4,5,4,4,29
VGO2EFWW3,わいず,6HV2RH6TU,イベント用、無言,1118,7,3211,1182400,4,6,4,4,5,5,4,4,36
B2W4CLPYL,ZAQ,43HRXMXWA,無言OKクラブ,884,4,3212,1182200,4,5,5,6,1,7,2,1,31
V3T5AISVN,ttrrr,L28X4MDJN,アフター観たいぞ,1303,10,3213,1182000,4,4,4,4,4,5,4,7,36
WVPC97YAQ,いちご,08NLGTWVL,みかんじゅーす,634,0,3213,1182000,5,7,1,5,4,4,4,4,34
3MU2UPJ8P,おいしい水,Y2HV0YEF7,蓮ノ空を応援し隊,1471,7,3215,1181800,3,7,1,1,7,5,6,5,35
FD147GB86,つづりんでぃあ,GR65FP8VN,蓮好き,1263,11,3216,1181600,1,2,1,1,1,3,8,8,25
LP8AB7PXF,タカ,95YCCGJJG,あまね部蓮同好会,922,6,3217,1181400,2,8,7,8,3,8,1,4,41
RXWLWJDXZ,ジンハオ,V6DV6KETG,梢好き好きクラブ,1241,19,3218,1181200,1,7,1,4,5,6,4,4,32
86FM6E7BE,あぽめしTV,3BE2RELRC,見晴台,1338,5,3219,1181000,1,6,1,5,5,4,5,1,28
H5T2597E1,chill,R8C4YP82A,蓮ノ蓮,1019,9,3220,1180800,1,10,3,1,6,2,5,5,33
53R2Z3OK7,TJ,EE4BKR0AR,まったりプレイ,1021,0,3221,1180600,2,5,1,4,5,4,4,6,31
655IAB6QB,きらP m@s,G8F0M2PH2,アフターウォール,1207,14,3221,1180600,1,5,3,1,1,4,4,4,23
DOEFYHPS5,青いバラ,Y2P9LABR2,スクステ同好会③,1277,9,3223,1180400,6,6,5,6,6,5,6,6,46
74C00PR0G,火掻き棒,G8K4NUR4T,ステージ創造科,858,2,3224,1180200,7,7,3,4,4,5,4,5,39
JDCJWDH51,りそな,9P9EPKFHE,無言参加OK,538,1,3225,1180000,1,6,1,1,1,7,2,1,20
2095QHQJ4,ことぶき,1F5EPPMLD,UR貰えればいい,1223,9,3226,1179800,1,6,1,4,5,7,4,4,32
6PN8H5VD3,Gzom,60KU468X3,はっすーず,653,0,3227,1179400,1,8,3,4,4,5,4,5,34
WTWXCYGKM,ガチとまと,FG4170141,♪さやか愛好会♪,687,0,3228,1179200,4,4,2,1,1,3,1,7,23
VJI2EEBJB,SRパンダ猫,B1KYU3XF8,LG lotus,1409,15,3228,1179200,1,5,2,4,5,2,5,1,25
PJYEBRURT,しょーじ,CTW8DKV5P,まったり,1271,14,3230,1179000,5,5,5,3,3,3,8,9,41
8LE4JJI1J,せいちゃん,7U20138DB,LGP,1492,20,3231,1178800,3,10,5,4,7,5,5,7,46
B1M12TU35,SSしまむら,GMEF2K8DL,花咲く泥も好き²,1319,4,3232,1178600,1,6,1,5,7,6,6,5,37
HOF4O4KP7,sin,JE7V5MM31,蓮ノ沼に沈んだ泥,1585,20,3233,1178400,5,9,9,4,7,4,4,6,48
R9FM17334,ころろろろ,HKETDDCK6,ぼっちざ蓮!!,1275,8,3234,1178200,2,4,1,4,7,6,5,6,35
U0B63PU5M,ゆゆ,7R8NKPAB1,花帆推し倶楽部,1119,6,3235,1178000,1,4,1,4,5,5,5,7,32
UTNMT95K2,ゆり,X7C21B7H7,泥,751,2,3236,1177800,6,10,5,5,6,9,5,5,51
KLM8ADVXO,Digi,7XH3K4GBT,LLP,1280,19,3236,1177800,6,8,5,5,10,8,6,6,54
W5EAA1RLS,AOシロ,6D49YVAT7,ユニット愛で隊,1289,9,3238,1177600,1,6,1,4,5,5,5,7,34
UYB36NK20,冷麺,ULGVU4B0G,約束のBAR7,1325,20,3239,1177400,2,4,4,1,10,9,7,6,43
JD7REC13L,ヴィク,0B8RTHY4D,のんびり屋さん,736,2,3240,1177200,2,7,1,1,2,4,6,6,29
IZ48INGKV,りきちゃん,4RY75CKM4,LLすこ部　メ募,1015,7,3241,1177000,1,4,1,7,7,6,1,5,32
5M848HC79,てら,DE0AR875T,バーニーAS,809,2,3242,1176800,2,6,1,1,4,4,1,4,23
14C6YP2G2,わんわん,E76N52LMW,イベントのみ,965,0,3243,1176600,2,4,1,5,4,6,5,5,32
1JX3P6OC5,なづ,DKNHY5HH6,なす料理研究会,1344,7,3244,1176400,5,9,5,5,8,7,6,6,51
W5XVLMYVJ,いけぱん,T2XRMGEAE,蓮根無言会,1058,12,3244,1176400,1,7,1,4,4,6,4,4,31
5XDRUYKDY,りんおう,VP0K6KF0K,蓮ノ空大好き!!,1214,17,3246,1176000,6,8,6,6,6,6,6,7,51
VL5H09GYG,201♡217,GYG7B5R36,幼馴染同好会,1344,20,3247,1175800,1,8,4,1,4,2,8,8,36
DNWNNJFPR,雪珠,KANLFTMVJ,蓮ノ空中文同好會,1223,20,3248,1175600,1,10,3,1,9,4,7,7,42
2T11VTVES,terarati,4WWM4VVDK,蓮ノ空遊戯開発部,1761,15,3249,1175400,2,4,1,1,4,4,9,6,31
N0CIHKTRY,むらさき,6U5YRWNNY,あすて☆りずむ♪,1376,2,3250,1175200,6,6,6,6,7,6,4,6,47
EDV2MVK0V,☆贄殿遮那☆,05KN1RR3U,さやかほ花卉園,1219,20,3251,1175000,2,9,1,4,5,6,5,5,37
16EL0H18C,霞,7NJM1VURM,らんるん部。,1007,8,3251,1175000,2,10,5,5,7,2,4,1,36
KEA9AE70L,Fesia,0XUV5025C,めぐめぐバブり隊,1322,5,3253,1174800,1,5,1,7,6,4,5,5,34
GAD6V36Y6,かるち,VXF8P7NDC,どんぐり。,964,4,3254,1174600,1,8,1,4,5,7,4,5,35
FCE0ELG0D,撫公,WN3LHKX0L,レンコンおいしい,652,0,3255,1174400,10,9,7,5,5,6,7,4,53
U6WJPTGAF,demidar,PDMPF3VVV,r/LL,1063,8,3256,1174200,2,5,2,4,7,4,4,5,33
JBU2WDK9D,らっきょ,W09WBG3HY,どろんちゅ,1125,14,3257,1174000,3,6,1,5,5,5,4,5,34
XZT84Y0BM,ケー,W26TRPM1R,めぐ党藤島派,1347,10,3258,1173800,7,8,7,8,7,7,6,7,57
JCE2YP3IN,ショコラ,WJY2HK6A5,蓮の空イベント部,1349,20,3259,1173600,2,6,4,4,4,6,6,6,38
27JFRY8KM,Via,UVK38MFR2,蓮の虚無サー,1013,8,3259,1173600,1,10,1,5,6,7,1,1,32
65J3TWC4M,アイス,8M6UDX260,ぽけもん好き,1320,2,3261,1173400,4,6,1,5,2,3,6,1,28
3D29V5EEW,阿僧祇,1YHDY3DR3,蓮の咲く池,880,1,3262,1173200,6,5,4,4,5,5,5,4,38
Q511Y9BHJ,ななみ,GW4CH70HK,TKG同好会,1045,14,3263,1173000,3,6,1,4,4,4,4,6,32
ZP8FL308E,楓,07JW71HWG,良いチケで観よう,1157,5,3264,1172800,1,4,2,6,8,6,5,1,33
0IFS761K4,さくら,RM7N1JDB5,無言推奨不干渉会,1298,3,3265,1172600,1,5,1,5,6,6,5,5,34
8K0Y5W34P,「斑鳩」,UHF5Y8PEF,さやちゃん倶楽部,1445,5,3266,1172400,1,9,3,2,4,5,1,2,27
B4UKVJG1R,いじゅ,BCJRMHE75,梢すきすきクラブ,827,3,3267,1172200,4,6,1,4,4,2,4,5,30
MAHE1NVHG,シトロコ,KBJ2P8T0Y,人見知りの集い,1463,15,3267,1172200,1,7,1,4,5,6,4,5,33
F43X37134,いさっち,YXKR0GGM4,蓮ノ空好き好き,1374,12,3269,1172000,7,7,7,7,7,7,7,8,57
8LM0J5QVT,らじたろ,VNXM47FN9,機械さん専攻,1147,2,3270,1171600,1,4,1,5,5,6,4,4,30
KLUX6726R,Ted,FH7G62PKW,月火水木金土日,1379,11,3271,1171400,6,6,6,6,6,6,6,6,48
BBVXVKXYD,ヨシノボリ,8R49BTWW6,蓮女お嬢様クラブ,1206,7,3272,1171200,1,4,1,4,5,2,5,7,29
R8GYUW1YV,アルマータ,UVK38MFR2,蓮の虚無サー,833,3,3273,1171000,2,7,4,4,7,6,4,4,38
PI43ZYSVG,ゼロオル,GVT61ATX0,なのだけれど,1414,0,3274,1170800,2,6,1,5,5,6,6,5,36
B2X1CHG1K,546,H1XNGBDFT,ちーむUK,970,10,3274,1170800,3,7,4,3,6,4,6,7,40
CINHGY203,村雨丸,7U20138DB,LGP,1399,16,3276,1170600,2,6,1,4,7,3,10,10,43
FW5B2P4BS,オレンジペコ,NN4U6NV2W,蓮ノ空好き好き〜,1297,2,3277,1170400,1,7,1,5,7,6,5,7,39
NKA074DXL,なべさん,PLBBEX019,待機室目指し隊,1202,16,3278,1170200,9,10,7,5,8,7,6,6,58
YVX2HMVVO,ふえふえ,F2M746D4B,頑張らないクラブ,1054,7,3279,1170000,3,3,1,5,7,5,2,5,31
TAE0BR8R7,駄犬,NMT63RUDV,泥村,1177,0,3280,1169800,5,5,4,4,6,6,6,6,42
7FGWUEGLZ,クリアー,J8HXTJ8TB,流し素麺同好会,1635,10,3281,1169600,6,9,6,7,7,8,6,8,57
5LT3LJ3EG,gamoti,FK5MUK0ET,くる♡すきクラブ,851,4,3282,1169400,2,9,1,1,4,4,4,7,32
9QLNQVRWX,はゆ,5V9TDD4NF,みんはや蓮ノ空部,1034,7,3282,1169400,3,8,4,7,9,5,3,6,45
SYWTDWS98,iga,4YTFBJAMP,HanaHana,1598,5,3284,1169200,3,8,4,6,7,6,6,7,47
7R1RLWKBW,おいかぜ,WWWUTP96L,異次元からキマシ,1130,18,3285,1169000,6,9,6,7,8,8,6,6,56
T8G9751YG,あやた,RXXUPMWB9,待機室跡地観測所,1360,10,3286,1168800,3,7,3,3,5,3,9,9,42
7UW4WUV8W,ゆうき,A8BJ5V3ET,はすのそら,1035,4,3287,1168600,1,4,4,4,4,2,2,9,30
D23U0GPWC,shu,JHTULVV5P,故に瑠璃乃推し,1226,4,3288,1168400,5,8,5,7,6,6,6,7,50
6THD4C6N2,わたね,E7UBFLW56,同好会の同好会,869,6,3289,1168200,4,10,5,4,3,5,4,7,42
7EDP7AW14,ツアカリ,9FF5JBNDF,めぐすきクラブ,557,0,3290,1168000,2,4,1,4,4,5,4,5,29
PERH4WFTK,ジミアリ,2B97MH4YA,同じ話し何回も…,836,0,3290,1168000,2,8,1,5,8,7,5,7,43
R8MBDU45F,武諒,73CBYJYB0,"oNM,",1173,11,3292,1167800,4,7,1,6,5,4,4,5,36
U6JKE289U,ユーリ,JA2C658FW,さや綴理の村人,1287,3,3293,1167600,1,6,1,4,5,4,5,5,31
S38DG3TLF,tyou,TM19BMU7C,ソロプレイヤーズ,1391,19,3294,1167400,9,10,4,5,8,6,5,7,54
16XMBG4N0,すいと,5NPVVUGH7,蓮すきすきクラブ,1410,15,3295,1167200,6,10,5,6,10,6,6,7,56
CBU4LU5TA,もりか「づ」,X7C21B7H7,泥,1265,7,3296,1167000,7,8,8,7,7,8,6,7,58
KRVL27LVH,zuzu,FH7G62PKW,月火水木金土日,1107,16,3297,1166800,1,6,1,5,5,5,5,5,33
R18ES5Q3C,nova,EECF9C0N3,蓮ノ空　茨城分校,1185,17,3298,1166600,5,7,5,5,5,6,5,6,44
94FDMGUBN,てて,RM7N1JDB5,無言推奨不干渉会,1163,3,3299,1166400,1,4,1,4,1,4,5,5,25
R665C74A1,マナブ,7R8NKPAB1,花帆推し倶楽部,1083,3,3300,1166200,2,4,1,4,4,4,4,4,27
DF01TB95N,赤毛のポーラー,HBK6KCRPP,無言でおけ,1288,20,3301,1166000,4,8,4,4,4,5,4,4,37
ELEJ35D8M,シグ,XE8513HNP,喫茶カワウ空✨,1375,21,3302,1165800,3,6,9,5,4,9,8,4,48
NI9I62FHU,キリキリユウ,N7GLY2RUW,百生銀行,1403,5,3303,1165600,1,5,1,5,5,6,5,5,33
61FA5897F,ためにゃん,ULUELCJ7T,なるようになる？,303,0,3304,1165400,7,8,4,10,5,3,2,1,40
YPBUEGLFW,sapphire,23PGPJ3NV,蓮ビギナーの集い,1282,19,3305,1165200,5,8,7,5,6,6,9,9,55
Z3OQL4DJD,takkii,G6EH0KHT7,なんもわからん,1346,13,3306,1165000,2,6,2,4,6,6,7,6,39
5AKWTWLSF,ゆうこん,998H940YN,お嬢様筋トレ部,1329,1,3307,1164800,2,4,1,4,5,4,4,4,28
UNX64AUDG,閉扉,4FXPC55PY,PPIHクラブ,1141,6,3308,1164600,1,2,1,1,7,2,1,8,23
177CJ4RPV,アーケオス,N1DJVPGP8,いつでも咲けるよ,1075,10,3309,1164400,1,4,1,5,4,4,4,4,27
9HYL765TV,オルカ,WCUAMVY9X,ゔんゔん會,1327,11,3310,1164200,1,8,1,1,4,7,9,5,36
LU4OX4N8S,ZANE,03MPRFH8C,川越総本部,1270,10,3311,1164000,1,7,1,4,6,2,6,8,35
TNUADDPH6,オレマン,ATB27G5P2,おこめ茶寮,885,0,3312,1163800,3,10,6,6,7,5,4,7,48
YLP3JB0E2,Akatsuki,2JK7E4115,ラ！推し,319,0,3312,1163800,4,10,3,2,5,4,1,7,36
DBN0KNDEH,あいす,TK9E1BB1P,無言で自由,730,5,3314,1163600,3,4,3,3,7,4,2,5,31
QP9J4VAQF,セリル,43HRXMXWA,無言OKクラブ,1542,14,3315,1163400,2,6,2,2,6,6,2,6,32
D2OR23P94,キール,UMG1B9C7V,蓮ノ空女学院,1469,10,3316,1163200,1,6,9,5,4,6,8,7,46
4F4RNBLT1,ジョーカー,PJ3NB5XFM,箱推し,1117,20,3317,1163000,1,4,1,1,6,2,5,5,25
7UH1VKJYF,ただの,26JDLMBLN,徒町は強く生きる,814,2,3318,1162800,2,9,1,1,3,7,1,1,25
4A44A0FH3,loxter,RKT7BC4F6,人形浄瑠璃乃,505,0,3319,1162600,3,7,3,1,2,7,1,2,26
5U8U3WENP,K算,KGDNX3EF3,ENcircle,1193,3,3320,1162400,4,5,5,5,5,7,6,6,43
T5092U9MV,KEYSS,GGK2P93JK,きゃらめる,741,5,3320,1162400,6,6,6,5,6,9,7,4,49
JXD6GYGHB,たなか,JX0BXWNWH,新米蓮好き好きC,373,0,3322,1162200,4,7,4,5,6,6,5,6,43
O4RJ1R6GD,cha,FTY0R8KPH,泥の皆様,1243,13,3323,1162000,4,10,2,2,5,6,2,4,35
7RP2F5JT9,Linz,AAHB7C276,HaCordVN,1287,20,3324,1161800,3,4,4,4,8,5,5,7,40
TWMHXEK1W,にゃんこな,BX7W9FA88,にゃんこな,1414,20,3325,1161600,3,9,2,2,6,6,2,4,34
G1N3ND8MT,とらきち,427WENUC4,心の癒し～蓮ノ空,1441,4,3326,1161400,5,6,5,5,6,7,5,7,46
TKN4K5KDJ,cosmos,M49MMBK4F,スリーズパーク,1074,8,3327,1161200,1,7,1,4,5,6,4,4,32
3FTABBR4D,ライト,HBUK6F7CC,乙宗梢なりきり部,1419,14,3328,1161000,2,4,2,4,3,7,4,6,32
G0YM94EAC,Kain,AAHB7C276,HaCordVN,1260,16,3328,1161000,2,5,1,7,6,7,1,1,30
2VWX66NL0,ぽてとまじおいも,1KDUBW4HB,めぐ党0番,637,0,3330,1160800,1,4,1,4,1,5,1,4,21
ZYEQKWJMP,ハヤカ,UVN7G4X3A,闇のルビィ団,1483,20,3331,1160600,5,9,6,6,7,9,9,8,59
A58D6TRJF,ドド,PDMPF3VVV,r/LL,1230,15,3332,1160400,5,5,6,6,9,6,7,7,51
7N7R85W85,マツイ,BT3GEWM5L,ささやか村の集い,1464,11,3333,1160200,2,6,1,1,7,6,9,5,37
9AKO8CBQB,もぇ,L28X4MDJN,アフター観たいぞ,1252,10,3334,1160000,1,7,5,4,4,6,4,5,36
TR6SNK5YE,kame,GKR9TEBYC,毎日がホリデイ♪,1445,6,3335,1159800,2,6,2,4,5,4,5,5,33
TIAI12XT9,カイメイン,PPAHU1TNY,蓮ノ空のんびり部,1443,5,3336,1159600,2,6,1,5,6,5,6,7,38
9XWR2CJTC,T2L.,GKR9TEBYC,毎日がホリデイ♪,1072,16,3336,1159600,3,4,1,1,1,5,7,1,23
O7L5K6EKK,いちごう,TM19BMU7C,ソロプレイヤーズ,1244,4,3338,1159400,2,7,2,1,5,6,2,6,31
P99AB6MVA,ガッチ,F2M746D4B,頑張らないクラブ,862,7,3339,1159200,1,9,1,2,4,3,2,1,23
P88CTSIZU,タカツミ,ULUELCJ7T,なるようになる？,1516,10,3340,1159000,5,7,5,6,7,6,7,8,51
E0ME4F1YD,めで,NK05UMLWW,かけ込み寺クラブ,1112,10,3341,1158800,1,10,2,5,5,7,5,5,40
EBUH5HFTD,れが,R1RM3X0WV,後方腕組みオタク,1140,9,3342,1158600,1,5,1,5,5,4,4,1,26
V2OTYH4Z9,Dolphin,5KK3DFY18,MUGEN∞,1453,6,3343,1158400,5,6,5,5,7,6,5,7,46
UV5HEP7GN,ぬるぽん,FR5PDRB5Y,株式会社つづさや,1153,12,3344,1158200,6,7,4,4,7,5,4,6,43
5AC20S1SB,CEiS,FH7G62PKW,月火水木金土日,1436,7,3344,1158200,6,7,6,5,6,5,6,6,47
01LP9U2VP,強靭無敵最強伝説,2ULM366U6,毎日がエブリデイ,431,0,3346,1158000,3,10,2,1,10,5,3,5,39
4NDVG0RXX,すぴか,AH27N260E,百生信託銀行,654,2,3347,1157800,6,10,6,10,6,8,5,7,58
O5JDQOZLK,まれょ,43235R4UP,MRY,1224,6,3348,1157600,1,5,3,4,7,4,7,5,36
V30WH5HJ3,tame,6045Y2RW7,ポチっと！蓮ノ空,1563,3,3349,1157400,6,8,6,6,10,6,6,8,56
07P1LXJBV,ざくろ,C6V311T2P,LotuSky,1343,18,3350,1157200,1,10,1,5,5,6,7,7,42
6YOU657UG,宝生永夢,5KK3DFY18,MUGEN∞,1426,3,3351,1157000,1,7,1,4,6,6,5,6,36
HLXKV7EXX,はなみや,UX96YX4T1,『位置について』,756,4,3352,1156800,9,4,1,7,5,7,1,2,36
KPPVL37BD,パラノアンドロ,X0TFG829Y,ボクのおうち,592,0,3352,1156800,2,5,1,4,6,4,4,5,31
R1GF61JSI,hide,JDAG79TG7,百合ノ空観察部,1232,12,3354,1156600,1,6,1,4,5,6,6,6,35
E9C6MTNNV,みけねこ,48BTAPMBG,蓮ノ空魔術部,963,1,3355,1156400,4,6,4,5,6,6,7,5,43
CN8W36HYX,えすと,YMKU30246,参加賞がほしい,328,0,3356,1156200,4,8,3,2,5,6,2,2,32
CAX9XGU98,三枝このは,JVUNVCT8P,梢先輩のASMR,1262,9,3357,1156000,4,6,4,5,6,5,6,6,42
5XA221NB7,茶ダム,FE282F3VH,天悶部,1287,7,3358,1155800,1,1,1,1,1,4,7,6,22
37HE2L11U,いずセラ,HXVYGL96H,初々しい対抗戦,878,3,3359,1155400,2,10,5,1,2,7,2,8,37
Q99L20OEH,らったん,KXU941RFJ,梢先輩おめでとう,1225,3,3360,1155200,4,7,4,4,4,5,4,4,36
84U35FCIX,じゃじゃ,YCTM6RYDP,金沢おでん同好会,1788,19,3360,1155200,8,9,8,9,10,10,7,7,68
RHP279359,いんぐ,4RY75CKM4,LLすこ部　メ募,1134,12,3362,1155000,2,4,2,5,5,4,4,1,27
ED7PEYHMF,ハヤミドリ,YMKU30246,参加賞がほしい,553,0,3363,1154800,2,6,1,2,7,5,7,5,35
FUPH605HJ,Turk43,HXVYGL96H,初々しい対抗戦,963,6,3364,1154600,2,5,1,4,6,6,5,4,33
ZGJRWAVJL,fran,2ULM366U6,毎日がエブリデイ,1062,7,3365,1154400,2,7,1,5,5,6,4,5,35
H2JDU2C1F,しじみ,BHW3RTLYB,カワウソ小屋,506,0,3366,1154200,6,7,4,7,7,7,7,6,51
PV6C2HCV3,日野下 梢,NC2YT2V28,蓮之愛同予者何人,1405,20,3367,1154000,3,6,3,8,7,9,2,7,45
289PLYYDY,チョメ,C8A9CTB34,蓮ノ空山岡家部,1041,5,3368,1153800,1,5,1,4,7,4,6,7,35
KLYUB88OO,くうちゃん,UX96YX4T1,『位置について』,1142,9,3368,1153800,6,8,7,6,6,6,6,6,51
KSJVEOC07,ライズ,HBK6KCRPP,無言でおけ,1272,4,3370,1153600,3,8,1,4,4,4,4,5,33
714HHHA7R,リメンバ,9VDEWVP01,瑠璃乃の集い,1270,4,3371,1153400,1,7,1,4,8,2,8,1,32
4RDJIJ4KM,ノラこま,G59NGM0XA,シュリーレン,1317,16,3372,1153200,1,4,1,1,4,2,5,7,25
725YB27T3,ぷに,XEENRBXCG,蓮ノ空休日クラブ,1089,3,3373,1153000,6,5,3,4,5,6,5,5,39
JTBY5LE0U,とば,43HRXMXWA,無言OKクラブ,1224,2,3374,1152800,2,6,2,4,4,6,6,5,35
UDO57A1F2,としあき,E76N52LMW,イベントのみ,1427,9,3375,1152600,1,7,1,4,7,6,6,5,37
DH50YW702,ぽるたん,R181MKNX1,みらくらは人生！,1374,13,3376,1152400,6,8,5,8,8,9,7,8,59
5M9YM8MVE,やすぴー,DHBGK1398,となりにこな,1179,15,3376,1152400,3,8,4,5,7,7,6,5,45
UO66NRT7K,プライム,TXNCTRR1U,瑠璃乃推し隊,1374,2,3378,1152200,2,6,1,1,6,6,1,5,28
MDD8KV54P,ββ,L28X4MDJN,アフター観たいぞ,1204,1,3379,1152000,1,5,1,4,4,6,5,5,31
3NJTU4E9G,あんり,PYFV3GWNV,異次元P,687,0,3380,1151800,3,7,1,5,6,6,4,4,36
01U8LDAEW,HYMN,KA652DGYV,ゆるリンクラ,1050,5,3381,1151600,1,5,1,4,5,5,4,5,30
YM24VM8DD,たぬ,C021HVB2B,第3芸能科,400,0,3382,1151400,2,1,1,1,1,2,4,4,16
3T38B58P2,いるか,JHGLRJ9J7,高田健志伝説,722,0,3383,1151200,1,7,3,4,4,1,4,1,25
WHWLWR37R,さいどめにゅん,KT4P0CHHC,ゆったり同好会,771,5,3384,1151000,5,8,5,4,4,5,4,4,39
XG6UL0PLX,Larry223,JKAYY0KXL,自由！開心！,306,0,3384,1151000,2,1,1,9,6,6,1,1,27
AW6FNKJ5E,村野saajak,GR65FP8VN,蓮好き,701,1,3386,1150800,4,10,4,4,5,5,4,7,43
LYDM04GML,Rokka,DF7FA982P,蓮ノ空百合部,678,6,3387,1150600,2,1,1,4,1,3,1,4,17
HHPBEJEQ0,伝説の目撃者,88DJ300PJ,めぐ党 • 永遠,1490,1,3388,1150400,1,6,1,4,7,6,7,7,39
753UPGM3Q,ほゆ,TRJXTU4K5,ふあああ,1150,6,3389,1150200,2,5,2,4,4,4,4,4,29
UZNL744FG,タクたく,WX1DYC9Y1,ラナンキュラス,1359,18,3390,1149800,1,7,1,5,7,4,7,7,39
EN10HRBDU,聖闘士じいちゃん,K2L5DCVNR,REAL,1182,16,3391,1149600,4,9,4,6,7,6,6,6,48
7Y72TVZYY,Akukyo,279NUYU7C,れんこん,1245,12,3391,1149600,2,4,1,1,4,3,7,7,29
U86PRLXW4,カンタータ,9GDHWXGVG,ルリと花咲く毎日,1127,0,3393,1149400,4,8,4,5,5,6,5,5,42
4NGXEKB5K,CROSS,5YEE75CB4,ロビーで待ってる,1319,20,3394,1149200,7,9,7,7,8,7,8,8,61
ZXSEHBX6O,てろてろ,9FF5JBNDF,めぐすきクラブ,1432,20,3395,1149000,1,7,1,4,6,6,6,6,37
F5H424LJ8,Jun,B2KV0EVPD,蓮ちゅきクラブ,1193,4,3396,1148800,2,6,2,1,5,3,7,7,33
LHK9KA0OF,ゆき,TKVR3KU7L,ネギトロTKG,1389,17,3397,1148600,1,1,1,2,8,7,7,2,29
R9PN73NPM,atsutaka,GN1798YEX,ド!ド!同好会,848,3,3398,1148400,2,4,1,1,3,3,2,1,17
X0K6E9WBT,アイ,K2L5DCVNR,REAL,1133,11,3399,1148200,5,5,4,5,6,6,6,7,44
PUZNCFF6H,のり,AG9PKMMC3,ぱかぱか同好会,1505,10,3399,1148200,4,10,4,6,7,7,8,5,51
A0PDR4YW8,サコッシュ,MUXWTW1GV,蓮の空見守り隊,1021,0,3401,1148000,2,7,4,4,7,3,6,7,40
GVVKM63R7,海未色のライバー,T045NDKW0,♬さやか愛好会♬,959,5,3402,1147800,8,10,8,4,4,6,5,4,49
PPCGCECT9,しまだい,NMRKHYYRM,ご自由にどうぞ,270,0,3403,1147600,4,10,1,6,5,2,1,1,30
5UT8BTUMY,刹那風鈴,H1LTYMK0B,花帆が可愛いの会,1323,15,3404,1147400,1,7,3,4,4,6,7,8,40
JWK0F6B8A,あば,5V9TDD4NF,みんはや蓮ノ空部,1096,7,3405,1147200,2,5,2,4,5,6,4,5,33
V888R2379,おはみずせ,2KJ2UEC3P,ういちゅけクラブ,529,2,3406,1147000,2,4,1,2,1,4,2,6,22
6U6Y02F3F,ハープスター,CRYB2FJ64,つくよみくらぶ,937,4,3407,1146800,2,4,2,4,4,5,4,4,29
F610D9VH2,まんまるさん,RNJ306W6N,日曜日よりの使者,1307,6,3408,1146600,8,10,7,8,10,8,7,8,66
1TPHM6E8N,あゆ,YNR28303K,りんくらぶ,1204,13,3409,1146400,2,10,4,2,10,3,9,9,49
5GF0JFU0K,ねね,YAD615PCK,蓮を咲かせる泥達,1268,20,3410,1146200,6,7,7,5,8,7,7,8,55
F2WDPD8J8,花若欣,J800VVPTN,Aqours,1113,1,3411,1146000,1,5,1,4,4,4,5,5,29
25RHRYIG9,にし,YN8B5JGWA,我思う故に我あり,1352,7,3412,1145800,2,7,1,5,4,4,5,5,33
VPZOCPP20,ステラ,865UE9UC6,蓮ノ空うどん部,1205,8,3413,1145600,2,8,2,1,6,4,8,8,39
6N52VGGGR,すけきち,573J1JVVK,かほかほ,726,1,3414,1145400,9,7,1,5,5,9,1,1,38
MEE7LVPHD,リンクラ２６月目,H0CCTJREV,ソロ活動～休止中,1215,18,3414,1145400,4,6,4,5,6,5,5,5,40
OOCUAWI57,hirokky,UMG1B9C7V,蓮ノ空女学院,1285,10,3416,1145200,1,6,1,4,6,5,5,5,33
L06R595XE,まぁと,07JW71HWG,良いチケで観よう,1275,20,3417,1145000,5,6,2,1,6,5,7,7,39
M9L6U6TDO,ひとしずく,HMBW9DXY2,蓮好き皆あつまれ,1206,4,3418,1144800,1,5,1,5,5,7,5,7,36
55R93YW78,セセ・ラ・セラ,9C0KWR782,まったリンクラ,1525,16,3419,1144600,5,10,6,7,10,7,7,8,60
RGCDRMUA4,kopite,RM7N1JDB5,無言推奨不干渉会,1246,20,3420,1144400,2,8,1,6,6,7,4,5,39
SKN67I1NN,在床上睡覺,FH7G62PKW,月火水木金土日,1577,12,3421,1144200,8,8,7,8,8,7,7,7,60
2VCRXBPHM,るひー,0CEA9XFKR,蓮ノ空の泥人会,1278,5,3422,1144000,1,4,1,4,1,6,5,5,27
WXT3WWK6E,はくあ,KULVP7FDR,アニマル分室,1279,3,3422,1144000,1,5,1,4,5,6,4,5,31
YMJWPJKY2,あるて,JVUNVCT8P,梢先輩のASMR,1084,2,3424,1143800,4,4,4,4,4,4,4,6,34
9Y4HNGY6N,とみ,4RY75CKM4,LLすこ部　メ募,457,0,3425,1143600,1,7,2,5,6,6,4,4,35
SAFVNHK17,やまだひさお,08HLNF1MX,毎日がエブリデイ,1254,3,3426,1143400,2,8,7,9,5,4,1,8,44
96C14P93Y,Blue,R181MKNX1,みらくらは人生！,1033,9,3427,1143200,5,5,4,4,4,4,5,5,36
6EBEBFU9Y,ヴィヌクラ,HBK6KCRPP,無言でおけ,1364,18,3428,1143000,2,6,1,2,4,9,8,8,40
GQ7RAG46W,yakko,9U8KNU6U9,対抗戦用,1276,17,3429,1142800,1,7,1,4,5,4,4,1,27
C73NJGKM8,学級委員長,W3UUXHMDV,水彩ブーケ,1278,20,3430,1142600,4,7,4,5,5,6,6,6,43
BCD0YERF9,たつ,72XD3ER0M,まったり,1319,13,3430,1142600,4,7,3,4,4,6,4,6,38
9E2AWYLCD,（.8.）,2AUM7L9BW,蓮初心者クラブ,1260,4,3432,1142400,5,10,10,5,5,5,5,7,52
NE4A3G1Y3,真田みかん,YFADYJVW4,FPS好きクラブ,1128,8,3433,1142200,2,1,1,1,7,5,7,7,31
K3RG6R2D9,いろりぃ,VNEY6C9BE,スリーマーメイド,1106,20,3434,1141800,1,7,4,7,8,7,4,4,42
V4XPV38LV,すず,GVATEX7GC,のんびり,1183,10,3435,1141600,2,6,1,1,10,10,9,2,41
A40DT357H,ポチェッティーノ,2AUM7L9BW,蓮初心者クラブ,397,0,3436,1141400,1,5,1,1,5,6,1,6,26
W1RBXW89C,ウバギ,T045NDKW0,♬さやか愛好会♬,1008,2,3437,1141200,1,7,2,4,4,6,4,4,32
JZIF9MIDA,カイ,4XRHRYDW4,無言でエンジョイ,1496,17,3438,1141000,1,7,1,4,4,6,4,4,31
YCC6WN5PA,さいく,NA8FEYN0M,蓮ノ空飲酒クラブ,737,2,3439,1140800,5,9,1,4,7,7,2,4,39
8U3VGV7LK,Kungfuの王,DUK0X7DB1,中国愛蓮同好会,983,6,3440,1140600,7,7,6,6,7,8,7,8,56
HE0KS47VD,サボちゃん,EECF9C0N3,蓮ノ空　茨城分校,1279,1,3441,1140400,1,6,2,4,7,4,4,5,33
8FM01YL4A,リオス,2B97MH4YA,同じ話し何回も…,789,5,3442,1140200,2,5,1,7,7,7,6,1,36
G5XP7HP0M,バナシ,AWFDLJ1HC,小蓮花（重生版x,1290,13,3443,1139800,1,4,1,4,6,6,4,4,30
88VT23PV2,星のアラシ,CEP973KKU,スリブ好き好き会,1049,16,3444,1139600,2,7,1,4,4,5,4,4,31
MMJV2M2PC,ゼタ,PN4VA24XF,みーかるぱーく！,748,1,3445,1139400,2,1,1,1,2,2,1,1,11
4I2H975HB,マキハル,KB5BFK7J6,おはめぐ党本部,1218,10,3446,1139200,2,1,1,5,8,2,1,7,27
9YUM1YG0J,七海,CM5THHYHB,「」ノ空だけれど,1389,7,3447,1139000,1,6,1,5,1,6,5,7,32
N3Y7UY795,soo,XXVVJY6FE,はぴぱれ,641,0,3448,1138800,1,5,1,5,4,6,4,5,31
Y2UKYBPKF,くろごま,N1DJVPGP8,いつでも咲けるよ,816,4,3449,1138600,2,10,6,10,10,6,2,10,56
GLYJZZ9ZS,トモ,FG5VFFNRK,蓮ノ空おじさん,1470,5,3450,1138400,4,6,5,5,5,5,6,5,41
L5TXUMJED,LaMeeska,2JVBK752G,卍愛蓮説卍,1288,7,3450,1138400,3,7,3,4,5,5,4,6,37
H4Y685KA7,なお,YVV9CMBLW,東京公演で沼落ち,1180,8,3452,1138200,1,7,1,5,6,5,6,7,38
7J6C9ISNR,つくし,D7H8MN2U4,LLD,1007,0,3453,1138000,1,4,3,4,5,4,4,4,29
F7A693WT1,HASUSUKI,KEB6G562A,何もない部,559,0,3454,1137800,4,10,4,8,6,4,3,7,46
RX7E27J6X,アオノ,TBL5BPL2T,蓮ノ空と明日の空,1337,1,3455,1137600,1,7,1,4,4,5,4,4,30
X9FK84KPX,甘党マシンガン,B2KV0EVPD,蓮ちゅきクラブ,975,9,3456,1137400,3,10,3,1,4,3,4,10,38
7D5US0PU3,きた,,,1303,3,3457,1137200,6,9,6,6,7,6,6,6,52
5HE4VE0UR,META,N7GLY2RUW,百生銀行,1199,11,3458,1137000,1,8,1,4,6,7,1,1,29
KVVW2YL67,トマトマト,JDAUTGR5N,花帆ウサギ,1422,4,3458,1137000,1,8,1,5,5,5,5,7,37
52GKPH9F8,ユッケ,LX25CP0TG,深夜の芋煮処,1176,10,3460,1136800,1,5,1,4,8,3,5,7,34
DCFGCRPR8,ゆふ,NDGW77R2V,こず花帆尊い,1096,2,3461,1136600,2,5,1,5,4,6,5,6,34
W6OP2F9NH,うさりん,L1VGJTD5P,蓮ノ空お茶会部,1628,1,3462,1136400,6,8,8,6,8,7,7,9,59
L5EE6J1VJ,やまにー,K8C99H42D,ルリと喜ド！愛楽,994,6,3463,1136200,7,8,4,5,5,4,5,7,45
0SMA2YI5A,Forteen,3PPKGW6KV,リンクス同好会,1373,8,3464,1136000,1,10,1,4,4,6,4,5,35
7W4KBN4MN,日月,N7J2R9JDN,ログイン目標勢!,1018,2,3465,1135800,1,4,1,4,5,4,6,5,30
UU6CVXU9L,あかり,WE6X1TNJ5,りんくら部,1265,2,3466,1135600,2,5,5,4,5,5,4,5,35
IP3E9T22V,こっぱみじん,GW4CH70HK,TKG同好会,1447,20,3467,1135400,9,10,6,6,10,7,10,10,68
DC807XDK2,ストッパー,E0ANBV925,壁を超えろ,356,0,3468,1135200,3,3,1,1,3,3,1,1,16
ZIYBF5JZW,ナーシャ,RM7N1JDB5,無言推奨不干渉会,1018,10,3469,1135000,4,10,1,5,7,6,2,1,36
D1L1XHU07,はかせ,9U8KNU6U9,対抗戦用,1087,0,3470,1134800,2,5,1,4,4,4,4,4,28
0RH71W7J8,そらね,GYG7B5R36,幼馴染同好会,1153,11,3471,1134600,2,5,1,4,5,6,5,4,32
G9681HMY9,温泉川,WFPA7YJE1,蓮ノ空文芸部,608,1,3472,1134400,2,4,1,4,1,6,4,4,26
BVI7DP9SK,星のファービィ,2UKNVBMBU,梢ちゃん同好会,1184,10,3473,1134200,1,5,1,1,4,2,8,8,30
HEB3T2W09,yuuli,9YM3DBTB7,泥民館,736,0,3474,1134000,4,10,4,4,4,10,5,5,46
FT0GTRT9V,ちゃんす,HE0GK3EPE,瑞蓮プロカ倶楽部,1190,12,3475,1133800,8,8,7,7,8,8,8,7,61
GAB8OG02M,kon,2UKNVBMBU,梢ちゃん同好会,1563,19,3476,1133600,1,7,1,5,7,6,6,7,40
LITMEQZOE,Renaria,279NUYU7C,れんこん,1375,14,3477,1133400,1,7,2,5,10,4,7,5,41
DVNDD09IZ,木戸修,V26546K3D,乙宗気合筋肉,1453,13,3478,1133200,1,6,3,4,8,7,6,8,43
VRA2YU7TK,鱼板面,J800VVPTN,Aqours,1117,13,3479,1133000,1,6,1,1,7,7,1,4,28
NEVURWMRY,syndetos,6E27A15ER,蓮ノ空自由クラブ,1034,12,3480,1132800,5,5,5,6,5,6,5,6,43
4B5R269XR,はるちょん,N94LEWF2D,無言よわよわの会,261,0,3480,1132800,3,10,1,1,3,8,1,1,28
T6C6KR4TK,ノア,976BY5JWK,ハルカカナタ,1152,20,3482,1132600,5,9,5,5,7,6,5,5,47
1WBVMELB2,三四,LY0XPW7NL,同棲概念強火派,1244,16,3483,1132400,2,4,2,4,4,4,4,4,28
NA1MWDBC8,たあた,C68491XHB,みらくらぽーく！,1243,10,3484,1132200,3,5,6,1,4,5,8,7,39
VXV8E51NX,ゆう,976BY5JWK,ハルカカナタ,1160,11,3485,1132000,1,5,1,7,7,6,1,4,32
79W54BD8P,かび、,NA8FEYN0M,蓮ノ空飲酒クラブ,1002,11,3486,1131800,3,8,2,1,7,4,3,1,29
3BUNFP8IH,あやっち,Y6JNPC60C,綴理メイト,1440,16,3487,1131600,6,7,6,6,7,7,8,8,55
HVFL7NCU1,Haru,M8FM7P139,蓮ノ空ひとり旅部,1215,7,3488,1131400,1,7,1,4,4,5,4,5,31
W8VXDKRW3,Rシード,M6JPV9MVW,フォルテシモ,1062,3,3488,1131400,3,9,5,6,7,6,1,6,43
7GHRVCWRA,びんくん,L3NN1RWMY,アポロベイ海賊団,1402,7,3490,1131200,1,7,2,1,5,2,2,1,21
F1WBX57IA,don_buri,N94LEWF2D,無言よわよわの会,1261,6,3491,1130800,1,4,1,4,5,6,6,5,32
3LGOQIOSC,raeeee,K25DPPGT9,圧倒的にまったり,1251,11,3492,1130600,3,3,4,3,3,4,8,8,36
7RB9IH54J,長瀬しいみ,9YM3DBTB7,泥民館,1458,7,3493,1130400,1,7,1,1,6,6,1,6,29
1NJPHEN0K,ゆう,EECF9C0N3,蓮ノ空　茨城分校,552,0,3494,1130200,5,7,4,5,7,7,4,6,45
N9I7AEFZ6,ぷぅ,KLLF3G9PH,ログボ回収部,517,0,3495,1130000,3,5,1,4,5,4,4,4,30
KW1H2NI7G,いあみん,4FXPC55PY,PPIHクラブ,1311,3,3495,1130000,5,4,4,8,9,6,5,6,47
W8BJZ0I0E,f960013b,YD2XWWFA4,蓮好き好きクラブ,1269,20,3497,1129800,4,5,1,5,8,6,5,5,39
R5EXT9WC6,したむ,9YM3DBTB7,泥民館,1143,2,3498,1129600,1,4,1,5,5,6,6,6,34
3XF3U1RBL,suke398,3A63DYH54,LLすこすこ部,1264,1,3499,1129400,2,6,3,4,6,4,5,5,35
VKYV0KDAA,アズえモン,PULJ8VCHJ,蓮ノ空を推す会,1299,8,3500,1129200,2,4,2,2,5,6,2,7,30
1Q6UPBSE8,きたくみん,E76N52LMW,イベントのみ,1140,2,3501,1129000,4,4,2,4,7,6,4,4,35
6Z77SUALU,HSC,CV62FGL1U,花咲かせ隊,1254,12,3502,1128800,1,7,1,4,5,4,4,4,30
U5LL8KJFM,ももぶん。,DKPMRA0TA,蓮ノ空奉仕部,1061,5,3503,1128600,4,5,4,4,4,5,4,5,35
E9LVB2F95,せみすぺ,KULVP7FDR,アニマル分室,1278,13,3503,1128600,1,5,3,1,6,4,2,5,27
PNC6RLJVA,てくてくみかん,U57VPUTEE,ゆったりクラブ,1180,3,3505,1128400,2,4,2,4,4,4,4,5,29
0RDPT287I,きよぴっちゃー,J8HXTJ8TB,流し素麺同好会,1336,4,3506,1128200,1,4,2,4,5,4,6,5,31
W7KLUY8H6,からかさ,KGG6VMD1R,蓮ノ空本蓮沼の会,475,5,3507,1128000,2,10,2,5,6,7,1,1,34
4TVHABGNC,Haru,PRY4573W6,報酬用,1088,4,3508,1127800,2,6,1,4,5,6,5,4,33
C9DG98GXN,ヘッドギア,J0N1E3Y09,月火水木金土日,1041,3,3509,1127600,1,6,1,1,5,4,1,5,24
SGO96W1TZ,なこぽん,07JW71HWG,良いチケで観よう,1448,10,3510,1127400,1,4,1,4,6,6,7,7,36
WCW3GG0TJ,パスタ,KFC62L0FV,ねるねる同好会,1421,8,3511,1127200,1,6,1,4,1,6,5,6,30
DEVXF85NM,774,06MWMBB26,ミステリサークル,976,2,3511,1127200,1,6,2,4,4,6,5,4,32
VJ5A65Y68,mugppi,XPRA8TRVE,蓮ノ空ロボット部,1339,17,3513,1127000,1,8,3,4,5,6,5,5,37
CEY02JMXC,雪兎,1BME38BCD,さすさやクラブ,1601,17,3514,1126800,5,7,5,5,5,7,5,6,45
5PN7563GB,レダクターゼ,3194B9E93,初心者寄り合い所,685,2,3515,1126600,5,10,3,6,6,7,4,4,45
8JB94HF77,R,N2KCENRKH,猫＆旅大好き部,242,0,3516,1126400,3,4,4,4,6,5,5,5,36
U6ROPYD12,かつれつ,YK0X6N2HN,無言OK出入自由,1305,5,3517,1126200,1,4,1,4,1,4,4,5,24
AXFUWCCBV,だんご,KFC62L0FV,ねるねる同好会,1250,20,3518,1126000,6,8,5,5,8,6,7,7,52
RVY1A8DYV,花残日暮寒梢孤,NC2YT2V28,蓮之愛同予者何人,1304,8,3519,1125800,1,1,1,1,3,5,1,5,18
7IBU55DXY,mori,5WUDLMWEP,蓮ノ空は明日ノ空,1175,4,3519,1125800,2,10,10,5,2,4,6,8,47
HCROHBDK4,めんつゆ,8YDE8BXJT,ずんだシェイク！,1172,2,3521,1125600,1,1,1,1,5,4,7,5,25
6TCAMC79P,ろんぐほーん,GW4CH70HK,TKG同好会,1546,11,3522,1125400,2,7,1,7,7,6,6,7,43
5J13HUBRA,まっくす,535L2H3JU,Lotus329,1145,0,3523,1125200,2,6,2,4,6,5,4,6,35
J4QR1DQV8,もちもち,TKVR3KU7L,ネギトロTKG,1283,20,3524,1125000,1,5,1,1,4,4,5,7,28
YB8HXJTGD,杉花粉君,KC1W74B9B,蓮六園,1390,4,3525,1124800,10,8,3,5,7,6,5,5,49
G268UV054,あずさ,0CBM28JP6,ほうき星,728,2,3526,1124400,3,5,3,4,5,5,4,4,33
TPGUUOWNL,どんぱ,FK5MUK0ET,くる♡すきクラブ,1368,13,3526,1124400,1,5,1,4,6,6,4,5,32
DCFJDK8L7,ぺんぺん,1BME38BCD,さすさやクラブ,1475,15,3528,1124200,7,7,6,8,9,8,9,8,62
BYGIUGFV8,ぉまま,R09FX9JHJ,くるくるさーくる,559,0,3529,1123800,4,1,2,1,3,4,4,4,23
TX6PQW596,おハッセ,DMDF4VUL1,ゆるはす,1238,3,3530,1123600,1,4,1,4,5,4,5,6,30
P06H7KNRT,roy,UGRXU1VL6,flowery*,1173,8,3531,1123400,1,6,3,4,6,5,4,5,34
I0E2WJN90,ドン・ガンビーノ,EKACCPWWB,タフノ空学院,1231,6,3532,1123200,1,7,1,4,6,5,5,5,34
SMD6VJ6WS,ジロー,N34LHVJKN,のんびり堂,1361,20,3533,1123000,1,10,1,8,6,6,6,7,45
4DEXTYUX5,みるく,AH27N260E,百生信託銀行,700,0,3533,1123000,2,2,4,1,4,4,7,4,28
67NKLBLP3,ハル,CWPWP1266,さすさや,1236,8,3535,1122800,6,9,5,6,9,7,7,7,56
LAFDKA9DU,べえ,XTMGPY62U,スクステ初心者,1164,20,3536,1122600,3,8,2,3,7,6,7,4,40
071TP7UZH,M,Y2R7E79U3,カワウソ同好会,1522,9,3537,1122400,2,5,2,4,5,4,5,3,30
G1IFUEBDN,ゆーりんち,PLBBEX019,待機室目指し隊,985,3,3538,1122200,1,3,1,1,3,6,3,7,25
FBMMG2GN2,りっひ,PMME7169X,蓮っ子動物園,1117,6,3539,1122000,3,6,5,4,5,4,4,5,36
TR34AYUGM,えふ,BTVC9G95X,FES用,1265,17,3540,1121600,1,7,2,4,6,4,7,8,39
81F57TPD1,おかp,NB0HX9KP8,かほてぃあん,1147,4,3541,1121400,1,8,1,7,7,7,5,7,43
KMYG7T3FT,ぷらる,535L2H3JU,Lotus329,1239,0,3542,1121200,2,7,2,4,4,5,4,6,34
4VE4C8MJC,704GX,BYA3FA0X8,無言ぼっち同好会,1454,18,3543,1121000,5,8,5,5,6,6,6,6,47
BRM7C4A67,一月の蒼い月,GYJ3C6TKR,綴理先輩好き好き,1466,15,3544,1120800,2,6,1,4,5,6,7,8,39
H04SXGJ26,かざっち,8M2MFU9U0,リンクライブ,1213,1,3545,1120600,2,7,1,4,4,5,4,4,31
H0JB811NN,コク,KXB93FVTR,ブルームガーデン,1201,15,3546,1120400,2,7,1,4,4,4,4,6,32
YNLYR8JC4,やんぴー,JY79RPB1D,リンクラゆる部,1373,6,3547,1120200,1,7,1,4,6,4,4,4,31
UZL6IVC1A,ふにゃ,V6DV6KETG,梢好き好きクラブ,1444,16,3548,1120000,4,8,4,4,4,7,5,6,42
6YGRB1TYP,샛별,HB9AU9DJJ,聖心党,1268,13,3549,1119800,3,7,1,5,6,8,7,8,45
BTE8H39MX,ジュラ,UTN8134GA,パドマシューニャ,958,2,3550,1119600,5,6,5,4,8,5,6,5,44
VJCNDJH23,けいせん,UCF93JAPM,スワンプマン,1405,5,3551,1119400,1,5,1,5,5,6,5,7,35
NFE86OP9B,なはとま,6HV2RH6TU,イベント用、無言,1176,3,3552,1119200,1,5,1,4,1,4,4,4,24
XFLC8K99W,@cﾒ*◉_◉ﾘ,GPKTRBCTT,騎空団蓮ノ空支部,1249,19,3553,1119000,3,4,4,1,4,4,1,5,26
MJXJ8HAFH,鍾嵐珠,9P9EPKFHE,無言参加OK,537,0,3554,1118800,3,7,4,4,5,7,4,4,38
66MXFK453,萎えトル,05KN1RR3U,さやかほ花卉園,891,7,3554,1118800,2,10,2,1,9,6,7,6,43
M7CJ4WTXJ,Izayoi,EWM0GK62C,誰でもどうぞ,777,0,3556,1118600,2,6,1,4,5,5,4,6,33
2L75E0XAF,ur,CY3GGDH7H,㍿キモ・オタク,627,1,3557,1118200,4,9,4,5,5,7,6,7,47
YAOADF7AG,ギンペン,Y6JNPC60C,綴理メイト,1080,4,3558,1118000,4,5,4,5,5,4,5,4,36
IMNKC4SP6,だみん,07JW71HWG,良いチケで観よう,1308,12,3559,1117800,3,4,3,4,4,6,4,4,32
AA66U7MRG,なつむ,CV62FGL1U,花咲かせ隊,1173,18,3560,1117600,5,6,5,5,5,5,6,6,43
D85NWAC8A,ぬまし,AXG81GPMP,蓮ノ空マタギ部,1208,11,3561,1117400,4,7,1,4,7,4,2,1,30
L9SIC2Y70,ホンチャ,KXU941RFJ,梢先輩おめでとう,1178,11,3561,1117400,3,4,1,5,5,7,5,5,35
5DU5DF307,ロレンス,AVX749PPB,姫芽ちゃん親衛隊,904,11,3563,1117200,1,6,1,1,5,4,1,1,20
LI442CJCF,みやび,4XRHRYDW4,無言でエンジョイ,1490,3,3564,1117000,1,4,1,1,1,6,1,7,22
NCURV0D7A,ベンジャ,ABALH0AL3,楽園計画,1174,18,3565,1116800,3,7,3,10,9,10,6,6,54
WFL6UVC29,ガリレオ,YDYH4VRRP,レンクウ,1396,2,3566,1116600,1,7,1,6,7,7,6,5,40
EU6AA5CWB,Tell_Inc,R083H7WRN,サークル無言,1172,5,3567,1116400,1,9,1,4,6,4,6,7,38
3RXN3AJYC,SENTA,KGDNX3EF3,ENcircle,1079,12,3568,1116200,3,6,2,7,3,5,2,8,36
JSZQ6MZK7,こーくす,9YM3DBTB7,泥民館,1370,13,3569,1116000,6,9,7,5,5,6,5,5,48
SNYSNFYOP,すずめ,CTW8DKV5P,まったり,1501,3,3569,1116000,5,5,5,6,6,5,6,7,45
A9NM75YCH,とっかい,AXG81GPMP,蓮ノ空マタギ部,1300,15,3571,1115800,1,5,1,5,7,4,6,7,36
Y675VB6DV,蓮ノ空ちぇすとー,05KN1RR3U,さやかほ花卉園,1176,8,3572,1115600,5,9,5,4,7,5,6,8,49
URJE71AE8,もよ,4XRHRYDW4,無言でエンジョイ,1269,4,3573,1115400,1,6,1,4,4,4,5,5,30
UCRRYP9CM,おかか,424NLTEE8,無言な異次元部屋,1079,2,3574,1115200,2,7,4,2,5,6,4,4,34
K52GEI8A4,アナゴ,G0WRCNRWK,県立沢庵図書館,1290,19,3575,1115000,5,5,3,6,5,6,6,6,42
PMJ9ZD08Y,銀モン,VN1LXEHLR,綴理、愛,1083,8,3576,1114800,2,10,2,4,5,6,4,6,39
RWDXFA3T5,ギンカホ,7NJM1VURM,らんるん部。,604,0,3577,1114600,1,7,1,4,6,6,5,5,35
01717LQKU,01/ゼロとイチ,A92R69HTH,Lotus123,1511,5,3577,1114600,1,7,1,5,7,5,7,7,40
Z5AGF2FTZ,とまと,FNMV166UY,蓮ノ空喫茶部,1510,13,3579,1114400,1,5,1,1,4,5,1,4,22
TVVGRTFM4,ファム,KXU941RFJ,梢先輩おめでとう,1455,21,3580,1114200,1,7,2,1,7,4,7,9,38
S99ZO99XN,ななに,BCJRMHE75,梢すきすきクラブ,1513,9,3581,1114000,1,4,1,4,1,4,4,5,24
UWB1A7C04,インストーン,573J1JVVK,かほかほ,1009,7,3582,1113800,1,4,1,4,4,4,4,4,26
L2TCRJ17W,shrimps,6N3F238R0,イベント参加用,1197,20,3583,1113600,3,6,2,2,6,5,1,6,31
TBWFHHE1Q,karapo,7U20138DB,LGP,1464,19,3584,1113400,7,7,6,6,7,7,8,8,56
0CSC6RF3X,alod,5YEE75CB4,ロビーで待ってる,1296,0,3585,1113200,2,4,1,4,5,2,5,7,30
M46HEU05T,高分子聚合奶茶,NT2KU5174,こずかほ。,1247,6,3585,1113200,1,7,1,4,7,4,4,5,33
X660XF865,アジュサリル,WN3LHKX0L,レンコンおいしい,1096,7,3587,1113000,2,1,1,1,7,9,8,2,31
POECWKUBK,みーわ,8CEWMFEHX,ねるねるねるね,1322,3,3588,1112800,1,7,2,5,7,5,4,5,36
XHLKMND7E,リーファ,HPTHY23VR,蓮ノ空文芸部,1101,12,3589,1112400,1,4,1,7,8,6,4,5,36
43XQN9RTD,サブロー,BW38LDPRF,蓮浦の星空,1389,5,3590,1112000,1,8,1,4,4,6,4,5,33
UIBETYYLN,だざいおさむらい,CT8XW752X,蓮ノ空写真部,1162,15,3591,1111800,1,5,1,4,5,2,4,5,27
CPMDT3WK5,久太郎,NJBBTCY3A,かにかに！,1283,15,3591,1111800,1,8,1,4,4,4,4,5,31
YRJ1RF15X,麟,5KK3DFY18,MUGEN∞,1300,2,3593,1111600,1,6,1,1,6,4,2,5,26
E2VA2UUV6,やつで,7NJM1VURM,らんるん部。,1399,10,3594,1111400,7,8,4,6,8,7,6,7,53
G4B419TOO,にんげん,573J1JVVK,かほかほ,1271,5,3595,1111200,4,6,4,4,4,4,6,7,39
02M9C85BG,たいやし,G59NGM0XA,シュリーレン,1205,20,3596,1111000,6,10,6,6,7,6,10,10,61
BDAGXRUPG,ほのぼー,ULUELCJ7T,なるようになる？,1016,2,3597,1110800,1,4,1,1,8,6,1,4,26
0JVN6CV56,スノマリ,M206VENTF,蓮紺の会,991,2,3598,1110600,4,4,1,2,4,5,1,4,25
MCCUM53MR,Lang,DKNHY5HH6,なす料理研究会,570,0,3599,1110400,2,8,1,1,1,6,1,1,21
XL5B99BPP,月下 秋奈,3HDDYR4FU,旅人,715,3,3599,1110400,3,7,2,2,3,9,2,2,30
1H1Q1K9Z2,sin,DF7FA982P,蓮ノ空百合部,1181,20,3601,1110200,9,10,6,5,8,5,9,10,62
EBAVN3FEY,T-2,TKVR3KU7L,ネギトロTKG,1341,2,3602,1110000,1,6,1,4,5,4,4,5,30
HI1R5G55V,みどり,JY79RPB1D,リンクラゆる部,1193,8,3603,1109800,6,1,1,8,9,8,8,6,47
Y0998CGL7,harry,BMR3178HR,蓮ノ空シアター,1152,7,3604,1109600,5,9,6,5,7,6,5,6,49
6BXHFM5B1,ざわ,W09WBG3HY,どろんちゅ,1128,6,3605,1109400,1,4,2,4,5,4,4,4,28
LBX336NBX,バート,RF5215M2U,スクステ同好会②,1523,4,3606,1109200,1,5,1,4,7,6,7,7,38
5BFNJAY4B,ケイゴ,9D722M8KC,蓮ノ空同好会,1075,4,3607,1109000,2,4,1,4,7,4,6,7,35
W6UHD1FK2,ブルーベリー,424NLTEE8,無言な異次元部屋,1303,6,3607,1109000,6,8,5,7,6,6,6,7,51
OSOCKZ7QE,九尾とし@may,866DU609J,ラ！スレ@may,1317,2,3609,1108800,1,7,1,4,4,6,4,5,32
XUMXWY6XW,ろんろん,KBJ2P8T0Y,人見知りの集い,763,4,3610,1108600,2,5,3,4,4,5,2,6,31
H72A59R4Z,????????,N34LHVJKN,のんびり堂,1071,0,3611,1108200,1,4,1,4,4,5,1,4,24
LLF02VNK3,pot,T56X6LP0L,光の海,1117,9,3612,1108000,1,5,1,4,6,3,8,9,37
5E9TJEEDJ,サラダ,GPKTRBCTT,騎空団蓮ノ空支部,1005,12,3613,1107800,2,4,1,4,6,5,5,5,32
0XXRBYD3F,K,XA0XD41CM,ぼっちぼっち,752,4,3614,1107600,4,5,4,5,4,6,4,6,38
MOXAZXJ7Z,スリンキー,C2XLWUTL1,夕霧綴理親衛隊,1215,5,3615,1107400,2,5,3,1,5,3,7,7,33
LFT42AX21,ふぃる,GN1798YEX,ド!ド!同好会,1311,11,3616,1107200,5,7,5,5,8,5,7,7,49
EY2D1P0H3,hyper98,BW38LDPRF,蓮浦の星空,1488,20,3617,1107000,5,8,5,5,5,7,4,5,44
R0E2W149E,ながこ,DHKUGEWBJ,めぐ党虹ヶ咲支部,1112,1,3618,1106800,2,7,1,1,6,2,7,7,33
QYHPVIYV9,ロクレン,T2XRMGEAE,蓮根無言会,1145,3,3619,1106600,2,7,5,5,5,6,5,7,42
VMR8XX4TB,つゆたく,4FXPC55PY,PPIHクラブ,1346,1,3620,1106200,3,7,3,5,6,6,4,6,40
4MYGMM92F,トリガー,JWUL2T36L,チーム初心者,1290,20,3620,1106200,6,8,1,6,6,5,10,9,51
UVPHPFBMA,ヤマト,XURY539UN,筑波大ラ研,151,0,3622,1106000,4,5,4,4,6,3,2,4,32
VIO6Y4MKX,みな,8FR866PRY,蓮っ子みらくラブ,1064,8,3623,1105800,1,3,1,1,4,5,1,2,18
6O1639U3K,ことりっぷ,JTX1G19BP,さやかほ癒し会,1250,20,3624,1105600,5,7,3,4,8,5,4,7,43
B0PFVEFHN,仁平岳登,95281XDJ3,三重の弱者,670,2,3625,1105400,1,4,3,4,6,1,5,3,27
ESUXJEN6S,たか,YD2XWWFA4,蓮好き好きクラブ,1455,6,3626,1105200,2,7,7,5,7,5,5,5,43
GKRX7E7R9,いちごプリン,66BTJEEV6,ほりでぃぱーく!,1410,17,3627,1105000,3,4,2,4,6,3,5,1,28
IWQELTQ3D,すなを,CX967RTGY,おんゆあさーくる,1426,16,3628,1104800,5,7,6,6,6,8,6,6,50
M482LPJ59,まつたけ,8JMW9G2XW,僕らのリンクラ！,1632,9,3628,1104800,6,8,6,6,8,6,7,9,56
7L55Q5L3A,あそびの,5KFDF3U8L,蓮ノ空口下手部,1246,14,3630,1104600,3,7,1,4,4,5,4,5,33
H04KAEDYR,獅子の字,93B3T7BFR,GJ部,478,0,3631,1104400,1,10,2,1,1,3,1,1,20
C2MJSUC5G,从c*・ヮ・§,N8L41JAA7,無言 ノルマなし,1363,2,3632,1104200,2,5,1,4,5,4,4,5,30
83LAKJUUU,2枚引く(仮),KGDNX3EF3,ENcircle,373,0,3633,1104000,1,5,7,1,9,8,2,5,38
RCDU16HGH,栞,,,475,1,3634,1103800,3,6,4,1,4,4,2,1,25
3XVJ9HC1U,テンペスタス,3BE2RELRC,見晴台,1034,2,3635,1103600,1,5,1,1,4,5,4,4,25
2Y0DBCTHC,さっくん,18YYNRFGA,LotusSky,595,2,3636,1103400,1,4,2,2,3,2,2,1,17
V39YW7DT7,GUNEXE,919XF8V2V,蓮之空大三腳,1174,20,3637,1103200,2,8,1,4,1,4,7,7,34
YPN3XNM6Y,YAMA23,LLDLG20UU,UR取り隊,1074,0,3638,1103000,3,4,1,4,4,5,4,4,29
72WV8KO9H,だいきん,KBJ2P8T0Y,人見知りの集い,1375,16,3639,1102800,1,1,1,1,5,2,8,9,28
XJSQA264N,Akky,W26TRPM1R,めぐ党藤島派,1511,9,3640,1102600,1,8,1,1,9,8,8,7,43
5GA1DDMN0,hikari,573J1JVVK,かほかほ,595,2,3641,1102400,1,1,1,10,4,10,1,1,29
6H1PM082P,あゆちん,NC2YT2V28,蓮之愛同予者何人,896,9,3642,1102200,1,5,1,1,1,2,1,4,16
A8BANJXEE,たけのこ,1DU9LCND7,蓮ノ空すこやか部,1258,6,3643,1102000,5,9,6,5,8,8,7,8,56
G7G5TJ07C,ろんぐ,9FF5JBNDF,めぐすきクラブ,1309,0,3643,1102000,1,6,1,2,5,6,2,5,28
362W05BWC,大漁旗,,,504,0,3645,1101800,2,5,3,3,5,5,5,5,33
I3FSRVW35,エイト,KXU941RFJ,梢先輩おめでとう,1439,9,3646,1101400,1,7,1,6,5,6,5,6,37
RR4L71LVA,縹（はなだ）,Y2HV0YEF7,蓮ノ空を応援し隊,1288,20,3647,1101200,3,10,5,3,8,5,3,9,46
KFPRA9G2J,Exca,BCJRMHE75,梢すきすきクラブ,1159,14,3648,1100800,1,5,1,4,4,5,4,5,29
5EH053XM0,❃,B5RB6PDGT,人見知りクラブ,769,0,3649,1100600,1,4,1,4,7,5,5,5,32
9DBK5J4FH,ロッキー,F8MLHU2NV,乙宗梢様､､､,1262,3,3649,1100600,1,4,1,4,5,4,5,5,29
5PJMVDK3N,せかい,CRXN961YF,ビギナーズラック,792,0,3651,1100400,1,6,1,4,4,4,4,4,28
F7NY6J931,パピルス,M6UPWJ6DU,蓮結ぶ虹と星の音,980,1,3652,1100200,7,10,10,1,4,3,8,3,46
G97WK9KRH,Leiya,J7N4W6Y1K,こずミックラブ♡,1005,14,3653,1099800,2,4,1,4,6,5,4,4,30
HY6WTHQBK,はこべら,0CBM28JP6,ほうき星,1083,2,3654,1099600,1,8,5,4,6,4,4,5,37
SD51X4UWF,ハラヘリズム,GN1798YEX,ド!ド!同好会,1281,15,3655,1099400,1,4,1,4,7,3,5,7,32
7HXJMYPMC,翔太朗,0R8BXPRC1,ポチっ！とクラブ,862,3,3656,1099200,3,7,2,6,7,5,5,3,38
UI4395BTN,からくさ,G0WK9025W,ああああああああ,1263,14,3656,1099200,5,4,2,4,6,6,6,4,37
729QRD2IC,ぶんしょう,8BAYBXUXC,スリブ大好き♪,1243,12,3658,1099000,9,9,8,5,7,6,6,6,56
K6KC83A9N,りゅうのあ。,378N79BKU,蓮ノ空至上主義！,1056,8,3659,1098800,5,5,4,4,6,6,4,4,38
2LBFVOXSX,えすえいち村民,9JTF508LB,スクスタ亡霊部,1573,15,3660,1098600,7,7,7,7,7,8,7,7,57
KEBFXANCN,kagayaki,9E910GGD2,蓮ノ空給湯室,1003,5,3661,1098400,6,5,6,6,7,6,4,4,44
EOWWHMVU8,みかのん!,KGDNX3EF3,ENcircle,1369,15,3662,1098200,6,7,6,7,6,6,6,6,50
FSHJVHIEX,ぽむ,4RY75CKM4,LLすこ部　メ募,1369,4,3663,1098000,2,7,3,5,6,6,6,6,41
D3YJXA0A0,バブゆずの香り,R9T0YKDW8,かちまち応援隊,1119,11,3664,1097800,2,2,1,1,3,4,1,2,16
1AKEK3TLD,yanagi,UMG1B9C7V,蓮ノ空女学院,1126,2,3664,1097800,4,6,4,5,4,6,4,6,39
C9JIDED15,清水 恵,X8CVE2HNF,私ののぞみ,1486,8,3666,1097600,6,10,8,4,8,8,6,6,56
3F1WGXUCI,りゃんぽうす,AXG81GPMP,蓮ノ空マタギ部,1301,2,3667,1097400,2,7,4,4,8,6,6,7,44
N0LNCTARE,いくら,GYG7B5R36,幼馴染同好会,685,2,3668,1097200,2,10,2,2,6,8,4,2,36
9AKP2ML53,カナセ,7RBMBBY88,瑠璃色金魚,1019,1,3669,1097000,1,2,1,1,2,2,2,1,12
9LVC7UFJR,KKstar,KBJ2P8T0Y,人見知りの集い,1048,4,3670,1096800,2,7,1,5,4,4,4,4,31
JENRDYVJT,みぎ,H7XTA61FW,村野好き好きクラ,630,0,3671,1096600,1,2,1,1,1,2,2,1,11
0807XGK2E,あっかり〜ん,07JW71HWG,良いチケで観よう,1383,20,3672,1096400,4,4,4,4,7,6,7,7,43
77GM1FVZE,エクスプレス,3EP5KGPDW,ドミノシティ,1108,10,3672,1096400,1,4,2,4,7,6,5,5,34
XTLBAD21U,かわニャン,LUDNM40F8,ふくふく無言OK,1208,5,3674,1096200,2,7,1,4,4,4,4,4,30
T1YOTIACC,よつぎ,2AUM7L9BW,蓮初心者クラブ,909,6,3675,1096000,2,5,1,1,7,4,1,1,22
FCV8B4U8P,やみれ,AGJ215YND,蓮の空中國分校,745,4,3676,1095800,1,7,1,4,1,4,4,1,23
IPI65P1CN,ちゅけま。,CRYB2FJ64,つくよみくらぶ,1211,12,3677,1095600,3,6,2,4,2,5,4,2,28
MFX0F4155,ゆりたす,GPKTRBCTT,騎空団蓮ノ空支部,863,0,3678,1095400,1,5,4,4,4,7,4,4,33
NAQKDWP85,フカ丸,Y2P9LABR2,スクステ同好会③,1469,8,3679,1095200,1,4,1,1,5,2,7,9,30
5FVD8TFC5,あべかわもち,RXXUPMWB9,待機室跡地観測所,1298,4,3680,1095000,1,1,1,1,1,2,1,1,9
FNN3G1LXV,Tax1,J0PT5EX42,スクスタモ部,370,2,3680,1095000,1,6,5,10,5,4,5,5,41
RK2YMNYJW,梓,VLY5JDKCV,新規なのだけれど,546,3,3682,1094800,8,10,6,6,7,6,5,6,54
RMODCZ4E0,はぎもち,ARYW1G3TD,ひめすず見守り,1418,12,3683,1094600,5,8,5,5,6,6,5,6,46
MHUA0464C,イボンコ,NMT63RUDV,泥村,1165,3,3684,1094400,1,7,1,4,7,4,5,5,34
WXH6KLL9Y,アルパカ,CYNFHNND2,（＾◇＾）,619,2,3685,1094200,3,5,5,5,3,5,5,4,35
BKTBD2KHM,ななまる,ABU58EVJ2,Quatuor,1096,10,3686,1094000,3,7,1,4,5,6,4,5,35
UVP49MJTJ,トワ,PLBBEX019,待機室目指し隊,1181,11,3687,1093800,7,6,9,7,7,7,6,6,55
83GVD5P3L,あの日忘れた傘,BW38LDPRF,蓮浦の星空,982,4,3688,1093600,1,2,1,1,2,4,1,4,16
KSZHG80JF,かわ,HYW8FP2GR,ちゅけ会,1173,20,3688,1093600,1,8,1,4,5,7,4,6,36
1WPJD1K4C,-riku-,LT9K2FP23,慈党リンクラ部,577,4,3690,1093400,4,6,4,4,3,4,3,3,31
D22044U1E,ゆい＊,L3NN1RWMY,アポロベイ海賊団,1055,8,3691,1093200,2,6,1,4,5,5,5,5,33
0V7D12WV8,らんち,06A0GBYLL,ロータスNHK,1618,10,3692,1093000,5,7,5,4,6,6,8,7,48
0TNGLPKNB,つづるり大明神,ABU58EVJ2,Quatuor,1000,6,3693,1092600,1,5,1,5,5,4,4,4,29
7U3C8K7VU,しまい,VD7N7A4WH,氷青色,630,1,3694,1092400,2,3,1,1,5,2,1,1,16
MZIDN029U,みらくる,PPAHU1TNY,蓮ノ空のんびり部,1429,5,3695,1092200,6,6,5,6,7,7,6,6,49
33W7012KL,やたまる,NDGW77R2V,こず花帆尊い,874,2,3695,1092200,3,7,2,5,7,7,4,6,41
WY285NN4T,になしぃ,60KU468X3,はっすーず,733,1,3697,1092000,1,7,1,1,7,6,1,7,31
8CQYZZWWJ,スミソ,VY26V3P0K,AltF4され隊,1392,3,3698,1091800,5,8,5,6,8,6,6,7,51
C7FEF3635,神城,JDAG79TG7,百合ノ空観察部,1319,4,3699,1091600,2,3,1,9,7,4,2,8,36
0WFZ3A007,ごっつ,X7YM9EG8K,伝統の石川地酒,1214,19,3700,1091400,5,7,5,5,7,6,5,6,46
E4R46VY57,ミルクティー,NGFXVPCGX,うさぎのしっぽ,1195,4,3701,1091200,1,5,1,4,4,4,4,6,29
XM5UG18PA,るい,,,561,0,3702,1091000,2,9,2,1,3,4,2,4,27
92UL6EJMX,へいぽ,LB0RDFJVT,へい,287,0,3703,1090800,4,7,3,5,6,2,4,1,32
F4GM7DBEB,usan,MG3X118W7,大室家,948,6,3703,1090800,2,5,1,4,5,3,4,1,25
92H25B0SA,れい,C2XLWUTL1,夕霧綴理親衛隊,1373,6,3705,1090600,1,10,7,1,1,2,8,8,38
FU9G7NGUM,ツーベルク,XE8513HNP,喫茶カワウ空✨,1181,2,3706,1090400,1,7,1,4,7,6,4,5,35
AOZW5GR71,がーすー,2JK7E4115,ラ！推し,1251,13,3707,1090200,1,8,4,4,8,2,6,5,38
6UR6X71C2,コーネル,26CAPRWLJ,大倉庫救助隊,948,0,3708,1090000,5,6,6,4,4,4,4,4,37
N9FTVXJ96,ガースー,HKETDDCK6,ぼっちざ蓮!!,832,2,3709,1089800,2,10,2,1,4,4,5,4,32
C98FXCD6Y,なし,H0DV3JJGA,かほさやてぇてぇ,1141,7,3710,1089600,3,5,4,6,4,4,6,8,40
4J088B5IB,はんばーぐ,TK9E1BB1P,無言で自由,1039,5,3711,1089400,1,8,1,5,7,6,6,7,41
25CDGIHNI,柳 麗羅,T045NDKW0,♬さやか愛好会♬,1108,6,3711,1089400,1,10,1,5,2,3,5,4,31
BY6JEY5PB,侑,GW4CH70HK,TKG同好会,954,2,3713,1089200,4,4,1,5,7,6,1,4,32
AA0PF56IW,『キミタイトル』,FK5MUK0ET,くる♡すきクラブ,1160,20,3714,1089000,2,7,4,5,5,5,4,5,37
04REXQRZE,ユーロ,9X07VGM42,近江町食べ歩き隊,1446,11,3715,1088800,6,8,5,7,8,7,8,8,57
BBJB4658L,ハルひ,YADX9DY49,ﾊｽﾉｿﾗｰ,1305,10,3716,1088600,2,10,1,2,6,6,3,4,34
23LY1KLNG,ふらっぐ,V26546K3D,乙宗気合筋肉,1308,3,3717,1088400,1,5,3,4,5,6,5,4,33
LJAJ8PT76,パチクロス,9FF5JBNDF,めぐすきクラブ,1421,10,3718,1088200,1,7,1,5,6,4,1,5,30
R16J6JUJA,Wingzero,BK8AXMYGC,いってらっしゃい,1150,19,3719,1088000,3,10,3,3,5,5,3,6,38
8GBLTVNND,ガンジー,8M6UDX260,ぽけもん好き,994,1,3719,1088000,1,4,1,4,5,6,4,4,29
2JHVX9B1O,しるふぃん,9WJB6YPPN,温室花畑,1287,4,3721,1087800,1,4,1,1,5,4,1,6,23
RXZQHNB3T,七穂,WHWT61ELR,【無言】ハスノソ,1318,6,3722,1087600,5,9,6,6,7,6,5,8,52
E2U9KK2U4,えーいち,GBGFR3LVR,ココン東西南北,1100,2,3723,1087400,3,6,6,1,5,2,5,8,36
YX8YXDMEK,Nenshima,Y2P9LABR2,スクステ同好会③,1247,11,3724,1087200,2,4,1,5,5,4,5,7,33
FBV24R5LR,Kuma,X33HHA9F8,アルストロメリア,435,0,3725,1087000,1,7,2,1,4,5,1,4,25
UUTH59CXT,ともっち,DKNHY5HH6,なす料理研究会,1264,2,3726,1086800,6,7,6,7,6,8,6,6,52
M1R2JXC7F,あんたつ,4FXPC55PY,PPIHクラブ,934,4,3727,1086600,1,5,2,6,6,5,4,4,33
6R0UL4BC6,kino,FMKP92LRL,目が霞む人達,1108,3,3727,1086600,1,4,1,4,4,4,4,4,26
HL2A48X86,れこ,7XCGCUG96,ふみスタ,799,0,3729,1086400,1,7,1,4,4,2,4,1,24
BTDRBWM8J,あーぷ,BEMED3RY1,無言無課金ok,856,0,3730,1086200,1,4,2,4,4,5,4,4,28
94JLM5EB9,Shin,0YLUK30K6,蓮っコの集い,1052,8,3731,1086000,3,5,1,4,8,6,4,4,35
1UQI8OEZ4,暳,279NUYU7C,れんこん,1454,20,3732,1085800,1,7,1,4,5,4,10,10,42
ZOKWOJ9OU,たのひと,A73H7ENN2,エロマンガ同好会,1462,2,3733,1085600,2,7,1,4,5,6,7,7,39
RA145L3JH,田中清,P2J37FNLG,乙宗先生指導会,1165,11,3734,1085400,1,7,5,5,5,5,4,1,33
H6A6TH1UD,ケミカルウミウシ,D7H8MN2U4,LLD,1596,13,3735,1085200,1,10,1,1,5,2,1,1,22
NB3WHDF34,Blue0v0,GWGDMA3YC,初心者無言自由だ,506,2,3735,1085200,4,8,3,7,7,7,5,5,46
N0YY96RGE,カナミ,PWK02KG0F,メメントの森公園,554,0,3737,1085000,5,6,4,3,7,5,3,3,36
4Y7J2MK4V,もと,N7GLY2RUW,百生銀行,1029,2,3738,1084800,6,6,6,9,6,6,7,6,52
WE6R27FDF,シャイコフ,KWFJDTKE7,オメガケンタウリ,1254,2,3739,1084600,1,5,1,4,1,6,5,5,28
70JWEB9JC,純喫茶パフェ子,BKUHCT7WF,蓮女お嬢様部,1325,16,3740,1084400,1,6,1,4,6,6,7,7,38
LYU7T63JY,TR3.14,PULJ8VCHJ,蓮ノ空を推す会,446,0,3741,1084200,3,9,2,1,5,4,2,7,33
FXRAFHXEE,2262z,919XF8V2V,蓮之空大三腳,1216,3,3742,1084000,1,5,1,4,5,5,5,5,31
NH5L8MJ7E,たけし,NP62BXJA6,棄民の王,1011,2,3743,1083800,1,5,1,4,7,4,4,5,31
UL1UYJN4V,(^-^),HH93ADAW3,無言自由。,1225,20,3743,1083800,1,7,2,2,7,5,6,7,37
4J8BCCVDJ,ブラマト,573J1JVVK,かほかほ,1412,8,3745,1083600,5,8,3,6,7,6,6,6,47
AHNEAG9AJ,ラブラ牧場,DHKUGEWBJ,めぐ党虹ヶ咲支部,1182,9,3746,1083400,1,5,1,7,5,6,5,7,37
IJE2PAYVU,びばんだむ,8ARWEB67F,蓮ノ空れぎゃ米部,1415,19,3747,1083200,1,6,1,4,5,2,5,1,25
W4KHFCYGY,超ヤサイ人,6045Y2RW7,ポチっと！蓮ノ空,1369,16,3748,1083000,2,4,1,1,6,6,1,6,27
6X5FAG4KY,びにゃーご,NRK4MV1C1,茅バール,850,0,3749,1082800,2,4,1,5,1,7,4,4,28
3XJ7C6INA,ユミル,7VRH415VM,リンクラ部,1239,8,3750,1082600,1,5,1,4,5,4,4,5,29
FD6HELHBA,zarala,TFGKYEY98,LLP JR,1104,13,3751,1082400,3,9,1,5,4,4,5,7,38
BX4TE8G01,Lisato,H6CCL64P9,NATTO,817,2,3751,1082400,2,9,4,1,1,8,1,1,27
XD3EEVMRA,色波,V8XX999F6,卍蓮村幼稚園卍,1418,9,3753,1082200,1,4,1,4,2,2,1,7,22
413EV1YU8,redsonic,MJX5YVH56,日豊本線ソロの会,1267,5,3754,1082000,1,5,1,4,6,4,5,5,31
4A5NPA960,しんすけ,GGK2P93JK,きゃらめる,574,0,3755,1081800,2,7,2,4,4,5,4,4,32
QV9PR61S7,ふどう,W3F0URUJC,梢先輩応援団,1535,15,3756,1081600,1,6,1,4,6,6,4,4,32
96V934TV5,ながなん,61UTNTRU1,初心者さん,1322,7,3757,1081400,1,5,1,4,5,4,4,5,29
5J8X0TN63,オレンジネコ,TR6AR49NR,行けたら行く,502,0,3758,1081200,2,6,2,4,4,5,4,4,31
MX01EIBNX,チョココロネ,W26TRPM1R,めぐ党藤島派,1171,3,3759,1081000,1,5,1,4,5,6,6,5,33
T1GTJV3LT,kyu,HRTGYAN3N,3度の飯より睡眠,1113,4,3759,1081000,1,10,1,4,6,6,5,4,37
ACX7610VH,へき,YVV9CMBLW,東京公演で沼落ち,1256,3,3761,1080800,1,4,1,4,1,3,4,5,23
EHCNHT2XN,taka,63AKA05VR,まったりGngy,1186,3,3762,1080600,2,4,1,4,4,5,4,5,29
V2LHVVUHN,ペリドット,4FXPC55PY,PPIHクラブ,1067,3,3763,1080400,2,7,1,4,5,4,4,4,31
0CPFA3PTM,かりんたや,25PMPEMG7,星見プロ,1585,15,3764,1080200,3,3,3,4,3,3,4,2,25
B2ACV9G2B,chiso,KULVP7FDR,アニマル分室,1160,19,3765,1080000,1,5,1,4,1,4,4,5,25
Z6MKBXGRD,むーさん,422KR6BPC,推しを愛する者達,1187,20,3766,1079800,3,5,1,4,7,4,9,9,42
ONYDHDIZ6,滉（ﾋﾛ）,2ULM366U6,毎日がエブリデイ,1430,20,3767,1079600,3,6,3,3,6,4,7,8,40
3CPP30F9B,ふぉす,WAT20PN3Y,こな党,1335,12,3767,1079600,1,9,4,7,5,4,5,5,40
C0EFLUCXP,あを,PH0YEPJD8,蓮ノ空北國金沢,1372,18,3769,1079400,1,5,2,1,7,6,2,8,32
2525KFYH1,まつりょー,YLJ2PP4X4,全日本謝罪同好会,1173,17,3770,1079200,4,6,2,4,4,4,1,4,29
RCM1KH9T5,zuzu,0B8RTHY4D,のんびり屋さん,749,0,3771,1079000,3,8,8,2,8,4,2,5,40
CK0PATXX0,トモゾー,2DYYAPFVN,蓮っ子村,755,3,3772,1078800,1,8,6,1,1,10,1,1,29
BJV4CQSRG,taktom,8YDE8BXJT,ずんだシェイク！,1413,10,3773,1078600,1,7,1,5,6,7,5,7,39
FBJQUYBP1,アンコロモチ,L3NN1RWMY,アポロベイ海賊団,1213,10,3774,1078400,1,5,1,1,6,5,7,5,31
NDDPRFJU3,北ピー,NJBBTCY3A,かにかに！,896,3,3775,1078200,1,4,1,4,2,7,1,2,22
4LPEM7MBC,マルコ道路,T4YA3VH9U,徒徒徒町町町,713,2,3775,1078200,2,10,1,2,7,6,1,1,30
V1K39NAJC,darkwine,2DYYAPFVN,蓮っ子村,1136,1,3777,1078000,1,6,1,5,1,2,4,1,21
NX28EZ0CO,えもいまっちゃや,GYG7B5R36,幼馴染同好会,951,0,3778,1077800,1,4,1,1,5,6,1,5,24
HFVBGL01R,ソウ,BPHHYC793,ソロ専の集い,1153,6,3779,1077600,1,4,1,4,5,2,5,7,29
3GXV3YWWB,m4ax,BELCUYCMH,蓮hkg香港分部,1061,17,3780,1077400,3,4,1,4,3,5,4,5,29
6XLXYEW06,タンクトップ井上,R1RM3X0WV,後方腕組みオタク,945,1,3781,1077200,1,4,1,4,4,4,4,4,26
G4IX3PBEO,ぽむぷりっ♡,Y2HV0YEF7,蓮ノ空を応援し隊,1618,21,3782,1077000,4,10,6,6,10,7,10,10,63
HEX73ND4Z,咲,6HV2RH6TU,イベント用、無言,1254,0,3783,1076800,2,7,1,5,5,7,4,4,35
DR2J5TUTL,はづき,W0L71MBKT,芸楽部,1403,3,3783,1076800,7,7,7,7,7,7,6,7,55
59K7HM98C,しゃー,YD2XWWFA4,蓮好き好きクラブ,472,0,3785,1076600,2,4,1,1,5,4,1,1,19
8FBTJB7L3,ロッカ,,,507,0,3786,1076400,6,8,5,4,8,4,3,6,44
UDEXJ164F,たイッチー,TDNL11LXW,建布施具屋,862,4,3787,1076200,1,5,1,4,7,4,4,4,30
NR0NYU4FR,ゆう,N1JAJ83CA,蓮ノ空園芸部,1254,20,3788,1076000,5,7,1,1,4,4,7,7,36
RAK1H3AC4,RedBlue,DALU6BL7L,東方星蓮船,766,0,3789,1075800,3,6,3,6,7,6,2,1,34
TYMDCA3UB,kkok,D1VR7E35U,ひとり,760,0,3790,1075600,4,9,8,6,10,8,6,5,56
V90Y91T4H,DsHeaven,E7UBFLW56,同好会の同好会,1061,16,3791,1075400,1,7,3,1,7,10,1,7,37
KE0COKRLH,いっちゃん,M6UPWJ6DU,蓮結ぶ虹と星の音,1470,21,3791,1075400,6,10,6,6,9,7,7,7,58
XU2TUYZ6A,ニモ,,,1356,2,3793,1075200,2,8,1,4,4,4,5,5,33
FLLY0T11C,ぺきんだっく,5W8RPRVUA,ド！ド！泥！,1353,20,3794,1075000,2,7,1,2,7,3,8,1,31
M83SH5JIV,ユレア,GWGDMA3YC,初心者無言自由だ,1044,3,3795,1074600,1,1,3,1,5,5,5,5,26
943CL8HVK,おほーつく,4FXPC55PY,PPIHクラブ,1012,1,3796,1074400,5,7,5,4,4,5,4,6,40
9L8P6TUG6,レイン,66BTJEEV6,ほりでぃぱーく!,1179,7,3797,1074200,1,8,1,5,7,2,1,2,27
2VV6MC7RB,T,X7YM9EG8K,伝統の石川地酒,653,1,3798,1074000,8,9,3,5,5,2,2,5,39
8JABRHCY4,まっつぁん,RB1MJJ3RA,蓮ノ奏(仮),1166,16,3798,1074000,4,4,2,4,5,2,4,5,30
CT880F8LL,ささぼ,J8HXTJ8TB,流し素麺同好会,962,4,3800,1073800,7,7,5,6,5,7,2,3,42
U8JD6PLY8,なかしょー,NMT63RUDV,泥村,1218,20,3801,1073600,6,8,6,6,6,6,6,6,50
K8NUIOH6S,アッツン,61DV78UAJ,モタスポクラブ,1721,20,3802,1073400,2,6,1,5,5,4,5,5,33
TIM4PFF7L,ごんくまっき～☆,1EBG7YUTL,菅！CAN！叶！,1452,18,3803,1073200,1,4,1,1,8,6,8,8,37
78CJ7XWA0,タズ,1G89KTD5X,サークルひとり,1140,1,3804,1073000,1,6,1,5,6,4,5,5,33
H5NL9RHWC,よっしー,U1X8XUL9G,イベント用？,1266,11,3805,1072800,1,5,1,4,5,4,4,5,29
MPJRPYJ8T,ちま,LAP2W049X,りんひな愛好会,333,0,3806,1072600,1,7,4,1,4,6,2,3,28
VGZ1CCVZ4,タナトス,W3UUXHMDV,水彩ブーケ,1433,6,3806,1072600,1,8,1,5,7,6,5,5,38
HFE7UZ1HP,しるふら,1U4JN5CXB,LLユーカー部!,1152,3,3808,1072400,8,5,5,7,5,5,6,5,46
NTUSHVOJ8,小使,279NUYU7C,れんこん,1576,20,3809,1072200,7,8,3,4,6,5,8,7,48
OQDP1C7UZ,りん,D7UA5ER1E,UR報酬欲しい！,1010,13,3810,1072000,6,5,6,9,10,9,7,5,57
ME7HP4U4X,いちご,GR65FP8VN,蓮好き,330,0,3811,1071800,2,1,1,1,8,8,1,6,28
K69YLMT54,ゆきふさ,W26TRPM1R,めぐ党藤島派,1477,11,3812,1071600,1,7,4,6,8,7,7,7,47
THE8S8TE1,フォレスタ,JTX1G19BP,さやかほ癒し会,1254,12,3813,1071400,1,5,1,4,5,6,4,4,30
Y4RCPU2A0,ひなた,06DCWC1RE,とりあえず参戦用,880,5,3814,1071200,4,9,1,2,5,6,1,6,34
WRVEVRRSP,nissy,J0N1E3Y09,月火水木金土日,1236,3,3814,1071200,1,4,1,4,4,4,4,4,26
4GK3B17G8,今富吉人,N0JXLUDHV,そろ,1176,17,3816,1071000,2,8,1,4,8,6,4,5,38
V74QP6CHQ,watoson,L28X4MDJN,アフター観たいぞ,1373,18,3817,1070800,5,5,5,4,7,5,7,7,45
2PUUKBKH3,시아しあ,333AUNMN7,乙宗家,1065,12,3818,1070600,2,4,1,4,7,5,4,4,31
GPTP4PHME,モノノフ,GR65FP8VN,蓮好き,858,0,3819,1070400,2,7,3,1,2,3,1,1,20
P80R78494,進藤•野中うたい,YFADYJVW4,FPS好きクラブ,740,4,3820,1070200,3,6,1,4,7,4,4,1,30
TR3G3WTAB,Omogu,BWD9U1EJ2,蓮之空中国同好会,1245,20,3821,1070000,2,10,10,1,4,3,1,1,32
E3HYFERSO,とののの,WLLWJ8ADP,乙宗筋肉サークル,920,12,3822,1069800,1,7,5,7,3,7,3,1,34
FECOD3SNX,ぎんこ,GN1798YEX,ド!ド!同好会,1133,9,3822,1069800,3,5,1,4,6,4,4,6,33
W88VK2IFA,ジュウザ,WHWT61ELR,【無言】ハスノソ,1411,7,3824,1069600,7,7,8,7,9,7,6,7,58
C17SPWB91,あき,LY0XPW7NL,同棲概念強火派,1245,15,3825,1069400,3,10,2,1,4,5,4,4,33
G637X243W,likky,N752V1LD6,思想の溜まり場,1291,13,3826,1069200,1,8,2,8,6,4,1,2,32
KAPHWULX8,トワナッツ,Y2HV0YEF7,蓮ノ空を応援し隊,1263,19,3827,1069000,1,4,2,4,1,3,6,2,23
TFB1M96P1,EDstree,J80MEYHBC,Nymphaea,1231,20,3828,1068800,4,7,1,4,8,6,4,7,41
FN1VL9RTN,コゲ,RM7N1JDB5,無言推奨不干渉会,1398,20,3829,1068600,3,5,3,5,7,5,5,5,38
DKPOAWBV8,Gato,7XH3K4GBT,LLP,1377,20,3830,1068400,3,8,2,6,7,7,10,9,52
DBV4TN587,うしさんば,MTBP3B4GM,ふらわーすきすき,1539,16,3830,1068400,1,6,1,1,6,4,8,7,34
PWE31G4N1,霜月,BKUHCT7WF,蓮女お嬢様部,1243,16,3832,1068200,1,6,1,3,4,7,9,4,35
5WV29SIX9,ノエル,AND13836G,乙宗梢親衛隊,1336,1,3833,1068000,1,4,1,1,5,2,2,1,17
M4TKAYLLO,みーる,72J5PWU5K,ライグラ待機室,1291,14,3834,1067800,2,8,3,4,9,6,6,4,42
9XL5PGX3A,るーと,,,1078,18,3835,1067400,1,8,1,7,7,7,4,5,40
G7ABMLKPB,桜 颯 か も,XXMU9WLKB,梢の機械さん,977,2,3836,1067200,2,1,1,6,7,6,1,1,25
9OXVSEHUK,Aorin,HBD61R6WC,梢先輩すきすき部,1203,6,3837,1067000,2,6,1,2,5,2,6,7,31
Z7CRWN580,アッキー,B5V2LNN43,WMW,1558,15,3837,1067000,1,7,1,4,7,2,7,9,38
71A2XUE9B,theta,BKUHCT7WF,蓮女お嬢様部,1292,9,3839,1066800,1,5,1,4,5,4,5,5,30
8BFMY6MHF,みはと,NMT63RUDV,泥村,1184,12,3840,1066400,1,2,1,1,1,1,1,1,9
F6BNN1LG2,e,5W8RPRVUA,ド！ド！泥！,250,0,3841,1066200,2,6,1,1,1,5,1,1,18
NVCN6W28X,ICECafe,N6XAGG1BL,ゆいわに同好会,1002,9,3842,1066000,4,10,6,4,10,5,4,6,49
535BU0VDY,りゅうせい,7P4CAER9X,まったり倶楽部！,1199,20,3843,1065800,2,8,2,4,1,5,7,7,36
R4KMJE91V,Ktk,XLBU65J86,花の壁飾りクラブ,967,6,3844,1065600,2,8,4,4,4,6,5,1,34
7XH0EA57B,銀河mk2,PT1LVG3UG,華鳥風月,1408,6,3845,1065400,1,7,1,5,7,7,5,7,40
DR7HH3VRL,ゆきのはら,FLFXP0T22,沼津内浦メンバー,855,7,3846,1065200,3,9,1,1,4,2,4,4,28
D2YRHXX88,ユキ,YL2ELYC4U,さや…好きだよ…,1017,3,3847,1065000,1,8,1,4,8,6,6,5,39
CPH029KF1,ろくろ,26CAPRWLJ,大倉庫救助隊,714,0,3848,1064800,5,6,4,4,4,4,4,4,35
JEBFJU9HW,不可思議な学院生,E76N52LMW,イベントのみ,1000,2,3849,1064600,2,7,1,4,5,4,4,4,31
DRDX1HATJ,Roon,7MPNTWKTN,Dreamers,888,4,3850,1064400,5,6,5,6,5,5,5,7,44
MCP956821,O次郎,43HRXMXWA,無言OKクラブ,1437,20,3851,1064200,1,7,4,4,7,6,7,5,41
F77JUETL7,カザハ,82CY1DN9W,みらくるねす,1025,0,3851,1064200,1,6,1,1,5,2,1,1,18
1N33FCWYN,ロール,LJ7TT1VU9,sum,686,0,3853,1064000,2,5,3,5,7,6,4,4,36
RD200DHGJ,Baito,R9NGK6L48,のんびりサークル,817,0,3854,1063800,3,8,1,1,4,4,4,4,29
O8V23808Y,himawari,NGMU0511T,無言のお茶会,1096,4,3855,1063600,1,2,1,1,5,3,7,7,27
X9JCX2RT1,オガ,GN9EEL045,きらくに,568,0,3856,1063400,2,7,2,4,4,4,4,5,32
5N69WLE6J,みなみ,23PGPJ3NV,蓮ビギナーの集い,609,0,3857,1063200,3,10,3,1,4,6,1,4,32
C1M48C14N,のなし,,,1122,16,3858,1063000,7,4,5,7,8,7,7,7,52
1BFELE7V0,あん,KA652DGYV,ゆるリンクラ,1140,6,3859,1062800,1,4,1,1,4,6,5,1,23
HXF8FVBR2,ささみ,YDYH4VRRP,レンクウ,1120,3,3859,1062800,1,2,1,1,2,4,1,6,18
KPJ9UNUNS,キマケル,UYCT3Y4JK,蓮っ子,1348,10,3861,1062600,1,5,1,5,4,5,4,6,31
8XEWYC30M,きよまる,U98UKD6RY,異次元フェスP,1280,20,3862,1062400,1,10,9,2,10,2,9,9,52
VYJ7DV948,ささっと,PF22HULND,みゅーじあむ,651,0,3863,1062200,3,7,3,4,4,5,3,5,34
2RCLJ86ED,おはぎ,DHKUGEWBJ,めぐ党虹ヶ咲支部,1323,2,3864,1062000,1,7,2,6,7,7,5,7,42
XB6RJBL35,モコスケマータ,DFXN9DB2H,どんぐり共和国,1155,13,3865,1061800,1,1,1,1,1,2,1,1,9
SIOLOKXI1,ももちこ,HWJ8XPW0T,箱推しなのだけど,1178,2,3866,1061600,1,2,2,3,5,6,2,4,25
XL236XPDD,まりも,V1G3KNET8,パンダ和花,683,0,3867,1061400,2,5,1,5,5,4,4,5,31
W7R60V6FV,きりりん,KGY709ULG,蓮の花束,1034,2,3867,1061400,3,4,1,4,4,5,4,4,29
N5TJTH86P,トオル,KFC62L0FV,ねるねる同好会,1293,10,3869,1061200,1,4,1,4,5,4,5,4,28
B6FUBWG92,花帆のへそ舐める,0CEA9XFKR,蓮ノ空の泥人会,821,4,3870,1061000,2,3,1,2,5,5,1,1,20
F4S1FCK8S,MIO,V7768X8AC,せーので！,1217,15,3871,1060800,3,6,1,5,5,2,4,9,35
MPJO08LKA,Word,DKNHY5HH6,なす料理研究会,1495,20,3872,1060600,7,8,7,8,7,9,8,7,61
FXHU7EHD3,Leon,HBCC35887,そりゃー!!!,1466,20,3873,1060400,2,7,1,5,8,6,7,6,42
3KFL16EG1,ryo,KXB93FVTR,ブルームガーデン,945,2,3874,1060200,2,4,1,5,6,5,4,5,32
PYN9U63LV,ヤドン柳田,7NFK6A4AN,だらけ屋本舗,1288,19,3875,1060000,1,7,1,4,8,5,6,5,37
VH67XLPPG,Weegedor,JDHWPLJ32,くぁwせdrf,902,5,3875,1060000,8,10,7,5,7,6,5,5,53
9EBN8N33L,Rina,AAHB7C276,HaCordVN,1115,14,3877,1059800,1,5,1,6,7,7,1,1,29
5WHJHQCU2,かく,N8L41JAA7,無言 ノルマなし,1350,17,3878,1059600,1,6,1,4,5,6,4,5,32
FDYFJWRNU,イシダイさん,GKR9TEBYC,毎日がホリデイ♪,1026,8,3879,1059400,1,1,1,4,5,6,4,4,26
8RE0PKUY3,暮之霞,EYEPHE14G,花上梢頭,259,0,3880,1059200,4,8,5,4,4,4,4,2,35
NX8P49EJQ,那須光輝,ULUELCJ7T,なるようになる？,1039,2,3881,1059000,3,4,3,4,7,6,4,4,35
X89P9MXL4,かき氷,FG5VFFNRK,蓮ノ空おじさん,1248,7,3882,1058800,1,4,1,4,5,4,5,7,31
4JXUNTBN2,CodyHo,KANLFTMVJ,蓮ノ空中文同好會,1017,16,3883,1058600,1,5,1,4,6,2,1,1,21
GG1H7V88M,うじはじ,XHJLF3R8H,ゆったりプレイ,1023,4,3883,1058600,2,7,1,4,6,4,4,5,33
KB8UJ667N,ホワイトおでん,X7YM9EG8K,伝統の石川地酒,429,0,3885,1058400,2,9,1,5,5,6,4,7,39
CK0GFNE6V,さすらいの学院生,BTVC9G95X,FES用,1025,8,3886,1058200,1,10,1,4,6,2,2,1,27
BZ0GJ1LKB,しぐ,7B0W0EWVA,ソロの為の避難所,1239,10,3887,1058000,1,4,1,5,4,4,5,5,29
7RTX9VDV9,ヤング,3194B9E93,初心者寄り合い所,1148,7,3888,1057800,3,5,1,1,5,4,8,7,34
V89RAPNC1,東郷,VD7N7A4WH,氷青色,931,3,3889,1057600,2,4,1,4,4,4,4,4,27
HTN6PPZN5,ひな,W3YKKRWHG,ルリと愉快な一家,1324,4,3890,1057400,1,6,3,5,6,5,2,4,32
BITKA7GHG,ゆう,948FLPMPN,まったりハス煮〜,1096,14,3891,1057200,2,4,1,4,5,6,1,1,24
APNNN1TTL,non,TTDBXERCU,蓮ノ空 全力応援,742,4,3891,1057200,3,7,3,1,6,4,1,1,26
F8H7K8DWR,カンベエ,M206VENTF,蓮紺の会,1014,5,3893,1057000,3,8,4,2,4,3,5,7,36
KYFKHTHHR,たくぼん,DDKKFN9Y5,蓮ノ空箱推し部！,1017,10,3894,1056800,4,8,4,4,6,6,4,4,40
IVN9BKME2,スサノオブシドー,0B8RTHY4D,のんびり屋さん,1309,15,3895,1056600,1,10,10,4,5,6,4,5,45
J4NZI8Y0P,Ｌｕｃｋｙ。Ｊ,PXPPLWXF0,ラッキーＫ,1111,3,3896,1056400,1,5,1,4,4,4,4,4,27
MHA5MKNTG,千井川(ちいかわ,LHXNEF3D5,まるまるサークル,1365,4,3897,1056200,2,5,1,4,4,4,4,5,29
TWDVYFCM2,いぷ,1YLFFXC1E,安土桃山時代,1274,10,3898,1056000,3,4,3,3,3,4,3,5,28
P2R8GGUT5,モスsdsb,R47BK5ETJ,Hurray,600,0,3899,1055800,3,8,1,5,7,6,6,5,41
0R8HRZKZ0,くろと,6D49YVAT7,ユニット愛で隊,1380,15,3899,1055800,2,4,1,4,5,5,5,5,31
WNG4YNTXU,雄一狼,26CAPRWLJ,大倉庫救助隊,978,0,3901,1055600,5,5,4,4,4,4,4,4,34
B6QUQQES1,リーン,9FF5JBNDF,めぐすきクラブ,1264,19,3902,1055400,2,6,1,4,4,6,5,4,32
B5BL0N7J6,ガブ,FH7G62PKW,月火水木金土日,1213,6,3903,1055200,2,7,1,4,5,4,4,5,32
NIQRV9NQA,kankon,X34LWGL6R,サークル2,1343,8,3904,1055000,6,9,5,6,8,7,8,8,57
RLA0JVUKJ,みんと,HPTHY23VR,蓮ノ空文芸部,549,0,3905,1054800,1,9,1,4,1,2,4,7,29
8RDB2RWKT,ハヤサク,97BGFLKW9,◯◯◯,1279,5,3906,1054400,2,4,1,5,5,5,4,7,33
KKFEULZBG,かおさん,VKNVG1K0B,おさかなサークル,1501,3,3906,1054400,1,10,1,4,6,6,4,5,37
OQ0CB3XWK,うざむん,HBCC35887,そりゃー!!!,1689,6,3908,1054200,6,10,8,10,8,8,6,8,64
ESBNCNW5F,おだんご,8R49BTWW6,蓮女お嬢様クラブ,1430,20,3909,1053800,6,6,6,6,7,5,8,9,53
ORYI1IWJW,みゅう,BELCUYCMH,蓮hkg香港分部,1250,18,3910,1053600,1,1,1,1,4,3,4,7,22
L0PV7RXF7,ほんだ,UCF93JAPM,スワンプマン,1290,10,3911,1053400,1,6,4,4,6,5,5,7,38
ZZ5O8E0M4,coldblue,9YG7C0VM7,綴理と無言で昼寝,1255,2,3912,1053200,1,4,1,4,6,2,5,1,24
AD11X32E2,ともちく,YNR28303K,りんくらぶ,1240,20,3913,1053000,4,6,4,4,6,4,7,7,42
0DY7YN3CP,羽まみれ,UMG1B9C7V,蓮ノ空女学院,1203,6,3913,1053000,2,4,1,5,5,5,4,5,31
LAM760LR1,もぐ,WPG6BCG83,基本無言,947,1,3915,1052800,2,5,1,4,7,4,5,6,34
4AYTAA1YT,むー｡❀,TB7GJ57D7,シャイニーフラワ,1386,20,3916,1052600,5,8,4,5,6,7,7,7,49
MEPHLYPLJ,セ,RXXUPMWB9,待機室跡地観測所,538,2,3917,1052400,1,6,1,5,7,8,4,5,37
EPV65RRPX,ショウ,75UJ5RB97,蓮ノ空雪野球部,1171,15,3918,1052200,1,6,2,4,6,5,4,5,33
UMGJUHW64,幸 冷菓,8DY1N1Y50,まにまに,1091,10,3919,1052000,1,6,2,4,4,4,4,4,29
PN6C7CE77,はまもち,13VUDVFA2,もち,717,2,3920,1051800,2,5,3,5,6,4,5,6,36
RX8ENMN4V,こずこず,EJY6B26D1,After見たい,686,2,3921,1051600,2,5,3,4,8,5,4,6,37
UKDFC1EBH,ヒデキ,30W3RA65G,蓮ノ空自由クラブ,1222,0,3921,1051600,1,4,1,4,5,3,5,7,30
RLCCD6MMU,ジョバ,R1RM3X0WV,後方腕組みオタク,1084,0,3923,1051400,2,4,1,4,7,6,5,4,33
ZBECZKMZB,ハラ,R1RM3X0WV,後方腕組みオタク,1236,0,3924,1051200,1,6,1,1,4,4,4,4,25
HUY9TGERG,おげん,6YTAMD33M,リリエンフェル党,501,0,3925,1051000,2,4,2,4,1,5,5,1,24
97U7XAGR3,ゆう,X7C21B7H7,泥,1106,15,3926,1050800,4,6,1,4,4,7,8,5,39
NH72E01FH,ぱなそに2,JC30FUPH3,LLあおだか2,1020,4,3927,1050600,5,5,5,6,7,5,6,7,46
EQM3V1S38,メッヘン,L1VGJTD5P,蓮ノ空お茶会部,1313,2,3928,1050400,1,8,1,4,5,7,4,5,35
NRR5DY6DT,がじろー,KBJ2P8T0Y,人見知りの集い,1016,0,3929,1050200,2,7,1,4,7,2,4,1,28
9ZHIZLPYP,。,TK9E1BB1P,無言で自由,1121,0,3929,1050200,1,7,1,4,5,6,4,4,32
N2DN8NLMN,ハスニ=クルーゼ,GW4CH70HK,TKG同好会,1133,4,3931,1050000,1,6,1,4,6,4,6,5,33
DM8C6N22V,なり,05KN1RR3U,さやかほ花卉園,909,1,3932,1049800,1,8,1,4,5,5,4,4,32
0CT09PWAY,八美−はちび−,FG5VFFNRK,蓮ノ空おじさん,1433,15,3933,1049600,3,5,3,6,5,6,7,7,42
VB88GBG59,御大将,FVJABCVP3,瑞蓮ラボ,661,2,3934,1049400,2,4,5,4,4,2,1,1,23
07G3NQDBW,コギスキー,9JTF508LB,スクスタ亡霊部,1285,6,3935,1049200,2,7,1,4,4,3,1,5,27
36PIBUZ40,シュン,E12PR824F,ゆるっと蓮ノ空,1037,14,3936,1049000,2,8,1,4,5,6,4,4,34
YQ64NBXJ0,dgstar,J8HXTJ8TB,流し素麺同好会,575,0,3937,1048800,2,4,2,4,4,5,4,4,29
TANVMFD2K,ミル,XVTV7MVCX,雪月花,918,7,3937,1048800,1,6,1,4,1,6,4,5,28
CGWOHULSZ,ばたーらーど,NN4U6NV2W,蓮ノ空好き好き〜,1623,3,3939,1048600,5,8,5,8,8,8,8,8,58
9W7CH610B,はんぺん,5VBB4F8N2,灰色ペンギン,1064,5,3940,1048400,3,4,1,5,4,5,4,5,31
8FYYKT0TF,シンジ,NHA0WEU8N,テキトー,1121,4,3941,1048200,1,7,1,4,7,5,4,5,34
Y4MDE7GDJ,パンナコッタ君,V7768X8AC,せーので！,1358,6,3942,1048000,2,5,1,5,5,7,5,5,35
EGG0DCFNH,ひののにどーん,75FVVYR5B,身内クラブ,456,3,3943,1047800,2,6,1,1,4,3,1,5,23
V6NAA5CT9,浩,Y6KN85L5P,孤独の村人,391,0,3944,1047600,4,7,2,1,6,8,1,5,34
5879K671M,ゆゆ,BKUHCT7WF,蓮女お嬢様部,1086,2,3945,1047400,1,1,2,7,5,4,1,5,26
XLTPT533F,とーゆ,L3NN1RWMY,アポロベイ海賊団,1373,7,3945,1047400,1,7,2,6,7,6,5,7,41
RPDYPDXXE,でんぎつね,3HDDYR4FU,旅人,925,2,3947,1047200,1,10,1,4,6,8,4,5,39
M3VKYR6EU,つむ,JD0UP0GB5,サークル,644,0,3948,1047000,3,6,1,3,5,3,1,5,27
NA1PH79M6,れそなんす,H6JWBBGCG,蓮天・乙宗一心流,1211,7,3949,1046800,1,6,1,7,7,6,6,5,39
WBDXFH23K,もりっち,GPKTRBCTT,騎空団蓮ノ空支部,856,6,3950,1046600,2,7,2,2,1,8,1,2,25
WS2ZDST9S,ひえろ,N94LEWF2D,無言よわよわの会,1083,1,3951,1046400,2,4,1,4,4,4,6,4,29
DUKU6LRDW,デュン,535L2H3JU,Lotus329,1211,0,3952,1046200,2,6,2,5,6,5,4,6,36
LLFG2WXVK,MOTTI,C8WCYKBU4,蓮,1080,4,3953,1046000,1,9,3,4,5,7,4,5,38
6E97YXJKM,,N7GLY2RUW,百生銀行,1241,9,3953,1046000,1,5,1,4,4,4,4,4,27
L6CV1VLNI,さこ,FH7G62PKW,月火水木金土日,1132,3,3955,1045800,5,7,5,5,5,5,5,6,43
EJF3GBGG3,きのこ,60D1TTYTV,無言自由会,1265,15,3956,1045600,6,7,6,7,8,7,8,9,58
65WP833YT,まーぐ,06DCWC1RE,とりあえず参戦用,1261,1,3957,1045400,2,7,1,4,6,6,6,6,38
G4URNIB2W,じろー,WLLWJ8ADP,乙宗筋肉サークル,1173,0,3958,1045200,1,4,1,4,4,4,5,4,27
7RBKF4QTD,fatzhi,PUJ0ERCMW,蓮ノ空倶楽部,1208,5,3959,1045000,1,4,1,6,7,4,5,5,33
E9WPDBUM8,슈실,W26TRPM1R,めぐ党藤島派,1392,20,3960,1044800,2,5,1,1,5,4,5,7,30
1EN52HBAF,むとたこ,N1DJVPGP8,いつでも咲けるよ,903,4,3961,1044600,2,3,1,5,6,7,1,1,26
UGY95G53B,0202,0CBM28JP6,ほうき星,1208,16,3961,1044600,2,5,1,4,4,4,4,4,28
GUN1LA4RR,きき,6KUYCDLGR,かよちんは宇宙,1652,3,3963,1044400,1,7,2,4,7,6,7,8,42
4BBU9CAED,さいか,NDGW77R2V,こず花帆尊い,1028,5,3964,1044200,1,5,1,4,5,4,5,5,30
WP8OPYA8P,カニ天ぷら,NL1MPRG05,とりあえず,1300,6,3965,1044000,3,8,1,4,7,4,4,5,36
GWYZPXC5J,エレジー,75UJ5RB97,蓮ノ空雪野球部,1216,3,3966,1043800,3,7,2,5,6,6,5,5,39
NS285TF1R,SuE,Y3805A0YC,まるまるさーくる,1319,7,3967,1043600,4,5,4,4,5,5,4,6,37
RJP8N7DBT,だる,P2J37FNLG,乙宗先生指導会,922,9,3968,1043200,1,5,2,1,4,5,4,5,27
HL1Y687Y8,綾鷹信者いっしー,ABU58EVJ2,Quatuor,1144,10,3969,1043000,5,8,5,8,7,6,6,6,51
FBREYWUE3,パメラ,6BFC4G5YG,蓮ノ空足湯同好会,656,2,3969,1043000,1,10,4,6,10,8,4,8,51
2AVEHUGN3,おでん,UK30B7DG2,ずらまる卯どん。,1031,0,3971,1042800,2,5,3,5,4,5,4,5,33
KWYFJ2VXL,baran,KC1W74B9B,蓮六園,858,0,3972,1042600,1,4,1,4,2,7,4,4,27
UFUDFBLJJ,ワラタ,BH9YH1YL5,ラブライバーの森,1040,10,3973,1042400,6,10,8,6,5,6,5,6,52
8LAYXW88D,にれい ちぃな,FG5VFFNRK,蓮ノ空おじさん,1009,0,3974,1042200,1,5,2,4,5,5,4,5,31
ZHA8KR27D,アカとんぼ,F08AHUJJ0,綴理のお世話係,1369,15,3975,1042000,1,9,4,5,9,6,7,7,48
41TU4VPVA,ひとひら,BBNEWB1UA,蓮ノ空紅茶部,915,2,3976,1041800,2,6,1,4,4,5,4,6,32
8FNJXMV4L,ごめす,6FWRD1K40,いちじょ海賊団,1264,3,3977,1041600,3,6,3,4,6,6,4,6,38
ICGMTO3UC,綾白 こづき,L28X4MDJN,アフター観たいぞ,1572,15,3977,1041600,1,6,1,4,3,6,5,7,33
KDE5JANNY,シェバ,WLBYGHXPD,大天使村野さやか,1091,2,3979,1041400,1,7,5,4,4,4,2,4,31
9MK0D5YBT,蝗,NA8FEYN0M,蓮ノ空飲酒クラブ,1120,19,3980,1041200,3,8,2,5,4,6,4,4,36
V2AU5HAB1,三日月,NJBBTCY3A,かにかに！,1413,18,3981,1041000,6,9,5,6,7,6,6,7,52
XPUYNGD34,たまちゃん閣下,GR65FP8VN,蓮好き,1300,7,3982,1040800,1,1,1,1,7,2,7,2,22
LTH7G555H,ショウ熊,VNEJ2RNW0,まったりんくら,1270,20,3983,1040600,7,9,7,7,8,7,7,8,60
XVKE3TX7N,きちそん,X7YM9EG8K,伝統の石川地酒,451,0,3984,1040400,1,1,1,5,1,6,1,1,17
DD2659JY7,氷狐,26JDLMBLN,徒町は強く生きる,1072,14,3985,1040200,2,4,4,4,1,5,1,5,26
T4KZIBPWA,銀狐,AH27N260E,百生信託銀行,1275,6,3985,1040200,1,7,1,5,8,6,7,7,42
GHGRRXML7,ほのか,DFFYFJ2B6,つづさや好き過ぎ,1246,10,3987,1040000,3,10,7,5,6,6,4,5,46
1RNVTK62H,くろあん,M8FM7P139,蓮ノ空ひとり旅部,1378,15,3988,1039800,1,8,5,4,4,2,4,1,29
KCT0FD3B4,こえ,PH0YEPJD8,蓮ノ空北國金沢,1129,20,3989,1039600,2,5,2,2,5,4,8,8,36
CF3RJMU7R,上原步梦,BEMED3RY1,無言無課金ok,421,0,3990,1039400,5,8,1,1,2,4,1,1,23
ZNA8Y9N2I,ふぁきあ,N8L41JAA7,無言 ノルマなし,1327,3,3991,1039200,4,8,4,5,6,6,4,7,44
KWGVEEX4P,隊員,L28X4MDJN,アフター観たいぞ,1194,12,3992,1039000,2,8,3,4,7,6,4,5,39
VMTBMK4LR,きょーすけ,573J1JVVK,かほかほ,1388,2,3993,1038800,1,6,3,5,6,6,5,5,37
HFZ9LEO71,はいど,ABALH0AL3,楽園計画,1334,15,3993,1038800,2,8,9,5,6,6,8,8,52
6UD8SM4WC,むそう,C6V311T2P,LotuSky,1326,15,3995,1038600,2,5,1,1,6,5,2,7,29
CDUEV7G3X,イルカ,0CEA9XFKR,蓮ノ空の泥人会,1080,7,3996,1038400,1,1,2,1,5,4,5,4,23
P1MJ9KJY5,uro,N1DJVPGP8,いつでも咲けるよ,1038,6,3997,1038200,1,4,1,1,5,7,1,4,24
GR870R02L,Shiba,HPTHY23VR,蓮ノ空文芸部,783,2,3998,1037800,3,8,3,4,6,6,4,4,38
F84JN94R2,マスク,0RG48RYCE,渋,1452,20,3999,1037600,7,10,7,6,10,7,9,9,65
VPF0HHMHJ,TAT,VNEJ2RNW0,まったりんくら,997,3,4000,1037400,5,5,6,6,6,7,8,9,52
BJ81H0BBC,パギー,0R8BXPRC1,ポチっ！とクラブ,1083,13,4000,1037400,4,5,1,1,8,5,7,4,35
52S7V69W0,やっぱ天使！,R1RM3X0WV,後方腕組みオタク,1711,15,4002,1037200,6,7,7,6,7,3,6,8,50
Y8FIQLCTA,T_GinA,9FF5JBNDF,めぐすきクラブ,1385,7,4003,1037000,2,7,2,1,5,6,7,5,35
RJ30SF02A,にどね,HE0GK3EPE,瑞蓮プロカ倶楽部,1183,13,4004,1036800,2,4,1,4,4,5,4,4,28
G1YBWSV87,トゥリー,GW4CH70HK,TKG同好会,1299,7,4005,1036600,1,5,1,1,2,6,7,5,28
HMWG10VM3,カロン,26CAPRWLJ,大倉庫救助隊,900,0,4006,1036400,4,6,4,4,4,4,4,4,34
UVWHE6R8E,LEAF,FNMV166UY,蓮ノ空喫茶部,1275,19,4007,1036200,2,9,1,7,8,7,4,4,42
NIDAR0ZYH,MST,C0NDBKMRB,すりぃずぶぅ家,1237,18,4008,1036000,1,5,1,4,7,4,4,4,30
LEU68HE0L,UUU,PUJ0ERCMW,蓮ノ空倶楽部,739,3,4008,1036000,3,9,3,1,3,6,1,1,27
6PGPS88DW,さやかぴょん,DFXN9DB2H,どんぐり共和国,1337,9,4010,1035800,1,4,1,2,4,2,4,8,26
PNQMGBM2L,なっちゃ,4XRHRYDW4,無言でエンジョイ,1566,10,4011,1035600,1,8,1,5,5,4,5,8,37
BOGOYH7QR,Spendy,0XUV5025C,めぐめぐバブり隊,1154,4,4012,1035400,1,9,1,3,4,2,2,7,29
9WX13LCFB,ぶーぶぶ,YXKR0GGM4,蓮ノ空好き好き,1142,4,4013,1035200,1,1,1,1,4,5,3,5,21
47IXNA1JH,とっと,L1VGJTD5P,蓮ノ空お茶会部,1296,10,4014,1035000,6,5,5,5,5,5,6,5,42
2U8BL3TC7,オーコー,1618JMRED,リンクラ自習室,1120,9,4015,1034800,2,8,2,4,6,6,6,6,40
GX6RCKV75,もんしな,RN5BT2ECF,泥,807,0,4016,1034600,2,7,3,4,4,6,4,4,34
KO53RLH0L,あぽし,W26TRPM1R,めぐ党藤島派,1339,8,4016,1034600,2,4,2,4,7,4,8,1,32
8P9DB4M9B,海翔(かいと。),UYCT3Y4JK,蓮っ子,1385,20,4018,1034400,1,7,1,1,8,4,7,9,38
TDR39U48H,あっとみぃ,DWBLV9V69,イベント参加用,882,0,4019,1034200,4,6,4,4,5,5,4,5,37
56WTWN3DU,ぽぱん,Y2HV0YEF7,蓮ノ空を応援し隊,1191,6,4020,1034000,1,4,1,1,1,2,1,4,15
JVAW467KM,ゆうゆう,95TAREFPT,ご自由にどうぞ,727,0,4021,1033800,2,7,1,2,4,6,4,4,30
49W2LPMCN,ヒスイみよし,X87KNX4N3,蓮ノ流星群,1236,15,4022,1033600,7,7,6,7,7,7,7,7,55
3CN66NH61,トーロー,18YYNRFGA,LotusSky,724,1,4023,1033400,4,6,2,5,4,3,5,1,30
6JMTNLEY8,めんど,1D7T2UXC2,無言でのんびり,972,3,4024,1033200,1,5,1,4,5,3,4,7,30
N4XOJ73K0,ペペロン,CV62FGL1U,花咲かせ隊,1038,7,4024,1033200,1,1,1,1,1,5,2,1,13
YG0YPMRAW,ホリ,K25DPPGT9,圧倒的にまったり,1250,3,4026,1033000,1,5,3,1,4,4,4,4,26
L6CCJ396P,もってぃー,Y2P9LABR2,スクステ同好会③,1572,20,4027,1032800,1,4,1,4,5,6,4,4,29
WVWNFE0WM,瑛人,26CAPRWLJ,大倉庫救助隊,694,0,4028,1032600,5,5,4,4,4,4,4,4,34
SU4PED2QC,てんぐかもつ,KPVJD4A1H,WINS金沢,1300,12,4029,1032400,2,4,1,5,4,5,6,5,32
UCK9BBY03,ゆたから,MY7PHGEAX,かがやき号蓮女行,1065,3,4030,1032200,2,4,1,5,5,6,4,4,31
P24FYZ5SZ,まち,4RY75CKM4,LLすこ部　メ募,1260,15,4031,1032000,2,4,1,1,6,2,2,5,23
RHAMR1347,マユ,Y6JNPC60C,綴理メイト,1314,15,4032,1031800,4,9,4,4,6,7,6,5,45
GTV4FW7U7,アトッチ,DVF76RK9D,ぼくらの太陽,992,11,4032,1031800,1,3,3,5,3,3,2,1,21
MBV5G0MEP,マカロン,HMBW9DXY2,蓮好き皆あつまれ,870,6,4034,1031600,3,4,7,7,7,8,1,1,38
5P07845LT,しんのすけ,AE3L01V24,LOVE蓮ノ空,1149,4,4035,1031400,1,5,1,4,6,5,6,5,33
ABE32HFX7,ざっそ,1XX6FWJRB,オートスキップ団,1524,20,4036,1031200,1,10,2,5,8,6,7,8,47
F8UW1B36D,マーソ,9N4F9P8DU,リンクラ部（仮）,888,2,4037,1031000,3,8,4,5,6,5,5,6,42
U1M7HX4P3,SKY,LEHXHMR8N,みらぱ全力待機部,1286,13,4038,1030800,1,5,1,4,7,5,5,5,33
OHRURSNPU,のの,35BYVN5AW,めぐ党員の憂鬱,1506,20,4039,1030600,2,7,4,2,5,5,2,8,35
H4PVY80JK,飛騨高山さるぼぼ,KM6X3YT8F,11人いる！,879,0,4040,1030400,1,4,1,4,4,5,4,4,27
5TVDOOKTJ,ゆゆ,3HDDYR4FU,旅人,1170,16,4041,1030200,2,7,2,4,7,5,4,4,35
K58HNU79B,アンディ,YD2XWWFA4,蓮好き好きクラブ,1478,19,4042,1030000,2,8,1,4,8,5,7,8,43
TTVN9XH12,檸檬,34GFB7LYU,イナカモノズ,1231,17,4043,1029800,2,10,9,4,6,4,5,6,46
U8C57K5U7,すとろーまん,T045NDKW0,♬さやか愛好会♬,1170,1,4044,1029600,1,7,1,4,4,2,4,1,24
ULEO7FZ8A,シマワージ,J62DRC7J5,蓮ノ空好き好き会,1154,5,4045,1029400,1,4,1,4,4,4,1,4,23
DRPN82JR4,Rae,U57VPUTEE,ゆったりクラブ,851,3,4046,1029200,2,4,3,1,7,5,2,5,29
I38XTO92W,タツ,7NJM1VURM,らんるん部。,1200,13,4047,1029000,7,8,7,6,5,6,7,5,51
UY440ZNJ2,ＫＫ,N94LEWF2D,無言よわよわの会,1468,8,4047,1029000,2,8,1,1,5,7,1,7,32
4R386HDXY,眼鏡,R3UE4PGCE,うさぎ小屋,838,0,4049,1028800,1,7,1,4,1,2,4,1,21
SSTETL8LE,フンワリ,M1DLCR0R8,花帆護サークル,1204,10,4050,1028600,1,7,1,4,6,5,4,7,35
T9JT7RQ1J,修造,HMBW9DXY2,蓮好き皆あつまれ,1273,11,4051,1028400,1,7,1,5,8,6,4,5,37
EK0FG6TXC,てぃー,7J5JK1W1W,高根町,1116,17,4052,1028200,1,7,1,4,6,5,4,4,32
GRLJQ950U,ストまや,D6LVY6JCG,臨時列車,1204,16,4053,1028000,5,5,6,4,4,6,4,7,41
FDPLXY4SI,な,H5EKCWG1W,な,1271,11,4054,1027800,3,4,1,5,4,4,4,4,29
85LYH31MR,Y,9C2FC74H2,overseas,1103,18,4055,1027600,4,8,3,5,5,5,5,4,39
JUWW3J7AJ,わぉん,W3F0URUJC,梢先輩応援団,1361,1,4055,1027600,1,6,1,4,6,4,4,5,31
UYBF5NCFY,Sasa,C8WCYKBU4,蓮,1075,5,4057,1027400,1,1,2,4,5,5,4,4,26
4AFRWEPRY,イネ,0XUV5025C,めぐめぐバブり隊,333,0,4058,1027200,2,6,4,4,4,4,8,2,34
MAYYDXR2M,kyawa,HWMV33W7Y,フラワー泥民館,712,0,4059,1027000,1,8,2,3,6,6,1,7,34
PE3A9A268,スイカバー,BKUHCT7WF,蓮女お嬢様部,1293,7,4060,1026800,2,6,2,2,2,3,7,7,31
B3BSB19EC,端子,AXG81GPMP,蓮ノ空マタギ部,1113,3,4061,1026400,1,4,1,4,1,4,4,5,24
2XK1D5GE8,ナギト,T4P115XHD,サークル,896,5,4062,1026200,5,5,6,5,5,4,4,4,38
7GXA4M34D,からかさ,C9DAJ6YFV,のんびり,1064,1,4062,1026200,4,5,4,4,5,6,7,7,42
KALG5F51P,ちょこまる,LH2EJP7HF,あふたぬんてぃ,556,0,4064,1026000,1,7,1,4,5,6,4,4,32
NJDM7A084,ガンズ,UHF5Y8PEF,さやちゃん倶楽部,1021,4,4065,1025600,3,5,3,4,6,5,6,5,37
MXGZAVNAO,樹ナギ雪,BT3GEWM5L,ささやか村の集い,1434,13,4066,1025400,3,10,3,5,5,6,5,6,43
YJ40B2K85,とめーる,1EL57CDR0,なんもわからん,1085,13,4067,1025200,2,4,1,1,3,2,9,9,31
RNJGSVYID,宮森,Y7KJ3PM8P,蓮すきすき同好会,1516,20,4068,1025000,3,6,1,3,7,4,5,7,36
PFFF64XFB,イワシ,1D7T2UXC2,無言でのんびり,1325,21,4069,1024800,2,4,1,2,7,5,8,9,38
5PWF38X87,背番号33,PPAHU1TNY,蓮ノ空のんびり部,1100,8,4069,1024800,3,7,2,5,4,6,4,4,35
RL0JBFD1M,こちら,EFYYG9TAY,ご隠居さーくる,992,6,4071,1024600,6,7,7,6,6,6,7,7,52
8A2KJKQN4,そねっぷ,22KJV2PUP,他人任せじゃダメ,1261,20,4072,1024400,4,5,2,2,1,4,5,5,28
APVOZ787T,ラナ,RF5215M2U,スクステ同好会②,1689,20,4073,1024200,7,8,7,7,10,8,8,8,63
TRC308L13,讖釁鬱,BXJ6WV4TB,中国club,946,11,4074,1024000,3,5,1,4,7,5,5,5,35
KWUIT8VGS,祀才,7AATUNUPE,無言サークル,1336,20,4075,1023800,1,6,4,4,6,6,5,5,37
16J4RMFUM,めぐります,MUXWTW1GV,蓮の空見守り隊,936,2,4076,1023600,2,7,2,1,6,4,2,4,28
X5HJGNDO3,あきる音 ないと,AND13836G,乙宗梢親衛隊,1258,3,4077,1023400,1,6,2,1,8,7,2,4,31
O22OGJJL9,月,Y7KJ3PM8P,蓮すきすき同好会,1190,12,4077,1023400,1,4,1,2,7,3,7,7,32
J3PBZZ95D,ハロめぐるり,321FF56TK,リンクラ芸楽部,1237,18,4079,1023200,1,5,1,7,5,3,2,7,31
DF4T3MJW6,takofly,0H64RCBD0,シャットダウン？,1108,14,4080,1023000,1,6,2,4,5,4,6,5,33
4V0WTF4U4,ﾓｽﾞｸ,V7768X8AC,せーので！,1076,7,4081,1022800,2,1,1,1,4,3,4,1,17
PCF21X3CG,やぶろっきー,DF7FA982P,蓮ノ空百合部,1182,20,4082,1022600,5,7,4,1,6,4,7,7,41
GEBWT9CLK,zarame,K3LMN5JHH,金沢カレーの皿,1342,2,4083,1022400,1,4,1,4,1,6,5,5,27
F5EC0TEXD,ムラツキ,XXMU9WLKB,梢の機械さん,785,7,4084,1022200,1,1,7,7,1,6,2,1,26
819Y0TK5J,ミレイ,TDHKGHFPA,無言参加○！,1099,14,4085,1022000,1,4,1,7,6,5,1,7,32
FH723D9UV,ハル(アンドウ),948FLPMPN,まったりハス煮〜,896,1,4085,1022000,1,5,1,6,4,5,4,4,30
ANQQRFD4G,よっしん！,1DU9LCND7,蓮ノ空すこやか部,1247,2,4087,1021800,3,10,10,5,9,8,4,3,52
BXLW715LV,のっぽパン同好会,N2KCENRKH,猫＆旅大好き部,1306,9,4088,1021600,1,6,1,5,4,4,5,7,33
HWHGF10WS,ルーチェ,WCL6R1ANU,無所属の会,1060,14,4089,1021400,1,6,1,4,8,7,5,6,38
B3KOC012S,てるねく,7U20138DB,LGP,1274,12,4090,1021200,1,5,1,4,7,4,5,5,32
Y2T1M2N3U,chikoru,1UBNNHVLG,蓮箱推し（仮）,1026,7,4091,1021000,1,1,2,2,2,4,1,1,14
YB7D1JBKI,ルーシー,PHEKJB75C,乙宗四季恋愛㌠,1369,6,4092,1020800,4,5,4,4,5,6,4,7,39
8WAANNMFS,柊,HH93ADAW3,無言自由。,993,5,4093,1020600,1,6,1,4,8,6,5,1,32
B5QOXVUG4,あい,9U0VB1H5P,あっとほーむ,1102,8,4094,1020400,6,7,6,6,6,6,6,6,49
XUDW182DT,OZ,9P9EPKFHE,無言参加OK,392,0,4095,1020200,2,6,1,4,5,5,4,4,31
KWYVX001M,Raz,APD9U5CFA,立ノ空スクステ部,433,0,4096,1020000,4,6,1,1,2,2,2,1,19
5WCN9T93E,あげどり,JVUNVCT8P,梢先輩のASMR,843,2,4097,1019800,2,6,1,4,4,6,2,4,29
MNIGJHOVT,ふじ,LHXNEF3D5,まるまるサークル,1359,7,4098,1019600,5,10,4,6,10,7,6,6,54
GAY2YJVV6,高原　純,9C0KWR782,まったリンクラ,1138,20,4099,1019400,6,7,7,6,6,6,9,9,56
TURGT4E95,のんのん,3A63DYH54,LLすこすこ部,1108,1,4100,1019200,2,4,1,4,1,2,4,1,19
SNRV55GP6,カカオ,TD87P23DJ,黄昏の旅団,831,4,4101,1019000,2,9,1,1,4,2,1,5,25
BB9PK0NPU,ケイ,WE4AB37FP,めぐ党,1336,4,4102,1018800,1,7,1,4,5,4,5,5,32
T43L504ND,パッキー,FMKP92LRL,目が霞む人達,1081,7,4103,1018600,1,4,1,4,2,4,4,4,24
W5XCH27LY,クロ,WTJV514G9,蓮ノ空のお弁当屋,1105,3,4104,1018400,6,6,6,6,9,9,9,6,57
P5YU8ONYI,テノベーザ,AND13836G,乙宗梢親衛隊,1311,11,4105,1018200,3,5,1,4,6,6,1,5,31
8R5IM7XBS,ばっさぁ。,FJMA5BPPE,蓮ノ空すきすき部,1023,8,4106,1018000,6,6,3,4,1,7,4,4,35
EOS4BD9ES,しんしゃー,J79LGCKKF,蓮ノ空コーラス部,1323,2,4107,1017800,2,5,1,5,5,6,4,5,33
XYB6MEPGK,豆,N83DW3NYG,†極最強倶楽部†,664,2,4107,1017800,4,5,4,4,7,6,6,6,42
GTEER2YC2,とむ,FJMA5BPPE,蓮ノ空すきすき部,971,4,4109,1017600,3,7,1,4,5,4,4,4,32
K3SYJ8EDY,わかちこ,JE7V5MM31,蓮ノ沼に沈んだ泥,1434,15,4110,1017400,3,10,9,4,4,7,4,7,48
LX3R5U93G,るりのさかな,FNMV166UY,蓮ノ空喫茶部,1030,3,4111,1017200,1,1,1,4,4,6,1,1,19
4RL397PL4,BLUE DIA,TDHKGHFPA,無言参加○！,1108,2,4112,1017000,1,7,1,4,6,4,4,4,31
7TU8DLKHN,蓮音天,CTW8DKV5P,まったり,1207,3,4113,1016800,3,5,1,5,4,8,2,4,32
W413KCJ21,花宮ももこ,W3F0URUJC,梢先輩応援団,1003,7,4114,1016600,4,8,2,4,4,4,2,2,30
SPOY0X24B,ユーリ,7P4CAER9X,まったり倶楽部！,1304,10,4115,1016400,10,9,1,1,8,3,8,8,48
BLVKFU70N,雨野ゆい,CLUY6UY47,ドドンノ,530,3,4115,1016400,5,5,1,1,1,3,2,1,19
5DM12F5DT,エゴイスト,74HPWML1R,VALORANT,232,0,4117,1016000,10,9,4,1,9,3,3,7,46
YUFBBCNMK,アリサ,AJXXT5Y2K,無所属,689,3,4118,1015800,6,4,1,2,8,4,7,5,37
UY6SIRSO6,ネギトロ好き,MUXWTW1GV,蓮の空見守り隊,483,0,4119,1015600,6,9,6,6,8,9,9,9,62
VSCFTBIAB,MKごはん,NGMU0511T,無言のお茶会,1313,20,4120,1015400,4,9,7,1,5,3,9,8,46
2925Q52C9,オヌ,TK9E1BB1P,無言で自由,1641,19,4121,1015200,1,7,1,5,6,6,5,5,36
HX37TV2WY,鈴鳴,LETV4C1KG,無言の行,567,0,4122,1015000,3,7,1,4,7,6,4,4,36
JD1A62UOF,Capri,351WGFU96,紅茶党,1479,1,4122,1015000,5,6,7,6,7,8,6,6,51
P9BR11GA7,天地無用,0NLHKATWL,生きてるだけ偉い,639,2,4124,1014800,1,4,1,4,4,5,4,4,27
X29MANB8M,又梢錢,YFADYJVW4,FPS好きクラブ,1062,10,4125,1014600,4,10,4,4,4,7,4,4,41
D9J5A83WN,bob1301,NC2YT2V28,蓮之愛同予者何人,1304,19,4126,1014400,2,7,1,1,6,4,3,1,25
JRJ8GHN4L,へむ,EFYYG9TAY,ご隠居さーくる,579,0,4127,1014200,1,1,1,1,1,2,6,1,14
CAK117DLL,コンセント武田,GYG7B5R36,幼馴染同好会,1245,13,4128,1014000,1,5,1,4,6,6,5,5,33
2OCF8J22U,潤さんの葱豆腐,X8YD59KBX,16代目いぶき組,1374,11,4129,1013800,2,9,1,4,7,4,5,4,36
F19L6MHGA,白羽　九音,9AYD3XJ2D,ぺんぎん隊,1283,19,4130,1013600,2,4,1,2,5,2,6,6,28
NDV4JJCPL,デンキヒツジ,GW4CH70HK,TKG同好会,1394,5,4130,1013600,1,5,1,4,5,4,6,7,33
AG1N2F2G1,ヨクバリ人間,F8MLHU2NV,乙宗梢様､､､,1050,16,4132,1013400,3,8,4,5,7,9,8,1,45
YJ6D6A76V,アサやん,UN4AHCLTX,蓮ノ初心者,1130,2,4133,1013200,2,5,1,1,7,2,7,7,32
GS71O7T0G,まりも,FE282F3VH,天悶部,1115,2,4134,1013000,3,4,2,2,2,5,2,5,25
0I4R533B1,NORIp,HMBW9DXY2,蓮好き皆あつまれ,1328,5,4135,1012600,1,7,1,4,4,4,4,4,29
HUDFM9WAO,夜天,KC1W74B9B,蓮六園,1197,5,4136,1012400,1,5,1,4,6,4,6,5,32
G19FTEPB0,ろぶそん,WBW66DMUB,るりめぐ研究所,870,0,4137,1012200,2,8,3,4,4,2,4,1,28
5BPXB95TA,緋彩,6WJW7R1TD,さやこずノ休日,941,5,4137,1012200,4,10,4,4,4,7,1,2,36
6S0ZHPYGW,lie,Y2P9LABR2,スクステ同好会③,1305,20,4139,1012000,1,7,1,4,6,5,6,7,37
87U56P7UW,おるおる,T4WY63DB9,ういのま,1281,3,4140,1011800,1,7,1,5,5,5,5,7,36
6FHMBRYXM,峯岸みなみ,7R8NKPAB1,花帆推し倶楽部,1445,20,4141,1011600,7,7,7,7,9,7,8,8,60
5LDJPMVEH,みつば,PD80VCP5N,虹ヶ咲学園,1229,11,4142,1011400,1,7,5,4,7,5,4,5,38
TYC5X1PH7,たくみわに,3YWMY4JVN,82プロ,627,0,4143,1011200,5,5,2,1,1,2,3,1,20
2FNQAUX28,NegiLive,BT22M41DV,梢花帆吟子同好会,876,3,4144,1011000,5,7,2,4,4,3,4,1,30
HNLT4HU53,にこちゃん,2JVBK752G,卍愛蓮説卍,834,6,4145,1010800,3,7,2,8,5,6,4,7,42
148N51HA0,どらべガス,L1VGJTD5P,蓮ノ空お茶会部,1314,20,4145,1010800,3,6,1,1,5,4,9,8,37
V4HX7YGTL,red,JDHWPLJ32,くぁwせdrf,967,4,4147,1010600,5,4,3,4,4,5,5,4,34
61PXCJ104,ユキミ,JA2C658FW,さや綴理の村人,1298,5,4148,1010400,1,9,3,1,3,3,4,1,25
12FNY5ECD,やなぎもと,C6V311T2P,LotuSky,1147,1,4149,1010200,1,6,2,4,4,6,4,4,31
PXLYUXB3F,ロッピ,J62DRC7J5,蓮ノ空好き好き会,969,6,4150,1010000,2,4,1,4,1,7,5,4,28
JVJ0NE0YL,空,KGDNX3EF3,ENcircle,1226,3,4151,1009800,4,5,4,4,5,4,4,7,37
9V4BYXJ10,アイテル,D52G2F1HV,いな民リンクラ部,982,3,4152,1009600,1,7,1,5,7,5,4,5,35
1A7UHHNAA,よしき,JTX1G19BP,さやかほ癒し会,1437,20,4153,1009400,5,10,6,6,7,10,7,8,59
1EN8WRYR6,紫亜,J39ENWXF4,百萬石公演,637,0,4154,1009200,5,7,2,4,4,6,4,5,37
3E4TD2M4B,ヌャ-nuXya,KXU941RFJ,梢先輩おめでとう,1165,12,4155,1009000,1,1,1,4,6,5,4,4,26
CC59NV31E,べー,X7C21B7H7,泥,1405,17,4156,1008800,1,7,2,5,4,4,5,4,32
D5HFECWTD,めぐまわり,GN1798YEX,ド!ド!同好会,1355,20,4157,1008600,1,6,1,1,5,2,7,5,28
CCS08NHS1,にわにわ,6WJW7R1TD,さやこずノ休日,1121,8,4158,1008400,1,6,1,4,6,4,4,5,31
7T3C53EH6,もこ,P2J37FNLG,乙宗先生指導会,1011,6,4159,1008200,1,4,2,2,6,5,1,6,27
X3MY97T4G,ヤマト,LJNCAEVAP,蓮ノ空さやか研,1246,13,4160,1008000,4,10,6,7,7,7,4,6,51
INKGP7ORH,フジ,XTMGPY62U,スクステ初心者,856,4,4160,1008000,1,4,1,1,4,7,2,5,25
FNR5SXSZM,to-kun,M08GKL70U,ららマジ難民の会,1660,15,4162,1007800,7,9,7,7,7,6,7,7,57
DHXEORM59,ナタリタ,W1DKTPT4H,儚無水木,1328,3,4163,1007600,1,9,1,4,4,4,4,5,32
SD2IMP567,めあ,M8FM7P139,蓮ノ空ひとり旅部,1279,8,4164,1007400,1,6,1,5,5,6,6,5,35
MFD215UY5,レイト,N1DJVPGP8,いつでも咲けるよ,316,0,4165,1007200,1,4,2,1,4,3,1,1,17
QQSNTXEJ1,Takchan,K7LC46V5M,Link！ラ部,1530,5,4166,1007000,6,7,6,6,6,6,6,6,49
V56C5L98B,おます,C52VR77BJ,イベント参加用,534,0,4167,1006800,4,6,3,4,2,7,4,1,31
WN14Z53Q7,さいせん,YD2XWWFA4,蓮好き好きクラブ,1397,9,4168,1006600,1,8,1,1,2,2,5,7,27
6DNV8U5DW,あきえもん,J44XXU43T,みらくら教,767,0,4168,1006600,1,5,1,4,4,4,7,5,31
YPJ50JJYN,comet,GN1798YEX,ド!ド!同好会,553,0,4170,1006400,1,10,1,1,5,5,9,4,36
85N4HJ7A7,プラティ,J8HXTJ8TB,流し素麺同好会,1264,19,4171,1006200,1,4,1,4,5,4,5,5,29
1998214HF,大福,865UE9UC6,蓮ノ空うどん部,683,2,4172,1006000,2,3,2,1,1,2,6,5,22
C0PDCB1U4,トマトマ,HH93ADAW3,無言自由。,1210,3,4173,1005800,1,5,1,4,4,6,4,4,29
V38HQQAC1,Tanzaa,PDMPF3VVV,r/LL,926,4,4174,1005600,1,6,1,4,5,4,2,4,27
UKNMUM4VU,ひろ,V7768X8AC,せーので！,842,8,4175,1005400,2,8,1,4,5,5,4,6,35
RRH2R97HH,コウ,P01RCC6L2,まったーり,1090,14,4176,1005200,1,8,1,4,5,5,4,5,33
V3J5KY1JC,バニー,BELCUYCMH,蓮hkg香港分部,990,14,4176,1005200,3,5,4,8,7,10,3,5,45
X2X6W4XDJ,SYU-YA,KXU941RFJ,梢先輩おめでとう,1422,0,4178,1005000,5,7,5,6,7,7,7,7,51
MKRT2REM7,テア,GC2LB58KB,ゆきみかん,825,0,4179,1004800,2,5,2,2,4,6,2,4,27
PU7H7UY6H,ツバサ,3BC4HYKKT,AT,526,0,4180,1004600,2,5,2,4,6,5,4,4,32
UR4BU21CX,白銀アクア,ABALH0AL3,楽園計画,986,4,4181,1004400,3,7,5,2,5,6,4,4,36
CWTHV31BP,ムラ,E34RNNCMJ,サークル名は仮,1167,0,4182,1004200,1,1,1,4,1,4,4,4,20
8QMPLCOCM,岩之助,KA652DGYV,ゆるリンクラ,1196,14,4183,1004000,2,7,2,5,4,6,5,4,35
EBDXVEW0W,HIRO,YADX9DY49,ﾊｽﾉｿﾗｰ,960,2,4184,1003800,1,5,1,1,4,3,1,2,18
3ZI9W1ACH,しるびあ,JTX1G19BP,さやかほ癒し会,1445,15,4184,1003800,4,6,2,6,8,6,6,6,44
GF13NTW65,もい,H0DV3JJGA,かほさやてぇてぇ,1100,16,4186,1003600,1,5,1,1,7,8,1,1,25
WOL8Q84BX,サネハラ,RKT7BC4F6,人形浄瑠璃乃,1382,1,4187,1003400,1,4,1,1,5,4,9,5,30
7L49DAP1J,やまち,,,375,2,4188,1003200,2,1,1,4,1,4,1,4,18
DN2U6P9EX,minagi,9P9EPKFHE,無言参加OK,345,0,4189,1003000,1,5,1,1,3,4,1,4,20
30K7M61T9,ひぽぽ,GVNKNN878,Aqours,1000,10,4190,1002800,2,5,1,7,5,4,5,1,30
NK4ZX4IAN,猫ノ雅,LNY720KVK,綴理お世話くらぶ,1182,2,4191,1002600,2,6,1,1,6,6,1,5,28
K6JY9MLK5,オズ,41N8G98LV,花帆梢百合応援部,1254,3,4192,1002400,2,7,1,4,5,7,6,5,37
04BN8B6K5,AqA,GN1798YEX,ド!ド!同好会,500,2,4192,1002400,2,7,1,1,1,4,1,4,21
PNOP5I0KJ,はなまる,UK30B7DG2,ずらまる卯どん。,1279,0,4194,1002200,6,7,6,6,6,6,8,8,53
9WVHJBDEG,まさ,E34RNNCMJ,サークル名は仮,1253,0,4195,1002000,1,4,2,4,1,5,4,5,26
TH7YK48A3,おちゃちゃ,DKE1C6BC0,ティーパーティー,686,0,4196,1001800,9,7,3,4,5,5,4,4,41
R05BFCN2M,チョコ,DFXEH0E0B,香港の初心者♪,1120,4,4197,1001600,1,6,2,5,10,6,5,7,42
KHIW242ZL,とうや,AND13836G,乙宗梢親衛隊,1113,1,4198,1001400,2,7,1,1,1,4,1,5,22
IN3IOLM1C,辰@未定,XXVVJY6FE,はぴぱれ,1452,19,4199,1001200,5,8,7,7,7,8,7,7,56
YCVIA5VRF,しゃん,D1YHB0B1A,BWO,1238,4,4200,1001000,1,8,2,1,6,4,1,4,27
3DXBEN93X,葵,BT22M41DV,梢花帆吟子同好会,1249,3,4200,1001000,1,4,1,4,5,4,4,5,28
WUW9R9MMD,キタキツネ,23PGPJ3NV,蓮ビギナーの集い,1024,2,4202,1000800,1,7,2,5,5,4,4,5,33
NX3WTETRA,サンクチュアリー,8FXXHE22A,蓮ノ空,1090,8,4203,1000400,5,8,5,7,6,7,8,8,54
Y4M5MKCC7,あきゅーう,B08JAPP33,対抗戦したい,996,12,4204,1000200,1,4,1,1,5,6,5,1,24
MV7546VAY,ななせ,W26TRPM1R,めぐ党藤島派,1155,13,4205,1000000,1,2,1,2,1,2,1,1,11
MG4P5RVH0,Я,WNA5GTJPP,蓮ノ空百合クラブ,1386,15,4206,999750,1,8,1,5,7,7,5,6,40
R3H6DRR25,ふづき,9E910GGD2,蓮ノ空給湯室,1108,12,4207,999500,1,7,1,4,6,4,5,5,33
85PN7N05L,irona,FG4170141,♪さやか愛好会♪,845,4,4207,999500,7,8,7,6,8,8,6,6,56
JDNP4MCYU,ナッツ,GJCKB88YE,P&S,1131,5,4209,999250,1,4,1,1,4,5,1,4,21
4DTRE3LXC,いさき,95TAREFPT,ご自由にどうぞ,1186,2,4210,999000,1,4,3,4,1,3,5,1,22
5R50K78UM,りり,PB3TBGV6N,いちご大福,1394,19,4211,998750,9,10,7,6,7,7,5,7,58
PJCL8P5TR,弦,WAT20PN3Y,こな党,1575,17,4212,998250,7,9,7,7,7,7,6,9,59
RYDUD8RA7,さくらざか,85D411XNB,蓮っ子の集い,1122,16,4213,998000,3,7,4,7,5,6,2,5,39
I12FV29D8,YNG,GR65FP8VN,蓮好き,1335,21,4214,997750,1,5,1,1,4,2,9,5,28
HJBWIPNM5,sevenoo0,YNR28303K,りんくらぶ,584,0,4214,997750,1,7,1,4,5,4,4,5,31
VV0J717AX,バナナ,ELTW62751,安全バーは君の腕,1333,2,4216,997250,6,6,6,7,6,6,6,7,50
9SRRAEWAB,じょっぺぺ,B1KYU3XF8,LG lotus,1353,10,4217,997000,3,8,4,5,7,6,5,5,43
YS0G8QKE5,くらりん,WBW66DMUB,るりめぐ研究所,1222,9,4218,996750,6,10,6,7,10,7,8,7,61
BODZTK39B,のーん,WE4AB37FP,めぐ党,1216,7,4219,996500,1,5,1,1,6,5,2,5,26
4NYA99EHN,でぃぷめ,JE7V5MM31,蓮ノ沼に沈んだ泥,1366,12,4220,996250,7,4,7,5,6,8,5,9,51
E5D9DV0XP,グンゾー,RWDWD9PP6,乙宗家の屋敷妖精,1045,14,4221,996000,2,5,1,5,6,3,3,5,30
XEKFCHKDD,ナジュ,PP31X3AWK,なんとかなるさ,1159,4,4221,996000,1,7,1,4,6,4,4,4,31
P7GA6F3UT,通行人z,MG1G6F487,蓮ノ空無微課金部,1273,4,4223,995750,1,5,1,5,5,4,5,5,31
BXMCETUJE,lio8658,4RATY4E84,DC大好きクラブ,1131,4,4224,995500,2,5,1,4,7,4,5,5,33
7L68H6UP2,さやか,NDGW77R2V,こず花帆尊い,974,9,4225,995250,1,4,1,1,1,2,2,1,13
2WW330CL6,やくそく〜こーこ,D7H8MN2U4,LLD,1237,17,4226,995000,1,8,1,4,5,4,2,4,29
GNK589N7E,タルヲ,YNR28303K,りんくらぶ,993,2,4227,994750,3,10,3,3,5,3,3,3,33
230J536RJ,Aily,CRYB2FJ64,つくよみくらぶ,767,2,4228,994500,2,1,1,1,1,4,1,1,12
RPUCAKV1A,チャットGDP,6C9R15BLY,スクスタ避難民,1126,2,4229,994250,6,8,6,6,6,6,6,6,50
13UK8JHJB,K.きくち,JRFM5DW6T,咲く蓮の花,1289,20,4229,994250,7,10,6,7,9,7,7,8,61
W8BESQFZV,おとなし,K2L5DCVNR,REAL,1184,13,4231,994000,2,4,1,4,4,4,5,4,28
EPC4MBL27,紫,FHN78V2DJ,無言でどうぞ,1079,15,4232,993750,1,7,1,5,8,7,7,4,40
XUSL5TPJH,風,N8L41JAA7,無言 ノルマなし,1641,21,4233,993500,5,7,1,5,5,5,9,9,46
6UML5MC6K,高山星司,6FWRD1K40,いちじょ海賊団,1498,10,4234,993250,2,8,2,5,7,4,5,6,39
2DKP1R0BO,リョーマ,BEMED3RY1,無言無課金ok,1093,2,4235,993000,2,5,1,5,5,6,5,5,34
02CWX6KIJ,ユー,FD24TD6C5,泥人,1024,1,4236,992750,1,4,1,4,4,4,4,4,26
XHTF8HCNB,みりん,E515TRU1G,起きろ夕霧綴理,1148,15,4237,992500,1,6,2,4,5,6,4,4,32
7XKBRR0ME,Kaho,JKAYY0KXL,自由！開心！,816,3,4237,992500,2,6,1,1,4,6,2,5,27
N9JT06TED,榊原,,,553,0,4239,992250,3,7,3,1,1,1,1,1,18
46A5H4H1W,ゆのくに転調,YFADYJVW4,FPS好きクラブ,1302,20,4240,992000,1,6,3,1,4,2,7,7,31
P3FJDJ8OZ,m@sh,58FD7UF8J,としとしサークル,1624,20,4241,991750,1,7,2,4,9,7,8,8,46
J9LEM6N17,h,GW4CH70HK,TKG同好会,1191,17,4242,991500,1,9,1,4,5,6,5,5,36
2R50RFKTK,おかにく,6531MBM0X,のちもたーズ,927,7,4243,991250,6,4,1,5,5,2,1,7,31
UPW5X4M8M,ハロめぐ~,L1VGJTD5P,蓮ノ空お茶会部,891,2,4244,991000,1,6,1,4,4,4,4,1,25
2YXM0JB6A,BLUESKY,EYEPHE14G,花上梢頭,948,4,4245,990750,2,7,3,7,1,6,4,2,32
JMU6RK4FE,ちゃーりー,CWG5LH3VE,蓮好きPの集い,1137,3,4245,990750,1,1,1,1,1,2,1,1,9
8LJ6RFHBD,はる、,MTBP3B4GM,ふらわーすきすき,1391,16,4247,990500,5,5,1,4,7,6,7,7,42
HCVXQJN9Q,ジェイ,9FF5JBNDF,めぐすきクラブ,1158,2,4248,990250,3,4,1,1,4,4,1,1,19
FOPDC9TP7,らる,KG8TFDM19,山側環状線,1466,10,4249,990000,2,5,1,4,4,4,4,5,29
4K799HVMN,はち,X0TFG829Y,ボクのおうち,1140,18,4250,989750,3,9,1,2,10,10,2,4,41
R8UVFV9N0,リンゴマヨネーズ,UX96YX4T1,『位置について』,452,2,4251,989500,3,3,4,1,3,4,3,1,22
0RVW2NW6W,ひめめぐ党,7MPNTWKTN,Dreamers,896,2,4252,989250,1,1,1,5,5,5,1,5,24
7JG18M0Q2,わお,NK05UMLWW,かけ込み寺クラブ,1065,5,4253,989000,1,3,1,7,2,6,2,1,23
11PGZ0OE7,甘党のryo,CUAGDB62T,蓮ノ空ガノタ部,1501,15,4254,988750,6,10,5,7,7,6,8,7,56
DCB4XWMR9,ヨナ,HPTHY23VR,蓮ノ空文芸部,544,0,4255,988500,7,6,7,6,6,6,6,6,50
WSSL0NS7J,よっぴー,32E82BNXN,主人公同好会,1129,0,4256,988250,1,5,1,4,5,5,4,5,30
B9M35RIET,わたあめ,31A7JKC69,蓮好きの巣窟,1259,20,4257,988000,1,7,2,4,5,4,4,6,33
6FIK9ZFYZ,琉珈（ルカ）,J7N4W6Y1K,こずミックラブ♡,1330,20,4258,987750,2,6,2,2,6,6,7,7,38
8062HTG1X,デパチカ,GKR9TEBYC,毎日がホリデイ♪,1398,9,4259,987500,8,10,8,8,8,7,7,7,63
L7ZAVOJ1R,葉月,2DYYAPFVN,蓮っ子村,1399,12,4260,987250,2,5,1,4,5,6,7,7,37
F7G521NKU,みくる,EEP20F2M8,綴理の綴り,1218,18,4260,987250,4,7,5,1,8,7,6,6,44
TND2D8DWJ,極楽浄土,GVT61ATX0,なのだけれど,1311,17,4262,987000,1,10,3,1,2,8,1,1,27
E8T2MKWBC,yu-to,ELTW62751,安全バーは君の腕,889,2,4263,986750,2,7,1,1,4,4,2,4,25
AFU3E8WFL,ゴリラザグレート,48GTYR1VB,ハラショー！,1051,6,4264,986250,2,5,1,1,3,2,8,8,30
37O189Y0P,イウメ,BEMED3RY1,無言無課金ok,924,1,4265,986000,1,4,1,4,5,5,4,4,28
J8772ALYM,「Tofu」,LX25CP0TG,深夜の芋煮処,1084,5,4266,985750,2,6,2,4,7,6,5,5,37
ODWXELYOX,邑楽(おうら),4WWM4VVDK,蓮ノ空遊戯開発部,1578,15,4267,985500,1,4,2,4,5,7,4,6,33
RL68TL1CQ,ひさきんぐ,N8L41JAA7,無言 ノルマなし,1294,3,4267,985500,4,7,1,1,7,6,2,5,33
ZRFQXPVUS,enudal,535L2H3JU,Lotus329,1227,0,4269,985250,2,6,2,4,6,5,4,6,35
PGR49T0EK,かもめ,UYCT3Y4JK,蓮っ子,1285,13,4270,984750,2,6,2,4,6,4,4,6,34
MJ2907ZNZ,ふよっしー,H0DV3JJGA,かほさやてぇてぇ,1224,20,4271,984500,1,7,1,1,1,5,1,4,21
CTENWB7BG,ルプス,E76N52LMW,イベントのみ,1142,11,4272,984250,1,6,1,4,5,4,4,5,30
JFW83PC7X,ちょりすけ,Y6JNPC60C,綴理メイト,1510,9,4273,984000,7,8,6,7,7,7,7,6,55
CJXNTVBR6,Ｋz,NT2KU5174,こずかほ。,1259,12,4274,983750,1,7,1,4,5,7,5,5,35
9IUNUBQPL,あ,YDYH4VRRP,レンクウ,1278,9,4274,983750,4,6,4,5,5,5,7,7,43
Y4GLOZ0A8,えーたん,J0N1E3Y09,月火水木金土日,1401,19,4276,983500,1,2,1,4,1,2,7,8,26
GWRG89GTL,みむ,NL1MPRG05,とりあえず,994,10,4277,983250,2,6,7,7,7,7,4,2,42
83PTRH3XR,エル菜,H0DV3JJGA,かほさやてぇてぇ,1138,4,4278,983000,1,4,4,4,4,5,5,4,31
FUP3K00FA,コウジ,DVF76RK9D,ぼくらの太陽,1109,3,4279,982750,1,4,1,6,1,4,4,5,26
9NNNRM4YF,nohm,,,807,3,4280,982500,1,10,6,4,7,1,4,4,37
0EN2511JR,TOM,6XX7GBM0K,ぷちぐる同好会,1456,2,4281,982250,4,7,3,5,6,8,5,6,44
2U2BNX6NE,ヒイロ,K7LC46V5M,Link！ラ部,528,0,4282,982000,1,6,4,4,1,4,2,1,23
E9W37M1V1,yu-ki,TBX7N9RK5,つよつよなLH,1190,20,4282,982000,5,7,5,6,6,6,6,7,48
W57NVLWY6,ノイマ,F8MLHU2NV,乙宗梢様､､､,1202,5,4284,981750,1,3,1,1,5,4,8,5,28
0RRU916UV,唯ちゃん,BKUHCT7WF,蓮女お嬢様部,899,4,4285,981500,4,7,4,4,4,4,4,5,36
WPM3NP1TG,ユウキうみもりん,PR2BGEK5K,ありがとう大三角,1350,20,4286,981250,1,9,4,3,8,4,7,8,44
VN60I5W14,うさぬい,3HDDYR4FU,旅人,1311,20,4287,981000,4,7,1,5,7,6,5,5,40
OJRB4HK3W,沢田セブン,A8BJ5V3ET,はすのそら,1260,2,4288,980750,2,7,1,4,7,4,5,5,35
3F31J940C,たかみ,95TAREFPT,ご自由にどうぞ,1304,5,4289,980500,3,10,7,3,8,6,1,4,42
MT9WLPBJ5,うゆ,E7UBFLW56,同好会の同好会,582,0,4290,980250,1,4,1,4,1,6,4,5,26
9LMB4FHT6,優谷優,6DWJ8JMJH,ばっどさーくる,1039,6,4290,980250,3,4,3,4,3,5,4,6,32
YJNYE60W0,ヨウくん,W3YKKRWHG,ルリと愉快な一家,1169,18,4292,980000,1,4,2,1,4,2,1,1,16
VCENU4GBZ,ショーマ,UMG1B9C7V,蓮ノ空女学院,1282,7,4293,979750,1,6,2,5,5,4,5,5,33
GT2ESRPP4,京大ルビィ,6H800PBV7,新鮮館,915,8,4294,979250,3,5,1,4,2,7,4,6,32
IFYV6D44S,ポツ,43HRXMXWA,無言OKクラブ,1267,20,4295,979000,1,9,1,1,4,5,9,8,38
I3FJ68BI6,_(:3 ｣∠),PPAHU1TNY,蓮ノ空のんびり部,1299,8,4296,978750,1,6,1,4,5,6,5,6,34
1HWBHPYRV,TileBZ,TXNCTRR1U,瑠璃乃推し隊,883,1,4297,978500,2,5,1,4,8,6,4,5,35
XPE6NFD59,ひやしそうめん,,,980,10,4297,978500,3,8,2,7,4,7,4,4,39
C9Y2JCXGT,まーさ,9EY08NNF4,お茶にしましょう,1244,20,4299,978250,2,6,1,4,5,3,7,1,29
8YU2TY3ZK,リジス,865UE9UC6,蓮ノ空うどん部,1344,2,4300,978000,1,5,1,4,5,5,4,1,26
L4A9PRZC5,ほたるん,H0DV3JJGA,かほさやてぇてぇ,1770,21,4301,977750,6,10,6,7,9,6,7,10,61
B2EGD7FJ7,Bleu,2AUM7L9BW,蓮初心者クラブ,1132,16,4302,977500,1,9,1,8,5,4,1,8,37
5JVWDDW92,にけ,CWLK3KKHG,LGドルケストラ,1038,5,4303,977250,1,8,5,1,6,4,1,7,33
XBTPBMH5L,スカイ,LAKRG5NK9,ログイン勢,1236,18,4304,977000,1,4,1,1,4,2,5,5,23
GAFM48ERR,まがん,KFC62L0FV,ねるねる同好会,951,3,4305,976750,2,7,1,1,2,2,1,1,17
Y8NXV86XA,No.9,2L8R7GAV6,大賀美組,1217,17,4305,976750,2,5,3,1,7,4,8,8,38
RZXZZQRZ0,RYO∞,FXAE4V7AJ,技大アイドル部,873,4,4307,976500,1,8,1,4,5,5,4,4,32
GBEAVAB4E,らむにく,1D7T2UXC2,無言でのんびり,988,7,4308,976250,1,7,1,1,1,5,4,4,24
QT5JKS5LE,レフティー,GKR9TEBYC,毎日がホリデイ♪,1219,0,4309,976000,1,5,2,2,7,2,5,5,29
2MAEL0D4H,リッパー,88DJ300PJ,めぐ党 • 永遠,1251,2,4310,975750,1,4,1,4,1,2,7,1,21
OBK9LNIYJ,ユキ,GW4CH70HK,TKG同好会,954,6,4311,975500,1,5,1,1,5,2,1,2,18
33ENHEREB,すまない,KGDNX3EF3,ENcircle,967,3,4312,975250,1,7,1,5,5,6,4,4,33
PPKG2GEEB,TTSC,P2J37FNLG,乙宗先生指導会,888,0,4313,975000,1,5,4,5,4,4,5,3,31
FXJVPAJ8K,ペンギン,4XRHRYDW4,無言でエンジョイ,1243,2,4313,975000,3,5,3,5,3,6,6,6,37
P8X44HS43,ツンちゃん,75UJ5RB97,蓮ノ空雪野球部,1275,16,4315,974750,1,5,1,4,5,6,7,5,34
H0YTBMHJB,普通監督カタッピ,X0TFG829Y,ボクのおうち,293,0,4316,974500,3,5,1,1,3,2,7,7,29
G2VDUPPNE,しらす,75UJ5RB97,蓮ノ空雪野球部,634,5,4317,974250,3,8,1,1,1,4,1,1,20
37U523EBY,ななつぼし,YDYH4VRRP,レンクウ,1049,12,4318,974000,3,4,3,1,1,7,2,5,26
R3PC0R627,びーと,4FXPC55PY,PPIHクラブ,1033,8,4319,973750,2,5,1,4,6,4,4,5,31
KQQ93IW4S,やすとり,KBJ2P8T0Y,人見知りの集い,626,1,4320,973500,2,4,2,5,3,10,5,5,36
WN2KMADQJ,モルガナイト,V6DV6KETG,梢好き好きクラブ,1265,9,4321,973250,1,8,3,4,7,6,6,4,39
0VNZR6SUT,boba12,HB9AU9DJJ,聖心党,1361,19,4321,973250,4,8,4,7,8,7,7,8,53
88E0A9DNA,かなめ,75UJ5RB97,蓮ノ空雪野球部,611,0,4323,973000,1,4,1,6,7,6,1,1,27
PWCXVB1YJ,KOz,KGDNX3EF3,ENcircle,1199,4,4324,972750,2,4,1,4,4,6,5,5,31
Y8NX2CHGM,らっとん,0NLHKATWL,生きてるだけ偉い,960,4,4325,972500,1,5,1,4,1,5,4,5,26
X13KX70UE,山,JVUNVCT8P,梢先輩のASMR,1187,11,4326,972250,2,5,1,4,6,5,5,2,30
7RA05XXU9,つとむ,VNGFF4PY9,ねずみね！,1113,14,4327,972000,2,7,1,4,4,4,4,4,30
GL3WKV3PN,sake,865UE9UC6,蓮ノ空うどん部,913,3,4328,971750,1,8,1,1,5,2,2,1,21
HENHO5CQZ,こうき@ちゅけ,KXU941RFJ,梢先輩おめでとう,1282,3,4329,971500,1,8,1,4,4,3,5,1,27
5B1NJAW9X,シベリアン蓮好,T56X6LP0L,光の海,1078,0,4329,971500,1,4,1,4,4,4,4,4,26
L18J3EYVA,yuki,NK05UMLWW,かけ込み寺クラブ,1010,10,4331,971250,2,6,2,4,4,5,4,4,31
FP4ERK9D0,CC,M6UPWJ6DU,蓮結ぶ虹と星の音,548,5,4332,971000,3,5,7,4,2,4,4,4,33
1YG4CJYLL,よっぴー,A3472CNJE,ハントン✿ライス,1270,2,4333,970750,2,4,1,4,5,4,5,5,30
CP45O0T6V,ZR-7,7PJY920KD,むじな部,1043,8,4334,970500,1,1,4,4,5,4,4,4,27
K7CDJSW5E,青空,3N7FL0U6U,destiny,1543,2,4335,970250,6,6,6,7,7,10,7,8,57
U6AJ7YPJ9,こおりやま,LUDNM40F8,ふくふく無言OK,1250,9,4336,970000,4,5,4,6,7,6,4,6,42
NGG2WPE92,虎徹,NGMU0511T,無言のお茶会,1018,13,4337,969750,1,3,1,9,4,5,1,1,25
HHNCPS5M0,ナム,V5WNV1A43,異次元ビリーバー,762,2,4337,969750,2,10,3,1,3,8,2,1,30
VF7TBZKCD,イジ娘,AND13836G,乙宗梢親衛隊,1373,15,4339,969500,3,4,1,4,7,4,7,7,37
HYML58FJ5,冬虫夏草,9E910GGD2,蓮ノ空給湯室,1241,10,4340,969000,1,5,1,5,8,7,6,5,38
JSSXJDU4T,SWing_,97BGFLKW9,◯◯◯,1159,4,4341,968750,1,6,1,4,6,4,4,4,30
OTSV8JIJE,オトメザ,HWJ8XPW0T,箱推しなのだけど,1187,15,4342,968500,1,4,1,1,1,6,1,6,21
KT7VTPFMJ,ふみづき,9WJB6YPPN,温室花畑,1563,15,4343,968250,3,5,3,1,4,2,3,3,24
66RIGCKMN,ハニレモ2023,ACVP58JT7,音浦虹結蓮,1231,2,4344,968000,1,5,1,4,5,5,4,5,30
9SLU39QWH,satori,0B8RTHY4D,のんびり屋さん,1225,20,4344,968000,1,8,2,7,8,8,4,4,42
EXJ5F3VAP,ゆいさ,TTDBXERCU,蓮ノ空 全力応援,1193,14,4346,967750,1,1,1,2,5,2,1,8,21
ANN8U7K5N,しろい,N1DJVPGP8,いつでも咲けるよ,1224,4,4347,967500,1,6,1,1,2,2,1,1,15
DM11ZS4JY,ともチョココロネ,CWPWP1266,さすさや,1210,6,4348,967250,1,7,2,4,5,6,4,6,35
0VHTXBDEA,Maki,REUA4H17B,LLLLBR,403,0,4349,967000,5,10,4,4,5,5,3,5,41
YWHXYFJ3H,saya的牛油果,J800VVPTN,Aqours,1038,13,4350,966750,1,1,1,7,7,3,1,1,22
DPPGA3D2V,Kei,828YTYAA9,箱推し社畜の部屋,1064,1,4351,966500,1,8,1,4,5,5,4,5,33
XNV6N6FKN,kirinne,AGJ215YND,蓮の空中國分校,929,3,4352,966250,5,7,3,6,4,9,4,4,42
WTYHJWCYW,デスロス,FTY0R8KPH,泥の皆様,1140,2,4352,966250,1,3,1,1,4,6,1,6,23
8YY2TCCWD,ASHermes,0JY7F3EKU,さやか愛でる会,1009,2,4354,965750,3,9,4,1,6,5,4,7,39
VE1L9ITYF,東横,K95YH6P1C,蓮ノ空泥の会,1195,18,4355,965500,3,8,5,3,8,2,5,6,40
BG1H6FW14,ゆうくん,LFB48H6MU,超初心者の会,482,0,4356,965250,1,5,4,4,5,6,4,4,33
JE02NYUXD,AkiraG,B900X5JYR,ソロプレイ,984,9,4357,965000,1,9,1,10,5,6,1,4,37
BFERXX3NE,幸せのリボン,YFADYJVW4,FPS好きクラブ,1352,14,4358,964750,1,7,1,4,5,6,4,5,33
2ZLK602NK,same,N8L41JAA7,無言 ノルマなし,1163,0,4359,964500,1,1,2,1,1,4,1,4,15
WGOPEUKC7,さかさ,HWJ8XPW0T,箱推しなのだけど,1294,3,4359,964500,2,4,1,4,5,4,5,5,30
P8XF9YL94,まどり,GWGDMA3YC,初心者無言自由だ,968,4,4361,964250,2,5,1,5,8,6,4,4,35
B0J61OWAL,つっきー,5TBT6KTYY,チョコを食え,1037,4,4362,964000,3,4,2,4,4,5,4,4,30
5F3UQPXAA,あかつき,E1HVJ71JR,ご自由にどうぞ,1365,19,4363,963750,5,7,5,5,6,5,7,9,49
V8Y4EJTDP,あさはパン派,M3VFRN1CW,Feslive用,495,0,4364,963500,3,6,3,3,6,3,2,3,29
NR2HU9W94,アロイン,J62DRC7J5,蓮ノ空好き好き会,1238,0,4365,963250,3,5,1,4,5,6,4,4,32
O0JXFKP5W,スウ,V7768X8AC,せーので！,1541,20,4366,963000,5,10,4,4,10,6,7,7,53
VA35DJCD9,月理,L1VGJTD5P,蓮ノ空お茶会部,1083,8,4367,962750,2,6,1,4,5,6,4,4,32
OBKP0N3IO,ほの,2JY96DK53,ねそ,861,6,4367,962750,2,5,1,1,3,5,4,1,22
GU83BC4PM,るなてぃっく,998H940YN,お嬢様筋トレ部,1147,12,4369,962500,2,8,1,4,4,4,4,5,32
W8E443WTL,しょくしょう,4KRBU0KFF,ノーチャン会,1330,15,4370,962250,4,6,2,4,6,4,7,7,40
L1A0V6WAV,nico,F2M746D4B,頑張らないクラブ,1079,3,4371,962000,4,1,1,1,7,2,5,5,26
4V9320WNA,tkatsu,X87KNX4N3,蓮ノ流星群,1204,17,4372,961750,1,7,3,1,4,4,7,5,32
9KDJEYB1T,みいまる,R181MKNX1,みらくらは人生！,1244,20,4373,961500,4,6,5,4,5,6,6,5,41
K4LK2A8JP,しょうゆ,72J5PWU5K,ライグラ待機室,1295,20,4374,961250,5,10,5,5,10,6,5,7,53
XDCIT9E2H,マーチン,95TAREFPT,ご自由にどうぞ,1360,18,4375,961000,6,8,5,7,7,6,7,7,53
253HLO1CB,あるてみす,KT4C59NXG,めぐ島,1423,12,4376,960750,1,6,1,4,6,4,4,4,30
PD9U9BGR0,秋ナスの木,N7GLY2RUW,百生銀行,679,0,4377,960500,2,9,1,1,1,2,1,1,18
B0UK7GAPN,こさかい,8MLVA67AK,聖ミリオン女学園,1274,20,4378,960250,2,10,3,4,8,7,6,5,45
U7WMEMAX5,ちゅけ,26CAPRWLJ,大倉庫救助隊,916,0,4379,960000,5,5,4,4,4,4,4,4,34
6Y525ACQ6,我孫子,GYJ3C6TKR,綴理先輩好き好き,1399,7,4380,959750,1,5,3,4,1,3,4,5,26
DHN36R7GK,赤色色々,HUYTHRVUX,らっこ,690,2,4381,959500,1,1,1,1,2,3,2,1,12
D4HWFBVWX,こう,6R5WAYC4D,どら,1005,13,4382,959250,2,5,5,5,4,3,1,1,26
3LWUXHRBD,デューク西郷,AND13836G,乙宗梢親衛隊,1133,1,4382,959250,1,5,1,4,5,2,5,7,30
2GBDHP07W,さるさく,M44P06CH5,つづさや見守り隊,1172,1,4384,959000,2,4,1,4,4,4,4,4,27
IFU81YXO9,めてお,LLDLG20UU,UR取り隊,1123,8,4385,958750,1,1,1,1,5,6,5,1,21
5CCBYJWI2,ふぃなすず,F2M746D4B,頑張らないクラブ,1651,18,4386,958500,5,8,5,6,9,8,5,7,53
BU49T3EVW,ruin,BK8AXMYGC,いってらっしゃい,1224,15,4387,958250,1,6,1,4,7,6,6,5,36
ZL808Y6DW,えあふ,XR2P2LDY3,蓮ノ空さいきょー,1216,3,4388,958000,1,7,2,4,7,4,6,5,36
HRR34B2P4,RAON,573J1JVVK,かほかほ,1317,20,4389,957750,1,8,1,4,7,6,9,9,45
2K0NDWTNK,ひよ,GVT61ATX0,なのだけれど,1206,12,4390,957500,1,4,1,1,4,4,1,4,20
VN71P0BFC,塩倉丁香,7U20138DB,LGP,1192,3,4390,957500,2,5,1,4,4,6,4,6,32
85YMLKW64,まゆき,Y2R7E79U3,カワウソ同好会,1241,20,4392,957250,2,8,1,4,4,7,4,4,34
7FBJ50B3E,メリッサ,8MLVA67AK,聖ミリオン女学園,1152,0,4393,957000,2,6,1,5,6,6,4,5,35
FT7V0M8BB,ベガ,GKR9TEBYC,毎日がホリデイ♪,1383,10,4394,956750,3,8,1,5,6,7,5,4,39
7KWHMXO3X,shogun,MVMP6NNXD,空き時間らくがき,1360,4,4395,956500,1,8,1,5,8,6,7,7,43
U5W3T74ZX,ラナンキュラス,8JMW9G2XW,僕らのリンクラ！,1134,1,4396,956250,1,2,1,1,1,2,1,1,10
GPF5WR323,DREAM,88DJ300PJ,めぐ党 • 永遠,1060,0,4397,956000,2,6,4,3,6,6,2,5,34
GKEAK0X4V,sasa3,RM7N1JDB5,無言推奨不干渉会,547,0,4398,955750,3,7,2,1,1,7,1,1,23
BHD0B1K5M,ほ,2VJG66JTH,まったり,987,11,4398,955750,1,5,2,1,1,4,2,5,21
YZTDBN459,コユト,XCRHL4A94,こんにちわ〜,1073,7,4400,955500,3,4,1,4,4,5,4,4,29
N7UUJDZ9T,えいち,YAD615PCK,蓮を咲かせる泥達,1077,11,4401,955250,1,4,1,5,4,4,4,1,24
9NL8E3H6Z,梓月,BWD9U1EJ2,蓮之空中国同好会,1268,15,4402,955000,2,4,2,1,5,4,1,5,24
2KR57PL03,カシワタツ,UX96YX4T1,『位置について』,888,2,4403,954750,1,5,1,4,6,4,4,5,30
UFLPMI3S1,Kokoro,17AEM7PUN,SIFcord,1023,7,4404,954500,1,1,1,4,1,6,4,4,22
5E1U5Z7GL,飛行機雲,BT22M41DV,梢花帆吟子同好会,1573,17,4405,954250,4,8,4,6,7,6,6,6,47
KHYB2UVRN,こいあじ,PRY4573W6,報酬用,1127,3,4406,954000,1,5,1,4,4,4,4,5,28
81ENCW5SQ,くま,J8HXTJ8TB,流し素麺同好会,1370,3,4406,954000,4,7,4,6,7,7,6,6,47
SR8KKLUZT,こめぞー,LLDLG20UU,UR取り隊,1430,16,4408,953750,7,6,6,4,8,6,7,7,51
FN56150J4,Nabe,ELTW62751,安全バーは君の腕,737,2,4409,953500,4,8,4,4,6,5,4,4,39
BLGPGVJ14,板口,PR2BGEK5K,ありがとう大三角,1225,10,4410,953250,1,7,1,5,9,2,5,3,33
MWLPMCPEN,ナウエ,GTVVCW6XE,よく分からない勢,510,2,4411,953000,10,3,8,1,4,1,2,1,30
M6THEU0T1,クロレラ,04D5UV5XN,汚れてゆく花びら,1574,20,4412,952750,5,10,5,6,9,8,8,9,60
VDDTJMWTU,みっしぃ,N94LEWF2D,無言よわよわの会,916,9,4413,952500,3,6,1,1,1,8,2,5,27
J1HUWQBLB,しょう犬,3LUL3WR8Y,零組,1477,21,4414,952250,7,10,8,8,10,9,8,9,69
F3BL6H013,な,GGCKK69C9,リ　ン　ク　ラ,532,0,4414,952250,4,10,4,5,5,7,5,5,45
I8BJCP9O8,じゅんじゅん,D7UA5ER1E,UR報酬欲しい！,688,1,4416,952000,1,8,1,1,2,2,1,1,17
CMH357FRD,MIDEN,N8L41JAA7,無言 ノルマなし,1203,17,4417,951750,3,3,2,1,6,3,8,8,34
25CG5VEF6,すう,JWUL2T36L,チーム初心者,685,4,4418,951500,2,6,1,1,1,3,2,1,17
OB3OYXTTX,いずみ,,,898,10,4419,951250,5,6,4,6,8,5,4,8,46
IY82P74JP,相鉄,9JTF508LB,スクスタ亡霊部,1314,19,4420,951000,4,7,4,5,8,6,6,7,47
VYJWE7127,ほっさん,ERVDJMHPF,敦賀第二機関区,1226,9,4421,950750,1,9,1,4,6,6,6,5,38
2CJ3XACLG,ちょみる,N752V1LD6,思想の溜まり場,712,2,4422,950500,1,5,2,7,1,4,1,2,23
X8WLM16L2,ㅤ,WFPA7YJE1,蓮ノ空文芸部,1161,6,4422,950500,1,5,2,4,4,6,6,6,34
BJHIL1BOV,トムへー,A8BJ5V3ET,はすのそら,1149,1,4424,950250,2,8,1,4,5,6,4,5,35
OFF10KTVL,りばー,HKETDDCK6,ぼっちざ蓮!!,438,0,4425,950000,1,6,1,5,4,8,1,1,27
R915WM491,またたび,N2KCENRKH,猫＆旅大好き部,1352,16,4426,949750,2,7,2,4,6,3,4,2,30
FCHQLCV8M,ソラ,CJ398GJAT,バッグクロージャ,957,3,4427,949500,1,5,1,1,5,7,1,4,25
5H0Y9WY65,金髪ショウタ,HAW490WUF,エブホリ,1035,2,4428,949250,2,8,1,4,5,4,4,5,33
RZWV59NGP,椿,DX1KUEUDK,帰宅部,1022,4,4429,949000,2,10,3,1,5,5,1,4,31
XJVFJWURD,まだ馬匹しない,18YYNRFGA,LotusSky,769,2,4430,948750,2,5,2,2,4,4,5,4,28
FOF1YITIM,ゆり♡,RW90G4W5W,めぐめぐめぐ党,1742,18,4430,948750,1,10,1,4,8,6,5,7,42
ISOZCDLJQ,小泉栞子,RBH0YM8P2,蓮ノ空ラーメン部,1525,15,4432,948500,10,8,3,1,9,4,9,8,52
7WY4JMEFL,まんじゅ,KXU941RFJ,梢先輩おめでとう,672,0,4433,948250,4,9,10,9,6,4,6,4,52
BFGJLROGZ,タイマイべっ甲,D7H8MN2U4,LLD,1282,15,4434,948000,4,5,3,4,5,6,4,5,36
6DEKA1EL1,EI,2DYYAPFVN,蓮っ子村,1052,11,4435,947750,3,8,1,4,7,5,4,5,37
X7LJT5BLJ,yukina,BKUHCT7WF,蓮女お嬢様部,691,0,4436,947500,3,9,4,3,6,7,2,5,39
JK8RYMVC2,かなどら,HMBW9DXY2,蓮好き皆あつまれ,689,2,4437,947250,2,1,1,1,2,2,2,1,12
5EDNLYPWA,kwanl,976BY5JWK,ハルカカナタ,890,2,4438,947000,1,4,1,1,4,5,1,4,21
6AGXCDU9W,YoT,4J35EAAHM,蓮ノ空麻雀部,1138,13,4438,947000,2,4,1,1,5,5,1,5,24
MZLX5YZ5H,たまらいなー３９,9DKR4Y2CJ,蓮ノ空老人会,1561,2,4440,946750,5,7,5,8,7,7,7,8,54
65EYKN4AF,Doda,JA2C658FW,さや綴理の村人,1029,9,4441,946500,2,1,2,1,1,8,1,4,20
UQ193P8WP,ルナ,57HNJ07NK,みらぱ推活最前列,1083,2,4442,946000,1,4,1,4,4,4,4,4,26
R63K94QIY,東條,9JTF508LB,スクスタ亡霊部,1254,0,4443,945750,4,4,4,5,5,4,4,4,34
U0VPYD90F,ゆうゆう,,,1327,2,4444,945500,1,4,2,4,5,4,4,4,28
NCCWM5M6V,妃愛,3F0M4HXJE,蓮ノ空まったり部,1012,7,4445,945250,1,8,1,4,5,4,4,5,32
KJU1E14PH,ゆううう,GN9EEL045,きらくに,1212,12,4445,945250,1,5,1,1,5,3,1,2,19
IJ01XIN5A,みつき,J7N4W6Y1K,こずミックラブ♡,1365,6,4447,945000,1,7,1,4,4,2,4,1,24
B718TNMKA,ごとP,XKBRAVW4V,AAA,626,3,4448,944750,1,7,2,5,8,5,5,5,38
U0L572GGD,ガリィ,F2CFWVMY9,藤島め組,1809,16,4449,944500,1,2,1,1,9,2,1,9,26
7ATXHLH3F,だいこんおろし,B1KYU3XF8,LG lotus,1229,6,4450,944250,4,4,5,5,2,6,1,1,28
W1XRL5CMD,croMisa,TD87P23DJ,黄昏の旅団,1169,14,4451,944000,1,4,1,4,6,6,5,5,32
TDTYCNO9S,アルコバレーノ,EECF9C0N3,蓮ノ空　茨城分校,1042,0,4452,943750,2,6,2,4,6,5,4,5,34
Y07LIFXRD,ねみん,,,1077,8,4453,943500,4,5,4,5,7,7,4,4,40
UKA2K44XM,ぱる。,FJMA5BPPE,蓮ノ空すきすき部,1029,9,4453,943500,3,4,3,4,4,6,4,5,33
920UBPFG2,ぶんと,N6T2MVATD,まったりサークル,1027,6,4455,943250,1,4,1,4,4,2,5,6,27
47TU8RA5T,胡散,FLFXP0T22,沼津内浦メンバー,1145,8,4456,943000,4,7,4,4,4,5,4,6,38
JV73YFW1J,やなけん,06A0GBYLL,ロータスNHK,1609,3,4457,942750,1,6,1,5,6,6,7,7,39
R3J3VX0Q3,Shin,4RY75CKM4,LLすこ部　メ募,1208,3,4458,942500,2,4,1,4,4,4,1,4,24
Y21E68HX2,よだ,DKNHY5HH6,なす料理研究会,1131,1,4459,942250,3,6,1,4,4,5,4,4,31
1WFCRWAC7,TKK,9WVBK4U41,ENfans,724,0,4460,942000,5,6,3,5,6,6,6,7,44
VR79A5RK0,Akari,V6DKUH6JT,報酬だけほしい,435,3,4461,941750,1,9,1,1,4,2,5,1,24
32HP3YOSU,志念,XJHATLDVB,さやかほ観測所,1406,6,4461,941750,1,7,2,5,5,6,5,5,36
DAA0K4TXM,「54」,TBX7N9RK5,つよつよなLH,1195,7,4463,941500,4,4,4,4,5,4,5,5,35
GYH12P5KV,lain,0MVC7W2PD,WIRED,1320,15,4464,941250,1,5,1,4,6,4,4,6,31
GXQ4R5V33,macken,5WUDLMWEP,蓮ノ空は明日ノ空,1681,18,4465,940750,1,8,1,1,6,3,4,9,33
2GCJ1MWUF,えだまめ,P3T2T39HF,新川地区ノ空,1052,2,4466,940500,5,5,4,5,5,6,5,6,41
VW9UDQUR9,た,E11PF3CTW,誰もいない世界,1331,6,4467,940250,1,5,2,4,5,4,4,4,29
JX9COP0H9,とっしー,WHWT61ELR,【無言】ハスノソ,1323,8,4468,940000,2,8,3,4,5,5,2,6,35
O017GBZ7N,アイプル,73CBYJYB0,"oNM,",1475,10,4468,940000,3,7,2,6,7,7,6,7,45
6DC98JW48,Yoichi,XXMU9WLKB,梢の機械さん,849,5,4470,939750,2,7,2,4,5,5,1,2,28
F59EU608F,ナスタチウム,424NLTEE8,無言な異次元部屋,1217,2,4471,939500,1,3,1,1,1,4,1,4,16
M0JBDXBOD,さけ,948FLPMPN,まったりハス煮〜,1149,7,4472,939250,1,2,1,5,5,3,1,5,23
WLECCBYTE,ひゅー,WN3LHKX0L,レンコンおいしい,1273,20,4473,939000,1,5,1,4,4,5,4,6,30
EPGYJ4Y86,さくらんぼ,KGDNX3EF3,ENcircle,1017,1,4474,938750,1,4,1,4,4,6,4,5,29
99GK7VQNP,そのひぐらし,LUDNM40F8,ふくふく無言OK,1488,13,4475,938500,1,7,1,5,7,6,5,8,40
N7JU2ZUOA,ザベちゃん,JE7V5MM31,蓮ノ沼に沈んだ泥,1091,13,4476,938250,2,5,2,6,5,3,7,5,35
KB6M78EEH,syun,T8HGV9C7U,ソロ,585,0,4476,938250,1,8,1,5,7,6,4,4,36
DFB1M4MYD,たぬき,TRFPX8EX0,鬼塚商店,1378,5,4478,938000,1,6,1,4,7,5,5,7,36
FJKADNEPH,卯月,FNMV166UY,蓮ノ空喫茶部,1160,20,4479,937750,2,4,3,3,5,3,7,5,32
KFDJ9U6YT,machina,0JY7F3EKU,さやか愛でる会,1218,11,4480,937500,2,7,2,4,4,5,4,4,32
ELYSMSSX8,いろは,KBJ2P8T0Y,人見知りの集い,1388,4,4481,937250,1,8,1,4,6,6,4,5,35
8Y4PD7ACT,SPhenix,X7C21B7H7,泥,1030,12,4482,937000,3,5,2,6,1,7,4,6,34
MYP1BFM9U,むっく,NK17PY5LW,のんびり,1417,6,4483,936750,1,8,2,6,8,5,7,1,38
6K6W2VV7R,アオィ,LUDNM40F8,ふくふく無言OK,888,8,4484,936500,5,7,1,5,4,5,4,4,35
97C5X9TY1,echo,MVMP6NNXD,空き時間らくがき,1428,7,4484,936500,1,10,2,4,5,6,6,7,41
AB5X3C5XB,那緒,1618JMRED,リンクラ自習室,1142,2,4486,936250,4,4,1,4,4,5,4,4,30
LTNMS1B5M,あるふ燈翠,PPAHU1TNY,蓮ノ空のんびり部,1409,9,4487,936000,1,8,2,1,1,4,2,4,23
GH5MWFD2T,かんのぎ,05KN1RR3U,さやかほ花卉園,1175,6,4488,935750,1,3,1,4,1,2,5,1,18
0AORTQK5I,ずっきー,2YD6LJLKD,みらくらぶ♡,634,0,4489,935500,2,1,1,1,2,2,4,1,14
4CF5MHWCM,カイクロ,XTMGPY62U,スクステ初心者,740,0,4490,935250,1,8,2,1,1,3,1,5,22
R006MMCJE,ホワイトゼータ,321FF56TK,リンクラ芸楽部,1000,10,4491,935000,4,9,4,3,7,7,1,4,39
CWVLXKL4L,りんりん,L3NN1RWMY,アポロベイ海賊団,1010,7,4492,934750,1,4,1,5,4,2,1,6,24
0JY49CDHJ,しびさん,BEMED3RY1,無言無課金ok,1141,18,4492,934750,3,7,4,4,7,6,5,6,42
5RPHAUYAB,Elmair,7UX6117P2,重曹圖書館,681,5,4494,934500,8,5,10,1,1,10,1,1,37
34UHLH3JB,ガブ,UVN7G4X3A,闇のルビィ団,820,1,4495,934250,2,8,1,1,8,10,1,1,32
AUJANDO8S,MMS銀行,JE7V5MM31,蓮ノ沼に沈んだ泥,1393,17,4496,934000,1,4,1,4,1,5,2,4,22
29J1HFW81,アレグ,5L9GNT78V,叶え！私達の◯◯,1237,14,4497,933750,2,7,1,4,4,6,2,4,30
3KFRXLD01,もみヒゲ,0U8P451HT,ウィッシュボーン,1078,1,4498,933500,1,7,1,4,5,6,5,4,33
PJNJH16H7,Ko-ki,5JA9K5FAK,オタサーの姫芽,1525,15,4499,933250,7,10,10,9,7,8,7,7,65
V2BFZ3TVB,ハル,GK7JNB0NW,参加賞取り隊,1086,6,4500,933000,2,7,7,4,7,5,5,7,44
T05V3NB52,まおおおおおお,C0H10F8J7,姫,1266,8,4500,933000,6,7,3,6,4,7,7,6,46
H7MVU0A93,ぽて,GYG7B5R36,幼馴染同好会,898,10,4502,932750,1,4,1,4,5,9,1,1,26
KTMYEHRQ0,さぶれ,PPAHU1TNY,蓮ノ空のんびり部,823,0,4503,932500,8,10,7,6,9,10,7,8,65
57G7M96MW,はみ,6162K5E6A,ろむ,213,0,4504,932250,2,5,3,1,4,2,1,1,19
0X7A2L5J7,griker,A3472CNJE,ハントン✿ライス,715,0,4505,932000,4,6,4,4,4,6,4,6,38
GB2ISVBH9,めろん,W3F0URUJC,梢先輩応援団,1105,10,4506,931750,2,4,1,1,1,6,4,4,23
UO4OREK96,しろこ,G59NGM0XA,シュリーレン,1388,4,4507,931500,1,3,1,1,1,7,1,6,21
P3NBQQVMZ,ぷちぐる命,424NLTEE8,無言な異次元部屋,1213,1,4508,931250,1,4,1,4,4,2,4,5,25
PWBVNDHT2,瑠璃葉るら,6DWJ8JMJH,ばっどさーくる,1219,16,4508,931250,5,9,3,5,5,5,4,4,40
HJX6A0RHL,silky,H1LTYMK0B,花帆が可愛いの会,780,0,4508,931250,2,9,1,1,1,5,2,1,22
RXEEUTLTC,くま,J5FJNX88N,無言,1212,7,4511,931000,1,4,2,5,2,6,5,8,33
QRZWL66DH,あゆりら,W189BP629,みんなのみかん畑,1018,6,4512,930750,3,4,3,4,4,5,5,4,32
XRGPHWY2U,kanpa820,K25DPPGT9,圧倒的にまったり,1049,2,4513,930500,1,5,1,4,6,4,4,4,29
171E3B0H9,パールム,E7UBFLW56,同好会の同好会,702,4,4513,930500,4,10,8,6,7,7,6,6,54
X8CR42XXE,よっしー,,,427,0,4515,930250,2,1,1,1,1,1,1,1,9
PFNRBUVWX,いんて,FLFXP0T22,沼津内浦メンバー,1048,2,4516,930000,2,5,1,4,4,4,4,4,28
CWUGNVUR0,しのなり,HMBW9DXY2,蓮好き皆あつまれ,1317,16,4517,929750,1,7,1,4,5,5,4,5,32
0RM54EH65,empress,D7H8MN2U4,LLD,1254,10,4517,929750,4,10,4,4,10,5,4,5,46
ER7QBUUBF,みんも,FNHT9JFY4,リンクラ楽しむ隊,1186,5,4519,929500,3,5,5,4,5,5,5,5,37
XJG29XGNC,蓮トマト,GVNKNN878,Aqours,966,5,4519,929500,1,7,1,5,3,2,2,1,22
HXI1UTC3K,noa,JA2C658FW,さや綴理の村人,1213,7,4521,929250,1,4,1,4,4,6,4,4,28
J7CW0VB30,薫風,P2J37FNLG,乙宗先生指導会,625,0,4522,929000,3,8,1,1,4,4,1,1,23
V5MMAHM8B,木之下,EYEPHE14G,花上梢頭,1072,14,4523,928750,2,5,2,2,4,5,1,1,22
V8A857TJ1,⏰,Y6JNPC60C,綴理メイト,1433,13,4523,928750,2,7,6,6,8,6,4,6,45
47YSEW3PP,蒼炎,X7YM9EG8K,伝統の石川地酒,1220,1,4525,928500,1,5,1,5,5,6,5,5,33
ZYDH4J2RW,とってい,CW1FEUNC0,リンクラゆるぼ,1161,16,4526,928250,2,7,1,4,4,4,4,4,30
RATUEJ6W7,バシム,D7UA5ER1E,UR報酬欲しい！,466,2,4527,928000,3,7,4,2,3,2,9,1,31
0EN9NURA5,さらだバァ,MWHJ339TF,葉山エターナル,1021,2,4527,928000,4,9,7,5,6,4,4,5,44
7ZHB0KXWK,ゆゆ,PLBBEX019,待機室目指し隊,1419,11,4529,927750,1,8,2,4,6,4,4,5,34
7Q5TSSF44,アンノウン,WKG02VMU6,先輩で遊ぶ2年生,1214,4,4529,927750,1,5,1,7,4,4,4,4,30
MRAY8D7XH,†クラウド†,TKVR3KU7L,ネギトロTKG,1151,0,4531,927250,1,7,1,4,7,4,4,5,33
UFB005M05,バーゼ,DPKMP06M5,仮,784,5,4531,927250,5,9,1,9,1,2,1,7,35
F7OATNWQO,ハイヤード｢｣,CM5THHYHB,「」ノ空だけれど,1222,4,4533,927000,1,6,1,5,5,6,5,5,34
ST1N1O9UG,いてつ,FV38N1J23,イベント用,1158,2,4534,926750,2,6,1,7,2,2,1,5,26
U8NDKWLJM,いしころりん,K8C99H42D,ルリと喜ド！愛楽,1352,18,4535,926250,2,4,2,5,6,4,7,7,37
95UYXW8GL,黒曜,3C7N3PCKM,末代,650,5,4536,926000,3,6,4,1,5,6,1,3,29
9WONACD92,ユースケ,VAELB5B15,小平,1205,19,4536,926000,3,10,7,3,6,7,4,6,46
5AR03C7DT,いっちゃん,AR9HR528A,いろいろ実況,1321,9,4538,925750,5,7,5,5,9,6,6,7,50
V7D0CO8AN,Sugar,HBK6KCRPP,無言でおけ,1689,14,4539,925500,7,10,7,7,8,7,6,7,59
KX1YMBDAX,えぽすけ,C0NDBKMRB,すりぃずぶぅ家,1376,20,4539,925500,4,7,7,7,8,8,8,7,56
T4T809RQ0,青冥,N94LEWF2D,無言よわよわの会,1224,5,4541,925250,3,5,4,5,7,7,7,6,44
9W92E82RF,Dhun,,,805,2,4542,925000,1,10,10,1,4,6,1,4,37
CFMEIWPGS,ほね,JA2C658FW,さや綴理の村人,600,0,4543,924750,3,2,1,1,1,2,3,1,14
JIJ88YMLN,アドリー,HBM31HMUY,YUKIZURI,1444,18,4543,924750,6,9,6,6,7,6,6,7,53
R5WEB9KV9,くりけん,B2KV0EVPD,蓮ちゅきクラブ,1384,5,4545,924500,3,4,4,6,3,7,6,7,40
DE1JVYNWP,リノラ,0R8BXPRC1,ポチっ！とクラブ,1011,4,4546,924250,2,10,2,7,8,7,4,8,48
R229CDAF3,緑園えぼし,X7YM9EG8K,伝統の石川地酒,1630,21,4546,924250,1,9,1,2,5,5,10,10,43
2DZ75N97R,こーせ,PPAHU1TNY,蓮ノ空のんびり部,1125,12,4548,924000,3,5,5,5,5,4,4,4,35
YLD4G4RRF,Nanaki,26CAPRWLJ,大倉庫救助隊,702,0,4548,924000,5,5,4,4,4,4,4,4,34
45WP86NLU,風月,FNMV166UY,蓮ノ空喫茶部,1203,12,4550,923750,3,7,1,4,4,6,4,5,34
NA8B7TY3R,ユウ,976BY5JWK,ハルカカナタ,961,9,4551,923500,4,7,4,7,6,9,3,3,43
GSXYVJCON,ユナノ,HKTEMRDA9,qq,1292,5,4552,923250,4,8,1,1,2,8,2,1,27
YLT7HVDHW,夢,9UKKACGDU,蓮っ子CLUB,1076,6,4553,923000,2,8,1,4,5,6,4,4,34
WX79T3VEI,ふぁーじ,NJBBTCY3A,かにかに！,818,5,4553,923000,1,4,2,5,4,2,2,5,25
2DGEPNUX7,Nonpee,6U5YRWNNY,あすて☆りずむ♪,958,1,4555,922750,2,4,1,4,4,4,4,4,27
46NP4REUD,なみ,P69FXJWA0,ふらわー,1016,3,4556,922500,2,8,3,4,7,4,4,4,36
DDVO4B937,ソラ,EKACCPWWB,タフノ空学院,1297,20,4556,922500,1,7,1,5,5,4,5,5,33
F595EB6AJ,キャンド,06DCWC1RE,とりあえず参戦用,584,0,4558,922250,3,10,6,5,10,5,4,7,50
ZEHSWEQLW,赤髪の刹那,AXG81GPMP,蓮ノ空マタギ部,1219,20,4558,922250,1,5,1,5,5,8,6,1,32
0LKXCACV4,とんべり,WRFLMWL4U,映り込み金魚,1032,4,4560,922000,2,4,1,1,7,2,7,4,28
23V0AB36U,ミツ,9D722M8KC,蓮ノ空同好会,903,6,4561,921750,1,4,1,8,10,2,1,1,28
8C5H0BBKJ,おかわり,AHE0E3JND,ありがと！にひっ,903,0,4562,921500,2,1,3,3,2,2,1,1,15
B9JWNFN1K,あむすと,YADX9DY49,ﾊｽﾉｿﾗｰ,1067,4,4562,921500,4,7,4,4,4,3,4,4,34
BXXA0VM18,きみ,PVWWDPBVG,スリーズショコラ,1332,17,4564,921250,1,8,1,4,5,5,4,5,33
CY6GX4X7T,まひろ,8MTLYLH9F,木星月華黄金宮,1073,7,4565,921000,1,5,1,1,9,2,8,7,34
EH279G4KU,れーと,4NDAG5E9N,国産牛のにげあし,968,14,4566,920750,7,10,8,10,10,10,8,9,72
TM3G93TJ3,ヒナ,XLBU65J86,花の壁飾りクラブ,1336,5,4566,920750,2,9,4,1,3,4,4,5,32
7Q57IC8LS,かざや,N2KCENRKH,猫＆旅大好き部,1263,11,4566,920750,5,9,5,5,5,5,5,5,44
C6AX017NX,彩,B2KV0EVPD,蓮ちゅきクラブ,1265,20,4569,920500,4,9,4,4,5,5,4,5,40
EN5UNTDGP,ぬるま湯,GW4CH70HK,TKG同好会,1077,2,4570,920250,2,2,1,1,2,2,1,1,12
MF4ZXNDEE,けいしょう,WHWT61ELR,【無言】ハスノソ,1328,8,4571,920000,3,7,2,6,6,6,6,6,42
YDIQLA0QG,すたり(オーガー,4FXPC55PY,PPIHクラブ,1382,4,4572,919750,1,5,1,4,5,4,4,5,29
CN980053F,まんまる雄山,C021HVB2B,第3芸能科,677,6,4572,919750,4,7,10,5,3,5,1,1,36
Y00NWBHFP,ラフェルノ,WHWT61ELR,【無言】ハスノソ,1327,18,4574,919500,6,8,4,6,6,6,7,7,50
YAHIOBQO6,ゆま,HWJ8XPW0T,箱推しなのだけど,1075,14,4575,919250,1,1,1,4,7,5,5,5,29
50ZXERJWU,かるーあ,0R8BXPRC1,ポチっ！とクラブ,1500,2,4576,919000,1,7,1,5,5,6,5,5,35
ABH82PN4V,しぐ,5YEE75CB4,ロビーで待ってる,653,0,4576,919000,2,7,1,1,7,6,4,6,34
KX7XW70BK,にまはん。,NJBBTCY3A,かにかに！,682,3,4576,919000,1,10,1,7,10,10,1,1,41
HGLN12RYJ,くるみ,26CAPRWLJ,大倉庫救助隊,740,0,4579,918750,5,5,5,4,4,4,4,4,35
WWMNP9RZY,SASUKE,427WENUC4,心の癒し～蓮ノ空,990,12,4580,918500,3,7,5,6,8,6,6,7,48
GXJKYEDEI,そそぎ,YD2XWWFA4,蓮好き好きクラブ,1490,15,4581,918250,1,5,1,4,1,6,3,4,25
MTCEL4090,うぃき,948FLPMPN,まったりハス煮〜,1402,13,4582,918000,1,4,1,4,5,5,8,9,37
FD9TC5S7T,陰気な学院生,TXNCTRR1U,瑠璃乃推し隊,1336,18,4583,917750,1,5,1,5,4,3,5,8,32
KX55PUPWA,なお,JRAC1HYUD,SPHS-MMT,1531,19,4584,917500,1,7,1,4,7,4,6,8,38
12DJD09M9,nobby,LLDLG20UU,UR取り隊,923,0,4585,917250,6,6,6,6,6,6,6,6,48
ND3607L78,タマココン東西,XXMU9WLKB,梢の機械さん,1065,16,4585,917250,2,4,2,1,4,4,7,7,31
0F7MEF8A4,Yosuke,HK0E91U71,放課後写真部,1429,15,4587,917000,4,6,4,4,6,4,6,6,40
BZ80IDTFZ,젠카이노아이마스,HB9AU9DJJ,聖心党,1153,1,4588,916750,2,4,1,4,4,5,4,4,28
8NXY8E0WU,フランー,WLBYGHXPD,大天使村野さやか,506,1,4589,916500,2,6,1,1,4,2,5,5,26
KG2MSNIBI,YOK,7J3DF36RX,綴理しか勝たん。,1073,15,4590,916250,3,8,5,4,8,6,6,4,44
KELAXQ9TF,みのゆ,CTW8DKV5P,まったり,1337,17,4591,916000,4,4,5,4,7,4,7,7,42
13CYA2Y8X,suzuki,HWMV33W7Y,フラワー泥民館,1070,3,4592,915750,2,7,4,4,7,7,4,7,42
UFEA13M4N,こう,4RY75CKM4,LLすこ部　メ募,1014,12,4592,915750,5,5,5,1,6,9,6,1,38
PBTLDR3XM,ディクスン,T86X24942,はらまき,935,6,4594,915500,5,6,6,1,7,5,1,2,33
7J2886HPY,ぺや,424NLTEE8,無言な異次元部屋,1381,3,4595,915250,1,7,1,6,7,4,5,7,38
V45V2FEAW,かんかん,75UJ5RB97,蓮ノ空雪野球部,433,2,4595,915250,1,6,1,1,3,5,1,1,19
BWJGUA4J7,Gray,17AEM7PUN,SIFcord,571,0,4597,915000,2,2,1,4,7,3,6,6,31
Q9JF8M10P,オガ,J4KPR8GX0,関西ラ研,1273,2,4597,915000,2,1,1,1,5,2,5,5,22
H0OFNLP44,ななつき,G6LTF6TUE,喫茶ハスノソラ,1262,3,4599,914750,1,2,1,1,5,3,6,8,27
NY4CWPFGZ,ユノ,2K5AM4RV0,とろぺりです,1257,4,4600,914500,1,4,2,4,5,4,4,5,29
4LKF50K1R,まぎこ,1VPK1PKFW,すりすりの森,1140,15,4601,914250,1,6,2,1,5,2,2,1,20
PC19HCLCH,こじろう,BT3GEWM5L,ささやか村の集い,1487,8,4602,914000,1,8,1,4,6,5,4,7,36
8Y9B0GX56,ユーザー2,JY79RPB1D,リンクラゆる部,329,0,4603,913750,1,4,1,4,4,4,4,4,26
HUWBMU0KG,蒼ミヨリ,95TAREFPT,ご自由にどうぞ,1052,11,4604,913500,1,4,1,4,1,5,4,4,24
K976F1LHO,TKS3,0JY7F3EKU,さやか愛でる会,1344,6,4604,913500,2,7,1,4,5,4,4,4,31
7HA07WCY2,あきたま,N7GLY2RUW,百生銀行,1184,8,4606,913250,1,6,1,7,5,6,6,5,37
9MW641WL4,KRMCTH,YFADYJVW4,FPS好きクラブ,1431,16,4606,913250,5,6,6,6,9,8,6,6,52
E9WM8T1IA,りらリラゆ,Y7WU9XUY5,自分用(８字少な,1119,3,4608,913000,1,7,1,4,4,5,4,4,30
BK72B9VX8,左々右,GCFA4WL28,乙宗梢を愛で隊,903,1,4609,912750,3,4,2,4,2,4,4,4,27
8W14EHY60,K,UYCT3Y4JK,蓮っ子,902,2,4610,912500,1,4,1,5,4,7,1,1,24
GFC7MDN3E,みづか,XE8513HNP,喫茶カワウ空✨,1201,17,4611,912250,4,6,3,5,6,6,5,6,41
R42RPBUW4,も,H3RE0VLMK,か,1081,2,4612,912000,2,5,2,4,6,4,4,6,33
8KGF3M6WJ,萌萌萌,EYN9H9N16,蓮すきすきクラブ,1798,19,4613,911750,6,9,8,6,10,6,6,10,61
U7484EGYT,山下　袷之,XVTV7MVCX,雪月花,518,3,4613,911750,2,3,1,1,3,2,2,1,15
SGG4PK2OU,りあ,CXG25026E,泥のみんなS,1343,0,4613,911750,4,5,4,4,4,4,4,5,34
753C2P0KR,ハレルヤ３,08DDCV5JN,黒ねこのしっぽ,1079,4,4616,911500,1,4,1,5,4,4,4,4,27
JSA85T3QZ,うたたね,VF517JBVB,無言でいいよ。,1340,9,4617,911250,2,6,1,4,5,4,4,5,31
B2PYP3FP8,えっちょこ,AXG81GPMP,蓮ノ空マタギ部,944,2,4618,911000,1,4,1,4,1,2,1,6,20
FO0AHCR2P,エムネ,K25DPPGT9,圧倒的にまったり,1362,8,4619,910750,6,6,6,5,6,4,7,7,47
BYEJNUWCG,sakotti,KGY709ULG,蓮の花束,649,4,4619,910750,3,9,2,8,7,6,3,3,41
0J92BMJHV,りゅうざき,4NDAG5E9N,国産牛のにげあし,795,0,4621,910500,3,9,1,5,5,5,3,4,35
3YLD3R5JN,ハルト,0C3CUCRC6,おためし,1139,5,4622,910250,1,5,1,4,5,5,5,5,31
LAMEWK26F,おくりびと,N4A69PYCN,無課金ソロシップ,282,0,4623,910000,7,9,5,6,8,7,6,2,50
T12C5H4EH,お_,Y2R7E79U3,カワウソ同好会,1200,12,4623,910000,5,5,5,4,4,5,6,9,43
L5VMUTNNP,くま,N1DJVPGP8,いつでも咲けるよ,645,0,4623,910000,2,7,1,4,4,3,4,1,26
409J15OS4,出る,GPKTRBCTT,騎空団蓮ノ空支部,1534,18,4626,909750,1,4,1,1,9,3,9,9,37
9ZUQQ0BE5,かんかんみかん,J83JWJ028,大ㄇㄚˊ露營區,1204,0,4627,909500,1,7,2,4,6,6,4,6,36
O5A7HLDYW,少年H™,BUKPFCJCY,TTMC蓮ノ空班,1045,1,4628,909250,4,5,4,7,4,4,4,5,37
KBH6V9U8F,心優しい学院生,CJWR9P8LM,花帆さん愛でる会,1175,8,4629,909000,1,6,1,4,4,5,4,5,30
O51FLH65N,たかさご,YDYH4VRRP,レンクウ,1352,20,4630,908750,1,7,1,1,4,2,1,7,24
JBP0FMBP0,RD-2,WRFLMWL4U,映り込み金魚,1232,1,4631,908500,1,4,1,4,5,2,4,7,28
R4P6HX1F2,はやた,KFC62L0FV,ねるねる同好会,1224,7,4632,908250,4,6,5,6,4,4,5,5,39
46EW8IIFD,秋水,1U4JN5CXB,LLユーカー部!,1345,3,4632,908250,2,5,2,5,5,4,5,5,33
X0RDBY7TQ,まーりん,HBM31HMUY,YUKIZURI,1376,6,4634,908000,1,5,1,4,6,5,6,5,33
GZ6OCC2V2,モンスターボノ,1DU9LCND7,蓮ノ空すこやか部,1177,10,4635,907500,1,4,1,4,4,6,8,8,36
ZEHM6516A,ウトゥンドゥ,998H940YN,お嬢様筋トレ部,1420,18,4636,907250,1,7,1,5,7,7,4,6,38
D5H2956ME,みうな,,,516,0,4637,907000,2,9,3,4,1,1,1,7,28
VRZV7BROS,はる,L1VGJTD5P,蓮ノ空お茶会部,1140,5,4638,906750,1,6,1,4,7,4,4,5,32
HDXT7K6TO,weeb,C0NDBKMRB,すりぃずぶぅ家,948,7,4639,906500,1,5,1,1,3,7,1,4,23
FK2MFRV4B,Arts,8FR866PRY,蓮っ子みらくラブ,1055,13,4639,906500,2,1,1,1,5,2,5,8,25
LIIPSPLHA,Faizu,PDMPF3VVV,r/LL,1338,2,4641,906250,1,1,1,1,7,2,7,7,27
PPEDGMPND,たびぬま,YNR28303K,りんくらぶ,1215,0,4642,906000,1,6,1,4,6,5,4,5,32
28NDA9AMH,Raymond,LUDNM40F8,ふくふく無言OK,954,8,4643,905750,3,4,3,4,3,3,3,4,27
2G8NVPJAT,ぶっちー,GVT61ATX0,なのだけれど,935,2,4644,905500,1,4,1,1,1,5,1,4,18
453CGNJA9,カリウム,EY8YN8J6X,インド蓮ノ空支部,1261,19,4645,905250,1,7,1,4,6,6,5,5,35
UB9BP692L,ゆったん,GPKTRBCTT,騎空団蓮ノ空支部,661,0,4646,905000,1,8,1,4,1,2,1,1,19
2D9LO6NAU,ナカユウ,3HDDYR4FU,旅人,653,0,4646,905000,1,4,1,4,5,4,4,4,27
VEU5VMG9R,れちょるべ,578YG6EAT,桜桃花束愛聴会,1190,7,4648,904750,5,5,5,6,6,5,6,6,44
AWI3WQKEX,「みやび」,T8X0G07YB,なければ立てる！,1575,15,4649,904500,1,2,1,1,9,2,9,9,34
H0XH70J0K,つぶあん,E1HVJ71JR,ご自由にどうぞ,966,3,4650,904250,4,8,5,4,7,4,4,4,40
J3KYNTYL0,のわ,9GDHWXGVG,ルリと花咲く毎日,1121,17,4650,904250,1,9,7,2,5,2,1,4,31
NMP3L5NNJ,普通NEKO,26JDLMBLN,徒町は強く生きる,947,0,4652,904000,1,7,1,1,4,6,1,4,25
GNT04XPFX,ありま,FC8NBAJBT,ラー麺二郎金沢店,1390,5,4653,903750,6,10,7,6,5,6,9,6,55
VDALD8C2U,りゅーか,BEMED3RY1,無言無課金ok,757,2,4654,903500,2,4,4,4,2,3,3,5,27
6PN684N6E,椿姫,3YWMY4JVN,82プロ,1250,17,4655,903250,1,10,3,5,6,4,4,6,39
65TCOFJP8,ヒヅ〆,WLFW6UCX5,無敵級ビリーバー,1360,1,4656,903000,1,6,1,5,4,4,4,5,30
D4T1KUK4D,しきん,HE0GK3EPE,瑞蓮プロカ倶楽部,1357,11,4657,902750,1,9,5,4,8,6,4,4,41
YHD79D8A4,白い勲章,998H940YN,お嬢様筋トレ部,1192,14,4657,902750,1,9,8,2,2,2,7,6,37
U76XHH9FL,ころも,DH97ANN9G,ツキマカセ,785,0,4659,902500,2,7,1,4,5,5,4,6,34
YESVBUWSG,nsjm,KJU0BU77M,無言交流なし,1078,8,4660,902250,1,1,1,1,5,3,5,5,22
7DU6ELB6C,はばねろ,1D7T2UXC2,無言でのんびり,1373,3,4661,902000,1,7,1,4,4,2,4,9,32
70XH5802C,おだっしー,KA652DGYV,ゆるリンクラ,732,2,4662,901750,1,10,6,1,10,9,2,5,44
QBDXV7KX6,たぬ,A8Y33CALF,ソロ,1168,4,4662,901750,1,6,2,1,7,6,1,5,29
XS6Z8S0Z3,かつみ,PU92U3FN4,一人用,1083,6,4664,901500,2,1,1,1,5,2,5,5,22
S1HVER23E,ハーシー,95TAREFPT,ご自由にどうぞ,1342,6,4665,901250,5,7,4,4,6,4,4,8,42
OPB2WTUT7,や,07JW71HWG,良いチケで観よう,1259,2,4665,901250,2,1,1,4,1,2,5,5,21
7MYPV03UE,urume,KJU0BU77M,無言交流なし,1284,8,4667,901000,3,4,2,4,1,7,4,4,29
JM4XN6ATL,まなてぃー,427WENUC4,心の癒し～蓮ノ空,766,0,4667,901000,1,4,1,4,4,4,5,5,28
KO36M041X,LG葉桜内號MM,NLB84DYBF,下松系拉麺同好会,1411,10,4669,900750,2,10,3,4,1,6,4,7,37
C1REEM5XO,きむ,8YDE8BXJT,ずんだシェイク！,1350,9,4670,900500,1,7,1,5,6,6,6,5,37
MRLTF4RD0,ありさ,AH27N260E,百生信託銀行,667,2,4671,900250,3,10,3,7,4,4,1,10,42
OWO5SQZTE,Terces,7R8NKPAB1,花帆推し倶楽部,1263,20,4671,900250,4,6,2,4,8,9,6,4,43
4P36WEMHV,すみむらニ,J80MEYHBC,Nymphaea,1236,17,4673,900000,2,6,1,4,5,6,5,5,34
E3UHK6EPV,岡本,WCL6R1ANU,無所属の会,471,0,4674,899750,1,1,2,4,5,6,4,4,27
H4XMA3S7G,けんたん,1L7KKJLEW,お膝枕でごろん,1354,15,4675,899500,5,6,5,7,6,6,6,8,49
4H2X8HG38,和泉ゆき,3YWMY4JVN,82プロ,1222,2,4675,899500,2,6,1,4,4,5,5,5,32
WLJGWBTB6,はる,3JDDUYURT,無言,1189,11,4677,899250,1,6,2,4,4,4,5,5,31
63VV2H90T,アロハ,X34LWGL6R,サークル2,1142,17,4677,899250,3,5,3,4,5,5,5,5,35
NWY0B069L,Fl0w,97BGFLKW9,◯◯◯,316,2,4679,899000,1,5,5,2,5,4,2,1,25
1D85LXNSN,きんぴら,KA652DGYV,ゆるリンクラ,1460,7,4680,898750,3,5,2,1,8,6,1,8,34
XYWNUYP3R,うたかた,,,1046,2,4681,898500,1,4,1,1,6,4,1,1,19
KEJVRIRI7,ミヤビーナス,J7N4W6Y1K,こずミックラブ♡,1607,13,4682,898250,2,4,2,5,2,6,4,6,31
VECX762B2,あつしめん,9YM3DBTB7,泥民館,1365,10,4683,898000,4,7,1,6,5,6,5,5,39
WTUNPLET2,はまー,E7UBFLW56,同好会の同好会,889,0,4684,897750,2,5,1,1,4,4,1,4,22
5LKFWHUXA,Striker,A3472CNJE,ハントン✿ライス,1384,4,4684,897750,1,2,2,1,1,7,1,5,20
82NUMY62V,クロツボ,54UAWUBHN,リンクラスキ♡,1113,5,4686,897500,2,8,2,4,4,3,4,2,29
U7ALH8YMB,アベエル,4RATY4E84,DC大好きクラブ,1115,2,4687,897250,1,1,1,1,1,5,5,4,19
4L7GPJLGX,ちくわ(・8・),07JW71HWG,良いチケで観よう,1335,5,4688,897000,6,10,10,5,10,6,4,8,59
KDWT0HYBE,ゆろみ,P2J37FNLG,乙宗先生指導会,830,1,4688,897000,1,7,1,4,4,6,4,4,31
YKN6MC3H4,crow,573J1JVVK,かほかほ,1154,10,4690,896750,1,5,3,1,4,4,2,4,24
BATXTYUA0,一之瀬りと,UCF93JAPM,スワンプマン,1477,4,4691,896500,1,5,1,4,5,4,4,5,29
N403EWS62,まっつん,PN4VA24XF,みーかるぱーく！,812,0,4692,896250,1,1,1,1,5,2,5,5,21
6EWA1MEX7,メロンペンギン,1C2GN787H,℃！℉！度！,1028,9,4693,896000,1,2,3,5,1,4,4,4,24
H5V0MEMRU,イモ子,0CEA9XFKR,蓮ノ空の泥人会,1283,7,4693,896000,1,6,1,4,6,4,4,5,31
X410C1UAJ,五十幡 矢澤,8EP8BFEV7,蓮ノ空女子野球部,964,0,4695,895750,2,6,1,5,5,4,4,6,33
IK9M4RM0F,秋音,762FM3JV4,一蓮托生,1070,0,4696,895500,3,5,4,4,6,6,5,5,38
FV2KFUP8G,ジャガ,CRYB2FJ64,つくよみくらぶ,792,4,4697,895250,3,5,4,3,5,7,4,7,38
ODB9TPVPK,Su☆Ga☆Ma,E7R11MYE8,ゆったり蓮ノ空,826,2,4698,895000,1,4,1,4,4,6,4,4,28
HW6P3AKUJ,かがやき634号,0FK11Y5NU,晴れた日のベンチ,740,3,4699,894750,1,10,1,6,7,3,5,1,34
LKCNO9UEG,ラブライブ学習生,FH7G62PKW,月火水木金土日,1327,20,4700,894500,1,7,1,5,5,6,6,4,35
G6T8NE4HN,こんふりー,Y2HV0YEF7,蓮ノ空を応援し隊,1227,13,4700,894500,2,10,4,5,1,4,4,4,34
HC2Q3Y4OD,めぐ党員ふみりる,5JA9K5FAK,オタサーの姫芽,1110,0,4702,894250,1,5,1,4,6,4,2,5,28
K8B40K2E5,雪月花,38KAJGDGU,異次元シャニP,1123,16,4702,894250,4,4,1,4,1,2,4,1,21
JBQWH7OSQ,チーズドッグ,XXMU9WLKB,梢の機械さん,1368,11,4704,894000,2,6,1,4,5,5,5,6,34
PLNYTG153,たまちゃん,89K2PRDC6,つづるりのなかま,991,7,4705,893750,3,5,2,4,4,4,4,4,30
HAOYSJ2IY,メル,RWARTHA1M,乙宗梢大好き部,1594,20,4705,893750,6,8,5,6,10,6,10,10,61
HJQ6ETZ4Q,lei,HKETDDCK6,ぼっちざ蓮!!,1326,20,4707,893500,3,6,3,4,7,6,6,6,41
LN0AZ25NL,从c* ^ヮ^§,N34LHVJKN,のんびり堂,1129,6,4708,893250,1,7,1,4,4,6,4,4,31
1DNN13CG7,りん,JX0BXWNWH,新米蓮好き好きC,214,0,4709,893000,5,10,3,5,7,6,5,6,47
VHTVHM7LR,奶綠,YFADYJVW4,FPS好きクラブ,726,0,4710,892750,4,10,7,4,10,4,4,9,52
63JL9XU5J,tropical,2KJ2UEC3P,ういちゅけクラブ,1381,11,4710,892750,1,7,1,1,4,4,1,4,23
838L2DUK0,肋骨番,AG9PKMMC3,ぱかぱか同好会,1420,2,4712,892500,4,5,4,4,5,4,4,4,34
HCWVELP07,ちゃば,TX92H9GBV,アフターが見たい,925,2,4712,892500,4,7,2,7,7,7,6,6,46
HL7EDD94G,めるほあ,DC8VP5MAB,蓮ノ妹子,613,0,4714,892250,1,5,1,1,5,3,1,1,18
HF086UDM7,かじちゃん,AVX749PPB,姫芽ちゃん親衛隊,1152,20,4715,892000,4,8,4,4,4,3,7,8,42
R6FP8HFKK,ふるかね,R1RM3X0WV,後方腕組みオタク,1169,3,4715,892000,2,8,1,4,8,6,4,5,38
EEGYPL5TU,せつ菜,YD2XWWFA4,蓮好き好きクラブ,357,0,4717,891750,1,6,1,2,6,3,1,1,21
IYID64GHS,manggae,FHN78V2DJ,無言でどうぞ,327,3,4718,891500,2,10,3,3,10,4,1,3,36
0R73C944J,nsinfo,FG5VFFNRK,蓮ノ空おじさん,1137,11,4719,891250,5,10,8,5,8,7,4,6,53
B7JLRUWWR,T1 桂城iZu,GR65FP8VN,蓮好き,528,1,4719,891250,2,4,1,1,4,2,1,1,16
3XB9ET9L2,ぽぽしー。,KA1249N3H,沼津倶楽部,1064,10,4721,891000,1,7,1,4,5,4,4,5,31
BY7GPD3V2,君は青のままで,FK5MUK0ET,くる♡すきクラブ,800,4,4722,890750,2,8,2,4,4,7,4,5,36
O44TRM3CC,ツキマカセ,BWD9U1EJ2,蓮之空中国同好会,1209,17,4722,890750,4,5,4,4,4,4,4,9,38
0AYSG8CLW,えぬし,51CF1LTGY,ラ研連合,1206,6,4724,890500,1,4,1,4,5,2,5,7,29
K4IYCBPH8,ふるさと,B2KV0EVPD,蓮ちゅきクラブ,1865,14,4725,890250,6,8,7,6,6,6,10,9,58
DAY78MTHU,oga,M6UPWJ6DU,蓮結ぶ虹と星の音,949,0,4725,890250,1,4,1,1,5,5,5,5,27
FE33PJUPP,ふゆ,8MDA3A0AK,イベント用,524,2,4727,890000,1,5,9,1,1,5,1,1,24
YRN38XDRR,kazu,9D722M8KC,蓮ノ空同好会,910,4,4728,889750,1,7,1,7,5,6,1,1,29
U9VVN5FX9,はち,2VJG66JTH,まったり,966,1,4729,889500,2,5,2,4,1,7,1,2,24
M81TVHMDU,翔真,R1RM3X0WV,後方腕組みオタク,691,3,4729,889500,6,10,7,7,7,7,7,8,59
7XBMPBBRE,一歩一歩一歩一歩,KGG6VMD1R,蓮ノ空本蓮沼の会,522,2,4731,889250,3,8,2,6,10,8,2,5,44
3PYG884Z1,KiKO,WHWT61ELR,【無言】ハスノソ,1171,16,4732,889000,6,7,4,3,2,7,1,4,34
TN34E21UR,&,HBK6KCRPP,無言でおけ,1256,3,4732,889000,1,1,1,1,4,5,4,4,21
PN7YVRUKC,ヒョータ,FTY0R8KPH,泥の皆様,1160,3,4734,888750,1,7,2,4,5,6,4,4,33
WIE8H7E46,ゆきのん,,,499,0,4734,888750,2,9,9,4,4,5,2,1,36
6FTC54YPT,クローゼ,E7UBFLW56,同好会の同好会,1341,2,4736,888500,2,6,1,5,5,6,5,6,36
4R4PBN8DA,りゆ,8VGXWTV3U,R.opRizm,737,2,4737,888250,1,8,1,4,1,6,2,1,24
H9GMFD6RA,よりたンゴ,GGK2P93JK,きゃらめる,413,0,4738,888000,5,4,1,10,5,3,2,5,35
H827FHG5T,つな,FC8NBAJBT,ラー麺二郎金沢店,1613,16,4738,888000,5,7,9,5,10,6,9,9,60
BV4RGU6LJ,ゆゆ,D1YHB0B1A,BWO,1036,1,4740,887750,2,4,1,4,4,4,4,4,27
TWA6T5WW3,本巣叶羽,2K5AM4RV0,とろぺりです,732,3,4741,887250,2,4,1,1,1,4,1,1,15
T8P3V12A2,ネコとウサギ,CMH1RXEGH,仮拠点,1132,10,4741,887250,1,4,3,4,1,6,4,5,28
9G2HB79M1,μ'6Hoshi,18YYNRFGA,LotusSky,1132,12,4743,887000,1,7,2,4,4,5,4,4,31
7AWB8LA8Y,ミュン,UX96YX4T1,『位置について』,472,0,4743,887000,2,6,1,7,3,4,2,1,26
VUDJLX0U7,コウ,8M2MFU9U0,リンクライブ,1322,7,4745,886750,2,10,1,1,5,4,1,7,31
SW6YQZLBU,しろみざかな,LX25CP0TG,深夜の芋煮処,1226,18,4746,886250,3,4,1,1,7,4,4,5,29
PJXFM51Y2,カシン居士,ULUELCJ7T,なるようになる？,1334,5,4747,886000,2,6,1,4,5,5,4,5,32
TFUV0QYEQ,だゆ,1F5EPPMLD,UR貰えればいい,783,0,4748,885750,1,1,1,1,5,3,5,6,23
9ZDVB2QGQ,なかじ,T8X0G07YB,なければ立てる！,1505,20,4749,885500,1,7,1,1,7,2,9,9,37
B0HFV4RR3,seiran,BEMED3RY1,無言無課金ok,358,0,4749,885500,1,7,1,5,5,3,4,1,27
YXME2EXS3,モーニング塩辛,8M6UDX260,ぽけもん好き,1072,3,4751,885250,3,5,3,4,5,6,5,6,37
ANRDX96WJ,Smith,CXG25026E,泥のみんなS,214,0,4752,885000,3,5,1,5,3,7,4,5,33
DVTLM93EH,ユイナ,M6UPWJ6DU,蓮結ぶ虹と星の音,1321,13,4753,884750,4,10,6,4,5,7,5,10,51
F1K2RFRU9,パイセン,VP0K6KF0K,蓮ノ空大好き!!,1199,7,4753,884750,1,7,1,6,7,6,6,5,39
MLRV7JPR6,ray,1D7T2UXC2,無言でのんびり,984,2,4755,884500,2,4,2,4,7,4,4,4,31
C45S83ZHQ,すやP,95TAREFPT,ご自由にどうぞ,1493,20,4756,884250,1,8,1,4,4,5,7,7,37
H31KE0QCU,ハバネロ,PPAHU1TNY,蓮ノ空のんびり部,1012,2,4757,884000,1,5,1,4,4,5,4,4,28
Q5Y1MFWJG,HKいかめし,3LUL3WR8Y,零組,1171,4,4758,883750,3,2,2,1,1,6,1,5,21
WDW2V2JKC,たぁ,HWJ8XPW0T,箱推しなのだけど,1386,20,4758,883750,1,7,2,5,9,6,7,7,44
J89QLWCS0,ツキミ@PTT,HWJ8XPW0T,箱推しなのだけど,1420,0,4758,883750,1,6,1,5,6,6,5,5,35
1JEV15JF8,えおりん,AHE0E3JND,ありがと！にひっ,788,2,4761,883500,2,5,1,4,6,4,2,2,26
AGNY1A44A,へなちょこ,HPTHY23VR,蓮ノ空文芸部,985,3,4762,883250,1,4,1,5,7,4,4,4,30
CVXIIXJ2C,カニスノネ,NMT63RUDV,泥村,1358,0,4763,883000,2,6,1,1,4,7,1,4,26
HPUDDL4PN,ゾロちょー,23PGPJ3NV,蓮ビギナーの集い,1144,5,4763,883000,2,9,7,6,7,6,4,7,48
RKB1A1D3A,よこけん,L28X4MDJN,アフター観たいぞ,640,2,4765,882750,4,8,3,5,6,7,4,4,41
DUW26R9WB,xuxian,WAT20PN3Y,こな党,746,3,4766,882250,2,6,1,1,7,4,7,7,35
9HFVNLJMR,はたはた,7B0W0EWVA,ソロの為の避難所,1227,15,4767,882000,2,5,1,4,5,5,5,5,32
6NQBOHUY9,HOZ,RM7N1JDB5,無言推奨不干渉会,1261,4,4767,882000,7,7,6,3,6,6,7,5,47
NYCHU7MLA,raizin,A73H7ENN2,エロマンガ同好会,1286,20,4769,881750,1,5,1,1,7,4,7,7,33
RJFX8NFUU,えるえる(ドクQ,4FXPC55PY,PPIHクラブ,1051,5,4770,881500,1,4,1,4,5,5,4,5,29
YFGJCPKZT,スシさのり,UHF5Y8PEF,さやちゃん倶楽部,1111,3,4771,881250,2,10,1,1,6,4,4,4,32
J4Y06O2FU,まさき,TK9E1BB1P,無言で自由,1175,0,4772,881000,1,7,1,1,3,4,1,5,23
5NBJSQ039,すぱいらる,J79LGCKKF,蓮ノ空コーラス部,1312,5,4773,880750,1,8,4,4,4,6,4,4,35
FBYB3NPRC,Kimika,H0652CHBR,Kimimin,1210,15,4774,880500,1,6,1,4,5,4,4,5,30
U0TR01HPB,アキ,WBXF9XXW7,さやつづ愛でる会,405,3,4775,880250,3,7,1,1,6,3,1,1,23
ITK4JA963,田中ゆとり,919XF8V2V,蓮之空大三腳,1269,17,4775,880250,4,5,4,4,7,4,4,5,37
K0HXDN52E,Lamp,NRK4MV1C1,茅バール,437,0,4777,880000,2,1,1,1,1,2,1,1,10
WETJWBKBY,はた,3F0M4HXJE,蓮ノ空まったり部,819,3,4778,879750,3,10,4,6,3,6,4,4,40
5X73VOAM3,幸水梨,JVX27DWXH,和梨好き倶楽部,1254,12,4779,879500,3,9,1,4,8,2,4,7,38
6TN7KTB8R,の,XCRHL4A94,こんにちわ〜,627,2,4780,879250,1,4,1,1,7,2,2,1,19
2VK9GD7KC,いちごえしやま,2WF4HKKRJ,迫真謡舞踊部,1146,19,4781,879000,3,7,3,3,4,3,7,7,37
RGL5WL9GA,フーピ,B5V2LNN43,WMW,1385,12,4781,879000,1,8,2,4,5,2,6,1,29
EKTYWB466,デウス,V8XX999F6,卍蓮村幼稚園卍,773,0,4783,878750,1,7,2,5,6,7,6,7,41
IO7DUMT4T,温泉饅頭,BEMED3RY1,無言無課金ok,1420,1,4784,878500,3,7,3,3,10,5,9,9,49
37HUYFNLE,ゼノ,7U20138DB,LGP,1206,8,4784,878500,1,7,1,4,5,4,4,7,33
H1G4885XW,McCool,X19MP0NTT,蓮之空河豚养殖場,1235,15,4786,878250,2,4,1,5,5,5,6,6,34
J9R68DPP0,あせと,WE4AB37FP,めぐ党,652,3,4787,878000,7,10,10,6,10,7,4,10,64
51XIBRBE5,東南東方不敗,YD2XWWFA4,蓮好き好きクラブ,1446,2,4787,878000,4,7,3,5,6,7,6,6,44
8P3JRA7OT,よいよい,3F0M4HXJE,蓮ノ空まったり部,1381,3,4789,877500,5,9,5,6,7,5,4,6,47
9YD70KW2C,へーぼん,E12PR824F,ゆるっと蓮ノ空,233,0,4790,877250,2,4,2,1,1,3,2,1,16
ZCF2QCGWT,syupon,DKNHY5HH6,なす料理研究会,535,0,4790,877250,10,10,8,5,10,7,8,8,66
8HDR0CTD3,TKG,7AATUNUPE,無言サークル,1205,2,4792,877000,2,5,2,4,4,3,4,1,25
JRPYTNK27,あきおらいざー,HXVYGL96H,初々しい対抗戦,1022,0,4793,876750,1,5,1,1,4,2,1,2,17
WHKLV2AL3,立華,TCTEAMP9C,虹ちゃん最高！,726,0,4793,876750,2,2,2,4,1,2,1,4,18
P1NGK9I41,ラピート,DHKUGEWBJ,めぐ党虹ヶ咲支部,1351,17,4795,876500,3,7,3,3,7,4,3,7,37
63580F48J,dark(堕悪),H4FK3UYY2,揺蕩藍玉,1456,16,4795,876500,1,8,4,4,4,4,4,5,34
7L9MA3TG3,めがほたて,J9T0UFKXG,光を目指す者たち,992,3,4797,876250,2,3,3,1,2,2,1,1,15
F3LM4E30H,あびわん,69JYHU29C,ワンゲル,1158,1,4798,876000,2,7,1,1,4,4,1,4,24
40FBU455R,かんぴょー,JWKMYEELY,伝統工芸愛好会,923,0,4799,875750,1,1,1,4,5,4,4,4,24
P0X0O9HT9,miyafu,JA2C658FW,さや綴理の村人,1229,5,4800,875500,1,4,1,4,5,3,1,5,24
WJNOW6YZG,スノードロップ,NL1MPRG05,とりあえず,1047,13,4801,875250,4,5,2,8,8,3,2,4,36
93VF9IBF8,チル,PH0YEPJD8,蓮ノ空北國金沢,1185,16,4802,875000,1,4,1,1,5,2,1,1,16
Y7KKD9JC9,Eiji,K4TAHF9YA,はすっこ準備室,1223,19,4802,875000,3,9,4,4,9,7,3,4,43
YD9ABLEN2,ガハラ,F8MLHU2NV,乙宗梢様､､､,1456,20,4804,874750,7,7,7,7,8,4,9,9,58
JP23RCGLY,クロ,26JDLMBLN,徒町は強く生きる,1157,14,4804,874750,3,6,2,1,7,5,4,8,36
8HAGVPC9Q,ラブダイバー,NA8FEYN0M,蓮ノ空飲酒クラブ,1201,2,4806,874500,2,5,1,5,7,5,4,6,35
PK6X4URJR,あやみつ,2DYYAPFVN,蓮っ子村,1095,1,4807,874250,2,8,1,4,6,7,4,4,36
2M9YRFRPA,たまごやきやき,NDGW77R2V,こず花帆尊い,956,2,4808,874000,2,6,2,4,5,4,5,5,33
JXW9EW9MR,ぽんかんワイン,WFPA7YJE1,蓮ノ空文芸部,1178,13,4808,874000,5,5,5,5,5,5,7,7,44
HB840DYBA,舞音,573J1JVVK,かほかほ,1230,20,4810,873500,1,6,3,1,7,6,7,7,38
WMJ9LDTMW,オタクの極み,K8C99H42D,ルリと喜ド！愛楽,1034,4,4811,873250,1,4,1,4,5,2,4,1,22
8RY3GN5MV,のえ,828YTYAA9,箱推し社畜の部屋,1152,2,4811,873250,1,6,1,4,8,6,4,5,35
NYXB3JJC0,むにゅま,YUVK7R51W,萌え萌え倶楽部,1124,9,4813,873000,2,6,2,2,4,3,3,7,29
6EA5VF2GH,「スミロ」,9JTF508LB,スクスタ亡霊部,1385,19,4814,872750,1,4,1,4,4,6,4,4,28
V1XJ83WQK,花宮・夜刀神十香,E58EXVMJU,ボクがんばる。,1070,9,4815,872500,1,8,1,4,7,3,4,1,29
8DF676UYE,みさちか,998H940YN,お嬢様筋トレ部,1248,10,4815,872500,2,5,7,4,5,5,6,7,41
VFPG9H6BU,つゆちゃん,,,826,3,4817,872250,2,10,1,4,4,5,6,4,36
VAFXEPELX,レッサー,PH0YEPJD8,蓮ノ空北國金沢,1280,18,4818,872000,1,7,1,5,5,7,5,4,35
B49P9TFY4,けんご,XVTV7MVCX,雪月花,1117,10,4819,871750,1,1,1,1,5,4,6,4,23
BL6A5A2X6,みつ,8H0E896DB,あ,594,2,4820,871500,2,1,2,1,2,1,2,1,12
B37W5J7C4,コトコト,43HRXMXWA,無言OKクラブ,1208,20,4820,871500,1,7,1,4,5,6,5,6,35
ZM3MG4DLU,ヨッシー,422KR6BPC,推しを愛する者達,1140,15,4822,871250,5,7,2,9,7,4,5,1,40
G25MC1FCT,rooos,KJU0BU77M,無言交流なし,1599,21,4823,871000,6,9,5,6,8,9,10,9,62
2MD5236N8,ゆー,3FF3NB77X,せーはす愛好会,1017,0,4824,870500,2,2,1,1,2,2,1,1,12
F1H42RBBA,揚げ玉,RNJ306W6N,日曜日よりの使者,1123,1,4825,870000,1,4,1,4,4,4,4,4,26
KBDCCJVXX,TECHI,PLBBEX019,待機室目指し隊,1392,16,4825,870000,6,10,7,6,9,5,6,8,57
JRREWG0DT,K.12,9X07VGM42,近江町食べ歩き隊,1080,5,4827,869750,1,4,1,4,2,3,5,1,21
8W9G3KRK6,ぐでたま,CWPWP1266,さすさや,1230,9,4827,869750,5,7,5,5,6,5,5,5,43
88JE34DUC,ディセラ,PH0YEPJD8,蓮ノ空北國金沢,1138,3,4829,869500,2,3,1,1,2,2,3,1,15
EMG3MWRDK,Lio,9YTN0M5PV,月月火水木金金♪,1063,8,4830,869250,1,1,1,4,1,2,6,7,23
LFPRT4DAP,Wolfram,4XRHRYDW4,無言でエンジョイ,1216,7,4831,869000,1,4,1,1,5,2,4,5,23
7FVV8UEX0,サーモン,R9T0YKDW8,かちまち応援隊,1168,3,4831,869000,1,5,1,4,5,4,4,4,28
5KVO11D33,バラきゃんと,UAD14JPWL,泥ん子(仮),1511,15,4833,868750,1,7,4,5,7,7,5,5,41
EJUMCJT83,Casteax,J80MEYHBC,Nymphaea,1278,2,4834,868500,1,5,1,4,7,6,5,5,34
M3NR053LW,ツキノワ,6XX7GBM0K,ぷちぐる同好会,1441,16,4835,868250,1,7,1,6,6,5,5,5,36
4Y76GCLKG,てれ,6CLTCLEVT,猫屋さん,1030,2,4835,868250,1,7,1,4,4,4,4,5,30
7F091505K,ボンディーヤ,L1VGJTD5P,蓮ノ空お茶会部,1100,3,4837,868000,2,4,1,4,4,2,4,1,22
X1NQ95GZ8,トモロ,PB5NM9HRA,歌蓮ティールーム,1242,1,4837,868000,2,6,1,4,6,5,6,6,36
J45KKSJ6F,かざはなつばさ,36T6UB6YA,まったり箱推し部,1213,5,4839,867750,2,4,1,1,8,6,1,4,27
8D3FMPYIH,fu.kuno,0CEA9XFKR,蓮ノ空の泥人会,1345,5,4840,867500,1,7,1,5,7,6,5,6,38
4HPA6N8GN,ひらっち,A9MA307FX,楽しいが一番,901,5,4840,867500,4,10,1,4,7,5,4,5,40
V8BTLAM40,tkk,TDHKGHFPA,無言参加○！,983,0,4842,867250,1,5,1,5,5,2,4,1,24
L4P6V9CZ0,ウトク,V7768X8AC,せーので！,1438,17,4843,867000,1,6,1,1,6,4,7,7,33
UG3XWR6KG,ykls3417,75UJ5RB97,蓮ノ空雪野球部,605,0,4844,866750,1,8,1,5,7,6,5,6,39
R5JDVB84H,人参丸,GVT61ATX0,なのだけれど,961,0,4844,866750,1,1,3,1,1,5,1,1,14
OWOP1DELJ,おむおむ,KXB93FVTR,ブルームガーデン,1217,4,4846,866500,1,7,2,4,4,5,5,7,35
RTNUPDJUN,ふく,R2PFWX8WK,チョコパン,1086,6,4847,866250,2,6,2,4,6,6,5,6,37
PYN5V5NU9,りふ,,,1358,4,4847,866250,2,5,3,6,8,4,7,8,43
ICT8EVY3B,ユミ,ELDXGWNA6,○サークル,1293,21,4849,866000,2,7,1,6,4,5,4,6,35
LPZWR2MGI,メントス,H837E0M9R,沙知先輩大好き部,1230,0,4850,865750,1,4,1,1,7,4,7,7,32
LWYNTUFFF,meruru,M4D0VP1XT,蓮ノ空痛車部,1332,8,4850,865750,1,7,3,1,6,2,2,6,28
TA1HP6Q57,Minee,K169NG9RE,桜色世界,1086,12,4852,865500,1,6,2,4,6,7,4,4,34
O983R2GQN,真姫まきまー,3JDDUYURT,無言,1247,19,4853,865250,3,4,2,4,6,3,7,7,36
GZ7G4WE2K,/μ/Neco,17AEM7PUN,SIFcord,533,0,4854,865000,1,5,1,4,2,4,4,5,26
E38GG76NH,とと丸,4XRHRYDW4,無言でエンジョイ,1273,0,4854,865000,1,5,1,4,4,5,4,4,28
L1PS0BO14,ダイ大将,CP3KWKH07,まったり社会人部,1358,16,4856,864500,1,7,1,4,5,6,4,5,33
582RWNC0B,はくたか,57HNJ07NK,みらぱ推活最前列,1420,9,4856,864500,2,6,1,6,6,6,6,6,39
0EHC34GCE,はっぶる,4FXPC55PY,PPIHクラブ,1018,9,4858,864250,1,6,2,4,4,2,4,1,24
Y9YN0J7LU,Rafa天使,7XH3K4GBT,LLP,1166,20,4858,864250,1,6,6,1,6,2,5,6,33
EM095F8J2,栗栖樽甲斐座,T2XRMGEAE,蓮根無言会,522,0,4860,864000,1,7,2,1,8,3,2,1,25
WF4P6C5NT,はたはまはやさ,X33HHA9F8,アルストロメリア,1149,3,4861,863750,1,5,1,4,5,5,4,6,31
R7N9HU52J,アプリペイマン,C8A9CTB34,蓮ノ空山岡家部,1084,9,4862,863500,4,6,4,7,5,6,9,10,51
FT079MUNE,しがない,5KK3DFY18,MUGEN∞,1331,4,4863,863250,1,6,1,4,7,4,4,2,29
M3NT37EWG,花月,PUJ0ERCMW,蓮ノ空倶楽部,843,3,4864,862750,1,4,2,4,1,5,4,5,26
4DB6SIL32,デヘラー,Y7KJ3PM8P,蓮すきすき同好会,1520,3,4864,862750,6,7,7,6,8,7,8,8,57
HJ9NB80CM,ヨコタ,H6JWBBGCG,蓮天・乙宗一心流,367,0,4866,862500,1,4,3,1,4,4,1,1,19
F8DVRWFBE,ｙｕｕ,L1VGJTD5P,蓮ノ空お茶会部,1214,17,4866,862500,1,4,1,4,4,4,4,4,26
WY56SEDMT,あなた,J83JWJ028,大ㄇㄚˊ露營區,1246,17,4868,862250,1,4,1,2,4,2,8,2,24
J1W38K38L,/μ/Jason,546E85JGG,月猫ぱーく！！！,1035,13,4869,862000,1,4,1,5,5,4,4,4,28
FYASZLJ96,Ray,U98UKD6RY,異次元フェスP,1023,3,4870,861750,2,4,1,4,5,5,4,4,29
1DRF6U569,たす,9YM3DBTB7,泥民館,1164,7,4871,861500,1,5,1,4,5,2,4,1,23
F31U16NLG,よしお,RY00836BW,ムキムキカボチャ,1014,6,4872,861250,2,1,1,1,1,3,1,2,12
7YJ38UDHX,星月,KULVP7FDR,アニマル分室,1237,9,4873,861000,2,4,2,2,6,6,2,6,30
LT7NY0DLR,ひぃす,BKUHCT7WF,蓮女お嬢様部,1391,15,4873,861000,1,4,1,4,7,5,7,5,34
ESN4XW5BC,4QF,Y2P9LABR2,スクステ同好会③,1165,13,4875,860750,3,10,5,1,9,3,1,7,39
8JFKVHR8X,はるかす,1F5EPPMLD,UR貰えればいい,580,0,4876,860500,4,6,4,5,6,4,4,4,37
VE7FPXMXL,アキラ,F90XW14UP,のんびりプレイ,588,2,4877,860250,2,8,2,1,4,3,2,5,27
JWDYKWUX6,Pianta,3RH5MYBXV,こずめぐ党,983,6,4878,860000,1,5,1,5,5,4,4,7,32
5HG6RMM1K,ちゃうさ,1D7T2UXC2,無言でのんびり,1171,2,4879,859750,1,5,3,4,4,5,4,4,30
15929XP5Z,とかまく,L1VGJTD5P,蓮ノ空お茶会部,1303,10,4880,859500,2,6,1,4,5,4,4,5,31
721UVHN8X,いこあん,FG5VFFNRK,蓮ノ空おじさん,1446,20,4881,859250,6,10,9,6,8,6,7,7,59
XKOKX10FE,かいてんはくしゅ,MTBP3B4GM,ふらわーすきすき,1318,9,4881,859250,3,7,2,6,7,5,6,7,43
AL4F17ILT,さくらんぼ,7R8NKPAB1,花帆推し倶楽部,1017,6,4881,859250,1,4,1,1,5,4,1,5,22
K6JLI6APA,二度寝,NEYBE8EX2,やさいせいかつ,948,0,4884,859000,1,7,1,4,5,4,4,4,30
NEFTKLIJ4,ねこいぬ,MVMP6NNXD,空き時間らくがき,1351,5,4885,858750,1,5,1,4,1,4,4,5,25
4SU5ZK0L0,でつ,V26546K3D,乙宗気合筋肉,1120,5,4886,858500,1,5,2,4,6,5,4,5,32
YQ4QGIQ0M,しおん,GYG7B5R36,幼馴染同好会,1236,2,4887,858250,4,6,1,4,7,4,5,7,38
6LP7HXF8R,はる,JE7V5MM31,蓮ノ沼に沈んだ泥,1106,12,4888,858000,1,3,1,1,6,4,5,5,26
E8KGL3WRB,みやま,E7R11MYE8,ゆったり蓮ノ空,1140,17,4889,857750,6,10,6,7,10,8,6,5,58
5TV4AF42T,おがわん,Y2R7E79U3,カワウソ同好会,1242,17,4890,857500,2,4,1,4,6,5,1,2,25
5CC3RE9CQ,かるこん,NMFBD39FM,蓮ノ空分室,1218,2,4891,857250,1,5,3,4,7,5,6,5,36
6VHHP5LJK,じょる,WPG6BCG83,基本無言,1279,2,4892,857000,1,7,1,4,6,6,5,5,35
LR9YC02U5,bicai2,CG883T34N,蓮ノ空美化委員会,862,0,4893,856750,4,6,5,6,6,6,4,6,43
6M4GJJIWC,つみ,VXDPPJJL1,蓮ノ空リボ課金部,1022,4,4893,856750,3,10,5,3,5,5,3,6,40
BBVEHJW2M,ぎぶそん,C68491XHB,みらくらぽーく！,1414,8,4895,856500,1,8,1,4,7,6,5,4,36
Y5F8085JD,Satan,FG5VFFNRK,蓮ノ空おじさん,1185,4,4896,856250,2,5,3,10,6,5,4,4,39
YDG5E4CRJ,Asagi,578YG6EAT,桜桃花束愛聴会,1714,19,4897,856000,3,5,4,5,9,6,9,9,50
QZ633097M,ナジュム,A7WWE0463,蓮ノ空初心者部,974,6,4897,856000,3,7,3,6,5,6,6,6,42
SCQONGVAU,balon,18YYNRFGA,LotusSky,564,2,4899,855750,2,4,2,4,1,4,2,5,24
0CYNBJCM7,琵琶,LH9K7AGB7,ツバサラリベルテ,429,0,4899,855750,1,5,1,4,4,6,1,1,23
L76U7V8YB,あかとき,CX967RTGY,おんゆあさーくる,924,7,4901,855500,4,7,2,2,7,6,8,1,37
4CXM8XMPT,くぅ,A7WWE0463,蓮ノ空初心者部,548,2,4902,855000,1,8,4,1,1,6,2,1,24
NXMO2GM4E,未央,F08AHUJJ0,綴理のお世話係,1267,10,4903,854750,4,6,4,5,7,6,6,6,44
PFUPOR5Z6,天戸,5NPVVUGH7,蓮すきすきクラブ,1085,1,4904,854500,2,1,3,4,2,3,2,2,19
7N3C26NRR,2262z2,TFGKYEY98,LLP JR,1025,0,4905,854250,1,6,1,4,5,6,5,5,33
LJ6GJ20D3,頭から出血,AHE0E3JND,ありがと！にひっ,465,0,4906,854000,3,7,1,1,1,4,1,1,19
ADGKEX9K6,３号,WCL6R1ANU,無所属の会,1207,3,4906,854000,1,4,2,4,4,6,4,4,29
6PPYW6WVM,Jkgjar,30VW9U24D,Bigカツ同好会,958,1,4908,853750,1,5,1,4,5,4,4,6,30
DTOBHH6DR,Ima,N7J2R9JDN,ログイン目標勢!,523,0,4909,853500,3,7,4,4,4,6,5,5,38
66CKWQ3LD,ぽんず,9X07VGM42,近江町食べ歩き隊,1167,9,4909,853500,1,8,4,4,6,5,4,5,37
1X7AK1UXK,かわち,X0TFG829Y,ボクのおうち,497,0,4911,853250,2,4,1,4,4,5,4,4,28
CC3A193T3,たまご,07JW71HWG,良いチケで観よう,1327,2,4912,853000,1,7,4,5,5,6,6,4,38
WNE9H4629,ぼんた,23PGPJ3NV,蓮ビギナーの集い,1003,1,4913,852750,1,5,1,4,6,4,4,5,30
6X9S3U27W,keibong,P2J37FNLG,乙宗先生指導会,1593,15,4913,852750,3,7,5,1,4,2,8,8,38
FM5Y3XUD7,あかね,V3FAH8CM4,初心者の会,651,0,4915,852500,2,8,3,1,4,4,1,1,24
56E8PHBFV,ののびん,,,614,0,4916,852250,1,8,1,1,1,1,2,5,20
4RQ61IY6T,Frontier,05KN1RR3U,さやかほ花卉園,902,0,4916,852250,1,1,1,4,1,5,4,1,18
6UPER4EDF,ハリ,PLBBEX019,待機室目指し隊,1516,21,4918,852000,1,8,6,4,6,7,6,6,44
FX71RE30Y,こびー,KXB93FVTR,ブルームガーデン,1416,4,4919,851750,5,1,1,1,1,5,7,5,26
48TBWPLQE,かたこと,58FD7UF8J,としとしサークル,1146,1,4920,851500,2,7,1,1,4,4,1,5,25
K1R4FP7K2,ショウ.,L6MF2MPBN,みらくらぱーく党,597,3,4921,851250,2,4,1,1,1,2,1,1,13
451XUX1KK,！！,2MLF6F0C7,個人用,1453,18,4922,851000,1,4,1,1,1,4,9,8,29
U2K94DHQ6,minatrap,W3F0URUJC,梢先輩応援団,1336,18,4922,851000,6,7,6,7,9,8,6,7,56
EK1PCRU6E,ねぎ,PUJ0ERCMW,蓮ノ空倶楽部,590,3,4924,850750,2,5,1,1,4,5,1,1,20
0FJEW5DWV,鐘楼守,FH7G62PKW,月火水木金土日,1459,19,4925,850500,7,7,7,6,7,7,6,8,55
0GKU2UV3W,てゃん,2K5AM4RV0,とろぺりです,1260,19,4925,850500,1,5,1,4,5,6,4,4,30
N1M1DTCLF,いわだー,4RNUXBXGL,みらぱ最推し,988,11,4927,850250,1,7,1,9,6,6,4,5,39
6PR07W1W3,shum,YFADYJVW4,FPS好きクラブ,1084,20,4927,850250,2,8,5,1,8,5,7,5,41
DCA3TX2NE,リィ,2JK7E4115,ラ！推し,1088,0,4929,850000,1,6,1,5,4,2,4,1,24
VCUDEHF8R,ふきお,8MTLYLH9F,木星月華黄金宮,337,0,4930,849750,2,7,2,1,8,3,1,1,25
A4KENWKXG,ヘイヤ,,,1380,20,4931,849500,3,10,2,1,1,6,9,9,41
XRWCY0X2K,μ'6 ニャズラ,18YYNRFGA,LotusSky,1154,19,4932,849250,2,6,4,4,6,5,4,4,35
8XJJ0CUGL,びっと,RM8AJWC7L,まったりゆったり,973,2,4933,849000,1,7,1,4,4,5,4,4,30
Z93FVK9SM,ひずみ,BCJRMHE75,梢すきすきクラブ,1540,20,4934,848750,2,7,1,2,7,4,4,8,35
A137DF5RP,エト,HKETDDCK6,ぼっちざ蓮!!,796,4,4934,848750,3,4,1,3,1,5,1,1,19
C4EC77P18,as,BYA3FA0X8,無言ぼっち同好会,1165,9,4934,848750,4,5,4,4,8,2,7,7,41
EHGTNDHJ2,ゆきじ,72J5PWU5K,ライグラ待機室,1502,7,4937,848500,1,6,1,4,4,4,5,5,30
KHTNG1W5N,2ry,8FXXHE22A,蓮ノ空,934,3,4938,848250,1,5,1,5,5,5,4,5,31
MHIO3WTRI,森井啓介,UVK38MFR2,蓮の虚無サー,1112,3,4939,848000,1,4,1,1,5,4,1,4,21
YCTBWDV9D,茶猫,VN1LXEHLR,綴理、愛,1243,15,4940,847750,5,5,6,5,5,3,5,7,41
6CDFT53WN,はやて,HA6MUTC30,自由なのだけれど,661,1,4940,847750,6,10,9,7,7,6,6,6,57
DIREP1W4U,アスパラ,EEP20F2M8,綴理の綴り,1176,11,4942,847250,2,4,1,4,4,5,4,4,28
58P8MXUAF,ぱ怒りゅう,9JTF508LB,スクスタ亡霊部,1071,12,4943,847000,3,6,3,3,7,6,3,5,36
W7EKV8YWG,激しく栃木,KXB93FVTR,ブルームガーデン,1086,8,4943,847000,1,8,1,1,6,4,1,6,28
P9JLPPJW3,case_kk,6BGTJB90L,case_kk,710,0,4943,847000,3,5,2,1,4,5,4,4,28
877CG8PB0,May,XUBGXWVET,やめました,1029,2,4946,846750,2,5,1,4,6,4,4,4,30
TL9TGZFM4,カヌレ,FHN78V2DJ,無言でどうぞ,1233,20,4947,846500,2,5,2,4,4,6,4,4,31
DV91WR9L8,いよかん,9FF5JBNDF,めぐすきクラブ,1414,18,4948,846250,2,1,1,2,4,5,8,8,31
UEU2XJPPT,尨茸,XLBU65J86,花の壁飾りクラブ,1139,14,4948,846250,1,5,1,7,7,8,1,1,31
W75RWE2PG,フォニアちゃん,5DRY3TL61,はすのそラバー,624,0,4950,845750,2,7,1,4,4,5,4,4,31
2DV683HDF,抹希(まっき),VW65MCVF8,スリスリーズ,1748,10,4951,845500,1,1,1,1,1,3,2,1,11
1YY015YN8,紅茶好きな学院生,KJU0BU77M,無言交流なし,1115,16,4951,845500,5,6,6,5,6,6,8,8,50
EKVEWAZA8,ようちかほ,A3472CNJE,ハントン✿ライス,1028,7,4953,845250,1,4,2,4,7,4,4,5,31
3VJZVZZZO,たかイブ,C6V311T2P,LotuSky,1228,4,4953,845250,3,5,5,5,4,6,5,5,38
PXNCYHWG4,がんばるくいな,RKT7BC4F6,人形浄瑠璃乃,1054,6,4955,845000,1,1,1,1,2,5,1,1,13
6HOZA3S18,Hayato,3LAFHDKE5,こずさや保護者会,1308,11,4956,844750,4,5,1,1,7,5,1,8,32
DLE7MUYMG,お魚,8MJR5987G,なるほどねぃ。,1132,2,4957,844500,2,5,1,4,5,4,1,4,26
ILS80MLXY,友貴（トモキ）,M851LEV3N,なっす父兄,1303,7,4958,844250,1,3,1,4,1,4,4,4,22
GYDNPMHEN,ねる,948FLPMPN,まったりハス煮〜,1075,8,4959,844000,1,4,1,1,1,2,1,4,15
KV8OEFAVO,ほののん,BT22M41DV,梢花帆吟子同好会,1151,18,4960,843750,2,7,5,4,8,7,4,4,41
73LBJV151,降雨,L1VGJTD5P,蓮ノ空お茶会部,1036,3,4961,843500,1,6,1,5,5,2,4,7,31
VLYYDM1VD,YI2den12,948FLPMPN,まったりハス煮〜,561,0,4962,843250,4,4,1,4,5,5,6,5,34
ACY5VL4T0,乃刃,MTBP3B4GM,ふらわーすきすき,1443,20,4963,843000,6,10,6,6,5,6,10,10,59
W5MNEVWF3,ゆう,WHWT61ELR,【無言】ハスノソ,1189,6,4963,843000,1,5,1,4,4,5,4,5,29
P90NT4DM3,かんだた,1EL57CDR0,なんもわからん,1154,0,4965,842750,1,8,1,1,7,4,1,7,30
9BHFQCTWK,ぽちふ,Y2R7E79U3,カワウソ同好会,1196,7,4966,842500,5,7,5,5,5,5,5,5,42
FNTPXR1YB,坂木,DFXN9DB2H,どんぐり共和国,1249,5,4967,842250,1,4,1,4,1,2,4,7,24
LDAK66P9A,ミケ,K8C99H42D,ルリと喜ド！愛楽,1369,9,4968,842000,6,7,1,5,5,4,4,7,39
ZA8HHDJM4,秘密インシデント,EYN9H9N16,蓮すきすきクラブ,1700,19,4968,842000,8,10,7,8,9,9,8,8,67
HPGSAY8P5,ゆう,JA2C658FW,さや綴理の村人,1228,15,4970,841750,1,8,1,5,1,4,1,5,26
E5F8JFF78,さくぱん,ABALH0AL3,楽園計画,1120,17,4970,841750,4,10,4,3,5,5,3,9,43
FA6PLDGFF,りょ,N7GLY2RUW,百生銀行,807,0,4972,841500,3,5,1,4,5,6,4,5,33
ENE3AW5F5,りお,9RYR14H9L,ソロマターリ,1215,9,4973,841250,1,4,1,4,5,6,5,5,31
AUOWAP5AK,いお,998H940YN,お嬢様筋トレ部,1032,12,4974,841000,1,1,1,1,2,2,1,1,10
3UDP4V35N,花目,43HRXMXWA,無言OKクラブ,870,4,4975,840750,1,9,9,4,6,8,4,4,45
88R8E6HHD,れい,9R15VM25A,考え中,610,1,4976,840500,5,7,6,6,7,7,5,5,48
1PULVYJ3T,Mr.カズサ,J5CJ60JTY,Jサポx蓮ノ空,1049,16,4976,840500,2,6,1,4,1,4,4,1,23
CT9RJ4NMU,ねーやん,7R8NKPAB1,花帆推し倶楽部,1060,1,4978,840250,3,5,1,4,4,6,6,5,34
X7DBAFS6A,ふろやん,1UBNNHVLG,蓮箱推し（仮）,1353,5,4979,840000,1,4,1,4,2,2,4,7,25
XFR46B626,ヤナギ,YL2ELYC4U,さや…好きだよ…,674,0,4979,840000,1,5,1,1,4,4,1,4,21
ML3545XJH,カズヤ,E12PR824F,ゆるっと蓮ノ空,984,9,4981,839750,9,10,8,10,10,10,7,4,68
WDFCN6YGG,モブ子,E7UBFLW56,同好会の同好会,1079,16,4981,839750,1,5,2,2,1,10,6,1,28
6O0VDC9AU,三毛猫,NT82L1V35,好き好きクラブ,1061,8,4983,839500,1,4,1,4,1,2,4,1,18
KFUXN8KTK,colo,PDTRRYUGM,石川県民ひろば,1027,0,4984,839250,1,4,1,4,4,4,4,4,26
Y5ONKJIAP,レモネード,0R8BXPRC1,ポチっ！とクラブ,1212,4,4985,839000,1,4,2,4,5,5,5,5,31
DVE4GXMEJ,神崎,JDAG79TG7,百合ノ空観察部,1411,16,4986,838750,1,5,1,1,5,6,9,5,33
KXDDJ5B1D,との,2ULM366U6,毎日がエブリデイ,1279,16,4987,838500,4,7,4,4,6,5,4,6,40
JPTC9N7P9,午後の紅茶,DFXN9DB2H,どんぐり共和国,1017,14,4988,838250,2,4,1,5,7,2,4,7,32
VH2PV4JEP,さといもの,4TALX5GJ6,ライグラ体験会場,1152,12,4989,838000,3,9,7,3,6,5,7,3,43
VURJLLRMD,サモ江戸温泉,HH93ADAW3,無言自由。,1089,4,4989,838000,2,1,1,1,5,3,1,9,23
5JCOT6Q8E,まっちゃん,FJMA5BPPE,蓮ノ空すきすき部,1299,1,4991,837750,1,4,1,1,5,6,1,5,24
PPJEWB2J7,kaki_max,3A63DYH54,LLすこすこ部,1039,0,4992,837500,1,1,1,1,5,2,1,7,19
G034D8WC0,fazz3738,F53AELUNC,ソロっと倶楽部,769,0,4993,837250,2,1,3,1,4,2,4,4,21
DVCXGXU3N,あらんといん,2NY9H8BR9,乙宗紅茶館,1400,11,4993,837250,1,8,4,7,7,6,6,7,46
P4XR3C9U6,TW_桑 プ,VP0K6KF0K,蓮ノ空大好き!!,989,4,4995,837000,1,4,1,1,4,6,5,1,23
956GM930W,BELLWOOD,L5BGEMYVA,梢先輩を愛でる会,1203,12,4996,836750,3,5,2,5,5,6,5,5,36
VT53PXALV,明靈,N1JM7M3YC,丘側,564,4,4997,836500,4,3,1,5,3,4,7,4,31
1PO8KIG7E,なしこ,YCTM6RYDP,金沢おでん同好会,1499,11,4997,836500,4,7,4,4,8,5,8,8,48
W27UGVY25,たか,LUDNM40F8,ふくふく無言OK,1081,12,4997,836500,1,4,1,4,6,6,4,4,30
PMM4UXEUL,カヤカナ,XVTV7MVCX,雪月花,1052,1,5000,836250,1,4,1,4,4,4,4,4,26
J7TZ1VPH2,はのけ,9YM3DBTB7,泥民館,1546,5,5001,836000,1,5,1,5,8,7,5,5,37
2W8G6B85F,HB懸賞,BT22M41DV,梢花帆吟子同好会,1227,7,5002,835750,1,5,1,4,4,5,5,5,30
6P304XFRB,IWF75,C791XXLDF,つづさや会,958,2,5003,835500,4,7,1,4,5,6,3,2,32
BEUYUHJEY,ふかぽん,MGLMY316W,強制弾かれ部位,934,1,5003,835500,1,6,7,4,8,6,5,7,44
MC8L7AX2W,ジャベリン宮田,FJMA5BPPE,蓮ノ空すきすき部,898,3,5005,835250,2,7,1,4,1,4,4,4,27
FTXDGA4JD,に,GGK2P93JK,きゃらめる,495,2,5006,835000,3,4,1,1,2,2,1,1,15
95FNVQ2QO,ゆえよな,M851LEV3N,なっす父兄,1292,20,5007,834750,1,6,1,4,6,6,5,5,34
25757CMHL,カワ,6U5YRWNNY,あすて☆りずむ♪,1173,5,5007,834750,1,7,2,5,5,3,5,1,29
TKXFJWA6V,か,JCRNT9GKB,ハントンTKG,1045,8,5009,834500,1,1,1,1,1,3,6,1,15
SOUFE1XRT,ポチッコ,A8BJ5V3ET,はすのそら,1180,2,5010,834000,2,7,1,4,8,6,4,5,37
MFH2F9YYB,塩化ナトリウム,MD802VP2H,専門演習F4,1008,6,5011,833750,5,7,1,4,6,6,4,4,37
BXBVF1D52,ともすと,N752V1LD6,思想の溜まり場,1492,10,5012,833500,7,10,6,6,8,8,8,7,60
R8FD7WRV2,ョク,XEENRBXCG,蓮ノ空休日クラブ,777,2,5013,833250,2,3,1,1,1,3,2,2,15
VZRH6QQL3,うぃすてりあ,6GG41GREU,5度目の桜,1344,15,5014,833000,4,4,4,4,4,4,5,6,35
LA9FKEHLJ,Fish,PDMPF3VVV,r/LL,1232,20,5014,833000,4,6,1,4,6,6,5,5,37
WDSFXN9WT,フリテン,6D57FX14W,おらおらぱーく,648,3,5016,832750,3,4,2,1,4,6,4,1,25
RT6Y5YEDU,反応なし,V830CTTX3,日野下後輩,987,14,5017,832500,1,5,1,4,8,7,5,1,32
0AJAECRTY,イレイナ,B4ADNM80X,山本組,543,0,5018,832250,4,9,1,1,5,5,2,4,31
YG52CAR85,あらもち,C9DAJ6YFV,のんびり,1030,10,5019,832000,1,1,1,5,5,4,2,1,20
N5RXNRMNM,ミック,VVMVJE2R7,吟子ちゃん応援団,1400,18,5020,831750,1,4,1,1,7,7,1,5,27
4UA64NN89,トーコウ,RM7N1JDB5,無言推奨不干渉会,1323,20,5021,831500,1,8,7,5,7,6,4,5,43
2K4FKGLAY,ロンド、君に,6C9R15BLY,スクスタ避難民,1124,1,5022,831250,6,6,6,6,6,6,6,6,48
22BVL1RNU,benzene,N83DW3NYG,†極最強倶楽部†,714,0,5022,831250,1,7,1,4,4,5,4,5,31
RVER3CPMK,かざみ,M4YY7PV0G,ブルーロータス,1048,2,5024,831000,1,5,2,5,4,5,4,4,30
83X2GJHE2,すらが,1KDUBW4HB,めぐ党0番,529,0,5025,830750,2,5,3,1,5,5,1,10,32
HMLFQ86Z0,ジェノサイクス,W09WBG3HY,どろんちゅ,1532,6,5025,830750,3,8,1,4,7,7,5,5,40
CDHJCWX0U,蓮ノ空狩人,LJNCAEVAP,蓮ノ空さやか研,1010,6,5027,830500,2,10,5,4,7,8,4,5,45
T7N37WNKU,STy,BELCUYCMH,蓮hkg香港分部,968,6,5028,830250,1,4,1,1,1,2,5,1,16
ULTS72PUN,ほむたま5号,EE4BKR0AR,まったりプレイ,1514,15,5029,830000,1,4,1,4,1,4,4,5,24
8LWYYA2N8,さとつぺ,2NY9H8BR9,乙宗紅茶館,981,9,5030,829750,1,6,1,8,5,7,4,6,38
K1LDNMT14,Κενιη,MVMP6NNXD,空き時間らくがき,1099,7,5030,829750,1,4,3,1,4,5,4,4,26
LE9XKXW9T,茶々丸,3L3TAA862,チーム用務員,1193,13,5032,829500,1,6,1,1,7,2,1,7,26
DXG5TC512,Aile,5PUKC4APK,羅針盤,750,3,5032,829500,4,10,4,4,6,8,7,9,52
8GUCXR1Y5,あいうえお,2ULM366U6,毎日がエブリデイ,1249,19,5034,829250,1,4,1,4,5,4,5,5,29
UC3TQZQOH,Wumbo,60KU468X3,はっすーず,879,1,5035,829000,2,5,1,4,4,4,4,4,28
AJR6L6FEJ,たそ,HWJ8XPW0T,箱推しなのだけど,1128,1,5036,828750,1,7,1,1,1,4,1,5,21
VYQ79N3HF,桜,G8F0M2PH2,アフターウォール,1202,11,5037,828500,1,5,1,1,3,2,2,1,16
GMO6OOAYD,奈央,NFMEGRJ45,社畜無言サークル,1399,17,5038,828250,2,8,4,1,5,4,2,1,27
4Q9Y0X07Q,きゃくたす,N34LHVJKN,のんびり堂,1199,1,5039,828000,3,5,3,4,1,6,4,5,31
UL37THR9A,み。,FH7G62PKW,月火水木金土日,1202,3,5040,827750,1,5,1,4,5,2,5,1,24
3YJQX087V,nigiri,JRAC1HYUD,SPHS-MMT,1310,12,5040,827750,1,4,1,1,5,2,7,7,28
2N6Y47XNJ,雾屋,TFGKYEY98,LLP JR,440,0,5042,827500,3,1,2,2,1,2,1,1,13
L80FHC0L1,あつ,9P9EPKFHE,無言参加OK,505,0,5042,827500,2,6,6,3,5,4,2,1,29
3TT85FWF7,のぞは,WFPA7YJE1,蓮ノ空文芸部,1246,20,5044,827250,7,8,8,7,7,8,8,9,62
Y68CPTM01,ごろちゃん,U740C25T1,ごろちゃんず,1044,10,5045,827000,1,7,1,4,5,5,4,5,32
9M0LKVKRG,蓮根,7MPNTWKTN,Dreamers,1036,12,5046,826750,1,4,1,2,5,7,1,1,22
HXLWR75NA,ミント,E5JKTW00K,蓮ノ空まったり部,620,2,5047,826500,1,9,2,4,2,7,1,1,27
UH5J2MGTX,シンさんぽ,BXHX534VX,ぼっちサイコー！,1321,20,5048,826000,2,6,2,1,6,2,7,1,27
Y32MB9VVG,sho,J62DRC7J5,蓮ノ空好き好き会,1323,20,5048,826000,1,7,5,6,7,6,6,7,45
DKEN0UF73,ゆうちゃん,BELCUYCMH,蓮hkg香港分部,642,0,5050,825750,3,6,5,1,5,6,1,5,32
WEL69NWEA,はしげん,D7UA5ER1E,UR報酬欲しい！,1267,5,5050,825750,5,8,5,4,6,8,4,7,47
K4178HGYW,あかはね,TKY73B47T,FREE,579,0,5052,825500,2,5,1,5,4,5,4,5,31
BU7AACYKY,炊き込みご飯,A7WWE0463,蓮ノ空初心者部,450,0,5053,825250,3,1,1,2,1,5,1,1,15
UDTVBDTTE,ぐらぐらす,HH93ADAW3,無言自由。,984,0,5054,825000,2,7,1,4,5,6,4,5,34
PJ1RYYBTM,ヒトミ✪,BXJ6WV4TB,中国club,928,2,5055,824750,1,4,1,1,4,5,1,4,21
NCUGGK5E6,AOI*,0VEMMV8E2,スリブとまったり,885,5,5056,824500,10,10,9,7,6,6,4,5,57
HX80SVPQJ,はる,X45T3U322,アニメ最高クラブ,402,1,5057,824250,3,5,2,3,3,3,2,3,24
9MNSI2TIB,タケノコ,F31A07X4V,蓮ノ空福井分校,1045,16,5057,824250,1,4,1,5,10,6,5,1,33
GAD9WNCUB,カゲキ,R5815PD65,アフター見隊,1165,2,5057,824250,2,9,1,7,6,5,4,5,39
A4OD0AEQ6,ROUVIS,8YNHW7530,虹ヶ咲、蓮ノ空,1139,4,5060,824000,1,7,4,4,6,7,4,5,38
3M420CE5A,pH,BELCUYCMH,蓮hkg香港分部,617,0,5061,823750,3,7,4,4,4,5,1,4,32
K9KBTTNH8,どらごん,9RYR14H9L,ソロマターリ,520,3,5062,823500,1,6,1,1,6,4,1,1,21
064PJH5PB,かいける,KXB93FVTR,ブルームガーデン,1628,8,5063,823250,5,7,5,6,8,6,7,7,51
6AWY5V8TP,蘭契,8XMW94CPX,ヒノチタカバディ,551,2,5064,823000,4,1,1,1,3,2,1,1,14
GVALXPK3F,イチゴニャミント,C021HVB2B,第3芸能科,311,0,5065,822750,2,1,1,1,7,4,1,1,18
37SA46D0Q,西山剣骨頭,427WENUC4,心の癒し～蓮ノ空,1225,12,5066,822500,1,6,1,4,4,6,4,4,30
NBZ6VAC2H,夜々,8HUPBBHNC,蓮女「ぷりずん」,1380,4,5066,822500,3,5,1,7,5,5,6,6,38
5W6EM8P7V,Polaris,HB9AU9DJJ,聖心党,1351,11,5068,822250,1,6,2,4,6,4,5,7,35
CFV25LK8V,燐,3BDTCERX6,打ち返した流れ星,372,0,5069,822000,1,4,1,2,1,4,1,1,15
KGK3LXE4F,真島吾朗,0JCT9R049,蓮隠れノ里弐,1193,5,5070,821750,1,5,1,4,5,4,4,4,28
VTV279FL2,わいゆー,,,546,0,5070,821750,2,4,1,1,4,4,2,4,22
EEJNNCHMM,Ginko,EYEPHE14G,花上梢頭,390,2,5072,821500,3,6,2,9,4,5,2,1,32
GD85PGT7J,すみん,BYA3FA0X8,無言ぼっち同好会,824,0,5073,821250,6,6,2,6,7,6,5,6,44
9H44N6RNT,もなこ,K95YH6P1C,蓮ノ空泥の会,1267,7,5074,821000,4,5,5,4,4,3,7,7,39
TE3O47P4O,メラニー,JE7V5MM31,蓮ノ沼に沈んだ泥,1344,20,5075,820750,1,8,1,6,6,5,6,5,38
34LWJQPTW,鹿のジン,B4ADNM80X,山本組,993,2,5075,820750,1,2,1,1,6,2,5,1,19
R18RRXE8D,堕天使カナン,1BME38BCD,さすさやクラブ,1602,19,5075,820750,7,9,7,7,8,8,7,8,61
ED8PM57Y1,げんいちろー,49AMYCXCD,ルドベキア,1448,4,5078,820500,7,10,10,7,6,10,8,7,65
SY66UXVUS,Maria,LUDNM40F8,ふくふく無言OK,1227,1,5079,820250,1,4,1,4,1,4,4,5,24
52X7ZBP3C,ゆゆゆ,06DCWC1RE,とりあえず参戦用,1313,14,5080,820000,2,5,2,6,5,6,5,5,36
CWII70H91,ティガー,948FLPMPN,まったりハス煮〜,1315,3,5081,819500,1,5,1,1,4,5,1,5,23
3W6393R8A,ジャック,Y6JNPC60C,綴理メイト,1388,20,5082,819250,1,9,1,4,7,7,5,5,39
CZIPFNZ4E,ひとつの光,Y2R7E79U3,カワウソ同好会,1206,2,5083,819000,2,4,1,1,5,5,1,5,24
ATEBLAY6E,snowfall,4E471B8MT,MCSH,571,4,5083,819000,4,5,4,8,5,5,4,4,39
33KY2CSGV,雁擬,ABU58EVJ2,Quatuor,1307,6,5085,818750,1,4,1,4,1,4,5,7,27
TGKLXSJ93,そーとー,KULVP7FDR,アニマル分室,1651,5,5086,818500,1,8,1,5,6,6,5,7,39
ZR9563G0B,そい,M67ACEP3M,オーバーブースト,982,4,5087,818250,3,8,3,1,9,6,2,1,33
AUT8U1RRX,かが,XVTV7MVCX,雪月花,337,0,5088,818000,2,6,2,1,1,5,3,2,22
65PCK592P,とびだす,,,933,2,5089,817750,3,5,1,4,5,4,4,4,30
7ULBV8HD6,ハンガー,5KK3DFY18,MUGEN∞,1328,2,5090,817500,1,7,1,4,6,3,5,7,34
XKNDFW2YV,ノコ,8M2MFU9U0,リンクライブ,1394,7,5091,817250,1,4,1,8,4,4,4,9,35
1L1B6H4U0,mfyyu,7NJM1VURM,らんるん部。,502,0,5091,817250,1,1,1,1,1,2,7,1,15
SHZ315U9F,ラプター,NX9KJK529,虹ヶ咲学園,837,5,5093,817000,1,4,1,5,6,2,2,1,22
DC334B2G7,SK,LFB48H6MU,超初心者の会,1392,15,5094,816750,1,7,2,5,7,8,7,7,44
AJAG9GJD4,いんそむにあ,RGD0XWBMK,白黒,545,0,5095,816500,1,2,2,2,3,4,2,4,20
XDNTLH795,あっちゃん,9JTF508LB,スクスタ亡霊部,1127,10,5096,816250,3,7,4,4,6,7,4,4,39
D25HG8BOO,とし,A84BK7PL4,ゆるっとホリディ,1210,20,5097,816000,2,6,1,1,5,3,8,7,33
U8J56IRN4,かけけけ,GK7JNB0NW,参加賞取り隊,1187,20,5097,816000,1,6,1,4,4,4,5,4,29
R3CWJJD7J,トマトケチャップ,23PGPJ3NV,蓮ビギナーの集い,1141,3,5099,815750,1,4,1,5,5,5,4,5,30
TLYYVVP7E,あおと,D1YHB0B1A,BWO,1044,4,5100,815500,1,5,1,4,7,6,4,4,32
81OPKU746,ざこと,4WRYNBWU1,小さな蓮ノ空,1338,20,5100,815500,2,7,1,1,5,3,8,9,36
DVT78EV1B,fg021,828YTYAA9,箱推し社畜の部屋,926,0,5102,815250,4,5,2,4,4,4,1,4,28
7BL3KR7D9,ホワイ,HWJ8XPW0T,箱推しなのだけど,1361,17,5102,815250,2,10,8,1,10,2,2,9,44
7H6Q3HRIZ,KUMA,MVMP6NNXD,空き時間らくがき,1210,10,5104,815000,1,6,1,4,4,6,4,5,31
70PV822UR,かすかす,C68491XHB,みらくらぽーく！,373,0,5105,814750,1,8,1,4,4,5,4,5,32
A0LGULATJ,あきらーた,573J1JVVK,かほかほ,1014,0,5106,814500,2,5,2,4,4,5,4,4,30
KNHAGV0NY,みー,7U20138DB,LGP,1285,12,5107,814250,3,8,4,5,6,6,5,7,44
9VUAQDC8D,カイ,K25DPPGT9,圧倒的にまったり,1215,13,5108,814000,1,2,2,1,5,3,4,5,23
94XG6TH2K,CAN:D,J5CKL5YPX,ログイン勢かもん,753,0,5109,813750,1,10,1,1,4,2,1,5,25
HRK0XBW43,りん☆,H0DV3JJGA,かほさやてぇてぇ,854,7,5109,813750,5,6,1,4,1,4,2,1,24
HCUXVQHTK,会長,02XNKDH8X,せーはすの雑用係,972,2,5111,813500,1,4,1,4,3,2,4,1,20
HAB8VC5Y5,こころちゃん♪,F6T4HCV89,蓮ノ空♪山百合会,1497,20,5111,813500,1,7,5,4,8,5,7,7,44
VFE7VY9BI,すねお,578YG6EAT,桜桃花束愛聴会,1207,3,5113,813250,1,4,1,4,1,5,4,5,25
2W29JU006,やましょう,XR2P2LDY3,蓮ノ空さいきょー,1079,5,5114,813000,2,5,1,5,1,6,4,4,28
HFX7TDBWU,MEGAMAN,FDU1F9PUW,海の幸,1164,7,5115,812750,1,1,1,1,7,2,7,7,27
U5FJC0B5B,たまに,W71PEB8XY,戦慄のたまに衆,1234,10,5116,812500,1,1,4,2,5,4,5,5,27
NMW3LD7XV,ねこのしっぽ✨,573J1JVVK,かほかほ,1237,0,5117,812250,1,4,1,1,6,4,1,5,23
AKD8M4LE2,つき,H837E0M9R,沙知先輩大好き部,1266,4,5118,812000,1,7,1,4,7,4,5,7,36
ABC8GFVVJ,じゃが,K7LC46V5M,Link！ラ部,1323,20,5118,812000,6,8,8,7,10,6,7,8,60
FM8KVF2M3,キリ,9YG7C0VM7,綴理と無言で昼寝,1233,14,5120,811750,1,5,2,1,4,3,7,1,24
5EM411F4N,Ryo,2B97MH4YA,同じ話し何回も…,457,2,5121,811250,4,7,5,4,5,6,4,4,39
7AZGMWE4E,キキョウ,BKUHCT7WF,蓮女お嬢様部,1674,9,5122,810750,5,8,5,5,5,7,7,7,49
4F5LGLIZD,るろ,WHWT61ELR,【無言】ハスノソ,1219,9,5123,810500,1,6,2,4,5,6,5,5,34
YGULHQHOJ,乃亜,95TAREFPT,ご自由にどうぞ,1383,18,5124,810250,5,8,1,5,8,6,5,6,44
8ZNQRVBHZ,キツネコタヌキ,C0NDBKMRB,すりぃずぶぅ家,1197,9,5124,810250,1,2,1,1,2,2,1,3,13
KW0V2VLU7,Cyan,9JTF508LB,スクスタ亡霊部,1529,8,5124,810250,6,9,5,6,9,7,6,6,54
UYA3K8J9X,TOMATO,G6KE802PE,L！L！ラ！,1016,4,5127,810000,1,6,3,4,1,4,4,4,27
MHL57VAJF,バルト,J0M0JNFRH,名駅ラブカの集い,498,0,5128,809750,4,5,6,8,5,5,2,1,36
9MUO20C1C,フライア,L1XRGHJFA,今回はソロで！,1084,2,5129,809500,1,4,4,4,4,4,4,4,29
HWGA1JNNR,ヒマリ,T40RLPJ4A,スリブ好き好き,994,1,5130,809250,1,1,1,1,1,5,1,4,15
6A1ARNU7P,_zuuyan_,FE282F3VH,天悶部,1404,2,5131,809000,6,8,7,6,8,6,7,9,57
11MN4ULBT,ppq,Y337R7BW9,中国の蓮之空圈子,1240,10,5132,808750,4,6,4,4,8,5,4,6,41
MMQ9SKZMR,"赤福oNM,",73CBYJYB0,"oNM,",1585,15,5133,808500,1,7,1,5,6,2,5,8,35
0V05MLBHM,バウムクーヘン,ELTW62751,安全バーは君の腕,1012,7,5133,808500,3,8,1,4,7,4,4,5,36
VJNJ9PFNJ,こたけ,828YTYAA9,箱推し社畜の部屋,982,1,5135,808250,1,5,1,1,5,6,4,4,27
CV8NJNHVW,ponsaku,NA8FEYN0M,蓮ノ空飲酒クラブ,988,0,5136,808000,1,7,1,4,4,5,4,4,30
1BBLPVFAR,みけ,VP0K6KF0K,蓮ノ空大好き!!,880,0,5137,807750,3,1,2,1,1,3,1,1,13
5JCR7J9TF,糸色句,VA6X5YNNF,スリーズ分家,1434,17,5137,807750,1,3,3,9,9,5,4,1,35
5UAPM0PJ4,ブロニー,CCACL2CMM,暗殺者チーム,1004,8,5139,807500,6,6,2,4,3,7,4,5,37
480F5KAP6,kakashi.,LRKRUR21F,ちゅけバフ,626,0,5140,807250,6,7,6,6,6,5,7,5,48
7J7M80XTB,のり,TK9E1BB1P,無言で自由,1039,11,5141,807000,2,2,2,2,7,7,2,2,26
08D762M0E,凛香,GN1798YEX,ド!ド!同好会,1316,20,5141,807000,3,6,4,3,4,5,2,6,33
EDLGCL8A5,あるかん,7P4CAER9X,まったり倶楽部！,1256,6,5143,806750,1,6,1,4,4,4,4,4,28
H8UPEN12L,ばんゆーあおりん,UX96YX4T1,『位置について』,1064,5,5143,806750,1,5,1,4,4,2,6,7,30
87R9PD0A5,ハレルヤ,4NDAG5E9N,国産牛のにげあし,985,6,5145,806500,1,5,1,1,5,6,1,5,25
N2G5XO3BM,ひさたろう,NA8FEYN0M,蓮ノ空飲酒クラブ,969,7,5146,806250,5,6,1,4,7,6,4,4,37
WA7H2R5WM,てめしろ,WNMCNJ62M,チームまったり,621,1,5146,806250,2,6,6,2,7,4,7,6,40
BVJUDM7RF,いか,3YWMY4JVN,82プロ,314,0,5148,806000,2,6,1,3,1,6,4,4,27
S1FZT5QOR,くみ,CV62FGL1U,花咲かせ隊,1345,5,5149,805750,1,4,1,4,4,4,5,5,28
D8ZTGM466,ドーファン,4RATY4E84,DC大好きクラブ,1287,20,5150,805500,1,6,2,1,4,2,9,9,34
WTG4EH2HD,rinkanan,VY26V3P0K,AltF4され隊,695,2,5151,805250,1,5,1,4,4,2,4,1,22
938AFRUX1,こじゅ,RXXUPMWB9,待機室跡地観測所,1044,15,5151,805250,1,6,3,2,5,6,1,4,28
1D9X3B5J3,ヤマエル,DC8VP5MAB,蓮ノ妹子,694,2,5153,805000,1,4,1,4,4,4,4,4,26
TYPCFLHCH,MAL,60KU468X3,はっすーず,842,4,5153,805000,3,1,2,1,1,4,1,1,14
UV3UNW7DK,ヤマ,VKNVG1K0B,おさかなサークル,1330,2,5155,804750,7,7,6,7,7,7,6,6,53
U9GL87M7X,さかも,7NJM1VURM,らんるん部。,1002,8,5156,804500,2,1,2,1,5,4,6,5,26
LRWP81GT3,のんすけlove,NDGW77R2V,こず花帆尊い,494,0,5157,804250,6,4,6,5,6,6,4,4,41
1FP68ENTP,あるが,762FM3JV4,一蓮托生,615,0,5158,804000,3,1,3,2,1,3,1,1,15
A8UAN5PTG,123,YAD615PCK,蓮を咲かせる泥達,1026,3,5159,803750,1,5,1,4,4,6,4,4,29
V8D5X67D5,(き)どりや,YM72HRVCF,ワンニャン部,1326,19,5160,803500,1,7,5,4,7,8,4,5,41
XJD539JBT,裾漏らし,MG3X118W7,大室家,1004,6,5161,803250,2,5,1,1,5,4,4,4,26
067EAD2RU,時崎咸鱼三,X33HHA9F8,アルストロメリア,967,10,5162,803000,2,2,1,9,8,2,1,7,32
6D0PUHWWB,Finn,GN1798YEX,ド!ド!同好会,1279,18,5163,802750,4,4,4,4,7,4,5,7,39
3GMSMPS7T,takahira,DKNHY5HH6,なす料理研究会,1450,21,5163,802750,4,7,6,4,7,6,6,9,49
89JBBZWYJ,しろもこ,HPTHY23VR,蓮ノ空文芸部,1128,14,5165,802500,2,8,1,4,5,4,4,5,33
JUDKY3UR6,pannkuzu,0PFGRW8W0,ごはん処,854,4,5166,802250,2,4,3,5,6,3,4,2,29
M4QYOUH9F,すたー,V26546K3D,乙宗気合筋肉,1479,5,5167,802000,1,7,3,4,5,2,4,5,31
4AJTV8XPH,あげ,FC8NBAJBT,ラー麺二郎金沢店,1267,13,5168,801750,2,3,1,10,3,4,5,6,34
1EPL8BWKY,ミズキ,KXB93FVTR,ブルームガーデン,777,7,5169,801500,2,1,1,1,1,2,1,2,11
96F6MNMCM,uk,G26L2CBRC,悠々自適,1230,9,5169,801500,5,6,3,4,5,4,4,5,36
CTDADL7ME,あーたん。,GYG7B5R36,幼馴染同好会,1352,12,5171,801250,1,5,2,1,6,6,2,5,28
AYS0HYAIC,なつき,NCX28D4VB,Lyric,1712,13,5172,801000,2,5,2,6,4,6,6,7,38
5M0K2EJ01,アカマキ,GGK2P93JK,きゃらめる,560,0,5173,800500,4,7,4,5,6,7,5,6,44
0CJJP6W7H,UR,FNMV166UY,蓮ノ空喫茶部,1222,11,5174,800250,1,7,1,4,4,5,4,5,31
WRRWWM4UP,朗,TBX7N9RK5,つよつよなLH,1129,18,5175,799750,2,6,1,7,5,3,1,7,32
TK7QIDV9W,Venom,PVRH71TL3,Flow'Lov,1171,3,5175,799750,1,7,1,4,4,5,4,4,30
CTNE14E9D,バーニィ,UXWL7V4CE,蓮ノ空女学院,1469,21,5177,799500,1,4,1,3,8,5,1,9,32
J2BDJFQCI,じま,FLVHVPJC5,指出と指出検地,1230,0,5178,799250,1,4,1,1,6,4,1,5,23
JAHCMKUNT,かずのこJr.,4JEY5APBM,ウイ憂初WIN,585,2,5179,799000,3,8,2,1,6,5,5,4,34
VAMOR4S1E,齋藤,4FXPC55PY,PPIHクラブ,1458,20,5180,798750,2,6,1,1,6,5,7,8,36
78RYGYT9Y,Corus,PPAHU1TNY,蓮ノ空のんびり部,1126,6,5181,798500,4,7,1,4,7,6,4,5,38
HH7FW53V2,masa,,,828,3,5182,798250,3,5,1,1,1,4,1,4,20
8N7S57R4U,ぺけぽん,2ULM366U6,毎日がエブリデイ,1322,11,5183,798000,1,4,1,5,2,4,4,5,26
9B0LRVTTJ,ヨネ,U6ADTX60C,シンカーン,837,8,5183,798000,2,4,1,1,7,2,1,1,19
5G0F31KVB,ゆにこん,GGK2P93JK,きゃらめる,565,0,5183,798000,4,6,3,4,4,5,4,6,36
QUGYQH3ST,中村,WAT20PN3Y,こな党,1438,19,5186,797750,1,1,1,1,5,5,1,7,22
G7WZRMXGG,まさとらん,8KVDGWLUD,廊下閑散,1229,4,5187,797500,1,4,2,1,5,2,5,7,27
WP2XGUKDR,はむはむ,B5V2LNN43,WMW,1482,18,5188,797250,1,5,1,1,5,2,1,1,17
9L6P1KDAN,紅蓮ルリ,HWXEVBW48,ミッション参加用,566,0,5189,797000,1,10,3,8,8,8,7,8,53
44DF706SU,ふってんてん,9DKR4Y2CJ,蓮ノ空老人会,1222,0,5190,796750,1,4,1,4,4,6,5,5,30
8HAZPXVW4,syan,A9MA307FX,楽しいが一番,1393,6,5191,796500,2,4,1,4,4,6,4,4,29
TAA511SXB,カンタ,GWGDMA3YC,初心者無言自由だ,1386,14,5192,796250,7,8,7,7,7,8,7,8,59
C8UYWMR9N,MEGAMAN2,FDU1F9PUW,海の幸,1063,3,5192,796250,1,1,1,1,5,2,5,6,22
EU76L0TJ7,とまき,EYN9H9N16,蓮すきすきクラブ,1732,10,5192,796250,5,10,5,5,5,5,5,9,49
57CP6Q8MA,チーズわさび,X33HHA9F8,アルストロメリア,1200,7,5195,796000,2,6,1,4,6,6,6,4,35
J59A0TC4D,迷いながら〜,KULVP7FDR,アニマル分室,1177,17,5196,795750,1,7,1,1,6,5,5,2,28
08318K6RK,ゆゆユユユウ,NJBBTCY3A,かにかに！,385,0,5197,795500,1,1,2,3,3,3,2,1,16
KOTI7HEX9,you,M30V90CUA,零協,1384,19,5198,795250,1,5,1,5,8,5,4,5,34
3FTJ7FVLF,UglyBill,A3472CNJE,ハントン✿ライス,585,4,5199,795000,1,1,1,6,1,5,2,4,21
OW91V21OW,こなこな,N752V1LD6,思想の溜まり場,1286,7,5200,794750,1,8,6,1,4,6,2,6,34
5P81MEUEE,シン,JWUL2T36L,チーム初心者,935,6,5200,794750,1,9,1,4,4,5,4,4,32
3GMJXL237,Jjp,VE9CH1HMG,hmm,1015,0,5202,794500,1,4,1,4,4,4,5,4,27
CMD2CYYS7,8738217,C0NDBKMRB,すりぃずぶぅ家,1170,12,5202,794500,2,4,1,4,5,2,4,7,29
KZSHJWQOU,HoiWai,3BE2RELRC,見晴台,1055,0,5204,794250,1,2,2,1,2,4,4,8,24
0KYQF022J,すみすみ,LY0XPW7NL,同棲概念強火派,1270,7,5205,794000,1,4,1,4,6,4,5,5,30
7AFB2U9TV,ストーナー,5C71R2VCV,蓮輪会(仮),542,0,5206,793750,2,10,4,1,8,4,1,4,34
QKH1LW457,しまう,GWGDMA3YC,初心者無言自由だ,1058,7,5206,793750,2,1,4,4,1,3,4,1,20
QHFX25I9C,かむなゆ,V4GR2N4X8,お台場in金沢,1140,5,5208,793500,4,4,4,4,5,4,10,10,45
AHFOC54DV,名無しの女学院生,79C17CHA2,蓮ノ空出張部,1212,0,5209,793250,3,6,3,4,6,5,6,5,38
NUYE74D9M,まきまき,05KN1RR3U,さやかほ花卉園,1039,3,5210,793000,2,4,1,4,1,3,5,2,22
FXPNRXBY0,ごぼーきゅ新幹線,,,628,2,5210,793000,6,8,7,8,8,5,4,7,53
1HWWWC5U4,クッキー,4URND90YY,参加賞狙い,875,6,5212,792750,4,10,5,4,5,5,4,7,44
CV9W5ZMMX,のりゆき＾＾,WHWT61ELR,【無言】ハスノソ,1541,3,5212,792750,1,7,1,5,7,6,5,7,39
CEDNNDFG5,どなみ,XXVVJY6FE,はぴぱれ,427,0,5214,792500,2,4,1,4,4,6,1,4,26
N0OQXIE2H,ほー,KWX0HVHCT,梢と綴る刻,648,1,5215,792250,3,4,1,1,1,2,2,1,15
XVYB0A9NW,しゅんぱな,P2J37FNLG,乙宗先生指導会,677,1,5215,792250,2,4,1,7,8,2,2,1,27
CPABVGC4N,ゴロウタイ,9AYD3XJ2D,ぺんぎん隊,1545,20,5217,792000,9,8,4,6,9,8,8,9,61
EGJ7V5MKO,Rcsjk,BWD9U1EJ2,蓮之空中国同好会,1367,21,5218,791750,4,8,1,1,9,3,7,8,41
0NEK9L2V8,レイ,2JVBK752G,卍愛蓮説卍,598,1,5219,791500,4,10,5,3,3,7,2,1,35
DRV2P81L0,ふみや,73CBYJYB0,"oNM,",1169,7,5220,791250,1,4,1,4,5,4,5,5,29
FQTJHP5MF,カワウソウサギ,CXG25026E,泥のみんなS,1232,4,5221,791000,1,5,1,1,5,3,5,5,26
E3RN5553R,ぺまるす,4202AY8EJ,倶楽部賭郎,1214,4,5221,791000,1,6,1,4,4,2,4,3,25
8D8HY8URJ,饶舒铭,9YG7C0VM7,綴理と無言で昼寝,699,0,5223,790750,1,4,2,4,1,4,4,1,21
TOI6SR1TX,クラムボン,HPTHY23VR,蓮ノ空文芸部,1327,20,5224,790500,1,8,1,4,4,6,4,4,32
NB0U0UY70,Shinya,NDGW77R2V,こず花帆尊い,990,6,5225,790250,1,5,1,4,7,6,4,5,33
W5O30UN6J,ゆーち,TM19BMU7C,ソロプレイヤーズ,1347,3,5226,790000,1,7,1,4,7,7,4,5,36
WBCGWZCEN,NAS,KBJ2P8T0Y,人見知りの集い,1557,21,5227,789750,4,8,2,6,6,7,7,8,48
F5WMLDF6M,たなか,K8C99H42D,ルリと喜ド！愛楽,1115,6,5227,789750,1,4,2,1,4,2,5,5,24
T1Z45QHV5,ハーさん,,,900,1,5229,789500,2,4,1,4,1,4,5,4,25
GBYY4YMY0,蓮ノ土(つち),CM5THHYHB,「」ノ空だけれど,1289,17,5230,789250,2,4,1,4,1,2,1,5,20
RX1PYAC0A,ハマジ,X784G0GKM,異次元から来た,1064,3,5230,789250,1,1,1,2,1,2,5,5,18
LWRG7TEM3,嘘っち,25PMPEMG7,星見プロ,1663,8,5232,789000,7,9,9,7,7,7,7,7,60
23A9ABC8X,学院生,7B8K574NX,GEAR,712,0,5232,789000,1,8,1,1,1,6,1,1,20
D8HF3RGC2,そらじろう,LAP2W049X,りんひな愛好会,1001,2,5234,788750,1,5,2,1,5,4,8,5,31
2L5ZFLT5Y,現代貨幣理論,GKR9TEBYC,毎日がホリデイ♪,1428,20,5235,788500,2,8,1,4,5,6,5,5,36
HJHAYW20Y,yqian,T7J89541B,日語漢語蓮愛団,898,4,5236,788250,4,1,1,1,2,2,2,1,14
VHESAT9HP,スバル,B1KYU3XF8,LG lotus,1320,3,5237,788000,1,4,1,1,7,5,7,1,27
9QGWDQJH0,なまなま,36T6UB6YA,まったり箱推し部,1177,2,5238,787750,1,1,1,1,5,2,7,7,25
K2KK5KYKU,ふぁい,AND13836G,乙宗梢親衛隊,1057,3,5239,787500,1,6,1,4,6,4,5,5,32
FIGD0IICD,にぼし✴︎,9JTF508LB,スクスタ亡霊部,980,2,5239,787500,1,5,1,4,1,4,5,5,26
5PSM037LM,アルパカ,HMBW9DXY2,蓮好き皆あつまれ,1152,6,5241,787250,1,4,1,4,4,6,4,4,28
KGUTEV0YR,ピンハネ,GPKTRBCTT,騎空団蓮ノ空支部,1155,13,5241,787250,3,10,3,3,7,3,3,7,39
M8SA78S6R,うどん,UK30B7DG2,ずらまる卯どん。,1210,4,5243,787000,1,6,1,5,5,5,4,5,32
3HVA9VQGX,しおり,KANLFTMVJ,蓮ノ空中文同好會,980,11,5244,786750,2,5,2,1,5,7,1,4,27
G0HVS11TU,カツラギ,3FUP0PJ11,自由ノ空,1094,2,5245,786500,3,4,1,4,5,4,4,4,29
D80J4EGX3,きょうしんじゃ,51CF1LTGY,ラ研連合,1099,11,5246,786250,1,5,1,1,4,4,2,4,22
QRNF67KE7,まの,ABU58EVJ2,Quatuor,1488,19,5247,786000,1,10,7,2,10,4,3,10,47
N85K5W0LU,べこ,L857464GK,激安の殿堂,542,0,5248,785750,9,6,4,9,10,7,5,2,52
J5P3BB0H5,佐藤司,W3F0URUJC,梢先輩応援団,1055,15,5248,785750,1,4,2,1,1,5,4,4,22
YCW908DDE,おによろ,UK30B7DG2,ずらまる卯どん。,1079,0,5248,785750,4,5,3,3,6,5,7,7,40
04QAY4F6W,悠,JCRNT9GKB,ハントンTKG,1281,15,5251,785500,1,4,3,4,2,4,4,5,27
OD4JCJSRW,Kei,BT22M41DV,梢花帆吟子同好会,1375,20,5252,785250,1,7,1,1,7,4,5,7,33
AUM1ZV6P7,らい,PPAHU1TNY,蓮ノ空のんびり部,1405,4,5253,785000,1,9,3,1,1,6,1,4,26
QNELZ88MQ,だい,2L8R7GAV6,大賀美組,1016,12,5253,785000,2,8,1,1,4,10,1,1,28
2MQJ0HQ77,ふろしき,BT22M41DV,梢花帆吟子同好会,1132,19,5255,784750,1,4,1,5,2,7,4,4,28
7JJ0O5O59,ハクシュン,BW38LDPRF,蓮浦の星空,1218,5,5256,784500,1,4,1,5,5,4,5,5,30
MHUB8095B,どらろー,25PMPEMG7,星見プロ,1516,16,5257,784250,3,10,2,6,4,5,1,5,36
V5UA331PF,あぶナスビ,0XUV5025C,めぐめぐバブり隊,582,2,5258,784000,2,5,2,3,4,6,5,1,28
DPKFZ0HSE,まる2,J83JWJ028,大ㄇㄚˊ露營區,1232,6,5258,784000,3,5,1,1,4,4,4,4,26
5U8394C6M,神速,919XF8V2V,蓮之空大三腳,962,13,5258,784000,1,4,1,1,5,2,1,1,16
TQDR5AS2E,エム,0CBM28JP6,ほうき星,1286,15,5261,783750,2,5,1,4,7,6,5,6,36
4C9GAYEX8,さな,J0PT5EX42,スクスタモ部,449,2,5262,783500,2,1,2,1,1,3,2,1,13
5YEKCXMGT,めぐ党,GWGDMA3YC,初心者無言自由だ,981,0,5263,783250,1,4,1,5,4,3,1,5,24
8KYWY57YD,Shen,00T3NXXA9,初心者,1115,14,5263,783250,2,9,1,5,5,4,4,5,35
F3Y0LENBG,コトブキ,BW79WAK8Y,片道450㌔,975,12,5265,782750,1,5,1,1,8,8,5,1,30
3MH65KA10,たまゆら,26JDLMBLN,徒町は強く生きる,566,0,5266,782500,1,10,1,4,5,2,1,7,31
FAN4DK8HU,XiEYH,CY3GGDH7H,㍿キモ・オタク,969,11,5267,782250,1,5,1,7,8,2,1,5,30
N90C5Y02D,慶太,1KDUBW4HB,めぐ党0番,1001,3,5267,782250,1,7,5,3,1,3,7,8,35
8AL620IEL,たゆなむ,M08GKL70U,ららマジ難民の会,1263,0,5269,782000,1,5,2,4,6,6,5,5,34
HX75CXJGQ,どらい,7CP6HECWA,そろ,1394,6,5270,781750,4,5,5,4,7,5,4,7,41
01CXA93FD,ゼロ,N7GLY2RUW,百生銀行,1092,2,5271,781500,1,4,1,4,1,4,4,4,23
WWY6GHPWG,ロシェッグ,E76N52LMW,イベントのみ,1000,12,5271,781500,4,8,4,4,4,3,3,6,36
MSJL9N07K,れいぶ,KJVD138JU,イベント用,991,6,5273,781000,1,3,1,2,6,2,1,1,17
M3A0NUXH9,るく,FC8NBAJBT,ラー麺二郎金沢店,1211,9,5274,780750,2,3,1,1,1,2,1,1,12
70IAG0P8P,やまぬっこ,2JK7E4115,ラ！推し,1247,11,5275,780500,1,7,1,1,7,6,7,5,35
JH3RLHA6C,じ~さん,6NLPKL7D9,ご自由にどうぞ,1200,0,5275,780500,2,7,1,5,7,4,5,1,32
EHIFJK7AF,ぽんかん,J0N1E3Y09,月火水木金土日,1238,12,5277,780250,2,4,1,4,1,5,4,2,23
T49C014RN,めろんぱん,Y7KJ3PM8P,蓮すきすき同好会,945,2,5278,780000,1,1,1,1,1,2,1,1,9
MJTJRW6G0,とし,HPTHY23VR,蓮ノ空文芸部,668,1,5278,780000,2,10,1,2,8,8,9,7,47
13VU8PE7D,灯(あかり),FMWNYA91A,夕霧鼓門0.17,1071,15,5280,779750,1,4,4,1,5,5,4,6,30
1MLM8KD51,Soumers,BT22M41DV,梢花帆吟子同好会,1021,13,5281,779500,2,1,1,1,1,2,1,1,10
A6L18JGCG,Lynx,,,1229,3,5282,779250,1,1,1,1,1,4,1,5,15
A6XEBD11Y,くらおじ,96LWYJ3Y6,無言絡みなし,972,4,5282,779250,4,10,4,5,4,3,2,5,37
US6H0N3MZ,UR_JO,UVN7G4X3A,闇のルビィ団,1146,6,5284,779000,4,5,1,5,4,4,4,4,31
GDQW7K77E,たかにょろずん,C2GXY2MWB,LLYMLSIC,1234,20,5285,778750,2,7,1,4,5,4,5,6,34
465B7V60E,破壊世界奇々怪々,7MPNTWKTN,Dreamers,946,4,5285,778750,2,5,1,2,4,4,1,1,20
V4J7TFUY9,U,JH5FX56N2,のんびり,870,2,5287,778500,2,5,1,4,4,4,1,4,25
NJG7DAVT2,だえま麗奈,M206VENTF,蓮紺の会,1192,3,5288,778250,1,1,1,1,1,2,1,5,13
MEAKFE95L,ゆーすけ,7JBTC1J7U,いろ蓮,882,0,5289,778000,1,5,1,1,4,5,2,4,23
BCMF8FN1U,メガネ,7UAN6RT0D,さや弁食べたい,1203,16,5290,777750,4,5,4,7,6,7,4,4,41
0OFG4D48O,マニミミ,X7YM9EG8K,伝統の石川地酒,899,6,5291,777500,1,9,1,4,4,5,4,5,33
L4D2YT9HW,しゅがぼー,V7768X8AC,せーので！,839,2,5291,777500,2,4,1,5,1,4,4,4,25
EMPEHRE0B,チャッキーにょ,BWD9U1EJ2,蓮之空中国同好会,1004,16,5293,777250,3,6,1,4,5,5,2,1,27
VA7MC8S5R,向山浪次,67F1KB00K,さやか推し♪,1209,19,5294,777000,1,5,1,1,6,3,6,7,30
PDLBUW7GX,そうめん,1XX6FWJRB,オートスキップ団,695,3,5295,776750,2,5,1,1,1,2,1,1,14
D7ES66HNI,ナマズ☆レイブン,UYCT3Y4JK,蓮っ子,1003,14,5295,776750,1,4,5,7,10,7,1,4,39
F9FNKC3CV,富士盛,M4D0VP1XT,蓮ノ空痛車部,1498,21,5295,776750,4,6,4,4,4,6,10,8,46
GXT60BF8F,まつたけ,TBX7N9RK5,つよつよなLH,1190,8,5298,776500,3,5,3,4,4,4,6,7,36
OJ9YBIQN2,Jasonqe,73N4AB3LR,かほ子のイオン,1335,2,5299,776250,1,6,1,2,5,2,7,7,31
TXLCBFGY0,あきサカス,W3YKKRWHG,ルリと愉快な一家,1187,14,5300,776000,2,9,8,4,4,10,4,7,48
045261KDL,loid,LT9K2FP23,慈党リンクラ部,343,0,5300,776000,2,2,2,1,4,2,2,1,16
XF4RTD3PD,n,3194B9E93,初心者寄り合い所,839,3,5302,775750,1,10,2,4,1,3,2,5,28
PY7378DY4,ひさと333号,GR65FP8VN,蓮好き,1312,9,5303,775500,1,5,1,4,6,6,5,5,33
HM27XA62R,暇猫,V7768X8AC,せーので！,1190,8,5304,775250,4,6,3,4,6,6,4,6,39
MLAVWGCA5,青空虎遼,NJBBTCY3A,かにかに！,552,0,5305,775000,2,9,2,1,5,8,1,1,29
TUC6D4UKK,azurite,N6LR8C7AE,泥の民,912,2,5305,775000,1,4,1,4,8,6,6,1,31
5JMG7L41X,ルイス,U57VPUTEE,ゆったりクラブ,527,0,5307,774750,5,4,1,4,4,4,4,4,30
91MLXG4T4,やかん,CM5THHYHB,「」ノ空だけれど,1043,3,5308,774500,2,5,1,5,9,4,6,1,33
JGON0RPJ1,くるりん,HH93ADAW3,無言自由。,1376,5,5309,774250,1,6,1,4,5,6,5,4,32
2ALBT698G,すまいる,WTJV514G9,蓮ノ空のお弁当屋,1368,21,5309,774250,5,7,5,5,9,5,10,10,56
D9GJ4F9JT,.,6BFC4G5YG,蓮ノ空足湯同好会,1093,19,5311,774000,2,1,1,1,5,5,7,7,29
7L7AH4NVM,keinez,T4WY63DB9,ういのま,1026,4,5312,773750,1,4,1,4,4,4,4,4,26
EA3CQLHAU,しましま,XPRA8TRVE,蓮ノ空ロボット部,1307,15,5313,773500,4,10,6,4,4,6,4,7,45
8CHE0ALFJ,Suzu2203,Y6JNPC60C,綴理メイト,1070,18,5313,773500,3,6,4,5,7,2,2,5,34
R0A8ZBPBH,IN_,WLFW6UCX5,無敵級ビリーバー,1194,0,5315,773250,5,5,2,4,4,4,5,7,36
LG62PTK1J,ひろまる,LP8LPRUM8,蓮ノ空を見守り隊,1044,8,5315,773250,1,10,2,1,10,4,10,4,42
TMK02L6FT,天空のいずみん,T045NDKW0,♬さやか愛好会♬,1115,2,5317,773000,1,5,1,4,4,6,4,4,29
RB0HNTMV2,桜@めぐ党,57HNJ07NK,みらぱ推活最前列,1497,15,5318,772750,1,8,1,5,7,8,4,4,38
CG0NV1U29,Nuriさん,DMDVHGFUG,蓮の釣り部,1031,10,5319,772500,5,7,2,4,7,6,6,5,42
XEL829C1D,リヴァプール,UHF5Y8PEF,さやちゃん倶楽部,528,0,5319,772500,2,5,1,4,4,6,2,4,28
3U8916AZU,おひる,G8F0M2PH2,アフターウォール,1103,16,5321,772250,2,4,1,1,2,3,1,1,15
9VK6H3CH4,やわらかちゃん,FR5PDRB5Y,株式会社つづさや,398,0,5322,772000,2,8,4,1,3,2,3,1,24
DDD37BRPJ,ヒヨコマメ,R520TNWET,ホリホリクラゲ,911,3,5323,771750,1,5,1,4,4,4,4,4,27
28P4D7GB0,あら,3A63DYH54,LLすこすこ部,1141,0,5324,771500,1,4,1,4,1,2,4,1,18
7982RRHGC,ケニーヨハネ,N83DW3NYG,†極最強倶楽部†,1440,9,5324,771500,1,7,1,4,5,6,4,5,33
L45KJNR8P,りんご,F08AHUJJ0,綴理のお世話係,1062,8,5326,771000,2,4,1,4,1,4,1,4,21
C0X2WGRAK,暁Akatsuk,K4TAHF9YA,はすっこ準備室,1052,3,5326,771000,3,4,3,4,3,3,5,3,28
K4FEDT53J,Ryu_7,17LJ910A0,蓮ノ空緩々交流会,1177,20,5328,770750,2,9,2,4,6,5,4,4,36
N9U293NTP,地封龍 ギャイア,3F0M4HXJE,蓮ノ空まったり部,981,12,5329,770500,1,1,2,1,1,3,1,1,11
HC3RWL4YL,勳,1KDUBW4HB,めぐ党0番,893,2,5330,770250,4,9,1,4,5,6,4,5,38
MDIWO1XS0,マッチださん,GWGDMA3YC,初心者無言自由だ,1538,16,5331,770000,3,5,4,4,5,4,6,5,36
1185PKQ3V,りりん,BELCUYCMH,蓮hkg香港分部,1019,3,5332,769750,3,1,1,3,7,7,1,4,27
EHLVHAFWG,バサラ,CWPWP1266,さすさや,993,2,5332,769750,2,1,1,4,1,5,4,4,22
LDN01K65D,てんつく,GPKTRBCTT,騎空団蓮ノ空支部,996,2,5334,769500,1,4,1,4,1,6,4,4,25
JGLK4W026,アズキ,TR057C1UW,蓮ノ空ぼっち部,968,2,5335,769250,4,4,1,1,1,4,4,1,20
65GPM9GYT,すけ,F2CFWVMY9,藤島め組,1433,14,5336,769000,2,3,1,1,1,3,2,1,14
L7RFPQO5I,ゆうちゃん！,AE3L01V24,LOVE蓮ノ空,1418,5,5337,768750,5,7,5,6,8,7,6,8,52
YNHFYW1TY,津島善子親衛隊,74HPWML1R,VALORANT,385,0,5338,768500,2,10,4,4,6,3,1,8,38
8ZIV410CI,ひよこまめ,NLB84DYBF,下松系拉麺同好会,1146,7,5339,768250,2,8,1,1,6,4,4,4,30
E8NZFATG4,Takumi,80K5510JB,CoreSolo,1035,5,5340,768000,1,5,1,1,4,3,1,1,17
9XFWW547L,ダフィネルリンべ,2JVBK752G,卍愛蓮説卍,953,6,5340,768000,2,5,2,1,4,6,2,5,27
902WTV9GJ,captain,FH7G62PKW,月火水木金土日,1512,12,5342,767750,5,7,5,6,9,6,6,9,53
XEL1BGLXF,ケン,3DDPBCE5J,蓮ノ空 応援,831,2,5342,767750,3,3,3,10,5,7,1,1,33
C8DKWCWWB,たろう,TD6YVVU3P,トミー,473,0,5344,767500,2,3,1,1,2,2,1,1,13
3EV7MHCQV,不思議な学院生,TM19BMU7C,ソロプレイヤーズ,966,6,5345,767250,2,4,1,4,5,4,2,4,26
C7EXYN3VN,瑞河喜歓部員,WCL6R1ANU,無所属の会,828,0,5346,767000,2,7,3,4,4,6,4,5,35
20GG4UL98,歩夢の黒網タイツ,ABU58EVJ2,Quatuor,1092,10,5346,767000,5,8,5,6,7,4,5,8,48
ENA7QY8TL,南大沢瑠璃乃,JWUL2T36L,チーム初心者,1380,21,5348,766750,4,6,2,5,4,6,6,4,37
BBLG0204E,so123,43HRXMXWA,無言OKクラブ,935,4,5349,766500,2,1,1,4,3,5,4,4,24
MU8H960IW,全裸の変質者,AND13836G,乙宗梢親衛隊,1210,7,5350,766250,4,7,5,5,4,7,4,4,40
XHUJU2MOP,つよぽん,CY3GGDH7H,㍿キモ・オタク,1347,11,5350,766250,6,5,5,4,1,7,5,6,39
3DV369HW4,はとたらう,BKUHCT7WF,蓮女お嬢様部,1313,15,5352,766000,6,10,6,6,8,6,6,7,55
7GAKHTB7C,のりたまゼリー,WLBYGHXPD,大天使村野さやか,547,1,5352,766000,1,6,1,1,6,4,2,1,22
109NVTTG9,ツムジ,WTJV514G9,蓮ノ空のお弁当屋,1315,9,5354,765750,5,9,5,5,5,6,5,6,46
3W0RKLGFN,かえで,7R8NKPAB1,花帆推し倶楽部,1349,15,5355,765500,3,4,3,5,6,6,4,5,36
37R1FWYDX,pok4,948FLPMPN,まったりハス煮〜,587,0,5356,765250,2,5,1,1,8,3,1,1,22
BY0N1E9AC,おが,X87KNX4N3,蓮ノ流星群,924,0,5356,765250,3,4,1,1,8,4,5,5,31
TU21CLZUK,すずか☆かほめぐ,HBK6KCRPP,無言でおけ,1584,15,5358,765000,8,10,10,5,7,6,7,7,60
ZEE7VELC1,アキ,PN4VA24XF,みーかるぱーく！,940,5,5359,764750,1,9,2,1,1,9,1,1,25
PAYK18SF7,どんでん,RAP9FVR3B,あばうといち,1204,17,5360,764500,1,4,1,6,5,4,4,6,31
NW13DWUTV,とも,R9T0YKDW8,かちまち応援隊,1374,16,5360,764500,1,8,1,6,7,7,6,7,43
AU0BM86Z8,ししゃも,AAHB7C276,HaCordVN,1215,15,5360,764500,1,4,1,4,4,5,4,5,28
4U7BJLI0H,花陽浴,B6KWXGHWH,蓮ノ空SIFC,1235,2,5363,764250,1,4,1,5,5,4,4,6,30
K0FNDM0LE,にきお。,06DCWC1RE,とりあえず参戦用,1112,9,5364,764000,2,5,1,1,5,5,1,4,24
F0I27VVLS,きじ,3EJX5WB1A,金沢綴理門,556,0,5365,763750,1,5,1,4,7,2,6,2,28
127QTWFQN,タカ,DKNHY5HH6,なす料理研究会,1153,15,5366,763500,1,8,1,6,6,4,4,4,34
V1K5BARDM,譚担麵,AGJ215YND,蓮の空中國分校,592,2,5367,763250,1,1,1,4,2,4,1,1,15
Y84KRC78D,シャクガン,F2FFNFUYE,深谷家,1086,10,5368,762750,4,6,1,4,4,5,4,4,32
524F8V699,すけさん,FC8NBAJBT,ラー麺二郎金沢店,1348,5,5368,762750,10,10,9,9,9,9,10,10,76
KE9B02TCG,Sirius,9WVBK4U41,ENfans,680,0,5368,762750,2,7,1,4,7,6,7,7,41
EDG5KFDCG,とーふ,XXVVJY6FE,はぴぱれ,305,0,5371,762500,2,1,1,1,1,2,1,1,10
9M3IT3QG4,まみず,4MH8A378B,ズワイクラブ(仮,1088,1,5372,762250,3,4,3,1,5,4,1,5,26
A9F8O9BV1,みあとる,9RYR14H9L,ソロマターリ,984,0,5373,762000,1,4,1,4,1,4,1,4,20
U41ZTXQE6,のちもたー,6531MBM0X,のちもたーズ,1046,6,5373,762000,1,2,1,1,9,5,2,8,29
762ZY9B09,たろう,JTX1G19BP,さやかほ癒し会,1270,3,5375,761750,2,2,1,1,1,2,1,1,11
NHYX34977,アッツン@サブ,61DV78UAJ,モタスポクラブ,974,8,5376,761500,5,6,1,4,4,4,1,4,29
WXEEPB075,ファシマル,578YG6EAT,桜桃花束愛聴会,996,0,5377,761250,1,5,1,4,4,4,4,4,27
0TXVP0K5U,アビビン共和国,JDAG79TG7,百合ノ空観察部,1423,8,5377,761250,4,6,4,4,4,5,4,6,37
O81VN67R6,くしーた,CY3GGDH7H,㍿キモ・オタク,955,5,5379,761000,1,1,1,1,4,2,1,2,13
1HJWW9EWS,しかざくら,BG041A4MD,TK会,1319,1,5379,761000,1,6,2,5,6,4,4,5,33
MOUC5TNGH,カッチュ,BYA3FA0X8,無言ぼっち同好会,1445,19,5381,760750,1,4,1,1,5,3,5,5,25
NAB5UVXVY,ぽさか,L1VGJTD5P,蓮ノ空お茶会部,1526,18,5382,760500,2,5,1,1,7,4,9,1,30
6YDW1KPK3,いけ,F8MLHU2NV,乙宗梢様､､､,1320,6,5383,760250,1,8,1,1,1,2,1,5,20
WT6EA0XW8,野菜,3HDDYR4FU,旅人,1175,10,5383,760250,1,7,7,4,5,5,2,4,35
Q7H8NJHO6,本居宣長,TKVR3KU7L,ネギトロTKG,1258,8,5385,760000,2,3,2,2,3,6,2,5,25
PQRROKSED,Shiron,2VJG66JTH,まったり,811,3,5386,759750,2,9,1,4,4,8,2,1,31
55NOFQECS,双葉,L1VGJTD5P,蓮ノ空お茶会部,927,3,5387,759500,1,1,2,4,1,2,4,1,16
ILU42GY1Q,てむ,CXG25026E,泥のみんなS,1626,14,5387,759500,7,8,8,7,8,8,10,8,64
QXK1EBSEF,ななせ6号,WE4AB37FP,めぐ党,1141,15,5389,759250,1,4,1,4,6,4,4,4,28
C764K899K,闇猫,6WJW7R1TD,さやこずノ休日,393,0,5389,759250,2,4,1,1,2,5,1,1,17
6J9BGLLY1,16000km,3BE2RELRC,見晴台,1312,1,5391,759000,1,8,1,4,4,6,2,5,31
3HZ72U10W,アリサク,K25DPPGT9,圧倒的にまったり,1148,19,5392,758750,1,4,1,1,2,3,1,7,20
W3RBWWDYM,nano,,,1679,6,5393,758500,6,6,6,6,8,6,7,7,52
G7L52NSKB,みっちゃん,MWT91W455,つづこず大好き部,992,14,5394,758250,2,4,1,1,7,9,7,1,32
7KHXNPAWW,いろはす,N1DJVPGP8,いつでも咲けるよ,1267,5,5395,758000,2,5,1,4,4,4,4,4,28
MP8NO9YZV,紅葉,RWG56GK19,e+本社ヲ爆破ス,1048,4,5395,758000,2,1,3,4,1,5,5,5,26
0CN3FY0GD,眠羊,N2V9XA8A9,ねむねむ,1115,4,5397,757750,2,5,1,4,4,5,4,7,32
VTHR0MGDH,ayu,DMDVHGFUG,蓮の釣り部,423,0,5398,757500,2,10,1,1,5,3,2,1,25
HSF412L2Y,ヨシヒロ,WLLWJ8ADP,乙宗筋肉サークル,1372,4,5398,757500,1,6,1,5,6,6,5,5,35
VEM7KEV0Y,ここじゃない,XLBU65J86,花の壁飾りクラブ,863,2,5400,757250,1,5,2,4,6,4,4,4,30
HOQZVO3QI,ゆき,NMFBD39FM,蓮ノ空分室,1357,20,5401,757000,4,9,4,4,9,4,4,5,43
BMT6YG5YF,浜松のあっきー,85D411XNB,蓮っ子の集い,1170,20,5401,757000,10,9,5,7,9,8,7,8,63
MBFAGD5RL,ノノ,VG03MUF91,自分用,1237,3,5403,756750,1,5,1,4,5,5,4,5,30
L4LLV7RER,ウニ,BT22M41DV,梢花帆吟子同好会,1016,9,5404,756500,1,1,1,1,1,4,1,1,11
VTNY8S6TV,cocoa,BCJRMHE75,梢すきすきクラブ,1357,18,5405,756250,3,7,2,5,3,6,4,7,37
FX90Q2BCD,ダイチ,VF517JBVB,無言でいいよ。,1290,0,5405,756250,1,7,1,4,1,6,4,5,29
7V2PAI0W7,フォルス,6C9R15BLY,スクスタ避難民,953,4,5407,756000,5,4,3,4,4,5,4,5,34
VCRK2A58A,ななし,WLFW6UCX5,無敵級ビリーバー,1063,6,5408,755750,3,4,1,1,1,5,2,5,22
CVCVHFVF2,あかまる,KM0NDXXR6,も,1030,5,5408,755750,1,6,2,5,5,5,5,5,34
7QO18FJ78,にゃんこ,2DYYAPFVN,蓮っ子村,1306,6,5410,755500,9,8,7,7,8,8,8,8,63
ULXJ0U2HV,きりはろりーた,2NY9H8BR9,乙宗紅茶館,1279,19,5410,755500,7,8,6,7,8,6,6,7,55
Y2F3B7KG7,ピカパカ,WN3LHKX0L,レンコンおいしい,1073,8,5412,755250,1,4,1,1,4,2,6,5,24
55W688XD8,コール,DH97ANN9G,ツキマカセ,1141,6,5413,755000,2,5,3,2,7,3,4,8,34
NBS5ZIBJL,無害声豚,NC2YT2V28,蓮之愛同予者何人,1216,17,5414,754750,1,4,1,4,2,4,1,1,18
NIAW6PI4F,じろらも,K25DPPGT9,圧倒的にまったり,1261,19,5415,754500,1,1,1,1,1,6,1,5,17
69TGLABC1,うみ,GPKTRBCTT,騎空団蓮ノ空支部,695,2,5415,754500,1,4,6,3,4,2,1,1,22
JVXKP3BYW,よっしー,BKUHCT7WF,蓮女お嬢様部,1257,20,5417,754250,3,8,4,4,6,5,8,8,46
BL1THY7CK,れふと,NA8FEYN0M,蓮ノ空飲酒クラブ,1166,18,5418,754000,1,4,1,5,5,2,7,1,26
NBM81WBNK,いるきゃっ,DFXEH0E0B,香港の初心者♪,918,10,5418,754000,1,7,1,4,5,6,4,4,32
H5H4J83DC,リモント,HWXEVBW48,ミッション参加用,778,2,5420,753750,1,1,6,1,4,4,3,3,23
4MTXHGU4A,ハルーン,KULVP7FDR,アニマル分室,1024,3,5420,753750,1,4,1,1,4,4,1,4,20
P6KHWM4MG,よっしー,KC1W74B9B,蓮六園,1074,2,5422,753500,1,5,2,4,6,5,4,5,32
5RZHTH6OU,ともも,T045NDKW0,♬さやか愛好会♬,1418,20,5423,753250,1,7,2,4,6,6,7,7,40
9UJS1KC8H,れ,BPHHYC793,ソロ専の集い,803,3,5424,753000,1,10,4,2,6,4,2,1,30
X71NGMNS1,トア,1618JMRED,リンクラ自習室,657,1,5424,753000,1,4,1,1,1,8,5,1,22
R47FO7T0Z,良行,U5RFGBBTG,蓮ノ空G's部,1240,14,5426,752750,2,7,4,4,4,4,4,4,33
1GDT28WOL,うみどり,KA652DGYV,ゆるリンクラ,1547,20,5427,752500,7,7,7,7,8,7,7,8,58
0PTYDXD22,ほしいーもん,,,958,7,5428,752250,1,5,1,1,5,5,2,4,24
ARD67K6CM,なまもの,YD2XWWFA4,蓮好き好きクラブ,1314,12,5428,752250,1,7,2,1,7,6,1,7,32
94PR9DPD0,キツネコタヌキ２,4RY75CKM4,LLすこ部　メ募,1025,0,5430,752000,1,1,1,2,1,2,2,2,12
GTXA22UNF,しんまい,JX0BXWNWH,新米蓮好き好きC,727,2,5431,751750,2,5,1,4,6,6,1,4,29
88DNEW6GJ,高咲ひろむ,J8HXTJ8TB,流し素麺同好会,1063,5,5432,751500,2,1,1,2,2,3,1,1,13
LYE390FTA,P4WL,38KAJGDGU,異次元シャニP,1186,20,5433,751250,1,8,4,4,7,4,5,7,40
2XTM6NL82,12345678,KGF0L576E,サークル,1376,17,5433,751250,1,7,4,4,4,4,5,4,33
8V4TIB9D3,鳴沢律佳,AFV2LPL78,玉狛第２,1291,10,5435,751000,1,7,1,4,5,3,4,5,30
MDUHJW2BE,虎木つばくろ,424NLTEE8,無言な異次元部屋,1087,2,5436,750750,1,10,2,4,5,4,4,6,36
IOMJ6J49H,天城のるあ,9DKR4Y2CJ,蓮ノ空老人会,1369,15,5437,750500,1,7,1,4,5,6,4,4,32
98XFHBK45,あお,XPRA8TRVE,蓮ノ空ロボット部,1313,5,5437,750500,1,5,1,1,5,4,1,5,23
LFL264J8C,ココアko,,,895,2,5439,750250,1,3,1,1,2,1,5,6,20
I5U84FN1W,さい,PHLRY3XRP,とりあえずやろう,1109,3,5440,750000,6,10,5,4,8,5,7,9,54
7Y0UV45J4,你好謝謝小籠包再,PF9Y722AR,うぐぇ,1083,7,5441,749750,1,6,1,4,5,2,4,1,24
HEEKF9J9A,TAKA,WWWUTP96L,異次元からキマシ,926,7,5442,749500,1,8,7,1,3,2,2,1,25
NDAPJYJBO,壁,L10A3854K,ラベンジャー部,1075,11,5443,749250,3,1,1,4,5,5,4,4,27
BTWWAU29C,ぐっさん,XA0XD41CM,ぼっちぼっち,715,0,5444,749000,1,7,2,5,6,6,5,4,36
RDWY5090F,ホゲチータ,8MDA3A0AK,イベント用,623,0,5444,749000,1,9,1,1,1,6,1,4,24
0YEE3T5A6,のん茶,XPRA8TRVE,蓮ノ空ロボット部,1317,15,5446,748750,2,6,2,7,7,8,5,5,42
YR4FLPJJC,しなもん,BHW3RTLYB,カワウソ小屋,1139,3,5446,748750,2,1,1,1,1,2,1,1,10
MVVF7414H,やまかず,AXG81GPMP,蓮ノ空マタギ部,1257,5,5448,748500,1,1,1,1,1,2,1,1,9
XVADQFLJ6,kero,LHXNEF3D5,まるまるサークル,1282,15,5449,748250,1,5,1,2,5,5,1,6,26
5W92XFKC0,アギーレ神の怒り,6C9R15BLY,スクスタ避難民,1128,1,5450,748000,5,5,5,5,5,5,6,5,41
B301FOVVA,いきゅー,C2M5GJD7D,せーので！埼ノ玉,1243,6,5451,747750,1,1,1,1,6,4,6,5,25
9NWTRGFUA,ありふれた苗字,3U0J6E39X,泥人の沼,803,3,5452,747500,3,7,4,2,5,4,2,1,28
MM3BJWEWH,D5,3BE2RELRC,見晴台,621,0,5453,747250,1,9,1,1,1,2,1,7,23
26ENLB8WY,わたるンゴ,UHF5Y8PEF,さやちゃん倶楽部,483,0,5453,747250,2,6,2,5,4,5,5,4,33
XKT6N1G87,うら,C8WCYKBU4,蓮,1343,1,5455,747000,1,6,1,5,3,7,4,5,32
548XSMDTA,MR,LHXNEF3D5,まるまるサークル,1108,8,5455,747000,2,4,3,4,4,3,4,5,29
QWNLIUJ31,こいのぼり,V7768X8AC,せーので！,1193,14,5457,746750,2,6,1,4,6,6,5,5,35
XGW9PRRG8,せり,07JW71HWG,良いチケで観よう,1557,20,5458,746500,5,10,3,4,10,10,10,10,62
893CLBB6K,ひらがなのふー,XE8513HNP,喫茶カワウ空✨,1269,3,5458,746500,1,4,1,4,5,4,5,5,29
RLN6TRNTA,アイ,0YLUK30K6,蓮っコの集い,1419,20,5460,746250,7,8,8,7,9,8,9,7,63
C4LX2F3FD,Yurika,P2J37FNLG,乙宗先生指導会,856,2,5461,746000,1,4,1,4,1,5,1,4,21
PLE11SC0E,無軒,919XF8V2V,蓮之空大三腳,864,0,5462,745750,1,1,1,1,1,1,1,1,8
JTPRFCENU,アキ,L28X4MDJN,アフター観たいぞ,1434,8,5463,745500,5,6,4,5,6,8,6,6,46
T5FCEVV1C,おぐ,6N3F238R0,イベント参加用,774,0,5464,745250,1,5,1,4,6,5,4,4,30
UD5J8P5AM,レイチェル,PMME7169X,蓮っ子動物園,1011,4,5464,745250,4,5,1,4,5,2,4,2,27
JS5PSBIYS,8888,VB9VUYC97,JIMOAI,1145,12,5466,745000,1,4,1,4,4,5,4,4,27
AH8F9MU0G,秋沙雨,A3X92L6YU,お試し用サークル,1282,14,5467,744750,1,5,1,4,6,4,5,5,31
TNFIWVRCB,נמניג,KGD2P8TJ6,直通非対応,1456,20,5467,744750,2,9,1,5,7,7,4,5,40
R3I1969WE,あぐーしゃ,ABU58EVJ2,Quatuor,1336,3,5469,744500,1,4,1,4,2,1,4,1,18
LDWJBCWGW,こけし,ELTW62751,安全バーは君の腕,1160,11,5470,744250,1,1,2,1,5,4,5,5,24
YCBF4FJU9,in章鱼,J800VVPTN,Aqours,1146,8,5471,743750,1,4,1,4,4,4,4,4,26
D96XA64BE,サイモン先生,VLY036Y5B,アフター気になる,498,0,5472,743500,2,1,1,1,5,2,1,1,14
AT3CB9MHH,ナナ,1VVNBTBMA,イベント参加用,444,0,5472,743500,4,8,4,4,5,6,3,3,37
DT60CE29H,すくるど,3RH5MYBXV,こずめぐ党,503,2,5474,743250,3,6,2,4,4,8,2,1,30
QQQW5MJS2,まぐ,0JY7F3EKU,さやか愛でる会,987,4,5474,743250,2,10,1,1,10,3,4,1,32
FTC7JL3D0,ささ,N6T2MVATD,まったりサークル,605,0,5476,742750,2,4,1,4,1,4,5,4,25
AIJVRJJVC,かつおぶc,UELCE9T8P,テキトー,1181,10,5477,742500,1,7,1,4,4,4,4,4,29
LBBGRWX01,ココア,0R8BXPRC1,ポチっ！とクラブ,483,3,5478,742250,2,4,1,2,5,4,1,1,20
CCR02VR7N,もっちゃりん,2DYYAPFVN,蓮っ子村,1150,2,5479,742000,1,8,1,4,5,8,4,4,35
PJXWLLWN6,ガイモン,,,595,2,5480,741750,4,6,3,1,5,4,2,1,26
LFNX0TJ53,azur,7B8K574NX,GEAR,608,0,5480,741750,2,6,1,1,4,7,1,4,26
EAB14LX1M,めいぷる,19W3J4UMV,蓮ノ空チア部,806,3,5482,741500,2,8,2,4,5,4,4,4,33
VDRFM2XBY,プリッツ,BT22M41DV,梢花帆吟子同好会,729,2,5482,741500,1,5,1,3,5,5,1,1,22
295TZPGNQ,ムルムル,HNC6HDEMJ,星待ち部,1103,4,5484,741000,1,4,2,1,5,5,4,6,28
3X4D83UJP,おしるこ太朗,LL1WXGV5L,鉄花団,1270,2,5485,740750,1,7,1,5,6,7,4,5,36
BVXFBO1RX,緋色,GBEJMUFWT,めぐちゃんズ(仮,1157,9,5486,740500,1,4,1,4,1,4,4,1,20
58Z4A0RH4,ナユタ,FTUJJ5KM9,無言◎私生活優先,1047,5,5487,740250,2,5,1,1,7,3,1,1,21
MK48BY1YM,monmon,D3GHVP031,ロータス,725,0,5488,740000,2,5,1,5,4,4,4,5,30
18YXUKEW4,Mikoto,BELCUYCMH,蓮hkg香港分部,1131,3,5488,740000,1,4,1,4,1,3,4,1,19
5MAONAAWG,とんとろ,LB0K3MHND,フラワー,1112,2,5488,740000,1,4,1,4,3,2,4,1,20
CQSVGRM58,かいん,3BE2RELRC,見晴台,1589,0,5491,739750,5,10,8,5,7,8,6,5,54
YRKQRCWSE,ベニーモ,R7VEXFUBP,蓮ノ空応援クラブ,1279,11,5492,739500,5,5,5,5,5,4,7,7,43
KZP39LLH0,Yosoro,EECF9C0N3,蓮ノ空　茨城分校,1101,12,5493,739250,2,1,1,1,7,2,1,1,16
GNXX6U6JP,信州サーモン,G1AFM0R9A,蓮ノ空釣行部,804,0,5494,739000,1,5,1,4,6,6,4,4,31
262YFT93R,VIPER,KBJ2P8T0Y,人見知りの集い,1099,3,5495,738750,1,4,1,4,6,4,5,5,30
WHE94E3R1,朝倉恭一,V26546K3D,乙宗気合筋肉,1118,13,5496,738500,1,2,1,1,1,2,1,1,10
2B51CYFCD,りんりん,,,488,0,5497,738250,3,4,1,1,7,5,2,2,25
L3HN1X8WQ,名無し,PPAHU1TNY,蓮ノ空のんびり部,1307,12,5497,738250,1,4,3,4,1,4,5,5,27
FVCUEKZRW,フィーア,K4TAHF9YA,はすっこ準備室,1623,20,5499,738000,1,10,10,1,10,3,9,10,54
Q85ILMBY4,さくのきてる,9JTF508LB,スクスタ亡霊部,1082,2,5500,737750,1,4,1,4,4,2,4,1,21
OKFXHI40F,ざんみゃー,9UKKACGDU,蓮っ子CLUB,1137,3,5501,737500,3,5,1,4,4,4,4,4,29
EL3RGNF1W,ゆうゆう,1KDUBW4HB,めぐ党0番,552,2,5502,737250,1,6,1,1,5,5,1,4,24
M4EE2D886,TSUKIYO,08DDCV5JN,黒ねこのしっぽ,1148,20,5503,737000,1,7,2,4,4,6,4,5,33
EFNHRP9VR,かかし村,8MLVA67AK,聖ミリオン女学園,629,0,5504,736750,2,1,1,1,2,3,1,1,12
IPE43Q5EB,今天也要努力起床,X19MP0NTT,蓮之空河豚养殖場,1123,12,5505,736500,2,4,3,4,5,6,6,4,34
BM453W9QR,いのり,E6WR9G75P,安養寺姫芽推し会,1063,5,5505,736500,1,10,1,2,4,4,1,1,24
A5AH7NW0R,トモ,AHE0E3JND,ありがと！にひっ,872,8,5507,736250,6,4,2,4,5,4,4,4,33
4FLL5NPJU,StSwMC,GN9EEL045,きらくに,1073,14,5508,736000,1,7,2,2,7,6,2,4,31
LY84KEPXR,紡,976BY5JWK,ハルカカナタ,1101,11,5509,735750,1,8,2,2,7,5,2,8,35
FNVD61YMV,魔夜,BW38LDPRF,蓮浦の星空,935,3,5509,735750,1,1,5,4,2,4,4,4,25
EC08F0X0A,ムラマサ,8R49BTWW6,蓮女お嬢様クラブ,1257,9,5511,735500,1,6,1,4,1,6,5,5,29
6WCVA9HWL,にう〜,X7YM9EG8K,伝統の石川地酒,771,0,5512,735250,1,4,1,3,4,2,4,5,24
P7KNMJMAS,西園悠,C2XLWUTL1,夕霧綴理親衛隊,1205,9,5513,735000,1,4,1,4,4,4,5,6,29
D89LF1V69,スターフィッシュ,M6UPWJ6DU,蓮結ぶ虹と星の音,800,3,5514,734750,2,4,1,5,7,6,1,4,30
7JWS0H3F9,- prj -,MCKLPUFF4,J⚽x蓮サポ,1456,9,5515,734500,1,4,1,1,6,3,1,9,26
MVON3PN25,かゑで,BKUHCT7WF,蓮女お嬢様部,1383,10,5516,734250,1,4,1,5,4,4,5,5,29
WEP356DHZ,りっさん,D075KXX86,花うさぎ,1263,9,5516,734250,1,8,8,4,4,2,5,9,41
X3RCP3RF3,槿,UJBVKV52M,蓮空好過倶楽部,427,2,5518,734000,2,3,1,1,1,3,1,1,13
62C4CT335,ひるま,CV62FGL1U,花咲かせ隊,1179,3,5519,733750,3,7,2,5,5,4,6,1,33
33DYVE4B6,サンシエル,4FN0KWB4G,無言参加大歓迎！,512,2,5520,733500,2,5,2,1,1,4,1,4,20
TQ6LBW4VX,瑠璃色孔雀,GVT61ATX0,なのだけれど,1306,6,5521,733250,9,10,10,8,9,9,8,7,70
56LD6NJ9D,きりん,H5F25TNGR,モヒカン,1179,6,5521,733250,1,6,1,4,4,6,4,4,30
T7NWEAXG3,えるむ,AHE0E3JND,ありがと！にひっ,529,2,5523,733000,2,2,1,1,2,4,2,1,15
4JXE58LN0,カザモリ,B08JAPP33,対抗戦したい,777,0,5523,733000,2,7,1,4,4,4,4,5,31
A5JHEM97P,まさ,M49MMBK4F,スリーズパーク,920,2,5525,732750,1,7,1,4,1,2,4,1,21
42LT7XRTV,わかば,2AUM7L9BW,蓮初心者クラブ,732,0,5526,732500,1,10,7,4,6,4,4,4,40
UEU59L243,Yuki,9P9EPKFHE,無言参加OK,461,2,5526,732500,3,5,2,1,4,4,1,1,21
9DLNXJ9JG,ライデン,5L9GNT78V,叶え！私達の◯◯,993,3,5528,732250,1,1,1,5,5,7,1,1,22
EN8MH3YLA,エルタ,XVTV7MVCX,雪月花,1061,10,5529,732000,1,1,1,1,1,7,7,1,20
C6H3TDKF7,shiro,73VTANA71,隨緣努力^▽^,580,0,5530,731750,2,8,2,2,5,6,4,4,33
T0YJOF9KT,おやき,NMT63RUDV,泥村,1349,10,5530,731750,1,1,5,1,7,6,9,7,37
6SHZ8O7IE,ミム,,,1207,3,5532,731500,1,4,1,4,5,6,5,5,31
FL3135ICF,ままま,A9MA307FX,楽しいが一番,1448,15,5533,731250,2,3,1,2,8,2,8,8,34
0GFJHS0JY,Arcana,9FF5JBNDF,めぐすきクラブ,1187,3,5533,731250,3,6,3,4,5,6,4,6,37
MQE8DX9KB,マー,9FF5JBNDF,めぐすきクラブ,1154,3,5535,731000,3,5,1,4,4,4,4,4,29
THLXUC8XM,ChunZura,TXNCTRR1U,瑠璃乃推し隊,895,3,5536,730750,2,1,1,1,1,4,1,1,12
TBLF6N8A2,ゆーき,23PGPJ3NV,蓮ビギナーの集い,1103,3,5537,730500,1,6,1,4,6,6,4,4,32
NFB58JLK2,ナッツ,2UKNVBMBU,梢ちゃん同好会,819,13,5538,730250,2,4,1,1,4,2,2,2,18
M2CUYK3JA,けいと,YVV9CMBLW,東京公演で沼落ち,1030,4,5539,730000,1,8,5,4,6,7,4,4,39
30JL1CEMS,レイ,1M0GGB8LU,上ノ空昼寝クラブ,1253,21,5539,730000,1,7,1,1,1,3,5,5,24
UTVJU5JDW,けんた,E52PX91V8,かほつづ,1432,20,5541,729750,1,9,1,1,4,2,4,5,27
B2V4NEELW,ニジソラ,4BU2PJLC1,Sky,1051,4,5542,729500,1,1,2,6,6,2,1,5,24
ZK8FYSTJC,カプチーノ,HDD9DJVTB,Lotusky,374,0,5542,729500,10,4,3,1,1,3,1,4,27
W6HDN3PHW,綿,A7WWE0463,蓮ノ空初心者部,1014,3,5544,729250,2,6,1,4,6,4,4,4,31
U1PHH007N,どっちゃん♪,E6WR9G75P,安養寺姫芽推し会,1175,9,5545,729000,2,6,2,4,6,4,4,5,33
6953JG2BW,さなたろ,W3YKKRWHG,ルリと愉快な一家,474,0,5546,728500,1,6,1,1,5,4,1,1,20
VPQYZI3C9,じゅんじゅん,V7768X8AC,せーので！,1273,12,5547,728250,1,4,2,1,6,4,7,7,32
CMIMM8MB7,ディスク,VL9XHRPWC,蓮っ子(28%),1605,8,5548,728000,2,1,1,4,5,4,4,5,26
D5EF040PR,棒dot,8XMW94CPX,ヒノチタカバディ,242,0,5549,727750,1,1,1,1,3,3,2,1,13
RHJP1E0BV,せんちゃん,HXVYGL96H,初々しい対抗戦,553,0,5549,727750,1,1,1,1,1,2,1,1,9
FH4WD920V,すべりこみノ空,GGK2P93JK,きゃらめる,583,0,5549,727750,1,6,4,5,8,6,5,7,42
9XWLXXP8L,E.V.,TK9E1BB1P,無言で自由,824,7,5552,727500,2,4,3,1,4,6,4,4,28
XBR2OWDWF,あかい彗星,W3F0URUJC,梢先輩応援団,1304,7,5553,727250,1,4,1,4,6,2,5,1,24
2G0L5YZ6K,いぶき,KVCHR595K,FLAfを見る会,1033,1,5554,727000,2,1,1,4,6,4,4,4,26
VBIVA29QF,りんてる,4XRHRYDW4,無言でエンジョイ,1583,15,5555,726750,1,6,2,4,1,7,6,7,34
FHP26KJEF,Rosie,43N0M7B57,Hasu EN,396,0,5555,726750,6,6,4,4,4,2,4,1,31
45JLTCV7K,MJ,6FWRD1K40,いちじょ海賊団,1142,16,5557,726500,2,4,1,4,4,4,1,7,27
ZGPSPIOSZ,那珂,E515TRU1G,起きろ夕霧綴理,1059,7,5558,726000,1,7,1,4,5,6,2,5,31
8483070HL,kout,TYWNJU3WV,自由,510,2,5558,726000,3,5,1,1,1,3,1,1,16
0G7NS30JB,ゆううう,18YYNRFGA,LotusSky,317,0,5560,725750,5,4,1,2,1,4,1,1,19
JFL4K2GAV,豚コレラ株式会社,8588YN91J,虹咲学院,574,3,5561,725500,2,4,1,8,1,2,1,1,20
6DYBCZGXP,たかしゅん,JRAC1HYUD,SPHS-MMT,1205,9,5562,725250,1,6,1,4,7,3,5,7,34
TR5H71HE5,りあ,,,869,4,5562,725250,6,6,7,6,7,7,6,7,52
3KWB5D7M5,シャムービー,9D722M8KC,蓮ノ空同好会,306,0,5564,725000,4,4,1,3,4,4,1,1,22
JHJK2M41N,こっとん,F2M746D4B,頑張らないクラブ,1104,15,5565,724750,1,6,1,1,4,2,3,1,19
21URU74Y4,ある,HP42726N2,日野下花帆,1065,3,5566,724500,3,4,2,5,2,6,5,7,34
6421V8L48,くるりん,WH2MKLRRV,みかん食べます？,589,2,5567,724250,1,10,3,1,2,2,5,1,25
THU824DXM,さん,578YG6EAT,桜桃花束愛聴会,800,5,5567,724250,1,1,1,1,1,4,1,1,11
6D7P6MM0C,愛月天,R9NGK6L48,のんびりサークル,1142,4,5567,724250,1,4,1,4,4,4,4,4,26
7MYG0N2A7,ラムダ,N0EXH1CM1,ぱちぱち徒町,1125,0,5570,724000,1,2,1,1,2,3,9,1,20
2CF36EAJP,神原拓泉,KANLFTMVJ,蓮ノ空中文同好會,527,2,5571,723750,4,4,1,4,1,6,1,1,22
LBCPD48F5,Siyuu,UHWA4YLWP,蓮ノ空を見守る会,854,8,5572,723500,3,4,1,1,4,9,4,4,30
STYD2YWWM,ごば,Y2P9LABR2,スクステ同好会③,1412,18,5572,723500,1,5,1,4,4,4,4,4,27
PMAGW8CV7,とり天,KGY709ULG,蓮の花束,267,0,5574,723250,1,4,1,2,5,3,2,4,22
Y9U2U945F,カイザー,UGY37TYH1,月ヶ丘 暁隊,1118,8,5575,723000,1,7,3,4,5,4,4,4,32
43311CCDN,たお,4FN0KWB4G,無言参加大歓迎！,575,2,5576,722750,2,5,3,1,3,6,1,1,22
7VXMC97W3,ぴよしん,B2AN1PT0N,417,1090,3,5576,722750,1,5,1,4,4,5,4,4,28
1G91DA4EW,アルタリスト,BXGNMY466,ライグラ用,338,0,5578,722500,5,6,3,2,2,4,1,5,28
07KJ140KO,星空晴雪,V7768X8AC,せーので！,961,1,5578,722500,3,1,1,1,1,4,1,1,13
S0VW6UW73,ウルトラ,J1DUU3T0H,慈愛倶楽部,1314,4,5580,722250,2,5,1,4,5,5,6,6,34
B6NE2F6J9,RoK,8VGXWTV3U,R.opRizm,1192,15,5581,722000,1,1,1,1,1,5,7,6,23
MWBKGXCM1,はんとんらいす,6HV2RH6TU,イベント用、無言,1126,6,5581,722000,2,1,2,5,9,6,6,5,36
XCTW59NE4,Miane,6BFC4G5YG,蓮ノ空足湯同好会,371,0,5583,721750,1,8,2,1,2,6,2,1,23
R21K43V10,Solarix,PH0YEPJD8,蓮ノ空北國金沢,1140,2,5584,721500,6,10,6,7,8,8,6,7,58
J7MPKL3G9,ことは,DKPMRA0TA,蓮ノ空奉仕部,518,2,5585,721250,3,5,2,1,1,6,1,1,20
G84LMUK5K,korikori,XTMGPY62U,スクステ初心者,1086,8,5586,721000,4,9,4,4,8,5,6,6,46
IVSBBPK1R,ぱりすのこ,RE152RBRK,蓮ノ空創作部,1077,0,5586,721000,1,4,2,4,5,4,5,5,30
8V49H6XKN,ツッチー,KNRD3YG7N,ケ・セラ・セラ,1323,12,5588,720750,4,8,6,4,6,6,6,5,45
RXZUHTNLA,トマケチャ,X7YM9EG8K,伝統の石川地酒,1380,3,5588,720750,7,7,7,7,7,7,6,7,55
JVTU28RDB,タビオカスキ,919XF8V2V,蓮之空大三腳,990,12,5590,720500,4,5,6,7,7,5,4,7,45
AE58P2AJJ,まったりんまる,CTW8DKV5P,まったり,1436,15,5591,720250,1,1,1,1,1,2,1,1,9
11TDWYT6I,ししちゃん,2U4GLJXLJ,泥の中の養分,1178,14,5591,720250,1,9,2,1,4,5,2,4,28
UG2E2ERYD,redtune,9VDEWVP01,瑠璃乃の集い,1501,3,5593,720000,2,1,1,1,1,6,1,6,19
8WXX2M8DA,さやかほ,GCFA4WL28,乙宗梢を愛で隊,1052,3,5594,719750,1,3,1,7,6,6,2,1,27
VDBDLWDRA,ひだり,T8X0G07YB,なければ立てる！,1448,0,5595,719500,1,6,1,5,5,4,6,5,33
3UUFFQO14,ちびっ子,48BTAPMBG,蓮ノ空魔術部,1619,20,5595,719500,3,7,10,4,10,7,3,10,54
6F07LU3TK,パサパサママ,NRK4MV1C1,茅バール,552,0,5597,719250,1,1,1,1,1,6,1,4,16
F92OTEJ26,さくらななを,9B2LV6GAW,サークル,478,3,5598,719000,1,1,1,1,1,2,1,1,9
L021CUG2J,蓮ヶ咲,8YNHW7530,虹ヶ咲、蓮ノ空,1076,14,5598,719000,1,6,1,4,4,4,4,4,28
UWTC4JX5J,ElgardZ,75UJ5RB97,蓮ノ空雪野球部,634,0,5600,718750,4,6,5,4,4,5,1,5,34
6CR9FYFF0,コン,GYJ3C6TKR,綴理先輩好き好き,833,8,5600,718750,1,7,1,1,4,4,1,1,20
6WJYMAJUX,鹽味飯糰塩むすび,E5JKTW00K,蓮ノ空まったり部,409,0,5602,718500,3,7,5,4,7,4,4,4,38
TDJJBLMG0,YU,D7UA5ER1E,UR報酬欲しい！,896,2,5603,718250,1,4,1,4,1,7,4,4,26
20D7MZORW,まとば,T045NDKW0,♬さやか愛好会♬,897,2,5604,718000,2,1,1,3,1,2,2,3,15
L5DTVDFV4,しろ,95031TR10,ひめぎん文化会館,635,0,5605,717750,4,7,6,5,9,6,5,7,49
8H9W2VDA4,プカマル,PD80VCP5N,虹ヶ咲学園,1142,3,5605,717750,1,5,1,4,5,2,5,8,31
2945FT3HY,さとちゃん,61UTNTRU1,初心者さん,1283,20,5607,717500,8,9,2,5,7,5,7,9,52
JT1ETU3HK,とりま,5WUDLMWEP,蓮ノ空は明日ノ空,930,2,5608,717250,1,5,1,4,5,6,4,1,27
KKTHAMFR0,ドロジェ,G0WRCNRWK,県立沢庵図書館,1331,17,5608,717250,1,8,1,1,6,6,4,5,32
YJUXGU9WG,ヤギー,TBX7N9RK5,つよつよなLH,1103,0,5610,717000,1,1,1,1,5,2,5,5,21
D9XG8NKP9,どんどこ,2B97MH4YA,同じ話し何回も…,960,4,5610,717000,1,5,1,1,1,4,1,1,15
TKGCHB9Y7,Crane,KGDNX3EF3,ENcircle,778,0,5612,716750,1,7,1,1,4,6,1,4,25
BG7RRQ5BQ,琢斗,YB3VJBCCH,愛トモの会,1166,17,5613,716500,2,7,2,5,4,5,4,5,34
4K1WB4HTK,まじ雅！,T56X6LP0L,光の海,814,4,5614,716250,1,6,1,1,6,4,1,4,24
HX6144GW7,ぜったいれーど,H0DV3JJGA,かほさやてぇてぇ,1172,12,5614,716250,2,6,1,4,6,5,7,5,36
P62BZDWCS,あいら,59AK7LJ7A,とりあえず,1417,20,5616,716000,6,5,5,10,9,8,6,9,58
N1KVXP9P0,ダムド,FVJABCVP3,瑞蓮ラボ,1098,7,5617,715750,2,10,10,1,6,7,1,1,38
YMHKGHFA3,kake,2B97MH4YA,同じ話し何回も…,555,0,5618,715500,4,5,6,4,4,4,1,4,32
6TZ31LPM5,みみがー,WLFW6UCX5,無敵級ビリーバー,1170,15,5618,715500,2,4,2,5,5,6,4,5,33
BQX7EYIWR,みそら,BELCUYCMH,蓮hkg香港分部,1112,7,5620,715250,1,3,2,6,5,2,1,5,25
UC7HYTK27,ﾏﾙｶﾞｽｷｰ,CTW8DKV5P,まったり,1226,12,5621,714750,1,1,1,1,2,2,1,1,10
GATNR1L35,かどちゃん,R9T0YKDW8,かちまち応援隊,959,4,5622,714500,7,10,7,10,9,7,10,7,67
63N7DNJ8D,ガチャ回すな,FV38N1J23,イベント用,1268,13,5622,714500,5,5,5,8,3,7,6,5,44
A1XGJ396C,はづき,K3LMN5JHH,金沢カレーの皿,1154,2,5624,714250,1,5,1,1,5,4,5,5,27
C19P1GU7N,秩渠,DMDVHGFUG,蓮の釣り部,421,3,5625,714000,3,10,10,4,6,6,1,4,44
UMXFM53WN,每日討厭林可拉,JKAYY0KXL,自由！開心！,1045,4,5626,713750,1,8,1,1,1,3,1,7,23
4ORAL6L8W,もなか,31A7JKC69,蓮好きの巣窟,1268,15,5626,713750,2,5,4,4,5,4,7,10,41
YUVYWEDLL,Ltsunahi,762FM3JV4,一蓮托生,983,7,5628,713500,1,5,1,5,8,6,1,4,31
7GNTRL8NY,リンカー,0YLUK30K6,蓮っコの集い,888,5,5629,713000,2,5,2,1,6,6,6,1,29
9NS1UF4CI,たかふぉい,F31A07X4V,蓮ノ空福井分校,1256,2,5629,713000,2,4,1,1,5,2,1,7,23
LTTUX9L0J,Saryu,8588YN91J,虹咲学院,697,2,5631,712750,1,1,1,5,3,2,2,1,16
559ICLU88,咲夜,N7GLY2RUW,百生銀行,934,4,5632,712500,2,4,1,4,1,2,4,1,19
A26NQAKOU,まー☆,LUUR1D2PB,ちぇす党♪,1485,20,5633,712250,1,7,1,6,7,6,5,7,40
TP5UA0YF1,テヴァ,J9T0UFKXG,光を目指す者たち,1162,5,5634,712000,1,7,1,1,4,6,1,7,28
21LY4IJ5M,ゆい,8BAYBXUXC,スリブ大好き♪,1285,15,5634,712000,1,4,1,5,5,4,4,5,29
JXRNETJ4C,とーる,W26TRPM1R,めぐ党藤島派,1427,3,5634,712000,2,8,1,4,6,4,4,5,34
2K9EBJ5HV,ドレッドデース,YVV9CMBLW,東京公演で沼落ち,874,2,5637,711500,2,9,1,1,1,8,2,2,26
U52LX6HV1,碧葉,AH27N260E,百生信託銀行,1131,15,5638,711250,2,1,1,1,4,6,4,4,23
7A5PUNGEN,MeRa,J80MEYHBC,Nymphaea,424,0,5638,711250,4,3,1,2,5,3,5,4,27
5XRF2GD84,アルカナフォース,LRKRUR21F,ちゅけバフ,370,0,5640,710750,2,6,4,2,2,4,2,4,26
8LENGJSQS,ヒイロ,LK3P80BUN,スリーズブーケ党,998,2,5641,710500,1,4,1,1,5,2,5,5,24
CLHG7F2EL,すけきょー,B14R5YE13,ドルチェスター,927,4,5642,710250,1,5,1,4,6,6,4,4,31
6RT1M2G24,蓮ノ図書委員,K7LC46V5M,Link！ラ部,869,1,5642,710250,6,7,5,1,4,5,4,4,36
1BELD3S5I,星野優花,YM72HRVCF,ワンニャン部,1478,3,5644,710000,1,4,1,4,1,6,4,5,26
2B088HVCH,竹本,2DYYAPFVN,蓮っ子村,1059,12,5645,709750,1,6,1,4,7,4,4,1,28
WJ0KVMM32,TP,,,454,0,5645,709750,2,1,1,1,5,1,1,1,13
2X56WRRL8,疾風,8MLVA67AK,聖ミリオン女学園,738,7,5647,709500,1,4,1,4,4,4,1,1,20
BPPN7TY31,ミカン,ATB27G5P2,おこめ茶寮,834,1,5648,709250,1,7,1,4,6,6,4,4,33
VO56B8CX1,ゆきした,XE8513HNP,喫茶カワウ空✨,1281,19,5649,709000,1,2,3,1,5,4,1,6,23
O0C69X0YL,もっちぃ,8VGXWTV3U,R.opRizm,1091,8,5650,708750,4,9,3,3,9,6,4,4,42
TMBPU7FJU,ナギ,PF9Y722AR,うぐぇ,1216,6,5650,708750,2,4,1,1,1,2,1,1,13
8XX2BAUAN,PU,Y2P9LABR2,スクステ同好会③,1424,14,5652,708500,1,9,1,4,2,4,2,1,24
OHVFPTTWI,優利,FHN78V2DJ,無言でどうぞ,1146,10,5652,708500,1,2,1,1,5,2,6,5,23
H9VCMCRRK,cho6sk,9YM3DBTB7,泥民館,769,2,5654,708250,1,3,1,1,2,2,1,1,12
6FWPHRYGK,はとP,LT9K2FP23,慈党リンクラ部,446,2,5655,708000,5,1,1,1,3,4,1,1,17
U53M6XR6R,ししゃも,V8XX999F6,卍蓮村幼稚園卍,513,0,5655,708000,2,10,1,4,9,4,4,6,40
G4WW8PRGV,パン屋/KUGE,T3XUTYGC3,隔離病棟,1104,4,5657,707500,1,4,1,1,4,5,4,4,24
LHTO8TRND,IcⅡ^.-^Ⅱ,ETJJW4JHV,覇王樹LL同好会,1185,6,5658,707250,1,4,4,4,4,6,5,4,32
EZUTWJCX8,二次健ちゃん,P2J37FNLG,乙宗先生指導会,1480,14,5658,707250,7,10,8,9,9,9,9,9,70
3JN7VF6JA,水鳥亜鳥,6DWJ8JMJH,ばっどさーくる,531,0,5660,707000,2,2,2,2,2,3,3,2,18
0L8V9DVI1,シャヨ,X0TFG829Y,ボクのおうち,904,3,5661,706750,2,1,1,1,1,2,1,1,10
PEH0C8XDE,かずき,59AK7LJ7A,とりあえず,614,2,5661,706750,6,7,6,6,6,6,6,6,49
M0U3RND8T,かときち,GPKTRBCTT,騎空団蓮ノ空支部,464,0,5663,706500,2,1,2,1,1,2,1,1,11
3TAY9W8T1,moss,1F5EPPMLD,UR貰えればいい,941,2,5664,706250,2,5,1,4,4,4,2,4,26
W73TFLTX8,ちびまる,N6TVG18P8,すきすきクラブ,879,4,5664,706250,3,2,1,9,1,10,1,1,28
DNMTDP9YF,金井かな,X7C21B7H7,泥,500,5,5666,706000,3,4,7,1,3,4,1,2,25
LNMGLY05R,ゆゆゆ,KULVP7FDR,アニマル分室,969,12,5667,705750,1,5,1,1,4,5,1,9,27
IC1V0D9ZZ,じーく,EPWMMAXNY,蓮ちゃん初心者,1222,10,5668,705500,1,6,1,1,5,2,1,7,24
PR843BHBN,ロース肉,GLP0WPDRM,イベント用の泥,1060,6,5669,705250,1,5,1,4,4,4,4,4,27
7JI5O7H1I,よしけそ,GVT61ATX0,なのだけれど,1533,13,5670,705000,1,10,1,4,3,3,4,8,34
T9MBX8KX0,ちょす,CRYB2FJ64,つくよみくらぶ,1058,13,5670,705000,1,1,1,1,1,7,1,4,17
4H88WA6WX,にゃんじ,427WENUC4,心の癒し～蓮ノ空,954,1,5672,704750,1,8,1,2,2,8,1,1,24
UGUAF2TDN,上班不彈下班彈,AWFDLJ1HC,小蓮花（重生版x,1038,17,5673,704500,1,5,1,1,1,4,2,1,16
HXT4T7Y5T,ぢっかー,F8MLHU2NV,乙宗梢様､､､,1203,0,5674,704250,1,7,1,4,5,4,5,5,32
YXRN480U8,玲也,W8URH0E57,にいなさら,859,1,5675,704000,2,7,2,4,1,4,3,5,28
UR7GY0T8H,ジャコブユー,Y3A3M2Y4N,サンクルミエール,1181,17,5675,704000,1,10,3,2,4,6,2,6,34
G0QT9LBIN,あか,G0J2F9NAL,さやさやさーくる,1115,0,5677,703750,2,6,1,4,5,6,6,4,34
884KW9TU7,天音いちご,W3F0URUJC,梢先輩応援団,1161,20,5678,703500,3,6,1,1,5,4,7,8,35
MLZ0NJSUC,かなた@ミジンコ,R9NGK6L48,のんびりサークル,1181,2,5679,703250,2,4,1,1,4,4,1,5,22
78VMKR3BX,Sicasica,279NUYU7C,れんこん,1175,7,5679,703250,2,7,1,4,4,4,4,4,30
DMCFAYDVH,るお,A73H7ENN2,エロマンガ同好会,1056,6,5681,703000,1,7,1,1,1,2,1,1,15
I60Q140YD,ゆきじょるの,J8HXTJ8TB,流し素麺同好会,1694,17,5681,703000,6,6,5,5,5,6,5,8,46
1HFURKD0J,ざる,M851LEV3N,なっす父兄,1061,0,5683,702750,1,4,1,1,4,5,1,4,21
W240C9WP8,こぱか,A3X92L6YU,お試し用サークル,1303,11,5684,702500,1,5,1,1,7,2,8,8,33
E389HHET6,アズサ,FVJFA973A,月猫愛好会,480,0,5685,702250,1,7,1,4,4,6,4,4,31
GIOBOAD3T,柴漬け,RXXUPMWB9,待機室跡地観測所,1142,18,5686,702000,2,4,1,1,7,3,2,6,26
9W6N02K59,だんご,0B8RTHY4D,のんびり屋さん,738,2,5687,701750,1,9,1,3,3,6,1,1,25
0458DXYK1,ふうた,ULUELCJ7T,なるようになる？,499,0,5688,701500,4,8,10,4,8,3,1,6,44
E0FHMGY2V,すずつき,G8F0M2PH2,アフターウォール,1188,3,5688,701500,3,1,1,1,2,3,1,7,19
SUGCCENN6,kasger,PDTRRYUGM,石川県民ひろば,1003,4,5690,701250,1,5,1,4,4,5,5,4,29
M7RC9X089,らら,H1G4CDT6C,無言自由,1055,8,5691,701000,4,4,2,4,4,6,4,4,32
9JJ1XVVJN,シーラ,3FF3NB77X,せーはす愛好会,449,0,5692,700750,1,5,2,5,4,7,4,4,32
DLXBXU264,ますくん,WN3LHKX0L,レンコンおいしい,1187,5,5693,700500,1,5,2,4,5,4,5,5,31
X6CM69FAJ,428,KJU0BU77M,無言交流なし,1462,2,5694,700250,5,9,6,8,7,8,8,9,60
5IBZ0V5GE,くろまちん,9DKR4Y2CJ,蓮ノ空老人会,1311,13,5695,700000,2,7,6,4,6,6,6,3,40
3A6V3FFBA,夏夜の花,E050K9859,蓮党,1078,17,5696,699750,1,8,2,8,4,8,4,4,39
FMNW3QU6R,りん,GR65FP8VN,蓮好き,1172,7,5696,699750,4,7,3,1,5,2,2,1,25
MB7PYNVLA,カノフェル,0V75M00RK,ネオヴェネツィア,875,1,5698,699500,3,5,1,4,5,3,4,6,31
G684OCLSF,ささ子,W09WBG3HY,どろんちゅ,1299,6,5699,699250,2,6,5,2,4,4,2,4,29
8S0IOEA2V,はるひ。,UHF5Y8PEF,さやちゃん倶楽部,1410,6,5700,699000,1,8,1,4,7,7,4,4,36
1AY06KV3L,和泉守,WLBYGHXPD,大天使村野さやか,926,2,5701,698750,3,4,1,1,7,5,7,1,29
4V703YL2X,tk3338,,,924,2,5702,698500,1,4,1,4,4,4,4,4,26
542A8BY8D,よしこぽけ,,,1113,10,5703,698250,1,1,2,1,1,1,1,1,9
NF4BKJWRD,たこ,B1KYU3XF8,LG lotus,1132,4,5704,698000,3,4,1,6,7,5,5,7,38
7WWJ6J1AR,ダイナン,PB5NM9HRA,歌蓮ティールーム,1077,0,5704,698000,1,5,1,1,4,6,6,4,28
GW3NJ26TY,にゃしにゃし,9DKR4Y2CJ,蓮ノ空老人会,989,4,5706,697750,1,4,1,4,4,6,4,4,28
0TVUDAM4Y,nebu,JH5FX56N2,のんびり,1106,6,5707,697500,2,4,1,4,5,4,5,5,30
Z0MXBPNY4,くらっち,CM5THHYHB,「」ノ空だけれど,1320,12,5708,697250,1,1,1,5,8,6,5,5,32
E1ECVJ7T1,にゃんこ先生,74HPWML1R,VALORANT,539,0,5708,697250,1,2,1,9,1,6,1,7,28
8TUH0KMMA,中川原 菜々,FNMV166UY,蓮ノ空喫茶部,1383,7,5710,697000,5,6,5,5,9,6,10,10,56
VODSJNHAL,まほほの,HWMV33W7Y,フラワー泥民館,978,6,5711,696750,2,4,4,4,4,4,1,4,27
B3GHTWDUT,くじら,BEMED3RY1,無言無課金ok,949,3,5712,696500,1,3,1,4,1,4,4,4,22
AIACN3XZ2,しめさば,XHJLF3R8H,ゆったりプレイ,1248,1,5713,696250,5,4,5,4,5,5,6,7,41
KMRLM83KW,ツマ咲立ち,WBW66DMUB,るりめぐ研究所,1232,1,5713,696250,1,4,1,1,6,6,1,4,24
F905EDYBK,ハチゴ,9RYR14H9L,ソロマターリ,978,0,5715,696000,1,5,1,4,8,3,6,7,35
E04ABF4HH,じーえむ,YLJ2PP4X4,全日本謝罪同好会,1063,5,5716,695750,1,1,1,1,5,3,1,1,14
EP447DF1Y,はちくま,5HHM001FE,株主総会はちくま,1071,12,5716,695750,5,5,6,5,5,5,7,7,45
M6ERFL81R,じゃがえもん,828YTYAA9,箱推し社畜の部屋,1177,14,5718,695500,1,5,1,4,4,6,4,4,29
BXFM9K49V,よへい,UB7BUMERF,対抗戦に参加,290,0,5719,695250,1,1,2,1,1,3,1,3,13
9GNW0Y9UT,しおから,1EL57CDR0,なんもわからん,699,0,5720,695000,3,10,2,4,10,4,2,4,39
2KHBE9DDC,MSZ006C1,8YFF0WP45,毎日がホリデー,1322,16,5721,694750,5,7,4,5,6,8,5,7,47
3XL963EHO,ダンクウ,YK0X6N2HN,無言OK出入自由,1375,15,5722,694500,1,9,4,5,4,4,5,4,36
D14R4323J,33NEPPY,N1DJVPGP8,いつでも咲けるよ,512,3,5722,694500,3,4,2,1,1,4,1,1,17
1C9D9TWNJ,ゆうP,3KD9PBRLK,蓮とは,1273,6,5724,694250,1,5,2,1,7,1,2,3,22
TT9GGVXG4,Koi,HWJ8XPW0T,箱推しなのだけど,516,0,5725,694000,6,4,1,1,1,1,1,1,16
LWHJCVJ19,小泉コン,FC8NBAJBT,ラー麺二郎金沢店,1402,5,5725,694000,9,9,8,6,7,8,9,9,65
QQD06KKLL,ユウ,RP0CU9UT9,かいわれだいこん,1240,6,5727,693750,1,6,1,5,5,4,4,5,31
CHD941XTD,黑,9UKKACGDU,蓮っ子CLUB,409,3,5728,693500,1,9,1,5,3,4,5,1,29
KEB9QFR0F,さけちゃん,E12PR824F,ゆるっと蓮ノ空,560,2,5729,693250,2,5,1,2,5,2,2,1,20
YQDYK34ZR,QhooLwo,BDD8R1HDD,蓮の花を見る会,1106,2,5730,693000,1,1,1,1,6,2,1,1,14
HDU0UVQ7F,きよたん,AHE0E3JND,ありがと！にひっ,856,1,5731,692750,1,6,1,1,7,2,2,1,21
4XPLD9PDU,絢瀬,427WENUC4,心の癒し～蓮ノ空,237,0,5731,692750,2,1,2,4,5,5,4,4,27
P55YVR9W3,Ｍ３１０,CV8NP1T8K,アイドル研究部,1146,9,5733,692500,1,7,1,4,5,4,4,5,31
GGSXCRXWS,Yotamamo,4FR887RVF,わたし魚,1404,9,5733,692500,5,7,6,5,8,6,8,8,53
ZWRJ7QBKH,PATARIRO,UHWA4YLWP,蓮ノ空を見守る会,1186,0,5735,692250,1,4,1,1,5,6,4,4,26
7EHR6G358,おか,J0PT5EX42,スクスタモ部,493,0,5736,692000,1,4,1,5,1,6,4,5,27
ON4U2Z876,ヨシ,4XVD1CXVM,KIT,1162,12,5737,691750,2,7,1,1,4,4,2,5,26
K6DCRC3JY,リ　ン　ク　ラ,GGCKK69C9,リ　ン　ク　ラ,1227,15,5737,691750,4,10,4,4,5,8,4,4,43
R9DWJVVH7,ミカヤ,N83DW3NYG,†極最強倶楽部†,854,3,5739,691500,2,8,3,4,3,4,4,1,29
UJ52HMK4X,ll花帆,EYEPHE14G,花上梢頭,505,0,5740,691250,1,5,4,4,6,6,2,4,32
M7WK9JT32,くまさん,8FR866PRY,蓮っ子みらくラブ,1074,3,5741,691000,1,6,1,1,6,4,8,8,35
U3YQSCTRE,ミナイ,9DKR4Y2CJ,蓮ノ空老人会,1369,14,5741,691000,2,4,1,4,1,5,5,7,29
6AN5JGM4R,けっと,0YLUK30K6,蓮っコの集い,754,3,5743,690750,2,1,1,1,1,5,1,1,13
CXGK2BN4L,ステイシー,KULVP7FDR,アニマル分室,1302,15,5743,690750,4,4,2,1,7,3,7,7,35
7L7XLG2U2,Tokisa,GPKTRBCTT,騎空団蓮ノ空支部,894,2,5745,690500,3,4,1,4,8,7,4,4,35
FH985C4UR,hidehal,VXDPPJJL1,蓮ノ空リボ課金部,349,0,5746,690250,1,5,1,1,4,3,1,4,20
T23HY3WRB,えーぷる,BT22M41DV,梢花帆吟子同好会,1145,7,5747,690000,2,8,2,4,8,5,4,4,37
BL0UBIGDQ,かずひと,9UKKACGDU,蓮っ子CLUB,1315,11,5747,690000,1,6,4,5,6,6,5,6,39
XD52W4WJF,Lieushei,TTDBXERCU,蓮ノ空 全力応援,343,0,5749,689750,2,5,1,6,6,5,1,4,30
I1U3V478O,いるか,1BME38BCD,さすさやクラブ,1261,8,5750,689500,1,5,1,4,5,5,6,7,34
LJ1U0JNJ8,chaso,38JXMDXBT,蓮ノ空WATCH,972,6,5751,689250,1,4,2,7,1,1,4,2,22
9X5GDG3PC,床,HE0GK3EPE,瑞蓮プロカ倶楽部,1300,13,5751,689250,3,3,3,2,5,3,7,5,31
4W94PXBJ2,まつうら,,,261,0,5753,689000,1,6,5,2,7,4,2,4,31
H95ALYFDA,な,M6UPWJ6DU,蓮結ぶ虹と星の音,778,2,5754,688750,4,7,2,4,4,4,4,1,30
9B945KUEC,amnluv,9WVBK4U41,ENfans,558,0,5755,688250,2,5,1,4,5,4,5,5,31
V4X5MMFVY,Ｉ,,,1031,2,5756,688000,2,4,1,4,1,4,4,4,24
4A5IRTFZ5,いづき,7P4CAER9X,まったり倶楽部！,1032,6,5757,687750,1,4,1,4,5,2,4,1,22
NG8FKQSTV,silver,,,450,0,5758,687500,1,2,1,1,4,4,4,1,18
7DWPR4HOS,しらす（ねこ）,K4TAHF9YA,はすっこ準備室,1419,5,5758,687500,1,2,1,2,5,2,5,5,23
DWYJ97LE4,アブレイ,VLY5JDKCV,新規なのだけれど,1007,6,5758,687500,10,7,4,4,4,8,4,6,47
MSY645YUB,いい,F2M746D4B,頑張らないクラブ,1293,12,5761,687250,1,8,1,5,6,9,4,4,38
M9B4ND15T,アヤトン,9E910GGD2,蓮ノ空給湯室,1002,12,5762,687000,2,4,3,1,10,10,7,6,43
J78UMS50Y,剣士,RGR1NVGWH,無言推奨・自由村,1218,1,5763,686750,1,9,1,4,5,6,1,4,31
XJPTW9RW0,コム,6KUYCDLGR,かよちんは宇宙,517,0,5764,686500,2,2,1,1,4,2,2,2,16
W930D7BL5,おかき,BPHHYC793,ソロ専の集い,627,3,5765,686250,1,8,1,1,4,6,1,1,23
PGEVXGYE1,鳴神,GBTRU6RV0,まったり,1050,10,5766,686000,3,4,1,1,5,4,1,5,24
POXN3M1P7,denden,9DKR4Y2CJ,蓮ノ空老人会,1153,13,5767,685750,1,1,1,1,5,6,5,1,21
5OTF7JCU1,こしあん,BKUHCT7WF,蓮女お嬢様部,1179,5,5767,685750,2,4,1,1,6,3,7,7,31
G39JB078E,エンユウ,7UAN6RT0D,さや弁食べたい,1086,12,5769,685500,1,4,1,4,4,4,4,4,26
BL6J7SDWI,ハマゲン,DH97ANN9G,ツキマカセ,1098,12,5770,685250,1,1,1,5,4,6,4,4,26
B9J6EC4L5,羽結（hayu）,WCL6R1ANU,無所属の会,589,2,5771,685000,5,5,1,4,4,5,4,4,32
8DN9WU31N,ひなぎ,T40RLPJ4A,スリブ好き好き,904,0,5772,684750,1,1,1,1,2,1,1,1,9
669XPP2M5,マコト,KNRD3YG7N,ケ・セラ・セラ,1129,9,5773,684500,2,5,2,4,5,5,4,5,32
38T7B0N7N,たく8,A7WWE0463,蓮ノ空初心者部,1133,5,5774,684250,1,7,1,4,5,6,5,5,34
K8YHXKXC4,yuany,9U8KNU6U9,対抗戦用,962,1,5774,684250,2,7,1,4,4,4,4,5,31
9LETVP1QS,カテジナ・ルース,E17AJTJ9D,楽しみ隊,1288,4,5776,684000,1,1,1,1,5,2,5,9,25
G9QE7D3GD,そえまん,R083H7WRN,サークル無言,1299,7,5776,684000,1,4,1,4,1,4,4,5,24
2B5859KC5,ぐろ,KA652DGYV,ゆるリンクラ,451,2,5778,683750,4,8,4,2,3,6,1,1,29
J66YFLHV5,か,DW13FCXPT,Mulbungs,484,0,5779,683500,3,6,3,3,2,4,2,2,25
87Y8YGW3V,はなんどう,RCNBH80VD,練習用,589,0,5779,683500,3,7,3,4,4,7,4,4,36
05PVI0DXF,たんたん,YUG7566C7,はすおじっ！,1242,3,5781,683250,1,4,2,4,1,3,4,1,20
TT9HTHLU2,時崎しおこ,X33HHA9F8,アルストロメリア,933,7,5782,683000,3,1,1,5,6,3,1,7,27
C4M8XDCV1,yamato,C68491XHB,みらくらぽーく！,1116,18,5783,682750,1,4,1,4,5,9,4,4,32
FBR3CMIMZ,アスク,F8MLHU2NV,乙宗梢様､､､,1064,0,5783,682750,5,6,5,5,5,4,2,2,34
2A43L9B5K,かんかんみかん,27N2UHJYL,ラブライブ格ゲー,1102,2,5785,682500,3,4,1,4,5,4,5,5,31
DKNB3NE74,ユーリ,G0WRCNRWK,県立沢庵図書館,1183,3,5786,682250,3,6,1,1,5,6,1,5,28
01T31JHCL,ともり,AWFDLJ1HC,小蓮花（重生版x,919,11,5786,682250,4,6,1,4,5,5,4,4,33
RF041JGWD,やえ,YMKU30246,参加賞がほしい,377,0,5788,681750,1,9,3,1,3,3,1,7,28
EDEH80T27,虚無田,K69M1X95F,アイリス,925,0,5788,681750,1,6,2,4,6,4,4,5,32
3BWEVDR9D,ハジメ,Y2R7E79U3,カワウソ同好会,1269,8,5790,681500,3,4,1,5,4,5,5,5,32
WGN4OH4DJ,つつみ,KT4P0CHHC,ゆったり同好会,627,2,5791,681250,3,1,1,1,1,3,1,1,12
63539TVDU,みらっぱ,1EBG7YUTL,菅！CAN！叶！,1125,14,5792,681000,4,6,4,4,5,6,5,6,40
RPUEZP5TD,花,H1LTYMK0B,花帆が可愛いの会,1246,12,5792,681000,1,4,7,4,4,6,4,4,34
199YDRHBW,おるけん,UX96YX4T1,『位置について』,433,0,5794,680500,1,10,1,4,6,6,4,4,36
46KV1RHDL,RAVEN,G26L2CBRC,悠々自適,1198,4,5794,680500,1,7,1,6,5,6,7,5,38
MC0SGNWFF,I♡MEGUMI,17AEM7PUN,SIFcord,1137,2,5796,680250,1,8,1,4,6,5,1,4,30
9GBNL54OF,せつ,ETAMCYHME,蓮ノ空お昼寝部,784,5,5796,680250,2,10,5,1,5,4,1,4,32
AY902BE9L,ヒミ,GN1798YEX,ド!ド!同好会,677,6,5798,680000,1,4,1,4,5,4,1,1,21
ZH9JPITP9,ふじわら,3LUL3WR8Y,零組,1016,0,5799,679750,1,5,1,4,4,1,4,1,21
K2J3W0TF4,あさり,1G89KTD5X,サークルひとり,768,4,5800,679500,2,1,1,1,1,3,1,3,13
8PT36V7BP,アシッド,5W8RPRVUA,ド！ド！泥！,1385,11,5801,679250,1,6,1,4,7,6,4,7,36
X60G3C7KY,藍音,CV62FGL1U,花咲かせ隊,1268,20,5802,679000,2,5,1,5,4,6,4,5,32
5BY8YVKEY,†夜羽†,LFB48H6MU,超初心者の会,1273,20,5803,678750,3,7,3,4,7,5,5,5,39
2XKLU22WK,はっさく,BW38LDPRF,蓮浦の星空,931,2,5803,678750,2,4,1,4,1,4,4,4,24
ERNG7TJX6,せんざい,N8L41JAA7,無言 ノルマなし,1362,7,5805,678500,2,5,1,4,5,4,5,7,33
P0R9GI425,しー,31A7JKC69,蓮好きの巣窟,1302,3,5806,678250,1,4,1,4,4,4,4,4,26
ZQD5HV9TF,ふじしまべあ,R5N8GFAVX,#蓮ノ空相撲部,1162,11,5807,678000,1,4,1,4,4,4,4,4,26
PAEP5848G,ベル,HWXEVBW48,ミッション参加用,745,4,5808,677750,1,3,1,5,1,2,1,7,21
BGNPR0YM2,マッキー,M6UPWJ6DU,蓮結ぶ虹と星の音,1081,3,5808,677750,1,4,1,4,4,3,5,1,23
YU1DB9KEV,きむやす,UVK38MFR2,蓮の虚無サー,1181,5,5810,677500,1,5,1,4,1,6,4,5,27
22U7CKYDD,jun,WRFLMWL4U,映り込み金魚,1069,3,5811,677250,1,6,1,5,5,5,4,4,31
V25F09NY7,ステラ,0CEA9XFKR,蓮ノ空の泥人会,982,0,5812,677000,3,4,2,4,4,5,4,4,30
0YB9LDMHR,なた,WNMCNJ62M,チームまったり,519,0,5812,677000,4,8,1,4,4,4,4,4,33
92MGNJDMM,アイズ,9JG01D3T2,京大百合文研,1041,14,5812,677000,1,5,1,1,5,1,7,1,22
EXOWKKNLR,ちいすず,9DKR4Y2CJ,蓮ノ空老人会,1197,3,5815,676750,1,4,1,1,5,4,1,5,22
TAFGAJEDM,りり,B2KV0EVPD,蓮ちゅきクラブ,919,0,5816,676500,1,5,1,4,5,2,4,1,23
NT7EO6Z8B,高峰　椿,N8L41JAA7,無言 ノルマなし,1251,5,5817,676250,1,5,1,4,5,6,4,5,31
6P8H9FMLN,あつみ,DKNHY5HH6,なす料理研究会,941,0,5818,676000,1,4,2,5,7,7,5,4,35
EWDLLDM42,ぺこりーの,8MTLYLH9F,木星月華黄金宮,1189,0,5819,675750,1,6,1,4,5,4,4,5,30
DKG8LGZMK,うめちか,78D55E05J,HIPHOP界隈,1403,5,5820,675500,1,1,1,1,7,4,7,2,24
TUDLE9XBA,サンイート,0AYJF4RJ6,無言,840,2,5821,675250,1,9,1,1,1,6,1,4,24
7WPUXD786,メグム,C52VR77BJ,イベント参加用,623,0,5821,675250,7,7,8,7,7,6,6,7,55
0DMGFVT3R,しゃう,WBXF9XXW7,さやつづ愛でる会,1031,4,5821,675250,1,2,2,7,1,2,1,1,17
44WBHKLAF,bl,1F5EPPMLD,UR貰えればいい,566,0,5824,674500,3,6,5,4,4,6,3,5,36
R8V3E8P7R,るりお,J5CKL5YPX,ログイン勢かもん,788,0,5824,674500,2,7,1,4,4,6,4,4,32
GFGUBLD3Y,Yuki,,,413,2,5826,674250,2,1,1,3,1,1,1,1,11
5NR0KENPV,syo,8T3BVWN6F,目標1500位,692,2,5827,674000,5,2,4,1,5,4,1,1,23
LAEYF4C2R,ミーシャ,KGDNX3EF3,ENcircle,747,5,5828,673750,3,7,1,3,9,4,5,4,36
KP5FU2433,kg02 p7a,K182YX4GG,クレゆら,1004,4,5828,673750,1,6,3,4,5,6,4,4,33
NVLBW4ERS,博麗　魔理沙,JDYW63BXN,μARLL’s,1019,5,5830,673500,2,5,1,4,4,4,4,4,28
O97061AAK,ぱし,ABALH0AL3,楽園計画,1267,6,5830,673500,1,4,1,4,4,4,6,5,29
DCW0NIV5I,おま,9JTF508LB,スクスタ亡霊部,1240,5,5832,673250,2,4,1,4,1,4,4,5,25
LGNDA989B,さく,53M4V2BVG,吟子の髪飾り,460,0,5833,673000,1,5,1,4,4,4,4,4,27
3REWWLTUW,お米,AXG81GPMP,蓮ノ空マタギ部,1186,13,5834,672750,3,8,1,1,6,5,1,5,30
9Y0896VXU,ひろ,3194B9E93,初心者寄り合い所,1079,2,5835,672500,1,1,1,1,1,2,10,7,24
H5X7KUBN7,妍錦,TWJ862EPN,こにゃとも,814,4,5836,672250,10,9,1,1,4,10,1,1,37
4AV99KWQF,mugon,JD1PFYJWE,瑞蓮隊(無言OK,1202,8,5837,672000,1,7,1,4,1,5,4,1,24
U9QTGEJGW,おきな,V830CTTX3,日野下後輩,867,4,5838,671750,1,5,1,1,1,6,1,1,17
JDM2XK3FU,ko₋orbit,BEUGE1GV8,仮,665,2,5839,671500,2,10,1,1,4,5,2,1,26
UAFFAPBAE,おはよは,HKETDDCK6,ぼっちざ蓮!!,1063,5,5840,671250,1,5,1,4,4,4,1,4,24
ZVSBOET82,へる,V26546K3D,乙宗気合筋肉,1476,8,5841,671000,1,1,1,1,1,2,2,3,12
TJV0S3LAY,羅生門,ARF3KPJ41,夕凪P極進会,1395,18,5842,670750,1,7,1,6,10,2,10,10,47
RVR79LTVM,みかん,BCJRMHE75,梢すきすきクラブ,1247,20,5843,670500,1,4,1,7,5,4,1,5,28
RHWI46F0Y,温泉からあげ,NFMEGRJ45,社畜無言サークル,977,1,5844,670250,1,6,1,4,6,5,4,2,29
9BWD924LQ,ぴの,L1VGJTD5P,蓮ノ空お茶会部,1177,7,5845,670000,1,7,1,4,4,4,4,4,29
W19X0034C,つづえる,KFC62L0FV,ねるねる同好会,1195,7,5845,670000,1,4,1,1,5,2,1,1,16
3SUPO7DJK,天王寺渚,6BFC4G5YG,蓮ノ空足湯同好会,1217,0,5847,669750,2,4,1,4,5,4,5,5,30
JZPBN8CU1,ぬい,8NF0R4W81,地下結社めぐ党会,1116,4,5848,669500,2,4,1,4,1,3,4,7,26
E0AWYEWCN,かなりんまる,UMG1B9C7V,蓮ノ空女学院,1169,7,5849,669250,1,4,1,4,5,6,5,6,32
C3X42UB3C,ほの,GYG7B5R36,幼馴染同好会,1147,8,5850,669000,2,7,2,4,4,4,5,5,33
52RYAXVMT,HSKSSCM,,,984,4,5851,668500,2,1,1,7,5,4,5,4,29
9TZFW4GNN,qasireu,E6LTKUYW4,月火水木金土日,1262,12,5852,668250,1,7,2,4,6,5,6,6,37
U9GT1MYFB,よし,NJBBTCY3A,かにかに！,989,6,5852,668250,1,5,1,4,5,4,4,5,29
8MUPD0CUA,我永遠推夕霧綴理,9YM3DBTB7,泥民館,1199,14,5854,668000,1,8,5,2,5,6,4,7,38
XGBPK5HN2,かつや,2B97MH4YA,同じ話し何回も…,831,4,5855,667750,1,5,1,1,1,2,1,1,13
FG8V9K1DY,あまとう,UYCT3Y4JK,蓮っ子,1086,11,5856,667500,4,5,4,4,5,4,4,5,35
K0VWNO9RA,ルシ。,V26546K3D,乙宗気合筋肉,1394,3,5857,667250,1,2,1,1,1,2,1,1,10
TT3AFK1E5,Ur,7D5TKBG45,リ!リ!リ！,1315,21,5858,667000,1,5,1,1,6,6,1,1,22
RH1YHF0V6,T2,VLY5JDKCV,新規なのだけれど,409,0,5859,666750,1,4,1,4,4,4,1,5,24
VDWR6T91E,ﾘﾄﾏｽ紙,NK05UMLWW,かけ込み寺クラブ,644,2,5860,666500,3,2,1,9,3,4,1,2,25
EM01C9U2C,9Æru,J800VVPTN,Aqours,1208,8,5860,666500,2,5,1,4,5,4,1,4,26
0RK71VLVD,クリームソーダ,BT22M41DV,梢花帆吟子同好会,1021,8,5862,666250,1,4,1,1,1,4,1,5,18
BR9BUTED9,cross,E7UBFLW56,同好会の同好会,559,3,5862,666250,1,2,1,1,1,4,1,4,15
2B55VBFM2,結衣,NA8FEYN0M,蓮ノ空飲酒クラブ,979,0,5864,666000,2,1,1,1,1,4,1,5,16
R7VC93B0Y,もけもけ,N94LEWF2D,無言よわよわの会,1286,11,5865,665750,2,5,1,6,7,6,5,4,36
K6UVKMHYH,karinpo,N1DJVPGP8,いつでも咲けるよ,1053,3,5866,665500,1,7,2,5,6,6,5,7,39
38C4BXTRW,のり,H837E0M9R,沙知先輩大好き部,1086,7,5866,665500,6,8,6,7,7,7,7,8,56
G3EJR3XRF,ka & sa,5L5TJF7YV,蓮ノ空女学院寮,541,5,5868,665250,1,4,2,4,4,2,2,1,20
II7MPFFZI,ムム,GG56G6WKD,FF43企鵝冰屋,1281,20,5869,665000,2,9,4,1,5,3,9,9,42
YAU0TJ7XY,Dキョウ,J80MEYHBC,Nymphaea,484,0,5870,664750,5,3,4,5,5,6,3,3,34
3AGHFYKP6,やちゆう,18YYNRFGA,LotusSky,1182,13,5870,664750,2,7,1,4,7,6,4,5,36
5Y53B82FU,紫(花帆ちゃん推,8JMW9G2XW,僕らのリンクラ！,1459,17,5870,664750,1,4,2,4,7,4,1,8,31
2616369MH,さくらタコヤキ,60KU468X3,はっすーず,1179,20,5873,664500,3,6,1,4,4,4,5,5,32
4F17UXXL8,せんよう,,,580,1,5874,664250,5,1,2,3,6,1,1,3,22
P2TE9HPP9,その辺のライバー,MV7XM9K9K,行き場無い流れ者,1183,5,5875,664000,1,7,1,4,5,4,5,5,32
4C2SLKC2D,まふ,E58FYF67C,ロータスランド,1560,13,5876,663750,1,7,1,5,6,2,4,7,33
10FXC6JJN,falai,M44P06CH5,つづさや見守り隊,732,0,5877,663500,1,1,1,1,1,2,1,1,9
L0FYG6SK1,せーや,RR87XJMWD,気ままに,659,0,5878,663250,1,1,3,1,1,3,2,1,13
4JZZFJZG3,ツキ,YM72HRVCF,ワンニャン部,1377,4,5879,663000,1,4,1,4,2,4,7,7,30
S6CGX2DBZ,宇治抹茶,2DYYAPFVN,蓮っ子村,1145,20,5879,663000,4,4,1,1,5,5,4,5,29
293VJ2L8K,アーサン,T2XRMGEAE,蓮根無言会,1483,5,5881,662750,1,7,1,4,8,6,4,5,36
ETO77S8SF,TOCCI,GYG7B5R36,幼馴染同好会,1594,10,5882,662500,1,7,1,5,7,6,5,7,39
UXWC13T3C,のえる,YXKR0GGM4,蓮ノ空好き好き,1116,13,5883,662250,1,8,10,1,1,5,5,4,35
VCDS1GLZ5,sato-0,D60RTVUP4,月月火水木金金♪,995,0,5883,662250,2,1,1,1,1,2,1,1,10
V03A5KKW1,ヒロロン,JY79RPB1D,リンクラゆる部,1315,9,5885,662000,4,5,1,4,5,6,4,5,34
8WR7HD450,あおい,GTVVCW6XE,よく分からない勢,190,0,5886,661750,2,4,2,4,2,4,4,4,26
4L1M04G7P,ユウ,JRAC1HYUD,SPHS-MMT,319,0,5887,661500,3,8,1,2,1,4,1,4,24
E6FAN0MC0,もちこ,CWPWP1266,さすさや,1005,7,5888,661250,1,2,1,1,7,5,7,7,31
EH0YPZ15O,山2000,FHN78V2DJ,無言でどうぞ,1357,12,5888,661250,3,6,4,4,10,6,4,7,44
JK4UG7F9F,もっちゃん,KC1W74B9B,蓮六園,947,3,5890,661000,2,5,1,4,4,4,5,4,29
B7LFOQ2RO,K,GMEF2K8DL,花咲く泥も好き²,1303,7,5891,660750,4,7,4,5,7,5,7,6,45
0JTUK1DL8,まる,LLDLG20UU,UR取り隊,1062,14,5892,660500,2,4,1,1,7,6,5,4,30
TG1PVMBTH,さかまき,M67ACEP3M,オーバーブースト,1409,2,5892,660500,1,1,1,1,7,2,7,7,27
9PT0FABP9,エリンギ,EJY6B26D1,After見たい,640,0,5894,660250,1,7,1,7,1,7,1,1,26
5MYA0M7KT,ボレオ,D7UA5ER1E,UR報酬欲しい！,1001,8,5895,659750,2,4,1,4,4,4,4,4,27
FW08PD83P,なお月,HX2TUDRA9,蓮のブーケ,1326,2,5896,659500,1,7,4,4,4,5,4,5,34
MXCH20FJE,あみば,N8L41JAA7,無言 ノルマなし,1200,1,5896,659500,1,4,1,4,5,2,5,7,29
TRINQB51J,㍿2㌢㍍,X45T3U322,アニメ最高クラブ,988,12,5898,659250,4,6,1,5,1,5,5,6,33
AMK4CCP9N,Chris,RY2GB8R99,フレーズフルール,1032,9,5899,659000,1,1,5,8,8,4,1,5,33
C33KFBU1N,しゅう(^o^),AND13836G,乙宗梢親衛隊,897,6,5899,659000,5,8,1,4,5,2,4,1,30
HK1YER8W7,ていらい,2XP0PJ8T7,魁！ていランド,332,0,5901,658750,5,4,4,6,2,8,4,1,34
YA1PBGUGB,ばにー,NT2KU5174,こずかほ。,1208,7,5902,658500,1,4,1,4,4,2,5,1,22
GJ5YNVUP9,Sucre,DC8VP5MAB,蓮ノ妹子,330,0,5903,658250,1,1,1,1,1,2,1,1,9
UH2K3KF2L,なかでぃーま。,YNR28303K,りんくらぶ,1141,20,5904,658000,1,6,1,1,5,4,5,5,28
P6NCAB4IV,ケイ,LLDLG20UU,UR取り隊,1169,5,5905,657750,1,4,1,4,6,4,5,5,30
J588FB7VN,マリマリ,0B8RTHY4D,のんびり屋さん,868,0,5905,657750,1,4,1,4,4,4,4,4,26
8TTC65L8Y,あくひか,T045NDKW0,♬さやか愛好会♬,1228,16,5907,657500,1,7,1,1,5,5,2,6,28
3CTSRTTHI,秋谷すばる,CM5THHYHB,「」ノ空だけれど,1366,11,5908,657250,1,4,1,4,4,4,5,5,28
YP291K184,雪鴉,PPAHU1TNY,蓮ノ空のんびり部,1120,11,5909,657000,1,6,1,4,2,2,6,1,23
JA2USC8EV,ふろーりあ♪,4WWM4VVDK,蓮ノ空遊戯開発部,1299,13,5910,656750,2,6,1,1,4,2,2,1,19
EODRY17OC,もちのすけ,573J1JVVK,かほかほ,1114,7,5911,656500,1,7,2,4,5,7,4,4,34
53KI0OR42,あんちゃん,229LK38CW,ライブグランプリ,1576,21,5912,656250,2,9,1,4,7,6,4,5,38
E6T9AW047,蓮ノ三天王,HXVYGL96H,初々しい対抗戦,444,0,5913,656000,1,6,1,4,3,4,2,7,28
4T06T782K,Yuu,,,1104,7,5913,656000,1,4,1,5,7,1,4,5,28
E3V660HX0,なお,2AUM7L9BW,蓮初心者クラブ,1032,13,5915,655750,3,7,4,5,7,5,4,4,39
JEWTELT01,あきぴい,XVTV7MVCX,雪月花,757,0,5916,655500,4,6,2,1,1,5,2,1,22
3DCV0CWX1,いたニキ,974GR6CVN,いたニキハウス,1389,18,5917,655250,2,9,1,4,2,1,7,4,30
T4V7129RC,ぽっぽ,LNY720KVK,綴理お世話くらぶ,458,0,5918,655000,1,1,1,1,1,3,2,5,15
XBAR4YG67,みの,T2TL0U6JX,linterna,806,2,5919,654750,2,10,2,4,6,6,4,5,39
X0L5BX6M8,そいそーす,JXN6XJAFK,ぼくなんなの,921,7,5919,654750,1,4,1,1,6,6,2,4,25
CJRTWY0S9,Hei,E050K9859,蓮党,757,6,5921,654500,6,7,3,9,4,4,2,2,37
22RWDJIA2,itp,3LPBPHL3V,壁の民の伝説,1117,1,5922,654250,1,2,1,4,2,2,4,1,17
EX2CRSMUS,まないた,VU0UYYA8K,蓮ノ空日野下厩舎,1140,0,5922,654250,1,4,2,4,4,4,4,4,27
D22KM3W52,ちま,LJNCAEVAP,蓮ノ空さやか研,557,1,5924,654000,2,1,5,1,1,4,1,1,16
1GQRC5VAD,もち,8FR866PRY,蓮っ子みらくラブ,1348,5,5924,654000,4,10,8,6,6,6,4,6,50
846BTKT3U,ゆうと,9E910GGD2,蓮ノ空給湯室,784,7,5926,653750,1,5,1,1,1,2,1,1,13
PHG9D1W6M,いなもん,LB2YHKR6K,さやか推し,718,2,5927,653500,2,7,2,1,9,5,1,1,28
3A05F5V7E,Kai,DFFYFJ2B6,つづさや好き過ぎ,838,7,5928,653250,4,10,4,4,5,2,2,1,32
RBLR54GKN,信,EDBAMWXWB,ふごくらぱーく！,856,8,5928,653250,1,8,1,1,1,6,1,1,20
1CGRCP479,fgf,2UKNVBMBU,梢ちゃん同好会,309,0,5930,653000,2,1,1,1,1,3,1,1,11
ZCDPUZWF3,ヒーロー,43HRXMXWA,無言OKクラブ,1045,6,5931,652750,1,1,1,1,4,6,2,1,17
489AW5M75,fal,9P9EPKFHE,無言参加OK,408,1,5932,652500,3,10,1,1,3,6,1,1,26
LWMWMEQZK,はちくん,H0DV3JJGA,かほさやてぇてぇ,363,0,5932,652500,2,5,2,9,10,5,1,4,38
8HA18T0XK,AiRA,AXG81GPMP,蓮ノ空マタギ部,856,5,5932,652500,1,4,1,1,1,5,1,1,15
M6I6U1W7V,えにりも,56CP8P7MF,ボクら,1055,2,5935,652000,1,1,1,1,3,4,1,4,16
3VPW5BJEG,yuuki,Y6JNPC60C,綴理メイト,746,5,5936,651750,1,7,2,1,7,6,2,1,27
U7CH390EV,さば,8VGXWTV3U,R.opRizm,700,3,5937,651500,2,1,2,3,4,2,1,1,16
R532AUBLE,わわわ,9DFV9UTW4,白ひげ海賊団,507,0,5937,651500,2,6,1,1,7,4,1,1,23
U6R8M352G,taninety,C52VR77BJ,イベント参加用,494,2,5939,651250,2,2,1,1,1,7,1,1,16
FC08LBH9P,ちよう☆,KC1W74B9B,蓮六園,511,4,5940,651000,4,5,1,3,4,4,2,1,24
1H1UIP4RS,ちゃんぽけ,Y6JNPC60C,綴理メイト,1249,20,5941,650750,2,7,1,1,6,3,7,7,34
MTACUG4HB,Nokkiii,B4ADNM80X,山本組,877,3,5941,650750,5,10,6,9,8,8,5,5,56
2D66WU02Y,せる,GW4CH70HK,TKG同好会,1026,4,5941,650750,1,1,1,4,7,2,5,1,22
V7U03DJJ9,konta,PPAHU1TNY,蓮ノ空のんびり部,1253,8,5944,650500,1,8,2,5,5,4,5,5,35
QPUANWXUU,矢守留木菜,E8K438RP1,リンクラ初心者部,659,5,5945,650250,1,4,2,1,1,2,2,1,14
SMHTGNN80,ブルー,1BME38BCD,さすさやクラブ,1708,19,5946,650000,1,6,4,6,7,6,8,7,45
DW8YZKJMZ,hoya,BB8UP1P1V,輝く未来,1067,12,5946,650000,1,4,1,5,4,4,4,4,27
F49LPAD0K,文野,BTVC9G95X,FES用,958,1,5948,649750,1,10,1,1,2,6,2,1,24
QYG654IT8,マイタケ,8M6UDX260,ぽけもん好き,1083,9,5949,649500,1,4,1,4,4,5,4,4,27
7ZOKQ86NN,健康一番,T8VBF8R47,3501E,1124,1,5950,649250,1,4,1,1,4,4,5,5,25
KKGI87VZ1,カツオ,NA8FEYN0M,蓮ノ空飲酒クラブ,999,0,5951,649000,1,1,1,1,1,4,1,5,15
NXN5DLGR6,はるうさぎ,DXDET4VJ3,ひめっち対よろ！,810,2,5951,649000,1,5,1,1,4,9,1,4,26
FWFYXJN2M,縷,TKVR3KU7L,ネギトロTKG,243,0,5951,649000,6,10,9,7,10,7,5,8,62
BCNFX00D0,そよ,865UE9UC6,蓮ノ空うどん部,1057,4,5954,648750,3,7,2,4,4,4,4,5,33
D1P22DUXA,東介,414CEUPEH,アフター見よう！,1056,14,5955,648500,1,6,1,1,6,2,7,8,32
FH77ZUBH1,タルヒ,0VEMMV8E2,スリブとまったり,1083,10,5956,648250,1,4,1,4,4,4,4,4,26
7KCG7KX0C,marl,RA6HBJGUA,Bloom,477,0,5957,648000,2,1,1,1,1,3,1,1,11
WVZDSZ0AF,ともね,DFXN9DB2H,どんぐり共和国,1156,5,5958,647750,3,6,1,4,5,5,4,5,33
5E7KHJ7EN,さんくん,HB9AU9DJJ,聖心党,1313,10,5959,647500,1,6,1,4,5,6,4,5,32
EN8TNRECG,イデア,FR5PDRB5Y,株式会社つづさや,1105,3,5959,647500,2,7,1,4,4,4,4,4,30
FCSF9I6I6,ふらりん,6LJMPLM0V,蓮が大好きクラブ,1282,7,5961,647250,1,8,1,4,5,4,4,5,32
WE1PNVWH4,Uchi 203,AW470U964,ボッチ会,1101,1,5962,647000,1,2,2,1,5,3,5,1,20
EX6VM8T8Y,天使のクローバー,97BGFLKW9,◯◯◯,482,2,5963,646750,1,4,1,2,1,2,1,4,16
C0GDDBP72,ekisia,AHE0E3JND,ありがと！にひっ,502,0,5963,646750,1,6,1,7,4,4,1,1,25
FHC871YN6,はこ,1G89KTD5X,サークルひとり,1055,3,5965,646500,1,5,1,4,4,5,4,4,28
RRW5XGGC5,ブレイブ,3194B9E93,初心者寄り合い所,686,5,5966,646250,2,10,2,1,5,2,2,1,25
2G67CAABD,おまちかね静けさ,,,589,0,5967,646000,3,4,1,4,4,4,6,4,30
HP7BEW2LC,ジロ,JTX1G19BP,さやかほ癒し会,1396,5,5968,645750,1,4,1,4,1,4,4,5,24
6A00GCUKJ,マッキー,C68491XHB,みらくらぽーく！,1007,9,5968,645750,1,6,2,1,1,3,1,7,22
TI45P8F56,かほのん,J0N1E3Y09,月火水木金土日,1112,4,5970,645500,4,4,1,1,5,2,1,1,19
NCXDDF9XA,シュージン,T4WY63DB9,ういのま,946,4,5970,645500,1,5,1,4,5,2,5,2,25
WRVA5GPYJ,ニンジャ,AXG81GPMP,蓮ノ空マタギ部,1082,4,5972,645250,1,5,1,1,1,2,1,5,17
AIM20UY71,星彩,95TAREFPT,ご自由にどうぞ,1147,5,5973,645000,2,7,1,4,7,6,4,4,35
P574WP5KV,あれれんれん,CT8XW752X,蓮ノ空写真部,1280,20,5974,644500,4,5,1,1,5,5,5,7,33
K6M4V79LT,Takt,J83JWJ028,大ㄇㄚˊ露營區,540,0,5975,644250,1,1,1,1,1,2,1,1,9
XHJV08S4U,アーク,59AK7LJ7A,とりあえず,1046,0,5976,644000,2,1,1,1,5,2,4,5,21
JOBIHM8E1,ベーゼ,MG1P2NUY1,個人用,1096,14,5977,643750,1,7,1,4,4,4,4,4,29
2EW55KL53,army,AND13836G,乙宗梢親衛隊,1192,13,5977,643750,4,6,3,5,9,5,10,10,52
63RL60GBD,ごつえ,HWJ8XPW0T,箱推しなのだけど,789,2,5979,643500,1,6,1,1,4,4,1,5,23
MM4J3L0W0,めろんさわー,1UBNNHVLG,蓮箱推し（仮）,1034,8,5979,643500,2,3,2,1,1,2,2,5,18
2HDNJGQB4,caps,17AEM7PUN,SIFcord,1259,19,5981,643000,1,5,1,4,6,6,4,5,32
BINLDJS3N,Seasat,73CBYJYB0,"oNM,",1017,0,5982,642750,2,1,1,1,5,2,5,5,22
C6F5MG9L6,PNI,KC1W74B9B,蓮六園,543,0,5983,642500,2,1,1,1,4,1,4,4,18
2A02U5DGU,レスト,YADX9DY49,ﾊｽﾉｿﾗｰ,780,1,5983,642500,3,8,2,4,1,6,5,5,34
FT9V085DE,かとぺ,BT3GEWM5L,ささやか村の集い,1254,4,5985,642250,1,4,1,1,1,4,1,5,18
R74DCR9F3,アオツキ,9YM3DBTB7,泥民館,1267,19,5986,642000,1,6,1,1,4,5,7,7,32
GT260HRB1,ケイ,,,1050,7,5986,642000,1,6,1,5,4,3,5,3,28
FC0492KR0,mirala,787P66W7E,m,854,0,5988,641750,2,4,1,4,6,6,4,4,31
MNHCU6C6Y,まぇだ,K25DPPGT9,圧倒的にまったり,1224,15,5988,641750,1,4,1,1,1,4,9,1,22
PXKMFL5F5,おさむ,W3YKKRWHG,ルリと愉快な一家,1214,15,5990,641250,6,8,3,6,6,6,6,7,48
ZIC49ATW9,蓮に真剣,M8FM7P139,蓮ノ空ひとり旅部,1212,16,5991,641000,2,5,1,4,7,2,7,7,35
253F98487,agojuice,,,602,0,5991,641000,2,9,1,6,6,1,4,1,30
7G8MAXH2B,Penguin,E6WR9G75P,安養寺姫芽推し会,482,0,5993,640750,2,2,1,1,1,4,5,5,21
TX3FFECRW,kazu_sh,3LUL3WR8Y,零組,336,0,5994,640500,5,10,4,2,5,3,1,1,31
G0X2T5XNE,こいたん,UBVXEAK38,ブルウモーメント,914,3,5995,640250,1,4,1,1,6,5,2,5,25
LW239N6CJ,AKIM,3LAFHDKE5,こずさや保護者会,534,0,5995,640250,1,4,1,4,1,5,1,4,21
73J5G40VB,HaLkz＠,UBVXEAK38,ブルウモーメント,1040,8,5995,640250,1,7,1,4,4,4,4,4,29
0RGZTSV31,未確認コンビーフ,CXG25026E,泥のみんなS,1419,15,5998,640000,2,5,1,5,6,6,4,6,35
PU3AMW43V,ぬにゅぽろん。,UCWKRB3WR,菅沼千紗が大好き,1019,2,5999,639750,2,6,2,4,4,4,4,4,30
TMY867HAT,Robo,2JVBK752G,卍愛蓮説卍,1227,8,6000,639250,3,7,1,1,5,6,1,5,29
RFRIGWMQR,かはら,JWUL2T36L,チーム初心者,633,0,6000,639250,2,7,4,4,6,7,4,5,39
JJW9NIOIO,クラトキノ,JU476V6K9,ポチッ！,1302,6,6002,639000,2,1,2,1,1,5,1,7,20
MTYAUFRUV,水虹,NMRKHYYRM,ご自由にどうぞ,522,0,6003,638750,2,3,2,8,1,6,2,4,28
P2H2N6CGD,ごぼー球菌,R1RM3X0WV,後方腕組みオタク,598,0,6004,638500,5,10,3,4,6,7,3,4,42
2Y999264G,RRR2,GYJ3C6TKR,綴理先輩好き好き,543,0,6004,638500,3,4,2,2,4,5,4,4,28
2PVPIAR6I,Ｄ．松本,LTDG4PP96,ハッスルノ空学院,1153,19,6006,638250,1,4,2,1,4,2,7,7,28
B213MOIY2,にゃんちゃん,H6JWBBGCG,蓮天・乙宗一心流,1114,10,6006,638250,1,1,1,4,5,4,4,4,24
7K0VDAKHY,いとーりき,8FR866PRY,蓮っ子みらくラブ,954,4,6008,638000,1,4,2,5,4,5,4,4,29
POMUZ1KNB,加賀,XVTV7MVCX,雪月花,1092,8,6009,637750,2,6,1,4,4,5,4,5,31
YGGMGH33C,Alice,PDMPF3VVV,r/LL,1140,2,6009,637750,1,5,1,4,4,4,4,4,27
VSW63OWX2,はろすた*,WAT20PN3Y,こな党,1285,14,6011,637500,2,4,1,5,5,4,5,5,31
9DXCYY8XM,おもちゃ箱,0FGGRVVKX,めぐぱい党,913,5,6012,637250,2,1,2,1,3,3,1,1,14
P5UHQR1XO,ねぷ,9YM3DBTB7,泥民館,977,2,6013,637000,2,3,1,4,6,4,6,4,30
KYY9D1FX5,Hiro,0FMM30LCA,無言,542,0,6014,636750,4,8,3,3,2,8,1,3,32
NJL45BH0O,くらり,MUXWTW1GV,蓮の空見守り隊,1418,19,6014,636750,1,8,1,4,7,4,5,7,37
TNVEMK8JJ,たけちゃん,NJBBTCY3A,かにかに！,786,2,6016,636500,3,6,1,1,8,6,1,7,33
B9HCG3TMA,明宏,XYRA2MND0,蓮ノ空ゆっくり,663,0,6016,636500,2,8,1,1,7,2,1,1,23
TXKPVK2H4,さやか,WBXF9XXW7,さやつづ愛でる会,443,2,6018,636250,1,1,1,1,2,2,2,1,11
JPV1RJP7S,ぼへみん,J0N1E3Y09,月火水木金土日,1276,19,6019,636000,3,8,7,4,5,5,4,5,41
F1LYBCFFL,hiromu,TLXWUR6HB,モブモブ団,953,4,6019,636000,1,9,3,4,4,5,5,4,35
MX343ATFV,JEI7,LC2RN5R2U,いずみんの泉,590,0,6021,635750,5,9,4,6,9,7,10,7,57
772T154U3,もも音,KT4C59NXG,めぐ島,955,9,6022,635500,2,10,1,8,1,4,2,5,33
EB824RMJ6,まるきゅー,828YTYAA9,箱推し社畜の部屋,1256,15,6023,635250,2,8,4,6,6,7,5,6,44
42YO8ZOH5,魚板,GG56G6WKD,FF43企鵝冰屋,1225,9,6024,635000,2,5,1,4,5,2,4,1,24
P5P2N8KLZ,まあさ,6BFC4G5YG,蓮ノ空足湯同好会,1333,2,6025,634750,1,7,1,4,4,5,4,5,31
17WD1R6GW,シャル,3U173PJVT,with Us,1039,8,6026,634500,4,3,3,7,7,7,3,3,37
ZJ03PVBKH,ななすが,KT4C59NXG,めぐ島,1223,7,6026,634500,1,10,8,4,9,4,5,6,47
C3GWYGKKU,もりのらくだ,73CBYJYB0,"oNM,",1176,7,6028,634250,3,4,1,4,5,6,5,5,33
YP6HP791G,ユウキ,PYFYMJGT2,サークル(仮),1000,3,6029,634000,1,4,1,3,4,5,1,4,23
UF89MCNVB,だめたろう,R1RM3X0WV,後方腕組みオタク,1240,11,6030,633750,1,5,4,1,7,5,3,8,34
09P9ANX24,シアズ,NJBBTCY3A,かにかに！,564,2,6031,633500,1,4,1,1,1,3,1,2,14
JDPA3CHK7,ジュン,8M6UDX260,ぽけもん好き,1255,20,6032,633250,2,5,1,1,1,4,1,1,16
0T7WNKU5V,Eve,PMME7169X,蓮っ子動物園,1237,4,6033,633000,1,8,1,5,6,6,6,7,40
R0Y94LU73,千波,85D411XNB,蓮っ子の集い,819,4,6034,632750,1,4,1,4,4,9,4,1,28
XQYM2XAJZ,すん,,,510,0,6034,632750,2,3,2,1,1,1,1,1,12
KKXHL1VFV,のび@香港人,VNEY6C9BE,スリーマーメイド,904,5,6036,632500,1,1,1,5,5,6,1,1,21
P666WL615,水餅,HWMV33W7Y,フラワー泥民館,1232,0,6037,632250,2,4,1,4,1,4,4,5,25
5PV0E2VV2,アオイ,LK3P80BUN,スリーズブーケ党,702,0,6038,632000,1,1,1,1,5,3,5,5,22
YMT9EOLDG,コスモ,FC8NBAJBT,ラー麺二郎金沢店,1495,20,6038,632000,3,7,5,7,5,5,4,5,41
BD0XAW2F2,ゆうびっと,998H940YN,お嬢様筋トレ部,1325,4,6040,631750,1,6,1,4,5,2,7,7,33
2HV97MS05,テツヲ,DMGXNKE8L,異次元フェスから,862,1,6041,631500,2,5,2,1,5,4,2,4,25
NNGDLRV0S,かるば〜と,Y2P9LABR2,スクステ同好会③,1103,6,6042,631250,1,4,1,1,1,2,1,7,18
DW1Y5L3V1,やっすん,M6UPWJ6DU,蓮結ぶ虹と星の音,916,7,6042,631250,2,4,1,7,8,8,2,1,33
FE48GFF93,のーちゃん,GW4CH70HK,TKG同好会,1008,2,6042,631250,2,8,2,4,4,6,4,4,34
B44K3GPYN,白玉みりん,9U8KNU6U9,対抗戦用,243,0,6045,631000,2,1,1,1,1,2,1,1,10
PTUHK1K4G,あらさん,KBJ2P8T0Y,人見知りの集い,1284,19,6046,630750,4,4,1,4,7,3,4,7,34
6F6BAO5WY,ぱにーに,LNGXT5UP6,蓮ノ空寝そ同好会,1166,8,6047,630250,3,5,3,4,5,5,4,4,33
9RD1M0J9X,ことね,546E85JGG,月猫ぱーく！！！,978,10,6048,630000,2,5,2,6,6,6,2,4,33
8C6TB9T8K,ケシズミ,AE3L01V24,LOVE蓮ノ空,873,1,6049,629750,2,7,1,1,1,9,1,1,23
F8GNHAKXC,あてぃしがに,VD7N7A4WH,氷青色,562,2,6050,629500,2,6,1,1,1,8,1,1,21
DK7RRBKC7,モンバンゴ,1EL57CDR0,なんもわからん,509,1,6050,629500,1,6,1,7,1,2,4,1,23
0MKB4CPIR,やすぽん,BKUHCT7WF,蓮女お嬢様部,1245,6,6050,629500,1,4,2,1,4,2,1,1,16
VOS1JQ8PQ,Mikano,KGDNX3EF3,ENcircle,1256,5,6053,629250,1,5,1,4,6,6,4,4,31
EBJVNR9XA,伊地知,WN3LHKX0L,レンコンおいしい,548,2,6054,629000,4,4,1,1,4,6,5,4,29
M69WTK3CJ,Ryu-0824,UBVXEAK38,ブルウモーメント,782,0,6055,628750,2,7,3,4,6,6,4,5,37
YB53XC7A8,よち,16N3APL33,Dreamers,1144,6,6055,628750,2,1,1,1,7,6,1,4,23
3R3L9FVAD,しお,7NJM1VURM,らんるん部。,732,1,6057,628500,2,9,1,1,2,6,2,1,24
1YUEFPJR4,りゅー,CTW8DKV5P,まったり,1302,8,6058,628250,1,4,1,4,4,4,4,4,26
V683T3X0G,クラトス,LYPVAETHY,金沢の泥,1425,8,6059,628000,4,7,3,4,8,7,6,6,45
KB5PKC03D,ソウルバーナー,7U20138DB,LGP,1631,17,6060,627750,4,4,3,3,5,6,2,2,29
K8KIAE882,青,LY0XPW7NL,同棲概念強火派,1106,7,6060,627750,1,4,1,4,4,6,4,4,28
VSI0O9N2X,ウロタス,2KJ2UEC3P,ういちゅけクラブ,1273,7,6062,627500,1,5,1,4,2,4,4,5,26
HKBTJS8OV,ふぃあな,YFVX33LRP,(_ _).｡o,1269,2,6063,627250,4,4,1,4,4,4,4,4,29
1V5W0LJ7D,☆かなんまる☆,9JTF508LB,スクスタ亡霊部,590,0,6064,627000,1,1,3,1,1,2,1,1,11
6HG2GFLBK,ちぃ,G8F0M2PH2,アフターウォール,955,0,6065,626750,1,4,2,1,2,2,1,2,15
JTH7YPJWC,らら,X0TFG829Y,ボクのおうち,719,0,6066,626500,2,1,1,1,1,2,1,4,13
5YP9BAGH9,Aganubon,B4ADNM80X,山本組,280,0,6067,626250,5,5,1,1,5,4,4,3,28
L7WLFN576,けんさん,06DCWC1RE,とりあえず参戦用,778,2,6068,626000,1,5,1,1,5,5,1,4,23
I6CQ8171F,パピコアイス,RM7N1JDB5,無言推奨不干渉会,1068,2,6068,626000,2,6,1,4,5,5,4,5,32
WKP26P630,こよ,N6TVG18P8,すきすきクラブ,519,3,6070,625750,3,10,3,4,3,6,4,4,37
AM0UPGMWC,メガネ,E050K9859,蓮党,1175,17,6071,625500,1,4,1,5,8,4,4,4,31
VNR2625D5,TK,AHE0E3JND,ありがと！にひっ,1107,2,6071,625500,2,3,1,5,7,4,4,1,27
NG3TAKLD3,Thistle,A86FEX2JC,おやさいさん,451,0,6073,625250,1,6,1,1,1,6,1,1,18
9SJHR7GOC,はるちか,YL9PDN1EC,ふくふくわんこ,773,4,6074,624500,1,8,1,1,3,5,1,1,21
PPXJNLDVX,とり,M6UPWJ6DU,蓮結ぶ虹と星の音,1161,19,6075,624250,2,6,1,2,5,3,7,7,33
4MZNNKWDP,Ginga,58FD7UF8J,としとしサークル,990,6,6076,624000,2,4,1,4,4,5,4,4,28
5LW7VTGNJ,りゅうき,J5CKL5YPX,ログイン勢かもん,605,0,6077,623750,2,5,1,4,1,8,1,1,23
NSL04B19D,四月の花帆,2JVBK752G,卍愛蓮説卍,1206,5,6078,623500,2,4,1,4,5,6,5,5,32
M90IMSJBO,あこちゃま,WUK7VF22K,はすのとなり,1062,10,6079,623250,3,9,2,6,6,7,6,7,46
R0JJ23TY7,Starwing,YKN19E3H3,大勢はこずかほ,1417,5,6080,623000,5,5,5,5,7,5,5,5,42
GO9Z67VC5,森谷マイ,XLBU65J86,花の壁飾りクラブ,1221,20,6080,623000,2,7,3,1,4,2,9,9,37
0CLTD2DKT,く,GG56G6WKD,FF43企鵝冰屋,1004,6,6082,622750,2,6,1,1,6,2,6,5,29
T3MFRJL3E,アロエ,EMAN1DMK8,いつものメンバー,841,2,6083,622500,2,7,1,1,1,3,1,7,23
3FUK011WX,ちかち,W2CFBGNME,mud部,1149,6,6083,622500,2,4,2,2,7,2,7,7,33
LRGPYYNAV,take,JRAC1HYUD,SPHS-MMT,1117,12,6085,622250,1,5,2,4,5,2,4,5,28
54GN2KACX,show,7RCR509XR,とっり,885,4,6085,622250,6,7,2,4,4,4,4,5,36
K2JMAM878,ALSE,NC2YT2V28,蓮之愛同予者何人,1554,16,6087,622000,1,1,1,2,9,2,9,9,34
UUFFY3934,inoue,WCL6R1ANU,無所属の会,443,1,6088,621750,5,6,2,1,6,5,2,1,28
0EUW3SNWZ,葛,JA2C658FW,さや綴理の村人,1201,2,6089,621500,2,5,2,5,6,5,5,6,36
3FH0AF5BB,綾園,J0N1E3Y09,月火水木金土日,1117,1,6090,621250,2,1,1,1,1,3,6,1,16
MQW9ZCUJI,yui,W09WBG3HY,どろんちゅ,1276,2,6091,621000,1,7,1,1,4,4,4,4,26
PTKKMUJ59,539,3FF3NB77X,せーはす愛好会,978,4,6092,620750,1,4,1,4,4,2,4,1,21
KWRH7RT93,やなぎん,MG2RMMN2B,欲にまみれた梢,931,6,6092,620750,2,7,1,1,1,6,1,1,20
VM8V5D290,ゆーきん,TJ1NHTU3V,自分用,1297,2,6094,620500,1,4,1,4,2,4,4,5,25
JNENV6J9Y,momo,1UD805GNK,うさぎだぴょん,551,2,6094,620500,1,6,2,1,4,4,1,1,20
FJTW9C809,うしをな,866DU609J,ラ！スレ@may,1162,4,6096,620250,1,1,1,2,6,2,7,5,25
JK3RY8JT2,こうどら,6R5WAYC4D,どら,300,0,6097,620000,1,5,1,5,1,3,1,1,18
13CNSYRBU,ヴェル,TM19BMU7C,ソロプレイヤーズ,1151,6,6098,619750,3,7,1,4,5,4,4,5,33
XYCFFZXK5,でぃー,KC1W74B9B,蓮六園,1248,10,6098,619750,1,9,1,4,7,4,5,7,38
4YL38760D,かるら,GK7JNB0NW,参加賞取り隊,758,4,6100,619500,1,1,1,1,1,4,1,2,12
YQAJ1NMDW,めろん,D7UA5ER1E,UR報酬欲しい！,1184,1,6101,619250,1,5,1,4,4,4,5,5,29
VJJV1DXDE,レイ,AG9PKMMC3,ぱかぱか同好会,1244,16,6102,619000,1,9,1,4,5,7,4,2,33
PTCGMG2VB,かるた,YADX9DY49,ﾊｽﾉｿﾗｰ,1049,1,6102,619000,5,5,5,5,8,6,4,6,44
YV3NMUUX0,fumi@みかん,JHTULVV5P,故に瑠璃乃推し,323,0,6104,618750,7,4,5,4,4,4,1,8,37
FJHR7L869,くんくん,15UKCFG7X,ろーたすぺたる！,1094,8,6104,618750,1,5,1,1,5,10,5,1,29
0LI2XEYQW,安由真世,YDYH4VRRP,レンクウ,1019,2,6106,618500,3,1,4,1,5,5,4,5,28
0GXQM5EPZ,南紀,XEENRBXCG,蓮ノ空休日クラブ,990,0,6107,618250,1,4,1,4,4,2,4,1,21
BUMCNTI5G,はらぺこさん,V7768X8AC,せーので！,1393,17,6108,618000,1,5,1,5,7,7,5,5,36
ZAS5BX8K6,ヨキソバ,8MDA3A0AK,イベント用,818,2,6109,617750,1,6,1,4,1,4,1,7,25
Y0RXEU4DQ,ぴろ助,B2KV0EVPD,蓮ちゅきクラブ,1262,1,6110,617500,2,7,1,4,5,4,4,5,32
WRFDR56CN,B'z,A73H7ENN2,エロマンガ同好会,1124,13,6111,617250,4,4,4,4,4,4,4,4,32
BEL1M3MFV,ちょこふれ,8R49BTWW6,蓮女お嬢様クラブ,611,3,6111,617250,2,10,1,1,1,2,1,1,19
RZGW4D8WG,事務員の小鳥さん,RTRE9NG1E,蓮ノ空ＳＣ予定地,1190,13,6111,617250,2,7,3,6,4,6,4,4,36
R2CR1VWVD,Mizurina,H0652CHBR,Kimimin,1044,0,6114,617000,1,5,1,4,5,4,4,5,29
QLW95SOCA,サカス,YTP7JNJKW,ぼっちざらいぶ！,706,0,6115,616750,1,4,1,2,3,2,1,1,15
P9MUAHW43,室長室長,AG9PKMMC3,ぱかぱか同好会,1111,6,6116,616500,2,6,1,1,6,6,1,4,27
7KU2LB991,ぽよみ,NJBBTCY3A,かにかに！,1249,9,6117,616250,1,4,1,4,1,2,2,1,16
1U0DNTRKH,みささぎ,WWWUTP96L,異次元からキマシ,1109,13,6118,616000,1,7,1,4,4,4,4,4,29
KFU6PD2NF,ふぁんこ,CRYB2FJ64,つくよみくらぶ,954,6,6119,615750,4,4,1,1,1,2,1,1,15
3W3M4PCP9,マシュマロン,WPG6BCG83,基本無言,781,1,6120,615500,3,4,3,1,5,5,2,1,24
88HWGPV60,らむね。,ABU58EVJ2,Quatuor,896,4,6121,615250,2,4,2,1,1,2,7,1,20
672I7KRRP,Pタロー@米,58FD7UF8J,としとしサークル,1379,9,6122,614750,1,5,1,4,4,4,5,5,29
YUBTJAK8N,わくちゃん,KGY709ULG,蓮の花束,394,0,6122,614750,2,8,4,6,4,7,6,7,44
VGBLTRFEP,冷凍みかん,WHWT61ELR,【無言】ハスノソ,1272,4,6124,614500,1,10,1,4,1,2,1,5,25
AJUYN21J6,キーマ,EFYYG9TAY,ご隠居さーくる,1231,2,6125,614250,1,7,1,1,6,5,4,5,30
2DKK0TUVN,夜式,EPWMMAXNY,蓮ちゃん初心者,1163,8,6126,614000,1,6,3,5,7,6,4,4,36
TJEW3RWUW,蓮浦,XR2599P98,小林,585,2,6126,614000,1,6,1,1,1,2,1,1,14
R0C7FDE1G,まつ～ん,YCJK528P9,ぼっち,784,2,6128,613750,2,4,1,1,2,6,1,1,18
9UAX6L9C8,あや,VD7N7A4WH,氷青色,1063,11,6128,613750,1,5,1,4,5,4,6,5,31
H9VPKHE7L,ゆうゆ,4G729J6TX,トキメキ同好会♡,1185,13,6130,613500,1,5,1,4,5,5,4,4,29
3VUR455U5,きんつば,TB7GJ57D7,シャイニーフラワ,1065,6,6131,613250,1,1,1,1,5,2,5,5,21
E5EDAWQS6,よーなな,6045Y2RW7,ポチっと！蓮ノ空,1358,13,6131,613250,1,6,1,4,8,5,4,5,34
UJCJL1HXU,国木田山脈,KJU0BU77M,無言交流なし,382,0,6133,613000,5,1,1,6,5,7,2,1,28
MB0WC3A18,yu,BEUGE1GV8,仮,675,2,6134,612750,1,9,2,2,5,5,2,4,30
9FMHBFB5B,さぶろう,07WJ3V6EC,ハスノコ,1113,0,6135,612500,2,4,1,4,5,4,5,5,30
05W9M0F1T,怜,28XJ8NK4L,蓮ノ空まったり部,1093,2,6136,612250,3,4,1,1,4,5,1,5,24
0AF6NRVW0,ソラミ,2JVBK752G,卍愛蓮説卍,1149,10,6136,612250,2,4,1,4,2,4,4,5,26
DGEV4CT9K,きのさき,97BGFLKW9,◯◯◯,179,0,6138,612000,1,1,1,1,1,4,1,4,14
ZI41XDD4H,K,UYFUH7H95,ハスフラスコ,1227,0,6139,611750,2,6,1,4,6,4,4,5,32
H2RJBHU7B,ミズナラ,0DVRLAA76,かがやききらめき,1487,15,6140,611500,1,8,1,4,7,6,5,7,39
GB8NWP676,CRハーモニー,TBL5BPL2T,蓮ノ空と明日の空,1103,10,6141,611250,1,9,1,4,4,6,4,4,33
NK59MUUWX,ると,NP8F9KU0J,とうばんじゃん,954,11,6142,611000,4,7,1,1,4,5,7,4,33
KPUUWRRJD,すけさん,N6LR8C7AE,泥の民,854,6,6143,610750,2,5,1,1,4,2,1,1,17
LNG7XLHHE,香凪(かなぎ),TN2M8YT07,まかないしお,1259,16,6143,610750,1,8,1,1,6,3,9,9,38
QIH5REL1B,Nakami,YNR28303K,りんくらぶ,1389,7,6145,610500,2,2,2,2,1,3,1,8,21
6DHWTY93W,さかっぺ,P4NGERDXF,こじらせ部,1283,0,6146,610250,1,1,1,1,1,2,1,1,9
UG8N8UE0E,ふどん,VNEY6C9BE,スリーマーメイド,914,3,6146,610250,1,8,1,7,1,6,1,4,29
2Z7X24VY9,陽菜を護る騎士,WAT20PN3Y,こな党,1694,17,6148,610000,1,6,1,7,7,6,5,7,40
YXJIU926B,マコリカ,WLLWJ8ADP,乙宗筋肉サークル,1191,0,6149,609750,1,5,2,5,4,6,5,4,32
S60C8RNFN,きゃろ,K4TAHF9YA,はすっこ準備室,1068,14,6149,609750,2,6,2,8,7,8,2,5,40
936LNGCY6,山法師,FMKP92LRL,目が霞む人達,738,0,6151,609500,1,5,1,1,1,6,1,1,17
KWL5BU5XE,おせんべぇ,BG041A4MD,TK会,866,0,6152,609250,1,5,1,4,4,4,4,4,27
5TWMV7M1F,のあ,GYG7B5R36,幼馴染同好会,972,0,6153,609000,2,4,4,7,6,5,4,8,40
5BM28V03U,ユウキ,0R8BXPRC1,ポチっ！とクラブ,515,2,6153,609000,8,9,1,1,5,7,1,1,33
7BX6U2QTN,サムカワ,VR8J8A3CG,なし,1355,20,6155,608750,2,7,2,6,1,7,4,4,33
V387B9IL5,らっきー,4XVD1CXVM,KIT,1188,8,6156,608500,1,8,2,4,1,2,1,1,20
V7XO4Y31T,士門,9JTF508LB,スクスタ亡霊部,1167,0,6156,608500,1,6,1,6,6,5,5,6,36
WPDBGO32L,トシオ,1EL57CDR0,なんもわからん,823,0,6158,608250,2,2,1,1,1,4,1,1,13
2ROEULTRQ,へっぽこぴ〜,W2HEPMM2A,無言。ぼっち。,1157,7,6159,608000,1,8,3,4,4,4,4,4,32
9AHEIBHLT,ろじや,AR9HR528A,いろいろ実況,1341,3,6160,607500,1,5,2,4,4,4,4,5,29
9SWQR4QN1,なつかわ,PDMPF3VVV,r/LL,1537,6,6161,607250,2,1,1,1,2,2,7,7,23
NDB1CPBJ5,shinya,7MXXR7UBG,放課後リンクラ部,1141,0,6162,607000,2,4,1,4,5,5,6,4,31
L0GEDLU8K,A奏Xf-ex,0CBM28JP6,ほうき星,458,1,6163,606750,2,1,1,1,1,2,1,1,10
PVJN7NN3E,106[敦],58EPXVKXX,金沢総合車両所,1126,9,6164,606500,1,7,1,4,5,4,4,4,30
MVTHT5FHL,ミカラ,Y7KJ3PM8P,蓮すきすき同好会,1474,17,6165,606250,3,7,1,5,7,6,5,7,41
K2JR8VT16,rein,NX9KJK529,虹ヶ咲学園,319,2,6166,606000,4,3,3,2,4,4,2,1,23
DMW8AFW1W,かささぎ,2U4GLJXLJ,泥の中の養分,1089,20,6167,605750,2,4,1,6,4,6,4,5,32
DVUF4ELWE,一純,W189BP629,みんなのみかん畑,1222,10,6167,605750,1,5,1,1,5,5,1,5,24
MEN43JBG3,ぷらね,1618JMRED,リンクラ自習室,935,3,6169,605500,1,6,3,2,3,4,1,1,21
3R6DFABUW,ろた,KC1W74B9B,蓮六園,478,1,6170,605250,3,5,2,1,4,6,1,1,23
F2WYIUOL5,おソラの星,JE7V5MM31,蓮ノ沼に沈んだ泥,1381,10,6171,605000,1,8,1,1,2,4,1,4,22
M2JX913XC,さしみかん,3LPBPHL3V,壁の民の伝説,1237,4,6171,605000,4,4,4,4,4,5,5,5,35
Y6AD1P6G0,ウルトラホイサー,2CRT48K9F,百万アンペア,1040,6,6171,605000,1,2,1,4,6,5,4,4,27
Y7TCH1YC2,k.n.,,,975,7,6174,604750,1,1,1,5,5,5,8,1,27
EMRX0UNKU,ＮＯＥ,X33HHA9F8,アルストロメリア,962,0,6175,604500,1,1,1,1,1,2,1,1,9
5XNA071FY,りふぃる,KT4C59NXG,めぐ島,1103,7,6176,604250,1,4,1,1,1,2,1,1,12
0TR2H00J9,あるす,1D7T2UXC2,無言でのんびり,966,3,6177,604000,2,4,2,5,7,5,4,6,35
KW6FLBHBJ,もり,,,377,0,6178,603750,4,7,4,10,9,6,5,7,52
2FWIED89S,ラフライフ！,FTF09PHBU,だっぷとサークル,1197,0,6179,603500,1,8,1,4,5,5,5,5,34
6D5QOH0YD,はるなと,06A0GBYLL,ロータスNHK,1285,1,6180,603250,1,4,2,4,6,4,5,5,31
AJWLGEP4R,KB,2VJG66JTH,まったり,1331,20,6180,603250,1,9,1,5,7,6,7,7,43
4TMJCXDCS,Sum,KXB93FVTR,ブルームガーデン,1036,3,6180,603250,1,5,1,1,5,4,7,1,25
MFBFYLMA9,ディザスター北島,YXKR0GGM4,蓮ノ空好き好き,1074,9,6183,603000,1,2,1,1,8,3,9,7,32
3FE67G88N,えーすい,Y2R7E79U3,カワウソ同好会,1565,19,6184,602500,1,3,1,1,8,6,7,5,32
BC1RMJ1P6,たけお,R3UE4PGCE,うさぎ小屋,435,0,6184,602500,1,8,2,1,1,3,1,1,18
TVBX82417,ラテ,TXNCTRR1U,瑠璃乃推し隊,1221,4,6186,602000,2,8,5,1,1,2,1,5,25
V2N04HFKT,一心,V6DV6KETG,梢好き好きクラブ,1340,11,6187,601750,5,8,9,5,9,6,10,9,61
G5E46CWKX,ももシャミ,N9B8HXXR0,25時、残陽で。,956,0,6187,601750,2,7,1,4,4,4,4,4,30
PL6BHY99K,ヒロヤ,FG4170141,♪さやか愛好会♪,1242,5,6189,601500,1,7,1,4,4,6,4,4,31
9BVGW3WYE,つかちゃん,R36E2402X,蓮ノ軌跡見守り隊,1209,13,6189,601500,1,4,1,4,8,2,5,1,26
G9MU1W9DD,たとさん,KYHBW5H37,蓮ノ空提督同好会,651,0,6191,601250,3,5,1,4,5,5,4,4,31
09NL67R52,らみくる,JRAC1HYUD,SPHS-MMT,661,0,6192,601000,4,10,4,5,5,5,2,2,37
WHRJFD30K,たたみ,L28X4MDJN,アフター観たいぞ,1422,21,6193,600750,6,10,6,6,6,8,9,6,57
D60KFRDD8,ベータ,6J2BDEHEG,蓮サークル,1149,16,6194,600250,4,8,2,5,5,3,1,1,29
JLG13G40P,ごちやま,D571XHDER,蓮ノ空地域鉄道部,811,0,6195,600000,4,7,1,5,7,6,4,4,38
4Y73FL4VN,なべわた,G0J2F9NAL,さやさやさーくる,1144,13,6196,599750,4,1,1,1,1,3,1,1,13
8883F0FUY,あにぽん,4NFMU2WME,好きだかんな？,1140,16,6196,599750,4,6,6,6,6,2,6,5,41
VV7JUDN90,Barnett,K5TN1RT6D,キンカンナマナマ,1144,8,6198,599500,1,6,3,4,5,5,4,4,32
RUQ7CS2R1,知的な学院生*゜,35JCHXLTV,yumo,1287,5,6199,599250,1,4,1,2,1,4,4,4,21
9X6NGG2EU,√セイリュウ,HE0GK3EPE,瑞蓮プロカ倶楽部,1082,10,6199,599250,2,5,3,2,6,3,2,8,31
2UWYWJ9MP,シゲ,1D7T2UXC2,無言でのんびり,743,0,6201,599000,1,1,1,3,4,2,5,4,21
OA1BJAVYF,リピアー,7DRAN8UAK,光の星,1148,3,6202,598750,2,4,1,4,4,5,4,4,28
7C9PIZHPF,あまかん,EJY6B26D1,After見たい,627,1,6203,598500,2,5,2,4,7,8,4,5,37
BWNMNHMNJ,せれあ,DYA2LK0KK,ろーたすぺたる,957,6,6203,598500,1,4,1,1,1,2,1,1,12
IHL8AP0YV,ノエ,6HV2RH6TU,イベント用、無言,1616,18,6205,598250,1,4,4,5,7,6,7,8,42
KB7GJ6R72,しろ,WFPA7YJE1,蓮ノ空文芸部,1199,3,6206,598000,3,4,1,4,4,5,4,7,32
7RI6QLW8P,リンク,9JTF508LB,スクスタ亡霊部,929,1,6206,598000,3,5,2,1,1,6,4,1,23
KSTU9KK1V,ぽた,0VEMMV8E2,スリブとまったり,527,0,6208,597750,1,5,3,5,5,6,5,7,37
68XB2P192,置手紙京子,BWD9U1EJ2,蓮之空中国同好会,1087,8,6209,597500,1,5,1,4,4,6,4,4,29
KN621BUG9,もそ,6HV2RH6TU,イベント用、無言,921,5,6209,597500,3,6,3,5,4,5,5,6,37
NTLUM5U6H,阿木李,E0JM59N1E,花咲梢,447,0,6211,597250,3,5,1,1,6,2,2,1,21
1LM09G6K8,むらぴ,M8UCM16G2,こずえんふぇると,553,2,6212,596750,1,5,2,6,4,4,1,4,27
N4X84NVUA,うに,BBNEWB1UA,蓮ノ空紅茶部,742,0,6212,596750,2,5,1,4,1,3,4,1,21
IYEYQDCS2,ｒｉｒｉ,9E910GGD2,蓮ノ空給湯室,817,2,6214,596500,2,10,1,1,1,2,1,7,25
80D5DWECJ,いっきち,UMG1B9C7V,蓮ノ空女学院,1452,20,6215,596250,1,6,2,6,7,6,6,6,40
9C5UY06A7,いこーる,E92FCL81U,自分用,635,0,6215,596250,1,7,1,4,4,4,4,5,30
WL1IB1KUP,ポール,X4G2LXJB4,運命の人5万人,1118,15,6217,595750,3,3,3,3,6,3,7,7,35
U5FU7089T,ありぐら,W71PEB8XY,戦慄のたまに衆,891,2,6218,595500,1,1,1,1,2,2,1,1,10
LD235WHP6,あだまん,A2CX6TGN5,大衆酒場 蓮ノ宴,431,0,6219,595250,3,4,2,5,5,5,4,5,33
6UF1PUWN0,脱力,AR9HR528A,いろいろ実況,855,0,6220,595000,3,6,1,4,6,3,4,5,32
KACEH4J7E,リモ,60KU468X3,はっすーず,852,1,6221,594750,2,5,1,1,6,2,1,1,19
B4V1RD5J8,JIN,VP0K6KF0K,蓮ノ空大好き!!,870,0,6222,594500,2,6,3,9,9,4,1,2,36
CR1EPTWTN,こうちゃん,G0WRCNRWK,県立沢庵図書館,536,2,6223,594250,3,4,3,2,2,4,1,2,21
T43ALHACA,たか大,ULUELCJ7T,なるようになる？,657,0,6223,594250,2,5,1,4,4,4,4,4,28
CYG3JGBRL,玉城デニオ,5C71R2VCV,蓮輪会(仮),1348,12,6225,594000,3,6,3,6,5,6,5,5,39
N9L807LRC,にちぼつ,YTK29NJ0X,よく分からん会,672,3,6226,593750,1,7,2,4,5,2,1,7,29
493NKXKPE,炎邪,578YG6EAT,桜桃花束愛聴会,1021,3,6227,593500,5,1,1,6,4,6,7,5,35
40K5I03U6,KD,UHF5Y8PEF,さやちゃん倶楽部,1374,20,6227,593500,2,7,1,1,1,3,7,7,29
W1RG2NX4V,まつり,EE4BKR0AR,まったりプレイ,1009,6,6229,593250,2,1,1,4,1,4,4,4,21
E4UEKRT7D,syu,W09WBG3HY,どろんちゅ,1198,6,6230,593000,1,5,1,4,6,4,4,4,29
O227VG8FE,こーちゃ,H837E0M9R,沙知先輩大好き部,1183,2,6231,592750,3,4,1,4,1,4,4,4,25
8AABROX54,ザン,0GALMLWK6,ボクなんなの。,1256,2,6232,592500,1,5,1,5,6,4,5,7,34
9H33LCXBL,FUJI,5DUAAAPP7,蓮ノ空好き！,957,8,6233,592250,1,4,1,1,3,9,4,1,24
KDK5LML51,*-Doni-*,YFADYJVW4,FPS好きクラブ,1255,19,6234,592000,1,2,2,1,1,2,2,1,12
C1V00D8NM,KRL,,,207,0,6235,591750,4,4,1,5,5,1,1,1,22
373MJNHKX,つづり,WBXF9XXW7,さやつづ愛でる会,328,0,6236,591500,1,1,1,1,1,2,2,1,10
77S4HCW1S,おっとっと,ULUELCJ7T,なるようになる？,1258,3,6237,591250,1,9,3,4,7,6,2,5,37
DFK9UDXMX,カッペ,BAB7W6VKX,まったり,1176,7,6238,591000,2,5,1,4,5,4,4,4,29
1H9JO3P85,緩田(ゆるた),XR2P2LDY3,蓮ノ空さいきょー,1369,2,6238,591000,2,6,1,4,6,4,4,5,32
ADG4DYDGK,穂のりん,6D49YVAT7,ユニット愛で隊,1253,13,6240,590750,1,4,1,7,4,4,4,4,29
5WYDVVVA1,くつげん,5WUDLMWEP,蓮ノ空は明日ノ空,1112,3,6241,590250,1,4,1,4,1,5,4,5,25
2V8G7JLM3,pinsir,X33HHA9F8,アルストロメリア,1109,8,6241,590250,7,10,6,5,7,5,6,6,52
0ETBXRL4J,ふうりん,ELTW62751,安全バーは君の腕,586,1,6243,590000,4,1,1,2,1,3,1,1,14
MZFAJSTZJ,Raito,FVJABCVP3,瑞蓮ラボ,1102,3,6244,589750,1,4,1,4,6,4,6,5,31
LEJGTGCGI,Ferran,HWWRP6K2J,家に猫がいます,810,6,6245,589500,2,1,1,3,2,5,1,1,16
YI2WNR7N7,ぬいこ,F2CFWVMY9,藤島め組,1592,14,6246,589250,1,5,1,1,1,4,7,4,24
DBEJJU1V2,倉橋,Y6MRDTH4H,283プロ,357,0,6246,589250,3,10,3,1,5,2,1,3,28
KKPEVYOXQ,Chiyuu,V6DV6KETG,梢好き好きクラブ,1435,15,6248,589000,1,5,1,1,1,2,7,7,25
AXPN0CGYD,まっぷり,T045NDKW0,♬さやか愛好会♬,799,1,6249,588750,1,1,1,1,1,4,1,4,14
XDU47T6J1,カステラ,88DJ300PJ,めぐ党 • 永遠,1112,8,6250,588500,2,5,1,5,5,6,4,4,32
S2HJH365X,わわわ,L10A3854K,ラベンジャー部,1436,5,6251,588250,1,7,1,6,5,4,6,5,35
B44J488GF,N@2(ナツ),H3T7BH4N7,リンクラまったり,1319,19,6252,588000,2,1,1,1,1,2,1,1,10
UYPFL66G7,まんじゅう,BW38LDPRF,蓮浦の星空,476,2,6253,587750,2,2,1,1,4,3,1,4,18
DXTSZ8YSL,ひ～,DY6Y6DLK0,徳島,1205,7,6253,587750,1,4,1,4,4,2,4,1,21
IC8DC2T2I,フォーリン,BYA3FA0X8,無言ぼっち同好会,1416,9,6255,587500,3,6,1,4,5,6,4,5,34
3H9BLUC08,エテ,HA6MUTC30,自由なのだけれど,862,2,6256,587250,2,1,1,1,5,2,4,5,21
XZL6BN34G,ポン,,,1453,20,6257,587000,3,7,2,6,7,6,7,5,43
RDY0PFJ7R,south,0V99GN8YT,（仮）,1145,4,6258,586750,1,9,1,4,4,4,4,4,31
4N3K7MPTN,あばば,0FMM30LCA,無言,426,2,6259,586500,1,1,1,1,1,2,2,1,10
K1XEZQRVC,Kay,,,1263,17,6260,586250,1,1,2,1,3,1,1,1,11
2972VPXYX,asdtam,95TAREFPT,ご自由にどうぞ,421,0,6260,586250,1,1,2,1,4,4,1,1,15
NNPJDCRUE,くり,VLY5JDKCV,新規なのだけれど,968,9,6262,586000,2,1,1,1,3,4,1,1,14
XA4Y606D5,ac,UX96YX4T1,『位置について』,1055,2,6263,585750,1,1,1,1,1,2,1,1,9
4KCU1WKR0,秋人,VAR94KPUT,日進月歩,1234,9,6263,585750,1,5,2,4,4,5,4,4,29
CLA12UM79,ハルト,,,236,0,6265,585500,1,3,1,4,1,4,4,4,22
M5846T3VD,きゃま,9GDHWXGVG,ルリと花咲く毎日,1151,14,6266,585250,2,4,1,4,5,2,6,7,31
Y5QJU4C6K,Tymizz,EWM0GK62C,誰でもどうぞ,1182,8,6266,585250,1,4,1,1,7,2,7,5,28
DLSZMF1HF,小牧,HE0GK3EPE,瑞蓮プロカ倶楽部,1566,15,6268,585000,2,5,1,5,5,6,5,5,34
58XPXM6AH,ゆら,89K2PRDC6,つづるりのなかま,994,9,6269,584750,1,4,1,1,4,4,4,4,23
BUP53W7XC,ペングイン,,,353,0,6270,584500,1,7,1,2,1,5,4,4,25
XRM9AYLG0,コツメカワウソ,05KN1RR3U,さやかほ花卉園,320,0,6270,584500,2,4,1,4,4,4,4,1,24
HWYKY1XYY,「塩山犬太郎」,TBX7N9RK5,つよつよなLH,953,1,6272,584000,1,1,1,1,1,2,7,7,21
1TRR2JY83,Yokiri,2LLNGYPU6,禁断のセカイ♡,791,3,6272,584000,2,4,1,1,1,3,2,1,15
21HC35TJW,闇咲瑠璃夏,WJY2HK6A5,蓮の空イベント部,623,2,6274,583750,1,2,1,2,1,4,1,1,13
K0VEKPK8N,Renren,6045Y2RW7,ポチっと！蓮ノ空,1340,16,6274,583750,3,7,1,8,7,8,1,1,36
A2ODEIZZW,ファミレスの玩具,Y6JNPC60C,綴理メイト,1547,9,6276,583500,1,7,2,5,6,6,5,7,39
JBJL24CGC,りく,GR65FP8VN,蓮好き,1311,4,6277,583250,5,4,4,4,5,4,5,5,36
NWKMW5Y10,多乃,714X39PEL,金蔓,1073,2,6278,583000,1,1,1,5,1,1,1,1,12
RSBJQ33P2,野生のマンチカン,XVTV7MVCX,雪月花,1067,2,6279,582750,1,4,4,4,6,4,5,5,33
F72QI94O6,かいか,573J1JVVK,かほかほ,1162,0,6280,582500,4,6,4,6,6,5,6,6,43
1DL0FJNMF,ななな,2B97MH4YA,同じ話し何回も…,613,3,6281,582250,2,4,1,1,1,2,1,1,13
XHB0IE4FF,赤木保,N2KCENRKH,猫＆旅大好き部,1030,4,6281,582250,1,3,1,7,1,4,1,4,22
SZO0M1E2M,ぽよ,AH27N260E,百生信託銀行,1042,11,6283,582000,2,3,2,3,10,7,7,2,36
VKQ9B91BJ,和水月,C2M5GJD7D,せーので！埼ノ玉,1253,6,6283,582000,1,6,1,4,6,4,4,5,31
WBPTHYAF1,るりまる,976BY5JWK,ハルカカナタ,1233,9,6285,581750,1,1,1,4,1,6,4,5,23
HUMJHKRCT,ことぽむ,,,309,0,6286,581500,3,9,2,1,2,1,1,7,26
VL5LNGJLU,コクトウ,BW38LDPRF,蓮浦の星空,1005,4,6287,581250,5,9,6,7,8,6,5,7,53
A3J8RATA9,いずみ,YVV9CMBLW,東京公演で沼落ち,549,0,6288,581000,2,1,1,1,1,5,1,4,16
4FT24MUGR,さらまんだあ,XN2VEA6DN,無言,1194,7,6289,580750,1,7,1,4,5,4,4,5,31
LJKKX85U2,さやエンドウ,HGVHHB78D,蓮ノ空写真部,1133,6,6290,580500,1,4,1,1,4,4,5,5,25
J6HYK985X,antmy,NVTUPU3N6,蓮ノ沼海浜公園,563,0,6290,580500,2,4,2,3,2,4,4,4,25
NF4U5CF7K,氷の翼,5WUDLMWEP,蓮ノ空は明日ノ空,820,2,6292,580250,1,4,1,4,4,4,1,4,23
331HYOB4T,明星,WBXF9XXW7,さやつづ愛でる会,349,0,6293,580000,1,9,1,2,1,2,1,1,18
4G26U83JB,トシ,PXDL7Y3VM,ビギナーズ改,1002,0,6294,579750,2,4,1,4,4,4,4,1,24
H420G785D,みなみ,RXXUPMWB9,待機室跡地観測所,271,0,6295,579500,6,6,5,10,2,8,1,2,40
AWH05T6NH,ダン,3LUL3WR8Y,零組,992,6,6296,579250,2,4,3,4,1,4,4,4,26
98H7WGF1E,銀太郎,ABALH0AL3,楽園計画,1004,3,6297,579000,1,1,1,1,1,5,1,1,12
D3FHX7FF6,Wright,6UAFKBRPN,リンクラ初心者部,859,5,6298,578750,2,8,3,2,9,6,2,6,38
NMFKDP99R,ちゃりつん,JA2C658FW,さや綴理の村人,677,2,6298,578750,2,8,5,5,5,7,4,4,40
NC6U1APC8,みずき,RN5BT2ECF,泥,934,0,6298,578750,4,8,4,4,7,5,4,5,41
EUC6EYVNP,ピピピーター,BELCUYCMH,蓮hkg香港分部,1155,4,6301,578500,5,8,7,4,5,6,5,4,44
FJQYOIOZT,ぐりべあ,M3KJ1HMAU,◯in段ボール,1032,9,6302,578250,1,5,3,4,5,1,4,1,24
FTNIAHAAV,ちぇん,2KJ2UEC3P,ういちゅけクラブ,1462,16,6303,578000,3,6,2,4,1,6,5,5,32
VUNCUZNVE,よしお,9DKR4Y2CJ,蓮ノ空老人会,1613,14,6304,577750,1,9,1,4,5,6,4,4,34
3VYFWBLKM,ゆっぺ,GN9EEL045,きらくに,811,2,6305,577500,2,5,1,5,1,6,1,1,22
WL4EHDYGC,ファース,TM19BMU7C,ソロプレイヤーズ,1145,8,6306,577250,1,5,1,4,5,4,6,6,32
RALSRZSB5,☆☆RIKU☆☆,V26546K3D,乙宗気合筋肉,1242,8,6306,577250,6,7,6,5,7,6,9,9,55
JU8YV26PU,てぃーけー,EJY6B26D1,After見たい,346,0,6308,577000,2,9,1,2,2,2,2,1,21
42LWP0EDD,クシー,9U8KNU6U9,対抗戦用,1221,2,6308,577000,1,7,2,4,5,6,4,5,34
3YP17J9AW,アッシュ,PUJ0ERCMW,蓮ノ空倶楽部,726,6,6310,576750,1,7,1,4,4,6,1,1,25
LVHVMT7JX,あすこ,JX0BXWNWH,新米蓮好き好きC,525,0,6311,576500,2,5,2,4,5,6,4,4,32
J29JRJDK6,きょうそ,3LM0DRLRJ,〼研スクステ部,773,4,6312,576250,1,1,1,1,1,2,1,1,9
1W6NYSXDG,勅使河原　奈津那,KWX0HVHCT,梢と綴る刻,995,1,6313,576000,1,1,1,4,1,4,1,4,17
NQHZ7OXAT,たまめ,57HNJ07NK,みらぱ推活最前列,966,9,6314,575750,1,2,1,1,1,2,2,1,11
DTUNAW320,もすぴ,UN4AHCLTX,蓮ノ初心者,1047,1,6315,575500,2,4,1,4,5,5,4,5,30
FG2XMTH1N,Rosso,TRFPX8EX0,鬼塚商店,1045,2,6316,575250,1,4,1,2,4,5,7,5,29
YM2WC2LMP,Toad,646YTH7KK,KA,1025,10,6317,575000,1,4,1,2,7,3,1,1,20
S08MJ23BF,ねお,8MDA3A0AK,イベント用,542,2,6318,574750,1,3,2,4,4,2,4,6,26
W6CE9QPL5,きさらぎ,6JCMUJX7E,同輩,1286,13,6318,574750,1,6,1,4,4,4,1,4,25
HTK7NDY10,さくら,VD7N7A4WH,氷青色,893,8,6320,574500,2,5,1,1,1,2,1,1,14
ND9Q0ELTO,あずこと,WBCN61N99,SRK組,901,1,6321,574250,2,4,1,1,4,4,1,4,21
C8KWAA17X,たこ,E76N52LMW,イベントのみ,960,5,6322,573750,2,1,1,5,6,6,1,1,23
LA9JL3YF1,ほんたまん,RNJ306W6N,日曜日よりの使者,1016,1,6323,573500,2,8,1,1,10,5,6,4,37
3O3Y6YK8N,コズエ,WLLWJ8ADP,乙宗筋肉サークル,1272,15,6323,573500,2,1,1,1,6,4,9,9,33
6K3KUG7CG,iroha,K69M1X95F,アイリス,979,6,6325,573250,2,5,1,4,4,4,4,4,28
JVLUTTU8P,愛知のカトウ,30YM43CUC,蓮ちゃん好き,548,0,6326,573000,1,1,1,1,1,2,1,1,9
UR1JMRA6U,@>ω</,KA652DGYV,ゆるリンクラ,303,0,6326,573000,2,3,4,2,1,4,1,1,18
4APA2VDGH,みのりん,3BE2RELRC,見晴台,1343,13,6328,572750,1,6,1,4,4,4,4,5,29
VTE6S4Y3C,くれひろ,1D7T2UXC2,無言でのんびり,1139,10,6329,572500,3,4,1,5,6,4,4,5,32
WCNMKV7VG,「きなこもち」,LX25CP0TG,深夜の芋煮処,946,1,6330,572250,1,4,1,5,6,6,1,4,28
26RURW4MM,和歌@サブ,8FXXHE22A,蓮ノ空,601,0,6331,571750,2,9,1,5,5,7,6,6,41
H92X6XKYN,アメトマ,JHTULVV5P,故に瑠璃乃推し,625,0,6332,571500,1,4,2,1,1,4,2,1,16
YX47KWAN8,あーゆ,MUXWTW1GV,蓮の空見守り隊,762,5,6333,571250,1,4,3,2,4,7,7,4,32
7OPAUG13X,トマト,FVJFA973A,月猫愛好会,549,2,6334,571000,1,2,1,4,6,2,4,1,21
6D5EUQN4X,キタロー,3A63DYH54,LLすこすこ部,1375,4,6335,570750,1,3,1,4,4,4,4,4,25
ED3EM7U91,ランタン,PRY4573W6,報酬用,1095,2,6336,570500,3,6,1,2,4,6,1,5,28
GYPJK86TE,Sai.K,V8XX999F6,卍蓮村幼稚園卍,860,2,6337,570250,2,4,1,4,8,7,4,4,34
6LQGT4QKX,bbb,KPABV0UJM,蓮の空サークル,1274,20,6338,570000,4,7,4,7,6,9,6,7,50
ZCDR3HFX1,ケータ,GYG7B5R36,幼馴染同好会,1350,4,6338,570000,5,8,2,7,4,8,6,6,46
K2VBJ94CP,Finesea,0B8RTHY4D,のんびり屋さん,671,0,6340,569750,1,1,1,2,2,3,1,1,12
HOBYFBAYG,煌星,M1DLCR0R8,花帆護サークル,1304,3,6341,569500,1,10,1,6,8,6,4,6,42
BBKWBREO7,カルガモ,T2XRMGEAE,蓮根無言会,1438,13,6342,569250,2,1,2,2,4,4,1,1,17
T7U45Y5RG,さかな,GR750NEY3,魚肉セーソージ,1049,11,6343,569000,1,2,2,2,1,1,4,7,20
NM0BGJPL0,accle,BW38LDPRF,蓮浦の星空,682,2,6344,568750,3,1,1,6,2,4,1,4,22
85VA1VR6D,みらぱ推し,DFXN9DB2H,どんぐり共和国,897,4,6345,568500,6,6,1,1,4,4,1,1,24
G61B3KJLW,y,W8P5VL7D0,おためし,1057,6,6346,568250,1,4,1,1,5,2,1,7,22
11X84N61S,じはんき,X34LWGL6R,サークル2,1157,4,6346,568250,6,5,1,4,4,4,4,4,32
T1Z2177LC,タロウ,6E27A15ER,蓮ノ空自由クラブ,1208,20,6348,568000,1,6,1,1,5,3,7,7,31
1ZACB791U,睦月,WAT20PN3Y,こな党,1242,16,6349,567750,4,8,2,6,7,5,5,6,43
LOA7VK9LJ,みーふる,W09WBG3HY,どろんちゅ,803,2,6350,567250,2,6,4,2,9,3,1,7,34
YA23T8JH8,つばサンド,FK5MUK0ET,くる♡すきクラブ,1484,20,6351,567000,6,10,6,6,6,9,9,1,53
AB49GUDRE,るっつ,PR2BGEK5K,ありがとう大三角,1101,8,6352,566750,1,4,1,4,5,4,5,1,25
2X30O0GNF,As,LUDNM40F8,ふくふく無言OK,1631,21,6353,566500,1,5,1,1,10,4,9,9,40
372PBZ8OP,いつき,WFPA7YJE1,蓮ノ空文芸部,1526,5,6353,566500,1,10,1,4,7,6,4,5,38
61QTWR6WQ,大月,FR5PDRB5Y,株式会社つづさや,1329,9,6355,566250,1,7,1,4,7,7,4,5,36
Q04C8VGGG,ヨピダ,NA8FEYN0M,蓮ノ空飲酒クラブ,1060,2,6356,566000,1,1,1,5,5,2,2,5,22
G1VN7WPWJ,Gilber,0HB7NEL1U,ItaClub,625,0,6357,565750,2,6,2,4,5,4,4,4,31
8U8LIBJ5Y,アッキー,8UXWEHB72,kita,1006,2,6358,565500,4,1,1,5,7,4,4,5,31
JPA431T5R,すらいむ,EECF9C0N3,蓮ノ空　茨城分校,1106,0,6359,565250,1,7,1,1,4,4,1,5,24
DU3SEW43K,Makuno,BXHG2KXAD,idol.st,1277,19,6360,564750,3,6,1,4,7,6,5,4,36
9J50D04CC,しもん,88DJ300PJ,めぐ党 • 永遠,1176,14,6361,564250,1,7,6,1,1,4,1,9,30
BAHMD4U76,プリンの世話人,KGG6VMD1R,蓮ノ空本蓮沼の会,366,0,6362,564000,2,5,1,1,5,5,7,5,31
0FDDV7X7G,ぴよ,K25DPPGT9,圧倒的にまったり,1223,2,6363,563750,1,8,1,1,5,4,1,5,26
MBPDD909N,三浦勇士,8MLVA67AK,聖ミリオン女学園,900,5,6364,563500,1,1,1,1,1,2,6,5,18
MUKFBNXT6,にょんぽこ,YD2XWWFA4,蓮好き好きクラブ,362,0,6365,563250,4,2,1,2,1,4,2,5,21
YDT36VR3X,こはく,GW4CH70HK,TKG同好会,506,3,6366,563000,1,4,1,1,1,5,1,1,15
240UWE87K,ドアベル,HYUMHA27V,ゆるっと蓮ノ空,1179,2,6366,563000,1,8,2,5,6,2,5,1,30
51MNECKKG,アクセラ,4WWM4VVDK,蓮ノ空遊戯開発部,981,11,6368,562750,1,1,1,5,6,4,1,5,24
6UMUXDTHA,しろいぬこ,C88BPLW53,白い犬小屋,560,0,6369,562500,3,7,2,3,7,3,9,1,35
S417NA3WQ,なな,C0NDBKMRB,すりぃずぶぅ家,1363,5,6370,562250,1,7,4,4,6,6,4,6,38
NXR5GWVW7,しんにゅうぶいん,HE0GK3EPE,瑞蓮プロカ倶楽部,1265,6,6371,562000,1,2,1,1,1,2,1,1,10
BG5Y2NB90,青いトマト,HGVHHB78D,蓮ノ空写真部,953,0,6372,561750,1,4,1,4,4,4,1,4,23
8V7DSGX7O,あかり,HKETDDCK6,ぼっちざ蓮!!,1170,0,6373,561500,2,1,1,1,1,2,1,1,10
APPNFG74P,まる,L7UKEPJG2,ドンココ,767,1,6373,561500,2,8,2,1,5,1,1,7,27
D33V7AUEW,ラジュ,4LU50R56J,誰でもOK,534,0,6375,561250,2,4,2,8,5,4,4,7,36
78C4PNE70,カカ,6MWHCNJE8,蓮之空小賣部,252,0,6375,561250,2,1,1,1,1,2,1,1,10
29U4P60UL,スグ,AC94W0LN2,無言で自由に,862,0,6377,561000,2,5,1,5,1,4,1,4,23
XK4U15TKM,123MB,ULUELCJ7T,なるようになる？,564,2,6378,560750,5,1,1,4,1,5,1,4,22
13PTZF0SB,くま,8JMW9G2XW,僕らのリンクラ！,1038,0,6378,560750,1,8,3,4,4,5,4,4,33
NUL2YYVB2,にごまん,2NY9H8BR9,乙宗紅茶館,1144,5,6380,560500,1,6,1,4,4,2,5,7,30
LH3P7BUKB,shadow,,,538,2,6381,560250,3,6,1,4,5,4,4,4,31
KFU65CDCX,sue600,UW71GYGHE,金沢住んでます,1439,15,6382,559750,5,7,5,5,5,6,5,5,43
GOR4CMF6T,冬人,N1JAJ83CA,蓮ノ空園芸部,1181,14,6383,559500,3,7,2,4,6,6,5,5,38
WP5PU71AJ,m,0NLHKATWL,生きてるだけ偉い,557,1,6383,559500,1,1,1,4,9,2,1,1,20
G2NJ8V2QJ,とみ,31A7JKC69,蓮好きの巣窟,1077,5,6385,559250,1,1,1,1,4,2,4,1,15
ATMEEJ2GP,sabryu,ABU58EVJ2,Quatuor,721,3,6386,559000,1,1,1,1,1,6,1,7,19
FD3744HWG,JUNE,XVTV7MVCX,雪月花,437,0,6387,558750,1,1,1,1,1,4,2,1,12
YHA7GWR2C,星hoshi,X7YM9EG8K,伝統の石川地酒,461,2,6388,558250,3,4,1,4,1,4,1,1,19
LA7NGCG9V,うしぞう,HWJ8XPW0T,箱推しなのだけど,1236,0,6389,558000,2,7,1,4,7,6,4,6,37
U56OJ1JH5,ユペ,TKVR3KU7L,ネギトロTKG,1151,13,6390,557750,1,1,1,1,1,2,1,5,13
F8LPBUPU0,炭,43HRXMXWA,無言OKクラブ,1158,0,6390,557750,1,5,1,4,6,3,5,1,26
N3EKVFEH9,アグニカカイエル,2VJG66JTH,まったり,946,4,6392,557500,1,9,2,1,1,3,7,7,31
1MRJ6APAL,MSKARIN,NLB84DYBF,下松系拉麺同好会,1062,6,6392,557500,2,6,1,1,4,4,4,4,26
BFULL2QMH,かけっち,CGLNW9PDU,さや処札幌支店,1147,7,6394,557250,2,9,1,4,5,5,4,5,35
PINE4LHL9,山東 良,1E8TVWRK1,RYO,947,2,6395,557000,2,5,1,1,5,5,4,4,27
EZ9M088YR,sij,HB9AU9DJJ,聖心党,1235,0,6396,556750,3,7,1,4,7,4,6,5,37
X0AEMWJ59,さくさく,DW13FCXPT,Mulbungs,1158,0,6396,556750,5,5,4,4,4,5,5,7,39
Z4QLPXYDP,Enzal,BELCUYCMH,蓮hkg香港分部,976,14,6398,556500,1,1,1,1,1,4,1,1,11
XA1K9N847,ちびしま,JY79RPB1D,リンクラゆる部,1001,4,6399,556250,1,1,1,3,1,4,2,1,14
LG0O0I1CG,マッキー,,,1244,5,6400,556000,2,5,1,4,4,4,4,5,29
8FD8K7V2G,かすたねっと,T8X0G07YB,なければ立てる！,1471,15,6400,556000,1,5,4,1,7,2,7,7,34
61PDRPTPT,シャチ,7RBMBBY88,瑠璃色金魚,530,0,6402,555750,2,1,1,1,1,2,1,1,10
FBRTH9ECB,Sa3ku9,J0PT5EX42,スクスタモ部,398,0,6403,555500,1,7,3,5,4,6,6,4,36
RMBC7GYX6,キルチ,G6EH0KHT7,なんもわからん,960,8,6404,555250,1,9,1,1,4,8,4,5,33
YZBPJXF7U,リンリン,UJKBB2FCD,にするか,552,2,6405,555000,1,1,1,1,1,2,1,1,9
ACKNN1LA0,西住流,G8EE23LB9,虹ノ空クラブ,1094,5,6406,554750,2,1,1,1,5,10,7,1,28
TYR7CYTNW,カプチーノ,3A63DYH54,LLすこすこ部,1413,20,6407,554500,4,7,1,4,5,6,4,5,36
DAK5DJU9K,日向ろな,5L9GNT78V,叶え！私達の◯◯,429,2,6408,554250,1,1,9,1,1,4,1,1,19
U9X9YER23,みえる,FE282F3VH,天悶部,933,0,6408,554250,1,4,1,4,4,4,4,4,26
KMKR53AN2,稲穂,VB9VUYC97,JIMOAI,1231,6,6410,554000,3,10,1,5,7,7,4,6,43
26CXDK2PK,かほぴょこずにょ,RJJN0CH7G,為什么会笑不出来,949,4,6411,553750,1,1,2,4,4,2,1,4,19
69WDUB1HJ,カジモド,2JK7E4115,ラ！推し,1030,14,6412,553500,2,5,1,2,6,6,4,4,30
BF5D7HWTE,スケマサ,BT3GEWM5L,ささやか村の集い,1145,13,6412,553500,4,10,1,5,4,7,4,4,39
OBCAGAJ7Z,てつじんFX,0JY7F3EKU,さやか愛でる会,1044,2,6414,553250,1,1,1,4,1,4,4,8,24
P475PMG41,よねみ,2JK7E4115,ラ！推し,1120,8,6415,553000,1,5,1,4,7,5,3,4,30
OF66ZMGIM,網焼き,N6T2MVATD,まったりサークル,1503,4,6416,552750,1,7,2,4,5,5,4,7,35
3RVXE7N0J,ちゃんとしたかも,5CG1W6CP5,初心者さん,1049,8,6417,552500,2,5,1,4,4,4,4,4,28
A2R50JDM1,麦,R083H7WRN,サークル無言,788,1,6418,552250,4,6,1,5,6,7,4,4,37
WG1X42VXE,SW,E6WR9G75P,安養寺姫芽推し会,855,2,6419,552000,5,10,3,6,10,8,6,5,53
TXI7D0VP5,みほ氏,LHXNEF3D5,まるまるサークル,1463,20,6420,551750,4,7,1,1,5,6,1,7,32
R9ARJEJDH,あちょ,573J1JVVK,かほかほ,1212,1,6421,551500,2,7,1,1,5,6,1,1,24
JSJQFXYFP,だばす,FTUJJ5KM9,無言◎私生活優先,1080,4,6422,551250,1,4,1,4,4,4,6,4,28
LVPKJCAPV,ゆきほ〜,573J1JVVK,かほかほ,976,2,6423,551000,2,1,3,4,6,2,6,7,31
LNK0C6574,こーりんぱな,53M4V2BVG,吟子の髪飾り,386,0,6423,551000,5,5,2,1,7,6,1,6,33
TCKBB4ZEU,4rebeit0,0B8RTHY4D,のんびり屋さん,1039,0,6425,550750,1,4,1,1,4,4,2,4,21
COX41K6NR,りんまる,LJNCAEVAP,蓮ノ空さやか研,809,4,6425,550750,1,7,1,1,2,2,1,1,16
NII55R9QS,お米ん,G59NGM0XA,シュリーレン,1239,12,6427,550500,4,4,4,4,4,5,4,4,33
0T75620R6,りっくん,2B97MH4YA,同じ話し何回も…,1406,19,6428,550250,1,5,3,1,4,2,9,9,34
4AMD348H5,EdelNote,FVJFA973A,月猫愛好会,345,0,6428,550250,3,4,1,3,1,4,4,9,29
KMNJY7G0N,ヨハネ,AL5YV097L,個人,575,0,6430,550000,2,8,1,1,1,5,1,1,20
4AO0G1KF7,スズ・テスカトル,26JDLMBLN,徒町は強く生きる,1167,7,6431,549750,2,6,1,6,5,7,5,10,42
UGTEP77JP,夏鷹,PPAHU1TNY,蓮ノ空のんびり部,1449,17,6432,549500,2,4,1,5,5,3,5,5,30
TGDJU7H1J,ペンペン,G1AFM0R9A,蓮ノ空釣行部,1201,10,6433,549250,1,6,2,4,8,4,4,5,34
XVCXAWQ2B,スガポンド,3JDDUYURT,無言,1217,19,6434,549000,1,4,1,4,4,6,6,5,31
59EM4H68U,りあん,R9T0YKDW8,かちまち応援隊,1230,15,6434,549000,2,7,1,1,8,5,1,5,30
KY1VX4AQD,sakura,J5CJ60JTY,Jサポx蓮ノ空,1084,0,6436,548750,1,4,1,4,4,4,4,4,26
7MIRKAP4P,ふぃあ,0R8BXPRC1,ポチっ！とクラブ,1283,3,6437,548500,1,10,1,1,1,4,1,7,26
M3GVHLNL2,mkuma,FR5PDRB5Y,株式会社つづさや,376,0,6438,548250,3,10,3,2,3,4,3,4,32
C25964W1K,ぶぶるー,C021HVB2B,第3芸能科,734,2,6439,548000,1,2,2,1,1,2,1,1,11
IYX8GLFA4,しほ,KXB93FVTR,ブルームガーデン,1238,9,6440,547750,1,7,1,4,6,6,5,7,37
LP4D77PYR,ソラニ,A1GBKA16P,アシュラム,1088,7,6441,547500,2,4,1,4,5,2,5,1,24
EE4GL66DW,ブレテイアンナ,9P9EPKFHE,無言参加OK,426,0,6442,547250,3,2,1,7,7,8,1,1,30
ZUMETXLUS,タト,V26546K3D,乙宗気合筋肉,1141,4,6442,547250,1,4,1,4,4,4,4,4,26
8JKAFBALU,むぎゅん,GR65FP8VN,蓮好き,1129,4,6444,546750,1,4,1,5,5,6,4,4,30
1903MPJ25,ですとろい,06DCWC1RE,とりあえず参戦用,1133,2,6445,546500,1,4,1,5,4,4,4,4,27
6VCUX9H4C,mile,427WENUC4,心の癒し～蓮ノ空,290,0,6446,546250,5,6,3,3,5,7,1,4,34
MVNAYA068,sada,G6EH0KHT7,なんもわからん,940,0,6447,546000,3,4,1,4,4,2,2,1,21
M2NYRU684,syo,V8XX999F6,卍蓮村幼稚園卍,447,0,6447,546000,2,4,1,4,7,4,5,5,32
ANH1X045C,ichi511,1AK9VTG3W,ドルケスキスキ部,566,0,6449,545750,1,1,1,1,2,3,2,1,12
GNFK62CPD,紅鮭,C52VR77BJ,イベント参加用,904,1,6450,545500,6,6,4,4,4,4,4,4,36
TC6LL2FAA,くさの,DHKUGEWBJ,めぐ党虹ヶ咲支部,1188,15,6450,545500,5,6,5,5,7,5,8,8,49
4KHPWU5U3,あづみん240,6BFC4G5YG,蓮ノ空足湯同好会,634,3,6452,545250,3,10,1,1,1,4,2,1,23
WJWHZ0190,あおうみ,LUR2H13YV,ねこまっしぐら,894,0,6452,545250,1,4,1,1,4,4,1,4,20
28YE0HGYG,青城千春,KRLTMVMX4,蓮友会,910,7,6454,545000,2,5,1,2,1,7,1,1,20
TDJPVG1LD,シマナガシ,AHE0E3JND,ありがと！にひっ,1362,14,6455,544750,1,6,1,5,5,7,5,5,35
YWT8FDGSP,ヒョンソン,CFGH2P6TD,忠南大學校,1002,2,6456,544500,1,5,1,1,5,5,1,1,20
OPDTOWH9K,あかひろ,5WUDLMWEP,蓮ノ空は明日ノ空,1057,1,6457,544250,2,5,1,1,4,4,1,4,22
W4FVHKW62,お砂糖,L3NN1RWMY,アポロベイ海賊団,1080,0,6458,544000,1,7,1,4,4,4,4,5,30
FAYFKXJD0,テツヤ,BKUHCT7WF,蓮女お嬢様部,1361,4,6459,543750,1,6,1,4,6,2,4,2,26
BUFJC6YAH,vty,6C9R15BLY,スクスタ避難民,448,0,6459,543750,2,5,1,1,1,4,1,4,19
ESI0EDOE0,てぃけ,W3F0URUJC,梢先輩応援団,1192,7,6461,543500,1,6,1,4,4,4,4,4,28
9W27RP14B,夜凪,WBXF9XXW7,さやつづ愛でる会,541,0,6462,543250,2,2,3,5,5,6,2,1,26
L23FU0N9G,すーぱーきゃっと,,,795,0,6463,543000,1,7,1,4,4,4,4,4,29
YNJCVATXV,ドドドドド！,,,351,0,6464,542750,4,7,1,7,3,1,1,7,31
9C6HGR0YR,llenn,M6UPWJ6DU,蓮結ぶ虹と星の音,1399,20,6465,542500,1,8,1,1,9,4,8,7,39
JR3KEH0M0,星雨,7MPNTWKTN,Dreamers,759,6,6466,542000,4,4,1,1,1,4,2,1,18
3EIKPTRAG,シナモンルイボス,865UE9UC6,蓮ノ空うどん部,826,0,6466,542000,1,1,1,1,1,2,1,1,9
F04ZEPJ2I,スズ,WTVG86R4P,おしご党,1170,18,6468,541750,2,4,2,1,4,3,4,8,28
WXT7LUNCD,シンシン,HKETDDCK6,ぼっちざ蓮!!,1001,10,6469,541500,1,5,1,1,4,4,1,4,21
YKB5RTC08,眼鏡流星群,9D722M8KC,蓮ノ空同好会,1199,10,6470,541250,3,5,3,4,4,5,4,4,32
8M57HANX4,白★旗,23YJ44XUE,あつまれ好好の森,1059,12,6471,541000,1,6,1,6,9,2,3,7,35
KVA687BHK,しょーたろー,EWM0GK62C,誰でもどうぞ,630,0,6472,540750,1,4,1,4,4,4,4,4,26
0S5MIUWHE,ルビー,HBK6KCRPP,無言でおけ,1252,6,6473,540500,4,7,5,5,6,6,5,6,44
NGJ0XGFNW,おいも番長,AH27N260E,百生信託銀行,674,2,6474,540250,2,9,3,3,3,4,2,6,32
OAAHHOF7T,ゆずは,578YG6EAT,桜桃花束愛聴会,1192,7,6474,540250,1,4,1,5,7,7,1,1,27
4JN348J56,ゆ・じょんそん,NA8FEYN0M,蓮ノ空飲酒クラブ,1086,6,6476,540000,1,2,1,1,1,4,1,2,13
3W6E9AL3T,さすぽむ,KULVP7FDR,アニマル分室,529,0,6477,539750,1,7,1,1,5,4,1,8,28
P242GVW86,chi,C9DAJ6YFV,のんびり,1041,13,6478,539500,3,1,1,1,5,4,1,7,23
M7JGMJFA8,しゃんま,23PGPJ3NV,蓮ビギナーの集い,380,0,6479,539250,1,1,1,1,1,2,1,1,9
DLP7H2C4B,もる,3BE2RELRC,見晴台,1124,4,6480,539000,1,5,1,5,5,2,4,1,24
NUDZ0IOQF,むにゃ,KXB93FVTR,ブルームガーデン,1306,13,6481,538750,1,5,2,4,4,6,4,4,30
WP1ILN5IS,かなでちゃん,EDFHK562A,大好きをさけ部,1117,2,6481,538750,1,8,1,1,2,4,1,4,22
B7LX9EB8X,わすずめ,3NANDJVEF,ROM,932,0,6483,538500,2,1,1,1,1,2,1,1,10
0XDMMPHE5,目目,HWXEVBW48,ミッション参加用,344,0,6483,538500,3,5,1,4,4,2,4,7,30
NC9GN4U0T,Piro,40RF5XH9M,a,661,2,6485,538250,2,10,1,3,7,6,3,1,33
AGC7T99HJ,山口の小林,YADX9DY49,ﾊｽﾉｿﾗｰ,1113,10,6486,538000,1,4,1,4,6,4,5,6,31
AUN1AXHF5,MA→,KC1W74B9B,蓮六園,1029,3,6487,537750,1,4,1,1,6,4,4,4,25
8DBMBMCVY,ツカサ,G6EH0KHT7,なんもわからん,935,0,6488,537500,3,4,1,1,4,2,2,1,18
XXH1QBRDU,岩石,XEENRBXCG,蓮ノ空休日クラブ,1053,1,6489,537250,1,4,1,4,4,4,4,4,26
AB310C9K2,なばな,FE282F3VH,天悶部,1114,1,6490,537000,1,5,1,6,5,5,4,5,32
7IFP75E5J,太陽神ラー,N1JAJ83CA,蓮ノ空園芸部,1278,18,6490,537000,1,6,2,1,4,2,5,7,28
RJP5GGCPX,おにく,75UJ5RB97,蓮ノ空雪野球部,953,11,6492,536750,5,4,5,4,5,5,4,4,36
JEKHA7U1F,棚放たな,B08JAPP33,対抗戦したい,547,4,6493,536500,1,6,1,3,7,3,2,6,29
GY819LBN4,ぽちゃ,948FLPMPN,まったりハス煮〜,980,8,6494,536250,1,8,1,2,8,7,4,5,36
SJMDF6E95,カンス先輩,CT8XW752X,蓮ノ空写真部,1269,3,6494,536250,1,5,1,4,4,4,4,4,27
R5RPNE96B,ヤントモ,2JK7E4115,ラ！推し,1203,20,6496,535750,3,8,3,3,5,5,7,6,40
0YNR6FZYP,アカミソ,4XRHRYDW4,無言でエンジョイ,1427,15,6497,535500,6,10,6,5,5,5,5,5,47
JVUDDWPN9,きいろ,U98UKD6RY,異次元フェスP,1099,9,6498,535250,1,7,1,1,5,4,1,1,21
RK0B0V52P,よー,XLBU65J86,花の壁飾りクラブ,1177,16,6499,535000,1,4,1,4,5,5,4,4,28
67357AYCY,PEW,KGDNX3EF3,ENcircle,1200,4,6499,535000,1,5,1,1,5,5,2,7,27
29R6E4N79,アイズ,,,261,0,6501,534750,2,4,2,5,2,6,4,5,30
EFEFHWBWF,こっこ,MCFN901TJ,ワノ国天祥,473,0,6501,534750,2,4,2,7,5,7,2,1,30
1EBPVQR5E,紺青ローズマリー,HBD61R6WC,梢先輩すきすき部,1289,7,6503,534250,2,5,1,4,4,4,4,4,28
O8WULT785,めいあ,C791XXLDF,つづさや会,1218,6,6504,534000,1,10,1,1,2,2,1,1,19
OFUB2DL5C,しげる,G8EE23LB9,虹ノ空クラブ,1159,10,6505,533750,4,7,6,4,5,2,1,5,34
NDFULIX3S,Mix委員長,CRYB2FJ64,つくよみくらぶ,1119,12,6505,533750,3,7,1,5,4,6,4,4,34
CS3C6O53Z,かつのぶ,5V9TDD4NF,みんはや蓮ノ空部,1202,10,6507,533500,1,4,1,1,4,2,4,1,18
LY1J400O0,かしゅー,CXG25026E,泥のみんなS,1432,17,6508,533250,1,7,7,6,6,6,6,5,44
LC65M61TA,蓮ノ空一番大好き,ELDXGWNA6,○サークル,580,2,6508,533250,2,1,1,1,1,3,1,1,11
MHF0UL40G,けんおう,8GAY2WBT6,(・8・),1407,6,6510,533000,2,6,1,4,6,2,4,5,30
3RHK8WE44,みくじ,DULFP3TRN,めぐ党員の部屋,369,0,6510,533000,2,9,1,1,5,5,2,1,26
N9Q7VW6KF,HN未設定,UVN7G4X3A,闇のルビィ団,887,0,6512,532750,1,5,1,4,4,4,1,4,24
0FDYE6D3L,なんだ！？,E7UBFLW56,同好会の同好会,1044,15,6513,532500,1,1,1,1,1,4,1,5,15
Y29PVFY1N,るふい,WLBYGHXPD,大天使村野さやか,527,1,6514,532250,3,7,2,4,1,7,1,4,29
LANJN56K0,あ,0YLUK30K6,蓮っコの集い,917,2,6515,532000,1,1,1,1,1,2,1,1,9
YK5MM5W36,REWOLF,CPW7TWG99,Lotus,820,2,6516,531750,3,7,5,6,5,4,4,4,38
V9AY6TJE6,ポンヌ&パピコ,3BDTCERX6,打ち返した流れ星,1140,4,6517,531500,1,2,2,1,2,4,2,1,15
L49HJCR25,霞ヶ関ファルゴ,7U20138DB,LGP,1047,6,6517,531500,2,1,1,5,7,2,4,1,23
RB4RBAGV1,じゅぴたー,9GDHWXGVG,ルリと花咲く毎日,1200,15,6519,531250,1,7,1,7,8,3,6,9,42
1O38MGEM7,けんし,9DKR4Y2CJ,蓮ノ空老人会,1077,12,6519,531250,3,4,1,1,4,2,1,5,21
2NXT8CE1N,しろいの,FG4170141,♪さやか愛好会♪,374,0,6521,531000,2,4,4,2,4,3,2,1,22
4ME4T0F13,クロウ,L3NN1RWMY,アポロベイ海賊団,1043,3,6522,530750,2,5,4,4,6,4,5,6,36
GFRKGRKGE,でゅーん,9C0KWR782,まったリンクラ,937,6,6523,530500,1,1,1,2,7,5,4,1,22
YVRVWZL1C,深緋保護区,BUKPFCJCY,TTMC蓮ノ空班,1084,0,6523,530500,3,3,6,4,7,6,5,6,40
U1CP97K3A,TK44,1D7T2UXC2,無言でのんびり,1312,1,6525,530250,1,5,1,5,4,6,5,7,34
MD8LNLLRH,るな,A7WWE0463,蓮ノ空初心者部,314,0,6526,530000,3,3,3,1,3,4,2,1,20
RRA6MHR98,シェケナフォース,NJBBTCY3A,かにかに！,1197,16,6527,529750,3,9,1,1,4,5,1,7,31
7HKRRCMH0,不知火,AXG81GPMP,蓮ノ空マタギ部,963,10,6527,529750,1,5,1,1,7,7,1,1,24
XJ25A01MP,ビアレス,VP0K6KF0K,蓮ノ空大好き!!,1015,2,6529,529500,1,5,1,4,4,4,4,5,28
43X1LM9RM,kumatani,W3UUXHMDV,水彩ブーケ,1323,9,6530,529250,1,4,4,4,5,5,7,1,31
7AJTWJEDM,Miraii,2U4GLJXLJ,泥の中の養分,1092,3,6531,529000,1,2,1,1,1,2,1,1,10
4AJNYPYJN,まみ,2AUM7L9BW,蓮初心者クラブ,616,2,6532,528750,1,4,1,1,5,4,1,5,22
URX49FGRR,みや,28XJ8NK4L,蓮ノ空まったり部,1068,1,6533,528000,1,2,1,1,1,2,5,1,14
WOU71KWLD,めざぱ,K4TAHF9YA,はすっこ準備室,1078,1,6533,528000,2,3,1,1,3,6,1,7,24
GM50AF2D3,てんりゅう,FVJABCVP3,瑞蓮ラボ,1152,12,6535,527500,1,6,2,4,4,5,4,5,31
N9Y4B15UC,きら,4RNUXBXGL,みらぱ最推し,403,0,6536,527250,2,1,1,1,4,2,1,2,14
YNBBYI8SO,きききりん,JY79RPB1D,リンクラゆる部,1265,19,6536,527250,2,5,1,4,4,4,4,5,29
F05TP51YP,こてつ,LFB48H6MU,超初心者の会,991,2,6538,526500,2,4,1,1,5,2,1,5,21
3JGXE5B5W,まもりんちゅ,5THY0BH4B,黎明の瑞蓮花,1139,11,6538,526500,1,4,1,5,1,4,4,1,21
GVLG9KJVE,たかちゃん,E050K9859,蓮党,1027,3,6540,526250,2,8,1,4,4,4,4,5,32
WOEVNPZ1O,魔璃,M74P64HDW,金沢サニーランド,1419,0,6540,526250,2,6,1,5,4,4,5,8,35
F7JBBR0LD,蘭,95031TR10,ひめぎん文化会館,871,0,6542,526000,1,6,1,4,6,5,4,4,31
0VQSAJ8ZL,れんこん,8VGXWTV3U,R.opRizm,1414,15,6543,525750,1,5,2,4,7,6,4,5,34
DXEAOQO6F,たねころ,X33HHA9F8,アルストロメリア,1217,13,6544,525500,1,8,1,4,1,6,4,4,29
NC361VFYN,клоун,GYG7B5R36,幼馴染同好会,1081,12,6545,525250,1,1,1,1,1,3,1,2,11
YBBG3SHRJ,む〜ん,9VDEWVP01,瑠璃乃の集い,1157,5,6546,525000,2,5,3,5,4,7,5,4,35
3582AAJ3F,コジコジ,EMAN1DMK8,いつものメンバー,1081,5,6547,524750,2,1,1,1,5,2,5,1,18
GUNH4X689,しじみ,J800VVPTN,Aqours,1125,3,6548,524500,1,7,2,5,4,4,4,2,29
RYEWALNJU,そーら,XXVVJY6FE,はぴぱれ,1041,14,6549,524250,1,7,1,4,7,8,4,4,36
OJDCKN78S,とぶぱな,LHU88R0LV,リンクラまったり,1191,15,6550,524000,2,2,2,2,7,2,6,2,25
XNJXM7TC2,さらちの,,,417,1,6550,524000,1,1,1,1,5,1,1,5,16
WCTP56LJL,常夏☆まんぼう,F2CFWVMY9,藤島め組,1688,21,6552,523750,6,7,6,6,7,6,6,9,53
6HRAXRKMX,サスケ,A9MA307FX,楽しいが一番,1377,6,6553,523500,1,5,1,4,5,5,4,5,30
NUG5B0WUA,あつかわ,0NLHKATWL,生きてるだけ偉い,743,2,6554,523250,2,7,1,1,5,5,2,5,28
YG6DJ44J2,あおし,AHE0E3JND,ありがと！にひっ,588,0,6554,523250,3,7,2,6,4,4,4,2,32
U9VBVB0PM,塩湖,GWGDMA3YC,初心者無言自由だ,809,0,6556,523000,1,1,1,1,1,2,1,1,9
SOX4C4JGJ,丸さんボーロ,UH94B4MTL,電電の遊び場,1097,2,6557,522750,1,4,1,5,4,4,1,4,24
JLNC86X4V,Mackey,53M4V2BVG,吟子の髪飾り,425,0,6557,522750,2,5,3,1,1,6,1,1,20
8K26PWE5N,たくや,YVV9CMBLW,東京公演で沼落ち,516,0,6559,522250,4,2,1,1,1,4,1,1,15
8E99BFU9E,まもののるつぼ,1D7T2UXC2,無言でのんびり,1090,4,6560,522000,3,4,3,5,1,3,4,1,24
N3P7J01Y9,すもも,0XUV5025C,めぐめぐバブり隊,402,0,6561,521750,2,1,1,5,7,4,4,4,28
ZAZ7MLGDM,シュウ,T8X0G07YB,なければ立てる！,1113,5,6562,521500,1,5,1,1,1,5,1,5,20
B46EBMW0B,なが,EPWMMAXNY,蓮ちゃん初心者,1101,12,6562,521500,2,8,4,4,6,6,4,4,38
0P853D9FN,西表ヤマモト猫,F31A07X4V,蓮ノ空福井分校,547,2,6564,521250,5,7,2,4,5,6,4,4,37
A9JGMFGJ5,ホ・ウジチャ,,,665,2,6565,521000,3,7,2,1,1,4,2,4,24
48GHW10FY,SHIKA,08DDCV5JN,黒ねこのしっぽ,946,1,6565,521000,1,7,2,6,7,6,5,7,41
PRGG82GGC,NNH,EEP20F2M8,綴理の綴り,1339,20,6567,520750,5,9,6,6,9,7,6,7,55
G4E815N27,佐々木,BXGNMY466,ライグラ用,623,0,6567,520750,1,2,1,1,1,6,1,4,17
FG38P0U6M,シジモルキ,919XF8V2V,蓮之空大三腳,748,3,6569,520500,5,8,1,2,1,4,1,1,23
BLW9RTW04,蔵公,LHXNEF3D5,まるまるサークル,1051,2,6570,520250,1,1,1,1,1,2,1,2,10
ZXTCD3YZ6,PURE天然水,3BE2RELRC,見晴台,1573,21,6571,520000,7,7,7,7,8,7,8,10,61
4D8CYNOJ4,みらの,7PJY920KD,むじな部,1158,5,6572,519750,1,4,1,1,6,4,1,4,22
E4MXPNWLW,くま,CT8XW752X,蓮ノ空写真部,483,0,6573,519500,1,4,1,1,4,2,1,1,15
YSEXFDK4F,シロップ,2L8R7GAV6,大賀美組,1076,1,6574,519250,1,4,1,4,1,2,4,4,21
J6HN5XWOK,ねぎね,Y2HV0YEF7,蓮ノ空を応援し隊,1342,9,6574,519250,5,4,5,4,5,5,5,5,38
HNT0XP519,お昼寝マン,F5F1K66RR,さーくる,945,2,6576,519000,3,5,2,4,4,4,4,5,31
JXG9N1PYV,みなれい,9WJB6YPPN,温室花畑,1187,6,6577,518750,1,7,1,4,4,4,4,4,29
1A0NKC4CB,Graphite,VPYHCBY6H,DJかちまち,1199,20,6578,518500,1,6,1,1,6,3,7,7,32
4E9C3EVR1,kt32,CY3GGDH7H,㍿キモ・オタク,372,0,6579,518250,2,1,1,1,3,2,1,1,12
VUML2LXC5,きぐたま,L1VGJTD5P,蓮ノ空お茶会部,1200,9,6579,518250,2,5,1,4,4,7,4,5,32
9TVAL76U2,Okina,A5Y1LHLCR,まったり,526,0,6581,518000,2,4,1,5,5,4,4,4,29
3TDLBGLK9,あー最低,06DCWC1RE,とりあえず参戦用,444,2,6582,517750,3,3,1,1,3,4,1,1,17
44YJV86EP,ユキ,YJNWBA8F6,梢推し隊仙台支社,1243,3,6583,517500,1,5,1,4,4,4,8,10,37
TV97FRUNL,菓子丸,7NJM1VURM,らんるん部。,1201,0,6583,517500,2,6,1,4,4,4,6,5,32
H2G9DVSYU,こびと,YUJWPU7Y8,引田町民詰所,1219,8,6585,517250,1,4,1,1,4,1,1,1,14
GCX1WCK13,りんぴー,FC8NBAJBT,ラー麺二郎金沢店,1188,5,6586,517000,2,1,2,3,2,3,2,1,16
A71T4UY8N,桜餅,2AUM7L9BW,蓮初心者クラブ,1167,6,6587,516750,3,6,2,2,6,3,7,7,36
27WRNTT1B,ya_4792,AVY8PECF0,初心者の集い,439,0,6587,516750,4,7,1,5,4,6,2,1,30
KLZC7KAF2,onasubi,WNA5GTJPP,蓮ノ空百合クラブ,1219,6,6589,516500,1,5,1,4,4,4,4,4,27
KWYEFCKNM,風の方向音痴,GWGDMA3YC,初心者無言自由だ,529,2,6590,516250,3,5,3,1,6,7,1,1,27
1GLHYUMTW,ひろし,4UX466G0X,まったり,602,2,6591,516000,4,7,3,5,1,5,1,1,27
G8D3LVV7L,星儀,53NYG615U,蓮ノ空飲酒愛好会,828,0,6592,515750,2,5,1,1,4,3,1,1,18
PDPJUGHGY,碳酸吻,AGJ215YND,蓮の空中國分校,730,5,6592,515750,2,4,1,1,4,5,1,4,22
CMFC1JGS9,まっしゅ,M6UPWJ6DU,蓮結ぶ虹と星の音,619,2,6594,515500,1,1,1,1,1,3,1,1,10
1EQD711VT,タケル,1H5P6KV81,さやかの水着,1070,2,6595,515250,1,4,1,4,7,4,4,4,29
W05E7TMLB,あき,A14TUJRCY,108期 煩悩,1438,8,6596,515000,5,10,8,6,6,6,7,7,55
TWY9XDRG1,りあ,W9V6VTXAN,梢先輩の歌声好き,752,3,6597,514750,1,8,1,1,1,4,1,5,22
ZN03EN4C8,eow,W09WBG3HY,どろんちゅ,1096,1,6598,514500,1,6,2,4,6,4,4,4,31
5DRETR5CR,いさどり,YMKU30246,参加賞がほしい,626,0,6599,514250,1,6,2,5,7,5,4,5,35
1Q95ZKVW1,SYSK,K3R1XY8UT,自由,759,2,6600,514000,2,1,1,1,1,2,1,1,10
GN2C7CE7G,夜凪,976BY5JWK,ハルカカナタ,567,2,6600,514000,10,8,2,5,6,5,4,2,42
05FT610WD,とーの,NK05UMLWW,かけ込み寺クラブ,928,4,6602,513750,3,7,1,4,4,9,4,4,36
PD5H4UYR9,gegege,M08GKL70U,ららマジ難民の会,296,0,6603,513500,1,5,1,4,5,4,4,1,25
PEXD4LDC1,ゆゆゆ,BTVC9G95X,FES用,827,0,6604,513250,1,7,1,4,4,2,4,1,24
TPGLDH4C3,べいそん,AE3L01V24,LOVE蓮ノ空,1092,2,6605,513000,3,6,1,1,4,7,1,5,28
3A57DF2TW,あるみふ,EU7JEAJL2,シャウトラバーズ,1146,2,6606,512750,2,5,1,7,4,4,4,4,31
QG9KZ3C0K,ギウ,GPKTRBCTT,騎空団蓮ノ空支部,1495,9,6607,512500,2,8,1,5,8,6,6,7,43
TM8EW9L7G,nana,PXDL7Y3VM,ビギナーズ改,216,0,6608,512250,3,5,3,4,5,4,4,4,32
VRAAR2616,ALgiZ,EE4BKR0AR,まったりプレイ,985,3,6608,512250,1,7,1,5,5,6,4,6,35
RNDXOM2N1,あかりんご,BCJRMHE75,梢すきすきクラブ,1034,3,6610,512000,2,4,1,4,4,4,4,4,27
02RXY12V7,ぬ,MTBRETXHJ,(*´°`*),804,4,6611,511750,3,5,1,1,4,1,1,4,20
DRMV9U370,カリヤ,RAP9FVR3B,あばうといち,1356,16,6611,511750,5,9,9,6,5,5,7,5,51
74L40ADWJ,チキ,4XRHRYDW4,無言でエンジョイ,1237,8,6613,511500,1,2,1,4,1,2,5,7,23
LX1UHYAF7,デンショウ,K69M1X95F,アイリス,979,2,6614,511250,3,7,1,4,4,4,4,4,31
QJ1Y1B4V3,潜伏者,G8F0M2PH2,アフターウォール,1130,0,6615,511000,1,4,1,4,4,5,4,4,27
TBMTF8GW1,スバル,RKT7BC4F6,人形浄瑠璃乃,438,0,6615,511000,3,1,1,3,5,1,1,1,16
LUHGUX9PH,MTC001,KA1249N3H,沼津倶楽部,1053,5,6617,510750,1,6,2,1,5,4,2,5,26
6MT4MFAN3,ヨーソロー417,FK8EUX6V3,ゆったり蓮ノ空部,915,1,6618,510500,1,5,1,4,4,5,5,4,29
G2TCRYV9G,楓柳,EYEPHE14G,花上梢頭,1089,10,6619,510250,2,6,1,2,6,4,1,6,28
UXEPX4UGB,おじゃす,FMKP92LRL,目が霞む人達,416,0,6620,510000,3,6,5,6,5,6,2,3,36
PP5PJSC69,ライ,8R49BTWW6,蓮女お嬢様クラブ,1600,11,6620,510000,1,7,1,4,7,2,5,10,37
4WL97J2RY,たちかわえにし,0NLHKATWL,生きてるだけ偉い,680,1,6622,509750,1,4,1,1,4,10,5,1,27
1MR2E6D09,マダオ☆,B2AN1PT0N,417,1034,4,6623,509500,2,1,1,1,5,2,1,5,18
CY05UKJKX,サンアナ,G6EH0KHT7,なんもわからん,567,0,6624,509250,3,5,1,1,4,7,1,5,27
JE6681K3T,ステリン,H0DV3JJGA,かほさやてぇてぇ,1299,6,6624,509250,1,10,2,5,8,8,5,5,44
15FR0HH26,はなみや,AND13836G,乙宗梢親衛隊,1044,9,6626,508750,8,4,3,10,9,2,1,1,38
9PNLP68BM,たかもと,HXVYGL96H,初々しい対抗戦,968,1,6626,508750,1,1,1,4,5,6,1,1,20
1DE81U7RN,つまようじ,2B97MH4YA,同じ話し何回も…,1175,4,6628,508500,1,10,6,7,3,6,6,7,46
DM1QLXKOE,ぴのっ,DLF2YK8WN,サクサクサーカス,1082,11,6628,508500,1,1,1,5,5,2,1,5,21
2D2TO6VFH,まるっぺ,RU340PRAY,わちゃわちゃC,657,2,6630,508250,1,4,1,1,3,2,1,1,14
X18M1GTWY,ゆーき,9E910GGD2,蓮ノ空給湯室,574,0,6631,508000,9,1,2,1,1,6,5,4,29
907BNSHAW,白銀,J8HXTJ8TB,流し素麺同好会,1555,6,6632,507750,1,5,1,5,6,6,5,5,34
6PEXKRVFE,伴　蓮弘,6JCMUJX7E,同輩,972,2,6633,507500,1,2,2,5,2,5,4,4,25
J7YVH63RB,おにゆり,D3PGC4352,めぐにゃん懺悔室,1427,3,6634,507250,4,7,1,7,7,6,6,7,45
DPT1PV99Y,LnRabbiT,36DAM7HBL,蓮隠れノ里,529,2,6635,507000,3,4,1,1,5,6,1,1,22
1PUURJF0E,発,427WENUC4,心の癒し～蓮ノ空,627,0,6635,507000,2,2,1,1,1,3,1,2,13
2GRGTU1CA,レーヴェン,B5LABACNK,ソロ専クラブ,796,0,6637,506750,1,5,1,1,4,4,4,4,24
THKMJRHZF,_,7NXXLG4W1,ソロ参加賞目的,1320,16,6637,506750,1,1,1,1,5,1,7,7,24
01L36LTSN,皆城舞花,5EEXYEYH7,蓮ノ空計画,1101,2,6639,506500,1,4,1,2,7,5,1,5,26
A214N9R5B,ミラガ,U57VPUTEE,ゆったりクラブ,565,0,6640,506250,1,1,1,1,1,2,2,1,10
X4Y8KGANL,ぐちお,63AKA05VR,まったりGngy,1345,21,6641,506000,5,7,5,5,7,5,10,10,54
ZLF0OVQP2,かもめ,HKKCM3W4M,かほ姉の集い,923,2,6642,505750,1,1,1,1,5,6,1,1,17
PR410A7MJ,ここじゃない,JKAYY0KXL,自由！開心！,809,0,6643,505500,3,5,1,1,1,7,1,1,20
L4X1J7DR2,抹茶みんと,0UTVRAKFL,平穏無言,359,0,6644,505250,1,4,1,4,4,5,1,4,24
06H8TXWK2,アストレイア,9YM3DBTB7,泥民館,1150,7,6644,505250,3,10,10,1,6,4,2,4,40
ENC2E07TG,らい,8MLVA67AK,聖ミリオン女学園,795,0,6646,505000,1,4,1,4,4,4,1,4,23
B8G5CG4EZ,百香,HB9AU9DJJ,聖心党,1332,20,6647,504750,1,8,1,4,5,4,4,5,32
WRY2Y8U5W,クロノア,GN9EEL045,きらくに,981,2,6648,504500,1,4,1,1,4,5,2,2,20
T8L7QQ4RA,いしぽて,07JW71HWG,良いチケで観よう,1454,16,6649,504250,2,10,1,1,4,2,2,9,31
2QLOE6FR0,まの,TXNCTRR1U,瑠璃乃推し隊,1288,2,6650,504000,2,5,2,4,7,2,5,1,28
WC68B6JD9,슴쿡,279NUYU7C,れんこん,1140,7,6651,503500,4,1,1,5,6,4,1,8,30
EET3MLYVC,Hiro,J0N1E3Y09,月火水木金土日,1240,15,6652,503250,2,4,2,4,6,3,4,5,30
06FFAY6WC,junbom,E7UBFLW56,同好会の同好会,317,0,6653,503000,2,7,2,1,6,6,2,5,31
4Y81LR241,ハス塔（とう）,F2CFWVMY9,藤島め組,1495,11,6654,502750,1,4,1,1,5,4,3,1,20
OQFOIAKCZ,デコポン,M19W0KC8A,ラナンキュラスズ,1031,0,6655,502500,2,1,1,4,5,2,4,5,24
L0CE1G8UY,ぬこ,K7LC46V5M,Link！ラ部,310,0,6656,502250,2,5,1,1,1,5,1,4,20
MPA9LXE2N,水原,8AT7V1C7L,初心者です,700,0,6657,502000,3,2,1,1,1,4,4,4,20
ESQV3M6ME,くずもち,C6HBJMY5L,！,1127,5,6658,501750,5,8,1,1,1,4,7,5,32
NW19M2UD2,ナカタ,T56X6LP0L,光の海,810,2,6658,501750,1,1,1,1,1,2,4,4,15
G1CKBBHBT,ウェルバ,7B0W0EWVA,ソロの為の避難所,938,0,6660,501500,1,5,2,4,6,3,4,1,26
P2NTBMXYC,gamu,NMRKHYYRM,ご自由にどうぞ,373,0,6661,501250,4,4,1,3,3,3,2,2,22
CWS759XWB,美希,C0X1EDKTB,逃げた､怯んだ,958,4,6662,501000,2,4,1,4,5,4,6,5,31
TY2VUYCLT,homura,80VRCG1BY,みらぱ同好会,943,3,6663,500750,2,5,1,4,1,6,4,4,27
911AUD4MZ,KURI5709,DFFYFJ2B6,つづさや好き過ぎ,1152,18,6664,500250,2,5,6,6,9,5,1,5,39
BVWN3JM61,Phoenix,GYJ3C6TKR,綴理先輩好き好き,248,0,6665,500000,7,10,1,7,10,5,3,1,44
R82X6FBJ5,鈴葉,GXR6C85BT,花帆ちゃん親衛隊,1566,12,6665,500000,5,9,5,7,6,8,7,7,54
Y3AHHLP79,さだはる,HB9AU9DJJ,聖心党,891,2,6667,499910,3,6,2,4,8,4,4,4,35
RNVUOFOKA,みなとり,0R8BXPRC1,ポチっ！とクラブ,1110,5,6668,499820,1,4,1,4,4,4,4,4,26
X6JKKB1CV,ふゆ,K7LC46V5M,Link！ラ部,521,2,6669,499730,1,1,4,1,1,4,1,1,14
PLDAAMWV2,ふか〜ごろりん,ABALH0AL3,楽園計画,923,2,6670,499640,2,7,1,4,5,4,4,5,32
BA39UJ84Y,のあんぬ,J0PT5EX42,スクスタモ部,412,0,6671,499550,3,4,1,1,5,3,1,1,19
213HP4IVX,ナル,UVK38MFR2,蓮の虚無サー,1131,2,6672,499460,1,4,1,4,8,3,5,5,31
D57JOSBEM,にゃぁにゃぁにゃ,HG65KRMGW,花咲か花帆さん＊,1050,2,6673,499370,2,1,1,5,1,6,4,4,24
Q4L6CTO0N,おるか,BXC1T2HY2,初心者の集い,1070,1,6674,499280,1,7,3,4,5,5,4,5,34
AG9UGHCDJ,黒麦茶,EA7H8Y91R,てきとー,1202,11,6675,499100,2,2,1,1,1,4,1,4,16
FCX92EF77,NQa,05KN1RR3U,さやかほ花卉園,860,2,6676,499010,3,5,9,9,4,5,2,1,38
TY6XRB1C8,rino321,5JJKPNN2W,めぐ党韓国支部,908,4,6677,498920,2,1,1,9,5,3,2,1,24
OHQ0W366D,あき,YVV9CMBLW,東京公演で沼落ち,1087,11,6678,498740,1,2,1,1,1,4,1,1,12
LKU7T3M61,ゆずころ,E58FYF67C,ロータスランド,1158,3,6679,498650,3,6,5,4,6,4,4,5,37
IUORBEZR6,きま,RGR1NVGWH,無言推奨・自由村,1217,5,6679,498650,1,5,1,4,4,4,4,5,28
LY7G7TLSG,tank,WCL6R1ANU,無所属の会,794,2,6679,498650,2,1,1,1,1,2,1,1,10
XAB9DC77D,セイミ,LUDNM40F8,ふくふく無言OK,420,0,6682,498470,1,1,1,2,1,2,1,1,10
OJCQBNJBV,ポコえもん,C0NDBKMRB,すりぃずぶぅ家,1025,2,6683,498380,1,4,4,1,3,7,1,5,26
VRLPAHAG0,tokyo,DN2UB7JMG,異次元のP達,1011,9,6683,498380,1,8,1,4,5,4,4,4,31
AX33H378G,未来の敗北者,T045NDKW0,♬さやか愛好会♬,926,4,6685,498290,2,4,1,1,4,4,2,4,22
9PB9R3TEG,はじめ,95TAREFPT,ご自由にどうぞ,1107,2,6686,498200,2,1,1,1,1,2,4,4,16
D1JN6LL02,かかカ,CY3GGDH7H,㍿キモ・オタク,397,0,6687,498110,2,1,1,1,1,2,1,1,10
HF2Y1LGDG,場案バン,G0J2F9NAL,さやさやさーくる,1462,19,6688,498020,1,6,1,5,2,6,5,7,33
U7A75A5NU,菜棚,3MW8HDRTF,秘密結社CKC,1221,18,6688,498020,2,4,1,1,1,4,5,5,23
KYCTFDH4X,ルリィ,AR9HR528A,いろいろ実況,1056,4,6688,498020,1,4,1,4,4,4,4,6,28
HVLY4MXC4,はすにゃん,XPX36F6JX,無言初心者お試し,754,0,6691,497930,1,4,1,4,4,4,1,4,23
YLB7IXETE,Shun,3RH5MYBXV,こずめぐ党,1191,3,6692,497840,1,4,1,4,8,4,4,5,31
PG82T3UNE,フブキ,F2M746D4B,頑張らないクラブ,683,1,6693,497750,4,6,2,4,8,7,4,4,39
JDDKVBDCC,ゆーま,N752V1LD6,思想の溜まり場,997,0,6693,497750,1,6,3,7,2,2,2,5,28
R7YCD3REH,やすお,31A7JKC69,蓮好きの巣窟,1260,9,6695,497660,1,4,2,1,4,2,7,7,28
CB2XAJG5D,満開,N9B8HXXR0,25時、残陽で。,859,5,6696,497570,1,10,4,1,9,9,7,1,42
AJEC3YTCF,かくねこ,EPWMMAXNY,蓮ちゃん初心者,1114,12,6697,497480,1,5,1,4,5,5,5,5,31
XHPR8PV5Y,kappy,WLFW6UCX5,無敵級ビリーバー,722,0,6697,497480,2,1,1,2,4,4,1,5,20
6X1WHVMZJ,むーみん,AVX749PPB,姫芽ちゃん親衛隊,1108,7,6699,497390,4,6,1,5,6,6,4,4,36
IY3SSNV7D,えでん,0JY7F3EKU,さやか愛でる会,1031,12,6699,497390,1,6,1,4,4,4,4,4,28
5FP179D2A,サウナおじさん,NLB84DYBF,下松系拉麺同好会,973,3,6701,497300,3,5,1,4,4,4,1,4,26
5X12LAZFL,si--sa,57UT319NN,蓮ノ空同好会,577,0,6702,497210,2,1,1,1,1,6,1,4,17
H9GK7YEJ1,さかさま,Y2P9LABR2,スクステ同好会③,1306,13,6703,497120,4,5,4,6,4,4,6,4,37
MS0FEJ2HP,み,C2XLWUTL1,夕霧綴理親衛隊,982,3,6704,497030,1,1,1,1,1,3,1,9,18
XJRADRN7J,ウサンドラ,FTY0R8KPH,泥の皆様,1196,14,6705,496760,1,4,1,4,5,2,4,7,28
LF45W7BU7,ゆーり,HHMRTM0P7,つづさや党,1175,15,6706,496670,1,8,1,4,4,1,4,7,30
M8LRV411T,ぴてん,RNJ306W6N,日曜日よりの使者,1088,3,6707,496580,1,5,1,5,5,3,5,1,26
7GEUC1E8X,にぁあああ,JWUL2T36L,チーム初心者,654,0,6708,496400,1,5,1,4,4,4,4,4,27
ENXR1TAR4,ラフランス,1YLFFXC1E,安土桃山時代,913,4,6709,496310,1,1,1,1,5,4,1,6,20
740KCYCHL,.tw,4K26FFX46,一人サークル,985,4,6709,496310,1,4,3,4,4,4,4,4,28
M3XE18VEP,Tc,LJNCAEVAP,蓮ノ空さやか研,310,0,6711,496130,4,10,4,8,5,8,2,1,42
3EEI0XHP4,すうでん,6D57FX14W,おらおらぱーく,505,0,6711,496130,1,6,1,1,1,4,7,1,22
NGFCPGMWM,青野パスタ,K69M1X95F,アイリス,932,0,6713,495860,2,4,2,4,4,4,4,4,28
LBUY5X814,こーき,26JDLMBLN,徒町は強く生きる,985,8,6714,495770,1,5,1,5,4,4,5,4,29
2VR0TTL8C,ゆーり。,,,1055,0,6715,495680,1,4,4,4,4,4,1,4,26
9WWLGUWKK,づ彼岸の花ゞ,5X39Y4ED4,蓮,814,3,6716,495500,3,2,1,4,4,4,1,1,20
HZDPQN12V,ぼたん,G59NGM0XA,シュリーレン,1233,3,6716,495500,1,2,1,1,1,2,1,1,10
L04WF4JV8,トニー,22PYAXMA7,ななみゅー,1054,3,6718,495410,2,4,1,4,4,5,4,4,28
18FJ0Y28J,Alaire,7XH3K4GBT,LLP,763,1,6718,495410,2,10,5,1,4,6,1,4,33
YXUCHAMRD,抹茶大福,FHN78V2DJ,無言でどうぞ,1011,4,6720,495320,5,1,3,1,1,5,1,1,18
55BFWMH5B,ヒスイ,1F5EPPMLD,UR貰えればいい,671,2,6721,495230,4,9,4,1,7,5,1,3,34
MW29X2TV6,シノア,9AYD3XJ2D,ぺんぎん隊,1228,20,6722,495140,4,4,1,4,5,5,4,4,31
M5B5O23IZ,もっちゃん,JVUNVCT8P,梢先輩のASMR,1452,20,6723,495050,6,6,6,7,6,9,7,8,55
K3KNAGMA8,eva,J0DGEAYBM,えびぷと筋トレ部,862,0,6724,494960,2,7,1,1,1,4,1,4,21
9YYPCZOER,まい,7P4CAER9X,まったり倶楽部！,1118,4,6725,494870,2,4,1,4,5,4,5,5,30
NXN5BEHM2,モルカーホー,2JK7E4115,ラ！推し,1140,0,6725,494870,3,6,1,5,4,4,4,5,32
T4H07G69B,りーふ,BTVC9G95X,FES用,1120,16,6727,494780,1,4,1,2,4,4,7,5,28
VU76ELM5D,r,AVY8PECF0,初心者の集い,580,5,6728,494600,6,6,7,8,10,8,6,7,58
K1GD24E43,仔犬,X33HHA9F8,アルストロメリア,906,0,6729,494510,3,7,1,1,4,4,1,4,25
Z26C7NHJD,カン,4XRHRYDW4,無言でエンジョイ,1246,13,6730,494420,1,6,1,4,5,4,5,5,31
G2K1OHMFD,夜船　北窓,9EYH317R8,イカトンブライ部,1225,7,6731,494330,1,4,1,4,5,3,5,7,30
WTGR940GN,ちぇっき,X34LWGL6R,サークル2,1285,12,6732,494240,2,1,1,1,1,2,1,1,10
ECZZVWEPW,AKY,W3F0URUJC,梢先輩応援団,1123,2,6732,494240,1,4,3,1,4,5,2,4,24
IMII1IU2H,はやて,ULUELCJ7T,なるようになる？,1264,2,6734,494150,4,5,4,4,5,4,5,5,36
HM0BGJUWX,イド,XBYPEYL3W,蓮ノ空,573,0,6735,494060,1,1,1,4,1,1,4,1,14
WNTKTE12A,ヨコ,AC94W0LN2,無言で自由に,1040,6,6736,493880,1,1,1,4,5,5,4,4,25
MGR1HNTP5,侑,AHE0E3JND,ありがと！にひっ,988,0,6737,493790,1,7,1,4,4,4,4,5,30
3LVL00134,澁谷あのん,AKF1PWWUL,やっぱかほこず♪,1221,8,6738,493700,2,4,1,5,4,5,5,5,31
54NDD8AW6,りんか,PNKCBFP4B,おばんです,772,2,6739,493610,10,5,1,8,6,6,7,1,44
MAH8YL50V,テルミ,EMAN1DMK8,いつものメンバー,1097,5,6740,493520,2,2,1,1,8,8,7,2,31
T3H5ANFY2,くもすずめ,0PFGRW8W0,ごはん処,979,8,6741,493430,4,4,4,4,4,5,4,4,33
1RTP3M013,しゅんすけ,WBW66DMUB,るりめぐ研究所,602,0,6742,493340,2,5,1,2,2,7,1,1,21
H4OG1LBAN,ハルキ,28XJ8NK4L,蓮ノ空まったり部,1090,4,6742,493340,1,1,1,7,7,6,1,4,28
FB61BUJR8,YN,T4WY63DB9,ういのま,649,0,6744,493250,2,1,1,1,4,2,4,4,19
U90NG6PEZ,asari,58FD7UF8J,としとしサークル,1142,4,6745,493160,1,4,3,4,4,6,4,1,27
2J6BM4797,たっち,WN5B7VKPU,きんぴられんこん,1576,10,6746,493070,2,8,4,5,5,8,6,5,43
A08XTWBD3,夏猫,4H5NDMYH9,蓮ノ空芸学高専,998,0,6746,493070,4,5,4,4,4,4,4,5,34
YKMZR9R19,Aryn,CM5THHYHB,「」ノ空だけれど,1326,6,6748,492980,5,5,5,5,5,5,5,6,41
2HYEWYXU3,ぶびず,4TE2DCLVN,マッタリ～ズ,1239,5,6748,492980,1,1,1,4,4,3,4,4,22
BHW6IYEUZ,bcr,DALU6BL7L,東方星蓮船,1109,11,6750,492890,4,4,1,1,4,2,5,1,22
8TJ5IPA58,アカシマ・ユウ,L1VGJTD5P,蓮ノ空お茶会部,1501,4,6751,492800,2,7,1,5,6,6,5,5,37
49E3LJATM,ONEPY,VNEJ2RNW0,まったりんくら,531,0,6752,492710,2,7,1,7,2,2,2,7,30
AJBWSP306,gabry,PDMPF3VVV,r/LL,1051,16,6753,492620,1,4,2,1,7,6,7,5,33
WLG41R13G,ナコナココ,,,303,0,6754,492530,2,4,1,4,1,1,1,4,18
TLU053C8V,しんみ,9EYH317R8,イカトンブライ部,905,8,6755,492440,2,1,1,1,5,5,4,4,23
WCWPLM931,かほ♡めぐ,L6MF2MPBN,みらくらぱーく党,823,2,6756,492350,1,1,1,1,1,2,1,1,9
EY6VF5WB6,タケノコ,UX96YX4T1,『位置について』,893,5,6757,491990,1,4,1,4,1,4,4,6,25
858VFPHL6,キラ,,,1676,11,6758,491900,7,9,7,7,7,7,7,7,58
4F681CABD,ぐっじょぶ,1D7T2UXC2,無言でのんびり,959,4,6759,491810,1,4,1,2,7,4,7,5,31
XGL0PN4G0,コメライハン,Y7KJ3PM8P,蓮すきすき同好会,1095,12,6760,491720,3,3,2,6,5,2,1,5,27
6EFAA46YJ,ゆらばり,PFKGCTRJM,Ⅲ類隔離所,571,0,6761,491630,3,5,2,4,3,6,3,4,30
WD7HPQ7MW,ツバサ,0CBM28JP6,ほうき星,1086,12,6762,491450,1,4,1,4,4,4,4,4,26
Q03DMMBLH,モチモチのまさ,CXG25026E,泥のみんなS,1079,5,6763,491360,1,5,1,1,7,4,1,4,24
40TOQV5U0,春乃はじめ,KC1W74B9B,蓮六園,1224,0,6764,491270,1,7,1,4,6,4,6,5,34
RZFWQ8Y6F,そふむに,JY79RPB1D,リンクラゆる部,1131,10,6764,491270,1,2,1,1,5,4,2,5,21
0R2H1NVHY,Juck1968,0B8RTHY4D,のんびり屋さん,811,1,6766,491090,3,1,1,1,1,2,1,1,11
TLB0XTTF6,けるける,976BY5JWK,ハルカカナタ,620,0,6766,491090,1,4,1,4,1,4,4,1,20
0KKHW7C3R,hiroshi,7XH3K4GBT,LLP,1377,15,6768,491000,2,10,2,1,1,2,1,1,20
BZ8INXWAZ,アリス,YAY2UK2CT,蓮の空研究部,1370,4,6768,491000,1,5,1,4,5,6,4,5,31
8WAJA25AG,ロゼ,427WENUC4,心の癒し～蓮ノ空,1174,12,6770,490910,2,2,1,1,1,3,1,1,12
H7JKYDYX6,あきまる,D3PGC4352,めぐにゃん懺悔室,1046,10,6771,490820,1,1,1,5,5,4,1,4,22
YM63N6YP2,toki.,XEENRBXCG,蓮ノ空休日クラブ,440,0,6772,490730,2,2,3,1,3,4,2,1,18
B95E9URBE,はぎの,N1DJVPGP8,いつでも咲けるよ,1283,18,6773,490640,4,8,2,2,5,5,4,7,37
VCO2L8OWK,お餅,E49YWK5YC,酢蓮根,937,1,6773,490640,2,1,1,1,5,6,5,1,22
HHF5D1P2M,レシィ,Y7KJ3PM8P,蓮すきすき同好会,1203,9,6775,490460,1,2,1,2,5,6,1,5,23
Q5P1IM6R0,Reisalin,VNEY6C9BE,スリーマーメイド,486,0,6775,490460,2,1,1,1,1,4,1,1,12
UJU4N843X,みき,AHE0E3JND,ありがと！にひっ,1072,8,6777,490370,1,7,1,4,5,4,1,4,27
55WB7URCJ,Ai,YPCV99XW5,いいづかくん,316,0,6777,490370,3,4,2,1,4,2,2,1,19
N6GY81CL3,Jz,M08GKL70U,ららマジ難民の会,386,0,6779,490280,5,8,3,7,6,8,4,4,45
7U1801MJT,カイト,AXGGJ4EJ1,所属だけしたい部,479,1,6780,490190,1,2,1,4,2,5,2,1,18
NLUJE7DRJ,瑛,W17PJGEG9,お気楽亭,882,8,6781,490100,1,1,2,1,1,1,1,1,9
0U2JP4E00,みや,6YTAMD33M,リリエンフェル党,1223,7,6782,490010,1,1,1,1,1,2,1,1,9
PH3D6EJ6M,ななしか,KA652DGYV,ゆるリンクラ,1129,14,6783,489920,1,7,1,4,4,6,4,4,31
30X7B04U8,ゆね,E7UBFLW56,同好会の同好会,1121,7,6784,489830,2,1,1,1,1,4,1,2,13
ZOKO09OOJ,朱夏holic,AH27N260E,百生信託銀行,836,4,6784,489830,2,1,1,4,3,3,1,2,17
H5ANPW2E2,ハルカ,,,239,0,6786,489740,1,1,3,1,1,1,1,1,10
9NLTCJA1P,カワカミ,1UBNNHVLG,蓮箱推し（仮）,582,1,6787,489650,2,3,1,1,1,4,1,1,14
NMAXCUPFZ,(○▽○),8FR866PRY,蓮っ子みらくラブ,1252,20,6788,489560,3,6,5,5,5,6,5,6,41
3CJ88J34V,雪妍せこ,0GU64Y5FB,蓮ノ空283プロ,490,0,6789,489470,1,2,1,1,1,2,1,1,10
QAAUWSLLE,椎名ありさ,KFC62L0FV,ねるねる同好会,1244,12,6790,489290,1,4,1,1,5,4,1,5,22
YJP5K201C,west,F90XW14UP,のんびりプレイ,671,0,6791,489200,2,6,1,4,7,5,4,5,34
FRGYTQPBJ,こな党,639NXLKJ5,Lotusky,984,6,6791,489200,1,3,4,1,2,5,1,1,18
YAFAUHEJA,よは,0JY7F3EKU,さやか愛でる会,1261,9,6793,489020,1,8,2,4,6,6,5,4,36
VKGJEMJ3Y,いとせん,407VAU0TT,ログボ勢の集い,867,4,6794,488930,10,10,10,10,7,7,6,7,67
C52CHKFEF,雨美,P2J37FNLG,乙宗先生指導会,689,5,6794,488930,3,4,2,2,10,3,6,5,35
CF5AWYLYM,guradius,V7768X8AC,せーので！,1145,7,6796,488840,1,4,1,4,6,6,4,4,30
T6RUYR7LR,Yuki,K69M1X95F,アイリス,421,0,6797,488660,1,5,1,1,6,4,1,1,20
36KLKR2TG,ZERO,UXWL7V4CE,蓮ノ空女学院,1180,12,6798,488570,3,1,1,1,1,3,1,1,12
NYQTWYLT1,digi,CPT7M02TT,起きられないマン,1245,10,6798,488570,1,6,6,6,6,6,5,7,43
RART0P7SB,ぶろっく,YLJ2PP4X4,全日本謝罪同好会,1398,4,6800,488480,1,5,1,5,5,6,5,5,33
FT42JAJPY,いさほ,D7B3UYDX2,ダージリン倶楽部,1367,18,6801,488390,1,6,4,2,1,4,7,7,32
SHNGG6VH0,carbo,JA2C658FW,さや綴理の村人,1052,12,6802,488300,2,4,1,4,4,4,4,4,27
ERBECJNM7,涩谷香音,KGY709ULG,蓮の花束,329,0,6802,488300,2,4,2,1,4,4,1,2,20
9L6WCYTL2,ましろん,BEMED3RY1,無言無課金ok,939,2,6804,488210,6,8,6,7,4,5,4,6,46
GQHL511BS,からあげ定食,JR306W0RL,毎日がエヴリデイ,1224,5,6805,488120,1,4,1,4,1,4,4,5,24
TV57T4L7R,ぴー,5VCRU63W0,まっちみん,879,1,6806,488030,2,4,1,2,4,5,1,4,23
PEM9EFPCB,ひつじ,ABALH0AL3,楽園計画,964,9,6806,488030,2,1,1,1,5,2,1,1,14
19A9MUCBD,らゆ,V6DV6KETG,梢好き好きクラブ,1419,17,6808,487940,7,7,7,6,8,6,9,9,59
DVHW3B5VN,がつお,AR9HR528A,いろいろ実況,902,0,6808,487940,1,1,2,4,1,6,4,4,23
F5EL98FZU,皐月瑠璃,8GAY2WBT6,(・8・),1346,19,6810,487850,1,6,1,2,7,4,5,5,31
M4TVF2F7G,アポタ,P0U5KLWWW,ライグラ報酬部,708,0,6811,487760,4,6,4,4,4,6,4,4,36
8NNNP050A,花のように咲く,XYRA2MND0,蓮ノ空ゆっくり,274,0,6812,487670,2,1,1,1,1,4,2,1,13
V996FY5EP,ナツサイダー,J5CKL5YPX,ログイン勢かもん,686,0,6813,487580,2,6,2,4,4,6,4,6,34
HDMMYR0LU,ポロポロポポン,K8C99H42D,ルリと喜ド！愛楽,1135,4,6814,487490,1,1,1,4,2,5,5,4,23
XL260YCAJ,びにこん,9UA1G4YRP,カボチャのプリン,637,1,6815,487400,2,2,1,1,1,1,1,2,11
W1XAEMK31,アヒル,DFXN9DB2H,どんぐり共和国,1214,14,6815,487400,1,10,3,4,2,3,1,7,31
6FA3POQG6,キュアガンキン,AND13836G,乙宗梢親衛隊,1300,5,6817,487310,1,7,1,4,6,4,4,5,32
N83106WNY,きさらぎ〜,BT22M41DV,梢花帆吟子同好会,944,5,6817,487310,2,10,1,9,7,6,1,4,40
NXJB9FHJA,おっぴっぽ,F31A07X4V,蓮ノ空福井分校,1017,5,6819,487220,2,2,1,1,7,5,2,5,25
H9484RAAB,プラナム,,,303,0,6820,487130,2,7,1,6,8,5,5,7,41
PYFYGXG2N,あお,1YJAD660D,株式会社　蓮の空,470,2,6820,487130,2,1,1,1,1,1,1,1,9
CUMGUDP92,なす,DJC4WJXGV,無言出入り自由,336,0,6822,487040,1,4,2,1,6,3,5,5,27
5NWJTAN5C,白雪,X7YM9EG8K,伝統の石川地酒,312,0,6823,486860,1,1,1,1,1,4,1,1,11
30JAHT41T,はちまき,15UKCFG7X,ろーたすぺたる！,960,10,6823,486860,1,4,1,4,3,2,1,1,17
E5L0427X6,さっと時々ちっと,W9V6VTXAN,梢先輩の歌声好き,560,0,6825,486770,1,4,1,4,4,2,4,1,21
176GXTAW6,Yuzu(英梨),XA0XD41CM,ぼっちぼっち,693,0,6826,486680,5,10,3,7,10,10,8,9,62
367STOU6L,ハロめぐCEO,3LUL3WR8Y,零組,1069,6,6826,486680,2,4,1,6,5,2,4,1,25
EK1DBEXLU,タイトルホルダー,X34LWGL6R,サークル2,1327,13,6828,486590,1,4,1,2,1,3,5,6,23
NPNP4C1J6,ポム,N1DJVPGP8,いつでも咲けるよ,1453,2,6828,486590,1,4,1,4,1,4,7,7,29
6NKB092MP,かんきつけい,FMKP92LRL,目が霞む人達,428,0,6830,486500,1,4,1,4,7,2,4,5,28
T667M6HQA,Rine,BK8AXMYGC,いってらっしゃい,1016,12,6831,486410,1,5,1,1,1,5,1,1,16
LHRXVJXOE,たか,YN8B5JGWA,我思う故に我あり,1020,0,6832,486320,2,4,1,4,5,4,5,5,30
Q45T194E6,きなこ,36T6UB6YA,まったり箱推し部,1183,7,6833,486230,2,4,1,4,5,5,5,5,31
00XE0WB5M,カフェモカ,N94LEWF2D,無言よわよわの会,1211,20,6834,486140,7,9,7,7,7,7,9,9,62
CMH3C794R,COA,AHE0E3JND,ありがと！にひっ,812,2,6835,486050,2,4,1,1,4,5,1,4,22
SKJG5KVOL,タロイモ,T8X0G07YB,なければ立てる！,1362,3,6836,485960,1,4,1,3,5,2,8,9,33
ZPA0I3PHI,ユキ,BEMED3RY1,無言無課金ok,759,2,6836,485960,3,9,1,4,10,6,4,5,42
9GI65WS8C,ロッソ・幼妻,EHY4K2164,泥…ご期待下さい,1120,2,6838,485870,2,1,1,1,1,4,7,4,21
AGBBM8KBP,のりりん,RFY8A88VC,長老連合,846,6,6839,485780,2,7,1,4,4,4,4,5,31
YWPCELXWX,よしみ,WCL6R1ANU,無所属の会,508,0,6840,485690,3,1,1,1,1,2,1,1,11
8HUCJYW25,ざこし,GR65FP8VN,蓮好き,1211,14,6840,485690,1,4,1,1,6,6,1,4,24
HITGMVHPO,としゆき,M44P06CH5,つづさや見守り隊,834,3,6842,485600,2,4,2,1,3,4,2,7,25
BR8HFE6NP,リや,DF7FA982P,蓮ノ空百合部,1324,7,6843,485420,2,4,1,1,8,2,7,9,34
5EMH7WF6X,UNJADED,2B97MH4YA,同じ話し何回も…,322,0,6843,485420,2,1,2,1,3,3,2,1,15
TJFZYLD2C,K,5NPVVUGH7,蓮すきすきクラブ,1248,9,6845,485330,2,7,1,1,5,4,4,7,31
DNYU68VF4,105Party,CXG25026E,泥のみんなS,677,0,6846,485240,2,6,1,4,4,6,5,4,32
YY2RNLA7P,シュン。,321FF56TK,リンクラ芸楽部,871,2,6847,485150,2,2,1,1,1,2,2,1,12
LYUHYHVPU,土佐吉行,WJY2HK6A5,蓮の空イベント部,1005,3,6848,485060,4,7,4,4,9,4,5,7,44
RHJ3RNVTM,すけそうだら,1KDUBW4HB,めぐ党0番,362,0,6848,485060,2,5,1,1,4,4,4,4,25
6BFCN4G1W,鮭,N6TVG18P8,すきすきクラブ,320,0,6850,484970,2,9,2,1,6,6,1,4,31
6J66E3E08,ミカン,1GJC67JLM,無言の泥,859,6,6851,484880,3,5,2,5,1,5,4,4,29
XL1HY0RM7,Hare,W3UUXHMDV,水彩ブーケ,333,0,6852,484790,8,10,1,1,3,7,4,2,36
DL2XCYFP7,しあん,424NLTEE8,無言な異次元部屋,1091,6,6852,484790,2,5,3,4,7,8,5,5,39
A0EBKT11T,アゲハ,9UKKACGDU,蓮っ子CLUB,1194,4,6854,484700,1,6,1,4,5,4,4,5,30
BB4E7QNG5,近眼ダーツ,28XJ8NK4L,蓮ノ空まったり部,960,0,6855,484610,1,1,1,1,1,2,1,1,9
5M9Y120TC,エスクード,37N3TNTVB,推しを布教する処,972,3,6856,484520,2,2,1,1,7,4,5,5,27
RE10G48SW,エルパサ,1DU9LCND7,蓮ノ空すこやか部,1294,2,6857,484430,2,5,1,4,5,5,5,5,32
3766CXECK,ショちゃそ,GMEF2K8DL,花咲く泥も好き²,1103,2,6858,484340,1,7,1,4,4,6,4,4,31
MGXVRNPEJ,とんこつしょうゆ,LLDLG20UU,UR取り隊,959,10,6859,484160,2,9,3,5,4,7,4,4,38
2SJ5X016H,マキナ,762FM3JV4,一蓮托生,1217,4,6859,484160,1,4,1,1,5,5,2,4,23
9AU0A12JU,tzr,2K5AM4RV0,とろぺりです,969,0,6859,484160,1,4,1,1,7,4,7,5,30
0OC1B7K4Y,トチギ,TKVR3KU7L,ネギトロTKG,1023,0,6862,484070,2,4,3,4,4,4,4,4,29
BPLKUFA3C,neo,,,501,0,6863,483980,1,5,2,1,3,1,1,1,15
DMZICJ1FP,めたつか,JDAG79TG7,百合ノ空観察部,1379,6,6864,483890,1,5,1,4,4,4,5,5,29
353W47H4M,かまぼこ,P3T2T39HF,新川地区ノ空,1363,5,6864,483890,1,10,1,1,5,4,7,7,36
XY0Z49DNI,香  林坊,TTDBXERCU,蓮ノ空 全力応援,1280,15,6866,483800,1,5,1,1,4,4,4,4,24
XBI9JOAGU,田中鈴木,DF7FA982P,蓮ノ空百合部,1265,2,6867,483710,1,4,1,5,5,4,4,5,29
8MLGL7DT1,おりあす,LJDN0RMYD,Treple T,1009,0,6868,483620,2,5,1,4,4,5,4,4,29
7UJAGVMYR,ルト,,,345,0,6868,483620,1,7,3,5,7,5,1,5,34
PPWC3DG9N,しょとう,DBHVM0X7P,ガンフィンガー村,944,2,6870,483530,2,1,3,1,3,2,2,2,16
2M7Y18NEH,北陸の旅人,XPX36F6JX,無言初心者お試し,1098,13,6870,483530,1,7,1,1,4,4,1,5,24
7H61HWF0G,みかん,PMME7169X,蓮っ子動物園,683,2,6872,483440,10,1,1,1,1,4,1,5,24
Y1NM3TMGE,ココウコウ,9C0KWR782,まったリンクラ,580,2,6873,483350,1,4,1,1,3,2,1,1,14
I45HQK45Z,練心,HA6MUTC30,自由なのだけれど,1082,3,6874,483170,1,6,1,4,6,4,4,5,31
1RDA5EXS4,なか,3FF3NB77X,せーはす愛好会,1071,2,6875,482990,4,4,1,4,1,2,4,1,21
VNK92DGXZ,エルド,M44P06CH5,つづさや見守り隊,777,2,6875,482990,1,10,1,9,4,2,4,7,38
0800H8M5L,とんぬら,1D7T2UXC2,無言でのんびり,1130,16,6877,482900,2,4,1,1,7,2,8,8,33
9G5XKQESN,そら,R1RM3X0WV,後方腕組みオタク,504,0,6877,482900,1,1,1,1,1,1,1,1,8
DHKAXA5MW,こうすけ,X33HHA9F8,アルストロメリア,935,3,6879,482810,1,2,1,1,8,3,2,1,19
9RVAC5A7C,花帆ちゃん,1H5P6KV81,さやかの水着,440,0,6880,482720,2,4,2,4,1,4,1,1,19
AGHF59BHT,サバタ,WWWUTP96L,異次元からキマシ,938,2,6881,482540,2,1,1,1,5,4,5,4,23
2T77PDGCC,ツッツ,4NDAG5E9N,国産牛のにげあし,808,0,6882,482450,1,5,1,1,5,4,4,4,25
ZPX82XGYB,とりらる,LJDN0RMYD,Treple T,1124,6,6883,482360,1,6,1,4,4,5,4,4,29
4BFHGIQDU,抹茶塩,0CWLHPYY3,茶房 瑞蓮庵,1139,1,6884,482270,2,1,1,1,5,1,9,8,28
6KTF4MF77,なりりんご,ULUELCJ7T,なるようになる？,939,8,6885,482180,2,9,1,2,1,6,2,4,27
K3WKVRK1C,HeySeyKe,V6DKUH6JT,報酬だけほしい,686,0,6886,482090,3,8,2,4,4,5,4,5,35
NF536S6K9,竜宝,4AT31VFAK,イベント用円,1182,7,6887,482000,1,7,1,4,4,4,4,5,30
FERB70RR4,るり好き,3JDDUYURT,無言,865,3,6888,481910,1,5,1,7,2,3,4,1,24
XF646650E,なぽりたん,6N3F238R0,イベント参加用,1124,18,6889,481820,1,5,1,5,6,3,4,1,26
89RH4G5PY,KC,ANCNM0UPK,スクスタ適当部,1446,13,6889,481820,2,5,1,4,6,5,4,5,32
1KC0AKVJP,しゃいに,N1JAJ83CA,蓮ノ空園芸部,977,9,6891,481730,3,8,1,4,7,7,4,4,38
EO1SHYUQP,トラクロ,M49MMBK4F,スリーズパーク,366,0,6892,481640,2,1,1,1,1,2,1,1,10
L1TFY2ADG,かまえる,1G89KTD5X,サークルひとり,1076,12,6892,481640,5,7,3,7,7,6,6,4,45
D1V15W6Z1,みりん,7UAN6RT0D,さや弁食べたい,633,0,6894,481550,5,5,5,7,7,7,5,5,46
CFALZDL3C,ミヤ,RNJ306W6N,日曜日よりの使者,1080,3,6894,481550,1,4,3,1,4,4,1,4,22
3VRQQ47CK,すみはむ,PHEKJB75C,乙宗四季恋愛㌠,698,2,6896,481460,1,1,1,1,1,3,1,1,10
MRKFEG9L9,テキオー灯,R9T0YKDW8,かちまち応援隊,855,4,6897,481370,2,3,1,1,6,6,4,1,24
9PF2CD2KM,tama8101,XTMGPY62U,スクステ初心者,1099,19,6898,481280,3,6,3,4,4,4,5,4,33
B86Z9ZX7I,亮,TM19BMU7C,ソロプレイヤーズ,1291,7,6899,481190,1,7,2,5,5,5,4,6,35
BJTK5XOHC,やや,CTW8DKV5P,まったり,1499,17,6900,481100,1,4,1,1,2,2,1,4,16
7WMTHLK7W,とっぴ,BDD8R1HDD,蓮の花を見る会,852,2,6901,481010,3,8,1,1,1,3,1,5,23
2423LNY1P,野依,BTVC9G95X,FES用,1117,5,6902,480920,5,8,7,6,8,10,10,5,59
94MNHE2N9,tmazda,0RVUANVB3,さやさやびー,1470,10,6903,480830,3,4,1,1,5,2,7,7,30
YV25YFBW0,ゆめ,C3U9M5M0N,マグナムクラブ,1165,9,6904,480740,1,2,1,7,5,4,1,6,27
RNWCJJL66,なおす,B5PCT2J9B,とりあえず,979,0,6905,480650,2,5,1,4,4,4,4,4,28
8IS47YLW8,さくらとーふ,AXG81GPMP,蓮ノ空マタギ部,980,1,6906,480560,1,2,3,4,1,5,4,4,24
LR9HTFBA1,オストアンデル,88UCMPAAB,孤城から見渡す,716,3,6907,480470,2,8,1,1,1,1,1,5,20
53EWKJJMA,スリブ最高,,,256,0,6908,480380,4,4,1,3,1,3,1,1,18
QC606PFW5,マリとも,XPX36F6JX,無言初心者お試し,977,7,6908,480380,1,4,1,1,1,4,1,1,14
6RL6QTOF7,小路,4NFMU2WME,好きだかんな？,584,1,6908,480380,1,1,1,1,1,2,1,1,9
3FCUYWNGY,観月しおり,Y6JNPC60C,綴理メイト,1436,5,6911,480290,2,10,1,2,9,9,9,9,51
ABVWM6BAB,ぺぺ,T4P115XHD,サークル,748,3,6912,480200,1,4,1,7,7,3,1,1,25
DNAOA014D,ミナト,07JW71HWG,良いチケで観よう,1320,4,6913,480110,1,2,1,5,7,2,4,7,29
V5UATWVGW,鮭,2VJG66JTH,まったり,874,0,6914,480020,1,1,1,1,1,4,1,5,15
G743E516G,八木大輝,6UAFKBRPN,リンクラ初心者部,1139,16,6915,479930,5,8,3,5,8,6,8,8,51
C55GKKR0X,松竹梅,NJBBTCY3A,かにかに！,1205,20,6916,479840,1,4,1,1,4,5,4,4,24
X71Y6GTAD,マーライオン,MVYAVX8BK,きらきらきらら,1059,10,6917,479750,2,2,1,1,7,2,8,8,31
JYD5BVN7J,みさっぴ,28XJ8NK4L,蓮ノ空まったり部,1118,4,6917,479750,2,6,1,4,6,4,4,5,32
VENF7V4VV,エルエル,GJCKB88YE,P&S,817,0,6917,479750,2,4,1,1,4,2,1,1,16
MM1LE4HP9,干支,V3FAH8CM4,初心者の会,535,0,6920,479660,5,5,1,2,4,6,1,1,25
H4PN6L5DP,いろはす,YLJ2PP4X4,全日本謝罪同好会,770,2,6921,479570,1,6,1,4,4,3,4,1,24
Y6MTYN68T,名誉会長,V8PE7XEWX,松任工場を偲ぶ会,1008,2,6922,479480,1,5,2,4,4,5,4,4,29
3ENV0VJ2G,良きあり,KHAKJKC0A,のんびりまったり,564,0,6923,479390,1,1,1,1,1,2,3,1,11
3K5YTL18N,アテルイ,M6UPWJ6DU,蓮結ぶ虹と星の音,1234,20,6924,479300,4,8,4,1,5,4,4,9,39
PD0K8XGC9,星影,FNHT9JFY4,リンクラ楽しむ隊,712,2,6925,479210,1,7,3,1,3,4,2,1,22
81WYGZFL2,六花,R3UE4PGCE,うさぎ小屋,1004,1,6925,479210,1,7,4,3,5,4,1,5,30
FP3DHCLMV,ゆー,Y4G0KF6NB,無言でやる会,988,5,6927,479120,2,1,1,5,5,4,1,4,23
3M860RPRX,バリカタ,PHMJLJY5E,ラブライブ愛好家,1062,8,6928,479030,3,4,1,4,5,5,4,4,30
X2JJB4G30,いくら,9C0KWR782,まったリンクラ,364,0,6929,478940,2,5,1,1,6,3,4,6,28
7W4J0O8ZQ,ひたひた,FMKP92LRL,目が霞む人達,732,0,6929,478940,3,4,1,1,1,2,1,4,17
LUNL3885T,零,XHJLF3R8H,ゆったりプレイ,750,5,6931,478850,1,6,1,1,5,2,1,3,20
ORAWHJR0C,としさん,DH97ANN9G,ツキマカセ,1169,8,6932,478760,1,2,1,1,5,6,6,1,23
LX89GL5HN,太郎,G3EKBADTC,リンクライ部,1225,1,6933,478670,1,7,1,4,6,5,4,5,33
426A1W1D9,たかはち,WJY2HK6A5,蓮の空イベント部,481,0,6934,478580,1,1,1,1,2,9,1,4,20
PCWE2CNVG,れむすけ,,,566,2,6935,478490,2,6,6,1,1,1,5,5,27
M1FR8LDYD,T＆M,PWK02KG0F,メメントの森公園,711,0,6935,478490,1,4,1,1,1,2,4,1,15
6JS3SGQ5U,とりのてんぷら,KJU0BU77M,無言交流なし,570,0,6937,478400,1,4,1,5,1,6,6,7,31
9DKTMF2EY,まんまる,XF4WX9L1E,ソロ,957,2,6938,478310,1,8,1,4,7,4,4,5,34
BH8PEN0CV,どんなか,WN3LHKX0L,レンコンおいしい,708,3,6938,478310,2,1,2,1,4,6,4,1,21
2M7Y5V8IX,ゆーま,X33HHA9F8,アルストロメリア,1049,8,6940,478220,2,2,1,1,7,7,5,1,26
J9EVE566E,TxZdc,GCFA4WL28,乙宗梢を愛で隊,1032,7,6941,478130,3,4,3,1,4,2,1,1,19
YUL8Z4IQG,さくらふけい,D7UA5ER1E,UR報酬欲しい！,686,0,6942,478040,2,1,2,1,1,2,1,1,11
8B5HCGM0V,kary,R083H7WRN,サークル無言,900,0,6943,477950,2,6,2,4,5,4,4,5,32
DAFRCJC24,まーちゃん,9UKKACGDU,蓮っ子CLUB,1276,5,6944,477860,1,5,1,4,5,3,6,1,26
5K0GLNFQ7,えいき,GJ9C8YJE2,蓮ノ空大好き部,794,0,6944,477860,1,4,1,4,4,1,4,1,20
5LWYJ1WDT,とーもろこし,KXU941RFJ,梢先輩おめでとう,701,3,6946,477770,1,6,1,9,7,3,1,1,29
PV0JK81GC,うみ,1D7T2UXC2,無言でのんびり,387,0,6946,477770,3,7,1,1,6,7,3,1,29
9Q37SFRUN,しゆん,G8EE23LB9,虹ノ空クラブ,1182,11,6948,477680,2,4,1,1,4,2,7,7,28
L51E3JHJP,サスガ,3RH5MYBXV,こずめぐ党,1217,3,6949,477590,1,5,1,5,5,4,4,4,29
D2HRR151R,紅風紀,CJF72KJ6W,紅風紀ソロ,671,0,6950,477500,1,4,1,1,4,4,4,4,23
RPC66K6GN,ふむ,AVX749PPB,姫芽ちゃん親衛隊,257,0,6951,477410,1,1,1,1,1,2,1,1,9
73MD83B04,干潟デス,PV0H53DEC,Leave me,858,1,6951,477410,3,1,1,2,3,1,1,1,13
MJTYIT6NF,くらぱん,2LLNGYPU6,禁断のセカイ♡,998,2,6953,477320,2,4,1,4,1,4,4,4,24
F3KQ4QYP4,りゅーや,G9PDJV386,蓮ノ空初心者,874,4,6954,477230,2,5,1,4,5,4,4,4,29
W7PG1NY70,mn55,G202YTPW1,無言倶楽部,993,2,6955,477140,2,4,1,1,4,4,4,4,24
YST6TY459,にゃんたまらん,3EJX5WB1A,金沢綴理門,1365,5,6956,476960,2,6,1,4,5,4,6,7,35
1FDJCEM4Q,ハマイク,G0WRCNRWK,県立沢庵図書館,862,3,6957,476870,1,1,1,1,4,2,1,1,12
MYR1J6NZX,Таня,UMG1B9C7V,蓮ノ空女学院,1477,21,6957,476870,5,7,5,10,10,10,5,5,57
14UU8GDMM,ゆかぺ,NFMEGRJ45,社畜無言サークル,1091,13,6959,476780,4,10,7,1,6,7,6,5,46
JXD4N9BAM,マックル,JFNKGWBVV,ダブルマック,1129,6,6960,476600,3,5,1,4,4,6,4,4,31
632LXISEE,ゆいちゃん,RBH0YM8P2,蓮ノ空ラーメン部,314,0,6961,476510,2,1,1,1,2,1,1,1,10
KAX983NVY,羊,GW4CH70HK,TKG同好会,1020,3,6961,476510,5,7,1,5,5,6,2,4,35
87B24CNAG,グソクムシィ~,48GTYR1VB,ハラショー！,214,0,6963,476420,5,3,2,1,1,2,2,1,17
19WXKM4VF,lumis,FF4XH0P3A,ゆるゆるサークル,487,0,6964,476330,2,5,1,4,4,1,2,5,24
E6KWXUHYW,G,4FN0KWB4G,無言参加大歓迎！,547,2,6965,476240,2,7,2,2,4,3,3,8,31
GT78BV330,白銀(シロガネ),TD87P23DJ,黄昏の旅団,1094,14,6966,476150,1,6,1,4,4,6,1,4,27
LJ0BRY5LX,じみー,4XRHRYDW4,無言でエンジョイ,1334,3,6967,476060,1,6,1,4,5,4,5,5,31
PJCG15P8P,山形,1EL57CDR0,なんもわからん,413,0,6968,475970,1,5,3,4,3,6,4,4,30
X6D5T3NYG,紅音,VF517JBVB,無言でいいよ。,847,6,6968,475970,2,9,1,4,7,3,5,2,33
U7ZSQEUNS,keeee,GYG7B5R36,幼馴染同好会,1091,10,6968,475970,1,1,1,1,1,1,1,1,8
NCVAFWM7G,咲花,06DCWC1RE,とりあえず参戦用,1315,15,6971,475880,1,5,1,4,5,5,4,5,30
0CPELA2R2,さとしょー,2K5AM4RV0,とろぺりです,530,3,6972,475790,1,1,2,1,1,2,1,1,10
TNXCXYBBQ,こにさん,GR65FP8VN,蓮好き,1020,12,6973,475700,1,4,1,4,4,4,1,4,23
7S46MUHKS,塁治(ルイジ),2B97MH4YA,同じ話し何回も…,1523,11,6974,475610,2,8,1,4,5,6,4,5,35
G31LKBJPA,ミーシヤ,92DAKAG6N,鈍色の空,813,0,6975,475520,2,4,1,4,1,4,4,5,25
TP9QX75UO,みなみ,X33HHA9F8,アルストロメリア,1138,4,6976,475430,1,4,1,1,6,6,4,4,27
CFUH069J7,kaho1455,8K4V9DVNX,F2Pcrcle,770,4,6977,475340,2,1,1,1,1,4,5,7,22
4V75X1445,アリカ,N1JAJ83CA,蓮ノ空園芸部,1420,0,6978,475250,1,6,3,4,4,5,4,5,32
83GNCDLLF,村人i,3JDDUYURT,無言,1324,2,6979,475160,1,6,1,1,6,2,8,8,33
M5ULAVEHL,くれは,0YLUK30K6,蓮っコの集い,747,2,6980,475070,1,4,1,4,5,2,5,4,26
9352FGFD3,ゆずみっく,KC1W74B9B,蓮六園,308,0,6981,474980,5,6,2,1,1,8,1,1,25
2MEGJ2BLE,おのちゃん,8JMW9G2XW,僕らのリンクラ！,938,1,6982,474890,1,4,1,4,1,4,4,5,24
OLPMCDCFH,しゃおくう,1F5EPPMLD,UR貰えればいい,1395,9,6983,474800,1,5,1,4,5,4,4,5,29
F6SSOO979,Kn5（けんご）,3LPBPHL3V,壁の民の伝説,1478,4,6984,474710,1,1,1,1,7,2,7,7,27
Q8YX0Z3TC,andr4043,17AEM7PUN,SIFcord,1285,16,6985,474620,2,4,1,4,1,2,4,1,19
0AH218VTX,sou,,,471,0,6986,474530,1,4,1,2,4,1,1,1,15
32PSH8NV3,とん太郎,EWM0GK62C,誰でもどうぞ,1196,13,6986,474530,1,5,1,4,6,5,4,5,31
UPHHYLN50,HIME,0R8BXPRC1,ポチっ！とクラブ,573,0,6988,474440,1,2,1,1,1,2,1,1,10
4ZNKAAJ5L,もとき,JDAUTGR5N,花帆ウサギ,1341,15,6989,474350,1,6,1,4,8,5,5,7,37
3VSG0CBK9,KIRA,2BB5YVRFL,蓮好き好きクラブ,1077,5,6990,474260,1,4,2,1,4,5,1,4,22
1QF9NENI8,テス,72J5PWU5K,ライグラ待機室,1437,8,6991,474170,5,8,4,4,2,5,7,8,43
CTYXBUYM9,riderthy,7XH3K4GBT,LLP,819,4,6992,474080,3,5,1,1,1,4,7,1,23
WR85P8YC8,SHIPPUI,J80MEYHBC,Nymphaea,1165,5,6992,474080,2,4,1,4,4,4,4,5,28
UFGMHHA6K,まっちゃ,M6UPWJ6DU,蓮結ぶ虹と星の音,1130,8,6994,473900,3,9,6,4,4,4,4,4,38
72UA5YLNT,Nakhimov,AT3WYLPP8,SIDF,472,2,6994,473900,1,1,1,5,1,3,1,1,14
LVUF6AS2F,アロー,KT4P0CHHC,ゆったり同好会,583,0,6996,473810,3,3,1,4,5,3,2,1,22
AFAVWBTDB,Eustia,PULJ8VCHJ,蓮ノ空を推す会,554,0,6997,473720,4,4,4,4,4,4,4,4,32
69J4W6TUC,ぶろみ,PH0YEPJD8,蓮ノ空北國金沢,1063,13,6998,473630,1,1,1,1,1,2,1,1,9
1RCKD12PX,田辺,WPG6BCG83,基本無言,1435,12,6998,473630,7,8,3,5,7,7,9,9,55
73DX96MV5,あおい,7NJM1VURM,らんるん部。,234,0,7000,473540,2,1,1,1,1,3,1,1,11
7L0NTD5NN,美月,GPKTRBCTT,騎空団蓮ノ空支部,400,0,7001,473450,1,7,1,1,4,6,1,1,22
X7C4RA9D2,セナルアックス,M1DLCR0R8,花帆護サークル,1387,4,7001,473450,1,4,1,4,5,4,7,7,33
HMYBTUWBP,グロケン,YMKU30246,参加賞がほしい,503,0,7003,473360,2,4,1,4,6,4,4,4,29
83T8PIB1G,Mare,1D7T2UXC2,無言でのんびり,778,5,7004,473000,1,4,3,1,6,4,1,5,25
EYANBJZ73,薫り,0JY7F3EKU,さやか愛でる会,919,4,7005,472820,2,1,1,1,5,7,1,1,19
2RQY5EP7H,A級フリーター,WE4AB37FP,めぐ党,1126,7,7005,472820,2,2,1,4,4,2,4,4,23
MX6EY4O2U,ヒュウ,W3UUXHMDV,水彩ブーケ,1410,12,7007,472730,1,1,1,2,1,2,1,1,10
N0GZ6T2T2,じぇいそん,EEP20F2M8,綴理の綴り,1231,6,7008,472640,2,6,1,4,6,4,4,4,31
WLH7IIMER,矢澤としたい津島,J800VVPTN,Aqours,1198,11,7009,472550,1,1,1,1,6,2,1,7,20
RG7MB8BAD,ショコラ,3EJX5WB1A,金沢綴理門,1251,6,7010,472460,1,1,1,1,2,4,1,5,16
PH6LMDC3A,まーちくん。,MPPDGVPWX,気楽にプレイ中,283,0,7010,472460,3,10,4,10,7,6,3,5,48
ER58XY2KD,花宮初奈,3RH5MYBXV,こずめぐ党,404,1,7012,472370,3,2,1,1,1,2,1,1,12
VNL4H8L9G,ちりりん,WJY2HK6A5,蓮の空イベント部,502,0,7013,472190,2,4,1,4,3,4,1,1,20
C1MF4TITV,すみめぐ推し,DHKUGEWBJ,めぐ党虹ヶ咲支部,999,4,7013,472190,3,5,1,1,4,5,7,1,27
DUOVCMYII,木ノ実,CV62FGL1U,花咲かせ隊,1199,11,7015,472010,3,1,1,1,5,5,4,5,25
50G4MLG6E,がっくん,TCTEAMP9C,虹ちゃん最高！,1186,9,7016,471920,5,5,1,6,6,6,4,5,38
J3T684JRD,Tsuki,427WENUC4,心の癒し～蓮ノ空,504,1,7017,471830,1,3,1,1,2,2,2,1,13
UEHS8GPM9,フブ,MVRFVTGU6,無言&出入り自由,919,2,7018,471740,1,1,1,1,7,4,1,5,21
9YY625C69,Magician,HWWRP6K2J,家に猫がいます,786,3,7019,471560,4,4,1,4,4,4,5,5,31
RZFQ6W5C2,ぽむ,L28X4MDJN,アフター観たいぞ,1017,0,7020,471380,2,4,1,4,4,4,4,4,27
EY3VNNK71,蒼華,JWUL2T36L,チーム初心者,910,0,7021,471200,1,6,1,4,4,6,4,4,30
Y82F962XV,和奏,7UX6117P2,重曹圖書館,1069,13,7022,471110,2,4,2,5,5,6,4,4,32
0M7VSW1M4,イリヤ,BW38LDPRF,蓮浦の星空,1341,18,7023,471020,3,6,3,4,5,5,5,8,39
91FH71RM2,かにすい,PH0YEPJD8,蓮ノ空北國金沢,411,0,7024,470930,1,10,3,1,4,8,3,2,32
M7CU94U77,とも,HKETDDCK6,ぼっちざ蓮!!,459,2,7024,470930,10,10,4,1,5,6,1,4,41
YLHJLWAGZ,AIYU,KHAKJKC0A,のんびりまったり,1185,12,7026,470840,1,6,1,4,5,6,4,5,32
N5BVFTJER,まー,B10PM2856,のんきな学院生達,1001,2,7027,470750,2,3,1,1,5,4,4,4,24
ATLLQC6AP,Katsu,J62DRC7J5,蓮ノ空好き好き会,1164,10,7028,470660,3,8,1,4,7,8,5,4,40
2TNUAEMFN,みず,WCL6R1ANU,無所属の会,654,2,7028,470660,4,10,2,4,1,8,1,1,31
33DW2CD7K,duong,JPNNY7W5F,ログイン勢,670,2,7030,470570,2,1,1,1,4,4,2,2,17
MRELLY477,しょべる,8MTLYLH9F,木星月華黄金宮,246,0,7031,470480,2,2,2,1,3,2,1,1,14
C7TCEFG1H,猫月,H1G4CDT6C,無言自由,991,14,7032,470390,3,7,5,1,3,8,1,1,29
8Q77TBKAS,TOSI9906,RXXUPMWB9,待機室跡地観測所,1105,5,7033,470300,1,4,1,5,5,4,4,5,29
T1CWAIKC7,Dave,7XH3K4GBT,LLP,1115,12,7033,470300,2,1,1,5,3,2,6,7,27
7CM3LCYL4,さかな,2VJG66JTH,まったり,1034,4,7035,470210,1,6,2,4,7,5,4,4,33
SVRGYMZNG,スラベス,WXKKXU0H0,無名,893,0,7036,470120,4,4,1,8,4,4,4,1,30
09J07B810,いのさん,57HNJ07NK,みらぱ推活最前列,1314,11,7037,470030,1,10,5,4,4,7,7,5,43
7U9AWFF5B,シモンニキ,DULFP3TRN,めぐ党員の部屋,873,3,7038,469940,1,8,2,1,1,2,1,5,21
MVKFMLXP3,ぷりぷりのえび,C6V311T2P,LotuSky,860,2,7039,469850,1,4,1,4,1,4,4,3,22
AWXVY57HL,わっよ,CTW8DKV5P,まったり,1200,13,7040,469670,3,6,4,6,5,5,4,6,39
UCEF85XCN,たけさん,A7WWE0463,蓮ノ空初心者部,1036,14,7041,469580,4,6,1,4,4,5,5,7,36
0B9PEF8VF,ぴよ,M1DLCR0R8,花帆護サークル,660,0,7042,469490,1,3,1,1,2,6,1,5,20
5WBKNQOBH,澁咲穂歌夢,866DU609J,ラ！スレ@may,1160,9,7043,469400,1,4,1,4,4,2,1,6,23
XRI7GBWS5,マサキ,KBJ2P8T0Y,人見知りの集い,1084,4,7044,469310,3,4,5,1,5,4,5,4,31
X40AG8MC1,あいじぃ,UMG1B9C7V,蓮ノ空女学院,953,2,7045,469220,1,1,1,1,1,4,1,4,14
TFRHQLV11,ソウ,,,810,2,7046,469130,2,6,2,5,4,5,4,4,32
N5TL4EU79,ぷらこま,M74P64HDW,金沢サニーランド,1100,10,7047,469040,1,5,1,4,4,5,4,4,28
J1G449T97,綾月,KC1W74B9B,蓮六園,559,0,7047,469040,2,5,1,1,1,2,1,1,14
1NQKAKGPH,さおり,1F5EPPMLD,UR貰えればいい,1208,2,7049,468950,1,1,1,4,5,5,4,5,26
V4XYAUYND,じぇにふぁー,R6XT8CU24,りんくらぱーく！,875,1,7050,468860,1,4,1,4,4,4,4,4,26
0OH0VV1DQ,真琴,EC28PB9KN,梢画伯工房(Фω,1064,2,7051,468680,1,4,3,2,6,5,2,4,27
CA3PEGT3B,きいす,TK9E1BB1P,無言で自由,1095,9,7052,468590,3,2,1,7,10,8,2,1,34
397DYE14F,紺野美咲,DPYCLN4EY,冥いゆりかご,743,5,7053,468500,3,6,1,1,1,4,4,1,21
U3FUDEE7O,御門凪,6HV2RH6TU,イベント用、無言,1367,14,7054,468410,1,9,4,5,4,7,5,5,40
TTJ2P3G23,壁,1EBG7YUTL,菅！CAN！叶！,732,1,7054,468410,1,2,1,1,1,2,1,1,10
LKE2RRAB1,なん,M4YY7PV0G,ブルーロータス,819,0,7056,468320,1,8,5,4,5,6,4,4,37
JVHH9VB92,ゆっぴぴ,WFPA7YJE1,蓮ノ空文芸部,854,2,7057,468230,3,1,1,1,1,6,1,5,19
N64GB89BA,スティーブ,GN1798YEX,ド!ド!同好会,620,2,7058,468140,1,1,1,1,1,2,4,1,12
CX8RL3EPK,男小鸟,YVV9CMBLW,東京公演で沼落ち,960,7,7059,468050,1,5,1,1,1,6,1,1,17
D1CPMDAYW,ヨリック,N8L41JAA7,無言 ノルマなし,633,4,7059,468050,2,2,1,3,4,6,2,1,21
V57J3U87W,あだじお,97BGFLKW9,◯◯◯,331,0,7061,467960,3,4,2,1,4,4,1,1,20
DBR6M0VDH,Hins,8MTLYLH9F,木星月華黄金宮,309,0,7062,467870,3,4,4,1,7,4,2,1,26
HCL0M4FD2,マールト,17AEM7PUN,SIFcord,806,5,7063,467780,1,9,4,6,8,5,4,7,44
JKXN1MT14,あわびん,3BE2RELRC,見晴台,735,0,7064,467690,3,7,2,4,2,8,4,4,34
HMEGU1O4P,ゆー,8VGXWTV3U,R.opRizm,1027,13,7065,467600,1,1,1,5,7,7,2,1,25
3U5DVETKL,るや,WT275TUAT,ゆっきー組,1125,6,7066,467510,1,4,1,4,4,4,4,4,26
N66RD5W9L,ざっく,2K5AM4RV0,とろぺりです,1012,3,7067,467420,1,4,1,4,1,2,5,5,23
9XX6PCL89,らの,C9DAJ6YFV,のんびり,536,4,7068,467330,2,6,1,7,3,4,2,5,30
C2J639J5J,釣り師,8588YN91J,虹咲学院,838,2,7069,467240,1,5,2,1,8,4,2,7,30
A02L7B15T,etu,GVT61ATX0,なのだけれど,1258,12,7070,467150,1,9,1,1,2,2,1,1,18
I3UR5YCCD,リウム,X87KNX4N3,蓮ノ流星群,1283,14,7070,467150,1,10,1,5,7,4,6,5,39
UMR9ZELZU,しあわせうさぎ,7X71T9R7J,憩いの場所,1137,8,7070,467150,1,5,1,4,5,4,4,5,29
CLS2MJ4WN,父親面,6D57FX14W,おらおらぱーく,483,0,7073,467060,2,8,1,1,5,3,1,1,22
CLLPJM8K7,レイ,ULGVU4B0G,約束のBAR7,948,0,7074,466970,1,5,1,5,3,6,1,1,23
1LCPW0BM1,Re.ぷにしえ,29BKKBRBD,蓮ノレッドサンズ,737,0,7075,466880,2,5,2,2,5,4,4,4,28
L34H1ACWD,あるとす,LUYG5CWPJ,La+,277,0,7076,466790,1,5,2,1,4,5,2,1,21
TDLLB5TAK,404,74E4UNCUH,フェッテ,279,0,7076,466790,1,1,1,1,1,1,1,1,8
AG4NAKHWA,さわ,ACH6PMHX4,まったり塔,882,1,7078,466700,1,1,1,1,8,2,1,7,22
WE99NUNL9,ぜろしゃな,85G1K4U8U,ゴーイングメリー,1010,3,7079,466610,1,7,1,4,4,6,4,5,32
BV9JYHY6D,aru,06DCWC1RE,とりあえず参戦用,1180,12,7080,466340,2,3,1,2,4,4,7,8,31
E0QPEGJDA,ライナー,JRAC1HYUD,SPHS-MMT,999,3,7081,466250,2,8,3,1,1,3,6,5,29
7GSMLN9ZZ,りんご,WLFW6UCX5,無敵級ビリーバー,1544,6,7081,466250,1,3,1,1,7,4,2,5,24
Y5159C400,ぴぴよぴよぴよ,9P9EPKFHE,無言参加OK,383,0,7083,466160,4,3,1,1,3,4,1,1,18
RCAHAWB49,mk25,PHLRY3XRP,とりあえずやろう,1217,3,7084,466070,1,4,1,4,1,4,4,4,23
ASACG07UP,しゅん燦,CHRR1ARHR,さやを応援し隊,1168,9,7085,465980,5,10,5,3,7,6,2,6,44
18ULRJKU9,はまぽん,VJ84BDCHH,がんばルビィ！,1082,7,7086,465890,2,6,2,4,6,6,4,4,34
PU8WTNE81,かりんとう,HE0GK3EPE,瑞蓮プロカ倶楽部,928,7,7086,465890,1,8,1,1,2,9,1,4,27
ACKGUME04,ぷる,7A9FXA5HH,ひめまつき,1217,14,7088,465800,3,1,1,1,1,1,7,7,22
1AQMQL3D7,扎蹄,53M4V2BVG,吟子の髪飾り,545,2,7089,465710,2,6,2,4,5,2,1,1,23
94L7MCC47,矢崎,ABALH0AL3,楽園計画,1116,3,7090,465620,2,7,1,4,4,4,4,7,33
DLWK2VT9T,マイヤーズ@藍,5VXD00VE5,ぼっち部,234,0,7090,465620,4,7,4,2,5,1,2,1,26
A9XG2D42L,のりすけ,HH93ADAW3,無言自由。,531,0,7092,465530,1,1,1,4,4,2,2,1,16
X4GZKVV68,あずべるで,KT4C59NXG,めぐ島,1545,15,7093,465440,1,1,1,1,1,2,1,1,9
0OY7LWZQZ,kennto.,H6JWBBGCG,蓮天・乙宗一心流,1507,11,7094,465350,1,1,1,1,1,2,1,1,9
OR639RDIG,R.S,FBA3AGJVX,わいわい,729,5,7094,465350,1,4,1,1,1,2,1,1,12
QABVOAJ06,リノ,KA1249N3H,沼津倶楽部,1091,7,7096,465260,1,4,1,5,8,2,6,8,35
VFR7CH5PC,リトー,LAKRG5NK9,ログイン勢,783,0,7097,465170,1,4,1,4,1,2,1,1,15
6X2TR1F1E,Ｆ・ゼルヘス,H6VGDDCD1,朝は緑茶,973,4,7098,465080,1,6,4,4,4,4,4,4,31
R27FE4R44,art3,WPG6BCG83,基本無言,897,4,7099,464990,1,7,1,1,3,2,1,1,17
CGCULH80A,jv,75UJ5RB97,蓮ノ空雪野球部,1267,2,7100,464900,4,8,4,6,5,6,7,7,47
6DYHV29FR,仮,,,283,0,7101,464810,4,1,1,5,1,1,7,9,29
09JZ013FL,bassie,31A7JKC69,蓮好きの巣窟,1268,5,7102,464720,2,6,1,5,6,6,6,5,37
TUNJCP0TL,苺大福,WHWT61ELR,【無言】ハスノソ,1232,3,7103,464630,1,9,1,6,4,5,5,5,36
9TNTAO7ZP,ういっす,J8HXTJ8TB,流し素麺同好会,1192,2,7104,464450,1,7,3,4,5,4,4,5,33
PHKLRXGCC,ザンジャン,6CC83J3EJ,蓮之空台灣分部,801,1,7105,464360,1,4,1,1,4,4,1,4,20
X777VD1EQ,まいん,06DCWC1RE,とりあえず参戦用,1533,12,7106,464180,1,5,1,1,1,2,6,5,22
1126N34B7,ヴぁい吉,5VBB4F8N2,灰色ペンギン,1054,4,7107,464090,1,5,1,4,4,3,6,7,31
IFUPYKR0L,くまのすけ,KBJ2P8T0Y,人見知りの集い,1277,14,7108,463910,3,8,2,4,4,5,4,4,34
BF4UP447J,岸壁の母,83L9X85AX,蓮ノ腹筋,509,0,7109,463820,2,4,2,4,4,4,4,5,29
UV19ANP8M,枕木,NMRKHYYRM,ご自由にどうぞ,264,0,7110,463730,2,1,1,1,1,2,1,1,10
JHM374CCD,カツどん,9E910GGD2,蓮ノ空給湯室,601,0,7111,463640,2,7,1,4,7,4,4,5,34
R4LPMR766,戦闘妖精,WNA5GTJPP,蓮ノ空百合クラブ,1080,9,7112,463550,3,4,1,1,5,3,7,7,31
O5DDROB4W,Hamster),RM7N1JDB5,無言推奨不干渉会,1189,6,7113,463460,2,10,1,4,4,6,4,4,35
LCCH3ALF4,ぴっぴー,YB5J3MT90,虹ノ空女学院,847,3,7114,463370,1,5,1,1,3,4,1,4,20
62L0F13QF,ユウカ,6BFC4G5YG,蓮ノ空足湯同好会,1014,7,7114,463370,1,4,1,1,5,2,1,7,22
98QK5VKKY,ネオラント,A4FPUG5BH,ポケカ,1276,8,7116,463280,2,10,1,3,5,1,1,5,28
LBRD5WUTV,ろずがど,2HEFYHN82,異次元フェスから,1030,3,7117,463190,2,1,1,1,1,2,1,1,10
LAU60ETW9,あんしんパパ,Y7KJ3PM8P,蓮すきすき同好会,1335,2,7118,463100,7,9,7,7,9,8,7,7,61
WJLQ08DTW,Maho,GFN8ACPAC,自由に遊ぼう,1011,4,7119,462920,2,4,1,4,4,4,4,4,27
B9F879WWW,ルーシー,,,181,0,7120,462740,6,10,7,4,10,4,1,1,43
HUHCHY8RY,小1筱,JKAYY0KXL,自由！開心！,618,3,7121,462560,2,7,1,1,1,4,4,1,21
PBD8BXSG1,のりあき,T4WY63DB9,ういのま,1291,1,7122,462470,1,4,1,4,5,5,4,4,28
R0GM27UGC,アレク,VAR94KPUT,日進月歩,1130,2,7123,462380,4,5,1,4,5,4,5,4,32
APHJQ7NPO,自販機18号,63AKA05VR,まったりGngy,903,2,7123,462380,1,6,4,5,4,8,4,1,33
1P2LVH00D,一瞬の夢,WBN7UHG0Y,かぎっ娘クラブ,1147,18,7125,462290,2,4,1,1,9,1,7,7,32
21YFWJ0TD,からあげ,J5FJNX88N,無言,830,5,7126,462200,2,5,2,1,6,6,4,1,27
HZ96YEB4U,ヤマ,M08GKL70U,ららマジ難民の会,655,0,7127,462110,1,5,1,4,4,4,1,4,24
0XTFA9UD3,num,9AJ9MMDYN,走れ,339,0,7127,462110,2,1,1,1,3,1,1,1,11
8TVRHLKX8,Septe_l,30W3RA65G,蓮ノ空自由クラブ,484,0,7127,462110,1,5,4,3,1,2,5,5,26
LRU7X9G00,てとら,M44P06CH5,つづさや見守り隊,713,5,7130,461930,1,5,2,1,1,3,2,1,16
0ETPMM728,かのん,976BY5JWK,ハルカカナタ,280,0,7131,461840,2,1,1,1,1,4,1,1,12
VWAM1LZVB,トメ,YCTM6RYDP,金沢おでん同好会,1543,17,7131,461840,1,1,1,1,2,2,1,1,10
VPNW72RWY,紅茶の国,NGMU0511T,無言のお茶会,1031,1,7133,461750,1,6,1,4,6,6,4,4,32
LTDNUKD6Y,COLORE,PULJ8VCHJ,蓮ノ空を推す会,738,0,7134,461660,2,7,1,4,4,4,4,4,30
A85GTHE7F,ソメスグリーン,8BAYBXUXC,スリブ大好き♪,1134,14,7135,461570,1,7,1,5,5,4,5,7,35
NLFT6DADV,PRISM,,,328,0,7135,461570,2,8,2,2,7,5,1,7,34
X988KAKFG,スカルダ,BW38LDPRF,蓮浦の星空,1588,15,7137,461480,1,4,1,4,5,4,5,5,29
LVKAFEXL8,familiar,BW79WAK8Y,片道450㌔,404,0,7138,461210,2,1,2,1,1,4,1,1,13
8PECGBXG6,めがてん,2DYYAPFVN,蓮っ子村,1020,1,7139,461120,2,1,1,1,5,4,4,4,22
00EXDETRT,ウヤ,G0WRCNRWK,県立沢庵図書館,1306,14,7140,460940,1,5,3,4,6,6,5,5,35
6B7KHGGXB,グリンパーチ,427WENUC4,心の癒し～蓮ノ空,340,0,7140,460940,2,1,1,4,1,6,4,1,20
DBCX1EE3Z,塩レモン,HK0E91U71,放課後写真部,1150,8,7142,460850,2,4,3,4,5,4,4,4,30
E6HVP9MVX,ふわもっち,NT2KU5174,こずかほ。,1140,10,7142,460850,1,5,1,4,4,5,4,5,29
3K3NU4T84,柳書戀,R9NGK6L48,のんびりサークル,838,3,7144,460760,3,7,1,4,4,4,1,4,28
3W2AE19BH,アイノ,DALU6BL7L,東方星蓮船,241,0,7145,460670,3,9,3,5,6,7,1,1,35
GKLRVUYUG,りりり,J800VVPTN,Aqours,270,2,7145,460670,3,6,5,2,4,3,2,2,27
FNVYHXA39,るおさん,2U4GLJXLJ,泥の中の養分,1128,6,7147,460580,5,9,4,5,4,5,8,8,48
QH9E4TN2G,Y,G8EE23LB9,虹ノ空クラブ,931,3,7148,460490,1,4,1,4,4,4,4,4,26
1JCNRIQ62,つるみがわ,578YG6EAT,桜桃花束愛聴会,1423,5,7149,460400,1,7,1,4,5,2,4,7,31
PXTW86FO8,へいこうせん,LD34NCH5R,NERV,1184,6,7150,460220,1,7,5,4,5,6,4,4,36
74FH99Y65,ヌーノ,AVX749PPB,姫芽ちゃん親衛隊,587,0,7150,460220,1,1,1,1,4,4,1,1,14
AW8Q0NER5,ひでのん,HBD61R6WC,梢先輩すきすき部,1122,12,7152,460130,1,1,1,4,5,5,1,1,19
WQT5M1ISP,kei,H0DV3JJGA,かほさやてぇてぇ,1363,14,7153,460040,4,8,5,3,4,4,8,7,43
UCY017A15,异夢,AWFDLJ1HC,小蓮花（重生版x,888,5,7153,460040,2,3,1,7,4,7,2,2,28
TD4XDO422,Lilia☆,8WAXGK70P,CANARiA,1163,18,7155,459860,2,8,2,5,8,9,5,4,43
VTD4H7UOM,ざんぽん,B4ADNM80X,山本組,1110,3,7156,459770,2,6,1,5,1,2,4,6,27
HC8DW3FXJ,meromero,N1JAJ83CA,蓮ノ空園芸部,897,8,7156,459770,2,1,1,1,1,3,1,1,11
52YGRHYTT,たまかぜ,HK0E91U71,放課後写真部,1084,4,7158,459680,1,1,1,1,7,2,2,7,22
UFHNWQKHB,GENTER,,,441,0,7159,459590,2,1,1,4,1,4,1,4,18
Y8EC0T51F,内側広筋,A7WWE0463,蓮ノ空初心者部,742,0,7159,459590,2,7,1,4,4,4,1,4,27
RA6EJMVLV,totaro,GYG7B5R36,幼馴染同好会,1265,0,7161,459500,1,4,1,4,4,4,4,4,26
QEU48K161,蓮之丞,EURW22K8J,203号室,1226,13,7161,459500,1,6,2,1,6,3,4,8,31
UIQ7PTDR2,タナー,4ERDMUE31,ああああああ,1037,10,7163,459410,4,8,4,4,4,4,4,4,36
H3STIV1SN,しろやま,T4WY63DB9,ういのま,1301,9,7164,459320,3,5,4,4,7,5,6,5,39
JZ4109Y2T,龍仙馨,PHMJLJY5E,ラブライブ愛好家,904,0,7165,459230,1,5,1,1,4,2,5,5,24
F1Y67LTNY,エターナル,,,1143,3,7166,459140,1,4,1,1,4,4,7,5,27
CTK7MQP1A,カッキー,MVMP6NNXD,空き時間らくがき,1156,9,7166,459140,1,6,1,5,4,7,4,4,32
8HEMWG63L,キャンディー,LT9K2FP23,慈党リンクラ部,287,0,7168,459050,1,2,1,1,2,2,1,1,11
06GBNP9CN,かな,3RH5MYBXV,こずめぐ党,510,0,7169,458960,1,5,1,1,5,4,2,4,23
5BJ93NY9J,(・θ・)さん,Y6JNPC60C,綴理メイト,1157,0,7169,458960,1,6,3,4,4,4,6,5,33
TIMP00NBB,デプレ,T2XRMGEAE,蓮根無言会,1063,0,7171,458870,1,4,1,4,4,5,4,5,28
HO7COPVXC,あまの,,,340,0,7171,458870,2,8,1,4,3,4,4,1,27
311F4NNJ3,Toma,1UBNNHVLG,蓮箱推し（仮）,905,1,7173,458780,1,1,2,1,1,5,2,1,14
OELGRFDKD,ゆきのり,R7VEXFUBP,蓮ノ空応援クラブ,968,1,7174,458600,1,1,1,1,1,4,7,8,24
1D7LU9KNW,ダイブツ,76RRURK4N,ソロ専用,952,5,7175,458510,1,1,1,1,7,7,6,1,25
2RV3KN78E,遊城ちき,ULUELCJ7T,なるようになる？,1235,15,7176,458420,2,1,1,1,1,2,7,7,22
DC3C39ST9,れふぃ,MVMP6NNXD,空き時間らくがき,1177,10,7177,458330,2,5,1,5,8,2,5,2,30
79HEAT2B0,焼き鳥,YK0X6N2HN,無言OK出入自由,1017,2,7177,458330,2,5,1,4,4,4,4,4,28
7ETY1CUXV,はぐれ,NA8FEYN0M,蓮ノ空飲酒クラブ,787,0,7177,458330,1,8,1,1,4,7,1,2,25
WCF3M2E17,FT.,9YM3DBTB7,泥民館,1239,7,7180,458240,1,6,1,4,5,4,4,5,30
9WLPYN5LR,あじ,,,761,6,7181,458150,3,1,1,5,1,4,1,4,20
WMPYXL9D1,Jenniはる,7XH3K4GBT,LLP,1508,17,7182,458060,1,4,2,7,5,4,4,8,35
PKBPGUP0C,桜のぞみ,PE5UX1DFY,蓮ノ空保護者会,856,2,7183,457970,2,9,4,4,4,5,3,2,33
2DYFF25CP,Maeshi,0XUV5025C,めぐめぐバブり隊,350,0,7184,457880,1,1,1,1,1,2,1,1,9
C7P08HU1V,マイケル,48BTAPMBG,蓮ノ空魔術部,1073,0,7185,457790,1,7,1,4,4,4,4,5,30
G0C9HPKYJ,刹那,95TAREFPT,ご自由にどうぞ,976,1,7186,457700,1,1,1,1,3,3,1,1,12
IB3PM3WCQ,ここあ,3RH5MYBXV,こずめぐ党,1291,7,7186,457700,1,5,1,4,5,4,4,4,28
7JLLPCYVW,マジアベーゼ,GWGDMA3YC,初心者無言自由だ,928,4,7188,457610,2,4,5,1,1,5,1,5,24
0M1XM75NN,ナカセン,MUXWTW1GV,蓮の空見守り隊,899,2,7189,457520,2,9,1,4,4,5,4,4,33
A014M3YWB,)^o^(,4RY75CKM4,LLすこ部　メ募,902,10,7190,457430,4,5,1,1,8,5,1,1,26
JVLA2TG96,S,NA8FEYN0M,蓮ノ空飲酒クラブ,1166,3,7191,457340,2,8,3,4,4,4,4,4,33
UXPT5BPGV,mm.smith,88PFL7AX5,流転,1169,19,7192,457250,1,4,2,1,4,2,5,7,26
0VFKZG71V,トリンスラン,9XNH0HDBN,蓮ノ空∞園芸部,986,0,7193,457160,1,1,1,4,3,4,4,4,22
DGUJ5MDE6,来栖りんすきすき,C021HVB2B,第3芸能科,1361,6,7193,457160,1,7,1,4,4,4,4,4,29
ANW64F76K,めんトール,HPTHY23VR,蓮ノ空文芸部,1189,6,7195,457070,3,5,1,4,1,3,4,1,22
BQ0QL596B,アキ,G8EE23LB9,虹ノ空クラブ,1355,15,7195,457070,1,5,1,1,6,4,5,5,28
33R4NH1KW,こくら,WLFW6UCX5,無敵級ビリーバー,661,2,7197,456980,2,1,2,5,1,6,1,1,19
YUJ4AAJ7G,かぃり,XHJLF3R8H,ゆったりプレイ,1151,18,7198,456890,2,6,1,1,3,4,1,5,23
RYWCFVNF3,まことらまんZ,PPAHU1TNY,蓮ノ空のんびり部,761,0,7199,456800,2,9,1,3,4,4,2,4,29
UR2D1RJP9,ひよくもち,CY3GGDH7H,㍿キモ・オタク,517,0,7199,456800,3,4,1,1,4,5,5,4,27
3PNXP1KG2,フィトン,HMBW9DXY2,蓮好き皆あつまれ,1041,5,7201,456710,2,1,1,4,5,6,6,4,29
8FW2WYK3E,ココノエ,,,443,0,7202,456620,2,1,1,1,1,1,1,1,9
1R0MJBTCF,クロネコ佐川,A8BJ5V3ET,はすのそら,308,0,7203,456530,2,5,1,5,4,2,4,1,24
PJFCXC0M7,くらら,PFKGCTRJM,Ⅲ類隔離所,865,3,7203,456530,4,6,6,4,8,4,4,5,41
7TJM3OMEH,しろくま,KXB93FVTR,ブルームガーデン,1364,20,7205,456440,2,6,1,1,4,5,7,7,33
E0DNVVHMA,キヨ,4B2FERVVT,牛頭ﾉ空馬頭学院,493,2,7206,456350,2,8,2,1,6,7,6,1,33
YYWUO3Q01,たね,UVK38MFR2,蓮の虚無サー,1253,0,7207,456260,1,1,1,1,1,1,1,1,8
20R7WPWSI,M,WJFRWVXDE,蓮ノ空情報処理部,1014,0,7208,456170,2,4,1,1,4,4,4,4,24
U8YXU1U9X,高咲侑,JRAC1HYUD,SPHS-MMT,1201,16,7209,456080,1,7,1,4,7,8,4,4,36
C8EDB9KP5,しず,HMBW9DXY2,蓮好き皆あつまれ,569,0,7210,455990,1,9,1,2,4,6,2,1,26
43FKJTULR,みいめぐ,02XNKDH8X,せーはすの雑用係,1205,6,7211,455900,4,1,5,3,1,2,1,8,25
XVJUM5D9M,オギャっ子,EPWMMAXNY,蓮ちゃん初心者,369,0,7211,455900,1,4,1,8,8,7,2,4,35
NDMJD439J,村野家の久遠,P4FV9YEL1,料亭さや処沼津店,1064,6,7213,455810,1,5,1,4,5,4,4,4,28
4JP7T6L40,にしゆ@空蝉,YVV9CMBLW,東京公演で沼落ち,1092,0,7213,455810,1,4,1,4,5,4,5,5,29
9D0CT0C1A,ばた,46UP5GKU2,機械さんと仲良く,897,3,7215,455720,2,1,1,1,1,1,1,1,9
YR2MXGWH7,さささ,BXGNMY466,ライグラ用,438,1,7216,455630,1,10,1,1,2,4,1,1,21
C0WFBYX8R,かんな,CP3KWKH07,まったり社会人部,439,0,7217,455540,3,1,1,1,1,4,1,1,13
URFGMG055,もちのは,CM5THHYHB,「」ノ空だけれど,1034,9,7218,455450,2,4,1,4,6,4,4,4,29
AJAF34XHE,九冬,AVY8PECF0,初心者の集い,254,0,7219,455360,4,6,3,1,5,4,1,1,25
Y48X8YD0A,ミツキ,9WJB6YPPN,温室花畑,1099,6,7220,455180,3,4,1,5,4,4,1,4,26
MBJNHUW9G,橘かぼす,NA8FEYN0M,蓮ノ空飲酒クラブ,1093,1,7221,455090,2,4,1,1,4,2,1,5,20
CG8PF9UTL,瀚海,M08GKL70U,ららマジ難民の会,884,10,7222,455000,5,6,4,9,8,8,1,1,42
3LMLARUZF,nextank,CBJ6YLG5N,ゆるケストラ部,1112,1,7223,454910,5,2,3,4,7,4,5,5,35
3NDXRB4JG,フィズ,2DYYAPFVN,蓮っ子村,554,0,7224,454820,2,1,1,1,1,3,1,1,11
FH503EC4C,まっきー,K8C99H42D,ルリと喜ド！愛楽,1109,12,7225,454730,1,9,1,1,5,5,1,5,28
451NJW31A,アズライト,XN2VEA6DN,無言,1363,4,7226,454550,3,5,3,4,8,5,5,7,40
9XMYQHWJN,keyton,R083H7WRN,サークル無言,1352,9,7226,454550,1,4,1,1,5,4,1,1,18
9OL5GFZYN,たくみ,JY79RPB1D,リンクラゆる部,1140,10,7228,454460,4,2,1,1,7,3,7,7,32
ONA6I2S82,くら餅米,BT22M41DV,梢花帆吟子同好会,1468,7,7229,454370,1,5,1,4,7,6,7,8,39
00FWW1TR2,海里,BELCUYCMH,蓮hkg香港分部,913,2,7230,454280,2,1,1,7,3,2,1,1,18
9M7BGH9H3,かずりん,,,1136,4,7231,454190,3,2,2,4,7,3,5,5,31
A23HGPH6W,Re:Rize,,,1189,10,7232,454100,1,3,2,1,5,1,2,1,16
DA9XD34E3,きよ,2HEFYHN82,異次元フェスから,924,2,7233,454010,2,5,1,4,4,2,5,1,24
U7GCJPE0W,野生のとり,LAKRG5NK9,ログイン勢,584,0,7234,453920,1,7,3,1,4,2,1,6,25
DM4R9V74E,チャンジャ,GLP0WPDRM,イベント用の泥,1166,6,7234,453920,3,8,1,1,5,5,1,5,29
60C6DYT08,あけめねす,U4TNE7AC7,AirLotus,1072,0,7236,453830,1,5,1,4,4,4,4,4,27
DIP8Z8GIN,めいどさん,ADV0547D7,蓮ノ美食殿,1125,4,7237,453740,1,6,1,4,4,4,4,4,28
PXB3YJW5D,まみまみ,,,1097,6,7238,453650,2,1,1,1,7,5,1,4,22
PZXTC6U4F,ボンすけ,TD87P23DJ,黄昏の旅団,1240,11,7239,453560,1,5,2,4,4,3,6,5,30
RHGD94TFU,Yuzu,3YWMY4JVN,82プロ,1063,12,7240,453470,1,1,1,1,7,4,2,2,19
03BRG5W78,icona,E12PR824F,ゆるっと蓮ノ空,670,0,7241,453380,2,9,3,2,1,5,1,5,28
0V6FYABJ8,ポポ,3JDDUYURT,無言,1117,2,7242,453290,1,6,1,4,4,4,4,4,28
LVPXD7ADJ,︎やや,B8RAN2APL,のんびり,559,2,7242,453290,1,1,1,1,1,1,1,1,8
1M7J2TH5X,夢見草,X19MP0NTT,蓮之空河豚养殖場,1135,15,7244,453110,4,3,3,1,2,2,2,8,25
T0M7VTY77,LeechTa,,,138,0,7245,452930,1,2,2,1,1,1,1,1,10
Y99WE3BA3,Ｇ☆Ｇ,DF7FA982P,蓮ノ空百合部,1476,5,7246,452840,3,4,3,3,4,4,7,7,35
P4TKB821V,ツカジ,5YXVKDEKV,サークル(仮),281,0,7247,452750,2,1,1,1,1,2,1,2,11
8B8M22X2E,アンノウンXii,WKG02VMU6,先輩で遊ぶ2年生,861,0,7248,452660,1,4,2,1,1,5,4,5,23
SFQHE200O,ミナミさん,V5WNV1A43,異次元ビリーバー,1120,11,7248,452660,1,4,1,4,4,5,5,5,29
G3NJ7NXLF,さゆ,LUH7URBF3,初心者サークル,641,2,7250,452480,1,3,3,3,3,4,1,2,20
I7PJVFI15,ヒロキチ,49TL8LVT1,蓮ノ空海賊団,1210,20,7251,452390,1,6,1,1,4,1,5,5,24
G19K1TPJ0,そーだ,RKT7BC4F6,人形浄瑠璃乃,964,3,7252,452300,2,4,1,5,5,5,5,5,32
U33G1BU10,T.Y,C52VR77BJ,イベント参加用,329,0,7253,452210,1,10,1,1,5,3,1,4,26
9R83V7V6E,畑ちゃん,G6EH0KHT7,なんもわからん,947,5,7254,452120,2,7,1,4,6,5,5,5,35
7L9MJBRL9,マックリ,JFNKGWBVV,ダブルマック,1248,9,7255,452030,2,4,2,4,4,6,5,4,31
J3QGR8GL2,にゃがと,X7UEBBF7R,気ままに,993,4,7255,452030,2,5,1,4,4,1,4,1,22
JP4XC840G,瑞甫,V33FGRFC4,1限目に遅刻ラブ,854,6,7257,451940,2,1,1,1,2,2,1,1,11
PM2B5D4HC,まな,0V75M00RK,ネオヴェネツィア,1087,14,7258,451850,1,4,1,1,7,2,9,9,34
JM76Q2YST,あゆ@,LKFW0NTVG,無所属,1380,0,7259,451760,2,6,1,4,5,4,4,5,31
8TWL0K6Z5,シャルル,,,417,0,7260,451670,2,4,2,1,2,1,1,1,14
WF8LZXYLG,Marimo,HMBW9DXY2,蓮好き皆あつまれ,919,6,7261,451580,1,5,1,4,4,2,4,1,22
EYR644VU5,ねじゅみ,TW2M129HM,花陽ちゃん,1329,4,7262,451490,1,1,1,1,1,1,5,1,12
FBNY06U1Y,ヨグル・トソース,N6TVG18P8,すきすきクラブ,1053,12,7263,451400,2,5,2,5,6,5,4,4,33
RXA9AHBR3,Phakchi,P09JJKN9R,蓮ノ平日,715,7,7264,451310,2,1,1,1,1,3,1,1,11
5SR3GDMQ6,レイネ,EFYYG9TAY,ご隠居さーくる,1179,10,7265,451040,1,5,1,4,6,4,4,7,32
KUPEA3THR,ふなし,JHTULVV5P,故に瑠璃乃推し,752,1,7266,450950,5,2,1,1,4,7,1,5,26
PRGH96HTB,ひろしま,48N7HVJH8,KER,962,6,7267,450860,2,10,7,1,1,1,1,1,24
11Z3XADM7,どんぐり@,MYTCXJ12B,つーりすと@蓮部,1188,10,7268,450770,1,1,1,1,1,2,1,1,9
DYJP5MLYF,ツカサ,YJ21JXMXM,日本酒好好倶楽部,721,0,7268,450770,1,5,1,5,4,4,4,5,29
GGJBIPHHT,やーべん,YUVK7R51W,萌え萌え倶楽部,1223,3,7270,450680,3,7,3,4,5,6,4,6,38
2BTARH6FG,じろう,X0TFG829Y,ボクのおうち,665,0,7271,450590,2,1,1,1,1,2,2,4,14
P17MNVWTM,カヌレ,8BAYBXUXC,スリブ大好き♪,923,2,7272,450500,2,6,1,1,4,2,1,1,18
478UV6KXK,とおとうみ,,,1074,13,7273,450410,1,6,1,1,7,1,8,8,33
RBXA4RVE1,Ashdao,KXB93FVTR,ブルームガーデン,262,0,7274,450320,3,4,2,2,4,4,4,1,24
8EMALLP8D,ちはや,XHJLF3R8H,ゆったりプレイ,1136,7,7275,450230,1,7,1,5,1,5,1,7,28
UGEPG6DJI,ふろまーじゅ,PH0YEPJD8,蓮ノ空北國金沢,1156,8,7276,450140,2,8,1,4,7,5,4,5,36
087NMYNNU,Atrip,Y7KJ3PM8P,蓮すきすき同好会,610,2,7276,450140,1,1,2,1,1,9,1,4,20
NWG9XR3JA,けい,RM7N1JDB5,無言推奨不干渉会,1238,19,7278,450050,4,5,3,1,6,4,1,1,25
3ULWDRRWH,イナサク,NLTAB4BLF,蓮ノ空ゆる活動部,1160,1,7279,449960,2,7,2,4,6,6,4,5,36
N3UZV1LCP,ニッコウガロン,C6V311T2P,LotuSky,1135,7,7280,449780,1,4,1,4,4,4,4,4,26
DV76TD4G0,炙りサーモン,95TAREFPT,ご自由にどうぞ,1208,10,7280,449780,1,4,1,4,6,4,4,5,29
JN4VA7HHL,空気だからね,WLBYGHXPD,大天使村野さやか,1181,10,7282,449690,2,2,1,6,6,6,5,5,33
LKAEJRRW1,LЯiver,U82BH95YE,蓮ノ休日党紅茶会,1195,12,7283,449600,1,6,1,4,4,4,4,4,28
7BTBPKZWH,ホノカグツチ,WAT20PN3Y,こな党,1364,4,7284,449510,2,7,1,4,7,6,4,4,35
N4JUPWPKN,わんわん,RBH0YM8P2,蓮ノ空ラーメン部,1381,11,7285,449420,3,6,1,4,6,5,4,5,34
7FXWUUF3N,yuwinet,FE282F3VH,天悶部,1003,3,7285,449420,1,1,1,1,2,2,2,1,11
03L0F7F0T,めぐ党,4DWGYPHA4,( ｀・∀・´),365,0,7285,449420,1,3,1,1,1,2,1,1,11
KM1YL0KV1,TAKEO,C791XXLDF,つづさや会,1285,20,7288,449330,1,6,1,1,7,3,7,5,31
OJNJEAFPX,カリギュラ,ULUELCJ7T,なるようになる？,909,4,7289,449240,2,4,1,4,1,4,4,5,25
87DHOP0VA,さかなごでん,FG5VFFNRK,蓮ノ空おじさん,1198,13,7290,449150,1,5,1,1,6,6,1,5,26
E8Q70BDPA,赤りんご,LUDNM40F8,ふくふく無言OK,1128,13,7291,449060,1,5,1,5,3,4,6,1,26
22YV4LCC1,ユウ,FC8NBAJBT,ラー麺二郎金沢店,1015,5,7292,448880,1,1,4,1,4,5,1,4,21
HP0X6UNBV,幽霧（ユウギリ),H837E0M9R,沙知先輩大好き部,1136,13,7293,448790,2,3,2,4,6,9,8,5,39
IZI7TWBV3,はうずき,U4TNE7AC7,AirLotus,1096,0,7294,448700,2,6,3,4,4,4,4,4,31
TAD3T6HHF,mn,WXKKXU0H0,無名,371,0,7295,448610,1,5,1,1,1,2,1,1,13
VCFFIEBX6,しま,X0TFG829Y,ボクのおうち,968,3,7295,448610,1,1,1,1,1,2,1,4,12
5ELAYP97W,ミンク,VD7N7A4WH,氷青色,465,1,7297,448520,1,10,1,5,4,6,1,1,29
UA2ETHHF1,thony,6YTAMD33M,リリエンフェル党,322,0,7298,448430,4,8,2,4,4,4,6,1,33
25K0KVW59,赤城,FR5PDRB5Y,株式会社つづさや,666,2,7299,448340,2,4,1,1,3,6,1,1,19
MYTRRLANJ,Tuma,BVEEDJGKH,さやかの首のあざ,855,2,7300,448250,2,1,1,1,1,4,1,4,15
O4MFLIOF4,オレオ,DHKUGEWBJ,めぐ党虹ヶ咲支部,1214,15,7301,448160,2,3,1,2,5,2,5,5,25
23OAW4N90,石の海,BYA3FA0X8,無言ぼっち同好会,1008,2,7302,448070,2,4,1,4,1,4,4,4,24
MB1RTVCD0,大雪春夏,HDD9DJVTB,Lotusky,346,0,7303,447980,3,1,3,8,3,2,1,1,22
5HR72K1A7,よだれ鶏,0FMM30LCA,無言,420,0,7303,447980,1,8,2,1,2,3,2,4,23
1RDJNKFVP,Erimugu,C021HVB2B,第3芸能科,269,0,7305,447890,2,1,1,1,1,2,1,1,10
E1UM2ARP3,まり,0CEA9XFKR,蓮ノ空の泥人会,1087,4,7306,447710,2,4,3,1,5,6,7,5,33
EC68UZX5T,HAPPUI,J80MEYHBC,Nymphaea,1266,5,7307,447620,1,6,3,1,5,6,4,5,31
QOWXMR6K2,なっくん,0CBM28JP6,ほうき星,980,1,7308,447530,2,1,1,5,5,2,1,5,22
LQ3YS5YYN,PizzaM01,AT3WYLPP8,SIDF,921,4,7308,447530,3,6,2,9,4,4,1,1,30
91GN71K59,はばねろ,4URND90YY,参加賞狙い,1065,6,7310,447440,1,1,1,1,3,2,2,2,13
CMR09RUG6,らめ,,,899,3,7310,447440,1,10,1,1,1,7,4,5,30
C5F1YYGYA,林琦天灵,DHKUGEWBJ,めぐ党虹ヶ咲支部,365,0,7312,447350,7,4,6,2,1,4,1,1,26
XC61ERU5M,リス,0CBM28JP6,ほうき星,1066,15,7313,447260,1,5,1,4,5,8,4,1,29
EP0TU72RF,ペルバスト,FFLK4FP0D,こずかほの花園,1102,2,7314,447170,2,5,1,4,4,4,4,4,28
YFVPN1MU2,王,G0J2F9NAL,さやさやさーくる,809,2,7315,447080,2,5,1,1,4,4,1,2,20
RYVYU95BC,かたぴ,LAKRG5NK9,ログイン勢,636,1,7315,447080,2,10,3,1,1,6,2,4,29
JE1U8DHII,カイン,UMG1B9C7V,蓮ノ空女学院,852,2,7317,446990,2,5,1,4,1,2,4,1,20
PH2W06E24,ﾈｸﾗﾑｼ,PH0YEPJD8,蓮ノ空北國金沢,1273,13,7318,446900,2,7,1,4,4,4,4,5,31
99V8KVHL0,翡翠(ひすい),4FXPC55PY,PPIHクラブ,891,4,7319,446810,1,1,1,9,1,2,1,2,18
URJMDHFL0,しな,23PGPJ3NV,蓮ビギナーの集い,378,0,7320,446720,2,1,4,1,1,3,1,1,14
P2G6MNXC9,kuuki,Y6JNPC60C,綴理メイト,1134,20,7321,446630,2,5,2,1,4,3,7,7,31
4YXL2E8UT,にぼし,FK5MUK0ET,くる♡すきクラブ,1225,11,7322,446540,1,1,1,1,4,10,4,1,23
QIYJK4PD5,はな,P2J37FNLG,乙宗先生指導会,1093,2,7323,446450,1,4,1,7,1,4,1,1,20
1L5VPULNB,まるた,H1G4CDT6C,無言自由,886,0,7324,446270,1,7,1,4,4,5,4,5,31
B3LYD88ZZ,るり,HDD9DJVTB,Lotusky,360,0,7324,446270,4,1,1,1,3,3,1,2,16
CP343090G,Arisera,88DJ300PJ,めぐ党 • 永遠,1416,17,7324,446270,2,7,6,4,5,4,4,5,37
39UD2D1PP,桜坂しずく,T4WY63DB9,ういのま,1011,11,7327,446180,1,1,1,1,5,3,6,1,19
06NJ55D8E,青山千夜,BELCUYCMH,蓮hkg香港分部,733,1,7328,446000,3,7,2,1,3,4,1,4,25
T256GEXJ9,りっか,AE3L01V24,LOVE蓮ノ空,512,2,7329,445820,3,1,1,1,1,4,1,1,13
NYX6XX372,総裁,23PGPJ3NV,蓮ビギナーの集い,692,0,7330,445640,3,5,1,4,5,6,4,5,33
O9IXWQXTA,ぱるばーど,U0N57LDY5,くさ・みずタイプ,1541,10,7330,445640,8,10,7,6,6,5,5,9,56
V26JCLJH6,ものこと,PHMJLJY5E,ラブライブ愛好家,815,5,7332,445550,1,5,1,1,3,3,1,1,16
1G00E418P,(´･ω･｀),0JCT9R049,蓮隠れノ里弐,1146,3,7333,445460,1,4,1,4,1,5,4,6,26
X7Y2RKHC7,Ent.,E515TRU1G,起きろ夕霧綴理,1197,8,7334,445370,2,8,1,1,4,2,5,7,30
23JP5PC89,えらー,B1KYU3XF8,LG lotus,1390,4,7335,445280,1,7,1,4,6,2,5,1,27
DW4VH2NB4,ん゙,4RY75CKM4,LLすこ部　メ募,325,0,7336,445190,1,1,1,1,1,1,1,1,8
D5H8MC8BN,そら,08DDCV5JN,黒ねこのしっぽ,749,2,7337,445100,1,8,1,2,1,6,1,1,21
3BF443EPB,けいたーん,,,1119,2,7338,445010,4,6,2,1,1,6,2,4,26
F4PBK8NTY,ラックン,Y6JNPC60C,綴理メイト,1172,18,7338,445010,2,9,3,4,7,4,4,5,38
8V75ET4GQ,もえ,BT3GEWM5L,ささやか村の集い,599,2,7338,445010,1,1,3,6,9,4,7,1,32
F863B2YM2,アリア,NTEN8U71F,個人用,988,1,7341,444920,2,5,1,4,6,4,4,4,30
BP32P8CE4,タコベイ,CYJAC1CK2,チームK,879,2,7342,444830,2,8,4,4,1,6,1,5,31
VDXUZ3Z11,のぞみ,UMG1B9C7V,蓮ノ空女学院,917,1,7343,444740,1,1,1,5,1,2,1,7,19
CLXRG9MB0,yuki,Y2HV0YEF7,蓮ノ空を応援し隊,1219,0,7343,444740,6,7,4,4,7,5,4,6,43
18JU66WE8,ボブ,9WJB6YPPN,温室花畑,1051,1,7345,444650,2,4,1,5,4,4,2,4,26
3V0KBGJ4J,KISA,T2G89JA59,なんとかなる！,771,0,7346,444560,3,6,3,4,5,5,4,4,34
4FZK8UHCX,ねこねこらっこ,G8RE9KEPG,ねこにこばん,1369,15,7347,444470,3,5,3,3,3,3,4,4,28
CA4YKPTCV,めいらん,HKETDDCK6,ぼっちざ蓮!!,940,3,7347,444470,1,5,1,4,5,2,4,1,23
9P05MM27B,ゆおん,80VRCG1BY,みらぱ同好会,332,0,7349,444380,1,4,1,1,4,5,1,1,18
T1BBWU0YW,みあま,5L9GNT78V,叶え！私達の◯◯,1196,15,7349,444380,6,8,9,7,7,9,6,7,59
YLBYPNKNR,りなりー,DHKUGEWBJ,めぐ党虹ヶ咲支部,930,7,7351,444290,7,8,1,5,1,6,1,4,33
DT6R11P1A,灯花糸,RM7N1JDB5,無言推奨不干渉会,389,0,7352,444200,1,8,1,1,1,4,1,1,18
NG48LPWP9,ろぜりあ,T2XRMGEAE,蓮根無言会,423,0,7353,444110,3,6,4,2,3,6,1,4,29
M0A1762UP,Akane,T40RLPJ4A,スリブ好き好き,662,0,7354,443930,1,1,1,1,1,1,1,1,8
KLY7L26RX,ヴィーナス,2CRT48K9F,百万アンペア,441,0,7355,443840,3,7,3,2,4,6,2,2,29
WI4U0XAX0,SARA,9D722M8KC,蓮ノ空同好会,1171,9,7355,443840,1,5,1,4,4,6,4,4,29
B1T08VNDR,つばゆう,08DDCV5JN,黒ねこのしっぽ,804,5,7357,443750,1,1,1,1,5,8,5,1,23
BPJ9JMF31,柊,1EBG7YUTL,菅！CAN！叶！,963,0,7357,443750,1,4,2,4,4,4,4,4,27
EKRYL5KG6,音色,57UT319NN,蓮ノ空同好会,324,0,7359,443570,1,1,1,7,1,4,1,1,17
EX52CJPA2,スギ,RM7N1JDB5,無言推奨不干渉会,989,2,7360,443480,1,7,1,1,1,7,4,4,26
V5TCEL9WA,唯,NB0HX9KP8,かほてぃあん,1065,14,7361,443390,1,5,1,3,6,4,4,9,33
U8HT0PR8G,ゆー,EUPBMRB41,自分個人用,581,0,7362,443300,1,3,4,1,5,1,1,4,20
H4J8522NK,D.K.,,,878,0,7363,443210,2,5,1,4,4,4,4,4,28
W1GYB9T1N,この木,TCTEAMP9C,虹ちゃん最高！,494,0,7364,443120,1,5,2,4,4,2,5,1,24
UUPKYW262,minits,MVMP6NNXD,空き時間らくがき,1265,0,7365,443030,1,8,1,4,4,6,4,5,33
6UTG9CK9Q,la55,53M4V2BVG,吟子の髪飾り,1206,1,7366,442940,1,5,1,4,5,4,5,5,30
M5CHAKK49,miribit,CBJ6YLG5N,ゆるケストラ部,1111,1,7367,442850,1,3,1,4,6,4,5,5,29
H17SMKCW7,KY,L28X4MDJN,アフター観たいぞ,985,2,7368,442760,1,5,1,4,4,5,4,1,25
TDZ9E3OHQ,たこはち,RM7N1JDB5,無言推奨不干渉会,1482,20,7369,442670,1,9,3,4,5,6,6,5,39
F7A2DTXTE,ちゃけん,VPV8AJYR6,みらぱ好き好き部,484,0,7370,442580,3,7,2,1,3,1,2,2,21
E374TZC25,ばいおれっと,M851LEV3N,なっす父兄,1503,1,7371,442490,1,7,1,5,6,6,5,5,36
DCEQHC377,Mr.A,4FCR6BCNX,スマイル,1124,3,7371,442490,2,7,1,4,4,4,4,4,30
4TWV82BPB,キャザファ,,,692,2,7373,442400,1,4,2,2,1,1,4,4,19
82UEJUV8Q,TKM,7B0W0EWVA,ソロの為の避難所,1196,6,7374,442310,1,2,1,1,2,2,1,1,11
B9I6Z410E,きょーすけ,3FF3NB77X,せーはす愛好会,964,2,7375,442220,1,4,1,1,2,4,1,4,18
TMLW9R0UB,Yui,KUFRXPPF0,754T,564,0,7376,442130,3,7,1,4,4,1,4,9,33
2ZWQO40OB,イケ,1DU9LCND7,蓮ノ空すこやか部,1484,16,7376,442130,1,7,1,7,7,6,5,7,41
GHCNX1P04,ナナメ,KXB93FVTR,ブルームガーデン,1084,1,7378,442040,1,5,1,4,4,4,4,4,27
9AKRX9C07,まろやか苺,WN3LHKX0L,レンコンおいしい,971,5,7379,441950,4,6,3,5,7,5,4,4,38
XEB9MWG8K,ゆーせー,RM7N1JDB5,無言推奨不干渉会,823,2,7380,441860,3,8,7,4,7,6,4,4,43
LP0BEDRF6,圕,,,1808,19,7380,441860,1,4,1,5,4,2,7,9,33
1E1YW9MCM,cmpmzk,0RVUANVB3,さやさやびー,1264,0,7382,441770,4,4,4,7,7,5,7,7,45
5353JJ1YG,ピュアリル,LHPPNHR8Y,ちっちゃいもの部,411,0,7382,441770,3,5,2,1,5,5,1,1,23
3J1ULVF74,ルリルリルリノ,3RH5MYBXV,こずめぐ党,386,0,7384,441680,5,1,3,1,1,2,1,1,15
RVJKCLMH2,銀華,HN777M51H,今泉総本舗,1502,2,7385,441590,1,6,2,5,4,5,6,6,35
DYZM1MLEG,じゃじゃんぬ,K7LC46V5M,Link！ラ部,345,0,7386,441500,1,1,1,1,1,2,1,1,9
25BANM91H,赤い炊飯のジャー,GYJ3C6TKR,綴理先輩好き好き,1135,8,7387,441320,1,4,1,1,5,4,1,5,22
KZNBWWDQL,ダイブマラドーナ,9BHYELNY1,シン・エスパルス,1111,5,7388,441230,1,1,1,2,7,6,8,5,31
LLH9VNB3R,リエル,Y7KJ3PM8P,蓮すきすき同好会,1336,20,7388,441230,1,7,1,1,4,4,8,8,34
6KTVKY6YW,ぷ,2DYYAPFVN,蓮っ子村,844,5,7388,441230,3,7,3,5,4,7,3,4,36
HZOW9AH4G,トゥ〜,J5CJ60JTY,Jサポx蓮ノ空,1098,3,7391,441140,1,4,1,4,1,7,4,4,26
JB20RLU7Y,なおえ,BBNEWB1UA,蓮ノ空紅茶部,839,0,7392,441050,2,5,2,4,4,4,2,4,27
BY1HH19XT,TOSHI,X87KNX4N3,蓮ノ流星群,1248,4,7393,440960,2,4,1,1,7,2,7,1,25
3X1BVGTUX,あまとう,5V9TDD4NF,みんはや蓮ノ空部,1000,0,7394,440870,1,1,1,4,6,4,5,5,27
2JCTF9FFU,はなまさ,E1HVJ71JR,ご自由にどうぞ,1031,2,7395,440780,1,4,1,1,1,2,1,4,15
VDJRCI39A,レーゼ,X7XHWE03H,石川県不審者情報,1193,3,7396,440600,1,6,1,1,6,4,1,5,25
1KYUUYKE0,GLAY73,PD80VCP5N,虹ヶ咲学園,1090,2,7396,440600,2,1,1,1,5,2,7,8,27
VD06I6TH1,Chiaki,GFN8ACPAC,自由に遊ぼう,983,2,7398,440510,1,4,1,4,4,4,4,4,26
R7FVRG3AW,トモ,7MPNTWKTN,Dreamers,464,0,7399,440420,2,1,2,1,1,2,1,1,11
7M85A4YGE,とぅない,2HEFYHN82,異次元フェスから,885,2,7400,440330,2,4,1,4,4,2,4,4,25
PTLO91GAH,まこちゃP,XLBU65J86,花の壁飾りクラブ,1134,0,7401,440240,1,6,1,4,6,4,5,5,32
DVJVLE3P5,hasu,6MWHCNJE8,蓮之空小賣部,480,0,7402,440150,1,4,1,5,1,4,4,1,21
NJV304XIX,差浜@ぜのぷろ,0FC29NV4L,flourish,658,0,7403,440060,2,1,1,4,1,4,4,4,21
VXR5LR0BG,たろーまる,N1JAJ83CA,蓮ノ空園芸部,962,9,7404,439970,1,2,1,1,5,2,5,5,22
EODSZ4YPF,えるちたん,80PAHHPGN,同行会,398,0,7404,439970,1,3,1,5,1,1,1,5,18
8J67T8FM0,トワイライト,5YEE75CB4,ロビーで待ってる,954,3,7406,439790,1,1,1,1,1,2,1,1,9
USZFES9ZK,ライねる,N1JAJ83CA,蓮ノ空園芸部,1016,0,7407,439700,2,1,1,4,5,4,4,4,25
UA0CB3PL8,ひめぎんすこれ,AVX749PPB,姫芽ちゃん親衛隊,238,0,7408,439610,3,8,3,1,8,10,1,1,35
98SDWDJ2G,Topato,G2B2TC3PK,iLiFE!,692,4,7409,439520,1,5,1,1,3,2,1,1,15
AJJYUN340,ゆいにゃん,8BAYBXUXC,スリブ大好き♪,1166,2,7410,439430,4,5,1,4,5,5,4,4,32
MT193U4NG,yusa_rio,PD80VCP5N,虹ヶ咲学園,995,2,7410,439430,2,5,1,4,4,4,4,4,28
BKITHAPV9,ネクサス,G0J2F9NAL,さやさやさーくる,987,8,7412,439340,1,8,1,4,7,4,5,1,31
CREVCPDDF,ばみ,8MDA3A0AK,イベント用,613,2,7413,439250,3,3,2,1,4,4,2,3,22
QD8FVRU7B,アカツキ,BXC1T2HY2,初心者の集い,1312,11,7414,439160,1,3,1,3,7,4,7,7,33
YH7KW4OYV,よっしー,AKMHE88E0,ぼっち,1114,12,7415,439070,1,4,1,1,5,1,7,8,28
5JNWK7JW5,音リン,427WENUC4,心の癒し～蓮ノ空,567,2,7416,438980,2,1,1,1,1,2,1,1,10
UWF5L79PX,にじみかん,FTY0R8KPH,泥の皆様,1156,7,7417,438890,1,1,4,1,1,4,2,2,16
VB5P1BEET,ずんだ餅,KXEME076E,つづさや親衛隊,1077,4,7417,438890,2,6,1,1,6,7,1,5,29
6TLR7HK9N,yuya,9D722M8KC,蓮ノ空同好会,976,8,7419,438800,2,4,2,7,8,7,1,1,32
L6A36K16J,なりり,FK5MUK0ET,くる♡すきクラブ,1631,17,7420,438710,3,8,3,6,6,9,6,2,43
TAUVF33TL,こう,ETJJW4JHV,覇王樹LL同好会,1284,18,7421,438620,1,5,1,4,2,7,4,4,28
2ZGVIHWEN,あるかわ・けいこ,JVUNVCT8P,梢先輩のASMR,1214,0,7422,438530,1,4,1,4,5,5,6,6,32
4D37T6DYP,どんちゃん,UYCT3Y4JK,蓮っ子,854,3,7422,438530,5,10,5,5,5,5,5,5,45
G98FXD18F,りょまりょま,8BAYBXUXC,スリブ大好き♪,523,2,7424,438350,1,4,1,2,3,2,1,1,15
IN5GCNNWW,かえで,VNGFF4PY9,ねずみね！,1099,4,7425,438170,2,6,2,1,8,4,2,4,29
BDIF7RDVG,マルセイ,58FD7UF8J,としとしサークル,1230,6,7426,438080,1,6,1,4,7,4,5,5,33
8XBKTVC1O,尊し,CRYB2FJ64,つくよみくらぶ,942,6,7427,437990,1,2,1,1,1,3,1,1,11
WXL1LTNX3,Harasin,K7LC46V5M,Link！ラ部,958,6,7428,437900,2,5,5,5,4,8,4,4,37
AUFBBJG89,さかり,2ULM366U6,毎日がエブリデイ,1447,17,7429,437810,2,9,2,5,7,6,5,5,41
K5Y3XTKFF,すみたに,,,138,0,7430,437720,2,6,2,3,5,1,1,1,21
H54N1EXEU,ふらみんごみんご,U740C25T1,ごろちゃんず,757,0,7430,437720,1,4,1,1,5,4,1,5,22
890R4ECWL,9u0,,,290,2,7432,437630,2,2,1,1,6,4,2,1,19
K4WPCPFUA,みちこ,8R49BTWW6,蓮女お嬢様クラブ,1324,20,7433,437450,1,5,1,5,5,7,5,7,36
JY7BC0J3E,アカい羽,R9YYELU6C,Lotusky,965,2,7433,437450,1,5,1,4,3,1,4,6,25
B80AGPJGM,Katokato,AAHB7C276,HaCordVN,1175,17,7435,437360,2,1,1,4,5,2,7,7,29
UPFMTOOXE,333,YD2XWWFA4,蓮好き好きクラブ,1468,16,7436,437270,1,6,2,4,5,5,4,5,32
T9YH935YJ,かーりー,06DCWC1RE,とりあえず参戦用,583,2,7437,437180,3,5,1,5,4,6,4,6,34
0LJ6CMYCU,ウパウパ,94401GCCP,クローズド,1247,0,7438,437090,2,5,1,1,6,4,1,5,25
WVVAVWVV1,ぱるも,WAT20PN3Y,こな党,1177,3,7438,437090,3,3,3,4,2,6,4,3,28
P6CI3EPL3,ﾌｪｲ,41MMMCM7G,いっぬ,1261,3,7440,437000,2,7,3,5,4,5,5,5,36
3350943AA,タケ,36644VKJ3,にゃー!!!,1013,2,7441,436820,1,2,5,4,6,1,4,5,28
99AGGL0OG,まはろ,26JDLMBLN,徒町は強く生きる,996,4,7441,436820,1,1,1,1,1,2,4,1,12
M298SPIY5,なつき,9U8KNU6U9,対抗戦用,1132,0,7441,436820,1,1,1,3,5,2,5,5,23
MWR3U5KT0,リン,865UE9UC6,蓮ノ空うどん部,1291,10,7444,436640,1,10,2,5,8,4,5,7,42
9M0TTHCJ8,水無月,865UE9UC6,蓮ノ空うどん部,1173,11,7445,436550,1,4,1,4,4,6,7,7,34
N043XH5H5,yuanliya,BBNEWB1UA,蓮ノ空紅茶部,916,11,7446,436460,1,7,2,1,1,4,1,5,22
CTMB5UUCX,テラナイト,M6UPWJ6DU,蓮結ぶ虹と星の音,1101,4,7447,436370,2,1,2,4,5,4,4,5,27
T0CL6RERU,愚衛門,LETV4C1KG,無言の行,333,0,7448,436190,2,3,4,4,2,5,2,1,23
MHVY39NK2,朝霧かえで,WNA5GTJPP,蓮ノ空百合クラブ,1277,0,7449,436100,1,6,3,6,6,6,5,6,39
SP3QRRRCA,えりち推しの提督,H1LTYMK0B,花帆が可愛いの会,1160,17,7450,435920,1,4,1,1,1,2,3,1,14
JG8PKBFN3,ウメメメメ,N1DJVPGP8,いつでも咲けるよ,1284,14,7451,435740,1,5,1,2,3,2,7,5,26
N1VFMJ83G,けい,JU476V6K9,ポチッ！,1235,6,7452,435650,1,8,1,5,7,5,7,6,40
0BWUJ82CV,とんと,7G23BHH2H,とんと,722,0,7453,435560,2,4,1,4,4,4,4,4,27
LFP5LM3LA,りむ,,,917,0,7453,435560,1,4,2,4,5,4,4,5,29
PH2NH2JMT,タヒ,V26546K3D,乙宗気合筋肉,1433,16,7455,435470,1,7,1,5,7,6,5,7,39
RPKNWKRV1,しゃぽてん,N0EXH1CM1,ぱちぱち徒町,1055,14,7456,435380,1,4,2,5,5,6,1,1,25
GQEC1KPNO,柊月リツカ,RBH0YM8P2,蓮ノ空ラーメン部,1149,2,7457,435290,1,5,1,4,2,5,4,4,26
V61CE77M1,mousea,NX9KJK529,虹ヶ咲学園,1352,18,7457,435290,5,5,5,5,5,5,10,9,49
8V2VNR2XQ,黒澤姉妹のオヤジ,V8XX999F6,卍蓮村幼稚園卍,1383,8,7459,435200,1,6,1,4,5,4,4,5,30
VJ12T6FTP,ほのきち,2U4GLJXLJ,泥の中の養分,541,2,7460,435110,3,4,1,4,2,2,1,2,19
08PBRBEPM,あそん,YRKPTXY0Y,どうでしょう,682,0,7461,435020,2,6,1,4,4,4,4,4,29
N6X06317J,ERNA,,,284,0,7461,435020,2,9,1,1,1,4,1,1,20
FDN2DNMKL,おがわん,T4WY63DB9,ういのま,1144,2,7463,434930,1,4,1,1,6,6,1,6,26
T1VUYU085,瀞蓮,M08GKL70U,ららマジ難民の会,1038,4,7463,434930,1,4,1,4,1,6,4,4,25
FFTLS6B3P,ぺけぺけ,,,1050,9,7465,434840,2,5,1,4,6,4,4,5,31
8K32NSWZV,すばるん,HKKCM3W4M,かほ姉の集い,803,0,7466,434750,1,4,1,1,1,2,1,1,12
KGW9VXJ40,ターボー,FLFXP0T22,沼津内浦メンバー,836,2,7467,434660,1,4,3,4,4,2,4,5,27
C8KNE18J6,アイ,KGY709ULG,蓮の花束,1227,18,7468,434480,3,6,3,4,6,6,6,4,38
OI8LBLQ9Q,カレン,WCL6R1ANU,無所属の会,1561,21,7468,434480,5,10,3,7,6,5,8,6,50
U97KNDDJ7,マッキー,MUXWTW1GV,蓮の空見守り隊,881,1,7470,434300,3,7,1,4,4,6,4,4,33
KO204U2QH,黒曜石は砕けない,KND3T7056,ぽかぽかモガの村,1620,15,7471,434210,2,7,1,6,4,2,1,5,28
J6WH7LHRR,虎次郎,1618JMRED,リンクラ自習室,429,0,7472,434120,1,4,5,5,1,4,1,2,23
WX6VUKDLD,マナカ,LG3XF86RM,ハロめぐ党無言可,660,0,7472,434120,1,1,1,1,1,2,1,1,9
CCHW46Q9P,さーもん。,1VHNJJHG0,さーもん党。,1048,16,7474,434030,1,5,1,6,7,1,1,7,29
8RCAU6DWV,K,K3LMN5JHH,金沢カレーの皿,789,0,7475,433940,1,7,1,4,5,2,4,1,25
R1J304VDP,zoom,P0D1M8CBT,いったん,1214,5,7476,433850,3,5,2,1,4,1,5,7,28
J3PNN0ECY,ちくわ,,,782,2,7476,433850,1,8,1,4,5,7,4,4,34
HG5BXGT9Y,O-とろ,BXGNMY466,ライグラ用,1060,2,7478,433670,1,4,2,4,5,6,4,4,30
XBGTPJN3T,yochan,WCL6R1ANU,無所属の会,780,3,7479,433580,1,6,1,4,1,7,2,1,23
4ZRPIW1AP,たると,9YG7C0VM7,綴理と無言で昼寝,1206,12,7479,433580,1,1,1,1,1,1,4,7,17
LG9FEA1R8,さかーな,X33HHA9F8,アルストロメリア,884,0,7481,433310,3,8,2,4,5,2,4,1,29
IVUS3BZDE,バレパンマン,LRKRUR21F,ちゅけバフ,922,2,7481,433310,1,8,1,1,4,3,2,1,21
E4PN4JG1C,ハルハル,06KXF4UFK,naoハル,938,2,7483,433130,2,7,3,5,4,2,4,1,28
X1MR7YWFM,さき,RXXUPMWB9,待機室跡地観測所,819,3,7484,433040,1,9,1,4,5,7,4,5,36
O70Z7W0RO,トーマ,9YG7C0VM7,綴理と無言で昼寝,1031,6,7485,432950,1,5,1,8,4,4,4,4,31
QVFBDRFY6,きゅう。,WLLWJ8ADP,乙宗筋肉サークル,1046,1,7486,432770,1,2,1,1,4,7,1,1,18
FJYAAGKGF,miho,9JTF508LB,スクスタ亡霊部,799,5,7487,432680,3,2,1,5,1,4,1,1,18
TVUZOOQZ0,t_f_r_c,5KK3DFY18,MUGEN∞,1389,3,7488,432590,6,8,6,6,6,6,9,8,55
4DMD9L7GF,R,A86FEX2JC,おやさいさん,920,5,7489,432410,3,8,2,1,7,3,6,5,35
0LQWR4XP2,素敵な学院生,RM7N1JDB5,無言推奨不干渉会,696,4,7489,432410,1,1,1,1,1,4,1,1,11
AWAM5PUPT,シルキー,,,508,0,7489,432410,1,1,1,1,1,1,1,1,8
TZAVTVDZW,KEN,H6JWBBGCG,蓮天・乙宗一心流,1165,2,7492,432230,1,4,1,1,1,2,4,1,15
2ZCUMBBXZ,わりたそ,YXKR0GGM4,蓮ノ空好き好き,955,1,7493,432050,1,1,1,1,4,2,7,8,25
A27URGDWD,マダオ,57HNJ07NK,みらぱ推活最前列,1321,19,7493,432050,1,3,1,5,2,4,7,8,31
5DMKM5EVL,173,NY54H2A8T,日本めぐ党,768,0,7495,431960,1,1,1,1,7,2,7,1,21
D9610L1DF,つ,,,440,0,7496,431870,4,6,2,1,1,1,1,5,21
YWXLZFP6H,スカーレット,88DJ300PJ,めぐ党 • 永遠,1092,3,7497,431780,1,1,1,1,1,1,1,1,8
1NPK74KW4,エルドレッド,XHJLF3R8H,ゆったりプレイ,1122,10,7497,431780,1,5,1,4,6,4,5,4,30
GXRFED5LC,珈琲,1GJC67JLM,無言の泥,975,10,7499,431690,1,5,1,7,6,7,1,4,32
XLBTLXBMD,りーみ,AG9PKMMC3,ぱかぱか同好会,674,0,7500,431600,1,1,1,2,2,2,1,1,11
DTBMFT016,tk,A3X92L6YU,お試し用サークル,934,6,7501,431420,1,1,2,1,2,4,1,4,16
YMM9JPB5Y,Raichi,KGDNX3EF3,ENcircle,1077,12,7502,431330,3,8,1,4,5,5,4,4,34
SMICE5FPC,オフィーリア,9D722M8KC,蓮ノ空同好会,338,0,7503,431240,6,10,6,5,9,7,4,5,52
BV7K5HYA5,しゅーたろ,HWWRP6K2J,家に猫がいます,1247,7,7503,431240,2,4,1,5,5,6,4,4,31
6GXVNM3HY,よしお,WLLWJ8ADP,乙宗筋肉サークル,666,0,7505,431150,2,1,1,1,1,4,1,1,12
HRWZRFW5B,鳳梨,E7UBFLW56,同好会の同好会,1236,2,7505,431150,1,1,1,7,8,2,1,7,28
TDF0YPK8Y,てつしみ,3LPBPHL3V,壁の民の伝説,785,0,7507,430970,2,2,2,1,3,6,2,7,25
P69DJ2TAW,MIKEMIKE,TFGKYEY98,LLP JR,746,2,7508,430880,1,5,2,1,2,5,2,5,23
C2H8D3M3L,ゆき,BBNEWB1UA,蓮ノ空紅茶部,922,6,7509,430790,2,6,2,6,1,6,1,2,26
917A9NTR9,ねこふんじゃった,,,429,2,7510,430610,2,1,2,1,3,1,1,1,12
479J7C6T2,しめさば,73N4AB3LR,かほ子のイオン,1283,5,7510,430610,2,1,1,1,1,6,1,4,17
MJXT05669,しんちゃん,ERVDJMHPF,敦賀第二機関区,1173,12,7512,430520,1,4,1,5,6,6,4,4,31
6BUYFEYYL,ビアンキング,DKNHY5HH6,なす料理研究会,898,0,7513,430430,1,5,1,4,4,4,1,4,24
0E4K51F81,L,6YTAMD33M,リリエンフェル党,257,0,7514,430340,1,5,2,1,4,4,1,5,23
23043GD8P,シリカゲル,UX96YX4T1,『位置について』,1089,14,7514,430340,3,7,1,4,4,6,4,4,33
6NHWRK1NE,elichika,AAHB7C276,HaCordVN,1057,18,7516,430250,3,4,1,1,1,3,1,1,15
2MMY5J9OE,うどん,998H940YN,お嬢様筋トレ部,1222,8,7517,430160,1,4,1,5,4,4,4,2,25
0S1UMHCNQ,干物,GMEF2K8DL,花咲く泥も好き²,1090,7,7518,429980,1,4,1,4,4,6,4,4,28
TBRJW64W1,ゼロカラツギヘ,CJ398GJAT,バッグクロージャ,1341,20,7519,429890,4,9,1,5,4,5,7,8,43
C4LVP97KV,和泉,PUNBJGRBF,初心者向け,562,0,7519,429890,1,4,2,5,1,2,1,1,17
P0RPT3WT6,3spirit3,RM7N1JDB5,無言推奨不干渉会,726,2,7521,429800,2,8,1,1,1,2,1,1,17
MG9OXO6MR,小原鞠莉,1UBNNHVLG,蓮箱推し（仮）,1075,14,7522,429620,2,5,3,1,5,3,7,7,33
ATV83C4LL,ないんのな,FLFXP0T22,沼津内浦メンバー,1520,19,7523,429530,10,10,3,9,9,3,7,9,60
00XKAG31P,ぷらけー,HPTHY23VR,蓮ノ空文芸部,1128,4,7524,429440,1,6,2,1,5,2,1,1,19
3XTAKAC1N,のなきん,,,434,0,7524,429440,1,1,1,1,1,1,1,1,8
NAWK0C4KW,MRKST,G8F0M2PH2,アフターウォール,771,4,7526,429350,1,1,1,1,1,10,1,1,17
6U2PBV7TY,mろとlotlk,XN2VEA6DN,無言,1252,4,7527,429260,1,5,1,5,4,5,4,5,30
7EY21NHBD,にゃんさん,YNR28303K,りんくらぶ,1135,0,7528,429170,1,1,1,1,2,2,1,1,10
MTIWOGVGC,ごうだ,F08AHUJJ0,綴理のお世話係,1229,2,7529,429080,1,4,1,4,5,4,4,4,27
O2DCG66XG,ゆうやん,9C0KWR782,まったリンクラ,701,1,7530,428990,2,4,2,1,1,2,2,1,15
TGH4RK038,ぴーーえる,74HPWML1R,VALORANT,526,0,7531,428900,1,10,1,1,1,6,1,1,22
3Q9GYJL9D,さま,4202AY8EJ,倶楽部賭郎,1026,4,7532,428810,1,4,1,1,4,4,5,5,25
H7NFWW1EC,はくちゃん,9UKKACGDU,蓮っ子CLUB,1261,12,7533,428720,1,5,1,5,1,4,4,1,22
GBXU8NL03,股旅,976BY5JWK,ハルカカナタ,1022,12,7534,428630,1,6,1,4,5,5,4,6,32
V3GIYDA9V,みずの,J62DRC7J5,蓮ノ空好き好き会,1349,6,7534,428630,1,9,2,4,7,6,4,7,40
OS5JX1KL9,ゆっき,4RNUXBXGL,みらぱ最推し,1025,11,7536,428540,3,5,1,1,5,5,1,1,22
UTP2DXMTS,Rinちゃん,YMKU30246,参加賞がほしい,424,0,7536,428540,2,5,3,4,6,7,2,1,30
9CJMWSTFB,ぷらちないと,9VDEWVP01,瑠璃乃の集い,1112,2,7538,428450,2,1,1,1,5,3,5,5,23
XAW7333YW,むえの,7XCGCUG96,ふみスタ,550,0,7539,428360,1,1,1,2,1,2,1,1,10
H5N7ECM2G,ネコとカメラ,,,279,0,7540,428270,3,1,2,1,4,2,1,1,15
L2WUTM028,やや,X87KNX4N3,蓮ノ流星群,742,2,7541,428180,2,1,1,1,3,2,4,4,18
LP6465IDN,こっぴい,NY54H2A8T,日本めぐ党,851,0,7542,428090,2,1,1,1,7,2,1,7,22
HL8LPLRU9,キョン,C6V311T2P,LotuSky,1415,8,7543,428000,3,5,1,5,6,6,4,6,36
TX5DT7PG3,KzeAgain,H0DV3JJGA,かほさやてぇてぇ,1218,15,7543,428000,1,5,1,4,1,6,4,5,27
584X3V4PF,Colin,WXT031VXV,フリー,515,0,7543,428000,1,5,1,1,4,4,1,4,21
9V4W9XVU9,都築,YVV9CMBLW,東京公演で沼落ち,1107,9,7546,427820,2,1,1,1,2,2,1,7,17
DG8UJ5YH2,すけさん,KA652DGYV,ゆるリンクラ,445,3,7547,427640,4,7,2,1,4,6,1,1,26
U82VA75OT,iwa,GR65FP8VN,蓮好き,978,10,7548,427550,3,6,1,5,5,5,1,7,33
W1XOQOMNI,yoshikin,36T6UB6YA,まったり箱推し部,1117,0,7549,427460,2,5,1,4,6,4,4,4,30
APMG3DXT6,ksks,AWFDLJ1HC,小蓮花（重生版x,1137,2,7550,427370,1,4,2,1,5,4,1,5,23
KHUK7DRR2,心がめぐめぐする,9GDHWXGVG,ルリと花咲く毎日,1406,13,7550,427370,2,8,4,4,4,4,4,4,34
3YRAK0CLA,ちーたん,WBW66DMUB,るりめぐ研究所,1216,5,7552,427280,2,5,1,4,5,6,5,7,35
7C3ARPGAR,Aoikurai,6E27A15ER,蓮ノ空自由クラブ,1116,10,7553,427100,2,5,1,1,6,8,7,1,31
X70W9G6J9,コポォちゃん,8M6UDX260,ぽけもん好き,1235,10,7554,427010,1,5,1,4,4,4,4,4,27
PHP2TF1HR,Yuino,BXHG2KXAD,idol.st,1150,16,7555,426920,1,4,4,5,9,7,1,7,38
A47MC2NSM,coba,BPG4D3VMA,不明,766,2,7556,426830,1,1,1,1,1,2,1,1,9
OEF1L5FTF,めかぶ,M8FM7P139,蓮ノ空ひとり旅部,1298,15,7556,426830,4,7,3,5,6,6,8,8,47
KUDLVC58W,K.ヨッちゃん,CL9JCBTU6,蓮ノ空出遅れ組,936,2,7558,426740,2,8,2,4,4,6,4,4,34
1890L558Z,IADL,3LPBPHL3V,壁の民の伝説,1098,9,7558,426740,1,7,1,4,4,4,1,4,26
UMNRDRCB6,朝,EFYYG9TAY,ご隠居さーくる,645,4,7560,426650,1,9,1,2,2,3,1,5,24
942EMUNFY,マリンカリン,F7CMT794K,アルナシエン,983,1,7561,426560,1,1,2,1,7,1,7,7,27
CGDRJELNX,かなゆう,V8XX999F6,卍蓮村幼稚園卍,1037,2,7562,426470,1,1,1,1,1,7,5,1,18
157V86KA7,ライチ,CVFYWNA8C,大阪の帰宅部,915,1,7563,426380,1,6,1,1,4,4,4,4,25
2K681WWLJ,レン,U00TP03KP,阪大リンクラ部,377,0,7564,426290,1,3,1,1,2,2,1,1,12
D4LPQFSBH,ロックハート,43HRXMXWA,無言OKクラブ,1091,2,7565,426200,1,4,3,4,6,4,5,5,32
LQSU5APFH,aonoumi,L28X4MDJN,アフター観たいぞ,1230,9,7566,426110,1,5,1,6,5,7,4,5,34
MJP5M1594,くっま２号,48GTYR1VB,ハラショー！,1263,13,7566,426110,2,6,2,2,5,3,7,7,34
J2L5H32VN,マダムーチョ,18YYNRFGA,LotusSky,1069,7,7568,426020,1,7,1,4,5,4,4,5,31
T06CKV00G,jin,KGG6VMD1R,蓮ノ空本蓮沼の会,454,0,7569,425930,2,4,2,4,2,7,4,4,29
SMZWGLLHI,ツイン,,,1057,4,7570,425840,1,5,2,4,5,4,5,4,30
JZL1O0VV5,kamesan,PPAHU1TNY,蓮ノ空のんびり部,1109,12,7571,425750,1,2,1,1,6,6,5,1,23
CYG03C8OB,TaK(タック),8VGXWTV3U,R.opRizm,1240,13,7572,425660,1,10,1,1,3,2,4,5,27
B8WHJTA59,ドラハム,NLTAB4BLF,蓮ノ空ゆる活動部,794,0,7573,425570,2,4,1,4,4,6,4,4,29
B7D348M83,平八郎,,,1250,8,7574,425480,4,5,4,5,6,4,7,6,41
WNITXVWB1,星宮もも,B647MRPHR,壁の民女学院,1154,0,7574,425480,1,5,1,4,4,5,4,4,28
J7FF7YDGP,とらが,DKPMRA0TA,蓮ノ空奉仕部,311,0,7576,425390,1,2,1,1,1,3,1,1,11
EGDNFP2WQ,ハマ,HE0GK3EPE,瑞蓮プロカ倶楽部,1276,11,7577,425300,1,4,3,4,2,2,2,4,22
44GG2V1Y5,シャオラ,AC94W0LN2,無言で自由に,726,0,7578,425210,2,7,1,4,4,6,4,5,33
BBD5EFKMW,コッティー,3LPBPHL3V,壁の民の伝説,992,0,7579,425120,1,4,1,4,5,6,4,4,29
6YM7KAMVU,しんくさんく,JTJKAXF0U,千里浜の砂,922,6,7580,425030,1,1,1,1,5,4,1,4,18
YHWJGAUYK,ponpon,4LU50R56J,誰でもOK,564,0,7580,425030,2,8,1,4,6,7,4,5,37
F90657Y24,たねまるず,XA0XD41CM,ぼっちぼっち,293,0,7582,424940,1,8,1,1,1,5,1,6,24
FXH5RUR2E,テリー・ボガード,HWJ8XPW0T,箱推しなのだけど,994,4,7583,424850,4,1,1,1,4,4,9,9,33
7RXRRA43F,しまざき,NV5H2H15B,アフター参加し隊,1090,6,7583,424850,1,1,1,1,1,1,1,1,8
DD58G93VJ,坂本/えふぴー,VU0UYYA8K,蓮ノ空日野下厩舎,775,0,7585,424760,2,4,2,5,4,4,1,4,26
J9BJE6TJ7,ピョン吉,B647MRPHR,壁の民女学院,1181,11,7586,424670,1,4,1,1,5,5,1,4,22
22B3KPGD6,藤田ヒトツ,R9T0YKDW8,かちまち応援隊,1215,7,7587,424490,1,7,1,4,6,2,1,9,31
43A1IMJG3,コペ,A3X92L6YU,お試し用サークル,1322,7,7588,424400,1,4,2,4,4,2,4,1,22
7E4912M27,かっこー,W2HEPMM2A,無言。ぼっち。,1307,1,7588,424400,1,1,1,1,1,2,1,1,9
XNK8LXTK7,あまくち,KXB93FVTR,ブルームガーデン,1063,2,7590,424220,3,4,1,4,4,6,4,4,30
LCFK5NLDM,きりさめ,2L8R7GAV6,大賀美組,1308,19,7590,424220,1,4,1,1,4,2,5,7,25
GGAXX31CY,Kiseki,7XH3K4GBT,LLP,445,0,7592,424130,3,10,1,1,2,4,1,4,26
7AL3M86BL,あ太郎,GXAE7AM9U,酔うソロ～,841,4,7592,424130,4,4,1,5,1,1,5,1,22
A9EINPGAO,雪さくら,GMEF2K8DL,花咲く泥も好き²,1256,12,7594,424040,2,5,1,4,4,6,6,6,34
0HXAM9YW1,(新）急6520,FG4170141,♪さやか愛好会♪,406,0,7595,423950,1,1,1,1,1,2,1,1,9
N9T120HCG,きらめき,,,540,0,7596,423860,4,6,4,4,6,6,6,3,39
87SOZSTDS,ハレクモ,HWMV33W7Y,フラワー泥民館,1247,20,7596,423860,1,4,1,1,8,4,4,5,28
9KGEH7TF6,たまこ,8MLVA67AK,聖ミリオン女学園,893,0,7598,423770,2,1,1,1,1,2,1,1,10
WDPYTRPR2,あほげちゃん,NJBBTCY3A,かにかに！,615,0,7599,423680,3,5,3,5,5,6,3,5,35
GHBXYHUJP,Frankie,GWGDMA3YC,初心者無言自由だ,810,4,7600,423590,5,10,1,1,3,4,1,1,26
LJGLHWWT9,Hiroshik,REUA4H17B,LLLLBR,667,7,7601,423500,1,1,1,1,1,3,1,1,10
0UXMXCQI6,カカ尾,TMYMB72UG,蓮ノ空お絵描き部,1195,8,7602,423410,5,6,1,4,6,4,6,5,37
E3H7JW62G,スナルシア,YK0X6N2HN,無言OK出入自由,1093,6,7603,423230,2,4,3,4,4,4,4,4,29
8GYNT6PGN,けんこう,EE4BKR0AR,まったりプレイ,1025,0,7603,423230,2,7,2,4,4,4,4,5,32
8H65NV0AG,アシェット,JTBMEXV8L,ひとりぼっち,1150,18,7605,423140,3,4,2,1,6,3,5,7,31
F3YJA09XO,かみゅ,XLBU65J86,花の壁飾りクラブ,1231,5,7606,422960,3,6,1,4,5,4,4,5,32
9R5YRPMX1,Caffê,E7UBFLW56,同好会の同好会,980,16,7607,422870,3,6,2,4,4,8,1,7,35
G7ATTD4TW,澪,PLBBEX019,待機室目指し隊,1270,0,7608,422780,1,6,1,4,4,6,5,4,31
LCLJ2BX1X,賜蓮,J5CKL5YPX,ログイン勢かもん,812,0,7609,422690,3,8,1,1,1,7,2,1,24
8N5Y5HD1G,スドウ シン,M206VENTF,蓮紺の会,934,3,7609,422690,1,4,1,4,9,6,5,5,35
FL5L2HBN3,クラウン,BT22M41DV,梢花帆吟子同好会,1095,17,7611,422510,2,4,1,4,4,5,4,5,29
979VNX7SK,ななしのあのん,7UAN9K95E,蓮ノ空漫画研究会,584,0,7612,422420,1,1,1,1,3,1,1,1,10
2F12C709Y,なずな,8JMW9G2XW,僕らのリンクラ！,1202,11,7613,422330,1,4,1,1,4,2,1,8,22
8XH0HJ3W8,あひるちゃん推し,,,191,0,7613,422330,2,5,7,6,5,3,1,3,32
VWZ428C1W,りょうちゃん,ERED0W3TV,はこおし,1189,5,7615,422240,1,7,2,4,4,4,4,5,31
TUA46NLU3,ふたえ,RXX0XLA5D,ふたえのきままに,985,6,7616,422150,2,4,1,4,9,1,4,1,26
5UAL5KJDU,響,9C0KWR782,まったリンクラ,325,0,7617,422060,2,5,3,1,6,2,4,1,24
G9X5JFXPK,たむたむ,JRAC1HYUD,SPHS-MMT,1084,0,7617,422060,2,5,1,4,8,2,1,1,24
C24FV24A7,おるさん,05KN1RR3U,さやかほ花卉園,796,5,7619,421970,4,2,5,1,4,2,1,2,21
V9RNSMWIM,いかわ,HBCC35887,そりゃー!!!,1384,7,7620,421880,1,4,1,4,2,1,6,1,20
YB3GGFTHY,ccell21,4FN0KWB4G,無言参加大歓迎！,226,0,7621,421790,6,10,5,4,7,2,2,7,43
E6CW8MFCD,まど。,,,449,0,7621,421790,1,6,1,1,1,9,4,1,24
X3UUAMT30,にこにこに,80VRCG1BY,みらぱ同好会,416,0,7623,421700,4,1,1,1,1,5,1,4,18
NU13M8LMJ,たわし野,UHF5Y8PEF,さやちゃん倶楽部,902,9,7623,421700,3,9,2,2,4,7,7,1,35
UMW056P90,けい,H837E0M9R,沙知先輩大好き部,1115,4,7625,421610,1,5,1,4,5,4,4,5,29
BOY5LVU3N,ざるそば,X7C21B7H7,泥,1255,4,7626,421520,1,1,1,1,1,4,1,5,15
F692HO930,グラ,N94LEWF2D,無言よわよわの会,1436,3,7627,421430,1,2,1,1,9,2,1,9,26
MAH780W6U,ろな,BKUHCT7WF,蓮女お嬢様部,1091,0,7628,421340,1,4,1,4,4,4,4,4,26
K2K8760G4,Tsuki,2JK7E4115,ラ！推し,712,6,7629,421250,1,4,1,1,1,2,1,1,12
H6WE0T5CL,Baim,R9BNLJ11B,瑠璃乃を愛でる会,412,1,7630,421160,1,7,2,1,2,4,1,1,19
N1DJH31JW,冰雨,H1LTYMK0B,花帆が可愛いの会,1284,20,7630,421160,1,4,1,1,6,4,7,7,31
5WKVI7CO2,やよ壱,HBD61R6WC,梢先輩すきすき部,1214,4,7632,421070,2,1,1,1,1,2,1,5,14
DPJFWA594,まどか,4LU50R56J,誰でもOK,1038,2,7632,421070,1,1,1,1,7,3,2,1,17
H9X0053TM,うすしお,AC94W0LN2,無言で自由に,690,0,7634,420890,4,8,1,1,1,3,1,5,24
UAN55ZHCX,水林清也,7MPNTWKTN,Dreamers,1282,12,7635,420800,3,5,1,4,4,3,4,1,25
V5M34BBH7,ワラカラ,9AYD3XJ2D,ぺんぎん隊,1342,20,7636,420710,2,5,1,4,5,6,6,7,36
MZGNGMS9B,くつした,43HRXMXWA,無言OKクラブ,1193,9,7637,420620,1,1,1,1,7,2,4,4,21
9R83V7M4L,つばさ,,,606,2,7637,420620,2,5,1,1,4,5,1,1,20
K32KRCHPP,❀近江彼方❀,75UJ5RB97,蓮ノ空雪野球部,273,0,7639,420530,2,1,1,1,1,2,5,1,14
368AM4V9C,黒牙,CWPWP1266,さすさや,629,2,7640,420440,5,2,3,3,2,4,1,4,24
AEXJ7FTXR,T-799,394UG5LNY,行ってらっしゃい,1103,2,7641,420350,1,5,1,4,4,2,4,1,22
2H4PNWEF8,にわか,LJNCAEVAP,蓮ノ空さやか研,501,0,7641,420350,2,1,1,2,3,7,1,5,22
VWEN495W0,MAY,E1HVJ71JR,ご自由にどうぞ,334,0,7643,420260,2,6,2,3,5,5,4,4,31
E5VRX2WWG,Rina,D1YHB0B1A,BWO,1098,5,7644,420170,1,5,2,4,4,4,4,4,28
WT687TQGA,ゆだん,G8F0M2PH2,アフターウォール,1004,4,7645,419900,1,1,1,1,1,2,1,1,9
5GJALCY6B,おとう,6B79AJXNY,こんめぐこんこず,844,0,7646,419810,2,4,1,4,4,2,4,1,22
ATEJAAMMY,邪王真眼,KXEME076E,つづさや親衛隊,459,0,7647,419720,2,6,1,3,7,4,2,1,26
Z3ADHJF5Z,七海,WFPA7YJE1,蓮ノ空文芸部,988,7,7648,419630,3,10,4,5,4,6,4,1,37
WUAXB8RX2,まままい,8KCJ6PD2B,ぺろぺ,647,2,7649,419540,4,1,1,1,1,1,1,1,11
I1ZUVSLFG,TKG,PDTRRYUGM,石川県民ひろば,1418,16,7650,419450,1,7,1,4,8,7,4,5,37
N1DDVY9CK,ゆーふう,3FF3NB77X,せーはす愛好会,938,0,7651,419270,1,4,1,2,5,2,1,1,17
CW1FRNLB8,kazu,,,1495,19,7652,419180,5,6,6,5,5,6,9,9,51
EJEHECMV2,だいすろーる,AXGGJ4EJ1,所属だけしたい部,965,3,7652,419180,2,4,1,5,5,6,1,1,25
N59M3856G,りゆん,38KAJGDGU,異次元シャニP,803,4,7654,419000,1,1,3,2,1,3,2,2,15
M8BWX64GJ,セカイの住人,N287M17E3,プセやってるお,464,0,7655,418820,4,1,1,2,1,4,1,4,18
1GMBBLDLA,肉うどん,W2HEPMM2A,無言。ぼっち。,1270,16,7655,418820,1,7,2,4,4,4,4,4,30
AMALU7YPJ,命,UX96YX4T1,『位置について』,487,0,7657,418640,1,1,3,4,5,4,4,4,26
BR1TEFBLT,はったんちゃん,RA1676TKK,蓮の空好き好き部,931,5,7658,418550,2,7,7,4,7,2,5,7,41
I8TFF5BSR,Franchii,9UKKACGDU,蓮っ子CLUB,1091,6,7658,418550,1,8,1,4,6,4,6,5,35
C9ZXL5AO2,こなつ,59AK7LJ7A,とりあえず,1226,1,7660,418460,1,4,1,1,5,4,1,5,22
KXRLK0DM4,ぽんこつはすぷれ,M74P64HDW,金沢サニーランド,661,0,7661,418370,2,7,2,4,6,3,4,5,33
76D281WLD,なのは,D52G2F1HV,いな民リンクラ部,1237,10,7662,418280,1,6,1,1,8,3,2,2,24
IARBTXP0K,逸璃,BXGNMY466,ライグラ用,1009,12,7663,418190,1,7,1,1,1,6,1,4,22
LX7X04ALL,♡さやめろ♡,PUJ0ERCMW,蓮ノ空倶楽部,606,5,7664,418100,3,5,7,1,2,6,2,4,30
J1UPMXEK3,じょー,74HPWML1R,VALORANT,1191,12,7665,417920,1,7,1,4,5,5,4,4,31
SQEXZEJCT,MistRain,G1AFM0R9A,蓮ノ空釣行部,1027,0,7666,417830,2,4,1,4,5,4,1,4,25
CV2KL1L87,ノエル,VLY5JDKCV,新規なのだけれど,777,0,7667,417650,2,1,1,2,1,6,2,4,19
GHTR0FBXR,ノブナガ,30W3RA65G,蓮ノ空自由クラブ,324,0,7668,417560,2,3,2,1,1,2,1,1,13
PNX9K9YJD,初夏,E7UBFLW56,同好会の同好会,778,2,7669,417470,1,1,1,1,1,2,1,1,9
TAWRC5WY0,ｼﾞｮﾏﾗｧ,0R8BXPRC1,ポチっ！とクラブ,606,0,7670,417380,1,6,1,1,1,2,1,1,14
CRK60LK6V,もも^ ^,0YLUK30K6,蓮っコの集い,974,2,7670,417380,1,1,1,1,3,2,1,1,11
ORSRV6U12,南蛮バンビ,WBXF9XXW7,さやつづ愛でる会,794,0,7672,417290,2,3,1,1,2,3,2,2,16
VQTTBJHQ1,ティナ,8UJNTV5BX,のんびりと部,1080,14,7672,417290,5,8,5,6,6,5,6,5,46
8D21HH11H,よつぎ,85G1K4U8U,ゴーイングメリー,1147,6,7674,417200,1,7,1,4,5,4,4,5,31
UND79V3NX,こず,8YNHW7530,虹ヶ咲、蓮ノ空,939,10,7675,417110,6,4,1,1,4,5,1,4,26
AT85M61W1,JUNjun,AXGGJ4EJ1,所属だけしたい部,750,4,7676,417020,2,4,4,1,5,2,1,1,20
0R13TUC67,とよほん,RC3X71TV7,気づいたら爆散,685,1,7677,416930,3,6,1,4,7,6,4,4,35
OMH4PGMIU,ハラペーニョ,8UJNTV5BX,のんびりと部,937,1,7678,416750,2,1,1,1,5,4,1,4,19
CBWPKB2G3,紗由,5L5TJF7YV,蓮ノ空女学院寮,556,0,7679,416660,2,4,1,1,5,3,1,2,19
XB2WRTDGT,おにぎりせんべい,XPRA8TRVE,蓮ノ空ロボット部,1399,12,7680,416570,1,5,1,1,6,2,9,1,26
F7D08CY6V,けんけん,WFPA7YJE1,蓮ノ空文芸部,1225,3,7681,416480,1,3,1,1,1,2,1,1,11
2RA5AD2WX,MARINE,WPG6BCG83,基本無言,296,0,7682,416390,1,5,1,2,4,4,2,1,20
55M2AB58H,ティー,BPV7XL8F0,Tee,923,1,7683,416300,1,1,1,1,1,1,4,5,15
3VDMM128A,いの,LUDNM40F8,ふくふく無言OK,1184,15,7684,416210,1,4,4,4,5,6,4,6,34
03PGMFBPW,R4mN3,3BDTCERX6,打ち返した流れ星,1021,4,7684,416210,4,5,4,4,5,4,2,1,29
KMVGW5O0O,シノ,0VEMMV8E2,スリブとまったり,912,0,7686,416120,2,1,1,1,1,2,1,1,10
5VECG5HHA,ごつごつ,VLY5JDKCV,新規なのだけれど,1079,5,7687,416030,1,5,4,4,4,4,5,2,29
QO5419XLG,きき,NA8FEYN0M,蓮ノ空飲酒クラブ,992,2,7687,416030,1,1,1,1,1,2,1,1,9
SKHU8OJTY,ケン,WPG6BCG83,基本無言,1173,4,7689,415940,1,1,1,1,7,2,7,7,27
HXFUGNRBB,とりがら,13GY0NAD4,にこたまぱーく,1061,0,7690,415670,1,1,1,1,1,1,1,1,8
H0DE1196C,焼き鳥,LG3XF86RM,ハロめぐ党無言可,620,3,7691,415580,1,1,1,1,1,3,1,1,10
6T7TT0PCN,もらい火,M1DLCR0R8,花帆護サークル,259,0,7692,415490,2,1,1,1,1,2,1,2,11
UCNN2ELGY,かずき,XEENRBXCG,蓮ノ空休日クラブ,1096,6,7693,415400,1,4,1,1,7,6,4,4,28
3SL5MV3T0,ヒイロ,PWK02KG0F,メメントの森公園,1091,6,7693,415400,1,5,1,1,1,2,2,1,14
AEXXNH8YV,まつ散歩2,427WENUC4,心の癒し～蓮ノ空,962,0,7695,415310,1,1,1,4,7,4,6,6,30
AP25372CY,道び完,FLFXP0T22,沼津内浦メンバー,859,5,7695,415310,1,8,1,2,1,2,1,1,17
DNI39MIF0,ヘルツ,58FD7UF8J,としとしサークル,1247,16,7697,415130,1,4,1,5,5,5,5,5,31
KM5K3L2R3,サカニクス,A84BK7PL4,ゆるっとホリディ,991,2,7698,414950,1,4,2,4,1,2,1,7,22
G3HCNGV18,ふりりん,,,962,9,7699,414860,1,2,9,5,1,3,4,1,26
C9325WMEN,K4,,,1557,16,7700,414770,6,6,6,9,9,10,4,6,56
PDHENR28X,かかお,FE282F3VH,天悶部,1209,11,7700,414770,4,3,3,2,1,6,1,5,25
1DRW12FXA,miRacle,WBXF9XXW7,さやつづ愛でる会,266,0,7702,414680,1,4,1,1,1,2,1,1,12
3TV860532,けだま,E8K438RP1,リンクラ初心者部,1119,2,7703,414500,1,1,1,1,1,4,1,4,14
7DMLGDNTT,エロマンティウス,9DFV9UTW4,白ひげ海賊団,313,0,7704,414410,2,4,1,4,1,2,1,4,19
5MK101XEK,いろは,K69M1X95F,アイリス,1077,6,7705,414320,1,7,1,5,4,4,4,4,30
YBNGC4NP4,Dr.ウィロー,6C9R15BLY,スクスタ避難民,1122,2,7706,414230,5,5,5,5,5,6,6,6,43
F86TD5QFI,ほし,9E910GGD2,蓮ノ空給湯室,726,2,7707,414140,3,10,1,4,5,5,2,1,31
SCDJLFREK,れおめぇ,8ARWEB67F,蓮ノ空れぎゃ米部,1200,15,7707,414140,1,1,1,1,1,2,1,1,9
R3Y3BDYWG,しおの,XTMGPY62U,スクステ初心者,345,0,7707,414140,1,1,1,1,1,2,1,1,9
TMHALEY47,パルム,XE8513HNP,喫茶カワウ空✨,1139,11,7710,414050,2,5,3,5,4,5,5,4,33
LA55MA5MB,みったん,TCTEAMP9C,虹ちゃん最高！,232,0,7711,413960,2,4,1,1,6,8,1,1,24
DWA3NBGBH,かき氷,CVFYWNA8C,大阪の帰宅部,741,0,7712,413870,1,4,1,4,1,3,4,1,19
ADT3AMTG5,にっし,B2KV0EVPD,蓮ちゅきクラブ,1244,16,7713,413780,1,2,1,1,4,2,2,9,22
EDGMD2AD2,Gファルコン,A3472CNJE,ハントン✿ライス,1222,3,7714,413690,2,5,1,4,4,5,4,6,31
E4WTTYGKN,しらたま,E050K9859,蓮党,1124,12,7715,413600,1,4,1,4,4,5,4,1,24
702KAENDD,トシマ,G6EH0KHT7,なんもわからん,948,2,7716,413510,2,5,2,4,4,5,4,5,31
260GHQ2RA,なづな,2VJG66JTH,まったり,1333,14,7716,413510,9,10,8,8,8,8,8,8,67
2KAA68K5G,乃木かん,N8L41JAA7,無言 ノルマなし,1087,8,7718,413420,2,6,1,1,2,3,2,7,24
FGH309JBB,Faiz49,KGDNX3EF3,ENcircle,821,2,7719,413330,1,2,1,1,1,2,2,4,14
DXRPVLKXW,よいつき,P2J37FNLG,乙宗先生指導会,974,7,7720,413240,2,10,1,1,1,5,1,7,28
JBFSGPL1E,鈴華,YXKR0GGM4,蓮ノ空好き好き,763,3,7720,413240,1,5,1,1,3,4,1,1,17
KHF5HIJ9M,CP,C0NDBKMRB,すりぃずぶぅ家,1239,6,7722,413150,3,7,1,4,5,4,4,4,32
K1AKCRHFV,Yama15,C0NDBKMRB,すりぃずぶぅ家,1315,10,7723,413060,1,5,1,4,1,3,4,1,20
JXG2J10MB,なぜかよしえ,FNMV166UY,蓮ノ空喫茶部,1107,14,7724,412970,1,4,1,8,1,2,4,1,22
D2WMDNME7,推しんこ,X784G0GKM,異次元から来た,442,0,7724,412970,1,1,2,1,4,7,2,1,19
B43KP5ADK,ぱんだっち,VD7N7A4WH,氷青色,957,4,7726,412880,2,4,1,4,4,4,4,4,27
DBAN28L5A,よろし,23PGPJ3NV,蓮ビギナーの集い,1045,3,7726,412880,1,4,1,1,4,3,1,1,16
P3542KYRH,コルベットZR1,R7VEXFUBP,蓮ノ空応援クラブ,1055,1,7728,412790,2,6,2,4,6,4,4,6,34
JGRJ724RT,なの,TM19BMU7C,ソロプレイヤーズ,1129,20,7729,412700,2,5,2,1,4,4,7,7,32
D72L60CAH,Nandk,N83DW3NYG,†極最強倶楽部†,1058,7,7729,412700,4,7,1,4,4,4,4,4,32
T0UGG6MXF,Resi,JCRNT9GKB,ハントンTKG,1282,12,7731,412610,3,7,1,4,4,5,4,5,33
EEG31HN28,NY,,,1111,8,7732,412520,3,4,1,5,4,4,4,4,29
LT5FUEYV2,QWERT,GGCKK69C9,リ　ン　ク　ラ,682,0,7733,412340,4,10,3,4,4,4,2,1,32
0L4BMRXX1,Peace925,9YTN0M5PV,月月火水木金金♪,350,0,7734,412250,3,4,3,3,5,4,1,1,24
QMD9COWUZ,まきちゃん,TK9E1BB1P,無言で自由,1138,2,7735,412070,1,4,1,1,7,2,1,8,25
HK3KEESRW,るり@瑠璃乃推し,8FR866PRY,蓮っ子みらくラブ,1273,4,7736,411980,1,7,1,5,6,3,4,1,28
TUBKCAXN8,ぽぽぽ,RBH0YM8P2,蓮ノ空ラーメン部,503,0,7737,411800,2,1,1,1,1,4,1,1,12
E7EO9XL5E,こしょうゆ,GMKTGU0RT,フリーフラワーズ,1068,2,7738,411710,1,3,1,1,5,2,1,5,19
UV6NLMK2K,屋根裏のゴミ,L2HJ46YVK,徒町の一発ギャグ,1096,3,7739,411620,1,4,1,1,4,1,5,9,26
BW2RWKMUG,そらマメ丸,,,1038,4,7740,411530,2,1,1,5,5,5,1,1,21
00X6W4TT9,くろすけ,PPAHU1TNY,蓮ノ空のんびり部,1018,2,7740,411530,2,4,1,3,5,4,1,4,24
GEFPHV78D,こうしくん,2BB5YVRFL,蓮好き好きクラブ,1169,5,7742,411440,1,4,1,1,4,4,7,5,27
8F1YD6YTY,かん,TF526VPFB,ファイトクラブ,953,1,7743,411350,1,7,2,4,5,5,4,4,32
1XS04QBYD,ヒロユキ,NGFXVPCGX,うさぎのしっぽ,1099,6,7744,411260,2,6,3,1,4,4,4,4,28
NFEGNL75F,なお,JRAC1HYUD,SPHS-MMT,1244,2,7745,411170,1,5,1,4,4,2,7,5,29
HLKY16BHK,ぎんぎつ,E1HVJ71JR,ご自由にどうぞ,996,5,7745,411170,1,5,1,1,4,4,4,4,24
VG3JPEM9W,むっちゃん,GYJ3C6TKR,綴理先輩好き好き,1268,8,7747,411080,2,4,1,4,5,4,6,5,31
666921WMW,零一風儀,BELCUYCMH,蓮hkg香港分部,1198,6,7748,410990,2,1,1,1,6,2,5,5,23
79U9F0N2C,頼叶,AG9PKMMC3,ぱかぱか同好会,1263,15,7748,410990,2,4,1,1,5,4,5,1,23
6MO480DUI,くろごま,WPG6BCG83,基本無言,1028,5,7750,410900,1,4,1,2,2,2,1,1,14
HXDRBE402,おじさん,X33HHA9F8,アルストロメリア,1004,13,7751,410810,3,4,1,5,1,4,5,1,24
JAJU2TLW2,ケーゴ,4WWM4VVDK,蓮ノ空遊戯開発部,691,1,7752,410720,2,8,1,1,1,9,1,1,24
B2GHW0MHE,み,3L3TAA862,チーム用務員,1706,9,7753,410630,1,3,1,1,3,1,1,1,12
WL5Y1B1KY,くずり,PUJ0ERCMW,蓮ノ空倶楽部,1160,3,7754,410540,1,1,1,1,1,2,1,1,9
RUZD4J29R,カップ,FNMV166UY,蓮ノ空喫茶部,1403,19,7755,410450,2,7,1,6,7,6,7,6,42
R13OARJ8A,Alex_Rin,18YYNRFGA,LotusSky,909,0,7756,410360,1,1,1,1,7,6,1,5,23
ETLHCH931,むらきち,T48KV9EP2,無言ぱーく,631,0,7756,410360,1,6,3,4,4,5,3,4,30
HM8JCMJJ2,リュウタロス,M4YY7PV0G,ブルーロータス,350,0,7758,410270,3,5,1,1,6,2,1,1,20
LKEYVKQ7X,みらぱ星人,E050K9859,蓮党,1119,2,7759,410090,1,9,1,2,8,8,1,1,31
KU0UHERBD,たいちょー,2K5AM4RV0,とろぺりです,1140,7,7760,410000,4,9,3,1,1,3,4,9,34
1UTL77TAF,つしまさ,1EBG7YUTL,菅！CAN！叶！,592,0,7760,410000,2,1,1,1,1,2,1,1,10
V53H65N9D,＋F,KXB93FVTR,ブルームガーデン,1338,20,7762,409910,3,7,4,5,8,6,7,6,46
MK01CM4XP,伊安蒂卡,T2XRMGEAE,蓮根無言会,1160,16,7763,409820,3,1,1,4,9,4,9,9,40
1FJDDPKG3,あくまち,NLTAB4BLF,蓮ノ空ゆる活動部,783,8,7764,409730,2,6,1,1,7,2,1,1,21
R6RXBL0LH,:p,279NUYU7C,れんこん,1267,12,7764,409730,2,4,1,4,4,2,1,1,19
DYRRW9FN1,雪輝,W2HEPMM2A,無言。ぼっち。,1096,16,7766,409640,1,7,1,5,5,6,4,4,33
4N9RXALFL,もひ,85D411XNB,蓮っ子の集い,1319,2,7767,409460,1,6,1,4,4,6,6,4,32
Z52ALP3BH,Nao,GBEJMUFWT,めぐちゃんズ(仮,1289,16,7767,409460,1,1,1,1,5,3,7,7,26
0PXA9933E,うまづら,FWFW6YY1T,とくになし,1031,3,7769,409370,2,5,1,4,5,4,4,5,30
5D08TTU13,かせ,ATB27G5P2,おこめ茶寮,1203,0,7770,409280,1,5,1,5,5,4,5,5,31
BOMSGUUM0,ツカサ,18YYNRFGA,LotusSky,1340,2,7771,409190,1,8,1,5,5,6,4,5,35
ULAG2R4TC,はるまき,HWXEVBW48,ミッション参加用,220,0,7772,409100,5,6,4,4,4,4,4,2,33
BQLUGS1JZ,マサル,E515TRU1G,起きろ夕霧綴理,1210,12,7772,409100,1,4,1,1,4,2,1,1,15
GZTMYXI4Q,テクテクさん,88DJ300PJ,めぐ党 • 永遠,1212,2,7774,408920,3,1,1,1,5,4,7,7,29
6CJJKAG08,マンマル,K2L5DCVNR,REAL,1081,1,7775,408830,1,9,1,4,4,3,2,5,29
DA8HRY0TJ,花帆めぐ推,LAKRG5NK9,ログイン勢,662,0,7775,408830,1,5,4,4,5,5,4,5,33
H52C1HPBU,UA,UVK38MFR2,蓮の虚無サー,1265,3,7777,408740,1,7,1,4,4,6,4,4,31
LNLH3S1AI,アララギ,2DYYAPFVN,蓮っ子村,1116,12,7778,408650,1,7,5,1,3,2,2,1,22
R8LA175N5,陽灯,,,707,2,7779,408560,1,1,1,1,1,4,1,4,14
6EAAJ54RR,keiji,HH93ADAW3,無言自由。,958,2,7780,408470,2,1,3,4,2,4,5,4,25
F415J8HAN,165.2cm,4K4JXGNX0,蓮ノ空P活クラブ,851,2,7780,408470,1,3,1,1,5,3,7,7,28
04UFB8P1K,Tefurra,TFGKYEY98,LLP JR,968,5,7782,408380,3,4,1,4,1,5,4,4,26
RXGDL7HA2,くらけい,GMEF2K8DL,花咲く泥も好き²,1496,20,7783,408200,1,5,1,1,5,4,5,5,27
4LGKKPNTF,桜,9P9EPKFHE,無言参加OK,228,0,7784,408110,1,6,1,1,1,5,5,4,24
J2G5F9NAF,Sammy,R181MKNX1,みらくらは人生！,1156,3,7785,408020,8,9,10,5,7,6,6,7,58
XBEHLLH7T,TOMOKI,LUDNM40F8,ふくふく無言OK,819,4,7786,407930,2,1,1,1,1,2,1,1,10
A90NW57GV,そのへんの石,U8GLCJVJP,コミュ障用誰でも,1021,8,7786,407930,1,5,1,1,1,2,1,5,17
SROIXY2IQ,くろあお,WLLWJ8ADP,乙宗筋肉サークル,1224,15,7788,407840,1,6,1,6,5,6,4,4,33
12GEE74CX,ソー大三角,8MTLYLH9F,木星月華黄金宮,302,0,7789,407750,1,3,1,1,3,2,1,1,13
JZAJDVW5Z,FREYA,VY26V3P0K,AltF4され隊,834,2,7790,407660,3,1,1,1,4,4,1,2,17
GGKKLA4R3,ホムラ,8MLVA67AK,聖ミリオン女学園,1268,4,7791,407480,1,5,1,1,4,4,1,5,22
PWVHV4FY5,ﾁｬｰﾊﾝﾏﾝ,,,375,0,7792,407390,2,7,1,5,1,1,4,1,22
ERRPEMRB9,MasashiX,HMBW9DXY2,蓮好き皆あつまれ,1359,9,7792,407390,1,4,1,2,5,4,1,2,20
P2ZEZIQ73,二次元人,3LPBPHL3V,壁の民の伝説,1165,8,7794,407300,1,4,1,2,4,4,5,5,26
SCYQFSZVZ,くっちゅん,FMKP92LRL,目が霞む人達,1223,20,7795,407210,4,8,3,1,6,4,8,8,42
IWE8BOATS,あんかけピラフ,GBEJMUFWT,めぐちゃんズ(仮,1208,0,7795,407210,2,4,1,4,1,6,4,4,26
L76DT7ENT,コンタ,HWJ8XPW0T,箱推しなのだけど,1303,3,7797,407120,2,6,2,4,5,5,6,7,37
DYWAML1GK,ケイト,,,599,3,7798,407030,3,10,1,4,1,1,4,1,25
BXEADDYHV,三木,XPX36F6JX,無言初心者お試し,749,3,7799,406850,1,1,2,2,3,2,2,1,14
PAA6U75FU,オル,AVY8PECF0,初心者の集い,539,0,7800,406760,1,4,1,2,4,2,1,4,19
F37GSVPNZ,かっふ,7279KLFCG,泥人形,872,2,7801,406580,1,1,1,4,4,4,5,4,24
Z7NNNRGFD,おがさわら,2JK7E4115,ラ！推し,1333,6,7802,406490,1,7,2,4,4,5,4,5,32
9FU09JLJR,PKC,HB9AU9DJJ,聖心党,1536,4,7803,406400,1,7,1,5,7,6,5,7,39
B8G52UT5Q,火鱗,TTDBXERCU,蓮ノ空 全力応援,1141,2,7804,406310,1,5,1,1,4,2,2,1,17
PWU8QZZ6O,あさま,KB5BFK7J6,おはめぐ党本部,1267,8,7805,406220,1,7,1,5,4,6,4,5,33
KB29SJPNR,園田雪月花,865UE9UC6,蓮ノ空うどん部,928,2,7806,406130,1,1,1,1,1,4,2,4,15
CDFT2X7JE,アデル,GJCKB88YE,P&S,774,0,7807,405950,2,6,1,4,4,4,1,5,27
1VPHTU6YA,あすたろう,YVV9CMBLW,東京公演で沼落ち,1296,11,7808,405680,1,7,1,5,5,6,5,5,35
UG37B8B5B,らんだ,U4TNE7AC7,AirLotus,880,0,7809,405590,2,5,1,4,4,4,4,4,28
MLVJB386A,3代目A,23PGPJ3NV,蓮ビギナーの集い,597,2,7809,405590,2,4,2,5,4,5,4,4,30
T4EZV19EO,tek,5P8A9KP3U,＿,1400,15,7811,405500,5,7,4,5,4,4,5,4,38
VFP1AZBZC,Linkcat,31A7JKC69,蓮好きの巣窟,776,2,7812,405320,1,1,1,3,3,2,1,1,13
UPYMGTVDG,つきよの,,,1283,14,7812,405320,2,1,1,1,1,1,1,1,9
2P400PNF7,Tom96378,AR9HR528A,いろいろ実況,852,5,7814,405230,4,4,1,7,1,9,1,1,28
J8FCRHPAN,エリー千歌,6C9R15BLY,スクスタ避難民,1110,1,7815,405140,5,5,5,5,5,5,6,5,41
RJEM4UY8A,sonic,,,772,2,7816,405050,7,2,1,4,2,1,1,1,19
46OYOT52K,カケル,G6EH0KHT7,なんもわからん,1109,3,7817,404960,1,3,2,1,3,2,1,1,14
NVFA2N86P,絢都蓮,VP0K6KF0K,蓮ノ空大好き!!,1181,20,7818,404870,1,7,1,7,4,5,5,5,35
ALEYYW8FY,ほなみの請結婚,DALU6BL7L,東方星蓮船,686,2,7819,404780,1,1,2,1,2,4,1,1,13
1135XR36D,xicro,KANLFTMVJ,蓮ノ空中文同好會,876,5,7820,404690,2,1,1,1,1,4,1,1,12
6HR0BRG06,ビューティー,1AK9VTG3W,ドルケスキスキ部,881,1,7820,404690,2,7,2,4,6,5,4,4,34
LW4TAC2P9,澪,E12PR824F,ゆるっと蓮ノ空,1365,17,7822,404510,2,7,3,4,5,4,4,4,33
RJ1H77TCE,スパイラル田吾作,67F1KB00K,さやか推し♪,978,1,7823,404420,2,4,3,4,6,4,4,4,31
91K7F2FLA,HAGI,DH97ANN9G,ツキマカセ,1031,1,7824,404330,2,4,1,1,4,4,1,4,21
XH8YBK7X1,アイマスP,25PMPEMG7,星見プロ,1418,16,7825,404150,1,6,1,5,4,4,6,4,31
HG5AJMK2M,うまざえもん,PJFUEFV94,◯◯◯待機室,597,0,7826,404060,3,1,1,1,1,1,1,1,10
CWTRLG8WY,もなりざ,HWJ8XPW0T,箱推しなのだけど,911,4,7827,403970,1,8,1,4,6,5,4,4,33
ORGHE40XK,五郎島金時,K4TAHF9YA,はすっこ準備室,1138,11,7828,403790,1,5,1,4,1,2,1,1,16
0PMD6D6F5,Vex,M851LEV3N,なっす父兄,602,0,7828,403790,2,1,1,1,1,2,1,1,10
5MRWRAWAY,六,NK17PY5LW,のんびり,872,0,7830,403700,2,5,1,1,6,2,1,1,19
KJWG2F1VM,らうんど,4JEY5APBM,ウイ憂初WIN,516,2,7831,403610,2,1,1,9,1,4,1,1,20
GB3MP3KAB,ひゅんける,,,330,0,7832,403520,3,4,1,1,1,1,1,4,16
M2V869N1Y,よしひこ,83TGL8UMJ,しゅうまつクラブ,932,2,7833,403430,1,5,1,3,4,4,6,5,29
558C6C5N2,ぴっぴ,36T6UB6YA,まったり箱推し部,881,2,7833,403430,5,5,1,4,5,4,4,4,32
DQB7HUSPW,キムショット,N1JM7M3YC,丘側,1099,0,7835,403340,1,4,1,1,6,2,1,1,17
CXH5GBD81,くろねこ,8MDA3A0AK,イベント用,487,0,7836,403250,3,8,2,4,6,4,4,1,32
C2KU6VD9H,りっかちゃん,XE8513HNP,喫茶カワウ空✨,649,0,7837,403160,1,1,1,1,2,2,1,1,10
H2FK1AJXN,たまご.,D1YHB0B1A,BWO,781,0,7838,403070,3,5,1,4,4,4,4,4,29
XRWXNXGBX,Takuto,KGDNX3EF3,ENcircle,982,11,7839,402980,2,5,1,1,1,2,1,4,17
MHC9N5DC7,かげとら,ATB27G5P2,おこめ茶寮,1213,3,7840,402890,1,1,1,1,1,2,1,1,9
CBJ2PB549,にかなやねほゆら,F2M746D4B,頑張らないクラブ,1161,16,7841,402800,2,4,1,1,4,4,4,4,24
V0NHANXB2,シロ,YDYH4VRRP,レンクウ,599,1,7842,402620,1,1,1,4,1,2,1,1,12
4D9426M1N,あちぼー,AVY8PECF0,初心者の集い,404,0,7842,402620,2,4,1,1,6,4,2,1,21
VL7NKP5F7,flower,YM72HRVCF,ワンニャン部,1069,10,7844,402530,3,5,4,5,5,5,4,4,35
AWH20IHAB,明見鳥,1DU9LCND7,蓮ノ空すこやか部,1486,16,7845,402440,1,6,1,5,6,2,6,1,28
H3K8LEH2F,遥か,6E27A15ER,蓮ノ空自由クラブ,830,9,7846,402350,1,3,1,4,1,5,1,1,17
A2J5B41JC,Vin,XTMGPY62U,スクステ初心者,676,2,7847,402260,1,4,2,1,5,4,1,4,22
E8IONIUR6,りる,,,686,0,7848,402170,1,5,1,1,4,5,2,5,24
MLB8XWLM4,ほたて,LMC8CUT41,ほたて,1215,0,7848,402170,1,4,1,1,4,1,5,5,22
8LK3IQQ2Y,ぴよ彦さん,,,963,4,7850,402080,1,4,1,1,4,5,1,6,23
96J1HYYF9,KOHEI,ELTW62751,安全バーは君の腕,830,0,7851,401990,1,4,1,1,4,4,3,4,22
7YZAOKRY8,にゃこ。,R9NGK6L48,のんびりサークル,1221,4,7852,401900,3,4,1,4,7,6,5,5,35
AGNVXACC8,からあげ,PUJ0ERCMW,蓮ノ空倶楽部,687,2,7853,401810,2,6,2,1,1,3,1,4,20
DD7XUVC1T,太雅（たいが）,8YNHW7530,虹ヶ咲、蓮ノ空,814,2,7853,401810,2,6,1,4,5,5,1,1,25
N00HXP7R8,西木野まさや,5YXVKDEKV,サークル(仮),1254,7,7855,401720,2,4,1,4,5,4,5,5,30
EXK53VFGK,わいえふ,BELCUYCMH,蓮hkg香港分部,318,0,7856,401630,1,4,1,1,1,2,1,1,12
QO08E5XSF,ひなちゃ,,,294,0,7857,401540,2,6,1,1,6,1,1,1,19
BO2UGGOOU,アキ,1G89KTD5X,サークルひとり,814,2,7857,401540,1,7,1,1,1,6,1,1,19
2ENT5J29X,niN,KGY709ULG,蓮の花束,751,2,7859,401450,2,7,5,4,4,6,4,4,36
8HIW5AQ3G,にゃんた,C8A9CTB34,蓮ノ空山岡家部,1163,7,7860,401360,2,1,1,1,1,4,2,1,13
HNFJNW75M,こうお,WBCN61N99,SRK組,535,0,7861,401180,2,4,6,1,1,4,1,4,23
1WG3YG8G3,黄色課長,N7GLY2RUW,百生銀行,1310,2,7861,401180,4,9,6,4,6,6,4,5,44
E8HL5FXAJ,ワンタン,AND13836G,乙宗梢親衛隊,821,0,7863,401000,1,4,1,4,5,4,4,4,27
SAI5W46T4,YUKI,,,810,2,7864,400910,1,7,1,4,4,4,4,4,29
7FWCYVMYN,ツキ,8J1GJT2BC,近畿の大金沢,1145,18,7864,400910,2,8,1,2,1,3,5,5,27
FWHHGTTD4,リンクラ２３月目,H0CCTJREV,ソロ活動～休止中,1159,17,7866,400820,2,6,1,6,7,5,5,5,37
C2W0U7J3Y,パエリアの囁き,6C9R15BLY,スクスタ避難民,728,0,7867,400730,3,4,1,4,6,5,4,4,31
Z5B466FSH,ISO,H1G4CDT6C,無言自由,1118,12,7868,400640,2,6,1,4,4,5,4,4,30
HXGKLRK1C,みどりはし,FR5PDRB5Y,株式会社つづさや,362,0,7869,400550,2,1,1,1,1,2,1,1,10
OOARXM0UW,ロッシー,72J5PWU5K,ライグラ待機室,1160,16,7869,400550,2,6,1,4,4,5,4,4,30
BUN4HR1DW,CVA-64,H1G4CDT6C,無言自由,939,0,7871,400460,2,1,2,2,5,4,4,4,24
LBWF60YNJ,テル,NJBBTCY3A,かにかに！,687,0,7872,400370,1,1,1,1,1,1,1,1,8
QUKL6LTS5,ずお,H6CCL64P9,NATTO,1274,15,7873,400280,2,8,1,5,6,6,8,8,44
6GWECHY9V,もっちゃん,LJNCAEVAP,蓮ノ空さやか研,435,0,7873,400280,1,9,1,4,5,4,4,4,32
FFNNYRX70,Licht,1AK9VTG3W,ドルケスキスキ部,525,2,7875,400190,1,4,1,1,1,2,1,1,12
G9AWEWZ7O,オルソン,EC28PB9KN,梢画伯工房(Фω,1063,1,7876,400100,2,1,1,1,4,5,7,1,22
CLGS1562Z,よーー,WLLWJ8ADP,乙宗筋肉サークル,928,3,7877,400010,3,8,1,1,4,5,1,7,30
6KZOM0IM4,いまきょ,X34LWGL6R,サークル2,1286,15,7878,399920,1,5,1,4,4,2,4,5,26
33VCX2G0U,キャメル2号,HKM402U9B,お野菜さんSSC,359,0,7879,399740,2,3,1,1,9,9,1,1,27
47U8ALPRE,くま,96LWYJ3Y6,無言絡みなし,995,2,7879,399740,1,4,1,4,4,4,4,4,26
47VE69U02,ユーリョン,KXEME076E,つづさや親衛隊,730,0,7881,399650,2,2,1,1,1,2,1,1,11
MUHIPQX96,ゆづ,TCTEAMP9C,虹ちゃん最高！,922,1,7882,399380,1,2,1,1,2,2,1,1,11
NJAP5C878,ギザみみ,4BU2PJLC1,Sky,1026,1,7883,399290,2,4,1,1,5,3,7,7,30
UCGKKU7KV,北斗蒼一郎,U98UKD6RY,異次元フェスP,1128,9,7884,399200,1,4,1,4,5,7,4,4,30
MG8DD5HDV,shizueku,XYRA2MND0,蓮ノ空ゆっくり,767,4,7885,399020,4,10,1,1,1,4,1,1,23
70X3BJO3I,ローズ,M8FM7P139,蓮ノ空ひとり旅部,1089,5,7886,398930,2,4,1,4,4,4,4,4,27
ED98CXADB,ゆきむら,53M4V2BVG,吟子の髪飾り,802,4,7886,398930,1,1,1,1,1,2,1,1,9
YMF6FW6EY,しずく,976BY5JWK,ハルカカナタ,422,0,7888,398840,4,9,1,3,4,4,2,1,28
VTDESX80C,Ryo,MPPDGVPWX,気楽にプレイ中,894,2,7889,398570,1,4,1,4,5,6,4,4,29
2RUNP29BL,ざいたくさぼり,G2B2TC3PK,iLiFE!,639,2,7890,398480,1,5,1,4,4,6,3,1,25
41V8FYEBE,かいわれ,MD802VP2H,専門演習F4,998,0,7891,398390,10,10,10,6,5,6,6,6,59
BGTPJHPE3,Hiro,RNJ306W6N,日曜日よりの使者,280,0,7892,398300,7,6,8,6,5,5,2,2,41
FCR56KEB1,Ayuri.GM,N83DW3NYG,†極最強倶楽部†,804,8,7893,398210,1,2,1,1,1,4,1,1,12
8DUYB2E00,chiyo,0CEA9XFKR,蓮ノ空の泥人会,267,0,7894,398120,1,1,1,1,1,1,1,1,8
H3PULNW16,Kagami,BEMED3RY1,無言無課金ok,1146,20,7895,398030,3,4,3,1,5,4,7,7,34
H88AFB9YU,丸刈り先生,F2M746D4B,頑張らないクラブ,1174,17,7896,397940,1,1,1,4,5,6,4,5,27
5YNVJKLVF,しらす,D1YHB0B1A,BWO,922,2,7897,397850,2,1,2,1,2,3,2,1,14
1KLC8PAHK,はる,1EL57CDR0,なんもわからん,1174,6,7898,397760,2,1,3,1,1,6,2,5,21
2CUNNPA3U,れんぱす,1D7T2UXC2,無言でのんびり,980,2,7899,397670,1,1,1,4,5,6,5,6,29
Y55M0MZD4,IRUKASHO,9YAV17UUR,のんびりスペース,967,4,7899,397670,2,5,3,4,4,5,1,4,28
0UH76810K,まつばな,9RET963PY,アバン団,1125,6,7901,397490,4,7,4,4,6,4,4,5,38
LIYOXDC16,natume,3EJX5WB1A,金沢綴理門,1189,0,7902,397400,2,4,1,4,4,4,4,4,27
S2QJD2SW0,はると,YD2XWWFA4,蓮好き好きクラブ,977,9,7903,397310,1,1,4,1,2,4,1,1,15
4NF039973,かめ8,H837E0M9R,沙知先輩大好き部,1462,15,7904,397220,2,1,1,7,1,4,4,5,25
XLLC4F7RW,すー,,,845,2,7905,397130,3,3,1,4,1,4,4,4,24
N22CAJ51M,1日1落単,GN1798YEX,ド!ド!同好会,834,0,7906,397040,2,4,1,4,4,2,4,5,26
7VDMC0TB0,えい,,,278,0,7907,396950,4,4,2,2,4,7,1,6,30
6JKSIP7WS,えずはち,6BFC4G5YG,蓮ノ空足湯同好会,1233,2,7908,396860,1,5,1,4,5,4,4,5,29
44BFRRB3M,walnut,HK0E91U71,放課後写真部,1355,20,7909,396770,1,7,2,4,5,5,7,7,38
AG9J5YT4G,Cranky,0FMM30LCA,無言,413,1,7909,396770,2,5,1,7,5,2,1,4,27
B353CMTK6,マンボウ,X7YM9EG8K,伝統の石川地酒,472,0,7911,396590,2,2,2,1,1,3,1,1,13
8AXAAWC0R,みお,E7UBFLW56,同好会の同好会,930,11,7912,396500,3,10,9,1,8,2,1,3,37
0434563L5,Aries,TFGKYEY98,LLP JR,920,12,7913,396320,1,4,7,2,5,5,9,1,34
KR3D396XW,アセロラ,GK7JNB0NW,参加賞取り隊,443,2,7914,396140,1,1,1,1,1,2,1,1,9
XWZAYWQCF,DASH3348,9D722M8KC,蓮ノ空同好会,1095,6,7915,396050,3,2,2,1,4,5,7,7,31
MD4DWZRXL,だすを,UVK38MFR2,蓮の虚無サー,1228,14,7916,395870,1,4,1,1,4,5,6,5,27
LVYRU0EBY,Jeno,6H800PBV7,新鮮館,624,0,7917,395780,1,4,1,1,1,2,5,1,16
RWKK2U3TN,てっさ,RMT97FJ61,まったり　無言,910,4,7917,395780,2,8,3,4,4,4,4,4,33
JMVD8WZW9,アリス,Y5J5Y90CD,まるまるサークル,1294,7,7919,395690,4,8,1,5,5,6,4,5,38
PKC3KXJPF,Fleur,573J1JVVK,かほかほ,689,0,7920,395600,1,5,3,4,4,6,1,4,28
DH0HAFTFX,ブレイドオメガ,8ARWEB67F,蓮ノ空れぎゃ米部,1275,15,7920,395600,6,5,4,5,4,5,5,5,39
MPS4QJI37,ハンメル,HPFGWGK6N,蓮ノ空デュエル部,1296,10,7922,395510,1,7,3,5,5,4,5,4,34
ERHF3UHEA,Ace,MWT91W455,つづこず大好き部,707,0,7923,395420,5,1,1,1,1,4,1,1,15
8AX9GAX59,ナナ,BT3GEWM5L,ささやか村の集い,1083,7,7924,395330,2,4,1,4,4,4,4,4,27
XTJROT8IU,としあり,60KU468X3,はっすーず,1490,6,7925,395240,7,7,6,7,7,7,7,7,55
A7RUBXEMB,しゃこ,T48KV9EP2,無言ぱーく,1196,3,7926,395150,3,4,1,4,4,5,4,4,29
E0JO659QD,ソン,948FLPMPN,まったりハス煮〜,1585,16,7926,395150,5,10,5,4,7,7,5,7,50
NLGAXFPOK,たかはるjp,E49YWK5YC,酢蓮根,731,3,7928,395060,2,4,1,4,1,6,4,4,26
47ZGCDV2P,akz,A73H7ENN2,エロマンガ同好会,1316,4,7929,394970,1,4,1,4,2,4,5,5,26
M20400WPH,キン肉アタル,ANCNM0UPK,スクスタ適当部,478,0,7930,394790,4,5,1,5,2,7,4,5,33
IL9QRQ02S,Nyas-ct,W15MVW2EJ,蓮のソラ,1092,8,7931,394700,1,5,1,4,5,4,4,4,28
U2BXJ1YL1,おおみら,HWMV33W7Y,フラワー泥民館,325,0,7932,394610,4,6,6,1,3,5,1,1,27
5RKW3ETUC,ラピス,KBJ2P8T0Y,人見知りの集い,566,0,7933,394520,2,2,1,1,1,4,1,1,13
GQCKJ7OUD,いちはな,RNJ306W6N,日曜日よりの使者,1092,9,7933,394520,1,4,1,4,1,4,4,4,23
88SN27BQ9,johnny,BKUHCT7WF,蓮女お嬢様部,1131,13,7935,394430,2,1,1,1,7,4,7,4,27
LXRQSDWD9,なみおみ,GLP0WPDRM,イベント用の泥,1238,18,7936,394340,2,5,2,4,5,5,5,5,33
W8RURWDBY,星パンダ,28XJ8NK4L,蓮ノ空まったり部,645,1,7937,394160,2,1,1,1,1,2,1,1,10
5B8LBDLBV,Schw,GU24PVDA6,Wei,1264,4,7938,393980,1,4,1,4,2,5,2,6,25
TY1GUKPK5,しゅぶんてつ,MDYMHPW8C,蓮の空の攻撃,621,0,7939,393710,1,5,1,1,1,1,1,1,12
DMCUW1TWY,そら,X0TFG829Y,ボクのおうち,794,2,7940,393620,2,5,1,1,2,2,1,4,18
OI5YDVBAL,たま,7AATUNUPE,無言サークル,988,2,7941,393530,1,4,1,4,6,4,5,4,29
VTLZUUSSF,SORUTONU,3BE2RELRC,見晴台,946,4,7941,393530,1,4,2,2,2,5,2,7,25
XXTWXKEUP,ぴろ,T2XRMGEAE,蓮根無言会,494,0,7943,393440,2,5,1,4,4,5,4,5,30
DVINSITS6,櫻井ヒトシ,9UKKACGDU,蓮っ子CLUB,1301,16,7944,393350,1,2,1,1,5,4,5,5,24
RN3P3WDY7,さたお,N1JM7M3YC,丘側,1196,4,7945,393260,1,1,1,1,1,2,1,1,9
6JYHG5NEA,かちゅお,MLC4A3B36,AWCC-UEC,249,0,7946,393170,2,4,2,2,5,4,3,2,24
BN0Y39MFZ,ネンブツ,AR9HR528A,いろいろ実況,1058,5,7947,393080,2,9,1,4,7,4,4,4,35
NJ0MQ1DHM,たっつー,R4VYM1CGH,村立お野菜農園,1217,15,7948,392990,1,7,1,5,4,4,4,5,31
XCX89UJH7,そう,F2M746D4B,頑張らないクラブ,716,0,7949,392810,1,4,1,4,4,3,4,2,23
P7YN8NHF7,fedal,XA0XD41CM,ぼっちぼっち,1134,11,7950,392720,4,4,1,1,5,5,6,7,33
GBOUYAUKJ,もそろべ,9YM3DBTB7,泥民館,1411,6,7951,392630,1,8,1,4,6,6,4,5,35
RG9HE1U32,アンニ,1UBNNHVLG,蓮箱推し（仮）,973,0,7952,392540,4,5,1,1,1,6,1,1,20
SA9AOLL8E,Wa,FPWB11WF1,ぽいぽい,1005,5,7953,392450,1,3,1,3,1,1,2,2,14
7PZ7LETRP,たいじぃん,JGJX0W1AV,綴理センパイの脚,873,2,7954,392270,1,7,3,4,4,2,4,1,26
BFJN3NNYW,あきさん,05KN1RR3U,さやかほ花卉園,1132,5,7955,392090,1,5,1,4,2,4,4,5,26
UXFGL7WY5,みらくら党員,L6MF2MPBN,みらくらぱーく党,1008,0,7956,392000,8,10,3,5,7,8,5,5,51
22O9N31AZ,ペレイラ,KBJ2P8T0Y,人見知りの集い,1190,4,7956,392000,2,4,1,4,4,4,6,5,30
59C1PJ2NW,シヴェ・リア,427WENUC4,心の癒し～蓮ノ空,462,0,7958,391910,2,2,1,1,1,2,2,1,12
9JQX7EZ44,潤子,1MHMKNGWE,硝子の花園,1413,20,7959,391820,4,7,2,4,5,5,7,6,40
1WT4QCO0G,みずな,JE7V5MM31,蓮ノ沼に沈んだ泥,1108,4,7960,391730,1,1,1,1,1,2,1,1,9
V6YWTSQQG,Rainey,Y4G0KF6NB,無言でやる会,1200,0,7961,391640,1,5,1,4,6,4,6,5,32
7RP7XEQUC,あるた,,,543,0,7962,391460,3,6,6,3,1,2,1,3,25
EN6E47W9P,ネジ,,,154,0,7963,391370,4,5,3,1,6,4,2,1,26
2C2FMH9BP,火焔灼熱,DVHH1UEHK,ミリしら蓮ノ空,1181,3,7963,391370,2,4,1,1,4,1,4,1,18
DD4XT6LW6,花園静馬,W9V6VTXAN,梢先輩の歌声好き,1300,14,7965,391280,1,5,1,4,5,2,4,1,23
01DSD5NC7,ぱなりん,A84BK7PL4,ゆるっとホリディ,1106,12,7966,391190,1,5,2,8,2,4,1,4,27
R90FDM1TN,エノア,1D7T2UXC2,無言でのんびり,985,3,7967,391100,1,1,1,4,5,6,5,6,29
83NNE9A7P,Euphoria,BELCUYCMH,蓮hkg香港分部,716,0,7968,391010,2,5,1,1,1,6,1,1,18
GM1GRBDDC,アスク,CFK94564X,アスクの村,855,0,7969,390920,1,4,1,1,4,4,4,4,23
NW5BNTHQA,シドウ,J0PT5EX42,スクスタモ部,1203,0,7969,390920,1,5,1,1,4,2,1,1,16
DJRZFAW0U,ジャン,EKACCPWWB,タフノ空学院,1023,0,7971,390740,1,1,1,1,1,2,1,1,9
N55C9E30T,パンプキン,427WENUC4,心の癒し～蓮ノ空,305,0,7972,390650,2,2,4,1,2,4,1,1,17
TKKERJEHX,FT..,HWMV33W7Y,フラワー泥民館,1041,2,7973,390560,2,5,1,4,4,4,4,4,28
E0LB8W1FN,あーや,6FWRD1K40,いちじょ海賊団,1381,4,7973,390560,4,8,4,1,6,3,9,9,44
V5LVB7T4E,TS@スリブ推し,AE3L01V24,LOVE蓮ノ空,457,2,7975,390470,6,1,1,1,1,2,1,2,15
X0O6FU68G,無敵級*夜空,,,430,0,7976,390380,3,1,1,1,1,5,1,4,17
NQ1O1HK1P,すぐるん,KT4P0CHHC,ゆったり同好会,1077,7,7977,390290,3,10,3,8,10,7,4,7,52
Y3MI2K1FV,とるねお,LJMD3TWBB,道の駅蓮ノ空,1160,5,7978,390200,1,5,1,4,5,6,4,4,30
810H1732U,起煥,DW13FCXPT,Mulbungs,1234,19,7979,390110,2,6,3,4,6,4,5,5,35
GT739P4VR,jin8823,W9G7A5E34,泥沼,992,0,7979,390110,1,5,1,5,5,4,4,4,29
FG5V3WWXV,HX227,4FUC2DLL6,XX,391,0,7981,389930,3,4,1,1,1,1,1,1,13
03WXXNWVM,Katsu,7P4CAER9X,まったり倶楽部！,1133,3,7982,389840,1,4,1,4,5,4,5,5,29
NHJP7M23G,よよ,X0TFG829Y,ボクのおうち,677,0,7983,389660,2,3,1,1,1,2,1,4,15
N1XPP8U7X,たかつき,AY9B3NA8E,カチコチかちまち,432,0,7983,389660,3,9,1,1,7,1,1,1,24
YAAJ4X6MK,はしも,06DCWC1RE,とりあえず参戦用,434,0,7985,389570,3,1,2,1,2,5,1,1,16
2TEUGED6G,wing,E7UBFLW56,同好会の同好会,758,0,7986,389480,3,5,1,1,4,6,1,5,26
8R7I00S4H,すさ,YMKU30246,参加賞がほしい,932,10,7986,389480,1,6,1,1,1,4,1,3,18
HBXTNJ2E3,超さかな人,,,445,0,7988,389390,2,4,2,4,4,1,4,1,22
2Y3HL0CML,すたぁ*,6HV2RH6TU,イベント用、無言,865,2,7989,389300,1,5,1,1,4,4,1,4,21
TGFDPK87V,とろ,25NBRL7Y9,蓮沼,674,0,7990,389210,3,1,1,4,4,1,2,1,17
U5UNH9U0H,ミスターX,9WJB6YPPN,温室花畑,1247,16,7991,389120,1,4,1,2,6,7,5,4,30
KOW83E3AJ,りっかつん,T56X6LP0L,光の海,1373,20,7992,388940,1,5,1,1,4,2,7,5,26
P4D0A17X0,くま,K664R1LYM,すくすてむずかし,697,0,7993,388850,2,1,1,4,1,1,1,4,15
F0X4VXMU5,近江遥,1EBG7YUTL,菅！CAN！叶！,1044,2,7993,388850,1,1,1,1,4,2,4,4,18
STFPPTNSQ,あ,LJNCAEVAP,蓮ノ空さやか研,320,0,7995,388760,4,4,1,4,3,5,1,1,23
K600A2Z4W,ゆあここ,998H940YN,お嬢様筋トレ部,1085,0,7996,388670,1,2,1,1,1,2,1,1,10
9YV6IIB9S,TAMA,HU6K4GA0A,ロタテオン,1247,20,7997,388490,5,4,1,2,5,4,9,8,38
Y48JVCBX5,わたうさぎ,X87KNX4N3,蓮ノ流星群,956,2,7998,388400,1,1,1,1,4,5,4,4,21
T4GPGDWLT,Kana.T,J5FJNX88N,無言,1163,13,7999,388310,1,8,2,4,4,6,4,5,34
B6VPRNRTH,早凪,CXMU84PRR,泥ノ底男塾,992,2,8000,388220,2,9,1,3,1,1,3,6,26
B1E9TTV2A,あんみつ,0UTVRAKFL,平穏無言,389,0,8000,388220,2,1,1,1,1,2,2,2,12
8T1W3WL45,ジュスケ,,,942,7,8000,388220,1,8,1,4,4,4,4,4,30
PYJPAZRGD,ヨッキー,LFB48H6MU,超初心者の会,1352,1,8003,388040,1,1,1,4,3,4,5,7,26
KAJR3145B,隆太,VEA3655P6,蓮ノ空女学院分校,744,0,8004,387950,2,4,1,2,1,4,4,4,22
6UUGOEVRF,クッタン,6LJMPLM0V,蓮が大好きクラブ,1091,2,8005,387860,1,2,1,4,4,4,5,5,26
7YM5DVAW2,出口,445XPVT3M,百万石の命の鼓動,853,1,8006,387680,2,6,4,5,7,4,4,4,36
XTP0V598K,かもねぎ,PH0YEPJD8,蓮ノ空北國金沢,719,3,8007,387590,1,4,1,1,1,2,1,1,12
MCF2BHLJV,Pol,VN1LXEHLR,綴理、愛,623,0,8007,387590,3,1,2,1,2,3,7,7,26
0NONM98TC,rAin,JH5FX56N2,のんびり,267,0,8009,387500,2,1,1,1,1,2,1,1,10
5C6X0KFV6,おけまるの介,W26TRPM1R,めぐ党藤島派,1175,18,8010,387410,1,1,1,1,1,4,1,2,12
LP38ZNMCA,ルビコン,L91N4WPUD,ルビコン解放戦線,1262,10,8011,387320,3,6,1,4,4,4,5,5,32
2DBKUBEC0,シャドウ,WJ7GF9WVV,愛と想いやり,882,6,8011,387320,2,8,3,2,1,3,1,4,24
4RHPYKEV8,すみ,43HRXMXWA,無言OKクラブ,896,0,8013,387230,2,4,1,4,4,2,4,2,23
4QLYMF6KG,しろ,5NPVVUGH7,蓮すきすきクラブ,1282,3,8014,387140,1,5,1,4,6,4,4,4,29
0RRNRVGHK,MS09,PRY4573W6,報酬用,1131,8,8015,387050,1,7,1,1,7,2,2,7,28
6UEHRYFGN,つつみ,NT2KU5174,こずかほ。,964,0,8016,386960,1,1,1,1,1,4,1,4,14
QLN2AXPWN,闇百合,PRY4573W6,報酬用,1184,9,8016,386960,3,5,2,4,5,4,8,8,39
3RPFFJALL,うい様のバトラ,BEMED3RY1,無言無課金ok,439,0,8018,386780,3,1,1,1,1,4,1,1,13
OOXKJJCNF,ラピス,6MRL8N07V,蓮ノ空クレープ部,1092,7,8019,386690,1,1,1,4,7,5,1,4,24
TBGNN4KIZ,エルハート,J09VEX2ER,くるくるポーズ,1143,1,8020,386600,1,1,1,1,1,1,5,1,12
9XX2VT6R6,koncin,N83DW3NYG,†極最強倶楽部†,554,0,8021,386510,3,7,1,5,5,4,4,5,34
TTCG4JMM6,橘P,LG3XF86RM,ハロめぐ党無言可,1239,13,8022,386330,4,4,1,4,4,4,4,5,30
4HLTOVZ0Q,カナ,12D1Y66C8,どうしようか,1131,2,8023,386240,2,5,1,4,4,4,4,4,28
22YY2M6K0,らもーる,L3NN1RWMY,アポロベイ海賊団,1234,4,8024,386150,1,5,1,5,5,6,5,7,35
KTYW3MDTY,naco,G8EE23LB9,虹ノ空クラブ,849,3,8024,386150,1,4,3,1,1,2,1,1,14
MXPPD0KL0,赤福,CRYB2FJ64,つくよみくらぶ,889,5,8026,385970,1,1,1,1,7,4,1,1,17
CAVJVXUEG,くりぼー,V8XX999F6,卍蓮村幼稚園卍,648,0,8027,385880,2,9,4,4,3,2,2,1,27
G37LWNE8W,甲斐性 梨太郎,,,482,0,8028,385790,4,4,2,1,4,1,1,1,18
PHK2SZQYD,やう,MUXWTW1GV,蓮の空見守り隊,720,2,8029,385700,1,1,1,1,1,1,1,1,8
53ZXP4N7F,hts,M851LEV3N,なっす父兄,1040,7,8030,385340,1,1,2,2,5,7,5,1,24
A5WYT5VB3,クレパス,EE4BKR0AR,まったりプレイ,1040,10,8031,385250,2,4,2,5,5,7,1,1,27
CYF4GWAXF,フヨウハイ,,,220,0,8031,385250,3,3,1,1,3,1,1,1,14
CLXC66KWW,や,AWPK4F8YL,隔離病棟,946,2,8033,385160,1,1,1,1,4,1,1,1,11
UY7U8JK7K,めい,YXKR0GGM4,蓮ノ空好き好き,678,2,8034,385070,1,1,1,1,1,6,1,9,21
V8CGJMNB5,zzz,J800VVPTN,Aqours,1018,2,8034,385070,3,8,1,4,4,5,4,5,34
F5MYNRGWV,ろこ,BKUHCT7WF,蓮女お嬢様部,1097,11,8036,384980,1,5,1,1,5,6,1,5,25
VVAA5R3UK,すー,N8L41JAA7,無言 ノルマなし,1381,15,8037,384890,1,1,1,1,1,6,1,7,19
7RBKN7USP,Deen,59AK7LJ7A,とりあえず,890,2,8038,384800,2,5,1,4,6,2,4,1,25
AKJ5Z40M5,おおけん,WHWT61ELR,【無言】ハスノソ,1358,2,8039,384710,2,6,1,5,6,6,6,5,37
V9G635NNM,おぬしちゃん,UFW34UBYF,そろりそろり,1056,13,8039,384710,1,7,1,4,5,4,4,4,30
LBAFE97UM,モツ煮,WWWUTP96L,異次元からキマシ,1057,3,8041,384620,1,1,1,1,5,2,5,5,21
VQ60I1SSW,守凪,YK0X6N2HN,無言OK出入自由,1039,4,8042,384440,1,1,1,4,1,2,4,5,19
YK65G24XC,Y,ULUELCJ7T,なるようになる？,1074,2,8042,384440,2,1,1,1,1,2,1,1,10
WET0YXDUK,うら,AE3L01V24,LOVE蓮ノ空,958,2,8044,384350,1,4,1,4,6,5,4,4,29
A8JBGU5FX,ろあ！,BT22M41DV,梢花帆吟子同好会,1041,2,8045,384260,2,4,2,4,4,4,4,4,28
NJTVVJ3AR,もちゅに,48BTAPMBG,蓮ノ空魔術部,1802,17,8046,384170,8,7,7,1,9,2,9,9,52
9WNJYVXEH,桜,E76N52LMW,イベントのみ,773,6,8047,384080,1,10,2,4,2,5,2,1,27
2GFC7Z2GL,ぎわっしー,K4TAHF9YA,はすっこ準備室,1510,20,8048,383990,6,8,6,6,9,6,6,9,56
WZSHUJ0OX,ヨーカン！,43HRXMXWA,無言OKクラブ,1385,13,8049,383900,1,7,1,6,5,6,4,4,34
HHHNKMCJA,chi,DJC4WJXGV,無言出入り自由,385,1,8050,383810,1,5,1,4,4,4,1,4,24
7M5MB4R0U,ニューロン,MXN85G5KF,蓮ノ空漫画研究部,1031,2,8050,383810,1,1,1,1,1,1,1,1,8
JAUC596OV,まさ,,,1065,10,8050,383810,1,4,1,4,4,6,4,4,28
48UYYMF7S,まい,FJTEG8XV0,ふわふわたいむ,1167,15,8053,383720,2,8,1,5,5,4,4,4,33
9W0NNHKKD,とあごち,C28N2X207,かんこな大好き！,811,0,8054,383630,2,5,1,4,4,5,4,4,29
9Y03A123R,サニー,E8K438RP1,リンクラ初心者部,1138,5,8055,383540,2,5,1,4,4,4,6,4,30
XAP5U4LTT,あーにゃんHS,A73H7ENN2,エロマンガ同好会,1321,9,8056,383450,2,1,1,1,1,5,8,8,27
YK8GVYG37,いそべやき,E7UBFLW56,同好会の同好会,977,11,8057,383360,1,1,1,2,1,5,1,1,13
DGU77C4F9,TANAKAja,GK7JNB0NW,参加賞取り隊,951,3,8058,383270,1,10,9,1,1,9,1,1,33
MQ0KUILDJ,つっつん,4NFMU2WME,好きだかんな？,985,2,8059,383180,1,1,1,1,1,4,1,1,11
C7E9HH2LG,ワタル,88DJ300PJ,めぐ党 • 永遠,1097,9,8059,383180,1,1,1,1,1,6,5,5,21
ADV1PUA2T,ココア,TXNCTRR1U,瑠璃乃推し隊,1107,12,8059,383180,1,4,5,5,5,4,4,1,29
X8UFB1K82,kirishim,7UX6117P2,重曹圖書館,1129,13,8062,383090,2,4,2,1,1,2,1,1,14
RXVRJVGPY,なまはむ,EJY6B26D1,After見たい,1273,8,8063,382910,1,5,1,4,1,3,5,6,26
7M62V6VML,穂乃吉,YJNWBA8F6,梢推し隊仙台支社,848,2,8064,382820,1,2,1,1,1,3,1,1,11
XYOF53SSA,みすとん,TAP8VVYJP,アステリズム,1453,15,8065,382640,1,3,1,1,2,2,2,1,13
4NM6JJVHD,電卓,J0N1E3Y09,月火水木金土日,1216,3,8066,382550,2,4,1,5,7,4,5,5,33
C8VCIEGNR,まるまった,37N3TNTVB,推しを布教する処,1255,5,8066,382550,1,4,1,4,5,4,5,5,29
KGE8MRKEY,daya*,,,540,2,8068,382280,3,2,3,1,1,1,1,2,14
7WC7GFGP4,きた,7U20138DB,LGP,1345,10,8069,382190,1,7,2,5,7,4,5,5,36
B42A0J1ZC,謎煙,3FF3NB77X,せーはす愛好会,1277,4,8070,382100,1,5,1,4,5,4,4,5,29
9FLALX6B1,ズッキー,CVLAJYBTK,さや処,965,3,8071,382010,1,8,2,4,4,4,4,5,32
DAOQCOFMF,湊,976BY5JWK,ハルカカナタ,964,7,8072,381920,5,10,2,1,2,8,2,3,33
LDXV70KX4,るし,5YXVKDEKV,サークル(仮),490,0,8072,381920,2,4,4,4,4,6,4,4,32
PXV17FDVZ,まわりんこ,W3UUXHMDV,水彩ブーケ,1221,12,8074,381830,1,5,1,4,4,4,4,5,28
9R5JGBAT0,テンペスタス,E58EXVMJU,ボクがんばる。,824,0,8075,381740,2,1,1,1,5,2,1,5,18
CDYNNHKHB,ユナ,LJ5EDV86D,ユナ個人用,604,0,8075,381740,5,8,4,5,6,5,8,8,49
AKJV4RY4K,こーへー,G0J2F9NAL,さやさやさーくる,1059,10,8077,381650,2,5,1,1,5,2,5,4,25
A76S977ZM,翠雨,RM7N1JDB5,無言推奨不干渉会,1032,0,8078,381560,2,4,1,4,4,4,4,4,27
FL8VTD6JW,こと,KULVP7FDR,アニマル分室,1009,2,8079,381380,2,1,1,1,5,6,1,4,21
6PC9BRYIR,みぃこパパ,HWMV33W7Y,フラワー泥民館,1158,0,8080,381290,2,1,1,1,4,6,1,5,21
EHKVPF1A0,みなぎ,V29NBHRHL,自由気ままに,1155,8,8081,381200,1,6,3,4,5,5,5,6,35
OLDO1U5RH,さく,07JW71HWG,良いチケで観よう,1453,7,8081,381200,1,2,2,2,1,2,2,1,13
Y16V5J5JA,ほとこころ,LUDNM40F8,ふくふく無言OK,1189,2,8083,381110,1,4,1,4,4,4,4,4,26
TG5GHUWYQ,フェルト,59AK7LJ7A,とりあえず,1309,3,8084,381020,1,4,1,5,1,6,6,7,31
UWNPEPYUN,han2,,,444,0,8085,380930,1,7,5,1,4,1,1,6,26
543P6KNT5,黒澤ピギィ,2AUM7L9BW,蓮初心者クラブ,630,3,8086,380840,3,5,1,1,1,4,1,5,21
5YPNHJ8RG,花,D7UA5ER1E,UR報酬欲しい！,1015,2,8087,380750,2,4,5,4,4,4,4,4,31
8TVJ3W4XF,かんざき,85D411XNB,蓮っ子の集い,730,2,8088,380660,2,2,1,4,3,2,1,1,16
WGDHK0LAL,ゐぬゐ,5HEJXK83P,イーハトーブ,1136,4,8089,380570,1,5,3,1,7,1,5,7,30
BDO20JTB2,なきなき,T045NDKW0,♬さやか愛好会♬,1096,3,8090,380480,1,5,1,1,4,2,1,1,16
92F4UABT1,まさ,KGTWM38N9,さやか梢推し,686,0,8091,380390,2,4,1,1,4,4,4,4,24
BYCGMRJE6,筆,TAP8VVYJP,アステリズム,1060,2,8092,380120,1,8,1,1,4,6,1,4,26
RCV15T4PW,たにしの外側,ATB27G5P2,おこめ茶寮,1188,2,8093,380030,1,1,1,1,1,3,2,1,11
6MRW4X6PU,バーニィ,TR057C1UW,蓮ノ空ぼっち部,1168,5,8093,380030,1,1,1,1,1,2,1,1,9
RX70WPW8T,ハッタールピア,,,220,0,8095,379940,2,4,4,1,4,1,1,1,18
S6L3SRKSJ,Shigure,KULVP7FDR,アニマル分室,877,6,8095,379940,1,1,1,1,1,5,1,1,12
6W39T9G67,紙やすり,2JF4CMH55,壁際族,990,8,8097,379850,3,1,1,1,1,2,1,1,11
R5HGYUJAF,Megumegu,41N8G98LV,花帆梢百合応援部,947,0,8098,379760,2,5,1,4,5,5,4,5,31
5SY73MXMH,ましゅまろ,3HDDYR4FU,旅人,562,4,8099,379670,3,1,2,1,1,5,1,1,15
N3B669N84,はる,KT4P0CHHC,ゆったり同好会,299,0,8100,379580,3,7,3,1,3,5,4,5,31
HU1EE0C18,や,3HDDYR4FU,旅人,1148,0,8101,379490,1,1,1,4,1,3,4,5,20
HRGJF42TE,yukino,75UJ5RB97,蓮ノ空雪野球部,1230,5,8102,379400,3,6,1,3,4,4,2,7,30
FXNJMT6TV,Crab,RWDWD9PP6,乙宗家の屋敷妖精,1233,1,8102,379400,1,5,2,5,6,2,4,8,33
232SRA1DQ,クウカイ@多忙,FNMV166UY,蓮ノ空喫茶部,1266,18,8104,379310,1,1,1,1,5,4,1,5,19
QYFFQO7G5,きぶんや(２犬),VA6X5YNNF,スリーズ分家,802,4,8105,379130,1,1,1,1,1,2,1,1,9
OGOGGLUSX,剣乃,NB0HX9KP8,かほてぃあん,1056,0,8106,378860,1,5,1,4,4,4,4,4,27
U85MJB11L,アラシ,GR65FP8VN,蓮好き,817,0,8107,378770,10,4,1,4,4,5,4,4,36
34HJLY55X,メビウス,W9E6JNBNC,蓮信クラブ,1406,1,8107,378770,4,6,4,4,8,4,6,6,42
F12WH7JNV,番茶,36T6UB6YA,まったり箱推し部,863,0,8109,378680,1,1,1,1,1,1,1,1,8
RV1LT9727,榴ヶ峰モカ,WA2HTGH3E,つがみか,917,8,8110,378590,2,1,1,3,1,1,1,1,11
N84X8H8BF,Kamiki,4BU2PJLC1,Sky,346,0,8111,378500,1,1,1,1,1,2,1,1,9
ACK5859VM,M,,,421,0,8112,378320,2,2,4,1,1,1,1,1,13
WH7UTUYH6,機亜,R9T0YKDW8,かちまち応援隊,991,12,8113,378230,1,6,5,5,5,4,4,5,35
AXVT7Y3B8,かおるこ,3RH5MYBXV,こずめぐ党,891,4,8113,378230,1,7,2,4,5,5,4,4,32
N5AN0HBYH,イコ,,,377,0,8115,378140,2,3,2,4,2,7,2,1,23
L6W0DF1GG,HarutoK,,,219,0,8116,377960,2,3,1,1,1,1,1,1,11
9ALWADVAH,りん,B6KWXGHWH,蓮ノ空SIFC,769,2,8116,377960,2,4,1,2,4,3,3,1,20
39NELFBRE,めぐるり,RW90G4W5W,めぐめぐめぐ党,1252,10,8118,377870,2,5,1,4,6,5,4,5,32
B676D4CKM,まき,5YXVKDEKV,サークル(仮),1153,2,8119,377780,4,8,4,7,7,7,8,8,53
QDQYL3F7I,氷星フィッツ,YM72HRVCF,ワンニャン部,1284,13,8120,377690,1,4,2,1,4,4,9,9,34
MNHUV99D5,蓮,X19MP0NTT,蓮之空河豚养殖場,672,0,8121,377600,1,3,2,1,1,4,2,1,15
H8ZVMUF5J,simaW,W26TRPM1R,めぐ党藤島派,1419,8,8122,377510,1,4,1,4,4,4,4,7,29
KHUG1WRX6,青狸,,,313,0,8123,377420,1,1,2,1,1,1,1,1,9
ELXDDXWM1,ハマモン,F2M746D4B,頑張らないクラブ,1048,14,8124,377330,4,7,3,5,6,6,6,6,43
UW33FBF90,ディ・マリア,J0PT5EX42,スクスタモ部,430,0,8124,377330,1,5,1,5,4,2,1,1,20
1YFVULKAN,ティーノ,HXVYGL96H,初々しい対抗戦,1031,4,8126,377240,2,1,1,1,1,2,2,1,11
G408XWDMP,かぐや,G59NGM0XA,シュリーレン,1306,6,8127,377150,1,2,1,1,1,2,1,8,17
WWZUMD0Z3,ねんじり,4XRHRYDW4,無言でエンジョイ,1358,19,8128,377060,4,8,6,5,8,7,6,7,51
YXELCDTC5,みそしる。,1YLFFXC1E,安土桃山時代,1180,9,8129,376970,1,8,1,1,4,2,7,7,31
UGJE66UDF,SHIN,,,201,0,8130,376880,2,5,3,4,3,1,4,1,23
V7UJNDZLE,えちぜん,UVK38MFR2,蓮の虚無サー,1194,5,8130,376880,1,4,1,4,4,4,4,4,26
TVDKHUC26,ふみき,,,240,0,8132,376700,3,10,4,5,8,1,4,1,36
6B49G7EFX,アンノウンxy,WKG02VMU6,先輩で遊ぶ2年生,846,0,8133,376520,3,4,2,4,4,4,4,4,29
VG7CBJNPY,きせ,WLFW6UCX5,無敵級ビリーバー,851,6,8134,376430,1,4,3,1,1,2,1,1,14
W1MWOC3Q2,高海千歌,DUK0X7DB1,中国愛蓮同好会,1033,13,8135,376340,1,1,2,5,1,2,1,5,18
PE9NN392W,ヒロ,6N3F238R0,イベント参加用,987,0,8136,376160,3,4,1,4,4,4,4,5,29
EDLV906E4,kato,N1JAJ83CA,蓮ノ空園芸部,715,1,8137,376070,3,7,3,3,3,7,3,3,32
HTK48D836,かりん,61UTNTRU1,初心者さん,990,4,8138,375890,5,1,1,1,1,2,1,7,19
TAVGNW30G,ゴー,2AUM7L9BW,蓮初心者クラブ,539,0,8138,375890,1,4,1,1,1,3,8,9,28
YAGTT9WDD,夕立@めぐ党,6045Y2RW7,ポチっと！蓮ノ空,1203,20,8140,375800,1,7,1,1,5,3,8,8,34
T9X357GJG,アクアマリン黒澤,EE4BKR0AR,まったりプレイ,1012,3,8141,375710,1,1,1,7,5,4,1,5,25
FKVRKHO65,ナギサ,G0WRCNRWK,県立沢庵図書館,1366,6,8142,375620,1,5,1,1,8,2,1,1,20
UKRD54P03,善法寺,CMEM1LFVJ,105期生の一味,824,2,8142,375620,2,6,3,4,5,1,4,4,29
2576CC2F0,もっさん,97BGFLKW9,◯◯◯,365,0,8144,375530,2,4,3,1,7,2,1,5,25
N56HVMH84,L.K,R9NGK6L48,のんびりサークル,834,4,8144,375530,5,8,5,8,5,5,3,4,43
XUDSJNAGR,ハンゾウ,LLDLG20UU,UR取り隊,1362,8,8146,375440,4,7,1,4,6,8,4,5,39
GBW6XWS26,なごの,GH8KWPU3G,ngn,1465,0,8147,375350,3,9,3,4,8,5,4,7,43
NF7MGK78K,パエリア,CMH1RXEGH,仮拠点,1003,5,8148,375260,1,4,1,1,5,6,2,2,22
GBMWLW9CB,ゆず,BEMED3RY1,無言無課金ok,535,0,8149,375080,3,1,1,1,1,2,1,2,12
FA7L3YJ4F,蓮P,1GJC67JLM,無言の泥,946,2,8150,374900,1,7,1,4,4,6,4,4,31
BGBUC5VD3,蓮ノ花,NL1MPRG05,とりあえず,852,1,8151,374810,2,4,1,4,1,5,4,4,25
5N1K41UL2,梵幸,AVY8PECF0,初心者の集い,282,0,8152,374720,1,7,1,1,8,2,2,1,23
93UG4QHM0,ビーフチャーキー,EE4BKR0AR,まったりプレイ,1212,12,8153,374630,2,6,1,4,5,6,5,4,33
BHDGYJHGK,Star7231,5GLTCW4YR,さやひめ愛好会,901,0,8154,374450,3,5,1,1,4,4,1,4,23
AKC093Z20,りんか,GR65FP8VN,蓮好き,848,4,8155,374360,2,4,1,1,5,2,1,1,17
ZR819TU83,nari,6BFC4G5YG,蓮ノ空足湯同好会,1251,11,8155,374360,1,7,2,5,6,5,4,5,35
UDY85IZD6,イリヤ,60D1TTYTV,無言自由会,1064,0,8155,374360,4,9,4,4,4,4,4,5,38
TK2CL0MB7,わふう,PH0YEPJD8,蓮ノ空北國金沢,1315,20,8158,374270,1,5,1,4,6,5,5,5,32
KX34VN7AF,JETM,8M2MFU9U0,リンクライブ,679,0,8159,374090,1,4,1,4,1,2,1,4,18
1BE5776DH,Taka,39Y0R2814,蓮ノ空の隅っこ,836,0,8160,374000,2,5,3,4,4,4,4,4,30
SA8QJBVO0,コーカー,3YPGCW10G,課金反対運動本部,1013,5,8161,373910,2,1,1,1,1,1,1,2,10
AY95V7SL1,きらら,3EJX5WB1A,金沢綴理門,1202,2,8162,373820,1,4,1,4,5,7,5,5,32
VTHJKFAA0,Cherish,5WUDLMWEP,蓮ノ空は明日ノ空,953,4,8163,373730,3,5,1,1,5,5,2,5,27
VWCBPWA15,Ｃｈａｏ＄,88GYM2J72,麺同好会,944,0,8163,373730,1,1,1,5,1,1,1,5,16
F8B6BNFEW,小春,3A63DYH54,LLすこすこ部,1160,3,8165,373640,1,5,1,5,2,4,6,5,29
27AUX98C6,earth,F56XEUUBE,みらくら自習室,1177,6,8166,373460,1,4,1,1,4,2,1,1,15
IFPZBX8DL,リンクリボー,Y4G0KF6NB,無言でやる会,1025,4,8167,373370,1,3,3,1,2,1,1,1,13
VAALUDX37,あす,VXDPPJJL1,蓮ノ空リボ課金部,831,0,8168,373190,2,5,1,1,4,2,1,1,17
7N94BFD2O,ゆにこん,,,1013,3,8169,373100,1,10,2,4,5,4,2,4,32
XTWQJ2S6C,ナッツ,C0NDBKMRB,すりぃずぶぅ家,1150,2,8169,373100,1,5,1,4,6,6,4,5,32
0C3VCU3YR,秋刀魚,MD802VP2H,専門演習F4,1123,5,8171,373010,2,4,1,1,5,2,5,1,21
71GS87RQX,ヨツギ,EAU5JTX3H,チシマザクラ,1059,2,8172,372920,4,5,1,4,4,4,6,5,33
4N8GCN6DM,ざん,0GALMLWK6,ボクなんなの。,535,0,8173,372830,1,4,1,4,1,2,5,1,19
2RM9M70KE,さくらもち,427WENUC4,心の癒し～蓮ノ空,843,1,8174,372740,3,4,3,6,8,5,5,6,40
281514U80,アルイチ,,,289,0,8175,372650,2,2,1,1,1,1,1,1,10
TMGWH8AYN,梅,K4EGD5V86,京大LL研究会,669,5,8176,372560,1,1,1,8,1,3,1,1,17
QACAH8V3J,あす,UCF93JAPM,スワンプマン,985,4,8177,372470,2,5,1,1,5,4,1,4,23
TTP49DL7G,The 虎,GGK2P93JK,きゃらめる,1126,2,8177,372470,1,7,3,7,8,6,5,7,44
VCVEGH336,ハヤト,K5TN1RT6D,キンカンナマナマ,998,4,8179,372380,1,5,1,4,5,4,4,5,29
GRXB1MUY8,ぴー,8MTLYLH9F,木星月華黄金宮,1274,17,8180,372290,6,8,6,6,7,5,7,8,53
ALTYG30NH,AKIYA,AVY8PECF0,初心者の集い,451,0,8180,372290,3,1,1,5,5,6,4,7,32
XK44KNPLR,C_T4KE,GXR6C85BT,花帆ちゃん親衛隊,1519,18,8182,372200,3,10,6,8,10,7,7,7,58
5ONEZ65GP,MSR,,,1014,2,8183,372110,1,4,1,5,5,6,5,4,31
VA58TGLF5,しょうぱな,W3YKKRWHG,ルリと愉快な一家,1357,18,8184,372020,1,1,1,1,1,2,2,1,10
5X0YFNL8M,Sue,P0U5KLWWW,ライグラ報酬部,1326,15,8185,371930,1,4,2,4,4,4,4,4,27
RBWJPD79F,ふにふら,BT3GEWM5L,ささやか村の集い,1005,5,8186,371840,3,6,1,1,6,5,1,5,28
12NCD1C51,桔梗,2AUM7L9BW,蓮初心者クラブ,1055,10,8186,371840,1,7,1,4,4,4,4,4,29
ETP7S49DD,ユッキーナ,VD7N7A4WH,氷青色,960,5,8188,371750,2,6,4,4,4,4,4,4,32
4GD2B3WH9,中野,A7WWE0463,蓮ノ空初心者部,124,0,8189,371660,3,5,3,1,3,3,1,1,20
M9O5450K0,ねぎの盛佐川,AXG81GPMP,蓮ノ空マタギ部,1115,7,8190,371570,1,4,1,4,4,5,4,4,27
YD3FG353V,あらた,1XX6FWJRB,オートスキップ団,987,6,8191,371480,1,5,1,1,5,2,1,1,17
T44XUTGKC,Miyu.,FG4170141,♪さやか愛好会♪,722,1,8192,371390,2,7,4,4,4,4,2,1,28
CYAKNPJXB,kisk,B3638RXDC,ULTLA C,324,0,8193,371300,2,1,1,2,1,4,7,7,25
Y0YHX0E46,凛として時雨,VNEY6C9BE,スリーマーメイド,727,0,8194,371210,1,6,2,4,4,4,2,4,27
TE87UHM56,NKN4K12,,,1107,4,8195,371030,1,5,1,4,4,4,4,4,27
0M9H963KR,かるぱすそーだ,EFYYG9TAY,ご隠居さーくる,1089,13,8196,370940,4,3,10,1,3,3,3,2,29
9ZHYIQH3S,ゆせな,PG8N0YL3F,蓮ノ黄昏,1217,3,8197,370850,4,7,3,5,6,7,6,6,44
X5EN88WNW,ざんねんなすみれ,NLB84DYBF,下松系拉麺同好会,1042,3,8198,370760,1,5,1,4,4,5,1,4,25
LLG0BGX3J,hin。,,,437,2,8199,370670,3,1,1,1,1,1,1,1,10
5VXRAOUAD,かにかま,TK9E1BB1P,無言で自由,822,3,8200,370580,2,4,4,4,2,7,4,4,31
3SHRSWSL2,ratam,JU476V6K9,ポチッ！,1072,0,8201,370490,1,4,1,4,1,2,4,1,18
EWILPGQRY,みんかな,GN9EEL045,きらくに,975,4,8202,370400,2,5,1,4,5,6,4,4,31
RMOJP9CN2,灯里,97BGFLKW9,◯◯◯,786,0,8203,370220,2,1,1,1,4,2,1,1,13
8PEU779PC,ヒロ,427WENUC4,心の癒し～蓮ノ空,1105,5,8204,370130,1,4,2,3,4,2,1,1,18
NG1V1KO2X,マジンライバー,D7UA5ER1E,UR報酬欲しい！,1052,6,8205,370040,1,1,1,1,1,6,1,4,16
80SG6N2KL,かのかのことこと,YNR28303K,りんくらぶ,1020,14,8206,369950,2,5,4,5,7,7,4,4,38
R7RXC5WYP,さーや,M08GKL70U,ららマジ難民の会,859,6,8206,369950,1,1,1,1,6,4,1,1,16
9GVXAWKAP,EeEerut,,,217,0,8206,369950,2,7,1,1,6,1,1,1,20
V29FDKYW1,ツヅサヤリベルテ,6C9R15BLY,スクスタ避難民,711,0,8209,369770,1,4,3,4,4,6,4,4,30
OUHGX5FP4,普門寺飛優,BUKPFCJCY,TTMC蓮ノ空班,1174,7,8210,369500,1,5,1,4,5,4,5,5,30
ETUW38VLM,ぷらんくとん,L6MF2MPBN,みらくらぱーく党,980,0,8211,369410,7,7,5,6,7,7,4,5,48
D7DC4UBT3,いちご大福,REUA4H17B,LLLLBR,235,0,8211,369410,4,4,3,2,2,4,2,1,22
6CT2OAOK1,naochi,06KXF4UFK,naoハル,1413,8,8213,369320,7,8,7,8,7,7,7,7,58
3YFEPKVLU,臥龍梅,06DCWC1RE,とりあえず参戦用,828,0,8214,369230,1,3,1,1,6,5,5,6,28
1TJF1I70Y,たくと,BT22M41DV,梢花帆吟子同好会,994,3,8215,369140,4,6,2,3,1,7,1,1,25
SZ4KF9FH8,ねむみ,N0EXH1CM1,ぱちぱち徒町,1170,3,8216,369050,2,4,1,4,1,2,4,1,19
X9WV1RO9C,音月,1XX6FWJRB,オートスキップ団,1160,9,8216,369050,1,4,3,4,6,4,4,5,31
V1LUUA7GE,F7YNNC2K,UHF5Y8PEF,さやちゃん倶楽部,982,1,8218,368870,1,7,2,4,5,6,4,4,33
2Y6WYRUET,まんぼう,23PGPJ3NV,蓮ビギナーの集い,1102,2,8219,368780,2,4,1,4,4,4,4,4,27
K65UUW1TF,ドジビロン,6FWRD1K40,いちじょ海賊団,1009,2,8220,368690,2,1,1,4,5,6,5,5,29
TNN6EC9T3,コスワース,9D1P6AXUR,link-er,769,0,8220,368690,6,1,1,1,5,2,5,5,26
YBCG8HRKA,hyrr,M0T3JUMGL,めぐ推し,1305,16,8222,368600,2,1,1,1,5,2,7,8,27
R9RUU3RT5,Iris,0L7A849RH,仮,1136,7,8223,368510,1,5,1,4,5,4,4,5,29
R6XWWM95K,たーま,YF6EGUY7C,そろ,867,0,8223,368510,2,5,1,4,5,4,4,4,29
707HTAY43,オタワ,VNEY6C9BE,スリーマーメイド,1026,3,8225,368420,1,2,1,4,1,2,5,7,23
63RJRJK40,mrk,L6MF2MPBN,みらくらぱーく党,353,0,8226,368330,3,4,1,1,1,4,1,1,16
XTJ0F4QAG,ジャスティンの,UVK38MFR2,蓮の虚無サー,1237,2,8227,368240,2,4,1,1,7,4,7,7,33
G5LB3VNP0,ましゅろ,L6MF2MPBN,みらくらぱーく党,737,2,8228,368060,3,7,2,1,4,5,4,4,30
4VH55920V,ひがちゃん,,,349,0,8229,367970,2,4,2,1,3,1,1,3,17
3BBMNCHPK,やむやむ,866DU609J,ラ！スレ@may,1246,1,8230,367880,1,6,2,4,4,4,4,5,30
HSH6EABU3,ああああ,A3472CNJE,ハントン✿ライス,1212,15,8230,367880,1,5,4,4,4,2,5,5,30
MVVCJ7TDR,Darcy,BEMED3RY1,無言無課金ok,1012,3,8232,367790,1,1,1,1,1,4,1,4,14
YJIZEENLF,よこぴ,AE3L01V24,LOVE蓮ノ空,1133,20,8233,367700,3,5,1,1,7,7,6,5,35
6A0TFAK92,くもも,9P9EPKFHE,無言参加OK,252,0,8234,367520,3,6,3,1,5,4,3,1,26
EMT3R556G,あげだま,UHF5Y8PEF,さやちゃん倶楽部,1182,10,8235,367430,1,4,2,4,4,6,6,4,31
QD5BVGVZM,makoto87,PUJ0ERCMW,蓮ノ空倶楽部,1075,7,8236,367340,1,7,1,5,4,4,2,4,28
JJDJTNAV3,♡真鍋凪咲♡,FK5MUK0ET,くる♡すきクラブ,719,4,8237,367250,3,7,2,7,4,4,1,7,35
22ECHCGVL,くろめ,WJ7GF9WVV,愛と想いやり,389,0,8238,367160,1,1,1,1,1,1,1,1,8
41VG8W6XR,米ねこ,XXVVJY6FE,はぴぱれ,344,0,8239,367070,2,4,2,1,4,2,1,1,17
MX66PXF1R,緑川,23PGPJ3NV,蓮ビギナーの集い,727,3,8240,366980,2,5,1,1,1,2,1,10,23
UCCKF4JBN,星の子,BW38LDPRF,蓮浦の星空,678,1,8241,366800,2,5,1,1,4,4,1,4,22
DGYQ21I8K,まるしす,054N7CPVR,部室のニワトリ★,1091,5,8242,366710,2,4,1,1,4,4,1,4,21
BGK4FCKVB,かへたん,XE8513HNP,喫茶カワウ空✨,1142,3,8243,366620,1,7,1,4,4,4,4,5,30
4AH8EKPX8,チャック・ホリス,,,759,0,8244,366530,1,4,1,5,1,1,4,1,18
Y6NC79REX,shOkun,06DCWC1RE,とりあえず参戦用,1070,8,8245,366440,3,4,1,5,5,6,4,5,33
8NW8OZ4EX,参多,K25DPPGT9,圧倒的にまったり,1445,7,8245,366440,7,10,5,7,10,7,9,8,63
FVLAC6J5E,TSIPAD,0RVUANVB3,さやさやびー,1217,0,8247,366350,4,4,5,7,7,4,7,5,43
PBG9TRS5A,サツキ,6HV2RH6TU,イベント用、無言,1252,4,8248,366260,1,6,1,4,5,4,5,4,30
LVK6U5KJ8,まっつん,,,343,0,8249,366170,2,2,1,1,3,1,1,1,12
CPH56URRG,kaka,F53AELUNC,ソロっと倶楽部,1130,12,8249,366170,1,9,1,4,6,2,4,1,28
C274ZSJU7,シー,H0DV3JJGA,かほさやてぇてぇ,872,2,8251,366080,3,2,1,1,1,6,1,5,20
IYF35IIN2,メルト,R8MA3LCB3,lotus,1103,2,8252,365990,2,6,2,4,4,4,2,4,28
ZCTLE6CRX,トキヲ,YD2XWWFA4,蓮好き好きクラブ,1621,13,8253,365900,1,5,4,4,7,5,7,7,40
8JY82ASYO,もも,E76N52LMW,イベントのみ,1381,13,8254,365810,1,7,1,1,1,2,7,8,28
HRFWB88VK,划水大咸鱼,DJC4WJXGV,無言出入り自由,215,0,8255,365720,2,1,1,1,1,3,1,1,11
GXGKD5C8J,ばみゅ,TKVR3KU7L,ネギトロTKG,1692,3,8256,365630,6,8,6,7,7,6,9,6,55
RX13PKH8M,花宮の嫉,TDHKGHFPA,無言参加○！,548,0,8257,365540,2,2,3,2,1,2,1,1,14
C88B1ROPS,上月琉璃,2B97MH4YA,同じ話し何回も…,1056,7,8257,365540,3,6,2,5,5,6,6,5,38
RDVXLFJIC,ゆね,B1KYU3XF8,LG lotus,1129,4,8259,365450,1,4,1,1,6,2,7,7,29
IGO66YRV4,ぐちお,CJ398GJAT,バッグクロージャ,1289,20,8260,365360,1,6,1,4,1,3,4,1,21
7HVBY7W03,コータ,,,339,2,8261,365270,2,3,1,1,1,1,1,1,11
CKDAKOIPM,アクセス,T045NDKW0,♬さやか愛好会♬,1363,19,8262,365180,6,10,6,5,5,5,8,8,53
P19HW8UGA,べし,1U4JN5CXB,LLユーカー部!,1048,12,8263,365090,1,1,1,1,1,2,1,1,9
01YE17233,Juanphan,36DAM7HBL,蓮隠れノ里,201,0,8264,365000,4,5,2,5,4,7,1,4,32
6ZB2VS553,うたは,T48KV9EP2,無言ぱーく,1264,18,8264,365000,1,5,1,1,6,4,6,7,31
6XNF3G5D3,かえる,Y1X4EG18A,うにょーん,810,2,8266,364910,2,6,3,1,2,1,1,1,17
K63WFJ5CN,カーニバル,0NLHKATWL,生きてるだけ偉い,727,3,8266,364910,5,10,5,4,7,4,2,10,47
9UQ8ZWSTV,じぃ,PWK02KG0F,メメントの森公園,1054,1,8268,364820,1,4,1,1,5,4,4,5,25
27BXEDTTF,にゅにゃにょん,ULUELCJ7T,なるようになる？,1088,6,8269,364730,1,3,1,4,1,4,4,4,22
04U6U8E1D,ちかほのかのん,4RY75CKM4,LLすこ部　メ募,978,7,8270,364640,1,2,2,1,2,3,2,1,14
DERWPX300,さくらぎ,F08AHUJJ0,綴理のお世話係,930,9,8271,364460,1,2,2,1,7,4,1,1,19
II8WRFXMJ,エーフィ,VY26V3P0K,AltF4され隊,475,2,8272,364370,1,7,1,1,4,4,1,1,20
Y2UU8WRYC,あいすはぁと,YNR28303K,りんくらぶ,1041,12,8273,364280,1,5,1,4,4,8,1,1,25
P8BCRTRV4,おとく,0R8BXPRC1,ポチっ！とクラブ,1066,0,8273,364280,2,4,1,1,5,1,1,5,20
GVKNL9AL5,なす,YMKU30246,参加賞がほしい,847,2,8275,364190,2,8,2,4,4,6,4,4,34
TFOX3NFY4,ぱんみけ,MG1G6F487,蓮ノ空無微課金部,965,2,8276,364100,2,2,1,5,5,3,1,7,26
6E4BLG78B,Lv1,74HPWML1R,VALORANT,1058,13,8277,364010,1,5,3,4,4,3,4,6,30
RG2BLM8MV,わーおいー,WUK7VF22K,はすのとなり,735,3,8278,363920,1,8,1,1,1,2,1,1,16
YP6CKFD1T,片瀬　凪,XYRA2MND0,蓮ノ空ゆっくり,796,1,8279,363830,3,7,5,4,8,7,4,4,42
XP2T4Y11D,おんま,C0NDBKMRB,すりぃずぶぅ家,1132,2,8280,363740,1,5,1,4,5,4,4,5,29
9GV5ZVXZL,ヒカル,UYCT3Y4JK,蓮っ子,1161,10,8281,363650,4,1,1,1,7,4,8,8,34
EN71M6133,ふなやん,F56XEUUBE,みらくら自習室,1119,2,8281,363650,5,7,2,4,4,7,1,2,32
FKSH83QL8,「シビ辛」,LX25CP0TG,深夜の芋煮処,1118,4,8283,363560,1,4,1,4,5,4,4,4,27
TF3UGM2I8,たけＤ,V6DV6KETG,梢好き好きクラブ,1587,20,8284,363470,5,10,9,5,10,8,6,9,62
FRT1IXANI,kazukix,,,1251,13,8285,363380,2,4,1,4,4,4,4,5,28
89GE1X1KP,リーエ,N1JM7M3YC,丘側,1095,7,8286,363290,1,1,1,1,5,2,5,5,21
9FPKTZPHG,じょー,96LWYJ3Y6,無言絡みなし,1002,4,8287,363200,1,4,1,4,4,4,4,4,26
8XJ1GHI0Q,ロロライナ,95TAREFPT,ご自由にどうぞ,1172,1,8288,363110,1,2,1,1,1,4,1,4,15
4VTM1X15Y,テラ,1D7T2UXC2,無言でのんびり,559,0,8289,363020,3,1,1,4,1,4,4,6,24
CXCE5BT65,みぃ,9YG7C0VM7,綴理と無言で昼寝,607,0,8290,362930,4,1,1,1,2,4,1,1,15
4LZBOTBXW,ヴィータ,8JMW9G2XW,僕らのリンクラ！,995,2,8291,362840,2,8,1,1,7,6,4,4,33
EEF8YBWYN,さこ,1BPH8ARAX,（仮）,713,3,8292,362750,1,1,1,1,1,1,1,1,8
Y0P4LWYY4,むっちゃん,B1KYU3XF8,LG lotus,1441,16,8293,362570,1,1,1,1,1,2,1,1,9
7TFGLDYA6,だいだい,FG5VFFNRK,蓮ノ空おじさん,1253,13,8294,362390,2,6,1,4,1,6,4,5,29
9PCRA31CJ,もっこー,N0EXH1CM1,ぱちぱち徒町,960,2,8294,362390,1,5,1,4,7,4,5,5,32
28GXH5RU4,浦女の転校生A,97B11LX9P,村野さやかは彼女,201,0,8296,362300,4,6,2,3,5,4,3,4,31
2CR6V9J3B,宮永咲,YADX9DY49,ﾊｽﾉｿﾗｰ,1194,5,8296,362300,5,10,5,7,5,4,2,7,45
AM3DYQOEX,しろみど,E1HVJ71JR,ご自由にどうぞ,364,0,8298,362210,2,1,1,1,1,2,1,1,10
AA9JNU5YG,mafuyu,J0N1E3Y09,月火水木金土日,1249,20,8299,362030,5,7,1,5,7,6,4,6,41
2ADC9VMMF,つしまつちやん。,GXR6C85BT,花帆ちゃん親衛隊,1396,7,8300,361940,1,6,2,1,6,3,1,9,29
6VN0F89TA,のすけ,9E910GGD2,蓮ノ空給湯室,1144,8,8301,361760,1,1,1,1,4,5,5,5,23
L3UANH0Y9,め,,,182,0,8301,361760,1,4,1,1,5,1,1,1,15
6G4G5XLQR,くるみ,TM19BMU7C,ソロプレイヤーズ,1077,3,8303,361670,2,1,1,5,4,2,5,1,21
CPRXRWV3X,セナ,TT8KRDC79,あ,480,0,8304,361580,3,6,3,4,6,4,4,4,34
9IPHY9HY0,くろえ,A73H7ENN2,エロマンガ同好会,1225,2,8305,361490,1,6,1,4,7,4,4,5,32
2KYKLUHN7,ひろきち,LJNCAEVAP,蓮ノ空さやか研,637,3,8306,361400,2,10,1,4,9,4,4,9,43
H7887E1A0,ちゃむす,,,1103,8,8307,361310,1,6,4,5,4,5,5,4,34
B113VP53H,くろつぐみ,A86FEX2JC,おやさいさん,1040,6,8308,361220,1,6,1,4,5,5,4,4,30
PK4P633DA,「うみねこ」,LX25CP0TG,深夜の芋煮処,823,1,8309,361130,1,5,1,4,4,2,4,1,22
FGKDF3EUA,ゼロ,W09WBG3HY,どろんちゅ,630,3,8309,361130,9,10,6,5,3,3,1,1,38
M0RRBAUD5,Arte,KJU0BU77M,無言交流なし,617,2,8311,360950,4,2,2,1,1,8,2,1,21
JAWWWRWMY,スイカ,CCACL2CMM,暗殺者チーム,362,0,8312,360860,1,7,1,1,5,4,1,5,25
OX705ZOAC,ハル,1GJRB2L30,地元愛蓮沼団,1356,6,8313,360770,1,5,1,4,5,7,1,1,25
AJ7RFN8WA,めささ,K69M1X95F,アイリス,869,1,8314,360590,2,7,1,1,1,2,1,7,22
RYWMTGDGD,Orca,HBK6KCRPP,無言でおけ,1119,12,8314,360590,4,8,6,6,4,2,5,1,36
4TJB69XDB,アサヒ,RN24L196L,るりーーー,1339,5,8316,360500,1,7,1,5,6,5,5,7,37
L55NL4MZ5,たけのこ,BCJRMHE75,梢すきすきクラブ,1583,13,8317,360140,2,4,1,5,2,6,5,7,32
JFAJNKHAG,勿忘草,NMRKHYYRM,ご自由にどうぞ,342,0,8318,360050,4,1,2,7,7,3,3,7,34
7XNN81J69,エスカルゴ,,,113,0,8319,359960,3,6,6,2,5,4,1,1,28
P8RGDB71C,さっか,RKT7BC4F6,人形浄瑠璃乃,990,2,8319,359960,2,3,1,4,1,2,1,1,15
NCXCGZQC3,Hajime,BT3GEWM5L,ささやか村の集い,1193,2,8321,359870,1,6,1,5,4,4,4,5,30
7NPZO0EKY,そんちょー,DKPMRA0TA,蓮ノ空奉仕部,736,2,8322,359780,1,5,1,4,4,6,1,4,26
J47B3FT9D,あま,,,265,0,8323,359690,8,8,5,4,7,4,2,3,41
JFTAHF2B5,たこる,KXB93FVTR,ブルームガーデン,1139,5,8323,359690,2,4,1,5,6,4,4,5,31
XFUBZXC8B,kazu,RGR1NVGWH,無言推奨・自由村,1015,1,8325,359510,3,1,1,1,5,6,4,1,22
4DA1CCHD9,あっち,EP27EEH81,毎日がホリデイ,1269,3,8326,359420,1,2,2,1,1,2,1,1,11
T8AL79EPM,トミーホーク,AND13836G,乙宗梢親衛隊,1168,7,8327,359330,10,1,1,1,9,5,7,5,39
FBVJTAF09,ひろすけ,,,362,0,8328,359240,4,6,3,2,7,1,3,3,29
RE3RWJXE3,あるます,H0DV3JJGA,かほさやてぇてぇ,1183,10,8328,359240,2,4,1,5,1,6,4,6,29
5T57VL8MF,YNGDシン,FK5MUK0ET,くる♡すきクラブ,1499,16,8330,359060,1,5,6,1,10,3,2,9,37
UYJ9261FR,kotora,AFELJ5FWF,こたろう,500,0,8331,358880,4,7,1,4,6,5,4,4,35
ND0GGJKEG,りんご,DFXEH0E0B,香港の初心者♪,837,7,8332,358790,1,9,1,1,1,4,1,2,20
10W4U925N,ちあき,T4WY63DB9,ういのま,1184,7,8332,358790,6,5,2,4,6,6,5,6,40
MO1BTHG0V,LLLL.s,H1G4CDT6C,無言自由,959,0,8334,358700,1,5,1,1,4,4,1,4,21
X6A7VXYT4,Rakkit,0UTVRAKFL,平穏無言,1250,6,8335,358610,2,5,1,4,5,6,7,7,37
G9D605A70,出掛ければほぼ雨,,,1050,6,8335,358610,1,6,2,4,4,5,4,4,30
VE85EYHW4,ちいかぶ,3F0M4HXJE,蓮ノ空まったり部,871,0,8337,358520,5,7,3,4,7,6,4,5,41
CNG4WA4WK,しばすず,,,808,1,8338,358340,2,8,3,1,1,1,1,5,22
4XP5TPAW0,jack18,578YG6EAT,桜桃花束愛聴会,1167,4,8339,358250,2,4,1,4,4,4,4,4,27
TG90WJMNG,ニョイリン,J0PT5EX42,スクスタモ部,385,0,8340,358160,2,4,1,7,1,2,1,1,19
GKYU09AD1,梢,DKNHY5HH6,なす料理研究会,575,2,8341,357980,4,3,4,3,2,5,4,1,26
734GWPL3B,ねぴあ,L6MF2MPBN,みらくらぱーく党,868,8,8341,357980,1,4,1,1,1,2,1,1,12
65BU88J9Y,とうふ,HMBW9DXY2,蓮好き皆あつまれ,1246,6,8343,357890,1,4,1,4,1,4,5,5,25
7Y113H5AD,mmmty200,JX0BXWNWH,新米蓮好き好きC,157,0,8343,357890,6,4,3,1,5,4,2,1,26
JLY3RZCEA,ひさしん,XLBU65J86,花の壁飾りクラブ,1462,3,8345,357800,1,7,3,5,8,6,7,7,44
LKLR1HX8P,ざんも,C791XXLDF,つづさや会,332,0,8346,357620,1,1,1,1,1,6,1,4,16
2DETFU7EH,しゅう,CCACL2CMM,暗殺者チーム,558,3,8346,357620,1,1,2,1,4,4,1,1,15
2VW44LGGL,カラメルプリン,FNMV166UY,蓮ノ空喫茶部,1393,10,8348,357530,2,2,1,2,1,2,2,1,13
C4D189EJW,きゃらどん,WCL6R1ANU,無所属の会,641,0,8349,357440,2,7,1,4,4,6,4,4,32
UK8I0VDEG,オカタク,DH97ANN9G,ツキマカセ,1133,12,8350,357350,1,5,1,4,5,5,6,7,34
DVSUURRWY,Ibarata,MVMP6NNXD,空き時間らくがき,1198,19,8351,357170,1,4,1,1,4,3,1,7,22
KD2G96K9L,比企谷小町,BYA3FA0X8,無言ぼっち同好会,472,0,8352,357080,1,2,1,1,1,3,1,2,12
2PXJK4J9G,青椒肉絲,N4YY3D5BM,サークル,571,3,8353,356990,1,5,1,1,1,5,2,1,17
04XO8K3UO,ばんじろう(花),,,495,0,8354,356810,2,1,1,1,1,1,1,1,9
VLVH8HAVC,mityuren,WLFW6UCX5,無敵級ビリーバー,1421,20,8355,356720,1,7,1,5,4,7,4,8,37
CRHHX4K9V,Art,R7VEXFUBP,蓮ノ空応援クラブ,259,0,8355,356720,1,5,1,1,2,3,1,1,15
KYTIA6SQW,りんおう,RGR1NVGWH,無言推奨・自由村,630,3,8357,356540,2,1,1,1,1,2,1,1,10
GGKNBBA1K,かのん,,,211,0,8358,356360,3,4,1,1,1,1,3,1,15
OCTNSNQPI,月,H1LTYMK0B,花帆が可愛いの会,1025,2,8359,356270,1,4,1,4,1,4,4,5,24
91JK35ECX,Coda,PYFGXM8FT,心堅石穿,1107,2,8360,356180,2,7,1,4,5,4,4,5,32
F8RFD5E6J,ふらっしゅ,8J1GJT2BC,近畿の大金沢,687,2,8360,356180,2,3,1,1,1,4,1,1,14
OQVSWE4UG,吉川瑞希,9P9EPKFHE,無言参加OK,1289,5,8362,356090,3,6,2,4,5,6,4,5,35
9GUK1W6PV,のりもち,,,240,0,8362,356090,3,6,2,2,5,6,1,1,26
4DVWNGWBE,しんどーP,FDWY9N1P7,"ゲCo.,Ltd",1335,20,8364,356000,1,5,4,1,4,4,7,4,30
SILQALU6I,アリス,PD80VCP5N,虹ヶ咲学園,782,2,8365,355910,3,4,1,4,4,5,4,4,29
BN9MGNRVH,3i6oku,H1LJBTPUX,36,1001,2,8366,355730,1,1,1,4,5,5,1,5,23
ULB35973K,テイル,NT2KU5174,こずかほ。,1109,0,8367,355550,1,4,1,4,6,4,5,5,30
7AH1GMFM9,でら,NK05UMLWW,かけ込み寺クラブ,793,4,8367,355550,2,2,1,7,1,6,1,4,24
4W32D6JVG,aym,M8FM7P139,蓮ノ空ひとり旅部,591,0,8369,355460,2,1,2,1,1,5,1,1,14
5PMGL0CFA,コゥ,HPTHY23VR,蓮ノ空文芸部,1027,0,8369,355460,2,6,1,4,5,5,4,4,31
BVSEYY9R5,ちょごり,HBCC35887,そりゃー!!!,641,2,8371,355370,1,2,2,1,3,4,1,1,15
2HWDB5XPD,そに,75UJ5RB97,蓮ノ空雪野球部,742,0,8372,355280,2,2,1,1,2,2,1,1,12
FNJJE8K3M,えす,E12PR824F,ゆるっと蓮ノ空,317,0,8372,355280,3,6,3,4,5,6,4,4,35
HG33VF5J0,hyuna,9XNH0HDBN,蓮ノ空∞園芸部,416,0,8374,355190,2,1,1,1,1,3,1,1,11
B0EB34WH2,データ紛失,,,113,0,8375,355100,4,5,5,3,4,3,2,2,28
4LJTGX6SV,N,N8L41JAA7,無言 ノルマなし,1160,2,8376,355010,1,1,1,4,1,4,4,4,20
12FY3EGBR,ミゾレ,N6TVG18P8,すきすきクラブ,211,0,8377,354920,1,6,1,2,2,4,1,4,21
6CYJPMUHK,ユキオლ•ω •,T2XRMGEAE,蓮根無言会,1079,2,8377,354920,1,4,1,5,4,4,4,5,28
3VXL3WX2N,17,X87KNX4N3,蓮ノ流星群,859,3,8379,354830,1,5,1,1,1,4,1,1,15
1E2NB5UBC,ベア・グリルス,6C9R15BLY,スクスタ避難民,1124,1,8380,354740,6,6,6,6,6,6,6,6,48
MN0VGMVU8,かいこ,X0TFG829Y,ボクのおうち,920,6,8381,354650,6,8,1,4,5,6,4,4,38
AXTR1MF99,サンズ,W189BP629,みんなのみかん畑,1032,6,8382,354560,3,2,1,4,1,3,4,1,19
5KZCE0LRF,ブッキー,1DU9LCND7,蓮ノ空すこやか部,1318,5,8383,354470,1,2,1,1,1,5,1,7,19
NU91ED29X,ytion,BWM63NDR4,蓮之空学园同好会,923,4,8384,354380,2,1,1,1,1,1,7,7,21
2HG6CA6XF,ハネジロちゃん,GW4CH70HK,TKG同好会,1000,5,8385,354200,1,6,1,8,4,3,2,5,30
N5BVNYPXD,桜井 緋彩,VNGFF4PY9,ねずみね！,1042,12,8386,354110,1,1,1,1,1,2,1,1,9
4VXUG7MUR,TA,8BAYBXUXC,スリブ大好き♪,429,0,8386,354110,4,3,1,4,5,5,2,1,25
D4R0N5ZDK,うたほ,UHWA4YLWP,蓮ノ空を見守る会,1133,0,8388,354020,1,4,1,1,4,4,5,4,24
XN6BYEXVD,魚月,T4WY63DB9,ういのま,1053,2,8389,353930,1,1,1,1,1,6,2,5,18
YBX9MJV17,たまゆら,GBGFR3LVR,ココン東西南北,849,4,8390,353840,1,7,4,5,4,3,2,1,27
2M7S1GW2Q,おさとぅ,2ULM366U6,毎日がエブリデイ,932,6,8391,353750,1,1,1,3,1,4,1,5,17
KG59REUC6,わききわきわき,GTVVCW6XE,よく分からない勢,191,0,8392,353660,3,10,1,3,1,4,2,1,25
DD08JVEOO,なお,,,895,1,8393,353570,3,4,1,4,2,1,4,1,20
BXVTWFWDW,SB,A2N4C0FHE,BRSMS,1135,8,8393,353570,2,1,2,1,5,5,5,1,22
SHADU0SCN,りんりん,V8XX999F6,卍蓮村幼稚園卍,919,2,8395,353480,1,1,1,1,3,5,1,4,17
CN7UHWNEU,ぼちぼち,LUDNM40F8,ふくふく無言OK,1145,0,8395,353480,1,6,4,4,6,6,4,4,35
JRLEKR0WG,りんごくん,AG57YB1A2,りんごにゃっと,212,0,8397,353390,1,4,1,1,4,3,1,1,16
WJ1PB9EC9,あおい,HC03H4137,朱華色,295,1,8398,353300,6,8,3,4,4,4,3,2,34
5AEDEABB4,ララララム,,,966,0,8399,353210,1,8,3,4,7,6,7,5,41
3V9XC1L4K,ゆきモッチ,7B0W0EWVA,ソロの為の避難所,1486,3,8400,353120,6,7,7,7,7,7,5,5,51
GF6QWYHZY,Yasshy,V8XX999F6,卍蓮村幼稚園卍,1253,5,8401,353030,1,4,1,4,5,4,5,5,29
P5PGW5TFD,真城優,VA6X5YNNF,スリーズ分家,900,2,8402,352940,2,1,1,1,1,2,1,1,10
GPJ7YTM67,ssu,W2HEPMM2A,無言。ぼっち。,650,3,8402,352940,5,1,1,1,1,2,2,1,14
ATAB30U2H,にったに,U98UKD6RY,異次元フェスP,983,4,8402,352940,4,10,6,2,4,2,1,1,30
RK47BKJNC,戸崎圭太,EDLPLUDPJ,フジビュー,1004,1,8405,352850,1,1,1,2,1,1,1,1,9
VCMU1323W,miyaco,0CBM28JP6,ほうき星,851,6,8406,352760,1,1,1,1,1,2,1,1,9
NGAV1YXBK,くろ,C8A9CTB34,蓮ノ空山岡家部,1142,13,8407,352670,2,4,1,1,4,4,1,4,21
NU4V4W886,HIDEKI,72XD3ER0M,まったり,1116,2,8408,352580,2,7,1,1,4,4,1,5,25
6N19GQPRT,まさまさ,N83DW3NYG,†極最強倶楽部†,626,5,8409,352490,10,10,1,5,5,6,6,7,50
VW3L0CJ71,evo,427WENUC4,心の癒し～蓮ノ空,1212,0,8410,352400,1,8,1,5,5,6,5,6,37
9KW789LG7,しずおじ,1BME38BCD,さすさやクラブ,1509,20,8411,352310,7,8,9,7,8,7,7,7,60
JA1LGOYWL,あさがおー,CW8RB7869,鯖の味噌煮定食,1016,3,8411,352310,1,4,1,5,4,4,1,4,24
HIFW6UHU3,とにお,PRY4573W6,報酬用,1112,1,8413,352220,1,5,1,4,4,4,4,4,27
NTM3VMXY8,skyjun,JX6D6TL96,蓮ノ空武蔵野支部,274,0,8414,352130,3,5,3,3,7,2,4,4,31
PQDCHERXU,アイン,3RH5MYBXV,こずめぐ党,1141,6,8415,352040,1,4,1,4,4,3,4,5,26
AHAZQC97Z,与太朗,8Y9U68DKX,箱推し体質連盟,1055,10,8415,352040,2,4,1,5,5,5,4,4,30
G2M4APBCL,黄金易大師,TWJ862EPN,こにゃとも,849,0,8417,351770,2,5,1,5,4,4,4,4,29
CJHCLWNDA,えに,K3LMN5JHH,金沢カレーの皿,1132,4,8418,351680,1,5,1,4,4,2,4,1,22
1AA6GW9AH,あ,EE4BKR0AR,まったりプレイ,922,5,8418,351680,1,8,1,1,4,6,2,1,24
HLVRLY2TY,ふぃあ〜,9E910GGD2,蓮ノ空給湯室,659,2,8420,351590,2,6,1,4,6,5,4,5,33
9O190IF58,あき,WNA5GTJPP,蓮ノ空百合クラブ,1087,8,8421,351500,1,1,1,4,5,5,4,4,25
E65C882VG,キャメル1号,HKM402U9B,お野菜さんSSC,350,0,8422,351410,1,9,4,1,1,9,1,4,30
M2JUA00HD,畏喪黔燬,5YXVKDEKV,サークル(仮),978,2,8422,351410,1,6,1,4,2,4,2,4,24
NPXH5R3ON,彩斗,N2KCENRKH,猫＆旅大好き部,1500,10,8424,351230,1,4,1,5,5,4,5,5,30
8HIPJJ0G3,めぐんちゅ,9YG7C0VM7,綴理と無言で昼寝,1196,21,8425,351050,4,4,1,6,6,2,8,5,36
9EYDLCSBD,ふれでぃ,8KH5HV93T,一人ですけど。,1058,13,8425,351050,4,6,3,4,4,4,4,4,33
YMDUKTJ4E,カリ～,3AYUW8AB6,新ソウル高速,1155,5,8427,350960,3,8,1,4,4,5,4,4,33
UJKD3P9JC,ミジン子,MF6GL0RVL,ミジンコ倶楽部,1237,5,8428,350870,2,4,1,4,6,6,4,4,31
RDK6XKW3I,マソ美ちゃん,TB7GJ57D7,シャイニーフラワ,1189,8,8429,350780,1,5,1,4,5,4,5,4,29
BJT1493GR,エスピナス,,,984,2,8430,350690,1,4,1,4,4,4,4,4,26
8F3U6WK4M,洗剤,3ELH7MRPA,野生のちんすこう,592,1,8431,350600,1,1,1,1,1,1,1,1,8
PJLS7NV8H,To-.,60KU468X3,はっすーず,1180,2,8432,350510,4,2,2,4,3,3,5,5,28
4BGLJLTI8,アキ,G0J2F9NAL,さやさやさーくる,997,14,8433,350420,1,5,2,4,7,7,1,4,31
U2N6HTXJR,うー,C021HVB2B,第3芸能科,999,1,8433,350420,1,4,1,4,4,5,4,4,27
JX3N8TC0X,YUKA,T2G89JA59,なんとかなる！,754,0,8435,350330,2,5,2,5,4,5,4,4,31
E3R6R1ZKP,そーへい,HK0E91U71,放課後写真部,1327,18,8436,350240,1,1,1,1,5,2,5,7,23
2RX2LQHZR,フシ,FTUJJ5KM9,無言◎私生活優先,1155,4,8437,350150,1,4,1,1,5,4,5,7,28
SO08GMHXL,大志,WFPA7YJE1,蓮ノ空文芸部,1104,0,8438,350060,2,5,3,4,5,4,4,4,31
LXCH7B27M,蒼 瑠璃＠さや推,,,225,0,8439,349970,3,8,2,1,1,1,1,1,18
TW2BWJVJI,紺ぺ,5NPVVUGH7,蓮すきすきクラブ,1270,10,8440,349880,1,5,1,4,3,6,5,5,30
HR7E7M8PO,こなたん,G2WL65JFE,こなたんたん,1144,5,8441,349700,4,5,1,4,5,4,4,5,32
NC3YR41B5,洩矢神蓬莱,XTMGPY62U,スクステ初心者,721,2,8442,349610,1,1,1,1,1,2,1,1,9
X1HJV4Z35,brer,WN3LHKX0L,レンコンおいしい,989,6,8443,349520,3,6,1,6,7,6,4,5,38
JQ4QSOCAV,琢磨,MVRFVTGU6,無言&出入り自由,437,0,8444,349430,2,4,1,1,2,3,1,1,15
G0MEALVG9,紅かえつ,W3UUXHMDV,水彩ブーケ,1022,1,8445,349340,1,1,1,1,1,1,4,1,11
TC2B70LBE,カチカチカチ町,AGJ215YND,蓮の空中國分校,946,0,8446,349250,2,4,1,1,5,4,1,5,23
32X24KBA9,スムージー☆,7UX6117P2,重曹圖書館,1012,7,8447,349160,1,5,2,4,4,4,1,4,25
DCVQEFJ2G,こまやぬい,9DEATVWBM,金沢ゲマ保存会,1196,1,8448,349070,3,6,1,4,5,4,4,1,28
WLWT8K18X,ひゃくらん,N0EXH1CM1,ぱちぱち徒町,775,2,8449,348980,3,1,1,1,1,2,1,1,11
0GTWC8H4B,ヤスオ,YM72HRVCF,ワンニャン部,1226,2,8450,348890,2,4,1,4,3,4,4,6,28
VDPVEJ4AF,Mulbung,639NXLKJ5,Lotusky,918,2,8451,348620,1,7,1,4,5,2,1,1,22
J7HF4X0HF,ネコ吉,UYCT3Y4JK,蓮っ子,935,3,8452,348530,1,6,1,5,6,6,4,4,33
3622UPXYV,nond,D7UA5ER1E,UR報酬欲しい！,412,0,8453,348440,1,5,1,4,4,5,4,4,28
7CLA0XK32,ノヴァ,PUJ0ERCMW,蓮ノ空倶楽部,731,2,8453,348440,1,4,1,1,4,3,1,5,20
4AF81PKCN,けいぴー,XYRA2MND0,蓮ノ空ゆっくり,591,3,8455,348350,1,5,2,1,1,5,1,1,17
U88K4UK3L,卯月既朔,N1DJVPGP8,いつでも咲けるよ,1180,18,8456,348170,1,7,4,4,7,4,5,5,37
62N2RXABU,春名みやび,,,425,2,8456,348170,2,6,1,1,1,1,1,1,14
CP62M1009,ヒロ,M6UPWJ6DU,蓮結ぶ虹と星の音,892,4,8458,348080,3,1,3,1,3,2,1,1,15
LDK5F4B0J,イケメンヌ2世,60D1TTYTV,無言自由会,1022,6,8459,347900,2,5,1,1,1,4,1,5,20
DU9YR2EO3,カナコ,,,256,0,8460,347810,2,1,1,1,1,1,1,1,9
J7U2HZVYA,カコウタ,A2N8DBTB9,ハスのそらクラブ,861,5,8460,347810,1,9,1,4,7,4,4,4,34
PQI4C1YA5,ふぉれすと,,,709,0,8462,347720,2,2,1,1,1,1,1,1,10
FFGIOIHH8,日守咲夜,VP0K6KF0K,蓮ノ空大好き!!,1319,7,8463,347630,1,4,1,4,3,4,4,5,26
T128AC9XH,グレイ,YHWN0NJ03,ドカ食い気絶部,521,0,8464,347540,1,2,1,2,4,5,1,1,17
RPK48P5X9,みずゆう,PH0YEPJD8,蓮ノ空北國金沢,1035,10,8465,347450,3,7,1,4,4,6,4,4,33
FKW3IFEXR,はやぶさ,T56X6LP0L,光の海,1096,1,8466,347360,2,8,1,4,7,5,4,5,36
E0YM46539,みけ姉妹,KR1MBWNCE,ぼっちざ 3rd,418,0,8467,347270,1,1,1,1,1,1,1,1,8
7EJ44U2TI,キャタピー,HH93ADAW3,無言自由。,1188,3,8468,347180,1,4,1,4,1,4,4,4,23
5FBUGEPG1,Tom,7AATUNUPE,無言サークル,923,0,8468,347180,4,6,2,4,7,6,4,5,38
7M8WR1REU,きしい,X34LWGL6R,サークル2,979,3,8470,347090,1,1,1,1,1,2,1,1,9
4523S78IN,ヤス,YL2ELYC4U,さや…好きだよ…,1146,5,8471,347000,3,6,4,4,5,5,4,5,36
1V0X0X6VC,りく,Y2P9LABR2,スクステ同好会③,1142,6,8471,347000,2,1,1,1,2,2,2,1,12
66R58X4V5,奏,F2CFWVMY9,藤島め組,454,0,8473,346910,4,5,4,1,3,4,1,1,23
0NOKTLS3N,キラリヴィーナス,3N7FL0U6U,destiny,860,0,8474,346820,1,1,1,4,1,6,4,1,19
REPWVKN7F,灯里,K7LC46V5M,Link！ラ部,1077,1,8475,346730,1,5,1,5,4,4,4,5,29
TYY99V85Y,ドン・アルマゲ,Y8HJ0NUEN,ただの百合好き,1004,9,8476,346640,2,1,1,4,5,5,4,1,23
CXNUYTUBJ,適度な人,,,294,0,8477,346550,2,1,1,1,1,1,1,1,9
JOZK41NKF,くるくる,CM5THHYHB,「」ノ空だけれど,1088,0,8477,346550,1,5,1,4,6,4,4,4,29
AYB846TUR,大村,77R0B759H,オオユウ,1102,18,8479,346460,4,7,4,4,4,5,5,5,38
L9R7HRK4N,めんたいこ,F90XW14UP,のんびりプレイ,305,0,8480,346370,1,1,1,1,1,2,1,1,9
1X8KCD19M,雪乃は専業主婦勢,B2KV0EVPD,蓮ちゅきクラブ,1238,3,8481,346280,1,4,1,6,4,7,4,4,31
KN805MMVW,しぐま,W3UUXHMDV,水彩ブーケ,1278,0,8482,346190,1,4,1,1,5,4,1,5,22
HD51DFW5M,たかしぃーしろう,YF1M2656J,蓮ノ空EXP,1056,9,8483,346100,2,6,1,4,4,5,4,4,30
G4YF1UWF9,りょうたん,WX1DYC9Y1,ラナンキュラス,1199,5,8483,346100,1,1,1,1,1,2,1,1,9
AN3PXLVWA,ぬえたか,,,432,0,8485,346010,5,8,3,5,6,5,3,5,40
X3MMC116D,依然曉宸,X19MP0NTT,蓮之空河豚养殖場,1070,6,8486,345920,4,2,1,1,6,4,1,5,24
2UCZTQIV2,E5,B2KV0EVPD,蓮ちゅきクラブ,1411,11,8486,345920,1,5,1,4,4,6,5,4,30
AU15LGJTC,なかよし,1EL57CDR0,なんもわからん,932,5,8488,345830,2,5,4,4,1,5,5,2,28
5KHCOIZRO,DCD,LHDVYA6RX,グリモアの集い,1078,3,8489,345740,3,4,1,1,4,4,1,4,22
8KB1H63JR,ちむんちょ,AVX749PPB,姫芽ちゃん親衛隊,924,5,8490,345650,1,1,1,3,4,8,2,7,27
CG308A0UJ,みかん,UVHYWX068,みかん味のお菓子,319,0,8491,345560,4,10,3,1,4,6,4,7,39
8PLTD4PHC,Cacao,097DY95E8,無名,1125,0,8491,345560,2,4,1,4,5,4,4,4,28
66D5GWHXN,ウルトラマグナス,26JDLMBLN,徒町は強く生きる,612,0,8493,345380,2,10,3,1,1,3,1,1,22
L166EWTKU,グミ,WPG6BCG83,基本無言,1269,12,8494,345290,1,4,2,4,5,4,5,4,29
K7U638T6V,むつき,WLFW6UCX5,無敵級ビリーバー,1348,18,8494,345290,3,6,1,4,4,2,5,5,30
V0LRNXCV8,コンブ,6XXUPXMV0,ツイ廃さや,467,0,8496,345200,2,10,1,1,1,1,4,1,21
0MQZ69EVO,かふぇ,KDXBTCTXB,かりかりくん,1162,18,8497,345110,1,4,1,1,4,1,5,5,22
48RBUG2U8,クリオネ,KXMXL2KRX,超初心者,1037,2,8498,344930,2,4,1,4,4,4,4,4,27
83J0M16WD,saki,M6UPWJ6DU,蓮結ぶ虹と星の音,1398,6,8499,344750,4,6,3,5,6,6,5,6,41
E0VE3VMD6,こ,0FMM30LCA,無言,1026,1,8500,344660,1,4,1,4,6,5,5,5,31
V2RWXVP4D,みるく,L6MF2MPBN,みらくらぱーく党,259,0,8500,344660,1,1,1,4,6,7,2,1,23
BKUR8JXPD,mkg,HDD9DJVTB,Lotusky,395,0,8500,344660,1,5,5,1,2,2,1,1,18
ES005O930,ゆー,TX92H9GBV,アフターが見たい,894,1,8503,344570,1,5,1,1,1,4,4,5,22
BYBNN2GE3,冥界の番犬,1KDUBW4HB,めぐ党0番,1033,7,8504,344390,3,3,2,3,7,5,7,7,37
PRME37VDK,サム手羽,X56UR01P9,梢先輩を愛でる会,1310,2,8505,344210,1,7,1,4,5,4,4,4,30
22BJ84WPW,シノチカ,PXDL7Y3VM,ビギナーズ改,625,0,8506,344120,2,2,2,1,1,3,2,2,15
PR8YYH07L,ラビハ,XYRA2MND0,蓮ノ空ゆっくり,440,0,8507,344030,2,5,4,4,4,4,1,4,28
OXBKLK4CM,葵ちゃん好き,FNMV166UY,蓮ノ空喫茶部,1305,15,8507,344030,1,6,2,4,4,6,4,4,31
52L611H2N,きむひこ,0AYJF4RJ6,無言,1019,1,8507,344030,1,4,1,4,4,2,4,5,25
0ERNHYK1X,ますたーろごす,MWT91W455,つづこず大好き部,933,2,8510,343940,1,6,1,8,6,8,2,1,33
TULR96TM0,ながつき,YMKU30246,参加賞がほしい,327,0,8511,343850,2,4,2,1,1,4,2,1,17
UBIZI2MIM,しーちゃん,R7VEXFUBP,蓮ノ空応援クラブ,844,2,8512,343760,1,1,1,4,4,6,6,6,29
GWM2VEF07,リバスト,WWWUTP96L,異次元からキマシ,1137,7,8513,343670,3,1,1,1,5,5,2,5,23
35EXXP04F,Flower,VGG1HM53K,のんのん日和,582,4,8514,343490,1,1,2,1,1,4,1,1,12
T2YHMA9BC,life0,VXDPPJJL1,蓮ノ空リボ課金部,1156,0,8515,343400,1,4,1,4,4,4,4,4,26
TN8RW3SIF,ラブライブ！,M4B9VNG7R,蓮ノ空SIクラブ,1033,8,8516,343310,1,5,1,1,6,2,5,5,26
5X4CWRK7T,サワー,UHF5Y8PEF,さやちゃん倶楽部,581,1,8517,343220,2,1,1,1,1,6,1,1,14
R3L4FNMV3,ぽんし,ULUELCJ7T,なるようになる？,1119,7,8518,343130,1,4,2,4,3,4,4,5,27
QZIVSKW5H,ヒョード,X87KNX4N3,蓮ノ流星群,1138,7,8519,343040,2,5,1,4,4,4,4,4,28
5C2UV7E85,しょーたッ！,P2J37FNLG,乙宗先生指導会,530,3,8520,342860,2,7,1,4,4,6,1,4,29
YGFKYU43C,タクト,05KN1RR3U,さやかほ花卉園,1030,6,8521,342770,5,1,1,4,7,2,5,7,32
LN31DVMP7,水無月香蓮,6YTAMD33M,リリエンフェル党,1054,6,8521,342770,2,1,1,4,1,5,4,5,23
0KJMU0G0W,希奈,KXB93FVTR,ブルームガーデン,465,0,8523,342680,2,1,1,1,1,2,1,1,10
8E9593TDB,Chocolat,M8FM7P139,蓮ノ空ひとり旅部,735,0,8524,342590,1,4,1,1,4,4,1,4,20
24L7O62K2,もりこ,JY79RPB1D,リンクラゆる部,1154,4,8525,342500,1,4,4,1,4,5,5,5,29
9L48FXBV4,たま,,,711,0,8526,342410,1,4,1,4,4,4,4,4,26
5NNX5NYD7,月音かろ,23PGPJ3NV,蓮ビギナーの集い,547,1,8527,342230,2,7,1,1,1,5,4,8,29
RDEVXDAZE,ガイベントヴ,88DJ300PJ,めぐ党 • 永遠,1071,9,8528,342140,1,4,1,1,4,2,5,5,23
DQ7Q4K0W0,ひな,,,556,2,8528,342140,2,5,1,4,1,2,1,1,17
PS0Y4A62E,ライト,,,1311,12,8530,342050,2,9,2,4,6,5,4,4,36
8I879SG6X,ぽんこつ,R083H7WRN,サークル無言,1135,11,8531,341960,2,1,1,1,1,5,1,7,19
T939PP2R7,ロッテ,EECF9C0N3,蓮ノ空　茨城分校,630,0,8532,341870,2,1,1,1,1,2,1,1,10
H1NLML302,sin,E12PR824F,ゆるっと蓮ノ空,774,2,8533,341780,1,4,1,5,6,5,1,4,27
FNMMCRF22,RiseSon4,,,838,4,8534,341690,1,1,1,1,4,1,1,2,12
JO9LVYAXP,みっ!くら,E58FYF67C,ロータスランド,1144,1,8535,341600,1,4,1,3,4,6,6,4,29
5JCIDFG6K,s,WJ7GF9WVV,愛と想いやり,1081,1,8536,341510,1,1,1,1,1,2,1,1,9
6ZMW0GB50,まいき,,,912,2,8537,341330,1,4,1,1,4,5,1,1,18
9RGKL5VYX,まゆ,NVK5NH2PR,イクマユ,320,0,8538,341060,2,1,4,2,1,1,1,1,13
N6GHUGFCB,スズ,C2XLWUTL1,夕霧綴理親衛隊,986,1,8539,340970,1,5,2,6,5,4,4,5,32
Y0HPDUHA5,あくえりあす,88DJ300PJ,めぐ党 • 永遠,1011,6,8540,340880,4,4,1,1,5,6,1,5,27
ERRN2SUVD,わたあめ,K2L5DCVNR,REAL,1308,20,8540,340880,3,6,1,4,7,6,5,5,37
FWPHLRY2B,すーさん,WN3LHKX0L,レンコンおいしい,1402,17,8542,340610,2,7,2,2,7,4,9,9,42
JLXM95RPA,エリア,BPN6C4TJ8,仮サークル,795,2,8543,340520,2,5,1,5,4,1,2,5,25
E1DJ823CT,ナオ,CRYB2FJ64,つくよみくらぶ,849,2,8543,340520,2,1,1,2,4,4,7,5,26
P12VI80B3,卯月桃花,A3X92L6YU,お試し用サークル,1190,18,8545,340430,1,5,1,4,5,5,7,5,33
ATHEJW5VC,まやニキ,PE34YVY4K,ありがとう梢先輩,1172,4,8546,340340,1,8,1,4,5,4,4,5,32
8BFB3KRE1,ヒデユキ,1EBG7YUTL,菅！CAN！叶！,956,2,8547,340250,1,7,1,1,2,7,1,1,21
KHE3W6BHY,エレン,BPFAT416J,さやかわいい,1267,3,8547,340250,1,7,1,4,7,7,5,5,37
NAPEDJY4J,あろま,CJWR9P8LM,花帆さん愛でる会,692,0,8549,340160,3,2,2,1,1,2,4,1,16
20LU05URC,トナカイ,C68491XHB,みらくらぽーく！,1162,7,8550,340070,1,5,1,1,1,4,6,7,26
UBU1EWLBY,kozue,DKNHY5HH6,なす料理研究会,753,0,8551,339980,2,5,1,1,1,4,1,4,19
7X4EBLRGF,うぱこ,KG648PFCR,どすこいクラブ,193,0,8552,339890,3,1,2,1,3,3,3,1,17
V8TFQUZOR,かんわ,AE3L01V24,LOVE蓮ノ空,785,4,8553,339710,1,1,1,1,1,2,1,1,9
HRBP9KP9X,ざーど,0GALMLWK6,ボクなんなの。,792,1,8554,339620,2,4,1,1,4,4,1,4,21
BM06VB0WT,GRTサスケ,MG1G6F487,蓮ノ空無微課金部,941,0,8554,339620,2,1,2,4,1,3,4,1,18
0WMHG7J5U,みふくざわ,1EL57CDR0,なんもわからん,643,1,8556,339530,2,5,1,1,4,2,1,1,17
8EE5HNWYC,エン,PUNBJGRBF,初心者向け,682,0,8557,339440,1,2,1,1,3,4,2,1,15
283HNFVNG,夕榎,E050K9859,蓮党,858,3,8558,339350,1,1,1,1,2,2,2,1,11
3LWOYZYPQ,雪月花,NMFBD39FM,蓮ノ空分室,939,8,8559,339260,4,1,1,4,5,4,1,1,21
9XLB2UW6A,ぎゃいあ3,0B8RTHY4D,のんびり屋さん,1072,3,8560,338900,1,8,1,4,4,3,4,1,26
Y98FR4G08,けんたん,GMYGNRHPJ,のんびりん,838,2,8561,338810,1,4,1,1,4,4,1,4,20
W7H1V7AXN,ZamDJ,KT4P0CHHC,ゆったり同好会,560,4,8562,338720,3,5,2,1,3,2,1,1,18
72XWHFNBA,えむまる,D7UA5ER1E,UR報酬欲しい！,568,3,8563,338540,2,1,1,1,1,2,1,1,10
LRVFUB2XX,まと,G0WRCNRWK,県立沢庵図書館,1146,6,8564,338450,1,5,1,4,5,2,4,7,29
8KLEBHD72,Kｰri,HXVYGL96H,初々しい対抗戦,355,0,8565,338360,1,1,1,1,1,2,1,1,9
NEU7GA18B,南東,FG4170141,♪さやか愛好会♪,426,0,8565,338360,3,1,1,7,6,2,1,4,25
0466ARGKW,おしゃ,R1RM3X0WV,後方腕組みオタク,917,2,8567,338270,2,7,1,4,4,4,2,4,28
JCUBBM2DC,比企子守にいと,N9B8HXXR0,25時、残陽で。,1060,2,8568,338180,1,4,1,1,4,4,1,4,20
R1BPD5O3A,高咲攸,4LU50R56J,誰でもOK,396,0,8569,338090,1,1,1,1,1,2,1,1,9
HN4Q706Q9,くまごろう,PUJ0ERCMW,蓮ノ空倶楽部,1307,0,8570,338000,1,6,1,5,6,6,6,5,36
MK074KOFH,にゃおん,18XJRD75L,LLLL!,1010,5,8571,337910,1,10,1,1,6,3,9,1,32
IKZ9PQH24,NOBU,PR2BGEK5K,ありがとう大三角,1078,12,8572,337820,5,4,1,1,6,2,6,5,30
O4QTNLQOM,dan,3NRPDD21Y,SoloCirc,1010,3,8573,337730,2,1,1,1,7,1,5,5,23
CQZWIV9Q5,アラブール,N34LHVJKN,のんびり堂,960,1,8573,337730,1,4,1,1,4,4,2,4,21
7S92ONBAH,ほんだびーと,FNHT9JFY4,リンクラ楽しむ隊,954,2,8575,337640,1,5,1,4,4,4,4,4,27
A7XHO09M7,はちれも,2KJ2UEC3P,ういちゅけクラブ,925,0,8576,337550,1,4,1,4,1,2,4,1,18
BKBRXWHDE,s,X87KNX4N3,蓮ノ流星群,1126,8,8576,337550,1,1,1,1,4,4,7,8,27
4FY9WFTLD,ラキうん,VA6X5YNNF,スリーズ分家,1036,3,8578,337460,2,6,1,5,4,4,5,6,33
WR6EAO9WV,banken7,8L4UUJTAN,ばんちゃん組,1079,5,8579,337370,2,8,1,4,4,5,4,4,32
PKKF6AX03,DAS,2JVBK752G,卍愛蓮説卍,369,0,8580,337280,1,6,4,1,5,4,2,4,27
TDWRL18LP,しめじ,P0CXCXHJN,地球,1383,20,8580,337280,3,7,1,1,2,1,7,9,31
D96CUY14A,だだんだん,3F0M4HXJE,蓮ノ空まったり部,1268,13,8582,337100,1,1,1,4,1,5,1,1,15
9Y5FJ49C6,Nana_,9DFV9UTW4,白ひげ海賊団,235,0,8582,337100,3,1,1,1,4,2,1,1,14
CVIR06O3F,りつ,P01RCC6L2,まったーり,995,6,8584,337010,1,1,2,2,6,3,7,7,29
8LVBMB56P,クラウディア,HXVYGL96H,初々しい対抗戦,880,0,8585,336830,1,4,1,1,4,4,4,5,24
03WT0G6T6,のっぺり,TM19BMU7C,ソロプレイヤーズ,308,0,8586,336740,2,4,1,4,1,5,1,4,22
97G4VD5FT,あおい,1N8KP7W5F,あお,238,0,8586,336740,3,6,1,4,4,5,4,4,31
AVEA3X5YW,青,1F5EPPMLD,UR貰えればいい,878,2,8588,336650,3,4,1,4,1,4,1,4,22
4GN5X3567,ランベス,V1AECM24M,サークル,874,0,8589,336560,1,4,1,4,4,4,1,4,23
2P7P91BFF,まっちゃん,FMKP92LRL,目が霞む人達,989,4,8590,336470,1,9,3,1,1,3,2,1,21
X3LCMYH78,ｸｭﾜﾜﾜ~ﾝ,LUBV8WC82,めうめう,1058,3,8590,336470,1,1,1,1,2,1,1,1,9
12ZSYGMAQ,あきどる,TJ5MKUCFD,lotus,167,0,8592,336380,2,1,1,1,3,1,1,1,11
U2GDNVG8D,永遠愛櫻坂雫,8YNHW7530,虹ヶ咲、蓮ノ空,174,0,8592,336380,2,1,1,1,1,2,1,2,11
TTA9LHA42,お顔が,1KDUBW4HB,めぐ党0番,774,2,8594,336290,2,4,2,1,1,10,1,1,22
Z8KC9OBAI,はる,WBXF9XXW7,さやつづ愛でる会,1188,18,8595,336200,1,4,1,1,4,4,1,1,17
9JN7MT1MD,えす,,,119,0,8596,336110,2,5,2,1,1,2,1,1,15
6W38GNRPJ,あすか,8MDA3A0AK,イベント用,477,0,8597,336020,1,1,3,6,8,3,1,5,28
TTHKEK6DJ,のん,KND3T7056,ぽかぽかモガの村,1250,10,8598,335930,2,4,1,1,4,2,9,9,32
P9H51E2YW,アンノウンⅡ,WKG02VMU6,先輩で遊ぶ2年生,449,0,8599,335840,1,7,1,1,4,5,1,4,24
YYLFYAVFA,ライム,0R8BXPRC1,ポチっ！とクラブ,735,2,8599,335840,4,1,1,5,1,4,2,4,22
26EXTX1CC,なすび,61UTNTRU1,初心者さん,1083,9,8601,335750,3,10,1,5,4,5,1,9,38
LWKC403V7,1OOOK,EYEPHE14G,花上梢頭,949,0,8602,335660,2,1,2,1,2,2,1,1,12
K87UPA3NC,袖付き,TK9E1BB1P,無言で自由,1434,15,8603,335570,6,8,6,6,7,6,7,8,54
QIPCMGP90,金谷賀山田,T0XP8PFYU,兼六園と私,1092,3,8603,335570,1,4,1,5,4,5,4,4,28
1XX18CGSW,kei,DFFYFJ2B6,つづさや好き過ぎ,1136,12,8605,335480,3,5,1,4,5,4,4,5,31
XW5PKDMNY,スリーズ217,JTBMEXV8L,ひとりぼっち,853,2,8606,335300,3,4,1,6,4,8,1,1,28
2T71JGYKG,Hirominn,12D4R3KMG,ほくりくかちまち,349,0,8607,335210,1,5,1,4,4,4,4,4,27
92WV9MGGX,ぴ,N0EXH1CM1,ぱちぱち徒町,637,1,8607,335210,1,1,1,1,4,2,2,1,13
31N3E6RM4,ゆのちゃん,,,653,1,8607,335210,4,5,1,1,1,1,1,1,15
M7XDC1ENL,Mcp,,,764,3,8610,335120,2,5,1,1,5,1,3,1,19
993YWB5UV,木村真純,3DDPBCE5J,蓮ノ空 応援,635,0,8611,334940,1,6,1,5,1,7,4,5,30
Y1AK1405K,ちゃむ,CCACL2CMM,暗殺者チーム,563,4,8611,334940,2,7,4,1,3,9,1,1,28
R0XPQOQJS,パーエリア,W3YKKRWHG,ルリと愉快な一家,1532,16,8613,334850,1,4,1,4,5,4,5,8,32
2I4NAUEKO,屍母運営,J800VVPTN,Aqours,1207,12,8614,334760,3,4,1,4,4,4,4,4,28
6FDFK7HV3,月見桐葉,3YWMY4JVN,82プロ,475,1,8615,334670,2,4,2,2,4,6,1,1,22
8GGDJNNTJ,すきすきくらぶ,JTBMEXV8L,ひとりぼっち,947,8,8616,334580,2,1,1,1,5,8,5,1,24
E7RYAWM7W,れみりーふ,2K5AM4RV0,とろぺりです,950,3,8617,334490,4,10,4,10,1,3,2,1,35
9L4WK7YNL,虚無虚無プリン,V7768X8AC,せーので！,1073,2,8618,334400,2,7,1,2,6,2,6,7,33
AHVOXE9E1,テラオラ,LLDLG20UU,UR取り隊,1001,5,8619,334310,2,10,1,4,6,9,1,1,34
N2G0J2IVX,味！,M851LEV3N,なっす父兄,1145,8,8620,334220,1,1,1,1,1,6,1,5,17
KGU95TU6C,バシム,KFC62L0FV,ねるねる同好会,1077,7,8621,334040,1,4,1,4,4,4,4,4,26
179Y5K415,ユーリ,BPHHYC793,ソロ専の集い,660,3,8622,333950,1,10,1,5,1,4,4,1,27
FZ3HI1NYS,てぃもうさ,J0N1E3Y09,月火水木金土日,1038,0,8622,333950,1,4,1,4,4,2,4,5,25
X6KWE2NEC,コウモリ,WJY2HK6A5,蓮の空イベント部,528,1,8624,333770,7,4,1,1,2,4,1,1,21
TUP687X6M,けたぽんず,762FM3JV4,一蓮托生,1071,0,8625,333680,1,4,1,4,1,4,4,5,24
0H39XEK1J,あちゃ,P4NGERDXF,こじらせ部,915,2,8626,333590,1,1,1,1,1,2,9,1,17
7VT921WV5,ゆきあかりさんご,AH27N260E,百生信託銀行,159,0,8627,333500,5,5,2,6,5,2,1,1,27
8GMDFJTNT,ゆあ,60KU468X3,はっすーず,233,0,8627,333500,3,3,1,1,1,4,2,1,16
RWAGVW28K,ラブライバーs,,,1021,2,8629,333410,1,5,1,4,4,4,4,4,27
BKQYVRHWJ,TAKa,D883F4F9A,フラワー(仮),993,4,8630,333320,2,1,2,1,1,2,1,1,11
ZMFLXJQTK,凛曜丸,Y5J5Y90CD,まるまるサークル,1053,6,8631,333230,1,3,1,4,5,5,4,5,28
1YUQCD17W,万能試験紙,4XRHRYDW4,無言でエンジョイ,1343,9,8632,333140,2,7,1,1,1,2,7,7,28
67D4H2Y53,ふにゃぎ,FLFXP0T22,沼津内浦メンバー,843,1,8633,333050,2,1,1,1,1,2,1,1,10
GLU92CVU1,ムスビ,XR2P2LDY3,蓮ノ空さいきょー,1206,1,8634,332960,1,4,1,4,4,4,4,4,26
AG980HA59,キュービ,6UAFKBRPN,リンクラ初心者部,393,0,8635,332870,4,4,2,1,5,6,2,1,25
567BDF4ND,きっちょむ,C0NDBKMRB,すりぃずぶぅ家,1110,1,8636,332780,1,4,1,4,4,4,4,4,26
SFQD6ERP6,ひっきー★,3A63DYH54,LLすこすこ部,1055,2,8637,332690,3,2,2,4,7,4,7,5,34
X3DUHMTMH,じろちゃん,AM7PL854Y,イベントの為,973,0,8638,332510,1,1,1,1,1,1,1,1,8
H6GXU6RED,ガースー,48GTYR1VB,ハラショー！,530,0,8639,332420,3,6,2,1,1,6,1,1,21
4PPE1340B,kossy,8WRERP3MJ,ゆっくりよわよわ,313,0,8640,332330,1,1,1,1,1,1,1,1,8
QMSEE6IHB,橙叶,WHWT61ELR,【無言】ハスノソ,1052,10,8641,332060,2,1,1,1,2,3,1,1,12
II0Z0DT6T,カッキー,,,1014,2,8641,332060,1,5,1,4,4,4,4,4,27
RNB82ETNL,こすず,WBXF9XXW7,さやつづ愛でる会,285,0,8643,331970,1,1,1,1,1,2,1,1,9
8X703C02W,thou,,,571,0,8644,331880,4,5,1,4,5,6,4,1,30
NFW3G52X6,おっさん,0R8BXPRC1,ポチっ！とクラブ,1075,0,8645,331790,1,4,1,1,4,2,5,1,19
PRCLHKHGP,かえで,D7UA5ER1E,UR報酬欲しい！,375,0,8646,331700,1,4,1,1,1,2,2,1,13
K1O8XNEGZ,コモンセンス,BYA3FA0X8,無言ぼっち同好会,1017,2,8647,331610,1,4,1,1,4,5,1,1,18
CW3FDF4GL,minamina,,,749,0,8648,331520,1,7,1,5,7,5,5,7,38
R8L65I5P6,クリム,NMFBD39FM,蓮ノ空分室,803,1,8649,331430,1,4,1,1,1,4,4,4,20
C7ZMBVLBY,ひな,H0DV3JJGA,かほさやてぇてぇ,1041,3,8650,331340,1,4,1,1,4,6,6,4,27
55G8WOU43,なつふゆ,5NPVVUGH7,蓮すきすきクラブ,1373,17,8651,331070,1,8,1,5,7,5,5,7,39
NJBC5D0RT,たかっち,AHE0E3JND,ありがと！にひっ,1148,18,8652,330980,1,5,4,7,5,7,6,5,40
C28UQ3PK4,paya,BTVC9G95X,FES用,1364,17,8653,330890,2,1,1,7,9,2,5,9,36
WCKPWJM1R,アルファ,ABU58EVJ2,Quatuor,880,5,8654,330800,1,7,3,4,1,4,2,2,24
F150480VG,べす,XEENRBXCG,蓮ノ空休日クラブ,1066,5,8655,330620,2,6,1,4,4,4,4,6,31
I1XQSY4LP,道の駅かなん,LJMD3TWBB,道の駅蓮ノ空,1108,3,8656,330530,2,8,1,4,5,6,4,4,34
34H7XGK84,ネロ,AVX749PPB,姫芽ちゃん親衛隊,1487,10,8657,330350,3,2,1,1,6,9,7,1,30
0DUUBHB26,aguupon,5N6CYD0RB,あぐぽんクラブ,737,2,8658,330260,1,1,1,1,5,1,5,5,20
LF922UWW9,歩輪いと,WFPA7YJE1,蓮ノ空文芸部,1187,11,8659,330170,1,8,4,1,9,6,7,7,43
TJ4F24LEP,タママ,LY0XPW7NL,同棲概念強火派,1056,9,8659,330170,1,1,1,1,1,1,1,1,8
CCAXWEY61,プリンの友,,,210,0,8661,330080,3,3,2,5,7,1,5,7,33
6XFTGBRG2,まりも,T2XRMGEAE,蓮根無言会,878,0,8662,329990,1,1,1,4,1,4,4,4,20
TJIGPWLPR,Vanilla,8FR866PRY,蓮っ子みらくラブ,1216,9,8663,329900,1,4,1,4,7,6,5,5,33
7XCBBH2M4,yaknk,,,237,0,8663,329900,1,9,1,2,4,7,1,1,26
455Y90RGU,はやて,V8XX999F6,卍蓮村幼稚園卍,608,3,8665,329810,2,5,1,2,6,2,1,4,23
7D61FD718,もも,TBX7N9RK5,つよつよなLH,1046,0,8666,329540,3,4,2,1,4,5,1,5,25
3198VX7GH,MARUYAMA,GK7JNB0NW,参加賞取り隊,663,3,8667,329450,2,1,1,1,1,4,1,8,19
PW93XEVWR,まにゅ,KED9KEP60,G's至上主義,619,0,8668,329360,1,4,1,1,4,4,4,4,23
4LMY78699,雪乃,7AATUNUPE,無言サークル,1139,2,8669,329270,2,4,1,4,1,6,1,4,23
EUU4R1YNV,盐夏型帕露露,,,332,0,8670,329090,1,4,2,2,7,5,7,5,33
NKKJ5FAGE,うみがめのそり,E76N52LMW,イベントのみ,778,1,8670,329090,1,1,1,4,1,2,1,1,12
IKCHP3S44,カタクリ,9FF5JBNDF,めぐすきクラブ,1198,4,8672,329000,1,6,1,4,5,4,4,5,30
Y0WNYE9CP,スライドガラス,EEP20F2M8,綴理の綴り,1324,1,8673,328910,3,5,1,5,6,6,4,4,34
8KB2J03U1,昴,ELVJFHBUT,花帆めぐ推し,335,0,8673,328910,3,8,4,5,3,7,3,6,39
PWUKHN3VC,コココ,6YTAMD33M,リリエンフェル党,403,3,8675,328730,2,7,1,1,4,4,2,1,22
8MLE59DRL,霽月,4RATY4E84,DC大好きクラブ,492,0,8676,328640,2,5,1,1,1,6,1,1,18
7MX20LKKB,めぐかんーIX,G0WRCNRWK,県立沢庵図書館,384,0,8677,328550,2,8,2,1,1,2,7,7,30
NNNV6WNGF,わた,JVUNVCT8P,梢先輩のASMR,1010,1,8678,328460,1,4,2,4,1,6,4,5,27
WT4GPRLL7,ココマル,ABU58EVJ2,Quatuor,300,0,8679,328370,2,9,2,6,9,3,4,1,36
5GLMYHBKG,高坂千歌,JJ8EPVHMF,Aqours推し,896,0,8680,328280,1,5,1,4,4,4,2,4,25
P29YN6RE6,ササイッチ,2VJG66JTH,まったり,1027,2,8680,328280,2,1,1,1,1,5,1,5,17
0KW9HE6MX,やーぴー,23PGPJ3NV,蓮ビギナーの集い,641,1,8682,328190,4,8,5,1,9,8,1,1,37
9MAAVAHP8,シママ,8MTLYLH9F,木星月華黄金宮,440,0,8683,328100,2,5,1,5,7,4,2,7,33
E97DJGRB2,ゆうひ,RDNRKG5N8,こずかほぉ,1204,9,8684,327920,1,3,1,1,1,1,1,7,16
ANVX1T7AU,なちぴ,5JA9K5FAK,オタサーの姫芽,428,0,8685,327830,1,1,1,1,1,2,1,1,9
A4UD0B9EV,NAO,,,789,2,8686,327740,2,5,1,4,1,4,4,5,26
2W9EM0UWP,シナモン文鳥,J4NTXG4T2,音ノ星ヶ丘女学院,1005,0,8687,327650,1,4,1,4,5,4,4,4,27
4AR1P2MB4,htmy,9N4F9P8DU,リンクラ部（仮）,1002,4,8687,327650,1,1,2,1,5,6,5,4,25
0NK9X4C9T,つかさ,PLBBEX019,待機室目指し隊,703,2,8689,327560,2,1,1,1,1,2,1,1,10
X7WNNCVJB,レミング,J5CKL5YPX,ログイン勢かもん,515,0,8690,327470,2,1,1,1,1,3,1,1,11
TJE8KWF91,かぜさやか,N0EXH1CM1,ぱちぱち徒町,1116,12,8691,327380,1,7,1,4,4,6,4,6,33
0R8PPB7EP,ヒロト,NMRKHYYRM,ご自由にどうぞ,297,0,8692,327290,3,5,4,2,6,5,2,1,28
8CBE4V7WU,GAYASYUN,A3X92L6YU,お試し用サークル,776,2,8692,327290,1,4,1,1,1,2,1,1,12
5U0MXNAH3,takashi,89K9Y7MX7,初心者歓迎,688,0,8694,327200,1,2,2,4,3,5,4,4,25
H6AB9LVYX,しおちゃんまん,KG648PFCR,どすこいクラブ,329,0,8695,327110,1,8,4,1,1,2,1,1,19
K616EWZFX,ぶたさん,,,1020,3,8696,327020,4,1,1,1,5,1,1,1,15
ANF0KJFE3,レディオ,DFXN9DB2H,どんぐり共和国,1072,3,8697,326930,2,1,1,1,5,3,1,1,15
HLRNNFRK6,kitami,KPVJD4A1H,WINS金沢,690,0,8698,326840,1,6,1,4,4,4,4,4,28
1E72AGWV2,靖（やす）,,,1054,7,8699,326750,2,3,2,4,1,5,6,4,27
508WKDTCW,トキメキ高咲ィ,JC1YYRXMB,フリーダムな蓮,726,0,8700,326660,2,6,1,4,4,4,4,4,29
6IJT78QJS,ふぁい,6XX7GBM0K,ぷちぐる同好会,1566,11,8701,326570,2,7,2,6,7,6,6,7,43
J56PF3Q4N,つるひと,K25DPPGT9,圧倒的にまったり,868,8,8702,326480,1,5,1,1,1,7,1,1,18
JZR5N78TA,けけ,KA652DGYV,ゆるリンクラ,501,1,8703,326390,2,1,1,1,4,2,1,1,13
NF3UJCA9U,IcaroAlt,REUA4H17B,LLLLBR,358,0,8703,326390,1,1,1,1,1,2,1,1,9
XAX3OF0PP,まっつー,EMAN1DMK8,いつものメンバー,984,3,8705,326210,2,1,1,1,1,3,1,1,11
4719THCA7,邪王真眼,AVY8PECF0,初心者の集い,349,0,8706,326120,2,6,2,1,6,4,2,1,24
21W0XC7JT,ちゅりあず,M8UCM16G2,こずえんふぇると,372,0,8706,326120,1,4,1,4,1,4,4,5,24
ETR8EC497,nagcgy,AWFDLJ1HC,小蓮花（重生版x,933,4,8708,326030,2,1,1,1,7,2,1,1,16
MZUJAE11Y,凍牙,GP6E7TYP9,悠久,1171,3,8709,325940,4,4,1,1,7,1,1,1,20
BL8RCH051,かちまち,,,221,0,8710,325850,3,7,1,1,6,7,1,5,31
UQ6414PLU,奇跡の翼,AGJ215YND,蓮の空中國分校,979,2,8710,325850,3,1,1,4,5,4,4,4,26
BFKCMV2G6,七味,FCPHKWR7G,麺のびリンクラ支,981,2,8712,325760,1,5,1,1,4,4,2,4,22
945FJLRJ3,タンボール,PDTRRYUGM,石川県民ひろば,1208,2,8713,325670,1,4,1,4,5,4,5,5,29
QDIK0UD7I,test,TFGKYEY98,LLP JR,893,1,8714,325580,3,1,1,1,5,6,2,5,24
TJ8XXR70P,おひゅう,95281XDJ3,三重の弱者,425,0,8715,325490,1,5,1,1,5,5,1,1,20
PCGHLPGNS,マネモブ,EKACCPWWB,タフノ空学院,1137,4,8716,325400,1,7,1,4,5,5,4,4,31
375OO0EON,大懶猫,HK0E91U71,放課後写真部,1411,0,8717,325310,1,8,1,5,8,6,7,5,41
Y2WMDGTBY,ぐるぐる,UVK38MFR2,蓮の虚無サー,941,2,8718,325220,1,1,3,1,5,2,6,6,25
II4SOAF56,蓮,PN4VA24XF,みーかるぱーく！,750,0,8718,325220,1,5,1,4,1,2,1,4,19
2E12D17AK,Humit,HB9AU9DJJ,聖心党,839,4,8720,325130,1,4,1,1,5,4,1,4,21
8ER3MJ1DD,のもー,2VJG66JTH,まったり,953,4,8720,325130,1,1,3,1,5,2,6,6,25
QKZGHQ3YG,トコハ,TR057C1UW,蓮ノ空ぼっち部,1100,15,8722,325040,3,4,1,1,4,5,4,4,26
O7PYEMVBR,マッティー,5JA9K5FAK,オタサーの姫芽,1190,10,8723,324950,2,4,1,1,4,7,7,1,27
VMNE91BLD,ドンホウ,7UX6117P2,重曹圖書館,1123,10,8724,324860,1,5,1,4,4,5,4,4,28
P1XY5WCYD,揚げゼンマイ,AH27N260E,百生信託銀行,793,2,8725,324770,3,5,1,1,2,7,1,4,24
HDF3JTWK6,浦の星角打倶楽部,C003CD1RW,☆蓮ノ空クラブ☆,896,8,8726,324680,1,6,1,5,8,7,4,4,36
R24F5F4JJ,パンコンハモン,TFGKYEY98,LLP JR,979,0,8727,324590,2,6,1,4,6,4,6,6,35
BUD2V4U3Y,ぎゃるかん,LV51699A1,餃子の満州,790,2,8728,324500,2,1,1,2,7,9,5,1,28
Q12WIIUNS,ひろっち,PD80VCP5N,虹ヶ咲学園,1029,2,8728,324500,1,5,1,4,4,5,4,5,29
F3I6GMQRU,ちゃいろ,G19FFDVKH,くろけだま,954,3,8730,324410,2,4,1,1,5,1,1,1,16
CMP1FCF9B,さとりょー,52FRF8UFW,コーヒー慈ルク,930,1,8731,324230,1,1,2,1,5,4,1,4,19
RT09FTY9G,ナガツキ,TDHKGHFPA,無言参加○！,1142,2,8732,324050,1,1,1,1,1,2,1,1,9
1JJVU45F8,らろ,TBL5BPL2T,蓮ノ空と明日の空,691,0,8732,324050,1,4,1,1,4,4,2,4,21
R8HUHPJED,chihiro,5WUDLMWEP,蓮ノ空は明日ノ空,1198,8,8734,323960,2,4,1,1,4,4,7,7,30
0PZEK8HMC,しまかぜ,G8F0M2PH2,アフターウォール,1100,5,8735,323870,1,1,1,4,6,5,4,4,26
J9554U643,みさおちゃん,Y8GC9UAGM,ひそかに,1300,14,8735,323870,1,9,1,4,5,5,5,5,35
FEZ9AWWO9,ぴーたん,4HCL7BG63,乙宗喫茶店,1115,16,8737,323780,4,6,4,4,8,4,5,4,39
KLTB15ENV,ガイル,NLTAB4BLF,蓮ノ空ゆる活動部,786,2,8738,323690,2,1,1,1,1,2,1,1,10
UO12FL4AL,おはよは,0YLUK30K6,蓮っコの集い,1273,15,8739,323600,1,6,1,5,4,5,5,4,31
3RE1J1GKN,どろろん,W09WBG3HY,どろんちゅ,796,2,8740,323510,4,10,4,4,4,4,4,4,38
N7V68VYTE,アクアス,,,456,0,8741,323420,4,4,1,1,1,5,9,1,26
TRT0YWMTU,HC,RMT97FJ61,まったり　無言,382,0,8742,323330,1,2,1,1,1,2,1,1,10
CFF1FRH35,ガランド·こすず,26JDLMBLN,徒町は強く生きる,417,2,8743,323240,1,3,1,2,4,4,1,1,17
XK9LF6MG5,バンチョウ,TX92H9GBV,アフターが見たい,979,2,8743,323240,1,7,2,5,6,2,5,1,29
0152BEHAL,k,HKM402U9B,お野菜さんSSC,348,0,8745,323150,1,8,1,4,7,3,5,7,36
BRNT9UWXW,ナツオイ,U98UKD6RY,異次元フェスP,849,1,8746,323060,2,1,1,1,5,7,5,1,23
0DIYK8RKB,りれ,3HDDYR4FU,旅人,1216,14,8747,322880,2,1,4,5,5,5,1,2,25
IR6CA095E,ゆう,PJN52E7JX,ひよっこ,956,14,8748,322790,2,5,1,1,1,3,1,1,15
E1JVBRI38,ユキムラ,A73H7ENN2,エロマンガ同好会,1236,9,8749,322700,1,2,1,5,2,4,4,4,23
KUV6YWLWI,茶のみ,GBGFR3LVR,ココン東西南北,711,1,8750,322610,1,5,1,1,1,6,1,1,17
HJYD1CC0B,ひひ,,,277,0,8750,322610,4,4,3,7,5,8,1,1,33
AXB8URR31,くろゆりかご,XYRA2MND0,蓮ノ空ゆっくり,628,0,8750,322610,1,4,1,4,5,2,5,7,29
6ACD3R4YY,マッチャ。,PDTRRYUGM,石川県民ひろば,808,1,8753,322430,3,5,1,1,3,2,2,1,18
YG0Y8LB3P,ひー,,,276,0,8754,322340,1,2,1,10,4,1,1,1,21
1BP7JNK54,ユリ,BEMED3RY1,無言無課金ok,979,2,8755,322160,1,1,1,4,5,6,5,6,29
FMKBMJNIT,アッシュ君,GWGDMA3YC,初心者無言自由だ,1144,7,8756,322070,1,1,1,1,3,6,1,4,18
9PVC0G2DR,あゆまる,140KD31KJ,個人サークル,509,0,8757,321980,2,4,2,4,4,4,4,4,28
HR51XP0CX,いんぱるす,E8EGT47GT,くるくるくるー,1106,3,8757,321980,1,1,1,1,1,7,7,1,20
16FH628KS,MA☆SA,HN1MGGXRJ,蓮ノ空 応援団,1046,9,8757,321980,1,1,1,1,4,1,4,7,20
KLWN1CN7B,カズニャン,EECF9C0N3,蓮ノ空　茨城分校,1057,14,8760,321800,3,7,4,7,9,7,1,1,39
CGB27HF40,きんた,HXVYGL96H,初々しい対抗戦,266,0,8761,321710,1,4,4,1,4,5,4,4,27
V44E4HJ1X,詩羽,0YLUK30K6,蓮っコの集い,620,2,8762,321620,3,3,1,1,1,4,1,1,15
E0AETV5D2,Sirius,M8FM7P139,蓮ノ空ひとり旅部,1169,2,8763,321530,2,1,1,1,1,2,2,2,12
79MJXEPY2,road,,,228,0,8764,321440,3,1,2,1,5,4,3,4,23
U35T8UK34,マナ,NP57JXPBD,音乃木坂学院,806,1,8765,321350,1,7,1,1,1,1,1,1,14
XHTEM8U07,ぐっち,DKPMRA0TA,蓮ノ空奉仕部,807,0,8765,321350,2,4,1,4,4,4,4,4,27
W53P05YVP,Ｑ坊,0MHM887UA,円都流氓,1120,6,8767,321260,1,6,1,4,5,4,4,4,29
ZQO6AY2YL,ARU,2UKNVBMBU,梢ちゃん同好会,629,2,8768,321170,2,1,1,1,1,4,2,2,14
6VNMV3L6L,Criss,JHTULVV5P,故に瑠璃乃推し,844,1,8769,321080,2,7,1,1,3,2,1,1,18
GEKDL1NLX,ま,3RH5MYBXV,こずめぐ党,314,0,8769,321080,1,6,1,4,4,5,4,4,29
KEREZ8HML,佐田彦,WPG6BCG83,基本無言,1271,10,8771,320990,1,5,1,1,6,4,4,7,29
749PPHG4F,Fuuko,AAHB7C276,HaCordVN,277,0,8772,320900,3,4,1,2,3,3,1,1,18
XAQH78XOV,NAO,03UX84WLY,こやんいくらぶ,1177,10,8773,320810,2,3,1,1,7,4,7,7,32
KWVCK1KA9,座敷よねよね,PJN52E7JX,ひよっこ,948,2,8774,320720,3,4,1,4,4,5,4,4,29
AF4PPJDYV,garbage,2BB5YVRFL,蓮好き好きクラブ,754,7,8775,320630,1,7,1,1,4,3,4,1,22
9XVH451HH,はーとりっと,3BDTCERX6,打ち返した流れ星,1015,3,8776,320540,4,8,5,4,5,7,5,5,43
BGK8N7CUY,やしき,6FWRD1K40,いちじょ海賊団,1163,7,8776,320540,1,5,1,4,6,4,4,5,30
MC0R8KMSY,パラン,EECF9C0N3,蓮ノ空　茨城分校,1118,6,8778,320450,1,4,1,1,5,6,1,4,23
0KUN77T1V,ノホペ,JH5FX56N2,のんびり,894,1,8779,320360,1,4,1,4,1,4,4,5,24
4FY9R2UF1,みもりん♪,TX85TKW7A,蓮ノ空女子部,1115,1,8780,320270,1,5,1,4,4,4,4,5,28
X02CAVAJH,ムカイ・リー,6C9R15BLY,スクスタ避難民,767,0,8781,320180,2,5,2,4,4,5,4,5,31
9KYNVC53L,ワッタン,M7PWTT3PY,サークル戦連合軍,1097,2,8782,320090,2,1,1,1,5,1,7,7,25
RT7XJD6MA,ちゃソ,KUVF6HT3A,自由気まま,1018,2,8783,320000,2,5,1,4,4,4,4,4,28
NCNC0F6T5,あ,2AUM7L9BW,蓮初心者クラブ,869,0,8784,319910,1,3,1,1,5,3,5,5,24
HUNJWM9K6,赤猫,XTMGPY62U,スクステ初心者,602,3,8785,319820,5,4,2,1,1,4,1,1,19
8RB6M9WB7,ますた,,,129,0,8786,319730,4,5,3,1,3,3,1,2,22
VFIJK9GXD,骨,3TBXTEBUE,サークル(骨),1166,3,8787,319640,1,4,3,4,5,4,5,5,31
8GDNW7H6D,アクア,D3215EVKW,綴俺誇,1266,2,8787,319640,5,7,4,4,6,4,7,5,42
V8AKHG5YG,雅,JKAYY0KXL,自由！開心！,547,2,8789,319550,2,3,1,1,1,3,1,1,13
RB0HW9P1J,もりりん,A9MC566ER,眩耀夜行乙宗梢,814,4,8790,319460,2,5,1,4,1,4,4,4,25
8DYJR5UCP,約束,9VDEWVP01,瑠璃乃の集い,198,0,8790,319460,3,5,2,2,3,3,1,1,20
EPHX81K8T,初級陪恋,919XF8V2V,蓮之空大三腳,929,5,8792,319370,1,1,1,1,4,6,5,1,20
HX2FXNYGX,べりはん,T48KV9EP2,無言ぱーく,648,0,8792,319370,2,5,1,4,1,3,1,5,22
XUGR0NVAU,クマオ,,,753,1,8794,319280,4,4,2,4,3,6,5,4,32
7NKLYFWCL,すぅ,UPNXW2A69,ライグラ報酬集め,728,2,8795,319190,2,5,1,3,1,4,1,4,21
Y6AAVC4VF,あっちゃん,GWGDMA3YC,初心者無言自由だ,1168,6,8796,319100,1,3,1,4,4,4,6,5,28
2UVJMX3W8,ひよた,8J1GJT2BC,近畿の大金沢,918,2,8797,319010,2,5,1,4,4,5,2,4,27
HDHGCR4R9,Tas,26JDLMBLN,徒町は強く生きる,566,0,8798,318920,4,7,4,7,8,6,4,6,46
2288GCGEH,ふへほはひさん,EYN9H9N16,蓮すきすきクラブ,1806,19,8799,318830,4,10,4,4,5,4,5,5,41
R9E48GW0G,ymck,YNME1LADM,いばらのもり,263,0,8799,318830,3,3,4,1,1,1,1,3,17
GWMCEH21U,なっほー,YDYH4VRRP,レンクウ,1081,4,8801,318740,1,1,1,1,1,4,1,5,15
HGFPNIKWQ,ともとも,6E27A15ER,蓮ノ空自由クラブ,1108,4,8802,318650,2,5,1,4,4,4,4,4,28
5LWXMCD98,咲耶,9RYR14H9L,ソロマターリ,1118,3,8803,318470,2,4,1,4,4,4,6,5,30
7FG7RW2QO,mn,89CA9J5NW,サークルK,1131,3,8804,318380,1,1,1,1,1,1,1,7,14
T3N8GUWX4,クロワッサン,43HRXMXWA,無言OKクラブ,1026,0,8805,318200,1,1,1,1,5,2,2,1,14
YYRK4YCFY,lk,8WLP65L1B,ぼっち蓮ノ空,163,0,8805,318200,3,1,1,1,4,1,1,4,16
8550J8ZM7,柚子,A9MA307FX,楽しいが一番,1186,6,8805,318200,1,1,1,4,1,4,4,4,20
VRLB6LKOI,もんますぱ,WBW66DMUB,るりめぐ研究所,767,1,8808,318110,1,1,1,1,1,2,1,1,9
A166TWMS3,塚紗りむ,G2B2TC3PK,iLiFE!,1081,9,8809,318020,4,7,2,8,1,3,3,1,29
KJVAXGEBV,風見悠人,M2DG95X9J,箱推し,891,3,8810,317930,1,8,1,4,4,5,4,4,31
TWJ7M8K6Y,けー,9P9EPKFHE,無言参加OK,220,0,8811,317840,2,1,1,1,1,2,1,1,10
ICGNQ43SB,くんくん,L3NN1RWMY,アポロベイ海賊団,1017,2,8811,317840,1,4,1,1,9,2,2,8,28
BG6GGHATH,あおめがねくん,HUP39UMY8,しまめがねたい,423,0,8813,317750,1,4,1,4,4,4,4,4,26
HGENEH7W1,ふるきゅーと,1XX6FWJRB,オートスキップ団,1016,5,8814,317660,1,2,1,1,6,4,4,4,23
K5YQJYGYH,あるぱか,G89BFNPFC,牧場,867,2,8815,317570,4,2,1,1,4,3,4,4,23
AHUTTUUC1,sora,,,309,0,8815,317570,3,1,2,1,5,1,1,4,18
EFAFJ2XWR,とうもろこし,63AKA05VR,まったりGngy,832,0,8815,317570,2,1,1,1,5,2,5,5,22
02NDMLRA6,ティム,L28X4MDJN,アフター観たいぞ,1027,5,8818,317480,2,4,1,4,4,5,4,4,28
941DNEHKG,茱麗葉,VGG1HM53K,のんのん日和,791,0,8819,317390,1,2,1,1,1,2,4,4,16
7XVXJECEJ,ルナ,573J1JVVK,かほかほ,905,4,8820,317300,1,1,1,4,1,4,4,4,20
SVNL4X38U,栞,EE4BKR0AR,まったりプレイ,1244,4,8820,317300,1,4,1,1,4,2,5,1,19
W53V29J5M,zen,37N3TNTVB,推しを布教する処,662,2,8822,317210,2,5,1,5,5,6,1,1,26
N6PQXO79S,ヤスタン,0R8BXPRC1,ポチっ！とクラブ,973,3,8823,317120,9,4,3,3,4,3,4,4,34
DPMAVCHB0,にゃんこあんこ,HAW490WUF,エブホリ,672,0,8824,317030,4,4,4,5,4,5,4,4,34
JTFZQRYUJ,マル,T8PB5A8JM,123,1426,6,8825,316940,10,10,1,5,6,4,1,4,41
F5L8N0WD2,リプレイ外し,6C9R15BLY,スクスタ避難民,1113,2,8825,316940,5,7,5,5,5,5,5,5,42
ER78W6H1G,たころう,5TWR9PV56,アラフィフ,1220,2,8827,316850,3,9,2,4,4,4,1,5,32
0BCREKENP,hgcn,BWD9U1EJ2,蓮之空中国同好会,358,0,8828,316760,2,1,1,1,1,4,1,1,12
YT3J6XXA2,透明ボーイ,JHTULVV5P,故に瑠璃乃推し,949,3,8829,316670,2,5,1,1,1,2,1,1,14
MJD04LX16,RJBB,,,180,0,8829,316670,2,1,1,1,1,5,1,1,13
GEE1X93KT,卿,EMVPJTR2Y,ぼっち,983,7,8831,316580,3,5,3,4,6,4,4,4,33
719XVGDRX,Akusa,0FMM30LCA,無言,368,0,8832,316490,3,1,1,1,2,4,1,1,14
BN5TCKFTY,たくちや,95TAREFPT,ご自由にどうぞ,542,1,8833,316400,1,3,1,1,1,2,1,1,11
VWWRJUE6J,蓮丿空365,79M29YPHW,スリーズブーケ,920,6,8834,316310,1,10,1,1,1,1,2,1,18
CM683N98P,じゅんく,WD8452D3T,COMPS,959,1,8835,316220,3,1,1,5,5,5,2,2,24
Y68VFOTP3,おにぎりは,VA6X5YNNF,スリーズ分家,950,1,8836,316130,6,1,1,1,5,4,5,1,24
PEP8KPB5M,ren,F2M746D4B,頑張らないクラブ,502,2,8836,316130,1,5,1,1,4,5,2,4,23
OFP2DBDZY,いずみっち,TFGKYEY98,LLP JR,584,1,8838,316040,1,1,2,1,1,4,3,2,15
Y3WF398P1,ルード,UYCT3Y4JK,蓮っ子,901,2,8839,315950,1,7,1,1,1,4,1,5,21
X67QYJMZB,lovela,MV7XM9K9K,行き場無い流れ者,918,2,8840,315860,4,4,1,1,1,6,4,4,25
LH25NN8M2,ハク,W3F0URUJC,梢先輩応援団,1146,3,8841,315770,2,1,1,1,7,3,7,7,29
C7RT5WY2E,たま　20号,KC1W74B9B,蓮六園,910,0,8842,315680,2,10,1,1,7,6,1,5,33
T3YBZG5MC,Yurieru,PK39RK6W9,蓮ボンバ,506,0,8842,315680,3,3,1,1,6,1,1,1,17
0CNM5LV5X,I♡YUGIRI,5VBB4F8N2,灰色ペンギン,566,2,8844,315500,1,2,2,1,4,4,1,1,16
RBNWWF1BB,白i,E76N52LMW,イベントのみ,863,1,8845,315410,1,4,1,4,1,4,4,5,24
5ETI2UR1G,クリシュナ,92DAKAG6N,鈍色の空,1088,8,8846,315320,3,4,1,5,1,5,4,5,28
LMRPCW71K,いなほ,LT9K2FP23,慈党リンクラ部,785,6,8847,315230,3,1,1,1,1,3,1,1,12
Z2TACEI6K,やさん,NA8FEYN0M,蓮ノ空飲酒クラブ,1161,8,8847,315230,2,5,1,4,4,2,4,1,23
R3VTZW2I7,フェニックス,Y7KJ3PM8P,蓮すきすき同好会,888,5,8849,315140,2,7,1,1,4,3,7,7,32
T68B6KGHT,テンテン,XN2VEA6DN,無言,984,4,8850,315050,2,4,1,4,4,4,4,4,27
UVMDCU7PH,いとまき,Y7X2MNH1U,いとまき団,1079,3,8850,315050,2,2,1,1,1,2,1,1,11
B9YC40THM,gide,E58WV10N7,金沢偶像大師,697,2,8852,314960,2,10,1,4,2,5,2,3,29
UCLTUCLNL,滝,4NFMU2WME,好きだかんな？,692,1,8852,314960,4,4,1,1,5,2,5,5,27
JUAZ4ZFIR,くらね,PH0YEPJD8,蓮ノ空北國金沢,1038,3,8854,314870,1,4,1,4,4,4,4,5,27
0AN42EYY8,梢せんぱぁ～い,H6JWBBGCG,蓮天・乙宗一心流,626,2,8855,314780,2,9,1,3,4,3,1,5,28
7JZES5BTH,蓬莱,HGRP0LCCF,あなたの傘,931,2,8856,314600,2,6,3,4,2,4,4,4,29
TY5MMFWU8,たこやき,HM5BTCRGE,たこやきサークル,262,0,8857,314510,2,1,1,1,1,1,1,1,9
KAAZ21LKD,午後のめぐ,8FR866PRY,蓮っ子みらくラブ,1196,7,8858,314420,1,3,2,1,5,2,5,5,24
790R5MUEX,緑茶,HH93ADAW3,無言自由。,542,0,8859,314330,2,2,2,1,2,2,1,1,13
F653VNE67,IC,CL9JCBTU6,蓮ノ空出遅れ組,184,0,8860,314240,3,3,2,5,2,5,1,1,22
CNGA0JUPN,届かない、眩しい,,,372,2,8861,314150,2,4,1,1,8,2,3,2,23
J7603HXDR,Harurun,AGJ215YND,蓮の空中國分校,1084,2,8862,314060,1,4,1,1,6,4,2,4,23
YTXFZZ0AG,ハッスル北村,TR057C1UW,蓮ノ空ぼっち部,819,0,8862,314060,2,1,1,1,5,2,5,5,22
Q0DGWKP7T,ｵｲﾎﾞﾖ,,,172,0,8864,313970,1,4,1,1,3,1,1,1,13
3WETYW8L6,GAT-X105,,,724,0,8865,313790,1,4,1,4,1,5,4,4,24
HUDAPJDL0,ねゆらは,2L4HJXUUR,アマ研ガルパン班,1089,2,8865,313790,1,4,1,4,7,4,4,5,30
5PBMT5DBJ,カヌレ,D7UA5ER1E,UR報酬欲しい！,952,11,8867,313700,2,1,1,1,5,2,5,1,18
D7H9GN0F8,さくら,,,341,0,8867,313700,2,5,1,1,4,4,1,4,22
EY563RWH5,幼馴染み,E1HVJ71JR,ご自由にどうぞ,779,4,8869,313520,1,1,1,1,1,2,1,7,15
LKD9WKHLQ,awsc,,,763,0,8870,313340,2,5,3,1,5,4,1,4,25
50SPKC7CX,りら,WBM6R0WVJ,蓮ノ空生花クラブ,519,2,8871,313160,1,1,1,1,1,1,1,1,8
L08H338DD,ピーマン,6ATNDH9J0,浦の空,923,4,8871,313160,3,1,1,4,5,4,4,5,27
3XEUEHX7T,銀河,89K9Y7MX7,初心者歓迎,665,0,8873,313070,1,1,2,4,1,2,1,5,17
6VT3EGHK8,ジアン,VNEY6C9BE,スリーマーメイド,650,3,8874,312980,1,5,1,1,1,6,1,1,17
6MNT1UYPA,KG,K7JJTMPXB,チケキャン,1137,8,8875,312890,1,4,1,4,1,4,5,7,27
YM0PDHTDG,かがみ,9YG7C0VM7,綴理と無言で昼寝,1070,2,8876,312800,1,4,1,4,1,2,4,1,18
J9X690PBM,こさと,2YF9U8C5G,ゆるくまったり,498,0,8877,312710,2,5,1,1,1,1,1,1,13
NDGCAF2EG,はろ,C8A9CTB34,蓮ノ空山岡家部,701,0,8878,312620,2,1,1,1,4,3,1,7,20
04P0W791X,KAMAro,2L4HJXUUR,アマ研ガルパン班,1167,7,8879,312530,1,6,1,4,4,2,5,7,30
4GYV7MLBD,うい,,,178,0,8879,312530,3,4,3,3,5,1,1,1,21
7LZR2T26G,ぬまんちゅ,ABU58EVJ2,Quatuor,1193,3,8879,312530,1,5,1,5,4,4,5,5,30
V7NG6XFFK,ダッシャー,TFGKYEY98,LLP JR,960,6,8882,312440,2,1,1,6,6,3,2,1,22
G0SAFEP6C,リンク,1KDUBW4HB,めぐ党0番,970,2,8883,312350,1,4,1,4,1,2,4,7,24
YYN25MQ7V,うゆピ,G6EH0KHT7,なんもわからん,1067,6,8884,312260,1,4,1,4,1,5,4,4,24
2ZKDXMAGX,龍龍,YL2ELYC4U,さや…好きだよ…,897,2,8885,312080,4,4,1,1,5,4,4,4,27
8N9621CVW,よねさか,LYYHXG7NT,蓮女労働組合,924,0,8886,311990,2,4,2,4,4,1,4,1,22
TTS2QP9E2,シャワー,1UBNNHVLG,蓮箱推し（仮）,1167,4,8887,311900,1,7,1,4,4,4,4,4,29
25Q4PZ0PZ,スイレン,LX25CP0TG,深夜の芋煮処,1216,1,8887,311900,4,4,1,1,5,5,7,6,33
8G4DCK2B6,しゃちくにーと,J5CKL5YPX,ログイン勢かもん,926,3,8889,311810,1,2,1,4,1,5,6,1,21
P0E3OK6KU,This,8M5MVFTRW,テキ・トゥー,1010,2,8890,311720,1,5,1,5,5,5,4,5,31
GBF224LVG,水瀬 凛,7U4G2VY9K,わくわくクラブ,255,2,8891,311630,1,1,4,1,5,1,1,1,15
SJ1A25CPB,Baram,60KU468X3,はっすーず,918,4,8892,311540,1,3,2,4,6,6,4,4,30
0X1JUTHDE,みわぽよ,VN1LXEHLR,綴理、愛,346,0,8893,311450,3,1,2,1,1,2,1,1,12
F76PFD7ZC,サカミネ,9VDEWVP01,瑠璃乃の集い,1126,12,8894,311360,1,5,1,4,4,4,4,4,27
HTV7G0RGU,サヤサマ,48GTYR1VB,ハラショー！,824,5,8894,311360,2,4,2,5,4,2,6,1,26
29WAYT8FM,reo,51CF1LTGY,ラ研連合,1067,9,8896,311270,2,1,1,2,5,3,2,1,17
N7HMC4M72,でん,D7UA5ER1E,UR報酬欲しい！,1102,3,8896,311270,1,5,1,4,5,4,4,5,29
87NW298FF,お〜の,A86FEX2JC,おやさいさん,342,0,8898,311090,3,4,1,1,4,5,1,4,23
1U2J2605A,宇宙似,A1GBKA16P,アシュラム,421,0,8898,311090,2,4,1,4,4,2,4,1,22
5HF76NMNJ,かえ,MTBP3B4GM,ふらわーすきすき,819,7,8900,310910,3,7,1,1,8,4,2,1,27
GHKH9PXP2,アガト,GW4CH70HK,TKG同好会,676,0,8901,310820,3,6,3,5,6,4,4,1,32
N8CL9L7AA,木葉,2PVYU5V33,ライブに行き隊,1139,4,8901,310820,1,4,1,4,1,4,4,5,24
7V2U0XVKA,かずみん,GBEJMUFWT,めぐちゃんズ(仮,1042,2,8903,310730,1,1,1,1,1,2,1,7,15
CVR8P1JCX,権,L3NN1RWMY,アポロベイ海賊団,1015,3,8904,310640,2,1,1,4,2,2,4,5,21
XAXD3VMC5,samdan,08DDCV5JN,黒ねこのしっぽ,653,0,8905,310550,1,6,2,5,6,4,4,4,32
0PPJ9EAKQ,くま,R9NGK6L48,のんびりサークル,1188,3,8906,310370,1,5,1,1,4,4,1,5,22
LVA3K73YO,るちゃた,G6EH0KHT7,なんもわからん,433,0,8907,310190,4,1,3,1,1,4,2,1,17
99IWY780H,にこにゃん,YHWN0NJ03,ドカ食い気絶部,1115,2,8907,310190,1,4,1,4,4,4,4,4,26
NP3JN6MCT,たくみ,0R8BXPRC1,ポチっ！とクラブ,651,5,8909,310100,1,1,1,1,2,5,1,1,13
ABMWB60BF,十夜,JH5FX56N2,のんびり,880,0,8910,310010,1,4,2,5,5,5,4,4,30
CPLBD8YML,Today251,,,161,0,8911,309920,1,1,1,3,1,1,1,1,10
KB32RYPXE,りけ,3X8412GRF,squirrel,1117,5,8912,309830,1,4,3,5,4,3,1,5,26
COLXLLQAO,しとろん,E58FYF67C,ロータスランド,1425,8,8913,309740,1,1,1,1,5,9,5,1,24
N7ACAGM4D,たろ,J09VEX2ER,くるくるポーズ,1085,1,8914,309650,1,1,1,5,1,1,1,1,12
BVDGC7PEX,かくはん,,,943,0,8915,309560,3,4,1,4,4,4,4,4,28
XJ8PVBNL4,SIGEX,XVTV7MVCX,雪月花,692,0,8916,309470,2,8,1,1,2,6,1,1,22
DHUHLBXCL,X-ゼルガード,Y6JNPC60C,綴理メイト,1049,4,8917,309380,2,1,2,1,8,2,7,7,30
06OUYDLOA,シゲ,HWMV33W7Y,フラワー泥民館,1186,7,8917,309380,1,1,1,1,1,2,1,1,9
27DGX767J,ヘニコフ,,,190,0,8919,309290,4,10,4,2,8,6,3,4,41
TJP32EF90,ヴァル,61UTNTRU1,初心者さん,338,0,8920,309200,1,4,1,1,1,2,1,1,12
6D0P7IPF9,aki,0YLUK30K6,蓮っコの集い,1096,12,8921,309110,1,5,1,4,6,6,4,4,31
16MUX2PWJ,もぶおぢ,L3NN1RWMY,アポロベイ海賊団,970,2,8922,309020,2,8,3,5,7,7,7,3,42
P3J6VVDW7,サラガミ,HC1M3NR7C,サークル103,1113,0,8923,308930,1,4,2,1,5,1,1,1,16
F46R6RJEE,Quantum,AAHB7C276,HaCordVN,1103,13,8924,308840,3,6,3,4,2,2,4,1,25
9YELCCB08,いふ,5KK3DFY18,MUGEN∞,1367,4,8925,308750,1,5,1,4,5,6,6,5,33
KKKU8X9S5,ふわなー,T9LWWNWY2,とび爆ぜっ,782,1,8925,308750,1,1,1,4,2,1,5,1,16
I7Y8DXQB9,ピロピロ,JA2C658FW,さや綴理の村人,1144,0,8925,308750,2,5,1,1,4,2,1,1,17
FAMNH603L,abandon,18YYNRFGA,LotusSky,1013,5,8928,308660,1,1,1,1,1,2,2,1,10
KZNZA90X7,雷愛,YHWN0NJ03,ドカ食い気絶部,713,0,8929,308570,2,4,1,1,4,4,1,4,21
EJ5EY6UBT,はむな,HKETDDCK6,ぼっちざ蓮!!,848,0,8930,308480,2,1,1,1,5,2,1,7,20
T6WXZWSI5,リ｀・ヮ・),XN2VEA6DN,無言,892,10,8931,308390,2,7,1,5,4,5,2,4,30
WC9W5GH20,ruiqiao,8BAYBXUXC,スリブ大好き♪,651,0,8932,308120,1,1,1,1,3,4,1,2,14
4725YR5BE,鳶星,,,315,0,8932,308120,2,4,3,1,4,2,1,1,18
K23T83CL1,津島カイリュー,LW4M70BTY,姫サーの槍,1264,4,8932,308120,1,2,1,1,5,1,4,5,20
36HD0B6R4,ぴーー,V6DKUH6JT,報酬だけほしい,298,0,8935,307940,2,1,1,2,3,3,1,1,14
FR8GC2UHY,カルマ,J62DRC7J5,蓮ノ空好き好き会,900,1,8936,307850,1,4,1,4,4,4,4,4,26
AY2GRN0T7,なき,L6MF2MPBN,みらくらぱーく党,1059,14,8937,307760,9,4,2,1,7,7,4,4,38
6XFSFWOG6,さく,6UAFKBRPN,リンクラ初心者部,644,0,8938,307670,2,5,2,1,1,5,1,1,18
3K7BQP0DF,ムー大陸,LFY1X9E0X,デカルト,1041,3,8939,307580,1,1,1,1,3,1,1,3,12
PA5U6K5H1,ktzk,N94LEWF2D,無言よわよわの会,773,0,8940,307490,1,2,1,1,1,1,1,1,9
XVE70516L,そだて,RXXUPMWB9,待機室跡地観測所,879,2,8941,307400,1,4,3,1,2,2,2,1,16
2RJUEWNW3,いそふらぼん,,,1055,4,8942,307310,1,4,2,4,4,4,4,4,27
WJ6MGMU0G,__hqze,RA1676TKK,蓮の空好き好き部,912,5,8943,307220,1,1,1,1,5,3,1,5,18
T2VTPBPXA,哲学のドンカラス,K8C99H42D,ルリと喜ド！愛楽,1457,12,8944,307130,7,5,1,4,6,6,4,6,39
BB4MVD1C9,xの3乗,3HDDYR4FU,旅人,867,4,8945,307040,1,1,1,7,1,8,1,1,21
YA62FAND9,花帆可愛いすぎる,DMDVHGFUG,蓮の釣り部,641,1,8946,306950,6,5,1,1,2,4,1,1,21
NB2LUCGMN,きよ,96LWYJ3Y6,無言絡みなし,712,0,8947,306860,4,8,1,4,5,4,4,4,34
KDHSY2ZG4,ましゅ〜,YXKR0GGM4,蓮ノ空好き好き,1470,8,8947,306860,1,7,1,5,7,5,5,7,38
52RTXUFZ1,けら,TKVR3KU7L,ネギトロTKG,991,1,8949,306770,3,1,1,4,1,2,4,4,20
GBMTFY5JH,まほろ,HKETDDCK6,ぼっちざ蓮!!,917,0,8950,306680,2,4,1,1,5,4,1,5,23
A5KLAX2NK,詩音,,,256,0,8950,306680,1,4,1,4,1,4,1,1,17
T8V4X4DUY,るべりあ,WN3LHKX0L,レンコンおいしい,820,5,8952,306410,1,5,1,1,1,2,4,1,16
GNIHHLKT5,ケン,WPG6BCG83,基本無言,1213,1,8953,306320,1,1,1,1,1,2,5,7,19
W2YG5JDM6,rawoh,UVK38MFR2,蓮の虚無サー,1413,15,8954,306230,1,5,1,1,5,6,1,5,25
MAYWN75R1,クリス,L6MF2MPBN,みらくらぱーく党,944,6,8954,306230,3,5,1,1,1,2,1,1,15
WGYXM0RJY,Le7-レナ-,EE4BKR0AR,まったりプレイ,1169,2,8956,306140,1,7,1,4,4,4,4,4,29
T64LIXM9K,にこ式,4XRHRYDW4,無言でエンジョイ,1059,2,8957,306050,2,4,2,4,4,4,4,4,28
RYY4HJT57,はや,0YLUK30K6,蓮っコの集い,242,0,8957,306050,1,6,2,1,4,6,1,2,23
MU3UEHP62,りいん,2VJG66JTH,まったり,1098,8,8959,305960,1,1,1,1,5,2,5,5,21
3ZUZ5MSCE,寮母,3L3TAA862,チーム用務員,1328,2,8960,305870,2,5,1,1,5,5,1,5,25
UWM5YG4YW,ダージリン,,,475,0,8961,305780,2,5,1,4,5,4,4,5,30
BU7BQ65D6,masoho,PDTRRYUGM,石川県民ひろば,886,3,8962,305690,1,4,1,4,1,4,1,1,17
77Y22RN5P,デルタ部隊,PNKCBFP4B,おばんです,929,1,8963,305600,2,5,1,1,1,4,1,4,19
6YDKCWPJL,しらさぎ,E49YWK5YC,酢蓮根,907,0,8963,305600,1,4,2,1,5,4,1,4,22
PTUFNCW1M,ヤス,1UBNNHVLG,蓮箱推し（仮）,970,0,8965,305510,2,4,2,4,4,2,4,1,23
X8PV9KJYO,なかじ,B4ADNM80X,山本組,1525,20,8966,305420,1,5,2,2,2,2,9,9,32
93GGEHW54,hamowl,E49YWK5YC,酢蓮根,1070,9,8967,305330,2,1,2,1,2,5,1,5,19
XD7857RTX,NS,,,185,0,8968,305240,4,2,1,4,5,2,1,4,23
XM05SKBN7,sawa,GPKTRBCTT,騎空団蓮ノ空支部,862,5,8968,305240,1,2,1,1,1,2,2,1,11
3FCZCV4XU,ハヤチャン,AR9HR528A,いろいろ実況,1065,3,8970,305150,1,1,1,1,1,6,5,1,17
N8H8U4FNH,ぐみ,1D7T2UXC2,無言でのんびり,955,1,8971,305060,1,4,1,2,5,6,1,4,24
0GFHWVA78,りの,ETAMCYHME,蓮ノ空お昼寝部,967,4,8972,304970,1,10,1,1,4,6,1,5,29
SUGL4ZTMJ,プラネタリウム,V8XX999F6,卍蓮村幼稚園卍,1260,4,8972,304970,1,6,1,4,4,4,4,5,29
U5500U9EW,ミルティー,,,1139,3,8974,304880,1,4,3,1,1,1,2,1,14
BKTCFE01J,ねこまる,JBUP9N61Y,れーざー,967,2,8975,304790,1,4,1,4,6,5,2,1,24
ELJZ2W99D,えねず,E5JKTW00K,蓮ノ空まったり部,1179,4,8976,304610,2,4,1,4,4,4,7,8,34
LPHMIH2TR,柊かがみ,DKNHY5HH6,なす料理研究会,1288,12,8976,304610,1,6,1,4,7,6,6,5,36
TOHE1HVER,たく,TTDBXERCU,蓮ノ空 全力応援,1068,15,8978,304520,1,6,1,1,4,4,1,2,20
N5LFU5AN7,スタイリー,,,1011,5,8979,304430,1,5,2,5,7,5,4,4,33
401NFX7XX,みっちー,UYCT3Y4JK,蓮っ子,1133,6,8980,304340,1,1,1,1,2,2,1,1,10
9AW4U22VL,N A R U,,,381,0,8980,304340,6,8,3,3,5,2,2,1,30
3FMJBPM7Y,たま,KC1W74B9B,蓮六園,798,2,8980,304340,1,6,1,1,4,4,1,4,22
Z10S24M8L,やさあや,,,492,0,8983,304250,1,1,1,1,1,1,4,1,11
U4W2B14UT,真玉橋孝一,JDAUTGR5N,花帆ウサギ,1170,5,8984,304160,1,2,1,1,5,2,7,7,26
V0W68J973,結城冬晴,5NPVVUGH7,蓮すきすきクラブ,1237,5,8985,304070,1,1,1,1,7,2,5,5,23
3HUN7PKIG,はなはな,DJC4WJXGV,無言出入り自由,1272,7,8986,303980,1,4,1,4,1,2,4,1,18
12RGI9ZFX,MAZ,M0HHDC9CJ,自分用,1285,1,8987,303890,2,7,1,4,4,6,4,5,33
R8N2FYBKT,よう,NLPP2YUF9,秘密倶楽部,717,0,8988,303800,2,4,1,1,1,1,4,5,19
YRU19UXNE,ぜっちん,4FN0KWB4G,無言参加大歓迎！,868,0,8989,303710,1,6,1,4,7,5,4,5,33
FUNUDJGF5,UserHCY,5YXVKDEKV,サークル(仮),803,2,8989,303710,1,1,1,1,1,4,1,1,11
Q2CH26NBP,むせる,T8X0G07YB,なければ立てる！,1187,8,8991,303620,1,4,1,4,5,4,4,4,27
A7ERNVBCD,ume,1F5EPPMLD,UR貰えればいい,370,0,8992,303440,2,5,1,4,4,5,4,4,29
3RUEWR4BC,BiBiット,CVAYC232Y,LL同好会,942,2,8992,303440,1,1,1,1,1,8,5,1,19
LR1D06ZZF,さんむ,8UJNTV5BX,のんびりと部,1115,0,8994,303260,1,4,1,1,4,4,5,4,24
TC9VKBP87,そーま,BTVC9G95X,FES用,301,0,8995,303170,2,10,3,1,1,4,1,8,30
I6B73EGAT,なな子,9GEABLUDP,◯◯サークル,600,1,8995,303170,1,1,1,2,1,1,1,1,9
TA4E32NLD,まどる,E5JKTW00K,蓮ノ空まったり部,326,0,8997,303080,3,1,2,4,1,2,4,1,18
HMN1F5WLN,hz,NT5R9RYCX,エンブリオン,836,0,8997,303080,2,4,1,1,4,1,1,1,15
LBDCDAF5P,ペペロンチーノ,CP3KWKH07,まったり社会人部,977,3,8999,302990,2,5,1,4,4,4,5,4,29
U31PF35LD,ゆづき,VKW1GNAPL,伝統を守ろう,890,2,9000,302900,1,2,1,1,5,2,7,7,26
VJBMMB4TB,恵規,XA0XD41CM,ぼっちぼっち,822,0,9001,302810,2,6,1,4,5,4,4,4,30
76L7GH80D,ひのした,RAP9FVR3B,あばうといち,1335,9,9001,302810,2,1,1,1,1,2,7,7,22
MYPGLFP9H,ザッハトルテ,LX25CP0TG,深夜の芋煮処,1002,0,9003,302720,1,4,2,4,4,4,4,4,27
723EU6TA7,あんちょび,GVNKNN878,Aqours,474,0,9004,302630,2,1,1,1,1,4,1,1,12
B9EBAY2HL,なる,JD1PFYJWE,瑞蓮隊(無言OK,577,0,9005,302540,4,1,3,1,1,3,2,1,16
DLY42G1HU,こまいぬ,,,703,3,9006,302450,2,2,1,1,1,1,1,1,10
WZKNV4LA8,秋葉,RGR1NVGWH,無言推奨・自由村,1243,3,9007,302360,4,4,6,5,5,6,7,7,44
P6X8VR50H,希望的プリズム,VNEY6C9BE,スリーマーメイド,1025,2,9008,302270,5,10,5,5,8,7,5,5,50
QFII0TERP,肉じゃが,W3UUXHMDV,水彩ブーケ,1403,8,9009,302180,1,5,1,5,5,6,5,5,33
FA684NTD9,25時,VXDPPJJL1,蓮ノ空リボ課金部,191,0,9010,302090,3,1,1,1,1,4,1,1,13
PB0VF6VPY,謎の学院生,39Y0R2814,蓮ノ空の隅っこ,1037,4,9011,302000,1,5,2,4,4,4,4,4,28
TE4P8MFNN,gin,,,251,0,9011,302000,1,8,3,1,5,4,3,4,29
4KF28M9PV,九条天の猫,BMAKK6VNN,にゃにゃにゃ,317,3,9013,301910,1,5,1,1,1,4,2,1,16
880CWT8EW,DnDn,MVYED4TN7,箱推し紳士,984,4,9014,301820,2,6,1,1,5,1,7,8,31
FB9Y4ED1M,うに,75UJ5RB97,蓮ノ空雪野球部,1170,9,9014,301820,1,5,1,1,4,4,1,4,21
W093E1KRE,insideon,1X8UDND51,徒町のおこづかい,539,3,9016,301730,2,5,1,4,5,5,4,1,27
PGGG51152,たけ,T4WY63DB9,ういのま,242,0,9017,301640,1,7,2,5,5,7,1,4,32
0MTFHEH66,甘党,C021HVB2B,第3芸能科,418,3,9017,301640,2,1,1,1,2,2,1,1,11
9KNMJBYV4,学院生?,828YTYAA9,箱推し社畜の部屋,1106,5,9019,301550,1,5,1,4,4,4,4,5,28
81NN9FK89,蓮ノスカイ,1CH3NK9UJ,未来ガジェット部,935,2,9020,301460,1,5,1,4,4,6,4,4,29
WWKA4AE2E,中野かずさ,A7WWE0463,蓮ノ空初心者部,504,0,9021,301370,1,6,2,5,6,4,4,1,29
H45IBEWA7,MUGI,281AVFPPX,蓮ノ空過食クラブ,1112,11,9022,301280,1,7,1,5,4,4,4,4,30
BCV6MXKAA,マスタング,1EL57CDR0,なんもわからん,627,0,9023,301190,3,5,2,3,5,6,2,4,30
27YAK2KUL,電池兎,9GDHWXGVG,ルリと花咲く毎日,1068,4,9024,301100,1,1,1,1,2,2,4,1,13
QQIV8IG9C,白波,JTX1G19BP,さやかほ癒し会,916,3,9025,301010,1,7,1,2,4,4,1,1,21
G4B7NWB61,大きな翼,D52G2F1HV,いな民リンクラ部,985,4,9026,300920,1,4,1,1,6,2,2,4,21
XUR0XUV0J,ジェイ,A86FEX2JC,おやさいさん,879,1,9027,300830,1,5,1,4,5,5,4,4,29
2MUPT1BM0,カーハイ☆,WAT20PN3Y,こな党,566,0,9027,300830,1,5,1,4,5,4,4,5,29
BC1Z0WUER,無月,7TR2VDFD0,（株）すずぎん組,546,0,9029,300740,1,5,1,4,4,7,4,4,30
8F0WVDHVY,ふみ,W9G7A5E34,泥沼,497,0,9030,300650,1,1,3,1,3,2,2,1,14
7WQB1AYV1,トオル,0VEMMV8E2,スリブとまったり,371,0,9031,300560,4,1,1,1,1,3,1,1,13
XODMEVSR1,ozzy,61UTNTRU1,初心者さん,1199,10,9032,300380,4,1,1,1,1,4,5,5,22
GXU3HMKJ2,シュウ,T2XRMGEAE,蓮根無言会,1052,7,9033,300290,2,2,1,4,6,3,4,5,27
5X5K02YXU,黒澤サファイア,FNMV166UY,蓮ノ空喫茶部,1211,4,9034,300200,2,5,1,4,5,5,5,5,32
R2UX2GBKC,SnailTAK,J80MEYHBC,Nymphaea,1005,6,9034,300200,3,4,1,5,4,6,4,5,32
GVBPHDQ89,TAKA,CPWFKH8JM,私の部屋,1020,6,9036,300110,4,4,1,4,4,4,4,4,29
0BNWGVMTH,Tiger77,,,220,0,9037,300020,1,1,1,1,4,1,1,4,14
4Z781CKQC,ゆう,F2M746D4B,頑張らないクラブ,1182,10,9038,299930,3,1,1,1,1,5,1,7,20
LYG2DGRVH,とまと,UGTAVG90J,にょ,313,0,9038,299930,3,5,1,2,1,1,2,1,16
BY18CWD0E,寝た助,FVJFA973A,月猫愛好会,441,0,9040,299840,3,4,3,1,5,7,2,4,29
LF4TUHPGF,カツ,M44P06CH5,つづさや見守り隊,1015,1,9040,299840,2,1,1,1,5,2,5,5,22
CV05XJ57P,お花丸,T045NDKW0,♬さやか愛好会♬,1104,3,9042,299750,2,6,1,1,1,4,7,7,29
W66IZTGOS,いんなーいなっち,,,531,0,9043,299660,1,1,1,3,4,1,2,2,15
4OYDSG94A,まさお,3HDDYR4FU,旅人,1358,15,9044,299570,1,5,1,4,5,6,4,5,31
U2YU18R12,ゆき,CJWR9P8LM,花帆さん愛でる会,713,2,9044,299570,2,1,1,1,4,2,4,5,20
7WWLJN8NK,mki,8MTLYLH9F,木星月華黄金宮,1070,4,9046,299390,2,5,1,4,4,4,1,4,25
GELET015E,choco,,,622,3,9047,299210,1,1,1,1,4,4,4,1,17
ODNCV6DTF,Robo,UHWA4YLWP,蓮ノ空を見守る会,1087,6,9047,299210,1,1,1,1,1,2,7,1,15
WWGC72B79,ルージェ,YGCT70FH6,ソロなサークル,519,0,9049,299120,4,5,2,5,4,4,2,4,30
SS17LPSA1,大村,77R0B759H,オオユウ,1077,5,9050,299030,2,7,2,4,5,5,4,4,33
24V8PFG80,朱稀,424NLTEE8,無言な異次元部屋,1031,5,9050,299030,1,4,1,5,7,7,5,7,37
LC25AJNBT,りゆ,E76N52LMW,イベントのみ,1059,8,9052,298940,1,4,1,1,7,4,7,7,32
9074AJ0YL,コミ,,,1353,3,9053,298850,1,6,1,5,7,7,7,6,40
9467Q9RV3,あざわか,Y2R7E79U3,カワウソ同好会,1059,2,9054,298760,1,4,1,4,5,4,5,5,29
5DH5A9H10,さやかるぅと,PN4VA24XF,みーかるぱーく！,694,0,9055,298670,2,3,1,1,3,2,1,1,14
MMY4B1XP3,茄子推,,,190,0,9056,298580,4,8,2,1,4,4,2,1,26
NVG6UG63C,うちだし,1618JMRED,リンクラ自習室,905,4,9056,298580,3,8,1,1,2,7,1,1,24
JFK79YMGK,かるた,,,465,0,9058,298490,2,3,1,1,1,1,1,2,12
D8W524NVK,ねこやしき,A7WWE0463,蓮ノ空初心者部,923,1,9059,298400,2,4,1,1,5,5,1,5,24
7WGHWWIKO,はなさかびより,BT22M41DV,梢花帆吟子同好会,1176,10,9060,298220,3,5,1,4,7,6,5,5,36
73X9LPWJP,oct08,RMT97FJ61,まったり　無言,979,1,9061,298130,1,1,1,1,2,2,1,1,10
LP0XNO1TE,ちい,LY0XPW7NL,同棲概念強火派,626,0,9062,298040,1,1,1,1,1,4,1,1,11
SZPCUZRFP,ゆめぴ,4HCL7BG63,乙宗喫茶店,1373,20,9063,297950,3,7,4,5,6,5,5,6,41
2CK21B89C,かっぱ？,AXGGJ4EJ1,所属だけしたい部,789,6,9063,297950,1,4,1,2,1,2,1,1,13
FC8YUXQ49,かんざき,YM72HRVCF,ワンニャン部,1124,8,9065,297770,1,3,1,4,6,3,4,1,23
D5RU8K927,そふ,LMGYN5VAV,北部公園散歩部,671,1,9066,297680,3,7,1,1,5,2,2,1,22
UPDBPVI0Q,はすかぷ,LHXNEF3D5,まるまるサークル,1012,0,9067,297590,2,5,1,4,2,2,4,1,21
WTVM6MDNS,白桜,96VF52WEJ,空,1176,19,9067,297590,3,6,5,5,5,4,5,5,38
71WTB8626,りゅう,J0N1E3Y09,月火水木金土日,589,1,9069,297500,1,1,2,1,1,2,2,1,11
0DY5WE85U,はんち,PMPP8MFY6,さやかの村,1055,1,9070,297410,3,6,1,4,4,1,4,2,25
KZIGX8ANE,能登の端,EWM0GK62C,誰でもどうぞ,1138,4,9071,297230,1,4,1,4,4,4,4,4,26
5SR324805,しゅが,N1DJVPGP8,いつでも咲けるよ,910,2,9072,297140,1,1,1,1,5,2,1,5,17
EAMN3EVXH,甘井 綿,VNEJ2RNW0,まったりんくら,762,9,9073,297050,1,1,2,1,1,2,1,1,10
SC2IG8E2W,てきとう,,,546,0,9074,296960,2,4,1,1,4,1,2,1,16
7ABXWU6L5,ユミ,KA3D805XV,綴理の寝顔守り隊,492,2,9074,296960,1,1,1,1,3,2,1,1,11
7D576JGKJ,にわ,FV38N1J23,イベント用,1003,4,9076,296870,1,1,1,1,1,2,1,1,9
YKDTAYH8A,Ryo,NLTAB4BLF,蓮ノ空ゆる活動部,731,1,9077,296690,2,4,1,4,1,4,1,4,21
CDWACU8L1,蒼P,AHE0E3JND,ありがと！にひっ,728,0,9077,296690,3,1,1,1,5,2,2,1,16
AWL81AHGP,Gauss,VMG2BV4H1,とりまサークル,456,0,9079,296600,1,10,1,1,4,1,3,9,30
BK3YJ70CX,しょれべー,5L9GNT78V,叶え！私達の◯◯,726,2,9080,296420,3,3,3,10,4,7,1,4,35
QU6QEE5G1,大鳥包,FHN78V2DJ,無言でどうぞ,1583,14,9081,296330,1,4,1,1,9,4,8,9,37
ZK1BELVR9,ルサス,3LUL3WR8Y,零組,770,1,9082,296240,1,1,1,1,1,2,1,1,9
TFH66N9AT,零,X87KNX4N3,蓮ノ流星群,673,2,9083,296150,1,1,1,2,1,4,1,2,13
GG1QC59YZ,デビン・ブッカー,A73H7ENN2,エロマンガ同好会,952,3,9084,296060,2,2,1,5,2,6,1,1,20
DRJPHRETP,lokii,V3FAH8CM4,初心者の会,407,0,9085,295970,2,10,1,1,3,3,2,1,23
M87NLLA1X,ノブ,69LBVUA8R,姫芽、さやか推し,634,0,9086,295880,1,8,1,1,3,1,5,7,27
KDYTN85WY,sodá,N6TVG18P8,すきすきクラブ,542,2,9087,295700,1,4,1,1,3,3,1,1,15
XAWE5NVNJ,あゆみ,NCX28D4VB,Lyric,1109,0,9088,295610,1,1,1,4,2,4,4,4,21
D34MUXKD3,はらみ,KULVP7FDR,アニマル分室,1153,2,9089,295520,3,5,5,5,6,6,7,6,43
YJYRLJCK6,さくらきゃんどる,FTY0R8KPH,泥の皆様,987,5,9090,295430,2,1,1,4,1,6,4,4,23
XA850X1N2,まやかす,T56X6LP0L,光の海,867,0,9090,295430,1,5,1,4,5,4,4,5,29
UNYGEPM58,nre,BXGNMY466,ライグラ用,296,1,9092,295340,3,9,1,2,4,4,4,3,30
AY2WC26P6,アッシュ,C2XLWUTL1,夕霧綴理親衛隊,678,8,9093,295250,7,6,1,1,3,3,2,1,24
C3HYYWQ53,ハンチ,PMPP8MFY6,さやかの村,1064,1,9094,295160,2,2,1,1,2,1,1,2,12
JV9VB8V72,ありのり,FWL85RGG7,ひとりぼっちーむ,229,0,9094,295160,3,4,2,2,3,2,1,2,19
LBPX0RVBX,みょん,EFYYG9TAY,ご隠居さーくる,248,0,9096,294980,4,4,2,1,3,3,1,1,19
6R4PJN4YG,岡田ドレッシング,RN24L196L,るりーーー,143,0,9097,294890,1,1,1,1,1,3,1,1,10
1T9TQ1X2C,だれす,3F0M4HXJE,蓮ノ空まったり部,1004,3,9097,294890,1,1,1,1,1,2,1,1,9
LFJ7NXMX6,しゃみーぬ,Y3ALWMXMP,いぬ小屋,1121,4,9099,294800,1,7,1,4,5,4,1,4,27
HTYZ6SRKP,じゃぐ,JHTULVV5P,故に瑠璃乃推し,606,0,9100,294710,2,10,1,1,1,4,1,7,27
2Y9ZOHUNO,ﾋﾟｬ-,1EBG7YUTL,菅！CAN！叶！,1005,10,9101,294620,2,1,5,4,1,6,1,1,21
O6FT7ZMCW,高咲千音,AGJ215YND,蓮の空中國分校,722,2,9102,294530,2,1,1,1,1,4,1,1,12
1T63CNUKY,かおす,CP3KWKH07,まったり社会人部,387,0,9103,294440,2,1,1,1,1,2,1,1,10
NP04RY962,ふじ,2JK7E4115,ラ！推し,1068,0,9104,294260,2,4,1,4,5,5,4,5,30
KR6AGTKR6,野沢菜,,,1054,6,9105,294170,1,5,1,1,5,1,9,7,30
CB62KJWG2,MaYA,6YTAMD33M,リリエンフェル党,216,0,9105,294170,3,3,2,1,4,4,1,1,19
3EED4IW5Z,タリーヌ,6TP7J2E6G,Orenge,1120,6,9107,293990,1,4,3,5,6,6,6,4,35
L22430RUE,mskk,865UE9UC6,蓮ノ空うどん部,1036,6,9108,293900,1,1,1,4,1,4,4,4,20
D23MRT7EW,奏,,,387,0,9109,293720,2,1,1,1,2,1,2,1,11
R86RIMRGK,あげ,KK166BYL7,蓮女応援有志部,474,0,9110,293630,1,1,1,1,1,9,1,1,16
5REHFWDD1,まろにずむ,6FWRD1K40,いちじょ海賊団,1073,11,9111,293540,2,2,1,7,1,2,4,1,20
5XC3K26DL,ムラサン,GMKTGU0RT,フリーフラワーズ,1306,17,9112,293450,1,5,1,4,7,5,5,4,32
90PZ7LCO1,桜井,W2HEPMM2A,無言。ぼっち。,933,0,9113,293360,1,4,1,4,1,4,4,5,24
CJM21NWHY,jsjs,K95YH6P1C,蓮ノ空泥の会,435,0,9114,293270,3,1,1,2,2,2,2,1,14
E0GJWUMVT,tundra,,,355,0,9115,293180,1,8,2,1,2,5,1,1,21
VX4W7B07Y,あなたちゃん,5YEE75CB4,ロビーで待ってる,995,10,9116,292910,2,2,1,1,2,2,1,1,12
WJW5G283D,間坂真琴,,,965,0,9116,292910,1,4,1,4,1,4,4,4,23
NJWRQ3OZZ,はるみん,3A63DYH54,LLすこすこ部,681,0,9118,292820,2,4,1,4,1,2,4,1,19
6VTGUU0TL,きのとい,WM6VLG32E,ツナガルソラ,1158,6,9118,292820,2,7,1,4,5,4,4,4,31
HMGX7YRNH,fumiya,,,616,0,9120,292730,2,6,1,4,4,1,4,1,23
4U6LRWWAW,香風ゆい,NLTAB4BLF,蓮ノ空ゆる活動部,169,0,9121,292640,2,1,1,1,1,2,1,1,10
0BH652776,キンクマン,T4WY63DB9,ういのま,553,0,9122,292550,3,1,2,4,2,5,1,5,23
CMVG237YJ,ゆい,HKKCM3W4M,かほ姉の集い,874,0,9123,292460,2,5,1,5,1,2,1,1,18
T1JT0HPBG,テツライバー,5DRY3TL61,はすのそラバー,603,2,9124,292370,2,1,1,1,4,5,4,1,19
3M39KVXW0,KAZU,3N7FL0U6U,destiny,991,1,9125,292280,1,1,1,1,3,4,1,1,13
7MK52D0DG,nattsun,GVT61ATX0,なのだけれど,1082,2,9125,292280,1,4,1,1,4,2,1,1,15
FDPJU9XDX,リィンク,NX9KJK529,虹ヶ咲学園,594,2,9127,292190,1,1,1,1,1,2,1,1,9
VHL3MAU0R,マキ,U8GLCJVJP,コミュ障用誰でも,973,0,9128,291920,1,1,1,1,1,4,1,4,14
NKEBKLRKA,ガルベス,5VBB4F8N2,灰色ペンギン,878,0,9129,291830,2,10,1,1,4,6,2,1,27
2C6G4KUW1,まつかぜあきら,,,800,0,9130,291740,2,4,1,4,4,4,4,4,27
T7QJ3C4ZB,侑,G4AJPEJ97,シングル,968,3,9131,291650,1,1,1,1,7,4,2,5,22
VFW5BAT43,とわ,74C8GY80T,まったりさーくる,771,0,9131,291650,2,4,1,1,1,1,1,1,12
HB22TA942,幾千の夜,VNEJ2RNW0,まったりんくら,849,2,9131,291650,2,7,1,1,5,5,3,6,30
BTK94FDLJ,ジャスミン,AGJ215YND,蓮の空中國分校,1012,3,9134,291560,2,4,1,2,4,4,2,1,20
AUJW80NE0,ひお,00T3NXXA9,初心者,495,0,9135,291380,1,6,1,2,1,4,4,2,21
BE9ACWNZT,ゆたんぽ,K25DPPGT9,圧倒的にまったり,1029,4,9136,291290,1,8,2,1,1,6,2,1,22
7X2D2IUN1,ああああ,TKVR3KU7L,ネギトロTKG,1257,15,9137,291110,1,3,1,2,6,2,6,9,30
JJAQ6J1B1,さんかく,RAP9FVR3B,あばうといち,1358,4,9138,291020,1,5,1,1,6,2,5,5,26
5XKJTYH7X,ベイトソン,W3UUXHMDV,水彩ブーケ,930,3,9138,291020,1,1,1,1,1,2,7,1,15
NHF6C4MTJ,Fifi芸依,DMDVHGFUG,蓮の釣り部,543,0,9140,290930,6,6,2,2,5,4,2,1,28
49JVWDYM2,れじすと,RXXUPMWB9,待機室跡地観測所,1112,4,9141,290840,1,5,1,1,5,5,4,1,23
P2S9CJYJ3,あまみょん,V33FGRFC4,1限目に遅刻ラブ,1228,3,9142,290750,2,4,1,1,4,4,1,4,21
99LMAXZD5,Kosmo,28XJ8NK4L,蓮ノ空まったり部,866,0,9143,290480,1,4,1,1,4,4,1,5,21
6OAIL7N17,モップ,A84BK7PL4,ゆるっとホリディ,1204,3,9144,290390,1,6,1,1,5,6,1,4,25
JPK201EDD,月夜见海月,EYEPHE14G,花上梢頭,471,2,9144,290390,2,1,3,1,1,4,2,1,15
UMXGJHLAA,じぇい,JD541JRXE,こてっちゃん～,965,4,9146,290300,1,7,1,4,4,5,4,4,30
OWXNRXL4H,あかさたな,NMT63RUDV,泥村,1428,6,9147,290210,5,9,7,5,5,6,6,6,49
YLF01G1P8,FJ,,,401,0,9148,290120,2,1,1,5,5,4,1,4,23
03G87N0UG,たちお,RKT7BC4F6,人形浄瑠璃乃,446,0,9149,289940,2,1,1,1,1,3,1,1,11
TDQ43V3UZ,K想,HG3YGDXHG,蓮ノ空大阪分校,1084,0,9149,289940,2,4,1,1,5,4,1,1,19
332FW5T62,のっち,,,643,0,9151,289850,2,7,2,1,7,1,1,1,22
VYKR7E102,ハ〜ル,WJ7GF9WVV,愛と想いやり,527,3,9152,289760,1,3,1,1,3,3,1,1,14
YPHG4N4EG,やなたか,61UTNTRU1,初心者さん,960,6,9152,289760,1,7,1,4,4,2,4,1,24
XKXKHB6U6,てぬ,RA1676TKK,蓮の空好き好き部,980,10,9154,289670,1,4,2,4,4,4,1,1,21
8LT9CCETA,フレイヤ,Y6KN85L5P,孤独の村人,301,0,9155,289490,1,4,1,1,1,3,1,1,13
UOR3XH5WH,sosso,WFPA7YJE1,蓮ノ空文芸部,1146,1,9156,289400,1,6,1,1,5,6,2,4,26
FGDMFWHW0,あん,05KN1RR3U,さやかほ花卉園,1089,6,9157,289310,1,5,1,4,4,4,4,4,27
VB9RKHBPT,サガ,J8HXTJ8TB,流し素麺同好会,1482,8,9157,289310,1,6,1,5,6,6,5,5,35
EKYZ1EICK,ユーヤ,3F0M4HXJE,蓮ノ空まったり部,1167,2,9159,289220,2,1,1,4,1,2,5,1,17
UWR7N6DP5,タモ,GVNKNN878,Aqours,839,0,9160,289130,1,4,2,4,3,3,4,1,22
LA9C7G313,くもらと,A3X92L6YU,お試し用サークル,695,4,9161,288950,1,1,1,1,1,6,1,1,13
363IPIRQ0,冨樫美夫,REUA4H17B,LLLLBR,382,0,9162,288860,1,1,1,1,1,1,1,1,8
EFLCPWDNU,挙動,4P8K142RX,初心者,140,0,9163,288680,1,3,1,1,1,3,1,1,12
AFF2GVTT4,すいし,,,315,0,9163,288680,4,1,1,1,1,1,1,1,11
J2B3RCPHE,スタート,NDGW77R2V,こず花帆尊い,922,2,9165,288590,3,5,1,4,6,6,4,4,33
NTMX92PUN,カツ,BEMED3RY1,無言無課金ok,479,0,9166,288500,1,4,1,1,1,4,1,1,14
9504P0UJC,ミク美羽,,,861,1,9166,288500,4,7,1,4,7,4,2,4,33
69AMGCW2Y,まゆ,RKT7BC4F6,人形浄瑠璃乃,930,9,9168,288320,1,6,2,1,8,5,1,4,28
VTLEFYLJ8,はにまる,2VJG66JTH,まったり,1173,1,9169,288230,2,5,2,4,4,4,5,5,31
G1AN4TGHX,ゆんゆん,M1DLCR0R8,花帆護サークル,318,0,9170,288140,1,1,1,1,1,2,1,1,9
D4744Z90H,美影,6T2PJTL3B,蓮ノ空城,953,6,9170,288140,4,4,1,5,4,4,4,4,30
E1PL98L90,西園舞,LUMM4W0UF,蓮ノ空社辞部,465,1,9172,287960,3,1,1,1,1,4,1,4,16
GPJFM7GOY,アステ,30W3RA65G,蓮ノ空自由クラブ,905,0,9173,287870,3,4,3,2,4,4,1,4,25
W69BWDA6X,刀,DF6RY3BXN,andante,849,2,9173,287870,2,1,1,2,1,1,1,1,10
JX2X9FKKO,ちくわぶ,TFGKYEY98,LLP JR,400,0,9173,287870,2,4,1,4,5,3,1,1,21
A4T2NN526,T,X87KNX4N3,蓮ノ流星群,631,0,9176,287780,1,1,1,1,1,2,1,5,13
DVFNV2XWH,ダンビン,48GTYR1VB,ハラショー！,993,6,9177,287690,1,5,1,4,1,6,4,4,26
1JHFJ71D6,うみちょー,48GTYR1VB,ハラショー！,764,0,9178,287420,1,5,1,4,5,2,4,1,23
DL3DHFPX6,アイランド,4UKGWTN1N,ゆったりまったり,1002,4,9179,287330,4,1,1,1,1,1,1,1,11
9HFVHF65F,カツミ,U98UKD6RY,異次元フェスP,844,3,9180,287240,2,1,1,1,6,6,5,1,23
5WKF4T5FF,おつぴ,V7768X8AC,せーので！,999,9,9180,287240,1,4,2,1,5,7,1,6,27
PR7WFM34V,あちばな,8588YN91J,虹咲学院,238,0,9180,287240,2,1,1,1,1,2,1,1,10
NNB55XACG,ぱーらい,W3UUXHMDV,水彩ブーケ,1182,1,9183,287150,2,4,1,4,4,4,4,4,27
T57FEFXTU,たいせい,A7WWE0463,蓮ノ空初心者部,725,2,9184,287060,5,6,4,5,5,4,1,1,31
URJCL4L8F,リムリア,HH93ADAW3,無言自由。,640,0,9185,286970,2,2,2,1,1,2,1,1,12
28A26DM5W,いなずさ,PH0YEPJD8,蓮ノ空北國金沢,961,3,9185,286970,1,3,2,1,4,2,4,9,26
73297P5U7,ばんおじ,VNEY6C9BE,スリーマーメイド,1178,7,9187,286880,1,4,1,1,4,2,2,5,20
FXFX0DB6E,Nya,41N8G98LV,花帆梢百合応援部,1007,0,9188,286790,3,5,1,4,5,5,4,5,32
LOBRSY2BG,Lollipop,279NUYU7C,れんこん,1357,2,9189,286700,1,5,1,1,4,2,7,7,28
DH03DTRDD,gffggh,3JH1V2GDF,gffggh,290,0,9190,286610,3,4,1,1,2,1,1,1,14
77DJANTJR,味吉陽一,K69M1X95F,アイリス,713,0,9190,286610,1,1,1,1,2,3,1,1,11
YH4C1T4KY,Maru,,,207,0,9192,286520,3,1,1,1,1,1,1,1,10
GNYF50H20,とも,8VGXWTV3U,R.opRizm,1106,2,9193,286430,2,6,1,4,5,2,4,1,25
UH84E0ARF,まも,JL3PVY33U,まもさや,490,0,9194,286340,2,10,3,1,1,1,1,7,26
02WXAI3PX,AOI,2VJG66JTH,まったり,1093,11,9194,286340,1,7,1,1,6,3,7,7,33
A8DL4G0LD,So-Ya,3YWMY4JVN,82プロ,919,6,9196,286250,1,5,1,1,1,7,1,1,18
RTLV7JYLK,ゆーじゃ,WNA5GTJPP,蓮ノ空百合クラブ,1144,8,9197,286160,1,7,1,4,1,7,5,4,30
HPKVMKWNT,x1a,53M4V2BVG,吟子の髪飾り,524,4,9198,286070,3,5,2,1,1,3,1,4,20
IDINRH02H,ゆうは,FV38N1J23,イベント用,995,2,9199,285980,1,5,1,4,4,4,1,4,24
52GHTAMUH,ヘンナヒト,XXVVJY6FE,はぴぱれ,529,0,9199,285980,2,5,1,2,1,4,5,5,25
VCTWJW1NA,ちら,T4WY63DB9,ういのま,1221,14,9201,285800,2,6,6,1,1,4,4,5,29
DXR07271F,さやめぐ,,,245,0,9201,285800,2,1,1,3,3,1,4,2,17
VTGCFQY33,A.P.,B1KYU3XF8,LG lotus,1201,4,9203,285710,1,4,2,4,1,4,4,8,28
G9DLRC54M,rh,0CEA9XFKR,蓮ノ空の泥人会,1166,3,9204,285620,1,4,1,1,5,4,1,5,22
ZY8747WQT,みらい,CXG25026E,泥のみんなS,1156,15,9205,285530,1,1,3,4,1,5,1,1,17
OIPG5U1Q7,RX78-217,GVNKNN878,Aqours,957,4,9206,285440,4,4,4,1,5,6,6,1,31
JD7GM09EA,傘,UYYAUXK80,茅葺き屋根の家,680,2,9207,285260,1,1,2,1,4,1,1,1,12
26ODCZD08,エーアイ,CP5JE6KFV,コイコイクラブ,1012,0,9208,285170,1,4,1,4,4,4,4,4,26
M0YK54CLM,player,,,515,1,9209,285080,1,1,1,1,1,1,1,1,8
WH8PXZC1D,あさと,3JDDUYURT,無言,1060,3,9210,284990,1,4,1,1,5,1,1,1,15
P4ZUP4LKK,千の蓮,DU869RX4R,千の蓮,770,0,9211,284900,1,4,1,1,4,1,5,5,22
0SHGH6YD4,高宮 なすのＰ,JU476V6K9,ポチッ！,926,0,9211,284900,2,1,1,1,1,4,1,4,15
6H3XG7GOY,アンジェ,KT4P0CHHC,ゆったり同好会,975,11,9213,284810,3,1,1,1,1,3,4,4,18
6NTJV12XR,りかっぺ,ULUELCJ7T,なるようになる？,926,3,9214,284720,1,4,1,5,4,7,4,4,30
9XA0JRFN9,宮里,,,480,0,9214,284720,1,4,1,1,1,1,2,1,12
5W7PI0CG5,とと,9X07VGM42,近江町食べ歩き隊,1427,4,9216,284540,2,6,1,1,7,4,2,5,28
AV5G0UM5K,もとぬき,6P87X0R93,アフターのために,1142,5,9217,284450,1,4,1,1,5,1,1,1,15
U81W2EBUE,ラップ,H837E0M9R,沙知先輩大好き部,883,0,9218,284360,2,4,1,3,4,4,1,4,23
BU499ADJM,聖柚枝,BE349FEW8,いい声の蓮ノ空会,1185,10,9219,284180,2,5,2,5,8,4,1,1,28
J6EK8H0MR,ゆうちょ,YNR28303K,りんくらぶ,831,4,9220,284090,1,1,1,1,1,2,1,1,9
L52BBDWTV,アユさん,26JDLMBLN,徒町は強く生きる,496,1,9220,284090,1,1,1,1,4,4,1,2,15
T9TAEVKR6,こいちゃん,F6LNJNE83,そろそろ,759,3,9222,283910,4,2,9,2,2,7,1,5,32
9O0SU66WW,のん丸,WYWGY9MV9,にぇ,841,7,9223,283820,1,5,1,1,7,4,4,1,24
TQ121V5CS,ユウ,AR9HR528A,いろいろ実況,1256,0,9224,283730,1,6,1,4,4,4,4,5,29
4DGPVMS8L,カティ,WCL6R1ANU,無所属の会,1121,8,9225,283640,5,6,3,7,4,4,6,4,39
B4NFNM5TA,るーふぇ,WAT20PN3Y,こな党,367,2,9226,283550,1,3,2,1,4,4,1,1,17
G2YJETJ98,・・・・・・,1G89KTD5X,サークルひとり,1144,3,9227,283460,1,6,4,4,4,4,5,4,32
YMPV5VUJP,ハルカカナタ,DHKUGEWBJ,めぐ党虹ヶ咲支部,930,6,9227,283460,1,7,1,7,1,3,1,7,28
5E32MA6BE,リュータカ,JY79RPB1D,リンクラゆる部,1381,15,9227,283460,1,1,1,1,5,5,1,9,24
14PIM9Y76,daiz,9YG7C0VM7,綴理と無言で昼寝,1006,2,9230,283370,3,1,1,5,2,2,3,1,18
CAV6AM46L,Jessica,,,501,0,9231,283280,1,4,1,4,4,4,1,4,23
VAO45316T,四条烏丸,4WRYNBWU1,小さな蓮ノ空,887,0,9232,283190,1,4,1,1,1,2,1,1,12
141TMWM0F,シロクマ,BUTB1MFNY,みうち,868,6,9233,283100,1,6,1,4,4,4,6,5,31
PLTWAVPJR,李田所,FNMV166UY,蓮ノ空喫茶部,891,2,9233,283100,2,1,1,1,3,4,1,7,20
ENXN17A3N,斎藤,LTAG28AVM,蓮ノ空同好会,1006,0,9235,283010,2,1,1,1,1,4,1,4,15
B3XUDAE3D,熊熊,H1LTYMK0B,花帆が可愛いの会,870,2,9236,282830,5,1,1,1,1,2,4,4,19
1R9M3L1RA,kan,0FMM30LCA,無言,454,2,9236,282830,2,4,4,1,1,4,2,1,19
HEAR0EBTY,セラスすきすぎ♥,GG56G6WKD,FF43企鵝冰屋,1132,0,9236,282830,1,1,1,1,1,2,7,7,21
TBA8KKT8U,しえる,KJU0BU77M,無言交流なし,1131,6,9239,282650,1,10,2,5,8,2,6,1,35
3DW216H16,イコちゃん,,,856,0,9240,282560,1,2,1,1,1,1,1,1,9
8Y7BY1WUY,おもち,AE3L01V24,LOVE蓮ノ空,656,0,9241,282470,1,1,1,1,1,2,1,1,9
J25E4ERL1,2jung,AHE0E3JND,ありがと！にひっ,480,0,9242,282290,1,1,2,1,1,2,4,1,13
19J3NKF1N,りよるま,R9T0YKDW8,かちまち応援隊,797,2,9243,282200,2,4,2,4,4,5,4,4,29
CNEB4DJA3,慈、働きなさい,1JB7FM8YY,アラキドン酸Na,734,3,9243,282200,1,1,1,1,1,4,4,1,14
7LE0ZFYAS,のどか,W0L71MBKT,芸楽部,1145,2,9245,282110,4,7,1,4,4,4,5,1,30
U7O6241ZM,わち,B5V2LNN43,WMW,1452,2,9246,282020,1,2,1,1,2,2,1,1,11
JP76D7U1K,nishiyan,8GAY2WBT6,(・8・),492,1,9247,281930,1,2,1,1,1,3,1,2,12
DREWEYE94,くずは,DBHVM0X7P,ガンフィンガー村,1006,2,9247,281930,1,1,1,1,2,5,1,1,13
ML74F9AAR,いちご,Y3A3M2Y4N,サンクルミエール,753,0,9249,281840,2,4,1,1,4,3,5,5,25
K3MLW8XJE,あましょく,N1DJVPGP8,いつでも咲けるよ,1091,11,9250,281750,2,1,1,1,1,2,1,1,10
GJ02FWXCW,タイショウ,HMBW9DXY2,蓮好き皆あつまれ,613,0,9251,281660,1,2,1,1,1,2,1,1,10
5WHVTNGH4,とわ,X0TFG829Y,ボクのおうち,405,2,9252,281570,1,6,1,1,1,3,2,4,19
3CZ74WCPT,プレイヤー,PD80VCP5N,虹ヶ咲学園,1166,12,9252,281570,2,4,1,5,5,5,4,4,30
L04WLT31W,マカロニG,7NTW9458F,料亭さやかほ処,1147,0,9254,281390,1,1,1,1,1,2,1,2,10
UDKA7K659,バチバチカチ町,AGJ215YND,蓮の空中國分校,1133,2,9255,281300,2,5,1,1,5,6,1,4,25
U0160BNXK,横ちゃん,Y7KJ3PM8P,蓮すきすき同好会,316,0,9256,281210,3,4,4,3,1,4,1,5,25
CC34Y8T5U,梨汁,919XF8V2V,蓮之空大三腳,1009,7,9257,281120,1,8,1,1,9,5,2,1,28
U27N10HBM,とうかい,TBX7N9RK5,つよつよなLH,1026,1,9258,281030,1,1,1,1,1,1,1,1,8
C9LL83UWW,ヒロっくす,JA2C658FW,さや綴理の村人,1346,18,9258,281030,3,8,1,4,4,5,5,5,35
2PMW238FR,やまだ,R1RM3X0WV,後方腕組みオタク,1211,2,9260,280940,1,6,1,5,7,6,7,7,40
H494952Y3,ホビロン,T4WY63DB9,ういのま,1162,0,9260,280940,2,6,1,1,4,4,1,5,24
Y8BVIYLUT,七瀬,4J2XA79Y5,浮かれポンチ部,1287,6,9262,280850,4,4,5,4,4,4,4,4,33
CT6A06GX5,Yuki,P4R4EHPK7,南十字星を望む島,986,1,9263,280760,2,6,1,4,5,5,4,4,31
WF3ND8JPU,とーふ,CJ4L9MBRN,とーふの個人用,865,1,9263,280760,2,4,1,4,4,4,1,4,24
XCRBTYZBK,KOS_MOS,38KAJGDGU,異次元シャニP,1388,3,9265,280670,2,6,2,5,4,5,6,7,37
FXC2CWATE,桜乱発,LHXNEF3D5,まるまるサークル,490,0,9266,280580,2,4,2,1,2,2,4,5,22
0H417YY46,Nao,4NFMU2WME,好きだかんな？,558,3,9267,280490,1,4,1,4,1,4,1,1,17
X5LUAMX3Y,和耳識,YPPDCK9Y7,ちょ,1010,3,9268,280400,1,8,1,1,5,5,4,4,29
5R6WT7Y6R,Kisara,T2XRMGEAE,蓮根無言会,978,2,9269,280310,3,2,3,2,2,2,1,1,16
8UJPHW4X4,ふじこ,CDY5ND029,鳥もも塩だれ定食,856,1,9269,280310,1,4,1,1,4,4,1,4,20
KAPH86VFM,いまりん,HMBW9DXY2,蓮好き皆あつまれ,1098,8,9271,280220,1,4,1,4,6,7,4,4,31
AC035TMAA,のりくらおりこ,866DU609J,ラ！スレ@may,991,2,9271,280220,1,1,1,1,1,1,1,1,8
27PBR54AD,ブレイク,,,490,0,9273,280130,2,5,1,1,1,4,1,1,16
BHUA30I9W,ゾンダ,,,547,0,9274,280040,1,4,1,1,4,4,4,4,23
6FAN4ER78,ヅマ,4WKMNMJNB,勉強中,1071,3,9275,279950,1,5,1,4,5,4,4,6,30
5KCBKP907,ダイナマイト四国,YADX9DY49,ﾊｽﾉｿﾗｰ,1009,2,9276,279860,2,5,1,4,5,4,4,4,29
1TBS0IN6P,マジカ,B1KYU3XF8,LG lotus,1312,1,9277,279770,1,1,1,1,1,2,1,5,13
YJ8E9TJ4E,紅蓮の漆黒IV,8YNHW7530,虹ヶ咲、蓮ノ空,681,0,9278,279680,2,4,1,1,4,2,1,1,16
JWJX7X04G,藤島 玻璃乃,8HNWFP5VL,沼,823,0,9279,279590,1,1,1,1,1,2,2,1,10
ER71YPJXY,Hajime,K4LJNWYG5,KNS,1022,1,9280,279500,1,6,1,4,4,5,4,4,29
FJXNK1TFR,KENTAR,VK4MUJ16V,鉄製ダンボール,1011,3,9281,279410,1,7,1,4,6,5,4,4,32
VXETGA1RP,青山メリー氏,27R54NTJ6,♥野中に夢中♥,824,3,9282,279320,1,6,1,1,1,1,1,4,16
60HF6MPEV,Eatfan,26JDLMBLN,徒町は強く生きる,583,2,9283,279230,1,10,1,1,5,3,2,2,25
L871ZIGOX,花宮初奈❤️,4WRYNBWU1,小さな蓮ノ空,991,1,9284,279050,2,1,1,1,1,2,1,1,10
EKVYA2SH9,すのーうぃっしゅ,8UJNTV5BX,のんびりと部,1169,8,9284,279050,1,1,1,1,1,1,1,1,8
T4V1PTC93,白桜(再),96VF52WEJ,空,1133,18,9286,278960,1,7,2,5,5,4,4,4,32
JX22PENHD,Jerry,7X71T9R7J,憩いの場所,156,0,9286,278960,3,1,1,1,1,2,1,1,11
76X87PRTU,ぬーさん,,,1054,12,9288,278870,4,4,5,1,1,3,4,4,26
U5Y0BVC1T,弓道,VLY5JDKCV,新規なのだけれど,983,8,9289,278780,3,5,1,5,5,6,4,5,34
020JT31M0,準にゃんは正義,,,258,0,9290,278690,3,5,2,3,3,1,1,1,19
6J6POJDVB,ぽっぽ,JPNNY7W5F,ログイン勢,893,3,9291,278600,1,1,1,4,2,1,2,1,13
JRMR2NHO4,Remu,BYA3FA0X8,無言ぼっち同好会,988,12,9292,278510,3,4,1,1,5,5,1,1,21
BC3S9MXLE,かつ,TK9E1BB1P,無言で自由,1092,6,9293,278420,1,2,1,1,5,2,1,5,18
RHRYOUYPM,Y@S,YAY2UK2CT,蓮の空研究部,1102,1,9294,278330,1,1,1,4,1,2,4,1,15
CVL9D6R3U,neko24,407VAU0TT,ログボ勢の集い,1026,4,9295,278240,3,5,2,5,6,4,6,4,35
EMBL9NWWF,ふる,0JY7F3EKU,さやか愛でる会,794,1,9296,278150,3,2,1,6,1,8,1,1,23
2WYP7UA7D,りんご,,,212,0,9297,278060,2,1,2,1,2,1,1,1,11
AMDMMF7KY,我道走,X7XHWE03H,石川県不審者情報,970,6,9298,277970,4,5,1,4,4,4,4,4,30
TUCW7U82W,ヒロ,,,601,0,9299,277880,1,1,2,1,1,5,4,1,16
231U4VT6U,Helao,7KLYLRUDK,蓮ノ空水族館,559,0,9300,277790,2,1,1,1,1,1,1,1,9
PJTWF39OC,レドラ,A3472CNJE,ハントン✿ライス,1268,4,9300,277790,2,7,1,4,4,5,4,4,31
8JI8D38QS,みせかけびびり,,,981,1,9302,277700,2,4,1,5,4,1,1,6,24
EX9LPG57P,月詠ルナ,E1HVJ71JR,ご自由にどうぞ,215,0,9303,277610,2,1,3,1,1,2,1,1,12
785F7PI4T,レイジ,M73M4R63K,壁の向こう見隊,1057,0,9304,277430,2,1,1,1,1,1,1,1,9
J6YX5L66N,ミミック,E5JKTW00K,蓮ノ空まったり部,347,0,9305,277340,1,4,1,4,4,4,4,5,27
9WRC91ZJF,けーじ,G2BWENR1C,せーはす応援団,1147,2,9306,277160,1,1,1,1,4,2,4,4,18
HGU610ZVH,とぱぞふぃ,3LPBPHL3V,壁の民の伝説,1028,1,9306,277160,1,4,1,4,4,4,4,4,26
701KY8A5F,Lily,C68491XHB,みらくらぽーく！,792,2,9308,277070,1,4,1,1,4,5,1,5,22
507PRNB8M,とっき,R1RM3X0WV,後方腕組みオタク,1097,1,9309,276980,3,8,1,4,9,7,2,7,41
X1BKFAX15,ユリカ,07JW71HWG,良いチケで観よう,627,2,9309,276980,2,1,1,1,1,2,1,1,10
3FPY8U70L,こずにゃん,V8XX999F6,卍蓮村幼稚園卍,1037,12,9311,276890,1,4,1,1,5,5,7,5,29
RJ9AV0G8Y,シン91,8MTLYLH9F,木星月華黄金宮,472,0,9312,276800,1,1,1,2,1,2,1,1,10
FHX56MG29,桂馬,AA74NLRYD,蓮ノ空高等科,279,0,9313,276620,1,1,1,1,3,2,1,1,11
LXRG7EBUD,ノーン,,,862,2,9313,276620,1,1,1,1,3,1,1,1,10
4V01Y2T6V,まさ,G0WRCNRWK,県立沢庵図書館,1024,1,9315,276530,2,1,1,1,1,2,1,1,10
PFFGGH7CP,はまなす,M8FM7P139,蓮ノ空ひとり旅部,1042,1,9316,276260,1,4,1,1,4,4,1,4,20
MGE2G97R8,miotty,WLBYGHXPD,大天使村野さやか,402,0,9317,276170,4,2,1,1,4,4,1,1,18
FHWIHPX77,p,F0292W7TD,ぬぬぬ,916,1,9318,276080,1,4,1,4,5,7,5,1,28
G7TU6BACU,おきと,10BJCMEBH,柳田組,561,0,9319,275900,1,4,1,5,4,1,1,5,22
0S5CYTBSO,三蔵,TKVR3KU7L,ネギトロTKG,1149,3,9319,275900,2,4,1,5,4,4,4,4,28
QN0VROOIL,ヨッシー,Y6JNPC60C,綴理メイト,1084,0,9321,275810,2,2,1,5,5,7,1,1,24
XX5N9V2PC,ナナツ,DKNHY5HH6,なす料理研究会,1200,13,9322,275720,3,7,2,1,4,4,9,8,38
X6NC3E46Y,ガストン,9C0KWR782,まったリンクラ,423,0,9323,275630,1,1,1,1,1,1,1,1,8
8TTDXFM38,手箱,XE8513HNP,喫茶カワウ空✨,775,0,9324,275540,1,1,1,1,1,2,1,1,9
JF3MBVULK,Sonnette,,,368,0,9325,275450,1,1,1,1,1,1,1,2,9
HCQ12VAAM,ボクの赤,KA3D805XV,綴理の寝顔守り隊,1136,14,9326,275270,1,5,1,4,4,6,4,4,29
YE0B0XUE5,アヒ,L6MF2MPBN,みらくらぱーく党,542,2,9327,275180,1,1,1,5,5,8,1,1,23
JGDJBL79N,ろこ,998H940YN,お嬢様筋トレ部,1330,10,9328,275000,2,1,1,1,1,2,1,1,10
WBCF3BX5P,冬,E8K438RP1,リンクラ初心者部,803,1,9329,274910,2,8,1,1,2,8,1,1,24
86W0FCPUH,月うさぎ,7MPNTWKTN,Dreamers,968,6,9329,274910,1,6,2,4,4,5,4,4,30
1GUN30LEZ,四十肩の狸,DYA2LK0KK,ろーたすぺたる,1030,2,9331,274730,4,8,4,3,3,4,3,4,33
1N443KGL9,武蔵恵,BEMED3RY1,無言無課金ok,301,0,9332,274640,4,1,1,1,3,4,2,2,18
JXWFD0Z1N,えあ,DPTR37YVB,とりあえず参加用,558,0,9332,274640,2,1,1,1,1,1,1,5,13
KA8YECFNV,くろぶち,AH27N260E,百生信託銀行,1060,1,9334,274550,1,8,8,7,6,5,2,4,41
MWRK6UWD6,リーす,7NJM1VURM,らんるん部。,412,0,9334,274550,2,1,3,1,1,2,1,1,12
VBMJ2YA4G,前ちゃん,CY3GGDH7H,㍿キモ・オタク,343,0,9336,274460,1,2,1,1,4,2,2,1,14
G9MK7AB0M,ますきち,M851LEV3N,なっす父兄,1189,6,9337,274370,1,4,1,1,5,2,5,5,24
20A5JONMJ,かっつ,N34LHVJKN,のんびり堂,1113,12,9338,274280,4,5,2,4,4,6,4,4,33
K87HLW5DT,蓮きり,5W8RPRVUA,ド！ド！泥！,1069,10,9339,274190,1,1,1,1,1,2,1,1,9
EYRJEL1QU,寝坊助ぼうず,8FR866PRY,蓮っ子みらくラブ,1367,4,9340,274010,1,4,1,1,4,2,7,7,27
8VP1X89DE,JIN,2CRT48K9F,百万アンペア,344,0,9340,274010,3,5,2,4,4,3,4,5,30
8YU9L30JC,にじの,1DU9LCND7,蓮ノ空すこやか部,1194,16,9342,273920,2,1,1,1,1,2,1,1,10
BMNRNIOU3,ノーラ,J0N1E3Y09,月火水木金土日,1382,13,9343,273830,1,5,1,4,5,4,4,5,29
PTUGKYDVC,ぴらりん,,,470,0,9344,273650,1,5,2,4,5,4,4,5,30
SJF2YS4CU,ましろうどん,UX96YX4T1,『位置について』,1243,2,9345,273560,3,7,1,4,4,5,4,6,34
JLZY40G00,MIYEON,YAY2UK2CT,蓮の空研究部,814,2,9346,273470,1,1,1,1,2,2,1,4,13
GXJWXWDT6,ちひろ,K8C99H42D,ルリと喜ド！愛楽,1151,3,9347,273380,2,1,1,4,1,2,4,1,16
K7ILFKL1U,すぎのき,VXDPPJJL1,蓮ノ空リボ課金部,1010,2,9347,273380,2,4,1,4,5,4,5,4,29
GJGTYHBKY,note,Y8FGTTXCY,ドーナツサークル,850,2,9347,273380,6,8,5,6,4,4,5,2,40
A7WPR7RBT,猪口坊,828YTYAA9,箱推し社畜の部屋,801,0,9350,273290,2,8,2,1,7,4,2,5,31
PW0TLN1LK,まくのうち,J5CKL5YPX,ログイン勢かもん,789,2,9351,273200,2,10,1,2,1,6,1,1,24
TEB1TEEWW,すきすきさん,YMKU30246,参加賞がほしい,275,1,9352,273110,2,2,1,1,1,2,1,1,11
Y111EK3MP,青春の輪郭,W3YKKRWHG,ルリと愉快な一家,1299,17,9353,273020,1,4,1,4,7,5,4,5,31
W9MUZG7U3,ゆず,TD87P23DJ,黄昏の旅団,1010,0,9354,272930,1,7,3,2,5,4,4,7,33
FVT40NE5X,みやび,6HV2RH6TU,イベント用、無言,696,1,9355,272840,1,1,1,1,1,2,1,1,9
WDGM3BDV0,フリード,2DYYAPFVN,蓮っ子村,757,1,9356,272750,2,9,1,1,1,3,1,2,20
NYPA8LSH7,すず,9U8KNU6U9,対抗戦用,771,2,9356,272750,1,1,1,1,1,4,1,1,11
ADBABX82F,あばぼ,MCFN901TJ,ワノ国天祥,721,0,9358,272660,1,9,2,1,1,2,1,5,22
RGT5PH9MW,みんみん,9FF5JBNDF,めぐすきクラブ,1370,16,9359,272570,1,1,2,1,3,3,1,1,13
IXPTJR36U,na1195,NMGYE73JP,0,807,1,9360,272480,1,3,1,1,2,1,1,1,11
KVBNC55K2,ねむい,,,409,0,9361,272390,2,4,1,4,1,4,1,8,25
VXEERKO13,ライ,59AK7LJ7A,とりあえず,1282,3,9362,272300,2,1,1,7,7,2,1,7,28
0DG72F1NG,Cry_1000,AWFDLJ1HC,小蓮花（重生版x,846,2,9363,272210,1,1,1,4,4,4,1,4,20
FB5KYTLFT,すばるん,UPNXW2A69,ライグラ報酬集め,932,2,9364,272120,2,5,1,5,5,4,4,5,31
YV93KC93E,ノラ,6EAX4H2UK,Ssss,804,0,9365,271940,1,5,1,5,5,4,5,5,31
ZI7X9UUUP,nao,HBD61R6WC,梢先輩すきすき部,1048,6,9365,271940,1,6,1,4,4,4,1,1,22
18YG27758,みずき,MG1G6F487,蓮ノ空無微課金部,828,0,9367,271760,1,6,3,4,4,3,4,1,26
JBPPNN17U,慈花帆四季メイ,,,254,0,9368,271670,1,4,3,6,7,4,2,5,32
E8IU6AVPN,Teriteri,NB0HX9KP8,かほてぃあん,1063,6,9369,271580,1,1,2,1,1,2,2,1,11
ADHJ2JLX4,けい,7MPNTWKTN,Dreamers,396,0,9370,271490,2,2,2,1,5,2,6,1,21
XP18HGB9K,こち,A86FEX2JC,おやさいさん,937,8,9370,271490,2,5,1,6,8,7,1,4,34
U8NY3O5FE,ぞん,5W8RPRVUA,ド！ド！泥！,751,4,9372,271400,2,1,4,2,1,2,1,1,14
CHQABHIJ0,ライデン,KHAKJKC0A,のんびりまったり,735,0,9373,271310,1,1,1,1,1,1,1,1,8
0TU8HEH0J,さかえ,T0XP8PFYU,兼六園と私,804,0,9374,271220,2,2,1,1,1,2,1,1,11
LTWJYLJ1W,きんつば,X7YM9EG8K,伝統の石川地酒,370,0,9375,271130,1,10,1,1,7,10,1,2,33
SCY073YML,さと,BT22M41DV,梢花帆吟子同好会,1035,2,9376,271040,1,4,1,1,4,4,4,4,23
U7VY84XR0,ひろりん。,9EYH317R8,イカトンブライ部,737,2,9376,271040,1,1,1,1,4,2,1,7,18
RWAHK9WAN,くろ,,,769,2,9378,270950,4,5,1,4,4,4,4,4,30
7T7TKW02T,ゾーフィ,7DRAN8UAK,光の星,1072,0,9379,270860,1,4,1,5,4,4,4,4,27
MLD1BY20A,Treadle,PXDL7Y3VM,ビギナーズ改,337,1,9380,270770,1,1,1,1,1,5,1,1,12
QWE1JXJR9,もりも,DFXN9DB2H,どんぐり共和国,1348,0,9380,270770,1,5,2,1,5,6,1,5,26
E70LMMDXC,晓来雨过,BCXK12M1U,awa,719,3,9382,270680,1,5,2,9,1,4,1,1,24
6YJ4C80GL,彩,73VTANA71,隨緣努力^▽^,237,0,9383,270590,4,4,1,1,1,3,1,1,16
BXRGVZPSR,くーちゃん,R8XF6Y813,Real.,641,0,9384,270500,2,1,1,1,1,1,1,1,9
CEO6XT1Y3,デレド,9RYR14H9L,ソロマターリ,206,0,9384,270500,2,1,1,1,1,2,1,1,10
95KRJK57Y,丸山権斬麗頭,3194B9E93,初心者寄り合い所,312,0,9386,270320,2,1,1,3,1,2,1,1,12
RP6PMU8TF,ちせ。,9P9EPKFHE,無言参加OK,306,0,9387,270230,3,2,1,1,1,2,1,1,12
27XHCEVK6,ぬめ,G6EH0KHT7,なんもわからん,831,2,9387,270230,4,3,3,3,3,6,1,5,28
1K2DH8R9N,ヤラ,T4WY63DB9,ういのま,682,2,9389,269960,1,1,1,1,3,2,1,1,11
24NZAIJGF,花帆の大フラワー,0XUV5025C,めぐめぐバブり隊,1169,12,9390,269870,8,4,2,4,4,5,4,4,35
E6EVAGRCT,ぐるっぽ,J5CKL5YPX,ログイン勢かもん,422,0,9391,269690,2,1,1,1,1,2,1,1,10
TXY6EY38G,おけけ,TTW02P5K1,はすのこ,1003,2,9392,269600,1,3,1,1,1,5,1,6,19
VPBF119CL,ヨウ,PGL1FKH6H,サニールネス,427,0,9392,269600,1,6,1,4,4,4,4,4,28
KYAPT62AM,Gano,AVY8PECF0,初心者の集い,604,0,9392,269600,7,7,5,2,4,6,1,7,39
AVHCRJNN6,なお,LX25CP0TG,深夜の芋煮処,1058,0,9395,269510,1,5,1,4,4,6,4,4,29
21900CHMX,isao,639NXLKJ5,Lotusky,871,0,9396,269420,4,4,1,4,1,5,4,4,27
SBZ6IOK5E,nagisuke,PD80VCP5N,虹ヶ咲学園,908,2,9397,269330,2,5,1,1,2,3,1,4,19
HI2R0WECO,りぐとね,YPF6CNM5G,孤軍奮闘,760,1,9397,269330,1,5,1,1,1,1,1,5,16
K3NTGG30L,ぷ〜ちゃん,E050K9859,蓮党,739,2,9399,269240,3,5,1,4,6,2,7,1,29
AW1YKJ8HD,泥田坊,U57VPUTEE,ゆったりクラブ,1619,11,9400,269150,1,7,2,5,7,6,6,7,41
TTA5TBLAT,いたしゃん,YDYH4VRRP,レンクウ,1289,8,9401,269060,6,8,4,4,6,4,4,6,42
PRZCUX3GF,たこ,XJHATLDVB,さやかほ観測所,1240,4,9402,268970,1,5,1,4,4,4,1,4,24
3J9H8VGJA,Reo,HJ2UUBCPB,English!,958,2,9403,268880,1,4,2,5,4,1,4,1,22
CG2A21NE6,ゆぐ,,,1128,8,9404,268790,1,3,1,1,3,1,2,1,13
CR3LMVT1M,ユウ,8AT7V1C7L,初心者です,197,0,9405,268700,1,1,1,1,1,3,1,1,10
8YVLR2CD2,ああああ,Y7KJ3PM8P,蓮すきすき同好会,832,0,9406,268610,1,1,1,1,2,3,1,2,12
7U8JXAW1J,饶舒铭,TK9E1BB1P,無言で自由,826,0,9407,268430,2,4,1,4,3,6,4,5,29
D1V5A6KNM,ゆい,FR5PDRB5Y,株式会社つづさや,582,2,9408,268340,2,9,1,1,1,9,1,1,25
8CEU9NFR5,ライブメーカー,,,343,0,9408,268340,1,3,1,1,4,1,1,1,13
G3AR2GP4P,ひさみ,HDD9DJVTB,Lotusky,588,0,9410,268250,1,1,1,1,1,2,4,1,12
D066M2TMI,はちみっつ,0CBM28JP6,ほうき星,989,5,9411,268160,1,3,1,1,7,2,1,1,17
98NR8D77N,P,0CEA9XFKR,蓮ノ空の泥人会,830,0,9412,268070,2,1,1,1,1,2,5,5,18
UBPAKWUR9,蓮の大三角,8YNHW7530,虹ヶ咲、蓮ノ空,971,10,9413,267980,3,4,1,4,4,4,1,4,25
YUB3EPGGE,HiRo,0CCFXC2HF,Ricebird,1018,2,9414,267890,1,4,1,1,4,1,1,1,14
J7GB8B8B8,ほうじちゃ,RWDWD9PP6,乙宗家の屋敷妖精,384,1,9415,267800,1,10,3,1,4,4,2,1,26
Y75QWQX7T,亀行道,6TH8LRKE5,休日∞休日,1032,3,9416,267710,3,3,1,1,4,1,1,2,16
5B03KA2DJ,芋ようかんバナナ,TGF0507VK,芋煮,700,4,9416,267710,2,1,1,7,4,4,2,1,22
1F56LUFLG,フリーダム,AXG81GPMP,蓮ノ空マタギ部,935,1,9418,267620,2,4,1,1,4,4,1,4,21
CLCRJKFWU,ちはや,YMKU30246,参加賞がほしい,326,0,9419,267530,3,1,1,1,3,4,1,1,15
YG9TWEADH,ハチのすけ,VNEJ2RNW0,まったりんくら,586,0,9419,267530,7,7,7,4,5,7,4,3,44
DM9TCXT46,たる,XHJLF3R8H,ゆったりプレイ,281,0,9421,267440,1,4,1,1,4,2,1,4,18
7JKG16AYP,きるみけ,LETV4C1KG,無言の行,651,1,9422,267350,2,1,1,1,1,6,1,1,14
G2PHMBV2T,house,MKABETXAV,月月火水木金金,1122,3,9423,267260,1,7,2,4,4,4,4,4,30
YJVWTXX73,めう,XR2P2LDY3,蓮ノ空さいきょー,997,4,9423,267260,1,4,1,1,1,7,5,2,22
G0KPGLRJ3,ありす,NCX28D4VB,Lyric,1069,0,9425,267170,1,1,1,4,1,4,4,4,20
D50CWH5EW,マサ,Y4G0KF6NB,無言でやる会,1315,20,9426,267080,3,6,1,5,7,3,5,7,37
AU66JC737,綺人,,,863,1,9426,267080,1,5,3,4,4,4,5,4,30
D285UF3FW,さやどらごん,4FR887RVF,わたし魚,1020,4,9428,266990,1,6,1,1,1,2,4,1,17
D0WXN0DMJ,時雨,E12PR824F,ゆるっと蓮ノ空,1188,7,9429,266900,1,4,1,4,4,5,4,4,27
364UMT904,湯雲,BTVC9G95X,FES用,844,2,9430,266810,1,1,2,1,1,2,1,1,10
WVAFFD0YH,ま,R7VEXFUBP,蓮ノ空応援クラブ,961,0,9431,266720,1,1,1,4,5,6,4,4,26
UM63YDAJ8,レイナ,J80MEYHBC,Nymphaea,402,0,9432,266630,2,6,1,1,1,5,1,1,18
60IX3CUI6,Todo,X4G2LXJB4,運命の人5万人,857,0,9433,266540,2,4,1,4,4,4,4,5,28
Y78W6PN5S,アグネスデジタル,1T9GDPUMV,雰囲気プレイ部,1188,0,9434,266450,2,4,1,4,4,5,4,4,28
KSNKVYXOA,remocha,3FF3NB77X,せーはす愛好会,1182,9,9434,266450,1,2,1,4,1,6,4,4,23
M4A5GMSE9,ひな,MG1G6F487,蓮ノ空無微課金部,1053,2,9436,266360,1,3,1,3,6,3,5,5,27
HMPVLCCMQ,かなたゆむ,GYEJHDWC2,すいみん部,1164,8,9436,266360,1,5,1,4,5,4,5,5,30
J92UYDY0P,流星,M851LEV3N,なっす父兄,981,4,9438,266270,2,1,1,1,1,2,5,5,18
Y0OP8D9Y4,グッチ,8M2MFU9U0,リンクライブ,1179,14,9439,266180,1,6,1,4,5,5,4,4,30
GBACJWNNU,ロカ,H8YDTAK4V,ららら,932,1,9440,266090,1,1,1,1,1,1,1,1,8
WNRXHRAIB,ろーたりー,,,1092,8,9441,266000,1,5,1,4,4,5,4,4,28
YTA0K5987,リゼ,PWK02KG0F,メメントの森公園,949,1,9442,265820,2,1,1,7,1,2,1,7,22
UJHCCKDM3,バーネット,K5TN1RT6D,キンカンナマナマ,477,0,9442,265820,2,5,1,4,4,4,4,4,28
VK7WR8212,い,,,200,0,9444,265730,4,4,4,3,6,5,1,1,28
PHA11LU4R,SHIDA,HMBW9DXY2,蓮好き皆あつまれ,1235,14,9444,265730,1,5,2,4,6,6,6,5,35
M2AGYMJFB,雨若星繁,E76N52LMW,イベントのみ,186,0,9446,265640,3,2,2,4,1,3,1,4,20
VH3VGTJXP,ごるすら,R3UE4PGCE,うさぎ小屋,805,0,9447,265550,1,1,1,1,1,1,1,1,8
A99H5AH6U,菊川仁義,REUA4H17B,LLLLBR,343,0,9448,265370,3,2,1,1,1,2,2,5,17
PM0JX5CMN,KIRA,YMKU30246,参加賞がほしい,360,1,9449,265280,4,5,2,1,1,5,1,1,20
77U3C0APH,大沢英明,3RH5MYBXV,こずめぐ党,1129,8,9450,265190,2,7,1,6,4,5,4,5,34
0JIPHFXEG,君たちに幸あれ,,,651,1,9451,265100,1,1,1,1,5,3,2,9,23
VUXVDZICT,571,919XF8V2V,蓮之空大三腳,1275,13,9452,264920,1,7,1,1,7,2,1,7,27
BI9B6XNSH,ジャビさん,XYRA2MND0,蓮ノ空ゆっくり,452,0,9453,264830,5,7,1,5,4,6,4,4,36
Y6W7VCNMW,まめ,RNJ306W6N,日曜日よりの使者,1189,0,9453,264830,1,1,1,1,2,2,2,1,11
1I7MB8I5C,べんべん,9JTF508LB,スクスタ亡霊部,919,2,9455,264740,1,5,1,4,4,4,4,4,27
0TR0VKMFC,藤野深月,A8BJ5V3ET,はすのそら,927,0,9456,264650,1,8,1,4,5,2,4,1,26
BD3E5IL02,がんばらない,6FWRD1K40,いちじょ海賊団,1126,1,9457,264560,1,5,1,4,4,4,4,5,28
PE2K0ELPU,つぐオジ,MYTCXJ12B,つーりすと@蓮部,421,0,9457,264560,4,1,3,1,1,3,1,1,15
F4MN4XA51,丑,,,493,0,9457,264560,3,4,1,1,1,1,1,1,13
92Z0KB6B8,ペイシュン,,,1103,3,9460,264470,2,4,1,4,4,2,5,4,26
NWWUBUW9T,Dell(でる),H0DV3JJGA,かほさやてぇてぇ,1188,20,9461,264380,1,8,1,4,6,5,4,5,34
3NJE9DW7J,IMU,GK7JNB0NW,参加賞取り隊,1392,3,9462,264290,5,5,5,5,5,5,5,5,40
8RU3L0EJ8,翡翠,,,531,0,9463,264110,2,7,2,4,4,4,4,5,32
CSNX18JMU,セルジオ,NK05UMLWW,かけ込み寺クラブ,899,0,9464,264020,1,4,2,4,4,4,4,4,27
G1DXBJUDM,おおあらい,0PFGRW8W0,ごはん処,297,0,9465,263930,2,2,2,1,2,2,1,1,13
J93C8Y37H,かなりあ,XTMGPY62U,スクステ初心者,1107,10,9466,263840,2,1,3,1,4,4,2,2,19
CHGA53CNN,X,976BY5JWK,ハルカカナタ,771,0,9467,263750,4,4,1,4,5,4,4,4,30
XY886KL2P,谷々,HXVYGL96H,初々しい対抗戦,1119,14,9468,263660,4,5,1,1,4,4,7,7,33
OVHHRZW3X,まぐろ,3FX6FXA5T,さかばんばすぴす,978,4,9468,263660,1,1,1,1,1,1,1,1,8
BHGARRVHY,よた,FHN78V2DJ,無言でどうぞ,201,0,9470,263570,4,5,3,2,3,4,1,1,23
6HN2HMJJG,durian,Y6MRDTH4H,283プロ,312,1,9471,263480,2,6,3,1,7,2,1,1,23
M1VLRX4PE,とつ,57UT319NN,蓮ノ空同好会,825,1,9472,263390,1,6,1,4,4,6,4,5,31
T6E030Y43,unfini,LTAG28AVM,蓮ノ空同好会,1159,0,9473,263300,3,4,2,2,1,5,2,5,24
TBJBAPHB2,ゆちは,T2XRMGEAE,蓮根無言会,809,0,9473,263300,1,1,1,1,1,1,1,1,8
DFX7PHKYP,MM,9YG7C0VM7,綴理と無言で昼寝,1547,20,9475,263210,7,7,7,6,8,7,7,7,56
6WGWBH3B2,コンパクトD,NGMU0511T,無言のお茶会,917,1,9476,263120,4,6,2,1,4,5,1,4,27
JNY008SVV,Telegnos,9RYR14H9L,ソロマターリ,1206,3,9476,263120,2,4,3,1,4,6,4,4,28
9S6PEIF7L,シュウ,T0FBA8EWA,のんびり,888,6,9478,263030,1,4,1,1,1,6,2,5,21
5E8DWPHF2,ナーシ,UCWKRB3WR,菅沼千紗が大好き,607,0,9479,262940,2,2,2,1,1,2,5,6,21
VBHW5331N,しょうんぬす,,,150,0,9480,262850,2,1,1,3,1,1,1,1,11
3CGNGJL83,キツトウ,AVY8PECF0,初心者の集い,87,0,9481,262760,8,6,6,3,6,4,4,1,38
0VUKN5WVR,アカリ,9X07VGM42,近江町食べ歩き隊,260,0,9482,262670,2,1,1,1,1,2,1,1,10
TPNLY36BX,7Stars,CT8XW752X,蓮ノ空写真部,1238,6,9482,262670,1,6,1,2,4,2,4,9,29
K67UCL6TM,りっしゅ,0CEA9XFKR,蓮ノ空の泥人会,990,0,9484,262490,2,5,1,4,4,4,4,4,28
3NI8NK9IH,ユーディーン,68JHFM1EM,Spiw,418,2,9485,262400,1,1,1,3,1,3,2,1,13
HFAB44F9D,kei,FG4170141,♪さやか愛好会♪,716,2,9486,262310,4,1,2,1,1,4,1,1,15
WIGOVZAVL,握り飯,Y2HV0YEF7,蓮ノ空を応援し隊,1196,1,9487,262220,1,2,1,1,2,4,2,6,19
BG39OTYMA,アリス,57HNJ07NK,みらぱ推活最前列,1193,12,9488,262130,2,4,1,4,4,4,4,5,28
B01W37CLA,にーくら,VG7BHFKDT,のんびり日記,321,0,9489,262040,1,1,1,1,1,1,1,1,8
C9OCIE2KQ,北落師門,CP3KWKH07,まったり社会人部,1319,6,9490,261860,1,6,1,4,5,6,6,7,36
K0Y1UHDT9,りんりん,,,285,0,9491,261770,2,3,1,2,1,1,1,1,12
4TQFVZC95,ほげ,CM5THHYHB,「」ノ空だけれど,1224,2,9492,261680,1,4,1,1,5,2,1,1,16
UNJMX2FV5,てるお,N2KCENRKH,猫＆旅大好き部,1220,3,9493,261590,2,4,2,4,5,4,5,5,31
J11HPF5GW,motty,CY5794BMR,ボクの赤と緑,414,0,9494,261410,1,1,1,1,1,1,1,1,8
CECR0RPJE,GP−STOIC,RKT7BC4F6,人形浄瑠璃乃,182,0,9494,261410,3,5,3,1,3,4,2,1,22
M70CB9D3P,うりたん♪,XRC45XLGF,みらぱー！応援隊,939,7,9496,261320,1,5,1,4,4,4,1,1,21
K15LA0WMM,タカ,F7Y0XP6VY,梢先輩大好き軍,954,2,9496,261320,2,4,2,1,4,2,1,2,18
H6CBLNFUT,もちヲ,0B8RTHY4D,のんびり屋さん,905,0,9498,261230,3,4,1,4,4,4,4,4,28
UJ81LH3GF,ちは,LC2RN5R2U,いずみんの泉,429,0,9499,261140,3,1,2,1,1,3,1,1,13
SUO4QY7UX,わい,VD7N7A4WH,氷青色,857,0,9500,261050,1,1,1,1,1,4,1,2,12
H2N7VRGK0,ビタミンカ,4XVD1CXVM,KIT,219,0,9500,261050,2,4,1,4,7,3,4,7,32
6TFB6UFTC,もっかん,,,207,0,9502,260960,4,3,1,1,2,1,2,1,15
J8C67GL82,准夏,,,863,0,9503,260870,1,5,1,4,5,4,4,4,28
B0SCBKFZ3,ラーユ,WAT20PN3Y,こな党,1266,1,9504,260780,1,4,1,4,4,4,4,5,27
EH4I7HBSK,羽田共,FYX2G9RLP,ナナシ,1299,2,9504,260780,1,6,1,4,5,4,4,5,30
1HO924SJF,ゆっち改,N45AC292K,蓮ノ空帰宅部,1155,3,9506,260690,1,4,1,4,4,4,4,5,27
K8QFIVZDL,bot,T8X0G07YB,なければ立てる！,1597,4,9507,260600,1,2,1,1,1,2,1,1,10
F30WG09WE,しのぶ,HWMV33W7Y,フラワー泥民館,1362,3,9508,260510,1,5,1,1,2,2,1,5,18
43CBCTC64,あめねぶ,C021HVB2B,第3芸能科,203,0,9509,260420,2,7,3,4,4,8,1,1,30
RH00RV4RC,夕霧綴理のねこ,WBXF9XXW7,さやつづ愛でる会,494,2,9509,260420,2,2,1,3,5,4,1,1,19
JX6VY1TW7,moca,DKPMRA0TA,蓮ノ空奉仕部,641,0,9511,260330,2,4,1,1,1,4,1,3,17
D0XMY9EW7,ハララ,ATB27G5P2,おこめ茶寮,1341,5,9512,260240,4,4,4,4,6,5,7,7,41
1XAB95JI8,てっちーんっ！,GMYGNRHPJ,のんびりん,1048,1,9513,260150,2,4,1,3,4,4,4,4,26
V6YFNHCQ2,くらげひらひら,4NJ2RTCVN,さや単独応援,1110,2,9513,260150,1,7,1,5,6,4,2,4,30
19TXZF15B,ガンガンガン速,ATB27G5P2,おこめ茶寮,1041,2,9515,260060,3,5,1,4,4,5,4,4,30
90AB8XN31,ゆう,6JFCA000E,ひとりぼっち,283,0,9516,259970,1,1,1,1,1,1,1,1,8
UF5EGD2RT,饶舒铭,JA2C658FW,さや綴理の村人,822,2,9517,259880,3,4,1,5,2,4,4,1,24
F34MLY33D,店主,3A63DYH54,LLすこすこ部,592,0,9518,259790,2,4,1,4,1,2,4,1,19
RJN92VRYY,TaKe,UMG1B9C7V,蓮ノ空女学院,1311,19,9519,259700,1,5,3,1,2,6,1,5,24
W7C91TALK,やまさん,9E910GGD2,蓮ノ空給湯室,481,0,9520,259610,1,1,1,4,1,4,1,1,14
VKQDTH6VH,エクレア,YWY6C7K6H,蓮ノ空,1017,2,9521,259520,2,5,1,4,4,4,4,4,28
LSQBX62I2,へもんじ,58FD7UF8J,としとしサークル,1093,2,9521,259520,1,4,1,4,4,4,4,4,26
7TK41HP2V,藤霧梢,8YNHW7530,虹ヶ咲、蓮ノ空,695,0,9523,259430,2,4,2,1,1,4,1,1,16
YDBU7DW39,ノダ,HBCC35887,そりゃー!!!,687,1,9524,259340,2,4,1,1,8,3,1,7,27
WTRF53ABN,だーくちぇりー,XEENRBXCG,蓮ノ空休日クラブ,598,0,9525,259250,1,6,1,4,4,2,4,7,29
0D07C73S0,もりりん,,,756,0,9526,259160,2,4,1,4,4,4,4,4,27
G5YG5VD2Q,あばろん,N34LHVJKN,のんびり堂,1055,1,9527,259070,2,1,1,4,1,2,4,5,20
KO0N2QJZK,ななこ,CM5THHYHB,「」ノ空だけれど,1335,5,9528,258980,1,4,1,4,1,2,5,1,19
8MMNBY3LD,桜咲ひなこ,XL1M7KUPL,始めたばかりです,373,1,9529,258890,3,9,2,3,3,1,2,1,24
HMNH9GM2F,440,EKACCPWWB,タフノ空学院,963,3,9529,258890,2,1,1,1,1,7,5,4,22
49E5YHU1X,ドミトリ,F539KNLMW,謎部,735,0,9531,258800,2,8,1,1,4,4,4,4,28
5DVDF9KU3,サンちゃん好き,,,918,2,9532,258710,3,1,2,1,3,4,2,4,20
8Y4H6X2RW,あうん,95YCCGJJG,あまね部蓮同好会,496,0,9532,258710,3,8,1,4,4,6,4,4,34
1WMG95MCX,HITO,A9MA307FX,楽しいが一番,456,0,9534,258620,2,1,1,4,1,4,4,1,18
MP3V2WDWN,蝶屋,NC2YT2V28,蓮之愛同予者何人,1276,1,9535,258530,1,1,1,1,4,2,4,4,18
OZB5WSHNL,ikya,8P39YRA1L,慈と愉快な仲間達,1139,1,9536,258440,2,4,3,1,1,5,1,5,22
42BSR7A3T,chantake,XR2P2LDY3,蓮ノ空さいきょー,1085,4,9537,258260,1,5,1,4,2,4,4,4,25
R6C237UDU,トモコ,R083H7WRN,サークル無言,899,4,9537,258260,2,4,1,4,8,4,6,4,33
H5CUXJD1Y,くつひも,U1X8XUL9G,イベント用？,1228,3,9539,258170,1,7,1,4,5,5,4,5,32
A5YF4XRBJ,いろは,F08AHUJJ0,綴理のお世話係,1041,13,9540,258080,4,5,1,4,4,4,4,4,30
MW3FYL3OF,ニーケ,D0DP90JK1,のんびり,1080,0,9540,258080,4,4,2,4,4,4,4,4,30
6UF7V3MTG,たぬこ,T48KV9EP2,無言ぱーく,321,0,9542,257990,1,1,1,4,5,4,4,4,24
YDKY8ELMP,あんこ,2B97MH4YA,同じ話し何回も…,506,2,9543,257900,3,1,1,1,1,4,1,1,13
MX5GVNL7Y,あんず,,,215,0,9544,257810,1,4,1,4,4,4,4,4,26
64CAYW7W9,しぃ,,,348,0,9545,257720,1,1,1,1,1,1,1,1,8
LMQZEWSC7,ミカヤ,L6MF2MPBN,みらくらぱーく党,1227,7,9546,257630,2,4,1,4,5,6,5,6,33
ARH598RWP,p珍,FE282F3VH,天悶部,912,1,9546,257630,1,1,1,5,1,6,4,5,24
7UNM67WEC,Rangel M,58DP0FJPM,右も左もわからん,324,0,9548,257540,4,10,1,1,5,3,2,9,35
U5RY738R6,むみぃ,407VAU0TT,ログボ勢の集い,991,1,9549,257360,1,4,1,4,6,4,6,5,31
5MNWNG8HX,タルンダ,,,698,0,9550,257270,1,7,2,5,1,5,1,1,23
3WAXG9KNG,高海,UX96YX4T1,『位置について』,858,2,9551,257180,1,1,1,1,1,2,1,1,9
L9MK5V26V,ほた,GN9EEL045,きらくに,642,2,9552,257090,3,9,2,1,5,2,2,1,25
GR4WTB6HK,ブロリー,0XUV5025C,めぐめぐバブり隊,255,0,9553,257000,2,1,1,1,1,2,2,1,11
TLMN2RYVE,おぅりす,LJMD3TWBB,道の駅蓮ノ空,1183,8,9553,257000,2,9,3,4,5,4,4,5,36
6C7L1PVAH,Shay,,,208,0,9555,256910,4,1,1,1,9,1,1,8,26
74J1TLY9C,木をきる与作,0FMM30LCA,無言,600,2,9556,256820,1,5,1,1,1,7,1,1,18
WDWD81L5J,もこもこ,,,566,1,9557,256730,2,1,1,2,1,3,1,2,13
NTTC141BV,ンゴ,17AEM7PUN,SIFcord,927,5,9558,256640,1,1,1,1,1,2,2,1,10
HWVILAXDA,アレス,XR2P2LDY3,蓮ノ空さいきょー,1298,6,9558,256640,1,6,1,4,4,6,4,4,30
B69P0LDFO,木になる転入生,2KJ2UEC3P,ういちゅけクラブ,1027,5,9560,256370,2,1,1,1,5,6,1,4,21
C6GWRFRHU,こまち,0B8RTHY4D,のんびり屋さん,1038,7,9560,256370,3,4,2,5,4,5,4,4,31
31VGPMLVW,ぷ,G6EH0KHT7,なんもわからん,1112,2,9562,256280,1,4,1,1,4,2,1,1,15
WRHG9DGC5,なめこん,RKT7BC4F6,人形浄瑠璃乃,258,0,9563,256190,1,8,10,5,3,4,1,5,37
XNF3TN2KA,ちひろ,7MFVNY6L4,アフターヘイブン,1155,12,9564,256100,2,6,1,5,6,5,4,1,30
Z4DH5LWNJ,Finebud,HB9AU9DJJ,聖心党,1242,4,9565,256010,1,2,1,4,5,3,4,5,25
E8ANHAYC5,Reiko☆,PH0YEPJD8,蓮ノ空北國金沢,1152,20,9566,255920,1,8,1,6,5,7,4,4,36
GZREM2O8E,久遠,W3F0URUJC,梢先輩応援団,1425,3,9567,255830,1,4,1,4,1,7,5,7,30
701WFGVYP,ひろきち,R801YPW1C,さっぱり塩ダレ,1048,2,9568,255740,2,1,1,1,2,4,1,5,17
X5X7HOGVR,OMIKURIN,UHWA4YLWP,蓮ノ空を見守る会,993,12,9568,255740,2,4,1,4,2,2,4,1,20
40JEP6WFY,アキラ,,,986,0,9570,255650,4,4,3,4,4,4,4,4,31
XA11CPPM8,ぐっぴー,M851LEV3N,なっす父兄,295,0,9571,255560,2,2,3,1,5,4,2,1,20
J3JX7ZFYM,轟天,XHJLF3R8H,ゆったりプレイ,605,0,9572,255470,2,1,1,1,1,5,1,1,13
8B4K786FG,ankoro,,,971,8,9573,255380,3,8,1,1,1,5,1,1,21
3U9F6L59H,「零音」,LX25CP0TG,深夜の芋煮処,1120,4,9574,255200,1,5,1,4,6,6,5,6,34
1F76X4EJ6,読縋,ERJ33HKVR,兎のヘアクリップ,1156,3,9575,255110,2,4,1,1,4,4,4,4,24
TKF3WC7W6,nρ,RXG20PYXD,Bloomy!,966,3,9576,255020,2,1,1,1,5,5,1,1,17
NCC5MO0AY,カリス,Y4G0KF6NB,無言でやる会,1343,18,9577,254840,3,1,1,4,9,4,9,9,40
U9AG6W640,ぽんず,9C0KWR782,まったリンクラ,835,2,9578,254750,1,7,1,4,4,4,4,4,29
GW46RAVCA,トルチェ,8BAYBXUXC,スリブ大好き♪,911,3,9579,254660,1,4,1,1,1,7,3,4,22
CPNBL5BPU,プロフィト,,,422,0,9580,254570,2,5,1,4,4,5,1,1,23
GGVX1VHU7,まめ,P285HGTPH,まめ,807,1,9580,254570,2,1,1,1,3,4,1,4,17
RX91CEW1C,あまみ,MWHJ339TF,葉山エターナル,857,0,9582,254480,1,6,1,4,4,5,4,4,29
9BYSVSG0Z,すやぴまる,U1M6T5C7L,寝るるん滞在記,998,3,9582,254480,1,4,1,1,6,1,5,1,20
UJX9P3PL5,羽中,C021HVB2B,第3芸能科,410,0,9584,254390,3,1,1,1,3,2,1,1,13
XDKK422NA,DC雪月花,0X273WB5E,雪月花,497,0,9585,254300,1,5,1,4,4,4,4,4,27
U1CG6FVV3,Cou,JX6D6TL96,蓮ノ空武蔵野支部,713,1,9586,254210,2,6,1,1,1,4,1,1,17
5ULUMRF50,リリティ,30W3RA65G,蓮ノ空自由クラブ,880,0,9587,254120,1,1,1,1,1,4,1,4,14
T0C8EMI40,ほーりー,00T3NXXA9,初心者,1009,9,9588,253940,1,5,1,5,7,6,4,5,34
8FGN4KNAB,サバカレーの杯,NMC7J3N5X,ドドド黒龍剣,814,2,9588,253940,1,1,1,4,6,4,4,5,26
5FKCL0KRR,べがすぅ,AYDP5L9V4,乙宗梢好き好き部,1224,19,9590,253850,1,4,1,4,4,1,5,4,24
59GU7TY30,トロンベ,FG4170141,♪さやか愛好会♪,584,2,9590,253850,1,10,1,1,4,2,1,7,27
6TRVHURJY,Lily,BPHHYC793,ソロ専の集い,1026,5,9592,253670,2,3,1,1,5,2,5,1,20
1FLNXUHW4,ぽよ,7MPNTWKTN,Dreamers,824,6,9593,253580,2,3,3,4,3,4,2,1,22
6771RC8KB,さかしん,,,340,0,9594,253490,1,5,3,3,4,2,1,1,20
SNPTV2SXG,よーしー,FTUJJ5KM9,無言◎私生活優先,1157,7,9595,253400,4,6,2,4,5,4,4,4,33
M448T2FOD,ユウイチ,J4R8W2ERA,ゆ,934,0,9595,253400,1,4,1,4,4,4,1,4,23
FC337WN1D,ペレイロ,N1DJVPGP8,いつでも咲けるよ,880,5,9597,253310,4,2,1,1,5,5,2,5,25
1J958HF7D,せな,WLAXT7CTW,碧,755,3,9598,253220,2,9,1,4,7,3,4,1,31
75G8NNVVX,朱鷺,,,570,0,9599,253130,3,7,1,4,4,4,1,4,28
4C11BALGT,櫻井マコト,T4WY63DB9,ういのま,756,1,9600,253040,1,1,1,1,3,4,1,1,13
S28CO451J,カチュア,5VFXP7GAJ,村野村長単騎駆,1169,7,9601,252950,1,4,1,3,4,1,1,5,20
7M1XXGL17,たくみんみん,YMKU30246,参加賞がほしい,317,0,9602,252860,2,5,2,4,1,4,4,4,26
82X7CD8GF,たか,80VRCG1BY,みらぱ同好会,327,1,9603,252680,2,1,1,1,1,3,1,1,11
7RI8S982U,れもん,,,759,0,9604,252590,4,4,1,3,5,1,1,1,20
05ZVVUK9E,瑞奈,PWK02KG0F,メメントの森公園,1157,8,9604,252590,3,6,1,4,4,4,4,4,30
9FCM2N4CA,臨倉奴手太郎,PR2BGEK5K,ありがとう大三角,1487,15,9606,252500,1,1,1,1,1,2,5,1,13
TRW8SMXMX,ミアムジ流行る,58FD7UF8J,としとしサークル,1232,8,9606,252500,2,4,2,4,6,6,4,4,32
ZMT5XFW9K,*クサユキ,RNJ306W6N,日曜日よりの使者,984,0,9608,252410,1,4,1,4,1,4,4,4,23
2R5BUM4JW,戒斗,W9V6VTXAN,梢先輩の歌声好き,276,0,9609,252320,3,4,1,1,1,2,1,1,14
7K2W9G63X,勿来,,,214,0,9610,252230,5,5,2,5,5,6,2,2,32
V71PR8MV0,ソノフナミ,T4WY63DB9,ういのま,768,0,9611,252140,2,1,1,4,1,2,1,1,13
3ZYAHHFXW,牛込,HB9AU9DJJ,聖心党,1016,5,9612,252050,5,5,5,5,5,5,4,4,38
KC319H0XD,あじしお,74HPWML1R,VALORANT,1032,1,9613,251960,1,3,1,6,6,5,2,5,29
CJX585BPR,とも,,,583,0,9613,251960,2,5,1,4,4,4,1,4,25
NLFAE447J,さっかりん,WWWUTP96L,異次元からキマシ,935,2,9615,251780,3,3,1,7,2,2,3,5,26
6L0JHA0WH,がちっぽ,E7UBFLW56,同好会の同好会,1104,4,9616,251690,1,2,1,1,1,2,1,1,10
V6DFH1M9A,こな助@慈推し,XR2599P98,小林,354,2,9617,251420,3,1,1,1,1,3,1,1,12
P17LN49HL,Estiar,UV2CLCL12,ヒトリダケナンテ,331,0,9618,251330,1,3,1,2,5,1,4,4,21
8U6LEFFH1,Aoi,,,329,0,9619,251150,2,1,1,1,1,1,1,1,9
865FKMC6U,102期卒業おめ,BXC1T2HY2,初心者の集い,832,2,9620,250970,1,1,1,1,1,1,1,1,8
SA9XTSJ02,(*´∇｀*),18YYNRFGA,LotusSky,1107,3,9621,250880,4,4,1,3,5,3,5,3,28
E5P9L1HRJ,ちゃ,V33FGRFC4,1限目に遅刻ラブ,896,5,9622,250790,1,4,1,1,7,8,1,1,24
FA6YGATN9,Ryu,GPKTRBCTT,騎空団蓮ノ空支部,229,0,9623,250700,3,5,1,1,2,4,2,2,20
V38XCV654,だんぞう,MWHJ339TF,葉山エターナル,997,1,9624,250610,1,1,1,1,5,4,7,4,24
R258NV5D6,シノ,H0DV3JJGA,かほさやてぇてぇ,1187,10,9625,250520,2,5,6,4,5,8,5,4,39
4DRY98N3Q,マヒロ,,,932,0,9626,250430,2,3,1,1,2,4,4,4,21
FJTR1HJFF,まか,1D7T2UXC2,無言でのんびり,308,0,9627,250340,2,1,1,1,1,2,1,1,10
9F7X7R2TB,とかい,3FF3NB77X,せーはす愛好会,1011,1,9628,250250,1,1,1,1,5,2,2,5,18
ZTX0FLGTP,Rai7,,,957,0,9629,250160,1,1,1,4,5,4,4,4,24
XLY1AV0HW,テル,,,476,0,9630,250070,3,4,1,4,4,4,4,4,28
E5WEYXUT3,ノエル,9D722M8KC,蓮ノ空同好会,173,0,9630,250070,2,5,2,1,3,4,2,3,22
MPEG54T0R,RYO,3WVU6L4B8,明日ノ空,1085,6,9632,249980,1,1,1,1,5,1,4,4,18
TM9IG1I7B,ここヒロ,2LLNGYPU6,禁断のセカイ♡,939,3,9633,249890,1,7,1,1,5,4,2,6,27
2AUX515DV,とも,8MTLYLH9F,木星月華黄金宮,332,0,9634,249800,4,1,1,3,1,3,1,1,15
GMV01X4TX,ひな,NCX28D4VB,Lyric,1118,0,9635,249710,1,1,1,4,1,4,4,4,20
1EQF0CV2T,たきかぜ,XR2P2LDY3,蓮ノ空さいきょー,1219,4,9636,249620,1,7,4,4,5,6,4,4,35
BNFJL03LB,ふにゃ〜,4J35EAAHM,蓮ノ空麻雀部,980,1,9637,249530,1,2,2,1,1,9,1,4,21
AFVW1DH87,mofu,BTVC9G95X,FES用,1119,2,9637,249530,1,4,1,4,4,4,5,5,28
0ZKSYGD93,うー太郎,XN2VEA6DN,無言,1024,0,9639,249440,1,4,1,4,1,4,4,4,23
QVQ4RBQMA,Shun,G8F0M2PH2,アフターウォール,1245,9,9640,249350,1,1,1,1,5,3,8,7,27
2KEM2UJ9J,おわたん,3LUL3WR8Y,零組,1026,4,9640,249350,2,4,1,6,6,4,4,5,32
3888DPL1X,ラウラウ,EE4BKR0AR,まったりプレイ,999,3,9642,249260,2,5,1,4,5,4,4,4,29
7P7M1AT0T,ellll,M0HHDC9CJ,自分用,1157,0,9643,249170,2,5,2,4,4,4,4,4,29
ELNK7L98N,ノピ,1EL57CDR0,なんもわからん,894,3,9644,249080,2,10,1,1,3,5,2,4,28
308N2EEXM,かざは,9U8KNU6U9,対抗戦用,484,0,9645,248990,2,4,2,1,1,2,2,1,15
VFUY2NTJ7,つばさ,K44BC8GLR,ことりのダイヤ,894,2,9646,248900,1,4,1,1,2,9,1,2,21
G1XFF0UG6,たま,JD1PFYJWE,瑞蓮隊(無言OK,430,0,9647,248810,2,2,1,3,4,4,1,1,18
MXH24NMLU,あずらえる,8BAYBXUXC,スリブ大好き♪,440,0,9648,248720,4,1,1,1,1,4,1,1,14
31FF69DT9,玩具国国王,AGJ215YND,蓮の空中國分校,890,2,9648,248720,1,4,1,4,3,6,4,5,28
2SM1ZSNNU,NASUMAL,DFFYFJ2B6,つづさや好き過ぎ,984,8,9650,248630,2,1,1,1,1,3,1,1,11
PT5VN7F1M,エリック,NB0HX9KP8,かほてぃあん,1304,2,9651,248540,2,4,1,5,5,2,4,7,30
46XV076UA,さいとぅ,X8YD59KBX,16代目いぶき組,882,2,9652,248450,2,8,1,1,1,3,1,5,22
T7IBKC9ZY,るみな,EPWMMAXNY,蓮ちゃん初心者,1290,11,9653,248360,2,4,3,1,4,2,1,4,21
MHULW5WPK,さの,0FMM30LCA,無言,533,0,9654,248270,2,1,1,2,1,4,1,1,13
MUAFU2BJH,ゆし,KND3T7056,ぽかぽかモガの村,1123,2,9655,248180,1,6,1,4,3,6,6,7,34
3TNMTJKYG,グゼ,MYTCXJ12B,つーりすと@蓮部,977,2,9656,248090,2,5,2,4,5,2,4,1,25
DTCFVTWML,セルシー,8J35LPWWE,もこもこ,835,0,9656,248090,1,4,1,4,5,3,5,1,24
X12170DCD,かほきち,WPG6BCG83,基本無言,990,8,9658,248000,5,8,6,1,6,2,7,7,42
J2GBHY14M,瑠璃ヶ咲,BLG1J3DKE,メグノタメニ,772,5,9659,247910,1,3,1,5,5,6,1,1,23
K128QALXU,猋珈琲,XCVPUP28L,丑美津高校SI部,1190,4,9660,247820,1,7,1,4,5,6,5,5,34
3IN7VHVA0,きみ,9AYD3XJ2D,ぺんぎん隊,1080,12,9661,247730,1,4,1,1,5,4,1,5,22
GDQV2UXDN,きゃろ,RE994PJ2B,蓮ノ空SI同好会,1129,0,9662,247640,1,5,1,4,7,1,4,1,24
4UCVK93C6,ゆーちょ,54JWUD9X0,異次元からの者,1198,20,9663,247550,4,7,4,4,7,7,9,10,52
K695LL78P,AKRS,L28X4MDJN,アフター観たいぞ,838,4,9664,247460,6,7,3,4,2,3,1,4,30
8ANJKH75C,STACK,RBH0YM8P2,蓮ノ空ラーメン部,537,0,9664,247460,3,4,1,4,4,4,4,5,29
6KDHE83X5,れい,R2AU5KW91,蓮ノ空無限加速部,634,0,9666,247370,2,1,1,1,1,1,1,1,9
UXFXHXBC2,ninin,427WENUC4,心の癒し～蓮ノ空,1100,6,9667,247280,1,4,2,4,5,4,5,5,30
BMM11LWTE,anju,EECF9C0N3,蓮ノ空　茨城分校,325,2,9668,247190,5,1,1,1,1,2,1,1,13
J51P6DXYU,メガネ(爆),U55TMKFLF,どんたく蓮ノ空店,752,5,9668,247190,8,5,2,5,5,5,1,1,32
AGNKPLEK9,プリン,YMKU30246,参加賞がほしい,388,0,9670,247100,1,1,1,1,5,7,5,1,22
811NHE5X5,奏,956A5U6TP,サークル,539,0,9671,247010,3,4,4,1,3,7,4,5,31
UOYDWJJLJ,キハ58,GLP0WPDRM,イベント用の泥,1064,1,9672,246920,1,1,1,1,6,4,5,5,24
N7CT5WMXD,Stella,,,297,0,9672,246920,3,5,1,1,3,1,2,1,17
VGA1CEXKD,Katze,,,169,0,9674,246830,3,4,1,2,5,1,2,1,19
C7MDRBDUJ,ボクなんなの,75UJ5RB97,蓮ノ空雪野球部,1180,18,9674,246830,2,1,1,1,1,2,5,6,19
PL36GVD8G,ぬぬぬ,,,122,0,9676,246740,4,6,3,3,5,2,2,1,26
DLZGW2654,イルカ,N1JAJ83CA,蓮ノ空園芸部,1126,2,9677,246650,1,5,1,4,5,5,4,5,30
AWHELL9W9,つむぎ,RDYH8B854,蓮ノ空広報部,373,0,9677,246650,1,1,1,1,4,1,1,1,11
33JNHGJUK,あおば,RN8N4JV12,飯山線アイドル,879,7,9679,246560,1,9,2,1,3,10,1,4,31
R4PKE9X1P,白い彼岸花,VA6X5YNNF,スリーズ分家,366,0,9680,246470,2,1,2,2,4,4,2,1,18
BWTPVGLGC,DETR,8M6UDX260,ぽけもん好き,805,0,9681,246380,2,5,1,1,1,2,1,1,14
V6FPR4NMU,タカくん,HNGMTKLYK,ルビィ,1051,6,9682,246200,1,1,1,4,7,5,4,4,27
4U89PSEP2,カプチノ,2JK7E4115,ラ！推し,1231,2,9682,246200,2,4,2,4,4,5,4,5,30
G0NXYUR16,菅すけ,158GJNXLF,Liverの集い,330,0,9684,246110,1,1,1,1,1,1,1,1,8
B73CNYM2W,りり。,B216PY7KK,ゆるゆるり,382,0,9685,246020,2,3,1,1,1,1,1,1,11
GTJNN1AOR,祭璃枫,Y337R7BW9,中国の蓮之空圈子,1217,10,9686,245930,1,8,1,7,6,6,4,4,37
NED9TL77F,さいおそ,VNEJ2RNW0,まったりんくら,415,2,9687,245840,2,1,1,1,3,3,2,4,17
9PAJI9SKC,ユッキーかすみん,PH0YEPJD8,蓮ノ空北國金沢,931,0,9688,245750,1,4,2,1,5,6,4,4,27
N29WQ1ZBT,あみ,K25DPPGT9,圧倒的にまったり,1269,16,9688,245750,1,5,1,4,6,5,4,5,31
VD9J2MXRW,しんぱっつぁん,KB5BFK7J6,おはめぐ党本部,1083,1,9690,245660,1,1,1,1,1,2,1,1,9
3LWDDYFKL,よつみし,V33FGRFC4,1限目に遅刻ラブ,406,0,9691,245570,2,5,1,4,1,2,5,1,21
93EDGTYRF,みよま,4RY75CKM4,LLすこ部　メ募,938,0,9691,245570,1,1,1,1,4,2,1,1,12
D9A5ARV3W,はげるんば,,,167,0,9693,245480,6,8,4,2,8,5,2,3,38
RU8LM8Y9M,ひでさん,3JDDUYURT,無言,1095,0,9693,245480,1,2,1,4,1,5,4,4,22
0TNYWE6QD,TTH55ch,TR7ME55NB,スキップOK部屋,923,2,9695,245210,1,9,1,1,1,3,2,7,25
BUABR8P04,サトちゃん,FTUJJ5KM9,無言◎私生活優先,1488,14,9696,245120,5,8,7,6,5,8,8,9,56
AHOSSYNW0,じゃーる,UHWA4YLWP,蓮ノ空を見守る会,970,7,9697,245030,1,5,1,1,1,2,1,1,13
JEPTV07PP,やち,TDHKGHFPA,無言参加○！,1313,6,9698,244940,1,4,1,1,4,5,1,1,18
B63DW07A2,うっつん,23PGPJ3NV,蓮ビギナーの集い,1293,1,9698,244940,1,1,2,2,1,2,9,1,19
0VUD6J1N5,アズレン,BPHHYC793,ソロ専の集い,600,0,9700,244850,2,1,1,1,1,4,1,1,12
ZQNJ7B5B8,でみ,FD24TD6C5,泥人,1043,4,9701,244760,1,1,1,1,2,3,1,1,11
XPN88NNFM,ai,,,325,0,9702,244670,1,5,1,1,1,1,2,1,13
F0WJU3G4E,syuto,JE7V5MM31,蓮ノ沼に沈んだ泥,1405,15,9703,244580,1,4,1,1,6,4,5,8,30
G7GG42J42,せんちゃん,K7LC46V5M,Link！ラ部,491,0,9704,244490,1,1,1,1,1,2,1,1,9
JZ02RGHB6,Haruna,W189BP629,みんなのみかん畑,1054,10,9705,244310,1,5,1,4,5,5,4,4,29
N33PV706N,くま,EFYYG9TAY,ご隠居さーくる,320,0,9705,244310,3,7,2,3,4,4,1,1,25
A8E7FMMD2,Yesavage,HB9AU9DJJ,聖心党,1005,6,9707,244220,2,5,2,1,1,3,1,1,16
3APTKYWGQ,リコ,CV62FGL1U,花咲かせ隊,1072,8,9707,244220,2,4,1,1,5,4,1,5,23
FJFV5LA61,アースト,NRPBG5WJD,てふてふ,1107,12,9709,243950,1,6,3,1,4,1,5,10,31
F8I6LI9R4,ゆうなぎ むつき,YLJ2PP4X4,全日本謝罪同好会,1371,14,9710,243860,4,5,1,4,3,6,5,5,33
AH9BXKZJX,ゆきのへ,,,235,0,9711,243770,5,5,1,1,6,3,2,1,24
W4A65JFR7,たっつー,P2DT8MD70,アクスタ写真部,682,1,9712,243680,2,1,1,1,1,1,1,4,12
EH71X654A,lalala,K3LMN5JHH,金沢カレーの皿,675,4,9712,243680,1,2,1,1,1,6,1,5,18
F4X1MDJT4,ごとう,VXYCWMVFW,お味噌汁,719,1,9712,243680,1,5,1,1,1,4,2,2,17
W2FRNJ4FM,ふな,V9FGJWYKJ,ソロ用,554,1,9715,243410,4,1,1,2,1,1,4,1,15
L3WPE1XH2,鎌鼬,WFPA7YJE1,蓮ノ空文芸部,917,4,9715,243410,2,4,1,4,4,4,4,4,27
029HWD9DV,L,LG3XF86RM,ハロめぐ党無言可,886,0,9717,243320,1,4,1,1,4,4,4,5,24
XPEUWAWXB,セラ,EYEPHE14G,花上梢頭,762,2,9718,243230,3,4,1,1,3,4,1,1,18
CXLC5ML49,白根なにも,MVMP6NNXD,空き時間らくがき,1350,7,9719,243050,2,7,1,4,8,5,5,5,37
WXCN6BRCN,精一杯にっ!,,,261,0,9719,243050,1,4,1,1,3,1,1,1,13
A0S4SPXZZ,といろむ,FR5PDRB5Y,株式会社つづさや,783,0,9721,242960,2,5,1,1,4,4,4,4,25
NE27SWZMQ,キウーた,J7FU6HMXT,とりあ,1050,5,9722,242870,1,7,3,5,6,5,5,5,37
J2WTLEFCP,とんこつ,LUUR1D2PB,ちぇす党♪,150,0,9723,242780,5,5,4,2,3,3,1,2,25
NPFY3BHGT,1321b60,X19MP0NTT,蓮之空河豚养殖場,395,2,9724,242690,1,1,1,1,1,3,2,1,11
L2RGJYGE3,John曉宸,T60EGV8J7,一心L教,995,6,9725,242600,2,1,2,1,1,4,1,5,17
72M16C52W,オレンジ,XJHATLDVB,さやかほ観測所,765,0,9726,242510,2,8,1,1,1,2,1,5,21
RBNVTTFPK,びわ,9AYD3XJ2D,ぺんぎん隊,675,3,9727,242420,1,4,4,1,1,5,4,4,24
UMBKH85BF,りりくろ,U8GLCJVJP,コミュ障用誰でも,663,0,9727,242420,2,1,1,1,1,4,1,8,19
JO0TP49TM,カモミール,88DJ300PJ,めぐ党 • 永遠,620,0,9729,242240,1,2,2,1,1,2,1,1,11
FCJG8XE06,あいはら,K2L5DCVNR,REAL,386,0,9730,242150,1,1,2,1,1,2,8,1,17
PLI8CM0TD,海豚♪@米ﾁｭﾝ,Y0YV7Y3KT,白いご飯,1048,1,9731,242060,1,4,1,4,2,5,4,4,25
WBJ28H1B6,しんじ,4G729J6TX,トキメキ同好会♡,828,0,9732,241880,2,5,1,1,1,4,1,4,19
6MP6NLXQX,猫背丸,K25DPPGT9,圧倒的にまったり,1043,7,9733,241790,1,4,1,5,5,4,4,5,29
4W70J0GNT,ニコ・ベリック,6C9R15BLY,スクスタ避難民,1116,2,9733,241790,6,6,6,6,6,6,6,7,49
2AE2FB765,560660,U1X8XUL9G,イベント用？,1185,7,9735,241700,1,1,1,5,5,5,1,4,23
AODWYRMVT,アツシ,7MXXR7UBG,放課後リンクラ部,751,0,9736,241520,1,2,1,1,2,2,1,7,17
70XXRFN08,Nao.,78D55E05J,HIPHOP界隈,1459,15,9737,241430,1,2,1,1,5,3,5,5,23
940RT5GG3,天狗隊長,JD1PFYJWE,瑞蓮隊(無言OK,1063,4,9738,241340,2,1,1,1,7,2,5,5,24
QUNT7EOFT,ワツタ,KXB93FVTR,ブルームガーデン,1177,3,9738,241340,2,6,1,5,6,5,4,5,34
UXA7LL5TI,YMI,06DCWC1RE,とりあえず参戦用,1422,15,9740,241250,1,7,1,5,4,7,5,4,34
XXQ8622T6,WEI,,,778,0,9741,241160,3,4,1,4,4,4,4,4,28
GM0BIKL0K,小沢悠,AW470U964,ボッチ会,535,0,9741,241160,2,1,1,1,1,2,1,1,10
5X2WT9W8F,まかろに,TJPHRCAD7,アルビオン,142,0,9743,241070,2,2,2,1,1,1,1,1,11
M68Y9FMGV,還可以,REUA4H17B,LLLLBR,736,2,9744,240980,4,2,3,4,5,5,4,4,31
VHD5K4PF5,cyrenox,KGDNX3EF3,ENcircle,1201,9,9745,240890,1,3,1,1,5,2,5,1,19
FTHR88PND,みーたん,HKETDDCK6,ぼっちざ蓮!!,1159,12,9746,240800,1,4,1,4,1,2,4,1,18
63EAE1H20,ユウキ,CGA16ENCP,のんびり,786,2,9747,240710,2,8,1,1,2,5,1,1,21
BKGWYXTXB,一元槌槌,,,262,0,9747,240710,3,2,2,2,1,1,2,1,14
Y41V88L99,いけ,DFFYFJ2B6,つづさや好き過ぎ,1000,3,9749,240620,2,5,1,1,1,3,4,5,22
YK28JWSSA,GAWA,3878B3HBK,ナゴラバ,796,2,9750,240530,2,7,1,1,2,1,2,1,17
7B9JTTLJR,瑞,,,964,1,9751,240440,2,5,1,4,4,2,4,1,23
M9DLDWBZX,なのは,7P4CAER9X,まったり倶楽部！,1147,2,9751,240440,1,5,1,4,7,4,4,5,31
C6HX1Y3CC,わっとる,AXG81GPMP,蓮ノ空マタギ部,952,2,9753,240260,2,5,1,4,1,4,4,4,25
5YKECRX93,カノカマ,8MDA3A0AK,イベント用,699,0,9754,240080,4,6,2,5,4,5,5,1,32
1LKK6681A,SSerpent,K2L5DCVNR,REAL,1106,2,9755,239990,1,2,1,1,1,2,2,7,17
EFE50LER5,ハイエイ,TDHKGHFPA,無言参加○！,979,0,9756,239900,2,4,1,4,4,2,4,1,22
BJSVZ9WDU,シア,EEP20F2M8,綴理の綴り,1082,0,9756,239900,1,4,2,4,4,5,4,4,28
W64R58L66,つっち,W9V6VTXAN,梢先輩の歌声好き,846,3,9758,239810,2,4,1,1,2,5,1,1,17
2R3KQYA9P,かなた,2YBBLUY1Y,ふんわりクラブ,600,0,9759,239630,2,1,1,1,1,1,1,1,9
TKA5084U6,＿＿＿＿＿＿＿＿,W9V6VTXAN,梢先輩の歌声好き,410,2,9760,239540,2,1,1,1,1,2,1,1,10
T52XGEW87,きーふぁー,4KX2KDLAB,越国,847,8,9761,239450,1,5,1,1,4,1,4,4,21
3V3VP28NH,アクアス,LLDLG20UU,UR取り隊,921,3,9762,239360,1,5,1,4,4,4,1,4,24
93BD81ABW,Hiro,2DYYAPFVN,蓮っ子村,899,0,9763,239270,1,8,1,4,5,4,4,4,31
P3R6D0YU5,SODA,TCTEAMP9C,虹ちゃん最高！,543,2,9763,239270,5,8,5,3,2,4,2,1,30
HC8P9DKL6,陽菜,UWUG7XK9L,スクステ同好会④,350,0,9763,239270,3,7,1,7,4,5,1,5,33
M7XWWFAD1,さかな,6N3F238R0,イベント参加用,1185,4,9766,239180,3,6,2,4,4,2,4,1,26
OCC0GOYXU,ハツユキ,YXKR0GGM4,蓮ノ空好き好き,638,0,9767,239090,1,1,1,1,1,2,1,1,9
ZDK1BGHVX,瑠璃,31A7JKC69,蓮好きの巣窟,981,0,9768,239000,1,1,1,1,1,2,1,1,9
YJNI9J7QP,wing,,,281,0,9769,238910,2,1,1,1,1,2,1,1,10
Z0CEUQ4B8,ほでん,8FR866PRY,蓮っ子みらくラブ,1261,16,9770,238820,1,6,1,4,5,4,2,5,28
CG9FLTDP6,能登,GEAEAE83C,刀使ノ巫女,780,2,9771,238730,1,5,4,4,4,5,5,5,33
3D5EWFVCR,ちゅうそん,,,287,0,9772,238640,1,4,1,5,1,1,4,2,19
W2NW375C9,真茶,PMME7169X,蓮っ子動物園,978,2,9772,238640,1,4,1,1,4,6,1,7,25
PVFR3HV3G,クェー,3YWMY4JVN,82プロ,617,0,9772,238640,1,4,1,4,4,4,4,4,26
R331EY7GK,暁月　瓔舞,C8A9CTB34,蓮ノ空山岡家部,477,0,9775,238550,2,1,1,1,1,2,9,1,18
DTRDEA34Y,SayuMex,,,416,0,9776,238370,6,2,1,4,1,1,1,1,17
OX167XEAA,CG墨麓跡,5JA9K5FAK,オタサーの姫芽,840,12,9776,238370,2,1,1,1,1,2,1,1,10
QTAT57JEC,High,KA3D805XV,綴理の寝顔守り隊,973,0,9778,238280,1,7,1,4,5,4,4,5,31
RDTMM1TXT,YOHEI,D883F4F9A,フラワー(仮),933,3,9779,238190,1,4,1,1,4,2,2,5,20
RLRG72PFU,NEXUS,B6KWXGHWH,蓮ノ空SIFC,1144,1,9780,238100,1,6,1,5,5,4,4,4,30
5MZTJFTQP,瑞風,H691U738B,n-notes,1092,4,9780,238100,3,6,4,2,5,1,4,7,32
4LXBDC7FD,ぐっちー,JWUL2T36L,チーム初心者,569,3,9782,238010,1,1,1,1,1,4,1,1,11
TPLYUGA26,翔,KA652DGYV,ゆるリンクラ,754,3,9782,238010,4,10,1,1,4,2,2,4,28
GT9WVA7K8,味噌かつ,R083H7WRN,サークル無言,1134,12,9784,237830,1,6,1,5,4,4,4,4,29
WAI6FH668,わっち,6HV2RH6TU,イベント用、無言,1106,4,9784,237830,1,4,1,4,4,6,4,4,28
G05NYL0MP,やまだい,T2XRMGEAE,蓮根無言会,628,2,9786,237740,2,1,1,1,1,2,1,1,10
VUGDX1M04,はす,XVTV7MVCX,雪月花,700,0,9787,237650,2,1,1,2,1,4,1,1,13
NJNBUTF6K,ゆーき,9E910GGD2,蓮ノ空給湯室,756,2,9788,237470,2,2,2,1,2,2,1,1,13
03XK67402,ちまめ,WNMCNJ62M,チームまったり,890,2,9789,237380,1,7,1,4,5,6,4,5,33
3E82TRYTM,あかにこ,MVYAVX8BK,きらきらきらら,662,0,9789,237380,1,5,1,4,6,6,4,4,31
HBGM0C9KX,崇,C003CD1RW,☆蓮ノ空クラブ☆,1305,3,9791,237290,1,1,1,2,2,6,1,5,19
L6MF4FGH0,ゆきおか,H837E0M9R,沙知先輩大好き部,688,0,9792,237200,3,4,1,4,4,5,1,4,26
SIOV6VVRB,Sia,RAP9FVR3B,あばうといち,1333,20,9793,237110,1,8,1,8,1,3,2,7,31
EFH864NRB,akb,YMKU30246,参加賞がほしい,346,0,9794,237020,3,1,2,2,4,3,2,1,18
ECRIBY9O7,どんぐりうぇのく,0R8BXPRC1,ポチっ！とクラブ,1352,9,9795,236930,3,6,1,4,6,4,4,5,33
YP73JX6CV,さ,,,208,0,9795,236930,1,1,1,1,1,1,1,1,8
3YY8CPUK5,みきた,7UBUGF7G1,ワイのサークル,1172,3,9797,236840,1,1,1,1,4,2,7,7,24
7BWGMYGUV,ペポ,08DDCV5JN,黒ねこのしっぽ,549,0,9798,236750,1,4,1,4,4,4,4,4,26
1YBTKDS49,ウルトラMJ,06DCWC1RE,とりあえず参戦用,744,0,9798,236750,1,1,1,1,5,4,4,1,18
CU1M0EM8A,遙旭,V6DV6KETG,梢好き好きクラブ,1332,9,9800,236660,1,7,1,2,6,5,8,8,38
D4PVPWUGT,デルポイ,,,683,5,9801,236570,4,7,4,2,4,3,3,5,32
FJ0RXVPW8,単純細胞,ABALH0AL3,楽園計画,864,2,9802,236480,3,3,1,1,7,7,1,1,24
LED3HNU8W,にろ,28KG8VAG2,カゼノタテゴト,285,0,9803,236390,3,3,3,1,1,1,1,1,14
DVXC35HH1,サワラ,U98UKD6RY,異次元フェスP,1170,7,9804,236300,1,1,1,1,1,2,1,1,9
AP85CY3HB,わてちゃん,578YG6EAT,桜桃花束愛聴会,415,0,9804,236300,1,8,1,1,5,5,1,1,23
FWH6TPXM1,ズラマリ,A86FEX2JC,おやさいさん,1032,3,9806,236210,1,4,1,4,4,2,1,1,18
RJ6N0E6DV,asuna,,,853,4,9807,236120,1,5,1,1,2,1,2,1,14
R4JXKNNA6,しあの,K3LMN5JHH,金沢カレーの皿,1093,9,9808,236030,1,1,1,2,7,4,1,9,26
Y9XIRCDV8,びすこ,8GAY2WBT6,(・8・),1231,10,9808,236030,2,5,2,4,4,4,4,6,31
UD6F8OXH8,しろねこ,0CEA9XFKR,蓮ノ空の泥人会,891,5,9810,235940,1,8,1,1,1,2,1,1,16
K4DPQM7DB,A300,WJY2HK6A5,蓮の空イベント部,612,1,9811,235850,1,1,1,4,1,7,4,1,20
TGRH55N27,ちゅうや,,,195,0,9812,235760,6,7,5,2,5,4,1,2,32
QPADT8043,こいつ,,,757,2,9813,235670,3,7,1,1,4,1,2,1,20
E3ZYG9BYY,soko,5NPVVUGH7,蓮すきすきクラブ,1378,5,9814,235490,1,4,1,4,5,2,4,5,26
24JM1FD1G,やま,4URND90YY,参加賞狙い,947,5,9815,235400,1,6,1,6,4,6,4,4,32
J50ANKF04,プロデューサー,A7WWE0463,蓮ノ空初心者部,550,0,9816,235130,2,8,1,1,3,4,3,1,23
F4WHW5NX9,Ritto,BPFAT416J,さやかわいい,1107,2,9817,235040,1,5,2,1,7,6,3,4,29
MKGC26GEY,rikki,M6UPWJ6DU,蓮結ぶ虹と星の音,1017,3,9818,234950,1,4,1,4,4,4,4,4,26
XAHK3TAW3,タツヤ,N287M17E3,プセやってるお,503,0,9819,234860,1,4,1,1,4,4,5,4,24
BAOCW568E,トミー,WN5B7VKPU,きんぴられんこん,1560,15,9819,234860,1,2,1,1,2,1,1,1,10
VRGHAUNVE,GG,,,518,3,9821,234770,5,1,1,1,1,3,1,1,14
19L1WL62X,ヴァーリ,FH54A1HEX,陰のラブライバー,562,2,9822,234680,1,2,2,1,9,2,1,9,27
P4PXJ3JDH,ペプシマン,DN3NLWTGU,なゆりーず,342,0,9823,234590,1,1,1,1,4,2,1,1,12
NUTEF42O5,ナン・コロネ,9UKKACGDU,蓮っ子CLUB,1182,7,9824,234500,1,1,1,1,7,2,1,7,21
13N9DN9P2,マコト,67F1KB00K,さやか推し♪,391,0,9825,234410,2,1,1,1,1,5,1,1,13
87LFM8JCR,Takoyaki,9DKR4Y2CJ,蓮ノ空老人会,1171,2,9826,234320,1,2,1,2,1,4,1,4,16
2U1VME6TU,うにたん,3LCTFNL70,さやカーディガン,883,8,9827,234230,2,7,7,4,1,4,1,1,27
6BXAEMNKX,かつどん,WLLWJ8ADP,乙宗筋肉サークル,894,6,9828,234140,1,1,1,4,1,3,4,1,16
NJ7BSC4ZI,はるけい,U4TNE7AC7,AirLotus,1079,0,9829,234050,1,5,3,4,4,5,4,4,30
PLMJV43FN,凪,RVNAHGBJF,(T ^ T),873,1,9830,233960,1,4,1,5,4,1,1,5,22
MBXCKX44A,なかん,XA0XD41CM,ぼっちぼっち,168,0,9830,233960,1,1,1,2,3,4,1,1,14
LXKOUUTS5,めろそ,1F5EPPMLD,UR貰えればいい,1054,12,9832,233870,1,6,2,4,4,6,1,1,25
Y4VE9UTA9,ぱ,213NH0DMR,ディズニーランド,1161,0,9833,233780,1,1,1,1,4,4,1,1,14
TD8CYHN5G,ｸｯｷー粉々隊,16K4DG9HX,囲碁サッカー部,976,14,9834,233690,3,4,4,1,1,4,1,1,19
PDJLC39KK,ShadowX,0R8BXPRC1,ポチっ！とクラブ,1009,4,9834,233690,1,4,1,4,4,3,4,6,27
AMN37HBUJ,アキちゃん,,,414,0,9836,233600,1,5,1,4,4,5,5,4,29
NXN9017PQ,9レイン,K2L5DCVNR,REAL,1043,2,9836,233600,3,9,1,4,1,6,4,1,29
NR1H7RYAN,Ha7maru,TTDBXERCU,蓮ノ空 全力応援,1153,2,9838,233510,2,7,1,4,6,5,4,5,34
UDJT83P6E,ゆう,A7WWE0463,蓮ノ空初心者部,1089,2,9839,233420,1,4,1,4,1,4,4,5,24
BT6QEZRZ8,tachin,K06JT355N,明日ノ空,934,2,9840,233240,1,2,3,4,5,5,4,4,28
4UJRPU6LG,マッチャン,AH27N260E,百生信託銀行,936,9,9841,233150,5,1,1,5,7,2,1,5,27
1F1CV7NC2,美空ことり,B5U2PKR4P,めぐ党集会,310,0,9842,233060,3,4,1,1,1,1,1,1,13
DBWALHLET,ocean,XN2VEA6DN,無言,1102,0,9843,232970,2,4,1,4,4,5,4,4,28
I5O3K2T3T,えびどりあ,YR9G4KUPH,気まぐれ部,1145,1,9843,232970,2,5,1,4,4,4,4,4,28
C3NKYEUDE,しんかい,4RNUXBXGL,みらぱ最推し,353,0,9845,232880,1,2,2,1,1,5,1,4,17
C6S52UUJW,かねごん,1EL57CDR0,なんもわからん,1126,0,9846,232790,2,4,1,4,4,4,4,4,27
GVE8UUW3Y,show,RKT7BC4F6,人形浄瑠璃乃,1110,5,9846,232790,2,5,3,4,4,4,1,5,28
N2N7CM4DF,さとけん,57HNJ07NK,みらぱ推活最前列,1090,8,9848,232700,1,1,1,5,1,2,5,1,17
WBBYP3NM0,cosworth,ULUELCJ7T,なるようになる？,1211,13,9849,232610,2,8,1,1,1,5,1,5,24
TXW03NAR8,Tsuya,AND13836G,乙宗梢親衛隊,1088,14,9850,232430,1,4,1,4,4,6,7,4,31
48EJJ8PD4,yuc,WCL6R1ANU,無所属の会,848,4,9851,232340,2,7,1,4,4,4,5,4,31
XPVU5LXRH,shi-taka,LUH7URBF3,初心者サークル,824,0,9851,232340,1,7,1,4,5,2,4,1,25
X71A9KRYB,きりたんぽ,X87KNX4N3,蓮ノ流星群,905,1,9853,232250,3,4,1,4,4,6,1,4,27
TJLVUFUDR,ZackJr,HGVHHB78D,蓮ノ空写真部,433,0,9854,232160,2,6,2,1,6,6,4,4,31
GNR0XVMU3,海月,TTW02P5K1,はすのこ,988,1,9854,232160,2,5,1,1,5,2,5,5,26
6CLFL7K9B,みんちゃ,0WW0K5XEX,くりあろーたす,1092,1,9856,231980,1,1,1,1,1,2,1,4,12
H3VE5738K,アイロニー,PH0YEPJD8,蓮ノ空北國金沢,1069,9,9857,231890,1,4,1,4,5,4,5,5,29
7AEEL8RB9,kozuchan,CM5THHYHB,「」ノ空だけれど,1336,4,9858,231710,1,4,1,1,7,4,2,5,25
6ZN6BIJ3Z,うぇる,RNJ306W6N,日曜日よりの使者,1120,12,9858,231710,2,1,3,1,1,4,1,1,14
68X4A67UG,いたこ,FE282F3VH,天悶部,1523,15,9860,231620,1,4,1,1,5,2,2,1,17
LMBDY3Y1L,ときめきタロウ,C9DAJ6YFV,のんびり,692,0,9860,231620,2,7,1,1,2,6,1,5,25
WW5PF16JE,麦茶,NRK4MV1C1,茅バール,341,0,9862,231530,2,1,1,1,1,2,1,1,10
U90LFLBER,しょう,HXVYGL96H,初々しい対抗戦,301,0,9863,231350,1,8,4,4,5,4,1,6,33
BUI2NBFSF,Reibon,D2V19CM18,さや推し☆,677,2,9863,231350,2,1,1,1,4,1,1,1,12
MGQSJZPEL,つぶにゃん,F2M746D4B,頑張らないクラブ,1064,0,9865,231260,2,8,1,4,4,4,5,5,33
9XV0JKVT6,いさな,TNTEEJ9GL,なるほどねぃ。,838,0,9866,231170,2,1,1,1,5,1,1,9,21
D72U3FBMZ,つきみねこ,DFFYFJ2B6,つづさや好き過ぎ,1030,4,9867,231080,1,5,1,4,4,4,1,5,25
J4AZ2TS4P,かっこう,,,601,0,9867,231080,4,1,1,1,8,1,9,7,32
GR6B1134M,タイサ,CP3KWKH07,まったり社会人部,246,0,9869,230990,1,1,1,1,1,2,1,1,9
C5UXCHJ2M,ちゃーゑん,9DKR4Y2CJ,蓮ノ空老人会,983,4,9870,230900,2,1,1,1,1,4,1,5,16
3FC1QFCGX,鳴る,0YLUK30K6,蓮っコの集い,1008,0,9871,230810,2,6,1,4,5,4,4,5,31
2PBCG2VXG,夕莉,,,979,3,9872,230720,3,1,3,4,4,4,4,1,24
AFCN5GRDE,むーちょ,,,613,0,9873,230630,1,5,1,4,1,4,1,1,18
QZVI9PUC3,うっち〜,9X07VGM42,近江町食べ歩き隊,1215,6,9874,230540,1,5,1,4,7,4,5,7,34
L37508LY9,おみず,LYPVAETHY,金沢の泥,216,0,9875,230450,7,7,6,7,7,7,6,6,53
GGZJXSX9P,マル♡,3HDDYR4FU,旅人,321,0,9875,230450,4,1,1,3,3,4,1,1,18
DBIWME63B,たけみや,7B0W0EWVA,ソロの為の避難所,1130,5,9877,230360,4,5,1,4,5,4,5,4,32
KMAN2UV94,Cr,G202YTPW1,無言倶楽部,1098,0,9878,230270,1,1,1,4,1,4,4,4,20
DBPBKJXFC,ゆあ,2JVBK752G,卍愛蓮説卍,1094,16,9879,230180,2,6,1,5,1,7,4,5,31
N8BPYDGMN,サイコロジー,DUK0X7DB1,中国愛蓮同好会,244,0,9880,230000,2,1,2,1,1,2,1,1,11
PHWCWVPF0,りうくまん,5YEE75CB4,ロビーで待ってる,565,0,9881,229910,4,4,1,1,4,9,1,5,29
T5WTCE0BM,琴乃,5YXVKDEKV,サークル(仮),941,7,9882,229820,2,1,1,1,1,2,1,1,10
U4SO0TU4D,hhh,E1HVJ71JR,ご自由にどうぞ,853,2,9883,229730,1,4,1,4,1,2,4,1,18
Q0ODM6C94,てんぷらうどん,,,785,2,9884,229640,1,1,1,1,1,1,1,1,8
U8ULGMPDO,タロー,3FF3NB77X,せーはす愛好会,1204,0,9885,229550,2,4,1,1,5,2,1,1,17
1KNALVGY4,アキヅキ,,,357,0,9886,229460,3,3,1,1,1,1,4,4,18
YT3HG51UV,ごろう,5HY7WRDDN,アフターウォール,1141,1,9887,229280,1,4,1,4,6,4,4,5,29
WU2E6H379,アリア,K25DPPGT9,圧倒的にまったり,837,2,9888,229190,1,5,1,1,1,6,1,1,17
068NE88C8,アムリタ,AGJ215YND,蓮の空中國分校,791,0,9888,229190,2,4,1,1,5,3,1,1,18
WVE2FGTR1,岩戸紅葉,GWGDMA3YC,初心者無言自由だ,1388,11,9890,229100,1,6,1,1,7,6,1,7,30
GXDLHU663,ぽんこつラーメン,,,375,0,9891,229010,1,1,1,1,1,1,1,1,8
53CWAYOZU,DOIchan!,M08GKL70U,ららマジ難民の会,1047,2,9892,228920,1,5,2,4,5,4,4,5,30
0GKXIIZ15,はむろす,NGMU0511T,無言のお茶会,975,0,9893,228830,1,4,2,1,4,4,1,4,21
KEHETJTH8,すうぃんたろ,W8CJ1GB8K,LOVE,764,3,9894,228740,1,1,1,1,1,2,1,1,9
CRA1TB8RB,PlaSu,VLY5JDKCV,新規なのだけれど,913,0,9895,228650,3,7,1,1,1,2,1,1,17
JS51UO64F,yasu,4WECUYXVN,得意になる途中,1065,0,9896,228560,1,4,1,4,4,4,4,4,26
N7PB9WEJA,よっちぃ,XTMGPY62U,スクステ初心者,878,1,9897,228470,1,7,3,1,4,4,1,1,22
R909YAC39,だんでらいおん,0CBM28JP6,ほうき星,1168,7,9898,228380,3,5,1,4,5,6,4,4,32
171TF9LKB,たくたく,89K9Y7MX7,初心者歓迎,310,1,9899,228290,1,2,2,1,1,2,1,2,12
SSRC08SHV,ラムキュー,C8A9CTB34,蓮ノ空山岡家部,590,0,9900,228200,1,1,1,1,1,5,1,1,12
5HL9TJ1PA,さば,9GDHWXGVG,ルリと花咲く毎日,1104,8,9901,228110,1,4,1,4,4,6,4,5,29
0JWH8AXH7,桔梗,KXEME076E,つづさや親衛隊,276,0,9902,228020,1,1,2,1,1,2,1,1,10
FWKMV1HT0,聖奈,,,214,0,9903,227930,3,3,1,4,3,1,1,1,17
CEKNFA20T,みつね,G9CCKEANL,ヤサガラス党,1003,2,9903,227930,1,4,1,4,4,6,4,4,28
HN3KH2V3N,爆速の兄貴,WLLWJ8ADP,乙宗筋肉サークル,1029,5,9905,227840,1,2,1,1,6,4,5,5,25
K3GXPTAVU,ね,89K9Y7MX7,初心者歓迎,1131,7,9906,227750,1,4,3,3,3,4,1,5,24
YFSVH5C45,みこと！,7U20138DB,LGP,1267,6,9907,227660,1,1,1,1,2,6,1,5,18
DA4L9VRCY,アロハ,K3LMN5JHH,金沢カレーの皿,1292,3,9908,227570,2,5,1,4,5,4,4,5,30
9FD3Y7896,ちおりん,WNMCNJ62M,チームまったり,756,0,9909,227480,2,1,1,1,3,3,4,1,16
US69JOIN4,RayWow's,VNEY6C9BE,スリーマーメイド,630,2,9909,227480,4,1,1,1,2,3,1,1,14
HHEVELX0U,ヨサノ,T2XRMGEAE,蓮根無言会,1011,0,9911,227390,1,4,1,4,4,4,5,5,28
YJ7GXXAF2,陣内,9X07VGM42,近江町食べ歩き隊,1030,5,9912,227300,1,5,1,4,5,2,4,2,24
WMOSVOGS9,天使のララ,B08JAPP33,対抗戦したい,1288,1,9912,227300,4,4,2,4,7,6,6,5,38
HB1EW6AJH,まごろく,9RYR14H9L,ソロマターリ,1032,7,9914,227210,2,2,1,1,4,7,1,1,19
NX9X830WP,まあこ,YM72HRVCF,ワンニャン部,1072,3,9914,227210,3,7,1,4,5,6,4,4,34
2E1TEV7TP,えふぃ〜,9U8KNU6U9,対抗戦用,972,4,9916,227120,2,6,2,4,5,3,4,1,27
22FGQF3NM,錦玉,J83JWJ028,大ㄇㄚˊ露營區,693,5,9917,227030,1,4,1,4,4,6,1,1,22
33ETR02JL,歯間ブラシ,CENJPPK6P,ジブラルタル教団,896,2,9918,226940,1,7,2,1,1,7,2,1,22
QEPF5EWH6,TaPu⌘,58FD7UF8J,としとしサークル,1143,0,9919,226850,2,5,1,4,5,5,4,5,31
WOSVTCGJE,かな,4RY75CKM4,LLすこ部　メ募,1268,12,9920,226760,1,4,1,4,5,4,4,5,28
G13EPL73N,ゆうきさくたん,CJWR9P8LM,花帆さん愛でる会,398,0,9921,226670,3,1,1,1,1,3,1,1,12
WWSAOOYZF,スライム,TR057C1UW,蓮ノ空ぼっち部,889,3,9921,226670,2,1,2,1,1,2,1,1,11
4AC8605KX,きゅうび,41FW8E9RA,誰推しでも,800,0,9923,226580,2,6,1,5,5,1,4,2,26
YTZDP348B,ひろのん,GMEF2K8DL,花咲く泥も好き²,1003,1,9924,226490,1,4,1,4,1,2,4,1,18
ATHMKT30M,かのあやほの,HXVYGL96H,初々しい対抗戦,843,2,9925,226400,1,2,1,9,10,4,2,1,30
TTF6UVTM4,タナユウ,VHNV134CV,個人,693,1,9926,226310,1,8,1,4,3,4,2,4,27
URVC0YFPH,カサネ,HWRFN2AK4,あいこうかい,770,2,9927,226130,1,1,1,4,3,1,4,1,16
AA2C2UCKB,こんたん,NMRKHYYRM,ご自由にどうぞ,426,2,9928,226040,1,1,1,1,1,3,1,1,10
7ICNXITO2,ゆき,,,1030,3,9928,226040,1,4,1,4,6,4,4,4,28
58X0AAMKG,kd.,YAD92UYGC,蓮ノ空を信じろ,1257,0,9930,225950,1,6,1,4,5,4,4,4,29
8P0HM83YA,Ein,ABU58EVJ2,Quatuor,1096,4,9931,225860,1,3,1,1,2,4,7,1,20
8P77PA5U0,Zalt,PMDDGR6AH,うぇるかむ,647,0,9932,225770,1,5,2,1,1,3,1,1,15
00G90D7XC,何やてトミー,0NLHKATWL,生きてるだけ偉い,213,0,9933,225410,2,1,1,2,2,2,3,1,14
HFZBRNX3S,Suzunayu,,,1088,2,9933,225410,4,7,3,4,5,1,4,1,29
KCU68C7JD,○×△□,,,1163,0,9933,225410,1,5,1,1,4,5,4,4,25
OV810QC3H,さんち,BW38LDPRF,蓮浦の星空,998,6,9936,225320,1,1,1,1,4,6,7,6,27
WJ3KDYE48,こうにゃん,F53AELUNC,ソロっと倶楽部,888,3,9937,225230,4,4,1,1,7,5,1,6,29
GYS2FWFWP,こーすけ,GMEF2K8DL,花咲く泥も好き²,1314,5,9938,225050,1,6,1,5,4,4,5,6,32
A4VE6KL8L,犬山,BPHHYC793,ソロ専の集い,78,0,9939,224960,3,5,1,2,1,1,1,2,16
R6E6JMTYK,しゅー*,XYRA2MND0,蓮ノ空ゆっくり,275,0,9940,224870,1,1,1,1,1,4,1,1,11
BU5P13TUR,SHOGO,L6MF2MPBN,みらくらぱーく党,828,1,9941,224780,2,5,1,5,1,4,1,5,24
SA0DUKSYS,とこまと,63AKA05VR,まったりGngy,972,6,9941,224780,2,1,1,4,1,3,1,4,17
GXKEHBQ12,にゃんひろ,MG1G6F487,蓮ノ空無微課金部,613,0,9943,224690,1,1,1,1,1,2,1,1,9
WA1OLTGJV,和泉弥生,F2M746D4B,頑張らないクラブ,1328,3,9944,224600,2,6,1,4,5,4,4,5,31
JVGT9BJNB,T.Silver,2YBBLUY1Y,ふんわりクラブ,961,0,9945,224420,1,1,1,1,1,1,1,1,8
4Z713GEBS,ウメワタ,VD7N7A4WH,氷青色,1008,3,9946,224330,1,10,1,1,4,2,2,5,26
TMKKERRC6,うさだ,8BAYBXUXC,スリブ大好き♪,934,0,9947,224240,1,2,1,1,4,4,5,1,19
Q35K3S6CV,堕天使ヨハネ,UVN7G4X3A,闇のルビィ団,1165,10,9948,224150,1,1,2,1,1,7,5,1,19
SPTGJPDQX,どんふぁん,D1YHB0B1A,BWO,998,3,9949,224060,2,4,1,4,6,4,4,5,30
A8R7A21PC,べるぞう,,,780,2,9950,223970,4,1,2,1,7,4,1,8,28
V6ZEH7DVT,ひやま,FR5PDRB5Y,株式会社つづさや,1096,10,9951,223880,1,5,1,4,8,5,4,4,32
BTG5L6FWC,ta,A7WWE0463,蓮ノ空初心者部,827,0,9952,223790,2,5,1,4,4,4,4,4,28
WG6M8DXHV,ユウキ,,,163,0,9953,223700,4,3,2,1,1,1,1,1,14
AJPGUV9XV,秀之進,,,788,0,9954,223610,1,5,1,1,4,4,1,6,23
6PB15ZU4S,いちご波,9YG7C0VM7,綴理と無言で昼寝,647,1,9955,223520,1,1,1,1,1,2,1,1,9
I0L071PBI,NAS,4UM4MBM8N,蓮応援宮古支部,1156,0,9956,223430,2,5,1,4,4,4,4,4,28
4NC5TDPS5,こむた,PG93BPEY6,秘密結社ナニトゾ,1000,0,9957,223340,1,4,3,1,5,1,1,1,17
U7EC2QUQ6,零式,UVK38MFR2,蓮の虚無サー,1097,1,9957,223340,1,5,1,4,4,6,4,4,29
SLH3S1GRE,igacyon,1D7T2UXC2,無言でのんびり,412,0,9959,223250,4,4,1,1,1,2,2,1,16
GF3SX9CFS,てん,,,798,2,9960,223160,2,1,3,1,4,1,3,1,16
NQQH71DN8,ふぁすと,J0N1E3Y09,月火水木金土日,1069,12,9961,223070,1,3,1,5,7,5,4,5,31
JVQOH4U8J,マーボー,0CBM28JP6,ほうき星,1087,7,9962,222980,2,4,2,4,1,4,4,4,25
U9MM27R4D,柏木　耕一,G8F0M2PH2,アフターウォール,1235,0,9963,222890,3,4,1,4,5,2,4,7,30
RTT5VTGFR,やまだそらまめ,8588YN91J,虹咲学院,1153,6,9963,222890,3,6,2,1,5,4,1,5,27
365DLAOJ3,リラネコ,95TAREFPT,ご自由にどうぞ,931,4,9965,222800,2,1,1,1,1,3,1,1,11
E7LKQ9FG4,畜生問題,,,993,0,9965,222800,2,7,2,4,4,4,4,4,31
P4F206K3L,トウコ,T4WY63DB9,ういのま,1231,1,9967,222710,1,4,2,4,5,4,5,5,30
40X1DMJCG,堕天使LOVE♡,6C9R15BLY,スクスタ避難民,710,0,9968,222620,3,4,1,4,6,5,4,4,31
YLBA3LRSN,水瀬　十花,A86FEX2JC,おやさいさん,1018,6,9969,222440,1,7,2,4,5,4,4,4,31
BDL8HTVKW,あんな,4URND90YY,参加賞狙い,497,0,9970,222350,2,5,4,1,5,3,1,1,22
QKW3ZW7ER,ゴロゴロ,9VDEWVP01,瑠璃乃の集い,890,5,9971,222260,4,4,1,1,1,4,1,1,17
XZCIEKKZG,あなた,KHAKJKC0A,のんびりまったり,1045,1,9972,222170,2,1,2,2,5,2,5,5,24
D6D0Y3A08,あおいそうま,RBH0YM8P2,蓮ノ空ラーメン部,1179,5,9973,222080,4,5,1,5,1,5,4,5,30
H8LHXLWFK,むささび,CJWR9P8LM,花帆さん愛でる会,947,2,9974,221990,1,5,1,1,5,6,1,1,21
4XWMA922X,くろん,2UKNVBMBU,梢ちゃん同好会,1017,0,9975,221810,1,4,1,4,4,4,4,4,26
VNDJBRLGB,ころ,VXDPPJJL1,蓮ノ空リボ課金部,884,5,9976,221720,1,5,1,1,1,5,1,1,16
CJHC5HTV5,涼風 涼,6DWJ8JMJH,ばっどさーくる,997,0,9977,221630,4,7,4,4,4,6,4,4,37
2K55R3MK8,小唯,AGJ215YND,蓮の空中國分校,985,3,9977,221630,1,1,1,1,1,2,1,1,9
D9DFL3RY4,ニコニーしてる♂,TR057C1UW,蓮ノ空ぼっち部,1060,9,9977,221630,2,4,1,4,4,5,4,4,28
U386RNFJY,くらいつ,J62DRC7J5,蓮ノ空好き好き会,953,0,9980,221540,1,1,1,1,1,2,1,1,9
8M3DODEVR,フォロ,HBCC35887,そりゃー!!!,924,9,9981,221450,1,9,1,5,2,2,1,1,22
6Y36X9FYF,にんじん,UGTAVG90J,にょ,309,0,9982,221360,8,5,1,3,4,3,1,1,26
2UHP7QW3D,のりち,DJC4WJXGV,無言出入り自由,314,0,9983,221270,1,4,1,1,5,4,1,2,19
HWJRC5L7J,ハタハタ,RXXUPMWB9,待機室跡地観測所,1022,1,9983,221270,2,4,2,4,5,3,4,5,29
W110IU4FT,あきと,TJCDFNMCX,無言サークル,716,0,9985,221180,3,4,1,5,1,1,5,1,21
ANCUXMV40,ろーるきゃべつ,HGVHHB78D,蓮ノ空写真部,224,0,9986,221000,1,1,1,1,1,2,1,1,9
MW8K0CKFW,アキラ,AVY8PECF0,初心者の集い,290,0,9986,221000,1,5,1,1,4,7,1,2,22
CGW5G4XQC,くろがね,WRFLMWL4U,映り込み金魚,871,0,9988,220910,2,4,1,4,4,4,4,4,27
2EZPNDDC5,リウヴィル,YT0LCFY25,蓮ノ空風紀委員会,1223,5,9989,220820,2,5,1,4,4,4,4,4,28
PBM47LVAP,ちぇほん,EE4BKR0AR,まったりプレイ,1053,11,9990,220730,1,1,1,4,5,4,5,4,25
A9J6G1V82,kat,00T3NXXA9,初心者,573,0,9991,220640,4,3,1,1,1,2,1,1,14
LWLD2L7NN,ヒロ,,,1032,0,9992,220550,1,1,1,1,4,1,4,5,18
XA8D347BX,ねるね,DWBW72H4V,ちゅきちゅけ,743,2,9993,220460,2,7,1,4,4,4,1,4,27
AKYW9FE4Z,ギョ,60D1TTYTV,無言自由会,816,1,9994,220370,1,1,1,1,1,2,1,1,9
FCYW2R6JL,TON,37N3TNTVB,推しを布教する処,510,0,9995,220280,3,3,2,1,1,9,1,1,21
VVDCT8UJP,乙泉璃埜しぃネ,AJRNP2E93,北陸製菓ビーバー,918,7,9996,220190,3,4,5,5,1,4,4,4,30
M3YE0N53F,一遍　智真,PPAHU1TNY,蓮ノ空のんびり部,1240,12,9997,220100,1,2,1,1,1,5,5,9,25
7WKRWBFTX,かん,G9CCKEANL,ヤサガラス党,704,0,9998,219920,2,5,1,4,4,4,4,5,29
H2BGR0HRQ,Shino,YADX9DY49,ﾊｽﾉｿﾗｰ,1320,0,9999,219830,1,7,1,4,5,6,4,4,32
6GJUG1IAX,diamor28,T045NDKW0,♬さやか愛好会♬,1273,13,10000,219740,3,4,1,4,5,3,6,7,33
CS5ZSU2XS,李志貴,88DJ300PJ,めぐ党 • 永遠,1043,1,10001,219650,1,1,1,1,5,2,5,5,21
E4L5UJ7L9,雪風あん庵,,,222,0,10002,219560,4,7,6,5,7,4,4,4,41
P1UC335FE,えちご,5WUDLMWEP,蓮ノ空は明日ノ空,975,7,10002,219560,2,4,1,5,1,7,2,2,24
O28DTC414,加賀,1KYR01H5V,きんかんなまなま,1226,4,10004,219380,1,4,1,4,4,4,4,4,26
MP92Y4A8E,クゥちぃ,1KDUBW4HB,めぐ党0番,604,0,10005,219290,2,4,1,4,1,5,1,4,22
IEV6UT8R9,ジン,,,1048,3,10006,219200,1,4,1,1,1,4,4,4,20
K8H0O5MTX,ぬーとりあ,DF7FA982P,蓮ノ空百合部,1395,10,10007,219110,2,7,2,4,6,6,4,6,37
WV76AFPP6,ラリー,MG1G6F487,蓮ノ空無微課金部,680,0,10007,219110,4,8,1,5,7,4,1,2,32
HDXIVOCPZ,16代目いぶき,X8YD59KBX,16代目いぶき組,1051,2,10009,218840,1,6,1,4,5,4,4,4,29
B27XW8EGP,KOL,TDHKGHFPA,無言参加○！,1105,2,10010,218750,2,4,1,4,4,4,4,4,27
OQ8Q7FV1S,あっちゃん,XEENRBXCG,蓮ノ空休日クラブ,1013,5,10011,218660,1,4,4,1,3,6,1,5,25
K0VAPFF2C,mackey,FLFXP0T22,沼津内浦メンバー,1086,4,10011,218660,1,5,1,4,5,4,4,5,29
VCLPYY812,おに,ELTW62751,安全バーは君の腕,778,0,10013,218570,2,1,1,1,5,3,5,1,19
HDTVAG1F5,笑顔のピクルス,6C9R15BLY,スクスタ避難民,732,0,10014,218480,4,4,1,4,4,6,4,4,31
7V6HD4TX9,ことほのうみ,RBH0YM8P2,蓮ノ空ラーメン部,1292,16,10015,218390,2,4,1,1,4,3,7,7,29
K1FF6602R,ama,F6H7917TW,サークル,918,0,10015,218390,1,4,2,4,4,4,4,4,27
BRWUX0WYV,カルー,,,687,0,10017,218300,1,1,1,1,2,1,4,4,15
SOK8JIYII,menchi,9YG7C0VM7,綴理と無言で昼寝,1136,6,10018,218210,1,1,1,2,5,4,5,5,24
YG1K7TAUM,がたりん,L3MTTE2BL,麻の葉スクステ部,531,2,10019,218120,2,5,1,1,1,1,1,4,16
SXFMKO612,山菜うどん,KC1W74B9B,蓮六園,1338,5,10020,217940,1,4,1,4,5,6,1,4,26
07F3C653L,ttll9466,,,282,0,10021,217850,2,1,3,4,5,4,1,4,24
GB0XE3UKC,くらいん,8M2MFU9U0,リンクライブ,898,0,10021,217850,2,3,1,1,5,4,1,4,21
0EE0MKMNY,ダアツ,FV38N1J23,イベント用,1061,16,10023,217760,2,8,4,4,4,8,4,4,38
XCMA2LQE0,ちくわぶ,4LU50R56J,誰でもOK,841,3,10024,217670,1,1,1,1,1,2,1,1,9
GW6EQPO4Q,星咲りんご,1F5EPPMLD,UR貰えればいい,1159,8,10025,217580,1,4,1,1,4,6,1,4,22
PXOUQX8YN,マルコ,XXMU9WLKB,梢の機械さん,704,2,10026,217400,2,5,1,1,1,6,1,1,18
3N351FNEK,ペンギン,UU185BVW0,諜報員ROM専部,768,2,10027,217310,2,3,2,2,1,3,2,2,17
3RFQOVAIL,両手にあいす,V7768X8AC,せーので！,1239,7,10028,217220,1,4,2,1,7,4,3,7,29
A0XCL01B3,kiaa,,,331,2,10029,217040,2,1,1,1,1,1,1,1,9
NKFL8JBYH,ジュウゴジ,LT9K2FP23,慈党リンクラ部,867,2,10030,216860,3,4,1,1,4,4,1,4,22
N10GRPL6W,月神蒼夜,CML0G54D5,イベント用,876,2,10031,216770,1,1,1,1,1,1,1,2,9
8D9NAKUXJ,ひめひめひめたん,,,273,0,10032,216590,4,4,3,2,1,5,1,1,21
DDNAV94LA,Maritoñi,A73H7ENN2,エロマンガ同好会,521,2,10032,216590,3,4,1,2,10,3,4,4,31
CV1T7VNCB,ばく,NK05UMLWW,かけ込み寺クラブ,403,1,10032,216590,2,4,1,2,1,2,2,1,15
AH0XVK2NV,うみさん,B6KWXGHWH,蓮ノ空SIFC,1156,5,10035,216410,2,4,3,4,5,4,5,5,32
DPWV1CF8K,やっさん,,,718,0,10036,216230,2,4,1,4,4,4,4,4,27
25MQSZ3YU,食パンの耳,U1X8XUL9G,イベント用？,1204,0,10037,216140,1,5,1,4,1,4,4,7,27
49D0YWXKV,オレオ,K3LMN5JHH,金沢カレーの皿,1288,6,10038,216050,1,6,1,1,8,8,7,1,33
K3HBRPHYH,れん,C8A9CTB34,蓮ノ空山岡家部,469,1,10039,215960,2,1,1,9,2,4,4,1,24
07TU74WAB,2代目四駆戦士,7B0W0EWVA,ソロの為の避難所,957,0,10039,215960,1,4,1,4,4,6,4,4,28
TEWYXCYYK,むすび丸&阿炎,04G7TDAY3,むすび丸１世,1190,11,10039,215960,1,5,1,4,1,1,4,5,22
XL2C7JF41,あん,,,281,0,10042,215780,1,1,1,1,1,1,1,2,9
3LLEFXE5Y,花屋の娘,E76N52LMW,イベントのみ,1393,3,10043,215690,1,7,1,4,5,6,5,5,34
0YNDKMH2T,になこ,JX0BXWNWH,新米蓮好き好きC,259,0,10043,215690,2,1,2,1,1,2,1,1,11
91WH5WC7V,エデン,M1DLCR0R8,花帆護サークル,309,0,10045,215600,3,3,3,1,5,2,1,1,19
LW9TEE7T2,名前変えたよー,6CMLETCV1,テスト,869,1,10046,215420,2,6,1,4,4,6,4,4,31
VD695FWFE,ホシ,,,157,0,10046,215420,2,2,1,1,1,1,2,1,11
E6K110FUR,にょ,LRKRUR21F,ちゅけバフ,447,0,10048,215330,2,5,1,5,6,2,4,1,26
3W693RT6G,巧克力鬆餅,05KN1RR3U,さやかほ花卉園,1103,6,10049,215240,1,1,1,1,7,4,7,7,29
BOS7YDF47,たっかー,E7UBFLW56,同好会の同好会,919,0,10050,215150,1,4,2,4,4,4,4,4,27
JHHV4MLNY,セレスティナ,YK0X6N2HN,無言OK出入自由,1209,8,10051,215060,2,2,1,1,5,2,1,7,21
DX8MA70TT,ぺる,E12PR824F,ゆるっと蓮ノ空,1031,1,10052,214970,4,6,1,4,6,6,4,5,36
I6SC1IXOM,ミスター・ヨダ,UGPRCTA9F,YRSリンクラ部,614,0,10053,214880,2,1,2,2,3,4,1,4,19
C4GUFB2K7,xyuby,,,688,0,10054,214700,1,1,4,9,2,1,1,2,21
DQ2KGAKKF,夜空 ましろ,BXJ6WV4TB,中国club,1132,9,10055,214520,3,9,1,5,4,6,4,5,37
085SIS6G0,またたび,W6BT56KJE,やる気ナッシング,1255,9,10055,214520,2,4,1,4,1,4,4,4,24
3Z9DOQMDW,Tonizaki,H0DV3JJGA,かほさやてぇてぇ,1134,7,10057,214430,2,3,1,1,8,2,7,7,31
KMCDE4QJH,ゆきにゃ,P01RCC6L2,まったーり,1004,0,10058,214340,1,4,1,1,4,4,4,4,23
2LXCXLLC8,しん,08DDCV5JN,黒ねこのしっぽ,813,2,10059,214250,1,1,1,5,5,6,1,1,21
TKW1C5MMU,shiranai,,,377,0,10059,214250,7,8,4,4,7,3,3,3,39
HJRGVAE00,鳥ポン太郎,,,137,0,10061,214160,3,6,3,4,4,1,5,1,27
D945H5QD4,ヒロ,6FWRD1K40,いちじょ海賊団,921,4,10062,214070,2,4,1,4,4,4,4,4,27
U0VOZEPHM,ナリトモ,G0J2F9NAL,さやさやさーくる,1017,1,10062,214070,1,1,1,1,4,2,8,8,26
FONLTLHSB,ぴょそ,BT3GEWM5L,ささやか村の集い,1139,13,10064,213980,1,6,1,1,5,6,1,4,25
0NXG8BHUX,マッツー,5YEE75CB4,ロビーで待ってる,123,0,10064,213980,2,4,1,3,6,3,1,1,21
J7TK55QYF,スクフェス民,2BB5YVRFL,蓮好き好きクラブ,1039,0,10066,213800,3,2,1,1,5,4,5,5,26
YXA73VM8Y,たっかぴぃ〜,,,766,0,10067,213530,1,1,1,1,5,1,1,1,12
11LLKW4HV,やまびこ,N83DW3NYG,†極最強倶楽部†,261,0,10068,213440,1,1,1,1,1,6,7,4,22
BPA1WHB3Y,SCMin,J62DRC7J5,蓮ノ空好き好き会,1162,0,10068,213440,1,4,1,4,5,4,4,5,28
BGMAMPMNM,sh-,3HDDYR4FU,旅人,738,3,10070,213260,5,5,4,9,9,4,4,4,44
UKCK6JYXL,すぴー,,,1048,2,10071,213080,2,1,1,1,5,1,7,7,25
RGFCF4AFN,ハンニャ,F08AHUJJ0,綴理のお世話係,744,2,10071,213080,1,5,1,1,5,2,1,1,17
Z09BFXIMH,eluna,TFGKYEY98,LLP JR,1165,12,10073,212990,1,4,2,4,6,4,5,6,32
KRAJQRU2D,あげだま,9YG7C0VM7,綴理と無言で昼寝,1180,0,10074,212810,1,5,1,4,5,4,4,4,28
KL8BMY17Y,りんご飴,BYA3FA0X8,無言ぼっち同好会,945,2,10075,212720,1,4,1,1,3,4,1,1,16
96VIZWZ23,ワセリン,XWNXDWJ5R,ふ〜ねちゃん,1111,0,10075,212720,2,7,4,4,4,4,4,4,33
9BWM3L1MJ,GOTTU,976BY5JWK,ハルカカナタ,953,0,10077,212630,3,5,1,4,4,4,4,4,29
IS6NV2JZ6,umineko,UHF5Y8PEF,さやちゃん倶楽部,1038,0,10078,212540,1,4,1,4,4,4,4,4,26
Y3L51GNU0,ゆう,,,161,0,10079,212450,8,9,4,7,7,7,2,3,47
1PGXWN26D,スキスキ,PHRWGMUD3,ラブライバー,306,0,10079,212450,3,4,1,4,5,4,4,4,29
5J7UUYLAD,ばーらむ,V8XX999F6,卍蓮村幼稚園卍,1088,6,10081,212360,1,1,1,1,1,2,1,1,9
D5JN6V7R7,チェック,9U8KNU6U9,対抗戦用,746,1,10082,212270,1,1,1,1,1,1,1,1,8
V5DH3TRH4,ぷりずま,,,768,0,10083,212180,2,7,1,4,4,1,4,1,24
HJWRN5HFC,ひらおり,865UE9UC6,蓮ノ空うどん部,1065,2,10084,212090,1,1,1,1,1,2,1,1,9
9CVK5CW8M,エンデ,N94LEWF2D,無言よわよわの会,966,2,10085,212000,1,1,1,2,1,4,1,4,15
ISM3OK7DZ,ゆき,HKETDDCK6,ぼっちざ蓮!!,1219,10,10086,211910,1,6,1,4,5,5,4,4,30
3MTJ23EJK,リューマ,VLPNE6K2U,仮,990,0,10086,211910,2,6,1,4,6,4,4,5,32
6XTFQX0VL,らと,E9RABCUL3,真鍮の真心,1119,3,10088,211820,1,1,1,5,5,1,4,5,23
4FYLWZ7OO,レザ,D52G2F1HV,いな民リンクラ部,943,0,10089,211730,2,1,2,1,1,2,2,1,12
3DFM9YDX0,スーさん,5V9TDD4NF,みんはや蓮ノ空部,155,0,10090,211550,3,5,4,5,4,1,1,1,24
WDJ9BH3UH,カッパ,1EL57CDR0,なんもわからん,436,0,10090,211550,2,3,1,1,3,2,2,1,15
LHAG2RWN6,よちャ,8M2MFU9U0,リンクライブ,1160,0,10090,211550,1,5,1,4,4,4,4,4,27
C1FZF0SWI,かのん100%,FG4170141,♪さやか愛好会♪,1276,14,10093,211460,1,5,1,1,4,6,1,4,23
PHA81DEW2,salvage,407VAU0TT,ログボ勢の集い,513,0,10094,211370,2,4,1,1,5,6,3,4,26
4S97C4404,やま,H1G4CDT6C,無言自由,965,8,10095,211280,1,1,1,4,1,2,6,7,23
CUM3PXYJ0,sayaka,74HPWML1R,VALORANT,413,2,10096,211190,3,10,1,1,4,5,1,2,27
4ART5NBE4,sinK,XNP3CHWM1,リンクラ愛好会,451,0,10097,211100,2,6,3,1,5,4,2,4,27
OKWF0EDSV,まりんらいなー,A8BJ5V3ET,はすのそら,1026,6,10098,211010,3,5,1,4,4,6,4,4,31
DERUA8GMG,yosha,0UTVRAKFL,平穏無言,1153,12,10099,210920,1,4,2,4,5,4,5,5,30
Y6DWCJ197,RiderI,,,182,0,10099,210920,2,2,1,2,1,1,1,1,11
8C0R07V2I,ごん,T56X6LP0L,光の海,1431,11,10101,210740,1,1,1,1,4,5,7,4,24
X0JRPN6NN,かじゅき,,,212,0,10102,210650,4,4,4,3,3,1,1,1,21
476BX2PVC,づ,51CF1LTGY,ラ研連合,1007,0,10103,210560,1,4,1,4,4,4,4,4,26
CUW0Y40WY,わたる,578YG6EAT,桜桃花束愛聴会,1146,6,10104,210470,1,4,1,5,5,5,5,5,31
XHF04B7K3,中村3,,,866,5,10105,210380,2,9,2,1,10,5,2,1,32
PRWDVJP1Y,海野蜜葉,ET545UKAR,105期生,503,0,10106,210290,4,1,1,1,1,1,1,1,11
3WU46EDRT,ユウキ-S,WN3LHKX0L,レンコンおいしい,1029,6,10106,210290,1,1,1,4,3,5,1,1,17
M5F2MKCX1,ディアゴ,FJMA5BPPE,蓮ノ空すきすき部,794,3,10108,210200,1,1,4,1,1,4,1,2,15
40XC80HCY,BB,TR057C1UW,蓮ノ空ぼっち部,1134,2,10109,210110,1,4,1,4,1,2,4,1,18
XTD6R51XE,ぬま,MPPDGVPWX,気楽にプレイ中,448,0,10110,210020,2,4,1,4,1,6,4,5,27
FV6L0BJ3C,ナト10,ABALH0AL3,楽園計画,860,2,10111,209930,4,6,3,3,5,5,4,5,35
DWUHMKA5M,ヨハネ,ATJY24T4B,俺の城,650,0,10112,209840,1,4,1,5,4,4,4,4,27
PMC022PY2,dekopon,407VAU0TT,ログボ勢の集い,526,0,10113,209750,2,1,1,5,6,2,1,5,23
PJFRRXTT7,黒猫Z,,,287,0,10114,209660,1,4,1,4,4,4,4,4,26
S7AM9VH37,Reachka,MUXWTW1GV,蓮の空見守り隊,828,1,10114,209660,2,4,1,4,4,5,4,4,28
KK6DGDRRW,たつ,,,147,0,10116,209570,5,5,3,2,5,4,2,1,27
N0C1WA1TF,にっしー,08DDCV5JN,黒ねこのしっぽ,452,0,10117,209480,2,1,1,2,1,4,1,1,13
WR8D966CD,プレセア,G8EE23LB9,虹ノ空クラブ,1139,12,10118,209390,4,4,1,6,4,4,7,4,34
WP6W7RH9G,たけし,7H8FRU0HC,たけし,341,0,10119,209210,2,2,1,2,1,2,1,1,12
24B2DCNFB,ふぉっくす,J0N1E3Y09,月火水木金土日,1056,8,10120,209120,2,1,1,5,6,6,4,2,27
HTR5GY4W4,シバドラ,,,517,2,10121,209030,9,2,1,3,4,1,2,2,24
DVTK89E7P,♪~,,,123,0,10121,209030,8,10,7,4,5,4,2,1,41
DWADKXMKX,Pisces,YM0T1129Y,魚腹捕,742,0,10123,208940,1,4,2,4,4,4,4,4,27
FCC6B2JF5,.,2JTETEDC9,サークル,856,0,10123,208940,1,4,1,4,4,5,4,4,27
1E7KNYNFK,ユメノオコメ,RE4M8FCJ8,おにぎり,918,0,10125,208850,1,4,2,4,4,4,4,4,27
RIVEFW6VZ,ちぃ,XNP3CHWM1,リンクラ愛好会,780,0,10126,208760,2,1,2,1,1,2,1,1,11
DAGJ561C9,マダイ,2M21JMC1K,ぬ,1371,4,10127,208670,2,8,1,4,6,5,6,5,37
WRQOR4H0V,Rino,9DKR4Y2CJ,蓮ノ空老人会,1045,7,10128,208580,3,4,1,4,4,5,4,4,29
0XMRJJME8,なりくん,,,843,4,10129,208400,2,4,2,4,4,4,4,5,29
0RTVG3QHA,クリス,FMKLCT6CF,ドルケノート,1155,9,10129,208400,1,7,1,4,4,4,4,5,30
0HRNHGCSA,ソン,H0DV3JJGA,かほさやてぇてぇ,952,6,10131,208310,1,1,1,1,1,4,1,1,11
CPLAMAG8U,Arkiey,,,898,0,10131,208310,3,7,2,4,4,4,4,4,32
CVGNVXR6F,緋彩翡翠,0N3V1GC27,1人用,448,0,10133,208130,2,7,1,1,4,4,1,4,24
01DBWJ5AD,トマトサンド,UCF93JAPM,スワンプマン,862,2,10134,208040,2,1,1,1,1,2,1,9,18
R1919C1U5,ゆきのふ,HXVYGL96H,初々しい対抗戦,900,0,10135,207950,4,4,1,4,4,4,4,5,30
99JAVMT1B,Umaru,BW38LDPRF,蓮浦の星空,537,5,10136,207860,1,10,1,1,3,4,1,1,22
05ZZ20ILD,かえで,LFB48H6MU,超初心者の会,964,0,10137,207770,2,1,1,1,1,4,5,4,19
P04BTU3GE,TAKE,9N4F9P8DU,リンクラ部（仮）,1105,2,10137,207770,2,4,1,4,4,4,4,4,27
BJWP5RW8L,KEI,ELDXGWNA6,○サークル,585,0,10139,207680,1,10,1,1,1,2,2,1,19
4OQIZK11Y,走れ！ぼっこみ,1AK9VTG3W,ドルケスキスキ部,981,3,10140,207590,2,7,1,4,9,5,4,4,36
UI9NHWZ4V,みさきの,9AYD3XJ2D,ぺんぎん隊,1145,2,10141,207500,1,4,2,4,7,6,4,4,32
CYX7S7WC0,すずっち,TK9E1BB1P,無言で自由,971,3,10142,207320,1,4,1,4,4,4,4,4,26
51BKJVLR5,まめ,,,1043,1,10143,207230,4,4,1,4,1,4,4,4,26
JLNA8NA5F,xin,,,157,0,10144,207140,4,5,1,1,1,1,1,1,15
WGYGRMNP5,モリん,GTVVCW6XE,よく分からない勢,286,0,10144,207140,3,7,1,4,6,6,4,4,35
V8VK5F79G,チキナベ,U44F8RUU7,ボッチ,835,1,10144,207140,1,2,2,1,1,1,2,1,11
WD7MH1LCE,星辰,V3FAH8CM4,初心者の会,845,0,10147,207050,1,5,1,4,4,4,4,4,27
VFLNX46C0,ひとで,,,235,0,10148,206870,1,1,1,5,6,4,5,5,28
JWJNCP8BJ,要,WE4AB37FP,めぐ党,522,0,10148,206870,1,2,2,1,2,2,2,2,14
AUPDJNC87,タニ,AVY8PECF0,初心者の集い,398,2,10150,206780,1,1,1,1,1,2,1,1,9
HDHBMMYPW,れいじ,HXVYGL96H,初々しい対抗戦,979,7,10151,206690,2,1,1,1,8,2,1,8,24
19Q47MPSC,あーお,BT3GEWM5L,ささやか村の集い,1131,0,10152,206600,1,4,1,4,5,4,4,4,27
0CCRTCY4W,かんかんが大好き,W7XCU6AYH,蓮ノ事好きクラブ,869,0,10152,206600,2,5,1,4,4,4,4,4,28
3KR9N5A4U,まるち,BXC1T2HY2,初心者の集い,286,0,10154,206510,2,5,4,4,1,2,5,7,30
9R13E2FB9,サクラギ,NLTAB4BLF,蓮ノ空ゆる活動部,1172,3,10154,206510,1,5,1,4,4,4,4,4,27
7E7FMK721,階段ビクビク六丁,KJDNHL66C,新世界ゲート,813,0,10156,206420,1,9,1,1,1,5,2,1,21
QDHW1D7K5,明るい無職志望,GMEF2K8DL,花咲く泥も好き²,1199,3,10157,206330,1,4,1,4,4,4,4,4,26
V9ZHPAKWO,リケット,9YRT8FBLL,ふたばみつば,920,1,10158,206240,2,5,1,4,6,5,5,5,33
R7O1K15D0,花瑠,C021HVB2B,第3芸能科,475,2,10158,206240,1,6,4,1,1,7,1,4,25
DPVAKCBDX,ewicss,WX1DYC9Y1,ラナンキュラス,1176,2,10160,206150,1,5,1,2,5,4,2,4,24
XLH8YU9J2,さくらめゆう,KA3D805XV,綴理の寝顔守り隊,515,0,10161,205970,1,3,1,1,2,2,8,1,19
2P10JVLL1,ALiceTia,N1JAJ83CA,蓮ノ空園芸部,1168,15,10161,205970,1,2,3,4,4,6,2,1,23
PZZTUELMK,ハットポン少佐,YADX9DY49,ﾊｽﾉｿﾗｰ,1076,9,10163,205880,1,1,1,6,6,2,6,3,26
4075W9T70,MISAKI,E58EXVMJU,ボクがんばる。,898,0,10163,205880,1,4,1,4,4,5,4,4,27
3CK75B93C,ソウル,2J5W1LGR6,私の自由ダァー！,729,0,10165,205790,1,1,2,1,1,6,1,4,17
13Y1XFVW4,やん,60KU468X3,はっすーず,522,0,10166,205700,1,1,1,1,2,3,1,1,11
FU8RFTFT1,かめぺろ,JE7V5MM31,蓮ノ沼に沈んだ泥,1030,10,10167,205610,1,1,1,1,1,6,4,4,19
3612D2BFF,北,,,659,0,10168,205430,3,7,1,4,4,5,4,4,32
7VCC5JB8Y,たけのこ,FD24TD6C5,泥人,795,0,10168,205430,1,4,1,1,5,4,1,4,21
KWGD1YANN,さんげ,B6KWXGHWH,蓮ノ空SIFC,1268,2,10170,205250,2,6,1,4,4,4,4,4,29
N0TH892DE,ケント,,,978,6,10171,205160,2,7,1,6,5,6,4,4,35
0W72ABBNN,小松菜,,,875,0,10172,205070,2,1,1,1,7,1,7,7,27
DADXJ43QK,ata101,JXUPB88HM,蓮を食べる,1334,8,10173,204890,1,2,1,1,9,1,8,7,30
ML1H39HKT,ねぎだこ,WLBYGHXPD,大天使村野さやか,311,0,10174,204800,1,1,2,1,1,3,1,1,11
NTAMCP9T9,mg1,VA6X5YNNF,スリーズ分家,1110,0,10175,204710,1,4,1,1,6,5,1,5,24
6P325YVH1,かふぇ,T2XRMGEAE,蓮根無言会,765,0,10176,204620,2,5,1,1,1,2,1,5,18
QYLMF6PG4,フトシ,A73H7ENN2,エロマンガ同好会,1144,7,10176,204620,1,4,1,5,5,6,4,4,30
C8KTLMNWB,ゆう,7MPNTWKTN,Dreamers,816,3,10178,204530,5,3,1,5,7,6,4,4,35
M6LB50ARH,イワナ,3A63DYH54,LLすこすこ部,1004,2,10179,204440,2,1,1,1,4,2,4,4,19
GOBHM593L,朝焼け学院生,8K6R9L378,夕焼け帰宅部,1259,3,10180,204350,1,4,1,4,4,4,4,4,26
8JRYK4NPV,雪乃,FD24TD6C5,泥人,345,0,10181,204260,1,3,1,1,1,2,1,1,11
D516H96GL,かまぼこ伯爵,Y4G0KF6NB,無言でやる会,763,0,10182,204170,2,1,1,1,1,2,5,1,14
G9V4XR1CG,ゆーた,,,378,0,10183,203990,2,7,1,1,5,7,3,5,31
HT2HBX6BA,S10,60KU468X3,はっすーず,860,0,10183,203990,1,4,1,3,1,4,2,4,20
LCU5XNPWP,チェルペル,,,848,0,10185,203900,1,1,2,1,5,1,5,5,21
DKWV97UJB,ひらちゃん,Y7JBBVBX2,いのりまち,859,0,10186,203720,1,10,1,5,6,1,2,1,27
B33BWICPF,Kryptos,9LHUMBEJ7,イベ用,902,0,10187,203630,2,5,1,1,4,4,4,4,25
L51SIMVPY,ラバテラ,W2HEPMM2A,無言。ぼっち。,958,0,10187,203630,1,4,1,4,5,4,4,4,27
0KIBKA6LM,ロブ汰,57HNJ07NK,みらぱ推活最前列,1205,8,10189,203540,1,1,1,1,1,2,2,1,10
8W1MF33Y9,悟,FG4170141,♪さやか愛好会♪,491,2,10190,203450,3,7,1,2,3,2,3,2,23
FPJ5OH7UR,ジンネマン,R6XT8CU24,りんくらぱーく！,771,0,10191,203360,1,2,2,1,2,2,1,1,12
BMESJWWFJ,ラスカル,FJMA5BPPE,蓮ノ空すきすき部,513,0,10191,203360,1,1,1,1,1,4,1,1,11
5AYPBJWD5,ひろびろ,LFB48H6MU,超初心者の会,882,1,10193,203270,2,6,2,1,1,3,1,1,17
MI08RUKRU,たけし,U74CNTX8P,たけし,441,2,10194,203180,2,5,1,1,1,2,2,1,15
PCMKE4U2G,花霞桜花,JF8T2CBK3,flowers,622,2,10195,203090,1,1,1,1,1,1,1,1,8
XHHGLWFSG,siro,TR057C1UW,蓮ノ空ぼっち部,1246,7,10195,203090,1,5,1,1,5,4,7,7,31
42L0ENA3X,miwa,0MNV86F1Y,私のリンクラ！,500,0,10197,203000,1,2,1,2,1,1,1,1,10
21C7LWRKF,HoRo774,0CCFXC2HF,Ricebird,1012,2,10198,202910,3,5,1,1,4,1,1,1,17
OA52K1DPM,こはく,CP3KWKH07,まったり社会人部,737,1,10199,202820,2,1,1,1,1,2,1,1,10
FHW5EXD80,サイレントスター,,,509,0,10200,202730,3,1,1,1,1,4,1,1,13
OMQF80794,パイー.,VA6X5YNNF,スリーズ分家,748,2,10200,202730,1,1,1,9,4,2,1,4,23
LKKBRH9NT,LLLicon,,,1024,2,10200,202730,1,4,1,5,5,4,4,4,28
G0UAUXFNV,みじん子,MF6GL0RVL,ミジンコ倶楽部,615,0,10203,202640,3,7,1,5,7,4,5,1,33
MASJ98TSN,茉莉,,,661,1,10204,202460,2,4,1,1,2,1,2,1,14
L8TFJ58Y8,yuteen,7NJM1VURM,らんるん部。,134,0,10204,202460,6,4,2,4,1,1,3,1,22
VWL2PNIEV,八月,V6DV6KETG,梢好き好きクラブ,1196,2,10206,202370,1,4,1,4,4,3,5,5,27
RVF5RVSCW,いっちゃん,PD80VCP5N,虹ヶ咲学園,1070,3,10207,202280,1,4,1,1,5,4,1,5,22
OFMW7N0LN,「菓子恋KE」,GBEJMUFWT,めぐちゃんズ(仮,1171,1,10208,202190,1,1,1,4,1,5,4,7,24
6DWP2J15G,つん,W6XK9BM52,ハスノソリャー,379,0,10208,202190,1,6,1,2,3,4,1,4,22
M4V4K0HC9,オティヌス,FTY0R8KPH,泥の皆様,919,0,10210,202100,1,1,1,1,1,2,3,1,11
KXRP3LCHJ,がんでん,L28X4MDJN,アフター観たいぞ,1482,17,10211,202010,1,5,4,7,4,6,5,5,37
X70G67B4A,ちゅけちゅけ,JTBMEXV8L,ひとりぼっち,829,2,10212,201920,1,4,1,5,4,7,2,4,28
PDJLJ3MPF,ココ,89K9Y7MX7,初心者歓迎,912,3,10213,201830,1,5,1,4,4,4,1,4,24
449TT8YAB,あおい,KA652DGYV,ゆるリンクラ,667,2,10214,201740,4,4,1,1,1,4,1,1,17
70JG9M98R,ATC260,KGG6VMD1R,蓮ノ空本蓮沼の会,407,0,10215,201650,1,4,1,4,5,5,6,6,32
40C1837S7,むっけん,GYG7B5R36,幼馴染同好会,1319,9,10216,201560,1,5,1,5,2,3,1,5,23
L1RMPL1RW,実波,FTUJJ5KM9,無言◎私生活優先,1056,3,10217,201470,1,4,1,4,4,5,4,4,27
7LKAY0N9V,ヒナ,53M4V2BVG,吟子の髪飾り,288,0,10217,201470,2,2,2,4,5,4,1,2,22
N0B1JRJR7,かいわれ,NK05UMLWW,かけ込み寺クラブ,396,0,10219,201380,4,2,1,1,1,2,2,1,14
8BMWYJVG5,ことほの,6RFH9NFLN,こずかほ,168,0,10220,201290,3,5,2,4,4,4,4,1,27
EPRBJA95R,まほ,PN4VA24XF,みーかるぱーく！,461,2,10220,201290,2,1,1,1,1,3,1,1,11
OZJDRSYL8,ラルカス,WN3LHKX0L,レンコンおいしい,1015,1,10222,201200,1,4,1,4,5,7,4,4,30
45K0UCV22,Spartric,BXHG2KXAD,idol.st,948,4,10223,201110,1,4,1,4,4,4,4,4,26
VTMNFLPE6,Keica’,K25DPPGT9,圧倒的にまったり,1009,4,10224,201020,3,5,1,4,3,7,4,4,31
ADFV2R9K2,などかず,06DCWC1RE,とりあえず参戦用,736,1,10225,200930,1,1,1,1,1,2,1,1,9
PLCTXUDWA,七瀬　万理,UVK38MFR2,蓮の虚無サー,1419,1,10226,200840,2,5,1,4,4,5,4,4,29
A8WU8YDUH,yukii,AHE0E3JND,ありがと！にひっ,759,3,10226,200840,2,10,1,1,1,8,1,7,31
4H0PX9A86,たけめ,,,813,2,10228,200660,1,8,1,4,6,5,4,4,33
90Y2BISD5,TORU,,,948,3,10229,200570,1,1,1,1,4,3,4,4,19
ZGDRKNEJ3,柿畑ケロシン,CM5THHYHB,「」ノ空だけれど,1087,0,10230,200390,2,4,1,4,5,5,5,5,31
1L84V6MDN,シン,JNL5NM6EL,fyyy,1024,0,10230,200390,2,4,3,4,4,4,4,4,29
CCG86YFX4,K,6KUYCDLGR,かよちんは宇宙,1054,0,10232,200300,1,4,1,4,4,4,4,4,26
17D5N3V2M,40ZORA,UPUVA9UT3,酒ーくる,744,0,10233,200210,1,4,1,4,1,4,4,4,23
4B7CEI01C,ななないす,N94LEWF2D,無言よわよわの会,1341,15,10233,200210,4,4,1,1,4,4,8,7,33
HLY2N4336,白米堕天使カエル,DFXN9DB2H,どんぐり共和国,1216,5,10235,200120,1,1,1,1,1,2,1,1,9
B3KCY8W0H,闪光布里卡隆大王,,,527,0,10235,200120,4,8,3,1,5,1,2,5,29
6972YXGGN,アリアトあした,,,473,0,10237,200030,3,1,1,1,1,1,1,1,10
7DHTBH3EV,みしろ,K25DPPGT9,圧倒的にまったり,1249,15,10238,199940,1,1,1,4,5,9,4,2,27
PTFPW3JJX,ロア,,,332,0,10239,199760,2,1,1,1,1,1,1,1,9
HVVN4KUNM,アナータ〜,HA6MUTC30,自由なのだけれど,759,0,10240,199670,1,1,1,1,2,5,2,5,18
SASCXKVS7,ライザー,1W054F5D6,のんびりサークル,1166,9,10241,199580,2,5,2,7,5,4,1,4,30
7PLLVYUHQ,さわ,31NCX860W,雪デ音無,1175,5,10242,199490,2,6,3,6,5,1,5,2,30
MSSYHV004,茅森月歌,,,336,0,10242,199490,1,1,1,1,1,1,2,1,9
38WLCF759,レイ,5HC613J40,どすこい！蓮ノ空,225,0,10244,199400,4,8,7,9,9,10,4,6,57
7UFMAUYT6,ゆう*,E58EXVMJU,ボクがんばる。,1197,8,10245,199310,2,2,1,2,6,4,9,8,34
BJT8Y0612,牛肉,,,759,2,10246,199220,1,4,2,4,4,4,4,4,27
3PXZ6F356,753,WNA5GTJPP,蓮ノ空百合クラブ,1221,6,10247,199130,2,9,1,4,6,4,4,5,35
5Z6QFZQXO,ユウキ,,,984,3,10248,199040,1,7,1,4,4,4,4,4,29
Q06KI4W9V,おしゃプリ,5KK3DFY18,MUGEN∞,787,0,10249,198860,1,5,1,1,6,2,1,5,22
76KH96RCE,みき太3,7UBUGF7G1,ワイのサークル,1132,2,10249,198860,2,4,1,1,5,2,7,7,29
722NMG3UC,ハクノン,MUXWTW1GV,蓮の空見守り隊,271,0,10251,198770,1,1,1,1,1,4,1,1,11
1V77WI6ZO,ZOU,8FR866PRY,蓮っ子みらくラブ,1124,0,10252,198680,1,5,1,4,4,2,4,1,22
S5T5C7I8J,にゃんだーすわん,XR2P2LDY3,蓮ノ空さいきょー,1419,13,10253,198590,1,4,4,4,4,2,4,5,28
XABXPWC55,むねりん,XA0XD41CM,ぼっちぼっち,653,0,10254,198500,2,1,2,5,5,6,1,1,23
6XLM89XDB,ぽーやん,GN9EEL045,きらくに,1139,3,10255,198410,1,4,1,1,4,2,9,9,31
YH7RJ0HH3,やま,,,401,0,10256,198320,1,5,1,4,4,4,4,4,27
PBH8U15FE,黒霧 龍,W3F0URUJC,梢先輩応援団,614,2,10256,198320,2,1,1,1,1,2,1,1,10
VYA72PT9J,tk,PHLRY3XRP,とりあえずやろう,686,0,10258,198230,2,4,1,4,6,4,4,4,29
LWWBF6TVX,はなうた,36DAM7HBL,蓮隠れノ里,1000,13,10258,198230,2,1,1,1,6,2,1,4,18
HDN7W7AUI,リム,R7VEXFUBP,蓮ノ空応援クラブ,343,0,10260,198140,2,1,1,1,1,2,1,1,10
5GE9EG85T,サトチン,VFGE08PGC,みらくら推し,523,0,10261,198050,1,1,1,1,1,1,1,1,8
L64KXUD84,mikanoah,J0N1E3Y09,月火水木金土日,1110,2,10262,197870,2,5,1,4,4,5,4,4,29
JPRF1CUP1,ユキ,8YNHW7530,虹ヶ咲、蓮ノ空,562,2,10263,197780,3,4,1,1,1,2,1,1,14
9EEKX7DAC,凛,F2M746D4B,頑張らないクラブ,1216,11,10264,197690,1,6,3,5,6,6,4,4,35
OPT0YKBSF,ゆきひこ,,,1070,5,10265,197600,2,4,1,5,4,4,4,4,28
NPDBR79GT,たまごサンド,TTN2V0W5L,ひとり,918,1,10266,197510,2,4,1,5,4,4,1,4,25
JR9QEE7QH,ココのり,V7768X8AC,せーので！,1073,0,10267,197330,1,1,1,1,4,2,1,5,16
PDPH03E96,慶,2DYYAPFVN,蓮っ子村,944,1,10268,197240,2,5,1,4,4,4,4,4,28
SE6WWMBQN,Guilty,,,267,0,10269,197150,1,1,1,1,1,1,1,1,8
QVHJRI785,それいゆ,YA51R0VV4,めぐメイト,1082,3,10269,197150,1,8,1,1,1,1,1,5,19
26TMLXUHY,竜彦,,,656,0,10271,197060,4,5,1,4,4,1,4,1,24
XXXUHTWGD,ヴェツ~,,,446,0,10272,196970,2,5,2,1,1,1,1,1,14
TR5L07784,ひよりん。,,,756,1,10272,196970,5,4,1,4,1,4,4,4,27
T46TWRVYY,サンラブ,8LFC49TWF,蓮ライブ！,1015,4,10274,196880,4,4,1,4,1,4,4,4,26
8AK277WVV,™︎さん,CNA71VL13,ひるね。,921,2,10274,196880,3,7,1,4,4,4,4,4,31
N19LG1Y32,羊,,,777,2,10276,196790,3,3,2,1,4,4,2,1,20
IC3O2AT2D,ナオキタ１９９０,CN3RA5CKP,ナオリンクラ,1072,5,10277,196610,1,4,1,4,4,4,4,5,27
6B4NRD19H,あおかえる,5NPVVUGH7,蓮すきすきクラブ,1084,5,10277,196610,2,1,1,5,5,4,1,5,24
4WKF80NR1,キャル,1UBNNHVLG,蓮箱推し（仮）,192,0,10279,196520,3,5,1,1,1,7,2,2,22
GPN271E7K,しずくちゃん,T48KV9EP2,無言ぱーく,682,5,10280,196430,1,1,1,1,5,4,3,5,21
YOPC2UHAH,月影　誠,K69M1X95F,アイリス,1113,3,10281,196340,2,4,1,4,4,4,4,4,27
F8U63639F,ゆず,NMRKHYYRM,ご自由にどうぞ,212,0,10282,196250,2,4,1,4,4,5,1,4,25
4NT02LD4J,マーサ,VF7HHK72K,マーサ,1093,8,10282,196250,2,6,1,4,5,4,4,4,30
44P4GNHF6,そねやん,RWDWD9PP6,乙宗家の屋敷妖精,806,2,10284,196070,1,1,1,1,1,6,1,5,17
K03A9X3F1,frk,,,195,0,10285,195980,5,1,1,1,1,1,2,1,13
JAT25PTKK,krhk205z,,,340,0,10285,195980,4,7,1,1,5,6,2,1,27
NN9R9R8WV,ぽんぽこたこぬ,ETA39VRY0,△○仮,684,2,10287,195710,1,1,1,4,4,1,1,4,17
WA5E2EYMT,つくよみ,WBXF9XXW7,さやつづ愛でる会,250,0,10287,195710,2,2,1,1,1,2,1,1,11
NPYWGN4KK,サクラたまご,KJU0BU77M,無言交流なし,1041,4,10289,195620,1,1,1,1,5,4,2,1,16
KIJ1DLIEW,わのあ,0CALLC364,flower,1150,2,10290,195530,1,5,1,4,4,4,4,4,27
1EL0RHCCV,みがわり,B2KV0EVPD,蓮ちゅきクラブ,1089,3,10291,195440,2,1,3,2,4,6,3,4,25
GMSLYODZS,くっこる,72J0T27T1,蓮ノ空後方支援部,1029,2,10292,195350,1,2,2,3,1,2,1,1,13
A72F499W4,けん,07JW71HWG,良いチケで観よう,212,0,10293,195260,9,7,10,4,4,10,1,1,46
PLR6I72G8,ベレス,ME2G808E7,名無し,1104,5,10294,195170,1,4,1,1,4,4,7,4,26
KKBZAU513,2ndaid,T045NDKW0,♬さやか愛好会♬,1052,1,10295,194990,4,8,1,1,2,7,4,1,28
4TZ5LDKOD,なかなか,,,989,1,10296,194900,2,4,1,4,4,4,4,4,27
HLD3PPUV9,あつから,,,134,0,10297,194810,4,5,4,3,5,3,1,3,28
9J6CAV6GF,ミスマル,,,941,1,10297,194810,2,4,1,5,5,4,4,4,29
XBMUKPW0D,顔長マン,8UJNTV5BX,のんびりと部,1154,7,10299,194720,1,1,1,4,1,2,1,4,15
GNMF3R591,あにゅ,M6NUAVA16,どうなんのすみっ,949,0,10300,194630,2,5,1,4,4,4,6,5,31
UPEXVTKB0,４月29日,83L9X85AX,蓮ノ腹筋,218,0,10301,194540,2,4,1,4,4,5,4,5,29
K9LJ8MBBA,りすこん,FVJFA973A,月猫愛好会,1091,3,10302,194450,1,4,1,1,6,2,1,1,17
Z3R0Q33JV,ゴウ,BE7F0WBL9,満足同盟,479,0,10302,194450,1,1,1,1,1,1,1,1,8
JGL2WYG3B,むよむよ,CY02L6P79,ほ,1037,2,10304,194360,1,3,1,1,6,1,5,5,23
T958MXFMP,しゅーや,K25DPPGT9,圧倒的にまったり,1143,6,10305,194270,1,4,1,1,4,2,8,8,29
H9EY9H07Y,おん,TWJ862EPN,こにゃとも,646,2,10306,194180,2,3,1,1,1,2,1,1,12
LGYBCRGMY,朝比奈ことゆり,,,959,0,10307,194090,1,5,1,4,4,4,4,4,27
VPJWALJY9,おでん,JCRNT9GKB,ハントンTKG,866,1,10308,194000,1,1,1,1,4,4,1,1,14
HOHL07UQZ,まか,3HDDYR4FU,旅人,1183,9,10309,193910,2,6,1,5,4,7,4,4,33
B88J5YDRU,もんきぃ,D52G2F1HV,いな民リンクラ部,630,0,10309,193910,2,3,1,1,2,4,1,1,15
BXW228NHJ,リンクラちゃん,6CE6UCTJE,ソロ,640,0,10311,193820,5,4,5,1,5,2,5,4,31
7EDFJJ14G,Linda,MG1G6F487,蓮ノ空無微課金部,742,0,10311,193820,1,1,3,2,5,2,4,5,23
OCXJLS1J6,抹茶,AGJ215YND,蓮の空中國分校,659,5,10313,193730,1,1,3,1,4,4,1,1,16
0FLL8B1LP,きらら,4WWM4VVDK,蓮ノ空遊戯開発部,1012,1,10314,193640,3,4,1,1,5,4,4,4,26
2LW2J685V,グググ,,,282,0,10314,193640,1,7,1,1,4,5,1,1,21
AREU7WVXJ,こつ,8GAY2WBT6,(・8・),642,2,10316,193460,1,8,1,1,1,4,1,4,21
7024D570T,ゆきかぜ,,,358,0,10317,193370,3,6,4,2,4,4,2,6,31
7AFHYDHTB,きぬはた,RGR1NVGWH,無言推奨・自由村,610,2,10317,193370,3,2,2,1,3,2,2,1,16
PLGN7RHKY,Pizzachi,LMH98656T,PizzaChi,996,5,10319,193280,1,4,1,1,5,1,1,5,19
1K49L3H2X,がんも,0JY7F3EKU,さやか愛でる会,770,1,10320,193190,1,3,1,1,2,2,2,2,14
7LV96CMYK,ジャンクロード,2UKNVBMBU,梢ちゃん同好会,986,1,10320,193190,1,4,1,1,4,4,4,4,23
4NAW8VPMJ,かきつばた,1F5EPPMLD,UR貰えればいい,883,0,10322,193100,3,3,1,1,1,4,1,7,21
JLRLG3PX4,うどん,XYRA2MND0,蓮ノ空ゆっくり,231,0,10323,193010,4,3,4,2,2,5,2,1,23
ZB4PX93C4,蓮中✿アラモード,N752V1LD6,思想の溜まり場,1057,4,10323,193010,2,1,1,1,1,2,1,1,10
A7X55O3YN,yumoa,9AYD3XJ2D,ぺんぎん隊,1131,4,10325,192920,1,4,3,4,4,4,4,1,25
68WESY750,ふれあ,G4MHD90WJ,完全ソロ陽,1055,3,10326,192830,2,5,1,3,5,4,1,5,26
JI7TM2QQB,Ikeyo4,414CEUPEH,アフター見よう！,1052,0,10327,192740,2,1,2,1,6,2,5,7,26
RTUC40J18,そら丸,YMKU30246,参加賞がほしい,225,0,10327,192740,3,3,4,1,5,10,9,1,36
APB506FD2,アム,FJMA5BPPE,蓮ノ空すきすき部,948,0,10329,192650,1,5,1,1,5,2,1,1,17
747EZ5LI2,フィオレ,YVV9CMBLW,東京公演で沼落ち,1066,0,10330,192560,1,5,1,4,5,4,4,5,29
UFR1BH35E,レミュー,D1YHB0B1A,BWO,986,4,10330,192560,4,4,4,2,1,2,1,8,26
9R7NYT8T5,Claire_1,J80MEYHBC,Nymphaea,880,4,10332,192470,1,7,1,4,4,4,4,7,32
EWDPM5DD6,音無,,,620,0,10332,192470,4,1,1,1,1,1,1,1,11
PJL4SU0KF,ひよこニキ,M1RUXX1ET,ひよこニキ,1033,4,10334,192380,1,1,1,1,7,2,7,7,27
6L13V4MNR,✾,,,122,0,10335,192290,2,1,2,1,1,1,1,2,11
4G3P7YEPL,マユ,PMDDGR6AH,うぇるかむ,275,0,10336,192200,3,9,1,1,5,3,2,1,25
DDPVH3976,rain,KT4P0CHHC,ゆったり同好会,296,0,10337,192020,1,1,2,1,1,2,1,1,10
T61I10GX7,まこと,FFEFNVBD1,AZUNAランド,908,2,10338,191930,1,5,1,5,5,5,1,4,27
CHHYTERAM,djgdshh,DUK0X7DB1,中国愛蓮同好会,218,0,10338,191930,2,1,1,1,1,2,1,1,10
99EFFAS5P,はなこ,U86R60336,DiCE/Key,367,0,10340,191840,4,1,2,1,1,2,1,1,13
57F1XRW0C,タック,4FXPC55PY,PPIHクラブ,918,1,10340,191840,4,7,1,4,4,6,4,4,34
3KVP33WPK,巡,A73H7ENN2,エロマンガ同好会,519,0,10342,191750,1,6,1,1,1,4,2,1,17
8CA30E1E6,木蓮,EEP20F2M8,綴理の綴り,1026,3,10343,191660,1,1,1,5,1,4,4,4,21
PMF803B02,とがいけ,00T3NXXA9,初心者,946,7,10344,191570,2,1,1,1,7,2,1,1,16
30CB4TEN8,rina,9YG7C0VM7,綴理と無言で昼寝,779,1,10345,191480,1,4,1,1,1,5,4,1,18
AF2GEVEPF,たかひろ,7B0W0EWVA,ソロの為の避難所,627,0,10346,191390,1,4,1,1,4,4,2,4,21
YPT4B02N2,フィーナ,WN3LHKX0L,レンコンおいしい,963,0,10347,191300,1,4,1,4,5,7,4,4,30
X39XH8C34,なっす大好き,BT3GEWM5L,ささやか村の集い,238,0,10347,191300,4,7,3,2,3,7,1,1,28
BJV7YFKVT,はっけ,WPG6BCG83,基本無言,528,0,10347,191300,3,8,1,1,1,6,1,4,25
82967NE1U,☆ふみと☆,AP9179DXT,サークルSRE,1062,0,10350,191210,2,5,1,4,4,4,4,4,28
L1CYM1274,ふぉゆ443,NCX28D4VB,Lyric,1160,3,10351,191120,1,6,1,4,6,4,4,4,30
55SBGLL9A,ウソ86,18YYNRFGA,LotusSky,736,2,10352,191030,2,5,1,4,1,2,5,1,21
KKNVT1W73,RKO,Y6KN85L5P,孤独の村人,335,0,10353,190940,1,5,1,4,1,5,1,4,22
CGXXY0EB2,さや,HPTHY23VR,蓮ノ空文芸部,311,0,10354,190850,1,8,1,1,1,2,5,2,21
84WFPHPAD,きお。,WT275TUAT,ゆっきー組,608,1,10355,190760,1,4,1,10,5,4,2,4,31
MRR76XD2W,ロト,FV38N1J23,イベント用,602,0,10356,190670,1,4,1,1,1,2,1,1,12
9RB75Y32U,コモンEX,NTDM30NB6,霊使いリンクラ部,1030,0,10356,190670,1,1,2,1,3,1,2,1,12
BYYBXYMGH,AA,HWWRP6K2J,家に猫がいます,551,0,10356,190670,1,4,1,4,1,4,1,4,20
ANBMCK1N9,echo,C68491XHB,みらくらぽーく！,1011,2,10359,190580,2,4,1,1,5,4,2,5,24
FP9AAUM4N,2G村の村長,C003CD1RW,☆蓮ノ空クラブ☆,443,0,10360,190490,2,1,1,1,1,2,1,1,10
Z6GI43YIR,夏の回憶,57UT319NN,蓮ノ空同好会,658,0,10361,190400,2,4,1,4,4,4,4,5,28
0VFF0KYEN,Akihana,0VEMMV8E2,スリブとまったり,1073,2,10361,190400,5,1,1,1,5,6,5,7,31
WEIMCN528,いなみかん,G8EE23LB9,虹ノ空クラブ,330,0,10363,190310,2,8,4,4,5,3,3,1,30
JV1VLJ0N6,ゆにぽん,4URND90YY,参加賞狙い,771,0,10364,190220,1,4,1,4,4,4,4,4,26
DMJ3B9TRP,招き子猫,57UT319NN,蓮ノ空同好会,584,0,10365,190130,4,3,3,2,5,7,4,1,29
EV2KUUAPX,つまよう寺,C021HVB2B,第3芸能科,770,4,10366,190040,3,1,2,1,3,5,1,5,21
477P1WCXV,海曜雫香,XXMU9WLKB,梢の機械さん,1036,3,10366,190040,1,7,1,4,5,3,4,1,26
DDMGJ7T8E,(・8・),1GVA7GK3T,ことり,146,0,10368,189860,2,1,1,1,1,1,2,1,10
6E1DN1LYN,mio,XXVVJY6FE,はぴぱれ,917,6,10369,189770,1,4,1,4,1,4,1,4,20
TJ47MDXNW,きだい,T56X6LP0L,光の海,845,8,10369,189770,1,4,5,1,5,6,6,1,29
YAX2WA2M6,陸奥朱雀,F5XJ40VXD,ココロの旅,648,0,10371,189590,2,1,1,1,1,1,1,1,9
4GK496UTY,Virginia,8MDA3A0AK,イベント用,744,2,10372,189500,1,10,1,1,5,3,4,4,29
J59KB6Q0H,就活おじさん,PHLRY3XRP,とりあえずやろう,730,0,10372,189500,2,1,1,3,1,2,1,1,12
7P9HJYFKA,t-Pon,JLKVK4MY7,マッタリくらぶ,1058,5,10374,189410,1,1,1,4,1,4,4,5,21
EB4DR4NMJ,Tomomich,,,419,0,10375,189320,1,1,1,1,1,4,1,1,11
8HB5BY79W,ぷらり,,,874,1,10376,189230,2,1,2,1,3,1,1,1,12
HG48BVEE1,梅の炭酸水,LWN3AC15T,おひるねこ,468,0,10376,189230,2,1,1,1,1,2,1,1,10
YMNAZ8E5E,十字路,U0JJLF0DC,素敵な暇人の会,931,2,10378,189050,1,4,3,4,1,1,1,4,19
IZCGVPO3W,DrWorm,RKT7BC4F6,人形浄瑠璃乃,1026,1,10379,188960,2,4,1,5,4,4,4,4,28
UFV7KYT1Y,どん,9C0KWR782,まったリンクラ,1095,2,10380,188870,2,5,1,4,4,4,4,4,28
CTMK4EG3N,秋山澪,,,492,0,10381,188780,2,5,1,1,1,1,1,4,16
36MMC3ML5,ひろ,,,938,2,10381,188780,2,7,2,4,1,4,4,4,28
BM98THT78,Hade,AJY1P26BR,蓮JJAM!,214,0,10383,188690,3,5,3,3,6,4,4,5,33
KTOBAG8H4,おいもさん,PDTRRYUGM,石川県民ひろば,621,0,10384,188600,4,4,1,1,1,2,1,1,15
Y7V1JJKVB,たま,G8EE23LB9,虹ノ空クラブ,788,0,10384,188600,1,4,1,1,4,2,1,4,18
54GML8RR4,クリーデル,J5CKL5YPX,ログイン勢かもん,825,0,10386,188510,1,1,1,1,1,3,3,2,13
V8RAAVMN4,虎フジ,EHGD5JJK1,限界夜行,996,1,10387,188420,2,1,1,1,1,3,1,5,15
JC3FNKIRJ,ノックス,U1X8XUL9G,イベント用？,1095,3,10388,188330,1,4,2,1,4,4,4,4,24
N0C4M8H6W,オイニー,9YG7C0VM7,綴理と無言で昼寝,1079,4,10389,188240,2,5,1,4,4,4,5,5,30
RGYGHEWDP,はる,0UTVRAKFL,平穏無言,969,1,10390,188150,1,1,1,1,1,2,1,1,9
XN0GJBBEV,新世界,HK0E91U71,放課後写真部,1168,6,10390,188150,1,4,1,1,5,4,4,7,27
2VNI0ZA5X,はなよーそろー,712BAU037,じゃんけん同好会,799,0,10392,188060,1,1,1,4,1,4,1,1,14
W147IP0BS,するめ,YAD615PCK,蓮を咲かせる泥達,1064,0,10393,187970,1,4,1,4,3,2,4,1,20
FB752OQHK,Cysqua,GL8PF1YV6,Cysqua,1089,2,10394,187880,1,4,3,4,2,4,4,6,28
RVWHYN5DV,ゆういち,J4R8W2ERA,ゆ,738,0,10395,187790,1,4,1,4,4,4,1,4,23
YW2AW7EBW,azusan,U57VPUTEE,ゆったりクラブ,571,1,10396,187700,2,1,1,4,4,2,1,1,16
U5JB9LY8Y,あおふね,V830CTTX3,日野下後輩,964,3,10397,187610,4,4,1,4,5,6,4,5,33
H3FC2EG1E,まるあや,,,285,0,10398,187520,2,3,2,1,4,1,1,1,15
A4KKXEGNB,？,5HFRK5BHL,中文孤兒社團,345,0,10398,187520,2,1,1,1,4,4,1,1,15
0JPLN1X9F,雄星,8UJNTV5BX,のんびりと部,1176,4,10400,187430,1,7,2,4,5,4,4,5,32
HGNPDWCRK,片桐,G59NGM0XA,シュリーレン,961,1,10400,187430,2,4,1,5,8,8,4,1,33
3NJ7XNMFY,ゲットー,0L35JLBPY,はすはす,787,0,10402,187250,2,5,2,4,4,4,4,4,29
TGAYRAJ97,せり,KGBDPVHXM,1ミリ手前,249,0,10403,187160,1,1,1,1,1,2,1,1,9
4AEVEELWK,クスノキ,5C71R2VCV,蓮輪会(仮),115,0,10403,187160,4,6,5,5,4,6,4,4,38
8ZFR5ND64,KIKONA,,,985,4,10405,187070,1,8,1,1,7,4,4,2,28
UVLHLQ6CZ,オバサンアイドル,6BFC4G5YG,蓮ノ空足湯同好会,978,1,10406,186980,1,4,2,1,4,2,4,5,23
BCR4YMPWV,391009,KGDNX3EF3,ENcircle,641,0,10407,186890,2,4,1,4,4,6,5,4,30
J95E56X92,みみた,RKT7BC4F6,人形浄瑠璃乃,965,6,10407,186890,1,2,1,1,4,2,1,1,13
HD20Y9RPU,奏者,,,341,1,10407,186890,1,4,1,1,1,4,1,1,14
1D9N2DHWT,おぐり,PY4Y88935,平日忙しい人たち,1359,9,10410,186800,1,6,1,4,5,4,7,8,36
1RS5KJPJC,なーさ,E1HVJ71JR,ご自由にどうぞ,673,0,10411,186710,3,5,2,2,3,3,6,6,30
M4XUIOIML,ようスケ,BW38LDPRF,蓮浦の星空,771,3,10412,186620,2,1,1,1,1,2,1,1,10
YCLFUB2X9,たつや　17,XXVVJY6FE,はぴぱれ,789,3,10413,186530,1,9,1,5,5,7,7,5,40
PVDVWMKGA,K17,YADX9DY49,ﾊｽﾉｿﾗｰ,989,1,10414,186440,1,2,2,1,3,2,2,1,14
6OB3PXZXA,ジョーニアス,GWGDMA3YC,初心者無言自由だ,715,2,10415,186350,3,6,5,1,1,4,1,1,22
C8RJ55PBX,ゆ,,,482,0,10416,186260,1,2,2,4,1,4,4,4,22
NF2APJDYD,ｽ,,,565,2,10416,186260,2,2,2,1,1,2,1,1,12
E6UEARDD7,KTH42,CJWR9P8LM,花帆さん愛でる会,639,1,10416,186260,2,1,1,4,1,3,1,1,14
PXGBT8B48,すずき,ENLEJM4NU,ミジん子,927,0,10419,186170,2,4,1,5,4,1,4,1,22
PMY2F9R75,んぼ,57UT319NN,蓮ノ空同好会,398,1,10420,186080,5,4,3,2,4,1,2,4,25
8T4L1344D,秋陽,WKG02VMU6,先輩で遊ぶ2年生,737,0,10421,185990,2,4,1,4,4,5,4,4,28
XVOIL36I6,tori,LCH1TVXTJ,サークル名,980,0,10422,185900,1,1,1,2,5,1,5,5,21
2G67AO859,だいすけんた,A73H7ENN2,エロマンガ同好会,1032,1,10423,185810,1,2,1,1,1,8,2,4,20
B318C95TU,区間準急,FG9A9ARX1,忙しい人あつまれ,617,0,10424,185720,1,4,1,4,4,6,1,1,22
JKV3PF93N,Masato,KXMXL2KRX,超初心者,568,0,10425,185630,2,4,1,4,1,4,1,4,21
OFHDW7B5R,Arata墨,N1JAJ83CA,蓮ノ空園芸部,1032,8,10425,185630,1,1,1,7,7,7,1,1,26
4ZOQKZRVJ,neko,8TXDN9C2K,αβγδε,999,0,10427,185540,3,4,1,2,4,4,2,4,24
271MKYGM7,まひるま,9DKR4Y2CJ,蓮ノ空老人会,1299,7,10428,185450,1,6,1,4,6,4,4,6,32
W8IFKWYUQ,長官,865UE9UC6,蓮ノ空うどん部,1001,3,10429,185360,3,9,1,4,5,5,2,4,33
B2LT3FPNN,しおん,3FF3NB77X,せーはす愛好会,184,0,10429,185360,2,1,1,1,1,2,1,1,10
WLTH37DD1,なーたろす,GN1798YEX,ド!ド!同好会,370,0,10431,185270,2,1,1,1,1,2,1,1,10
VZ6HMPMD4,ひかぜ,279NUYU7C,れんこん,1103,0,10432,185180,1,3,1,4,5,4,6,5,29
XAFRPGZIX,ま(*･ω･)ﾉ,HKETDDCK6,ぼっちざ蓮!!,1087,5,10433,185090,2,4,1,4,1,4,4,4,24
1JDIN6IYH,推参,JXEDYTP5A,サークル,772,0,10434,185000,3,4,1,5,4,4,4,4,29
3ZJILZJ05,ほしみびと,1UGGUYD5K,孤独の要塞,1248,1,10435,184910,1,4,1,1,5,4,1,5,22
2SWW6W6FJ,tnpy,XPX36F6JX,無言初心者お試し,935,6,10436,184820,1,1,1,1,7,2,2,5,20
RV1DD28DV,Runaway,FG4170141,♪さやか愛好会♪,380,1,10437,184730,6,7,4,1,5,6,5,3,37
9BHFE79JR,SONIG,08825LEVF,ソロ用,661,3,10438,184640,2,10,2,1,1,1,1,9,27
P2B3LU8HK,午詩,AVX749PPB,姫芽ちゃん親衛隊,548,2,10439,184550,1,3,1,1,1,4,1,1,13
0VQKCO7RJ,すあま,0MHM887UA,円都流氓,1045,3,10440,184460,1,1,1,1,5,1,7,7,24
8T9KC5RGQ,タケゴロウ,PPAHU1TNY,蓮ノ空のんびり部,1296,6,10441,184370,2,7,1,4,4,4,4,5,31
5GDKME4TB,澄秋,6BFC4G5YG,蓮ノ空足湯同好会,954,12,10441,184370,1,6,1,9,1,10,1,1,30
Y1YAVL10C,リック,FHAVBM2LV,ぼっち,595,0,10443,184280,2,4,1,4,4,4,4,4,27
1RXW9NLN3,Kutuzov,8588YN91J,虹咲学院,440,0,10444,184190,4,4,3,1,3,3,4,2,24
CPHNHRVNV,yoshicha,W3F0URUJC,梢先輩応援団,993,6,10445,184100,1,1,1,1,4,7,1,7,23
3PYRAVHFV,キレネンコ,BHW3RTLYB,カワウソ小屋,869,4,10446,184010,2,7,1,1,5,2,4,2,24
FSX2W90CX,ずらまるはなよ,C715VAD52,お試し中,934,0,10447,183920,1,8,1,1,4,5,1,1,22
PRLFFM60J,カネキミ,8MTLYLH9F,木星月華黄金宮,304,0,10448,183830,1,5,1,4,4,2,1,1,19
GF3YE8VB5,しらもも,,,195,0,10449,183740,4,6,6,4,6,2,5,1,34
Y5P48ADWP,フラワーだいふく,73VTANA71,隨緣努力^▽^,545,0,10449,183740,3,1,1,2,5,3,4,1,20
HFWL6D1LX,りふぇ,GCFA4WL28,乙宗梢を愛で隊,892,1,10451,183650,2,4,1,4,1,4,4,4,24
4CH709R4D,みるっひ,9C0KWR782,まったリンクラ,374,0,10451,183650,2,4,1,4,1,4,4,4,24
1P2G7VUUR,セイ,,,372,0,10453,183560,2,6,1,1,1,1,1,4,17
JEJ9AFCBB,shige,2AUM7L9BW,蓮初心者クラブ,772,1,10454,183470,1,1,1,1,1,2,1,1,9
SCZ35ALGU,カカオ,7UAN6RT0D,さや弁食べたい,1241,3,10455,183380,3,10,2,4,6,4,4,4,37
LKC4T71WG,凪原,,,1051,0,10456,183290,1,6,1,4,5,4,4,4,29
UUUMPKHAR,ちゃみ,AXG81GPMP,蓮ノ空マタギ部,934,0,10457,183200,1,5,1,4,4,4,4,4,27
GAEI9QPFF,チャン,JCRNT9GKB,ハントンTKG,821,2,10458,183110,1,1,1,1,8,2,1,1,16
R5F7C871D,あわきしん,3F0M4HXJE,蓮ノ空まったり部,572,0,10458,183110,2,2,1,1,1,1,1,1,10
JDUVUX23T,柿崎115,,,393,0,10460,183020,2,5,2,4,1,1,4,2,21
L5NMECP05,仕事虫,WPG6BCG83,基本無言,505,0,10461,182930,2,1,1,1,1,4,1,1,12
B4TAH96IT,Ｚ’μ,9D1P6AXUR,link-er,898,2,10462,182840,1,1,1,7,1,2,1,1,15
QKDV7NJVW,まとい,C2XLWUTL1,夕霧綴理親衛隊,852,4,10463,182750,3,5,1,1,1,3,1,2,17
D71H3ZZH4,シン,,,1073,7,10464,182660,2,1,1,1,5,7,1,1,19
RHJEHEK4E,Kazuya,VN1LXEHLR,綴理、愛,1018,0,10465,182570,1,1,1,1,1,2,1,1,9
A8OXZ8SW8,鈴木彰久,TXNCTRR1U,瑠璃乃推し隊,1245,6,10466,182480,1,5,1,4,4,6,4,5,30
GPO7XX5AB,しうへい,4RY75CKM4,LLすこ部　メ募,1237,1,10466,182480,1,4,2,1,6,4,7,5,30
8FGWEK87N,おいどんでごわす,E0JM59N1E,花咲梢,784,0,10468,182390,2,4,1,1,4,4,1,4,21
HDPL1RHVY,D.木吉,H5UXKCM5F,鼓風　金沢支部,1153,0,10469,182300,1,5,1,1,4,4,1,4,21
1VSM4SZ82,ネッチ,30W3RA65G,蓮ノ空自由クラブ,918,1,10470,182120,1,1,1,1,1,4,4,4,17
P7JZZ4I08,トゲナナフシ,,,827,0,10471,182030,2,4,1,1,4,4,4,4,24
2TY6N2HA3,雪兎,VF517JBVB,無言でいいよ。,1088,7,10472,181940,2,4,1,2,1,2,2,1,15
40JFR39D8,けろけろ,0NLHKATWL,生きてるだけ偉い,698,0,10473,181850,2,6,1,4,1,7,4,5,30
CU2NB5K8F,絶空鳳凰天翔,6C9R15BLY,スクスタ避難民,734,0,10473,181850,1,7,1,4,4,4,4,4,29
TK001VF4J,まつ,HKETDDCK6,ぼっちざ蓮!!,699,2,10473,181850,2,1,2,1,1,8,1,6,22
YCJL6H422,ララライブ♪,E8K438RP1,リンクラ初心者部,1118,10,10476,181760,2,4,1,4,4,4,4,5,28
5J0AW7P4Y,找个流畅的玩,M67ACEP3M,オーバーブースト,708,2,10477,181670,1,4,1,1,5,4,1,1,18
MA7RBFG57,8823,,,855,5,10478,181490,1,9,1,1,2,1,4,1,20
9G1K2K9PK,ayumu,MWT91W455,つづこず大好き部,818,8,10479,181400,2,5,1,8,9,8,2,1,36
U1P4JY16R,ジャック,T045NDKW0,♬さやか愛好会♬,705,0,10480,181220,2,2,1,1,1,2,2,1,12
BBU09VTW4,ChurChil,,,169,0,10480,181220,4,5,3,3,4,1,2,1,23
6CPM1WMV8,よそら,DMDVHGFUG,蓮の釣り部,500,0,10480,181220,2,5,1,4,4,3,4,1,24
WOXC1M5Z5,タオグピ,639NXLKJ5,Lotusky,1156,0,10483,181130,1,5,1,4,5,5,4,5,30
4KGK07NDB,きみここ,5YEE75CB4,ロビーで待ってる,570,0,10484,181040,5,1,1,1,1,4,1,1,15
MKWPULHN3,とうふイオ,ULUELCJ7T,なるようになる？,919,5,10485,180860,1,5,3,1,4,4,2,3,23
6DHWB7F9J,大幸奈緒,2DYYAPFVN,蓮っ子村,691,0,10486,180770,1,1,1,1,1,2,1,1,9
L1MD1Y57L,ワタナベ,VLWLECVXE,三神さやか様,114,0,10487,180680,9,10,8,2,5,3,1,3,41
NP88EXM2X,F4103,,,200,0,10487,180680,4,5,2,2,2,1,1,1,18
1475BFF4R,ホワイトリリィ,8UJNTV5BX,のんびりと部,1042,0,10489,180590,2,5,1,4,4,4,4,5,29
QVQBMRZL4,相馬流尉,X784G0GKM,異次元から来た,1017,5,10489,180590,2,2,2,1,4,2,1,10,24
XMPH0E2BV,syer,23PGPJ3NV,蓮ビギナーの集い,184,0,10491,180500,2,1,1,1,1,5,1,1,13
I1PC58B99,ムーラン,NDGW77R2V,こず花帆尊い,1250,5,10492,180410,2,6,1,4,4,4,6,4,31
B66JT4PPC,シマ,C52VR77BJ,イベント参加用,344,0,10492,180410,4,1,2,4,1,4,2,4,22
Y5T4YJ4C9,mutsuki,1D7T2UXC2,無言でのんびり,1050,2,10494,180320,2,5,1,4,4,4,4,4,28
6YDR246UM,ナメコ21,4RNUXBXGL,みらぱ最推し,404,0,10495,180140,1,3,1,1,5,3,1,1,16
YBGG5M34D,テント,60KU468X3,はっすーず,173,0,10496,179960,1,1,1,1,1,2,1,1,9
73GWZADA2,おはぎ,X0WB1EP9G,つぶあんおはぎ,1119,2,10496,179960,1,5,1,4,4,4,4,5,28
FXRWAC6UC,ティル,,,401,0,10498,179780,2,5,1,1,1,1,1,4,16
21DUUB9Y0,ジュリアン,,,910,0,10499,179690,3,4,4,3,4,1,1,5,25
F6E68CG1L,うさぎ,762FM3JV4,一蓮托生,1066,0,10500,179600,1,4,1,1,5,4,9,9,34
JWW4XBV8D,ムロ氏,MG3X118W7,大室家,995,6,10501,179510,1,6,1,1,5,2,1,1,18
G0UWXYYP5,ほやほや,GTVVCW6XE,よく分からない勢,187,0,10501,179510,3,4,1,1,4,3,1,1,18
1MP5JX3F6,ニロク,N1JAJ83CA,蓮ノ空園芸部,1165,20,10503,179330,1,5,1,4,8,4,10,9,42
2V71BTN96,ゆぴ,3LCTFNL70,さやカーディガン,534,0,10504,179240,1,4,2,4,1,2,1,3,18
FMRJMR9Y7,初心者です。,A8BJ5V3ET,はすのそら,994,1,10505,179150,4,4,1,4,4,5,4,4,30
FWTKK3ATU,ヨウスク,HBD61R6WC,梢先輩すきすき部,975,0,10506,179060,2,4,1,4,4,4,4,4,27
MRFNU8UFP,じょじょざっく,,,770,0,10507,178970,1,7,1,1,5,4,4,4,27
9S6AG7JB1,もり,CXPCM150X,サークル,1120,2,10508,178880,2,4,1,4,5,4,4,4,28
ML1CXSF9E,レイ•ゲン,AGJ215YND,蓮の空中國分校,1174,14,10508,178880,1,3,1,1,1,4,4,4,19
HR4FKL0J3,中田久木,XJHATLDVB,さやかほ観測所,1089,3,10510,178790,1,4,1,4,4,2,4,5,25
XAYGJYVKM,高間悠也,4CG7FRNG0,蓮ノ海寮(仮),366,0,10511,178700,5,1,1,4,2,3,2,1,19
FXR75TV9H,ベーチカ,ELTW62751,安全バーは君の腕,277,0,10512,178610,1,1,1,1,1,3,1,1,10
W4BTJBGA8,IKADNA,,,861,0,10512,178610,1,1,1,4,5,1,4,6,23
46VFR1TN5,SEVEN,FHN78V2DJ,無言でどうぞ,954,1,10514,178520,4,3,2,1,4,2,6,6,28
TWC25TH1B,るる,WN3LHKX0L,レンコンおいしい,1041,12,10515,178430,1,7,1,5,4,7,6,4,35
5KPAFPNHK,エビチリ,30W3RA65G,蓮ノ空自由クラブ,959,0,10516,178250,3,4,1,4,4,2,4,1,23
93U0T3YEF,オーシア,,,859,5,10517,178070,2,8,1,1,1,6,1,2,22
HR9LXDXPF,&U,GPKTRBCTT,騎空団蓮ノ空支部,888,2,10517,178070,5,6,3,4,4,5,1,4,32
5WH0DG5JD,camellia,,,452,0,10519,177980,2,6,1,5,1,1,1,1,18
5FGLY0GA6,はーき,,,176,0,10519,177980,2,1,2,1,3,3,2,1,15
TJA44G7WH,ペロペロ134,8VTJCPM0T,レッドショルダー,1025,0,10521,177890,2,1,1,1,5,1,4,5,20
785GWDE4T,しゅー,4RNUXBXGL,みらぱ最推し,237,0,10522,177800,2,1,3,1,1,4,1,1,14
5X58VP3PT,まんごー☆,WHWT61ELR,【無言】ハスノソ,1171,6,10523,177620,1,1,1,1,1,2,1,1,9
HCD8701LT,へのじ,PG2NURUKJ,へのじサークル,1007,3,10524,177530,1,4,1,4,1,5,4,4,24
Z6UR7KO76,くろねこ,6713P80H8,らーめん食べたい,1356,1,10525,177440,1,4,1,4,6,4,5,5,30
1J9CENQQ5,messe,YC3DCPM7M,福井大学ラ研,1099,11,10526,177350,3,2,1,5,6,6,1,1,25
YGBAO4UT9,けー,JRAC1HYUD,SPHS-MMT,947,5,10527,177260,2,1,1,1,4,2,2,7,20
DY2W32P67,月光KID,G202YTPW1,無言倶楽部,896,2,10528,177170,1,4,1,4,1,2,4,1,18
PK5XF7CCU,ゼオン,5JA9K5FAK,オタサーの姫芽,367,0,10529,177080,2,4,1,4,1,2,1,7,22
TBP7UDXHY,Sakura,BWD9U1EJ2,蓮之空中国同好会,874,4,10530,176990,1,1,1,1,1,2,1,1,9
WT03JBC31,輝秋光,WKG02VMU6,先輩で遊ぶ2年生,583,0,10531,176810,2,4,2,4,4,4,4,4,28
2ULKX6U2Y,でかぷよ@おな,8NF0R4W81,地下結社めぐ党会,1058,3,10531,176810,1,3,1,1,1,4,1,5,17
9K5B0SU0Z,理由,6KUYCDLGR,かよちんは宇宙,967,0,10533,176720,1,4,1,1,5,2,1,5,20
3LPC3YLDU,葬送のかおぴか,0CBM28JP6,ほうき星,214,0,10534,176630,1,1,1,1,1,2,1,1,9
VXJT4K3XX,空色,G85JUBW1R,緩りと,749,0,10535,176540,1,1,1,1,1,1,1,1,8
OYGL4Z3WG,耀く学院生,07GTU1BPX,蓮乃空,1012,1,10536,176450,1,4,1,4,6,1,4,1,22
UF3YV21BP,確定,LD34NCH5R,NERV,1091,5,10537,176360,2,1,1,4,5,4,5,4,26
H7PWU2C3F,鶉音,N83DW3NYG,†極最強倶楽部†,962,2,10538,176270,1,4,1,4,4,4,4,4,26
NMJYY0FEU,ドライ,K95YH6P1C,蓮ノ空泥の会,946,0,10538,176270,1,5,1,1,4,6,4,1,23
GFYER6UIM,Taichi,L6MF2MPBN,みらくらぱーく党,820,2,10540,176090,3,4,2,5,1,2,4,1,22
RAN7J2K7L,ありさん,,,540,0,10541,176000,3,4,1,1,4,4,4,4,25
18QTHO3EQ,るみ♪*ﾟ,JE7V5MM31,蓮ノ沼に沈んだ泥,1044,2,10541,176000,1,4,1,1,1,3,1,5,17
DM302KH8H,たぬき,G89BFNPFC,牧場,305,0,10543,175820,2,1,1,4,1,3,1,4,17
SILA21JL4,フルムーン,GLP0WPDRM,イベント用の泥,608,2,10544,175730,1,4,1,1,1,2,1,1,12
DYBM5L2Y9,てってってー,,,178,0,10545,175640,2,4,1,1,5,1,3,1,18
DL45WBFL7,アオイ,JWUL2T36L,チーム初心者,507,0,10545,175640,1,2,1,1,5,10,7,10,37
D95M35FU6,やんと,0UTVRAKFL,平穏無言,601,0,10547,175550,4,1,1,1,1,2,1,1,12
REC88DH2L,はせ,3BE2RELRC,見晴台,881,3,10548,175460,3,4,1,8,8,4,1,1,30
DKXPRFRGH,M3NB4L,GPKTRBCTT,騎空団蓮ノ空支部,949,0,10549,175370,2,1,1,1,1,2,1,1,10
T9PX6UVFY,ツキルア,,,265,0,10549,175370,2,5,2,1,3,1,1,1,16
T4K8H4GDM,じん,M851LEV3N,なっす父兄,829,2,10551,175280,3,8,1,4,4,2,2,4,28
2H7W1F964,ヨガヲ,60D1TTYTV,無言自由会,1005,6,10552,175190,1,1,1,4,5,4,5,4,25
CALLO8ZXL,やまんぼ,3BE2RELRC,見晴台,781,2,10553,175100,2,2,1,4,7,6,1,4,27
M64XC71EV,Usagi,X19MP0NTT,蓮之空河豚养殖場,771,0,10554,175010,2,5,1,1,1,2,1,4,17
Y7T6D46TB,yuuto,EHXCUMC9U,十六野村,1099,1,10555,174920,2,7,1,1,4,1,2,1,19
JJ7NK33L2,迷矢之澤,DHKUGEWBJ,めぐ党虹ヶ咲支部,959,0,10555,174920,2,1,1,2,1,4,1,4,16
8FZYVDZ06,章きち3世,G6EH0KHT7,なんもわからん,878,0,10557,174830,2,4,1,5,4,2,4,1,23
6MM5VH5ER,bera,XA0XD41CM,ぼっちぼっち,564,0,10558,174740,2,6,2,4,8,2,5,7,36
PZQKUPVGY,taka,2J6PVJ9D9,ブラックロータス,725,1,10558,174740,1,1,1,1,1,1,1,1,8
3IL84AK0F,なつなつな,7C8MGNVHJ,ドンと来いだよ！,932,7,10560,174650,2,1,1,1,1,3,1,1,11
W8409A9UX,t,,,97,0,10561,174560,7,6,5,5,2,2,3,4,34
PB281L145,華久夜,8HUPBBHNC,蓮女「ぷりずん」,1020,0,10562,174470,2,5,1,4,4,6,4,4,30
B3WRU32R8,アムレット,E050K9859,蓮党,799,0,10563,174380,2,1,1,1,1,2,1,1,10
XPA87PJYE,George,0PJ19NAE3,蓮ノ空同好会☆,623,0,10564,174290,1,4,1,4,1,2,4,1,18
LT3WK4582,さーもんおすし,,,640,0,10565,174200,4,1,1,4,5,1,1,5,22
EGCGC6JY2,アリス,JRAC1HYUD,SPHS-MMT,709,5,10565,174200,4,9,1,1,4,9,1,1,30
JQZDGKHHB,俺は悪くねぇ〜,JELJU33D4,蓮ノ空同好会,1009,2,10567,174110,1,8,4,1,1,5,1,1,22
U4REACV4D,AI,CP5JE6KFV,コイコイクラブ,898,0,10568,174020,1,4,1,4,4,4,4,4,26
AVWUDPSXF,まぐろ,XLX3R7HBT,自由さーくる,1098,2,10569,173930,1,4,1,4,1,4,4,5,24
WU8RR5CNP,0701,YDYH4VRRP,レンクウ,524,0,10570,173840,2,1,1,1,1,2,1,1,10
ML8V1EO0V,カラスマル,,,538,0,10571,173750,2,1,1,1,1,1,4,1,12
LDUO0VZCJ,ふぃむ,M6UPWJ6DU,蓮結ぶ虹と星の音,1276,4,10572,173660,3,9,1,5,7,7,4,5,41
TG4FNTABV,えむむ,4EEENDTTW,みらくるすぱーく,1017,3,10572,173660,1,1,1,4,1,1,1,9,19
GJLCGRH39,ミルフィ,WN3LHKX0L,レンコンおいしい,963,0,10574,173570,1,4,1,4,5,7,4,4,30
6M8D2VLM6,ううう,,,733,0,10575,173480,1,6,1,4,4,4,1,4,25
PC4RDT2PH,cyberful,AAHB7C276,HaCordVN,996,8,10576,173390,2,4,1,1,6,4,4,1,23
PER4R0346,ETO,T03T2W3UX,N.K@,1129,4,10577,173300,1,6,1,1,1,5,4,1,20
74U79Z6PN,マルディーニ,GLP0WPDRM,イベント用の泥,877,1,10577,173300,2,6,1,4,4,3,4,1,25
7OZ19LLPT,ゆ←の,KB5BFK7J6,おはめぐ党本部,910,1,10579,173210,2,4,1,4,1,4,1,1,18
7YOMDVY69,ボタン雪,,,796,0,10580,173120,2,5,1,4,4,1,1,1,19
7L3FN79FL,ルーキー,0NLHKATWL,生きてるだけ偉い,584,0,10581,173030,2,1,1,1,1,2,1,5,14
XF1GCJMZ3,hina,DUK0X7DB1,中国愛蓮同好会,895,1,10582,172940,1,4,1,4,4,4,5,5,28
X2S7JG3MC,フク,LB0K3MHND,フラワー,1200,8,10583,172850,1,2,1,1,9,2,7,5,28
C03Y30C1D,アリア,,,361,0,10584,172760,1,3,1,1,1,3,1,1,12
FMH291MCJ,CatTea,G8F0M2PH2,アフターウォール,650,4,10585,172670,1,1,1,1,1,2,1,1,9
GDODD7U5B,hideshi,KPABV0UJM,蓮の空サークル,1023,7,10586,172580,1,1,1,4,1,4,4,4,20
DWB2C1NTT,水鏡ありな,2LLNGYPU6,禁断のセカイ♡,841,0,10587,172490,1,4,1,4,1,4,1,4,20
68CY4ANVP,悸动战士,M08GKL70U,ららマジ難民の会,624,0,10588,172400,2,4,1,1,1,4,1,1,15
MLS7D2AQO,水空 楓,6RF9XY3GD,さやか部,1057,2,10588,172400,2,6,1,2,4,4,4,4,27
VCW33KG2D,gooty,WJ7GF9WVV,愛と想いやり,838,2,10590,172310,3,6,2,4,4,3,4,1,27
Y7R2GQMUL,ドフラミンゴ,N94LEWF2D,無言よわよわの会,1034,1,10591,172220,1,1,1,1,5,2,1,1,13
BHC1Q5Z6U,ゆる,9147HWMAR,誰でも大好き,1057,4,10592,172130,3,5,1,4,5,1,4,5,28
CCX01Y64D,ルーシー,,,294,0,10593,172040,9,4,2,1,4,3,2,2,27
42K7BVA1K,ハク,HPTHY23VR,蓮ノ空文芸部,359,0,10594,171950,2,1,3,1,3,2,1,1,14
8AYYRWFO5,ちゃー,E7UBR0A2W,冬枯れの原っぱ,1549,8,10595,171860,5,6,6,5,10,8,7,9,56
AA3M4FLUR,mariko08,WXKKXU0H0,無名,745,0,10596,171770,3,5,1,1,5,5,1,1,22
66K0JJ0WD,つる,4LU50R56J,誰でもOK,204,0,10596,171770,3,1,1,1,1,3,1,1,12
KTTQWMSG0,トレヤン,,,1160,4,10598,171680,3,4,1,4,4,1,4,1,22
XBNLTC8FN,結城みるく,NMRKHYYRM,ご自由にどうぞ,831,0,10599,171590,1,1,1,1,1,4,1,5,15
UQRHDCUCA,ソラ,M49MMBK4F,スリーズパーク,984,2,10600,171320,2,1,1,4,5,2,4,1,20
NP4AVG7XM,れもん,DJC4WJXGV,無言出入り自由,369,0,10601,171230,1,1,1,1,4,3,4,6,21
HJL0WBHKB,サチ,9UKKACGDU,蓮っ子CLUB,1128,6,10602,170870,2,4,2,4,6,5,5,4,32
LLE02YP33,朱莉,7NFK6A4AN,だらけ屋本舗,991,4,10603,170780,2,6,1,1,1,2,6,5,24
CGVG1TYG2,レイ,UPNXW2A69,ライグラ報酬集め,723,0,10604,170600,1,4,1,1,5,3,1,1,17
SHVBBTTPE,にせ,UHF5Y8PEF,さやちゃん倶楽部,1297,19,10605,170510,2,5,1,7,1,2,1,7,26
CW2R3UJFM,みよし,H6JWBBGCG,蓮天・乙宗一心流,980,6,10605,170510,2,1,1,1,7,4,2,1,19
ET9AFXDJR,二葉さな,5GPNC2L1X,Vsinger,237,0,10607,170420,3,6,1,1,1,1,1,1,15
5JCF1TMKM,大福海老蟹,,,355,0,10608,170330,1,4,3,4,5,4,1,4,26
AD4Y1DTDX,ハルハル！！,V96VU5F4L,よもぎモチモチ木,270,0,10608,170330,2,5,3,9,4,2,2,1,28
9RUFC4LX9,ヒルト,4EEENDTTW,みらくるすぱーく,971,2,10610,170240,1,1,1,1,4,4,4,4,20
LW110WWY2,AI,CP5JE6KFV,コイコイクラブ,877,0,10611,170150,2,4,1,4,4,4,4,4,27
9BKGVY63F,流浪人,V6DKUH6JT,報酬だけほしい,673,1,10612,170060,3,6,2,4,8,6,2,4,35
YBW3MACTM,さだりん⭐️,,,728,1,10612,170060,1,5,1,1,1,4,1,1,15
XSEWWV0PG,おもち,TDHKGHFPA,無言参加○！,1029,0,10614,169970,2,4,3,4,5,5,4,4,31
K5UNBYKX2,なよん,XHJLF3R8H,ゆったりプレイ,994,0,10615,169880,1,4,1,1,6,6,1,4,24
NDWDG60DS,りゅ,Y35U9K1BV,ゆるラブライブ！,1215,0,10615,169880,1,1,1,1,1,2,2,1,10
PPYRYBNA7,るぅ,3F0M4HXJE,蓮ノ空まったり部,972,0,10617,169790,4,6,1,4,5,5,4,5,34
50O4H8W9S,Delia,YABXAFRG0,ハナタバウリバ,1078,6,10618,169700,1,7,1,4,4,4,4,4,29
EMEAE0LWB,S,31A7JKC69,蓮好きの巣窟,1024,0,10619,169610,2,1,1,4,5,4,4,4,25
BC2FT01JY,大山敏郎,,,822,1,10620,169520,2,4,1,4,6,4,4,4,29
9N7LBXMGN,N,PHMJLJY5E,ラブライブ愛好家,916,3,10621,169430,3,10,1,1,4,6,3,1,29
5FK7DR7FK,黒光り,865UE9UC6,蓮ノ空うどん部,910,0,10622,169250,2,1,1,4,5,4,4,4,25
3LMJXWUZB,勤狼,FHN78V2DJ,無言でどうぞ,949,0,10622,169250,1,1,1,1,1,2,1,1,9
34OL2N369,レオン,J5CKL5YPX,ログイン勢かもん,513,0,10624,169160,2,4,1,1,2,2,1,1,14
DDGR5E8JM,えむけー,N94LEWF2D,無言よわよわの会,889,0,10625,169070,2,5,3,1,4,2,1,1,19
BAAJV8L94,しぐま,3LPBPHL3V,壁の民の伝説,677,2,10626,168890,1,2,1,1,3,4,2,1,15
N6L3BDRKG,X,N1JAJ83CA,蓮ノ空園芸部,948,6,10626,168890,2,1,1,1,1,2,1,7,16
PHHW9BRUF,ぴす,LUDNM40F8,ふくふく無言OK,675,0,10628,168800,2,4,1,4,4,8,4,4,31
JTXOPPF0Q,なぐモン,RAXHF9WVD,ちぇす党,1009,0,10629,168620,3,1,1,1,1,4,1,7,19
M3EKH9MXX,ゆうにゃん,,,213,0,10629,168620,2,2,1,1,1,2,1,1,11
1KVU1WXMJ,まろん,YADX9DY49,ﾊｽﾉｿﾗｰ,297,0,10629,168620,1,1,3,1,1,3,1,1,12
4PN58S2U4,ゆーき,2U4GLJXLJ,泥の中の養分,928,6,10632,168530,1,1,1,5,5,6,1,1,21
B7G70HIEL,chappie,M61FLLUT4,泥中ノ蓮,860,0,10633,168440,1,5,1,4,5,4,4,4,28
LHNS2DHO7,PlayX67,6DXDMMC1G,Px67,1049,4,10634,168350,3,4,1,4,4,4,4,4,28
ZWHSWWPJQ,ナツ,WLBYGHXPD,大天使村野さやか,501,0,10634,168350,2,4,1,1,3,2,1,1,15
VP6FE3UEA,ならすふ,DH97ANN9G,ツキマカセ,630,0,10636,168260,2,1,1,1,1,2,1,5,14
J3WP8L9WT,Rakkosan,R9NGK6L48,のんびりサークル,804,0,10637,168080,1,1,1,4,2,2,4,1,16
JUA7CV00V,ゆら,3RH5MYBXV,こずめぐ党,980,2,10638,167990,1,1,1,4,5,4,1,4,21
66OOO05GB,sko,31A7JKC69,蓮好きの巣窟,1154,11,10638,167990,1,1,1,1,4,2,4,4,18
A5FORB7VG,流浪な88年生,LJNCAEVAP,蓮ノ空さやか研,1142,5,10640,167900,1,2,1,1,1,4,6,4,20
A400D5C8J,Asterisk,,,577,0,10641,167810,3,4,2,1,6,2,1,1,20
WH0APKHWZ,シュガー,9VDEWVP01,瑠璃乃の集い,826,3,10642,167720,7,8,5,3,7,5,1,4,40
3FU05CH4T,シバ,2DYYAPFVN,蓮っ子村,300,0,10642,167720,2,4,2,1,1,1,1,2,14
YZH3M4XPC,もぶまろ,5NPVVUGH7,蓮すきすきクラブ,1161,1,10644,167630,1,4,1,4,4,4,4,4,26
K7VE1XVL4,エクバード,AR9HR528A,いろいろ実況,910,3,10645,167540,2,9,1,1,3,2,1,7,26
G1DM8FX3M,41,CCACL2CMM,暗殺者チーム,254,0,10646,167450,4,4,1,1,4,6,1,1,22
4G837JYY3,ボルロス,DBHVM0X7P,ガンフィンガー村,1088,2,10646,167450,1,1,1,1,1,2,1,2,10
MB251OMPT,ジャック小山,YNR28303K,りんくらぶ,783,0,10648,167360,2,1,3,1,1,2,1,4,15
REHGJRR67,sth.tkhr,,,760,2,10648,167360,1,6,1,2,1,4,1,1,17
0B5L2R52C,nobuさん,,,693,0,10650,167270,1,2,1,4,1,1,4,5,19
GLZES6BRR,黒澤サファイア,,,939,2,10651,167180,1,4,1,4,4,5,4,5,28
KHHEP4GML,尋冪小汗,J83JWJ028,大ㄇㄚˊ露營區,709,1,10652,167090,1,7,2,1,1,2,1,5,20
W709KJNFE,まっつん,4NDAG5E9N,国産牛のにげあし,491,0,10653,167000,1,2,2,2,1,3,1,1,13
3J4HMHQSE,るな,PPAHU1TNY,蓮ノ空のんびり部,866,8,10654,166910,3,1,3,1,1,4,1,1,15
Y2EBFGFX5,せつ,XVTV7MVCX,雪月花,941,0,10655,166820,1,1,1,4,1,4,4,4,20
13D93XKWG,ホンハ,FX31CNK7B,ソロ,417,0,10656,166730,3,4,3,4,4,3,4,2,27
E9VUN4EM5,Phxzx3XX,,,666,0,10656,166730,1,1,1,1,1,4,1,1,11
V4BRGTL9W,やまでぃー,NGFXVPCGX,うさぎのしっぽ,291,0,10658,166640,3,2,3,7,7,2,1,8,33
R7H02HWTE,ブレイン,,,139,0,10659,166550,1,2,2,1,2,1,1,1,11
LYTN8L8VR,ベロニカ,WN3LHKX0L,レンコンおいしい,812,2,10659,166550,1,10,1,1,6,2,2,1,24
179GXTG7C,葉桜,RB1MJJ3RA,蓮ノ奏(仮),270,0,10661,166460,2,1,1,2,1,3,2,2,14
DXL6JEB3F,わしわしの女神,PWK02KG0F,メメントの森公園,1083,1,10662,166370,2,4,1,1,4,4,4,4,24
MUP6TWMK1,カプチーノ,YK0X6N2HN,無言OK出入自由,699,1,10663,166280,2,2,1,4,1,2,4,1,17
BMTMYL0N2,わたみほ,GN9EEL045,きらくに,593,2,10663,166280,4,3,1,1,1,2,1,1,14
2IQZCRQ0N,いの,9DKR4Y2CJ,蓮ノ空老人会,1005,6,10665,166190,2,4,1,7,5,6,1,1,27
UBNMRV1Y3,横ふわ,4LU50R56J,誰でもOK,779,0,10666,166100,1,5,1,4,4,2,4,1,22
9XFINWXYX,Simon,Y337R7BW9,中国の蓮之空圈子,998,7,10666,166100,3,1,1,1,1,3,7,7,24
VGA4VJ99V,龍之宮,,,404,0,10668,166010,3,2,1,1,2,1,1,1,12
AG4JNCMAP,かみき,EYEPHE14G,花上梢頭,145,0,10669,165920,4,5,2,1,1,4,4,1,22
F4M62NB4V,ソラ,WJY2HK6A5,蓮の空イベント部,727,2,10669,165920,1,4,1,4,1,2,4,1,18
CCH6P1T5C,リック,BYA3FA0X8,無言ぼっち同好会,1052,0,10671,165830,2,4,1,4,4,5,4,4,28
BRR04P5C3,ことしゅ,ABU58EVJ2,Quatuor,607,0,10672,165740,3,1,2,1,4,3,1,9,24
9CFVHL6J7,こっとん,N6TVG18P8,すきすきクラブ,170,0,10673,165650,2,3,3,1,5,4,1,1,20
1JDY8HC96,アクアマリン,71PW1VYLL,蓮ノ空推し愛好会,1059,6,10673,165650,1,5,1,4,5,5,4,4,29
K1TW98366,ぴた,424NLTEE8,無言な異次元部屋,1052,0,10675,165560,1,6,1,4,4,4,4,5,29
UGPKJTDAW,はる,E7BN42VM3,みらくらすこ,724,4,10676,165470,1,1,2,1,6,1,3,1,16
F5IPUHHZJ,マイオン,HB9AU9DJJ,聖心党,1052,0,10676,165470,1,4,1,4,4,4,4,4,26
19JVEM3XU,mariri,7G23BHH2H,とんと,358,0,10678,165380,5,5,2,1,3,3,1,4,24
21TUE7QQY,Irina,N1JAJ83CA,蓮ノ空園芸部,890,2,10678,165380,1,4,2,1,1,3,2,4,18
MHEXGNS66,アンシー,WNMCNJ62M,チームまったり,1077,1,10680,165290,1,6,1,4,4,4,4,4,28
3B0G5IPDR,リコリス,6LJMPLM0V,蓮が大好きクラブ,1189,4,10681,165200,1,4,1,1,6,2,7,7,29
V7GH2R264,みこ,UARM4R7U7,リリエンフェルト,482,1,10682,165110,4,1,1,1,1,1,4,5,18
8CA76C3HB,ないぜるP,CWPWP1266,さすさや,511,0,10683,165020,4,4,1,4,4,6,4,4,31
NW0T92287,さぼりんご,639NXLKJ5,Lotusky,1028,4,10684,164930,1,5,1,1,5,2,2,5,22
0BU6EEMD9,みっちぇ,A457YXJ5R,個人用,1059,0,10685,164840,2,4,1,1,4,4,1,4,21
7CKTCFKJH,冷月芳馡,N1DJVPGP8,いつでも咲けるよ,246,0,10685,164840,2,1,1,1,1,2,1,1,10
TJR9JFGV6,はづき,G6EH0KHT7,なんもわからん,634,0,10687,164750,2,1,1,1,1,2,1,2,11
N75SRAW5N,翠聖（すいせい）,RKAHT9KB1,ドリームワールド,1098,4,10688,164660,2,7,1,6,5,4,4,5,34
4MNEWG4SF,ヴェス,95TAREFPT,ご自由にどうぞ,1012,8,10689,164570,1,1,1,1,1,4,7,5,21
JD2RA4NHM,ちゃき,M4E1LX8B8,こずかほ〜,1054,3,10690,164480,2,1,6,5,5,1,1,6,27
W9KR4PTCM,翼神,LL1WXGV5L,鉄花団,471,1,10691,164390,1,2,1,1,1,4,1,1,12
42WOOXD1S,マサキ,K0ATKT27L,中川左遷先,694,4,10692,164300,1,1,1,1,3,3,1,1,12
B7D28PPKV,sion,PHLRY3XRP,とりあえずやろう,450,0,10693,164210,5,6,2,1,4,5,1,1,25
GK4CBSA3R,歩留マリ,,,1076,1,10694,164120,2,1,1,1,5,1,4,5,20
BL6RJX4P9,ノア,ULUELCJ7T,なるようになる？,485,2,10695,164030,2,2,1,1,1,3,2,1,13
E1TVTPL66,mikumiku,387J15240,蓮ノ空登山部,801,2,10696,163940,1,4,1,4,1,3,2,4,20
XC8W4WDDG,ヨチオ,FN6HMA6KH,さやか激推し,1160,1,10697,163850,1,1,1,1,1,1,1,2,9
B8BR7NDM3,鮎,96LWYJ3Y6,無言絡みなし,852,2,10698,163760,1,4,1,1,4,2,1,1,15
3NJTNARMH,ちゃんぽん,18YYNRFGA,LotusSky,590,2,10699,163670,5,2,2,1,1,3,1,1,16
3QTIFW206,小胖,XXMU9WLKB,梢の機械さん,1153,4,10700,163580,1,1,1,1,1,10,4,1,20
BNUWVMEMY,てっちり,6H800PBV7,新鮮館,850,0,10700,163580,2,4,1,3,4,2,1,1,18
DRWA8X72L,シナモンロール,,,282,0,10702,163490,1,4,1,4,1,4,4,4,23
A5CYW5VH9,マチコ,,,598,0,10703,163400,1,1,1,1,1,1,1,1,8
H5K8ZTPCD,さくら,NK05UMLWW,かけ込み寺クラブ,408,0,10704,163310,1,2,3,2,1,3,1,1,14
X3BREEXNL,もつ兄,CP3KWKH07,まったり社会人部,312,1,10704,163310,1,1,1,4,1,3,1,1,13
H8WXFH9B9,るーふぁ,B216PY7KK,ゆるゆるり,858,4,10706,163220,3,1,1,4,4,1,5,1,20
0NRP458KM,空のデッキケース,T3XUTYGC3,隔離病棟,820,0,10707,163130,1,4,1,2,4,5,1,4,22
5GHDUW0XJ,ちゃたまとら,XA0XD41CM,ぼっちぼっち,414,0,10708,163040,2,4,2,1,4,4,1,4,22
4E6C1NLK3,ゆる,9147HWMAR,誰でも大好き,1079,5,10708,163040,1,1,1,1,5,1,6,5,21
GC12WU2CM,青山なぎさ,A8BJ5V3ET,はすのそら,920,1,10710,162950,1,4,1,4,1,2,5,1,19
31XG43TME,デュオ,F90XW14UP,のんびりプレイ,350,0,10711,162680,3,4,1,1,1,3,4,1,18
909IJOSJZ,かんぶつ,9DKR4Y2CJ,蓮ノ空老人会,1118,3,10711,162680,2,1,1,4,6,4,4,4,26
V0XUZM717,ケンケン321,ULUELCJ7T,なるようになる？,1101,3,10713,162590,1,4,2,4,3,4,4,6,28
KV649NMIU,ミネラル,Y4G0KF6NB,無言でやる会,1015,6,10714,162500,2,1,1,4,5,5,4,4,26
LPJDRL5M5,けい,,,249,0,10715,162410,3,3,1,1,1,1,1,1,12
97MMUVGXG,eth11,JKAYY0KXL,自由！開心！,817,0,10715,162410,2,2,1,4,5,4,4,4,26
2KQBKT3EH,Ashley,CTYKFVT46,蓮ノ空帰宅部,956,1,10717,162320,2,1,1,1,1,5,1,5,17
KJY6KBK8W,えいと,XREYFXTHJ,白ニーソひざ枕部,508,0,10717,162320,1,1,1,1,1,8,1,1,15
P6QP09WAE,リベリオン,WLFW6UCX5,無敵級ビリーバー,683,0,10719,162230,3,2,1,3,2,2,2,2,17
0NZ9E2H1F,コオリン,KFC62L0FV,ねるねる同好会,1233,2,10720,162140,1,1,1,1,1,2,1,1,9
E7VTFWAHG,Andes,6BVMCW68K,ft,250,0,10720,162140,2,3,1,1,1,1,3,1,13
2VL42BVV2,wai,N83DW3NYG,†極最強倶楽部†,764,0,10722,162050,2,4,1,4,1,4,4,4,24
3OZDDBGCW,コケタニ,NGMU0511T,無言のお茶会,1023,4,10723,161960,2,2,1,7,1,2,1,1,17
2BF0UCT67,asterids,,,355,0,10724,161870,2,1,1,1,1,4,1,4,15
4JNMV14M7,dan!!,,,136,0,10724,161870,2,2,1,2,1,2,1,1,12
H357DF31H,やもくん,UMNEWH0FP,退避,991,0,10726,161780,3,4,1,4,1,4,4,4,25
ECPXVW7SS,天然,,,889,2,10727,161690,2,7,1,5,2,5,2,2,26
DG4D90AGP,RROO,X87KNX4N3,蓮ノ流星群,675,0,10727,161690,2,1,1,1,1,4,4,1,15
PX449N4TE,catford,4NFMU2WME,好きだかんな？,994,5,10729,161600,2,5,1,4,4,5,4,4,29
UDA64P91K,ドナルド,W09WBG3HY,どろんちゅ,1183,3,10730,161510,2,5,1,4,4,7,4,4,31
XMFAU4MEY,瀬河,BXGNMY466,ライグラ用,1182,12,10731,161420,1,1,1,1,2,2,4,5,17
0MM1W7R8E,泠泠来了,,,138,0,10732,161330,5,9,5,2,6,2,2,1,32
VM0J50484,d-norick,59AK7LJ7A,とりあえず,664,0,10733,161240,2,5,1,4,6,6,4,4,32
VJ1R93MCD,マーレ,3KJT6LNX8,花帆♡♡クラブ,583,1,10733,161240,1,4,1,4,1,1,4,1,17
3Y3Y43TDW,ソラのサブ,M49MMBK4F,スリーズパーク,805,0,10735,161150,1,4,1,1,4,2,1,1,15
MAB66MLL3,しんのすけ,BT3GEWM5L,ささやか村の集い,1090,2,10736,161060,1,7,1,2,3,2,4,5,25
6666R8RP2,ぺー,FHN78V2DJ,無言でどうぞ,1082,0,10736,161060,1,4,2,4,1,4,4,5,25
MD9NVKB3T,もじゃ猫,E12PR824F,ゆるっと蓮ノ空,796,2,10738,160970,2,7,3,4,4,7,4,4,35
O6BETP92R,starkusa,BXHG2KXAD,idol.st,458,0,10739,160880,1,1,1,2,3,3,1,1,13
KL88BXV7B,さよなきどり,58FD7UF8J,としとしサークル,1071,3,10740,160790,2,1,1,1,1,2,1,1,10
WU0JD81NW,素流,HB9AU9DJJ,聖心党,1023,7,10741,160700,1,4,1,5,6,6,4,4,31
JH9AHRK0G,たけのこの山,K25DPPGT9,圧倒的にまったり,1092,4,10742,160610,1,4,1,4,5,5,5,5,30
5MYUXXT21,しゃ,E12PR824F,ゆるっと蓮ノ空,633,6,10743,160520,1,1,1,1,1,4,1,1,11
6HH4LACRE,かずのこ,,,280,0,10744,160430,2,1,2,1,1,1,2,1,11
VAFYCI9GU,Siren,5JA9K5FAK,オタサーの姫芽,659,0,10744,160430,1,2,3,1,1,4,8,1,21
NC6LHTU4N,たいき,,,216,0,10746,160340,2,1,1,1,2,4,4,1,16
E2MRWX6U1,がぶ,TXNCTRR1U,瑠璃乃推し隊,467,3,10746,160340,1,4,7,2,3,7,1,3,28
2JPNIB8HL,pp,LRKPMCYFL,好きに自由に,911,2,10748,160250,1,3,1,1,2,1,1,7,17
RPYCMWL60,宮小路　光,9D722M8KC,蓮ノ空同好会,1055,5,10749,160070,1,4,1,2,4,4,4,4,24
S89NGTK89,ダアナ,RM7N1JDB5,無言推奨不干渉会,1210,6,10750,159980,2,7,2,4,4,6,4,4,33
C90W00YJA,みずな,9UD1NYC1B,三丁目の駄菓子屋,648,1,10751,159890,2,1,1,1,1,1,1,1,9
PXD7DWWMD,ゆんゆん,PR2BGEK5K,ありがとう大三角,696,0,10752,159800,4,1,1,2,1,2,2,1,14
K1DBZFTTD,とも,GW4CH70HK,TKG同好会,1054,0,10752,159800,1,4,1,1,5,4,4,5,25
278VKD5F4,SeaNa,J5K7CV7NE,サークル,470,0,10752,159800,4,2,1,1,4,2,2,1,17
69LCMK06N,ユズネコmk,Y7M12068T,ドルケ観察日記,808,5,10755,159710,1,10,3,5,8,5,1,1,34
M7WB1CY6R,ALT858,KJU0BU77M,無言交流なし,850,0,10756,159620,2,4,1,4,4,4,4,4,27
EY1KU03WK,てwま,H0DV3JJGA,かほさやてぇてぇ,833,0,10757,159530,2,6,1,2,4,4,2,4,25
XYH0VMW50,りり,9X07VGM42,近江町食べ歩き隊,1076,0,10758,159440,1,4,1,1,4,4,1,5,21
C92UUXPB4,シュウヤ,ATB27G5P2,おこめ茶寮,1005,1,10759,159350,1,1,1,1,4,3,1,4,16
A2MMHXU65,ゲンダイ,R7VEXFUBP,蓮ノ空応援クラブ,660,0,10760,159260,1,1,1,1,1,2,7,1,15
KYJKVU3RN,こにざわ,HBD61R6WC,梢先輩すきすき部,1164,7,10761,159170,2,4,2,4,6,3,5,1,27
4A6JC75BH,クロ,,,827,0,10762,159080,3,1,1,1,5,1,5,5,22
F9NDE26EL,daン6,,,89,0,10763,158900,7,8,4,8,5,2,2,2,38
7TGPVJ4AA,ボンズ,VXF8P7NDC,どんぐり。,976,4,10763,158900,4,1,1,1,7,6,1,4,25
ETJMKEAYU,Leafkey,9AYD3XJ2D,ぺんぎん隊,936,0,10765,158810,1,1,1,1,7,2,7,7,27
F3L490HCD,いのっち,CP3KWKH07,まったり社会人部,463,0,10766,158720,1,5,1,2,4,2,1,1,17
HVNC1PTAJ,PlmiGAME,,,216,0,10767,158630,1,4,1,9,4,4,1,1,25
FWJJOIE0V,KENMA,W189BP629,みんなのみかん畑,636,0,10767,158630,1,1,1,1,1,2,3,3,13
B9FN1L47M,れいな,TB7GJ57D7,シャイニーフラワ,703,2,10769,158540,2,5,1,4,1,6,4,4,27
M86XFCBG7,ゆうゆう,K69M1X95F,アイリス,620,0,10769,158540,1,1,2,1,1,2,1,1,10
PP3IHULLV,悠凪,TM6TEWJJ8,あくありうむ,872,0,10771,158450,1,4,1,1,1,4,5,4,21
5ORM0EQA8,ウォッカ,WBW66DMUB,るりめぐ研究所,1144,1,10772,158360,2,5,1,4,5,5,4,4,30
TQ3UH813B,おじパン男爵,NGMU0511T,無言のお茶会,678,1,10773,158270,1,4,1,1,1,2,1,1,12
LOAJC8TWM,こぼぼ,FYUP08C40,株式会社:大沢,975,4,10774,158180,2,5,1,1,5,4,1,4,23
G9VEX0EJX,しゃちょジャック,,,604,2,10775,158090,2,1,1,1,7,1,1,5,19
79BJLJBCU,hourow,XPX36F6JX,無言初心者お試し,851,2,10776,158000,1,1,1,1,1,2,1,1,9
L6MGIEXS1,霜月,3TKAM6VLE,Library,1012,0,10777,157910,1,1,1,1,1,1,1,1,8
FD71Y91DW,こっぺ,YD2XWWFA4,蓮好き好きクラブ,1085,3,10777,157910,1,1,1,4,7,2,5,7,28
EWPD09M2B,Firkin,X2YN7JW88,蓮ノツバサ,959,4,10779,157820,1,6,1,4,4,4,4,4,28
M6YX3G9KR,rairai,E050K9859,蓮党,207,0,10780,157730,4,2,1,1,1,2,2,1,14
WPMAPCH9K,あかぶちめがね,3B58M2YUM,サンプル,769,0,10781,157640,2,5,2,4,4,4,4,4,29
FXL12KMM1,hurray,H6JWBBGCG,蓮天・乙宗一心流,700,0,10782,157550,1,1,2,1,1,2,2,1,11
JUVTP3KYW,アオ,WLBYGHXPD,大天使村野さやか,871,0,10783,157460,4,5,1,4,4,4,1,4,27
T70XNYR6W,柊,6NMAGYFJF,努力未来乙宗梢,814,0,10784,157370,4,1,4,5,3,5,4,4,30
A84P3LJRC,瑞穂,RM7N1JDB5,無言推奨不干渉会,948,3,10785,157280,3,4,4,4,1,2,2,5,25
0KYGCP3CK,薫,88DJ300PJ,めぐ党 • 永遠,821,0,10785,157280,2,5,1,4,5,6,4,4,31
UAURK2B07,manoma28,,,1016,2,10787,157190,2,4,1,4,4,1,4,7,27
Q6EDY7RLD,カズキ,,,960,0,10788,157100,2,5,1,4,4,4,1,4,25
T5VTEBJGJ,冰川廣,,,213,0,10788,157100,3,4,2,1,1,1,4,1,17
AQKGC5FZC,シツムカン,,,1137,4,10790,157010,1,9,1,4,8,4,4,4,35
BFWLCW0HP,ふる三郎,0JCT9R049,蓮隠れノ里弐,888,5,10791,156920,1,1,1,1,1,2,2,1,10
R1C5QGUQQ,HORI,,,649,0,10792,156830,3,5,1,1,1,1,1,1,14
V1M9L94F7,はの,6WUADDR4U,からあげ,409,0,10792,156830,1,1,3,1,1,4,1,3,15
67HKXULU5,カルノフ,,,850,0,10794,156740,2,4,4,4,4,1,4,5,28
A2P7ABC4Y,アサティス,XLBU65J86,花の壁飾りクラブ,1000,2,10795,156650,2,1,1,1,1,4,1,7,18
0E5VLKD8E,みきた2,7UBUGF7G1,ワイのサークル,1130,0,10795,156650,1,4,1,1,4,2,7,7,27
WWGM3JJ49,きなこ,NK05UMLWW,かけ込み寺クラブ,799,0,10797,156470,2,4,1,1,4,4,2,4,22
2XUS3K5Z4,赤ちゃんのキラー,17TAUR6K6,憤怒と激怒の会,1113,4,10798,156380,2,4,1,1,4,1,4,7,24
533GK0RXR,相沢梓,PD80VCP5N,虹ヶ咲学園,264,0,10799,156290,1,1,1,1,1,2,1,1,9
APTTKZ36F,まじお,NMT63RUDV,泥村,1052,3,10800,156200,2,1,1,1,1,2,2,1,11
5N945UVJV,あらさき,V7768X8AC,せーので！,565,0,10800,156200,1,4,1,4,4,4,4,4,26
ABYVXP20B,お祭り,V33FGRFC4,1限目に遅刻ラブ,382,2,10802,156110,2,1,1,2,4,3,1,1,15
OFKJ5PY0N,薄明@追い風,F02VGJVCW,てすと（仮）,909,4,10803,156020,1,1,1,1,1,1,1,1,8
LBVPUVP78,yuiiiiii,0XUV5025C,めぐめぐバブり隊,310,1,10804,155930,3,1,1,1,2,2,1,1,12
L9BXVJP0P,うるし,GVNKNN878,Aqours,854,1,10804,155930,1,6,1,1,5,2,3,1,20
DGR3XK5AD,渡辺火「」,LX25CP0TG,深夜の芋煮処,862,0,10806,155840,2,4,2,4,4,6,1,4,27
CPR8VDVH7,ほのか,41N8G98LV,花帆梢百合応援部,957,0,10807,155660,1,5,1,4,5,5,4,5,30
6OO2WZF2S,レイシス,8YNHW7530,虹ヶ咲、蓮ノ空,908,2,10808,155570,2,1,1,1,5,2,1,1,14
13QQ1IOIZ,蓮野せつ菜,NTDM30NB6,霊使いリンクラ部,1191,15,10809,155480,2,6,1,1,6,1,5,5,27
1DOV8SUV9,ゼットン,XN2VEA6DN,無言,550,0,10810,155390,1,1,1,1,2,2,1,1,10
18M11E4RW,yyidk,XPX36F6JX,無言初心者お試し,891,0,10810,155390,1,4,1,4,4,4,4,4,26
GSPYPR01J,ダイン,LNP25PRBF,アイラ•ムー,1055,5,10812,155300,3,1,2,1,7,5,4,4,27
ARG2DH2U8,きりりん,VUE5Y1R81,吟子好き好き海月,186,0,10813,155210,5,7,5,6,6,6,4,4,43
63PLPAA9E,メルヘン村,M5P5T4TX3,のんびりリンクラ,418,0,10814,155120,1,1,1,1,4,1,1,4,14
DB4CRWV7H,Majesty,TX92H9GBV,アフターが見たい,517,2,10815,155030,1,1,1,1,1,4,1,7,17
RV4HR8EMU,ロペス,68MTL2RGE,スクステ沼津支部,881,2,10815,155030,5,1,1,1,5,8,1,4,26
EY0B6U124,館長,,,222,0,10817,154940,4,1,1,1,1,1,1,1,11
EMNBLU4XU,ぴょん,,,908,0,10818,154850,3,4,3,4,4,4,4,4,30
5HTJVN9M3,あくあ,,,102,0,10819,154760,3,5,3,1,2,2,1,1,18
EGSS0IUPO,ラブライバー,GBEJMUFWT,めぐちゃんズ(仮,292,0,10819,154760,2,3,1,1,2,2,1,1,13
B6VVPF51J,椿,6AB6FGHAE,クロユリ,245,0,10821,154670,4,6,1,1,4,1,4,5,26
G738F120K,もそか「じ」,51CF1LTGY,ラ研連合,1085,0,10822,154580,1,4,1,4,4,4,4,4,26
T02789CXH,ぶっちぃ,FTY0R8KPH,泥の皆様,684,0,10823,154490,1,4,1,1,4,2,7,1,21
1D59C8TCA,のん,2B97MH4YA,同じ話し何回も…,352,0,10823,154490,3,2,3,1,2,3,1,1,16
PU0WRU4LT,たなか,,,760,1,10825,154400,1,1,1,1,1,1,1,1,8
VHT1L9MYY,#kim,VY26V3P0K,AltF4され隊,912,0,10826,154310,2,4,1,1,4,4,4,4,24
E6MPNHD0L,うに,MF6GL0RVL,ミジンコ倶楽部,284,0,10827,154220,4,1,2,1,4,5,5,4,26
625C9YK23,イズミヒロ,3194B9E93,初心者寄り合い所,1032,2,10828,154130,1,4,1,4,1,2,4,1,18
TVPWVP81C,しずく,RWDWD9PP6,乙宗家の屋敷妖精,341,2,10829,154040,3,1,1,2,1,2,1,1,12
WNRXC6RAU,やまびこ,XE8513HNP,喫茶カワウ空✨,356,0,10830,153950,1,2,1,1,1,4,2,1,13
1QWQ153SL,あさがお,KB5BFK7J6,おはめぐ党本部,1061,1,10831,153860,1,5,1,4,4,4,4,4,27
EFB0PHVQ8,武御雷,UVN7G4X3A,闇のルビィ団,1144,9,10831,153860,4,3,1,1,7,5,5,5,31
3KVRTPKJ9,TK,UHF5Y8PEF,さやちゃん倶楽部,1080,2,10833,153770,2,1,1,1,1,2,2,1,11
3D0V41JM8,ティーチ,YNR28303K,りんくらぶ,1119,2,10834,153680,2,4,1,5,7,6,6,5,36
7LKUVHACN,輝夜,KFC62L0FV,ねるねる同好会,1153,1,10835,153590,1,4,1,1,4,4,1,5,21
N50PHHK4M,みりあ,W3UUXHMDV,水彩ブーケ,1023,5,10836,153500,4,1,3,5,5,2,1,1,22
RVYY6Y8J8,Саё,Y5J5Y90CD,まるまるサークル,774,0,10836,153500,2,6,1,1,1,5,1,1,18
M1BTUERXT,せんと,LAKRG5NK9,ログイン勢,940,3,10838,153410,1,7,1,4,4,5,3,4,29
7E2DPFX2T,夜空,MWXP6RMA7,月火水木金土日,1068,2,10839,153320,1,5,1,4,6,4,4,4,29
0L7MDNMI6,tornado5,JRAC1HYUD,SPHS-MMT,1109,2,10840,153230,1,4,1,4,4,4,4,4,26
GJY1M3YH0,まっつ,,,729,0,10841,153140,1,1,1,1,4,1,2,1,12
C3J1K2EM3,コバ,X87KNX4N3,蓮ノ流星群,610,0,10842,153050,1,6,1,4,4,4,4,4,28
B7FVUGKDN,もちこ,KJU0BU77M,無言交流なし,902,6,10843,152960,1,10,1,1,3,7,1,1,25
KK01GHVTT,紫亜,,,142,0,10843,152960,3,1,3,2,1,1,1,3,15
FN0TBCMYE,コニオ,HK0E91U71,放課後写真部,985,4,10845,152870,3,1,1,3,6,5,5,5,29
23PTP9P8W,すいむ,3PLMXJ3BY,RR軍,1058,2,10845,152870,1,5,1,2,4,4,4,4,25
P1AKDORVB,翔,58FD7UF8J,としとしサークル,1089,6,10847,152780,1,3,1,1,1,3,7,1,18
3Q8QPZWKH,あるけ,PMME7169X,蓮っ子動物園,872,0,10848,152690,2,7,1,1,1,7,1,1,21
JGBT0HE32,kirin,RKT7BC4F6,人形浄瑠璃乃,772,2,10848,152690,5,9,3,1,6,6,6,5,41
KNYXLUM5D,おちゃぴ,FMKP92LRL,目が霞む人達,977,2,10850,152600,1,4,1,4,4,4,4,4,26
QODCT4FMP,みなみ,M44P06CH5,つづさや見守り隊,961,1,10851,152420,2,1,1,1,1,2,1,1,10
CWEJHF1MP,（葵）,LJNCAEVAP,蓮ノ空さやか研,590,0,10851,152420,3,4,3,1,6,3,2,1,23
ZIXTBBXK2,テラス,ACN9XERAU,スリブファン,1146,3,10853,152240,1,4,1,4,4,4,4,4,26
XX9LP9KTK,有馬 帆花,7U4G2VY9K,わくわくクラブ,332,2,10853,152240,2,1,1,1,4,1,2,1,13
DMCU6GUU6,ocean,BXGNMY466,ライグラ用,468,3,10855,152150,2,5,1,5,5,5,1,4,28
G22TPKYPD,とみ,XYRA2MND0,蓮ノ空ゆっくり,381,3,10855,152150,1,2,3,1,1,3,1,1,13
6E7HMPDP0,▷重曹,4FXPC55PY,PPIHクラブ,798,0,10857,152060,3,4,2,4,4,5,4,5,31
UY4X90Y96,にゃんこ,VNEY6C9BE,スリーマーメイド,858,4,10858,151970,3,1,1,5,5,7,4,1,27
B4HPRUBNN,nanten04,,,747,0,10859,151880,1,4,2,5,4,4,4,4,28
C9PLGEPVP,SCOP,,,783,0,10860,151790,2,4,1,4,4,4,4,4,27
SYMHEQQTH,むらた,KA1249N3H,沼津倶楽部,1030,2,10861,151700,1,5,1,4,4,4,4,4,27
0088E4JW1,キサラギ,XTMGPY62U,スクステ初心者,703,2,10862,151610,4,2,1,1,1,6,1,1,17
8L6S61CJ3,華彩,,,915,0,10863,151520,4,2,1,1,1,1,1,2,13
JPC4KCPMX,Sandy,GL2MWT0L8,For Fun,811,2,10863,151520,2,5,1,4,4,4,4,4,28
394UFRXJ5,クママのプーさん,PNKCBFP4B,おばんです,449,0,10865,151430,1,1,1,1,1,2,1,1,9
RM9HBNEJU,さよ,W3F0URUJC,梢先輩応援団,899,0,10866,151340,1,5,1,4,5,4,1,4,25
GKK8M068F,hozaru,,,157,0,10867,151250,3,5,1,1,4,1,2,1,18
SDCHL7K7E,soRa,UFAC8AXJG,朝食はごはん派,954,2,10867,151250,2,1,1,1,3,4,1,6,19
K9A49Y1L4,むら,LLDLG20UU,UR取り隊,750,0,10869,151160,2,4,1,4,4,2,4,1,22
4HKDFT9RY,おつ,8WAXGK70P,CANARiA,845,0,10870,151070,3,5,1,1,2,3,1,1,17
GDHFK0696,す,,,202,0,10871,150980,4,4,1,1,1,6,1,7,25
O9K07AIZI,ぱなよ,9UKKACGDU,蓮っ子CLUB,1050,6,10871,150980,1,1,1,4,4,4,4,4,23
GF5RB13U6,よしの,,,236,0,10871,150980,3,1,2,1,1,1,1,1,11
J4T21T08R,鴎,X7YM9EG8K,伝統の石川地酒,853,0,10874,150890,1,6,1,4,4,2,4,1,23
6CAKL8NE6,満月,BH9YH1YL5,ラブライバーの森,389,0,10875,150800,7,7,8,6,5,8,5,4,50
D2WHM9LNN,Satoryo,KGFV7AB2J,石川県立図書館,594,0,10876,150710,2,4,1,4,4,4,4,4,27
VGGJ8YIAG,Kinoto,BWD9U1EJ2,蓮之空中国同好会,938,0,10877,150620,2,4,1,1,4,4,1,4,21
XY95M9VWA,remain72,60KU468X3,はっすーず,1043,3,10878,150530,1,9,1,1,9,2,2,5,30
6D9BMP114,ロウレム,VNEY6C9BE,スリーマーメイド,200,0,10879,150440,2,4,2,2,4,4,1,1,20
VULCT80DN,めぐメグ大好き^,919XF8V2V,蓮之空大三腳,544,0,10880,150350,1,1,1,1,4,4,1,1,14
BWCK6WWW7,りあ,414CEUPEH,アフター見よう！,726,1,10880,150350,2,6,1,1,1,2,2,4,19
3TBZWQ5HP,りゅうざぶろう,J5CKL5YPX,ログイン勢かもん,907,2,10882,150170,3,10,2,1,2,4,2,4,28
UFXJ6V7KD,まる,5W9UK1KAL,蓮ノ空数学部,959,1,10883,150080,1,4,1,4,4,5,4,1,24
JB13YT7BJ,mimimimi,KGFV7AB2J,石川県立図書館,135,0,10883,150080,4,5,3,1,1,4,4,3,25
8THSZBSBK,トモ,CT8XW752X,蓮ノ空写真部,1181,10,10885,149990,1,4,1,1,5,6,2,5,25
CE2MVWVFA,サンデー,,,776,0,10886,149900,1,2,1,1,3,1,2,1,12
0JTB4MN5N,ゆきぽん,,,537,0,10887,149810,2,4,1,4,4,4,4,4,27
ARM1YCT01,タコ焼き,GYJ3C6TKR,綴理先輩好き好き,1014,0,10888,149720,2,4,1,4,4,4,4,4,27
HR7UR79JD,ウメちゃんすん,XPRA8TRVE,蓮ノ空ロボット部,371,0,10889,149630,3,1,1,1,1,4,1,1,13
O6DUBK6L5,サン,,,661,1,10889,149630,1,4,1,1,1,1,4,1,14
EA1BV4WHB,九銘,KXEME076E,つづさや親衛隊,244,2,10891,149540,4,3,2,1,2,2,2,2,18
LLTL1KEMG,ハヤノ,,,297,0,10892,149450,1,2,1,1,1,1,1,1,9
KW53UJO7T,Jerry,M67ACEP3M,オーバーブースト,869,0,10892,149450,1,4,1,4,4,2,4,1,21
L95BPG50P,pleiades,,,151,0,10894,149360,3,3,2,3,2,2,2,1,18
DVJMH6KVP,ややなみ,48Y0H3H61,ヒトリダケナンテ,727,0,10895,149270,1,1,1,3,1,1,1,1,10
NTMV2E0XC,スー,E7DC3WM28,あ,1091,3,10896,149180,1,8,2,4,1,4,4,5,29
B2FYYD616,室内,,,215,0,10896,149180,1,1,1,1,3,1,1,1,10
VGLXPJ1AP,ㄧ,TWJ862EPN,こにゃとも,467,0,10898,149090,2,7,2,1,5,6,2,1,26
BASM7ID1K,普賢,NTRNXXKX6,ハナマルの世界,692,0,10899,149000,2,5,1,1,4,1,1,4,19
6B2GK2KWC,すみれ,,,605,0,10900,148910,1,1,1,1,2,1,1,1,9
D8FVDMYHY,ゆずは,,,486,1,10900,148910,2,10,1,1,1,1,1,1,18
JHBBZR61I,さやまやか,APD9U5CFA,立ノ空スクステ部,716,3,10902,148820,2,9,4,1,3,2,1,1,23
J8F0RFK2G,ごうひめ,1XX6FWJRB,オートスキップ団,602,0,10903,148730,1,8,1,5,5,7,5,5,37
F96E2PT2G,S1,A9MA307FX,楽しいが一番,802,0,10904,148640,3,1,2,1,1,1,1,1,11
2EYG21Z7J,さくら,LHXNEF3D5,まるまるサークル,983,3,10905,148550,1,4,1,1,4,4,4,4,23
7GKW87B1R,ペン太,C2XLWUTL1,夕霧綴理親衛隊,1114,2,10905,148550,1,5,1,4,4,4,4,4,27
SDMNWWSOT,yuriyan,60KU468X3,はっすーず,913,2,10907,148460,6,1,1,1,1,2,1,1,14
31AVJI2TZ,銀河輝夜,,,1198,4,10908,148370,1,6,4,1,7,4,1,5,29
04SLT7BQV,あおば,HD2RY13CG,オレンジピール,806,0,10908,148370,1,1,2,1,1,2,2,1,11
X0GWGNTDK,カイ26,,,276,0,10910,148280,4,6,1,1,1,2,2,3,20
8JJN2A7PE,クロ,WTVG86R4P,おしご党,683,0,10911,148190,1,1,1,1,1,2,1,7,15
T4KDSXYT3,ネコ将軍,,,369,0,10912,148100,1,1,1,1,4,1,1,1,11
ETPWUDNNT,唯一神,WLFW6UCX5,無敵級ビリーバー,1029,6,10913,148010,2,2,2,8,2,2,1,1,20
KG5X91J65,じゅんじゅん,1F5EPPMLD,UR貰えればいい,695,1,10914,147920,2,4,3,1,1,2,2,4,19
U8ONCXA82,aki,GK7JNB0NW,参加賞取り隊,695,0,10915,147830,2,2,1,2,4,5,4,4,24
OD45ESXDA,LINE,ATB27G5P2,おこめ茶寮,1049,8,10916,147740,2,5,1,4,4,4,4,4,28
WW54DEZCD,さっしゃー,B5RB6PDGT,人見知りクラブ,1092,2,10916,147740,1,4,1,1,1,4,4,4,20
5XWW3UV5U,hobgobli,5WUDLMWEP,蓮ノ空は明日ノ空,965,4,10916,147740,2,1,1,1,7,2,4,7,25
1F4HKE1J0,Napoli1♡,YHWN0NJ03,ドカ食い気絶部,385,0,10919,147560,1,10,1,1,2,5,2,1,23
FK1VFXFRR,DD3,TK9E1BB1P,無言で自由,406,0,10920,147470,3,4,1,1,3,4,1,1,18
NP9KDFBJI,ひのとり,LUH7URBF3,初心者サークル,862,2,10921,147380,1,4,1,4,2,4,4,4,24
KVB1LKU8V,書けない未来,5JA9K5FAK,オタサーの姫芽,132,0,10921,147380,4,1,3,2,5,4,2,1,22
0WMPN0WVP,あなた,H1G4CDT6C,無言自由,912,2,10923,147290,1,5,1,4,4,5,2,4,26
DN7L673WU,混桜,97BGFLKW9,◯◯◯,322,0,10924,147200,3,8,3,1,1,5,1,5,27
75U220CHL,莉海,95TAREFPT,ご自由にどうぞ,137,0,10925,147110,5,1,2,1,2,4,1,1,17
X0Y5MHU80,すいか,YD5YULYRR,ゆる〜く活動,330,0,10925,147110,2,2,1,1,1,3,1,1,12
Q34MBQRLB,うっみうっみう〜,427WENUC4,心の癒し～蓮ノ空,1237,4,10925,147110,1,8,1,5,7,4,6,7,39
LYBX54MCT,グレッグ,,,1180,1,10928,146930,1,2,1,1,5,4,5,4,23
PNSVAYZ66,じょるじ,FTY0R8KPH,泥の皆様,1133,9,10929,146750,2,4,1,1,4,2,1,1,16
5F9JJH7R2,ふがし,X7YM9EG8K,伝統の石川地酒,671,0,10930,146660,2,4,1,4,5,4,4,5,29
EDK3X53F7,えい,,,608,0,10931,146570,1,5,1,4,1,5,2,4,23
0S5R5Z0CY,通風が辛い,UX96YX4T1,『位置について』,1201,11,10932,146480,1,4,4,1,5,3,7,7,32
AGB1D4K4T,HMKW,MVRFVTGU6,無言&出入り自由,680,3,10932,146480,1,4,1,1,4,2,1,1,15
BBPQB8AC1,あなた,F5C8MT9J6,テスト,1085,0,10932,146480,2,5,1,4,4,4,4,4,28
MKDI24K3Z,しゅくじつ,,,335,0,10935,146390,2,1,1,1,1,1,1,1,9
H97C6AY96,蘇枋と桐生推し,BEMED3RY1,無言無課金ok,136,0,10936,146300,2,3,3,3,2,4,2,2,21
WCHNAZFHU,sus303,EX5LY4JRC,ハス,1080,4,10937,146210,2,4,2,4,1,4,4,4,25
75XENY63U,楓,N1DJVPGP8,いつでも咲けるよ,402,1,10938,145940,4,9,2,5,4,6,3,4,37
FDUFVCUX2,sasu2cha,MPPDGVPWX,気楽にプレイ中,121,0,10938,145940,2,1,1,1,1,2,1,1,10
6CYK4V711,μ’ｚ,9D1P6AXUR,link-er,669,0,10940,145850,2,1,1,1,1,2,7,1,16
1KINTWM9G,やまぶき,5L9GNT78V,叶え！私達の◯◯,629,2,10940,145850,2,2,1,3,1,2,1,1,13
BGX3X012K,現ダ,PB5NM9HRA,歌蓮ティールーム,864,3,10942,145760,4,1,1,4,5,4,4,1,24
6P0DX1LDE,りりん,LC2RN5R2U,いずみんの泉,231,0,10943,145670,4,2,1,2,1,7,6,6,29
PL5UVV4LA,モモ,AVY8PECF0,初心者の集い,1209,14,10943,145670,1,2,3,1,1,4,6,7,25
DI7ORP7SD,タカイン,E8K438RP1,リンクラ初心者部,1019,3,10945,145580,2,6,4,4,4,5,4,4,33
X7MBNC2KF,コブ,53M4V2BVG,吟子の髪飾り,581,2,10946,145400,1,5,1,1,4,4,1,4,21
BV0VQAFLC,はなめぐ,43HRXMXWA,無言OKクラブ,969,0,10947,145310,1,1,1,4,1,2,1,5,16
D0AU0EUV2,MT,T4WY63DB9,ういのま,1171,0,10947,145310,1,1,1,1,1,4,2,5,16
HN62FBBM6,待ち人こず,GCFA4WL28,乙宗梢を愛で隊,275,0,10949,145220,2,1,1,1,1,2,1,1,10
IZRC6CWGR,ヨード卵卿,GYJ3C6TKR,綴理先輩好き好き,906,4,10949,145220,1,1,1,2,4,4,2,4,19
3EFN5Y0W5,こめーとっ！,,,1092,4,10951,145130,1,1,1,1,5,4,7,5,25
5W1JLWEVD,ビリー,,,865,0,10952,145040,1,5,1,4,5,4,1,4,25
RC8N2G08N,ひかり,AC94W0LN2,無言で自由に,375,0,10953,144950,1,1,1,1,1,2,1,1,9
2CU9HAF6U,あかつき,Y6KN85L5P,孤独の村人,390,0,10954,144860,1,1,1,1,1,4,1,4,14
W8SG930WF,5205通勤急行,,,374,0,10955,144770,3,2,1,1,3,1,1,1,13
A8PGR9ZZ8,ぱぁなな,0CBM28JP6,ほうき星,967,1,10955,144770,2,1,3,1,3,2,1,1,14
M6CDPH74H,アステル,9C98YRCP9,ＴＲＩ,870,0,10957,144680,1,1,1,4,1,5,5,4,22
WV5UHCGK9,イチゴタルト,9E910GGD2,蓮ノ空給湯室,783,0,10958,144590,1,1,1,1,1,2,1,2,10
T1H0KRK5A,るる,,,104,0,10959,144500,2,1,1,1,1,1,1,1,9
OIO3F7YAX,FZ,AW470U964,ボッチ会,833,1,10959,144500,2,5,1,1,4,3,1,1,18
77THF1YDD,LC,AB6C365W6,蓮,531,0,10961,144410,2,4,1,4,4,4,1,4,24
C2WGUXXC1,リヨ,E8P2VN49C,ポタリング部,700,0,10962,144320,1,4,1,4,2,4,4,4,24
FW9ZVMEEM,あげっち,AK795AE43,ハスハスしてきた,877,3,10963,144230,2,5,1,1,10,1,5,6,31
V4DEX9P68,Mikan45,,,135,0,10964,144140,1,3,3,1,4,2,1,1,16
Z4EGPQ6BY,bluemoon,FTUJJ5KM9,無言◎私生活優先,987,0,10964,144140,2,4,1,4,2,4,4,4,25
EJU9E2MQ0,ネクサス,8UJNTV5BX,のんびりと部,1044,5,10966,144050,1,5,1,5,1,2,1,8,24
PA5AF2734,sofía,D7UA5ER1E,UR報酬欲しい！,328,0,10967,143960,4,2,1,8,9,4,4,1,33
V2WAXVR69,Emil,,,762,3,10967,143960,2,9,2,1,2,4,2,1,23
YADHC278U,yuuki,M1DLCR0R8,花帆護サークル,155,0,10969,143870,2,3,1,1,2,3,1,2,15
DMR4XJE9G,かまけん,8TNGLVAHN,北の辱め,1002,8,10969,143870,2,7,1,1,4,4,4,4,27
RIUNMZBUR,南宮瑠奈,,,768,1,10971,143780,1,5,1,1,1,4,1,1,15
KRJHHU19H,Tezzia,2J5W1LGR6,私の自由ダァー！,190,0,10972,143690,1,1,1,1,1,2,1,1,9
ZIJMET3T0,ぴこぴこ,DHKUGEWBJ,めぐ党虹ヶ咲支部,1089,2,10973,143510,1,1,1,3,5,2,1,1,15
UT5NH612R,青木陽菜,FN6HMA6KH,さやか激推し,390,0,10974,143420,2,1,1,3,1,1,1,1,11
XD143C66F,ちえ,762FM3JV4,一蓮托生,943,2,10975,143330,2,1,1,1,1,4,1,4,15
9293TQH66,nanamin_,PHLRY3XRP,とりあえずやろう,588,0,10975,143330,1,1,1,1,1,2,1,1,9
WB73XEQPT,ういろう,8XHATTBAU,ドはドドドのド,1085,0,10977,143240,1,2,1,1,8,4,2,5,24
ABR29PKL4,きずな,,,251,0,10977,143240,4,1,1,2,4,1,4,1,18
Q5PWE8EUX,まみむめめ,U8GLCJVJP,コミュ障用誰でも,706,0,10979,143150,1,4,1,4,4,4,2,4,24
KJSNTLS7Y,花沢あかり,DFFYFJ2B6,つづさや好き過ぎ,1084,5,10980,143060,1,5,1,4,5,4,4,5,29
L943A01NU,氷上,9WJB6YPPN,温室花畑,912,1,10981,142970,3,4,1,3,3,3,2,1,20
ADONP45FD,あいうえお,,,274,0,10981,142970,4,2,1,1,3,1,1,1,14
7ATCTCA6Y,ほーせん,3RH5MYBXV,こずめぐ党,215,0,10983,142880,3,3,3,3,2,4,1,1,20
TGHVJ0F1J,カレハ,9YTN0M5PV,月月火水木金金♪,563,1,10984,142790,2,1,1,1,1,2,1,1,10
P395QMAFS,粉条バーミセリ,EYEPHE14G,花上梢頭,661,3,10985,142700,1,4,1,1,1,2,2,1,13
LD3W97JMN,ダミー Mk2,,,302,0,10985,142700,3,1,1,1,1,1,1,1,10
URIDQ596X,霧崎,N94LEWF2D,無言よわよわの会,986,0,10985,142700,1,4,1,1,4,4,4,4,23
60E12G8AM,はるすけ,E0JM59N1E,花咲梢,369,0,10988,142520,1,4,1,4,1,5,4,5,25
CEJG0D7ER,アスナ,M8CAVKW88,蘇州 中国,133,0,10989,142430,3,4,2,1,3,2,1,1,17
FTWM8PF3R,乙宗梢推し,,,228,0,10989,142430,4,1,4,1,3,2,1,1,17
3LAMDDJRM,あ,,,782,0,10991,142340,4,4,1,4,4,4,1,1,23
LL2RNGJJ7,アキ,407VAU0TT,ログボ勢の集い,995,2,10992,142250,2,2,1,4,1,4,4,5,23
UKPTFFJGM,ヨッシー,CPWFKH8JM,私の部屋,1027,4,10993,142160,1,5,2,4,5,5,4,4,30
E4WGAL9YY,牙雨流,60D1TTYTV,無言自由会,884,0,10994,142070,1,6,1,1,4,4,2,4,23
QOXIMYHWE,アニョ〜ラ,KY4NEVD9W,かほかほさやさや,1105,2,10994,142070,2,1,1,4,1,4,4,4,21
CFJMEL2B5,ジャンク,,,697,0,10996,141890,1,4,1,4,2,1,4,1,18
H67RZX7LR,イナフミ,L6MF2MPBN,みらくらぱーく党,1435,15,10997,141800,1,5,1,4,4,4,4,4,27
5E7KKJ37C,XENE,,,693,0,10998,141710,1,5,2,4,1,1,4,1,19
UANJC6WED,初心者,9N4F9P8DU,リンクラ部（仮）,949,4,10999,141620,2,2,1,1,1,5,2,4,18
GA6EBMRD7,スペクト,D7C7FN88B,サークルひとり,116,0,11000,141530,4,1,1,2,5,1,1,1,16
92HMC56PV,郷音,,,1135,2,11000,141530,1,1,2,1,6,2,5,5,23
Y4TENKYGR,いわさん,9XNH0HDBN,蓮ノ空∞園芸部,331,0,11002,141440,3,1,1,1,1,3,1,1,12
JUPY8M3B8,カナス,YA55R3HCH,初心者,1087,4,11002,141440,1,7,1,4,4,4,4,4,29
4D6OJR5IU,いずみ,G8F0M2PH2,アフターウォール,992,0,11004,141260,2,1,1,1,1,4,4,4,18
WWM8DECCU,もろうみ,NW3GK4CAD,ウイスキー,893,0,11004,141260,2,1,1,5,5,4,1,4,23
J7YF18YE1,シュン,G89DFNRD4,シュンのサークル,856,2,11006,141170,4,4,1,4,1,4,4,4,26
R6FKYEEYR,コウ,N1JAJ83CA,蓮ノ空園芸部,1037,4,11007,141080,2,4,1,4,4,5,5,4,29
VWWU4UVG7,み,,,80,0,11008,140900,4,5,3,2,1,4,1,4,24
8L0J99DR1,ダババ,P9CV4RB36,Aの為,301,0,11008,140900,2,1,1,1,1,1,1,1,9
6UUHU8CKA,クローベット,27N2UHJYL,ラブライブ格ゲー,647,0,11010,140810,2,4,1,4,4,2,4,1,22
367NN695K,ヒイラギ,V8XX999F6,卍蓮村幼稚園卍,204,0,11010,140810,1,4,1,1,2,2,2,1,14
XR7GM8KAP,穴倉住まい,,,120,0,11012,140720,4,6,3,2,4,1,1,1,22
2YYNRWPXU,だぃせん,4K9M1V6AG,うおwだねぇ〜,208,0,11013,140630,2,1,2,1,2,2,1,1,12
HWJ7FVH8D,アトリ,YAD615PCK,蓮を咲かせる泥達,831,1,11014,140540,4,1,2,4,5,5,4,4,29
CULKWUV86,neeem,,,743,1,11015,140450,3,7,2,5,1,1,1,5,25
XP1QFZUBU,S56,N34LHVJKN,のんびり堂,1184,6,11016,140360,3,4,1,4,6,4,4,4,30
8NFFAGD0Y,モリス@,EYEPHE14G,花上梢頭,187,0,11016,140360,1,5,1,4,3,5,2,3,24
3JLP1DCKC,めぐり,TXNCTRR1U,瑠璃乃推し隊,1002,0,11018,140270,4,5,1,4,2,6,4,1,27
BXDYCX8NU,有栖川アリス,PD80VCP5N,虹ヶ咲学園,991,3,11019,140180,2,1,1,4,7,4,5,5,29
NLH1J5W2D,にゃんこ,D7UA5ER1E,UR報酬欲しい！,918,1,11020,140090,1,4,1,4,4,5,1,4,24
F8JTB49EN,サブ太郎,HKETDDCK6,ぼっちざ蓮!!,896,0,11021,140000,2,5,1,4,5,4,1,4,26
BAC97DTMA,HozuuuuN,75UJ5RB97,蓮ノ空雪野球部,138,0,11021,140000,3,3,1,3,3,4,1,1,19
DULKJLD5V,ヨシハ,,,258,0,11023,139910,1,1,1,3,5,4,1,4,20
G68GX9XPJ,半夏,BXJ6WV4TB,中国club,880,0,11024,139820,3,7,4,3,1,3,1,1,23
SARFQEGU6,ゆり,57HNJ07NK,みらぱ推活最前列,771,1,11025,139730,1,1,1,1,1,2,9,1,17
7XXI1GT00,エルメル・マータ,8BAYBXUXC,スリブ大好き♪,997,0,11026,139640,4,5,3,4,5,5,2,1,29
5CDGHVBXU,つきみそう,R9NGK6L48,のんびりサークル,639,0,11027,139550,2,1,1,1,5,2,1,1,14
3DV7J9RF8,ろく,639NXLKJ5,Lotusky,438,0,11028,139460,1,2,1,9,2,2,1,1,19
RHR7RP9LD,ホットケーキ児玉,XLR23XPGK,テステスト,998,4,11029,139370,2,1,1,4,5,4,4,4,25
21VNYBYAS,コウリュウ,F2M746D4B,頑張らないクラブ,1127,1,11030,139280,1,5,1,4,4,6,4,5,30
CDDJGZ27C,ムラマサ,5YAR2UWUH,エクスグラム,1205,1,11031,139190,1,1,1,1,1,1,1,1,8
LW8VLUULY,まるまる,976BY5JWK,ハルカカナタ,860,0,11032,139100,1,5,1,4,1,6,1,1,20
33TRBXD53,かば,,,309,0,11033,139010,2,1,3,1,1,3,1,1,13
LTMM684KY,すぴん,,,849,0,11034,138920,2,5,1,4,4,4,4,4,28
37KXBVLW4,すゞひら,,,396,0,11034,138920,1,4,1,4,4,4,1,4,23
BPFT59PP7,かおす先生,J5CKL5YPX,ログイン勢かもん,845,0,11036,138830,2,6,3,4,5,2,4,5,31
BUYHLKNU4,T.E,,,377,0,11036,138830,1,4,1,2,1,4,4,1,18
V2L04WN0X,光,W2RUWYA8R,熱血音ゲー部,158,0,11038,138740,1,1,1,1,1,2,1,1,9
DY1K0GXV0,おてらま,F5C8MT9J6,テスト,951,2,11039,138650,1,1,1,9,5,1,2,5,25
60XF0P4Y6,果南,,,159,0,11040,138560,2,4,1,4,2,1,2,1,17
33B6S3XQH,赤姫,CJ398GJAT,バッグクロージャ,979,7,11040,138560,1,1,1,9,4,9,1,1,27
0LJMNN107,たっち,R9NGK6L48,のんびりサークル,210,0,11042,138470,2,1,1,1,1,2,1,1,10
0PGLE3B4N,もふもふけだま,9BW3ECEXR,毛玉,509,0,11043,138380,5,4,2,1,1,1,2,1,17
27UC742MU,さんちゅう,26JDLMBLN,徒町は強く生きる,460,0,11044,138290,3,4,3,1,3,2,2,1,19
W8CHCA58P,梓沙,U8GLCJVJP,コミュ障用誰でも,962,4,11044,138290,2,3,1,2,1,5,1,4,19
AM835EPFG,Midori,M5P5T4TX3,のんびりリンクラ,1046,0,11046,138200,1,1,1,5,1,1,1,5,16
J3VEGIIRF,おーしまほ,VB9VUYC97,JIMOAI,1189,4,11047,138110,1,5,1,4,4,4,4,4,27
AKSLAIMMX,チャルシー,MVMP6NNXD,空き時間らくがき,937,3,11048,137930,1,8,1,1,4,6,1,4,26
4TEPBVM6C,むこ,LLDLG20UU,UR取り隊,866,0,11049,137750,4,9,1,4,4,7,2,4,35
SDHG4724G,たるたる,WE4AB37FP,めぐ党,1421,8,11050,137660,1,1,1,1,1,2,7,7,21
L4C4BPCG6,ゆきち,KW9K8TL2V,一人用,1006,0,11050,137660,2,5,1,1,5,1,6,5,26
AP5M5DF2B,ルート,YVFP54NA2,無言OK！,1097,8,11050,137660,1,4,1,4,4,4,4,4,26
PY9CRV582,喜翠荘の若旦那,,,903,0,11053,137570,2,1,1,7,7,6,1,1,26
96JY3J4F0,セレディア,5561U9ACU,せーので茄子ノ空,963,3,11054,137480,1,5,1,1,4,4,4,4,24
KTTBX86A6,ナポリタン大臣,BTVC9G95X,FES用,996,0,11055,137390,1,2,1,1,2,4,1,5,17
ZN7622SAT,水星のスレッ太,,,818,0,11055,137390,2,3,1,1,1,1,1,6,16
K2U3L3OF4,桜内凛音,,,855,0,11057,137300,5,6,1,4,4,1,4,1,26
E5HECLMK6,エル,,,465,0,11058,137210,4,3,2,4,1,5,4,4,27
F9UG9UFDM,limon,JKAYY0KXL,自由！開心！,488,1,11059,137120,2,4,1,1,5,6,2,1,22
6RGL9FBMP,ジーティー,,,168,0,11059,137120,3,5,4,1,4,4,1,1,23
RL6LE01T2,チルマス,RBEHRV063,ヒカゲノアトリエ,879,0,11061,137030,2,4,1,4,4,4,4,4,27
MREVD4RFN,mame,D7UA5ER1E,UR報酬欲しい！,885,4,11061,137030,2,2,1,1,5,4,5,4,24
B4HMKJHL2,こすもす,VK5AU7U2U,蓮アフタークラブ,947,2,11063,136940,2,1,3,1,5,6,4,2,24
PP8PNUA1W,黒咲RuRi,,,723,0,11064,136850,3,1,1,4,4,1,1,7,22
MFV46R1M5,毬乃 ……,JKAYY0KXL,自由！開心！,322,0,11065,136760,3,4,1,1,3,4,1,1,18
EJ67AX5UG,アッサム,60KU468X3,はっすーず,728,0,11065,136760,2,1,1,1,1,2,1,1,10
0QP48PKYP,たかし,4K5XU7BJ2,かっほかっほ亭,716,1,11067,136670,2,1,1,1,1,1,1,7,15
KB4PK4WEK,かほぎん,UHF5Y8PEF,さやちゃん倶楽部,1022,0,11068,136580,2,7,1,1,1,3,4,7,26
MC1EAC3WF,初心者2,9N4F9P8DU,リンクラ部（仮）,903,0,11069,136490,2,4,1,2,4,4,1,4,22
W8L04A1A9,達也,,,314,0,11069,136490,1,6,1,1,4,3,1,1,18
71MPNKUBV,hina,ETAMCYHME,蓮ノ空お昼寝部,609,2,11071,136400,3,2,1,1,2,2,1,1,13
HB3V6DF36,zura,PDMPF3VVV,r/LL,1157,0,11071,136400,1,4,1,4,4,4,4,4,26
TZ83KZKTR,Haru*,N57VWGXGK,はなじょ,690,3,11073,136310,1,4,2,1,1,2,4,4,19
2HLE87YF8,MihaKoya,TFGKYEY98,LLP JR,114,0,11074,136220,3,1,3,1,1,4,2,1,16
CMO03YQUY,乙宗快急,GYBERP62P,乙宗梢を推す会,740,0,11074,136220,1,4,1,1,1,4,4,1,17
JG05G6430,りんくら,,,998,1,11076,136130,3,3,1,1,2,1,5,5,21
MPMLHEHPY,安房坊弁慶,E12PR824F,ゆるっと蓮ノ空,456,0,11077,135950,4,7,2,4,4,6,1,5,33
LW1C8D69M,うみせんせい,HK0E91U71,放課後写真部,562,0,11078,135860,1,4,1,1,1,3,1,1,13
TTEYSYGPP,シズト,H837E0M9R,沙知先輩大好き部,1171,14,11079,135770,1,7,5,4,4,6,4,4,35
K3KVZUPI6,Crystal,762FM3JV4,一蓮托生,718,0,11080,135680,2,1,1,1,1,2,1,1,10
8P5D4225E,Sol,4BU2PJLC1,Sky,315,0,11081,135590,1,2,1,1,4,2,1,1,13
MVMXKJ4NK,BY,333XJAAJ2,風龍スキスキクラ,322,0,11081,135590,1,9,3,2,2,8,1,4,30
M289GFECK,fumiyan,CWJJA5DPU,まるいものが好き,911,0,11083,135500,1,1,1,1,1,4,1,4,14
567G8PNUW,nuw,,,787,0,11084,135410,3,1,2,1,9,1,4,4,25
4RW0E5MN5,さくらもち,GN9EEL045,きらくに,517,0,11085,135320,1,1,1,1,1,2,2,1,10
BLDOER78B,スオク,2JK7E4115,ラ！推し,1021,0,11085,135320,2,2,1,2,1,3,1,1,13
RM52M6N4F,餡ころもっちもち,2VJG66JTH,まったり,305,0,11087,135230,3,4,3,5,4,6,5,4,34
38J6A6ERJ,taka,,,270,0,11088,135140,2,1,1,1,1,1,1,1,9
HRYLDGN5A,紅河,MVRFVTGU6,無言&出入り自由,863,0,11088,135140,1,1,1,4,1,4,4,5,21
F1IGRDS5Q,準にゃん,,,748,0,11090,135050,1,1,1,1,1,1,1,1,8
1NVTY7YWV,A8,VD7N7A4WH,氷青色,480,0,11090,135050,3,7,1,4,1,4,4,1,25
WYNYLEBVL,Lee,,,384,0,11092,134960,3,1,1,2,7,4,6,4,28
2ACM8IRC6,てちゃ,W3F0URUJC,梢先輩応援団,772,3,11093,134870,2,1,2,4,1,2,1,1,14
MTJL5MUAX,池田屋,F5C8MT9J6,テスト,726,0,11094,134780,2,5,1,4,4,4,4,4,28
50GTVXECH,リトルデーモン,WLBYGHXPD,大天使村野さやか,240,0,11094,134780,3,9,1,1,7,4,1,2,28
83G7H69GY,地鉄小子,,,822,0,11096,134690,1,4,1,4,4,4,4,4,26
Q3FRRWJMN,金色棉花糖,G0J2F9NAL,さやさやさーくる,1101,5,11097,134510,1,1,1,1,1,4,2,7,18
47WGKBNXN,Lanfan,,,433,0,11097,134510,1,4,2,1,1,4,1,1,15
1DN6PVN6Z,ギンコ,28XJ8NK4L,蓮ノ空まったり部,899,4,11099,134420,2,4,1,7,4,2,1,7,28
X2H0PTFBU,翠suis,,,147,0,11099,134420,3,1,1,1,1,2,1,1,11
NRVGHLXCE,So,,,457,0,11101,134330,1,5,1,1,1,3,1,5,18
HVANUD3QL,まっつー,RN24L196L,るりーーー,1078,0,11102,134240,1,4,3,4,4,4,4,4,28
JPNY0D3MB,バナナ,,,122,0,11103,134150,3,1,1,1,3,1,1,1,12
19NMG5HRN,まり,TCTEAMP9C,虹ちゃん最高！,243,0,11103,134150,2,1,1,2,1,2,2,1,12
FQZHFE11M,ショウジ,WDK6AXBEW,仲良しクラブ,727,1,11105,134060,3,4,1,1,1,1,4,4,19
PMM3LV5UA,Taka0,,,908,2,11106,133970,3,5,1,1,4,4,2,4,24
118BTRCDT,銀河天使,,,504,0,11107,133880,2,4,1,1,6,1,1,1,17
1BHGFLPAQ,希烛,BXJ6WV4TB,中国club,670,2,11107,133880,1,1,1,1,1,2,1,1,9
PSU9IV7R8,エコー,VWE2WNWWM,金沢市民の会,914,2,11109,133790,2,5,1,5,2,4,1,4,24
DU4RMKR1K,あるぱか,XN2VEA6DN,無言,888,0,11110,133700,1,5,1,1,1,3,5,5,22
LKXM81H18,待と,F53AELUNC,ソロっと倶楽部,565,0,11111,133610,1,2,1,2,1,2,2,1,12
1I22XKC76,あずき,ADV5B17VN,蓮空,1173,3,11111,133610,2,6,2,4,4,5,4,4,31
U09G1LFT7,炎真,G3X8X7W8W,徒町好き町,339,0,11113,133520,3,2,1,1,1,1,1,7,17
8CF35EGNT,ペンタゴン,KA652DGYV,ゆるリンクラ,385,0,11114,133430,5,6,1,1,1,2,4,4,24
U2WEUFPTP,Tak,HLD3X0E6T,蓮ノ調,202,0,11115,133340,2,3,2,2,2,1,2,1,15
NFFXLC190,期待の学院生,BTVC9G95X,FES用,334,0,11116,133250,4,1,1,1,1,5,1,1,15
W21JE1BMR,hanuragi,,,291,0,11116,133250,2,6,1,6,3,4,2,4,28
4KA3H38MG,ゆき,TGLXAU8V6,雨、太陽、風,540,0,11116,133250,2,1,1,1,1,1,1,1,9
VUNH7FEL1,じょーさん,M67ACEP3M,オーバーブースト,666,0,11119,133160,3,7,1,1,1,2,1,1,17
2HUMR0MF5,うらむすめ,YAY2UK2CT,蓮の空研究部,1154,6,11120,133070,1,1,1,1,1,6,1,4,16
X6JTXM9C7,小川小雪,73VTANA71,隨緣努力^▽^,249,0,11121,132800,3,5,1,4,4,5,1,4,27
J5CBFYLME,しろいぬこ,,,887,3,11122,132710,1,1,1,1,1,1,1,1,8
WSDU2CWP0,いしはくじゃく,,,813,1,11123,132620,1,5,2,4,1,1,4,1,19
UF32T1GVB,赤月静夜,LUDNM40F8,ふくふく無言OK,1105,3,11123,132620,2,6,1,7,1,2,1,1,21
6N8YAXFUM,義時,YHR6NH62C,くるすてっぷ,625,2,11125,132530,1,1,1,1,1,8,1,4,18
NONT2BJE5,うがじん,H5MEVB5ET,機械さん,1135,9,11126,132440,1,7,1,4,4,4,4,4,29
L1JLF93LC,てんし,,,91,0,11127,132350,2,1,2,1,1,1,1,1,10
88T9WWE1W,エパンニャン,F53AELUNC,ソロっと倶楽部,490,0,11128,132260,2,4,1,4,1,6,4,5,27
N6B1E99NB,コリラ,9AYD3XJ2D,ぺんぎん隊,455,2,11129,132170,3,2,2,7,4,4,2,2,26
16JLT8WPG,チーズ,X9X9A5MFJ,ニホンゴヘタカイ,323,0,11130,132080,3,5,4,1,2,4,4,4,27
PB7F316HB,Nyu,XVTV7MVCX,雪月花,114,0,11130,132080,1,1,1,1,1,2,1,1,9
E15TXNY1V,タカヒロ,G2B2TC3PK,iLiFE!,562,4,11132,131990,2,1,1,1,2,3,1,3,14
U68277NF9,ゆいな,X87KNX4N3,蓮ノ流星群,715,0,11132,131990,2,7,2,4,1,2,2,1,21
MFUS0Q0MP,しゅう,AND13836G,乙宗梢親衛隊,858,2,11134,131900,4,1,2,1,1,5,1,1,16
2UU41UBB1,Adlem,R9NGK6L48,のんびりサークル,812,0,11135,131810,1,9,1,1,1,7,1,1,22
XM461284L,PANd,K95YH6P1C,蓮ノ空泥の会,748,2,11136,131630,1,2,1,1,3,2,1,1,12
KBATJXZP0,いぬlv.2,VFEAYTXK6,Lv.2,956,0,11137,131540,1,1,1,1,5,1,5,5,20
VVN27NUC5,Swinker,,,358,0,11137,131540,2,1,1,4,1,1,1,5,16
4BGJUFC6D,hiro,V6DKUH6JT,報酬だけほしい,762,2,11139,131450,1,4,1,4,1,4,1,4,20
2LL3QI0IV,純,EE4BKR0AR,まったりプレイ,1033,4,11140,131360,1,1,1,4,7,2,1,7,24
V6C5P9M5L,KAWASAKI,MUXWTW1GV,蓮の空見守り隊,408,0,11140,131360,1,2,1,2,2,2,1,1,12
WEXGRHUVQ,すの〜び〜ち,8UJNTV5BX,のんびりと部,1203,6,11142,131270,4,5,2,6,2,6,5,6,36
KMTG52ZOW,菜ノ花,KGDNX3EF3,ENcircle,840,6,11143,131180,1,2,1,1,1,2,1,1,10
WDT1CHCWL,おかず,,,1019,1,11143,131180,2,1,1,1,1,1,1,1,9
5FIEN9L1R,おネコ♪,FG9A9ARX1,忙しい人あつまれ,489,0,11145,131090,3,1,1,1,1,2,4,4,17
MN33Z30BI,Ina,FMKP92LRL,目が霞む人達,1061,4,11146,131000,1,1,1,4,1,2,4,1,15
WGM5DH3FU,SHO,7MNN5LFAY,ナビウォーク,421,0,11147,130910,1,5,1,4,4,5,4,4,28
693RKZD65,CA03沼津,FTUJJ5KM9,無言◎私生活優先,1055,0,11148,130820,2,4,1,4,4,4,4,4,27
G2VPV72Y6,chikachi,PULJ8VCHJ,蓮ノ空を推す会,273,0,11149,130730,3,1,1,1,1,2,1,1,11
8DU56JVW1,ぴろり,4BU2PJLC1,Sky,408,0,11149,130730,3,8,1,2,6,6,5,5,36
P1IFHMYKQ,Ange,FE282F3VH,天悶部,935,0,11151,130640,1,4,1,4,4,4,4,4,26
0TKEEA3UF,ryo,ETAMCYHME,蓮ノ空お昼寝部,267,0,11152,130460,2,1,3,1,1,3,1,1,13
W1ATY92V7,ペシミチ,,,76,0,11153,130370,6,6,7,5,1,3,2,1,31
X1R6CY22X,TAKUYA,BPG4D3VMA,不明,387,2,11153,130370,1,1,1,1,1,4,1,1,11
LG921R1VN,Hibikyan,UM76AWB16,Hibiki,813,1,11155,130280,3,4,2,4,4,5,3,1,26
UCF1XFCQH,Edward,1ET4JA893,虹蓮中国同好会,1133,7,11156,130190,3,7,1,4,4,4,4,4,31
L31ENKH28,ゆうき,CG883T34N,蓮ノ空美化委員会,470,0,11157,130100,1,4,4,5,5,4,4,5,32
4A5XXFC9P,チェスター,BEMED3RY1,無言無課金ok,901,6,11157,130100,1,1,1,1,1,2,2,1,10
DPK4MAUHY,Shidare,NK05UMLWW,かけ込み寺クラブ,209,0,11159,130010,1,1,1,1,1,6,1,1,13
WHYYJ9PFE,ヒジリ,7XAXY1P8A,沼ノ底学園,713,0,11159,130010,1,2,1,4,1,4,4,4,21
TMETRRNJ7,あまぜん,EMAVTJ4G4,あるはらぱーく！,794,0,11161,129920,3,2,1,1,2,5,1,1,16
343BT0WUC,龍牙七夜,KC1W74B9B,蓮六園,980,4,11162,129830,2,4,1,1,4,2,7,7,28
UM5025YKG,村野めぐみ,VKW1GNAPL,伝統を守ろう,741,0,11163,129740,1,4,1,1,4,4,4,4,23
FUVH8H1TP,ゆうや,FH54A1HEX,陰のラブライバー,559,3,11164,129650,1,5,1,6,1,2,1,1,18
0PZC6VTV1,クロエ,ATE4GEUHP,リンクラ遊部,1221,6,11165,129560,2,4,1,4,6,4,4,4,29
KTFHW339M,伏路火,JPKN1TAJ0,無課金プレイヤー,375,0,11166,129470,1,4,1,4,1,4,1,1,17
AYF7LM69B,紅華,A7WWE0463,蓮ノ空初心者部,395,0,11166,129470,3,1,1,4,5,5,4,4,27
3EL2DJPEA,スピカ,FJMA5BPPE,蓮ノ空すきすき部,866,4,11166,129470,1,1,1,1,1,2,2,2,11
Y2Y3DWH3R,こじま,R1RM3X0WV,後方腕組みオタク,777,0,11169,129380,3,1,1,4,1,5,4,4,23
JVWK3E3P3,さーや,JWUL2T36L,チーム初心者,827,3,11170,129290,1,5,1,1,4,2,6,1,21
GG7JRIO3O,どらわん,A7WWE0463,蓮ノ空初心者部,917,2,11171,129200,1,1,1,5,5,7,1,1,22
332EYNC25,ほしいも,BPFAT416J,さやかわいい,830,2,11172,129110,1,5,2,1,2,2,1,1,15
JDJ0Y8BLV,ドット,9P9EPKFHE,無言参加OK,857,0,11173,129020,1,4,1,2,4,6,1,4,23
W35549PRJ,Meiru,NJBBTCY3A,かにかに！,402,2,11174,128840,1,4,1,1,1,9,1,1,19
XLE998L93,まーち,7B0W0EWVA,ソロの為の避難所,666,0,11174,128840,2,1,1,1,1,2,1,1,10
9RXX57J8D,柚子胡椒,NWF38B4JR,柳田です,173,0,11176,128660,2,1,1,1,1,1,1,1,9
315C1B3W9,桐生二馬,H6WUKUGM4,東成会,473,1,11177,128570,2,1,1,1,1,1,1,1,9
MHWVYQCBZ,阿瑋,LB0K3MHND,フラワー,1064,3,11178,128480,2,2,2,1,1,2,1,1,12
WF0VWLL9J,リン,NMRKHYYRM,ご自由にどうぞ,788,0,11179,128390,1,4,1,4,6,4,5,5,30
0445NN0WE,やまねこ,U8GLCJVJP,コミュ障用誰でも,190,0,11180,128300,5,4,1,3,4,5,3,1,26
4HRG4RUYF,Fortunes,,,152,0,11180,128300,5,8,5,10,5,6,1,5,45
FEX3XEJ8K,び湯,6FWRD1K40,いちじょ海賊団,414,0,11182,128210,1,1,1,1,1,2,1,1,9
WFXPA1U10,とうまゆきひろ,GVNKNN878,Aqours,989,6,11182,128210,4,1,1,1,1,1,1,2,12
TK9KDUJ1M,tommy,E1HVJ71JR,ご自由にどうぞ,857,0,11184,128120,2,4,1,4,4,5,1,4,25
HCU09H2K6,Hぶちょー,,,150,0,11185,128030,2,4,2,2,1,1,1,1,14
7TJK8KTEJ,タート,,,133,0,11186,127940,4,4,6,3,5,3,1,1,27
8J8VY8L35,猫の宮,RYKUNH6CN,建前,875,0,11187,127850,2,4,1,1,4,4,2,4,22
G4FBU6IPH,ヨリコ,FNMV166UY,蓮ノ空喫茶部,958,0,11188,127760,1,4,1,4,1,2,4,2,19
OTDAQOXIM,nyochio,MWT91W455,つづこず大好き部,694,1,11189,127670,2,1,1,1,4,2,1,1,13
4MUFTGADP,ぱっち,,,143,0,11190,127580,3,4,5,2,5,2,9,1,31
VE7BLIFSP,ティム,,,641,0,11190,127580,1,1,1,1,4,1,2,1,12
WX7LNPYUD,しん先輩,,,864,0,11192,127490,2,4,1,1,1,1,4,1,15
CT14J6YPA,きときと,0YLUK30K6,蓮っコの集い,717,2,11193,127400,1,4,1,1,9,3,1,1,21
RCNV7TCT4,やさい,,,97,0,11193,127400,6,7,8,3,7,5,4,1,41
VWB2U7538,ちるを,M206VENTF,蓮紺の会,786,0,11195,127310,4,5,3,4,5,6,4,4,35
805ULJLUE,うみ,C68491XHB,みらくらぽーく！,601,0,11196,127220,2,1,1,4,4,2,1,4,19
L6RV4W5U8,shion_紫苑,61UTNTRU1,初心者さん,852,0,11197,127130,2,1,1,1,1,2,5,5,18
15D6C5HGM,石浦,,,291,0,11197,127130,3,2,1,1,1,3,2,1,14
R9L2ADPFX,しゅう,KGG6VMD1R,蓮ノ空本蓮沼の会,328,0,11199,127040,1,1,2,1,3,3,2,2,15
CT49K8WUC,十々深,9D722M8KC,蓮ノ空同好会,425,0,11200,126950,1,1,1,1,3,4,2,1,14
XMNYI2WAB,珠,KXB93FVTR,ブルームガーデン,849,1,11201,126860,1,5,1,1,1,2,1,5,17
BB3MT89DR,ハイデス太郎,V3FAH8CM4,初心者の会,256,0,11202,126770,1,1,10,1,1,8,1,1,24
B7GY5EHH9,うるとらアポまん,L3NN1RWMY,アポロベイ海賊団,414,0,11203,126680,2,1,1,1,1,2,1,1,10
2QG95EPVN,ラテオ,WPG6BCG83,基本無言,458,0,11204,126500,2,1,1,1,4,2,1,1,13
71E80VJ7B,リンクラー,,,264,0,11204,126500,2,1,1,4,4,1,1,1,15
WITBXDRSS,千夜一夜,8HUPBBHNC,蓮女「ぷりずん」,1134,0,11206,126410,2,4,1,3,4,4,1,4,23
RNHW0AKRT,pupitar,0EL43A30P,こころのいろは,326,0,11207,126320,1,4,2,4,1,4,1,2,19
60MJ8U4W5,テヲドア,80NVTNUN1,bco,612,0,11207,126320,2,1,1,7,4,1,1,7,24
4XEJWX8EV,なるけま,NMRKHYYRM,ご自由にどうぞ,426,0,11209,126230,2,5,1,7,1,7,5,5,33
HU9J2TY8N,桜田,9C0KWR782,まったリンクラ,497,0,11210,126140,1,5,2,1,6,2,1,1,19
AN1VURWEL,いちにー,KHE3R0EE7,チーム本屋,840,2,11211,126050,1,1,1,1,1,1,1,1,8
V8K60EBC1,mochi,3JDDUYURT,無言,815,2,11212,125960,3,1,1,1,1,2,1,1,11
NAPNMTJBC,土岐紅巴,,,778,0,11213,125870,3,1,1,4,5,1,4,5,24
4469AYJ0C,LINK13,65LPAY00Y,蓮ノ空同好会,903,3,11214,125690,1,4,1,1,4,4,1,4,20
30RUDCEH4,ふみーそ,57UT319NN,蓮ノ空同好会,277,0,11214,125690,3,4,1,4,4,4,4,4,28
IOZJWUS9M,HOLY,HKETDDCK6,ぼっちざ蓮!!,1170,5,11216,125600,1,1,1,1,1,4,1,4,14
4FAPX7HE0,直心,UGPD1HHDU,村野さやかFC,563,1,11217,125510,1,1,2,1,2,1,1,1,10
CVFPRKC2T,taruchi,0XUV5025C,めぐめぐバブり隊,139,0,11218,125420,7,9,6,5,6,7,2,2,44
CH5G34V8C,しんじゃも,4NDAG5E9N,国産牛のにげあし,406,1,11219,125330,3,10,2,8,10,2,2,1,38
8ZGZPQH9K,Aria,ELVJFHBUT,花帆めぐ推し,320,0,11219,125330,2,1,1,1,1,1,1,1,9
ZMKFOEGAJ,タコわさ足,PHLRY3XRP,とりあえずやろう,1143,4,11221,125240,2,1,1,1,2,4,1,5,17
0II5HDXJ3,P-Enter,GYJ3C6TKR,綴理先輩好き好き,321,2,11222,125150,4,2,1,1,2,2,3,1,16
XG0MMKE6M,yappy,,,257,0,11223,125060,2,1,2,1,1,1,2,1,11
G5ML563GT,梦水梨子,Y337R7BW9,中国の蓮之空圈子,766,3,11223,125060,1,5,1,1,1,3,1,4,17
2V7CMXM56,DKA,C4AY3GDRE,北上山岳会,899,0,11225,124970,1,8,1,4,5,1,4,1,25
MDFPPP2KQ,マサ,N5Y24VNFN,個人,552,0,11226,124880,1,1,1,1,1,1,1,1,8
TM46BEKB7,すけころ,,,167,0,11227,124700,1,3,2,1,6,2,2,2,19
IE6LV4M1E,きぬごし,YK0X6N2HN,無言OK出入自由,1101,2,11227,124700,2,5,1,4,4,4,2,4,26
PFY75ZDXY,トオル,8YNHW7530,虹ヶ咲、蓮ノ空,757,1,11229,124610,2,4,1,1,4,2,1,1,16
V7CD7P002,アニョ〜ル,KY4NEVD9W,かほかほさやさや,1104,2,11230,124520,2,1,1,4,3,4,4,4,23
RGXVZQI51,ゆん,,,657,0,11231,124430,2,1,1,1,1,1,1,1,9
JFWLATGF8,Shin0123,1KDUBW4HB,めぐ党0番,209,0,11231,124430,2,1,1,1,1,2,1,1,10
PY4N1VYHB,ひな,YMKU30246,参加賞がほしい,401,0,11233,124340,2,6,1,4,4,6,2,4,29
KNHP50DPB,ふぁんたずま,,,223,0,11234,124250,4,7,5,1,9,8,1,4,39
JKJ6MUHBB,ずんだもち,WBXF9XXW7,さやつづ愛でる会,624,0,11235,124160,1,1,1,1,1,2,1,1,9
XAH0VCEMF,あるふぉんす,UMNEWH0FP,退避,983,0,11235,124160,1,4,1,4,2,4,4,4,24
WV1A125R9,たろう,,,328,0,11237,124070,2,4,1,2,1,4,4,1,19
1FIFMIQLK,まっきいろ,MD802VP2H,専門演習F4,1002,3,11238,123890,2,7,1,4,6,4,1,4,29
U0VNG6G9J,月岡杏奈,TX85TKW7A,蓮ノ空女子部,930,4,11238,123890,1,1,1,5,1,4,1,5,19
KYR57Y5NW,明菜,W3F0URUJC,梢先輩応援団,306,0,11240,123800,2,3,1,1,1,2,1,1,12
G5D5DGKC7,カズヒロ,GGK2P93JK,きゃらめる,460,0,11240,123800,3,4,1,5,4,4,4,5,30
D4JOLPSJG,エチレン,R083H7WRN,サークル無言,1043,6,11242,123710,2,1,1,1,2,2,1,2,12
HDYDNETE0,モルス359,580WTT2T8,乙宗梢推し隊,525,0,11243,123620,3,1,1,1,1,1,1,1,10
XXYVPJRDR,YOKIA,4R8A3LJLJ,〇〇〇,517,0,11244,123530,1,1,2,1,1,2,1,1,10
NN3J03CS4,まひろ,RM7N1JDB5,無言推奨不干渉会,907,5,11244,123530,3,1,1,1,4,5,3,1,19
90GMTTJHU,マセ,0UTVRAKFL,平穏無言,579,0,11246,123440,2,4,1,1,4,2,1,1,16
VH78JDC7M,露露,AND13836G,乙宗梢親衛隊,704,0,11247,123350,3,1,1,1,4,6,1,5,22
N169JVHJ9,じゃがまよん,,,355,0,11248,123170,2,6,1,1,1,1,2,4,18
BKW844CEJ,sadori,,,175,0,11249,123080,1,6,1,1,1,1,2,1,14
169VG2DMG,pipo,,,117,0,11250,122990,7,5,5,3,1,1,2,1,25
EE8A47PDE,燐,976BY5JWK,ハルカカナタ,159,0,11250,122990,3,6,4,2,4,4,6,6,35
C84J6608J,しゃも,8CEWMFEHX,ねるねるねるね,919,0,11252,122900,2,4,1,1,6,2,1,1,18
DUN1XBNCC,しな,PN4VA24XF,みーかるぱーく！,1075,1,11253,122810,1,1,1,1,5,2,7,7,25
A24RH09P3,VTさん,Y337R7BW9,中国の蓮之空圈子,951,6,11254,122720,1,1,1,1,4,4,1,4,17
PDH8TRJEU,琥珀,DKC564PTP,ごはんはおかず。,493,0,11255,122630,1,1,1,1,1,1,1,1,8
8Z0V9OLHJ,レグルス,DYAMB6AWK,コスモワールド,995,3,11255,122630,4,1,1,1,1,1,1,3,13
U88X7NLX9,ゼンゾ,UHWA4YLWP,蓮ノ空を見守る会,590,0,11257,122540,2,4,1,4,1,2,4,1,19
Y54DDL4RR,おにぎり,TW2M129HM,花陽ちゃん,1047,0,11258,122450,2,1,1,1,1,1,1,2,10
ZYMT9M00V,リョータ,P9CV4RB36,Aの為,1235,6,11259,122360,1,7,1,4,5,4,4,4,30
F001LSQIJ,ののみ,,,1033,2,11260,122270,1,4,1,4,5,4,3,1,23
UN1DHT1HG,ジピン,YL2ELYC4U,さや…好きだよ…,381,0,11261,122180,1,2,2,1,3,6,1,1,17
2NZMH6L14,IN,TR057C1UW,蓮ノ空ぼっち部,846,1,11262,122090,1,1,1,4,5,2,1,4,19
MNGWJQBPG,七代,BUMKNLWVG,ミルク王国内灘,653,0,11263,122000,1,4,1,1,4,1,1,1,14
AKV38U241,孝璇,,,422,1,11264,121910,1,1,1,1,1,1,1,1,8
8SGPYMJ1N,ほい助,AXGGJ4EJ1,所属だけしたい部,1038,4,11264,121910,2,4,1,4,4,4,3,4,26
MBZDXER74,ＦＩＮ,,,448,0,11266,121820,2,3,1,2,1,1,1,1,12
2T5G00AHU,りょう,TR057C1UW,蓮ノ空ぼっち部,257,0,11267,121730,2,1,1,1,1,2,2,1,11
0YF6B3LM0,生徒A,5YEE75CB4,ロビーで待ってる,122,0,11268,121550,3,4,3,1,4,5,1,4,25
JRW4L5KV4,がま,2HEFYHN82,異次元フェスから,764,0,11269,121460,1,5,1,4,4,4,4,4,27
5UM0Q3UJB,嵯峨政風,RM7N1JDB5,無言推奨不干渉会,1013,0,11270,121280,1,1,1,5,1,4,4,4,21
CKWD3EJMR,CHIEH,5YEE75CB4,ロビーで待ってる,453,0,11270,121280,3,5,1,4,4,4,1,4,26
8J1PRCI1M,としあきさん,6BFC4G5YG,蓮ノ空足湯同好会,808,7,11272,121190,1,10,2,1,1,9,1,1,26
FM8XR3C42,sif2,LRKRUR21F,ちゅけバフ,175,0,11272,121190,3,3,1,1,1,2,1,1,13
DWAU5A62J,Richo,DW13FCXPT,Mulbungs,768,1,11274,121100,2,4,1,1,1,2,1,4,16
HNVJJANFM,ヤタガラス,WTJV514G9,蓮ノ空のお弁当屋,982,2,11275,121010,1,4,1,4,3,4,1,4,22
B3A1UJAAG,デブトトロ,6E27A15ER,蓮ノ空自由クラブ,532,0,11276,120920,3,1,1,1,3,3,2,1,15
N3KWDJJ5M,しゅだ,H6JWBBGCG,蓮天・乙宗一心流,159,0,11276,120920,2,6,1,1,3,3,1,1,18
PRKC8T3H0,173,DNLYBK66L,お　ま　た　せ,319,0,11278,120830,1,3,1,1,1,1,1,1,10
VD43A9M6W,モーロック,,,243,0,11279,120740,2,1,1,1,4,4,4,1,18
M0K7NMT71,り,RKT7BC4F6,人形浄瑠璃乃,313,0,11280,120650,2,1,1,1,3,6,1,3,18
942YW5G6U,たか,RKT7BC4F6,人形浄瑠璃乃,1022,6,11280,120650,2,4,1,4,6,4,4,4,29
TTF4QN072,たか,,,949,0,11282,120560,1,1,1,4,5,4,4,4,24
R3T8CA3RX,うぃっぷ,W3F0URUJC,梢先輩応援団,954,2,11283,120470,3,4,1,4,1,6,1,4,24
HTEYRNRRY,いぶか,E12PR824F,ゆるっと蓮ノ空,1156,2,11284,120380,4,4,1,1,4,6,5,4,29
W4P36T59D,ゆう,,,146,0,11285,120290,9,7,6,4,4,2,1,1,34
U102HNP0B,Blue-SKY,X40JN8FBC,楽しい遊び研究部,1159,5,11286,120110,1,4,1,4,1,4,4,4,23
VKJ5GGVPT,Gako,,,559,0,11287,120020,4,4,3,4,5,4,2,4,30
ETL09OAGP,かいかい,3BDTCERX6,打ち返した流れ星,479,0,11288,119930,1,2,1,1,1,2,1,1,10
HDWB63MTG,ppoi,DH97ANN9G,ツキマカセ,966,3,11289,119840,2,4,1,4,1,4,4,5,25
C5J6E6G2D,Tarosa,6UAFKBRPN,リンクラ初心者部,717,0,11290,119750,4,2,1,1,2,3,1,1,15
FRCOITRF2,ニンネコ,,,720,0,11290,119750,1,8,1,1,1,5,1,2,20
KP9VHU309,ユウウツ,M4D0VP1XT,蓮ノ空痛車部,751,2,11292,119660,2,5,1,1,1,7,1,1,19
121BRJFA6,ヨシ,CJWR9P8LM,花帆さん愛でる会,730,2,11293,119570,3,5,3,4,4,4,4,4,31
P5JDJAVGB,ゆん,,,360,0,11294,119480,4,5,3,1,2,3,2,1,21
7708TJX4C,汐弥の香緋をくれ,57UT319NN,蓮ノ空同好会,712,0,11295,119390,3,1,1,3,1,9,1,1,20
7Y3C4XAYV,たきはら,NMRKHYYRM,ご自由にどうぞ,482,0,11295,119390,1,1,1,1,1,2,1,1,9
TW9LAAUS2,ゆき,A9MA307FX,楽しいが一番,1072,3,11295,119390,1,1,1,1,5,3,5,5,22
U25YGRGU9,カレン,,,870,2,11298,119210,2,4,1,5,4,1,4,6,27
M96B7XLW8,ハワタニ,HDD9DJVTB,Lotusky,658,0,11299,119120,1,2,1,1,1,2,6,1,15
FKV2WCF8L,Jun,,,192,0,11299,119120,2,4,1,1,4,2,1,1,16
KCVHIKQH3,MiNG,HWWRP6K2J,家に猫がいます,964,0,11301,118940,3,6,1,4,4,4,4,4,30
UD2WKFVPP,びぃる,N94LEWF2D,無言よわよわの会,120,0,11302,118850,3,3,1,1,5,4,3,1,21
FM7DA1BEW,セリオンズ,WYUH9J3BC,工務店,1127,1,11302,118850,1,1,1,4,1,4,4,6,22
MP6P87XWO,太田彪子,8WAXGK70P,CANARiA,763,0,11304,118760,2,9,3,2,2,6,2,2,28
T5X60FTVN,ぎっしー,PXDL7Y3VM,ビギナーズ改,245,0,11304,118760,6,1,4,4,8,5,5,5,38
0CWFF3007,ヨ予豫,,,816,0,11306,118670,1,4,1,5,4,4,1,4,24
7GC9Y2VAD,七瀬,,,415,0,11307,118580,2,9,1,1,3,1,9,1,27
W0T91L4WC,さひと,8M6UDX260,ぽけもん好き,303,0,11307,118580,2,7,1,3,5,7,1,1,27
F94GD1RT6,モモンガ,,,693,0,11309,118490,1,1,1,5,1,1,1,1,12
V3Y4HTG36,素うどんさん,A86FEX2JC,おやさいさん,728,0,11310,118400,2,5,1,4,4,4,4,4,28
8C86DP181,ぜーこんぐ,E96EHM1T5,testest,291,0,11311,118220,3,2,2,1,1,1,1,1,12
4XDZAH7P7,Hisoka,MUXWTW1GV,蓮の空見守り隊,554,0,11312,118130,2,1,1,1,2,2,1,1,11
6JU2RPU9P,CJGX,NFMEGRJ45,社畜無言サークル,889,0,11312,118130,2,4,1,4,4,4,4,4,27
87C78FEAC,ダイトウ,G26L2CBRC,悠々自適,455,0,11314,118040,2,1,2,1,4,4,2,4,20
RP978WKB3,SuzuHa,J0PT5EX42,スクスタモ部,239,0,11315,117950,3,1,1,1,1,3,1,1,12
TEJL7F2PR,コーヒー,6UGJFTAEN,なんとなく,712,0,11315,117950,1,1,1,1,1,2,1,1,9
PEXV044P3,まかろに,8J1GJT2BC,近畿の大金沢,553,0,11317,117860,3,1,1,1,1,4,4,1,16
3BPMECWFJ,帝王,LLDLG20UU,UR取り隊,325,0,11318,117770,1,2,1,5,1,4,5,4,23
83CDYFUEV,くろうーろん,,,287,0,11319,117680,1,3,1,2,4,1,1,1,14
LWUXG0WT9,高千穂,P6WNKRLPM,利島むら。,1015,0,11320,117590,1,4,1,4,4,4,4,4,26
GZC7W79ZY,陽丸,JHTULVV5P,故に瑠璃乃推し,559,0,11321,117500,1,1,1,1,1,3,1,1,10
T0760NRNE,もみじ,NCX28D4VB,Lyric,836,0,11321,117500,1,1,2,4,1,4,4,4,21
A5URDR5JH,京太郎,DW13FCXPT,Mulbungs,264,0,11323,117410,1,1,1,1,1,2,1,1,9
NKJW56Z1T,たこす,95TAREFPT,ご自由にどうぞ,1148,0,11323,117410,1,1,1,1,5,2,1,5,17
WW9U5X47F,まきくん,00T3NXXA9,初心者,471,0,11325,117230,2,4,1,1,5,2,2,1,18
RIHLF5H5P,そし,VN1LXEHLR,綴理、愛,548,0,11326,117140,2,1,1,1,1,2,4,4,16
YHDEWC224,始祖鳥,C021HVB2B,第3芸能科,586,0,11327,117050,2,1,1,1,1,2,8,1,17
9T20C9W4B,砂利吉,,,686,0,11328,116960,2,2,1,1,1,4,1,5,17
FX032WMSO,リッツ,3N7FL0U6U,destiny,851,0,11329,116870,1,1,1,4,1,4,4,4,20
2X81WFE55,だんぬ,,,343,0,11329,116870,4,8,2,4,5,5,4,1,33
T4D90WE8D,シュン,8BAYBXUXC,スリブ大好き♪,165,0,11331,116780,2,7,1,7,7,3,4,1,32
RGDHRFPB2,长颈鹿,,,120,0,11331,116780,7,9,5,4,4,2,2,1,34
LAXFU859G,kohan,,,747,0,11333,116690,1,2,1,1,4,1,4,4,18
7GYCNKNBX,ミチノ,X642BX99H,レウレリア,1017,1,11334,116600,1,4,1,7,4,1,1,7,26
B11W821NU,あたらし,M1DLCR0R8,花帆護サークル,153,0,11335,116510,2,1,1,1,1,2,1,1,10
7T5AMLALR,小贱,,,796,0,11336,116420,2,5,1,4,1,4,1,1,19
H02GA1I6S,すみ,,,816,2,11337,116330,4,1,1,4,5,3,1,1,20
KL7YBADD7,楓華,FD24TD6C5,泥人,697,0,11338,116240,2,1,1,1,1,2,1,1,10
CFPM95LLT,まほう,,,691,0,11338,116240,1,1,1,1,1,1,1,1,8
GB9ZET285,蓮ノ向かい,FVJFA973A,月猫愛好会,1126,0,11338,116240,1,5,1,1,4,4,4,4,24
WF8N2L6H1,渡辺曜,DW13FCXPT,Mulbungs,732,0,11341,116150,2,4,1,1,1,2,4,4,19
TNKI4YNRX,くま,,,606,0,11342,116060,1,1,1,1,4,1,4,4,17
D5YKPEP5D,丹之,,,594,0,11343,115970,1,4,1,4,4,4,4,4,26
ITF1IHC09,ヘアン・ナツミ,69PA9MXRL,バースデー料理部,816,3,11344,115880,5,4,2,1,1,1,2,1,17
W8AAFKAV6,アナーDレイ,YVV9CMBLW,東京公演で沼落ち,732,0,11344,115880,2,2,1,1,1,3,1,1,12
TWA9A5JCD,gdgd,L9MR6PF86,猫の惑星,837,3,11346,115790,4,1,1,1,2,5,1,5,20
8TGC647DY,NI,,,1009,0,11347,115700,1,4,1,1,4,4,5,4,24
12YG4C6G2,印ｇ,H837E0M9R,沙知先輩大好き部,351,0,11348,115610,1,1,1,1,1,2,1,1,9
M7YJTJ4HW,Joseph,,,212,0,11348,115610,2,1,1,1,1,2,1,1,10
1B5ADLGE9,三輪88,LT9K2FP23,慈党リンクラ部,975,0,11348,115610,1,5,1,1,4,4,4,4,24
OZ24LHJ5Z,Rui,DULFP3TRN,めぐ党員の部屋,914,2,11351,115520,1,1,1,1,1,1,1,1,8
T2UAJXABA,RyuBell,UHWA4YLWP,蓮ノ空を見守る会,1125,4,11352,115430,1,4,2,2,4,4,4,4,25
Z7P5PQCWL,ZEN,X784G0GKM,異次元から来た,635,0,11353,115340,2,4,1,4,3,2,2,4,22
FTVFLRGB0,てったん,5L9GNT78V,叶え！私達の◯◯,117,0,11353,115340,2,1,1,1,1,2,1,1,10
W0UAXGD2F,だいだい,PJN52E7JX,ひよっこ,331,0,11355,115250,2,3,1,1,1,2,1,1,12
D2NH8GK7A,たかぴぃ,VUE5Y1R81,吟子好き好き海月,241,0,11356,115160,5,4,3,4,4,3,1,5,29
RYHP39JD7,ショコラメリー,EUJAL1BBF,珍獣@メイト,741,0,11357,115070,1,1,1,1,1,1,1,1,8
ATLXH072H,ももふく,V3FAH8CM4,初心者の会,409,0,11358,114980,2,1,1,1,1,2,4,1,13
YXDFH2BHJ,エルミナ,,,299,0,11358,114980,1,1,1,1,1,1,2,1,9
N418MS6HN,yoooo,AR9HR528A,いろいろ実況,1190,2,11360,114890,1,2,1,4,1,4,4,4,21
XYLSSU9FA,ゆうゆう,,,952,1,11361,114620,2,4,1,4,1,1,4,1,18
JTDGN1RNM,はなまる,,,964,2,11362,114440,1,4,1,4,4,4,4,4,26
53WT2CGF1,わため,KT4P0CHHC,ゆったり同好会,183,0,11362,114440,3,1,1,1,1,3,1,1,12
D4S5VLAF4,k×k,UCF93JAPM,スワンプマン,701,2,11364,114350,2,9,3,1,1,4,1,1,22
70GUV7HKR,アオキン,KA652DGYV,ゆるリンクラ,538,0,11364,114350,1,2,1,1,1,2,1,1,10
XKUPN8CFF,トシ,R1RM3X0WV,後方腕組みオタク,843,0,11366,114260,1,1,2,1,1,5,1,1,13
FJFUXBIUC,たじゃほむ,0CY93XRDW,仮,316,0,11367,114170,1,1,1,1,1,1,1,1,8
1OMCJE5KB,ウォータ,X77KULPCG,鼓門(仮),876,3,11368,114080,2,1,1,1,4,1,2,4,16
143BSFR7P,プルプルプルンス,,,855,0,11369,113990,2,4,1,4,4,4,4,4,27
5EE77AKD7,ライバーオルタ,YJ21JXMXM,日本酒好好倶楽部,525,0,11370,113900,2,4,1,1,4,2,1,5,20
K2LBSPDPO,ふわみどり,,,629,0,11371,113810,1,5,1,1,1,4,1,1,15
22835XV4T,のんさく,KGG6VMD1R,蓮ノ空本蓮沼の会,310,0,11371,113810,1,1,1,1,1,2,1,1,9
N07CC5CYR,ymkrud,JX0BXWNWH,新米蓮好き好きC,185,0,11373,113720,4,5,2,7,1,4,1,1,25
RXCDYKBPM,ひさ,VD7N7A4WH,氷青色,272,0,11373,113720,2,1,1,1,1,2,1,1,10
GFRX496QQ,耶律天然素材,KPUYXN27J,蓮ノ空楽曲派,1024,4,11375,113540,1,4,1,4,4,4,4,4,26
X41BACE9K,こん,26246W72R,初心者失礼します,471,0,11376,113450,1,1,1,1,1,4,1,4,14
4LYYP7RSK,準ちょこ,,,218,0,11377,113360,3,1,2,1,3,1,2,1,14
WA5CLAY91,やなな,H1G4CDT6C,無言自由,1008,5,11378,113270,1,1,1,1,5,4,7,7,27
8NTGCR26W,S4HANA,,,167,0,11378,113270,1,3,3,1,5,2,1,5,21
6QGVM3DI0,ユウ・タカジマ,,,271,0,11380,113180,4,3,5,1,1,1,2,1,18
M7CJDPTY8,Ryu,,,591,0,11381,113090,2,7,1,1,4,4,2,4,25
92JTKFWC2,ソフビ,,,180,0,11381,113090,1,4,1,3,4,4,1,4,22
8DY54PMNJ,ひな,,,248,0,11383,113000,2,5,1,6,1,1,5,1,22
98A02HG2A,しのた,2BB5YVRFL,蓮好き好きクラブ,1081,12,11383,113000,2,4,1,1,1,4,1,1,15
DT3TGJ0HX,ゆう,XR2P2LDY3,蓮ノ空さいきょー,367,0,11385,112730,1,1,1,1,1,2,1,1,9
T9MFHVU53,奈々月,7J3DF36RX,綴理しか勝たん。,808,0,11386,112640,1,2,1,1,1,2,1,1,10
KJTTK6WS6,おこp〜,F31A07X4V,蓮ノ空福井分校,921,0,11387,112460,1,4,2,4,1,2,4,1,19
6W3EXVN1F,はっせ,CWPWP1266,さすさや,151,0,11387,112460,5,10,2,6,7,3,1,1,35
BXGI8JG4M,サル,,,830,0,11389,112370,2,1,1,1,4,1,1,1,12
2PRUO6TLL,阿部,CRYB2FJ64,つくよみくらぶ,1235,12,11389,112370,2,1,1,1,5,4,5,5,24
5MJ867HRF,ベロー,8MTLYLH9F,木星月華黄金宮,735,0,11391,112280,2,4,1,4,5,4,4,4,28
E0PTNNJ6R,明るい学院生,6HXC3AG29,個人用,277,0,11392,112190,1,1,1,1,4,4,4,1,17
N0NAKE9V5,tp,D5YC75NF3,畜群,369,0,11393,112100,2,1,1,1,1,1,1,1,9
UV6ALYMT2,もちもち,G6EH0KHT7,なんもわからん,812,0,11394,112010,2,4,1,1,1,4,4,4,21
9PGCHLVTH,みきを,,,219,0,11395,111920,2,1,1,1,1,1,1,1,9
M0428U78W,とー,DFWX0K8J9,さくらから蓮,1084,0,11396,111830,2,5,1,4,4,4,4,4,28
9J1YR8YMH,いち,YNR28303K,りんくらぶ,242,0,11396,111830,3,6,1,1,4,5,1,1,22
EUUB99TJJ,charl,,,221,0,11398,111740,2,3,1,1,1,1,1,1,11
9KYSERZ7H,りあやや,8M2MFU9U0,リンクライブ,925,1,11398,111740,1,1,3,1,1,2,3,1,13
AWTPD0X3R,豊海の汚職ねこ,,,459,0,11400,111650,2,1,1,1,1,1,3,1,11
F5BZAT7DU,美兎子,PY0XLC3J1,蓮ノ空城郭研究会,1152,2,11401,111470,2,5,1,4,5,4,4,4,29
KGBEZY311,とあるファン,WM6VLG32E,ツナガルソラ,489,0,11401,111470,1,1,1,1,1,3,1,1,10
4ABYKW6WA,涼涼,J83JWJ028,大ㄇㄚˊ露營區,762,1,11403,111380,2,8,1,1,1,2,1,5,21
4WIZFUBJW,ぐり,9YG7C0VM7,綴理と無言で昼寝,791,0,11404,111290,1,9,1,1,1,2,1,1,17
9N4GL5YJD,nabeyan,F0DFY9N9C,ロンド・ベル,886,4,11405,111200,2,4,1,1,5,1,1,1,16
A2ATAV8J7,はるき,X87KNX4N3,蓮ノ流星群,646,0,11405,111200,3,4,2,1,2,4,6,5,27
D1LLG96IS,あらあら、慈♡,YA8XX70V6,さやかほ家系。,1190,4,11407,111110,1,1,1,1,1,1,1,5,12
03EEBC39S,悠,9YG7C0VM7,綴理と無言で昼寝,985,0,11408,111020,2,4,3,1,4,5,1,4,24
ERSN9F5AL,かつ,,,241,0,11409,110930,2,1,1,1,1,1,1,1,9
MVPT1MDBC,マボ,3UNLYR8RY,蓮ノ空ぼっち部,824,0,11410,110840,2,4,1,4,4,4,1,4,24
5NW5285LP,いろはす,E49YWK5YC,酢蓮根,685,0,11411,110750,2,1,1,1,1,2,1,1,10
4UQZJ7123,life,,,749,2,11412,110660,3,5,1,1,1,1,1,4,17
3Y3HN65JZ,エンドゲーム,,,894,0,11413,110570,1,4,1,1,4,4,4,4,23
J6WMUJKYP,ぴ,7AU131BMP,pcomm,639,0,11413,110570,2,5,1,1,1,1,1,4,16
CPVU3C1HN,isikkoro,RNJ306W6N,日曜日よりの使者,843,2,11413,110570,1,1,1,1,1,2,1,1,9
CR77YDUWA,いわつぶて,,,551,0,11416,110480,3,3,2,2,4,4,4,1,23
UORSSSYXA,リッキー,YDLF300BV,GREEN,807,0,11417,110390,1,1,3,1,4,1,4,4,19
71C00LK71,カズマ,E76N52LMW,イベントのみ,927,1,11418,110300,1,5,1,4,5,4,4,5,29
PUX54WM4Y,さくら,UVK38MFR2,蓮の虚無サー,130,0,11418,110300,3,2,1,1,1,3,1,1,13
OL9DZ4BB2,Piroro,,,725,0,11420,110210,3,5,3,1,4,4,7,4,31
3XF6Q4S9F,ぜるだ,6KUYCDLGR,かよちんは宇宙,381,0,11421,110120,1,2,1,1,1,1,1,1,9
8RP7XRV4M,汰菰个,134X05212,ドルケを推す会,255,0,11422,110030,1,1,1,1,6,4,4,1,19
W75CGYNHY,ゴラス,6P4RTG1XB,エルスマン,411,0,11422,110030,3,7,4,1,2,4,2,5,28
50WWV8JMC,イオリ,,,258,0,11424,109940,1,4,3,1,4,2,1,1,17
OFLFY6NSI,PMOMY,FHN78V2DJ,無言でどうぞ,1035,3,11425,109850,1,4,1,4,4,2,4,1,21
58M075XAP,ＹＳテリー,,,288,0,11426,109760,2,1,1,1,1,4,1,1,12
TIGCDRQ5R,はるじぃ,HWWRP6K2J,家に猫がいます,879,1,11426,109760,2,1,1,1,1,4,1,5,16
09OTZCUYU,かぶと,4BU2PJLC1,Sky,592,0,11428,109670,1,1,1,1,2,2,1,1,10
P472BU1CG,はすみんだじぇい,53M4V2BVG,吟子の髪飾り,304,0,11429,109580,3,1,1,6,1,9,1,1,23
EUUTX4KXV,nameless,AND13836G,乙宗梢親衛隊,801,0,11430,109490,2,1,1,7,1,7,1,1,21
JY4LUEJ2J,KOUSUKE,V5WNV1A43,異次元ビリーバー,163,0,11431,109400,1,1,1,1,1,3,1,1,10
L4BSD4DE4,うどん,V6DKUH6JT,報酬だけほしい,920,0,11431,109400,1,1,1,1,1,1,1,1,8
30EEJC7WV,Uso,,,338,0,11433,109310,2,9,2,5,5,2,1,4,30
NP34TFNA2,ありす,,,99,0,11433,109310,9,8,8,3,4,4,1,1,38
2OE604SYX,リッサ,7MPNTWKTN,Dreamers,770,1,11435,109220,3,10,3,3,3,7,3,3,35
3H4HGFUE2,もえ,58FD7UF8J,としとしサークル,1050,1,11436,109130,2,1,1,4,1,4,4,4,21
YJ79KFGCY,南宮那月,AAHB7C276,HaCordVN,352,0,11437,109040,1,1,1,1,1,2,1,1,9
DFJR6U4AN,ダイワ,,,816,0,11438,108950,4,4,1,6,5,1,1,5,27
JW1WSIW00,加すぽ,,,156,0,11439,108860,1,1,1,1,1,1,1,1,8
4D7HKTNHY,しろっこ,,,636,0,11440,108770,2,4,1,4,1,4,1,4,21
BBMVAR170,木村忠右衛門,60KU468X3,はっすーず,1186,2,11441,108680,1,4,1,2,5,4,1,5,23
GTRFKHMJT,ミルク,KXB93FVTR,ブルームガーデン,585,2,11442,108590,1,6,1,1,2,2,1,1,15
T4KM3K184,はやみ,,,808,1,11443,108500,4,1,1,1,1,4,4,4,20
FT5LHBVHA,happyman,,,92,0,11443,108500,6,8,6,3,4,5,2,1,35
K36SODMQQ,ぱすかる,CWPWP1266,さすさや,389,0,11445,108410,5,3,1,1,2,2,1,1,16
F1S79LRFV,味蕾,,,855,0,11446,108320,1,4,1,1,4,4,1,4,20
D9NLT75FE,とも,,,122,0,11447,108230,5,6,4,2,1,1,1,4,24
VFI4QY3RE,とらまる,E76N52LMW,イベントのみ,919,3,11448,108140,1,1,1,1,5,2,5,5,21
0DHV6HV3H,mable,LRP7AHW5N,ゆるはす,183,0,11449,108050,2,2,1,1,1,1,1,1,10
82CBPPX44,胡桃,BBNEWB1UA,蓮ノ空紅茶部,235,0,11449,108050,1,1,3,1,2,2,2,1,13
9L1XCDME9,aya,DKPMRA0TA,蓮ノ空奉仕部,451,0,11451,107960,2,1,1,1,1,2,1,1,10
GMAT1KPAH,かな,,,202,0,11452,107870,2,5,1,1,4,2,2,1,18
BBYVD7NAX,帆立貝の化石,,,534,2,11453,107780,2,4,1,4,4,4,1,4,24
14UL4EB8R,かほちゃん,,,171,0,11454,107690,4,3,1,1,5,1,1,2,18
AVMCWTVVT,こむぎ,TK9E1BB1P,無言で自由,806,5,11454,107690,2,5,1,1,2,2,1,1,15
PXN914C9B,杏姫,M4D0VP1XT,蓮ノ空痛車部,362,0,11456,107600,1,1,1,1,1,2,1,1,9
LCQL5R1A1,おパンダ様,J79LGCKKF,蓮ノ空コーラス部,999,2,11457,107510,1,2,1,1,1,2,1,1,10
V017BL4VL,おっさん,RXXUPMWB9,待機室跡地観測所,763,1,11458,107420,1,5,1,1,1,2,1,7,19
M9313F75E,梨りん,,,225,0,11458,107420,2,5,2,2,1,1,1,1,15
DEPUVF3F7,ショートケーキ,M7169V8ND,集,806,0,11460,107330,2,4,1,4,1,4,4,5,25
H61J5Y0D3,めろん.,CHGA6EV8F,102期は永遠に,222,0,11460,107330,2,1,1,4,1,1,4,4,18
J46BPXG20,あいゆる,,,909,1,11462,107240,1,5,1,4,4,1,1,1,18
7EHU7TDE2,ねこ,,,481,2,11463,107150,4,4,1,1,1,4,1,1,17
2UF642BR9,若月画蛍,2JVBK752G,卍愛蓮説卍,170,0,11464,107060,2,5,2,1,8,4,2,2,26
MAT7KMCCH,たぬミニ,,,1020,9,11465,106970,2,1,1,4,1,4,4,4,21
3GARY8087,m,UHWA4YLWP,蓮ノ空を見守る会,571,2,11466,106880,1,1,1,1,1,3,1,4,13
RKBGAHYLG,バーナ,BXC1T2HY2,初心者の集い,143,0,11467,106790,1,1,2,1,1,2,1,1,10
CF3UC88BD,わふお,XL1M7KUPL,始めたばかりです,497,0,11467,106790,1,5,1,4,5,4,4,4,28
DLBNW81DN,はく,06DCWC1RE,とりあえず参戦用,698,1,11469,106700,2,1,1,5,4,2,1,9,25
ZTDIHXC8Q,かっぺ,8E5K7019U,シュヴァヴァ,278,0,11470,106610,2,7,2,4,4,2,4,2,27
0XT1XU4X9,はな,1F5EPPMLD,UR貰えればいい,284,0,11471,106520,1,1,1,4,1,2,1,1,12
JMHN6B7FM,ぅゅ,1EBG7YUTL,菅！CAN！叶！,764,2,11472,106430,1,1,1,1,1,2,1,1,9
0S34QCI1C,なな,XHJLF3R8H,ゆったりプレイ,778,0,11473,106250,3,6,2,4,4,4,2,4,29
89N1UJ220,トコ,,,279,0,11474,106160,2,1,1,1,4,4,4,4,21
KRPUE6AMH,三郎,ETAMCYHME,蓮ノ空お昼寝部,421,0,11474,106160,2,1,1,1,1,6,1,4,17
G6270C0KU,おくら,HH93ADAW3,無言自由。,980,0,11474,106160,1,6,1,5,7,4,4,5,33
C898M4YJU,結音,Y7B10LDE8,蓮の日常,648,0,11477,106070,3,2,1,1,2,1,2,1,13
KKENBLUK2,とし,MXRMXDY28,とし,578,2,11478,105980,3,1,1,8,2,1,1,1,18
6J40YVDHX,albertk,U2TLLC74H,あにょうじひめ推,94,0,11479,105890,3,5,2,1,1,4,1,1,18
05IURGLUU,こまめ,,,507,0,11479,105890,2,1,2,1,3,1,1,2,13
PSBAJARY9,puramu,W3UUXHMDV,水彩ブーケ,787,3,11481,105800,3,1,1,4,1,3,1,7,21
98VMF7LG4,okemaru,,,448,0,11482,105710,1,2,1,4,1,1,4,1,15
86843G747,不安定,HPTHY23VR,蓮ノ空文芸部,736,0,11483,105620,1,4,2,4,3,4,4,5,27
AXDV9KAYA,マツ,,,121,0,11483,105620,1,1,2,1,3,2,1,1,12
R9ARM79VH,yss,,,305,0,11485,105530,2,1,1,1,1,1,1,1,9
62PCU0TW6,かろーら,E6WR9G75P,安養寺姫芽推し会,527,5,11485,105530,3,1,5,1,1,10,1,1,23
6M5K821KD,kozu,UVN7G4X3A,闇のルビィ団,977,0,11487,105440,1,4,2,1,4,4,1,1,18
W3DJCF2U8,のえ,AVY8PECF0,初心者の集い,178,0,11488,105350,1,4,1,1,1,2,1,5,16
XC5CLR22F,茶茶,,,71,0,11489,105170,6,6,5,4,5,3,2,1,32
F1LP2V55C,エマランジュが板,9P9EPKFHE,無言参加OK,541,0,11490,105080,2,1,1,1,2,2,1,4,14
9ENJYU03Q,レイマダラ,J05PKV648,Hasucord,1072,0,11491,104990,1,1,1,1,5,4,1,4,18
W2DBUEFWH,かなた,,,289,0,11491,104990,2,5,1,4,1,1,4,1,19
XLIP7FXJ3,タケタケ,DFFYFJ2B6,つづさや好き過ぎ,650,2,11493,104900,4,4,1,1,1,3,1,1,16
GCBD41JAJ,.,,,169,0,11493,104900,1,6,1,1,1,1,1,4,16
LBK6M349C,三里,1BVNBYTVC,咕咕王国,611,0,11495,104810,3,4,1,4,4,1,4,1,22
P88C0DTCL,AKIRA048,M8FM7P139,蓮ノ空ひとり旅部,1036,4,11496,104720,1,4,1,1,4,4,4,4,23
1TFM3ADGW,大トロ,5YJBYGEK5,さやかほ～,516,0,11496,104720,1,1,2,1,2,1,1,1,10
P01PRE98T,椅子,NL1MPRG05,とりあえず,564,0,11498,104630,1,1,1,1,1,1,1,1,8
14GEFEVMA,yk,M19W0KC8A,ラナンキュラスズ,139,0,11499,104540,8,8,7,5,6,4,2,3,43
09IBYOUCV,スラッシュ,6NN3AJGGX,さやさやサークル,1022,9,11500,104450,2,10,5,6,5,5,1,1,35
CEWTDBHFL,久里浜,B08JAPP33,対抗戦したい,564,0,11500,104450,1,1,2,1,1,3,1,2,12
5KOHTFWUT,ＢＢＳ,BEAJP9KLV,B-LAGOON,274,0,11502,104360,3,1,1,2,3,1,1,1,13
HGP8X2JY6,しーにゃ,NFMEGRJ45,社畜無言サークル,456,0,11503,104270,1,1,1,1,2,4,1,1,12
MW0726795,ぱち,XVTV7MVCX,雪月花,405,0,11503,104270,1,3,1,1,1,2,1,1,11
NR9MHVCWP,ひろみね,MVYAVX8BK,きらきらきらら,122,0,11505,104180,4,5,2,4,1,5,1,4,26
TFCUMYTR4,みぃーりゃん,,,115,0,11506,104090,1,1,1,1,1,1,1,1,8
286DR9HH9,みつき,,,1086,2,11506,104090,1,2,2,5,5,4,4,4,27
JNXCCT4EO,なすか,,,736,0,11508,104000,1,1,1,1,4,1,4,4,17
RX97RXPV4,gf,YD2XWWFA4,蓮好き好きクラブ,680,0,11509,103910,1,1,1,1,1,2,1,1,9
RXV5M2FHE,ゆりか,V6DKUH6JT,報酬だけほしい,426,0,11510,103820,2,1,1,1,1,3,1,1,11
UQNOFFLQ2,ゆーた,N6TVG18P8,すきすきクラブ,336,0,11510,103820,3,2,1,4,5,8,1,1,25
XEA9J6AL3,いん,E76N52LMW,イベントのみ,400,0,11512,103730,2,1,1,1,1,2,1,1,10
F16RG9JBM,ラーテン,51CF1LTGY,ラ研連合,550,0,11513,103640,2,2,1,1,1,2,1,1,11
HJRJDYHLB,パンダー,,,179,0,11514,103550,2,1,1,1,1,1,1,1,9
FLVHTG685,inko,HA6MUTC30,自由なのだけれど,794,2,11514,103550,2,2,2,2,1,3,1,1,14
63W3EGACR,青い親方,,,270,2,11516,103460,1,4,1,6,3,1,1,1,18
HRJ847DG4,迷宮の魔戦車,0AYJF4RJ6,無言,988,1,11517,103370,1,5,1,1,4,4,4,4,24
VM7PLUEHG,やわら,4LU50R56J,誰でもOK,545,0,11518,103280,3,1,1,5,2,4,2,4,22
U6Y0NB30N,ままま,,,134,0,11519,103190,7,10,6,3,2,6,3,1,38
LL8H0483E,モニカ,FVJFA973A,月猫愛好会,488,0,11520,103100,1,1,1,1,1,2,1,1,9
CWGGMJAIG,Chisa,F2M746D4B,頑張らないクラブ,907,0,11521,103010,2,7,1,1,1,2,1,5,20
2HLD0LKX4,リリベル,T4WY63DB9,ういのま,859,1,11521,103010,1,1,1,1,3,4,1,4,16
TDN02V3H0,Korianda,,,152,0,11523,102920,2,1,1,1,1,1,1,1,9
OMP1DYXL1,ぶるそー,PD80VCP5N,虹ヶ咲学園,867,0,11524,102830,2,1,1,1,1,2,1,1,10
DJMDN8H3B,kei,,,359,0,11525,102740,5,4,4,3,1,4,1,1,23
A7U89W6H0,いつくしみ,UX96YX4T1,『位置について』,213,0,11526,102650,2,5,1,1,1,2,4,1,17
NV2NE95HV,フユコちゃん,,,59,0,11527,102560,6,5,5,4,4,2,1,1,28
P7NITT28R,泰造,PD80VCP5N,虹ヶ咲学園,309,0,11528,102470,2,1,1,1,1,2,1,1,10
MTZ6HVL47,ケイタ,H5L4U34AH,あ,512,0,11529,102380,1,1,1,1,1,4,1,5,15
5ACJJCCWO,Morpheus,PHMJLJY5E,ラブライブ愛好家,739,2,11529,102380,1,5,1,1,1,4,1,1,15
6DP15UL9T,タイキ,,,65,0,11529,102380,6,6,3,4,1,3,1,1,25
4B6AV3XYA,おかゆ,UXEJ9BUWL,ひとりでのんびり,482,0,11532,102290,2,2,2,3,2,1,1,1,14
LYFF3PKV5,村田修一,EKACCPWWB,タフノ空学院,375,0,11533,102110,3,3,1,1,1,3,1,2,15
DGG69UURV,えんじゅ,FTUJJ5KM9,無言◎私生活優先,480,0,11534,102020,2,1,1,1,1,4,1,1,12
JBYR7RJWW,エモ好き,NMRKHYYRM,ご自由にどうぞ,107,0,11534,102020,3,1,1,1,4,3,1,1,15
0TL7LFT7E,NIEEL,UHJTHDTR4,KL,773,2,11536,101930,1,1,1,1,1,1,1,1,8
6NLJYKHJW,ゆかぴ,2YBBLUY1Y,ふんわりクラブ,564,1,11537,101840,1,1,1,1,1,1,1,1,8
HTRELKUV5,もっちゃん,LFB48H6MU,超初心者の会,872,2,11538,101750,2,1,1,1,1,2,1,1,10
4AB6RM77O,ことね,,,944,0,11538,101750,1,1,1,4,1,4,4,5,21
8D2PPDK97,りーす,HK0E91U71,放課後写真部,768,2,11538,101750,1,4,1,1,1,4,4,4,20
5QQTCKBJF,にここと,VXF8P7NDC,どんぐり。,928,0,11541,101570,2,4,1,4,4,5,4,4,28
DDRVAYYF6,徒花,ABALH0AL3,楽園計画,775,6,11542,101480,1,4,1,1,4,2,1,4,18
88KRPA24X,氷砂糖,KX02L31FN,ご自由に,794,6,11542,101480,1,3,1,1,2,1,1,1,11
GWAZYLH77,さなな,57HNJ07NK,みらぱ推活最前列,720,1,11544,101390,1,1,1,1,1,3,1,2,11
J1TMHKYN0,サファイア,,,140,0,11545,101300,3,5,2,4,4,1,4,1,24
BXMYL9XDH,snp,ADVUET564,設立しても一人,845,1,11546,101210,1,4,3,4,2,4,4,4,26
RCJ8GCU6D,YU-YA,5YXVKDEKV,サークル(仮),121,0,11546,101210,2,1,1,1,1,2,1,1,10
RGO7YJP61,さくさん,E8K438RP1,リンクラ初心者部,236,0,11548,101120,2,1,1,1,2,2,1,1,11
MYLHPM9MV,らむちーな,9VDEWVP01,瑠璃乃の集い,704,0,11548,101120,2,1,1,1,5,6,1,1,18
MB2OFNCE9,藤巻商店,7W66KAFEB,ログボ勢,893,0,11550,101030,2,4,3,1,1,1,1,4,17
9GTAH3J0O,バンダージャット,RMUU3AH3X,蓮ノ空広島県支部,872,0,11551,100940,1,1,1,4,1,2,4,1,15
UWTNCKH64,まさ,R7VEXFUBP,蓮ノ空応援クラブ,361,0,11552,100850,2,4,1,1,1,4,1,1,15
U1BCR79HJ,けーたん！,C68491XHB,みらくらぽーく！,566,0,11552,100850,1,4,1,2,5,5,2,5,25
I23PI6XP7,たき火@may,VWP341FAG,かまぼこ,509,0,11554,100760,1,1,1,1,1,1,1,1,8
TH7TV3L21,アンドラス,K3R1XY8UT,自由,836,2,11555,100670,2,2,1,1,2,3,1,1,13
NXLYM8PUL,結瞳,XVTV7MVCX,雪月花,729,2,11556,100580,1,1,1,1,7,2,2,1,16
NGK081W1J,hero1234,,,76,0,11556,100580,6,5,7,5,6,3,2,1,35
50C8BK6CH,ただのす,,,151,0,11558,100490,1,1,1,1,1,1,1,1,8
1J2VBRAJU,ジャック,,,134,0,11558,100490,2,2,2,1,2,2,1,1,13
BRD4UMRFT,よしざわ,YMKU30246,参加賞がほしい,234,0,11560,100310,1,1,1,1,1,4,1,1,11
5G5P2FCHL,おぐりな,C8FW4K1FM,蓮箱＆姫芽推し,437,2,11560,100310,6,1,1,1,4,3,1,1,18
OH09AZFY9,ふじさん,MD802VP2H,専門演習F4,1076,2,11562,100220,2,1,1,5,5,4,1,4,23
G8JHUY399,Kishiro,919XF8V2V,蓮之空大三腳,333,2,11563,100130,2,2,1,1,1,2,2,1,12
TY6JLPJCT,グヘヘ,MG3X118W7,大室家,389,0,11564,100040,2,1,5,1,1,4,1,1,16
BBLULH24N,花林,,,471,1,11565,99950,4,2,1,1,1,1,1,1,12
3KBBG85T3,水無月,UDH9H8CDX,まったり,937,1,11566,99860,2,1,1,5,1,4,4,4,22
A7NDRUX7Y,ばるん48,,,104,0,11567,99770,2,1,2,1,1,1,1,1,10
GX151R0MG,しょぴょん,NWF38B4JR,柳田です,148,0,11568,99680,1,1,1,1,1,1,1,1,8
2HR66U7XR,ゼロゴーキ,ATB27G5P2,おこめ茶寮,863,0,11568,99680,2,4,1,1,1,3,1,1,14
KDA2L91UL,Yurika,YD2XWWFA4,蓮好き好きクラブ,83,0,11570,99590,6,10,3,2,4,3,4,2,34
FP6C0FNCA,パルフェ,73VTANA71,隨緣努力^▽^,315,0,11571,99500,2,1,3,1,3,2,1,1,14
RYYTIHEHG,ヒカリ,7P4CAER9X,まったり倶楽部！,1131,2,11572,99410,1,1,1,1,6,5,5,5,25
55K37848T,accyan,TFGKYEY98,LLP JR,595,0,11572,99410,1,1,1,1,4,3,4,4,19
C8HHG1EBG,ちひろ,E58FYF67C,ロータスランド,375,0,11574,99320,2,4,1,4,4,4,2,4,25
PX4EXVHGP,コバ,WG393HCB5,月夜見海月よすぎ,388,2,11575,99230,3,4,1,1,3,1,1,1,15
PFF13LJED,みかづき,W09WBG3HY,どろんちゅ,1054,3,11576,99140,1,4,1,4,4,5,4,4,27
ME7LLT5YV,かわうそくん,3LUL3WR8Y,零組,783,2,11576,99140,2,10,2,1,1,4,1,1,22
H80AVH9LP,唯夏,,,467,3,11578,99050,1,1,4,2,9,2,3,1,23
ROX6LNA91,対応部材@PN2,BW38LDPRF,蓮浦の星空,915,0,11579,98960,2,1,2,1,2,3,1,1,13
HD2325EIW,ミツキ,71YH43YW2,りんりんりん,803,0,11580,98870,2,1,4,1,7,1,1,7,24
LDD6SWXZZ,sin,Y4G0KF6NB,無言でやる会,604,0,11581,98780,2,1,1,1,1,2,1,1,10
47WC8BR1G,あるる,E050K9859,蓮党,372,0,11582,98690,2,1,1,1,1,2,2,1,11
BUUFTT7D5,ちーすけ,3N7FL0U6U,destiny,226,0,11583,98600,3,1,1,1,2,2,1,1,12
9J82Z3KK7,りりぃ,R083H7WRN,サークル無言,679,1,11584,98510,2,2,2,1,2,2,2,1,14
9BP62114M,Forever,,,102,0,11584,98510,7,8,7,4,7,3,2,3,41
F1KJMAC0Y,檸檬来夢,,,30,0,11586,98420,1,4,2,3,1,2,1,1,15
B5Y97YKXB,AI,CP5JE6KFV,コイコイクラブ,900,0,11587,98330,1,4,1,4,4,4,4,4,26
B8EPXOFRZ,Preston,7P4CAER9X,まったり倶楽部！,273,0,11588,98240,1,1,1,1,1,4,1,1,11
9B641ENRD,ふうかっちょ☺️,PUJ0ERCMW,蓮ノ空倶楽部,144,0,11588,98240,5,3,3,3,1,4,1,1,21
L0BER4N72,Alice,WN3LHKX0L,レンコンおいしい,157,0,11590,98150,4,8,2,5,10,5,1,5,40
EAEHXBYHS,はあこ,NCX28D4VB,Lyric,776,2,11591,97970,1,1,1,1,1,3,1,1,10
TKJAKCVT8,エフェメロン,0FMM30LCA,無言,330,0,11592,97880,1,5,2,1,1,6,1,1,18
FXVI06A20,BOSSノ介,,,983,1,11593,97790,2,2,1,4,1,4,4,4,22
F1G7NUFTT,ガーネット,,,377,0,11594,97700,3,1,1,1,1,1,1,1,10
FF9CPCCP5,五十鈴,DKPMRA0TA,蓮ノ空奉仕部,619,0,11595,97610,2,7,1,1,5,5,4,4,29
JT59JGC0A,やまだい,,,99,0,11595,97610,8,9,6,5,7,4,3,1,43
87UXFNDA0,グロリオサ,UKE4LP7GT,クリームソーダ,757,2,11597,97520,3,1,1,1,4,1,1,9,21
9CMH7X4V4,ペンギン,,,358,0,11598,97430,2,1,1,1,2,4,1,4,16
H1SM0F99N,かすかす,9BHYELNY1,シン・エスパルス,865,0,11599,97250,1,1,1,1,1,2,1,1,9
OKSIAF6KH,ダーシュ,,,278,0,11599,97250,2,1,1,1,1,1,1,1,9
NMXVE4KY6,RYUTA,VEA3655P6,蓮ノ空女学院分校,401,0,11601,97160,4,1,1,1,1,1,1,1,11
L15RYHY4P,キクハラ,YAY2UK2CT,蓮の空研究部,620,0,11602,97070,2,3,3,1,4,2,2,1,18
RY6XXHMED,涼宮,7NJM1VURM,らんるん部。,181,0,11603,96980,1,1,1,1,1,3,1,1,10
4TA9JYY20,とこつみ,3RH5MYBXV,こずめぐ党,104,0,11604,96890,6,4,2,1,1,3,2,1,20
SOUTP99OV,たっかー,U8GLCJVJP,コミュ障用誰でも,689,0,11605,96800,1,1,1,1,1,2,4,1,12
WRTFKPJR2,しょーご,,,464,0,11605,96800,5,3,4,2,1,3,1,4,23
TAUYE32V3,快速急行,E050K9859,蓮党,830,0,11607,96620,1,5,2,4,4,5,4,4,29
2C46TKEGV,ミラクルリ,EWM0GK62C,誰でもどうぞ,977,2,11608,96530,1,1,1,1,5,2,5,5,21
UMENR2JYU,hime,919XF8V2V,蓮之空大三腳,218,0,11609,96440,2,1,1,1,1,2,1,2,11
8ORHVX8VX,ニコ,4UP9RMUHX,チャンコスキー,318,0,11610,96350,1,4,1,1,4,4,1,4,20
5HBHXP7R2,マサムツ,N6LR8C7AE,泥の民,1005,0,11611,96170,2,4,1,1,4,4,4,4,24
3R8443YPM,ふじしろ,V3FAH8CM4,初心者の会,617,2,11612,96080,1,3,1,1,1,2,1,4,14
CJUYCHTRG,白ホイ,5C71R2VCV,蓮輪会(仮),755,0,11613,95990,2,4,1,1,1,5,1,4,19
AVATXW4RB,ミドリ,JPNNY7W5F,ログイン勢,461,0,11613,95990,1,1,1,1,1,2,1,1,9
9XFNVL2BH,Lily,,,325,0,11615,95900,1,1,1,2,1,1,1,1,9
EMY4U35KN,無色,TX92H9GBV,アフターが見たい,324,0,11615,95900,3,3,1,1,4,3,2,1,18
8F8D4KLXH,もももち,E1HVJ71JR,ご自由にどうぞ,799,0,11617,95810,1,1,1,1,1,1,1,1,8
93L455LG6,しゅがー,,,262,0,11618,95720,4,1,2,1,1,3,1,1,14
292NYY034,ぴいす,L6MF2MPBN,みらくらぱーく党,361,0,11619,95630,1,1,1,1,1,5,1,2,13
XN7NHH59A,ゆゆ,VUE5Y1R81,吟子好き好き海月,184,0,11620,95540,4,2,3,2,2,4,4,4,25
15MWRLXUU,Cheshire,6MWHCNJE8,蓮之空小賣部,933,4,11621,95450,1,7,1,1,1,2,1,1,15
2P97UK067,ドヨン,9D722M8KC,蓮ノ空同好会,726,0,11622,95270,2,4,2,1,1,3,1,1,15
3TA7LA12V,Uika,XYRA2MND0,蓮ノ空ゆっくり,219,0,11623,95180,3,4,2,4,2,3,2,4,24
HT4PYUDEC,カルロス,54JWUD9X0,異次元からの者,768,0,11624,95090,2,4,1,4,4,4,4,4,27
AMUEJPRVH,クロト,,,741,0,11625,95000,1,4,1,1,1,4,4,1,17
BPCBNOX70,風祭,NP57JXPBD,音乃木坂学院,730,0,11626,94910,2,1,1,4,4,1,1,1,15
DM46GH2Y7,しめさば,,,565,0,11627,94820,5,4,1,1,4,1,1,1,18
9XEKFTWH6,ヒソウ,YH0KU24PK,スプーン一杯,595,0,11628,94730,2,5,1,1,1,1,1,1,13
ERBVQUP87,srt,5W8RPRVUA,ド！ド！泥！,845,2,11629,94640,1,1,1,1,1,2,2,1,10
C84J505K8,こま,48GTYR1VB,ハラショー！,784,0,11630,94550,2,1,1,1,4,2,4,1,16
YJL6BECPH,おさしみ,,,91,0,11631,94370,1,3,2,1,1,1,1,1,11
D1SB9N1KM,KuKu,YD2XWWFA4,蓮好き好きクラブ,886,3,11631,94370,2,1,1,5,5,2,1,1,18
MKYN9KRTW,もちくぼ,1F5EPPMLD,UR貰えればいい,839,0,11633,94280,2,1,1,1,1,2,1,1,10
BM5D43799,テノール,NX9KJK529,虹ヶ咲学園,649,0,11634,94190,4,1,1,1,1,2,1,1,12
NBHIV047V,ライラエル,K3LMN5JHH,金沢カレーの皿,1058,4,11635,94100,2,1,1,1,2,2,2,2,13
9DR8ED6AC,まんゆー,D7UA5ER1E,UR報酬欲しい！,1101,2,11636,93920,1,4,1,4,4,6,4,1,25
J9JDU0MAN,にゃー,JDAUTGR5N,花帆ウサギ,364,0,11637,93830,1,1,2,1,1,2,1,4,13
3CGRW1779,jkam,UJBVKV52M,蓮空好過倶楽部,192,0,11637,93830,2,2,1,1,2,5,1,1,15
FWKPFKKNY,雨想ノ祺,,,116,0,11639,93650,2,5,2,1,1,4,1,1,17
FEYNU31B9,うっでぃ,BE349FEW8,いい声の蓮ノ空会,748,0,11640,93560,1,1,2,1,1,1,1,1,9
B14KGWAX6,とくまるけん,,,470,0,11640,93560,1,4,1,4,1,4,1,1,17
D90N1URJT,しち,AGJ215YND,蓮の空中國分校,371,0,11642,93470,2,1,1,1,1,2,1,2,11
5LU014ETY,マリオ,,,681,0,11642,93470,2,4,1,1,1,1,4,4,18
PDBBB2AX0,ono,YMKU30246,参加賞がほしい,301,0,11644,93380,3,3,1,1,2,3,2,1,16
7J31IQP6U,へぎそば,G6EH0KHT7,なんもわからん,481,2,11645,93290,1,3,1,1,2,3,2,1,14
EGYA1DW5X,カルポ,,,115,0,11646,93200,4,5,1,4,3,2,1,1,21
DJHN8GL6R,シーカ,,,212,0,11647,93110,4,5,1,1,1,4,1,4,21
YVH4PMERF,Tezo,KC1W74B9B,蓮六園,795,0,11648,93020,4,4,1,1,4,2,1,1,18
NX8A2WE63,金沢 5725,V29NBHRHL,自由気ままに,266,0,11649,92930,1,6,1,1,4,4,2,4,23
DFCJ7R8K5,HYUNMIN,,,234,0,11649,92930,4,1,2,1,1,1,1,1,12
6WCEHTLJ5,田中,W9V6VTXAN,梢先輩の歌声好き,777,5,11651,92840,2,1,1,1,1,2,1,2,11
JDCLJ573T,yuki,K3R1XY8UT,自由,837,0,11651,92840,1,1,1,1,1,2,1,1,9
BUT5EQ43T,あに丸,WE9N74D6D,あにまるサークル,1068,0,11653,92750,2,5,1,1,4,4,2,4,23
N1554VTPE,けいてぃ,PR2BGEK5K,ありがとう大三角,1298,6,11654,92660,1,1,1,1,1,2,1,1,9
EM3H4YBND,り,1KDUBW4HB,めぐ党0番,369,2,11654,92660,3,2,1,1,1,2,1,1,12
LMW6LMG8G,Dagu,279NUYU7C,れんこん,668,0,11656,92570,1,1,1,1,2,2,1,2,11
3YBKVJR3W,梢,N6T2MVATD,まったりサークル,1122,1,11657,92480,2,1,1,5,5,2,2,5,23
M33TB9H9M,シティ,36DAM7HBL,蓮隠れノ里,311,0,11658,92390,3,4,1,4,1,4,1,1,19
8BFCDULTW,masa,G6EH0KHT7,なんもわからん,109,0,11658,92390,2,1,1,1,1,3,1,1,11
UE0172FTR,いろは,R083H7WRN,サークル無言,750,0,11660,92300,2,5,2,4,1,6,4,4,28
VKAJJN90Y,はゆら,2ADU9R25Y,ねこ！！,593,0,11661,92210,3,1,1,2,2,1,1,1,12
0TV1FRN83,Miror,2B97MH4YA,同じ話し何回も…,524,0,11661,92210,2,1,1,1,1,6,2,5,19
UVK1MLAA2,極上カルビ,12KVAFYW2,217find,493,2,11663,92120,3,3,1,2,1,1,1,1,13
1FU7E4WSO,YSK,,,1022,3,11664,92030,1,4,1,4,4,4,4,4,26
MC8CDLBNE,ふわふわ猫屋敷,GTVVCW6XE,よく分からない勢,125,0,11664,92030,7,10,8,8,6,6,4,1,50
W7V7BHCHM,ichihasu,,,31,0,11666,91940,3,2,2,2,1,1,2,1,14
MJW5EAACB,鈴木 こみち,XLBU65J86,花の壁飾りクラブ,1093,7,11667,91850,1,4,2,1,4,4,1,4,21
0NEIQZHIJ,ししゃも,F53AELUNC,ソロっと倶楽部,784,2,11668,91670,3,1,1,4,1,4,1,1,16
51PB8XK7U,もりちゃん。,53M4V2BVG,吟子の髪飾り,328,0,11669,91580,3,1,2,1,1,4,1,1,14
9NG3G6V26,大森,,,200,0,11669,91580,1,1,2,1,4,4,4,1,18
Y71W4750N,Yuuky,0LLX62FXP,雑談会じゃー！,209,0,11671,91490,6,10,4,4,6,5,3,2,40
U815AFYAB,すーめろ,9UKKACGDU,蓮っ子CLUB,505,0,11671,91490,1,2,1,2,4,4,1,1,16
3UU6M77T9,かぴ,4FN0KWB4G,無言参加大歓迎！,267,0,11673,91400,3,2,1,1,1,2,1,1,12
M0YHJHH1P,菊,K14GM3ULU,ブレイブサーガ,706,2,11674,91310,1,6,1,4,5,1,1,5,24
WV4XEY90U,♡ na~ ♡,,,189,0,11675,91220,5,7,2,3,5,4,1,5,32
5NVAMD95Y,ちはる,,,89,0,11676,91130,6,7,5,5,2,4,1,2,32
EHB7RHJA3,リサ,,,134,0,11676,91130,2,1,1,1,1,2,1,1,10
HKWFFW93T,にこにこ星人,YTK29NJ0X,よく分からん会,581,2,11678,91040,3,2,2,1,4,4,1,1,18
5GSC2ODYM,クト,V0P05YNK9,初心者,1117,15,11679,90950,1,4,1,1,4,1,4,4,20
0LUMQNIL0,ルカ,W9V6VTXAN,梢先輩の歌声好き,565,0,11679,90950,2,5,1,1,1,2,4,4,20
M7B5SDHOZ,シロン,MYBMY3EC4,まったり,570,2,11681,90770,1,1,1,1,1,1,1,1,8
Y0GDLKCTC,真白,XYRA2MND0,蓮ノ空ゆっくり,386,0,11682,90680,3,1,1,4,4,2,1,1,17
EP92XG91E,たちゅ,V9069U4Y3,ざぁこざぁこ,374,0,11683,90590,2,1,1,1,1,2,1,1,10
1AVD54MGO,Shiang,F4M2CD1U8,梢中國同好會,625,1,11684,90500,3,3,1,1,1,1,1,1,12
144JLJL00,プリン,YDYH4VRRP,レンクウ,159,0,11685,90410,5,4,1,4,5,6,1,4,30
BPC431B54,ちよ,TK9E1BB1P,無言で自由,423,0,11686,90320,1,1,1,1,1,1,1,1,8
80HAG7MEK,ユート,UX96YX4T1,『位置について』,504,3,11686,90320,1,1,1,1,1,2,1,1,9
412L1GTLF,Hatoyama,,,263,0,11688,90230,2,1,1,1,2,3,2,1,13
E8TJL925D,くるーく,BRXWKVG6W,くるくる,549,0,11689,90140,2,1,2,1,1,1,1,1,10
BRQ2GRIS0,四季,,,283,0,11690,90050,1,1,2,2,1,1,1,1,10
J5DPBNBWG,はむすけ,,,615,0,11691,89960,2,4,1,4,1,4,4,4,24
7FTU2SZT7,まさコネクティブ,,,745,1,11691,89960,2,1,1,1,1,1,7,1,15
H87LEBRLT,ツナマヨ,,,300,0,11693,89870,2,1,1,1,1,1,1,2,10
U1RT2PTRM,むー,JX0BXWNWH,新米蓮好き好きC,811,3,11694,89780,1,1,1,1,1,3,1,1,10
AN5DMVAK4,やまだ,JY79RPB1D,リンクラゆる部,960,2,11695,89690,1,1,1,1,1,2,1,1,9
7SDYWSBZC,ユウ,WJF6J5XPW,a,190,0,11696,89600,2,1,1,1,1,1,1,1,9
LFN30PEYS,侑星,,,734,0,11697,89510,2,1,1,1,5,1,5,5,21
E6MC61LDV,Takumi,KXMXL2KRX,超初心者,176,0,11698,89420,5,1,4,1,2,3,1,1,18
8U0DP5FNJ,ゆう,PEKGX9FL5,283プロ金沢,826,1,11698,89420,2,1,1,5,1,4,1,4,19
KR5957LVR,ブリキ大王,E7UBFLW56,同好会の同好会,569,0,11700,89330,2,1,1,1,1,2,2,1,11
0BUNVYMGT,ちさと,5XCDV1CYK,I☆YOKOHA,297,0,11701,89240,2,2,1,5,3,1,1,1,16
P0PZZOVIS,kuroron,,,1049,4,11702,89060,1,1,1,2,1,1,1,1,9
5W3FYER27,Jio,,,185,0,11702,89060,3,1,2,1,4,1,2,1,15
5AL3MY20R,LフューチャーT,KXMXL2KRX,超初心者,543,0,11704,88970,1,1,1,4,1,2,4,1,15
U81KUIG99,はつかわたん,B8J78ELKV,はすはす,701,0,11705,88880,1,4,1,4,2,1,4,1,18
GZ14MXKNM,つつじ,36T6UB6YA,まったり箱推し部,1184,8,11706,88790,1,6,1,4,4,5,4,4,29
MJCEGB278,マイキ,,,92,0,11706,88790,8,8,5,3,4,4,1,1,34
2C4325M4B,ショウ,E5JKTW00K,蓮ノ空まったり部,250,0,11708,88700,1,1,1,4,5,4,4,4,24
AENHBWVKL,こざかな,,,547,0,11709,88610,1,1,1,1,4,1,4,4,17
4JT7YJUGW,むゆ,,,191,0,11710,88520,3,3,1,1,1,3,1,1,14
UWT4NBVEX,nr,96LWYJ3Y6,無言絡みなし,770,0,11710,88520,1,4,1,1,4,4,1,4,20
AAEDVPT14,ちばにあん,AVY8PECF0,初心者の集い,39,0,11712,88430,5,3,2,3,2,2,1,1,19
T2E3CFUBK,神原拓泉,,,112,0,11713,88340,6,3,3,2,4,3,2,1,24
ABTKJNAAX,天叢雲剣,,,459,0,11714,88250,2,3,1,1,7,1,1,7,23
JAGBM86N6,carol,,,207,0,11715,88160,4,4,4,3,4,2,2,2,25
H4XV34EUJ,リュイ,G8F0M2PH2,アフターウォール,631,1,11716,88070,3,4,1,1,4,3,1,1,18
LY2YHPYTH,ノノン,LYPVAETHY,金沢の泥,945,2,11717,87980,1,4,1,4,4,2,4,1,21
QT52G3D0O,メンマ,,,268,0,11718,87890,2,1,1,1,1,1,1,1,9
DJH40L56J,Rooa,,,87,0,11719,87800,6,8,7,4,3,4,1,1,34
XXFRCA8DX,ヨーソロー,,,218,0,11719,87800,2,1,1,1,1,1,1,1,9
J7P3FRD5V,たけ,,,115,0,11721,87710,3,3,3,2,4,1,1,1,18
CCM6WUGKD,とのゆう,53M4V2BVG,吟子の髪飾り,138,0,11722,87620,1,1,1,1,1,1,1,1,8
L0C096YH7,ぴょん,DDKKFN9Y5,蓮ノ空箱推し部！,372,1,11722,87620,1,1,1,1,1,3,1,1,10
PXCGH6BJR,望月景,GGTRXNKX4,オルケストラ,914,2,11724,87530,4,7,1,4,4,4,1,4,29
ZJ7LK3VTO,おちゃ,57UT319NN,蓮ノ空同好会,456,0,11725,87350,1,2,1,1,2,2,1,1,11
N6P07Q4AN,りんねちゃん,JWUL2T36L,チーム初心者,327,2,11726,87170,2,2,1,1,1,4,1,1,13
JDM8LNWRR,東雲空絢,E12PR824F,ゆるっと蓮ノ空,125,0,11726,87170,2,4,1,1,1,4,1,1,15
1CNNKBT05,春凛(はるりん),,,210,0,11728,87080,2,3,2,1,1,1,1,1,12
C4AYR717M,ORCA,LT9K2FP23,慈党リンクラ部,405,2,11728,87080,1,1,1,1,1,2,1,1,9
6Y5G2GM0W,hdxsq983,,,487,0,11730,86990,1,3,1,1,1,1,1,1,10
D4KJ7JK7V,グッチP,JXRJY65D8,蒼壁の艦隊,816,0,11731,86900,1,1,1,1,1,1,1,1,8
XB7KAXL1X,なお,XXMU9WLKB,梢の機械さん,393,0,11732,86810,2,1,1,3,1,2,1,1,12
K5V0KNO4U,maru,1UXTTMAUA,寝そべりクラブ,1018,2,11733,86720,3,2,1,4,5,1,1,5,22
RD9YR8WNA,さったん,J7BLELE0U,さったんろーる,369,0,11734,86630,2,1,1,4,1,4,1,1,15
3G0DJ1DJD,toto,A3472CNJE,ハントン✿ライス,59,0,11735,86540,4,3,2,1,3,2,1,1,17
5MUPDXMMR,ドラ,,,536,0,11736,86450,3,1,1,1,3,1,1,1,12
BHTHFA6PP,ぶどうグレープ,,,140,0,11736,86450,2,7,1,6,4,1,4,1,26
3L0UTA1X9,みずなな,RAP9FVR3B,あばうといち,349,0,11738,86360,3,3,4,2,3,2,2,1,20
43KBX5AAV,ヒナ,AG7YVB0Y2,みらくらのーと,267,0,11739,86270,1,3,1,1,1,1,1,1,10
P90A6KVGC,AcerolA,D52G2F1HV,いな民リンクラ部,278,0,11740,86180,1,1,1,5,1,3,1,1,14
72W245AT9,繚華,,,186,0,11740,86180,1,1,1,1,1,1,1,1,8
EXTLWJW4M,zoids,865UE9UC6,蓮ノ空うどん部,431,0,11742,86090,2,2,1,1,1,2,1,1,11
ELLT7PN5V,しば,,,492,0,11743,86000,1,1,1,1,1,4,1,4,14
2NP5B9MFC,花春,,,210,0,11744,85910,3,1,1,1,1,1,1,1,10
857KK4NC6,エレキラウスト,4B2FERVVT,牛頭ﾉ空馬頭学院,169,0,11744,85910,2,1,1,1,1,2,1,1,10
LXH0TJFA8,Rikako,,,135,0,11744,85910,5,2,2,2,1,1,1,1,15
NRJ5F10W8,ゆいか,,,212,0,11747,85820,2,4,1,5,2,2,5,1,22
L4YL0MN40,四季,KBJ2P8T0Y,人見知りの集い,816,0,11748,85730,2,1,1,1,4,5,1,1,16
WC0PUYY1C,ロキ,UVGBLXAJE,Liella!,184,0,11749,85550,3,1,2,1,1,2,1,1,12
RFGOB7E3D,25&445,JPNNY7W5F,ログイン勢,459,0,11749,85550,4,1,1,1,1,2,2,1,13
9ANG18HNL,うめきち,XXVVJY6FE,はぴぱれ,827,2,11751,85460,4,7,2,4,4,6,1,4,32
LNQQXE8VS,ふぉると,VAM2DGNGV,百合,931,0,11752,85370,1,1,1,1,1,1,1,1,8
Z1JS6J1PR,瑠璃色Eye,0CBM28JP6,ほうき星,976,0,11753,85280,2,1,1,1,1,3,1,1,11
5M5F5871N,電車,9JG01D3T2,京大百合文研,326,0,11753,85280,1,1,1,1,1,1,1,1,8
DN1JGK1VR,二窓,9E910GGD2,蓮ノ空給湯室,760,0,11753,85280,2,2,1,1,4,2,4,5,21
J00W63TF6,アズール,,,164,0,11756,85190,1,4,1,1,1,4,4,1,17
9X50UZ9P9,naota,DDJVYDF1F,765,538,2,11757,85100,1,1,1,1,1,1,1,1,8
UGSU9SLGP,んだもしたん,RBH0YM8P2,蓮ノ空ラーメン部,788,0,11758,85010,1,1,1,1,1,2,1,1,9
UAP93MKRN,ルル,MPPDGVPWX,気楽にプレイ中,409,0,11758,85010,1,1,1,1,1,2,9,1,17
MRMU86CD8,べっち,H1G4CDT6C,無言自由,380,0,11760,84920,1,1,1,1,1,2,1,1,9
LULJUNAW1,さっちゃん,LJNCAEVAP,蓮ノ空さやか研,261,0,11761,84830,1,4,2,1,1,3,2,1,15
F3HUXROZE,unitako,TR057C1UW,蓮ノ空ぼっち部,535,0,11762,84740,2,2,2,1,2,2,2,1,14
X8UU1NWKY,遥,8BAYBXUXC,スリブ大好き♪,269,0,11763,84650,2,1,1,1,1,2,1,1,10
W68LVFEJU,ダイフク,,,133,0,11763,84650,2,1,1,1,1,1,1,1,9
ENNY8G3WM,♪,,,99,0,11763,84650,1,1,2,4,1,1,1,1,12
8M2ALTG95,我才是人人心,3F0M4HXJE,蓮ノ空まったり部,858,3,11766,84560,2,1,1,1,1,2,1,1,10
7Q1UNKIPR,タケシ,,,136,0,11767,84470,3,1,1,1,1,1,1,2,11
W50WNA5XA,いちご,7M20DPARM,みらぱ党,518,0,11768,84380,3,1,1,3,1,1,1,1,12
1MFPC258M,まる,,,54,0,11768,84380,4,4,1,2,1,1,2,1,16
1QN06TK80,Kuro,1HG3PU6UA,みらくら倶楽部,721,2,11770,84290,2,4,1,1,5,1,1,1,16
V6W1WDJB5,凛,LLDLG20UU,UR取り隊,530,0,11771,84200,2,1,1,1,1,2,1,1,10
3TCO5GGRU,ミナリンスキー♡,FG9A9ARX1,忙しい人あつまれ,445,0,11772,84110,2,1,1,5,1,2,1,1,14
7F60F4MLV,ちゃこ,7C0LC5RFT,^..^♩,283,0,11773,84020,3,1,1,1,1,1,2,1,11
N7MHHN7GB,いも,GBEJMUFWT,めぐちゃんズ(仮,805,3,11773,84020,1,5,1,1,1,4,1,7,21
W0VM8CDMV,Nemiuuu,,,373,0,11775,83930,3,5,1,1,1,4,1,1,17
U32QZP1ET,宮子,PWK02KG0F,メメントの森公園,724,0,11776,83840,1,1,1,1,1,2,1,1,9
BV4WYMY7J,みさき,,,360,0,11777,83750,1,1,1,4,1,1,4,1,14
P8XNM0CKX,聖騎士マサヤちゃ,MWT91W455,つづこず大好き部,1172,5,11778,83660,1,4,1,5,5,5,4,5,30
VHTNXKHGK,オタイ,X976NB85T,ゆったり同好会,786,3,11779,83570,3,1,1,4,1,9,4,1,24
1X4FG9FM4,am,2AUM7L9BW,蓮初心者クラブ,541,0,11780,83480,1,1,1,1,1,2,1,5,13
0UCP579WE,たつや,88DJ300PJ,めぐ党 • 永遠,993,9,11781,83390,1,1,3,2,3,4,1,1,16
N02LMPJRP,京都伏見　放送部,A3472CNJE,ハントン✿ライス,319,0,11782,83300,2,1,1,1,1,2,1,1,10
DC6T3CX16,YMMT,,,225,0,11783,83210,3,7,2,4,3,6,3,1,29
8WFM319OY,エイパム,Y0VYCDRPF,一般サークル,283,0,11783,83210,2,2,1,2,5,1,1,1,15
F18FJ5U1W,ゆず,,,159,0,11785,83120,3,5,1,3,3,1,1,1,18
XWYLZ2KCU,東久留米,DKNHY5HH6,なす料理研究会,1071,8,11786,82940,1,1,1,4,5,6,1,4,23
PW5TMMB2H,うめ吉!,,,183,0,11786,82940,2,7,2,2,2,1,1,4,21
IQUYQ2D23,たくみ,,,106,0,11788,82850,2,1,1,1,1,1,1,1,9
1FY3M4UGN,おおちゃん,,,328,0,11789,82760,2,1,1,1,1,1,1,1,9
XFN4X4R6N,だー,4WWM4VVDK,蓮ノ空遊戯開発部,225,0,11789,82760,2,1,1,4,1,4,1,1,15
40N7K32GW,SURU,,,325,0,11791,82670,1,1,1,1,4,1,1,1,11
AYPNBYR43,やーま,K95YH6P1C,蓮ノ空泥の会,275,0,11792,82580,2,1,1,1,1,2,2,1,11
8EXU2503B,ありあ,UVGBLXAJE,Liella!,173,0,11793,82490,2,2,4,1,3,1,1,1,15
S1YIBUTSH,小夜,FNMV166UY,蓮ノ空喫茶部,943,3,11794,82400,1,5,1,1,1,4,1,1,15
ETH6P7G4W,蓮奈,,,139,0,11795,82310,1,7,1,1,1,1,1,1,14
N7PRXLFXH,あーちゃん,,,88,0,11795,82310,7,8,6,5,3,4,1,4,38
98DU75T7V,小嶋めぐ,E5JKTW00K,蓮ノ空まったり部,127,0,11797,82220,1,1,1,1,1,2,1,1,9
01YUM7MT9,ゆ,R98JMK60H,さや弁,311,0,11798,82130,1,1,1,1,1,1,1,1,8
NPWDUT016,REN3,,,209,0,11798,82130,3,2,1,1,1,2,7,1,18
J47RYNH6K,たーんえー,M1HKEDL3D,ぽ,668,0,11800,82040,1,5,1,4,4,4,1,4,24
IJ68JHDSC,元気な学院生,F4M2CD1U8,梢中國同好會,527,0,11800,82040,1,1,2,1,1,1,1,1,9
UKNC7KMEM,りりり,FF4XH0P3A,ゆるゆるサークル,247,0,11802,81950,3,4,1,1,1,1,2,1,14
FY5ULXBUX,サニレタ,,,417,1,11803,81860,1,1,1,1,1,1,1,1,8
R8K3T9B98,ReON@,,,211,0,11804,81770,3,1,1,2,1,1,1,1,11
3MF8W8K1C,ぱぁる,MUVWDCY5J,姫芽ちゃん推し,479,0,11804,81770,2,4,1,4,1,4,4,4,24
9FQ8VGY7U,ふき,,,269,0,11806,81680,1,1,1,1,1,1,1,1,8
RVGEWNNDP,koburuby,YC4HEMGPH,ルリるり,195,0,11807,81590,1,4,3,4,7,1,1,1,22
WDRA8MWP1,聪明可爱夙月月,89K9Y7MX7,初心者歓迎,351,2,11808,81500,1,1,1,1,1,2,1,1,9
3BLYE55WX,エリーチカ,,,120,0,11808,81500,5,4,4,1,4,2,2,2,24
DV7UERFNM,yamu,BEMED3RY1,無言無課金ok,175,0,11810,81320,2,1,1,1,1,6,1,1,14
2I9A03QXP,シンラ,C2XLWUTL1,夕霧綴理親衛隊,1017,5,11811,81230,2,4,1,4,4,5,4,4,28
40L1VR799,木連,V5WNV1A43,異次元ビリーバー,164,0,11812,81140,1,1,1,1,1,2,2,2,11
JBXA92YDT,もも,W3F0URUJC,梢先輩応援団,833,5,11812,81140,1,6,1,1,5,2,1,8,25
CLZI4CXG9,えきぴ,W0JAK2W58,夕方五重奏団,1021,4,11814,81050,2,1,1,1,5,2,1,5,18
HKECIPR27,うたまお,LTAG28AVM,蓮ノ空同好会,322,0,11815,80870,2,3,1,1,1,2,1,1,12
G7920H2BN,OHFUJI7,DN7JYXDXX,まるまるする会,475,0,11815,80870,1,1,1,1,1,1,1,1,8
0KAHGTA1L,堕天使ヨハネ,,,88,0,11815,80870,5,6,4,1,4,1,1,1,23
UGL6VETBA,CeraSera,,,215,0,11818,80780,1,1,1,1,1,1,1,1,8
JUXYGP8N9,kk07,AKF49TD3T,なんか,127,0,11819,80690,1,1,1,1,1,2,1,1,9
H3XWJCKPJ,かいちゃん,,,276,0,11820,80600,3,1,1,1,1,1,1,1,10
V2MY86GLD,ててちて,C003CD1RW,☆蓮ノ空クラブ☆,74,0,11821,80510,2,1,1,1,1,2,1,1,10
7LWFC372T,月光るな,0CBM28JP6,ほうき星,382,0,11822,80420,2,1,1,1,1,2,1,1,10
J2KMHHHH0,IllIl,HBCC35887,そりゃー!!!,738,0,11823,80330,1,1,1,1,1,2,1,4,12
ZNB1FW563,ネウロ,,,576,0,11824,80240,1,1,1,1,1,1,1,1,8
1YAPH5U0Y,スミノフ,0VEMMV8E2,スリブとまったり,546,0,11824,80240,1,1,2,1,2,3,1,1,12
JWEXCVXWG,Riva,,,282,0,11826,80150,3,4,1,1,5,1,1,1,17
WN39891EH,honoka,,,347,1,11827,80060,4,4,1,1,1,1,1,1,14
EGO4SROOR,Max,3BE2RELRC,見晴台,1070,0,11828,79970,1,4,1,1,4,2,2,1,16
4GXUP8D2Y,ほりりん,,,53,0,11828,79970,3,4,3,2,1,4,2,1,20
AM7ELP6P9,つかさ,WBXF9XXW7,さやつづ愛でる会,226,0,11830,79880,1,1,1,1,1,2,1,1,9
6G7OG9C9B,crow,,,971,0,11831,79700,2,4,1,1,4,4,4,4,24
LJNN5DVN7,黒髪,,,840,0,11831,79700,1,1,1,2,6,1,4,5,21
JYOQN37TO,@.com,HKETDDCK6,ぼっちざ蓮!!,755,0,11833,79610,2,1,1,1,4,2,4,4,19
YUNTLTFDD,ハイオクマンタン,8AT7V1C7L,初心者です,305,0,11833,79610,2,5,2,3,1,9,1,1,24
49TN0XT6G,乗日目,,,638,0,11835,79520,2,1,1,1,1,1,8,1,16
YFKR1AK90,Cancan伊藤,,,380,0,11836,79430,2,1,1,1,1,1,1,1,9
6FBJNX8VT,おねぇちゃん,KXMXL2KRX,超初心者,341,0,11836,79430,2,1,1,1,1,2,1,1,10
XKQQD3LDV,お隣の天使様,WLFW6UCX5,無敵級ビリーバー,539,0,11838,79340,5,3,1,1,1,3,1,3,18
561L0BG5K,レックス,PXDL7Y3VM,ビギナーズ改,230,0,11839,79160,2,2,2,1,5,2,1,1,16
9S7P25YCZ,ひびき,394UG5LNY,行ってらっしゃい,426,0,11840,79070,2,1,1,1,4,2,1,1,13
LH3WNJ3ES,TIGER,RY7B87YA4,Tsuzu○,305,0,11841,78980,1,1,1,1,1,1,1,1,8
RJ8HENV3M,赤,HDD9DJVTB,Lotusky,397,0,11841,78980,1,4,1,1,3,5,1,1,17
BFXFM818J,Sii,,,577,0,11843,78890,4,1,1,1,1,1,1,1,11
DPY4C17C9,ﾕｲﾈｺ,,,223,0,11844,78800,3,2,2,1,3,1,1,1,14
F9HDWATWH,スリーズブーケ,8YNHW7530,虹ヶ咲、蓮ノ空,696,0,11844,78800,1,4,1,1,1,4,1,2,15
0G48RNETU,しいや,A135V4872,しいやのサークル,754,1,11846,78710,1,4,1,1,4,4,1,4,20
6G5A64VBX,dmsrni,GN6HGUT53,蓮ノ空帰宅部,221,0,11847,78620,3,6,3,1,3,1,1,1,19
0WH9FGDDG,たか4,,,935,0,11848,78530,2,1,1,4,1,1,1,5,16
63MHEKU2V,まこと,,,775,0,11849,78440,2,4,1,4,1,5,1,4,22
C20D43PKJ,はりまろん,CRYB2FJ64,つくよみくらぶ,517,0,11850,78350,2,1,1,1,1,1,1,1,9
BRJ99XJJM,ぴぐー,NMRKHYYRM,ご自由にどうぞ,426,0,11851,78260,1,6,1,1,2,6,1,1,19
BYACM2U5X,めてそす,,,201,0,11851,78260,2,1,1,1,1,1,1,1,9
XMVF8PW99,Mike,DJC4WJXGV,無言出入り自由,212,0,11853,78170,3,1,1,2,1,4,1,1,14
8FV4A6HPK,紅い子,BEMED3RY1,無言無課金ok,723,0,11854,77990,2,1,1,1,1,2,1,1,10
ZQGTXIRNS,よっしぃ,8MDA3A0AK,イベント用,768,2,11855,77900,3,1,1,1,1,4,1,1,13
NAJT0RAAB,リヴァ,4P8K142RX,初心者,134,0,11855,77900,5,5,5,3,1,10,7,1,37
87GFB8AWM,S2,A8BJ5V3ET,はすのそら,321,0,11857,77810,1,1,1,1,1,3,1,1,10
BH7W5WR8N,ふみとたか,,,548,0,11858,77720,4,1,1,1,1,1,1,2,12
8EC1MVTRG,テイラー,DF7FA982P,蓮ノ空百合部,345,0,11858,77720,2,1,1,1,1,2,1,1,10
6D8HVRYXG,わわわ,5C71R2VCV,蓮輪会(仮),1006,7,11860,77630,1,7,1,4,9,5,4,4,35
G5HTF5EYX,葉月,,,319,0,11860,77630,2,1,1,1,1,1,1,7,15
UYHHBA4SG,ウィークリー,4FXPC55PY,PPIHクラブ,879,0,11862,77540,2,1,1,1,4,2,4,4,19
19DJAWN8G,える,EJY6B26D1,After見たい,256,0,11863,77450,2,1,1,1,1,2,1,1,10
XULCXHG3W,天城ぬ〜ん,E515TRU1G,起きろ夕霧綴理,172,0,11864,77360,1,1,1,4,1,4,1,1,14
LD1BRE5R4,さとるん,422KR6BPC,推しを愛する者達,473,0,11865,77180,2,1,1,1,1,2,1,1,10
GZFT3QUVL,うまるーん,7B0W0EWVA,ソロの為の避難所,954,2,11866,77090,1,1,1,1,1,2,1,2,10
P34Y41XP8,紗雾,,,216,0,11867,77000,4,1,1,1,1,1,1,1,11
PK5JAJ22D,island,,,93,0,11868,76910,3,1,2,1,3,1,1,1,13
PGBRJ4BWR,ふかざわ,A7WWE0463,蓮ノ空初心者部,530,2,11869,76820,1,3,1,1,5,4,1,7,23
5JMANYPHJ,南,HH93ADAW3,無言自由。,598,0,11870,76730,1,1,1,1,1,2,1,2,10
DVUB563QX,Kawori,MXN85G5KF,蓮ノ空漫画研究部,909,0,11871,76640,1,8,1,1,1,6,1,1,20
VDKGAHFBP,りみっつ,BH9YH1YL5,ラブライバーの森,1111,6,11872,76550,1,1,1,1,1,2,1,1,9
CY91HK41G,さくら,E1HVJ71JR,ご自由にどうぞ,592,0,11873,76460,1,2,1,1,1,2,2,1,11
DF076VW2C,あまかわ,UGTAVG90J,にょ,223,0,11873,76460,2,1,1,1,2,1,4,1,13
7O2HAKPM7,佐倉このは,0HW56TXE9,蓮ノ空教務支援室,157,0,11875,76370,2,1,1,1,1,1,1,1,9
KCHXVHHR3,アレン,59AK7LJ7A,とりあえず,100,0,11876,76280,1,2,5,1,1,2,1,1,14
6TC5W20FF,ゆゆお,,,247,0,11877,76190,1,1,1,1,1,1,1,1,8
3T2A3PV4U,かーん,YL2ELYC4U,さや…好きだよ…,654,0,11878,76100,2,1,1,1,1,2,1,1,10
GYJ7KC9MH,nittaemi,,,64,0,11879,76010,5,7,4,5,1,1,1,1,25
VYDHU5NCB,ほとりん,E17AJTJ9D,楽しみ隊,1214,18,11880,75920,1,5,1,1,5,4,5,5,27
3AX8B78TC,モコダンテ,,,388,0,11881,75830,1,1,1,1,2,1,1,1,9
H41PW644N,もぺぺ,,,696,0,11881,75830,1,2,1,1,1,1,1,5,13
WCE19WXYM,manaka,,,213,0,11883,75740,3,1,1,1,3,2,1,1,13
EBD6AA5UB,うみ,,,418,0,11884,75650,1,4,1,1,3,6,1,1,18
B54BOGPZ4,新垣優一,5C2EVBBC1,まったり蓮ノ空,647,0,11885,75560,1,1,1,1,1,2,1,2,10
3LKKEA8DA,さやまさ,,,889,0,11886,75470,1,4,1,4,4,4,4,5,27
A7GF3UP34,あらし,C003CD1RW,☆蓮ノ空クラブ☆,165,0,11887,75380,1,1,1,1,1,2,1,1,9
CP7VKW39Y,たると,,,145,0,11888,75290,2,1,1,2,1,1,1,1,10
5YO7D600L,KASHIMO,,,626,0,11889,75200,1,4,2,1,1,1,1,4,15
WR279Y1FJ,あや,UVK38MFR2,蓮の虚無サー,975,5,11889,75200,1,5,1,1,1,6,1,1,17
3W2BOUPAT,ゆ〜ちゃん,1M0GGB8LU,上ノ空昼寝クラブ,662,0,11891,75110,2,1,2,1,1,2,1,1,11
DP6G7UJXV,賞味期限切れ生物,2DYYAPFVN,蓮っ子村,321,0,11892,75020,1,1,1,1,1,4,1,4,14
NX0K5KN61,U-NEXT会員,8MTLYLH9F,木星月華黄金宮,118,0,11893,74930,6,3,6,4,4,6,1,1,31
K9WJ817EC,Tsumayoj,,,258,0,11894,74840,5,1,1,1,1,1,1,1,12
KVEW2HFFL,see,,,477,1,11895,74750,2,2,1,1,1,1,1,1,10
E2YP7U0EY,かわい,3RH5MYBXV,こずめぐ党,729,3,11896,74660,2,2,5,1,1,3,1,7,22
C4NWYN3LN,【:εω,6T3D7M1GC,ソロだヨーソロー,291,0,11896,74660,2,1,1,1,1,1,1,1,9
QF4QKOFVG,からすまめんたい,8PY7U19C9,き,272,0,11898,74570,3,1,1,1,1,1,1,1,10
5L122VMYL,枢木,1UBNNHVLG,蓮箱推し（仮）,1051,6,11899,74480,1,1,1,1,1,2,1,1,9
GYI3GJ23W,Guren,ATW63P08B,Guren,702,0,11900,74390,1,1,1,1,1,1,1,1,8
YNMKB2ECT,もっさん,J5CKL5YPX,ログイン勢かもん,219,0,11900,74390,4,4,4,3,3,1,2,1,22
31GEXGMPE,のび太,LUUR1D2PB,ちぇす党♪,217,0,11902,74300,1,1,1,1,1,2,1,1,9
UCTUHWCGL,take1pad,,,304,0,11903,74210,1,1,1,4,4,1,1,4,17
49JFRD7VE,アンモナイト,,,101,0,11904,74120,5,5,5,5,5,2,1,1,29
FR100LO54,FSN999,C9DAJ6YFV,のんびり,246,0,11905,74030,4,1,1,1,1,4,1,1,14
BDGTUMLBT,トウテツ,18YYNRFGA,LotusSky,396,0,11906,73940,1,1,1,1,1,2,9,1,17
8OM0TQZZA,ゆうゆう,H1LTYMK0B,花帆が可愛いの会,653,0,11906,73940,1,2,1,1,1,2,1,1,10
GWYET49F0,ないちょ,,,764,0,11908,73850,1,1,1,1,1,1,5,5,16
RJLP1MNRH,れもんてぃ,LLDLG20UU,UR取り隊,664,3,11909,73760,2,3,1,1,2,4,1,2,16
PL5740HFR,テスト,,,401,0,11909,73760,1,1,1,4,1,1,1,4,14
68HAHFRLF,二葉,UX96YX4T1,『位置について』,225,0,11911,73670,1,1,1,1,1,6,1,1,13
BFQSB81MY,りん,D075KXX86,花うさぎ,951,0,11912,73490,1,1,1,1,1,1,1,1,8
M2H7RVRP4,恣音,,,489,0,11913,73400,2,4,1,4,1,1,1,1,15
5M6KRLKLF,ムダンガーケルア,,,404,0,11914,73310,3,3,1,1,1,2,1,1,13
LC1JX0JR6,夜月レイ,,,102,0,11914,73310,3,6,1,3,4,1,1,1,20
9OVFZQOTV,たくやん,,,1161,0,11916,73220,2,1,1,1,1,4,2,7,19
SPF4GI20Y,ユウキ,9C0KWR782,まったリンクラ,1007,0,11917,73130,1,4,1,1,4,2,1,1,15
59F8WNJUL,アッキー,C6V311T2P,LotuSky,862,0,11918,73040,2,4,1,1,1,2,4,1,16
XUA2BW3C4,fe,XVTV7MVCX,雪月花,91,0,11919,72950,3,1,1,1,1,3,1,1,12
A0PJTUTAP,風見,CPWFKH8JM,私の部屋,174,0,11919,72950,4,8,2,1,1,2,1,1,20
HXN4UXLYK,ゆえ,414CEUPEH,アフター見よう！,231,0,11921,72860,3,2,2,1,1,3,1,1,14
FNRJ6GJ95,Jamie,11XCUPCWP,Twilight,268,0,11922,72770,2,1,1,1,1,1,1,1,9
1B2FRWELK,みかんアラド〜モ,,,225,0,11923,72680,2,1,1,1,1,1,1,1,9
A7G2UITBV,m,WJY2HK6A5,蓮の空イベント部,502,0,11923,72680,2,7,1,4,1,4,1,4,24
1C4GJ1WF8,MASA,UYWDXFYEH,誰でも,741,0,11925,72590,1,1,1,1,5,2,6,5,22
XA97UEP8J,ノンフロン,,,95,0,11925,72590,6,5,3,2,4,1,4,1,26
N0ZUB1OGD,ゴキゲン☆中飛車,,,133,0,11927,72500,1,1,1,1,1,1,1,1,8
KP2C1OW0A,くらたん,,,191,0,11928,72410,3,2,2,1,1,1,2,1,13
GIJ1639H6,花園制覇,BXGNMY466,ライグラ用,619,0,11929,72320,1,1,1,1,1,2,1,5,13
ZB0799HYU,ジュン,J5CKL5YPX,ログイン勢かもん,365,0,11929,72320,2,1,1,1,2,2,2,1,12
WFUEH0ND4,雪,KG4CJ3557,うし,405,0,11931,72230,4,1,1,1,1,1,2,1,12
OA1YC4JXR,Kyo,V3FAH8CM4,初心者の会,734,1,11932,72140,1,1,1,1,1,6,1,1,13
KT5CV286F,石田雄介,,,266,0,11933,72050,2,6,1,5,2,7,1,5,29
AXXAT3MMU,てるゆう,E49YWK5YC,酢蓮根,252,0,11933,72050,2,1,1,1,1,2,1,1,10
9XWMYU3JN,ちはやりん,DFFYFJ2B6,つづさや好き過ぎ,571,0,11933,72050,1,1,2,1,1,2,1,1,10
G212M19WK,花凜ちゃん,,,167,0,11936,71960,2,8,1,1,4,1,1,1,19
HX5NOTXVM,nao,N1JM7M3YC,丘側,392,0,11937,71870,1,2,1,1,1,4,1,1,12
3EK4FCT92,うみみううみみ,,,124,0,11938,71780,2,3,1,3,2,9,1,1,22
U4HU3F2XS,さ〜や,MNX28AYUA,救急隊,416,0,11938,71780,2,2,1,1,1,4,1,4,16
BPX4072DF,菅叶和こな,,,86,0,11940,71690,4,7,3,6,4,6,1,1,32
HLYDVHPBR,みばうす,,,243,0,11941,71600,2,3,2,1,3,2,1,4,18
8NAR7PT70,ウイっす,,,252,0,11942,71510,2,2,1,1,1,2,1,1,11
U5AJVPKLG,でぃぐらー,,,276,0,11943,71420,1,1,4,2,3,1,2,1,15
PUKWVXNXH,ナミキング,,,195,0,11943,71420,1,2,2,1,1,1,2,1,11
M13HKEN0N,松浦果南我老婆,TWJ862EPN,こにゃとも,293,0,11945,71330,1,2,1,1,1,2,1,1,10
VHBT5BY78,Lotus,,,639,2,11946,71150,3,1,1,1,1,1,1,1,10
H4GXPJCGB,さぶろー,,,198,0,11946,71150,1,1,3,1,1,1,1,1,10
NCGRCXD2W,じゅんさんぽ,YHMTW891A,のんびり,348,0,11948,71060,1,1,1,1,1,1,1,1,8
70YBK7YQ0,葵,FJVPNBUR9,ゆるらるる,422,2,11949,70970,2,1,1,1,2,1,1,1,10
3F90UD5HP,きずな,,,75,0,11950,70880,9,6,6,2,4,3,2,1,33
N6GV7MNPV,あらまんたん②,A3X92L6YU,お試し用サークル,431,0,11950,70880,1,1,1,1,1,2,1,1,9
E132XEVJ4,まち,,,422,0,11952,70790,1,4,1,4,1,1,1,1,14
4XRY5VHF0,かっちゃ,54JWUD9X0,異次元からの者,500,0,11952,70790,3,5,1,3,3,3,2,2,22
UH1WY6PFR,Cerussy,,,294,0,11954,70700,1,5,1,1,1,1,5,5,20
NEN2NV3L7,Zero,LLDLG20UU,UR取り隊,551,0,11955,70610,1,1,1,1,1,2,1,1,9
5MFLYL3VN,サムル,JY79RPB1D,リンクラゆる部,454,0,11956,70520,2,2,1,1,1,4,2,4,17
J69V0K8FT,海小豆,,,203,0,11956,70520,2,3,1,1,1,1,1,1,11
TKJ23T1AF,kou,9P9EPKFHE,無言参加OK,405,1,11958,70430,2,4,1,1,1,2,1,1,13
T0DNCRXGP,のび太,TDNL11LXW,建布施具屋,145,0,11959,70340,1,1,1,1,1,3,1,1,10
URN1ET52R,akin,,,97,0,11960,70250,1,4,1,1,3,1,1,1,13
37TMUMBGV,うどん,GWGDMA3YC,初心者無言自由だ,569,0,11960,70250,3,1,1,1,1,2,1,1,11
60625RYKN,みはね,7MXXR7UBG,放課後リンクラ部,254,0,11962,70160,2,1,1,1,1,2,1,1,10
2XDJIROFV,かさJun,,,198,0,11962,70160,1,1,1,1,1,1,1,1,8
K8HVW2QYI,カズハナ,AEPTBPJTD,サークル加入用,1007,2,11964,70070,3,6,4,5,4,4,4,4,34
0BYC0Y95G,よもぎ,,,71,0,11965,69980,5,5,3,2,5,3,1,3,27
319U70GUU,神薙ユウ,HWWRP6K2J,家に猫がいます,866,1,11966,69890,1,1,1,1,1,1,1,1,8
CG548K6BJ,りん,PUJ0ERCMW,蓮ノ空倶楽部,237,0,11967,69800,1,1,1,1,1,2,1,1,9
5BGUP79GF,Nukda,,,93,0,11968,69710,5,7,4,5,3,4,2,1,31
B87288DGH,きみ,GCFA4WL28,乙宗梢を愛で隊,408,0,11968,69710,2,1,2,1,1,2,1,1,11
7Y41BFCPX,honokatu,,,217,0,11970,69620,3,2,2,2,4,5,2,5,25
E79WA259E,よしひさ,VP21FJL5X,カラフルネス,186,0,11971,69530,1,1,1,1,1,1,1,1,8
Y67UXO04W,ゆで,C791XXLDF,つづさや会,510,0,11971,69530,2,1,1,1,1,2,1,1,10
AERC86JDF,Giotto,BWM63NDR4,蓮之空学园同好会,254,0,11973,69440,2,1,1,1,1,1,1,1,9
7DAPK2N49,サブリン,,,184,0,11974,69350,2,1,1,1,1,1,1,1,9
XJHNCL03C,葉桜,LUH7URBF3,初心者サークル,92,0,11975,69260,7,9,5,4,5,4,2,4,40
CWG14EHEJ,ぽんこつ,,,92,0,11976,69170,2,1,1,1,1,1,1,1,9
WQYKZ3SZB,シアン,F2CFWVMY9,藤島め組,1467,7,11977,69080,1,5,1,1,2,2,4,5,21
P7VTVE5RN,きりつぐ,,,250,0,11977,69080,1,4,1,4,4,4,1,4,23
YJGI89AE7,ドラゴン,XE8513HNP,喫茶カワウ空✨,649,0,11979,68990,2,1,1,1,1,2,1,1,10
1JM8GDBD3,ねりぽて,1TTD4X6NC,一人親方,210,0,11980,68900,1,1,1,1,1,1,1,1,8
650WAG3BL,トシくん,,,310,0,11980,68900,1,1,1,1,3,1,1,1,10
A4949THNK,キイナルナ,23YJ44XUE,あつまれ好好の森,522,2,11982,68720,3,2,1,1,1,2,1,1,12
VQ8RCSC3V,Msou,5CG1W6CP5,初心者さん,310,0,11983,68630,2,1,1,2,1,2,1,1,11
4FJD4CUDP,ショーン,1EL57CDR0,なんもわからん,524,0,11984,68540,1,1,1,4,1,2,1,1,12
5LMXMU20V,花言葉,,,78,0,11984,68540,4,1,2,3,1,1,1,1,14
0VOI8JOBH,ケンタ,MG1G6F487,蓮ノ空無微課金部,460,0,11986,68450,1,1,1,2,2,3,1,1,12
YI3N3ZJQJ,アムローレイ,WLLWJ8ADP,乙宗筋肉サークル,568,1,11987,68360,1,4,1,1,2,2,1,1,13
MY5YYNUSS,元気雨,YNR28303K,りんくらぶ,210,0,11988,68270,1,5,1,2,3,2,1,1,16
7DF3F3EAI,のぐびー,AE3L01V24,LOVE蓮ノ空,671,0,11988,68270,1,1,1,1,1,1,1,1,8
5A1WBG0XA,ひめひめ,,,85,0,11990,68180,2,1,1,1,1,1,1,1,9
BBE9Y3WC5,ふくいかほ,VKW1GNAPL,伝統を守ろう,274,0,11990,68180,1,1,1,1,1,2,1,1,9
KEJ1TJDRW,ayanamsa,,,165,0,11992,68090,1,1,1,1,1,1,1,1,8
DAMJ9KUNA,ゆい,,,59,0,11993,68000,5,6,4,3,2,1,1,1,23
PDJL9UMCG,リターンR,,,198,0,11994,67910,1,1,1,1,1,1,4,4,14
NBTY2GNMU,ゆーぴー,FMKP92LRL,目が霞む人達,532,0,11994,67910,2,1,1,2,1,4,1,1,13
A32H1MTGM,T.Y,,,387,0,11996,67820,1,1,1,4,1,5,1,1,15
CWXBFE941,みかんあめ,,,295,0,11997,67730,3,2,1,1,2,7,1,1,18
2HD9VYE97,すーれん,AHE0E3JND,ありがと！にひっ,115,0,11998,67640,8,9,9,6,2,3,1,1,39
X1UAMARJK,なっくれ,PEKGX9FL5,283プロ金沢,798,0,11998,67640,1,1,1,4,5,4,1,4,21
MCNC2KFRW,黒羽快斗,,,388,0,12000,67460,1,1,1,1,1,1,1,1,8
36YLRT658,ゆう,JX6D6TL96,蓮ノ空武蔵野支部,551,0,12001,67280,2,2,1,1,1,4,1,5,17
EMHDYJRYG,肆一一一,,,116,0,12001,67280,3,4,2,1,1,1,1,1,14
D2CG3BRCH,白木凪,4XM2PHXH1,ラピスラズリ⭐︎,212,0,12003,67190,2,1,1,1,1,1,1,1,9
4R8PUY23D,さく,C68491XHB,みらくらぽーく！,783,0,12004,67100,1,1,2,1,5,4,5,5,24
1N7WG1DB7,♪キキ♪,TCTEAMP9C,虹ちゃん最高！,782,1,12005,67010,3,4,1,1,2,1,1,1,14
9N6B1G2YD,柑橘系のタルト,DHKUGEWBJ,めぐ党虹ヶ咲支部,209,0,12005,67010,1,1,1,1,1,2,1,1,9
69AHKV7C9,momo,,,80,0,12005,67010,3,1,1,1,1,4,1,1,13
F1HLDL8Y2,OLEO,Y6KN85L5P,孤独の村人,885,0,12008,66920,1,1,1,1,2,2,1,1,10
R6K3M1T0T,けん,TX92H9GBV,アフターが見たい,629,0,12009,66830,2,1,1,1,1,2,1,1,10
11CA3NTYF,イザヤ,,,217,0,12010,66740,2,1,1,1,1,1,2,1,10
ZB9KD40SQ,影に潜む者,1JR8TL0XX,ザ・マイペース派,1040,0,12010,66740,1,4,1,1,4,4,1,4,20
8CZKLQEFN,PTilt261,5YEE75CB4,ロビーで待ってる,168,0,12012,66650,2,1,1,1,1,2,1,1,10
MLNDBLGHD,courage,0AYJF4RJ6,無言,258,0,12013,66560,1,1,1,1,1,2,1,1,9
VXR4AJBGN,はgdo23,L6MF2MPBN,みらくらぱーく党,170,0,12014,66470,2,1,1,1,1,2,1,1,10
F28EA27A0,…？。,,,257,0,12015,66380,5,4,3,4,6,4,2,1,29
DZ1ZC8H6R,さかな,2D5U098DB,さかな,244,0,12015,66380,1,1,1,1,1,1,1,1,8
5CP9E9F9C,あ,9E910GGD2,蓮ノ空給湯室,510,0,12017,66290,2,1,1,1,1,2,1,1,10
29B74JBDH,クラリス,CH12H2G6Y,ああああ,525,0,12018,66200,1,1,1,1,1,5,5,1,16
CT3WDXT6K,タミー,,,66,0,12019,66110,4,4,3,4,4,1,1,1,22
224RKEERO,あかつきのかん,XPX36F6JX,無言初心者お試し,728,0,12019,66110,2,1,1,1,1,2,1,1,10
EYC4CAPEX,ゆう,PXDL7Y3VM,ビギナーズ改,189,0,12021,66020,2,1,1,1,1,3,1,4,14
8E7XVJVW1,あやめ,,,241,0,12022,65930,2,1,1,1,1,1,1,1,9
Z96UIJ0R7,やぎさん,,,330,0,12023,65840,2,1,1,1,1,1,1,1,9
MZ6SYNBFF,武神龍一,,,216,0,12024,65750,1,1,1,1,1,1,1,1,8
5U6JV0K16,きち,,,226,0,12024,65750,2,1,1,1,1,1,1,1,9
0D4RRRY5B,ゆう,9D722M8KC,蓮ノ空同好会,244,0,12026,65660,4,8,3,5,8,7,4,4,43
W82KC6T3X,紅葉,,,124,0,12027,65570,3,5,2,4,4,3,2,2,25
438XJA26D,特急連絡,0T8EATC15,虹蓮星同好会,717,0,12028,65480,1,5,1,5,1,1,1,1,16
KXRAHU18W,Risa,X2U3T52MF,ONE,983,1,12029,65390,1,5,1,1,1,1,5,7,22
E38BP9UDY,けんぷふぁー,5XCDV1CYK,I☆YOKOHA,87,0,12030,65300,2,4,1,1,1,1,1,1,12
W4WA7611B,ぐっさん,8T3BVWN6F,目標1500位,318,0,12030,65300,1,5,1,1,3,5,1,4,21
UPMKCBQ05,F,72J0T27T1,蓮ノ空後方支援部,390,0,12032,65210,2,2,1,1,1,2,1,1,11
Y0NF8U22Y,ゆきだるま,DULFP3TRN,めぐ党員の部屋,486,0,12033,65120,2,1,1,1,1,1,1,1,9
8RX9U1DEK,コウ,5C71R2VCV,蓮輪会(仮),154,0,12033,65120,1,1,1,1,1,2,1,1,9
K52TE4AVP,ぱつこ,,,214,0,12035,65030,2,1,1,1,1,1,1,1,9
9EMGK00T5,おぐしゃ,5YEE75CB4,ロビーで待ってる,159,0,12036,64940,3,4,3,1,3,6,2,5,27
R7ERGP2JA,夕闇,,,539,0,12036,64940,1,1,1,1,1,2,1,1,9
H9GVMXU19,ひ,,,247,0,12038,64850,3,2,1,1,1,1,1,1,11
SUXOJU5JW,toto505,VY26V3P0K,AltF4され隊,415,0,12039,64760,1,1,1,1,1,1,1,1,8
A9U13HZHK,★オタク様★,,,210,0,12040,64670,1,1,1,1,1,1,1,1,8
A0RWYN7H0,砂糖,,,192,0,12041,64580,2,1,1,1,1,1,1,1,9
B60D90ALF,まさっち,PHMJLJY5E,ラブライブ愛好家,366,0,12042,64490,4,1,1,1,2,2,2,1,14
3KJNCF7KJ,carter,EDGYH62K9,清掃美化委員会,1013,0,12042,64490,1,1,1,1,1,1,1,2,9
19DA43F5X,pppandy,EYEPHE14G,花上梢頭,340,0,12044,64400,3,4,1,5,1,3,1,1,19
O3T4BFZI6,どうする,,,849,0,12044,64400,1,1,1,1,1,1,1,1,8
FV3QMKVIJ,セルフ,,,432,0,12046,64220,3,1,1,1,1,1,1,1,10
U7HH0Y067,酒多蒔絵,CWXPKYDGU,ホワイトロリータ,505,0,12047,64130,1,1,1,1,1,1,1,1,8
I2FCEM7W5,みーちゃん,,,891,0,12047,64130,1,4,1,4,4,4,1,4,23
2M4287VEN,シーサー,DULFP3TRN,めぐ党員の部屋,455,0,12049,64040,1,1,1,1,1,1,1,1,8
BCIIWTV9U,桜並木,,,355,0,12050,63950,1,1,1,1,1,1,1,5,12
LV4TRAJ8R,よほほん,3GNATPTJH,めぐ党 千葉支部,918,2,12051,63860,2,1,1,1,5,1,4,4,19
3UYT3X81L,フラワーピッグ,F7Y0XP6VY,梢先輩大好き軍,933,0,12051,63860,2,4,1,1,4,2,1,1,16
F2BPPGD3T,Zin,,,815,0,12053,63770,2,3,1,1,1,1,1,1,11
FHANGVEB8,wongeuy,CY3GGDH7H,㍿キモ・オタク,255,0,12053,63770,3,2,1,1,1,3,1,1,13
VFQVPYO50,イブ,WE4AB37FP,めぐ党,677,1,12055,63680,1,1,1,1,1,2,1,1,9
VD50U754G,くらげ,EJG6V1740,テスト,665,0,12056,63590,1,1,1,1,1,1,1,1,8
GEL10JFC8,とりいえ,PA9896VH8,ひとり,396,0,12057,63500,2,1,1,1,1,1,1,1,9
CUGYK2B18,ぽぽるる,,,146,0,12057,63500,1,1,1,1,1,1,1,1,8
94XD1KIGX,コウシ,,,311,0,12059,63410,3,1,1,1,1,1,1,1,10
H8EHU664Y,思い出不全,UVGHL7LG6,Lotus！,591,2,12060,63320,1,1,1,1,1,1,1,1,8
YHUQ8HLY0,もへもも,H1G4CDT6C,無言自由,551,0,12061,63230,1,1,1,1,1,2,1,1,9
A02GBKCTE,NKG,VAR94KPUT,日進月歩,788,0,12061,63230,2,1,1,1,1,1,1,1,9
6HC63WG4M,ないん,M6NUAVA16,どうなんのすみっ,508,0,12061,63230,1,1,1,1,1,1,1,1,8
AUMZ8B2VS,ちーちゃん,97BGFLKW9,◯◯◯,555,2,12064,63140,1,1,1,1,1,3,1,1,10
EYAR13UCV,こてつ,4URND90YY,参加賞狙い,430,0,12065,63050,1,1,1,1,1,2,1,1,9
YRXW3J6VY,さすらい,DUR1HCEG6,さすらい,299,0,12066,62960,1,1,1,1,1,1,1,1,8
D08R7T8A2,チャンピン,,,530,0,12067,62870,1,1,1,1,3,1,2,1,11
BJ4LGT4KT,南小希,WFPA7YJE1,蓮ノ空文芸部,370,0,12068,62780,1,1,1,1,1,2,1,1,9
R9JPC588P,ルチア,B1RJE0HRM,てつP,892,7,12069,62690,1,1,1,1,2,1,1,5,13
6PJXN33MR,しおってぃー,,,90,0,12070,62600,1,1,1,1,1,1,1,1,8
9JC5GHM3T,みさき,8AT7V1C7L,初心者です,399,0,12070,62600,1,2,2,2,4,3,8,1,23
67AMVDTE3,gns,VPMPRHBHP,ggs,126,0,12072,62510,1,1,1,1,1,1,1,1,8
AW25GNED4,シュテルン,,,262,0,12073,62420,1,1,1,1,1,1,1,1,8
8W41NVV3A,ちはや,DJC4WJXGV,無言出入り自由,115,0,12074,62330,1,2,1,2,1,3,1,3,14
YJ4AE0KZC,ダリアン,,,717,4,12074,62330,2,1,1,1,1,1,1,1,9
X9JY2MKNV,ことり,97Y59KBF0,乙宗梢倶楽部,1067,4,12076,62240,2,2,1,4,5,4,5,4,27
X5KNJ9CH8,ゆやな,,,305,0,12077,62150,2,1,3,3,3,2,2,2,18
VJ0WS204H,可憐車,,,939,0,12078,62060,2,1,1,1,1,1,4,1,12
CBBKP79NP,必殺のピンクポン,766J6R5F0,理解力乏しき者,484,0,12079,61970,2,1,1,1,1,1,1,1,9
TFDOFX981,R.tomo,,,194,0,12079,61970,1,1,1,1,1,1,1,1,8
F10GFGC5M,ovo,XVTV7MVCX,雪月花,306,0,12081,61880,1,1,1,1,1,2,1,1,9
URN5KDPXB,$hine405,,,108,0,12082,61790,2,4,2,1,1,1,1,1,13
9RV59UM4G,Bess,A3X92L6YU,お試し用サークル,485,0,12083,61700,1,5,1,4,4,2,1,1,19
TMGHXPLHW,まき,,,156,0,12083,61700,1,1,1,1,4,1,1,4,14
AFEM2PXV9,kzero3,KK87H4HVJ,マルマルサーウル,846,0,12085,61610,1,1,1,1,1,1,1,1,8
8KUJPFXWW,ツカサ,,,81,0,12086,61430,6,8,5,2,4,5,1,1,32
2WBPBAU4O,ちゅんちゅんまる,,,508,0,12086,61430,1,3,1,1,1,1,1,1,10
KF4XV7F13,ぽくちん♪,,,46,0,12088,61340,3,4,1,3,1,2,1,1,16
MTUNJA98J,はる,934K7RBGC,ぼちぼち…,401,0,12088,61340,2,1,1,1,1,1,1,2,10
86RD59364,かんかんみかん,,,195,0,12090,61250,3,4,1,1,1,2,1,1,14
4TGPELCUJ,メルファ,XHJLF3R8H,ゆったりプレイ,945,1,12091,61160,1,4,1,4,4,4,4,4,26
4CBU3CW7E,Allen,,,191,0,12091,61160,3,1,1,2,1,1,2,2,13
1XPX6GBBH,ふらぺちーの,59AK7LJ7A,とりあえず,801,0,12093,61070,1,1,1,1,1,1,1,1,8
0TW2UF6E1,そんちょー,,,172,0,12094,60980,1,1,1,1,1,1,1,1,8
TJKAVVMVY,サザナミ,,,70,0,12095,60890,6,4,4,3,3,4,1,1,26
RAQCB7EG5,リーニャ,YVFP54NA2,無言OK！,614,2,12096,60800,1,1,1,1,1,2,1,1,9
36FMGE0RR,のぞ,,,117,0,12097,60710,4,4,1,4,1,4,1,1,20
R2ZJL22I7,テディ,,,440,0,12097,60710,1,1,1,1,1,1,1,1,8
0FWZFFJTE,誕生兄,,,312,0,12099,60620,2,1,1,1,1,1,1,1,9
51VCMVR7L,リリカル,GTVVCW6XE,よく分からない勢,73,0,12100,60530,6,4,7,4,2,3,1,1,28
16Q64ZH0U,なな,FYYCPJEKC,石川の女神,764,0,12100,60530,1,1,1,1,5,1,5,1,16
A07M9JVJV,700系,6YTAMD33M,リリエンフェル党,567,0,12102,60440,3,6,2,4,4,6,4,4,33
J0RZWQ3V6,ゆ,A9MA307FX,楽しいが一番,596,1,12103,60350,1,1,1,1,1,2,1,1,9
MGHJTKV3N,花海棠蕾の丸凛然,,,751,0,12104,60260,2,4,1,4,4,4,4,4,27
MKV4V1G4J,キジトラ,,,661,0,12105,60170,1,1,1,1,1,1,1,1,8
5KWDJ93YH,ぱーる,,,172,0,12106,60080,4,2,1,1,1,3,1,1,14
VC3LK0KPA,taja,6JMDE20EE,ゆるくまったり,193,0,12106,60080,1,1,1,1,1,1,1,1,8
CU6TF6WM6,ような,63AKA05VR,まったりGngy,804,0,12108,59990,1,1,1,1,1,2,1,1,9
FT8EF7AMA,カメメカ,W9V6VTXAN,梢先輩の歌声好き,102,0,12108,59990,3,2,1,2,1,3,1,1,14
FNCRVHI84,鹿紫雲,TJA5LCK8K,弓張学園美術部,1101,0,12110,59900,2,5,1,4,5,4,4,5,30
XNM30X1ED,Cristian,5V9TDD4NF,みんはや蓮ノ空部,166,0,12111,59810,2,4,2,1,5,3,1,1,19
0VNMBN9RG,まさのゆ,F31A07X4V,蓮ノ空福井分校,85,0,12112,59720,8,6,6,4,3,2,2,1,32
0LFDU7E8C,ある,,,96,0,12113,59630,3,2,1,1,3,1,3,1,15
2URMY1FT8,prm,58FD7UF8J,としとしサークル,955,3,12114,59540,1,1,2,1,1,2,1,2,11
VEBD97T8C,ろま,7J5JK1W1W,高根町,872,6,12115,59450,1,1,2,2,1,4,2,5,18
JBWPF5C3A,けー,5JA9K5FAK,オタサーの姫芽,752,0,12116,59360,1,1,1,1,1,1,1,1,8
28EAW45BN,araigiga,XP0L1TGD6,低levサ,680,1,12117,59270,1,1,1,1,1,1,1,1,8
R8GH35YTV,つくね,V96VU5F4L,よもぎモチモチ木,146,0,12118,59180,2,1,3,4,1,6,1,1,19
71LKLHHAT,とうわ,,,148,0,12119,59090,1,1,2,1,1,2,1,1,10
H3MXCP4CL,おーいし,KW03UYM9N,hshs,503,0,12120,59000,1,1,1,1,1,1,1,1,8
69RU26XW6,くろうど,,,414,0,12121,58910,3,1,2,1,1,1,1,1,11
KHATPC136,おにぎりみかん,43HRXMXWA,無言OKクラブ,648,2,12122,58820,1,1,1,1,1,2,1,1,9
JODYGOR8P,月虹,TKVR3KU7L,ネギトロTKG,1125,2,12122,58820,1,2,1,1,1,2,2,1,11
PXG2M83TG,うじきん,,,217,0,12124,58730,2,1,1,1,1,1,1,1,9
NT48KLCHI,ジェネアイ,P0KRCV1B5,リンクラクラブ,386,0,12125,58460,2,1,1,1,1,1,1,1,9
WMCDBC3AJ,JoY,7X71T9R7J,憩いの場所,402,0,12126,58370,1,1,1,1,1,2,1,1,9
U2G9CNWHE,池婉月,,,176,0,12127,58190,2,1,1,1,2,1,1,1,10
BCVC8G1V4,hin,,,103,0,12127,58190,6,3,5,3,1,3,1,1,23
48PACW0HF,にくきゅう,NMRKHYYRM,ご自由にどうぞ,245,0,12129,58100,1,1,1,1,1,2,1,1,9
IDNDDE34V,ことヨハランすみ,T4ND02HBX,ことヨハランすみ,801,0,12130,57920,1,1,1,1,1,2,1,1,9
5D7P1Y3DC,ペンギン,9YG7C0VM7,綴理と無言で昼寝,899,0,12131,57830,1,5,1,1,5,2,4,3,22
GPRN5J8UJ,ラムネ,,,358,0,12132,57740,2,2,2,1,4,1,2,1,15
H7K3CL8MB,フクスケ,KGG6VMD1R,蓮ノ空本蓮沼の会,201,0,12133,57650,4,1,2,1,1,3,1,1,14
3F02JT9DY,練乳好き好き,L3NN1RWMY,アポロベイ海賊団,940,5,12133,57650,1,1,1,1,1,2,1,1,9
2CA1DW4YL,燐,,,70,0,12135,57560,6,6,4,2,3,4,2,1,28
XV208K8K9,rin0808,,,381,0,12135,57560,2,2,1,4,3,4,4,4,24
CXM4BD9FL,あ,8GAY2WBT6,(・8・),572,2,12137,57470,1,1,1,1,1,2,1,1,9
PZ3IVOFLN,ここあ,16N3APL33,Dreamers,298,0,12138,57380,1,3,1,1,1,3,1,1,12
M99R6FC21,たかてん,427WENUC4,心の癒し～蓮ノ空,165,0,12139,57290,2,1,1,1,1,2,1,1,10
33CE7XFPH,空気,DJE5GDV7B,究極戦刃,341,0,12140,57200,1,1,1,1,1,1,1,1,8
GFCU82O67,まつと,JWUL2T36L,チーム初心者,663,0,12141,57110,1,4,1,4,1,2,4,1,18
DNWNJP4WD,なかたに,PUJ0ERCMW,蓮ノ空倶楽部,787,2,12142,57020,2,2,1,1,1,2,1,1,11
4KM8F9TVK,暁,6DFE57BY0,Lovenico,284,0,12142,57020,2,4,4,1,1,1,1,1,15
2NTNDKR0H,大天師ヨハネ,,,62,0,12144,56930,5,4,3,3,3,3,1,1,23
TA4LJ33UG,あす,,,185,0,12144,56930,1,2,1,1,1,1,1,1,9
IVM4PYK9H,おさかな,36DAM7HBL,蓮隠れノ里,642,0,12146,56840,2,1,1,1,1,2,2,1,11
XV85J85YG,あじゃ,,,62,0,12147,56750,6,4,3,4,3,2,1,1,24
CX6EPYNNM,俺っち,9X07VGM42,近江町食べ歩き隊,1158,2,12147,56750,1,1,1,1,5,2,1,5,17
NUDA8J0UG,mike-4,MR3GKPA0E,ねこやしき,133,0,12149,56660,2,1,1,1,1,1,1,1,9
MLR24KMYR,u64,,,215,0,12150,56570,2,1,1,1,1,1,1,1,9
E0BKKW69B,鮟鱇魚,,,459,0,12151,56390,4,10,3,6,2,8,6,4,43
YNY2A974P,なつお,,,60,0,12151,56390,4,4,4,3,3,3,1,1,23
LZ0TFJXFK,シマ,,,821,4,12153,56300,2,1,1,1,1,1,1,1,9
V0WPM9XA2,ねゆこ,XA0XD41CM,ぼっちぼっち,253,0,12153,56300,2,1,1,1,1,2,1,1,10
8KLLUX8A8,912,,,140,0,12155,56210,2,1,1,1,1,1,1,1,9
LVGGG631C,ぱんザキ,,,352,0,12156,56120,2,2,1,4,1,4,1,4,19
GPB5V5F1T,にくまる,,,85,0,12156,56120,3,1,2,1,2,1,2,4,16
VJ63FB9GM,あお,X45T3U322,アニメ最高クラブ,909,4,12158,56030,1,2,1,1,3,2,1,2,13
44VLUVKTB,紫藍蘭,AE3L01V24,LOVE蓮ノ空,487,0,12159,55940,2,1,1,1,1,2,1,1,10
BG2K091M9,なきう,FUXF9Y717,スリブファンC,109,0,12160,55850,3,1,1,1,1,1,1,1,10
76PR1P8H1,ぐみ。,6YTAMD33M,リリエンフェル党,75,0,12161,55760,2,1,1,1,1,4,1,1,12
GYGM5M272,lv6cdcp,LFB48H6MU,超初心者の会,619,1,12162,55670,2,1,1,1,1,2,1,1,10
LJMKDTC5Z,エトセトラ,5R0HJNPAL,わ,280,0,12163,55580,1,1,1,1,1,2,1,2,10
4T05FBLRT,葵,,,97,0,12164,55490,2,4,2,4,2,4,1,1,20
A63DG3EKX,の,,,118,0,12165,55400,2,4,1,1,2,2,1,2,15
NJRFWEULK,はだめす,,,154,0,12166,55310,1,4,2,4,1,4,1,1,18
CCL4WW6TC,ろくげん,,,148,0,12167,55220,2,1,1,1,1,1,1,1,9
EWF4LDWBG,リョウ,,,123,0,12167,55220,2,1,1,1,1,1,1,1,9
XZ85MMRZY,友奈,E050K9859,蓮党,917,0,12169,55130,1,3,1,4,2,4,4,4,23
UB3RHY1G9,Neo5097,,,558,0,12170,55040,4,1,1,1,1,1,1,1,11
ERF6PVLA5,M.I.L.K.,,,816,0,12171,54950,1,4,1,4,4,4,4,4,26
2JLMDWLJK,しきがみ,,,55,0,12171,54950,1,1,1,1,1,2,1,1,9
JPVO9VTUI,Dr.HNMR,NTMCHE165,蓮ノ空眼鏡破壊部,596,0,12173,54860,1,1,1,1,1,4,1,4,14
GKR1VHHTD,たくあん,,,65,0,12174,54770,2,2,1,2,1,2,1,1,12
3NREKDYDX,レイン,A7WWE0463,蓮ノ空初心者部,260,0,12175,54680,1,1,1,4,1,2,5,1,16
HAT872D18,川の隅っこ,,,59,0,12175,54680,4,1,2,1,1,1,1,2,13
U6DPH98F0,スヒロ,C68491XHB,みらくらぽーく！,179,0,12177,54590,3,1,2,1,1,2,1,1,12
C3FJ3UYJL,うさま,,,200,0,12178,54500,2,1,1,1,1,1,1,1,9
09NAHMYMV,Timim,,,58,0,12179,54410,5,6,4,3,2,2,2,1,25
0G32VNRFC,こまいぬ,GVNKNN878,Aqours,778,0,12180,54320,3,4,1,1,4,3,2,1,19
7VN9YEEN4,葉月ニナ,KBJ2P8T0Y,人見知りの集い,1068,7,12181,54230,2,4,1,1,4,2,5,7,26
Q5HGF9IHE,トライトン,CVCV4YGB5,トライトン,858,0,12182,54140,1,4,1,4,4,4,1,4,23
NHB922EL8,クレラバ,4ULDLHJCN,千変万化,222,0,12183,54050,2,1,1,1,1,1,1,1,9
XY1RFRJCR,してす,,,72,0,12184,53780,3,3,1,1,1,1,1,1,12
KP3TXPRNY,ヒガナ,,,268,0,12184,53780,2,1,1,1,1,1,2,1,10
J90T3J1BD,Kuroneko,,,508,0,12186,53690,3,6,1,4,5,4,2,7,32
R2H2ELJYD,［電気イルカ］,3986XGCEK,百姫会,741,1,12187,53600,1,4,1,1,5,4,1,5,22
7E3N1F50K,るん,CP3KWKH07,まったり社会人部,1003,1,12188,53510,1,4,1,4,4,4,4,4,26
RWU2KJMCX,ラ！りょうすけ,,,969,0,12189,53420,1,4,1,4,4,4,4,4,26
7RBVE21V6,南越,4BU2PJLC1,Sky,370,0,12190,53330,2,1,1,4,4,3,4,1,20
K8J1KUEVU,胡椒博士,E6WR9G75P,安養寺姫芽推し会,532,0,12191,53240,6,6,4,1,4,6,1,2,30
DM1W3ARE5,サニサニ,JRFM5DW6T,咲く蓮の花,636,0,12192,53150,3,1,1,1,1,2,1,1,11
CG8BBP6LO,ぷよ,H1G4CDT6C,無言自由,997,0,12193,53060,1,4,1,1,4,5,1,4,21
MANGXDWW5,seigo,,,93,0,12194,52970,6,8,7,5,2,5,4,4,41
0M47XDV31,ナオキ,NGFXVPCGX,うさぎのしっぽ,72,0,12195,52880,1,1,1,1,1,1,1,1,8
96X12A7BE,こうき,,,115,0,12195,52880,2,2,1,1,1,1,1,1,10
A5WYY8NK2,文鳥,K3LMN5JHH,金沢カレーの皿,574,2,12197,52790,1,1,1,1,1,3,1,1,10
BG13MBUFM,チョコ,LUH7URBF3,初心者サークル,393,0,12198,52700,3,7,2,5,5,2,4,1,29
YRFHYDP75,KL,,,488,0,12199,52610,2,4,1,4,1,4,1,1,18
0BTAPK678,ぺこむし,PE11WBCHB,蓮ノ空合唱部OG,442,0,12199,52610,2,1,1,4,3,4,1,4,20
3219FE0RH,たまじろう,M7P8X9C0U,まったり牧場,439,0,12201,52520,2,9,1,1,2,5,1,1,22
PHY8U8T08,はるか,2YBBLUY1Y,ふんわりクラブ,542,0,12201,52520,2,1,1,1,1,1,1,1,9
2GJR67HL8,影武者ぁ,,,94,0,12203,52430,1,1,1,1,1,1,1,1,8
BDEGL2NTE,1103,,,426,0,12204,52340,2,1,1,4,1,2,1,1,13
X99KYDKJH,Remo,,,52,0,12204,52340,5,6,5,2,2,4,2,1,27
HE75PT5U2,ゴンズ様,427WENUC4,心の癒し～蓮ノ空,127,0,12206,52250,4,5,4,1,4,4,1,1,24
XS5QX412C,悠希,,,723,0,12207,52160,2,1,1,1,5,1,1,5,17
AGFY7RMGV,ハルカ,,,223,0,12208,51980,2,1,1,1,1,1,1,1,9
T41FDVBUG,yumix,AVY8PECF0,初心者の集い,158,0,12208,51980,2,1,1,1,1,2,1,1,10
TUD5BZ8LQ,カーム,T3XUTYGC3,隔離病棟,715,0,12210,51890,1,1,1,1,1,2,1,1,9
PKNF5VCUJ,ばんちゃ,,,237,0,12210,51890,2,1,1,1,1,1,1,1,9
6UBXRMUV1,トラ僧,,,538,0,12212,51800,1,1,1,1,7,2,2,1,16
CETDR3275,うらら,,,313,0,12213,51710,1,1,1,1,1,4,1,1,11
RETY87YK7,めい,,,112,0,12213,51710,1,1,1,1,1,1,1,1,8
FURE9JONM,TERIA,FHN78V2DJ,無言でどうぞ,552,0,12215,51620,2,1,2,1,1,2,1,1,11
WG02LXPB2,まつり,,,166,0,12216,51530,1,1,1,4,1,5,1,1,15
U8P3F2G9D,Eill,,,30,0,12217,51440,3,4,1,1,1,1,1,1,13
GHBUR6MPN,ゆき,,,56,0,12217,51440,6,5,4,2,4,1,1,1,24
WR03KKVPG,りょー,,,119,0,12219,51350,1,1,1,1,1,1,1,1,8
7XDH0A8J4,クラりん,XY11YD61J,車団団,246,0,12220,51260,1,1,1,1,1,1,1,1,8
9U68E602H,まぁ,LUUPDMG3M,はくしらさん,457,0,12220,51260,1,4,2,1,2,1,1,1,13
NRU77FTPL,めいぽ,2YBBLUY1Y,ふんわりクラブ,428,0,12222,51170,2,1,1,1,1,1,1,1,9
VV7G8LENR,蓮ちゃん推し,,,335,0,12222,51170,2,1,1,1,1,1,1,1,9
SP87FQX82,ヘネネフフフ,,,142,0,12224,51080,2,1,1,1,1,1,1,1,9
KLAJ17B0K,たか,PXDL7Y3VM,ビギナーズ改,107,0,12225,50990,4,2,1,1,2,2,1,1,14
756926T4N,みわ,,,78,0,12226,50810,3,2,2,2,1,1,2,1,14
N4T9G72JT,YOSHIKO,,,26,0,12226,50810,2,2,1,1,1,1,1,1,10
KP04WPA2B,umasub,1BRVLJTGX,test,482,0,12228,50720,3,1,2,1,1,1,1,1,11
3EYLVYAE6,ロッシ,,,757,0,12229,50630,2,1,2,4,1,1,1,5,17
YY6CMP28A,RANCE,,,46,0,12230,50540,5,5,4,2,2,3,2,1,24
Y6UT7YM5U,ちばぬ,,,35,0,12230,50540,4,3,2,3,2,2,1,1,18
R43Y7NEMM,ダイ,,,334,0,12232,50450,2,1,1,1,1,1,1,1,9
1HUA5RBDJ,中矢壮洋,NX9KJK529,虹ヶ咲学園,91,0,12233,50360,2,2,1,1,2,3,1,1,13
2XUM8M9Y7,F44,,,102,0,12234,50270,2,4,1,1,3,1,1,1,14
JV0MUE2EL,ごぶりん,,,80,0,12235,50180,2,1,1,1,1,1,4,1,12
4DXKJ9DXU,グッチ,8LVN3CWFM,イベント用ソロ,109,0,12236,50090,2,1,2,1,1,4,1,1,13
OQM5YIOS2,るりか,AXGGJ4EJ1,所属だけしたい部,147,0,12237,50000,2,1,1,1,1,2,1,1,10
YMJG9H7PA,湯屋,TX92H9GBV,アフターが見たい,996,1,12237,50000,1,4,1,4,4,5,2,4,25
88GVJ1E8M,Keju,MUYEWRLU1,Keju,234,0,12237,50000,1,1,1,1,1,1,1,1,8
