player_id,player_name,search_guild_key,guild_name,总fanlv,DR数量,rank,point,花帆,さやか,瑠璃乃,吟子,小铃,姬芽,泉,塞拉斯,季度等级
4YTEQDE04,ぎんかほ♡結婚式,EYN9H9N16,蓮すきすきクラブ,1675,16,1,3000000,10,10,10,10,10,10,10,10,80
RKVK0YI1L,おらぴさん,1BME38BCD,さすさやクラブ,1756,16,1,3000000,10,10,10,10,10,10,10,10,80
A172AA7DD,にしん,3F9P3U95T,ଳ天地鱏明の空ଳ,1728,9,3,2990000,10,10,10,10,10,10,10,10,80
8JKPKHDHC,つづこず♡結婚式,EYN9H9N16,蓮すきすきクラブ,1660,17,3,2990000,10,10,10,10,10,10,10,10,80
QTHXHSE6U,総たい,EYN9H9N16,蓮すきすきクラブ,1749,16,5,2980000,10,10,10,10,10,10,10,10,80
KXMPLAX04,ろーぱす,3F9P3U95T,ଳ天地鱏明の空ଳ,1531,17,5,2980000,10,10,10,10,10,10,10,10,80
NWUFRAHLN,じゅんじゅん,3F9P3U95T,ଳ天地鱏明の空ଳ,1468,13,7,2970000,10,10,10,10,10,10,10,10,80
OZHGPXIGS,まるごとみなみ,WN5B7VKPU,きんぴられんこん,1743,18,7,2970000,10,10,10,10,10,10,10,10,80
CAH984HAW,be proud,M5LHG6R4T,乙宗動物園,1738,16,9,2960000,10,10,10,10,10,10,10,10,80
JC33CNHML,かすかす,PBRDPWEY1,村村会,1551,16,9,2960000,10,10,10,10,10,10,10,10,80
ISRNX35D4,KYB,RWARTHA1M,乙宗梢大好き部,1722,16,11,2950000,10,10,10,10,10,10,10,10,80
ZYAP6N76H,ぬわぁんでよぉ,3F9P3U95T,ଳ天地鱏明の空ଳ,1553,15,11,2950000,10,10,10,10,10,10,10,10,80
L71LEGR49,かんなぎ,49AMYCXCD,ルドベキア,1518,17,13,2940000,10,10,10,10,10,10,10,10,80
KY1DYH45V,あて,6XX7GBM0K,ぷちぐる同好会,1713,17,13,2940000,10,10,10,10,10,10,10,10,80
U1IQYBNI5,通りすがりの人,3F9P3U95T,ଳ天地鱏明の空ଳ,1729,13,15,2930000,10,10,10,10,10,10,10,10,80
FCED0MOWI,つかべん,RWARTHA1M,乙宗梢大好き部,1685,18,16,2920000,10,10,10,10,10,10,10,10,80
TKLRD66RN,Pleiades,3F9P3U95T,ଳ天地鱏明の空ଳ,1666,15,16,2920000,10,10,10,10,10,10,10,10,80
L8VJOGDKM,眠,3F9P3U95T,ଳ天地鱏明の空ଳ,1747,16,18,2910000,10,10,10,10,10,10,10,10,80
TWKTW5AVC,ライト,GXR6C85BT,花帆ちゃん親衛隊,1459,18,18,2910000,10,10,10,10,10,10,10,10,80
HVA8EZJWM,鍋,3F9P3U95T,ଳ天地鱏明の空ଳ,1708,16,20,2900000,10,10,10,10,10,10,10,10,80
HU55NKXPK,たっち,EYN9H9N16,蓮すきすきクラブ,1647,18,20,2900000,10,10,10,10,10,10,10,10,80
R3YC2XYYZ,秋の根性焼き,3F9P3U95T,ଳ天地鱏明の空ଳ,1684,15,22,2895000,10,10,10,10,10,10,10,10,80
4W6BIX284,リリィ♡,FK5MUK0ET,くる♡すきクラブ,1740,18,22,2895000,10,10,10,10,10,10,10,10,80
TW9L2LKS7,スクステ反抗組織,YE7CX8RNP,蓮ノ大三十角ex,1785,15,24,2890000,10,10,10,10,10,10,10,10,80
M30MWLT24,ゆあゆあ,05KN1RR3U,さやかほ花卉園,1787,18,24,2890000,10,10,10,10,10,10,10,10,80
VGWT7LCX7,ZUC,3F9P3U95T,ଳ天地鱏明の空ଳ,1585,15,26,2885000,10,10,10,10,10,10,10,10,80
LVRF4GDVF,るびたぬ,2K5AM4RV0,とろぺりです,1446,18,26,2885000,10,10,10,10,10,10,10,10,80
XTY4GG18V,こーりん,1BME38BCD,さすさやクラブ,1678,16,28,2880000,10,10,10,10,10,10,10,10,80
6NJM4GUG6,Sea,3F9P3U95T,ଳ天地鱏明の空ଳ,1728,9,28,2880000,10,10,10,10,10,10,10,10,80
3Q65ASSTC,ほうがく,YE7CX8RNP,蓮ノ大三十角ex,1601,16,30,2875000,10,10,10,10,10,10,10,10,80
T09VDOIFQ,ぼぬ,998H940YN,お嬢様筋トレ部,1623,18,30,2875000,10,10,10,10,10,10,10,10,80
56DXP4XGM,osA_,3F9P3U95T,ଳ天地鱏明の空ଳ,1485,14,32,2870000,10,10,10,10,10,10,10,10,80
8XP3JM3HY,ハヤシモリ,CX967RTGY,おんゆあさーくる,1586,15,32,2870000,10,10,10,10,10,10,10,10,80
HF5CLQ1F8,すがぽん,M5LHG6R4T,乙宗動物園,1794,17,34,2865000,10,10,10,10,10,10,10,10,80
42J4J5OSG,ハラシヨ,W26TRPM1R,めぐ党藤島派,1647,18,34,2865000,10,10,10,10,10,10,10,10,80
7RODEB74T,しよー,RWARTHA1M,乙宗梢大好き部,1613,18,36,2860000,10,10,10,10,10,10,10,10,80
K7QAEXJLJ,のりすけ,49AMYCXCD,ルドベキア,1736,17,36,2860000,10,10,10,10,10,10,10,10,80
9L52YPRA1,ハミングバード,3F9P3U95T,ଳ天地鱏明の空ଳ,1661,8,38,2855000,10,10,10,10,10,10,10,10,80
WY7ASMM7N,ちゅん,11FB0EDDT,スクステ同好会,1367,14,38,2855000,10,10,10,10,10,10,10,10,80
XEDYAEF7D,waito,3F9P3U95T,ଳ天地鱏明の空ଳ,1343,7,40,2850000,10,10,10,10,10,10,10,10,80
ZWGHFBK3S,DSsuzu,YCTM6RYDP,金沢おでん同好会,1722,18,40,2850000,10,10,10,10,10,10,10,10,80
70NE2637U,りふいっと,3F9P3U95T,ଳ天地鱏明の空ଳ,1682,10,42,2845000,10,10,10,10,10,10,10,10,80
969Y977WP,k1みかん,2K5AM4RV0,とろぺりです,1527,18,42,2845000,10,10,10,10,10,10,10,10,80
EQOU1ZZS7,ブロッサム花田,3F9P3U95T,ଳ天地鱏明の空ଳ,1672,18,44,2840000,10,10,10,10,10,10,10,10,80
0USG3I0AK,MF,11FB0EDDT,スクステ同好会,1570,16,44,2840000,10,10,10,10,10,10,10,10,80
TXTPD6OZ9,stella,3F9P3U95T,ଳ天地鱏明の空ଳ,1700,15,46,2835000,10,10,10,10,10,10,10,10,80
FZMYZZPRK,彩花,FK5MUK0ET,くる♡すきクラブ,1439,16,46,2835000,10,10,10,10,10,10,10,10,80
9NMP2LJU2,くぼっち,EYN9H9N16,蓮すきすきクラブ,1681,18,48,2830000,10,10,10,10,10,10,10,10,80
7Q17H65NQ,mitsu,YE7CX8RNP,蓮ノ大三十角ex,1736,16,48,2830000,10,10,10,10,10,10,10,10,80
X0N1L475X,ぼた餅,PBRDPWEY1,村村会,1630,15,50,2825000,10,10,10,10,10,10,10,10,80
0UXX86CCP,やん(KK),1BME38BCD,さすさやクラブ,1739,18,50,2825000,10,10,10,10,10,10,10,10,80
TUHKRV0IW,ポン,EYN9H9N16,蓮すきすきクラブ,1740,17,52,2820000,10,10,10,10,10,10,10,10,80
U8OROTM2Y,なってしまった！,YCTM6RYDP,金沢おでん同好会,1697,18,52,2820000,10,10,10,10,10,10,10,10,80
1Y0XFNNDJ,かなたなか,EYN9H9N16,蓮すきすきクラブ,1658,16,54,2815000,10,10,10,10,10,10,10,10,80
ALF76WC94,あにょつき,11FB0EDDT,スクステ同好会,1487,16,54,2815000,10,10,10,10,10,10,10,10,80
LP0BEDRF6,ゆうかわいい,YE7CX8RNP,蓮ノ大三十角ex,1730,18,56,2810000,10,10,10,10,10,10,10,10,80
JLADG5GPX,うぇすとれ,PBRDPWEY1,村村会,1554,17,56,2810000,10,10,10,10,10,10,10,10,80
VLVZCU5K1,ひなつき,B5V2LNN43,WMW,1592,16,58,2805000,10,10,10,10,10,10,10,10,80
XB2VHAJYV,まさお,GMEF2K8DL,花咲く泥も好き²,1690,14,58,2805000,10,10,10,10,10,10,10,10,80
68S69TGO8,ｲﾉｳｴ,RFYKY8DCD,LA.LA.LA,1639,9,60,2800000,10,10,10,10,10,10,10,10,80
W48K3OD0Q,ふっちー,998H940YN,お嬢様筋トレ部,1518,13,60,2800000,10,10,10,10,10,10,10,10,80
X0REUC1B0,ジークハルト,GXR6C85BT,花帆ちゃん親衛隊,1549,18,62,2795000,10,10,10,10,10,10,10,10,80
OWS2KA4SW,ごみょ,49AMYCXCD,ルドベキア,1651,15,62,2795000,10,10,10,10,10,10,10,10,80
NXLLUPEY0,ゆ〜いん,3F9P3U95T,ଳ天地鱏明の空ଳ,1457,15,64,2790000,10,10,10,10,10,10,10,10,80
W4E0R6NA9,そらをとぶ,0TKFF5EG3,サークル名募集中,1629,18,64,2790000,10,10,10,10,10,10,10,10,80
FSHR5FP4W,Kian,KT4C59NXG,めぐ島,1703,18,66,2785000,10,10,10,10,10,10,10,10,80
NY9X4SWNC,くりマロン,11FB0EDDT,スクステ同好会,1652,18,66,2785000,10,10,10,10,10,10,10,10,80
IZUFEEX2U,アルメ,EYN9H9N16,蓮すきすきクラブ,1623,17,68,2780000,10,10,10,10,10,10,10,10,80
CZKJL4VOV,調布のりこ,M5LHG6R4T,乙宗動物園,1705,16,68,2780000,10,10,10,10,10,10,10,10,80
MC10A5K27,マヒナペ,0UT59MJ8U,かほすこ同好会,1441,13,70,2775000,10,10,10,10,10,10,10,10,80
W6WFFMRAU,ほむまん,11FB0EDDT,スクステ同好会,1566,15,71,2770000,10,10,10,10,10,10,10,10,80
JTKBKTH2T,かど・フロンタル,PBRDPWEY1,村村会,1319,16,72,2765000,10,10,10,10,10,10,10,10,80
AJMEJX0KG,こーか,EYN9H9N16,蓮すきすきクラブ,1596,16,72,2765000,10,10,10,10,10,10,10,10,80
I3Z8DKKMK,naru,YCTM6RYDP,金沢おでん同好会,1730,18,74,2760000,10,10,10,10,10,10,10,10,80
1P6AUGHX2,もじゃもじゃ,RWARTHA1M,乙宗梢大好き部,1574,16,74,2760000,10,10,10,10,10,10,10,10,80
OOC27PRN6,リリィ,11FB0EDDT,スクステ同好会,1723,7,76,2755000,10,10,10,10,10,10,10,10,80
DZ3B41G7E,お茶組織,CX967RTGY,おんゆあさーくる,1338,15,76,2755000,10,10,10,10,10,10,10,10,80
ON66GC85Z,ミツボシ,JTX1G19BP,さやかほ癒し会,1817,18,78,2750000,10,10,10,10,10,10,10,10,80
NLNKEMVRB,リエラは5人！,H6JWBBGCG,蓮天・乙宗一心流,1539,13,78,2750000,10,10,10,10,10,10,10,10,80
EFW2PMAHB,くら,RWARTHA1M,乙宗梢大好き部,1587,16,80,2745000,10,10,10,10,10,10,10,10,80
KN3FIHXL7,トミィ,RFYKY8DCD,LA.LA.LA,1723,17,81,2740000,10,10,10,10,10,10,10,10,80
WCN6J32TG,しみちゃん,0TKFF5EG3,サークル名募集中,1629,15,81,2740000,10,10,10,10,10,10,10,10,80
64M70NFSR,いなば,YE7CX8RNP,蓮ノ大三十角ex,1716,16,83,2735000,10,10,10,10,10,10,10,10,80
1FREY7CCF,ぱむぱむ,HE0GK3EPE,瑞蓮プロカ倶楽部,1713,16,83,2735000,10,10,10,10,10,10,10,10,80
5LL48ARPU,シュウ,3F9P3U95T,ଳ天地鱏明の空ଳ,1530,18,85,2730000,10,10,10,10,10,10,10,10,80
JRKLLY4D3,kazu,HBM31HMUY,YUKIZURI,1389,6,85,2730000,10,10,10,10,10,10,10,10,80
7XT268BWG,夏はこずめぐ,EYN9H9N16,蓮すきすきクラブ,1547,17,87,2725000,10,10,10,10,10,10,10,10,80
HCH7L01VU,スノーアイス,RF5215M2U,スクステ同好会②,1566,18,87,2725000,10,10,10,10,10,10,10,10,80
N198BK2ZK,Nyon,M5LHG6R4T,乙宗動物園,1630,17,89,2720000,10,10,10,10,10,10,10,10,80
6B9EETA7A,かっぴ,11FB0EDDT,スクステ同好会,1250,10,89,2720000,10,10,10,10,10,10,10,10,80
V578L0R6J,mion,PBRDPWEY1,村村会,1448,15,91,2715000,10,10,10,10,10,10,10,10,80
VK5FCXKLC,ぐっちー,M5LHG6R4T,乙宗動物園,1267,14,91,2715000,10,10,10,10,10,10,10,10,80
L6HBG7C3L,あまらく@,0TKFF5EG3,サークル名募集中,1650,17,93,2710000,10,10,10,10,10,10,10,10,80
NC6WJYFVX,でら,1BME38BCD,さすさやクラブ,1759,17,93,2710000,10,10,10,10,10,10,10,10,80
1A279T9WC,ねば,49AMYCXCD,ルドベキア,1418,15,95,2700000,10,10,10,10,10,10,10,10,80
LQEN0GFVZ,ごろーざ,WN5B7VKPU,きんぴられんこん,1726,18,95,2700000,10,10,10,10,10,10,10,10,80
8E70ID58F,あるとす,WN5B7VKPU,きんぴられんこん,1672,16,97,2695000,10,10,10,10,10,10,10,10,80
U7NEBV4KH,こーど,49AMYCXCD,ルドベキア,1505,18,97,2695000,10,10,10,10,10,10,10,10,80
LDLTRQ88V,しらたま,YCTM6RYDP,金沢おでん同好会,1764,18,99,2690000,10,10,10,10,10,10,10,10,80
7TAQGMS8W,果物ハンター,PBRDPWEY1,村村会,1583,16,99,2690000,10,10,10,10,10,10,10,10,80
FVG9O3T6M,少結,PPAHU1TNY,蓮ノ空のんびり部,1728,18,101,2685000,10,10,10,10,10,10,10,10,80
CO2UVBYHH,ﾍﾟﾝｷﾞﾝﾈﾝ,PBRDPWEY1,村村会,1663,7,101,2685000,10,10,10,10,10,10,10,10,80
QUQRGUWJL,にしおり,49AMYCXCD,ルドベキア,1589,18,103,2680000,10,10,10,10,10,10,10,10,80
Z55OCBCZ1,すこや,RFYKY8DCD,LA.LA.LA,1569,16,103,2680000,10,10,10,10,10,10,10,10,80
KBI8MUTYD,まけれれ,EYN9H9N16,蓮すきすきクラブ,1745,18,105,2675000,10,10,10,10,10,10,10,10,80
67IVLJVB0,ねこるて,CX967RTGY,おんゆあさーくる,1583,17,105,2675000,10,10,10,10,10,10,10,10,80
CW1IJ4VQU,ALOMA,YE7CX8RNP,蓮ノ大三十角ex,1397,4,107,2670000,10,10,10,10,10,10,10,10,80
L6A36K16J,あついのはきらい,FK5MUK0ET,くる♡すきクラブ,1535,17,107,2670000,10,10,10,10,10,10,10,10,80
C7IMXOP79,ナーガ,RWARTHA1M,乙宗梢大好き部,1648,8,109,2665000,10,10,10,10,10,10,10,10,80
Y2LLTQ4MF,Lautrum,M5LHG6R4T,乙宗動物園,1715,18,109,2665000,10,10,10,10,10,10,10,10,80
NU071DC0B,青酸柊(シアン),RWARTHA1M,乙宗梢大好き部,1425,17,111,2660000,10,10,10,10,10,10,10,10,80
7604CH5KV,hiro,FK5MUK0ET,くる♡すきクラブ,1744,17,111,2660000,10,10,10,10,10,10,10,10,80
YJ59JYKBT,やぎとしき,N7GLY2RUW,百生銀行,1611,18,113,2655000,10,10,10,10,10,10,10,10,80
PLE67URFB,DasserAN,M5LHG6R4T,乙宗動物園,1486,15,114,2650000,10,10,10,10,10,10,10,10,80
G25EXFDYH,いかずちさんだー,V4A5MP41E,徒町チャレンジ！,1377,13,114,2650000,10,10,10,10,10,10,10,10,80
4F1HIHA3J,きびだんごうどん,11FB0EDDT,スクステ同好会,1740,16,116,2645000,10,10,10,10,10,10,10,10,80
W0WYHMBR4,リョータ,49AMYCXCD,ルドベキア,1349,15,116,2645000,10,10,10,10,10,10,10,10,80
8Q0P3A5Y5,よしお,CM5THHYHB,「」ノ空だけれど,1699,18,118,2640000,10,10,10,10,10,10,10,10,80
J6B943VP6,まぁ,UYCT3Y4JK,蓮っ子,1324,16,118,2640000,10,10,10,10,10,10,10,10,80
62NPMRQF6,ふく,3F9P3U95T,ଳ天地鱏明の空ଳ,1662,15,120,2635000,10,10,10,10,10,10,10,10,80
PAXUDJ0ZL,ゆねる,CX967RTGY,おんゆあさーくる,1414,14,120,2635000,10,10,10,10,10,10,10,10,80
B424J17UB,ギンッカ,EYN9H9N16,蓮すきすきクラブ,1404,17,122,2630000,10,10,10,10,10,10,10,10,80
TY8GAY6VP,れいしす,YE7CX8RNP,蓮ノ大三十角ex,1077,9,122,2630000,10,10,10,10,10,10,10,10,80
NWW7GA7JI,虎／からあげ亡霊,48BTAPMBG,蓮ノ空魔術部,1516,18,124,2625000,10,10,10,10,10,10,10,10,80
4KFUM6ADN,ねくすと,PBRDPWEY1,村村会,1585,16,124,2625000,10,10,10,10,10,10,10,10,80
85NX5JDGB,いろはす,3F9P3U95T,ଳ天地鱏明の空ଳ,1658,18,126,2620000,10,10,10,10,10,10,10,10,80
6PNANEUV0,なの,WN5B7VKPU,きんぴられんこん,1719,18,126,2620000,10,10,10,10,10,10,10,10,80
KJWYM5BGB,りーか,49AMYCXCD,ルドベキア,1526,17,128,2615000,10,10,10,10,10,10,10,10,80
VBGHCMYLL,dpsleap,WHWT61ELR,【無言】ハスノソ,1253,18,128,2615000,10,10,10,10,10,10,10,10,80
45NY6HUBX,かいこ,25PMPEMG7,星見プロ,1415,16,130,2605000,10,10,10,10,10,10,10,10,80
152BPF239,たると,YE7CX8RNP,蓮ノ大三十角ex,1531,13,130,2605000,10,10,10,10,10,10,10,10,80
CPU567Q5P,あいざっく,8M6UDX260,ぽけもん好き,1568,7,132,2600000,10,10,10,10,10,10,10,10,80
U0L572GGD,ガリィ,F2CFWVMY9,藤島め組,1709,16,132,2600000,10,10,10,10,10,10,10,10,80
EEODMO0PN,kazami,HE0GK3EPE,瑞蓮プロカ倶楽部,1755,14,134,2595000,10,10,10,10,10,10,10,10,80
V8AFKEXP8,幻,R181MKNX1,みらくらは人生！,1414,17,134,2595000,10,10,10,10,10,10,10,10,80
49TUEFEKF,金時草(藻),RWARTHA1M,乙宗梢大好き部,1682,16,136,2590000,10,10,10,10,10,10,10,10,80
BCUBTG3Y4,ノノ,B5V2LNN43,WMW,1469,16,136,2590000,10,10,10,10,10,10,10,10,80
N6KDBV2A2,HA☆NA☆BI,7R8NKPAB1,花帆推し倶楽部,1665,17,138,2585000,10,10,10,10,10,10,10,10,80
W6KGEJ697,まだまだお,GXR6C85BT,花帆ちゃん親衛隊,1645,11,138,2585000,10,10,10,10,10,10,10,10,80
ZHVYQOXPW,たかやん,YE7CX8RNP,蓮ノ大三十角ex,1510,16,140,2580000,10,10,10,10,10,10,10,10,80
WK70A6MEG,こへい,N7GLY2RUW,百生銀行,1678,18,140,2580000,10,10,10,10,10,10,10,10,80
ND6DAW05J,パトリシア,M5LHG6R4T,乙宗動物園,1494,15,142,2575000,10,10,10,10,10,10,10,10,80
ZUTDBP2C0,Qくん,J7N4W6Y1K,こずミックラブ♡,1699,17,142,2575000,10,10,10,10,10,10,10,10,80
8DSWY1SNL,お茶とコーヒー,HBUK6F7CC,乙宗梢なりきり部,1716,18,144,2570000,10,10,10,10,10,10,10,10,80
1NOMUK0WK,凛さおり,PDMPF3VVV,r/LL,1446,18,144,2570000,10,10,10,10,10,10,10,10,80
82AHP3EY8,じいなぴー,AH27N260E,百生信託銀行,836,1,146,2565000,10,10,10,10,10,10,10,10,80
UPFLJNDNJ,もちもちかちまち,3F9P3U95T,ଳ天地鱏明の空ଳ,883,5,146,2565000,10,10,10,10,10,10,10,10,80
Z4TLWEM1D,ちびこま,YE7CX8RNP,蓮ノ大三十角ex,1671,12,148,2560000,10,10,10,10,10,10,10,10,80
H4CWPEX7A,カイ,GXR6C85BT,花帆ちゃん親衛隊,1691,15,148,2560000,10,10,10,10,10,10,10,10,80
PNCHE9KS0,凡ばぁどけーじ,WN5B7VKPU,きんぴられんこん,1775,18,150,2555000,10,10,10,10,10,10,10,10,80
5GUR9X53N,すてぽ,2B97MH4YA,同じ話し何回も…,1620,16,150,2555000,10,10,10,10,10,10,10,10,80
B0KUNBVED,みっくん,M5LHG6R4T,乙宗動物園,1415,18,152,2550000,10,10,10,10,10,10,10,10,80
RV0TDDA7D,ブリてっか,EYN9H9N16,蓮すきすきクラブ,1688,17,152,2550000,10,10,10,10,10,10,10,10,80
0DKJN8WXG,ごまッチョ,GXR6C85BT,花帆ちゃん親衛隊,1395,18,154,2545000,10,10,10,10,10,10,10,10,80
ZAHTN08A4,まいにち,WTJV514G9,蓮ノ空のお弁当屋,1616,17,155,2540000,10,10,10,10,10,10,10,10,80
N48B8N6QZ,こうて〜,CM5THHYHB,「」ノ空だけれど,1678,18,155,2540000,10,10,10,10,10,10,10,10,80
9NUAF91LJ,シエル,B5V2LNN43,WMW,1506,12,157,2535000,10,10,10,10,10,10,10,10,80
ARB6FHC6U,なべし,11FB0EDDT,スクステ同好会,1579,18,157,2535000,10,10,10,10,10,10,10,10,80
J2U81HBDL,Kaz@よしりこ,8P39YRA1L,慈と愉快な仲間達,1557,10,159,2530000,10,10,10,10,10,10,10,10,80
JE5URLPU8,もご,11FB0EDDT,スクステ同好会,1109,6,159,2530000,10,10,10,10,10,10,10,10,80
CL0CDYUYY,かなちゃん,PBRDPWEY1,村村会,1445,18,161,2525000,10,10,10,10,10,10,10,10,80
KWNXKNY6X,ぷいにゅー,49AMYCXCD,ルドベキア,1710,18,161,2525000,10,10,10,10,10,10,10,10,80
FN9BYATDE,EVO,11FB0EDDT,スクステ同好会,1488,13,163,2520000,10,10,10,10,10,10,10,10,80
NT480V79A,ゆざくら,PBRDPWEY1,村村会,1493,17,163,2520000,10,10,10,10,10,10,10,10,80
KOKTCEUS1,にんじんソード,1BME38BCD,さすさやクラブ,1623,17,165,2515000,10,10,10,10,10,10,10,10,80
CS46LXDBO,ひらひら,RFYKY8DCD,LA.LA.LA,1617,14,165,2515000,10,10,10,10,10,10,10,10,80
RD2UKKFRU,ヒツジグマ,RWARTHA1M,乙宗梢大好き部,1414,17,167,2510000,10,10,10,10,10,10,10,10,80
9ENVXR95K,マオ,M5LHG6R4T,乙宗動物園,1589,12,167,2510000,10,10,10,10,10,10,10,10,80
2WT4NHVZ5,のぞのぞみん,11FB0EDDT,スクステ同好会,1697,16,169,2505000,10,10,10,10,10,10,10,10,80
80YJPN7V1,シガナ,25PMPEMG7,星見プロ,1377,15,169,2505000,10,10,10,10,10,10,10,10,80
B6XUHLVUZ,ればにら,RFYKY8DCD,LA.LA.LA,1664,18,171,2500000,10,10,10,10,10,10,10,10,80
1VM9SAJVY,ユデジロウ,V4A5MP41E,徒町チャレンジ！,1571,15,171,2500000,10,10,10,10,10,10,10,10,80
RND3BA6Q4,あゆ,49AMYCXCD,ルドベキア,1533,15,173,2495000,10,10,10,10,10,10,10,10,80
8VNOEJXKL,めじろ,X7C21B7H7,泥,1509,18,173,2495000,10,10,10,10,10,10,10,10,80
NTF5VNC3W,つーかい,3F9P3U95T,ଳ天地鱏明の空ଳ,1045,4,175,2490000,10,10,10,10,10,10,10,10,80
4387Y57EA,あなたこなた,06DCWC1RE,とりあえず参戦用,1607,13,175,2490000,10,10,10,10,10,10,10,10,80
E12RMFCE1,ひしょう,998H940YN,お嬢様筋トレ部,1485,8,177,2485000,10,10,10,10,10,10,10,10,80
CHJFWLKCN,wag,JDAG79TG7,百合ノ空観察部,1524,11,177,2485000,10,10,10,10,10,10,10,10,80
XP37Y6W68,るる,RF5215M2U,スクステ同好会②,1248,8,179,2480000,10,10,10,10,10,10,10,10,80
GXB5VKOJ8,ティス,CX967RTGY,おんゆあさーくる,1517,18,179,2480000,10,10,10,10,10,10,10,10,80
ANDHY0LMT,こっしー,CX967RTGY,おんゆあさーくる,1173,15,181,2475000,10,10,10,10,10,10,10,10,80
V4BF6FLLT,あめたま,2K5AM4RV0,とろぺりです,1351,13,182,2470000,10,10,10,10,10,10,10,10,80
VVRBWNSVQ,かんべえ,WN5B7VKPU,きんぴられんこん,1687,17,182,2470000,10,10,10,10,10,10,10,10,80
7VE9T0CUP,마을 주민,49AMYCXCD,ルドベキア,1536,16,184,2465000,10,10,10,10,10,10,10,10,80
L10RA8434,なこちぃ,HE0GK3EPE,瑞蓮プロカ倶楽部,1348,16,184,2465000,10,10,10,10,10,10,10,10,80
I2J1HK333,まっちゃ,Y4BKHX868,戒めのひとり旅,1644,18,186,2460000,10,10,10,10,10,10,10,10,80
NJ5M5IZWU,まき,3F9P3U95T,ଳ天地鱏明の空ଳ,1668,17,186,2460000,10,10,10,10,10,10,10,10,80
EIJ9NR6QJ,もんじゃくん,11FB0EDDT,スクステ同好会,1408,16,188,2455000,10,10,10,10,10,10,10,10,80
36TAUERL7,つきゆび,G59NGM0XA,シュリーレン,1267,17,188,2455000,10,10,10,10,10,10,10,10,80
2PTVHGACF,どす恋背脂,CX967RTGY,おんゆあさーくる,1380,13,190,2450000,10,10,10,10,10,10,10,10,80
J9C1NN8VB,あび,48BTAPMBG,蓮ノ空魔術部,1707,17,190,2450000,10,10,10,10,10,10,10,10,80
UTYSFLDSK,てんどう,D7H8MN2U4,LLD,1352,8,192,2449000,10,10,10,10,10,10,10,10,80
BJ2YEFM93,テンババア,EYN9H9N16,蓮すきすきクラブ,1478,17,192,2449000,10,10,10,10,10,10,10,10,80
KXJK2VBJ5,esu,B5V2LNN43,WMW,1349,17,194,2448000,10,10,10,10,10,10,10,10,80
3LEXE0E48,わかめ,49AMYCXCD,ルドベキア,1357,15,194,2448000,10,10,10,10,10,10,10,10,80
GUUN5GB0W,むうげ,BKUHCT7WF,蓮女お嬢様部,1208,15,196,2447000,10,10,10,10,10,10,10,10,80
5Z53SYIYH,Shio,11FB0EDDT,スクステ同好会,1386,17,196,2447000,10,10,10,10,10,10,10,10,80
68X4A67UG,いたこ,25PMPEMG7,星見プロ,1443,15,198,2446000,10,10,10,10,10,10,10,10,80
THT84VUB7,オム,8M6UDX260,ぽけもん好き,1441,4,198,2446000,10,10,10,10,10,10,10,10,80
KYXUCDX5P,米豆梨（みどり）,9YM3DBTB7,泥民館,1802,11,200,2445000,10,10,10,10,10,10,10,10,80
CW1FRNLB8,kazu,3F9P3U95T,ଳ天地鱏明の空ଳ,1354,17,201,2444000,10,10,10,10,10,10,10,10,80
O3F93YCLH,あおい,B5V2LNN43,WMW,1482,11,201,2444000,10,10,10,10,10,10,10,10,80
U8MEXM43B,千歳,M5LHG6R4T,乙宗動物園,1394,14,203,2443000,10,10,10,10,10,10,10,10,80
IN27C39RY,スス,9YM3DBTB7,泥民館,1708,18,203,2443000,10,10,10,10,10,10,10,10,80
76L1SWWX0,カプ・デカホ,GXR6C85BT,花帆ちゃん親衛隊,1627,18,205,2442000,10,10,10,10,10,10,10,10,80
PG3THEV4C,あお,EYN9H9N16,蓮すきすきクラブ,1550,16,205,2442000,10,10,10,10,10,10,10,10,80
RRW2O1DH8,ふかひれ,49AMYCXCD,ルドベキア,1690,15,207,2441000,10,10,10,10,10,10,10,10,80
OJ8LRLQKO,抹茶あいす,1DU9LCND7,蓮ノ空すこやか部,1690,18,207,2441000,10,10,10,10,10,10,10,10,80
HSQ00QD7A,グラッド,V4A5MP41E,徒町チャレンジ！,1541,5,209,2440000,10,10,10,10,10,10,10,10,80
4TIMH0CPX,ソフール,KXB93FVTR,ブルームガーデン,1630,18,209,2440000,10,10,10,10,10,10,10,10,80
P9G0536CW,みっつー,WTJV514G9,蓮ノ空のお弁当屋,1501,18,211,2439000,10,10,10,10,10,10,10,10,80
82UULA4JD,コリラックマ,RFYKY8DCD,LA.LA.LA,1574,18,211,2439000,10,10,10,10,10,10,10,10,80
24M5TJDPS,わるつ,3F9P3U95T,ଳ天地鱏明の空ଳ,1685,18,213,2438000,10,10,10,10,10,10,10,10,80
FPUMD8XCP,Atsushi,KULVP7FDR,アニマル分室,1322,18,213,2438000,10,10,10,10,10,10,10,10,80
BJI9H7CC6,エイジ,PBRDPWEY1,村村会,1623,12,215,2437000,10,10,10,10,10,10,10,10,80
MTS3N3QJK,rifotaku,V4A5MP41E,徒町チャレンジ！,1516,18,215,2437000,10,10,10,10,10,10,10,10,80
0AIT0SH3M,Pastel,M5LHG6R4T,乙宗動物園,1638,12,217,2436000,10,10,10,10,10,10,10,10,80
JRXUOPXXN,ぐんま,49AMYCXCD,ルドベキア,1560,15,217,2436000,10,10,10,10,10,10,10,10,80
8YL7FPM4D,彦頁日西し,PBRDPWEY1,村村会,1620,18,219,2435000,10,10,10,10,10,10,10,10,80
URT1M3CIM,おハル,1BME38BCD,さすさやクラブ,1638,16,219,2435000,10,10,10,10,10,10,10,10,80
NK48LNWT8,Eri_Maki,1BME38BCD,さすさやクラブ,1483,15,221,2434000,10,10,10,10,10,10,10,10,80
HGC8Y4QUS,もがの,0UT59MJ8U,かほすこ同好会,1674,13,221,2434000,10,10,10,10,10,10,10,10,80
FRTXRTHK1,コルド,49AMYCXCD,ルドベキア,1464,18,223,2433000,10,10,10,10,10,10,10,10,80
S1JO65QZU,すと。ଳ,3F9P3U95T,ଳ天地鱏明の空ଳ,1588,9,223,2433000,10,10,10,10,10,10,10,10,80
P2ENLR3NN,ﾉﾚcｲ´=ω=,V6DV6KETG,梢好き好きクラブ,1543,17,225,2432000,10,10,10,10,10,10,10,10,80
XK44KNPLR,C_T4KE,GXR6C85BT,花帆ちゃん親衛隊,1412,18,225,2432000,10,10,10,10,10,10,10,10,80
U02MSU4XI,こかな,BCJRMHE75,梢すきすきクラブ,1651,18,227,2431000,10,10,10,10,10,10,10,10,80
ROKS5RRX4,れんこん,EYN9H9N16,蓮すきすきクラブ,1676,18,227,2431000,10,10,10,10,10,10,10,10,80
EHT22K9PX,やまもと。,CY3GGDH7H,㍿キモ・オタク,1345,17,229,2430000,10,10,10,10,10,10,10,10,80
J5GI3NA6M,林檎林檎アップル,GXR6C85BT,花帆ちゃん親衛隊,1667,18,229,2430000,10,10,10,10,10,10,10,10,80
BGB0VEFP1,笹鎌愁久,PBRDPWEY1,村村会,1303,15,231,2429000,10,10,10,10,10,10,10,10,80
L2DNOMKBV,レーン,0TKFF5EG3,サークル名募集中,1470,13,231,2429000,10,10,10,10,10,10,10,10,80
TC29EK6TA,えくれあ,YCTM6RYDP,金沢おでん同好会,1441,13,233,2428000,10,10,10,10,10,10,10,10,80
71CYB5LAJ,裏と表,YE7CX8RNP,蓮ノ大三十角ex,1310,18,233,2428000,10,10,10,10,10,10,10,10,80
3X404K304,いけ,GR65FP8VN,蓮好き,831,2,235,2427000,10,10,10,10,10,10,10,10,80
VH1RC5NNC,コグレ,25PMPEMG7,星見プロ,1557,16,235,2427000,10,10,10,10,10,10,10,10,80
T8W3G9VWA,とれいん,GKR9TEBYC,毎日がホリデイ♪,1591,13,237,2426000,10,10,10,10,10,10,10,10,80
FYK24K9Y1,卓球,HBUK6F7CC,乙宗梢なりきり部,1459,16,237,2426000,10,10,10,10,10,10,10,10,80
84CN09DR5,むすび,0TKFF5EG3,サークル名募集中,1631,14,239,2425000,10,10,10,10,10,10,10,10,80
IUC2M7CPB,スニャイパー,0UT59MJ8U,かほすこ同好会,1407,15,239,2425000,10,10,10,10,10,10,10,10,80
DPQ6HPBXJ,黒い秋,49AMYCXCD,ルドベキア,1663,5,241,2424000,10,10,10,10,10,10,10,10,80
VX6FL3EOS,ミミル,EYEPHE14G,花上梢頭,1575,18,241,2424000,10,10,10,10,10,10,10,10,80
YYC04U1FA,さく,G59NGM0XA,シュリーレン,852,3,243,2423000,10,10,10,10,10,10,10,10,80
LKY79HKFR,しらす,HE0GK3EPE,瑞蓮プロカ倶楽部,1691,18,243,2423000,10,10,10,10,10,10,10,10,80
M8KSSVGQS,ぎんこちゃ,PBRDPWEY1,村村会,1551,17,245,2422000,10,10,10,10,10,10,10,10,80
9MA0T8B65,たな,11FB0EDDT,スクステ同好会,1318,11,246,2421000,10,10,10,10,10,10,10,10,80
P4ZNDWHDA,どんき,GXR6C85BT,花帆ちゃん親衛隊,1661,18,246,2421000,10,10,10,10,10,10,10,10,80
UR8RH1ARX,ブクト,1BME38BCD,さすさやクラブ,1496,18,248,2420000,10,10,10,10,10,10,10,10,80
GTCTFL925,あじたま,9FF5JBNDF,めぐすきクラブ,1728,18,248,2420000,10,10,10,10,10,10,10,10,80
WL6FFE9FY,もょもと,EYN9H9N16,蓮すきすきクラブ,1630,17,250,2419000,10,10,10,10,10,10,10,10,80
30LH94C60,びん,GKR9TEBYC,毎日がホリデイ♪,1499,18,250,2419000,10,10,10,10,10,10,10,10,80
YXT22ACK2,honokaho,M8FM7P139,蓮ノ空ひとり旅部,1623,18,252,2418000,10,10,10,10,10,10,10,10,80
W51RD80OU,赤飯のごま塩,49AMYCXCD,ルドベキア,1630,15,252,2418000,10,10,10,10,10,10,10,10,80
QOE50Z9JA,フェス,49AMYCXCD,ルドベキア,1698,18,254,2417000,10,10,10,10,10,10,10,10,80
ZX04ZZ2IW,きく,YCTM6RYDP,金沢おでん同好会,1541,16,254,2417000,10,10,10,10,10,10,10,10,80
OR2FS00BH,あぼます,6045Y2RW7,ポチっと！蓮ノ空,1599,10,256,2416000,10,10,10,10,10,10,10,10,80
BTPB6DXYH,あ,CX967RTGY,おんゆあさーくる,1322,8,257,2415000,10,10,10,10,10,10,10,10,80
53RKA95PI,こはく,0TKFF5EG3,サークル名募集中,1504,18,258,2414000,10,10,10,10,10,10,10,10,80
H4VR0D1DV,そー,WN5B7VKPU,きんぴられんこん,1617,13,258,2414000,10,10,10,10,10,10,10,10,80
4XW60578K,さんだる,RKT7BC4F6,人形浄瑠璃乃,797,6,260,2413000,10,10,10,10,10,10,10,10,80
YVGO9EHKS,やたペン,HBM31HMUY,YUKIZURI,1536,16,260,2413000,10,10,10,10,10,10,10,10,80
DUGKFJTKX,松山 祐季,6XX7GBM0K,ぷちぐる同好会,1579,18,262,2412000,10,10,10,10,10,10,10,10,80
EQCWYNLEG,サ（・8・）グ,7R8NKPAB1,花帆推し倶楽部,1369,14,262,2412000,10,10,10,10,10,10,10,10,80
M6J593C9W,うらかつ,0TKFF5EG3,サークル名募集中,1675,17,264,2411000,10,10,10,10,10,10,10,10,80
3KVF51XYR,わかめ。,0UT59MJ8U,かほすこ同好会,1551,15,265,2410000,10,10,10,10,10,10,10,10,80
C772TTBCE,watt,CX967RTGY,おんゆあさーくる,1269,16,265,2410000,10,10,10,10,10,10,10,10,80
8GYTX89XA,夏はハロめぐ,PBRDPWEY1,村村会,1569,18,267,2409000,10,10,10,10,10,10,10,10,80
8AGBKMS6H,もっぴぃ,J7N4W6Y1K,こずミックラブ♡,1470,18,267,2409000,10,10,10,10,10,10,10,10,80
M3ANWTEQ1,"甘野老oNM,",73CBYJYB0,"oNM,",1683,16,269,2408000,10,10,10,10,10,10,10,10,80
J5XK1MALN,おやじぃ,Y2HV0YEF7,蓮ノ空を応援し隊,1391,18,269,2408000,10,10,10,10,10,10,10,10,80
OYC1JDGX9,417,N7GLY2RUW,百生銀行,1274,14,271,2407000,10,10,10,10,10,10,10,10,80
C5279V59A,oratorio,B5V2LNN43,WMW,1397,17,271,2407000,10,10,10,10,10,10,10,10,80
W9865YUF6,コクマロ,V4A5MP41E,徒町チャレンジ！,690,4,273,2406000,10,10,10,10,10,10,10,10,80
P4BD94K88,ﾛｰﾗ･ﾘﾙﾚ,HE0GK3EPE,瑞蓮プロカ倶楽部,1579,18,273,2406000,10,10,10,10,10,10,10,10,80
J4NN3D06A,斯波,3F9P3U95T,ଳ天地鱏明の空ଳ,1621,18,275,2405000,10,10,10,10,10,10,10,10,80
ZUIWXH7GR,オバタさん,VP0K6KF0K,蓮ノ空大好き!!,1695,15,276,2404000,10,10,10,10,10,10,10,10,80
FM1GCQSEE,Goona,M5LHG6R4T,乙宗動物園,1565,14,276,2404000,10,10,10,10,10,10,10,10,80
ZCN6JNO6H,Celica,11FB0EDDT,スクステ同好会,1684,12,278,2403000,10,10,10,10,10,10,10,10,80
DJICFWON6,ながのん,0TKFF5EG3,サークル名募集中,1417,17,278,2403000,10,10,10,10,10,10,10,10,80
K8XEDFZF2,だいこんばたけ,8R49BTWW6,蓮女お嬢様クラブ,1562,14,280,2402000,10,10,10,10,10,10,10,10,80
E98RC4JEB,ししまい,998H940YN,お嬢様筋トレ部,1487,18,280,2402000,10,10,10,10,10,10,10,10,80
LEWSH3WFU,ぷりぷり,GKR9TEBYC,毎日がホリデイ♪,1581,18,282,2401000,10,10,10,10,10,10,10,10,80
MDP0NBVAH,影02,1BME38BCD,さすさやクラブ,1568,18,283,2400000,10,10,10,10,10,10,10,10,80
WNK2YLKKY,なす,Y6JNPC60C,綴理メイト,1465,16,283,2400000,10,10,10,10,10,10,10,10,80
EY3R9SBM8,くぼT,1BME38BCD,さすさやクラブ,1509,16,285,2399000,10,10,10,10,10,10,10,10,80
AK6AYMM19,ごろよん,PBRDPWEY1,村村会,1567,16,285,2399000,10,10,10,10,10,10,10,10,80
AFMBX6BPP,我世の春が来た！,PBRDPWEY1,村村会,1460,13,287,2398000,10,10,10,10,10,10,10,10,80
D0L5338PN,ひろせ,M5LHG6R4T,乙宗動物園,1426,18,287,2398000,10,10,10,10,10,10,10,10,80
TF3P7YXVG,メンダコ,V4A5MP41E,徒町チャレンジ！,1552,15,289,2397000,9,10,10,9,10,10,10,10,78
L0HOC7EEE,子犬,YE7CX8RNP,蓮ノ大三十角ex,1556,8,289,2397000,10,10,10,10,10,10,10,10,80
GUAB3EU9H,くろこぶ,948FLPMPN,まったりハス煮〜,1424,2,291,2396000,10,10,10,10,10,10,10,10,80
ZNS2C16VP,トニー,WX1DYC9Y1,ラナンキュラス,1483,10,291,2396000,10,10,10,10,10,10,10,10,80
DT57UE7NP,たま,3BE2RELRC,見晴台,1483,7,293,2395000,10,10,10,10,10,10,10,10,80
15LURYMC1,ベルトーニ,WTJV514G9,蓮ノ空のお弁当屋,1694,16,293,2395000,10,10,10,10,10,10,10,10,80
JIKYKGGNX,ぬー,HBUK6F7CC,乙宗梢なりきり部,1481,15,295,2394000,10,10,10,10,10,10,10,10,80
DRSNNTTME,もや,YE7CX8RNP,蓮ノ大三十角ex,1629,6,295,2394000,10,10,10,10,10,10,10,10,80
Z2GPEFSMH,梁　豪怒,V4A5MP41E,徒町チャレンジ！,1626,8,297,2393000,10,10,10,10,10,10,10,10,80
67GP30NUW,yuba,RF5215M2U,スクステ同好会②,1668,14,297,2393000,10,10,10,10,10,10,10,10,80
5KXTYUA3E,タコ,KXU941RFJ,梢先輩おめでとう,1260,13,299,2392000,10,10,10,10,10,10,10,10,80
G9KZQ5RPT,あずまき,CTW8DKV5P,まったり,1281,7,299,2392000,10,10,10,10,10,10,10,10,80
4NF07ZA7K,ゆーさく,48BTAPMBG,蓮ノ空魔術部,1651,17,301,2391000,10,10,10,10,10,10,10,10,80
7JNX2DBCM,おぎくぼ,11FB0EDDT,スクステ同好会,1466,11,301,2391000,10,10,10,10,10,10,10,10,80
1Q6V88SU7,みどり,L3NN1RWMY,アポロベイ海賊団,1494,15,303,2390000,10,10,10,10,10,10,10,10,80
FK3XYRKA8,Kennyo,79C17CHA2,蓮ノ空出張部,1265,4,303,2390000,10,10,10,10,10,10,10,10,80
UPWIH0P3R,アルカナ,2B97MH4YA,同じ話し何回も…,1567,17,305,2389000,10,10,10,10,10,10,10,10,80
30CWC728L,naonao,2K5AM4RV0,とろぺりです,1330,16,306,2388000,10,10,10,10,10,10,10,10,80
0IEZ2HUX7,はる,HBM31HMUY,YUKIZURI,1503,18,306,2388000,10,10,10,10,10,10,10,10,80
AL804BYBX,はなぶさ,YE7CX8RNP,蓮ノ大三十角ex,1569,17,308,2387000,10,10,10,10,10,10,10,10,80
Z8YYF2JJZ,木崎拓人@ルリラ,X7C21B7H7,泥,1584,18,308,2387000,10,10,10,10,10,10,10,10,80
MY1FSZGKQ,カルビ,PBRDPWEY1,村村会,1488,16,310,2386000,10,10,10,10,10,10,10,10,80
MSIM39YXD,ヤシ,1BME38BCD,さすさやクラブ,1493,16,310,2386000,10,10,10,10,10,10,10,10,80
0STI22GS3,マウスル,RWARTHA1M,乙宗梢大好き部,1708,18,312,2385000,10,10,10,10,10,10,10,10,80
MYP7JNW3B,ほうじ茶,PBRDPWEY1,村村会,1457,18,312,2385000,10,10,10,10,10,10,10,10,80
A60CTPWTP,もっすん,WN5B7VKPU,きんぴられんこん,1631,18,314,2384000,10,10,10,10,10,10,10,10,80
OS5RF4SH8,ふら,GXR6C85BT,花帆ちゃん親衛隊,1564,15,314,2384000,10,10,10,10,10,10,10,10,80
X8CGHMUJO,さか,RFYKY8DCD,LA.LA.LA,1586,18,316,2383000,10,10,10,10,10,10,10,10,80
ME00V6X4B,オラトニス,3F9P3U95T,ଳ天地鱏明の空ଳ,1686,18,316,2383000,10,10,10,10,10,10,10,10,80
4FC73IGQN,Suguya,0UT59MJ8U,かほすこ同好会,1410,17,318,2382000,10,10,10,10,10,10,10,10,80
L2WFYHDCX,khani,0TKFF5EG3,サークル名募集中,1306,18,318,2382000,10,10,10,10,10,10,10,10,80
JAG81QH05,たらみ,GXR6C85BT,花帆ちゃん親衛隊,1596,15,320,2381000,10,10,10,10,10,10,10,10,80
34QCZTDD9,ベルりん,J8HXTJ8TB,流し素麺同好会,1559,17,320,2381000,10,10,10,10,10,10,10,10,80
22F9H0NK0,かじみん,JTX1G19BP,さやかほ癒し会,1577,17,322,2380000,10,10,10,10,10,10,10,10,80
TF32F8ZP2,ヨツヤマン,0TKFF5EG3,サークル名募集中,1467,11,322,2380000,10,10,10,10,10,10,10,10,80
J6Y8G6LWT,ざわ,48BTAPMBG,蓮ノ空魔術部,1320,2,324,2379000,10,10,10,10,10,10,10,10,80
1BNGCP38U,kino,W26TRPM1R,めぐ党藤島派,1420,11,324,2379000,10,10,10,10,10,10,10,10,80
7Y91YGHL0,taka,2NY9H8BR9,乙宗紅茶館,1156,10,326,2378000,10,10,10,10,10,10,10,10,80
UGL8LNHRY,シグマ隊長,HBUK6F7CC,乙宗梢なりきり部,1677,18,326,2378000,10,10,10,10,10,10,10,10,80
JCTUKGY3G,あら…♡がみ,KW0RM1LEP,はすっこくらぶ,1486,18,328,2377000,10,10,10,10,10,10,10,10,80
AHTUCR3W8,ワタ,YFADYJVW4,FPS好きクラブ,1356,17,329,2376000,10,10,10,10,10,10,10,10,80
F8BJC61BY,全力幼_女,3HDDYR4FU,旅人,1608,18,330,2375000,10,10,10,10,10,10,10,10,80
7YZUF27YY,ユウキ,11FB0EDDT,スクステ同好会,1642,15,330,2375000,10,10,10,10,10,10,10,10,80
DP15KUDDM,やゆ,49AMYCXCD,ルドベキア,1340,15,332,2374000,10,10,10,10,10,10,10,10,80
BMM78P2WR,(・8・),M5LHG6R4T,乙宗動物園,1572,18,332,2374000,10,10,10,10,10,10,10,10,80
0Y3QCF38L,月よみくらげ,M5LHG6R4T,乙宗動物園,1718,12,334,2372000,10,10,10,10,10,10,10,10,80
UFXL4JKYR,そら。,JDAG79TG7,百合ノ空観察部,1337,16,334,2372000,10,10,10,10,10,10,10,10,80
P3REY1R5J,いがらし,6XX7GBM0K,ぷちぐる同好会,671,1,336,2371000,10,5,10,10,9,7,10,10,71
MLCB48E70,はま,GR65FP8VN,蓮好き,1313,18,336,2371000,10,10,10,10,10,10,10,10,80
MNUBWRC8C,でした。,R1RM3X0WV,後方腕組みオタク,1398,18,338,2370000,10,10,10,10,10,10,10,10,80
P4LVRKG9L,ツキミ,RFYKY8DCD,LA.LA.LA,1575,15,338,2370000,10,10,10,10,10,10,10,10,80
PZPKKFNZ5,Asuha,0UT59MJ8U,かほすこ同好会,1618,18,340,2369000,10,10,10,10,10,10,10,10,80
K8XN5UVA3,ツインドアノブ,W26TRPM1R,めぐ党藤島派,1476,13,340,2369000,10,10,10,10,10,10,10,10,80
3BU4KGTMM,いもたん,1DU9LCND7,蓮ノ空すこやか部,1225,15,342,2368000,10,10,10,10,10,10,10,10,80
HY934N56T,ハタチです♡,0TKFF5EG3,サークル名募集中,1599,17,342,2368000,10,10,10,10,10,10,10,10,80
8KGF3M6WJ,青春サブリミナル,EYN9H9N16,蓮すきすきクラブ,1699,16,344,2367000,10,10,10,10,10,10,10,10,80
T8IMQLFKA,Alkaid,FH7G62PKW,月火水木金土日,1399,8,344,2367000,10,10,10,10,10,10,10,10,80
PFLJMTJPB,カリウム,RXXUPMWB9,待機室跡地観測所,1463,9,346,2366000,10,10,10,10,10,10,10,10,80
QZCRZT8AR,輝く流星,J7N4W6Y1K,こずミックラブ♡,1338,15,346,2366000,10,10,10,10,10,10,10,10,80
838S79KWG,うぇい,XGK5TRHBA,パチ○コ錬金術部,1640,14,348,2365000,10,10,10,10,10,10,10,10,80
2VR7UEKP9,れあそん,R181MKNX1,みらくらは人生！,1136,4,348,2365000,10,10,10,10,10,10,10,10,80
UMVKT7BBJ,ゆ,RWARTHA1M,乙宗梢大好き部,1472,17,350,2364000,10,10,10,10,10,10,10,10,80
NOBSSQRBX,パタポン,1BME38BCD,さすさやクラブ,1466,16,350,2364000,10,10,10,10,10,10,10,10,80
W19UTKDEB,わし村長,2B97MH4YA,同じ話し何回も…,954,0,352,2363000,10,10,10,10,10,10,10,10,80
12GTXCH5V,Juice,7XH3K4GBT,LLP,1515,18,352,2363000,10,10,10,10,10,10,10,10,80
UYWXG3CKZ,はすた,PBRDPWEY1,村村会,1540,17,354,2362000,10,10,10,10,10,10,10,10,80
MW0E12KWR,ふーさん,43HRXMXWA,無言OKクラブ,1384,12,354,2362000,10,10,10,10,10,10,10,10,80
L13896J13,XLD,NC2YT2V28,蓮之愛同予者何人,1428,18,356,2361000,10,10,10,10,10,10,10,10,80
LXWED1VJN,葉山球磨,R181MKNX1,みらくらは人生！,1333,6,356,2361000,10,10,10,10,10,10,10,10,80
DJFBBUV8E,トルコ,WN5B7VKPU,きんぴられんこん,1693,18,358,2360000,10,10,10,10,10,10,10,10,80
XBQ9DY9FG,店長,WN5B7VKPU,きんぴられんこん,1624,16,358,2360000,10,10,10,10,10,10,10,10,80
G1BN34PKO,ぽんざしらふ,9YM3DBTB7,泥民館,1422,17,360,2359000,10,10,10,10,10,10,10,10,80
9QO93VCZF,蓮ノ沼の泥,HBM31HMUY,YUKIZURI,1549,12,360,2359000,10,10,10,10,10,10,10,10,80
XCRX2GAFB,なる,WN5B7VKPU,きんぴられんこん,1606,18,362,2358000,10,10,10,10,10,10,10,10,80
IEBYCC1D7,わらび餅,RFYKY8DCD,LA.LA.LA,1597,14,362,2358000,10,10,10,10,10,10,10,10,80
DPX63EYA8,きんぎょ,GPKTRBCTT,騎空団蓮ノ空支部,1526,5,364,2357000,10,10,10,10,10,10,10,10,80
WKO5MRT84,NANA,7R8NKPAB1,花帆推し倶楽部,1444,17,365,2356000,10,10,10,10,10,10,10,10,80
0GN74WMV4,にしきた,8JMW9G2XW,僕らのリンクラ！,1264,10,365,2356000,10,10,10,10,10,10,10,10,80
DPNPWAUOQ,たにー,WN5B7VKPU,きんぴられんこん,1659,17,367,2355000,10,10,10,10,10,10,10,10,80
128RLH2UB,脱兎ちゃん,0TKFF5EG3,サークル名募集中,1441,17,367,2355000,10,10,10,10,10,10,10,10,80
MT9XVRL4Y,レプリカ,11FB0EDDT,スクステ同好会,1502,17,369,2354000,10,10,10,10,10,10,10,10,80
BRJ0XWX77,しいのき,V4A5MP41E,徒町チャレンジ！,1726,18,369,2354000,10,10,10,10,10,10,10,10,80
AT03UHE11,えむ,25PMPEMG7,星見プロ,1481,17,371,2353000,10,10,10,10,10,10,10,10,80
TD60MU94M,チロリン,RFYKY8DCD,LA.LA.LA,1360,9,371,2353000,10,10,10,10,10,10,10,10,80
4FXRWMBBX,とるえん,M6UPWJ6DU,蓮結ぶ虹と星の音,1128,17,373,2352000,10,10,10,10,10,10,10,10,80
K58KYI7W9,さわ,0UT59MJ8U,かほすこ同好会,1450,12,373,2352000,10,10,10,10,10,10,10,10,80
1KEVDVFF9,のら,WN5B7VKPU,きんぴられんこん,1487,11,375,2351000,10,10,10,10,10,10,10,10,80
G810HEJUA,Est,0UT59MJ8U,かほすこ同好会,1180,2,375,2351000,10,10,10,10,10,10,10,10,80
A1YL665HX,dai,YCTM6RYDP,金沢おでん同好会,1488,17,377,2350000,10,10,10,10,10,10,10,10,80
KTPM67B8E,きしめん,2NY9H8BR9,乙宗紅茶館,1064,10,377,2350000,10,10,10,10,10,10,10,10,80
EMFP5HG3T,さりっく,GXR6C85BT,花帆ちゃん親衛隊,1705,18,379,2349000,10,10,10,10,10,10,10,10,80
XTSJ3L8IV,Liba,FC8NBAJBT,ラー麺二郎金沢店,1434,17,379,2349000,10,10,10,10,10,10,10,10,80
A3GT3EAPG,ichiro_j,0TKFF5EG3,サークル名募集中,1600,18,381,2348000,10,10,10,10,10,10,10,10,80
YJWW44VBR,ひの,RWARTHA1M,乙宗梢大好き部,1503,11,381,2348000,10,10,10,10,10,10,10,10,80
OKGTPXFZ3,くのｗ,RFYKY8DCD,LA.LA.LA,1454,15,383,2347000,10,10,10,10,10,10,10,10,80
428BS936U,ふじさき,RFYKY8DCD,LA.LA.LA,1519,11,383,2347000,10,10,10,10,10,10,10,10,80
A3GLXU3RH,こずかほ♡両想い,J7N4W6Y1K,こずミックラブ♡,1548,18,385,2346000,10,10,10,10,10,10,10,10,80
ZVZS6JQ72,だてまき,0UT59MJ8U,かほすこ同好会,1395,12,385,2346000,10,10,10,10,10,10,10,10,80
E1FUAMAEG,日野下・K・アホ,HBM31HMUY,YUKIZURI,1437,18,387,2345000,10,10,10,10,10,10,10,10,80
NJVVKGXSK,FUMINEJI,WN5B7VKPU,きんぴられんこん,1566,17,387,2345000,10,10,10,10,10,10,10,10,80
GNDIUMDF7,いかるが,JE7V5MM31,蓮ノ沼に沈んだ泥,1445,9,389,2344000,10,10,10,10,10,10,10,10,80
ZR84BMV8Z,アヒル太郎,RWARTHA1M,乙宗梢大好き部,1338,15,389,2344000,10,10,10,10,10,10,10,10,80
BUUM86UR6,葉月,7U20138DB,LGP,1264,5,391,2343000,10,10,10,10,10,10,10,10,80
LNTJFQNJ4,雪人,V6DV6KETG,梢好き好きクラブ,1474,10,391,2343000,10,10,10,10,10,10,10,10,80
SE59OH0DG,スプリング,X7C21B7H7,泥,1625,18,393,2342000,10,10,10,10,10,10,10,10,80
9RV301LEB,いもむし,GXR6C85BT,花帆ちゃん親衛隊,1552,16,393,2342000,10,10,10,10,10,10,10,10,80
XBC259K8X,メガネ,11FB0EDDT,スクステ同好会,1481,18,395,2341000,10,10,10,10,10,10,10,10,80
FB3TU21W2,二代目モリゾーン,R181MKNX1,みらくらは人生！,1327,6,395,2341000,10,10,10,10,10,10,10,10,80
KJ69D4PA4,ぱん,G59NGM0XA,シュリーレン,1435,18,397,2340000,10,10,10,10,10,10,10,10,80
4T25D1T60,S,WTJV514G9,蓮ノ空のお弁当屋,1210,18,397,2340000,10,10,10,10,10,10,10,10,80
7H7MISFID,花嫁,B5V2LNN43,WMW,1318,14,399,2339000,10,10,10,10,10,10,10,10,80
M13CTUF6N,ニール,49AMYCXCD,ルドベキア,1601,17,399,2339000,10,10,10,10,10,10,10,10,80
1CWT30PGP,花宮家の執事,MTBP3B4GM,ふらわーすきすき,1324,15,401,2338000,10,10,10,10,10,10,10,10,80
V6X4BPJ37,SHIRO,G59NGM0XA,シュリーレン,1477,17,401,2338000,10,10,10,10,10,10,10,10,80
Y9DYX1NH0,よも,7R8NKPAB1,花帆推し倶楽部,1128,14,403,2337000,10,10,10,10,10,10,10,10,80
XDYHQD918,いか,8P39YRA1L,慈と愉快な仲間達,1548,14,403,2337000,10,10,10,10,10,10,10,10,80
VP8ALT1CU,どら,48BTAPMBG,蓮ノ空魔術部,1485,18,405,2336000,10,10,10,10,10,10,10,10,80
G9KY68ADP,よっしー,JE7V5MM31,蓮ノ沼に沈んだ泥,1348,1,405,2336000,10,10,10,10,10,10,10,10,80
T0AGDWEPM,ゆゆ,CX967RTGY,おんゆあさーくる,1548,16,407,2335000,10,10,10,10,10,10,10,10,80
UA5OC8495,zth,1BME38BCD,さすさやクラブ,1636,18,407,2335000,10,10,10,10,10,10,10,10,80
EIKH27TI8,あおはる,GKR9TEBYC,毎日がホリデイ♪,1516,18,409,2334000,10,10,10,10,10,10,10,10,80
4NT0CHOHL,みそしる,KBJ2P8T0Y,人見知りの集い,1311,16,409,2334000,10,10,10,10,10,10,10,10,80
O0GB1GF3V,リンクラユーザー,KULVP7FDR,アニマル分室,1210,15,411,2333000,10,10,10,10,10,10,10,10,80
QME72YK24,かん,HBM31HMUY,YUKIZURI,1380,6,411,2333000,10,10,10,10,10,10,10,10,80
NXVRLTLHM,たわし,FG5VFFNRK,蓮ノ空おじさん,1030,7,413,2332000,10,10,10,10,10,10,10,10,80
ZYR6MKI25,Larkspur,2K5AM4RV0,とろぺりです,1463,14,413,2332000,10,10,10,10,10,10,10,10,80
3U8FCLD8W,すけ,HBM31HMUY,YUKIZURI,1471,18,415,2331000,10,10,10,10,10,10,10,10,80
1383YAX38,ぴゅーぱ,CX967RTGY,おんゆあさーくる,1030,2,415,2331000,10,10,10,10,10,10,10,10,80
SSDM1G282,ポポノタン,9DKR4Y2CJ,蓮ノ空老人会,1620,4,417,2330000,10,10,10,10,10,10,10,10,80
LWPHMPLJH,日向 みのり,05KN1RR3U,さやかほ花卉園,1627,18,418,2329000,10,10,10,10,10,10,10,10,80
UYBPPXGKU,37.25秒の噺,HBM31HMUY,YUKIZURI,1354,18,418,2329000,10,10,10,10,10,10,10,10,80
96LVLF86T,リョウ,2ULM366U6,毎日がエブリデイ,1429,10,420,2328000,10,10,10,10,10,10,10,10,80
7H3BAMLW2,ヌメルゥ,6XX7GBM0K,ぷちぐる同好会,1262,18,420,2328000,10,10,10,10,10,10,10,10,80
FXV4MF78E,小湊,2K5AM4RV0,とろぺりです,1138,6,422,2327000,10,10,10,10,10,10,10,10,80
0HPLRU7YX,すみたく,KT4C59NXG,めぐ島,1481,18,422,2327000,10,10,10,10,10,10,10,10,80
71Z6P5FC1,すつ,YCTM6RYDP,金沢おでん同好会,1644,17,424,2326000,10,10,10,10,10,10,10,10,80
KPW0D8CBK,F0X,GKR9TEBYC,毎日がホリデイ♪,829,5,424,2326000,10,10,10,10,10,10,10,10,80
Z6HFTNKK7,エクレ★,8P39YRA1L,慈と愉快な仲間達,1370,16,426,2325000,10,10,10,10,10,10,10,10,80
INAGE6AD9,halxiel,YE7CX8RNP,蓮ノ大三十角ex,1530,13,426,2325000,10,10,10,10,10,10,10,10,80
DXN1X5JYF,ここのん,W26TRPM1R,めぐ党藤島派,1342,5,428,2324000,10,10,10,10,10,10,10,10,80
6JQ56RZXR,たまご,YCTM6RYDP,金沢おでん同好会,1546,13,428,2324000,10,10,10,10,10,10,10,10,80
9I1VJ6KP7,MYAS,0TKFF5EG3,サークル名募集中,1425,18,430,2323000,10,10,10,10,10,10,10,10,80
U9WAMY512,やこ,AH27N260E,百生信託銀行,1273,15,430,2323000,10,10,10,10,10,10,10,10,80
55RNEC0DG,【ギュウひ】,0TKFF5EG3,サークル名募集中,1270,9,432,2322000,10,10,10,10,10,10,10,10,80
PHXKAE0L7,カタヒデ,WTJV514G9,蓮ノ空のお弁当屋,1179,12,432,2322000,10,10,10,10,10,10,10,10,80
RZ9ER2MW0,ソルティ,YCTM6RYDP,金沢おでん同好会,1582,18,434,2321000,10,10,10,10,10,10,10,10,80
C9DT5IUUS,みしゃにー,GYG7B5R36,幼馴染同好会,1456,18,434,2321000,10,10,10,10,10,10,10,10,80
AMWA5QPIS,かみきれ,W26TRPM1R,めぐ党藤島派,1679,15,436,2320000,10,10,10,10,10,10,10,10,80
72CKW0EAA,にっぴー,PBRDPWEY1,村村会,1318,14,437,2319000,10,10,10,10,10,10,10,10,80
4Q0YTUKN1,こうちき,RWARTHA1M,乙宗梢大好き部,1246,17,437,2319000,10,10,10,10,10,10,10,10,80
LXROXCRPX,たな,RFYKY8DCD,LA.LA.LA,1610,16,439,2318000,10,10,10,10,10,10,10,10,80
7RKDSBKXW,あらさん,11FB0EDDT,スクステ同好会,1503,12,439,2318000,10,10,10,10,10,10,10,10,80
0FFKIEWPN,yn,0UT59MJ8U,かほすこ同好会,1689,18,441,2317000,10,10,10,10,10,10,10,10,80
L7JJ2A0Y8,たっつん,KXU941RFJ,梢先輩おめでとう,1519,15,441,2317000,10,10,10,10,10,10,10,10,80
7U92CFGRY,フラジャイル,FTY0R8KPH,泥の皆様,1287,5,443,2316000,10,10,10,10,10,10,10,10,80
M4WB1E4M0,なげねこ,4RY75CKM4,LLすこ部　メ募,1273,13,443,2316000,10,10,10,10,10,10,10,10,80
L12MNBJAH,なす,FC8NBAJBT,ラー麺二郎金沢店,1327,16,445,2315000,10,8,8,6,10,10,7,7,66
MHUB8095B,どらろー,3F9P3U95T,ଳ天地鱏明の空ଳ,1448,15,445,2315000,10,10,10,10,10,10,10,10,80
L8ABK1O0Y,きゃわ,CX967RTGY,おんゆあさーくる,1565,17,447,2314000,10,10,10,10,10,10,10,10,80
FYG0EH5AJ,R’s八重歯,W26TRPM1R,めぐ党藤島派,1605,17,448,2313000,10,10,10,10,10,10,10,10,80
T3QL9JKGZ,だ,W26TRPM1R,めぐ党藤島派,1445,13,448,2313000,10,10,10,10,10,10,10,10,80
X9YMNH0G0,青いぷるぷる,MTBP3B4GM,ふらわーすきすき,1320,18,450,2312000,10,10,10,10,10,10,10,10,80
318D0NMN0,たまちゃん,4XRHRYDW4,無言でエンジョイ,1394,8,450,2312000,10,10,10,10,10,10,10,10,80
UR13L7CL8,いっけん,YCTM6RYDP,金沢おでん同好会,1527,10,452,2311000,10,10,10,10,10,10,10,10,80
FUURA79AK,うっちー,G59NGM0XA,シュリーレン,1394,18,452,2311000,10,10,10,10,10,10,10,10,80
CNYNTNH9V,鎖骨にワイバーン,25PMPEMG7,星見プロ,1335,4,454,2310000,10,10,10,10,10,10,10,10,80
7DWBCEDH5,無責任,HBUK6F7CC,乙宗梢なりきり部,1546,17,454,2310000,10,10,10,10,10,10,10,10,80
XGOPXK6EF,ヲタン,49AMYCXCD,ルドベキア,1457,8,456,2309000,10,10,10,10,10,10,10,10,80
M1NJG8HHY,城之内ファイヤー,6XX7GBM0K,ぷちぐる同好会,701,2,456,2309000,10,10,10,10,10,10,10,10,80
DBMUT6YCX,キリ,V8XX999F6,卍蓮村幼稚園卍,1240,13,458,2308000,10,10,10,10,10,10,10,10,80
BFY0CMXKL,ヨミ,CM5THHYHB,「」ノ空だけれど,1573,18,458,2308000,10,10,10,10,10,10,10,10,80
6W15T8F42,しう,PBRDPWEY1,村村会,1577,17,460,2307000,9,9,10,9,10,10,9,10,76
F53XY7P9Y,ゆきち,BCJRMHE75,梢すきすきクラブ,1522,18,461,2306000,10,10,10,10,10,10,10,10,80
1A89S5KW0,流布,11FB0EDDT,スクステ同好会,1541,17,461,2306000,10,10,10,10,10,10,10,10,80
4L6ELEBZY,さやかほ世界平和,0TKFF5EG3,サークル名募集中,1561,18,463,2305000,10,10,10,10,10,10,10,10,80
7A2IGCZZY,のぐまん,RFYKY8DCD,LA.LA.LA,1558,11,464,2304000,10,10,10,10,10,10,10,10,80
FV1BRF9X0,あべこーorz,8M6UDX260,ぽけもん好き,1518,18,464,2304000,10,10,10,10,10,10,10,10,80
WH8K6WY43,小枝あずき,YE7CX8RNP,蓮ノ大三十角ex,1584,11,466,2303000,10,10,10,10,10,10,10,10,80
ELMA5YEX1,Z宗木肖,7U20138DB,LGP,1341,18,466,2303000,10,10,10,10,10,10,10,10,80
3TMJPAKPH,saklas,ABALH0AL3,楽園計画,1364,5,468,2302000,10,10,10,10,10,10,10,10,80
E2GK0KCVM,おこめろ,CX967RTGY,おんゆあさーくる,1304,17,468,2302000,10,10,10,10,10,10,10,10,80
530X3N5VB,らみん,0UT59MJ8U,かほすこ同好会,1591,18,470,2301000,10,10,10,10,10,10,10,10,80
E660BE5X1,ロコモコ丼,6045Y2RW7,ポチっと！蓮ノ空,1648,18,471,2300000,10,10,10,10,10,10,10,10,80
HUB5MJ94Z,よたろう,HBUK6F7CC,乙宗梢なりきり部,1439,16,471,2300000,10,10,10,10,10,10,10,10,80
C3F3E5F3Y,TATSUYA,RWARTHA1M,乙宗梢大好き部,1167,16,473,2299000,10,9,10,9,10,10,10,10,78
2P67B42VC,みっける,5KK3DFY18,MUGEN∞,1425,6,473,2299000,10,10,10,10,10,10,10,10,80
EFRYPXCJ6,はる,JDAG79TG7,百合ノ空観察部,1478,18,475,2298000,10,10,10,10,10,10,10,10,80
ODE064I6J,ちあき,PBRDPWEY1,村村会,1512,14,475,2298000,10,10,10,10,10,10,10,10,80
EWJNDLVTH,豆苗,RWARTHA1M,乙宗梢大好き部,1022,12,477,2297000,10,10,10,10,10,10,10,10,80
9NJQWNFN2,としひら,T045NDKW0,♬さやか愛好会♬,1475,15,477,2297000,10,10,10,10,10,10,10,10,80
4T6CLBPT1,かいじんさん,TXNCTRR1U,瑠璃乃推し隊,1506,18,479,2296000,10,10,10,10,10,10,10,10,80
Y3H9THE4J,すくなめ,MTBP3B4GM,ふらわーすきすき,1184,15,479,2296000,10,10,10,10,10,10,10,10,80
AM452HHNN,ゆりし,LUDNM40F8,ふくふく無言OK,1474,5,481,2295000,10,10,10,10,10,10,10,10,80
TVR55LRDJ,ナオお姉ちゃん,CV62FGL1U,花咲かせ隊,1426,16,481,2295000,10,10,10,10,10,10,10,10,80
RGE7T0KWP,なるるる,E7UBFLW56,同好会の同好会,1580,12,483,2294000,10,10,10,10,10,10,10,10,80
F2KGTW1YD,片岡,V4A5MP41E,徒町チャレンジ！,1298,11,483,2294000,10,10,10,10,10,10,10,10,80
PK3AW6240,わやちよ,R9T0YKDW8,バブまち応援隊,1593,13,485,2293000,10,10,10,10,10,10,10,10,80
VKR2DFGE5,ふーとー,L3NN1RWMY,アポロベイ海賊団,1080,13,486,2292000,10,10,10,10,10,10,10,10,80
84U35FCIX,じゃじゃ,YCTM6RYDP,金沢おでん同好会,1670,13,486,2292000,10,10,10,10,10,10,10,10,80
00P6ZFILR,でにっしゅ,RFYKY8DCD,LA.LA.LA,1394,17,488,2291000,10,10,10,10,10,10,10,10,80
YDKMAKH51,Casi,G0J2F9NAL,さやさやさーくる,1002,8,488,2291000,9,8,9,7,9,9,7,10,68
ZYVGB70CC,かすが,JDAG79TG7,百合ノ空観察部,1596,18,490,2290000,10,10,10,10,10,10,10,10,80
7QB6E4OJB,生きる希望,V4A5MP41E,徒町チャレンジ！,1392,16,490,2290000,10,10,10,10,10,10,10,10,80
3VFDT3710,ピョコ,HBK6KCRPP,無言でおけ,1573,18,492,2289000,10,10,10,10,10,10,10,10,80
BWK68GGBD,風紀,CX967RTGY,おんゆあさーくる,1378,10,492,2289000,10,10,10,10,10,10,10,10,80
CVXKBWCNR,あしる,FC8NBAJBT,ラー麺二郎金沢店,1485,17,494,2288000,10,10,10,10,10,10,10,10,80
04TRE8XUQ,kuro,WTJV514G9,蓮ノ空のお弁当屋,1537,18,494,2288000,10,10,10,10,10,10,10,10,80
FYCBDQWGV,コトブキ,AXG81GPMP,蓮ノ空マタギ部,1428,14,496,2287000,10,10,10,10,10,10,10,10,80
UWTH7CJXX,アウル,GXR6C85BT,花帆ちゃん親衛隊,1294,17,496,2287000,10,10,10,10,10,10,10,10,80
X78ZIRY1X,とく,R1RM3X0WV,後方腕組みオタク,861,0,498,2286000,10,10,10,10,10,10,10,10,80
JANW6MPL2,ゆっぴー,GW4CH70HK,TKG同好会,1399,15,498,2286000,10,10,10,10,10,10,10,10,80
2BYYVT3XU,sou918,RWARTHA1M,乙宗梢大好き部,1383,18,500,2285000,10,10,10,10,10,10,10,10,80
K44BPYK0F,まーほむ,1H5P6KV81,さやかの水着,1421,16,501,2284000,10,10,10,10,10,10,10,10,80
79D79HTEC,いっちー,D7H8MN2U4,LLD,1323,12,501,2284000,10,10,10,10,10,10,10,10,80
8AYYRWFO5,ちゃー,WN5B7VKPU,きんぴられんこん,1423,7,503,2283000,10,10,10,10,10,10,10,10,80
8D5D6WZ5N,ptyx,V7768X8AC,せーので！,1357,14,503,2283000,10,10,10,10,10,10,10,10,80
7L6LDY5MT,handaeun,YE7CX8RNP,蓮ノ大三十角ex,1723,18,505,2282000,9,8,10,9,9,9,10,9,73
YUI8OT8S0,つっつー,YE7CX8RNP,蓮ノ大三十角ex,1597,17,505,2282000,10,10,10,10,10,10,10,10,80
FDXBWBH2B,あおっち,11FB0EDDT,スクステ同好会,1424,1,507,2281000,10,10,10,10,10,10,10,10,80
4YU95R6BA,ティー,RF5215M2U,スクステ同好会②,902,8,507,2281000,10,10,10,10,10,10,10,10,80
G6A7YVWN8,「」のどか,TBX7N9RK5,つよつよなLH,1229,15,509,2280000,10,10,10,10,10,10,10,10,80
05WAW9MLV,かぼす,7JXPBNKNK,蓮根,1493,18,509,2280000,10,10,10,10,10,10,10,10,80
853WW4G3Q,ねぺりん,JE7V5MM31,蓮ノ沼に沈んだ泥,1493,15,511,2279000,10,10,10,10,10,10,10,10,80
G35B741AK,矢澤,YE7CX8RNP,蓮ノ大三十角ex,1425,0,511,2279000,10,10,10,10,10,10,10,10,80
CK5EUDC61,茶トラマンチ,9UKKACGDU,蓮っ子CLUB,1536,18,513,2278000,10,10,10,10,10,10,10,10,80
9DN39ABXR,じぐないん,RWARTHA1M,乙宗梢大好き部,1578,13,513,2278000,10,10,10,10,10,10,10,10,80
GGFPWA50K,ゆ～仮,9YG7C0VM7,綴理と無言で昼寝,1606,18,515,2277000,10,10,10,10,10,10,10,10,80
NOB5KDBV6,しる220,0UT59MJ8U,かほすこ同好会,1515,15,515,2277000,10,10,10,9,10,10,10,10,79
ODYS8N8GB,でこぽん,948FLPMPN,まったりハス煮〜,1688,18,517,2276000,10,10,10,10,10,10,10,10,80
EEOUGZ125,黎,6H800PBV7,新鮮館,1389,8,517,2276000,10,10,10,10,10,10,10,10,80
PTYM2DQMT,NOP,V26546K3D,乙宗気合筋肉,1267,18,519,2275000,10,10,10,10,10,10,10,10,80
F0546GHPH,ようへい,V4A5MP41E,徒町チャレンジ！,1443,1,519,2275000,10,10,10,10,10,10,10,10,80
ENNG3E699,アルマテンダー,GVT61ATX0,なのだけれど,1263,15,521,2274000,10,10,10,10,10,10,10,10,80
SMHTGNN80,ブルー,1BME38BCD,さすさやクラブ,1585,18,521,2274000,10,10,10,10,10,10,10,10,80
15PLUIMFQ,まよ,GMEF2K8DL,花咲く泥も好き²,1521,15,523,2272000,10,10,10,10,10,10,10,10,80
MEY2VRMU0,あかよ,48BTAPMBG,蓮ノ空魔術部,1344,18,523,2272000,10,10,10,10,10,10,10,10,80
1908GAXUT,source,CV62FGL1U,花咲かせ隊,1598,18,525,2271000,10,10,10,10,10,10,10,10,80
48C2DLNJY,鬼ヘッド,W3YKKRWHG,ルリと愉快な一家,1675,18,526,2270000,10,10,10,10,10,10,10,10,80
JFND2KZVS,ルビジウム,06DCWC1RE,とりあえず参戦用,1567,18,526,2270000,10,10,10,10,10,10,10,10,80
E0H7KX5F4,ひこ,HBUK6F7CC,乙宗梢なりきり部,1335,5,528,2269000,10,10,10,10,10,10,10,10,80
UUHBT43RB,あずきんご,6XX7GBM0K,ぷちぐる同好会,1360,15,528,2269000,10,10,10,10,10,10,10,10,80
WLUXAH66F,りじ,0TKFF5EG3,サークル名募集中,1338,16,530,2268000,10,10,10,10,10,10,10,10,80
U657JMLE5,hash,B5V2LNN43,WMW,1718,18,530,2268000,10,10,10,10,10,10,10,10,80
NG3YLD3WC,たそーら,73CBYJYB0,"oNM,",1405,13,532,2267000,10,10,10,10,10,10,10,10,80
UMFT579PG,さやさや・・・,CX967RTGY,おんゆあさーくる,1338,17,532,2267000,10,9,10,8,10,10,5,9,71
U587LWLVX,やきたこ,YE7CX8RNP,蓮ノ大三十角ex,1204,9,534,2266000,10,10,10,10,10,10,10,10,80
262K8V3H2,スノーグローブ,R181MKNX1,みらくらは人生！,1334,16,534,2266000,10,10,10,10,10,10,10,10,80
6S3ITIIR2,麒麟,F08AHUJJ0,綴理のお世話係,1533,6,536,2265000,10,10,10,10,10,10,10,10,80
5RR480B4E,らび,G0J2F9NAL,さやさやさーくる,1397,13,536,2265000,9,10,10,10,10,10,10,10,79
5XM2YS0UU,KUNA,948FLPMPN,まったりハス煮〜,1264,9,538,2264000,10,10,10,10,10,10,10,10,80
LA25WU4LR,ジマリン,L3NN1RWMY,アポロベイ海賊団,1356,9,538,2264000,10,10,10,10,10,10,10,10,80
YIGSDJFDL,ジョン,YCTM6RYDP,金沢おでん同好会,1562,15,540,2263000,10,10,10,10,10,10,10,10,80
VU51D4VVW,エイカ,25PMPEMG7,星見プロ,1262,16,541,2262000,10,10,10,10,10,10,10,10,80
12Y4UB4XJ,かぴたる,49AMYCXCD,ルドベキア,1526,16,541,2262000,10,10,10,10,10,10,10,10,80
U5GTP9WG6,たびせみ,1UBNNHVLG,蓮箱推し（仮）,1638,18,543,2261000,10,10,10,10,10,10,10,9,79
NLM0VLA6W,♥♠ブイヨン♦♣,11FB0EDDT,スクステ同好会,1460,8,543,2261000,10,10,10,10,10,10,10,10,80
V7DTQN04B,タク,CX967RTGY,おんゆあさーくる,1401,15,545,2260000,10,10,10,10,10,10,10,10,80
YI2HLRX0W,リベルテ,RWARTHA1M,乙宗梢大好き部,1541,17,545,2260000,10,10,10,10,10,10,10,10,80
CT20NMUBK,がんちゃん,998H940YN,お嬢様筋トレ部,1186,11,547,2259000,10,10,10,10,10,10,10,10,80
2288GCGEH,ふへほはひさん,EYN9H9N16,蓮すきすきクラブ,1712,16,547,2259000,10,10,10,10,10,10,10,10,80
CK49KFTJ1,こーどどどーん,RXXUPMWB9,待機室跡地観測所,1263,16,549,2258000,10,10,10,10,10,10,10,10,80
0W5L2RJA3,ゆりしす,WN5B7VKPU,きんぴられんこん,1541,13,549,2258000,10,10,10,10,10,10,10,10,80
2KWBH4L96,ぽけ,KXU941RFJ,梢先輩おめでとう,1568,10,551,2257000,10,10,10,10,10,10,10,10,80
EV124MBVX,てんnew,RF5215M2U,スクステ同好会②,1278,18,551,2257000,10,10,10,10,10,10,10,10,80
3ERHHM2GL,ホンマちゃん,7XH3K4GBT,LLP,1004,6,553,2256000,10,10,10,10,10,10,10,10,80
AJ713D5X4,キョウ,RFYKY8DCD,LA.LA.LA,1469,3,553,2256000,10,10,10,10,10,10,10,10,80
A5PDNTPN2,ゴツゴツのアハン,V4A5MP41E,徒町チャレンジ！,1397,4,555,2255000,10,10,10,10,10,10,10,10,80
I05B7B0OX,ぷちだれ,HPTHY23VR,蓮ノ空文芸部,1191,17,555,2255000,10,10,10,10,10,10,7,9,76
WIN8KLGAN,もり,1BME38BCD,さすさやクラブ,1587,6,557,2254000,10,10,10,10,10,10,10,10,80
F7A3MHW3F,ゲンヤ,CX967RTGY,おんゆあさーくる,1424,18,557,2254000,10,10,10,10,10,10,10,10,80
PQHU8G8OV,ミナミ,48BTAPMBG,蓮ノ空魔術部,1515,18,559,2253000,10,10,10,10,10,10,10,10,80
453CGNJA9,カリウム,EY8YN8J6X,インド蓮ノ空支部,1149,15,559,2253000,10,10,10,10,10,10,10,10,80
K8JJMK2OV,かへちゃん,Y2R7E79U3,カワウソ同好会,1409,11,561,2252000,10,10,10,10,10,10,10,10,80
F1TNFLPPC,へいろう,GYG7B5R36,幼馴染同好会,823,3,561,2252000,10,10,10,10,10,10,10,10,80
BUMCNTI5G,はらぺこさん,V7768X8AC,せーので！,1234,16,563,2251000,10,10,10,9,9,10,10,10,78
TSIWHEG61,らぁら,11FB0EDDT,スクステ同好会,1654,15,563,2251000,10,10,10,10,10,10,10,10,80
3NN79CWQS,プー,LYPVAETHY,金沢の泥,1551,17,565,2250000,10,10,10,10,10,10,10,10,80
EJHLCHP8O,めぐみアキ,PDMPF3VVV,r/LL,1224,11,565,2250000,10,10,10,10,10,10,10,10,80
5K59F4UVE,ガチャ至上主義,11FB0EDDT,スクステ同好会,1340,16,567,2249000,10,10,10,10,10,10,10,10,80
46H34H9CY,琴,0TKFF5EG3,サークル名募集中,1448,14,567,2249000,10,10,10,10,10,10,10,10,80
E1BW0SBYP,かすかべ,1DU9LCND7,蓮ノ空すこやか部,1688,18,569,2248000,10,10,10,10,10,10,10,10,80
EMJGXK3AN,あき,73N4AB3LR,かほ子のイオン,1463,10,569,2248000,10,10,10,10,10,10,10,10,80
GHRKDWYUH,すわぼた,JTX1G19BP,さやかほ癒し会,1370,18,571,2247000,10,10,10,10,10,10,10,10,80
0JY76AJ88,こんがり,F8MLHU2NV,乙宗梢様､､､,1332,17,571,2247000,10,10,10,10,10,10,10,10,80
2JEPGGIMS,さちうさま,YCTM6RYDP,金沢おでん同好会,1441,10,573,2246000,10,10,10,10,10,10,10,10,80
MNV5KYXG7,六天,48BTAPMBG,蓮ノ空魔術部,1390,16,573,2246000,10,10,10,10,10,10,10,10,80
U6C6UD7YQ,菜緒,HBM31HMUY,YUKIZURI,1327,5,575,2245000,8,10,9,7,10,10,9,9,72
I3MXJ73JR,ゆうゆ,HBUK6F7CC,乙宗梢なりきり部,1585,15,576,2244000,10,10,10,10,10,10,10,10,80
41BAU424R,初,J800VVPTN,Aqours,1153,17,576,2244000,10,10,10,10,10,10,10,10,80
V7CUBTENA,カズ,M5LHG6R4T,乙宗動物園,1310,1,578,2243000,10,10,10,10,10,10,10,10,80
BAY7T6KUR,「めそ,DMDVHGFUG,インドネシア仲間,1258,11,578,2243000,10,10,10,10,10,10,10,10,80
PE08U0X7E,きちよぎ,0EL43A30P,こころのいろは,1388,18,580,2242000,10,10,10,10,10,10,10,10,80
DCD6T5RYF,かえるけろけろ,6XX7GBM0K,ぷちぐる同好会,1559,18,580,2242000,10,10,10,10,10,10,10,10,80
FTL21FH8T,マーシャル,KULVP7FDR,アニマル分室,1289,17,582,2241000,10,10,10,10,10,10,10,10,80
UWJC8Y1Y5,ロマンティック水,2ULM366U6,毎日がエブリデイ,1536,18,582,2241000,10,10,10,10,10,10,10,10,80
8S3HWGIMD,オールマイ子,WCL6R1ANU,無所属の会,1697,18,584,2240000,10,10,10,10,10,10,10,10,80
9BRVF2KFM,まっち,V4A5MP41E,徒町チャレンジ！,1335,3,584,2240000,10,10,10,10,10,10,10,10,80
8WYMG9D4G,らり,R181MKNX1,みらくらは人生！,1324,13,586,2239000,10,10,10,10,10,10,10,10,80
R41E9H88J,Uすず,RF5215M2U,スクステ同好会②,1153,14,586,2239000,10,10,10,10,10,10,10,10,80
KT1503GYL,あいえー,M5LHG6R4T,乙宗動物園,1095,15,588,2238000,10,10,10,10,10,10,10,10,80
LVOYGDF8A,norano,M5LHG6R4T,乙宗動物園,1493,11,588,2238000,10,10,10,10,10,10,10,10,80
LV8A14V4F,ゼンマイ,CTW8DKV5P,まったり,1436,15,590,2237000,10,10,10,10,10,10,10,10,80
4N9BBW8FA,レベレンドX,PDMPF3VVV,r/LL,1716,18,590,2237000,10,10,10,10,10,10,10,10,80
LYYGRG8W4,りぞん,PBRDPWEY1,村村会,1324,12,592,2236000,10,10,10,10,10,10,10,10,80
KE5MFJYDB,omega,TBHVUNGK6,ヨーロッパ軒,1004,2,592,2236000,10,10,10,10,10,10,10,10,80
06JQ821HY,sagi,GXR6C85BT,花帆ちゃん親衛隊,1597,8,594,2235000,10,10,10,10,10,10,10,10,80
92BAX6L8R,なかさん,EYN9H9N16,蓮すきすきクラブ,1472,15,594,2235000,10,10,10,10,10,10,10,10,80
EUCTO3HUZ,かわたろう,0UT59MJ8U,かほすこ同好会,1520,16,596,2234000,10,10,10,10,10,10,10,10,80
TRLEB6AD0,ねんねこ,FC8NBAJBT,ラー麺二郎金沢店,1513,16,596,2234000,10,10,10,10,10,10,10,10,80
LD542Q15X,よぜ,YDYH4VRRP,レンクウ,1580,15,598,2233000,10,10,10,10,10,10,10,10,80
E58FUL5TV,Familiar,HWJ8XPW0T,箱推しなのだけど,571,0,598,2233000,10,10,8,10,10,10,7,10,75
QAAUC6JHM,ひまわり（春）,YLJ2PP4X4,全日本謝罪同好会,1609,17,600,2232000,10,10,10,10,10,10,10,10,80
TBFNA0DEB,ぐどん,WLLWJ8ADP,乙宗筋肉サークル,831,3,600,2232000,7,10,10,9,10,10,8,10,74
8NUNT9NTA,れん,CV62FGL1U,花咲かせ隊,1390,6,602,2231000,10,10,10,8,10,8,10,10,76
PFE7K6YNC,テニサー幹部,PBRDPWEY1,村村会,1240,14,602,2231000,10,10,10,10,10,10,10,10,80
T04LMQKYW,がぬ,1BME38BCD,さすさやクラブ,1464,18,604,2230000,10,10,10,10,10,10,10,10,80
2ENXPB1UW,かれ,V4A5MP41E,徒町チャレンジ！,1383,17,604,2230000,10,10,10,10,10,10,10,10,80
NBN8MER17,ひらたみ,7XH3K4GBT,LLP,1050,4,606,2229000,10,10,10,10,10,10,10,10,80
6HX9NM2GR,藍月 海月,FVJABCVP3,瑞蓮ラボ,1264,7,607,2228000,10,10,10,10,10,10,10,10,80
4GFTHESOY,あた,JTX1G19BP,さやかほ癒し会,1412,18,607,2228000,10,10,10,10,10,10,10,10,80
49R4M93J6,くしん,KXU941RFJ,梢先輩おめでとう,1352,17,609,2227000,10,10,10,10,10,10,10,10,80
2MKYLKGDX,アク,BXGNMY466,ライグラ用,992,6,609,2227000,10,10,10,10,10,10,10,10,80
S9K0MFOPI,あかつき,B5V2LNN43,WMW,1471,16,611,2226000,10,10,10,10,10,10,10,10,80
7ZHB0KXWK,ゆゆ,PLBBEX019,待機室目指し隊,1314,10,611,2226000,10,10,9,10,10,10,8,9,76
DA69DXT3Y,けい,K8C99H42D,ルリと喜ド！愛楽,1160,5,613,2225000,10,10,10,10,10,10,10,10,80
LWRG7TEM3,嘘っち,25PMPEMG7,星見プロ,1545,6,613,2225000,10,10,10,10,10,10,10,10,80
4EEDGJ5MY,前ショー,JTX1G19BP,さやかほ癒し会,1324,15,615,2224000,10,10,10,10,10,10,10,10,80
T9LWGZSB4,Sammomo,BELCUYCMH,蓮hkg香港分部,1229,16,615,2224000,10,10,10,10,10,10,10,10,80
8HYVGQUX7,まさき,CXG25026E,泥のみんなS,1536,18,617,2223000,10,10,10,10,10,10,10,10,80
3FXRPUT8R,無欲,7R8NKPAB1,花帆推し倶楽部,1474,18,617,2223000,10,10,10,10,10,10,10,10,80
CZBSB05JT,変☆態☆紳☆士,FMKP92LRL,目が霞む人達,1624,18,619,2222000,10,10,10,10,10,10,10,10,80
3LAV7X9TK,とい,RFYKY8DCD,LA.LA.LA,1166,0,619,2222000,10,10,10,9,10,9,10,8,76
WHYCRK6EZ,Salokim,NC2YT2V28,蓮之愛同予者何人,1394,18,621,2221000,10,10,10,10,10,10,10,10,80
ZLU168QJU,かつ,FG5VFFNRK,蓮ノ空おじさん,1678,17,621,2221000,10,10,10,10,10,10,10,10,80
EQM3PYC53,プリン,PBRDPWEY1,村村会,1490,18,623,2220000,10,10,10,10,10,10,10,10,80
E414UTOTC,コッシー,DKNHY5HH6,なす料理研究会,1382,5,624,2219000,10,10,10,10,10,10,9,9,78
IQ3SMZMFS,NEO,8FR866PRY,蓮っ子みらくラブ,1633,14,624,2219000,10,10,10,10,10,10,10,10,80
TX9MKAUDA,ブランドン,CX967RTGY,おんゆあさーくる,1162,18,626,2218000,10,10,10,10,10,10,10,10,80
0XN7DUJUU,ながいくん,RFYKY8DCD,LA.LA.LA,1367,18,627,2217000,10,10,10,10,10,10,10,10,80
CFDJHH0GV,新宿壱の玄人,CX967RTGY,おんゆあさーくる,1024,8,627,2217000,10,10,10,10,10,10,10,10,80
B1480XVVT,ハミィ,0UT59MJ8U,かほすこ同好会,1366,15,629,2216000,10,10,10,10,10,10,10,10,80
I962LF0QO,TOMO,59AK7LJ7A,とりあえず,1434,8,629,2216000,10,10,10,10,10,10,10,10,80
LY84KEPXR,紡,976BY5JWK,ハルカカナタ,991,8,631,2215000,10,8,9,8,10,10,8,8,71
DEVDG82YE,ジョーくん,11FB0EDDT,スクステ同好会,1462,10,631,2215000,10,10,10,10,10,10,10,10,80
7586DR3H1,ズミュー,Y2R7E79U3,カワウソ同好会,1361,18,633,2214000,8,9,9,8,10,10,8,8,70
MKE2X1GW5,きりか,9U8KNU6U9,対抗戦用,989,10,634,2213000,10,10,10,10,10,10,10,10,80
551YW8KVB,カミュ,K2L5DCVNR,REAL,1232,13,634,2213000,10,10,10,10,10,10,10,10,80
C9325WMEN,K4,FK5MUK0ET,くる♡すきクラブ,1460,15,636,2212000,10,10,10,10,10,10,10,10,80
X7RPCH2CD,アレックス,0TKFF5EG3,サークル名募集中,1592,17,636,2212000,10,10,10,10,10,10,10,10,80
BFBDRTETJ,からいろは,EYN9H9N16,蓮すきすきクラブ,1646,15,638,2211000,10,10,10,10,10,10,10,10,80
39T0J8544,雪利,79C17CHA2,蓮ノ空出張部,1462,14,638,2211000,10,10,10,10,10,10,10,10,80
K72PH1O9S,わっぴ,GXR6C85BT,花帆ちゃん親衛隊,1656,16,640,2210000,10,10,10,10,10,10,10,10,80
LDXW39W4W,ハーレイ,TWJ862EPN,こにゃとも,1172,9,640,2210000,10,6,10,10,10,9,10,10,75
2C2B7NNM1,Mk-II,HWJ8XPW0T,箱推しなのだけど,1132,17,642,2209000,10,10,10,10,10,10,8,9,77
JIHZKORO6,ラギア,57HNJ07NK,みらぱ推活最前列,1333,4,642,2209000,10,10,10,10,10,10,10,10,80
KH8WDYG0W,リオ,25PMPEMG7,星見プロ,1324,15,644,2208000,10,10,10,10,10,10,10,10,80
BE9X9RZ1R,やんしょー,N34LHVJKN,のんびり堂,1428,18,644,2208000,10,10,10,10,10,10,10,10,80
9HG3AN9PE,し,GXR6C85BT,花帆ちゃん親衛隊,1501,17,646,2207000,10,10,10,10,10,10,10,10,80
TX3PNRFW0,shin,B5V2LNN43,WMW,1259,6,646,2207000,10,10,10,10,10,10,10,10,80
I1D51RNAU,"AKIRA,s",CX967RTGY,おんゆあさーくる,1546,17,648,2206000,10,10,10,10,10,10,10,10,80
2AUU5PNBB,masaya,9JTF508LB,スクスタ亡霊部,1255,6,648,2206000,10,10,10,10,10,10,10,10,80
GNGOY9TWY,はっぴー,8R49BTWW6,蓮女お嬢様クラブ,1283,17,650,2205000,10,10,10,10,10,10,10,10,80
0DPR5CHC6,ミズキ,FH7G62PKW,月火水木金土日,1012,8,651,2204000,9,10,9,10,10,10,9,9,76
V3HW6H9CB,うま,0UT59MJ8U,かほすこ同好会,1531,16,652,2203000,10,10,10,10,10,10,10,10,80
0H2W5QHZI,幸希(ユッキー),J7N4W6Y1K,こずミックラブ♡,1648,17,652,2203000,10,10,10,10,10,10,10,10,80
05J0TPTJ6,せいげん,RF5215M2U,スクステ同好会②,1133,6,654,2202000,8,10,9,7,10,9,9,10,72
KARXL77JJ,∫ai9a,0TKFF5EG3,サークル名募集中,1359,12,654,2202000,10,10,10,10,10,10,10,10,80
REQ7MEFMK,ons,4XRHRYDW4,無言でエンジョイ,1488,18,656,2201000,10,10,10,10,10,10,10,10,80
6DVNE2G8H,エクレア,2ULM366U6,毎日がエブリデイ,1290,12,656,2201000,10,6,10,6,10,10,10,10,72
PJWWM7VB6,すいみんみん,6XX7GBM0K,ぷちぐる同好会,1419,2,658,2200000,10,10,10,10,10,10,10,10,80
KGMNM4FBR,ラスカル,CRYB2FJ64,つくよみくらぶ,963,6,658,2200000,10,10,10,10,10,10,10,10,80
7K7CV3ZAW,ちぇま,WTJV514G9,蓮ノ空のお弁当屋,1421,3,660,2199000,10,10,10,10,10,10,10,10,80
UYKD45WLK,はみ,D1YHB0B1A,BWO,1277,17,660,2199000,10,10,10,10,10,10,10,10,80
51JKTXYGL,みずきち,8VGXWTV3U,R.opRizm,1328,17,662,2198000,10,10,10,10,10,10,10,10,80
4876EHT1Y,壬生,A73H7ENN2,エロマンガ同好会,1396,7,662,2198000,10,10,10,8,9,8,9,10,74
J8LJOFWI4,八城,9FF5JBNDF,めぐすきクラブ,1480,13,664,2197000,10,10,10,10,10,10,10,10,80
U8MTGFGI0,安芸,GMEF2K8DL,花咲く泥も好き²,1566,12,664,2197000,10,10,10,10,10,10,10,10,80
6ZGKMMMSV,カヅキ,4WWM4VVDK,蓮ノ空遊戯開発部,1677,18,666,2196000,10,10,10,10,10,10,10,10,80
0RB9J6BF4,ぺお,G0WRCNRWK,県立沢庵図書館,1608,18,666,2196000,10,10,10,10,10,10,10,10,80
GLC6K11GM,三途,BCJRMHE75,梢すきすきクラブ,1507,18,668,2195000,10,10,10,10,10,10,10,10,80
7JI5O7H1I,よしけそ,GVT61ATX0,なのだけれど,1438,13,668,2195000,10,10,10,10,10,10,10,10,80
NF154X7UN,紅月,0UT59MJ8U,かほすこ同好会,1626,18,670,2194000,10,10,10,10,10,10,10,10,80
RKG6Y99R8,ただのまるかん,48BTAPMBG,蓮ノ空魔術部,1340,18,670,2194000,10,10,10,10,10,10,10,10,80
S14ZTUCRG,ZEROICHI,BT3GEWM5L,ささやか村の集い,1394,1,672,2193000,10,10,10,10,10,10,10,10,80
4N0T1PYUR,ヒロハス,7R8NKPAB1,花帆推し倶楽部,1339,18,672,2193000,10,10,10,10,10,10,10,10,80
371BE8VD3,シュリ,HBUK6F7CC,乙宗梢なりきり部,1253,18,674,2192000,10,10,10,10,10,10,8,9,77
D0RVYCT5J,MONO,JDAG79TG7,百合ノ空観察部,1431,12,674,2192000,7,6,9,6,6,7,10,10,61
TUULPTBUN,フリス,JTX1G19BP,さやかほ癒し会,1323,16,676,2191000,10,10,10,10,10,10,10,10,80
DEWSI29MR,ARC,M5LHG6R4T,乙宗動物園,1536,16,676,2191000,10,10,10,10,10,10,10,10,80
VJF8HF7JA,フラワー,05KN1RR3U,さやかほ花卉園,1554,9,678,2190000,10,10,10,10,10,10,10,10,80
3DK4BALBB,inoi,D7H8MN2U4,LLD,1276,8,678,2190000,10,10,10,10,10,10,10,10,80
XGJKGUBPY,ゆうき,KULVP7FDR,アニマル分室,1305,3,680,2189000,10,10,10,10,10,10,10,10,80
3BMHN299X,まぁたん,UVK38MFR2,蓮の虚無サー,996,9,680,2189000,10,10,10,10,10,10,9,10,79
H3Z6CCL18,リスグラシュー,NMT63RUDV,泥村,1507,15,682,2188000,10,10,10,10,10,10,10,10,80
VMKV4GULN,SGWA,1F5EPPMLD,UR貰えればいい,1606,18,683,2187000,10,10,10,10,10,10,10,10,80
RZ2VFDOTK,安心,8R49BTWW6,蓮女お嬢様クラブ,1596,17,683,2187000,10,10,10,10,10,10,10,10,80
ME2W2BCWH,まっきー,2NY9H8BR9,乙宗紅茶館,1502,18,685,2186000,10,10,10,10,10,10,10,10,80
63GWN43GA,アモモンガ,WAT20PN3Y,こな党,1410,12,685,2186000,10,10,10,10,10,10,10,10,80
W502CU2P0,キク＠うどん民,HBM31HMUY,YUKIZURI,1363,14,687,2185000,10,10,10,10,10,10,10,10,80
THPSZE8AV,えんぬ,6XX7GBM0K,ぷちぐる同好会,1340,11,687,2185000,10,10,10,10,10,10,10,10,80
P7DXEVYFE,Watitto,Y2HV0YEF7,蓮ノ空を応援し隊,1538,17,689,2184000,10,10,10,10,10,10,10,10,80
46LUML6GW,あやたか,7RBMBBY88,瑠璃色金魚,1078,11,690,2183000,10,10,10,10,10,10,10,10,80
NFXWH51T4,そら,KT4C59NXG,めぐ島,1307,13,690,2183000,10,10,10,10,10,10,10,10,80
DZD7E4Z46,チャックん,J8HXTJ8TB,流し素麺同好会,1579,6,692,2182000,10,10,10,10,10,10,10,10,80
VYLOH1FQ3,YUUKI☆,WN5B7VKPU,きんぴられんこん,1526,11,692,2182000,10,10,10,10,10,10,10,10,80
MBMH5XA5A,シラス鰻田,PLBBEX019,待機室目指し隊,1320,18,694,2181000,10,10,10,10,10,10,10,10,80
IZC9276Q3,siromaru,4WWM4VVDK,蓮ノ空遊戯開発部,1424,7,694,2181000,10,10,10,10,10,10,10,10,80
A17OYN8R4,ルビちん,NJBBTCY3A,かにかに！,1334,16,696,2180000,10,10,10,10,10,10,10,10,80
9DHBMHXY7,てぃーおー,YCTM6RYDP,金沢おでん同好会,1235,4,696,2180000,10,10,10,10,10,10,10,10,80
74M5NJZTF,lanndamu,948FLPMPN,まったりハス煮〜,1517,17,698,2179000,10,10,10,10,10,10,10,10,80
DH50YW702,ぽるたん,R181MKNX1,みらくらは人生！,1265,13,698,2179000,10,10,10,10,10,10,10,10,80
F8KHAHURM,スバル,JTX1G19BP,さやかほ癒し会,1564,18,700,2178000,10,10,10,10,10,10,10,10,80
VK7NW1UJ9,おかたい,GVT61ATX0,なのだけれど,1084,9,701,2177000,10,10,9,9,10,10,7,8,73
P8RB3BEJ1,Parare,6XX7GBM0K,ぷちぐる同好会,1154,0,702,2176000,10,10,10,10,10,10,10,10,80
QKGZEPZSH,藍莓凍凍酒瓶,NC2YT2V28,蓮之愛同予者何人,1322,16,703,2175000,10,10,10,10,10,10,10,10,80
ZAB6POKTY,りんう,K25DPPGT9,圧倒的にまったり,1433,14,703,2175000,10,10,10,10,10,10,10,10,80
MP0KVW4HW,みみ,25PMPEMG7,星見プロ,1332,2,705,2174000,10,10,10,10,10,10,10,10,80
KFI8SP6OE,アンジェ,11FB0EDDT,スクステ同好会,1430,18,705,2174000,10,10,10,10,10,10,10,10,80
QB5S4TMVR,もなか,CTW8DKV5P,まったり,1603,15,707,2173000,10,10,10,10,10,10,10,10,80
UA7RCU0PL,TOA,WTJV514G9,蓮ノ空のお弁当屋,1238,18,707,2173000,10,10,10,10,10,10,10,10,80
SM59T811D,Case,RWARTHA1M,乙宗梢大好き部,1487,15,709,2172000,10,10,10,10,10,10,10,10,80
YYD4LKBM0,せり,948FLPMPN,まったりハス煮〜,1156,12,709,2172000,10,10,10,10,10,10,10,10,80
9EN208AJR,ギャオギャ,L7MNPJ52H,三連華のための泥,1271,13,711,2171000,10,10,10,8,9,10,8,10,75
DEOC4REQ5,さいたまっこ,F08AHUJJ0,綴理のお世話係,1564,14,711,2171000,10,10,10,10,10,10,10,10,80
WBWATJ60W,はとぴ,YE7CX8RNP,蓮ノ大三十角ex,1535,17,713,2170000,10,10,10,10,10,10,10,10,80
8LE4FHM3X,neon,K4TAHF9YA,はすっこ準備室,1341,7,713,2170000,10,10,10,10,10,10,10,10,80
5UT1FEC2R,みけ,N1DJVPGP8,いつでも咲けるよ,1319,6,715,2169000,10,9,10,9,10,10,9,10,77
CQSYMDA64,やっちゃん,1DU9LCND7,蓮ノ空すこやか部,1561,12,715,2169000,10,10,10,10,10,10,10,10,80
V0ZZGADWZ,でち,5W8RPRVUA,ド！ド！泥！,1482,11,717,2168000,10,10,10,10,10,10,10,10,80
FY3NQU6M7,やきプリンのプロ,0UT59MJ8U,かほすこ同好会,1403,18,717,2168000,10,10,10,10,10,10,10,10,80
W23S0ECDZ,もりっく,2DYYAPFVN,蓮っ子村,1591,18,719,2167000,10,10,10,10,10,10,10,10,80
TX4V02KGA,WinDD,YFADYJVW4,FPS好きクラブ,1418,7,719,2167000,10,10,10,10,10,10,10,10,80
KKNLWHCN8,Andes,PBRDPWEY1,村村会,1330,6,721,2166000,10,10,10,10,10,10,10,10,80
TM3VAHO5N,桜木,EHGD5JJK1,限界夜行,1426,13,721,2166000,10,10,10,10,10,10,10,10,80
4WPGNU9FX,ラミュタス,PBRDPWEY1,村村会,1454,16,723,2165000,10,10,10,10,10,10,10,10,80
BL0BGN2JZ,せて,6XX7GBM0K,ぷちぐる同好会,1443,17,723,2165000,10,10,10,10,10,10,10,10,80
AEXWSLMBY,じゃが,M67ACEP3M,オーバーブースト,1458,12,725,2164000,10,10,10,10,10,10,10,10,80
L31AHYM5E,アル,4XRHRYDW4,無言でエンジョイ,1357,11,726,2163000,10,10,10,10,10,10,10,10,80
LCM66GHDC,amoamo,1DU9LCND7,蓮ノ空すこやか部,1416,2,726,2163000,10,10,10,10,10,10,10,10,80
17UYW4NFL,まえだようすけ,B5V2LNN43,WMW,1490,18,728,2162000,10,10,10,10,10,10,10,10,80
3V7XRLH5E,G.A.L,HMBW9DXY2,蓮好き皆あつまれ,1487,15,728,2162000,10,10,10,10,10,10,10,10,80
DYX5W4XHW,みょ,YTK29NJ0X,よく分からん会,949,7,730,2161000,10,10,10,10,10,9,8,8,75
C0BE0UEXT,あまぁ,V4A5MP41E,徒町チャレンジ！,797,3,730,2161000,10,10,10,10,10,10,10,10,80
XBQTPQ3K0,とみー,W3YKKRWHG,ルリと愉快な一家,1306,11,732,2160000,10,10,10,10,10,10,10,10,80
8CWB97P1N,おだんご,GXR6C85BT,花帆ちゃん親衛隊,1443,9,733,2159000,10,10,10,9,10,10,10,9,78
10NAV71GP,あばば,NC2YT2V28,蓮之愛同予者何人,1391,4,733,2159000,10,10,10,10,10,10,10,10,80
F4GBY0CFD,merumo,D7H8MN2U4,LLD,1511,18,735,2158000,10,10,10,10,10,10,10,10,80
TX50ESWA5,かなと,X34LWGL6R,サークル2,1375,8,735,2158000,10,10,10,10,10,10,10,10,80
WICQFV1TZ,むらけん,786KJP4B9,テキドニテキ党,1043,16,737,2157000,7,10,8,9,10,10,10,10,74
B854YF6A6,がろー,E76N52LMW,イベントのみ,1339,7,737,2157000,10,10,10,10,10,10,10,10,80
YNTOLZYO0,トレミス,B6KWXGHWH,蓮ノ空SIFC,1256,15,739,2156000,10,10,10,10,10,10,10,10,80
JURXBWGFC,クルクス,CV62FGL1U,花咲かせ隊,1317,8,739,2156000,10,10,10,10,10,10,10,10,80
QGNGWJ8TF,シオン,06DCWC1RE,とりあえず参戦用,1270,3,741,2155000,10,10,10,10,10,10,10,10,80
F5MYNRGWV,ろこ,BKUHCT7WF,蓮女お嬢様部,974,6,741,2155000,10,10,10,10,10,10,10,10,80
4B7HFCTL6,ばなな,CTW8DKV5P,まったり,1420,17,743,2154000,10,10,10,10,10,10,10,10,80
JVHAWHL1K,ヨウ,V7768X8AC,せーので！,1408,18,743,2154000,10,10,10,10,10,10,10,9,79
MT3MMMA66,そのっち,CX967RTGY,おんゆあさーくる,1164,14,745,2153000,10,10,10,10,10,10,10,10,80
PCNZSCMJ3,もりでー,4XRHRYDW4,無言でエンジョイ,1500,17,745,2153000,10,10,10,10,10,10,10,10,80
VLKDXGBRB,アープ,6XX7GBM0K,ぷちぐる同好会,1306,18,747,2152000,10,10,10,10,10,10,10,10,80
DRATWA3PW,キュノラ,CX967RTGY,おんゆあさーくる,1366,15,747,2152000,10,10,10,10,10,10,10,10,80
EUGC8KAFF,クロト,51CF1LTGY,ラ研連合,1206,1,749,2151000,10,10,10,10,10,10,10,10,80
ERMMD0NND,ふぐ,V4A5MP41E,徒町チャレンジ！,1486,15,749,2151000,10,10,10,10,10,10,10,10,80
5W3YWXSV6,テイルモン,7XH3K4GBT,LLP,1423,17,751,2150000,10,10,10,10,10,10,10,10,80
4UL0VYVYJ,ベル,D7H8MN2U4,LLD,1019,12,751,2150000,10,10,10,10,10,10,10,10,80
Z5D4UIYVF,ひろみみ,NA8FEYN0M,蓮ノ空飲酒クラブ,1668,18,753,2149000,10,10,10,10,10,10,10,10,80
FGBAF868U,たかな,GXR6C85BT,花帆ちゃん親衛隊,1604,15,754,2148000,10,10,10,10,10,10,10,10,80
33VFCO5AQ,パイセン,HBUK6F7CC,乙宗梢なりきり部,1492,15,754,2148000,10,10,10,10,10,10,10,10,80
29DLPDMXU,りゅー,05KN1RR3U,さやかほ花卉園,1263,12,756,2147000,10,10,10,10,10,10,10,10,80
7H3AJT3DL,まろん,RF5215M2U,スクステ同好会②,1255,12,756,2147000,10,10,10,10,10,10,10,10,80
GRN5C49P3,リンモリ,EYN9H9N16,蓮すきすきクラブ,1541,16,758,2146000,10,10,10,10,10,10,10,10,80
MVT7K6KDL,一ノ瀬リリ,FH7G62PKW,月火水木金土日,1391,16,758,2146000,10,10,10,10,10,10,10,10,80
7927EJ4PX,みずちのん,7R8NKPAB1,花帆推し倶楽部,1350,16,760,2145000,10,10,10,10,10,10,10,10,80
DCU9XHY3U,しばひめ,YE7CX8RNP,蓮ノ大三十角ex,1622,16,761,2144000,10,10,10,10,10,10,10,10,80
GGM8V4Y67,ひつじ,2NY9H8BR9,乙宗紅茶館,1103,8,762,2143000,10,10,10,10,10,10,10,10,80
E1J3F69YK,ひろりん,K8C99H42D,ルリと喜ド！愛楽,1092,9,762,2143000,10,10,10,10,10,10,10,10,80
P4KGS0JI8,けーる,CM5THHYHB,「」ノ空だけれど,1369,18,764,2142000,10,10,10,10,10,10,10,10,80
WA5XEFDDY,ジョル,YE7CX8RNP,蓮ノ大三十角ex,658,0,764,2142000,10,10,10,10,10,10,10,10,80
K3DA7KEV0,カップ,PLBBEX019,待機室目指し隊,1301,11,766,2141000,10,10,10,10,10,10,10,10,80
Z6R8RPXPA,おいりょ,CX967RTGY,おんゆあさーくる,1503,16,766,2141000,10,10,10,10,10,10,10,10,80
II9KD46VB,えー,CV62FGL1U,花咲かせ隊,1498,17,768,2140000,10,10,10,10,10,10,10,10,80
FWPHLRY2B,すーさん,WN3LHKX0L,レンコンおいしい,1265,8,768,2140000,10,10,10,10,10,10,10,10,80
YA23T8JH8,つばサンド,FK5MUK0ET,くる♡すきクラブ,1291,18,770,2139000,10,10,10,10,10,10,10,10,80
E60YJ59TP,ロレ,VW65MCVF8,スリスリーズ,1652,13,770,2139000,10,10,10,10,10,10,10,10,80
KCEKK619T,さみ,998H940YN,お嬢様筋トレ部,1268,9,772,2138000,10,10,10,10,10,10,10,10,80
OUEUK5ABE,ユキ,PLBBEX019,待機室目指し隊,1475,14,772,2138000,10,10,10,10,10,10,10,10,80
NT1KBPYNC,ひまじん,95YCCGJJG,あまね部蓮同好会,798,2,774,2137000,10,10,10,10,10,10,10,10,80
P8L3HC8H2,すいこう,J5CKL5YPX,ログイン勢かもん,1011,10,774,2137000,10,10,10,10,10,10,10,10,80
DP0RDV01H,りお（ろぜ）,MVMP6NNXD,空き時間らくがき,1323,12,776,2136000,10,10,10,8,10,10,9,7,74
HY34E4YKX,風,7R8NKPAB1,花帆推し倶楽部,1256,11,776,2136000,9,10,10,9,9,10,8,10,75
20MN614RB,らんちやん,Y6JNPC60C,綴理メイト,1138,9,778,2135000,10,10,10,10,10,10,10,10,80
8XVGBRB0R,言の葉,PBRDPWEY1,村村会,1519,17,778,2135000,10,10,10,9,10,10,10,10,79
VDNBJFHAE,稲妻葵,WTJV514G9,蓮ノ空のお弁当屋,1569,15,780,2134000,10,10,10,10,10,10,10,10,80
39Z2746WP,かより,N7GLY2RUW,百生銀行,1286,15,780,2134000,10,10,10,10,10,10,10,10,80
5W83UKK4H,望月,1BME38BCD,さすさやクラブ,1616,18,782,2133000,10,10,10,10,10,10,10,10,80
MDS3JLIP9,マヤしゃま,B5V2LNN43,WMW,1378,18,782,2133000,10,10,10,10,10,10,10,10,80
XX2YW3264,あるて,CX967RTGY,おんゆあさーくる,1334,17,784,2132000,10,10,10,10,10,10,10,10,80
HW0SDYDPT,そとかんだ,YCTM6RYDP,金沢おでん同好会,1665,18,784,2132000,10,10,10,10,10,10,10,10,80
67TTDUZ9V,たかな,V26546K3D,乙宗気合筋肉,1424,18,786,2131000,10,10,10,10,10,10,10,10,80
7F72YZWZM,K-GO,W3YKKRWHG,ルリと愉快な一家,1617,18,786,2131000,10,10,10,10,10,10,10,10,80
DFSDK0DC1,Exas,79C17CHA2,蓮ノ空出張部,1518,10,788,2130000,10,10,10,10,10,10,10,10,80
4Y728RDJH,miyamiya,JVUNVCT8P,梢先輩のASMR,1084,7,789,2129000,10,10,10,8,10,10,10,9,77
KT0BG1PP0,クリフ,9YM3DBTB7,泥民館,1235,18,789,2129000,10,10,10,10,10,10,10,10,80
H5APQ3Y4V,sonoda,GXR6C85BT,花帆ちゃん親衛隊,1437,12,791,2128000,10,10,10,10,10,10,10,10,80
YA1XP8AGP,たろー,HBK6KCRPP,無言でおけ,1410,18,791,2128000,10,10,10,10,10,10,10,10,80
WMY0VJALJ,しゅんか,MTBP3B4GM,ふらわーすきすき,1041,12,793,2127000,10,10,10,10,10,10,10,10,80
740FWQUNQ,RYUKI,N0EXH1CM1,ぱちぱち徒町,1385,15,793,2127000,10,10,10,10,10,10,10,10,80
CKD6D1JNL,RELaina,919XF8V2V,蓮之空大三腳,1227,5,795,2126000,10,10,10,10,10,10,10,10,80
1YTAJ6KKD,カメイロ,79C17CHA2,蓮ノ空出張部,1126,4,796,2125000,10,10,10,10,10,10,10,10,80
8XGER9Q5Y,ひろ,HE0GK3EPE,瑞蓮プロカ倶楽部,1557,16,796,2125000,10,9,10,9,9,9,9,9,74
GKU8MUTMP,荻や萩,38KAJGDGU,異次元シャニP,1200,14,798,2124000,10,10,10,10,10,10,10,10,80
MVD3JUMPA,黒の皇帝,M5LHG6R4T,乙宗動物園,799,4,798,2124000,10,10,10,10,10,10,10,10,80
3N5F8W8VK,敲可愛的平平,NC2YT2V28,蓮之愛同予者何人,764,8,800,2123000,10,10,10,10,10,10,10,10,80
P65NXE2H1,ナスちん,G0WRCNRWK,県立沢庵図書館,1327,18,801,2122000,10,10,10,10,10,10,10,10,80
66VFZ9V1V,「」止已,NMT63RUDV,泥村,1604,18,801,2122000,10,10,10,10,10,10,10,10,80
9XAYMC4D1,あずさはち,AH27N260E,百生信託銀行,772,2,803,2121000,10,10,10,10,10,10,10,10,80
K7GRE5GEW,ふうる,2NY9H8BR9,乙宗紅茶館,923,8,803,2121000,10,10,10,10,10,10,10,10,80
U7A4C0567,moropii,0TKFF5EG3,サークル名募集中,1432,17,805,2120000,10,10,10,10,10,10,10,10,80
OQX4GEHB0,ぎんいろ,HE0GK3EPE,瑞蓮プロカ倶楽部,1500,18,805,2120000,10,10,10,10,10,10,10,10,80
7LOYVCMEZ,るべ,HBUK6F7CC,乙宗梢なりきり部,1449,2,807,2119000,10,10,10,10,10,10,10,10,80
PE9RYKKBX,ほうじ茶,W9V6VTXAN,梢先輩の歌声好き,788,0,808,2118000,10,10,10,10,10,10,10,10,80
9X6GWYYCC,まぐ,YE7CX8RNP,蓮ノ大三十角ex,1332,18,809,2117000,10,10,10,10,10,10,10,10,80
ONG0YLGRM,でぇーき@めぐ党,RF5215M2U,スクステ同好会②,1511,14,809,2117000,10,10,10,10,10,10,10,10,80
BYUQ1C0VJ,かわしゅん,PBRDPWEY1,村村会,1400,18,811,2116000,10,10,10,10,10,10,10,10,80
R0UE3XEUP,だちょう,95TAREFPT,ご自由にどうぞ,1501,16,811,2116000,10,10,10,10,10,10,10,10,80
QVXRHXGXB,みなるい,6XX7GBM0K,ぷちぐる同好会,1421,16,813,2115000,10,10,10,10,10,10,10,10,80
FP7IIBGF0,さらい,WN5B7VKPU,きんぴられんこん,1557,6,814,2114000,10,10,10,10,10,10,10,10,80
TP0T63KR7,うみねこ,FMWNYA91A,夕霧鼓門0.17,1146,17,814,2114000,10,7,8,9,10,10,6,4,64
8AFUU1045,ZERO02,M67ACEP3M,オーバーブースト,1140,0,816,2113000,10,10,10,10,10,10,10,10,80
UZQ6XQT5R,クロ,JE7V5MM31,蓮ノ沼に沈んだ泥,1669,18,816,2113000,10,10,10,10,10,10,10,10,80
WH6L0E1FH,えでおじ,0TKFF5EG3,サークル名募集中,1370,18,818,2112000,10,10,10,10,10,10,10,10,80
L76U7V8YB,あかとき,CX967RTGY,おんゆあさーくる,759,4,819,2111000,10,10,10,10,10,10,10,10,80
CNFVA0XA1,1000円,BKUHCT7WF,蓮女お嬢様部,1235,12,819,2111000,10,10,10,10,10,10,10,10,80
DLEAUCSDC,ゆふ,X34LWGL6R,サークル2,1470,18,821,2110000,10,10,10,10,10,10,10,10,80
DHZOI3DZ1,たけのこ,L3NN1RWMY,アポロベイ海賊団,1358,18,821,2110000,9,10,9,9,10,10,8,9,74
T4CFEALH8,さく,BKUHCT7WF,蓮女お嬢様部,1169,18,823,2109000,10,10,10,10,10,10,10,10,80
1IWO0DP1G,しろ,GKR9TEBYC,毎日がホリデイ♪,1253,0,823,2109000,9,10,9,8,10,9,9,9,73
JRT9COU68,松田,GN1798YEX,ド!ド!同好会,1558,17,825,2108000,10,10,10,7,9,8,10,8,72
ASLXPDS1Q,ささみ,8R49BTWW6,蓮女お嬢様クラブ,1489,0,825,2108000,10,10,10,10,10,10,10,10,80
4VWR0PK2P,ジャガー,X7C21B7H7,泥,1331,17,827,2107000,10,10,10,10,10,10,10,10,80
2ORXMSDJC,Neamior,919XF8V2V,蓮之空大三腳,1108,16,827,2107000,9,8,9,9,10,10,8,8,71
9BC4Y2CJM,つづりが好きです,DALU6BL7L,東方星蓮船,1232,16,829,2106000,10,10,10,10,10,10,10,10,80
79OHCMGA6,ユーレン,WN3LHKX0L,レンコンおいしい,1432,18,829,2106000,10,10,10,10,10,10,10,10,80
0C4XH2P8K,ちろる,HBK6KCRPP,無言でおけ,1238,12,831,2105000,10,9,10,10,10,10,9,10,78
A0PQIHNP6,カメリア,H837E0M9R,沙知先輩大好き部,1583,15,831,2105000,10,10,10,10,10,10,10,10,80
1AHHP3A9V,リン,YRPE642UK,(。・ω・),845,2,833,2104000,6,8,8,5,7,8,6,5,53
2OCVD96VE,おじょう,4XRHRYDW4,無言でエンジョイ,1445,10,834,2103000,10,10,10,10,10,10,10,10,80
4HQD30FDE,える,998H940YN,お嬢様筋トレ部,1248,17,835,2102000,10,10,10,10,10,10,10,10,80
RXH48G868,御前狐,79C17CHA2,蓮ノ空出張部,1325,18,835,2102000,10,10,10,10,10,10,10,10,80
HB0QXMHGR,くろほり,KBJ2P8T0Y,人見知りの集い,1359,10,837,2101000,10,10,10,10,10,10,10,10,80
3HDDUL1DX,シロくま,RF5215M2U,スクステ同好会②,1223,11,837,2101000,10,10,10,10,10,10,10,10,80
RMH27ZIYV,シグレ,CV62FGL1U,花咲かせ隊,1406,18,839,2100000,10,10,10,10,10,10,10,10,80
DVCXGXU3N,あらんといん,2NY9H8BR9,乙宗紅茶館,1298,9,839,2100000,10,10,10,10,10,10,10,10,80
LF6E9CG7H,マリジャ,VP0K6KF0K,蓮ノ空大好き!!,1487,18,841,2099000,10,10,10,10,10,10,10,10,80
3EA3R0TYA,あすか,F8MLHU2NV,乙宗梢様､､､,1302,0,841,2099000,10,10,10,10,10,10,10,10,80
Z4UQWX99L,にっと,KT4C59NXG,めぐ島,1532,17,843,2097000,10,10,10,10,10,10,10,10,80
8W61A02JJ,ごんべん京,W3YKKRWHG,ルリと愉快な一家,1431,16,843,2097000,10,10,10,10,10,10,10,10,80
0LXEB56CU,アスピリン,R181MKNX1,みらくらは人生！,900,1,845,2096000,7,7,5,5,7,10,2,9,52
EVA87TBF5,なゆゆゆゆ,RF5215M2U,スクステ同好会②,785,6,846,2095000,10,10,10,10,10,10,10,10,80
5LTYV6RWU,みあ,GXR6C85BT,花帆ちゃん親衛隊,1453,18,846,2095000,10,10,10,10,10,10,10,10,80
5X1NQDTYD,いもりーぬ,998H940YN,お嬢様筋トレ部,1366,4,848,2094000,10,10,10,10,10,10,10,10,80
WIFVTF0SF,りゅう,6WJW7R1TD,さやこずノ休日,1293,15,848,2094000,10,10,10,10,10,10,10,10,80
75WTDUJG4,ふうりん,7RBMBBY88,瑠璃色金魚,1254,17,850,2093000,10,10,10,10,10,10,10,10,80
WYF5GRPEP,ちゃんかい,FK5MUK0ET,くる♡すきクラブ,1138,13,850,2093000,10,10,10,10,10,10,10,10,80
9FCM2N4CA,臨倉奴太郎,PR2BGEK5K,ありがとう大三角,1406,15,852,2092000,10,10,10,10,10,10,9,9,78
W4V6K6F39,ぴーまん,N1DJVPGP8,いつでも咲けるよ,1475,17,852,2092000,10,10,10,10,10,10,10,10,80
QRGITUZ6B,つぐみん,7R8NKPAB1,花帆推し倶楽部,1540,18,854,2091000,10,10,10,10,10,10,10,10,80
V45G4Y8ER,ニッケル,GXR6C85BT,花帆ちゃん親衛隊,1614,17,854,2091000,10,10,10,10,10,10,10,10,80
G2VASMVN7,一般ぴーぽ,1BME38BCD,さすさやクラブ,1488,17,856,2090000,10,10,10,10,10,10,10,10,80
A14T0UXLP,ユンシ,YFADYJVW4,FPS好きクラブ,1354,16,856,2090000,10,10,10,10,10,10,10,10,80
DCS0MRXJM,えせ,L28X4MDJN,アフター観たいぞ,1627,17,858,2089000,10,10,10,10,10,10,10,10,80
7NCQUAL3N,ドン太,JTX1G19BP,さやかほ癒し会,1485,14,858,2089000,10,10,10,10,10,10,10,10,80
OQIZZEXIZ,はま,8R49BTWW6,蓮女お嬢様クラブ,1245,7,860,2088000,9,10,9,10,10,10,10,10,78
EU76L0TJ7,とまき,EYN9H9N16,蓮すきすきクラブ,1633,10,860,2088000,10,10,10,10,10,10,10,10,80
HDKBTYH2C,ポポノタン,V4A5MP41E,徒町チャレンジ！,1323,11,862,2087000,10,10,10,9,10,10,10,10,79
RUM9HUP9C,しーだーゆ,RWARTHA1M,乙宗梢大好き部,1377,18,863,2086000,10,10,10,10,10,10,10,10,80
F5MFEYLK3,たこ焼きさん,AR9HR528A,いろいろ実況,1038,4,863,2086000,10,10,10,10,10,10,8,10,78
7YHYKRWN3,メイツ,N8L41JAA7,無言 ノルマなし,1466,18,865,2085000,10,10,10,10,10,10,10,10,80
MGVR2Z027,オクラホマミキサ,1DU9LCND7,蓮ノ空すこやか部,1679,17,865,2085000,10,10,10,10,10,10,10,10,80
VBIVA29QF,りんてる,4XRHRYDW4,無言でエンジョイ,1469,15,867,2084000,10,10,10,10,10,10,10,10,80
JWXNPLH2D,かすてら,49AMYCXCD,ルドベキア,1267,2,867,2084000,10,10,10,10,10,10,10,10,80
O9LDNC83Q,mrn,CX967RTGY,おんゆあさーくる,1516,18,869,2083000,10,10,10,10,10,10,10,10,80
W7VN7JF3V,みはなだ,79C17CHA2,蓮ノ空出張部,1362,12,869,2083000,10,10,10,10,10,10,10,10,80
P05O92106,キットモット,M5LHG6R4T,乙宗動物園,1547,11,871,2082000,10,10,10,10,10,10,10,10,80
FB415YHRG,ゆさまこと,V26546K3D,乙宗気合筋肉,1218,3,871,2082000,10,10,10,10,10,10,10,10,80
BCZN6OFG9,あすまぺ,Y6JNPC60C,綴理メイト,1515,18,873,2081000,10,10,10,10,10,10,10,10,80
XPNWDGIMY,すさ,5W8RPRVUA,ド！ド！泥！,1575,8,873,2081000,10,10,10,10,10,10,10,10,80
3HN712NDE,ほし,YFADYJVW4,FPS好きクラブ,869,5,875,2080000,10,10,10,10,10,10,10,10,80
CK3Z00ZOB,vfk-yama,YD2XWWFA4,蓮好き好きクラブ,1486,12,876,2079000,10,10,10,10,10,10,10,10,80
Y9137OB91,ぜにまる,EYN9H9N16,蓮すきすきクラブ,1525,13,876,2079000,10,10,10,10,10,10,10,10,80
Q8I36YUL6,ソト,GKR9TEBYC,毎日がホリデイ♪,1394,18,878,2078000,10,10,10,10,10,10,10,10,80
FNZSMW980,snow,RFYKY8DCD,LA.LA.LA,1524,13,878,2078000,10,10,10,10,10,10,10,10,80
CTI33F3UI,霜月ゆう,B5V2LNN43,WMW,1503,18,880,2077000,10,10,10,10,10,10,10,10,80
RBD738713,エル,M5LHG6R4T,乙宗動物園,1366,18,880,2077000,10,10,10,10,10,10,10,10,80
ZCRF41KQU,SiULY,73CBYJYB0,"oNM,",1462,18,882,2076000,10,10,10,10,10,10,10,10,80
JGREF0BPV,風花,G6LTF6TUE,喫茶ハスノソラ,1708,17,882,2076000,10,10,10,10,10,10,10,10,80
JKRUFH2CH,双方,FH7G62PKW,月火水木金土日,1305,16,884,2075000,9,8,8,9,10,10,8,6,68
BSZL9G19F,よっしい,DHBGK1398,となりにこな,1386,4,884,2075000,10,10,10,10,10,10,10,10,80
TRPDPT0YL,わさろん,D7H8MN2U4,LLD,1236,18,886,2074000,10,10,10,10,10,10,10,10,80
67M7GY5XU,「ケンゴ」,NMT63RUDV,泥村,1436,12,886,2074000,10,10,10,10,10,10,10,10,80
7M5LCI7DG,バウムクーヘン,9GDHWXGVG,ルリと花咲く毎日,989,5,888,2073000,10,10,10,8,9,8,8,9,72
TEJ8KU2DF,シャドー,R181MKNX1,みらくらは人生！,1024,5,888,2073000,10,10,10,10,10,10,10,10,80
89E28KMLV,Dav,E515TRU1G,起きろ夕霧綴理,946,3,890,2072000,10,9,10,10,9,10,8,10,76
0E2MAAX4U,てて,JA2C658FW,さや綴理の村人,1266,15,890,2072000,10,10,10,10,10,10,9,8,77
AE58P2AJJ,まったりんまる,CTW8DKV5P,まったり,1356,10,892,2071000,7,4,5,8,6,5,6,8,49
TGAXVGBHT,ショウヤ,FVJABCVP3,瑞蓮ラボ,1492,18,892,2071000,10,10,10,10,10,10,10,10,80
R50ENN3PN,ろっく,RFYKY8DCD,LA.LA.LA,1502,15,894,2070000,10,10,10,10,10,10,10,10,80
UYVYBTMLE,ひよこ羊,KT4C59NXG,めぐ島,1152,11,894,2070000,10,10,10,10,10,10,10,10,80
LJK751O9T,島風,JHTULVV5P,故に瑠璃乃推し,1278,3,896,2069000,10,10,10,10,10,10,10,10,80
UPAXHJR19,ヤマタ,YCTM6RYDP,金沢おでん同好会,506,0,896,2069000,8,8,10,9,8,8,7,7,65
1YV3FGBA8,Be,8GAY2WBT6,(・8・),1204,13,898,2068000,10,10,10,10,10,10,9,7,76
M87RG96MY,あき,X7YM9EG8K,伝統の石川地酒,1310,12,898,2068000,10,10,10,10,10,10,10,10,80
FVCUEKZRW,フィーア,K4TAHF9YA,はすっこ準備室,1518,16,900,2067000,10,10,10,10,10,10,10,10,80
L5PWKHTE5,まざ,V4A5MP41E,徒町チャレンジ！,1366,14,901,2066000,10,10,10,10,10,10,10,10,80
C59J9TNAX,さくらもち,CV62FGL1U,花咲かせ隊,1410,17,901,2066000,10,10,10,10,10,10,10,10,80
BLYK8JYVV,ドルビー,38KAJGDGU,異次元シャニP,1263,18,903,2065000,10,10,10,10,10,10,10,10,80
WP2XGUKDR,はむはむ,B5V2LNN43,WMW,1397,18,903,2065000,8,9,9,7,10,7,8,10,68
742U62G5F,wasin,43HRXMXWA,無言OKクラブ,1130,12,905,2064000,10,10,10,8,9,9,8,9,73
0VVAUBJJ5,pop,6XX7GBM0K,ぷちぐる同好会,1411,14,905,2064000,10,10,10,10,10,10,10,10,80
V8F0YRMRD,高咲侑DD,J800VVPTN,Aqours,1292,16,907,2063000,10,10,10,10,10,10,10,10,80
D924RYHM2,Take,976BY5JWK,ハルカカナタ,1368,18,907,2063000,10,10,10,10,10,10,10,10,80
K46ZQJI48,prius,4XRHRYDW4,無言でエンジョイ,1622,18,909,2062000,10,10,10,10,10,10,10,10,80
M1CI452K7,クロノ,VP0K6KF0K,蓮ノ空大好き!!,1447,18,910,2061000,10,10,10,10,10,10,10,10,80
JMOWWJBZA,ミ四,05KN1RR3U,さやかほ花卉園,1493,3,910,2061000,10,10,10,10,10,10,10,10,80
MGF090R00,りんご。,HBUK6F7CC,乙宗梢なりきり部,834,2,912,2060000,10,10,10,10,10,10,10,10,80
DKCU5911H,あんこ,YCTM6RYDP,金沢おでん同好会,1395,16,912,2060000,10,10,10,10,10,10,10,10,80
40NR7VRO2,WAICW,FH7G62PKW,月火水木金土日,1446,18,914,2059000,10,10,10,10,10,10,10,10,80
82XHVVXLA,Tep(TH),0UT59MJ8U,かほすこ同好会,1510,18,914,2059000,10,10,10,10,10,10,10,10,80
BYP30MHXJ,TK,2K5AM4RV0,とろぺりです,1186,11,916,2058000,7,8,6,8,10,8,7,8,62
94GKSM6XV,ストレイド,BCJRMHE75,梢すきすきクラブ,1480,18,916,2058000,10,10,10,10,10,10,10,10,80
1AZ5EJR7Z,Inahime,X7C21B7H7,泥,1509,14,918,2057000,10,10,10,10,10,10,10,10,80
CUN9BHK45,赤坂,FTY0R8KPH,泥の皆様,930,6,918,2057000,10,10,10,10,10,10,10,10,80
QUH9UCVTD,川合,V26546K3D,乙宗気合筋肉,1398,18,920,2056000,10,10,10,10,10,10,10,10,80
1HBMC2CTW,うゆ,JTX1G19BP,さやかほ癒し会,1180,18,920,2056000,8,10,10,10,10,8,10,7,73
B6XFP7VNH,mi,4XRHRYDW4,無言でエンジョイ,1397,0,922,2055000,10,10,10,10,10,10,10,10,80
VFJV4WLT6,奇策,J800VVPTN,Aqours,1113,17,922,2055000,10,10,10,10,10,10,10,10,80
BXVWFVNW5,春日影,919XF8V2V,蓮之空大三腳,1120,14,924,2054000,10,10,10,8,10,10,10,10,78
7YX6Y7YK1,れおっぴ,2JK7E4115,ラ！推し,1400,7,924,2054000,10,10,10,10,10,10,10,10,80
HF086UDM7,かじちゃん,AVX749PPB,姫芽ちゃん親衛隊,1020,14,926,2053000,10,10,10,10,10,9,9,9,77
NUJYM1WUV,dohho,ABALH0AL3,楽園計画,1399,18,926,2053000,10,10,10,10,10,10,10,10,80
J63BU63IU,イクコウ,YFADYJVW4,FPS好きクラブ,1517,17,928,2052000,10,10,10,10,10,10,10,10,80
8Q9YTKSM2,るる,4RY75CKM4,LLすこ部　メ募,1472,11,929,2051000,10,10,10,10,10,10,10,10,80
33LNLB21H,なろー,BTVC9G95X,FES用,1226,13,929,2051000,10,10,10,10,10,10,10,10,80
VJ89ASDAM,まぐろー,7U20138DB,LGP,1389,17,931,2050000,9,10,8,8,10,8,9,10,72
H313PMV54,とう,WAT20PN3Y,こな党,1247,3,932,2049000,10,10,10,8,9,8,10,10,75
AKMY82517,いずのあい,HE0GK3EPE,瑞蓮プロカ倶楽部,1733,18,932,2049000,10,10,10,10,10,10,10,10,80
LEEU9JZFJ,きりんちゃん,RWARTHA1M,乙宗梢大好き部,1730,17,934,2048000,10,10,10,10,10,10,10,10,80
2KWFKGUSL,しっこく,976BY5JWK,ハルカカナタ,1143,9,935,2047000,7,9,5,4,10,10,6,8,59
5GGWMNB8V,ジャーマネ,AXG81GPMP,蓮ノ空マタギ部,1491,17,935,2047000,10,10,10,10,10,10,10,10,80
6U5TF6C0W,タキホ,8M6UDX260,ぽけもん好き,1090,7,937,2046000,10,10,10,10,10,10,10,10,80
9HZSVL4CY,ダイバー,WHWT61ELR,【無言】ハスノソ,1402,14,937,2046000,10,10,10,10,10,10,10,10,80
G2YIR4WCH,みかん,CM5THHYHB,「」ノ空だけれど,1494,12,939,2045000,10,10,10,10,10,10,10,10,80
0AO1734LO,Ｒスキー,8JMW9G2XW,僕らのリンクラ！,1382,7,939,2045000,10,10,10,9,10,10,10,10,79
STYD2YWWM,ごば,RF5215M2U,スクステ同好会②,1328,18,941,2044000,6,10,9,6,10,10,9,7,67
D4H57USEN,全粒粉クッキー,NMT63RUDV,泥村,1094,12,942,2043000,10,7,7,7,10,10,7,7,65
HWJC1S41M,【天然】蟹味噌,1DU9LCND7,蓮ノ空すこやか部,1476,18,943,2042000,10,10,10,10,10,10,10,10,80
C3E5301MV,Peer,D7H8MN2U4,LLD,1223,6,943,2042000,10,10,10,10,10,10,10,10,80
FVPWHIUS5,いっしー,X33HHA9F8,アルストロメリア,1333,12,945,2041000,10,10,10,10,10,10,10,10,80
QT70B8HJT,れん,Y2R7E79U3,カワウソ同好会,1604,18,945,2041000,10,10,10,10,10,10,10,10,80
2XNU87W5U,ほそかわたかし,ABALH0AL3,楽園計画,1066,9,947,2040000,10,10,10,10,10,10,10,10,80
RFM4CVP8P,カッチャン,N8L41JAA7,無言 ノルマなし,1289,15,947,2040000,10,10,10,9,10,10,9,9,77
NNN6H5GTN,三尺,WTJV514G9,蓮ノ空のお弁当屋,1129,6,949,2039000,10,10,10,10,10,10,10,10,80
MH25XY5YR,「」リ,NMT63RUDV,泥村,1419,18,950,2038000,10,10,10,10,10,10,10,10,80
YAVRF19YD,b,N1DJVPGP8,いつでも咲けるよ,1276,3,950,2038000,10,10,10,7,10,8,9,9,73
87HHNCP84,こおり,CTW8DKV5P,まったり,941,6,952,2037000,10,10,10,10,10,10,10,10,80
AADHJTAH6,ハッピー至上主義,0UT59MJ8U,かほすこ同好会,1215,10,952,2037000,10,10,10,10,10,10,10,10,80
935BA0WHY,にむ,RF5215M2U,スクステ同好会②,1611,18,954,2036000,10,10,10,10,10,10,10,10,80
4L1WIM8NX,素敵さん,73CBYJYB0,"oNM,",1680,15,954,2036000,10,10,10,10,10,10,10,10,80
2FRL7KV1T,金字塔P,R181MKNX1,みらくらは人生！,1209,0,956,2035000,10,10,10,10,10,10,10,10,80
IEQVGJ4Z2,坊,G59NGM0XA,シュリーレン,1482,18,956,2035000,10,10,10,10,10,10,10,10,80
MY2P7YB3V,saku,W3YKKRWHG,ルリと愉快な一家,1251,18,958,2034000,10,10,10,10,10,10,10,10,80
CV0F9DANL,とぅすお,V26546K3D,乙宗気合筋肉,1321,11,959,2033000,10,10,10,10,10,10,10,10,80
KP64DKWB0,まるせつ,85D411XNB,蓮っ子の集い,1378,18,959,2033000,10,10,10,10,10,10,10,10,80
63AJ2C8JK,ながれぼし,VLY5JDKCV,新規なのだけれど,1074,11,961,2032000,9,9,10,7,10,10,9,8,72
3J15R3K2L,壱与,M49MMBK4F,スリーズパーク,874,2,961,2032000,9,10,10,10,10,10,9,9,77
R9O17BK3H,yumeca,WAT20PN3Y,こな党,1391,14,963,2031000,10,10,10,10,10,10,10,10,80
L46P41LMI,しし座のB型,7R8NKPAB1,花帆推し倶楽部,1415,11,963,2031000,10,10,10,10,10,10,10,10,80
RGJ7KKAVB,あかたか,KXU941RFJ,梢先輩おめでとう,1589,18,965,2030000,10,10,10,10,10,10,10,10,80
KRW43GG13,グラフプ,B5V2LNN43,WMW,1597,8,965,2030000,10,10,10,10,10,10,10,10,80
955BYUBB9,鰯,1G89KTD5X,サークルひとり,1321,6,967,2029000,10,10,10,10,10,10,10,10,80
FSXL0ZX51,えっちゅう,NJBBTCY3A,かにかに！,1262,12,967,2029000,10,9,9,10,10,10,9,10,77
64G97EX0C,金沢市民,26JDLMBLN,徒町は強く生きる,1117,9,969,2028000,10,10,10,10,10,10,10,10,80
HPW1ANKLW,きぶぎす,48BTAPMBG,蓮ノ空魔術部,997,8,969,2028000,9,8,9,8,10,10,9,8,71
5D40MOFIU,つづこず世界,WCL6R1ANU,無所属の会,1327,10,971,2027000,10,10,10,10,10,10,10,10,80
I487A8G0C,わいえす,KT4C59NXG,めぐ島,1299,15,971,2027000,10,10,10,10,10,10,10,10,80
NN1EGQEYN,射撃魔,2NY9H8BR9,乙宗紅茶館,1331,7,973,2026000,10,10,10,10,10,10,10,10,80
5BP0BM5WG,みゃーさま@,E12PR824F,ゆるっと蓮ノ空,612,2,973,2026000,10,10,10,10,10,10,10,10,80
AUEOHWX6Y,ざき,YCTM6RYDP,金沢おでん同好会,1574,18,975,2025000,10,10,10,10,10,10,10,10,80
LH75E5TGT,ぷろりん,0UT59MJ8U,かほすこ同好会,1565,12,975,2025000,10,10,10,10,10,10,10,10,80
NWTP5WXHV,タチバナ,NMT63RUDV,泥村,1394,9,977,2024000,10,10,10,10,10,10,10,10,80
K4KXET9FL,センソン,X7C21B7H7,泥,1270,15,977,2024000,10,10,10,10,10,10,10,10,80
X2NPA60KG,りあ,R181MKNX1,みらくらは人生！,1094,9,979,2023000,10,10,10,10,10,10,9,10,79
JZ1E4FOB6,むらさきつばき,AWFDLJ1HC,小蓮花（重生版x,1105,1,979,2023000,8,9,9,9,9,10,7,7,68
J3UNS4PQW,チゼ,1BME38BCD,さすさやクラブ,1377,7,981,2022000,10,10,10,10,10,10,10,10,80
0T75620R6,りっくん,2B97MH4YA,同じ話し何回も…,1309,18,981,2022000,10,10,10,10,10,10,10,10,80
DM845G6CU,Mea.,Y2HV0YEF7,蓮ノ空を応援し隊,1259,16,983,2021000,10,10,10,9,10,10,10,10,79
LX2J0YDAZ,Judy,GMEF2K8DL,花咲く泥も好き²,1598,17,983,2021000,10,10,10,10,10,10,10,10,80
3O33FUW42,クリムゾン孔雀,9GDHWXGVG,ルリと花咲く毎日,1489,18,985,2020000,10,10,10,10,10,10,10,10,80
8DM3VEOM6,のん,GVT61ATX0,なのだけれど,1496,16,985,2020000,10,10,10,10,10,10,10,10,80
NFHW3MHX0,カンナ,K4TAHF9YA,はすっこ準備室,1129,14,987,2019000,10,9,9,9,10,10,8,10,75
6KKO3RFTI,とむとむくん,J62DRC7J5,蓮ノ空好き好き会,1309,15,987,2019000,10,10,10,10,10,10,9,8,77
4CYM2JTJR,Impact,V6DV6KETG,梢好き好きクラブ,1302,9,989,2018000,10,10,10,9,9,9,9,9,75
3DA8ELIEA,玉さん,A9MA307FX,楽しいが一番,1571,18,989,2018000,10,10,10,10,10,10,10,10,80
9NT7YU06E,青葉,FG5VFFNRK,蓮ノ空おじさん,900,6,991,2017000,10,10,10,10,10,10,10,10,80
2J6BM4797,たっち,WN5B7VKPU,きんぴられんこん,1516,10,991,2017000,6,7,8,7,10,6,6,8,58
AHR32783X,とろろ蕎麦,5KK3DFY18,MUGEN∞,1275,0,993,2016000,10,10,10,10,10,10,10,10,80
YS54DOFNV,ぬこぬこ,B5V2LNN43,WMW,1497,18,993,2016000,10,10,10,10,10,10,10,10,80
73OUNPHVO,こう,KW0RM1LEP,はすっこくらぶ,1354,11,995,2015000,6,8,8,5,8,8,10,10,63
KA2DTRI1A,ひは,UVN7G4X3A,闇のルビィ団,1561,6,995,2015000,10,10,10,10,10,10,10,10,80
KY1XNTX2L,ローキュー,VLY5JDKCV,新規なのだけれど,1290,17,997,2014000,10,10,10,10,10,10,10,10,80
C8JT0ZF4H,ミツキ,Y2R7E79U3,カワウソ同好会,1234,2,997,2014000,7,5,9,7,6,10,8,9,61
D091ANCFC,ぽっぽ,998H940YN,お嬢様筋トレ部,1575,15,999,2013000,10,10,10,10,10,10,10,10,80
XY15TEL69,_ﾏ,GW4CH70HK,TKG同好会,1138,17,999,2013000,10,10,10,10,10,10,10,10,80
7G220TFD5,たっと,49AMYCXCD,ルドベキア,1320,13,1001,2012000,10,10,10,10,10,10,5,7,72
2FKKGLGGP,シンシン,FVJABCVP3,瑞蓮ラボ,1303,17,1001,2012000,8,6,10,7,9,10,9,5,64
APVOZ787T,ラナ,RF5215M2U,スクステ同好会②,1586,18,1003,2011000,10,10,10,10,10,10,10,10,80
XGA0TTJ7I,ときのき,YCTM6RYDP,金沢おでん同好会,1565,16,1003,2011000,10,10,10,10,10,10,10,10,80
8OJ4K93MD,コロ,HBUK6F7CC,乙宗梢なりきり部,1663,15,1005,2010000,10,10,10,10,10,10,10,10,80
WX79T3VEI,ふぁーじ,NJBBTCY3A,かにかに！,697,5,1006,2009000,9,9,10,8,10,10,8,6,70
B9P5BJ9BE,ペトラ,M5LHG6R4T,乙宗動物園,1180,13,1006,2009000,10,10,10,10,10,10,10,10,80
2RXBMCHH9,ぶるおんせん,YE7CX8RNP,蓮ノ大三十角ex,1285,16,1008,2008000,10,10,10,10,10,10,10,10,80
792K5TKXF,TMY「,NMT63RUDV,泥村,1473,4,1008,2008000,10,10,10,10,10,10,10,9,79
0GWYFP0AP,あお2,RF5215M2U,スクステ同好会②,1184,6,1010,2007000,10,10,9,10,10,9,10,10,78
MTC3Y7T16,こえたから,79C17CHA2,蓮ノ空出張部,1456,18,1010,2007000,10,10,10,10,10,10,10,10,80
IWQELTQ3D,すなを,CX967RTGY,おんゆあさーくる,1326,16,1012,2006000,10,10,10,10,10,10,10,10,80
WZ5XYVPP1,トイトイ,79C17CHA2,蓮ノ空出張部,1448,15,1012,2006000,10,10,10,10,10,10,10,10,80
FGVG90592,ゆきち,FMKP92LRL,目が霞む人達,1294,8,1014,2005000,10,10,10,10,10,10,10,10,80
5XA221NB7,茶ダム,FE282F3VH,天悶部,1197,6,1014,2005000,10,10,10,10,10,10,10,10,80
E42SLTUG5,シオル,YCTM6RYDP,金沢おでん同好会,1522,4,1016,2004000,10,10,10,10,10,10,10,10,80
G6FMPJYHT,ふらじーる,FTY0R8KPH,泥の皆様,1105,15,1016,2004000,10,10,10,9,10,9,7,8,73
4WBT2NLH7,zeaks,JTX1G19BP,さやかほ癒し会,1339,11,1018,2003000,10,10,10,9,10,10,10,10,79
MGO4M6TKM,ユノ,GVT61ATX0,なのだけれど,1362,8,1018,2003000,10,10,10,10,10,10,10,10,80
DTNPMVGB9,瑠璃乃推し,HKETDDCK6,ぼっちざ蓮!!,1186,18,1020,2002000,10,10,10,10,10,10,10,10,80
CDTVPL2BX,LIGH-KOU,K25DPPGT9,圧倒的にまったり,1298,10,1020,2002000,10,10,10,10,10,10,10,10,80
S44PA6B73,しずく饅頭,LY0XPW7NL,元カノ概念強火派,1596,12,1022,2001000,10,10,10,10,10,10,10,10,80
BGHQZ7N7W,の〜ヴぁ♪,GKR9TEBYC,毎日がホリデイ♪,1664,18,1022,2001000,10,10,10,10,10,10,10,10,80
YKVFDXYY9,ねり飴,73N4AB3LR,かほ子のイオン,1389,7,1024,2000000,10,10,10,10,10,10,10,10,80
7J35LPAK6,ぜんざい屋,GN1798YEX,ド!ド!同好会,1344,5,1024,2000000,10,10,10,10,10,10,10,10,80
IW76FOFD0,カンガルー1号,ATB27G5P2,おこめ茶寮,1474,18,1026,1999000,10,10,10,10,10,10,10,10,80
0J9VGUGRR,TAKA,GN1798YEX,ド!ド!同好会,1410,18,1026,1999000,10,10,10,10,10,10,10,10,80
KUX508348,すくたれもの,79C17CHA2,蓮ノ空出張部,1173,15,1028,1998000,10,10,10,10,10,9,9,10,78
N5U5H5DCX,シューマイ,1DU9LCND7,蓮ノ空すこやか部,1171,12,1028,1998000,7,8,8,7,10,9,9,7,65
A2AFNK3F0,やっしゅん,W3YKKRWHG,ルリと愉快な一家,1465,18,1030,1997000,10,10,10,10,10,10,10,10,80
DWCERKRUG,Porafa,CXG25026E,泥のみんなS,1222,16,1030,1997000,10,10,10,10,10,10,10,10,80
Z4OYJ1OKQ,いがぐり,X34LWGL6R,サークル2,1409,15,1032,1996000,8,10,8,10,10,10,10,10,76
IMJWTY6HM,みっつぃ〜,0B8RTHY4D,のんびり屋さん,1623,18,1032,1996000,10,10,10,10,10,10,10,10,80
AMV02DEFM,山野愛月,FK5MUK0ET,くる♡すきクラブ,1404,18,1034,1995000,10,10,10,10,10,10,10,10,80
5BPA0093G,うえのん,FK5MUK0ET,くる♡すきクラブ,1222,15,1034,1995000,10,10,10,10,10,10,10,10,80
5IZGYSDGG,かわい,WTJV514G9,蓮ノ空のお弁当屋,1381,18,1036,1994000,10,10,10,10,10,10,10,9,79
QK8CE7HOV,シンク,G0J2F9NAL,さやさやさーくる,1323,12,1037,1993000,10,10,10,10,10,10,10,10,80
VHTVHM7LR,奶綠,YFADYJVW4,FPS好きクラブ,548,0,1037,1993000,10,10,10,10,10,10,8,7,75
RL04WF519,翔,49AMYCXCD,ルドベキア,1609,18,1039,1992000,10,10,10,10,10,10,10,10,80
3U37YD7G6,くぃ,W26TRPM1R,めぐ党藤島派,1450,15,1040,1991000,10,10,10,10,10,10,10,10,80
W0JH3ZDZZ,春風,0UT59MJ8U,かほすこ同好会,1492,10,1040,1991000,10,10,10,10,10,10,10,10,80
7H13P2EPG,せとか,6XX7GBM0K,ぷちぐる同好会,1439,18,1042,1990000,10,10,10,10,10,10,10,10,80
09H0N26FN,ひこ,9E910GGD2,蓮ノ空給湯室,810,4,1042,1990000,5,7,10,10,10,10,9,10,71
4LMTMITC5,ユーズキ,KGG6VMD1R,蓮ノ空本蓮沼の会,842,6,1044,1989000,8,10,8,10,10,9,3,10,68
M96XRQZRW,一輝,RFYKY8DCD,LA.LA.LA,1443,14,1045,1988000,10,10,10,10,10,10,10,10,80
C7514GVOI,iopiy,RFYKY8DCD,LA.LA.LA,1485,18,1045,1988000,10,10,10,10,10,10,10,10,80
9L8A47NPK,大坪あなご,FG5VFFNRK,蓮ノ空おじさん,1471,12,1047,1987000,10,10,10,10,10,10,10,10,80
LTNMS1B5M,あるふ燈翠,PPAHU1TNY,蓮ノ空のんびり部,1345,7,1047,1987000,10,10,10,6,10,10,8,6,70
74NVPKIGI,"なめろうoNM,",73CBYJYB0,"oNM,",1684,15,1049,1986000,10,10,10,10,10,10,10,10,80
D1T17CR7L,ふらぴく∬,8JMW9G2XW,僕らのリンクラ！,1486,18,1049,1986000,10,10,10,10,10,10,10,10,80
UM0BNRUPA,あるひに,948FLPMPN,まったりハス煮〜,1294,16,1051,1985000,10,10,10,10,10,10,10,10,80
XH9G72MU9,機械3号･~･,KBJ2P8T0Y,人見知りの集い,1332,16,1052,1984000,10,10,10,10,10,10,10,10,80
CRBY4XCB9,すべゆるお,VW65MCVF8,スリスリーズ,1593,15,1052,1984000,10,7,7,9,8,8,8,9,66
PE4EU1BE7,アーク,48BTAPMBG,蓮ノ空魔術部,765,2,1054,1983000,10,10,10,10,10,10,10,10,80
2WAIQS7WK,AIMe2,TK9E1BB1P,無言で自由,1552,18,1054,1983000,10,10,10,10,10,10,10,10,80
32H9R2UH9,りき,F8MLHU2NV,乙宗梢様､､､,1283,10,1056,1982000,10,9,9,9,10,10,10,8,75
JE52769YD,0000,573J1JVVK,かほかほ,823,5,1057,1981000,10,10,10,10,10,10,10,10,80
N422VBWO7,Angelkey,79C17CHA2,蓮ノ空出張部,1534,18,1057,1981000,10,10,10,10,10,10,10,10,80
6UPER4EDF,ハリ,X87KNX4N3,蓮ノ流星群,1401,18,1059,1980000,10,10,10,10,10,10,10,10,80
P34EPD352,ゆー,9JTF508LB,スクスタ亡霊部,1423,15,1059,1980000,10,10,10,10,10,10,10,10,80
UW6LOGHFD,室長,KULVP7FDR,アニマル分室,1493,16,1061,1979000,10,10,10,10,10,10,10,10,80
2CX0L3FNW,ランダウ,VP0K6KF0K,蓮ノ空大好き!!,1198,17,1061,1979000,8,10,10,7,10,10,9,10,74
W3RBWWDYM,nano,RWARTHA1M,乙宗梢大好き部,1585,3,1063,1978000,10,10,10,10,10,10,10,10,80
J3KYNTYL0,のわ,9GDHWXGVG,ルリと花咲く毎日,1058,10,1063,1978000,3,10,2,3,10,8,4,4,44
8DV5XX99R,セラぱい,25PMPEMG7,星見プロ,1480,12,1065,1977000,10,10,10,10,10,10,10,10,80
TD1VKW41K,ねぷ,11FB0EDDT,スクステ同好会,1274,15,1065,1977000,10,10,10,10,10,10,10,10,80
UBDNAYCNL,ドヤ,26JDLMBLN,徒町は強く生きる,1038,6,1067,1976000,10,9,10,9,9,10,10,8,75
IW1O2POHO,ゆざる,9YM3DBTB7,泥民館,1407,18,1067,1976000,10,10,10,10,10,10,10,10,80
AM0UPGMWC,メガネ,E050K9859,蓮党,990,5,1069,1975000,10,7,10,10,9,8,10,8,72
0K0C0NB0A,mishiro,07WJ3V6EC,ハスノコ,1434,4,1069,1975000,10,10,10,10,10,10,10,10,80
81GLQQIAH,ジンベイ,6XX7GBM0K,ぷちぐる同好会,1494,15,1071,1974000,10,10,10,10,10,10,10,10,80
LIVH0U0S2,アキ,AH27N260E,百生信託銀行,1104,10,1072,1973000,10,10,10,10,10,10,7,8,75
29G2WBO7O,はっち。,V8XX999F6,卍蓮村幼稚園卍,1470,18,1072,1973000,10,10,10,10,10,10,10,10,80
H04C1J119,ねざーる,N8L41JAA7,無言 ノルマなし,1451,18,1074,1972000,10,10,10,10,10,10,10,10,80
TQX0EQZK8,そらた,W26TRPM1R,めぐ党藤島派,1412,18,1074,1972000,10,10,10,10,10,10,10,10,80
JBEMPA78R,あなた,ULUELCJ7T,なるようになる？,1280,18,1076,1971000,8,9,8,9,8,9,7,10,68
ME5HX7LK3,归于虚幻,NC2YT2V28,蓮之愛同予者何人,1175,6,1076,1971000,10,10,10,10,10,10,10,10,80
BZQC2ZBFE,星桜,CV62FGL1U,花咲かせ隊,1356,15,1078,1970000,10,10,10,10,10,10,10,10,80
MGGGX0GH1,石もふ,VW65MCVF8,スリスリーズ,1540,18,1078,1970000,10,10,10,10,10,10,10,10,80
3GPD0LRY3,与謝野晶子,P2J37FNLG,乙宗先生指導会,1141,13,1080,1969000,10,10,10,10,10,10,10,10,80
YC8AHBBCX,ふろっず,D7H8MN2U4,LLD,1402,18,1081,1968000,10,10,10,10,10,10,10,10,80
7FNCJDNRY,みゅね,NK05UMLWW,かけ込み寺クラブ,607,0,1082,1967000,10,8,10,8,9,10,7,9,71
IC3L6B080,たっつん,H0DV3JJGA,かほさやてぇてぇ,1643,6,1082,1967000,10,10,10,10,10,10,10,10,80
R1BAYQ0AB,masacazu,K4TAHF9YA,はすっこ準備室,1428,9,1084,1966000,10,10,10,10,10,10,10,10,80
GVXXTLANL,愛を繫いで,8FR866PRY,蓮っ子みらくラブ,1322,18,1084,1966000,10,10,10,10,10,10,10,10,80
P4CGFVWN1,buta,ABALH0AL3,楽園計画,1065,8,1086,1965000,10,10,10,10,10,10,9,9,78
7TQ0F31K6,こらそん,1BME38BCD,さすさやクラブ,1566,16,1087,1964000,10,10,10,10,10,10,10,10,80
EAX8Z37EN,ななせ,M851LEV3N,なっす父兄,1458,18,1087,1964000,10,10,10,10,10,10,10,10,80
9WVX5W6OD,くろすけ,WTJV514G9,蓮ノ空のお弁当屋,1378,18,1089,1963000,10,10,10,10,10,10,10,10,80
EFK7APTBX,_ま,BPHHYC793,ソロ専の集い,643,0,1089,1963000,8,8,10,5,9,10,7,7,64
P5UU1U4YW,ヒロ,JTX1G19BP,さやかほ癒し会,1475,11,1091,1962000,10,10,10,10,10,10,10,10,80
ABKWHHU3E,かたなし,GYG7B5R36,幼馴染同好会,1217,18,1092,1961000,10,10,10,10,10,10,10,10,80
B2XNVVE45,North,7U20138DB,LGP,1271,1,1092,1961000,10,10,10,10,10,10,10,10,80
4XB2JUHXW,バジはくまい,CV62FGL1U,花咲かせ隊,1360,4,1094,1960000,10,10,10,10,10,10,10,10,80
VKNVBR7S7,リリ,WLFW6UCX5,無敵級ビリーバー,1361,17,1094,1960000,10,7,10,10,9,8,9,10,73
U6XZFIJJL,にゅーとろん,V4A5MP41E,徒町チャレンジ！,1460,9,1096,1959000,10,10,10,10,10,10,10,10,80
6AEKZEMQ6,ふゆねこ,BKUHCT7WF,蓮女お嬢様部,1402,18,1096,1959000,10,10,10,10,10,10,10,10,80
RJJT8JA6N,しらたま,L1VGJTD5P,蓮ノ空お茶会部,1019,12,1098,1958000,10,10,10,10,10,10,10,10,80
J3KXB7WJA,おひ野菜さん,E7673WR7C,マルガイジ,885,5,1098,1958000,10,10,10,10,10,10,10,10,80
MX4E268DJ,もじゃらんど,48BTAPMBG,蓮ノ空魔術部,1447,14,1100,1957000,10,9,10,10,10,10,10,10,79
PK3CH1XXE,なつめ,NMT63RUDV,泥村,1565,15,1100,1957000,10,10,10,10,10,10,10,10,80
MC5OZXTQF,しぐつき,9GDHWXGVG,ルリと花咲く毎日,1235,18,1102,1956000,10,10,10,10,10,10,10,10,80
FCG17HTDC,カニカイ,9FF5JBNDF,めぐすきクラブ,1575,18,1102,1956000,10,10,10,10,10,10,10,10,80
MCLPXRE1E,ファラオ,1DU9LCND7,蓮ノ空すこやか部,1386,12,1104,1955000,10,10,10,10,10,10,10,10,80
58LD8VV05,万有グラビティ,FMWNYA91A,夕霧鼓門0.17,706,3,1104,1955000,10,10,10,10,10,10,10,10,80
E9FMEDE4D,>M<,YDYH4VRRP,レンクウ,976,5,1106,1954000,10,10,10,10,10,10,10,10,80
C88Q8HAG2,めんつゆ,998H940YN,お嬢様筋トレ部,1141,8,1106,1954000,10,10,10,10,10,10,10,10,80
8R81JOJWW,saki,P2J37FNLG,乙宗先生指導会,1198,13,1108,1953000,10,10,10,10,10,10,10,10,80
WBCGWZCEN,NAS,KBJ2P8T0Y,人見知りの集い,1424,11,1108,1953000,10,10,10,10,10,10,10,10,80
PFBHDAGN8,ハレ,48BTAPMBG,蓮ノ空魔術部,1186,8,1110,1952000,10,10,10,10,10,10,10,10,80
RFWRV5KP2,yuki324,X7C21B7H7,泥,487,1,1110,1952000,10,2,6,10,7,3,4,5,47
VL5H09GYG,台湾からのはんだ,GYG7B5R36,幼馴染同好会,1235,18,1112,1951000,8,8,7,10,10,10,10,10,73
FM41TVQJQ,ジャム,0TKFF5EG3,サークル名募集中,1653,18,1113,1950000,10,10,10,10,10,10,10,10,80
MR2C7JKFV,アイと,N1JM7M3YC,丘側,583,1,1113,1950000,10,10,10,10,10,10,10,10,80
KYH3BUB2R,青緑色,CTW8DKV5P,まったり,1543,18,1115,1949000,10,10,10,10,10,10,10,10,80
6IJT78QJS,ふぁい,6XX7GBM0K,ぷちぐる同好会,1430,8,1116,1948000,10,10,10,10,10,10,10,10,80
2CKHM0GEM,たいしょー,4URND90YY,参加賞狙い,696,2,1116,1948000,10,8,9,8,10,9,8,9,71
2LLMP3JEA,かわや,0TKFF5EG3,サークル名募集中,1414,9,1118,1947000,10,10,10,10,10,10,10,10,80
5E7KHJ7EN,さんくん,HB9AU9DJJ,聖心党,1211,6,1119,1946000,8,5,9,5,7,10,8,8,60
PMFQ33W76,ティワワ,4RY75CKM4,LLすこ部　メ募,1506,10,1119,1946000,10,10,10,10,10,10,10,10,80
7WEHEX7T9,あやね,LLTD7LBDV,ソロ,1651,15,1121,1945000,10,10,10,10,10,10,10,10,80
V2N04HFKT,一心,V6DV6KETG,梢好き好きクラブ,1195,7,1121,1945000,10,10,10,10,10,10,10,10,80
7BFDBP9XB,かよちん,W3F0URUJC,梢先輩応援団,744,4,1123,1944000,10,6,8,7,8,10,6,5,60
CXPCVK9R8,エイメン,FE282F3VH,天悶部,1353,10,1123,1944000,10,9,10,10,10,10,10,10,79
DPK12D7YW,けんぼー,N1JM7M3YC,丘側,1237,12,1125,1943000,10,10,10,10,10,10,10,10,80
8VBLF9GS8,火達磨,578YG6EAT,桜桃花束愛聴会,1593,12,1125,1943000,10,10,10,10,10,10,10,10,80
320HQ510M,ぴよ,6XX7GBM0K,ぷちぐる同好会,1526,17,1127,1942000,10,10,10,10,10,10,10,10,80
34J8GIUXF,ロールパン,K25DPPGT9,圧倒的にまったり,1351,18,1127,1942000,10,10,10,10,10,10,10,10,80
YLGV922B9,ラビ,79C17CHA2,蓮ノ空出張部,1460,18,1129,1941000,10,10,10,10,10,10,10,10,80
YBU4C8MPB,asupara,PLBBEX019,待機室目指し隊,659,4,1129,1941000,10,10,10,10,10,10,10,10,80
LNLH3S1AI,アララギ,2DYYAPFVN,蓮っ子村,1023,8,1131,1940000,5,10,10,6,10,10,2,7,60
0R6JF8Y94,ししゃーも,0TKFF5EG3,サークル名募集中,1327,14,1132,1939000,10,10,10,10,10,10,10,10,80
YHEGTG118,テンカ,K2L5DCVNR,REAL,1317,10,1133,1938000,10,10,10,10,10,10,10,10,80
X9735CYTG,ミレイユ,E5JKTW00K,蓮ノ空まったり部,1124,17,1133,1938000,10,10,9,9,10,10,9,8,75
HRGE6XY4D,おかだ,6XX7GBM0K,ぷちぐる同好会,1260,5,1135,1937000,10,10,10,10,10,10,10,10,80
CMZHZ9KOZ,「nappa」,CM5THHYHB,「」ノ空だけれど,1428,18,1135,1937000,10,10,10,10,10,10,10,10,80
JWB12P0L3,あなざー,M206VENTF,蓮紺の会,1091,8,1137,1936000,10,10,10,10,10,10,10,10,80
B00T9WN8L,tos,PULJ8VCHJ,蓮ノ空を推す会,895,3,1137,1936000,10,10,10,8,10,10,9,7,74
CZIOGHGFM,いっちー,CXG25026E,泥のみんなS,1561,10,1139,1935000,10,10,10,10,10,10,10,10,80
6FHMBRYXM,峯岸みなみ,7R8NKPAB1,花帆推し倶楽部,1327,17,1139,1935000,10,10,10,10,10,10,10,10,80
KFBI2VLIM,Jun,AND13836G,乙宗梢親衛隊,1491,18,1141,1934000,10,10,10,10,10,10,10,10,80
4FGPNYMSS,てんよし,HE0GK3EPE,瑞蓮プロカ倶楽部,1688,15,1142,1932000,10,10,10,10,10,10,10,10,80
43YKLH543,リュウ,BT22M41DV,梢花帆吟子同好会,1464,18,1142,1932000,10,10,10,10,10,10,10,10,80
VV8RPP6PX,umeo,WN5B7VKPU,きんぴられんこん,1507,16,1144,1931000,10,10,10,10,10,10,10,10,80
PJ68GMD3M,ෆ ̖́-じょせ,CX967RTGY,おんゆあさーくる,1219,17,1144,1931000,10,10,10,10,10,10,9,10,79
YLQKVDHGG,皆月(みなとつき,R181MKNX1,みらくらは人生！,1386,17,1146,1930000,10,10,10,10,10,10,10,10,80
0EKYJDS1H,魔牛羊,B2KV0EVPD,蓮ちゅきクラブ,1195,10,1146,1930000,7,10,7,9,9,10,7,7,66
E6TYK4KM2,ｼｬｹ,NJBBTCY3A,かにかに！,1207,7,1148,1929000,7,7,7,8,6,7,7,8,57
9TCT4KUVJ,あいすまんじゅう,6FWRD1K40,いちじょ海賊団,1481,8,1149,1928000,10,10,10,10,10,10,10,10,80
72OA5HUPW,どなた,M5LHG6R4T,乙宗動物園,1248,17,1150,1927000,10,10,10,10,10,10,10,10,80
VH8JFBP48,freed,GWGDMA3YC,初心者無言自由だ,1315,13,1150,1927000,10,10,10,10,10,10,10,10,80
MJIM20CIT,サカヒーロ,V6DV6KETG,梢好き好きクラブ,1424,17,1152,1926000,9,10,10,10,10,10,10,10,79
MTAZVZYZQ,あかば,8R49BTWW6,蓮女お嬢様クラブ,1302,10,1152,1926000,10,10,10,10,10,10,10,10,80
PHFHX58UT,モガンボ,RF5215M2U,スクステ同好会②,1211,5,1154,1925000,10,10,9,9,10,10,10,8,76
MPY1ACKFX,カンパチ,GWGDMA3YC,初心者無言自由だ,1394,18,1154,1925000,10,10,10,10,10,10,10,10,80
G9H0HMGHX,ヒマラヤン,8R49BTWW6,蓮女お嬢様クラブ,1385,17,1156,1924000,10,10,10,10,10,10,10,10,80
0JCJQG554,イーサン,73N4AB3LR,かほ子のイオン,1372,14,1156,1924000,10,10,10,9,10,10,10,10,79
KAEXJ7XT6,実質徒町の兄,ABU58EVJ2,Quatuor,1195,14,1158,1923000,10,10,10,10,10,10,10,10,80
C3LBT86LJ,鍵,02XNKDH8X,せーはすの雑用係,1308,5,1158,1923000,10,10,10,10,10,10,10,10,80
YITVM7SHL,s27,HE0GK3EPE,瑞蓮プロカ倶楽部,1481,18,1160,1922000,10,10,10,10,10,10,10,10,80
MEVAY9GIT,ポイントマン,KXU941RFJ,梢先輩おめでとう,1533,15,1160,1922000,10,10,10,10,10,10,10,10,80
0K698VPKP,ショウ,Y2HV0YEF7,蓮ノ空を応援し隊,1325,13,1162,1921000,10,10,10,10,10,10,10,10,80
AGAG7AJE9,ルーク,YCTM6RYDP,金沢おでん同好会,1400,8,1162,1921000,10,10,10,10,10,10,10,9,79
RD4BMG4UH,ふじかつ,XE8513HNP,喫茶カワウ空✨,1658,18,1164,1920000,10,10,10,10,10,10,10,10,80
IY2V9J98F,やまや,UYCT3Y4JK,蓮っ子,1731,18,1164,1920000,10,10,10,10,10,10,10,10,80
WM3IY4Z36,wdgms,NT2KU5174,こずかほ。,1465,10,1166,1919000,10,10,10,10,10,10,10,10,80
MYXP6MAC5,タロウ,25PMPEMG7,星見プロ,1370,15,1166,1919000,10,10,10,10,10,10,10,10,80
3QI1XP4JG,クマタロー,V7768X8AC,せーので！,1537,10,1168,1918000,10,10,10,10,10,10,10,10,80
0BP7ANXHV,ちゅん×4,K25DPPGT9,圧倒的にまったり,1483,18,1168,1918000,9,8,8,10,9,8,10,10,72
450AX5PRR,ねすこ,V4A5MP41E,徒町チャレンジ！,1333,18,1170,1917000,10,10,10,10,10,10,10,10,80
OZMCCVY3N,キク,GMEF2K8DL,花咲く泥も好き²,1387,7,1171,1916000,10,8,10,10,10,10,9,10,77
8LCHU4WA2,そーじ,0UT59MJ8U,かほすこ同好会,1332,9,1171,1916000,10,10,10,10,10,10,10,10,80
I8TMVU8IM,薫,HBK6KCRPP,無言でおけ,1529,18,1173,1915000,10,10,10,10,10,10,10,10,80
8DF676UYE,みさちか,998H940YN,お嬢様筋トレ部,1145,7,1173,1915000,7,10,10,8,10,9,10,10,74
DV73OQD94,にゃっ,FG5VFFNRK,蓮ノ空おじさん,1590,18,1175,1914000,9,6,7,6,7,7,7,8,57
ZYVZ4FSC5,ご注文は梢ですか,G6LTF6TUE,喫茶ハスノソラ,1711,18,1175,1914000,10,10,10,10,10,10,10,10,80
MN74ELNEJ,せりかわ,T48KV9EP2,無言ぱーく,1384,16,1177,1913000,10,10,10,10,10,10,10,10,80
9KW789LG7,しずおじ,1BME38BCD,さすさやクラブ,1402,18,1178,1912000,10,10,10,10,10,10,10,10,80
GRXB1MUY8,ぴー,V4A5MP41E,徒町チャレンジ！,1156,13,1178,1912000,10,10,10,10,10,10,10,10,80
N3KHOZ0YB,薬さじ,GBEJMUFWT,めぐちゃんズ(仮,778,0,1180,1911000,6,8,9,2,9,10,7,8,59
H6L9HBBMW,卯木,AH27N260E,百生信託銀行,709,2,1180,1911000,10,10,10,10,10,10,10,10,80
YS9DZKQ9V,アザラシ,BKUHCT7WF,蓮女お嬢様部,1319,15,1182,1910000,10,10,10,9,10,10,8,9,76
0OY7LWZQZ,kennto.,H6JWBBGCG,蓮天・乙宗一心流,1432,10,1182,1910000,8,8,9,10,10,10,10,10,75
1DEEHPKAU,ゆきじょー,06DCWC1RE,とりあえず参戦用,1222,3,1184,1909000,10,10,10,10,10,10,10,10,80
K151UE9OE,uma,4RY75CKM4,LLすこ部　メ募,1455,2,1184,1909000,10,10,10,10,10,10,10,10,80
UYYHXRA6K,めぐみん,V4A5MP41E,徒町チャレンジ！,1126,4,1186,1908000,10,10,10,10,10,10,10,10,80
YJ6XMPJT5,れる,4RY75CKM4,LLすこ部　メ募,1365,17,1187,1907000,10,10,10,10,10,10,10,10,80
S7PDFX3DD,Ruby,WN5B7VKPU,きんぴられんこん,1377,18,1187,1907000,7,9,10,8,10,10,10,10,74
LKAXR3J5Y,らすかる,6045Y2RW7,ポチっと！蓮ノ空,1160,18,1189,1906000,10,10,10,10,10,10,10,10,80
NJTVVJ3AR,もちゅに,48BTAPMBG,蓮ノ空魔術部,1685,15,1189,1906000,10,10,10,10,10,10,10,10,80
EDX85VEEE,メル,TX92H9GBV,アフターが見たい,1200,3,1191,1905000,7,5,10,4,7,10,8,10,61
X2ISOX2W3,LumiA,HBUK6F7CC,乙宗梢なりきり部,1334,4,1191,1905000,10,10,10,10,10,10,10,10,80
9LL7HBP0W,ALKY,X7C21B7H7,泥,1508,16,1193,1904000,10,10,10,10,10,10,10,10,80
TJMDPKU7K,いこあん,48BTAPMBG,蓮ノ空魔術部,1219,16,1193,1904000,10,7,10,9,9,9,10,10,74
XOHZ2K3YU,silly,HBUK6F7CC,乙宗梢なりきり部,1433,18,1195,1903000,10,10,10,10,10,10,10,10,80
EJPNW2093,ＤＨ・ミヤ,E58EXVMJU,ボクがんばる。,1393,0,1195,1903000,10,10,10,10,10,10,10,10,80
RVR79LTVM,みかん,BCJRMHE75,梢すきすきクラブ,1151,18,1197,1902000,10,7,9,9,9,10,10,10,74
6FBPZCLEW,古鴉夢,2K5AM4RV0,とろぺりです,1330,12,1197,1902000,10,10,10,10,10,10,10,10,80
DI2V2Q647,紙乃　アリカ,HBK6KCRPP,無言でおけ,1287,18,1199,1901000,10,10,10,9,10,10,9,10,78
AR5VWPKV5,みらくらぽーく,F8MLHU2NV,乙宗梢様､､､,1225,14,1199,1901000,9,8,9,9,10,10,9,8,72
EMD3LH3WH,リリス,MTBP3B4GM,ふらわーすきすき,1483,17,1201,1900000,10,10,10,10,10,10,10,10,80
UV9QYJ5YE,び〜,6XX7GBM0K,ぷちぐる同好会,1531,14,1202,1899000,10,10,10,10,10,10,10,10,80
TDLLB8M13,とりすら,H6JWBBGCG,蓮天・乙宗一心流,1451,3,1202,1899000,10,10,10,10,10,10,10,10,80
43JYBJIVA,やこう,GXR6C85BT,花帆ちゃん親衛隊,1588,11,1204,1898000,10,10,10,10,10,10,10,10,80
80GPLPYF5,お米大使,2A69E25N6,ゆめみづほ,1618,15,1204,1898000,10,10,10,10,10,10,10,10,80
3HNHGOPR3,むらち,VP0K6KF0K,蓮ノ空大好き!!,1373,9,1206,1897000,9,9,10,10,9,9,10,10,76
Z01UF5760,はこ,X34LWGL6R,サークル2,1222,15,1206,1897000,10,10,7,10,10,10,8,8,73
A39DFJRBP,けＥすけ,FG5VFFNRK,蓮ノ空おじさん,1176,0,1208,1896000,10,10,10,10,10,10,10,10,80
A24H959V1,やまう,7R8NKPAB1,花帆推し倶楽部,1126,13,1208,1896000,9,9,10,7,9,10,7,8,69
XVYB0A9NW,しゅんぱな,M5LHG6R4T,乙宗動物園,548,0,1210,1895000,6,7,10,8,10,8,7,6,62
YLGVH328E,めぐミルク,V4A5MP41E,徒町チャレンジ！,1179,1,1210,1895000,10,10,10,10,10,10,10,10,80
4MRCJO6P2,スパボ,R181MKNX1,みらくらは人生！,1494,16,1212,1894000,10,10,10,10,10,10,10,10,80
VD8CGKV44,のたく,79C17CHA2,蓮ノ空出張部,1496,17,1213,1893000,10,10,10,10,10,10,10,10,80
CT7U22H33,ヨミ,B6KWXGHWH,蓮ノ空SIFC,1373,13,1213,1893000,10,10,10,10,10,10,10,10,80
T5FHM6LNR,狐,3MW8HDRTF,秘密結社CKC,1333,18,1215,1892000,10,10,10,10,10,10,10,10,80
M3LTBJH1V,ネム,1DU9LCND7,蓮ノ空すこやか部,1202,18,1215,1892000,10,10,10,10,10,10,10,10,80
3K3KPCXNV,Flammen,PDMPF3VVV,r/LL,1489,18,1217,1890000,10,10,10,10,10,10,10,10,80
FZFUYLW6P,とも,79C17CHA2,蓮ノ空出張部,1547,4,1217,1890000,10,10,10,10,10,10,10,10,80
8P9DB4M9B,海翔,UYCT3Y4JK,蓮っ子,1268,18,1219,1889000,10,10,10,10,10,10,10,10,80
ZA2F8HP15,Zi9ma,KGDNX3EF3,ENcircle,1072,4,1219,1889000,9,8,10,8,9,8,8,9,69
JME01B1A1,ハクチュー黄凛,WN5B7VKPU,きんぴられんこん,1409,12,1221,1888000,10,10,10,10,10,10,10,10,80
L5WXR0V9Y,にっつ,25PMPEMG7,星見プロ,1270,10,1221,1888000,10,10,10,10,10,10,10,10,80
2FM79ACN8,弟子,R9T0YKDW8,バブまち応援隊,1055,14,1223,1887000,10,10,10,10,10,10,9,6,75
WT4NZ287K,はなたば,KXU941RFJ,梢先輩おめでとう,1475,7,1223,1887000,10,10,10,10,10,10,10,10,80
PSW1T3COA,マッキー,GKR9TEBYC,毎日がホリデイ♪,1337,6,1225,1886000,10,10,10,10,10,10,10,10,80
UOCMXFPIR,飛鳥,WHWT61ELR,【無言】ハスノソ,1178,10,1226,1885000,8,8,9,9,9,9,7,7,66
8L8608WFH,ささん,8JMW9G2XW,僕らのリンクラ！,680,0,1227,1884000,10,10,10,10,10,10,10,10,80
RW1CU41CB,だーしゅ,G0J2F9NAL,さやさやさーくる,1154,15,1227,1884000,10,9,10,8,9,8,9,9,72
7WBAU9EW5,海月375,R181MKNX1,みらくらは人生！,977,3,1229,1883000,10,7,9,10,10,10,8,9,73
7PLTVA4SD,どんきちうどん,M5LHG6R4T,乙宗動物園,1506,4,1230,1882000,10,10,10,10,10,10,10,10,80
FY75UBXCL,ぷにぱんだ,J8HXTJ8TB,流し素麺同好会,1353,10,1231,1881000,9,10,9,9,10,10,8,9,74
73LLL5HU8,ウェゐク,TN2M8YT07,まかないしお,689,0,1232,1880000,7,10,9,8,10,10,8,8,70
V0FNA2XDA,ミレット,9GDHWXGVG,ルリと花咲く毎日,1359,15,1232,1880000,10,10,10,10,10,10,10,10,80
P1253CJ83,なります,4KRBU0KFF,ノーチャン会,1291,13,1234,1879000,10,10,10,10,10,10,10,10,80
8O1HMMGJ3,shimauo,95TAREFPT,ご自由にどうぞ,1355,18,1234,1879000,10,10,10,10,10,10,10,10,80
VWAM1LZVB,トメ,YCTM6RYDP,金沢おでん同好会,1479,16,1236,1878000,10,10,10,10,10,10,10,10,80
DCR8TX22K,みんと,V4A5MP41E,徒町チャレンジ！,1269,16,1236,1878000,7,10,8,6,10,9,9,10,69
CNC37228Y,いとーみどり,V26546K3D,乙宗気合筋肉,1248,18,1238,1877000,10,9,8,8,10,10,9,8,72
H751C4668,バンビ,GPNHEGM8H,卯月軍団,1092,9,1238,1877000,10,10,10,10,10,10,10,10,80
CJC6QJ6HK,くあんた,9UKKACGDU,蓮っ子CLUB,1502,10,1240,1876000,10,10,10,10,10,10,10,10,80
LE2PGA7A6,しのぶ,G59NGM0XA,シュリーレン,1245,5,1240,1876000,10,10,9,10,10,10,10,10,79
HP7QWINVD,佳凛,0R8BXPRC1,ポチっ！とクラブ,1260,5,1242,1875000,9,8,9,8,7,9,8,8,66
X7V7KNMRG,Yu,PUJ0ERCMW,蓮ノ空倶楽部,554,2,1243,1874000,7,10,7,10,9,10,7,7,67
8BVTA3YTJ,のりしお,GR65FP8VN,蓮好き,393,0,1244,1873000,10,10,10,10,10,10,10,10,80
0B73BUP3M,しののん,ABALH0AL3,楽園計画,1170,14,1244,1873000,10,10,10,10,10,10,10,10,80
NKFJYWXKN,すもち,WN5B7VKPU,きんぴられんこん,1511,15,1246,1872000,10,10,10,10,10,10,10,10,80
902WTV9GJ,captain,FH7G62PKW,月火水木金土日,1394,9,1246,1872000,10,10,10,10,10,10,10,10,80
KEEKMXE23,ゆのし,GVT61ATX0,なのだけれど,1244,18,1248,1871000,10,10,10,10,10,10,10,10,80
JBN6N91UN,BiBiっときた,5YXVKDEKV,サークル(仮),1092,13,1248,1871000,8,10,10,9,10,10,10,10,77
DV91WR9L8,いよかん,9FF5JBNDF,めぐすきクラブ,1313,18,1250,1870000,7,10,10,9,9,9,10,10,74
8E10AX3J2,CAPM,79C17CHA2,蓮ノ空出張部,1327,16,1250,1870000,10,10,10,10,10,10,10,10,80
F7LDMC7M5,しの,2K5AM4RV0,とろぺりです,1531,18,1252,1869000,10,10,10,10,10,10,10,10,80
CUU3XUXP2,やよい,9YM3DBTB7,泥民館,1304,11,1252,1869000,10,10,10,10,10,10,10,10,80
MEQLSMP8M,miyu,DMWLUP54C,ほげほげ,1358,15,1254,1868000,10,10,10,10,10,10,10,10,80
TN5Y9EW3E,かんづめ,WAT20PN3Y,こな党,1489,7,1255,1867000,10,10,10,8,10,10,10,10,78
3T1R0XWWX,ケイト,KGY709ULG,蓮の花束,574,0,1255,1867000,10,10,10,10,10,10,10,10,80
WGXARLYX1,やすき,NJBBTCY3A,かにかに！,815,3,1257,1866000,5,5,10,7,9,8,7,8,59
55VC38QIN,Newmo,07JW71HWG,良いチケで観よう,1355,12,1257,1866000,10,10,10,10,10,10,10,10,80
RM8XVIS1J,ローレンス,V4A5MP41E,徒町チャレンジ！,1457,17,1259,1865000,10,10,10,10,10,10,10,10,80
E1ECVJ7T1,にゃんこ先生,74HPWML1R,VALORANT,401,0,1259,1865000,8,5,8,6,8,9,6,2,52
27004J3L2,まっつぁん,N7GLY2RUW,百生銀行,1416,14,1261,1864000,10,10,10,10,10,10,10,10,80
2YVXVH4YA,むさのまる,F8MLHU2NV,乙宗梢様､､､,1341,12,1261,1864000,10,10,9,9,10,9,9,10,76
SN2NJFTUD,フォフォ,MTBP3B4GM,ふらわーすきすき,1427,7,1263,1863000,10,10,10,10,10,10,10,10,80
2HFTNWW16,mzsm,GVT61ATX0,なのだけれど,1337,15,1264,1862000,8,9,10,10,9,9,10,10,75
CIG88XHJP,日向（ひなた）,5C2EVBBC1,まったり蓮ノ空,1300,14,1264,1862000,10,6,10,10,9,8,8,10,71
NJIKFN9TC,彩丸,T2XRMGEAE,蓮根無言会,1249,7,1266,1861000,8,10,8,5,10,10,10,9,70
5VDMLPVY3,刹那,F8MLHU2NV,乙宗梢様､､､,1106,12,1266,1861000,10,10,9,9,9,9,9,9,74
AY3WK79BW,Aegis,YFADYJVW4,FPS好きクラブ,1385,15,1268,1860000,10,10,10,10,10,10,10,10,80
0AF3ZJV16,あどび,GVT61ATX0,なのだけれど,1281,4,1268,1860000,10,10,10,9,10,9,9,9,76
K8TC80J3C,ゆう,FG5VFFNRK,蓮ノ空おじさん,1150,8,1270,1859000,6,5,6,6,10,10,7,7,57
PB41XUMNF,みわ,PUJ0ERCMW,蓮ノ空倶楽部,1572,18,1270,1859000,10,10,10,10,10,10,10,10,80
CH6EH94XB,ばやしこ,VW65MCVF8,スリスリーズ,1505,15,1272,1858000,10,10,10,10,10,10,10,10,80
I6WKWUIAK,おおべ,RFYKY8DCD,LA.LA.LA,1386,6,1272,1858000,9,10,10,10,8,9,10,10,76
0KKHW7C3R,hiroshi,7XH3K4GBT,LLP,1284,13,1274,1857000,10,8,10,7,9,10,8,8,70
A9PBDJNKL,旅人,Y2HV0YEF7,蓮ノ空を応援し隊,1222,18,1274,1857000,10,10,10,10,10,10,10,10,80
9GELNVWFN,まゆ,V6DV6KETG,梢好き好きクラブ,961,12,1276,1856000,9,10,10,8,10,10,8,8,73
JJXM4A4JB,ㅤ青山,9GDHWXGVG,ルリと花咲く毎日,1452,18,1276,1856000,10,10,10,10,10,10,10,10,80
5JCR7J9TF,糸色句,VA6X5YNNF,スリーズ分家,1315,7,1278,1855000,9,7,10,8,10,9,8,9,70
FWBTX791U,garry,M5LHG6R4T,乙宗動物園,1434,11,1278,1855000,10,10,10,10,10,10,10,10,80
BXBVF1D52,ともすと,N752V1LD6,思想の溜まり場,1396,7,1280,1854000,7,8,10,9,8,9,8,9,68
XKJG42WNE,ハル,LHXNEF3D5,まるまるサークル,1426,8,1280,1854000,10,10,10,10,10,10,10,10,80
IPPJEH8FD,あいうえお,WHWT61ELR,【無言】ハスノソ,1250,11,1282,1853000,10,10,10,10,10,10,10,10,80
BYRRG1MNM,のらっち,ABALH0AL3,楽園計画,1164,13,1283,1852000,10,10,10,10,10,10,10,10,80
83T3PMCBE,ちみんてゃ,P2J37FNLG,乙宗先生指導会,591,3,1283,1852000,10,10,10,10,10,10,10,10,80
S38DG3TLF,tyou,TM19BMU7C,ソロプレイヤーズ,1287,12,1285,1851000,10,10,10,10,10,10,9,9,78
WNGHAVX2A,焼き海苔さん太郎,R181MKNX1,みらくらは人生！,1281,17,1285,1851000,10,10,10,10,10,10,10,10,80
KWPR6591B,yano,0CEA9XFKR,蓮ノ空の泥人会,669,2,1287,1850000,10,10,10,10,10,10,10,10,80
31T8G3P5H,ニナ,B2KV0EVPD,蓮ちゅきクラブ,1371,4,1287,1850000,10,10,10,10,10,10,10,10,80
9VJ69HB32,もふもふ,NA8FEYN0M,蓮ノ空飲酒クラブ,1249,18,1289,1849000,10,10,9,10,10,10,10,7,76
1U1EVHMOB,銀河,RWARTHA1M,乙宗梢大好き部,1561,16,1289,1849000,10,10,10,10,10,10,10,10,80
4U8JF7WBG,ズミさん,WTJV514G9,蓮ノ空のお弁当屋,1493,14,1291,1848000,10,10,10,10,10,10,10,10,80
XR0335DPE,はやと,48BTAPMBG,蓮ノ空魔術部,1287,18,1292,1847000,9,7,8,7,10,6,2,7,56
1XRDP2AEC,ののみえる,W26TRPM1R,めぐ党藤島派,996,6,1292,1847000,10,10,10,10,10,10,10,10,80
WJ6MGMU0G,__hqze,RA1676TKK,蓮の空好き好き部,814,5,1294,1846000,5,5,9,10,9,10,7,7,62
O6H2GPUB0,いのうえ,0TKFF5EG3,サークル名募集中,1298,12,1294,1846000,10,10,10,10,10,10,10,10,80
AUWXJJM5A,はまち,L28X4MDJN,アフター観たいぞ,542,0,1296,1845000,6,8,9,10,10,6,7,6,62
BAOCW568E,トミー,WN5B7VKPU,きんぴられんこん,1476,15,1296,1845000,10,10,10,10,10,10,10,10,80
WTGR940GN,ちぇっき,X34LWGL6R,サークル2,1219,11,1298,1844000,10,10,7,10,10,10,9,9,75
MVPXJHBPH,迦弥,YCTM6RYDP,金沢おでん同好会,1504,12,1299,1843000,10,10,10,10,10,10,10,10,80
YDG5E4CRJ,Asagi,578YG6EAT,桜桃花束愛聴会,1592,18,1299,1843000,10,10,10,10,10,10,10,10,80
O5F2U26VB,Amiz,9FF5JBNDF,めぐすきクラブ,1487,18,1301,1842000,10,10,10,10,10,10,10,10,80
83665R5ET,のら,LAP2W049X,りんひな愛好会,1053,0,1301,1842000,10,10,10,10,10,10,10,10,80
XLASG19TY,こう滝,JHTULVV5P,故に瑠璃乃推し,1373,18,1303,1841000,10,10,10,10,10,10,10,10,80
1AAATY0UG,コニー,38KAJGDGU,異次元シャニP,1188,13,1303,1841000,10,9,9,8,10,9,8,7,70
IQC4CSUBC,水切り石,HPTHY23VR,蓮ノ空文芸部,1580,16,1305,1840000,10,10,10,10,10,10,10,10,80
T0HHCMY60,さかな,X34LWGL6R,サークル2,1263,6,1305,1840000,7,7,7,9,8,8,8,7,61
VM5FHWG3T,いてつ,8M6UDX260,ぽけもん好き,1362,8,1307,1839000,10,10,10,10,10,10,10,10,80
3C7206U94,さす,2JK7E4115,ラ！推し,822,9,1307,1839000,10,8,10,10,7,10,7,7,69
8JFTGIY95,ももか,2ULM366U6,毎日がエブリデイ,1411,5,1309,1838000,10,10,10,10,10,10,10,10,80
XKRN0VQH2,ゆーき舞台創造科,3BE2RELRC,見晴台,1341,16,1309,1838000,9,9,10,10,9,10,10,9,76
53V2U6TCB,きゃみー,9U8KNU6U9,対抗戦用,1407,10,1311,1837000,7,8,8,7,10,5,10,10,65
A2IN5CWL7,きこ,YE7CX8RNP,蓮ノ大三十角ex,1625,18,1311,1837000,10,10,10,10,10,10,10,10,80
HJ3L58KME,まっつん,GVT61ATX0,なのだけれど,1249,16,1313,1836000,10,10,10,10,10,10,10,10,80
4RK72HM8O,451,RFYKY8DCD,LA.LA.LA,1325,0,1313,1836000,10,10,10,8,10,9,10,10,77
RCB4C3Q5H,まいごう,NC2YT2V28,蓮之愛同予者何人,1304,10,1315,1835000,10,8,10,10,10,10,10,9,77
3UUFFQO14,ちびっ子,48BTAPMBG,蓮ノ空魔術部,1507,16,1315,1835000,10,10,10,10,10,10,10,10,80
8R4WBYHH4,キム,9DKR4Y2CJ,蓮ノ空老人会,1240,15,1317,1834000,10,10,10,10,10,10,10,10,80
ZBUDOU3B0,凸,N1JM7M3YC,丘側,1658,18,1318,1833000,10,10,10,10,10,10,10,10,80
BC5JFT6F4,はろ,8M6UDX260,ぽけもん好き,1082,13,1318,1833000,9,9,10,9,9,9,9,10,74
GDTVJ1B8L,ツナ缶,7HWM7661K,A,1463,18,1320,1832000,10,10,10,10,10,10,10,10,80
SXVL7MY8X,トミー,07JW71HWG,良いチケで観よう,1100,7,1320,1832000,1,6,8,8,8,10,6,9,56
1U3IE6OEV,よすよす,V26546K3D,乙宗気合筋肉,1310,16,1322,1831000,9,9,10,8,10,9,10,9,74
CJ77DG0DE,ひじり,3LPBPHL3V,壁の民の伝説,1430,0,1322,1831000,10,10,10,10,10,10,10,10,80
U52LX6HV1,碧葉,AH27N260E,百生信託銀行,1027,9,1324,1830000,10,10,10,10,10,10,10,9,79
WM0BNWMWN,浅葱,48BTAPMBG,蓮ノ空魔術部,1574,16,1324,1830000,10,10,10,10,10,10,10,10,80
LWYNTUFFF,meruru,M4D0VP1XT,蓮ノ空痛車部,1222,5,1326,1829000,10,9,10,10,9,10,10,10,78
RHC6ZXLRQ,No.009,6045Y2RW7,ポチっと！蓮ノ空,1377,16,1326,1829000,10,10,10,10,10,10,10,10,80
85J48PFHD,なおい,R181MKNX1,みらくらは人生！,646,2,1328,1828000,10,10,10,10,10,10,10,10,80
2DV683HDF,抹希(まっき),VW65MCVF8,スリスリーズ,1656,10,1329,1827000,10,10,10,10,10,10,10,10,80
YTKJLF5F0,たっくんα,KXB93FVTR,ブルームガーデン,768,4,1329,1827000,5,5,7,3,10,1,3,9,43
900WO0GGU,かるあみる,V7768X8AC,せーので！,1614,15,1331,1826000,10,10,10,10,10,10,10,10,80
M75U576BU,らんしょー⁶,WTJV514G9,蓮ノ空のお弁当屋,1245,11,1331,1826000,10,10,10,10,10,10,10,10,80
D909NU25N,アール,N2KCENRKH,猫＆旅大好き部,1141,12,1333,1825000,10,10,10,10,10,10,10,10,80
67BY50B65,ほにほ,57HNJ07NK,みらぱ推活最前列,1447,17,1333,1825000,10,10,10,10,10,10,10,9,79
DU8D8Q1RZ,KOH,F8MLHU2NV,乙宗梢様､､､,1191,8,1335,1824000,9,10,10,10,10,10,10,10,79
W7EKV8YWG,激しく栃木,KXB93FVTR,ブルームガーデン,976,6,1336,1823000,8,6,10,9,10,10,9,7,69
UMT37MFVB,アオアラシ,JDAG79TG7,百合ノ空観察部,1302,10,1336,1823000,10,10,10,10,10,10,10,10,80
LCJMCKVZB,ain,57UT319NN,蓮ノ空同好会,708,0,1338,1822000,8,10,10,9,10,10,10,10,77
YXEK463WP,もっちー,YDYH4VRRP,レンクウ,1287,18,1339,1821000,10,10,10,10,10,10,10,10,80
DFBXXJLL3,ポット,RFYKY8DCD,LA.LA.LA,1458,9,1339,1821000,10,10,10,10,10,10,10,10,80
HXY6H6JRH,mart,38KAJGDGU,異次元シャニP,1152,18,1341,1820000,9,10,8,10,10,9,10,9,75
JIJ88YMLN,アドリー,HBM31HMUY,YUKIZURI,1336,14,1342,1819000,10,10,10,10,10,10,10,10,80
W4Y8YXUNL,ともや,RWARTHA1M,乙宗梢大好き部,1097,4,1342,1819000,10,10,10,9,10,10,10,10,79
VKBDT76PQ,たる(･ω･),LUDNM40F8,ふくふく無言OK,1365,3,1344,1818000,10,10,9,8,9,9,8,10,73
B6YKEK8FU,にらとろろ,WBXF9XXW7,さやつづ愛でる会,716,2,1344,1818000,10,10,10,10,10,10,10,10,80
HGZP5757H,クール,573J1JVVK,かほかほ,1542,3,1346,1817000,10,10,10,8,8,8,9,10,73
T2KJ802W5,柚衣,J79LGCKKF,蓮ノ空コーラス部,1355,9,1346,1817000,10,9,10,10,10,10,10,9,78
59VWBERDV,しゃっく,B5V2LNN43,WMW,829,1,1348,1816000,10,10,10,10,10,10,10,10,80
6W52NNH20,sakku,B4ADNM80X,山本組,647,3,1348,1816000,10,10,10,10,10,10,10,10,80
DES39P1DL,前ウィにおいでよ,FK5MUK0ET,くる♡すきクラブ,1610,14,1350,1815000,10,9,8,7,10,8,8,8,68
WBHM2GEEL,ハ,5W8RPRVUA,ド！ド！泥！,1179,6,1350,1815000,10,10,10,10,10,10,10,10,80
MOY90G2ES,kaz,M5LHG6R4T,乙宗動物園,1679,15,1352,1814000,10,10,10,10,10,10,10,10,80
UU610ALX7,NECOTTA,NJBBTCY3A,かにかに！,965,7,1352,1814000,10,9,10,10,10,9,10,10,78
CEY02JMXC,雪兎,1BME38BCD,さすさやクラブ,1510,15,1354,1813000,10,10,10,10,10,10,10,10,80
FXP9N10VU,doNe,GVT61ATX0,なのだけれど,1569,18,1354,1813000,10,10,10,10,10,10,10,10,80
F8HHRRHEA,クゼ,0CEA9XFKR,蓮ノ空の泥人会,1296,18,1356,1812000,10,10,10,10,10,10,10,10,80
LDGJMRRER,しゅららん,AH27N260E,百生信託銀行,744,1,1356,1812000,10,10,9,10,10,9,10,8,76
TE983RFD4,島田 卓,2U4GLJXLJ,泥の中の養分,963,5,1358,1811000,8,8,10,7,9,10,8,8,68
HETR1NXDG,ack1011,XEENRBXCG,蓮ノ空休日クラブ,998,5,1358,1811000,10,10,10,8,10,10,9,10,77
KHR1E1TUB,こう,8JMW9G2XW,僕らのリンクラ！,1456,18,1360,1809000,10,10,10,10,10,10,10,10,80
HUR667CEB,社不リヤール,AH27N260E,百生信託銀行,1114,16,1360,1809000,10,10,10,10,10,10,10,9,79
TN9XL2NVY,のどっち,HMBW9DXY2,蓮好き皆あつまれ,1370,15,1362,1808000,10,10,10,10,10,10,10,10,80
5I6CHLLS9,ハル,9GDHWXGVG,ルリと花咲く毎日,1282,12,1362,1808000,9,10,8,10,8,10,8,9,72
8GW2FV60X,KAZIKI,2NY9H8BR9,乙宗紅茶館,494,0,1364,1807000,10,10,10,9,10,10,7,6,72
5GPEMYD72,ろー,KT4C59NXG,めぐ島,1278,13,1364,1807000,10,10,10,10,10,10,10,10,80
P61TV63B0,シャベル,48BTAPMBG,蓮ノ空魔術部,1040,12,1366,1806000,10,10,10,10,10,10,10,10,80
X5BDM3S3M,たっつー,RWARTHA1M,乙宗梢大好き部,1399,3,1366,1806000,9,9,10,9,9,10,10,9,75
14PM5Q2R4,ぱん,73CBYJYB0,"oNM,",1654,17,1368,1805000,10,10,10,9,10,10,10,10,79
T4KEVPMQ9,高角 ルイ,J0N1E3Y09,月火水木金土日,1201,4,1368,1805000,8,8,8,8,8,8,7,8,63
LLE06U65D,あけほし,6XX7GBM0K,ぷちぐる同好会,1121,2,1370,1804000,10,10,10,10,10,10,10,10,80
7T6K4HWD9,じり,2NY9H8BR9,乙宗紅茶館,1263,7,1370,1804000,9,9,8,8,10,10,8,9,71
LG4WRR8XI,ともてんてー,FG5VFFNRK,蓮ノ空おじさん,1428,10,1372,1803000,9,10,10,10,10,10,10,10,79
GXY6KZWLL,シア,FK5MUK0ET,くる♡すきクラブ,1423,18,1372,1803000,10,10,10,8,9,8,9,10,74
WDW2V2JKC,たぁ,HWJ8XPW0T,箱推しなのだけど,1264,18,1374,1802000,10,10,10,10,10,10,10,10,80
N5U0UYUA9,EVI,38KAJGDGU,異次元シャニP,1256,15,1374,1802000,10,10,10,10,10,10,10,10,80
E654ER5U0,Rinka.,998H940YN,お嬢様筋トレ部,1096,15,1376,1801000,9,10,8,10,9,8,8,8,70
764KKEH5V,K,X7C21B7H7,泥,1188,9,1376,1801000,7,7,6,7,8,8,10,6,59
W0D0FD1RO,ファンタ,GMEF2K8DL,花咲く泥も好き²,1406,18,1378,1800000,10,10,10,10,10,10,10,10,80
U6BM3PMS3,AiLeaf,V6DV6KETG,梢好き好きクラブ,1360,14,1378,1800000,10,10,10,10,10,10,10,10,80
459PSW19L,おり,T4WY63DB9,ういのま,1589,18,1380,1799000,10,10,10,10,10,10,10,10,80
RS50914EE,てDTM,6045Y2RW7,ポチっと！蓮ノ空,1302,2,1380,1799000,10,10,10,10,10,10,10,9,79
70R8DJV1N,あぶそ,GKR9TEBYC,毎日がホリデイ♪,1227,3,1382,1798000,10,10,10,10,10,10,10,9,79
F0RJGBM5C,けんとchの苔,8JMW9G2XW,僕らのリンクラ！,966,5,1382,1798000,5,5,8,8,10,9,6,10,61
V60A86X1Y,んみ,6045Y2RW7,ポチっと！蓮ノ空,1394,18,1384,1797000,10,10,10,10,10,10,10,10,80
XUSL5TPJH,石川！？,N8L41JAA7,無言 ノルマなし,1536,18,1384,1797000,9,10,9,10,10,10,10,10,78
JHA2S8IM3,pano,GKR9TEBYC,毎日がホリデイ♪,1500,18,1386,1796000,10,10,10,10,10,10,10,10,80
Z10C54BRE,ぽん,8JMW9G2XW,僕らのリンクラ！,1301,18,1386,1796000,7,8,8,8,10,8,9,10,68
L31NRD4ON,はる,JA2C658FW,さや綴理の村人,1425,15,1388,1795000,10,10,10,10,10,10,10,10,80
Y3UHR9UT8,ユキ,V4A5MP41E,徒町チャレンジ！,1254,18,1389,1794000,10,10,10,10,10,10,10,10,80
X5FG9PR4K,ともえ,58FD7UF8J,としとしサークル,1185,9,1390,1793000,8,8,9,8,8,9,8,7,65
LFWM5V6B2,国技館,0CEA9XFKR,蓮ノ空の泥人会,502,1,1390,1793000,7,10,10,6,10,10,5,5,63
156HCTKR0,タラみそ,7U20138DB,LGP,1501,4,1392,1792000,10,10,10,10,10,10,10,10,80
8RHDJ2E9D,Zakatin,V26546K3D,乙宗気合筋肉,1331,18,1392,1792000,10,10,10,10,10,10,10,10,80
721UVHN8X,いこあん,FG5VFFNRK,蓮ノ空おじさん,1328,18,1394,1791000,10,10,10,10,10,10,10,10,80
UJW6NK4X3,RICKY,EYEPHE14G,花上梢頭,943,6,1395,1790000,9,8,7,6,8,7,8,9,62
KBDCCJVXX,TECHI,PLBBEX019,待機室目指し隊,1263,15,1395,1790000,10,10,10,10,10,10,10,10,80
Y89Z9LPJA,べねとん,TY6GK7VHH,Rosa,1350,8,1397,1789000,10,10,10,10,10,10,10,10,80
UU1Y5EPGK,かなろあ,W3YKKRWHG,ルリと愉快な一家,1583,11,1397,1789000,10,10,10,10,10,10,10,10,80
4JFVTNBIH,みょ,49AMYCXCD,ルドベキア,1557,8,1399,1788000,10,10,10,10,10,10,10,10,80
0NNB11D72,リック,W3YKKRWHG,ルリと愉快な一家,1393,16,1399,1788000,10,10,10,10,10,10,10,10,80
FF5OWY051,たみふる,8M6UDX260,ぽけもん好き,1419,16,1401,1787000,10,10,10,10,10,10,10,10,80
UV9VXAR2J,蟹,R181MKNX1,みらくらは人生！,1083,17,1401,1787000,10,10,10,10,10,10,10,10,80
ULXJ0U2HV,きりはろりーた,2NY9H8BR9,乙宗紅茶館,1176,18,1403,1786000,10,10,10,10,10,10,10,10,80
7T92E39GY,かーりー,NMT63RUDV,泥村,1392,5,1403,1786000,10,10,10,10,10,10,10,10,80
I8A7KS35M,いさと,VF517JBVB,無言でいいよ。,1494,15,1405,1785000,10,10,10,10,10,10,10,10,80
TA02490KL,ホシノヒツギ,J800VVPTN,Aqours,1118,15,1405,1785000,9,8,10,8,10,9,8,10,72
JM8UVFGRG,masaki,MTBP3B4GM,ふらわーすきすき,1426,13,1407,1784000,10,10,10,10,10,10,10,10,80
DBV4TN587,うしさんば,MTBP3B4GM,ふらわーすきすき,1410,13,1407,1784000,10,10,10,10,10,10,10,10,80
BPU3K21M8,zero21,EPWMMAXNY,蓮ちゃん初心者,1496,18,1409,1782000,10,10,10,10,10,10,10,10,80
0T1WS2RR2,つばめ,26GG42M4L,カプレーゼ,1216,14,1410,1781000,9,10,10,9,10,9,10,10,77
DWMHF7KEL,サキウサ,2ULM366U6,毎日がエブリデイ,1265,7,1411,1780000,10,10,10,10,10,10,10,10,80
RXEBBTS8J,タダマレ,79C17CHA2,蓮ノ空出張部,1377,8,1411,1780000,10,10,10,9,10,10,9,10,78
5T6YJZCD4,まんだ,6XX7GBM0K,ぷちぐる同好会,1536,15,1413,1779000,10,10,10,10,10,10,10,10,80
2WK85ZVSD,ゆゆき,1BME38BCD,さすさやクラブ,1433,18,1413,1779000,10,10,10,10,10,10,10,10,80
5J5KKRPKY,かなた,WHWT61ELR,【無言】ハスノソ,1148,16,1415,1778000,10,9,8,9,9,9,8,8,70
WWE7K3BRH,あき,JE7V5MM31,蓮ノ沼に沈んだ泥,1504,18,1415,1778000,10,10,10,10,10,10,10,10,80
0T3EUCP82,すてら,8M6UDX260,ぽけもん好き,1137,17,1417,1777000,8,9,10,7,10,8,10,10,72
OTSRGJSHM,バスガイド,PLBBEX019,待機室目指し隊,1397,16,1417,1777000,10,10,8,10,10,10,10,10,78
FHXIUK8T4,•_•,G0J2F9NAL,さやさやさーくる,1405,17,1419,1776000,10,10,10,10,10,10,10,10,80
XELT0K2YU,りゅう茶,AG9PKMMC3,ぱかぱか同好会,1449,18,1420,1775000,10,9,10,7,10,10,10,10,76
1A920W6UC,リンクラ,J800VVPTN,Aqours,923,2,1420,1775000,10,10,10,10,10,10,10,10,80
1WHW3FXE7,コルセ・アスミ,MTBP3B4GM,ふらわーすきすき,1447,16,1422,1774000,10,10,10,10,10,10,10,10,80
BF3P10G4B,きあ,N1DJVPGP8,いつでも咲けるよ,1269,2,1422,1774000,10,10,10,10,10,10,10,10,80
69QF5HPR0,雪徒,3BE2RELRC,見晴台,1517,3,1424,1773000,10,10,10,10,10,10,10,10,80
AK5J8DWZI,mococo,FH7G62PKW,月火水木金土日,1444,15,1424,1773000,10,10,10,10,10,10,10,10,80
IEM5ZNZ0W,Xenos,GXR6C85BT,花帆ちゃん親衛隊,1745,9,1426,1772000,10,10,10,10,10,10,10,10,80
X777VD1EQ,まいん,06DCWC1RE,とりあえず参戦用,1456,12,1426,1772000,9,9,8,10,10,10,7,9,72
PX25B6CAT,なとりうむ,G0J2F9NAL,さやさやさーくる,1276,1,1428,1771000,10,10,10,10,10,10,10,10,80
Z8HTE470V,みすたそ,BW38LDPRF,蓮浦の星空,1429,18,1429,1770000,10,10,10,10,10,10,10,10,80
ZYB17OTGE,鯛,WTJV514G9,蓮ノ空のお弁当屋,1317,16,1430,1769000,10,10,10,10,10,10,10,10,80
MSGD76QL0,愚者,9JTF508LB,スクスタ亡霊部,1512,15,1430,1769000,10,10,10,10,10,10,10,10,80
E3AQ0R2WD,リョチャノ,MTBP3B4GM,ふらわーすきすき,1379,15,1432,1768000,10,10,10,10,10,10,10,10,80
9TALE5D6Y,うぇんずでい,RXXUPMWB9,待機室跡地観測所,980,6,1433,1767000,7,8,7,8,8,5,7,8,58
B2YK2JHJ2,ユキナ,828YTYAA9,箱推し社畜の部屋,641,0,1433,1767000,10,4,8,3,9,7,8,10,59
A38PD3WNK,お麩,JXHP2LRWF,好き好きクラブ員,747,1,1435,1766000,8,10,10,10,10,10,8,9,75
C9ZMT7RH7,ソクブン,H1G4CDT6C,無言自由,1543,17,1435,1766000,10,10,10,10,10,10,10,10,80
2ADC9VMMF,つしまつちやん。,GXR6C85BT,花帆ちゃん親衛隊,1307,6,1437,1765000,10,10,10,9,10,10,10,10,79
96SGBF1Y6,おかぴ,C6V311T2P,LotuSky,1364,17,1437,1765000,10,10,10,10,10,10,10,10,80
ZA8HHDJM4,秘密インシデント,EYN9H9N16,蓮すきすきクラブ,1592,17,1439,1764000,10,10,10,10,10,10,10,10,80
8R4LC8G2A,ブラウ,BCJRMHE75,梢すきすきクラブ,1360,18,1439,1764000,10,10,10,10,10,10,10,10,80
YRYBVERHB,いるかす,R9T0YKDW8,バブまち応援隊,1098,10,1441,1763000,9,9,9,9,9,9,8,10,72
M1PNAVX97,まきりこ,JTX1G19BP,さやかほ癒し会,1234,13,1441,1763000,10,10,10,10,10,10,10,10,80
9ELHJRDP5,どらもち,79C17CHA2,蓮ノ空出張部,1235,18,1443,1762000,10,10,10,10,10,10,10,10,80
AUATVV59X,Raik,KT4C59NXG,めぐ島,1155,1,1443,1762000,7,10,7,6,10,8,9,10,67
BY1J6F9G6,ひらり,3BDTCERX6,打ち返した流れ星,1240,13,1445,1761000,9,9,8,9,9,10,9,10,73
JJLREB25X,デンドロ,N752V1LD6,思想の溜まり場,1484,18,1445,1761000,10,10,10,10,10,10,10,10,80
VY5H5Y1L7,いちろく,CTW8DKV5P,まったり,1364,7,1447,1760000,10,10,10,10,10,10,10,10,80
58F5S114K,ヤスク,5W8RPRVUA,ド！ド！泥！,1421,8,1447,1760000,9,10,9,9,9,9,10,10,75
H9T6UA4HK,くらっちぃ,YLJ2PP4X4,全日本謝罪同好会,1265,16,1449,1759000,10,10,10,10,10,10,10,10,80
Y9D6E6KK8,ぷん,K8C99H42D,ルリと喜ド！愛楽,1037,8,1449,1759000,10,10,10,10,10,10,10,10,80
H28HW286V,みょん,JTX1G19BP,さやかほ癒し会,1328,9,1451,1758000,10,10,10,10,10,10,10,10,80
2ALBT698G,すまいる,WTJV514G9,蓮ノ空のお弁当屋,1247,17,1452,1757000,10,10,10,10,10,10,10,10,80
BU8K94X61,やそ,5W8RPRVUA,ド！ド！泥！,1311,12,1452,1757000,10,10,10,10,10,10,10,10,80
7W0EHYXWH,ニムカ,R181MKNX1,みらくらは人生！,1248,17,1454,1756000,10,10,10,10,10,10,10,10,80
Y9DEXKEKI,ぐっさん¥,WN5B7VKPU,きんぴられんこん,1454,7,1455,1755000,10,10,10,10,10,10,10,10,80
L6CZJ4VSZ,buny,7XH3K4GBT,LLP,1277,14,1455,1755000,8,7,8,6,7,7,7,9,59
HCRKU58D8,ゆーや,XEENRBXCG,蓮ノ空休日クラブ,929,2,1457,1754000,10,8,9,10,7,10,6,9,69
K81OFWD3N,炊きたてライス,PPAHU1TNY,蓮ノ空のんびり部,1369,3,1457,1754000,10,9,10,10,10,10,10,10,79
XIZ2APUWH,モサ,Y7X2MNH1U,いとまき団,967,13,1459,1753000,8,9,10,10,10,9,8,7,71
5NBPJN76W,恥は人生の掻捨,1KDUBW4HB,めぐ党0番,523,0,1459,1753000,10,10,10,10,10,10,10,10,80
P6JJP8MJW,カニベロス,V26546K3D,乙宗気合筋肉,1433,18,1461,1752000,10,10,10,10,10,10,10,10,80
YNWC9LG8U,YOSHIKI,BTVC9G95X,FES用,638,2,1461,1752000,8,10,9,7,10,8,8,8,68
8ZON7K0AT,hide@FS,2NY9H8BR9,乙宗紅茶館,1173,8,1463,1751000,10,10,10,10,10,10,10,10,80
YEZNKQ1J7,トラン,YK0X6N2HN,無言OK出入自由,1528,18,1464,1750000,10,10,10,10,10,10,10,10,80
ZH1FJ7WI8,ささかま,HBUK6F7CC,乙宗梢なりきり部,1408,16,1464,1750000,10,10,10,10,10,10,10,10,80
EP2VVR3PB,いも,1DU9LCND7,蓮ノ空すこやか部,1278,12,1466,1749000,10,10,10,10,10,10,9,10,79
Q6VQENDXG,ゼット,9DKR4Y2CJ,蓮ノ空老人会,1620,18,1467,1748000,10,10,10,10,10,10,10,10,80
U7A75A5NU,なたな,48BTAPMBG,蓮ノ空魔術部,1125,15,1467,1748000,8,8,9,8,10,9,9,10,71
KNHAGV0NY,みー,7U20138DB,LGP,1179,7,1469,1747000,10,10,10,10,10,10,3,4,67
VFEKJ4R8Q,はやみん,11FB0EDDT,スクステ同好会,1677,15,1469,1747000,10,10,10,10,10,10,10,10,80
HHKP4XO3J,Rino,KA652DGYV,ゆるリンクラ,1094,6,1471,1746000,10,10,10,10,10,10,10,10,80
RTFHHNRRM,ピノン,1F5EPPMLD,UR貰えればいい,767,2,1471,1746000,10,9,10,9,8,8,10,10,74
3PDDZ2YKL,るなせいな,GKR9TEBYC,毎日がホリデイ♪,1352,1,1473,1745000,10,10,10,10,10,10,10,10,80
UCVSZZ3HZ,ミツ,9P9EPKFHE,無言参加OK,655,2,1473,1745000,4,5,6,5,10,7,8,9,54
47E9NM0MC,バルト,79C17CHA2,蓮ノ空出張部,1259,17,1475,1744000,10,10,10,10,10,10,9,9,78
GBRECDN0A,シルコー,HBUK6F7CC,乙宗梢なりきり部,1385,10,1476,1743000,9,9,8,8,10,9,8,10,71
XM6GHV3FC,たかっち,HBK6KCRPP,無言でおけ,1137,12,1476,1743000,10,10,10,10,10,10,10,10,80
Y9VUZJIT2,とっし,X7C21B7H7,泥,1512,12,1478,1742000,10,10,10,10,10,10,10,10,80
P4TMNDXTW,水色,R181MKNX1,みらくらは人生！,1164,11,1478,1742000,10,10,9,9,10,9,10,10,77
FF923R4SA,ユウジロウ,TDHKGHFPA,無言参加○！,1345,7,1480,1741000,8,10,8,6,9,8,9,8,66
YBX8LRKM2,タコこう,E12PR824F,ゆるっと蓮ノ空,786,0,1480,1741000,8,7,9,7,8,10,6,7,62
EKG1U84WF,うーちゃん,EPWMMAXNY,蓮ちゃん初心者,1393,10,1482,1740000,10,9,10,9,10,10,8,9,75
D5CC1372L,あーのん,F08AHUJJ0,綴理のお世話係,813,2,1482,1740000,7,8,8,7,8,8,7,7,60
NFVCDDEXM,Lipton,UCWKRB3WR,菅沼千紗が大好き,1163,11,1484,1739000,10,10,10,10,10,10,10,10,80
EA3CQLHAU,しましま,XPRA8TRVE,蓮ノ空ロボット部,1205,8,1485,1738000,10,9,9,10,10,10,9,8,75
5FUZHUWG4,ASBN,J0N1E3Y09,月火水木金土日,1005,2,1485,1738000,10,10,9,9,10,10,9,10,77
MAAQ0VBA5,モル,79C17CHA2,蓮ノ空出張部,1490,15,1487,1737000,10,10,10,10,10,10,10,10,80
97D6LAY5P,オイカゼさん,424NLTEE8,無言な異次元部屋,1173,12,1487,1737000,9,8,9,8,9,8,9,8,68
EAGHBUWBH,シオン,N2KCENRKH,猫＆旅大好き部,1455,15,1489,1736000,10,10,10,10,10,10,10,10,80
UG4AE6K33,Eyk,Y6JNPC60C,綴理メイト,1299,7,1489,1736000,9,7,10,10,10,10,10,10,76
87F3LFJBA,ゆーき,E12PR824F,ゆるっと蓮ノ空,488,0,1491,1735000,4,5,10,9,10,9,7,5,59
V76XKN9NV,きゃほきゃほーん,0CEA9XFKR,蓮ノ空の泥人会,863,4,1491,1735000,10,10,10,9,9,8,8,7,71
5FVD8TFC5,あべかわもち,RXXUPMWB9,待機室跡地観測所,1203,4,1493,1734000,10,10,10,9,10,10,10,10,79
UFB005M05,バーゼ,DPKMP06M5,仮,641,2,1493,1734000,10,10,9,8,6,6,7,10,66
C8J195ETT,Ayumu,NC2YT2V28,蓮之愛同予者何人,1279,11,1495,1733000,10,9,10,9,9,9,10,9,75
1RFVF0KDF,あおみ,K8C99H42D,ルリと喜ド！愛楽,1441,17,1495,1733000,10,10,10,9,10,9,10,10,78
BYEJNUWCG,sakotti,KGY709ULG,蓮の花束,460,0,1497,1732000,10,10,10,10,10,10,10,10,80
RY2VRH8RA,サコク,NDGW77R2V,こず花帆尊い,740,4,1497,1732000,9,10,10,10,9,9,9,9,75
NRWK8WWUK,綴のすけ,4XRHRYDW4,無言でエンジョイ,1306,8,1499,1731000,10,10,10,10,10,10,10,10,80
GHJIO1M7D,けしごむ,J7N4W6Y1K,こずミックラブ♡,1539,8,1499,1731000,10,10,10,10,10,10,10,10,80
PKWTSERD8,そらと,ANCNM0UPK,スクスタ適当部,1387,17,1501,1730000,10,10,10,10,10,10,10,10,80
BJC3OIEGV,まよせ,2B97MH4YA,同じ話し何回も…,1338,16,1502,1729000,10,10,9,10,10,10,9,8,76
LOU0DJVV8,あざと医,XXVVJY6FE,はぴぱれ,681,2,1503,1728000,10,10,10,10,10,10,10,10,80
FJ2JC4VL8,きりの,UX96YX4T1,『位置について』,1016,2,1504,1727000,10,8,10,10,10,10,8,10,76
E6LUE5J86,ぼし,2DYYAPFVN,蓮っ子村,1083,8,1505,1726000,9,10,10,8,10,10,10,10,77
8WFA3HOVR,とろ,AH27N260E,百生信託銀行,696,3,1505,1726000,10,10,10,10,10,10,8,10,78
9G2HB79M1,μ'6Hoshi,18YYNRFGA,LotusSky,1042,9,1507,1725000,9,10,10,8,10,8,8,7,70
9K8T3D22C,カツオ,KBJ2P8T0Y,人見知りの集い,1309,17,1507,1725000,10,10,10,10,10,10,10,10,80
RRZI5J5JE,ささよし,GPKTRBCTT,騎空団蓮ノ空支部,1484,3,1509,1724000,10,10,10,10,10,10,10,10,80
J6DF18DSG,マシロウ,ULUELCJ7T,なるようになる？,925,2,1509,1724000,8,9,8,9,8,9,8,8,67
B1F0B03DC,Tsuki,3FF3NB77X,せーはす愛好会,1403,18,1511,1723000,10,10,10,7,10,10,9,10,76
6R3CBH7KB,まーしぃ,Y2HV0YEF7,蓮ノ空を応援し隊,1493,13,1511,1723000,10,10,10,10,10,10,10,10,80
I46WRW3TG,ツペル,7R8NKPAB1,花帆推し倶楽部,1302,16,1513,1722000,9,10,8,8,9,10,7,9,70
41121WV5Y,みーちゃん,JE7V5MM31,蓮ノ沼に沈んだ泥,1545,5,1513,1722000,10,10,10,10,10,10,10,10,80
3CUF2RF7K,大和銀,KW0RM1LEP,はすっこくらぶ,1468,18,1515,1721000,10,10,10,10,10,10,9,9,78
B6HUQLL2V,Kashio,BWD9U1EJ2,蓮之空中国同好会,1310,18,1516,1720000,10,10,10,10,10,10,10,10,80
15SG7U55F,るいん,TKVR3KU7L,ネギトロTKG,1318,15,1516,1720000,8,8,10,8,10,10,8,8,70
X53CRC1BL,おやつ,213NH0DMR,ディズニーランド,1416,15,1518,1719000,9,8,9,6,9,8,7,8,64
L9F0VZWU7,よぴ,Y6JNPC60C,綴理メイト,1370,9,1519,1718000,10,9,10,9,10,10,9,8,75
XF07LRVMA,AL,8FR866PRY,蓮っ子みらくラブ,1204,12,1519,1718000,7,10,8,8,10,10,9,9,71
P88JUMG9H,そめ,R1RM3X0WV,後方腕組みオタク,1363,18,1521,1717000,10,10,10,10,10,10,10,10,80
M2YAWFRX9,Syn,8JMW9G2XW,僕らのリンクラ！,1523,17,1521,1717000,9,10,10,8,9,10,10,10,76
MTACUG4HB,Nokkiii,B4ADNM80X,山本組,784,2,1523,1716000,10,10,10,9,8,9,9,10,75
5NNOWJSXP,さわ,7B07VRW2N,藤島メグミルク㈱,1300,12,1523,1716000,10,10,9,9,10,9,9,9,75
F9FNKC3CV,富士盛,M4D0VP1XT,蓮ノ空痛車部,1380,18,1525,1715000,10,10,10,10,10,10,10,10,80
WH4U273V4,ケイ,7NJM1VURM,らんるん部。,1174,5,1525,1715000,10,10,10,10,10,10,10,10,80
GGGJYE94A,水餃子,WFPA7YJE1,蓮ノ空文芸部,908,2,1527,1714000,9,10,9,8,10,7,10,10,73
ANX30V8UB,家雨,XXJWTT5E9,ソロ用,544,0,1527,1714000,10,10,10,8,10,10,10,9,77
KDJTR7PVB,ありしあ,K8C99H42D,ルリと喜ド！愛楽,1158,10,1529,1713000,10,10,10,10,10,10,10,10,80
2PE3LW741,けんそ,WTJV514G9,蓮ノ空のお弁当屋,1131,16,1529,1713000,10,10,10,10,10,10,10,10,80
4T5FTNDBW,うっしー,8JMW9G2XW,僕らのリンクラ！,724,0,1531,1712000,10,10,10,10,10,10,10,10,80
5HHWGF2AB,Rio,1C2GN787H,℃！℉！度！,675,2,1531,1712000,10,10,10,10,10,10,10,10,80
V0AF17A00,みけし,Y6JNPC60C,綴理メイト,1376,13,1533,1711000,10,10,10,10,10,10,10,10,80
JUV6TGWYJ,うそぎ,ANCNM0UPK,スクスタ適当部,1426,18,1533,1711000,10,10,10,10,10,10,10,10,80
T4ZLB18HV,もちもっち,GKR9TEBYC,毎日がホリデイ♪,1340,5,1535,1710000,10,10,10,10,10,10,10,10,80
8AC2HIXUM,チカモン,V26546K3D,乙宗気合筋肉,1451,12,1536,1709000,10,10,10,10,10,10,10,10,80
UC2XHTF7W,なま,ABALH0AL3,楽園計画,1203,8,1536,1709000,10,10,10,10,10,10,9,9,78
2E7QQUULE,sho,B5V2LNN43,WMW,1690,18,1538,1708000,10,10,10,10,10,10,10,10,80
BTHT18UE1,しらかわ,KULVP7FDR,アニマル分室,1138,11,1538,1708000,10,10,10,10,10,10,10,10,80
6LO0F9Z96,ガイア,JDAG79TG7,百合ノ空観察部,1478,8,1540,1706000,10,10,10,10,10,10,10,10,80
5W2L3RG6M,あさひ,XXVVJY6FE,はぴぱれ,990,6,1540,1706000,8,8,8,8,10,10,8,9,69
T4H07G69B,りーふ,BTVC9G95X,FES用,1026,14,1542,1705000,10,10,10,10,10,10,10,10,80
MR7TRFR7R,しろん,06DCWC1RE,とりあえず参戦用,1226,0,1542,1705000,10,9,9,8,9,9,8,9,71
C1Y7XAVVD,みよし,CY3GGDH7H,㍿キモ・オタク,1378,16,1544,1704000,10,10,10,10,10,10,10,10,80
YNNDAPK92,はまち,FG5VFFNRK,蓮ノ空おじさん,1290,18,1544,1704000,10,10,10,10,10,10,10,10,80
JBEYM9IPJ,むとー,W9G7A5E34,泥沼,1409,18,1546,1703000,7,9,8,8,8,8,10,10,68
SXSILMCVK,三青了一,F2M746D4B,頑張らないクラブ,1626,15,1546,1703000,10,10,10,10,10,10,10,10,80
4L85YJ6VP,ぴっぴ,YL2ELYC4U,さや…好きだよ…,352,0,1548,1702000,10,9,9,10,9,10,10,9,76
7M2TYXN5R,琉加るか,0TKFF5EG3,サークル名募集中,1427,13,1549,1701000,10,10,10,8,10,10,9,7,74
K0VEKPK8N,Renren,6045Y2RW7,ポチっと！蓮ノ空,1244,15,1549,1701000,9,9,10,8,9,9,8,8,70
YVM6L46HD,リクト,HBK6KCRPP,無言でおけ,1281,17,1551,1700000,10,10,10,10,10,10,10,10,80
6WD9HFP2A,(=ω= っ)З,ABU58EVJ2,Quatuor,1262,13,1552,1699000,10,10,10,10,10,10,10,10,80
G0YM94EAC,Kain,AAHB7C276,HaCordVN,1137,13,1552,1699000,8,7,10,9,10,10,8,8,70
HO4W2L02N,N.T.,N1JAJ83CA,蓮ノ空園芸部,1136,15,1554,1698000,10,9,10,5,10,10,10,1,65
4VC078U6J,バサバサ,6045Y2RW7,ポチっと！蓮ノ空,1112,16,1554,1698000,8,7,10,10,10,10,10,10,75
LI5W29N3T,SUZUKI,9YM3DBTB7,泥民館,1294,10,1556,1697000,10,10,10,10,10,10,8,9,77
68NUMPMT7,akari,YFADYJVW4,FPS好きクラブ,896,1,1557,1696000,4,9,7,6,7,9,7,8,57
PETGW0DZK,ふぁー,J8HXTJ8TB,流し素麺同好会,1508,17,1557,1696000,10,10,10,10,10,10,10,10,80
VKYV0KDAA,アズえもん,PULJ8VCHJ,蓮ノ空を推す会,1190,8,1559,1695000,10,6,8,10,9,9,7,10,69
H8B209M8Y,bd波導,J800VVPTN,Aqours,1284,12,1559,1695000,8,8,9,6,9,10,8,9,67
E7C938AQV,ベ一やん,BCJRMHE75,梢すきすきクラブ,1475,9,1561,1694000,10,10,10,10,10,10,10,10,80
ZJ8X9ACB3,なみれお,8R49BTWW6,蓮女お嬢様クラブ,1108,11,1561,1694000,9,10,10,10,10,10,10,10,79
65MCJCNUU,天曰稚蜜,JE7V5MM31,蓮ノ沼に沈んだ泥,1384,17,1563,1693000,10,10,10,10,10,10,10,10,80
LWSYKL0X0,おじ,YCTM6RYDP,金沢おでん同好会,1366,11,1564,1692000,10,10,10,9,10,10,9,9,77
82A32W326,高架線,Y2R7E79U3,カワウソ同好会,1536,15,1564,1692000,10,10,10,10,10,10,10,10,80
EK0XXP482,きり〜こ,JE7V5MM31,蓮ノ沼に沈んだ泥,1296,18,1566,1691000,10,10,10,10,10,10,10,10,80
64RWA0HJY,卵かけごはん,RF5215M2U,スクステ同好会②,943,0,1566,1691000,10,10,10,10,10,10,10,10,80
K397Y27G5,キョウ,2NY9H8BR9,乙宗紅茶館,1132,17,1568,1690000,3,5,8,7,10,6,8,10,57
EXMPE8C3N,しの,07JW71HWG,良いチケで観よう,1358,16,1568,1690000,10,8,9,7,8,8,7,9,66
W7IMTL1I7,ゅょ,CXG25026E,泥のみんなS,1377,10,1570,1689000,9,10,9,7,10,8,9,10,72
KTKJ81E5V,ミヤモッティ,9YM3DBTB7,泥民館,896,3,1570,1689000,10,10,10,10,10,10,10,8,78
GYN68N567,かっつ,HBM31HMUY,YUKIZURI,1312,18,1572,1688000,10,10,10,10,10,10,10,10,80
5BCGBFRJ8,サンディ,D7H8MN2U4,LLD,1344,17,1572,1688000,10,10,10,10,10,10,10,10,80
I1WK36QNA,テレンス,WX1DYC9Y1,ラナンキュラス,1255,12,1574,1687000,9,8,10,7,10,10,7,8,69
7JYP28F29,苺牛乳,CM5THHYHB,「」ノ空だけれど,1676,18,1575,1686000,10,10,10,10,10,10,10,10,80
AUUFW3WMM,いしかわ,D05L347NB,蓮ノ空校務員室,1254,7,1576,1685000,10,10,10,10,10,10,10,10,80
Y18B28D2F,ろびんほ,948FLPMPN,まったりハス煮〜,582,1,1577,1684000,10,10,10,9,9,8,9,10,75
P6OYR4PGF,フナッチ,WN5B7VKPU,きんぴられんこん,1476,16,1577,1684000,8,8,9,7,9,9,6,8,64
52BETR2BC,PRX 脇田,948FLPMPN,まったりハス煮〜,521,0,1579,1683000,9,7,7,5,7,8,9,9,61
MIN2P23LK,滝川,CV62FGL1U,花咲かせ隊,1380,4,1579,1683000,10,10,10,10,10,10,10,10,80
M81TVHMDU,翔真,R1RM3X0WV,後方腕組みオタク,515,0,1581,1681000,10,10,10,10,10,10,10,10,80
2VLMDZ5IV,かむぺー,3A63DYH54,LLすこすこ部,1264,1,1582,1679000,7,8,8,8,8,9,9,5,62
3XV06HQ92,ベルク,E58FYF67C,ロータスランド,1436,18,1582,1679000,10,10,10,10,10,10,10,10,80
40C1837S7,むっけん,GYG7B5R36,幼馴染同好会,1259,9,1584,1678000,10,10,10,10,10,10,10,8,78
0LTXY4ANY,たまも,R9T0YKDW8,バブまち応援隊,1244,17,1584,1678000,10,10,10,10,10,10,10,10,80
0R73C944J,nsinfo,FG5VFFNRK,蓮ノ空おじさん,996,7,1586,1677000,6,10,10,8,10,10,9,9,72
CEDKNVJFN,ユウト,V6DV6KETG,梢好き好きクラブ,1006,1,1586,1677000,10,10,10,10,10,10,10,10,80
B8GEMJUDW,桜木花道,48BTAPMBG,蓮ノ空魔術部,1272,18,1588,1676000,10,10,10,10,10,10,10,10,80
KSVQ1ADIM,もぐなむ,NC2YT2V28,蓮之愛同予者何人,1363,5,1588,1676000,9,9,8,9,8,8,10,10,71
JP70MS9KF,すみむら,J80MEYHBC,Nymphaea,1382,18,1590,1675000,10,10,10,10,10,10,10,10,80
RNJGSVYID,宮森,Y7KJ3PM8P,蓮すきすき同好会,1423,18,1590,1675000,10,10,10,10,10,10,10,10,80
8H201Y481,エステル,V6DV6KETG,梢好き好きクラブ,1435,18,1592,1674000,10,10,10,10,10,10,10,10,80
BIQPYOJ9V,ツユキ,CM5THHYHB,「」ノ空だけれど,1302,4,1592,1674000,10,10,10,7,8,10,10,10,75
M2UH3KDU2,ましろん,RF5215M2U,スクステ同好会②,1290,18,1594,1673000,10,8,10,9,10,10,9,8,74
TTRCNN54T,L.L.,GPKTRBCTT,騎空団蓮ノ空支部,1356,18,1594,1673000,10,10,10,10,10,10,10,10,80
TY1WGHPWL,キノン,2AUM7L9BW,蓮初心者クラブ,694,2,1596,1672000,10,6,8,6,6,10,7,6,59
VXWG3VTY9,Fanfan,JA2C658FW,さや綴理の村人,690,3,1597,1671000,8,7,8,7,6,10,5,4,55
TEUJEU0JT,⠀ ⠀ ⠀,0YLUK30K6,蓮っコの集い,345,1,1598,1669000,4,3,4,6,4,9,4,1,35
5QD5HXI0Z,ソニック,FTY0R8KPH,泥の皆様,1378,17,1598,1669000,10,10,10,10,10,10,10,10,80
7HUTLH24X,からすみ,07JW71HWG,良いチケで観よう,1560,15,1600,1668000,10,10,10,10,10,10,10,10,80
KWSACZISO,すずき,BXGNMY466,ライグラ用,1408,16,1601,1667000,6,5,8,7,6,8,5,8,53
8EYJFF4YV,えんがわ,865UE9UC6,蓮ノ空うどん部,1321,7,1601,1667000,10,10,10,10,10,10,10,10,80
B37W5J7C4,コトコト,43HRXMXWA,無言OKクラブ,1102,18,1603,1666000,8,9,10,8,9,10,8,8,70
69R8MTU12,サテツ,WBW66DMUB,るりめぐ研究所,1027,2,1603,1666000,10,10,10,9,9,10,10,9,77
28K412J9D,こぶちゃ,D7UA5ER1E,UR報酬欲しい！,1187,15,1605,1665000,8,7,10,10,10,7,10,10,72
L3TYEDPGM,ぷりに,9P9EPKFHE,無言参加OK,519,0,1605,1665000,8,7,7,7,10,8,8,8,63
6X2PSP3DZ,ざっきー,P4NGERDXF,こじらせ部,1403,5,1607,1664000,10,10,10,10,10,10,9,9,78
6L7MP3WJP,ナギ,HBM31HMUY,YUKIZURI,1255,14,1607,1664000,9,10,9,8,10,10,8,8,72
L45KJNR8P,りんご,F08AHUJJ0,綴理のお世話係,981,8,1609,1663000,2,7,7,10,5,7,6,7,51
N261CPLVA,めーさー,72J5PWU5K,ライグラ待機室,1204,6,1610,1661000,8,8,9,8,9,9,8,9,68
PQZ20JJ99,yuuya,CT8XW752X,蓮ノ空写真部,1314,12,1610,1661000,9,8,8,7,8,7,7,7,61
TMHJD8Y3Y,鮫次郎,NMT63RUDV,泥村,1312,6,1612,1660000,10,10,10,10,10,10,10,10,80
JB08G6KR8,うまいぼう^〜^,F90XW14UP,のんびりプレイ,692,0,1612,1660000,10,10,10,8,10,9,9,8,74
M17KX7V1C,伊波シロン,7XH3K4GBT,LLP,754,0,1614,1659000,9,7,7,10,9,10,10,10,72
715HWUL7M,クラリス,B5V2LNN43,WMW,1304,16,1614,1659000,9,9,10,8,9,9,9,9,72
A23A649ED,未完蜜柑,RFYKY8DCD,LA.LA.LA,1553,18,1616,1658000,10,10,10,10,10,10,10,10,80
FKVUW0K7Q,TA93,Y2HV0YEF7,蓮ノ空を応援し隊,1591,17,1617,1657000,10,10,10,10,10,10,10,10,80
STS2ZF786,SAK,8FR866PRY,蓮っ子みらくラブ,1146,6,1617,1657000,5,7,10,4,10,10,9,10,65
YCRY5G08V,小吉,5WUDLMWEP,蓮ノ空は明日ノ空,1366,8,1619,1656000,10,10,10,10,10,10,10,10,80
YM74EV7TW,かっちゃん,N0EXH1CM1,ぱちぱち徒町,1163,7,1619,1656000,10,10,10,10,10,10,9,10,79
XJGU1LX69,ヨモギ,MTBP3B4GM,ふらわーすきすき,1108,2,1621,1655000,10,10,10,8,10,9,10,10,77
ONI1MX5UO,はやみん*,79C17CHA2,蓮ノ空出張部,1371,12,1621,1655000,9,8,10,10,10,10,10,9,76
4M7NBKFMB,ｷｭﾍﾞﾚｲ,MTBP3B4GM,ふらわーすきすき,1310,5,1623,1654000,10,9,10,10,10,10,10,10,79
9KRYRDLH2,れんちょん,GKR9TEBYC,毎日がホリデイ♪,662,0,1623,1654000,9,9,8,9,10,8,9,8,70
9X8X3V66X,シバ,E12PR824F,ゆるっと蓮ノ空,754,0,1625,1652000,10,10,10,10,10,10,10,10,80
19TPGHPF9,ko-g,2A69E25N6,ゆめみづほ,1660,9,1626,1651000,10,10,10,10,10,10,10,10,80
PH2NH2JMT,タヒ,V26546K3D,乙宗気合筋肉,1334,16,1626,1651000,10,10,10,10,10,10,10,10,80
NDF10E002,ゆかり,Y6JNPC60C,綴理メイト,1314,17,1628,1650000,10,10,10,10,10,10,10,10,80
ID8YOIXB9,オラL,FE282F3VH,天悶部,1174,1,1628,1650000,9,9,9,7,8,8,9,9,68
GWLM8MOD7,ちてい,1BME38BCD,さすさやクラブ,1289,3,1630,1649000,8,9,8,7,8,8,7,10,65
BMBV82R3M,まつもと,AH27N260E,百生信託銀行,843,4,1630,1649000,9,9,10,10,10,10,8,8,74
1E54GG5CG,冷凍おでん,KT4C59NXG,めぐ島,1296,4,1632,1648000,10,10,10,10,10,10,10,10,80
810ME3RPP,チゃうチゅーる,G59NGM0XA,シュリーレン,1235,18,1632,1648000,8,9,9,8,10,8,8,10,70
GVL8L66BZ,ゆき,8FR866PRY,蓮っ子みらくラブ,1487,7,1634,1647000,10,10,10,10,10,10,10,10,80
EP8F2M7J8,ば,GN1798YEX,ド!ド!同好会,991,8,1634,1647000,10,10,10,10,9,9,9,8,75
ULQT70PVL,さーきっと,KT4C59NXG,めぐ島,1512,13,1636,1646000,10,10,10,10,10,10,10,10,80
J0CF7WY7R,おーちゃん,B5V2LNN43,WMW,1365,11,1636,1646000,10,9,10,10,10,10,10,10,79
1G39WUKBY,ザッキー,1AK9VTG3W,ドルケスキスキ部,687,2,1638,1645000,10,10,9,6,10,7,10,10,72
80XJM10F0,うらピ,HBM31HMUY,YUKIZURI,1088,2,1638,1645000,10,10,10,10,10,10,10,10,80
U41ZTXQE6,のちもたー,6531MBM0X,のちもたーズ,909,2,1640,1644000,10,9,9,8,4,7,6,8,61
CX5BX990E,フツ奴,WN5B7VKPU,きんぴられんこん,1264,13,1640,1644000,10,10,10,10,10,10,10,10,80
GHXAUM56B,ゆ,9FF5JBNDF,めぐすきクラブ,1068,14,1642,1643000,7,8,9,7,8,10,7,7,63
WCMDKA69N,40,N1JAJ83CA,蓮ノ空園芸部,1208,13,1643,1642000,10,6,9,8,10,9,9,7,68
0RM54EH65,empress,D7H8MN2U4,LLD,1160,6,1643,1642000,7,10,9,10,10,8,8,8,70
YD9ABLEN2,ガハラ,F8MLHU2NV,乙宗梢様､､､,1333,6,1645,1641000,10,9,9,8,10,10,8,10,74
2V7LSU58X,シグマ,WHWT61ELR,【無言】ハスノソ,1027,1,1645,1641000,7,9,8,9,9,9,10,9,70
FD147GB86,つづりんでぃあ,73CBYJYB0,"oNM,",1149,10,1647,1640000,9,10,9,10,10,10,8,10,76
CCXD7AREJ,グ,LUYG5CWPJ,La+,1045,12,1648,1639000,3,6,5,6,6,6,2,5,39
0YBGVY4TT,ゴルシのにんじん,ANCNM0UPK,スクスタ適当部,1189,14,1649,1638000,10,10,9,10,10,10,8,9,76
XDEB1EAPH,通りすがり,V4A5MP41E,徒町チャレンジ！,1661,18,1649,1638000,10,10,10,10,10,10,10,10,80
3W6393R8A,ジャック,Y6JNPC60C,綴理メイト,1277,18,1651,1637000,9,10,9,8,10,7,9,8,70
XGR5P0YTA,けをす,D7UA5ER1E,UR報酬欲しい！,1027,1,1651,1637000,8,7,9,8,8,8,7,7,62
DEJRX39JF,nuts.co,RM7N1JDB5,無言推奨不干渉会,1144,11,1653,1636000,10,10,10,10,10,10,10,10,80
KVRSXLYW0,かねはら,8FR866PRY,蓮っ子みらくラブ,1560,18,1653,1636000,10,10,10,10,10,10,10,10,80
W4E6DNND1,うな,YATYRMYX2,ゴード！ド！ド！,519,1,1655,1635000,8,10,7,8,10,6,3,2,54
3XTRK8UH8,むゆ,F8MLHU2NV,乙宗梢様､､､,1429,15,1655,1635000,10,10,10,10,9,10,10,10,79
NYXB3JJC0,むにゅま,YUVK7R51W,萌え萌え倶楽部,1051,9,1657,1634000,5,6,8,9,10,8,6,5,57
0A76E8DGK,星鎧亜イカロス,N83DW3NYG,†極最強倶楽部†,999,1,1657,1634000,9,9,10,9,10,9,9,9,74
E0O5CT7SM,sato,PPAHU1TNY,蓮ノ空のんびり部,1445,12,1659,1633000,10,10,10,10,10,10,10,10,80
J5H3T6VX8,ヨーダ,2ULM366U6,毎日がエブリデイ,1305,11,1659,1633000,8,9,10,8,10,10,10,8,73
A9NQX7XAP,テイル,RXXUPMWB9,待機室跡地観測所,1450,4,1661,1632000,10,9,10,8,10,10,10,10,77
3AGHFYKP6,やちゆう,18YYNRFGA,LotusSky,1077,8,1661,1632000,6,7,10,8,7,8,9,6,61
YLYWCNDGK,かいゆー,FC8NBAJBT,ラー麺二郎金沢店,1532,18,1663,1631000,10,10,10,10,10,10,10,10,80
8PJVU3ICH,らぴるん,YADX9DY49,ﾊｽﾉｿﾗｰ,1380,18,1663,1631000,10,10,9,10,10,10,9,9,77
JOUPM059M,りよ,AE3L01V24,LOVE蓮ノ空,1227,15,1665,1630000,8,9,10,9,9,8,8,9,70
1T04PFEX5,がちはむすたー,X7C21B7H7,泥,1365,16,1665,1630000,8,10,10,6,10,7,9,10,70
N85MGWGJA,りなてん,7R8NKPAB1,花帆推し倶楽部,838,0,1667,1629000,10,10,10,10,10,10,9,8,77
0WSWNJHPG,ダノンデサイル,X34LWGL6R,サークル2,1437,18,1667,1629000,10,9,10,10,10,10,10,9,78
T8L7QQ4RA,いしぽて,07JW71HWG,良いチケで観よう,1342,15,1669,1628000,10,10,10,8,10,10,10,10,78
M62DM824H,そらら,ABALH0AL3,楽園計画,1215,3,1669,1628000,10,10,10,10,10,10,10,10,80
I8IKENW22,ねく,7NJM1VURM,らんるん部。,1474,18,1671,1627000,10,10,10,10,10,10,10,10,80
UA5O2BV67,さいん,5VCRU63W0,まっちみん,1234,13,1671,1627000,10,10,10,10,10,10,10,10,80
51CGIGT2L,ふぁい,RFYKY8DCD,LA.LA.LA,1304,3,1673,1626000,7,9,7,5,10,6,7,7,58
88GHLYV8F,うどん,60D1TTYTV,無言自由会,1246,12,1673,1626000,10,10,10,10,10,10,10,10,80
UR751781D,さんかようそ,HBCC35887,そりゃー!!!,714,0,1675,1625000,8,9,9,7,8,9,8,8,66
TUDLE9XBA,サンイート,0AYJF4RJ6,無言,716,2,1675,1625000,6,8,9,6,8,9,6,6,58
THBUY3K26,まるく,MDMTR1XKL,ホリデーホリディ,1183,15,1677,1624000,9,8,8,7,7,9,9,8,65
XJA5BDOW7,ちや,49AMYCXCD,ルドベキア,1661,15,1677,1624000,10,10,10,10,10,10,10,10,80
43311CCDN,たお,4FN0KWB4G,無言参加大歓迎！,455,0,1679,1623000,7,3,6,10,2,6,7,7,48
K2JMAM878,ALSE,NC2YT2V28,蓮之愛同予者何人,1457,15,1679,1623000,10,10,10,10,8,10,10,10,78
BH72RJ8M3,ハル,9RYR14H9L,ソロマターリ,1132,14,1681,1622000,10,10,10,8,10,10,10,9,77
8VVE3OU27,リージュ,2UKNVBMBU,梢ちゃん同好会,1177,9,1681,1622000,9,10,10,8,9,9,9,9,73
7BDWE6NJD,ふかちん,M6UPWJ6DU,蓮結ぶ虹と星の音,1103,10,1683,1621000,6,7,7,8,7,7,6,6,54
ISDSOLWC3,kenny,B5V2LNN43,WMW,1368,16,1683,1621000,10,10,10,9,10,10,9,8,76
TDWRL18LP,しめじ,P0CXCXHJN,地球,1257,14,1685,1620000,10,10,10,10,10,10,10,10,80
J4XJC9BNX,れいみお,NA8FEYN0M,蓮ノ空飲酒クラブ,887,4,1685,1620000,10,10,10,10,10,10,10,10,80
62J35KH77,ぽちぺろ,N752V1LD6,思想の溜まり場,1314,18,1687,1618000,10,10,10,10,10,10,10,10,80
7BL3KR7D9,ホワイ,HWJ8XPW0T,箱推しなのだけど,1268,16,1688,1617000,10,10,10,10,10,10,10,10,80
FGWMCLNR8,YT,N7GLY2RUW,百生銀行,1043,12,1688,1617000,8,10,10,6,10,8,7,8,67
1B2LJJF52,とむ,HE0GK3EPE,瑞蓮プロカ倶楽部,1372,17,1690,1616000,10,9,10,9,9,10,10,7,74
ISY4WXWMT,とば,D7H8MN2U4,LLD,1195,1,1690,1616000,10,9,10,8,9,8,8,8,70
HAT3CGDP4,ツキダ,2NY9H8BR9,乙宗紅茶館,1232,8,1692,1615000,10,10,10,10,10,10,10,10,80
J2HZWHLHZ,あにめほしいもの,G0J2F9NAL,さやさやさーくる,1403,11,1692,1615000,10,10,10,10,10,10,10,10,80
2H4PNWEF8,にわか,LJNCAEVAP,蓮ノ空さやか研,363,0,1694,1614000,6,5,10,7,7,10,6,9,60
2DW7GKH52,ペンゼン,AVX749PPB,姫芽ちゃん親衛隊,976,1,1694,1614000,9,10,6,6,8,7,7,10,63
5DAP851U5,ふゆ,ELTW62751,安全バーは君の腕,1198,8,1696,1613000,8,8,8,7,8,7,9,9,64
MLKBKXYGF,りょーや,W3YKKRWHG,ルリと愉快な一家,1203,15,1696,1613000,10,10,10,10,10,10,10,10,80
8RXW7TUA5,タビィちゃん,E7673WR7C,マルガイジ,522,3,1698,1612000,10,10,10,10,10,10,10,10,80
6EX2OW7N5,花咲かじいさん,6045Y2RW7,ポチっと！蓮ノ空,1470,15,1698,1612000,9,9,9,7,10,6,10,10,70
12VXEYT0F,しや,KBJ2P8T0Y,人見知りの集い,1169,15,1700,1611000,10,10,10,10,10,10,10,10,80
GBGN1EYNY,esca,H0DV3JJGA,かほさやてぇてぇ,1139,6,1700,1611000,8,8,8,8,10,10,9,10,71
7Q57IC8LS,かざや,N2KCENRKH,猫＆旅大好き部,1153,10,1702,1610000,5,10,8,7,10,7,5,7,59
829MRGK09,じん,N8L41JAA7,無言 ノルマなし,1128,15,1702,1610000,9,9,9,8,9,10,9,8,71
WN09JWH6E,からあげうどん,N8L41JAA7,無言 ノルマなし,1031,5,1704,1609000,10,10,10,10,10,10,10,10,80
F8DVRWFBE,ｙｕｕ,7LMARTXVN,ご飯特盛肉蟹付き,1116,16,1705,1608000,8,8,9,8,10,10,8,8,69
T1RC9W5XT,花梢,V6DV6KETG,梢好き好きクラブ,1247,16,1705,1608000,8,8,8,7,9,7,10,10,67
MT3RWDPWK,Asaneko,AGJ215YND,蓮の空中國分校,704,2,1707,1607000,9,10,10,9,10,9,8,9,74
UG3XWR6KG,ykls3417,75UJ5RB97,蓮ノ空雪野球部,444,0,1707,1607000,7,5,7,6,7,5,6,5,48
LFZN8ZP8I,ぐっちび,2NY9H8BR9,乙宗紅茶館,1323,16,1709,1606000,6,9,8,5,9,9,8,8,62
EM1XPCKHC,もにょ,J79LGCKKF,蓮ノ空コーラス部,1347,3,1709,1606000,10,10,10,10,10,10,10,10,80
UMHMPHJ15,のっぽあご,YADX9DY49,ﾊｽﾉｿﾗｰ,1360,6,1711,1605000,10,9,10,9,10,10,8,10,76
GQT54AYSP,Tenshi,YFADYJVW4,FPS好きクラブ,1544,7,1712,1604000,10,10,10,10,10,10,10,10,80
KRCKB7VP4,でんち,88Y09BLD1,初めまして蓮ノ空,488,2,1712,1604000,6,10,10,7,10,10,10,8,71
HG16MJA04,Yonami,05KN1RR3U,さやかほ花卉園,509,0,1714,1603000,10,8,6,7,10,7,8,8,64
G36QSA8I2,ウェイク,K8C99H42D,ルリと喜ド！愛楽,1207,5,1715,1602000,8,9,8,8,8,9,8,8,66
TXULLMP3J,ねこみや,8R49BTWW6,蓮女お嬢様クラブ,1312,18,1715,1602000,10,10,10,10,10,10,9,9,78
JTNE0X93X,す,GCFA4WL28,乙宗梢を愛で隊,611,0,1717,1601000,8,4,6,8,3,5,7,8,49
1X0M6XVB6,Marunyan,GPKTRBCTT,騎空団蓮ノ空支部,1283,7,1718,1600000,10,10,10,10,10,10,10,10,80
A41HY3Y8L,AOIAO,FVJABCVP3,瑞蓮ラボ,1294,15,1718,1600000,10,10,10,10,10,10,10,10,80
MKWDCKPYV,会長♪,WTJV514G9,蓮ノ空のお弁当屋,1387,4,1720,1599000,10,10,9,10,10,9,10,9,77
ZHOZOTSRT,りょー,D7H8MN2U4,LLD,1372,10,1720,1599000,10,10,10,10,10,10,10,10,80
0RG0HFRDS,はわわ,WLBYGHXPD,大天使村野さやか,1413,17,1722,1598000,10,10,10,10,10,10,10,10,80
Q2MYOIEZV,Ey,NC2YT2V28,蓮之愛同予者何人,1485,18,1722,1598000,10,10,10,10,10,10,10,10,80
65P32K7E9,ゲッカ,7R8NKPAB1,花帆推し倶楽部,638,1,1724,1597000,7,9,8,8,9,9,7,7,64
2YEC9WQ4N,ごめた,P2J37FNLG,乙宗先生指導会,894,7,1724,1597000,9,10,10,7,10,10,9,8,73
OIMWFCL0H,えこ,KXU941RFJ,梢先輩おめでとう,1595,17,1726,1596000,10,10,10,10,10,10,10,10,80
BDW11259W,カナリダ,G59NGM0XA,シュリーレン,1089,15,1726,1596000,10,10,10,4,10,8,10,7,69
8XPBVMJNW,ikari,0CEA9XFKR,蓮ノ空の泥人会,1186,3,1728,1595000,7,6,10,4,8,8,8,9,60
VH2PV4JEP,さといもの,4TALX5GJ6,ライグラ体験会場,1032,7,1728,1595000,6,7,10,7,8,5,7,9,59
ZC4JW1S67,ネイト,V6DV6KETG,梢好き好きクラブ,1424,12,1730,1594000,10,10,10,10,10,10,10,10,80
HKS3VLG9Y,Ryu.,B2KV0EVPD,蓮ちゅきクラブ,1289,5,1730,1594000,6,10,7,6,6,7,6,6,54
U88YYDC6B,beer!!,38KAJGDGU,異次元シャニP,1136,10,1732,1593000,9,10,10,9,9,8,9,10,74
78Y72C15H,さやかの太もも,G0J2F9NAL,さやさやさーくる,755,0,1732,1593000,10,9,9,6,10,7,10,8,69
92MGNJDMM,アイズ,9JG01D3T2,京大百合文研,927,5,1734,1592000,6,3,10,10,8,8,8,10,63
AB6WX8P61,トワ,9GDHWXGVG,ルリと花咲く毎日,530,0,1734,1592000,7,7,10,8,7,10,8,9,66
2KPH9HC44,kei.,5W8RPRVUA,ド！ド！泥！,1155,13,1736,1591000,3,6,10,10,10,10,8,9,66
73LRI9P2T,Az,N8L41JAA7,無言 ノルマなし,1285,5,1737,1590000,10,10,10,10,10,10,10,10,80
SMO8LHD6F,ゴリニキ,L3NN1RWMY,アポロベイ海賊団,1365,11,1737,1590000,10,10,10,10,10,10,10,10,80
Y3DHG6P1H,penka,8M6UDX260,ぽけもん好き,1170,18,1739,1589000,10,10,10,10,10,10,10,10,80
2KA7CXTUM,たま8段,K8C99H42D,ルリと喜ド！愛楽,1138,13,1739,1589000,10,10,10,10,10,10,10,10,80
N5TM1MB2F,セハスチャン,3FF3NB77X,せーはす愛好会,442,0,1741,1588000,9,6,10,6,10,10,10,10,71
LYWSVY32L,しらの,6WJW7R1TD,さやこずノ休日,1247,18,1742,1587000,8,10,10,10,9,10,8,10,75
GJYTSRBIE,キイロイトリ,PPAHU1TNY,蓮ノ空のんびり部,1374,9,1743,1586000,9,10,8,8,10,10,10,9,74
STBVTN1A4,レイ,79C17CHA2,蓮ノ空出張部,1350,15,1743,1586000,10,10,10,9,8,8,10,10,75
G96XGGQTF,蓮色餃子,VNEY6C9BE,スリーマーメイド,1438,18,1745,1585000,10,10,10,10,10,10,10,10,80
TEH21JJRV,トキ,GXR6C85BT,花帆ちゃん親衛隊,1354,15,1745,1585000,10,10,9,8,10,10,10,10,77
T7QKDXHHR,ズッキーニ,9FF5JBNDF,めぐすきクラブ,1371,14,1747,1584000,10,10,10,10,10,10,10,10,80
858VFPHL6,キラ,J8HXTJ8TB,流し素麺同好会,1567,9,1747,1584000,7,6,10,8,7,8,10,9,65
CMXX1B7HK,雨日百合,N0EXH1CM1,ぱちぱち徒町,995,5,1749,1583000,8,10,8,7,10,7,7,8,65
I60Q140YD,ゆきじょるの,J8HXTJ8TB,流し素麺同好会,1585,15,1749,1583000,10,10,10,10,10,10,10,10,80
2ZAR0NTWL,のと,R1RM3X0WV,後方腕組みオタク,1457,18,1751,1582000,10,10,10,10,10,10,10,10,80
1FO8RWDNB,たもり,FK5MUK0ET,くる♡すきクラブ,1441,13,1752,1581000,5,7,10,5,5,8,6,6,52
ILU42GY1Q,てむ,CXG25026E,泥のみんなS,1517,12,1753,1580000,10,10,10,10,10,10,10,10,80
E4GEBDA1R,Valerius,8JMW9G2XW,僕らのリンクラ！,543,0,1754,1579000,9,10,10,10,10,10,10,7,76
M0YA9ALMJ,ナンチャン,8FR866PRY,蓮っ子みらくラブ,1397,5,1754,1579000,10,10,10,10,10,10,10,10,80
JP733E2SM,おっきー,BT22M41DV,梢花帆吟子同好会,1230,3,1756,1578000,8,8,9,10,9,10,10,10,74
4H4L09G0F,すてけつ,9JTF508LB,スクスタ亡霊部,1426,13,1757,1577000,10,9,10,10,10,10,9,10,78
LTG2LM5XL,マスト,KXU941RFJ,梢先輩おめでとう,1004,6,1757,1577000,10,10,10,10,10,10,10,10,80
V8A857TJ1,⏰,Y6JNPC60C,綴理メイト,1333,12,1759,1576000,9,7,8,8,7,9,8,10,66
272E1UNTU,おくやん,9RYR14H9L,ソロマターリ,1095,13,1759,1576000,10,10,10,10,10,10,10,10,80
LUVAPPYP0,まぁ,JE7V5MM31,蓮ノ沼に沈んだ泥,1368,14,1761,1575000,10,10,10,10,10,10,10,10,80
4DPEMAB05,ココカメ2,AKF49TD3T,なんか,909,3,1761,1575000,7,9,8,5,8,7,10,9,63
VWZ7PP7PZ,さつき,2ULM366U6,毎日がエブリデイ,1374,15,1763,1574000,7,7,9,4,5,7,8,9,56
9JJVUNQQY,なつめやし,M7HJCP8WY,留年回避補習室,1334,2,1763,1574000,9,9,10,7,9,9,10,10,73
VQIBWKYIO,シン,N8L41JAA7,無言 ノルマなし,1474,13,1765,1573000,10,10,10,10,10,10,10,10,80
S9K67HE46,るな,PDMPF3VVV,r/LL,1132,12,1765,1573000,5,7,5,8,6,6,6,7,50
U2WEDH4MU,かいりさん,8MLVA67AK,聖ミリオン女学園,1230,5,1767,1572000,10,10,10,7,10,10,10,10,77
JV2MMT2AF,いお,1GJC67JLM,無言の泥,1169,10,1767,1572000,10,10,10,10,10,10,10,10,80
FXNBXLOUO,ハシボソ,Y2HV0YEF7,蓮ノ空を応援し隊,1337,17,1769,1571000,7,7,10,10,10,9,10,9,72
JKJ7SUKZM,M.A.R.K.,7U20138DB,LGP,1138,2,1769,1571000,7,8,7,5,9,8,7,9,60
GHEBPK8M7,BLAZE,0UT59MJ8U,かほすこ同好会,1402,15,1771,1570000,10,10,10,9,9,10,10,10,78
GRD5U1RH7,楠木此花,WTJV514G9,蓮ノ空のお弁当屋,1289,14,1772,1569000,10,10,10,10,10,10,10,9,79
THZITXSPL,アンコウ,N752V1LD6,思想の溜まり場,1374,6,1772,1569000,10,10,10,10,10,10,10,10,80
F2A1RX60N,みどり,JA2C658FW,さや綴理の村人,1140,10,1774,1568000,10,10,10,10,10,10,10,10,80
C0H1DSB02,aoba,B2KV0EVPD,蓮ちゅきクラブ,1261,4,1774,1568000,9,7,8,6,9,9,7,8,63
7D94KWALU,梟雄x,YFADYJVW4,FPS好きクラブ,1042,4,1776,1567000,10,10,10,9,10,9,10,9,77
YH1NN06WH,味噌メガネ,HBUK6F7CC,乙宗梢なりきり部,1218,16,1776,1567000,10,10,9,8,10,9,10,9,75
08D762M0E,凛香,GN1798YEX,ド!ド!同好会,1220,16,1778,1566000,10,10,10,9,10,10,9,9,77
F7AVID9MC,プルプル,JA2C658FW,さや綴理の村人,1565,18,1779,1565000,10,10,10,10,10,10,10,10,80
0OFG4D48O,マニミミ,X7YM9EG8K,伝統の石川地酒,797,4,1779,1565000,6,2,2,7,4,4,10,1,36
AP7F00GN1,デンチ,WHWT61ELR,【無言】ハスノソ,1248,9,1781,1564000,10,10,10,10,10,10,10,10,80
G84LMUK5K,korikori,XTMGPY62U,スクステ初心者,963,3,1781,1564000,7,7,9,7,10,10,8,7,65
UXS5629U1,まう,GKR9TEBYC,毎日がホリデイ♪,1281,10,1783,1563000,10,10,10,10,10,10,10,10,80
MS2NP6PUZ,くろまる,YCTM6RYDP,金沢おでん同好会,1498,6,1783,1563000,8,10,9,7,8,9,10,10,71
TPLTLFC86,ぷにこ,9DKR4Y2CJ,蓮ノ空老人会,1460,15,1785,1562000,10,10,10,10,10,10,10,10,80
8LWYYA2N8,さとつぺ,2NY9H8BR9,乙宗紅茶館,872,5,1785,1562000,10,7,10,9,3,10,6,6,61
00XKAG31P,ぷらけー,HPTHY23VR,蓮ノ空文芸部,1022,4,1787,1561000,7,7,10,8,9,7,9,10,67
XD0KJWUFH,まつたつ,GN9EEL045,きらくに,580,1,1788,1560000,2,4,8,2,4,8,7,1,36
NDA28I6HM,MY-tanθ,R1RM3X0WV,後方腕組みオタク,1410,18,1788,1560000,10,10,10,10,10,10,10,10,80
M88RFAO10,えぷそん,05KN1RR3U,さやかほ花卉園,1368,11,1790,1559000,10,10,10,7,8,10,8,8,71
AW6FNKJ5E,村野saajak,GR65FP8VN,蓮好き,537,1,1790,1559000,9,10,7,10,10,9,10,7,72
4F31TFH9D,あらかわ（憩）,9GDHWXGVG,ルリと花咲く毎日,1125,5,1792,1558000,10,10,10,10,9,9,10,10,78
TMY867HAT,Robo,2JVBK752G,卍愛蓮説卍,1122,6,1792,1558000,10,8,9,7,10,10,7,10,71
NMNWJ8GAQ,ルソー,NMT63RUDV,泥村,1608,18,1794,1557000,10,10,10,10,10,10,10,10,80
EZUTWJCX8,二次健ちゃん,P2J37FNLG,乙宗先生指導会,1358,10,1794,1557000,10,10,10,10,10,10,10,10,80
TLJY136SK,たこめっと,2ULM366U6,毎日がエブリデイ,1181,10,1796,1556000,10,10,9,10,10,10,10,7,76
YXWLCFUQD,Joe,4XRHRYDW4,無言でエンジョイ,1470,10,1796,1556000,10,10,10,10,10,10,10,10,80
MFPXKQJDR,Stig,HBUK6F7CC,乙宗梢なりきり部,1186,3,1798,1555000,8,7,9,8,9,9,7,8,65
JM6NJJML7,piyo,BXC1T2HY2,初心者の集い,967,2,1799,1554000,9,10,8,7,10,9,8,10,71
6A1R37A8C,なの,573J1JVVK,かほかほ,965,11,1800,1553000,5,7,7,10,10,6,8,5,58
MH4I5LCZJ,ほく,X0TFG829Y,ボクのおうち,474,0,1801,1552000,7,8,9,8,6,8,7,7,60
B9OKMP2C8,いなかもの,ABU58EVJ2,Quatuor,1629,12,1801,1552000,10,10,10,10,10,10,10,10,80
DLSZMF1HF,小牧,HE0GK3EPE,瑞蓮プロカ倶楽部,1474,15,1803,1551000,7,7,7,8,8,8,8,9,62
PDO5I6YWY,ねぎま,3FF3NB77X,せーはす愛好会,1509,18,1803,1551000,10,10,10,10,10,10,10,10,80
A7AWUK1ET,かがみん,06DCWC1RE,とりあえず参戦用,1330,17,1805,1427800,10,10,10,10,10,10,10,10,80
6F9LWDMNT,ASH,V4A5MP41E,徒町チャレンジ！,1191,15,1806,1427600,10,10,10,10,9,10,10,10,79
2SBHPGSJR,どーぶ,GKR9TEBYC,毎日がホリデイ♪,1324,3,1807,1427400,10,10,10,10,10,10,10,10,80
11KTBRTA3,ngu,N0EXH1CM1,ぱちぱち徒町,822,3,1808,1427200,9,10,9,8,9,8,8,9,70
V17DFTKLJ,すーぱーけーさん,9GDHWXGVG,ルリと花咲く毎日,1412,16,1808,1427200,10,10,10,10,10,10,10,10,80
LLJGE3G2V,わおん,N0EXH1CM1,ぱちぱち徒町,1236,11,1810,1427000,10,10,10,10,10,10,10,10,80
2ZWQO40OB,イケ,1DU9LCND7,蓮ノ空すこやか部,1394,16,1811,1426800,10,10,10,8,10,8,10,8,74
CYVJ4PJD7,ゆきあめ,M67ACEP3M,オーバーブースト,1275,10,1812,1426600,10,10,8,10,10,10,10,10,78
RKMBL9587,ちくりん,KXU941RFJ,梢先輩おめでとう,1103,9,1813,1426400,10,10,10,10,10,10,10,10,80
F5W4O51H7,あねもねちゃん,49AMYCXCD,ルドベキア,1540,18,1814,1426200,10,10,10,10,10,10,10,10,80
RWV6958VW,コズミック,C021HVB2B,第3芸能科,569,2,1815,1426000,10,10,10,10,10,9,8,8,75
1LZ1ANSSD,ひしがた,MXNCA0703,◇,1634,18,1815,1426000,10,10,10,10,10,10,10,10,80
VNF3FHCBR,グリード,8R49BTWW6,蓮女お嬢様クラブ,1118,7,1817,1425800,10,10,9,10,10,10,10,9,78
GAEI9QPFF,チャン,JCRNT9GKB,ハントンTKG,753,2,1818,1425600,8,7,10,8,10,8,8,8,67
KEPGV594M,ねむみ,V26546K3D,乙宗気合筋肉,605,2,1819,1425400,4,9,6,4,8,7,6,7,51
F43X37134,いさっち,YXKR0GGM4,蓮ノ空好き好き,1262,12,1820,1425200,9,10,10,8,9,8,9,10,73
8PYU8KCYR,デンキ,ABALH0AL3,楽園計画,1313,17,1821,1425000,10,10,10,10,10,10,10,10,80
Y111EK3MP,青春の輪郭,W3YKKRWHG,ルリと愉快な一家,1234,16,1822,1424800,10,10,10,10,10,10,10,10,80
WPTXJEN2W,ツユテ,J2BVEWRJ1,蓮ノ空山嶽部,719,0,1823,1424600,7,9,9,7,9,8,7,9,65
19A9MUCBD,らゆ,V6DV6KETG,梢好き好きクラブ,1308,17,1824,1424400,9,9,10,8,9,9,10,9,73
6H4PE9GCM,いっちゃんNPC,2NY9H8BR9,乙宗紅茶館,802,4,1825,1424200,6,6,7,8,10,6,8,9,60
2YRJ6J21P,ヒマザイン,7XH3K4GBT,LLP,791,4,1826,1424000,6,9,8,6,10,10,8,8,65
J4XUNAHWW,sive松,A86FEX2JC,おやさいさん,1101,1,1827,1423600,10,9,10,10,9,9,10,10,77
186XX8N21,ヒガ,YNR28303K,りんくらぶ,1102,3,1827,1423600,9,9,9,10,9,8,8,9,71
YYT3VDTXD,イノベ,MUXWTW1GV,蓮の空見守り隊,1175,2,1829,1423400,10,10,10,10,10,10,10,10,80
8WCEGSZAE,まと,7R8NKPAB1,花帆推し倶楽部,1275,2,1830,1423200,10,10,10,10,10,10,10,10,80
V5B1VKYJM,MikaSa,AVX749PPB,姫芽ちゃん親衛隊,1045,8,1831,1423000,10,10,10,10,10,10,10,10,80
KAL9BRYYN,きょんぴー,G2BWENR1C,せーはす応援団,1571,16,1832,1422800,10,10,10,10,10,10,10,10,80
F1OJJRMRE,ほわぁ,WX1DYC9Y1,ラナンキュラス,1241,7,1833,1422400,10,10,10,8,10,10,9,8,75
UPB9XUXDU,サム,79C17CHA2,蓮ノ空出張部,1166,15,1833,1422400,10,10,10,10,10,10,10,10,80
FZDZW0KWF,つづさや〜,PDMPF3VVV,r/LL,1460,4,1835,1422200,10,10,10,8,10,8,10,10,76
616F680B7,じょにー,6BFC4G5YG,蓮ノ空足湯同好会,1507,2,1836,1422000,10,10,10,10,10,10,10,10,80
KPXR99NRL,早寝早起きマン,79C17CHA2,蓮ノ空出張部,1114,13,1837,1421800,8,8,9,9,9,9,8,7,67
MY9GFUXVC,きっくー,79C17CHA2,蓮ノ空出張部,1507,15,1838,1421400,10,10,10,10,10,10,10,10,80
TFFBYIT98,べにーびーばっど,M851LEV3N,なっす父兄,1453,7,1839,1421000,10,10,10,6,9,8,9,9,71
M2R0R9NV5,向井新,RXXUPMWB9,待機室跡地観測所,1346,15,1839,1421000,10,10,10,10,10,10,10,10,80
E8YW4THZQ,らぎす,RWARTHA1M,乙宗梢大好き部,1340,15,1841,1420800,10,10,10,10,10,10,10,10,80
P35KF718F,うしどっと。,NA7CCGNDH,8番らーめん好き,1344,4,1842,1420600,10,10,10,10,10,10,10,10,80
TG7P5G630,はいぼ,N8L41JAA7,無言 ノルマなし,1156,18,1843,1420200,10,10,10,10,10,10,10,10,80
ZAQC9O1L8,ゆーふ,JE7V5MM31,蓮ノ沼に沈んだ泥,1553,15,1844,1420000,10,9,9,9,10,10,9,9,75
24TRM7P92,たぴうむ,0UT59MJ8U,かほすこ同好会,1224,10,1845,1419800,10,6,10,10,10,10,7,6,69
BY66WNX39,ぴんくぱーかー,2VJG66JTH,まったり,987,4,1845,1419800,10,9,7,9,10,10,8,10,73
C06XJ4WDD,みつき(水月),WTJV514G9,蓮ノ空のお弁当屋,1218,8,1847,1419400,10,8,8,10,10,10,10,10,76
7ZW228ZPT,レイン,51CF1LTGY,ラ研連合,1216,13,1848,1419000,10,10,9,9,9,9,9,10,75
RWVJDCP2R,元大学院生,V7768X8AC,せーので！,1388,15,1849,1418800,9,10,9,8,10,10,10,10,76
YUSY1HVSS,月ノ瀬,HE0GK3EPE,瑞蓮プロカ倶楽部,1631,18,1850,1418600,10,10,10,10,10,10,10,10,80
J7IL1HUA1,寅井,NA8FEYN0M,蓮ノ空飲酒クラブ,1212,0,1850,1418600,10,10,10,10,10,10,10,10,80
RYDAMJ5G0,23ten。,H0DV3JJGA,かほさやてぇてぇ,1012,6,1852,1418400,10,8,10,6,10,10,10,7,71
BA7ML95N2,ブチコ。,DHBGK1398,となりにこな,1353,13,1853,1418200,10,10,10,10,10,10,9,10,79
U7O6241ZM,わち,B5V2LNN43,WMW,1368,2,1854,1417600,6,10,9,6,10,9,10,9,69
04ZEIPGS0,泥,NMT63RUDV,泥村,1466,4,1855,1417400,10,10,10,10,10,10,10,10,80
OLZWE0YRK,アスカ,YD2XWWFA4,蓮好き好きクラブ,1510,15,1855,1417400,10,10,10,10,10,10,10,10,80
UBT0A5NSS,Luke,8R49BTWW6,蓮女お嬢様クラブ,1203,13,1857,1417200,1,5,8,6,8,7,10,10,55
TF3UGM2I8,たけＤ,V6DV6KETG,梢好き好きクラブ,1469,18,1858,1417000,10,10,10,10,10,10,10,10,80
EL7DU08BP,ずらかね,9UKKACGDU,蓮っ子CLUB,1343,16,1859,1416600,10,8,8,8,9,10,8,10,71
V98PDNYBQ,青赤イナゴ,GVT61ATX0,なのだけれど,1463,18,1860,1416400,10,10,10,10,10,10,10,10,80
8PHVNYF0V,TA2,1DU9LCND7,蓮ノ空すこやか部,1054,9,1861,1416200,10,10,10,10,10,10,10,10,80
OLXZJUILY,あすろん,DKNHY5HH6,なす料理研究会,1471,15,1862,1416000,10,10,10,10,10,10,10,10,80
064PJH5PB,かいける,CXG25026E,泥のみんなS,1527,6,1863,1415800,10,10,10,9,10,10,9,10,78
XKV0YF90Y,おむらいす大将軍,WLLWJ8ADP,乙宗筋肉サークル,1328,16,1864,1415600,10,10,10,10,10,10,10,10,80
F6FKCB48N,ぺりらもち,XVTV7MVCX,雪月花,1224,14,1865,1415400,10,10,10,10,10,10,10,10,80
92BJ2WH8C,はやたい,CV62FGL1U,花咲かせ隊,1151,18,1866,1415200,10,10,10,10,10,10,10,10,80
A4VCUZCDY,しずくま,PDMPF3VVV,r/LL,1263,6,1867,1415000,10,10,10,10,10,10,10,10,80
N1NX17NP1,toshi,V7768X8AC,せーので！,1416,5,1867,1415000,9,10,9,10,10,9,10,10,77
DJPNUHADM,ヨコヤン,6045Y2RW7,ポチっと！蓮ノ空,1068,6,1869,1414800,9,10,8,8,9,8,10,8,70
OD2J57BRJ,ケルン,GR65FP8VN,蓮好き,892,4,1870,1414600,8,8,10,9,10,10,10,10,75
B676D4CKM,まき,5YXVKDEKV,サークル(仮),1033,2,1871,1414400,7,8,7,5,8,9,6,7,57
V5WH9X9NW,ヒトシ,H0DV3JJGA,かほさやてぇてぇ,1316,16,1872,1414200,9,9,10,9,10,9,10,10,76
72K862Y7M,ザ・松田,V6DV6KETG,梢好き好きクラブ,1454,17,1873,1414000,10,10,10,9,10,10,10,10,79
0T7WNKU5V,Eve,PMME7169X,蓮っ子動物園,1127,4,1874,1413800,10,10,10,10,10,9,10,8,77
D0VHL5AE9,シエル,1KDUBW4HB,めぐ党0番,970,0,1874,1413800,10,10,10,10,10,10,10,10,80
JW37MK191,ぽぽろん,J8HXTJ8TB,流し素麺同好会,1273,9,1876,1413600,10,10,10,10,10,9,10,10,79
2TMBXYL4T,"Mirai,A",MTBP3B4GM,ふらわーすきすき,1143,7,1877,1413400,10,10,10,10,10,10,10,10,80
XN1DPF88F,もみじ,GVNKNN878,Aqours,1233,15,1878,1413200,10,10,10,9,9,9,10,10,77
RSOOU0EWR,エスエフ,998H940YN,お嬢様筋トレ部,1444,14,1879,1412800,10,10,10,9,10,10,10,10,79
U0B2Z02K0,サトシ,DKNHY5HH6,なす料理研究会,1127,9,1880,1412600,10,10,10,10,10,10,10,10,80
85M61AF85,なつ,4FR887RVF,わたし魚,1041,3,1880,1412600,8,9,9,7,8,7,8,8,64
EDC4D38E2,ぱん粉,GR65FP8VN,蓮好き,1110,11,1882,1412200,7,8,7,6,7,8,7,8,58
K46E6PG9G,なすみそ,8JMW9G2XW,僕らのリンクラ！,1403,4,1883,1412000,8,9,10,7,10,10,9,10,73
4ME4T0F13,クロウ,L3NN1RWMY,アポロベイ海賊団,951,3,1884,1411800,10,8,9,8,10,10,7,8,70
KEUT2YHCJ,はちしき,FH7G62PKW,月火水木金土日,1029,12,1885,1411600,9,10,10,8,10,10,10,9,76
MW8KUNW0W,ふじ,NMT63RUDV,泥村,1278,7,1886,1411400,10,10,10,10,10,10,10,10,80
SC3DMU71Q,Mラティ,GW4CH70HK,TKG同好会,1338,18,1887,1411200,10,10,10,10,10,10,10,10,80
Y3NQF0DZ3,あくあくLOVE,BCJRMHE75,梢すきすきクラブ,1609,17,1887,1411200,10,10,10,10,10,10,10,10,80
RWJTSAQK0,すたぁ西木野,2JK7E4115,ラ！推し,1215,6,1889,1410800,10,10,10,10,10,10,9,9,78
QP9J4VAQF,セリル,43HRXMXWA,無言OKクラブ,1438,14,1890,1410200,10,10,10,10,10,10,10,10,80
W4JF8NDVV,まー,E7UBFLW56,同好会の同好会,793,3,1891,1410000,10,10,10,10,10,10,9,10,79
DU4D4YVRK,あやや,W3YKKRWHG,ルリと愉快な一家,1089,8,1892,1409800,9,8,10,9,10,10,9,9,74
GHZI9V3NW,Kaze,Y2HV0YEF7,蓮ノ空を応援し隊,1479,15,1893,1409600,10,10,10,10,10,10,10,10,80
MK43XM5R6,ぐらしあ。,AXG81GPMP,蓮ノ空マタギ部,1391,18,1894,1409400,10,10,10,10,10,10,10,10,80
B7LXJFQL1,じぷしー,3LPBPHL3V,壁の民の伝説,1260,14,1895,1409200,10,10,10,8,10,10,10,9,77
BAM3IRQNY,Zero,RWARTHA1M,乙宗梢大好き部,1263,14,1896,1409000,10,10,10,10,10,10,10,10,80
GGU78Z4C2,ホルティの栄光イ,G59NGM0XA,シュリーレン,1370,18,1897,1408800,10,8,7,9,9,9,9,8,69
V3WPA1H92,umi,4URND90YY,参加賞狙い,1133,18,1897,1408800,10,10,10,10,10,10,10,8,78
0SRIPZOMK,k46,CM5THHYHB,「」ノ空だけれど,1489,5,1899,1408600,10,10,10,10,10,10,10,10,80
12L1AUH04,コバちゃん,M851LEV3N,なっす父兄,1553,18,1900,1408200,10,10,10,10,10,10,10,10,80
4LEATMTOT,KINO-P,V6DV6KETG,梢好き好きクラブ,1319,3,1901,1408000,10,10,10,10,10,10,10,10,80
K9G2HPEM9,para,2VJG66JTH,まったり,1283,0,1902,1407800,10,9,9,9,9,9,9,10,74
BSGRWC7TI,けんたす,WHWT61ELR,【無言】ハスノソ,1405,15,1903,1407600,9,10,10,9,10,9,10,10,77
NH30591S7,スコッチ,PLBBEX019,待機室目指し隊,1269,6,1903,1407600,10,10,10,9,10,10,8,9,76
D47ZTCSNE,与謝野ユキオ,HBUK6F7CC,乙宗梢なりきり部,1422,0,1905,1407200,10,10,9,9,10,10,9,8,75
FB0ZLS8HB,かも,6045Y2RW7,ポチっと！蓮ノ空,1485,18,1906,1406800,10,9,10,9,9,10,8,10,75
EUCNULW3Y,Ksb,MTBP3B4GM,ふらわーすきすき,943,1,1907,1406600,5,7,9,7,7,7,9,9,60
M79EFWMUE,QAQ,E7UBFLW56,同好会の同好会,506,0,1908,1406400,10,8,7,7,7,7,7,7,60
W67F0AGNE,まゆい,5NPVVUGH7,蓮すきすきクラブ,1159,10,1908,1406400,7,8,10,7,8,7,7,7,61
BU49T3EVW,ruin,BK8AXMYGC,いってらっしゃい,1118,12,1910,1406200,6,6,9,5,9,8,4,8,55
7GHRVCWRA,びんくん,L3NN1RWMY,アポロベイ海賊団,1313,7,1911,1406000,7,6,9,6,7,7,8,8,58
88VL2GGBH,枝豆,AR9HR528A,いろいろ実況,1027,2,1912,1405800,10,9,9,9,9,9,8,9,72
G2YW20XX8,きち村,JDAG79TG7,百合ノ空観察部,1135,8,1913,1405600,9,10,9,9,9,10,9,9,74
6PM61RAEU,もにゃ,2DYYAPFVN,蓮っ子村,1178,0,1914,1405400,9,10,10,7,10,9,10,10,75
52S7V69W0,やっぱ天使！,R1RM3X0WV,後方腕組みオタク,1603,15,1915,1405200,10,10,10,10,10,10,10,10,80
AXWFJ4DYP,きしめん,HMBW9DXY2,蓮好き皆あつまれ,737,0,1916,1405000,10,10,10,10,10,10,10,10,80
NKMMF0AL8,しゅん,FVJABCVP3,瑞蓮ラボ,1276,2,1917,1404800,10,10,10,10,10,10,10,10,80
UZRS5HZOE,RX-178,PLBBEX019,待機室目指し隊,1299,10,1918,1404400,7,9,6,7,9,6,6,7,57
X71Y6GTAD,マーライオン,MVYAVX8BK,きらきらきらら,905,3,1919,1404200,10,10,10,10,10,10,10,10,80
3X0Y8KUA4,ものくろ,RXXUPMWB9,待機室跡地観測所,1406,18,1920,1404000,10,10,10,10,10,10,10,10,80
LDJP8T19X,ARX-Λ,0CEA9XFKR,蓮ノ空の泥人会,1470,11,1920,1404000,10,10,10,10,8,10,10,10,78
U0652X7GO,なしれい,HKETDDCK6,ぼっちざ蓮!!,1304,0,1922,1403600,10,10,9,10,9,10,10,10,78
USL4MDH3Z,閣下,J8HXTJ8TB,流し素麺同好会,1425,18,1923,1403400,10,10,10,10,10,10,10,10,80
2Z7X24VY9,陽菜を護る騎士,WAT20PN3Y,こな党,1578,16,1924,1403200,10,10,10,10,10,10,10,10,80
ZGOA5WHV4,おってぃ,D7H8MN2U4,LLD,1434,8,1925,1403000,10,10,10,10,10,10,10,10,80
QB3BUF0AL,代目,7U20138DB,LGP,1493,15,1926,1402800,10,10,10,10,10,10,10,10,80
6TCAMC79P,ろんぐほーん,GW4CH70HK,TKG同好会,1422,10,1927,1402600,10,10,10,9,9,8,10,10,76
V6Z17KIFS,えるざ,P2J37FNLG,乙宗先生指導会,1370,16,1928,1402400,10,10,10,10,10,10,10,10,80
G45PT1Y5H,十六夜,AG9PKMMC3,ぱかぱか同好会,1380,12,1929,1402000,10,10,10,10,10,10,10,10,80
JNJD6NWER,マサ,JDAG79TG7,百合ノ空観察部,976,0,1930,1401800,8,8,8,7,8,7,7,7,60
JNM0HFUXA,唯,NC2YT2V28,蓮之愛同予者何人,1127,10,1931,1401600,7,8,8,7,9,8,7,10,64
6IADOMDIU,りんがゔぇー,GVT61ATX0,なのだけれど,1376,13,1932,1401400,10,10,10,6,10,6,10,10,72
FRO9SDF5D,伊吹,NDTPN879N,ライバーズハイ,1418,15,1932,1401400,10,10,10,10,10,10,10,10,80
AXNUE33I7,♨釜玉うどん♨,N2KCENRKH,猫＆旅大好き部,1586,6,1934,1401200,10,10,10,10,10,10,10,10,80
8PVGDRRKP,あらびき,W09WBG3HY,どろんちゅ,666,0,1935,1401000,10,10,10,10,10,10,10,10,80
5N9RR25L2,あさひ,B2KV0EVPD,蓮ちゅきクラブ,1481,10,1936,1400800,10,10,8,8,8,9,10,8,71
F2CXXUVHH,はすき,FG5VFFNRK,蓮ノ空おじさん,1083,15,1937,1400600,9,9,9,9,10,10,8,10,74
UJYGRJWTK,ゅ,T48KV9EP2,無言ぱーく,1050,8,1938,1400400,9,9,9,8,8,9,8,8,68
TFXIQC43D,ドドドウォリアー,UX96YX4T1,『位置について』,1293,6,1939,1400200,10,10,10,10,10,10,10,10,80
LG5V6FL3M,いあ＝だーふぇ,UHF5Y8PEF,さやちゃん倶楽部,1229,15,1939,1400200,10,10,10,9,10,9,10,10,78
1CBTT1YL4,たい,TK9E1BB1P,無言で自由,1079,0,1941,1400000,5,7,7,2,10,6,10,10,57
YA33XTF5A,クロト,J8HXTJ8TB,流し素麺同好会,1250,10,1942,1399800,9,10,10,7,10,8,10,10,74
N20CD9N24,アイラ,TJPWPCM36,リンクラ支部,1227,11,1943,1399600,10,10,10,10,10,10,10,10,80
HMVAPHPN5,yabush,FV38N1J23,イベント用,1279,3,1944,1399200,10,10,10,10,10,10,10,10,80
NDP9R92MX,川口,VKNVG1K0B,おさかなサークル,1159,3,1945,1399000,10,9,10,8,10,10,10,10,77
EJA18D024,ひらそ,L3NN1RWMY,アポロベイ海賊団,937,2,1945,1399000,7,8,9,5,10,8,8,8,63
HFA1JGBAU,ビショップ,NMT63RUDV,泥村,1289,18,1947,1398800,10,10,10,10,10,10,10,10,80
W3VE36URL,ゆう,E7UBFLW56,同好会の同好会,1201,18,1948,1398600,10,10,10,10,10,10,10,10,80
UI5ZNYZLE,勝勝,FTY0R8KPH,泥の皆様,1323,3,1949,1398400,10,10,10,10,10,10,10,10,80
5TXDG169L,Wooo(うー),1KDUBW4HB,めぐ党0番,504,0,1950,1398200,9,10,10,9,8,9,8,8,71
32Z330P3G,ちぐと,48BTAPMBG,蓮ノ空魔術部,1329,0,1951,1397800,10,10,10,10,10,10,10,10,80
F96YWHF82,リア,JDAG79TG7,百合ノ空観察部,1350,18,1951,1397800,10,10,10,10,10,10,10,10,80
CN58NYZ1W,雪見だいふく,79C17CHA2,蓮ノ空出張部,1373,18,1953,1397600,10,10,10,10,10,10,10,10,80
LYLCI69VJ,さいは,85D411XNB,蓮っ子の集い,1396,17,1954,1397400,10,10,10,10,10,10,10,10,80
O8A9ZD5IG,堅揚げポテト,YCTM6RYDP,金沢おでん同好会,1311,17,1955,1397200,10,10,10,10,10,9,9,10,78
V2DLBNAGW,Espina,MVMP6NNXD,空き時間らくがき,1299,7,1956,1397000,10,10,10,10,10,10,10,10,80
U7T1KGYSQ,らてぃ,6XX7GBM0K,ぷちぐる同好会,1100,5,1957,1396800,7,7,7,7,8,7,7,7,57
6A1ARNU7P,_zuuyan_,FE282F3VH,天悶部,1297,2,1958,1396600,10,10,10,10,10,10,10,10,80
BB9YZQI9Y,どんでん,RWARTHA1M,乙宗梢大好き部,1666,6,1958,1396600,10,10,10,10,10,10,10,10,80
DEAGMAAG5,けいさんき,BW38LDPRF,蓮浦の星空,1480,18,1960,1396400,10,10,10,10,10,10,10,10,80
MWBIKHWKH,わんたん,0UT59MJ8U,かほすこ同好会,1444,15,1961,1396200,10,10,10,10,10,10,10,10,80
YE8IK02O5,スワロ,59AK7LJ7A,とりあえず,1583,9,1962,1396000,10,10,10,10,10,10,10,10,80
BMGTRRFJP,すふら,YK0X6N2HN,無言OK出入自由,791,0,1963,1395800,9,9,9,8,10,9,9,9,72
D3DW11YG9,まっち〜,A3X92L6YU,お試し用サークル,1045,15,1964,1395600,10,10,10,7,10,10,10,10,77
DNAAU0LY3,サイト,X34LWGL6R,サークル2,1080,4,1965,1395400,9,8,9,6,9,7,6,8,62
TFLG9WJ4A,海苔夫,414CEUPEH,アフター見よう！,945,4,1965,1395400,10,9,10,10,10,10,10,10,79
YR413R0DW,鮭味じゃがいも,6XX7GBM0K,ぷちぐる同好会,1470,18,1967,1395000,10,10,10,10,10,10,10,10,80
KY0VFYWYB,ダージリン,FVJABCVP3,瑞蓮ラボ,1167,15,1968,1394800,10,10,10,10,10,10,10,10,80
X0PWMC7QC,ゆに,WHWT61ELR,【無言】ハスノソ,1134,18,1969,1394600,10,10,10,10,10,10,10,10,80
LOEPVFKXL,ひろたやす,RFYKY8DCD,LA.LA.LA,1660,18,1970,1394400,10,10,10,10,10,10,10,10,80
EWTOZQ9TA,ビクトール,M6UPWJ6DU,蓮結ぶ虹と星の音,1272,6,1971,1394200,9,10,9,6,10,8,8,8,68
FWJDTTNBY,ヤジロベー,FV38N1J23,イベント用,1528,14,1971,1394200,10,10,10,10,10,10,10,10,80
M1WTT4WGN,いぬ,W26TRPM1R,めぐ党藤島派,1274,5,1973,1394000,10,9,9,8,9,8,9,10,72
RBOS9CUIB,たわ,W3YKKRWHG,ルリと愉快な一家,1475,17,1974,1393800,8,8,10,8,10,8,8,8,68
KMACUEN22,残像,VY26V3P0K,AltF4され隊,1104,14,1975,1393600,9,10,10,9,10,9,9,9,75
KTLLLG4XP,さめくま,GMEF2K8DL,花咲く泥も好き²,1305,3,1976,1393400,10,10,10,10,10,10,10,10,80
20YXRIO59,イカ公,6045Y2RW7,ポチっと！蓮ノ空,1200,2,1977,1393200,9,9,8,8,9,9,9,8,69
WWUKMWALP,ゆーむ,25PMPEMG7,星見プロ,1208,10,1978,1393000,10,10,10,10,10,10,10,10,80
HH9Q5BUF8,れじぃな,1BME38BCD,さすさやクラブ,1460,4,1978,1393000,10,10,10,9,10,10,10,10,79
XCE9FSAGE,ナギサ,HBUK6F7CC,乙宗梢なりきり部,1207,12,1980,1392800,9,8,8,7,9,9,9,7,66
3696CQRVA,じょるつん,MVMP6NNXD,空き時間らくがき,1395,7,1981,1392600,10,10,10,10,10,10,10,10,80
VGYP5JAA1,丘,X87KNX4N3,蓮ノ流星群,1321,18,1982,1392400,10,10,10,10,10,10,10,10,80
TYLGFKDHK,ひろまつ,G59NGM0XA,シュリーレン,1265,8,1983,1392200,10,10,10,10,10,10,10,10,80
MKDUT5AWA,ほうき,NC2YT2V28,蓮之愛同予者何人,533,0,1984,1391600,5,9,10,6,10,10,7,10,67
CNW4CEET9,グゥ,MY7PHGEAX,かがやき号蓮女行,1345,6,1985,1391400,10,10,10,10,10,10,10,10,80
NI4WARYQR,牛タン治郎,FNHT9JFY4,リンクラ楽しむ隊,1202,1,1986,1391200,8,9,9,5,8,8,8,10,65
WVH54HTQH,GSW,E76N52LMW,イベントのみ,1383,8,1987,1391000,9,10,10,7,8,10,10,10,74
RUTCEFX6L,ゆう,JDAG79TG7,百合ノ空観察部,1402,18,1988,1390800,10,10,10,10,10,10,10,10,80
1PKXAXJNB,しおかぜ,218R5RK2N,桜坂しずく同好会,1263,18,1989,1390600,10,10,10,8,10,7,6,7,68
GVYNT65U1,スバるん,YE7CX8RNP,蓮ノ大三十角ex,1493,16,1990,1390400,9,10,10,9,10,10,10,9,77
QQ22KQQ40,スラッシュ,AH27N260E,百生信託銀行,1590,11,1990,1390400,10,10,10,10,10,10,10,10,80
C561PY927,まよこ,95YCCGJJG,あまね部蓮同好会,741,0,1992,1390200,10,10,10,10,10,10,10,10,80
W65OLR38R,本だし活用術,NA8FEYN0M,蓮ノ空飲酒クラブ,1273,9,1993,1390000,8,9,9,8,10,10,9,9,72
VH3M9HCB8,佐倉百合子,JBWTMUYAW,梢好き好きクラブ,1118,10,1994,1389800,9,9,9,6,7,7,8,7,62
FB9R8J4XY,あみたん,Y2R7E79U3,カワウソ同好会,1383,16,1995,1389600,10,10,10,8,10,10,9,9,76
GN2YLTY4W,hiroki,K25DPPGT9,圧倒的にまったり,1384,17,1996,1389400,10,10,10,9,10,10,10,10,79
XO322P711,あち,8EP8BFEV7,蓮ノ空女子野球部,1455,18,1997,1389200,10,10,10,10,10,10,10,10,80
LA0Y8C5TM,まっちゃ！,6H800PBV7,新鮮館,1036,2,1997,1389200,7,8,9,7,9,8,9,9,66
5Z1AIQT9R,おすかる,KT4C59NXG,めぐ島,1453,18,1999,1389000,10,10,10,10,10,10,10,10,80
2TNJUCKXM,チビ,0CEA9XFKR,蓮ノ空の泥人会,933,2,2000,1388600,10,10,10,10,10,10,10,10,80
KK9Y4REU9,ジュン,VD7N7A4WH,氷青色,1406,17,2001,1388200,10,10,10,10,10,10,10,10,80
46TENF6Y6,MIZ,HBUK6F7CC,乙宗梢なりきり部,1420,4,2002,1388000,10,10,10,10,10,10,10,10,80
22VLF2LFX,一生スリブです！,MTBP3B4GM,ふらわーすきすき,1193,12,2002,1388000,7,7,8,6,7,9,9,9,62
E7ZYWTBS6,出口,J0N1E3Y09,月火水木金土日,1327,8,2004,1387800,10,10,9,7,9,9,8,9,71
W2CHB7C5M,ぬまくら,V4A5MP41E,徒町チャレンジ！,1408,2,2005,1387600,10,10,10,10,10,10,10,10,80
439PDG459,まずか,8JMW9G2XW,僕らのリンクラ！,1554,7,2006,1387400,10,10,10,10,10,10,10,10,80
HCH35L7HK,げっきょ,5KK3DFY18,MUGEN∞,1364,16,2007,1387200,10,10,10,10,10,10,10,10,80
HP0H7A898,けいアリーナ,1DU9LCND7,蓮ノ空すこやか部,1013,4,2008,1386800,6,8,7,7,6,4,10,10,58
2E12D17AK,Humit,HB9AU9DJJ,聖心党,716,4,2008,1386800,10,8,8,6,10,9,9,5,65
SE5DA9CEU,リトル,G8F0M2PH2,アフターウォール,1516,9,2010,1386600,10,10,10,10,10,10,10,10,80
BEPU4MXRY,れたす,7AATUNUPE,無言サークル,1330,13,2011,1386400,10,10,10,10,10,10,10,10,80
XUHJNEX9H,鈴,L1VGJTD5P,蓮ノ空お茶会部,458,0,2012,1386200,10,10,10,7,10,7,10,10,74
GEHXUXPDW,ゆり,DKNHY5HH6,なす料理研究会,1450,17,2013,1386000,10,10,10,10,10,10,10,10,80
UZL6IVC1A,ふにゃ,V6DV6KETG,梢好き好きクラブ,1333,14,2014,1385600,10,10,10,10,10,10,8,8,76
1LAH24JYU,なぎ^3,FG5VFFNRK,蓮ノ空おじさん,1384,16,2014,1385600,10,10,10,10,10,10,10,10,80
5A5HAO3GF,ふあ,Y1TFAEJ7M,蓮みっこ,1453,18,2016,1385400,10,10,10,10,10,10,10,10,80
3093WYMFM,かしゅ,2ULM366U6,毎日がエブリデイ,1531,18,2017,1385200,10,10,10,10,10,10,10,10,80
BMPLV47WR,オルト,PLBBEX019,待機室目指し隊,1200,5,2018,1385000,9,8,9,6,9,8,8,8,65
O7EIPY4EI,GS,3FF3NB77X,せーはす愛好会,1418,5,2019,1384800,10,10,9,10,10,10,10,10,79
GNBY4N2A1,月,FH7G62PKW,月火水木金土日,1171,2,2020,1384600,10,10,9,9,10,10,9,9,76
PLJRBRNAY,かじん,AR9HR528A,いろいろ実況,1625,17,2021,1384400,10,10,10,10,10,10,10,10,80
4A01WZ7LP,りんがべぇ,7AATUNUPE,無言サークル,1321,10,2021,1384400,10,9,10,9,10,10,10,10,78
KKTOHZMAK,Kimi,L1VGJTD5P,蓮ノ空お茶会部,1163,12,2023,1383800,7,9,8,7,8,9,9,9,66
FPWL0ALUV,サカイ,7R8NKPAB1,花帆推し倶楽部,1340,0,2024,1383600,9,10,9,9,9,9,10,10,75
7F66LJW76,るぺお,B4ADNM80X,山本組,1121,11,2025,1383400,8,9,10,7,9,9,7,7,66
LOU9HC7N6,ネスサン,6045Y2RW7,ポチっと！蓮ノ空,1311,6,2026,1383200,8,10,10,8,9,8,9,10,72
8AM9BLGNK,塩鍋,BCJRMHE75,梢すきすきクラブ,1441,12,2026,1383200,10,10,10,10,8,9,9,10,76
9HLG4JJRH,まるもこ,JDAG79TG7,百合ノ空観察部,681,2,2028,1383000,9,8,10,8,7,5,8,10,65
3R3NRSQ9A,yamato,K44BC8GLR,ことりのダイヤ,1247,9,2029,1382800,10,10,10,10,10,10,10,10,80
PG06760H0,KiLlerMI,MTBP3B4GM,ふらわーすきすき,1054,4,2030,1382400,10,10,8,6,10,7,7,10,68
N40CNAJ6P,MyRoad,G0J2F9NAL,さやさやさーくる,1128,14,2031,1382200,10,9,8,6,9,9,7,10,68
IBPGU1Y62,ナノ,F8MLHU2NV,乙宗梢様､､､,1241,2,2032,1382000,10,10,8,9,10,9,10,10,76
ERW5FZJ1H,藍 (あい),Y2R7E79U3,カワウソ同好会,1406,8,2033,1381800,10,10,10,10,10,10,10,10,80
HVDU0HADP,めぐみー,WTJV514G9,蓮ノ空のお弁当屋,1051,11,2033,1381800,9,9,9,10,10,10,9,9,75
X9UF78HPN,のでぃー,HE0GK3EPE,瑞蓮プロカ倶楽部,1103,5,2035,1381600,10,10,10,10,10,10,10,10,80
0E0MK1WCE,てんぱ,06DCWC1RE,とりあえず参戦用,973,4,2036,1381400,10,10,10,9,10,8,10,10,77
AOBBJ0EIP,ホルモン皇子,5R48K950F,EDF蓮ノ空支部,816,1,2037,1381200,9,10,9,10,8,7,7,8,68
9UK70BG13,あーる,79C17CHA2,蓮ノ空出張部,1142,0,2038,1381000,7,7,8,6,9,7,8,9,61
15AAN9VTO,そろん,WN5B7VKPU,きんぴられんこん,1360,4,2039,1380800,10,10,10,10,10,10,10,10,80
QX387MI7P,じろさく,VP0K6KF0K,蓮ノ空大好き!!,1329,5,2040,1380600,10,10,10,10,10,10,10,10,80
N3X1PXZH9,にょえる,HBM31HMUY,YUKIZURI,1301,10,2040,1380600,10,10,10,8,9,9,9,9,74
8AEDSFMK9,Ratchet,V6DV6KETG,梢好き好きクラブ,1504,18,2042,1380400,10,10,10,9,10,9,9,10,77
NT4O2HSPX,そうさん,LYPVAETHY,金沢の泥,1382,4,2043,1380200,10,10,10,10,10,10,10,10,80
JIYW4OT55,スト,GN1798YEX,ド!ド!同好会,1368,14,2044,1380000,9,9,10,7,8,7,9,9,68
C9KVADJH4,あきゆる,J62DRC7J5,蓮ノ空好き好き会,1068,4,2045,1379600,7,9,9,7,9,6,8,8,63
ATRN6HL6D,コジケン,PLBBEX019,待機室目指し隊,1230,4,2046,1379400,10,10,10,9,8,9,10,10,76
7R0XSVGY3,のどぐろ,C0NDBKMRB,すりぃずぶぅ家,843,6,2046,1379400,8,9,9,7,6,7,6,7,59
GXGC0J3UF,もにわ,79C17CHA2,蓮ノ空出張部,1421,18,2048,1379200,10,10,10,10,10,10,10,10,80
C7Y1GWTCF,マサムネ,MTBP3B4GM,ふらわーすきすき,1177,18,2049,1379000,9,9,9,7,10,10,10,9,73
PGGWYA7GP,カラン,07JW71HWG,良いチケで観よう,1209,12,2050,1378800,7,9,9,7,9,8,8,9,66
V4TWVNF3Q,Dice-K,VP0K6KF0K,蓮ノ空大好き!!,1324,18,2051,1378600,10,8,9,8,9,9,10,9,72
4UVXDTM30,ゴン,KGY709ULG,蓮の花束,943,4,2052,1378400,10,10,10,10,10,10,10,10,80
TG7EGU3PX,パトリック・雄平,BCJRMHE75,梢すきすきクラブ,1042,6,2053,1378200,10,10,10,10,10,10,10,10,80
T29C7A7TC,ふふふふく,6045Y2RW7,ポチっと！蓮ノ空,1209,8,2053,1378200,10,8,10,7,10,9,10,10,74
N04KVX86U,メジアン,HE0GK3EPE,瑞蓮プロカ倶楽部,1451,18,2055,1377800,10,10,10,10,10,10,10,10,80
51ACSS3DF,にぼし,GPKTRBCTT,騎空団蓮ノ空支部,1415,3,2056,1377600,10,10,10,10,10,10,10,10,80
1XCGA0FBK,常温の水ぅ,XE8513HNP,喫茶カワウ空✨,1352,12,2057,1377400,10,10,10,10,10,10,10,10,80
VWNYVCWH2,ひの,2K5AM4RV0,とろぺりです,313,0,2058,1377200,10,10,10,9,8,8,6,5,66
UKY9F5UK0,ゆっきー,3LAFHDKE5,こずさや保護者会,1203,6,2059,1377000,7,9,10,6,10,7,8,9,66
D8MCKLGHY,じゃからか,WN5B7VKPU,きんぴられんこん,1341,16,2059,1377000,10,10,10,10,10,10,10,10,80
23BVBG4P8,薬屋わさび,NC2YT2V28,蓮之愛同予者何人,1280,9,2061,1376800,8,8,9,7,9,8,8,10,67
HWGVRBHDH,@G.,BCJRMHE75,梢すきすきクラブ,1246,10,2062,1376600,9,8,9,6,10,10,9,9,70
PUKLROKQE,柴舟,NA8FEYN0M,蓮ノ空飲酒クラブ,1471,2,2063,1376200,10,10,10,10,10,10,10,10,80
LY7G7TLSG,tank,WCL6R1ANU,無所属の会,675,2,2064,1376000,10,9,10,10,10,10,9,10,78
BVN3P4073,K.F,CV62FGL1U,花咲かせ隊,1421,18,2065,1375800,10,10,10,10,10,10,10,10,80
FLLY0T11C,ぺきんだっく,5W8RPRVUA,ド！ド！泥！,1271,16,2065,1375800,7,10,10,8,10,10,8,7,70
6HB9UU73G,肉@ひーちゃん神,R181MKNX1,みらくらは人生！,1221,18,2067,1375600,10,10,10,10,10,10,10,10,80
G9DKGLIVY,夢を駆けるネコ,JDAG79TG7,百合ノ空観察部,1400,17,2068,1375400,10,10,10,10,10,10,10,10,80
70K0IUW6G,デ徒町超巨大鈴,XE8513HNP,喫茶カワウ空✨,1374,5,2069,1375200,9,7,10,6,10,9,10,10,71
UFW3PXIBU,TeaCup,M8FM7P139,蓮ノ空ひとり旅部,1568,18,2070,1375000,10,10,10,10,10,10,10,10,80
EG94I1088,星野ユウカ@村人,WX1DYC9Y1,ラナンキュラス,1323,15,2071,1374800,9,10,9,8,10,10,8,9,73
8GM2G0PH3,みけぬこ,57HNJ07NK,みらぱ推活最前列,1350,17,2072,1374600,7,8,9,6,8,9,9,10,66
LEH59TC05,たいなか,B5V2LNN43,WMW,1071,10,2072,1374600,9,10,10,10,10,10,10,10,79
4HLYTBAE4,kr,3WD5FD3J5,おさげさやか王国,1041,9,2074,1374400,10,10,10,10,10,10,10,10,80
TXARPMUVN,sakura,J5CKL5YPX,ログイン勢かもん,520,2,2075,1374200,7,10,10,5,10,10,8,7,67
NWY5G24CG,なめねこ,N7GLY2RUW,百生銀行,1277,16,2076,1373800,9,10,9,9,10,9,9,9,74
61PXCJ104,ユキミ,JA2C658FW,さや綴理の村人,1192,3,2077,1373600,8,10,9,4,10,7,10,10,68
UE06YY81U,ヒカル,GW4CH70HK,TKG同好会,1278,17,2078,1373400,10,10,10,10,10,10,10,10,80
95WRMY7XW,そし,9FF5JBNDF,めぐすきクラブ,546,1,2078,1373400,9,9,9,4,9,7,7,9,63
72VXLNLPV,znk,95TAREFPT,ご自由にどうぞ,953,2,2080,1373200,10,7,10,8,9,9,8,8,69
NA96CJ2HT,ハートライン,R1RM3X0WV,後方腕組みオタク,526,0,2081,1373000,6,9,5,3,10,6,7,8,54
TVH6NVA7T,うさっちゃ,V830CTTX3,日野下後輩,1208,11,2082,1372800,10,5,4,10,10,10,9,10,68
W5XCH27LY,クロ,WTJV514G9,蓮ノ空のお弁当屋,973,2,2083,1372400,9,9,10,9,10,10,9,10,76
VBMP7BYRW,蘭柚梓,919XF8V2V,蓮之空大三腳,1164,4,2084,1372200,9,8,7,8,10,9,10,10,71
VJWFL71HX,Ponchau,8R49BTWW6,蓮女お嬢様クラブ,1200,17,2085,1372000,7,10,8,9,8,8,9,9,68
QN80AZ200,(´・ω・｀),B5V2LNN43,WMW,1341,4,2085,1372000,6,10,9,7,7,7,10,10,66
GAABA46XU,ぴ,CV62FGL1U,花咲かせ隊,985,1,2087,1371800,8,9,8,9,7,7,8,8,64
D285UF3FW,さやどらごん,4FR887RVF,わたし魚,980,4,2088,1371600,7,7,7,5,7,5,6,7,51
RH7I5E6IL,ジャスパー,V26546K3D,乙宗気合筋肉,1488,13,2089,1371400,10,10,10,10,10,10,10,10,80
RCV3EKR9B,なっちゃん,1D7T2UXC2,無言でのんびり,1510,18,2090,1371200,10,10,10,10,10,10,10,10,80
H8FCA1G64,hisho,L3NN1RWMY,アポロベイ海賊団,1011,1,2091,1371000,8,8,9,7,8,7,7,10,64
44U5VKMVW,brownie,9L0B2WTWX,ソロ用,1487,18,2092,1370800,10,10,10,10,10,10,10,10,80
5CL7KFCBV,たかぽん,N7GLY2RUW,百生銀行,1185,12,2092,1370800,10,9,9,8,8,8,8,10,70
RNW2S4UHR,ゆづき,WHWT61ELR,【無言】ハスノソ,1296,15,2094,1370200,9,9,9,8,9,10,9,9,72
R5GW1UCPB,キラ,R9T0YKDW8,バブまち応援隊,956,1,2095,1370000,8,8,6,7,7,7,8,7,58
JHIQP9VCU,Dくん,YL2ELYC4U,さや…好きだよ…,1442,18,2096,1369800,10,10,10,10,10,10,10,10,80
C4VKFC88T,アース,H837E0M9R,沙知先輩大好き部,1202,7,2097,1369600,10,10,10,10,10,10,10,10,80
7XKGN056G,やさかのむら,C021HVB2B,第3芸能科,1108,13,2097,1369600,10,10,10,10,10,10,10,10,80
60NX9PMR1,なたまご,25PMPEMG7,星見プロ,1257,16,2099,1369400,10,10,10,10,10,10,10,10,80
L55NL4MZ5,たけのこ,BCJRMHE75,梢すきすきクラブ,1495,13,2100,1369200,10,8,10,8,9,9,9,9,72
GTYD8T18U,マッケン,3LPBPHL3V,壁の民の伝説,1387,10,2101,1369000,10,9,10,10,9,9,9,10,76
6FUPM12B3,かどあ,X7C21B7H7,泥,1181,13,2102,1368800,8,7,9,6,7,7,4,8,56
7D0KNA7H1,じゅうじ,CTW8DKV5P,まったり,1214,2,2103,1368600,10,10,10,10,10,10,10,10,80
AE2HM3R26,あまもり,1GJC67JLM,無言の泥,1208,3,2104,1368400,9,9,10,7,9,9,10,10,73
3HGKF1TFM,ぼーアイス,R181MKNX1,みらくらは人生！,594,0,2104,1368400,10,10,8,7,8,10,8,10,71
2PMW238FR,やまだ,R1RM3X0WV,後方腕組みオタク,1105,2,2106,1368200,10,10,10,10,10,10,10,10,80
9HDACK3F2,たんたん,0CEA9XFKR,蓮ノ空の泥人会,807,0,2107,1367800,6,6,8,9,6,6,8,9,58
56WTWN3DU,ぽぱん,Y2HV0YEF7,蓮ノ空を応援し隊,1132,4,2108,1367600,10,10,10,10,10,10,10,10,80
22FL7MUVC,すてねこ,X33HHA9F8,アルストロメリア,1404,5,2109,1367400,10,10,10,9,10,10,10,10,79
KUG0KRWJM,heigi,XK83VXEED,TUAS,1219,3,2110,1367000,8,9,8,5,10,7,8,7,62
J9E2BXTUR,そーや,HE0GK3EPE,瑞蓮プロカ倶楽部,1358,15,2111,1366800,10,10,10,8,8,8,10,10,74
ZY9V6AFN7,カートテークス,D7H8MN2U4,LLD,1470,16,2112,1366600,10,10,10,10,10,10,10,10,80
1X0SI50X8,ショウ,UW7XNGLNW,フラワー!!!!,1239,18,2113,1366400,10,10,10,10,10,10,10,10,80
EWZ6C1W7U,sayu,919XF8V2V,蓮之空大三腳,977,9,2114,1366200,10,10,10,10,10,10,8,10,78
3MU2UPJ8P,おいしい水,Y2HV0YEF7,蓮ノ空を応援し隊,1383,7,2115,1366000,9,9,8,7,9,8,8,7,65
RSE20AFA1,もか,PPAHU1TNY,蓮ノ空のんびり部,1235,15,2115,1366000,8,9,10,6,10,9,10,10,72
TTG4K0752,とっつぁん,HWJ8XPW0T,箱推しなのだけど,1419,15,2117,1365800,8,10,10,9,10,10,10,10,77
P61NEBNUY,棚城代表,FG5VFFNRK,蓮ノ空おじさん,1108,16,2118,1365600,10,10,10,10,10,10,10,10,80
X35JN0151,Aqua,7J5JK1W1W,高根町,1230,15,2119,1365400,10,10,10,10,10,10,10,10,80
2F2GJ9017,プチプチ,948FLPMPN,まったりハス煮〜,1507,5,2120,1365200,10,10,10,10,10,10,10,10,80
LBSJ6H271,ゆきだるま,1U4JN5CXB,LLユーカー部!,1105,7,2121,1365000,5,9,9,6,9,7,9,10,64
T9AF9WX02,SR I(HK),919XF8V2V,蓮之空大三腳,1233,4,2122,1364800,7,9,8,4,6,7,8,8,57
2R50RFKTK,おかにく,6531MBM0X,のちもたーズ,783,4,2122,1364800,8,3,7,5,6,7,6,9,51
JRDCRMA1H,しばいぬ,KA1249N3H,沼津倶楽部,1284,11,2124,1364600,10,10,10,10,10,10,10,10,80
E4MGTFKW1,かの,K8C99H42D,ルリと喜ド！愛楽,1236,5,2125,1364400,10,10,10,10,10,10,10,10,80
WEV79L7C0,ライトブルー,MTBP3B4GM,ふらわーすきすき,1340,18,2126,1364200,10,10,10,10,10,10,10,10,80
ODH48D0DK,しま,YCTM6RYDP,金沢おでん同好会,1355,13,2127,1364000,10,10,10,10,10,10,10,10,80
R3BD05JH3,リクマール,YDYH4VRRP,レンクウ,959,6,2128,1363800,10,10,10,7,9,8,8,10,72
N9BBGDMV8,ポリスター,YFADYJVW4,FPS好きクラブ,1213,5,2129,1363600,10,10,10,10,10,10,10,10,80
BNLR2PWN4,かいいぬ,GN1798YEX,ド!ド!同好会,1390,9,2129,1363600,10,10,10,9,10,10,10,10,79
H6A6TH1UD,ケミカルウミウシ,D7H8MN2U4,LLD,1516,13,2131,1363400,9,10,8,8,10,9,9,9,72
3YUU56XK2,ヤヤカルメ,AXG81GPMP,蓮ノ空マタギ部,1097,0,2132,1363000,10,10,10,10,10,10,10,10,80
6EWA1MEX7,メロンペンギン,1C2GN787H,℃！℉！度！,890,6,2133,1362800,10,10,10,10,10,10,10,10,80
EH279G4KU,れーと,4NDAG5E9N,国産牛のにげあし,775,0,2134,1362600,10,10,10,10,10,10,10,10,80
O9OFVS3NN,piro,7P4CAER9X,まったり倶楽部！,1461,5,2135,1362400,10,10,10,10,10,10,10,10,80
5VFVMMG1P,のぞむ,JA2C658FW,さや綴理の村人,1446,7,2135,1362400,10,10,10,10,10,10,10,10,80
YEX8FP88X,DDなのだけれど,9YM3DBTB7,泥民館,1386,18,2137,1362200,10,10,10,10,10,10,10,10,80
NHU62JVBI,よーい,1DU9LCND7,蓮ノ空すこやか部,1548,16,2138,1362000,10,10,10,10,10,10,10,10,80
WY285NN4T,になしぃ,60KU468X3,はっすーず,532,0,2139,1361800,8,7,6,9,8,7,7,6,58
XPHNN9RCD,時止め,UCWKRB3WR,菅沼千紗が大好き,1191,7,2140,1361600,10,10,10,10,10,10,10,10,80
2DXKQ4N26,きょんG,KT4C59NXG,めぐ島,1383,5,2141,1361400,10,9,9,8,8,6,9,9,68
D9Q2PE3YQ,せるいる,49AMYCXCD,ルドベキア,1502,18,2142,1361200,10,10,10,10,10,10,10,10,80
HF832A0LA,リュート,MVMP6NNXD,空き時間らくがき,1384,18,2143,1361000,10,10,10,10,10,10,10,10,80
F34MLY33D,店主,3A63DYH54,LLすこすこ部,474,0,2143,1361000,10,8,10,7,9,9,9,7,69
F1HLNJN9L,ざき,DBHVM0X7P,ガンフィンガー村,1190,7,2145,1360800,9,9,9,6,10,9,9,10,71
ZQH88L3D3,いわぽん.T,XEENRBXCG,蓮ノ空休日クラブ,1442,13,2146,1360600,10,10,10,10,10,10,9,10,79
X57WNC7AV,narrow,V7768X8AC,せーので！,1084,4,2147,1360400,8,7,8,6,7,8,6,9,59
4AX4JN80V,Yoh,A3X92L6YU,お試し用サークル,1145,11,2148,1360000,9,8,9,8,9,8,9,9,69
7N7R85W85,マツイ,BT3GEWM5L,ささやか村の集い,1352,9,2149,1359800,7,8,8,7,9,9,10,10,68
0R0DJUFCH,ニョレン,HMBW9DXY2,蓮好き皆あつまれ,1384,18,2149,1359800,9,8,10,8,9,8,8,8,68
2XIASO3ML,もの。,95031TR10,ひめぎん文化会館,1247,6,2151,1359600,10,10,10,10,10,10,10,10,80
NR443H0K2,小日向美穂,948FLPMPN,まったりハス煮〜,1124,11,2152,1359400,10,10,10,10,10,10,10,10,80
80LMREA88,Akanon,AAHB7C276,HaCordVN,747,5,2153,1359200,7,10,10,7,10,8,7,9,68
Y9FG3NKN1,クウハク,CCACL2CMM,無限城,1180,16,2154,1359000,10,10,10,10,10,10,10,10,80
BNV0K5GM2,ミ,2NY9H8BR9,乙宗紅茶館,1234,18,2155,1358800,10,10,10,10,10,10,10,10,80
GEI4UHQH6,はなもも,8MKDCVN9B,お花畑,1526,8,2156,1358600,10,10,10,10,10,10,10,9,79
KABH9B1YC,蓮ノ大布団,GLP0WPDRM,イベント用の泥,774,0,2156,1358600,8,9,9,7,7,7,7,9,63
YD8BH8Y4W,りぜ,KXU941RFJ,梢先輩おめでとう,651,2,2158,1358400,9,8,9,6,8,7,8,8,63
XIR8A6UYH,しゅういち,EEP20F2M8,綴理の綴り,1446,15,2159,1358200,9,10,9,7,10,9,9,10,73
WW84R5M3A,Josie,YFADYJVW4,FPS好きクラブ,1311,12,2160,1357800,10,10,10,10,10,10,10,10,80
MNYE73P47,どん,95TAREFPT,ご自由にどうぞ,957,1,2161,1357600,10,10,10,10,10,10,10,10,80
TTY2TWL1Y,nebula,PUJ0ERCMW,蓮ノ空倶楽部,1509,9,2162,1357400,10,10,10,10,10,10,10,10,80
F8FF7Q69W,ユッキー,D7H8MN2U4,LLD,1458,18,2162,1357400,10,10,10,10,10,10,10,10,80
8CA3E775W,Skyflan,FDWY9N1P7,"ゲCo.,Ltd",1033,1,2164,1357200,10,10,10,10,8,7,10,8,73
O82RPAUC8,かまぼこ,RF5215M2U,スクステ同好会②,1393,9,2165,1357000,6,7,9,6,7,8,7,9,59
X2WHZO924,つづるり寺,8CEWMFEHX,ねるねるねるね,1330,2,2166,1356800,8,9,9,9,10,9,7,10,71
GMBG3NEIB,ふぶ,W26TRPM1R,めぐ党藤島派,1173,9,2167,1356400,6,8,8,7,7,10,8,7,61
JVDRVFFBP,笑ってフラジール,EYN9H9N16,蓮すきすきクラブ,1459,15,2168,1356200,8,5,6,6,6,6,6,9,52
WRKTXC0PV,EMOKC,MTBP3B4GM,ふらわーすきすき,958,2,2168,1356200,6,8,8,6,9,7,7,7,58
6ENG774UR,ﾙﾙﾙﾝ,PULJ8VCHJ,蓮ノ空を推す会,810,2,2170,1356000,10,8,10,7,8,6,8,7,64
CZB57Z2T0,ベン,R083H7WRN,サークル無言,1096,8,2171,1355800,10,10,10,10,10,10,10,10,80
2VCRXBPHM,るひー,0CEA9XFKR,蓮ノ空の泥人会,1183,5,2172,1355600,10,8,9,8,9,9,8,9,70
2ESEUE909,やまやま,3194B9E93,初心者寄り合い所,1077,8,2173,1355400,9,10,9,7,9,7,8,6,65
3T269YTJ8,Hukujin,38KAJGDGU,異次元シャニP,1299,18,2174,1355200,10,10,10,10,10,10,10,10,80
FTR2CP4NX,町人,W3YKKRWHG,ルリと愉快な一家,403,0,2175,1355000,10,10,10,10,10,10,10,10,80
W26EE22R0,キリサキ,B5V2LNN43,WMW,1399,13,2175,1355000,9,9,10,7,8,9,10,9,71
KYTVHU2DN,バル,BTVC9G95X,FES用,1188,15,2177,1354600,10,10,10,10,10,10,10,10,80
LB1UV35HF,こ,N0EXH1CM1,ぱちぱち徒町,1146,10,2178,1354400,10,10,10,10,10,10,10,10,80
FD3HAUFJG,まるはち,9GDHWXGVG,ルリと花咲く毎日,1432,12,2179,1354200,9,9,10,8,9,9,8,7,69
I4BK8N636,あ,J6WD9PG9P,バッテリー切れ,1375,18,2180,1354000,9,8,8,8,9,8,9,9,68
OLIPCC7QY,とうふのみそ煮,CV62FGL1U,花咲かせ隊,1259,13,2181,1353800,9,10,9,9,9,10,10,10,76
K3GV63WBX,カナメ,0B8RTHY4D,のんびり屋さん,1467,18,2181,1353800,10,10,10,10,10,10,10,10,80
BAT8RUVMJ,naoki,J7N4W6Y1K,こずミックラブ♡,1355,13,2183,1353600,10,9,10,8,9,9,4,10,69
E3XB5MWDW,ソーマ,919XF8V2V,蓮之空大三腳,968,2,2184,1353400,7,8,9,6,8,8,9,9,64
832JH9K11,りる,FD24TD6C5,泥人,1465,18,2185,1353200,10,10,10,10,10,10,10,10,80
UBA8NDEUF,かでお,3BDTCERX6,打ち返した流れ星,1037,4,2186,1352800,8,8,7,7,7,7,8,10,62
WEUYCDYYX,マウエ,2K5AM4RV0,とろぺりです,443,1,2187,1352600,7,9,9,4,10,6,6,7,58
B471KYA89,アスラン・ザラ,KT4C59NXG,めぐ島,1375,3,2188,1352400,9,9,10,8,10,8,9,10,73
M7R9OCPSE,あちらこちら,8R49BTWW6,蓮女お嬢様クラブ,1403,15,2189,1352200,10,10,10,10,10,10,10,9,79
3BER8GKP0,はこ,D7H8MN2U4,LLD,1370,17,2190,1352000,10,10,10,10,10,10,10,10,80
KYT4WV5UC,D,EP27EEH81,毎日がホリデイ,1643,17,2191,1351800,10,10,10,10,10,10,10,10,80
PB0H6CTLB,ふむふむ,3LPBPHL3V,壁の民の伝説,1258,18,2192,1351600,10,9,9,8,9,9,9,8,71
MW71K4RUU,かんべえたん,F31A07X4V,蓮ノ空福井分校,1082,10,2193,1351400,10,10,10,10,10,10,10,10,80
3W6E9AL3T,さすぽむ,KULVP7FDR,アニマル分室,356,0,2194,1351200,10,10,10,10,10,10,10,10,80
DR984WMXL,ゆいぱな,KW0RM1LEP,はすっこくらぶ,1461,9,2194,1351200,10,10,10,10,10,10,10,10,80
LRXZC9FGZ,HIRORO,2NY9H8BR9,乙宗紅茶館,1311,8,2196,1351000,10,9,9,9,9,9,10,9,74
EJUMCJT83,Casteax,J80MEYHBC,Nymphaea,1208,2,2197,1350800,9,9,10,9,9,7,9,10,72
N66MR15WA,花音,2K5AM4RV0,とろぺりです,580,0,2198,1350600,10,9,10,10,8,10,9,10,76
AYB73K1K5,kaho,AWFDLJ1HC,小蓮花（重生版x,620,0,2199,1350200,6,10,8,6,10,6,9,10,65
WX7T108Y8,Mikan,18YYNRFGA,LotusSky,1189,9,2200,1350000,9,9,10,8,10,9,9,8,72
W4H1WK52M,小さいことり,J800VVPTN,Aqours,829,4,2200,1350000,10,10,10,10,10,10,10,10,80
VJYBTVE2X,澄水(すみす),W3F0URUJC,梢先輩応援団,1173,10,2202,1349600,10,10,10,10,10,10,10,10,80
XDNMCG7D2,びーえふ,J8HXTJ8TB,流し素麺同好会,906,2,2203,1349400,10,10,10,8,10,10,9,8,75
4B9EUM5R9,しらすたん,CV62FGL1U,花咲かせ隊,1261,16,2204,1349200,9,9,10,9,9,10,10,10,76
FA135644A,ゆめね,XVTV7MVCX,雪月花,1085,6,2205,1349000,7,6,8,4,8,4,7,9,53
E01ZW4GUK,のものも,424NLTEE8,無言な異次元部屋,1368,4,2206,1348800,10,10,10,10,10,10,10,10,80
UVGPMPJXJ,Fuu,Y2HV0YEF7,蓮ノ空を応援し隊,1283,9,2206,1348800,8,8,10,8,10,7,8,8,67
EENK103ME,kP,A3X92L6YU,お試し用サークル,1125,0,2208,1348600,8,7,9,7,9,8,8,9,65
2BUA3W4V5,a,FG5VFFNRK,蓮ノ空おじさん,946,7,2209,1348400,6,6,10,7,10,6,10,6,61
ECBW60733,どんぶり,VNEY6C9BE,スリーマーメイド,606,1,2210,1348200,10,10,10,8,8,8,8,8,70
BGYBB4EPE,Glitter,JDAG79TG7,百合ノ空観察部,1400,17,2211,1347800,10,10,10,9,10,10,10,10,79
HAVKMY5IW,こにー,KXU941RFJ,梢先輩おめでとう,1490,17,2212,1347600,10,10,10,10,10,10,10,10,80
KYAHQ53H8,はっすー,GVT61ATX0,なのだけれど,1381,18,2212,1347600,10,9,10,9,9,9,9,9,74
QWXQJVSUJ,くあ,FVJABCVP3,瑞蓮ラボ,1331,18,2214,1347400,10,10,10,10,10,10,10,10,80
I8X5KZ72A,アルカディア,WE4AB37FP,めぐ党,1308,3,2215,1347200,10,10,9,10,10,10,10,10,79
RT18GTRHY,気高いミジンコ,WBW66DMUB,るりめぐ研究所,1148,9,2216,1347000,10,10,10,10,10,10,10,10,80
3EBADRT8X,ねこみみ,FK5MUK0ET,くる♡すきクラブ,1263,15,2217,1346800,10,10,10,9,10,10,9,9,77
M482LPJ59,まつたけ,8JMW9G2XW,僕らのリンクラ！,1502,4,2218,1346600,10,10,10,10,10,10,10,10,80
WXT3WWK6E,はくあ,KULVP7FDR,アニマル分室,1185,3,2219,1346400,7,5,9,5,7,7,6,7,53
MYKFLEDG8,ヤスキ,0B8RTHY4D,のんびり屋さん,1393,11,2219,1346400,10,10,10,10,10,10,9,10,79
1UTHGBCW0,よこよこ,GW4CH70HK,TKG同好会,1446,5,2221,1346200,7,7,10,10,8,10,10,10,72
4OG9NTQN1,ちゃん,9FF5JBNDF,めぐすきクラブ,1649,15,2222,1345800,10,10,10,10,10,10,10,10,80
AT7Y9CG6Y,ぺーりゆ,CV62FGL1U,花咲かせ隊,1493,6,2223,1345600,10,7,6,10,10,6,10,10,69
U3SAQRXXV,かぐつち,FG5VFFNRK,蓮ノ空おじさん,1290,4,2224,1345400,9,10,10,7,10,10,10,10,76
W2MNRG7U4,ハシェ,TTDBXERCU,蓮ノ空 全力応援,786,2,2225,1345200,9,7,10,6,10,10,9,10,71
4EBD1N9VT,矢島春香,GN1798YEX,ド!ド!同好会,1294,1,2225,1345200,9,8,8,7,7,9,8,8,64
FF3EBJ25M,かんばらい,YDYH4VRRP,レンクウ,1098,7,2227,1345000,9,8,9,9,10,10,9,10,74
YV93KC93E,ノラ,6EAX4H2UK,Ssss,668,0,2228,1344800,7,6,8,6,9,5,9,9,59
455CW4684,キングカズキ,W3YKKRWHG,ルリと愉快な一家,1261,17,2229,1344600,7,7,8,7,8,8,7,7,59
3IQMB1JNB,さしすせそ,BXGNMY466,ライグラ用,1519,18,2230,1344400,8,7,8,7,9,9,8,8,64
OKKDTNF1G,ジョニー,XHJLF3R8H,ゆったりプレイ,1258,8,2231,1344200,9,10,8,8,9,8,9,7,68
HUCH8JBO4,wraita,T0XP8PFYU,兼六園と私,1354,18,2232,1344000,9,9,10,7,10,9,8,8,70
BW5UPHFE3,zen,E5JKTW00K,蓮ノ空まったり部,1128,8,2232,1344000,8,8,8,8,9,9,9,8,67
G94P2P1DG,水曜日のさばかん,VXF8P7NDC,どんぐり。,1382,14,2234,1343800,10,9,10,10,10,10,9,9,77
XUPBY395A,キンクマぐちお,NMFBD39FM,蓮ノ空分室,1139,16,2235,1343600,1,5,7,2,6,1,3,7,32
Z5WPM7NU1,信綱,5KK3DFY18,MUGEN∞,1299,7,2236,1343200,10,9,10,8,10,9,8,9,73
9FU09JLJR,PKC,HB9AU9DJJ,聖心党,1417,4,2237,1342800,10,10,10,10,10,10,10,10,80
MDD8KV54P,ββ,L28X4MDJN,アフター観たいぞ,1106,1,2238,1342600,9,7,8,8,8,7,8,7,62
HPGXU5TQI,ファンカー,CXG25026E,泥のみんなS,1144,12,2239,1342400,7,8,8,7,8,8,8,8,62
DK446XXTN,なまこ丼,M8FM7P139,蓮ノ空ひとり旅部,1080,11,2240,1342000,6,9,6,7,9,10,8,10,65
9MJEPAHBM,たけ,MUXWTW1GV,蓮の空見守り隊,1001,4,2241,1341800,9,10,10,9,9,9,10,10,76
2T11VTVES,terarati,4WWM4VVDK,蓮ノ空遊戯開発部,1651,15,2242,1341600,10,10,10,10,10,10,10,10,80
J8JLK282P,うふふ,GKR9TEBYC,毎日がホリデイ♪,1286,4,2243,1341400,8,8,9,8,9,10,8,8,68
T8FWD5RRL,あおい,4XRHRYDW4,無言でエンジョイ,1389,8,2243,1341400,10,10,10,9,10,10,9,10,78
IG5SWSXJO,無のギンジ,J8HXTJ8TB,流し素麺同好会,1466,5,2245,1341200,10,10,10,10,10,10,10,10,80
QMTRT7QBS,みかん星人,JA2C658FW,さや綴理の村人,1236,12,2246,1341000,10,10,10,10,10,10,10,10,80
WZP191BKC,けんたろう,G0J2F9NAL,さやさやさーくる,1428,8,2247,1340800,10,10,10,10,10,10,10,10,80
WTMDS3XHS,リンシラベ,J0N1E3Y09,月火水木金土日,1353,10,2248,1340600,10,10,10,10,10,10,10,10,80
K26X1412V,エリオ,HPTHY23VR,蓮ノ空文芸部,1322,13,2249,1340400,10,10,10,10,10,10,10,10,80
AZBZEUQGQ,あんこなう,R9T0YKDW8,バブまち応援隊,1471,3,2250,1340200,10,9,10,10,10,10,9,9,77
N8M4VIU27,りょう,N0EXH1CM1,ぱちぱち徒町,1147,16,2250,1340200,8,9,9,9,10,10,8,10,73
TA107R7XB,あびっぴ,L28X4MDJN,アフター観たいぞ,1355,5,2252,1340000,10,2,8,4,10,4,10,10,58
0GRGPIGO5,maru,6WUADDR4U,からあげ,1399,14,2253,1339800,10,10,10,6,10,10,10,10,76
UCXYGCR1V,くそいるかくん,CRYB2FJ64,つくよみくらぶ,1152,5,2254,1339400,10,10,10,10,10,10,10,10,80
3WD6HUCCX,Castle,4WWM4VVDK,蓮ノ空遊戯開発部,1058,1,2255,1339200,7,7,9,7,7,7,6,8,58
P8YBHFTLP,かんきゅー,PFD9KHMCE,個人用,1006,2,2256,1339000,8,9,7,7,8,9,9,10,67
A9A8I9YMI,ユッキー,6045Y2RW7,ポチっと！蓮ノ空,1476,18,2257,1338800,10,10,10,10,10,10,10,10,80
NJENP3TEO,ノム,998H940YN,お嬢様筋トレ部,1316,7,2258,1338600,8,10,10,8,9,10,8,9,72
JXRNETJ4C,とーる,W26TRPM1R,めぐ党藤島派,1349,3,2259,1338400,9,8,6,7,8,8,9,7,62
C6F5965CD,バトルフェイス,AVY8PECF0,初心者の集い,1316,18,2260,1338000,10,10,10,10,10,10,10,10,80
29EAWMKFD,manafee,LUDNM40F8,ふくふく無言OK,540,0,2261,1337800,5,10,6,10,6,5,9,9,60
C70R7ET2U,SHIOSABA,FDWY9N1P7,"ゲCo.,Ltd",1076,11,2261,1337800,10,10,10,10,10,10,10,10,80
1SZC1F0XN,バルト,GKR9TEBYC,毎日がホリデイ♪,1422,6,2263,1337600,10,10,10,10,10,10,10,10,80
B20V71P72,Kano,AWFDLJ1HC,小蓮花（重生版x,1280,15,2264,1337400,10,10,7,7,10,7,10,10,71
NC1RYGBBZ,ゆい,2NY9H8BR9,乙宗紅茶館,1200,10,2265,1337200,10,8,9,7,10,10,9,10,73
R82X6FBJ5,鈴葉,GXR6C85BT,花帆ちゃん親衛隊,1470,12,2266,1337000,8,7,7,7,7,7,10,10,63
M2JX913XC,しらす,3LPBPHL3V,壁の民の伝説,1154,4,2267,1336800,5,6,9,6,6,7,5,9,53
7DR8VRKQB,アレキ工房,J8HXTJ8TB,流し素麺同好会,1345,5,2268,1336600,8,7,10,7,9,9,10,10,70
J37DIXIZI,ぽそ,HMBW9DXY2,蓮好き皆あつまれ,1447,18,2268,1336600,10,10,10,9,10,10,9,10,78
LYKYH17G0,エリアル,A7WWE0463,蓮ノ空初心者部,1286,18,2270,1336400,10,10,10,10,10,10,10,10,80
UJ6BGEPG7,日髙権三38歳,948FLPMPN,まったりハス煮〜,620,4,2271,1336200,10,10,10,9,10,10,6,6,71
9AKP2ML53,カナセ,7RBMBBY88,瑠璃色金魚,911,0,2272,1336000,9,7,7,7,7,10,6,8,61
13R6KAVG7,なー。,4URND90YY,参加賞狙い,1030,5,2273,1335800,10,10,10,10,9,9,10,10,78
SID3ZQ2MB,もこなた,HWJ8XPW0T,箱推しなのだけど,1364,2,2274,1335600,10,10,10,10,10,10,10,10,80
0Q531ZJCT,黑キタ,A73H7ENN2,エロマンガ同好会,1158,10,2275,1335400,8,8,8,8,10,7,8,8,65
N1VYE9J05,さとう,GYG7B5R36,幼馴染同好会,626,0,2275,1335400,4,4,2,4,5,4,5,4,32
EUXS4EB7G,sora,9FF5JBNDF,めぐすきクラブ,1084,13,2277,1335200,10,9,10,9,10,7,9,10,74
NJKWR4CNW,へぐわ,4WWM4VVDK,蓮ノ空遊戯開発部,1484,7,2278,1334800,8,10,10,8,10,10,10,10,76
JDBC73V2E,缀星拥月•音,919XF8V2V,蓮之空大三腳,585,2,2279,1334600,9,9,10,6,7,7,7,7,62
C7P08HU1V,マイケル,48BTAPMBG,蓮ノ空魔術部,988,0,2280,1334400,8,8,8,7,7,7,7,10,62
EO90UX0KX,ぺたんこ,GN1798YEX,ド!ド!同好会,1539,16,2281,1334200,10,10,10,10,10,10,10,10,80
YYVKPY5JD,りくぴ,X34LWGL6R,サークル2,1246,4,2282,1334000,7,9,9,5,10,7,9,10,66
KA05V4AMK,上様,75UJ5RB97,蓮ノ空雪野球部,1561,0,2283,1333800,8,6,9,9,8,8,6,9,63
2NZBY5R1T,モチポン,J62DRC7J5,蓮ノ空好き好き会,1156,2,2284,1333600,5,9,9,4,8,5,7,8,55
0EII2DPPH,なぃろ,CTW8DKV5P,まったり,1037,6,2285,1333400,10,9,10,7,9,9,8,9,71
T2T4RPAF2,静安寺ゆかり,9C2FC74H2,overseas,1063,13,2286,1333200,8,9,8,8,9,8,7,7,64
OGQVCONVB,ひめらぎ,9GDHWXGVG,ルリと花咲く毎日,1321,17,2287,1333000,8,8,9,8,8,8,8,8,65
7YPXGGPP7,すーる,48BTAPMBG,蓮ノ空魔術部,1125,13,2287,1333000,6,10,9,10,9,7,8,10,69
GDIBR7J8T,こだまだ〜,Y2HV0YEF7,蓮ノ空を応援し隊,1308,18,2289,1332800,10,10,10,10,10,10,10,10,80
VFERXMA41,あんず,W26TRPM1R,めぐ党藤島派,1062,6,2290,1332600,6,10,9,7,7,8,7,10,64
ROPNJW7BT,とんぬら,W26TRPM1R,めぐ党藤島派,1343,6,2291,1332400,8,7,8,7,8,8,9,10,65
WT9FEXW80,せみち,HBD61R6WC,梢先輩すきすき部,945,10,2292,1332200,10,10,10,10,10,10,10,10,80
MMUCT4ZK8,うぐいす,8JMW9G2XW,僕らのリンクラ！,1399,3,2293,1332000,10,9,9,8,9,10,10,10,75
F59EU608F,ナスタチウム,424NLTEE8,無言な異次元部屋,1158,2,2294,1331800,9,9,8,7,9,6,10,10,68
Q9QU9VOPD,せつ菜,WBXF9XXW7,さやつづ愛でる会,1308,18,2295,1331600,6,7,7,6,7,7,6,7,53
RFGK434G5,はりゔぉぉお,YDYH4VRRP,レンクウ,1007,9,2295,1331600,9,8,8,7,8,8,7,7,62
9PA07L63X,伊達じゃない！,FVJABCVP3,瑞蓮ラボ,1164,7,2297,1331400,7,7,6,6,7,8,7,10,58
6U6Y02F3F,ハープスター,CRYB2FJ64,つくよみくらぶ,848,4,2298,1331200,9,8,8,7,9,8,6,9,64
WEQ0E2ZWJ,シロン,LUDNM40F8,ふくふく無言OK,1237,15,2299,1331000,10,10,10,10,10,10,10,10,80
R2MD0YR85,チカリコ,4202AY8EJ,倶楽部賭郎,1087,4,2300,1330800,10,10,10,8,10,9,8,8,73
3FOUQ9FU4,海斗,L5L28YLA4,ひとり,1110,4,2301,1330600,6,10,9,5,10,4,10,9,63
52KQKW48S,nikki,787M83PDC,FU€TORY,1336,18,2302,1330400,9,10,9,9,10,10,10,10,77
D3A8S0B4B,ソウル,5W8RPRVUA,ド！ド！泥！,1415,18,2302,1330400,10,10,10,10,10,10,10,10,80
DE5ED48XV,シャノ,GN1798YEX,ド!ド!同好会,992,3,2304,1330000,8,9,9,7,9,9,8,8,67
LFPRT4DAP,Wolfram,4XRHRYDW4,無言でエンジョイ,1154,6,2305,1329800,5,1,7,4,4,8,7,9,45
Q80NROBVC,ハイネ,RFYKY8DCD,LA.LA.LA,1388,14,2306,1329600,10,10,10,8,9,10,10,10,77
G1YBWSV87,トゥリー,GW4CH70HK,TKG同好会,1178,5,2307,1329400,10,10,10,10,10,10,10,10,80
ACY5VL4T0,乃刃,MTBP3B4GM,ふらわーすきすき,1320,18,2308,1329200,10,10,10,10,10,10,10,10,80
7UW4WUV8W,ゆうき,A8BJ5V3ET,はすのそら,968,4,2308,1329200,2,4,10,9,5,10,7,3,50
KB810Q4Y4,ひ,6H800PBV7,新鮮館,1207,2,2310,1329000,9,9,10,8,10,9,10,10,75
EMBXUN4WM,夜空,HMX010TX8,自由サークル,743,0,2311,1328800,5,6,6,5,4,5,7,8,46
VALKH4RN5,えーてる,0B8RTHY4D,のんびり屋さん,1130,10,2312,1328600,10,8,10,8,7,6,10,9,68
7EDP7AW14,ツアカリ,9FF5JBNDF,めぐすきクラブ,431,0,2313,1328400,10,10,10,10,10,10,10,10,80
P6KNE8298,しらす,BELCUYCMH,蓮hkg香港分部,620,2,2314,1328200,7,7,8,7,7,7,7,7,57
KE5NK1L1B,ninohy,2B97MH4YA,同じ話し何回も…,588,0,2315,1328000,8,7,7,7,9,7,9,6,60
NBJKM2TFJ,みんと,PPAHU1TNY,蓮ノ空のんびり部,1128,3,2315,1328000,8,8,9,6,8,8,7,5,59
G5DXHDJY1,ノダラ,F53AELUNC,ソロっと倶楽部,917,9,2317,1327800,5,10,8,7,10,8,8,10,66
WE6R27FDF,シャイコフ,KWFJDTKE7,オメガケンタウリ,1145,2,2318,1327600,10,9,10,7,8,8,10,10,72
H0L7E34YK,つしま,GPKTRBCTT,騎空団蓮ノ空支部,1201,13,2319,1327400,10,10,9,8,8,9,10,8,72
QRNF67KE7,まの,ABU58EVJ2,Quatuor,1384,17,2320,1327200,10,10,10,10,10,10,10,10,80
IKIWLVB1B,フィリア,WE4AB37FP,めぐ党,1255,6,2321,1327000,8,7,8,7,9,7,7,10,63
IXYRTKB29,ドクぺ,8R49BTWW6,蓮女お嬢様クラブ,1481,18,2322,1326800,9,9,8,8,9,9,10,9,71
0EN2511JR,TOM,6XX7GBM0K,ぷちぐる同好会,1353,2,2323,1326200,10,10,10,9,10,10,9,8,76
55R93YW78,セセ・ラ・セラ,9C0KWR782,まったリンクラ,1392,11,2324,1326000,10,10,10,7,10,10,10,10,77
4KDL64SOU,いけるる,8M2MFU9U0,リンクライブ,1294,15,2325,1325800,10,10,10,9,10,10,9,10,78
K87UPA3NC,袖付き,TK9E1BB1P,無言で自由,1328,15,2326,1325600,10,10,10,10,10,10,10,10,80
0AR9W7U99,これはご飯,E7UBFLW56,同好会の同好会,813,2,2326,1325600,10,10,10,10,10,9,9,9,77
XBJNXRJL0,しののめいずの,HWJ8XPW0T,箱推しなのだけど,1185,2,2328,1325400,9,9,8,8,8,8,6,7,63
NS40I5V6W,創始（P.N.）,YCTM6RYDP,金沢おでん同好会,1618,18,2329,1325200,10,10,10,10,10,10,10,10,80
D9J5A83WN,bob1301,NC2YT2V28,蓮之愛同予者何人,1230,17,2330,1325000,8,9,10,7,9,9,8,9,69
K6DZTG2X7,はー,JDAG79TG7,百合ノ空観察部,1281,13,2331,1324800,9,9,9,8,9,10,8,8,70
CPT5ULJL5,シュウ,48BTAPMBG,蓮ノ空魔術部,1262,12,2332,1324600,10,9,8,8,9,9,7,7,67
DFKVB33V4,トビー,HBM31HMUY,YUKIZURI,1281,16,2333,1324400,9,6,8,10,10,10,10,8,71
1BV67G3IK,ぐっさん,TM19BMU7C,ソロプレイヤーズ,924,3,2333,1324400,10,8,10,10,10,10,9,9,76
MY2KK91G9,スタートレック,07JW71HWG,良いチケで観よう,989,12,2335,1324200,10,10,10,9,8,8,8,8,71
M7V0RWH2M,てん,5R48K950F,EDF蓮ノ空支部,740,2,2336,1324000,10,8,9,7,10,10,9,8,71
RXWLWJDXZ,ジンハオ,V6DV6KETG,梢好き好きクラブ,1142,13,2337,1323800,8,8,9,4,8,8,7,7,59
AITEOLNKO,お姉さま,CTW8DKV5P,まったり,1104,12,2338,1323400,9,8,9,7,9,9,8,7,66
PHPU1CVTB,nyuta（・8,JDAG79TG7,百合ノ空観察部,1552,17,2339,1323200,10,10,10,10,10,10,10,10,80
6G88GKY77,ひろくん,X34LWGL6R,サークル2,1282,18,2340,1323000,10,10,10,10,10,10,10,10,80
AKW9KT8K2,しゅー,FMKP92LRL,目が霞む人達,935,2,2341,1322800,9,8,10,8,9,9,8,9,70
AL7XRDYCX,βカロチン,1618JMRED,リンクラ自習室,1371,17,2342,1322600,10,9,9,9,9,9,9,9,73
B8CX0Y8C9,kor,9RYR14H9L,ソロマターリ,935,2,2343,1322400,7,5,9,6,10,2,4,7,50
V30WH5HJ3,tame,6045Y2RW7,ポチっと！蓮ノ空,1450,3,2344,1322200,10,10,10,10,10,10,10,10,80
83VXNGB3T,ゴンザレスすぐる,YADX9DY49,ﾊｽﾉｿﾗｰ,875,4,2345,1322000,7,8,8,8,10,8,8,10,67
OKCYEGBCK,貴之,F8MLHU2NV,乙宗梢様､､､,1273,1,2346,1321800,8,8,8,6,9,7,7,8,61
3BCDLXU6V,こいの。,7U20138DB,LGP,1330,10,2346,1321800,8,7,9,7,8,9,7,8,63
K46AHHHLK,くろお,RM7N1JDB5,無言推奨不干渉会,665,1,2348,1321600,6,6,9,4,6,6,6,9,52
ZLH5V1V6Z,ゆききなこ,C68491XHB,みらくらぽーく！,1372,12,2349,1321400,10,10,10,9,10,10,10,10,79
UHVD235TL,みぁみぁ,NJBBTCY3A,かにかに！,1190,18,2350,1321200,10,9,10,9,10,10,9,9,76
M6CXJC0VU,しんげんもち,R181MKNX1,みらくらは人生！,466,0,2351,1321000,9,6,10,7,7,10,6,6,61
46AIA5B9G,メリクス,X7C21B7H7,泥,1337,18,2352,1320800,9,10,10,7,9,9,10,10,74
PN1BVA6D1,バッドサプライズ,X7C21B7H7,泥,1498,18,2353,1320600,10,10,10,10,8,8,10,10,76
8UIZKQKRO,沢渡ほのか,V6DV6KETG,梢好き好きクラブ,1615,16,2353,1320600,10,10,10,10,10,10,10,10,80
AT95JYVEU,Lin,X33HHA9F8,アルストロメリア,1051,1,2355,1320400,7,9,9,6,10,10,9,9,69
38JBB42RP,tory,GPKTRBCTT,騎空団蓮ノ空支部,842,1,2356,1320200,6,8,8,5,9,5,8,8,57
1RK6H53X8,寝落ちェ,8MDA3A0AK,イベント用,751,0,2357,1320000,8,10,10,7,10,9,9,9,72
296T0TSAG,R10,BKUHCT7WF,蓮女お嬢様部,1435,18,2358,1319800,10,10,10,10,10,10,10,10,80
SCV1R2T85,わふ,CTW8DKV5P,まったり,1481,15,2359,1319600,10,10,10,10,10,10,10,10,80
DE7022HYW,ルビー,RFYKY8DCD,LA.LA.LA,1423,15,2360,1319400,10,10,10,10,10,10,10,10,80
VW9UDQUR9,た,E11PF3CTW,誰もいない世界,1252,6,2360,1319400,10,9,9,7,8,9,7,8,67
L4E4Y46WR,takep,L231MX6MB,モノクル,1098,0,2362,1319200,8,9,9,4,9,9,9,9,66
9RQLNX5VU,コナン好き,HBCC35887,そりゃー!!!,1185,13,2363,1319000,9,9,10,9,10,10,8,9,74
XUIAZW96S,ケリゴン,DFXN9DB2H,どんぐり共和国,1107,4,2364,1318800,5,5,9,7,5,6,10,8,55
DE2A6WPLB,梅コンブ,YLJ2PP4X4,全日本謝罪同好会,1405,18,2365,1318600,10,10,10,10,10,10,10,10,80
QXVZ1GZFS,ろうごく,1BME38BCD,さすさやクラブ,1346,17,2366,1318400,10,10,10,10,10,10,10,10,80
1B0D7OE6J,AN,N2KCENRKH,猫＆旅大好き部,1205,8,2367,1318200,8,8,9,7,8,8,7,9,64
42K81VYYS,ハイド。,0CBM28JP6,ほうき星,1541,4,2367,1318200,10,10,10,10,10,10,10,10,80
2LT5U0EHC,みかんチャーハン,FVTGWWP0T,さわやか3組,1164,2,2369,1318000,10,9,9,5,8,10,8,10,69
MJM7XBNN5,しほ,V8XX999F6,卍蓮村幼稚園卍,1161,7,2370,1317800,5,7,10,8,7,8,7,5,57
7PFAR6P9H,やより,GW4CH70HK,TKG同好会,1113,11,2371,1317600,10,9,10,7,10,9,10,10,75
0CKCU5C49,こしょう,JDAG79TG7,百合ノ空観察部,1175,17,2372,1317400,8,6,10,8,8,8,6,9,63
01VM3SH5T,wicky,W2HEPMM2A,無言。ぼっち。,1365,18,2373,1317200,9,10,10,10,10,9,10,10,78
U4Q9QD42M,シマリス,HBUK6F7CC,乙宗梢なりきり部,1404,18,2374,1316800,10,10,10,9,10,10,10,10,79
BRBH87EDU,ばいぱー,C68491XHB,みらくらぽーく！,993,13,2375,1316400,7,6,3,10,8,8,9,6,57
N9NJTPBZH,ニコ,W26TRPM1R,めぐ党藤島派,1350,17,2376,1316200,10,10,10,10,10,10,10,10,80
WJRVK47PY,たいし,2ULM366U6,毎日がエブリデイ,1303,17,2377,1316000,10,10,10,10,10,10,10,10,80
GXADUIMKY,みず,G59NGM0XA,シュリーレン,1287,2,2378,1315800,10,9,9,7,9,10,9,9,72
AUBE87U0P,sarahcat,AND13836G,乙宗梢親衛隊,1159,5,2378,1315800,9,9,10,6,10,10,8,9,71
CPMDT3WK5,久太郎,NJBBTCY3A,かにかに！,1188,12,2380,1315600,7,6,10,5,7,7,7,8,57
877G426K5,モノ,KXU941RFJ,梢先輩おめでとう,1097,5,2381,1315400,10,10,10,8,8,9,9,9,73
APR7476BU,みなと定食,WHWT61ELR,【無言】ハスノソ,1332,18,2382,1315200,10,10,10,10,10,10,10,10,80
773R4GH46,シアン,DKNHY5HH6,なす料理研究会,1022,11,2383,1315000,8,10,8,8,10,9,10,10,73
NXR5GWVW7,しんにゅうぶいん,HE0GK3EPE,瑞蓮プロカ倶楽部,1169,6,2384,1314600,10,10,9,8,10,10,10,10,77
L6AFKNUNA,すいまる,BH9YH1YL5,ラブライバーの森,1365,18,2384,1314600,10,10,10,10,10,10,10,10,80
BZQJDUUH4,ポケダ,J80MEYHBC,Nymphaea,1255,15,2386,1314400,5,8,7,8,10,7,8,10,63
5DU5DF307,ロレンス,AVX749PPB,姫芽ちゃん親衛隊,791,7,2387,1314200,9,8,7,9,8,7,7,7,62
M46HEU05T,高分子聚合奶茶,NT2KU5174,こずかほ。,1141,6,2388,1314000,5,8,9,7,7,8,10,9,63
PU86LKNJ7,メグちゃん,JE7V5MM31,蓮ノ沼に沈んだ泥,1206,17,2389,1313800,10,10,10,10,10,10,10,10,80
ALD7UHWYG,ＫＡＯ,Y2HV0YEF7,蓮ノ空を応援し隊,1374,15,2390,1313600,10,10,10,10,10,8,10,10,78
RPUDUAAGT,上弦の参:猗窩座,CCACL2CMM,無限城,1183,14,2391,1313400,9,8,10,8,9,8,8,9,69
WHW8PVC7L,3!,KT4C59NXG,めぐ島,809,1,2391,1313400,10,10,10,10,10,10,10,10,80
PBG9WP057,オトツ,UCWKRB3WR,菅沼千紗が大好き,1295,9,2393,1313200,10,10,10,10,10,10,10,10,80
17RL4149C,みどりひすい,424NLTEE8,無言な異次元部屋,1162,2,2394,1312800,9,10,10,6,9,9,8,9,70
J4HNT0HPG,しゅう,GW4CH70HK,TKG同好会,1122,12,2395,1312600,8,8,9,7,9,9,7,8,65
LLJL989WE,イツッキー,HBK6KCRPP,無言でおけ,1602,16,2396,1312400,10,10,10,10,10,10,10,10,80
VL4J4YY53,cattie,V6DV6KETG,梢好き好きクラブ,1201,8,2397,1312200,7,7,9,7,6,8,10,10,64
0N6HXDW65,masao,V26546K3D,乙宗気合筋肉,1129,0,2398,1312000,10,10,10,10,10,10,10,10,80
5ZIQL7UXB,瑠璃柴,YD2XWWFA4,蓮好き好きクラブ,1284,12,2398,1312000,10,8,8,7,8,7,10,8,66
HAOYSJ2IY,メル,RWARTHA1M,乙宗梢大好き部,1476,18,2400,1311800,10,10,10,10,10,10,10,10,80
VRA2YU7TK,鱼板面,J800VVPTN,Aqours,1021,13,2401,1311600,7,7,8,9,8,8,8,9,64
3LKER1ETS,rimel,N752V1LD6,思想の溜まり場,1264,4,2402,1311400,9,8,9,7,8,8,7,7,63
E33QXLJTK,さとま,CM5THHYHB,「」ノ空だけれど,1308,6,2403,1311200,8,8,10,8,10,8,9,9,70
WL4EHDYGC,ファース,TM19BMU7C,ソロプレイヤーズ,1042,2,2404,1311000,8,9,8,7,8,9,8,9,66
JVS3WVUZQ,ひらゆう,48BTAPMBG,蓮ノ空魔術部,1374,12,2405,1310800,10,10,10,10,10,10,10,10,80
Z7F5FZ527,甘楽SE,FG5VFFNRK,蓮ノ空おじさん,1532,15,2406,1310600,10,10,10,10,10,10,10,10,80
LO590H6JH,わっふる,HKETDDCK6,ぼっちざ蓮!!,1122,7,2407,1310400,7,6,8,6,6,6,7,7,53
GDIJ8GEAN,あーつ,FMKP92LRL,目が霞む人達,1169,6,2408,1310200,8,8,10,8,8,6,9,8,65
MHUA0464C,「イボンコ」,NMT63RUDV,泥村,1060,2,2409,1310000,8,8,9,7,10,8,8,9,67
DQ63TGY5V,たまい,51CF1LTGY,ラ研連合,1156,13,2410,1309800,7,6,8,5,8,6,8,7,55
0WNUYY1GC,とこ,2VJG66JTH,まったり,1195,15,2411,1309600,7,9,10,7,10,10,10,8,71
P4KCF883B,AC,0XUV5025C,めぐめぐバブり隊,1309,10,2411,1309600,10,10,10,8,9,8,10,9,74
D96PWG6YM,KanaΔ,L6MF2MPBN,みらくらぱーく党,863,0,2413,1309400,10,10,9,8,10,10,7,9,73
3110JTCRU,TKM,LT3CCEBFE,蓮ノ空釣り堀〜,1192,12,2414,1309200,5,7,8,4,9,5,9,9,56
YMQZUBDZ8,はまもん,GYG7B5R36,幼馴染同好会,1303,13,2415,1309000,8,8,8,6,8,8,8,8,62
3K9RDZH5O,イツキ,GXR6C85BT,花帆ちゃん親衛隊,1568,10,2416,1308800,10,10,10,10,9,9,10,10,78
FU9G7NGUM,ツーベルク,XE8513HNP,喫茶カワウ空✨,1085,2,2417,1308600,6,6,8,10,6,6,10,8,60
JB3UNK057,デランテーロ,YAD615PCK,蓮を咲かせる泥達,1276,3,2418,1308400,9,10,10,8,9,8,9,10,73
9K5WNRTG3,かがり火,HBK6KCRPP,無言でおけ,1442,15,2419,1308200,10,10,10,10,10,10,10,10,80
VJI2EEBJB,SRパンダ猫,B1KYU3XF8,LG lotus,1315,15,2420,1308000,9,8,9,6,8,8,10,10,68
LI442CJCF,みやび,4XRHRYDW4,無言でエンジョイ,1406,3,2421,1307600,8,8,8,8,8,9,9,10,68
XW8BJ9F64,浄龍桐生,8NFDBY4L5,浄龍桐生会,1224,14,2422,1307400,10,9,10,8,9,9,9,9,73
R1R07VYAY,べじ,X7C21B7H7,泥,627,0,2423,1307200,8,8,5,10,8,7,7,2,55
E9LVB2F95,せみすぺ,KULVP7FDR,アニマル分室,1184,11,2423,1307200,10,10,10,8,9,10,9,10,76
Z7EOEWPK9,のほほんメイプル,FTY0R8KPH,泥の皆様,1472,15,2425,1307000,10,10,10,10,10,10,10,10,80
POECWKUBK,みーわ,8CEWMFEHX,ねるねるねるね,1220,3,2426,1306800,8,8,8,6,8,8,6,9,61
NGAV1YXBK,くろ,C8A9CTB34,蓮ノ空山岡家部,1076,13,2427,1306400,4,10,7,5,10,7,7,7,57
PLE11SC0E,無軒,919XF8V2V,蓮之空大三腳,820,0,2428,1306200,4,4,4,4,4,4,4,9,37
4KE2HL32M,エルモ,BELCUYCMH,蓮hkg香港分部,1131,5,2429,1306000,7,10,10,5,10,8,10,10,70
213G1AGIB,Tsutcho,XR2P2LDY3,蓮ノ空さいきょー,1547,17,2429,1306000,10,10,10,10,10,10,10,10,80
MH7MGGAF5,keke4,GVYK75TPW,あ,521,1,2431,1305800,7,8,10,8,7,6,7,7,60
HU31WK3D9,5884,LUDNM40F8,ふくふく無言OK,1309,17,2432,1305600,10,10,10,10,9,10,10,10,79
3EFR0X1Q8,まっつん,9DKR4Y2CJ,蓮ノ空老人会,1408,9,2433,1305400,10,10,10,8,10,10,10,10,78
IJFIDA2MT,ちゃぴ,LW7MG1ERX,まったりプレイ,1399,18,2434,1305200,10,10,10,10,10,10,10,10,80
K9LLHN0WV,kyon,TD87P23DJ,黄昏の旅団,1122,4,2435,1305000,8,8,9,7,8,9,8,8,65
CFCDNBL5J,김준수,HB9AU9DJJ,聖心党,832,5,2436,1304800,7,10,9,6,10,7,10,9,68
R258NV5D6,シノ,H0DV3JJGA,かほさやてぇてぇ,1100,9,2436,1304800,8,7,8,7,8,8,7,8,61
KFM9032KG,テンテコ米,WBW66DMUB,るりめぐ研究所,408,0,2438,1304600,10,5,7,4,8,6,6,9,55
FG75ZYKXQ,さやま,RF5215M2U,スクステ同好会②,977,5,2439,1304400,10,10,10,10,10,10,10,10,80
RFPKCPLTE,たけぼー,HMBW9DXY2,蓮好き皆あつまれ,1160,3,2440,1304200,9,8,8,8,9,9,8,8,67
77S4HCW1S,おっとっと,ULUELCJ7T,なるようになる？,1160,3,2441,1304000,6,9,7,4,9,6,7,10,58
2HEBKTP0P,かすてら,LLDLG20UU,UR取り隊,1045,3,2442,1303800,7,6,8,7,5,6,7,9,55
THLNH2PQX,たくやん,M8FM7P139,蓮ノ空ひとり旅部,1167,0,2443,1303600,7,9,9,7,9,8,7,8,64
RGB940BND,keisuke,UYCT3Y4JK,蓮っ子,1242,16,2443,1303600,8,4,5,4,7,7,3,8,46
9DBK5J4FH,ロッキー,F8MLHU2NV,乙宗梢様､､､,1173,3,2445,1303400,9,6,7,7,8,7,7,9,60
M9CYN1PH9,角,XEENRBXCG,蓮ノ空休日クラブ,921,1,2446,1303200,9,9,9,7,10,8,8,9,69
PN92XHM4G,みー,NK05UMLWW,かけ込み寺クラブ,1031,5,2447,1302800,8,9,9,7,9,10,6,7,65
CJB5HYVP1,you,GR65FP8VN,蓮好き,995,9,2448,1302600,8,6,10,8,9,8,9,10,68
MXWBM6CW0,ガルー,F2M746D4B,頑張らないクラブ,1281,6,2449,1302400,10,10,10,10,10,10,10,10,80
Z0M1QY50D,ぺろすけ,0VP15L48C,ハスラー,1384,5,2450,1302200,10,10,10,10,10,10,10,9,79
6GV3424RA,わくわくさん,8JMW9G2XW,僕らのリンクラ！,1401,18,2451,1301800,10,10,10,10,10,10,10,10,80
FV76H4N7H,ことりの囀り,8R49BTWW6,蓮女お嬢様クラブ,1196,0,2452,1301600,9,10,8,9,9,8,9,9,71
IWSLLAQCP,vividsky,LHXNEF3D5,まるまるサークル,1470,15,2453,1301400,10,10,10,10,10,10,10,10,80
YB1CE9PC0,ちゅ〜でん,C9DAJ6YFV,のんびり,1009,1,2454,1301200,1,10,10,5,5,6,6,5,48
ZMWRR14YQ,ぜんこう,79C17CHA2,蓮ノ空出張部,1500,9,2455,1301000,10,10,10,10,10,10,10,10,80
ENC8J4L1E,ビル,7XH3K4GBT,LLP,1304,4,2455,1301000,10,8,10,10,10,10,10,10,78
JTJYD8YHB,天井のシミ,KULVP7FDR,アニマル分室,1005,7,2457,1300800,9,8,9,7,10,8,6,8,65
BJJAQ8YIU,シラヌイ,TD87P23DJ,黄昏の旅団,1385,18,2458,1300600,8,8,8,8,8,8,8,9,65
8J3SJ7SJQ,たつ,9JTF508LB,スクスタ亡霊部,1046,12,2459,1300400,7,9,9,6,9,8,8,9,65
I7XW1T72R,キニーネ,CM5THHYHB,「」ノ空だけれど,1368,18,2460,1300200,10,10,9,9,10,10,10,10,78
4C5FL7PCN,二ャトリィヌ,TDHKGHFPA,無言参加○！,1311,17,2461,1300000,9,10,10,7,10,10,10,10,76
ULTS72PUN,ほむたま5号,EE4BKR0AR,まったりプレイ,1443,15,2462,1299800,9,7,5,7,8,8,8,7,59
6PF7RFY9G,powetcho,RNJ306W6N,日曜日よりの使者,1104,11,2462,1299800,7,6,7,6,7,8,6,8,55
X9L7K06U6,YYYY,AE3L01V24,LOVE蓮ノ空,1225,15,2464,1299600,7,6,4,10,8,4,10,5,54
T5092U9MV,KEYSS,GGK2P93JK,きゃらめる,579,3,2465,1299400,10,10,10,10,10,10,10,10,80
JUXSX3AKW,フィア,W3F0URUJC,梢先輩応援団,1293,12,2466,1299200,10,10,10,10,10,10,10,10,80
YLE2KLLRU,夜貓社,BELCUYCMH,蓮hkg香港分部,1225,0,2467,1299000,7,9,9,5,9,9,9,10,67
BMW4UUQ68,トノサマ,M8FM7P139,蓮ノ空ひとり旅部,1542,18,2468,1298800,10,10,10,10,10,10,10,10,80
XYXX91YLL,機匁,ABALH0AL3,楽園計画,1129,0,2469,1298600,8,7,10,7,10,9,8,8,67
B71JRYQJB,おぐりん,Y6JNPC60C,綴理メイト,1369,13,2469,1298600,10,8,8,7,9,9,7,7,65
6FXNY8SQM,ぽん,HBCC35887,そりゃー!!!,1284,15,2471,1298400,9,9,8,7,9,10,7,7,66
HHX3RYYSE,あむちゃん,J7N4W6Y1K,こずミックラブ♡,1522,8,2472,1298200,10,10,10,10,10,10,10,10,80
BDL5FFKL2,うき,07JW71HWG,良いチケで観よう,749,2,2473,1298000,4,6,3,4,4,4,2,6,33
Y0VPKFMVH,相良茉優,J800VVPTN,Aqours,1180,9,2474,1297800,8,7,7,6,7,6,6,9,56
AJ6302BHY,nacky,36DAM7HBL,蓮隠れノ里,1098,13,2475,1297600,8,8,8,5,9,8,8,8,62
C23COYMFE,えりりぃ,HWJ8XPW0T,箱推しなのだけど,1120,0,2476,1297400,8,9,8,7,8,7,7,7,61
AQWA9ITUH,ELLE,T8X0G07YB,なければ立てる！,1347,3,2476,1297400,9,8,9,8,8,8,8,9,67
T3NCHMRHP,TG,R083H7WRN,サークル無言,954,12,2478,1297200,5,7,9,10,9,3,7,5,55
KPISG48AL,てつ,HBM31HMUY,YUKIZURI,1341,5,2479,1297000,10,10,10,8,10,10,9,10,77
PYN5V5NU9,りふ,79C17CHA2,蓮ノ空出張部,1293,3,2480,1296800,9,9,9,7,10,7,10,9,70
V1K39NAJC,darkwine,2DYYAPFVN,蓮っ子村,1046,1,2481,1296200,6,6,7,6,6,6,6,10,53
1D6GG1K9Y,よね,G0WRCNRWK,県立沢庵図書館,581,2,2481,1296200,9,10,7,8,10,5,6,10,65
Y4LK489BU,。,7RBMBBY88,瑠璃色金魚,1221,11,2483,1296000,10,9,10,8,9,9,9,10,74
KWKSDD28E,まさい,LUDNM40F8,ふくふく無言OK,1097,12,2484,1295800,8,8,10,5,8,7,8,8,62
AMP0MVEJZ,みかんごはん,J4KPR8GX0,関西ラ研,1386,18,2485,1295600,8,8,8,8,8,9,10,10,69
8WDIULRSE,白虎,51CF1LTGY,ラ研連合,1404,18,2486,1295400,10,10,10,10,10,10,10,10,80
QV9PR61S7,ふどう,W3F0URUJC,梢先輩応援団,1447,15,2487,1295200,9,9,9,8,10,8,8,8,69
PR8HYP78J,hrgn,W26TRPM1R,めぐ党藤島派,1183,5,2488,1295000,10,9,9,9,10,10,9,9,75
65J3TWC4M,アイス,8M6UDX260,ぽけもん好き,1214,2,2489,1294400,10,10,10,10,10,10,10,10,80
FKYV41FGL,UＲ紫必当神引姫,8MTLYLH9F,木星月華黄金宮,1240,16,2490,1294000,10,10,10,10,10,10,10,10,80
797LHH22Y,あこ７３,KGDNX3EF3,ENcircle,979,12,2491,1293800,9,8,7,7,8,8,7,8,62
RJ54379G0,見仁,7XH3K4GBT,LLP,1316,18,2491,1293800,10,10,9,10,10,10,10,10,79
Q8WWTOPQZ,ハムカツ,5KK3DFY18,MUGEN∞,1306,18,2493,1293600,4,5,8,4,9,6,9,10,55
07P1LXJBV,ざくろ,C6V311T2P,LotuSky,1232,10,2494,1293400,8,7,7,6,7,8,9,7,59
JDNTGXUEK,カエルの足,RF5215M2U,スクステ同好会②,1644,18,2495,1293200,10,6,6,10,10,10,10,10,72
Z7BCZYAJO,ニョッキー,7XH3K4GBT,LLP,1246,2,2496,1293000,8,7,9,7,9,8,9,10,67
PK9AMV3AH,水橋リョウ,60KU468X3,はっすーず,867,3,2497,1292800,6,5,9,7,8,9,8,7,59
RKLTWRT1K,かくかく,26JDLMBLN,徒町は強く生きる,1042,12,2498,1292600,10,9,9,8,10,10,8,8,72
JZIF9MIDA,カイ,4XRHRYDW4,無言でエンジョイ,1404,16,2499,1292400,10,10,10,10,10,10,10,10,80
833GA2NAL,ぺんのすけ,PUJ0ERCMW,蓮ノ空倶楽部,632,0,2500,1292200,10,7,9,7,8,6,7,8,62
8M3DAHAEP,成成 戌,BCJRMHE75,梢すきすきクラブ,1387,7,2501,1292000,10,9,10,8,9,9,10,10,75
WMMJZI3DW,かのん,0VP15L48C,ハスラー,1377,7,2502,1291600,10,10,10,10,10,9,10,9,78
RK1U34LGB,亀タンク,JDAG79TG7,百合ノ空観察部,1303,16,2503,1291400,10,10,10,10,10,10,10,10,80
PUEDT14GX,とんぷ,6045Y2RW7,ポチっと！蓮ノ空,1322,17,2504,1291200,10,10,10,10,10,10,10,10,80
NJL45BH0O,くらり,MUXWTW1GV,蓮の空見守り隊,1318,16,2504,1291200,8,8,8,8,9,9,8,8,66
0BUCT205J,プサイ,CRXN961YF,ビギナーズラック,977,8,2506,1290800,7,6,9,7,7,5,6,8,55
AKJV4RY4K,こーへー,G0J2F9NAL,さやさやさーくる,953,6,2507,1290600,10,6,7,7,6,7,7,9,59
UYB36NK20,冷麺,ULGVU4B0G,約束のBAR7,1211,18,2508,1290400,10,10,10,10,10,10,10,10,80
9E2AWYLCD,（.8.）,2AUM7L9BW,蓮初心者クラブ,1146,3,2509,1290200,10,10,10,10,10,10,10,10,80
0JKY3BXTW,gg,R1RM3X0WV,後方腕組みオタク,1064,11,2510,1290000,6,8,8,6,7,6,8,9,58
FCT1Z3KS0,クード,D7H8MN2U4,LLD,1459,18,2510,1290000,10,10,10,10,10,10,10,10,80
UZUVRH4ND,にょろーん,GYG7B5R36,幼馴染同好会,1244,12,2512,1289800,9,10,10,7,8,9,9,8,70
X042RNRTU,マツD,YCY3A9106,つづ党募集中！,840,2,2513,1289600,7,5,6,10,5,6,7,6,52
GLUP3RFD3,Azu,0TKFF5EG3,サークル名募集中,1230,17,2514,1289400,10,10,10,10,10,10,10,10,80
X2E96DCWJ,あき,G0J2F9NAL,さやさやさーくる,1377,18,2515,1289200,10,10,10,10,10,10,10,10,80
Y2Q3U738Q,らきあす,M8FM7P139,蓮ノ空ひとり旅部,1443,17,2516,1289000,8,9,10,9,10,9,10,10,75
XCJ4OPKTT,よふかし,7XH3K4GBT,LLP,1382,18,2517,1288800,10,10,10,10,10,10,10,10,80
4NLDA0FYE,aomi,8MLVA67AK,聖ミリオン女学園,1382,18,2517,1288800,10,10,10,10,10,10,10,10,80
I3FSRVW35,エイト,KXU941RFJ,梢先輩おめでとう,1332,7,2519,1288600,5,5,10,7,10,10,10,9,66
G2RTAXMKU,ムエタイ,2ULM366U6,毎日がエブリデイ,1210,4,2520,1288400,6,10,8,7,7,5,8,9,60
R256TF89S,南ひとり,FG5VFFNRK,蓮ノ空おじさん,1260,15,2521,1288200,7,8,8,7,8,7,8,7,60
EWWJNGM37,よっつん,UYCT3Y4JK,蓮っ子,1387,17,2522,1288000,9,9,9,8,9,9,10,10,73
NNEXSX7P9,楓,CV62FGL1U,花咲かせ隊,1317,18,2523,1287800,10,9,10,8,9,10,10,10,76
T9035038D,^にゃおき^,VP0K6KF0K,蓮ノ空大好き!!,831,2,2524,1287600,7,7,8,6,10,6,8,7,59
NCHJV4NEB,きん,6BFC4G5YG,蓮ノ空足湯同好会,1436,13,2524,1287600,10,10,10,10,10,10,10,10,80
DVMW3PBV0,ゆきお,V26546K3D,乙宗気合筋肉,1126,18,2526,1287200,10,10,10,10,10,10,10,10,80
JVQ5F4INS,KKK,1DU9LCND7,蓮ノ空すこやか部,1337,18,2527,1287000,10,10,10,9,10,10,10,10,79
MNHCU6C6Y,まぇだ,K25DPPGT9,圧倒的にまったり,1111,11,2528,1286600,7,6,10,7,10,10,10,10,70
N3H7RX2A8,銅鑼凡,N83DW3NYG,†極最強倶楽部†,1145,3,2529,1286400,10,10,9,10,10,10,10,10,79
FBR3CMIMZ,アスク,F8MLHU2NV,乙宗梢様､､､,970,0,2529,1286400,7,6,7,7,7,8,10,10,62
1H7GW06VS,miya,HBUK6F7CC,乙宗梢なりきり部,1529,18,2531,1286200,10,10,10,10,10,10,10,10,80
UO95BPS4G,はろめぐ,0CBM28JP6,ほうき星,1049,3,2532,1286000,6,8,5,7,6,7,6,6,51
K82VSE1PW,Lefty,63AKA05VR,まったりGngy,1230,12,2533,1285800,9,10,9,9,9,9,10,9,74
O8VP65N5V,AnimeDad,PDMPF3VVV,r/LL,1224,11,2534,1285600,6,7,8,8,9,7,8,7,60
TAH75JV3M,伊藤佐藤,6CLTCLEVT,猫屋さん,671,2,2535,1285400,6,8,4,5,5,7,6,7,48
N5TJTH86P,トオル,KFC62L0FV,ねるねる同好会,1244,10,2536,1285200,6,6,6,6,7,7,7,8,53
YFWRXPEGM,たけちゃん,K4TAHF9YA,はすっこ準備室,1209,4,2537,1285000,9,9,10,7,10,10,9,9,73
JBG94K5GK,ショザイ,JTX1G19BP,さやかほ癒し会,1228,14,2538,1284800,10,10,6,6,10,5,10,10,67
IMNKC4SP6,だみん,D7H8MN2U4,LLD,1225,12,2539,1284600,7,7,8,5,8,7,7,9,58
UMRA60XUP,よぬ,53NYG615U,蓮ノ空飲酒愛好会,1291,2,2540,1284400,9,8,9,10,9,9,9,7,70
UFWTCRMVE,ri,R1RM3X0WV,後方腕組みオタク,1248,13,2541,1284200,10,9,10,9,10,9,9,9,75
NWU61EJBY,りょりょ,XE8513HNP,喫茶カワウ空✨,1307,9,2542,1284000,9,9,9,9,9,8,9,10,72
U0B63PU5M,ゆゆ,7R8NKPAB1,花帆推し倶楽部,1020,5,2542,1284000,8,5,8,6,7,6,8,9,57
RWCQ6YE13,おかじゅん,2NY9H8BR9,乙宗紅茶館,1424,4,2544,1283600,10,10,10,10,10,10,10,10,80
LJ2BD0GN8,Hengry,RBDLWNFFM,ドルスリズパーク,756,2,2545,1283400,9,7,6,4,7,5,6,7,51
JJ0PFAA1T,おこめ,5YXVKDEKV,サークル(仮),561,0,2546,1283200,9,4,6,5,6,6,4,5,45
289PLYYDY,チョメ,C8A9CTB34,蓮ノ空山岡家部,915,4,2547,1283000,6,6,5,6,7,6,4,5,45
H5EH2INFD,ゆうづる,85D411XNB,蓮っ子の集い,1345,12,2548,1282800,10,10,10,10,10,10,10,10,80
YQLNZGDHJ,なかむ〜,RF5215M2U,スクステ同好会②,1137,9,2549,1282600,10,8,8,7,8,10,8,7,66
J345LCDL6,すん,YNR28303K,りんくらぶ,1009,2,2549,1282600,7,9,10,8,8,8,7,8,65
9T9WJC91B,五十嵐竜馬,N0EXH1CM1,ぱちぱち徒町,1302,18,2551,1282400,10,10,10,6,10,10,10,7,73
RTH7TGKAS,センキ,T56X6LP0L,光の海,1244,2,2552,1282200,8,7,9,5,7,9,8,8,61
KQJL49F8B,しゅが〜,K7JJTMPXB,チケキャン,1242,12,2553,1282000,7,9,7,10,7,9,10,8,67
DI8P4HEN1,Chupigel,J80MEYHBC,Nymphaea,1282,18,2554,1281800,8,9,10,8,10,8,10,10,73
647JT67DE,リアラ,VXF8P7NDC,どんぐり。,1452,15,2555,1281600,9,7,10,8,9,9,10,10,72
A8FLKFA0G,ユニット,XPRA8TRVE,蓮ノ空ロボット部,1283,4,2556,1281400,7,8,8,7,7,8,7,10,62
0G0PVMK7C,葱々,5WUDLMWEP,蓮ノ空は明日ノ空,1135,2,2556,1281400,8,8,9,7,8,7,7,8,62
EDV2MVK0V,☆贄殿遮那☆,05KN1RR3U,さやかほ花卉園,1106,14,2558,1281200,7,9,10,8,9,9,7,9,68
8EB0GXWX1,みむ。,EYN9H9N16,蓮すきすきクラブ,1547,6,2559,1281000,9,8,9,9,9,9,9,9,71
59CXAK4KV,感听,F8MLHU2NV,乙宗梢様､､､,601,0,2560,1280800,8,8,9,7,8,8,8,10,66
F6D460XUF,空蝉,865UE9UC6,蓮ノ空うどん部,1358,2,2561,1280600,10,10,10,10,10,10,10,10,80
O6NX8JP2P,杉谦,Y2HV0YEF7,蓮ノ空を応援し隊,1377,7,2562,1280400,10,10,9,8,10,10,9,9,75
C78S55TMJ,丼物,UYCT3Y4JK,蓮っ子,1423,18,2563,1280200,10,10,10,10,10,10,10,10,80
9YELCCB08,いふ,5KK3DFY18,MUGEN∞,1283,4,2563,1280200,8,6,7,9,6,5,9,9,59
8LE4JJI1J,せいちゃん,7U20138DB,LGP,1399,18,2565,1279800,8,10,8,8,10,10,9,9,72
R9PN73NPM,atsutaka,GN1798YEX,ド!ド!同好会,779,2,2566,1279600,9,10,10,6,10,6,10,7,68
668LNGBE4,飯島恋歌,N0EXH1CM1,ぱちぱち徒町,1048,9,2567,1279400,9,8,8,8,8,7,8,9,65
ED8PM57Y1,げんいちろー,49AMYCXCD,ルドベキア,1350,4,2568,1279200,10,10,10,9,9,10,9,9,76
JBP0FMBP0,RD-2,WRFLMWL4U,映り込み金魚,1136,1,2569,1279000,9,8,8,6,8,7,9,10,65
3HGRBJFEH,たろー,L1VGJTD5P,蓮ノ空お茶会部,1249,17,2569,1279000,10,10,9,9,9,10,10,9,76
GA8CN9FJ3,ジロウ,V8XX999F6,卍蓮村幼稚園卍,1005,6,2571,1278800,7,8,8,6,10,8,9,8,64
K2KK5KYKU,ふぁい,AND13836G,乙宗梢親衛隊,952,3,2572,1278600,8,7,8,5,9,8,8,8,61
35JP6F70G,わはー,J0PT5EX42,スクスタモ部,779,4,2573,1278400,8,7,7,5,10,7,3,8,55
3SZ5ASO9V,まんとる,RNJ306W6N,日曜日よりの使者,1181,10,2574,1278200,7,7,8,6,7,6,8,6,55
YN2NGFRX5,ハンバーガー,XXMU9WLKB,梢の機械さん,981,1,2575,1278000,7,6,8,4,6,5,6,8,50
6RK7I3SCY,岸田さん,WHWT61ELR,【無言】ハスノソ,1270,3,2576,1277800,8,8,10,8,10,8,9,9,70
58XEUUHP2,雅,8JMW9G2XW,僕らのリンクラ！,1395,18,2576,1277800,10,10,10,10,10,10,10,10,80
FUPH605HJ,Turk43,HXVYGL96H,初々しい対抗戦,854,6,2578,1277600,7,7,8,4,7,6,7,7,53
LVY4MM87V,ｼｬﾇﾋﾞｽ,9FF5JBNDF,めぐすきクラブ,1221,17,2579,1277400,10,9,9,8,8,10,7,8,69
YB23XF0RJ,ado2,BPG4D3VMA,不明,1051,2,2580,1277200,5,7,7,8,10,6,9,9,61
FPF0WNKJ1,KubiAwei,D7UA5ER1E,UR報酬欲しい！,984,7,2581,1277000,10,10,10,7,8,8,7,7,67
002NF9D55,たけ,GKR9TEBYC,毎日がホリデイ♪,1143,14,2582,1276800,8,7,10,4,10,10,10,7,66
BJ5GY7P3C,チラ,2NY9H8BR9,乙宗紅茶館,1130,6,2583,1276600,6,7,8,6,8,8,8,9,60
Y0WNYE9CP,スライドガラス,EEP20F2M8,綴理の綴り,1235,1,2583,1276600,8,8,9,5,10,9,6,7,62
WSJNFXWNU,pon,TXNCTRR1U,瑠璃乃推し隊,1257,1,2585,1276200,8,9,10,9,9,9,9,9,72
LN7AJBXL6,きりん,7R8NKPAB1,花帆推し倶楽部,1494,6,2586,1276000,10,10,10,10,10,10,10,10,80
PU8WTNE81,かりんとう,HE0GK3EPE,瑞蓮プロカ倶楽部,834,4,2587,1275600,7,7,7,7,8,10,8,8,62
D5WJM3VXB,sana,YDYH4VRRP,レンクウ,1151,7,2588,1275400,10,9,9,10,10,10,9,10,77
72CGZ6K45,あんばぁ,G0WRCNRWK,県立沢庵図書館,1245,16,2588,1275400,6,8,10,7,10,9,10,10,70
E09RNAVW7,tonkotu,EECF9C0N3,蓮ノ空　茨城分校,806,0,2590,1275200,5,6,7,5,6,6,6,5,46
ANN8U7K5N,しろい,N1DJVPGP8,いつでも咲けるよ,1146,3,2591,1275000,8,7,8,6,8,8,9,8,62
V3T5AISVN,ttrrr,L28X4MDJN,アフター観たいぞ,1209,10,2592,1274800,7,8,7,9,9,8,8,8,64
M9E0RKUTX,Genoace2,JU476V6K9,ポチッ！,533,0,2593,1274600,8,8,9,6,8,8,7,7,61
LIQI49M3E,ごんじん,B2KV0EVPD,蓮ちゅきクラブ,1300,14,2594,1274400,10,10,10,9,10,10,9,10,78
P84KEMHKF,しん,WFPA7YJE1,蓮ノ空文芸部,1354,7,2595,1274200,8,8,10,5,7,7,8,8,61
0NF7JBV7A,ソミミ,NT2KU5174,こずかほ。,1145,9,2595,1274200,5,4,7,4,5,8,7,9,49
URJE71AE8,もよ,4XRHRYDW4,無言でエンジョイ,1175,4,2597,1273800,8,9,8,8,7,8,8,7,63
ALGTFUJ2U,あんずだ,6KUYCDLGR,かよちんは宇宙,1278,3,2598,1273600,10,8,8,6,8,8,10,10,68
UALHDDBU1,高海果南,37N3TNTVB,推しを布教する処,1100,10,2599,1273400,9,9,10,9,10,10,10,10,77
0YS5ZI4UO,txaxkaたか,NT2KU5174,こずかほ。,1345,18,2600,1273200,10,10,10,10,10,10,10,10,80
DP1TLFLX9,め゙ぐぢゃ゙ん゙,DHKUGEWBJ,めぐ党虹ヶ咲支部,1230,0,2601,1273000,10,9,9,7,10,10,8,9,72
K3RG6R2D9,いろりぃ,VNEY6C9BE,スリーマーメイド,999,10,2602,1272800,9,8,10,9,10,9,9,8,72
EPVEBFY8K,式,E76N52LMW,イベントのみ,1015,6,2602,1272800,4,7,8,7,9,9,7,7,58
9JI8BMCH0,はるの,8R49BTWW6,蓮女お嬢様クラブ,1125,13,2604,1272600,8,9,8,8,10,9,7,8,67
K0Y8RBTWT,シャー芯,0NJH60E7V,睡眠大事,1060,1,2605,1272400,9,8,9,7,9,8,6,7,63
C0SR4GO9A,ことまり,9UKKACGDU,蓮っ子CLUB,1575,18,2606,1272200,10,10,10,10,10,10,10,10,80
E5HEUMVRU,シャウ,KFC62L0FV,ねるねる同好会,1473,18,2607,1272000,10,10,10,10,10,10,10,10,80
Q1Z2JNSO2,sit,2K5AM4RV0,とろぺりです,1227,4,2608,1271800,7,8,8,7,8,7,10,7,62
ZLTOVILYJ,ユキ,L1VGJTD5P,蓮ノ空お茶会部,1046,6,2609,1271600,7,7,8,5,9,7,6,8,57
DD2659JY7,氷狐,26JDLMBLN,徒町は強く生きる,976,9,2609,1271600,5,6,8,5,8,5,6,10,53
YQMHPVTF8,柊木黎,AG9PKMMC3,ぱかぱか同好会,1413,18,2611,1271400,10,9,10,8,10,10,9,10,76
64ENHT1HF,あくび,AG9PKMMC3,ぱかぱか同好会,1217,18,2612,1271200,10,10,10,10,10,10,10,10,80
RIR184MZQ,たむろん,RF5215M2U,スクステ同好会②,1246,9,2613,1271000,4,4,4,7,4,4,9,5,41
JH3EAKFDR,わらし,P2J37FNLG,乙宗先生指導会,1166,4,2614,1270800,7,7,7,5,7,7,6,8,54
A61RP1SSI,カイトチトメ,H6CCL64P9,NATTO,1230,6,2615,1270600,10,10,10,10,10,10,10,10,80
UTNMT95K2,ゆり,X7C21B7H7,泥,601,0,2616,1270400,10,8,9,8,8,7,8,7,65
V8N2DW921,ドーン,0YLUK30K6,蓮っコの集い,1043,9,2617,1270200,8,8,8,7,9,9,10,10,69
2PJCQQ6VT,マルティネス,LHXNEF3D5,まるまるサークル,1127,0,2618,1270000,7,8,9,8,10,9,8,10,69
AXKP20H0X,Kちん。,B4ADNM80X,山本組,1142,16,2619,1269800,8,8,8,7,10,10,9,10,70
D2T3YFID3,エルダずえ,2UKNVBMBU,梢ちゃん同好会,1490,17,2620,1269600,10,10,10,10,10,10,10,10,80
YEET86CN8,ぷるお,MTU201EEF,吟,345,0,2621,1269400,9,6,8,8,6,8,6,7,58
HKZDREDZB,リオウ,5W8RPRVUA,ド！ド！泥！,1428,2,2622,1269200,10,10,10,7,10,10,10,10,77
1N4WI9PL2,6号,WTJV514G9,蓮ノ空のお弁当屋,1456,9,2622,1269200,9,9,8,7,9,8,7,8,65
NK4ZX4IAN,猫ノ雅,LNY720KVK,綴理お世話くらぶ,1081,2,2624,1269000,4,8,8,6,10,9,8,9,62
EM89XFV5T,Nao,RWG56GK19,e+本社ヲ爆破ス,1163,7,2625,1268800,10,10,10,10,9,10,10,7,76
88BUJG7BL,リリアン,Y5J5Y90CD,まるまるサークル,1084,0,2626,1268600,9,8,8,7,8,9,6,8,63
GT2ESRPP4,京大ルビィ,6H800PBV7,新鮮館,797,5,2627,1268400,10,10,10,8,10,8,8,9,73
9YUM1YG0J,七海,CM5THHYHB,「」ノ空だけれど,1301,5,2628,1268200,7,7,8,5,7,7,9,5,55
9WX13LCFB,ぶーぶぶ,YXKR0GGM4,蓮ノ空好き好き,1062,4,2629,1268000,8,9,8,7,8,9,10,10,69
2KAA68K5G,乃木かん,N8L41JAA7,無言 ノルマなし,989,7,2630,1267800,6,8,9,6,8,6,10,9,62
85W7VWKV4,病気は気分の問題,JD1PFYJWE,瑞蓮隊(無言OK,579,0,2631,1267600,9,7,9,9,7,7,8,9,65
AJWLGEP4R,KB,2VJG66JTH,まったり,1211,12,2632,1267200,8,7,9,6,9,8,9,9,65
G6K6T1WV0,保線後,25PMPEMG7,星見プロ,1371,18,2633,1267000,10,10,10,10,10,10,10,10,80
GZ8R0RSDI,なお,DHBGK1398,となりにこな,1317,10,2634,1266800,9,10,10,8,10,9,10,10,76
7GSMLN9ZZ,りんごジュース,WLFW6UCX5,無敵級ビリーバー,1483,6,2635,1266600,8,7,7,7,9,8,7,9,62
WK8LTUUTG,にしきごい,AW470U964,ボッチ会,973,10,2636,1266400,6,6,10,6,7,9,6,6,56
071TP7UZH,M,Y2R7E79U3,カワウソ同好会,1426,9,2637,1266200,10,9,9,9,10,10,10,10,77
W4BUV226A,ありす,HKETDDCK6,ぼっちざ蓮!!,1016,13,2638,1266000,4,6,6,4,8,9,9,2,48
H6EGM5RKT,ドルド,5W8RPRVUA,ド！ド！泥！,1171,4,2639,1265800,6,6,10,6,6,6,10,9,59
PNC6RLJVA,てくてくみかん,U57VPUTEE,ゆったりクラブ,1093,3,2640,1265600,8,7,10,9,10,10,8,9,71
E5F8JFF78,さくぱん,ABALH0AL3,楽園計画,958,7,2640,1265600,10,10,10,9,10,8,5,10,72
2TG40QXIT,トゥモ,8R49BTWW6,蓮女お嬢様クラブ,1319,10,2642,1265400,10,10,10,10,10,10,10,10,80
V26BVACUL,クライム,YDYH4VRRP,レンクウ,1208,5,2643,1265200,6,9,9,7,8,10,9,7,65
8JDT6KXGY,飛鳥II,F8MLHU2NV,乙宗梢様､､､,866,0,2644,1265000,9,8,7,8,8,7,7,8,62
AWI3WQKEX,「みやび」,T8X0G07YB,なければ立てる！,1463,15,2645,1264600,10,10,10,8,9,10,10,10,77
NY0TT6UNV,Aba,HXXWV79PL,nitkc,1143,14,2646,1264400,9,8,9,9,6,8,7,8,64
FUUC30B3H,てん,R181MKNX1,みらくらは人生！,1223,7,2647,1264200,7,7,8,7,6,7,7,7,56
PW2IZOV8C,メティス,6045Y2RW7,ポチっと！蓮ノ空,1436,15,2648,1264000,10,7,8,6,10,10,5,6,62
4EP9A3ZQ4,りまりまる,CV62FGL1U,花咲かせ隊,1268,10,2649,1263800,10,10,10,10,10,10,9,9,78
T5CMDEG2W,ほびろん,36DAM7HBL,蓮隠れノ里,1194,6,2650,1263600,9,10,10,7,10,10,10,9,75
FJU43A44H,mtk,2K5AM4RV0,とろぺりです,695,1,2651,1263400,10,10,10,8,10,10,9,10,77
DFZ2UBN71,瑞河の山賊,Y2R7E79U3,カワウソ同好会,1286,7,2652,1263200,8,8,10,9,8,8,10,10,71
TWMHXEK1W,にゃんこな,BX7W9FA88,にゃんこな,1279,17,2653,1263000,10,10,10,8,10,10,8,8,74
5RZHTH6OU,ともも,T045NDKW0,♬さやか愛好会♬,1320,17,2654,1262800,8,8,9,8,9,7,9,9,67
1W1ALKYJR,コン,DBHVM0X7P,ガンフィンガー村,1329,18,2655,1262600,10,10,10,8,10,10,10,10,78
8CHE0ALFJ,Suzu2203,9YM3DBTB7,泥民館,969,10,2656,1262400,9,10,10,7,10,10,10,7,73
4DVWNGWBE,しんどーP,FDWY9N1P7,"ゲCo.,Ltd",1252,18,2657,1262000,10,10,10,10,10,10,10,10,80
W4AX7Y4UR,poiful,6FWRD1K40,いちじょ海賊団,1045,4,2658,1261800,10,10,10,7,9,9,9,8,72
G2TP9RT8M,わた,F2CFWVMY9,藤島め組,1531,15,2658,1261800,8,6,7,6,8,8,8,10,61
LD3A9874J,うず,X33HHA9F8,アルストロメリア,1239,16,2660,1261600,9,9,9,7,9,9,8,8,68
7L68H6UP2,さやか,NDGW77R2V,こず花帆尊い,923,8,2661,1261200,3,5,7,7,4,4,2,4,36
QSOCTGST3,ベア,TR057C1UW,蓮ノ空ぼっち部,1234,2,2662,1260800,9,9,9,7,8,8,7,9,66
91YWE4UGX,altpuds,LJNCAEVAP,蓮ノ空さやか研,461,0,2663,1260600,10,10,8,9,10,9,10,9,75
PLLQIXJI6,まよ,9DKR4Y2CJ,蓮ノ空老人会,1244,9,2663,1260600,10,9,9,10,9,8,10,10,75
4H3JZAXY7,ハクイ,3HDDYR4FU,旅人,1164,4,2665,1260400,6,7,8,5,10,10,10,10,66
GYYYUFDH2,パステル,07JW71HWG,良いチケで観よう,1065,8,2666,1260200,4,1,8,7,5,5,9,9,48
7YQ5QL9X3,紅蓮,GE3TL53AP,いい顔でこんぶ,1507,1,2667,1260000,10,10,10,4,10,10,10,9,73
JHSN9O2WU,みったん,RF5215M2U,スクステ同好会②,1500,15,2668,1259600,10,8,9,6,9,8,9,10,69
C9LP9840K,じゃっきー,B86837CF4,ガチ初心,617,2,2669,1259400,8,10,8,5,10,7,7,8,63
CI6NDJDGQ,ヨダ,5KK3DFY18,MUGEN∞,1317,2,2669,1259400,10,10,10,8,10,9,10,10,77
BBBE3EN0X,がだい,0TKFF5EG3,サークル名募集中,1188,18,2671,1259200,10,10,10,10,10,10,8,10,78
SEJSZ3X86,アルパカ牧場,WLLWJ8ADP,乙宗筋肉サークル,1271,9,2672,1259000,8,9,10,8,9,10,9,8,71
W5C9A963M,なっすちゃん推し,1DU9LCND7,蓮ノ空すこやか部,1148,15,2673,1258800,6,6,6,5,8,6,6,4,47
S87DWXVO8,トロノ,Y7KJ3PM8P,蓮すきすき同好会,1195,4,2674,1258600,10,10,10,10,10,10,10,10,80
1PBU4KO2I,しとし,FG5VFFNRK,蓮ノ空おじさん,1280,17,2675,1258200,7,10,6,4,7,4,3,7,48
KXY01JPNH,P2,6WJW7R1TD,さやこずノ休日,944,1,2675,1258200,6,7,8,7,7,7,7,9,58
W1RBXW89C,ウバギ,T045NDKW0,♬さやか愛好会♬,910,2,2677,1258000,5,10,8,4,8,7,7,7,56
7RGJF9Y2T,徒町ビッグベル,H6JWBBGCG,蓮天・乙宗一心流,1258,3,2678,1257800,8,9,9,5,8,8,6,9,62
1PAP1H6LD,ろさ,1VPK1PKFW,すりすりの森,974,3,2679,1257600,7,7,9,4,5,6,4,4,46
2VW44LGGL,カラメルプリン,FNMV166UY,蓮ノ空喫茶部,1319,9,2680,1257400,7,8,8,9,10,10,9,10,71
J99M467R9,広高,KW0RM1LEP,はすっこくらぶ,836,0,2681,1257200,9,7,8,7,7,7,8,9,62
KPJ9UNUNS,キマケル,UYCT3Y4JK,蓮っ子,1258,9,2682,1257000,8,8,9,7,9,9,8,9,67
BPUQ4U31F,ウグイス,Y2R7E79U3,カワウソ同好会,1311,12,2682,1257000,9,8,9,7,9,9,7,7,65
XNV6N6FKN,kirinne,AGJ215YND,蓮の空中國分校,817,2,2684,1256800,7,7,10,8,8,8,7,7,62
5HE4VE0UR,META,N7GLY2RUW,百生銀行,1128,2,2685,1256600,7,7,7,9,7,7,7,1,52
UYL09U1AJ,やまぴー,48BTAPMBG,蓮ノ空魔術部,1098,16,2686,1256400,7,5,7,5,7,6,2,10,49
JVTU28RDB,タビオカスキ,919XF8V2V,蓮之空大三腳,785,3,2687,1256200,10,10,10,7,8,8,9,8,70
XBTPBMH5L,スカイ,LAKRG5NK9,ログイン勢,1141,13,2688,1256000,9,9,9,10,10,10,9,8,74
HWWN7ND5L,宮原修一,CXG25026E,泥のみんなS,1425,12,2689,1255800,10,10,10,10,10,10,10,10,80
WTYHJWCYW,デスロス,FTY0R8KPH,泥の皆様,1043,2,2689,1255800,7,10,8,5,10,6,7,9,62
GYR6VF5PC,マサ吉,KWFJDTKE7,オメガケンタウリ,1152,7,2691,1255600,9,9,10,7,9,7,10,10,71
ITK4JA963,田中ゆとり,919XF8V2V,蓮之空大三腳,1178,14,2692,1255400,7,6,9,6,10,8,7,8,61
YCX2YR3VN,えすえす,KARUFA7TN,777,1006,0,2693,1255200,9,9,10,7,9,9,9,9,71
WFOIN0J2Q,ノラ坊,KBJ2P8T0Y,人見知りの集い,1219,18,2694,1255000,10,10,10,9,10,10,9,10,78
GXM9J5PG1,りだい,DKNHY5HH6,なす料理研究会,1166,4,2695,1254800,8,8,8,5,8,9,6,7,59
YRJ1RF15X,麟,5KK3DFY18,MUGEN∞,1205,2,2696,1254600,7,6,8,8,7,5,9,9,59
9VVKLTE0B,桜の恋歌,KXU941RFJ,梢先輩おめでとう,1125,15,2696,1254600,7,7,7,8,9,7,8,7,60
RVY1A8DYV,花残日暮寒梢孤,J800VVPTN,Aqours,1227,8,2698,1254400,10,9,8,7,9,8,6,8,65
Q6ZD4Z5L4,てつや,L3NN1RWMY,アポロベイ海賊団,1176,7,2699,1254200,6,9,8,8,10,5,8,8,62
53BVYDQYC,ライト,2ULM366U6,毎日がエブリデイ,899,9,2700,1254000,8,6,9,10,5,2,4,1,45
MPAR46VH7,asuda,EAY5EM96N,眩耀夜行好き好き,1055,7,2701,1253800,10,10,9,10,10,10,10,9,78
NPXH5R3ON,彩斗,N2KCENRKH,猫＆旅大好き部,1410,10,2702,1253600,9,9,8,10,9,7,9,7,68
6HHFM7N28,はなぶさ,0TKFF5EG3,サークル名募集中,1122,10,2703,1253400,8,9,8,8,8,8,8,10,67
6EBEBFU9Y,ヴィヌクラ,HBK6KCRPP,無言でおけ,1258,17,2704,1253200,10,10,10,10,10,10,10,10,80
WP8OPYA8P,カニ天ぷら,NL1MPRG05,とりあえず,1212,6,2704,1253200,7,5,9,4,7,7,7,8,54
HJAUXWMTT,44013,NLTAB4BLF,蓮ノ空ゆる活動部,629,0,2706,1253000,8,10,8,8,10,8,10,10,72
N9I7AEFZ6,ぷぅ,KLLF3G9PH,ログボ回収部,382,0,2707,1252800,3,6,6,7,8,6,6,7,49
0UAXEMCHU,あいちー,J0N1E3Y09,月火水木金土日,1108,1,2708,1252600,7,8,7,5,9,7,10,10,63
LCDDXVRH3,BS,7R8NKPAB1,花帆推し倶楽部,1113,12,2709,1252400,6,5,8,8,10,5,10,10,62
H9GK7YEJ1,消耗品さかさま,RF5215M2U,スクステ同好会②,1218,13,2710,1252200,10,10,10,10,10,10,10,10,80
JUG9VT6R0,hy,8MDA3A0AK,イベント用,692,1,2711,1252000,9,9,9,7,8,8,7,7,64
L0PV7RXF7,ほんだ,UCF93JAPM,スワンプマン,1187,9,2711,1252000,8,8,9,6,9,9,9,10,68
KP0XK4DX9,すっとこどすこい,V4A5MP41E,徒町チャレンジ！,1118,3,2713,1251800,7,4,6,7,9,7,8,6,54
8KCT0A23W,バル,8R49BTWW6,蓮女お嬢様クラブ,1120,13,2714,1251600,8,8,8,8,10,8,8,8,66
KAMTT0WNJ,夏メキペイント,GLP0WPDRM,イベント用の泥,642,2,2715,1251400,4,5,8,5,7,8,9,4,50
HKG5L920F,okaP☆MGC,2ULM366U6,毎日がエブリデイ,1140,18,2716,1251200,7,10,7,7,8,10,9,10,68
K8NUIOH6S,アッツン,61DV78UAJ,モタスポクラブ,1662,18,2717,1251000,5,5,8,4,8,5,7,5,47
1RNVTK62H,くろあん,M8FM7P139,蓮ノ空ひとり旅部,1261,15,2718,1250800,7,8,8,6,8,9,9,8,63
K62M4WLKT,アルヘナ,0UT59MJ8U,かほすこ同好会,1383,17,2718,1250800,7,6,6,6,6,6,6,8,51
TR6SNK5YE,kame,GKR9TEBYC,毎日がホリデイ♪,1365,6,2720,1250600,7,7,7,5,8,6,8,8,56
F6CMMX4TW,ふも,RF5215M2U,スクステ同好会②,1133,12,2721,1250400,9,9,9,8,9,9,9,7,69
R5EXT9WC6,したむ,9YM3DBTB7,泥民館,1042,2,2722,1250200,10,10,10,10,10,10,10,10,80
Y00NWBHFP,ラフェルノ,WHWT61ELR,【無言】ハスノソ,1231,14,2723,1250000,9,10,9,10,10,10,9,9,76
VG3QY59G3,こまつな,W26TRPM1R,めぐ党藤島派,1239,18,2724,1249800,8,8,8,8,8,8,9,9,66
1NLWKNVGF,みるく,AND13836G,乙宗梢親衛隊,980,10,2725,1249600,9,10,10,8,10,9,9,8,73
25W9YGSKT,ぶん,W3F0URUJC,梢先輩応援団,1338,15,2725,1249600,10,10,10,10,10,10,10,10,80
JMPEK174K,しんしあ,CTW8DKV5P,まったり,1279,9,2727,1249400,8,9,8,7,9,9,10,10,70
27JFRY8KM,Via,UVK38MFR2,蓮の虚無サー,873,3,2728,1249200,10,9,8,5,9,8,9,9,67
TNA2WXGMX,きーくん,XE8513HNP,喫茶カワウ空✨,848,1,2729,1249000,9,3,10,2,3,10,2,1,40
HLMXHTKGB,たまき,FH7G62PKW,月火水木金土日,1272,7,2730,1248800,10,10,10,8,10,9,10,10,77
K4WPCPFUA,みちこ,8R49BTWW6,蓮女お嬢様クラブ,1229,16,2731,1248600,10,10,10,10,9,10,10,10,79
U1FG74EC7,piyopiyo,VN1LXEHLR,綴理、愛,1069,8,2732,1248400,10,8,10,9,10,8,9,9,73
G4B8CFE6U,あるみ,K2L5DCVNR,REAL,1076,6,2733,1248200,6,7,8,7,9,7,8,9,61
NR2KWK6XD,すずきさん,JTX1G19BP,さやかほ癒し会,1013,1,2734,1247600,8,8,10,8,9,10,10,9,72
111GQTNHR,しーぽん,J8HXTJ8TB,流し素麺同好会,1287,13,2735,1247400,9,9,10,8,10,8,8,9,71
QXUY100AW,SUPER-G,3LPBPHL3V,壁の民の伝説,1300,11,2736,1247200,9,7,9,6,7,7,9,9,63
C1WT81YT9,しば,WFPA7YJE1,蓮ノ空文芸部,1113,7,2736,1247200,10,10,9,8,8,9,10,10,74
0JFZAWH4T,あつもり,2NY9H8BR9,乙宗紅茶館,1365,18,2738,1247000,10,10,9,10,10,10,10,10,79
Z7CRWN580,アッキー,B5V2LNN43,WMW,1444,15,2739,1246800,10,10,9,9,9,9,10,10,76
4417MC5BF,ローカルサウンド,HWJ8XPW0T,箱推しなのだけど,1254,12,2740,1246600,8,10,10,7,9,8,9,9,70
FA4C0U7P4,主任,WN3625XFV,チーム自由,1373,14,2741,1246400,10,10,10,10,10,10,10,10,80
TQFNG8BHT,「ymtn」,NMT63RUDV,泥村,1221,11,2742,1246200,8,8,8,8,10,10,8,8,68
B8G6H9HEV,あんてり,GN1798YEX,ド!ド!同好会,1412,18,2743,1246000,10,10,10,10,10,10,10,10,80
KYB9CT2XY,たいよー,LAP2W049X,りんひな愛好会,519,0,2743,1246000,10,10,9,10,9,10,10,9,77
C81ZQ13D5,k,L1VGJTD5P,蓮ノ空お茶会部,1139,10,2745,1245800,6,7,7,6,7,8,7,7,55
6XGAF9J9B,ヒト,GYG7B5R36,幼馴染同好会,1322,16,2746,1245600,8,9,8,7,8,8,9,10,67
NH5EAYUVP,かもめ,V8PE7XEWX,松任工場を偲ぶ会,692,0,2747,1245400,7,9,8,7,10,7,7,8,63
7DKMEGBI6,ほかほかさやかほ,05KN1RR3U,さやかほ花卉園,1596,9,2748,1245200,10,10,10,10,9,9,10,10,78
6YOU657UG,宝生永夢,5KK3DFY18,MUGEN∞,1311,3,2749,1245000,9,8,8,6,9,7,9,10,66
U1CP97K3A,TK44,1D7T2UXC2,無言でのんびり,1171,1,2750,1244800,9,8,10,6,8,9,10,7,67
33WLCC6U3,ASUKA,A3472CNJE,ハントン✿ライス,1077,7,2750,1244800,8,9,10,6,9,8,8,8,66
7ELOYMVYM,KUOTA,YD2XWWFA4,蓮好き好きクラブ,1285,3,2752,1244600,8,9,9,9,10,9,9,10,73
TDP9T3YV9,かなり,WTJV514G9,蓮ノ空のお弁当屋,816,2,2753,1244400,8,7,6,8,6,4,7,7,53
LFT42AX21,ふぃる,GN1798YEX,ド!ド!同好会,1226,10,2754,1244200,7,7,8,7,8,8,7,6,58
FBMMG2GN2,りっひ,PMME7169X,蓮っ子動物園,1020,6,2755,1244000,8,8,9,7,8,7,8,9,64
88VT23PV2,星のアラシ,CEP973KKU,スリブ好き好き会,942,4,2756,1243800,8,8,9,7,7,8,8,7,62
05MUU458T,Kakeru,GR65FP8VN,蓮好き,1196,18,2757,1243600,8,9,9,7,9,8,8,9,67
YR5WZBFHE,L,HBK6KCRPP,無言でおけ,1117,13,2757,1243600,7,8,8,6,8,8,8,7,60
HXNT169GH,きつかわ橘川,919XF8V2V,蓮之空大三腳,471,0,2759,1243200,7,6,6,6,4,6,5,7,47
7RJPE6GKC,さきてぃ,D7H8MN2U4,LLD,1459,15,2760,1243000,10,10,10,10,10,10,10,10,80
H72A59R4Z,????????,N34LHVJKN,のんびり堂,992,0,2761,1242800,3,5,5,6,6,5,7,8,45
31GWXMY70,ソアラ,HBM31HMUY,YUKIZURI,1290,9,2762,1242600,10,8,8,8,9,9,10,10,72
41CZGSH71,Akanasu,KFC62L0FV,ねるねる同好会,1239,7,2763,1242400,8,8,9,7,8,7,8,8,63
MJXT05669,しんちゃん,ERVDJMHPF,敦賀第二機関区,1071,7,2764,1242200,8,8,8,8,8,8,8,7,63
FD951GM49,ばれんてぃん,PH0YEPJD8,蓮ノ空北國金沢,1014,2,2764,1242200,8,8,8,7,8,8,6,5,58
G7G5TJ07C,ろんぐ,9FF5JBNDF,めぐすきクラブ,1222,0,2766,1242000,9,8,8,7,9,9,10,10,70
KEA9AE70L,Fesia,0XUV5025C,めぐめぐバブり隊,1227,5,2767,1241800,10,9,8,9,7,6,8,8,65
NCVB7VCJP,つきみ,YDYH4VRRP,レンクウ,1185,1,2768,1241600,10,9,10,8,7,7,10,9,70
JFTAHF2B5,たこる,KXB93FVTR,ブルームガーデン,1059,5,2769,1241400,8,7,7,5,8,7,7,7,56
6MSR6I1NC,ユキ,KC1W74B9B,蓮六園,1046,2,2770,1241200,8,9,9,8,8,8,8,8,66
08KU92X2M,OИE,CV62FGL1U,花咲かせ隊,1397,18,2771,1241000,10,10,10,10,10,10,10,10,80
P99AB6MVA,ガッチ,F2M746D4B,頑張らないクラブ,717,2,2771,1241000,7,7,7,4,7,8,7,7,54
Z3OQL4DJD,takkii,G6EH0KHT7,なんもわからん,1232,13,2773,1240800,9,9,10,5,9,8,10,10,70
6DKF15F81,UH,HB9AU9DJJ,聖心党,1194,17,2774,1240600,10,10,10,10,10,10,10,10,80
VJCNDJH23,けいせん,UCF93JAPM,スワンプマン,1296,5,2775,1240400,10,10,10,8,9,10,9,9,75
CC59NV31E,べー,X7C21B7H7,泥,1315,14,2776,1240200,6,7,8,7,7,5,8,8,56
1R9Y77BVF,n.k,EPWMMAXNY,蓮ちゃん初心者,1247,16,2777,1239800,10,10,10,10,10,10,10,9,79
EU6AA5CWB,Tell_Inc,R083H7WRN,サークル無言,1070,5,2777,1239800,6,9,8,6,9,5,10,10,63
HE0KS47VD,サボちゃん,EECF9C0N3,蓮ノ空　茨城分校,1184,1,2779,1239600,9,8,9,6,8,8,8,8,64
4O2EM1JK9,ケニー,48GTYR1VB,ハラショー！,1065,13,2780,1239400,7,10,10,5,8,9,9,8,66
BJTK5XOHC,やや,CTW8DKV5P,まったり,1435,17,2781,1239200,10,9,9,8,7,7,8,8,66
A3GWMGP35,カ,FH7G62PKW,月火水木金土日,1186,8,2782,1239000,7,6,6,7,7,8,8,8,57
7TU8DLKHN,蓮音天,CTW8DKV5P,まったり,1101,3,2783,1238800,8,7,9,9,9,8,10,10,70
PJXFM51Y2,カシン居士,ULUELCJ7T,なるようになる？,1237,5,2784,1238600,8,9,10,6,8,8,9,8,66
8PO71UMCM,エモいナ,T8X0G07YB,なければ立てる！,1471,8,2784,1238600,10,10,10,10,10,10,10,10,80
WAP5Y9RMW,old,0FMM30LCA,無言,539,2,2786,1238400,10,10,10,9,8,10,10,10,77
B19R6K9CH,みど★みど,F8MLHU2NV,乙宗梢様､､､,1379,15,2787,1238200,10,10,10,10,10,10,10,10,80
41R2AG7HK,テリヤキ,DKNHY5HH6,なす料理研究会,1076,11,2788,1238000,7,9,9,6,9,7,9,8,64
PD9U9BGR0,秋ナスの木,N7GLY2RUW,百生銀行,600,0,2789,1237800,2,4,10,10,9,3,9,10,57
89G6L7YM4,iroha丶,919XF8V2V,蓮之空大三腳,1158,5,2790,1237600,8,10,8,7,10,7,8,7,65
0DYHD91BE,明日賽,G0WRCNRWK,県立沢庵図書館,1495,11,2791,1237400,10,10,10,8,10,10,10,10,78
1MGWOAM55,やよし,5KK3DFY18,MUGEN∞,1468,14,2791,1237400,10,10,10,10,10,10,10,10,80
W4FZYODCZ,さばかん,N8L41JAA7,無言 ノルマなし,1173,16,2793,1237200,10,10,10,8,10,10,8,10,76
PMYVAGWV9,エト,G6EH0KHT7,なんもわからん,1283,1,2794,1237000,9,10,8,7,10,9,9,8,70
YAGTT9WDD,夕立@めぐ党,6045Y2RW7,ポチっと！蓮ノ空,1096,18,2795,1236800,7,10,10,6,10,6,10,10,69
V7BD7GG3N,てつ,AXG81GPMP,蓮ノ空マタギ部,1117,0,2796,1236600,10,10,10,10,10,10,10,10,80
3BUNFP8IH,あやっち,Y6JNPC60C,綴理メイト,1337,11,2797,1236400,9,10,9,8,9,9,8,8,70
CB07BEGGR,チェケラんどう,X7YM9EG8K,伝統の石川地酒,1257,0,2798,1236200,10,10,10,10,10,10,10,10,80
521MU0XLT,ぬえ,CM5THHYHB,「」ノ空だけれど,1312,18,2798,1236200,8,9,8,8,9,9,8,8,67
CCUAGD896,かさ,KHAKJKC0A,のんびりまったり,1084,5,2800,1236000,10,9,8,8,8,8,9,10,70
76TMLS8QC,みこたん,CXG25026E,泥のみんなS,1256,3,2801,1235800,6,8,10,6,8,8,8,10,64
8XG4DF1GK,よこ,2AUM7L9BW,蓮初心者クラブ,669,2,2802,1235600,10,10,10,10,10,10,10,7,77
WFEHMHLAC,藤なんちゃら,D7H8MN2U4,LLD,1160,4,2803,1235400,10,10,10,10,10,10,10,10,80
7XH0EA57B,銀河mk2,PT1LVG3UG,華鳥風月,1294,4,2804,1235200,10,10,10,10,8,10,10,10,78
YXELCDTC5,みそしる。,1YLFFXC1E,安土桃山時代,1105,9,2805,1235000,9,8,7,6,8,10,10,10,68
QYHPVIYV9,ロクレン,T2XRMGEAE,蓮根無言会,1051,3,2805,1235000,8,10,8,10,8,9,7,9,69
KWJJT8M7P,りちゃん,G59NGM0XA,シュリーレン,957,2,2807,1234800,7,7,6,5,6,5,6,9,51
B9EGXV8LE,まつ,RMUU3AH3X,蓮ノ空広島県支部,1325,3,2808,1234400,10,10,10,7,10,9,10,10,76
RVCURAXF3,めっち,CT8XW752X,蓮ノ空写真部,1276,12,2809,1234200,9,10,8,7,8,8,8,7,65
012BNWGD4,rice,YWN5T422X,Hagukiねこ,355,2,2810,1234000,6,7,6,4,6,6,6,6,47
ZQSNNQLAG,ぴぃ,2NY9H8BR9,乙宗紅茶館,1493,3,2811,1233800,10,9,8,7,10,10,10,10,74
5SXCHU3EV,まさまさ,HBM31HMUY,YUKIZURI,1316,16,2812,1233600,9,8,10,6,9,9,8,8,67
CBD22DA6L,イサミ,4RY75CKM4,LLすこ部　メ募,1054,2,2813,1233400,9,6,7,5,6,6,9,8,56
JX41CPFEV,美晴,N3YMU1HNU,サークル名を入力,987,4,2814,1233200,9,8,9,7,10,8,7,8,66
EOWWHMVU8,みかのん!,KGDNX3EF3,ENcircle,1270,12,2815,1233000,10,10,10,10,10,10,10,10,80
C2MJSUC5G,从c*・ヮ・§,N8L41JAA7,無言 ノルマなし,1272,2,2816,1232800,6,6,8,6,8,7,9,10,60
VFMN58434,LLO,HKETDDCK6,ぼっちざ蓮!!,1135,17,2817,1232600,9,10,10,10,10,9,10,10,78
RF8EWDHPH,みなと,N1DJVPGP8,いつでも咲けるよ,963,10,2818,1232400,8,8,9,7,8,9,9,10,68
YL99N1K7L,和田　豊,4RY75CKM4,LLすこ部　メ募,1255,8,2819,1232200,8,8,9,8,9,8,7,8,65
K63R4H61A,まさ,ABALH0AL3,楽園計画,922,2,2820,1232000,9,7,9,10,9,9,9,9,71
XI6I79HEL,サクナメモワール,8EP8BFEV7,蓮ノ空女子野球部,1094,7,2821,1231600,10,9,10,10,8,9,9,9,74
UF89MCNVB,だめたろう,R1RM3X0WV,後方腕組みオタク,1133,9,2822,1231400,8,10,10,8,9,9,10,10,74
NLLT8V6EJ,しょうゆ,MKUXK0AAY,閑古鳥,642,3,2823,1231200,10,6,4,6,2,8,6,2,44
DPX74MYW3,KPP先輩,6WJW7R1TD,さやこずノ休日,964,4,2823,1231200,8,7,7,8,9,8,8,8,63
D0N3R7B80,ふらわい,N83DW3NYG,†極最強倶楽部†,964,1,2825,1231000,8,7,7,7,7,7,7,7,57
NJJF7FLCV,しらたき,2NY9H8BR9,乙宗紅茶館,1002,3,2826,1230800,9,8,9,7,9,9,8,9,68
L5FWMMCWN,さやか推し,T045NDKW0,♬さやか愛好会♬,1523,10,2827,1230600,10,10,10,10,10,10,10,10,80
O8R6M8UP4,たけうま,ABU58EVJ2,Quatuor,1381,13,2828,1230400,10,10,10,10,10,10,10,10,80
YFVSHEQZI,いお,PLBBEX019,待機室目指し隊,1364,5,2829,1230200,9,9,9,8,10,10,10,9,74
0K636THUY,saikusu,BW38LDPRF,蓮浦の星空,1270,8,2830,1230000,9,9,9,9,9,10,8,8,71
R9FM17334,ころろろろ,KFC62L0FV,ねるねる同好会,1186,7,2830,1230000,7,7,9,6,7,7,8,9,60
RUPPM0KC6,ティーガ,L1VGJTD5P,蓮ノ空お茶会部,936,4,2832,1229800,7,7,8,7,10,7,8,8,62
B6FUBWG92,ヒカル,0CEA9XFKR,蓮ノ空の泥人会,755,4,2833,1229600,5,6,2,5,4,4,4,9,39
R9VEJAA28,らいは,YDYH4VRRP,レンクウ,554,2,2834,1229400,6,9,7,6,10,10,8,6,62
FS4198Z1L,ぱこぱこまる,TM19BMU7C,ソロプレイヤーズ,1136,4,2835,1229000,8,8,7,8,8,7,7,9,62
TPGUUOWNL,どんぱ,FK5MUK0ET,くる♡すきクラブ,1267,9,2836,1228800,10,9,10,9,10,10,9,10,77
OJG4FDHPU,ボルシチ,2KJ2UEC3P,ういちゅけクラブ,1303,13,2837,1228600,10,9,9,10,10,10,9,9,76
TH6YBMAER,肉プルーン,G0J2F9NAL,さやさやさーくる,1381,18,2838,1228400,2,6,10,9,10,10,10,10,67
72WV8KO9H,だいきん,KBJ2P8T0Y,人見知りの集い,1276,15,2839,1228200,9,9,9,8,9,8,10,10,72
5WCN9T93E,あげどり,JVUNVCT8P,梢先輩のASMR,758,2,2840,1228000,6,5,5,1,9,5,5,5,41
XPVK85R6U,ナギ,CXG25026E,泥のみんなS,1301,3,2841,1227800,7,7,8,7,8,7,7,8,59
QEVN5E2PF,ブレイヴ,KULVP7FDR,アニマル分室,1307,15,2842,1227600,7,8,10,8,8,10,10,10,71
6HH8HG3CX,ろくがつ,8R49BTWW6,蓮女お嬢様クラブ,1015,6,2842,1227600,10,10,10,10,10,10,10,10,80
64V095WF1,れいん,79C17CHA2,蓮ノ空出張部,1184,8,2844,1227400,8,6,7,6,7,7,8,8,57
MC3RVCA0L,Kazuz,AAHB7C276,HaCordVN,644,1,2845,1227200,7,8,8,8,6,8,7,7,59
BM5T77G16,RSAT721,BPHHYC793,ソロ専の集い,828,4,2846,1227000,7,6,9,7,7,7,8,8,59
JBOCD3MG8,りす,L1VGJTD5P,蓮ノ空お茶会部,1195,7,2847,1226800,10,9,10,8,10,10,8,8,73
3ETKWPKTC,KAHO,JKAYY0KXL,自由！開心！,1151,18,2848,1226600,9,5,7,4,10,6,10,10,61
86FM6E7BE,あぽめしTV,3BE2RELRC,見晴台,1244,4,2849,1226400,8,8,8,9,9,9,10,10,71
M3MIQCUYF,56,HBK6KCRPP,無言でおけ,1171,3,2849,1226400,7,8,8,8,6,7,8,8,60
J7603HXDR,Harurun,AGJ215YND,蓮の空中國分校,1011,2,2851,1226200,7,6,8,4,7,7,7,7,53
E0EHXNWLE,リンクロス,KFC62L0FV,ねるねる同好会,1188,10,2852,1225800,9,10,9,10,9,9,10,9,75
L09HKBMPL,eru,2NY9H8BR9,乙宗紅茶館,1170,10,2853,1225200,8,8,9,8,10,10,9,10,72
YXZEJMR8S,タイムタイラント,VP0K6KF0K,蓮ノ空大好き!!,1259,18,2853,1225200,9,8,9,7,10,8,9,9,69
KUBMB2477,きゃむ,NJBBTCY3A,かにかに！,1003,2,2855,1225000,6,7,7,6,9,6,6,7,54
4MYGMM92F,トリガー,JWUL2T36L,チーム初心者,1165,18,2856,1224800,10,10,10,10,10,10,10,10,80
CINHGY203,村雨丸,7U20138DB,LGP,1290,15,2857,1224600,10,10,7,8,10,10,10,10,75
6VCG605UG,有楽町,9GDHWXGVG,ルリと花咲く毎日,1010,13,2858,1224400,7,7,6,5,7,7,7,7,53
RLCCD6MMU,ジョバ,R1RM3X0WV,後方腕組みオタク,1003,0,2859,1224200,7,4,6,7,6,5,7,8,50
F2WDPD8J8,花若欣,J800VVPTN,Aqours,1013,1,2860,1224000,5,7,8,5,6,7,6,7,51
EN5UNTDGP,ぬるま湯,GW4CH70HK,TKG同好会,1049,2,2860,1224000,4,5,3,3,5,2,2,2,26
37FC7JVO8,しゃけの,58FD7UF8J,としとしサークル,1235,13,2862,1223800,8,8,9,8,8,8,8,8,65
732ZWKTO4,直角,H6JWBBGCG,蓮天・乙宗一心流,1096,13,2863,1223600,8,8,8,5,7,7,7,7,57
WJKT5Q7AE,とし,T8X0G07YB,なければ立てる！,1523,16,2864,1223200,10,10,10,10,10,10,10,10,80
C9JIDED15,清水 恵,X8CVE2HNF,私ののぞみ,1370,8,2865,1222800,10,10,10,10,10,10,10,10,80
4RDJIJ4KM,ノラこま,G59NGM0XA,シュリーレン,1226,16,2866,1222600,6,10,6,7,6,10,7,6,58
GYDNPMHEN,ねる,948FLPMPN,まったりハス煮〜,992,7,2866,1222600,10,6,9,6,8,10,8,5,62
PI43ZYSVG,ゼロオル,GVT61ATX0,なのだけれど,1338,0,2868,1222400,8,8,9,8,7,7,8,6,61
XV3RGPG2C,むらしー,Y6JNPC60C,綴理メイト,1135,11,2869,1222200,8,8,8,6,8,9,7,10,64
5JHRXB1GK,あおこる,0FMM30LCA,無言,295,0,2870,1222000,10,10,10,10,10,10,10,10,80
MKRT2REM7,テア,GC2LB58KB,ゆきみかん,709,0,2871,1221800,7,7,9,5,8,7,8,8,59
VAHE9G9K8,はー2,JDAG79TG7,百合ノ空観察部,1160,12,2872,1221600,8,9,9,8,10,9,8,8,69
JWK0F6B8A,あば,5V9TDD4NF,みんはや蓮ノ空部,1011,6,2873,1221400,7,8,9,6,6,7,8,8,59
RHC6172WL,ぽちーず,6D49YVAT7,ユニット愛で隊,1383,16,2873,1221400,8,6,8,8,7,7,8,9,61
T1LNX4A3H,こうhaya,1F5EPPMLD,UR貰えればいい,919,5,2875,1221200,6,8,8,6,8,7,8,8,59
7R1SZ5PEX,Yuuki,NC2YT2V28,蓮之愛同予者何人,1277,15,2876,1221000,7,8,10,6,8,7,8,8,62
IJE2PAYVU,びばんだむ,8ARWEB67F,蓮ノ空れぎゃ米部,1328,18,2877,1220800,8,6,9,6,8,6,8,6,57
HWACPEW7I,うーどん,828YTYAA9,箱推し社畜の部屋,1134,14,2878,1220600,7,10,8,7,10,7,10,10,69
0DC74BY7M,まさキャロ,2ULM366U6,毎日がエブリデイ,1387,15,2879,1220400,10,10,10,10,10,10,10,10,80
F757VX7UM,せと,WFPA7YJE1,蓮ノ空文芸部,1131,0,2880,1220200,8,8,8,7,8,7,7,7,60
E1W0L0P26,こずセラの夏,6YTAMD33M,リリエンフェル党,347,0,2880,1220200,7,8,9,7,7,8,5,10,61
4UYETBB6Y,まほにゃん,MTBP3B4GM,ふらわーすきすき,1157,1,2882,1220000,7,8,8,7,8,8,6,7,59
O3DN8GJGI,シャンハイ,VU0UYYA8K,蓮ノ空日野下厩舎,1002,9,2883,1219800,6,6,7,6,6,7,7,7,52
6YGRB1TYP,샛별,HB9AU9DJJ,聖心党,1171,13,2884,1219600,7,10,7,8,10,10,10,10,72
5EGK0BFSO,なおすけ,BW38LDPRF,蓮浦の星空,1391,18,2885,1219400,9,9,8,9,10,10,10,10,75
LLFG2WXVK,MOTTI,C8WCYKBU4,蓮,942,2,2886,1219200,10,10,10,8,10,10,9,8,75
0KJDJRG7K,葉山家のぬい5号,B2KV0EVPD,蓮ちゅきクラブ,999,5,2887,1219000,10,10,10,10,10,10,10,10,80
IJSXKVPN7,くましら,HBK6KCRPP,無言でおけ,1263,0,2887,1219000,9,10,9,8,10,8,10,8,72
GG5LYRKPK,yuki,8R49BTWW6,蓮女お嬢様クラブ,1267,8,2889,1218600,10,9,10,8,10,10,10,10,77
1KCG500P9,久遠なな,U0N57LDY5,くさ・みずタイプ,1003,9,2890,1218400,10,10,10,10,10,10,10,10,80
NUL2YYVB2,にごまん,2NY9H8BR9,乙宗紅茶館,1052,5,2891,1218200,5,4,8,4,7,6,7,10,51
MMQ9SKZMR,"赤福oNM,",73CBYJYB0,"oNM,",1499,15,2892,1218000,8,7,9,7,9,8,9,8,65
8FM01YL4A,リオス,2B97MH4YA,同じ話し何回も…,664,4,2893,1217800,10,7,10,6,9,6,8,7,63
T8G9751YG,あやた,RXXUPMWB9,待機室跡地観測所,1253,8,2893,1217800,8,9,8,8,8,8,10,10,69
7XMCUNJF8,まぐ,Y2R7E79U3,カワウソ同好会,1154,10,2895,1217600,8,10,8,10,10,8,10,8,72
RX7E27J6X,アオノ,TBL5BPL2T,蓮ノ空と明日の空,1237,1,2896,1217400,10,10,10,10,10,10,10,10,80
CMDND21FV,まぜっぱ,0UT59MJ8U,かほすこ同好会,1348,7,2897,1217200,10,10,10,9,10,6,9,10,74
96F6MNMCM,uk,G26L2CBRC,悠々自適,1144,9,2898,1217000,8,7,9,7,7,7,7,8,60
GARL762FP,ICH,MVMP6NNXD,空き時間らくがき,1225,8,2899,1216800,7,9,8,5,9,4,8,8,58
VCHLJNHL2,かうどん,P2J37FNLG,乙宗先生指導会,1168,3,2900,1216600,1,6,7,5,10,6,2,7,44
FB2UK012N,3rdeye,CTW8DKV5P,まったり,1377,11,2900,1216600,9,10,10,8,8,8,9,9,71
WHE94E3R1,朝倉恭一,V26546K3D,乙宗気合筋肉,1061,12,2902,1216400,5,9,7,5,7,4,6,5,48
6CE9TCMQ2,トーヤ,XJK5GD94X,フリーダム,1279,1,2903,1216200,9,10,10,7,10,10,10,10,76
7MNTLTUH9,湾上黒百合,N83DW3NYG,†極最強倶楽部†,1035,8,2904,1216000,6,8,6,7,6,8,10,10,61
4PP6L2TC1,ソラ,0CBM28JP6,ほうき星,1273,4,2905,1215800,8,7,9,8,7,8,9,8,64
YBRZQWVP5,てゃかみ,YUVK7R51W,萌え萌え倶楽部,1245,16,2906,1215600,9,9,9,8,8,9,8,9,69
F5WMLDF6M,たなか,K8C99H42D,ルリと喜ド！愛楽,1017,0,2907,1215400,8,4,7,4,9,8,8,9,57
5PJMVDK3N,せかい,CRXN961YF,ビギナーズラック,693,0,2907,1215400,7,7,8,7,7,6,6,8,56
TX8VZDBGI,てるい,L03EYDUJB,梢に芽吹いた蕾,1329,3,2909,1215200,10,9,10,8,10,10,10,10,77
PM123V7Q5,ふわメリ,HBM31HMUY,YUKIZURI,987,8,2910,1215000,4,6,7,5,5,4,6,5,42
WEHRAUT5W,詩音,WCL6R1ANU,無所属の会,1350,18,2911,1214800,10,10,10,10,10,10,10,10,80
TEF8ARDKV,麦茶,UYCT3Y4JK,蓮っ子,1044,3,2912,1214600,10,9,9,8,10,8,9,9,72
4JKRPBA7G,ころも@めぐ党,JDAG79TG7,百合ノ空観察部,975,3,2913,1214400,8,4,5,4,6,4,5,7,43
5D66Y89MR,桃皮,W2RUWYA8R,熱血音ゲー部,899,3,2914,1214200,9,9,8,6,5,5,6,7,55
25RHRYIG9,にし,YN8B5JGWA,我思う故に我あり,1267,2,2914,1214200,9,9,9,7,8,8,9,8,67
B2ACV9G2B,chiso,KULVP7FDR,アニマル分室,1053,11,2916,1214000,5,6,7,5,7,6,7,8,51
G82CRBLVD,ひめぎん至上主義,CCACL2CMM,無限城,1161,18,2917,1213800,10,10,10,10,10,10,10,10,80
LU4OX4N8S,ZANE,03MPRFH8C,川越総本部,1169,10,2918,1213600,4,4,9,4,6,7,9,9,52
Y675VB6DV,蓮ノ空ちぇすとー,05KN1RR3U,さやかほ花卉園,1058,8,2919,1213400,8,9,10,7,9,9,7,7,66
P2MJB28G7,Can,APD9U5CFA,立ノ空スクステ部,1102,9,2920,1213200,7,7,9,5,7,8,6,4,53
S8OW4YBAS,dhrs,8FR866PRY,蓮っ子みらくラブ,1205,18,2921,1212800,10,9,9,9,10,10,9,8,74
HCROHBDK4,めんつゆ,8YDE8BXJT,ずんだシェイク！,1089,2,2921,1212800,6,6,8,5,6,6,8,7,52
7MPJD915F,しゃけ,BKUHCT7WF,蓮女お嬢様部,1019,2,2923,1212600,5,8,8,5,7,7,6,6,52
3J606WX9U,dhidhi,N8L41JAA7,無言 ノルマなし,384,0,2924,1212400,6,7,8,6,8,7,7,8,57
NH7989LD7,やかん,TBX7N9RK5,つよつよなLH,1137,2,2925,1212200,8,8,10,8,10,9,9,10,72
JBECGPBDB,えれか,05KN1RR3U,さやかほ花卉園,814,4,2926,1212000,8,10,8,7,8,7,6,8,62
QT144ZQM2,結城,0EL43A30P,こころのいろは,1042,10,2927,1211800,5,5,7,5,10,8,8,6,54
Q67XTYECL,ソウゴ,X33HHA9F8,アルストロメリア,1086,14,2928,1211600,10,10,10,9,10,10,9,9,77
CGWOHULSZ,ばたーらーど,NN4U6NV2W,蓮ノ空好き好き〜,1519,3,2928,1211600,10,10,10,10,10,10,10,10,80
769EY8FXW,シュート,HMBW9DXY2,蓮好き皆あつまれ,1504,17,2930,1211400,10,10,10,10,10,10,10,10,80
CTZDFU6ZO,ねこあゆ,07JW71HWG,良いチケで観よう,1158,12,2931,1211200,9,8,8,5,8,8,7,7,60
5EH053XM0,❃,B5RB6PDGT,人見知りクラブ,646,0,2932,1211000,7,8,8,6,7,7,7,9,59
2G7Y0T17Y,ハイライトブルー,2NNRA5CW6,黒髪ショートの会,626,0,2933,1210800,7,8,8,7,8,8,7,7,60
6DW7GS7GA,kei02,57HNJ07NK,みらぱ推活最前列,1303,14,2934,1210600,8,7,8,4,7,7,8,7,56
OTSV8JIJE,オトメザ,HWJ8XPW0T,箱推しなのだけど,1118,13,2935,1210400,6,6,9,8,9,8,6,8,60
17AC8U9H7,めぐる,VLY5JDKCV,新規なのだけれど,1019,11,2935,1210400,8,9,8,9,10,9,8,6,67
5PRGNWVYN,okmt,EECF9C0N3,蓮ノ空　茨城分校,799,2,2937,1210200,6,10,10,8,10,10,10,9,73
08TTH5N8W,ぷにっしゅ,17DM6L40G,なんでやろ８番,1392,3,2938,1209800,10,10,10,10,10,10,10,10,80
4H00B95RF,牛田 全,J8HXTJ8TB,流し素麺同好会,1123,7,2939,1209600,9,8,8,8,9,8,8,8,66
Q084QHT3Z,学生A,PH0YEPJD8,蓮ノ空北國金沢,1472,16,2940,1209400,10,10,10,10,10,10,10,10,80
VKVTEJDV4,たらこパスタ,828YTYAA9,箱推し社畜の部屋,932,1,2941,1209200,6,6,10,7,9,6,5,9,58
67M7IXJIY,諏訪花雨,NC2YT2V28,蓮之愛同予者何人,759,5,2941,1209200,8,10,8,7,6,6,7,7,59
P1NGK9I41,ラピート,DHKUGEWBJ,めぐ党虹ヶ咲支部,1249,17,2943,1209000,6,7,7,7,7,8,7,7,56
67NKLBLP3,ハル,CWPWP1266,さすさや,1125,3,2944,1208800,9,9,8,8,9,9,8,8,68
5WHJHQCU2,かく,N8L41JAA7,無言 ノルマなし,1262,17,2945,1208600,7,8,8,6,8,6,8,8,59
FDKWL2J7G,キーカ,6045Y2RW7,ポチっと！蓮ノ空,1183,9,2946,1208400,7,7,10,7,10,8,8,9,66
FSEH1ZGCC,ケイ,3FF3NB77X,せーはす愛好会,1134,6,2947,1208200,7,8,7,7,8,7,8,7,59
56NB3GXAG,げんくま,N1DJVPGP8,いつでも咲けるよ,992,6,2948,1208000,6,10,8,6,6,5,9,10,60
NT48TEY6L,ハーメルン,3A63DYH54,LLすこすこ部,1069,5,2948,1208000,4,4,8,5,6,7,7,8,49
94KELJTQ6,窓,HBK6KCRPP,無言でおけ,1318,15,2950,1207800,8,7,8,8,9,8,10,10,68
2L5ZFLT5Y,現代貨幣理論,GKR9TEBYC,毎日がホリデイ♪,1332,17,2951,1207600,5,4,7,5,10,6,6,10,53
2JN1JV70P,インディ,8MLVA67AK,聖ミリオン女学園,961,0,2952,1207400,7,8,8,5,4,7,7,7,53
RJG6BHCRD,ソイ,C0NDBKMRB,すりぃずぶぅ家,1301,9,2953,1207200,8,8,8,8,8,8,9,10,67
RP68X0H0M,普通NEKO,N94LEWF2D,無言よわよわの会,1331,3,2954,1207000,9,5,9,4,8,7,7,7,56
713LJLM9P,ゆでたまご,XE8513HNP,喫茶カワウ空✨,1108,15,2955,1206800,6,4,4,4,5,4,4,1,32
L7ZAVOJ1R,葉月,2DYYAPFVN,蓮っ子村,1289,12,2955,1206800,8,9,10,8,7,7,9,10,68
WCW3GG0TJ,パスタ,KFC62L0FV,ねるねる同好会,1324,8,2957,1206600,7,9,10,5,9,10,8,9,67
GBWYVNWF1,ゆうし,07JW71HWG,良いチケで観よう,1371,9,2958,1206400,10,9,9,9,10,10,10,10,77
J4C9WXDD3,ぽん,V830CTTX3,日野下後輩,1047,9,2959,1206200,10,8,10,10,5,9,8,9,69
TR34AYUGM,えふ,BTVC9G95X,FES用,1148,11,2960,1206000,8,8,10,9,10,9,9,8,71
G42764ZEJ,マモ,HBK6KCRPP,無言でおけ,1253,8,2961,1205800,7,6,8,7,10,8,7,8,61
R5JDVB84H,人参丸,GVT61ATX0,なのだけれど,920,0,2962,1205600,5,5,8,8,1,3,8,8,46
BKUMXWUFL,ひらや,948FLPMPN,まったりハス煮〜,888,3,2962,1205600,10,8,10,8,10,9,8,9,72
ORYI1IWJW,みゅう,BELCUYCMH,蓮hkg香港分部,1166,17,2964,1205400,7,6,8,9,9,10,10,10,69
XUMXWY6XW,ろんろん,KBJ2P8T0Y,人見知りの集い,641,0,2965,1205200,8,7,10,6,9,7,6,10,63
P74GVCXEP,メレまる,JWUL2T36L,チーム初心者,1078,4,2966,1205000,5,10,6,7,10,8,4,4,54
02E422SBP,おしゃん,9DKR4Y2CJ,蓮ノ空老人会,1512,15,2967,1204800,10,10,10,10,10,10,10,10,80
U5H26BL94,arium,N7GLY2RUW,百生銀行,665,0,2968,1204600,10,10,10,10,10,10,10,10,80
YNLYR8JC4,やんぴー,JY79RPB1D,リンクラゆる部,1278,6,2969,1204400,10,6,8,6,10,10,7,7,64
BCD0YERF9,たつ,72XD3ER0M,まったり,1229,13,2969,1204400,7,8,10,6,7,7,8,10,63
7GDDHSKDH,憧れのやくも,2L4HJXUUR,アマ研ガルパン班,1183,14,2971,1204200,7,7,8,6,9,8,10,9,64
MOFJQHVV8,ユキ,2KJ2UEC3P,ういちゅけクラブ,1405,18,2972,1204000,7,7,8,6,8,7,7,8,58
058NPDFBK,shiro,9UKKACGDU,蓮っ子CLUB,1269,16,2973,1203800,7,7,8,8,9,10,8,8,65
NHEX8MVBN,あんか,HE0GK3EPE,瑞蓮プロカ倶楽部,1004,10,2974,1203600,10,10,10,9,10,10,10,10,79
VE8W5MFCZ,すぬ〜か,7D5W8V5UD,v..v,1145,0,2975,1203200,1,2,3,2,7,8,8,10,41
02M9C85BG,たいやし,G59NGM0XA,シュリーレン,1080,9,2976,1203000,10,10,10,10,10,10,10,10,80
NYLXAAPBC,はなさき,KXU941RFJ,梢先輩おめでとう,1165,1,2976,1203000,8,7,7,7,7,7,7,9,59
G5XP7HP0M,白聿,AWFDLJ1HC,小蓮花（重生版x,1219,12,2978,1202800,8,5,8,4,7,7,5,4,48
R1G94275R,けい,RN5BT2ECF,泥,977,1,2979,1202200,7,6,5,10,10,6,10,10,64
W324V1AD2,あやせ,Y7KJ3PM8P,蓮すきすき同好会,1300,12,2980,1202000,6,7,10,7,7,7,7,8,59
Q4WL39YZJ,Rigon,1F5EPPMLD,UR貰えればいい,989,3,2981,1201800,9,9,10,7,10,7,10,10,72
M2PEANDE6,青欞兒丶,AE3L01V24,LOVE蓮ノ空,1026,5,2981,1201800,6,6,8,5,9,7,8,9,58
L06R595XE,まぁと,07JW71HWG,良いチケで観よう,1160,17,2983,1201600,7,9,8,8,10,7,10,10,69
83FJ498LO,くれよん,TKVR3KU7L,ネギトロTKG,1158,7,2984,1201400,1,4,7,4,5,4,2,4,31
S99ZO99XN,ななに,BCJRMHE75,梢すきすきクラブ,1432,9,2985,1201200,7,6,8,8,7,7,6,9,58
J1BULTYGL,けいすけ,X33HHA9F8,アルストロメリア,560,0,2986,1201000,3,10,6,2,9,1,6,7,44
TAE0BR8R7,駄犬,NMT63RUDV,泥村,1078,0,2987,1200600,7,7,8,7,8,8,8,7,60
MNVF5G0UB,イースト,8J1GJT2BC,近畿の大金沢,1373,6,2987,1200600,10,10,10,10,10,10,10,10,80
C2NMDFKG4,金木犀,919XF8V2V,蓮之空大三腳,1078,12,2989,1200400,5,6,8,7,8,9,8,9,60
ZXSEHBX6O,てろてろ,9FF5JBNDF,めぐすきクラブ,1348,18,2990,1200200,10,9,9,10,10,10,10,10,78
VB8HFK55S,Bro通,BCJRMHE75,梢すきすきクラブ,1208,16,2991,1200000,9,9,9,8,10,9,9,10,73
H9VCMCRRK,cho6sk,9YM3DBTB7,泥民館,720,2,2992,1199800,10,10,10,7,10,10,10,10,77
2V1Y2WG9L,ちびすけ,2ULM366U6,毎日がエブリデイ,1273,6,2993,1199600,9,7,7,8,8,9,7,7,62
T6C6KR4TK,ノア,A86FEX2JC,おやさいさん,1048,14,2994,1199400,9,9,9,9,10,9,9,8,72
ER452NG6G,櫻田杏,N8L41JAA7,無言 ノルマなし,904,4,2994,1199400,7,6,9,8,7,9,8,8,62
DPGG6PPYT,うおちー,YVV9CMBLW,東京公演で沼落ち,1131,12,2996,1199200,10,10,10,10,10,10,10,10,80
80BU4H1DL,あわき,V6DV6KETG,梢好き好きクラブ,1095,4,2997,1199000,10,10,10,9,9,9,9,8,74
R5Y1F9WW9,なー,X33HHA9F8,アルストロメリア,1228,10,2998,1198800,10,10,10,10,10,10,10,10,80
GKGNE9TGP,歌bro,L1VGJTD5P,蓮ノ空お茶会部,1118,1,2999,1198600,8,9,9,8,6,8,7,8,63
303KEPAXW,なんとか,U98UKD6RY,異次元フェスP,1232,8,3000,1198400,8,7,10,8,8,7,8,9,65
1C3XL8M6Q,ソラネ,N1JAJ83CA,蓮ノ空園芸部,1388,2,3001,1198200,10,10,9,6,8,9,9,10,71
Q9HEOVJ6E,さくら,AE3L01V24,LOVE蓮ノ空,1396,6,3001,1198200,9,8,9,8,8,9,9,9,69
XKT6N1G87,うら,C8WCYKBU4,蓮,1231,1,3003,1198000,10,9,10,8,10,9,9,10,75
Y7KKD9JC9,Eiji,K4TAHF9YA,はすっこ準備室,1159,18,3004,1197800,7,7,10,5,5,6,10,10,60
DYPCBJC29,Nqtoyq,MYTCXJ12B,つーりすと@蓮部,1203,8,3005,1197600,7,6,7,5,8,7,7,7,54
T0OQWC4TR,あんちもん,Y2R7E79U3,カワウソ同好会,1442,18,3006,1197400,7,9,6,8,8,2,8,1,49
5B6M9MNGG,ヒヨコワズライ,PULJ8VCHJ,蓮ノ空を推す会,1041,11,3007,1197200,9,9,10,9,10,10,9,9,75
XPUYNGD34,たまちゃん閣下,GR65FP8VN,蓮好き,1198,7,3008,1197000,9,9,8,7,10,9,8,10,70
C9DG98GXN,ヘッドギア,J0N1E3Y09,月火水木金土日,931,2,3008,1197000,7,8,10,7,8,9,8,8,65
VA6RE15YB,エイト,3F0M4HXJE,蓮ノ空まったり部,1160,6,3010,1196800,8,10,10,8,9,9,10,9,73
SV4ZQLG0E,るりひめ至上主義,5W8RPRVUA,ド！ド！泥！,1270,11,3011,1196600,7,9,10,9,9,10,10,10,74
T9CFRYFDV,あにき,HWMV33W7Y,フラワー泥民館,1422,16,3012,1196200,10,10,10,9,10,10,10,10,79
0807XGK2E,あっかり〜ん,07JW71HWG,良いチケで観よう,1280,18,3013,1196000,8,9,8,6,9,8,9,9,66
BSG9GKEGX,タツルン,V1C2TB6KA,伊達ヶ丘,1141,7,3014,1195800,10,6,9,8,6,9,9,9,66
XZT84Y0BM,ケー,W26TRPM1R,めぐ党藤島派,1260,9,3014,1195800,7,7,7,7,6,5,7,7,53
WN14Z53Q7,さいせん,YD2XWWFA4,蓮好き好きクラブ,1318,6,3016,1195600,7,8,6,4,10,8,10,10,63
TC2B70LBE,カチカチカチ町,AGJ215YND,蓮の空中國分校,867,0,3017,1195400,8,8,8,4,7,7,8,7,57
UCY017A15,异夢,AWFDLJ1HC,小蓮花（重生版x,777,5,3018,1195200,2,9,1,1,8,1,7,1,30
U3DLQMXJD,ボン太,8P39YRA1L,慈と愉快な仲間達,1333,9,3019,1195000,9,9,9,7,10,10,9,10,73
C88CRM1AT,manaca,8MDA3A0AK,イベント用,718,1,3020,1194800,10,7,10,7,7,6,8,8,63
PE4JT3GKB,K事,8JMW9G2XW,僕らのリンクラ！,1089,7,3021,1194600,8,10,8,8,8,10,8,8,68
IPZ09MIB9,みらは,YC3DCPM7M,福井大学ラ研,1316,14,3021,1194600,8,8,8,7,8,8,8,9,64
A9NM75YCH,とっかい,AXG81GPMP,蓮ノ空マタギ部,1202,15,3023,1194400,9,9,9,7,9,9,8,9,69
WTPAQ8J2R,オスカー,R181MKNX1,みらくらは人生！,1324,17,3024,1194200,8,10,10,9,10,10,10,10,77
AL66PFU3A,マクラ,PHEKJB75C,乙宗四季恋愛㌠,1161,4,3025,1194000,7,8,8,5,8,7,9,7,59
RAU4OMHL9,ひむ,8JMW9G2XW,僕らのリンクラ！,1385,6,3026,1193800,10,10,10,10,10,10,10,9,79
13E9H27AA,ぐらはむ,4KRBU0KFF,ノーチャン会,1146,10,3027,1193600,10,9,10,8,9,9,10,10,75
WA10A8RX4,アムリタ,6045Y2RW7,ポチっと！蓮ノ空,1299,13,3028,1193400,8,10,9,7,10,9,9,9,71
WDR6PW0GS,咲姫,6045Y2RW7,ポチっと！蓮ノ空,1189,2,3029,1193200,7,7,6,6,7,6,6,7,52
B9DWARWMT,あ,AKF49TD3T,なんか,1062,8,3029,1193200,9,8,8,8,10,8,8,9,68
MV7546VAY,ななせ,W26TRPM1R,めぐ党藤島派,1103,13,3031,1193000,5,2,8,8,4,4,9,8,48
VPZOCPP20,ステラ,865UE9UC6,蓮ノ空うどん部,1092,5,3032,1192800,10,9,10,8,10,10,10,10,77
YQJ5WBDUB,にゃるろって,BKUHCT7WF,蓮女お嬢様部,1266,9,3033,1192600,8,8,8,8,10,9,10,9,70
RALEMQTLZ,いか,BYA3FA0X8,無言ぼっち同好会,1158,4,3034,1192400,7,7,7,5,7,6,7,9,55
173ATYY28,ミナミ,F8MLHU2NV,乙宗梢様､､､,1211,0,3035,1192200,9,8,8,7,8,7,8,7,62
2CA34JRAV,あい*,L3NN1RWMY,アポロベイ海賊団,1155,15,3036,1192000,9,9,7,10,8,8,10,7,68
0BSYS4QJO,金沢八景,HWJ8XPW0T,箱推しなのだけど,1291,8,3036,1192000,9,10,10,9,9,9,10,10,76
K6KC83A9N,りゅうのあ。,378N79BKU,蓮ノ空至上主義！,979,6,3038,1191800,5,5,8,4,7,7,4,7,47
WBCTVU8GR,ハヤテ,D7H8MN2U4,LLD,1230,3,3039,1191600,7,6,7,6,6,5,7,7,51
PPKG2GEEB,TTSC,P2J37FNLG,乙宗先生指導会,783,0,3040,1191400,9,8,8,8,10,9,8,8,68
U8JD6PLY8,なかしょー,NMT63RUDV,泥村,1127,16,3041,1191200,7,7,8,9,10,10,8,9,68
D22044U1E,ゆい＊,L3NN1RWMY,アポロベイ海賊団,977,8,3042,1191000,7,6,5,6,6,6,10,4,50
HHPBEJEQ0,伝説の目撃者,88DJ300PJ,めぐ党 • 永遠,1391,1,3043,1190800,9,9,10,8,10,9,8,10,73
NE4A3G1Y3,真田みかん,YFADYJVW4,FPS好きクラブ,1024,6,3043,1190800,2,3,7,6,8,4,10,9,49
W6HDN3PHW,綿,A7WWE0463,蓮ノ空初心者部,918,2,3045,1190600,10,6,8,7,7,6,8,10,62
X988KAKFG,スカルダ,BW38LDPRF,蓮浦の星空,1516,15,3046,1190200,9,7,10,8,8,9,9,8,68
NEVURWMRY,syndetos,6E27A15ER,蓮ノ空自由クラブ,924,4,3047,1190000,9,8,8,7,6,7,8,8,61
JJGY7EFRR,範馬龍次郎,N0EXH1CM1,ぱちぱち徒町,892,0,3048,1189600,8,5,5,4,6,4,6,7,45
838L2DUK0,肋骨番,AG9PKMMC3,ぱかぱか同好会,1333,2,3048,1189600,7,6,8,5,6,8,8,8,56
H5NL9RHWC,よっしー,U1X8XUL9G,イベント用？,1190,10,3050,1189200,8,8,6,8,8,7,10,10,65
R4YYO1MV6,伊達男,PULJ8VCHJ,蓮ノ空を推す会,884,3,3051,1189000,8,8,6,10,8,5,8,8,61
L0K2NCHYN,カンガルー2号,ATB27G5P2,おこめ茶寮,1105,13,3052,1188800,7,8,7,9,7,6,9,10,63
L6CCJ396P,もってぃー,Y2P9LABR2,スクステ同好会③,1509,18,3053,1188600,6,6,7,5,6,7,6,8,51
D1L1XHU07,はかせ,9U8KNU6U9,対抗戦用,1002,0,3054,1188400,7,7,8,4,7,5,6,7,51
J3R0A4HTM,常磐くるみ,G0WRCNRWK,県立沢庵図書館,396,0,3054,1188400,10,10,10,5,9,5,8,7,64
XET9BO87Y,たつなが,HBUK6F7CC,乙宗梢なりきり部,1312,7,3056,1188200,8,7,7,5,8,8,7,7,57
5NBJSQ039,すぱいらる,J79LGCKKF,蓮ノ空コーラス部,1207,4,3057,1188000,6,6,9,7,8,8,10,8,62
XL4KR3J0W,あつ,CY3GGDH7H,㍿キモ・オタク,1232,17,3058,1187600,5,5,4,4,4,4,4,4,34
ICGMTO3UC,綾白 こづき,L28X4MDJN,アフター観たいぞ,1469,15,3059,1187400,8,8,10,8,6,6,10,9,65
Y756YU9NX,ともやん,L3NN1RWMY,アポロベイ海賊団,1133,8,3060,1187200,9,10,8,7,10,4,7,4,59
FB957P8CR,くーもも,LHXNEF3D5,まるまるサークル,1190,13,3060,1187200,9,9,9,8,8,10,10,10,73
HIBPGO2U8,わんしぃ,FMKP92LRL,目が霞む人達,1154,4,3062,1187000,7,7,7,4,6,5,4,6,46
0CSC6RF3X,alod,5YEE75CB4,ロビーで待ってる,1199,0,3063,1186800,7,7,9,7,9,7,10,9,65
P98TR2N96,ブレイブ,UX96YX4T1,『位置について』,1001,2,3064,1186600,6,5,4,8,4,4,4,4,39
HL1Y687Y8,綾鷹信者いっしー,ABU58EVJ2,Quatuor,1015,7,3065,1186400,9,10,10,10,8,10,10,9,76
SUNQBR49F,チャロニー,48BTAPMBG,蓮ノ空魔術部,1286,17,3066,1186000,8,10,8,8,10,8,10,10,72
F12PTN6GB,デンジ,5YEE75CB4,ロビーで待ってる,726,0,3067,1185800,8,8,10,5,7,7,7,8,60
VN71P0BFC,塩倉丁香,7U20138DB,LGP,1106,3,3068,1185600,4,5,7,4,6,4,7,7,44
5XDRUYKDY,りんおう,VP0K6KF0K,蓮ノ空大好き!!,1106,14,3069,1185400,10,8,8,9,10,9,9,8,71
IP3E9T22V,こっぱみじん,GW4CH70HK,TKG同好会,1325,15,3070,1185200,10,10,10,10,10,10,10,10,80
8D1KP6PD5,로드롤러,HB9AU9DJJ,聖心党,578,0,3071,1185000,10,10,10,10,10,10,10,10,80
UUZU7G6I2,蜜柑の皮,D7H8MN2U4,LLD,1317,4,3072,1184800,1,7,7,5,10,4,2,8,44
AUJ8GF5MB,トイーブ,DMDVHGFUG,インドネシア仲間,1091,6,3072,1184800,7,7,8,6,9,8,7,9,61
409J15OS4,出る,GPKTRBCTT,騎空団蓮ノ空支部,1418,17,3074,1184600,8,9,10,10,10,9,10,10,76
5AKWTWLSF,ゆうこん,998H940YN,お嬢様筋トレ部,1239,1,3075,1184400,9,7,9,5,8,9,7,9,63
0N58Y5LMM,サクラギ,NGFXVPCGX,うさぎのしっぽ,1012,2,3076,1184200,10,10,9,8,10,9,7,9,72
TW0B07PVM,うに,CXARW7B4R,一人でのんびりと,1066,10,3077,1184000,5,8,8,7,9,8,5,8,58
DKMTXHBDH,はすにょ,Y6JNPC60C,綴理メイト,1042,9,3078,1183800,8,9,8,7,10,7,9,7,65
DPPGA3D2V,Kei,828YTYAA9,箱推し社畜の部屋,971,1,3079,1183600,5,7,9,5,8,7,7,8,56
LWRUPM1FR,てとら,85D411XNB,蓮っ子の集い,1234,10,3080,1183400,7,5,7,4,6,6,5,4,44
G4IX3PBEO,ぽむぷりっ♡,Y2HV0YEF7,蓮ノ空を応援し隊,1495,18,3081,1183200,10,10,10,10,10,10,10,10,80
4HG5APMFG,こけ,G6EH0KHT7,なんもわからん,1036,6,3082,1183000,8,7,8,7,6,7,6,5,54
93Y6AAGB1,ユーロン,ELTW62751,安全バーは君の腕,1106,5,3083,1182800,6,5,6,5,7,6,6,8,49
1P7HTVO16,PNZ,GPAAHVHCL,蓮ノ空地学部,1158,2,3084,1182600,5,9,9,1,10,1,8,10,53
2JGXJABRE,くまベアー,JA2C658FW,さや綴理の村人,1317,8,3085,1182400,10,10,10,9,10,10,10,10,79
2095QHQJ4,ことぶき,2BBMRRFRB,湯守の会,1129,9,3086,1182200,6,6,7,5,6,7,7,8,52
BY7GPD3V2,君は青のままで,FK5MUK0ET,くる♡すきクラブ,697,4,3086,1182200,8,8,9,6,9,10,8,6,64
NA1PH79M6,れそなんす,H6JWBBGCG,蓮天・乙宗一心流,1097,6,3088,1182000,7,7,6,5,9,7,6,9,56
HVZQZHLCK,ようか,5DT38JWAK,麦穂動物園,1359,18,3089,1181800,10,7,8,6,10,10,10,9,70
JDMB0UDYU,PSI,9C0KWR782,まったリンクラ,1130,5,3090,1181600,5,4,8,6,7,6,4,4,44
1LTMD4MM0,ゴンザレス師匠,RXXUPMWB9,待機室跡地観測所,1153,5,3091,1181400,9,9,9,8,9,10,8,9,71
0RRU916UV,唯ちゃん,BKUHCT7WF,蓮女お嬢様部,808,4,3092,1181200,6,6,7,5,7,6,7,7,51
0IFS761K4,さくら,RM7N1JDB5,無言推奨不干渉会,1214,3,3093,1181000,8,8,8,7,8,8,9,9,65
XJVFJWURD,まだ馬匹しない,18YYNRFGA,LotusSky,664,2,3093,1181000,4,5,8,2,9,4,8,9,49
XUPXY03IA,Doby,KA652DGYV,ゆるリンクラ,1245,3,3095,1180800,8,7,10,7,10,8,8,8,66
3D80DJ6Y1,ごぜんちゅう,JRAC1HYUD,SPHS-MMT,1123,5,3096,1180600,5,6,5,1,5,4,4,1,31
0RDPT287I,きよぴっちゃー,J8HXTJ8TB,流し素麺同好会,1248,4,3097,1180400,7,8,8,7,6,7,7,7,57
3DTXDA5ET,ベータ,573J1JVVK,かほかほ,480,1,3098,1180200,10,8,8,10,6,10,5,7,64
HVFL7NCU1,Haru,M8FM7P139,蓮ノ空ひとり旅部,1129,7,3099,1180000,7,4,7,8,6,5,6,5,48
FD6HELHBA,zarala,AD9A9J96E,LLEspaña,978,7,3100,1179800,8,8,7,7,10,10,8,7,65
C2O72LNG5,オカ野,VP0K6KF0K,蓮ノ空大好き!!,1050,3,3100,1179800,7,7,8,5,8,7,7,9,58
75F15U535,ZheNreN,WJY2HK6A5,蓮の空イベント部,1076,10,3102,1179600,9,9,9,6,8,8,9,9,67
5MLTEF9KG,たかな,P2J37FNLG,乙宗先生指導会,643,1,3103,1179400,4,7,6,4,4,4,5,4,38
U96TQLLHN,ユウキ,31A7JKC69,蓮好きの巣窟,1269,5,3104,1179200,8,7,9,7,9,9,8,9,66
J6PG333UX,あむん,G59NGM0XA,シュリーレン,1055,1,3105,1179000,9,9,9,7,9,10,9,9,71
DMJ8MSCS1,遥翔,59AK7LJ7A,とりあえず,1207,15,3106,1178800,6,8,5,7,8,8,7,7,56
MBV5G0MEP,マカロン,HMBW9DXY2,蓮好き皆あつまれ,752,0,3107,1178600,8,10,8,3,10,10,9,7,65
9IFI84VC4,海未,YFADYJVW4,FPS好きクラブ,1410,18,3107,1178600,7,10,10,6,9,10,10,10,72
H818KNP80,ゆー,2VJG66JTH,まったり,1121,9,3109,1178400,9,8,9,8,9,6,10,10,69
Q511Y9BHJ,ななみ,GW4CH70HK,TKG同好会,962,13,3110,1178200,6,7,7,5,6,6,7,5,49
GUTVND6JN,らでぃっしゅ,Y5J5Y90CD,まるまるサークル,1072,1,3111,1178000,10,8,10,10,7,8,9,10,72
EBORUWKED,fumiya,C68491XHB,みらくらぽーく！,1114,1,3112,1177800,8,8,9,7,7,9,9,8,65
2925Q52C9,オヌ,TK9E1BB1P,無言で自由,1524,18,3113,1177600,10,10,10,10,10,10,10,10,80
E4R46VY57,ミルクティー,NGFXVPCGX,うさぎのしっぽ,1110,3,3114,1177400,7,8,8,8,8,6,8,8,61
8BFMY6MHF,みはと,NMT63RUDV,泥村,1143,12,3114,1177400,7,6,8,4,6,6,3,4,44
9HYL765TV,オルカ,WCUAMVY9X,ゔんゔん會,1213,11,3116,1177200,8,7,7,6,10,7,10,10,65
BOGOYH7QR,Spendy,0XUV5025C,めぐめぐバブり隊,1069,4,3117,1177000,4,4,8,5,4,4,4,8,41
Z9B32KUV6,キャンパス,3FF3NB77X,せーはす愛好会,1509,18,3118,1176800,8,10,10,7,10,10,10,10,75
JSA85T3QZ,うたたね,VF517JBVB,無言でいいよ。,1244,8,3119,1176600,8,8,7,6,8,7,8,8,60
GUN1LA4RR,きき,6KUYCDLGR,かよちんは宇宙,1527,3,3120,1176400,10,10,10,10,10,10,10,10,80
EPDD5K9E3,sein,424NLTEE8,無言な異次元部屋,867,0,3121,1176200,10,9,9,7,10,9,9,9,72
B7JLRUWWR,T1 桂城iZu,GR65FP8VN,蓮好き,446,0,3121,1176200,5,8,8,10,7,5,7,7,57
6Z77SUALU,HSC,CV62FGL1U,花咲かせ隊,1159,9,3123,1176000,8,7,10,6,9,7,7,8,62
OBWKL34UC,ﾙﾝ,RXXUPMWB9,待機室跡地観測所,1012,11,3124,1175800,7,6,5,7,7,7,7,6,52
VFX9TV8LS,宣牛(ノブウシ),NLB84DYBF,下松系拉麺同好会,1218,1,3125,1175600,10,9,9,5,7,7,7,6,60
3LWYT4DP5,Spaicy,N7GLY2RUW,百生銀行,872,1,3126,1175400,6,5,10,10,6,6,8,8,59
ZE381AAGN,かなん,WTJV514G9,蓮ノ空のお弁当屋,1268,5,3127,1175200,8,8,8,7,9,10,8,9,67
8B1WWT6YA,まじまんじ,BH9YH1YL5,ラブライバーの森,1346,10,3128,1175000,8,8,8,6,8,10,8,9,65
TF9047KYN,と！と！とさいぬ,Y2HV0YEF7,蓮ノ空を応援し隊,1243,13,3128,1175000,8,9,7,6,8,7,9,10,64
N08NFRZHG,スピカ,A208R9K5F,蓮ノ空の空気,1142,13,3130,1174800,8,7,8,7,7,7,7,7,58
951MHO8EI,もりょー,N2KCENRKH,猫＆旅大好き部,1377,12,3131,1174600,8,10,8,6,8,8,8,8,64
DWAL7RY6U,Ecemtucr,D7UA5ER1E,UR報酬欲しい！,1110,18,3132,1174400,10,8,9,10,10,10,10,8,75
E86WTQF9I,のぞし,7U20138DB,LGP,948,7,3133,1174200,8,7,10,6,7,6,7,5,56
UU6CVXU9L,あかり,WE6X1TNJ5,りんくら部,1160,2,3134,1174000,4,5,8,4,7,6,7,7,48
H0PPXLLP8,やざし,M6UPWJ6DU,蓮結ぶ虹と星の音,1182,0,3135,1173800,10,7,9,8,9,8,7,7,65
NU4V4W886,HIDEKI,72XD3ER0M,まったり,1038,2,3136,1173600,5,4,4,5,6,5,7,4,40
VKAUR01XJ,ぱるこ,F2CFWVMY9,藤島め組,1381,3,3136,1173600,8,9,9,7,9,9,8,8,67
LPJ36TPHW,稲妻カレン,XR2P2LDY3,蓮ノ空さいきょー,1180,3,3138,1173400,10,10,10,10,10,10,7,10,77
B2PYP3FP8,えっちょこ,AXG81GPMP,蓮ノ空マタギ部,850,2,3139,1173200,9,8,9,6,7,6,7,8,60
PPEDGMPND,たびぬま,YNR28303K,りんくらぶ,1112,0,3140,1173000,9,9,8,5,9,7,7,8,62
ELEJ35D8M,シグ,XE8513HNP,喫茶カワウ空✨,1267,16,3141,1172800,10,4,7,8,5,9,10,10,63
R21K43V10,Solarix,PH0YEPJD8,蓮ノ空北國金沢,1028,2,3142,1172600,9,10,10,7,7,8,10,10,71
H034DNH9U,柊楓,XTMGPY62U,スクステ初心者,967,6,3143,1172400,5,3,10,7,7,4,9,9,54
0SMA2YI5A,Forteen,3PPKGW6KV,リンクス同好会,1263,6,3143,1172400,9,6,9,7,7,9,8,8,63
8DZERQGOA,NX(ネクス,GYJHAE1TJ,ゆるゆるアーリー,1229,9,3145,1172000,5,10,7,6,10,5,7,9,59
3EEP8X0GC,楓紫@ミリオンP,8MLVA67AK,聖ミリオン女学園,1118,6,3146,1171800,7,8,9,7,7,7,4,9,58
BODZTK39B,のーん,WE4AB37FP,めぐ党,1175,7,3147,1171600,7,5,5,5,4,5,2,1,34
SKN67I1NN,在床上睡覺,FH7G62PKW,月火水木金土日,1477,12,3148,1171400,10,10,10,10,10,10,10,10,80
AR3PP5A2E,ころもち,TD87P23DJ,黄昏の旅団,983,2,3149,1171200,6,7,5,3,3,6,2,5,37
YCVIA5VRF,しゃん,D1YHB0B1A,BWO,1170,3,3149,1171200,5,9,7,4,5,5,7,8,50
1UQI8OEZ4,暳,279NUYU7C,れんこん,1338,18,3151,1171000,10,9,9,7,8,9,10,10,72
JNCTVTPG9,レイン,BKUHCT7WF,蓮女お嬢様部,1139,14,3152,1170800,8,7,8,10,10,7,9,7,66
UNX64AUDG,閉扉,4FXPC55PY,PPIHクラブ,1035,4,3153,1170600,10,9,10,10,10,10,9,10,78
AXFUWCCBV,だんご,KFC62L0FV,ねるねる同好会,1124,17,3154,1170400,10,10,8,10,10,10,10,10,78
E9K7H7Z0M,怒火×頭,X19MP0NTT,蓮之空河豚养殖場,1086,5,3155,1170200,10,10,10,9,10,10,10,10,79
LJJRHMRA7,せつげん,07JW71HWG,良いチケで観よう,1283,13,3156,1170000,7,7,7,5,8,6,7,7,54
FOPDC9TP7,らる,KG8TFDM19,山側環状線,1383,10,3156,1170000,8,7,9,5,9,8,6,5,57
70G9VDGVA,スーサン,CMH1RXEGH,仮拠点,1229,18,3158,1169800,10,8,10,9,10,10,9,10,76
HL90SCDTP,Yamator,J800VVPTN,Aqours,1113,10,3159,1169600,7,5,6,8,8,7,8,10,59
J8RYU36VL,KiRA,05KN1RR3U,さやかほ花卉園,1055,13,3160,1169400,6,8,9,6,8,9,8,9,63
X60HXAFWK,U39,V6DV6KETG,梢好き好きクラブ,1230,13,3161,1169200,8,6,8,7,8,8,9,9,63
F7YHE8NEJ,ﾋﾟ!,9FF5JBNDF,めぐすきクラブ,975,5,3162,1169000,8,8,10,7,9,9,8,8,67
5R45M9EEL,紗月,0B8RTHY4D,のんびり屋さん,1053,7,3163,1168800,7,8,7,7,8,8,8,8,61
YKN6MC3H4,crow,573J1JVVK,かほかほ,1084,10,3163,1168800,7,6,6,6,7,4,6,4,46
7RP2F5JT9,Linz,AAHB7C276,HaCordVN,1180,18,3165,1168600,9,8,10,7,8,9,9,9,69
C2YJKTP3L,りょう,HBCC35887,そりゃー!!!,1090,14,3166,1168400,7,7,7,6,8,8,6,7,56
9CO0WFT0Z,羽,9W2CLLUAE,星楽派樺,1148,7,3167,1168200,5,7,7,7,5,4,10,10,55
0JY49CDHJ,しびさん,BEMED3RY1,無言無課金ok,1017,11,3168,1168000,9,9,8,10,10,10,7,7,70
2M1TVMF7V,にゃんぷれ,K8C99H42D,ルリと喜ド！愛楽,1048,2,3169,1167800,6,6,8,7,8,1,6,7,49
CWUGNVUR0,しのなり,HMBW9DXY2,蓮好き皆あつまれ,1225,15,3170,1167600,7,6,9,7,8,8,8,8,61
B63DW07A2,うっつん,23PGPJ3NV,蓮ビギナーの集い,1183,1,3170,1167600,10,10,10,10,10,10,10,10,80
J7BA3D4F9,ライフ,FVJABCVP3,瑞蓮ラボ,935,7,3172,1167400,10,8,10,9,8,8,10,9,72
IPU4UJJDG,ハリマイン,2K5AM4RV0,とろぺりです,1163,12,3173,1167200,8,7,9,4,10,5,9,7,59
HD4W6928E,Plum,VP0K6KF0K,蓮ノ空大好き!!,1116,17,3174,1166600,10,10,10,9,9,8,8,7,71
4Z814SKE6,light,WLFW6UCX5,無敵級ビリーバー,1293,13,3175,1166400,10,9,10,10,9,10,10,10,78
5TWMV7M1F,のあ,GYG7B5R36,幼馴染同好会,849,0,3176,1166200,10,10,9,10,9,8,10,10,76
YC76BB78M,ねいけい,2K5AM4RV0,とろぺりです,884,6,3177,1166000,7,10,10,6,10,10,8,7,68
P44B6D54M,スイカ,9YG7C0VM7,綴理と無言で昼寝,1192,9,3178,1165800,10,10,10,10,10,10,10,10,80
AUFBBJG89,さかり,2ULM366U6,毎日がエブリデイ,1356,15,3179,1165600,7,9,8,7,9,8,8,8,64
M5846T3VD,きゃま,9GDHWXGVG,ルリと花咲く毎日,1062,9,3180,1165400,8,7,6,9,8,9,9,9,65
5THJYPBDP,ルッコラ,NDGW77R2V,こず花帆尊い,1115,14,3181,1165200,8,10,8,10,9,8,9,9,71
QTAGHFHXJ,mori,H1LTYMK0B,花帆が可愛いの会,1353,15,3181,1165200,9,8,10,6,9,8,10,10,70
NMW3LD7XV,ねこのしっぽ✨,573J1JVVK,かほかほ,1149,0,3183,1165000,7,6,9,6,8,7,7,6,56
T12C5H4EH,お_,Y2R7E79U3,カワウソ同好会,1074,12,3184,1164800,8,7,10,7,10,8,7,10,67
WPPCDF0CE,アイン,L28X4MDJN,アフター観たいぞ,1319,18,3185,1164600,7,7,8,7,8,7,10,10,64
MWZYJWTDC,きゃっぷ,Y2HV0YEF7,蓮ノ空を応援し隊,1205,15,3186,1164400,10,10,10,10,9,9,10,10,78
RT368S6CZ,やべっち,2VJG66JTH,まったり,1201,13,3187,1164200,7,7,9,7,8,7,9,9,63
3JNTE3Y2C,みみかユイ,1KDUBW4HB,めぐ党0番,619,2,3188,1164000,6,4,10,5,8,10,5,7,55
MJ2907ZNZ,ふよっしー,H0DV3JJGA,かほさやてぇてぇ,1134,13,3189,1163800,5,7,6,1,5,2,5,1,32
WYT65FE8G,ティーカップ,NC2YT2V28,蓮之愛同予者何人,1246,2,3189,1163800,1,5,5,1,1,5,9,8,35
EC08F0X0A,ムラマサ,8R49BTWW6,蓮女お嬢様クラブ,1160,9,3191,1163600,10,10,10,7,10,10,9,10,76
R56GV2N07,なんとか,LLDLG20UU,UR取り隊,1136,3,3192,1163400,5,5,9,5,7,8,9,9,57
TW3WYR59V,サイと鵜,PH0YEPJD8,蓮ノ空北國金沢,1083,17,3193,1163000,10,9,9,8,10,10,8,8,72
ENSUKO8TQ,ぷみー,R7D4DLE21,とりあえずイベ用,1226,18,3194,1162800,7,7,8,6,9,7,10,10,64
NPET2MEMX,すずみや,F2CFWVMY9,藤島め組,453,0,3195,1162600,2,4,8,3,4,6,5,6,38
NX28EZ0CO,えもいまっちゃや,GYG7B5R36,幼馴染同好会,887,0,3195,1162600,7,5,5,4,5,5,6,5,42
B3KOC012S,てるねく,7U20138DB,LGP,1184,12,3197,1162400,8,7,7,7,8,6,6,7,56
TLR2KZDVF,プーデブ,5KK3DFY18,MUGEN∞,1371,15,3198,1162200,10,8,9,6,10,10,10,10,73
KH9BFVMG1,,NU4AJF9Y4,,629,0,3199,1162000,9,8,9,8,10,10,10,10,74
DMW8AFW1W,かささぎ,2U4GLJXLJ,泥の中の養分,983,12,3200,1161800,10,9,10,8,8,9,7,8,69
2MAEL0D4H,リッパー,88DJ300PJ,めぐ党 • 永遠,1213,2,3201,1161600,4,2,9,9,4,7,8,9,52
K8B40K2E5,雪月花,38KAJGDGU,異次元シャニP,1033,13,3202,1161400,7,6,10,9,9,7,10,8,66
RZMJH77DU,りゅーきち,NT2KU5174,こずかほ。,1017,0,3202,1161400,7,9,7,7,6,7,8,7,58
OQ0CB3XWK,うざむん,HBCC35887,そりゃー!!!,1567,3,3204,1161200,10,10,10,10,10,10,10,10,80
EKO581YPV,とらふぐ,573J1JVVK,かほかほ,1212,1,3205,1161000,7,6,7,5,6,5,8,5,49
9BA8078CJ,メガネ,GN1798YEX,ド!ド!同好会,889,2,3206,1160800,5,4,7,4,4,4,6,7,41
YB8HXJTGD,杉花粉君,KC1W74B9B,蓮六園,1264,4,3207,1160600,10,10,10,8,10,9,9,10,76
177CJ4RPV,アーケオス,N1DJVPGP8,いつでも咲けるよ,979,5,3208,1160400,8,8,7,7,8,8,8,7,61
PXKMFL5F5,おさむ,W3YKKRWHG,ルリと愉快な一家,1131,11,3209,1160200,8,7,10,7,8,7,7,7,61
WRVEVRRSP,nissy,J0N1E3Y09,月火水木金土日,1161,3,3209,1160200,7,8,7,5,8,7,7,7,56
LTJCHY75Y,NMRY,LD34NCH5R,NERV,1244,2,3211,1160000,7,8,8,4,10,5,7,7,56
3GXV3YWWB,m4ax,BELCUYCMH,蓮hkg香港分部,924,8,3212,1159800,1,2,10,6,6,8,5,5,43
TAEPWJ4WM,アスカ,LUDNM40F8,ふくふく無言OK,1148,13,3213,1159600,8,8,9,7,9,9,8,8,66
TIAI12XT9,カイメイン,PPAHU1TNY,蓮ノ空のんびり部,1342,5,3214,1159400,9,9,10,7,10,9,9,8,71
Y9YN0J7LU,Rafa天使,7XH3K4GBT,LLP,1075,13,3215,1159200,6,6,10,9,8,10,6,8,63
97C5X9TY1,echo,MVMP6NNXD,空き時間らくがき,1333,6,3216,1159000,6,10,8,9,8,7,9,9,66
W4KHFCYGY,超ヤサイ人,6045Y2RW7,ポチっと！蓮ノ空,1268,16,3216,1159000,5,8,9,4,8,7,9,7,57
PNLM1RI37,でみたす,B1KYU3XF8,LG lotus,1384,10,3218,1158800,8,8,10,5,8,9,7,5,60
4WOAVAXOA,にゃ,BCJRMHE75,梢すきすきクラブ,1285,15,3219,1158600,8,8,8,7,7,7,8,7,60
F610D9VH2,まんまるさん,RNJ306W6N,日曜日よりの使者,1202,5,3220,1158400,8,9,9,10,8,8,7,10,69
IPI65P1CN,ちゅけま。,CRYB2FJ64,つくよみくらぶ,1146,10,3221,1158200,9,8,10,7,8,8,9,6,65
L39ED33GF,ナレク,V5WNV1A43,異次元ビリーバー,1162,15,3222,1158000,7,7,8,7,9,7,7,7,59
52GKPH9F8,ユッケ,LX25CP0TG,深夜の芋煮処,1071,5,3223,1157800,7,6,7,9,6,7,8,9,59
GRTNB9D0B,ut@t@,T045NDKW0,♬さやか愛好会♬,1081,12,3223,1157800,9,7,7,5,7,7,7,4,53
NJDM7A084,ガンズ,UHF5Y8PEF,さやちゃん倶楽部,933,4,3225,1157600,7,7,7,4,6,8,7,8,54
DGYYEEB8G,どんべ,1618JMRED,リンクラ自習室,975,3,3226,1157400,6,6,8,4,8,7,7,7,53
G7WZRMXGG,まさとらん,8KVDGWLUD,廊下閑散,1141,4,3227,1157200,5,6,7,8,9,7,8,9,59
V2OTYH4Z9,Dolphin,5KK3DFY18,MUGEN∞,1369,6,3228,1156800,7,7,8,7,7,7,7,8,58
5LYRP3AMV,もりつ,GR65FP8VN,蓮好き,1235,18,3229,1156600,7,10,9,5,9,9,10,10,69
L55EE4DV6,やひろ,58EPXVKXX,金沢総合車両所,721,4,3229,1156600,5,4,7,7,4,9,3,9,48
BITKA7GHG,ゆう,JCRNT9GKB,ハントンTKG,1009,13,3231,1156400,5,5,8,5,7,7,6,7,50
37HE2L11U,いずセラ,HXVYGL96H,初々しい対抗戦,700,2,3232,1156200,1,1,8,2,6,8,10,9,45
UDKA7K659,バチバチカチ町,AGJ215YND,蓮の空中國分校,1051,2,3233,1156000,6,7,7,5,7,8,7,7,54
TLUVWNHM8,Jiebro,J800VVPTN,Aqours,830,4,3234,1155800,9,7,6,5,5,3,4,7,46
3NHBAYHEB,shima,GKR9TEBYC,毎日がホリデイ♪,1254,12,3235,1155600,7,7,8,4,10,7,9,9,61
8S4KJM7JG,白水かなた,RF5215M2U,スクステ同好会②,1497,10,3236,1155400,9,10,10,10,10,10,10,9,78
HI1R5G55V,みどり,JY79RPB1D,リンクラゆる部,1076,8,3236,1155400,6,2,5,5,4,10,8,10,50
6YDYKVPEJ,kosanaku,KJRCDAB1A,トマティー,1492,11,3238,1155000,10,10,10,10,10,10,10,10,80
FBJQUYBP1,アンコロモチ,L3NN1RWMY,アポロベイ海賊団,1122,10,3239,1154800,4,9,10,1,7,7,7,10,55
UJ739QP8K,わてて,KXU941RFJ,梢先輩おめでとう,1377,8,3240,1154400,9,8,9,7,8,8,10,10,69
UO4OREK96,しろこ,G59NGM0XA,シュリーレン,1305,4,3241,1154200,10,8,10,8,10,10,7,10,73
OWDPYJQZ9,ゆう,WN3LHKX0L,レンコンおいしい,1222,10,3242,1154000,10,10,10,10,10,10,10,10,80
8FYYKT0TF,シンジ,NHA0WEU8N,テキトー,1011,3,3242,1154000,7,8,9,4,7,8,8,8,59
M7R461AQ4,みりおん,R1RM3X0WV,後方腕組みオタク,1221,14,3244,1153800,10,10,9,9,10,8,10,9,75
2423LNY1P,野依,BTVC9G95X,FES用,978,5,3245,1153600,10,10,10,10,10,10,10,10,80
0R8HRZKZ0,くろと,6D49YVAT7,ユニット愛で隊,1300,15,3246,1153400,8,7,7,8,8,10,6,7,61
BTDB391MM,たし,38NW3BE99,solitude,621,2,3247,1153200,4,9,5,4,10,3,3,1,39
KH32NG8LA,やでぃあ,03UX84WLY,こやんいくらぶ,1199,10,3248,1153000,4,7,5,6,5,6,6,5,44
94FZ4NEER,ウィル・シキ,2K5AM4RV0,とろぺりです,1422,11,3249,1152800,10,10,10,10,10,10,10,10,80
414B73W58,おじ,6UAFKBRPN,リンクラ初心者部,534,0,3249,1152800,5,3,7,5,6,6,6,4,42
KWGVEEX4P,隊員,L28X4MDJN,アフター観たいぞ,1104,12,3251,1152600,8,7,9,6,8,7,7,7,59
ACX7610VH,へき,YVV9CMBLW,東京公演で沼落ち,1193,3,3252,1152400,5,7,4,6,7,5,7,6,47
7EXOPG4TJ,さくらうちすと,0B8RTHY4D,のんびり屋さん,1172,11,3253,1152200,5,10,10,9,10,4,8,9,65
Z8XW3ZGA9,サンポート,R9T0YKDW8,バブまち応援隊,1323,18,3254,1152000,9,8,10,8,9,9,8,8,69
1JX3P6OC5,なづ,DKNHY5HH6,なす料理研究会,1252,6,3255,1151800,7,8,10,6,7,7,8,4,57
94FDMGUBN,てて,F56XEUUBE,みらくら自習室,1044,3,3256,1151600,7,6,7,5,7,7,5,6,50
JUWW3J7AJ,わぉん,W3F0URUJC,梢先輩応援団,1271,1,3256,1151600,7,7,9,5,7,7,7,5,54
LNP5811EV,ヌオー,BW38LDPRF,蓮浦の星空,1163,1,3258,1151400,8,8,8,7,8,7,10,7,63
NFZC4ZSRQ,ヒロ,0UT59MJ8U,かほすこ同好会,1364,18,3259,1151200,10,10,10,10,10,10,10,10,80
7L9MA3TG3,めがほたて,J9T0UFKXG,光を目指す者たち,938,2,3260,1151000,6,5,6,7,6,1,9,8,48
KAEXJYF1Y,ぐらたん,85D411XNB,蓮っ子の集い,830,0,3261,1150800,7,7,7,6,7,7,7,7,55
GYH12P5KV,lain,0MVC7W2PD,WIRED,1226,15,3262,1150600,8,8,8,8,9,9,10,8,68
HENHO5CQZ,こうき@ちゅけ,KXU941RFJ,梢先輩おめでとう,1184,2,3263,1150400,7,6,8,4,9,8,7,7,56
FPCBFVP7G,小西克幸,976BY5JWK,ハルカカナタ,373,1,3263,1150400,5,4,1,3,4,4,5,4,30
Y6T8DD66M,シンヤ,G0J2F9NAL,さやさやさーくる,1121,4,3265,1150200,7,6,7,8,7,7,8,8,58
2TLTTUB9E,ごんた,B2KV0EVPD,蓮ちゅきクラブ,1106,2,3266,1150000,7,8,9,4,7,7,7,8,57
SD51X4UWF,ハラヘリズム,GN1798YEX,ド!ド!同好会,1189,15,3267,1149800,7,7,8,7,8,7,8,8,60
WLECCBYTE,ひゅー,WN3LHKX0L,レンコンおいしい,1160,14,3268,1149600,6,8,7,6,9,9,10,10,65
04REXQRZE,ユーロ,9X07VGM42,近江町食べ歩き隊,1331,6,3269,1149400,9,9,10,7,9,8,10,9,71
TVUZOOQZ0,t_f_r_c,5KK3DFY18,MUGEN∞,1270,3,3270,1149200,10,10,10,10,10,10,8,8,76
BRM7C4A67,一月の蒼い月,GYJ3C6TKR,綴理先輩好き好き,1369,15,3270,1149200,10,10,10,10,10,10,10,10,80
FNPM3P7V4,レイヴ,BEMED3RY1,無言無課金ok,986,2,3272,1149000,7,9,1,5,7,5,2,1,37
714HHHA7R,リメンバ,9VDEWVP01,瑠璃乃の集い,1152,4,3273,1148800,8,7,10,7,9,9,10,10,70
3PMYHLUHV,あんがーにむ,J0PT5EX42,スクスタモ部,421,0,3274,1148600,7,6,7,4,4,6,6,4,44
9V8F0V7XD,ァィＫ,Y2R7E79U3,カワウソ同好会,1082,16,3275,1148400,10,9,8,9,10,10,8,9,73
3X241R1Y3,ぽんこむし,HBK6KCRPP,無言でおけ,1164,3,3276,1148200,6,6,9,5,9,5,5,4,49
TKN4K5KDJ,cosmos,M49MMBK4F,スリーズパーク,962,8,3277,1148000,6,8,10,8,6,6,8,8,60
O51FLH65N,たかさご,YDYH4VRRP,レンクウ,1249,18,3277,1148000,10,9,10,8,9,9,9,8,72
YFL28DUAK,ひな,LETV4C1KG,無言の行,475,0,3279,1147600,8,8,7,6,7,8,3,1,48
3CPP30F9B,ふぉす,WAT20PN3Y,こな党,1232,10,3280,1147400,8,8,7,7,9,7,9,8,63
A02L7B15T,etu,GVT61ATX0,なのだけれど,1180,6,3281,1147200,8,8,8,9,9,8,9,10,69
NI9I62FHU,キリキリユウ,N7GLY2RUW,百生銀行,1301,5,3282,1147000,10,8,10,6,9,9,7,9,68
R3I1969WE,あぐーしゃ,ABU58EVJ2,Quatuor,1275,3,3283,1146800,7,7,8,8,7,6,7,7,57
I12FV29D8,YNG,GR65FP8VN,蓮好き,1250,18,3283,1146800,10,8,7,1,7,7,9,10,59
JKMFDY06X,たいたい,KVGGY7J8C,ドリームチーム,1077,6,3285,1146600,10,9,10,9,10,10,9,10,77
YAOADF7AG,ギンペン,Y6JNPC60C,綴理メイト,983,3,3286,1146400,6,6,6,6,7,5,6,7,49
2PHKWCK4B,山,HWJ8XPW0T,箱推しなのだけど,1120,4,3287,1146200,8,8,8,7,9,8,8,9,65
RJBYA1D2D,ran,AR9HR528A,いろいろ実況,1067,15,3288,1146000,7,7,10,7,9,7,8,9,64
OB3OYXTTX,いずみ,CTXN94755,ホヤノ空,781,3,3289,1145800,5,10,7,10,10,10,7,6,65
4DM124I0Q,るる,P2J37FNLG,乙宗先生指導会,1237,5,3290,1145600,7,6,7,4,4,4,6,7,45
7D5ZG24IZ,ザナディウム,CV62FGL1U,花咲かせ隊,1263,15,3290,1145600,10,9,9,8,9,10,8,8,71
KTMYEHRQ0,さぶれ,PPAHU1TNY,蓮ノ空のんびり部,654,0,3292,1145400,10,10,10,10,10,10,10,10,80
O4RJ1R6GD,cha,FTY0R8KPH,泥の皆様,1144,10,3293,1145000,6,6,6,9,8,7,9,5,56
DHXEORM59,ナタリタ,W1DKTPT4H,儚無水木,1236,2,3294,1144800,7,10,5,9,10,8,7,8,64
X64FJD6HD,へろ太,MTBP3B4GM,ふらわーすきすき,1070,1,3295,1144600,8,9,10,6,9,7,8,9,66
59FIWWE5F,せーの,GYG7B5R36,幼馴染同好会,1334,16,3296,1144400,8,6,6,7,9,8,7,10,61
9YF4B1A7R,ゆりはむ,4RY75CKM4,LLすこ部　メ募,1261,12,3297,1144200,1,6,8,6,8,8,8,9,54
NRR5DY6DT,がじろー,KBJ2P8T0Y,人見知りの集い,940,0,3297,1144200,8,4,4,4,7,7,6,7,47
JKJ9MLXH0,ともか,ABU58EVJ2,Quatuor,1054,10,3299,1144000,10,10,10,10,10,10,10,10,80
DFB1M4MYD,たぬき,TRFPX8EX0,鬼塚商店,1278,5,3300,1143800,9,9,9,8,9,9,10,10,73
C0EFLUCXP,あを,PH0YEPJD8,蓮ノ空北國金沢,1264,18,3301,1143600,10,9,10,10,10,9,10,10,78
LH74UVFUD,くろ兄,2B97MH4YA,同じ話し何回も…,799,6,3302,1143400,4,10,10,4,6,9,6,6,55
5J1RBY7FG,あぅあぅ,T0111M4BA,闢ｮ繝守ｩｺ,544,2,3303,1143200,6,6,6,10,8,10,5,6,57
UYH8G2PK2,鳳華,X7YM9EG8K,伝統の石川地酒,1002,0,3304,1143000,10,10,10,10,10,8,10,10,78
5GF0JFU0K,ねね,YAD615PCK,蓮を咲かせる泥達,1154,18,3304,1143000,10,10,9,9,10,10,10,9,77
DEVXF85NM,774,06MWMBB26,ミステリサークル,882,2,3306,1142800,8,7,8,9,6,6,7,8,59
4Y73FL4VN,なべわた,G0J2F9NAL,さやさやさーくる,1082,13,3307,1142600,4,4,6,6,7,8,8,8,51
8CAL4FIWC,toshiki,VXF8P7NDC,どんぐり。,1413,15,3308,1142400,9,8,8,7,7,7,10,10,66
B1M12TU35,SSしまむら,GMEF2K8DL,花咲く泥も好き²,1226,4,3309,1142200,7,6,8,4,8,7,6,7,53
7YJ38UDHX,星月,KULVP7FDR,アニマル分室,1154,7,3310,1142000,7,7,9,7,8,9,8,9,64
352PM3X01,梢先輩スキスキ,4XRHRYDW4,無言でエンジョイ,1169,13,3311,1141800,7,10,8,7,10,7,10,10,69
ZMS3ZL64Z,サン,7B0W0EWVA,ソロの為の避難所,1278,8,3311,1141800,10,10,10,10,10,10,10,10,80
GE5TDGFGV,神糸くくり,VP0K6KF0K,蓮ノ空大好き!!,1273,1,3313,1141600,9,10,9,8,10,9,10,7,72
BQX7EYIWR,みそら,BELCUYCMH,蓮hkg香港分部,1036,7,3314,1141400,8,5,6,10,8,6,8,6,57
8L8U66ARE,ねぎてん,2KJ2UEC3P,ういちゅけクラブ,439,1,3315,1141200,10,7,10,10,10,10,9,7,73
MNIGJHOVT,ふじ,LHXNEF3D5,まるまるサークル,1255,7,3316,1141000,10,9,9,8,8,9,8,8,69
MHA5MKNTG,千井川(ちいかわ,LHXNEF3D5,まるまるサークル,1285,4,3317,1140800,8,6,6,7,6,7,8,8,56
E0FHMGY2V,すずつき,G8F0M2PH2,アフターウォール,1112,3,3318,1140600,2,5,8,7,8,7,7,9,53
BAV021P5X,ケルビンYuu,R181MKNX1,みらくらは人生！,1041,6,3318,1140600,9,5,5,5,10,10,5,9,58
TWA6T5WW3,本巣叶羽,2K5AM4RV0,とろぺりです,639,3,3320,1140400,10,10,10,10,10,10,10,10,80
LVP4D6FN6,phocidae,NLTAB4BLF,蓮ノ空ゆる活動部,486,0,3321,1140200,7,7,10,6,7,7,7,8,59
UUTH59CXT,ともっち,DKNHY5HH6,なす料理研究会,1160,2,3322,1140000,10,10,10,9,10,9,9,10,77
4TJ80X7KS,マック,8VGXWTV3U,R.opRizm,1055,2,3323,1139800,7,8,8,6,8,7,8,8,60
W5XVLMYVJ,いけぱん,T2XRMGEAE,蓮根無言会,961,11,3324,1139600,4,6,10,7,6,9,8,7,57
3DXBEN93X,葵,BT22M41DV,梢花帆吟子同好会,1155,3,3325,1139400,6,2,8,8,8,8,6,8,54
DR7HH3VRL,ゆきのはら,FLFXP0T22,沼津内浦メンバー,738,3,3325,1139400,3,5,5,1,5,4,6,5,34
9IZXQRGW7,雲雀,0UT59MJ8U,かほすこ同好会,1313,0,3327,1139200,4,5,8,6,4,4,8,9,48
TLJ0BRFAA,ブリンソン,948FLPMPN,まったりハス煮〜,964,7,3328,1139000,6,7,6,4,6,8,7,8,52
VN44PL392,椛,Y2HV0YEF7,蓮ノ空を応援し隊,1349,18,3329,1138800,8,10,8,7,10,9,9,9,70
ZR9563G0B,そい,M67ACEP3M,オーバーブースト,855,2,3330,1138400,8,6,6,8,8,8,10,10,64
4VE4C8MJC,704GX,BYA3FA0X8,無言ぼっち同好会,1352,16,3331,1138200,9,9,10,7,9,9,8,9,70
1R8HTKY4Y,すなよ,4XRHRYDW4,無言でエンジョイ,1498,18,3331,1138200,8,10,7,6,10,10,10,10,71
3CE54NMTA,Tofu,KGDNX3EF3,ENcircle,765,2,3333,1138000,10,10,10,7,9,9,10,10,75
3F1WGXUCI,りゃんぽうす,AXG81GPMP,蓮ノ空マタギ部,1214,2,3334,1137800,8,8,10,6,9,8,8,8,65
MPJO08LKA,Word,DKNHY5HH6,なす料理研究会,1391,18,3335,1137600,10,10,10,10,10,10,10,10,80
QZN0QKPL3,猫犬,KXB93FVTR,ブルームガーデン,1374,18,3336,1137400,10,10,10,10,10,10,10,10,80
PJCL8P5TR,弦,WAT20PN3Y,こな党,1464,15,3337,1137200,10,10,10,10,10,10,10,10,80
YH9LHAEM7,りと,GR65FP8VN,蓮好き,898,6,3338,1137000,10,10,10,6,7,8,10,7,68
U7ZSQEUNS,keeee,GYG7B5R36,幼馴染同好会,1053,10,3339,1136800,8,8,10,7,8,8,7,8,64
F1WBX57IA,don_buri,N94LEWF2D,無言よわよわの会,1164,6,3340,1136600,7,7,9,4,7,7,8,8,57
50ZXERJWU,かるーあ,0R8BXPRC1,ポチっ！とクラブ,1401,2,3341,1136400,10,10,10,7,10,9,9,9,74
7RBKF4QTD,fatzhi,PUJ0ERCMW,蓮ノ空倶楽部,1115,3,3342,1136200,8,6,7,6,7,7,7,7,55
HLXKV7EXX,はなみや,UX96YX4T1,『位置について』,652,2,3343,1136000,10,3,7,10,7,4,7,5,53
9Z2DLEZD7,ひさを@にこ誕,573J1JVVK,かほかほ,1189,3,3344,1135800,10,10,7,10,10,10,10,9,76
ML3545XJH,カズヤ,T48KV9EP2,無言ぱーく,759,0,3344,1135800,10,8,10,9,9,8,8,9,71
8RY3GN5MV,のえ,828YTYAA9,箱推し社畜の部屋,1060,2,3346,1135600,4,6,8,7,7,4,8,10,54
FK2MFRV4B,Arts,8FR866PRY,蓮っ子みらくラブ,953,7,3347,1135400,10,7,7,5,3,8,7,5,52
B0DWA8L7J,BABA,B2KV0EVPD,蓮ちゅきクラブ,774,2,3348,1135200,6,8,7,8,9,6,9,9,62
7MIRKAP4P,ふぃあ,0R8BXPRC1,ポチっ！とクラブ,1199,3,3349,1135000,4,4,6,4,9,5,10,10,52
J2G5F9NAF,Sammy,3HDDYR4FU,旅人,1031,2,3350,1134800,7,7,8,4,5,4,8,7,50
VMR8XX4TB,つゆたく,4FXPC55PY,PPIHクラブ,1239,1,3351,1134600,8,8,9,7,9,8,8,9,66
N6VKC2U4W,sin,1UBNNHVLG,蓮箱推し（仮）,1115,6,3352,1134400,9,6,9,10,10,10,10,9,73
3FTABBR4D,ライト,HBUK6F7CC,乙宗梢なりきり部,1321,14,3352,1134400,9,8,8,9,8,9,8,8,67
J3PBZZ95D,ハロめぐるり,321FF56TK,リンクラ芸楽部,1147,15,3354,1134200,6,8,8,8,10,10,6,7,63
JBU2WDK9D,らっきょ,W09WBG3HY,どろんちゅ,1018,6,3355,1134000,9,9,8,8,9,9,7,8,67
VMTBMK4LR,きょーすけ,573J1JVVK,かほかほ,1291,2,3356,1133800,8,8,9,7,9,7,6,7,61
2WW330CL6,やくそく〜こーこ,D7H8MN2U4,LLD,1162,15,3357,1133600,6,7,8,4,7,8,6,7,53
A28D4H38M,Sseason,AGJ215YND,蓮の空中國分校,447,0,3358,1133400,10,4,6,9,4,4,7,10,54
XF4RTD3PD,n,3194B9E93,初心者寄り合い所,759,2,3359,1133200,7,10,8,5,7,1,6,7,51
V5MMAHM8B,木之下,EYEPHE14G,花上梢頭,988,12,3359,1133200,8,8,9,6,8,8,7,7,61
UAFTR920R,maho,YNR28303K,りんくらぶ,967,1,3361,1133000,7,8,8,4,6,4,7,8,52
AD11X32E2,ともちく,YNR28303K,りんくらぶ,1145,18,3362,1132800,6,6,7,6,6,6,8,9,54
U6ROPYD12,かつれつ,YK0X6N2HN,無言OK出入自由,1210,5,3363,1132600,7,6,7,7,7,6,9,8,57
3YNHB7RXA,ニジカン,GK7JNB0NW,参加賞取り隊,871,0,3364,1132400,7,7,7,4,8,5,7,7,52
4LPEM7MBC,マルコ道路,T4YA3VH9U,徒徒徒町町町,598,0,3365,1132200,6,7,10,5,10,8,7,7,60
SD2IMP567,めあ,M8FM7P139,蓮ノ空ひとり旅部,1183,8,3366,1132000,10,10,9,8,10,10,10,10,77
DUKU6LRDW,デュン,535L2H3JU,Lotus329,1121,0,3366,1132000,6,8,8,6,6,7,7,8,56
FWL31RM30,みたらし,AVX749PPB,姫芽ちゃん親衛隊,819,1,3368,1131600,10,8,10,9,9,9,9,8,72
I0E2WJN90,ドン・ガンビーノ,EKACCPWWB,タフノ空学院,1125,6,3369,1131400,9,8,10,6,8,8,8,8,65
ELYSMSSX8,いろは,KBJ2P8T0Y,人見知りの集い,1287,4,3370,1131200,9,9,10,8,10,10,9,10,75
7HA07WCY2,あきたま,N7GLY2RUW,百生銀行,1073,6,3371,1131000,7,6,7,8,8,9,7,9,61
3NJTU4E9G,あんり,PYFV3GWNV,異次元P,561,0,3372,1130800,8,8,9,6,8,8,6,7,60
LMB2KPT23,PIRIN,7R8NKPAB1,花帆推し倶楽部,1328,12,3372,1130800,10,10,10,10,10,10,10,10,80
TN34E21UR,&,HBK6KCRPP,無言でおけ,1208,3,3374,1130600,7,8,8,7,7,7,7,8,59
P06H7KNRT,roy,UGRXU1VL6,flowery*,1074,8,3375,1130400,7,6,7,6,7,7,7,8,55
0JVN6CV56,スノマリ,M206VENTF,蓮紺の会,900,2,3376,1130200,7,6,8,6,7,5,7,8,54
JK8Y8X25P,suzme,GWGDMA3YC,初心者無言自由だ,388,0,3377,1130000,7,8,10,8,10,6,7,6,62
FSHJVHIEX,ぽむ,4RY75CKM4,LLすこ部　メ募,1271,4,3378,1129800,9,8,7,8,7,7,7,7,60
6XLXYEW06,タンクトップ井上,R1RM3X0WV,後方腕組みオタク,857,0,3379,1129600,8,7,6,5,7,7,4,5,49
KE0COKRLH,いっちゃん,M6UPWJ6DU,蓮結ぶ虹と星の音,1352,12,3379,1129600,10,10,10,10,10,10,10,10,80
U6JKE289U,ユーリ,JA2C658FW,さや綴理の村人,1196,3,3381,1129400,8,7,8,7,8,7,8,8,61
DNWNNJFPR,雪珠,KANLFTMVJ,蓮ノ空中文同好會,1102,12,3382,1129200,6,8,8,6,8,8,8,10,62
E6YPBXKLJ,ぺっぴぃ,BTVC9G95X,FES用,887,6,3383,1129000,8,2,9,5,6,8,7,7,52
E4R5CUM51,give up,HWJ8XPW0T,箱推しなのだけど,418,0,3384,1128800,5,7,7,7,7,6,7,7,53
ZYEQKWJMP,ハヤカ,UVN7G4X3A,闇のルビィ団,1370,18,3385,1128600,10,10,10,10,10,10,10,10,80
7M77KVD4D,神楽光,919XF8V2V,蓮之空大三腳,783,4,3386,1128400,5,4,5,5,10,5,6,4,44
SMD6VJ6WS,ジロー,N34LHVJKN,のんびり堂,1256,18,3387,1128200,8,8,9,7,9,8,9,7,65
1H1KKK4WJ,ぺるりん,6XX7GBM0K,ぷちぐる同好会,1286,17,3388,1128000,10,10,10,10,10,10,10,10,80
IFU81YXO9,めてお,LLDLG20UU,UR取り隊,1006,6,3389,1127800,5,4,7,8,5,4,6,9,48
1PC3GWKN1,はすいけ,XXMU9WLKB,梢の機械さん,867,4,3390,1127600,8,6,4,7,5,4,6,8,48
96V934TV5,ながなん,61UTNTRU1,初心者さん,1228,7,3391,1127400,7,8,9,7,7,7,7,8,60
77GM1FVZE,エクスプレス,3EP5KGPDW,ドミノシティ,948,5,3392,1127200,5,9,9,7,9,8,8,8,63
RAAGABHLD,すわっぷ,BCJRMHE75,梢すきすきクラブ,1348,13,3392,1127200,8,8,10,7,7,7,7,8,62
8VV13U8E2,レイジ,7B8K574NX,GEAR,1167,16,3394,1127000,9,10,10,9,8,9,9,8,72
33H0H9UB9,ゆうめ,F90XW14UP,のんびりプレイ,1206,7,3395,1126800,8,8,9,7,7,8,8,7,62
ABDJG7XLX,そろまぜ,C8A9CTB34,蓮ノ空山岡家部,1303,1,3396,1126600,9,7,9,8,9,8,9,10,69
O7L5K6EKK,いちごう,TM19BMU7C,ソロプレイヤーズ,1154,4,3397,1126400,6,6,8,8,8,7,10,10,63
DMCUW1TWY,そら,X0TFG829Y,ボクのおうち,717,2,3398,1126200,7,10,7,7,7,9,7,7,61
JE02NYUXD,AkiraG,B900X5JYR,ソロプレイ,864,2,3399,1126000,10,10,10,9,10,10,10,9,78
HK50VD5IV,かめワイ,5KK3DFY18,MUGEN∞,1229,3,3399,1126000,8,7,7,5,7,6,7,9,56
AOZW5GR71,がーすー,2JK7E4115,ラ！推し,1164,5,3401,1125800,10,10,9,9,9,10,10,10,77
BTDRBWM8J,あーぷ,BEMED3RY1,無言無課金ok,778,0,3402,1125600,6,7,7,4,6,4,7,8,49
07G3NQDBW,コギスキー,9JTF508LB,スクスタ亡霊部,1190,6,3403,1125400,5,9,7,8,9,8,9,8,63
N0LNCTARE,いくら,GYG7B5R36,幼馴染同好会,551,2,3404,1125200,10,9,10,5,5,8,6,5,58
VIO6Y4MKX,みな,8FR866PRY,蓮っ子みらくラブ,989,8,3405,1125000,6,6,8,6,4,4,5,8,47
18T943KO7,ポケっス,BT22M41DV,梢花帆吟子同好会,1161,3,3406,1124800,8,6,9,7,7,8,7,9,61
PNOP5I0KJ,はなまる,UK30B7DG2,ずらまる卯どん。,1167,0,3406,1124800,9,10,9,7,9,10,10,10,74
H0JB811NN,コク,KXB93FVTR,ブルームガーデン,1101,13,3408,1124600,9,9,10,7,9,9,9,8,70
7MKJ4N405,K'zy かずや,73N4AB3LR,かほ子のイオン,1117,13,3409,1124400,7,5,8,8,7,7,8,8,58
WR5M7UDWK,ゼロクラン,LUDNM40F8,ふくふく無言OK,1125,18,3410,1124200,9,9,10,9,10,10,10,10,77
UI4395BTN,からくさ,G0WK9025W,ああああああああ,1165,11,3411,1124000,8,8,9,8,8,8,7,9,65
SYWTDWS98,iga,4YTFBJAMP,HanaHana,1491,5,3412,1123800,10,9,10,8,9,10,9,10,75
4TVHABGNC,Haru,PRY4573W6,報酬用,992,4,3413,1123600,7,7,9,6,8,7,7,7,58
M0JBDXBOD,さけ,948FLPMPN,まったりハス煮〜,1069,6,3414,1123400,1,3,8,6,6,8,2,7,41
6J9BGLLY1,16000km,3BE2RELRC,見晴台,1228,1,3414,1123400,6,4,8,5,7,8,8,7,53
X89P9MXL4,かき氷,FG5VFFNRK,蓮ノ空おじさん,1159,6,3416,1123200,6,7,7,6,7,5,8,9,55
X660XF865,アジュサリル,WN3LHKX0L,レンコンおいしい,990,7,3417,1123000,7,7,8,10,7,8,8,7,62
PM99KPER3,まちゅ,26JDLMBLN,徒町は強く生きる,752,0,3418,1122800,10,10,10,10,10,10,10,10,80
9DJF80R52,Rinha,MWT91W455,つづこず大好き部,1062,9,3419,1122600,9,10,10,9,10,9,10,10,77
XJSQA264N,Akky,W26TRPM1R,めぐ党藤島派,1416,9,3420,1122400,10,10,10,10,10,10,10,10,80
GAD6V36Y6,かるち,VXF8P7NDC,どんぐり。,831,2,3421,1122200,7,9,10,8,8,5,9,8,64
F7NY6J931,パピルス,M6UPWJ6DU,蓮結ぶ虹と星の音,894,1,3421,1122200,6,3,5,9,8,6,6,9,52
CFK9EGWNY,猫天狗,B5V2LNN43,WMW,1293,10,3423,1122000,10,10,10,10,10,10,10,10,80
NS285TF1R,SuE,Y3805A0YC,まるまるさーくる,1222,7,3424,1121800,8,8,8,6,8,7,10,10,65
G97WK9KRH,Leiya,NT2KU5174,こずかほ。,915,8,3425,1121600,6,9,6,4,5,6,5,7,48
IPKWA6ZPC,稲川淳二,0B8RTHY4D,のんびり屋さん,1008,4,3426,1121400,10,10,10,10,10,10,6,9,75
7CPNMY4QI,ふるむ,AG9PKMMC3,ぱかぱか同好会,1212,5,3427,1121200,9,8,8,10,10,10,8,9,72
66MXFK453,萎えトル,05KN1RR3U,さやかほ花卉園,774,5,3428,1121000,10,10,10,8,10,10,10,9,77
4H7BJ28V9,はるまき,RXXUPMWB9,待機室跡地観測所,607,0,3429,1120600,10,10,10,10,10,10,10,10,80
7FGWUEGLZ,クリアー,J8HXTJ8TB,流し素麺同好会,1516,10,3430,1120400,10,10,10,10,10,10,10,10,80
0X7A2L5J7,griker,A3472CNJE,ハントン✿ライス,592,0,3431,1120200,8,6,8,5,5,9,10,9,60
AJ4WELJY7,のぞみ301号,PF3N227CC,Fleurs,571,0,3432,1120000,9,6,8,7,7,6,3,8,54
TVVGRTFM4,ファム,KXU941RFJ,梢先輩おめでとう,1358,18,3433,1119800,9,10,10,9,10,10,10,10,78
CTTGY78D7,水月,5W8RPRVUA,ド！ド！泥！,1109,3,3433,1119800,1,4,2,9,6,4,10,9,45
3T6PLVYR3,つかさ,5V9TDD4NF,みんはや蓮ノ空部,930,4,3435,1119600,6,4,1,5,9,4,5,5,39
HWJRC5L7J,ハタハタ,RXXUPMWB9,待機室跡地観測所,926,0,3436,1119400,6,6,5,4,4,5,7,7,44
2JHVX9B1O,しるふぃん,9WJB6YPPN,温室花畑,1206,4,3437,1119200,7,5,7,6,4,6,7,5,47
7L55Q5L3A,あそびの,5KFDF3U8L,蓮ノ空口下手部,1150,10,3438,1119000,7,7,8,5,7,7,7,8,56
BJR5XEUHO,りちょぴぃ,59AK7LJ7A,とりあえず,1371,14,3439,1118800,6,10,10,7,10,9,8,8,68
0CTRLY6DH,A,WJGWLM56V,ぎるてぃぱーく,959,6,3440,1118600,7,6,8,7,5,8,7,5,53
P3B7KLPP8,もかのん,PUJ0ERCMW,蓮ノ空倶楽部,1022,5,3441,1118400,7,8,8,5,10,7,7,4,56
18B3EKKF0,だっはー,N94LEWF2D,無言よわよわの会,1165,7,3442,1118000,10,10,10,7,10,10,5,10,72
UVVMPCE4P,ham,FH7G62PKW,月火水木金土日,1083,6,3443,1117800,8,8,8,6,8,8,8,9,63
QYCYJQ8OZ,スラ,3FF3NB77X,せーはす愛好会,1206,4,3444,1117600,4,8,8,4,7,7,8,8,54
AH8F9MU0G,秋沙雨,A3X92L6YU,お試し用サークル,1191,13,3445,1117400,6,10,9,7,8,7,7,7,61
G6GLAEG5Y,ぱみ,PLBBEX019,待機室目指し隊,1343,18,3445,1117400,7,9,7,10,8,10,9,10,70
AA66U7MRG,なつむ,CV62FGL1U,花咲かせ隊,1076,13,3447,1117200,8,8,8,7,8,8,9,9,65
QBDXV7KX6,たぬ,A8Y33CALF,ソロ,1077,4,3448,1117000,7,9,9,7,8,8,8,9,65
SU704Y57D,ShiP3,HPTHY23VR,蓮ノ空文芸部,1072,12,3449,1116800,1,6,8,9,5,7,7,7,50
NUC8EEY8G,たかはし,X7C21B7H7,泥,841,1,3450,1116600,6,6,8,5,7,8,4,8,52
Y4GLOZ0A8,えーたん,J0N1E3Y09,月火水木金土日,1299,15,3451,1116400,8,7,7,8,8,7,9,9,63
2MD5236N8,ゆー,3FF3NB77X,せーはす愛好会,927,0,3452,1116200,6,5,7,5,6,5,7,7,48
WFL6UVC29,ガリレオ,YDYH4VRRP,レンクウ,1306,2,3452,1116200,9,10,9,8,7,8,10,8,69
CVAZ525CV,柊園ノ使徒,MG2RMMN2B,欲にまみれた梢,889,2,3454,1116000,7,6,8,4,7,7,7,5,51
FBV24R5LR,Kuma,X33HHA9F8,アルストロメリア,292,0,3455,1115800,8,5,10,6,7,5,6,5,52
7XW5PM3HC,リンスキ,L1VGJTD5P,蓮ノ空お茶会部,1263,17,3456,1115600,10,10,10,10,10,10,10,10,80
HH5J5BECH,「ムウ」,T8X0G07YB,なければ立てる！,1254,3,3457,1115400,8,7,7,7,7,7,6,10,59
83C1P1A20,かものはし,HPTHY23VR,蓮ノ空文芸部,1328,7,3458,1115200,7,6,5,1,10,10,9,8,56
XGW9PRRG8,せり,07JW71HWG,良いチケで観よう,1433,18,3459,1115000,10,10,10,10,10,10,10,10,80
P98G1CEUE,のねるーしゃ,XK83VXEED,TUAS,1210,14,3459,1115000,8,8,9,7,9,8,7,10,66
81F57TPD1,おかp,NB0HX9KP8,かほてぃあん,1053,2,3461,1114800,7,8,4,9,6,1,9,8,52
3RXN3AJYC,SENTA,KGDNX3EF3,ENcircle,975,5,3462,1114600,8,6,10,6,10,6,6,6,58
BHCTQEOBW,チャラディオン,HBK6KCRPP,無言でおけ,1215,4,3463,1114400,9,8,9,5,7,8,9,8,63
DHN36R7GK,赤色色々,HUYTHRVUX,らっこ,647,2,3464,1114200,3,5,4,1,6,4,3,1,27
L4GWK959D,まいまい,3HDDYR4FU,旅人,1202,0,3465,1114000,6,9,9,7,8,7,9,8,63
HABC12MD0,赤騎士,8NFDBY4L5,浄龍桐生会,763,0,3466,1113800,8,9,8,6,9,7,6,7,60
MSCXU1CA6,ひとはし,ABALH0AL3,楽園計画,1366,18,3467,1113600,8,7,9,7,9,8,8,10,66
6E97YXJKM,,N7GLY2RUW,百生銀行,1149,9,3467,1113600,6,6,8,8,8,7,8,8,59
33KY2CSGV,雁擬,ABU58EVJ2,Quatuor,1227,6,3469,1113400,6,7,6,7,7,6,7,8,54
PHKLRXGCC,ザンジャン,6CC83J3EJ,蓮之空台灣分部,706,1,3470,1113200,6,5,8,6,4,4,7,8,48
2ZLK602NK,same,N8L41JAA7,無言 ノルマなし,1090,0,3471,1113000,7,7,7,5,8,7,7,7,55
90C5H5PNF,いぬ,UHF5Y8PEF,さやちゃん倶楽部,1091,1,3472,1112800,10,10,9,7,9,8,9,9,71
DF4T3MJW6,takofly,0H64RCBD0,シャットダウン？,1011,7,3473,1112600,8,9,8,6,8,8,8,9,64
XBJKA63GC,bell,N2KCENRKH,猫＆旅大好き部,1044,12,3474,1112400,8,8,7,7,8,8,8,8,62
ZIYBF5JZW,ナーシャ,RM7N1JDB5,無言推奨不干渉会,940,9,3474,1112400,1,7,4,4,10,10,8,7,51
J1M106G9U,ことりのおやつ,3BE2RELRC,見晴台,1285,5,3476,1112200,8,7,8,6,8,8,8,9,62
9VVAR16ZD,たあこ,5L9GNT78V,叶え！私達の◯◯,1250,13,3477,1112000,7,8,9,6,10,9,10,9,68
BF4UP447J,岸壁の母,FMKP92LRL,目が霞む人達,343,0,3478,1111800,8,7,10,6,7,8,7,8,61
L76GX8WR4,SIU,FK5MUK0ET,くる♡すきクラブ,1315,15,3479,1111600,8,8,9,6,8,8,9,9,65
6V4C7PHJN,ReoNa,HBD61R6WC,梢先輩すきすき部,1178,16,3480,1111400,9,8,10,10,10,10,10,10,77
MEE7LVPHD,リンクラ２３月目,H0CCTJREV,ソロ活動～休止中,1115,15,3481,1111200,7,6,8,8,10,10,8,8,65
IJ01XIN5A,みつき,J7N4W6Y1K,こずミックラブ♡,1278,6,3481,1111200,8,5,9,6,8,7,10,8,61
I38XTO92W,タツ,36DAM7HBL,蓮隠れノ里,1064,12,3483,1111000,10,10,10,10,10,10,10,10,80
MCP956821,O次郎,43HRXMXWA,無言OKクラブ,1325,18,3484,1110800,10,9,10,9,10,9,9,9,75
KR05EVJCF,またたび3,C80XC2L54,ライグラ用,982,8,3485,1110600,7,8,7,8,6,7,8,9,60
JBW2FDTNR,ノ助,2B97MH4YA,同じ話し何回も…,373,0,3486,1110400,8,9,7,5,9,7,5,4,54
5M9YM8MVE,やすぴー,DHBGK1398,となりにこな,1057,12,3487,1110200,7,8,7,8,9,6,5,9,59
9HIOUSLAM,あおつき,4XRHRYDW4,無言でエンジョイ,1376,12,3488,1110000,9,9,8,8,7,8,8,7,64
VD9PY8RG3,30代女性作曲家,0XUV5025C,めぐめぐバブり隊,595,4,3488,1110000,7,5,7,6,4,8,7,1,45
TRPX4XV4B,桑山,X33HHA9F8,アルストロメリア,1122,7,3490,1109800,8,7,7,5,9,9,7,7,59
C33KFBU1N,しゅう(^o^),AND13836G,乙宗梢親衛隊,800,4,3491,1109600,5,9,9,4,7,7,4,5,50
PLNHMXFW8,ミクロンごく,C9DAJ6YFV,のんびり,1269,18,3492,1109400,10,10,10,10,10,10,10,10,80
GMC2EXT1P,苏（su）雨仙,AWFDLJ1HC,小蓮花（重生版x,813,2,3493,1109200,8,4,7,4,3,4,4,7,41
4DTRE3LXC,いさき,95TAREFPT,ご自由にどうぞ,1093,2,3494,1109000,4,6,7,6,7,6,7,7,50
DHTBGUFMD,増えたうさぎ,Y2P9LABR2,スクステ同好会③,1173,2,3495,1108800,8,8,8,7,10,8,9,10,68
VYD2A18CD,あたリめ,WAT20PN3Y,こな党,1343,15,3495,1108800,5,5,8,5,7,5,7,8,50
5C23KT41S,ケロケロ,DHKUGEWBJ,めぐ党虹ヶ咲支部,1102,13,3497,1108600,6,6,9,7,6,8,9,8,59
T1GTJV3LT,kyu,HRTGYAN3N,3度の飯より睡眠,1006,3,3498,1108400,9,7,8,7,10,9,8,8,66
GL3WKV3PN,sake,865UE9UC6,蓮ノ空うどん部,835,2,3499,1108200,4,2,1,4,3,5,7,7,33
01717LQKU,01/ゼロとイチ,A92R69HTH,Lotus123,1402,5,3500,1108000,10,9,10,8,9,9,10,10,75
E5EDAWQS6,よーなな,6045Y2RW7,ポチっと！蓮ノ空,1235,10,3501,1107800,9,8,9,6,10,10,9,9,70
EB953FGYG,むらさき,0CEA9XFKR,蓮ノ空の泥人会,262,0,3502,1107600,8,5,7,8,2,3,6,1,40
UV5EANYV0,ペガサス,9FF5JBNDF,めぐすきクラブ,1064,6,3502,1107600,8,9,9,7,9,7,8,8,65
ZQ3HP3POH,彡紺,GN1798YEX,ド!ド!同好会,1409,7,3504,1107400,9,8,10,6,8,8,5,9,63
W8BJZ0I0E,f960013b,YD2XWWFA4,蓮好き好きクラブ,1163,15,3505,1107200,8,7,8,6,9,7,10,8,63
19838U7YT,のぞやま,G6EH0KHT7,なんもわからん,1186,12,3506,1107000,7,7,9,6,7,8,8,9,61
8D3FMPYIH,fu.kuno,0CEA9XFKR,蓮ノ空の泥人会,1245,5,3507,1106800,8,8,8,7,8,7,10,10,66
762ZY9B09,たろう,JTX1G19BP,さやかほ癒し会,1200,3,3508,1106600,8,7,8,6,7,7,7,8,58
UV5HEP7GN,ぬるぽん,FR5PDRB5Y,株式会社つづさや,1071,12,3509,1106400,7,8,6,6,7,6,6,6,52
J4UB1N4AY,ドラキチ,PPAHU1TNY,蓮ノ空のんびり部,991,5,3509,1106400,10,10,10,10,10,10,10,10,80
L017T3R7D,かまえる,JRAC1HYUD,SPHS-MMT,496,0,3511,1106200,7,10,1,5,6,3,5,10,47
EPGYJ4Y86,さくらんぼ,KGDNX3EF3,ENcircle,921,1,3512,1106000,6,9,9,5,6,7,8,8,58
0RH71W7J8,そらね,KW0RM1LEP,はすっこくらぶ,1061,8,3513,1105800,7,9,8,7,8,7,8,8,62
F4S1FCK8S,MIO,V7768X8AC,せーので！,1105,13,3514,1105600,5,5,8,4,10,8,8,8,56
POCOZSQEA,ういのん,0CBM28JP6,ほうき星,1321,6,3515,1105400,7,6,8,4,7,7,6,9,54
WW0937PXY,るん,FG4170141,♪さやか愛好会♪,430,0,3516,1105200,6,6,5,6,6,6,7,7,49
AHNEAG9AJ,ラブラ牧場,DHKUGEWBJ,めぐ党虹ヶ咲支部,1078,7,3516,1105200,7,6,9,4,10,8,8,10,62
X65BAL5W4,Shiro,E7UBFLW56,同好会の同好会,554,2,3518,1105000,1,9,5,4,7,1,3,7,37
DPANK2A17,みつのん,HNUF2ERN0,個人主義,1387,1,3519,1104800,10,8,10,6,8,6,8,9,65
SR9B7FZ1N,ガストロン,48BTAPMBG,蓮ノ空魔術部,1308,14,3520,1104600,10,10,10,10,10,10,10,10,80
FW5B2P4BS,オレンジペコ,NN4U6NV2W,蓮ノ空好き好き〜,1210,2,3521,1104400,5,2,7,5,6,7,8,7,47
N22CAJ51M,1日1落単,GN1798YEX,ド!ド!同好会,719,0,3522,1104200,10,10,10,10,10,10,10,10,80
RXJVL7G33,ひかり,2DYYAPFVN,蓮っ子村,1043,5,3523,1104000,8,9,9,8,10,9,7,6,66
JTBY5LE0U,とば,43HRXMXWA,無言OKクラブ,1127,2,3524,1103800,8,8,8,7,8,8,5,9,61
16XMBG4N0,すいと,5NPVVUGH7,蓮すきすきクラブ,1312,14,3524,1103800,9,9,9,8,9,8,10,10,72
6WCVA9HWL,しずなみ,FFMGXLUAA,蓮ノ空鉄道研究会,686,0,3526,1103600,6,5,9,4,7,7,8,7,53
83GVD5P3L,あの日忘れた傘,BW38LDPRF,蓮浦の星空,893,4,3527,1103200,7,9,9,5,7,7,9,8,61
DAA0K4TXM,「54」,LX25CP0TG,深夜の芋煮処,1092,3,3528,1103000,7,6,7,7,8,9,7,9,60
7TFGLDYA6,だいだい,FG5VFFNRK,蓮ノ空おじさん,1154,11,3529,1102800,8,9,8,8,9,10,8,8,68
EY6VF5WB6,タケノコ,UX96YX4T1,『位置について』,838,5,3530,1102600,5,4,4,8,4,4,8,8,45
6UD8SM4WC,むそう,C6V311T2P,LotuSky,1227,13,3530,1102600,5,4,7,6,8,7,8,9,54
ULV5VGUHB,ましろん,HKETDDCK6,ぼっちざ蓮!!,619,0,3532,1102400,9,9,9,9,9,8,7,9,69
17F37EKBW,まっすう,VP0K6KF0K,蓮ノ空大好き!!,1294,16,3533,1102200,10,10,10,10,10,10,10,10,80
BL0UBIGDQ,かずひと,9UKKACGDU,蓮っ子CLUB,1220,7,3534,1102000,7,4,8,6,8,8,7,9,57
5C6X0KFV6,おけまるの介,W26TRPM1R,めぐ党藤島派,1116,16,3535,1101800,2,4,2,1,2,3,4,2,20
9LMB4FHT6,かよりる,AH27N260E,百生信託銀行,941,3,3536,1101600,10,7,10,10,8,8,6,7,66
CFG9N35NH,Eremurus,6YTAMD33M,リリエンフェル党,464,0,3537,1101400,4,10,5,2,4,9,10,10,54
CJN2VVJL0,Tsumuji,WHWT61ELR,【無言】ハスノソ,1176,7,3537,1101400,9,7,9,7,8,8,8,7,63
TU21CLZUK,すずか☆かほめぐ,HBK6KCRPP,無言でおけ,1471,8,3539,1101200,10,7,9,7,10,10,10,7,70
RHAMR1347,マユ,Y6JNPC60C,綴理メイト,1209,15,3540,1101000,8,8,10,9,8,9,10,10,72
JCPJ3JCW4,閃空,7R8NKPAB1,花帆推し倶楽部,1405,15,3541,1100800,10,10,10,10,10,10,10,10,80
6TAURY0XE,つかたに,2NY9H8BR9,乙宗紅茶館,1166,16,3542,1100600,10,10,10,10,10,10,9,10,79
45JLTCV7K,MJ,6FWRD1K40,いちじょ海賊団,1046,13,3543,1100400,1,4,8,10,7,5,7,9,51
AH3M6YMJK,HANN,H0DV3JJGA,かほさやてぇてぇ,644,2,3544,1100200,7,6,7,1,5,5,5,1,37
GAB8OG02M,kon,2UKNVBMBU,梢ちゃん同好会,1452,18,3544,1100200,10,10,10,9,10,10,10,10,79
VBKPZ9TK8,ゆりか,UN4AHCLTX,蓮ノ初心者,1452,15,3546,1100000,10,10,10,10,10,9,9,9,77
38C08KYV7,瑠璃介,HBK6KCRPP,無言でおけ,946,3,3547,1099800,6,4,3,3,6,5,4,9,40
7AJTWJEDM,Miraii,2U4GLJXLJ,泥の中の養分,1031,3,3548,1099600,8,7,8,7,5,5,8,6,54
5JVWDDW92,にけ,CWLK3KKHG,LGドルケストラ,942,5,3549,1099400,1,8,6,2,7,2,10,5,41
KMYG7T3FT,ぷらる,535L2H3JU,Lotus329,1148,0,3550,1099200,7,7,8,6,7,7,8,8,58
SJMDF6E95,カンス先輩,CT8XW752X,蓮ノ空写真部,1196,3,3551,1099000,7,7,7,5,7,5,6,7,51
9W7CH610B,はんぺん,5VBB4F8N2,灰色ペンギン,941,3,3551,1099000,6,7,7,6,8,8,8,9,59
DF9YB7149,JiN,C8A8KLVC6,Esprit,949,6,3553,1098800,1,7,10,1,5,1,9,9,43
PY7378DY4,ひさと333号,G33U9YWT7,ゆるりゆるり,1221,8,3554,1098600,7,4,8,5,8,7,9,9,57
U6WJPTGAF,demidar,PDMPF3VVV,r/LL,955,4,3555,1098400,7,8,10,5,8,8,7,7,60
61RXN1MFW,ヒビー,WAT20PN3Y,こな党,1028,5,3556,1098200,7,7,7,5,7,6,7,7,53
5LKFWHUXA,Striker,A3472CNJE,ハントン✿ライス,1285,4,3557,1098000,9,8,10,9,8,7,10,10,71
RKDUGJ43M,フラン,GPKTRBCTT,騎空団蓮ノ空支部,1066,8,3558,1097800,5,9,5,4,7,6,9,9,54
182PYVUKC,るーすい,WLFW6UCX5,無敵級ビリーバー,1209,18,3558,1097800,10,10,10,10,10,10,10,10,80
MFX0F4155,ゆりたす,GPKTRBCTT,騎空団蓮ノ空支部,761,0,3560,1097600,7,6,8,5,7,6,6,7,52
LBX336NBX,バート,RF5215M2U,スクステ同好会②,1418,4,3561,1097400,9,9,9,7,8,9,8,10,69
PJNJH16H7,Ko-ki,5JA9K5FAK,オタサーの姫芽,1421,15,3562,1097200,10,10,10,10,10,10,10,10,80
P5YU8ONYI,テノベーザ,AND13836G,乙宗梢親衛隊,1221,11,3563,1097000,7,7,8,4,6,6,8,8,54
HJQ6ETZ4Q,lei,HKETDDCK6,ぼっちざ蓮!!,1228,18,3564,1096800,8,7,9,8,8,8,8,8,64
R665C74A1,マナブ,7R8NKPAB1,花帆推し倶楽部,1006,3,3565,1096600,6,7,7,7,6,6,6,7,52
JDNP4MCYU,ナッツ,GJCKB88YE,P&S,1045,4,3565,1096600,7,8,9,7,4,4,6,4,49
VRZV7BROS,はる,L1VGJTD5P,蓮ノ空お茶会部,1050,5,3567,1096400,7,7,8,7,8,6,7,7,57
YV0DB8493,はんぞ,GW4CH70HK,TKG同好会,1115,6,3568,1096200,9,10,10,9,8,8,9,9,72
655IAB6QB,花海きらら,G8F0M2PH2,アフターウォール,1120,11,3569,1096000,7,7,6,5,6,4,7,10,52
XWC27ERTD,あんげ,HB9AU9DJJ,聖心党,1048,4,3570,1095800,4,5,10,4,1,9,6,5,44
X7CUWKDVA,かりんとう,C0NDBKMRB,すりぃずぶぅ家,1324,2,3571,1095600,9,9,8,9,9,8,9,9,70
FNTPXR1YB,坂木,DFXN9DB2H,どんぐり共和国,1160,3,3572,1095400,7,5,8,4,10,7,3,7,51
7WY4JMEFL,まんじゅ,KXU941RFJ,梢先輩おめでとう,436,0,3572,1095400,6,7,10,7,7,8,9,6,60
9G8SYUY5J,North,BPHHYC793,ソロ専の集い,1158,13,3574,1095200,10,10,10,9,10,10,9,9,77
0693U5612,とりゆか,V6DV6KETG,梢好き好きクラブ,759,0,3575,1095000,6,6,6,4,7,6,7,4,46
18YXUKEW4,Mikoto,BELCUYCMH,蓮hkg香港分部,1062,3,3576,1094800,8,6,8,5,7,6,6,4,50
M2JF48R82,くぼ,53M4V2BVG,吟子の髪飾り,918,1,3577,1094600,8,7,8,8,7,7,8,8,61
T2JPCHLA8,みやび,3UV13EUUA,こずこずしてきた,1008,6,3578,1094400,6,6,7,6,9,9,6,7,56
E2VA2UUV6,やつで,7NJM1VURM,らんるん部。,1302,9,3579,1094200,8,6,7,10,4,3,9,9,56
PJYEBRURT,しょーじ,CTW8DKV5P,まったり,1191,13,3580,1094000,10,9,10,10,10,9,10,10,78
HCL0M4FD2,マールト,17AEM7PUN,SIFcord,737,4,3580,1094000,9,8,7,4,5,4,8,8,53
Q2MRX2YM7,しょんじー,414CEUPEH,アフター見よう！,1162,6,3582,1093800,8,10,8,6,10,8,10,10,70
T1CWAIKC7,Dave,7XH3K4GBT,LLP,1033,11,3583,1093600,5,6,7,8,10,4,8,7,55
XDFELVLT9,ふぃりあ,GR65FP8VN,蓮好き,595,0,3584,1093400,6,6,8,7,6,6,7,7,53
LV8N78XU4,たまごパン,U05XB59WH,まったり猫,422,1,3585,1093200,6,7,7,10,4,7,6,5,52
UFLPMI3S1,Kokoro,17AEM7PUN,SIFcord,950,6,3586,1093000,6,5,5,7,6,5,7,4,45
REA74EBJ3,あさゆき,KND3T7056,ぽかぽかモガの村,1156,14,3587,1092800,7,8,10,7,10,8,9,9,68
E8NZFATG4,Takumi,80K5510JB,CoreSolo,956,4,3587,1092800,6,6,6,7,5,6,6,6,48
8RGU3ED8W,如月,XVTV7MVCX,雪月花,582,4,3589,1092600,10,10,8,10,7,10,10,7,72
BK72B9VX8,左々右,GCFA4WL28,乙宗梢を愛で隊,822,1,3590,1092400,5,4,7,4,6,4,6,5,41
7FBJ50B3E,メリッサ,8MLVA67AK,聖ミリオン女学園,1050,0,3591,1092200,9,8,10,7,8,8,8,9,67
UNJAN07RY,てるぴ,2ULM366U6,毎日がエブリデイ,1410,3,3592,1092000,9,9,9,6,7,6,9,10,65
74C00PR0G,火掻き棒,G8K4NUR4T,ステージ創造科,749,0,3593,1091800,5,5,5,5,7,7,4,8,46
JK8RYMVC2,かなどら,HMBW9DXY2,蓮好き皆あつまれ,570,2,3594,1091600,6,6,7,1,10,10,8,7,55
3UPVA4G92,オト,NB0HX9KP8,かほてぃあん,1107,15,3594,1091600,8,8,10,7,10,10,8,8,69
R8GYUW1YV,アルマータ,UVK38MFR2,蓮の虚無サー,656,0,3596,1091400,7,10,6,5,10,8,9,8,63
AUJANDO8S,MMS銀行,JE7V5MM31,蓮ノ沼に沈んだ泥,1346,17,3597,1091200,6,4,8,7,6,4,6,7,48
0RGZTSV31,未確認コンビーフ,KW0RM1LEP,はすっこくらぶ,1326,15,3598,1091000,8,8,8,7,9,8,8,7,63
Z6L0MX197,いちシート,2AUM7L9BW,蓮初心者クラブ,1060,11,3599,1090800,8,10,9,6,9,8,9,8,67
0CPFA3PTM,かりんたや,25PMPEMG7,星見プロ,1512,15,3600,1090600,10,9,10,9,10,10,10,10,78
5AC20S1SB,CEiS,FH7G62PKW,月火水木金土日,1353,7,3601,1090400,6,6,10,4,8,6,8,8,56
7MYG0N2A7,ラムダ,N0EXH1CM1,ぱちぱち徒町,1002,0,3601,1090400,10,7,10,7,8,7,9,9,67
BB9PK0NPU,ケイ,WE4AB37FP,めぐ党,1244,4,3603,1090200,7,7,7,5,7,6,7,9,55
TBWFHHE1Q,karapo,7U20138DB,LGP,1360,12,3604,1090000,8,10,9,7,10,8,10,10,72
4FLL5NPJU,StSwMC,GN9EEL045,きらくに,983,13,3605,1089800,9,6,9,4,6,6,7,7,54
JRREWG0DT,K.12,9X07VGM42,近江町食べ歩き隊,961,2,3606,1089600,8,7,8,7,8,9,8,9,64
4R386HDXY,眼鏡,R3UE4PGCE,うさぎ小屋,730,0,3607,1089400,5,4,5,4,4,5,6,7,40
5E9TJEEDJ,サラダ,GPKTRBCTT,騎空団蓮ノ空支部,912,6,3608,1089200,4,7,7,4,7,5,6,5,45
IY82P74JP,相鉄,9JTF508LB,スクスタ亡霊部,1212,17,3608,1089200,8,7,8,10,8,10,8,8,67
SNYSNFYOP,すずめ,CTW8DKV5P,まったり,1410,3,3610,1089000,8,9,9,10,9,9,10,10,74
RNT12ESL2,とにこ,TTDBXERCU,蓮ノ空 全力応援,1298,8,3611,1088800,8,6,10,7,7,8,8,7,61
W6OP2F9NH,うさりん,L1VGJTD5P,蓮ノ空お茶会部,1514,1,3612,1088600,10,10,10,10,10,10,10,10,80
HV0CBWWHY,たまごやき,HBUK6F7CC,乙宗梢なりきり部,1388,9,3613,1088400,1,1,1,1,9,2,7,1,23
G4WW8PRGV,パン屋/KUGE,T3XUTYGC3,隔離病棟,1026,4,3614,1088200,4,5,7,4,4,7,6,7,44
77Y6R841Y,シャリア・ブル,AG9PKMMC3,ぱかぱか同好会,1006,7,3615,1088000,9,8,10,10,7,7,10,7,68
0I4R533B1,NORIp,HMBW9DXY2,蓮好き皆あつまれ,1243,5,3615,1088000,8,7,10,7,6,7,8,8,61
GQLE2MVF2,ソラ,YHFDP2WRA,気分屋,922,1,3617,1087800,7,7,7,5,7,5,7,4,49
9KH620XY7,みみみ,BH9YH1YL5,ラブライバーの森,1190,2,3618,1087600,6,4,7,4,3,4,6,7,41
JC18R59JE,♨️,9WPD78N1A,蓮ノ監獄,499,0,3619,1087400,9,10,10,8,9,8,9,10,73
WS2ZDST9S,ひえろ,N94LEWF2D,無言よわよわの会,1006,1,3620,1087200,8,8,8,6,9,8,7,10,64
ABE32HFX7,ざっそ,1XX6FWJRB,オートスキップ団,1382,18,3621,1087000,10,10,10,8,9,9,10,10,76
BPMBTBL6F,Mizuki,7U20138DB,LGP,1065,14,3622,1086800,5,4,6,2,8,1,7,6,39
3XVJ9HC1U,テンペスタス,2JVBK752G,卍愛蓮説卍,947,2,3622,1086800,6,5,6,6,5,4,8,8,48
9MK0D5YBT,蝗,NA8FEYN0M,蓮ノ空飲酒クラブ,1018,12,3624,1086600,7,7,8,6,7,8,8,8,59
UDW2JEGEN,シロ,J7N4W6Y1K,こずミックラブ♡,891,6,3625,1086400,4,10,2,1,9,1,7,5,39
8YU9L30JC,にじの,1DU9LCND7,蓮ノ空すこやか部,1146,16,3626,1086200,5,4,4,4,6,10,4,5,42
9HXU3ISMP,ちきちき,FJMA5BPPE,蓮ノ空すきすき部,1431,15,3627,1086000,10,10,10,10,10,10,10,10,80
PNX9K9YJD,初夏,E7UBFLW56,同好会の同好会,697,0,3628,1085800,7,8,10,9,8,8,9,9,68
YPBUEGLFW,sapphire,23PGPJ3NV,蓮ビギナーの集い,1172,17,3629,1085600,10,9,10,9,10,7,10,10,75
KWRFG3WEH,しらたま,LUDNM40F8,ふくふく無言OK,1154,9,3629,1085600,7,7,8,4,7,9,7,8,57
G4B419TOO,にんげん,573J1JVVK,かほかほ,1180,5,3631,1085200,8,7,9,7,8,8,7,8,62
8071A0HW1,にょっく,G0J2F9NAL,さやさやさーくる,1048,16,3632,1085000,8,9,7,10,10,9,9,8,70
9EBN8N33L,Rina,AAHB7C276,HaCordVN,1020,13,3633,1084800,7,4,7,6,8,7,6,4,49
1NJPHEN0K,ゆう,EECF9C0N3,蓮ノ空　茨城分校,397,0,3634,1084600,9,10,10,9,9,8,9,9,73
UPW5X4M8M,ハロめぐ~,L1VGJTD5P,蓮ノ空お茶会部,822,2,3635,1084400,6,6,7,6,6,6,6,5,48
9OEVVFHNS,nabe,N34LHVJKN,のんびり堂,1270,9,3636,1084200,8,8,8,8,9,8,8,7,64
23J7B80WC,けた,YE7CX8RNP,蓮ノ大三十角ex,1314,3,3636,1084200,6,5,5,7,5,2,8,5,43
C1M48C14N,のなし,HBK6KCRPP,無言でおけ,1021,11,3638,1084000,7,8,10,7,9,8,9,10,68
96B88D56E,ちーちゃん,NJBBTCY3A,かにかに！,1034,8,3639,1083800,9,9,10,8,8,7,8,8,67
YGGMGH33C,Alice,PDMPF3VVV,r/LL,1048,0,3640,1083600,8,7,8,5,7,7,7,8,57
20GG4UL98,歩夢の黒網タイツ,ABU58EVJ2,Quatuor,969,4,3641,1083400,4,4,4,4,4,2,3,2,27
0TNGLPKNB,つづるり大明神,ABU58EVJ2,Quatuor,889,5,3642,1083200,8,7,7,6,8,7,6,7,56
JJW9NIOIO,クラトキノ,JU476V6K9,ポチッ！,1222,6,3643,1083000,5,7,7,7,7,7,7,7,54
7ULBV8HD6,ハンガー,5KK3DFY18,MUGEN∞,1242,2,3643,1083000,7,4,7,6,7,5,7,10,53
9BVGW3WYE,つかちゃん,R36E2402X,蓮ノ軌跡見守り隊,1114,12,3645,1082800,4,5,8,7,4,4,6,9,47
KW1H2NI7G,いあみん,4FXPC55PY,PPIHクラブ,1216,2,3646,1082600,7,6,10,8,6,7,8,10,62
AHFOC54DV,名無しの女学院生,79C17CHA2,蓮ノ空出張部,1134,0,3647,1082400,7,7,8,8,8,8,7,8,61
F4XQXXDDH,ハバネロ,73N4AB3LR,かほ子のイオン,1403,1,3648,1082200,9,9,9,9,8,10,9,8,71
ZGJRWAVJL,fran,YMKU30246,参加賞がほしい,944,7,3649,1082000,7,7,8,5,7,7,6,7,54
KP0UUPORZ,エンジャ,UNY76JJDE,ラブライ部,1226,9,3650,1081800,7,6,10,5,7,5,9,9,58
GGB8NT5LG,めあ,2ULM366U6,毎日がエブリデイ,1374,17,3650,1081800,9,8,9,8,8,8,10,10,70
U0VPYD90F,ゆうゆう,V78LAX1HN,蓮ノ空ボドゲ部,1261,2,3652,1081600,7,7,7,8,7,8,9,8,61
01U8LDAEW,HYMN,KA652DGYV,ゆるリンクラ,962,5,3653,1081400,8,8,8,6,4,5,9,9,57
7T3C53EH6,もこ,P2J37FNLG,乙宗先生指導会,942,6,3654,1081200,7,7,7,7,6,6,7,7,54
ADBABX82F,あばぼ,MCFN901TJ,ワノ国天祥,643,0,3655,1081000,7,8,6,4,7,7,5,9,53
LEH4EK924,Array,BT22M41DV,梢花帆吟子同好会,937,3,3656,1080800,10,3,6,6,5,10,10,9,59
UZNL744FG,タクたく,WX1DYC9Y1,ラナンキュラス,1242,17,3657,1080600,10,6,6,7,6,6,7,10,58
GG1H7V88M,うじはじ,XHJLF3R8H,ゆったりプレイ,951,4,3657,1080600,6,5,2,4,4,4,7,5,37
FOF1YITIM,ゆり♡,RW90G4W5W,めぐめぐめぐ党,1617,18,3659,1080400,10,10,10,10,10,10,10,10,80
GBEAVAB4E,らむにく,1D7T2UXC2,無言でのんびり,830,4,3660,1080200,2,7,5,7,3,10,2,6,42
BJV4CQSRG,taktom,8YDE8BXJT,ずんだシェイク！,1309,10,3661,1080000,9,8,8,7,10,10,10,10,72
45GD581TM,시현,L28X4MDJN,アフター観たいぞ,1053,13,3662,1079800,6,6,7,10,10,10,9,10,68
80HT9JB67,うみゃん,CM5THHYHB,「」ノ空だけれど,1300,6,3663,1079600,10,9,9,8,9,8,8,10,71
JB65GWR1D,のてびき,FL60DG573,海未×蓮妄想部,1288,4,3664,1079400,8,8,8,6,9,7,8,10,64
WOU71KWLD,めざぱ,K4TAHF9YA,はすっこ準備室,1012,1,3664,1079400,4,1,5,5,4,3,2,8,32
6N52VGGGR,すけきち,573J1JVVK,かほかほ,569,1,3666,1079200,8,10,10,5,5,8,7,7,60
8LM0J5QVT,らじたろ,VNXM47FN9,機械さん専攻,1071,2,3667,1079000,7,8,8,6,6,7,6,7,55
RGFV55H8A,茶々,8VGXWTV3U,R.opRizm,477,0,3668,1078800,10,8,8,7,8,10,9,8,68
39FN90H9W,やが,9WJB6YPPN,温室花畑,1430,12,3669,1078400,10,10,10,7,10,9,10,10,76
EBDXVEW0W,HIRO,YADX9DY49,ﾊｽﾉｿﾗｰ,888,1,3670,1078200,9,10,6,5,3,3,4,8,48
Y1YH9W3N3,まとぅ,G59NGM0XA,シュリーレン,1115,7,3670,1078200,4,9,7,4,8,4,7,8,51
OHRURSNPU,のの,35BYVN5AW,めぐ党員の憂鬱,1390,18,3672,1078000,8,9,9,7,8,9,8,9,67
WWA2UST5S,火星帝王,YAD615PCK,蓮を咲かせる泥達,1242,3,3673,1077800,7,9,8,7,9,8,8,8,64
G1N3ND8MT,とらきち,427WENUC4,心の癒し～蓮ノ空,1335,4,3674,1077600,9,7,7,8,9,9,9,7,65
XJD539JBT,裾漏らし,MG3X118W7,大室家,917,4,3675,1077400,8,7,7,5,7,7,7,5,53
5DTKEF3JJ,晓杭,0B8RTHY4D,のんびり屋さん,719,1,3676,1077200,10,8,9,5,5,5,6,10,58
KRVGKRBL1,シロン,DALU6BL7L,東方星蓮船,901,4,3677,1077000,7,7,9,1,9,2,7,7,49
VA35DJCD9,月理,L1VGJTD5P,蓮ノ空お茶会部,992,8,3677,1077000,7,7,8,7,8,7,8,9,61
N5RXNRMNM,ミック,VVMVJE2R7,吟子ちゃん応援団,1288,18,3679,1076800,7,8,7,5,9,8,4,9,57
1998214HF,大福,865UE9UC6,蓮ノ空うどん部,580,2,3680,1076600,9,8,5,4,6,1,6,5,44
VBJABKXCW,翼,DFFYFJ2B6,つづさや好き過ぎ,1235,10,3681,1076400,5,4,5,6,8,6,4,4,42
62Y70C7GP,tam,9FF5JBNDF,めぐすきクラブ,593,2,3682,1076200,7,8,7,7,9,7,8,8,61
W7R60V6FV,きりりん,KGY709ULG,蓮の花束,947,2,3683,1076000,5,6,7,4,7,4,7,7,47
PBHMENECL,銘名,G8F0M2PH2,アフターウォール,1086,3,3684,1075800,9,7,9,7,7,7,6,8,60
BBVXVKXYD,ヨシノボリ,8R49BTWW6,蓮女お嬢様クラブ,1117,6,3684,1075800,6,6,8,6,8,7,8,8,57
9KDJEYB1T,みいまる,R181MKNX1,みらくらは人生！,1141,12,3686,1075600,9,8,9,8,8,8,8,8,66
A8BANJXEE,たけのこ,1DU9LCND7,蓮ノ空すこやか部,1146,5,3687,1075400,8,8,9,6,8,9,9,9,66
8RDB2RWKT,ハヤサク,97BGFLKW9,◯◯◯,1174,4,3688,1075200,5,5,7,4,6,6,10,7,50
ZHA8KR27D,アカとんぼ,F08AHUJJ0,綴理のお世話係,1279,15,3689,1075000,7,7,7,5,7,7,7,7,54
WHWLWR37R,さいどめにゅん,KT4P0CHHC,ゆったり同好会,657,5,3690,1074800,8,8,8,2,5,9,5,2,47
UMGJUHW64,幸 冷菓,8DY1N1Y50,まにまに,1004,8,3691,1074600,7,8,8,7,7,7,6,7,57
DCFGCRPR8,ゆふ,NDGW77R2V,こず花帆尊い,1014,2,3692,1074400,8,7,7,7,8,7,7,8,59
IFUPYKR0L,くまのすけ,KBJ2P8T0Y,人見知りの集い,1179,13,3692,1074400,8,8,9,6,9,8,7,7,62
K0VWNO9RA,ルシ。,V26546K3D,乙宗気合筋肉,1314,3,3694,1074200,5,4,5,8,7,8,7,10,54
UD8VF7X9X,キュゥべえ,T9NYVCUC8,ねそべり愛でる会,1080,9,3695,1074000,7,6,10,6,7,8,5,5,54
7ZFC8RSJ2,かがみもち,7DWNRBTGA,なにもしない,934,0,3696,1073800,7,8,7,7,6,7,7,7,56
44NRA3FYG,ティタ,FG5VFFNRK,蓮ノ空おじさん,1083,4,3697,1073600,7,4,3,5,6,4,7,4,40
T34YF9DWH,高咲侑,NPLTAWN04,自由睡眠同好會,1171,17,3698,1073400,8,6,10,8,9,9,8,9,67
MQ74LJ95I,蜥蜴,DALU6BL7L,東方星蓮船,1354,17,3699,1073200,4,8,10,4,10,10,10,10,66
NSU3TCVRR,ぬぬ,WTJV514G9,蓮ノ空のお弁当屋,1197,2,3699,1073200,8,7,7,7,6,5,9,7,56
F5H424LJ8,Jun,B2KV0EVPD,蓮ちゅきクラブ,1090,4,3701,1073000,5,6,7,4,6,5,8,10,51
VAORDHLLC,Kisa,5YEE75CB4,ロビーで待ってる,1200,1,3702,1072800,10,9,10,9,9,9,8,9,73
7GNJ185AY,wawawa,CXG25026E,泥のみんなS,1148,0,3703,1072600,7,6,8,6,9,7,8,9,60
OOCUAWI57,hirokky,UMG1B9C7V,蓮ノ空女学院,1173,6,3704,1072400,8,6,9,7,8,8,8,8,62
EBAVN3FEY,T-2,TKVR3KU7L,ネギトロTKG,1256,2,3705,1072200,7,8,10,4,8,7,8,8,60
8062HTG1X,デパチカ,GKR9TEBYC,毎日がホリデイ♪,1261,9,3706,1072000,9,9,10,7,9,8,9,9,70
93VF9IBF8,チル,PH0YEPJD8,蓮ノ空北國金沢,1110,16,3706,1072000,5,8,8,8,10,6,8,5,58
2BSSQI1LZ,シャル,9AYD3XJ2D,ぺんぎん隊,1393,3,3708,1071800,9,8,10,7,9,9,10,9,71
V4HX7YGTL,red,JDHWPLJ32,くぁwせdrf,861,2,3709,1071600,7,8,9,5,7,5,7,8,56
H04KAEDYR,獅子の字,93B3T7BFR,GJ部,345,0,3710,1071400,10,8,9,6,6,5,4,5,53
UWR4VKRC7,お台場カノン,N0EXH1CM1,ぱちぱち徒町,1033,12,3711,1071200,7,5,6,5,7,7,7,7,51
R0JJ23TY7,Starwing,YKN19E3H3,大勢はこずかほ,1319,5,3712,1071000,9,8,9,8,9,9,9,9,70
8P0HM83YA,Ein,ABU58EVJ2,Quatuor,1017,3,3713,1070800,5,5,8,7,2,7,10,9,53
X29MANB8M,又梢錢,YFADYJVW4,FPS好きクラブ,964,6,3713,1070800,6,5,10,8,10,4,7,5,55
X7Y2RKHC7,Ent.,E515TRU1G,起きろ夕霧綴理,1100,7,3715,1070600,4,2,7,10,6,10,9,8,56
5TVDOOKTJ,ゆゆ,3HDDYR4FU,旅人,1083,15,3716,1070400,7,7,8,5,7,7,7,7,55
ZVSBOET82,へる,V26546K3D,乙宗気合筋肉,1411,7,3717,1070200,6,7,8,6,6,6,9,10,58
R64J14HVT,白川彩羽,J800VVPTN,Aqours,671,0,3718,1070000,7,4,7,4,4,10,7,7,50
FVL8TMV0U,むなくぅ,9YM3DBTB7,泥民館,1274,15,3719,1069800,7,7,7,7,7,6,9,9,59
IVN9BKME2,スサノオブシドー,0B8RTHY4D,のんびり屋さん,1200,13,3720,1069600,6,10,10,8,10,10,10,10,74
KHV1TG9NI,星宮かぐら,JDAG79TG7,百合ノ空観察部,1289,15,3720,1069600,9,10,9,8,9,8,9,10,72
35D98PBRW,ミン,BT3GEWM5L,ささやか村の集い,1126,13,3722,1069400,8,8,9,7,8,8,9,9,66
78RRJULVG,かな,1DU9LCND7,蓮ノ空すこやか部,1169,4,3723,1069200,7,7,8,5,8,6,7,8,56
YVX2HMVVO,ふえふえ,F2M746D4B,頑張らないクラブ,956,6,3724,1069000,1,6,6,8,3,5,5,5,39
RHP279359,いんぐ,4RY75CKM4,LLすこ部　メ募,1059,12,3725,1068800,6,6,7,4,6,7,8,7,51
T853326MT,マスターデュエル,PLBBEX019,待機室目指し隊,1129,3,3726,1068600,7,7,7,5,8,7,6,5,52
R16J6JUJA,Wingzero,BK8AXMYGC,いってらっしゃい,1068,14,3727,1068400,4,6,5,8,6,9,6,8,52
67357AYCY,PEW,KGDNX3EF3,ENcircle,1110,4,3727,1068400,9,7,9,4,6,9,9,8,61
23LY1KLNG,ふらっぐ,V26546K3D,乙宗気合筋肉,1211,2,3729,1068200,7,5,6,8,3,6,7,7,49
7KK2LU102,GzStar17,8JMW9G2XW,僕らのリンクラ！,1093,14,3730,1068000,7,8,7,7,6,9,8,8,60
ERNG7TJX6,せんざい,N8L41JAA7,無言 ノルマなし,1266,7,3731,1067800,7,7,9,6,7,7,8,9,60
7AWB8LA8Y,ミュン,UX96YX4T1,『位置について』,354,0,3732,1067600,5,6,10,9,7,10,5,4,56
W5EAA1RLS,AOシロ,6D49YVAT7,ユニット愛で隊,1192,9,3733,1067400,8,6,9,8,9,5,8,8,61
5T4FL7MCR,ともふみ,BV6N464PB,あむ,1183,6,3734,1067200,9,9,9,8,10,9,10,10,74
8IC6045DL,なか,BT3GEWM5L,ささやか村の集い,1208,10,3734,1067200,8,9,7,8,8,10,7,8,65
2ZPAZ3DC1,Sese,YCNE1W7PD,1人用ダンボール,1372,8,3736,1067000,10,9,10,6,10,10,8,6,69
J58T7F4U5,和,Y2HV0YEF7,蓮ノ空を応援し隊,1114,2,3737,1066800,7,6,8,4,8,6,5,6,50
M3A0NUXH9,るく,FC8NBAJBT,ラー麺二郎金沢店,1127,9,3738,1066600,5,4,9,4,7,6,7,9,51
94L7MCC47,矢崎,ABALH0AL3,楽園計画,1026,3,3739,1066400,6,4,8,5,4,5,6,4,42
CZIPFNZ4E,ひとつの光,Y2R7E79U3,カワウソ同好会,1120,2,3740,1066200,5,6,8,7,6,5,6,8,51
EPC4MBL27,紫,U05XB59WH,まったり猫,959,5,3741,1066000,2,6,7,10,10,10,10,9,64
VTN3U1GCG,ヒナンジュ,R181MKNX1,みらくらは人生！,1032,3,3741,1066000,7,6,10,7,7,7,7,7,58
1VV281AK6,aqclk,T045NDKW0,♬さやか愛好会♬,1349,14,3743,1065800,5,3,4,7,4,4,7,7,41
SPBKRA71Z,ぬこたん,6H800PBV7,新鮮館,1189,6,3744,1065600,7,5,9,5,7,8,8,8,57
UKKTDBLTD,しの,GYG7B5R36,幼馴染同好会,1330,16,3745,1065400,9,10,9,8,8,8,10,8,70
6D0P7IPF9,aki,0YLUK30K6,蓮っコの集い,1017,12,3746,1065200,7,6,7,6,6,6,7,7,52
ZEHM6516A,ウトゥンドゥ,998H940YN,お嬢様筋トレ部,1332,16,3747,1065000,8,8,8,7,10,8,7,7,63
U1M7HX4P3,SKY,LEHXHMR8N,みらぱ全力待機部,1182,12,3748,1064800,1,4,7,6,9,8,10,8,53
U31GD64E5,kaoru,HA6MUTC30,自由なのだけれど,1110,3,3749,1064600,8,9,7,7,9,9,7,7,63
FT7V0M8BB,ベガ,GKR9TEBYC,毎日がホリデイ♪,1279,10,3749,1064600,9,9,10,9,9,8,10,9,73
W3671CVAG,徐行,VXDPPJJL1,蓮ノ空リボ課金部,1109,8,3751,1064400,10,10,10,10,10,10,10,10,80
X7DBAFS6A,ふろやん,1UBNNHVLG,蓮箱推し（仮）,1277,5,3752,1064200,8,7,7,6,6,6,8,9,57
IFYV6D44S,ポツ,43HRXMXWA,無言OKクラブ,1153,16,3753,1064000,10,7,9,8,10,10,10,8,72
KHANUJR37,ねぎとろ,5YXVKDEKV,サークル(仮),1112,7,3754,1063800,10,6,7,7,7,6,9,10,62
K52GEI8A4,アナゴ,G0WRCNRWK,県立沢庵図書館,1183,14,3755,1063600,9,8,9,8,10,9,8,9,70
K58HNU79B,アンディ,YD2XWWFA4,蓮好き好きクラブ,1373,15,3756,1063400,7,7,10,8,10,10,10,10,72
NJG7DAVT2,だえま麗奈,M206VENTF,蓮紺の会,1123,3,3756,1063400,8,6,9,7,6,7,8,8,59
FTW9VSAA8,ぽんすけ,AG9PKMMC3,ぱかぱか同好会,1291,12,3758,1063000,7,7,9,5,7,7,6,8,56
FPT5XEBVO,ゆゆゆーき,R1RM3X0WV,後方腕組みオタク,1021,3,3759,1062800,4,4,9,10,10,10,6,8,61
U2A1CRAJ5,花奈,AGJ215YND,蓮の空中國分校,1083,12,3760,1062600,5,4,7,5,6,5,8,8,48
CJXNTVBR6,Ｋz,NT2KU5174,こずかほ。,1155,12,3761,1062400,8,7,10,7,9,9,9,9,68
5HF76NMNJ,かえ,MTBP3B4GM,ふらわーすきすき,726,6,3762,1062200,9,10,10,10,10,10,9,9,77
S8E2XZ4MQ,レイ・オーキス,3HDDYR4FU,旅人,1219,12,3762,1062200,6,6,9,4,8,7,8,8,56
46EW8IIFD,秋水,1U4JN5CXB,LLユーカー部!,1256,3,3764,1062000,8,7,9,7,8,7,7,8,61
H827FHG5T,つな,FC8NBAJBT,ラー麺二郎金沢店,1506,16,3765,1061800,10,10,10,10,10,10,10,10,80
KEJVRIRI7,ミヤビーナス,J7N4W6Y1K,こずミックラブ♡,1566,13,3766,1061600,4,5,5,5,4,4,7,7,41
M7CJ4WTXJ,Izayoi,EWM0GK62C,誰でもどうぞ,676,0,3767,1061400,7,5,4,5,4,4,5,7,41
6HUJ74LGL,GOHAAAAN,NMT63RUDV,泥村,1435,18,3768,1061200,10,10,10,10,10,10,10,10,80
W4AN4N0W0,生しらす,X7C21B7H7,泥,329,0,3768,1061200,7,5,7,4,6,5,7,7,48
K41PLWG66,gra,0FMM30LCA,無言,619,1,3770,1061000,9,10,8,8,10,10,10,10,75
48TBWPLQE,かたこと,58FD7UF8J,としとしサークル,1067,1,3770,1061000,4,7,6,5,7,5,7,7,48
DYL2U7HWR,少年A,BT22M41DV,梢花帆吟子同好会,1394,16,3772,1060800,10,10,10,10,10,10,10,10,80
P8X44HS43,ツンちゃん,75UJ5RB97,蓮ノ空雪野球部,1170,14,3773,1060600,7,8,9,6,10,9,8,9,66
QIH5REL1B,Nakami,YNR28303K,りんくらぶ,1321,7,3774,1060400,10,10,9,7,10,10,10,10,76
FXRAFHXEE,2262z,919XF8V2V,蓮之空大三腳,1125,3,3775,1060200,4,4,7,6,4,5,7,8,45
X0K6E9WBT,アイ,K2L5DCVNR,REAL,1023,7,3776,1060000,8,8,7,6,9,7,8,7,60
79MB12KLX,煌神,M6JPV9MVW,フォルテシモ,1075,15,3777,1059800,8,8,10,10,8,9,6,7,66
PYN9U63LV,ヤドン柳田,7NFK6A4AN,だらけ屋本舗,1201,18,3777,1059800,8,7,9,6,8,8,8,7,61
FG44KGL6K,天狗（てんぐ）,9JTF508LB,スクスタ亡霊部,1259,18,3779,1059600,9,10,10,9,10,9,10,10,77
XPRR2C3RM,カル,4FXPC55PY,PPIHクラブ,1175,16,3779,1059600,10,10,10,10,10,10,10,10,80
EGJ7V5MKO,Rcsjk,BWD9U1EJ2,蓮之空中国同好会,1264,14,3781,1059400,7,7,7,6,7,6,10,10,60
0F7MEF8A4,Yosuke,HK0E91U71,放課後写真部,1334,15,3782,1059200,9,8,10,8,8,8,9,9,69
T976NU3FV,れきてー,MTBP3B4GM,ふらわーすきすき,1089,9,3783,1059000,10,9,9,9,10,10,10,10,77
7F091505K,ボンディーヤ,L1VGJTD5P,蓮ノ空お茶会部,1014,3,3783,1059000,5,5,5,4,6,5,7,7,44
NN6156T93,よぴ,GW4CH70HK,TKG同好会,1312,9,3785,1058800,8,7,10,7,9,8,8,10,67
MVVCJ7TDR,Darcy,BEMED3RY1,無言無課金ok,943,3,3786,1058600,7,7,9,8,9,8,7,7,62
UDO57A1F2,としあき,E76N52LMW,イベントのみ,1309,9,3786,1058600,10,10,10,9,10,9,10,10,78
7RA05XXU9,つとむ,VNGFF4PY9,ねずみね！,1008,6,3788,1058400,7,9,9,7,8,7,6,7,60
R8MBDU45F,武諒,73CBYJYB0,"oNM,",1066,7,3789,1058200,10,9,8,8,10,10,10,10,75
E1REWHBKH,DN梢,GVT61ATX0,なのだけれど,1122,6,3790,1058000,8,7,9,7,7,7,8,8,61
2Y0DBCTHC,さっくん,18YYNRFGA,LotusSky,499,2,3790,1058000,5,5,3,5,7,6,4,2,37
5LT3LJ3EG,gamoti,FK5MUK0ET,くる♡すきクラブ,709,3,3792,1057800,8,10,9,7,10,8,9,10,71
5EM9A70TY,ダーヤマ,85D411XNB,蓮っ子の集い,975,11,3793,1057600,4,4,7,7,4,4,7,4,41
O017GBZ7N,アイプル,73CBYJYB0,"oNM,",1366,9,3794,1057400,10,9,10,9,10,10,9,9,76
MLOI79WFB,やずな,06DCWC1RE,とりあえず参戦用,996,0,3794,1057400,6,10,9,4,9,9,7,7,61
O98OIJEXZ,ルルドルフ,E7UBFLW56,同好会の同好会,1270,17,3794,1057400,9,9,8,8,9,7,8,8,66
T2ZMW9GYQ,さけ,CTW8DKV5P,まったり,890,2,3797,1057200,5,6,10,4,4,4,6,7,46
L87PBVPT3,NM,W26TRPM1R,めぐ党藤島派,1217,3,3798,1057000,8,8,8,10,8,8,7,8,65
HCCN656H4,おもち,G0J2F9NAL,さやさやさーくる,563,2,3799,1056800,8,5,6,4,5,4,6,4,42
WBTPGXRAC,Edge,AVY8PECF0,初心者の集い,949,8,3799,1056800,10,10,10,10,10,10,10,10,80
IL0YUCRSU,ばいお,HBUK6F7CC,乙宗梢なりきり部,1577,18,3801,1056600,10,10,10,7,10,10,10,10,77
B7UHN1DBC,Xavier,W26TRPM1R,めぐ党藤島派,1262,9,3802,1056400,8,10,6,6,10,8,8,7,63
2U8BL3TC7,オーコー,1618JMRED,リンクラ自習室,1008,9,3802,1056400,8,10,10,9,9,10,9,8,73
9QGWDQJH0,なまなま,36T6UB6YA,まったり箱推し部,1086,2,3804,1056200,4,4,5,4,7,5,10,10,49
PAJWEEFBW,イワーク,73N4AB3LR,かほ子のイオン,1287,11,3804,1056200,7,7,9,5,8,7,9,8,60
8TL4RB208,trista,NC2YT2V28,蓮之愛同予者何人,1110,11,3806,1056000,9,10,10,5,10,8,9,7,68
WUW9R9MMD,キタキツネ,23PGPJ3NV,蓮ビギナーの集い,928,1,3807,1055800,8,6,8,4,6,7,6,7,52
1BBLPVFAR,みけ,VP0K6KF0K,蓮ノ空大好き!!,811,0,3808,1055600,7,4,8,7,7,5,10,9,57
J89QLWCS0,ツキミ@PTT,HWJ8XPW0T,箱推しなのだけど,1323,0,3809,1055400,10,8,10,9,10,9,8,9,73
LA7NGCG9V,うしぞう,HWJ8XPW0T,箱推しなのだけど,1144,0,3810,1055000,7,5,9,5,6,5,9,9,55
OJRB4HK3W,沢田セブン,A8BJ5V3ET,はすのそら,1163,2,3811,1054800,6,7,5,5,9,7,9,9,57
7K2JJT6P9,プラチナ,BY5NV4UU8,トライファイター,1306,3,3811,1054800,9,8,8,9,8,8,9,8,67
YG52CAR85,あらもち,C9DAJ6YFV,のんびり,910,5,3813,1054600,8,8,10,8,9,8,8,8,67
0JTUK1DL8,まる,BPHHYC793,ソロ専の集い,945,6,3813,1054600,6,7,10,6,9,10,9,8,65
F2JHCLRDN,鰍沢,96LWYJ3Y6,無言絡みなし,585,2,3815,1054400,7,7,10,7,10,7,7,7,62
LJJD2P45P,yaopen,A3X92L6YU,お試し用サークル,991,10,3816,1054200,9,8,9,7,7,8,10,5,63
00MH3P2WY,SkyEagle,U740C25T1,ごろちゃんず,871,1,3816,1054200,7,6,6,4,10,8,6,5,52
DOEFYHPS5,青いバラ,RF5215M2U,スクステ同好会②,1189,9,3818,1054000,7,6,6,6,6,6,6,8,51
GNK589N7E,タルヲ,YNR28303K,りんくらぶ,943,2,3819,1053800,1,3,9,4,4,7,6,7,41
7LZR2T26G,ぬまんちゅ,ABU58EVJ2,Quatuor,1096,3,3820,1053600,8,8,7,7,8,8,7,7,60
A6L18JGCG,Lynx,0CEA9XFKR,蓮ノ空の泥人会,1165,3,3820,1053600,9,9,9,7,9,8,7,8,66
T49C014RN,めろんぱん,Y7KJ3PM8P,蓮すきすき同好会,924,2,3822,1053400,5,4,4,4,6,5,2,5,35
N0RU7XDMX,ショウ,VY26V3P0K,AltF4され隊,1040,13,3823,1053200,7,6,8,6,8,7,9,8,59
NW13DWUTV,とも,R9T0YKDW8,バブまち応援隊,1244,14,3824,1053000,7,8,10,7,10,9,10,10,71
RD5277HR8,なぴ,K25DPPGT9,圧倒的にまったり,921,0,3824,1053000,6,5,8,6,6,6,8,8,53
Q99L20OEH,らったん,KXU941RFJ,梢先輩おめでとう,1126,3,3826,1052800,8,7,8,6,8,7,8,7,59
X5HJGNDO3,あきる音 ないと,AND13836G,乙宗梢親衛隊,1162,3,3827,1052600,8,4,4,10,7,5,7,8,53
78BDHKKK0,ビー玉,Y2R7E79U3,カワウソ同好会,1305,5,3828,1052400,8,8,10,9,9,8,9,10,71
92WGW0ANF,イハナ,N0EXH1CM1,ぱちぱち徒町,862,0,3828,1052400,4,5,4,4,3,3,2,4,29
6PN684N6E,椿姫,3YWMY4JVN,82プロ,1160,16,3830,1052200,5,5,7,4,5,8,6,8,48
QHFX25I9C,かむなゆ,V4GR2N4X8,お台場in金沢,1035,3,3831,1052000,7,10,9,10,7,7,8,9,67
W1XAEMK31,アヒル,DFXN9DB2H,どんぐり共和国,1108,8,3831,1052000,9,8,9,7,10,10,3,10,66
1Y77ENT4Z,あちら,LHXNEF3D5,まるまるサークル,1318,18,3833,1051800,7,10,10,10,9,10,10,10,76
79W54BD8P,かび、,NA8FEYN0M,蓮ノ空飲酒クラブ,919,7,3834,1051600,9,5,1,10,4,9,4,7,49
MYP1BFM9U,むっく,NK17PY5LW,のんびり,1322,4,3835,1051400,7,10,10,10,10,10,10,10,77
5U8U3WENP,K算,KGDNX3EF3,ENcircle,1094,3,3836,1051200,7,8,10,8,7,7,8,9,64
T9JT7RQ1J,修造,HMBW9DXY2,蓮好き皆あつまれ,1172,11,3836,1051200,7,6,7,8,9,7,8,7,59
GKRX7E7R9,いちごプリン,66BTJEEV6,ほりでぃぱーく!,1320,17,3838,1051000,9,8,8,6,7,7,7,8,60
7A25KTNAE,あずにゃん,8M6UDX260,ぽけもん好き,413,0,3838,1051000,7,5,8,5,7,8,9,7,56
I1U3V478O,いるか,1BME38BCD,さすさやクラブ,1176,8,3840,1050800,8,8,7,7,8,8,8,7,61
KBKPD3W89,なろ,85D411XNB,蓮っ子の集い,939,9,3841,1050600,10,9,10,8,8,9,8,8,70
5PWF38X87,背番号33,PPAHU1TNY,蓮ノ空のんびり部,993,6,3842,1050400,9,7,8,7,6,6,7,4,54
E58TCOAQF,乙宗さやか,HBUK6F7CC,乙宗梢なりきり部,1381,15,3842,1050400,6,10,7,7,10,7,9,9,65
3W0RKLGFN,かえで,7R8NKPAB1,花帆推し倶楽部,1251,14,3844,1050200,9,9,10,8,10,10,8,8,72
YPN3XNM6Y,YAMA23,LLDLG20UU,UR取り隊,988,0,3845,1050000,6,7,8,4,6,7,6,7,51
X8WLM16L2,ㅤ,WFPA7YJE1,蓮ノ空文芸部,1058,6,3845,1050000,8,7,8,8,7,7,6,7,58
2YXM0JB6A,BLUESKY,EYEPHE14G,花上梢頭,856,0,3847,1049800,7,7,6,3,9,2,7,7,48
NUURJ1ZXW,Ayu*,HBM31HMUY,YUKIZURI,1171,12,3847,1049800,9,8,10,8,10,10,8,5,68
VSCFTBIAB,MKごはん,NGMU0511T,無言のお茶会,1214,18,3849,1049600,1,9,6,8,10,10,10,10,64
VDAWF6H8B,はなもえ,919XF8V2V,蓮之空大三腳,875,2,3850,1049400,10,9,10,9,8,8,8,9,71
W413KCJ21,花宮ももこ,W3F0URUJC,梢先輩応援団,923,6,3850,1049400,9,8,6,5,5,5,7,4,49
HFE7UZ1HP,しるふら,1U4JN5CXB,LLユーカー部!,1074,3,3852,1049200,7,4,5,7,4,4,8,7,46
GPBJPXVUT,すなお,L28X4MDJN,アフター観たいぞ,1163,7,3853,1049000,6,7,7,6,8,8,10,10,62
LTH7G555H,ショウ熊,VNEJ2RNW0,まったりんくら,1146,17,3854,1048800,10,10,10,10,10,10,10,10,80
ODB9TPVPK,Su☆Ga☆Ma,E7R11MYE8,ゆったり蓮ノ空,718,0,3854,1048800,10,6,8,5,7,6,6,5,53
SHJY62H4I,ふらんふらん,4TALX5GJ6,ライグラ体験会場,1021,6,3854,1048800,7,8,9,5,9,10,7,9,64
CFB715D6H,ふ,H1XNGBDFT,ちーむUK,801,4,3857,1048600,4,7,7,5,6,8,9,9,55
JJAQ6J1B1,さんかく,RAP9FVR3B,あばうといち,1286,4,3858,1048400,8,7,8,5,7,7,7,8,57
KX7XW70BK,にまはん。,NJBBTCY3A,かにかに！,450,2,3859,1048200,6,6,9,8,10,6,8,2,55
5GA1DDMN0,hikari,573J1JVVK,かほかほ,474,2,3859,1048200,5,3,5,4,7,7,6,8,45
D4ELFBWG2,にゃむle,0PJ19NAE3,蓮ノ空同好会☆,622,0,3861,1048000,10,10,9,8,10,10,7,6,70
2412X6C3J,アオイ,2AUM7L9BW,蓮初心者クラブ,528,0,3862,1047800,7,2,6,8,2,2,4,1,32
V7D0CO8AN,Sugar,HBK6KCRPP,無言でおけ,1567,13,3863,1047600,10,10,10,10,10,10,10,10,80
KYFKHTHHR,たくぼん,DDKKFN9Y5,蓮ノ空箱推し部！,897,4,3863,1047600,9,8,8,7,9,7,7,7,62
HNPU8P6L0,ゴリラ,6045Y2RW7,ポチっと！蓮ノ空,1200,0,3863,1047600,1,2,2,1,8,7,6,1,28
PWCXVB1YJ,KOz,KGDNX3EF3,ENcircle,1100,4,3866,1047400,7,7,8,6,8,6,8,8,58
253HLO1CB,あるてみす,KT4C59NXG,めぐ島,1360,12,3867,1047200,5,7,7,4,6,5,7,5,46
MCCUM53MR,Lang,DKNHY5HH6,なす料理研究会,425,0,3868,1046800,5,8,10,3,4,10,6,5,51
CHLCVOL10,れあす,CX967RTGY,おんゆあさーくる,1030,7,3869,1046600,9,10,10,9,10,10,10,10,78
C45S83ZHQ,すやP,95TAREFPT,ご自由にどうぞ,1392,18,3869,1046600,9,10,8,9,8,9,9,9,71
M2MEG8J22,りっぷる,WCUAMVY9X,ゔんゔん會,1127,2,3871,1046400,8,10,8,10,10,10,10,10,76
ELURNGUDH,とーすい,L28X4MDJN,アフター観たいぞ,1149,18,3871,1046400,10,10,10,10,10,10,9,9,78
6FIK9ZFYZ,琉珈（ルカ）,J7N4W6Y1K,こずミックラブ♡,1229,18,3873,1046200,8,6,8,6,7,6,10,10,61
CBR337FMZ,ケイゴ,J8HXTJ8TB,流し素麺同好会,1349,8,3874,1046000,10,10,10,10,10,10,10,10,80
W8E443WTL,しょくしょう,4KRBU0KFF,ノーチャン会,1255,15,3875,1045800,10,7,10,7,7,10,9,10,70
V39YW7DT7,GUNEXE,919XF8V2V,蓮之空大三腳,1056,13,3876,1045600,5,10,10,8,9,9,8,7,66
EK1DBEXLU,タイトルホルダー,X34LWGL6R,サークル2,1244,10,3876,1045600,7,10,8,10,10,9,8,8,70
H60VJNDKT,和花,V1G3KNET8,パンダ和花,1140,12,3878,1045400,9,9,9,10,10,10,9,8,74
3LGOQIOSC,raeeee,K25DPPGT9,圧倒的にまったり,1160,11,3879,1045200,7,8,9,8,9,9,10,9,69
EA3M0YHYN,アリス,L28X4MDJN,アフター観たいぞ,865,0,3880,1045000,3,4,7,7,7,7,4,7,46
FH6NAKK5K,Kばやし,A73H7ENN2,エロマンガ同好会,736,0,3880,1045000,7,6,8,9,8,8,8,8,62
68XB2P192,置手紙京子,BWD9U1EJ2,蓮之空中国同好会,1017,7,3882,1044800,7,7,5,5,7,7,7,7,52
FXJVPAJ8K,ペンギン,4XRHRYDW4,無言でエンジョイ,1144,2,3883,1044600,8,7,8,5,7,7,6,8,56
4F4RNBLT1,ジョーカー,PJ3NB5XFM,箱推し,1023,9,3884,1044400,4,4,7,5,7,4,7,8,46
8M0YM2D1H,213,7R8NKPAB1,花帆推し倶楽部,1166,11,3884,1044400,6,6,9,8,10,9,7,8,63
R6FP8HFKK,ふるかね,R1RM3X0WV,後方腕組みオタク,1064,3,3886,1044200,7,6,8,5,7,6,8,9,56
0YNR6FZYP,アカミソ,4XRHRYDW4,無言でエンジョイ,1357,15,3887,1044000,8,10,8,8,8,8,8,7,65
HB840DYBA,ひかり,MTBP3B4GM,ふらわーすきすき,1124,13,3887,1044000,8,8,9,4,9,9,9,9,65
IJBTEP4FZ,ゆるぽソニア,T4WY63DB9,ういのま,997,5,3889,1043800,4,10,8,4,10,10,7,10,63
4AYTAA1YT,むー｡❀,TB7GJ57D7,シャイニーフラワ,1275,18,3889,1043800,10,10,10,10,10,10,10,10,80
BSVI4O7H3,ばたく,8R49BTWW6,蓮女お嬢様クラブ,1302,16,3891,1043600,7,6,7,6,10,9,8,7,60
XULX036T1,敗北者,J0PT5EX42,スクスタモ部,592,0,3892,1043400,10,10,10,10,10,10,10,10,80
S19ANJ1G5,マッギョピー,J7N4W6Y1K,こずミックラブ♡,1268,4,3892,1043400,7,6,7,9,7,8,9,10,63
YG0YPMRAW,ホリ,K25DPPGT9,圧倒的にまったり,1181,3,3894,1043200,4,4,5,7,6,1,6,10,43
38K69PA61,マルコ,YVV9CMBLW,東京公演で沼落ち,949,6,3895,1043000,1,2,9,4,7,7,7,7,44
3E4TD2M4B,ヌャ-nuXya,KXU941RFJ,梢先輩おめでとう,1080,12,3896,1042800,8,8,8,7,8,9,7,7,62
TT3AFK1E5,Ur,7D5TKBG45,リ!リ!リ！,1208,18,3897,1042600,5,4,7,5,5,6,10,10,52
HCWVELP07,ちゃば,TX92H9GBV,アフターが見たい,844,2,3897,1042600,6,7,5,5,7,6,5,7,48
BDA4ZLNWU,ふうら,B5V2LNN43,WMW,1421,12,3899,1042400,10,10,10,10,10,10,10,10,80
TMK02L6FT,天空のいずみん,T045NDKW0,♬さやか愛好会♬,1037,1,3900,1042200,6,4,6,6,4,7,7,9,49
0P4MD9MKL,たこ,2ULM366U6,毎日がエブリデイ,1138,11,3901,1042000,9,5,5,10,6,5,8,8,56
T1JEJVVJ1,ほしょう,T8X0G07YB,なければ立てる！,1350,6,3902,1041800,9,8,9,9,8,8,8,8,67
6X9S3U27W,keibong,2NY9H8BR9,乙宗紅茶館,1503,13,3902,1041800,10,10,10,10,10,10,10,10,80
HXDR0W669,Shimo,J4KPR8GX0,関西ラ研,798,6,3904,1041600,5,9,4,5,8,8,3,1,43
QSD6EDSOZ,緑グミ,7XH3K4GBT,LLP,1306,13,3905,1041400,10,8,8,8,7,9,2,9,61
UYA3K8J9X,TOMATO,G6KE802PE,L！L！ラ！,937,4,3905,1041400,4,8,7,5,6,7,6,5,48
7J6C9ISNR,つくし,D7H8MN2U4,LLD,927,0,3907,1041200,5,7,7,5,5,5,6,5,45
XU1CM0TF2,Lequel,29TKRJB1G,星夏,701,1,3907,1041200,4,6,8,10,6,5,3,7,49
R18ES5Q3C,nova,EECF9C0N3,蓮ノ空　茨城分校,1080,13,3909,1041000,6,9,8,8,9,7,7,8,62
Y0998CGL7,harry,BMR3178HR,蓮ノ空シアター,1045,2,3910,1040800,8,8,9,8,8,8,8,8,65
CEUBNJ4F6,a,N8L41JAA7,無言 ノルマなし,922,7,3911,1040600,10,6,10,6,6,6,7,6,57
6D0PUHWWB,Finn,DMDVHGFUG,インドネシア仲間,1177,10,3911,1040600,7,7,7,7,8,10,8,7,61
AFW08DLYW,みつぼ,3EJX5WB1A,金沢綴理門,1395,5,3913,1040400,7,7,9,8,8,7,9,8,63
AYXJ0G79D,咲,7XH3K4GBT,LLP,1318,18,3914,1040200,10,10,10,10,10,10,10,10,80
4A5NPA960,しんすけ,GGK2P93JK,きゃらめる,418,0,3914,1040200,10,10,10,9,8,10,10,9,76
KLYUB88OO,くうちゃん,UX96YX4T1,『位置について』,1027,8,3914,1040200,10,10,10,10,10,10,10,10,80
CGP8W2TPX,はにロキ,TD87P23DJ,黄昏の旅団,1510,17,3917,1040000,10,9,8,4,7,9,6,10,63
IO7DUMT4T,温泉饅頭,59AK7LJ7A,とりあえず,1289,1,3918,1039800,7,6,10,6,6,10,10,10,65
VGYN8M9J4,西枕,424NLTEE8,無言な異次元部屋,1151,9,3919,1039600,7,7,7,7,7,7,9,8,59
F595EB6AJ,キャンド,0YLUK30K6,蓮っコの集い,324,0,3919,1039600,10,10,10,10,10,10,10,10,80
W4YMOPTA6,アオバ,H6JWBBGCG,蓮天・乙宗一心流,1301,15,3921,1039400,10,9,9,7,9,10,9,8,71
KRVL27LVH,zuzu,M08GKL70U,ららマジ難民の会,1005,11,3922,1039200,9,7,8,7,8,8,7,7,61
UKGTVLNSD,クリス,JTX1G19BP,さやかほ癒し会,1202,8,3923,1039000,5,8,8,6,10,9,8,9,63
GWYZPXC5J,エレジー,75UJ5RB97,蓮ノ空雪野球部,1118,2,3923,1039000,8,7,10,6,7,7,8,7,60
EMRX0UNKU,ＮＯＥ,X33HHA9F8,アルストロメリア,916,0,3923,1039000,5,7,7,5,4,4,4,5,41
V8Y4EJTDP,あさはパン派,M3VFRN1CW,Feslive用,399,0,3926,1038800,5,6,5,4,6,5,7,5,43
55NOFQECS,双葉,L1VGJTD5P,蓮ノ空お茶会部,878,3,3927,1038600,4,5,7,4,2,4,6,7,39
T6U80F9NB,カズ,K0ATKT27L,中川左遷先,782,2,3928,1038400,10,6,5,2,10,5,6,6,50
1NUYTLQVF,Manu,7XH3K4GBT,LLP,1127,12,3929,1038200,4,4,6,5,8,7,3,4,41
3VJZVZZZO,たかイブ,C6V311T2P,LotuSky,1135,4,3930,1038000,9,8,7,7,7,6,8,7,59
FX71RE30Y,こびー,KXB93FVTR,ブルームガーデン,1341,4,3931,1037800,8,8,10,7,9,8,10,10,70
09P9ANX24,ウェイ,NJBBTCY3A,かにかに！,500,2,3931,1037800,2,9,10,4,6,4,6,5,46
5PSM037LM,アルパカ,HMBW9DXY2,蓮好き皆あつまれ,1071,6,3933,1037600,7,6,5,4,6,6,7,7,48
5O0HMLKPZ,りあ,E76N52LMW,イベントのみ,1117,17,3934,1037400,9,8,10,7,9,9,9,8,69
BY68E709X,ぽてころち,2K5AM4RV0,とろぺりです,1065,0,3934,1037400,8,8,8,9,7,7,7,9,63
MEN43JBG3,ぷらね,1618JMRED,リンクラ自習室,881,2,3936,1037200,6,7,8,6,6,7,6,8,54
4BBU9CAED,さいか,NDGW77R2V,こず花帆尊い,926,3,3937,1037000,5,6,7,7,7,6,7,7,52
NE73PT6X3,りぞっと,KGY709ULG,蓮の花束,363,0,3937,1037000,9,9,8,4,10,10,8,6,64
70JWEB9JC,純喫茶パフェ子,BKUHCT7WF,蓮女お嬢様部,1241,16,3939,1036800,5,6,5,6,7,7,9,8,53
VOS1JQ8PQ,Mikano,KGDNX3EF3,ENcircle,1159,5,3940,1036600,6,6,10,6,8,9,8,9,62
6H1PM082P,あゆちん,DHKUGEWBJ,めぐ党虹ヶ咲支部,795,7,3940,1036600,7,7,5,1,4,2,2,7,35
DGUJ5MDE6,来栖りんすきすき,C021HVB2B,第3芸能科,1283,5,3942,1036400,7,6,8,4,7,8,6,7,53
KZSHJWQOU,HoiWai,3BE2RELRC,見晴台,924,0,3942,1036400,10,10,10,7,10,8,10,10,75
3FCUYWNGY,観月しおり,Y6JNPC60C,綴理メイト,1331,4,3944,1036200,10,10,10,10,10,10,10,9,79
SR8KKLUZT,こめぞー,A208R9K5F,蓮ノ空の空気,1314,11,3945,1036000,10,10,10,10,10,10,10,10,80
6L0JHA0WH,がちっぽ,E7UBFLW56,同好会の同好会,1067,4,3946,1035800,7,4,5,5,7,5,6,5,44
3A05F5V7E,Kai,DFFYFJ2B6,つづさや好き過ぎ,726,4,3946,1035800,10,8,9,8,7,8,8,5,63
T8P3V12A2,ネコとウサギ,CMH1RXEGH,仮拠点,1042,10,3948,1035600,7,9,9,6,6,6,8,9,60
88R8E6HHD,れい,9R15VM25A,考え中,393,0,3949,1035400,7,6,8,4,4,7,6,1,43
FXHU7EHD3,Leon,HBCC35887,そりゃー!!!,1366,18,3949,1035400,9,9,8,5,10,9,9,9,68
CLG78YDBE,あるひの,BEMED3RY1,無言無課金ok,966,1,3951,1035200,7,5,8,8,4,4,8,8,52
MRLTF4RD0,ありさ,AH27N260E,百生信託銀行,466,0,3951,1035200,4,8,9,10,5,6,4,9,55
TH7YK48A3,おちゃちゃ,DKE1C6BC0,ティーパーティー,538,0,3953,1035000,8,7,7,5,7,7,8,5,54
ED7PEYHMF,ハヤミドリ,YMKU30246,参加賞がほしい,383,0,3954,1034800,7,10,8,7,7,8,7,8,62
P2R8GGUT5,モスsdsb,R47BK5ETJ,Hurray,404,0,3955,1034600,10,9,10,6,9,10,8,9,71
K4Y0UMPMJ,圣女琉璃乃,AND13836G,乙宗梢親衛隊,374,2,3956,1034400,5,5,10,4,7,10,6,4,51
2DKP1R0BO,リョーマ,BEMED3RY1,無言無課金ok,996,2,3957,1034200,5,7,5,7,7,7,7,7,52
MX01EIBNX,チョココロネ,W26TRPM1R,めぐ党藤島派,1069,3,3958,1034000,8,6,7,8,5,5,8,5,52
H49UXG0TR,Houseki1,18YYNRFGA,LotusSky,1034,9,3958,1034000,8,10,10,7,10,8,8,7,68
TDJJBLMG0,YU,D7UA5ER1E,UR報酬欲しい！,815,2,3960,1033800,9,6,8,7,6,6,7,5,54
D9XG8NKP9,どんどこ,2B97MH4YA,同じ話し何回も…,881,4,3961,1033600,3,7,4,2,2,5,5,4,32
6A00GCUKJ,マッキー,C68491XHB,みらくらぽーく！,923,4,3961,1033600,7,5,7,5,7,7,6,5,49
U27N10HBM,とうかい,TBX7N9RK5,つよつよなLH,962,1,3963,1033400,6,4,7,6,7,7,4,5,46
Y0ZMVBKBG,あおえのき,75UJ5RB97,蓮ノ空雪野球部,1041,3,3964,1033200,7,6,9,4,7,5,6,5,49
GKM2AYI6Z,まよ,GPKTRBCTT,騎空団蓮ノ空支部,1075,7,3965,1033000,7,5,7,4,8,5,6,7,49
11MN4ULBT,ppq,Y337R7BW9,中国の蓮之空圈子,1150,10,3966,1032800,9,8,8,8,7,7,7,10,64
2ATXDPN0A,クティ,GN1798YEX,ド!ド!同好会,531,0,3967,1032600,6,5,5,4,6,5,3,7,41
40TOQV5U0,春乃はじめ,KC1W74B9B,蓮六園,1132,0,3967,1032600,5,4,5,7,6,7,9,9,52
7UJZFLDP4,なし星,AE3L01V24,LOVE蓮ノ空,1041,2,3969,1032400,5,5,10,10,10,10,10,7,67
HWGA1JNNR,ヒマリ,T40RLPJ4A,スリブ好き好き,920,1,3970,1032200,5,7,9,5,7,7,6,7,53
18TAN85P6,アルちゅ,PHMJLJY5E,ラブライブ愛好家,457,0,3971,1032000,9,10,8,7,9,8,8,7,66
N19LG1Y32,羊,NJBBTCY3A,かにかに！,735,2,3971,1032000,7,5,7,1,7,5,7,7,46
F9QPIAAE0,ライ,J8HXTJ8TB,流し素麺同好会,1282,6,3973,1031800,5,10,7,4,10,9,10,10,65
7M8WR1REU,きしい,X34LWGL6R,サークル2,923,3,3974,1031600,6,6,7,4,6,4,4,4,41
9W29TH6TH,マロングラッセ,B9B9MFAM1,スローライフ,1028,7,3974,1031600,10,6,8,9,10,6,6,9,64
DCFJDK8L7,ぺんぺん,1BME38BCD,さすさやクラブ,1371,15,3976,1031400,10,10,10,10,10,10,10,10,80
Y4MDE7GDJ,パンナコッタ君,V7768X8AC,せーので！,1258,6,3977,1031200,8,8,9,5,9,8,8,9,64
UCK9BBY03,ゆたから,MY7PHGEAX,かがやき号蓮女行,979,3,3978,1031000,6,4,8,5,6,6,7,5,47
EHGTNDHJ2,ゆきじ,72J5PWU5K,ライグラ待機室,1411,7,3979,1030800,9,9,9,7,10,9,9,10,72
HCVXQJN9Q,ジェイ,9FF5JBNDF,めぐすきクラブ,1074,2,3980,1030600,5,5,5,4,4,4,7,4,38
6KYDY01PU,nる,HBK6KCRPP,無言でおけ,690,1,3981,1030400,1,4,2,9,2,2,9,9,38
8XEWYC30M,きよまる,U98UKD6RY,異次元フェスP,1143,12,3981,1030400,8,8,8,7,8,8,10,10,67
O09FKXO4F,リボン,639NXLKJ5,Lotusky,1255,18,3981,1030400,7,6,7,6,7,7,6,7,53
GEBWT9CLK,zarame,K3LMN5JHH,金沢カレーの皿,1241,2,3984,1030200,9,8,9,6,8,7,7,9,63
6R0UL4BC6,kino,FMKP92LRL,目が霞む人達,1015,3,3985,1030000,7,6,7,4,7,6,7,7,51
9NL8E3H6Z,梓月,BWD9U1EJ2,蓮之空中国同好会,1177,13,3985,1030000,6,6,8,6,9,10,9,7,61
EK0FG6TXC,てぃー,7J5JK1W1W,高根町,1009,13,3987,1029600,8,8,9,7,7,8,6,7,60
WPYW07BAU,ねこまる,J7N4W6Y1K,こずミックラブ♡,1083,12,3988,1029400,5,6,8,7,6,8,8,9,57
N7UUJDZ9T,えいち,YAD615PCK,蓮を咲かせる泥達,995,11,3988,1029400,4,7,6,6,6,8,5,7,49
63JL9XU5J,tropical,2KJ2UEC3P,ういちゅけクラブ,1292,11,3990,1029200,10,10,10,10,10,10,10,10,80
VTN00CLF9,かずまる,KA652DGYV,ゆるリンクラ,682,0,3990,1029200,9,7,10,7,8,8,10,9,68
GTXA22UNF,しんまい,JX0BXWNWH,新米蓮好き好きC,615,0,3992,1029000,7,10,10,7,7,10,10,8,69
QFHEIH6YL,三ツ矢,2ULM366U6,毎日がエブリデイ,1306,12,3993,1028800,5,4,5,2,4,5,7,1,33
UFEA13M4N,こう,VLY5JDKCV,新規なのだけれど,853,6,3993,1028800,10,10,10,8,6,10,9,9,72
0DKTL49NM,ギンギンギンコ,2CRT48K9F,百万アンペア,287,0,3995,1028600,9,8,8,6,7,7,8,1,54
ESUXJEN6S,たか,YD2XWWFA4,蓮好き好きクラブ,1355,6,3996,1028400,9,9,9,7,9,8,7,9,67
YFWPH1A3A,りょーすやぴ..,X34LWGL6R,サークル2,668,1,3996,1028400,10,6,8,10,8,8,7,4,61
VGZ1CCVZ4,タナトス,W3UUXHMDV,水彩ブーケ,1328,6,3998,1028200,8,9,8,7,8,9,10,10,69
D2OR23P94,キール,UMG1B9C7V,蓮ノ空女学院,1344,10,3999,1028000,8,6,10,8,7,10,10,9,68
TJ3CMFFTX,芦屋ねる,K4TAHF9YA,はすっこ準備室,1025,11,3999,1028000,4,5,5,6,5,5,6,5,41
PLL896F5Y,Zeon,RWDWD9PP6,乙宗家の屋敷妖精,1035,5,4001,1027800,8,8,8,8,7,7,7,7,60
A0PDR4YW8,サコッシュ,MUXWTW1GV,蓮の空見守り隊,925,0,4002,1027600,7,7,4,5,5,7,3,9,47
MK1UPG0J6,Cooper,DHKUGEWBJ,めぐ党虹ヶ咲支部,922,4,4003,1027400,7,5,7,4,6,7,7,5,48
LWGJKRKLB,Jun.,N0EXH1CM1,ぱちぱち徒町,1071,0,4004,1027200,10,10,10,10,10,10,9,9,78
KT7VTPFMJ,ふみづき,9WJB6YPPN,温室花畑,1463,15,4004,1027200,10,10,10,10,10,10,10,10,80
B2W4CLPYL,ZAQ,43HRXMXWA,無言OKクラブ,779,1,4006,1027000,10,10,10,8,10,10,8,7,73
AWH20IHAB,明見鳥,1DU9LCND7,蓮ノ空すこやか部,1409,16,4007,1026800,8,9,9,7,9,9,9,7,67
TYMDCA3UB,kkok,D1VR7E35U,ひとり,511,0,4007,1026800,10,10,10,10,9,10,10,10,79
W19X0034C,つづえる,KFC62L0FV,ねるねる同好会,1116,6,4007,1026800,7,7,8,7,5,6,10,9,59
9CRNHC72D,葵葵子,NC2YT2V28,蓮之愛同予者何人,1219,14,4010,1026600,8,8,7,7,10,7,7,7,61
DRV2P81L0,ふみや,73CBYJYB0,"oNM,",1080,7,4011,1026400,9,7,7,7,9,10,9,8,66
J5NANM1FM,文文,7UX6117P2,重曹圖書館,560,0,4012,1026200,10,10,10,8,10,10,9,8,75
1E2NB5UBC,ベア・グリルス,6C9R15BLY,スクスタ避難民,1044,1,4012,1026200,8,8,8,7,8,9,7,7,62
P88CTSIZU,タカツミ,ULUELCJ7T,なるようになる？,1408,10,4014,1026000,8,6,9,5,8,10,10,10,66
T6K1JM7ND,かなえ,C8A9CTB34,蓮ノ空山岡家部,487,0,4015,1025800,6,4,9,1,4,7,6,7,44
TDTYCNO9S,アルコバレーノ,EECF9C0N3,蓮ノ空　茨城分校,944,0,4016,1025600,8,7,8,7,8,7,7,7,59
4SU5ZK0L0,でつ,V26546K3D,乙宗気合筋肉,1015,2,4016,1025600,8,8,8,8,7,8,6,7,60
15929XP5Z,とかまく,L1VGJTD5P,蓮ノ空お茶会部,1209,9,4018,1025400,7,7,8,8,8,8,7,8,61
6R97BN7AW,うなこ,BY88H1W9J,吟!!蓮女塾,949,5,4018,1025400,5,8,10,10,9,8,8,8,66
NVCN6W28X,レミハ,N6XAGG1BL,ゆいわに同好会,868,0,4020,1025200,6,6,8,5,6,5,9,9,54
EMG3MWRDK,Lio,9YTN0M5PV,月月火水木金金♪,975,8,4021,1025000,4,4,5,6,6,7,6,5,43
DIREP1W4U,アスパラ,EEP20F2M8,綴理の綴り,1100,11,4022,1024800,5,7,7,5,7,5,6,8,50
148N51HA0,どらべガス,L1VGJTD5P,蓮ノ空お茶会部,1213,18,4023,1024600,8,10,6,4,10,4,6,10,58
K3SYJ8EDY,わかちこ,JE7V5MM31,蓮ノ沼に沈んだ泥,1333,14,4024,1024400,6,5,8,5,10,7,9,9,59
Q8YX0Z3TC,andr4043,17AEM7PUN,SIFcord,1201,12,4025,1024200,7,6,9,4,8,7,9,8,58
BV314WCNG,マスヲ,47K017YJL,対抗戦(個人),873,4,4025,1024200,10,10,9,7,10,10,10,10,76
DE5UYEDHQ,棘,8M6UDX260,ぽけもん好き,1296,15,4027,1024000,10,10,10,10,10,10,10,10,80
WKGM0LNTY,あまいもん,6XX7GBM0K,ぷちぐる同好会,1157,4,4027,1024000,8,8,10,4,7,9,5,1,52
NMTY0TY3U,ひじり,G0J2F9NAL,さやさやさーくる,1139,16,4029,1023800,10,9,9,9,10,10,9,9,75
FT079MUNE,しがない,5KK3DFY18,MUGEN∞,1244,3,4030,1023600,7,5,7,9,7,7,9,10,61
6UML5MC6K,高山星司,6FWRD1K40,いちじょ海賊団,1402,10,4031,1023400,10,10,10,9,9,9,9,9,75
UXWC13T3C,える,YXKR0GGM4,蓮ノ空好き好き,1025,12,4031,1023400,1,10,10,6,10,10,10,4,61
BFERXX3NE,幸せのリボン,YFADYJVW4,FPS好きクラブ,1259,13,4033,1023200,10,9,8,6,8,7,8,9,65
U8C57K5U7,すとろーまん,T045NDKW0,♬さやか愛好会♬,1092,1,4034,1023000,7,7,7,4,4,3,7,4,43
YCC6WN5PA,さいく,PXDL7Y3VM,ビギナーズ改,610,0,4034,1023000,5,5,7,10,6,5,8,7,53
8XX2BAUAN,PU,Y2P9LABR2,スクステ同好会③,1355,14,4034,1023000,10,10,9,6,7,8,6,4,60
ZL808Y6DW,えあふ,XR2P2LDY3,蓮ノ空さいきょー,1128,3,4037,1022800,8,6,7,7,7,7,7,8,57
75DB78TWE,はね,DLF2YK8WN,サクサクサーカス,952,4,4038,1022600,4,4,7,4,5,6,6,7,43
CAX9XGU98,三枝このは,JVUNVCT8P,梢先輩のASMR,1157,9,4039,1022400,9,8,9,7,8,9,8,9,67
SCQONGVAU,balon,18YYNRFGA,LotusSky,459,2,4040,1022200,2,3,10,10,3,10,10,1,49
Z6MKBXGRD,むーさん,422KR6BPC,推しを愛する者達,1099,13,4041,1022000,4,10,4,10,8,5,10,2,53
UVP49MJTJ,トワ,PLBBEX019,待機室目指し隊,1087,9,4042,1021800,10,6,6,9,10,9,7,6,63
SX8DOUXI8,リリーフ,6045Y2RW7,ポチっと！蓮ノ空,1339,18,4042,1021800,8,7,10,7,9,9,10,9,69
FCV8B4U8P,やみれ,AGJ215YND,蓮の空中國分校,646,2,4042,1021800,10,10,8,5,6,8,5,8,60
1185PKQ3V,りりん,BELCUYCMH,蓮hkg香港分部,924,3,4045,1021600,1,5,7,7,6,6,7,7,46
MKGUUDRLT,卍獄殺,00T3NXXA9,初心者,990,13,4046,1021400,8,8,10,9,8,8,7,7,65
V74QP6CHQ,watoson,L28X4MDJN,アフター観たいぞ,1275,15,4046,1021400,8,7,9,6,8,6,9,9,62
3WVPAVLKH,R,9W43TY3MB,兎小屋ｼﾏﾘｽ部,956,3,4048,1021200,7,4,6,8,8,6,5,5,49
1JCNRIQ62,つるみがわ,578YG6EAT,桜桃花束愛聴会,1328,5,4049,1021000,6,6,9,6,9,4,8,8,56
H8ZVMUF5J,simaW,W26TRPM1R,めぐ党藤島派,1335,8,4050,1020800,7,4,9,5,8,7,4,6,50
B1FWYHJD0,Raddy,17AEM7PUN,SIFcord,795,6,4050,1020800,5,9,1,3,8,3,2,1,32
09J07B810,いのさん,57HNJ07NK,みらぱ推活最前列,1212,11,4052,1020600,10,8,10,7,10,10,10,10,75
65BU88J9Y,とうふ,HMBW9DXY2,蓮好き皆あつまれ,1159,6,4052,1020600,9,9,8,9,10,9,9,8,71
E8C4KUJDM,はなっっ,J7N4W6Y1K,こずミックラブ♡,1210,3,4054,1020400,10,8,8,9,10,8,10,9,72
R1GF61JSI,hide,JDAG79TG7,百合ノ空観察部,1126,12,4055,1020200,7,7,8,6,7,7,7,9,58
BFN5RBZ11,Mez,KGDNX3EF3,ENcircle,1147,7,4055,1020200,1,10,5,6,10,9,8,9,58
F6IEEOKBJ,まっつん,HPTHY23VR,蓮ノ空文芸部,1206,6,4057,1020000,9,8,10,9,9,8,7,8,68
X2X6W4XDJ,SYU-YA,KXU941RFJ,梢先輩おめでとう,1320,0,4058,1019800,10,9,9,8,8,8,10,10,72
25WU313GT,藤田美弦,7NJM1VURM,らんるん部。,368,0,4058,1019800,9,7,8,5,8,9,6,7,59
K8QFIVZDL,bot,T8X0G07YB,なければ立てる！,1516,4,4060,1019600,10,10,10,10,10,10,10,10,80
RR0BNJ6QX,ぐりか,CM5THHYHB,「」ノ空だけれど,1227,5,4061,1019400,8,7,8,6,7,7,7,10,60
N0CIHKTRY,むらさき,6U5YRWNNY,あすて☆りずむ♪,1288,2,4061,1019400,9,9,8,10,8,8,7,8,67
8KYWY57YD,Shen,00T3NXXA9,初心者,998,9,4063,1019200,8,9,7,8,10,8,7,9,66
N6B21UPFM,go57,BT22M41DV,梢花帆吟子同好会,1167,13,4063,1019200,10,10,9,8,9,9,9,8,72
UD5J8P5AM,レイチェル,PMME7169X,蓮っ子動物園,932,4,4065,1019000,5,8,8,5,9,5,8,5,53
55PDN6J65,LS,RKT7BC4F6,人形浄瑠璃乃,1038,4,4066,1018800,7,5,9,4,6,5,7,8,51
U5LL8KJFM,百生ぶんぶんまる,DKPMRA0TA,蓮ノ空奉仕部,949,0,4067,1018600,7,7,9,6,7,7,6,7,56
UGY95G53B,0202,0CBM28JP6,ほうき星,1121,12,4068,1018400,5,6,5,6,7,7,7,9,52
75VN6VREN,白米食べたい,WN5B7VKPU,きんぴられんこん,1429,15,4069,1018200,10,9,9,9,10,9,9,10,75
H7NFWW1EC,はくちゃん,9UKKACGDU,蓮っ子CLUB,1158,12,4069,1018200,10,10,10,8,10,10,9,9,76
V2BFZ3TVB,ハル,GK7JNB0NW,参加賞取り隊,978,6,4071,1018000,7,6,10,6,7,8,7,7,58
9BHFQCTWK,ぽちふ,Y2R7E79U3,カワウソ同好会,1105,7,4072,1017800,7,7,10,7,8,9,8,7,63
C9Y2JCXGT,まーさ,9EY08NNF4,お茶にしましょう,1163,18,4073,1017600,10,6,8,9,9,10,6,8,66
NDV4JJCPL,デンキヒツジ,GW4CH70HK,TKG同好会,1292,5,4074,1017400,9,6,7,5,7,7,10,10,61
LHK9KA0OF,ゆき,TKVR3KU7L,ネギトロTKG,1293,17,4075,1017200,5,7,7,4,7,4,9,9,52
JJTBV1EDW,灰月,D7H8MN2U4,LLD,1451,15,4076,1017000,9,10,9,8,10,10,9,10,75
KWUIT8VGS,祀才,7AATUNUPE,無言サークル,1238,15,4076,1017000,7,7,9,5,7,8,8,8,59
CLRCG0T5F,穏和,MVYAVX8BK,きらきらきらら,393,0,4076,1017000,7,8,9,7,7,9,4,5,56
9SLU39QWH,satori,0B8RTHY4D,のんびり屋さん,1127,13,4079,1016800,8,10,9,7,8,9,8,7,66
MAAP9VWJV,真横ーン,998H940YN,お嬢様筋トレ部,1047,8,4080,1016600,4,5,7,1,8,1,8,9,43
0AF6NRVW0,ソラミ,2JVBK752G,卍愛蓮説卍,1063,7,4081,1016400,8,6,5,8,8,9,4,9,57
YWP33DYMK,たつ,9YG7C0VM7,綴理と無言で昼寝,1288,12,4082,1016200,10,10,10,9,10,10,9,10,78
JD3WTC652,てつごろう,4NDAG5E9N,国産牛のにげあし,1068,6,4083,1016000,9,7,10,5,9,7,10,9,66
TUJAAL2V3,ゆきまさ,08DDCV5JN,黒ねこのしっぽ,724,0,4083,1016000,10,10,10,10,10,10,10,10,80
37O189Y0P,イウメ,BEMED3RY1,無言無課金ok,819,1,4085,1015800,7,6,7,8,4,7,6,7,52
LX3R5U93G,るりのさかな,FNMV166UY,蓮ノ空喫茶部,958,3,4086,1015600,4,6,7,4,4,4,4,4,37
U9QTGEJGW,おきな,V830CTTX3,日野下後輩,790,4,4086,1015600,2,3,10,4,4,10,7,4,44
99GK7VQNP,そのひぐらし,LUDNM40F8,ふくふく無言OK,1390,11,4088,1015400,8,7,8,4,7,7,7,8,56
JXW9EW9MR,ぽんかんワイン,WFPA7YJE1,蓮ノ空文芸部,1065,7,4088,1015400,6,6,8,9,6,7,9,10,61
CNH8CSW38,Naitora!,998H940YN,お嬢様筋トレ部,1232,8,4090,1015200,10,6,7,6,7,10,7,7,60
WGCG33U6A,じゃすこ,RF5215M2U,スクステ同好会②,1349,17,4091,1015000,5,5,7,4,4,4,7,1,37
GS71O7T0G,まりも,FE282F3VH,天悶部,1039,2,4092,1014800,6,6,7,4,10,7,7,9,56
5J13HUBRA,まっくす,535L2H3JU,Lotus329,1052,0,4093,1014600,6,7,8,6,7,6,7,10,57
LTGCD5H3D,いろはす,FK5MUK0ET,くる♡すきクラブ,412,0,4094,1014400,5,5,10,7,4,7,3,1,42
3A99DPBCB,が〜なお,AND13836G,乙宗梢親衛隊,1261,5,4094,1014400,8,7,7,5,9,7,10,9,62
FT63HERKL,Kankan ♡,J800VVPTN,Aqours,1171,16,4096,1014200,10,10,8,10,6,4,10,10,68
UJ3N51MRZ,れいん,6XX7GBM0K,ぷちぐる同好会,1208,16,4097,1014000,8,4,7,8,9,7,6,8,57
WT55MYHAL,マルマイ,C9DAJ6YFV,のんびり,952,1,4098,1013800,7,8,8,8,9,8,9,9,66
47IXNA1JH,とっと,L1VGJTD5P,蓮ノ空お茶会部,1216,10,4099,1013600,7,6,7,5,6,7,7,8,53
YGULHQHOJ,乃亜,95TAREFPT,ご自由にどうぞ,1276,17,4100,1013400,10,9,9,9,10,10,9,9,75
OF6JS0R8V,でぃあ,Y7KJ3PM8P,蓮すきすき同好会,1378,18,4101,1013200,8,10,8,8,10,10,9,10,73
8ZNQRVBHZ,キツネコタヌキ,C0NDBKMRB,すりぃずぶぅ家,1111,9,4101,1013200,6,8,7,6,7,7,8,10,59
K4LK2A8JP,しょうゆ,72J5PWU5K,ライグラ待機室,1182,18,4101,1013200,10,10,9,10,10,8,8,8,73
FBYB3NPRC,Kimika,H0652CHBR,Kimimin,1098,8,4104,1013000,9,6,10,7,10,8,8,8,66
7RTX9VDV9,ヤング,3194B9E93,初心者寄り合い所,1041,7,4105,1012800,7,7,8,7,9,7,10,9,64
TIM4PFF7L,ごんくまっき～☆,1EBG7YUTL,菅！CAN！叶！,1349,18,4106,1012600,7,4,10,6,8,5,10,10,60
4UYG3K39B,misora,WJY2HK6A5,蓮の空イベント部,1181,18,4107,1012400,10,10,10,10,10,10,10,10,80
6CR9FYFF0,コン,GYJ3C6TKR,綴理先輩好き好き,628,2,4108,1012200,1,5,9,6,10,5,3,5,44
BXXA0VM18,きみ,PVWWDPBVG,スリーズショコラ,1235,14,4108,1012200,8,9,10,6,7,8,10,9,67
TDCAVHYEH,み,Y6JNPC60C,綴理メイト,1085,10,4110,1012000,5,6,9,4,10,10,7,9,60
NA1MWDBC8,たあた,C68491XHB,みらくらぽーく！,1119,10,4111,1011800,9,8,10,9,9,6,9,9,69
HOF4O4KP7,sin,JE7V5MM31,蓮ノ沼に沈んだ泥,1479,18,4112,1011600,10,10,10,10,10,10,10,10,80
BYCYXJX0X,バネ,DLF2YK8WN,サクサクサーカス,540,0,4113,1011400,7,9,10,4,7,7,7,7,58
YH73TWDB1,しげ,V9069U4Y3,ざぁこざぁこ,879,4,4114,1011200,8,7,10,8,6,5,9,9,62
8A0I1NK5Z,hina,XYRA2MND0,蓮ノ空ゆっくり,903,2,4115,1011000,6,6,10,3,2,5,6,10,48
0DRF081JP,のゃてふ,5NPVVUGH7,蓮すきすきクラブ,367,0,4115,1011000,9,9,10,9,8,7,7,8,67
4Y76GCLKG,てれ,6CLTCLEVT,猫屋さん,915,2,4117,1010800,10,10,9,7,8,7,8,6,65
KX1YMBDAX,えぽすけ,C0NDBKMRB,すりぃずぶぅ家,1270,15,4117,1010800,10,9,10,8,9,8,9,9,72
26CXDK2PK,かほぴょこずにょ,RJJN0CH7G,為什么会笑不出来,867,4,4119,1010600,10,4,9,10,6,4,4,5,52
E3HYFERSO,とののの,WLLWJ8ADP,乙宗筋肉サークル,823,6,4120,1010400,1,8,5,8,6,7,8,7,50
F7EPLTY7L,Tanasinn,BEMED3RY1,無言無課金ok,558,0,4121,1010200,8,6,10,4,10,5,4,1,48
37R1FWYDX,pok4,948FLPMPN,まったりハス煮〜,411,0,4122,1010000,10,5,10,5,10,8,8,9,65
TTHKEK6DJ,のん,KND3T7056,ぽかぽかモガの村,1144,9,4122,1010000,4,4,5,2,8,9,10,9,51
HL2A48X86,れこ,7XCGCUG96,ふみスタ,690,0,4124,1009800,7,6,8,5,6,7,7,7,53
K1XEZQRVC,Kay,NC2YT2V28,蓮之愛同予者何人,1248,17,4125,1009600,7,10,8,4,10,8,7,7,61
AA0PF56IW,『キミタイトル』,FK5MUK0ET,くる♡すきクラブ,1060,13,4125,1009600,6,6,8,7,7,8,8,8,58
0GKU2UV3W,てゃん,2K5AM4RV0,とろぺりです,1185,18,4127,1009400,7,6,8,7,8,7,7,7,57
RXEEUTLTC,くま,BXC1T2HY2,初心者の集い,1087,6,4127,1009400,10,10,10,10,10,10,9,10,79
JX9COP0H9,とっしー,WHWT61ELR,【無言】ハスノソ,1224,6,4129,1009200,8,6,9,9,10,10,9,9,70
UH5J2MGTX,シンさんぽ,BXHX534VX,ぼっちサイコー！,1220,15,4130,1009000,9,8,8,5,8,7,10,10,65
VE1L9ITYF,東横,K95YH6P1C,蓮ノ空泥の会,1122,13,4131,1008800,6,4,6,4,4,1,6,4,35
F7Y46AMZ0,Scarlet,LUDNM40F8,ふくふく無言OK,1335,18,4132,1008600,9,10,9,7,9,9,8,9,70
N4XOJ73K0,ペペロン,CV62FGL1U,花咲かせ隊,949,5,4133,1008400,3,3,6,4,3,6,5,1,31
C1REEM5XO,きむ,8YDE8BXJT,ずんだシェイク！,1259,8,4133,1008400,7,8,8,6,8,8,7,8,60
ZECH5BSNV,どんぐり,NA8FEYN0M,蓮ノ空飲酒クラブ,1323,13,4133,1008400,8,8,8,8,8,8,8,7,63
FU3EDC4KM,肉じゃが,DMDVHGFUG,インドネシア仲間,1095,10,4136,1008200,7,7,7,5,4,6,7,7,50
MVVF7414H,やまかず,AXG81GPMP,蓮ノ空マタギ部,1227,5,4137,1008000,2,4,1,3,3,2,2,1,18
OQTLVC6VM,この豚野郎！,9DKR4Y2CJ,蓮ノ空老人会,1282,18,4138,1007800,7,8,10,6,10,8,10,9,68
URKDHU8TV,ワコール,R9NGK6L48,のんびりサークル,1257,16,4139,1007600,10,10,10,10,10,10,10,10,80
USYD1MLTV,yukina,JTX1G19BP,さやかほ癒し会,1352,18,4140,1007400,10,10,10,10,10,10,10,10,80
RVER3CPMK,かざみ,M4YY7PV0G,ブルーロータス,960,0,4141,1007200,5,6,8,5,6,5,7,7,49
MJXJ8HAFH,鍾嵐珠,9P9EPKFHE,無言参加OK,391,0,4141,1007200,7,6,9,4,7,7,6,7,53
KAX983NVY,羊,GW4CH70HK,TKG同好会,919,0,4143,1007000,8,7,6,5,5,4,7,7,49
262YFT93R,VIPER,KBJ2P8T0Y,人見知りの集い,997,3,4144,1006800,4,6,8,9,6,8,9,9,59
KAPHWULX8,トワナッツ,Y2HV0YEF7,蓮ノ空を応援し隊,1172,17,4144,1006800,6,9,9,5,10,7,9,9,64
WOL8Q84BX,サネハラ,RKT7BC4F6,人形浄瑠璃乃,1286,1,4146,1006400,8,7,10,7,10,8,10,5,65
UCRRYP9CM,おかか,424NLTEE8,無言な異次元部屋,984,2,4147,1006200,7,7,8,4,7,7,8,7,55
NL6XJH6HR,＊あまの たつ＊,95031TR10,ひめぎん文化会館,1304,12,4147,1006200,10,10,10,7,10,10,10,10,77
H4PVY80JK,飛騨高山さるぼぼ,KM6X3YT8F,11人いる！,783,0,4149,1006000,5,5,6,5,6,6,6,7,46
A7WPR7RBT,猪口坊,828YTYAA9,箱推し社畜の部屋,710,0,4149,1006000,6,7,5,2,10,8,4,5,47
0TXVP0K5U,アビビン共和国,JDAG79TG7,百合ノ空観察部,1345,8,4151,1005800,8,10,8,7,7,8,6,7,61
2KR57PL03,カシワタツ,UX96YX4T1,『位置について』,796,2,4151,1005800,7,8,10,5,10,7,9,6,62
3X5D0JJYA,念风思雨,GLP0WPDRM,イベント用の泥,640,2,4153,1005600,10,9,5,5,6,6,7,7,55
MFBFYLMA9,ディザスター北島,YXKR0GGM4,蓮ノ空好き好き,978,9,4154,1005400,4,5,4,9,8,4,7,8,49
0BRFLRCPA,ウッチ,X7YM9EG8K,伝統の石川地酒,396,0,4155,1005200,10,10,10,10,10,10,10,10,80
MXGZAVNAO,樹ナギ雪,BT3GEWM5L,ささやか村の集い,1324,11,4155,1005200,9,8,8,8,9,9,8,8,67
WN2KMADQJ,モルガナイト,V6DV6KETG,梢好き好きクラブ,1163,6,4157,1005000,7,8,7,8,7,7,9,7,60
30K7M61T9,ひぽぽ,GVNKNN878,Aqours,902,7,4158,1004800,8,9,10,7,8,8,7,7,64
P3FJDJ8OZ,m@sh,58FD7UF8J,としとしサークル,1495,18,4159,1004600,9,10,9,9,9,9,10,10,75
C73NJGKM8,学級委員長,W3UUXHMDV,水彩ブーケ,1173,14,4159,1004600,8,6,8,9,8,7,8,10,64
UET18LDX0,まなる,FG4170141,♪さやか愛好会♪,1178,6,4159,1004600,7,7,7,6,8,6,6,9,56
C3H8JWVF3,みつ,RA1676TKK,蓮の空好き好き部,736,6,4162,1004400,2,7,4,5,10,6,3,1,38
HGR6O7483,Masumiy,HMBW9DXY2,蓮好き皆あつまれ,1184,7,4163,1004200,7,6,9,6,5,7,9,7,56
UC14L7DPW,たかみん,9GDHWXGVG,ルリと花咲く毎日,1343,18,4164,1004000,9,9,9,7,9,10,10,10,73
HUDFM9WAO,夜天,KC1W74B9B,蓮六園,1108,5,4165,1003800,8,7,9,6,8,7,8,8,61
56MT993KT,kurou,FE282F3VH,天悶部,1134,9,4166,1003600,8,6,8,7,7,7,8,7,58
VXV8E51NX,ゆう,976BY5JWK,ハルカカナタ,1062,8,4167,1003400,8,7,7,5,7,7,6,6,53
KXDDJ5B1D,との,2ULM366U6,毎日がエブリデイ,1192,16,4167,1003400,7,6,8,7,8,9,7,9,61
DV044C5S9,侑ちゃん,487R5RVJ9,ヒトリ,931,2,4169,1003200,6,2,5,2,2,9,6,8,40
5Y53B82FU,紫(花帆ちゃん推,8JMW9G2XW,僕らのリンクラ！,1341,12,4170,1003000,10,10,10,5,10,9,7,10,71
CNMIWIHQT,ぺぺ,JVUNVCT8P,梢先輩のASMR,1128,3,4170,1003000,7,6,7,5,6,5,7,5,48
87KGAPVW5,万策尽太郎,WWWUTP96L,異次元からキマシ,1153,18,4172,1002800,8,10,8,10,10,8,10,10,74
8W9G3KRK6,ぐでたま,CWPWP1266,さすさや,1132,4,4173,1002600,8,10,7,5,7,7,6,7,57
NIDAR0ZYH,MST,C0NDBKMRB,すりぃずぶぅ家,1155,13,4174,1002400,7,7,8,7,8,7,8,8,60
9T0V7BIR0,えりんぎ,424NLTEE8,無言な異次元部屋,896,3,4174,1002400,8,9,8,6,6,6,6,7,56
PLNYTG153,たまちゃん,89K2PRDC6,つづるりのなかま,909,3,4176,1002200,5,6,7,4,6,6,6,5,45
66CKWQ3LD,ぽんず,9X07VGM42,近江町食べ歩き隊,1059,6,4177,1002000,7,8,9,5,6,8,4,8,55
7JG18M0Q2,わお,NK05UMLWW,かけ込み寺クラブ,1008,5,4177,1002000,7,6,6,1,8,1,6,5,40
YUUGQ6S6D,わかめとうふ,W3YKKRWHG,ルリと愉快な一家,1087,4,4179,1001800,7,6,6,4,8,6,7,7,51
A04MI5SSQ,はるかぜ,1KDUBW4HB,めぐ党0番,1290,16,4180,1001600,6,5,8,4,4,4,6,8,45
JD1A62UOF,Capri,351WGFU96,紅茶党,1382,1,4181,1001400,10,9,10,8,10,10,9,10,76
VLYYDM1VD,YI2den12,948FLPMPN,まったりハス煮〜,375,0,4181,1001400,7,8,9,10,10,9,5,7,65
UKDFC1EBH,ヒデキ,30W3RA65G,蓮ノ空自由クラブ,1128,0,4183,1001200,7,6,8,6,7,7,7,8,56
QBC5BTLB9,ヘリオ,3A63DYH54,LLすこすこ部,1078,13,4184,1001000,5,6,8,8,6,6,6,7,52
U1PHH007N,どっちゃん♪,E6WR9G75P,安養寺姫芽推し会,1088,9,4184,1001000,7,7,9,7,6,6,7,8,57
NRDFUPFF9,スペアミント,5YEE75CB4,ロビーで待ってる,1086,3,4186,1000800,9,4,7,6,7,7,6,5,51
6YDW1KPK3,いけ,F8MLHU2NV,乙宗梢様､､､,1260,6,4186,1000800,1,10,6,5,8,3,7,5,45
LY1J400O0,かしゅー,CXG25026E,泥のみんなS,1327,11,4188,1000600,10,10,10,10,10,10,10,10,80
C2KU6VD9H,りっかちゃん,XE8513HNP,喫茶カワウ空✨,605,0,4189,1000400,1,5,1,1,9,3,3,1,24
FAMNH603L,abandon,18YYNRFGA,LotusSky,936,5,4189,1000400,3,6,9,2,9,5,10,9,53
D1P22DUXA,東介,414CEUPEH,アフター見よう！,938,9,4191,1000200,6,5,10,8,5,10,9,9,62
KOTI7HEX9,you,M30V90CUA,零協,1272,8,4192,1000000,6,8,10,8,6,6,9,9,62
EPV65RRPX,ショウ,75UJ5RB97,蓮ノ空雪野球部,1078,13,4193,999750,5,4,7,5,4,5,7,5,42
3QJG5IBCU,顔デカキンちゃん,948FLPMPN,まったりハス煮〜,968,7,4193,999750,10,5,10,4,5,10,2,2,48
TTVN9XH12,檸檬,34GFB7LYU,イナカモノズ,1110,12,4193,999750,4,8,8,4,10,10,10,8,62
VTF13V6H8,ゆう,9YM3DBTB7,泥民館,1159,17,4196,999500,1,3,1,1,6,1,4,7,24
FA6PLDGFF,りょ,N7GLY2RUW,百生銀行,676,0,4197,999000,8,9,9,7,9,8,10,10,70
2A43L9B5K,かんかんみかん,27N2UHJYL,ラブライブ格ゲー,1009,2,4198,998750,5,8,8,7,9,8,8,9,62
1TJXR7L6Q,Wataru,JDAG79TG7,百合ノ空観察部,1218,12,4199,998500,6,7,7,7,7,6,8,7,55
4DMAH9D4E,おむ,0B8RTHY4D,のんびり屋さん,1154,8,4200,998250,8,6,4,7,7,7,6,9,54
D8HF3RGC2,そらじろう,LAP2W049X,りんひな愛好会,901,1,4200,998250,4,6,6,10,7,4,10,10,57
YJNYE60W0,ヨウくん,W3YKKRWHG,ルリと愉快な一家,1127,17,4202,998000,1,1,1,1,4,6,3,1,18
59K7HM98C,しゃー,YC3DCPM7M,福井大学ラ研,331,0,4203,997750,9,6,7,9,6,8,6,6,57
9024T5RV2,アイプリ57話,KND3T7056,ぽかぽかモガの村,1074,9,4203,997750,5,2,8,6,9,5,6,1,42
TMBPU7FJU,ナギ,PF9Y722AR,うぐぇ,1161,6,4205,997500,4,2,4,4,10,10,10,2,46
DVNDD09IZ,木戸修,V26546K3D,乙宗気合筋肉,1342,12,4206,997250,8,9,8,7,8,8,9,10,67
GGSXCRXWS,Yotamamo,4FR887RVF,わたし魚,1302,4,4207,997000,8,10,10,10,10,9,9,9,75
XPJX9YM1G,くぬぎ,NRK4MV1C1,茅バール,834,3,4207,997000,3,8,10,5,10,10,8,8,62
5N945UVJV,あらさき,V7768X8AC,せーので！,462,0,4209,996750,6,6,7,4,7,6,3,5,44
34LWJQPTW,鹿のジン,B4ADNM80X,山本組,915,2,4209,996750,5,6,5,4,6,6,8,5,45
3DV369HW4,はとたらう,BKUHCT7WF,蓮女お嬢様部,1201,8,4211,996500,9,9,9,8,8,10,9,9,71
B2X1CHG1K,546,H1XNGBDFT,ちーむUK,782,5,4211,996500,9,10,7,4,10,2,7,8,57
J4Y06O2FU,まさき,TK9E1BB1P,無言で自由,1099,0,4213,996250,4,5,5,7,8,6,8,7,50
FM7U6PWXN,k329/シュウ,KULVP7FDR,アニマル分室,968,6,4214,996000,8,8,7,5,6,6,6,6,52
27YRFCT3U,らいさい,XTMGPY62U,スクステ初心者,628,4,4215,995750,7,6,8,10,4,5,7,7,54
Y3WP2794F,梅茶漬け,U57VPUTEE,ゆったりクラブ,771,3,4215,995750,5,5,9,10,5,5,8,6,53
8HAZPXVW4,syan,A9MA307FX,楽しいが一番,1309,6,4217,995500,10,10,10,10,10,10,10,10,80
ERJP2B63R,kaede,2JK7E4115,ラ！推し,688,2,4218,995250,4,2,2,4,6,5,2,5,30
7XKBRR0ME,Kaho,JKAYY0KXL,自由！開心！,703,1,4218,995250,7,8,7,4,5,4,7,1,43
S1HVER23E,ハーシー,95TAREFPT,ご自由にどうぞ,1250,6,4220,995000,8,7,8,6,8,6,10,10,63
B9YPWPJ08,アル,KGDNX3EF3,ENcircle,1159,9,4221,994750,6,6,7,4,8,10,8,9,58
TX6PQW596,おハッセ,DMDF4VUL1,ゆるはす,1145,3,4222,994500,5,5,8,5,8,6,6,8,51
VJNJ9PFNJ,こたけ,828YTYAA9,箱推し社畜の部屋,903,0,4223,994000,6,5,5,4,6,6,6,7,45
4NGXEKB5K,CROSS,5YEE75CB4,ロビーで待ってる,1152,16,4224,993750,10,10,10,9,8,9,8,9,73
PHXYLDEDM,赤内,YVV9CMBLW,東京公演で沼落ち,1066,6,4225,993500,4,7,6,4,6,6,5,7,45
DFP8E0588,ツバサ,HWJ8XPW0T,箱推しなのだけど,1176,17,4225,993500,7,8,6,3,9,3,8,10,54
JBQWH7OSQ,チーズドッグ,XXMU9WLKB,梢の機械さん,1258,9,4227,993250,9,8,10,7,9,8,8,9,68
1YG4CJYLL,よっぴー,A3472CNJE,ハントン✿ライス,1185,2,4228,993000,8,7,8,4,6,7,8,9,57
UEU59L243,Yuki,9P9EPKFHE,無言参加OK,336,2,4229,992750,8,6,8,7,5,7,4,4,49
DR2J5TUTL,はづき,W0L71MBKT,百合ノ花園同好会,1298,3,4230,992500,9,10,9,9,9,10,10,9,75
9AHEIBHLT,ろじや,AR9HR528A,いろいろ実況,1259,3,4231,992250,7,6,6,6,7,6,8,9,55
WQT5M1ISP,kei,H0DV3JJGA,かほさやてぇてぇ,1263,11,4231,992250,7,10,10,7,9,9,10,10,72
A4CYMFS63,黒澤金剛石,R181MKNX1,みらくらは人生！,1361,9,4233,992000,9,10,10,8,9,9,10,10,75
MOXAZXJ7Z,スリンキー,C2XLWUTL1,夕霧綴理親衛隊,1116,5,4233,992000,1,4,9,7,9,7,7,9,53
LMQZEWSC7,ミカヤ,L6MF2MPBN,みらくらぱーく党,1123,6,4235,991750,7,7,10,6,8,7,10,7,62
FJGDWAWPM,りす,AXG81GPMP,蓮ノ空マタギ部,898,0,4235,991750,9,9,10,9,9,9,9,9,73
WU9TUA3NY,紅淵,AH27N260E,百生信託銀行,1025,7,4237,991500,4,6,1,1,6,1,2,2,23
06NBF5GC2,Denzi,7XH3K4GBT,LLP,1138,14,4238,991250,5,6,6,5,7,7,7,8,51
LEU68HE0L,UUU,PUJ0ERCMW,蓮ノ空倶楽部,636,2,4239,991000,10,10,6,6,7,7,8,7,61
ISK5MIR6S,みぃ,R181MKNX1,みらくらは人生！,1332,11,4239,991000,8,8,10,9,10,8,10,10,73
AZ3UWPAZ3,めろ,M7HJCP8WY,留年回避補習室,1266,6,4241,990750,4,4,4,5,2,3,8,9,39
FWCUW7YN4,まふゆ,AAHB7C276,HaCordVN,547,0,4242,990500,7,8,9,6,6,6,7,7,56
BZ80IDTFZ,젠카이노아이마스,HB9AU9DJJ,聖心党,1069,1,4242,990500,8,7,7,7,7,7,6,7,56
8EPD5SIG7,シャロ,A3472CNJE,ハントン✿ライス,1037,13,4244,990250,4,7,7,10,7,4,7,5,51
A137DF5RP,エト,HKETDDCK6,ぼっちざ蓮!!,662,2,4245,990000,4,6,6,4,5,6,7,4,42
VBN10J39K,ふく,573J1JVVK,かほかほ,902,3,4246,989750,7,6,8,8,8,6,8,10,61
2RD670428,なかむら,96M23BV22,高松家,1037,10,4246,989750,7,7,7,7,8,7,6,7,56
GXJWXWDT6,ちひろ,K8C99H42D,ルリと喜ド！愛楽,1071,0,4248,989500,5,4,6,5,6,6,7,5,44
MU8H960IW,全裸の変質者,AND13836G,乙宗梢親衛隊,1123,4,4249,989250,4,4,7,4,4,4,7,7,41
K0IB7G0LT,うぃぐ,9FF5JBNDF,めぐすきクラブ,1249,7,4250,989000,7,4,6,4,7,7,7,9,51
VUNCUZNVE,よしお,9DKR4Y2CJ,蓮ノ空老人会,1513,14,4250,989000,10,10,10,10,10,10,10,10,80
P0X0O9HT9,miyafu,JA2C658FW,さや綴理の村人,1139,4,4252,988750,6,6,6,7,7,7,7,5,51
4Q9Y0X07Q,きゃくたす,N34LHVJKN,のんびり堂,1111,1,4253,988500,7,7,6,6,7,7,8,7,55
M6ERFL81R,じゃがえもん,828YTYAA9,箱推し社畜の部屋,1082,12,4254,988250,8,7,9,7,8,7,8,8,62
JLTEW61V7,どめ☆,B2KV0EVPD,蓮ちゅきクラブ,1628,14,4255,988000,10,10,10,10,10,10,10,10,80
GO9Z67VC5,森谷マイ,XLBU65J86,花の壁飾りクラブ,1090,13,4256,987750,7,9,10,5,8,8,8,8,63
RLM5TXG16,充電Chite,0J44KFKD9,アサルトガーデン,927,3,4257,987500,5,6,8,4,6,6,6,4,45
67P5PGFHE,か,TBHVUNGK6,ヨーロッパ軒,543,0,4257,987500,10,9,7,5,7,5,4,7,54
2VWX66NL0,ぽてとまじおいも,1KDUBW4HB,めぐ党0番,492,0,4259,987250,7,5,8,9,7,5,6,7,54
DCA3TX2NE,リィ,2JK7E4115,ラ！推し,1014,0,4260,987000,6,4,10,4,8,4,7,9,52
MLVVK4NF3,蓮ノ湖ガニ,8M2MFU9U0,リンクライブ,1483,1,4261,986750,10,9,10,7,9,9,10,10,74
MVON3PN25,かゑで,BKUHCT7WF,蓮女お嬢様部,1295,3,4262,986500,10,10,10,8,9,10,9,8,74
KWEKLFRHN,もみ,P2J37FNLG,乙宗先生指導会,400,0,4263,986250,5,10,9,10,10,8,7,7,66
T95Y9M2F4,いくりら,FK5MUK0ET,くる♡すきクラブ,1285,14,4263,986250,4,3,2,1,3,1,2,1,17
4YTCLXU3Z,ゐぬこ,0XUV5025C,めぐめぐバブり隊,1177,5,4265,986000,5,5,5,5,5,6,6,10,47
ORYOJADD6,じんちゃ,8M6UDX260,ぽけもん好き,1194,2,4265,986000,4,4,7,7,6,7,7,7,49
4F5LGLIZD,るろ,WHWT61ELR,【無言】ハスノソ,1126,9,4267,985500,6,4,8,4,7,7,8,8,52
JP23RCGLY,クロ,26JDLMBLN,徒町は強く生きる,1051,13,4268,985250,7,7,10,8,10,10,8,4,64
49W2LPMCN,ヒスイみよし,X87KNX4N3,蓮ノ流星群,1164,15,4269,985000,4,4,5,4,6,6,9,10,48
2952UQ44Y,shinobix,1047JNAJC,月火水木筋トレ日,1398,17,4269,985000,10,8,9,8,10,10,10,10,75
XTLBAD21U,かわニャン,LUDNM40F8,ふくふく無言OK,1109,5,4271,984750,6,6,9,8,6,7,8,8,58
9T81DN43A,特空機1号,M206VENTF,蓮紺の会,936,0,4272,984500,4,8,8,4,6,7,9,9,55
XWXG6A8P8,にわぺくん,BH9YH1YL5,ラブライバーの森,972,4,4272,984500,1,2,5,9,2,2,6,5,32
RJ30SF02A,にどね,HE0GK3EPE,瑞蓮プロカ倶楽部,1060,13,4274,984000,6,6,9,4,5,4,8,6,48
VDBVV5GD7,はる,E6WR9G75P,安養寺姫芽推し会,679,4,4275,983750,8,6,9,4,6,7,4,7,51
C4DVF93XA,ゆき,8M6UDX260,ぽけもん好き,954,2,4276,983500,4,5,5,4,7,5,6,4,40
DZI854CGZ,誾月,WX1DYC9Y1,ラナンキュラス,1274,9,4276,983500,2,2,7,5,7,9,9,8,49
70J1KMRPV,tb200,G0WRCNRWK,県立沢庵図書館,1291,18,4278,983250,10,10,10,10,10,10,10,10,80
JENRDYVJT,みぎ,H7XTA61FW,村野好き好きクラ,551,0,4279,983000,7,7,6,7,8,6,6,7,54
DMCFAYDVH,るお,A73H7ENN2,エロマンガ同好会,1006,6,4280,982500,4,6,5,7,4,4,6,8,44
PCF21X3CG,やぶろっきー,DF7FA982P,蓮ノ空百合部,1076,13,4281,982250,7,6,9,9,7,9,9,8,64
HGNPDWCRK,片桐,G59NGM0XA,シュリーレン,783,0,4281,982250,10,10,10,10,10,10,10,10,80
R8HUHPJED,chihiro,5WUDLMWEP,蓮ノ空は明日ノ空,1092,8,4283,982000,10,7,10,10,10,10,10,10,77
E7V3X4DSA,あいせつか,PPAHU1TNY,蓮ノ空のんびり部,1286,2,4284,981750,10,7,10,10,10,10,7,10,74
PPXJNLDVX,とり,M6UPWJ6DU,蓮結ぶ虹と星の音,1050,13,4285,981500,5,5,7,9,8,8,3,7,52
51YMLBRP7,tom-hawk,N1JM7M3YC,丘側,1215,2,4286,981000,4,4,7,4,6,6,4,4,39
4401UAC8V,かほつづ,YC3DCPM7M,福井大学ラ研,844,0,4286,981000,5,7,7,5,6,6,7,8,51
MAHE1NVHG,シトロコ,KBJ2P8T0Y,人見知りの集い,1364,15,4288,980750,9,9,9,8,10,10,8,8,71
GXJKYEDEI,そそぎ,YD2XWWFA4,蓮好き好きクラブ,1397,15,4289,980500,7,7,8,4,8,9,9,7,59
3LWUXHRBD,デューク西郷,AND13836G,乙宗梢親衛隊,1041,1,4290,980250,2,7,7,8,10,2,7,7,50
CDUEV7G3X,イルカ,0CEA9XFKR,蓮ノ空の泥人会,974,7,4291,980000,4,8,10,3,9,9,8,9,60
3F31J940C,たかみ,95TAREFPT,ご自由にどうぞ,1225,5,4292,979750,7,4,8,4,9,10,9,7,58
PKB4DYDR7,諒,2JK7E4115,ラ！推し,764,0,4292,979750,6,6,10,8,9,5,10,10,64
J4NZI8Y0P,Ｌｕｃｋｙ。Ｊ,PXPPLWXF0,ラッキーＫ,1027,3,4294,979500,7,7,7,4,8,7,6,7,53
0RK71VLVD,クリームソーダ,BT22M41DV,梢花帆吟子同好会,914,2,4294,979500,7,8,9,6,8,8,6,9,61
943CL8HVK,おほーつく,4FXPC55PY,PPIHクラブ,911,1,4296,979250,6,4,7,8,6,8,6,6,51
FWRWN7771,ノア,T2XRMGEAE,蓮根無言会,1115,9,4297,979000,4,2,3,5,7,8,9,8,46
6PR07W1W3,shum,KXB93FVTR,ブルームガーデン,980,12,4297,979000,10,6,10,6,10,10,10,8,70
P00DUDWZZ,フシレ,PLBBEX019,待機室目指し隊,1578,17,4299,978750,10,10,10,10,10,10,10,10,80
0CPELA2R2,さとしょー,2K5AM4RV0,とろぺりです,480,3,4300,978500,5,5,9,6,10,4,6,5,50
9X5GDG3PC,床,HE0GK3EPE,瑞蓮プロカ倶楽部,1218,12,4301,978250,7,6,6,5,7,8,8,10,57
ONA6I2S82,くら餅米,BT22M41DV,梢花帆吟子同好会,1353,7,4301,978250,6,10,10,7,9,8,8,10,68
CCR02VR7N,もっちゃりん,2DYYAPFVN,蓮っ子村,1055,2,4301,978250,7,7,7,5,8,7,9,8,58
W27UGVY25,たか,LUDNM40F8,ふくふく無言OK,1000,12,4304,978000,4,6,7,6,6,4,7,7,47
1ACH4367H,YALAN,RXXUPMWB9,待機室跡地観測所,1146,12,4305,977750,9,9,10,8,9,8,10,8,71
ON4U2Z876,ヨシ,4XVD1CXVM,KIT,1059,4,4306,977500,10,10,8,6,10,10,7,8,69
89JBBZWYJ,しろもこ,HPTHY23VR,蓮ノ空文芸部,1033,13,4306,977500,6,10,9,5,7,8,9,7,61
B4UKVJG1R,いじゅ,BCJRMHE75,梢すきすきクラブ,747,3,4308,977250,4,7,4,4,4,3,4,7,37
ETR8EC497,nagcgy,AWFDLJ1HC,小蓮花（重生版x,909,4,4309,976750,4,3,3,4,2,2,7,2,27
191PEYH3K,kajikaji,FA0LCGP8K,ゴクリンコ,494,0,4309,976750,5,5,6,4,6,5,6,6,43
GXWEN5LY0,おまめp,J0N1E3Y09,月火水木金土日,899,1,4311,976500,4,6,7,5,6,6,3,7,44
DM8C6N22V,なり,05KN1RR3U,さやかほ花卉園,811,0,4312,976250,7,8,7,6,9,9,8,7,61
PERH4WFTK,ジミアリ,2B97MH4YA,同じ話し何回も…,650,0,4313,976000,9,10,10,9,7,9,9,9,72
J3MUDCBCP,しゅか,9JTF508LB,スクスタ亡霊部,383,0,4314,975750,10,10,10,10,10,10,10,10,80
EN8MH3YLA,エルタ,XVTV7MVCX,雪月花,989,10,4315,975500,5,5,8,7,9,8,8,9,59
L1PS0BO14,ダイ大将,CP3KWKH07,まったり社会人部,1261,16,4316,975250,6,7,9,7,8,6,8,8,59
HJ3JGPM8X,ルーシャ,PRY4573W6,報酬用,881,7,4316,975250,9,5,5,6,4,10,6,4,49
N2DN8NLMN,ハスニ=クルーゼ,GW4CH70HK,TKG同好会,1030,4,4318,975000,5,6,9,4,7,6,9,10,56
TWDVYFCM2,いぷ,1YLFFXC1E,安土桃山時代,1189,9,4319,974750,10,10,10,9,9,9,10,10,77
2M9YRFRPA,たまごやきやき,NDGW77R2V,こず花帆尊い,848,0,4319,974750,7,6,7,5,6,7,7,7,52
5BFNJAY4B,ケイゴ,9D722M8KC,蓮ノ空同好会,981,2,4321,974500,5,6,4,7,9,4,8,9,52
1NVKD76H8,Beta,BT22M41DV,梢花帆吟子同好会,697,2,4322,974250,9,3,7,8,2,4,6,5,44
HFX7TDBWU,MEGAMAN,FDU1F9PUW,海の幸,1062,7,4323,974000,5,9,8,9,10,5,9,9,64
R0E2W149E,ながこ,DHKUGEWBJ,めぐ党虹ヶ咲支部,999,1,4324,973750,7,7,10,3,8,10,8,8,61
3PXKPNL75,Ma2bi,K8C99H42D,ルリと喜ド！愛楽,1403,16,4324,973750,8,7,8,9,7,7,8,8,62
01T31JHCL,ともり,AWFDLJ1HC,小蓮花（重生版x,803,8,4326,973500,8,3,8,7,5,4,6,6,47
1PO8KIG7E,なしこ,YCTM6RYDP,金沢おでん同好会,1382,6,4326,973500,10,10,10,9,10,10,10,10,79
FECOD3SNX,ぎんこ,GN1798YEX,ド!ド!同好会,1039,9,4328,973250,6,5,8,5,7,5,8,8,52
94PR9DPD0,キツネコタヌキ２,X87KNX4N3,蓮ノ流星群,947,0,4329,973000,4,7,7,4,7,7,7,9,52
B68B763AR,jadestar,1DU9LCND7,蓮ノ空すこやか部,1206,8,4330,972750,8,8,8,7,9,9,7,7,63
YAHIOBQO6,ゆま,2U4GLJXLJ,泥の中の養分,972,10,4330,972750,9,10,7,4,6,7,7,6,56
DVE4T6UNL,すぺ,GR65FP8VN,蓮好き,1074,2,4332,972500,10,10,10,10,10,10,10,10,80
VCENU4GBZ,ショーマ,UMG1B9C7V,蓮ノ空女学院,1185,1,4333,972250,6,7,5,5,8,7,8,8,54
YDIQLA0QG,すたり(オーガー,4FXPC55PY,PPIHクラブ,1312,4,4333,972250,7,7,7,7,7,6,6,9,56
7GP8U9AL2,ぴかぴ,V6DV6KETG,梢好き好きクラブ,1235,6,4333,972250,4,3,1,7,6,6,2,10,39
6HR0BRG06,ビューティー,1AK9VTG3W,ドルケスキスキ部,772,0,4336,972000,7,7,8,4,7,5,6,8,52
J2BDJFQCI,じま,FLVHVPJC5,指出と指出検地,1135,0,4337,971750,6,5,9,7,6,5,8,9,55
2K4FKGLAY,ロンド、君に,6C9R15BLY,スクスタ避難民,1046,1,4338,971500,8,8,8,7,8,9,7,7,62
VHESAT9HP,スバル,B1KYU3XF8,LG lotus,1233,3,4339,971250,9,8,7,6,10,10,10,10,70
XS6Z8S0Z3,かつみ,PU92U3FN4,一人用,972,4,4340,971000,1,1,8,4,2,7,7,9,39
T66JRD39A,ゆきち,NJBBTCY3A,かにかに！,1006,0,4341,970750,9,7,8,10,7,10,10,9,70
D4T1KUK4D,しきん,HE0GK3EPE,瑞蓮プロカ倶楽部,1278,7,4341,970750,8,5,6,8,7,7,9,9,59
GXQ4R5V33,macken,5WUDLMWEP,蓮ノ空は明日ノ空,1559,18,4341,970750,10,10,10,10,10,10,10,10,80
DPD9HMXCL,貞子,X0TFG829Y,ボクのおうち,637,0,4344,970500,6,7,7,2,4,1,8,10,45
2HBRHLDE5,エックス,573J1JVVK,かほかほ,1258,6,4345,970250,8,7,8,7,9,10,8,9,66
V38HQQAC1,Tanzaa,PDMPF3VVV,r/LL,820,3,4345,970250,6,6,7,5,6,6,7,7,50
DLI1EBZ98,える,D74U0Y31D,はじめての蓮ノ空,822,2,4347,970000,7,7,8,9,7,7,7,8,60
VA7RK1TH4,yeah,W26TRPM1R,めぐ党藤島派,1197,5,4348,969750,9,9,10,8,8,9,10,9,72
XBEHLLH7T,TOMOKI,LUDNM40F8,ふくふく無言OK,757,3,4349,969500,2,9,6,10,10,3,6,6,52
GKEAK0X4V,sasa3,RM7N1JDB5,無言推奨不干渉会,413,0,4349,969500,4,8,10,1,4,5,5,7,44
GF13NTW65,もい,H0DV3JJGA,かほさやてぇてぇ,984,14,4351,969250,5,10,6,6,9,5,8,7,56
5WV29SIX9,ノエル,AND13836G,乙宗梢親衛隊,1238,1,4352,969000,2,5,5,1,5,4,4,10,36
NAQKDWP85,フカ丸,Y2P9LABR2,スクステ同好会③,1375,7,4352,969000,8,7,7,6,7,7,9,8,59
FE33PJUPP,ふゆ,8MDA3A0AK,イベント用,405,2,4354,968750,4,5,6,3,4,4,5,4,35
YMT9EOLDG,コスモ,FC8NBAJBT,ラー麺二郎金沢店,1397,18,4354,968750,9,9,9,7,10,9,8,9,70
85YMLKW64,まゆき,Y2R7E79U3,カワウソ同好会,1151,14,4356,968500,8,6,8,8,8,7,8,8,61
4HE04415C,ベーコン,UX96YX4T1,『位置について』,420,0,4357,968250,9,8,10,6,7,7,7,7,61
65B3ZLSOI,しいたけは俺の嫁,424NLTEE8,無言な異次元部屋,960,6,4358,968000,7,6,8,5,7,7,7,7,54
230J536RJ,Aily,CRYB2FJ64,つくよみくらぶ,670,0,4358,968000,8,7,7,5,8,4,7,8,54
6Y525ACQ6,我孫子,GYJ3C6TKR,綴理先輩好き好き,1308,6,4360,967750,4,4,5,9,7,5,8,8,50
6DEKA1EL1,EI,2DYYAPFVN,蓮っ子村,948,4,4361,967500,8,5,8,4,7,8,8,5,53
9WVHJBDEG,まさ,E34RNNCMJ,サークル名は仮,1163,0,4361,967500,5,5,8,4,7,7,8,8,52
23V0AB36U,ミツ,9D722M8KC,蓮ノ空同好会,804,6,4363,967250,10,7,4,4,5,4,9,6,49
NBG0TN1VK,ケムシャル,CRYB2FJ64,つくよみくらぶ,851,1,4364,967000,1,4,6,2,3,1,3,1,21
KSJVEOC07,ライズ,HBK6KCRPP,無言でおけ,1178,4,4365,966750,9,8,7,4,7,8,6,8,57
IQTW8SJSO,なすお党,0JY7F3EKU,さやか愛でる会,1241,3,4366,966500,8,7,9,7,8,8,9,10,66
A8UAN5PTG,123,YAD615PCK,蓮を咲かせる泥達,936,3,4367,966250,7,8,8,5,7,5,7,5,52
2BTARH6FG,じろう,X0TFG829Y,ボクのおうち,576,0,4368,966000,5,7,6,5,10,3,6,6,48
P24FYZ5SZ,まち,4RY75CKM4,LLすこ部　メ募,1178,15,4368,966000,4,7,7,6,10,10,8,7,59
RD200DHGJ,Baito,R9NGK6L48,のんびりサークル,705,0,4370,965750,6,6,8,7,6,8,8,9,58
CJECN5NNA,くれと,AH27N260E,百生信託銀行,1047,10,4371,965500,6,10,7,7,3,10,6,6,55
L5TXUMJED,LaMeeska,2JVBK752G,卍愛蓮説卍,1200,7,4371,965500,6,6,9,7,8,7,7,7,57
U6AJ7YPJ9,こおりやま,LUDNM40F8,ふくふく無言OK,1155,9,4373,965250,10,7,9,8,6,6,6,8,60
UIBETYYLN,だざいおさむらい,CT8XW752X,蓮ノ空写真部,1081,14,4374,965000,9,6,5,5,6,6,10,9,56
VDRFM2XBY,プリッツ,BT22M41DV,梢花帆吟子同好会,582,0,4375,964750,7,2,7,10,7,6,6,5,50
MRAY8D7XH,†クラウド†,TKVR3KU7L,ネギトロTKG,1063,0,4375,964750,4,6,7,8,3,1,9,8,46
OJ9YBIQN2,Jasonqe,73N4AB3LR,かほ子のイオン,1245,2,4377,964500,6,7,7,4,7,6,10,9,56
NR2HU9W94,アロイン,J62DRC7J5,蓮ノ空好き好き会,1150,0,4377,964500,4,5,9,5,7,5,7,9,51
02CWX6KIJ,ユー,FD24TD6C5,泥人,945,1,4379,964250,5,6,5,5,7,5,7,8,48
6UYRFMEV0,こよあすめ,UYCT3Y4JK,蓮っ子,1181,12,4380,964000,7,7,9,5,4,5,7,9,53
KDK5LML51,*-Doni-*,YFADYJVW4,FPS好きクラブ,1179,17,4380,964000,7,5,9,3,10,6,4,2,46
E2U9KK2U4,えーいち,GBGFR3LVR,ココン東西南北,998,2,4382,963750,5,6,7,8,8,8,3,8,53
96C14P93Y,Blue,R181MKNX1,みらくらは人生！,954,9,4383,963500,4,5,5,5,4,5,7,7,42
H7MVU0A93,ぽて,LY0XPW7NL,元カノ概念強火派,755,5,4384,963250,10,10,10,10,10,10,10,10,80
RMO77JXDG,Ryusei,WAT20PN3Y,こな党,1206,7,4385,963000,8,6,8,9,7,7,6,9,60
7PXDVGWC2,なかまつ,WE4AB37FP,めぐ党,1257,14,4386,962750,7,7,8,7,9,9,5,10,62
6Y3MXTJLJ,ひろいち,VP0K6KF0K,蓮ノ空大好き!!,1166,14,4386,962750,6,10,10,7,8,10,8,10,69
GPF5WR323,DREAM,88DJ300PJ,めぐ党 • 永遠,969,0,4388,962250,6,5,4,4,7,7,5,7,45
MK48BY1YM,monmon,D3GHVP031,ロータス,627,0,4389,962000,4,5,6,5,6,7,6,9,48
EFR83B0RT,ネオンチュ,8M6UDX260,ぽけもん好き,990,3,4389,962000,6,4,7,4,7,7,7,7,49
MT2Y3FYWK,希介のヘアピン,J800VVPTN,Aqours,874,6,4391,961750,9,6,10,9,7,7,5,6,59
D25HG8BOO,とし,A84BK7PL4,ゆるっとホリディ,1085,17,4392,961500,10,9,8,8,10,9,8,10,72
YM4P09F31,とれてる,WN3LHKX0L,レンコンおいしい,661,0,4392,961500,4,6,8,4,9,8,10,10,59
33ENHEREB,すまない,KGDNX3EF3,ENcircle,870,3,4394,961250,7,7,7,7,6,8,9,8,59
2VV6MC7RB,T,PR2BGEK5K,ありがとう大三角,511,0,4395,961000,7,10,6,10,4,2,4,5,48
N4EPOFLYC,ike,G8F0M2PH2,アフターウォール,1219,9,4396,960750,5,6,9,5,8,5,7,8,53
NP16UTF12,カイチン,HBCC35887,そりゃー!!!,1068,4,4396,960750,5,7,7,4,10,8,10,10,61
65WP833YT,まーぐ,06DCWC1RE,とりあえず参戦用,1170,1,4398,960500,8,7,9,6,8,8,8,8,62
GNI2E2FM6,Milkie,17AEM7PUN,SIFcord,593,5,4399,960250,4,3,4,3,3,3,4,1,25
37SA46D0Q,西山剣骨頭,Y337R7BW9,中国の蓮之空圈子,1137,12,4400,960000,7,6,7,7,7,6,6,7,53
KLM8ADVXO,Digi,7XH3K4GBT,LLP,1174,12,4400,960000,7,4,7,10,6,6,6,7,53
4P36WEMHV,すみむらニ,J80MEYHBC,Nymphaea,1155,13,4402,959750,10,8,8,6,7,7,8,6,60
2DGEPNUX7,Nonpee,6U5YRWNNY,あすて☆りずむ♪,879,1,4403,959500,6,6,5,5,4,5,6,7,44
1BFELE7V0,あん,KA652DGYV,ゆるリンクラ,1045,5,4404,959000,3,7,6,7,3,7,10,8,51
NCT6HURO6,りよ,CRYB2FJ64,つくよみくらぶ,1191,7,4405,958750,7,7,10,6,5,5,5,10,55
NFE86OP9B,なはとま,6HV2RH6TU,イベント用、無言,1095,3,4406,958500,5,5,7,5,6,4,7,4,43
9XWR2CJTC,T2L.,GKR9TEBYC,毎日がホリデイ♪,1018,14,4406,958500,7,3,7,4,8,7,8,5,49
OKFXHI40F,ざんみゃー,9UKKACGDU,蓮っ子CLUB,1050,2,4408,958250,7,7,7,7,7,6,7,7,55
SVINRA4QP,UMI!,X7YM9EG8K,伝統の石川地酒,1126,4,4409,958000,7,1,7,4,10,6,8,10,53
3M420CE5A,pH,W9V6VTXAN,梢先輩の歌声好き,503,0,4410,957500,10,8,8,4,7,4,7,7,55
W73TFLTX8,ちびまる,N6TVG18P8,すきすきクラブ,787,4,4411,957250,4,4,5,4,2,9,3,2,33
CTNE14E9D,バーニィ,UXWL7V4CE,蓮ノ空女学院,1344,18,4411,957250,10,10,10,9,10,10,10,10,79
UL37THR9A,み。,FH7G62PKW,月火水木金土日,1124,3,4413,957000,9,9,9,7,9,9,9,9,70
OHVFPTTWI,優利,FHN78V2DJ,無言でどうぞ,1051,8,4414,956750,6,7,6,6,6,5,6,7,49
36O1J8BDY,タイム,95TAREFPT,ご自由にどうぞ,1367,3,4414,956750,10,10,9,8,9,9,9,10,74
HC9P8IT0V,やまねこ,D1YHB0B1A,BWO,1278,6,4414,956750,9,9,9,8,8,10,8,8,69
69MFX9CPT,天城,T2XRMGEAE,蓮根無言会,1114,8,4417,956500,8,6,8,10,9,3,10,10,64
TMTXUN0C1,千陽,RBDLWNFFM,ドルスリズパーク,654,0,4418,956250,7,6,5,6,7,5,6,7,49
CMULRD345,かめきち,K8C99H42D,ルリと喜ド！愛楽,1219,8,4419,956000,4,8,9,5,8,7,7,8,56
8WNEP4JHG,だいP,E7UBFLW56,同好会の同好会,1019,2,4420,955750,7,7,8,7,3,6,4,4,46
E38GG76NH,とと丸,4XRHRYDW4,無言でエンジョイ,1196,0,4421,955500,4,7,7,4,6,7,7,7,49
LPZWR2MGI,メントス,H837E0M9R,沙知先輩大好き部,1138,0,4422,955250,5,6,7,7,10,5,9,9,58
LAFDKA9DU,べえ,XTMGPY62U,スクステ初心者,1034,11,4422,955250,7,8,10,10,10,10,10,9,74
A3Y90TW4Z,BlG BOSS,8EP8BFEV7,蓮ノ空女子野球部,781,0,4424,955000,8,8,10,7,7,7,6,8,61
KNQ2IUHFM,ハムP,PDMPF3VVV,r/LL,997,4,4425,954750,10,7,7,5,6,5,6,7,53
LGALLT5LE,ナノ龍剣,CRYB2FJ64,つくよみくらぶ,590,0,4425,954750,4,8,9,8,10,9,4,8,60
JEBFJU9HW,不可思議な学院生,E76N52LMW,イベントのみ,902,1,4427,954500,7,7,8,6,7,7,7,7,56
A5JHEM97P,まさ,M49MMBK4F,スリーズパーク,760,1,4428,954250,10,9,10,7,9,9,9,9,72
Y2UKYBPKF,くろごま,WN3LHKX0L,レンコンおいしい,509,0,4429,954000,10,10,10,10,10,10,10,10,80
A0GU1DYFR,Lilie,38KAJGDGU,異次元シャニP,1091,13,4429,954000,8,10,9,9,10,8,10,9,73
54A925M93,おぼろクマ,8EX9KUG3E,コズエとツヅリ,1068,12,4431,953750,7,6,9,6,7,6,7,8,56
6TL64G238,さんしん,3194B9E93,初心者寄り合い所,606,0,4431,953750,10,10,10,8,10,10,10,10,78
BXMCETUJE,lio8658,4RATY4E84,DC大好きクラブ,1031,4,4433,953500,7,7,8,5,6,7,8,8,56
TQA69D4WC,とべわき,YUBB47UXH,ソロプレイヤー,1183,13,4434,953250,9,7,10,8,9,7,8,9,67
55J3M6W82,うみうえ,26JDLMBLN,徒町は強く生きる,294,0,4434,953250,7,6,8,9,7,10,7,10,64
WTG4EH2HD,rinkanan,VY26V3P0K,AltF4され隊,595,2,4436,953000,8,5,7,4,6,6,4,5,45
VTNY8S6TV,cocoa,BCJRMHE75,梢すきすきクラブ,1311,17,4437,952750,10,10,10,9,10,10,10,10,79
JUX4C8WWB,まるぐ,BEMED3RY1,無言無課金ok,1136,1,4437,952750,7,7,7,5,6,7,6,7,52
VF7TBZKCD,イジ娘,AND13836G,乙宗梢親衛隊,1276,15,4439,952500,7,6,9,5,7,8,7,9,58
VGO2EFWW3,わいず,6HV2RH6TU,イベント用、無言,1026,3,4440,952250,7,4,7,4,7,5,6,7,47
76D281WLD,なのは,D52G2F1HV,いな民リンクラ部,1165,9,4440,952250,6,6,7,9,7,7,10,10,62
8HUCJYW25,ざこし,CX967RTGY,おんゆあさーくる,1117,13,4442,952000,10,10,10,8,10,8,9,9,74
2PUUKBKH3,시아しあ,333AUNMN7,乙宗家,983,9,4442,952000,5,8,7,4,6,5,6,5,46
CV8NJNHVW,ponsaku,NA8FEYN0M,蓮ノ空飲酒クラブ,891,0,4444,951750,5,8,8,1,7,7,6,7,49
3YLD3R5JN,ハルト,0C3CUCRC6,おためし,1038,5,4445,951500,7,6,9,5,9,6,8,8,58
R229CDAF3,緑園えぼし,X7YM9EG8K,伝統の石川地酒,1527,15,4446,951250,5,10,10,10,9,4,10,10,68
8LJ6RFHBD,はる、,MTBP3B4GM,ふらわーすきすき,1284,15,4447,951000,10,8,7,7,9,10,7,7,65
0FJEW5DWV,鐘楼守,FH7G62PKW,月火水木金土日,1332,18,4448,950750,10,10,10,10,10,10,10,10,80
71A2XUE9B,theta,BKUHCT7WF,蓮女お嬢様部,1191,9,4448,950750,7,7,9,4,7,6,8,8,56
P80R78494,進藤•野中うたい,YFADYJVW4,FPS好きクラブ,660,2,4448,950750,8,9,7,5,9,7,7,10,62
IZ48INGKV,りきちゃん,AHE0E3JND,ありがと！にひっ,901,5,4451,950500,10,5,8,4,7,4,4,8,50
2CJ3XACLG,ちょみる,N752V1LD6,思想の溜まり場,589,2,4452,950250,8,3,10,10,2,10,6,5,54
9WD164N1T,ね,H837E0M9R,沙知先輩大好き部,889,5,4453,950000,7,7,8,9,5,7,9,6,58
HRR34B2P4,RAON,573J1JVVK,かほかほ,1207,18,4454,949750,9,10,8,9,10,10,10,9,75
9ZUQQ0BE5,かんかんみかん,J83JWJ028,大ㄇㄚˊ露營區,1109,0,4455,949500,7,6,9,6,7,6,8,8,57
LX1P1G5RA,幻想,3A63DYH54,LLすこすこ部,276,0,4456,949250,6,4,7,5,5,5,6,4,42
TLYYVVP7E,あおと,D1YHB0B1A,BWO,964,4,4456,949250,5,5,5,4,7,4,4,5,39
69BBOVP3H,藤島慈の赤ちゃん,YE7CX8RNP,蓮ノ大三十角ex,1276,15,4456,949250,10,10,10,9,10,10,10,9,78
VUDJLX0U7,コウ,8M2MFU9U0,リンクライブ,1229,7,4459,949000,7,7,10,8,9,7,8,8,64
0VV5A349N,キュアけんさん,DF7FA982P,蓮ノ空百合部,1032,2,4460,948750,7,6,8,5,7,7,6,7,53
XDLCMV6KN,伊達真,J7N4W6Y1K,こずミックラブ♡,1056,12,4461,948500,5,5,6,5,6,4,7,7,45
P17JKB403,ゆっくら,K8C99H42D,ルリと喜ド！愛楽,1102,8,4461,948500,6,5,10,5,10,6,6,5,53
E9W37M1V1,yu-ki,TBX7N9RK5,つよつよなLH,1081,8,4463,948250,7,8,7,6,9,9,8,9,63
89RH4G5PY,KC,ANCNM0UPK,スクスタ適当部,1369,10,4464,948000,6,6,7,9,8,8,8,8,60
H8UPEN12L,ばんゆーあおりん,UX96YX4T1,『位置について』,987,4,4465,947750,5,5,6,2,5,6,7,8,44
R4P6HX1F2,はやた,KFC62L0FV,ねるねる同好会,1107,4,4465,947750,9,7,9,6,7,7,9,9,63
MVEG630P7,月見台,1VVCPXU7V,第七ギョーザ,1053,6,4467,947500,6,4,8,4,6,7,8,8,51
KKHVD2L38,夜桜,948FLPMPN,まったりハス煮〜,921,10,4468,947250,10,10,9,8,5,7,7,5,61
RAK1H3AC4,RedBlue,DALU6BL7L,東方星蓮船,666,0,4468,947250,7,10,7,1,7,1,6,7,46
7PB5037R0,エス,2LG8K5VAJ,Eサークル,1044,1,4470,947000,4,1,1,5,7,5,4,5,32
ESBNCNW5F,おだんご,8R49BTWW6,蓮女お嬢様クラブ,1324,15,4471,946750,10,10,10,9,10,8,10,10,77
5401BJ0E5,きょんしー,WBW66DMUB,るりめぐ研究所,887,5,4472,946500,10,10,10,6,10,10,8,9,73
87U56P7UW,おるおる,T4WY63DB9,ういのま,1177,3,4472,946500,7,7,8,6,4,6,7,7,52
BRR04P5C3,ことしゅ,ABU58EVJ2,Quatuor,490,0,4474,946250,6,10,6,5,10,6,10,5,58
B301FOVVA,いきゅー,C2M5GJD7D,せーので！埼ノ玉,1154,6,4474,946250,4,3,8,6,10,9,10,9,59
BN71H4P9T,なかう,GPAAHVHCL,蓮ノ空地学部,1037,4,4476,946000,1,8,7,4,10,8,7,9,54
DCB4XWMR9,ヨナ,HPTHY23VR,蓮ノ空文芸部,398,0,4476,946000,8,7,10,10,8,9,10,10,72
JRTBH36N1,ゆき,3FF3NB77X,せーはす愛好会,1014,4,4478,945750,9,9,8,8,7,8,8,6,63
WGOPEUKC7,さかさ,HWJ8XPW0T,箱推しなのだけど,1206,3,4479,945500,8,8,8,6,7,7,7,5,56
U7CH390EV,さば,8VGXWTV3U,R.opRizm,592,3,4480,945250,5,4,10,1,4,4,2,1,31
0MKB4CPIR,やすぽん,BKUHCT7WF,蓮女お嬢様部,1177,6,4480,945250,7,7,8,7,7,7,7,7,57
TAFGAJEDM,りり,B2KV0EVPD,蓮ちゅきクラブ,858,0,4482,945000,4,4,4,5,2,6,7,5,37
GAY2YJVV6,高原　純,9C0KWR782,まったリンクラ,1013,8,4483,944750,10,10,10,9,10,10,10,10,79
X3MY97T4G,ヤマト,8MTLYLH9F,木星月華黄金宮,1140,9,4484,944500,7,5,8,7,9,10,8,8,62
EG28XFDMR,恋太郎,UVN7G4X3A,闇のルビィ団,1098,16,4484,944500,8,8,10,6,8,10,10,10,70
JUDKY3UR6,pannkuzu,0PFGRW8W0,ごはん処,741,0,4484,944500,8,8,10,7,6,6,4,7,56
TVNVCR2FA,和歌,8FXXHE22A,蓮ノ空,1196,10,4487,944250,8,8,7,5,8,9,9,5,59
TXI7D0VP5,みほ氏,LHXNEF3D5,まるまるサークル,1364,15,4488,944000,9,7,8,8,10,8,8,9,67
HGP8DLFAB,たみ,KT4C59NXG,めぐ島,1282,6,4488,944000,8,7,7,7,9,9,7,10,64
LIIPSPLHA,Faizu,PDMPF3VVV,r/LL,1234,2,4490,943500,4,6,7,4,7,5,10,9,52
QKB6JFPJ4,ふぁふま,WX1DYC9Y1,ラナンキュラス,1480,9,4491,943250,9,7,8,8,10,9,8,10,69
GAAHV94CA,ぶらっくさん,PRY4573W6,報酬用,971,5,4492,943000,4,4,6,8,6,5,5,8,46
DO2S3PI5L,ましまろ,87DTRY50Y,今のところひとり,1197,3,4493,942750,7,10,8,6,10,7,7,9,64
JMU6RK4FE,ちゃーりー,CWG5LH3VE,蓮好きPの集い,1065,3,4494,942500,4,5,4,4,7,6,3,8,41
NLH1J5W2D,にゃんこ,D7UA5ER1E,UR報酬欲しい！,838,1,4495,942250,7,7,8,7,7,4,6,8,54
W41S109F6,TsengBW,J83JWJ028,大ㄇㄚˊ露營區,1309,16,4496,942000,7,8,10,8,10,8,8,9,68
PNQMGBM2L,なっちゃ,4XRHRYDW4,無言でエンジョイ,1464,9,4497,941750,4,8,8,5,10,10,10,10,65
RRH2R97HH,コウ,P01RCC6L2,まったーり,977,10,4498,941500,8,9,9,4,7,7,7,7,58
WRVA5GPYJ,ニンジャ,AXG81GPMP,蓮ノ空マタギ部,989,4,4498,941500,1,2,7,4,6,8,7,9,44
P2H2N6CGD,ごぼー球菌,R1RM3X0WV,後方腕組みオタク,539,0,4500,941250,7,4,5,6,7,8,3,9,49
5B1NJAW9X,シベリアン蓮好,T56X6LP0L,光の海,999,0,4500,941250,7,4,8,4,6,7,6,7,49
AUM1ZV6P7,らい,PPAHU1TNY,蓮ノ空のんびり部,1322,4,4502,941000,8,8,8,7,8,7,7,9,62
RT6Y5YEDU,反応なし,V830CTTX3,日野下後輩,864,0,4503,940750,5,5,8,6,7,7,8,9,55
J8FCRHPAN,エリー千歌,6C9R15BLY,スクスタ避難民,1035,1,4504,940500,8,8,8,7,8,9,7,7,62
9A42A8Y5G,ささみ,J3863HD1G,パラデス教,639,2,4505,940250,4,5,6,4,7,4,6,4,40
7WT6MBHY3,よもぎ,MG3X118W7,大室家,1021,7,4506,940000,5,4,10,4,6,7,5,8,49
F5A2A68AJ,ほっけ,E1HVJ71JR,ご自由にどうぞ,939,4,4506,940000,4,6,10,4,5,8,9,1,47
P5PGW5TFD,真城優,VA6X5YNNF,スリーズ分家,860,2,4508,939750,8,2,5,7,2,4,3,7,38
MALTWLCPF,しおん,20UX8Y9B7,頑張れ端末,527,2,4509,939500,4,6,9,10,7,5,6,9,56
KO36M041X,LG葉桜内號MM,NLB84DYBF,下松系拉麺同好会,1303,9,4510,939250,9,8,10,6,10,10,10,7,70
V1LUUA7GE,F7YNNC2K,UHF5Y8PEF,さやちゃん倶楽部,885,1,4510,939250,2,9,8,7,7,7,7,4,51
K9XRZKF6W,凰沐,FH7G62PKW,月火水木金土日,1279,13,4512,939000,7,7,8,6,7,7,8,7,57
RPUCAKV1A,チャットGDP,6C9R15BLY,スクスタ避難民,1050,2,4513,938750,9,8,8,7,8,9,7,7,63
2DZ75N97R,こーせ,PPAHU1TNY,蓮ノ空のんびり部,1034,8,4514,938500,7,7,6,6,7,7,8,4,52
RTNUPDJUN,ふく,R2PFWX8WK,チョコパン,980,6,4514,938500,7,6,8,5,8,7,7,7,55
42R469Y00,たかや,TM19BMU7C,ソロプレイヤーズ,909,2,4514,938500,7,7,9,7,10,9,10,5,64
611L8CKNB,みとみと,VP0K6KF0K,蓮ノ空大好き!!,1415,18,4517,938250,10,10,10,10,10,10,10,10,80
MP8NO9YZV,紅葉,RWG56GK19,e+本社ヲ爆破ス,935,3,4518,938000,4,7,6,5,4,7,3,4,40
83X2GJHE2,すらが,1KDUBW4HB,めぐ党0番,371,0,4519,937750,10,6,10,9,9,3,10,10,67
62C4CT335,ひるま,CV62FGL1U,花咲かせ隊,1105,3,4519,937750,5,5,5,4,5,4,6,2,36
BY6JEY5PB,侑,GW4CH70HK,TKG同好会,865,0,4521,937500,5,4,9,5,4,8,7,5,47
DN2U6P9EX,minagi,9P9EPKFHE,無言参加OK,225,0,4522,937250,10,7,8,5,5,5,3,4,47
PE3A9A268,スイカバー,BKUHCT7WF,蓮女お嬢様部,1199,6,4522,937250,10,10,10,7,7,10,10,10,74
Y2UU8WRYC,あいすはぁと,YNR28303K,りんくらぶ,953,8,4524,937000,6,7,7,6,8,9,4,8,55
O5JDQOZLK,まれょ,43235R4UP,MRY,1116,6,4524,937000,7,8,9,8,9,7,9,9,66
3YDYX453J,バジリスク鈴木,U00TP03KP,阪大リンクラ部,545,0,4526,936750,10,10,9,6,10,9,9,10,73
2K0NDWTNK,ひよ,GVT61ATX0,なのだけれど,1139,12,4527,936500,4,4,5,4,4,4,6,5,36
XD3EEVMRA,色波,V8XX999F6,卍蓮村幼稚園卍,1324,5,4527,936500,8,10,10,8,9,10,9,9,73
UN18BWAH4,常盤@命,58FD7UF8J,としとしサークル,1325,5,4529,936250,9,8,8,6,9,9,9,8,66
CDGR11BZY,ヒロ,D7H8MN2U4,LLD,1277,8,4530,936000,9,10,9,7,10,8,8,9,70
3TT85FWF7,のぞは,WFPA7YJE1,蓮ノ空文芸部,1134,16,4531,935750,10,10,10,10,10,10,10,10,80
WF4P6C5NT,はたはまはやさ,X33HHA9F8,アルストロメリア,1061,3,4531,935750,5,5,7,9,8,9,8,9,60
URL42KCGK,みんくん,PR2BGEK5K,ありがとう大三角,1020,4,4533,935500,6,6,8,4,9,8,10,10,61
4DEXTYUX5,まっちゃみるく,948FLPMPN,まったりハス煮〜,511,0,4533,935500,10,10,10,10,10,10,10,10,80
ONYDHDIZ6,滉（ﾋﾛ）,2ULM366U6,毎日がエブリデイ,1322,17,4535,935250,8,6,9,5,6,7,10,10,61
VK2E9YV9X,すばるん,KA652DGYV,ゆるリンクラ,872,2,4536,935000,7,4,5,4,4,4,6,7,41
79BJRC13C,スターダスト,J5CKL5YPX,ログイン勢かもん,733,2,4537,934750,2,10,5,5,10,6,4,5,47
MDYJM8LXL,みかん,YAD615PCK,蓮を咲かせる泥達,1083,13,4538,934500,10,10,10,10,10,10,10,8,78
8B3186WDL,つた,TCTEAMP9C,虹ちゃん最高！,1430,17,4538,934500,9,7,10,10,10,9,10,10,75
KEBFXANCN,kagayaki,9E910GGD2,蓮ノ空給湯室,902,1,4540,934250,8,8,7,5,6,7,7,7,55
MJP5M1594,くっま２号,48GTYR1VB,ハラショー！,1182,13,4541,934000,10,7,7,7,7,7,10,10,65
6JMTNLEY8,めんど,1D7T2UXC2,無言でのんびり,877,3,4541,934000,6,6,9,2,6,6,7,7,49
YPJ50JJYN,comet,GN1798YEX,ド!ド!同好会,455,0,4543,933750,4,6,5,3,7,6,8,4,43
24V8PFG80,朱稀,424NLTEE8,無言な異次元部屋,888,0,4543,933750,9,7,9,9,7,8,7,7,63
7W1HV2AE9,Toric,919XF8V2V,蓮之空大三腳,532,2,4545,933500,8,7,8,8,6,5,7,5,54
E0JO659QD,ソン,YVF1V2AH6,蓮ノ空全共闘,1479,16,4546,933250,8,7,6,8,8,8,7,8,60
UIHD7SIRN,lira,HBM31HMUY,YUKIZURI,1083,1,4546,933250,1,4,4,5,2,1,4,5,26
B49P9TFY4,けんご,XVTV7MVCX,雪月花,1023,10,4548,933000,4,4,8,5,6,6,7,7,47
RPM3CWTW5,なべっち,73N4AB3LR,かほ子のイオン,1335,15,4549,932750,7,7,8,7,8,7,7,6,57
BFGJLROGZ,タイマイべっ甲,D7H8MN2U4,LLD,1184,13,4550,932500,7,8,8,7,6,8,8,8,60
04OJ29Z4I,たーしー,K25DPPGT9,圧倒的にまったり,1193,13,4551,932250,7,6,7,7,6,6,8,7,54
KELAXQ9TF,みのゆ,CTW8DKV5P,まったり,1238,14,4551,932250,6,7,10,8,10,7,10,10,68
KHYB2UVRN,こいあじ,PRY4573W6,報酬用,1035,3,4553,932000,8,9,8,7,8,7,7,8,62
BVI7DP9SK,星のファービィ,2UKNVBMBU,梢ちゃん同好会,1083,6,4554,931750,5,5,5,7,8,7,7,9,53
H93FCB9RK,トムワイ,G0J2F9NAL,さやさやさーくる,1086,4,4554,931750,7,7,7,6,9,8,7,8,59
P7G9UG76T,Nori,JX0BXWNWH,新米蓮好き好きC,858,0,4556,931500,6,7,6,6,7,7,7,8,54
65EYKN4AF,Doda,JA2C658FW,さや綴理の村人,965,9,4557,931250,1,1,5,1,4,5,9,4,30
XA20AG99Z,せーのでのんすけ,XHJLF3R8H,ゆったりプレイ,909,4,4558,931000,2,7,7,7,4,7,8,7,49
5BXXLGPXM,はねむーん,36DAM7HBL,蓮隠れノ里,1157,8,4558,931000,8,10,9,10,10,10,9,10,76
3A6V3FFBA,夏夜の花,E050K9859,蓮党,972,10,4560,930750,5,4,7,6,6,8,8,4,48
920UBPFG2,ぶんと,N6T2MVATD,まったりサークル,938,6,4560,930750,4,4,5,4,4,4,6,4,35
NTEMY3J5M,のふぃ,26JDLMBLN,徒町は強く生きる,537,2,4562,930500,7,4,10,10,7,2,7,7,54
0GNFJ8VJ9,canon,DHBGK1398,となりにこな,1376,9,4562,930500,10,10,10,10,10,10,10,10,80
WJNOW6YZG,スノードロップ,NL1MPRG05,とりあえず,856,6,4564,930250,6,5,7,5,4,5,6,9,47
FCSF9I6I6,ふらりん,6LJMPLM0V,蓮が大好きクラブ,1191,7,4565,930000,7,7,7,7,8,7,7,8,58
AE6Y551TC,夢幻王,GYJ3C6TKR,綴理先輩好き好き,1307,2,4566,929750,9,9,9,7,8,8,8,9,67
DX93H1ECV,えび,BXGNMY466,ライグラ用,368,0,4566,929750,10,5,10,10,4,8,6,8,61
PKAHCF304,penguin,AWFDLJ1HC,小蓮花（重生版x,640,0,4568,929500,7,6,4,4,7,7,4,10,49
D3YJXA0A0,バブゆずの香り,R9T0YKDW8,バブまち応援隊,1068,11,4569,929250,1,4,6,1,10,1,7,1,31
9YV3TM0TD,ふー,38KAJGDGU,異次元シャニP,324,0,4569,929250,10,10,10,10,10,10,10,10,80
KAU78C85L,チェス,J7N4W6Y1K,こずミックラブ♡,1437,17,4571,929000,10,10,9,7,10,10,10,10,76
VEM7KEV0Y,ここじゃない,XLBU65J86,花の壁飾りクラブ,745,0,4571,929000,7,9,9,7,6,6,7,7,58
95LWACFPU,塩パスター,NJBBTCY3A,かにかに！,587,0,4573,928750,7,8,8,7,10,8,9,8,65
5RPYAFH3W,すばら,RM7N1JDB5,無言推奨不干渉会,1280,15,4574,928500,10,9,10,9,9,9,10,10,76
SZO0M1E2M,ぽよ,AH27N260E,百生信託銀行,923,9,4574,928500,10,10,10,10,8,7,7,8,70
CWH8HF8R9,Risu,Y4G0KF6NB,無言でやる会,757,0,4576,928250,6,6,8,5,6,5,7,7,50
QT5JKS5LE,レフティー,GKR9TEBYC,毎日がホリデイ♪,1125,0,4577,928000,6,6,8,4,7,6,8,9,54
B9JWNFN1K,あむすと,YADX9DY49,ﾊｽﾉｿﾗｰ,996,3,4578,927750,4,6,4,6,5,4,6,5,40
2LNFWVW61,どんちき田中,407VAU0TT,ログボ勢の集い,784,1,4578,927750,5,6,7,7,7,6,7,4,49
0KYQF022J,すみすみ,LY0XPW7NL,元カノ概念強火派,1170,6,4580,927500,7,7,5,4,6,7,7,9,52
FO0AHCR2P,エムネ,K25DPPGT9,圧倒的にまったり,1292,8,4581,927250,8,8,10,10,9,10,10,10,75
UHL2YXLC2,あお,3HDDYR4FU,旅人,675,0,4582,927000,5,1,5,1,4,4,6,1,27
U9VVN5FX9,はち,2VJG66JTH,まったり,877,1,4583,926750,6,9,7,4,7,5,8,6,52
5KVO11D33,バラきゃんと,UAD14JPWL,泥ん子(仮),1412,15,4584,926500,9,9,9,5,8,8,10,10,68
SU4PED2QC,てんぐかもつ,KPVJD4A1H,WINS金沢,1198,10,4585,926250,9,9,9,8,9,10,8,9,71
PX5Y4VWA7,しの,GWGDMA3YC,初心者無言自由だ,765,5,4585,926250,8,7,10,6,7,10,7,7,62
XXB6AYXDM,紅生姜,4FN0KWB4G,無言参加大歓迎！,393,0,4587,926000,7,7,10,5,8,7,8,8,60
X13KX70UE,山,JVUNVCT8P,梢先輩のASMR,1089,11,4588,925750,5,6,9,2,9,1,3,9,44
6PPYW6WVM,Jkgjar,30VW9U24D,Bigカツ同好会,849,1,4589,925500,8,6,8,7,6,5,6,7,53
X12ML989R,ルカ,LLDLG20UU,UR取り隊,942,2,4590,925250,4,5,1,5,7,4,4,8,38
EE7GXYR3S,MAZDA,573J1JVVK,かほかほ,963,2,4591,925000,5,5,7,4,5,8,6,7,47
VPJ97L2NW,ひあるろん,XR2P2LDY3,蓮ノ空さいきょー,1004,6,4591,925000,7,6,9,7,4,5,8,8,54
R5WEB9KV9,くりけん,B2KV0EVPD,蓮ちゅきクラブ,1308,5,4593,924750,5,4,5,4,4,4,7,9,42
ADGKEX9K6,３号,WCL6R1ANU,無所属の会,1122,3,4593,924750,8,8,9,5,7,8,7,5,57
HWHGF10WS,ルーチェ,WCL6R1ANU,無所属の会,955,7,4595,924500,10,9,10,9,10,10,10,10,78
A9N4UAFKW,NOS,WFPA7YJE1,蓮ノ空文芸部,1068,2,4595,924500,6,6,8,5,7,5,7,7,51
T4KZIBPWA,銀狐,AH27N260E,百生信託銀行,1171,5,4597,924250,10,9,10,7,8,10,10,10,74
V2AU5HAB1,三日月,NJBBTCY3A,かにかに！,1299,15,4598,924000,10,10,10,10,9,10,10,10,79
8HT5R8C4D,ゆうしゃぷ,H6JWBBGCG,蓮天・乙宗一心流,1047,6,4599,923750,6,6,7,4,3,4,7,5,42
TXLCBFGY0,あきサカス,W3YKKRWHG,ルリと愉快な一家,1072,7,4599,923750,9,8,10,9,9,10,10,10,75
0XXRBYD3F,K,XA0XD41CM,ぼっちぼっち,526,0,4601,923500,6,5,10,8,9,7,8,7,60
K6JY9MLK5,オズ,41N8G98LV,花帆梢百合応援部,1154,3,4602,923250,4,4,5,5,6,8,10,10,52
6THD4C6N2,わたね,HKETDDCK6,ぼっちざ蓮!!,741,6,4602,923250,4,5,6,7,7,5,4,5,43
AUOWAP5AK,いお,998H940YN,お嬢様筋トレ部,988,7,4604,923000,1,2,9,2,4,1,3,1,23
0WCO17NRD,よっちゃんタコ,7U20138DB,LGP,1346,10,4604,923000,10,10,10,10,10,10,10,10,80
5M0K2EJ01,アカマキ,GGK2P93JK,きゃらめる,346,0,4606,922750,8,9,6,8,8,7,7,8,61
9M0LKVKRG,蓮根,7MPNTWKTN,Dreamers,939,9,4607,922500,7,7,10,7,8,8,7,5,59
4FZK8UHCX,ねこねこらっこ,N94LEWF2D,無言よわよわの会,1292,15,4608,922250,9,8,9,8,9,10,8,7,68
9L8P6TUG6,レイン,66BTJEEV6,ほりでぃぱーく!,1091,4,4608,922250,6,5,9,1,10,5,6,5,47
N9FTVXJ96,ガースー,HKETDDCK6,ぼっちざ蓮!!,733,0,4610,922000,8,7,10,10,6,7,8,8,64
25CG5VEF6,すう,JWUL2T36L,チーム初心者,608,4,4611,921750,6,3,7,5,2,1,5,4,33
P8RGDB71C,さっか,RKT7BC4F6,人形浄瑠璃乃,904,1,4611,921750,9,7,8,7,6,6,6,7,56
P7GA6F3UT,通行人z,MG1G6F487,蓮ノ空無微課金部,1169,4,4611,921750,5,5,7,8,9,4,9,9,56
1Q6UPBSE8,きたくみん,E76N52LMW,イベントのみ,1055,1,4614,921500,6,5,7,6,7,6,8,8,53
2KVLCTSVQ,ハイネリア,7LMARTXVN,ご飯特盛肉蟹付き,1154,0,4615,921250,5,6,6,4,6,6,6,7,46
9VUAQDC8D,カイ,K25DPPGT9,圧倒的にまったり,1120,7,4616,921000,6,9,9,5,10,5,7,10,61
WBDXFH23K,もりっち,GPKTRBCTT,騎空団蓮ノ空支部,731,4,4616,921000,8,4,5,5,7,4,7,8,48
JA2USC8EV,ふろーりあ♪,4WWM4VVDK,蓮ノ空遊戯開発部,1210,10,4618,920750,7,7,7,9,8,8,7,7,60
R4KMJE91V,Ktk,XLBU65J86,花の壁飾りクラブ,886,6,4619,920500,7,5,8,5,6,1,2,1,35
2D9LO6NAU,ナカユウ,3HDDYR4FU,旅人,528,0,4620,920250,4,6,5,7,7,8,6,7,50
RKRTNWI86,近江楊,H0DV3JJGA,かほさやてぇてぇ,1359,7,4620,920250,8,8,10,8,8,9,9,8,68
YB7D1JBKI,ルーシー,PHEKJB75C,乙宗四季恋愛㌠,1275,6,4622,920000,8,8,10,7,10,9,9,7,68
BBJB4658L,ハルひ,YADX9DY49,ﾊｽﾉｿﾗｰ,1227,9,4622,920000,8,8,8,6,8,7,6,7,58
G2VDUPPNE,しらす,75UJ5RB97,蓮ノ空雪野球部,511,2,4624,919750,6,6,10,7,2,10,5,4,50
RXGDL7HA2,くらけい,GMEF2K8DL,花咲く泥も好き²,1423,18,4624,919750,10,8,8,7,8,5,9,8,63
6NQBOHUY9,HOZ,RM7N1JDB5,無言推奨不干渉会,1144,3,4626,919500,5,5,8,4,6,6,10,9,53
KKTHAMFR0,ドロジェ,G0WRCNRWK,県立沢庵図書館,1227,15,4627,919250,9,7,9,8,9,10,8,8,68
S1S7PBWPQ,しょこら,YE7CX8RNP,蓮ノ大三十角ex,1560,6,4628,919000,10,10,10,10,10,10,10,10,80
5HG6RMM1K,ちゃうさ,1D7T2UXC2,無言でのんびり,1096,2,4629,918750,6,4,7,7,6,5,7,7,49
EWC2HBBTD,ｱﾐｱﾌﾞﾗ,E76N52LMW,イベントのみ,783,2,4630,918500,9,3,7,7,6,2,7,9,50
6DGFKCRXK,ルネサス,FG4170141,♪さやか愛好会♪,827,0,4630,918500,9,10,10,6,7,7,7,7,63
DKDK6P5R2,たし,48GTYR1VB,ハラショー！,893,1,4632,918250,7,7,7,4,7,6,7,7,52
4YXL2E8UT,にぼし,FK5MUK0ET,くる♡すきクラブ,1149,8,4632,918250,9,8,10,8,8,10,8,8,69
J8772ALYM,「Tofu」,LX25CP0TG,深夜の芋煮処,989,3,4634,918000,8,7,7,5,7,7,6,5,52
F2WYIUOL5,おソラの星,JE7V5MM31,蓮ノ沼に沈んだ泥,1313,8,4635,917750,6,6,7,4,8,7,6,5,49
KKJM9CG12,あるか,BTVC9G95X,FES用,707,0,4635,917750,1,6,7,1,6,8,6,5,40
2L75E0XAF,サビゲー,CY3GGDH7H,㍿キモ・オタク,435,1,4637,917500,6,6,5,4,4,3,3,5,36
MLAVWGCA5,青空虎遼,NJBBTCY3A,かにかに！,466,0,4638,917250,8,4,2,10,5,1,2,2,34
5JCOT6Q8E,まっちゃん,FJMA5BPPE,蓮ノ空すきすき部,1200,1,4639,917000,8,6,9,7,8,8,9,9,64
LYE390FTA,P4WL,38KAJGDGU,異次元シャニP,1058,14,4639,917000,5,8,10,7,10,10,10,8,68
HA7CFLYL3,さとやく,WFPA7YJE1,蓮ノ空文芸部,927,8,4639,917000,6,6,5,5,2,5,6,7,42
89K2XAKJ2,玲葉,TBHVUNGK6,ヨーロッパ軒,605,0,4642,916750,2,6,5,1,5,4,7,1,31
ZBECZKMZB,ハラ,R1RM3X0WV,後方腕組みオタク,1170,0,4643,916500,6,5,5,4,6,5,4,7,42
7IBU55DXY,mori,5WUDLMWEP,蓮ノ空は明日ノ空,1089,4,4644,916250,8,2,9,5,9,2,6,8,49
R05BFCN2M,チョコ,DFXEH0E0B,香港の初心者♪,986,4,4645,916000,10,5,3,10,6,5,10,7,56
F4T6WPBA3,さち,1GJC67JLM,無言の泥,720,2,4646,915750,7,7,8,6,7,7,7,9,58
S1FZT5QOR,くみ,CV62FGL1U,花咲かせ隊,1259,5,4647,915500,8,8,8,6,8,8,6,9,61
F8UW1B36D,マーソ,9N4F9P8DU,リンクラ部（仮）,737,0,4647,915500,6,7,9,5,6,6,7,8,54
141VRPKU5,くれは,GKR9TEBYC,毎日がホリデイ♪,1286,2,4649,915250,9,8,8,8,8,8,10,10,69
JSZQ6MZK7,こーくす,HWMV33W7Y,フラワー泥民館,1261,8,4650,915000,8,10,9,8,10,9,9,9,72
JFW83PC7X,ちょりすけ,Y6JNPC60C,綴理メイト,1410,9,4650,915000,10,10,10,9,10,10,10,8,77
FUPBY3JLK,バブ♡‬,9JTF508LB,スクスタ亡霊部,1194,12,4652,914750,7,8,7,5,5,5,6,6,49
0KANTF1WW,Trigger,CJWR9P8LM,花帆さん愛でる会,561,2,4653,914500,8,6,9,1,4,5,6,5,44
5P07845LT,しんのすけ,AE3L01V24,LOVE蓮ノ空,1056,4,4654,914250,7,7,8,5,7,7,7,7,55
29J1HFW81,アレグ,5L9GNT78V,叶え！私達の◯◯,1123,13,4655,914000,5,6,8,4,6,7,7,7,50
7Y0UV45J4,你好謝謝小籠包再,PF9Y722AR,うぐぇ,1002,7,4656,913750,5,5,5,7,6,7,8,7,50
C0X2WGRAK,暁Akatsuk,K4TAHF9YA,はすっこ準備室,1007,3,4657,913500,7,6,7,5,6,6,7,5,49
PFXAN2ADY,三倉三虎,GN1798YEX,ド!ド!同好会,918,7,4658,913250,10,5,7,4,5,1,8,9,49
DDEEYHBMP,すずや,K8C99H42D,ルリと喜ド！愛楽,981,4,4659,913000,6,6,9,8,7,7,8,7,58
HXF8FVBR2,ささみ,YDYH4VRRP,レンクウ,1050,3,4659,913000,7,6,5,4,3,4,7,8,44
0P2M7VV9A,伊万里,VD7N7A4WH,氷青色,812,2,4661,912750,6,4,5,8,4,4,7,7,45
81OPKU746,ざこと,4WRYNBWU1,小さな蓮ノ空,1214,16,4662,912500,4,6,9,8,8,7,9,10,61
EOS4BD9ES,しんしゃー,J79LGCKKF,蓮ノ空コーラス部,1233,2,4662,912500,9,8,9,6,7,8,8,9,64
UR7GY0T8H,ジャコブユー,Y3A3M2Y4N,サンクルミエール,1078,14,4664,912250,9,10,10,7,10,9,6,7,68
RUJNOUZQ6,ちくでん,PYFV3GWNV,異次元P,673,2,4664,912250,6,10,7,5,2,7,6,4,47
XFR46B626,ヤナギ,YL2ELYC4U,さや…好きだよ…,579,0,4666,911750,7,8,8,6,8,7,6,7,57
65GPM9GYT,すけ,F2CFWVMY9,藤島め組,1391,14,4667,911500,7,7,8,9,7,8,10,9,65
MFH2F9YYB,塩化ナトリウム,MD802VP2H,専門演習F4,891,4,4668,911250,5,7,9,7,6,7,9,9,59
0DY7YN3CP,羽まみれ,UMG1B9C7V,蓮ノ空女学院,1104,6,4669,911000,7,8,7,7,7,9,8,9,62
678JW2PU9,まどか,ULUELCJ7T,なるようになる？,463,2,4669,911000,10,7,10,4,9,1,7,5,53
9GVJ8E293,ねこぱ真也ﾏｻﾔ,998H940YN,お嬢様筋トレ部,1525,18,4671,910750,10,10,10,10,10,10,10,10,80
L5VMUTNNP,くま,MG1G6F487,蓮ノ空無微課金部,521,0,4672,910500,7,4,9,7,6,7,5,7,52
CVXIIXJ2C,カニスノネ,NMT63RUDV,泥村,1270,0,4673,910250,9,9,9,6,8,8,8,8,65
GXT60BF8F,まつたけ,TBX7N9RK5,つよつよなLH,1091,6,4674,909750,7,8,7,7,7,7,8,7,58
725YB27T3,ぷに,XEENRBXCG,蓮ノ空休日クラブ,951,2,4675,909500,5,4,10,9,5,9,8,10,60
IBTWX6T89,ゾノ,8P39YRA1L,慈と愉快な仲間達,1279,6,4675,909500,9,8,9,8,9,9,8,10,70
SDO1X5IAP,ramen,PDMPF3VVV,r/LL,1262,4,4675,909500,7,10,8,8,10,8,10,10,71
8JFKVHR8X,はるかす,1F5EPPMLD,UR貰えればいい,489,0,4678,909250,8,5,8,5,7,7,6,8,54
FTNIAHAAV,ちぇん,2KJ2UEC3P,ういちゅけクラブ,1381,16,4679,909000,5,5,6,5,4,6,3,4,38
TND2D8DWJ,極楽浄土,GVT61ATX0,なのだけれど,1233,17,4679,909000,5,5,10,5,5,9,7,5,51
CTDADL7ME,あーたん。,GYG7B5R36,幼馴染同好会,1257,12,4681,908750,10,8,8,7,8,7,10,8,66
4Y7J2MK4V,もと,N7GLY2RUW,百生銀行,934,1,4682,908500,10,9,9,10,10,9,10,8,75
WKM9WKYCL,しゃま,6045Y2RW7,ポチっと！蓮ノ空,1076,1,4683,908250,4,3,7,4,6,6,7,7,44
E9C6MTNNV,みけねこ,48BTAPMBG,蓮ノ空魔術部,871,0,4684,908000,8,7,8,8,7,8,6,7,59
5EDNLYPWA,kwanl,976BY5JWK,ハルカカナタ,799,1,4685,907750,5,5,9,7,6,7,7,7,53
CE0MC2FMY,あしゅれい,948FLPMPN,まったりハス煮〜,480,2,4685,907750,5,10,10,5,10,5,6,5,56
WSSL0NS7J,よっぴー,32E82BNXN,主人公同好会,1042,0,4687,907500,7,7,8,6,7,7,7,8,57
O8V23808Y,himawari,NGMU0511T,無言のお茶会,992,4,4688,907250,4,5,6,4,7,5,8,9,48
EKTYWB466,デウス,PXDL7Y3VM,ビギナーズ改,612,0,4689,907000,7,6,9,5,8,7,9,9,60
AJEC3YTCF,かくねこ,EPWMMAXNY,蓮ちゃん初心者,1004,11,4690,906750,6,6,10,5,7,8,7,7,56
LE9XKXW9T,茶々丸,3L3TAA862,チーム用務員,1111,11,4691,906500,4,4,9,7,9,9,7,8,57
729QRD2IC,ぶんしょう,8BAYBXUXC,スリブ大好き♪,1147,12,4692,906250,7,5,9,6,7,5,8,9,56
2CHBK0V81,クロユキ,RKT7BC4F6,人形浄瑠璃乃,620,0,4692,906250,10,10,10,10,10,10,10,10,80
ZD02D4XBT,かさ322,FH7G62PKW,月火水木金土日,1341,16,4692,906250,6,6,7,7,6,6,8,6,52
VFE7VY9BI,すねお,578YG6EAT,桜桃花束愛聴会,1119,3,4695,906000,6,5,8,6,7,8,4,5,49
CTENWB7BG,ルプス,E76N52LMW,イベントのみ,1052,10,4696,905750,9,8,8,8,9,9,8,7,66
4NYA99EHN,でぃぷめ,JE7V5MM31,蓮ノ沼に沈んだ泥,1265,12,4697,905500,8,7,8,7,8,8,10,10,66
B46EBMW0B,なが,EPWMMAXNY,蓮ちゃん初心者,1008,9,4697,905500,8,7,9,7,10,10,7,7,65
KO53RLH0L,あぽし,W26TRPM1R,めぐ党藤島派,1265,8,4699,905250,4,4,7,5,5,4,3,10,42
HYG116L7E,カコ,KGDNX3EF3,ENcircle,1123,5,4700,905000,7,8,10,5,7,6,8,9,60
6AN5JGM4R,けっと,0YLUK30K6,蓮っコの集い,576,0,4700,905000,5,5,9,9,5,4,7,10,54
DTUNAW320,もすぴ,UN4AHCLTX,蓮ノ初心者,959,0,4702,904750,8,8,8,5,6,7,6,7,55
396DJX80F,きゃべつ,2NY9H8BR9,乙宗紅茶館,1207,10,4702,904750,10,9,9,8,9,10,10,10,75
VDWM9J87Y,マスター,WM6VLG32E,ツナガルソラ,1315,6,4704,904500,9,8,10,10,10,10,10,10,77
7GXA4M34D,からかさ,C9DAJ6YFV,のんびり,954,1,4705,904250,4,9,8,7,8,7,10,10,63
LX1L5FE2B,げし,4WWM4VVDK,蓮ノ空遊戯開発部,1146,3,4706,904000,8,7,8,6,7,5,6,8,55
TFOX3NFY4,ぱんみけ,MG1G6F487,蓮ノ空無微課金部,889,2,4707,903750,1,4,8,5,5,4,6,8,41
RZWV59NGP,椿,DX1KUEUDK,帰宅部,935,4,4708,903500,4,10,10,2,9,4,5,5,49
WL8NA1W55,Fulton,PDMPF3VVV,r/LL,337,0,4708,903500,7,6,8,9,8,9,9,9,65
EGT62LK2P,れいせい,JA2C658FW,さや綴理の村人,1171,18,4710,903250,10,8,6,5,7,5,10,10,61
5NR0KENPV,syo,8T3BVWN6F,目標1500位,615,2,4710,903250,6,3,5,7,10,1,6,5,43
97U7XAGR3,ゆう,LY0XPW7NL,元カノ概念強火派,1000,8,4712,903000,6,8,10,7,6,8,10,10,65
ZOGVLWTNX,トエラ,WLBYGHXPD,大天使村野さやか,1050,3,4713,902750,5,8,7,4,6,5,7,9,51
WETJWBKBY,はた,3F0M4HXJE,蓮ノ空まったり部,739,3,4713,902750,1,2,5,2,4,1,6,5,26
E9WPDBUM8,슈실,W26TRPM1R,めぐ党藤島派,1301,18,4715,902500,1,6,7,5,6,6,10,10,51
0CZSPY1UX,こたつ魔神,85BT3MB4A,こたつ,1129,3,4716,902250,6,2,6,6,8,4,6,8,46
WC55R6DC1,あめ,V6DKUH6JT,報酬だけほしい,425,0,4716,902250,9,9,10,6,5,9,3,5,56
Y8NXV86XA,No.9,2L8R7GAV6,大賀美組,1081,12,4718,902000,7,9,10,10,10,8,9,9,72
XEBW1RYDW,あすたれ,1JB7FM8YY,アラキドン酸Na,956,12,4719,901750,5,5,5,7,7,8,7,8,52
11PGZ0OE7,甘党のryo,CUAGDB62T,蓮ノ空ガノタ部,1373,15,4719,901750,10,10,10,9,10,10,10,10,79
B39LXFAKJ,ゴールドフラワー,X7C21B7H7,泥,1281,12,4721,901500,6,7,8,6,9,8,8,8,60
GPHHRW7JK,ルイミン,WLFW6UCX5,無敵級ビリーバー,1169,5,4721,901500,8,7,10,6,7,6,7,7,58
PU3AMW43V,ぬにゅぽろん。,UCWKRB3WR,菅沼千紗が大好き,935,2,4723,901250,5,9,10,7,4,8,9,10,62
K1R4FP7K2,ショウ.,L6MF2MPBN,みらくらぱーく党,508,3,4724,901000,3,1,10,3,7,2,4,1,31
TOI6SR1TX,クラムボン,HPTHY23VR,蓮ノ空文芸部,1230,14,4725,900750,8,8,9,8,9,7,8,8,65
2N58RHGEK,しざき,UVK38MFR2,蓮の虚無サー,476,2,4726,900500,9,7,9,4,9,9,7,8,62
16EL0H18C,霞,3YWMY4JVN,82プロ,897,2,4727,900250,7,5,10,5,7,5,4,4,47
IKGXEWZ7Z,saka,JDAG79TG7,百合ノ空観察部,1367,8,4727,900250,7,4,6,10,10,10,7,7,61
0CT09PWAY,八美−はちび−,FG5VFFNRK,蓮ノ空おじさん,1326,12,4727,900250,8,8,9,7,8,6,6,9,61
B0J61OWAL,つっきー,5TBT6KTYY,チョコを食え,954,4,4730,900000,4,4,5,4,6,5,6,4,38
H9YL94VUP,づ,9D722M8KC,蓮ノ空同好会,796,6,4731,899750,2,4,1,1,4,1,3,1,17
P4XR3C9U6,TW_桑 プ,VP0K6KF0K,蓮ノ空大好き!!,899,3,4732,899500,1,8,9,5,6,8,7,5,49
V6YWTSQQG,Rainey,Y4G0KF6NB,無言でやる会,1127,0,4733,899250,6,6,8,4,7,9,8,8,56
DBN0KNDEH,あいす,TK9E1BB1P,無言で自由,635,4,4734,899000,1,1,6,1,2,8,3,9,31
Z0MXBPNY4,くらっち,CM5THHYHB,「」ノ空だけれど,1196,9,4735,898750,9,9,9,10,8,9,9,9,72
JFL4K2GAV,豚コレラ株式会社,8588YN91J,虹咲学院,477,0,4735,898750,4,10,5,8,5,4,9,2,47
OI8LBLQ9Q,カレン,WCL6R1ANU,無所属の会,1453,18,4735,898750,10,10,10,10,10,10,10,10,80
8YU2TY3ZK,リジス,865UE9UC6,蓮ノ空うどん部,1260,2,4738,898500,7,6,9,7,6,5,9,9,58
LAM760LR1,もぐ,WPG6BCG83,基本無言,832,0,4739,898250,8,7,8,8,6,8,7,8,60
WPM3NP1TG,ユウキうみもりん,PR2BGEK5K,ありがとう大三角,1210,17,4739,898250,9,10,9,8,9,10,10,10,75
UV3UNW7DK,ヤマ,L6MF2MPBN,みらくらぱーく党,1235,2,4741,898000,8,8,10,7,9,9,9,9,69
40K5I03U6,KD,UHF5Y8PEF,さやちゃん倶楽部,1274,18,4742,897750,6,10,7,6,10,5,7,6,57
MZGNGMS9B,くつした,43HRXMXWA,無言OKクラブ,1098,8,4743,897500,4,5,7,5,6,7,7,1,42
TP63C3K9F,本D,AH27N260E,百生信託銀行,349,0,4743,897500,6,5,7,6,7,4,6,9,50
HFZ9LEO71,はいど,ABALH0AL3,楽園計画,1217,10,4745,897250,5,6,7,4,9,9,10,8,58
15FR0HH26,はなみや,AND13836G,乙宗梢親衛隊,918,4,4745,897250,4,10,7,4,5,4,8,6,48
95FNVQ2QO,ゆえよな,M851LEV3N,なっす父兄,1193,15,4747,897000,6,7,9,8,8,7,9,10,64
907BNSHAW,白銀,J8HXTJ8TB,流し素麺同好会,1480,6,4748,896750,7,4,5,9,7,7,9,9,57
26ENLB8WY,わたるンゴ,UHF5Y8PEF,さやちゃん倶楽部,355,0,4748,896750,9,8,7,8,7,7,6,6,58
MEGFFWHVV,トキソー,3194B9E93,初心者寄り合い所,542,0,4750,896500,3,7,7,5,7,6,7,7,49
GIVMVARPP,しゅうがく,J8HXTJ8TB,流し素麺同好会,1115,12,4751,896250,7,8,9,6,5,7,8,8,58
69TGLABC1,うみ,GPKTRBCTT,騎空団蓮ノ空支部,619,2,4751,896250,10,8,9,7,6,5,7,5,57
3KFL16EG1,ryo,KXB93FVTR,ブルームガーデン,837,2,4753,896000,4,5,9,4,4,8,7,8,49
DXHPR58P4,ぎん,6H800PBV7,新鮮館,961,2,4754,895750,7,7,8,8,6,4,8,8,56
B9M35RIET,わたあめ,31A7JKC69,蓮好きの巣窟,1157,4,4755,895500,5,7,7,6,7,7,6,7,52
CHCAOWDJC,焼きみかんの湯気,3YPGAUM04,ゆのくに天門,1201,6,4755,895500,6,6,7,4,6,6,6,8,49
2C9KU2FXK,こんず,GR65FP8VN,蓮好き,1372,12,4757,895250,10,10,10,10,10,10,10,10,80
6JYUE63RP,れーるがん,WLFW6UCX5,無敵級ビリーバー,1094,6,4758,895000,7,5,9,5,6,8,6,7,53
WXEEPB075,ファシマル,578YG6EAT,桜桃花束愛聴会,897,0,4759,894750,7,7,8,5,7,6,6,7,53
7AM4LUE7U,ひまちゃ,N7GLY2RUW,百生銀行,692,0,4760,894500,7,7,8,6,7,8,7,7,57
4V0WTF4U4,ﾓｽﾞｸ,V7768X8AC,せーので！,1034,7,4761,894250,1,5,2,1,5,3,3,2,22
WHC9YENJ2,こあ,3A63DYH54,LLすこすこ部,1055,9,4762,894000,7,7,8,5,7,7,8,8,57
6FTC54YPT,クローゼ,E7UBFLW56,同好会の同好会,1235,2,4762,894000,9,7,9,7,8,8,8,9,65
E04ABF4HH,じーえむ,YLJ2PP4X4,全日本謝罪同好会,998,5,4764,893750,1,6,7,4,8,6,7,8,47
GBMWLW9CB,ゆず,BEMED3RY1,無言無課金ok,440,0,4765,893500,5,6,7,5,7,5,10,9,54
XHLKMND7E,リーファ,HPTHY23VR,蓮ノ空文芸部,990,7,4766,893250,8,10,10,10,3,2,6,5,54
0YV58B44K,つちのこ,1D7T2UXC2,無言でのんびり,361,0,4767,893000,2,9,7,7,5,4,8,5,47
XB3E6RK72,ぶっとー,XTMGPY62U,スクステ初心者,408,0,4768,892750,4,3,3,4,4,4,3,1,26
WGQGRIDWV,シノ,JDAG79TG7,百合ノ空観察部,1217,6,4769,892500,5,5,7,6,8,6,8,8,53
JRPRKJ8GC,kou.y@「」,TBX7N9RK5,つよつよなLH,1077,2,4769,892500,8,4,5,6,6,5,7,7,48
9C6HGR0YR,llenn,M6UPWJ6DU,蓮結ぶ虹と星の音,1279,18,4771,892250,4,7,10,9,10,7,5,9,61
NCCWM5M6V,妃愛,3F0M4HXJE,蓮ノ空まったり部,919,6,4772,892000,5,3,8,10,4,4,7,9,50
DT60CE29H,すくるど,3RH5MYBXV,こずめぐ党,402,1,4772,892000,1,4,10,8,6,5,4,1,39
NR0NYU4FR,ゆう,N1JAJ83CA,蓮ノ空園芸部,1159,16,4774,891750,7,5,7,6,8,10,7,9,59
O22OGJJL9,月,Y7KJ3PM8P,蓮すきすき同好会,1089,7,4775,891500,8,2,7,5,4,10,6,10,52
YFSVH5C45,みこと！,7U20138DB,LGP,1176,5,4776,891250,8,7,8,6,7,8,8,7,59
6O1639U3K,ことりっぷ,JTX1G19BP,さやかほ癒し会,1141,13,4777,891000,6,7,8,8,9,7,9,8,62
38C4BXTRW,のり,H837E0M9R,沙知先輩大好き部,996,4,4778,890750,4,7,7,6,7,8,8,8,55
SGO96W1TZ,なこぽん,07JW71HWG,良いチケで観よう,1347,9,4778,890750,7,8,8,6,9,7,6,7,58
NUYX2A2FK,キヨト,9FF5JBNDF,めぐすきクラブ,918,7,4780,890500,5,5,2,3,7,1,3,5,31
ZCDPUZWF3,ヒーロー,43HRXMXWA,無言OKクラブ,962,6,4781,890250,10,6,6,7,5,5,6,10,55
9X0V760V1,あずにゃん王子,4FXPC55PY,PPIHクラブ,1153,12,4782,890000,10,9,10,8,10,9,8,8,72
9V4BYXJ10,アイテル,D52G2F1HV,いな民リンクラ部,892,2,4782,890000,8,7,7,7,7,7,6,8,57
HXI1UTC3K,noa,JA2C658FW,さや綴理の村人,1129,7,4784,889750,7,7,7,4,8,7,7,5,52
VJ5A65Y68,mugppi,XPRA8TRVE,蓮ノ空ロボット部,1230,11,4785,889500,8,9,10,9,10,10,10,8,74
Y08K0DWL7,迷子の領分,GNECRHV59,夏の空色,1462,12,4785,889500,10,9,10,9,10,8,9,10,75
U3VJ1Y612,ゼオン,9U8KNU6U9,対抗戦用,547,0,4785,889500,10,8,9,7,7,6,7,7,61
2GBDHP07W,さるさく,M44P06CH5,つづさや見守り隊,1086,1,4788,889250,7,5,8,5,7,5,8,7,52
5MJ8ERC0U,ちゃこ,Y6JNPC60C,綴理メイト,744,7,4789,889000,4,5,5,1,3,3,5,2,28
A71T4UY8N,桜餅,2AUM7L9BW,蓮初心者クラブ,1087,6,4790,888750,6,8,6,6,8,6,10,10,60
HEB3T2W09,yuuli,HWMV33W7Y,フラワー泥民館,593,0,4791,888250,7,8,9,7,9,9,10,10,69
LT7NY0DLR,ひぃす,BKUHCT7WF,蓮女お嬢様部,1289,15,4792,888000,5,9,10,7,10,8,10,9,68
XJPKE2MPE,リベラル海野,MTBP3B4GM,ふらわーすきすき,975,5,4792,888000,10,5,6,4,7,2,1,5,40
58P8MXUAF,ぱ怒りゅう,9JTF508LB,スクスタ亡霊部,978,7,4792,888000,8,8,9,7,7,9,7,7,62
04QAY4F6W,悠,JCRNT9GKB,ハントンTKG,1194,10,4795,887750,4,5,8,5,7,8,8,7,52
R0A8ZBPBH,IN_,WLFW6UCX5,無敵級ビリーバー,1103,0,4796,887500,4,6,7,2,10,5,7,9,50
8WGX53VC1,mooan,A7WWE0463,蓮ノ空初心者部,1169,8,4796,887500,10,10,10,10,10,10,10,10,80
TANVMFD2K,ミル,XVTV7MVCX,雪月花,824,6,4798,887250,6,5,7,4,6,5,8,7,48
8M4CNXUD1,果汁,7U20138DB,LGP,1255,17,4799,887000,10,10,10,9,9,9,9,10,76
1GIV5SI6B,かりん,5W8RPRVUA,ド！ド！泥！,1231,8,4800,886750,10,2,6,7,2,2,6,9,44
AJAG9GJD4,いんそむにあ,RGD0XWBMK,白黒,421,0,4801,886500,6,7,8,7,7,6,9,9,59
C17SPWB91,あき,LY0XPW7NL,元カノ概念強火派,1148,9,4801,886500,8,7,9,7,8,7,7,7,60
98XFHBK45,あお,XPRA8TRVE,蓮ノ空ロボット部,1247,5,4803,886250,6,5,7,5,5,4,7,7,46
M3NR053LW,ツキノワ,6XX7GBM0K,ぷちぐる同好会,1336,13,4804,886000,9,8,10,8,10,10,8,8,71
46A5H4H1W,ゆのくに転調,YFADYJVW4,FPS好きクラブ,1218,17,4804,886000,1,6,5,4,8,8,9,10,51
UXFGL7WY5,みらくら党員,L6MF2MPBN,みらくらぱーく党,912,0,4806,885750,5,9,7,4,4,7,6,7,49
0FDYE6D3L,なんだ！？,E7UBFLW56,同好会の同好会,932,8,4807,885500,1,7,10,8,7,8,6,8,55
4KD8TL9XR,Seん,EHGD5JJK1,限界夜行,865,4,4808,885250,2,10,10,4,10,1,6,5,48
JX8EH6LWB,はるはる,YD2XWWFA4,蓮好き好きクラブ,1153,6,4809,885000,9,9,10,7,8,8,8,10,69
CWD74E0R8,ゆきかぜ,WWWUTP96L,異次元からキマシ,1046,2,4810,884750,10,10,10,8,10,10,9,7,74
6S0ZHPYGW,lie,Y2P9LABR2,スクステ同好会③,1202,14,4810,884750,6,6,7,8,5,6,9,9,56
BBKWBREO7,カルガモ,T2XRMGEAE,蓮根無言会,1358,13,4812,884500,6,6,7,4,6,7,7,6,49
YW4YL3JF0,イモト,VP0K6KF0K,蓮ノ空大好き!!,739,0,4813,884250,6,7,7,5,3,2,4,7,41
DC334B2G7,SK,LFB48H6MU,超初心者の会,1277,10,4814,884000,7,9,9,8,9,9,9,8,68
MVDB0451D,和三盆,PH0YEPJD8,蓮ノ空北國金沢,921,3,4814,884000,7,7,10,6,6,7,8,8,59
66RIGCKMN,ハニレモ2023,ACVP58JT7,音浦虹結蓮,1138,2,4816,883750,4,6,8,6,7,7,7,9,54
6X5FAG4KY,びにゃーご,NRK4MV1C1,茅バール,743,0,4817,883500,4,2,7,6,7,8,9,8,51
HRK0XBW43,りん☆,H0DV3JJGA,かほさやてぇてぇ,724,5,4818,883250,9,4,5,3,4,7,4,1,37
KBH6V9U8F,心優しい学院生,CJWR9P8LM,花帆さん愛でる会,1083,8,4818,883250,7,6,8,5,6,7,7,7,53
1L1B6H4U0,mfyyu,7NJM1VURM,らんるん部。,389,0,4820,883000,6,6,10,4,8,3,10,10,57
D57TAB8C1,KOTAMI,7XH3K4GBT,LLP,1011,13,4821,882750,2,4,9,7,7,7,8,8,52
63RL60GBD,ごつえ,HWJ8XPW0T,箱推しなのだけど,667,1,4821,882750,6,6,7,1,9,7,7,9,52
S0VW6UW73,ウルトラ,J1DUU3T0H,慈愛倶楽部,1219,4,4823,882500,8,6,8,4,9,8,8,9,60
9QLNQVRWX,はゆ,5V9TDD4NF,みんはや蓮ノ空部,924,7,4824,882250,7,7,7,5,7,6,7,4,50
ZJJOQN6CA,まきけぽん,1U4JN5CXB,LLユーカー部!,959,0,4825,882000,5,4,8,5,7,7,8,8,52
GR870R02L,Shiba,HPTHY23VR,蓮ノ空文芸部,668,1,4825,882000,7,6,10,6,7,8,7,7,58
DX0U37839,すいすいスイッチ,X0TFG829Y,ボクのおうち,609,0,4827,881750,3,7,6,4,6,1,7,5,39
V683T3X0G,クラトス,LYPVAETHY,金沢の泥,1323,5,4827,881750,7,6,9,4,7,6,8,8,55
CWTHV31BP,ムラ,E34RNNCMJ,サークル名は仮,1080,0,4829,881500,4,5,7,1,8,7,8,9,49
WR72RRNC5,肉うどん,N2KCENRKH,猫＆旅大好き部,771,0,4830,881250,4,5,5,7,7,7,7,7,49
8N5CGXT6A,あるえるあ,9FF5JBNDF,めぐすきクラブ,662,0,4831,881000,10,8,10,7,7,8,8,7,65
U6R8M352G,taninety,C52VR77BJ,イベント参加用,411,0,4832,880750,5,4,10,7,4,6,5,9,50
JXD6GYGHB,たなか,JX0BXWNWH,新米蓮好き好きC,145,0,4832,880750,10,10,10,7,8,10,4,3,62
45WP86NLU,風月,FNMV166UY,蓮ノ空喫茶部,1121,12,4834,880500,8,7,9,4,8,7,8,8,59
QRZWL66DH,あゆりら,W189BP629,みんなのみかん畑,937,6,4835,880250,4,5,7,5,6,5,6,7,45
L61T2B9HS,すてらいと,J7N4W6Y1K,こずミックラブ♡,1120,6,4835,880250,6,4,8,6,8,7,8,9,56
ZEE7VELC1,アキ,PN4VA24XF,みーかるぱーく！,830,5,4837,880000,4,9,7,4,7,10,8,7,56
672I7KRRP,Pタロー@米,58FD7UF8J,としとしサークル,1295,8,4838,879500,8,5,8,4,7,7,8,4,51
D22KM3W52,ちま,LJNCAEVAP,蓮ノ空さやか研,469,0,4839,879250,2,6,10,2,2,7,4,4,37
I63PBPCMM,ざわけー,8R49BTWW6,蓮女お嬢様クラブ,1149,7,4839,879250,5,6,7,8,9,8,7,9,59
EN10HRBDU,聖闘士じいちゃん,K2L5DCVNR,REAL,1061,8,4841,879000,8,9,9,7,8,9,9,8,67
POXN3M1P7,denden,9DKR4Y2CJ,蓮ノ空老人会,1080,12,4842,878750,7,7,7,5,6,7,7,7,53
6AWY5V8TP,蘭契,8XMW94CPX,ヒノチタカバディ,482,2,4842,878750,10,2,3,4,2,3,4,1,29
WC68B6JD9,슴쿡,279NUYU7C,れんこん,1058,5,4844,878500,7,9,7,7,7,9,7,10,63
VCFFIEBX6,しま,X0TFG829Y,ボクのおうち,898,3,4845,878250,6,6,10,6,6,7,6,6,53
GFC7MDN3E,みづか,XE8513HNP,喫茶カワウ空✨,1099,13,4846,878000,8,8,10,7,6,8,9,9,65
LRYEKPCD8,toki,57HNJ07NK,みらぱ推活最前列,765,2,4847,877750,5,5,8,3,2,7,4,1,35
P3TRVJFCB,まーる,75UJ5RB97,蓮ノ空雪野球部,1033,6,4848,877500,8,7,8,6,6,5,7,9,56
H4Y685KA7,なお,YVV9CMBLW,東京公演で沼落ち,1098,8,4849,877250,5,4,8,5,6,5,4,9,46
A6T93UMW8,ふりふり,JX0BXWNWH,新米蓮好き好きC,135,0,4849,877250,10,9,9,6,8,9,4,3,58
F5EC0TEXD,ムラツキ,XXMU9WLKB,梢の機械さん,684,5,4849,877250,10,7,10,8,4,7,5,4,55
GDQW7K77E,たかにょろずん,C2GXY2MWB,LLYMLSIC,1140,13,4852,877000,7,7,8,5,7,7,7,7,55
MY1J4LYHY,雑草マン,DHKUGEWBJ,めぐ党虹ヶ咲支部,931,2,4853,876750,7,5,7,7,6,7,7,9,55
3JGXE5B5W,まもりんちゅ,5THY0BH4B,黎明の瑞蓮花,1102,10,4854,876500,2,1,4,5,2,6,4,4,28
29CNYU7RA,はんどー,YHWN0NJ03,ドカ食い気絶部,998,5,4854,876500,6,7,10,2,4,5,2,4,40
VDALD8C2U,りゅーか,BEMED3RY1,無言無課金ok,584,2,4856,876250,8,7,7,4,7,7,6,7,53
WNLQTTY46,キリマンジャロ,G6LTF6TUE,喫茶ハスノソラ,1275,7,4857,876000,8,10,9,9,10,10,7,8,71
XEKFCHKDD,ナジュ,PP31X3AWK,なんとかなるさ,1070,4,4857,876000,7,5,8,6,7,5,6,8,52
H0OFNLP44,ななつき,G6LTF6TUE,喫茶ハスノソラ,1172,3,4859,875750,6,8,10,8,9,8,10,8,67
5UAPM0PJ4,ブロニー,CCACL2CMM,無限城,877,6,4859,875750,9,6,10,7,8,8,7,7,62
Q85ILMBY4,さくのきてる,9JTF508LB,スクスタ亡霊部,1004,2,4861,875500,4,6,5,5,6,5,6,5,42
HAEB5WLN1,ちゅん,BTVC9G95X,FES用,476,0,4862,875250,7,6,8,5,6,8,7,9,56
DFWCJ384P,風の影,L28X4MDJN,アフター観たいぞ,728,0,4862,875250,5,4,5,4,6,4,2,9,39
Y5F8085JD,Satan,FG5VFFNRK,蓮ノ空おじさん,1094,3,4864,875000,5,6,8,10,6,5,7,7,54
TJ4F24LEP,タママ,LY0XPW7NL,元カノ概念強火派,1029,9,4865,874750,4,5,4,2,5,2,7,1,30
8P3JRA7OT,よいよい,3F0M4HXJE,蓮ノ空まったり部,1287,3,4866,874500,8,7,9,5,8,7,7,9,60
TR3G3WTAB,Omogu,BWD9U1EJ2,蓮之空中国同好会,1156,17,4867,874250,1,2,9,4,10,10,10,9,55
D80J4EGX3,きょうしんじゃ,51CF1LTGY,ラ研連合,1010,11,4867,874250,5,6,9,4,9,8,7,8,56
SPC3NQBQS,タニオ,8ARWEB67F,蓮ノ空れぎゃ米部,1288,11,4869,874000,8,6,10,7,7,8,9,9,64
6RU1YRW8Y,オゼノ,FG5VFFNRK,蓮ノ空おじさん,1072,5,4870,873750,4,7,9,6,7,9,10,10,62
L0FYG6SK1,せーや,RR87XJMWD,気ままに,586,0,4871,873500,5,6,5,8,5,7,5,4,45
Z56UPEIG0,ツナマサ,N7GLY2RUW,百生銀行,1150,18,4872,873250,5,6,6,5,7,5,9,9,52
3U9VMHELT,ベち,38KAJGDGU,異次元シャニP,1079,9,4873,873000,7,8,10,10,10,8,7,8,68
J1HUWQBLB,しょう犬,3LUL3WR8Y,零組,1354,18,4874,872750,10,10,10,10,10,10,10,10,80
X0RDBY7TQ,まーりん,HBM31HMUY,YUKIZURI,1285,6,4874,872750,8,9,8,7,7,9,7,8,63
HL5X52HY8,ダークリユニオン,TDHKGHFPA,無言参加○！,959,6,4876,872500,7,9,7,4,6,8,6,7,54
U5500U9EW,ミルティー,MTBP3B4GM,ふらわーすきすき,1079,2,4876,872500,4,4,4,5,4,4,7,1,33
Y21E68HX2,よだ,DKNHY5HH6,なす料理研究会,1046,1,4878,872250,4,7,7,4,8,7,7,8,52
A9Q9AZ4J1,シズク,J7N4W6Y1K,こずミックラブ♡,1272,8,4879,872000,5,1,8,5,4,5,2,5,35
O4HYXLZSC,tamon,F56XEUUBE,みらくら自習室,1297,1,4880,871750,5,6,7,4,5,5,8,9,49
PNBVWB3LE,NYoppy,XRAHGBY4T,明星,830,2,4881,871500,7,7,10,6,10,7,4,8,59
ISZ26BAHV,リップ,RNJ306W6N,日曜日よりの使者,1271,15,4882,871250,10,10,10,10,10,10,9,9,78
UQ193P8WP,ルナ,57HNJ07NK,みらぱ推活最前列,1006,2,4882,871250,4,6,7,4,6,5,6,5,43
Y68CPTM01,ごろちゃん,U740C25T1,ごろちゃんず,949,7,4884,871000,5,7,9,4,6,5,6,4,46
N1KVXP9P0,ダムド,FVJABCVP3,瑞蓮ラボ,1012,2,4884,871000,7,5,10,4,7,6,6,8,53
ZWRJ7QBKH,PATARIRO,UHWA4YLWP,蓮ノ空を見守る会,1108,0,4886,870750,4,4,9,5,6,7,8,9,52
FYASZLJ96,Ray,U98UKD6RY,異次元フェスP,939,3,4887,870500,5,4,5,5,4,5,6,7,41
V8BTLAM40,tkk,TDHKGHFPA,無言参加○！,867,0,4888,870250,4,7,5,5,4,4,8,9,46
UH09MT54M,日野下花梢,AKF1PWWUL,やっぱかほこず♪,284,2,4889,870000,10,4,5,4,3,7,5,4,42
IC1V0D9ZZ,じーく,EPWMMAXNY,蓮ちゃん初心者,1123,3,4889,870000,5,4,9,7,10,10,8,8,61
K7CDJSW5E,青空,3N7FL0U6U,destiny,1447,2,4891,869750,9,9,9,8,9,9,8,10,71
DDVO4B937,ソラ,EKACCPWWB,タフノ空学院,1201,14,4892,869500,7,7,7,9,9,8,7,9,63
VGBLTRFEP,冷凍みかん,WHWT61ELR,【無言】ハスノソ,1190,3,4892,869500,4,5,4,6,4,4,7,10,44
51XIBRBE5,東南東方不敗,YD2XWWFA4,蓮好き好きクラブ,1337,2,4894,869250,8,8,9,7,9,10,8,9,68
F9YJ8E4N2,らっちょ,MWHJ339TF,葉山エターナル,976,6,4895,868750,7,10,9,4,9,8,8,7,62
PWE31G4N1,霜月,BKUHCT7WF,蓮女お嬢様部,1143,14,4896,868500,7,7,8,8,7,7,9,8,61
372PBZ8OP,いつき,WFPA7YJE1,蓮ノ空文芸部,1425,4,4896,868500,9,9,9,9,9,9,7,7,68
4R4PBN8DA,りゆ,LAKRG5NK9,ログイン勢,616,2,4898,868250,5,5,10,10,6,5,7,6,54
AFU3E8WFL,ゴリラザグレート,48GTYR1VB,ハラショー！,941,1,4899,868000,10,10,10,10,10,10,10,10,80
VB88GBG59,御大将,LEHXHMR8N,みらぱ全力待機部,482,2,4899,868000,7,7,6,6,5,7,4,1,43
CMXHVV9LB,ばた,4FN0KWB4G,無言参加大歓迎！,278,0,4901,867750,4,6,7,4,5,5,7,7,45
JPV1RJP7S,ぼへみん,J0N1E3Y09,月火水木金土日,1185,16,4902,867500,5,8,6,9,10,9,7,7,61
KNY83TMGC,蓮ボー,1UBNNHVLG,蓮箱推し（仮）,1028,4,4903,867250,4,7,10,5,4,6,2,8,46
4JXUNTBN2,CodyHo,KANLFTMVJ,蓮ノ空中文同好會,899,13,4904,866750,6,3,3,6,7,5,3,1,34
V7YLMH2IY,いーちゃん,EYN9H9N16,蓮すきすきクラブ,1411,16,4905,866500,4,5,5,5,7,4,7,4,41
RZXZZQRZ0,RYO∞,FXAE4V7AJ,技大アイドル部,819,2,4905,866500,8,8,8,6,7,5,7,7,56
P0RPT3WT6,3spirit3,RM7N1JDB5,無言推奨不干渉会,641,2,4907,866250,10,4,4,8,3,1,3,4,37
K74VPZMSD,アムネジオ,1F5EPPMLD,UR貰えればいい,835,0,4908,865750,4,4,5,4,4,2,2,9,34
NF4BKJWRD,たこ,B1KYU3XF8,LG lotus,1020,4,4909,865500,4,6,7,5,8,8,8,7,53
6LQGT4QKX,bbb,KPABV0UJM,蓮の空サークル,1175,18,4910,865250,5,6,5,7,8,7,9,10,57
TYC5X1PH7,たくみわに,3YWMY4JVN,82プロ,487,0,4911,865000,5,6,8,6,7,6,7,9,54
JT1ETU3HK,とりま,5WUDLMWEP,蓮ノ空は明日ノ空,836,2,4912,864750,5,6,8,7,5,4,7,9,51
4I2H975HB,マキハル,KB5BFK7J6,おはめぐ党本部,1119,9,4913,864500,7,7,7,1,8,1,8,10,49
1H1UIP4RS,ちゃんぽけ,Y6JNPC60C,綴理メイト,1156,13,4914,864250,4,5,5,5,8,6,9,9,51
B2V4NEELW,ニジソラ,4BU2PJLC1,Sky,970,4,4915,864000,1,10,9,5,7,1,4,5,42
FH723D9UV,ハル(アンドウ),948FLPMPN,まったりハス煮〜,799,1,4916,863750,8,2,8,7,6,5,7,7,50
9SRRAEWAB,じょっぺぺ,B1KYU3XF8,LG lotus,1244,7,4917,863500,8,8,10,7,10,8,9,9,69
M3VKYR6EU,つむ,JD0UP0GB5,サークル,531,0,4917,863500,6,5,5,1,10,1,6,8,42
MPETERTNV,めぐ党-M,TWJ862EPN,こにゃとも,984,9,4919,863250,6,7,5,4,4,6,7,7,46
XMCLMY95W,コノハ,GN1798YEX,ド!ド!同好会,893,7,4920,863000,9,7,10,8,7,10,6,8,65
KW0V2VLU7,Cyan,9JTF508LB,スクスタ亡霊部,1418,8,4921,862750,10,10,10,10,10,10,10,9,79
V4J7TFUY9,U,JH5FX56N2,のんびり,786,2,4922,862500,5,5,5,7,2,4,6,4,38
NNLZZKJWI,たちばな,G59NGM0XA,シュリーレン,1198,10,4922,862500,8,9,9,7,8,9,8,10,68
BZ0GJ1LKB,しぐ,7B0W0EWVA,ソロの為の避難所,1140,8,4924,862250,8,8,9,7,9,9,7,9,66
HCBC9JENW,さば,GYG7B5R36,幼馴染同好会,457,0,4925,862000,9,7,8,4,6,7,8,4,53
5UT8BTUMY,10/10∧18,H1LTYMK0B,花帆が可愛いの会,1221,14,4925,862000,8,9,8,5,10,6,3,7,56
5E1U5Z7GL,飛行機雲,BT22M41DV,梢花帆吟子同好会,1474,17,4927,861750,10,9,9,8,9,9,9,10,73
XKOKX10FE,かいてんはくしゅ,MTBP3B4GM,ふらわーすきすき,1226,8,4928,861500,7,7,7,9,10,10,10,10,70
YWYJE223X,雨宮唯,TBHVUNGK6,ヨーロッパ軒,752,2,4929,861250,1,7,1,1,4,1,6,1,22
VN1LJWNWL,パブロフ（やくざ,MCFN901TJ,ワノ国天祥,625,0,4929,861250,8,10,8,3,8,8,4,7,56
BDAGXRUPG,ほのぼー,ULUELCJ7T,なるようになる？,949,2,4931,861000,1,5,1,1,6,5,6,5,30
9JBAR0FN5,さらだささみ,948FLPMPN,まったりハス煮〜,323,0,4932,860750,4,7,2,9,5,6,5,10,48
6X9TP78GJ,絵里ぴよ,26JDLMBLN,徒町は強く生きる,385,0,4933,860500,8,7,6,5,6,6,7,8,53
T7NWEAXG3,えるむ,AHE0E3JND,ありがと！にひっ,405,2,4933,860500,3,10,4,2,10,1,3,1,34
53R2Z3OK7,TJ,EE4BKR0AR,まったりプレイ,915,0,4933,860500,7,7,9,6,8,5,8,5,55
ILS80MLXY,友貴（トモキ）,M851LEV3N,なっす父兄,1225,7,4936,860250,6,5,6,4,5,6,6,7,45
8A2KJKQN4,そねっぷ,22KJV2PUP,他人任せじゃダメ,1165,16,4937,860000,5,3,6,1,8,2,7,9,41
Q9JF8M10P,オガ,J4KPR8GX0,関西ラ研,1192,2,4938,859750,6,4,5,6,5,4,6,7,43
UJMNNXBP2,すみ,J7N4W6Y1K,こずミックラブ♡,807,1,4938,859750,2,8,10,4,10,3,6,5,48
753UPGM3Q,ほゆ,TRJXTU4K5,ふあああ,1063,6,4940,859500,4,6,7,8,9,8,8,9,59
MTEALG8VB,りんご,0CEA9XFKR,蓮ノ空の泥人会,993,8,4941,859250,4,9,7,5,10,8,8,10,61
98FETT27Y,たく,05KN1RR3U,さやかほ花卉園,1206,6,4942,859000,7,7,8,5,8,8,8,9,60
KX55PUPWA,なお,JRAC1HYUD,SPHS-MMT,1436,18,4942,859000,9,9,10,7,10,9,10,9,73
UWTC4JX5J,ElgardZ,75UJ5RB97,蓮ノ空雪野球部,538,0,4944,858750,9,5,8,2,4,4,7,7,46
WQYKZ3SZB,シアン,F2CFWVMY9,藤島め組,1406,7,4945,858500,7,7,7,5,7,7,7,10,57
PW0PVUK63,南☆かつみ,JA2C658FW,さや綴理の村人,755,2,4945,858500,10,9,9,8,9,7,8,7,67
EJF3GBGG3,きのこ,60D1TTYTV,無言自由会,1140,13,4947,858250,8,9,10,8,9,8,10,10,72
R42RPBUW4,も,H3RE0VLMK,か,978,1,4948,858000,7,8,8,4,9,7,8,9,60
8U3VGV7LK,Kungfuの王,DUK0X7DB1,中国愛蓮同好会,840,6,4949,857750,6,7,8,7,9,7,8,7,59
XB4MQS2W5,Ispahan,NC2YT2V28,蓮之愛同予者何人,1576,18,4949,857750,9,9,9,8,8,9,7,10,69
BHD0B1K5M,みほ,2VJG66JTH,まったり,880,6,4951,857500,5,2,9,10,6,7,7,1,47
76AVNNTFP,しらたき,T8X0G07YB,なければ立てる！,1358,13,4952,857250,10,9,10,8,9,9,9,9,73
P1XY5WCYD,揚げゼンマイ,AH27N260E,百生信託銀行,682,0,4952,857250,4,4,6,4,5,7,4,7,41
ZNA8Y9N2I,ふぁきあ,N8L41JAA7,無言 ノルマなし,1228,3,4954,857000,7,7,10,6,7,6,8,8,59
HD0WFWA5W,おーじ,WWWUTP96L,異次元からキマシ,1133,2,4955,856750,6,7,8,5,7,7,8,7,55
MOUC5TNGH,カッチュ,BYA3FA0X8,無言ぼっち同好会,1354,18,4956,856500,10,7,10,10,10,10,7,10,74
E8KGL3WRB,みやま,E7R11MYE8,ゆったり蓮ノ空,976,6,4957,856250,10,10,10,9,9,9,8,8,73
LJ0BRY5LX,じみー,4XRHRYDW4,無言でエンジョイ,1237,3,4958,856000,7,6,8,4,7,4,7,5,48
CMH357FRD,MIDEN,N8L41JAA7,無言 ノルマなし,1125,17,4959,855750,4,4,6,4,4,4,4,10,40
T3H5ANFY2,くもすずめ,0PFGRW8W0,ごはん処,892,4,4959,855750,10,6,6,5,7,6,7,5,52
KL0XAGKBC,ホタル,919XF8V2V,蓮之空大三腳,511,2,4959,855750,10,10,10,10,10,10,10,10,80
ENA7QY8TL,南大沢瑠璃乃,JWUL2T36L,チーム初心者,1268,18,4962,855500,7,8,10,6,7,6,10,10,64
KVVW2YL67,トマトマト,JDAUTGR5N,花帆ウサギ,1312,4,4963,855250,9,9,10,8,10,9,10,10,75
10FXC6JJN,falai,M44P06CH5,つづさや見守り隊,697,0,4964,855000,2,2,1,3,4,5,3,3,23
TAWRC5WY0,ｼﾞｮﾏﾗｧ,0R8BXPRC1,ポチっ！とクラブ,513,0,4964,855000,4,1,9,1,2,9,6,9,41
ULEO7FZ8A,シマワージ,J62DRC7J5,蓮ノ空好き好き会,1078,4,4966,854750,4,4,10,4,4,5,2,5,38
9MNSI2TIB,タケノコ,F31A07X4V,蓮ノ空福井分校,946,9,4967,854500,3,3,4,9,6,6,7,5,43
BLGPGVJ14,板口,PR2BGEK5K,ありがとう大三角,1087,10,4967,854500,10,10,10,10,10,10,10,8,78
70IAG0P8P,やまぬっこ,2JK7E4115,ラ！推し,1158,11,4969,854250,5,8,8,5,7,6,9,9,57
UMXFM53WN,每日討厭林可拉,JKAYY0KXL,自由！開心！,949,0,4970,854000,4,10,10,6,9,6,8,8,61
B5BL0N7J6,ガブ,FH7G62PKW,月火水木金土日,1116,6,4971,853750,6,7,7,5,7,7,7,7,53
P4M1AH0MZ,立山,3BDTCERX6,打ち返した流れ星,1153,1,4971,853750,8,9,9,7,10,9,8,8,68
CK0PATXX0,トモゾー,2DYYAPFVN,蓮っ子村,604,0,4973,853500,10,10,10,4,3,10,6,10,63
ABH82PN4V,しぐ,5YEE75CB4,ロビーで待ってる,525,0,4974,853000,1,2,4,9,5,4,5,6,36
7KWHMXO3X,shogun,MVMP6NNXD,空き時間らくがき,1268,4,4975,852750,8,8,8,7,9,7,7,9,63
U9X9YER23,みえる,FE282F3VH,天悶部,854,0,4975,852750,5,5,5,5,6,5,6,7,44
DZSEY3WHP,すみっコ,L1VGJTD5P,蓮ノ空お茶会部,1149,9,4977,852500,7,7,9,7,7,7,7,7,58
5H1L5HMYK,こぬ,0YLUK30K6,蓮っコの集い,944,4,4978,852250,7,7,9,7,5,6,8,8,57
EQM3V1S38,メッヘン,L1VGJTD5P,蓮ノ空お茶会部,1218,2,4979,852000,8,6,7,5,9,8,7,7,57
5M3TP0WVY,幸太郎,3FF3NB77X,せーはす愛好会,939,6,4980,851750,8,8,10,9,10,9,8,8,70
1F56LUFLG,フリーダム,AXG81GPMP,蓮ノ空マタギ部,874,1,4981,851500,8,6,7,4,8,5,7,4,49
83LAKJUUU,2枚引き,KGDNX3EF3,ENcircle,136,0,4982,851250,7,7,7,5,3,4,1,2,36
V6R2HNG01,ルリルリ,R9BNLJ11B,瑠璃乃を愛でる会,732,0,4982,851250,6,6,6,5,4,4,6,7,44
582RWNC0B,はくたか,57HNJ07NK,みらぱ推活最前列,1309,7,4984,851000,8,8,10,8,8,8,8,8,66
V90Y91T4H,DsHeaven,E7UBFLW56,同好会の同好会,919,11,4984,851000,10,10,10,9,10,10,9,9,77
X44YY88DK,ゆいまりん,2GXEU3TT1,喫茶るりめぐ,582,0,4986,850750,8,8,10,10,7,10,8,8,69
ABC8GFVVJ,じゃが,K7LC46V5M,Link！ラ部,1217,18,4987,850500,10,10,10,10,10,10,10,10,80
WP1ILN5IS,かなでちゃん,EDFHK562A,大好きをさけ部,1036,2,4987,850500,9,3,6,5,9,6,8,5,51
0KB1WQASJ,ミズキ,DMDVHGFUG,インドネシア仲間,1126,3,4989,850250,4,5,7,5,4,8,8,8,49
BGK8N7CUY,やしき,6FWRD1K40,いちじょ海賊団,1077,7,4990,850000,8,8,8,9,8,8,8,8,65
R74DCR9F3,アオツキ,HWMV33W7Y,フラワー泥民館,1169,18,4991,849750,7,8,6,5,8,6,10,10,60
L5EE6J1VJ,やまにー,K8C99H42D,ルリと喜ド！愛楽,903,2,4991,849750,4,4,4,8,3,5,7,7,42
E8T2MKWBC,yu-to,ELTW62751,安全バーは君の腕,804,2,4993,849500,4,4,7,4,8,4,7,7,45
U2K94DHQ6,minatrap,W3F0URUJC,梢先輩応援団,1226,15,4994,849250,10,9,9,8,9,10,10,10,75
FT0GTRT9V,ちゃんす,HE0GK3EPE,瑞蓮プロカ倶楽部,1056,9,4995,849000,10,10,10,10,10,10,10,10,80
PD0K8XGC9,星影,FNHT9JFY4,リンクラ楽しむ隊,635,2,4995,849000,7,10,6,5,6,2,5,7,48
5W92XFKC0,アギーレ神の怒り,6C9R15BLY,スクスタ避難民,1050,1,4997,848750,8,8,9,7,8,9,7,7,63
B718TNMKA,ごとP,XKBRAVW4V,AAA,511,2,4998,848500,6,4,8,7,6,6,4,7,48
3MW30TN2B,aircan,MG1G6F487,蓮ノ空無微課金部,428,0,4999,848250,10,9,8,1,8,10,10,10,66
1903MPJ25,ですとろい,06DCWC1RE,とりあえず参戦用,1059,2,4999,848250,5,4,7,6,3,4,6,5,40
YP6HP791G,ユウキ,PYFYMJGT2,サークル(仮),923,3,4999,848250,4,5,10,3,5,7,6,8,48
UKA2K44XM,ぱる。,FJMA5BPPE,蓮ノ空すきすき部,943,7,5002,848000,8,8,10,6,7,7,6,7,59
79BXJPF3A,くまお,GVT61ATX0,なのだけれど,992,0,5003,847750,7,7,8,4,8,7,10,10,61
HL8LPLRU9,キョン,C6V311T2P,LotuSky,1312,8,5004,847500,7,10,10,6,7,5,9,9,63
KLZC7KAF2,onasubi,WNA5GTJPP,蓮ノ空百合クラブ,1128,6,5005,847250,7,5,9,4,6,5,7,8,51
01CXA93FD,ゼロ,N7GLY2RUW,百生銀行,989,2,5006,847000,7,6,9,7,6,6,6,7,54
K8T210D90,はんでぃー,HPTHY23VR,蓮ノ空文芸部,383,0,5006,847000,9,7,8,9,7,8,7,6,61
UG2E2ERYD,redtune,9VDEWVP01,瑠璃乃の集い,1402,3,5008,846750,9,9,10,8,9,10,8,10,73
AB5X3C5XB,那緒,1618JMRED,リンクラ自習室,1054,2,5008,846750,6,6,7,5,7,6,7,7,51
9IUNUBQPL,あ,YDYH4VRRP,レンクウ,1196,9,5010,846500,8,5,6,4,4,4,10,9,50
TK7QIDV9W,Venom,PVRH71TL3,Flow'Lov,1090,3,5011,846250,6,6,9,7,7,7,9,9,60
0RVW2NW6W,ひめめぐ党,7MPNTWKTN,Dreamers,804,0,5012,846000,8,7,8,7,7,5,7,5,54
A2ODEIZZW,ファミレスの玩具,Y6JNPC60C,綴理メイト,1433,9,5013,845750,7,6,9,9,6,5,9,9,60
5X12LAZFL,si--sa,57UT319NN,蓮ノ空同好会,466,0,5013,845750,6,7,10,8,6,6,7,6,56
30JL1CEMS,レイ,1M0GGB8LU,上ノ空昼寝クラブ,1157,18,5015,845500,1,6,7,10,7,1,6,7,45
07KJ140KO,星空晴雪,V7768X8AC,せーので！,897,1,5016,845250,1,3,9,4,6,5,7,4,39
VA58TGLF5,しょうぱな,W3YKKRWHG,ルリと愉快な一家,1321,17,5017,845000,8,8,8,6,8,7,8,10,63
HSF412L2Y,ヨシヒロ,WLLWJ8ADP,乙宗筋肉サークル,1266,4,5017,845000,9,7,9,5,8,8,9,8,63
ST1N1O9UG,いてつ,FV38N1J23,イベント用,1064,2,5017,845000,8,6,7,8,5,5,7,6,52
67808E5KR,花枝,08DDCV5JN,黒ねこのしっぽ,666,0,5020,844750,8,7,9,6,9,7,6,7,59
B6QUQQES1,リーン,9FF5JBNDF,めぐすきクラブ,1157,13,5021,844500,8,9,7,7,9,8,7,8,63
3GMJXL237,Jjp,VE9CH1HMG,hmm,926,0,5022,844250,5,7,7,7,6,7,6,7,52
69J4W6TUC,ぶろみ,PH0YEPJD8,蓮ノ空北國金沢,1042,13,5023,844000,5,7,8,4,7,4,7,9,51
XG7JNTW9U,もち,6045Y2RW7,ポチっと！蓮ノ空,1237,17,5024,843750,8,8,9,8,8,8,10,9,68
I3FJ68BI6,_(:3 ｣∠),PPAHU1TNY,蓮ノ空のんびり部,1211,8,5025,843500,7,7,7,6,9,7,8,7,58
WKGE7FPKF,クロックムッシュ,AXG81GPMP,蓮ノ空マタギ部,956,13,5025,843500,6,4,10,2,7,6,4,2,41
FACXNTRM7,Anemone,7XH3K4GBT,LLP,970,8,5027,843250,4,6,6,7,8,6,8,4,49
AX6UMKV79,綿崎,AG9PKMMC3,ぱかぱか同好会,1165,4,5028,843000,7,6,9,8,6,8,10,10,64
877CG8PB0,May,XUBGXWVET,やめました,934,2,5029,842750,6,7,9,5,9,7,8,7,58
7WG63MRMY,マジひこ,XYRA2MND0,蓮ノ空ゆっくり,517,0,5030,842500,4,6,5,5,2,6,2,6,36
YCW908DDE,おによろ,UK30B7DG2,ずらまる卯どん。,977,0,5031,842250,8,9,9,8,9,9,8,9,69
EHCNHT2XN,taka,63AKA05VR,まったりGngy,1087,3,5032,842000,5,5,4,5,7,7,5,5,43
GH5MWFD2T,かんのぎ,05KN1RR3U,さやかほ花卉園,1085,6,5032,842000,7,4,8,4,4,4,8,8,47
FNVD61YMV,魔夜,BW38LDPRF,蓮浦の星空,837,2,5034,841750,8,10,10,4,6,8,10,7,63
L2TCRJ17W,shrimps,6N3F238R0,イベント参加用,1085,13,5035,841500,9,8,9,8,10,9,9,10,72
YX8YXDMEK,Nenshima,Y2P9LABR2,スクステ同好会③,1182,11,5036,841250,5,2,4,7,6,3,5,4,36
BCR4YMPWV,391009,KGDNX3EF3,ENcircle,509,0,5037,841000,10,8,8,7,7,7,10,7,64
NXRK2PX0U,ネヒ,573J1JVVK,かほかほ,1087,9,5037,841000,6,9,8,6,10,7,8,9,63
O5A7HLDYW,少年H™,BUKPFCJCY,TTMC蓮ノ空班,946,0,5039,840750,7,7,6,10,7,7,7,6,57
E0AWYEWCN,かなりんまる,UMG1B9C7V,蓮ノ空女学院,1077,7,5040,840500,4,5,9,5,7,5,9,9,53
44WBHKLAF,bl,1F5EPPMLD,UR貰えればいい,428,0,5040,840500,8,9,8,9,6,6,5,2,53
1KF25J19H,まっきー,0NLHKATWL,生きてるだけ偉い,684,0,5042,840250,8,10,10,5,8,7,8,9,65
5HL9TJ1PA,さば,9GDHWXGVG,ルリと花咲く毎日,1034,7,5042,840250,1,2,6,1,2,1,3,5,21
MP7BPMJWR,まめ,K43LAHPNM,蓮ノ空和装同好会,407,2,5044,840000,3,7,3,5,9,5,2,1,35
P475PMG41,よねみ,2JK7E4115,ラ！推し,1033,8,5045,839750,1,3,8,4,6,6,6,7,41
HFVBGL01R,ソウ,BPHHYC793,ソロ専の集い,1053,6,5046,839500,5,8,8,5,9,8,8,9,60
DM23BNW1P,ザカ,G59NGM0XA,シュリーレン,1183,6,5047,839250,6,7,5,1,7,2,5,1,34
QIFZ9TI1M,宗方蒼一,9E910GGD2,蓮ノ空給湯室,914,4,5048,839000,5,4,10,2,3,9,9,1,43
XL236XPDD,まりも,V1G3KNET8,パンダ和花,561,0,5048,839000,9,7,7,6,7,8,8,8,60
IARBTXP0K,逸璃,BXGNMY466,ライグラ用,923,11,5048,839000,7,7,10,7,8,7,8,10,64
P89042FA6,ゆー,TKY73B47T,FREE,701,6,5051,838750,2,2,9,1,2,7,3,5,31
9OXVSEHUK,Aorin,HBD61R6WC,梢先輩すきすき部,1115,6,5052,838500,4,6,5,7,8,8,8,9,55
VM8V5D290,ゆーきん,TJ1NHTU3V,自分用,1206,2,5053,838250,9,10,10,10,9,10,9,9,76
Z4QLPXYDP,Enzal,BELCUYCMH,蓮hkg香港分部,925,13,5053,838250,4,1,5,7,4,2,5,5,33
293VJ2L8K,アーサン,T2XRMGEAE,蓮根無言会,1390,5,5055,838000,10,9,10,7,10,10,10,9,75
GTULAD52Y,ミノマル,7B3KWKBPX,かほめぐ至上主義,855,2,5056,837750,7,4,8,5,7,4,6,8,49
T5559C220,Backspe,6N3F238R0,イベント参加用,1243,0,5057,837500,10,10,9,9,10,9,9,9,75
PC19HCLCH,こじろう,BT3GEWM5L,ささやか村の集い,1396,8,5057,837500,8,8,9,8,9,8,8,9,67
0F1Y9C8RG,レジェ,NFMEGRJ45,社畜無言サークル,1156,2,5057,837500,6,4,5,6,5,6,8,7,47
CV9W5ZMMX,のりゆき＾＾,WHWT61ELR,【無言】ハスノソ,1447,3,5060,837250,10,10,10,10,10,10,10,10,80
I8BJCP9O8,じゅんじゅん,D7UA5ER1E,UR報酬欲しい！,531,1,5061,837000,4,3,1,4,2,3,2,1,20
11TDWYT6I,ししちゃん,2U4GLJXLJ,泥の中の養分,1095,13,5062,836750,5,6,5,5,7,7,7,5,47
07NLB2T73,らん,3F0M4HXJE,蓮ノ空まったり部,591,0,5063,836500,4,4,4,4,2,1,2,1,22
RART0P7SB,ぶろっく,YLJ2PP4X4,全日本謝罪同好会,1307,4,5064,836250,10,10,10,10,10,10,10,10,80
7ETY1CUXV,はぐれ,NA8FEYN0M,蓮ノ空飲酒クラブ,681,0,5065,836000,4,5,6,5,1,4,5,1,31
4A5IRTFZ5,いづき,7P4CAER9X,まったり倶楽部！,953,6,5065,836000,7,4,4,9,5,7,8,9,53
T3MFRJL3E,アロエ,EMAN1DMK8,いつものメンバー,769,2,5067,835750,7,5,2,7,7,1,7,1,37
5U8394C6M,神速,919XF8V2V,蓮之空大三腳,915,13,5068,835500,4,4,1,5,5,5,7,4,35
8JABRHCY4,まっつぁん,RB1MJJ3RA,蓮ノ奏(仮),1086,13,5068,835500,9,7,10,6,4,4,7,8,55
JFVMA8AMN,学院生,K4TAHF9YA,はすっこ準備室,1320,9,5070,835250,10,10,9,10,10,10,10,10,79
KNXR9J3C6,Miko,57UT319NN,蓮ノ空同好会,604,0,5071,835000,5,7,9,6,9,8,7,5,56
WA7H2R5WM,てめしろ,WNMCNJ62M,チームまったり,396,0,5071,835000,6,7,5,6,2,7,2,9,44
FG2XMTH1N,Rosso,TRFPX8EX0,鬼塚商店,960,2,5073,834750,7,4,5,9,7,7,8,9,56
K976F1LHO,TKS3,0JY7F3EKU,さやか愛でる会,1226,6,5074,834500,10,10,10,8,10,9,8,7,72
57F2XTM1W,IFMIYUKI,2VJG66JTH,まったり,1326,18,5074,834500,10,10,10,8,10,10,10,10,78
G21F8V98J,zonef,ABALH0AL3,楽園計画,340,0,5076,834250,10,8,9,10,10,6,10,10,73
4AJTV8XPH,あげ,FC8NBAJBT,ラー麺二郎金沢店,1221,12,5076,834250,2,2,2,10,4,4,2,1,27
HDWJ1CBB2,レイン,C6V311T2P,LotuSky,1022,0,5078,833750,5,2,7,8,4,5,10,9,50
FQTJHP5MF,カワウソウサギ,CXG25026E,泥のみんなS,1149,4,5079,833500,1,3,8,10,2,7,6,5,42
XRWCY0X2K,μ'6 ニャズラ,18YYNRFGA,LotusSky,1043,13,5079,833500,7,6,9,7,7,7,8,9,60
5PTT854P3,アークライト,X7YM9EG8K,伝統の石川地酒,972,3,5081,833250,7,10,6,10,8,6,10,10,67
OC4GF3LF1,ゆとり,P2J37FNLG,乙宗先生指導会,1321,15,5082,833000,8,8,6,8,7,6,6,7,56
9M3IT3QG4,まみず,4MH8A378B,ズワイクラブ(仮,1018,1,5082,833000,5,6,5,8,6,4,6,7,47
G0URX5UTJ,狐草子,KC1W74B9B,蓮六園,649,2,5084,832750,7,5,8,7,5,1,6,5,44
Q03DMMBLH,モチモチのまさ,CXG25026E,泥のみんなS,1005,4,5084,832750,4,4,5,6,7,8,6,7,47
WRRWWM4UP,朗,TBX7N9RK5,つよつよなLH,1026,15,5086,832500,4,4,6,7,7,10,8,7,53
36PIBUZ40,シュン,E12PR824F,ゆるっと蓮ノ空,899,3,5087,832250,6,8,8,8,7,7,8,7,59
HCUXVQHTK,会長,02XNKDH8X,せーはすの雑用係,895,2,5087,832250,5,7,9,5,7,7,6,7,53
5G0F31KVB,ゆにこん,GGK2P93JK,きゃらめる,403,0,5089,832000,5,5,2,5,6,5,8,8,44
NCXDDF9XA,シュージン,T4WY63DB9,ういのま,848,4,5090,831750,9,9,9,4,8,8,6,4,57
NH72E01FH,ぱなそに2,JC30FUPH3,LLあおだか2,934,1,5091,831500,9,8,10,8,9,8,10,7,69
V61CE77M1,mousea,NX9KJK529,虹ヶ咲学園,1223,10,5091,831500,8,8,7,8,7,10,8,8,64
CAK117DLL,コンセント武田,GYG7B5R36,幼馴染同好会,1147,10,5093,831250,8,7,9,4,8,7,7,7,57
EDLGCL8A5,あるかん,7P4CAER9X,まったり倶楽部！,1183,6,5093,831250,7,6,8,4,6,5,7,8,51
L021CUG2J,蓮ヶ咲,8YNHW7530,虹ヶ咲、蓮ノ空,995,13,5095,831000,4,4,7,6,4,7,7,8,47
JGDJBL79N,ろこ,998H940YN,お嬢様筋トレ部,1276,9,5095,831000,9,7,9,10,10,8,7,10,70
I8CFP6VS6,ぁぉぃ,XR2P2LDY3,蓮ノ空さいきょー,1206,9,5097,830750,7,8,7,7,8,6,8,8,59
X9JCX2RT1,オガ,GN9EEL045,きらくに,430,0,5098,830500,5,6,7,9,6,6,8,8,55
LDWJBCWGW,こけし,ELTW62751,安全バーは君の腕,1072,8,5099,830250,5,4,7,6,5,9,10,10,56
EG0469X02,ずっきー,4FN0KWB4G,無言参加大歓迎！,529,0,5099,830250,10,10,10,10,10,10,10,10,80
04BN8B6K5,AqA,GN1798YEX,ド!ド!同好会,445,1,5101,829750,2,1,1,1,2,1,4,1,13
RGCDRMUA4,kopite,HWMV33W7Y,フラワー泥民館,1137,18,5101,829750,8,9,10,7,10,8,8,8,68
DCW0NIV5I,おま,9JTF508LB,スクスタ亡霊部,1162,5,5103,829500,5,7,8,5,7,6,8,5,51
ABXP5M67E,えいと,M5LHG6R4T,乙宗動物園,1689,18,5103,829500,10,10,10,10,10,10,10,10,80
KKFEULZBG,かおさん,WPG6BCG83,基本無言,1409,3,5105,829250,9,8,8,6,9,8,7,7,62
TURGT4E95,のんのん,3A63DYH54,LLすこすこ部,1034,1,5106,829000,5,2,4,4,6,5,6,4,36
KUUTON1SR,タケウチP,T3XUTYGC3,隔離病棟,1116,7,5107,828750,10,4,6,10,9,1,9,10,59
Y8FIQLCTA,T_GinA,9FF5JBNDF,めぐすきクラブ,1283,7,5107,828750,6,7,8,10,8,7,8,10,64
1N33FCWYN,ロール,LJ7TT1VU9,sum,526,0,5109,828500,7,6,9,8,8,6,8,7,59
3FE67G88N,えーすい,Y2R7E79U3,カワウソ同好会,1462,18,5110,828250,6,6,7,4,10,4,9,8,54
PKT6MUJP0,お野菜さん,95TAREFPT,ご自由にどうぞ,1213,4,5110,828250,6,4,4,6,6,6,9,10,51
J9EVE566E,TxZdc,GCFA4WL28,乙宗梢を愛で隊,953,7,5112,828000,6,4,8,3,8,8,6,7,50
8V7DSGX7O,あかり,HKETDDCK6,ぼっちざ蓮!!,1082,0,5113,827750,4,5,4,5,6,5,6,5,40
T7N37WNKU,STy,BELCUYCMH,蓮hkg香港分部,878,2,5114,827500,1,5,3,5,5,2,2,4,27
YYLIYMB4K,あーるっぴ,MVMP6NNXD,空き時間らくがき,988,12,5115,827250,7,7,7,4,6,6,8,5,50
Y1VHCLT72,けーすけ,RWG56GK19,e+本社ヲ爆破ス,1023,5,5116,827000,2,5,4,4,5,1,2,4,27
QTPNBVKC0,ARAREZ,X0TFG829Y,ボクのおうち,563,0,5117,826750,7,6,10,4,10,6,8,10,61
1DRF6U569,たす,9YM3DBTB7,泥民館,1093,7,5117,826750,4,1,2,7,4,5,6,7,36
5879K671M,ゆゆ,BKUHCT7WF,蓮女お嬢様部,993,2,5119,826500,7,4,7,6,7,5,7,8,51
NBS5ZIBJL,無害声豚,NC2YT2V28,蓮之愛同予者何人,1148,13,5120,826250,7,6,8,6,7,4,5,7,50
KN621BUG9,もそ,6HV2RH6TU,イベント用、無言,773,4,5120,826250,8,7,8,6,8,8,8,8,61
1HC9P8TKX,J.M,EWM0GK62C,誰でもどうぞ,1202,8,5122,826000,7,7,8,7,7,7,9,8,60
YHD79D8A4,白い勲章,998H940YN,お嬢様筋トレ部,1086,11,5123,825750,9,7,7,5,9,9,9,8,63
B83K8O1PA,町屋あいす,07WB1G7UT,松照如,1295,11,5124,825500,5,9,10,4,8,9,8,8,61
YRN38XDRR,kazu,9D722M8KC,蓮ノ空同好会,818,2,5125,825250,4,7,10,1,10,4,2,9,47
Y9F40BHTV,城跡,4FN0KWB4G,無言参加大歓迎！,536,0,5125,825250,5,7,4,2,4,1,4,9,36
IGO66YRV4,ぐちお,CJ398GJAT,バッグクロージャ,1205,14,5127,825000,10,5,5,9,7,4,9,6,55
DB75L2GXT,はる,V6DKUH6JT,報酬だけほしい,308,2,5128,824750,8,10,9,5,5,6,4,6,53
T2VTPBPXA,哲学のドンカラス,K8C99H42D,ルリと喜ド！愛楽,1363,11,5129,824500,7,6,7,9,7,7,7,7,57
BBLG0204E,so123,43HRXMXWA,無言OKクラブ,854,4,5130,824250,4,4,9,5,6,6,7,7,48
G5E46CWKX,ももシャミ,N9B8HXXR0,25時、残陽で。,862,0,5131,824000,7,8,8,4,6,6,6,4,49
FHERZM9S9,レドノフ,E58FYF67C,ロータスランド,1381,13,5132,823750,8,7,8,5,8,5,9,10,60
Y7T6UEX1D,さくらんぼ(右),ABU58EVJ2,Quatuor,158,0,5133,823500,7,6,8,6,6,4,7,7,51
BUUL63KDA,krps,AXG81GPMP,蓮ノ空マタギ部,1019,0,5133,823500,7,5,9,5,7,8,7,8,56
VAFXEPELX,レッサー,PH0YEPJD8,蓮ノ空北國金沢,1195,15,5135,823250,10,10,10,7,9,9,8,8,71
B6NE2F6J9,RoK,VNEY6C9BE,スリーマーメイド,1085,13,5136,823000,6,6,8,10,9,8,10,9,66
AKPVVEEBF,ゆゆきち,W3YKKRWHG,ルリと愉快な一家,1103,8,5137,822750,7,6,9,5,10,7,8,10,62
L4P6V9CZ0,ウトク,V7768X8AC,せーので！,1347,15,5138,822500,7,7,9,9,7,8,9,9,65
WDFCN6YGG,モブ子,E7UBFLW56,同好会の同好会,975,7,5139,822250,5,9,10,5,8,8,8,1,54
C4LX2F3FD,Yurika,P2J37FNLG,乙宗先生指導会,779,2,5139,822250,5,6,7,4,4,4,6,7,43
G637X243W,likky,N752V1LD6,思想の溜まり場,1194,10,5139,822250,10,7,10,10,10,7,8,7,69
OMM64SGJ1,えぬえぬ,PUJ0ERCMW,蓮ノ空倶楽部,1013,2,5142,822000,5,5,5,6,6,7,4,7,45
1HJWW9EWS,しかざくら,BG041A4MD,TK会,1227,1,5143,821750,9,8,7,7,7,7,6,7,58
TG5GHUWYQ,フェルト,59AK7LJ7A,とりあえず,1238,3,5144,821500,8,8,9,6,6,5,9,9,60
MYR1J6NZX,Таня,UMG1B9C7V,蓮ノ空女学院,1371,18,5144,821500,10,10,10,10,10,10,10,10,80
2X56WRRL8,疾風,8MLVA67AK,聖ミリオン女学園,647,5,5146,821250,10,9,10,10,2,1,4,4,50
NBZ6VAC2H,夜々,8HUPBBHNC,蓮女「ぷりずん」,1275,4,5147,821000,8,7,8,7,8,7,8,9,62
992MXRG0M,どMお,GYJ3C6TKR,綴理先輩好き好き,328,0,5148,820750,9,4,8,4,7,6,7,10,55
TE3O47P4O,メラニー,JE7V5MM31,蓮ノ沼に沈んだ泥,1248,16,5148,820750,8,7,9,8,8,8,7,8,63
40VTB5KG0,わたげ,5NPVVUGH7,蓮すきすきクラブ,1104,3,5150,820500,3,3,5,4,4,4,7,4,34
JT6GH510A,XiaoHong,HWWRP6K2J,家に猫がいます,243,0,5151,820250,10,9,10,2,5,10,6,8,60
5RA7B2M0C,かずや,7LMARTXVN,ご飯特盛肉蟹付き,1119,3,5152,820000,8,6,7,6,6,5,6,7,51
D8ZTGM466,ドーファン,4RATY4E84,DC大好きクラブ,1173,13,5153,819750,8,7,8,5,6,7,7,8,56
K01STP4PA,はなめまめ,38KAJGDGU,異次元シャニP,1022,12,5154,819500,8,4,4,6,9,7,10,10,58
ICT8EVY3B,ユミ,ELDXGWNA6,○サークル,1193,18,5155,819250,10,10,9,10,8,9,10,10,76
MTCEL4090,うぃき,948FLPMPN,まったりハス煮〜,1286,9,5156,819000,9,7,10,7,10,10,10,10,73
F8EBXAP6G,さんご,V26546K3D,乙宗気合筋肉,1075,9,5156,819000,2,2,2,1,2,2,2,1,14
O5W0KHG41,るりひめぱーく！,B2KV0EVPD,蓮ちゅきクラブ,1161,2,5158,818750,6,7,7,6,7,7,7,9,56
FG8V9K1DY,あまとう,UYCT3Y4JK,蓮っ子,999,9,5159,818500,5,5,9,5,6,4,7,7,48
YMHKGHFA3,kake,2B97MH4YA,同じ話し何回も…,454,0,5160,818250,4,3,7,5,6,4,6,7,42
83PTRH3XR,エル菜,H0DV3JJGA,かほさやてぇてぇ,1049,4,5161,818000,7,8,8,5,7,8,7,7,57
G6T8NE4HN,こんふりー,Y2HV0YEF7,蓮ノ空を応援し隊,1152,12,5161,818000,7,8,7,4,5,4,7,7,49
6112IV1FW,ゆう,L1VGJTD5P,蓮ノ空お茶会部,1366,11,5163,817750,5,3,10,9,10,9,10,10,66
P9BR11GA7,天地無用,0NLHKATWL,生きてるだけ偉い,523,2,5164,817500,7,5,8,4,5,7,6,7,49
D34MUXKD3,はらみ,KULVP7FDR,アニマル分室,1099,2,5164,817500,6,5,4,6,1,2,5,4,33
63VV2H90T,アロハ,X34LWGL6R,サークル2,1004,13,5164,817500,7,8,8,5,8,7,6,7,56
WQBR6SILT,冴霧,Y7KJ3PM8P,蓮すきすき同好会,1144,5,5167,817250,7,7,7,8,7,9,7,9,61
ZQD5HV9TF,ふじしまべあ,R5N8GFAVX,#蓮ノ空相撲部,1087,11,5168,817000,5,5,7,4,7,7,6,5,46
HE63NU2CU,とどまぐろ,N6LR8C7AE,泥の民,926,6,5169,816750,2,6,7,7,2,9,8,8,49
X7LJT5BLJ,yukina,BKUHCT7WF,蓮女お嬢様部,552,0,5170,816250,3,6,4,3,5,3,4,3,31
N2G5XO3BM,ひさたろう,NA8FEYN0M,蓮ノ空飲酒クラブ,865,4,5171,816000,8,5,8,5,6,5,8,8,53
G39JB078E,エンユウ,7UAN6RT0D,さや弁食べたい,1001,12,5171,816000,5,6,8,6,8,7,9,7,56
CXCE5BT65,みぃ,9YG7C0VM7,綴理と無言で昼寝,583,0,5173,815750,6,3,2,5,6,5,4,3,34
P7UX86WLA,ペタ,G59NGM0XA,シュリーレン,1361,14,5174,815500,7,7,9,5,9,9,10,10,66
JZPBN8CU1,ぬい,8NF0R4W81,地下結社めぐ党会,1031,4,5174,815500,5,5,5,4,4,5,6,10,44
CC3A193T3,たまご,07JW71HWG,良いチケで観よう,1245,2,5176,815250,4,4,6,7,7,7,7,5,47
44DF706SU,ふってんてん,9DKR4Y2CJ,蓮ノ空老人会,1128,0,5177,815000,6,7,8,7,7,5,8,8,56
MXA03HLC3,リ　ン　ク　ラ,GGCKK69C9,リ　ン　ク　ラ,1147,14,5178,814750,10,9,9,6,7,7,8,9,65
4QLYMF6KG,しろ,5NPVVUGH7,蓮すきすきクラブ,1197,3,5179,814500,7,7,7,5,8,8,6,7,55
LANJN56K0,あ,0YLUK30K6,蓮っコの集い,876,2,5179,814500,5,5,5,4,4,5,6,5,39
F84JN94R2,マスク,0RG48RYCE,渋,1342,13,5181,814250,10,10,10,10,10,10,10,10,80
BTWWAU29C,ぐっさん,XA0XD41CM,ぼっちぼっち,575,0,5182,814000,8,7,10,9,10,8,7,7,66
8LAYXW88D,にれい ちぃな,FG5VFFNRK,蓮ノ空おじさん,873,0,5182,814000,7,8,7,7,5,4,7,9,54
VYJWE7127,ほっさん,ERVDJMHPF,敦賀第二機関区,1140,7,5184,813750,7,7,8,5,8,7,7,8,57
Y84KRC78D,シャクガン,F2FFNFUYE,深谷家,1006,9,5185,813500,4,7,7,8,8,6,9,9,58
2972VPXYX,asdtam,M1DLCR0R8,花帆護サークル,303,0,5185,813500,3,5,6,5,3,5,3,4,34
AG1N2F2G1,ヨクバリ人間,F8MLHU2NV,乙宗梢様､､､,960,11,5187,813250,2,2,7,9,1,1,4,1,27
VTRTJEJ7F,つっきー,LT9K2FP23,慈党リンクラ部,822,4,5188,813000,1,10,5,1,4,4,2,1,28
JVJ0NE0YL,空,KGDNX3EF3,ENcircle,1126,3,5189,812750,9,7,9,7,4,7,8,8,59
UJA2M36FH,まほうはこえにの,RWG56GK19,e+本社ヲ爆破ス,1131,3,5189,812750,10,10,10,10,10,10,10,10,80
GVVKM63R7,海未色のライバー,T045NDKW0,♬さやか愛好会♬,849,2,5191,812500,9,10,9,7,7,8,9,9,68
V8D5X67D5,(き)どりや,YM72HRVCF,ワンニャン部,1227,12,5192,812250,10,8,8,7,8,9,8,7,65
U8NDKWLJM,いしころりん,K8C99H42D,ルリと喜ド！愛楽,1255,17,5193,811750,9,8,10,10,9,8,10,9,73
9W6N02K59,だんご,0B8RTHY4D,のんびり屋さん,640,0,5194,811500,10,10,7,10,6,2,7,5,57
D4HWFBVWX,こう,6R5WAYC4D,どら,913,9,5194,811500,9,9,6,6,7,7,6,5,55
F52BL8XBC,りかし,1YLFFXC1E,安土桃山時代,806,2,5196,811250,7,4,7,7,4,4,6,9,48
CYBUV425R,フル,AE3L01V24,LOVE蓮ノ空,968,8,5196,811250,8,10,10,4,10,7,10,7,66
5IBZ0V5GE,くろまちん,9DKR4Y2CJ,蓮ノ空老人会,1207,6,5198,811000,7,7,7,6,8,7,8,9,59
F7G521NKU,こは,EEP20F2M8,綴理の綴り,1121,10,5199,810500,2,7,7,5,6,5,7,4,43
B5QOXVUG4,あい,9U0VB1H5P,あっとほーむ,1003,8,5200,810000,8,8,10,7,7,8,6,8,62
CFALZDL3C,ミヤ,RNJ306W6N,日曜日よりの使者,1010,2,5200,810000,5,6,5,4,6,7,7,7,47
4H88WA6WX,にゃんじ,427WENUC4,心の癒し～蓮ノ空,874,0,5200,810000,4,7,9,4,9,7,6,8,54
4C9GAYEX8,さな,J0PT5EX42,スクスタモ部,371,2,5203,809750,2,5,4,1,3,4,4,2,25
LG9FEA1R8,さかーな,X33HHA9F8,アルストロメリア,803,0,5204,809500,8,8,8,5,6,5,7,7,54
9WJBK6J15,ぺい,PMDDGR6AH,うぇるかむ,584,0,5205,809250,9,10,9,8,7,10,9,10,72
R006MMCJE,ホワイトゼータ,321FF56TK,リンクラ芸楽部,909,2,5205,809250,1,4,7,5,4,4,6,4,35
4RQ61IY6T,Frontier,05KN1RR3U,さやかほ花卉園,829,0,5207,809000,5,4,5,5,2,4,7,4,36
34UHLH3JB,ガブ,UVN7G4X3A,闇のルビィ団,722,1,5208,808750,1,1,7,10,6,8,7,1,41
FGCH49YXV,たけとら,GN1798YEX,ド!ド!同好会,712,0,5209,808250,1,1,4,4,5,4,7,8,34
ER7QBUUBF,みんも,FNHT9JFY4,リンクラ楽しむ隊,1100,5,5209,808250,8,8,10,8,8,8,6,6,62
YK5MM5W36,HANA,CPW7TWG99,Lotus,709,0,5211,808000,10,6,6,6,6,6,7,8,55
J59A0TC4D,迷いながら〜,KULVP7FDR,アニマル分室,1015,14,5212,807750,9,10,10,10,10,7,4,6,66
R3J3VX0Q3,Shin,4RY75CKM4,LLすこ部　メ募,1131,3,5213,807500,4,6,5,4,4,4,6,7,40
VURJLLRMD,けだま,HH93ADAW3,無言自由。,997,2,5214,807250,1,5,5,5,3,5,7,10,41
B2EGD7FJ7,Bleu,2AUM7L9BW,蓮初心者クラブ,1040,15,5215,807000,9,7,7,9,10,8,8,10,68
1TPHM6E8N,あゆ,YNR28303K,りんくらぶ,1104,13,5216,806750,7,7,8,5,8,7,8,10,60
CMIMM8MB7,ディスク,VL9XHRPWC,蓮っ子(28%),1541,8,5216,806750,10,10,10,10,10,10,10,10,80
7U9GDMLHB,ぴよたけ,MWHJ339TF,葉山エターナル,1019,10,5216,806750,6,9,8,8,9,7,7,7,61
6OCY0UBIR,見習い探偵,JA2C658FW,さや綴理の村人,1162,3,5219,806500,4,2,5,4,6,4,6,4,35
4RL397PL4,BLUE DIA,TDHKGHFPA,無言参加○！,1025,2,5220,806250,6,5,6,4,6,5,7,7,46
LLH9VNB3R,リエル,Y7KJ3PM8P,蓮すきすき同好会,1225,18,5221,806000,9,7,9,7,8,7,10,10,67
94XG6TH2K,CAN:D,J5CKL5YPX,ログイン勢かもん,633,0,5222,805750,10,7,10,6,6,4,6,5,54
JE55RB57R,じな,YMKU30246,参加賞がほしい,173,0,5223,805500,10,8,8,7,4,3,5,5,50
JGON0RPJ1,くるりん,HH93ADAW3,無言自由。,1291,5,5224,805250,9,7,8,6,6,9,8,9,62
7V344L4NR,まっしー,1H5P6KV81,さやかの水着,240,0,5224,805250,7,8,6,10,7,6,7,7,58
EKVEWAZA8,ようちかほ,A3472CNJE,ハントン✿ライス,919,4,5226,805000,5,6,9,6,8,4,8,8,54
AN5XC7JBX,ばるー,E515TRU1G,起きろ夕霧綴理,775,0,5227,804750,5,5,7,6,6,5,8,5,47
MT9WLPBJ5,うゆ,E7UBFLW56,同好会の同好会,443,0,5227,804750,8,7,8,7,8,8,8,9,63
G19FTEPB0,ろぶそん,WBW66DMUB,るりめぐ研究所,776,0,5229,804500,7,6,8,9,6,5,8,8,57
5M1BH4HG9,おりー,WT275TUAT,ゆっきー組,812,1,5230,804250,7,5,10,6,8,5,7,6,54
RX8ENMN4V,こずこず,EJY6B26D1,After見たい,514,0,5231,804000,10,6,9,7,10,9,6,7,64
G684OCLSF,ささ子,W09WBG3HY,どろんちゅ,1224,6,5232,803750,4,5,5,5,6,4,6,5,40
YQ4QGIQ0M,しおん,GYG7B5R36,幼馴染同好会,1142,2,5232,803750,1,1,9,8,8,8,7,7,49
A4OD0AEQ6,ROUVIS,8YNHW7530,虹ヶ咲、蓮ノ空,1043,4,5234,803500,7,7,8,7,8,7,7,7,58
R3H6DRR25,ふづき,9E910GGD2,蓮ノ空給湯室,1003,8,5235,803250,5,5,5,8,8,8,8,8,55
480F5KAP6,kakashi.,LRKRUR21F,ちゅけバフ,441,0,5236,803000,10,10,10,8,9,9,9,9,74
VBDVPK1VH,新手工作人員,Y337R7BW9,中国の蓮之空圈子,769,4,5237,802750,7,7,7,1,2,1,4,7,36
ETO77S8SF,TOCCI,GYG7B5R36,幼馴染同好会,1488,9,5238,802500,9,8,10,8,10,10,9,10,74
0YEE3T5A6,のん茶,XPRA8TRVE,蓮ノ空ロボット部,1198,12,5239,802250,9,10,10,9,9,10,6,5,68
SY66UXVUS,Maria,LUDNM40F8,ふくふく無言OK,1134,1,5239,802250,7,7,8,7,7,5,7,8,56
ZRFQXPVUS,enudal,535L2H3JU,Lotus329,1134,0,5241,802000,6,8,8,6,6,6,8,8,56
3VPW5BJEG,yuuki,Y6JNPC60C,綴理メイト,622,4,5242,801750,10,6,10,4,10,4,6,6,56
6MP6NLXQX,猫背丸,K25DPPGT9,圧倒的にまったり,959,7,5243,801500,1,2,7,4,6,7,7,7,41
9NS1UF4CI,たかふぉい,F31A07X4V,蓮ノ空福井分校,1188,2,5244,801250,4,4,6,4,6,6,7,9,46
QAAUWSLLE,椎名ありさ,KFC62L0FV,ねるねる同好会,1155,9,5244,801250,6,7,7,4,4,4,6,4,42
N7JU2ZUOA,ザベちゃん,JE7V5MM31,蓮ノ沼に沈んだ泥,999,13,5246,800750,3,5,4,6,4,8,9,9,48
4LV68ATB7,たう,0CEA9XFKR,蓮ノ空の泥人会,1042,5,5246,800750,7,7,10,6,7,8,8,9,62
1DL0FJNMF,ななな,2B97MH4YA,同じ話し何回も…,527,3,5248,800500,10,10,10,6,7,10,8,5,66
TBLF6N8A2,ゆーき,23PGPJ3NV,蓮ビギナーの集い,1014,3,5248,800500,7,6,8,5,7,5,9,8,55
6WEADA8RK,ガリオー,17LJ910A0,蓮ノ空緩々交流会,1152,13,5250,800250,6,4,8,6,8,8,8,7,55
695RR3G98,あるず,P2J37FNLG,乙宗先生指導会,886,3,5251,800000,6,7,7,6,8,7,6,4,51
15A74DY7Z,BAROQUE,0CBM28JP6,ほうき星,1459,3,5251,800000,7,8,8,7,7,6,7,8,58
DRGR53P7W,陽,4RY75CKM4,LLすこ部　メ募,586,2,5253,799750,7,8,7,9,3,2,8,9,53
X1NQ95GZ8,トモロ,PB5NM9HRA,歌蓮ティールーム,1139,1,5254,799500,7,7,8,6,9,7,7,8,59
X9FK84KPX,甘党マシンガン,B2KV0EVPD,蓮ちゅきクラブ,851,2,5255,799250,7,7,8,5,7,7,9,7,57
Y2F3B7KG7,ピカパカ,WN3LHKX0L,レンコンおいしい,996,8,5255,799250,4,4,5,4,6,4,8,9,44
PUZNCFF6H,のり,AG9PKMMC3,ぱかぱか同好会,1385,8,5257,799000,7,5,4,5,7,7,8,7,50
NDFULIX3S,Mix委員長,CRYB2FJ64,つくよみくらぶ,1012,11,5258,798750,5,5,8,4,4,4,8,8,46
95UYXW8GL,黒曜,3C7N3PCKM,末代,517,2,5259,798500,7,10,8,10,7,10,10,6,68
BMT6YG5YF,浜松のあっきー,85D411XNB,蓮っ子の集い,1040,9,5259,798500,10,10,10,10,10,10,10,10,80
SGG4PK2OU,りあ,CXG25026E,泥のみんなS,1249,0,5261,798250,8,7,7,7,7,7,8,7,58
1AWCCFFLJ,Heiveen,7XH3K4GBT,LLP,1044,15,5262,798000,6,6,6,7,8,6,8,10,57
NDDPRFJU3,北ピー,NJBBTCY3A,かにかに！,764,3,5263,797750,8,10,10,9,8,6,7,8,66
PH3D6EJ6M,ななしか,KA652DGYV,ゆるリンクラ,1040,13,5263,797750,6,6,8,4,6,5,6,7,48
YESVBUWSG,nsjm,KJU0BU77M,無言交流なし,984,8,5265,797500,4,1,5,5,6,5,7,8,41
UH7YKUWB2,むつねす,57UT319NN,蓮ノ空同好会,485,0,5266,797250,9,7,8,9,9,8,10,10,70
FGKX5HNWH,ミルクヒーコー,W2GV4016W,カフェオレすこ,507,0,5266,797250,8,10,9,10,9,10,10,5,71
0CJJP6W7H,UR月,FNMV166UY,蓮ノ空喫茶部,1144,11,5268,797000,9,6,9,4,7,7,8,8,58
CBU4LU5TA,もりか「づ」,X7C21B7H7,泥,1181,7,5269,796750,7,7,8,6,8,8,7,7,58
NCNC0F6T5,あ,2AUM7L9BW,蓮初心者クラブ,773,0,5270,796500,5,4,5,6,5,5,8,9,47
SW6YQZLBU,しろみざかな,LX25CP0TG,深夜の芋煮処,1144,16,5271,796250,1,1,7,3,10,1,9,9,41
UYBF5NCFY,Sasa,C8WCYKBU4,蓮,1001,5,5272,796000,4,4,6,5,6,6,8,8,47
C0PDCB1U4,トマトマ,HH93ADAW3,無言自由。,1112,3,5272,796000,8,7,8,4,8,5,8,8,56
YJ40B2K85,とめーる,1EL57CDR0,なんもわからん,956,11,5274,795750,10,9,10,1,10,2,10,1,53
CVCVHFVF2,あかまる,KM0NDXXR6,も,897,0,5275,795500,8,9,10,4,6,7,7,5,56
EVJGZ1771,まっつぁん,K8C99H42D,ルリと喜ド！愛楽,1169,7,5276,795250,9,7,10,8,8,10,8,7,67
7CM3LCYL4,さかな,2VJG66JTH,まったり,941,4,5276,795250,4,9,9,7,6,8,7,7,57
7L7XLG2U2,Tokisa,GPKTRBCTT,騎空団蓮ノ空支部,809,0,5278,794750,8,10,10,10,9,9,10,10,76
X0GQORFOT,スーパーダーリン,F2CFWVMY9,藤島め組,1528,14,5279,794500,9,9,9,10,4,6,9,9,65
8V4TIB9D3,鳴沢律佳,AFV2LPL78,玉狛第２,1206,9,5279,794500,9,7,10,6,8,9,7,8,64
7077BN653,Regerets,U57VPUTEE,ゆったりクラブ,621,5,5281,794250,5,4,10,4,6,4,6,5,44
9RKLH1E8O,Xashy,JHTULVV5P,故に瑠璃乃推し,1244,15,5282,794000,4,7,4,3,2,3,6,9,38
9XFWW547L,ダフィネルリンべ,2JVBK752G,卍愛蓮説卍,848,2,5283,793750,7,2,9,5,5,4,7,9,48
P3LP9OU6G,ケイ,6TEDXJBLX,柳田保育園,1205,15,5283,793750,7,8,7,7,9,7,6,10,61
O44TRM3CC,ツキマカセ,BWD9U1EJ2,蓮之空中国同好会,1115,14,5285,793500,1,1,6,4,8,10,10,7,47
GTEER2YC2,とむ,FJMA5BPPE,蓮ノ空すきすき部,879,4,5286,793250,7,8,6,5,6,6,6,5,49
TKHGQ7D7J,ヒデ,G0WRCNRWK,県立沢庵図書館,949,2,5287,793000,5,4,7,6,6,5,7,8,48
9AKRX9C07,まろやか苺,WN3LHKX0L,レンコンおいしい,873,3,5287,793000,4,5,9,6,6,9,7,7,53
J5P3BB0H5,佐藤司,75UJ5RB97,蓮ノ空雪野球部,940,11,5289,792750,5,6,4,4,4,4,6,7,40
7NWE3D1WW,シモン,J0PT5EX42,スクスタモ部,313,0,5290,792500,6,6,6,5,4,4,6,5,42
9BWD924LQ,ぴの,L1VGJTD5P,蓮ノ空お茶会部,1085,7,5290,792500,5,6,9,7,7,7,8,7,56
8YY2TCCWD,ASHermes,0JY7F3EKU,さやか愛でる会,905,2,5292,792250,8,8,5,4,7,4,6,9,51
YQ64NBXJ0,dgstar,407VAU0TT,ログボ勢の集い,456,0,5293,792000,4,4,8,4,7,6,6,5,44
L49HJCR25,霞ヶ関ファルゴ,7U20138DB,LGP,978,6,5294,791750,1,5,5,4,6,7,4,5,37
EE2GLSVHB,いちご,Y2P9LABR2,スクステ同好会③,1314,7,5295,791500,5,4,4,4,4,4,6,7,38
UGTEP77JP,夏鷹,PPAHU1TNY,蓮ノ空のんびり部,1362,16,5295,791500,7,7,5,7,7,6,7,7,53
A5AH7NW0R,トモ,AHE0E3JND,ありがと！にひっ,770,0,5297,791250,8,9,10,6,7,8,7,9,64
73J5G40VB,HaLkz＠,B1XLN3U5P,頭文字リンクラ部,922,6,5297,791250,8,7,6,8,8,6,3,5,51
FUP3K00FA,コウジ,DVF76RK9D,ぼくらの太陽,1015,2,5299,791000,6,5,7,7,7,7,5,4,48
8PEZ516H8,はなよのおにぎり,W3UUXHMDV,水彩ブーケ,1038,1,5300,790750,7,7,8,4,7,8,7,9,57
DHR34LYDB,はすちゃん,DJC4WJXGV,無言出入り自由,213,0,5301,790500,8,8,6,5,6,4,3,3,43
JLP3ZOZS6,竜,GCFA4WL28,乙宗梢を愛で隊,1129,7,5302,790250,7,5,5,7,7,6,7,5,49
TYHMZFOFU,うめ,L28X4MDJN,アフター観たいぞ,1462,15,5303,790000,4,3,5,5,3,1,6,4,31
ML2490PXR,べ〜氏,VNEJ2RNW0,まったりんくら,480,2,5303,790000,1,3,2,5,2,4,4,1,22
EAB14LX1M,sui,19W3J4UMV,蓮ノ空チア部,694,1,5305,789750,7,7,9,6,8,6,6,7,56
UTRBVRL7F,Pmegq,N83DW3NYG,†極最強倶楽部†,335,0,5306,789500,2,2,1,4,4,1,6,1,21
1MR2E6D09,マダオ☆,B2AN1PT0N,417,962,4,5307,789250,5,4,5,5,6,1,8,9,43
HRGJF42TE,yukino,75UJ5RB97,蓮ノ空雪野球部,1185,5,5308,788750,5,5,6,4,4,7,8,7,46
GIOBOAD3T,柴漬け,RXXUPMWB9,待機室跡地観測所,1049,12,5309,788500,4,5,5,10,6,7,7,7,51
QNELZ88MQ,だい,2L8R7GAV6,大賀美組,834,2,5309,788500,4,10,7,6,8,2,9,5,51
RGT5PH9MW,みんみん,9FF5JBNDF,めぐすきクラブ,1297,15,5309,788500,5,5,5,8,9,10,6,10,58
5RPHAUYAB,Elmair,7UX6117P2,重曹圖書館,559,3,5312,788250,10,6,10,2,2,10,6,10,56
465B7V60E,破壊世界奇々怪々,7MPNTWKTN,Dreamers,830,4,5313,788000,5,7,5,1,10,5,9,3,45
K1LDNMT14,Κενιη,MVMP6NNXD,空き時間らくがき,1002,7,5314,787500,5,4,8,4,6,7,6,7,47
FNR5SXSZM,to-kun,M08GKL70U,ららマジ難民の会,1534,15,5315,787250,10,10,10,10,10,10,10,10,80
8N7S57R4U,ぺけぽん,2ULM366U6,毎日がエブリデイ,1213,4,5315,787250,4,7,9,6,8,6,9,9,58
P0R9GI425,しー,31A7JKC69,蓮好きの巣窟,1235,3,5317,787000,5,6,6,4,7,5,6,8,47
O97061AAK,ぱし,ABALH0AL3,楽園計画,1180,6,5317,787000,5,7,8,4,7,7,7,8,53
KMRLM83KW,ツマ咲立ち,WBW66DMUB,るりめぐ研究所,1148,1,5319,786500,4,5,8,8,9,7,7,8,56
XB6RJBL35,モコスケマータ,DFXN9DB2H,どんぐり共和国,1062,1,5319,786500,5,6,6,5,6,5,4,7,44
37U523EBY,ななつぼし,YDYH4VRRP,レンクウ,970,12,5321,786250,5,7,8,7,8,9,8,6,58
3MH65KA10,たまゆら,26JDLMBLN,徒町は強く生きる,423,0,5322,786000,5,8,6,5,7,4,3,5,43
G08OZ53OB,ハンゾウ,LUDNM40F8,ふくふく無言OK,1306,18,5323,785750,8,9,9,8,10,10,9,9,72
NR5CB93IJ,あまとう,GYJHAE1TJ,ゆるゆるアーリー,788,0,5323,785750,7,4,5,5,4,4,6,4,39
KWRH7RT93,やなぎん,MG2RMMN2B,欲にまみれた梢,849,6,5325,785500,1,9,8,5,4,4,6,5,42
EXJ5F3VAP,ゆいさ,TTDBXERCU,蓮ノ空 全力応援,1123,14,5325,785500,4,5,5,1,2,10,6,5,38
L18J3EYVA,yuki,NK05UMLWW,かけ込み寺クラブ,910,7,5327,785250,4,4,7,5,7,5,8,9,49
CCS08NHS1,にわにわ,6WJW7R1TD,さやこずノ休日,1028,8,5328,785000,7,7,7,5,9,7,7,7,56
0TVUDAM4Y,nebu,JH5FX56N2,のんびり,1013,6,5329,784750,6,6,7,5,6,6,7,7,50
1D9X3B5J3,ヤマエル,DC8VP5MAB,蓮ノ妹子,579,0,5330,784500,10,5,9,4,5,4,4,4,45
C2W5FBJLP,wolfram,GXR6C85BT,花帆ちゃん親衛隊,1216,18,5330,784500,10,10,10,9,10,10,10,10,79
WWMNP9RZY,SASUKE,427WENUC4,心の癒し～蓮ノ空,900,10,5332,784250,5,5,10,5,9,5,7,6,52
UJ1F03REC,らやかの空,TXNCTRR1U,瑠璃乃推し隊,856,2,5333,784000,3,10,4,2,4,4,7,5,39
G25MC1FCT,rooos,KJU0BU77M,無言交流なし,1479,18,5334,783750,10,10,10,10,10,10,10,10,80
8W14EHY60,K,UYCT3Y4JK,蓮っ子,820,0,5334,783750,8,8,9,5,4,5,7,4,50
425YU14YT,RZWD,AR9HR528A,いろいろ実況,786,2,5336,783500,8,7,8,4,2,4,7,1,41
57CP6Q8MA,チーズわさび,X33HHA9F8,アルストロメリア,1112,7,5337,783250,7,7,8,7,8,10,9,10,66
DU3SEW43K,Makuno,BXHG2KXAD,idol.st,1178,13,5338,783000,7,8,8,7,6,7,7,7,57
P1MJ9KJY5,uro,N1DJVPGP8,いつでも咲けるよ,946,6,5339,782750,1,8,6,1,4,1,4,5,30
GQ7RAG46W,yakko,9U8KNU6U9,対抗戦用,1186,15,5340,782500,7,7,7,7,7,8,7,8,58
7KU2LB991,ぽよみ,NJBBTCY3A,かにかに！,1185,9,5341,782250,6,6,7,3,2,4,6,1,35
LXMUK1N94,Aoi,JHTULVV5P,故に瑠璃乃推し,778,7,5341,782250,3,9,4,1,5,2,9,1,34
G8V625UCN,ハロこず,NMT63RUDV,泥村,1039,2,5343,782000,7,6,7,7,7,5,7,9,55
W1XRL5CMD,croMisa,TD87P23DJ,黄昏の旅団,1071,11,5344,781750,6,5,6,6,6,6,7,7,49
PD8AVB2VF,レオン,VLY5JDKCV,新規なのだけれど,477,0,5345,781000,1,4,4,4,5,1,6,7,32
4CLUK7BRJ,てふぅ,KB51KEGNM,アフター視聴,1059,9,5346,780750,10,10,10,7,10,10,4,10,71
AKE1G7B1P,またたぎ,KT4P0CHHC,ゆったり同好会,1076,6,5346,780750,7,6,7,5,7,6,7,5,50
HCHC1K2JP,リック・ドム,P4NGERDXF,こじらせ部,996,4,5348,780500,5,8,6,5,4,5,7,1,41
UMW056P90,けい,H837E0M9R,沙知先輩大好き部,1016,4,5349,780250,5,5,8,7,6,7,9,10,57
V2LHVVUHN,ペリドット,4FXPC55PY,PPIHクラブ,964,3,5350,780000,8,9,9,5,9,7,8,9,64
CK0GFNE6V,さすらいの学院生,BTVC9G95X,FES用,871,6,5351,779750,2,3,10,4,2,4,3,4,32
GLU92CVU1,ムスビ,XR2P2LDY3,蓮ノ空さいきょー,1146,1,5352,779500,4,6,7,9,4,4,6,4,44
DJPXXFDLL,クルーゼ隊長,Y6KN85L5P,孤独の村人,541,3,5353,779250,10,10,7,7,10,6,6,10,66
I5U84FN1W,さい,PHLRY3XRP,とりあえずやろう,1042,3,5353,779250,5,5,7,4,6,8,6,8,49
CXDN121V3,ぽ,R9BNLJ11B,瑠璃乃を愛でる会,249,0,5355,779000,10,10,10,10,8,10,3,3,64
PG82T3UNE,フブキ,F2M746D4B,頑張らないクラブ,472,0,5355,779000,10,10,10,10,10,9,8,7,74
40FBU455R,かんぴょー,JWKMYEELY,伝統工芸愛好会,816,0,5357,778750,5,6,9,10,10,10,7,1,58
BTE8H39MX,ジュラ,UTN8134GA,パドマシューニャ,857,2,5358,778500,9,6,8,5,5,4,1,8,46
0KIBKA6LM,ロブ汰,57HNJ07NK,みらぱ推活最前列,1156,8,5359,778000,7,4,5,5,8,7,6,4,46
NBM81WBNK,いるきゃっ,DFXEH0E0B,香港の初心者♪,813,5,5360,777750,7,7,8,5,5,7,6,5,50
3HZ72U10W,アリサク,K25DPPGT9,圧倒的にまったり,1070,18,5360,777750,4,2,5,5,7,2,6,9,40
DF01TB95N,紅毛のペンギン,HBK6KCRPP,無言でおけ,1182,12,5362,777500,9,7,8,9,7,7,7,7,61
T4T809RQ0,青冥,N94LEWF2D,無言よわよわの会,1132,5,5363,777250,7,8,8,7,6,5,7,8,56
H2G9DVSYU,こびと,YUJWPU7Y8,引田町民詰所,1135,8,5364,777000,5,6,7,6,4,4,7,8,47
W6CE9QPL5,きさらぎ,6JCMUJX7E,同輩,1192,13,5365,776500,7,6,7,7,4,5,7,8,51
CPPMACTDJ,エスル,YUVK7R51W,萌え萌え倶楽部,1120,4,5365,776500,9,8,8,4,10,9,7,8,63
T6G95MQGC,ダイ,2JK7E4115,ラ！推し,1029,12,5367,776250,3,1,1,5,5,1,7,7,30
RZN31KJXT,つな,WFPA7YJE1,蓮ノ空文芸部,852,6,5367,776250,7,7,7,4,4,4,8,5,46
A9F8O9BV1,みあとる,9RYR14H9L,ソロマターリ,904,0,5369,776000,5,6,5,5,6,5,6,4,42
WJG1SBROQ,クロノス,6XX7GBM0K,ぷちぐる同好会,1054,3,5370,775750,7,10,7,6,10,9,7,10,66
SHZ315U9F,ラプター,NX9KJK529,虹ヶ咲学園,758,4,5371,775500,3,2,6,7,6,9,3,7,43
3CN66NH61,トーロー,18YYNRFGA,LotusSky,615,1,5372,775250,2,4,1,7,2,2,4,1,23
ZAZ7MLGDM,シュウ,T8X0G07YB,なければ立てる！,1033,5,5373,775000,9,5,5,7,6,1,7,1,41
F8GNHAKXC,あてぃしがに,VD7N7A4WH,氷青色,378,0,5373,775000,6,2,4,1,6,6,2,2,29
M1R2JXC7F,あんたつ,4FXPC55PY,PPIHクラブ,816,3,5375,774750,8,7,9,5,7,4,7,7,54
N403EWS62,まっつん,PN4VA24XF,みーかるぱーく！,709,0,5375,774750,5,7,7,5,2,8,8,5,47
MAYYDXR2M,kyawa,HWMV33W7Y,フラワー泥民館,665,0,5377,774500,1,6,1,1,4,5,2,4,24
SAFVNHK17,やまだひさお,08HLNF1MX,毎日がエブリデイ,1152,3,5378,774250,8,9,9,3,10,8,9,7,63
FH4WD920V,すべりこみノ空,GGK2P93JK,きゃらめる,365,0,5378,774250,5,7,8,8,8,10,8,5,59
Y4RCPU2A0,ひなた,06DCWC1RE,とりあえず参戦用,768,4,5380,774000,8,9,6,10,5,1,7,5,51
18JU66WE8,ボブ,9WJB6YPPN,温室花畑,962,0,5381,773750,8,4,5,4,5,4,6,7,43
2GCJ1MWUF,えだまめ,P3T2T39HF,新川地区ノ空,965,2,5382,773500,7,7,8,4,7,7,7,9,56
NDAPJYJBO,壁,L10A3854K,ラベンジャー部,1000,11,5383,773250,4,4,5,7,7,5,6,7,45
HJHAYW20Y,yqian,T7J89541B,日語漢語蓮愛団,843,4,5383,773250,1,9,2,7,2,9,3,1,34
NDA9M2JGD,LOVESICK,WHWT61ELR,【無言】ハスノソ,1228,3,5385,773000,7,8,7,6,8,7,8,8,59
5YEKCXMGT,めぐ党,GWGDMA3YC,初心者無言自由だ,884,0,5386,772750,7,7,7,4,6,7,7,9,54
MLPH4D5LY,Nao4,BXC1T2HY2,初心者の集い,996,10,5387,772500,1,3,10,3,6,1,6,5,35
4J8BCCVDJ,ブラマト,573J1JVVK,かほかほ,1303,8,5388,772250,10,9,8,8,9,9,8,9,70
OLPMCDCFH,しゃおくう,1F5EPPMLD,UR貰えればいい,1304,9,5388,772250,8,7,9,6,7,8,10,8,63
C9ZXL5AO2,こなつ,59AK7LJ7A,とりあえず,1127,1,5390,772000,7,6,7,1,5,7,3,7,43
TDZ9E3OHQ,たこはち,RM7N1JDB5,無言推奨不干渉会,1381,18,5391,771750,9,9,9,7,9,8,9,8,68
HX75CXJGQ,どらい,7CP6HECWA,そろ,1294,6,5392,771500,5,5,9,5,6,7,8,1,46
NHYX34977,アッツン@サブ,61DV78UAJ,モタスポクラブ,912,2,5392,771500,4,1,5,4,5,4,3,4,30
B5KPAWVLC,Sonny,J80MEYHBC,Nymphaea,706,2,5394,771250,10,10,7,2,8,7,8,1,53
MTYAUFRUV,水虹,NMRKHYYRM,ご自由にどうぞ,350,0,5395,771000,10,7,8,10,8,8,6,6,63
JRJ8GHN4L,へむ,EFYYG9TAY,ご隠居さーくる,428,0,5396,770750,6,3,9,4,8,6,7,4,47
HU1EE0C18,や,3HDDYR4FU,旅人,1074,0,5397,770500,4,4,7,1,4,5,6,10,41
46XV076UA,さいとぅ,X8YD59KBX,16代目いぶき組,791,2,5398,770250,6,6,6,4,6,4,8,9,49
H2JDU2C1F,しじみ,BHW3RTLYB,カワウソ小屋,309,0,5399,770000,7,9,9,7,6,6,5,4,53
UAFFAPBAE,おはよは,HKETDDCK6,ぼっちざ蓮!!,992,5,5400,769750,5,6,10,7,6,6,7,7,54
260GHQ2RA,なづな,2VJG66JTH,まったり,1215,13,5400,769750,8,7,8,6,8,9,7,6,59
GLYJZZ9ZS,トモ,FG5VFFNRK,蓮ノ空おじさん,1380,4,5402,769500,10,10,10,9,10,10,10,10,79
YB53XC7A8,よち,16N3APL33,Dreamers,1052,5,5403,769250,6,6,7,7,8,8,4,9,55
HFX3R1P0U,ふらわー！,JTX1G19BP,さやかほ癒し会,1271,7,5404,769000,7,4,9,5,7,7,9,7,55
8GYNT6PGN,けんこう,EE4BKR0AR,まったりプレイ,925,0,5404,769000,7,6,9,6,7,7,8,9,59
GRTC8EJRI,Rikyuru,KANLFTMVJ,蓮ノ空中文同好會,987,9,5406,768750,4,2,6,7,4,5,3,5,36
MVAGA9GDH,海老,PF9Y722AR,うぐぇ,284,0,5407,768500,8,8,5,5,4,4,4,1,39
UXTG6UI2S,まつ,MXKTH01TF,KTCLUB,965,8,5407,768500,5,7,5,4,4,5,6,7,43
1JEV15JF8,えおりん,AHE0E3JND,ありがと！にひっ,742,2,5409,768250,1,2,1,1,4,1,4,1,15
XF646650E,なぽりたん,6N3F238R0,イベント参加用,1020,12,5410,768000,8,8,7,8,8,5,6,8,58
Y5G34JJD6,結城/YT,RNJ306W6N,日曜日よりの使者,518,0,5411,767750,1,2,1,1,2,1,2,5,15
FG38P0U6M,シジモルキ,919XF8V2V,蓮之空大三腳,644,2,5412,767500,7,3,4,4,4,1,6,8,37
OWO5SQZTE,Terces,7R8NKPAB1,花帆推し倶楽部,1162,13,5413,767250,7,9,7,4,6,6,7,7,53
M0944945X,佐田,BCJRMHE75,梢すきすきクラブ,1025,0,5414,767000,5,7,9,5,7,6,4,5,48
YS0G8QKE5,くらりん,WBW66DMUB,るりめぐ研究所,1116,9,5414,767000,5,6,9,7,6,8,7,8,56
353W47H4M,かまぼこ,P3T2T39HF,新川地区ノ空,1270,3,5414,767000,5,7,8,4,7,8,10,10,59
T0YJOF9KT,おやき,NMT63RUDV,泥村,1231,3,5417,766750,1,5,7,7,6,3,9,10,48
7B48TYBTJ,じり,PB5NM9HRA,歌蓮ティールーム,845,2,5418,766500,2,7,5,2,10,1,10,5,42
CT5SINOQL,ストリーク,JTX1G19BP,さやかほ癒し会,1149,5,5419,766250,7,7,7,7,8,6,8,9,59
6DYBCZGXP,たかしゅん,JRAC1HYUD,SPHS-MMT,1107,8,5419,766250,7,7,7,8,8,8,7,7,59
7R1RLWKBW,おいかぜ,WWWUTP96L,異次元からキマシ,1014,6,5421,766000,5,6,8,5,6,5,6,7,48
UEU2XJPPT,尨茸,XLBU65J86,花の壁飾りクラブ,1036,13,5422,765750,1,1,6,1,3,8,7,5,32
6HPLQEB8L,まさみ,7LMARTXVN,ご飯特盛肉蟹付き,1305,18,5423,765500,4,4,8,9,7,7,7,5,51
46NP4REUD,なみ,P69FXJWA0,ふらわー,904,1,5423,765500,7,8,8,7,9,7,6,8,60
KY1VX4AQD,sakura,J5CJ60JTY,Jサポx蓮ノ空,997,0,5425,765250,5,4,9,2,6,7,9,9,51
YWR5OAVJB,にこみらいす,A3472CNJE,ハントン✿ライス,1275,6,5426,765000,5,2,7,10,6,5,7,10,52
GU4UKWJXY,harts,V830CTTX3,日野下後輩,984,2,5427,764750,5,3,6,5,8,5,8,9,49
BU3BTBG24,てる,8MTLYLH9F,木星月華黄金宮,937,1,5428,764500,7,6,7,4,6,6,6,8,50
DVT78EV1B,fg021,828YTYAA9,箱推し社畜の部屋,841,0,5429,764250,6,7,7,4,7,7,6,7,51
UO66NRT7K,プライム,TXNCTRR1U,瑠璃乃推し隊,1287,2,5430,764000,5,4,8,4,8,7,9,7,52
XLTPT533F,とーゆ,L3NN1RWMY,アポロベイ海賊団,1270,7,5431,763750,9,9,10,8,10,7,8,9,70
C16ER87BR,HIMEMIYA,EYEPHE14G,花上梢頭,1066,10,5432,763500,7,6,10,7,10,8,8,7,63
VECX762B2,あつしめん,9YM3DBTB7,泥民館,1265,9,5432,763500,8,7,8,5,7,7,8,8,58
A1XGJ396C,はづき,K3LMN5JHH,金沢カレーの皿,1076,2,5434,763250,7,5,6,4,4,4,6,7,43
SY5H1DW5F,ハウ,31A7JKC69,蓮好きの巣窟,1110,6,5435,763000,6,5,7,4,6,6,7,7,48
KCRV0FWEE,みるくれーぷ,AH27N260E,百生信託銀行,502,0,5435,763000,8,8,3,6,7,4,7,1,44
WR71BGXFX,なみへい,8F7629VKU,アークス兼任,1009,1,5437,762750,2,4,4,1,7,7,5,5,35
ME7HP4U4X,まる,G33U9YWT7,ゆるりゆるり,166,0,5438,762500,10,5,10,7,3,8,9,9,61
2UWYWJ9MP,シゲ,1D7T2UXC2,無言でのんびり,638,0,5438,762500,5,6,4,8,6,4,5,4,42
YZTDBN459,コユト,XCRHL4A94,こんにちわ〜,992,7,5440,762250,1,4,7,4,7,7,7,7,44
5PN7563GB,レダクターゼ,3194B9E93,初心者寄り合い所,393,1,5440,762250,8,6,10,4,5,4,6,4,47
NVLBW4ERS,博麗　魔理沙,JDYW63BXN,μARLL’s,926,1,5442,762000,7,7,8,5,7,7,5,7,53
BX4TE8G01,Lisato,H6CCL64P9,NATTO,716,2,5443,761750,5,4,6,8,5,4,7,1,40
VE7FPXMXL,アキラ,F90XW14UP,のんびりプレイ,405,0,5444,761500,2,2,5,1,6,7,6,9,38
01TBH0U21,ジエンド,BY5NV4UU8,トライファイター,1355,6,5445,761250,1,2,7,4,5,6,8,1,34
3EIKPTRAG,シナモンルイボス,865UE9UC6,蓮ノ空うどん部,749,0,5446,761000,3,5,7,4,7,4,7,5,42
BOS7YDF47,たっかー,E7UBFLW56,同好会の同好会,832,0,5446,761000,4,5,5,4,5,5,7,8,43
P9JLPPJW3,case_kk,6BGTJB90L,case_kk,616,0,5448,760750,5,6,7,2,7,5,6,7,45
33W7012KL,やたまる,NDGW77R2V,こず花帆尊い,781,2,5449,760500,7,7,7,7,6,8,7,5,54
3LVPPB2RG,絢辻 劉,NA8FEYN0M,蓮ノ空飲酒クラブ,819,2,5450,760250,4,8,7,3,10,6,7,7,52
0GXQM5EPZ,南紀,XEENRBXCG,蓮ノ空休日クラブ,923,0,5450,760250,5,6,5,4,2,1,6,7,36
ODWXELYOX,邑楽(おうら),4WWM4VVDK,蓮ノ空遊戯開発部,1489,15,5452,760000,9,7,9,6,9,9,8,8,65
YMJG9H7PA,湯屋,TX92H9GBV,アフターが見たい,920,1,5453,759750,9,5,5,4,4,4,7,8,46
Y32MB9VVG,sho,J62DRC7J5,蓮ノ空好き好き会,1234,12,5454,759500,8,9,8,6,8,7,8,7,61
4U7BJLI0H,花陽浴,B6KWXGHWH,蓮ノ空SIFC,1142,2,5455,759250,7,7,7,5,6,7,7,9,55
PQRROKSED,Shiron,2VJG66JTH,まったり,690,2,5455,759250,4,8,9,4,4,10,4,5,48
RMVX46VVG,きのと,25PMPEMG7,星見プロ,1402,14,5457,759000,8,6,9,9,10,10,9,10,71
N9U293NTP,地封龍 ギャイア,3F0M4HXJE,蓮ノ空まったり部,939,12,5457,759000,1,1,2,1,3,3,4,1,16
C7XVTH8RM,にゃんた,Y2P9LABR2,スクステ同好会③,1064,2,5459,758750,7,5,8,4,7,8,6,8,53
TDR39U48H,あっとみぃ,DWBLV9V69,イベント参加用,788,0,5460,758500,7,7,7,4,6,7,6,4,48
K6DCRC3JY,リ　ン　ク　ラ,GGCKK69C9,リ　ン　ク　ラ,1135,14,5461,758250,10,9,9,8,8,9,7,9,69
9LJ5M9ALF,shinon,2JVBK752G,卍愛蓮説卍,385,0,5461,758250,1,3,2,1,4,1,2,1,15
BP64EN8VG,ゆうと,N0EXH1CM1,ぱちぱち徒町,360,0,5463,758000,5,7,6,9,10,4,4,9,54
559ICLU88,咲夜,N7GLY2RUW,百生銀行,843,0,5464,757750,7,6,8,7,6,5,8,7,54
DUC01R5B0,まんぷく王子,J7N4W6Y1K,こずミックラブ♡,1124,10,5464,757750,5,4,5,4,4,6,5,7,40
CG0NV1U29,Nuriさん,DMDVHGFUG,インドネシア仲間,940,7,5466,757500,7,8,8,7,7,7,8,5,57
VJMFD25P9,かるぱっちょ,0XUV5025C,めぐめぐバブり隊,277,0,5467,757250,6,5,6,2,4,8,7,10,48
JXWJ55H1U,Rina,1UBNNHVLG,蓮箱推し（仮）,267,0,5468,757000,6,6,9,4,2,8,4,4,43
R8FD7WRV2,ョク,XEENRBXCG,蓮ノ空休日クラブ,734,2,5469,756750,1,4,4,4,5,4,7,4,33
4APA2VDGH,みのりん,3BE2RELRC,見晴台,1261,13,5470,756500,9,8,9,6,9,10,8,8,67
GUPJ2UDE9,たーぼー,NT2KU5174,こずかほ。,1075,2,5471,756250,2,8,10,2,9,9,8,8,56
EET3MLYVC,Hiro,J0N1E3Y09,月火水木金土日,1142,13,5471,756250,5,6,7,4,8,7,7,8,52
RQIIBW497,にゃんきち,18YYNRFGA,LotusSky,864,4,5473,756000,5,2,1,1,2,4,4,4,23
YXRN480U8,玲也,W8URH0E57,にいなさら,790,0,5474,755750,5,4,5,5,4,1,7,8,39
FJFV5LA61,アースト,NRPBG5WJD,てふてふ,970,9,5475,755500,4,7,6,2,10,6,7,9,51
KOW83E3AJ,りっかつん,T56X6LP0L,光の海,1283,18,5475,755500,5,7,7,6,7,5,10,9,56
UL1UYJN4V,(^-^),HH93ADAW3,無言自由。,1120,12,5477,755250,4,6,6,6,10,9,9,7,57
734GWPL3B,ねぴあ,L6MF2MPBN,みらくらぱーく党,787,5,5478,755000,10,7,2,1,7,6,4,6,43
F3LM4E30H,あびわん,69JYHU29C,ワンゲル,1082,1,5479,754750,7,6,5,5,7,6,7,6,49
A2R50JDM1,麦,R083H7WRN,サークル無言,657,0,5479,754750,8,9,6,1,5,2,7,4,42
95R8VNYR5,ひさかたの光,0PJ19NAE3,蓮ノ空同好会☆,403,0,5481,754500,7,7,8,4,4,3,4,6,43
TNFIWVRCB,נמניג,KGD2P8TJ6,直通非対応,1345,18,5482,754250,10,8,9,7,8,8,8,8,66
5NOHM5OAW,くもや,0DVRLAA76,かがやききらめき,1104,7,5483,754000,4,5,7,5,8,4,10,9,52
R3CWJJD7J,トマトケチャップ,23PGPJ3NV,蓮ビギナーの集い,1044,3,5484,753750,7,7,9,6,7,5,8,8,57
XJG29XGNC,蓮トマト,GVNKNN878,Aqours,885,3,5485,753500,10,6,10,10,2,7,7,5,57
KGUTEV0YR,ピンハネ,GPKTRBCTT,騎空団蓮ノ空支部,1058,12,5485,753500,8,9,7,1,9,7,7,7,55
5MAONAAWG,とんとろ,LB0K3MHND,フラワー,1053,2,5487,753250,7,7,9,4,7,5,3,4,46
ZCDR3HFX1,ケータ,GYG7B5R36,幼馴染同好会,1247,4,5487,753250,8,7,8,8,7,7,7,9,61
G3M4FWD27,ふぁる,V26546K3D,乙宗気合筋肉,1099,6,5489,753000,5,2,7,1,5,6,8,1,35
CNN8V058P,みらぱぱ,XA0XD41CM,ぼっちぼっち,656,0,5490,752750,10,10,6,10,9,8,7,1,61
1YUQCD17W,万能試験紙,4XRHRYDW4,無言でエンジョイ,1253,9,5490,752750,5,10,7,9,8,5,10,10,64
L9SIC2Y70,ホンチャ,HBM31HMUY,YUKIZURI,1103,11,5492,752500,7,6,5,1,7,5,3,7,41
LNNWYE4NS,モーセス,Y2HV0YEF7,蓮ノ空を応援し隊,1290,12,5493,752250,10,10,10,10,10,10,7,8,75
H1G4885XW,McCool,X19MP0NTT,蓮之空河豚养殖場,1139,12,5493,752250,7,6,7,6,7,7,7,8,55
9Q37SFRUN,しゆん,G8EE23LB9,虹ノ空クラブ,1070,2,5495,751750,8,8,9,7,9,9,8,9,67
127QTWFQN,タカ,DKNHY5HH6,なす料理研究会,1052,9,5495,751750,7,6,9,5,6,7,7,8,55
RA3GM5CWG,もこ,6UAFKBRPN,リンクラ初心者部,479,0,5497,751500,9,8,8,7,9,8,7,9,65
GM1GRBDDC,アスク,CFK94564X,アスクの村,781,0,5498,751250,4,3,5,5,2,4,7,5,35
9YYPCZOER,まい,7P4CAER9X,まったり倶楽部！,1028,4,5499,751000,7,6,8,6,6,6,6,7,52
U53M6XR6R,ししゃも,V8XX999F6,卍蓮村幼稚園卍,314,0,5500,750750,7,7,9,6,6,8,8,8,59
FL3135ICF,ままま,A9MA307FX,楽しいが一番,1350,15,5500,750750,6,7,10,6,9,8,10,10,66
DJO1S527V,佳月,321FF56TK,リンクラ芸楽部,1014,3,5502,750500,7,6,8,4,7,7,8,8,55
UWB1A7C04,インストーン,VNEY6C9BE,スリーマーメイド,896,2,5503,750250,8,7,8,4,7,7,7,7,55
PD3M8NLPR,umiusi,FE282F3VH,天悶部,1019,4,5503,750250,7,7,8,4,7,7,7,7,54
D5HFECWTD,めぐまわり,GN1798YEX,ド!ド!同好会,1251,18,5503,750250,8,5,9,9,6,5,8,9,59
TA1HP6Q57,Minee,K169NG9RE,桜色世界,991,12,5506,750000,4,7,5,6,6,7,6,8,49
U9GL87M7X,さかも,7NJM1VURM,らんるん部。,916,8,5507,749750,3,4,7,6,4,4,8,9,45
WD7HPQ7MW,ツバサ,0CBM28JP6,ほうき星,1011,12,5508,749500,4,4,5,4,4,4,7,7,39
0DMGFVT3R,しゃう,WBXF9XXW7,さやつづ愛でる会,961,4,5508,749500,6,6,10,7,7,7,10,10,63
9MUO20C1C,フライア,L1XRGHJFA,今回はソロで！,1026,1,5510,749250,6,7,3,4,4,4,4,7,39
PTUHK1K4G,あらさん,KBJ2P8T0Y,人見知りの集い,1191,18,5511,749000,7,6,8,9,8,8,7,8,61
G4E815N27,佐々木,BXGNMY466,ライグラ用,425,0,5512,748750,9,7,10,4,4,10,10,10,64
YPHG4N4EG,やなたか,61UTNTRU1,初心者さん,855,0,5512,748750,9,8,9,7,8,8,7,8,64
0TR2H00J9,あるす,1D7T2UXC2,無言でのんびり,855,2,5512,748750,6,7,9,9,8,6,8,7,60
PWBVNDHT2,まつろわ,AH27N260E,百生信託銀行,1123,12,5515,748500,7,6,8,4,6,6,6,5,48
SIOLOKXI1,ももちこ,HWJ8XPW0T,箱推しなのだけど,1095,2,5516,748250,8,5,7,4,6,6,7,7,50
9XX2VT6R6,koncin,N83DW3NYG,†極最強倶楽部†,400,0,5517,748000,7,5,7,5,7,7,8,9,55
RYDUD8RA7,さくらざか,85D411XNB,蓮っ子の集い,1023,15,5518,747750,10,9,10,7,10,9,8,10,73
6SHZ8O7IE,ミム,0XUV5025C,めぐめぐバブり隊,1137,3,5519,747500,7,8,7,6,7,6,8,8,57
RNVUOFOKA,みなとり,0R8BXPRC1,ポチっ！とクラブ,1033,5,5520,747250,7,7,7,4,6,5,6,7,49
P8XF9YL94,まどり,GWGDMA3YC,初心者無言自由だ,845,3,5521,747000,7,8,9,10,8,8,7,10,67
94JLM5EB9,Shin,0YLUK30K6,蓮っコの集い,959,6,5521,747000,7,6,9,4,6,6,7,7,52
KAAZ21LKD,午後のめぐ,8FR866PRY,蓮っ子みらくラブ,1108,5,5523,746750,4,4,7,6,9,10,6,7,53
9SWQR4QN1,なつかわ,PDMPF3VVV,r/LL,1453,4,5523,746750,5,5,7,2,6,4,7,10,46
UGUAF2TDN,上班不彈下班彈,AWFDLJ1HC,小蓮花（重生版x,973,15,5525,746500,4,4,5,8,5,9,6,5,46
J5UUTCKXC,ぴんそん,5BBPP71B1,ぴんそん,1028,6,5526,746250,7,8,7,5,7,5,7,9,55
L4LLV7RER,ウニ,BT22M41DV,梢花帆吟子同好会,994,9,5527,746000,1,2,3,1,2,1,3,1,14
J6K83E5J5,さけはる,D7H8MN2U4,LLD,1349,4,5528,745750,9,8,10,5,8,9,10,9,68
BCMF8FN1U,メガネ,7UAN6RT0D,さや弁食べたい,1108,13,5529,745500,3,4,8,3,8,4,8,8,46
D49EAEA5N,あすら,RAP9FVR3B,あばうといち,1006,3,5529,745500,5,4,5,1,2,1,6,5,29
WMJ9LDTMW,オタクの極み,K8C99H42D,ルリと喜ド！愛楽,959,4,5531,745250,7,6,7,6,8,6,7,7,54
C8UYWMR9N,MEGAMAN2,FDU1F9PUW,海の幸,979,3,5532,745000,2,5,6,9,9,4,6,5,46
AADRR31X2,Let's,M206VENTF,蓮紺の会,995,0,5533,744750,5,7,10,5,9,7,7,9,59
VNR2625D5,TK,AHE0E3JND,ありがと！にひっ,1021,2,5533,744750,5,7,9,1,8,4,9,9,52
GSXYVJCON,ユナノ,HKTEMRDA9,qq,1213,5,5535,744500,6,7,9,7,9,7,7,5,57
K8YHXKXC4,yuany,9U8KNU6U9,対抗戦用,859,0,5536,744250,7,5,8,7,6,5,6,8,52
295TZPGNQ,ムルムル,HNC6HDEMJ,星待ち部,1005,4,5537,744000,5,5,6,6,7,5,9,7,50
JS5PSBIYS,8888,VB9VUYC97,JIMOAI,1056,12,5537,744000,6,6,8,7,7,7,7,8,56
L010NNM8T,たみ,08DDCV5JN,黒ねこのしっぽ,372,0,5537,744000,10,9,9,10,9,7,8,5,67
N3Y7UY795,soo,XXVVJY6FE,はぴぱれ,504,0,5540,743750,8,6,8,5,6,5,8,8,54
KSZHG80JF,かわ,HYW8FP2GR,ちゅけ会,1058,13,5541,743250,7,6,7,8,7,7,6,7,55
3JN7VF6JA,わっちゅあね？,HPTHY23VR,蓮ノ空文芸部,444,0,5542,743000,8,6,5,6,7,7,6,7,52
AGE6RTXGC,しにふぃあん,NX9KJK529,虹ヶ咲学園,432,0,5543,742750,10,10,9,10,9,10,7,10,75
PDPJUGHGY,cloud,AGJ215YND,蓮の空中國分校,637,4,5543,742750,2,1,4,4,4,5,4,4,28
8HAGVPC9Q,ラブダイバー,NA8FEYN0M,蓮ノ空飲酒クラブ,1119,2,5545,742500,7,7,7,6,7,7,7,9,57
1U0DNTRKH,みささぎ,WWWUTP96L,異次元からキマシ,994,4,5545,742500,8,7,5,4,6,5,7,5,47
ZM3MG4DLU,ヨッシー,422KR6BPC,推しを愛する者達,991,11,5547,742250,6,9,10,8,7,8,10,10,68
W7P41R6HA,ぴえんちゃん,1618JMRED,リンクラ自習室,740,3,5548,742000,3,3,8,4,3,1,4,4,30
XYOF53SSA,みすとん,P2J37FNLG,乙宗先生指導会,1414,15,5548,742000,4,4,7,5,4,4,6,7,41
BRZTZ85OY,みたこ,1UBNNHVLG,蓮箱推し（仮）,1297,10,5550,741750,6,2,3,4,7,5,4,7,38
AGC7T99HJ,山口の小林,YADX9DY49,ﾊｽﾉｿﾗｰ,1012,10,5551,741500,5,6,7,6,7,7,8,9,55
FLPTF3953,だむどむ,61UTNTRU1,初心者さん,986,11,5551,741500,8,6,8,7,7,7,8,8,59
8XJJ0CUGL,びっと,RM8AJWC7L,まったりゆったり,878,2,5553,741250,8,6,7,6,7,7,6,7,54
R915WM491,またたび,N2KCENRKH,猫＆旅大好き部,1259,14,5554,741000,8,7,7,6,8,8,6,7,57
22U7CKYDD,jun,WRFLMWL4U,映り込み金魚,979,3,5554,741000,5,7,8,7,7,6,7,8,55
2OI7RHX1I,エイジ,CEWV1CM7H,隣の芝刈り,1297,18,5556,740750,10,8,10,9,10,10,10,8,75
WXT7LUNCD,シンシン,HKETDDCK6,ぼっちざ蓮!!,912,4,5556,740750,7,3,8,6,6,4,7,5,46
DM4R9V74E,チャンジャ,GLP0WPDRM,イベント用の泥,1069,4,5558,740500,8,7,10,6,8,8,8,7,62
WJP7GPH5L,musiq,7R8NKPAB1,花帆推し倶楽部,1418,4,5559,740250,10,10,10,9,10,10,10,10,79
G557GBTEJ,ポテチップ,FJV83JWG5,CANVELS,1027,5,5560,740000,7,4,6,8,7,7,10,10,59
DWMUMH9HE,るかるあ,F31A07X4V,蓮ノ空福井分校,472,0,5560,740000,7,8,10,8,7,8,7,7,62
ZZ5O8E0M4,coldblue,9YG7C0VM7,綴理と無言で昼寝,1165,2,5562,739750,5,6,5,2,9,8,8,2,45
J6HN5XWOK,ねぎね,Y2HV0YEF7,蓮ノ空を応援し隊,1272,8,5563,739500,7,5,9,6,6,7,4,4,48
29X23DFF9,migse,A3X92L6YU,お試し用サークル,347,2,5563,739500,5,4,5,4,3,3,4,1,29
J9LEM6N17,h,GW4CH70HK,TKG同好会,1079,12,5563,739500,7,7,9,6,8,8,6,7,58
VSW63OWX2,はろすた*,WAT20PN3Y,こな党,1208,13,5566,739000,9,8,9,7,9,10,9,7,68
WNG4YNTXU,雄一狼,26CAPRWLJ,大倉庫救助隊,911,0,5567,738750,4,5,5,5,4,5,6,7,41
IIQEFT5KR,とらきち,2JK7E4115,ラ！推し,1152,7,5568,738500,4,5,7,7,8,7,7,9,54
2F12C709Y,なずな,8JMW9G2XW,僕らのリンクラ！,1156,11,5569,738250,3,2,7,5,8,2,4,7,38
2A02U5DGU,レスト,YADX9DY49,ﾊｽﾉｿﾗｰ,615,0,5570,738000,6,7,8,4,7,5,8,8,53
TKGCHB9Y7,Crane,KGDNX3EF3,ENcircle,658,0,5570,738000,10,5,9,5,2,7,8,8,54
TUC6D4UKK,azurite,N6LR8C7AE,泥の民,830,2,5570,738000,7,1,10,5,2,1,6,5,37
85N4HJ7A7,プラティ,J8HXTJ8TB,流し素麺同好会,1180,15,5573,737750,5,5,7,9,7,5,8,8,54
8ZIV410CI,ひよこまめ,NLB84DYBF,下松系拉麺同好会,1046,2,5574,737500,4,4,6,5,5,7,7,7,45
9FMHBFB5B,さぶろう,07WJ3V6EC,ハスノコ,1021,0,5575,737250,8,6,7,6,7,7,7,9,57
4C2SLKC2D,まふ,E58FYF67C,ロータスランド,1468,12,5575,737250,7,5,8,4,9,8,10,10,61
B95E9URBE,はぎの,R7VEXFUBP,蓮ノ空応援クラブ,1176,9,5577,736750,8,7,7,7,8,9,7,9,62
P9MUAHW43,室長室長,AG9PKMMC3,ぱかぱか同好会,1019,6,5577,736750,6,6,8,5,9,7,8,8,57
63580F48J,dark(堕悪),H4FK3UYY2,揺蕩藍玉,1377,14,5579,736500,4,6,7,7,5,4,9,7,49
K4178HGYW,あかはね,TKY73B47T,FREE,461,0,5580,736250,4,5,4,5,4,4,3,5,34
M8936BF27,みりん,NJBBTCY3A,かにかに！,603,0,5581,736000,7,7,7,6,7,7,7,7,55
UXA7LL5TI,YMI,06DCWC1RE,とりあえず参戦用,1326,15,5581,736000,10,10,10,7,9,9,10,10,75
AAEEJUNDF,た,C68491XHB,みらくらぽーく！,494,1,5583,735750,1,4,8,2,4,7,4,1,31
WEF340F6V,カラフル,VLY5JDKCV,新規なのだけれど,506,0,5584,735500,4,5,6,5,2,4,6,7,39
V1G7A7NAB,らんらん,J5CKL5YPX,ログイン勢かもん,1167,3,5585,735250,5,4,7,7,4,4,7,9,47
C7EXYN3VN,瑞河喜歓部員,WCL6R1ANU,無所属の会,723,0,5585,735250,7,7,9,4,7,7,8,7,56
3CTSRTTHI,秋谷すばる,CM5THHYHB,「」ノ空だけれど,1273,11,5587,735000,8,7,8,7,7,7,9,10,63
GU83BC4PM,るなてぃっく,998H940YN,お嬢様筋トレ部,1051,10,5588,734750,4,5,9,8,9,7,7,8,57
P90NT4DM3,かんだた,1EL57CDR0,なんもわからん,1052,0,5588,734750,3,7,7,2,9,4,8,8,48
FIGD0IICD,にぼし✴︎,9JTF508LB,スクスタ亡霊部,881,2,5588,734750,8,5,7,7,8,8,9,9,61
G408XWDMP,かぐや,G59NGM0XA,シュリーレン,1242,6,5591,734000,8,6,9,4,7,7,10,10,61
RT09FTY9G,ナガツキ,TDHKGHFPA,無言参加○！,1098,2,5591,734000,7,7,6,5,8,10,6,5,54
H04SXGJ26,かざっち,8M2MFU9U0,リンクライブ,1122,1,5593,733750,6,4,8,5,7,6,8,8,52
XYLR81X8M,ruirui,N1DJVPGP8,いつでも咲けるよ,979,9,5594,733500,5,5,6,10,7,9,7,5,54
32AP7TDVJ,めんま,XA0XD41CM,ぼっちぼっち,423,0,5595,733250,4,4,4,2,6,5,3,8,36
HKEXR26RP,ういれん,1D7T2UXC2,無言でのんびり,1161,7,5595,733250,7,7,6,4,10,10,10,10,64
QJ1Y1B4V3,潜伏者,G8F0M2PH2,アフターウォール,1056,0,5595,733250,7,6,7,4,6,7,7,7,51
J45KKSJ6F,かざはなつばさ,36T6UB6YA,まったり箱推し部,1125,5,5598,732750,5,6,8,7,7,5,6,7,51
JXKD706VJ,くらゆい,2JK7E4115,ラ！推し,693,2,5598,732750,9,9,7,6,7,5,7,6,56
FJKADNEPH,卯月,FNMV166UY,蓮ノ空喫茶部,1058,13,5600,732500,5,7,6,5,6,7,10,9,55
YWHXYFJ3H,saya的牛油果,J800VVPTN,Aqours,962,13,5601,732250,7,7,8,7,6,7,7,6,55
A5FVKTVAV,ララ大法よし,97BGFLKW9,◯◯◯,524,2,5602,732000,4,1,6,6,5,5,5,5,37
UC3TQZQOH,Wumbo,60KU468X3,はっすーず,740,0,5603,731750,5,6,7,4,4,6,9,5,46
1WBVMELB2,三四,LY0XPW7NL,元カノ概念強火派,1162,13,5603,731750,9,7,8,5,7,6,7,7,56
H0XH70J0K,つぶあん,E1HVJ71JR,ご自由にどうぞ,891,3,5605,731500,4,5,5,9,5,1,6,7,42
F7OATNWQO,ハイヤード｢｣,CM5THHYHB,「」ノ空だけれど,1123,4,5606,731250,7,7,8,5,7,8,7,8,57
JU4RNMVNS,ゆず湯,D7H8MN2U4,LLD,1151,9,5607,730750,1,2,1,1,2,1,2,1,11
X8TE22AK9,わいさん,N7GLY2RUW,百生銀行,677,0,5607,730750,9,9,9,10,9,8,7,8,69
7ZOKQ86NN,健康一番,T8VBF8R47,3501E,1042,1,5609,730500,5,6,5,6,6,8,9,9,54
C8L5PCUQK,ナオ,5L5TJF7YV,蓮ノ空女学院寮,998,2,5610,730250,5,5,5,4,2,4,9,5,39
12FNY5ECD,やなぎもと,C6V311T2P,LotuSky,1063,1,5610,730250,7,6,8,5,7,5,7,7,52
GB8NWP676,CRハーモニー,TBL5BPL2T,蓮ノ空と明日の空,1010,9,5612,730000,9,9,9,6,9,6,9,8,65
BJ81H0BBC,パギー,0R8BXPRC1,ポチっ！とクラブ,991,2,5612,730000,6,6,8,4,3,4,8,5,44
F8H7K8DWR,カンベエ,M206VENTF,蓮紺の会,918,4,5614,729750,8,5,5,6,7,4,9,10,54
W5MNEVWF3,ゆう,WHWT61ELR,【無言】ハスノソ,1101,6,5615,729250,7,7,5,5,7,8,8,7,54
EHLVHAFWG,バサラ,CWPWP1266,さすさや,910,2,5616,729000,4,5,9,5,6,5,8,7,49
6UF1PUWN0,脱力,AR9HR528A,いろいろ実況,752,0,5617,728750,5,7,10,5,7,5,7,9,55
BRM0EFMH0,Shall,UMG1B9C7V,蓮ノ空女学院,514,0,5617,728750,5,2,6,1,4,5,6,5,34
1HWBHPYRV,TileBZ,TXNCTRR1U,瑠璃乃推し隊,775,0,5619,728500,7,7,8,6,8,6,5,1,48
H5V0MEMRU,イモ子,0CEA9XFKR,蓮ノ空の泥人会,1189,7,5620,728250,9,8,9,6,7,8,8,8,63
EWDLLDM42,ぺこりーの,8MTLYLH9F,木星月華黄金宮,1073,0,5621,728000,9,8,10,5,10,7,10,9,68
D8J6GM5YW,たま(ざらし),YD2XWWFA4,蓮好き好きクラブ,840,0,5622,727750,7,7,9,4,4,6,8,4,49
8GBLTVNND,ガンジー,8M6UDX260,ぽけもん好き,884,1,5623,727500,6,7,9,4,6,4,7,5,48
5FP179D2A,サウナおじさん,NLB84DYBF,下松系拉麺同好会,882,0,5624,727250,8,6,8,5,6,7,7,5,52
413EV1YU8,redsonic,MJX5YVH56,日豊本線ソロの会,1175,5,5624,727250,8,8,8,7,8,8,6,7,60
8E9593TDB,Chika,M8FM7P139,蓮ノ空ひとり旅部,652,0,5626,727000,4,4,4,4,4,4,6,5,35
13LYE1NLB,ベントン,VLFPHNHL1,自分用,253,0,5627,726750,1,3,8,9,3,4,3,2,33
8HA18T0XK,AiRA,AXG81GPMP,蓮ノ空マタギ部,765,0,5628,726500,1,1,1,8,2,2,4,4,23
5DRETR5CR,いさどり,YMKU30246,参加賞がほしい,426,0,5628,726500,9,6,10,6,4,6,7,4,52
47TU8RA5T,胡散,FLFXP0T22,沼津内浦メンバー,1037,5,5630,726250,7,7,10,9,8,9,9,8,67
8WAANNMFS,柊,HH93ADAW3,無言自由。,889,2,5631,726000,5,10,10,1,5,9,7,8,55
QUKL6LTS5,ずお,H6CCL64P9,NATTO,1116,13,5631,726000,10,10,10,9,8,9,10,10,76
M10T39KTE,さくら,8BAYBXUXC,スリブ大好き♪,492,2,5633,725750,3,4,7,5,3,3,3,5,33
WN4V6M16V,カーカー,8NFDBY4L5,浄龍桐生会,786,0,5633,725750,7,8,8,6,6,6,6,7,54
CP45O0T6V,ZR-7,7PJY920KD,むじな部,962,8,5635,725500,1,1,9,5,6,6,6,5,39
NH9VYH7AT,ヤムハイゼン,JWJ1UK0RC,猿ノ空男学院,1008,10,5636,725250,1,5,1,1,6,1,6,5,26
2GFC7Z2GL,ぎわっしー,K4TAHF9YA,はすっこ準備室,1403,14,5636,725250,9,9,10,8,10,10,10,10,76
NNGDLRV0S,かるば〜と,Y2P9LABR2,スクステ同好会③,1013,2,5638,725000,8,7,8,7,10,9,2,7,58
90BVR94X0,たらこ,W09WBG3HY,どろんちゅ,958,6,5639,724750,7,7,7,2,2,9,8,9,51
L1A0V6WAV,nico,F2M746D4B,頑張らないクラブ,1001,2,5640,724500,6,4,7,4,5,3,10,10,49
25757CMHL,カワ,6U5YRWNNY,あすて☆りずむ♪,1117,3,5641,724250,5,5,6,4,5,4,5,5,39
RBLR54GKN,信,EDBAMWXWB,ふごくらぱーく！,762,6,5641,724250,10,10,7,2,2,1,3,1,36
LF922UWW9,歩輪いと,WFPA7YJE1,蓮ノ空文芸部,1081,5,5643,724000,9,6,7,7,9,9,10,9,66
5A89FFJF3,ショウ,N94LEWF2D,無言よわよわの会,479,0,5643,724000,8,7,7,5,3,2,6,1,39
ENE3AW5F5,りお,9RYR14H9L,ソロマターリ,1117,9,5645,723750,6,6,9,4,7,7,9,8,56
2PVPIAR6I,Ｄ．松本,LTDG4PP96,ハッスルノ空学院,1045,7,5646,723500,1,2,8,1,7,8,7,10,44
067EAD2RU,時崎咸鱼三,X33HHA9F8,アルストロメリア,868,8,5647,723250,3,3,8,9,6,5,6,8,48
8DN9WU31N,ひなぎ,T40RLPJ4A,スリブ好き好き,830,0,5648,723000,5,7,9,5,6,7,6,5,50
ED98CXADB,ゆきむら,53M4V2BVG,吟子の髪飾り,727,3,5649,722750,7,6,6,9,4,7,5,2,46
7KHXNPAWW,いろはす,N1DJVPGP8,いつでも咲けるよ,1184,4,5650,722500,5,6,8,4,9,4,8,7,51
368AM4V9C,黒牙,CWPWP1266,さすさや,424,0,5650,722500,10,10,10,10,8,10,10,10,78
DTOBHH6DR,Ima,N7J2R9JDN,ログイン目標勢!,415,0,5652,722250,7,5,5,4,4,5,6,7,43
G8J92XYF7,チョコザイ,EJY6B26D1,After見たい,475,2,5653,722000,7,4,6,7,2,5,5,4,40
8LMRG3WY0,シンヤナかほ,AWFDLJ1HC,小蓮花（重生版x,686,2,5654,721750,6,10,2,2,2,1,2,1,26
C8KNE18J6,アイ,KGY709ULG,蓮の花束,1131,13,5655,721250,9,7,8,8,8,9,7,8,64
T43L504ND,パッキー,FMKP92LRL,目が霞む人達,995,7,5655,721250,8,8,10,7,8,8,8,7,64
RWDXFA3T5,サヤカホ,7NJM1VURM,らんるん部。,437,0,5657,721000,8,8,9,7,7,8,7,8,62
FDPLXY4SI,な,H5EKCWG1W,な,1182,11,5657,721000,8,8,8,8,8,8,8,8,64
1HFURKD0J,ざる,M851LEV3N,なっす父兄,985,0,5659,720500,7,7,7,4,6,5,7,7,50
L51E3JHJP,サスガ,3RH5MYBXV,こずめぐ党,1132,2,5659,720500,7,7,8,7,8,10,7,8,62
HZDPQN12V,ぼたん,G59NGM0XA,シュリーレン,1164,3,5661,720000,9,9,9,8,8,9,9,9,70
MM3BJWEWH,D5,3BE2RELRC,見晴台,479,0,5662,719750,7,7,7,5,6,6,8,10,56
2C5M0GLC8,sylnyma,4RNUXBXGL,みらぱ最推し,368,1,5663,719500,2,1,6,4,4,7,3,7,34
APNNN1TTL,non,TTDBXERCU,蓮ノ空 全力応援,611,4,5663,719500,9,5,1,3,6,3,4,5,36
MU3UEHP62,りいん,2VJG66JTH,まったり,1027,8,5665,719250,5,3,5,4,2,7,7,7,40
R2KHWOB68,ひやあつうどん,4XRHRYDW4,無言でエンジョイ,1337,13,5666,719000,10,10,10,7,10,10,10,8,75
ANQQRFD4G,よっしん！,1DU9LCND7,蓮ノ空すこやか部,1165,2,5667,718750,5,4,6,4,7,6,6,7,45
KV8OEFAVO,ほののん,BT22M41DV,梢花帆吟子同好会,1047,13,5668,718500,7,6,8,7,5,5,7,5,50
NB3WHDF34,Blue0v0,GWGDMA3YC,初心者無言自由だ,334,0,5669,718250,7,8,8,8,10,8,7,7,63
EDEH80T27,虚無田,K69M1X95F,アイリス,823,0,5670,718000,5,4,7,4,7,7,6,7,47
1H9JO3P85,緩田(ゆるた),XR2P2LDY3,蓮ノ空さいきょー,1278,2,5670,718000,7,8,10,4,6,6,9,9,59
EP02CPKK3,らららら,CY3GGDH7H,㍿キモ・オタク,227,0,5672,717750,6,6,7,5,7,4,7,5,47
N1W147J20,こあ3.0,95031TR10,ひめぎん文化会館,939,2,5673,717250,8,7,10,9,8,9,10,10,71
3VUR455U5,きんつば,TB7GJ57D7,シャイニーフラワ,975,6,5673,717250,4,1,4,4,7,4,6,7,37
BATXTYUA0,一之瀬りと,UCF93JAPM,スワンプマン,1400,4,5675,717000,7,7,8,7,7,6,8,9,59
UR4BU21CX,白銀アクア,ABALH0AL3,楽園計画,886,1,5676,716750,5,5,7,4,6,5,8,7,47
TRC308L13,讖釁鬱,BXJ6WV4TB,中国club,802,6,5677,716500,8,7,9,6,7,8,6,5,56
91NNLE1R2,ハムカツ丸,57HNJ07NK,みらぱ推活最前列,1138,13,5677,716500,5,7,4,4,9,8,9,8,54
3PYG884Z1,KiKO,WHWT61ELR,【無言】ハスノソ,1090,12,5677,716500,7,8,7,4,8,5,6,5,50
1L4XNEVSK,病田むうま,58FD7UF8J,としとしサークル,816,0,5680,716250,1,4,6,4,4,4,7,6,36
FE48GFF93,のーちゃん,GW4CH70HK,TKG同好会,922,2,5681,716000,7,8,8,4,6,7,7,7,54
LAPE8E344,さとぷりお,D1YHB0B1A,BWO,722,1,5682,715750,1,2,1,5,7,2,2,1,21
0ETBXRL4J,ふうりん,ELTW62751,安全バーは君の腕,536,1,5682,715750,1,2,1,1,2,6,2,10,25
4UA64NN89,トーコウ,RM7N1JDB5,無言推奨不干渉会,1213,16,5684,715500,9,7,10,10,10,10,9,10,75
N20TCG49R,くり,GH6M8L3F4,きれいな夜だね,627,1,5685,715250,6,5,9,5,8,3,4,1,41
AG9UGHCDJ,黒麦茶,EA7H8Y91R,てきとー,1121,11,5686,715000,4,6,7,4,7,4,1,7,40
WVPC97YAQ,いちご,08NLGTWVL,みかんじゅーす,496,0,5686,715000,7,7,8,7,7,8,6,5,55
ESN4XW5BC,4QF,Y2P9LABR2,スクステ同好会③,1055,12,5688,714750,4,4,2,1,8,1,7,7,34
6M4GJJIWC,つみ,VXDPPJJL1,蓮ノ空リボ課金部,932,2,5689,714500,2,2,6,5,6,3,7,5,36
G7ABMLKPB,桜 颯 か も,XXMU9WLKB,梢の機械さん,881,2,5689,714500,4,6,5,5,6,4,9,8,47
XBR2OWDWF,あかい彗星,W3F0URUJC,梢先輩応援団,1212,7,5691,714250,4,6,9,7,4,4,9,8,51
F7JBBR0LD,蘭,95031TR10,ひめぎん文化会館,764,0,5692,714000,7,8,8,6,7,8,8,8,60
3BWEVDR9D,ハジメ,Y2R7E79U3,カワウソ同好会,1176,7,5693,713750,8,7,7,6,10,9,9,8,64
9FW3AWTMK,Y,48GTYR1VB,ハラショー！,622,0,5693,713750,10,9,10,7,6,6,7,6,61
3XJ7C6INA,ユミル,7VRH415VM,リンクラ部,1139,5,5695,713500,8,7,10,7,7,7,7,8,61
D2YRHXX88,ユキ,YL2ELYC4U,さや…好きだよ…,945,3,5695,713500,5,6,7,4,6,5,8,8,49
P2TE9HPP9,その辺のライバー,MV7XM9K9K,行き場無い流れ者,1081,5,5697,713000,5,6,8,7,7,7,8,8,56
MTW3ERAFZ,ゆーと,WLFW6UCX5,無敵級ビリーバー,937,12,5698,712750,2,1,6,5,4,1,6,4,29
888HLADHY,かるめら,97BGFLKW9,◯◯◯,207,0,5699,712500,4,8,5,5,6,7,7,1,43
76XHC8PDW,レモネ,Y2HV0YEF7,蓮ノ空を応援し隊,1140,7,5699,712500,4,4,4,5,4,4,7,1,33
8HR8DH3X2,水めろん@せー跳,2K5AM4RV0,とろぺりです,287,0,5701,712250,6,6,9,10,5,4,10,2,52
NWGKGF5NB,おとうふ,KC1W74B9B,蓮六園,433,2,5702,712000,4,5,6,2,4,1,4,1,27
LDAK66P9A,ミケ,K8C99H42D,ルリと喜ド！愛楽,1279,7,5702,712000,8,8,10,7,8,8,9,9,67
4MZNNKWDP,Ginga,58FD7UF8J,としとしサークル,898,6,5704,711750,5,6,8,5,4,5,6,4,43
H2RJBHU7B,ミズナラ,0DVRLAA76,かがやききらめき,1369,15,5705,711500,10,10,10,10,10,10,10,10,80
KCT0FD3B4,こえ,PH0YEPJD8,蓮ノ空北國金沢,1018,13,5706,711250,8,9,9,8,7,10,7,5,63
YR4FLPJJC,しなもん,BHW3RTLYB,カワウソ小屋,1070,2,5707,711000,6,6,4,7,4,5,5,5,42
CP343090G,Arisera,88DJ300PJ,めぐ党 • 永遠,1331,7,5707,711000,9,9,7,7,7,7,7,10,63
32TPUTDWM,いそじん,0B8RTHY4D,のんびり屋さん,1160,16,5709,710750,9,10,8,10,10,10,10,10,77
8LOXBI7PZ,せんり,H0DV3JJGA,かほさやてぇてぇ,1183,16,5710,710500,2,6,7,2,6,3,9,8,43
THE8S8TE1,フォレスタ,JTX1G19BP,さやかほ癒し会,1156,8,5710,710500,6,6,7,7,8,7,8,6,55
HIFW6UHU3,とにお,PRY4573W6,報酬用,1026,1,5710,710500,8,6,9,4,7,5,8,8,55
F49LPAD0K,文野,BTVC9G95X,FES用,894,1,5713,710250,6,2,5,1,6,1,6,8,35
YI2WNR7N7,ぬいこ,F2CFWVMY9,藤島め組,1496,14,5714,710000,10,7,7,8,2,4,8,8,54
Z8KC9OBAI,はる,WBXF9XXW7,さやつづ愛でる会,1086,15,5715,709750,5,4,7,7,9,9,4,1,46
LBCPD48F5,Siyuu,UHWA4YLWP,蓮ノ空を見守る会,699,2,5716,709500,4,4,7,2,5,9,3,4,38
WL1IB1KUP,ポール,X4G2LXJB4,運命の人5万人,1006,8,5717,709250,6,6,6,6,5,8,10,10,57
MF4ZXNDEE,けいしょう,WHWT61ELR,【無言】ハスノソ,1220,8,5718,709000,7,8,9,5,8,6,9,8,60
XYCFFZXK5,でぃー,KC1W74B9B,蓮六園,1150,9,5718,709000,9,9,10,8,8,8,10,10,72
FF641AE2F,カラフルしゃけ,KGY709ULG,蓮の花束,276,0,5720,708750,6,10,10,6,10,10,10,7,69
CT9RJ4NMU,ねーやん,7R8NKPAB1,花帆推し倶楽部,977,1,5720,708750,6,4,7,4,2,1,4,7,35
JV73YFW1J,やなけん,06A0GBYLL,ロータスNHK,1486,3,5722,708500,9,9,9,6,8,8,8,10,67
WIVPV38TQ,トムラヤマ,WX1DYC9Y1,ラナンキュラス,1421,11,5722,708500,5,3,9,7,7,6,6,10,53
W6VKM886H,ベル,F2M746D4B,頑張らないクラブ,1016,5,5724,708250,4,2,5,1,2,1,4,1,20
XVADQFLJ6,kero,LHXNEF3D5,まるまるサークル,1178,10,5725,708000,6,7,8,8,7,7,10,10,63
BCNFX00D0,その,865UE9UC6,蓮ノ空うどん部,978,4,5726,707500,4,9,7,4,4,4,7,5,44
CLHG7F2EL,すけきょー,B14R5YE13,ドルチェスター,816,0,5727,707250,7,6,9,9,6,5,7,7,56
O0JXFKP5W,スウ,V7768X8AC,せーので！,1429,18,5727,707250,10,10,10,10,10,10,10,10,80
APHJQ7NPO,自販機18号,63AKA05VR,まったりGngy,762,2,5729,707000,7,10,7,5,4,4,6,7,50
4ZRPIW1AP,たると,9YG7C0VM7,綴理と無言で昼寝,1173,12,5730,706750,8,7,8,7,7,10,8,8,63
JE6681K3T,ステリン,H0DV3JJGA,かほさやてぇてぇ,1183,3,5731,706500,5,7,5,7,10,8,4,5,51
U08FCV20M,雪花,G8EE23LB9,虹ノ空クラブ,943,2,5732,706250,5,5,5,1,4,4,7,4,35
PEM9EFPCB,ひつじ,ABALH0AL3,楽園計画,875,7,5733,706000,1,5,6,1,4,4,7,5,33
NXN5DLGR6,はるうさぎ,DXDET4VJ3,ひめっち対よろ！,765,2,5734,705750,6,7,8,4,6,10,9,5,55
DUWJPGCA1,こう,G59NGM0XA,シュリーレン,1303,9,5734,705750,10,10,10,10,10,10,10,10,80
U8J56IRN4,かけけけ,GK7JNB0NW,参加賞取り隊,1043,12,5736,705250,5,7,8,6,6,5,6,8,51
BF5D7HWTE,スケマサ,BT3GEWM5L,ささやか村の集い,1044,12,5737,705000,6,10,6,6,9,6,7,6,56
8FD8K7V2G,かすたねっと,T8X0G07YB,なければ立てる！,1384,15,5737,705000,10,10,10,10,10,10,10,10,80
FJTW9C809,うしをな,866DU609J,ラ！スレ@may,1084,4,5739,704750,4,4,6,4,2,6,8,9,43
JPA431T5R,すらいむ,EECF9C0N3,蓮ノ空　茨城分校,1025,0,5740,704250,7,5,7,4,6,5,6,8,48
DUW26R9WB,xuxian,6MWHCNJE8,蓮之空小賣部,631,2,5740,704250,1,2,9,1,7,8,4,8,40
UNJMX2FV5,てるお,N2KCENRKH,猫＆旅大好き部,1136,3,5742,704000,4,6,7,1,6,4,7,7,42
LDN01K65D,てんつく,GPKTRBCTT,騎空団蓮ノ空支部,892,0,5743,703750,7,7,7,5,8,8,4,6,52
9H44N6RNT,もなこ,K95YH6P1C,蓮ノ空泥の会,1167,7,5744,703000,2,2,7,4,5,4,7,9,40
CY05UKJKX,サンアナ,G6EH0KHT7,なんもわからん,408,0,5745,702750,10,7,5,6,4,4,6,4,46
4GK3B17G8,今富吉人,N0JXLUDHV,そろ,995,10,5745,702750,6,10,9,10,10,10,10,7,72
K35EWCC0K,よしぶ,CCACL2CMM,無限城,754,5,5747,702500,10,10,10,10,10,10,7,4,71
3XL963EHO,ダンクウ,YK0X6N2HN,無言OK出入自由,1274,14,5748,702250,8,7,7,7,9,8,8,8,62
MM4J3L0W0,めろんさわー,1UBNNHVLG,蓮箱推し（仮）,971,8,5749,701750,4,4,4,4,4,4,4,5,33
X0AEMWJ59,さくさく,DW13FCXPT,Mulbungs,1080,0,5749,701750,5,5,6,7,6,7,8,8,52
BL6J7SDWI,ハマゲン,DH97ANN9G,ツキマカセ,1005,12,5751,701500,1,2,9,4,4,8,9,8,45
TVBX82417,ラテ,TXNCTRR1U,瑠璃乃推し隊,1135,4,5752,701250,4,5,10,1,9,7,7,7,50
85LYH31MR,Y,9C2FC74H2,overseas,1002,9,5752,701250,8,7,7,7,7,7,6,7,56
RWKK2U3TN,てっさ,RMT97FJ61,まったり　無言,810,0,5754,701000,5,7,9,6,5,6,8,8,54
7K8BJVRLH,ももな,8VGXWTV3U,R.opRizm,863,3,5755,700750,6,2,4,1,2,1,2,5,23
4MTXHGU4A,ハルーン,KULVP7FDR,アニマル分室,944,3,5756,700500,5,7,6,4,6,7,7,7,49
LJ6GJ20D3,頭から出血,AHE0E3JND,ありがと！にひっ,366,0,5757,700250,4,7,4,4,2,1,5,4,31
8WZJM0HXM,Marineya,8R49BTWW6,蓮女お嬢様クラブ,1333,15,5758,700000,6,6,8,6,7,7,10,10,60
Q2PK79FU5,銀色彗星,0XUV5025C,めぐめぐバブり隊,1174,4,5759,699750,4,1,1,1,6,4,4,5,26
0RZCU4QHV,素足靴下,P01RCC6L2,まったーり,748,3,5759,699750,2,3,4,7,5,4,3,1,29
F3Y0LENBG,コトブキ,BW79WAK8Y,片道450㌔,841,3,5761,699500,6,10,9,1,7,4,6,5,48
L0GGMVF58,るあー,AC94W0LN2,無言で自由に,457,2,5762,699250,2,9,4,1,6,4,5,4,35
99CZM3GLJ,glan,3194B9E93,初心者寄り合い所,548,0,5763,699000,5,6,7,6,4,4,5,2,39
1A0NKC4CB,Graphite,VPYHCBY6H,DJかちまち,1112,18,5763,699000,10,7,8,8,8,8,10,9,68
5R50K78UM,りり,PB3TBGV6N,いちご大福,1255,17,5765,698750,10,10,10,10,10,10,10,10,80
W5NFE9GVE,メジェド,W9V6VTXAN,梢先輩の歌声好き,480,2,5766,698500,10,5,10,8,6,10,6,10,65
7BX6U2QTN,サムカワ,VR8J8A3CG,なし,1259,17,5767,698250,9,9,9,8,9,10,8,9,71
UYPFL66G7,まんじゅう,BW38LDPRF,蓮浦の星空,328,0,5767,698250,4,9,9,3,8,3,2,8,46
XGL0PN4G0,コメライハン,Y7KJ3PM8P,蓮すきすき同好会,1009,12,5767,698250,4,6,5,7,8,6,6,5,47
X0L5BX6M8,そいそーす,JXN6XJAFK,ぼくなんなの,835,2,5770,698000,7,6,5,4,7,6,3,5,43
4RHPYKEV8,すみ,43HRXMXWA,無言OKクラブ,825,0,5771,697750,4,4,7,4,1,4,6,7,37
ZAS5BX8K6,ヨキソバ,8MDA3A0AK,イベント用,706,2,5772,697500,6,2,6,2,6,5,8,10,45
U9GT1MYFB,よし,NJBBTCY3A,かにかに！,883,0,5773,697250,8,7,8,5,7,5,8,8,56
LEHKGGDKL,clro,41FW8E9RA,誰推しでも,580,0,5774,697000,5,7,6,5,5,4,6,4,42
TFB1M96P1,EDstree,J80MEYHBC,Nymphaea,1120,13,5774,697000,8,7,8,6,8,7,8,8,60
2OCF8J22U,潤さんの葱豆腐,X8YD59KBX,16代目いぶき組,1280,9,5776,696750,10,10,10,7,8,9,8,8,70
C8KWAA17X,たこ,E76N52LMW,イベントのみ,885,5,5777,696500,4,3,7,7,3,2,3,5,34
F38URJUEF,ハヤ,60KU468X3,はっすーず,848,2,5777,696500,4,4,8,4,5,5,8,1,39
P69DJ2TAW,MIKEMIKE,TFGKYEY98,LLP JR,639,2,5779,696250,4,5,6,9,6,4,7,8,49
HKPFPFWYT,真奈,W3F0URUJC,梢先輩応援団,701,6,5780,696000,1,8,4,1,7,10,6,8,45
GVLG9KJVE,たかちゃん,E050K9859,蓮党,939,3,5781,695750,7,5,10,5,6,6,7,8,54
DUCJ976GB,やこ,L28X4MDJN,アフター観たいぞ,986,8,5782,695250,4,5,7,4,6,5,6,7,44
VRLB6LKOI,もんますぱ,WBW66DMUB,るりめぐ研究所,712,1,5783,695000,1,4,4,1,4,4,4,5,27
CKRW2M0L3,たる,YWN5T422X,Hagukiねこ,421,0,5783,695000,4,10,8,5,10,4,10,10,61
JLG13G40P,ごちやま,D571XHDER,蓮ノ空地域鉄道部,693,0,5783,695000,10,8,9,7,8,8,8,8,66
M35MP8YCY,guma,AR9HR528A,いろいろ実況,720,1,5786,694750,1,2,5,4,9,4,2,1,28
7EHR6G358,おか,J0PT5EX42,スクスタモ部,332,0,5787,694500,7,8,8,4,5,4,7,7,50
EVKMNTFX8,ことソロ,8VGXWTV3U,R.opRizm,869,5,5788,694250,5,5,4,4,4,4,3,5,34
9PF2CD2KM,tama8101,XTMGPY62U,スクステ初心者,979,2,5789,694000,7,8,7,6,7,8,6,6,55
JDCJWDH51,りそな,9P9EPKFHE,無言参加OK,358,0,5790,693750,10,8,5,4,5,6,7,7,52
6O0VDC9AU,三毛猫,NT82L1V35,好き好きクラブ,984,8,5790,693750,5,5,8,4,5,4,5,4,40
BWNMNHMNJ,せれあ,DYA2LK0KK,ろーたすぺたる,899,6,5792,693500,1,1,10,1,7,1,3,10,34
7N3C26NRR,2262z2,TFGKYEY98,LLP JR,927,0,5792,693500,5,6,7,7,6,5,8,5,49
RG2BLM8MV,わーおいー,WUK7VF22K,はすのとなり,660,3,5794,693250,3,2,7,6,4,2,6,9,39
U8E2JF3J6,レンド,C2XLWUTL1,夕霧綴理親衛隊,589,0,5795,693000,3,3,3,3,2,2,7,7,30
U1WMRJCJP,きつねうどん,G59NGM0XA,シュリーレン,874,3,5795,693000,4,5,7,5,2,4,7,6,40
81ENCW5SQ,くま,J8HXTJ8TB,流し素麺同好会,1270,3,5797,692500,9,10,9,10,9,10,9,8,74
XDCIT9E2H,マーチン,36DAM7HBL,蓮隠れノ里,1262,13,5798,692250,10,10,10,9,10,9,9,10,77
R3PC0R627,びーと,4FXPC55PY,PPIHクラブ,926,4,5798,692250,10,10,10,7,10,8,8,9,72
B4V1RD5J8,JIN,VP0K6KF0K,蓮ノ空大好き!!,792,0,5800,692000,6,9,5,8,8,9,2,4,51
GKYU09AD1,梢,DKNHY5HH6,なす料理研究会,425,2,5800,692000,4,6,3,1,4,3,4,1,26
3XB9ET9L2,ぽぽしー。,KA1249N3H,沼津倶楽部,967,10,5802,691750,7,5,5,10,6,6,3,3,45
2XKLU22WK,はっさく,BW38LDPRF,蓮浦の星空,878,2,5803,691500,6,5,4,4,5,5,6,7,42
6P8H9FMLN,あつみ,DKNHY5HH6,なす料理研究会,867,0,5804,691250,4,4,7,4,6,5,6,8,44
MZIDN029U,みらくる,PPAHU1TNY,蓮ノ空のんびり部,1339,5,5805,691000,10,7,9,6,9,8,9,8,66
9Y0896VXU,ひろ,3194B9E93,初心者寄り合い所,965,2,5806,690750,5,5,5,4,6,5,8,8,46
U86PRLXW4,カンタータ,9GDHWXGVG,ルリと花咲く毎日,1034,0,5807,690500,9,7,10,7,9,8,9,9,68
PR410A7MJ,ここじゃない,YFADYJVW4,FPS好きクラブ,701,0,5807,690500,8,2,9,1,2,10,8,10,50
0EN9NURA5,さらだバァ,MWHJ339TF,葉山エターナル,986,2,5809,690250,4,6,7,4,4,4,7,7,43
F31U16NLG,よしお,RY00836BW,ムキムキカボチャ,952,6,5809,690250,1,3,4,4,5,5,6,9,37
3MRAAHWHR,えんぶんぶん,MUXWTW1GV,蓮の空見守り隊,784,2,5811,690000,9,5,10,4,6,6,9,9,58
O227VG8FE,こーちゃ,H837E0M9R,沙知先輩大好き部,1101,2,5812,689750,5,6,7,5,6,5,8,9,51
7KIKWW6EA,おさ,C021HVB2B,第3芸能科,943,2,5813,689500,7,8,7,7,8,8,7,8,60
HX2R7XFJ0,Vacayoru,7XH3K4GBT,LLP,830,0,5814,689250,5,6,5,6,7,6,6,8,49
MHIO3WTRI,森井啓介,UVK38MFR2,蓮の虚無サー,1035,3,5815,689000,6,5,5,3,5,4,6,4,38
76FXXC1TA,星屑,4WWM4VVDK,蓮ノ空遊戯開発部,442,0,5815,689000,1,4,4,2,10,2,5,2,30
REP64EK0T,クリステル滝川,PUJ0ERCMW,蓮ノ空倶楽部,358,0,5817,688750,5,4,4,10,4,5,4,4,40
0GFJHS0JY,Arcana,9FF5JBNDF,めぐすきクラブ,1089,3,5818,688500,7,8,8,6,8,8,8,7,60
UMVG7J10Y,おーたー,EPWMMAXNY,蓮ちゃん初心者,1384,3,5819,688250,9,9,10,8,9,9,10,9,73
COE1XV2SR,ばや,578YG6EAT,桜桃花束愛聴会,1109,2,5819,688250,7,5,8,5,6,6,8,7,52
6P304XFRB,IWF75,C791XXLDF,つづさや会,869,2,5821,688000,5,4,7,4,6,4,9,9,48
SUGCCENN6,kasger,PDTRRYUGM,石川県民ひろば,912,4,5822,687750,6,10,5,5,5,4,5,5,45
DVE4GXMEJ,神崎,JDAG79TG7,百合ノ空観察部,1320,16,5823,687500,8,8,8,6,8,7,10,10,65
5ZQU0EHHE,無冬夜,V33FGRFC4,1限目に遅刻ラブ,1105,2,5824,687250,7,6,7,5,7,6,8,9,55
0ED8UJT9T,calsonse,AWFDLJ1HC,小蓮花（重生版x,651,5,5825,687000,5,7,10,3,5,1,4,5,40
R9ARJEJDH,あちょ,573J1JVVK,かほかほ,1142,1,5826,686750,7,4,7,5,8,7,6,7,51
B0HFV4RR3,seiran,C52VR77BJ,イベント参加用,191,0,5827,686500,10,10,7,7,8,10,7,8,67
B44J488GF,N@2(ナツ),H3T7BH4N7,リンクラまったり,1259,18,5828,686250,4,4,7,7,9,6,10,10,57
MJMAUUAJJ,あきお,6045Y2RW7,ポチっと！蓮ノ空,1317,7,5829,686000,7,5,8,4,6,7,7,5,49
G0QT9LBIN,あか,G0J2F9NAL,さやさやさーくる,1043,0,5829,686000,4,5,7,4,7,6,6,8,47
M8SA78S6R,うどん,UK30B7DG2,ずらまる卯どん。,1111,2,5831,685750,7,5,8,6,8,7,6,7,54
9YJ82F5WH,yuta,XVTV7MVCX,雪月花,796,0,5832,685500,7,7,7,7,6,5,6,5,50
NDB1CPBJ5,shinya,7MXXR7UBG,放課後リンクラ部,1055,0,5833,685250,8,7,8,5,7,7,7,8,57
V56C5L98B,おます,C52VR77BJ,イベント参加用,396,0,5834,685000,8,8,9,7,7,7,7,9,62
7HXJMYPMC,翔太朗,0R8BXPRC1,ポチっ！とクラブ,628,0,5834,685000,9,7,9,7,8,9,10,9,68
9LVC7UFJR,KKstar,KBJ2P8T0Y,人見知りの集い,948,2,5836,684750,6,6,9,7,7,7,7,8,57
2G0L5YZ6K,いぶき,KVCHR595K,FLAfを見る会,948,1,5837,684500,4,4,6,6,8,6,7,8,49
WBEHVP9T7,さくらぴーと,VXDPPJJL1,蓮ノ空リボ課金部,627,2,5838,684250,2,3,2,1,5,4,3,10,30
S9ZXN4ZPY,さやこ,5YXVKDEKV,サークル(仮),1142,15,5838,684250,1,6,6,5,6,9,8,10,51
HAB8VC5Y5,こころちゃん♪,F6T4HCV89,蓮ノ空♪山百合会,1386,7,5840,684000,6,6,7,6,7,8,10,10,60
OQDP1C7UZ,りん,D7UA5ER1E,UR報酬欲しい！,865,4,5841,683750,5,3,5,1,5,4,9,8,40
KZP39LLH0,Yosoro,EECF9C0N3,蓮ノ空　茨城分校,1027,11,5842,683500,8,1,2,7,2,1,7,7,35
L9H23W0X1,まじっく,3194B9E93,初心者寄り合い所,752,0,5842,683500,7,5,10,5,9,8,7,9,60
88JE34DUC,ディセラ,PH0YEPJD8,蓮ノ空北國金沢,1039,3,5844,683250,1,2,2,1,2,2,2,1,13
D57JOSBEM,にゃぁにゃぁにゃ,HG65KRMGW,花咲か花帆さん＊,971,1,5845,683000,4,4,5,5,7,7,7,7,46
70A76X1UD,なまこぱすた,1KDUBW4HB,めぐ党0番,445,0,5846,682750,2,2,7,2,2,6,6,5,32
GF4PVVK3R,むーん,V0XTK8NVM,のんび〜り,334,2,5846,682750,3,10,4,1,10,3,2,4,37
H7JKYDYX6,あきまる,D3PGC4352,めぐにゃん懺悔室,953,5,5846,682750,7,10,10,5,10,9,7,6,64
KB64N537R,ゆー,3194B9E93,初心者寄り合い所,942,4,5849,682500,6,10,9,6,10,8,10,7,66
9467Q9RV3,あざわか,Y2R7E79U3,カワウソ同好会,961,1,5850,682250,6,5,7,7,7,8,8,5,53
H7NTCXYUV,HRK,Y7KJ3PM8P,蓮すきすき同好会,843,2,5850,682250,7,6,8,7,8,5,8,5,54
QYQPUHHS2,みみ,W09WBG3HY,どろんちゅ,964,7,5852,682000,4,4,10,1,6,7,7,9,48
3GMSMPS7T,takahira,DKNHY5HH6,なす料理研究会,1275,18,5853,681750,9,8,9,7,9,7,10,10,69
YFJCIQ3IC,りょん,9N4F9P8DU,リンクラ部（仮）,1172,1,5854,681500,7,7,7,6,7,7,6,8,55
A214N9R5B,ミラガ,U57VPUTEE,ゆったりクラブ,473,0,5855,681250,10,8,9,8,8,8,8,7,66
MHC9N5DC7,かげとら,ATB27G5P2,おこめ茶寮,1160,3,5855,681250,4,4,4,4,4,10,9,10,49
3582AAJ3F,コジコジ,EMAN1DMK8,いつものメンバー,1023,5,5857,681000,1,2,6,4,7,4,6,10,40
GX6RCKV75,もんしな,RN5BT2ECF,泥,708,0,5858,680750,9,4,5,5,4,4,5,10,46
NLLTG892N,るかるか,78D55E05J,HIPHOP界隈,1102,5,5858,680750,2,10,7,6,8,9,6,7,55
5WWEADW3U,クロフォード,T4WY63DB9,ういのま,558,2,5860,680500,6,1,5,7,6,1,6,5,37
MDUHJW2BE,虎木つばくろ,424NLTEE8,無言な異次元部屋,989,2,5861,680250,7,7,9,6,7,6,7,8,57
7IFP75E5J,太陽神ラー,N1JAJ83CA,蓮ノ空園芸部,1195,15,5861,680250,6,2,8,6,7,6,10,8,53
OA1BJAVYF,リピアー,7DRAN8UAK,光の星,1069,3,5863,680000,7,5,7,4,6,5,6,8,48
FLZGNGCBW,ゆうま,DN3NLWTGU,なゆりーず,987,12,5864,679750,3,3,8,4,8,1,7,6,40
G1NY01J46,いちとせ,5L9GNT78V,叶え！私達の◯◯,1151,5,5864,679750,5,5,6,4,8,7,7,8,50
MLZ0NJSUC,かなた@ミジンコ,R9NGK6L48,のんびりサークル,1100,2,5866,679500,6,5,7,4,7,6,9,7,51
1EQD711VT,タケル,1H5P6KV81,さやかの水着,978,2,5867,679000,7,7,5,7,6,5,6,5,48
2VR0TTL8C,ゆーり。,V78LAX1HN,蓮ノ空ボドゲ部,984,0,5868,678750,6,6,5,7,7,7,6,5,49
US6H0N3MZ,UR_JO,UVN7G4X3A,闇のルビィ団,1052,0,5869,678500,6,7,8,5,7,7,7,4,51
8MUPD0CUA,我永遠推夕霧綴理,9YM3DBTB7,泥民館,1112,13,5870,678250,5,5,5,8,9,4,8,5,49
3WXLCCKMD,花宫初奈的狗,73VTANA71,隨緣努力^▽^,352,2,5871,678000,3,5,2,2,4,4,3,1,24
W05E7TMLB,あき,A14TUJRCY,108期 煩悩,1320,8,5872,677750,10,10,10,10,10,10,10,10,80
CTKS3NTN4,しょぬりっち,06DCWC1RE,とりあえず参戦用,904,2,5873,677500,1,8,10,9,7,8,8,8,59
B44K3GPYN,白玉みりん,9U8KNU6U9,対抗戦用,204,0,5874,677250,4,4,2,3,3,1,4,1,22
12DJD09M9,nobby,LLDLG20UU,UR取り隊,818,0,5875,677000,6,6,7,6,6,6,8,7,52
V7U03DJJ9,konta,PPAHU1TNY,蓮ノ空のんびり部,1165,8,5876,676750,9,8,9,7,6,9,9,8,65
2FNQAUX28,NegiLive,BT22M41DV,梢花帆吟子同好会,794,2,5876,676750,6,4,5,3,6,6,4,3,37
DDD37BRPJ,ヒヨコマメ,R520TNWET,ホリホリクラゲ,814,1,5878,676500,8,8,8,10,6,1,7,5,53
YA1PBGUGB,ばにー,NT2KU5174,こずかほ。,1103,2,5879,676250,5,5,7,5,7,6,7,8,50
3888DPL1X,ラウラウ,EE4BKR0AR,まったりプレイ,900,0,5879,676250,8,7,8,6,7,7,7,7,57
20D7MZORW,まとば,T045NDKW0,♬さやか愛好会♬,866,2,5881,676000,1,2,1,4,2,4,2,1,17
G61B3KJLW,y,W8P5VL7D0,おためし,966,5,5882,675750,9,8,10,4,6,7,5,8,57
XY0Z49DNI,香  林坊,TTDBXERCU,蓮ノ空 全力応援,1200,12,5883,675500,6,5,9,6,7,7,8,8,56
URFGMG055,もちのは,CM5THHYHB,「」ノ空だけれど,956,8,5884,675250,5,5,5,5,6,4,6,7,43
9GNW0Y9UT,しおから,1EL57CDR0,なんもわからん,597,0,5884,675250,9,10,7,6,10,6,6,5,59
U5W3T74ZX,ラナンキュラス,8JMW9G2XW,僕らのリンクラ！,1065,1,5886,675000,7,7,7,4,7,7,8,8,55
E9WM8T1IA,りらリラゆ,Y7WU9XUY5,自分用(８字少な,1025,3,5887,674750,5,8,8,7,7,6,4,8,53
M4TVF2F7G,アポタ,P0U5KLWWW,ライグラ報酬部,590,0,5888,674500,7,7,9,6,6,7,8,6,56
PWTJD3CC2,ヒイラギ,6WJW7R1TD,さやこずノ休日,694,0,5889,674250,4,2,2,7,2,4,6,2,29
3SUPO7DJK,天王寺渚,6BFC4G5YG,蓮ノ空足湯同好会,1124,0,5890,674000,8,7,8,6,7,7,9,7,59
C0GDDBP72,ekisia,8BAYBXUXC,スリブ大好き♪,372,0,5890,674000,7,6,6,5,6,6,7,5,48
KB7GJ6R72,しろ,WFPA7YJE1,蓮ノ空文芸部,1108,2,5892,673750,7,7,8,4,6,7,7,7,53
52X7ZBP3C,ゆゆゆ,06DCWC1RE,とりあえず参戦用,1206,10,5892,673750,7,6,10,7,6,7,7,8,58
D9GJ4F9JT,.,6BFC4G5YG,蓮ノ空足湯同好会,996,12,5894,673500,3,4,4,7,9,8,9,7,51
IVSBBPK1R,ぱりすのこ,RE152RBRK,蓮ノ空創作部,986,0,5895,673250,7,5,7,4,7,5,6,8,49
AJR6L6FEJ,たそ,HWJ8XPW0T,箱推しなのだけど,1071,1,5896,673000,1,2,1,4,4,4,6,1,23
RXZQHNB3T,七穂,WHWT61ELR,【無言】ハスノソ,1203,6,5897,672750,6,10,9,8,9,8,7,10,67
6DC98JW48,Yoichi,XXMU9WLKB,梢の機械さん,707,2,5898,672500,3,4,7,4,7,5,7,8,45
JOBIHM8E1,ベーゼ,MG1P2NUY1,個人用,1006,11,5899,672250,5,5,8,7,7,7,7,8,54
C4M8XDCV1,yamato,C68491XHB,みらくらぽーく！,1009,13,5900,672000,7,7,9,6,7,7,7,8,58
PXLYUXB3F,ロッピ,J62DRC7J5,蓮ノ空好き好き会,891,6,5900,672000,7,5,6,5,5,6,7,7,48
QQQW5MJS2,まぐ,0JY7F3EKU,さやか愛でる会,931,3,5900,672000,1,10,5,1,9,1,5,1,33
VKQDTH6VH,エクレア,YWY6C7K6H,蓮ノ空,924,2,5903,671750,7,5,8,5,6,5,7,8,51
USVF7A3GV,ねりまき,G59NGM0XA,シュリーレン,1053,6,5904,671500,4,2,4,4,4,4,7,4,33
D60KFRDD8,ベータ,6J2BDEHEG,蓮サークル,1064,12,5905,671250,9,7,8,7,8,5,2,7,53
XFLC8K99W,@cﾒ*◉_◉ﾘ,GPKTRBCTT,騎空団蓮ノ空支部,1159,12,5906,671000,5,6,7,4,6,6,7,4,45
FWJY8GW23,oQuLa,HWMV33W7Y,フラワー泥民館,966,7,5907,670750,5,5,6,4,6,5,7,7,45
EP0TU72RF,ペルバスト,FFLK4FP0D,こずかほの花園,1012,2,5908,670500,8,7,7,4,7,5,5,8,51
HY6WTHQBK,はこべら,0CBM28JP6,ほうき星,999,2,5909,670250,5,5,7,5,6,5,6,5,44
NCRG25X6U,なな,85D411XNB,蓮っ子の集い,454,0,5910,670000,5,7,7,4,5,4,4,1,37
D89LF1V69,スターフィッシュ,M6UPWJ6DU,蓮結ぶ虹と星の音,699,0,5911,669750,5,10,6,5,8,5,5,6,50
2ENT5J29X,niN,KGY709ULG,蓮の花束,623,0,5912,669500,9,10,7,5,10,4,6,8,59
CPABVGC4N,ゴロウタイ,9AYD3XJ2D,ぺんぎん隊,1427,18,5912,669500,10,10,10,10,10,10,10,10,80
N4FA1VTLG,strikeb,NA8FEYN0M,蓮ノ空飲酒クラブ,1060,2,5914,669250,7,6,9,7,7,6,8,7,57
NGG2WPE92,虎徹,NGMU0511T,無言のお茶会,931,13,5915,669000,1,5,4,9,7,1,5,4,36
TBMTF8GW1,スバル,AHE0E3JND,ありがと！にひっ,355,0,5915,669000,2,6,10,4,10,6,4,5,47
W57NVLWY6,ノイマ,F8MLHU2NV,乙宗梢様､､､,1100,4,5917,668750,8,8,9,9,8,10,9,10,71
NSL04B19D,四月の花帆,2JVBK752G,卍愛蓮説卍,1111,5,5917,668750,7,7,9,6,7,6,8,8,58
1EBPVQR5E,紺青ローズマリー,HBD61R6WC,梢先輩すきすき部,1199,7,5919,668500,5,6,5,7,5,7,8,8,51
5BPXB95TA,緋彩,6WJW7R1TD,さやこずノ休日,832,2,5920,668000,5,9,8,8,9,4,8,10,61
PAYK18SF7,どんでん,RAP9FVR3B,あばうといち,1108,13,5920,668000,6,4,7,5,6,5,6,1,40
P6NCAB4IV,ケイ,LLDLG20UU,UR取り隊,1073,5,5922,667750,7,7,7,5,6,7,6,7,52
F1LYBCFFL,hiromu,TLXWUR6HB,モブモブ団,848,2,5923,667500,10,5,8,5,4,4,6,7,49
1HWWWC5U4,クッキー,4URND90YY,参加賞狙い,780,4,5923,667500,8,10,8,7,10,7,6,10,66
5LDJPMVEH,みつば,PD80VCP5N,虹ヶ咲学園,1129,10,5925,667250,8,6,10,4,7,5,7,8,55
WP3B2K34V,葵,FMKP92LRL,目が霞む人達,969,4,5926,667000,1,1,8,1,1,2,8,7,29
LKE2RRAB1,なん,M4YY7PV0G,ブルーロータス,705,0,5927,666750,6,7,9,7,6,5,7,7,54
EHN2XW3K6,Tiatara,3LUL3WR8Y,零組,276,1,5927,666750,10,10,10,9,6,8,3,6,62
6P91XG3HG,まちや,KGY709ULG,蓮の花束,752,0,5929,666500,6,4,8,4,6,5,3,1,37
4NAW8VPMJ,かきつばた,1F5EPPMLD,UR貰えればいい,790,0,5930,666250,3,5,8,7,6,4,8,9,50
7IPXPMYLH,りょぼ,A8BJ5V3ET,はすのそら,654,0,5931,666000,6,6,5,4,2,7,5,7,42
W75RWE2PG,フォニアちゃん,5DRY3TL61,はすのそラバー,492,0,5932,665750,5,3,5,5,7,6,7,4,42
HMEGU1O4P,ゆー,8VGXWTV3U,R.opRizm,926,11,5933,665250,6,8,6,3,9,7,7,5,51
BD0XAW2F2,ゆうびっと,998H940YN,お嬢様筋トレ部,1238,4,5934,665000,7,6,7,4,10,5,9,10,58
LEJGTGCGI,Ferran,HWWRP6K2J,家に猫がいます,761,6,5935,664750,1,3,1,1,6,6,3,1,22
ZR819TU83,nari,6BFC4G5YG,蓮ノ空足湯同好会,1159,10,5935,664750,7,6,8,5,7,6,7,9,55
VYJ7DV948,ささっと,PF22HULND,みゅーじあむ,527,0,5937,664500,6,8,6,6,7,6,6,6,51
2RCLJ86ED,おはぎ,DHKUGEWBJ,めぐ党虹ヶ咲支部,1187,2,5937,664500,9,9,10,8,9,9,10,10,74
7WMTHLK7W,とっぴ,BDD8R1HDD,蓮の花を見る会,764,2,5939,664250,6,5,5,1,1,5,6,9,38
OWOP1DELJ,おむおむ,KXB93FVTR,ブルームガーデン,1117,4,5940,664000,8,7,7,7,4,8,9,9,59
L614K3TBJ,tqi,N7GLY2RUW,百生銀行,751,0,5941,663750,6,7,7,5,4,4,4,5,42
G9DLRC54M,rh,0CEA9XFKR,蓮ノ空の泥人会,1114,3,5942,663500,7,7,9,4,6,5,3,8,49
2HG6CA6XF,ハネジロちゃん,GW4CH70HK,TKG同好会,937,5,5943,663250,5,4,7,7,6,8,6,9,52
Y8NX2CHGM,らっとん,0NLHKATWL,生きてるだけ偉い,811,4,5944,663000,10,8,8,6,8,7,7,9,63
FTC7JL3D0,ささ,N6T2MVATD,まったりサークル,480,0,5944,663000,8,6,8,7,7,7,8,4,55
RB4RBAGV1,じゅぴたー,9GDHWXGVG,ルリと花咲く毎日,1109,12,5946,662750,7,7,7,7,7,7,8,8,58
F19L6MHGA,白羽　九音,9AYD3XJ2D,ぺんぎん隊,1180,15,5946,662750,10,10,9,10,10,10,9,10,78
5BAHKMPRK,如月2,YB3VJBCCH,愛トモの会,777,4,5948,662500,8,4,3,3,2,1,3,1,25
C2EUYCLT5,クマン,EMAN1DMK8,いつものメンバー,1204,15,5949,662250,1,3,8,4,7,9,9,10,51
MLY2R77P1,ゆう,AE3L01V24,LOVE蓮ノ空,1196,18,5950,662000,10,3,8,3,10,5,5,10,54
LRVPBUUJG,そうかな,0CBM28JP6,ほうき星,1152,2,5950,662000,6,7,9,5,6,7,8,9,57
9ZHIZLPYP,。,TK9E1BB1P,無言で自由,1035,0,5952,661750,4,6,7,9,4,4,8,9,51
RX1PYAC0A,ハマジ,X784G0GKM,異次元から来た,971,3,5953,661500,1,7,7,5,4,4,6,8,42
BMTMYL0N2,わたみほ,GN9EEL045,きらくに,515,1,5953,661500,10,7,2,10,6,1,3,1,40
2JCTF9FFU,はなまさ,E1HVJ71JR,ご自由にどうぞ,982,2,5955,661250,4,1,7,1,2,1,6,4,26
FKMNCTCMU,くらくら,4RNUXBXGL,みらぱ最推し,171,0,5955,661250,6,8,9,3,4,9,3,4,46
720AHHAPK,6xtu,BXGNMY466,ライグラ用,706,1,5957,661000,7,9,8,8,6,4,7,4,53
PT5VN7F1M,エリック,NB0HX9KP8,かほてぃあん,1220,2,5958,660750,7,6,7,5,6,7,7,8,53
KWYFJ2VXL,baran,KC1W74B9B,蓮六園,750,0,5959,660500,7,4,8,7,6,5,8,8,53
JH3RLHA6C,じ~さん,6NLPKL7D9,ご自由にどうぞ,1118,0,5960,660250,7,7,9,4,4,4,4,7,46
EP447DF1Y,はちくま,5HHM001FE,株主総会はちくま,939,5,5961,660000,8,10,10,8,8,8,8,7,67
ND3607L78,タマココン東西,XXMU9WLKB,梢の機械さん,947,5,5961,660000,9,6,10,6,8,7,7,8,61
MG4P5RVH0,Я,WNA5GTJPP,蓮ノ空百合クラブ,1260,15,5963,659750,8,8,10,9,8,8,8,9,68
KG2MSNIBI,YOK,7J3DF36RX,綴理しか勝たん。,959,8,5963,659750,6,6,8,7,7,5,9,9,57
X1B3DAUHA,kuro,YVV9CMBLW,東京公演で沼落ち,482,2,5965,659500,2,3,3,4,4,1,4,1,22
G8D3LVV7L,星儀,53NYG615U,蓮ノ空飲酒愛好会,736,0,5966,659250,5,6,7,4,5,4,8,7,46
73LBJV151,降雨,L1VGJTD5P,蓮ノ空お茶会部,935,0,5966,659250,1,7,6,4,9,5,7,10,49
9KCG51GG8,りっつ,GGK2P93JK,きゃらめる,451,0,5968,658750,6,4,5,5,5,1,6,1,33
WVVAVWVV1,ぱるも,WAT20PN3Y,こな党,1093,2,5968,658750,5,5,5,4,5,7,5,6,42
A85GTHE7F,ソメスグリーン,8BAYBXUXC,スリブ大好き♪,1041,12,5970,658500,8,7,10,6,8,9,9,8,65
B7F8XL777,わもち,K7LC46V5M,Link！ラ部,1047,6,5971,658250,4,4,4,1,2,1,6,8,30
HWYKY1XYY,「塩山犬太郎」,TBX7N9RK5,つよつよなLH,870,0,5971,658250,4,5,7,4,4,8,8,8,48
V45V2FEAW,かんかん,75UJ5RB97,蓮ノ空雪野球部,261,1,5973,658000,10,5,6,5,2,3,2,1,34
2K55R3MK8,小唯,AGJ215YND,蓮の空中國分校,937,3,5974,657750,5,4,4,4,8,7,2,7,41
4AV99KWQF,mugon,JD1PFYJWE,瑞蓮隊(無言OK,1114,7,5975,657500,5,4,8,1,6,9,10,10,53
SOX4C4JGJ,丸さんボーロ,UH94B4MTL,電電の遊び場,1029,2,5976,657250,4,4,5,4,7,6,6,8,44
XL5B99BPP,月下 秋奈,3HDDYR4FU,旅人,564,0,5976,657250,9,7,10,7,7,9,5,5,59
7DU6ELB6C,はばねろ,1D7T2UXC2,無言でのんびり,1277,3,5978,657000,8,7,8,6,7,7,8,10,61
YBNGC4NP4,Dr.ウィロー,6C9R15BLY,スクスタ避難民,1040,2,5979,656750,8,8,8,7,8,9,7,7,62
H76L72RRY,りの,NX9KJK529,虹ヶ咲学園,927,0,5979,656750,6,9,5,4,4,4,2,7,41
P73RHEK4C,ゆあちゃ,EYN9H9N16,蓮すきすきクラブ,1363,14,5979,656750,10,10,10,9,9,8,10,10,76
7QPFAXWEC,イリア,3YWMY4JVN,82プロ,1126,5,5982,656500,5,6,9,7,6,5,9,5,52
6NBNNXNYW,くゆ,VP0K6KF0K,蓮ノ空大好き!!,1146,12,5983,656250,6,7,9,6,9,7,8,9,61
NF3UJCA9U,IcaroAlt,REUA4H17B,LLLLBR,273,0,5984,656000,4,4,5,1,2,4,3,1,24
X2FKVRVUJ,のどか,PH0YEPJD8,蓮ノ空北國金沢,905,2,5985,655750,5,5,5,6,5,1,6,5,38
DNAOA014D,ミナト,07JW71HWG,良いチケで観よう,1226,4,5986,655500,7,8,8,8,7,8,7,7,60
PL6JF2FHR,みた,38KAJGDGU,異次元シャニP,784,2,5987,655250,2,2,2,5,2,5,4,8,30
0TC6AA1HU,ゆやゆらら,85D411XNB,蓮っ子の集い,574,0,5987,655250,10,5,6,1,3,3,4,1,33
EW8BA4S9C,ふりすく,L3NN1RWMY,アポロベイ海賊団,949,3,5989,655000,2,7,7,7,8,7,7,7,52
NW19M2UD2,ナカタ,T56X6LP0L,光の海,756,2,5990,654750,6,4,6,4,4,7,6,10,47
EM01C9U2C,9Æru,J800VVPTN,Aqours,1141,8,5991,654500,7,8,7,5,6,6,6,7,52
109NVTTG9,ツムジ,WTJV514G9,蓮ノ空のお弁当屋,1210,4,5992,654250,9,8,9,8,8,7,8,8,65
J4QR1DQV8,もちもち,TKVR3KU7L,ネギトロTKG,1176,12,5993,654000,6,6,6,7,8,5,10,7,55
8XBKTVC1O,尊し,CRYB2FJ64,つくよみくらぶ,874,5,5993,654000,7,5,7,5,8,7,7,8,54
KHC84TUCL,Khat,RKT7BC4F6,人形浄瑠璃乃,1125,10,5995,653750,7,5,8,7,6,9,8,7,57
VPF0HHMHJ,TAT,VNEJ2RNW0,まったりんくら,871,2,5995,653750,8,4,7,3,7,4,8,10,51
GBOUYAUKJ,もそろべ,9YM3DBTB7,泥民館,1313,6,5997,653500,8,8,9,5,8,9,9,9,65
2X30O0GNF,As,LUDNM40F8,ふくふく無言OK,1518,18,5998,653250,10,9,10,10,10,10,10,10,79
TAA511SXB,カンタ,GWGDMA3YC,初心者無言自由だ,1260,13,5998,653250,10,10,10,10,10,10,10,10,80
FC08LBH9P,ちよう☆,KC1W74B9B,蓮六園,476,4,6000,653000,2,4,3,3,5,1,4,3,25
2TNUAEMFN,みず,WCL6R1ANU,無所属の会,526,2,6001,652750,10,10,8,1,7,4,4,5,49
3LVL00134,澁谷あのん,AKF1PWWUL,やっぱかほこず♪,1134,7,6002,652500,5,7,8,7,9,8,8,4,56
7Q5TSSF44,アンノウン,WKG02VMU6,先輩で遊ぶ2年生,1126,4,6003,652250,7,6,6,4,4,5,10,8,50
0BJM3MLYT,やました,JWUL2T36L,チーム初心者,791,0,6003,652250,6,6,8,4,4,9,7,4,48
B3U6JL9A9,よのとの,6E27A15ER,蓮ノ空自由クラブ,537,3,6005,651750,3,1,10,1,6,2,3,1,27
B0UK7GAPN,こさかい,8MLVA67AK,聖ミリオン女学園,1149,15,6006,651500,5,7,10,6,10,5,8,10,61
DV76TD4G0,炙りサーモン,95TAREFPT,ご自由にどうぞ,1123,8,6007,651250,8,8,8,8,8,8,8,8,64
4CXM8XMPT,くぅ,A7WWE0463,蓮ノ空初心者部,440,0,6007,651250,10,2,9,3,4,6,4,5,43
80MBC1U1N,銃Q,407VAU0TT,ログボ勢の集い,426,0,6009,651000,1,1,2,1,4,2,3,3,17
3KFRXLD01,もみヒゲ,0U8P451HT,ウィッシュボーン,976,1,6010,650750,8,8,10,4,6,5,7,8,56
KYCTFDH4X,ルリィ,AR9HR528A,いろいろ実況,961,4,6010,650750,5,6,6,4,7,6,7,7,48
YH78KE8MG,なお☆,MUXWTW1GV,蓮の空見守り隊,656,2,6012,650500,2,4,10,1,2,5,6,5,35
RDC9KKMKE,Bew,KGDNX3EF3,ENcircle,415,2,6013,650250,5,7,5,3,6,1,7,5,39
SZ4KF9FH8,ねむみ,N0EXH1CM1,ぱちぱち徒町,1094,1,6014,650000,7,7,10,7,8,8,7,7,61
V1XJ83WQK,花宮・夜刀神十香,E58EXVMJU,ボクがんばる。,969,4,6014,650000,1,4,7,10,5,5,7,6,45
POMUZ1KNB,加賀,XVTV7MVCX,雪月花,1006,7,6016,649750,4,7,5,7,7,7,7,7,51
MKLFPN3RW,一般市民,HBCC35887,そりゃー!!!,523,0,6017,649500,4,4,5,4,4,5,8,5,39
7TJM3OMEH,しろくま,KXB93FVTR,ブルームガーデン,1277,18,6018,649250,6,5,7,5,7,6,10,10,56
RPJN53L8K,かさ,9U8KNU6U9,対抗戦用,1057,5,6018,649250,7,6,7,8,2,5,7,5,47
W4MHW45VG,puyo,CRYB2FJ64,つくよみくらぶ,634,2,6018,649250,7,7,7,7,8,8,7,7,58
RMODCZ4E0,はぎもち,ARYW1G3TD,ひめすず見守り,1316,10,6021,649000,9,9,10,9,10,8,8,10,73
BNYTD5GLJ,じょん,89K9Y7MX7,初心者歓迎,641,3,6022,648750,7,8,10,9,8,4,7,8,61
HDXT7K6TO,weeb,C0NDBKMRB,すりぃずぶぅ家,862,4,6023,648500,3,8,2,4,7,4,4,1,33
C52LV667B,イオリ,73N4AB3LR,かほ子のイオン,1297,6,6023,648500,8,8,8,9,9,10,8,9,69
YD3FG353V,あらた,1XX6FWJRB,オートスキップ団,885,6,6025,648250,6,2,7,9,6,7,7,8,52
JBJL24CGC,りく,GR65FP8VN,蓮好き,1228,4,6026,648000,6,6,7,6,4,4,9,10,52
O9IXWQXTA,ぱるばーど,U0N57LDY5,くさ・みずタイプ,1460,8,6026,648000,10,10,8,8,10,9,7,10,72
K6UVKMHYH,karinpo,N1DJVPGP8,いつでも咲けるよ,945,2,6028,647750,7,7,10,6,8,9,6,8,61
56LD6NJ9D,きりん,H5F25TNGR,モヒカン,1079,6,6029,647500,6,6,8,5,7,7,8,9,56
P19HW8UGA,べし,1U4JN5CXB,LLユーカー部!,1017,12,6030,647250,6,6,7,4,6,6,6,8,49
2XK1D5GE8,ナギト,T4P115XHD,サークル,778,2,6031,647000,6,4,8,5,6,4,6,5,44
6EA5VF2GH,「スミロ」,9JTF508LB,スクスタ亡霊部,1287,18,6032,646750,7,8,9,7,8,9,7,9,64
0V7D12WV8,らんち,06A0GBYLL,ロータスNHK,1515,5,6033,646500,10,10,10,10,10,10,10,10,80
WE40D860K,ふがく,JWUL2T36L,チーム初心者,798,2,6033,646500,5,5,7,4,4,5,7,7,44
JAHCMKUNT,かずのこJr.,4JEY5APBM,ウイ憂初WIN,469,2,6035,646250,2,3,5,1,3,5,5,4,28
N8H8U4FNH,ぐみ,1D7T2UXC2,無言でのんびり,884,0,6036,646000,4,1,4,4,4,5,6,4,32
JSJQFXYFP,だばす,FTUJJ5KM9,無言◎私生活優先,999,4,6036,646000,7,6,7,5,6,7,7,7,52
UDEXJ164F,たイッチー,TDNL11LXW,建布施具屋,755,2,6038,645750,4,6,4,4,6,4,7,1,36
EE1JSH1T4,セリィ,M8FM7P139,蓮ノ空ひとり旅部,1050,6,6038,645750,4,4,5,7,6,7,7,8,48
O76SWXAQP,rsaga,G8F0M2PH2,アフターウォール,1211,10,6040,645500,8,5,9,7,8,8,8,9,62
IG47P43WD,べん,Y337R7BW9,中国の蓮之空圈子,1098,3,6041,645250,8,7,8,4,6,7,3,4,47
FP4ERK9D0,CC,KW0RM1LEP,はすっこくらぶ,412,2,6042,645000,4,4,3,1,5,1,4,1,23
2MUPT1BM0,カーハイ☆,T2XRMGEAE,蓮根無言会,493,0,6043,644750,4,4,8,5,4,4,3,5,37
71GS87RQX,ヨツギ,EAU5JTX3H,チシマザクラ,957,2,6044,644500,5,9,10,7,10,8,7,7,63
P6RXX9UPC,きれいあ,FH7G62PKW,月火水木金土日,1329,6,6044,644500,7,7,8,4,8,8,8,5,55
0PJDBJBQP,りんた,PLBBEX019,待機室目指し隊,1013,8,6046,644250,1,3,1,1,2,1,6,1,16
KHUK7DRR2,心がめぐめぐする,9GDHWXGVG,ルリと花咲く毎日,1317,11,6047,644000,8,7,8,6,6,7,7,8,57
1LM09G6K8,むらぴ,M8UCM16G2,こずえんふぇると,423,0,6048,643750,8,8,1,6,5,5,5,4,42
5JMG7L41X,ルイス,U57VPUTEE,ゆったりクラブ,406,0,6048,643750,8,7,7,7,5,5,7,7,53
AKFVR00YC,いしころ,6UAFKBRPN,リンクラ初心者部,391,0,6050,643500,7,7,6,7,7,8,3,5,50
7F18M90U0,ドドド,TX92H9GBV,アフターが見たい,405,0,6051,643250,2,5,4,2,5,4,4,2,28
T6T5TPJBO,しきし,BCJRMHE75,梢すきすきクラブ,1097,2,6052,643000,7,7,8,4,7,7,8,8,56
3EV7MHCQV,不思議な学院生,TM19BMU7C,ソロプレイヤーズ,884,6,6053,642750,5,5,5,4,6,5,6,7,43
12T1PWV0R,Forget,48N7HVJH8,KER,778,2,6054,642500,5,6,10,2,1,1,2,2,29
GGJBIPHHT,やーべん,YUVK7R51W,萌え萌え倶楽部,1127,3,6055,642250,8,6,8,6,6,6,7,9,56
O983R2GQN,真姫まきまー,3JDDUYURT,無言,1148,18,6056,642000,6,5,8,2,10,2,8,9,50
KGK3LXE4F,真島吾朗,36DAM7HBL,蓮隠れノ里,1105,5,6057,641750,8,7,9,5,7,7,6,7,56
YQ086I2IV,のま,JY79RPB1D,リンクラゆる部,1164,10,6057,641750,9,9,8,5,9,8,10,7,65
V5UATWVGW,鮭,2VJG66JTH,まったり,817,0,6059,641500,1,2,7,6,5,6,5,8,40
30X7B04U8,ゆね,E7UBFLW56,同好会の同好会,1059,7,6059,641500,4,4,5,4,4,5,9,8,43
2K9EBJ5HV,ドレッドデース,YVV9CMBLW,東京公演で沼落ち,759,1,6061,641250,8,1,8,4,2,7,10,9,49
6UR6X71C2,コーネル,26CAPRWLJ,大倉庫救助隊,882,0,6062,641000,4,5,5,4,4,5,6,5,38
YLD4G4RRF,Nanaki,26CAPRWLJ,大倉庫救助隊,627,0,6063,640750,4,5,5,4,4,5,6,5,38
U3YQSCTRE,ミナイ,9DKR4Y2CJ,蓮ノ空老人会,1274,7,6064,640500,7,5,5,4,8,8,7,1,45
NR1MG6JCR,采菱,Y5J5Y90CD,まるまるサークル,1051,13,6065,640250,5,4,6,1,4,5,3,1,29
DK7RRBKC7,モンバンゴ,1EL57CDR0,なんもわからん,421,0,6066,640000,10,6,5,10,2,2,2,2,39
AUN1AXHF5,MA→,KC1W74B9B,蓮六園,949,2,6066,640000,3,5,9,7,7,5,9,9,54
D8ZPS9PVH,さくら,EEP20F2M8,綴理の綴り,752,2,6068,639750,6,4,6,6,6,2,10,10,50
NAB5UVXVY,ぽさか,L1VGJTD5P,蓮ノ空お茶会部,1394,16,6068,639750,10,10,10,10,10,10,10,10,80
HVLY4MXC4,はすにゃん,XPX36F6JX,無言初心者お試し,687,0,6070,639500,4,4,7,4,5,1,2,3,30
QH9E4TN2G,Y,G8EE23LB9,虹ノ空クラブ,823,0,6071,639250,2,4,4,4,7,7,6,7,41
7Y72TVZYY,Akukyo,279NUYU7C,れんこん,1157,11,6072,639000,4,5,7,1,8,7,9,10,51
ESI0EDOE0,てぃけ,HBM31HMUY,YUKIZURI,1105,7,6073,638750,9,5,8,7,7,5,7,8,56
FC0492KR0,mirala,787P66W7E,m,761,0,6074,638500,7,7,7,4,6,4,6,5,46
D85NWAC8A,ぬまし,AXG81GPMP,蓮ノ空マタギ部,1145,7,6074,638500,4,4,5,1,2,2,4,1,23
CC34Y8T5U,梨汁,919XF8V2V,蓮之空大三腳,944,6,6074,638500,8,10,8,8,10,9,8,8,69
DLE7MUYMG,お魚,8MJR5987G,なるほどねぃ。,1052,2,6077,638250,7,7,8,7,7,7,6,7,56
Q5Y1MFWJG,HKいかめし,3LUL3WR8Y,零組,1115,4,6078,638000,5,5,4,5,6,5,5,4,39
R6JKEPV5V,书中陌生人,AWFDLJ1HC,小蓮花（重生版x,902,6,6079,637750,5,10,9,4,7,5,6,5,51
XVKE3TX7N,きちそん,X7YM9EG8K,伝統の石川地酒,312,0,6079,637750,8,10,5,5,6,10,7,5,56
B9J6EC4L5,羽結（hayu）,WCL6R1ANU,無所属の会,440,2,6081,637500,10,6,8,4,5,6,6,4,49
88HWGPV60,らむね。,ABU58EVJ2,Quatuor,816,4,6082,637250,2,2,4,1,8,5,10,8,40
6U3GRQW0R,こたつまじん,85BT3MB4A,こたつ,1090,0,6083,637000,1,4,7,2,5,2,7,7,35
1YUEFPJR4,りゅー,CTW8DKV5P,まったり,1241,8,6083,637000,7,5,8,5,6,6,7,7,51
9HFVNLJMR,はたはた,7B0W0EWVA,ソロの為の避難所,1125,11,6083,637000,5,7,7,6,7,9,7,7,55
A7U89W6H0,いつくしみ,UX96YX4T1,『位置について』,105,0,6086,636750,1,3,2,2,2,1,2,4,17
38T7B0N7N,たく8,A7WWE0463,蓮ノ空初心者部,998,4,6087,636500,7,7,7,6,9,8,7,7,58
W5O30UN6J,ゆーち,TM19BMU7C,ソロプレイヤーズ,1245,3,6088,636250,7,7,9,5,8,5,4,5,50
56BNHFU17,kaiwa,9D722M8KC,蓮ノ空同好会,927,4,6089,636000,1,7,4,4,2,1,5,4,28
NCUGGK5E6,AOI*,0VEMMV8E2,スリブとまったり,739,2,6090,635750,4,5,5,4,6,5,5,7,41
QWNLIUJ31,こいのぼり,V7768X8AC,せーので！,1093,12,6090,635750,6,6,6,5,7,7,8,8,53
9BJYE0082,アジの開き,J62DRC7J5,蓮ノ空好き好き会,1049,2,6092,635500,4,4,4,4,2,2,4,5,29
XHTF8HCNB,みりん,E515TRU1G,起きろ夕霧綴理,1049,13,6093,635250,4,1,8,5,6,5,5,8,42
YHA7GWR2C,星hoshi,X7YM9EG8K,伝統の石川地酒,330,2,6093,635250,10,4,3,5,2,1,3,1,29
3CMMBHM9F,だけんし,HPTHY23VR,蓮ノ空文芸部,204,0,6095,635000,8,7,8,4,10,5,6,6,54
81NN9FK89,蓮ノスカイ,1CH3NK9UJ,未来ガジェット部,831,0,6095,635000,8,6,9,7,6,7,8,9,60
WJE7T3JWM,ちゃんやま,2VJG66JTH,まったり,558,1,6097,634750,10,4,9,4,2,2,2,5,38
C6H3TDKF7,shiro,73VTANA71,隨緣努力^▽^,387,0,6098,634500,7,10,9,9,7,7,6,5,60
8DPBC7AEL,みつ某,3EJX5WB1A,金沢綴理門,940,1,6098,634500,5,6,5,5,4,5,6,5,41
JXG2J10MB,なぜかよしえ,FNMV166UY,蓮ノ空喫茶部,1031,12,6100,634250,4,4,5,7,4,4,6,4,38
6TABDAYB1,いなばうどん,G8F0M2PH2,アフターウォール,957,2,6101,634000,3,2,7,4,2,4,9,1,32
DXRPVLKXW,よいつき,P2J37FNLG,乙宗先生指導会,886,6,6102,633750,9,5,6,5,10,5,8,10,58
G571HQMHV,チノ,N2KCENRKH,猫＆旅大好き部,1210,7,6102,633750,6,5,3,4,6,6,4,7,41
HYML58FJ5,冬虫夏草,9E910GGD2,蓮ノ空給湯室,1122,9,6102,633750,6,7,7,6,2,2,8,10,48
T7U45Y5RG,さかな,GR750NEY3,魚肉セーソージ,937,7,6105,633500,4,5,10,7,4,5,7,1,43
W6UHD1FK2,ブルーベリー,424NLTEE8,無言な異次元部屋,1195,6,6106,633250,9,8,9,7,9,9,9,9,69
H92X6XKYN,アメトマ,JHTULVV5P,故に瑠璃乃推し,507,0,6107,633000,4,4,10,4,4,3,6,6,41
LKCNO9UEG,ラブライブ学習生,FH7G62PKW,月火水木金土日,1229,16,6108,632750,5,6,10,5,7,9,9,7,58
HGA4SGEP6,こころ,K0ATKT27L,中川左遷先,1161,14,6109,632500,7,1,7,1,2,10,8,9,45
XMA2W9E4E,アルフ,2VJG66JTH,まったり,1183,16,6110,632250,10,8,10,6,10,10,9,10,73
HC7HANURE,KCC,YFADYJVW4,FPS好きクラブ,906,0,6111,632000,7,7,7,7,7,7,7,7,56
XRWXNXGBX,Takuto,KGDNX3EF3,ENcircle,921,7,6112,631750,1,2,5,2,7,4,6,10,37
UND79V3NX,こず,8YNHW7530,虹ヶ咲、蓮ノ空,853,4,6113,631500,6,5,9,4,2,5,6,5,42
VV7JUDN90,Barnett,K5TN1RT6D,キンカンナマナマ,1053,8,6114,631250,8,7,8,6,7,8,6,7,57
QQSNTXEJ1,Takchan,K7LC46V5M,Link！ラ部,1434,5,6115,631000,8,10,10,8,10,10,10,10,76
AIACN3XZ2,しめさば,XHJLF3R8H,ゆったりプレイ,1145,0,6116,630750,8,9,8,7,6,7,8,8,61
TLU053C8V,しんみ,9EYH317R8,イカトンブライ部,816,7,6116,630750,10,5,5,6,4,4,5,5,44
7G8MAXH2B,Penguin,E6WR9G75P,安養寺姫芽推し会,375,0,6118,630500,5,5,4,2,5,5,4,8,38
CTK7MQP1A,カッキー,MVMP6NNXD,空き時間らくがき,1058,6,6118,630500,8,7,8,7,7,7,7,7,58
EN8TNRECG,イデア,FR5PDRB5Y,株式会社つづさや,1021,2,6120,630250,6,6,7,4,6,5,6,7,47
UJ52HMK4X,ll花帆,EYEPHE14G,花上梢頭,368,0,6121,630000,7,6,8,7,6,7,7,7,55
MUCGWGX3E,やみぴか,JU476V6K9,ポチッ！,1165,9,6122,629750,7,7,7,4,10,4,7,8,54
DLP7H2C4B,もる,3BE2RELRC,見晴台,1044,4,6123,629500,8,5,8,5,6,7,8,8,55
KRCWCYP3G,たろた,8EX9KUG3E,コズエとツヅリ,740,0,6124,629250,5,4,7,4,6,5,6,1,38
CFV25LK8V,燐,3BDTCERX6,打ち返した流れ星,291,0,6124,629250,5,4,3,8,2,1,4,1,28
BG5Y2NB90,青いトマト,HGVHHB78D,蓮ノ空写真部,876,0,6126,629000,4,6,7,6,4,4,6,5,42
83NNE9A7P,Euphoria,BELCUYCMH,蓮hkg香港分部,655,0,6127,628750,4,2,5,5,2,4,6,4,32
61QTWR6WQ,大月,FR5PDRB5Y,株式会社つづさや,1240,7,6128,628500,7,8,9,7,7,7,8,9,62
APT7BY87H,優木,GN9EEL045,きらくに,896,3,6129,628250,1,7,10,1,4,9,6,5,43
ZCTLE6CRX,トキヲ,YD2XWWFA4,蓮好き好きクラブ,1530,12,6130,628000,6,9,10,4,5,10,10,10,64
7V2PAI0W7,フォルス,6C9R15BLY,スクスタ避難民,865,2,6131,627750,4,7,7,7,4,7,7,6,49
MV2EDFIHP,たくみかん,ACH6PMHX4,まったり塔,996,5,6131,627750,4,1,5,1,4,5,3,4,27
LF45W7BU7,ゆーり,HHMRTM0P7,つづさや党,1066,10,6133,627500,5,6,8,7,7,5,8,8,54
Y5RTHZ7EV,幸せの青い手拭い,5YXVKDEKV,サークル(仮),753,0,6134,627250,7,5,8,4,6,5,4,8,47
YJP5K201C,west,F90XW14UP,のんびりプレイ,522,0,6135,627000,5,5,8,5,7,6,8,7,51
VYQ79N3HF,桜,G8F0M2PH2,アフターウォール,1126,10,6135,627000,3,4,4,1,5,9,2,1,29
0VUYYP8C3,ショウ,DBHVM0X7P,ガンフィンガー村,1006,3,6137,626750,5,6,7,5,8,7,7,7,52
KKXHL1VFV,のび@香港人,VNEY6C9BE,スリーマーメイド,823,4,6138,626500,9,2,5,9,3,4,7,6,45
4RVH0M1GC,宥黎,6MWHCNJE8,蓮之空小賣部,334,0,6139,626250,4,6,7,5,4,4,6,7,43
KH4X5VA6F,Acce,AWFDLJ1HC,小蓮花（重生版x,995,10,6140,626000,6,4,10,8,6,7,7,6,54
LA9FKEHLJ,Fish,PDMPF3VVV,r/LL,1146,18,6141,625750,9,8,9,7,9,9,8,8,67
4LKF50K1R,まぎこ,1VPK1PKFW,すりすりの森,1046,9,6141,625750,6,10,10,5,10,7,10,9,67
EPHX81K8T,初級陪恋,919XF8V2V,蓮之空大三腳,830,2,6143,625500,5,10,2,5,5,5,7,7,46
8PT36V7BP,アシッド,5W8RPRVUA,ド！ド！泥！,1281,11,6144,625250,9,10,9,9,10,7,10,10,74
X60G3C7KY,藍音,CV62FGL1U,花咲かせ隊,1181,13,6145,625000,7,7,9,7,8,6,7,7,58
HKTN4ENR4,れな子,RXXUPMWB9,待機室跡地観測所,529,4,6146,624750,2,1,2,2,2,1,4,4,18
9DLNXJ9JG,ライデン,5L9GNT78V,叶え！私達の◯◯,902,3,6147,624500,7,7,8,5,6,5,7,7,52
HXLWR75NA,ミント,E5JKTW00K,蓮ノ空まったり部,340,0,6148,624250,8,8,6,5,5,4,4,7,47
6AGXCDU9W,YoT,4J35EAAHM,蓮ノ空麻雀部,1045,7,6148,624250,7,7,8,5,6,6,5,8,52
XRGPHWY2U,kanpa820,K25DPPGT9,圧倒的にまったり,970,2,6150,624000,4,5,7,4,8,4,8,8,48
V996FY5EP,ナツサイダー,J5CKL5YPX,ログイン勢かもん,516,0,6151,623750,7,7,10,7,6,5,8,7,57
G13EPL73N,ゆうきさくたん,CJWR9P8LM,花帆さん愛でる会,330,0,6152,623500,7,4,6,1,2,7,3,5,35
4V75X1445,アリカ,N1JAJ83CA,蓮ノ空園芸部,1350,0,6153,623250,10,9,10,7,9,10,8,7,70
NB0U0UY70,Shinya,NDGW77R2V,こず花帆尊い,882,0,6154,623000,6,6,5,6,4,7,7,7,48
4L7GPJLGX,ちくわ(・8・),07JW71HWG,良いチケで観よう,1223,3,6154,623000,10,9,10,8,8,7,8,7,67
78RYGYT9Y,Corus,PPAHU1TNY,蓮ノ空のんびり部,1036,4,6154,623000,5,6,7,4,5,4,7,7,45
HX6YMMT89,AB-C,N7J2R9JDN,ログイン目標勢!,926,2,6157,622500,1,2,2,1,2,5,4,1,18
TNF32G80P,ゆゆゆ,6KUYCDLGR,かよちんは宇宙,1279,5,6158,622250,8,8,10,9,10,10,9,10,74
X0NCVG4BF,ハリノ,W9V6VTXAN,梢先輩の歌声好き,559,0,6158,622250,8,3,5,5,4,1,7,5,38
18LH5JL0F,まき,JWUL2T36L,チーム初心者,612,3,6160,622000,5,5,10,5,5,5,10,5,50
8Y9B0GX56,ユーザー2,948FLPMPN,まったりハス煮〜,266,0,6161,621750,1,3,6,5,3,4,6,5,33
LJKKX85U2,さやエンドウ,HGVHHB78D,蓮ノ空写真部,1057,6,6162,621500,4,4,8,5,6,5,8,8,48
D4E6V58VM,seita,6YTAMD33M,リリエンフェル党,374,0,6163,621250,8,4,6,1,3,1,2,7,32
YRKQRCWSE,ベニーモ,R7VEXFUBP,蓮ノ空応援クラブ,1169,6,6164,621000,9,9,8,7,9,8,8,8,66
RALSRZSB5,☆☆RIKU☆☆,V26546K3D,乙宗気合筋肉,1134,4,6165,620750,7,5,6,4,8,8,9,10,57
WEL69NWEA,はしげん,D7UA5ER1E,UR報酬欲しい！,1160,5,6166,620500,9,10,10,7,9,9,9,8,71
2IPQX11VQ,凛御,A282LX3AN,かほさや信仰,821,3,6167,620250,8,10,5,8,10,10,10,8,69
5M9V6VCJA,ゆーき,YD5YULYRR,ゆる〜く活動,480,1,6167,620250,2,3,4,4,2,4,5,1,25
UH2K3KF2L,なかでぃーま。,YNR28303K,りんくらぶ,1044,14,6169,620000,5,7,9,10,6,10,7,6,60
R63K94QIY,東條,9JTF508LB,スクスタ亡霊部,1158,0,6169,620000,7,8,8,7,9,8,9,8,64
RE3RWJXE3,あるます,H0DV3JJGA,かほさやてぇてぇ,1091,9,6171,619750,4,4,8,4,8,7,9,10,54
MHVY39NK2,朝霧かえで,WNA5GTJPP,蓮ノ空百合クラブ,1177,0,6172,619250,8,7,7,8,7,8,9,9,63
UY440ZNJ2,ＫＫ,N94LEWF2D,無言よわよわの会,1377,8,6173,619000,8,8,9,6,9,8,9,8,65
6PGPS88DW,さやかぴょん,DFXN9DB2H,どんぐり共和国,1226,6,6173,619000,8,8,8,4,8,7,8,9,60
LPQA412CF,ラ！イチ,57HNJ07NK,みらぱ推活最前列,1060,2,6175,618750,4,4,6,4,6,5,6,7,42
8V49H6XKN,ツッチー,KNRD3YG7N,ケ・セラ・セラ,1204,8,6176,618500,8,8,10,7,9,10,9,9,70
YCBF4FJU9,in章鱼,J800VVPTN,Aqours,1069,8,6176,618500,6,6,7,4,7,5,8,5,48
HX37TV2WY,鈴鳴,LETV4C1KG,無言の行,410,0,6178,618250,5,5,9,5,6,5,5,8,48
6RFEETJ8E,なな,F8MLHU2NV,乙宗梢様､､､,1371,12,6178,618250,9,7,10,10,10,10,10,8,74
QX0JBHJVO,にーたに,B1KYU3XF8,LG lotus,808,4,6180,618000,1,3,1,1,3,1,2,1,13
5X73VOAM3,幸水梨,JVX27DWXH,和梨好き倶楽部,1167,11,6181,617750,4,7,7,5,10,9,7,8,57
XW5PKDMNY,スリーズ217,JTBMEXV8L,ひとりぼっち,756,2,6182,617500,7,8,8,10,6,9,8,9,65
TVT2VKL3U,Rin00,EWM0GK62C,誰でもどうぞ,413,0,6183,617250,3,7,2,1,6,1,2,4,26
OBCAGAJ7Z,てつじんFX,0JY7F3EKU,さやか愛でる会,955,2,6184,617000,4,3,9,4,2,1,9,10,42
YKC0BTK7F,じぇい,58FD7UF8J,としとしサークル,910,3,6184,617000,5,2,5,1,6,2,6,9,36
8NW8OZ4EX,参多,K25DPPGT9,圧倒的にまったり,1315,6,6184,617000,10,10,10,10,10,10,10,10,80
H5X7KUBN7,妍錦,TWJ862EPN,こにゃとも,710,2,6187,616750,10,1,5,4,4,1,8,5,38
1WG3YG8G3,黄色課長,N7GLY2RUW,百生銀行,1214,1,6188,616500,8,8,10,10,10,10,10,10,76
PHG9D1W6M,いなもん,LB2YHKR6K,さやか推し,681,2,6189,616250,3,6,2,1,4,1,9,1,27
PK6X4URJR,あやみつ,2DYYAPFVN,蓮っ子村,988,0,6190,616000,7,8,9,7,7,8,7,7,60
GM50AF2D3,てんりゅう,FVJABCVP3,瑞蓮ラボ,1052,11,6191,615750,6,6,7,9,10,8,6,5,57
7AH1GMFM9,でら,NK05UMLWW,かけ込み寺クラブ,707,2,6192,615500,2,6,8,10,4,3,7,8,48
IN3IOLM1C,辰@未定,XXVVJY6FE,はぴぱれ,1340,17,6192,615500,10,10,10,9,10,10,9,9,77
4BBWK0TPE,はやとん,TD87P23DJ,黄昏の旅団,593,1,6194,615250,1,2,1,5,5,1,2,1,18
UFUDFBLJJ,ワラタ,BH9YH1YL5,ラブライバーの森,951,6,6195,615000,1,1,1,1,1,3,4,1,13
TJ9X21TX1,たっくん,H6CCL64P9,NATTO,705,0,6195,615000,7,4,8,10,3,6,6,7,51
0NZ9E2H1F,コオリン,KFC62L0FV,ねるねる同好会,1194,2,6197,614750,4,1,1,5,4,4,7,4,30
Y4M5MKCC7,あきゅーう,B08JAPP33,対抗戦したい,872,5,6198,614500,5,6,10,7,5,5,7,5,50
ZMSIMQGDN,ハレカ,V26546K3D,乙宗気合筋肉,993,2,6199,614250,3,2,1,4,1,2,6,10,29
Q04C8VGGG,ヨピダ,NA8FEYN0M,蓮ノ空飲酒クラブ,981,2,6200,614000,7,6,6,7,6,7,7,8,54
GQHL511BS,からあげ定食,JR306W0RL,毎日がエヴリデイ,1141,4,6200,614000,8,6,7,7,6,4,7,5,50
KFUXN8KTK,colo,PDTRRYUGM,石川県民ひろば,947,0,6202,613750,4,5,1,4,4,7,6,7,38
EX6VM8T8Y,天使のクローバー,97BGFLKW9,◯◯◯,378,2,6203,613500,8,4,3,10,2,2,6,1,36
K0FNDM0LE,にきお。,06DCWC1RE,とりあえず参戦用,1064,8,6204,613250,1,4,4,4,7,8,9,7,44
FFGIOIHH8,日守咲夜,VP0K6KF0K,蓮ノ空大好き!!,1222,6,6205,613000,10,8,7,10,9,10,6,5,65
TBGNN4KIZ,エルハート,J09VEX2ER,くるくるポーズ,1075,1,6205,613000,5,4,5,1,6,5,6,10,42
M6THEU0T1,クロレラ,04D5UV5XN,汚れてゆく花びら,1469,18,6207,612750,9,10,10,9,9,8,10,10,75
NEFTKLIJ4,ねこいぬ,MVMP6NNXD,空き時間らくがき,1268,5,6208,612500,7,7,8,9,8,8,9,10,66
AUT8U1RRX,かが,XVTV7MVCX,雪月花,274,0,6208,612500,1,3,2,2,4,1,4,1,18
HM0BGJUWX,イド,XBYPEYL3W,蓮ノ空,482,0,6210,612250,4,2,5,7,2,4,7,7,38
3L9XN3EE0,けろん,HXXWV79PL,nitkc,1079,6,6210,612250,5,2,4,5,7,6,9,1,39
LVUF6AS2F,アロー,KT4P0CHHC,ゆったり同好会,517,0,6212,612000,2,3,7,8,3,3,6,1,33
OPB2WTUT7,や,07JW71HWG,良いチケで観よう,1179,2,6213,611750,6,6,6,4,7,5,7,7,48
8S0IOEA2V,はるひ。,UHF5Y8PEF,さやちゃん倶楽部,1323,5,6214,611500,7,7,5,5,8,7,7,8,54
NP3JN6MCT,たくみ,0R8BXPRC1,ポチっ！とクラブ,564,2,6215,611250,3,1,6,1,2,4,3,1,21
SNRV55GP6,カカオ,TD87P23DJ,黄昏の旅団,742,2,6216,611000,7,4,5,4,4,4,4,7,39
JD7REC13L,ヴィク,0B8RTHY4D,のんびり屋さん,599,1,6216,611000,6,1,9,7,4,9,6,5,47
0R3LEX68G,小泉,NDTPN879N,ライバーズハイ,1131,2,6218,610750,1,2,2,2,2,2,2,1,14
JSSNYCAIX,いろは,8XMW94CPX,ヒノチタカバディ,589,2,6218,610750,2,6,4,1,4,4,3,1,25
M2EHMTYIN,みと,WTJV514G9,蓮ノ空のお弁当屋,1329,3,6220,610500,1,1,1,1,1,1,2,1,9
C8EDB9KP5,しず,HMBW9DXY2,蓮好き皆あつまれ,432,0,6221,610250,6,8,10,6,7,2,7,8,54
E53QIZ30T,ばし,J62DRC7J5,蓮ノ空好き好き会,1047,4,6221,610250,5,4,7,6,6,6,7,8,49
P5UHQR1XO,ねぷ,9YM3DBTB7,泥民館,886,2,6223,610000,5,7,7,5,6,5,4,5,44
9LV8SRJO9,sake,9EYH317R8,イカトンブライ部,880,4,6224,609750,8,10,10,5,5,5,2,1,46
U8NY3O5FE,ぞん,5W8RPRVUA,ド！ド！泥！,721,2,6225,609500,4,2,2,1,2,3,4,2,20
DMZICJ1FP,めたつか,JDAG79TG7,百合ノ空観察部,1306,4,6226,609250,8,7,7,8,7,7,7,9,60
VA7MC8S5R,向山浪次,67F1KB00K,さやか推し♪,1147,17,6226,609250,2,5,2,1,10,1,3,9,33
2GRGTU1CA,レーヴェン,B5LABACNK,ソロ専クラブ,713,0,6228,609000,4,8,8,4,4,4,6,5,43
NQHZ7OXAT,たまめ,57HNJ07NK,みらぱ推活最前列,898,8,6229,608750,3,3,1,2,4,6,4,1,24
6B4NRD19H,あおかえる,5NPVVUGH7,蓮すきすきクラブ,998,5,6229,608750,7,4,7,4,6,6,6,5,45
23A9ABC8X,学院生,7B8K574NX,GEAR,638,0,6231,608500,7,7,7,1,4,5,6,5,42
73297P5U7,ばんおじ,VNEY6C9BE,スリーマーメイド,989,7,6232,608250,2,1,1,2,3,1,5,1,16
RABF78VCD,あすた,BH9YH1YL5,ラブライバーの森,857,2,6233,608000,3,2,1,2,4,1,2,7,22
L560UAX4N,Shioriko,BXGNMY466,ライグラ用,371,0,6234,607750,4,4,2,1,4,2,6,1,24
VFR7CH5PC,リトー,LAKRG5NK9,ログイン勢,703,0,6234,607750,8,5,6,4,6,5,7,6,47
U56OJ1JH5,ユペ,TKVR3KU7L,ネギトロTKG,1097,13,6236,607500,3,2,1,3,2,7,4,4,26
NFC2PKZ4U,テラ',P2J37FNLG,乙宗先生指導会,1389,13,6236,607500,9,8,10,8,10,10,10,10,75
PXNCYHWG4,がんばるくいな,RKT7BC4F6,人形浄瑠璃乃,1031,6,6238,607250,1,4,2,2,2,3,2,1,17
79G3L232E,akito,D7UA5ER1E,UR報酬欲しい！,770,0,6239,607000,1,1,1,4,2,1,2,4,16
4ORAL6L8W,もなか,31A7JKC69,蓮好きの巣窟,1169,12,6240,606750,7,7,8,5,10,7,8,7,59
E4DWMKHBU,あおかぜ,XPRA8TRVE,蓮ノ空ロボット部,805,4,6241,606500,1,2,1,4,3,4,4,1,20
30U9BR23Y,たね,3F0M4HXJE,蓮ノ空まったり部,1056,8,6242,606250,4,1,2,4,4,4,3,5,27
1HV16XJ4F,Jayjayli,AT3WYLPP8,SIDF,500,0,6242,606250,5,10,7,5,7,5,5,3,47
XXH1QBRDU,岩石,XEENRBXCG,蓮ノ空休日クラブ,980,1,6244,606000,7,6,5,5,3,5,4,4,39
ETTTK786B,月影,WN3LHKX0L,レンコンおいしい,630,0,6245,605750,7,6,7,4,6,6,5,7,48
CXGK2BN4L,ステイシー,KULVP7FDR,アニマル分室,1198,13,6246,605500,6,6,6,4,6,7,10,10,55
H88AFB9YU,丸刈り先生,F2M746D4B,頑張らないクラブ,1075,12,6246,605500,7,6,7,7,7,8,8,9,59
S6L3SRKSJ,Shigure,6MWHCNJE8,蓮之空小賣部,834,4,6248,605000,4,5,1,4,2,1,4,2,23
1FLNXUHW4,ぽよ,7MPNTWKTN,Dreamers,717,3,6249,604750,10,8,8,10,10,10,5,10,71
4JXE58LN0,カザモリ,B08JAPP33,対抗戦したい,683,0,6249,604750,7,6,8,6,7,6,7,7,54
MZLX5YZ5H,たまらいなー３９,9DKR4Y2CJ,蓮ノ空老人会,1457,2,6249,604750,10,10,10,10,10,10,10,10,80
6VJWWKHNK,歿羽,KULVP7FDR,アニマル分室,1174,15,6252,604500,5,8,10,5,6,8,7,5,54
ZUMETXLUS,タト,V26546K3D,乙宗気合筋肉,1065,4,6253,604250,6,6,6,4,6,5,7,7,47
B213MOIY2,にゃんちゃん,H6JWBBGCG,蓮天・乙宗一心流,1032,10,6254,604000,1,4,7,7,7,8,6,7,47
TT9HTHLU2,時崎しおこ,X33HHA9F8,アルストロメリア,839,7,6255,603750,4,4,8,10,6,5,6,8,51
1MRJ6APAL,MSKARIN,NLB84DYBF,下松系拉麺同好会,983,2,6256,603500,4,5,7,6,7,6,7,7,49
PAEP5848G,りん,HWXEVBW48,ミッション参加用,638,4,6256,603500,8,4,9,1,10,6,6,1,45
CJHC5HTV5,白濁課長,AH27N260E,百生信託銀行,901,0,6258,603250,8,8,9,10,10,10,10,10,75
22BVL1RNU,benzene,N83DW3NYG,†極最強倶楽部†,601,0,6258,603250,5,4,5,7,5,4,6,7,43
BYGIUGFV8,ぉまま,R09FX9JHJ,めぐ0番隊,425,0,6260,603000,2,1,1,5,3,1,1,1,15
KWL5BU5XE,おせんべぇ,BG041A4MD,TK会,803,0,6261,602750,7,6,7,7,7,7,6,7,54
PKC3KXJPF,Fleur,573J1JVVK,かほかほ,592,0,6261,602750,6,6,5,5,7,6,7,7,49
QKH1LW457,しまう,GWGDMA3YC,初心者無言自由だ,979,5,6263,602250,6,7,7,5,8,9,8,8,58
BXLW715LV,のっぽパン同好会,N2KCENRKH,猫＆旅大好き部,1210,9,6264,602000,8,5,7,5,8,7,6,7,53
7CCY292RV,れみ,LHXNEF3D5,まるまるサークル,625,0,6265,601750,10,9,10,7,4,1,4,6,51
37HUYFNLE,ゼノ,7U20138DB,LGP,1117,8,6265,601750,8,6,7,4,8,6,7,10,56
2RX2LQHZR,フシ,FTUJJ5KM9,無言◎私生活優先,1066,4,6267,601500,4,4,5,8,10,1,7,7,46
TVF18GHGM,maritime,CY3GGDH7H,㍿キモ・オタク,577,1,6267,601500,10,10,10,10,10,10,10,10,80
TP9QX75UO,みなみ,X33HHA9F8,アルストロメリア,1046,4,6269,601250,6,6,9,5,7,8,6,9,56
RXZUHTNLA,トマケチャ,X7YM9EG8K,伝統の石川地酒,1266,2,6270,601000,9,10,9,10,10,10,9,9,76
7H6Q3HRIZ,KUMA,MVMP6NNXD,空き時間らくがき,1110,9,6271,600750,7,4,9,5,9,8,10,9,61
NKA074DXL,なべさん,PLBBEX019,待機室目指し隊,1088,2,6271,600750,7,6,7,5,8,8,6,7,54
3X19PAA57,よっそん,G59NGM0XA,シュリーレン,1086,10,6273,600500,7,9,10,7,9,7,9,7,65
FH77ZUBH1,タルヒ,0VEMMV8E2,スリブとまったり,1008,10,6274,600250,6,6,7,4,6,4,6,7,46
1126N34B7,ヴぁい吉,5VBB4F8N2,灰色ペンギン,954,2,6274,600250,4,7,7,6,7,5,7,1,44
K6838X4YV,よつは,4LU50R56J,誰でもOK,428,0,6276,600000,2,5,3,1,8,1,4,7,31
HPGSAY8P5,ゆう,JA2C658FW,さや綴理の村人,1128,12,6277,599750,1,5,9,5,8,2,10,8,48
ANVX1T7AU,なちぴ,5JA9K5FAK,オタサーの姫芽,346,0,6278,599500,3,3,4,3,5,4,4,1,27
D5H8MC8BN,そら,08DDCV5JN,黒ねこのしっぽ,650,2,6278,599500,8,4,8,7,9,2,6,5,49
LBUY5X814,こーき,26JDLMBLN,徒町は強く生きる,904,7,6280,599250,6,4,8,4,4,5,7,5,43
HEX73ND4Z,咲,6HV2RH6TU,イベント用、無言,1142,0,6281,599000,7,7,10,7,7,8,8,8,62
6PFP8556Q,ヤナギク,TM19BMU7C,ソロプレイヤーズ,1091,17,6282,598750,4,6,7,4,6,6,7,8,48
P242GVW86,chi,C9DAJ6YFV,のんびり,933,13,6283,598500,1,9,9,4,7,5,7,8,50
MXCH20FJE,あみば,N8L41JAA7,無言 ノルマなし,1114,1,6283,598500,7,2,7,8,4,4,8,9,49
J70J2LFW4,かたりべ,JCRNT9GKB,ハントンTKG,1055,5,6285,598250,4,4,4,4,4,4,6,5,35
J62AAWG4W,みか,AA74NLRYD,蓮ノ空高等科,535,2,6286,598000,4,2,4,1,5,4,3,5,28
DW1Y5L3V1,やっすん,M6UPWJ6DU,蓮結ぶ虹と星の音,816,4,6287,597750,4,3,10,9,10,7,8,9,60
P7KNMJMAS,西園悠,C2XLWUTL1,夕霧綴理親衛隊,1122,6,6288,597500,4,4,5,7,8,9,8,9,54
MJTJRW6G0,とし,HPTHY23VR,蓮ノ空文芸部,484,0,6288,597500,6,10,10,10,7,7,8,8,66
8CQYZZWWJ,スミソ,VY26V3P0K,AltF4され隊,1288,2,6290,597250,8,7,9,7,8,8,9,10,66
CMD2CYYS7,8738217,C0NDBKMRB,すりぃずぶぅ家,1074,12,6291,597000,4,4,7,5,8,6,8,8,50
XD8VGOECH,ギルキ,3HDDYR4FU,旅人,1112,7,6291,597000,5,4,7,6,7,8,7,7,51
BXHAYO7HG,リンゴ,A3472CNJE,ハントン✿ライス,1137,11,6293,596750,8,9,8,5,6,6,8,7,57
8GUCXR1Y5,あいうえお,2ULM366U6,毎日がエブリデイ,1152,6,6294,596500,7,7,8,4,7,7,8,8,56
7WGHWWIKO,はなさかびより,BT22M41DV,梢花帆吟子同好会,1084,10,6295,596250,7,5,9,4,7,7,7,7,53
GF6QWYHZY,Yasshy,V8XX999F6,卍蓮村幼稚園卍,1167,4,6296,596000,4,1,9,4,10,3,10,10,51
WG1X42VXE,SW,E6WR9G75P,安養寺姫芽推し会,672,0,6297,595750,9,8,8,7,9,8,8,9,66
O0C69X0YL,もっちぃ,8VGXWTV3U,R.opRizm,968,5,6298,595500,7,6,10,7,7,7,9,9,62
ZYDH4J2RW,とってい,CW1FEUNC0,リンクラゆるぼ,1064,13,6298,595500,8,8,9,8,7,6,7,8,61
GTV4FW7U7,アトッチ,DVF76RK9D,ぼくらの太陽,912,8,6298,595500,1,2,6,4,4,4,2,1,24
JPTC9N7P9,午後の紅茶,DFXN9DB2H,どんぐり共和国,918,6,6301,595250,7,8,9,4,9,9,8,9,63
Q5F4BCOHK,かき,CYC7TE27P,ABC,1147,13,6302,595000,4,6,8,7,7,7,6,7,52
7JWS0H3F9,- prj -,MCKLPUFF4,J⚽x蓮サポ,1350,7,6303,594750,10,10,10,10,9,10,10,10,79
85691MWJW,あお,WLBYGHXPD,大天使村野さやか,1062,10,6303,594750,10,10,10,10,10,10,10,10,80
43FU9H05D,ハヤランテ,G0J2F9NAL,さやさやさーくる,1259,8,6305,594500,4,3,7,7,8,6,8,7,50
WVWNFE0WM,瑛人,26CAPRWLJ,大倉庫救助隊,610,0,6306,594250,4,5,5,4,4,5,6,5,38
2G8NVPJAT,ぶっちー,GVT61ATX0,なのだけれど,839,2,6307,594000,4,1,4,4,6,4,2,4,29
7KCG7KX0C,marl,RA6HBJGUA,Bloom,360,0,6307,594000,2,8,1,4,4,1,2,8,30
NX8P49EJQ,那須光輝,ULUELCJ7T,なるようになる？,944,2,6309,593750,5,5,7,6,6,5,9,7,50
5F3UQPXAA,あかつき,E1HVJ71JR,ご自由にどうぞ,1227,15,6310,593500,10,10,10,10,10,9,10,10,79
P070CLQMI,ゆう,DFXN9DB2H,どんぐり共和国,1204,15,6310,593500,7,6,9,5,10,7,6,7,57
E389HHET6,アズサ,FVJFA973A,月猫愛好会,355,0,6312,593250,8,6,7,4,4,4,6,7,46
936LNGCY6,山法師,FMKP92LRL,目が霞む人達,673,0,6313,593000,1,1,10,2,2,8,6,5,35
WVYKUGLWP,ててててー,8NFDBY4L5,浄龍桐生会,797,0,6314,592750,9,9,9,8,8,8,7,7,65
W88VK2IFA,ジュウザ,WHWT61ELR,【無言】ハスノソ,1288,7,6315,592500,9,8,9,7,10,9,8,9,69
6HG2GFLBK,ちぃ,G8F0M2PH2,アフターウォール,844,0,6315,592500,1,4,2,1,4,2,3,1,18
9HT1LVL9E,神の怒りマン,X7C21B7H7,泥,1386,15,6317,592250,10,10,10,6,7,10,10,10,73
ANAAJAWPG,ちょこ,X0TFG829Y,ボクのおうち,301,0,6318,592000,10,7,5,6,5,4,2,2,41
KGQFP3AE7,さはら,A3472CNJE,ハントン✿ライス,1159,3,6318,592000,1,2,5,4,4,4,6,7,33
K7U638T6V,むつき,WLFW6UCX5,無敵級ビリーバー,1265,17,6320,591750,7,8,7,7,7,7,7,8,58
D5EF040PR,棒dot,8XMW94CPX,ヒノチタカバディ,221,0,6321,591500,1,4,1,1,2,1,2,2,14
XEL1BGLXF,ケン,3DDPBCE5J,蓮の空 応援,705,0,6322,591250,8,10,6,7,7,8,5,5,56
TK48CG05W,なぞ,FVJFA973A,月猫愛好会,540,2,6323,591000,4,4,10,1,4,9,2,1,35
CY93LEX5V,トレハロース,ABALH0AL3,楽園計画,937,2,6323,591000,7,4,7,8,6,8,9,8,57
8CAKRLNXA,ふるえるてんむす,3F0M4HXJE,蓮ノ空まったり部,799,0,6325,590750,8,8,8,7,8,8,8,8,63
M0U3RND8T,かときち,GPKTRBCTT,騎空団蓮ノ空支部,371,0,6325,590750,3,5,4,2,6,3,6,1,30
QQD06KKLL,ユウ,RP0CU9UT9,かいわれだいこん,1142,5,6327,590500,8,8,8,7,9,8,7,8,63
JPK201EDD,月夜见海月,EYEPHE14G,花上梢頭,356,1,6328,590250,4,5,7,2,5,2,4,1,30
L3BPYYD4A,スミグ,WCL6R1ANU,無所属の会,652,0,6329,590000,1,4,7,1,3,1,4,5,26
4N3K7MPTN,あばば,0FMM30LCA,無言,394,2,6330,589500,4,6,4,7,6,1,4,1,33
I45HQK45Z,練心,HA6MUTC30,自由なのだけれど,980,3,6331,589250,7,6,9,5,7,6,7,8,55
EBJVNR9XA,伊地知,WN3LHKX0L,レンコンおいしい,435,2,6332,588750,5,4,7,5,7,4,6,7,45
UM2LVWXA3,れのあ,9YM3DBTB7,泥民館,1143,7,6332,588750,4,6,5,6,5,5,7,7,45
HOQZVO3QI,ゆき,NMFBD39FM,蓮ノ空分室,1250,16,6334,588500,8,7,10,6,10,7,9,8,65
Y6AD1P6G0,ウルトラホイサー,2CRT48K9F,百万アンペア,956,6,6335,588250,4,4,5,5,5,7,7,7,44
ENKMRR9QR,ひげまる,CYJAC1CK2,チームK,914,11,6336,588000,4,2,5,6,5,9,4,5,40
HBJXD2ARD,水島マヤノ,H837E0M9R,沙知先輩大好き部,448,0,6336,588000,2,5,2,1,4,5,4,10,33
YJ8E9TJ4E,紅蓮の漆黒IV,8YNHW7530,虹ヶ咲、蓮ノ空,620,0,6338,587750,6,2,7,4,2,4,5,4,34
NY4CWPFGZ,ユノ,2K5AM4RV0,とろぺりです,1147,1,6339,587250,6,7,9,4,7,7,8,8,56
HC2Q3Y4OD,めぐ党員ふみりる,5JA9K5FAK,オタサーの姫芽,1031,0,6339,587250,4,7,6,4,6,6,8,8,49
B7LX9EB8X,わすずめ,3NANDJVEF,ROM,926,0,6341,587000,4,4,4,5,4,4,7,4,36
DLXBXU264,ますくん,WN3LHKX0L,レンコンおいしい,1100,5,6342,586750,5,7,9,4,8,5,9,8,55
UMR9ZELZU,しあわせうさぎ,7X71T9R7J,憩いの場所,1049,8,6343,586500,7,5,7,4,7,6,7,4,47
MD9NVKB3T,もじゃ猫,E12PR824F,ゆるっと蓮ノ空,703,1,6344,586250,6,7,6,4,8,1,7,2,41
RXTMR8X90,みさかず,UV2CLCL12,ヒトリダケナンテ,517,1,6344,586250,2,3,3,1,2,1,3,1,16
JM4XN6ATL,まなてぃー,427WENUC4,心の癒し～蓮ノ空,658,0,6346,586000,5,4,6,6,6,6,6,7,46
PINE4LHL9,山東 良,1E8TVWRK1,RYO,843,0,6346,586000,4,4,5,6,5,5,7,8,44
K9KBTTNH8,どらごん,9RYR14H9L,ソロマターリ,435,0,6348,585750,2,9,1,1,4,4,5,1,27
DPKFZ0HSE,まる2,J83JWJ028,大ㄇㄚˊ露營區,1148,6,6349,585500,4,6,8,6,6,5,9,8,52
A0LGULATJ,あきらーた,573J1JVVK,かほかほ,937,0,6350,585250,6,6,6,4,6,6,6,7,47
K7R75FH0C,365 Days,8A3NB6C6E,城,1033,1,6350,585250,7,8,7,5,6,5,8,10,56
NNB55XACG,ぱーらい,W3UUXHMDV,水彩ブーケ,1105,1,6352,585000,7,5,8,5,6,8,6,7,52
8B9X6K522,れいと,XVTV7MVCX,雪月花,962,3,6353,584750,1,1,3,1,4,5,3,1,19
EY563RWH5,幼馴染み,E1HVJ71JR,ご自由にどうぞ,711,2,6353,584750,10,3,8,3,2,6,6,1,39
BH8PEN0CV,どんなか,WN3LHKX0L,レンコンおいしい,598,0,6353,584750,5,5,10,9,2,4,4,7,46
AMK4CCP9N,Chris,RY2GB8R99,フレーズフルール,965,6,6356,584250,1,6,1,4,3,4,4,5,28
WHNM1AT9N,チャッピー,W3YKKRWHG,ルリと愉快な一家,1166,12,6357,584000,1,10,1,1,1,1,2,1,18
APPNFG74P,まる,L7UKEPJG2,ドンココ,641,0,6357,584000,10,8,6,7,10,4,7,9,61
XTAM81WH5,ぽりん,865UE9UC6,蓮ノ空うどん部,1175,1,6359,583500,8,7,7,6,7,6,6,6,53
1GDT28WOL,うみどり,KA652DGYV,ゆるリンクラ,1433,15,6360,583250,10,10,10,10,10,10,10,10,80
9DM7CC80B,pokki,K44BC8GLR,ことりのダイヤ,1203,1,6360,583250,9,8,8,6,7,7,7,5,57
BV4WYMY7J,みさき,KW0RM1LEP,はすっこくらぶ,302,0,6362,583000,7,6,10,4,6,10,5,1,49
JDDKVBDCC,ゆーま,N752V1LD6,思想の溜まり場,910,0,6363,582750,10,3,8,5,10,5,6,5,52
YP557DRRW,カメヤマ,ATB27G5P2,おこめ茶寮,1263,17,6363,582750,4,4,5,4,4,4,7,9,41
28NDA9AMH,Raymond,LUDNM40F8,ふくふく無言OK,877,4,6365,582500,2,4,4,5,2,1,5,7,30
3YP17J9AW,アッシュ,PUJ0ERCMW,蓮ノ空倶楽部,607,2,6366,582250,6,5,10,5,7,1,5,4,43
FT9V085DE,かとぺ,BT3GEWM5L,ささやか村の集い,1174,4,6367,582000,6,5,4,4,6,8,9,9,51
J8ME6RVGM,うーぱぁ,LAKRG5NK9,ログイン勢,565,0,6367,582000,5,4,7,3,3,2,5,1,30
RHJP1E0BV,せんちゃん,HXVYGL96H,初々しい対抗戦,430,0,6369,581750,2,4,10,4,2,3,8,7,40
JQTSCWXK4,ふっきー,8YDE8BXJT,ずんだシェイク！,1288,6,6369,581750,10,8,10,7,10,8,9,9,71
RMBC7GYX6,キルチ,G6EH0KHT7,なんもわからん,858,3,6371,581500,5,8,9,7,8,7,7,8,59
P39VXMFCH,たけだけしいたけ,07JW71HWG,良いチケで観よう,1087,0,6372,581250,4,4,5,5,5,4,7,7,41
OF66ZMGIM,網焼き,N6T2MVATD,まったりサークル,1408,4,6373,581000,7,8,9,6,7,8,8,9,62
48X9CWCTG,感情の魚,Y6KN85L5P,孤独の村人,188,0,6374,580500,10,10,7,8,5,7,5,6,58
G3EJR3XRF,ka & sa,5L5TJF7YV,蓮ノ空女学院寮,408,2,6374,580500,6,10,1,10,2,2,3,4,38
6TN7KTB8R,の,XCRHL4A94,こんにちわ〜,508,2,6376,580250,1,3,2,1,2,1,3,1,14
78VMKR3BX,Sicasica,279NUYU7C,れんこん,1086,7,6376,580250,7,9,10,9,8,10,8,8,69
JW6QPV8JC,あるそーやん,FC8NBAJBT,ラー麺二郎金沢店,1657,13,6378,580000,10,10,10,10,10,10,10,10,80
ETUW38VLM,ぷらんくとん,L6MF2MPBN,みらくらぱーく党,882,0,6378,580000,8,10,8,6,6,7,7,7,59
WPDBGO32L,トシオ,1EL57CDR0,なんもわからん,745,0,6380,579750,7,4,4,6,6,6,9,8,50
G9QE7D3GD,そえまん,R083H7WRN,サークル無言,1211,7,6381,579500,5,5,8,8,7,7,8,9,57
5APLDUWPV,チゲチゲチーゲ,PLBBEX019,待機室目指し隊,725,1,6382,579250,4,3,5,1,5,4,7,1,30
00X6W4TT9,くろすけ,PPAHU1TNY,蓮ノ空のんびり部,944,2,6382,579250,7,6,5,4,6,8,7,7,50
CY0DM9N7B,しいな,N1DJVPGP8,いつでも咲けるよ,991,2,6384,579000,1,2,1,1,1,1,5,4,16
8F2BM2N1N,ユウ,H837E0M9R,沙知先輩大好き部,1024,11,6385,578750,3,4,8,8,7,6,9,8,53
79U9F0N2C,頼叶,AG9PKMMC3,ぱかぱか同好会,1173,15,6385,578750,5,4,9,7,8,10,8,9,60
G0HVS11TU,カツラギ,3FUP0PJ11,自由ノ空,1017,2,6387,578500,6,6,8,5,6,5,6,7,49
VV0J717AX,バナナ,ELTW62751,安全バーは君の腕,1254,2,6388,578000,6,5,6,4,6,5,6,7,45
LP4D77PYR,ソラニ,A1GBKA16P,アシュラム,1004,7,6389,577750,4,6,5,4,6,4,3,1,33
L3VF8O635,いるさん,VXF8P7NDC,どんぐり。,1232,8,6390,577500,6,8,8,4,10,6,8,8,58
VH67XLPPG,Weegedor,JDHWPLJ32,くぁwせdrf,782,1,6391,577250,5,9,7,10,6,5,6,6,54
LW6WWU4G4,かねごん,04AHXJGFD,ご自由に,1065,4,6392,577000,1,4,4,9,2,1,5,9,35
91MLXG4T4,やかん,CM5THHYHB,「」ノ空だけれど,989,3,6393,576750,1,1,1,1,2,1,2,1,10
1PT26NCJZ,黒澤パール,A3472CNJE,ハントン✿ライス,1038,4,6394,576500,4,4,4,8,4,4,10,10,48
9LETVP1QS,カテジナ・ルース,E17AJTJ9D,楽しみ隊,1185,3,6395,576250,4,6,5,6,6,4,10,10,51
Y7TCH1YC2,k.n.,L1VGJTD5P,蓮ノ空お茶会部,894,7,6396,576000,6,3,5,5,5,7,6,10,47
EL8NCJUPY,とりさん,NRK4MV1C1,茅バール,536,0,6397,575750,6,7,8,5,6,7,7,8,54
AV9K37UG9,るあみ,6H800PBV7,新鮮館,327,0,6397,575750,8,7,8,5,7,7,7,7,56
55AJGAABD,「ぬる」,TBX7N9RK5,つよつよなLH,968,8,6399,575500,3,3,5,1,4,2,4,6,28
K2VA5F7AP,りう,2HEFYHN82,異次元フェスから,429,0,6400,575250,10,3,7,4,3,5,2,9,43
4NF039973,かめ8,H837E0M9R,沙知先輩大好き部,1373,15,6400,575250,6,5,7,8,6,6,8,9,55
4K799HVMN,はち,X0TFG829Y,ボクのおうち,1043,13,6402,575000,3,7,7,8,10,8,7,6,56
VUML2LXC5,きぐたま,L1VGJTD5P,蓮ノ空お茶会部,1102,8,6403,574750,7,7,9,8,9,7,3,7,57
3ZI9W1ACH,しるびあ,JTX1G19BP,さやかほ癒し会,1339,15,6404,574500,9,8,8,9,8,9,8,10,69
RLA0JVUKJ,みんと,8AT7V1C7L,初心者です,389,0,6404,574500,10,7,10,4,7,3,5,5,51
96OD5YL8T,Olivia,EECF9C0N3,蓮ノ空　茨城分校,638,4,6406,574250,2,2,4,2,2,5,4,2,23
VAWW6EPX4,えもマリ,NCF16M74K,村野お弁当屋さん,399,0,6407,574000,10,10,10,9,8,9,8,7,71
M3NT37EWG,花月,PUJ0ERCMW,蓮ノ空倶楽部,730,2,6407,574000,7,6,9,9,6,5,6,8,56
9W27RP14B,夜凪,WBXF9XXW7,さやつづ愛でる会,407,0,6409,573750,9,10,9,5,8,8,5,6,60
JR1IWRFMB,てら,KT4P0CHHC,ゆったり同好会,1086,4,6410,573500,1,4,5,4,4,5,8,5,36
M298SPIY5,なつき,9U8KNU6U9,対抗戦用,1051,0,6411,573250,4,5,6,5,7,8,6,7,48
J0BKGG4A0,しーらんす,RWG56GK19,e+本社ヲ爆破ス,1094,11,6411,573250,5,6,7,5,7,6,9,4,49
049DRK1W0,たまご,R9NGK6L48,のんびりサークル,606,2,6413,573000,7,3,8,7,8,5,7,9,54
6JS3SGQ5U,とりのてんぷら,KJU0BU77M,無言交流なし,403,0,6414,572750,7,6,7,8,7,6,6,7,54
JEWTELT01,あきぴい,XVTV7MVCX,雪月花,649,0,6415,572500,10,8,6,2,3,1,5,5,40
4DMD9L7GF,R,A86FEX2JC,おやさいさん,832,4,6415,572500,7,1,5,8,10,10,7,5,53
TKXFJWA6V,か,JCRNT9GKB,ハントンTKG,1002,8,6415,572500,1,4,6,1,2,6,3,6,29
KMNJY7G0N,ヨハネ,AL5YV097L,個人,470,0,6418,572250,9,6,7,4,4,4,5,5,44
GHGRRXML7,ほのか,DFFYFJ2B6,つづさや好き過ぎ,1150,5,6419,572000,8,8,8,6,7,7,7,7,58
F3KQ4QYP4,りゅーや,G9PDJV386,蓮ノ空初心者,822,4,6420,571750,3,6,7,6,6,9,2,1,40
6421V8L48,くるりん,WH2MKLRRV,みかん食べます？,410,0,6420,571750,10,6,7,8,7,8,7,9,62
DVTLM93EH,ユイナ,M6UPWJ6DU,蓮結ぶ虹と星の音,1206,5,6422,571500,8,7,7,8,10,8,7,8,63
HJX6A0RHL,silky,H1LTYMK0B,花帆が可愛いの会,646,0,6423,571250,1,5,6,5,2,5,3,1,28
F9HDWATWH,スリーズブーケ,8YNHW7530,虹ヶ咲、蓮ノ空,632,0,6423,571250,1,4,5,4,2,4,6,4,30
PR843BHBN,ロース肉,GLP0WPDRM,イベント用の泥,967,5,6425,571000,7,7,9,7,6,5,7,7,55
SHNGG6VH0,carbo,JA2C658FW,さや綴理の村人,961,9,6426,570750,5,4,7,4,6,7,6,7,46
W8VXDKRW3,Rシード,M6JPV9MVW,フォルテシモ,962,3,6427,570500,6,7,9,8,8,7,6,5,56
K6JLI6APA,二度寝,NEYBE8EX2,やさいせいかつ,852,0,6428,570250,4,4,8,4,3,5,7,7,42
UC7HYTK27,ﾏﾙｶﾞｽｷｰ,CTW8DKV5P,まったり,1172,11,6429,570000,5,4,7,1,7,5,2,7,38
666921WMW,零一風儀,BELCUYCMH,蓮hkg香港分部,1122,6,6430,569500,5,7,8,5,8,7,10,10,60
M4TKAYLLO,みーる,72J5PWU5K,ライグラ待機室,1190,14,6430,569500,9,7,8,9,10,8,9,10,70
NXJB9FHJA,おっぴっぽ,F31A07X4V,蓮ノ空福井分校,926,3,6432,569250,5,6,4,9,6,4,9,8,51
OS5JX1KL9,ゆっき,4RNUXBXGL,みらぱ最推し,895,9,6433,569000,10,6,10,5,6,4,3,9,53
W240C9WP8,こぱか,A3X92L6YU,お試し用サークル,1189,5,6434,568750,7,6,7,8,7,8,8,10,61
NXX52THKH,ジマ,DKPMRA0TA,蓮ノ空奉仕部,317,0,6435,568500,1,2,1,1,2,2,2,1,12
DKPOAWBV8,Gato,7XH3K4GBT,LLP,1241,18,6435,568500,10,10,10,10,10,10,10,10,80
U1P4JY16R,ジャック,T045NDKW0,♬さやか愛好会♬,682,0,6437,568250,2,2,1,1,2,1,3,1,13
6J0NK5FNQ,黒咲,3BE2RELRC,見晴台,812,0,6438,568000,3,2,3,3,2,3,4,1,21
YWPCELXWX,よしみ,WCL6R1ANU,無所属の会,447,0,6438,568000,1,10,10,1,9,1,4,1,37
AU0BM86Z8,ししゃも,AAHB7C276,HaCordVN,1124,12,6440,567750,6,4,7,7,7,7,8,9,55
R2CR1VWVD,Mizurina,H0652CHBR,Kimimin,944,0,6441,567500,8,6,9,7,7,7,8,8,60
6F07LU3TK,パサパサママ,NRK4MV1C1,茅バール,442,0,6442,567250,1,1,1,4,3,4,5,9,28
MBPDD909N,三浦勇士,8MLVA67AK,聖ミリオン女学園,825,3,6443,566500,1,2,5,5,7,9,7,9,45
MC8L7AX2W,ジャベリン宮田,FJMA5BPPE,蓮ノ空すきすき部,798,2,6443,566500,8,8,10,5,4,4,6,5,50
DKNB3NE74,ユーリ,G0WRCNRWK,県立沢庵図書館,1095,3,6445,566250,8,7,5,7,6,7,8,8,56
0LKXCACV4,とんべり,WRFLMWL4U,映り込み金魚,924,3,6446,566000,5,8,5,10,9,6,6,8,57
M4EE2D886,TSUKIYO,08DDCV5JN,黒ねこのしっぽ,1040,13,6447,565750,7,6,8,7,7,7,7,7,56
G268UV054,あずさ,9VDEWVP01,瑠璃乃の集い,592,2,6448,565500,4,6,10,6,4,5,6,4,45
Z26C7NHJD,カン,4XRHRYDW4,無言でエンジョイ,1151,12,6449,565250,7,7,8,4,7,7,7,7,54
VUXVDZICT,571,919XF8V2V,蓮之空大三腳,1182,13,6450,565000,8,9,7,7,9,8,8,9,65
JZ4109Y2T,龍仙馨,PHMJLJY5E,ラブライブ愛好家,819,0,6450,565000,4,6,8,4,4,4,7,7,44
9PNLP68BM,たかもと,HXVYGL96H,初々しい対抗戦,895,1,6452,564750,6,8,5,5,2,9,6,5,46
1V5W0LJ7D,☆かなんまる☆,9JTF508LB,スクスタ亡霊部,526,0,6453,564500,4,4,4,3,5,4,4,1,29
I0DUT7VFC,ジミー,VY26V3P0K,AltF4され隊,809,4,6453,564500,8,4,7,7,6,6,7,8,53
LYDM04GML,Rokka,DF7FA982P,蓮ノ空百合部,388,2,6455,564000,10,9,6,3,6,10,5,6,55
YJUXGU9WG,ヤギー,TBX7N9RK5,つよつよなLH,1019,0,6456,563750,4,7,7,7,7,7,6,8,53
YAFAUHEJA,よは,HWMV33W7Y,フラワー泥民館,1172,9,6456,563750,9,8,9,8,9,10,7,8,68
QS8L0QE5K,まさにゃん,54UAWUBHN,リンクラスキ♡,1262,10,6458,563500,7,6,5,7,7,5,4,7,48
AJBWSP306,gabry,PDMPF3VVV,r/LL,945,8,6458,563500,7,6,9,5,9,7,8,7,58
2M7Y5V8IX,ゆーま,X33HHA9F8,アルストロメリア,974,7,6460,563250,1,4,4,8,4,7,7,8,43
T8V4X4DUY,るべりあ,WN3LHKX0L,レンコンおいしい,755,5,6461,563000,10,7,10,8,8,10,10,10,73
VDWR6T91E,ﾘﾄﾏｽ紙,NK05UMLWW,かけ込み寺クラブ,530,0,6462,562750,1,1,6,3,2,1,4,1,19
46Z7SPRES,あわねこ,8GEP3C6H9,蓮好き好きクラブ,1074,2,6463,562500,5,6,7,7,6,5,6,8,50
JVAW467KM,ゆうゆう,95TAREFPT,ご自由にどうぞ,622,0,6464,562250,7,5,8,4,6,7,6,7,50
AGNY1A44A,へなちょこ,HPTHY23VR,蓮ノ空文芸部,884,2,6465,562000,4,4,9,4,5,4,7,9,46
JDPA3CHK7,ジュン,8M6UDX260,ぽけもん好き,1168,18,6465,562000,6,5,8,10,8,4,8,10,59
E855U5FAB,a,F53AELUNC,ソロっと倶楽部,732,2,6467,561500,7,2,7,1,4,1,2,5,29
VODSJNHAL,まほほの,HWMV33W7Y,フラワー泥民館,901,4,6468,561250,4,4,8,4,4,1,6,7,38
KWYEFCKNM,風の方向音痴,GWGDMA3YC,初心者無言自由だ,396,0,6469,561000,4,10,7,7,2,1,4,8,43
21LY4IJ5M,ゆい,8BAYBXUXC,スリブ大好き♪,1182,14,6469,561000,5,4,8,7,8,10,7,7,56
YQAJ1NMDW,めろん,D7UA5ER1E,UR報酬欲しい！,1087,1,6471,560750,8,7,8,5,7,7,7,9,58
05PVI0DXF,たんたん,YUG7566C7,はすおじっ！,1141,2,6472,560500,7,8,8,6,7,7,7,5,55
V89RAPNC1,東郷,VD7N7A4WH,氷青色,839,3,6473,560250,4,8,9,6,6,6,6,5,50
7K0VDAKHY,いとーりき,8FR866PRY,蓮っ子みらくラブ,882,4,6473,560250,9,5,4,4,6,7,6,4,45
M07AVEKXF,オレンジ,UX96YX4T1,『位置について』,362,1,6475,560000,2,2,1,2,2,1,5,4,19
LKU7T3M61,ゆずころ,E58FYF67C,ロータスランド,1089,3,6476,559750,8,7,7,7,8,7,10,10,64
BVGILPKLX,しかまろ,1XX6FWJRB,オートスキップ団,1214,5,6476,559750,4,3,9,5,8,7,9,10,55
TJE8KWF91,かぜさやか,0XUV5025C,めぐめぐバブり隊,1012,7,6478,559500,9,8,9,8,8,8,8,8,66
2NDTXWWRN,綾猫,NDGW77R2V,こず花帆尊い,265,0,6479,559250,2,2,2,3,3,3,3,2,20
669XPP2M5,マコト,KNRD3YG7N,ケ・セラ・セラ,1034,8,6480,559000,7,7,9,5,7,7,8,8,58
DH0CYHU00,moriga,5X7GXU06K,対抗戦参加用,524,0,6480,559000,8,10,9,9,9,10,8,6,69
AVC9ZJTIR,ルイン,K8C99H42D,ルリと喜ド！愛楽,1119,6,6482,558750,7,4,5,4,5,6,6,7,44
RATUEJ6W7,バシム,D7UA5ER1E,UR報酬欲しい！,386,2,6482,558750,1,9,9,1,10,8,10,9,57
L6CV1VLNI,さこ,FH7G62PKW,月火水木金土日,1043,3,6484,558500,4,4,7,4,8,4,7,7,45
41TU4VPVA,ひとひら,BBNEWB1UA,蓮ノ空紅茶部,801,2,6485,558250,5,6,8,4,6,6,7,5,47
H31KE0QCU,ハバネロ,PPAHU1TNY,蓮ノ空のんびり部,927,2,6486,558000,4,4,5,7,6,4,7,7,44
DK1TR6X2L,ずま,UC6PKTX20,音ノ空工業学園,862,2,6487,557750,5,5,5,7,5,3,7,7,44
3Y7CENE77,ちゃづけ,YAY2UK2CT,蓮の空研究部,675,2,6487,557750,9,1,9,7,6,5,4,5,46
9G5XKQESN,そら,R1RM3X0WV,後方腕組みオタク,494,0,6489,557500,1,2,2,3,2,2,1,1,14
9TZFW4GNN,qasireu,E6LTKUYW4,月火水木金土日,1168,12,6490,557250,7,7,7,7,7,7,7,7,56
THLXUC8XM,ChunZura,TXNCTRR1U,瑠璃乃推し隊,830,3,6490,557250,4,6,4,2,4,1,4,1,26
WHUDCVNAA,RM,R9BNLJ11B,瑠璃乃を愛でる会,697,0,6492,557000,6,4,6,4,4,4,5,7,40
WAK3NR9CE,らんらん,BHW3RTLYB,カワウソ小屋,802,0,6493,556750,2,6,1,1,7,1,3,1,22
R1JYFA5DY,ゆう,GYJ3C6TKR,綴理先輩好き好き,955,6,6494,556500,9,8,9,4,6,8,9,6,59
2HWDB5XPD,そに,75UJ5RB97,蓮ノ空雪野球部,723,0,6494,556500,4,4,4,1,3,2,6,1,25
X410C1UAJ,五十幡 矢澤,8EP8BFEV7,蓮ノ空女子野球部,858,0,6496,556250,8,7,10,5,8,6,6,7,57
RJP8N7DBT,だる,P2J37FNLG,乙宗先生指導会,686,0,6497,556000,6,5,8,8,7,10,8,7,59
B28B4X26L,まんちゅう,85G1K4U8U,ゴーイングメリー,929,2,6498,555750,6,7,7,5,6,4,6,7,48
GRLJQ950U,ストまや,D6LVY6JCG,臨時列車,1098,13,6498,555750,8,6,9,6,8,7,9,9,62
QYG654IT8,マイタケ,8M6UDX260,ぽけもん好き,994,7,6500,555500,4,4,5,7,6,6,7,7,46
FAN4DK8HU,XiEYH,CY3GGDH7H,㍿キモ・オタク,863,6,6501,555250,4,10,7,5,2,9,7,5,49
VPQYZI3C9,じゅんじゅん,V7768X8AC,せーので！,1184,12,6502,555000,4,6,7,5,9,8,8,9,56
UL3FJV4ED,た,VP0K6KF0K,蓮ノ空大好き!!,1037,6,6503,554750,7,6,6,5,6,6,4,1,41
1LGB2GBN1,フジ鳥の騎士団,MVMP6NNXD,空き時間らくがき,837,2,6504,554500,6,6,8,5,7,3,7,2,44
9PB9R3TEG,はじめ,95TAREFPT,ご自由にどうぞ,1058,2,6505,554250,4,4,4,4,4,5,5,5,35
KPDU0MRX4,塵璃ちんり,NC2YT2V28,蓮之愛同予者何人,464,2,6505,554250,3,3,6,3,2,6,4,1,28
A6XEBD11Y,くらおじ,96LWYJ3Y6,無言絡みなし,902,4,6505,554250,1,10,5,1,10,1,7,5,40
N90C5Y02D,慶太,1KDUBW4HB,めぐ党0番,891,3,6508,554000,10,10,10,8,9,9,10,10,76
SKJG5KVOL,タロイモ,T8X0G07YB,なければ立てる！,1248,1,6509,553750,4,10,10,9,10,7,10,10,70
32PSH8NV3,とん太郎,EWM0GK62C,誰でもどうぞ,1102,9,6509,553750,6,5,8,7,8,8,9,9,60
ONBYD0CIZ,かわいぺんぎん,BW38LDPRF,蓮浦の星空,1303,11,6511,553500,7,8,8,8,8,6,7,8,60
FKFADAI4E,Jessica,BXHG2KXAD,idol.st,1029,10,6512,553250,6,7,8,6,7,7,7,8,56
1WPJD1K4C,-riku-,LT9K2FP23,慈党リンクラ部,476,2,6513,553000,7,1,3,1,2,1,7,1,23
R0C7FDE1G,まつ～ん,YCJK528P9,ぼっち,735,2,6514,552750,3,2,5,1,6,1,6,1,25
CG165PYMH,もちごめ,3YPGAUM04,ゆのくに天門,1027,5,6514,552750,6,6,9,5,8,8,10,8,60
1W6NYSXDG,勅使河原　奈津那,KWX0HVHCT,梢と綴る刻,907,0,6516,552500,8,7,8,6,6,6,6,7,54
GVKNL9AL5,なす,YMKU30246,参加賞がほしい,737,2,6517,552250,7,6,7,5,6,6,6,1,44
JBY4BPUK9,ごましお,R7VEXFUBP,蓮ノ空応援クラブ,381,0,6518,552000,4,1,5,1,2,1,5,9,28
63539TVDU,みらっぱ,1EBG7YUTL,菅！CAN！叶！,1013,6,6519,551750,8,7,10,7,8,8,10,9,67
4H2X8HG38,和泉ゆき,3YWMY4JVN,82プロ,1132,2,6520,551500,7,6,8,7,7,7,8,8,58
VAMOR4S1E,齋藤,4FXPC55PY,PPIHクラブ,1345,18,6521,551250,6,8,9,7,10,7,10,10,67
BO2UGGOOU,アキ,1G89KTD5X,サークルひとり,748,2,6521,551250,1,7,5,1,4,1,4,4,27
F46R6RJEE,Quantum,AAHB7C276,HaCordVN,996,8,6523,551000,9,7,7,6,8,10,7,7,61
TDJPVG1LD,シマナガシ,AHE0E3JND,ありがと！にひっ,1268,14,6524,550750,9,7,8,7,7,7,7,8,60
2M7Y18NEH,北陸の旅人,XPX36F6JX,無言初心者お試し,988,4,6525,550500,4,8,6,7,6,7,6,8,52
FCHQLCV8M,ソラ,CJ398GJAT,バッグクロージャ,854,2,6526,550250,5,1,1,5,4,6,2,1,25
RCM1KH9T5,zuzu,0B8RTHY4D,のんびり屋さん,629,0,6527,549750,6,4,5,7,4,2,7,5,40
W5MZUUSME,釉薬,XLBU65J86,花の壁飾りクラブ,1123,9,6527,549750,2,6,6,7,5,5,9,9,49
IK9M4RM0F,秋音,762FM3JV4,一蓮托生,976,0,6529,549500,6,6,8,4,6,6,7,9,52
3K3NU4T84,柳書戀,R9NGK6L48,のんびりサークル,752,2,6530,549250,8,6,8,1,5,4,7,6,45
W8E1MXVCE,ぴぴたん,KULVP7FDR,アニマル分室,739,3,6531,549000,6,10,4,5,4,5,6,5,45
4JP7T6L40,にしゆ@空蝉,YVV9CMBLW,東京公演で沼落ち,1004,0,6532,548750,7,7,7,4,7,7,6,7,52
HMWG10VM3,カロン,26CAPRWLJ,大倉庫救助隊,842,0,6533,548500,4,5,5,4,4,5,6,5,38
OUH8RYWSL,もりてぃ,F8MLHU2NV,乙宗梢様､､､,1082,2,6534,548250,2,1,7,8,1,1,2,5,27
DDRVAYYF6,徒花,ABALH0AL3,楽園計画,690,3,6534,548250,8,2,5,5,3,5,9,5,42
WWVES6M3C,ルクス,73CBYJYB0,"oNM,",1002,8,6536,548000,1,1,5,1,4,4,8,5,29
NHJP7M23G,よよ,X0TFG829Y,ボクのおうち,588,0,6536,548000,4,6,5,10,4,5,6,5,45
00EXDETRT,ウヤ,G0WRCNRWK,県立沢庵図書館,1207,12,6538,547750,8,7,9,8,10,8,8,8,66
VTMNJBVVX,Racuto,FB6FUKAD3,あ,576,2,6538,547750,1,6,9,4,10,1,2,1,34
63RJRJK40,mrk,L6MF2MPBN,みらくらぱーく党,263,0,6540,547500,2,3,5,3,2,5,3,4,27
E970J53MM,アグリーな学院生,CRYB2FJ64,つくよみくらぶ,1037,12,6541,547250,2,2,1,1,2,1,3,1,13
O0BJTWQB5,TKN’F73,EMP3TCH05,無題,1146,2,6542,547000,6,6,7,6,9,7,9,8,58
MG8DD5HDV,shizueku,XYRA2MND0,蓮ノ空ゆっくり,681,2,6542,547000,10,10,1,6,3,6,4,1,41
6MRW4X6PU,バーニィ,TR057C1UW,蓮ノ空ぼっち部,1092,4,6544,546750,6,6,7,7,4,6,6,7,49
UXPT5BPGV,mm.smith,88PFL7AX5,流転,1066,12,6545,546500,1,4,8,6,7,5,7,8,46
YSEXFDK4F,シロップ,2L8R7GAV6,大賀美組,1004,1,6545,546500,7,7,8,5,7,7,8,9,58
HC3RWL4YL,勳,1KDUBW4HB,めぐ党0番,762,0,6547,546250,8,6,8,4,8,10,8,9,61
PTKKMUJ59,539,3FF3NB77X,せーはす愛好会,898,1,6548,546000,5,5,5,4,7,7,6,7,46
EH0YPZ15O,山2000,FHN78V2DJ,無言でどうぞ,1250,12,6549,545750,10,9,10,7,10,10,10,10,76
ABVWM6BAB,ぺぺ,T4P115XHD,サークル,651,0,6550,545500,7,10,7,4,10,4,8,8,58
HRXIP7ZP1,TAKA,7U20138DB,LGP,1199,7,6550,545500,8,6,7,5,7,7,8,8,56
GJWBAM9AL,こばそう,F8MLHU2NV,乙宗梢様､､､,697,6,6552,545250,1,2,1,4,1,1,2,2,14
P6KHWM4MG,よっしー,KC1W74B9B,蓮六園,977,2,6553,545000,7,7,8,5,7,6,8,8,56
IN5GCNNWW,かえで,VNGFF4PY9,ねずみね！,1011,4,6553,545000,6,5,7,8,8,7,5,7,53
PXGBT8B48,すずき,ENLEJM4NU,ミジん子,849,0,6553,545000,5,5,5,6,6,6,6,8,47
MT193U4NG,yusa_rio,PD80VCP5N,虹ヶ咲学園,914,1,6556,544750,5,5,5,4,6,6,6,7,44
U3VKEDPP5,縄のロープ,3HDDYR4FU,旅人,873,4,6557,544500,2,3,7,9,7,6,8,7,49
97MRE1C8E,せをはや,R9NGK6L48,のんびりサークル,904,2,6558,544250,7,6,9,7,6,5,7,7,54
52YGRHYTT,たまかぜ,HK0E91U71,放課後写真部,1001,4,6559,544000,2,2,1,1,6,9,8,10,39
1RDJNKFVP,Erimugu,C021HVB2B,第3芸能科,223,0,6560,543750,4,3,3,3,2,2,4,1,22
62H1TJ9TK,初日の出,1D7T2UXC2,無言でのんびり,912,4,6561,543500,5,1,2,3,1,3,4,1,20
8PECGBXG6,めがてん,2DYYAPFVN,蓮っ子村,944,1,6561,543500,4,1,5,4,7,7,6,7,41
N4JUPWPKN,わんわん,RBH0YM8P2,蓮ノ空ラーメン部,1287,10,6561,543500,6,5,10,6,9,9,9,9,63
2XK8L9P2B,ヒナ,FG4170141,♪さやか愛好会♪,335,2,6564,543000,1,3,2,1,2,1,4,1,15
WCW8TF18Y,なまこ,XHJLF3R8H,ゆったりプレイ,1123,1,6565,542750,6,6,9,1,5,10,9,10,56
6Y5H4J14C,さくさくぱい,AH27N260E,百生信託銀行,428,0,6566,542500,8,3,5,4,5,4,3,9,41
JRPYTNK27,あきおらいざー,HXVYGL96H,初々しい対抗戦,931,0,6567,542250,6,5,8,8,7,6,8,9,57
RJFX8NFUU,えるえる(ドクQ,4FXPC55PY,PPIHクラブ,960,3,6567,542250,9,7,10,4,6,7,7,7,57
FT42JAJPY,いさほ,D7B3UYDX2,ダージリン倶楽部,1270,13,6569,542000,10,10,8,5,9,5,10,10,67
Z4CUHQPH7,量産型桜田さん,LY0XPW7NL,元カノ概念強火派,994,4,6569,542000,2,1,1,2,2,1,7,1,17
5CCBYJWI2,ふぃなすず,F2M746D4B,頑張らないクラブ,1512,15,6571,541750,10,10,10,8,10,10,10,10,78
YJZCJLEDY,シンセロ,F56XEUUBE,みらくら自習室,1324,9,6572,541500,5,7,9,6,10,9,8,8,62
D9IRUEYY9,若臣,GR65FP8VN,蓮好き,1177,15,6573,541250,4,4,8,1,3,1,4,7,32
8JKAFBALU,むぎゅん,GR65FP8VN,蓮好き,1039,2,6574,541000,10,6,8,7,6,6,7,8,58
EF25CHGFB,shion,V33FGRFC4,1限目に遅刻ラブ,910,4,6575,540750,6,5,10,5,7,6,4,5,48
D16N584TW,カツノリ,0B8RTHY4D,のんびり屋さん,1147,17,6576,540500,7,7,6,8,10,8,8,8,62
X4UY21YVU,まゆげ,KJU0BU77M,無言交流なし,672,1,6576,540500,7,3,2,1,4,8,4,2,31
F04ZEPJ2I,スズ,WTVG86R4P,おしご党,1041,13,6578,540250,1,5,5,10,8,3,9,7,48
GZ7G4WE2K,/μ/Neco,17AEM7PUN,SIFcord,371,0,6578,540250,7,7,7,4,6,6,7,7,51
A75TA0APN,ちゃんぴー,AVX749PPB,姫芽ちゃん親衛隊,828,2,6580,540000,7,8,8,7,7,8,8,7,60
VNDD501GJ,きょーやま,3F0M4HXJE,蓮ノ空まったり部,653,4,6581,539750,1,2,2,1,2,2,2,1,13
J9R68DPP0,あせと,WE4AB37FP,めぐ党,400,0,6582,539500,3,9,6,4,2,3,6,5,38
LZOIYR7K4,レーイ,X45T3U322,アニメ最高クラブ,929,3,6582,539500,5,5,8,4,6,4,6,5,43
JTH7YPJWC,らら,X0TFG829Y,ボクのおうち,632,0,6584,539250,4,4,7,5,4,5,6,5,40
4414A5DAK,ZERO,08DDCV5JN,黒ねこのしっぽ,620,0,6585,539000,3,1,1,1,2,10,6,1,25
UGTHECU1D,sho,EVH6G4GP8,Number_i,590,0,6585,539000,8,7,8,4,2,1,4,4,38
REPWVKN7F,灯里,K7LC46V5M,Link！ラ部,981,1,6585,539000,8,6,8,5,6,7,7,8,55
UPHHYLN50,HIME,0R8BXPRC1,ポチっ！とクラブ,477,0,6588,538750,7,5,9,4,6,8,7,8,54
L0CE1G8UY,ぬこ,K7LC46V5M,Link！ラ部,187,0,6589,538500,1,4,4,3,3,1,4,4,24
MBFAGD5RL,ノノ,VG03MUF91,自分用,1142,2,6590,538250,10,7,8,8,10,6,9,9,67
TMLW9R0UB,Yui,KUFRXPPF0,754T,400,0,6590,538250,8,8,10,10,8,8,5,7,64
1PULVYJ3T,Mr.カズサ,J5CJ60JTY,Jサポx蓮ノ空,962,13,6592,538000,7,6,7,4,6,4,6,8,48
2Y999264G,RRR2,GYJ3C6TKR,綴理先輩好き好き,444,0,6593,537750,4,3,5,1,6,6,6,1,32
PRGG82GGC,NNH,EEP20F2M8,綴理の綴り,1237,16,6594,537500,10,10,9,8,8,8,8,9,70
IUIWQ5GAU,カンズ,9DKR4Y2CJ,蓮ノ空老人会,1050,4,6594,537500,5,6,7,10,7,5,7,5,52
3U8916AZU,おひる,G8F0M2PH2,アフターウォール,1029,12,6596,537250,2,4,1,1,3,8,6,4,29
J7DEDJWJX,ハネ,GYJ3C6TKR,綴理先輩好き好き,434,0,6597,537000,4,4,6,3,6,4,6,10,43
YFMP0JMBE,aspas,GYG7B5R36,幼馴染同好会,808,2,6597,537000,3,2,1,10,1,1,2,5,25
1ZACB791U,睦月,WAT20PN3Y,こな党,1150,12,6599,536750,9,8,8,6,9,7,7,7,61
WJ8TS0E81,にゅんとこのすけ,A73H7ENN2,エロマンガ同好会,654,5,6600,536250,2,3,1,1,2,7,3,1,20
A40DT357H,ポチェッティーノ,2AUM7L9BW,蓮初心者クラブ,257,0,6601,536000,6,6,4,6,4,4,6,1,37
H7FVEPJJC,聖夜さん_283,AVX749PPB,姫芽ちゃん親衛隊,292,2,6602,535750,2,4,2,5,2,1,4,1,21
VMNE91BLD,ドンホウ,7UX6117P2,重曹圖書館,1041,10,6602,535750,5,5,9,5,6,8,9,8,55
DUOVCMYII,木ノ実,CV62FGL1U,花咲かせ隊,1121,11,6604,535500,4,6,7,2,6,10,7,7,49
IK04UV2OB,くらり,VF517JBVB,無言でいいよ。,987,0,6605,535250,8,6,9,5,7,7,7,8,57
NGJ0XGFNW,おいも番長,AH27N260E,百生信託銀行,542,1,6606,535000,9,6,7,10,6,6,6,6,56
DVHW3B5VN,がつお,AR9HR528A,いろいろ実況,821,0,6607,534750,7,6,7,4,4,6,7,5,46
5MYA0M7KT,ボレオ,D7UA5ER1E,UR報酬欲しい！,928,6,6608,534500,1,6,8,4,4,1,6,1,31
L166EWTKU,グミ,WPG6BCG83,基本無言,1179,12,6609,534250,5,4,5,5,7,5,10,10,51
V7XO4Y31T,士門,3LUL3WR8Y,零組,1079,0,6609,534250,8,8,7,7,7,8,7,7,59
R0GQJCQZ3,ねむい,KULVP7FDR,アニマル分室,1049,3,6611,534000,1,1,1,4,4,5,2,1,19
N7EFF81I9,るあま,6H800PBV7,新鮮館,1038,12,6612,533750,7,6,7,8,8,8,7,8,59
R6RXBL0LH,:p,279NUYU7C,れんこん,1173,12,6613,533500,1,1,8,8,10,10,6,7,51
HPUDDL4PN,ゾロちょー,23PGPJ3NV,蓮ビギナーの集い,1055,2,6613,533500,9,10,10,6,7,7,10,9,68
0S5MIUWHE,ルビー,HBK6KCRPP,無言でおけ,1153,6,6615,533250,10,7,7,7,10,8,8,8,65
PN7YVRUKC,ヒョータ,FTY0R8KPH,泥の皆様,1049,2,6616,533000,7,6,8,6,10,9,9,4,59
X40AG8MC1,あいじぃ,UMG1B9C7V,蓮ノ空女学院,907,2,6617,532750,4,4,5,3,4,4,7,6,37
PTWVLB3W2,RYUKI,LT9K2FP23,慈党リンクラ部,806,4,6617,532750,1,2,1,1,4,1,9,1,20
82NUMY62V,クロツボ,54UAWUBHN,リンクラスキ♡,1034,3,6619,532250,7,7,8,5,7,5,7,5,51
CPH029KF1,ろくろ,26CAPRWLJ,大倉庫救助隊,640,0,6620,531750,4,5,5,4,4,5,6,5,38
H4IEGIJJH,りん,G6EH0KHT7,なんもわからん,1081,1,6621,531500,7,8,5,6,7,8,8,7,56
HP7BEW2LC,ジロ,JTX1G19BP,さやかほ癒し会,1321,5,6621,531500,9,7,7,6,6,7,7,8,57
IPE43Q5EB,今天也要努力起床,X19MP0NTT,蓮之空河豚养殖場,1030,11,6623,531250,9,7,8,4,5,5,6,8,52
3A57DF2TW,あるみふ,EU7JEAJL2,シャウトラバーズ,1057,2,6623,531250,4,6,6,10,7,4,5,5,47
05A8VT3FM,残・陽子,VA6X5YNNF,スリーズ分家,875,0,6625,531000,4,4,5,4,4,1,6,8,36
HMUFML1RR,アプリ落ちる;,FD24TD6C5,泥人,1132,5,6626,530750,4,4,5,1,3,7,4,5,33
F05TP51YP,こてつ,LFB48H6MU,超初心者の会,910,2,6627,530500,1,4,6,1,9,4,6,8,39
DM1QLXKOE,ぴのっ,DLF2YK8WN,サクサクサーカス,998,10,6628,530250,5,5,8,4,7,9,7,8,53
9TVAL76U2,Okina,A5Y1LHLCR,まったり,413,0,6628,530250,6,5,7,4,5,5,5,7,44
DW8YZKJMZ,hoya,BB8UP1P1V,輝く未来,976,10,6630,529750,4,4,5,7,6,7,7,8,48
DP9G14J25,みぞれ,VXDPPJJL1,蓮ノ空リボ課金部,887,2,6630,529750,1,2,6,3,1,1,2,1,17
01M9GFPB3,ロイド,7NJM1VURM,らんるん部。,335,0,6632,529500,4,3,3,2,2,10,4,1,29
PDLBUW7GX,そうめん,1XX6FWJRB,オートスキップ団,564,2,6632,529500,5,1,7,5,4,5,4,7,38
6OEKG692J,みーちゃん,XR2P2LDY3,蓮ノ空さいきょー,859,5,6634,529250,5,4,4,3,3,3,4,3,29
CT8Y3ARJ1,♪りゅうぺい♪,8MTLYLH9F,木星月華黄金宮,205,0,6635,529000,3,4,2,3,4,2,4,1,23
FH503EC4C,まっきー,CRYB2FJ64,つくよみくらぶ,1026,10,6636,528750,8,7,9,7,10,7,7,7,62
N0OQXIE2H,ほー,KWX0HVHCT,梢と綴る刻,596,1,6636,528750,2,2,3,4,2,1,3,1,18
LPTKPXMEN,ココアれお,N7GLY2RUW,百生銀行,1027,5,6638,528500,4,7,6,6,5,5,7,9,49
MD6R73YGJ,soura,59AK7LJ7A,とりあえず,397,0,6639,528250,2,5,5,3,4,5,7,9,40
2UQOXOQLR,はちお,8JMW9G2XW,僕らのリンクラ！,1187,4,6639,528250,5,3,4,5,9,1,8,8,43
KLUX6726R,Ted,FH7G62PKW,月火水木金土日,1293,11,6641,528000,2,2,2,2,2,2,3,2,17
0VQSAJ8ZL,れんこん,8VGXWTV3U,R.opRizm,1315,15,6642,527750,8,7,9,7,8,7,8,8,62
MGXVRNPEJ,とんこつしょうゆ,BT22M41DV,梢花帆吟子同好会,844,4,6643,527500,4,6,8,5,9,7,9,8,56
BQ0QL596B,アキ,G8EE23LB9,虹ノ空クラブ,1262,15,6643,527500,8,8,8,7,7,8,9,10,65
BUFJC6YAH,vty,6C9R15BLY,スクスタ避難民,344,0,6645,527000,2,6,2,1,2,1,2,5,21
2616369MH,さくらタコヤキ,60KU468X3,はっすーず,1067,13,6646,526750,10,9,9,6,10,7,9,7,67
NUG5B0WUA,あつかわ,0NLHKATWL,生きてるだけ偉い,629,0,6646,526750,7,8,7,5,10,6,8,10,61
LTL9AB7MF,マーシー,N83DW3NYG,†極最強倶楽部†,516,0,6646,526750,7,8,10,9,6,7,5,5,57
CA3PEGT3B,きいす,TK9E1BB1P,無言で自由,992,9,6649,526500,1,6,5,4,10,3,9,9,47
RPDYPDXXE,でんぎつね,3HDDYR4FU,旅人,800,0,6650,526250,6,6,7,5,8,8,7,8,55
G7L52NSKB,みっちゃん,MWT91W455,つづこず大好き部,872,2,6651,526000,9,6,10,7,7,6,7,8,60
VN60I5W14,花,3HDDYR4FU,旅人,1187,9,6652,525750,5,4,8,8,6,7,7,8,53
KZ30LG00I,ぽわそん,FF4XH0P3A,ゆるゆるサークル,1212,15,6653,525500,4,5,7,3,7,2,9,10,47
M69WTK3CJ,Ryu-0824,VF517JBVB,無言でいいよ。,649,0,6654,525250,7,7,7,4,8,7,6,5,51
XHJV08S4U,アーク,59AK7LJ7A,とりあえず,963,0,6654,525250,4,4,5,1,6,5,9,8,42
20R7WPWSI,M,WJFRWVXDE,蓮ノ空情報処理部,936,0,6656,525000,5,8,5,5,5,4,5,5,42
C6AX017NX,彩,B2KV0EVPD,蓮ちゅきクラブ,1159,15,6657,524750,9,9,9,9,9,9,9,9,72
BW04BNKWV,Nemoru,5VBB4F8N2,灰色ペンギン,272,0,6658,524500,3,4,3,4,4,3,9,1,31
INKGP7ORH,フジ,XTMGPY62U,スクステ初心者,802,4,6659,524000,1,1,2,1,4,1,2,1,13
H95ALYFDA,な,YNR28303K,りんくらぶ,664,0,6659,524000,6,5,5,4,4,5,7,5,41
KGVM05P8E,おまごん,C8A9CTB34,蓮ノ空山岡家部,1141,16,6661,523750,1,1,10,4,10,7,4,9,46
FR62D9KT4,はにゃ,KT4P0CHHC,ゆったり同好会,801,5,6662,523500,4,4,10,4,4,4,4,4,38
2WCWD92Y0,プラはに,Y2P9LABR2,スクステ同好会③,1262,10,6662,523500,8,8,7,8,9,10,9,7,66
NWWX3QOSS,セブン,HBD61R6WC,梢先輩すきすき部,1075,12,6664,523250,5,2,1,1,2,1,7,3,22
DXEAOQO6F,たねころ,X33HHA9F8,アルストロメリア,1120,12,6665,523000,1,4,7,4,4,4,7,8,39
QO5419XLG,きき,NA8FEYN0M,蓮ノ空飲酒クラブ,926,1,6666,522750,4,2,9,7,6,5,9,9,51
1G00E418P,(´･ω･｀),36DAM7HBL,蓮隠れノ里,1040,3,6666,522750,4,4,8,5,7,8,7,8,51
ATAYGL2UL,つん,A1DY29VGL,まったり推し活部,629,0,6668,522500,2,4,4,4,7,5,8,7,41
849WWDRPT,ツルハシ,R083H7WRN,サークル無言,842,6,6669,522250,1,1,5,1,2,1,6,5,22
8QMPLCOCM,岩之助,KA652DGYV,ゆるリンクラ,1088,13,6670,522000,6,6,8,5,8,6,9,5,53
HL7EDD94G,めるほあ,DC8VP5MAB,蓮ノ妹子,512,0,6670,522000,5,6,7,1,2,1,7,1,30
M5A4O5IX8,みんと,N2KCENRKH,猫＆旅大好き部,1182,0,6670,522000,8,7,7,7,7,8,7,7,58
FV2KFUP8G,ジャガ,CRYB2FJ64,つくよみくらぶ,747,3,6673,521500,5,4,1,4,7,4,2,7,34
4KCU1WKR0,秋人,VAR94KPUT,日進月歩,1146,9,6673,521500,8,9,8,4,9,7,7,8,60
P55YVR9W3,Ｍ３１０,CV8NP1T8K,アイドル研究部,1056,9,6675,521250,7,6,7,5,7,8,9,10,59
3HVA9VQGX,しおり,KANLFTMVJ,蓮ノ空中文同好會,918,11,6676,521000,4,4,3,4,6,9,2,7,39
GY7VBNG25,吉川優子,WTJV514G9,蓮ノ空のお弁当屋,897,6,6677,520750,1,1,1,1,2,1,2,1,10
7VFYGJJJ2,きょーきんちゃん,Y2P9LABR2,スクステ同好会③,1353,5,6678,520500,5,5,4,1,2,1,2,1,21
PK7X9HV1K,リチェルカーレ,LUH7URBF3,初心者サークル,702,1,6679,520250,4,1,10,1,2,8,10,9,45
7FXWUUF3N,yuwinet,FE282F3VH,天悶部,944,3,6680,519750,1,4,9,7,10,5,6,6,48
RH1YHF0V6,T2,VLY5JDKCV,新規なのだけれど,275,0,6681,519500,8,5,6,4,2,6,7,4,42
2MMY5J9OE,うどん,998H940YN,お嬢様筋トレ部,1136,8,6682,519250,7,7,7,5,8,8,7,8,57
V5CUIKT4V,しゃも,FMKP92LRL,目が霞む人達,900,8,6683,519000,1,4,7,7,6,4,7,5,41
XJRADRN7J,ウサンドラ,FTY0R8KPH,泥の皆様,1108,13,6684,518750,6,7,7,8,10,7,8,9,62
BB4E7QNG5,近眼ダーツ,28XJ8NK4L,蓮ノ空まったり部,917,0,6685,518500,3,4,3,4,4,4,3,1,26
THKMJRHZF,_,7NXXLG4W1,ソロ参加賞目的,1215,12,6686,518000,5,6,7,10,7,10,7,8,60
7TK41HP2V,藤霧梢,8YNHW7530,虹ヶ咲、蓮ノ空,635,0,6686,518000,5,4,6,4,2,1,4,4,30
RDWY5090F,ホゲチータ,8MDA3A0AK,イベント用,498,0,6688,517750,4,4,7,4,2,7,7,4,39
IYX8GLFA4,しほ,KXB93FVTR,ブルームガーデン,1134,7,6689,517500,6,6,7,4,7,6,10,10,56
8K26PWE5N,たくや,YVV9CMBLW,東京公演で沼落ち,460,0,6690,517250,3,2,2,1,2,1,4,4,19
UNKU61WIH,Aleca,72J5PWU5K,ライグラ待機室,1006,4,6691,516750,4,5,5,4,6,4,4,4,36
MYTRRLANJ,Tuma,BVEEDJGKH,さやかの首のあざ,766,0,6692,516500,7,6,10,7,6,5,7,8,56
GAD9WNCUB,カゲキ,R5815PD65,アフター見隊,1036,0,6693,516000,9,9,10,7,7,7,8,9,66
YKNV1VJ97,はぐりん,VCCLV5G2L,みすど,571,0,6693,516000,5,4,6,10,4,4,4,4,41
MQE8DX9KB,マー,9FF5JBNDF,めぐすきクラブ,1064,3,6693,516000,7,6,8,5,7,7,7,8,55
0TLA56BCL,おれんじ,BH9YH1YL5,ラブライバーの森,954,2,6696,515750,1,1,1,4,2,4,4,4,21
17WD1R6GW,シャル,3U173PJVT,with Us,939,6,6697,515500,6,6,8,5,6,7,6,8,52
XBGTPJN3T,yochan,WCL6R1ANU,無所属の会,656,3,6698,515250,6,4,8,4,6,6,7,5,46
E6KWXUHYW,G,4FN0KWB4G,無言参加大歓迎！,364,0,6699,515000,4,5,6,5,4,2,8,9,43
HG5BXGT9Y,O-とろ,BXGNMY466,ライグラ用,961,2,6700,514750,6,5,7,7,7,8,6,9,55
FJQYOIOZT,ぐりべあ,M3KJ1HMAU,◯in段ボール,955,9,6701,514500,1,1,7,1,2,3,1,8,24
Y5ONKJIAP,レモネード,0R8BXPRC1,ポチっ！とクラブ,1116,4,6701,514500,4,4,8,7,8,7,7,8,53
DENK5IZRZ,Dyrea,PDMPF3VVV,r/LL,1240,6,6703,514250,7,7,5,6,7,8,7,8,55
283HNFVNG,夕榎,E050K9859,蓮党,757,3,6704,514000,6,8,10,4,6,5,6,8,53
EXOWKKNLR,ちいすず,9DKR4Y2CJ,蓮ノ空老人会,1140,3,6704,514000,4,2,1,5,7,6,6,7,38
J3T684JRD,Tsuki,427WENUC4,心の癒し～蓮ノ空,447,1,6706,513750,5,2,4,6,2,1,5,4,29
5OTF7JCU1,こしあん,BKUHCT7WF,蓮女お嬢様部,1072,3,6707,513500,5,4,8,7,8,7,7,8,54
GZTMYXI4Q,テクテクさん,88DJ300PJ,めぐ党 • 永遠,1116,2,6708,513250,4,5,5,3,10,7,10,8,52
9M7UX9JLN,アッキー,E6WR9G75P,安養寺姫芽推し会,467,0,6708,513250,3,4,4,1,3,4,5,1,25
2KHBE9DDC,MSZ006C1,8YFF0WP45,毎日がホリデー,1215,10,6710,513000,8,7,8,5,7,7,8,7,57
CMFC1JGS9,まっしゅ,M6UPWJ6DU,蓮結ぶ虹と星の音,581,2,6711,512750,3,3,1,1,2,1,4,1,16
E6T9AW047,蓮ノ三天王,HXVYGL96H,初々しい対抗戦,281,0,6712,512500,4,4,8,3,6,9,10,10,54
3VYFWBLKM,ゆっぺ,GN9EEL045,きらくに,742,1,6713,512250,5,4,7,8,2,3,4,5,38
0FLL8B1LP,きらら,4WWM4VVDK,蓮ノ空遊戯開発部,925,1,6714,512000,5,1,6,6,7,5,8,7,45
AIJVRJJVC,かつおぶc,UELCE9T8P,テキトー,1089,9,6715,511750,8,9,7,5,7,7,6,8,57
NG3TAKLD3,Thistle,A86FEX2JC,おやさいさん,268,0,6716,511500,10,6,1,3,2,7,1,1,31
18FJ0Y28J,Alaire,AT3WYLPP8,SIDF,628,0,6717,511250,8,10,9,7,7,7,6,10,64
5WKVI7CO2,やよ壱,HBD61R6WC,梢先輩すきすき部,1142,4,6717,511250,7,6,6,5,6,5,7,6,48
OAILEB627,しん,J62DRC7J5,蓮ノ空好き好き会,1202,14,6717,511250,6,7,7,5,10,7,7,9,58
SPOY0X24B,ユーリ,7P4CAER9X,まったり倶楽部！,1170,9,6720,511000,9,8,10,6,6,6,9,6,60
FN1VL9RTN,コゲ,RM7N1JDB5,無言推奨不干渉会,1283,18,6721,510750,7,9,9,8,7,7,8,7,62
4TMJCXDCS,Sum,KXB93FVTR,ブルームガーデン,941,3,6722,510500,4,4,8,7,6,7,9,9,54
UBPAKWUR9,蓮の大三角,8YNHW7530,虹ヶ咲、蓮ノ空,882,8,6723,510250,1,8,7,4,4,7,6,5,42
BPPN7TY31,ミカン,ATB27G5P2,おこめ茶寮,705,0,6724,510000,9,8,10,8,8,9,8,8,68
AMALU7YPJ,命,UX96YX4T1,『位置について』,359,0,6725,509750,7,8,7,4,4,4,6,5,45
NDMJD439J,村野家の久遠,P4FV9YEL1,料亭さや処沼津店,975,6,6725,509750,5,6,8,6,7,9,6,7,54
46LPUE1C1,ノブtzw,30W3RA65G,蓮ノ空自由クラブ,624,2,6727,509500,6,4,2,1,6,2,3,9,33
V281790FH,white,HK0E91U71,放課後写真部,968,10,6728,509250,4,4,2,1,6,1,7,5,30
3UDP4V35N,花目,43HRXMXWA,無言OKクラブ,753,0,6729,509000,10,5,7,10,6,6,7,7,58
M10NB9HC8,グラン・ルナ,N7GLY2RUW,百生銀行,841,4,6730,508750,6,5,5,5,1,5,2,5,34
GZ6OCC2V2,モンスターボノ,1DU9LCND7,蓮ノ空すこやか部,1122,10,6731,508500,1,4,9,2,4,1,4,9,34
7AZGMWE4E,キキョウ,BKUHCT7WF,蓮女お嬢様部,1554,7,6732,508250,8,9,10,9,9,9,10,9,73
LJ1U0JNJ8,chaso,38JXMDXBT,蓮ノ空WATCH,924,4,6732,508250,5,6,5,3,7,4,3,8,41
4D37T6DYP,どんちゃん,UYCT3Y4JK,蓮っ子,744,0,6734,508000,7,7,8,6,7,7,7,8,57
2VK9GD7KC,いちごえしやま,2WF4HKKRJ,迫真謡舞踊部,1046,13,6735,507750,6,6,7,10,6,9,8,8,60
THU824DXM,さん,578YG6EAT,桜桃花束愛聴会,731,4,6736,507500,5,6,2,4,4,4,6,5,36
9UAX6L9C8,あや,VD7N7A4WH,氷青色,954,5,6737,507250,5,8,9,10,8,8,7,8,63
JK4UG7F9F,もっちゃん,KC1W74B9B,蓮六園,849,2,6738,507000,5,6,8,5,6,5,6,7,48
FJYAAGKGF,miho,9JTF508LB,スクスタ亡霊部,707,4,6739,506750,5,4,1,10,4,4,4,1,33
AXPN0CGYD,まっぷり,T045NDKW0,♬さやか愛好会♬,735,1,6739,506750,4,5,4,3,1,4,2,1,24
NPY969J0Q,MaveRicK,GR65FP8VN,蓮好き,602,1,6741,506500,5,5,9,8,8,4,9,9,57
2KYKLUHN7,ひろきち,LJNCAEVAP,蓮ノ空さやか研,436,2,6741,506500,10,10,7,3,6,4,7,9,56
2SJ5X016H,マキナ,762FM3JV4,一蓮托生,1136,4,6743,506250,3,5,7,4,3,2,6,1,31
SE093W7AS,エリーのおやつ,1U4JN5CXB,LLユーカー部!,958,4,6744,506000,1,5,5,6,2,1,3,4,27
3O3Y6YK8N,コズエ,WLLWJ8ADP,乙宗筋肉サークル,1178,13,6745,505750,4,6,7,6,7,4,9,10,53
KB8UJ667N,ホワイトおでん,X7YM9EG8K,伝統の石川地酒,254,0,6746,505250,5,6,9,7,4,6,7,8,52
1AK0TMG5D,Pointer,6UAFKBRPN,リンクラ初心者部,414,0,6746,505250,6,7,8,6,6,7,6,7,53
RYWCFVNF3,まことらまん,DFFYFJ2B6,つづさや好き過ぎ,658,0,6746,505250,9,4,9,5,4,1,7,5,44
1GWM4JJTN,もふもふ,YMKU30246,参加賞がほしい,268,0,6749,505000,5,7,5,1,4,4,4,1,31
Y48X8YD0A,ミツキ,9WJB6YPPN,温室花畑,1015,5,6750,504750,9,5,5,10,2,4,6,6,47
6LP7HXF8R,はる,JE7V5MM31,蓮ノ沼に沈んだ泥,1016,8,6751,504500,3,1,6,1,3,10,6,8,38
LA9JL3YF1,ほんたまん,RNJ306W6N,日曜日よりの使者,930,1,6751,504500,7,6,8,7,7,8,7,7,57
3SNMNY1LK,カイル,PDMPF3VVV,r/LL,1106,7,6753,504000,7,6,9,6,7,7,6,7,55
CYG03C8OB,TaK(タック),8VGXWTV3U,R.opRizm,1121,11,6754,503750,8,10,7,7,10,8,7,10,67
Y9U2U945F,カイザー,UGY37TYH1,月ヶ丘 暁隊,1019,6,6754,503750,6,6,8,7,6,6,8,9,56
PFNRBUVWX,いんて,FLFXP0T22,沼津内浦メンバー,949,2,6756,503500,8,9,8,7,8,9,6,7,62
1D7LU9KNW,ダイブツ,76RRURK4N,ソロ専用,847,3,6757,503250,6,10,6,8,2,6,5,5,48
23043GD8P,シリカゲル,UX96YX4T1,『位置について』,989,13,6757,503250,8,7,8,5,7,7,7,7,56
E1YSPO6XA,ここあ,4LYVLX709,めぐ糖,1069,7,6759,503000,4,5,5,5,7,10,6,7,49
AM8VUY05E,forever,DFXEH0E0B,香港の初心者♪,484,2,6760,502750,7,3,1,1,1,1,2,1,17
7W4KBN4MN,日月,N7J2R9JDN,ログイン目標勢!,916,2,6761,502500,7,6,8,4,6,7,7,9,54
BBVEHJW2M,ぎぶそん,C68491XHB,みらくらぽーく！,1323,8,6762,502250,7,7,9,5,7,8,7,5,55
NUYE74D9M,まきまき,05KN1RR3U,さやかほ花卉園,972,3,6763,502000,5,5,6,4,7,5,6,4,42
2V2BKW9HW,みう,578YG6EAT,桜桃花束愛聴会,771,2,6764,501750,5,2,6,1,2,2,4,1,23
NHG37MAYB,Kaede,E8K438RP1,リンクラ初心者部,131,0,6765,501500,7,7,6,4,3,3,3,2,35
YZBPJXF7U,リンリン,UJKBB2FCD,にするか,522,2,6766,501250,1,2,1,1,2,1,2,1,11
0VNZR6SUT,boba12,HB9AU9DJJ,聖心党,1226,18,6767,501000,9,8,10,8,10,9,8,9,71
4V9320WNA,tkatsu,X87KNX4N3,蓮ノ流星群,1113,14,6768,500750,9,9,8,10,8,9,9,9,71
89YRHUUJP,田中です,51VDGD2DK,田中,279,0,6768,500750,7,7,6,4,5,2,2,2,35
48GHW10FY,SHIKA,08DDCV5JN,黒ねこのしっぽ,799,0,6770,500500,9,10,10,9,9,9,8,9,73
G2K1OHMFD,夜船　北窓,9EYH317R8,イカトンブライ部,1120,6,6771,500250,5,7,8,6,6,9,10,7,58
44BFRRB3M,walnut,HK0E91U71,放課後写真部,1241,18,6772,500000,5,8,9,8,10,8,8,10,66
42YO8ZOH5,魚板,GG56G6WKD,FF43企鵝冰屋,1144,9,6772,500000,7,8,8,8,7,8,7,7,60
47YSEW3PP,蒼炎,X7YM9EG8K,伝統の石川地酒,1115,1,6774,499910,9,9,9,8,9,9,9,9,71
LW239N6CJ,AKIM,3LAFHDKE5,こずさや保護者会,441,0,6775,499820,7,6,6,4,5,5,6,4,43
6D7P6MM0C,愛月天,R9NGK6L48,のんびりサークル,1061,4,6776,499730,7,8,8,7,7,7,7,7,58
VL5LNGJLU,コクトウ,BW38LDPRF,蓮浦の星空,903,2,6777,499640,4,4,8,10,7,4,6,9,52
6D5EUQN4X,キタロー,3A63DYH54,LLすこすこ部,1294,4,6777,499640,8,7,8,6,7,7,6,7,56
K5YQJYGYH,あるぱか,G89BFNPFC,牧場,807,2,6779,499550,5,4,4,4,4,4,4,4,33
2UKDDEXYA,おーやさん,WWWUTP96L,異次元からキマシ,323,0,6780,499460,4,2,6,1,2,4,4,8,31
JXG9N1PYV,みなれい,9WJB6YPPN,温室花畑,1097,6,6781,499370,7,6,7,6,8,7,7,7,55
YJ6D6A76V,アサやん,UN4AHCLTX,蓮ノ初心者,1021,2,6782,499190,5,5,7,9,8,1,8,8,51
J7CW0VB30,薫風,P2J37FNLG,乙宗先生指導会,561,0,6782,499190,6,7,8,4,7,6,7,5,50
YBBG3SHRJ,む〜ん,9VDEWVP01,瑠璃乃の集い,1072,5,6784,499100,7,7,7,5,7,7,6,8,54
CX8RL3EPK,男小鸟,YVV9CMBLW,東京公演で沼落ち,906,7,6784,499100,5,2,5,1,4,6,9,4,36
AJUYN21J6,キーマ,EFYYG9TAY,ご隠居さーくる,1137,2,6786,499010,7,7,8,7,6,6,9,9,59
8MLGL7DT1,おりあす,LJDN0RMYD,Treple T,939,0,6787,498740,7,7,7,4,6,5,6,7,49
FX90Q2BCD,ダイチ,VF517JBVB,無言でいいよ。,1195,0,6788,498650,8,8,9,7,8,8,8,7,63
0AORTQK5I,ずっきー,2YD6LJLKD,みらくらぶ♡,511,0,6789,498560,3,1,3,1,4,2,1,1,16
NM87R4E3G,未来,NDTPN879N,ライバーズハイ,573,0,6789,498560,5,5,5,4,4,3,3,4,33
7AFB2U9TV,ストーナー,YHWN0NJ03,ドカ食い気絶部,368,0,6791,498470,1,8,7,5,6,6,8,1,42
HGLN12RYJ,くるみ,26CAPRWLJ,大倉庫救助隊,652,0,6791,498470,4,5,5,4,4,5,7,5,39
LNMGLY05R,ゆゆゆ,KULVP7FDR,アニマル分室,881,7,6793,498290,4,10,10,6,4,9,4,9,56
1OTQLFCB6,かじー,VXDPPJJL1,蓮ノ空リボ課金部,1317,4,6793,498290,6,4,10,4,9,8,9,4,54
UWR7N6DP5,タモ,GVNKNN878,Aqours,751,0,6795,498200,8,8,8,7,8,7,6,7,59
WB211KYAL,クッスー,BPHHYC793,ソロ専の集い,1104,6,6796,498110,6,6,7,6,7,7,8,6,53
KKGI87VZ1,カツオ,NA8FEYN0M,蓮ノ空飲酒クラブ,954,0,6797,498020,4,5,7,1,7,4,8,7,43
U5UNH9U0H,ミスターX,9WJB6YPPN,温室花畑,1148,14,6797,498020,6,6,8,8,8,9,8,8,61
U1CG6FVV3,Cou,JX6D6TL96,蓮ノ空武蔵野支部,661,1,6797,498020,1,1,5,1,2,5,5,5,25
54NDD8AW6,りんか,PNKCBFP4B,おばんです,657,2,6800,497930,2,2,10,9,5,6,6,5,45
FNWJDAH0A,靴下大爆発,8XMW94CPX,ヒノチタカバディ,290,0,6801,497840,2,2,3,1,2,1,3,1,15
3H4T36UWG,コウ茶,95031TR10,ひめぎん文化会館,1115,6,6802,497750,6,6,5,5,8,4,6,7,47
43XQN9RTD,サブロー,BW38LDPRF,蓮浦の星空,1290,4,6803,497660,6,7,8,5,6,7,8,7,54
C2H8D3M3L,ゆき,BBNEWB1UA,蓮ノ空紅茶部,835,5,6804,497570,5,4,5,10,2,1,6,5,38
GMO6OOAYD,奈央,NFMEGRJ45,社畜無言サークル,1330,15,6805,497480,9,10,9,6,9,7,9,9,68
N00HXP7R8,西木野まさや,5YXVKDEKV,サークル(仮),1160,6,6805,497480,6,6,8,6,9,7,9,8,59
LBRD5WUTV,ろずがど,2HEFYHN82,異次元フェスから,954,1,6807,497390,1,3,1,5,6,7,6,7,36
W2R5M4U5H,s,KC1W74B9B,蓮六園,978,7,6808,497300,9,9,10,7,8,8,8,9,68
7HKRRCMH0,不知火,AXG81GPMP,蓮ノ空マタギ部,850,5,6809,497210,5,3,10,7,5,7,6,5,48
DVKBB3OH2,ゆずみち,5JA9K5FAK,オタサーの姫芽,879,6,6810,497120,4,3,4,1,6,1,2,1,22
U3FUDEE7O,御門凪,6HV2RH6TU,イベント用、無言,1276,10,6811,497030,7,8,10,5,7,8,8,7,60
70XH5802C,おだっしー,KA652DGYV,ゆるリンクラ,557,0,6811,497030,8,8,7,9,2,4,7,5,50
7RI6QLW8P,リンク,9JTF508LB,スクスタ亡霊部,860,1,6813,496940,5,6,9,4,7,7,8,9,55
5WKF4T5FF,おつぴ,V7768X8AC,せーので！,907,6,6813,496940,5,5,6,4,8,6,5,1,40
FJHR7L869,くんくん,15UKCFG7X,ろーたすぺたる！,1008,7,6815,496850,9,2,7,10,9,9,6,7,59
HYMGGAI6D,Lunia,GVT61ATX0,なのだけれど,1033,4,6816,496760,4,4,7,4,4,5,2,4,34
23OAW4N90,石の海,BYA3FA0X8,無言ぼっち同好会,932,2,6817,496670,7,7,7,5,6,5,6,7,50
SVPYRAAR0,フウラン,BYA3FA0X8,無言ぼっち同好会,954,2,6818,496580,6,6,9,4,7,9,5,9,55
KGNLKRWY4,だ,C9DAJ6YFV,のんびり,935,7,6818,496580,4,6,7,6,6,7,7,7,50
3DCV0CWX1,いたニキ,974GR6CVN,いたニキハウス,1290,13,6820,496490,8,5,8,4,5,2,7,10,49
WDHIQYTXG,axon,BCJRMHE75,梢すきすきクラブ,1303,2,6821,496400,4,6,7,7,7,4,8,8,51
RDK6XKW3I,マソ美ちゃん,TB7GJ57D7,シャイニーフラワ,1080,7,6821,496400,4,6,7,5,4,10,8,4,48
T47621XML,きままなそらしど,LAP2W049X,りんひな愛好会,826,2,6823,496310,2,10,8,1,10,3,6,5,45
36KLKR2TG,ZERO,UXWL7V4CE,蓮ノ空女学院,1112,10,6824,496220,7,6,7,2,4,7,3,5,41
XA1K9N847,ちびしま,JY79RPB1D,リンクラゆる部,937,3,6825,496130,6,4,7,8,4,5,6,5,45
K1GD24E43,仔犬,X33HHA9F8,アルストロメリア,824,0,6826,496040,4,4,4,4,4,4,7,7,38
V4XYAUYND,じぇにふぁー,R6XT8CU24,りんくらぱーく！,805,1,6827,495950,5,5,6,4,4,4,6,4,38
1GMBBLDLA,肉うどん,W2HEPMM2A,無言。ぼっち。,1148,11,6828,495860,7,7,9,7,10,9,8,10,67
IOMJ6J49H,天城のるあ,9DKR4Y2CJ,蓮ノ空老人会,1275,15,6828,495860,8,7,8,7,8,8,7,7,60
CN980053F,まんまる雄山,C021HVB2B,第3芸能科,565,6,6830,495770,1,1,2,1,2,1,4,1,13
WY56SEDMT,あなた,J83JWJ028,大ㄇㄚˊ露營區,1134,15,6831,495680,8,5,6,10,8,10,8,4,59
KALG5F51P,ちょこまる,LH2EJP7HF,あふたぬんてぃ,410,0,6832,495590,5,5,7,6,6,8,5,5,47
46OYOT52K,カケル,G6EH0KHT7,なんもわからん,1037,3,6833,495500,1,7,5,5,4,1,8,7,38
V03A5KKW1,ヒロロン,JY79RPB1D,リンクラゆる部,1220,9,6834,495410,6,8,9,7,8,7,8,8,61
EFQTOKBP6,らいあん,4874GTTJD,ヘリできた,540,0,6835,495320,1,3,6,10,4,4,5,5,38
4KHPWU5U3,あづみん240,E12PR824F,ゆるっと蓮ノ空,574,0,6835,495320,1,1,1,1,4,6,2,1,17
S19S91VG6,くろいだ,1D7T2UXC2,無言でのんびり,846,1,6837,495230,8,5,7,10,2,3,9,7,51
3FH0AF5BB,綾園,J0N1E3Y09,月火水木金土日,1052,1,6837,495230,4,4,8,5,7,7,7,8,50
ED11ERLGE,South,07JW71HWG,良いチケで観よう,1360,10,6839,495140,10,10,10,10,10,10,10,10,80
GMIT4IT1B,まぐろ太郎,C0NDBKMRB,すりぃずぶぅ家,1035,3,6840,495050,1,2,1,5,2,1,2,1,15
49E3LJATM,ONEPY,VNEJ2RNW0,まったりんくら,372,0,6841,494870,3,2,6,2,4,3,9,4,33
L04WF4JV8,トニー,22PYAXMA7,ななみゅー,975,3,6842,494780,5,5,5,4,6,7,6,7,45
ISOZCDLJQ,小泉栞子,RBH0YM8P2,蓮ノ空ラーメン部,1422,6,6843,494690,10,10,10,10,10,10,10,10,80
EXK53VFGK,わいえふ,BWD9U1EJ2,蓮之空中国同好会,228,0,6843,494690,4,3,3,3,2,4,4,1,24
397DYE14F,紺野美咲,DPYCLN4EY,冥いゆりかご,672,4,6845,494510,1,7,4,3,9,3,4,4,35
SP3QRRRCA,えりち推しの提督,H1LTYMK0B,花帆が可愛いの会,1066,10,6846,494420,2,3,8,10,2,3,6,2,36
88E0A9DNA,かなめ,X45T3U322,アニメ最高クラブ,433,0,6846,494420,10,9,10,7,10,4,3,4,57
H7A1RZ3S4,chahey,X34LWGL6R,サークル2,1147,2,6848,494330,7,5,7,4,10,5,6,9,53
2B55VBFM2,結衣,NA8FEYN0M,蓮ノ空飲酒クラブ,924,0,6849,494240,5,5,7,2,6,4,8,7,44
ZXTCD3YZ6,PURE天然水,3BE2RELRC,見晴台,1433,17,6850,494150,10,9,10,7,9,8,9,5,67
U6RR3WKC1,しぐまむら,25PMPEMG7,星見プロ,1208,0,6850,494150,8,9,10,8,9,10,9,9,72
9GI65WS8C,ロッソ・幼妻,EHY4K2164,泥…ご期待下さい,1053,2,6850,494150,4,4,5,6,6,6,7,9,47
AGE515J84,まるげり,E6WR9G75P,安養寺姫芽推し会,516,0,6853,494060,7,5,4,2,5,9,4,7,43
FXKE596B7,大熊歩,REUA4H17B,LLLLBR,520,2,6854,493970,5,4,1,2,2,1,3,1,19
6ZQDZ2WMR,きらむ,FE282F3VH,天悶部,1322,6,6855,493880,1,8,6,9,4,4,7,9,48
TFGJ6BEY9,がっくん,V6DV6KETG,梢好き好きクラブ,1075,7,6856,493790,1,1,1,1,1,1,2,1,9
JMDHXL6B4,フミズ,NDJ87RBUC,着せ恋終嘘でしょ,806,0,6857,493700,4,4,4,4,5,4,8,7,40
XDDG2RX1G,きゅうり,NMC7J3N5X,ドドド黒龍剣,337,0,6858,493610,6,5,8,10,5,5,1,3,43
EDJEDBFKT,オウムガイ,L6MF2MPBN,みらくらぱーく党,785,2,6858,493610,5,4,6,5,6,10,6,7,49
G1IFUEBDN,ゆーりんち,PLBBEX019,待機室目指し隊,891,3,6860,493520,4,4,10,4,6,6,7,4,45
WNTKTE12A,ヨコ,AC94W0LN2,無言で自由に,953,6,6861,493340,4,5,5,5,6,5,7,5,42
MZFAJSTZJ,Raito,FVJABCVP3,瑞蓮ラボ,1003,3,6862,493250,7,8,9,5,6,7,9,8,59
5BM28V03U,ユウキ,0R8BXPRC1,ポチっ！とクラブ,339,0,6863,493160,6,10,9,1,9,5,7,5,52
N64GB89BA,スティーブ,GN1798YEX,ド!ド!同好会,558,2,6863,493160,7,4,4,1,2,4,6,1,29
9B945KUEC,amnluv,9WVBK4U41,ENfans,381,0,6865,493070,6,5,10,6,7,6,8,8,56
YJIZEENLF,よこぴ,AE3L01V24,LOVE蓮ノ空,1037,12,6865,493070,6,6,7,7,7,7,8,7,55
XB2WRTDGT,おにぎりせんべい,XPRA8TRVE,蓮ノ空ロボット部,1319,12,6867,492890,8,7,7,6,8,8,10,10,64
7WC7GFGP4,きた,7U20138DB,LGP,1245,10,6868,492710,9,8,10,10,8,8,9,9,71
9BN8RC8H9,わなげチョコ,PPAHU1TNY,蓮ノ空のんびり部,724,4,6869,492620,1,5,3,1,9,3,3,1,26
K4FEDT53J,Ryu_7,17LJ910A0,蓮ノ空緩々交流会,1076,13,6870,492530,7,6,8,7,7,7,8,8,58
XK4U15TKM,123MB,ULUELCJ7T,なるようになる？,466,0,6870,492530,7,3,1,10,2,1,6,5,35
2W8G6B85F,HB懸賞,BT22M41DV,梢花帆吟子同好会,1139,7,6872,492440,7,8,8,7,7,7,7,7,58
R3F09RN01,るん るんな,4KRBU0KFF,ノーチャン会,765,2,6873,492350,7,6,8,1,4,6,3,2,37
T1Z2177LC,タロウ,6E27A15ER,蓮ノ空自由クラブ,1121,16,6874,492260,6,7,7,4,10,10,10,9,63
11Z3XADM7,どんぐり@,MYTCXJ12B,つーりすと@蓮部,1139,10,6875,492170,4,6,7,4,5,4,7,8,45
F3MZE14XT,みすたけ,T4WY63DB9,ういのま,1307,14,6876,492080,8,5,7,5,8,8,8,9,58
HJBWIPNM5,sevenoo0,FNHT9JFY4,リンクラ楽しむ隊,450,0,6877,491990,7,10,10,5,7,7,8,8,62
MS0FEJ2HP,余白,C2XLWUTL1,夕霧綴理親衛隊,928,3,6877,491990,4,4,2,5,5,6,10,10,46
HF2Y1LGDG,場案バン,G0J2F9NAL,さやさやさーくる,1367,15,6879,491900,10,9,10,9,10,10,9,9,76
IC8DC2T2I,フォーリン,BYA3FA0X8,無言ぼっち同好会,1324,9,6880,491810,7,8,9,7,7,7,8,8,61
F1GYU9TWY,Metal,9HBUEKVCC,偶像大師閃耀色彩,272,0,6881,491720,1,3,2,1,2,1,1,1,12
D89BKXAVU,るい,1XX6FWJRB,オートスキップ団,1034,4,6882,491630,4,4,9,7,4,8,10,8,54
M5ULAVEHL,くれは,0YLUK30K6,蓮っコの集い,644,2,6883,491540,2,4,4,5,5,2,4,7,33
TJE9998C0,ポン兄,RBH0YM8P2,蓮ノ空ラーメン部,986,6,6884,491450,4,4,10,7,4,6,8,4,47
FFNNYRX70,Licht,1AK9VTG3W,ドルケスキスキ部,520,2,6884,491450,1,2,1,4,2,1,2,1,14
0LT1DVLA1,夜刀ノ神,RNLWKRJVN,かきすて,316,0,6884,491450,1,3,2,1,1,2,1,1,12
VWBFBYYTP,榊木,9U8KNU6U9,対抗戦用,966,5,6887,491360,7,7,8,7,7,8,7,7,58
29ORF1KX7,パスタ,2CPVMP9BN,ナイトオブパスタ,948,2,6888,491270,4,8,7,4,4,5,4,4,40
CMH3C794R,COA,AHE0E3JND,ありがと！にひっ,742,0,6889,491180,8,7,8,5,6,5,5,7,51
BLDOER78B,スオク,2JK7E4115,ラ！推し,968,0,6890,491090,4,7,7,4,4,4,6,7,43
39UD2D1PP,桜坂しずく,T4WY63DB9,ういのま,938,6,6891,491000,9,2,4,5,2,4,8,5,39
GJ02FWXCW,タイショウ,HMBW9DXY2,蓮好き皆あつまれ,567,0,6892,490910,1,1,4,1,3,1,4,1,16
Y5QJU4C6K,Tymizz,EWM0GK62C,誰でもどうぞ,1088,7,6893,490820,5,3,9,9,2,10,10,10,58
5XRGVA59A,めろんぱん,LUDNM40F8,ふくふく無言OK,1021,5,6893,490820,6,6,8,7,7,7,5,7,53
B4AAAKL0D,Carat,97BGFLKW9,◯◯◯,344,0,6895,490730,2,1,2,1,2,1,2,1,12
1CGRCP479,fgf,2UKNVBMBU,梢ちゃん同好会,230,0,6895,490730,3,3,3,3,2,3,2,1,20
6248X1ZGP,黒澤たかびぃ〜♪,WLLWJ8ADP,乙宗筋肉サークル,1067,13,6897,490550,1,5,4,7,6,6,10,10,49
V9QET10KQ,ぷち,WPG6BCG83,基本無言,1000,3,6897,490550,6,7,8,6,6,5,7,5,50
AEC8DG12Y,風蓮,KT4P0CHHC,ゆったり同好会,308,0,6899,490460,5,3,2,5,4,2,3,4,28
YECEK3KPJ,さやみょん！,1EBG7YUTL,菅！CAN！叶！,591,0,6900,490370,4,8,6,1,4,6,6,5,40
C3GWYGKKU,もりのらくだ,73CBYJYB0,"oNM,",1075,7,6901,490280,7,8,9,4,8,7,8,8,59
48EJJ8PD4,新ゆ,WCL6R1ANU,無所属の会,729,4,6901,490280,8,6,9,7,6,6,4,7,53
C6F5MG9L6,PNI,KC1W74B9B,蓮六園,486,0,6903,490190,1,4,4,4,4,1,4,5,27
KPUUWRRJD,すけさん,N6LR8C7AE,泥の民,828,6,6904,490100,1,1,1,1,1,2,2,1,10
KPKWMPD9Y,かなたん,PPAHU1TNY,蓮ノ空のんびり部,1435,16,6905,490010,4,4,5,4,6,5,6,7,41
M2LWKGT6R,ホリー,D4T08RK91,リンクラ同好会✿,648,0,6905,490010,1,4,4,5,5,4,6,4,33
F0WJU3G4E,syuto,JE7V5MM31,蓮ノ沼に沈んだ泥,1281,14,6907,489920,7,8,9,6,8,7,6,9,60
PK4P633DA,「うみねこ」,LX25CP0TG,深夜の芋煮処,713,0,6908,489830,6,5,9,5,8,8,8,8,57
PJJ3XM9WU,サンムーン,VP0K6KF0K,蓮ノ空大好き!!,1026,0,6909,489740,4,4,4,5,6,4,7,9,43
E5K2H3401,ロイド,W3YKKRWHG,ルリと愉快な一家,317,0,6909,489740,10,10,10,10,6,10,5,5,66
0XTFA9UD3,num,9AJ9MMDYN,走れ,277,0,6909,489740,1,4,7,2,2,1,2,1,20
5353JJ1YG,ピュアリル,LHPPNHR8Y,ちっちゃいもの部,283,0,6912,489560,1,7,10,3,9,4,5,5,44
956GM930W,BELLWOOD,L5BGEMYVA,梢先輩を愛でる会,1102,10,6912,489560,8,7,9,7,7,8,7,7,60
THKOR1TDW,うつりぎ,2VJG66JTH,まったり,1351,7,6914,489380,7,5,8,5,7,4,4,7,47
MMHKRBMHA,Tadumman,H6CCL64P9,NATTO,939,4,6915,489290,8,7,8,6,7,5,7,5,53
2U2BNX6NE,ヒイロ,K7LC46V5M,Link！ラ部,271,0,6916,489200,6,7,6,7,4,5,1,1,37
85VA1VR6D,みらぱ推し,DFXN9DB2H,どんぐり共和国,850,4,6916,489200,1,5,5,1,5,1,4,1,23
6LKLYVF1H,香楠,8VGXWTV3U,R.opRizm,388,0,6918,489110,5,3,9,3,2,9,4,1,36
KHF5HIJ9M,CP,C0NDBKMRB,すりぃずぶぅ家,1147,5,6919,489020,7,7,9,6,7,7,8,8,59
GUNH4X689,しじみ,J800VVPTN,Aqours,1057,3,6919,489020,2,1,1,4,4,4,4,1,21
B7RHR9YVP,ゆっけ,8HNWFP5VL,沼,1092,3,6921,488930,9,8,6,8,5,8,10,10,64
1O38MGEM7,けんし,9DKR4Y2CJ,蓮ノ空老人会,1001,12,6922,488840,1,1,1,4,6,4,5,9,31
18EFWV2FC,ジョウカク,N2KCENRKH,猫＆旅大好き部,1207,3,6923,488750,4,5,4,4,4,4,2,4,31
L4A9PRZC5,ほたるん,H0DV3JJGA,かほさやてぇてぇ,1637,18,6924,488660,10,10,10,10,10,10,10,10,80
TJV0S3LAY,羅生門,ARF3KPJ41,夕凪P極進会,1282,14,6924,488660,10,4,10,10,10,10,10,10,74
JO5VT64W2,つるぎ,9DKR4Y2CJ,蓮ノ空老人会,1190,12,6926,488570,7,7,7,7,7,5,8,6,54
ACKNN1LA0,西住流,G8EE23LB9,虹ノ空クラブ,1001,4,6927,488480,7,2,5,10,3,10,6,5,48
XMZ1QGCTC,カエデ,B6KWXGHWH,蓮ノ空SIFC,1176,6,6928,488390,4,1,7,1,9,8,7,9,46
H5T2597E1,chill,R8C4YP82A,蓮ノ蓮,885,5,6929,488300,1,2,8,2,7,4,8,8,40
53KI0OR42,あんちゃん,229LK38CW,ライブグランプリ,1445,18,6929,488300,8,7,10,6,10,10,10,8,69
4AFRWEPRY,イネ,0XUV5025C,めぐめぐバブり隊,223,0,6931,488210,4,7,7,4,6,4,5,4,41
CRK60LK6V,もも^ ^,0YLUK30K6,蓮っコの集い,939,2,6932,488120,6,5,7,5,5,4,3,7,42
MVTHT5FHL,ミカラ,Y7KJ3PM8P,蓮すきすき同好会,1371,16,6932,488120,9,8,8,7,9,8,10,9,68
3YRAK0CLA,ちーたん,WBW66DMUB,るりめぐ研究所,1115,4,6932,488120,7,7,8,8,8,8,10,10,66
7TVB43U9V,たいてぃ,U98UKD6RY,異次元フェスP,707,2,6935,488030,10,3,2,7,5,4,2,5,38
W8RURWDBY,星パンダ,28XJ8NK4L,蓮ノ空まったり部,638,1,6936,487940,1,2,1,2,2,1,2,5,16
CDX25BFW5,さかえさん,4WWM4VVDK,蓮ノ空遊戯開発部,580,3,6937,487850,3,3,1,4,2,2,4,1,20
7OPAUG13X,トマト,FVJFA973A,月猫愛好会,405,2,6938,487760,5,3,7,5,1,4,5,1,31
2GA4W5NC2,ひめ,NK17PY5LW,のんびり,800,2,6939,487670,6,6,6,7,6,8,8,7,54
4M8W9A4D7,つづかほ,YC3DCPM7M,福井大学ラ研,707,0,6940,487580,6,7,7,5,7,8,7,8,55
3E75HWT4N,まる,YDYH4VRRP,レンクウ,1030,7,6940,487580,4,5,7,6,6,8,8,9,53
2X79N2W6Y,りの,E76N52LMW,イベントのみ,745,6,6942,487490,5,6,5,1,4,1,5,7,34
89GE1X1KP,リーエ,N1JM7M3YC,丘側,1002,7,6943,487400,4,4,9,8,2,7,6,9,49
VO56B8CX1,ゆきした,XE8513HNP,喫茶カワウ空✨,1196,18,6944,487310,4,7,6,5,9,4,9,8,52
RHWI46F0Y,温泉からあげ,NFMEGRJ45,社畜無言サークル,929,1,6945,487220,5,5,8,1,4,4,2,1,30
199YDRHBW,おるけん,UX96YX4T1,『位置について』,260,0,6946,487130,10,10,10,10,10,10,10,10,80
L80FHC0L1,あつ,9P9EPKFHE,無言参加OK,246,0,6946,487130,3,3,1,2,2,2,4,1,18
00FWW1TR2,海里,BELCUYCMH,蓮hkg香港分部,857,2,6948,487040,1,2,3,10,2,1,4,7,30
C6DK72D1C,そや,BCJRMHE75,梢すきすきクラブ,1114,2,6948,487040,1,1,1,1,1,1,2,1,9
KB29SJPNR,園田雪月花,865UE9UC6,蓮ノ空うどん部,849,1,6950,486950,4,8,8,5,6,4,3,8,46
AJJYUN340,ゆいにゃん,8BAYBXUXC,スリブ大好き♪,1075,1,6951,486860,5,6,8,7,8,8,6,7,55
A0EBKT11T,アゲハ,9UKKACGDU,蓮っ子CLUB,1070,4,6951,486860,7,8,8,7,7,9,8,7,61
M7RC9X089,らら,H1G4CDT6C,無言自由,975,8,6953,486770,5,6,7,5,7,6,7,7,50
1AKEK3TLD,yanagi,UMG1B9C7V,蓮ノ空女学院,1014,2,6954,486680,7,6,6,6,7,7,7,8,54
YKMZR9R19,Aryn,CM5THHYHB,「」ノ空だけれど,1234,6,6955,486590,7,7,9,5,8,7,7,7,57
5NSKQLV1I,ごろー,R7VEXFUBP,蓮ノ空応援クラブ,1299,14,6956,486500,1,1,1,1,2,1,2,1,10
CG8PF9UTL,瀚海,M08GKL70U,ららマジ難民の会,769,2,6957,486410,9,8,10,7,7,7,5,5,58
OAAHHOF7T,ゆずは,578YG6EAT,桜桃花束愛聴会,1109,5,6957,486410,4,6,9,8,8,7,7,6,55
J290JK551,「沼津のアジ」,WELEE7CGW,さやかの靴下,946,0,6959,486320,2,5,6,6,2,8,8,5,42
EX2CRSMUS,まないた,VU0UYYA8K,蓮ノ空日野下厩舎,1064,0,6960,486230,6,7,7,4,7,6,6,7,50
RSBJQ33P2,野生のマンチカン,XVTV7MVCX,雪月花,960,1,6961,486140,7,7,8,5,6,6,4,4,47
N5Z3GWTDL,はまやん,G810MK0NW,freebird,1214,5,6962,485960,9,9,10,7,9,9,8,7,68
I1ZUVSLFG,TKG,PDTRRYUGM,石川県民ひろば,1320,12,6963,485870,7,9,10,7,9,7,8,9,66
1YY015YN8,紅茶好きな学院生,KJU0BU77M,無言交流なし,981,9,6963,485870,5,6,7,7,9,9,6,4,53
BU7AACYKY,炊き込みご飯,A7WWE0463,蓮ノ空初心者部,385,0,6965,485780,2,1,4,1,2,1,6,4,21
1VPHTU6YA,あすたろう,YVV9CMBLW,東京公演で沼落ち,1183,11,6966,485690,7,7,9,5,7,8,9,8,60
6UEHRYFGN,つつみ,NT2KU5174,こずかほ。,902,0,6966,485690,7,5,8,5,6,5,7,6,49
99V8KVHL0,翡翠(ひすい),4FXPC55PY,PPIHクラブ,840,3,6968,485600,10,4,4,10,4,3,2,1,38
4YRXTLCS2,くまぽん,9WJB6YPPN,温室花畑,1063,3,6969,485510,1,1,1,1,9,1,9,8,31
PMM4UXEUL,カヤカナ,XVTV7MVCX,雪月花,964,1,6970,485420,4,5,8,5,4,4,8,7,45
GWJ81XWY9,あなかん,W7YFDVP8A,手遅れの最先端,944,10,6971,485330,6,7,7,10,7,7,6,6,56
E5D9DV0XP,グンゾー,RWDWD9PP6,乙宗家の屋敷妖精,950,13,6971,485330,5,5,10,5,9,8,7,6,55
1KNN6NLMA,Sora,AWFDLJ1HC,小蓮花（重生版x,275,0,6973,485240,2,4,8,1,4,1,7,1,28
GY819LBN4,ぽちゃ,948FLPMPN,まったりハス煮〜,891,4,6974,485150,9,4,5,5,8,5,10,8,54
2945FT3HY,さとちゃん,61UTNTRU1,初心者さん,1164,18,6974,485150,10,9,10,7,8,9,10,10,73
BZ8INXWAZ,アリス,YAY2UK2CT,蓮の空研究部,1279,4,6976,485060,7,5,7,7,6,5,8,9,54
3D29V5EEW,阿僧祇,1YHDY3DR3,蓮の咲く池,832,0,6977,484880,1,1,2,1,1,1,1,1,9
MFQOSYBDB,ミュウ,6HV2RH6TU,イベント用、無言,737,0,6978,484790,1,4,4,1,4,4,5,5,28
B9HCG3TMA,明宏,XYRA2MND0,蓮ノ空ゆっくり,536,0,6978,484790,3,1,1,6,2,1,3,1,18
F116940V0,さくらんぼ(左),ABU58EVJ2,Quatuor,753,4,6980,484700,1,1,1,1,1,1,2,1,9
Y07LIFXRD,ねみん,424NLTEE8,無言な異次元部屋,986,8,6980,484700,5,5,7,4,6,6,6,7,46
2NB2552C5,Harmony,0EY4VTHE6,otters,312,2,6982,484610,3,2,1,1,2,1,3,1,14
5BY8YVKEY,†夜羽†,LFB48H6MU,超初心者の会,1170,14,6983,484520,8,7,8,7,8,7,7,8,60
C8DKWCWWB,たろう,TD6YVVU3P,トミー,346,0,6984,484430,3,3,1,1,2,1,3,1,15
DE6KKC49R,あつしき,BEMED3RY1,無言無課金ok,811,2,6984,484430,1,10,1,1,10,1,10,4,38
SSTETL8LE,フンワリ,M1DLCR0R8,花帆護サークル,1106,6,6986,484340,8,6,8,7,7,5,6,6,53
3766CXECK,ショちゃそ,GMEF2K8DL,花咲く泥も好き²,1029,2,6987,484250,6,10,4,4,6,10,9,7,56
61PDRPTPT,シャチ,7RBMBBY88,瑠璃色金魚,451,0,6987,484250,6,2,1,2,8,5,4,5,33
SYTSR9SLR,ぎざ,7MV0NXN3U,HPB,489,2,6987,484250,8,5,1,1,4,1,1,1,22
NGFCPGMWM,青野パスタ,K69M1X95F,アイリス,849,0,6990,484160,4,6,7,4,6,5,3,7,42
2ZGVIHWEN,あるかわ・けいこ,JVUNVCT8P,梢先輩のASMR,1121,0,6991,484070,7,8,8,5,7,8,8,8,59
2Y6WYRUET,まんぼう,23PGPJ3NV,蓮ビギナーの集い,1025,1,6992,483980,9,1,7,5,6,4,6,8,46
02RXY12V7,ぬ,MTBRETXHJ,(*´°`*),740,4,6992,483980,8,5,1,4,8,4,3,4,37
1DE81U7RN,つまようじ,2B97MH4YA,同じ話し何回も…,1098,2,6994,483890,2,5,1,9,7,8,9,9,50
WEP356DHZ,りっさん,D075KXX86,花うさぎ,1168,8,6995,483710,6,4,5,10,6,4,10,9,54
3X63CAAL3,OKP,2VJG66JTH,まったり,532,1,6995,483710,1,1,1,1,2,1,2,1,10
5DH5A9H10,さやかるぅと,PN4VA24XF,みーかるぱーく！,655,0,6995,483710,3,4,2,1,2,1,2,5,20
H7PWU2C3F,鶉音,N83DW3NYG,†極最強倶楽部†,871,2,6998,483620,4,4,7,5,7,6,7,7,47
566Q7DYNT,ココきゃん,AR9HR528A,いろいろ実況,847,2,6999,483530,8,2,10,7,7,7,7,4,52
2T3HJKEG6,ゆう,68JHFM1EM,Spiw,984,9,7000,483440,1,1,7,1,3,10,4,8,35
3VL5KDB0A,しぇぱ,7NJM1VURM,らんるん部。,232,0,7001,483350,8,7,9,6,4,5,4,3,46
YKB5RTC08,眼鏡流星群,9D722M8KC,蓮ノ空同好会,1106,10,7002,483260,8,7,9,6,6,8,8,8,60
RXVRJVGPY,なまはむ,EJY6B26D1,After見たい,1200,5,7002,483260,6,4,6,4,7,8,6,8,49
TYPCFLHCH,MAL,60KU468X3,はっすーず,789,2,7004,483170,4,2,4,10,2,10,3,7,42
ZGH86VEK5,シロタ,G202YTPW1,無言倶楽部,1030,3,7005,482990,5,4,9,5,7,5,7,8,50
16J4RMFUM,めぐります,MUXWTW1GV,蓮の空見守り隊,810,1,7006,482900,8,7,7,6,4,5,6,2,45
ER58XY2KD,花宮初奈,3RH5MYBXV,こずめぐ党,326,0,7007,482810,2,1,1,2,1,1,2,1,11
Y0RXEU4DQ,ぴろ助,B2KV0EVPD,蓮ちゅきクラブ,1172,1,7008,482720,7,8,8,7,7,5,7,8,57
VCDS1GLZ5,sato-0,D60RTVUP4,月月火水木金金♪,959,0,7009,482630,1,1,1,1,2,1,1,5,13
22KBA5W88,K4zus4,88DJ300PJ,めぐ党 • 永遠,1164,5,7010,482540,8,7,8,5,9,8,5,9,59
L5A483B39,たくあん,KFC62L0FV,ねるねる同好会,1058,1,7011,482450,1,2,1,5,1,1,2,4,17
91GN71K59,はばねろ,4URND90YY,参加賞狙い,994,6,7012,482360,5,8,8,7,4,6,5,7,50
6YM7KAMVU,しんくさんく,JTJKAXF0U,千里浜の砂,845,0,7013,482270,1,6,8,4,4,4,5,7,39
A1XTG2FKM,Shou(TT),0NLHKATWL,生きてるだけ偉い,647,0,7013,482270,7,9,7,6,8,8,8,8,61
9DXCYY8XM,おもちゃ箱,0FGGRVVKX,めぐぱい党,848,2,7015,482180,2,4,4,1,3,2,2,1,19
OZG37QJ6D,モスP,EWM0GK62C,誰でもどうぞ,1079,0,7016,482090,1,5,6,4,5,4,6,8,39
054MWCBJY,Bald,95TAREFPT,ご自由にどうぞ,299,0,7017,482000,6,6,8,10,6,5,7,5,53
3REWWLTUW,お米,AXG81GPMP,蓮ノ空マタギ部,1094,13,7017,482000,6,7,6,4,7,6,7,5,48
LYU7T63JY,TR3.14,GGK2P93JK,きゃらめる,268,0,7019,481820,8,8,7,5,10,8,10,2,58
IHL8AP0YV,ノエ,6HV2RH6TU,イベント用、無言,1492,17,7019,481820,10,10,10,10,10,7,9,10,76
1P2LVH00D,一瞬の夢,WBN7UHG0Y,かぎっ娘クラブ,1036,11,7021,481730,6,6,9,9,2,9,8,6,55
X96W0HL40,みみみ,RA1676TKK,蓮の空好き好き部,385,2,7022,481640,1,2,2,1,2,1,3,2,14
KKUJ2HD08,3333,K3LMN5JHH,金沢カレーの皿,486,0,7023,481550,10,10,10,10,10,10,10,9,79
R47FO7T0Z,良行,U5RFGBBTG,蓮ノ空G's部,1134,9,7024,481460,8,8,9,10,8,5,5,8,61
DAK5DJU9K,日向ろな,5L9GNT78V,叶え！私達の◯◯,317,0,7024,481460,3,4,3,1,4,3,4,1,23
WNCFYMNXD,まじん,6JT4698RG,ぶたばこ,514,3,7026,481370,1,3,5,1,3,4,1,1,19
E3UHK6EPV,岡本,FVJFA973A,月猫愛好会,328,0,7027,481280,5,5,4,4,6,4,3,1,32
93EJK8C92,だご,FE282F3VH,天悶部,1198,2,7027,481280,7,6,5,4,4,5,6,7,44
W0UAXGD2F,だいだい,PJN52E7JX,ひよっこ,267,0,7029,481190,3,5,4,6,2,4,5,4,33
FMNW3QU6R,りん,YVV9CMBLW,東京公演で沼落ち,1090,3,7030,481100,7,7,10,7,7,8,7,8,61
U4F3WGHX7,たっぷう,LB0K3MHND,フラワー,1355,4,7031,481010,7,6,7,5,7,7,9,9,57
632LXISEE,ゆいちゃん,RBH0YM8P2,蓮ノ空ラーメン部,296,0,7032,480920,1,2,1,1,3,2,2,1,13
8WXX2M8DA,さやかほ,GCFA4WL28,乙宗梢を愛で隊,965,2,7033,480830,3,7,8,4,6,4,10,7,49
D1CPMDAYW,ヨリック,N8L41JAA7,無言 ノルマなし,410,2,7033,480830,10,10,10,8,10,8,6,5,67
X6CM69FAJ,428,KJU0BU77M,無言交流なし,1319,1,7035,480740,10,10,10,10,10,10,10,10,80
05W9M0F1T,怜,28XJ8NK4L,蓮ノ空まったり部,1022,2,7036,480650,5,5,8,4,7,6,6,8,49
NTUSHVOJ8,小使,279NUYU7C,れんこん,1479,18,7037,480560,8,8,8,8,10,9,9,10,70
6U65XRUYI,ねこ,MVMP6NNXD,空き時間らくがき,1415,18,7038,480470,7,6,9,8,6,6,9,9,60
WGP9J786X,リンクラベリー,6JT4698RG,ぶたばこ,626,2,7039,480380,1,5,1,9,4,1,4,1,26
DVUF4ELWE,一純,W189BP629,みんなのみかん畑,1130,7,7039,480380,7,6,7,5,8,7,6,7,53
EBUH5HFTD,れが,R1RM3X0WV,後方腕組みオタク,1042,9,7041,480290,9,5,8,7,7,7,8,8,59
ZIYLRJ23G,MaRASa,JY79RPB1D,リンクラゆる部,1115,5,7042,480200,4,4,8,10,5,9,3,7,50
10W4U925N,ちあき,T4WY63DB9,ういのま,1090,7,7043,480110,7,7,8,5,8,7,7,7,56
YY2RNLA7P,シュン。,321FF56TK,リンクラ芸楽部,803,2,7044,480020,1,4,5,2,3,1,4,5,25
8VBRMKC76,べかんこ,5W8RPRVUA,ド！ド！泥！,926,2,7045,479930,7,8,9,4,6,5,7,4,50
03YS343AH,陸戦強襲型大納言,95031TR10,ひめぎん文化会館,966,7,7046,479840,1,2,9,1,10,1,6,9,39
1KLC8PAHK,はる,1EL57CDR0,なんもわからん,1087,5,7046,479840,4,5,7,5,6,5,8,9,49
JZAJDVW5Z,FREYA,VY26V3P0K,AltF4され隊,767,2,7048,479750,9,9,8,7,6,6,8,7,60
N043XH5H5,yuanliya,BBNEWB1UA,蓮ノ空紅茶部,817,8,7049,479660,5,5,10,3,2,4,4,5,38
7L7AH4NVM,keinez,T4WY63DB9,ういのま,942,4,7050,479570,7,7,8,6,7,8,7,6,56
IDX4QYZGM,せの,WLTWDT50K,せのさえ,926,9,7051,479480,1,3,5,3,4,1,8,10,35
S6CGX2DBZ,宇治抹茶,2DYYAPFVN,蓮っ子村,1041,14,7052,479390,6,8,8,7,7,8,7,7,58
APEHNRI7A,あめ,NGFXVPCGX,うさぎのしっぽ,1029,0,7052,479390,8,6,10,7,7,7,9,8,62
WUAXB8RX2,まままい,8KCJ6PD2B,ぺろぺ,596,2,7054,479300,3,3,3,1,4,3,1,1,19
VCRK2A58A,ななし,XYRA2MND0,蓮ノ空ゆっくり,958,4,7054,479300,4,5,4,5,8,5,9,10,50
EP5BYWKYZ,やんやん,V1C2TB6KA,伊達ヶ丘,891,4,7056,479210,7,7,10,9,8,6,10,7,64
3E82TRYTM,あかにこ,MVYAVX8BK,きらきらきらら,532,0,7057,479120,6,7,10,8,9,8,6,7,61
ND9Q0ELTO,あずこと,WBCN61N99,SRK組,826,0,7057,479120,4,4,7,7,7,7,4,7,47
ER7ZAT640,はやて,281AVFPPX,蓮ノ空過食クラブ,1079,12,7059,479030,7,7,8,5,5,6,6,6,50
LHRXVJXOE,たか,YN8B5JGWA,我思う故に我あり,931,0,7060,478940,5,8,7,4,4,6,7,5,46
OWBMIIVHR,おとえ,NB0HX9KP8,かほてぃあん,1245,18,7061,478850,4,2,7,5,4,5,7,10,44
8YLNE38AX,磯風,948FLPMPN,まったりハス煮〜,947,8,7061,478850,6,6,8,8,6,5,7,7,53
JKXN1MT14,あわびん,3BE2RELRC,見晴台,661,0,7063,478760,1,3,7,1,2,2,2,1,19
FFF2CHO2D,BLUE,MVMP6NNXD,空き時間らくがき,1267,13,7063,478760,9,8,10,8,8,9,8,8,68
TI45P8F56,かほのん,J0N1E3Y09,月火水木金土日,1051,4,7065,478670,6,6,8,6,6,6,4,7,49
HUHCHY8RY,小1筱,JKAYY0KXL,自由！開心！,557,2,7066,478580,2,3,5,1,6,1,6,2,26
8T32E8U31,やまやん,NK05UMLWW,かけ込み寺クラブ,858,2,7067,478490,1,3,2,5,2,3,3,1,20
2UD3C60DY,すもり,CM9YRC9AY,シャニ同,300,0,7068,478400,4,4,10,3,4,5,5,4,39
B7PO6EQPD,eye,9YM3DBTB7,泥民館,884,0,7069,478220,1,2,1,2,1,1,2,1,11
KPPVL37BD,パラノアンドロ,X0TFG829Y,ボクのおうち,488,0,7070,478130,4,1,2,4,6,5,4,5,31
ATLLQC6AP,Katsu,J62DRC7J5,蓮ノ空好き好き会,1051,10,7071,477950,8,7,9,8,9,8,9,8,66
AL4F17ILT,さくらんぼ,7R8NKPAB1,花帆推し倶楽部,932,5,7071,477950,9,3,4,2,9,6,7,6,46
GAFM48ERR,まがん,KFC62L0FV,ねるねる同好会,884,3,7073,477860,1,1,6,6,1,2,7,1,25
8NXY8E0WU,フランー,FV045G54P,初星学園生徒会,408,0,7074,477770,2,10,4,1,10,2,2,1,32
HUY9TGERG,げっさん,C003CD1RW,☆蓮ノ空クラブ☆,368,0,7075,477680,9,4,5,3,9,5,3,8,46
UKE0Y31AD,しぇく,0GALMLWK6,ボクなんなの。,1074,2,7075,477680,6,6,9,7,4,6,8,8,54
JB5IX6ZZT,ほろあま,9R4E0EDBV,いいね金沢,1069,1,7077,477590,4,4,7,4,4,4,7,9,43
TPGLDH4C3,べいそん,AE3L01V24,LOVE蓮ノ空,993,2,7078,477500,8,8,8,5,8,5,8,7,57
ACT0GBLBR,ムク,R9NGK6L48,のんびりサークル,1228,8,7079,477410,4,5,5,5,3,4,7,7,40
TK4CY8C98,はる,GR65FP8VN,蓮好き,387,0,7080,477320,4,10,9,3,4,2,9,10,51
PUNPLAFR3,キャタピー,0VEMMV8E2,スリブとまったり,527,0,7081,477230,6,6,8,10,6,6,8,4,54
8TTDXFM38,手箱,XE8513HNP,喫茶カワウ空✨,725,0,7082,477140,5,4,7,1,4,4,4,1,30
8M2ALTG95,我才是人人心,3F0M4HXJE,蓮ノ空まったり部,838,3,7083,477050,1,4,6,2,3,2,3,6,27
PLVTEYG16,ことチュリオン,LHU88R0LV,リンクラまったり,1018,10,7083,477050,8,7,9,5,10,7,6,9,61
Y55M0MZD4,IRUKASHO,9YAV17UUR,のんびりスペース,879,4,7085,476960,7,5,5,6,7,7,5,7,49
7W29E5160,りょうた,A7WWE0463,蓮ノ空初心者部,334,0,7085,476960,1,6,3,1,5,4,4,6,30
CYG3JGBRL,玉城デニオ,JY79RPB1D,リンクラゆる部,1232,12,7087,476870,7,8,7,8,7,7,8,9,61
E1UM2ARP3,まり,0CEA9XFKR,蓮ノ空の泥人会,1006,4,7088,476690,3,2,8,3,7,5,7,9,44
0EHC34GCE,はっぶる,4FXPC55PY,PPIHクラブ,953,7,7089,476600,1,6,4,8,5,4,7,9,44
6GXVNM3HY,よしお,WLLWJ8ADP,乙宗筋肉サークル,545,0,7090,476510,1,4,4,2,3,1,4,1,20
5AR03C7DT,いっちゃん,AR9HR528A,いろいろ実況,1174,2,7091,476330,9,8,10,8,9,8,7,10,69
YYN25MQ7V,うゆピ,G6EH0KHT7,なんもわからん,994,6,7092,476240,5,7,7,7,6,7,7,7,53
B8G5CG4EZ,百香,HB9AU9DJJ,聖心党,1223,18,7092,476240,5,6,7,7,10,7,9,9,60
46KV1RHDL,RAVEN,G26L2CBRC,悠々自適,1093,4,7094,476060,10,7,9,6,9,8,8,8,65
GD7BHP7M0,なや,0NLHKATWL,生きてるだけ偉い,603,4,7095,475970,6,6,6,9,3,6,7,6,49
MAN6UVAB8,スワロー,XE8513HNP,喫茶カワウ空✨,1135,2,7095,475970,7,5,8,4,7,6,8,9,54
V33ME72Y5,クローニン,HMBW9DXY2,蓮好き皆あつまれ,1050,2,7095,475970,4,4,4,8,5,4,8,8,45
LG62PTK1J,ひろまる,LP8LPRUM8,蓮ノ空を見守り隊,917,4,7098,475880,3,9,6,4,10,1,10,7,50
Q45T194E6,きなこ,36T6UB6YA,まったり箱推し部,1099,6,7099,475790,5,6,8,7,7,6,7,9,55
113HJKP0C,りき,N752V1LD6,思想の溜まり場,781,0,7100,475700,1,1,5,4,1,2,2,4,20
F72QI94O6,かいか,573J1JVVK,かほかほ,1064,0,7101,475610,7,8,7,6,8,7,6,8,57
BA4Y2U0T1,TP,R9BNLJ11B,瑠璃乃を愛でる会,732,0,7102,475430,6,6,6,4,3,1,5,7,38
5GJALCY6B,おとう,6B79AJXNY,こんめぐこんこず,757,0,7103,475340,4,5,7,4,6,5,6,8,45
BHW6IYEUZ,bcr,DALU6BL7L,東方星蓮船,1011,9,7104,475250,3,4,10,1,2,10,9,1,40
8XJ1GHI0Q,ロロライナ,95TAREFPT,ご自由にどうぞ,1089,1,7105,475160,7,6,7,5,6,5,6,5,47
3LMLARUZF,nextank,CBJ6YLG5N,ゆるケストラ部,1031,1,7106,475070,1,5,5,4,6,4,8,9,42
GBYY4YMY0,蓮ノ土(つち),CM5THHYHB,「」ノ空だけれど,1198,13,7107,474980,7,7,3,2,10,10,6,10,55
IKCHP3S44,カタクリ,9FF5JBNDF,めぐすきクラブ,1119,4,7107,474980,6,6,8,6,8,7,9,7,57
U82VA75OT,iwa,28X3RWD95,涅槃寂静,893,7,7109,474890,4,10,2,9,2,4,6,7,44
42TF31JLV,ゆに,BHW3RTLYB,カワウソ小屋,648,0,7109,474890,1,1,1,1,1,5,5,1,16
6X1WHVMZJ,むーみん,AVX749PPB,姫芽ちゃん親衛隊,1009,4,7111,474800,5,4,8,5,6,7,7,9,51
TIMP00NBB,デプレ,T2XRMGEAE,蓮根無言会,977,0,7111,474800,4,4,7,4,7,5,7,9,47
RXXTC3EHN,むちゅき,H1XNGBDFT,ちーむUK,142,0,7113,474710,4,4,2,1,3,2,3,1,20
58Z4A0RH4,ナユタ,FTUJJ5KM9,無言◎私生活優先,992,5,7114,474620,5,2,2,1,4,4,9,2,29
X7SBBLANO,ゆー,WN3LHKX0L,レンコンおいしい,1161,5,7115,474530,1,1,1,1,5,5,4,1,19
TXKPVK2H4,さやか,WBXF9XXW7,さやつづ愛でる会,380,2,7116,474440,2,4,1,1,2,2,4,1,17
BU5VXMBT8,なずな,19W3J4UMV,蓮ノ空チア部,526,0,7117,474350,4,4,2,7,5,4,6,4,36
BR9BUTED9,cross,E7UBFLW56,同好会の同好会,466,3,7118,474260,4,2,1,1,4,1,4,7,24
X6D5T3NYG,紅音,VF517JBVB,無言でいいよ。,778,4,7119,474170,4,5,7,4,4,4,3,1,32
GWRG89GTL,みむ,NL1MPRG05,とりあえず,888,2,7120,474080,4,6,7,8,6,8,8,7,54
157M6T2RP,カイクン,J7N4W6Y1K,こずミックラブ♡,877,3,7120,474080,5,5,10,7,5,6,5,2,45
6YDKCWPJL,しらさぎ,E49YWK5YC,酢蓮根,830,0,7122,473990,6,4,5,5,6,4,6,7,43
OP62IT83S,ヒロ,KXEME076E,つづさや親衛隊,1036,1,7123,473900,1,5,10,1,2,9,7,1,36
M2NYRU684,syo,V8XX999F6,卍蓮村幼稚園卍,267,0,7124,473810,8,8,7,4,8,9,5,1,50
ZI41XDD4H,K,UYFUH7H95,ハスフラスコ,1132,0,7124,473810,7,8,8,4,8,5,6,8,54
N1DDVY9CK,ゆーふう,3FF3NB77X,せーはす愛好会,857,0,7126,473720,4,4,6,5,4,4,6,5,38
7U9AWFF5B,シモンニキ,DULFP3TRN,めぐ党員の部屋,771,2,7127,473630,10,1,6,8,2,4,6,5,42
C52CHKFEF,雨美,FG4170141,♪さやか愛好会♪,517,4,7128,473540,5,10,4,10,10,5,5,4,53
B27KRAOCW,月森蓮,07JW71HWG,良いチケで観よう,1033,0,7129,473450,2,2,1,4,2,3,5,4,23
IUORBEZR6,きま,RGR1NVGWH,無言推奨・自由村,1129,5,7130,473360,7,6,7,4,7,7,7,7,52
7U1801MJT,カイト,AXGGJ4EJ1,所属だけしたい部,321,0,7131,473270,3,8,6,2,4,3,4,4,34
0M1XM75NN,ナカセン,MUXWTW1GV,蓮の空見守り隊,825,0,7131,473270,8,9,10,5,6,5,6,7,56
V3J5KY1JC,バニー,BELCUYCMH,蓮hkg香港分部,860,6,7133,473180,7,8,10,8,8,10,8,7,66
5P81MEUEE,シン,JWUL2T36L,チーム初心者,821,2,7134,473090,8,4,8,8,6,4,9,8,55
893CLBB6K,ひらがなのふー,XE8513HNP,喫茶カワウ空✨,1168,3,7134,473090,4,6,9,4,8,8,7,8,54
M1FR8LDYD,T＆M,PWK02KG0F,メメントの森公園,643,0,7136,473000,1,3,4,1,2,1,4,1,17
060F4MFVX,オルカ,4V1HD9MWX,国道ハンターズ,579,0,7137,472910,3,2,1,1,3,2,1,1,14
54GN2KACX,show,7RCR509XR,とっり,688,0,7138,472820,7,6,8,8,3,2,6,5,45
KKPEVYOXQ,Chiyuu,V6DV6KETG,梢好き好きクラブ,1358,15,7138,472820,9,7,7,4,6,6,8,9,56
JN4VA7HHL,空気だからね,WLBYGHXPD,大天使村野さやか,1045,7,7140,472730,1,1,7,7,6,6,8,9,45
YP5K5GP2F,しおん,R1N2RU3VT,ARTST♡,937,6,7141,472640,5,6,10,1,3,10,9,5,49
MAH8YL50V,テルミ,EMAN1DMK8,いつものメンバー,1007,5,7141,472640,1,1,7,1,2,7,3,8,30
YK8GVYG37,いそべやき,E7UBFLW56,同好会の同好会,896,11,7143,472550,6,9,4,4,7,6,4,8,48
EY2D1P0H3,hyper98,BW38LDPRF,蓮浦の星空,1384,18,7144,472460,10,7,10,10,9,8,9,8,71
1KC0AKVJP,しゃいに,N1JAJ83CA,蓮ノ空園芸部,865,2,7145,472370,10,1,10,4,2,5,6,5,43
30GV9ZJ8Q,デリー,GW4CH70HK,TKG同好会,773,1,7145,472370,4,4,8,4,2,4,3,1,30
9D0CT0C1A,ばた,46UP5GKU2,機械さんと仲良く,892,3,7147,472280,4,1,5,1,1,1,1,1,15
A26NQAKOU,まー☆,LUUR1D2PB,ちぇす党♪,1379,18,7148,472190,9,8,10,7,9,10,7,8,68
XKJK64K41,ていな,NT2KU5174,こずかほ。,1245,12,7149,472100,5,6,10,6,5,9,10,10,61
ESQV3M6ME,くずもち,C6HBJMY5L,！,1032,5,7150,472010,4,6,10,5,10,7,7,8,57
GC9CAL1BT,アサ,7MPNTWKTN,Dreamers,617,0,7151,471920,8,6,10,7,7,8,8,9,63
7MHGMBTXV,きるふぇぼん,0FRFJDBER,主体思想研究部,904,2,7152,471830,6,4,8,6,4,5,5,8,46
5CC3RE9CQ,かるこん,NMFBD39FM,蓮ノ空分室,1112,2,7153,471740,9,8,8,6,9,8,8,8,64
E8HL5FXAJ,ワンタン,AND13836G,乙宗梢親衛隊,739,0,7154,471650,5,6,6,4,5,5,6,7,44
N9Y4B15UC,きら,4RNUXBXGL,みらぱ最推し,294,0,7155,471560,3,4,5,2,2,1,3,1,21
QOWXMR6K2,なっくん,0CBM28JP6,ほうき星,902,1,7155,471560,1,1,8,8,6,5,6,5,40
G7ATTD4TW,澪,PLBBEX019,待機室目指し隊,1177,0,7157,471470,6,4,7,6,6,7,7,7,50
XDU47T6J1,カステラ,88DJ300PJ,めぐ党 • 永遠,1034,8,7158,471380,6,6,5,6,6,5,7,5,46
EY3VNNK71,蒼華,JWUL2T36L,チーム初心者,803,0,7159,471290,8,8,9,5,8,7,7,7,59
QB7MCYT9U,ヒヨドリ,RNJ306W6N,日曜日よりの使者,1016,6,7160,471200,6,4,8,4,5,4,8,7,46
9HMDD4UCA,渡辺ちくわ,KGY709ULG,蓮の花束,327,0,7161,471110,6,9,7,9,6,1,4,1,43
MW29X2TV6,シノア,9AYD3XJ2D,ぺんぎん隊,1143,15,7162,471020,4,1,7,8,4,9,8,9,50
C55GKKR0X,織姫彦星,NJBBTCY3A,かにかに！,1120,14,7163,470930,3,3,6,1,8,5,6,6,38
GEHUCGH9M,マコチャン,F90XW14UP,のんびりプレイ,543,0,7164,470840,7,6,9,6,7,7,6,7,55
6MJNQHNG4,とよ(ジーザス),4FXPC55PY,PPIHクラブ,924,2,7165,470750,4,4,4,1,2,2,6,1,24
16XFLA2E2,ユウ,G0WRCNRWK,県立沢庵図書館,263,0,7166,470660,1,3,4,1,3,5,8,1,26
3M860RPRX,バリカタ,PHMJLJY5E,ラブライブ愛好家,960,6,7167,470570,3,5,5,8,4,7,7,8,47
2EW55KL53,army,AND13836G,乙宗梢親衛隊,1120,13,7168,470480,1,2,1,3,2,4,8,8,29
NYQTWYLT1,digi,CPT7M02TT,起きられないマン,1169,9,7169,470390,5,5,6,3,7,5,9,9,49
GL3V1KSH1,真面目な学院生,KBJ2P8T0Y,人見知りの集い,1298,13,7170,470300,10,9,10,9,10,10,10,9,77
01DSD5NC7,ぱなりん,A84BK7PL4,ゆるっとホリディ,1013,10,7171,470210,5,7,4,8,2,5,2,4,37
8TUH0KMMA,中川原 菜々,FNMV166UY,蓮ノ空喫茶部,1255,7,7172,470120,8,9,10,7,10,10,10,10,74
B7LFOQ2RO,K,GMEF2K8DL,花咲く泥も好き²,1198,3,7172,470120,9,9,9,8,8,8,9,9,69
G0C9HPKYJ,刹那,95TAREFPT,ご自由にどうぞ,877,1,7174,469940,4,4,4,4,4,4,7,1,32
X6JREHNL8,シオン,9WE3M7BTP,クラウド,875,1,7174,469940,5,5,8,5,6,7,6,7,49
NMAXCUPFZ,(○▽○),8FR866PRY,蓮っ子みらくラブ,1157,13,7176,469850,5,7,10,5,7,7,7,7,55
3BAM2WXKF,かず,YVV9CMBLW,東京公演で沼落ち,155,0,7177,469760,5,3,5,2,4,5,4,3,31
N0YY96RGE,カナミ,PWK02KG0F,メメントの森公園,385,0,7178,469670,10,9,10,9,9,10,9,10,76
P3542KYRH,コルベットZR1,R7VEXFUBP,蓮ノ空応援クラブ,956,1,7178,469670,5,10,7,1,10,4,7,7,51
E374TZC25,ばいおれっと,M851LEV3N,なっす父兄,1408,1,7180,469580,10,10,10,9,10,10,9,9,77
8B5HCGM0V,kary,R083H7WRN,サークル無言,800,0,7181,469490,7,8,10,5,6,7,6,5,54
RGY7ZSQOU,彩葉,WJY2HK6A5,蓮の空イベント部,993,9,7182,469400,3,8,10,4,7,4,7,1,44
RG7MB8BAD,ショコラ,3EJX5WB1A,金沢綴理門,1169,6,7182,469400,6,6,8,4,9,8,6,8,55
M6T52JPTM,とがみ,LYPVAETHY,金沢の泥,887,0,7182,469400,7,5,7,5,6,6,6,7,49
VRAAR2616,ALgiZ,EE4BKR0AR,まったりプレイ,885,2,7185,469220,8,5,7,6,7,8,7,8,56
32HP3YOSU,志念,XJHATLDVB,さやかほ観測所,1314,6,7185,469220,10,9,9,8,10,9,8,8,71
GYCAKY3KT,しぇ,0GALMLWK6,ボクなんなの。,706,0,7187,469130,5,6,8,4,6,6,7,5,47
6D5QOH0YD,はるなと,06A0GBYLL,ロータスNHK,1201,1,7188,469040,5,3,7,4,6,5,7,9,46
6U71PYRHE,珀,DYTW8H2KA,めろんおいしい,823,7,7189,468950,8,10,10,8,9,9,8,7,69
53WE8UL9J,うっしー,V830CTTX3,日野下後輩,766,1,7190,468860,1,4,7,7,4,1,6,4,34
8E99BFU9E,まもののるつぼ,1D7T2UXC2,無言でのんびり,993,3,7190,468860,4,2,9,7,9,9,9,10,59
7W4J0O8ZQ,ひたひた,FMKP92LRL,目が霞む人達,687,0,7192,468770,1,1,2,1,4,1,4,4,18
2RV3KN78E,遊城ちき,ULUELCJ7T,なるようになる？,1162,15,7193,468680,4,4,5,4,2,4,6,10,39
F9MVJI0EM,みつひろ,JPDRGBDVP,個人サークル,1195,2,7194,468590,4,4,5,4,8,4,8,8,45
WMVEUYB9N,だいそん,48GTYR1VB,ハラショー！,997,9,7195,468500,7,7,5,2,10,4,7,10,52
3Q9GYJL9D,さま,4202AY8EJ,倶楽部賭郎,937,4,7196,468410,4,4,6,2,8,5,8,9,46
C4EC77P18,as,BYA3FA0X8,無言ぼっち同好会,1075,4,7197,468320,4,4,5,10,4,7,6,8,48
RAAP0WFU7,しんしん,1U4JN5CXB,LLユーカー部!,774,0,7198,468230,9,1,1,1,2,1,10,10,35
ENC2E07TG,らい,8MLVA67AK,聖ミリオン女学園,711,0,7198,468230,7,5,7,4,4,2,6,7,42
ALB1N4560,Y04,6H800PBV7,新鮮館,681,2,7198,468230,3,10,5,4,3,5,5,6,41
YB0LL4V1A,ROUND,LY0XPW7NL,元カノ概念強火派,768,2,7201,468140,1,3,4,1,2,1,4,1,17
60KWEL8NF,RST,R9BNLJ11B,瑠璃乃を愛でる会,633,0,7202,468050,6,6,6,4,2,3,6,7,40
6BXAEMNKX,かつどん,WLLWJ8ADP,乙宗筋肉サークル,839,6,7203,467960,2,2,6,6,4,4,7,1,32
NMP3L5NNJ,普通NEKO,26JDLMBLN,徒町は強く生きる,858,0,7204,467780,8,5,8,1,6,7,6,7,48
WOUIZONJK,恣意,3K4T5H6LT,ペン回し同好会,1079,6,7205,467690,5,4,5,5,6,5,6,8,44
DAFRCJC24,まーちゃん,9UKKACGDU,蓮っ子CLUB,1191,5,7205,467690,7,4,7,4,7,7,7,8,51
Y4ZL5F743,あかつき,Y2HV0YEF7,蓮ノ空を応援し隊,1282,14,7207,467510,1,1,5,1,2,1,6,5,22
F3YJA09XO,かみゅ,XLBU65J86,花の壁飾りクラブ,1144,5,7208,467330,7,6,8,5,6,4,6,8,50
T52H9J0K5,K｀・ω-)و,3FF3NB77X,せーはす愛好会,563,0,7209,467240,2,3,2,1,2,1,4,1,16
F415J8HAN,165.2cm,4K4JXGNX0,蓮ノ空P活クラブ,781,2,7210,467150,1,7,4,1,10,3,6,1,33
KMVGW5O0O,シノ,0VEMMV8E2,スリブとまったり,825,0,7211,467060,4,4,8,4,1,1,8,8,38
RYEWALNJU,そーら,XXVVJY6FE,はぴぱれ,922,4,7211,467060,10,9,10,9,8,8,8,8,70
XBI9JOAGU,田中鈴木,DF7FA982P,蓮ノ空百合部,1179,2,7213,466970,7,4,5,5,6,5,7,7,46
MVNAYA068,sada,G6EH0KHT7,なんもわからん,851,0,7214,466880,2,2,1,1,1,1,2,1,11
2B088HVCH,竹本,2DYYAPFVN,蓮っ子村,993,12,7215,466790,2,7,3,1,2,1,7,4,27
2QLOE6FR0,まの,TXNCTRR1U,瑠璃乃推し隊,1231,2,7216,466700,3,1,7,4,4,4,7,4,34
G31LKBJPA,ミーシヤ,92DAKAG6N,鈍色の空,757,0,7217,466610,2,4,1,5,4,5,5,4,30
MWR3U5KT0,リン,865UE9UC6,蓮ノ空うどん部,1181,8,7217,466610,8,9,9,8,8,8,9,8,67
UUPKYW262,minits,MVMP6NNXD,空き時間らくがき,1168,0,7219,466520,8,8,8,5,7,7,8,8,59
K5UNBYKX2,なよん,XHJLF3R8H,ゆったりプレイ,903,0,7220,466430,7,7,8,7,7,7,7,8,58
1V77WI6ZO,ZOU,8FR866PRY,蓮っ子みらくラブ,1065,0,7221,466340,6,7,5,5,5,4,6,7,45
4ZNKAAJ5L,もとき,JDAUTGR5N,花帆ウサギ,1249,13,7222,466250,4,6,7,4,6,6,10,10,53
33DW2CD7K,duong,JPNNY7W5F,ログイン勢,604,2,7223,466160,7,5,9,4,5,4,5,4,43
WRY2Y8U5W,クロノア,GN9EEL045,きらくに,932,2,7224,466070,1,6,9,5,4,1,10,10,46
83T8PIB1G,Mare,1D7T2UXC2,無言でのんびり,716,4,7224,466070,1,4,4,1,6,4,4,1,25
U7WMEMAX5,ちゅけ,26CAPRWLJ,大倉庫救助隊,849,0,7226,465980,4,5,5,4,4,5,6,5,38
Y99WE3BA3,Ｇ☆Ｇ,DF7FA982P,蓮ノ空百合部,1398,5,7227,465890,5,5,6,6,7,7,10,10,56
FNN3G1LXV,ポメラリアット,J0PT5EX42,スクスタモ部,215,0,7228,465800,10,3,5,10,3,3,4,1,39
0KCH6B5TN,ぴょんた,JE7V5MM31,蓮ノ沼に沈んだ泥,1258,13,7229,465710,9,10,10,10,10,7,10,10,76
0BWUJ82CV,とんと,7G23BHH2H,とんと,639,0,7230,465620,5,6,6,5,6,4,7,8,47
MYCDC13KY,もこ,XTMGPY62U,スクステ初心者,389,0,7231,465530,6,7,9,5,6,5,4,2,44
6H8M0NP14,ジョージア,865UE9UC6,蓮ノ空うどん部,801,0,7231,465530,6,3,5,6,6,6,7,7,46
2396341N6,ラブ,6YTAMD33M,リリエンフェル党,362,0,7233,465440,7,5,6,4,4,3,4,4,37
BDIF7RDVG,マルセイ,58FD7UF8J,としとしサークル,1137,5,7234,465350,8,7,8,5,7,7,6,7,55
VPNW72RWY,紅茶の国,NGMU0511T,無言のお茶会,950,1,7235,465260,4,7,9,4,5,8,6,7,50
KZNBWWDQL,ダイブマラドーナ,9BHYELNY1,シン・エスパルス,1032,5,7236,465170,1,4,7,1,8,8,9,9,47
NF4U5CF7K,氷の翼,5WUDLMWEP,蓮ノ空は明日ノ空,745,2,7237,465080,5,4,5,4,6,4,4,5,37
D14R4323J,33NEPPY,N1DJVPGP8,いつでも咲けるよ,451,2,7238,464990,4,3,4,1,3,2,4,1,22
PTCGMG2VB,かるた,YADX9DY49,ﾊｽﾉｿﾗｰ,996,1,7238,464990,4,1,4,4,4,4,2,7,30
2AVEHUGN3,おでん,UK30B7DG2,ずらまる卯どん。,926,0,7240,464900,7,6,8,5,7,7,6,7,53
1AY06KV3L,和泉守,WLBYGHXPD,大天使村野さやか,839,2,7241,464810,4,5,4,4,6,4,6,10,43
DHUHLBXCL,X-ゼルガード,Y6JNPC60C,綴理メイト,953,3,7242,464720,1,1,9,1,9,1,6,10,38
GL7CDG4A2,悲催世界一雷,218R5RK2N,桜坂しずく同好会,435,0,7243,464630,9,4,10,6,2,4,2,5,42
SIOV6VVRB,Sia,RAP9FVR3B,あばうといち,1195,18,7244,464540,7,4,4,10,6,1,10,10,52
RA145L3JH,田中清,P2J37FNLG,乙宗先生指導会,1059,11,7245,464450,6,7,5,4,7,7,7,7,50
YLB7IXETE,Shun,3RH5MYBXV,こずめぐ党,1096,3,7245,464450,5,6,9,7,6,7,9,9,58
NP04RY962,ふじ,2JK7E4115,ラ！推し,1003,0,7247,464360,4,6,7,4,6,6,7,7,47
GEY57W1Y0,ます,5KK3DFY18,MUGEN∞,956,3,7247,464360,1,1,8,4,6,5,8,8,41
LX89GL5HN,太郎,G3EKBADTC,リンクライ部,1129,1,7249,464270,5,7,10,8,7,6,7,9,59
BKTBD2KHM,ななまる,ABU58EVJ2,Quatuor,991,9,7250,464090,10,10,10,10,10,10,10,10,80
6LA978CGU,黒木,WBW66DMUB,るりめぐ研究所,948,2,7250,464090,1,3,5,1,5,1,2,1,19
HHF5D1P2M,レシィ,Y7KJ3PM8P,蓮すきすき同好会,1125,8,7252,464000,1,1,7,2,7,7,9,8,42
ZQO6AY2YL,ARU,2UKNVBMBU,梢ちゃん同好会,614,2,7253,463820,3,5,3,1,3,1,5,1,22
EEGYPL5TU,せつ菜,EFYYG9TAY,ご隠居さーくる,219,0,7253,463820,2,4,2,1,2,1,2,1,15
1FP68ENTP,あるが,762FM3JV4,一蓮托生,497,0,7255,463640,2,2,1,9,5,6,4,9,38
DRDX1HATJ,Roon,7MPNTWKTN,Dreamers,770,4,7256,463550,10,6,9,5,4,4,6,5,49
QMSEE6IHB,橙叶,WHWT61ELR,【無言】ハスノソ,1031,10,7257,463460,4,4,6,4,6,5,7,7,43
8J67T8FM0,トワイライト,5YEE75CB4,ロビーで待ってる,940,3,7258,463370,1,4,1,2,2,1,10,1,22
GYPJK86TE,Sai.K,DHKUGEWBJ,めぐ党虹ヶ咲支部,772,0,7259,463280,10,9,10,7,9,8,10,10,73
NUDZ0IOQF,むにゃ,KXB93FVTR,ブルームガーデン,1208,12,7260,463190,8,7,10,7,8,8,7,7,62
7MYPV03UE,urume,KJU0BU77M,無言交流なし,1184,8,7261,463100,6,9,10,8,6,6,8,4,57
7M85A4YGE,とぅない,2HEFYHN82,異次元フェスから,831,2,7262,463010,4,4,5,1,4,1,5,4,28
D4LPQFSBH,ロックハート,43HRXMXWA,無言OKクラブ,999,2,7263,462920,6,6,8,8,7,8,8,8,59
X4GZKVV68,あずべるで,KT4C59NXG,めぐ島,1520,15,7263,462920,7,7,8,6,7,7,6,8,56
3X4D83UJP,おしるこ太朗,LL1WXGV5L,鉄花団,1171,2,7265,462740,7,6,8,5,7,8,7,4,52
OBKP0N3IO,ほの,2JY96DK53,ねそ,706,0,7265,462740,4,1,4,1,4,4,4,4,26
2WMNYNRU9,ゆゆもふ,51L89PJCB,もふもふ,773,8,7267,462650,10,10,10,10,10,10,10,10,80
XL260YCAJ,びにこん,9UA1G4YRP,カボチャのプリン,598,0,7267,462650,1,1,3,1,2,1,2,1,12
28YE0HGYG,青城千春,KRLTMVMX4,蓮友会,829,5,7269,462560,4,7,1,1,2,9,2,1,27
LTDNUKD6Y,COLORE,PULJ8VCHJ,蓮ノ空を推す会,611,0,7270,462470,8,8,9,6,7,7,7,8,60
K2GOP8GO8,反骨の赤メッシュ,MTBP3B4GM,ふらわーすきすき,967,5,7271,462380,7,7,9,1,4,2,4,7,41
0295FPCXU,サン・ファルコ,XYRA2MND0,蓮ノ空ゆっくり,477,0,7271,462380,8,10,7,8,8,8,8,8,65
TV97FRUNL,菓子丸,7NJM1VURM,らんるん部。,1119,0,7273,462290,7,7,7,8,4,4,8,7,52
UWF5L79PX,にじみかん,FTY0R8KPH,泥の皆様,1099,6,7274,462200,8,7,8,6,8,7,6,5,55
U4EB7W48F,ゆいか,HXVYGL96H,初々しい対抗戦,547,0,7275,462110,8,5,10,6,5,7,6,5,52
1H1Q1K9Z2,sin,DF7FA982P,蓮ノ空百合部,1031,10,7276,462020,6,1,9,9,7,5,7,7,51
R331EY7GK,暁月　瓔舞,C8A9CTB34,蓮ノ空山岡家部,405,0,7277,461930,3,4,2,10,2,1,10,8,40
1CAE13HEC,たーきー,GN1798YEX,ド!ド!同好会,1082,3,7277,461930,4,4,7,4,4,4,2,1,30
1LYD4TC30,玲,CXG25026E,泥のみんなS,1185,14,7279,461840,10,9,7,3,8,6,7,10,60
GKH6MY1PD,みしゃ,8MTLYLH9F,木星月華黄金宮,512,0,7280,461660,4,6,3,3,4,2,4,1,27
DR8XTXK84,美兎,AKF1PWWUL,やっぱかほこず♪,190,0,7280,461660,1,1,1,1,2,1,2,1,10
TAHBAVDDF,あわねこちゃん,8GEP3C6H9,蓮好き好きクラブ,337,0,7282,461570,2,5,4,4,2,1,5,7,30
9S1BVPDHQ,しゅみな,CV62FGL1U,花咲かせ隊,1298,0,7283,461480,1,2,1,1,3,1,2,1,12
1NQKAKGPH,さおり,1F5EPPMLD,UR貰えればいい,1131,2,7284,461390,2,4,5,4,5,4,8,8,40
VNL4H8L9G,ちりりん,WJY2HK6A5,蓮の空イベント部,356,0,7285,461300,2,6,9,10,4,6,6,5,48
KB08WTKT7,J,PLBBEX019,待機室目指し隊,921,2,7286,461210,10,10,10,9,10,8,10,10,77
PQDCHERXU,アイン,3RH5MYBXV,こずめぐ党,1063,6,7286,461210,5,5,6,8,4,4,7,8,47
7E4912M27,かっこー,W2HEPMM2A,無言。ぼっち。,1255,1,7288,461120,5,7,6,4,4,4,7,5,42
PZXTC6U4F,ボンすけ,TD87P23DJ,黄昏の旅団,1149,11,7289,461030,3,6,6,8,6,6,8,8,51
CABJ2CJYW,せむべる,2U4GLJXLJ,泥の中の養分,104,0,7290,460940,4,7,7,2,4,5,2,1,32
YUVYWEDLL,Ltsunahi,762FM3JV4,一蓮托生,875,7,7291,460850,4,5,8,8,10,5,6,7,53
J588FB7VN,マリマリ,0B8RTHY4D,のんびり屋さん,783,0,7292,460760,7,8,7,7,6,7,7,7,56
MGR1HNTP5,侑,AHE0E3JND,ありがと！にひっ,900,0,7293,460670,4,6,7,4,7,7,7,7,49
7GY7TUFM3,ゴリ押しマン,J04XJ8M8K,ゴリ押しマン一族,236,0,7294,460580,4,7,3,4,5,4,4,2,33
72SX1Q0B7,ティーケー,B2KV0EVPD,蓮ちゅきクラブ,1425,14,7294,460580,2,2,1,1,1,1,2,1,11
BYFT0J4T7,ハタナカイザー,N7GLY2RUW,百生銀行,441,0,7296,460490,1,1,1,4,4,4,2,1,18
3MRAXTMJC,けいGO,FE282F3VH,天悶部,691,0,7297,460400,1,1,1,1,1,1,1,1,8
RG9HE1U32,アンニ,1UBNNHVLG,蓮箱推し（仮）,924,0,7298,460310,7,2,5,8,2,5,2,5,36
884KW9TU7,天音いちご,W3F0URUJC,梢先輩応援団,1024,13,7299,460130,3,5,6,5,9,8,7,8,51
2MQJ0HQ77,ふろしき,V33FGRFC4,1限目に遅刻ラブ,1034,14,7300,460040,4,6,7,8,8,6,7,8,54
PGX2KTFY4,アスマン・ザラ,Y2HV0YEF7,蓮ノ空を応援し隊,1386,4,7300,460040,8,8,10,7,8,7,6,10,64
BA44950WU,丹波橋くん,1YLFFXC1E,安土桃山時代,995,2,7302,459950,7,4,7,4,7,5,2,5,41
UR2D1RJP9,ひよくもち,CY3GGDH7H,㍿キモ・オタク,365,0,7302,459950,8,6,9,1,7,6,4,7,48
845LY9UX1,ごろん,KT4C59NXG,めぐ島,1205,6,7304,459860,1,1,5,5,6,8,6,5,37
8K0Y5W34P,「斑鳩」,26JDLMBLN,徒町は強く生きる,1343,1,7305,459770,8,9,10,9,4,10,9,9,68
2DETFU7EH,しゅう,CCACL2CMM,無限城,491,3,7306,459680,4,4,3,1,2,3,4,1,22
6E4BLG78B,Lv1,74HPWML1R,VALORANT,950,7,7307,459590,5,9,8,8,8,7,8,6,59
1UTL77TAF,つしまさ,1EBG7YUTL,菅！CAN！叶！,537,0,7308,459500,4,1,1,1,2,2,3,10,24
E3V660HX0,なお,2AUM7L9BW,蓮初心者クラブ,946,5,7309,459410,4,5,8,9,5,5,6,9,51
1X8KCD19M,雪乃は専業主婦勢,B2KV0EVPD,蓮ちゅきクラブ,1154,3,7310,459320,7,7,7,7,6,7,7,7,55
ZGPSPIOSZ,那珂,E515TRU1G,起きろ夕霧綴理,977,6,7311,459230,1,6,6,7,9,10,10,7,56
D3FHX7FF6,Wright,6UAFKBRPN,リンクラ初心者部,696,2,7312,459140,9,10,9,7,10,9,7,7,68
J6HYK985X,antmy,NVTUPU3N6,蓮ノ沼海浜公園,508,0,7313,459050,4,1,5,1,2,1,6,5,25
W7594TDX4,エーコ,KHAKJKC0A,のんびりまったり,999,3,7314,458960,6,6,6,5,6,6,7,8,50
C3X42UB3C,ほの,GYG7B5R36,幼馴染同好会,1036,7,7315,458870,7,5,7,6,8,8,9,8,58
V3XDTJEVM,ゆう,GW4CH70HK,TKG同好会,1193,18,7316,458780,10,10,10,10,10,10,10,10,80
C7E9HH2LG,ワタル,88DJ300PJ,めぐ党 • 永遠,1004,6,7316,458780,1,4,5,6,8,6,8,9,47
LGBNRE1C7,よしのちゃん,0YLUK30K6,蓮っコの集い,365,0,7318,458690,1,4,7,6,4,10,3,4,39
09JZ013FL,bassie,31A7JKC69,蓮好きの巣窟,1168,5,7319,458600,9,8,9,7,9,9,8,9,68
WE99NUNL9,ぜろしゃな,85G1K4U8U,ゴーイングメリー,899,2,7320,458510,7,9,10,8,8,7,10,10,69
G2TCRYV9G,楓柳,EYEPHE14G,花上梢頭,1006,10,7321,458420,4,7,8,6,6,6,8,8,53
QPUANWXUU,矢守留木菜,E8K438RP1,リンクラ初心者部,622,4,7322,458330,1,1,1,1,2,1,3,1,11
HNVJJANFM,ヤタガラス,WTJV514G9,蓮ノ空のお弁当屋,927,2,7322,458330,5,2,6,6,7,4,7,7,44
NC6U1APC8,みずき,RN5BT2ECF,泥,849,0,7324,458240,9,4,8,5,5,7,5,9,52
13UK8JHJB,K.きくち,JRFM5DW6T,咲く蓮の花,1147,16,7325,458150,10,10,10,10,10,10,10,10,80
4NDVG0RXX,すぴか,AH27N260E,百生信託銀行,478,0,7326,458060,10,8,9,10,7,7,9,9,69
R8V3E8P7R,るりお,J5CKL5YPX,ログイン勢かもん,671,0,7327,457970,5,7,9,5,4,5,7,5,47
LGNDA989B,さく,53M4V2BVG,吟子の髪飾り,315,0,7328,457880,8,10,9,6,9,6,6,7,61
7982RRHGC,ケニーヨハネ,N83DW3NYG,†極最強倶楽部†,1339,9,7329,457790,8,7,9,10,7,7,9,9,66
U53Y52EZ1,さきちん,5922XL3TK,猫ねころぶ,871,2,7329,457790,1,5,2,1,6,1,4,4,24
5B8LBDLBV,Schw,GU24PVDA6,Wei,1180,4,7331,457700,8,8,9,7,7,7,9,10,65
21YFWJ0TD,からあげ,J5FJNX88N,無言,735,4,7332,457610,1,6,8,2,7,1,5,5,35
SFQHE200O,ミナミさん,V5WNV1A43,異次元ビリーバー,1031,10,7333,457520,6,4,6,4,10,7,10,9,56
WH7UTUYH6,機亜,R9T0YKDW8,バブまち応援隊,906,7,7334,457430,7,6,10,4,6,8,2,7,50
JWDYKWUX6,Pianta,3RH5MYBXV,こずめぐ党,899,4,7335,457340,9,4,6,1,5,5,8,8,46
XNK8LXTK7,あまくち,KXB93FVTR,ブルームガーデン,975,2,7335,457340,4,7,8,4,6,5,6,7,47
7LKUVHACN,輝夜,KFC62L0FV,ねるねる同好会,1067,1,7337,457250,5,4,9,8,8,4,9,10,57
AKD8M4LE2,つき,H837E0M9R,沙知先輩大好き部,1166,4,7337,457250,5,4,8,5,7,5,10,4,48
G3B1MVRHM,さく,FD24TD6C5,泥人,762,0,7339,457160,4,5,5,1,7,1,6,5,34
3EZXQV8I9,ネルス,4XRHRYDW4,無言でエンジョイ,1377,15,7340,457070,5,5,4,7,5,4,7,7,44
UCCKF4JBN,星の子,BW38LDPRF,蓮浦の星空,605,1,7341,456890,6,6,7,4,6,6,7,7,49
9PVC0G2DR,あゆまる,140KD31KJ,個人サークル,381,0,7342,456800,8,6,7,7,5,7,5,7,52
8WAJA25AG,ロゼ,427WENUC4,心の癒し～蓮ノ空,1082,12,7342,456800,4,4,7,6,7,4,6,8,46
R2LZF7HZ6,さんはち,998H940YN,お嬢様筋トレ部,875,0,7344,456710,1,2,1,1,3,1,4,1,14
YWXLZFP6H,スカーレット,88DJ300PJ,めぐ党 • 永遠,1035,3,7344,456710,4,4,6,7,6,4,6,8,45
M0A1762UP,Akane,T40RLPJ4A,スリブ好き好き,587,0,7346,456530,7,6,8,7,6,5,6,7,52
FT7OP02SM,ぬこ,C791XXLDF,つづさや会,1442,6,7347,456350,8,10,9,4,9,8,7,8,63
HSH6EABU3,ああああ,A3472CNJE,ハントン✿ライス,1120,12,7347,456350,8,6,9,7,8,8,9,10,65
DG86A7QOY,小原兎歩,J800VVPTN,Aqours,1244,10,7349,456170,7,6,6,5,8,8,6,9,55
N8CL9L7AA,木葉,2PVYU5V33,ライブに行き隊,1042,4,7350,455990,7,7,10,6,6,8,10,10,64
VAO5KDQIF,ぬる,FE282F3VH,天悶部,1071,3,7351,455900,1,2,1,1,2,1,3,1,12
LBWF60YNJ,テル,NJBBTCY3A,かにかに！,647,0,7352,455810,1,2,3,4,4,5,4,1,24
4D8CYNOJ4,みらの,7PJY920KD,むじな部,1079,5,7353,455630,7,6,6,7,7,6,6,8,53
EGTUP90C2,星辰,BMAKK6VNN,にゃにゃにゃ,137,0,7353,455630,4,3,4,1,3,1,1,4,21
EA1BYPXXU,君臨する猛虎,3YWMY4JVN,82プロ,1180,8,7355,455540,3,4,6,5,5,7,6,8,44
0WFZ3A007,ごっつ,X7YM9EG8K,伝統の石川地酒,1098,13,7356,455450,6,9,9,4,10,10,9,8,65
VMXBC3CYE,鳴猫すず,57WK3FFC9,黒猫の散歩道,1097,2,7357,455360,1,6,7,4,8,10,8,10,54
VWZ428C1W,りょうちゃん,ERED0W3TV,はこおし,1092,5,7358,455270,7,8,7,4,7,7,5,8,53
9ZDVB2QGQ,なかじ,T8X0G07YB,なければ立てる！,1393,18,7359,455180,10,10,10,6,10,9,10,8,73
BWJGUA4J7,Gray,2CRT48K9F,百万アンペア,245,0,7359,455180,8,10,9,7,7,7,7,7,62
3VRQQ47CK,すみはむ,PHEKJB75C,乙宗四季恋愛㌠,673,2,7361,455090,4,4,1,1,3,1,3,1,18
DA27CEU87,MoYo,0B8RTHY4D,のんびり屋さん,1158,12,7362,455000,8,8,8,7,7,8,9,8,63
ADG4DYDGK,穂のりん,6D49YVAT7,ユニット愛で隊,1167,12,7362,455000,9,7,8,8,9,8,8,7,64
7GEUC1E8X,にぁあああ,JWUL2T36L,チーム初心者,569,0,7364,454910,1,1,5,7,4,4,6,7,35
FKSH83QL8,「シビ辛」,LX25CP0TG,深夜の芋煮処,1037,4,7364,454910,7,6,8,4,7,6,7,7,52
B3GHTWDUT,くじら,BEMED3RY1,無言無課金ok,859,3,7366,454820,5,6,9,5,7,4,8,8,52
857C06H6U,ポテト06,BTVC9G95X,FES用,578,0,7367,454730,5,4,7,4,7,4,10,9,50
9DKTMF2EY,まんまる,XF4WX9L1E,ソロ,855,0,7368,454640,7,8,9,4,7,5,5,7,52
C9B9EBGNV,KazzGone,2U4GLJXLJ,泥の中の養分,1152,12,7369,454550,8,7,8,5,7,5,8,8,56
F90657Y24,たねまるず,XA0XD41CM,ぼっちぼっち,185,0,7370,454460,5,4,2,4,7,2,4,1,29
8AABROX54,ザン,0GALMLWK6,ボクなんなの。,1166,2,7370,454460,8,7,9,7,8,7,7,9,62
1GQRC5VAD,もち,8FR866PRY,蓮っ子みらくラブ,1247,3,7370,454460,7,8,9,7,6,8,7,8,60
8DBMBMCVY,ツカサ,G6EH0KHT7,なんもわからん,851,0,7373,454370,1,2,1,1,1,1,4,1,12
ZJ8GJYKPY,エニィ三角,8M2MFU9U0,リンクライブ,783,0,7374,454190,1,6,7,1,5,1,5,5,31
XKLJ2EBER,シェフカワサキ,Y2R7E79U3,カワウソ同好会,1146,12,7375,454100,1,4,1,1,2,1,4,4,18
DNYU68VF4,105 New,CXG25026E,泥のみんなS,540,0,7376,454010,10,10,10,6,6,6,10,10,68
DAY78MTHU,oga,M6UPWJ6DU,蓮結ぶ虹と星の音,857,0,7377,453920,4,1,5,7,4,4,7,7,39
HPKVMKWNT,x1a,53M4V2BVG,吟子の髪飾り,385,1,7377,453920,4,3,7,5,2,7,3,1,32
AF3BC1K8R,ｵゲｯゲゲｱｯ↑,ABU58EVJ2,Quatuor,983,2,7379,453830,2,1,1,4,4,4,4,1,21
BKBRXWHDE,s,P2U4P7E0B,mk,1044,6,7380,453740,4,3,6,1,2,6,10,10,42
RF66L0BPS,てぃむ。,RB1MJJ3RA,蓮ノ奏(仮),888,4,7380,453740,1,2,1,1,10,1,3,5,24
AA9JNU5YG,mafuyu,J0N1E3Y09,月火水木金土日,1145,18,7382,453560,7,6,9,4,9,9,9,8,61
LVHVMT7JX,あすこ,JX0BXWNWH,新米蓮好き好きC,389,0,7383,453470,9,7,8,7,7,8,5,7,58
K1AKCRHFV,Yama15,C0NDBKMRB,すりぃずぶぅ家,1241,10,7383,453470,8,7,9,4,7,8,8,7,58
2QUMUYSCN,コキャーマ,71U58RMK3,蓮ノ空長野支部,1042,5,7385,453380,4,5,6,6,6,4,8,10,49
CYUFNGD5G,しっきー,60KU468X3,はっすーず,1154,16,7385,453380,9,10,10,7,9,10,10,10,75
E8Q70BDPA,赤りんご,LUDNM40F8,ふくふく無言OK,1044,12,7387,453290,4,7,5,6,8,6,6,8,50
T33LMN6LT,レバ,H55HXV0N4,蓮蓮蓮蓮蓮蓮蓮蓮,1218,18,7388,453200,1,2,6,4,6,2,1,8,30
6PEL2P0F0,大根先生,C021HVB2B,第3芸能科,735,2,7388,453200,8,3,10,1,2,1,6,10,41
TY6XRB1C8,rino321,5JJKPNN2W,めぐ党韓国支部,849,4,7390,453110,1,1,6,1,2,2,3,1,17
K2J3W0TF4,あさり,1G89KTD5X,サークルひとり,731,4,7391,453020,1,4,2,1,3,1,4,7,23
KEREZ8HML,佐田彦,WPG6BCG83,基本無言,1176,8,7392,452930,1,8,6,10,10,10,10,10,65
J9X4L4DHJ,梢先輩すきすき,BELCUYCMH,蓮hkg香港分部,488,2,7392,452930,1,2,8,2,8,2,4,1,28
8H65NV0AG,アシェット,JTBMEXV8L,ひとりぼっち,1038,11,7394,452840,5,7,8,10,9,10,7,6,62
O7PYEMVBR,マッティー,5JA9K5FAK,オタサーの姫芽,1104,9,7394,452840,5,2,5,6,4,8,7,8,45
ZLF0OVQP2,かもめ,HKKCM3W4M,かほ姉の集い,852,2,7396,452750,1,1,5,8,6,1,6,5,33
9M0TTHCJ8,水無月,865UE9UC6,蓮ノ空うどん部,1087,10,7396,452750,7,7,8,7,10,8,8,5,60
05GAVM9FF,キキ,4LU50R56J,誰でもOK,295,0,7398,452660,3,4,2,2,5,1,3,1,21
4AJNYPYJN,まみ,2AUM7L9BW,蓮初心者クラブ,507,2,7399,452480,4,4,6,4,2,2,4,5,31
NX3WTETRA,サンクチュアリー,8FXXHE22A,蓮ノ空,1002,6,7400,452390,7,5,3,4,7,7,2,4,39
M04X38RC0,ライム丸,HWMV33W7Y,フラワー泥民館,611,5,7401,452300,1,5,10,3,4,1,2,1,27
F3BL6H013,な,GGCKK69C9,リ　ン　ク　ラ,383,0,7402,452210,6,7,9,7,6,6,6,7,54
MB7PYNVLA,カノフェル,0V75M00RK,ネオヴェネツィア,808,1,7403,452120,4,5,5,4,7,4,8,9,46
INBSM6I5V,+PLUS,C68491XHB,みらくらぽーく！,1050,2,7404,452030,5,7,8,6,8,7,7,7,55
Z4ECH3APK,タケル,394UG5LNY,行ってらっしゃい,1135,2,7404,452030,1,3,1,1,8,2,10,9,35
55W688XD8,コール,DH97ANN9G,ツキマカセ,1054,6,7406,451940,4,5,6,1,6,2,7,7,38
ECZZVWEPW,AKY,W3F0URUJC,梢先輩応援団,1052,2,7407,451850,4,6,7,4,6,6,7,7,47
953EXBXW0,ｵﾆｷﾞﾘ,N8L41JAA7,無言 ノルマなし,1036,10,7408,451760,6,6,7,4,6,6,8,4,47
78C4PNE70,カカ,6MWHCNJE8,蓮之空小賣部,211,0,7408,451760,3,3,3,1,4,4,2,1,21
94MNHE2N9,tmazda,0RVUANVB3,さやさやびー,1386,10,7410,451670,8,8,9,8,9,9,10,10,71
78CJ7XWA0,タズ,1G89KTD5X,サークルひとり,1027,1,7411,451580,8,8,9,8,9,8,10,10,70
T43ALHACA,たか大,ULUELCJ7T,なるようになる？,553,0,7412,451490,5,6,6,7,5,5,7,7,48
R3HFWCF02,むらーそ,DDKKFN9Y5,蓮ノ空箱推し部！,342,0,7412,451490,7,8,9,3,9,4,8,8,56
HC8DW3FXJ,meromero,36DAM7HBL,蓮隠れノ里,851,8,7414,451400,7,2,2,1,2,2,6,1,23
OLDO1U5RH,さく,07JW71HWG,良いチケで観よう,1370,7,7415,451310,8,9,7,7,9,8,8,7,63
Z2TACEI6K,やさん,NA8FEYN0M,蓮ノ空飲酒クラブ,1078,8,7415,451310,4,7,10,7,6,5,6,8,53
19WXKM4VF,lumis,FF4XH0P3A,ゆるゆるサークル,363,0,7417,451220,9,6,7,10,6,1,6,7,52
132G43YY6,はんぺん,9E910GGD2,蓮ノ空給湯室,1172,2,7418,451130,1,5,5,1,2,8,8,9,39
MPBFY89K8,Y,HUYTHRVUX,らっこ,839,2,7419,450950,5,1,10,1,2,5,6,5,35
L3SD4VU2S,みんち,R1RM3X0WV,後方腕組みオタク,1089,3,7420,450860,5,4,7,7,5,5,5,8,46
LX7X04ALL,♡さやめろ♡,PUJ0ERCMW,蓮ノ空倶楽部,499,2,7421,450770,3,4,9,2,4,4,6,4,36
ZKZGE9HA1,510@may,58FD7UF8J,としとしサークル,1379,18,7422,450590,10,9,10,8,9,9,7,9,71
BY0N1E9AC,おが,X87KNX4N3,蓮ノ流星群,833,0,7422,450590,4,1,7,7,4,4,6,7,40
JLXM95RPA,エリア,BPN6C4TJ8,仮サークル,689,0,7422,450590,10,10,10,10,10,10,10,10,80
0V6FYABJ8,ポポ,3JDDUYURT,無言,1040,2,7425,450500,4,5,7,7,7,7,7,8,52
YZLAVELZ5,ブリッジ,5W8RPRVUA,ド！ド！泥！,1025,3,7426,450410,4,1,5,4,6,5,7,1,33
TGDJU7H1J,ペンペン,G1AFM0R9A,蓮ノ空釣行部,1102,9,7427,450320,4,6,9,9,5,5,8,9,55
NXMO2GM4E,未央,F08AHUJJ0,綴理のお世話係,1165,10,7427,450320,7,8,10,9,8,7,8,9,66
RPK48P5X9,みずゆう,PH0YEPJD8,蓮ノ空北國金沢,941,7,7429,450230,4,7,8,7,7,4,7,8,52
TW9CHFNHP,海イカ,MVYAVX8BK,きらきらきらら,687,2,7430,450140,9,4,5,1,10,1,10,10,50
0800H8M5L,とんぬら,1D7T2UXC2,無言でのんびり,1021,8,7431,450050,7,1,7,5,9,4,7,10,50
WDPYTRPR2,あほげちゃん,NJBBTCY3A,かにかに！,498,0,7431,450050,7,6,6,4,3,4,8,5,43
I9SXDG4LJ,すじこ,72J5PWU5K,ライグラ待機室,1051,5,7433,449960,4,3,5,2,1,5,4,7,31
QLW95SOCA,サカス,YTP7JNJKW,ぼっちざらいぶ！,628,0,7434,449870,2,5,6,3,5,5,9,8,43
V8TFQUZOR,かんわ,AE3L01V24,LOVE蓮ノ空,761,4,7435,449780,2,3,4,1,2,4,4,1,21
VQTTBJHQ1,ティナ,8UJNTV5BX,のんびりと部,964,8,7436,449690,6,9,10,7,6,6,8,8,60
LYUHYHVPU,土佐吉行,WJY2HK6A5,蓮の空イベント部,918,2,7437,449600,5,5,7,1,9,6,7,8,48
5J7UUYLAD,ばーらむ,V8XX999F6,卍蓮村幼稚園卍,1011,6,7437,449600,6,7,7,7,6,4,7,8,52
XKRWKMKP2,やをら,E76N52LMW,イベントのみ,514,0,7439,449510,7,6,7,7,5,4,9,8,53
JEJ9AFCBB,shige,2AUM7L9BW,蓮初心者クラブ,701,1,7440,449420,5,2,1,8,2,1,4,1,24
7EY21NHBD,にゃんさん,YNR28303K,りんくらぶ,1104,0,7441,449330,1,1,1,1,1,1,2,5,13
7L0NTD5NN,美月,GPKTRBCTT,騎空団蓮ノ空支部,241,0,7442,449150,4,5,4,5,2,3,6,4,33
1RCKD12PX,田辺,WPG6BCG83,基本無言,1326,11,7443,449060,10,10,10,10,10,10,10,10,80
YM2WC2LMP,Toad,646YTH7KK,KA,922,7,7443,449060,5,7,8,7,6,5,7,7,52
8M2Y1YUD3,kazuto,PHEKJB75C,乙宗四季恋愛㌠,766,0,7445,448970,2,3,6,4,4,3,6,5,33
U8HT0PR8G,ゆー,EUPBMRB41,自分個人用,467,0,7445,448970,5,1,5,7,3,7,6,5,39
V7UJNDZLE,えちぜん,UVK38MFR2,蓮の虚無サー,1126,5,7447,448880,6,6,6,4,6,5,7,7,47
4V01Y2T6V,まさ,G0WRCNRWK,県立沢庵図書館,982,1,7447,448880,5,4,5,4,4,5,7,8,42
UCEF85XCN,たけさん,A7WWE0463,蓮ノ空初心者部,933,5,7449,448790,2,10,10,5,7,6,7,5,52
RK0B0V52P,よー,XLBU65J86,花の壁飾りクラブ,1083,11,7450,448700,4,4,5,5,7,8,7,7,47
6CPM1WMV8,よそら,DMDVHGFUG,インドネシア仲間,404,0,7451,448610,7,3,4,5,4,5,6,1,35
CAVJVXUEG,くりぼー,V8XX999F6,卍蓮村幼稚園卍,586,0,7451,448610,6,10,5,4,6,5,6,5,47
JNENV6J9Y,momo,1UD805GNK,うさぎだぴょん,419,2,7453,448520,8,8,5,4,6,2,4,4,41
FWH6TPXM1,ズラマリ,A86FEX2JC,おやさいさん,957,3,7454,448430,7,5,4,4,6,5,4,5,40
73JAG99UT,SUGA,Y6JNPC60C,綴理メイト,1080,15,7455,448340,4,10,8,5,10,4,8,7,56
KDN5RCXKW,かまぼこ,DC8VP5MAB,蓮ノ妹子,543,0,7456,448250,5,4,4,3,9,4,7,4,40
PU7H7UY6H,ツバサ,3BC4HYKKT,AT,418,0,7457,448160,5,5,7,6,6,5,4,5,43
UGFRABV9M,Ｙ・濱,RLCCC50JA,【驚寒の殿堂】,807,0,7457,448160,4,5,6,3,6,7,7,4,42
WLJGWBTB6,はる,3JDDUYURT,無言,1092,11,7459,448070,7,8,9,7,7,7,7,8,60
88SN27BQ9,johnny,BKUHCT7WF,蓮女お嬢様部,1059,12,7460,447980,5,3,5,9,10,4,4,1,41
AKL61WP94,Enter,GGK2P93JK,きゃらめる,463,0,7461,447890,7,3,4,3,7,4,7,1,36
B43KP5ADK,ぱんだっち,VD7N7A4WH,氷青色,870,4,7461,447890,4,4,7,4,5,5,7,8,44
BV7K5HYA5,しゅーたろ,HWWRP6K2J,家に猫がいます,1161,7,7463,447800,5,6,9,5,6,8,7,8,54
IB3PM3WCQ,ここあ,3RH5MYBXV,こずめぐ党,1210,7,7464,447710,7,7,8,7,7,6,8,8,58
NLEPT5Q1U,シャルロット,998H940YN,お嬢様筋トレ部,1043,5,7465,447620,5,6,7,4,6,6,3,4,41
80D5DWECJ,いっきち,UMG1B9C7V,蓮ノ空女学院,1348,15,7466,447530,8,10,10,6,8,9,8,9,68
810H1732U,起煥,DW13FCXPT,Mulbungs,1132,13,7467,447440,6,6,8,9,8,10,8,8,63
C2J639J5J,釣り師,8588YN91J,虹咲学院,737,2,7467,447440,5,9,8,7,7,7,6,7,56
74FH99Y65,ヌーノ,AVX749PPB,姫芽ちゃん親衛隊,558,0,7469,447350,2,4,1,1,2,4,4,1,19
RPK3M0KMF,めのくま,E7UBFLW56,同好会の同好会,1239,5,7469,447350,9,8,8,10,9,8,8,10,70
MJTYIT6NF,くらぱん,2LLNGYPU6,禁断のセカイ♡,911,0,7471,447260,6,4,5,7,6,4,6,5,43
IFPZBX8DL,リンクリボー,Y4G0KF6NB,無言でやる会,961,4,7472,447170,4,6,6,4,6,4,6,7,43
UTP2DXMTS,Rinちゃん,YMKU30246,参加賞がほしい,292,0,7472,447170,1,2,6,1,4,7,4,5,30
KDWT0HYBE,ゆろみ,P2J37FNLG,乙宗先生指導会,738,1,7474,447080,5,6,9,4,4,4,7,1,40
GXRFED5LC,珈琲,1GJC67JLM,無言の泥,860,2,7475,446990,7,1,1,6,3,4,7,8,37
LYDQ4DN72,舞姫,XN2VEA6DN,無言,1039,3,7476,446900,4,4,5,7,7,7,8,8,50
UN9W8XKPV,はらす,A8BJ5V3ET,はすのそら,1160,9,7476,446900,5,5,6,7,6,5,6,6,46
TRINQB51J,㍿2㌢㍍,X45T3U322,アニメ最高クラブ,898,8,7478,446810,4,5,8,3,3,2,4,1,30
LS3VJAYQR,綾華,9WNJACNNN,朝雲,1256,18,7479,446720,7,7,10,4,7,10,6,5,56
YJ5M97F8R,あまなつ,FD24TD6C5,泥人,1030,2,7480,446630,7,7,9,6,7,6,6,7,55
HDMMYR0LU,ポロポロポポン,K8C99H42D,ルリと喜ド！愛楽,1040,4,7481,446540,5,5,5,7,8,8,7,7,52
373MJNHKX,つづり,WBXF9XXW7,さやつづ愛でる会,272,0,7482,446450,2,2,1,1,2,1,2,1,12
4FUPHBNEA,イナカモノズ,GVT61ATX0,なのだけれど,426,2,7483,446270,1,2,1,1,1,1,3,1,11
RUZD4J29R,カップ,FNMV166UY,蓮ノ空喫茶部,1300,18,7484,446180,5,6,7,5,8,8,8,4,51
U7ALH8YMB,アベエル,4RATY4E84,DC大好きクラブ,1033,2,7484,446180,1,3,2,7,6,7,8,9,43
G382E0BWE,しーち,XXVVJY6FE,はぴぱれ,545,0,7484,446180,1,3,6,4,2,4,7,6,33
U81W2EBUE,ラップ,H837E0M9R,沙知先輩大好き部,795,0,7487,446090,7,8,7,6,5,5,6,8,52
359YFUVEG,十一郎,E3JYNBYYT,蓮瘟中国同好会,102,0,7488,446000,1,1,1,1,2,1,1,1,9
CS3C6O53Z,かつのぶ,5V9TDD4NF,みんはや蓮ノ空部,1120,10,7489,445910,7,4,6,5,6,5,10,5,48
9J2XUETVL,99期生愛城華恋,Y6KN85L5P,孤独の村人,142,0,7490,445820,3,2,3,1,4,6,1,1,21
30JAHT41T,はちまき,15UKCFG7X,ろーたすぺたる！,877,6,7491,445730,6,6,7,2,2,4,3,1,31
L7WLFN576,けんさん,06DCWC1RE,とりあえず参戦用,665,2,7491,445730,1,4,5,4,5,5,6,5,35
U9YPJVPTT,ぱせり,AG9PKMMC3,ぱかぱか同好会,1224,1,7493,445640,1,2,1,3,2,1,2,1,13
3FUK011WX,ちかち,W2CFBGNME,mud部,1044,2,7493,445640,5,5,7,7,6,7,7,10,54
JHJK2M41N,こっとん,F2M746D4B,頑張らないクラブ,1001,10,7495,445550,7,7,10,4,5,2,6,4,45
KMBK336XK,kiyo,6YTAMD33M,リリエンフェル党,359,0,7496,445460,2,5,4,6,3,1,4,1,26
5VDWMY3AW,ポル氏,WRFLMWL4U,映り込み金魚,958,4,7497,445370,3,3,1,1,2,2,2,5,19
H3STIV1SN,しろやま,T4WY63DB9,ういのま,1202,9,7498,445190,4,4,8,5,7,8,9,9,54
G2I1A5CU5,ミナリンスキー,FG4170141,♪さやか愛好会♪,1070,5,7499,445010,6,5,8,8,6,4,7,7,51
DC3C39ST9,れふぃ,MVMP6NNXD,空き時間らくがき,1092,10,7499,445010,4,2,7,4,6,4,8,9,44
ORAWHJR0C,としさん,DH97ANN9G,ツキマカセ,1096,8,7501,444920,5,1,5,7,5,7,7,9,46
5TY8BW7V2,べっくす,VEE9KNV8T,蓮ノ空MTG部,309,0,7502,444740,4,1,2,3,2,1,1,1,15
Z7NNNRGFD,おがさわら,2JK7E4115,ラ！推し,1221,6,7502,444740,6,8,10,7,7,7,6,7,58
MC0R8KMSY,パラン,EECF9C0N3,蓮ノ空　茨城分校,1038,5,7504,444650,7,6,9,7,4,6,8,8,55
OQFOIAKCZ,デコポン,M19W0KC8A,ラナンキュラスズ,953,0,7505,444560,4,4,5,5,4,5,7,8,42
PKBPGUP0C,桜のぞみ,PE5UX1DFY,蓮ノ空保護者会,736,2,7505,444560,6,8,8,6,6,7,7,8,56
D1JN6LL02,かかカ,CY3GGDH7H,㍿キモ・オタク,372,0,7507,444470,1,1,2,1,2,3,2,1,13
0NXFTSPG0,由未,VB1TKAHFA,リンクラ同好会,834,6,7508,444380,4,3,2,1,2,2,3,1,18
3NDXRB4JG,フィズ,2DYYAPFVN,蓮っ子村,525,0,7509,444200,1,2,1,1,1,1,3,1,11
JDM2XK3FU,ko₋orbit,BEUGE1GV8,仮,562,1,7510,444110,9,10,5,1,2,5,5,4,41
IMII1IU2H,はやて,ULUELCJ7T,なるようになる？,1162,1,7511,444020,9,8,10,9,8,9,9,9,71
EODRY17OC,もちのすけ,573J1JVVK,かほかほ,1015,5,7511,444020,4,4,9,5,7,5,8,1,43
W7PG1NY70,mn55,G202YTPW1,無言倶楽部,917,2,7513,443930,4,4,8,4,6,4,6,5,41
H9VPKHE7L,ゆうゆ,4G729J6TX,トキメキ同好会♡,1080,10,7514,443840,8,6,5,9,4,4,6,8,50
CVR8P1JCX,権,L3NN1RWMY,アポロベイ海賊団,933,3,7515,443750,1,2,5,4,6,4,6,10,38
9XLB2UW6A,ぎゃいあ3,0B8RTHY4D,のんびり屋さん,994,3,7516,443660,7,9,8,7,8,7,6,7,59
Y1FHDFAP2,バター,1YLFFXC1E,安土桃山時代,1012,3,7517,443570,8,6,9,5,6,6,9,9,58
5QG33GHHD,烏龍茶,M49MMBK4F,スリーズパーク,1189,9,7518,443480,8,6,10,4,8,6,8,10,60
1GLHYUMTW,ひろし,4UX466G0X,まったり,485,2,7518,443480,10,4,8,1,4,1,5,5,38
VLP5YDHAM,けい,R9BNLJ11B,瑠璃乃を愛でる会,638,0,7518,443480,5,6,6,6,2,2,5,7,39
N5BVFTJER,まー,B10PM2856,のんきな学院生達,911,1,7521,443390,4,4,5,4,6,7,7,7,44
XHB0IE4FF,赤木保,N2KCENRKH,猫＆旅大好き部,977,4,7522,443300,3,2,1,4,4,1,4,1,20
0ZO5320MY,菊岡,5W8RPRVUA,ド！ド！泥！,828,0,7522,443300,7,3,4,10,5,7,2,10,48
YS8K4XPL0,狩り狩りウメ,VB9VUYC97,JIMOAI,1043,3,7524,443210,2,4,6,5,7,4,7,7,42
R5RPNE96B,ヤントモ,2JK7E4115,ラ！推し,1075,13,7525,443120,8,7,9,7,7,7,7,7,59
5P3LPU9X3,りとにゃ,F53AELUNC,ソロっと倶楽部,581,1,7526,442940,5,1,4,4,2,2,4,6,28
0S1UMHCNQ,干物,GMEF2K8DL,花咲く泥も好き²,1010,7,7526,442940,4,4,5,7,6,6,7,7,46
3K5YTL18N,アテルイ,M6UPWJ6DU,蓮結ぶ虹と星の音,1108,13,7528,442850,8,6,7,8,7,8,10,10,64
0V9UNTT7X,ユリーカ,C0NDBKMRB,すりぃずぶぅ家,1005,5,7529,442760,7,7,8,6,8,7,7,8,58
12E88DG34,クヌギ,UJKBB2FCD,にするか,401,0,7530,442670,1,2,5,3,1,2,3,1,18
0V05MLBHM,バウムクーヘン,ELTW62751,安全バーは君の腕,902,2,7531,442580,7,6,8,5,7,7,8,8,56
M9L6U6TDO,ひとしずく,HMBW9DXY2,蓮好き皆あつまれ,1100,4,7531,442580,9,8,10,7,6,7,6,7,60
CV1T7VNCB,ばく,NK05UMLWW,かけ込み寺クラブ,375,0,7533,442490,1,4,2,1,2,5,2,1,18
LFNX0TJ53,azur,7B8K574NX,GEAR,517,0,7534,442400,1,5,10,4,4,4,7,1,36
NX8UWHWAM,Reanna,AYDP5L9V4,乙宗梢好き好き部,564,2,7534,442400,1,2,3,1,3,1,3,1,15
0PV2L5WG7,カニコロッケ,7MPNTWKTN,Dreamers,1024,9,7536,442310,6,8,10,1,7,9,7,8,56
TY2VUYCLT,homura,80VRCG1BY,みらぱ同好会,876,3,7537,442130,5,3,5,2,2,1,5,1,24
HP0X6UNBV,幽霧（ユウギリ),H837E0M9R,沙知先輩大好き部,1030,9,7538,442040,6,7,8,7,6,7,10,7,58
SZGRXR27F,satyi,Y2P9LABR2,スクステ同好会③,1083,13,7538,442040,1,2,8,2,5,2,3,1,24
E7DC5L8BD,you1,BEMED3RY1,無言無課金ok,555,0,7540,441860,1,2,2,1,2,4,4,1,17
RLN6TRNTA,アイ,JHTULVV5P,故に瑠璃乃推し,1317,12,7541,441770,6,7,8,5,7,6,8,10,57
HH511WGG6,yamaneru,FNMV166UY,蓮ノ空喫茶部,1056,0,7541,441770,7,6,4,5,7,6,4,10,49
DM1XJGGPU,じみー,JNLLLJAJ2,蓮は尊いんじゃ,683,3,7543,441680,1,8,8,1,2,10,1,1,32
KAPH86VFM,いまりん,HMBW9DXY2,蓮好き皆あつまれ,1007,8,7544,441590,5,5,7,4,4,5,7,5,42
F3PEM3IH3,RK,6531MBM0X,のちもたーズ,286,0,7544,441590,8,8,10,8,10,10,5,8,67
MHL57VAJF,バルト,J0M0JNFRH,名駅ラブカの集い,401,0,7546,441500,2,2,4,4,3,6,9,1,31
P2G6MNXC9,kuuki,Y6JNPC60C,綴理メイト,1005,8,7547,441410,8,7,10,7,6,8,8,7,61
XJ25A01MP,ビアレス,VP0K6KF0K,蓮ノ空大好き!!,916,2,7548,441230,5,6,8,5,6,6,7,8,51
LR9YC02U5,bicai2,CG883T34N,蓮ノ空美化委員会,749,0,7548,441230,9,7,9,8,8,9,8,8,66
3TV860532,けだま,E8K438RP1,リンクラ初心者部,1048,2,7550,441140,5,5,7,4,4,4,6,5,40
WRFDR56CN,B'z,A73H7ENN2,エロマンガ同好会,1014,8,7551,441050,7,10,7,7,8,7,7,8,61
NFYUZ7V8Y,firehooh,EYEPHE14G,花上梢頭,1347,8,7552,440960,7,8,9,4,7,6,9,9,59
VNW09B610,lindlie,LJNCAEVAP,蓮ノ空さやか研,266,0,7553,440870,6,6,5,4,3,1,4,1,30
YV25YFBW0,ゆめ,C3U9M5M0N,マグナムクラブ,1075,5,7554,440780,9,6,7,9,7,7,6,7,58
J3QGR8GL2,にゃがと,X7UEBBF7R,気ままに,909,4,7555,440690,7,4,10,4,4,6,5,6,46
NC9GIFJB0,だむ,HE0GK3EPE,瑞蓮プロカ倶楽部,1445,18,7555,440690,5,5,5,7,6,6,10,9,53
FHC871YN6,はこ,1G89KTD5X,サークルひとり,961,2,7557,440600,7,7,9,7,7,7,9,9,62
LKAEJRRW1,LЯiver,U82BH95YE,蓮ノ休日党紅茶会,1107,12,7558,440510,7,7,8,5,7,7,7,7,55
XVYIJ9LNI,ハーミン,K2L5DCVNR,REAL,1087,5,7559,440330,8,7,8,7,7,7,10,10,64
UDCKPXBX2,こなこなトースト,FK5MUK0ET,くる♡すきクラブ,1278,2,7559,440330,1,1,1,1,1,1,2,1,9
S417NA3WQ,なな,C0NDBKMRB,すりぃずぶぅ家,1266,5,7561,440240,7,6,9,9,6,7,8,9,61
13PTZF0SB,くま,8JMW9G2XW,僕らのリンクラ！,941,0,7562,440150,7,6,9,6,4,5,7,7,51
H8LHXLWFK,むささび,CJWR9P8LM,花帆さん愛でる会,876,2,7562,440150,2,2,8,3,7,4,6,9,41
WE1PNVWH4,Uchi 203,AW470U964,ボッチ会,1029,1,7564,440060,4,6,7,10,6,7,8,8,56
938AFRUX1,こじゅ,RXXUPMWB9,待機室跡地観測所,883,10,7565,439970,3,3,9,4,4,6,7,9,45
V1K5BARDM,譚担麵,AGJ215YND,蓮の空中國分校,538,2,7566,439880,2,2,2,1,2,3,3,2,17
YX47KWAN8,あーゆ,MUXWTW1GV,蓮の空見守り隊,628,2,7567,439790,3,4,10,4,4,6,9,4,44
JLTLVWNXF,おそば,AXG81GPMP,蓮ノ空マタギ部,981,13,7568,439610,6,5,7,6,7,8,7,7,53
FDN2DNMKL,おがわん,T4WY63DB9,ういのま,1061,2,7568,439610,7,7,10,5,7,6,9,9,60
AGHF59BHT,サバタ,WWWUTP96L,異次元からキマシ,846,2,7570,439520,5,4,5,4,6,5,8,5,42
GYMEFYB7F,lbs,BTVC9G95X,FES用,685,2,7571,439430,7,4,9,8,7,6,7,6,54
K0HXDN52E,Lamp,NRK4MV1C1,茅バール,352,0,7572,439340,1,3,1,1,2,4,4,1,17
PEXD4LDC1,ゆゆゆ,BTVC9G95X,FES用,725,0,7573,439250,6,7,5,6,5,5,6,4,44
TV57T4L7R,ぴー,5VCRU63W0,まっちみん,796,0,7574,439160,5,6,7,7,5,6,6,8,50
E7EO9XL5E,こしょうゆ,GMKTGU0RT,フリーフラワーズ,1009,2,7574,439160,1,6,6,3,8,1,7,7,39
RZFQ6W5C2,ぽむ,L28X4MDJN,アフター観たいぞ,938,0,7576,439070,5,6,6,4,5,5,6,7,44
5388KLM1M,ゲソ,25PMPEMG7,星見プロ,1273,3,7577,438980,10,10,10,10,10,10,10,10,80
L9PN9H3WY,すけさん,43HRXMXWA,無言OKクラブ,1143,8,7578,438890,5,7,7,6,7,7,8,5,52
PH2W06E24,ﾈｸﾗﾑｼ,PH0YEPJD8,蓮ノ空北國金沢,1186,10,7579,438800,4,6,7,5,9,6,9,8,54
FGH309JBB,Faiz49,KGDNX3EF3,ENcircle,751,2,7580,438620,3,4,6,5,10,5,6,8,47
F0WWAE1G8,五代元素君,XYRA2MND0,蓮ノ空ゆっくり,338,0,7581,438530,3,9,9,5,2,1,5,4,38
WBPTHYAF1,るりまる,976BY5JWK,ハルカカナタ,1154,9,7581,438530,7,7,9,7,7,7,8,8,60
96THGAUXX,ぽんご,MG1G6F487,蓮ノ空無微課金部,841,0,7583,438260,7,4,8,8,6,5,2,7,47
ZPX82XGYB,とりらる,LJDN0RMYD,Treple T,1053,6,7584,438170,5,5,5,4,6,5,7,7,44
VTI2FERQJ,ぴろ,E7UBFLW56,同好会の同好会,1035,0,7585,438080,5,5,8,5,6,5,6,7,47
88DNEW6GJ,高咲ひろむ,J8HXTJ8TB,流し素麺同好会,896,5,7586,437990,1,2,1,1,2,1,5,1,14
HMLFQ86Z0,ジェノサイクス,W09WBG3HY,どろんちゅ,1423,6,7586,437990,10,9,10,8,9,7,9,9,71
JLNC86X4V,Mackey,53M4V2BVG,吟子の髪飾り,209,0,7586,437990,10,6,10,10,6,8,6,7,63
26JE4SRCZ,TKS,6ATNDH9J0,浦の空,879,2,7589,437900,1,6,4,1,2,1,8,9,32
9PCRA31CJ,もっこー,N0EXH1CM1,ぱちぱち徒町,859,2,7590,437810,8,8,10,5,6,5,10,9,61
KR59L23MD,なーな,E0JM59N1E,花咲梢,566,0,7591,437720,7,6,8,8,7,8,7,9,60
26RURW4MM,和歌@サブ,8FXXHE22A,蓮ノ空,553,0,7592,437540,1,2,2,3,1,1,2,1,13
B1VOVHN15,あるら,36DAM7HBL,蓮隠れノ里,916,8,7593,437360,8,8,7,6,6,7,8,9,59
06FFAY6WC,junbom,XYRA2MND0,蓮ノ空ゆっくり,141,0,7593,437360,6,5,4,5,6,3,5,4,38
A2J5B41JC,Vin,XTMGPY62U,スクステ初心者,579,1,7595,437180,10,10,9,4,6,6,6,5,56
2T7FSCBP6,はると,ELTW62751,安全バーは君の腕,778,2,7596,437090,10,8,8,7,6,5,7,7,58
UKNMUM4VU,ひろ,V7768X8AC,せーので！,750,2,7597,437000,1,5,7,4,4,1,6,4,32
KFU65CDCX,sue600,UW71GYGHE,金沢住んでます,1323,6,7598,436910,8,8,10,7,6,9,8,9,65
2ZCUMBBXZ,わりたそ,YXKR0GGM4,蓮ノ空好き好き,872,1,7599,436820,5,5,4,1,5,5,9,9,43
D1JVL3TJP,fj82,WWWUTP96L,異次元からキマシ,1002,8,7599,436820,5,5,5,7,6,5,8,7,48
V5EX8U207,「patata」,EEP20F2M8,綴理の綴り,832,9,7601,436730,2,4,1,4,2,1,4,1,19
OR639RDIG,R.S,FBA3AGJVX,わいわい,687,4,7602,436640,5,4,4,1,4,4,1,1,24
K3KNAGMA8,eva,J0DGEAYBM,えびぷと筋トレ部,786,0,7603,436550,4,2,1,1,6,7,6,8,35
CHBVE7C1X,haruuru,96LWYJ3Y6,無言絡みなし,647,6,7604,436460,2,2,7,1,6,10,4,1,33
62L0F13QF,ユウカ,6BFC4G5YG,蓮ノ空足湯同好会,946,5,7605,436370,4,2,1,5,6,5,2,1,26
2LBFVOXSX,えすえいち村民,9JTF508LB,スクスタ亡霊部,1472,15,7606,436280,10,10,10,10,10,10,10,10,80
WKXUUKRD3,あんみつ寒天,J5CKL5YPX,ログイン勢かもん,844,2,7606,436280,4,4,8,4,2,1,5,7,35
8UM8D4M1L,サクヤ,L0FARL5TT,JazzPark,970,3,7606,436280,9,10,10,9,10,9,7,10,74
91K7F2FLA,HAGI,DH97ANN9G,ツキマカセ,947,1,7609,436190,4,1,7,4,7,5,7,8,43
UGEPG6DJI,ふろまーじゅ,PH0YEPJD8,蓮ノ空北國金沢,1066,3,7610,436100,5,8,7,5,4,6,7,7,49
69WDUB1HJ,カジモド,2JK7E4115,ラ！推し,917,13,7611,436010,7,8,8,7,8,10,8,9,65
XE8CMNHJU,かほりん,YVV9CMBLW,東京公演で沼落ち,1122,9,7611,436010,10,7,7,7,7,7,9,9,63
F6SSOO979,Kn5（けんご）,3LPBPHL3V,壁の民の伝説,1384,4,7613,435920,6,9,7,5,7,8,10,10,62
G9AWEWZ7O,オルソン,EC28PB9KN,梢画伯工房(Фω,996,1,7614,435830,4,3,5,4,2,7,8,9,42
DXTSZ8YSL,ひ～,DY6Y6DLK0,徳島,1127,7,7615,435740,8,6,9,5,8,5,7,7,55
YBWMEMYKT,Morin,573J1JVVK,かほかほ,412,0,7616,435650,10,2,2,2,2,1,3,1,23
U90NG6PEZ,asari,58FD7UF8J,としとしサークル,1060,4,7617,435560,7,7,9,4,6,8,7,7,55
M2CUYK3JA,けいと,YVV9CMBLW,東京公演で沼落ち,918,0,7617,435560,6,6,7,5,8,7,6,8,53
PHP2TF1HR,Yuino,BXHG2KXAD,idol.st,1052,11,7619,435470,8,8,8,5,6,6,6,5,52
L7Y8AVB1K,isse,E6MUF0FCE,もぬけの殻,301,0,7620,435380,6,7,6,5,4,4,5,7,44
W1XOQOMNI,yoshikin,36T6UB6YA,まったり箱推し部,1030,0,7621,435290,7,6,7,6,6,6,6,5,49
9OL5GFZYN,たくみ,JY79RPB1D,リンクラゆる部,1036,10,7622,435200,6,5,8,5,6,8,9,9,56
WZSHUJ0OX,ヨーカン！,43HRXMXWA,無言OKクラブ,1293,12,7622,435200,8,8,8,7,8,8,9,9,65
EMPEHRE0B,チャッキーにょ,BWD9U1EJ2,蓮之空中国同好会,896,13,7624,435110,1,3,6,4,7,1,5,4,31
23DE5930D,つぼみ,V26546K3D,乙宗気合筋肉,1063,12,7625,435020,1,4,1,7,9,9,6,9,46
O8WULT785,めいあ,C791XXLDF,つづさや会,1126,6,7625,435020,5,7,7,4,8,7,8,9,55
JYGPGYUOD,じっぷ,2JK7E4115,ラ！推し,1111,3,7627,434840,7,8,9,5,7,7,7,8,58
I6CQ8171F,パピコアイス,RM7N1JDB5,無言推奨不干渉会,980,2,7628,434750,1,4,7,6,6,5,6,8,43
WLWT8K18X,ひゃくらん,N0EXH1CM1,ぱちぱち徒町,762,2,7629,434660,1,1,1,1,2,1,2,1,10
WT687TQGA,ゆだん,G8F0M2PH2,アフターウォール,944,4,7630,434570,4,2,1,4,2,1,7,6,27
B3M6BL42P,あ,KXB93FVTR,ブルームガーデン,1095,3,7631,434480,5,4,4,7,7,6,8,8,49
V6DFH1M9A,こな助@慈推し,XR2599P98,小林,284,0,7632,434390,4,6,6,5,3,2,2,2,30
7JLLPCYVW,マジアベーゼ,GWGDMA3YC,初心者無言自由だ,853,4,7633,434210,5,1,4,4,3,4,4,10,35
311F4NNJ3,Toma,1UBNNHVLG,蓮箱推し（仮）,851,1,7634,434120,4,5,5,4,6,4,3,2,33
I5EAV4TD7,sgwr,KFC62L0FV,ねるねる同好会,1082,0,7634,434120,5,3,1,2,5,4,8,1,29
J1G449T97,綾月,KC1W74B9B,蓮六園,463,0,7636,434030,6,7,5,9,4,4,7,5,47
AYVH8K6HG,カッピー,CM5THHYHB,「」ノ空だけれど,1004,2,7637,433850,8,6,8,6,6,7,6,7,54
HD9BYAHKJ,かなこう,KGY709ULG,蓮の花束,331,0,7637,433850,3,2,1,6,3,1,4,1,21
6NHWRK1NE,elichika,AAHB7C276,HaCordVN,1005,13,7639,433760,3,1,1,1,9,1,3,1,20
1890L558Z,IADL,3LPBPHL3V,壁の民の伝説,1008,8,7640,433670,4,4,9,5,6,6,7,5,46
8XHL0LDRW,saya,AH27N260E,百生信託銀行,648,2,7641,433580,1,2,1,1,1,1,2,1,10
H9EY9H07Y,おん,TWJ862EPN,こにゃとも,589,2,7641,433580,3,4,8,10,3,5,7,5,45
V4XPV38LV,すず,GVATEX7GC,のんびり,1038,9,7643,433490,1,10,10,10,10,10,10,8,69
PYG5D7VK0,みこと,D7UA5ER1E,UR報酬欲しい！,596,0,7644,433310,7,8,7,6,6,7,7,5,53
6N0GKCHD2,ガースー,EECF9C0N3,蓮ノ空　茨城分校,1169,7,7644,433310,4,7,5,4,4,4,7,8,43
9YV6IIB9S,TAMA,HU6K4GA0A,ロタテオン,1130,13,7646,433220,7,7,8,1,6,10,10,8,57
6KTF4MF77,なりりんご,ULUELCJ7T,なるようになる？,854,6,7647,433130,3,2,5,3,4,4,3,2,26
YTDGKC8R0,akane,PUJ0ERCMW,蓮ノ空倶楽部,994,2,7648,433040,5,5,5,7,5,4,2,5,38
N0GZ6T2T2,じぇいそん,EEP20F2M8,綴理の綴り,1146,6,7649,432950,7,7,7,5,7,8,8,8,57
X51M78B0X,まーぼー,8MLVA67AK,聖ミリオン女学園,860,0,7650,432770,1,1,1,1,1,1,4,4,14
EKRYL5KG6,音色,57UT319NN,蓮ノ空同好会,218,0,7651,432680,5,5,3,10,3,3,4,1,34
HITGMVHPO,としゆき,M44P06CH5,つづさや見守り隊,720,2,7652,432590,10,10,1,7,2,2,6,10,48
UPFMTOOXE,333,YD2XWWFA4,蓮好き好きクラブ,1369,16,7653,432500,9,9,10,8,9,9,10,10,74
UG8N8UE0E,ふどん,VNEY6C9BE,スリーマーメイド,815,0,7654,432410,7,2,7,5,5,5,8,7,46
OLLHJ28YZ,アンドレア,VXF8P7NDC,どんぐり。,894,2,7655,432320,9,6,4,10,7,8,7,9,60
E96EM6LQQ,あい,P01RCC6L2,まったーり,1070,8,7656,432230,7,7,8,4,6,7,6,7,52
740KCYCHL,.tw,4K26FFX46,一人サークル,919,2,7657,432050,4,4,4,5,5,5,7,8,42
V33DZ3IDJ,はっしー,6H800PBV7,新鮮館,1015,2,7658,431870,4,4,2,4,4,2,2,4,26
DKEN0UF73,ゆうちゃん,BELCUYCMH,蓮hkg香港分部,520,0,7658,431870,3,4,8,4,7,7,4,7,44
R9DWJVVH7,ミカヤ,N83DW3NYG,†極最強倶楽部†,755,0,7660,431780,1,10,8,7,4,5,8,9,52
EK1PCRU6E,ねぎ,PUJ0ERCMW,蓮ノ空倶楽部,488,0,7661,431690,1,1,6,1,2,7,4,1,23
L39M2A8N2,田中,CTW8DKV5P,まったり,1424,5,7662,431600,10,9,9,8,9,9,9,10,73
FD71Y91DW,こっぺ,YD2XWWFA4,蓮好き好きクラブ,1003,3,7663,431420,5,4,6,6,6,8,9,10,54
CWTRLG8WY,もなりざ,HWJ8XPW0T,箱推しなのだけど,801,0,7663,431420,7,5,8,5,7,6,7,9,54
TNN6EC9T3,コスワース,9D1P6AXUR,link-er,678,0,7665,431330,4,2,6,4,5,5,7,9,42
PXTW86FO8,へいこうせん,LD34NCH5R,NERV,1092,6,7666,431240,8,7,9,7,8,8,7,7,61
WI4U0XAX0,SARA,9D722M8KC,蓮ノ空同好会,1079,9,7667,431150,7,6,8,5,7,6,5,7,51
F905EDYBK,ハチゴ,9RYR14H9L,ソロマターリ,874,0,7668,431060,9,7,8,6,7,7,7,8,59
U18EYPD9N,まんじゅう,646YTH7KK,KA,952,4,7669,430970,7,5,7,4,6,6,5,5,45
S60C8RNFN,きゃろ,K4TAHF9YA,はすっこ準備室,957,9,7670,430880,4,4,7,4,6,4,6,7,42
Z52ALP3BH,Nao,GBEJMUFWT,めぐちゃんズ(仮,1197,15,7671,430790,4,3,9,8,4,9,8,10,55
9Y03A123R,サニー,E8K438RP1,リンクラ初心者部,1047,5,7671,430790,8,7,7,7,6,6,7,7,55
V8AKHG5YG,雅,JKAYY0KXL,自由！開心！,490,2,7673,430610,10,4,5,3,5,4,2,1,34
3Z9DOQMDW,Tonizaki,H0DV3JJGA,かほさやてぇてぇ,1060,6,7674,430520,1,1,10,10,7,4,8,1,42
6UTG9CK9Q,la55,53M4V2BVG,吟子の髪飾り,1111,1,7675,430430,6,5,8,5,6,7,6,8,51
OD4JCJSRW,Kei,BT22M41DV,梢花帆吟子同好会,1260,14,7676,430340,7,2,9,6,8,8,9,9,58
A08XTWBD3,夏猫,4H5NDMYH9,蓮ノ空芸学高専,912,0,7677,430250,7,7,8,5,6,7,5,7,52
CVTY4R4G2,ひろろん,L7HH7E0XR,フラワースパーク,1170,3,7678,430160,5,4,4,7,6,5,8,9,48
L3HN1X8WQ,名無し,PPAHU1TNY,蓮ノ空のんびり部,1204,12,7679,430070,7,7,8,7,9,7,7,5,57
HJ9ZL1Q3X,Yuki,BT22M41DV,梢花帆吟子同好会,956,6,7680,429980,6,8,7,8,8,8,7,8,60
O4EZHXR7M,なつめ,T045NDKW0,♬さやか愛好会♬,731,0,7680,429980,2,4,3,4,2,1,6,7,29
T4EZV19EO,tek,5P8A9KP3U,＿,1314,15,7682,429800,8,7,9,7,7,7,7,8,60
4JN348J56,ゆ・じょんそん,NA8FEYN0M,蓮ノ空飲酒クラブ,1017,6,7683,429710,5,6,4,4,6,5,5,4,39
Y6AUJ66K3,もみ,1YLFFXC1E,安土桃山時代,1001,1,7683,429710,5,6,9,8,8,10,7,7,60
PLDAAMWV2,ふか〜ごろりん,ABALH0AL3,楽園計画,853,2,7685,429620,7,6,5,4,7,5,6,7,47
WWZUMD0Z3,ねんじり,4XRHRYDW4,無言でエンジョイ,1253,15,7686,429440,8,8,9,8,10,10,10,8,71
08PAPBF4T,我不藍,5DRY3TL61,はすのそラバー,300,0,7687,429350,1,2,7,1,2,8,10,5,36
BC1Z0WUER,無月,7TR2VDFD0,（株）すずぎん組,400,0,7688,429260,7,8,9,8,4,8,4,7,55
V5M34BBH7,ワラカラ,9AYD3XJ2D,ぺんぎん隊,1250,17,7689,429170,8,5,7,4,9,7,9,8,57
KOKCWZR82,mstk,N8L41JAA7,無言 ノルマなし,1303,15,7689,429170,8,8,9,8,8,8,8,9,66
LAU60ETW9,あんしんパパ,Y7KJ3PM8P,蓮すきすき同好会,1218,2,7691,428990,10,10,10,10,10,10,10,10,80
52L611H2N,きむひこ,0AYJF4RJ6,無言,944,1,7692,428900,8,4,8,5,7,5,7,8,52
JN3L0YU9G,じゅん/夕霜,BELCUYCMH,蓮hkg香港分部,691,2,7693,428810,4,1,1,1,4,4,2,1,18
TBRJW64W1,ゼロカラツギヘ,CJ398GJAT,バッグクロージャ,1239,14,7694,428720,7,7,8,7,7,7,10,7,60
J1RL77DLS,まきまき,5HTTUT7VK,毎日蓮を応援宗,872,4,7694,428720,1,1,5,5,1,1,7,5,26
2NUNE6PU8,Ｑさま,N2KCENRKH,猫＆旅大好き部,1094,7,7696,428630,7,6,4,7,4,4,6,8,46
I7PJVFI15,ヒロキチ,49TL8LVT1,蓮ノ空海賊団,1117,14,7697,428540,1,4,6,1,8,10,10,10,50
EZ9M088YR,sij,HB9AU9DJJ,聖心党,1139,0,7697,428540,7,8,9,6,8,8,8,8,62
WL5Y1B1KY,くずり,PUJ0ERCMW,蓮ノ空倶楽部,1157,3,7699,428360,2,2,1,1,2,1,2,1,12
59EM4H68U,りあん,R9T0YKDW8,バブまち応援隊,1150,15,7700,428270,10,10,9,5,9,10,9,8,70
XHPR8PV5Y,kappy,WLFW6UCX5,無敵級ビリーバー,622,0,7700,428270,3,1,7,7,7,1,8,10,44
NF536S6K9,竜宝,4AT31VFAK,イベント用円,1108,7,7702,428180,5,4,8,7,4,5,7,5,45
U0TR01HPB,アキ,9DFV9UTW4,白ひげ海賊団,303,0,7703,428000,7,7,7,6,6,5,3,4,45
MRKFEG9L9,テキオー灯,R9T0YKDW8,バブまち応援隊,767,4,7703,428000,4,5,5,2,8,10,7,8,49
WUO88KFAG,T-Uはっす,YM0B49N1J,楡井守護隊,1169,4,7705,427910,10,4,9,5,4,5,5,7,49
47VE69U02,ユーリョン,KXEME076E,つづさや親衛隊,648,0,7706,427820,6,8,6,5,3,7,8,9,52
ZIC49ATW9,蓮に真剣,M8FM7P139,蓮ノ空ひとり旅部,1117,14,7707,427730,7,1,7,8,6,5,10,10,54
JM76Q2YST,あゆ@,LKFW0NTVG,無所属,1263,0,7708,427640,9,7,10,7,8,8,7,8,64
41VG8W6XR,米ねこ,XXVVJY6FE,はぴぱれ,214,0,7709,427550,2,4,1,3,2,4,7,1,24
F3CHDJM9B,ナギ,NA8FEYN0M,蓮ノ空飲酒クラブ,515,0,7710,427460,2,2,1,2,1,1,2,1,12
J5T832BTY,しょーた,JD541JRXE,こてっちゃん～,731,0,7710,427460,4,4,5,1,2,1,3,7,27
EU6A1XDUE,氷雨(ひさめ),UX96YX4T1,『位置について』,517,0,7712,427370,1,1,1,1,1,1,2,1,9
E2394V72L,デッドリフト加藤,RAP9FVR3B,あばうといち,905,5,7713,427280,4,6,10,2,5,5,7,1,40
DIP8Z8GIN,めいどさん,ADV0547D7,蓮ノ美食殿,1044,4,7714,427190,7,7,8,6,6,6,5,7,52
E3H7JW62G,スナルシア,YK0X6N2HN,無言OK出入自由,1012,6,7715,427100,1,4,4,4,6,5,8,8,40
2V7MFFHL7,おかゆ,3A63DYH54,LLすこすこ部,833,6,7716,427010,3,2,2,1,3,4,2,4,21
6U2PBV7TY,mろとlotlk,XN2VEA6DN,無言,1180,4,7717,426920,6,5,5,6,6,5,8,7,48
NTNXGJCHM,ささぴー,8MLVA67AK,聖ミリオン女学園,951,5,7718,426830,1,7,6,1,8,5,8,10,46
JCUBBM2DC,比企子守にいと,N9B8HXXR0,25時、残陽で。,1001,2,7719,426740,5,6,8,7,7,7,7,8,55
6VNMV3L6L,Criss,JHTULVV5P,故に瑠璃乃推し,768,0,7720,426560,4,7,8,4,6,6,4,7,46
PYJPAZRGD,ヨッキー,LFB48H6MU,超初心者の会,1257,1,7721,426470,6,4,8,4,6,5,10,10,53
H54N1EXEU,ふらみんごみんご,U740C25T1,ごろちゃんず,672,0,7722,426380,1,1,1,1,2,1,2,1,10
K4D1LHY4L,もも,VNEY6C9BE,スリーマーメイド,647,1,7722,426380,2,2,2,1,10,9,2,1,29
HZOW9AH4G,トゥ〜,J5CJ60JTY,Jサポx蓮ノ空,1002,3,7724,426290,6,5,9,7,6,5,8,8,54
8GDNW7H6D,アクア,D3215EVKW,綴俺誇,1174,2,7725,426110,8,7,9,8,7,7,10,9,65
LQSU5APFH,aonoumi,L28X4MDJN,アフター観たいぞ,1125,6,7725,426110,6,5,7,5,7,7,9,8,54
A2EBNM355,ウサギバリスタ,K2L5DCVNR,REAL,794,2,7727,426020,1,1,1,1,1,1,2,1,9
J7FF7YDGP,とらが,DKPMRA0TA,蓮ノ空奉仕部,294,0,7728,425930,2,3,1,1,2,1,3,1,14
CJFEEAGUE,はな,AL0FALXTK,加能がにはうまい,1100,5,7729,425840,1,2,2,1,3,1,1,1,12
WM5PYYA3F,マグネ,8AT7V1C7L,初心者です,234,0,7729,425840,10,7,10,8,8,4,10,10,67
RR4L71LVA,縹（はなだ）,Y2HV0YEF7,蓮ノ空を応援し隊,1189,17,7731,425660,9,8,9,6,10,7,9,9,67
WDXB3HD64,がとう,C6V311T2P,LotuSky,1132,6,7732,425570,1,1,1,1,2,2,2,1,11
KTPHKA8PT,うざわ,J9T0UFKXG,光を目指す者たち,426,0,7733,425390,1,1,1,1,1,1,2,1,9
OJNJEAFPX,カリギュラ,ULUELCJ7T,なるようになる？,861,4,7734,425300,7,7,9,4,4,4,7,8,50
RYWMTGDGD,Orca,HBK6KCRPP,無言でおけ,1029,6,7734,425300,4,4,8,2,5,4,7,5,39
CLXC66KWW,や,AWPK4F8YL,隔離病棟,904,2,7736,425210,2,8,9,2,3,3,4,4,35
GPJFM7GOY,アステ,30W3RA65G,蓮ノ空自由クラブ,817,0,7737,425120,8,9,8,8,7,8,5,5,58
FPYEYCVU6,Hani,U3VEPLPV4,PiONA,550,0,7738,425030,1,2,3,1,2,5,2,1,17
C98FXCD6Y,なし,H0DV3JJGA,かほさやてぇてぇ,1044,7,7739,424940,4,6,6,5,5,4,9,10,49
USBSVPQTX,マスターポヨ,KGDNX3EF3,ENcircle,704,0,7740,424850,9,4,7,5,2,4,6,2,39
VKGJEMJ3Y,いとせん,407VAU0TT,ログボ勢の集い,789,0,7740,424850,4,4,4,4,4,5,6,4,35
8YH1AWMER,TinBoy,CEP973KKU,スリブ好き好き会,747,0,7742,424760,1,5,5,9,2,5,2,1,30
WR85P8YC8,SHIPPUI,J80MEYHBC,Nymphaea,1083,5,7743,424670,8,7,9,5,7,7,6,7,56
YLT7HVDHW,夢,9UKKACGDU,蓮っ子CLUB,980,6,7744,424580,7,7,8,1,2,7,8,1,41
OJDCKN78S,とぶぱな,LHU88R0LV,リンクラまったり,1095,12,7745,424490,8,6,8,6,7,7,7,7,56
J480W1DM7,ノースディングル,AGJ215YND,蓮の空中國分校,1072,3,7746,424400,6,5,7,5,6,7,8,7,51
X7C4RA9D2,セナルアックス,M1DLCR0R8,花帆護サークル,1302,4,7747,424310,8,7,7,5,7,7,6,7,54
MZUJAE11Y,凍牙,GP6E7TYP9,悠久,1097,3,7748,424220,4,4,7,7,6,4,10,10,52
L76DT7ENT,コンタ,HWJ8XPW0T,箱推しなのだけど,1213,3,7749,424130,7,7,8,6,8,8,6,10,60
K600A2Z4W,ゆあここ,998H940YN,お嬢様筋トレ部,1039,0,7750,424040,4,6,5,1,4,1,4,1,26
8N5Y5HD1G,スドウ シン,M206VENTF,蓮紺の会,790,1,7751,423950,8,6,10,8,7,9,10,9,67
YAM32LJ6J,しぐう,9RYR14H9L,ソロマターリ,797,3,7751,423950,1,1,8,4,6,10,4,5,39
493NKXKPE,炎邪,578YG6EAT,桜桃花束愛聴会,931,2,7753,423860,1,3,5,2,5,4,7,4,31
2XTM6NL82,12345678,KGF0L576E,サークル,1277,16,7754,423770,5,6,8,4,8,8,7,8,54
6X2TR1F1E,Ｆ・ゼルヘス,H6VGDDCD1,朝は緑茶,877,0,7755,423680,6,7,9,7,7,7,8,8,59
L4TH6HR3R,桜小路恋,YAD615PCK,蓮を咲かせる泥達,1338,13,7755,423680,7,9,8,7,7,7,7,7,59
9XWLXXP8L,E.V.,TK9E1BB1P,無言で自由,729,4,7757,423590,4,2,10,4,2,7,6,7,42
IY3SSNV7D,えでん,0JY7F3EKU,さやか愛でる会,929,8,7757,423590,4,6,7,6,6,5,6,8,48
9SJHR7GOC,はるちか,YL9PDN1EC,ふくふくわんこ,691,3,7759,423500,6,6,4,6,8,1,1,5,37
AN1VURWEL,いちにー,KHE3R0EE7,チーム本屋,817,2,7760,423410,1,2,1,1,2,3,2,1,13
6MT4MFAN3,ヨーソロー417,FK8EUX6V3,ゆったり蓮ノ空部,819,0,7761,423320,6,7,9,5,5,5,7,7,51
GB65YW4K1,あお,7NJM1VURM,らんるん部。,257,0,7762,423230,1,7,4,1,6,5,4,2,30
ANH1X045C,ichi511,1AK9VTG3W,ドルケスキスキ部,524,0,7763,423140,1,4,1,1,2,1,3,1,14
VB5P1BEET,ずんだ餅,KXEME076E,つづさや親衛隊,999,4,7763,423140,4,7,8,7,6,6,5,7,50
WTVNNYRPB,もちこ,VXDPPJJL1,蓮ノ空リボ課金部,951,6,7765,423050,9,7,9,4,8,8,5,7,57
ZN03EN4C8,eow,W09WBG3HY,どろんちゅ,1012,1,7766,422960,7,7,7,6,7,7,6,7,54
P9Y8S7M2X,抹茶じぇら〜と,333AUNMN7,乙宗家,662,2,7766,422960,8,4,4,3,4,3,2,5,33
P574WP5KV,あれれんれん,CT8XW752X,蓮ノ空写真部,1190,16,7768,422780,6,6,7,5,7,10,9,10,60
NVFA2N86P,絢都蓮,VP0K6KF0K,蓮ノ空大好き!!,1087,13,7769,422690,5,6,7,7,6,10,8,8,57
CQSVGRM58,かいん,3BE2RELRC,見晴台,1469,0,7770,422510,10,8,10,7,10,10,10,10,75
5JCIDFG6K,s,WJ7GF9WVV,愛と想いやり,996,1,7770,422510,5,4,5,2,4,4,8,4,36
TJEW3RWUW,蓮浦,XR2599P98,小林,518,2,7772,422420,2,3,2,4,4,1,1,1,18
AXF8TF5W5,SerLin,M2DG95X9J,箱推し,519,0,7773,422330,9,2,2,4,2,1,3,1,24
43A1IMJG3,コペ,A3X92L6YU,お試し用サークル,1268,7,7774,422240,4,4,6,5,6,4,6,4,39
DLW137J7R,why,HPFT3HMNJ,灰流うらら,719,2,7774,422240,5,7,9,6,7,7,7,4,52
4TJB69XDB,アサヒ,RN24L196L,るりーーー,1251,5,7776,422150,10,10,10,8,10,10,10,10,78
GHCNX1P04,ナナメ,KXB93FVTR,ブルームガーデン,997,1,7777,422060,8,7,8,4,7,7,6,5,52
QZ633097M,ナジュム,A7WWE0463,蓮ノ空初心者部,833,0,7778,421970,10,9,10,7,9,9,9,10,73
CLXRG9MB0,yuki,Y2HV0YEF7,蓮ノ空を応援し隊,1131,0,7778,421970,8,7,8,7,7,7,7,7,58
BDO20JTB2,なきなき,T045NDKW0,♬さやか愛好会♬,1041,3,7780,421790,1,4,4,5,4,4,2,4,28
LUHGUX9PH,MTC001,KA1249N3H,沼津倶楽部,957,5,7781,421700,10,7,8,7,6,6,6,7,57
RHGD94TFU,Yuzu,3YWMY4JVN,82プロ,962,6,7781,421700,1,4,5,9,7,4,6,7,43
6E7HMPDP0,▷重曹,4FXPC55PY,PPIHクラブ,707,0,7783,421610,7,5,8,5,7,6,7,7,52
CBU5J24AC,うしろまちむぎ,8VGXWTV3U,R.opRizm,774,5,7784,421520,4,4,6,1,2,1,7,5,30
LD235WHP6,あだまん,A2CX6TGN5,大衆酒場 蓮ノ宴,261,0,7785,421430,6,5,7,6,6,6,5,7,48
97GLFJXLM,そうけん,CXG25026E,泥のみんなS,983,5,7785,421430,1,1,1,1,2,1,7,1,15
BJHIL1BOV,トムへー,A8BJ5V3ET,はすのそら,1064,1,7787,421250,8,7,5,6,10,7,8,10,61
5ETI2UR1G,クリシュナ,92DAKAG6N,鈍色の空,1043,8,7787,421250,7,5,7,5,6,5,7,9,51
WXL1LTNX3,Harasin,K7LC46V5M,Link！ラ部,844,2,7789,421160,10,6,8,6,6,7,6,7,56
ENM1G0MXX,ろむせん,J5FJNX88N,無言,443,0,7790,421070,2,8,6,1,7,1,5,1,31
V53H65N9D,＋F,KXB93FVTR,ブルームガーデン,1215,15,7791,420980,9,9,9,9,9,9,9,9,72
T3N8GUWX4,クロワッサン,43HRXMXWA,無言OKクラブ,947,0,7791,420980,4,4,5,4,6,7,7,7,44
CVRY5983D,さー,HD281MF0A,梢吟子党,435,0,7793,420890,1,4,1,1,1,1,2,1,12
P4ZUP4LKK,千の蓮,DU869RX4R,千の蓮,693,0,7793,420890,1,1,1,1,4,5,7,8,28
TTCG4JMM6,橘P,LG3XF86RM,ハロめぐ党無言可,1159,13,7795,420800,1,2,5,9,6,7,9,7,46
1D9N2DHWT,おぐり,PY4Y88935,平日忙しい人たち,1256,9,7796,420710,8,8,8,5,8,7,8,9,61
5MRWRAWAY,六,NK17PY5LW,のんびり,837,0,7797,420620,5,4,7,4,7,7,9,8,51
3BBMNCHPK,やむやむ,866DU609J,ラ！スレ@may,1153,0,7798,420530,8,7,8,7,7,7,8,8,60
535BU0VDY,りゅうせい,7P4CAER9X,まったり倶楽部！,1101,18,7798,420530,4,7,6,4,6,4,4,5,40
2P400PNF7,Tom96378,AR9HR528A,いろいろ実況,775,2,7800,420440,4,6,10,5,3,9,5,4,46
WU0JD81NW,素流,HB9AU9DJJ,聖心党,921,2,7801,420260,7,4,7,6,6,7,7,7,51
OUHGX5FP4,普門寺飛優,BUKPFCJCY,TTMC蓮ノ空班,1079,7,7801,420260,4,4,7,7,6,7,8,8,51
7WWJ6J1AR,ダイナン,PB5NM9HRA,歌蓮ティールーム,992,0,7803,420170,5,5,8,6,7,5,7,7,50
ESY8CLIJM,フェイト,HKETDDCK6,ぼっちざ蓮!!,1248,9,7804,420080,7,7,9,7,6,5,8,8,57
V5LVB7T4E,TS@スリブ推し,AE3L01V24,LOVE蓮ノ空,408,2,7805,419990,4,2,1,4,2,2,3,1,19
C9OCIE2KQ,北落師門,CP3KWKH07,まったり社会人部,1224,6,7805,419990,9,8,9,7,10,10,8,10,71
UH30X8JR7,あきぞら,YD5YULYRR,ゆる〜く活動,678,0,7807,419810,8,9,8,6,9,7,8,8,63
2HYEWYXU3,ぶびず,4TE2DCLVN,マッタリ～ズ,1171,4,7807,419810,5,4,1,5,2,1,4,4,26
EL9N7Y6YB,かえで,P4FV9YEL1,料亭さや処沼津店,877,0,7807,419810,6,1,5,4,10,5,10,4,45
RPUEZP5TD,花,H1LTYMK0B,花帆が可愛いの会,1100,12,7810,419720,9,6,8,7,7,7,8,8,60
DW4VH2NB4,ん゙,4RY75CKM4,LLすこ部　メ募,305,0,7811,419540,4,4,2,4,5,4,2,4,29
DBCX1EE3Z,塩レモン,HK0E91U71,放課後写真部,1064,8,7812,419450,3,6,7,7,6,8,8,8,53
NYFFCKEKX,むぎ,J8HXTJ8TB,流し素麺同好会,813,3,7813,419360,1,2,1,4,1,2,2,1,14
T667M6HQA,Rine,BK8AXMYGC,いってらっしゃい,900,6,7814,419270,5,4,4,8,3,7,7,8,46
C24FV24A7,おるさん,05KN1RR3U,さやかほ花卉園,708,4,7815,419180,2,4,1,1,4,3,2,4,21
0VFKZG71V,トリンスラン,9XNH0HDBN,蓮ノ空∞園芸部,910,0,7816,419090,4,5,5,5,6,5,2,7,39
E0DNVVHMA,キヨ,4B2FERVVT,牛頭ﾉ空馬頭学院,374,0,7817,419000,3,10,6,4,7,4,7,5,46
TQDR5AS2E,エム,0CBM28JP6,ほうき星,1191,12,7818,418910,8,9,8,6,8,8,8,8,63
9352FGFD3,ゆずみっく,KC1W74B9B,蓮六園,181,0,7819,418820,4,7,4,1,2,4,5,1,28
0OH0VV1DQ,真琴,EC28PB9KN,梢画伯工房(Фω,990,2,7820,418730,4,6,6,4,4,4,7,10,45
FKVRKHO65,ナギサ,G0WRCNRWK,県立沢庵図書館,1288,6,7821,418640,8,8,8,4,9,9,10,8,64
G9X5JFXPK,たむたむ,JRAC1HYUD,SPHS-MMT,1016,0,7822,418550,9,6,7,1,5,4,6,7,45
BGBUC5VD3,蓮ノ花,NL1MPRG05,とりあえず,775,1,7823,418460,5,7,7,5,4,4,6,4,42
HTK7NDY10,さくら,VD7N7A4WH,氷青色,878,8,7824,418370,1,2,1,1,3,1,7,1,17
QEU48K161,蓮之丞,EURW22K8J,203号室,1112,8,7824,418370,7,5,7,8,10,8,7,10,62
Y1NM3TMGE,ココウコウ,9C0KWR782,まったリンクラ,543,2,7826,418190,3,1,1,1,2,1,2,1,12
0LQWR4XP2,素敵な学院生,RM7N1JDB5,無言推奨不干渉会,626,3,7827,418100,1,1,10,3,10,4,3,1,33
3ULWDRRWH,イナサク,NLTAB4BLF,蓮ノ空ゆる活動部,1069,1,7827,418100,7,6,7,7,6,5,8,9,55
B80AGPJGM,Katokato,AAHB7C276,HaCordVN,1065,14,7829,417920,6,6,7,5,9,10,6,9,58
AGF59LJG8,編,N1JAJ83CA,蓮ノ空園芸部,1309,5,7830,417830,10,10,10,10,10,10,10,10,80
FB5KYTLFT,すばるん,UPNXW2A69,ライグラ報酬集め,833,1,7831,417740,6,9,8,9,7,7,7,8,61
3VXL3WX2N,17,X87KNX4N3,蓮ノ流星群,787,3,7832,417560,4,5,10,1,2,4,2,5,33
F9UA6MG1A,ぐるまーれ,C68491XHB,みらくらぽーく！,919,4,7832,417560,7,7,7,4,6,4,7,9,51
JVLUTTU8P,愛知のカトウ,30YM43CUC,蓮ちゃん好き,497,0,7834,417470,4,1,1,10,2,1,2,1,22
LWKC403V7,1OOOK,EYEPHE14G,花上梢頭,896,0,7835,417380,7,6,6,4,3,5,6,5,42
DNI39MIF0,ヘルツ,58FD7UF8J,としとしサークル,1136,13,7836,417290,9,9,9,5,8,8,9,8,65
7MV69EG46,あじごはん,W3YKKRWHG,ルリと愉快な一家,1058,4,7837,417200,2,2,1,1,1,1,2,1,11
F4PBK8NTY,ラックン,Y6JNPC60C,綴理メイト,1047,6,7838,417110,9,10,9,7,10,7,8,7,67
T3YBZG5MC,Yurieru,PK39RK6W9,蓮ボンバ,398,0,7839,417020,4,3,5,4,3,2,7,4,32
IYF35IIN2,メルト,R8MA3LCB3,lotus,1023,2,7839,417020,7,7,5,5,6,4,6,8,48
3V0KBGJ4J,KISA,T2G89JA59,なんとかなる！,661,0,7841,416930,5,4,6,6,3,6,8,8,46
83NVGTPLF,エムズ,WAT20PN3Y,こな党,1227,10,7842,416840,8,8,8,5,8,7,7,8,59
LJGLHWWT9,Hiroshik,REUA4H17B,LLLLBR,622,7,7843,416750,7,2,10,1,2,1,4,1,28
BADHL3YFV,マーシー,JDAG79TG7,百合ノ空観察部,1328,15,7844,416660,10,10,10,10,10,10,10,10,80
HXDRBE402,おじさん,X33HHA9F8,アルストロメリア,962,13,7844,416660,6,3,7,6,5,2,6,5,40
G19K1TPJ0,そーだ,RKT7BC4F6,人形浄瑠璃乃,827,1,7846,416570,1,4,7,5,4,4,7,8,40
8TBVC6670,まんまるぅ,FVJFA973A,月猫愛好会,969,5,7847,416480,4,4,5,1,1,5,5,1,26
FNVYHXA39,るおさん,2U4GLJXLJ,泥の中の養分,1045,6,7847,416480,1,2,4,5,10,1,7,7,37
BPJ9JMF31,柊,1EBG7YUTL,菅！CAN！叶！,885,0,7849,416390,1,4,10,1,2,1,2,5,26
8K32NSWZV,すばるん,HKKCM3W4M,かほ姉の集い,742,0,7850,416300,3,6,3,8,6,1,6,5,38
EJEHECMV2,だいすろーる,AXGGJ4EJ1,所属だけしたい部,884,2,7851,416210,4,6,5,1,4,7,6,10,43
TMHALEY47,パルム,XE8513HNP,喫茶カワウ空✨,1049,11,7852,416120,8,6,7,6,6,7,8,7,55
A7RUBXEMB,しゃこ,T48KV9EP2,無言ぱーく,1123,3,7852,416120,7,7,7,6,6,5,7,8,53
34HJLY55X,メビウス,W9E6JNBNC,蓮信クラブ,1317,1,7854,416030,9,8,9,8,9,9,8,9,69
TUA46NLU3,ふたえ,RXX0XLA5D,ふたえのきままに,888,4,7855,415940,6,7,8,4,9,5,6,7,52
V1M3H0HXS,みかんぬ,JU476V6K9,ポチッ！,985,11,7855,415940,1,2,1,1,2,2,4,1,14
B42A0J1ZC,謎煙,3FF3NB77X,せーはす愛好会,1193,3,7857,415760,7,6,7,9,6,5,6,9,55
NG1V1KO2X,マジンライバー,D7UA5ER1E,UR報酬欲しい！,979,6,7858,415670,3,4,7,4,6,3,4,1,32
1KYUUYKE0,GLAY73,PD80VCP5N,虹ヶ咲学園,1000,2,7859,415580,1,1,8,4,2,5,8,10,39
OCTNSNQPI,月,H1LTYMK0B,花帆が可愛いの会,941,2,7860,415490,5,6,8,4,6,5,6,7,47
FL5L2HBN3,クラウン,BT22M41DV,梢花帆吟子同好会,1004,12,7861,415400,2,5,7,5,7,9,3,5,43
N2WT0VAY1,.,JC30FUPH3,LLあおだか2,55,0,7861,415400,4,6,4,1,4,3,1,1,24
3B2WWDYUK,にぼし,KXU941RFJ,梢先輩おめでとう,1120,3,7863,415310,1,1,1,1,1,1,2,1,9
SROIXY2IQ,くろあお,WLLWJ8ADP,乙宗筋肉サークル,1131,12,7864,415220,8,8,8,7,7,7,7,7,59
EYR644VU5,ねじゅみ,TW2M129HM,花陽ちゃん,1285,4,7865,415130,1,2,2,1,4,4,4,4,22
O2DCG66XG,ゆうやん,9C0KWR782,まったリンクラ,628,1,7866,415040,1,2,1,5,2,1,9,4,25
C8VCIEGNR,まるまった,37N3TNTVB,推しを布教する処,1169,5,7867,414950,7,7,8,4,7,7,7,8,55
0M7VSW1M4,イリヤ,BW38LDPRF,蓮浦の星空,1254,15,7868,414860,8,7,7,7,7,7,7,10,60
LVPKJCAPV,ゆきほ〜,9RYR14H9L,ソロマターリ,853,0,7869,414770,5,7,8,5,5,7,8,9,54
S7K19X7LZ,Yamane,BDD8R1HDD,蓮の花を見る会,880,0,7870,414680,9,6,8,6,8,5,8,8,58
BMNRNIOU3,ノーラ,J0N1E3Y09,月火水木金土日,1298,13,7870,414680,7,7,7,5,7,5,7,9,54
CEDNNDFG5,どなみ,XXVVJY6FE,はぴぱれ,269,0,7872,414590,7,5,8,4,6,4,7,6,47
J8DMT66LB,(*`･ω･´),J4NTXG4T2,音ノ星ヶ丘女学院,975,8,7873,414500,5,6,10,5,7,7,6,7,53
CBEB8TH1H,りーり,HBM31HMUY,YUKIZURI,1172,2,7874,414410,1,1,3,1,2,2,8,5,23
AWXVY57HL,わっよ,CTW8DKV5P,まったり,1133,13,7875,414320,5,5,8,7,7,5,7,7,51
N56HVMH84,L.K,R9NGK6L48,のんびりサークル,720,4,7876,414230,10,9,10,7,7,6,7,7,63
OWXNRXL4H,あかさたな,NMT63RUDV,泥村,1326,6,7876,414230,9,9,8,8,10,10,10,9,73
4P1H06C5W,ユビキタス,WWWUTP96L,異次元からキマシ,870,1,7876,414230,6,6,8,6,6,4,4,7,47
U8M0WAQEE,みかん凹,VLY036Y5B,アフター気になる,404,0,7879,414140,8,4,5,2,8,1,7,9,44
MAH780W6U,ろな,BKUHCT7WF,蓮女お嬢様部,1039,0,7880,414050,4,5,7,4,5,5,4,5,39
0H39XEK1J,あちゃ,P4NGERDXF,こじらせ部,875,2,7881,413960,1,1,7,1,2,1,8,1,22
DPJFWA594,まどか,4LU50R56J,誰でもOK,969,2,7882,413780,7,2,1,1,2,1,2,1,17
OOXKJJCNF,ラピス,6MRL8N07V,蓮ノ空クレープ部,1010,7,7883,413690,6,6,5,7,8,5,6,5,48
7L9MJBRL9,マックリ,JFNKGWBVV,ダブルマック,1172,9,7883,413690,5,5,8,4,7,5,6,5,45
91JK35ECX,Coda,PYFGXM8FT,心堅石穿,1019,2,7885,413600,7,7,7,7,6,7,5,8,54
S6GD9014A,ゆーぱな,W7D9YK7U8,300KM,1480,18,7886,413420,6,5,7,6,8,6,9,10,57
5FKCL0KRR,べがすぅ,AYDP5L9V4,乙宗梢好き好き部,1129,16,7887,413330,6,7,10,7,10,7,9,8,64
6PEXKRVFE,伴　蓮弘,6JCMUJX7E,同輩,887,1,7888,413240,4,4,7,4,6,8,5,4,42
DH0HAFTFX,ブレイドオメガ,8ARWEB67F,蓮ノ空れぎゃ米部,1183,14,7889,413150,9,8,8,7,8,8,6,7,61
PWU8QZZ6O,あさま,KB5BFK7J6,おはめぐ党本部,1174,8,7890,413060,7,4,8,7,6,7,8,7,54
6RT1M2G24,蓮ノ図書委員,K7LC46V5M,Link！ラ部,774,0,7891,412970,4,7,7,4,6,5,8,8,49
27YAK2KUL,電池兎,9GDHWXGVG,ルリと花咲く毎日,1009,3,7891,412970,5,4,7,5,4,7,4,7,43
AB49GUDRE,るっつ,PR2BGEK5K,ありがとう大三角,1003,8,7893,412880,6,4,10,7,8,7,8,8,58
YLHJLWAGZ,AIYU,KHAKJKC0A,のんびりまったり,1092,11,7894,412790,5,5,6,6,7,7,8,8,52
1A7UHHNAA,よしき,JTX1G19BP,さやかほ癒し会,1311,18,7895,412700,10,10,10,9,10,9,10,10,78
WHKLV2AL3,立華,TCTEAMP9C,虹ちゃん最高！,651,0,7896,412610,4,4,5,5,2,1,5,4,30
UCGKKU7KV,北斗蒼一郎,U98UKD6RY,異次元フェスP,1017,6,7896,412610,7,8,9,7,6,7,7,7,58
0M9H963KR,かるぱすそーだ,EFYYG9TAY,ご隠居さーくる,1051,13,7898,412520,1,1,9,1,2,3,4,1,22
1FDJCEM4Q,ハマイク,G0WRCNRWK,県立沢庵図書館,803,2,7899,412430,1,1,1,5,2,1,2,1,14
5MK101XEK,いろは,K69M1X95F,アイリス,990,6,7900,412340,6,6,9,4,4,5,6,7,47
DHKAXA5MW,こうすけ,X33HHA9F8,アルストロメリア,855,3,7901,412250,7,1,1,7,2,4,2,5,29
753C2P0KR,ハレルヤ３,08DDCV5JN,黒ねこのしっぽ,985,4,7902,412070,7,7,6,6,7,7,8,9,57
2DBKUBEC0,シャドウ,WJ7GF9WVV,愛と想いやり,779,3,7902,412070,8,8,9,5,8,6,2,1,47
53NV0XJT8,しろ,3YWMY4JVN,82プロ,610,3,7902,412070,9,3,3,8,2,3,4,1,33
9XMYQHWJN,keyton,R083H7WRN,サークル無言,1274,9,7905,411980,9,7,9,6,8,8,8,8,63
822D7LTUJ,リンノフ,YHWN0NJ03,ドカ食い気絶部,862,0,7906,411800,1,5,5,5,6,7,7,7,43
WKP26P630,こよ,N6TVG18P8,すきすきクラブ,385,0,7906,411800,3,9,4,4,4,2,4,1,31
SCYQFSZVZ,くっちゅん,FMKP92LRL,目が霞む人達,1067,12,7908,411710,6,10,9,5,10,10,10,9,69
A36FY11VA,ジュン,LETV4C1KG,無言の行,589,2,7909,411620,4,5,9,6,6,2,9,1,42
9Y4HNGY6N,とみ,A3472CNJE,ハントン✿ライス,268,0,7910,411530,1,5,5,1,8,5,3,9,37
BUN4HR1DW,CVA-64,H1G4CDT6C,無言自由,843,0,7910,411530,2,3,5,4,5,1,6,7,33
9KGEH7TF6,たまこ,8MLVA67AK,聖ミリオン女学園,869,0,7912,411440,1,1,1,1,2,1,2,1,10
P7MVYKEXB,まふぃりん,F90XW14UP,のんびりプレイ,909,2,7913,411350,5,5,5,5,4,5,6,4,39
PBG9TRS5A,サツキ,6HV2RH6TU,イベント用、無言,1166,4,7913,411350,4,6,8,5,8,9,7,8,55
G0SAFEP6C,リンク,1KDUBW4HB,めぐ党0番,900,2,7915,411260,1,3,7,4,7,5,7,4,38
6FA3POQG6,キュアガンキン,AND13836G,乙宗梢親衛隊,1205,4,7916,411170,9,7,7,6,8,8,6,5,56
AW8Q0NER5,ひでのん,HBD61R6WC,梢先輩すきすき部,1058,12,7917,411080,4,3,4,5,6,4,6,1,33
8V2VNR2XQ,黒澤姉妹のオヤジ,V8XX999F6,卍蓮村幼稚園卍,1287,5,7918,410900,8,8,8,9,7,8,7,8,63
KGW9VXJ40,ターボー,FLFXP0T22,沼津内浦メンバー,752,2,7919,410810,8,7,6,6,5,4,6,5,47
H0DE1196C,焼き鳥,LG3XF86RM,ハロめぐ党無言可,566,3,7920,410720,1,2,1,1,2,1,2,1,11
MWBKGXCM1,はんとんらいす,6HV2RH6TU,イベント用、無言,1028,3,7921,410540,4,7,7,4,6,4,9,5,46
LHTO8TRND,IcⅡ^.-^Ⅱ,ETJJW4JHV,覇王樹LL同好会,1090,5,7922,410450,7,5,7,5,7,7,8,5,51
M562HLW04,こずかほ方程式,H0DV3JJGA,かほさやてぇてぇ,932,10,7923,410360,6,10,10,5,6,6,8,7,58
H17SMKCW7,KY,L28X4MDJN,アフター観たいぞ,897,2,7923,410360,7,8,7,6,5,4,7,8,52
ZFB7JJRTD,タカみかん隊長,97Y59KBF0,乙宗梢倶楽部,1242,15,7923,410360,5,7,9,5,8,8,6,8,56
X70W9G6J9,コポォちゃん,8M6UDX260,ぽけもん好き,1157,10,7926,410090,5,7,7,5,7,6,6,8,51
Y6MTYN68T,名誉会長,V8PE7XEWX,松任工場を偲ぶ会,913,2,7927,410000,6,6,9,5,7,5,3,5,46
55G8WOU43,なつふゆ,5NPVVUGH7,蓮すきすきクラブ,1274,14,7928,409820,8,8,10,7,10,9,9,7,68
2FWIED89S,ラフライフ！,FTF09PHBU,だっぷとサークル,1105,0,7928,409820,7,7,7,9,7,8,8,9,62
UL59J3JWK,封涵,AWFDLJ1HC,小蓮花（重生版x,773,6,7930,409730,2,3,1,2,2,1,2,1,14
95R5B0MW2,ゆゆ,GGK2P93JK,きゃらめる,426,0,7931,409640,8,8,8,7,7,7,8,9,62
T9X357GJG,アクアマリン黒澤,EE4BKR0AR,まったりプレイ,930,3,7932,409550,4,2,3,7,8,2,5,1,32
8EMALLP8D,ちはや,XHJLF3R8H,ゆったりプレイ,1051,6,7933,409460,4,1,8,7,10,1,7,5,43
HKBTJS8OV,ふぃあな,YFVX33LRP,(_ _).｡o,1186,2,7934,409370,7,8,9,5,8,8,8,7,60
524F8V699,すけさん,FC8NBAJBT,ラー麺二郎金沢店,1268,3,7935,409280,4,4,4,5,6,4,6,7,40
OOARXM0UW,ロッシー,72J5PWU5K,ライグラ待機室,1070,15,7936,409190,1,4,7,4,8,1,8,8,41
0JXYR6AAH,う,4WWM4VVDK,蓮ノ空遊戯開発部,470,0,7937,409100,2,2,4,2,2,2,4,1,19
451NJW31A,アズライト,XN2VEA6DN,無言,1247,2,7937,409100,7,6,9,6,9,5,9,9,60
VVR98X5B5,バッチ,FHN78V2DJ,無言でどうぞ,991,6,7939,409010,4,4,7,7,6,5,7,8,48
9G6B9PL26,み！,TK9E1BB1P,無言で自由,593,0,7940,408920,1,1,1,1,6,4,4,1,19
A47MC2NSM,coba,BPG4D3VMA,不明,763,2,7941,408830,1,1,1,1,2,1,4,1,12
5DMKM5EVL,173,NY54H2A8T,日本めぐ党,692,0,7942,408740,5,4,4,1,2,1,7,8,32
RNDXOM2N1,あかりんご,BCJRMHE75,梢すきすきクラブ,956,3,7942,408740,6,6,5,6,5,6,6,7,47
TWC25TH1B,るる,WN3LHKX0L,レンコンおいしい,936,9,7944,408650,9,10,8,7,8,7,7,8,64
6427PN7XC,ユージン,PMME7169X,蓮っ子動物園,514,2,7944,408650,7,4,1,1,10,4,2,1,30
707HTAY43,オタワ,VNEY6C9BE,スリーマーメイド,942,3,7946,408560,9,9,7,7,8,9,9,10,68
QU5UELMEL,やまだ,VLY036Y5B,アフター気になる,556,0,7947,408470,6,1,7,7,6,1,7,8,43
4GAV63AFN,そらいろ,F2M746D4B,頑張らないクラブ,1022,13,7948,408380,2,4,1,1,8,3,4,4,27
J7YVH63RB,おにゆり,D3PGC4352,めぐにゃん懺悔室,1322,3,7948,408380,7,8,10,7,7,7,8,10,64
GHTR0FBXR,ノブナガ,30W3RA65G,蓮ノ空自由クラブ,229,0,7950,408290,5,4,1,7,3,2,3,2,27
XXKP04PL3,ミラン,NA8FEYN0M,蓮ノ空飲酒クラブ,1026,2,7951,408200,6,4,7,5,6,5,7,5,45
JVHH9VB92,ゆっぴぴ,WFPA7YJE1,蓮ノ空文芸部,815,2,7951,408200,3,6,4,5,6,5,5,4,38
YZ14B4ENJ,しろ,JWKMYEELY,伝統工芸愛好会,1396,3,7953,408110,7,7,8,8,8,8,10,10,66
NFB58JLK2,ナッツ,2UKNVBMBU,梢ちゃん同好会,760,6,7954,408020,1,1,1,1,2,1,4,1,12
FW08PD83P,なお月,HX2TUDRA9,蓮のブーケ,1235,2,7955,407930,5,8,10,6,10,7,5,7,58
SAUA59FZZ,あまい,D8CPWLGHJ,あまいのサークル,1123,11,7955,407930,1,1,5,1,2,8,10,10,38
T4GPGDWLT,Kana.T,J5FJNX88N,無言,1052,10,7957,407840,7,9,8,6,7,8,9,8,62
6491RLDU3,シデン,1D7T2UXC2,無言でのんびり,516,0,7958,407750,1,3,1,1,2,1,4,1,14
9FHOH0RER,悠,M44P06CH5,つづさや見守り隊,1008,7,7959,407660,6,6,8,6,7,6,7,9,55
6XFSFWOG6,さく,6UAFKBRPN,リンクラ初心者部,568,0,7960,407570,7,7,8,6,6,6,2,5,47
D96XA64BE,サイモン先生,VLY036Y5B,アフター気になる,393,0,7961,407480,6,4,6,4,8,1,7,8,44
CEKG0YC6M,ハラショー,VNEJ2RNW0,まったりんくら,971,3,7962,407300,7,8,5,7,6,6,4,6,49
JHM374CCD,カツどん,9E910GGD2,蓮ノ空給湯室,429,0,7963,407210,6,6,10,7,10,4,8,8,59
GJDV610B2,いきてる,PR2BGEK5K,ありがとう大三角,524,2,7963,407210,6,7,5,1,3,1,4,1,28
543P6KNT5,黒澤ピギィ,2AUM7L9BW,蓮初心者クラブ,575,2,7965,407120,4,3,1,3,5,4,2,5,27
PTLO91GAH,まこちゃP,XLBU65J86,花の壁飾りクラブ,1049,0,7965,407120,6,2,7,7,6,5,6,9,48
GGKKLA4R3,ホムラ,8MLVA67AK,聖ミリオン女学園,1183,3,7967,407030,2,4,4,7,2,1,10,8,38
2AP3PXPJG,でんぷん,N0EXH1CM1,ぱちぱち徒町,657,2,7968,406940,1,2,7,7,3,2,7,5,34
UJU4N843X,みき,WNMCNJ62M,チームまったり,986,8,7968,406940,7,6,8,5,6,7,6,5,50
JHM7DJ3K5,akiteru,M2Y673XYD,チーム満足,730,2,7970,406850,1,4,9,1,5,5,6,1,32
9PCG7KJFK,おとの,2U4GLJXLJ,泥の中の養分,880,4,7971,406760,9,7,6,7,7,7,6,8,57
U8YXU1U9X,高咲侑,JRAC1HYUD,SPHS-MMT,1092,12,7972,406670,7,7,9,7,9,7,7,7,60
XKUPN8CFF,トシ,R1RM3X0WV,後方腕組みオタク,815,0,7973,406580,1,5,2,3,2,1,10,1,25
18CCWW35N,のるむ,GW4CH70HK,TKG同好会,850,2,7974,406490,8,7,10,5,5,7,6,7,55
M90IMSJBO,あこちゃま,WUK7VF22K,はすのとなり,951,9,7975,406400,3,6,9,1,8,6,3,8,44
GT3ARCBJG,ﾖﾊｸ,C021HVB2B,第3芸能科,669,0,7976,406310,3,2,4,1,1,1,4,2,18
CGCULH80A,jv,75UJ5RB97,蓮ノ空雪野球部,1164,2,7977,406220,8,9,8,7,9,9,9,9,68
X70PAJLBJ,ひなげし,VLY5JDKCV,新規なのだけれど,263,0,7978,406130,1,2,2,1,2,1,2,1,12
A0C30L1EP,しらす,AVX749PPB,姫芽ちゃん親衛隊,559,0,7979,405950,5,5,5,5,2,1,10,10,43
5WPV75BLH,サクト,TTDBXERCU,蓮ノ空 全力応援,394,0,7979,405950,6,5,5,1,4,4,5,4,34
VXR5LR0BG,たろーまる,N1JAJ83CA,蓮ノ空園芸部,902,9,7981,405860,5,7,9,8,6,7,4,2,48
MOZ5KBPZ8,いのき,JA2C658FW,さや綴理の村人,619,4,7982,405680,1,4,1,4,2,3,4,1,20
VTE6S4Y3C,くれひろ,1D7T2UXC2,無言でのんびり,1044,10,7983,405590,7,8,8,4,7,7,7,7,55
DCREEVC6K,ミュート,1AK9VTG3W,ドルケスキスキ部,422,0,7984,405410,4,3,3,1,3,2,3,2,21
CJHCLWNDA,えに,K3LMN5JHH,金沢カレーの皿,1045,4,7984,405410,5,5,8,5,6,7,7,8,51
FAYFKXJD0,テツヤ,BKUHCT7WF,蓮女お嬢様部,1276,3,7986,405320,7,5,7,5,8,7,2,7,48
96KX3AR0V,かめさ〜ん,N8L41JAA7,無言 ノルマなし,887,0,7987,405230,1,1,1,10,3,6,4,10,36
7XBMPBBRE,一歩一歩一歩一歩,KGG6VMD1R,蓮ノ空本蓮沼の会,286,0,7987,405230,10,8,7,10,7,1,6,7,56
UKTNTYMFX,うさくま,1618JMRED,リンクラ自習室,941,1,7989,405140,2,8,8,7,9,6,8,9,57
3Q8QPZWKH,あるけ,PMME7169X,蓮っ子動物園,787,0,7990,405050,3,2,7,7,3,8,7,5,42
Y87F6YL7A,smtdet,976BY5JWK,ハルカカナタ,828,4,7990,405050,9,4,7,1,9,2,3,1,36
25BANM91H,赤い炊飯のジャー,GYJ3C6TKR,綴理先輩好き好き,1065,8,7992,404960,4,2,6,8,4,5,8,8,45
168SPSCGQ,しるふぁ,CTW8DKV5P,まったり,1293,17,7993,404870,2,6,10,10,10,10,10,10,68
2C2FMH9BP,火焔灼熱,DVHH1UEHK,ミリしら蓮ノ空,1099,2,7993,404870,6,5,8,7,7,8,7,8,56
KHWMDDEYJ,ほのちゃん,KB5BFK7J6,おはめぐ党本部,1019,11,7995,404780,1,3,8,8,7,5,7,5,44
3R3L9FVAD,しお,7NJM1VURM,らんるん部。,612,0,7995,404780,10,9,9,8,9,8,7,7,67
A02GBKCTE,NKG,VAR94KPUT,日進月歩,766,0,7997,404510,4,3,5,1,5,6,2,1,27
5X0YFNL8M,Sue,P0U5KLWWW,ライグラ報酬部,1261,15,7997,404510,4,4,7,4,7,4,7,7,44
Y3MI2K1FV,とるねお,LJMD3TWBB,道の駅蓮ノ空,1071,4,7999,404330,6,4,7,8,7,7,6,7,52
1QF9NENI8,テス,72J5PWU5K,ライグラ待機室,1324,8,7999,404330,7,8,7,5,8,7,10,10,62
URJMDHFL0,しな,23PGPJ3NV,蓮ビギナーの集い,282,0,7999,404330,4,4,4,1,2,1,4,1,21
VENF7V4VV,エルエル,GJCKB88YE,P&S,741,0,8002,404240,1,1,1,4,4,1,2,1,15
G1CKBBHBT,ウェルバ,7B0W0EWVA,ソロの為の避難所,852,0,8003,404150,1,6,10,5,8,5,8,4,47
JF5T0T44G,もじ,P3NK4KUFJ,字,510,0,8004,404060,8,4,7,4,6,5,1,5,40
II4SOAF56,蓮,PN4VA24XF,みーかるぱーく！,676,0,8004,404060,1,3,8,4,2,6,5,5,34
6NKB092MP,かんきつけい,FMKP92LRL,目が霞む人達,281,0,8006,403880,2,5,7,6,6,7,7,7,47
A27URGDWD,マダオ,57HNJ07NK,みらぱ推活最前列,1243,18,8007,403790,8,4,4,5,7,9,5,5,47
FUAUR25VL,boljak,BELCUYCMH,蓮hkg香港分部,848,2,8007,403790,4,4,4,3,6,3,6,1,31
TYR7CYTNW,カプチーノ,3A63DYH54,LLすこすこ部,1317,15,8007,403790,8,8,8,6,8,7,8,9,62
LROZ7VR99,まるまる,KXB93FVTR,ブルームガーデン,1174,5,8010,403610,2,3,2,4,1,1,2,5,20
PL6BHY99K,ヒロヤ,FG4170141,♪さやか愛好会♪,1158,5,8011,403520,7,8,8,5,6,7,8,9,58
PEV5TKWDP,ぺいちんぐ,GCFA4WL28,乙宗梢を愛で隊,362,0,8011,403520,10,4,7,6,4,2,4,4,41
GB2ISVBH9,めろん,W3F0URUJC,梢先輩応援団,1047,10,8013,403430,5,5,6,4,6,5,7,5,43
VJ12T6FTP,ほのきち,2U4GLJXLJ,泥の中の養分,476,2,8014,403340,4,6,1,1,3,1,4,5,25
2D2TO6VFH,まるっぺ,RU340PRAY,わちゃわちゃC,610,2,8015,403250,3,2,2,1,4,1,1,1,15
3198VX7GH,MARUYAMA,GK7JNB0NW,参加賞取り隊,585,2,8015,403250,3,2,1,1,2,1,4,10,24
6VN0F89TA,のすけ,9E910GGD2,蓮ノ空給湯室,1075,8,8017,403160,4,5,5,7,9,8,7,7,52
YBEH5L13A,NT,HR8X5DVLG,緊急テレポート,750,4,8018,403070,2,5,4,3,4,2,4,1,25
455Y90RGU,はやて,V8XX999F6,卍蓮村幼稚園卍,366,0,8018,403070,5,5,6,8,9,10,7,10,60
HDXIVOCPZ,16代目いぶき,X8YD59KBX,16代目いぶき組,978,2,8020,402980,4,4,5,4,4,4,6,5,36
NPUETYAC3,糸菊,PHEKJB75C,乙宗四季恋愛㌠,548,2,8021,402890,3,1,1,1,2,10,3,1,22
M5CHAKK49,miribit,CBJ6YLG5N,ゆるケストラ部,1033,1,8022,402800,1,5,5,4,6,4,9,8,42
CPNQ76HTL,雪樹華,A8RVEUYX5,蓮ノ空野外活動部,582,1,8023,402710,1,1,9,1,1,1,5,1,20
YR7V5HOCE,ムァーチ,6HV2RH6TU,イベント用、無言,1102,4,8023,402710,6,5,8,5,7,7,9,9,56
TK2CL0MB7,わふう,PH0YEPJD8,蓮ノ空北國金沢,1212,18,8025,402620,6,8,9,8,8,10,9,9,67
XVCXAWQ2B,スガポンド,3JDDUYURT,無言,1122,13,8025,402620,7,8,7,5,7,7,7,7,55
TUNJCP0TL,苺大福,WHWT61ELR,【無言】ハスノソ,1139,2,8027,402530,7,7,7,4,7,6,8,8,54
5AAYELRPY,グラタン,PUNBJGRBF,初心者向け,467,0,8028,402440,1,2,1,5,2,1,2,5,19
WET0YXDUK,うら,AE3L01V24,LOVE蓮ノ空,878,0,8029,402350,8,6,8,4,7,7,6,7,53
P4F206K3L,トウコ,T4WY63DB9,ういのま,1140,1,8030,402260,7,6,8,6,7,6,8,9,57
AYS0HYAIC,なつき,NCX28D4VB,Lyric,1578,13,8031,402170,10,10,10,7,10,10,10,10,77
Y5XWJL6CA,ラッカー,948FLPMPN,まったりハス煮〜,500,0,8032,402080,2,3,1,2,6,1,3,5,23
L81VNP8LA,おじ,2UKNVBMBU,梢ちゃん同好会,673,2,8032,402080,1,1,3,1,4,4,5,2,21
0TLDUDJ0J,すとーん,25PMPEMG7,星見プロ,1470,12,8034,401990,9,10,10,9,10,10,10,10,78
68WESY750,ふれあ,G4MHD90WJ,完全ソロ陽,959,3,8035,401900,8,7,8,6,7,7,7,8,58
XP2T4Y11D,おんま,C0NDBKMRB,すりぃずぶぅ家,1051,2,8035,401900,7,6,7,4,7,5,7,5,48
979VNX7SK,因幡丸,7UAN9K95E,気ままにお嬢様部,534,0,8037,401720,1,3,1,7,1,1,1,1,16
1FK7FTMPJ,ぽんまる,R7VEXFUBP,蓮ノ空応援クラブ,896,4,8038,401630,1,4,10,6,7,5,9,9,51
V5TCEL9WA,唯,NB0HX9KP8,かほてぃあん,973,11,8039,401540,2,10,10,1,5,4,5,10,47
8RCAU6DWV,K,K3LMN5JHH,金沢カレーの皿,694,0,8039,401540,5,6,7,4,6,6,6,8,48
TKJ23T1AF,kou,9P9EPKFHE,無言参加OK,385,1,8041,401450,9,5,2,9,2,1,3,1,32
Y82F962XV,和奏,7UX6117P2,重曹圖書館,976,12,8042,401360,5,6,9,5,6,5,8,8,52
50G4MLG6E,がっくん,TCTEAMP9C,虹ちゃん最高！,1090,9,8043,401180,6,6,9,6,7,7,6,8,55
XWZAYWQCF,DASH3348,8AUNDYXRC,音浦虹結蓮進学会,1010,6,8044,401090,4,6,7,7,6,7,7,10,54
CREVCPDDF,ばみ,8MDA3A0AK,イベント用,516,2,8045,401000,4,3,1,7,4,4,6,1,30
HOHL07UQZ,まか,3HDDYR4FU,旅人,1090,9,8046,400910,10,10,10,9,10,10,10,10,79
G1VN7WPWJ,Gilber,0HB7NEL1U,ItaClub,524,0,8046,400910,4,5,5,4,7,5,5,8,43
MX343ATFV,JEI7,LC2RN5R2U,いずみんの泉,418,0,8048,400820,8,8,9,7,8,9,10,8,67
ALEYYW8FY,ほなみの請結婚,DALU6BL7L,東方星蓮船,628,2,8049,400730,1,1,3,1,2,3,4,1,16
7S46MUHKS,塁治(ルイジ),YFADYJVW4,FPS好きクラブ,1430,11,8050,400640,10,10,10,10,10,10,10,10,80
AKJ5Z40M5,おおけん,WHWT61ELR,【無言】ハスノソ,1261,2,8051,400550,10,9,10,8,9,10,9,10,75
22FGQF3NM,錦玉,J83JWJ028,大ㄇㄚˊ露營區,612,4,8052,400460,1,2,4,1,2,1,4,9,24
4A44A0FH3,loxter,73VTANA71,隨緣努力^▽^,329,0,8053,400370,8,10,9,9,6,6,3,7,58
J7MPKL3G9,ことは,DKPMRA0TA,蓮ノ空奉仕部,376,0,8053,400370,10,2,5,1,2,6,2,5,33
AG9J5YT4G,Cranky,0FMM30LCA,無言,328,0,8055,400280,5,6,4,10,6,1,3,4,39
LDK5F4B0J,イケメンヌ2世,60D1TTYTV,無言自由会,956,6,8056,400100,9,3,8,1,2,10,9,10,52
HG5AJMK2M,うまざえもん,PJFUEFV94,◯◯◯待機室,512,0,8057,400010,7,3,5,4,4,4,4,4,35
LQ3YS5YYN,PizzaM01,AT3WYLPP8,SIDF,833,0,8058,399920,5,10,5,5,6,5,4,5,45
6CJJKAG08,マンマル,K2L5DCVNR,REAL,1002,1,8059,399740,8,2,5,7,2,2,6,9,41
WT6EA0XW8,野菜,3HDDYR4FU,旅人,1101,9,8060,399650,5,7,9,4,6,6,6,5,48
4T71LBMXW,にせはな,U6D5XTT5H,ゴリぶちクラブ,965,5,8061,399560,6,4,6,4,4,4,6,4,38
L45HHB1PZ,いっそん,3MW8HDRTF,秘密結社CKC,1182,11,8062,399470,4,5,6,8,4,9,2,7,45
636U5CD4M,元たまごやき,96LWYJ3Y6,無言絡みなし,935,1,8063,399380,8,6,8,7,7,9,6,8,59
QFRWHA8C1,しぃの,Y6JNPC60C,綴理メイト,1060,4,8063,399380,4,5,4,1,2,1,2,1,20
ZOKO09OOJ,朱夏holic,AH27N260E,百生信託銀行,744,1,8065,399290,5,3,7,5,7,7,5,7,46
MLB8XWLM4,ほたて,LMC8CUT41,ほたて,1141,0,8066,399200,5,6,8,5,7,6,7,7,51
NWWUBUW9T,Dell(でる),H0DV3JJGA,かほさやてぇてぇ,1079,13,8067,398930,6,4,8,7,7,7,7,8,54
WCNMKV7VG,「きなこもち」,LX25CP0TG,深夜の芋煮処,857,0,8068,398840,7,6,8,4,7,7,6,7,52
FA7L3YJ4F,蓮P,1GJC67JLM,無言の泥,817,2,8068,398840,9,9,10,8,9,9,7,7,68
5REHFWDD1,まろにずむ,6FWRD1K40,いちじょ海賊団,1000,11,8070,398750,5,4,7,4,6,8,8,4,46
G743E516G,八木大輝,6UAFKBRPN,リンクラ初心者部,1013,14,8071,398570,7,10,10,8,10,10,8,10,73
B01W37CLA,にーくら,VG7BHFKDT,のんびり日記,228,0,8072,398480,4,3,2,5,2,1,1,1,19
YTV1JHRGL,しもべ1号,XYRA2MND0,蓮ノ空ゆっくり,1007,8,8073,398390,1,2,1,5,1,1,4,2,17
9KYNVC53L,ワッタン,M7PWTT3PY,サークル戦連合軍,1011,2,8074,398300,5,5,7,5,6,5,8,7,48
GQ5LMIQLQ,しましま,BKUHCT7WF,蓮女お嬢様部,1214,4,8074,398300,7,7,6,4,4,5,5,4,42
AHP82X68C,CAINE,89K9Y7MX7,初心者歓迎,439,1,8076,398120,2,2,3,4,2,2,4,3,22
AEXXNH8YV,まつ散歩2,427WENUC4,心の癒し～蓮ノ空,853,0,8077,398030,7,6,6,5,6,4,8,8,50
AY902BE9L,ヒミ,GN1798YEX,ド!ド!同好会,589,6,8078,397940,8,2,2,3,2,1,6,5,29
NFEGNL75F,なお,JRAC1HYUD,SPHS-MMT,1165,2,8079,397850,7,8,7,4,6,5,8,9,54
JAJU2TLW2,ケーゴ,4WWM4VVDK,蓮ノ空遊戯開発部,636,1,8080,397760,1,1,4,1,2,8,6,8,31
58XPXM6AH,ゆら,89K2PRDC6,つづるりのなかま,909,7,8080,397760,5,4,7,4,6,5,6,7,44
22ECHCGVL,くろめ,WJ7GF9WVV,愛と想いやり,371,0,8082,397670,2,2,1,1,1,1,2,1,11
H4OG1LBAN,ハルキ,28XJ8NK4L,蓮ノ空まったり部,1006,1,8083,397580,4,4,5,7,6,5,7,8,46
SH0R2X92N,隊長,2KJ2UEC3P,ういちゅけクラブ,1111,3,8084,397490,6,10,10,9,10,9,10,10,74
01L36LTSN,皆城舞花,5EEXYEYH7,蓮ノ空計画,1007,2,8085,397400,7,4,4,4,2,1,4,9,35
UPDN706HR,zero,DUK0X7DB1,中国愛蓮同好会,786,2,8086,397310,1,5,2,1,1,1,3,1,15
NRVGHLXCE,So,RNJ306W6N,日曜日よりの使者,347,0,8087,397220,5,4,4,3,5,6,8,6,41
KM1YL0KV1,TAKEO,C791XXLDF,つづさや会,1189,15,8087,397220,7,8,8,7,8,8,10,9,65
7BTBPKZWH,ホノカグツチ,WAT20PN3Y,こな党,1270,4,8089,397130,6,6,8,7,6,8,10,8,59
EJ5EY6UBT,はむな,7MXXR7UBG,放課後リンクラ部,763,0,8090,397040,5,3,8,8,3,5,4,9,45
6BUYFEYYL,ビアンキング,DKNHY5HH6,なす料理研究会,810,0,8091,396950,8,8,8,1,6,6,6,5,48
WWX1XCCX0,taul4812,J0M0JNFRH,名駅ラブカの集い,433,2,8092,396860,2,3,4,1,5,2,2,1,20
9V4W9XVU9,都築,YVV9CMBLW,東京公演で沼落ち,1011,7,8093,396770,3,8,5,7,7,5,10,9,54
3VDMM128A,いの,LUDNM40F8,ふくふく無言OK,1079,2,8094,396590,8,9,9,6,9,6,7,7,61
UK8I0VDEG,オカタク,DH97ANN9G,ツキマカセ,1037,12,8094,396590,6,7,7,7,7,7,6,7,54
9MW641WL4,KRMCTH,YFADYJVW4,FPS好きクラブ,1326,12,8096,396410,10,10,10,8,8,9,10,10,75
0PPJ9EAKQ,くま,R9NGK6L48,のんびりサークル,1106,2,8097,396320,7,6,7,5,6,5,6,7,49
6VTGUU0TL,きのとい,WM6VLG32E,ツナガルソラ,1065,5,8097,396320,7,6,6,6,6,6,8,7,52
NWG9XR3JA,けい,RM7N1JDB5,無言推奨不干渉会,1157,12,8099,396230,6,5,3,7,8,7,4,8,48
FXNJMT6TV,Crab,RWDWD9PP6,乙宗家の屋敷妖精,1140,1,8100,396140,6,8,8,7,8,8,8,9,62
8LUB9GXNX,まーち,K95YH6P1C,蓮ノ空泥の会,1114,1,8101,396050,5,7,7,5,4,4,4,8,44
KSTU9KK1V,ぽた,0VEMMV8E2,スリブとまったり,319,0,8101,396050,5,5,1,6,8,7,3,1,36
O7N98XA6J,リュウ,UHF5Y8PEF,さやちゃん倶楽部,1158,15,8101,396050,6,6,5,5,10,8,8,9,57
08318K6RK,ゆゆユユユウ,NJBBTCY3A,かにかに！,309,0,8104,395960,2,4,2,2,2,1,4,1,18
N83106WNY,きさらぎ〜,BT22M41DV,梢花帆吟子同好会,842,0,8105,395870,6,8,8,6,7,5,7,8,55
RRW5XGGC5,ブレイブ,3194B9E93,初心者寄り合い所,565,2,8106,395780,1,6,1,5,2,1,4,1,21
5X1KM7FRF,吉田,37N3TNTVB,推しを布教する処,852,0,8106,395780,7,9,9,6,7,7,9,8,62
HZUH1X5Q9,光章生,71U58RMK3,蓮ノ空長野支部,1059,8,8108,395690,7,2,5,7,5,7,8,9,50
EC68UZX5T,HAPPUI,J80MEYHBC,Nymphaea,1183,5,8109,395510,8,7,8,5,7,7,6,7,55
FBREYWUE3,パメラ,6BFC4G5YG,蓮ノ空足湯同好会,419,0,8109,395510,4,8,7,6,5,5,5,9,49
V4YSTAK6R,春輝,XVTV7MVCX,雪月花,791,2,8111,395420,6,6,6,8,7,6,5,7,51
TX5DT7PG3,KzeAgain,H0DV3JJGA,かほさやてぇてぇ,1130,12,8112,395330,3,5,5,5,6,5,8,8,45
J1W38K38L,/μ/Jason,546E85JGG,月猫ぱーく！！！,932,8,8113,395240,4,4,6,4,6,5,5,7,41
6HRAXRKMX,サスケ,A9MA307FX,楽しいが一番,1283,6,8114,395150,9,9,9,8,9,8,9,10,71
E5TPKXRAE,味無,N94LEWF2D,無言よわよわの会,942,2,8115,395060,5,6,8,6,6,4,7,7,49
FVLAC6J5E,TSIPAD,0RVUANVB3,さやさやびー,1111,0,8116,394970,7,7,8,5,6,7,10,10,60
B353CMTK6,マンボウ,X7YM9EG8K,伝統の石川地酒,399,0,8116,394970,3,6,6,7,2,5,3,6,38
4DB6SIL32,デヘラー,Y7KJ3PM8P,蓮すきすき同好会,1401,2,8118,394880,10,8,8,9,10,10,10,10,75
0L8V9DVI1,シャヨ,414CEUPEH,アフター見よう！,864,3,8118,394880,1,1,1,1,1,1,7,1,14
70X3BJO3I,ローズ,M8FM7P139,蓮ノ空ひとり旅部,1011,5,8120,394700,4,4,5,5,6,5,7,5,41
QXK1EBSEF,ななせ6号,WE4AB37FP,めぐ党,1051,12,8121,394610,1,4,4,8,7,7,7,7,45
43X1LM9RM,kumatani,W3UUXHMDV,水彩ブーケ,1231,9,8121,394610,4,4,5,7,10,7,9,10,56
N1LDED28F,水,EYEPHE14G,花上梢頭,791,2,8123,394430,6,4,10,4,4,5,6,7,46
1IZMAONZ7,ふー,LFB48H6MU,超初心者の会,682,0,8123,394430,4,4,4,4,4,4,3,4,31
VX6BR1C5C,やわらぎ,8VGXWTV3U,R.opRizm,577,0,8125,394340,3,1,5,4,2,4,2,1,22
FRTIG3OBD,hmm,N83DW3NYG,†極最強倶楽部†,370,1,8125,394340,2,6,2,1,2,4,3,1,21
AYB846TUR,大村,77R0B759H,オオユウ,991,13,8127,394250,8,6,8,7,8,7,7,8,59
22YY2M6K0,らもーる,L3NN1RWMY,アポロベイ海賊団,1143,4,8128,394160,4,2,4,1,2,6,2,4,25
ETP7S49DD,ユッキーナ,VD7N7A4WH,氷青色,861,0,8129,394070,6,7,8,5,7,7,8,7,55
VAALUDX37,あす,VXDPPJJL1,蓮ノ空リボ課金部,783,0,8130,393890,4,4,7,4,6,5,2,1,33
BP32P8CE4,タコベイ,CYJAC1CK2,チームK,777,2,8130,393890,7,6,7,4,7,6,7,8,52
2RQY5EP7H,A級フリーター,WE4AB37FP,めぐ党,1048,7,8132,393800,6,5,5,5,6,5,7,7,46
9JJ1XVVJN,シーラ,3FF3NB77X,せーはす愛好会,281,0,8133,393620,8,10,10,7,8,8,8,8,67
0KJMU0G0W,希奈,KXB93FVTR,ブルームガーデン,415,0,8134,393530,2,3,3,2,3,4,5,4,26
27XHCEVK6,ぬめ,G6EH0KHT7,なんもわからん,744,0,8135,393350,7,7,9,2,7,2,8,8,50
FRT1IXANI,kazukix,L1VGJTD5P,蓮ノ空お茶会部,1176,12,8135,393350,5,6,8,8,6,5,7,8,53
BKT8FKOKM,まつ,JVUNVCT8P,梢先輩のASMR,799,0,8137,393260,4,4,1,4,1,1,2,4,21
99AGGL0OG,まはろ,26JDLMBLN,徒町は強く生きる,930,4,8138,393170,1,5,5,4,6,3,4,4,32
JVLA2TG96,S,NA8FEYN0M,蓮ノ空飲酒クラブ,1068,2,8138,393170,7,7,8,7,7,8,8,8,60
JN2SO5GNA,うまのひと,J5FJNX88N,無言,782,0,8140,393080,7,7,9,6,6,5,7,4,51
ED3EM7U91,ランタン,PRY4573W6,報酬用,1008,2,8141,392990,4,4,5,7,6,6,7,9,48
PBD8BXSG1,のりあき,T4WY63DB9,ういのま,1201,1,8142,392900,5,4,7,4,7,4,10,9,50
KN73PF1TL,姫芽愛強い人,FK5MUK0ET,くる♡すきクラブ,1185,15,8143,392810,1,4,4,4,2,1,2,4,22
05U38Y0D3,結,XXVVJY6FE,はぴぱれ,124,0,8144,392720,3,3,5,3,2,5,4,1,26
TLMXGVAF3,たちぇ,CJWR9P8LM,花帆さん愛でる会,903,1,8144,392720,4,6,6,6,6,9,7,7,51
EN68LG2H2,桜花,U1X8XUL9G,イベント用？,775,2,8146,392630,4,2,2,1,2,1,3,1,16
DIBQZQ1EF,アヤメ,7R8NKPAB1,花帆推し倶楽部,1195,8,8147,392450,7,5,5,6,8,7,6,9,53
BC1RMJ1P6,たけお,R3UE4PGCE,うさぎ小屋,222,0,8148,392360,8,7,8,8,7,6,6,10,60
4HLTOVZ0Q,カナ,12D1Y66C8,どうしようか,1059,2,8149,392270,5,5,8,5,5,4,5,5,42
DJRZFAW0U,ジャン,EKACCPWWB,タフノ空学院,981,0,8150,392180,1,1,2,1,1,1,2,1,10
2SI4NIZBZ,皆叶 侑,P3RALDKT1,アイドル研究部,969,5,8151,392090,7,5,8,5,7,7,5,7,51
D7ES66HNI,ナマズ☆レイブン,UYCT3Y4JK,蓮っ子,893,5,8152,391910,5,8,10,4,8,9,7,5,56
EEEC68BAH,ホーリーナイト,LHXNEF3D5,まるまるサークル,607,0,8152,391910,6,7,7,4,7,6,10,10,57
4FYLWZ7OO,レザ,D52G2F1HV,いな民リンクラ部,872,0,8154,391820,5,3,2,5,6,6,3,1,31
CFUH069J7,kaho1455,8K4V9DVNX,F2Pcrcle,653,2,8155,391730,8,3,8,4,1,7,1,7,39
MSY645YUB,いい,F2M746D4B,頑張らないクラブ,1193,12,8156,391640,7,7,8,7,8,7,8,7,59
RGTWOE4YX,氷華,VY26V3P0K,AltF4され隊,884,3,8157,391460,4,4,9,7,8,8,8,5,53
TMGWH8AYN,梅,K4EGD5V86,京大LL研究会,599,5,8158,391280,1,2,10,1,2,10,1,1,28
13LLEE3VY,コロン,FTY0R8KPH,泥の皆様,1326,8,8159,391190,8,7,10,7,9,8,3,6,58
2WDPB5R3R,なう,YVF1V2AH6,蓮ノ空全共闘,166,0,8160,391100,2,3,1,1,2,1,2,4,16
OGOGGLUSX,剣乃,NB0HX9KP8,かほてぃあん,976,0,8160,391100,6,7,7,4,6,5,7,7,49
CA4YKPTCV,めいらん,HKETDDCK6,ぼっちざ蓮!!,879,3,8162,391010,4,4,4,1,2,2,6,1,24
R9RUU3RT5,Iris,0L7A849RH,仮,1040,7,8162,391010,6,6,7,5,7,7,7,9,54
7YZAOKRY8,にゃこ。,R9NGK6L48,のんびりサークル,1129,4,8164,390920,7,6,8,5,7,7,8,8,56
3219FE0RH,たまじろう,M7P8X9C0U,まったり牧場,344,0,8165,390830,8,3,9,7,4,4,1,1,37
HX65MV0AV,球磨川 禊,TTDBXERCU,蓮ノ空 全力応援,428,0,8166,390740,1,1,2,1,1,1,4,1,12
CMOJLVX3Z,いち太,UVK38MFR2,蓮の虚無サー,1264,9,8166,390740,8,7,9,6,7,7,4,7,55
UBU1EWLBY,kozue,DKNHY5HH6,なす料理研究会,662,0,8168,390650,5,4,8,5,6,5,8,8,49
QUGYQH3ST,中村,WAT20PN3Y,こな党,1352,18,8169,390560,8,6,9,1,10,5,10,10,59
4JIC2Z1TJ,こえび,J62DRC7J5,蓮ノ空好き好き会,917,1,8169,390560,3,1,1,1,2,4,4,1,17
CF5AWYLYM,guradius,V7768X8AC,せーので！,1052,5,8171,390470,5,5,8,6,8,8,7,8,55
8483070HL,kout,TYWNJU3WV,自由,408,2,8172,390380,5,9,1,1,2,1,2,1,22
PXV17FDVZ,まわりんこ,W3UUXHMDV,水彩ブーケ,1135,12,8173,390200,7,6,8,5,6,5,5,8,50
J9554U643,みさおちゃん,Y8GC9UAGM,ひそかに,1197,11,8174,390110,9,7,10,7,9,9,8,9,68
ZGRU9SHA4,Masa,A73H7ENN2,エロマンガ同好会,1011,2,8175,390020,2,2,8,1,2,2,4,1,22
3APTKYWGQ,リコ,CV62FGL1U,花咲かせ隊,987,8,8175,390020,4,5,7,5,7,7,6,7,48
GNQW1TM6C,こっこ,MC5J1MV11,十四番隊,1041,6,8177,389930,5,4,7,5,5,5,6,7,44
BYWFT45MD,マークアレス,HGVHHB78D,蓮ノ空写真部,435,0,8178,389840,7,2,5,5,2,1,4,4,30
R2P27DXDH,ぽちさん,F7Y0XP6VY,梢先輩大好き軍,947,6,8179,389750,3,2,5,1,2,2,3,1,19
KJWG2F1VM,らうんど,4JEY5APBM,ウイ憂初WIN,421,2,8180,389660,6,2,4,6,4,1,5,4,32
B1FF27BYY,Deer,DJC4WJXGV,無言出入り自由,184,0,8181,389570,9,8,6,8,2,2,5,5,45
L04WLT31W,マカロニG,7NTW9458F,料亭さやかほ処,1061,0,8182,389480,2,3,2,1,1,1,2,1,13
6G4G5XLQR,くるみ,TM19BMU7C,ソロプレイヤーズ,982,3,8182,389480,6,2,8,7,7,8,8,7,53
5U0MXNAH3,takashi,89K9Y7MX7,初心者歓迎,587,0,8182,389480,8,9,7,5,7,5,7,7,55
P2AJTNYBG,ダイソン,2PVYU5V33,ライブに行き隊,696,0,8185,389390,4,4,4,1,2,1,2,1,19
VFI4QY3RE,とらまる,E76N52LMW,イベントのみ,821,0,8186,389300,9,5,7,10,3,2,6,5,47
3SHRSWSL2,ratam,JU476V6K9,ポチッ！,1015,0,8187,389210,1,1,7,5,4,4,2,5,29
WR6EAO9WV,banken7,8L4UUJTAN,ばんちゃん組,1013,5,8188,389120,7,6,8,7,8,8,5,7,56
RM78Y3VY7,黒澤堕イヤ,UMG1B9C7V,蓮ノ空女学院,615,0,8189,389030,1,5,1,5,6,1,3,1,23
6K3KUG7CG,iroha,K69M1X95F,アイリス,887,0,8190,388940,8,7,7,5,6,6,6,7,52
EXI22U5ZR,R,B2KV0EVPD,蓮ちゅきクラブ,1446,7,8191,388850,4,5,4,2,8,1,2,4,30
M9U4IMK8I,莉朱,AXGGJ4EJ1,所属だけしたい部,482,0,8192,388760,1,2,4,2,2,1,6,1,19
DVSUURRWY,Ibarata,MVMP6NNXD,空き時間らくがき,1110,12,8192,388760,1,4,4,9,6,4,7,4,39
J1UPMXEK3,じょー,74HPWML1R,VALORANT,1086,12,8194,388670,10,10,10,7,8,8,8,8,69
HR7E7M8PO,こなたん,G2WL65JFE,さやかなた,1060,5,8195,388580,5,7,8,4,6,4,10,10,54
8R7R9NWV3,ユミル,07JW71HWG,良いチケで観よう,122,0,8195,388580,9,10,8,6,6,5,3,1,48
RVJKCLMH2,銀華,HN777M51H,今泉総本舗,1417,2,8197,388490,8,8,9,7,8,8,7,9,64
4TGPELCUJ,メルファ,XHJLF3R8H,ゆったりプレイ,867,0,8198,388400,6,4,8,4,4,4,7,7,44
BMUK2E32Y,風音,2L8R7GAV6,大賀美組,1116,4,8199,388310,9,7,8,9,6,8,9,8,64
KO204U2QH,黒曜石は砕けない,KND3T7056,ぽかぽかモガの村,1551,15,8199,388310,4,5,6,4,6,4,7,10,46
KUG6R562V,ふぇぇさん,J0PT5EX42,スクスタモ部,371,0,8199,388310,10,2,9,10,2,1,4,10,48
VVAA5R3UK,すー,N8L41JAA7,無言 ノルマなし,1328,15,8202,388220,5,7,7,4,6,5,6,5,45
P62BZDWCS,あいら,59AK7LJ7A,とりあえず,1275,15,8203,388130,10,10,10,9,10,10,10,10,79
7AL3M86BL,あ太郎,GXAE7AM9U,酔うソロ～,789,2,8204,388040,4,4,7,5,5,4,7,1,37
ZPA0I3PHI,ユキ,F90XW14UP,のんびりプレイ,616,0,8204,388040,7,6,8,7,9,8,7,7,59
9R5JGBAT0,テンペスタス,E58EXVMJU,ボクがんばる。,790,0,8206,387950,4,4,7,4,4,4,7,4,38
942EMUNFY,マリンカリン,F7CMT794K,アルナシエン,886,1,8207,387770,8,8,9,1,2,7,10,10,55
DXG5TC512,Aile,5PUKC4APK,羅針盤,591,0,8207,387770,4,10,9,6,6,6,7,5,53
YH7KW4OYV,よっしー,AKMHE88E0,ぼっち,1009,11,8209,387680,5,4,6,3,7,10,7,9,51
73MD83B04,干潟デス,PV0H53DEC,Leave me,759,1,8210,387590,2,5,8,1,2,3,2,1,24
KJBKR1TYM,レイヴン,VXDPPJJL1,蓮ノ空リボ課金部,895,4,8210,387590,4,3,4,1,5,2,4,4,27
PV6C2HCV3,日野下 梢,NC2YT2V28,蓮之愛同予者何人,1307,17,8212,387500,10,10,9,10,10,10,9,7,75
ELXDDXWM1,ハマモン,F2M746D4B,頑張らないクラブ,913,4,8213,387410,7,10,10,8,10,10,10,8,73
7K3U5DDF9,ごっちん,FK8EUX6V3,ゆったり蓮ノ空部,738,0,8214,387320,3,1,1,2,3,1,3,1,15
D7WMA5YFY,三船　栞男,CCACL2CMM,無限城,366,0,8215,387050,9,6,8,9,6,5,8,9,60
Y16V5J5JA,ほとこころ,LUDNM40F8,ふくふく無言OK,1110,2,8216,386960,8,7,8,7,7,7,6,7,57
E2XXVGU0C,みき,ABU58EVJ2,Quatuor,790,0,8217,386780,7,5,7,4,6,6,8,5,48
YMM9JPB5Y,Raichi,KGDNX3EF3,ENcircle,971,6,8218,386690,9,8,8,7,10,6,8,7,63
R1J304VDP,zoom,P0D1M8CBT,いったん,1130,4,8219,386600,4,4,5,4,6,8,5,10,46
5K0GLNFQ7,えいき,GJ9C8YJE2,蓮ノ空大好き部,737,0,8220,386510,1,1,1,4,4,4,5,4,24
4AO0G1KF7,セラス・徒町・L,26JDLMBLN,徒町は強く生きる,1083,7,8221,386420,5,5,6,5,6,7,8,10,52
GVALXPK3F,イチゴニャミント,C021HVB2B,第3芸能科,161,0,8222,386330,3,3,1,2,4,2,2,2,19
K25B9KJ51,るぬ,1YLFFXC1E,安土桃山時代,805,2,8222,386330,4,1,2,6,5,4,8,7,37
7H61HWF0G,みかん,PMME7169X,蓮っ子動物園,604,2,8224,386240,3,2,4,4,3,2,5,1,24
7WPUXD786,メグム,C52VR77BJ,イベント参加用,442,0,8225,386150,7,3,6,6,3,6,3,1,35
RFZT1N2C7,こな,HB9AU9DJJ,聖心党,1029,0,8225,386150,4,4,7,4,6,4,8,7,44
YLBYPNKNR,りなりー,DHKUGEWBJ,めぐ党虹ヶ咲支部,837,2,8225,386150,1,5,8,5,4,6,8,5,42
C274ZSJU7,シー,H0DV3JJGA,かほさやてぇてぇ,798,2,8228,386060,1,6,8,5,6,4,3,8,41
ZY8747WQT,みらい,CXG25026E,泥のみんなS,1106,15,8229,385970,5,3,1,4,8,5,3,7,36
JX3N8TC0X,YUKA,T2G89JA59,なんとかなる！,656,0,8230,385880,4,4,8,7,7,6,6,5,47
R8L65I5P6,クリム,NMFBD39FM,蓮ノ空分室,734,0,8231,385700,7,4,8,5,5,4,2,1,36
8I879SG6X,ぽんこつ,R083H7WRN,サークル無言,1063,11,8232,385610,4,4,1,8,6,4,8,9,44
196S468J4,いぶき,4RY75CKM4,LLすこ部　メ募,1098,10,8233,385520,5,5,7,7,7,7,6,7,51
YK65G24XC,Y,ULUELCJ7T,なるようになる？,1014,2,8234,385430,5,5,5,5,6,6,6,4,42
ERRN2SUVD,わたあめ,K2L5DCVNR,REAL,1191,12,8234,385430,8,7,7,6,7,7,8,9,59
BUHV09E6T,邪眼の魔法陣,U25M5KVHA,睡眠障害ーズ,914,5,8236,385340,6,4,7,4,4,1,2,4,32
1WT4QCO0G,みずな,JE7V5MM31,蓮ノ沼に沈んだ泥,1068,4,8237,385250,1,1,4,1,4,1,6,1,19
A3J8RATA9,いずみ,YVV9CMBLW,東京公演で沼落ち,457,0,8238,385160,6,6,4,7,6,5,4,8,46
XTWQJ2S6C,ナッツ,C0NDBKMRB,すりぃずぶぅ家,1069,2,8239,385070,7,6,5,7,6,8,9,8,56
DCEQHC377,Mr.A,4FCR6BCNX,スマイル,1037,3,8240,384980,10,6,9,4,5,5,5,5,49
M7WK9JT32,くまさん,8FR866PRY,蓮っ子みらくラブ,959,3,8241,384890,4,3,7,4,8,5,8,3,42
U87AMB2VH,Claw,4LU50R56J,誰でもOK,236,0,8241,384890,9,8,6,7,6,1,5,5,47
Y0YHX0E46,凛として時雨,VNEY6C9BE,スリーマーメイド,639,0,8243,384800,8,8,6,6,5,2,7,5,47
H9X0053TM,うすしお,AC94W0LN2,無言で自由に,584,0,8244,384710,3,10,6,4,7,1,6,6,43
2C5LPLL33,みそらむね,K6KU7R80W,そろ,314,0,8245,384620,3,5,5,4,5,6,4,4,36
RVT89GBBV,さけこころ,WLLWJ8ADP,乙宗筋肉サークル,941,5,8246,384530,1,1,1,4,2,1,2,5,17
FL8VTD6JW,こと,KULVP7FDR,アニマル分室,908,1,8246,384530,6,6,9,5,6,5,7,8,52
AVHCRJNN6,なお,LX25CP0TG,深夜の芋煮処,972,0,8248,384440,4,6,7,4,7,7,6,8,49
H3K8LEH2F,遥か,6E27A15ER,蓮ノ空自由クラブ,760,7,8249,384350,1,8,3,1,2,4,5,1,25
CCHW46Q9P,さーもん。,1VHNJJHG0,さーもん党。,979,9,8250,384170,2,8,7,2,7,10,6,9,51
OQVSWE4UG,吉川瑞希,9P9EPKFHE,無言参加OK,1198,5,8250,384170,6,8,9,7,6,7,8,7,58
9XDJXR024,シャチ天,GN9EEL045,きらくに,417,0,8252,384080,2,2,1,2,2,2,4,1,16
N1DJH31JW,冰雨,H1LTYMK0B,花帆が可愛いの会,1185,18,8253,383900,4,5,6,4,5,6,10,10,50
47U8ALPRE,くま,96LWYJ3Y6,無言絡みなし,916,2,8254,383810,5,5,5,4,7,6,4,7,43
9FPKTZPHG,じょー,96LWYJ3Y6,無言絡みなし,914,2,8255,383720,4,5,9,5,4,4,6,9,46
0AJAECRTY,イレイナ,B4ADNM80X,山本組,446,0,8256,383630,7,6,5,1,7,5,6,8,45
94WO1N00N,りょう,F2M746D4B,頑張らないクラブ,1028,6,8257,383540,5,4,5,5,6,5,6,8,44
EWILPGQRY,みんかな,GN9EEL045,きらくに,883,4,8258,383450,5,6,3,7,4,5,3,4,37
MB0WC3A18,yu,BEUGE1GV8,仮,577,1,8259,383360,6,10,5,5,7,4,6,4,47
Q2CH26NBP,むせる,T8X0G07YB,なければ立てる！,1108,8,8260,383270,4,2,7,5,6,4,6,7,41
5T57VL8MF,YNGDシン,FK5MUK0ET,くる♡すきクラブ,1399,14,8261,383180,10,9,10,8,10,10,10,10,77
XH8YBK7X1,アイマスP,25PMPEMG7,星見プロ,1333,16,8262,383090,10,9,8,7,9,8,7,10,68
5X5K02YXU,黒澤サファイア,FNMV166UY,蓮ノ空喫茶部,1104,4,8263,383000,8,8,8,6,8,8,6,6,58
118WW4RSW,赤獅子,PWK02KG0F,メメントの森公園,555,2,8263,383000,3,1,2,1,5,4,3,5,24
H70XEGBVR,ウソのゴサンパチ,GN9EEL045,きらくに,276,0,8265,382910,1,1,4,1,4,1,4,4,20
1FJDDPKG3,あくまち,NLTAB4BLF,蓮ノ空ゆる活動部,666,3,8266,382820,1,10,6,1,2,10,4,5,39
GGAXX31CY,Kiseki,TFGKYEY98,LLP JR,277,0,8267,382730,10,7,8,10,7,4,4,10,60
PHA11LU4R,SHIDA,HMBW9DXY2,蓮好き皆あつまれ,1135,9,8268,382640,8,8,8,6,7,6,6,8,57
CV05XJ57P,お花丸,T045NDKW0,♬さやか愛好会♬,1037,2,8269,382460,1,8,5,1,9,3,7,5,39
UD6F8OXH8,しろねこ,0CEA9XFKR,蓮ノ空の泥人会,804,3,8270,382370,9,1,5,4,4,1,7,5,36
YXME2EXS3,モーニング塩辛,8M6UDX260,ぽけもん好き,961,2,8271,382280,9,7,7,10,10,8,10,10,71
5LW7VTGNJ,りゅうき,J5CKL5YPX,ログイン勢かもん,489,0,8271,382280,7,8,9,8,7,10,8,7,64
5W27EXMWP,完熟モモコ,3RH5MYBXV,こずめぐ党,335,0,8271,382280,2,1,2,2,2,1,4,1,15
P7YN8NHF7,fedal,XA0XD41CM,ぼっちぼっち,1017,7,8274,382190,7,3,6,2,9,7,7,3,44
Y0P4LWYY4,みゅら,B1KYU3XF8,LG lotus,1370,15,8275,382100,10,10,10,10,10,9,10,10,79
PM2B5D4HC,まな,0V75M00RK,ネオヴェネツィア,965,9,8276,382010,10,10,10,7,8,10,8,7,70
790R5MUEX,緑茶,HH93ADAW3,無言自由。,523,0,8277,381920,4,3,4,3,7,4,3,1,29
R13OARJ8A,Alex_Rin,18YYNRFGA,LotusSky,800,0,8278,381830,3,7,7,4,3,5,9,7,45
45U0KB554,はねすけ,UHF5Y8PEF,さやちゃん倶楽部,646,0,8279,381740,1,1,6,4,3,8,4,4,31
2HX308PNH,swfans,7MXXR7UBG,放課後リンクラ部,153,0,8280,381650,5,6,7,2,4,5,4,6,39
X3LCMYH78,ｸｭﾜﾜﾜ~ﾝ,LUBV8WC82,めうめう,1001,3,8281,381470,7,6,5,5,8,7,4,6,48
I7DW3DW6N,とくめいこさん,NFMEGRJ45,社畜無言サークル,1102,13,8282,381380,2,5,5,1,5,9,9,9,45
XKNDFW2YV,ノコ,8M2MFU9U0,リンクライブ,1300,6,8283,381290,10,10,10,8,10,8,9,10,75
SPB7V8ZPN,レヴィアタン,K4TAHF9YA,はすっこ準備室,1144,13,8284,381200,7,7,5,8,6,8,7,8,56
APEEADBAQ,hanaron,4RATY4E84,DC大好きクラブ,1010,7,8284,381200,5,7,5,4,8,5,7,7,48
6RL6QTOF7,小路,4NFMU2WME,好きだかんな？,534,0,8286,381110,1,2,10,1,2,3,2,5,26
GBW6XWS26,なごの,GH8KWPU3G,ngn,1356,0,8287,381020,10,8,9,9,10,10,7,8,71
E2EJB7R0L,冷奴,UX96YX4T1,『位置について』,554,2,8287,381020,4,6,6,8,6,7,7,8,52
0MQZ69EVO,かふぇ,KDXBTCTXB,かりかりくん,1075,10,8289,380930,1,5,6,10,6,9,9,5,51
G5LB3VNP0,ましゅろ,L6MF2MPBN,みらくらぱーく党,627,2,8290,380840,6,8,7,7,6,6,7,7,54
6DNV8U5DW,あきえもん,J44XXU43T,みらくら教,620,0,8291,380750,5,3,5,5,4,4,7,4,37
D79U275HW,初,UX96YX4T1,『位置について』,274,0,8292,380660,5,5,4,2,4,1,4,1,26
ED476G6B0,しのすけ,VF517JBVB,無言でいいよ。,1396,1,8292,380660,8,9,7,6,8,5,7,9,59
E8ANHAYC5,Reiko☆,PH0YEPJD8,蓮ノ空北國金沢,1063,13,8294,380570,6,1,6,7,7,7,7,8,49
XCRBTYZBK,KOS_MOS,38KAJGDGU,異次元シャニP,1292,3,8294,380570,5,2,4,5,6,5,10,9,46
NCXCGZQC3,Hajime,BT3GEWM5L,ささやか村の集い,1104,2,8296,380480,4,4,7,5,7,7,9,9,52
EHKVPF1A0,みなぎ,V29NBHRHL,自由気ままに,1054,7,8297,380300,7,6,7,6,6,8,5,7,52
7F8HKKE6Y,るいど,T8X0G07YB,なければ立てる！,993,0,8297,380300,1,2,7,5,4,4,7,5,35
R8N2FYBKT,よう,NLPP2YUF9,秘密倶楽部,651,0,8299,380210,1,4,4,1,3,5,4,9,31
2NXT8CE1N,しろいの,BPFAT416J,さやかわいい,306,0,8300,380120,3,6,2,4,2,1,6,7,31
87SOZSTDS,ハレクモ,HWMV33W7Y,フラワー泥民館,1154,18,8300,380120,7,8,7,5,6,5,10,10,58
KLY7L26RX,ヴィーナス,2CRT48K9F,百万アンペア,330,0,8302,380030,3,4,4,1,8,1,3,6,30
ATHEJW5VC,まやニキ,PE34YVY4K,ありがとう梢先輩,1089,4,8303,379940,8,5,7,5,7,7,9,9,57
NWJJ12UBP,りーすけ,6FWRD1K40,いちじょ海賊団,298,0,8304,379850,6,4,7,3,4,3,4,3,34
RN3P3WDY7,さたお,N1JM7M3YC,丘側,1171,4,8305,379760,1,1,7,5,4,4,2,5,29
4L1M04G7P,ユウ,JRAC1HYUD,SPHS-MMT,222,0,8306,379670,4,1,5,1,2,1,4,1,19
H1E7FK9KU,チャオプラヤ,2DYYAPFVN,蓮っ子村,1064,2,8307,379580,5,8,9,4,6,6,10,9,57
2C6LUTXAP,ゆうきゃん,9XNH0HDBN,蓮ノ空∞園芸部,616,1,8308,379310,7,5,8,5,8,7,6,1,47
BKQYVRHWJ,TAKa,D883F4F9A,フラワー(仮),965,4,8309,379220,1,1,1,2,2,1,3,2,13
UAN55ZHCX,水林清也,7MPNTWKTN,Dreamers,1188,9,8310,379130,6,6,8,8,6,7,6,7,54
8PLTD4PHC,Cacao,097DY95E8,無名,1050,0,8311,379040,4,5,7,4,6,5,8,7,46
H3PULNW16,Kagami,BEMED3RY1,無言無課金ok,1056,17,8312,378950,1,5,4,4,7,6,10,10,47
B8WHJTA59,ドラハム,NLTAB4BLF,蓮ノ空ゆる活動部,716,0,8312,378950,5,7,8,8,4,5,5,5,47
BG39OTYMA,アリス,57HNJ07NK,みらぱ推活最前列,1109,12,8314,378860,6,6,8,6,7,4,8,8,53
TXW03NAR8,Tsuya,AND13836G,乙宗梢親衛隊,997,12,8314,378860,4,5,9,7,5,6,8,7,51
DYRRW9FN1,雪輝,W2HEPMM2A,無言。ぼっち。,996,13,8316,378770,5,6,10,7,8,7,7,7,57
567BDF4ND,きっちょむ,C0NDBKMRB,すりぃずぶぅ家,1040,0,8317,378680,4,5,5,4,7,5,7,8,45
8HBTV376U,いのまる,JH5FX56N2,のんびり,201,0,8318,378590,8,6,9,5,6,4,3,1,42
D8FE4UNP6,くろ,3YWMY4JVN,82プロ,821,4,8319,378410,1,3,10,4,4,4,3,1,30
LFG8MUL5Y,Shang,J83JWJ028,大ㄇㄚˊ露營區,496,2,8319,378410,9,3,2,9,4,4,4,1,36
8RP1J54FD,菊花亭,FHN78V2DJ,無言でどうぞ,808,4,8319,378410,4,3,1,4,6,7,3,1,29
VYX7V3ULJ,天海,1J1PMAJ90,加賀藩,950,9,8322,378320,1,2,7,5,6,4,8,4,37
LW4TAC2P9,夢香,E12PR824F,ゆるっと蓮ノ空,1250,13,8323,378230,9,9,9,7,8,9,9,10,70
O8PZ2OVKE,はやて,JRAC1HYUD,SPHS-MMT,952,1,8324,378140,2,5,1,4,6,5,7,5,35
RY0H8KJSG,トーマス,LEVHY76NL,トップハムハット,980,0,8325,378050,5,7,8,6,4,4,5,7,46
FCR56KEB1,Ayuri♡吟子,N83DW3NYG,†極最強倶楽部†,721,3,8326,377960,2,3,4,2,3,1,5,1,21
KACEH4J7E,リモ,60KU468X3,はっすーず,785,1,8327,377870,5,4,4,4,4,4,4,8,37
HB22TA942,幾千の夜,VNEJ2RNW0,まったりんくら,768,2,8327,377870,4,3,7,5,4,1,7,7,38
0KVSYEBVN,ちろまる,KW0RM1LEP,はすっこくらぶ,1295,4,8329,377780,5,6,7,8,9,8,7,8,58
BGK4FCKVB,かへたん,XE8513HNP,喫茶カワウ空✨,1055,3,8330,377690,8,7,8,4,7,5,7,8,54
GQCKJ7OUD,いちはな,RNJ306W6N,日曜日よりの使者,1009,8,8331,377600,7,6,8,8,6,6,7,5,53
PJLS7NV8H,To-.,60KU468X3,はっすーず,1090,2,8332,377510,7,5,5,5,7,7,9,9,54
7JKY6A6T8,とりまる,2JVBK752G,卍愛蓮説卍,972,13,8333,377420,5,6,8,5,4,4,7,8,47
MHF0UL40G,けんおう,8GAY2WBT6,(・8・),1310,6,8334,377330,9,8,9,7,8,8,10,10,69
YUL8Z4IQG,さくらふけい,D7UA5ER1E,UR報酬欲しい！,670,0,8334,377330,1,1,1,1,2,1,3,1,11
K6CG67XKH,ごまちゃん。,M1DLCR0R8,花帆護サークル,928,2,8336,377060,5,9,6,8,7,6,6,6,53
YME5E0BA1,詩曙,AWFDLJ1HC,小蓮花（重生版x,550,0,8337,376970,4,4,1,1,1,3,4,1,19
JLY3RZCEA,ひさしん,XLBU65J86,花の壁飾りクラブ,1344,3,8338,376790,9,9,9,7,9,8,8,9,68
AB310C9K2,なばな,FE282F3VH,天悶部,1018,1,8338,376790,5,7,9,7,8,9,7,8,60
DBNK5AWXC,まっきー,MUXWTW1GV,蓮の空見守り隊,539,1,8340,376700,8,8,4,1,2,4,7,9,43
V9RNSMWIM,いかわ,HBCC35887,そりゃー!!!,1302,6,8341,376610,7,4,5,6,6,9,7,7,51
LBL7TEABX,モーニングサーブ,6C9R15BLY,スクスタ避難民,1033,1,8342,376520,8,8,8,7,8,9,7,7,62
PKCDDBE7C,心愛ここあ,N1JAJ83CA,蓮ノ空園芸部,896,5,8343,376430,4,2,1,1,2,5,4,3,22
7JKG16AYP,きるみけ,LETV4C1KG,無言の行,572,0,8343,376430,6,4,4,3,3,4,4,10,38
EDGMD2AD2,Gファルコン,A3472CNJE,ハントン✿ライス,1130,0,8345,376340,7,6,7,4,5,6,8,8,51
E4UEKRT7D,syu,W09WBG3HY,どろんちゅ,1102,6,8346,376250,7,6,10,7,8,7,7,8,60
T1BBWU0YW,みあま,5L9GNT78V,叶え！私達の◯◯,1102,10,8346,376250,7,7,9,7,6,8,8,9,61
UKRD54P03,善法寺,CMEM1LFVJ,105期生の一味,745,2,8348,376160,1,4,6,7,8,1,6,5,38
UQRHDCUCA,ソラ,M49MMBK4F,スリーズパーク,916,2,8349,375980,4,4,5,5,4,4,6,8,40
0DJ374X37,ぶーもり,N7J2R9JDN,ログイン目標勢!,411,0,8350,375890,5,5,10,4,4,9,5,2,44
XFUBZXC8B,kazu,RGR1NVGWH,無言推奨・自由村,940,1,8351,375800,1,1,9,2,9,1,6,6,35
K3VE0YA9U,みっくりえーしょ,FCPHKWR7G,麺のびリンクラ支,983,8,8352,375710,4,5,7,6,6,6,6,7,47
11UU1KWRF,ぬー,KT4C59NXG,めぐ島,1028,2,8352,375710,5,6,6,4,6,6,6,7,46
U85MJB11L,アラシ,GR65FP8VN,蓮好き,716,0,8354,375620,8,6,9,5,6,6,7,7,54
S2HJH365X,わわわ,L10A3854K,ラベンジャー部,1350,5,8355,375530,7,6,8,6,7,7,7,6,54
06NJ55D8E,青山千夜,BELCUYCMH,蓮hkg香港分部,642,0,8356,375440,6,4,7,4,6,5,6,4,42
AVFWUVW7C,マークセッター,23PGPJ3NV,蓮ビギナーの集い,927,6,8357,375350,1,1,2,1,4,2,4,1,16
NH76ZMAQB,あいりん,5R6WFVMJ5,あいりん会,1031,11,8358,375260,3,7,7,4,6,5,6,7,45
CPH56URRG,kaka,F53AELUNC,ソロっと倶楽部,1031,11,8358,375260,7,5,8,4,7,8,9,8,56
QBW1FTHHK,パウダーシュガー,0YLUK30K6,蓮っコの集い,1061,6,8360,375170,4,4,7,1,2,1,2,1,22
53ZXP4N7F,hts,M851LEV3N,なっす父兄,953,5,8361,375080,3,6,10,6,6,1,6,5,43
7GNTRL8NY,リンカー,0YLUK30K6,蓮っコの集い,806,2,8361,375080,6,2,10,1,7,3,7,5,41
XTM7Y9Y33,Yugo,VLY5JDKCV,新規なのだけれど,979,4,8363,374990,4,7,5,6,4,4,7,7,44
K8H0O5MTX,ぬーとりあ,DF7FA982P,蓮ノ空百合部,1295,9,8364,374900,8,8,9,7,7,6,7,9,61
U5FJC0B5B,たまに,W71PEB8XY,戦慄のたまに衆,1127,10,8365,374810,4,5,8,7,6,5,7,6,48
JMVD8WZW9,アリス,Y5J5Y90CD,まるまるサークル,1208,6,8366,374720,8,8,8,6,7,8,7,7,59
JX2X9FKKO,ちくわぶ,TFGKYEY98,LLP JR,291,0,8366,374720,6,6,5,5,5,4,5,6,42
0LJ6CMYCU,ウパウパ,94401GCCP,クローズド,1124,0,8368,374630,7,8,8,5,8,8,5,8,57
HTN6PPZN5,ひな,W3YKKRWHG,ルリと愉快な一家,1238,4,8369,374540,7,7,7,4,6,6,7,7,51
L2WUTM028,やや,X87KNX4N3,蓮ノ流星群,679,2,8369,374540,4,2,4,4,4,1,5,1,25
X8UFB1K82,kirishim,7UX6117P2,重曹圖書館,1053,11,8371,374450,2,4,9,9,1,8,3,6,42
4F681CABD,ぐっじょぶ,1D7T2UXC2,無言でのんびり,849,4,8372,374360,10,4,5,7,2,2,8,7,45
TD4XDO422,Lilia☆,8WAXGK70P,CANARiA,1058,13,8373,374270,8,8,8,7,6,9,9,8,63
7YG1N7TDV,ハーパー,9R15VM25A,考え中,179,0,8373,374270,3,4,3,3,1,1,4,1,20
YUJ4AAJ7G,かぃり,XHJLF3R8H,ゆったりプレイ,1039,14,8375,374180,3,2,10,10,8,5,4,5,47
AGBBM8KBP,のりりん,RFY8A88VC,長老連合,752,6,8376,374000,1,4,4,9,4,4,5,5,36
A8JBGU5FX,ろあ！,BT22M41DV,梢花帆吟子同好会,964,2,8377,373910,6,5,7,5,6,5,7,7,48
TNUADDPH6,オレマン,ATB27G5P2,おこめ茶寮,784,0,8378,373820,1,1,1,1,2,1,2,1,10
E0YM46539,みけ姉妹,KR1MBWNCE,ぼっちざ 3rd,407,0,8379,373640,1,3,4,4,3,1,1,1,18
IXR1MFLQJ,nac,Y2P9LABR2,スクステ同好会③,1224,7,8380,373550,5,3,7,5,7,7,8,5,47
T82NULRNX,じゅんだもち,23YJ44XUE,あつまれ好好の森,393,0,8381,373460,1,2,1,1,1,1,10,10,27
YEVD2T05Z,プリン,GWGDMA3YC,初心者無言自由だ,734,3,8382,373370,1,1,1,1,2,1,4,1,12
81996LN5H,西之遠江市民,8EX9KUG3E,コズエとツヅリ,483,0,8383,373280,5,10,7,4,4,2,3,4,39
D4R0N5ZDK,うたほ,UHWA4YLWP,蓮ノ空を見守る会,1055,0,8384,373100,7,7,7,5,6,7,6,7,52
4B9CNLUDT,リンノショ,AVY8PECF0,初心者の集い,239,0,8385,373010,6,8,7,3,4,3,4,1,36
KPB1HPVY5,nada,83TGL8UMJ,しゅうまつクラブ,922,2,8385,373010,5,7,7,7,7,4,6,8,51
35EXXP04F,Flower,VGG1HM53K,のんのん日和,513,2,8387,372920,4,2,1,3,3,1,3,1,18
YDR6JY5M6,しろ,AWFDLJ1HC,小蓮花（重生版x,463,3,8387,372920,1,4,4,1,2,1,3,1,17
XKNJM2UG4,神威@,ANCNM0UPK,スクスタ適当部,868,0,8389,372830,5,5,6,5,6,7,8,8,50
BETYWV1NF,a-kou09,UKHF303L1,蓮の東東京第90,955,7,8390,372740,4,5,7,7,6,5,2,5,41
SMY5S2CUB,ユーキ,VP0K6KF0K,蓮ノ空大好き!!,1129,1,8391,372650,7,7,9,5,7,8,7,8,58
UWDYK9K4Q,わた,BXL1K0NBX,蓮のイトマ,1124,4,8392,372560,1,2,6,1,3,4,6,7,30
5XC3K26DL,ムラサン,GMKTGU0RT,フリーフラワーズ,1210,14,8393,372380,5,6,8,6,7,7,10,10,59
GN2C7CE7G,夜凪,976BY5JWK,ハルカカナタ,413,2,8394,372290,5,3,4,4,2,1,6,4,29
0C3VCU3YR,秋刀魚,MD802VP2H,専門演習F4,1031,5,8395,372200,4,3,9,7,5,4,7,7,46
J9BJE6TJ7,ピョン吉,B647MRPHR,壁の民女学院,1103,11,8396,372110,5,4,7,5,6,4,5,7,43
FCE0ELG0D,撫公,V33FGRFC4,1限目に遅刻ラブ,564,0,8397,371930,5,4,5,1,4,4,4,6,33
CLV41QVCX,だみあ,MP6R3PCAE,自分用,917,1,8398,371840,5,6,6,7,6,6,5,7,48
XLGGLGH6L,プレイローラー,07JW71HWG,良いチケで観よう,781,2,8398,371840,1,2,1,3,6,4,2,1,20
UYCB7B92H,キャベツ,KT4C59NXG,めぐ島,1116,17,8400,371660,1,1,5,4,4,4,4,5,28
P12VI80B3,卯月桃花,A3X92L6YU,お試し用サークル,1097,11,8401,371480,5,5,8,6,7,10,7,8,56
SZ6AC1Z1Z,サチカ,2VJG66JTH,まったり,1239,5,8402,371390,7,6,6,10,10,8,9,9,65
N4B35F3H9,サミュエル,7B3KWKBPX,かほめぐ至上主義,294,0,8402,371390,1,2,1,1,2,2,3,1,13
ESLB59BL1,くらうず,5KK3DFY18,MUGEN∞,1066,1,8404,371300,2,2,7,5,5,4,7,8,40
JO9LVYAXP,みっ!くら,E58FYF67C,ロータスランド,1076,1,8404,371300,8,4,7,7,8,7,7,8,56
GQEC1KPNO,柊月リツカ,RBH0YM8P2,蓮ノ空ラーメン部,1068,2,8406,371210,5,6,7,4,4,6,6,8,46
5WYDVVVA1,くつげん,5WUDLMWEP,蓮ノ空は明日ノ空,1020,3,8407,371120,4,2,7,4,6,5,8,10,46
JQ4QSOCAV,琢磨,MVRFVTGU6,無言&出入り自由,418,0,8408,370940,3,3,2,1,2,3,3,1,18
5GE9EG85T,サトチン,VFGE08PGC,みらくら推し,514,0,8409,370850,1,5,1,1,4,2,1,1,16
33VEMA2CT,アキト,1U4JN5CXB,LLユーカー部!,767,0,8410,370760,5,5,7,4,5,6,3,4,39
UMXGJHLAA,じぇい,JD541JRXE,こてっちゃん～,866,4,8411,370670,8,7,8,7,7,7,6,8,58
NW5BNTHQA,シドウ,J0PT5EX42,スクスタモ部,1136,0,8412,370580,5,4,8,1,4,4,8,1,35
2V8G7JLM3,pinsir,X33HHA9F8,アルストロメリア,995,5,8413,370400,8,8,10,9,10,9,8,8,70
1BE5776DH,Taka,39Y0R2814,蓮ノ空の隅っこ,723,0,8413,370400,7,7,9,7,7,7,8,8,60
2PXJK4J9G,青椒肉絲,N4YY3D5BM,サークル,472,0,8415,370310,4,3,6,10,2,4,5,9,43
4FY9WFTLD,ラキうん,VA6X5YNNF,スリーズ分家,962,3,8416,370220,8,7,9,7,7,8,6,7,59
AYUBPTU9E,アルベイソ,4LLW1RBP6,こずめぐ党,728,0,8417,370130,7,6,5,4,6,5,7,4,44
010TT5G5U,ぽぺがー,MLC4A3B36,AWCC,179,0,8417,370130,9,9,10,7,5,6,5,5,56
H0DL9PNDU,もぐろう,GWGDMA3YC,初心者無言自由だ,920,4,8419,369950,1,2,5,1,2,2,7,8,28
MD4DWZRXL,だすを,UVK38MFR2,蓮の虚無サー,1149,12,8420,369860,6,4,6,4,6,9,8,8,51
A3T1Y2YLB,アマルーラ,8J1GJT2BC,近畿の大金沢,1137,2,8420,369860,7,5,8,1,9,7,7,9,53
EM3H4YBND,り,1KDUBW4HB,めぐ党0番,310,2,8422,369770,2,2,5,4,6,2,4,4,29
C88B1ROPS,上月琉璃,2B97MH4YA,同じ話し何回も…,952,6,8423,369680,4,1,10,1,6,6,3,9,40
NPNP4C1J6,ポム,N1DJVPGP8,いつでも咲けるよ,1336,2,8424,369500,8,8,9,9,8,9,10,10,71
ZP8FL308E,楓,M1DLCR0R8,花帆護サークル,1057,2,8425,369410,8,4,5,6,7,7,7,5,49
KB6M78EEH,syun,T8HGV9C7U,ソロ,387,0,8426,369140,9,10,9,6,7,6,6,4,57
XAGV5GH2R,Penguin,W3UUXHMDV,水彩ブーケ,1069,7,8426,369140,5,4,8,1,6,8,8,9,49
4LZBOTBXW,ヴィータ,8JMW9G2XW,僕らのリンクラ！,921,2,8428,369050,3,7,7,1,10,2,4,1,35
VRLPAHAG0,tokyo,DN2UB7JMG,異次元のP達,926,5,8428,369050,5,7,5,8,5,4,5,7,46
EGWS3UOIQ,アイシア,LB0K3MHND,フラワー,1291,7,8430,368960,9,2,5,1,8,5,7,10,47
12NCD1C51,桔梗,2AUM7L9BW,蓮初心者クラブ,955,8,8431,368870,8,6,7,6,4,10,2,8,51
P9P8RWLV7,hychow,N8L41JAA7,無言 ノルマなし,1226,9,8432,368780,7,4,7,4,6,7,8,4,47
O0TPE4206,ひさか,F2CFWVMY9,藤島め組,1222,3,8433,368690,7,6,7,6,7,7,7,8,55
CDYNNHKHB,ユナ,LJ5EDV86D,ユナ個人用,364,0,8433,368690,7,8,9,8,6,7,7,8,60
HKWFFW93T,にこにこ星人,YTK29NJ0X,よく分からん会,502,2,8435,368600,5,2,1,2,4,2,3,4,23
F6AJ2DWE5,やーやー,3FF3NB77X,せーはす愛好会,1133,7,8436,368510,4,1,8,6,4,9,10,10,52
GLILGNT8Y,株さん,M851LEV3N,なっす父兄,1090,9,8437,368420,2,2,1,6,8,5,5,7,36
AX33H378G,情けない春,T045NDKW0,♬さやか愛好会♬,842,4,8438,368330,7,1,9,5,5,4,6,7,44
9ANG18HNL,うめきち,XXVVJY6FE,はぴぱれ,720,2,8439,368240,10,7,8,6,6,5,7,7,56
CKDAKOIPM,アクセス,T045NDKW0,♬さやか愛好会♬,1261,17,8440,368150,7,10,10,9,10,9,10,10,75
7VXMC97W3,ぴよしん,B2AN1PT0N,417,1005,3,8441,368060,7,6,5,5,7,6,6,5,47
CU1M0EM8A,遙旭,V6DV6KETG,梢好き好きクラブ,1233,9,8442,367970,7,6,7,5,7,7,8,7,54
JZR5N78TA,けけ,KA652DGYV,ゆるリンクラ,432,1,8442,367970,4,5,6,5,4,4,4,1,33
KN805MMVW,しぐま,W3UUXHMDV,水彩ブーケ,1197,0,8444,367880,8,7,8,4,7,7,7,8,56
J56PF3Q4N,つるひと,K25DPPGT9,圧倒的にまったり,676,0,8445,367790,10,7,4,1,4,1,4,4,35
RP7TVL69K,ちょく,9GDHWXGVG,ルリと花咲く毎日,860,2,8446,367700,4,6,7,7,6,4,2,8,44
PA5U6K5H1,ktzk,N94LEWF2D,無言よわよわの会,729,0,8447,367610,1,2,1,4,1,1,5,4,19
59C1PJ2NW,シヴェ・リア,427WENUC4,心の癒し～蓮ノ空,420,0,8448,367520,1,1,1,1,1,1,2,1,9
YRU19UXNE,ぜっちん,4FN0KWB4G,無言参加大歓迎！,764,0,8449,367430,8,6,9,4,6,5,8,5,51
LCLJ2BX1X,賜蓮,J5CKL5YPX,ログイン勢かもん,723,0,8449,367430,7,10,8,4,1,4,7,5,46
46617987D,十六夜 セツナ,23YJ44XUE,あつまれ好好の森,961,4,8451,367160,5,5,4,7,7,7,6,8,49
UJ96N5M0B,コウ,JH5FX56N2,のんびり,909,3,8452,366980,2,4,7,4,2,1,2,8,30
U2U0TEJRI,みそ,R9T0YKDW8,バブまち応援隊,993,13,8453,366890,1,3,1,9,1,9,2,1,27
WF3ND8JPU,とーふ,CJ4L9MBRN,とーふの個人用,783,1,8453,366890,4,4,5,5,4,5,5,5,37
4BFHGIQDU,抹茶塩,0CWLHPYY3,茶房 瑞蓮庵,1050,1,8455,366800,7,5,6,6,5,6,10,10,55
40VBHF4CB,チヘイ,GGK2P93JK,きゃらめる,371,0,8456,366710,6,7,7,2,6,7,6,6,47
8KB1H63JR,ちむんちょ,AVX749PPB,姫芽ちゃん親衛隊,858,4,8456,366710,6,6,10,7,10,4,8,10,61
UDY85IZD6,イリヤ,60D1TTYTV,無言自由会,981,0,8458,366620,8,5,9,5,4,2,8,5,46
II10I4ZBS,ゆきほく,6N3F238R0,イベント参加用,572,0,8459,366530,7,2,2,5,3,2,7,4,32
96J1HYYF9,KOHEI,ELTW62751,安全バーは君の腕,739,0,8460,366440,7,5,8,5,7,6,8,9,55
DVINSITS6,櫻井ヒトシ,9UKKACGDU,蓮っ子CLUB,1225,16,8461,366350,4,5,6,6,6,4,10,9,50
2UCZTQIV2,E5,B2KV0EVPD,蓮ちゅきクラブ,1335,11,8462,366170,7,7,7,7,5,4,7,9,53
3B85NB41L,りゅう,9JTF508LB,スクスタ亡霊部,852,2,8463,365990,3,4,4,7,7,4,6,5,40
49NDU37TY,ゆいと,NB0HX9KP8,かほてぃあん,1062,14,8464,365900,5,2,8,3,7,2,6,6,39
3K7BQP0DF,ムー大陸,LFY1X9E0X,デカルト,966,3,8465,365810,2,1,6,4,3,6,5,7,34
KSNKVYXOA,remocha,3FF3NB77X,せーはす愛好会,1099,9,8466,365720,4,1,1,5,5,5,6,8,35
0FDDV7X7G,ぴよ,ATB27G5P2,おこめ茶寮,1123,2,8466,365720,7,7,10,5,7,7,8,8,59
XTJROT8IU,としあり,60KU468X3,はっすーず,1391,6,8468,365630,10,10,10,8,10,10,10,10,78
KEY06B19Q,kince,919XF8V2V,蓮之空大三腳,946,8,8469,365540,1,4,7,4,2,4,4,7,33
VJJV1DXDE,レイ,AG9PKMMC3,ぱかぱか同好会,1139,14,8470,365360,5,6,10,5,7,9,7,7,56
8PEU779PC,ヒロ,427WENUC4,心の癒し～蓮ノ空,1048,5,8471,365180,1,2,3,1,2,3,2,1,15
F8LPBUPU0,炭,43HRXMXWA,無言OKクラブ,1076,0,8471,365180,4,4,7,5,6,5,6,7,44
0RRNRVGHK,MS09,PRY4573W6,報酬用,1038,8,8473,365090,8,9,8,4,10,5,8,10,62
J8KMXPAX5,まきお*,0CEA9XFKR,蓮ノ空の泥人会,1044,0,8474,365000,4,4,7,5,4,4,6,8,42
F863B2YM2,アリア,NTEN8U71F,個人用,896,1,8475,364910,5,5,8,4,6,7,7,8,50
LP38ZNMCA,ルビコン,L91N4WPUD,ルビコン解放戦線,1169,10,8476,364730,4,5,7,5,6,9,9,9,54
V8CGJMNB5,zzz,J800VVPTN,Aqours,924,2,8477,364640,9,8,9,7,8,8,6,7,62
74L40ADWJ,チキ,4XRHRYDW4,無言でエンジョイ,1177,8,8477,364640,5,6,5,7,6,6,8,10,53
8IS47YLW8,さくらとーふ,AXG81GPMP,蓮ノ空マタギ部,911,1,8479,364550,1,4,6,5,6,6,8,4,40
2W9EM0UWP,シナモン文鳥,J4NTXG4T2,音ノ星ヶ丘女学院,939,0,8480,364460,5,5,5,5,6,5,7,8,46
4G2FX2V8F,えくれあ,07JW71HWG,良いチケで観よう,1151,4,8481,364370,1,1,7,4,5,4,7,9,38
0X1BY1WE7,ぱわー,FDWY9N1P7,"ゲCo.,Ltd",397,0,8482,364280,6,10,8,10,7,8,5,5,59
P29YN6RE6,ササイッチ,2VJG66JTH,まったり,956,2,8483,364190,7,6,10,4,7,7,9,7,57
8BFB3KRE1,ヒデユキ,1EBG7YUTL,菅！CAN！叶！,861,1,8484,364100,7,7,10,6,6,7,5,7,55
19YV7MCFD,オワタ,1U4JN5CXB,LLユーカー部!,280,0,8484,364100,1,1,2,1,3,2,4,1,15
RY2C1MGLA,やたろー,1U4JN5CXB,LLユーカー部!,426,0,8486,364010,7,6,10,5,5,3,10,2,48
KJ74IVNUR,しゅん,72J5PWU5K,ライグラ待機室,1090,4,8487,363830,4,5,8,5,8,7,6,8,51
18YG27758,みずき,MG1G6F487,蓮ノ空無微課金部,733,0,8487,363830,5,5,6,4,6,7,6,7,46
ELG03NGA0,かな,3MW8HDRTF,秘密結社CKC,913,4,8489,363740,5,6,7,4,6,5,7,7,47
48RBUG2U8,クリオネ,KXMXL2KRX,超初心者,983,2,8490,363650,4,4,5,5,4,4,4,4,34
8KLEBHD72,Kｰri,HXVYGL96H,初々しい対抗戦,351,0,8491,363560,1,1,1,1,2,1,4,1,12
GZREM2O8E,久遠,W3F0URUJC,梢先輩応援団,1340,3,8491,363560,8,9,9,5,8,8,10,9,66
375OO0EON,大懶猫,HK0E91U71,放課後写真部,1315,0,8491,363560,10,10,8,10,10,10,8,3,69
OX705ZOAC,ハル,1GJRB2L30,地元愛蓮沼団,1267,5,8494,363470,6,3,10,1,10,10,10,5,55
QZIVSKW5H,ヒョード,X87KNX4N3,蓮ノ流星群,1059,7,8495,363290,7,6,8,4,6,5,8,8,52
0DIYK8RKB,りれ,3HDDYR4FU,旅人,1158,11,8496,363200,1,2,9,1,4,4,2,8,31
PMAGW8CV7,とり天,KGY709ULG,蓮の花束,130,0,8497,363110,5,6,6,6,3,3,4,6,39
Q4L6CTO0N,おるか,BXC1T2HY2,初心者の集い,988,1,8498,363020,4,4,4,4,4,4,6,4,34
QDQYL3F7I,氷星フィッツ,YM72HRVCF,ワンニャン部,1188,10,8498,363020,6,8,6,4,10,10,10,10,64
77U3C0APH,大沢英明,3RH5MYBXV,こずめぐ党,1027,6,8500,362930,8,7,8,6,6,6,7,9,57
FUWKK2F57,T橋,LLDLG20UU,UR取り隊,769,2,8501,362840,2,1,8,1,10,1,4,5,32
ULB35973K,テイル,NT2KU5174,こずかほ。,1023,0,8501,362840,4,5,7,7,8,8,7,7,53
VDJRCI39A,レーゼ,X7XHWE03H,石川県不審者情報,1122,3,8503,362750,4,2,1,1,6,4,2,1,21
5KHCOIZRO,DCD,LHDVYA6RX,グリモアの集い,995,3,8504,362660,7,6,8,5,5,5,8,8,52
FWHHGTTD4,リンクラ２０月目,H0CCTJREV,ソロ活動～休止中,1056,15,8505,362570,8,8,10,7,9,8,9,9,68
YVRVWZL1C,深緋保護区,BUKPFCJCY,TTMC蓮ノ空班,982,0,8506,362480,5,5,7,5,5,4,5,7,43
XEYFUT5WM,めれく,XHJLF3R8H,ゆったりプレイ,927,0,8506,362480,2,2,7,9,3,7,7,10,47
2I4NAUEKO,屍母運営,J800VVPTN,Aqours,1145,12,8508,362390,5,5,7,5,7,5,6,7,47
LRJTGVTXK,Sig,AF1RTGH2W,ぼっち丸,995,7,8509,362300,3,7,7,7,7,4,10,9,54
HN4Q706Q9,くまごろう,PUJ0ERCMW,蓮ノ空倶楽部,1203,0,8510,362210,8,7,8,7,8,8,10,8,64
GNPYGP1B5,P-kino,WWWUTP96L,異次元からキマシ,370,0,8511,362120,6,6,7,4,4,4,6,7,44
FTJ52CVFM,めかぶ,BEMED3RY1,無言無課金ok,946,0,8511,362120,5,7,7,5,6,6,8,8,52
9WWLGUWKK,づ彼岸の花ゞ,5X39Y4ED4,蓮,740,3,8513,362030,1,9,9,4,6,8,4,5,46
FLFFPA17X,あさひ,M1DLCR0R8,花帆護サークル,282,0,8514,361940,4,5,5,1,2,3,4,1,25
2709BG95J,ばうむ,38KAJGDGU,異次元シャニP,883,2,8514,361940,1,2,1,1,1,1,2,1,10
6ACD3R4YY,マッチャ。,PDTRRYUGM,石川県民ひろば,742,1,8516,361760,1,2,9,1,2,1,6,1,23
O5DDROB4W,Hamster),RM7N1JDB5,無言推奨不干渉会,1101,5,8517,361670,5,6,6,7,7,8,8,9,56
T939PP2R7,ロッテ,EECF9C0N3,蓮ノ空　茨城分校,593,0,8518,361490,1,4,1,1,2,2,4,2,17
DYJP5MLYF,ツカサ,YJ21JXMXM,日本酒好好倶楽部,611,0,8519,361400,7,6,8,8,6,7,5,8,55
YGNUV1PJ2,sea,9WE3M7BTP,クラウド,912,3,8519,361400,6,6,7,4,6,4,6,10,49
5BAMT4658,おたかぬぁ,NK05UMLWW,かけ込み寺クラブ,322,0,8521,361310,4,1,1,6,1,1,4,2,20
X7MBNC2KF,コブ,53M4V2BVG,吟子の髪飾り,496,1,8521,361310,1,2,2,4,4,2,6,1,22
0WMHG7J5U,みふくざわ,1EL57CDR0,なんもわからん,540,0,8523,361220,4,6,7,5,10,1,7,7,47
YWT8FDGSP,ヒョンソン,CFGH2P6TD,忠南大學校,930,2,8524,361130,8,7,10,6,10,1,5,5,52
VW3L0CJ71,evo,427WENUC4,心の癒し～蓮ノ空,1095,0,8525,361040,9,8,10,7,8,9,8,10,69
9CJMWSTFB,ぷらちないと,9VDEWVP01,瑠璃乃の集い,1032,2,8526,360950,5,5,6,4,7,5,8,9,49
ZI7X9UUUP,nao,HBD61R6WC,梢先輩すきすき部,969,5,8526,360950,6,4,7,6,3,5,8,7,46
XN44GCYJV,そら,TCTEAMP9C,虹ちゃん最高！,639,0,8528,360770,1,1,1,1,2,1,2,1,10
LT5FUEYV2,QWERT,GGCKK69C9,リ　ン　ク　ラ,603,0,8528,360770,4,8,8,6,6,6,5,4,47
U2N6HTXJR,うー,C021HVB2B,第3芸能科,913,1,8530,360680,7,8,8,4,7,5,7,8,54
0EUW3SNWZ,葛,JA2C658FW,さや綴理の村人,1108,2,8530,360680,5,4,7,5,7,6,9,9,52
6OD5QIHGW,クララ,5KK3DFY18,MUGEN∞,788,2,8532,360590,1,1,1,1,1,1,2,1,9
911AUD4MZ,KURI5709,DFFYFJ2B6,つづさや好き過ぎ,1054,11,8533,360500,6,6,9,4,6,8,8,8,55
CHY80T069,みらの,UVK38MFR2,蓮の虚無サー,177,0,8534,360410,4,4,7,4,5,6,4,4,38
VVAVGBTTV,美嘉月,TYCB525EH,どこか入っとき隊,1092,2,8534,360410,4,4,5,5,4,4,1,5,32
NYX6XX372,総裁,23PGPJ3NV,蓮ビギナーの集い,582,0,8536,360320,5,6,5,4,6,5,7,8,46
L1TFY2ADG,かまえる,1G89KTD5X,サークルひとり,964,9,8537,360230,6,8,8,6,6,6,8,6,54
3X1BVGTUX,あまとう,5V9TDD4NF,みんはや蓮ノ空部,901,0,8538,360140,1,1,8,4,6,7,9,8,44
U88K4UK3L,卯月既朔,N1DJVPGP8,いつでも咲けるよ,1093,13,8539,360050,9,9,9,9,9,10,9,10,74
8A100XK6M,4kys180,3F0M4HXJE,蓮ノ空まったり部,986,1,8540,359960,1,1,1,1,1,1,1,1,8
XX5N9V2PC,ナナツ,DKNHY5HH6,なす料理研究会,1109,13,8541,359870,7,4,8,10,10,10,8,10,67
MAYWN75R1,クリス,L6MF2MPBN,みらくらぱーく党,857,4,8542,359780,5,2,4,4,4,4,6,1,30
AVEA3X5YW,青,1F5EPPMLD,UR貰えればいい,805,2,8543,359690,5,6,10,4,6,5,2,5,43
531FB04RX,うどーーん！！！,T56X6LP0L,光の海,819,2,8544,359510,4,5,8,4,4,4,8,7,44
YTUYL20C7,はーごん,T48KV9EP2,無言ぱーく,796,1,8545,359420,5,5,5,4,7,5,6,4,41
MB1RTVCD0,大雪春夏,HDD9DJVTB,Lotusky,185,0,8546,359240,7,9,4,6,6,4,3,4,43
PB0VF6VPY,謎の学院生,39Y0R2814,蓮ノ空の隅っこ,940,4,8546,359240,8,9,8,6,7,8,7,7,60
4B2OV9OGK,美夜受,TCTEAMP9C,虹ちゃん最高！,927,1,8548,359060,2,2,1,5,4,4,3,1,22
XGWOTA75H,ヒイロ,GAVKLWBNE,蓮の空自由人,1153,2,8549,358970,7,6,7,7,7,5,8,8,55
M20400WPH,キン肉アタル,ANCNM0UPK,スクスタ適当部,374,0,8550,358880,5,2,4,5,2,1,5,5,29
H52C1HPBU,UA,UVK38MFR2,蓮の虚無サー,1175,3,8551,358790,8,8,8,9,7,7,7,7,61
HTK48D836,かりん,61UTNTRU1,初心者さん,910,4,8551,358790,8,6,8,4,4,4,7,4,45
IWE8BOATS,あんかけピラフ,GBEJMUFWT,めぐちゃんズ(仮,1123,0,8553,358700,7,5,5,5,6,5,6,7,46
F68MODZ6L,おやすみゆめ,DKNHY5HH6,なす料理研究会,1130,9,8554,358610,3,5,10,8,6,10,9,9,60
7D61FD718,もも,TBX7N9RK5,つよつよなLH,980,0,8555,358520,4,4,7,6,2,1,7,7,38
EV2KUUAPX,つまよう寺,C021HVB2B,第3芸能科,703,4,8556,358430,3,8,1,2,2,2,4,1,23
NF7MGK78K,パエリア,CMH1RXEGH,仮拠点,926,3,8557,358340,1,3,9,1,6,1,10,5,36
DD7XUVC1T,太雅（たいが）,8YNHW7530,虹ヶ咲、蓮ノ空,754,1,8558,358250,4,3,6,2,2,1,4,5,27
42LT7XRTV,わかば,2AUM7L9BW,蓮初心者クラブ,534,0,8558,358250,4,6,9,7,8,6,7,7,54
27BXEDTTF,にゅにゃにょん,ULUELCJ7T,なるようになる？,1016,6,8560,358160,5,7,9,5,6,6,7,4,49
01UBJPN97,きくらげ,K3R1XY8UT,自由,857,0,8561,358070,1,5,8,4,2,4,7,5,36
HD8JHV0UJ,木琴,MVMP6NNXD,空き時間らくがき,1133,12,8562,357980,6,7,7,7,9,7,8,7,58
5PV0E2VV2,アオイ,LK3P80BUN,スリーズブーケ党,608,0,8563,357890,4,4,5,1,4,4,6,8,36
A7XHO09M7,はちれも,2KJ2UEC3P,ういちゅけクラブ,869,0,8564,357800,4,1,4,4,4,1,2,4,24
1E1YW9MCM,cmpmzk,0RVUANVB3,さやさやびー,1168,0,8565,357710,6,6,7,6,9,8,10,9,61
FTXM252D4,霧矢あおい,F999KJPDR,スターライト学園,508,1,8566,357620,5,7,1,4,2,1,2,4,26
6JKSIP7WS,えずはち,6BFC4G5YG,蓮ノ空足湯同好会,1154,2,8567,357530,7,6,9,6,7,6,8,8,57
NYCHU7MLA,raizin,A73H7ENN2,エロマンガ同好会,1177,17,8567,357530,6,6,9,6,10,10,8,8,63
SKHU8OJTY,ケン,WPG6BCG83,基本無言,1087,4,8567,357530,4,4,6,5,6,8,9,9,51
7A7T4RKAP,草色,424NLTEE8,無言な異次元部屋,1130,2,8570,357440,7,7,8,5,7,7,7,8,56
R3VTZW2I7,フェニックス,Y7KJ3PM8P,蓮すきすき同好会,782,4,8571,357260,2,6,4,5,5,2,7,10,41
M3GVHLNL2,mkuma,FR5PDRB5Y,株式会社つづさや,218,0,8571,357260,5,10,7,2,7,8,5,1,45
R0XPQOQJS,パーエリア,W3YKKRWHG,ルリと愉快な一家,1445,14,8573,357170,10,8,10,8,10,9,10,10,75
II7MPFFZI,ムム,GG56G6WKD,FF43企鵝冰屋,1182,18,8574,357080,8,7,8,7,10,7,10,10,67
QUFZ82DXJ,ちゃしるとん,M08GKL70U,ららマジ難民の会,1070,8,8575,356990,4,3,9,2,9,10,8,1,46
A76S977ZM,翠雨,RM7N1JDB5,無言推奨不干渉会,953,0,8576,356900,5,5,5,4,4,5,7,7,42
BM06VB0WT,GRTサスケ,MG1G6F487,蓮ノ空無微課金部,870,0,8576,356900,4,5,5,4,4,4,6,4,36
WZ6IB9JWX,はるひん,DF7FA982P,蓮ノ空百合部,911,2,8578,356810,4,6,4,5,4,5,7,5,40
F86TD5QFI,ほし,9E910GGD2,蓮ノ空給湯室,607,2,8579,356720,6,10,8,4,6,5,6,7,52
R7YCD3REH,やすお,31A7JKC69,蓮好きの巣窟,1191,9,8580,356630,8,8,8,2,10,3,9,1,49
4GN5X3567,ランベス,V1AECM24M,サークル,792,0,8581,356540,8,7,6,5,4,4,6,4,44
12GEE74CX,ソー大三角,8MTLYLH9F,木星月華黄金宮,225,0,8582,356360,2,6,9,9,2,4,4,2,38
KX34VN7AF,JETM,8M2MFU9U0,リンクライブ,610,0,8582,356360,4,4,4,4,2,1,7,4,30
0JIAOSUKI,Militchi,BB8UP1P1V,輝く未来,422,0,8584,356270,1,1,1,2,2,1,3,1,12
GL1DBG8X6,れいみー,XHJLF3R8H,ゆったりプレイ,704,2,8585,356180,2,2,6,1,1,1,3,1,17
DL2XCYFP7,しあん,424NLTEE8,無言な異次元部屋,974,4,8586,356090,6,6,9,10,6,4,2,9,52
VSF4CTA4R,黄麟,T48KV9EP2,無言ぱーく,600,3,8587,356000,1,6,9,1,6,1,4,4,32
6J66E3E08,ミカン,1GJC67JLM,無言の泥,750,2,8588,355910,6,4,10,5,4,10,8,5,52
DQB7HUSPW,キムショット,N1JM7M3YC,丘側,1030,0,8589,355820,7,7,6,4,7,6,6,5,48
MN0VGMVU8,かいこ,X0TFG829Y,ボクのおうち,829,2,8589,355820,5,4,6,5,6,4,6,4,40
TLE9845T6,Sora,GPKTRBCTT,騎空団蓮ノ空支部,1091,13,8591,355730,6,4,4,1,6,8,7,8,44
IAYIQ5MJS,タマゴサンド,ABALH0AL3,楽園計画,925,6,8592,355640,10,8,7,5,2,4,10,4,50
PECCPY11V,千景,1FC70W4XR,カインハースト,1054,0,8593,355550,6,7,8,9,6,5,8,9,58
A9EINPGAO,雪さくら,GMEF2K8DL,花咲く泥も好き²,1163,12,8594,355460,8,7,7,8,8,7,8,6,59
8HIPJJ0G3,めぐんちゅ,9YG7C0VM7,綴理と無言で昼寝,1086,15,8595,355370,10,6,5,7,9,10,10,10,67
XN6BYEXVD,魚月,T4WY63DB9,ういのま,998,2,8596,355280,5,6,9,4,5,4,4,4,41
HLVRLY2TY,ふぃあ〜,9E910GGD2,蓮ノ空給湯室,543,0,8596,355280,6,5,6,4,9,7,10,6,53
GT89ALUUY,ちぇる,976BY5JWK,ハルカカナタ,965,12,8598,355100,4,1,8,1,4,5,2,8,33
RUGG8MHPF,mgsk,BWD9U1EJ2,蓮之空中国同好会,421,2,8598,355100,1,2,1,1,2,1,6,1,15
2NG5J0C38,かず,M1DLCR0R8,花帆護サークル,371,0,8600,354920,9,8,9,7,8,8,4,8,61
L8H65VTY4,るいす,3RH5MYBXV,こずめぐ党,1186,14,8601,354830,3,2,2,1,6,2,3,10,29
R4LPMR766,戦闘妖精,WNA5GTJPP,蓮ノ空百合クラブ,981,2,8602,354740,5,2,8,5,7,1,7,5,40
9MEC2RGYN,ぬーどるど247,FG4170141,♪さやか愛好会♪,864,1,8602,354740,3,2,1,1,4,3,2,1,17
N9PVWDYGY,ぽんぽん,V6AVRMJTD,青い苺,927,3,8604,354650,5,4,8,1,5,5,9,10,47
WTVM6MDNS,白桜,96VF52WEJ,空,1074,13,8604,354650,7,7,9,7,7,7,6,7,57
R0GM27UGC,アレク,VAR94KPUT,日進月歩,1047,2,8606,354560,6,7,10,5,8,7,8,8,59
QVFBDRFY6,きゅう。,WLLWJ8ADP,乙宗筋肉サークル,992,1,8607,354470,2,8,2,1,4,1,3,1,22
3PGA0TGWW,しば,1F5EPPMLD,UR貰えればいい,551,0,8608,354380,3,3,7,9,3,5,3,5,38
V44E4HJ1X,詩羽,0YLUK30K6,蓮っコの集い,582,2,8608,354380,2,8,6,5,4,4,7,1,37
GNXX6U6JP,信州サーモン,G1AFM0R9A,蓮ノ空釣行部,692,0,8610,354200,2,6,5,4,4,4,9,9,43
H7XL66LYR,********,73CBYJYB0,"oNM,",1306,4,8610,354200,7,2,6,7,2,8,7,5,44
BFJN3NNYW,あきさん,05KN1RR3U,さやかほ花卉園,1046,4,8612,354110,8,7,8,5,6,7,8,4,53
D76DF0604,夕立@みらぱ推し,YD2XWWFA4,蓮好き好きクラブ,790,0,8613,354020,5,6,9,6,6,6,7,8,53
0VDJ7NF8H,Mon3tr,RAP9FVR3B,あばうといち,832,4,8614,353930,1,1,3,1,2,1,3,1,13
RB0HW9P1J,もりりん,A9MC566ER,眩耀夜行乙宗梢,674,4,8615,353840,3,2,3,1,2,4,1,1,17
P4D0A17X0,くま,K664R1LYM,すくすてむずかし,631,0,8616,353750,4,1,5,4,4,1,5,5,29
X8HD4GMEB,ゆなかる,9GDHWXGVG,ルリと花咲く毎日,705,2,8617,353660,1,1,1,1,1,1,3,1,10
TG043R9FC,チノン,LLDLG20UU,UR取り隊,1051,12,8617,353660,7,6,9,4,7,7,8,8,56
31FF69DT9,玩具国国王,AGJ215YND,蓮の空中國分校,790,2,8617,353660,5,4,8,8,6,5,8,7,51
0CLTD2DKT,く,GG56G6WKD,FF43企鵝冰屋,914,5,8620,353570,3,5,10,1,10,5,6,5,45
BLR1B1HRY,布朗尼,TX85TKW7A,蓮ノ空女子部,371,2,8621,353390,10,2,10,3,6,5,5,1,42
AM7DF2UB9,にょん,0PJ19NAE3,蓮ノ空同好会☆,436,0,8621,353390,2,4,1,2,2,5,4,1,21
HD51DFW5M,たかしぃーしろう,YF1M2656J,蓮ノ空EXP,953,9,8623,353300,8,4,10,5,2,10,4,7,50
2HV97MS05,テツヲ,DMGXNKE8L,異次元フェスから,815,1,8624,353210,4,5,5,5,5,5,7,4,40
6VT3EGHK8,じおん,VNEY6C9BE,スリーマーメイド,547,2,8624,353210,4,1,7,7,6,4,4,1,34
B8G52UT5Q,火鱗,TTDBXERCU,蓮ノ空 全力応援,1097,2,8626,353120,4,4,6,1,5,4,6,1,31
K8KIAE882,青,LY0XPW7NL,元カノ概念強火派,1027,7,8626,353120,5,5,7,4,6,4,7,7,45
GF3LTDXCU,Ivan,J800VVPTN,Aqours,699,6,8628,352850,10,10,6,1,7,3,4,4,45
DERUA8GMG,yosha,0UTVRAKFL,平穏無言,1057,12,8629,352760,5,4,8,4,7,7,7,8,50
C9LL83UWW,ヒロっくす,JA2C658FW,さや綴理の村人,1250,16,8630,352670,9,9,9,8,10,9,8,7,69
YP291K184,雪鴉,PPAHU1TNY,蓮ノ空のんびり部,1049,11,8630,352670,7,6,7,5,8,8,6,7,54
N6GHUGFCB,スズ,C2XLWUTL1,夕霧綴理親衛隊,897,0,8632,352580,4,4,7,4,4,5,4,7,39
T44XUTGKC,Miyu.,FG4170141,♪さやか愛好会♪,663,1,8633,352490,1,4,5,5,5,2,4,1,27
PK50F4041,ダイヤ,36DAM7HBL,蓮隠れノ里,990,3,8633,352490,4,4,8,7,4,4,8,9,48
6KTVKY6YW,ぷ,2DYYAPFVN,蓮っ子村,695,2,8635,352400,5,10,10,6,7,8,8,6,60
7ABXWU6L5,ユミ,KA3D805XV,綴理の寝顔守り隊,458,2,8636,352310,1,2,9,1,4,1,2,8,28
2525KFYH1,まつりょー,YLJ2PP4X4,全日本謝罪同好会,1112,12,8637,352220,1,3,6,2,7,4,5,5,33
GXGKD5C8J,ばみゅ,TKVR3KU7L,ネギトロTKG,1581,2,8638,352130,10,10,10,10,10,10,10,10,80
U2HN40JDN,ちゃちゃ,5E1R7JXTJ,ちゃちゃニャんこ,455,2,8639,352040,1,1,2,1,2,1,1,1,10
BOY5LVU3N,ざるそば,X7C21B7H7,泥,1191,4,8640,351950,7,6,7,6,6,6,7,6,51
3HMHJHD6L,櫻花草,KANLFTMVJ,蓮ノ空中文同好會,708,0,8640,351950,5,4,7,5,4,4,4,7,40
6XFTGBRG2,まりも,T2XRMGEAE,蓮根無言会,797,0,8640,351950,4,5,6,5,6,4,6,7,43
5PYPP799E,砂月,R083H7WRN,サークル無言,170,0,8643,351860,7,7,7,2,4,4,1,1,33
03WXXNWVM,Katsu,7P4CAER9X,まったり倶楽部！,1069,3,8644,351770,1,1,7,5,4,4,8,9,39
JVLD2V12Y,なまトマト,YVFP54NA2,無言OK！,956,2,8645,351680,7,3,6,5,4,6,2,4,37
PXKRNJL7U,まぐろ,NA8FEYN0M,蓮ノ空飲酒クラブ,657,0,8646,351500,1,1,1,2,2,2,3,1,13
GBXU8NL03,股旅,976BY5JWK,ハルカカナタ,916,4,8647,351410,6,6,10,5,9,6,8,8,58
4G837JYY3,ボルロス,DBHVM0X7P,ガンフィンガー村,1031,2,8647,351410,4,4,4,4,4,4,6,9,39
REXJ7TNLV,え,BW38LDPRF,蓮浦の星空,474,4,8649,351320,1,10,3,1,2,5,3,1,26
J93C8Y37H,かなりあ,3FF3NB77X,せーはす愛好会,1068,10,8650,350960,1,2,5,1,2,3,6,5,25
6JYD5PU7P,こむ,ABALH0AL3,楽園計画,686,2,8651,350870,6,6,3,2,2,4,2,1,26
6MNT1UYPA,KG,K7JJTMPXB,チケキャン,1045,8,8651,350870,6,7,8,4,6,6,4,8,49
0NOKTLS3N,キラリヴィーナス,3N7FL0U6U,destiny,780,0,8653,350690,4,4,5,4,6,4,7,4,38
32X24KBA9,スムージー☆,7UX6117P2,重曹圖書館,939,6,8654,350600,4,4,7,1,4,1,4,1,26
92F4UABT1,まさ,KGTWM38N9,さやか梢推し,576,0,8655,350510,5,6,8,5,6,6,5,4,45
8JUFX3O4Y,てんぱ,UHF5Y8PEF,さやちゃん倶楽部,1057,9,8656,350420,5,4,7,7,4,4,7,9,47
TAUVF33TL,こう,ETJJW4JHV,覇王樹LL同好会,1198,15,8657,350330,7,7,8,6,7,7,6,5,53
NCVAFWM7G,咲花,06DCWC1RE,とりあえず参戦用,1227,12,8657,350330,7,7,7,5,7,7,8,7,55
B3LYD88ZZ,るり,HDD9DJVTB,Lotusky,339,0,8659,350150,2,3,2,1,2,3,3,1,17
7S92ONBAH,ほんだびーと,FNHT9JFY4,リンクラ楽しむ隊,857,2,8660,349970,4,6,7,7,6,4,8,8,50
WX6VUKDLD,マナカ,LG3XF86RM,ハロめぐ党無言可,623,0,8661,349880,1,1,1,1,2,1,2,1,10
2TEUGED6G,wing,E7UBFLW56,同好会の同好会,664,0,8662,349790,5,2,1,4,6,4,8,1,31
9EYDLCSBD,ふれでぃ,8KH5HV93T,一人ですけど。,954,4,8662,349790,8,8,8,5,7,7,6,7,56
K31XF0XJU,ユウ,D52G2F1HV,いな民リンクラ部,1066,10,8664,349610,1,6,2,1,2,1,7,1,21
FZ3HI1NYS,てぃもうさ,J0N1E3Y09,月火水木金土日,961,0,8665,349520,2,6,5,6,6,6,6,9,46
819Y0TK5J,ミレイ,TDHKGHFPA,無言参加○！,998,12,8666,349430,1,6,5,6,10,4,8,8,48
CYJ1XN9VF,クゥワァペットゥ,60KU468X3,はっすーず,286,0,8667,349340,7,4,2,3,2,3,4,4,29
XY886KL2P,谷々,HXVYGL96H,初々しい対抗戦,1005,10,8667,349340,9,9,9,6,7,7,10,10,67
0GTWC8H4B,ヤスオ,YM72HRVCF,ワンニャン部,1145,2,8669,349070,9,10,8,7,8,8,6,8,64
N4LA4TGFN,経済効果,7X71T9R7J,憩いの場所,469,0,8670,348890,4,2,1,2,1,1,2,4,17
4XP5TPAW0,jack18,578YG6EAT,桜桃花束愛聴会,1086,3,8671,348710,7,7,8,5,7,7,6,5,52
BRNT9UWXW,ナツオイ,U98UKD6RY,異次元フェスP,766,1,8671,348710,3,7,5,9,2,5,6,5,42
H9GMFD6RA,よりたンゴ,GGK2P93JK,きゃらめる,231,0,8673,348620,10,5,10,10,7,10,5,10,67
7FWCYVMYN,ツキ,8J1GJT2BC,近畿の大金沢,1046,12,8674,348530,1,2,9,4,9,4,7,8,44
P2S9CJYJ3,あまみょん,V33FGRFC4,1限目に遅刻ラブ,1136,3,8675,348440,2,2,9,3,7,2,7,8,40
5RDWDT1NH,まっつん,C2XLWUTL1,夕霧綴理親衛隊,938,2,8676,348350,4,5,6,4,3,2,3,4,31
AM3DYQOEX,しろみど,E1HVJ71JR,ご自由にどうぞ,352,0,8677,348260,2,2,1,3,2,1,3,1,15
VWCBPWA15,Ｃｈａｏ＄,88GYM2J72,麺同好会,866,0,8678,348170,6,2,6,1,6,4,7,9,41
5YY93JUDA,金魚,9GDHWXGVG,ルリと花咲く毎日,1256,12,8679,348080,7,8,7,4,4,8,8,10,56
EFAFJ2XWR,とうもろこし,63AKA05VR,まったりGngy,751,0,8680,347990,1,4,6,4,6,1,6,7,35
CGAZXRHJA,うそ。,C003CD1RW,☆蓮ノ空クラブ☆,980,12,8681,347900,1,6,7,8,9,9,7,9,56
EJE3YUUXF,いのらじ,Y4G0KF6NB,無言でやる会,1028,2,8682,347720,4,2,1,1,2,1,2,1,14
GVBPHDQ89,TAKA,CPWFKH8JM,私の部屋,940,6,8683,347630,4,4,5,5,4,6,7,8,43
VYKR7E102,ハ〜ル,WJ7GF9WVV,愛と想いやり,508,3,8684,347540,2,1,1,2,4,2,2,1,15
1D920MRTA,白鳥,NJBBTCY3A,かにかに！,669,6,8684,347540,1,2,4,1,4,1,4,4,21
4FT24MUGR,さらまんだあ,XN2VEA6DN,無言,1098,7,8686,347450,7,7,10,6,6,6,8,9,59
PVJN7NN3E,106[敦],58EPXVKXX,金沢総合車両所,1040,9,8687,347360,4,6,7,5,6,7,7,7,49
N3EKVFEH9,アグニカカイエル,BXGNMY466,ライグラ用,842,2,8688,347270,2,3,2,1,2,3,3,1,17
DA8HRY0TJ,花帆めぐ推,LAKRG5NK9,ログイン勢,522,0,8689,347090,8,9,9,7,7,5,7,7,59
AJ7RFN8WA,めささ,K69M1X95F,アイリス,785,1,8689,347090,9,2,5,5,1,1,5,10,38
P3KUFWHUX,にくがり,KT4C59NXG,めぐ島,1359,17,8691,347000,10,10,10,10,10,10,10,10,80
6XNF3G5D3,かえる,Y1X4EG18A,うにょーん,730,2,8691,347000,5,4,8,2,2,2,4,7,34
55JD4IS35,水無月ちとせ,8XR91CRG2,道立一限遅刻学院,1126,2,8693,346910,4,4,4,4,6,5,8,8,43
SO08GMHXL,大志,WFPA7YJE1,蓮ノ空文芸部,1011,0,8693,346910,7,7,8,5,6,7,6,7,53
UO12FL4AL,おはよは,0YLUK30K6,蓮っコの集い,1206,13,8695,346730,8,7,8,7,7,7,10,7,61
8Y4H6X2RW,あうん,95YCCGJJG,あまね部蓮同好会,386,0,8696,346640,7,7,8,5,5,5,6,4,47
213HP4IVX,ナル,UVK38MFR2,蓮の虚無サー,1028,2,8696,346640,5,7,9,5,7,7,7,7,54
8GGDJNNTJ,すきすきくらぶ,JTBMEXV8L,ひとりぼっち,853,4,8698,346550,2,10,6,10,10,10,7,5,60
E1H3LB8JP,ヒカル,HPCPM2T44,蓮の空帰宅部,227,0,8699,346460,5,3,1,1,1,1,1,1,14
ZMFLXJQTK,凛曜丸,Y5J5Y90CD,まるまるサークル,973,6,8700,346370,5,5,8,5,6,7,8,7,51
UH84E0ARF,まも,JL3PVY33U,まもさや,307,0,8701,346190,10,5,8,1,3,6,6,8,47
AHAZQC97Z,与太朗,8Y9U68DKX,箱推し体質連盟,964,8,8701,346190,4,2,9,8,8,6,5,8,50
DUNBTVJN1,かす,FH54A1HEX,陰のラブライバー,546,0,8703,346010,5,4,4,1,7,5,4,9,39
360HD65ED,かいせんどん,JU71U26N3,目指すは上位帯,658,2,8704,345920,1,2,3,4,6,2,3,4,25
0YB9LDMHR,なた,WNMCNJ62M,チームまったり,394,0,8704,345920,7,7,8,4,4,7,6,5,48
T8AL79EPM,トミーホーク,AND13836G,乙宗梢親衛隊,1089,7,8706,345740,5,5,7,6,4,5,10,10,52
YP1GI2Q10,さるる,L2FNUE45V,雰囲気でやる,1145,3,8707,345650,5,5,8,7,8,7,9,8,57
QD5BVGVZM,makoto87,PUJ0ERCMW,蓮ノ空倶楽部,996,7,8708,345560,5,5,5,4,7,4,8,8,46
G2M4APBCL,黄金易大師,TWJ862EPN,こにゃとも,765,0,8709,345470,7,6,7,7,7,7,7,7,55
RDMV014Y3,あめ,T045NDKW0,♬さやか愛好会♬,1024,6,8710,345380,1,6,5,1,2,7,8,10,40
D33V7AUEW,ラジュ,4LU50R56J,誰でもOK,327,0,8711,345290,2,7,9,3,8,6,9,1,45
TFVQGM6TT,てーい,9N4F9P8DU,リンクラ部（仮）,1011,3,8712,345200,8,2,5,1,7,1,6,10,40
3EEI0XHP4,すうでん,6D57FX14W,おらおらぱーく,397,0,8713,345020,4,2,5,8,6,4,7,8,44
H494952Y3,ホビロン,T4WY63DB9,ういのま,1075,0,8714,344930,6,5,9,7,6,8,7,5,53
06H8TXWK2,アストレイア,HWMV33W7Y,フラワー泥民館,1058,3,8714,344930,8,4,10,5,10,8,7,8,60
HUDAPJDL0,ねゆらは,2L4HJXUUR,アマ研ガルパン班,993,2,8716,344840,1,8,9,8,7,5,8,8,54
60HF6MPEV,Eatfan,26JDLMBLN,徒町は強く生きる,504,2,8716,344840,6,6,4,1,10,1,6,4,38
U30OV4MB4,秘密の学院生,1618JMRED,リンクラ自習室,978,6,8718,344750,4,5,8,4,4,4,7,8,44
G9MU1W9DD,たとさん,KYHBW5H37,蓮ノ空提督同好会,497,0,8719,344660,7,8,6,5,5,5,8,5,49
D72L60CAH,Nandk,N83DW3NYG,†極最強倶楽部†,953,6,8720,344570,7,8,10,7,7,5,7,4,55
VVJ9J9TR8,みかん,HBCC35887,そりゃー!!!,1088,6,8721,344480,6,8,7,7,4,4,7,9,52
UB9BP692L,ゆったん,36DAM7HBL,蓮隠れノ里,465,0,8722,344390,10,8,10,5,5,7,10,6,61
XZXNIBWZO,おにぞう,VGGKYWV9C,かほさんぽ,829,0,8723,344300,2,6,5,8,3,1,5,1,31
JKGDLV8YH,じーびー,BPFAT416J,さやかわいい,842,3,8724,344120,2,6,8,9,2,4,6,1,38
YUB3EPGGE,HiRo,0CCFXC2HF,Ricebird,934,2,8725,344030,9,1,5,9,2,2,8,7,43
CVIR06O3F,りつ,P01RCC6L2,まったーり,891,6,8726,343940,1,6,7,5,6,3,10,9,47
HM27XA62R,暇猫,V7768X8AC,せーので！,1083,8,8727,343760,7,7,8,5,8,7,9,9,60
TY8V0CD05,みね,546E85JGG,月猫ぱーく！！！,899,3,8728,343670,1,1,5,4,4,1,4,7,27
RBNWWF1BB,白i,E76N52LMW,イベントのみ,775,0,8729,343580,6,5,7,4,4,5,7,7,45
IVUS3BZDE,バレパンマン,LRKRUR21F,ちゅけバフ,800,1,8730,343490,10,2,7,10,4,3,5,7,48
M2V869N1Y,よしひこ,83TGL8UMJ,しゅうまつクラブ,832,2,8730,343490,7,8,7,7,8,6,8,9,60
CMB0B3M76,でーん,Y7KJ3PM8P,蓮すきすき同好会,638,0,8732,343400,8,6,6,8,6,7,8,5,54
45HKPRWVM,さささささ,9P9EPKFHE,無言参加OK,216,0,8733,343220,7,5,6,6,4,5,8,7,48
CUPAY65V3,水甲,DYTW8H2KA,めろんおいしい,597,0,8733,343220,5,9,7,4,5,4,3,1,38
O70Z7W0RO,トーマ,9YG7C0VM7,綴理と無言で昼寝,954,6,8735,343130,6,7,1,1,2,1,6,7,31
T4V1PTC93,白桜(再),96VF52WEJ,空,1037,13,8736,343040,7,8,8,7,8,7,7,9,61
3V3VP28NH,アクアス,LLDLG20UU,UR取り隊,819,3,8737,342950,10,8,10,7,6,7,4,7,59
0U2JP4E00,みや,V33FGRFC4,1限目に遅刻ラブ,1175,7,8738,342860,5,5,4,5,7,5,4,10,45
YBX9MJV17,たまゆら,GBGFR3LVR,ココン東西南北,767,3,8739,342770,8,2,4,4,6,4,5,1,34
XW6EVG38F,さきやこー,BW38LDPRF,蓮浦の星空,434,0,8740,342680,1,1,1,1,1,1,2,1,9
VQ60I1SSW,守凪,YK0X6N2HN,無言OK出入自由,951,4,8741,342590,4,4,7,1,2,1,7,1,27
SFQD6ERP6,ひっきー★,3A63DYH54,LLすこすこ部,973,2,8741,342590,1,1,8,1,6,6,7,8,38
RJ1H77TCE,スパイラル田吾作,67F1KB00K,さやか推し♪,869,0,8743,342500,6,7,9,5,8,5,4,8,52
6TLR7HK9N,yuya,9D722M8KC,蓮ノ空同好会,860,7,8744,342410,4,4,6,5,7,8,6,7,47
4FXGVV6JL,れもん,54JWUD9X0,異次元からの者,878,2,8745,342320,4,4,6,7,4,4,6,7,42
YFH6GDLTK,めぐ島めぐ島めぐ,KT4C59NXG,めぐ島,1448,14,8745,342320,10,10,10,10,10,10,10,10,80
FWGRV6R07,檸檬氣泡,BWD9U1EJ2,蓮之空中国同好会,884,8,8747,342230,2,2,6,7,5,6,7,8,43
YA62FAND9,高坂穗乃果激推,DMDVHGFUG,インドネシア仲間,549,1,8748,342140,7,2,2,1,2,1,2,1,18
YGFKYU43C,タクト,05KN1RR3U,さやかほ花卉園,954,4,8749,342050,7,2,7,2,2,1,8,7,36
DD58G93VJ,坂本/えふぴー,VU0UYYA8K,蓮ノ空日野下厩舎,682,0,8750,341870,5,5,6,4,4,5,6,4,39
8AX9GAX59,ナナ,BT3GEWM5L,ささやか村の集い,1004,7,8751,341780,4,5,4,7,6,4,6,7,43
CRVE0F001,笙,XE8513HNP,喫茶カワウ空✨,845,4,8752,341690,8,2,1,5,2,2,9,2,31
UCGBEGTER,ツバサ,N0EXH1CM1,ぱちぱち徒町,301,0,8753,341600,4,5,4,9,6,7,4,6,45
JYD5BVN7J,みさっぴ,28XJ8NK4L,蓮ノ空まったり部,1036,4,8754,341510,5,5,7,5,6,4,8,5,45
N7ACAGM4D,たろ,J09VEX2ER,くるくるポーズ,1055,1,8755,341420,1,6,5,5,2,5,4,8,36
NU13M8LMJ,たわし野,UHF5Y8PEF,さやちゃん倶楽部,797,6,8756,341330,7,10,10,6,3,6,6,5,53
BN5TCKFTY,たくちや,95TAREFPT,ご自由にどうぞ,483,0,8757,341240,3,6,10,1,4,7,3,1,35
K67UCL6TM,りっしゅ,0CEA9XFKR,蓮ノ空の泥人会,909,0,8758,341150,5,5,8,5,6,5,6,7,47
2B4Q9VOIE,きたおーじ,J7N4W6Y1K,こずミックラブ♡,1354,4,8759,340970,7,7,10,7,8,9,8,8,64
DB2A6GCFA,momo,37N3TNTVB,推しを布教する処,1126,9,8760,340880,6,8,10,1,6,10,8,5,54
M70CB9D3P,うりたん♪,XRC45XLGF,ミラクの空応援隊,857,6,8761,340790,3,7,4,1,5,6,3,4,33
T7LLTWVWU,じま,KPUYXN27J,蓮ノ空楽曲派,567,0,8761,340790,4,4,1,5,4,4,2,1,25
AGRRFZ4VU,剣護,K2L5DCVNR,REAL,1039,2,8763,340700,1,2,8,7,3,7,7,9,44
66D5GWHXN,ウルトラマグナス,26JDLMBLN,徒町は強く生きる,495,0,8764,340610,2,6,5,1,6,4,10,1,35
C6GWRFRHU,こまち,0B8RTHY4D,のんびり屋さん,944,6,8764,340610,7,8,7,6,7,8,5,7,55
OI5YDVBAL,たま,7AATUNUPE,無言サークル,907,2,8766,340340,6,9,7,4,8,8,7,7,56
NJ0MQ1DHM,たっつー,R4VYM1CGH,村立お野菜農園,1130,12,8767,340250,4,2,7,7,7,7,4,9,47
NJBC5D0RT,たかっち,AHE0E3JND,ありがと！にひっ,1053,12,8768,340160,7,7,7,5,7,7,7,5,52
9YY625C69,Magician,HWWRP6K2J,家に猫がいます,642,0,8769,339980,4,4,9,4,6,7,7,9,50
1657AA27B,ミロ,R1RM3X0WV,後方腕組みオタク,933,8,8770,339890,1,1,1,1,2,1,2,1,10
MUHIPQX96,ゆづ,TCTEAMP9C,虹ちゃん最高！,853,1,8770,339890,7,9,9,4,8,8,9,5,59
N5TL4EU79,ぷらこま,M74P64HDW,金沢サニーランド,1012,8,8772,339710,7,6,8,5,8,8,6,7,55
UJ6XY1AKA,だうろー,9C0KWR782,まったリンクラ,773,0,8773,339620,5,5,4,4,5,4,2,4,33
GNFK62CPD,紅鮭,ETAMCYHME,蓮ノ空お昼寝部,794,0,8774,339350,5,6,7,5,6,5,6,7,47
3RVXE7N0J,ちゃんとしたかも,5CG1W6CP5,初心者さん,970,8,8775,339260,4,4,4,4,3,4,8,8,39
B86Z9ZX7I,亮,TM19BMU7C,ソロプレイヤーズ,1197,7,8775,339260,6,5,7,6,6,5,7,7,49
TQ6LBW4VX,瑠璃色孔雀,GVT61ATX0,なのだけれど,1237,4,8777,339170,7,8,9,7,8,9,8,7,63
2KPFCFVJ0,リセット,NC2YT2V28,蓮之愛同予者何人,1200,0,8778,339080,7,7,8,5,6,6,4,6,49
7CLA0XK32,ノヴァ,PUJ0ERCMW,蓮ノ空倶楽部,633,0,8779,338990,8,6,8,4,6,7,9,7,55
JZL1O0VV5,kamesan,PPAHU1TNY,蓮ノ空のんびり部,1025,7,8780,338810,6,5,5,4,7,7,7,7,48
MLCJGLANM,えすえすさん,FTY0R8KPH,泥の皆様,1200,12,8781,338720,9,10,8,9,8,8,9,9,70
E2Z7ST7Q7,无盒,X33HHA9F8,アルストロメリア,834,2,8781,338720,5,2,4,1,2,1,6,5,26
NBPJYWRBR,スズラン,AHE0E3JND,ありがと！にひっ,976,1,8783,338630,1,4,8,5,7,4,7,8,44
R742012S1,さち,9AYD3XJ2D,ぺんぎん隊,992,1,8784,338540,4,4,8,5,5,5,6,7,44
04U6U8E1D,ちかほのかのん,E7UBFLW56,同好会の同好会,925,7,8785,338450,4,1,4,1,2,4,4,1,21
DLZGW2654,イルカ,N1JAJ83CA,蓮ノ空園芸部,1028,2,8785,338450,4,4,5,7,4,6,7,7,44
3YFEPKVLU,臥龍梅,06DCWC1RE,とりあえず参戦用,748,0,8787,338360,4,6,4,1,2,1,8,5,31
BHDGYJHGK,Star7231,5GLTCW4YR,さやひめ愛好会,818,0,8788,338270,1,7,7,5,2,4,7,5,38
0KW9HE6MX,やーぴー,23PGPJ3NV,蓮ビギナーの集い,508,0,8789,338180,2,10,5,2,4,5,7,6,41
7RBKN7USP,Deen,59AK7LJ7A,とりあえず,799,2,8789,338180,6,9,8,7,6,4,7,7,54
IKZ9PQH24,NOBU,PR2BGEK5K,ありがとう大三角,994,12,8791,338000,5,4,8,7,10,1,8,10,53
DL3DHFPX6,アイランド,4UKGWTN1N,ゆったりまったり,945,3,8792,337910,10,10,10,5,6,8,3,3,55
Q12WIIUNS,ひろっち,PD80VCP5N,虹ヶ咲学園,947,2,8793,337820,7,7,9,4,6,6,5,8,52
DXB7152GN,BLACK,VNEY6C9BE,スリーマーメイド,895,7,8794,337640,6,7,10,5,7,6,4,8,53
1RDA5EXS4,なか,3FF3NB77X,せーはす愛好会,969,2,8794,337640,9,2,5,4,4,4,7,4,39
6BXFVGH19,大根,BELCUYCMH,蓮hkg香港分部,866,2,8796,337550,4,6,5,5,6,5,2,9,42
R0P5A5EVT,にーすとろーく,9C0KWR782,まったリンクラ,986,3,8797,337460,1,2,5,4,5,4,6,5,32
9RV59UM4G,Bess,A3X92L6YU,お試し用サークル,392,0,8798,337370,9,6,8,7,4,5,4,5,48
LN31DVMP7,水無月香蓮,AKX1LX8TD,泉の広場,949,5,8799,337280,3,3,8,10,2,8,10,8,52
P5P2N8KLZ,まあさ,6BFC4G5YG,蓮ノ空足湯同好会,1241,2,8800,337190,7,6,10,7,8,8,10,10,66
Z0CEUQ4B8,ほでん,8FR866PRY,蓮っ子みらくラブ,1161,4,8800,337190,6,5,9,8,7,7,8,8,58
X5EN88WNW,ざんねんなすみれ,NLB84DYBF,下松系拉麺同好会,943,2,8802,337100,7,8,10,5,6,8,9,7,60
8LVBMB56P,クラウディア,HXVYGL96H,初々しい対抗戦,788,0,8802,337100,6,6,7,5,6,6,7,7,50
8CBE4V7WU,GAYASYUN,A3X92L6YU,お試し用サークル,725,2,8804,336920,10,2,4,1,3,1,4,9,34
A1X65L89U,白羽叶迴,08DDCV5JN,黒ねこのしっぽ,448,0,8805,336830,5,4,6,4,1,1,6,7,34
1R9M3L1RA,kan,0FMM30LCA,無言,416,2,8806,336740,6,4,10,1,4,1,4,1,31
E4PN4JG1C,ハルハル,06KXF4UFK,naoハル,839,2,8807,336650,6,6,10,6,6,7,9,9,59
3PNXP1KG2,フィトン,75UJ5RB97,蓮ノ空雪野球部,873,2,8808,336560,8,9,6,7,4,6,7,7,54
WM1P1MG95,Nagisa,CT8XW752X,蓮ノ空写真部,692,0,8808,336560,2,9,2,7,2,5,8,5,40
P5ILXAFM2,翔,YAD92UYGC,蓮ノ空を信じろ,778,1,8810,336470,1,4,8,2,7,7,3,8,40
RDEVXDAZE,ガイベントヴ,88DJ300PJ,めぐ党 • 永遠,991,6,8810,336470,6,1,6,1,6,4,7,10,41
VTDESX80C,Ryo,MPPDGVPWX,気楽にプレイ中,812,2,8812,336380,4,5,5,4,5,1,5,7,36
KVA687BHK,しょーたろー,EWM0GK62C,誰でもどうぞ,512,0,8813,336290,4,6,5,4,5,4,3,5,36
DHO22PEOP,Natsu,RXXUPMWB9,待機室跡地観測所,1066,6,8814,336200,7,6,8,5,6,5,7,5,49
7WWLJN8NK,mki,8MTLYLH9F,木星月華黄金宮,978,3,8814,336200,7,6,8,5,6,8,7,9,56
8550J8ZM7,柚子,A9MA307FX,楽しいが一番,1115,6,8816,336110,4,4,5,4,6,5,7,7,42
VXEP1BTFT,わたわた,6KXM0CLTJ,新入生,207,0,8817,336020,2,3,3,2,2,2,2,1,17
OMH4PGMIU,ハラペーニョ,8UJNTV5BX,のんびりと部,851,1,8817,336020,7,5,9,4,7,5,6,7,50
BNFJL03LB,ふにゃ〜,4J35EAAHM,蓮ノ空麻雀部,900,1,8817,336020,6,4,5,4,6,10,6,1,42
9O190IF58,あき,WNA5GTJPP,蓮ノ空百合クラブ,1014,7,8820,335930,5,3,5,4,6,4,7,9,43
6M25UTENE,BROAD96,YMKU30246,参加賞がほしい,997,4,8821,335840,1,1,7,9,6,1,6,5,36
2G6HT0GNP,たか,F31A07X4V,蓮ノ空福井分校,1002,0,8822,335750,4,4,7,4,6,5,6,7,43
BN0Y39MFZ,ネンブツ,AR9HR528A,いろいろ実況,962,4,8823,335660,8,7,7,5,5,6,7,7,52
GYS2FWFWP,こーすけ,GMEF2K8DL,花咲く泥も好き²,1224,5,8824,335570,7,7,8,6,6,7,7,8,56
LR1D06ZZF,さんむ,8UJNTV5BX,のんびりと部,1030,0,8825,335390,6,4,7,4,4,7,8,5,45
EX52CJPA2,スギ,RM7N1JDB5,無言推奨不干渉会,891,2,8826,335300,1,8,4,1,10,7,7,5,43
48UYYMF7S,まい,FJTEG8XV0,ふわふわたいむ,1069,13,8827,335210,5,7,8,5,7,6,5,7,50
ED7L6JEBW,つぶみかん,AHE0E3JND,ありがと！にひっ,1311,9,8828,335030,9,9,9,7,8,8,8,9,67
BU499ADJM,聖柚枝,BE349FEW8,いい声の蓮ノ空会,1098,9,8829,334850,8,7,10,5,4,7,6,8,55
PUKGJ3JV5,ふう,P3T2T39HF,新川地区ノ空,1029,2,8830,334760,7,6,5,4,2,1,2,8,35
EHIFJK7AF,ぽんかん,J0N1E3Y09,月火水木金土日,1164,12,8830,334760,8,7,7,7,6,4,7,7,53
8AXAAWC0R,みお,E7UBFLW56,同好会の同好会,838,5,8832,334670,3,4,4,2,3,1,3,4,24
F0DKXLJY2,Tsubasa,TFGKYEY98,LLP JR,794,0,8833,334580,7,7,8,5,5,6,7,5,50
TJIGPWLPR,Vanilla,8FR866PRY,蓮っ子みらくラブ,1120,9,8834,334490,5,5,9,4,7,7,8,8,53
VK6PFSC62,犬那智,UJ1ERTNK0,デイリー消化,606,2,8835,334310,2,2,2,1,3,1,2,1,14
4GMJ32Y0R,Melonpan,J80MEYHBC,Nymphaea,624,0,8836,334220,1,4,4,5,4,4,6,4,32
T2YHMA9BC,life0,GR65FP8VN,蓮好き,1086,0,8837,334130,4,4,5,4,6,5,6,7,41
VB9RKHBPT,サガ,J8HXTJ8TB,流し素麺同好会,1390,8,8838,333860,7,8,8,5,7,7,7,8,57
K3R5L9BB0,南端国道,XTMGPY62U,スクステ初心者,793,0,8839,333770,6,4,6,4,6,5,4,4,39
KUD8PNGX5,ritsu,33RKGAC7J,夕霧綴理ファン,241,0,8839,333770,3,4,3,1,4,1,1,1,18
DGL0P7A3E,こまちゅ,4NFMU2WME,好きだかんな？,723,0,8841,333590,7,5,10,4,6,8,6,7,53
1T9TQ1X2C,だれす,3F0M4HXJE,蓮ノ空まったり部,920,2,8842,333410,1,1,3,4,6,4,2,1,22
D2HRR151R,紅風紀,CJF72KJ6W,紅風紀ソロ,572,0,8843,333320,5,6,6,5,5,6,5,6,44
9R83V7V6E,畑ちゃん,G6EH0KHT7,なんもわからん,840,3,8843,333320,10,10,9,6,6,6,7,7,61
F5CDNBG41,ルリアゲハ,C2XLWUTL1,夕霧綴理親衛隊,670,2,8845,333230,1,2,1,1,1,1,7,7,21
CEG3LX19H,わかめ,38KAJGDGU,異次元シャニP,1127,2,8846,333140,4,6,9,8,8,8,10,10,63
JEB3THBE2,桜庭ルル,DKPMRA0TA,蓮ノ空奉仕部,774,0,8847,333050,1,6,10,1,2,2,2,1,25
NAWK0C4KW,MRKST,G8F0M2PH2,アフターウォール,718,3,8848,332960,6,2,1,1,2,1,4,1,18
W2AXB0PLA,りん,1G89KTD5X,サークルひとり,599,0,8849,332870,1,1,6,1,2,5,3,5,24
W4YEP8KBK,日野下SAKU,KBJ2P8T0Y,人見知りの集い,332,0,8849,332870,10,4,4,5,6,8,3,1,41
EAMN3EVXH,甘井 綿,VNEJ2RNW0,まったりんくら,751,9,8851,332780,1,1,1,1,2,1,4,1,12
PRME37VDK,サム手羽,X56UR01P9,梢先輩を愛でる会,1205,2,8852,332690,7,6,9,5,7,7,7,10,58
7NKLYFWCL,すぅ,UPNXW2A69,ライグラ報酬集め,652,0,8852,332690,2,2,10,1,2,1,2,1,21
H1KP3L88X,うどん,VD7N7A4WH,氷青色,728,3,8854,332600,1,2,2,2,2,1,4,1,15
0PZEK8HMC,しまかぜ,G8F0M2PH2,アフターウォール,1027,5,8855,332420,1,6,6,1,7,6,6,9,42
WOSVTCGJE,かな,4RY75CKM4,LLすこ部　メ募,1174,11,8856,332330,7,5,9,9,10,8,8,8,64
LXRQSDWD9,なみおみ,GLP0WPDRM,イベント用の泥,1136,11,8856,332330,5,4,6,7,10,7,9,10,58
9L6WCYTL2,ましろん,BEMED3RY1,無言無課金ok,809,2,8858,332240,8,6,8,7,7,5,10,7,58
4EWE67EBU,よっし〜,5L5TJF7YV,蓮ノ空女学院寮,302,0,8859,332150,4,5,3,7,2,2,9,5,37
U38PCR667,GRたま,E515TRU1G,起きろ夕霧綴理,1143,6,8860,332060,6,5,8,5,6,6,7,8,51
N5J8CEVKL,うなぎう,GVT61ATX0,なのだけれど,788,0,8861,331970,4,4,4,4,2,2,4,4,28
NYPA8LSH7,すず,9U8KNU6U9,対抗戦用,707,2,8862,331880,3,5,4,7,4,4,10,4,41
FR8GC2UHY,カルマ,J62DRC7J5,蓮ノ空好き好き会,820,1,8863,331790,1,2,7,5,4,4,8,7,38
SHADU0SCN,りんりん,V8XX999F6,卍蓮村幼稚園卍,869,2,8864,331700,4,4,8,5,6,5,7,7,46
JGQ1R0CQK,しぃ,TK9E1BB1P,無言で自由,932,1,8865,331610,6,4,7,5,6,8,6,5,47
VDXUZ3Z11,のぞみ,UMG1B9C7V,蓮ノ空女学院,838,1,8865,331610,4,2,10,2,5,2,4,5,34
I7Y8DXQB9,ピロピロ,JA2C658FW,さや綴理の村人,1077,0,8865,331610,2,6,7,6,8,10,7,8,54
HRBP9KP9X,ざーど,0GALMLWK6,ボクなんなの。,727,0,8868,331520,5,4,10,4,4,9,6,4,46
WU8N4XYPD,どりん,1U4JN5CXB,LLユーカー部!,1108,2,8869,331430,2,4,4,2,2,1,2,1,18
CLS2MJ4WN,父親面,6D57FX14W,おらおらぱーく,389,0,8870,331340,2,2,10,1,2,2,2,1,22
O4QTNLQOM,dan,3NRPDD21Y,SoloCirc,933,3,8871,331250,1,7,7,1,9,1,8,10,44
HJ9NB80CM,ヨコタ,H6JWBBGCG,蓮天・乙宗一心流,199,0,8872,331160,4,4,6,6,4,4,3,2,33
KJVAXGEBV,風見悠人,M2DG95X9J,箱推し,814,2,8872,331160,5,7,8,5,4,6,2,1,38
KAJR3145B,隆太,VEA3655P6,蓮ノ空女学院分校,663,0,8874,331070,6,6,4,4,6,4,4,4,38
NCH190V79,クマさん,W6DPTF42B,まかろん,926,3,8874,331070,1,1,6,7,2,4,5,9,35
AKC093Z20,りんか,GR65FP8VN,蓮好き,800,2,8876,330890,4,1,2,4,7,5,3,1,27
CHQABHIJ0,ライデン,KHAKJKC0A,のんびりまったり,710,0,8877,330800,3,4,5,2,4,4,3,4,29
13Y1XFVW4,やん,60KU468X3,はっすーず,506,0,8878,330710,2,3,2,2,2,3,3,1,18
B6VPRNRTH,早凪,CXMU84PRR,泥ノ底男塾,902,1,8879,330620,8,1,6,4,9,1,8,7,44
04P0W791X,KAMAro,2L4HJXUUR,アマ研ガルパン班,1082,7,8880,330530,7,6,7,5,6,7,6,8,52
4NM6JJVHD,電卓,J0N1E3Y09,月火水木金土日,1116,3,8881,330440,2,2,8,6,4,4,7,9,42
C19P1GU7N,秩渠,DMDVHGFUG,インドネシア仲間,219,0,8881,330440,7,10,10,3,5,4,5,1,45
2CK21B89C,かっぱ？,AXGGJ4EJ1,所属だけしたい部,708,2,8883,330350,5,2,7,5,2,8,8,1,38
3ZUZ5MSCE,寮母,3L3TAA862,チーム用務員,1236,2,8884,330260,5,6,8,6,7,7,8,8,55
3KYGZWC7G,ヨウ,W41UFD3WA,ヨーズブーケ,274,0,8885,330080,4,3,2,3,3,2,3,1,21
XODMEVSR1,ozzy,61UTNTRU1,初心者さん,1115,10,8886,329900,1,5,7,9,7,8,7,8,52
LKA0GK951,HIDEYAN,DF7FA982P,蓮ノ空百合部,991,3,8887,329810,6,6,7,5,7,7,7,6,51
11X84N61S,じはんき,X34LWGL6R,サークル2,1072,4,8888,329720,6,6,7,5,8,8,7,7,54
AT85M61W1,JUNjun,AXGGJ4EJ1,所属だけしたい部,655,2,8888,329720,8,2,7,10,1,1,4,5,38
2UVJMX3W8,ひよた,8J1GJT2BC,近畿の大金沢,833,1,8890,329630,5,8,8,4,6,5,6,7,49
W3U49X1PS,おたま,75UJ5RB97,蓮ノ空雪野球部,1096,12,8891,329360,4,4,7,4,7,6,7,7,46
R3L4FNMV3,ぽんし,ULUELCJ7T,なるようになる？,1021,7,8891,329360,8,7,8,6,9,9,8,10,65
4523S78IN,ヤス,YL2ELYC4U,さや…好きだよ…,1056,5,8893,329180,6,5,9,5,8,8,6,5,52
TDF0YPK8Y,てつしみ,3LPBPHL3V,壁の民の伝説,742,0,8894,329000,4,5,6,1,2,3,4,1,26
G635BD4H8,しいな,BTVC9G95X,FES用,1291,9,8895,328910,1,3,2,1,2,1,2,1,13
41V8FYEBE,かいわれ,MD802VP2H,専門演習F4,900,0,8896,328820,7,6,8,6,6,4,6,7,50
FADAWIIRL,仕事の流儀,PDMPF3VVV,r/LL,1308,0,8896,328820,5,6,9,7,5,5,8,10,55
H02GA1I6S,すみ,95TAREFPT,ご自由にどうぞ,768,2,8898,328730,10,2,1,5,2,9,4,9,42
WDSFXN9WT,フリテン,6D57FX14W,おらおらぱーく,513,0,8899,328550,10,3,10,8,8,5,5,6,55
25938NWEG,ひりゅー,J0PT5EX42,スクスタモ部,371,0,8900,328460,9,6,6,1,5,6,3,2,38
8D21HH11H,よつぎ,85G1K4U8U,ゴーイングメリー,1051,6,8900,328460,6,5,8,4,6,9,4,9,51
RCV15T4PW,たにしの外側,ATB27G5P2,おこめ茶寮,1149,2,8902,328370,7,6,5,8,7,7,6,9,55
RPKNWKRV1,しゃぽてん,N0EXH1CM1,ぱちぱち徒町,963,8,8903,328280,2,7,7,5,5,5,7,8,46
VR9GDXFI0,からす,NMT63RUDV,泥村,1284,13,8904,328190,6,4,6,5,6,7,8,10,52
92NCGUEB9,みっちー,53M4V2BVG,吟子の髪飾り,979,8,8905,328100,6,3,9,4,7,4,10,8,51
EMT3R556G,あげだま,UHF5Y8PEF,さやちゃん倶楽部,1097,10,8906,328010,7,8,7,7,6,7,7,7,56
TRW8SMXMX,ミアムジ流行る,58FD7UF8J,としとしサークル,1150,8,8906,328010,5,4,7,5,7,7,8,7,50
APTTKZ36F,まじお,NMT63RUDV,泥村,1021,3,8908,327920,4,3,3,5,4,5,7,7,38
OELGRFDKD,ゆきのり,R7VEXFUBP,蓮ノ空応援クラブ,871,1,8909,327830,3,2,5,3,2,5,10,4,34
V0W68J973,結城冬晴,5NPVVUGH7,蓮すきすきクラブ,1155,5,8910,327740,5,4,5,6,7,10,7,10,54
4R11WNLR9,マッカラン,387J15240,蓮ノ空登山部,794,0,8910,327740,7,7,5,7,6,3,6,5,46
L08H338DD,ピーマン,6ATNDH9J0,浦の空,840,4,8912,327650,5,4,6,5,5,4,6,5,40
GXU3HMKJ2,シュウ,T2XRMGEAE,蓮根無言会,978,7,8913,327560,4,4,5,4,2,4,6,9,38
6CYJPMUHK,ユキオლ•ω •,T2XRMGEAE,蓮根無言会,998,2,8914,327470,4,4,7,4,6,7,7,1,40
F76PFD7ZC,サカミネ,9VDEWVP01,瑠璃乃の集い,1039,9,8915,327380,6,6,8,7,7,7,8,6,55
YNBBYI8SO,きききりん,JY79RPB1D,リンクラゆる部,1165,15,8916,327290,9,7,6,7,8,8,7,7,59
5VECG5HHA,ごつごつ,VLY5JDKCV,新規なのだけれど,1007,4,8917,327200,5,4,5,7,4,9,6,9,49
5SR3GDMQ6,レイネ,EFYYG9TAY,ご隠居さーくる,1079,5,8917,327200,4,5,5,7,9,6,9,10,55
QPU38MY0U,まさのゆ,F31A07X4V,蓮ノ空福井分校,934,9,8919,327110,4,4,7,2,9,1,7,1,35
TFH66N9AT,零,X87KNX4N3,蓮ノ流星群,657,2,8920,327020,2,1,1,3,2,1,4,1,15
176GXTAW6,英梨,XA0XD41CM,ぼっちぼっち,449,0,8920,327020,7,10,10,7,7,10,10,10,71
KB32RYPXE,りけ,3X8412GRF,squirrel,1032,4,8922,326930,2,3,9,5,4,9,5,10,47
B9EBAY2HL,なる,JD1PFYJWE,瑞蓮隊(無言OK,496,0,8923,326840,6,6,4,1,4,4,3,1,29
5J8X0TN63,オレンジネコ,TR6AR49NR,行けたら行く,323,0,8924,326750,6,7,7,7,6,6,5,7,51
U76XHH9FL,ころも,DH97ANN9G,ツキマカセ,684,0,8924,326750,6,4,7,5,3,6,8,8,47
SJ1A25CPB,Baram,60KU468X3,はっすーず,832,2,8926,326660,4,7,7,4,6,4,2,5,39
9C7PG00V1,B,WJGWLM56V,ぎるてぃぱーく,514,0,8927,326570,2,1,3,5,1,1,5,5,23
X02CAVAJH,ムカイ・リー,6C9R15BLY,スクスタ避難民,699,0,8928,326480,7,5,6,5,4,8,6,7,48
ILO32VFUO,わかやま,MVMP6NNXD,空き時間らくがき,1360,15,8929,326390,10,10,10,6,10,10,10,10,76
240LAJYC5,しろいるか,67BKAB3DW,無言,353,2,8930,326300,6,5,2,1,3,3,1,4,25
MG9OXO6MR,小原鞠莉,1UBNNHVLG,蓮箱推し（仮）,976,11,8930,326300,10,1,7,2,10,9,8,7,54
5LWXMCD98,咲耶,9RYR14H9L,ソロマターリ,1010,3,8932,326210,6,9,7,7,8,8,7,7,59
795R7W327,HANN,EYEPHE14G,花上梢頭,1106,10,8933,326120,10,10,8,7,7,7,8,7,64
BKITHAPV9,ネクサス,G0J2F9NAL,さやさやさーくる,890,4,8934,326030,4,5,6,5,10,6,4,4,44
UDU1FKMJZ,川,YDYH4VRRP,レンクウ,1135,12,8934,326030,3,1,5,1,1,1,3,9,24
FKW3IFEXR,はやぶさ,T56X6LP0L,光の海,990,1,8934,326030,9,9,10,9,9,9,7,8,70
248VA8R0D,ayu,A7WWE0463,蓮ノ空初心者部,337,0,8937,325940,7,7,10,2,7,7,7,1,48
21HC35TJW,闇咲瑠璃夏,WJY2HK6A5,蓮の空イベント部,550,2,8938,325850,10,7,8,5,2,4,3,4,43
58X0AAMKG,kd.,YAD92UYGC,蓮ノ空を信じろ,1167,0,8938,325850,7,6,9,5,6,8,6,5,52
4KF28M9PV,九条天の猫,BMAKK6VNN,にゃにゃにゃ,299,2,8940,325760,2,8,4,1,4,1,1,1,22
E1JVBRI38,ユキムラ,A73H7ENN2,エロマンガ同好会,1148,9,8941,325670,1,2,4,4,5,1,4,4,25
UCNN2ELGY,かずき,XEENRBXCG,蓮ノ空休日クラブ,1013,6,8942,325580,5,4,5,2,6,4,8,8,42
93QBEPM8P,水七月,LP8LPRUM8,蓮ノ空を見守り隊,790,2,8943,325490,2,2,1,1,3,1,1,1,12
BXVTWFWDW,SB,A2N4C0FHE,BRSMS,1060,8,8943,325490,1,1,10,2,8,1,5,5,33
VB65PBGK7,ko,LLDLG20UU,UR取り隊,493,0,8945,325400,4,1,1,1,4,4,4,1,20
H1X8LBM4B,Reikisa,6DFE57BY0,Lovenico,929,7,8946,325310,4,4,7,4,4,5,2,1,31
AYVDF19YG,アマノ,FG4170141,♪さやか愛好会♪,985,4,8947,325220,6,6,1,1,2,2,2,3,23
0OO0L3LOE,setuzai,578YG6EAT,桜桃花束愛聴会,1159,8,8948,325130,4,7,8,4,7,6,6,8,50
6B7KHGGXB,グリンパーチ,427WENUC4,心の癒し～蓮ノ空,211,0,8948,325130,4,5,4,2,3,2,4,1,25
FBRTH9ECB,Sa3ku9,J0PT5EX42,スクスタモ部,211,0,8950,325040,9,10,6,6,10,8,7,5,61
3U9F6L59H,「零音」,LX25CP0TG,深夜の芋煮処,989,3,8951,324950,8,7,8,5,7,7,8,8,58
YYLFYAVFA,ライム,0R8BXPRC1,ポチっ！とクラブ,649,2,8952,324860,8,6,7,8,4,7,6,7,53
W33HJN9A2,たっつー,5YEE75CB4,ロビーで待ってる,1101,1,8953,324770,4,2,3,3,2,3,4,1,22
700SAIKSP,ことりたそ,WPG6BCG83,基本無言,771,0,8954,324590,4,4,5,4,4,4,5,7,37
TEWYXCYYK,むすび丸&阿炎,04G7TDAY3,むすび丸１世,1110,10,8954,324590,5,7,9,4,5,7,5,6,48
AMLER3438,うみねこ3,X87KNX4N3,蓮ノ流星群,690,1,8956,324500,5,1,8,7,4,1,6,5,37
K32KRCHPP,❀近江彼方❀,75UJ5RB97,蓮ノ空雪野球部,217,0,8957,324410,2,2,1,1,3,1,1,1,12
MP6P87XWO,太田彪子,8WAXGK70P,CANARiA,657,0,8958,323960,4,8,8,4,6,4,6,1,41
62UJ0ZSS3,おりぼよ,73N4AB3LR,かほ子のイオン,1187,12,8959,323870,5,9,8,4,6,5,7,7,51
AV5G0UM5K,もとぬき,6P87X0R93,アフターのために,1073,5,8959,323870,7,5,7,7,6,5,7,8,52
83J0M16WD,saki,M6UPWJ6DU,蓮結ぶ虹と星の音,1306,6,8961,323780,7,6,9,4,7,9,8,9,59
W51JMI08P,イッチ,0CEA9XFKR,蓮ノ空の泥人会,1055,7,8962,323690,1,4,5,8,4,1,7,4,34
BMM11LWTE,anju,EECF9C0N3,蓮ノ空　茨城分校,284,2,8963,323600,5,3,2,3,2,1,4,1,21
H2FK1AJXN,たまご.,D1YHB0B1A,BWO,734,0,8964,323510,1,1,1,4,4,4,7,1,23
Y98FR4G08,けんたん,GMYGNRHPJ,のんびりん,780,2,8965,323420,5,6,7,4,2,2,2,7,35
ZDK1BGHVX,瑠璃,31A7JKC69,蓮好きの巣窟,963,0,8966,323330,1,2,1,2,2,1,2,1,12
CHGA53CNN,X,976BY5JWK,ハルカカナタ,689,0,8967,323240,5,7,6,4,6,6,6,4,44
YG6DJ44J2,あおし,AHE0E3JND,ありがと！にひっ,447,0,8968,323150,10,10,10,9,10,10,10,9,78
NEU7GA18B,南東,FG4170141,♪さやか愛好会♪,345,0,8969,322970,3,5,3,2,5,1,10,1,30
NNNV6WNGF,わた,JVUNVCT8P,梢先輩のASMR,920,1,8970,322880,1,4,5,4,2,2,2,5,25
D8W524NVK,ねこやしき,A7WWE0463,蓮ノ空初心者部,851,1,8971,322790,8,7,7,4,6,5,6,10,53
5XNA071FY,りふぃる,KT4C59NXG,めぐ島,1067,4,8971,322790,4,2,1,1,2,1,2,1,14
4K1WB4HTK,まじ雅！,T56X6LP0L,光の海,726,4,8973,322700,1,9,7,1,10,4,7,5,44
S7AM9VH37,Reachka,MUXWTW1GV,蓮の空見守り隊,740,1,8973,322700,5,6,7,4,6,5,7,8,48
1T3RL52V6,たこ,2DYYAPFVN,蓮っ子村,766,5,8975,322610,1,1,7,2,2,3,2,1,19
XWRVJ7WF7,rinsessa,FG4170141,♪さやか愛好会♪,473,2,8976,322430,2,6,2,1,4,1,4,1,21
M5TL7P3GY,KR,U3VEPLPV4,PiONA,667,2,8977,322340,1,2,1,4,2,1,2,5,18
44GG2V1Y5,シャオラ,AC94W0LN2,無言で自由に,599,0,8978,322250,7,5,8,5,7,7,7,8,54
37TK4NI43,オレンジライン,31A7JKC69,蓮好きの巣窟,926,0,8979,322160,7,6,7,4,6,6,7,7,50
N6PQXO79S,ヤスタン,59AK7LJ7A,とりあえず,914,3,8980,322070,4,1,5,1,2,4,6,9,32
25Q4PZ0PZ,スイレン,LX25CP0TG,深夜の芋煮処,1138,1,8981,321890,4,5,7,3,8,5,10,10,52
NMFKDP99R,ちゃりつん,JA2C658FW,さや綴理の村人,540,0,8982,321800,8,7,8,5,7,7,7,7,56
507PRNB8M,とっき,R1RM3X0WV,後方腕組みオタク,1047,1,8983,321710,5,7,8,5,9,4,7,4,49
X7WNNCVJB,レミング,J5CKL5YPX,ログイン勢かもん,491,0,8984,321620,1,1,1,1,2,1,6,1,14
28A26DM5W,いなずさ,PH0YEPJD8,蓮ノ空北國金沢,885,3,8984,321620,3,4,5,1,4,5,6,9,37
ER78W6H1G,たころう,5TWR9PV56,アラフィフ,1124,1,8986,321530,5,6,6,4,9,8,8,7,53
TN8RW3SIF,ラブライブ！,M4B9VNG7R,蓮ノ空SIクラブ,945,4,8987,321440,1,1,8,4,7,6,7,8,42
XMCC5DHSV,ゼルス,XJ3EFLCE7,ゆるゆるライブ組,957,0,8988,321260,4,4,7,4,4,4,5,5,37
XAP5U4LTT,アーリャ,A73H7ENN2,エロマンガ同好会,1244,9,8989,321170,5,4,5,8,7,4,10,10,53
BU7BQ65D6,masoho,PDTRRYUGM,石川県民ひろば,831,3,8989,321170,2,3,4,9,2,4,4,5,33
6PC9BRYIR,みぃこパパ,HWMV33W7Y,フラワー泥民館,1061,0,8991,321080,5,3,5,4,6,4,7,5,39
HDF3JTWK6,浦の星角打倶楽部,C003CD1RW,☆蓮ノ空クラブ☆,780,3,8991,321080,8,10,8,8,4,7,8,7,60
MF5AJYWR7,あさかぜ,25PMPEMG7,星見プロ,1289,12,8993,320990,9,10,9,8,10,10,7,10,73
1EN52HBAF,むとたこ,N1DJVPGP8,いつでも咲けるよ,825,2,8994,320810,1,5,5,9,4,1,6,1,32
9L4WK7YNL,虚無虚無プリン,V7768X8AC,せーので！,1003,2,8995,320720,4,6,6,1,2,4,10,7,40
18ULRJKU9,はまぽん,VJ84BDCHH,がんばルビィ！,977,5,8996,320630,6,7,8,7,7,7,7,8,57
HACUCDUL6,暇人ライダーRX,UHF5Y8PEF,さやちゃん倶楽部,939,3,8997,320540,4,10,5,1,8,1,6,5,40
H45IBEWA7,MUGI,281AVFPPX,蓮ノ空過食クラブ,1028,9,8998,320450,5,4,9,7,7,5,8,7,52
YFSEFHR7E,フユ仙人,GYH0B7CVU,瑠璃乃推し大阪,770,2,8999,320360,3,2,10,1,8,6,3,1,34
AC035TMAA,のりくらおりこ,866DU609J,ラ！スレ@may,930,2,9000,320270,1,1,6,4,4,4,6,5,31
R86RIMRGK,あげ,KK166BYL7,蓮女応援有志部,424,0,9001,320180,4,2,10,2,3,10,1,1,33
0466ARGKW,おしゃ,R1RM3X0WV,後方腕組みオタク,856,2,9002,320090,4,9,5,4,5,6,6,5,44
E6HVP9MVX,ふわもっち,NT2KU5174,こずかほ。,1047,10,9003,320000,9,7,7,4,6,7,7,7,54
6WGWBH3B2,コンパクトD,NGMU0511T,無言のお茶会,840,0,9003,320000,4,6,7,5,6,4,8,7,47
9MQL7VKHH,MuhKuhさん,PDMPF3VVV,r/LL,987,6,9005,319910,1,5,5,8,2,1,7,5,34
RUQ7CS2R1,知的な学院生*゜,35JCHXLTV,yumo,1234,5,9006,319820,4,4,5,5,4,4,6,5,37
8V75ET4GQ,もえ,BT3GEWM5L,ささやか村の集い,449,1,9007,319730,3,6,10,6,2,3,7,4,41
MIXAD6V92,まご茶,2JK7E4115,ラ！推し,1419,6,9007,319730,8,6,9,10,8,7,10,10,68
QYLMF6PG4,フトシ,A73H7ENN2,エロマンガ同好会,1043,7,9009,319550,7,7,10,7,6,6,8,8,59
BTK94FDLJ,ジャスミン,AGJ215YND,蓮の空中國分校,955,3,9010,319460,6,5,7,4,6,5,4,5,42
50TT94CWT,パイセン,FC8NBAJBT,ラー麺二郎金沢店,1179,7,9010,319460,10,10,10,9,10,8,10,10,77
0VHTXBDEA,Maki,REUA4H17B,LLLLBR,189,0,9012,319190,6,10,6,2,10,4,3,8,49
X67QYJMZB,lovela,MV7XM9K9K,行き場無い流れ者,845,1,9013,319100,4,1,4,4,4,4,9,7,37
B113VP53H,くろつぐみ,A86FEX2JC,おやさいさん,949,3,9014,318920,5,7,8,6,8,7,7,7,55
ATV83C4LL,ないんのな,FLFXP0T22,沼津内浦メンバー,1383,18,9014,318920,10,10,10,10,10,10,10,10,80
WMPYXL9D1,Jenniはる,7XH3K4GBT,LLP,1387,13,9016,318830,10,10,10,8,10,8,10,10,76
1J1NFNHDA,まいちゃ,RKT7BC4F6,人形浄瑠璃乃,174,0,9016,318830,6,6,4,4,4,4,2,2,32
HTYZ6SRKP,じゃぐ,JHTULVV5P,故に瑠璃乃推し,451,0,9018,318740,3,2,10,10,7,3,8,1,44
DGU77C4F9,TANAKAja,GK7JNB0NW,参加賞取り隊,822,3,9019,318650,10,7,10,2,2,6,2,5,44
G5YG5VD2Q,あばろん,N34LHVJKN,のんびり堂,980,1,9020,318560,4,5,7,4,4,4,7,8,43
508WKDTCW,トキメキ高咲ィ,JC1YYRXMB,フリーダムな蓮,656,0,9021,318470,6,7,8,5,6,4,6,4,46
QFII0TERP,肉じゃが,W3UUXHMDV,水彩ブーケ,1309,8,9022,318380,8,8,9,5,8,7,7,9,61
26ODCZD08,エーアイ,CP5JE6KFV,コイコイクラブ,937,0,9022,318380,6,5,5,4,6,4,6,5,41
7YUJBA0BH,もい,BEMED3RY1,無言無課金ok,788,3,9024,318290,4,2,8,5,4,4,6,1,34
876D1TC1P,Ariari,WCL6R1ANU,無所属の会,529,2,9025,318200,6,5,5,4,4,7,7,1,39
JXWFD0Z1N,えあ,DPTR37YVB,とりあえず参加用,515,0,9026,318110,1,2,2,4,4,4,5,1,23
Y45AUJW7F,みと,R1RM3X0WV,後方腕組みオタク,1331,8,9027,318020,10,9,8,9,7,9,8,9,69
NG48LPWP9,ろぜりあ,T2XRMGEAE,蓮根無言会,299,0,9028,317930,5,8,7,4,5,2,5,1,37
CJ3LVHWX7,N,9E910GGD2,蓮ノ空給湯室,806,0,9029,317840,2,4,7,7,5,6,6,5,42
AMDMMF7KY,我道走,X7XHWE03H,石川県不審者情報,924,6,9029,317840,5,5,7,6,6,5,6,5,45
X273H8NT0,sakina,XR2599P98,小林,438,2,9031,317660,4,3,1,6,6,2,1,1,24
945FJLRJ3,タンボール,PDTRRYUGM,石川県民ひろば,1113,2,9032,317570,7,6,7,8,7,5,9,10,59
JTFZQRYUJ,マル,T8PB5A8JM,123,1341,6,9033,317300,10,9,9,6,4,4,6,7,55
UGKXD8FKW,かいてい,PVEBYCGYV,◎ディヴィナシオ,1173,0,9033,317300,8,7,8,8,7,7,5,7,57
PE2K0ELPU,つぐオジ,MYTCXJ12B,つーりすと@蓮部,401,0,9035,317210,9,2,1,4,2,1,4,2,25
E0AETV5D2,Sirius,M8FM7P139,蓮ノ空ひとり旅部,1150,2,9036,317120,1,1,2,1,2,1,2,1,11
VCVEGH336,ハヤト,K5TN1RT6D,キンカンナマナマ,894,2,9036,317120,7,7,10,6,7,7,6,7,57
26IHVJ9WN,Einhart,EKACCPWWB,タフノ空学院,945,2,9038,317030,1,5,6,1,5,1,6,9,34
T0C8EMI40,ほーりー,00T3NXXA9,初心者,912,4,9039,316850,6,9,4,5,6,6,4,8,48
ANF0KJFE3,レディオ,DFXN9DB2H,どんぐり共和国,995,3,9039,316850,4,4,2,4,4,1,8,8,35
HMEF3IHQG,せきた。,BAWM142YF,片隅用具いれ,1162,0,9041,316760,8,8,9,5,6,6,10,10,62
XRXH66R95,yumecan,RN24L196L,るりーーー,417,2,9042,316670,4,5,10,4,2,2,3,4,34
XCEKCUO78,白き翼,60KU468X3,はっすーず,1028,2,9042,316670,7,7,7,6,6,4,8,1,46
X3UUAMT30,にこにこに,80VRCG1BY,みらぱ同好会,306,0,9044,316580,2,3,9,5,2,6,5,4,36
NCC5MO0AY,カリス,Y4G0KF6NB,無言でやる会,1230,15,9044,316580,7,9,8,6,8,8,8,9,63
OIPG5U1Q7,RX78-217,GVNKNN878,Aqours,869,2,9046,316490,5,9,9,1,2,7,6,7,46
19X0SNCGZ,Risei,2U4GLJXLJ,泥の中の養分,982,13,9047,316400,3,4,3,6,8,6,8,2,40
PV2AGVO25,試されるむーさん,BUKPFCJCY,TTMC蓮ノ空班,1095,9,9048,316310,4,5,9,6,7,8,8,8,55
D0XMY9EW7,ハララ,ATB27G5P2,おこめ茶寮,1247,4,9049,316220,6,7,8,7,7,7,8,7,57
R6XWWM95K,たーま,YF6EGUY7C,そろ,778,0,9050,316130,7,5,9,4,7,6,6,7,51
FEZ9AWWO9,ぴーたん,4HCL7BG63,乙宗喫茶店,1027,13,9050,316130,8,7,9,5,7,7,7,8,58
RM2GHAV28,haru,DHKUGEWBJ,めぐ党虹ヶ咲支部,1050,11,9052,315860,6,7,9,6,6,7,2,9,52
91HY4FXBS,ももこ。,CY3GGDH7H,㍿キモ・オタク,1358,15,9052,315860,9,10,10,8,10,9,10,10,76
LSQBX62I2,へもんじ,58FD7UF8J,としとしサークル,1005,0,9054,315770,7,5,7,4,7,5,6,7,48
JTPRFCENU,アキ,L28X4MDJN,アフター観たいぞ,1322,8,9055,315680,9,9,10,7,7,10,10,9,71
SUGL4ZTMJ,プラネタリウム,V8XX999F6,卍蓮村幼稚園卍,1158,4,9056,315590,5,4,7,5,7,7,6,9,50
A2824HN0W,ひいらぎ,9GDHWXGVG,ルリと花咲く毎日,725,2,9057,315500,4,4,4,4,4,1,6,4,31
KC319H0XD,あじしお,74HPWML1R,VALORANT,945,1,9058,315410,4,4,5,1,8,1,6,10,39
BV9JYHY6D,aru,06DCWC1RE,とりあえず参戦用,1084,5,9058,315410,4,1,6,7,8,10,6,8,50
VTLZUUSSF,SORUTONU,3BE2RELRC,見晴台,859,4,9060,315320,1,5,5,5,6,3,5,5,35
E7RYAWM7W,れみりーふ,2K5AM4RV0,とろぺりです,889,0,9061,315230,4,4,4,9,7,7,4,5,44
FXFX0DB6E,Nya,41N8G98LV,花帆梢百合応援部,905,0,9062,315140,4,3,4,5,4,4,7,8,39
SZPCUZRFP,ゆめぴ,4HCL7BG63,乙宗喫茶店,1279,17,9062,315140,5,5,5,7,8,8,8,8,54
P17MNVWTM,カヌレ,8BAYBXUXC,スリブ大好き♪,860,2,9064,315050,8,5,7,4,4,4,5,4,41
F0X4VXMU5,近江遥,1EBG7YUTL,菅！CAN！叶！,961,2,9064,315050,1,7,5,5,6,5,7,8,44
JRMR2NHO4,Remu,BYA3FA0X8,無言ぼっち同好会,916,10,9066,314960,4,6,4,5,4,5,4,10,42
251KK61L0,フィリップ,5L9GNT78V,叶え！私達の◯◯,914,2,9067,314870,7,7,10,7,6,6,8,8,59
G0KPGLRJ3,ありす,NCX28D4VB,Lyric,992,0,9068,314780,5,6,6,4,6,5,6,7,45
3HUN7PKIG,はなはな,RXXUPMWB9,待機室跡地観測所,1251,7,9069,314690,7,4,4,6,7,6,5,8,47
680NEVOVP,ネコザメ,8M2MFU9U0,リンクライブ,1038,0,9070,314510,4,5,8,7,5,6,7,8,50
ND0GGJKEG,りんご,DFXEH0E0B,香港の初心者♪,750,6,9070,314510,7,7,4,4,6,2,3,4,37
HNFJNW75M,こうお,WBCN61N99,SRK組,446,0,9072,314420,4,2,3,1,4,4,3,1,22
S08MJ23BF,ねお,8MDA3A0AK,イベント用,440,0,9072,314420,8,7,5,1,3,5,6,8,43
RTLV7JYLK,ゆーじゃ,WNA5GTJPP,蓮ノ空百合クラブ,1051,7,9074,314330,7,4,7,7,2,7,7,10,51
Y0W27ACUK,pyon兎,TFGKYEY98,LLP JR,803,0,9075,314240,7,7,9,4,4,6,7,7,51
JEKHA7U1F,棚放たな,B08JAPP33,対抗戦したい,405,2,9076,314150,5,6,10,5,10,3,7,5,51
17FFN2OLK,あまぎ,TTEDCBRPG,あずき,143,0,9077,314060,1,2,1,1,1,1,1,1,9
4LMY78699,雪乃,7AATUNUPE,無言サークル,1063,2,9078,313970,7,7,7,7,7,7,7,8,57
85PN7N05L,irona,FG4170141,♪さやか愛好会♪,744,2,9078,313970,4,4,5,5,3,4,6,7,38
SAUZL657F,CBoard,XN2VEA6DN,無言,643,0,9080,313880,3,2,5,1,10,2,6,10,39
ER08GD617,ヤマＤ,UYCT3Y4JK,蓮っ子,826,2,9081,313790,2,4,5,4,4,1,5,4,29
F9HRY1J82,iw@,3HDDYR4FU,旅人,949,4,9082,313700,4,4,4,1,2,1,2,1,19
FXH5RUR2E,テリー・ボガード,HWJ8XPW0T,箱推しなのだけど,886,2,9083,313610,8,5,4,4,4,6,10,10,51
ICGNQ43SB,くんくん,L3NN1RWMY,アポロベイ海賊団,950,2,9084,313520,2,4,8,1,4,2,8,1,30
P1UC335FE,えちご,5WUDLMWEP,蓮ノ空は明日ノ空,901,5,9085,313430,1,4,5,4,7,4,6,5,36
V0NHANXB2,シロ,YDYH4VRRP,レンクウ,539,1,9085,313430,4,1,4,1,1,1,5,1,18
YKDTAYH8A,Ryo,NLTAB4BLF,蓮ノ空ゆる活動部,616,0,9087,313340,2,1,1,1,1,1,2,1,10
VJBMMB4TB,恵規,XA0XD41CM,ぼっちぼっち,735,0,9088,313250,5,5,7,4,5,4,4,4,38
KD2G96K9L,比企谷小町,BYA3FA0X8,無言ぼっち同好会,455,0,9089,313160,1,2,1,1,3,1,3,1,13
2K681WWLJ,レン,U00TP03KP,阪大リンクラ部,289,0,9090,313070,7,5,4,4,6,5,5,4,40
N66RD5W9L,ざっく,2K5AM4RV0,とろぺりです,925,2,9091,312980,1,6,7,9,6,5,6,8,48
9Q0KE9EQR,そら,DMDVHGFUG,インドネシア仲間,1126,8,9092,312890,1,3,5,4,3,5,6,8,35
KLX5W7DXV,ねこ,C021HVB2B,第3芸能科,156,0,9092,312890,6,5,5,4,1,4,1,1,27
1TBS0IN6P,マジカ,B1KYU3XF8,LG lotus,1252,1,9094,312710,7,6,7,5,7,7,4,8,51
P8VNMLGW2,こんぱん,UX96YX4T1,『位置について』,451,0,9095,312440,1,1,1,1,2,1,2,1,10
DMR72RMEC,シガツ·キキョウ,7TR2VDFD0,（株）すずぎん組,260,0,9096,312350,5,4,2,3,3,4,3,3,27
KGU95TU6C,バシム,KFC62L0FV,ねるねる同好会,1003,7,9097,312260,4,4,5,5,4,5,7,8,42
UV6NLMK2K,屋根裏のゴミ,L2HJ46YVK,徒町の一発ギャグ,962,3,9098,312170,1,4,5,7,8,7,8,8,48
XAWE5NVNJ,あゆみ,NCX28D4VB,Lyric,1033,0,9099,312080,4,6,5,4,6,5,6,7,43
1TJF1I70Y,たくと,BT22M41DV,梢花帆吟子同好会,913,3,9100,311990,3,2,6,1,2,9,7,8,38
GYTXZQ8MW,とうふ,WM6VLG32E,ツナガルソラ,518,0,9100,311990,5,6,8,5,4,4,4,1,37
L22430RUE,mskk,865UE9UC6,蓮ノ空うどん部,975,6,9102,311900,4,4,1,4,4,5,4,7,33
UT19000H2,るい,Y4G0KF6NB,無言でやる会,946,8,9103,311810,4,5,4,5,6,6,3,9,42
HW6FCXDYM,(・8・),57UT319NN,蓮ノ空同好会,804,2,9104,311720,8,2,1,4,3,1,4,4,27
I3UR5YCCD,リウム,X87KNX4N3,蓮ノ流星群,1177,13,9104,311720,9,8,10,9,9,9,9,8,71
Z0T1DNPWM,Monika,PDMPF3VVV,r/LL,739,0,9106,311450,1,2,1,1,2,1,3,1,12
5E32MA6BE,リュータカ,JY79RPB1D,リンクラゆる部,1284,15,9107,311360,8,10,8,8,8,8,10,10,70
Z5AGF2FTZ,とまと,FNMV166UY,蓮ノ空喫茶部,1445,13,9108,311270,5,6,5,4,6,5,7,7,45
U4W2B14UT,真玉橋孝一,JDAUTGR5N,花帆ウサギ,1070,2,9108,311270,7,7,8,6,9,7,9,10,63
D9M8BG0HY,たか,P3BN515BP,あ,553,0,9110,311180,1,4,3,1,2,2,1,1,15
9IPHY9HY0,くろえ,A73H7ENN2,エロマンガ同好会,1125,2,9111,311090,6,6,7,5,7,5,6,8,50
WCKPWJM1R,アルファ,48GTYR1VB,ハラショー！,800,4,9112,311000,10,10,4,7,4,2,5,4,46
CHD941XTD,黑,4K9M1V6AG,うおwだねぇ〜,155,0,9113,310910,6,6,3,5,6,3,1,1,31
NLMEFX79M,sky,R083H7WRN,サークル無言,978,12,9114,310820,6,4,7,10,3,3,8,7,48
SVNL4X38U,栞,EE4BKR0AR,まったりプレイ,1169,3,9115,310640,1,4,7,4,4,6,6,10,42
49F8DT262,たんTAN,N7GLY2RUW,百生銀行,1105,2,9115,310640,4,7,4,5,6,4,6,8,44
XDV09M43B,どくだみ,3BDTCERX6,打ち返した流れ星,717,2,9117,310550,1,4,8,2,4,4,7,8,38
XVE70516L,そだて,RXXUPMWB9,待機室跡地観測所,872,2,9118,310460,3,2,1,3,3,2,4,3,21
C772L3HAB,なっぴさん,LETV4C1KG,無言の行,339,0,9119,310370,3,3,2,2,1,1,3,1,16
ZO1OWTFQP,れくすぴ,JA2C658FW,さや綴理の村人,1218,2,9120,310280,9,4,4,4,7,8,6,7,49
VX4W7B07Y,あなたちゃん,5YEE75CB4,ロビーで待ってる,962,10,9121,310190,6,2,4,4,2,2,4,7,31
QQNIII9Y6,_φ(･_･,PUJ0ERCMW,蓮ノ空倶楽部,1169,8,9122,310100,2,1,5,1,3,1,7,5,25
F4WHW5NX9,Ritto,BPFAT416J,さやかわいい,1036,2,9123,310010,4,7,1,5,6,4,6,5,38
7U8JXAW1J,饶舒铭,TK9E1BB1P,無言で自由,716,0,9124,309920,7,8,9,5,6,7,7,5,54
ZJ7LK3VTO,おちゃ,57UT319NN,蓮ノ空同好会,351,0,9125,309830,1,3,4,1,3,1,2,1,16
Y68VFOTP3,おにぎりは,VA6X5YNNF,スリーズ分家,882,0,9125,309830,4,4,7,4,4,1,6,5,35
BN9MGNRVH,3i6oku,H1LJBTPUX,36,912,2,9127,309740,4,4,7,4,4,6,7,7,43
HR9LXDXPF,&U,GPKTRBCTT,騎空団蓮ノ空支部,801,2,9128,309650,4,5,6,4,3,4,8,7,41
QU6QEE5G1,大鳥包,RN24L196L,るりーーー,1462,12,9129,309560,6,5,10,1,10,6,10,9,57
A166TWMS3,塚紗りむ,G2B2TC3PK,iLiFE!,1021,8,9130,309290,1,1,5,1,10,8,7,8,41
BBD5EFKMW,コッティー,3LPBPHL3V,壁の民の伝説,906,0,9131,309200,3,4,5,7,4,6,8,7,44
6A0TFAK92,くもも,9P9EPKFHE,無言参加OK,186,0,9132,309110,2,3,2,1,7,2,4,1,22
1TIQITORA,SSR,0UTVRAKFL,平穏無言,800,0,9133,309020,1,1,5,4,7,1,6,5,30
ETLHCH931,むらきち,T48KV9EP2,無言ぱーく,521,0,9133,309020,5,7,6,5,6,5,8,8,50
24L7O62K2,もりこ,JY79RPB1D,リンクラゆる部,1069,4,9135,308930,1,3,5,2,7,4,8,8,38
VLR278C6K,Cuさん,GYJ3C6TKR,綴理先輩好き好き,250,0,9136,308840,1,2,2,1,2,1,2,1,12
W7XRMLGNL,蓮好きすきクラブ,BT3GEWM5L,ささやか村の集い,605,4,9137,308750,1,4,1,1,4,2,4,1,18
2CUNNPA3U,れんぱす,1D7T2UXC2,無言でのんびり,878,2,9138,308660,6,6,9,7,7,8,7,7,57
AKJ0U0BRI,まる,EECF9C0N3,蓮ノ空　茨城分校,803,7,9138,308660,9,6,6,7,5,6,6,4,49
V6FPR4NMU,タカくん,HNGMTKLYK,ルビィ,977,6,9140,308570,4,2,5,4,4,4,1,1,25
N743U4ERU,もな,424NLTEE8,無言な異次元部屋,1150,11,9141,308480,9,3,5,2,10,1,6,10,46
50SPKC7CX,りら,WBM6R0WVJ,蓮ノ空生花クラブ,460,0,9142,308390,1,1,2,1,2,3,1,1,12
T68B6KGHT,テンテン,XN2VEA6DN,無言,908,4,9142,308390,7,5,9,4,4,7,6,7,49
4DGPVMS8L,カティ,WCL6R1ANU,無所属の会,1030,7,9144,308300,5,5,7,4,4,5,6,7,43
1H1JF43D0,よしの,R083H7WRN,サークル無言,426,1,9145,308210,5,2,10,10,2,2,10,10,51
RUMGFK8CF,甜酒,95TAREFPT,ご自由にどうぞ,676,6,9146,307940,3,6,8,1,6,5,6,1,36
3YY8CPUK5,みきた,7UBUGF7G1,ワイのサークル,1078,1,9147,307850,4,1,7,4,6,5,10,10,47
A5YF4XRBJ,いろは,F08AHUJJ0,綴理のお世話係,958,9,9147,307850,7,6,7,5,7,7,7,7,53
M0RRBAUD5,Arte,KJU0BU77M,無言交流なし,554,2,9147,307850,5,2,4,1,6,10,4,1,33
1L5VPULNB,まるた,H1G4CDT6C,無言自由,791,0,9150,307760,7,4,7,7,6,5,9,10,55
XPNBADCY2,なつ,57UT319NN,蓮ノ空同好会,444,0,9151,307670,10,10,10,9,10,10,10,8,77
5XKJTYH7X,ベイトソン,W3UUXHMDV,水彩ブーケ,840,2,9152,307580,7,9,10,10,10,7,7,9,69
RA6EJMVLV,totaro,GYG7B5R36,幼馴染同好会,1194,0,9153,307490,7,7,7,7,7,7,6,7,55
4Z781CKQC,ゆう,F2M746D4B,頑張らないクラブ,1087,9,9154,307400,5,3,10,5,7,7,7,5,49
2T77PDGCC,ツッツ,4NDAG5E9N,国産牛のにげあし,700,0,9154,307400,5,5,5,4,2,4,5,4,34
7V6HD4TX9,ことほのうみ,RBH0YM8P2,蓮ノ空ラーメン部,1216,15,9156,307310,8,6,5,6,5,5,8,10,53
BCXY9W7W7,MD,ULUELCJ7T,なるようになる？,1090,7,9157,307220,1,1,4,1,6,1,6,7,27
XFJRJTKCX,とあちゃま,F90XW14UP,のんびりプレイ,322,0,9158,307130,4,2,2,1,1,2,4,1,17
JOS6WGVGR,ひゃー,JD1PFYJWE,瑞蓮隊(無言OK,734,1,9159,307040,7,6,6,7,6,6,6,8,52
VTHR0MGDH,ayu,DMDVHGFUG,インドネシア仲間,331,0,9160,306950,4,3,2,3,2,1,10,1,26
0R13TUC67,とよほん,RC3X71TV7,気づいたら爆散,540,0,9160,306950,7,5,10,5,6,10,5,7,55
JGBT0HE32,kirin,RKT7BC4F6,人形浄瑠璃乃,592,0,9162,306860,3,7,4,6,4,4,8,1,37
966KRJZVB,きょん,MVMP6NNXD,空き時間らくがき,1216,10,9163,306770,4,2,5,1,4,4,6,8,34
9J50D04CC,しもん,88DJ300PJ,めぐ党 • 永遠,1066,8,9164,306680,1,1,5,2,2,10,6,10,37
JP4XC840G,瑞甫,V33FGRFC4,1限目に遅刻ラブ,782,6,9165,306590,4,8,7,4,6,5,7,4,45
T3VKQG1IY,kura,3L3TAA862,チーム用務員,947,6,9166,306500,1,1,1,1,2,1,2,1,10
3WU46EDRT,ユウキ-S,WN3LHKX0L,レンコンおいしい,956,6,9167,306410,5,1,5,5,5,5,7,8,41
Y8BVIYLUT,七瀬,4J2XA79Y5,浮かれポンチ部,1213,6,9167,306410,8,5,7,8,6,7,7,9,57
NDGCAF2EG,はろ,C8A9CTB34,蓮ノ空山岡家部,623,0,9169,306320,5,4,7,5,2,2,8,4,37
WIGOVZAVL,握り飯,Y2HV0YEF7,蓮ノ空を応援し隊,1155,1,9170,306230,6,6,5,4,4,4,7,8,44
WXH6KLL9Y,アルパカ,CYNFHNND2,（＾◇＾）,474,2,9171,306140,7,7,9,7,7,7,6,7,57
U9AG6W640,ぽんず,9C0KWR782,まったリンクラ,746,2,9172,306050,4,6,5,6,4,4,2,4,35
N1XPP8U7X,たかつき,AY9B3NA8E,カチコチかちまち,263,0,9173,305960,6,8,9,6,8,4,5,7,53
KUDLVC58W,K.ヨッちゃん,CL9JCBTU6,蓮ノ空出遅れ組,830,0,9173,305960,7,6,9,7,7,5,7,7,55
X8PV9KJYO,なかじ,B4ADNM80X,山本組,1423,18,9175,305870,8,8,7,7,9,8,8,9,64
OCC0GOYXU,ハツユキ,YXKR0GGM4,蓮ノ空好き好き,633,0,9176,305780,3,2,1,1,3,1,4,2,17
71WTB8626,りゅう,J0N1E3Y09,月火水木金土日,569,1,9177,305690,3,5,3,2,2,1,4,1,21
7JZES5BTH,蓬莱,HGRP0LCCF,あなたの傘,859,2,9177,305690,4,8,5,4,6,8,4,4,43
3TX4X37WY,雪,KXU941RFJ,梢先輩おめでとう,1105,6,9177,305690,1,3,1,1,1,1,2,3,13
TTS2QP9E2,シャワー,1UBNNHVLG,蓮箱推し（仮）,1080,2,9180,305600,5,6,10,5,6,8,8,8,56
V3U6YMADL,P-MAN,WPG6BCG83,基本無言,931,4,9181,305510,5,6,8,5,6,8,8,8,54
VXETGA1RP,青山メリー氏,27R54NTJ6,♥野中に夢中♥,763,2,9181,305510,2,10,4,2,3,1,7,5,34
0TU8HEH0J,さかえ,T0XP8PFYU,兼六園と私,799,0,9183,305420,4,4,4,4,4,1,4,4,29
3LWDDYFKL,よつみし,V33FGRFC4,1限目に遅刻ラブ,329,0,9184,305330,5,6,8,5,4,1,6,1,36
52RTXUFZ1,けら,TKVR3KU7L,ネギトロTKG,939,1,9185,305150,6,1,4,4,2,1,10,5,33
X18M1GTWY,ゆーき,9E910GGD2,蓮ノ空給湯室,429,0,9185,305150,7,7,9,6,6,6,6,5,52
LP0XNO1TE,ちい,LY0XPW7NL,元カノ概念強火派,582,0,9187,305060,1,1,1,1,4,5,2,1,16
XTJ0F4QAG,ジャスティンの,UVK38MFR2,蓮の虚無サー,1145,2,9188,304970,5,6,9,6,7,6,10,10,59
0AN42EYY8,梢せんぱぁ～い,H6JWBBGCG,蓮天・乙宗一心流,489,2,9189,304790,8,3,6,7,2,5,4,8,43
YUBTJAK8N,わくちゃん,KGY709ULG,蓮の花束,141,0,9190,304700,6,4,5,7,5,6,4,2,39
1XX18CGSW,kei,DFFYFJ2B6,つづさや好き過ぎ,1040,12,9191,304610,1,2,7,4,6,4,6,4,34
BG7RRQ5BQ,琢斗,YB3VJBCCH,愛トモの会,1061,8,9191,304610,3,6,9,6,9,8,6,8,55
45NYECCPR,つっちー,8UJNTV5BX,のんびりと部,989,5,9193,304520,4,7,7,4,7,7,7,5,48
9U9121Y8F,かに,RXXUPMWB9,待機室跡地観測所,916,4,9193,304520,4,4,5,6,4,5,8,7,43
HVQMRY352,のそのそ,J0PT5EX42,スクスタモ部,681,0,9195,304430,2,2,1,1,3,1,2,1,13
VWWRJUE6J,蓮丿空365,79M29YPHW,スリーズブーケ,836,6,9196,304340,10,6,6,5,6,4,2,1,40
FJ0RXVPW8,単純細胞,ABALH0AL3,楽園計画,737,0,9197,304250,6,8,2,9,2,2,7,7,43
V6NAA5CT9,浩,Y6KN85L5P,孤独の村人,158,0,9198,304160,2,4,5,7,4,8,2,7,39
2235BU5XW,トッキー,YXKR0GGM4,蓮ノ空好き好き,1038,6,9199,304070,1,5,10,9,6,5,6,7,49
W093E1KRE,insideon,1X8UDND51,徒町のおこづかい,411,0,9199,304070,4,10,2,4,3,9,5,5,42
TRNTHR1XK,キャベニキ,J62DRC7J5,蓮ノ空好き好き会,971,7,9201,303980,7,4,7,5,7,7,7,7,51
Z3ADHJF5Z,七海,WFPA7YJE1,蓮ノ空文芸部,857,6,9202,303890,5,2,1,4,4,5,7,4,32
YTA0K5987,リゼ,PWK02KG0F,メメントの森公園,849,1,9203,303800,10,10,9,7,8,6,8,7,65
XRM9AYLG0,コツメカワウソ,05KN1RR3U,さやかほ花卉園,167,0,9203,303800,7,6,8,5,6,6,7,5,50
SA9AOLL8E,Wa,FPWB11WF1,ぽいぽい,949,5,9205,303620,6,6,9,6,2,1,7,4,41
V3PXXTL08,※の人,YAY2UK2CT,蓮の空研究部,1110,2,9206,303440,1,2,1,1,2,1,4,1,13
TNVEMK8JJ,たけちゃん,30W3RA65G,蓮ノ空自由クラブ,616,2,9206,303440,5,3,3,4,1,2,4,2,24
KZIGX8ANE,能登の端,EWM0GK62C,誰でもどうぞ,1066,4,9208,303350,1,4,8,5,6,4,8,8,44
R6J1CL1W6,Zaphkiel,75UJ5RB97,蓮ノ空雪野球部,474,0,9209,303260,6,5,3,1,6,5,7,5,38
U9MM27R4D,柏木　耕一,G8F0M2PH2,アフターウォール,1141,0,9210,303170,7,5,9,7,7,5,9,9,58
7JJ0O5O59,ハクシュン,BW38LDPRF,蓮浦の星空,1112,1,9211,303080,6,7,8,5,7,7,9,9,58
XHTEM8U07,ぐっち,DKPMRA0TA,蓮ノ空奉仕部,732,0,9211,303080,4,6,8,8,6,4,6,8,50
87DHOP0VA,さかなごでん,FG5VFFNRK,蓮ノ空おじさん,1114,12,9213,302990,6,5,5,6,6,7,8,8,51
B3XUDAE3D,熊熊,H1LTYMK0B,花帆が可愛いの会,813,2,9214,302900,4,2,6,1,4,4,5,4,30
6UUGOEVRF,クッタン,6LJMPLM0V,蓮が大好きクラブ,993,2,9214,302900,1,1,1,1,3,2,2,1,12
JCOQ8RM1Y,風来,3XCG5FGTR,test,985,0,9216,302810,1,5,6,4,6,4,5,8,39
B9TMW2TRD,あるしな,28XJ8NK4L,蓮ノ空まったり部,877,4,9217,302720,1,4,4,4,7,8,6,4,38
53LKTPKUR,パンコ,YJNWBA8F6,梢推し隊仙台支社,1024,4,9218,302630,7,6,5,10,2,1,8,8,47
R2YH223CW,もみじ。,HE0GK3EPE,瑞蓮プロカ倶楽部,1159,1,9219,302540,8,8,8,9,10,9,8,9,69
G48MU6LCF,みどり,738KXH00G,100年経っても,992,0,9219,302540,8,4,7,9,6,5,1,4,44
GATNR1L35,かどちゃん,R9T0YKDW8,バブまち応援隊,884,3,9221,302450,1,1,1,8,4,1,2,4,22
18U22QHJQ,イチゴわん,CPFT3FA9N,一,1084,5,9222,302360,5,5,7,4,6,7,5,7,46
XAQH78XOV,NAO,03UX84WLY,こやんいくらぶ,1081,9,9222,302360,6,4,10,5,10,5,10,10,60
2UGUHSW7D,ふるーど,MWT91W455,つづこず大好き部,1150,3,9224,302270,4,4,4,4,1,1,6,4,28
RYVYU95BC,かたぴ,LAKRG5NK9,ログイン勢,522,0,9225,302090,6,8,9,7,4,4,8,8,54
FD7RWBHMV,jun,PH0YEPJD8,蓮ノ空北國金沢,1231,7,9226,302000,7,8,7,8,5,7,8,7,57
XEB9MWG8K,ゆーせー,RM7N1JDB5,無言推奨不干渉会,728,2,9227,301910,7,6,6,4,7,7,7,4,48
WU2E6H379,アリア,K25DPPGT9,圧倒的にまったり,771,2,9228,301820,6,3,5,1,4,4,6,1,30
K7KJUXDNA,バギー,XXVVJY6FE,はぴぱれ,228,0,9229,301640,7,5,4,5,4,4,5,1,35
83R18REBE,小池徹平,5L9GNT78V,叶え！私達の◯◯,738,2,9229,301640,1,1,1,1,4,8,2,1,19
5W7PI0CG5,とと,9X07VGM42,近江町食べ歩き隊,1331,4,9231,301550,7,7,8,4,7,7,8,8,56
BM7RB294J,ユウヤ,H3PE5XXM4,白糸台,708,2,9232,301460,5,3,9,9,3,1,2,7,39
X3MMC116D,依然曉宸,X19MP0NTT,蓮之空河豚养殖場,999,6,9233,301370,1,6,8,4,2,7,8,7,43
6NYFCV80C,ろば,G0J2F9NAL,さやさやさーくる,845,0,9234,301280,2,1,1,4,2,1,2,7,20
K3MLW8XJE,あましょく,N1DJVPGP8,いつでも咲けるよ,1067,11,9234,301280,1,1,1,1,2,1,2,1,10
1LCPW0BM1,ぷにしえ53世,29BKKBRBD,蓮ノレッドサンズ,604,0,9236,301190,5,8,6,4,6,6,5,5,45
LAZ2VZO6O,詩音,J83JWJ028,大ㄇㄚˊ露營區,730,0,9237,301100,1,1,1,1,2,1,4,4,15
17S6DJZC4,桜陽炎,HBCC35887,そりゃー!!!,754,0,9238,301010,1,4,8,1,4,4,6,7,35
DWYJ97LE4,アブレイ,VLY5JDKCV,新規なのだけれど,901,2,9239,300830,8,6,8,5,7,5,2,1,42
J25E4ERL1,2jung,AHE0E3JND,ありがと！にひっ,371,0,9240,300740,4,4,9,10,2,6,4,10,49
6W38GNRPJ,あすか,8MDA3A0AK,イベント用,373,0,9241,300650,1,1,5,5,10,1,6,1,30
NLGAXFPOK,たかはるjp,E49YWK5YC,酢蓮根,601,0,9242,300560,5,7,10,4,2,7,8,5,48
GBF224LVG,水瀬 凛,7U4G2VY9K,わくわくクラブ,196,0,9243,300380,4,3,10,1,2,3,1,1,25
484TF7733,うさちゃん,646YTH7KK,KA,730,0,9244,300200,6,7,8,4,6,6,5,5,47
LJAJ8PT76,パチクロス,9FF5JBNDF,めぐすきクラブ,1334,10,9244,300200,8,7,8,8,7,7,6,7,58
GW46RAVCA,トルチェ,8BAYBXUXC,スリブ大好き♪,802,3,9246,300110,6,6,1,2,3,3,5,1,27
LPHMIH2TR,柊かがみ,DKNHY5HH6,なす料理研究会,1183,12,9247,300020,7,7,10,7,8,6,10,10,65
SILQALU6I,アリス,PD80VCP5N,虹ヶ咲学園,693,2,9248,299930,6,5,5,6,6,5,7,7,47
X3KK4TM6K,チル・ホール,RWG56GK19,e+本社ヲ爆破ス,727,0,9249,299840,1,4,7,1,2,1,2,1,19
8M8ASBHNJ,スサワ,DF7FA982P,蓮ノ空百合部,1071,2,9250,299750,1,1,2,5,4,1,2,4,20
N5BVNYPXD,桜井 緋彩,VNGFF4PY9,ねずみね！,994,11,9251,299660,4,4,6,2,2,6,3,2,29
NM17RHPAC,やすお,E49YWK5YC,酢蓮根,542,1,9251,299660,4,2,6,1,2,4,3,1,23
GWM2VEF07,リバスト,WWWUTP96L,異次元からキマシ,1048,7,9253,299570,2,6,7,5,4,4,7,9,44
7E2DPFX2T,夜空,MWXP6RMA7,月火水木金土日,983,2,9254,299480,8,6,7,4,6,6,5,7,49
RMOJP9CN2,灯里,97BGFLKW9,◯◯◯,721,0,9255,299390,4,1,5,4,4,4,3,4,29
P666WL615,水餅,HWMV33W7Y,フラワー泥民館,1133,0,9256,299300,7,4,7,6,6,6,9,9,54
35FKE4CA5,ぷりん,C68491XHB,みらくらぽーく！,770,1,9257,299210,6,5,9,5,6,7,6,4,48
4PPE1340B,kossy,8WRERP3MJ,ゆっくりよわよわ,297,0,9258,299030,2,3,1,2,2,1,1,1,13
MDX2A5F7C,ゆうゆ,6BFC4G5YG,蓮ノ空足湯同好会,965,3,9258,299030,7,7,8,5,6,7,8,8,56
26NFI9EEQ,もりな,9T4VJXJ01,おためし,627,0,9260,298940,2,2,5,1,4,1,5,1,21
7J7M80XTB,のり,TK9E1BB1P,無言で自由,923,2,9260,298940,4,4,10,4,4,6,9,10,51
DUXUGNT0M,Badend,DFXN9DB2H,どんぐり共和国,1168,17,9262,298850,1,1,1,1,1,1,2,1,9
CTMB5UUCX,テラナイト,M6UPWJ6DU,蓮結ぶ虹と星の音,1019,4,9263,298760,1,4,6,5,6,8,7,5,42
3CZ74WCPT,プレイヤー,PD80VCP5N,虹ヶ咲学園,1083,12,9264,298670,6,6,7,4,6,7,8,7,51
7317XERM1,犬,R3UE4PGCE,うさぎ小屋,655,0,9265,298580,4,4,5,7,4,4,7,8,43
749PPHG4F,Fuuko,AAHB7C276,HaCordVN,262,0,9266,298490,1,3,3,1,2,2,3,1,16
TKF3WC7W6,nρ,RXG20PYXD,Bloomy!,889,2,9266,298490,3,9,7,4,7,5,5,5,45
MF4AFFYFA,たかりん,WLBYGHXPD,大天使村野さやか,839,0,9268,298220,8,2,8,4,7,5,6,7,47
RT7XJD6MA,ちゃソ,KUVF6HT3A,自由気まま,922,0,9269,298130,4,8,9,10,6,9,5,7,58
8YVLR2CD2,ああああ,Y7KJ3PM8P,蓮すきすき同好会,793,0,9270,298040,1,10,5,5,4,4,6,5,40
MZLMO6VQ7,ちあき,TBFU5R6H1,明日ノ空,818,3,9271,297950,4,1,4,4,8,1,1,1,24
5G5P2FCHL,おぐりな,C8FW4K1FM,蓮箱＆姫芽推し,374,2,9271,297950,4,5,2,1,6,3,1,1,23
JVK229T7K,bujjwole,JHTULVV5P,故に瑠璃乃推し,1082,2,9273,297860,9,9,9,5,8,8,7,9,64
WKFCRXYV8,北,AWFDLJ1HC,小蓮花（重生版x,850,10,9274,297770,1,2,1,1,2,1,2,1,11
I6B73EGAT,なな子,9GEABLUDP,◯◯サークル,541,1,9275,297590,1,1,1,1,1,1,1,1,8
H2BGR0HRQ,Shino,YADX9DY49,ﾊｽﾉｿﾗｰ,1221,0,9276,297500,7,8,10,4,6,7,8,8,58
77DJANTJR,味吉陽一,K69M1X95F,アイリス,673,0,9277,297410,1,2,4,3,4,1,2,1,18
TQ121V5CS,ユウ,AR9HR528A,いろいろ実況,1158,0,9277,297410,5,5,5,5,5,5,8,8,46
BXZVB9GKY,青姫,MBAX5KWM2,青いサファイヤ,1139,5,9279,297320,7,7,9,10,6,5,10,10,64
VZRH6QQL3,うぃすてりあ,6GG41GREU,5度目の桜,1260,12,9280,297230,7,7,7,7,7,7,7,7,56
XP6JR88JQ,にゃんにゃん,W7XFJNU7F,にゃんおうこく,675,0,9281,297140,4,1,4,4,4,1,4,4,26
4G3P7YEPL,マユ,PMDDGR6AH,うぇるかむ,225,0,9282,296960,3,8,1,1,2,2,3,1,21
WCTP56LJL,常夏☆まんぼう,F2CFWVMY9,藤島め組,1594,18,9283,296870,10,10,10,10,10,10,10,10,80
R2UX2GBKC,SnailTAK,J80MEYHBC,Nymphaea,920,4,9284,296780,5,7,8,4,4,5,7,7,47
22BJ84WPW,シノチカ,PXDL7Y3VM,ビギナーズ改,581,0,9285,296510,5,2,2,4,4,1,2,1,21
NLFAE447J,さっかりん,WWWUTP96L,異次元からキマシ,850,2,9286,296420,2,2,9,4,8,1,7,10,43
VR79A5RK0,Akari,V6DKUH6JT,報酬だけほしい,313,0,9287,296330,6,10,6,7,6,5,5,5,50
PDJLC39KK,ShadowX,0R8BXPRC1,ポチっ！とクラブ,911,1,9288,296240,6,6,8,6,6,6,10,10,58
FDFIEB4TE,グルテン,CTW8DKV5P,まったり,1236,4,9289,296150,1,3,1,1,1,1,2,1,11
VD06I6TH1,Chiaki,GFN8ACPAC,自由に遊ぼう,904,2,9290,296060,4,4,5,4,6,5,6,7,41
6666R8RP2,ぺー,FHN78V2DJ,無言でどうぞ,999,0,9290,296060,5,7,8,5,7,5,6,8,51
WUVB09KCM,えけある,8VGXWTV3U,R.opRizm,542,0,9292,295970,3,2,8,4,1,2,4,4,28
FH985C4UR,hidehal,VXDPPJJL1,蓮ノ空リボ課金部,187,0,9293,295880,8,5,5,5,6,6,4,1,40
93UG4QHM0,ビーフチャーキー,EE4BKR0AR,まったりプレイ,1121,8,9294,295790,7,7,8,6,7,7,7,7,56
26EXTX1CC,なすび,61UTNTRU1,初心者さん,965,6,9295,295700,10,2,7,1,8,5,3,9,45
JGLK4W026,アズキ,TR057C1UW,蓮ノ空ぼっち部,907,2,9296,295520,10,2,5,4,2,2,5,9,39
BAJJ12LTK,MRFHB,73N4AB3LR,かほ子のイオン,1047,3,9297,295430,2,2,2,5,4,4,6,5,30
W53P05YVP,Ｑ坊,0MHM887UA,円都流氓,1033,6,9298,295340,6,5,7,5,4,5,7,7,46
UJHCCKDM3,バーネット,K5TN1RT6D,キンカンナマナマ,341,0,9298,295340,7,7,8,6,7,6,6,7,54
6J6POJDVB,ぽっぽ,JPNNY7W5F,ログイン勢,849,3,9300,295250,1,4,1,5,1,1,2,4,19
H4U7NDWRD,藍乃かなで,578YG6EAT,桜桃花束愛聴会,867,1,9300,295250,1,2,8,1,3,7,4,1,27
8C5H0BBKJ,おかわり,AHE0E3JND,ありがと！にひっ,867,0,9302,295160,2,1,1,1,2,1,2,2,12
C7ZMBVLBY,ひな,H0DV3JJGA,かほさやてぇてぇ,967,3,9303,295070,5,4,8,5,4,5,7,7,45
YG1K7TAUM,がたりん,L3MTTE2BL,麻の葉スクステ部,407,0,9304,294800,8,10,10,6,10,6,7,7,64
GQ5JG9SZ2,紺野由真,4HN9A6RD9,瑠璃色ストラップ,1206,1,9305,294530,7,7,9,5,4,6,7,5,50
YUWE4BGVG,random,1FNAB7HWM,random,990,1,9305,294530,2,2,6,4,4,2,4,8,32
K3NTGG30L,ぷ〜ちゃん,E050K9859,蓮党,650,2,9307,294440,7,4,5,7,9,8,4,7,51
RU8LM8Y9M,ひでさん,3JDDUYURT,無言,1018,0,9308,294350,5,4,5,5,5,4,8,7,43
S1V4QVXBH,I.Kamui,W189BP629,みんなのみかん畑,1065,6,9309,294260,1,2,7,5,4,5,8,8,40
3MFBR2NHN,能登,RKT7BC4F6,人形浄瑠璃乃,843,4,9310,294170,1,4,4,8,6,1,6,6,36
YHLKEHNBB,海晴,51CF1LTGY,ラ研連合,1230,14,9311,294080,7,7,7,7,7,8,8,8,59
BCV6MXKAA,マスタング,1EL57CDR0,なんもわからん,511,0,9311,294080,4,5,6,5,7,5,7,8,47
IC3O2AT2D,ナオキタ１９９０,CN3RA5CKP,ナオリンクラ,993,5,9311,294080,6,5,7,6,6,2,6,8,46
R474CMK8D,肉,9E910GGD2,蓮ノ空給湯室,972,0,9314,293990,4,2,7,4,6,4,7,8,42
363IPIRQ0,冨樫美夫,REUA4H17B,LLLLBR,356,0,9315,293900,1,1,2,1,1,1,2,1,10
LA9C7G313,くもらと,A3X92L6YU,お試し用サークル,631,2,9316,293810,1,1,1,1,1,1,4,1,11
FC8YUXQ49,かんざき,YM72HRVCF,ワンニャン部,1045,8,9317,293720,4,4,8,6,4,1,6,9,42
W38M65DFH,MCJAM,TK9E1BB1P,無言で自由,711,0,9318,293630,1,1,1,1,2,2,2,1,11
13CYA2Y8X,suzuki,88DJ300PJ,めぐ党 • 永遠,987,3,9319,293540,7,7,6,4,6,7,6,5,48
M2JUA00HD,畏喪黔燬,5YXVKDEKV,サークル(仮),896,2,9319,293540,5,6,8,5,8,5,6,7,50
K87HLW5DT,蓮きり,5W8RPRVUA,ド！ド！泥！,1024,10,9321,293450,1,2,5,4,5,7,3,5,32
WJLQ08DTW,Maho,GFN8ACPAC,自由に遊ぼう,933,4,9322,293360,4,4,6,4,6,6,6,7,43
941DNEHKG,茱麗葉,VGG1HM53K,のんのん日和,707,0,9323,293270,7,3,6,2,6,3,5,1,33
HR51XP0CX,いんぱるす,E8EGT47GT,くるくるくるー,1016,3,9324,293180,1,8,8,7,10,4,7,1,46
UFGMHHA6K,まっちゃ,M6UPWJ6DU,蓮結ぶ虹と星の音,1047,3,9325,293090,5,4,5,7,7,4,6,9,47
21W0XC7JT,ちゅりあず,M8UCM16G2,こずえんふぇると,217,0,9325,293090,8,8,10,8,7,6,5,9,61
VAO45316T,四条烏丸,4WRYNBWU1,小さな蓮ノ空,820,0,9327,293000,2,2,2,1,1,5,7,5,25
P1MC80NX7,香風ここあ,6KUYCDLGR,かよちんは宇宙,702,0,9328,292910,7,3,4,7,6,7,4,1,39
X5LUAMX3Y,和耳識,YPPDCK9Y7,ちょ,914,3,9329,292820,1,10,10,4,7,6,6,8,52
ZIDHS2OWB,花宮ニルヴァーナ,YVF1V2AH6,蓮ノ空全共闘,1258,14,9330,292550,1,2,1,1,1,1,2,1,10
2196WLUJP,ラフタリア,BEMED3RY1,無言無課金ok,388,0,9331,292460,7,2,2,1,3,4,5,1,25
231U4VT6U,Helao,7KLYLRUDK,蓮ノ空水族館,510,0,9332,292370,3,3,1,1,2,4,1,1,16
6NTJV12XR,りかっぺ,ULUELCJ7T,なるようになる？,852,0,9332,292370,4,2,1,4,4,4,5,1,25
MYHV0RX8Y,うえさま,KPUYXN27J,蓮ノ空楽曲派,461,0,9334,292280,1,2,1,1,2,1,2,1,11
702KAENDD,トシマ,G6EH0KHT7,なんもわからん,852,0,9335,292190,6,5,7,5,7,7,8,8,53
AA3M4FLUR,mariko08,WXKKXU0H0,無名,677,0,9335,292190,5,2,4,4,2,4,6,4,31
C4D189EJW,きゃらどん,WCL6R1ANU,無所属の会,526,0,9337,292100,3,2,6,4,3,10,3,8,39
K1O8XNEGZ,コモンセンス,BYA3FA0X8,無言ぼっち同好会,978,2,9338,291920,1,3,1,4,4,4,4,1,22
8Y4PD7ACT,SPhenix,X7C21B7H7,泥,938,8,9339,291830,4,4,8,6,4,6,8,8,48
FTHR88PND,みーたん,HKETDDCK6,ぼっちざ蓮!!,1104,12,9340,291650,5,2,7,7,7,6,8,9,51
XK9LF6MG5,バンチョウ,TX92H9GBV,アフターが見たい,882,1,9340,291650,7,8,9,5,5,5,7,8,54
7OZ19LLPT,ゆ←の,KB5BFK7J6,おはめぐ党本部,836,1,9342,291560,1,3,4,1,4,4,5,10,32
E7KAN1GU6,ﾎﾟﾎﾟﾎﾟｰﾝ,D4T08RK91,リンクラ同好会✿,532,0,9343,291380,4,4,4,2,2,1,7,7,31
IXPTJR36U,na1195,NMGYE73JP,0,782,1,9343,291380,1,2,1,1,4,1,3,1,14
T4439ME66,柚子桜,54JWUD9X0,異次元からの者,943,1,9345,291290,2,2,1,2,2,1,3,1,14
RDVXLFJIC,ゆね,B1KYU3XF8,LG lotus,1036,4,9346,291110,5,8,7,4,8,7,9,9,57
B7FBPJUAK,TMANK TV,5W8RPRVUA,ド！ド！泥！,777,0,9347,291020,6,4,1,4,6,4,4,4,33
WAI6FH668,わっち,6HV2RH6TU,イベント用、無言,1023,4,9348,290930,4,6,6,6,5,6,8,8,49
R90FDM1TN,エノア,1D7T2UXC2,無言でのんびり,886,3,9348,290930,5,6,8,7,7,8,7,7,55
H1NLML302,sin,E12PR824F,ゆるっと蓮ノ空,664,2,9350,290840,10,7,10,5,5,6,5,10,58
9UHH675CC,ななぴょん,RM7N1JDB5,無言推奨不干渉会,1417,5,9351,290750,8,5,10,5,5,10,5,5,53
PFFGGH7CP,はまなす,M8FM7P139,蓮ノ空ひとり旅部,977,1,9352,290660,4,4,7,8,6,5,7,8,49
5GLMYHBKG,高坂千歌,JJ8EPVHMF,Aqours推し,798,0,9353,290480,5,5,5,8,6,5,8,8,50
G3AR2GP4P,ひさみ,HDD9DJVTB,Lotusky,542,0,9354,290390,1,1,1,4,2,1,2,1,13
20LU05URC,トナカイ,C68491XHB,みらくらぽーく！,1067,7,9355,290300,6,7,7,7,10,6,8,9,60
5PMGL0CFA,コゥ,HPTHY23VR,蓮ノ空文芸部,938,0,9356,290210,4,4,9,5,6,5,8,8,49
7EJ44U2TI,キャタピー,HH93ADAW3,無言自由。,1103,3,9356,290210,7,7,8,5,7,8,6,7,55
DYY5UB5XG,ミツキ,F2CFWVMY9,藤島め組,1429,12,9358,290120,1,2,9,1,2,1,6,9,31
V25F09NY7,ステラ,0CEA9XFKR,蓮ノ空の泥人会,897,0,9359,290030,4,5,7,5,6,6,7,8,48
TJFZYLD2C,K,5NPVVUGH7,蓮すきすきクラブ,1161,9,9360,289940,4,6,7,4,6,5,10,10,52
U5FU7089T,ありぐら,W71PEB8XY,戦慄のたまに衆,796,1,9361,289850,1,2,1,1,1,1,3,1,11
BRC7MJ840,小金瓜,GYJ3C6TKR,綴理先輩好き好き,1062,4,9362,289760,7,5,8,5,7,7,8,8,55
GBMTFY5JH,まほろ,HKETDDCK6,ぼっちざ蓮!!,833,0,9363,289670,5,4,7,7,7,6,7,7,50
QUNT7EOFT,ワツタ,KXB93FVTR,ブルームガーデン,1091,3,9364,289490,6,7,7,4,7,7,6,7,51
GB0XE3UKC,くらいん,8M2MFU9U0,リンクライブ,824,0,9365,289400,4,1,7,4,8,7,4,7,42
4OQIZK11Y,走れ！ぼっこみ,1AK9VTG3W,ドルケスキスキ部,877,2,9366,289220,8,5,10,5,10,8,6,7,59
X6NC3E46Y,ガストン,9C0KWR782,まったリンクラ,418,0,9367,289130,2,2,3,1,2,1,3,2,16
OPDTOWH9K,あかひろ,5WUDLMWEP,蓮ノ空は明日ノ空,992,1,9367,289130,5,5,6,7,8,7,6,8,52
ZU9E3X7KD,Nyan,RTNWHX235,Yurina,955,5,9369,289040,1,5,4,10,8,6,10,4,48
TLB0XTTF6,けるける,976BY5JWK,ハルカカナタ,563,0,9369,289040,1,3,7,4,4,4,4,4,31
Q4PZPMFLN,nasken,1AK9VTG3W,ドルケスキスキ部,875,0,9371,288860,7,6,9,4,7,7,7,8,55
9JSNSCU2I,ネッシー,762FM3JV4,一蓮托生,1187,3,9372,288770,10,6,7,6,9,6,6,10,60
70WFYL30W,SK,EWM0GK62C,誰でもどうぞ,798,5,9373,288680,2,3,8,2,3,2,2,1,23
4BQ2C3MCW,頭から中尊寺,LUUPDMG3M,はくしらさん,559,0,9374,288500,1,2,1,3,3,4,1,1,16
YFGJCPKZT,スシさのり,UHF5Y8PEF,さやちゃん倶楽部,1023,2,9374,288500,4,7,9,7,7,4,7,4,49
4GNME50RQ,yu〜sa,95TAREFPT,ご自由にどうぞ,877,4,9376,288410,4,5,3,4,6,2,4,4,32
Y6NC79REX,shOkun,06DCWC1RE,とりあえず参戦用,990,8,9377,288320,5,5,9,3,6,4,8,7,47
DK643DJK0,ｳﾆﾑﾗ,D8CPWLGHJ,あまいのサークル,722,0,9377,288320,1,1,1,1,1,1,2,1,9
KFDJ9U6YT,machina,0JY7F3EKU,さやか愛でる会,1127,11,9379,288230,5,4,7,4,6,5,9,8,48
JCWREPDTL,旅人,53M4V2BVG,吟子の髪飾り,1032,0,9380,288140,7,7,7,5,4,3,5,5,43
1G0EGVDJJ,楠木しー,X0TFG829Y,ボクのおうち,462,1,9381,288050,1,5,3,2,4,3,3,1,22
G2YJETJ98,・・・・・・,1G89KTD5X,サークルひとり,1051,3,9381,288050,5,5,7,4,6,5,8,8,48
0DG72F1NG,Cry_1000,AWFDLJ1HC,小蓮花（重生版x,775,2,9383,287960,5,2,4,1,2,4,5,5,28
LA1VNRF40,大福ほっぺ,53NYG615U,蓮ノ空飲酒愛好会,876,0,9384,287870,4,4,5,1,1,1,6,5,27
L871ZIGOX,花宮初奈❤️,4WRYNBWU1,小さな蓮ノ空,922,1,9385,287690,1,1,5,1,4,4,10,5,31
R1919C1U5,ゆきのふ,HXVYGL96H,初々しい対抗戦,827,0,9386,287600,4,4,5,4,4,4,8,8,41
E2LXD1410,我兎,N6LR8C7AE,泥の民,372,0,9387,287510,1,2,1,2,2,1,4,1,14
LFJ7NXMX6,しゃみーぬ,Y3ALWMXMP,いぬ小屋,1017,4,9387,287510,8,4,7,8,7,9,7,8,58
2Y3HL0CML,すたぁ*,6HV2RH6TU,イベント用、無言,802,2,9389,287420,4,4,6,7,4,5,7,8,45
WTRF53ABN,だーくちぇりー,FG9A9ARX1,忙しい人あつまれ,478,0,9390,287330,6,6,7,1,6,6,8,8,48
LEMY1R04L,異次元ひかりP,BT3GEWM5L,ささやか村の集い,1072,1,9390,287330,4,8,5,4,5,7,6,9,48
05ZVVUK9E,瑞奈,PWK02KG0F,メメントの森公園,1070,8,9392,287240,6,5,7,7,7,7,6,7,52
SA9XTSJ02,(*´∇｀*),18YYNRFGA,LotusSky,1031,3,9393,287150,7,4,5,7,6,6,7,5,47
UJX9P3PL5,羽中,C021HVB2B,第3芸能科,402,0,9394,286970,3,4,3,1,3,1,3,1,19
21900CHMX,isao,639NXLKJ5,Lotusky,802,0,9394,286970,4,4,8,1,4,1,8,10,40
1L91OV140,オハナ,R9T0YKDW8,バブまち応援隊,1429,18,9396,286880,10,8,7,7,7,7,8,10,64
53CWAYOZU,DOIchan!,M08GKL70U,ららマジ難民の会,960,2,9397,286790,5,4,8,5,6,6,6,8,48
5J0AW7P4Y,找个流畅的玩,M67ACEP3M,オーバーブースト,649,2,9397,286790,1,1,1,1,2,7,2,8,23
UPQVY899V,長野県,1AK9VTG3W,ドルケスキスキ部,753,1,9399,286700,1,4,4,2,4,1,5,4,25
GT51Y8XTH,きさらたん,8GAY2WBT6,(・8・),877,2,9400,286610,6,6,6,5,5,4,6,5,43
DFK9UDXMX,カッペ,BAB7W6VKX,まったり,1089,7,9400,286610,8,7,9,10,6,7,7,8,62
811NHE5X5,奏,956A5U6TP,サークル,389,0,9402,286520,7,5,5,7,6,10,5,5,50
YMPV5VUJP,ハルカカナタ,DHKUGEWBJ,めぐ党虹ヶ咲支部,825,2,9403,286430,5,8,10,8,8,10,8,7,64
5N69WLE6J,みなみ,23PGPJ3NV,蓮ビギナーの集い,462,0,9403,286430,7,7,9,6,7,5,9,9,59
LX2KSEPRM,あなた,1FU9E90BV,あなたちゃんズ,600,0,9405,286340,1,1,8,1,1,1,1,1,15
FPXV4UDDG,nussan,WJY2HK6A5,蓮の空イベント部,424,0,9406,286250,1,1,1,1,5,1,2,5,17
G7TU6BACU,おきと,10BJCMEBH,柳田組,461,0,9407,286160,4,6,5,5,4,1,1,7,33
3MTJ23EJK,リューマ,VLPNE6K2U,仮,892,0,9408,286070,7,7,9,5,7,7,6,7,55
CP06CR9OF,コロロ,TKVR3KU7L,ネギトロTKG,517,2,9409,285980,5,2,1,4,4,1,4,1,22
HDTVAG1F5,笑顔のピクルス,6C9R15BLY,スクスタ避難民,662,0,9410,285890,6,7,6,4,4,7,6,5,45
ZS4B8CJXF,シュン,DFXN9DB2H,どんぐり共和国,1033,10,9411,285800,5,5,8,5,6,5,8,9,51
7WQB1AYV1,トオル,0VEMMV8E2,スリブとまったり,357,0,9412,285710,3,4,1,1,2,1,3,1,16
E6KN0R14V,山陽汐見橋,38WF15C16,折紙物語,821,2,9413,285620,4,1,4,4,6,1,1,4,25
W0J1WNPWV,小林鮪,HBCC35887,そりゃー!!!,903,5,9414,285530,9,4,1,8,4,8,4,5,43
W69BWDA6X,刀,DF6RY3BXN,andante,746,2,9415,285440,1,3,1,1,1,1,1,1,10
0BHUBBW7C,Miotti,DFFYFJ2B6,つづさや好き過ぎ,1109,12,9416,285350,5,4,4,7,6,5,6,8,45
E4G0AGWBD,メイプル,E6WR9G75P,安養寺姫芽推し会,739,4,9417,285260,3,10,7,4,10,5,6,8,53
RVBLXMYJR,Pier,38KAJGDGU,異次元シャニP,244,0,9418,284900,7,7,10,6,9,10,8,6,63
5D08TTU13,かせ,ATB27G5P2,おこめ茶寮,1122,0,9419,284810,6,6,5,5,7,7,7,7,50
PPU3VKPVE,もんじゃ,X7YM9EG8K,伝統の石川地酒,341,0,9420,284720,6,2,4,5,2,4,5,4,32
APMG3DXT6,ksks,AWFDLJ1HC,小蓮花（重生版x,1057,2,9420,284720,7,8,9,4,7,7,7,4,53
99LMAXZD5,Kosmo,28XJ8NK4L,蓮ノ空まったり部,772,0,9422,284630,7,5,6,8,4,4,4,4,42
NKKJ5FAGE,うみがめのそり,E76N52LMW,イベントのみ,739,0,9423,284540,4,2,1,3,2,3,2,1,18
TD6PV67JX,azuki,5WUDLMWEP,蓮ノ空は明日ノ空,1231,4,9424,284450,4,5,5,5,4,1,2,5,31
39R44L0GG,くもも,1HTJVV59Y,仮,222,0,9425,284360,4,6,5,3,3,1,1,1,24
0OERZ1LFH,ゆず,V7768X8AC,せーので！,1084,9,9426,284270,1,1,1,1,4,4,4,1,17
VKQ9B91BJ,和水月,C2M5GJD7D,せーので！埼ノ玉,1149,6,9427,284180,8,8,9,8,8,8,7,8,64
RK572M4KA,夢叶,998H940YN,お嬢様筋トレ部,824,2,9427,284180,1,2,7,1,2,1,3,1,18
XLE998L93,まーち,7B0W0EWVA,ソロの為の避難所,576,0,9429,284090,4,1,6,4,2,4,4,8,33
QNYI6Z4T8,lain,1EL57CDR0,なんもわからん,789,3,9430,284000,4,4,10,2,6,7,7,8,48
PV7RRNLPW,麻婆藩士,54JWUD9X0,異次元からの者,601,0,9431,283910,1,3,1,4,2,1,3,1,16
OI5YQ4DH4,あさひ,8FR866PRY,蓮っ子みらくラブ,1348,11,9431,283910,6,7,9,9,6,4,9,9,59
X70G67B4A,ちゅけちゅけ,JTBMEXV8L,ひとりぼっち,728,0,9433,283730,10,6,7,10,6,7,8,9,63
JNY008SVV,Telegnos,9RYR14H9L,ソロマターリ,1119,3,9434,283640,7,7,9,7,7,7,6,7,57
D0WXN0DMJ,那美,E12PR824F,ゆるっと蓮ノ空,1096,7,9434,283640,8,7,9,7,8,7,8,8,62
RDY0PFJ7R,south,0V99GN8YT,（仮）,1033,2,9434,283640,9,8,8,5,7,7,7,8,59
7TXLCB2F1,マグロ,01YK4N868,ソロサー,1361,11,9437,283550,9,4,6,6,2,2,5,8,42
DADXJ43QK,ata101,JXUPB88HM,蓮を食べる,1229,8,9438,283460,4,6,8,4,6,7,10,10,55
UOR3XH5WH,sosso,WFPA7YJE1,蓮ノ空文芸部,1067,1,9439,283370,4,7,7,7,7,6,7,7,52
MXH24NMLU,あずらえる,8BAYBXUXC,スリブ大好き♪,424,0,9440,283280,1,1,1,1,2,1,4,1,12
CP0GBUVL2,ななほし,F56XEUUBE,みらくら自習室,989,3,9441,283190,5,4,7,4,4,6,4,4,38
1NPK74KW4,エルドレッド,XHJLF3R8H,ゆったりプレイ,1058,10,9441,283190,7,7,7,4,8,5,7,8,53
47ZGCDV2P,akz,A73H7ENN2,エロマンガ同好会,1242,4,9443,283100,2,2,5,4,4,4,7,10,38
8UJPHW4X4,ふじこ,CDY5ND029,鳥もも塩だれ定食,796,0,9444,283010,2,4,4,1,2,1,1,6,21
Z3R0Q33JV,ゴウ,BE7F0WBL9,満足同盟,451,0,9445,282920,1,2,3,1,2,1,1,1,12
960PXTJW6,mi,9E910GGD2,蓮ノ空給湯室,692,0,9446,282740,5,4,7,1,4,4,3,1,29
VCTWJW1NA,ちら,36DAM7HBL,蓮隠れノ里,1151,12,9446,282740,5,7,5,4,6,6,6,4,43
B1J1GGGJQ,テルヨシ,K25DPPGT9,圧倒的にまったり,1232,4,9448,282650,4,4,4,4,6,6,8,6,42
JX6VY1TW7,moca,DKPMRA0TA,蓮ノ空奉仕部,577,0,9449,282380,5,4,4,1,4,1,2,1,22
JX22PENHD,Jerry,7X71T9R7J,憩いの場所,145,0,9450,282290,3,2,4,1,2,1,2,1,16
00TYKVR4J,らい,RNJ306W6N,日曜日よりの使者,968,3,9451,282200,6,4,7,4,7,4,6,7,45
UXFXHXBC2,ninin,427WENUC4,心の癒し～蓮ノ空,1031,6,9451,282200,5,5,5,4,7,8,8,10,52
C7RT5WY2E,たま　20号,KC1W74B9B,蓮六園,802,0,9453,282020,7,4,9,10,2,10,8,9,59
GNYF50H20,とも,8VGXWTV3U,R.opRizm,1033,2,9453,282020,4,4,5,4,6,4,7,9,43
G2PHMBV2T,house,MKABETXAV,月月火水木金金,1037,0,9455,281840,6,6,9,5,6,7,7,8,54
7T7TKW02T,ゾーフィ,7DRAN8UAK,光の星,984,0,9456,281750,5,5,7,4,6,4,6,8,45
RZGW4D8WG,事務員の小鳥さん,RTRE9NG1E,蓮ノ空ＳＣ予定地,1096,12,9456,281750,7,7,8,6,7,7,7,7,56
RUW1HTFJL,リラン,0AYJF4RJ6,無言,865,0,9458,281660,7,4,7,5,6,5,8,8,50
Z4UEVYG6Z,ビーナス,6D49YVAT7,ユニット愛で隊,1253,11,9459,281390,4,5,8,7,2,1,9,10,46
JEH4KUBUA,ゆゆみか,3F0M4HXJE,蓮ノ空まったり部,633,2,9459,281390,1,1,1,1,2,1,4,1,12
BB4MVD1C9,xの3乗,36DAM7HBL,蓮隠れノ里,786,4,9461,281210,1,1,10,5,6,1,7,5,36
N02LMPJRP,京都伏見　放送部,A3472CNJE,ハントン✿ライス,249,0,9462,281120,2,5,1,1,4,1,2,1,17
PJCG15P8P,山形,1EL57CDR0,なんもわからん,153,0,9463,281030,3,6,7,8,4,5,7,6,46
BXEADDYHV,三木,XPX36F6JX,無言初心者お試し,654,0,9464,280940,1,4,3,2,5,4,8,7,34
70G3Y1WK6,Hayate,T2XRMGEAE,蓮根無言会,580,0,9465,280850,5,2,1,5,2,1,2,1,19
P9PG2EC3B,ちっ沙知先輩,8K30KYNP1,チェス党,659,0,9466,280760,4,1,3,2,6,4,3,1,24
9HFVHF65F,カツミ,U98UKD6RY,異次元フェスP,758,1,9466,280760,1,6,5,5,2,1,8,8,36
4Y4U4Y25C,星空owo,MUXWTW1GV,蓮の空見守り隊,300,0,9468,280490,4,6,7,6,6,5,6,5,45
13N9DN9P2,マコト,67F1KB00K,さやか推し♪,329,0,9469,280400,2,2,4,1,2,3,3,1,18
LOBRSY2BG,Lollipop,279NUYU7C,れんこん,1266,2,9470,280310,6,6,7,7,6,7,9,9,57
K4DPQM7DB,A300,WJY2HK6A5,蓮の空イベント部,558,1,9471,280220,1,6,5,4,2,1,2,7,28
6FDFK7HV3,月見桐葉,3YWMY4JVN,82プロ,410,1,9472,280130,6,4,8,3,4,3,5,1,34
EXNNYP58V,へっぴり船长,BBNEWB1UA,蓮ノ空紅茶部,598,2,9473,280040,4,10,3,1,5,8,7,5,43
2M7S1GW2Q,おさとぅ,2ULM366U6,毎日がエブリデイ,870,5,9474,279860,5,6,7,4,4,4,4,5,39
YP6CKFD1T,片瀬　凪,XYRA2MND0,蓮ノ空ゆっくり,624,0,9475,279770,8,10,10,1,7,3,6,5,50
A72EPB8LL,御萌神AYu,FK8EUX6V3,ゆったり蓮ノ空部,808,2,9475,279770,5,4,4,1,6,4,5,5,34
KIMSN6FAG,シトラス,PMM9J5DHL,シトラス,1229,0,9475,279770,4,5,4,4,6,5,1,1,30
WDGM3BDV0,フリード,2DYYAPFVN,蓮っ子村,709,1,9478,279680,4,4,1,1,4,2,5,4,25
IR6CA095E,ゆう,PJN52E7JX,ひよっこ,905,12,9479,279500,3,8,3,4,7,1,3,7,36
C15KWHD1B,とっしぃ,H1LTYMK0B,花帆が可愛いの会,250,0,9480,279320,4,1,1,1,1,1,2,1,12
EP4FNL25F,ひろみ,PXDL7Y3VM,ビギナーズ改,581,0,9481,279230,1,2,1,1,2,1,3,1,12
E0DTK20BB,るな,DW13FCXPT,Mulbungs,211,0,9482,279140,4,3,3,3,3,6,2,1,25
JXD4N9BAM,マックル,JFNKGWBVV,ダブルマック,1055,6,9483,279050,5,5,7,4,5,6,6,5,43
E3R6R1ZKP,そーへい,HK0E91U71,放課後写真部,1247,18,9484,278960,4,3,6,2,8,4,10,10,47
UF5EGD2RT,饶舒铭,JA2C658FW,さや綴理の村人,728,2,9485,278870,8,7,10,5,6,6,8,5,55
VV84K1B39,ユウ,X7YM9EG8K,伝統の石川地酒,1197,16,9485,278870,3,1,6,8,2,3,7,3,33
29WAYT8FM,reo,51CF1LTGY,ラ研連合,1038,9,9487,278780,1,4,1,5,10,7,2,1,31
FGDMFWHW0,あん,05KN1RR3U,さやかほ花卉園,1002,6,9488,278690,5,5,5,4,4,5,6,5,39
PW0TLN1LK,まくのうち,J5CKL5YPX,ログイン勢かもん,646,0,9488,278690,4,8,8,1,7,7,10,10,55
PE9NN392W,ヒロ,6N3F238R0,イベント参加用,895,0,9490,278600,5,6,7,6,6,4,8,9,51
KRF6PQDK9,:D,639NXLKJ5,Lotusky,577,1,9491,278510,2,3,7,2,2,2,8,1,27
NC3YR41B5,洩矢神蓬莱,XTMGPY62U,スクステ初心者,687,2,9492,278420,1,2,1,1,2,1,2,1,11
ODNCV6DTF,Robo,UHWA4YLWP,蓮ノ空を見守る会,1019,6,9493,278330,1,1,9,9,2,1,8,1,32
5NLFNXVR5,オザワちゃみお,J5CKL5YPX,ログイン勢かもん,392,0,9493,278330,1,6,7,6,2,3,10,10,45
OT8WW8ZH1,アフロ,XR2P2LDY3,蓮ノ空さいきょー,1039,11,9495,278240,6,7,6,4,6,5,7,7,48
BG6GGHATH,あおめがねくん,HUP39UMY8,しまめがねたい,303,0,9496,278150,8,7,8,7,8,8,5,4,55
7X2D2IUN1,ああああ,TKVR3KU7L,ネギトロTKG,1167,15,9497,278060,4,4,5,1,5,4,8,9,40
JO0TP49TM,カモミール,88DJ300PJ,めぐ党 • 永遠,581,0,9498,277970,4,1,1,1,2,3,2,1,15
XDKK422NA,DC雪月花,0X273WB5E,雪月花,326,0,9499,277790,9,7,9,7,7,7,7,7,60
4FY9R2UF1,みもりん♪,TX85TKW7A,蓮ノ空女子部,1045,1,9500,277700,5,6,5,4,6,5,5,7,43
U95MA1P2F,うりゅう,UX96YX4T1,『位置について』,746,2,9501,277610,1,1,1,1,2,1,2,1,10
79HEAT2B0,焼き鳥,YK0X6N2HN,無言OK出入自由,933,2,9501,277610,7,6,7,4,6,5,6,7,48
SJF2YS4CU,ましろうどん,HBK6KCRPP,無言でおけ,1154,2,9501,277610,6,7,7,5,6,7,8,5,51
B7U056FS5,ねっしー,E0427ERB9,Lotus,530,0,9504,277520,1,2,1,2,2,1,2,1,12
VGC8B8FXR,スクフェスの亡霊,FJMA5BPPE,蓮ノ空すきすき部,621,0,9505,277430,3,1,1,1,2,8,6,5,27
BYBNN2GE3,レヴィアタン,1KDUBW4HB,めぐ党0番,913,2,9506,277340,10,9,7,4,7,8,7,7,59
4G45LYBT8,フレア,R8MA3LCB3,lotus,500,0,9507,277250,1,1,1,1,1,1,2,1,9
T46TWRVYY,サンラブ,8LFC49TWF,蓮ライブ！,943,4,9508,277160,5,6,8,5,4,6,7,5,46
4BGLJLTI8,アキ,G0J2F9NAL,さやさやさーくる,881,12,9508,277160,4,6,10,9,6,6,7,7,55
53LW8PNLM,のっぺりさん,9JVBKD2W0,ねこねこにゃー,866,9,9510,277070,5,3,4,1,4,4,8,1,30
WNITXVWB1,星宮もも,B647MRPHR,壁の民女学院,1068,0,9511,276980,7,6,7,6,5,7,6,7,51
VXEERKO13,ライ,59AK7LJ7A,とりあえず,1200,3,9511,276980,3,4,9,4,8,8,10,10,56
701WFGVYP,ひろきち,R801YPW1C,さっぱり塩ダレ,977,2,9513,276890,8,6,8,6,6,5,6,5,50
R3Y3BDYWG,しおの,XTMGPY62U,スクステ初心者,235,0,9514,276620,4,2,1,6,2,1,4,1,21
P9WCJ3CNL,penguin,9C2FC74H2,overseas,903,3,9515,276530,1,1,10,4,6,4,7,10,43
5MXH2TBMB,あおい,2B97MH4YA,同じ話し何回も…,686,0,9516,276440,1,1,1,1,4,4,3,1,16
BJSVZ9WDU,シア,EEP20F2M8,綴理の綴り,991,0,9516,276440,6,6,9,9,7,6,10,10,63
8TTC65L8Y,さやひか,T045NDKW0,♬さやか愛好会♬,1157,15,9516,276440,4,5,4,9,6,4,7,7,46
U2YU18R12,ゆき,CJWR9P8LM,花帆さん愛でる会,630,2,9519,276350,2,6,4,7,10,8,8,5,50
0S5CYTBSO,三蔵,TKVR3KU7L,ネギトロTKG,1072,3,9520,276260,7,6,7,5,6,7,6,7,51
5JNWK7JW5,音リン,V78LAX1HN,蓮ノ空ボドゲ部,549,2,9521,276170,1,2,1,1,2,1,3,1,12
2P10JVLL1,ALiceTia,N1JAJ83CA,蓮ノ空園芸部,1086,15,9522,276080,5,5,10,5,10,5,8,9,57
PKYFWLNKR,keyy,UX96YX4T1,『位置について』,525,2,9523,275990,6,5,4,6,2,1,6,4,34
W147IP0BS,するめ,NA8FEYN0M,蓮ノ空飲酒クラブ,992,0,9524,275900,5,6,7,6,7,5,7,8,51
4OYDSG94A,まさお,3HDDYR4FU,旅人,1266,14,9524,275900,7,5,7,7,8,7,8,9,58
MU2PEV7E4,Hutena,8MDA3A0AK,イベント用,325,0,9524,275900,3,2,2,1,2,9,2,1,22
FMH291MCJ,CatTea,G8F0M2PH2,アフターウォール,586,3,9527,275810,5,5,4,6,6,4,4,1,35
D50CWH5EW,マサ,Y4G0KF6NB,無言でやる会,1178,16,9528,275630,7,8,9,5,8,8,4,9,58
1V9GUJRHV,tekot,6FWRD1K40,いちじょ海賊団,1048,3,9529,275540,6,7,8,7,7,7,9,8,59
1R4P5Z3DX,ヒロカズ,G8EE23LB9,虹ノ空クラブ,1306,15,9530,275450,5,6,7,1,4,4,6,9,42
EYVPWFRR6,クリッパ,AR9HR528A,いろいろ実況,995,2,9531,275360,4,2,2,4,2,4,2,7,27
HFAB44F9D,kei,FG4170141,♪さやか愛好会♪,647,2,9532,275270,1,10,6,1,2,1,10,1,32
70XXRFN08,Nao.,78D55E05J,HIPHOP界隈,1377,15,9533,275180,8,10,7,6,8,8,10,10,67
TULR96TM0,ながつき,YMKU30246,参加賞がほしい,248,0,9533,275180,4,4,5,1,2,2,4,1,23
LLPH151HX,かしわ,KJN99N5WL,プロデューサー達,693,0,9535,275090,5,7,7,5,4,4,5,8,45
FB61BUJR8,YN,T4WY63DB9,ういのま,581,0,9536,275000,1,4,4,4,2,1,5,6,27
JWJX7X04G,藤島 玻璃乃,8HNWFP5VL,沼,770,0,9537,274910,4,3,4,4,2,4,6,7,34
C1MF4TITV,すみめぐ推し,DHKUGEWBJ,めぐ党虹ヶ咲支部,924,4,9538,274820,4,4,4,4,2,5,7,8,38
J29JRJDK6,きょうそ,3LM0DRLRJ,〼研スクステ部,709,4,9539,274730,2,4,3,1,2,3,3,7,25
01F0ML4X6,TM,PPAHU1TNY,蓮ノ空のんびり部,1414,17,9540,274640,10,10,10,10,10,10,10,10,80
YMDUKTJ4E,カリ～,3AYUW8AB6,新ソウル高速,1058,0,9541,274460,8,7,8,5,6,7,5,7,53
0NK9X4C9T,つかさ,PLBBEX019,待機室目指し隊,670,2,9542,274370,3,4,1,1,2,1,3,1,16
R5HGYUJAF,Megumegu,41N8G98LV,花帆梢百合応援部,860,0,9543,274280,1,1,4,5,4,4,8,5,32
JEVNHA7FC,りんご,PB3TBGV6N,いちご大福,485,0,9543,274280,4,6,9,4,8,5,7,5,48
7QO18FJ78,にゃんこ,2DYYAPFVN,蓮っ子村,1201,6,9545,274190,7,4,7,4,6,6,10,10,54
RE10G48SW,エルパサ,1DU9LCND7,蓮ノ空すこやか部,1202,2,9545,274190,7,7,8,4,9,7,8,9,59
L6ZF9OWUK,バニラ,K3R1XY8UT,自由,1025,5,9547,274010,10,7,9,5,8,6,9,7,61
3NI8NK9IH,ユーディーン,68JHFM1EM,Spiw,402,1,9547,274010,1,4,2,2,2,3,3,1,18
JLD75RUK1,sayurin,G0WRCNRWK,県立沢庵図書館,167,0,9549,273920,1,3,2,3,2,3,2,1,17
R0Y94LU73,千波,85D411XNB,蓮っ子の集い,725,4,9550,273830,4,6,7,5,6,5,6,1,40
PR7WFM34V,あちばな,8588YN91J,虹咲学院,235,0,9551,273740,1,1,1,1,2,1,2,1,10
BMPBAFBNK,肉汁,XPX36F6JX,無言初心者お試し,870,0,9551,273740,3,7,5,5,7,6,7,7,47
QD8FVRU7B,アカツキ,BXC1T2HY2,初心者の集い,1211,10,9553,273650,3,7,8,7,2,3,9,10,49
E5RG33I4D,雷,FD24TD6C5,泥人,1000,3,9554,273560,1,1,1,1,2,1,3,1,11
HZ2QPWULT,キュアピンフ,WCL6R1ANU,無所属の会,1089,2,9555,273470,7,7,7,5,8,7,7,7,55
VFIJK9GXD,骨,3TBXTEBUE,サークル(骨),1078,3,9556,273380,5,6,8,5,4,8,9,10,55
5FC9DCKN9,はっぱ,N752V1LD6,思想の溜まり場,1075,2,9557,273290,1,1,4,1,1,1,2,1,12
XA850X1N2,まやかす,T56X6LP0L,光の海,822,0,9558,273200,1,1,1,1,2,1,7,7,21
1EQF0CV2T,たきかぜ,XR2P2LDY3,蓮ノ空さいきょー,1127,4,9558,273200,8,7,8,5,7,7,6,7,55
8F1YD6YTY,かん,TF526VPFB,ファイトクラブ,848,1,9560,273110,9,6,8,4,10,7,6,7,57
MP3V2WDWN,蝶屋,2ULM366U6,毎日がエブリデイ,1232,1,9561,273020,1,1,1,4,4,4,6,1,22
V5NR4LDLV,くっしー,VK5AU7U2U,蓮アフタークラブ,416,0,9562,272930,1,1,3,1,2,1,3,1,13
FVT40NE5X,みやび,6HV2RH6TU,イベント用、無言,663,1,9563,272840,1,1,1,1,1,1,2,1,9
39NELFBRE,めぐるり,RW90G4W5W,めぐめぐめぐ党,1154,10,9564,272660,7,6,8,4,7,7,7,7,53
D5JN6V7R7,チェック,9U8KNU6U9,対抗戦用,724,1,9565,272570,4,4,5,4,4,5,4,1,31
TC6LL2FAA,くさの,DHKUGEWBJ,めぐ党虹ヶ咲支部,1051,9,9566,272480,10,9,10,10,9,10,10,9,77
BGNPR0YM2,マッキー,M6UPWJ6DU,蓮結ぶ虹と星の音,1012,3,9567,272390,4,4,5,4,6,6,6,4,39
G0X2T5XNE,こいたん,B1XLN3U5P,頭文字リンクラ部,809,3,9568,272300,7,4,10,7,6,9,6,7,56
YMJWPJKY2,あるて,JVUNVCT8P,梢先輩のASMR,1018,2,9568,272300,10,10,10,7,7,7,7,7,65
FM8KVF2M3,キリ,9YG7C0VM7,綴理と無言で昼寝,1131,14,9570,272120,8,7,8,5,7,7,7,9,58
LP6465IDN,こっぴい,NY54H2A8T,日本めぐ党,768,0,9571,272030,4,5,7,4,4,4,8,8,44
DNWNJP4WD,なかたに,PUJ0ERCMW,蓮ノ空倶楽部,711,0,9571,272030,2,2,5,2,4,4,6,9,34
GW52Z7SAD,ナナ,0B8RTHY4D,のんびり屋さん,395,0,9573,271940,1,2,1,2,4,1,3,1,15
DW6B15IZZ,@,XE8513HNP,喫茶カワウ空✨,1045,5,9574,271850,4,7,8,5,7,5,2,7,45
RNWCJJL66,なおす,B5PCT2J9B,とりあえず,891,0,9575,271760,9,6,8,7,7,5,6,7,55
WJB59T66X,ダイ,RWDWD9PP6,乙宗家の屋敷妖精,926,3,9576,271670,5,5,8,5,9,7,6,7,52
4UCVK93C6,ゆーちょ,54JWUD9X0,異次元からの者,1067,13,9577,271580,7,7,9,7,7,8,8,9,62
XC61ERU5M,リス,0CBM28JP6,ほうき星,1010,12,9577,271580,4,4,1,8,6,6,4,5,38
XAHK3TAW3,タツヤ,N287M17E3,プセもやってるお,338,0,9579,271490,9,8,9,10,8,8,6,10,68
232SRA1DQ,クウカイ@多忙,FNMV166UY,蓮ノ空喫茶部,1198,15,9580,271310,7,6,7,6,6,6,8,7,53
RNB82ETNL,こすず,WBXF9XXW7,さやつづ愛でる会,235,0,9581,271220,1,1,3,1,2,1,4,1,14
GMJUDTTH0,くぱぁ,LTDG4PP96,ハッスルノ空学院,217,0,9582,271130,2,3,2,3,2,2,3,1,18
ATAB30U2H,にったに,U98UKD6RY,異次元フェスP,931,3,9583,271040,4,10,7,2,2,1,3,1,30
YPRHJA960,あぐぽんぬんな,HB9AU9DJJ,聖心党,1136,3,9584,270860,4,6,7,5,4,4,7,5,42
LZ8HQN21J,ゆん,0AYJF4RJ6,無言,861,3,9585,270680,3,1,1,1,2,1,2,5,16
W82F3GDJJ,光,C0NDBKMRB,すりぃずぶぅ家,792,2,9586,270590,2,9,1,9,3,2,3,1,30
U31PF35LD,ゆづき,VKW1GNAPL,伝統を守ろう,793,1,9586,270590,4,4,7,7,6,5,10,9,52
3622UPXYV,nond,D7UA5ER1E,UR報酬欲しい！,211,0,9588,270500,7,9,9,5,7,6,4,9,56
TBP0L30GD,うりゅう,38KAJGDGU,異次元シャニP,1109,6,9589,270410,1,6,7,1,6,5,8,9,43
WWSAOOYZF,スライム,TR057C1UW,蓮ノ空ぼっち部,862,3,9589,270410,4,4,7,5,5,4,6,4,39
LBVPUVP78,yuiiiiii,0XUV5025C,めぐめぐバブり隊,270,0,9591,270320,2,4,5,4,2,3,2,1,23
HGU610ZVH,とぱぞふぃ,3LPBPHL3V,壁の民の伝説,953,1,9592,270230,5,4,6,7,4,5,6,8,45
451XUX1KK,Xperia,2MLF6F0C7,個人用,1338,16,9593,270140,8,8,9,9,7,7,8,7,63
M7XWWFAD1,さかな,6N3F238R0,イベント参加用,1089,4,9594,270050,8,6,7,5,8,8,7,8,57
K19124KGJ,真希,6BFC4G5YG,蓮ノ空足湯同好会,891,0,9595,269960,3,2,1,1,2,1,2,1,13
OADKSOJL0,しろ,WJY2HK6A5,蓮の空イベント部,1365,0,9596,269870,9,8,10,7,8,6,9,10,67
E9NR1X8PV,アカツキコウ,LY0XPW7NL,元カノ概念強火派,959,13,9596,269870,2,3,1,1,2,1,2,1,13
DL97NIB77,柚月,KXB93FVTR,ブルームガーデン,905,4,9596,269870,1,1,2,2,4,4,3,1,18
SBZ6IOK5E,nagisuke,PD80VCP5N,虹ヶ咲学園,850,2,9599,269780,4,1,4,1,4,1,8,10,33
6FAN4ER78,ヅマ,4WKMNMJNB,勉強中,961,3,9600,269690,8,7,9,7,6,6,7,8,58
WH8PXZC1D,あさと,3JDDUYURT,無言,978,3,9601,269600,4,6,7,4,7,4,8,8,48
7JER0174W,ゆう,VNEJ2RNW0,まったりんくら,254,0,9602,269510,1,2,1,1,2,1,4,1,13
VG3JPEM9W,むっちゃん,GYJ3C6TKR,綴理先輩好き好き,1184,8,9603,269420,1,4,5,7,8,7,8,8,48
SDTXR9S9Z,なまにく,Y2R7E79U3,カワウソ同好会,1273,8,9603,269420,1,1,1,1,1,1,2,1,9
XUDW182DT,OZ,9P9EPKFHE,無言参加OK,220,0,9605,269330,7,6,5,4,7,6,4,5,44
N10GRPL6W,月神蒼夜,CML0G54D5,イベント用,846,2,9605,269330,7,7,8,5,4,4,5,7,47
BP8NFEV7P,Zhika,TFGKYEY98,LLP JR,743,2,9607,269240,9,2,2,7,2,1,3,7,33
K1FF6602R,ama,F6H7917TW,サークル,840,0,9608,269150,5,5,6,4,6,5,5,7,43
M87NLLA1X,のぶ,69LBVUA8R,姫芽、さやか推し,529,0,9609,268970,4,2,7,1,9,4,4,10,41
WRY3B7DLR,miyamo,A3X92L6YU,お試し用サークル,917,2,9610,268790,1,5,6,7,3,1,4,5,32
19Q47MPSC,あーお,BT3GEWM5L,ささやか村の集い,1057,0,9611,268700,4,4,5,4,6,4,9,8,44
0EE0MKMNY,ダアツ,FV38N1J23,イベント用,951,7,9611,268700,6,6,7,7,7,6,8,8,55
YMVYUTD1E,nico,DUK0X7DB1,中国愛蓮同好会,576,2,9613,268520,4,3,8,4,4,6,3,1,33
KJRWWQXON,いのこー,FBA3AGJVX,わいわい,601,1,9614,268430,5,2,1,5,2,2,2,1,20
H5H4J83DC,リモント,HWXEVBW48,ミッション参加用,585,2,9615,268340,6,5,5,7,5,5,5,2,40
ZWHSWWPJQ,ナツ,WLBYGHXPD,大天使村野さやか,402,0,9616,268160,3,3,2,1,2,4,4,2,21
DVJVLE3P5,hasu,6MWHCNJE8,蓮之空小賣部,307,0,9617,268070,7,9,10,4,5,6,7,1,49
XDNTLH795,あっちゃん,9JTF508LB,スクスタ亡霊部,1034,8,9618,267890,7,7,8,7,7,7,6,7,56
87Y8YGW3V,はなんどう,RCNBH80VD,練習用,441,0,9619,267800,4,6,9,4,9,4,5,8,49
476BX2PVC,づ,51CF1LTGY,ラ研連合,933,0,9620,267710,4,5,6,4,7,5,6,7,44
3NJE9DW7J,IMU,GK7JNB0NW,参加賞取り隊,1321,3,9621,267620,9,8,7,5,8,8,8,9,62
KUTXACFCR,눈사람,CXG25026E,泥のみんなS,740,2,9621,267620,5,1,7,5,5,6,2,5,36
7NPZO0EKY,そんちょー,DKPMRA0TA,蓮ノ空奉仕部,567,0,9623,267530,9,9,10,6,7,7,7,5,60
MO1BTHG0V,LLLL.s,H1G4CDT6C,無言自由,880,0,9624,267440,4,4,5,4,7,4,6,7,41
03BRG5W78,icona,E12PR824F,ゆるっと蓮ノ空,570,0,9625,267350,5,6,4,9,4,4,8,7,47
NC8BKXVX7,しろま,96LWYJ3Y6,無言絡みなし,445,2,9626,267260,6,4,4,2,4,5,2,1,28
AFVW1DH87,mofu,BTVC9G95X,FES用,1033,2,9627,267170,5,5,8,4,7,7,10,8,54
02WXAI3PX,AOI,2VJG66JTH,まったり,995,9,9628,267080,4,4,5,7,5,10,8,8,51
TDQ43V3UZ,K想,HG3YGDXHG,蓮ノ空大阪分校,998,0,9629,266990,7,7,9,5,6,7,7,8,56
DQIBFX8WY,꧁Novice꧂,XLBU65J86,花の壁飾りクラブ,1104,5,9630,266900,9,6,8,4,6,6,7,7,53
G0MEALVG9,紅かえつ,W3UUXHMDV,水彩ブーケ,1007,1,9631,266810,4,2,4,2,1,4,1,1,19
CG9FLTDP6,能登,GEAEAE83C,刀使ノ巫女,673,2,9632,266720,2,3,8,8,2,10,10,7,50
0FUSCI3MU,イナモン,HWMV33W7Y,フラワー泥民館,869,1,9632,266720,3,3,5,1,2,1,2,5,22
NUTEF42O5,ナン・コロネ,9UKKACGDU,蓮っ子CLUB,1093,7,9634,266630,7,6,8,6,9,7,8,9,60
AY95V7SL1,きらら,3EJX5WB1A,金沢綴理門,1111,2,9635,266540,6,4,4,4,6,8,10,1,43
1TRR2JY83,Yokiri,2LLNGYPU6,禁断のセカイ♡,729,2,9635,266540,1,1,3,2,2,1,3,1,14
16FH628KS,MA☆SA,HN1MGGXRJ,蓮ノ空 応援団,962,8,9637,266450,1,4,5,1,8,2,7,9,37
KMCDE4QJH,ゆきにゃ,P01RCC6L2,まったーり,922,0,9638,266360,5,5,5,4,5,4,6,8,42
FCX92EF77,NQa,05KN1RR3U,さやかほ花卉園,816,2,9639,266270,1,1,1,1,2,1,2,1,10
NTPCVT5UT,リリィ,R8MA3LCB3,lotus,604,0,9640,266180,1,1,1,1,1,1,1,1,8
V7NG6XFFK,ダッシャー,TFGKYEY98,LLP JR,894,6,9641,266090,8,1,5,5,6,1,4,6,36
BGMAMPMNM,sh-,3HDDYR4FU,旅人,649,2,9642,266000,6,6,6,10,10,5,5,6,54
YFVPN1MU2,王,G0J2F9NAL,さやさやさーくる,723,2,9642,266000,3,6,4,4,4,4,7,8,40
0H417YY46,Nao,4NFMU2WME,好きだかんな？,437,2,9644,265820,1,1,1,1,2,1,4,1,12
NH5L8MJ7E,たけし,NP62BXJA6,棄民の王,912,1,9645,265730,9,8,9,9,9,10,7,7,68
B67N169FO,mak,RBH0YM8P2,蓮ノ空ラーメン部,586,0,9646,265640,1,1,1,1,3,1,4,1,13
1B4TVPFKD,ソラ,BW38LDPRF,蓮浦の星空,338,0,9647,265550,1,3,1,1,1,3,10,1,21
RLRG72PFU,NEXUS,B6KWXGHWH,蓮ノ空SIFC,1055,1,9647,265550,5,6,8,6,8,8,8,7,56
GJVLDT8E1,さばしお,AHE0E3JND,ありがと！にひっ,505,0,9649,265460,4,3,4,5,7,8,7,7,45
JKGJH1N9W,Ray,6N3F238R0,イベント参加用,562,0,9650,265370,2,2,4,2,2,3,3,1,19
RJJ44PC8T,I am jp,T48KV9EP2,無言ぱーく,455,0,9651,265280,2,7,7,5,1,4,3,5,34
B1T08VNDR,つばゆう,08DDCV5JN,黒ねこのしっぽ,748,4,9652,265010,5,10,10,1,2,3,6,1,38
9F7X7R2TB,とかい,3FF3NB77X,せーはす愛好会,935,1,9653,264920,3,10,9,3,6,5,7,3,46
0TNYWE6QD,TTH55ch,TR7ME55NB,スキップ連打部屋,829,2,9654,264830,5,1,5,1,7,7,9,10,45
CM683N98P,じゅんく,WD8452D3T,COMPS,879,1,9655,264740,1,10,10,4,8,1,5,5,44
1LKK6681A,SSerpent,K2L5DCVNR,REAL,1048,2,9656,264560,4,7,2,1,2,2,2,10,30
FUVH8H1TP,ゆうや,FH54A1HEX,陰のラブライバー,390,0,9657,264470,4,4,1,1,2,2,3,1,18
7DMLGDNTT,エロマンティウス,9DFV9UTW4,白ひげ海賊団,224,0,9658,264380,4,4,5,1,4,6,4,5,33
JKWTAVHND,カオル,G6EH0KHT7,なんもわからん,576,2,9658,264380,2,2,1,1,3,1,2,1,13
GTJNN1AOR,祭璃枫,Y337R7BW9,中国の蓮之空圈子,1117,10,9660,264200,4,7,6,4,4,4,7,7,43
8D8HY8URJ,饶舒铭,9YG7C0VM7,綴理と無言で昼寝,586,0,9661,264110,8,8,9,4,5,5,7,1,47
II8WRFXMJ,黒澤/慈推し,VY26V3P0K,AltF4され隊,426,2,9662,264020,1,2,1,1,4,1,2,1,13
1JHFJ71D6,うみちょー,48GTYR1VB,ハラショー！,689,0,9663,263840,4,5,4,4,4,4,7,7,39
KYAPT62AM,Gano,AVY8PECF0,初心者の集い,123,0,9663,263840,6,6,7,4,4,4,2,2,35
9XV0JKVT6,いさな,TNTEEJ9GL,なるほどねぃ。,777,0,9665,263750,1,1,1,1,5,4,2,1,16
EDLV906E4,kato,36DAM7HBL,蓮隠れノ里,609,1,9665,263750,4,5,5,3,8,1,4,2,32
V9025NC54,けい,X34LWGL6R,サークル2,680,2,9667,263660,2,2,1,1,1,1,2,1,11
3M39KVXW0,KAZU,3N7FL0U6U,destiny,900,1,9668,263570,5,5,8,5,6,5,8,9,51
T6WXZWSI5,リ｀・ヮ・),XN2VEA6DN,無言,773,6,9668,263570,6,5,10,10,6,5,6,5,53
NPL4B2MJP,KT003,0PJ19NAE3,蓮ノ空同好会☆,556,0,9670,263480,2,2,6,1,4,2,3,1,21
E6EVAGRCT,ぐるっぽ,J5CKL5YPX,ログイン勢かもん,396,0,9671,263300,2,4,1,2,2,2,3,1,17
NCURV0D7A,ベンジャ,ABALH0AL3,楽園計画,1051,10,9671,263300,7,6,5,4,7,6,8,8,51
2TKW1THH4,あきやん,6531MBM0X,のちもたーズ,528,0,9673,263210,1,1,1,7,2,1,2,10,25
RD9YUHM93,Hiiii,J83JWJ028,大ㄇㄚˊ露營區,501,0,9673,263210,4,8,4,5,4,4,4,4,37
Y78W6PN5S,アグネスデジタル,1T9GDPUMV,雰囲気プレイ部,1122,0,9675,263120,5,4,9,5,7,7,7,7,51
DT6R11P1A,灯花糸,RM7N1JDB5,無言推奨不干渉会,317,0,9676,262940,4,3,1,1,7,3,4,5,28
K2UEN40WJ,マルガレーテ,N6T2MVATD,まったりサークル,690,0,9677,262850,9,1,6,1,2,5,6,9,39
JLC4112VW,夜桜,CY5794BMR,ボクの赤と緑,810,0,9678,262760,5,5,7,4,6,5,5,5,42
7XJNKEB67,No.254,2JVBK752G,卍愛蓮説卍,1142,4,9679,262670,1,2,1,1,3,1,9,7,25
1FF738CC6,めぐみるく,DHKUGEWBJ,めぐ党虹ヶ咲支部,809,2,9679,262670,4,4,6,5,4,4,6,7,40
L3HUKVLHV,クラウド,1KDUBW4HB,めぐ党0番,283,0,9681,262580,4,3,7,5,5,2,2,4,32
WTLR9BKAU,マークアレス,KANLFTMVJ,蓮ノ空中文同好會,940,11,9682,262490,1,1,2,1,4,7,2,2,20
86W0FCPUH,月うさぎ,7MPNTWKTN,Dreamers,866,0,9683,262400,6,7,9,4,7,6,6,7,52
723EU6TA7,あんちょび,GVNKNN878,Aqours,457,0,9683,262400,1,1,1,1,2,1,2,1,10
GT9WVA7K8,味噌かつ,R083H7WRN,サークル無言,1055,12,9685,262130,5,7,8,5,7,5,7,4,48
73DX96MV5,あおい,7NJM1VURM,らんるん部。,175,0,9686,261950,3,5,3,3,4,1,4,1,24
MAE17KGGV,京,7U78F1PXC,微睡み月夜,758,0,9687,261860,6,5,7,5,4,4,7,1,39
9O0SU66WW,のん丸,WYWGY9MV9,にぇ,738,2,9688,261770,3,4,8,1,7,2,4,1,30
UMPUWCJ84,とろろ,60D1TTYTV,無言自由会,1026,12,9689,261680,2,1,1,1,2,1,3,1,12
BQUUCGODZ,YUKI.N,UVN7G4X3A,闇のルビィ団,1484,4,9690,261590,10,10,10,10,10,10,10,10,80
KEE1JECYE,まいまい,9GDHWXGVG,ルリと花咲く毎日,597,0,9691,261500,2,2,1,1,1,1,2,1,11
45N6EEFEK,嘆風清,G0J2F9NAL,さやさやさーくる,242,0,9692,261410,4,9,5,4,7,5,4,1,39
1MUU9L3E7,みるく,CHYNT48H6,蓮ノ空新聞部,411,0,9693,261230,2,5,5,1,2,9,4,8,36
I7KM23MK2,パイン,Y5J5Y90CD,まるまるサークル,948,1,9694,261140,4,7,9,4,2,1,4,8,39
N6N8Y6157,みずえり,5YXVKDEKV,サークル(仮),878,3,9695,261050,1,10,7,5,10,10,7,8,58
5E9YXPU4R,繪希,M67ACEP3M,オーバーブースト,588,2,9695,261050,5,4,8,1,2,4,6,4,34
U25U8D3HB,たっちゃん,G4Y7CDPCB,高音質世界混沌,226,0,9697,260960,1,1,1,1,1,1,1,1,8
TGY7G1CUH,yuzutaro,V8XX999F6,卍蓮村幼稚園卍,860,0,9698,260870,8,7,10,5,6,6,7,8,57
2SM1ZSNNU,NASUMAL,DFFYFJ2B6,つづさや好き過ぎ,954,8,9698,260870,1,3,3,1,2,1,4,1,16
927D18RDN,チェヨン,P2U4P7E0B,mk,272,0,9700,260780,3,4,1,1,4,1,3,1,18
AGD26AAWB,珠希,UV8K777HN,そらまめ,903,0,9701,260690,4,5,9,5,6,7,4,9,49
W1GYB9T1N,この木,TCTEAMP9C,虹ちゃん最高！,395,0,9702,260510,4,1,9,4,7,5,7,9,46
GR4WTB6HK,楡井希実,0XUV5025C,めぐめぐバブり隊,192,0,9702,260510,2,4,2,2,2,4,3,1,20
8Z0V9OLHJ,レグルス,DYAMB6AWK,コスモワールド,925,3,9704,260420,1,1,4,4,7,5,7,7,36
9CVK5CW8M,エンデ,N94LEWF2D,無言よわよわの会,899,2,9704,260420,5,2,1,5,6,7,2,8,36
KWGD1YANN,さんげ,B6KWXGHWH,蓮ノ空SIFC,1180,2,9706,260330,8,7,8,6,7,7,7,7,57
VH3VGTJXP,ごるすら,R3UE4PGCE,うさぎ小屋,744,0,9707,260150,1,4,7,4,4,4,6,7,37
RL0JBFD1M,こちら,EFYYG9TAY,ご隠居さーくる,906,3,9708,260060,5,1,5,4,4,4,6,9,38
OYY0SF617,Good541,GXJJKUPAB,gg,1044,2,9709,259970,6,4,8,4,4,7,5,4,42
PRCLHKHGP,かえで,D7UA5ER1E,UR報酬欲しい！,353,0,9709,259970,1,1,1,1,2,1,2,1,10
VWNWXDADK,普通の学院生うみ,3RH5MYBXV,こずめぐ党,973,6,9709,259970,8,7,10,4,2,1,8,9,49
0TR0VKMFC,藤野深月,A8BJ5V3ET,はすのそら,851,0,9712,259880,2,5,5,5,8,7,6,8,46
YC57YD7AL,ミラリス,KT4C59NXG,めぐ島,1370,17,9713,259790,10,9,9,9,10,10,10,9,76
FB752OQHK,Cysqua,GL8PF1YV6,Cysqua,1005,2,9714,259700,5,4,8,7,8,7,7,9,55
G7GG42J42,せんちゃん,K7LC46V5M,Link！ラ部,481,0,9715,259610,1,2,2,3,2,1,2,1,14
OFLFY6NSI,PMOMY,FHN78V2DJ,無言でどうぞ,975,3,9716,259520,4,5,5,5,6,5,2,8,40
S5T5C7I8J,にゃんだーすわん,XR2P2LDY3,蓮ノ空さいきょー,1316,9,9717,259430,6,6,7,7,8,6,7,9,56
H13D7EBY5,トロ,A3472CNJE,ハントン✿ライス,297,0,9718,259340,4,1,1,2,2,8,3,1,22
GDODD7U5B,hideshi,KPABV0UJM,蓮の空サークル,945,7,9719,259250,4,5,5,5,2,5,8,7,41
WNRXHRAIB,ろーたりー,NA8FEYN0M,蓮ノ空飲酒クラブ,980,8,9720,258980,5,7,8,8,6,5,6,7,52
6ZN6BIJ3Z,うぇる,RNJ306W6N,日曜日よりの使者,1049,12,9720,258980,1,2,1,1,2,1,4,1,13
NMTLLF222,ゆう,JY79RPB1D,リンクラゆる部,1072,7,9722,258890,5,6,7,4,7,9,8,10,56
JAWWWRWMY,スイカ,CCACL2CMM,無限城,240,0,9723,258800,3,5,3,3,4,6,4,1,29
MW3FYL3OF,ニーケ,D0DP90JK1,のんびり,995,0,9724,258710,5,4,7,4,6,7,5,5,43
3RUEWR4BC,BiBiット,CVAYC232Y,LL同好会,868,2,9725,258620,1,7,6,7,2,9,7,5,44
80SG6N2KL,かのかのことこと,YNR28303K,りんくらぶ,900,6,9726,258440,4,4,10,4,8,7,7,8,52
Z5B466FSH,ISO,H1G4CDT6C,無言自由,1029,12,9727,258350,5,6,8,6,7,7,8,8,55
LRVFUB2XX,まと,G0WRCNRWK,県立沢庵図書館,1042,6,9728,258260,6,7,8,7,6,7,7,6,54
367STOU6L,ハロめぐCEO,3LUL3WR8Y,零組,988,5,9728,258260,1,2,1,4,2,4,8,4,26
SOK8JIYII,menchi,9YG7C0VM7,綴理と無言で昼寝,1056,6,9730,258170,5,4,5,8,9,7,8,8,54
G8M0NAAWE,かのひと,FK5MUK0ET,くる♡すきクラブ,1060,16,9731,258080,1,2,1,1,1,1,2,1,10
SCY073YML,さと,BT22M41DV,梢花帆吟子同好会,951,1,9732,257990,6,4,7,6,7,1,6,5,42
KBQ3M8X0Z,けん,FVJFA973A,月猫愛好会,551,2,9733,257900,9,2,5,1,2,1,6,5,31
I0L071PBI,NAS,4UM4MBM8N,蓮応援宮古支部,1071,0,9734,257810,7,4,7,4,7,6,5,5,45
V57J3U87W,あだじお,97BGFLKW9,◯◯◯,236,0,9735,257720,2,2,1,1,2,1,3,1,13
L52BBDWTV,アユさん,26JDLMBLN,徒町は強く生きる,485,1,9736,257540,2,2,1,1,2,1,2,1,12
FHKFBB4AW,よっこ,4NDAG5E9N,国産牛のにげあし,551,2,9737,257360,1,1,1,1,1,2,2,1,10
U5RY738R6,むみぃ,407VAU0TT,ログボ勢の集い,904,1,9738,257270,7,6,8,5,6,5,6,8,51
13CNSYRBU,ヴェル,TM19BMU7C,ソロプレイヤーズ,1066,6,9739,257180,7,6,8,4,4,5,7,6,47
FXC2CWATE,桜乱発,LHXNEF3D5,まるまるサークル,366,0,9739,257180,4,3,9,1,7,8,6,9,47
BXRGVZPSR,くーちゃん,R8XF6Y813,Real.,599,0,9741,257090,4,2,4,1,2,1,1,1,16
UG37B8B5B,らんだ,U4TNE7AC7,AirLotus,794,0,9742,257000,7,7,8,6,6,7,6,7,54
VBWGAU5WY,いっぽー,R1RM3X0WV,後方腕組みオタク,474,0,9742,257000,4,2,2,4,1,1,2,5,21
M7F4X1G2O,けいどら,YLJ2PP4X4,全日本謝罪同好会,1468,6,9744,256910,10,8,10,8,7,10,10,10,73
LVA3K73YO,るちゃた,G6EH0KHT7,なんもわからん,403,0,9745,256820,1,6,7,1,4,1,5,1,26
TBJBAPHB2,ゆちは,T2XRMGEAE,蓮根無言会,761,0,9746,256730,1,4,4,4,1,2,6,4,26
XL1HY0RM7,Hare,W3UUXHMDV,水彩ブーケ,305,0,9747,256640,2,3,2,1,2,1,2,1,14
U97KNDDJ7,マッキー,MUXWTW1GV,蓮の空見守り隊,786,0,9748,256550,3,5,6,2,2,4,7,4,33
N103QZG64,さっぴ,JRAC1HYUD,SPHS-MMT,1337,4,9748,256550,7,6,9,8,7,7,8,10,62
PLI8CM0TD,海豚♪@米ﾁｭﾝ,Y0YV7Y3KT,白いご飯,967,1,9750,256370,7,8,10,4,7,7,7,7,57
4RW0E5MN5,さくらもち,GN9EEL045,きらくに,441,0,9751,256280,6,6,7,10,6,6,8,5,54
HEEKF9J9A,TAKA,WWWUTP96L,異次元からキマシ,865,7,9751,256280,1,1,1,1,2,1,4,1,12
LX17DV9C4,Kazu,M5P5T4TX3,のんびりリンクラ,597,2,9753,256190,1,1,1,1,1,1,1,1,8
8N1F367KY,ICOCA,U2A1TUTVH,個人用,1536,6,9754,256100,10,3,9,9,7,4,9,9,60
JZ02RGHB6,Haruna,W189BP629,みんなのみかん畑,968,9,9754,256100,5,5,7,4,4,4,6,7,42
PULL5Y1LW,なる,72J0T27T1,蓮ノ空後方支援部,375,0,9756,256010,1,1,1,2,3,2,3,1,14
9GV5ZVXZL,ヒカル,UYCT3Y4JK,蓮っ子,1075,10,9757,255920,3,2,1,7,8,2,8,1,32
2VNI0ZA5X,はなよーそろー,712BAU037,じゃんけん同好会,748,0,9758,255830,4,1,4,7,2,1,4,1,24
54JDHHCFJ,カズ,C52VR77BJ,イベント参加用,618,0,9758,255830,1,1,1,5,2,4,8,7,29
KOAMUJBVG,てる,2L8R7GAV6,大賀美組,745,4,9760,255740,9,4,9,9,4,5,4,1,45
1N443KGL9,武蔵恵,BEMED3RY1,無言無課金ok,284,0,9761,255650,2,3,4,1,2,1,4,1,18
XCX89UJH7,そう,F2M746D4B,頑張らないクラブ,673,0,9762,255560,4,2,6,4,2,1,5,5,29
N3P7J01Y9,すもも,0XUV5025C,めぐめぐバブり隊,291,0,9762,255560,5,6,6,6,4,5,7,6,45
T7IBKC9ZY,るみな,EPWMMAXNY,蓮ちゃん初心者,1225,11,9762,255560,7,7,6,6,9,7,6,8,56
TCGUIOCOR,シフト,VP0K6KF0K,蓮ノ空大好き!!,755,1,9765,255380,1,1,1,1,2,3,2,1,12
10L8RNRB8,ぐる,UN4AHCLTX,蓮ノ初心者,563,0,9765,255380,6,6,9,6,7,10,6,7,57
4AR1P2MB4,htmy,9N4F9P8DU,リンクラ部（仮）,903,2,9767,255290,9,7,9,6,4,6,7,7,55
8HIW5AQ3G,にゃんた,C8A9CTB34,蓮ノ空山岡家部,1089,6,9768,255020,6,6,9,6,8,6,8,8,57
FB9Y4ED1M,うに,75UJ5RB97,蓮ノ空雪野球部,1091,9,9768,255020,7,6,8,5,6,7,6,7,52
BD3E5IL02,がんばらない,6FWRD1K40,いちじょ海賊団,1061,1,9770,254930,5,7,8,5,7,6,6,9,53
T83K0V662,siho♪,N0EXH1CM1,ぱちぱち徒町,624,0,9771,254840,3,1,1,1,2,1,2,1,12
P6924UADY,アルパカ,A8BJ5V3ET,はすのそら,266,0,9771,254840,10,10,10,7,10,8,7,8,70
U4D67NTDP,いるむ,AXFR5G0M4,蓮ノ空,239,0,9773,254750,3,3,1,1,2,1,1,2,14
HGP8X2JY6,しーにゃ,NFMEGRJ45,社畜無言サークル,377,0,9774,254660,1,3,1,1,3,1,2,1,13
H7D5V3F26,h,LUUR1D2PB,ちぇす党♪,37,0,9775,254570,5,3,3,3,2,2,1,1,20
BL3Y5TEKL,みやもん,26JDLMBLN,徒町は強く生きる,774,2,9776,254480,5,9,7,7,1,1,2,7,39
EYRJEL1QU,寝坊助ぼうず,8FR866PRY,蓮っ子みらくラブ,1285,4,9777,254390,5,5,7,4,7,5,10,10,53
3GWWIDCBG,九代目松本梢四郎,NMT63RUDV,泥村,1682,15,9777,254390,10,10,10,10,10,10,10,10,80
DPVAKCBDX,ewicss,WX1DYC9Y1,ラナンキュラス,1111,2,9777,254390,5,6,5,7,6,5,7,8,49
YTZDP348B,ひろのん,GMEF2K8DL,花咲く泥も好き²,946,1,9780,254300,4,5,8,7,4,5,9,4,46
157V86KA7,ライチ,CVFYWNA8C,大阪の帰宅部,842,1,9781,254210,6,6,5,5,6,5,1,4,38
OQ8Q7FV1S,あっちゃん,XEENRBXCG,蓮ノ空休日クラブ,936,4,9782,254120,7,4,8,4,5,4,4,8,44
CBG1UE59G,とんとろ,YVF1V2AH6,蓮ノ空全共闘,296,0,9783,253940,7,7,10,7,7,9,7,7,61
GLLL890E2,こず党員,C003CD1RW,☆蓮ノ空クラブ☆,843,2,9784,253850,5,5,5,4,6,5,6,7,43
8H9W2VDA4,プカマル,PD80VCP5N,虹ヶ咲学園,1054,2,9785,253760,3,2,6,4,5,4,7,5,36
DWB2C1NTT,水鏡ありな,2LLNGYPU6,禁断のセカイ♡,760,0,9786,253670,4,4,5,5,6,4,4,5,37
J3WP8L9WT,Rakkosan,R9NGK6L48,のんびりサークル,710,0,9786,253670,7,6,5,5,6,4,7,8,48
NIQRV9NQA,kankon,X34LWGL6R,サークル2,1258,8,9788,253580,8,8,8,7,8,8,7,7,61
JMAFNIWXK,Tak,HB9AU9DJJ,聖心党,1348,14,9789,253400,7,5,7,5,7,7,6,8,52
TTA5TBLAT,いたしゃん,YDYH4VRRP,レンクウ,1191,1,9790,253310,8,8,9,5,8,8,8,8,62
TJLVUFUDR,ZackJr,HGVHHB78D,蓮ノ空写真部,240,0,9790,253310,7,6,4,7,4,2,2,10,42
N1VFMJ83G,けい,JU476V6K9,ポチッ！,1122,5,9792,253220,9,8,8,7,9,8,7,7,63
38H26JLNP,せつな,3HDDYR4FU,旅人,311,2,9793,253040,1,1,1,1,2,1,3,1,11
WDCY6UYNV,とうふ,DVTVV4HL4,蓮ノ空とうふ店,270,0,9794,252950,1,2,7,1,2,1,3,1,18
M4A5GMSE9,ひな,MG1G6F487,蓮ノ空無微課金部,968,2,9794,252950,2,6,5,4,6,5,6,9,43
CVL9D6R3U,neko24,407VAU0TT,ログボ勢の集い,912,0,9796,252770,8,8,9,5,7,8,9,8,62
F37GSVPNZ,かっふ,7279KLFCG,泥人形,801,2,9796,252770,2,4,7,2,4,4,5,5,33
VHD5RM94T,sch,F53AELUNC,ソロっと倶楽部,824,0,9798,252680,7,5,7,4,7,7,7,7,51
ONADZDDZG,ゆうひ,0AYJF4RJ6,無言,965,1,9798,252680,4,4,5,6,6,5,7,7,44
1U2J2605A,宇宙似,A1GBKA16P,アシュラム,317,0,9800,252590,4,5,5,4,2,1,2,2,25
3D3K8U8RN,高嶋　侑,RBH0YM8P2,蓮ノ空ラーメン部,641,0,9801,252500,1,1,1,5,1,1,2,4,16
KO0N2QJZK,ななこ,CM5THHYHB,「」ノ空だけれど,1292,5,9802,252410,5,5,8,1,6,6,10,1,42
APB506FD2,アム,FJMA5BPPE,蓮ノ空すきすき部,901,0,9803,252320,7,6,8,5,6,6,7,9,54
XHHGLWFSG,siro,TR057C1UW,蓮ノ空ぼっち部,1142,7,9804,252230,6,4,8,1,6,7,9,10,51
VGLXPJ1AP,ㄧ,TWJ862EPN,こにゃとも,338,0,9804,252230,9,4,2,6,2,5,6,6,40
KWU3JDH9O,ノービップ,HWMV33W7Y,フラワー泥民館,765,0,9806,252140,1,2,1,3,2,1,2,1,13
TLMN2RYVE,おぅりす,LJMD3TWBB,道の駅蓮ノ空,1094,8,9807,251960,7,7,9,5,7,7,6,7,55
5R6WT7Y6R,Kisara,T2XRMGEAE,蓮根無言会,918,2,9808,251870,1,1,2,7,2,7,2,4,26
K7ILFKL1U,すぎのき,VXDPPJJL1,蓮ノ空リボ課金部,940,2,9809,251780,5,5,5,4,6,5,6,6,42
U35HXYGGK,でー,F2CFWVMY9,藤島め組,1203,9,9810,251690,1,2,1,1,2,1,4,5,17
CMCF87XDV,トクホ,KT4P0CHHC,ゆったり同好会,660,0,9810,251690,4,5,6,5,3,1,6,1,31
NTTC141BV,ンゴ,17AEM7PUN,SIFcord,875,2,9812,251600,1,2,5,5,2,4,6,4,29
Z4DH5LWNJ,Finebud,HB9AU9DJJ,聖心党,1164,4,9813,251510,1,4,7,4,7,4,8,9,44
XBMUKPW0D,顔長マン,8UJNTV5BX,のんびりと部,1085,7,9814,251420,8,6,7,9,8,8,9,10,65
GWB5A2Q69,Xナイト,UHWA4YLWP,蓮ノ空を見守る会,1082,5,9815,251330,7,7,8,7,7,7,6,8,57
MMA6PU87C,透明,WLFW6UCX5,無敵級ビリーバー,951,4,9816,251240,6,4,9,4,7,7,7,7,51
J51P6DXYU,メガネ(爆),U55TMKFLF,どんたく蓮ノ空店,676,2,9816,251240,10,2,6,1,1,6,7,6,39
KDHSY2ZG4,ましゅ〜,YXKR0GGM4,蓮ノ空好き好き,1355,8,9818,251150,7,7,7,7,6,5,8,10,57
2KEM2UJ9J,おわたん,3LUL3WR8Y,零組,926,4,9818,251150,7,6,9,7,6,5,7,8,55
TFUV0QYEQ,だゆ,1F5EPPMLD,UR貰えればいい,724,0,9820,251060,2,6,5,4,7,2,8,8,42
JBXA92YDT,もも,W3F0URUJC,梢先輩応援団,765,4,9821,250970,1,7,6,10,3,7,7,8,49
XC044XJBW,キャスバル,EECF9C0N3,蓮ノ空　茨城分校,1000,12,9822,250790,2,2,6,4,2,4,7,4,31
G1MKA9PX6,ヒトカゲ,TWJ862EPN,こにゃとも,484,2,9823,250700,5,5,9,1,6,1,5,5,37
QZVI9PUC3,うっち〜,9X07VGM42,近江町食べ歩き隊,1116,6,9824,250610,5,5,8,7,7,7,9,9,57
8AK277WVV,™︎さん,CNA71VL13,蓮ノ空Lotus,826,1,9825,250520,7,6,6,5,6,7,8,10,55
9PAJI9SKC,ユッキーかすみん,PH0YEPJD8,蓮ノ空北國金沢,844,0,9825,250520,1,4,5,4,4,5,7,5,35
L0VEFG4XP,mobi,0J44KFKD9,アサルトガーデン,1074,15,9827,250340,9,9,9,8,9,9,8,8,69
9WRC91ZJF,けーじ,G2BWENR1C,せーはす応援団,1084,2,9828,250070,1,1,4,1,8,1,6,9,31
IS6NV2JZ6,umineko,UHF5Y8PEF,さやちゃん倶楽部,970,0,9829,249980,4,4,7,7,6,4,6,7,45
SS17LPSA1,大村,77R0B759H,オオユウ,966,5,9829,249980,7,7,8,7,7,7,9,8,60
RBNVTTFPK,びわ,9AYD3XJ2D,ぺんぎん隊,591,1,9829,249980,4,4,10,4,6,5,6,4,43
93GGEHW54,hamowl,E49YWK5YC,酢蓮根,1005,9,9832,249890,1,1,1,1,2,1,7,1,15
NJ7BSC4ZI,はるけい,U4TNE7AC7,AirLotus,998,0,9833,249620,7,7,8,4,6,7,6,7,52
7J355A86W,れじ,NM0LF7XTN,ジェミニ,447,0,9834,249530,1,1,7,8,3,1,4,4,29
V38XCV654,だんぞう,MWHJ339TF,葉山エターナル,906,1,9834,249530,4,5,7,7,6,1,7,9,46
OL2VVDLNH,美和,VNEJ2RNW0,まったりんくら,531,1,9836,249440,1,1,1,1,1,2,3,1,11
BC3S9MXLE,かつ,TK9E1BB1P,無言で自由,992,6,9836,249440,6,5,10,9,7,8,10,10,65
3EED4IW5Z,タリーヌ,6TP7J2E6G,Orenge,1020,6,9838,249350,10,10,10,8,8,9,7,9,71
F5L8N0WD2,リプレイ外し,6C9R15BLY,スクスタ避難民,1038,2,9839,249260,8,8,8,7,8,9,7,7,62
88GVJ1E8M,Keju,MUYEWRLU1,Keju,107,0,9839,249260,8,10,8,4,3,4,1,1,39
IDIHSW8JW,マルセル,18YYNRFGA,LotusSky,1006,7,9841,249170,4,5,5,6,5,5,3,7,40
K128QALXU,猋珈琲,XCVPUP28L,丑美津高校SI部,1101,4,9842,249080,7,8,7,8,6,6,7,10,59
PHHW9BRUF,ぴす,LUDNM40F8,ふくふく無言OK,586,0,9842,249080,4,4,5,4,2,10,6,7,42
KS38I50TY,しぐ,RXXUPMWB9,待機室跡地観測所,517,0,9844,248990,2,1,1,2,2,2,9,1,20
0VUKN5WVR,アカリ,9X07VGM42,近江町食べ歩き隊,224,0,9845,248900,1,2,1,2,2,1,2,1,12
4UJRPU6LG,マッチャン,AH27N260E,百生信託銀行,849,5,9845,248900,2,9,5,2,7,5,7,5,42
22YV4LCC1,ユウ,FC8NBAJBT,ラー麺二郎金沢店,910,4,9847,248810,3,4,2,2,2,3,5,2,23
9P6VGPBP8,みかん,AND13836G,乙宗梢親衛隊,157,0,9848,248720,4,4,5,2,4,5,1,1,26
9FLALX6B1,ズッキー,CVLAJYBTK,さや処,862,2,9849,248630,8,8,8,8,9,8,8,8,65
U9VBVB0PM,塩湖,GWGDMA3YC,初心者無言自由だ,782,0,9850,248450,7,2,4,9,7,7,8,10,54
44YJV86EP,ユキ,YJNWBA8F6,梢推し隊仙台支社,1156,3,9851,248360,4,4,7,6,7,8,8,10,54
UY7U8JK7K,めい,YXKR0GGM4,蓮ノ空好き好き,621,2,9852,248180,1,2,4,1,3,4,4,1,20
IL9QRQ02S,Nyas-ct,W15MVW2EJ,蓮のソラ,1007,8,9853,248090,5,6,8,8,4,6,7,7,51
364UMT904,湯雲,BTVC9G95X,FES用,752,2,9853,248090,1,1,1,1,1,4,3,1,13
AH5EJXC9B,ごや,6JPXTKDBB,DAISUKE,399,2,9855,248000,1,1,1,1,3,3,1,1,12
PLGN7RHKY,Pizzachi,LMH98656T,PizzaChi,928,5,9856,247910,4,5,6,1,4,3,8,8,39
A36GWU6BK,Sio,2JK7E4115,ラ！推し,736,0,9857,247820,7,6,6,4,2,6,6,5,42
PRZCUX3GF,たこ,XJHATLDVB,さやかほ観測所,1165,4,9857,247820,7,6,8,5,6,5,6,5,48
F4M9KTM9V,うさぴょん,646YTH7KK,KA,728,0,9859,247730,6,7,9,4,5,5,6,5,47
L3WPE1XH2,鎌鼬,WFPA7YJE1,蓮ノ空文芸部,834,2,9860,247550,4,4,8,1,6,5,6,5,39
U33G1BU10,T.Y,C52VR77BJ,イベント参加用,147,0,9861,247370,9,10,10,6,6,6,3,2,52
MKGC26GEY,rikki,M6UPWJ6DU,蓮結ぶ虹と星の音,938,3,9861,247370,5,5,7,7,7,7,6,4,48
B4N03B4W7,学院生,8MU7JE7FD,ねそべり同好会,872,1,9863,247280,4,5,6,5,2,4,6,6,38
RGYGHEWDP,はる,0UTVRAKFL,平穏無言,889,1,9863,247280,9,7,7,10,7,6,6,4,56
0YJVPHD45,(・∀・)my,1UBNNHVLG,蓮箱推し（仮）,997,0,9865,247190,1,2,1,4,4,1,2,5,20
OIO3F7YAX,FZ,AW470U964,ボッチ会,759,0,9866,247100,4,5,5,1,4,3,3,1,26
7PY3DU0EK,Na2,YATYRMYX2,ゴード！ド！ド！,286,0,9866,247100,1,1,1,1,1,1,2,1,9
DFX7PHKYP,MM,9YG7C0VM7,綴理と無言で昼寝,1443,18,9868,247010,10,9,10,9,9,10,10,10,77
TJ3V3UPA3,ぶい,Y2P9LABR2,スクステ同好会③,1355,4,9869,246830,6,6,4,4,4,4,4,4,36
EXDC1JJ56,イノゴマ,GLP0WPDRM,イベント用の泥,490,0,9870,246740,8,8,9,8,8,8,8,8,65
R6U3Y3P9H,美女,M6UPWJ6DU,蓮結ぶ虹と星の音,157,0,9871,246650,5,4,2,3,4,4,4,1,27
8R4ENG0A6,とにゐたけ,8MLVA67AK,聖ミリオン女学園,744,2,9871,246650,1,1,5,4,2,4,6,7,30
DGYQ21I8K,まるしす,054N7CPVR,部室のニワトリ★,1012,2,9873,246560,4,7,5,7,8,6,5,5,47
U6IQ0977D,ちょく,VWL2JD4RU,特に無し,758,0,9874,246470,2,2,4,4,4,2,4,4,26
HZ96YEB4U,ヤマ,M08GKL70U,ららマジ難民の会,595,0,9875,246380,6,3,8,5,4,5,6,1,38
BE6HFULM5,コーダイ,N34LHVJKN,のんびり堂,1080,2,9875,246380,6,6,8,5,5,7,7,7,51
L3FMHENDK,メイふー,LFB48H6MU,超初心者の会,177,0,9877,246290,5,3,4,1,5,2,3,2,25
8ANJKH75C,STACK,RBH0YM8P2,蓮ノ空ラーメン部,433,0,9878,246200,5,6,5,4,6,5,6,7,44
DW3H10PRH,るみ,LETV4C1KG,無言の行,141,0,9879,246110,10,10,10,6,6,6,6,5,59
CYAKNPJXB,kisk,B3638RXDC,ULTLA C,239,0,9879,246110,2,2,4,1,2,4,1,1,17
RP1ENKFID,さみ,CXG25026E,泥のみんなS,1141,7,9881,246020,4,4,7,7,7,7,8,8,52
2GVHM6PWT,ねぎま,VNEY6C9BE,スリーマーメイド,698,0,9882,245930,1,1,1,1,1,1,2,1,9
EFE50LER5,ハイエイ,TDHKGHFPA,無言参加○！,907,0,9883,245750,5,5,5,5,6,5,6,8,45
1ATG4LHNR,霞ヶ丘かすみ,CT8XW752X,蓮ノ空写真部,883,4,9884,245660,9,8,9,6,8,7,7,7,61
VNDJBRLGB,ころ,VXDPPJJL1,蓮ノ空リボ課金部,824,5,9885,245570,10,2,1,1,2,5,6,4,31
BY3CPTHLM,カフェファ,JD1PFYJWE,瑞蓮隊(無言OK,555,2,9885,245570,5,2,6,1,9,2,5,5,35
L0R1T0XBE,MYAO,K4TAHF9YA,はすっこ準備室,1311,3,9887,245480,8,7,9,7,9,8,9,9,66
JZO7XOCLT,ぐれい,73N4AB3LR,かほ子のイオン,1212,12,9888,245390,5,5,9,7,6,5,8,7,52
EPRBJA95R,まほ,PN4VA24XF,みーかるぱーく！,440,2,9889,245300,2,3,3,1,2,1,3,1,16
87LFM8JCR,Takoyaki,9DKR4Y2CJ,蓮ノ空老人会,1096,2,9890,245120,6,4,8,5,6,5,5,8,47
E2YP7U0EY,阿宴,6CC83J3EJ,蓮之空台灣分部,659,2,9891,245030,2,3,10,1,6,1,2,7,32
YK28JWSSA,GAWA,3878B3HBK,ナゴラバ,736,2,9891,245030,1,7,4,1,6,1,4,4,28
YCTBWDV9D,茶猫,VN1LXEHLR,綴理、愛,1176,15,9893,244940,10,9,10,10,7,9,10,10,75
K3GXPTAVU,ね,89K9Y7MX7,初心者歓迎,1049,4,9894,244850,3,2,6,2,2,4,3,4,26
JUAZ4ZFIR,くらね,PH0YEPJD8,蓮ノ空北國金沢,971,3,9895,244760,6,7,4,4,6,5,9,9,50
W7VEHAXNY,ひびき,TB7GJ57D7,シャイニーフラワ,763,2,9896,244670,4,1,5,8,5,8,6,7,44
JN73XXJ07,Limone,80VRCG1BY,みらぱ同好会,229,0,9897,244580,3,6,5,3,3,2,1,1,24
3TNMTJKYG,グゼ,MYTCXJ12B,つーりすと@蓮部,889,2,9898,244490,9,10,8,6,8,5,6,10,62
2C6WR57WU,キリト,2AUM7L9BW,蓮初心者クラブ,405,0,9899,244400,4,3,1,2,2,1,4,1,18
QWCAR4EQ7,しらゆき,HXVYGL96H,初々しい対抗戦,579,0,9900,244310,7,3,2,2,2,4,3,5,28
GBHHMI4PS,武志,DFFYFJ2B6,つづさや好き過ぎ,845,4,9901,244220,3,6,5,5,2,4,3,8,36
UVVXW7BNM,Picca♪,7K4AK36Y4,~梢先輩ファン~,258,0,9901,244220,8,8,6,10,4,5,1,1,43
T61I10GX7,まこと,FFEFNVBD1,AZUNAランド,807,2,9903,244130,6,6,9,4,7,7,1,8,48
7PRDYM338,プリティ洗濯機,8JMW9G2XW,僕らのリンクラ！,1064,3,9904,244040,8,8,8,7,9,8,8,8,64
EW3QHS7XQ,SOくん,BT3GEWM5L,ささやか村の集い,874,2,9905,243950,6,3,5,1,2,6,7,7,37
HD3XX4L9Y,ナルちゃん,F8MLHU2NV,乙宗梢様､､､,767,2,9906,243860,1,2,1,1,1,1,2,1,10
RHRYOUYPM,Y@S,YAY2UK2CT,蓮の空研究部,1020,1,9907,243770,6,6,7,4,4,5,7,9,48
NK59MUUWX,ると,NP8F9KU0J,とうばんじゃん,816,5,9908,243680,5,5,6,10,6,10,5,7,54
E1DJ823CT,ナオ,CRYB2FJ64,つくよみくらぶ,753,0,9909,243590,8,2,2,1,5,6,4,10,38
D2G2XW2LF,鳥バード,LX25CP0TG,深夜の芋煮処,826,1,9910,243500,2,2,1,4,2,1,5,4,21
0BH652776,キンクマン,T4WY63DB9,ういのま,465,0,9911,243410,1,10,6,1,8,1,9,6,42
D96CUY14A,だだんだん,3F0M4HXJE,蓮ノ空まったり部,1162,7,9911,243410,1,6,7,5,8,5,10,10,52
KE9B02TCG,Sirius,9WVBK4U41,ENfans,491,0,9913,243230,8,7,9,6,8,8,10,5,61
9W0NNHKKD,とあごち,C28N2X207,かんこな大好き！,711,0,9914,243140,1,5,9,8,2,4,5,5,39
PB253NU3T,えびめいど,0R8BXPRC1,ポチっ！とクラブ,892,7,9915,243050,6,4,5,5,2,2,7,5,36
6XV917KBM,サンクラ,2DYYAPFVN,蓮っ子村,1074,3,9916,242960,5,7,8,5,6,5,9,10,55
JDCLJ573T,yuki,K3R1XY8UT,自由,805,0,9916,242960,2,2,7,4,5,7,5,1,33
CSNX18JMU,セルジオ,NK05UMLWW,かけ込み寺クラブ,814,0,9918,242870,4,4,7,5,7,6,6,7,46
9ZHYIQH3S,ゆせな,PG8N0YL3F,蓮ノ黄昏,1122,3,9919,242780,8,6,8,4,6,7,7,8,54
EBH243JX0,よしまる,M4YY7PV0G,ブルーロータス,1115,8,9920,242600,1,2,1,7,4,4,2,1,22
1K2DH8R9N,ヤラ,T4WY63DB9,ういのま,642,0,9921,242510,1,2,1,1,5,1,10,3,24
12RGI9ZFX,MAZ,M0HHDC9CJ,自分用,1195,1,9922,242420,8,8,9,8,7,8,8,8,64
UBIZI2MIM,しーちゃん,R7VEXFUBP,蓮ノ空応援クラブ,773,1,9923,242330,1,4,9,5,4,5,4,5,37
04UFB8P1K,Tefurra,TFGKYEY98,LLP JR,905,5,9923,242330,1,4,1,5,9,4,4,4,32
NTMV2E0XC,スー,E7DC3WM28,あ,1009,3,9925,242240,6,4,8,7,7,6,8,9,55
K9LJ8MBBA,りすこん,FVJFA973A,月猫愛好会,1048,3,9925,242240,1,1,7,1,2,1,2,1,16
L1VQ3F8R1,やまと,T045NDKW0,♬さやか愛好会♬,1024,3,9927,242060,6,4,7,7,6,5,8,9,52
PHWCWVPF0,りうくまん,5YEE75CB4,ロビーで待ってる,434,0,9928,241970,8,6,8,4,7,10,7,7,57
71YZW81WW,Elylyn,M0HHDC9CJ,自分用,1070,1,9929,241880,8,8,8,8,7,8,9,7,63
4B7CEI01C,ななないす,N94LEWF2D,無言よわよわの会,1245,14,9930,241790,7,7,7,7,7,7,10,10,62
ELNK7L98N,ノピ,1EL57CDR0,なんもわからん,800,2,9931,241700,3,10,6,6,8,2,7,5,47
Y4VE9UTA9,ぱ,213NH0DMR,ディズニーランド,1134,0,9932,241610,1,2,2,1,2,1,2,1,12
WBBYP3NM0,cosworth,ULUELCJ7T,なるようになる？,1133,13,9933,241520,8,5,10,5,5,5,7,5,50
BYYBXYMGH,AA,HWWRP6K2J,家に猫がいます,469,0,9933,241520,1,4,5,4,4,4,6,7,35
722NMG3UC,ハクノン,MUXWTW1GV,蓮の空見守り隊,250,0,9935,241430,5,6,5,4,5,4,4,2,35
RB0HNTMV2,桜@めぐ党,57HNJ07NK,みらぱ推活最前列,1383,15,9936,241340,9,7,10,7,9,10,8,8,68
THFN6RV8E,野菜畑,8AT7V1C7L,初心者です,147,0,9937,241250,4,4,6,3,4,4,3,1,29
67D4H2Y53,ふにゃぎ,FLFXP0T22,沼津内浦メンバー,801,0,9937,241250,7,7,10,7,5,5,7,1,49
H9PE4A36U,エイス,HBD61R6WC,梢先輩すきすき部,903,0,9939,241160,6,4,8,8,4,5,7,7,49
N3UZV1LCP,ニッコウガロン,C6V311T2P,LotuSky,1042,7,9940,241070,6,5,6,5,7,4,9,9,51
LWWBF6TVX,はなうた,36DAM7HBL,蓮隠れノ里,938,11,9941,240980,6,3,1,1,4,1,7,8,31
90PZ7LCO1,桜井,W2HEPMM2A,無言。ぼっち。,857,0,9942,240890,1,7,7,8,8,5,8,9,53
WJ3KDYE48,こうにゃん,F53AELUNC,ソロっと倶楽部,810,3,9943,240800,5,6,6,1,6,6,4,7,41
8KB2J03U1,昴,ELVJFHBUT,花帆めぐ推し,170,0,9944,240710,10,4,3,2,3,5,1,9,37
X1MR7YWFM,さき,RXXUPMWB9,待機室跡地観測所,706,2,9945,240620,4,8,8,1,6,4,6,8,45
YHWJGAUYK,ponpon,4LU50R56J,誰でもOK,384,0,9945,240620,6,7,10,8,6,5,6,7,55
F8JTB49EN,サブ太郎,HKETDDCK6,ぼっちざ蓮!!,799,0,9947,240530,10,10,10,7,10,9,8,9,73
22O9N31AZ,ペレイラ,KBJ2P8T0Y,人見知りの集い,1096,4,9948,240440,5,6,7,5,6,7,9,10,55
NE730JORQ,ヴィラ,0CBM28JP6,ほうき星,353,0,9949,240350,1,1,1,1,2,1,2,1,10
HFWL6D1LX,りふぇ,GCFA4WL28,乙宗梢を愛で隊,830,1,9950,240260,5,5,7,8,5,5,6,7,48
14PIM9Y76,daiz,9YG7C0VM7,綴理と無言で昼寝,943,2,9951,240170,4,1,4,1,6,3,9,9,37
CNEB4DJA3,慈、働きなさい,1JB7FM8YY,アラキドン酸Na,657,3,9952,240080,4,2,4,3,2,1,4,5,25
DJFD9P6XQ,Luna,53M4V2BVG,吟子の髪飾り,212,0,9952,240080,8,6,10,5,2,7,9,1,48
OX167XEAA,CG墨麓跡,5JA9K5FAK,オタサーの姫芽,792,12,9952,240080,9,8,10,4,2,1,2,4,40
6B49G7EFX,アンノウンxy,WKG02VMU6,先輩で遊ぶ2年生,767,0,9955,239990,3,4,5,4,2,4,7,7,36
PRWDVJP1Y,海野蜜葉,ET545UKAR,105期生,473,0,9956,239900,1,3,8,1,2,4,4,4,27
T1JT0HPBG,テツライバー,5DRY3TL61,はすのそラバー,505,2,9957,239810,4,1,4,5,2,4,5,5,30
BKTCFE01J,ねこまる,JBUP9N61Y,れーざー,887,2,9958,239720,4,4,7,7,7,4,5,5,43
HG5JJ3RD0,こうた,BKUHCT7WF,蓮女お嬢様部,395,0,9959,239630,1,1,1,1,2,1,2,1,10
U38CWGV7P,Yunomi,Y2R7E79U3,カワウソ同好会,972,1,9959,239630,7,6,8,6,4,6,6,7,50
R8UDGFN2N,うら,R083H7WRN,サークル無言,777,7,9961,239540,1,5,5,6,9,1,3,2,32
9UQ8ZWSTV,じぃ,PWK02KG0F,メメントの森公園,977,1,9962,239360,1,2,6,5,5,5,8,7,39
9N1XDE8R4,よーすけ,4URND90YY,参加賞狙い,551,0,9963,239270,8,4,5,4,3,4,7,5,40
OV810QC3H,さんち,BW38LDPRF,蓮浦の星空,934,6,9964,239180,1,3,10,1,3,7,8,1,34
MHJKAL15G,としくん,V8XX999F6,卍蓮村幼稚園卍,944,2,9965,239090,1,2,9,7,2,7,2,9,39
U6L8MF89X,p103,D075KXX86,花うさぎ,951,2,9966,239000,2,4,7,4,6,4,2,7,36
TTA9LHA42,お顔が,1KDUBW4HB,めぐ党0番,638,0,9966,239000,8,7,9,10,7,7,10,10,68
KNYXLUM5D,おちゃぴ,FMKP92LRL,目が霞む人達,905,2,9968,238910,7,6,8,5,6,5,6,7,50
2XUS3K5Z4,赤ちゃんのキラー,17TAUR6K6,憤怒と激怒の会,1022,4,9968,238910,4,5,6,1,2,8,5,10,41
ZGDRKNEJ3,柿畑ケロシン,CM5THHYHB,「」ノ空だけれど,996,0,9970,238820,7,7,8,6,7,7,6,7,55
V9G635NNM,おぬしちゃん,UFW34UBYF,そろりそろり,957,7,9971,238730,3,6,8,5,5,4,5,7,43
NAPEDJY4J,あろま,CJWR9P8LM,花帆さん愛でる会,612,0,9972,238640,5,6,9,6,6,7,6,7,52
X6A7VXYT4,Rakkit,0UTVRAKFL,平穏無言,1142,6,9973,238550,8,7,9,8,7,7,7,8,61
7A5PUNGEN,MeRa,J80MEYHBC,Nymphaea,327,0,9974,238460,2,7,4,2,7,1,7,4,34
ELJZ2W99D,えねず,E5JKTW00K,蓮ノ空まったり部,1081,1,9975,238370,4,5,6,7,6,6,9,8,51
5WBKNQOBH,澁咲穂歌夢,866DU609J,ラ！スレ@may,1082,9,9976,238280,5,7,7,1,7,5,6,8,46
HLKY16BHK,銀狐夢想,E1HVJ71JR,ご自由にどうぞ,908,2,9977,238100,4,7,8,4,6,7,7,8,51
UEHS8GPM9,フブ,MVRFVTGU6,無言&出入り自由,832,2,9977,238100,1,4,8,1,2,1,6,8,31
1WMG95MCX,HITO,A9MA307FX,楽しいが一番,358,0,9979,238010,5,4,5,1,7,5,7,5,39
J2GBHY14M,瑠璃ヶ咲,BLG1J3DKE,メグノタメニ,689,3,9980,237920,6,10,5,1,2,7,5,1,37
TPNLY36BX,7Stars,CT8XW752X,蓮ノ空写真部,1166,6,9981,237830,7,7,8,7,7,4,10,10,60
PTUFNCW1M,ヤス,1UBNNHVLG,蓮箱推し（仮）,896,0,9982,237740,5,2,1,4,6,4,8,7,37
PPJEWB2J7,kaki_max,3A63DYH54,LLすこすこ部,966,0,9983,237650,5,5,5,4,6,5,6,8,44
LG6T67XJM,ご隠居。,WCL6R1ANU,無所属の会,1207,15,9983,237650,5,5,8,1,2,4,2,6,33
0DRT81J61,へいむだる,C6V311T2P,LotuSky,463,0,9985,237560,1,1,1,1,1,1,2,1,9
MCE12PQKL,みむら,23PGPJ3NV,蓮ビギナーの集い,621,0,9986,237470,7,3,7,10,6,7,9,5,54
G9MK7AB0M,ますきち,M851LEV3N,なっす父兄,1086,6,9987,237380,4,5,6,7,8,6,8,9,53
Y5C8UW2YN,masa,E719GTAYV,めぐ待機室,1034,4,9987,237380,4,4,6,4,4,5,7,7,41
CRA1TB8RB,PlaSu,VLY5JDKCV,新規なのだけれど,858,0,9989,237110,1,2,1,4,1,1,9,4,23
O3LU2ZG23,ヒロヒロ37,TXNCTRR1U,瑠璃乃推し隊,1064,2,9990,237020,5,8,8,4,6,5,6,8,50
N1554VTPE,けいてぃ,PR2BGEK5K,ありがとう大三角,1273,6,9991,236930,9,9,9,9,10,9,9,10,74
MP92Y4A8E,クゥちぃ,1KDUBW4HB,めぐ党0番,498,0,9991,236930,5,6,9,8,2,4,7,7,48
D516H96GL,かまぼこ伯爵,Y4G0KF6NB,無言でやる会,695,0,9993,236840,5,2,5,4,7,5,8,7,43
VW120ZM3P,ことみ,M6UPWJ6DU,蓮結ぶ虹と星の音,1089,2,9994,236750,5,7,7,4,6,6,7,7,49
X71A9KRYB,きりたんぽ,X87KNX4N3,蓮ノ流星群,817,0,9994,236750,4,7,5,5,4,1,8,8,42
QWE1JXJR9,もりも,DFXN9DB2H,どんぐり共和国,1277,0,9996,236660,5,5,7,6,7,5,10,9,54
78EK7YVO7,WhiTe,YD2XWWFA4,蓮好き好きクラブ,1140,4,9997,236570,7,7,7,4,7,7,6,7,52
X51PNGFNV,日野,3F0M4HXJE,蓮ノ空まったり部,581,0,9998,236480,3,7,2,2,3,5,5,2,29
VFW5BAT43,とわ,74C8GY80T,まったりさーくる,673,0,9998,236480,1,4,5,4,3,4,5,4,30
8JPBBP7D0,みやこ,407VAU0TT,ログボ勢の集い,552,1,10000,236390,4,3,4,9,3,2,4,1,30
7BG9R6LUW,わたなべ,18YYNRFGA,LotusSky,959,5,10001,236210,4,5,4,5,4,5,9,7,43
HLRNNFRK6,kitami,KPVJD4A1H,WINS金沢,578,0,10001,236210,7,7,9,6,8,7,7,8,59
1ZR9KMZ8B,でしょって,PUJ0ERCMW,蓮ノ空倶楽部,968,9,10003,236120,5,4,7,4,6,5,4,1,36
N3ECFEJL0,モノリス,YHWN0NJ03,ドカ食い気絶部,874,3,10004,236030,5,7,8,7,4,5,6,7,49
Q06KI4W9V,おしゃプリ,5KK3DFY18,MUGEN∞,718,0,10005,235760,3,1,5,5,6,2,4,10,36
7GYCNKNBX,ミチノ,X642BX99H,レウレリア,943,1,10005,235760,1,4,7,7,2,4,5,5,35
49E5YHU1X,Sckrut,F539KNLMW,謎部,619,0,10007,235670,8,7,9,4,4,4,6,7,49
AGUF3K3X1,猫山半太郎,U8GLCJVJP,コミュ障用誰でも,836,4,10007,235670,1,2,4,1,5,1,4,7,25
8FGWEK87N,おいどんでごわす,E0JM59N1E,花咲梢,686,0,10009,235580,5,5,8,5,4,4,6,7,44
7VN9YEEN4,葉月ニナ,KBJ2P8T0Y,人見知りの集い,994,7,10010,235490,4,4,6,5,6,5,7,8,45
5GDKME4TB,澄秋,6BFC4G5YG,蓮ノ空足湯同好会,860,9,10010,235490,4,10,4,4,2,6,5,5,40
CBBKP79NP,必殺のピンクポン,766J6R5F0,理解力乏しき者,406,0,10012,235400,4,4,3,3,2,3,1,1,21
8CELEYVN9,ガチャ恋サムライ,AHE0E3JND,ありがと！にひっ,522,1,10013,235310,1,1,2,1,2,1,2,1,11
GOBHM593L,朝焼け学院生,8K6R9L378,夕焼け帰宅部,1184,3,10014,235220,7,5,8,5,8,7,8,8,56
BUABR8P04,サトちゃん,FTUJJ5KM9,無言◎私生活優先,1352,13,10015,235130,3,10,4,4,10,9,10,10,60
H8DUFRYF6,ナベ,4KRBU0KFF,ノーチャン会,497,0,10015,235130,1,1,1,1,5,1,2,1,13
VCLPYY812,おに,ELTW62751,安全バーは君の腕,721,0,10017,235040,1,3,7,2,5,6,6,4,34
329PR36H7,れんこ,5YXVKDEKV,サークル(仮),338,0,10018,234950,1,3,1,1,2,1,3,2,14
RM9HBNEJU,さよ,W3F0URUJC,梢先輩応援団,813,0,10018,234950,6,5,7,4,6,5,7,8,48
224RKEERO,あかつきのかん,XPX36F6JX,無言初心者お試し,696,0,10020,234860,4,4,5,4,4,5,7,4,37
TIGCUY37G,どん,3YWMY4JVN,82プロ,1192,1,10021,234770,6,6,9,9,6,4,8,10,58
785GWDE4T,しゅー,4RNUXBXGL,みらぱ最推し,203,0,10022,234680,4,2,4,1,2,5,3,1,22
AEP6EBMJE,ボッシュ,38JXMDXBT,蓮ノ空WATCH,1123,7,10023,234590,5,2,1,3,1,1,3,1,17
C8KTLMNWB,ゆう,7MPNTWKTN,Dreamers,699,0,10024,234500,6,10,6,6,7,7,8,7,57
SNPTV2SXG,よーしー,FTUJJ5KM9,無言◎私生活優先,1067,5,10024,234500,7,6,8,4,6,5,7,8,51
49D0YWXKV,オレオ,K3LMN5JHH,金沢カレーの皿,1183,5,10026,234410,1,8,8,1,8,2,10,5,43
ZB4PX93C4,蓮中✿アラモード,N752V1LD6,思想の溜まり場,1007,4,10027,234230,1,2,9,1,2,6,2,9,32
XAX3OF0PP,まっつー,EMAN1DMK8,いつものメンバー,942,2,10028,234140,1,1,2,1,2,1,3,5,16
X6JKKB1CV,ふゆ,K7LC46V5M,Link！ラ部,407,0,10029,234050,2,3,1,10,1,1,3,1,22
Y9XIRCDV8,びすこ,8GAY2WBT6,(・8・),1139,10,10030,233960,7,5,7,5,7,7,6,5,49
IZRC6CWGR,ヨード卵卿,GYJ3C6TKR,綴理先輩好き好き,848,3,10031,233870,1,2,3,1,2,1,4,1,15
6O2YNN943,影市,WLLWJ8ADP,乙宗筋肉サークル,914,3,10032,233780,2,6,1,1,2,3,8,7,30
J7HF4X0HF,ネコ吉,UYCT3Y4JK,蓮っ子,835,2,10033,233690,8,8,9,6,4,5,8,6,54
UJKD3P9JC,ミジン子,MF6GL0RVL,ミジンコ倶楽部,1147,5,10034,233600,5,4,10,5,4,5,6,8,47
VM7PLUEHG,やわら,4LU50R56J,誰でもOK,455,0,10035,233510,10,3,5,8,2,1,6,5,40
308N2EEXM,かざは,9U8KNU6U9,対抗戦用,446,0,10035,233510,1,2,2,2,1,1,3,1,13
D6D0Y3A08,あおいそうま,RBH0YM8P2,蓮ノ空ラーメン部,1081,5,10037,233420,7,8,10,9,7,4,9,4,58
B7XCQME6R,晃,6386KU76W,goko,985,13,10038,233330,3,4,10,3,8,6,6,8,48
51GPHPX6W,ぺんの助,RWDWD9PP6,乙宗家の屋敷妖精,1087,0,10039,233240,7,6,7,4,7,7,8,9,55
7E7FMK721,階段ビクビク六丁,KJDNHL66C,藤島慈須町,712,0,10040,233150,10,7,9,1,3,5,5,5,45
C21L92Y19,メトロ,MD802VP2H,専門演習F4,812,0,10041,233060,1,4,7,5,8,1,7,4,37
G1XFF0UG6,たま,JD1PFYJWE,瑞蓮隊(無言OK,372,0,10042,232970,4,2,1,1,2,3,3,1,17
DKWV97UJB,ひらちゃん,Y7JBBVBX2,いのりまち,780,0,10043,232880,2,2,9,2,2,1,2,2,22
AX7LXATCT,さばしろ,9DKR4Y2CJ,蓮ノ空老人会,623,0,10044,232790,1,2,4,1,2,5,4,1,20
HGCR16M30,こんぶ,3HDDYR4FU,旅人,795,0,10045,232700,1,2,1,1,2,1,2,1,11
TBFTEA2FB,優木,GVNKNN878,Aqours,262,0,10046,232610,1,5,4,2,2,3,3,1,21
OFHDW7B5R,Arata墨,N1JAJ83CA,蓮ノ空園芸部,945,8,10047,232520,1,1,10,5,7,9,7,7,47
6BXHFM5B1,ざわ,W09WBG3HY,どろんちゅ,1033,6,10048,232430,4,4,7,4,6,7,6,5,43
T2MPXETB3,あぷりこっと,WK5U3DNHF,蓮ノ食堂,763,2,10049,232340,6,4,10,6,6,5,6,8,51
FU8RFTFT1,かめぺろ,YVF1V2AH6,蓮ノ空全共闘,954,10,10049,232340,4,8,5,4,6,5,4,7,43
DYZM1MLEG,じゃじゃんぬ,K7LC46V5M,Link！ラ部,267,0,10049,232340,1,1,1,1,2,1,3,1,11
DBIWME63B,たけみや,7B0W0EWVA,ソロの為の避難所,1034,5,10052,232070,7,7,8,7,7,7,7,7,57
HMN1F5WLN,hz,NT5R9RYCX,エンブリオン,765,0,10052,232070,7,4,6,5,6,5,6,7,46
T7QJ3C4ZB,侑,G4AJPEJ97,シングル,901,2,10054,231980,1,2,5,8,8,5,4,5,38
CCHVUY33C,ハニレモ,ACVP58JT7,音浦虹結蓮,933,0,10055,231800,4,1,6,5,7,7,2,7,39
877Y6VHVJ,がわ,YVF1V2AH6,蓮ノ空全共闘,892,2,10055,231800,1,7,6,4,6,2,6,10,42
BPA1WHB3Y,SCMin,J62DRC7J5,蓮ノ空好き好き会,1084,0,10055,231800,7,5,7,5,7,5,6,8,50
EH4I7HBSK,羽田共,FYX2G9RLP,ナナシ,1212,2,10058,231710,6,7,8,9,8,6,8,9,61
ZQNJ7B5B8,でみ,FD24TD6C5,泥人,988,4,10059,231620,1,2,4,1,2,1,3,7,21
T9TAEVKR6,こいちゃん,F6LNJNE83,そろそろ,656,1,10060,231530,5,5,4,3,3,3,1,10,34
C5UXCHJ2M,ちゃーゑん,9DKR4Y2CJ,蓮ノ空老人会,943,4,10061,231440,1,2,5,5,4,4,7,9,37
C7FEF3635,神城,JDAG79TG7,百合ノ空観察部,1222,3,10062,231350,7,4,8,10,10,9,8,2,58
BBPQB8AC1,あなた,F5C8MT9J6,テスト,999,0,10063,231260,8,7,8,5,7,7,6,7,55
P0P0C11ZF,アロス,3FF3NB77X,せーはす愛好会,369,2,10064,231170,10,8,1,4,2,1,3,2,31
NQQH71DN8,ふぁすと,J0N1E3Y09,月火水木金土日,979,12,10065,231080,4,4,9,7,8,7,7,8,54
AWHELL9W9,つむぎ,RDYH8B854,蓮ノ空広報部,327,0,10066,230990,1,5,2,1,3,1,1,1,15
5S5ZOCYWO,猫チビ,5L9GNT78V,叶え！私達の◯◯,826,1,10067,230900,1,5,5,5,6,4,5,4,35
AXVT7Y3B8,かおるこ,3RH5MYBXV,こずめぐ党,782,2,10068,230810,1,4,7,5,4,4,4,4,33
DTXYTBM91,みかんん,V830CTTX3,日野下後輩,753,6,10069,230630,3,3,10,1,4,9,10,2,42
PIT7NXLRG,ボズーテイク,1JPLHLE2K,急いでない。,994,9,10070,230540,4,4,8,4,5,6,5,7,43
8MLE59DRL,霽月,4RATY4E84,DC大好きクラブ,391,0,10071,230360,4,6,5,9,2,1,6,1,34
N59M3856G,りゆん,38KAJGDGU,異次元シャニP,766,4,10072,230270,2,1,2,1,2,1,4,1,14
9GYJ9T831,あやめ,4LU50R56J,誰でもOK,154,0,10073,230180,4,2,1,1,2,1,3,1,15
XRI7GBWS5,マサキ,AW470U964,ボッチ会,994,4,10073,230180,4,4,7,4,2,7,8,9,45
LH25NN8M2,ハク,W3F0URUJC,梢先輩応援団,1064,3,10075,230090,2,2,7,4,5,4,9,1,34
URVC0YFPH,カサネ,HWRFN2AK4,あいこうかい,707,2,10076,230000,2,8,7,1,4,5,1,5,33
02RQBBSEZ,ゆずちゃ。,ATB27G5P2,おこめ茶寮,578,1,10077,229910,2,1,1,2,2,1,7,1,17
B2JNOFHWN,旧式ぐんそー,WPCVVD72F,ビーハイヴ,1278,15,10078,229820,6,6,7,4,7,5,10,10,55
4AC8605KX,きゅうび,41FW8E9RA,誰推しでも,708,0,10079,229730,4,6,7,6,5,4,4,9,45
XNF3TN2KA,ちひろ,7MFVNY6L4,アフターヘイブン,1064,11,10080,229640,3,4,8,8,6,10,8,8,55
KR6EG85CH,ノコナ,1AEUWRYE7,蓮ノ空ぼっち部,539,0,10081,229460,3,2,3,6,2,1,4,5,26
L1NMV537M,かず,FNMV166UY,蓮ノ空喫茶部,1107,4,10081,229460,6,8,6,8,5,5,8,9,55
PJFCXC0M7,くらら,PFKGCTRJM,Ⅲ類隔離所,838,2,10083,229370,9,10,10,7,10,9,10,10,75
40XC80HCY,BB,TR057C1UW,蓮ノ空ぼっち部,1062,2,10084,229280,7,6,7,4,6,6,6,5,47
U0VOZEPHM,ナリトモ,G0J2F9NAL,さやさやさーくる,949,1,10085,229190,6,5,1,6,8,6,7,7,46
RM98X2KB2,ちさと,J5CKL5YPX,ログイン勢かもん,229,0,10085,229190,4,7,5,4,6,2,5,10,43
KIJ1DLIEW,わのあ,0CALLC364,flower,1069,2,10087,229100,5,6,7,7,6,7,5,8,51
LAEN60NAC,ギイチ,WLFW6UCX5,無敵級ビリーバー,779,0,10087,229100,1,1,1,1,2,1,2,1,10
141TMWM0F,シロクマ,BUTB1MFNY,身内,754,2,10089,229010,10,4,5,8,10,4,6,8,55
93EDGTYRF,みよま,4RY75CKM4,LLすこ部　メ募,892,0,10090,228920,4,1,4,1,4,4,4,7,29
24B2DCNFB,ふぉっくす,J0N1E3Y09,月火水木金土日,971,8,10091,228830,4,4,6,7,6,9,6,7,49
Z4NYWEJEA,もあいす,PVT63XUX4,職員室,1028,5,10092,228740,7,5,8,5,7,6,6,7,51
OMQF80794,パイー.,VA6X5YNNF,スリーズ分家,661,1,10093,228650,2,3,5,10,5,3,5,4,37
RAJL36CT8,千歳,9UKKACGDU,蓮っ子CLUB,328,0,10094,228560,4,5,7,2,2,3,5,1,29
TNVML19MF,lzx,BEMED3RY1,無言無課金ok,274,0,10095,228470,4,5,2,3,3,4,4,1,26
RJ9AV0G8Y,シン91,8MTLYLH9F,木星月華黄金宮,437,0,10096,228380,5,6,3,1,3,5,2,3,28
R7F2JRMXR,ぴょんきち,2RA4RLRC6,まったり,648,0,10097,228110,8,2,4,4,6,7,1,1,33
Y41V88L99,いけ,DFFYFJ2B6,つづさや好き過ぎ,920,2,10098,228020,4,4,7,4,2,7,9,8,45
SYJXX2692,krak,X19MP0NTT,蓮之空河豚养殖場,930,4,10099,227930,8,4,4,5,2,4,6,7,40
DDNAV94LA,DGriphon,A73H7ENN2,エロマンガ同好会,421,2,10099,227930,7,7,7,7,10,7,7,7,59
1L84V6MDN,シン,JNL5NM6EL,fyyy,947,0,10099,227930,4,4,7,4,6,5,7,8,45
OZB5WSHNL,ikya,8P39YRA1L,慈と愉快な仲間達,1059,1,10102,227840,6,7,7,6,7,7,5,7,52
33VCX2G0U,キャメル2号,HKM402U9B,お野菜さんSSC,129,0,10103,227750,4,6,5,2,4,4,1,1,27
EEKMJN5GK,96ぴょん,646YTH7KK,KA,702,0,10103,227750,7,8,8,4,6,6,5,7,51
2EZ9WI0HB,小山田,U6D5XTT5H,ゴリぶちクラブ,999,3,10105,227660,1,2,1,1,2,1,6,1,15
CN8W36HYX,えすと,YMKU30246,参加賞がほしい,157,0,10106,227480,4,7,6,2,3,2,2,1,27
C6S52UUJW,かねごん,1EL57CDR0,なんもわからん,1060,0,10106,227480,4,4,7,4,6,5,4,4,38
N8BPYDGMN,サイコロジー,DUK0X7DB1,中国愛蓮同好会,230,0,10108,227390,2,2,2,4,2,4,3,1,20
1E7KNYNFK,ユメノオコメ,RE4M8FCJ8,おにぎり,839,0,10108,227390,7,7,8,4,6,7,7,8,54
68F3GTF6D,ベース,578YG6EAT,桜桃花束愛聴会,1268,1,10110,227300,6,3,7,2,3,9,10,10,50
5ARNHXLSO,一北（かずほく）,W189BP629,みんなのみかん畑,878,1,10111,227210,1,4,4,4,2,1,6,4,26
0496TFE74,まのみぃ,XLX3R7HBT,自由さーくる,204,0,10111,227210,8,4,4,7,4,8,7,5,47
VXJT4K3XX,空色,G85JUBW1R,緩りと,740,0,10113,227120,4,5,5,1,2,1,1,1,20
C03Y30C1D,アリア,DHKUGEWBJ,めぐ党虹ヶ咲支部,219,0,10114,227030,10,6,6,10,8,7,6,10,63
8P77PA5U0,Zalt,PMDDGR6AH,うぇるかむ,532,0,10114,227030,7,4,1,7,2,1,2,6,30
VH0UPQ9IE,まっつん,KB5BFK7J6,おはめぐ党本部,1156,4,10116,226940,4,6,6,8,4,5,8,8,49
AL5L2YFH7,プレミアム人形,X258J9JDF,プレミアム人形,849,4,10117,226850,9,4,1,1,2,2,2,1,22
P890KLKL9,Koumi,1XX6FWJRB,オートスキップ団,288,0,10118,226760,4,4,6,3,3,5,4,1,30
PN6C7CE77,はまもち,13VUDVFA2,もち,371,0,10119,226670,5,6,4,6,3,4,1,2,31
OO724Z3Y2,ゆま,WFPA7YJE1,蓮ノ空文芸部,1004,7,10120,226580,7,7,8,4,6,7,7,5,51
8ZB971K7Y,ツカサ,VNEY6C9BE,スリーマーメイド,761,2,10121,226490,1,7,9,9,6,7,7,7,53
4W70J0GNT,ニコ・ベリック,6C9R15BLY,スクスタ避難民,1037,2,10122,226400,8,8,8,7,8,9,7,7,62
NP9KDFBJI,ひのとり,LUH7URBF3,初心者サークル,776,2,10123,226310,9,8,8,5,6,5,7,5,53
V7GH2R264,みこ,UARM4R7U7,リリエンフェルト,368,0,10123,226310,6,5,6,1,5,5,4,10,42
FXRYJLR1W,kuku,WAT20PN3Y,こな党,1036,2,10125,226220,5,6,5,4,4,4,6,7,41
PZZTUELMK,ハットポン少佐,YADX9DY49,ﾊｽﾉｿﾗｰ,979,7,10126,226130,4,4,5,6,10,5,8,9,51
EBTLF1JEV,テト,K7LC46V5M,Link！ラ部,919,6,10127,226040,6,5,7,4,6,7,8,7,50
XAFRPGZIX,ま(*･ω･)ﾉ,HKETDDCK6,ぼっちざ蓮!!,1016,5,10128,225950,7,6,8,7,6,7,4,9,54
6953JG2BW,さなたろ,1XX6FWJRB,オートスキップ団,389,0,10129,225860,2,4,5,4,4,4,4,1,28
P3J6VVDW7,サラガミ,HC1M3NR7C,サークル103,1019,0,10130,225770,4,6,4,4,7,7,5,7,44
XXYTJ48U6,草,J83JWJ028,大ㄇㄚˊ露營區,882,3,10130,225770,2,2,1,1,2,1,6,1,16
3CK75B93C,ソウル,2J5W1LGR6,私の自由ダァー！,642,0,10132,225680,5,4,4,1,4,4,2,1,25
7ULWY3GMP,もちこ,KGG6VMD1R,蓮ノ空本蓮沼の会,852,5,10133,225590,1,2,2,7,8,2,8,7,37
M1VLRX4PE,とつ,57UT319NN,蓮ノ空同好会,723,0,10134,225500,5,5,9,4,7,6,6,7,49
YKSFDEXT5,jam,5VBB4F8N2,灰色ペンギン,1174,4,10135,225410,1,1,7,4,4,1,7,8,33
F6E68CG1L,うさぎ,762FM3JV4,一蓮托生,964,0,10136,225320,3,5,7,9,6,4,7,7,48
RX13PKH8M,花宮の嫉,TDHKGHFPA,無言参加○！,475,0,10136,225320,2,2,1,1,2,1,4,1,14
4U89PSEP2,カプチノ,2JK7E4115,ラ！推し,1149,2,10138,225230,6,4,7,8,6,5,9,8,53
VN1UAARCD,K421,VNV6UL9PR,ラビットハウス,213,0,10138,225230,5,4,2,1,2,2,4,3,23
WVE2FGTR1,岩戸紅葉,GWGDMA3YC,初心者無言自由だ,1313,11,10140,225140,4,4,9,4,5,8,10,10,54
ERVPLM347,ITF,8EX9KUG3E,コズエとツヅリ,860,2,10141,225050,3,4,8,7,7,7,7,5,48
YCLFUB2X9,たつや　17,XXVVJY6FE,はぴぱれ,656,2,10141,225050,8,5,5,2,2,1,7,2,32
19J3NKF1N,りよるま,R9T0YKDW8,バブまち応援隊,689,0,10143,224960,8,9,8,8,9,8,6,7,63
RK47BKJNC,戸崎圭太,EDLPLUDPJ,フジビュー,967,0,10144,224870,6,6,7,4,4,7,9,9,52
SASCXKVS7,ライザー,1W054F5D6,のんびりサークル,1071,9,10145,224780,6,7,8,7,7,7,7,8,57
0K7GPY1C5,大沢 瑠璃乃,0CBM28JP6,ほうき星,802,4,10146,224690,1,3,9,1,2,9,8,10,43
B99NHCH1R,ユレ,EECF9C0N3,蓮ノ空　茨城分校,985,2,10146,224690,5,4,7,4,6,6,6,1,39
D066M2TMI,はちみっつ,0CBM28JP6,ほうき星,927,5,10148,224600,5,4,7,8,2,1,8,1,36
60C6DYT08,あけめねす,U4TNE7AC7,AirLotus,992,0,10149,224510,7,7,8,4,6,7,6,7,52
FYH9V3JTN,ここみ,PXDL7Y3VM,ビギナーズ改,558,2,10150,224330,5,10,4,5,7,6,2,6,45
KRA0B65MG,ともも,8MTLYLH9F,木星月華黄金宮,337,0,10150,224330,6,4,5,1,2,1,4,1,24
I6SC1IXOM,ミスター・ヨダ,UGPRCTA9F,YRSリンクラ部,566,0,10152,224150,2,4,4,1,2,5,1,1,20
029HWD9DV,L,LG3XF86RM,ハロめぐ党無言可,798,0,10152,224150,5,4,5,4,4,4,7,8,41
1MP5JX3F6,ニロク,N1JAJ83CA,蓮ノ空園芸部,1066,13,10154,224060,7,6,8,9,9,8,10,10,67
ML1CXSF9E,レイ•ゲン,AGJ215YND,蓮の空中國分校,1090,8,10154,224060,1,3,8,7,10,5,5,5,44
AODWYRMVT,アツシ,7MXXR7UBG,放課後リンクラ部,666,0,10156,223970,4,4,4,1,4,8,6,7,38
TBA8KKT8U,しえる,KJU0BU77M,無言交流なし,1038,5,10157,223880,8,7,6,3,7,6,2,4,43
4S97C4404,やま,H1G4CDT6C,無言自由,880,6,10157,223880,1,7,10,4,2,8,7,5,44
7YM5VJ7WU,ミスター蓮っ子,XJHATLDVB,さやかほ観測所,776,0,10159,223700,4,5,7,5,4,6,6,7,44
PLR6I72G8,ベレス,ME2G808E7,名無し,1020,4,10160,223610,7,5,5,4,6,4,7,8,46
92C0VRK76,ひつじ雲,XEENRBXCG,蓮ノ空休日クラブ,608,0,10161,223520,1,1,5,7,4,1,7,7,33
0GBHD6M7U,うぃるす,XXMU9WLKB,梢の機械さん,927,6,10161,223520,10,4,10,10,10,10,10,10,74
RBWJPD79F,ふにふら,BT3GEWM5L,ささやか村の集い,905,4,10163,223430,1,3,7,7,6,6,2,8,40
5AYPBJWD5,もみじ,LFB48H6MU,超初心者の会,837,1,10164,223250,1,1,1,5,2,1,6,5,22
Y7V1JJKVB,たま,G8EE23LB9,虹ノ空クラブ,728,0,10165,222890,2,4,4,4,6,3,4,5,32
UJYF7HH0V,ふあん,BPFAT416J,さやかわいい,347,0,10166,222800,5,7,4,4,4,4,9,9,46
449TT8YAB,あおい,KA652DGYV,ゆるリンクラ,591,2,10167,222530,2,3,6,4,9,3,6,4,37
HMPVLCCMQ,かなたゆむ,GYEJHDWC2,すいみん部,1078,7,10168,222440,4,6,10,7,10,5,7,9,58
WZKNV4LA8,秋葉,RGR1NVGWH,無言推奨・自由村,1151,3,10168,222440,10,10,10,10,10,10,10,10,80
ECRIBY9O7,どんぐりうぇのく,0R8BXPRC1,ポチっ！とクラブ,1258,9,10170,222350,6,5,10,5,7,7,10,10,60
3R6DFABUW,ろた,KC1W74B9B,蓮六園,348,1,10171,222260,5,4,10,6,8,2,4,4,43
Y2BETBDI6,GIN,B5V2LNN43,WMW,1439,7,10172,222170,4,4,1,5,5,4,7,8,38
GMSLYODZS,くっこる,72J0T27T1,蓮ノ空後方支援部,983,2,10173,222080,7,5,7,7,7,5,8,4,50
PLCTXUDWA,七瀬　万理,UVK38MFR2,蓮の虚無サー,1350,1,10174,221990,7,7,9,8,8,7,7,7,60
3W693RT6G,巧克力鬆餅,05KN1RR3U,さやかほ花卉園,998,6,10175,221900,1,3,9,1,10,1,10,9,44
H3VE5738K,アイロニー,PH0YEPJD8,蓮ノ空北國金沢,977,6,10175,221900,6,6,7,7,7,8,9,9,59
CEKNFA20T,みつね,G9CCKEANL,ヤサガラス党,925,2,10177,221810,6,6,9,4,6,5,5,7,48
GM0BIKL0K,小沢悠,AW470U964,ボッチ会,503,0,10178,221720,1,1,1,1,2,1,2,1,10
YAA3G34MR,紫雲ななせ,A3X92L6YU,お試し用サークル,804,2,10179,221630,2,4,7,7,4,5,9,7,45
C563776EY,もも♡,427WENUC4,心の癒し～蓮ノ空,524,0,10180,221450,1,2,4,2,1,1,4,1,16
NR1H7RYAN,Ha7maru,TTDBXERCU,蓮ノ空 全力応援,1062,2,10181,221360,7,7,8,7,7,8,8,7,59
8CDM3RK9P,たにそ,2B97MH4YA,同じ話し何回も…,349,0,10182,221270,7,10,10,10,9,10,7,7,70
T3AXKACUE,ノリタマ,M1DLCR0R8,花帆護サークル,626,2,10183,221180,7,5,4,4,2,1,3,4,30
9R13E2FB9,サクラギ,NLTAB4BLF,蓮ノ空ゆる活動部,1090,3,10184,221090,7,8,8,5,7,7,6,7,55
RVWHYN5DV,ゆういち,J4R8W2ERA,ゆ,650,0,10185,221000,7,2,5,7,2,5,4,4,36
8C0R07V2I,ごん,T56X6LP0L,光の海,1339,6,10186,220820,8,8,9,9,8,9,9,10,70
CU2NB5K8F,絶空鳳凰天翔,6C9R15BLY,スクスタ避難民,665,0,10187,220730,7,8,6,4,4,6,6,7,48
M9DLDWBZX,なのは,7P4CAER9X,まったり倶楽部！,1068,2,10188,220550,4,4,7,4,5,4,6,5,39
BAHMD4U76,プリンの世話人,KGG6VMD1R,蓮ノ空本蓮沼の会,108,0,10189,220460,7,9,8,5,3,5,1,2,40
XAXD3VMC5,samdan,08DDCV5JN,黒ねこのしっぽ,552,0,10190,220370,6,6,7,4,7,5,7,8,50
LXKOUUTS5,めろそ,1F5EPPMLD,UR貰えればいい,981,8,10191,220280,8,4,7,6,4,4,3,1,37
IZI7TWBV3,はうずき,U4TNE7AC7,AirLotus,1015,0,10191,220280,7,7,7,4,6,7,6,6,50
A8I41QJHM,mochi,UVN7G4X3A,闇のルビィ団,1117,3,10193,220190,5,4,8,7,7,4,8,8,51
VULCT80DN,めぐメグ大好き^,1ET4JA893,虹蓮中国同好会,489,0,10193,220190,4,7,5,3,3,4,6,6,38
JN7YUEYNV,ゆあ,K25DPPGT9,圧倒的にまったり,831,5,10195,220100,8,2,9,1,2,1,4,1,28
HCQ12VAAM,ボクの赤,KA3D805XV,綴理の寝顔守り隊,1023,8,10196,220010,1,1,8,1,8,1,6,5,31
85RHV4RV8,けん,TE24TWB7H,CB金沢支部,730,6,10196,220010,4,2,10,8,6,4,6,5,45
YJYRLJCK6,さくらきゃんどる,FTY0R8KPH,泥の皆様,910,5,10198,219920,4,5,5,1,4,4,7,9,39
2MD1EDJYH,アザレア,762FM3JV4,一蓮托生,367,0,10199,219830,1,2,1,4,2,1,2,1,14
CPR8VDVH7,ほのか,41N8G98LV,花帆梢百合応援部,872,0,10200,219740,2,4,1,5,2,4,7,5,30
3R5DR8ANB,みずたま,5L9GNT78V,叶え！私達の◯◯,764,1,10200,219740,5,7,4,4,2,1,10,8,41
MBJNHUW9G,橘かぼす,HBM31HMUY,YUKIZURI,1023,1,10200,219740,7,5,6,8,6,4,8,8,52
UWT4NBVEX,nr,96LWYJ3Y6,無言絡みなし,727,0,10203,219650,1,1,5,7,4,4,6,7,35
JD2RA4NHM,ちゃき,M4E1LX8B8,こずかほ〜,972,3,10204,219470,1,3,9,1,8,4,5,8,39
J59KB6Q0H,就活おじさん,PHLRY3XRP,とりあえずやろう,650,0,10204,219470,4,4,5,5,4,4,6,6,38
KEHETJTH8,すうぃんたろ,W8CJ1GB8K,LOVE,716,3,10206,219380,4,5,8,4,4,4,1,4,34
BZ5Z2LA3O,クロミツ,GG7TBA6DK,個人的サークル,1248,3,10207,219290,1,4,7,1,4,5,8,8,38
V8KWU3R8R,Boctopus,XLBU65J86,花の壁飾りクラブ,856,1,10208,219110,2,1,5,1,4,4,6,1,24
Y6AAVC4VF,あっちゃん,GWGDMA3YC,初心者無言自由だ,1082,6,10208,219110,5,6,5,4,6,5,7,4,42
BQY2IX5J5,きょ〜,17LJ910A0,蓮ノ空緩々交流会,794,1,10210,219020,3,3,6,4,6,9,6,4,41
P6X8VR50H,希望的プリズム,VNEY6C9BE,スリーマーメイド,879,2,10211,218930,8,10,10,8,7,7,8,7,65
UILPSAPQM,もぐ,6HV2RH6TU,イベント用、無言,1292,0,10212,218750,9,8,10,6,9,8,7,10,67
2L912B9VF,ポンすけ,29YWG610N,ごまどうふ島,942,3,10213,218660,1,4,7,7,9,7,4,8,47
DWADKXMKX,Pisces,YM0T1129Y,魚腹捕,671,0,10214,218570,4,5,5,6,2,1,1,5,29
R5F7C871D,あわきしん,3F0M4HXJE,蓮ノ空まったり部,554,0,10214,218570,1,2,1,1,1,1,6,1,14
QVHJRI785,それいゆ,YA51R0VV4,めぐメイト,1003,2,10216,218480,10,6,9,1,6,5,6,8,51
9BYSVSG0Z,すやぴまる,U1M6T5C7L,寝るるん滞在記,913,3,10216,218480,4,6,7,10,7,5,9,7,55
T32AV692P,あ,A7WWE0463,蓮ノ空初心者部,784,2,10218,218300,1,2,1,1,4,2,2,1,14
HWVILAXDA,アレス,XR2P2LDY3,蓮ノ空さいきょー,1208,3,10219,218210,8,7,9,5,7,7,7,7,57
XX3EXXTDC,音子♪,XR2P2LDY3,蓮ノ空さいきょー,1057,12,10220,218120,7,8,7,8,8,9,8,4,59
70JG9M98R,ATC260,KGG6VMD1R,蓮ノ空本蓮沼の会,167,0,10221,218030,10,10,10,7,9,8,5,9,68
21C7LWRKF,HoRo774,0CCFXC2HF,Ricebird,934,2,10221,218030,9,2,5,9,2,4,8,9,48
J3JX7ZFYM,轟天,XHJLF3R8H,ゆったりプレイ,563,0,10223,217940,1,4,1,2,4,1,3,1,17
5VKKFD9AF,渋谷香音,M851LEV3N,なっす父兄,363,0,10224,217850,5,2,4,3,2,6,4,3,29
74U79Z6PN,マルディーニ,GLP0WPDRM,イベント用の泥,789,1,10225,217760,7,5,7,4,6,6,6,7,48
CT14J6YPA,きときと,0YLUK30K6,蓮っコの集い,652,2,10225,217760,2,3,1,2,4,2,3,1,18
S99T47AC0,O島プロ,30W3RA65G,蓮ノ空自由クラブ,965,8,10227,217670,6,6,8,4,6,5,6,4,45
SQEXZEJCT,MistRain,G1AFM0R9A,蓮ノ空釣行部,945,0,10228,217580,7,5,5,5,4,3,6,5,40
UDA64P91K,ドナルド,W09WBG3HY,どろんちゅ,1095,3,10228,217580,4,5,7,7,7,5,8,7,50
6GN40TFD7,紫のゾンビ,AG9PKMMC3,ぱかぱか同好会,553,0,10230,217490,1,1,1,4,4,1,3,1,16
P3X8UFUW9,灯莉,R0GT72WB8,リユニオン,259,0,10230,217490,4,3,2,4,5,1,1,1,21
PGBRJ4BWR,ふかざわ,A7WWE0463,蓮ノ空初心者部,408,0,10232,217400,1,5,4,4,10,4,6,7,41
L1RMPL1RW,実波,FTUJJ5KM9,無言◎私生活優先,982,3,10233,217310,4,6,7,4,4,4,6,7,42
4NC5TDPS5,こむた,PG93BPEY6,秘密結社ナニトゾ,931,0,10233,217310,4,1,1,4,6,5,4,1,26
VVB4G56TR,NPカレー,8FR866PRY,蓮っ子みらくラブ,1055,1,10235,217220,7,4,10,4,6,9,6,7,53
7PZ7LETRP,たいじぃん,JGJX0W1AV,綴理センパイの脚,784,2,10236,217130,6,6,7,4,4,3,2,1,33
FV6L0BJ3C,ナト10,ABALH0AL3,楽園計画,776,2,10237,217040,4,7,5,5,4,4,6,7,42
VUNH7FEL1,じょーさん,M67ACEP3M,オーバーブースト,560,0,10237,217040,4,3,3,3,4,3,2,1,23
BH2381NF3,ジェネシス,KC1W74B9B,蓮六園,1138,4,10239,216950,6,6,8,8,6,8,9,8,59
TLZFX36U8,ひいらぎ,R7VEXFUBP,蓮ノ空応援クラブ,1030,2,10240,216860,7,6,7,4,5,4,6,8,47
ISM3OK7DZ,ゆき,HKETDDCK6,ぼっちざ蓮!!,1136,10,10241,216680,6,6,8,8,8,7,8,8,59
VDBDLWDRA,ひだり,T8X0G07YB,なければ立てる！,1356,0,10242,216590,8,8,9,8,8,8,8,8,65
22B3KPGD6,藤田ヒトツ,R9T0YKDW8,バブまち応援隊,1135,7,10242,216590,4,6,7,4,4,9,9,9,52
2LXCXLLC8,しん,08DDCV5JN,黒ねこのしっぽ,734,2,10244,216500,2,6,5,10,2,5,6,5,41
XJR6AK928,nagi,AVX749PPB,姫芽ちゃん親衛隊,548,0,10245,216410,3,2,4,1,1,4,4,1,20
YNA9HXVVP,おかゆ,4FR887RVF,わたし魚,1037,3,10246,216320,5,7,8,5,4,4,4,8,45
V4LNCZQFD,ツボック,FJMA5BPPE,蓮ノ空すきすき部,1026,9,10246,216320,5,2,1,1,5,7,4,10,35
B9FN1L47M,れいな,TB7GJ57D7,シャイニーフラワ,604,2,10248,216230,10,6,8,4,5,4,8,7,52
ER71YPJXY,Hajime,K4LJNWYG5,KNS,929,1,10249,216140,7,4,8,6,2,2,6,7,42
6E1DN1LYN,mio,XXVVJY6FE,はぴぱれ,801,5,10249,216140,3,4,4,7,2,4,6,5,35
IZCGVPO3W,DrWorm,RKT7BC4F6,人形浄瑠璃乃,937,0,10251,216050,7,6,7,6,6,6,9,9,56
JC0GMP95M,ネコのコネ,2JVBK752G,卍愛蓮説卍,637,0,10252,215960,1,4,5,4,2,4,4,5,29
5TWIPIMCB,パンダ,HB9AU9DJJ,聖心党,1061,12,10253,215870,6,6,8,8,6,5,7,8,54
9JQX7EZ44,潤子,1MHMKNGWE,硝子の花園,1303,16,10253,215870,9,7,10,10,7,8,8,9,68
UIQ7PTDR2,タナー,4ERDMUE31,ああああああ,932,6,10253,215870,7,5,8,5,7,5,5,7,49
C7MDRBDUJ,ボクなんなの,YVF1V2AH6,蓮ノ空全共闘,1097,14,10256,215780,1,1,5,1,2,4,7,5,26
MLD1BY20A,Treadle,PXDL7Y3VM,ビギナーズ改,232,0,10257,215690,3,4,4,3,2,5,3,1,25
DA4L9VRCY,アロハ,K3LMN5JHH,金沢カレーの皿,1197,3,10258,215600,9,9,10,7,8,8,7,8,66
YJ7Y51DBA,めぐ好き,WCL6R1ANU,無所属の会,1001,5,10259,215420,5,6,7,4,6,6,6,7,47
TG7XB22VK,ライチュウ,DY28U1W39,限界オタク,815,0,10260,215330,4,4,4,1,2,3,7,1,26
AI47OHO30,星屑,96LWYJ3Y6,無言絡みなし,1133,4,10261,215240,2,4,7,1,6,5,6,5,36
JEPTV07PP,やち,TDHKGHFPA,無言参加○！,1237,6,10262,215150,6,6,7,6,5,4,6,8,48
HEX96CEB1,ふみか,DF7FA982P,蓮ノ空百合部,1115,5,10262,215150,6,5,7,5,4,9,8,10,54
PW11GVLY4,ハルカ,V8XX999F6,卍蓮村幼稚園卍,291,3,10264,215060,4,7,10,5,4,5,4,9,48
EXF868CHC,きしめん,W3F0URUJC,梢先輩応援団,338,0,10265,214970,2,1,1,2,2,1,2,1,12
OO170SLM3,ユッキー,1UXTTMAUA,寝そべりクラブ,1042,2,10266,214880,5,1,5,8,4,5,5,7,40
D0AU0EUV2,MT,T4WY63DB9,ういのま,1093,0,10266,214880,7,7,8,5,7,6,8,6,54
40X1DMJCG,堕天使LOVE♡,6C9R15BLY,スクスタ避難民,640,0,10268,214790,8,6,7,5,5,5,6,6,48
1EL0RHCCV,みがわり,B2KV0EVPD,蓮ちゅきクラブ,1011,3,10269,214700,5,5,4,5,5,5,8,5,42
SQODWTBBN,1a*,BEMED3RY1,無言無課金ok,1227,6,10269,214700,7,7,7,7,6,6,8,7,55
QZVQ5ZTSS,ぴあ,FMKP92LRL,目が霞む人達,977,5,10271,214610,5,7,9,5,2,1,7,10,46
RTT5VTGFR,やまだそらまめ,8588YN91J,虹咲学院,1097,5,10272,214520,7,7,7,5,6,6,7,8,53
PC4RDT2PH,cyberful,AAHB7C276,HaCordVN,910,5,10273,214430,4,2,5,1,2,6,8,7,35
24NZAIJGF,花帆の大フラワー,0XUV5025C,めぐめぐバブり隊,1098,12,10273,214430,5,6,5,4,7,6,6,7,46
X9DBB5HUF,なるなるボーイ,F90XW14UP,のんびりプレイ,157,0,10275,214250,2,2,2,1,2,1,4,7,21
FRS3Y8709,黒澤ダイヤ,NMFBD39FM,蓮ノ空分室,794,2,10276,214160,1,4,4,7,3,1,6,5,31
LGV309947,ko,HXVYGL96H,初々しい対抗戦,495,0,10276,214160,3,1,7,8,6,5,6,8,44
8T9KC5RGQ,タケゴロウ,PPAHU1TNY,蓮ノ空のんびり部,1198,6,10276,214160,8,7,9,7,8,7,9,9,64
5FK7DR7FK,黒光り,865UE9UC6,蓮ノ空うどん部,834,0,10279,214070,4,4,7,5,4,4,8,8,44
WRQOR4H0V,Rino,9DKR4Y2CJ,蓮ノ空老人会,977,7,10280,213980,4,4,5,4,6,5,8,8,44
XVOIL36I6,tori,LCH1TVXTJ,サークル名,907,0,10281,213890,4,6,8,6,8,6,5,9,52
0KYGCP3CK,薫,88DJ300PJ,めぐ党 • 永遠,715,0,10282,213710,7,7,7,5,6,6,6,7,51
YLUH19M01,ふれ,L1V12WNE5,蓮ノ空温活部,839,7,10283,213620,4,4,5,5,6,5,6,8,43
M4V4K0HC9,オティヌス,FTY0R8KPH,泥の皆様,879,0,10283,213620,1,2,7,4,4,7,3,1,29
J2B3RCPHE,スタート,NDGW77R2V,こず花帆尊い,819,2,10285,213530,8,7,9,7,7,7,7,7,59
9ZMHXYDFR,ホヒ爺,NFMEGRJ45,社畜無言サークル,964,6,10286,213440,2,2,8,1,8,1,6,9,37
P62JP3082,れもん,XEENRBXCG,蓮ノ空休日クラブ,427,2,10287,213350,1,3,1,5,6,1,2,5,24
BJV7YFKVT,はっけ,WPG6BCG83,基本無言,427,0,10288,213260,6,5,9,4,4,5,7,5,45
1AVD54MGO,Shiang,F4M2CD1U8,梢中國同好會,585,1,10289,213170,2,4,1,1,10,1,1,1,21
05FT610WD,とーの,NK05UMLWW,かけ込み寺クラブ,825,4,10289,213170,6,4,7,7,6,7,6,7,50
JS51UO64F,yasu,4WECUYXVN,得意になる途中,981,0,10291,213080,7,6,6,5,4,5,5,5,43
GVE8UUW3Y,show,RKT7BC4F6,人形浄瑠璃乃,1028,5,10291,213080,6,5,6,4,6,6,8,9,50
2D0WBW0RU,ひたぎ,T4WY63DB9,ういのま,306,2,10293,212990,5,3,6,4,4,7,4,2,35
171TF9LKB,たくたく,89K9Y7MX7,初心者歓迎,280,1,10294,212900,2,1,3,1,2,1,3,1,14
095RD03QJ,ringo,2VJG66JTH,まったり,1328,7,10295,212810,4,6,5,4,4,4,3,1,31
UJCJL1HXU,国木田山脈,KJU0BU77M,無言交流なし,213,0,10296,212720,7,9,8,1,3,10,7,5,50
NTMX92PUN,カツ,BEMED3RY1,無言無課金ok,412,0,10297,212630,1,5,1,3,2,1,4,1,18
KY6XLM23X,日向ヒアシ,H6JWBBGCG,蓮天・乙宗一心流,786,1,10298,212540,1,1,1,1,1,1,2,1,9
DVQ6HGAP2,Fez,RNJ306W6N,日曜日よりの使者,1054,1,10299,212450,4,4,7,7,7,6,7,8,50
GD2DFT1P7,MKT,4FN0KWB4G,無言参加大歓迎！,182,0,10299,212450,3,2,2,1,2,3,3,1,17
1JF2CG37J,hitonari,DUDHFR1W3,そろそろソロ,855,2,10301,212360,4,5,7,4,6,5,5,4,40
XP18HGB9K,こち,A86FEX2JC,おやさいさん,833,0,10302,212270,7,7,8,5,6,6,7,7,53
NULXD94K2,山形乗り鉄,88DJ300PJ,めぐ党 • 永遠,1322,12,10303,212180,6,7,5,5,6,1,8,9,47
9S6AG7JB1,もり,CXPCM150X,サークル,1042,2,10304,212090,6,6,7,5,6,6,6,7,49
VHXH3L6YY,トッシー,3LAFHDKE5,こずさや保護者会,1126,5,10305,212000,9,9,9,7,8,8,6,9,65
CRQ09656V,あぽろんG,WE6X1TNJ5,りんくら部,738,0,10305,212000,2,2,1,5,4,4,2,4,24
W3BUK3167,QB666,646YTH7KK,KA,726,0,10307,211910,6,6,8,5,7,5,5,7,49
0VUD6J1N5,アズレン,BPHHYC793,ソロ専の集い,568,0,10308,211820,1,10,2,1,2,5,4,1,26
BY6P1M2KK,ペイキー,R9T0YKDW8,バブまち応援隊,692,3,10309,211730,4,6,4,4,6,4,2,1,31
3VBVN8WDH,Meaw252,J80MEYHBC,Nymphaea,822,0,10310,211640,6,5,5,4,4,4,6,4,38
YE0B0XUE5,アヒ,L6MF2MPBN,みらくらぱーく党,436,2,10311,211550,3,5,2,1,5,10,4,6,36
FMK9P2DWR,sada,TDHKGHFPA,無言参加○！,1020,5,10312,211460,6,8,8,5,6,9,7,7,56
XTP0V598K,かもねぎ,PH0YEPJD8,蓮ノ空北國金沢,669,2,10312,211460,1,3,4,1,2,1,4,1,17
42BSR7A3T,chantake,XR2P2LDY3,蓮ノ空さいきょー,1011,4,10314,211370,1,1,8,5,2,4,8,8,37
Q3FRRWJMN,金色棉花糖,G0J2F9NAL,さやさやさーくる,1046,5,10315,211280,4,4,7,5,7,9,8,9,53
DG4D90AGP,RROO,X87KNX4N3,蓮ノ流星群,624,0,10316,211190,5,1,4,1,2,1,2,4,20
FC337WN1D,ペレイロ,N1DJVPGP8,いつでも咲けるよ,792,2,10317,210920,8,4,8,1,6,1,7,5,40
M9B4ND15T,アヤトン,639NXLKJ5,Lotusky,850,9,10318,210830,6,3,10,10,3,8,8,5,53
9XFINWXYX,Simon,Y337R7BW9,中国の蓮之空圈子,919,2,10319,210740,5,6,9,4,8,7,6,4,49
BBHU75FYR,蓮すきすき,N9B8HXXR0,25時、残陽で。,674,0,10320,210650,4,4,6,4,4,5,7,1,35
3CBHB3C0E,みゆ,X7YM9EG8K,伝統の石川地酒,975,11,10321,210560,5,6,9,5,7,7,8,5,52
BTG5L6FWC,ta,A7WWE0463,蓮ノ空初心者部,752,0,10321,210560,7,5,7,4,6,4,7,5,45
6T33AM66K,名護啓介,RPM0RVWMP,素晴しき青空の会,1078,2,10323,210470,7,6,7,4,7,8,4,7,50
2BRVU2CMG,サク,GR65FP8VN,蓮好き,821,2,10324,210380,4,7,6,7,4,1,3,10,42
O28DTC414,加賀,1KYR01H5V,きんかんなまなま,1140,4,10325,210290,4,4,8,5,6,5,7,8,47
1DN6PVN6Z,ギンコ,28XJ8NK4L,蓮ノ空まったり部,835,4,10325,210290,1,7,1,9,2,2,7,5,34
278VKD5F4,SeaNa,J5K7CV7NE,サークル,404,0,10325,210290,2,3,4,1,2,2,1,1,16
E4WGAL9YY,牙雨流,60D1TTYTV,無言自由会,814,0,10328,210110,4,4,4,6,4,6,7,7,42
EJU9E2MQ0,ネクサス,8UJNTV5BX,のんびりと部,979,4,10329,210020,10,4,4,10,4,1,6,8,47
ARP98002F,ru,4FN0KWB4G,無言参加大歓迎！,741,0,10330,209930,1,2,1,1,1,1,2,5,14
R7O1K15D0,花瑠,C021HVB2B,第3芸能科,315,0,10331,209840,3,3,10,1,4,7,6,4,38
HVVN4KUNM,アナータ〜,HA6MUTC30,自由なのだけれど,697,0,10331,209840,5,6,4,6,5,4,8,5,43
NDWDG60DS,りゅ,Y35U9K1BV,ゆるラブライブ！,1141,0,10333,209750,4,5,8,7,5,5,7,8,49
4VTM1X15Y,テラ,1D7T2UXC2,無言でのんびり,455,0,10333,209750,7,6,4,4,6,5,4,7,43
WA1OLTGJV,和泉弥生,F2M746D4B,頑張らないクラブ,1233,3,10335,209660,7,7,6,6,6,7,7,8,54
EPTHJHLFY,おにぎり,F08AHUJJ0,綴理のお世話係,1208,10,10336,209570,2,3,8,5,3,7,7,8,43
9293TQH66,nanamin_,PHLRY3XRP,とりあえずやろう,530,0,10337,209480,9,2,9,10,6,7,7,10,60
UV9X83RP1,ねいびすと,6BFC4G5YG,蓮ノ空足湯同好会,509,0,10338,209390,4,4,4,3,3,4,3,1,26
MUP6TWMK1,カプチーノ,YK0X6N2HN,無言OK出入自由,667,1,10339,209210,3,1,1,1,2,4,4,1,17
QDHW1D7K5,明るい無職志望,GMEF2K8DL,花咲く泥も好き²,1127,3,10340,209120,8,5,7,5,7,7,6,7,52
GP3WLHOX4,van,AAHB7C276,HaCordVN,752,1,10341,209030,8,2,1,2,3,1,4,7,28
7BWGMYGUV,ペポ,08DDCV5JN,黒ねこのしっぽ,412,0,10342,208940,7,7,8,5,6,7,3,10,53
VMK0MWFY9,なな,A86FEX2JC,おやさいさん,763,0,10343,208850,4,4,9,4,6,2,3,9,41
F5EL98FZU,皐月瑠璃,8GAY2WBT6,(・8・),1254,18,10344,208760,8,9,9,9,10,10,10,10,75
QIPCMGP90,金谷賀山田,T0XP8PFYU,兼六園と私,1008,2,10345,208670,6,7,9,5,7,7,9,9,59
PLMJV43FN,凪,RVNAHGBJF,(T ^ T),804,0,10345,208670,5,4,7,4,6,5,6,10,47
2LDU83XYE,あにょざらし？,CHGA6EV8F,102期は永遠に,221,0,10347,208580,6,6,7,9,9,8,2,9,56
55SBGLL9A,ウソ86,18YYNRFGA,LotusSky,696,1,10348,208490,4,5,5,4,4,4,4,9,39
YT3HG51UV,ごろう,5HY7WRDDN,アフターウォール,1061,1,10349,208400,4,6,5,5,6,6,5,8,45
HX2FXNYGX,べりはん,T48KV9EP2,無言ぱーく,516,0,10350,208220,2,3,5,1,8,6,4,1,30
YLQI7A0XD,えーきち,XTH22LGKN,たぶん続けます,1269,1,10351,208130,7,7,7,5,6,7,8,8,55
8B8M22X2E,アンノウンXii,WKG02VMU6,先輩で遊ぶ2年生,792,0,10351,208130,4,1,6,4,4,4,7,4,34
O0FGAJTG8,ゆうき,1G66NAH8J,蓮ノ彼方,797,2,10353,208040,1,3,1,10,2,1,1,7,26
6GJUG1IAX,diamor28,T045NDKW0,♬さやか愛好会♬,1174,12,10354,207950,5,7,8,7,7,7,8,8,57
3D0V41JM8,ティーチ,YNR28303K,りんくらぶ,1025,2,10355,207860,7,7,7,5,7,7,7,9,56
M3YE0N53F,一遍　智真,PPAHU1TNY,蓮ノ空のんびり部,1169,12,10356,207770,4,5,8,4,6,9,7,10,53
XWYLZ2KCU,東久留米,DKNHY5HH6,なす料理研究会,997,7,10357,207680,1,1,5,7,6,7,6,7,40
E65PB40CT,ぽんた,GBEJMUFWT,めぐちゃんズ(仮,778,2,10358,207590,1,6,5,4,10,7,6,10,49
N6DG1BVCJ,のいあ,LLDLG20UU,UR取り隊,927,6,10358,207590,1,5,5,1,2,1,4,1,20
UNBL2WMGF,初の花,AND13836G,乙宗梢親衛隊,205,0,10358,207590,5,6,7,4,8,2,1,8,41
N0C4M8H6W,オイニー,9YG7C0VM7,綴理と無言で昼寝,1052,4,10361,207500,5,5,5,4,5,5,6,5,40
WP5PU71AJ,m,0NLHKATWL,生きてるだけ偉い,447,0,10362,207410,2,2,3,7,10,1,8,5,38
05ZZ20ILD,かえで,LFB48H6MU,超初心者の会,892,0,10363,207230,9,1,5,1,2,5,6,8,37
CGVG1TYG2,レイ,UPNXW2A69,ライグラ報酬集め,694,0,10364,207140,1,1,1,1,2,1,3,3,13
Y48JVCBX5,わたうさぎ,X87KNX4N3,蓮ノ流星群,898,2,10365,207050,2,2,7,4,2,1,6,1,25
MYPGLFP9H,ザッハトルテ,LX25CP0TG,深夜の芋煮処,915,0,10365,207050,4,6,7,7,4,4,6,7,45
NPDBR79GT,たまごサンド,TTN2V0W5L,ひとり,848,1,10367,206960,4,4,7,10,4,4,5,5,43
NTAMCP9T9,mg1,VA6X5YNNF,スリーズ分家,1037,0,10368,206870,1,2,7,5,6,7,9,8,45
E1C2AL973,ラー油,N6TVG18P8,すきすきクラブ,259,0,10369,206780,2,2,2,2,2,2,3,1,16
MHBM31877,ツナマヨ症候群,VLY5JDKCV,新規なのだけれど,854,2,10370,206690,8,1,2,9,2,3,6,5,36
H14IA2HZ6,藤町翔,HMBW9DXY2,蓮好き皆あつまれ,880,0,10370,206690,5,6,7,4,5,5,6,1,39
WOXC1M5Z5,タオグピ,639NXLKJ5,Lotusky,1061,0,10372,206600,7,7,9,4,6,5,7,8,53
A33O83KPV,pack,UHF5Y8PEF,さやちゃん倶楽部,1133,3,10373,206510,7,9,8,5,8,7,7,7,58
UGPKJTDAW,はる,E7BN42VM3,みらくらすこ,643,4,10373,206510,2,1,1,5,5,8,1,1,24
WLEV2MGP1,つむぴー,414CEUPEH,アフター見よう！,423,2,10375,206420,2,10,4,3,3,4,4,1,31
RVF5RVSCW,いっちゃん,PD80VCP5N,虹ヶ咲学園,1001,3,10376,206330,4,4,6,5,6,5,7,8,45
U386RNFJY,くらいつ,J62DRC7J5,蓮ノ空好き好き会,950,0,10377,206240,1,3,1,1,2,2,2,3,15
5JUZVO975,Kreis2gR,HBCC35887,そりゃー!!!,699,0,10378,206150,1,2,1,1,2,2,2,1,12
49VYAV8HY,ポー,J80MEYHBC,Nymphaea,883,7,10379,206060,4,4,5,10,7,1,7,1,39
LBDCDAF5P,ペペロンチーノ,CP3KWKH07,まったり社会人部,884,0,10380,205970,8,6,8,5,6,6,7,7,53
1BP7JNK54,ユリ,BEMED3RY1,無言無課金ok,880,2,10380,205970,5,5,9,7,7,8,7,7,55
9R7NYT8T5,Claire_1,J80MEYHBC,Nymphaea,770,4,10382,205880,7,8,8,5,6,6,9,8,57
DKXPRFRGH,M3NB4L,GPKTRBCTT,騎空団蓮ノ空支部,939,0,10383,205790,5,2,1,4,6,5,4,5,32
OVHHRZW3X,まぐろ,3FX6FXA5T,さかばんばすぴす,927,4,10384,205700,3,4,1,4,4,4,4,9,33
33R4NH1KW,こくら,WLFW6UCX5,無敵級ビリーバー,544,2,10384,205700,2,2,5,8,2,5,6,5,35
XMPH0E2BV,syer,23PGPJ3NV,蓮ビギナーの集い,146,0,10386,205430,4,4,4,2,4,1,4,1,24
3KXYWDVYM,りーてる,MYTCXJ12B,つーりすと@蓮部,1005,3,10386,205430,5,7,5,7,8,8,6,9,55
K63WFJ5CN,カーニバル,0NLHKATWL,生きてるだけ偉い,577,0,10388,205340,4,9,8,4,2,1,6,2,36
SOUFE1XRT,ポチッコ,A8BJ5V3ET,はすのそら,1086,2,10388,205340,6,6,4,6,9,7,10,10,58
7L3FN79FL,ルーキー,0NLHKATWL,生きてるだけ偉い,478,0,10390,205250,7,8,9,6,7,7,8,8,60
C71MGECBH,がぶがぶ,BWM63NDR4,蓮之空学园同好会,830,0,10391,205070,8,7,9,8,7,7,8,8,62
D4744Z90H,美影,6T2PJTL3B,蓮ノ空城,852,2,10392,204890,9,7,7,7,6,5,5,5,51
KV964WF3G,カミノミカ,J7V3NXF0C,GADリンクラ店,938,3,10393,204800,7,5,6,4,5,5,5,7,44
CN7UHWNEU,ぼちぼち,LUDNM40F8,ふくふく無言OK,1053,0,10393,204800,5,5,5,5,6,6,8,7,47
T6E030Y43,unfini,LTAG28AVM,蓮ノ空同好会,1068,0,10395,204710,5,5,4,4,7,6,6,5,42
69LCMK06N,ユズネコmk,Y7M12068T,ドルケ観察日記,722,0,10396,204620,2,8,4,4,10,2,5,1,36
GW3NJ26TY,にゃしにゃし,9DKR4Y2CJ,蓮ノ空老人会,906,4,10397,204530,3,7,6,6,3,1,4,5,35
KF1XWCXYR,ふぐ,3BDTCERX6,打ち返した流れ星,738,0,10398,204440,1,4,4,1,1,5,2,1,19
UKJK6N2UX,いぬすけ,UPNXW2A69,ライグラ報酬集め,770,0,10399,204350,1,2,1,1,2,4,3,1,15
T1VUYU085,瀞蓮,M08GKL70U,ららマジ難民の会,988,4,10400,204260,6,5,7,5,4,4,6,8,45
9YXENYM3E,Reeddie,XVTV7MVCX,雪月花,782,6,10400,204260,1,4,4,1,4,2,5,5,26
EFB0PHVQ8,武御雷,UVN7G4X3A,闇のルビィ団,1057,6,10402,204080,5,5,7,8,5,5,7,7,49
FCYW2R6JL,TON,37N3TNTVB,推しを布教する処,441,0,10403,203990,3,5,5,4,4,4,4,1,30
YMNAZ8E5E,十字路,U0JJLF0DC,素敵な暇人の会,869,2,10404,203900,2,5,5,4,2,4,4,9,35
6YY66HD9N,こまや,N7GLY2RUW,百生銀行,854,2,10405,203810,1,2,1,2,2,1,2,1,12
MHULW5WPK,さの,0FMM30LCA,無言,380,0,10406,203720,7,7,8,6,7,5,7,8,55
LMBDY3Y1L,ときめきタロウ,C9DAJ6YFV,のんびり,583,0,10406,203720,4,4,8,1,7,7,7,7,45
FCU9B4LR7,かずちゃん,U57VPUTEE,ゆったりクラブ,277,0,10408,203630,4,4,2,4,2,1,4,1,22
DNMTDP9YF,金井かな,L6MF2MPBN,みらくらぱーく党,312,0,10409,203540,4,7,5,5,4,3,4,1,33
C2WGUXXC1,リヨ,E8P2VN49C,ポタリング部,618,0,10409,203540,4,6,4,4,4,1,4,4,31
ABZOI09T5,ヒトリ,P7VJ9BTU0,ヒトリ,923,0,10411,203450,4,4,6,4,6,6,7,8,45
3ZJILZJ05,ほしみびと,1UGGUYD5K,孤独の要塞,1172,1,10412,203360,4,4,4,1,6,8,5,8,40
JGL2WYG3B,むよむよ,CY02L6P79,ほ,955,2,10413,203270,7,6,5,4,5,6,5,5,43
NL9GCN412,tommmmmi,VD7N7A4WH,氷青色,331,0,10413,203270,1,3,3,5,7,4,5,1,29
72M16C52W,オレンジ,XJHATLDVB,さやかほ観測所,677,0,10415,203180,1,4,7,2,2,9,6,9,40
WWHW249CN,ぱり,J83JWJ028,大ㄇㄚˊ露營區,793,2,10415,203180,2,7,7,2,2,7,7,8,42
RRA6MHR98,シェケナフォース,NJBBTCY3A,かにかに！,1098,15,10417,203000,1,8,5,1,8,5,7,9,44
0UXMXCQI6,カカ尾,TMYMB72UG,蓮ノ空お絵描き部,1100,7,10417,203000,6,6,10,1,6,4,5,9,47
42DVYJRPP,17,BELCUYCMH,蓮hkg香港分部,1003,8,10419,202910,1,7,1,1,3,8,10,10,41
5YKECRX93,カノカマ,8MDA3A0AK,イベント用,621,0,10420,202820,8,7,7,5,5,4,6,7,49
L64KXUD84,mikanoah,J0N1E3Y09,月火水木金土日,1018,2,10421,202730,8,7,8,5,7,7,7,7,56
635AANU2G,Feral,ETAMCYHME,蓮ノ空お昼寝部,705,2,10422,202640,10,8,7,2,3,4,4,1,39
1XS04QBYD,ヒロユキ,NGFXVPCGX,うさぎのしっぽ,1021,6,10422,202640,3,4,7,7,7,4,6,7,45
2SWW6W6FJ,tnpy,XPX36F6JX,無言初心者お試し,842,6,10424,202550,5,8,6,5,8,1,6,5,44
K695LL78P,AKRS,L28X4MDJN,アフター観たいぞ,766,0,10424,202550,1,5,5,4,2,5,6,5,33
Y0OP8D9Y4,グッチ,8M2MFU9U0,リンクライブ,1092,12,10426,202280,4,4,8,7,6,6,10,8,53
UF970V364,4129stam,9DFV9UTW4,白ひげ海賊団,281,0,10427,202190,4,6,7,7,2,6,10,5,47
H6CBLNFUT,もちヲ,0B8RTHY4D,のんびり屋さん,813,0,10428,202100,4,8,9,4,7,6,7,8,53
QIU2TBKQA,フユ,GYH0B7CVU,瑠璃乃推し大阪,660,2,10428,202100,3,5,10,8,7,4,3,1,41
RFP277XPM,スガ,YNR28303K,りんくらぶ,1455,15,10430,201920,1,1,1,4,4,1,2,1,15
MGE2G97R8,miotty,WLBYGHXPD,大天使村野さやか,312,0,10431,201830,3,3,4,1,4,4,6,4,29
W5P7A84KE,SHiNo,B6KWXGHWH,蓮ノ空SIFC,1178,3,10431,201830,4,4,5,5,1,4,6,10,39
D72U3FBMZ,つきみねこ,DFFYFJ2B6,つづさや好き過ぎ,944,4,10433,201740,4,4,5,4,6,5,10,7,45
4A7VDMNPW,ルキヤ,2JK7E4115,ラ！推し,914,3,10434,201650,2,3,7,4,6,5,5,1,33
UVMDCU7PH,いとまき,Y7X2MNH1U,いとまき団,1046,3,10435,201560,5,4,8,6,7,6,10,10,56
N75SRAW5N,翠聖（すいせい）,RKAHT9KB1,ドリームワールド,1005,4,10435,201560,5,4,5,7,10,4,5,10,50
MMEJWR0X4,Anson128,6D49YVAT7,ユニット愛で隊,1176,8,10437,201470,1,2,8,5,3,1,2,9,31
CUW0Y40WY,わたる,578YG6EAT,桜桃花束愛聴会,1054,6,10438,201380,5,7,7,5,7,5,8,9,53
9EEKX7DAC,凛,F2M746D4B,頑張らないクラブ,1121,8,10439,201290,9,7,9,7,9,8,7,8,64
L4BSD4DE4,うどん,V6DKUH6JT,報酬だけほしい,859,0,10439,201290,5,4,8,6,5,7,5,4,44
V71PR8MV0,ソノフナミ,T4WY63DB9,ういのま,718,0,10441,201110,7,6,8,5,5,6,4,7,48
HDPL1RHVY,D.木吉,H5UXKCM5F,鼓風　金沢支部,1085,0,10442,200930,6,5,5,5,4,4,5,7,41
W6ERP3K5A,ピーちゃん,C8W618P5V,蓮ノ空野球部(仮,971,1,10443,200840,1,5,5,10,2,7,5,5,40
TM9IG1I7B,ここヒロ,2LLNGYPU6,禁断のセカイ♡,854,2,10444,200660,1,3,9,4,6,4,4,4,35
MM1LE4HP9,干支,V3FAH8CM4,初心者の会,372,0,10445,200570,4,7,7,10,5,8,4,5,50
QN0VROOIL,ヨッシー,Y6JNPC60C,綴理メイト,1004,0,10446,200390,5,4,1,9,4,1,7,5,36
JUA7CV00V,ゆら,3RH5MYBXV,こずめぐ党,900,2,10446,200390,4,5,5,1,6,7,6,5,39
6L0RQO6D8,フーライ,GMEF2K8DL,花咲く泥も好き²,939,0,10448,200300,4,4,5,4,4,4,7,5,37
LJM5BV47M,きりんランドリー,0B8RTHY4D,のんびり屋さん,667,1,10449,200210,4,2,2,2,2,1,4,1,18
UR3AJCFH5,kasuga75,YVF1V2AH6,蓮ノ空全共闘,703,1,10450,200120,6,4,4,3,2,5,3,9,36
SXFMKO612,山菜うどん,KC1W74B9B,蓮六園,1262,5,10451,200030,8,7,7,5,6,6,8,9,56
KECA9RU9D,わっきー,K69M1X95F,アイリス,980,3,10452,199940,4,2,5,4,5,4,2,4,30
PB281L145,華久夜,8HUPBBHNC,蓮女「ぷりずん」,926,0,10453,199850,7,7,8,5,6,7,8,8,56
TPLYUGA26,翔,KA652DGYV,ゆるリンクラ,668,3,10453,199850,2,5,4,1,2,6,4,7,31
5DD1FK35H,Aya,YVV9CMBLW,東京公演で沼落ち,156,0,10453,199850,10,9,7,7,6,4,1,2,46
PDJLJ3MPF,ココ,89K9Y7MX7,初心者歓迎,827,3,10456,199760,2,4,7,8,2,7,6,7,43
3J4HMHQSE,るな,PPAHU1TNY,蓮ノ空のんびり部,836,6,10457,199670,3,3,6,5,5,2,6,1,31
DBR6M0VDH,Hins,9EYH317R8,イカトンブライ部,174,0,10457,199670,3,4,4,3,1,2,3,1,21
2HUMR0MF5,うらむすめ,YAY2UK2CT,蓮の空研究部,1066,6,10459,199490,7,7,9,4,4,6,6,7,50
PLTWAVPJR,李田所,FNMV166UY,蓮ノ空喫茶部,839,2,10460,199400,4,3,1,1,4,6,8,1,28
HERU8LE3W,朝霧,L6MF2MPBN,みらくらぱーく党,815,0,10461,199310,4,8,5,4,6,5,7,7,46
9QJ8W6IET,御影ステア,7JBTC1J7U,いろ蓮,699,0,10462,199220,4,5,7,7,5,7,6,7,48
PCCKUKYT9,ざくろ,GYG7B5R36,幼馴染同好会,1287,3,10463,199130,1,1,8,1,1,1,2,1,16
NB2LUCGMN,きよ,96LWYJ3Y6,無言絡みなし,627,0,10463,199130,5,7,5,4,6,5,6,5,43
880CWT8EW,DnDn,MVYED4TN7,箱推し紳士,882,3,10465,199040,3,3,5,8,4,1,7,10,41
C1FZF0SWI,かのん100%,FG4170141,♪さやか愛好会♪,1201,12,10466,198950,1,7,5,1,9,3,5,7,38
TTEYSYGPP,シズト,H837E0M9R,沙知先輩大好き部,1073,7,10466,198950,7,5,8,5,8,4,7,6,50
L196BRJ2T,ノリノリ,KB5BFK7J6,おはめぐ党本部,1117,6,10468,198770,4,4,5,4,5,5,8,7,42
YJGI89AE7,ドラゴン,XE8513HNP,喫茶カワウ空✨,613,0,10469,198680,1,5,4,5,4,1,3,4,27
OKWF0EDSV,まりんらいなー,A8BJ5V3ET,はすのそら,938,6,10469,198680,6,5,8,5,6,5,8,8,51
0LQO2LVO8,Leaver,U8GLCJVJP,コミュ障用誰でも,586,0,10471,198410,6,7,6,5,4,3,3,1,35
45K0UCV22,Spartric,BXHG2KXAD,idol.st,864,4,10471,198410,5,7,7,5,6,6,6,7,49
0RTVG3QHA,クリス,FMKLCT6CF,ドルケノート,1071,9,10473,198320,5,6,7,7,4,9,8,8,54
HT2HBX6BA,S10,60KU468X3,はっすーず,778,0,10474,198230,4,4,6,4,4,7,4,7,40
SR99FAYQ7,金,N1JM7M3YC,丘側,930,4,10475,198140,4,2,1,1,4,4,2,1,19
MLS7D2AQO,水空 楓,6RF9XY3GD,さやか部,986,2,10475,198140,5,6,7,5,6,5,5,5,44
Z09BFXIMH,eluna,TFGKYEY98,LLP JR,1070,12,10477,197960,5,6,7,7,5,5,7,5,47
GZ14MXKNM,つつじ,36T6UB6YA,まったり箱推し部,1096,8,10478,197870,4,4,7,7,6,6,5,9,48
FTPX779WU,たまご,6JPXTKDBB,DAISUKE,451,0,10479,197780,1,2,1,1,2,2,1,1,11
CM1JJLBXF,アビー,0VEMMV8E2,スリブとまったり,898,6,10480,197690,5,3,8,4,5,4,3,5,37
WCHNAZFHU,sus303,EX5LY4JRC,ハス,999,4,10480,197690,5,5,8,7,4,5,8,8,50
G1DM8FX3M,41,CCACL2CMM,無限城,203,0,10480,197690,5,3,5,3,2,2,5,1,26
1F9AN5SC8,ゆきひと,XL1M7KUPL,始めたばかりです,769,0,10483,197510,6,3,2,1,4,4,4,1,25
2UHP7QW3D,のりち,DJC4WJXGV,無言出入り自由,240,0,10484,197420,5,5,1,1,4,4,1,1,22
F1RF7597L,ぼん,WX1DYC9Y1,ラナンキュラス,1192,8,10485,197240,1,1,8,4,7,1,8,8,38
TAVGNW30G,ゴー,2AUM7L9BW,蓮初心者クラブ,445,0,10485,197240,4,4,3,4,4,4,10,10,43
K23T83CL1,津島カイリュー,LW4M70BTY,姫サーの槍,1197,4,10487,197150,2,4,5,5,4,4,8,8,40
G753RE72V,クラフト,MVMP6NNXD,空き時間らくがき,871,5,10487,197150,1,1,1,4,2,1,4,4,18
MASJ98TSN,茉莉,T2DP9PYJC,ヲタレンジャー！,585,0,10489,196970,5,7,8,4,6,5,5,5,45
M72NXHLCC,コルセットばばあ,4HCL7BG63,乙宗喫茶店,373,0,10490,196880,1,1,2,3,4,1,3,9,24
FLAAJY6FF,TOMO,60D1TTYTV,無言自由会,888,0,10491,196790,7,1,8,4,6,6,8,7,47
TV6UHR0FF,cing,PHMJLJY5E,ラブライブ愛好家,840,4,10492,196700,1,7,7,1,5,1,7,1,30
ENXN17A3N,斎藤,LTAG28AVM,蓮ノ空同好会,910,0,10493,196610,4,5,5,6,6,7,6,4,43
OEF1L5FTF,めかぶ,M8FM7P139,蓮ノ空ひとり旅部,1189,13,10494,196520,7,6,8,7,7,8,10,10,63
U8ONCXA82,aki,GK7JNB0NW,参加賞取り隊,629,0,10494,196520,6,5,6,4,6,5,7,5,44
8D3JE2CG0,つくよ,F2M746D4B,頑張らないクラブ,659,3,10494,196520,1,3,1,1,2,4,4,1,17
0AE7YNGEE,めき,LNJHHK5VH,蓮っこクラブ,473,0,10497,196430,1,2,2,1,2,2,1,1,12
UOYDWJJLJ,キハ58,GLP0WPDRM,イベント用の泥,978,1,10498,196340,1,6,7,5,4,7,6,7,43
VPJWALJY9,おでん,JCRNT9GKB,ハントンTKG,819,1,10499,196250,1,1,1,7,2,4,3,4,23
AAD3YHDYF,オガリ,KGFV7AB2J,石川県立図書館,577,2,10500,196160,5,4,5,1,2,1,2,1,21
RYHP39JD7,ショコラメリー,EUJAL1BBF,珍獣@メイト,680,0,10501,196070,4,7,10,6,9,9,9,7,61
YHDEWC224,始祖鳥,C021HVB2B,第3芸能科,379,0,10502,195800,5,4,4,3,4,5,4,1,30
6XLM89XDB,ぽーやん,GN9EEL045,きらくに,1027,3,10502,195800,7,6,8,7,8,8,10,10,64
CPHNHRVNV,yoshicha,W3F0URUJC,梢先輩応援団,959,6,10504,195710,1,1,1,1,2,1,4,7,18
8BLOCKG81,Natii,8GAY2WBT6,(・8・),643,0,10505,195620,4,6,6,1,4,4,8,1,34
L7EBD7X9E,よう,XTJU04C0X,まるまるサークル,524,2,10506,195530,1,1,1,1,2,2,1,1,10
99JAVMT1B,Umaru,BW38LDPRF,蓮浦の星空,447,2,10507,195440,4,1,2,3,2,3,4,1,20
AH0XVK2NV,うみさん,B6KWXGHWH,蓮ノ空SIFC,1074,5,10507,195440,6,6,6,5,6,5,8,8,50
7M62V6VML,穂乃吉,YJNWBA8F6,梢推し隊仙台支社,798,2,10509,195350,10,1,1,1,2,2,3,4,24
H4XV34EUJ,リュイ,G8F0M2PH2,アフターウォール,592,1,10510,195260,5,2,1,5,2,4,4,1,24
9YE2CBEQB,エルステリア,HB9AU9DJJ,聖心党,913,0,10511,195170,6,2,6,4,6,6,7,9,46
HB1EW6AJH,まごろく,9RYR14H9L,ソロマターリ,944,5,10512,194990,5,4,4,5,3,9,10,1,41
WWRXELOC7,なちゃん,0B8RTHY4D,のんびり屋さん,787,3,10512,194990,5,1,6,1,2,5,8,9,37
ME7LLT5YV,かわうそくん,FV045G54P,初星学園生徒会,665,0,10514,194900,10,4,8,9,3,8,10,10,62
TJA44G7WH,ペロペロ134,8VTJCPM0T,レッドショルダー,948,0,10514,194900,4,1,5,4,6,5,7,8,40
BA39UJ84Y,のあんぬ,J0PT5EX42,スクスタモ部,193,0,10516,194810,3,6,3,1,9,1,4,4,31
1DTV6F32X,うどん,8GAY2WBT6,(・8・),333,0,10516,194810,4,2,2,2,2,4,4,1,21
YJ7GXXAF2,陣内,9X07VGM42,近江町食べ歩き隊,963,5,10518,194720,4,4,4,4,5,6,8,4,39
5X2WT9W8F,まかろに,TJPHRCAD7,アルビオン,108,0,10519,194630,3,3,3,2,2,1,1,1,16
QOB3T3IGG,もやし,W3YKKRWHG,ルリと愉快な一家,1197,3,10520,194540,5,2,8,4,4,3,4,7,37
QACAH8V3J,あす,UCF93JAPM,スワンプマン,895,4,10521,194450,4,4,5,4,5,4,5,8,39
B33BWICPF,Kryptos,9LHUMBEJ7,イベ用,824,0,10522,194360,4,5,5,4,6,7,5,7,43
I1PC58B99,ムーラン,NDGW77R2V,こず花帆尊い,1176,5,10522,194360,7,6,5,7,6,4,6,9,50
FWTKK3ATU,ヨウスク,HBD61R6WC,梢先輩すきすき部,897,0,10524,194270,5,4,5,7,4,5,6,7,43
0G7NS30JB,ゆううう,18YYNRFGA,LotusSky,192,0,10525,194180,3,5,4,3,4,3,4,1,27
1PC4GRJ54,Saika,TWJ862EPN,こにゃとも,203,0,10526,194090,5,4,6,1,3,9,4,1,33
ANBMCK1N9,echo,C68491XHB,みらくらぽーく！,925,2,10526,194090,3,8,7,7,8,7,8,8,56
WR8D966CD,プレセア,G8EE23LB9,虹ノ空クラブ,1040,8,10528,194000,4,7,6,5,10,1,9,10,52
KMKR53AN2,稲穂,VB9VUYC97,JIMOAI,1121,5,10529,193910,7,5,9,1,8,6,9,1,46
WF8LZXYLG,Marimo,HMBW9DXY2,蓮好き皆あつまれ,846,4,10530,193820,4,1,1,4,4,4,5,1,24
EJ67AX5UG,アッサム,60KU468X3,はっすーず,692,0,10530,193820,4,4,5,4,1,1,2,4,25
A8E7FMMD2,BARGER47,HB9AU9DJJ,聖心党,973,5,10530,193820,1,1,1,1,4,2,6,4,20
RKBG7VDCS,ヒロシ1977,V8XX999F6,卍蓮村幼稚園卍,1007,6,10533,193640,1,1,10,5,5,3,7,8,40
7UFMAUYT6,ゆう*,E58EXVMJU,ボクがんばる。,1083,5,10534,193550,7,7,8,7,7,7,7,9,59
X262UWUC2,ブレン,BMU2XR32T,インプレッション,183,0,10535,193460,3,2,5,1,4,4,2,1,22
13D93XKWG,ホンハ,FX31CNK7B,ソロ,316,0,10536,193370,6,4,7,5,4,7,7,7,47
9RVAC5A7C,花帆ちゃん,1H5P6KV81,さやかの水着,342,0,10537,193280,8,6,6,4,2,2,4,10,42
3PXZ6F356,753,WNA5GTJPP,蓮ノ空百合クラブ,1126,6,10537,193280,5,4,7,8,7,7,6,8,52
JD7GM09EA,傘,UYYAUXK80,茅葺き屋根の家,614,2,10539,193190,4,4,4,1,9,4,5,1,32
DWA3NBGBH,かき氷,CVFYWNA8C,大阪の帰宅部,684,0,10540,193100,1,3,7,8,6,4,8,9,46
NW0T92287,さぼりんご,639NXLKJ5,Lotusky,951,4,10541,192920,6,4,7,7,7,5,6,5,47
TJ47MDXNW,きだい,T56X6LP0L,光の海,682,0,10542,192830,2,10,9,2,8,9,8,6,54
E65C882VG,キャメル1号,HKM402U9B,お野菜さんSSC,151,0,10542,192830,3,6,7,4,4,4,1,4,33
WWQSSY3QG,伊織,RGR1NVGWH,無言推奨・自由村,371,0,10544,192740,1,2,1,1,3,1,2,1,12
0CXAEN26D,きよと,8J1GJT2BC,近畿の大金沢,656,2,10545,192650,1,9,5,5,10,5,5,5,45
H5ADYTDNE,ぐっさん,FUMTDJDMT,蓮の実,690,0,10546,192470,8,8,8,6,8,7,7,7,59
76MISBDIP,oncemoon,866DU609J,ラ！スレ@may,1033,1,10547,192290,6,6,5,5,5,4,6,7,44
CZYV8YRYB,チャクラ,L6MF2MPBN,みらくらぱーく党,915,1,10548,192200,3,2,9,8,4,6,6,7,45
NCML607KY,おらす,B2VJACB1N,梢先輩の後輩,790,1,10549,192110,9,7,1,1,6,1,1,1,27
7EDFJJ14G,Linda,MG1G6F487,蓮ノ空無微課金部,671,0,10549,192110,6,4,6,1,6,6,8,9,46
MNHM1DYYW,にゅるたこ,PR2BGEK5K,ありがとう大三角,644,2,10551,192020,10,4,3,4,4,10,8,7,50
4LXBDC7FD,ぐっちー,JWUL2T36L,チーム初心者,506,3,10552,191930,1,1,3,1,3,4,4,2,19
F0CBTLYK6,＊かなちゃん＊,57HNJ07NK,みらぱ推活最前列,1032,1,10553,191750,1,1,1,1,1,1,2,1,9
Y6KDMLHNL,ルカス,HBCC35887,そりゃー!!!,537,0,10554,191660,2,3,6,5,2,1,7,1,27
B7G70HIEL,chappie,M61FLLUT4,泥中ノ蓮,784,0,10555,191570,4,4,5,4,6,4,5,8,40
96VIZWZ23,ワセリン,XWNXDWJ5R,ふ〜ねちゃん,1029,0,10556,191480,5,6,8,7,7,7,7,8,55
KXRP3LCHJ,がんでん,L28X4MDJN,アフター観たいぞ,1371,15,10557,191390,9,8,8,8,7,7,8,9,64
9N67FN371,竹内初奈,AYDP5L9V4,乙宗梢好き好き部,191,0,10557,191390,4,4,3,1,3,3,3,1,22
2TY6N2HA3,雪兎,VF517JBVB,無言でいいよ。,1031,6,10559,191210,1,4,8,4,4,4,6,7,38
MW0726795,ぱち,YVF1V2AH6,蓮ノ空全共闘,350,0,10560,191120,4,3,5,1,4,4,2,1,24
TD8CYHN5G,ｸｯｷー粉々隊,16K4DG9HX,囲碁サッカー部,881,12,10560,191120,4,1,4,1,2,2,1,3,18
M2OAW1AKA,Serenya,546E85JGG,月猫ぱーく！！！,722,2,10562,191030,4,1,4,3,6,1,5,4,28
U0VNG6G9J,月岡杏奈,TX85TKW7A,蓮ノ空女子部,861,2,10563,190940,7,1,7,7,7,2,6,8,45
BEXACUJJH,ふぁるこん,4RNUXBXGL,みらぱ最推し,252,0,10563,190940,5,5,8,1,3,4,3,1,30
WFD0URM7U,okano,CCWCNY3P5,団子,1229,7,10565,190850,4,4,7,5,4,4,5,7,40
C4NWYN3LN,【:εω,6T3D7M1GC,ソロだヨーソロー,283,0,10566,190760,1,2,1,1,4,2,1,1,13
NPPO073U5,きーたー,N6T2MVATD,まったりサークル,1191,6,10567,190670,4,2,7,5,5,5,4,10,42
72UA5YLNT,Nakhimov,AT3WYLPP8,SIDF,389,2,10568,190580,3,3,2,1,2,5,9,1,26
0263KHY45,瑾軒軒軒軒,218R5RK2N,桜坂しずく同好会,515,1,10569,190490,4,5,6,4,4,4,6,4,37
GC12WU2CM,青山なぎさ,A8BJ5V3ET,はすのそら,853,1,10569,190490,4,7,5,5,7,5,7,8,48
GNR0XVMU3,海月,TTW02P5K1,はすのこ,905,1,10571,190310,1,1,8,5,10,3,9,10,47
35H3A5G04,「NKMR」,LX25CP0TG,深夜の芋煮処,1055,3,10572,190130,6,5,8,7,9,7,7,8,57
G450XY0U3,カトレア,JD1PFYJWE,瑞蓮隊(無言OK,539,0,10573,190040,4,8,4,1,2,1,2,1,23
Y1AK1405K,ちゃむ,CCACL2CMM,無限城,383,0,10574,189950,10,6,6,1,10,10,7,5,55
16IHH88PP,ひよこ,5WUDLMWEP,蓮ノ空は明日ノ空,361,0,10574,189950,1,2,1,1,4,3,4,1,17
T0760NRNE,もみじ,NCX28D4VB,Lyric,746,0,10574,189950,6,5,7,4,6,6,6,7,47
5ELAYP97W,ミンク,VD7N7A4WH,氷青色,326,0,10577,189860,10,10,5,4,6,3,6,5,49
9K5B0SU0Z,理由,6KUYCDLGR,かよちんは宇宙,881,0,10578,189770,2,3,5,8,3,2,3,5,31
4KA3H38MG,ゆき,TGLXAU8V6,雨、太陽、風,517,0,10579,189680,1,2,1,1,2,1,1,1,10
LDXV70KX4,るし,5YXVKDEKV,サークル(仮),374,0,10580,189590,5,4,4,4,2,4,7,5,35
F1LP2V55C,エマランジュが板,9P9EPKFHE,無言参加OK,485,0,10581,189500,2,2,6,1,2,6,6,10,35
CGW5G4XQC,くろがね,WRFLMWL4U,映り込み金魚,789,0,10582,189410,5,4,7,4,6,5,6,7,44
C5T6C9311,Ctrip,60KU468X3,はっすーず,561,0,10583,189320,4,2,1,1,2,1,4,1,16
C2F9TU8FA,ネコマター,C2XLWUTL1,夕霧綴理親衛隊,784,0,10584,189230,5,5,7,8,8,5,8,6,52
BU5P13TUR,SHOGO,L6MF2MPBN,みらくらぱーく党,729,0,10585,189140,7,4,8,6,6,5,4,8,48
VU8JTLPQN,ショコラ,TCTEAMP9C,虹ちゃん最高！,444,0,10586,189050,1,2,1,1,1,1,1,2,10
29MFNX8JE,ひざっち,7WUYE3E7M,にゃんにゃん,499,1,10587,188960,1,2,4,1,2,2,1,1,14
23PTP9P8W,すいむ,3PLMXJ3BY,RR軍,986,2,10588,188870,6,2,5,8,6,7,7,7,48
KKKU8X9S5,ふわなー,T9LWWNWY2,とび爆ぜっ,723,0,10588,188870,2,2,7,4,4,4,6,7,36
WWGC72B79,ルージェ,YGCT70FH6,ソロなサークル,414,0,10590,188780,5,5,7,7,6,6,5,4,45
9022AAG1Y,ちゅけすきすき,T7J89541B,日語漢語蓮愛団,191,0,10591,188690,1,2,1,1,3,2,4,1,15
8YPN6A264,おもち,M08GKL70U,ららマジ難民の会,832,1,10592,188600,1,2,1,7,2,1,2,8,24
W8J9H7K56,hurt,DKNHY5HH6,なす料理研究会,229,0,10593,188510,6,5,5,7,4,4,6,4,41
EURT17KHT,しかた,C8RDE501H,かすかた,615,1,10594,188420,4,2,4,4,2,1,4,5,26
T64LIXM9K,にこ式,4XRHRYDW4,無言でエンジョイ,975,2,10595,188330,7,6,6,6,4,5,6,7,47
E535GSQ3P,ちはや,762FM3JV4,一蓮托生,740,0,10595,188330,5,2,4,4,5,5,5,4,34
3RRM7UNPX,マサムネ,B6KWXGHWH,蓮ノ空SIFC,943,5,10597,188240,1,4,7,5,5,5,4,7,38
2ULKX6U2Y,でかぷよ@おな,8NF0R4W81,地下結社めぐ党会,974,2,10598,188150,4,6,7,8,6,4,6,9,50
6G7OG9C9B,crow,60KU468X3,はっすーず,910,0,10599,188060,7,2,7,5,4,2,6,7,40
8VPC6AJF3,Pyon2,1UBNNHVLG,蓮箱推し（仮）,731,0,10600,187970,6,6,8,5,6,6,5,5,47
C3J1K2EM3,コバ,X87KNX4N3,蓮ノ流星群,495,0,10601,187880,7,7,9,6,6,5,6,7,53
QD1ZFCBWN,由宇,6D49YVAT7,ユニット愛で隊,1035,5,10602,187790,8,6,8,4,7,7,7,7,54
HDHGCR4R9,Tas,26JDLMBLN,徒町は強く生きる,373,0,10603,187700,4,5,4,1,4,4,6,5,33
477P1WCXV,海曜雫香,XXMU9WLKB,梢の機械さん,947,2,10604,187610,5,5,4,5,7,6,4,5,41
ZJA0WYIK8,しゃけ,6E1405RMG,秘境,1255,6,10605,187520,7,4,7,4,7,5,5,8,47
M41GU17EN,ポークピック,6BFC4G5YG,蓮ノ空足湯同好会,280,0,10606,187430,5,7,2,7,4,4,5,3,37
5469C8XKB,ナムウ,0B8RTHY4D,のんびり屋さん,1062,4,10607,187340,8,6,7,4,6,5,8,8,52
N418MS6HN,yoooo,AR9HR528A,いろいろ実況,1126,2,10608,187250,4,5,7,4,6,5,6,4,41
0NBMJYRXG,モグ之すけ,X784G0GKM,異次元から来た,906,3,10608,187250,5,3,6,4,6,8,8,7,47
KM1Z78SUA,服,PDTRRYUGM,石川県民ひろば,729,2,10610,187160,3,10,4,1,2,10,9,4,43
OI7FD35Q8,まわたルビィ,DKNHY5HH6,なす料理研究会,561,0,10610,187160,4,4,5,1,5,4,6,5,34
RRX8V2GGP,そぷるちゃん,CRYB2FJ64,つくよみくらぶ,872,2,10612,187070,5,4,7,4,5,7,7,4,43
2BUWU99GY,ねねね,AG7YVB0Y2,みらくらのーと,214,0,10612,187070,4,3,4,2,3,7,4,4,31
6UUHU8CKA,クローベット,27N2UHJYL,ラブライブ格ゲー,545,0,10614,186980,4,3,8,8,8,10,7,8,56
20MTM739E,むんむん,8FR866PRY,蓮っ子みらくラブ,1176,2,10615,186890,6,6,5,4,5,5,6,7,44
M448T2FOD,ユウイチ,J4R8W2ERA,ゆ,853,0,10616,186800,7,1,5,7,2,4,5,4,35
YOPC2UHAH,月影　誠,K69M1X95F,アイリス,1032,3,10617,186710,7,6,5,5,6,5,6,7,47
L1CYM1274,ふぉゆ443,NCX28D4VB,Lyric,1076,3,10618,186620,7,9,7,5,6,7,6,7,54
LJMKDTC5Z,エトセトラ,5R0HJNPAL,わ,262,0,10618,186620,2,2,2,1,2,1,1,1,12
GP00YRURL,ユネ,1U4JN5CXB,LLユーカー部!,181,0,10620,186530,3,4,10,3,2,6,6,1,35
NPYWGN4KK,サクラたまご,KJU0BU77M,無言交流なし,959,3,10620,186530,4,5,5,4,6,6,7,4,41
ETJMKEAYU,Leafkey,9AYD3XJ2D,ぺんぎん隊,847,0,10622,186440,5,2,5,1,4,5,4,4,30
36HD0B6R4,ぴーー,V6DKUH6JT,報酬だけほしい,236,0,10623,186350,5,5,4,1,4,3,3,1,26
FSX2W90CX,ずらまるはなよ,C715VAD52,お試し中,851,0,10623,186350,8,4,7,8,6,5,6,5,49
C1734M2V2,ゆう,9DFV9UTW4,白ひげ海賊団,261,0,10625,186260,6,4,3,6,7,9,4,2,41
2U1VME6TU,うにたん,3LCTFNL70,さやカーディガン,801,5,10626,186170,8,3,7,4,2,5,4,6,39
M64XC71EV,Usagi,X19MP0NTT,蓮之空河豚养殖場,710,0,10627,186080,1,4,4,1,1,5,3,7,26
NX9X830WP,まあこ,YM72HRVCF,ワンニャン部,983,3,10627,186080,5,5,8,5,7,7,9,10,56
0PXA9933E,うまづら,FWFW6YY1T,とくになし,927,1,10627,186080,5,7,9,4,7,7,5,7,51
8M3DODEVR,フォロ,HBCC35887,そりゃー!!!,852,8,10630,185990,2,6,8,9,5,1,7,5,43
JI7TM2QQB,Ikeyo4,414CEUPEH,アフター見よう！,978,0,10631,185900,6,4,10,2,4,2,6,9,43
L0794C9D6,みちゃんかわいい,LLDLG20UU,UR取り隊,304,0,10632,185810,2,10,10,5,10,6,7,10,60
KKBZAU513,2ndaid,T045NDKW0,♬さやか愛好会♬,982,1,10633,185720,1,2,8,1,2,5,9,8,36
MPEG54T0R,RYO,3WVU6L4B8,明日ノ空,1004,2,10634,185630,1,2,1,2,2,1,1,1,11
CEMMXK8L4,ハカセ,G0WRCNRWK,県立沢庵図書館,563,0,10635,185540,1,4,1,4,2,1,2,1,16
25MQSZ3YU,食パンの耳,U1X8XUL9G,イベント用？,1113,0,10635,185540,2,2,7,7,4,6,7,9,44
A8WU8YDUH,yukii,AHE0E3JND,ありがと！にひっ,683,2,10635,185540,2,6,2,4,4,8,4,1,31
5UJJPKV14,山崎円花,407VAU0TT,ログボ勢の集い,465,0,10638,185450,8,5,3,1,5,2,7,9,40
A4WGDKH7T,いけだ,HPTHY23VR,蓮ノ空文芸部,480,2,10639,185360,5,7,6,6,6,7,4,2,43
V29FDKYW1,ツヅサヤリベルテ,6C9R15BLY,スクスタ避難民,637,0,10640,185180,7,5,6,4,7,5,6,7,47
MBXCKX44A,なかん,XA0XD41CM,ぼっちぼっち,94,0,10641,185090,5,5,5,2,4,2,3,1,27
RB5LHV2EV,みななん,T2XRMGEAE,蓮根無言会,379,0,10641,185090,1,1,3,1,1,1,4,1,13
U3J86HHB4,アリス,JY79RPB1D,リンクラゆる部,1117,5,10643,185000,4,4,7,2,5,6,6,8,42
N84X8H8BF,Kamiki,4BU2PJLC1,Sky,300,0,10644,184910,4,5,2,4,2,1,2,1,21
L6MGIEXS1,霜月,3TKAM6VLE,Library,936,0,10645,184730,1,1,8,4,2,1,7,4,28
JVGT9BJNB,T.Silver,2YBBLUY1Y,ふんわりクラブ,886,0,10646,184370,5,3,5,5,3,1,8,6,36
AA2C2UCKB,こんたん,NMRKHYYRM,ご自由にどうぞ,221,0,10646,184370,9,9,9,8,7,7,3,4,56
Y5T4YJ4C9,mutsuki,1D7T2UXC2,無言でのんびり,960,2,10648,184280,7,7,8,7,7,7,7,7,57
PCGHLPGNS,マネモブ,EKACCPWWB,タフノ空学院,1047,4,10649,184190,5,6,8,5,7,5,6,8,50
I1XQSY4LP,道の駅かなん,LJMD3TWBB,道の駅蓮ノ空,1023,3,10650,184100,7,7,5,4,8,6,6,7,50
CPRXRWV3X,セナ,TT8KRDC79,あ,349,0,10650,184100,7,3,1,1,3,1,1,1,18
YPT4B02N2,フィーナ,WN3LHKX0L,レンコンおいしい,886,0,10652,184010,4,4,6,4,4,4,7,4,37
RPCTUTGUC,よこつづさん,C6V311T2P,LotuSky,468,0,10653,183920,1,2,1,1,1,1,3,1,11
9B707WTM6,くま,U8GLCJVJP,コミュ障用誰でも,697,0,10653,183920,4,4,7,4,6,6,6,1,38
HMNH9GM2F,440,EKACCPWWB,タフノ空学院,889,3,10655,183830,5,2,5,1,2,8,6,9,38
G0UAUXFNV,みじん子,MF6GL0RVL,ミジンコ倶楽部,552,0,10656,183740,1,2,1,1,3,1,1,1,11
H357DF31H,やもくん,UMNEWH0FP,退避,901,0,10657,183650,5,6,4,5,7,7,5,7,46
YN3YR90NG,幻也,0YLUK30K6,蓮っコの集い,556,1,10658,183560,1,2,4,1,5,2,4,4,23
TK8B2X0AY,ざっきー,2J5W1LGR6,私の自由ダァー！,674,2,10659,183470,2,2,2,1,2,1,3,1,14
HHEVELX0U,ヨサノ,T2XRMGEAE,蓮根無言会,929,0,10660,183380,4,4,7,4,6,7,6,2,40
9XVH451HH,はーとりっと,3BDTCERX6,打ち返した流れ星,968,2,10660,183380,2,2,1,5,2,2,6,4,24
YK37FKR2B,だぶるむーん,T48KV9EP2,無言ぱーく,377,1,10662,183290,3,3,5,4,3,4,4,1,27
V3EDWTKMA,三原修二,A8BJ5V3ET,はすのそら,676,0,10662,183290,4,4,4,4,6,4,4,1,31
19L1WL62X,ヴァーリ,FH54A1HEX,陰のラブライバー,448,0,10664,182840,4,3,4,1,5,1,4,1,23
QKDV7NJVW,まとい,C2XLWUTL1,夕霧綴理親衛隊,844,4,10665,182750,2,2,4,1,2,1,3,1,16
1RS5KJPJC,なーさ,E1HVJ71JR,ご自由にどうぞ,567,0,10666,182660,9,2,6,2,5,4,8,9,45
ATEJAAMMY,邪王真眼,KXEME076E,つづさや親衛隊,385,0,10666,182660,2,2,3,6,5,3,4,3,28
L2RGJYGE3,John曉宸,T60EGV8J7,一心L教,933,6,10668,182570,1,1,7,5,4,4,9,7,38
D9DFL3RY4,ニコニーしてる♂,TR057C1UW,蓮ノ空ぼっち部,979,6,10669,182480,5,5,6,4,6,5,6,7,44
GW6EQPO4Q,星咲りんご,1F5EPPMLD,UR貰えればいい,1087,7,10670,182120,6,7,8,7,7,5,7,5,52
Q8C5DW20K,とと,58FD7UF8J,としとしサークル,917,0,10671,182030,4,3,9,4,4,5,8,10,47
H49091CNC,まゆ,CMYG0B3DW,初心者クラブ,153,0,10672,181940,3,3,6,5,3,4,4,1,29
LCBRDXDJC,Zbai,J5CKL5YPX,ログイン勢かもん,246,0,10672,181940,10,7,10,10,4,6,10,8,65
B5DH53VXD,りこ,97BGFLKW9,◯◯◯,927,6,10674,181850,4,5,5,4,4,5,9,8,44
4E6C1NLK3,ゆる,9147HWMAR,誰でも大好き,1002,5,10675,181760,1,4,8,4,2,7,7,9,42
A8PGR9ZZ8,ぱぁなな,0CBM28JP6,ほうき星,923,1,10676,181670,5,4,4,4,5,5,3,7,37
4XWMA922X,くろん,2UKNVBMBU,梢ちゃん同好会,943,0,10676,181670,6,6,7,6,7,7,8,7,54
17D5N3V2M,40ZORA,UPUVA9UT3,酒ーくる,663,0,10678,181580,2,4,7,5,4,4,7,6,39
Y3T3KJFPK,ぴ,EYPX8WNL1,正義実現委員会,308,2,10679,181490,2,1,4,1,2,8,1,1,20
6CLFL7K9B,みんちゃ,0WW0K5XEX,くりあろーたす,1050,1,10679,181490,1,2,5,4,4,4,6,1,27
3B0G5IPDR,リコリス,6LJMPLM0V,蓮が大好きクラブ,1106,4,10681,181400,3,2,9,7,7,7,8,9,52
PFF13LJED,みかづき,W09WBG3HY,どろんちゅ,975,3,10682,181310,5,6,7,6,4,4,7,7,46
X6KWE2NEC,コウモリ,WJY2HK6A5,蓮の空イベント部,369,0,10683,181220,3,4,2,1,3,3,4,1,21
08KPE3NFP,とら,U1X8XUL9G,イベント用？,700,2,10684,181130,9,1,8,7,2,6,6,5,44
XNTBEPTM8,ひな,WNA5GTJPP,蓮ノ空百合クラブ,888,2,10685,181040,5,5,5,4,6,5,6,4,40
0PMD6D6F5,Vex,M851LEV3N,なっす父兄,588,0,10686,180950,4,1,1,4,2,4,4,4,24
2PRUO6TLL,阿部,CRYB2FJ64,つくよみくらぶ,1150,12,10686,180950,4,6,6,5,7,7,8,8,51
34BLXD4X7,久音,6DFE57BY0,Lovenico,716,0,10688,180770,4,2,5,5,1,4,6,4,31
VRF4L45RR,はなどん,RAP9FVR3B,あばうといち,830,4,10688,180770,1,4,4,1,4,1,2,1,18
6RGDPC00N,らび@,4URND90YY,参加賞狙い,610,2,10690,180680,6,5,4,5,2,1,5,4,32
SDMNWWSOT,yuriyan,60KU468X3,はっすーず,869,0,10691,180590,3,4,4,4,4,7,4,5,35
CC35LLKRN,ZPY,D7BH9UP2V,TEST173,503,0,10691,180590,7,4,8,2,2,1,7,4,35
PXCGH6BJR,望月景,GGTRXNKX4,オルケストラ,840,1,10693,180500,4,7,7,7,4,4,6,5,44
GVVC00VXN,果汁_KANYO,1G89KTD5X,サークルひとり,407,0,10693,180500,1,2,4,1,2,3,4,1,18
LJT8A3HM8,好き好きクラブ,H1G4CDT6C,無言自由,405,2,10695,180410,9,10,8,7,9,4,4,5,56
EBY8WB0J5,弾幕系,L6KBD6DH4,弾幕系処理落ち,881,0,10696,180320,4,4,7,7,4,5,5,7,43
TIA9AXUSF,10mmメガネ,3LPBPHL3V,壁の民の伝説,930,2,10697,180230,4,1,7,1,1,7,8,7,36
X9JY2MKNV,ことり,97Y59KBF0,乙宗梢倶楽部,987,3,10698,180140,4,2,8,4,4,8,8,9,47
KJY6KBK8W,えいと,XREYFXTHJ,白ニーソひざ枕部,418,0,10699,180050,3,1,9,8,2,2,3,1,29
G9V8ECEZE,Raioh,VXF8P7NDC,どんぐり。,936,6,10700,179960,2,1,7,1,2,2,6,1,22
XB7KAXL1X,なお,XXMU9WLKB,梢の機械さん,368,0,10701,179870,3,1,5,1,4,3,8,8,33
M4XUIOIML,ようスケ,BW38LDPRF,蓮浦の星空,703,3,10702,179780,3,2,1,1,2,1,4,5,19
0KUN77T1V,ノホペ,JH5FX56N2,のんびり,791,0,10703,179690,5,6,9,7,4,5,7,8,51
B4HMKJHL2,こすもす,VK5AU7U2U,蓮アフタークラブ,873,2,10704,179600,1,1,5,2,6,4,6,8,33
K65UUW1TF,ドジビロン,6FWRD1K40,いちじょ海賊団,921,2,10705,179510,5,2,1,4,5,4,4,9,34
6HPLYGVPY,meafke,PUNBJGRBF,初心者向け,587,0,10705,179510,5,4,7,7,2,5,6,8,44
76KH96RCE,みき太3,7UBUGF7G1,ワイのサークル,1036,2,10707,179420,7,5,7,5,6,7,10,10,57
A5URDR5JH,京太郎,DW13FCXPT,Mulbungs,199,0,10708,179330,2,3,3,1,2,2,3,1,17
1DOV8SUV9,ゼットン,XN2VEA6DN,無言,529,0,10708,179330,1,2,1,1,2,1,2,1,11
46VFR1TN5,SEVEN,FHN78V2DJ,無言でどうぞ,870,1,10710,179240,1,3,8,1,3,9,6,10,41
D945H5QD4,ヒロ,6FWRD1K40,いちじょ海賊団,857,4,10711,179150,5,2,7,4,2,1,6,4,31
ETHWAE2RB,ひじり,LETV4C1KG,無言の行,794,0,10712,179060,4,5,7,4,4,4,2,1,31
6Z0TKPDFR,ぬりえ,XTMGPY62U,スクステ初心者,825,6,10713,178970,2,1,10,5,4,1,7,1,31
MHEXGNS66,アンシー,WNMCNJ62M,チームまったり,986,1,10714,178880,7,6,8,7,7,7,7,8,57
0SI43HZWG,ジャッジョクダス,XHJLF3R8H,ゆったりプレイ,1076,2,10714,178880,1,6,7,1,2,9,10,9,45
SL7EAL1XQ,キノ,C021HVB2B,第3芸能科,768,0,10716,178790,8,5,9,6,8,10,8,9,63
L6RV4W5U8,shion_紫苑,61UTNTRU1,初心者さん,663,0,10716,178790,4,6,7,5,6,1,8,8,45
61IXBBB71,はしまき,Y4G0KF6NB,無言でやる会,987,7,10718,178700,8,7,7,6,6,6,8,5,53
VTMNFLPE6,Keica’,K25DPPGT9,圧倒的にまったり,923,2,10719,178610,6,7,8,5,5,7,8,8,54
D5D4G5BUJ,パイルドライバー,8WAXGK70P,CANARiA,563,3,10720,178520,3,2,3,4,2,7,6,1,28
WITBXDRSS,千夜一夜,8HUPBBHNC,蓮女「ぷりずん」,1046,0,10721,178430,7,7,8,5,5,8,8,8,56
FRBXBH65L,悠,TXNCTRR1U,瑠璃乃推し隊,853,4,10722,178340,9,2,8,4,7,6,7,5,48
E70LMMDXC,晓来雨过,BCXK12M1U,awa,652,3,10722,178340,4,4,4,1,2,8,5,4,32
7VRK689NN,弥三郎,J5CKL5YPX,ログイン勢かもん,891,0,10722,178340,3,1,7,2,5,4,5,9,36
0E5VLKD8E,みきた2,7UBUGF7G1,ワイのサークル,1038,0,10725,178250,4,1,5,4,6,5,9,10,44
MB251OMPT,ジャック小山,YNR28303K,りんくらぶ,722,0,10726,178070,5,2,1,7,2,1,5,4,27
HUP0N9DT5,なかはま,TM19BMU7C,ソロプレイヤーズ,1011,7,10727,177890,8,5,6,4,6,5,2,5,41
13QQ1IOIZ,蓮野せつ菜,NTDM30NB6,霊使いリンクラ部,1096,13,10728,177800,2,1,8,5,6,5,7,8,42
R3T8CA3RX,うぃっぷ,W3F0URUJC,梢先輩応援団,885,2,10728,177800,4,5,8,8,6,5,7,8,51
C20TJ5UD3,マーロン,2JK7E4115,ラ！推し,1248,15,10728,177800,10,10,10,8,7,7,7,7,66
RD9YR8WNA,さったん,J7BLELE0U,さったんろーる,299,0,10731,177710,4,4,4,4,2,1,5,5,29
5XGBOC0GL,よっぴー,KPABV0UJM,蓮の空サークル,974,2,10732,177620,1,1,6,5,4,7,8,9,41
GPEMUW6DP,ほんだし,8JMW9G2XW,僕らのリンクラ！,812,1,10733,177530,1,1,1,1,1,1,2,5,13
A4KKXEGNB,？,5HFRK5BHL,中文孤兒社團,244,0,10734,177440,1,4,8,5,9,1,4,7,39
B9GKXQVQC,上野,F2M746D4B,頑張らないクラブ,1044,0,10735,177260,4,4,4,4,2,1,5,9,33
RHR7RP9LD,ホットケーキ児玉,XLR23XPGK,テステスト,920,4,10736,177170,1,1,8,5,6,7,7,8,43
YCJL6H422,ララライブ♪,E8K438RP1,リンクラ初心者部,1026,8,10737,177080,5,5,7,4,7,7,7,7,49
3NTBYKJ3D,ふにゃんちゅ,FMKP92LRL,目が霞む人達,921,0,10738,176990,2,1,1,5,4,1,2,7,23
NJNBUTF6K,ゆーき,9E910GGD2,蓮ノ空給湯室,749,2,10739,176900,2,2,1,1,2,2,3,1,14
2BPLVKAX9,ガル,FK5MUK0ET,くる♡すきクラブ,895,4,10740,176810,8,1,5,6,4,1,6,10,41
BI9B6XNSH,ジャビさん,XYRA2MND0,蓮ノ空ゆっくり,303,0,10741,176720,6,7,9,7,6,8,8,9,60
747EZ5LI2,フィオレ,YVV9CMBLW,東京公演で沼落ち,997,0,10741,176720,4,1,7,4,4,6,5,9,40
MPS4QJI37,ハンメル,HPFGWGK6N,蓮ノ空デュエル部,1196,8,10743,176540,8,7,8,6,8,9,6,5,57
HJWRN5HFC,ひらおり,865UE9UC6,蓮ノ空うどん部,1028,2,10744,176450,2,3,5,7,4,4,7,9,41
L4C4BPCG6,ゆきち,KW9K8TL2V,一人用,926,0,10745,176270,3,4,4,4,6,4,8,8,41
KTOBAG8H4,おいもさん,PDTRRYUGM,石川県民ひろば,593,0,10746,176180,1,2,2,1,2,1,10,1,20
3KVP33WPK,巡,A73H7ENN2,エロマンガ同好会,460,0,10746,176180,4,5,3,5,2,2,4,1,26
NONT2BJE5,うがじん,H5MEVB5ET,機械さん,1052,8,10748,176090,7,6,7,5,6,5,7,7,50
334TY89L2,食用サーモン,CLGY1F0H6,さやか推し歓迎,228,0,10749,176000,1,2,2,2,4,1,3,1,16
GT78BV330,白銀(シロガネ),TD87P23DJ,黄昏の旅団,1008,13,10750,175910,6,5,7,4,6,5,7,7,47
F1YB5B3JB,襪仔,NGFXVPCGX,うさぎのしっぽ,456,2,10751,175820,2,1,4,1,10,1,3,1,23
DJR3CFHN5,きもけんぴ,J5CKL5YPX,ログイン勢かもん,313,0,10752,175640,4,3,2,6,2,3,4,1,25
3XF3U1RBL,suke398,3A63DYH54,LLすこすこ部,1179,1,10752,175640,7,7,7,7,7,7,6,8,56
3CY16XVNK,78,M08GKL70U,ららマジ難民の会,999,0,10752,175640,4,1,7,4,6,5,5,10,42
DN1JGK1VR,二窓,9E910GGD2,蓮ノ空給湯室,690,0,10755,175550,6,4,4,1,4,4,7,7,37
DY1K0GXV0,おてらま,F5C8MT9J6,テスト,870,1,10756,175280,6,2,5,10,6,1,5,5,40
6XTFQX0VL,らと,E9RABCUL3,真鍮の真心,1033,3,10757,175190,4,6,7,5,8,7,7,9,53
MWJ1DJ4U3,makura,9C2FC74H2,overseas,871,3,10758,175100,1,6,6,9,6,5,6,7,46
UVLHLQ6CZ,オバサンアイドル,6BFC4G5YG,蓮ノ空足湯同好会,895,1,10758,175100,1,4,7,4,6,5,6,5,38
LHNS2DHO7,PlayX67,6DXDMMC1G,Px67,965,4,10760,174920,6,4,7,8,4,5,5,7,46
4F836WDGE,よこ,KXU941RFJ,梢先輩おめでとう,967,2,10760,174920,1,1,1,1,1,1,2,1,9
W8T40R9YK,みみみ,KXMXL2KRX,超初心者,316,0,10762,174830,4,4,3,2,1,3,2,1,20
AVWUDPSXF,まぐろ,XLX3R7HBT,自由さーくる,1017,0,10763,174740,7,6,8,5,6,5,10,8,55
TA4E32NLD,まどる,E5JKTW00K,蓮ノ空まったり部,177,0,10764,174650,7,7,5,5,4,3,2,1,34
BHC1Q5Z6U,ゆる,9147HWMAR,誰でも大好き,970,4,10764,174650,1,4,7,2,7,4,7,9,41
ZVB0HNOLF,ユウシン,DF7FA982P,蓮ノ空百合部,1079,1,10766,174560,1,4,1,5,6,5,6,5,33
JR9QEE7QH,ココのり,V7768X8AC,せーので！,1013,0,10767,174470,4,6,2,1,4,7,6,4,34
YRT2AJP1X,だめだああ,FJMA5BPPE,蓮ノ空すきすき部,615,0,10768,174380,4,1,1,1,4,4,6,1,22
625C9YK23,イズミヒロ,3194B9E93,初心者寄り合い所,940,0,10769,174290,6,5,7,4,4,4,6,5,41
365DLAOJ3,リラネコ,95TAREFPT,ご自由にどうぞ,913,4,10770,174200,1,3,1,1,2,1,6,1,16
C2W0U7J3Y,パエリアの囁き,6C9R15BLY,スクスタ避難民,658,0,10771,174020,5,8,7,6,4,7,6,5,48
DVXC35HH1,サワラ,U98UKD6RY,異次元フェスP,1157,7,10772,173930,1,1,1,1,3,3,2,1,13
24JM1FD1G,やま,4URND90YY,参加賞狙い,858,2,10772,173930,5,4,5,7,4,4,7,7,43
XX9LP9KTK,有馬 帆花,7U4G2VY9K,わくわくクラブ,282,2,10774,173840,5,2,2,1,7,2,3,1,23
RV1LT9727,榴ヶ峰モカ,WA2HTGH3E,つがみか,882,8,10775,173750,2,1,2,1,2,1,2,1,12
T2UAJXABA,RyuBell,UHWA4YLWP,蓮ノ空を見守る会,1042,4,10776,173660,5,5,7,5,6,5,6,5,44
M6CDPH74H,アステル,9C98YRCP9,ＴＲＩ,797,0,10777,173570,7,4,5,6,4,5,6,8,45
GDQV2UXDN,きゃろ,RE994PJ2B,蓮ノ空SI同好会,1049,0,10778,173480,7,7,8,5,7,7,7,9,57
LV8K2BP2E,ハルマ×こな推し,BELCUYCMH,蓮hkg香港分部,546,5,10779,173390,1,1,2,1,4,3,2,1,15
8T4L1344D,秋陽,WKG02VMU6,先輩で遊ぶ2年生,658,0,10779,173390,4,5,6,1,2,4,6,7,35
4ART5NBE4,sinK,XNP3CHWM1,リンクラ愛好会,400,0,10781,173300,2,4,4,1,4,1,1,1,18
I5O3K2T3T,えびどりあ,YR9G4KUPH,気まぐれ部,1065,1,10782,173210,7,5,8,4,6,6,7,8,51
5MJ03LW17,ゆうぺ〜,FMKP92LRL,目が霞む人達,591,1,10783,173120,2,7,1,4,9,1,4,1,29
HAAL50420,(´・ω・`),N7J2R9JDN,ログイン目標勢!,1029,0,10784,173030,4,6,5,5,5,5,6,7,43
T02789CXH,ぶっちぃ,FTY0R8KPH,泥の皆様,613,0,10785,172940,2,1,1,4,4,4,2,7,25
068NE88C8,アムリタ,AGJ215YND,蓮の空中國分校,729,0,10786,172850,5,4,5,1,5,5,4,5,34
KL8BMY17Y,りんご飴,BYA3FA0X8,無言ぼっち同好会,881,2,10786,172850,6,4,1,4,7,6,4,2,34
4QWHTZUBC,いんたー,PHLRY3XRP,とりあえずやろう,869,0,10788,172670,5,6,8,6,6,5,6,4,46
F4M62NB4V,ソラ,WJY2HK6A5,蓮の空イベント部,651,0,10789,172580,8,9,9,4,6,5,7,4,52
02NDMLRA6,ティム,L28X4MDJN,アフター観たいぞ,948,5,10790,172490,5,6,7,4,6,5,7,7,47
0BCREKENP,hgcn,BWD9U1EJ2,蓮之空中国同好会,319,0,10791,172400,3,3,9,2,2,1,4,1,25
LNQQXE8VS,ふぉると,VAM2DGNGV,百合,889,0,10792,172310,7,3,5,4,2,4,5,9,39
83GNCDLLF,村人i,3JDDUYURT,無言,1210,1,10792,172310,9,9,10,9,8,8,9,10,72
B3482PBTW,かぼちゃ,LETV4C1KG,無言の行,164,0,10794,172220,4,5,3,3,4,4,3,1,27
H7JGTCUQN,イカロス,EE4BKR0AR,まったりプレイ,812,0,10795,172130,3,2,6,8,4,4,6,2,35
RHJEHEK4E,Kazuya,VN1LXEHLR,綴理、愛,966,0,10796,172040,4,1,1,1,4,4,2,4,21
6FQFAXDI5,うさそく,H837E0M9R,沙知先輩大好き部,770,3,10797,171950,5,7,7,4,1,4,3,4,35
U5JB9LY8Y,あおふね,V830CTTX3,日野下後輩,881,1,10798,171860,1,4,7,4,4,4,6,7,37
DMJ3B9TRP,招き子猫,57UT319NN,蓮ノ空同好会,509,0,10799,171770,1,3,7,1,5,1,6,4,28
TEJL7F2PR,コーヒー,6UGJFTAEN,なんとなく,692,0,10799,171770,1,2,1,3,2,1,1,2,13
A8464A88Y,Ben,F08AHUJJ0,綴理のお世話係,642,2,10801,171680,5,7,10,1,2,9,7,5,46
5BW43JEKT,あいまさ,1618JMRED,リンクラ自習室,814,0,10802,171500,7,6,7,5,7,7,7,5,51
G738F120K,もそか「じ」,51CF1LTGY,ラ研連合,1013,0,10803,171410,4,4,7,5,7,5,6,5,43
WFXPA1U10,とうまゆきひろ,GVNKNN878,Aqours,894,4,10804,171320,7,8,8,6,6,6,6,8,55
BV4RGU6LJ,ゆゆ,D1YHB0B1A,BWO,962,1,10804,171320,6,5,7,5,6,4,6,4,43
CPE1FX42B,グソクムシ,KPF75YTAD,♡,370,0,10806,171230,4,3,1,2,2,2,1,1,16
60MJ8U4W5,テヲドア,80NVTNUN1,bco,515,0,10807,171140,10,5,5,5,4,4,5,5,43
P2B3LU8HK,午詩,AVX749PPB,姫芽ちゃん親衛隊,463,0,10808,171050,2,6,9,3,4,9,4,1,38
YBGG5M34D,テント,60KU468X3,はっすーず,165,0,10809,170870,3,2,1,1,2,1,4,1,15
SPR3ACX6B,りんね,9N4F9P8DU,リンクラ部（仮）,729,0,10810,170780,5,1,1,1,6,4,2,9,29
KBATJXZP0,いぬlv.2,VFEAYTXK6,Lv.2,879,0,10811,170690,5,6,6,6,4,1,8,8,44
73ZGDEDLF,藤丸侑,EEP20F2M8,綴理の綴り,1148,9,10812,170600,5,4,6,4,6,7,7,7,46
4VXUG7MUR,TA,8BAYBXUXC,スリブ大好き♪,301,0,10812,170600,6,3,5,4,3,4,6,4,35
DBWALHLET,ocean,XN2VEA6DN,無言,1022,0,10814,170510,7,8,7,6,6,7,6,7,54
6OB3PXZXA,ジョーニアス,GWGDMA3YC,初心者無言自由だ,641,0,10815,170420,4,6,1,7,5,2,4,1,30
2Y3OF95EV,ぷりん,0JY7F3EKU,さやか愛でる会,587,2,10816,170330,1,3,2,1,2,1,3,3,16
0JMD40NBG,群馬のししゃも,LH2EJP7HF,あふたぬんてぃ,913,0,10816,170330,1,5,6,6,5,4,7,8,42
F5IPUHHZJ,マイオン,HB9AU9DJJ,聖心党,977,0,10818,170240,5,4,5,7,4,4,7,7,43
DI7ORP7SD,タカイン,E8K438RP1,リンクラ初心者部,943,0,10819,170150,4,6,9,4,6,4,7,8,48
PDPH03E96,慶,2DYYAPFVN,蓮っ子村,846,0,10820,170060,7,7,7,4,4,2,9,7,47
58ZGCJ71P,フクロウ,8JMW9G2XW,僕らのリンクラ！,1024,3,10820,170060,5,5,7,5,5,8,9,10,54
5AL3MY20R,LフューチャーT,KXMXL2KRX,超初心者,420,0,10822,169880,4,5,5,2,4,1,6,8,35
YWMVP2W97,詩音シオン,LUDNM40F8,ふくふく無言OK,994,6,10823,169790,4,4,6,4,6,4,7,9,44
38EGK102V,うしたん,KXB93FVTR,ブルームガーデン,533,0,10824,169700,2,1,1,4,2,1,2,4,17
8FZYVDZ06,章きち3世,G6EH0KHT7,なんもわからん,804,0,10825,169610,4,4,5,5,5,4,6,7,40
A8EWAU1M7,海辺の竹,V8XX999F6,卍蓮村幼稚園卍,319,0,10825,169610,10,10,10,8,8,8,9,4,67
M86XFCBG7,ゆうゆう,K69M1X95F,アイリス,558,0,10827,169520,1,2,1,1,2,2,2,1,12
K3KVZUPI6,Crystal,762FM3JV4,一蓮托生,704,0,10827,169520,2,4,3,5,2,1,4,8,29
WL5WLVW8N,がみそ,RM7N1JDB5,無言推奨不干渉会,1069,4,10829,169430,7,6,4,5,4,5,6,5,42
KK6H2MF0T,青い薔薇,57UT319NN,蓮ノ空同好会,133,0,10830,169340,10,8,6,5,5,5,2,7,48
PBH8U15FE,黒霧 龍,W3F0URUJC,梢先輩応援団,566,2,10831,169250,3,5,4,2,4,1,5,1,25
1KVU1WXMJ,まろん,YADX9DY49,ﾊｽﾉｿﾗｰ,252,0,10832,169160,4,4,1,1,2,1,4,1,18
VDPVEJ4AF,Mulbung,639NXLKJ5,Lotusky,844,1,10832,169160,4,6,10,7,4,4,2,4,41
LHE3FH802,ほしくず,J79LGCKKF,蓮ノ空コーラス部,835,2,10834,169070,5,4,10,1,4,10,10,10,54
EWSBRB27O,ゆうぞう,8ARWEB67F,蓮ノ空れぎゃ米部,890,1,10835,168980,7,7,8,8,7,7,6,7,57
K0VAPFF2C,mackey,FLFXP0T22,沼津内浦メンバー,1009,4,10836,168890,4,4,7,5,5,5,8,4,42
JTXOPPF0Q,なぐモン,RAXHF9WVD,ちぇす党,939,0,10837,168800,1,4,6,6,2,4,9,8,40
KDE5JANNY,シェバ,V78LAX1HN,蓮ノ空ボドゲ部,1017,2,10838,168710,5,8,8,4,5,5,6,7,48
GCXJ4RFPJ,たかくら,4RNUXBXGL,みらぱ最推し,292,0,10839,168620,2,2,3,1,2,3,10,2,25
4DKYW3E7E,芽吹,J0N1E3Y09,月火水木金土日,1056,2,10839,168620,4,5,2,7,7,6,8,8,47
ET9AFXDJR,二葉さな,5GPNC2L1X,Vsinger,210,0,10841,168530,4,6,4,6,4,4,1,3,32
R909YAC39,だんでらいおん,0CBM28JP6,ほうき星,1078,6,10842,168440,5,4,8,4,6,5,8,7,47
T95K0XR2T,LUNA,WJY2HK6A5,蓮の空イベント部,486,2,10843,168260,1,3,2,1,6,2,4,1,20
4CH709R4D,みるっひ,9C0KWR782,まったリンクラ,252,0,10844,168170,4,5,5,7,6,5,8,5,45
W110IU4FT,あきと,TJCDFNMCX,無言サークル,687,0,10845,168080,4,4,5,6,6,5,4,8,42
PBCBCK6B2,dorchada,GN9EEL045,きらくに,1003,2,10846,167990,5,6,8,7,7,4,10,10,57
OZ24LHJ5Z,Rui,DULFP3TRN,めぐ党員の部屋,873,2,10847,167900,1,4,8,1,8,4,4,4,34
RDM513RPR,マメ,VLY5JDKCV,新規なのだけれど,450,0,10847,167900,1,1,1,1,1,1,2,1,9
OH09AZFY9,ふじさん,MD802VP2H,専門演習F4,1003,2,10849,167810,4,3,7,5,4,7,7,8,45
M7B5SDHOZ,シロン,MYBMY3EC4,まったり,534,0,10850,167630,1,2,1,2,2,2,3,1,14
T70XNYR6W,柊,6NMAGYFJF,努力未来乙宗梢,742,0,10851,167540,4,4,4,6,5,5,7,6,41
KMAN2UV94,Cr,G202YTPW1,無言倶楽部,1031,0,10852,167360,5,5,6,4,6,6,6,5,43
CTL4YBCYO,アキヤ,0R8BXPRC1,ポチっ！とクラブ,1209,6,10852,167360,4,5,7,5,5,3,10,10,49
5I44E7Z80,りょーと,RAP9FVR3B,あばうといち,856,3,10854,167270,1,1,1,1,2,1,3,1,11
77FEE3KEJ,八岐大蛇,6MWHCNJE8,蓮之空小賣部,270,0,10855,167180,7,10,9,7,6,7,3,4,53
BMESJWWFJ,ラスカル,FJMA5BPPE,蓮ノ空すきすき部,497,0,10856,167090,3,1,1,1,4,1,4,1,16
NE27SWZMQ,キウーた,J7FU6HMXT,とりあ,961,3,10857,167000,6,10,6,9,8,6,6,6,57
2E1TEV7TP,えふぃ〜,9U8KNU6U9,対抗戦用,900,2,10858,166910,4,5,7,1,2,1,7,5,32
SM78LOZDQ,ＳＭＸ,TMPBJWE3V,ラブライ部,994,6,10859,166820,2,5,5,5,7,5,7,8,44
JRW4L5KV4,がま,2HEFYHN82,異次元フェスから,670,0,10859,166820,6,6,5,5,6,5,6,5,44
5BEN21C5B,ダイヤル,YAY2UK2CT,蓮の空研究部,571,0,10861,166730,1,2,2,1,3,4,3,1,17
2DKK0TUVN,夜式,EPWMMAXNY,蓮ちゃん初心者,1065,6,10861,166730,7,7,9,6,6,6,8,9,58
20A5JONMJ,かっつ,N34LHVJKN,のんびり堂,1023,10,10863,166550,5,6,7,4,5,4,8,7,46
MD8LNLLRH,るな,A7WWE0463,蓮ノ空初心者部,199,0,10864,166460,4,4,2,5,10,4,10,1,40
EIX06OTGS,かこ,3A63DYH54,LLすこすこ部,950,2,10865,166370,1,2,7,8,4,4,7,8,41
N0C1WA1TF,にっしー,08DDCV5JN,黒ねこのしっぽ,432,0,10866,166280,1,4,1,1,2,2,4,1,16
BT6QEZRZ8,tachin,K06JT355N,明日ノ空,848,2,10866,166280,4,8,6,5,2,8,7,9,49
TIGCDRQ5R,はるじぃ,HWWRP6K2J,家に猫がいます,792,0,10868,166190,1,1,1,1,1,1,1,1,8
9S6PEIF7L,シュウ,T0FBA8EWA,蓮ノ空まったり部,822,4,10869,166100,8,2,1,2,4,4,1,5,27
7P7M1AT0T,ellll,M0HHDC9CJ,自分用,1065,0,10870,166010,6,6,6,6,6,7,8,8,53
942YW5G6U,たか,36DAM7HBL,蓮隠れノ里,948,5,10871,165920,3,3,8,6,6,5,7,8,46
24XHY3CZS,Yb70,F08AHUJJ0,綴理のお世話係,906,3,10872,165830,7,8,7,4,7,5,7,4,49
OO8VOQP03,たけだい,B2KV0EVPD,蓮ちゅきクラブ,1063,4,10873,165740,4,5,7,4,5,4,7,1,37
IYSWPAQWP,may,9X07VGM42,近江町食べ歩き隊,958,2,10874,165650,1,2,6,6,6,4,7,9,41
DUN1XBNCC,しな,PN4VA24XF,みーかるぱーく！,997,1,10874,165650,4,3,7,10,6,1,6,8,45
7PLLVYUHQ,さわ,31NCX860W,雪デ音無,1086,5,10876,165470,6,7,7,4,7,5,7,5,48
4L81VRH9H,マホピカ,HHMRTM0P7,つづさや党,659,2,10877,165290,3,4,7,1,2,1,2,7,27
J7U2HZVYA,カコウタ,A2N8DBTB9,ハスのそらクラブ,770,2,10878,165200,1,4,6,2,4,4,5,3,29
V017BL4VL,おっさん,RXXUPMWB9,待機室跡地観測所,700,1,10878,165200,6,1,1,1,5,4,4,1,23
3LWOYZYPQ,雪月花,NMFBD39FM,蓮ノ空分室,870,8,10880,165110,2,1,9,5,4,9,4,6,40
3IL84AK0F,なつ,7C8MGNVHJ,ドンと来いだよ！,861,7,10880,165110,1,6,5,1,7,1,4,1,26
INQ8R2S4H,韋駄天侍サビ,AKF1PWWUL,やっぱかほこず♪,421,0,10882,165020,4,4,1,1,6,4,4,1,25
FP6C0FNCA,パルフェ,73VTANA71,隨緣努力^▽^,172,0,10883,164930,5,4,3,1,4,1,5,1,24
BFUD9V8A6,aimi,J0PT5EX42,スクスタモ部,427,0,10884,164840,2,2,2,1,4,1,3,1,16
3OZDDBGCW,コケタニ,NGMU0511T,無言のお茶会,963,4,10885,164750,1,1,9,5,2,1,6,7,32
EAEHXBYHS,はあこ,NCX28D4VB,Lyric,732,2,10886,164570,2,2,1,1,2,4,3,1,16
TK001VF4J,まつ,HKETDDCK6,ぼっちざ蓮!!,661,2,10886,164570,1,6,1,3,4,2,4,1,22
18QTHO3EQ,るみ♪*ﾟ,JE7V5MM31,蓮ノ沼に沈んだ泥,984,2,10888,164480,5,2,4,4,2,9,4,10,40
TWA9A5JCD,gdgd,L9MR6PF86,猫の惑星,752,2,10889,164390,6,5,8,8,4,7,4,9,51
NL0WLYYWP,Curl,GLP0WPDRM,イベント用の泥,737,1,10890,164300,1,8,5,1,6,1,6,8,36
CKP5TA5LL,ドミンゴ,NTDM30NB6,霊使いリンクラ部,1126,1,10891,164120,5,5,7,5,4,4,8,8,46
30CB4TEN8,rina,9YG7C0VM7,綴理と無言で昼寝,721,1,10892,164030,4,2,4,4,3,6,6,1,30
MPRK4GAF8,草履虫,6MWHCNJE8,蓮之空小賣部,247,0,10893,163940,4,1,3,2,3,2,2,1,18
ULL8CKYMP,甘楓,P0DR4WG1V,甘い楓の木,793,2,10894,163850,1,2,1,2,2,1,1,1,11
TJWQE47VQ,JBB,9D722M8KC,蓮ノ空同好会,704,2,10895,163760,5,4,7,4,7,6,8,10,51
IAISIVHFR,EBIOS,6YTAMD33M,リリエンフェル党,1203,2,10896,163670,6,6,9,7,6,5,9,10,58
G4FBU6IPH,ヨリコ,FNMV166UY,蓮ノ空喫茶部,917,0,10897,163580,4,4,7,1,3,2,6,1,28
M79AU5PKC,よしむら,C021HVB2B,第3芸能科,666,2,10898,163490,1,4,10,1,9,2,3,1,31
T3M0SPWGF,さめめ,9WVBK4U41,ENfans,572,0,10899,163400,2,4,5,1,2,1,7,9,31
1JDY8HC96,アクアマリン,71PW1VYLL,蓮ノ空推し愛好会,964,6,10900,163310,4,4,4,5,6,5,1,1,30
5XU0JBZT2,遼音,K8C99H42D,ルリと喜ド！愛楽,836,2,10900,163310,1,1,1,1,4,1,2,1,12
R53OQXG8X,しょうかいほう,NT2KU5174,こずかほ。,1043,2,10902,163220,6,2,5,8,1,7,4,2,35
T2PLYHTC2,まいたけそば,JHTULVV5P,故に瑠璃乃推し,916,6,10903,163130,6,9,8,5,6,6,7,4,51
ARNFGF56Q,タンバリン木村,0R8BXPRC1,ポチっ！とクラブ,1157,9,10904,163040,9,6,10,7,8,6,10,10,66
84K0P1DTD,とうわ,1UBNNHVLG,蓮箱推し（仮）,969,1,10905,162950,2,2,1,1,1,4,4,1,16
NWPRWA88U,円香,PJHWTTWY3,蓮ノ空⊿6,752,1,10906,162860,1,1,4,1,4,1,4,1,17
YAX2WA2M6,陸奥朱雀,F5XJ40VXD,ココロの旅,628,0,10907,162770,1,1,1,1,2,1,1,1,9
WB45XP6CL,ムートン,M67ACEP3M,オーバーブースト,690,2,10908,162590,6,3,5,4,2,1,4,1,26
ETPWUDNNT,唯一神,WLFW6UCX5,無敵級ビリーバー,939,4,10909,162500,1,2,9,1,4,8,10,10,45
22D77EQR8,ADE\ｎ,JUR1D0LRC,YRP,875,0,10910,162410,1,5,5,8,4,4,7,8,42
C6HX1Y3CC,わっとる,AXG81GPMP,蓮ノ空マタギ部,882,2,10910,162410,5,7,7,4,4,4,6,5,42
2IQZCRQ0N,いの,9DKR4Y2CJ,蓮ノ空老人会,925,6,10912,162320,1,2,5,5,2,9,7,5,36
DMR4XJE9G,かまけん,8TNGLVAHN,北の辱め,919,6,10913,162230,7,6,8,8,10,8,1,7,55
33K3BBYFX,kazu,DULFP3TRN,めぐ党員の部屋,953,2,10914,162140,5,4,7,1,9,4,9,10,49
1OMCJE5KB,ウォータ,X77KULPCG,鼓門(仮),815,3,10915,162050,4,6,6,4,2,4,4,5,35
FK1VFXFRR,DD3,TK9E1BB1P,無言で自由,354,0,10916,161960,4,2,2,1,3,4,4,5,25
60IX3CUI6,Todo,X4G2LXJB4,運命の人5万人,778,0,10917,161870,4,4,4,4,4,2,6,4,32
BBMVAR170,木村忠右衛門,60KU468X3,はっすーず,1095,2,10918,161780,5,6,8,4,5,4,8,7,47
CMJGBA0VP,フェルナンド翔平,8YNHW7530,虹ヶ咲、蓮ノ空,774,0,10919,161690,4,2,1,1,3,2,8,2,23
B7FVUGKDN,もちこ,KJU0BU77M,無言交流なし,806,4,10920,161600,7,7,1,1,2,7,8,1,34
FWJJOIE0V,KENMA,W189BP629,みんなのみかん畑,599,0,10920,161600,4,2,2,4,2,3,2,1,20
W9KR4PTCM,翼神,LL1WXGV5L,鉄花団,427,1,10922,161510,2,3,1,4,2,1,4,1,18
0VFF0KYEN,Akihana,0VEMMV8E2,スリブとまったり,996,2,10923,161420,4,6,6,1,6,1,7,7,38
Y4TENKYGR,いわさん,9XNH0HDBN,蓮ノ空∞園芸部,316,0,10924,161330,4,3,2,1,2,2,3,1,18
CMVG237YJ,ゆい,HKKCM3W4M,かほ姉の集い,791,0,10925,161240,6,5,6,8,4,1,6,5,41
TA4GHK7ZG,水元ゆうみ,MXN85G5KF,蓮ノ空漫画研究部,986,0,10926,161150,5,5,5,4,5,6,5,7,42
6UMUXDTHA,しろいぬこ,C88BPLW53,白い犬小屋,451,0,10926,161150,2,4,1,1,4,5,4,4,25
WSHVM3SYW,ジミー頁,E58EXVMJU,ボクがんばる。,913,1,10928,161060,1,4,2,1,4,2,2,1,17
4N9RXALFL,もひ,85D411XNB,蓮っ子の集い,1237,0,10929,160970,5,4,7,4,7,6,7,7,47
DL0TT0CXK,masafumi,3YFMY7JP6,masafumi,271,0,10930,160880,1,1,4,1,2,1,1,1,12
CCH6P1T5C,リック,BYA3FA0X8,無言ぼっち同好会,969,0,10930,160880,5,5,5,5,5,4,8,8,45
AM835EPFG,Midori,M5P5T4TX3,のんびりリンクラ,973,0,10932,160790,3,6,5,9,3,9,5,5,45
82967NE1U,☆ふみと☆,AP9179DXT,サークルSRE,973,0,10933,160700,6,7,7,5,6,7,7,5,50
RV4HR8EMU,ロペス,68MTL2RGE,スクステ沼津支部,811,2,10933,160700,4,4,4,9,7,10,1,5,44
YTXFZZ0AG,ハッスル北村,TR057C1UW,蓮ノ空ぼっち部,745,0,10935,160610,1,1,1,1,8,1,7,8,28
8CA30E1E6,木蓮,EEP20F2M8,綴理の綴り,955,3,10935,160610,4,4,5,6,4,5,7,8,43
3PYRAVHFV,キレネンコ,BHW3RTLYB,カワウソ小屋,801,2,10937,160520,1,1,4,6,5,2,6,4,29
P04BTU3GE,TAKE,9N4F9P8DU,リンクラ部（仮）,1033,2,10938,160430,4,4,7,4,6,5,6,8,44
NN3J03CS4,まひろ,RM7N1JDB5,無言推奨不干渉会,828,5,10939,160340,3,5,10,8,4,3,4,7,44
9FXJ8T8WH,流れ星,7U20138DB,LGP,513,1,10940,160250,1,1,1,1,1,1,2,1,9
FCBC2NL1B,しえみや,N0EXH1CM1,ぱちぱち徒町,553,0,10941,160160,1,1,1,1,2,1,2,1,10
7P9HJYFKA,t-Pon,JLKVK4MY7,マッタリくらぶ,972,0,10941,160160,7,4,7,5,6,5,5,7,46
33ETR02JL,歯間ブラシ,CENJPPK6P,ジブラルタル教団,797,2,10943,160070,5,1,5,1,3,6,7,2,30
V6ZEH7DVT,ひやま,FR5PDRB5Y,株式会社つづさや,1011,8,10944,159980,6,4,8,7,6,7,8,7,53
G9FE4NRFV,れんこん,HDD9DJVTB,Lotusky,166,0,10945,159890,5,10,4,3,4,3,3,4,36
UFXJ6V7KD,まる,5W9UK1KAL,蓮ノ空数学部,882,0,10945,159890,1,4,5,5,6,4,7,8,40
KJE0A233H,gggttt,MUXWTW1GV,蓮の空見守り隊,321,0,10947,159800,1,2,4,1,6,1,4,1,20
OZJDRSYL8,ラルカス,WN3LHKX0L,レンコンおいしい,939,1,10948,159710,4,4,7,4,4,4,7,4,38
AHVOXE9E1,テラオラ,LLDLG20UU,UR取り隊,899,4,10949,159620,1,4,8,5,3,2,4,5,32
JH9AHRK0G,たけのこの山,K25DPPGT9,圧倒的にまったり,1021,4,10950,159530,4,5,8,7,7,7,8,9,55
L1V92L78V,きはる,YVV9CMBLW,東京公演で沼落ち,835,2,10951,159440,7,6,10,7,7,7,5,10,59
77Y22RN5P,デルタ部隊,PNKCBFP4B,おばんです,838,1,10952,159350,1,1,1,5,1,1,6,5,21
EQZYUME0N,クオレ,WPG6BCG83,基本無言,1006,4,10953,159170,4,4,9,4,4,4,2,7,38
4NT02LD4J,マーサ,VF7HHK72K,マーサ,1003,8,10954,159080,6,7,8,7,6,7,8,8,57
UWKY160LG,らしまる,LAKRG5NK9,ログイン勢,1054,8,10955,158990,1,2,1,2,2,1,6,8,23
2ROEULTRQ,へっぽこぴ〜,W2HEPMM2A,無言。ぼっち。,1052,6,10956,158810,7,7,8,5,7,7,6,7,54
PT4GMW7WK,たく,BJU442K20,梢センパイが好き,500,0,10957,158720,5,1,5,4,3,1,4,7,30
KTFHW339M,伏路火,JPKN1TAJ0,無課金プレイヤー,292,0,10958,158630,2,2,6,4,2,9,4,4,33
5N7II7QYE,なおちゃんくん,TXNCTRR1U,瑠璃乃推し隊,1066,3,10959,158540,4,4,10,2,2,3,6,5,36
5XC2TRUMH,でぐたま,NDGW77R2V,こず花帆尊い,449,0,10960,158450,2,10,1,1,3,2,3,1,23
W2FRNJ4FM,ふな,V9FGJWYKJ,ソロ用,513,1,10961,158360,1,1,1,1,7,3,1,1,16
VJAMB0PTH,キャロル,T56X6LP0L,光の海,1173,8,10962,158270,5,1,9,5,9,8,7,8,52
5DVDF9KU3,サンちゃん好き,YFADYJVW4,FPS好きクラブ,892,2,10963,158180,4,7,8,7,4,8,6,4,48
B5ATLH4P3,吉原正人,RBH0YM8P2,蓮ノ空ラーメン部,712,0,10963,158180,4,6,4,2,4,5,3,4,32
Q34MBQRLB,うっみうっみう〜,427WENUC4,心の癒し～蓮ノ空,1142,3,10965,158090,8,6,9,4,9,8,9,7,60
KKENBLUK2,吟子,MXRMXDY28,とし,500,1,10966,158000,6,9,2,10,4,3,1,1,36
7XXI1GT00,エルメル・マータ,8BAYBXUXC,スリブ大好き♪,933,0,10966,158000,7,2,4,4,2,4,6,6,35
SDCHL7K7E,soRa,UFAC8AXJG,朝食はごはん派,885,1,10968,157910,6,7,7,8,7,7,8,10,60
REC88DH2L,はせ,3BE2RELRC,見晴台,818,3,10969,157820,6,3,8,6,8,4,7,7,49
TAUYE32V3,快速急行,E050K9859,蓮党,735,0,10970,157730,5,7,7,7,7,5,6,7,51
9K0E6DLAV,u,H1G4CDT6C,無言自由,1088,6,10971,157640,7,6,7,1,8,8,8,10,55
XPPAMVGVN,黛雅硬度十,EXF8N70D8,蓮之空中国分院,872,5,10972,157550,1,4,9,4,2,5,5,1,31
FD9TC5S7T,陰気な学院生,TXNCTRR1U,瑠璃乃推し隊,1235,14,10973,157460,5,5,8,7,5,6,8,7,51
N68YVV0FP,ロータススカイ,N34LHVJKN,のんびり堂,901,0,10973,157460,4,4,5,1,1,1,6,1,23
JJ7NK33L2,迷矢之澤,DHKUGEWBJ,めぐ党虹ヶ咲支部,880,0,10975,157280,1,1,5,4,6,7,10,8,42
J11HPF5GW,motty,CY5794BMR,ボクの赤と緑,337,0,10976,157190,2,5,7,2,7,2,7,1,33
0UD01DHXU,Kujira,TFGKYEY98,LLP JR,295,0,10977,157010,4,6,8,7,8,4,4,7,48
S89NGTK89,ダアナ,RM7N1JDB5,無言推奨不干渉会,1128,6,10977,157010,5,7,8,7,6,7,7,8,55
73GWZADA2,おはぎ,X0WB1EP9G,つぶあんおはぎ,1030,2,10979,156920,7,7,10,5,7,7,7,8,58
E6UEARDD7,KTH42,CJWR9P8LM,花帆さん愛でる会,601,1,10980,156830,2,3,9,1,5,4,3,1,28
940RT5GG3,天狗隊長,JD1PFYJWE,瑞蓮隊(無言OK,983,4,10981,156740,4,2,7,10,3,1,9,9,45
0II5HDXJ3,P-Enter,GYJ3C6TKR,綴理先輩好き好き,280,1,10982,156650,6,8,7,4,10,4,4,4,47
8J8VY8L35,猫の宮,RYKUNH6CN,建前,796,0,10983,156560,5,6,8,4,6,5,5,4,43
FXL12KMM1,hurray,H6JWBBGCG,蓮天・乙宗一心流,645,0,10984,156470,1,1,1,4,2,1,4,4,18
P1AKDORVB,翔,58FD7UF8J,としとしサークル,1014,5,10985,156380,3,2,4,5,5,4,7,2,32
7DHTBH3EV,みしろ,K25DPPGT9,圧倒的にまったり,1180,14,10986,156290,4,4,2,4,2,10,7,7,40
7VCC5JB8Y,たけのこ,FD24TD6C5,泥人,712,0,10986,156290,4,4,5,5,4,4,5,8,39
DDGR5E8JM,えむけー,N94LEWF2D,無言よわよわの会,841,0,10988,156200,5,2,1,10,2,1,6,4,31
E6MPNHD0L,うに,MF6GL0RVL,ミジンコ倶楽部,146,0,10989,156110,3,5,7,4,5,9,6,7,46
4HKDFT9RY,おつ,8WAXGK70P,CANARiA,766,0,10990,156020,4,3,5,9,2,1,2,4,30
DA7M3AUL5,FW.,W2RUWYA8R,熱血音ゲー部,223,0,10990,156020,1,4,3,5,4,2,9,3,31
T958MXFMP,しゅーや,K25DPPGT9,圧倒的にまったり,1051,6,10992,155930,4,2,7,5,6,9,9,10,52
Y1YAVL10C,リック,FHAVBM2LV,ぼっち,488,0,10993,155840,7,5,6,4,4,4,7,7,44
IW5KQPNJ2,疾風キラー,WAT20PN3Y,こな党,1243,10,10994,155750,9,8,9,7,10,9,9,7,68
4TEPBVM6C,むこ,LLDLG20UU,UR取り隊,741,0,10995,155660,7,7,9,7,5,5,7,7,54
XTR2WEGXJ,ks_z52k,85MVRVAB5,ＣＡＴの会,862,0,10996,155570,8,4,6,4,5,5,5,7,44
TAHW3OVC8,ゆたか,8ARWEB67F,蓮ノ空れぎゃ米部,970,0,10996,155570,1,3,5,4,4,2,7,9,35
XUR0XUV0J,ジェイ,A86FEX2JC,おやさいさん,787,0,10998,155480,7,7,7,5,7,6,6,7,52
U1BCR79HJ,けーたん！,C68491XHB,みらくらぽーく！,451,0,10999,155390,7,5,8,5,7,5,6,7,50
0TL7LFT7E,NIEEL,UHJTHDTR4,KL,708,0,11000,155300,5,6,1,4,8,7,2,2,35
6EC94RMNI,ﾉｼ→◎,TB7GJ57D7,シャイニーフラワ,825,0,11001,155210,7,4,7,4,5,4,7,8,46
TWHJR7E7T,真面目な会社員,PRY4573W6,報酬用,1005,7,11001,155210,5,3,6,4,6,5,5,5,39
01DBWJ5AD,トマトサンド,UCF93JAPM,スワンプマン,810,2,11003,155120,1,1,3,1,2,4,2,1,15
VTLEFYLJ8,はにまる,2VJG66JTH,まったり,1096,1,11004,154940,1,2,6,4,4,4,8,5,34
69AMGCW2Y,まゆ,KA3D805XV,綴理の寝顔守り隊,842,6,11005,154850,2,2,10,4,8,7,7,5,45
2H7W1F964,ヨガヲ,60D1TTYTV,無言自由会,931,6,11006,154760,4,4,4,5,6,4,8,5,40
JXCHR1RT2,カエデ,CWG5LH3VE,蓮好きPの集い,921,2,11007,154670,7,8,7,5,7,10,6,7,57
T52XGEW87,きーふぁー,4KX2KDLAB,越国,690,4,11007,154670,6,10,5,9,4,10,4,4,52
HJ9IBL3SP,きなちょ,HKETDDCK6,ぼっちざ蓮!!,522,0,11009,154580,1,1,2,1,1,1,3,1,11
KP9VHU309,ユウウツ,M4D0VP1XT,蓮ノ空痛車部,658,1,11010,154490,1,1,9,10,4,5,6,5,41
VHT1L9MYY,#kim,VY26V3P0K,AltF4され隊,835,0,11011,154400,4,4,4,4,4,5,6,7,38
R26LX806E,すずのね,57UT319NN,蓮ノ空同好会,568,0,11012,154310,6,4,4,4,2,5,3,1,29
D8HBW2R30,とぅら太郎,LY0XPW7NL,元カノ概念強火派,626,0,11013,154220,4,1,2,1,4,1,3,1,17
PBBGA5KY9,ちゃんりお,3194B9E93,初心者寄り合い所,752,2,11014,154130,4,2,4,4,4,4,6,7,35
M96B7XLW8,ハワタニ,HDD9DJVTB,Lotusky,599,0,11015,154040,1,5,5,3,6,2,8,9,39
J4T21T08R,鴎,X7YM9EG8K,伝統の石川地酒,768,0,11016,153950,4,5,7,7,4,4,7,7,45
52GHTAMUH,ヘンナヒト,XXVVJY6FE,はぴぱれ,406,0,11017,153860,5,5,7,8,6,4,7,9,51
NTDWETGJS,豆ナッツ,UH9MFGU8M,???,914,0,11018,153770,4,4,5,1,4,4,4,4,30
NFFXLC190,期待の学院生,BTVC9G95X,FES用,312,0,11019,153680,2,3,5,2,2,1,4,1,20
W52OJVUZ9,真,V33FGRFC4,1限目に遅刻ラブ,956,2,11020,153590,1,4,5,5,6,5,7,8,41
R4PKE9X1P,白い彼岸花,VA6X5YNNF,スリーズ分家,265,0,11020,153590,8,8,5,5,2,3,4,1,36
NB1JCEUBI,りょうすけ,BE349FEW8,いい声の蓮ノ空会,1004,4,11022,153500,8,4,7,4,4,6,10,8,51
KRJHHU19H,Tezzia,2J5W1LGR6,私の自由ダァー！,169,0,11023,153410,1,2,1,1,2,1,3,1,12
ATLXH072H,ももふく,V3FAH8CM4,初心者の会,332,0,11023,153410,2,3,4,4,4,4,4,4,29
YSIGA0SHU,しみっち,0CEA9XFKR,蓮ノ空の泥人会,780,0,11025,153320,7,2,5,6,2,5,6,7,40
6WCEHTLJ5,田中（輝）,3YPGAUM04,ゆのくに天門,751,5,11026,153230,3,1,8,1,7,5,2,7,34
J7TK55QYF,スクフェス民,2BB5YVRFL,蓮好き好きクラブ,956,0,11027,153140,7,4,7,4,7,1,9,10,49
V0XUZM717,ケンケン321,ULUELCJ7T,なるようになる？,1009,3,11028,153050,4,5,7,5,4,4,7,5,41
GJLCGRH39,ミルフィ,WN3LHKX0L,レンコンおいしい,886,0,11028,153050,4,4,6,4,4,4,7,4,37
WT03JBC31,輝秋光,WKG02VMU6,先輩で遊ぶ2年生,485,0,11030,152960,2,4,5,7,4,4,6,4,36
NU2AT8R2H,キュアライオンズ,8BAYBXUXC,スリブ大好き♪,957,0,11031,152870,4,7,5,5,6,5,7,7,46
WWKA4AE2E,中野かずさ,A7WWE0463,蓮ノ空初心者部,354,0,11032,152780,3,4,3,8,4,7,10,8,47
1P2G0E8RY,小田部,4B2FERVVT,牛頭ﾉ空馬頭学院,101,0,11033,152690,8,7,10,5,4,4,2,1,41
OJ60E1AKL,かな,A9MA307FX,楽しいが一番,1005,2,11034,152510,4,5,8,5,6,5,7,7,47
A4ADUARXR,桜木君だお,P09JJKN9R,蓮ノ平日,863,4,11034,152510,1,2,2,1,1,2,3,1,13
970Y6D1WL,こなちゃん,578YG6EAT,桜桃花束愛聴会,731,0,11036,152420,2,4,4,1,2,2,5,4,24
J90UMTMTU,いねいね,321FF56TK,リンクラ芸楽部,703,2,11037,152330,4,2,3,4,2,1,4,1,21
AWY4HTNBB,すぎ,AW470U964,ボッチ会,820,0,11038,152240,4,6,8,7,6,5,6,7,49
2QG95EPVN,ラテオ,WPG6BCG83,基本無言,410,0,11039,152150,1,6,2,2,4,1,3,1,20
F1HLDL8Y2,OLEO,Y6KN85L5P,孤独の村人,827,0,11039,152150,2,4,2,1,2,1,2,1,15
60E12G8AM,はるすけ,E0JM59N1E,花咲梢,205,0,11041,151970,10,8,9,6,6,5,7,7,58
XERF69YN1,k-2,1AEUWRYE7,蓮ノ空ぼっち部,506,0,11042,151880,2,1,3,4,2,1,4,5,22
16MUX2PWJ,もぶおぢ,L3NN1RWMY,アポロベイ海賊団,857,1,11042,151880,6,10,9,4,10,4,6,5,54
OD45ESXDA,LINE,ATB27G5P2,おこめ茶寮,961,8,11044,151790,7,9,10,7,4,6,7,8,58
NN9R9R8WV,ぽんぽこたこぬ,ETA39VRY0,△○仮,611,2,11045,151700,4,5,4,1,6,1,4,1,26
1QRPKYJAR,ゆうは,YD2XWWFA4,蓮好き好きクラブ,632,0,11046,151610,1,1,1,1,2,1,2,1,10
AGFHJUV9V,がる,Y5J5Y90CD,まるまるサークル,923,2,11047,151250,1,2,5,1,1,5,8,5,28
8F8D4KLXH,もももち,E1HVJ71JR,ご自由にどうぞ,732,0,11048,151160,7,6,8,7,5,5,6,4,48
H8WXFH9B9,るーふぁ,B216PY7KK,ゆるゆるり,770,4,11049,151070,6,6,5,5,2,5,4,4,37
FT5P6XTR8,koto,XYRA2MND0,蓮ノ空ゆっくり,144,0,11050,150980,6,10,7,1,8,2,4,4,42
9R5YRPMX1,Caffê,E7UBFLW56,同好会の同好会,892,13,11050,150980,4,7,5,1,2,10,6,10,45
NBD2RC9N8,夢斗生涯めぐ党,KXMXL2KRX,超初心者,755,0,11052,150890,1,1,2,1,2,1,3,1,12
WTAVG8JVH,かさごくん,C68491XHB,みらくらぽーく！,781,3,11053,150800,1,1,4,1,2,2,3,1,15
L2YY7GVNU,蟹ワッフル,A8BJ5V3ET,はすのそら,705,0,11054,150710,4,4,4,5,4,4,6,7,38
HDYDNETE0,モルス359,580WTT2T8,乙宗梢推し隊,516,0,11055,150620,4,2,3,2,3,1,1,1,17
SHVBBTTPE,にせ,UHF5Y8PEF,さやちゃん倶楽部,1212,17,11056,150530,6,5,6,5,6,5,7,10,50
SYMHEQQTH,むらた,KA1249N3H,沼津倶楽部,939,2,11057,150440,5,7,8,7,6,7,7,8,55
2AE2FB765,560660,U1X8XUL9G,イベント用？,1096,7,11058,150260,10,10,10,7,6,1,10,10,64
4XGGW7GDT,たい焼き,V7768X8AC,せーので！,1182,12,11059,150170,5,5,8,5,7,7,8,9,54
0K7PDK320,紅葉カナタ,9RYR14H9L,ソロマターリ,790,0,11060,150080,2,1,1,1,2,1,2,1,11
BXW228NHJ,リンクラちゃん,6CE6UCTJE,ソロ,571,0,11061,149990,5,5,4,1,4,1,5,5,30
80HAG7MEK,ユート,UX96YX4T1,『位置について』,498,3,11062,149900,1,2,4,1,2,2,4,1,17
IUYXH0LU6,rey,1XX6FWJRB,オートスキップ団,1202,7,11063,149810,1,4,6,1,7,4,8,9,40
1LWEEFUTJ,ck16,N34LHVJKN,のんびり堂,659,2,11064,149720,4,2,6,1,5,4,3,5,30
GSPYPR01J,ダイン,LNP25PRBF,アイラ•ムー,964,2,11065,149630,5,5,7,1,5,7,7,7,44
3RYG0DB99,udeo,2CRT48K9F,百万アンペア,425,0,11066,149540,1,1,1,1,2,1,2,1,10
PJL4SU0KF,ひよこニキ,M1RUXX1ET,ひよこニキ,929,1,11067,149450,9,4,7,4,7,6,6,9,52
LDUO0VZCJ,ふぃむ,M6UPWJ6DU,蓮結ぶ虹と星の音,1152,4,11068,149360,8,8,9,10,8,8,7,7,65
O9K07AIZI,ぱなよ,9UKKACGDU,蓮っ子CLUB,982,6,11069,149270,7,6,7,4,6,6,6,7,49
Z1JS6J1PR,瑠璃色Eye,0CBM28JP6,ほうき星,933,0,11070,149180,5,4,5,5,6,6,6,7,44
WD7MH1LCE,星辰,V3FAH8CM4,初心者の会,735,0,11071,149090,4,5,7,4,5,4,6,1,36
L9BXVJP0P,うるし,GVNKNN878,Aqours,799,1,11072,148910,2,3,1,1,5,3,3,1,19
G8JHUY399,Kishiro,919XF8V2V,蓮之空大三腳,281,1,11073,148730,4,3,1,1,2,2,2,1,16
271MKYGM7,まひるま,9DKR4Y2CJ,蓮ノ空老人会,1213,7,11074,148640,7,6,9,6,7,6,6,8,55
0ZKSYGD93,うー太郎,XN2VEA6DN,無言,948,0,11074,148640,5,5,5,4,4,5,6,5,39
BUT5EQ43T,あに丸,WE9N74D6D,あにまるサークル,982,0,11076,148550,8,7,8,7,7,7,6,7,57
LW9TEE7T2,名前変えたよー,6CMLETCV1,テスト,791,0,11077,148460,4,5,7,1,2,2,5,1,27
V3Y4HTG36,素うどんさん,A86FEX2JC,おやさいさん,641,0,11078,148370,6,6,8,6,5,5,6,7,49
4FAPX7HE0,直心,UGPD1HHDU,村野さやかFC,553,1,11079,148190,1,2,1,1,2,1,2,2,12
121BRJFA6,ヨシ,CJWR9P8LM,花帆さん愛でる会,630,2,11080,148010,8,7,6,4,6,7,3,7,48
3JLP1DCKC,めぐり,TXNCTRR1U,瑠璃乃推し隊,917,0,11081,147920,4,5,5,4,2,5,8,9,42
LW110WWY2,AI,CP5JE6KFV,コイコイクラブ,800,0,11082,147830,5,5,7,4,6,4,6,4,41
087NMYNNU,Atrip,Y7KJ3PM8P,蓮すきすき同好会,502,1,11082,147830,5,4,5,5,8,6,4,5,42
M1XYM2UGL,弊,FTM3JB79M,初,892,0,11084,147650,4,3,5,4,2,4,5,6,33
K1TW98366,ぴた,424NLTEE8,無言な異次元部屋,973,0,11085,147560,5,4,7,5,5,4,8,4,42
F6U1VFFBX,たいへー,EECF9C0N3,蓮ノ空　茨城分校,816,2,11086,147470,1,1,1,1,1,1,2,1,9
MIL943E6B,GARP,P71N9294U,サークル(仮),773,1,11086,147470,1,1,1,4,6,1,1,8,23
M6LB50ARH,イワナ,3A63DYH54,LLすこすこ部,934,2,11088,147380,4,4,5,4,4,4,6,4,35
0VQKCO7RJ,すあま,0MHM887UA,円都流氓,980,3,11089,147290,1,4,9,5,5,4,10,1,39
UF3YV21BP,確定,LD34NCH5R,NERV,1011,5,11090,147110,1,5,7,5,5,8,8,9,48
97MMUVGXG,eth11,JKAYY0KXL,自由！開心！,745,0,11091,147020,5,4,8,1,2,5,8,9,42
RPYCMWL60,宮小路　光,9D722M8KC,蓮ノ空同好会,987,5,11092,146930,5,5,5,6,6,5,7,4,43
K7VE1XVL4,エクバード,AR9HR528A,いろいろ実況,813,3,11092,146930,3,6,1,1,2,10,6,9,38
3R342XPBF,あいの,05KN1RR3U,さやかほ花卉園,698,2,11094,146840,4,8,5,7,4,3,7,5,43
L9MK5V26V,ほた,GN9EEL045,きらくに,592,2,11094,146840,1,3,1,1,7,1,2,1,17
RIHLF5H5P,そし,VN1LXEHLR,綴理、愛,483,0,11096,146750,1,1,4,4,2,1,4,4,21
4J088B5IB,はんばーぐ,TK9E1BB1P,無言で自由,926,4,11097,146480,4,6,5,6,3,2,2,5,33
AY2GRN0T7,なき,ULUELCJ7T,なるようになる？,946,8,11098,146390,10,10,10,2,4,4,7,1,48
R446Y28HN,琥珀色の羽,EMAN1DMK8,いつものメンバー,611,1,11098,146390,1,1,1,1,1,1,3,1,10
MNGWJQBPG,七代,BUMKNLWVG,ミルク王国内灘,639,0,11098,146390,1,1,4,4,2,1,1,4,18
T128AC9XH,グレイ,YHWN0NJ03,ドカ食い気絶部,426,0,11101,146300,5,3,4,1,3,1,3,1,21
V730FJ9VY,シュウジ,G6EH0KHT7,なんもわからん,664,2,11102,146210,1,1,1,1,2,1,2,1,10
VZ6HMPMD4,ひかぜ,279NUYU7C,れんこん,1023,0,11103,146030,7,7,7,5,7,7,7,8,55
V6W1WDJB5,凛,LLDLG20UU,UR取り隊,464,0,11104,145940,3,2,2,1,2,1,4,1,16
367NN695K,ヒイラギ,V8XX999F6,卍蓮村幼稚園卍,190,0,11105,145850,2,4,2,3,2,1,2,1,17
YVH4PMERF,Tezo,KC1W74B9B,蓮六園,744,0,11105,145850,5,4,7,4,4,5,7,4,40
MAB66MLL3,しんのすけ,BT3GEWM5L,ささやか村の集い,1015,1,11107,145760,4,6,7,4,6,4,6,5,42
1JJVU45F8,らろ,TBL5BPL2T,蓮ノ空と明日の空,600,0,11108,145670,4,6,6,4,4,5,7,8,44
50O4H8W9S,Delia,YABXAFRG0,ハナタバウリバ,984,5,11109,145580,6,7,8,7,7,7,7,8,57
KM26FGAA1,ハル,U57VPUTEE,ゆったりクラブ,280,0,11110,145490,2,2,1,2,1,1,6,1,16
0PKXCVQXJ,海刀零治,0V5CUDFB2,Fontaine,172,0,11111,145400,2,1,2,1,2,2,3,1,14
2ZKDXMAGX,龍龍,YL2ELYC4U,さや…好きだよ…,794,2,11111,145400,2,10,5,5,7,9,8,1,47
EUUTX4KXV,nameless,BT22M41DV,梢花帆吟子同好会,698,0,11113,145310,2,6,8,8,4,4,10,7,49
VWL2PNIEV,八月,V6DV6KETG,梢好き好きクラブ,1109,2,11113,145310,7,6,7,4,6,5,5,7,47
0B8Q8KNO6,難升米,YUJWPU7Y8,引田町民詰所,987,3,11115,145220,1,6,1,4,2,7,5,7,33
UDJT83P6E,ゆう,A7WWE0463,蓮ノ空初心者部,1009,2,11116,145040,1,5,8,7,6,6,7,8,48
CR3LMVT1M,ユウ,8AT7V1C7L,初心者です,168,0,11117,144950,2,5,1,1,2,2,4,1,18
ABIFSPKUM,Camper,TCTEAMP9C,虹ちゃん最高！,936,4,11118,144860,7,5,7,7,7,7,4,5,49
8FNJXMV4L,ごめす,6FWRD1K40,いちじょ海賊団,1161,1,11119,144770,8,6,8,8,7,7,7,8,59
VVDCT8UJP,小泉璃埜しぃネ,AJRNP2E93,北陸製菓ビーバー,820,2,11119,144770,9,8,8,2,4,4,9,9,53
5GHDUW0XJ,ちゃたまとら,XA0XD41CM,ぼっちぼっち,269,0,11121,144680,5,4,5,4,5,4,6,4,37
DQ2KGAKKF,夜空 ましろ,BXJ6WV4TB,中国club,1042,7,11121,144680,7,7,8,7,6,5,5,4,49
DGR3XK5AD,渡辺火「」,LX25CP0TG,深夜の芋煮処,767,0,11123,144590,4,6,7,5,6,4,8,5,45
CNZEDC8BA,ながない,CW0FRHFXB,いながな,990,6,11124,144500,5,4,4,7,4,5,4,9,42
HJL0WBHKB,サチ,9UKKACGDU,蓮っ子CLUB,1046,6,11125,144410,7,6,8,7,7,5,6,7,53
0NRP458KM,空のデッキケース,T3XUTYGC3,隔離病棟,736,0,11126,144230,4,4,6,4,4,5,7,7,41
87C78FEAC,ダイトウ,G26L2CBRC,悠々自適,342,0,11126,144230,8,8,8,5,7,7,7,7,57
09XPD9YP9,さんぞう,KHE3R0EE7,チーム本屋,622,0,11128,144140,1,1,1,1,2,2,2,1,11
4AF81PKCN,けいぴー,XYRA2MND0,蓮ノ空ゆっくり,466,3,11129,144050,10,10,10,7,7,7,6,5,62
TN5LOW0HY,おくたびあ,3BE2RELRC,見晴台,964,6,11130,143960,4,1,5,5,4,1,2,5,27
K7KJMY58F,晋さん,PR2BGEK5K,ありがとう大三角,1026,4,11130,143960,4,6,4,4,4,1,9,4,36
99EFFAS5P,はなこ,U86R60336,DiCE/Key,340,0,11132,143870,3,5,9,1,3,1,1,1,24
RX91CEW1C,あまみ,MWHJ339TF,葉山エターナル,765,0,11133,143690,4,4,8,4,4,5,8,9,46
KXYJ2Y3XF,瑞瑞,EYEPHE14G,花上梢頭,341,0,11133,143690,3,6,3,4,1,2,4,1,24
V1M9L94F7,はの,6WUADDR4U,からあげ,353,0,11133,143690,2,1,4,1,2,5,3,1,19
SR2DK4X6Y,マーステル,6HV2RH6TU,イベント用、無言,1042,1,11136,143600,7,7,7,5,7,7,6,7,53
R3MX46L8X,湖底人,A7WWE0463,蓮ノ空初心者部,686,0,11137,143510,5,6,7,6,5,5,3,7,44
ZK8FYSTJC,カプチーノ,HDD9DJVTB,Lotusky,249,0,11138,143420,6,1,3,4,2,1,3,4,24
AP5M5DF2B,ルート,YVFP54NA2,無言OK！,1007,8,11139,143240,6,4,8,7,7,5,7,8,52
LYG2DGRVH,とまと,UGTAVG90J,にょ,176,0,11139,143240,4,8,4,3,2,4,1,1,27
0L7MDNMI6,tornado5,JRAC1HYUD,SPHS-MMT,1034,2,11141,143150,4,6,7,5,7,4,7,8,48
ATHMKT30M,かのあやほの,HXVYGL96H,初々しい対抗戦,736,1,11142,143060,1,2,5,6,7,1,10,10,42
CKYW02YEF,Oberdose,866DU609J,ラ！スレ@may,519,1,11142,143060,1,4,4,4,1,3,1,4,22
184TCH8BJ,柚月,WN3LHKX0L,レンコンおいしい,1290,0,11144,142970,5,2,1,4,6,9,2,1,30
EMEAE0LWB,S,31A7JKC69,蓮好きの巣窟,951,0,11145,142880,4,5,7,4,4,7,6,7,44
R45TK7B3P,ゆず,E1HVJ71JR,ご自由にどうぞ,251,0,11146,142790,3,6,3,1,1,1,4,1,20
ARM1YCT01,タコ焼き,GYJ3C6TKR,綴理先輩好き好き,939,0,11147,142700,5,7,5,5,4,7,6,7,46
A07M9JVJV,700系,6YTAMD33M,リリエンフェル党,471,0,11148,142610,7,7,8,4,4,4,6,4,44
HCD8701LT,へのじ,PG2NURUKJ,へのじサークル,929,2,11149,142520,7,6,5,7,6,7,6,9,53
U68277NF9,ゆいな,X87KNX4N3,蓮ノ流星群,613,0,11149,142520,6,5,5,2,4,5,8,9,44
DGG69UURV,えんじゅ,FTUJJ5KM9,無言◎私生活優先,453,0,11151,142430,2,3,1,2,3,2,3,1,17
H5CUXJD1Y,くつひも,U1X8XUL9G,イベント用？,1132,3,11152,142340,7,7,9,5,7,5,9,8,57
FXR75TV9H,ベーチカ,ELTW62751,安全バーは君の腕,257,0,11153,142250,1,5,1,1,4,2,3,1,18
0PZC6VTV1,クロエ,ATE4GEUHP,リンクラ遊部,1149,6,11154,142160,4,4,7,5,4,8,5,7,44
BUUFTT7D5,ちーすけ,3N7FL0U6U,destiny,208,0,11155,142070,1,2,3,1,2,3,3,1,16
N6GV7MNPV,あらまんたん②,A3X92L6YU,お試し用サークル,393,0,11156,141980,1,1,1,1,2,1,2,1,10
MRYLPG4KY,あみこ,K5TN1RT6D,キンカンナマナマ,774,2,11156,141980,1,1,2,1,2,1,2,1,11
ZIXTBBXK2,テラス,ACN9XERAU,スリブファン,1060,3,11156,141980,4,4,5,5,6,4,7,5,40
YOCBRKKY0,真司,9XNH0HDBN,蓮ノ空∞園芸部,573,0,11159,141890,3,3,3,1,2,1,2,1,16
J50ANKF04,プロデューサー,A7WWE0463,蓮ノ空初心者部,498,0,11160,141800,1,3,1,1,2,2,4,1,15
1DRW12FXA,miRacle,WBXF9XXW7,さやつづ愛でる会,142,0,11161,141710,5,4,7,1,6,3,4,1,31
J3VEGIIRF,おーしまほ,VB9VUYC97,JIMOAI,1106,4,11162,141620,7,6,8,7,6,6,8,7,55
3RPFFJALL,うい様のバトラ,NV5H2H15B,アフター参加し隊,377,0,11163,141530,2,1,4,1,2,1,3,1,15
W980LKRBL,幻瑀,1MG1U6YBR,アハ,295,0,11163,141530,1,2,1,1,2,2,1,1,11
D5X84P7AT,わらび,0CBM28JP6,ほうき星,330,0,11165,141440,2,4,1,1,2,2,4,1,17
XZCIEKKZG,あなた,KHAKJKC0A,のんびりまったり,966,1,11165,141440,1,3,9,4,6,4,9,8,44
N7MHHN7GB,いも,GBEJMUFWT,めぐちゃんズ(仮,741,3,11167,141260,1,2,10,1,3,1,8,1,27
2NZMH6L14,IN,TR057C1UW,蓮ノ空ぼっち部,778,1,11168,141170,5,1,4,8,6,1,5,4,34
UF32T1GVB,赤月静夜,LUDNM40F8,ふくふく無言OK,1035,3,11169,141080,5,10,6,10,3,4,6,5,49
5KOHTFWUT,ＢＢＳ,BEAJP9KLV,B-LAGOON,257,0,11170,140990,1,2,4,1,2,3,1,1,15
JWW4XBV8D,ムロ氏,MG3X118W7,大室家,922,5,11171,140900,4,6,10,5,6,6,6,7,50
LR4R2NSRT,癒し系な学院生,38KAJGDGU,異次元シャニP,985,4,11171,140900,1,2,7,2,2,3,8,7,32
8CA76C3HB,ないぜるP,CWPWP1266,さすさや,432,0,11173,140810,4,4,5,5,2,4,7,7,38
TWJ7M8K6Y,けー,9P9EPKFHE,無言参加OK,164,0,11173,140810,4,4,2,1,2,1,4,4,22
V0ADD6M0H,Dan331,WVCV14LYU,初奈大人的狗窩,495,0,11175,140720,1,1,1,1,1,1,1,1,8
FONLTLHSB,ぴょそ,BT3GEWM5L,ささやか村の集い,1046,10,11176,140540,8,3,7,8,10,5,6,8,55
KB4PK4WEK,かほぎん,UHF5Y8PEF,さやちゃん倶楽部,939,0,11177,140360,4,4,5,5,6,5,8,7,44
EY1KU03WK,てwま,H0DV3JJGA,かほさやてぇてぇ,762,0,11177,140360,7,7,7,4,6,4,5,3,43
8GDNW22J7,ちゅんちゅん丸○,14UC9ML0N,ゆるり,776,1,11179,140270,4,4,5,4,2,2,5,4,30
BM5D43799,テノール,NX9KJK529,虹ヶ咲学園,638,0,11180,140180,4,8,4,4,2,1,5,4,32
YOHSBAKGK,まめお,HWMV33W7Y,フラワー泥民館,951,4,11181,140090,2,6,5,1,6,6,8,8,42
C7UTEVO0A,RENA,W2HEPMM2A,無言。ぼっち。,867,0,11182,140000,1,2,1,1,1,1,2,1,10
HBHLRFVEO,ときめき分類学者,PATJY5FLH,―鏡花水月―,1005,3,11183,139910,2,2,1,1,1,1,1,1,10
HN62FBBM6,待ち人こず,GCFA4WL28,乙宗梢を愛で隊,256,0,11184,139820,1,1,1,1,4,2,4,1,15
CH0S75ULZ,うみぱか,TCGHNV5LY,ロト6,759,2,11184,139820,1,1,1,1,3,1,1,1,10
JHBBZR61I,さやまやか,APD9U5CFA,立ノ空スクステ部,640,1,11184,139820,1,2,4,1,2,2,7,1,20
5XWW3UV5U,hobgobli,5WUDLMWEP,蓮ノ空は明日ノ空,875,2,11187,139730,1,1,7,10,7,1,5,5,37
A2P7ABC4Y,アサティス,XLBU65J86,花の壁飾りクラブ,934,2,11188,139640,4,4,6,6,4,6,8,8,46
5MF62LTT7,豆腐,5YXVKDEKV,サークル(仮),401,0,11189,139550,3,2,1,1,2,4,4,1,18
HG48BVEE1,梅の炭酸水,LWN3AC15T,おひるねこ,444,0,11190,139460,1,3,1,1,3,2,1,1,13
WA17C5DAA,つーかさー,FHN78V2DJ,無言でどうぞ,743,0,11191,139370,2,6,6,2,2,4,4,1,27
Y7R2GQMUL,ドフラミンゴ,N94LEWF2D,無言よわよわの会,972,1,11192,139280,1,4,4,1,2,1,6,5,24
ASACG07UP,しゅん,CHRR1ARHR,さやを応援し隊,1046,3,11192,139280,5,6,4,8,7,8,5,7,50
WPBYCPLCT,初心者のミカ,3194B9E93,初心者寄り合い所,475,1,11194,139190,10,8,4,4,4,1,6,1,38
9N4GL5YJD,nabeyan,F0DFY9N9C,ロンド・ベル,799,0,11195,139100,8,7,6,4,6,7,6,7,51
VYA72PT9J,tk,PHLRY3XRP,とりあえずやろう,604,0,11196,139010,6,4,6,6,5,4,6,6,43
LXL5BQJHP,T,7AATUNUPE,無言サークル,842,2,11197,138830,1,1,5,1,6,4,4,8,30
WEXGRHUVQ,すの〜び〜ち,8UJNTV5BX,のんびりと部,1118,6,11198,138740,4,7,7,7,4,4,8,7,48
WNRXC6RAU,やまびこ,XE8513HNP,喫茶カワウ空✨,332,0,11199,138560,3,1,1,2,4,1,4,2,18
V4R4R8KHW,よっしー,8YNHW7530,虹ヶ咲、蓮ノ空,872,2,11199,138560,4,7,10,5,9,4,8,9,56
Y2Y3DWH3R,こじま,R1RM3X0WV,後方腕組みオタク,715,0,11201,138470,4,4,5,1,1,1,2,1,19
W8AAFKAV6,アナーDレイ,YVV9CMBLW,東京公演で沼落ち,703,0,11202,138380,1,2,2,4,2,1,7,5,24
ADFV2R9K2,などかず,06DCWC1RE,とりあえず参戦用,727,1,11203,138290,1,2,1,1,4,2,4,1,16
NYZQF8FX2,ONASU,T56X6LP0L,光の海,1080,5,11204,138110,5,7,7,6,7,5,4,7,48
U4REACV4D,AI,CP5JE6KFV,コイコイクラブ,821,0,11205,138020,5,5,6,4,6,4,6,5,41
C4T6PFJB8,さひろ,73CBYJYB0,"oNM,",1058,10,11206,137930,1,1,8,4,8,8,10,10,50
DBPBKJXFC,ゆあ,2JVBK752G,卍愛蓮説卍,982,13,11207,137750,4,5,8,2,7,5,9,9,49
TY1GUKPK5,しゅぶんてつ,MDYMHPW8C,蓮の空の攻撃,525,0,11208,137660,4,1,4,5,2,1,5,4,26
M1YPR8ARR,ミッチョン,82HYF9GJ8,函館聖泉金沢支部,609,0,11209,137570,4,4,6,1,4,4,7,7,37
A2MMHXU65,ゲンダイ,R7VEXFUBP,蓮ノ空応援クラブ,600,0,11210,137480,1,1,2,1,2,1,7,7,22
5ORM0EQA8,ウォッカ,WBW66DMUB,るりめぐ研究所,1063,1,11211,137300,6,5,6,5,6,7,4,8,47
3HK7YQAIO,けい,BELCUYCMH,蓮hkg香港分部,416,2,11212,137120,4,1,1,1,2,1,4,1,15
B5TUUBW1M,レッド,XR2P2LDY3,蓮ノ空さいきょー,556,0,11212,137120,2,1,2,1,2,3,4,1,16
K8Y1Y8KH7,ユー,6XT6Y837L,超新星めぐ党民,348,0,11214,137030,1,2,3,2,3,1,1,1,14
03WT0G6T6,のっぺり,TM19BMU7C,ソロプレイヤーズ,134,0,11215,136940,6,6,3,4,3,4,5,7,38
DDK5R07EK,おすし,43HRXMXWA,無言OKクラブ,501,2,11216,136850,1,1,1,1,2,1,4,4,15
6OAIL7N17,モップ,A84BK7PL4,ゆるっとホリディ,1138,3,11217,136760,1,2,4,5,5,5,5,7,34
CFMGU1YCP,yukiにゃん,ELTW62751,安全バーは君の腕,782,2,11218,136670,10,7,8,6,6,5,6,5,53
V8K60EBC1,mochi,3JDDUYURT,無言,763,2,11219,136580,4,1,1,9,2,1,3,1,22
1135XR36D,xicro,KANLFTMVJ,蓮ノ空中文同好會,822,5,11220,136490,2,1,7,1,2,8,3,1,25
JPRF1CUP1,ユキ,8YNHW7530,虹ヶ咲、蓮ノ空,528,1,11220,136490,4,8,4,4,2,4,4,3,33
GWAZYLH77,さなな,57HNJ07NK,みらぱ推活最前列,646,0,11222,136400,4,4,4,3,4,10,7,5,41
TJP32EF90,ヴァル,61UTNTRU1,初心者さん,279,0,11223,136310,3,5,5,1,2,5,5,1,27
OWZRL8RVJ,春樹,UG4RWGR7J,春樹ングダム,969,7,11224,136220,1,2,1,1,2,1,1,1,10
18M11E4RW,yyidk,XPX36F6JX,無言初心者お試し,796,0,11224,136220,1,1,5,1,1,1,6,5,21
VGGJ8YIAG,Kinoto,BWD9U1EJ2,蓮之空中国同好会,866,0,11226,136130,4,1,5,4,6,7,7,7,41
W0ZUM69TJ,蝴蝶迷茫,U57VPUTEE,ゆったりクラブ,697,3,11227,136040,2,2,1,2,2,1,2,1,13
2UU41UBB1,Adlem,R9NGK6L48,のんびりサークル,735,0,11228,135950,9,1,6,1,2,7,7,10,43
HQ4I9QQRU,くまねこ,RBH0YM8P2,蓮ノ空ラーメン部,365,0,11228,135950,3,4,1,1,3,1,1,1,15
NKJW56Z1T,たこす,95TAREFPT,ご自由にどうぞ,1078,0,11228,135950,4,4,7,5,4,5,7,7,43
XYH0VMW50,りり,9X07VGM42,近江町食べ歩き隊,1006,0,11231,135860,5,7,7,4,4,4,6,5,42
E4ORMHZRD,ムック船長,5KK3DFY18,MUGEN∞,1109,7,11232,135770,5,4,5,6,6,5,8,8,47
FP9AAUM4N,2G村の村長,C003CD1RW,☆蓮ノ空クラブ☆,428,0,11233,135590,2,2,1,4,7,4,9,1,30
RQQM6ILLI,うら,30W3RA65G,蓮ノ空自由クラブ,450,0,11234,135500,1,3,1,1,2,1,9,1,19
TGJIYSF37,トリス,XXMU9WLKB,梢の機械さん,1004,0,11235,135410,5,4,7,4,6,6,8,8,48
1KINTWM9G,やまぶき,5L9GNT78V,叶え！私達の◯◯,594,1,11235,135410,3,2,1,9,2,1,4,1,23
DL2KW15TN,ゆめ,ULUELCJ7T,なるようになる？,135,0,11237,135320,7,10,7,6,7,7,6,4,54
SPXF3D0MC,Merjoex,88DJ300PJ,めぐ党 • 永遠,842,1,11238,135230,9,1,9,1,3,4,9,5,41
FTNOTGQ9X,ガシユン,GPKTRBCTT,騎空団蓮ノ空支部,931,0,11239,135140,4,4,5,5,6,2,6,7,39
M0428U78W,とー,DFWX0K8J9,さくらから蓮,987,0,11240,134960,6,6,7,5,7,5,7,5,48
KVB1LKU8V,書けない未来,5JA9K5FAK,オタサーの姫芽,116,0,11240,134960,2,5,2,4,3,2,4,1,23
LT6AARVDY,YOU,15CDERH19,蓮ノ空帰宅部,532,2,11242,134870,1,2,6,1,2,2,5,2,21
JHHV4MLNY,セレスティナ,YK0X6N2HN,無言OK出入自由,1132,8,11242,134870,5,5,4,1,4,4,9,10,42
7GKC99Y60,辻(本物),35JCHXLTV,yumo,566,0,11244,134780,1,1,1,1,2,1,2,1,10
JVQOH4U8J,マーボー,0CBM28JP6,ほうき星,1003,4,11245,134690,4,5,8,6,6,7,6,7,49
7LKAY0N9V,ヒナ,53M4V2BVG,吟子の髪飾り,164,0,11246,134600,6,6,4,2,4,3,5,3,33
0EFSL422D,龍樹,K2L5DCVNR,REAL,990,3,11247,134510,4,4,5,4,7,5,7,9,45
1F1CV7NC2,美空ことり,B5U2PKR4P,めぐ党集会,276,0,11248,134420,1,1,1,1,1,1,1,1,8
TQ3UH813B,おじパン男爵,NGMU0511T,無言のお茶会,633,1,11249,134330,1,3,1,1,2,2,3,1,14
BM91YVWTA,はる,CPWFKH8JM,私の部屋,373,0,11250,134240,3,3,2,5,5,5,4,1,28
N71UG2P4G,yuzuko,V6DKUH6JT,報酬だけほしい,158,0,11250,134240,4,2,5,1,2,1,3,1,19
2ACM8IRC6,てちゃ,W3F0URUJC,梢先輩応援団,735,3,11252,134150,3,4,2,2,2,1,3,1,18
63PLPAA9E,メルヘン村,M5P5T4TX3,のんびりリンクラ,370,0,11253,134060,1,1,4,5,2,4,4,4,25
R6C237UDU,トモコ,R083H7WRN,サークル無言,795,2,11254,133970,5,7,8,4,6,8,7,1,46
Z4EGPQ6BY,bluemoon,FTUJJ5KM9,無言◎私生活優先,926,0,11255,133880,4,2,1,1,4,4,7,5,28
B7D28PPKV,sion,PHLRY3XRP,とりあえずやろう,361,0,11256,133790,1,1,2,1,2,1,2,1,11
BNUWVMEMY,てっちり,6H800PBV7,新鮮館,770,0,11257,133700,4,5,6,4,4,4,6,7,40
L33P7PEU6,な,976BY5JWK,ハルカカナタ,846,1,11257,133700,4,5,4,4,2,6,3,5,33
4MNEWG4SF,ヴェス,95TAREFPT,ご自由にどうぞ,909,5,11259,133610,3,4,6,1,6,8,8,10,46
1UPF21A76,あまてん,KXMXL2KRX,超初心者,462,0,11260,133520,8,7,5,6,6,5,6,9,52
HVANUD3QL,まっつー,RN24L196L,るりーーー,995,0,11261,133430,5,5,7,4,6,6,6,5,44
54GML8RR4,クリーデル,J5CKL5YPX,ログイン勢かもん,761,0,11262,133340,4,4,4,4,3,4,6,4,33
2WK9W6VCU,SERENO,28XJ8NK4L,蓮ノ空まったり部,1305,10,11263,133250,4,5,8,1,10,1,10,10,49
57F1XRW0C,タック,4FXPC55PY,PPIHクラブ,823,0,11264,133160,7,7,8,5,7,7,7,7,55
U5VB0BVWK,laurie ♡,HXVYGL96H,初々しい対抗戦,274,0,11264,133160,1,1,1,1,2,1,2,3,12
PXAPZGYRH,テイオーテイオー,G7C4BPUBC,蓮ノ空すこすこ部,863,0,11266,133070,1,1,1,1,3,1,1,3,12
Y41H5033C,ぷちぐる,4VPRJJM3R,あいどゅーみー,741,0,11266,133070,1,1,4,4,1,1,4,1,17
0DHV6HV3H,mable,LRP7AHW5N,ゆるはす,179,0,11268,132980,2,2,1,1,2,1,1,1,11
CXFG4YD92,うの・あいんす,TXNCTRR1U,瑠璃乃推し隊,843,0,11269,132890,5,4,7,4,2,4,6,7,39
TTVUX757A,スダコ,T045NDKW0,♬さやか愛好会♬,629,1,11270,132800,1,5,3,3,3,2,3,4,24
VP6FE3UEA,ならすふ,DH97ANN9G,ツキマカセ,577,0,11271,132710,1,1,2,1,4,1,3,1,14
AVUMZALEU,ひろたん,865UE9UC6,蓮ノ空うどん部,491,0,11272,132620,1,1,1,1,2,1,4,1,12
9KYSERZ7H,りあやや,8M2MFU9U0,リンクライブ,872,1,11273,132530,4,4,7,4,2,7,7,1,36
URG2MNW99,蓮ノ空信通技セ,GLP0WPDRM,イベント用の泥,613,0,11274,132350,1,2,1,5,2,3,5,1,20
489AW5M75,fal,9P9EPKFHE,無言参加OK,179,0,11275,132170,4,5,4,4,4,1,4,1,27
03XK67402,ちまめ,WNMCNJ62M,チームまったり,820,2,11276,132080,5,4,5,7,4,5,5,5,40
OFKJ5PY0N,薄明@追い風,F02VGJVCW,てすと（仮）,905,4,11276,132080,1,1,1,1,3,1,1,1,10
Z6GI43YIR,夏の回憶,57UT319NN,蓮ノ空同好会,563,0,11276,132080,7,8,7,4,7,4,6,9,52
9D2F8RPC5,Mokky.,PRY4573W6,報酬用,680,1,11279,131990,1,2,5,1,2,2,3,1,17
DVJMH6KVP,ややなみ,48Y0H3H61,ヒトリダケナンテ,696,0,11280,131900,2,1,1,1,3,1,1,2,12
P8XNM0CKX,聖騎士マサヤちゃ,MWT91W455,つづこず大好き部,1088,4,11281,131720,7,7,8,7,5,4,7,5,50
EEVUWPA1H,うもう,5NPVVUGH7,蓮すきすきクラブ,486,0,11282,131630,2,3,1,2,1,1,3,1,14
F4X1MDJT4,ごとう,VXYCWMVFW,お味噌汁,653,1,11283,131540,4,7,4,4,4,4,4,5,36
7FNC5F2B4,⑧,HWMV33W7Y,フラワー泥民館,536,0,11283,131540,5,1,4,4,4,4,5,4,31
MMPVYAXNB,まと,9U8KNU6U9,対抗戦用,317,0,11283,131540,3,4,2,2,3,3,5,9,31
TTF6UVTM4,タナユウ,VHNV134CV,個人,533,0,11286,131450,5,4,5,1,8,2,5,1,31
MKXL7E1SC,アヤカル,G76W0MVXF,つづこずめぐすき,886,1,11287,131360,4,3,4,4,4,2,5,5,31
N9XHLKBPR,刹那,ETGJELC95,蓮っ子ポケモン部,774,0,11287,131360,6,6,5,6,6,6,5,5,45
QVUV0LNEZ,明日でいいから,865UE9UC6,蓮ノ空うどん部,882,0,11289,131270,1,1,1,4,2,1,3,1,14
JL2FA96XN,link,72J0T27T1,蓮ノ空後方支援部,260,0,11290,131180,1,2,2,1,2,3,3,1,15
HKEV2N0EV,toto,T56X6LP0L,光の海,156,0,11291,131090,1,1,1,1,2,1,2,1,10
PER4R0346,ETO,T03T2W3UX,N.K@,1059,3,11291,131090,5,4,5,4,4,5,5,9,41
AM7ELP6P9,つかさ,WBXF9XXW7,さやつづ愛でる会,174,0,11293,131000,2,2,2,1,2,2,4,1,16
MC1EAC3WF,初心者2,9N4F9P8DU,リンクラ部（仮）,842,0,11293,131000,2,1,6,1,4,4,7,4,29
B8A0E1T1H,めり,GPKTRBCTT,騎空団蓮ノ空支部,573,0,11295,130820,2,1,2,1,2,1,2,1,12
1STUHKCNA,Empty,GBEJMUFWT,めぐちゃんズ(仮,925,0,11296,130640,4,4,6,1,3,8,6,9,41
CRBW7JPTB,ウソテン,NT2KU5174,こずかほ。,1088,1,11296,130640,8,7,8,5,8,8,6,8,58
2EZPNDDC5,リウヴィル,YT0LCFY25,蓮ノ空風紀委員会,1143,5,11298,130550,7,6,9,7,7,7,5,7,55
FF9CPCCP5,五十鈴,DKPMRA0TA,蓮ノ空奉仕部,524,0,11299,130460,2,6,7,5,4,5,7,4,40
19JVEM3XU,mariri,7G23BHH2H,とんと,223,0,11300,130280,6,5,5,4,4,2,4,7,37
40HF9DCTB,タングロン,6KUYCDLGR,かよちんは宇宙,698,1,11301,130190,1,1,1,1,1,1,2,1,9
C5J6E6G2D,Tarosa,6UAFKBRPN,リンクラ初心者部,647,0,11302,130100,3,1,2,2,4,1,3,1,17
DU4RMKR1K,あるぱか,XN2VEA6DN,無言,813,0,11302,130100,1,1,8,1,6,5,6,9,37
TW9LAAUS2,ゆき,A9MA307FX,楽しいが一番,990,2,11304,130010,4,6,5,4,6,5,9,8,47
J1WKARPR6,りゅーちゃん,LRKRUR21F,ちゅけバフ,586,1,11305,129920,7,4,7,6,2,4,4,10,44
6JU2RPU9P,CJGX,NFMEGRJ45,社畜無言サークル,816,0,11306,129830,5,5,7,4,6,5,6,8,46
04SLT7BQV,あおば,HD2RY13CG,オレンジピール,766,0,11307,129740,4,1,1,4,9,7,2,1,29
5XRF2GD84,アルカナフォース,LRKRUR21F,ちゅけバフ,208,0,11308,129650,5,4,5,4,4,2,5,5,34
D2WHM9LNN,Satoryo,KGFV7AB2J,石川県立図書館,483,0,11308,129650,4,5,4,5,5,4,5,5,37
DHE10GWFA,ぐれ,P4FV9YEL1,料亭さや処沼津店,641,2,11310,129560,2,6,3,1,3,1,3,1,20
N4OUJCCMP,おうどんさん,J7N4W6Y1K,こずミックラブ♡,1286,12,11311,129470,4,4,7,1,2,4,4,7,33
6G5A64VBX,dmsrni,GN6HGUT53,蓮ノ空帰宅部,101,0,11312,129380,4,2,3,3,1,2,1,1,17
VTD4H7UOM,ざんぽん,B4ADNM80X,山本組,1051,3,11313,129290,1,1,1,1,1,1,1,1,8
U815AFYAB,すーめろ,9UKKACGDU,蓮っ子CLUB,457,0,11313,129290,1,4,1,1,2,3,4,1,17
JUVTP3KYW,アオ,WLBYGHXPD,大天使村野さやか,789,0,11315,129200,5,6,7,4,6,5,6,4,43
MFV46R1M5,毬乃 ……,JKAYY0KXL,自由！開心！,270,0,11316,129110,2,3,2,1,9,1,3,1,22
DM9TCXT46,たる,XHJLF3R8H,ゆったりプレイ,203,0,11316,129110,1,3,1,2,2,1,4,5,19
5X58VP3PT,まんごー☆,WHWT61ELR,【無言】ハスノソ,1138,6,11318,129020,4,4,4,4,5,4,2,1,28
0WMPN0WVP,あなた,H1G4CDT6C,無言自由,833,2,11319,128930,4,4,5,7,6,4,6,8,44
CHWFXPUUE,緋紅ノ祺,0DPNNUGUN,猫の部屋,747,4,11320,128750,4,1,10,5,2,1,4,4,31
8EJX9HA7R,hide,4BU2PJLC1,Sky,595,0,11321,128660,3,8,4,1,6,6,5,9,42
FF12877C0,ろーる,XYRA2MND0,蓮ノ空ゆっくり,273,0,11322,128480,2,3,4,1,7,1,2,10,30
ALCHDA02R,ogithan,F7CMT794K,アルナシエン,872,0,11323,128390,7,3,8,5,2,8,10,10,53
DL45WBFL7,アオイ,JWUL2T36L,チーム初心者,401,0,11323,128390,2,3,1,1,2,10,4,10,33
PP3IHULLV,悠凪,TM6TEWJJ8,あくありうむ,800,0,11325,128300,4,4,4,4,2,1,5,4,28
R1UHB71AJ,leozii,REUA4H17B,LLLLBR,167,0,11326,128210,5,2,1,1,2,1,4,3,19
C84J6608J,しゃも,8CEWMFEHX,ねるねるねるね,866,0,11326,128210,7,6,6,5,7,5,5,7,48
7GKW87B1R,ペン太,C2XLWUTL1,夕霧綴理親衛隊,1035,2,11328,128120,7,4,7,4,6,5,6,7,46
4KGK07NDB,きみここ,5YEE75CB4,ロビーで待ってる,522,0,11329,128030,4,7,2,2,5,2,7,2,31
GVUND03R0,おこめし,8VGXWTV3U,R.opRizm,568,1,11330,127940,3,2,2,2,2,3,1,1,16
H1SM0F99N,かすかす,9BHYELNY1,シン・エスパルス,819,0,11331,127850,4,4,5,5,6,4,8,7,43
B0PFVEFHN,仁平岳登,YVF1V2AH6,蓮ノ空全共闘,529,2,11332,127760,10,9,10,8,10,9,8,8,72
Y8ZY39SOW,やま,LY0XPW7NL,元カノ概念強火派,1027,2,11333,127670,4,6,5,7,2,5,6,7,42
2JNHG1X0W,さばめしや,C52VR77BJ,イベント参加用,168,0,11333,127670,4,6,5,4,2,9,3,1,34
OYGL4Z3WG,耀く学院生,07GTU1BPX,蓮乃空,926,1,11333,127670,4,5,4,7,3,1,8,9,41
L922TCCFP,kourin,L6MF2MPBN,みらくらぱーく党,173,0,11336,127580,2,3,8,1,3,4,5,7,33
UANJC6WED,初心者,9N4F9P8DU,リンクラ部（仮）,901,4,11337,127490,3,2,5,1,2,1,3,2,19
90AB8XN31,ゆう,6JFCA000E,ひとりぼっち,269,0,11338,127400,1,2,1,1,2,3,3,1,14
31OMMQDTE,ヴィノス,866DU609J,ラ！スレ@may,719,1,11339,127220,4,4,4,1,2,1,2,1,19
BDL8HTVKW,あんな,4URND90YY,参加賞狙い,423,0,11340,127130,1,1,4,4,4,1,6,4,25
4BGJUFC6D,hiro,V6DKUH6JT,報酬だけほしい,678,2,11340,127130,4,5,10,4,5,5,6,5,44
B9HV2H06T,pay,HWJ8XPW0T,箱推しなのだけど,696,4,11342,127040,1,3,1,4,2,2,4,3,20
6Y36X9FYF,り,UGTAVG90J,にょ,181,0,11343,126950,2,5,4,1,3,1,2,1,19
B3A1UJAAG,デブトトロ,6E27A15ER,蓮ノ空自由クラブ,510,0,11343,126950,3,4,1,1,3,1,6,1,20
DXL6JEB3F,わしわしの女神,PWK02KG0F,メメントの森公園,1009,1,11345,126860,4,1,5,1,7,4,7,9,38
NBHIV047V,ライラエル,K3LMN5JHH,金沢カレーの皿,983,4,11346,126680,7,7,8,7,7,7,6,7,56
GEE1X93KT,卿,EMVPJTR2Y,ぼっち,896,4,11347,126590,4,7,8,5,6,5,6,7,48
S7J4F3NO2,いち,PRY4573W6,報酬用,493,0,11347,126590,1,2,5,1,2,1,4,1,17
23K2L3BY3,ck327jp,6CC83J3EJ,蓮之空台灣分部,834,0,11349,126500,7,7,7,5,4,5,4,5,44
USKF39NZJ,美也武,1PPRTCGX2,ソロお試し,896,2,11350,126410,8,5,6,4,2,4,7,8,44
G5JYUEGF3,あきたか,T2XRMGEAE,蓮根無言会,610,0,11351,126320,1,2,1,1,2,1,3,1,12
G337KNYAP,かれん,M4YY7PV0G,ブルーロータス,1026,10,11352,126230,7,4,7,8,6,5,5,9,51
K54TATKIC,ネコネコネコネコ,W3YKKRWHG,ルリと愉快な一家,960,0,11352,126230,4,5,5,7,2,4,7,8,42
DX8MA70TT,ぺる,E12PR824F,ゆるっと蓮ノ空,940,1,11354,126140,5,4,7,5,6,5,7,1,40
A8OXZ8SW8,鈴木彰久,TXNCTRR1U,瑠璃乃推し隊,1157,6,11355,126050,8,7,8,7,7,7,7,8,59
DXD2CXW45,поземка,PJN52E7JX,ひよっこ,147,0,11355,126050,5,3,4,5,2,3,3,1,26
0LN1D202A,にこるな,LY0XPW7NL,元カノ概念強火派,636,2,11357,125960,1,1,1,1,2,2,3,4,15
QKZGHQ3YG,トコハ,TR057C1UW,蓮ノ空ぼっち部,1008,12,11357,125960,7,8,10,7,7,8,7,7,61
31FCTP7OV,まんぞく,0YLUK30K6,蓮っコの集い,823,2,11359,125870,1,4,4,7,4,4,2,4,30
E5MPFAE8F,taro,D8CPWLGHJ,あまいのサークル,477,0,11360,125780,1,1,2,1,1,1,2,1,10
TN8LK08TG,ソラニン,3LUL3WR8Y,零組,1003,4,11361,125690,4,4,5,5,7,7,7,8,47
EWY48AYCK,ほがじゃ,6KUYCDLGR,かよちんは宇宙,692,2,11362,125600,1,1,1,1,1,1,2,1,9
PX449N4TE,catford,4NFMU2WME,好きだかんな？,904,4,11363,125510,4,8,10,5,6,5,7,7,52
7TGPVJ4AA,ボンズ,VXF8P7NDC,どんぐり。,880,4,11364,125420,5,5,9,4,6,7,8,7,51
2BK417NWB,彩季,BPHHYC793,ソロ専の集い,615,0,11365,125330,4,1,4,1,2,1,6,4,23
3284X7ULH,おせろ,3RH5MYBXV,こずめぐ党,426,0,11366,125150,2,8,6,4,6,1,4,5,36
90GMTTJHU,マセ,0UTVRAKFL,平穏無言,521,0,11367,125060,7,4,5,5,6,5,2,5,39
8LPDV6T6P,kyuu,865UE9UC6,蓮ノ空うどん部,696,0,11367,125060,1,1,1,1,2,1,7,1,15
R4RANSWXE,ほもっち,0LNYFG35X,メカりきゃこ,796,2,11369,124970,1,1,8,5,2,5,5,10,37
SAEVF1SHI,檸檬果汁,TM19BMU7C,ソロプレイヤーズ,1022,2,11370,124880,4,5,6,4,6,4,7,5,41
5O0S2YAVV,汗水,9C2FC74H2,overseas,555,0,11370,124880,6,2,5,4,2,2,2,7,30
EWPD09M2B,Firkin,X2YN7JW88,蓮ノツバサ,866,2,11372,124790,6,6,8,6,4,4,4,5,43
DD3MW559G,たかせ,08DDCV5JN,黒ねこのしっぽ,898,4,11373,124700,5,6,6,4,4,5,7,7,44
30RBF4CTB,なお,HA6MUTC30,自由なのだけれど,650,0,11374,124610,5,5,5,3,4,1,5,4,32
0MRFE0VJ4,メープル,HPTHY23VR,蓮ノ空文芸部,323,0,11375,124520,1,1,1,1,2,1,4,1,12
5RKW3ETUC,ラピス,KBJ2P8T0Y,人見知りの集い,533,0,11376,124340,6,2,1,1,5,2,4,1,22
U1RT2PTRM,むー,HKETDDCK6,ぼっちざ蓮!!,792,3,11377,124250,1,1,1,1,2,1,2,1,10
KJ0LWG93R,たけい氏,1EL57CDR0,なんもわからん,643,0,11378,124160,5,9,10,4,4,5,4,7,48
HBM5B1P78,REE,G6EH0KHT7,なんもわからん,629,2,11379,123890,2,2,2,1,2,1,2,2,14
3KVRTPKJ9,TK,UHF5Y8PEF,さやちゃん倶楽部,1066,2,11380,123800,1,1,1,1,2,1,2,1,10
68HAHFRLF,二葉,UX96YX4T1,『位置について』,124,0,11380,123800,6,3,7,5,4,4,5,1,35
J2G6REFRA,雨音,KFC62L0FV,ねるねる同好会,1012,8,11380,123800,5,5,4,5,7,4,5,5,40
2EYG21Z7J,さくら,LHXNEF3D5,まるまるサークル,925,3,11383,123620,7,5,6,1,7,4,1,1,32
TLRLTEH3L,さはら,VNEJ2RNW0,まったりんくら,745,1,11383,123620,2,3,1,1,1,2,2,1,13
K9A49Y1L4,むら,LLDLG20UU,UR取り隊,699,0,11385,123530,6,5,9,6,4,5,6,4,45
1GUN30LEZ,四十肩の狸,DYA2LK0KK,ろーたすぺたる,824,2,11386,123440,1,1,2,1,4,1,2,1,13
ITF1IHC09,ヘアン・ナツミ,69PA9MXRL,バースデー料理部,739,2,11387,123350,1,2,1,1,3,2,2,2,14
VVI7PT8LF,najyo,RWDWD9PP6,乙宗家の屋敷妖精,1012,0,11388,123260,7,7,8,5,6,7,7,8,55
10PJ9COZZ,ＯＮＪ,63AKA05VR,まったりGngy,525,0,11388,123260,7,4,4,4,1,1,4,1,26
WG8EKC9DM,咲夜,6H800PBV7,新鮮館,725,2,11390,123170,1,2,4,1,2,3,4,4,21
GNMF3R591,あにゅ,M6NUAVA16,どうなんのすみっ,852,0,11391,123080,7,5,5,7,6,5,5,8,48
FJFUXBIUC,たじゃほむ,0CY93XRDW,仮,270,0,11391,123080,1,1,1,1,2,1,1,1,9
ZVA16DI1O,うは～,N94LEWF2D,無言よわよわの会,932,7,11393,122900,7,5,7,7,4,4,7,9,50
UM5025YKG,村野めぐみ,VKW1GNAPL,伝統を守ろう,648,0,11394,122720,5,4,6,5,6,4,4,7,41
BPC431B54,ちよ,TK9E1BB1P,無言で自由,409,0,11394,122720,1,1,4,1,2,5,2,1,17
HUNJWM9K6,赤猫,XTMGPY62U,スクステ初心者,530,0,11396,122630,5,4,10,5,4,5,8,4,45
VUC8D6DYW,Aki,KYX3JNA95,無言でテキトーに,581,1,11397,122540,1,1,2,1,2,4,1,1,13
LW1C8D69M,うみせんせい,HK0E91U71,放課後写真部,550,0,11398,122180,2,3,1,1,7,6,3,1,24
U81KUIG99,はつかわたん,B8J78ELKV,はすはす,647,0,11399,122090,4,2,1,4,4,4,7,6,32
X2S7JG3MC,フク,LB0K3MHND,フラワー,1092,7,11400,122000,1,3,9,5,6,6,6,5,41
LV4TRAJ8R,よほほん,3GNATPTJH,めぐ党 千葉支部,846,2,11401,121910,3,4,5,4,2,4,4,4,30
FW9ZVMEEM,あげっち,AK795AE43,ハスハスしてきた,784,2,11402,121820,1,7,10,1,9,3,4,1,36
0088E4JW1,キサラギ,XTMGPY62U,スクステ初心者,610,0,11403,121730,7,7,9,4,6,4,6,5,48
1YBTKDS49,ウルトラMJ,06DCWC1RE,とりあえず参戦用,690,0,11404,121640,1,1,1,1,2,1,10,1,18
HTRELKUV5,もっちゃん,LFB48H6MU,超初心者の会,843,2,11404,121640,1,1,1,1,2,2,3,1,12
E1TVTPL66,mikumiku,387J15240,蓮ノ空登山部,729,2,11406,121550,2,5,4,1,4,4,5,5,30
XEA9J6AL3,いん,E76N52LMW,イベントのみ,379,0,11407,121460,6,5,4,1,2,2,4,1,25
YM2ULRB9A,ミリ,HPTHY23VR,蓮ノ空文芸部,404,0,11408,121370,5,1,1,1,2,1,2,7,20
1PGXWN26D,スキスキ,PHRWGMUD3,ラブライバー,154,0,11409,121280,6,7,9,6,6,6,5,7,52
1I22XKC76,あずき,ADV5B17VN,蓮空,1084,3,11410,121190,7,7,9,5,6,7,7,8,56
XAYGJYVKM,高間悠也,4CG7FRNG0,蓮ノ海寮(仮),339,0,11411,121100,7,3,2,2,3,3,1,1,22
RL0TGKQ9B,*さくらん,E17AJTJ9D,楽しみ隊,651,1,11412,121010,7,1,1,2,2,1,3,5,22
LG921R1VN,Hibikyan,UM76AWB16,Hibiki,749,1,11413,120920,1,5,4,1,6,2,4,4,27
1475BFF4R,ホワイトリリィ,8UJNTV5BX,のんびりと部,946,0,11414,120830,1,1,5,5,4,4,6,8,34
K3365SCIS,愚者,BWD9U1EJ2,蓮之空中国同好会,871,0,11415,120740,4,2,2,5,6,4,6,5,34
URIDQ596X,霧崎,N94LEWF2D,無言よわよわの会,902,0,11416,120650,4,5,5,5,4,6,7,7,43
DP6G7UJXV,賞味期限切れ生物,2DYYAPFVN,蓮っ子村,226,0,11417,120560,6,6,7,5,8,8,7,7,54
1J0C9QIK2,和源迪孝,K4EGD5V86,京大LL研究会,906,5,11418,120470,4,4,4,1,2,1,1,1,18
BFN23LN0J,noco,PYUNRKPRM,tmp,743,0,11418,120470,9,2,5,4,2,1,4,8,35
EEH8E3VUN,セレサ,5C8K2YT4F,セレたんず,655,0,11420,120380,1,4,4,1,4,1,4,4,23
LW8VLUULY,まるまる,976BY5JWK,ハルカカナタ,781,0,11421,120110,9,1,8,1,6,2,6,5,38
XCU5UNB62,らん,30W3RA65G,蓮ノ空自由クラブ,494,0,11422,119930,1,1,2,1,2,3,3,2,15
H9F8J6P6D,おきつiron,58FD7UF8J,としとしサークル,857,0,11422,119930,4,4,5,4,10,1,6,7,41
2MMBLF523,ヒョヌ,5JJKPNN2W,めぐ党韓国支部,1147,6,11424,119840,4,4,7,7,6,4,6,4,42
909IJOSJZ,かんぶつ,9DKR4Y2CJ,蓮ノ空老人会,1047,3,11425,119750,4,4,5,7,7,4,7,7,45
FL35E2BYF,もと,C52VR77BJ,イベント参加用,191,0,11425,119750,1,2,1,1,2,1,3,1,12
T256GEXJ9,りっか,AE3L01V24,LOVE蓮ノ空,492,1,11427,119660,1,3,1,4,2,1,3,1,16
WEIMCN528,いなみかん,G8EE23LB9,虹ノ空クラブ,309,0,11428,119570,1,2,1,1,2,2,2,1,12
UYJ9261FR,kotora,AFELJ5FWF,こたろう,304,0,11429,119480,5,7,8,5,4,4,7,5,45
M6YX3G9KR,rairai,E050K9859,蓮党,200,0,11430,119390,1,1,1,1,2,1,4,1,12
C8HHG1EBG,ちひろ,E58FYF67C,ロータスランド,248,0,11431,119300,7,5,7,5,5,4,3,7,43
EGCGC6JY2,アリス,JRAC1HYUD,SPHS-MMT,629,3,11432,119210,1,4,1,1,2,1,4,1,15
WA5CLAY91,やなな,H1G4CDT6C,無言自由,919,2,11433,119120,5,5,6,4,5,8,8,8,49
Z6UR7KO76,くろねこ,6713P80H8,らーめん食べたい,1263,1,11434,119030,1,10,9,7,5,9,10,10,61
9ENJYU03Q,レイマダラ,J05PKV648,Hasucord,992,0,11435,118850,1,4,7,4,6,7,6,8,43
6GWECHY9V,もっちゃん,LJNCAEVAP,蓮ノ空さやか研,144,0,11435,118850,2,3,1,3,2,1,4,1,17
9JG8HTETH,え,KGY709ULG,蓮の花束,450,0,11437,118760,4,5,5,6,4,6,6,6,42
JC3FNKIRJ,ノックス,U1X8XUL9G,イベント用？,1019,3,11438,118670,4,4,4,1,4,1,7,5,30
ZBFVVAZHO,マンナック,5JJKPNN2W,めぐ党韓国支部,1131,7,11439,118580,4,5,7,5,5,4,7,6,43
5L122VMYL,枢木,1UBNNHVLG,蓮箱推し（仮）,1005,2,11440,118490,4,4,7,1,6,5,9,1,37
4GFWN62C0,水無瀬奏,C021HVB2B,第3芸能科,110,0,11440,118490,9,10,8,5,3,7,2,1,45
AKYW9FE4Z,ギョ,60D1TTYTV,無言自由会,761,0,11442,118400,2,2,4,5,2,2,4,3,24
J7YF18YE1,シュン,G89DFNRD4,シュンのサークル,775,2,11443,118310,5,7,10,5,4,1,1,8,41
RYV7LH0YH,かわむら,WNA5GTJPP,蓮ノ空百合クラブ,825,0,11444,118220,1,5,5,1,10,1,6,8,37
XNJT6BPWR,fusa,V8XX999F6,卍蓮村幼稚園卍,990,4,11445,118130,4,6,7,4,6,5,5,7,44
LOAJC8TWM,こぼぼ,FYUP08C40,株式会社:大沢,895,3,11446,118040,2,1,7,4,4,5,7,8,38
D1LLG96IS,あらあら、慈♡,YA8XX70V6,さやかほ家系。,1129,4,11447,117950,1,1,1,5,2,5,1,9,25
MMH3WRWEV,あす,E49YWK5YC,酢蓮根,581,0,11448,117860,2,3,1,1,2,1,6,4,20
11NVPN7AL,琴音p,AWFDLJ1HC,小蓮花（重生版x,571,0,11449,117770,1,1,1,1,1,1,2,1,9
6A2MTK1KO,宇井ユキト,3LUL3WR8Y,零組,1103,3,11449,117770,4,4,7,4,4,4,7,9,43
YA545XJNR,ルマンドー,5KK3DFY18,MUGEN∞,709,0,11451,117680,1,1,1,4,2,1,2,4,16
U09G1LFT7,炎真,G3X8X7W8W,徒町好き町,303,0,11452,117590,2,2,1,1,10,7,1,5,29
OSH6IS8ST,Peg,VXF8P7NDC,どんぐり。,950,0,11453,117410,4,4,6,4,2,7,7,4,38
VPBF119CL,ヨウ,PGL1FKH6H,サニールネス,250,0,11454,117320,6,6,7,5,4,7,5,7,47
RYYTIHEHG,ヒカリ,7P4CAER9X,まったり倶楽部！,1040,2,11455,117230,2,4,9,2,7,7,8,10,49
DMCU6GUU6,ocean,YVF1V2AH6,蓮ノ空全共闘,337,0,11455,117230,6,10,6,8,9,5,6,5,55
PY4N1VYHB,ひな,YMKU30246,参加賞がほしい,253,0,11457,117140,4,4,7,5,6,5,7,7,45
BBH65DX43,ちっぷすたー,N6TVG18P8,すきすきクラブ,122,0,11458,117050,1,4,1,1,4,2,2,1,16
16769EBV8,波奈,PYFV3GWNV,異次元P,790,1,11458,117050,1,1,4,1,6,1,4,7,25
1NVTY7YWV,A8,VD7N7A4WH,氷青色,381,0,11460,116960,7,8,10,6,5,6,5,9,56
U41X5U15M,SAR/i,N0EXH1CM1,ぱちぱち徒町,130,0,11461,116870,4,3,5,4,2,2,4,1,25
5UM0Q3UJB,嵯峨政風,RM7N1JDB5,無言推奨不干渉会,943,0,11462,116780,5,6,5,4,7,5,7,7,46
0G57KP5TK,TH,VNEJ2RNW0,まったりんくら,90,0,11463,116690,1,3,2,1,2,1,4,1,15
W4WA7611B,ぐっさん,8T3BVWN6F,目標1500位,168,0,11464,116600,1,2,2,2,3,7,2,1,20
ZIJMET3T0,ぴこぴこ,DHKUGEWBJ,めぐ党虹ヶ咲支部,1009,2,11464,116600,1,4,7,1,6,1,7,9,36
8CWXMMRGD,エイリス,HMBW9DXY2,蓮好き皆あつまれ,866,5,11466,116510,1,1,5,6,4,4,7,1,29
R2GKXJJBF,ラララ,3L9R1604N,頑張る人は美しい,898,1,11467,116420,4,4,5,5,4,7,7,7,43
WWGM3JJ49,きなこ,NK05UMLWW,かけ込み寺クラブ,753,0,11468,116330,3,2,2,5,4,2,4,5,27
DTPP9T1YP,よし,KV45PF5JJ,セカンド部,162,0,11468,116330,1,1,1,2,4,2,1,1,13
3GARY8087,m,UHWA4YLWP,蓮ノ空を見守る会,495,2,11470,116240,5,4,8,5,6,4,5,5,42
URX49FGRR,みや,28XJ8NK4L,蓮ノ空まったり部,996,1,11471,116060,2,2,6,5,2,2,6,1,26
2B9U7ED8W,VEZASA,ETAMCYHME,蓮ノ空お昼寝部,1083,1,11472,115970,5,4,5,5,8,5,4,8,44
TG4FNTABV,えむむ,4EEENDTTW,みらくるすぱーく,931,3,11473,115790,7,6,7,4,7,7,4,5,47
PFY75ZDXY,トオル,8YNHW7530,虹ヶ咲、蓮ノ空,708,1,11474,115700,5,2,6,4,2,4,6,1,30
ND9EG49VV,ゆい,MPPDGVPWX,気楽にプレイ中,857,2,11475,115610,2,1,2,1,5,4,2,1,18
RGO7YJP61,さくさん,E8K438RP1,リンクラ初心者部,231,0,11476,115520,1,2,1,1,2,1,3,1,12
JU0LF152M,Forest,T8X0G07YB,なければ立てる！,835,0,11477,115430,4,4,4,5,5,4,4,7,37
2HLD0LKX4,リリベル,T4WY63DB9,ういのま,797,1,11478,115340,5,4,5,3,3,5,7,7,39
YQB6R10V6,てるお,YKKPVFTWB,蓮の空スククラ,631,0,11479,115250,2,3,3,2,3,1,1,2,17
RVYY6Y8J8,Саё,Y5J5Y90CD,まるまるサークル,710,0,11480,115070,5,4,4,4,4,1,5,4,31
A40HRCVYY,バターピーマン,X1NMWXR4W,午後の紅茶花伝,124,0,11480,115070,4,6,2,1,4,1,5,2,25
805ULJLUE,うみ,C68491XHB,みらくらぽーく！,547,0,11482,114980,7,1,4,4,1,1,2,4,24
XX6A5R43F,ラビニス,1GJC67JLM,無言の泥,438,0,11482,114980,5,3,7,3,3,5,4,6,36
HU9J2TY8N,桜田,9C0KWR782,まったリンクラ,428,0,11484,114800,1,2,3,2,5,1,4,1,19
4WP84JM1G,ひかるビャッツ,JVUNVCT8P,梢先輩のASMR,419,2,11485,114710,2,2,1,1,2,2,3,1,14
3NBGNH7R6,きみみ,NB8HBPBVD,アクスタお供え場,843,0,11486,114620,1,1,1,1,1,1,1,1,8
EGRNDP8B0,ポントス,3FF3NB77X,せーはす愛好会,1020,2,11486,114620,2,2,2,2,6,4,3,1,22
XU0LAFY5G,ザキパン,8MDA3A0AK,イベント用,635,0,11488,114530,2,4,6,7,7,4,6,5,41
B27XW8EGP,KOL,TDHKGHFPA,無言参加○！,1000,2,11489,114440,6,6,6,4,6,5,6,7,46
8JRYK4NPV,雪乃,FD24TD6C5,泥人,291,0,11489,114440,3,3,1,3,2,1,2,1,16
HWJ7FVH8D,アトリ,YAD615PCK,蓮を咲かせる泥達,761,0,11491,114350,3,4,9,4,9,7,6,7,49
CIMDNZGEK,さくら,WFPA7YJE1,蓮ノ空文芸部,949,3,11491,114350,1,4,7,1,4,4,2,5,28
0TV1FRN83,Miror,2B97MH4YA,同じ話し何回も…,446,0,11493,114260,7,7,7,6,6,4,6,9,52
43FKJTULR,みいめぐ,02XNKDH8X,せーはすの雑用係,1159,5,11494,114170,4,1,3,1,3,1,2,10,25
NR1THXXYW,ハル,489T6K91X,金沢おでん,885,2,11494,114170,1,4,1,4,1,1,1,7,20
A2ATAV8J7,はるき,X87KNX4N3,蓮ノ流星群,547,0,11496,114080,5,4,6,4,5,4,6,7,41
43KBX5AAV,ヒナ,AG7YVB0Y2,みらくらのーと,243,0,11497,113990,4,5,5,4,2,3,2,1,26
71C00LK71,カズマ,E76N52LMW,イベントのみ,842,1,11498,113900,4,7,9,4,9,7,9,5,54
3FC1QFCGX,鳴る,0YLUK30K6,蓮っコの集い,896,0,11499,113810,7,4,7,4,5,4,6,7,44
0N978P3HC,はる,8H0GFK917,はるさーくる,375,0,11500,113720,10,9,4,1,4,2,4,4,38
AW1T3P7N2,すてぴょん,66CJCABRN,週７ログイン目標,772,0,11501,113630,4,1,9,5,4,4,5,5,37
66K0JJ0WD,つる,4LU50R56J,誰でもOK,174,0,11502,113540,3,5,2,1,2,1,3,1,18
BVSEYY9R5,ちょごり,HBCC35887,そりゃー!!!,602,2,11503,113450,1,4,1,2,2,1,3,1,15
MA8FBWNDA,澪音,BYA3FA0X8,無言ぼっち同好会,744,6,11504,113360,1,1,2,2,1,2,4,1,14
AX4VHP4X2,mentari,2CRT48K9F,百万アンペア,115,0,11504,113360,7,5,3,4,5,2,4,1,31
6X3LMM5NH,ズライカ,X7C21B7H7,泥,1627,15,11506,113270,10,10,10,10,10,10,10,10,80
E1PL98L90,西園舞,LUMM4W0UF,蓮ノ空社辞部,426,0,11507,113180,9,7,8,10,6,5,7,5,57
LBA8RLDKV,卯月,6E27A15ER,蓮ノ空自由クラブ,231,0,11508,113090,2,3,3,2,1,2,2,1,16
UORSSSYXA,リッキー,YDLF300BV,GREEN,744,0,11509,113000,2,1,2,1,3,4,4,5,22
DY2W32P67,月光KID,G202YTPW1,無言倶楽部,823,0,11510,112910,7,5,7,5,6,5,6,7,48
21TUE7QQY,Irina,N1JAJ83CA,蓮ノ空園芸部,818,2,11511,112820,2,4,6,4,4,1,5,1,27
21LRWAV2M,ぬ,WPG6BCG83,基本無言,139,0,11512,112640,4,5,2,2,3,4,4,1,25
X41BACE9K,こん,26246W72R,初心者失礼します,380,0,11513,112550,5,4,5,4,4,5,1,5,33
YK7FT7WLT,Shiki,YVF1V2AH6,蓮ノ空全共闘,189,0,11514,112460,8,4,9,3,2,1,2,1,30
XP1QFZUBU,S56,N34LHVJKN,のんびり堂,1098,5,11515,112370,7,6,8,7,6,7,8,9,58
X1DE36UC8,katercat,1XX6FWJRB,オートスキップ団,685,0,11516,112280,1,1,1,1,1,1,2,1,9
E7VTFWAHG,Andes,6BVMCW68K,ft,159,0,11517,112190,5,5,4,1,5,2,3,2,27
LU8G8OE0X,ヒロ,88DJ300PJ,めぐ党 • 永遠,1043,1,11517,112190,5,4,5,6,6,4,6,5,41
CBNU3MJTN,かん,37W90FGW8,。,304,0,11519,112100,2,5,3,1,2,4,2,1,20
4FLV2RY42,フーミン,PH0YEPJD8,蓮ノ空北國金沢,937,7,11520,112010,6,4,7,4,4,5,7,8,45
ML0BJ6G09,ヤマト,1G89KTD5X,サークルひとり,625,0,11521,111920,1,3,2,1,1,1,2,1,12
G6270C0KU,おくら,HH93ADAW3,無言自由。,903,0,11522,111740,5,4,7,5,4,4,8,4,41
K5V0KNO4U,maru,1UXTTMAUA,寝そべりクラブ,943,2,11523,111650,1,4,5,5,9,2,6,7,39
G6UOQKBSR,にゃろめんこ,H1LTYMK0B,花帆が可愛いの会,936,0,11523,111650,4,4,5,4,2,1,6,7,33
M3UUI0PEP,きゃめる,JRAC1HYUD,SPHS-MMT,1150,0,11525,111560,4,5,5,5,4,4,10,9,46
H87O6OEPG,Kona 熊仔,PH0YEPJD8,蓮ノ空北國金沢,1166,3,11526,111470,7,7,7,5,7,5,7,8,53
KJTTK6WS6,おこp〜,F31A07X4V,蓮ノ空福井分校,872,0,11526,111470,1,2,7,2,2,2,3,1,20
PZV38UC2F,ばん,BPHHYC793,ソロ専の集い,675,0,11528,111380,4,5,4,4,6,4,6,7,40
J8F0RFK2G,ごうひめ,1XX6FWJRB,オートスキップ団,477,0,11529,111200,4,2,9,1,6,6,6,1,35
6MAGNNNMH,小夜,W41UFD3WA,ヨーズブーケ,91,0,11530,111110,6,6,7,6,4,5,1,1,36
B5Y97YKXB,AI,CP5JE6KFV,コイコイクラブ,826,0,11530,111110,5,6,6,4,6,5,6,4,42
D4KJ7JK7V,グッチP,JXRJY65D8,蒼壁の艦隊,758,0,11532,111020,2,2,1,1,3,4,1,1,15
RF05A2N7F,リンサン,AVY8PECF0,初心者の集い,87,0,11532,111020,8,5,3,3,2,4,2,1,28
5E8DWPHF2,ナーシ,UCWKRB3WR,菅沼千紗が大好き,525,0,11534,110930,2,4,6,5,5,5,7,7,41
SSRC08SHV,ラムキュー,C8A9CTB34,蓮ノ空山岡家部,538,0,11535,110750,2,7,1,10,5,1,4,1,31
W6WHSPZXK,澪つくし,F48D0K617,蓮スキー犬,1040,0,11536,110660,1,1,8,5,6,6,7,8,42
4ZOQKZRVJ,neko,8TXDN9C2K,αβγδε,929,0,11537,110570,5,4,7,5,6,6,7,7,47
MRR76XD2W,ロト,FV38N1J23,イベント用,571,0,11538,110480,1,4,3,1,2,3,4,1,19
D6DJ6MM7H,くろおろち,GYJ3C6TKR,綴理先輩好き好き,621,4,11538,110480,1,1,1,1,1,2,2,1,10
2VL42BVV2,wai,N83DW3NYG,†極最強倶楽部†,711,0,11540,110390,4,6,7,4,4,4,4,4,37
188AW3DR1,雪夜,TWJ862EPN,こにゃとも,392,0,11541,110300,3,4,8,6,4,10,6,5,46
UJB22C7AE,わたあめ,BPFAT416J,さやかわいい,989,0,11542,110210,7,4,6,4,7,5,6,7,46
UVJ4X6YV7,まさまさ,407VAU0TT,ログボ勢の集い,410,0,11543,110120,1,1,5,4,4,4,4,4,27
HRYLDGN5A,紅河,MVRFVTGU6,無言&出入り自由,803,0,11544,110030,4,6,7,4,4,4,7,8,44
BFNA4UCYE,Hartchan,3194B9E93,初心者寄り合い所,736,0,11544,110030,1,4,7,1,2,1,2,4,22
7WHEM84P0,ティアナ,H6JWBBGCG,蓮天・乙宗一心流,1031,3,11544,110030,1,1,1,1,1,1,2,1,9
N4X14QH73,ベビーブレス,6MWHCNJE8,蓮之空小賣部,1002,5,11547,109940,3,2,3,1,2,1,7,6,25
71FF0MAC5,ee,A282LX3AN,かほさや信仰,99,0,11548,109850,5,5,9,4,2,9,1,4,39
SUXOJU5JW,toto505,VY26V3P0K,AltF4され隊,392,0,11549,109760,1,2,3,1,2,2,2,1,14
MKWPULHN3,とうふイオ,ULUELCJ7T,なるようになる？,882,4,11550,109670,5,5,9,1,2,1,5,1,29
YJ79KFGCY,南宮那月,AAHB7C276,HaCordVN,341,0,11551,109580,1,2,1,1,2,1,4,1,13
KBAG38HM9,じゅんぴ,TCTEAMP9C,虹ちゃん最高！,132,0,11551,109580,5,1,1,1,2,1,2,1,14
W8CHCA58P,梓沙,U8GLCJVJP,コミュ障用誰でも,885,2,11553,109490,4,4,7,5,6,7,6,7,46
GWB9XQML6,光治良,KB5BFK7J6,おはめぐ党本部,628,1,11554,109400,1,2,1,1,1,1,2,1,10
BM453W9QR,いのり,E6WR9G75P,安養寺姫芽推し会,964,5,11555,109310,2,8,10,1,3,10,8,3,45
U4HU3F2XS,さ〜や,MNX28AYUA,救急隊,301,0,11556,109220,8,7,7,7,8,7,5,7,56
GNIHHLKT5,ケン,WPG6BCG83,基本無言,1128,1,11557,109130,5,6,5,7,7,7,7,9,53
RI2TR2F1N,ローダンセ,4RY75CKM4,LLすこ部　メ募,920,0,11558,109040,4,6,6,5,1,4,6,7,39
L51SIMVPY,ラバテラ,W2HEPMM2A,無言。ぼっち。,885,0,11559,108950,4,2,5,5,4,5,6,4,35
7XDH0A8J4,クラりん,XY11YD61J,車団団,229,0,11559,108950,1,2,1,1,2,1,1,1,10
C3NKYEUDE,しんかい,4RNUXBXGL,みらぱ最推し,228,0,11561,108860,6,6,7,6,7,5,6,7,50
R9E48GW0G,ymck,YNME1LADM,いばらのもり,119,0,11562,108770,2,2,1,1,1,2,2,1,12
M4VEMW5X5,いせみ,2UKNVBMBU,梢ちゃん同好会,948,2,11562,108770,1,6,7,6,2,8,7,6,43
ZMKFOEGAJ,タコわさ足,PHLRY3XRP,とりあえずやろう,1044,2,11564,108680,7,6,7,6,7,7,9,9,58
9DR8ED6AC,まんゆー,D7UA5ER1E,UR報酬欲しい！,1027,2,11565,108590,5,2,8,4,4,5,8,9,45
LYTN8L8VR,ベロニカ,WN3LHKX0L,レンコンおいしい,722,1,11566,108410,5,10,4,5,10,4,3,1,42
D4S5VLAF4,k×k,UCF93JAPM,スワンプマン,641,2,11567,108320,4,4,3,4,4,2,6,5,32
PW93XEVWR,まにゅ,KED9KEP60,G's至上主義,521,0,11568,108230,6,6,7,5,7,5,5,5,46
8JJN2A7PE,クロ,WTVG86R4P,おしご党,579,0,11569,108140,4,6,5,1,2,1,7,10,36
BVYZ8XLS0,大納言,WPG6BCG83,基本無言,1112,6,11570,108050,4,6,5,7,8,7,8,9,54
9J9L99HRL,(o･ω･),PYFV3GWNV,異次元P,856,0,11571,107960,4,2,7,2,4,6,7,9,41
CC43A8T5U,みれいす,RCEWFB548,始めたての初心者,189,0,11572,107870,1,3,1,1,2,4,1,1,14
XXTWXKEUP,ぴろ,T2XRMGEAE,蓮根無言会,353,0,11572,107870,8,6,7,4,4,6,6,7,48
UM63YDAJ8,レイナ,J80MEYHBC,Nymphaea,271,0,11574,107780,5,6,4,1,2,7,6,4,35
WV76AFPP6,ラリー,MG1G6F487,蓮ノ空無微課金部,558,0,11575,107690,1,1,7,5,2,5,7,1,29
KA39KWN4C,二又正疑,GGK2P93JK,きゃらめる,508,0,11576,107600,4,4,5,6,6,4,6,4,39
3QTIFW206,小胖,XXMU9WLKB,梢の機械さん,1064,4,11577,107420,1,4,1,5,7,1,8,10,37
496NISNZ0,Jan,J80MEYHBC,Nymphaea,630,1,11578,107330,1,4,2,3,3,1,2,1,17
BYSRSRCN1,きょう,L10A3854K,ラベンジャー部,979,4,11579,107150,1,1,1,1,2,1,2,1,10
WW54DEZCD,さっしゃー,B5RB6PDGT,人見知りクラブ,1033,2,11579,107150,4,2,1,1,4,4,2,1,19
98NR8D77N,P,0CEA9XFKR,蓮ノ空の泥人会,773,0,11581,106790,5,5,5,1,6,1,8,5,36
4GK496UTY,Virginia,8MDA3A0AK,イベント用,623,2,11582,106700,3,6,4,1,4,5,5,5,33
MREVD4RFN,mame,D7UA5ER1E,UR報酬欲しい！,804,4,11582,106700,9,1,9,1,3,5,6,5,39
5YA49Y81L,シエン,YL2ELYC4U,さや…好きだよ…,1177,10,11584,106610,7,8,9,7,7,8,9,7,62
N0NAKE9V5,tp,D5YC75NF3,畜群,306,0,11585,106520,1,3,1,1,2,1,1,1,11
PZ7LZWPB2,えすたーる,DE26N0XKB,おそろ,820,1,11586,106430,5,8,5,6,3,6,6,6,45
B0BGDU6NT,榛,LEHXHMR8N,みらぱ全力待機部,477,0,11587,106340,2,4,2,7,4,4,7,4,34
6P325YVH1,かふぇ,T2XRMGEAE,蓮根無言会,703,0,11588,106250,1,1,5,1,8,1,6,8,31
M0YHJHH1P,菊,K14GM3ULU,ブレイブサーガ,607,2,11589,106160,4,3,5,4,6,5,5,9,41
75XENY63U,楓,N1DJVPGP8,いつでも咲けるよ,268,0,11589,106160,3,10,7,1,6,3,6,5,41
0G48RNETU,しいや,A135V4872,しいやのサークル,724,1,11591,106070,1,2,1,5,4,4,5,4,26
YDRMNVQUV,いぬケンドッグ,L3NN1RWMY,アポロベイ海賊団,1087,1,11592,105980,1,4,7,1,6,5,7,9,40
MLVJB386A,3代目A,23PGPJ3NV,蓮ビギナーの集い,395,1,11593,105890,6,3,4,1,2,1,7,1,25
Q1WM29WHT,たかこ,TCTEAMP9C,虹ちゃん最高！,651,1,11593,105890,2,1,4,1,2,2,7,1,20
RL6LE01T2,チルマス,RBEHRV063,ヒカゲノアトリエ,796,0,11595,105710,4,6,5,4,6,4,5,7,41
W8IFKWYUQ,長官,865UE9UC6,蓮ノ空うどん部,915,2,11596,105620,4,9,8,4,6,4,6,7,48
HEF2WU4EY,オリバー,E12PR824F,ゆるっと蓮ノ空,517,0,11596,105620,9,2,1,1,1,1,4,1,20
2TR8JCKPG,あ,W2FPR5BVF,あ,399,0,11596,105620,1,4,4,1,5,3,2,2,22
GZC7W79ZY,陽丸,JHTULVV5P,故に瑠璃乃推し,508,0,11599,105530,1,2,2,3,2,1,3,1,15
FQZHFE11M,ショウジ,WDK6AXBEW,仲良しクラブ,673,0,11600,105440,7,1,4,1,2,4,4,4,27
M6I6U1W7V,えにりも,56CP8P7MF,ボクら,993,1,11600,105440,2,2,7,1,4,4,6,6,32
XCTW59NE4,Miane,6BFC4G5YG,蓮ノ空足湯同好会,197,0,11602,105350,9,6,10,1,7,1,4,4,42
79XB2BVMX,N,BYA3FA0X8,無言ぼっち同好会,872,0,11603,105260,4,1,5,5,4,4,6,7,36
42WOOXD1S,マサキ,K0ATKT27L,中川左遷先,648,4,11604,105170,1,2,1,2,2,1,2,1,12
6DHWB7F9J,大幸奈緒,2DYYAPFVN,蓮っ子村,666,0,11605,105080,1,3,1,1,2,1,2,1,12
W50WNA5XA,いちご,7M20DPARM,みらぱ党,467,0,11606,104990,3,3,3,1,2,4,2,1,19
JV1VLJ0N6,ゆにぽん,4URND90YY,参加賞狙い,692,0,11607,104900,7,7,7,4,6,1,7,6,45
0LBC46TW2,名取,UV2CLCL12,ヒトリダケナンテ,519,0,11607,104900,1,1,1,1,2,1,2,1,10
8310EH618,ちー,12KVAFYW2,217find,452,0,11609,104810,1,1,8,4,4,6,1,1,26
NKEBKLRKA,ガルベス,5VBB4F8N2,灰色ペンギン,783,0,11610,104720,10,7,7,4,4,4,8,7,51
KXK8DF4EM,ひだり,A3X92L6YU,お試し用サークル,586,0,11611,104630,1,3,2,4,2,3,2,1,18
AKSLAIMMX,チャルシー,MVMP6NNXD,空き時間らくがき,855,2,11612,104540,6,10,7,7,4,4,5,4,47
2V7CMXM56,DKA,C4AY3GDRE,北上山岳会,859,0,11612,104540,1,4,4,5,4,4,1,4,27
EYRX858NW,しんちゃん,C003CD1RW,☆蓮ノ空クラブ☆,530,0,11614,104450,4,5,6,1,1,1,8,1,27
LTMIPRQ2L,rara,VF517JBVB,無言でいいよ。,487,0,11615,104360,1,2,1,2,2,2,2,1,13
3PDB69RE8,いろはす,W2HEPMM2A,無言。ぼっち。,833,1,11616,104270,5,4,5,6,6,4,7,8,45
0TDNJF9VF,たま,9RYR14H9L,ソロマターリ,660,0,11617,104180,4,1,6,5,2,4,3,5,30
DVTYH7LW1,としろう,CCACL2CMM,無限城,327,0,11617,104180,5,2,6,2,6,10,4,4,39
WW9U5X47F,まきくん,00T3NXXA9,初心者,408,0,11619,104000,2,3,4,4,2,1,6,4,26
L8J4NP2HJ,ムシア,1AEUWRYE7,蓮ノ空ぼっち部,499,0,11619,104000,2,4,3,4,2,2,4,5,26
40JFR39D8,けろけろ,0NLHKATWL,生きてるだけ偉い,595,0,11621,103820,6,6,6,5,5,5,7,7,47
DWUHMKA5M,ヨハネ,ATJY24T4B,俺の城,555,0,11622,103730,4,4,5,4,5,4,5,7,38
7YDEHBD7N,BS Anime,GN9EEL045,きらくに,346,1,11623,103640,2,7,6,8,4,2,7,6,42
AVATXW4RB,ミドリ,JPNNY7W5F,ログイン勢,455,0,11624,103550,2,2,2,1,2,1,2,1,13
33B6S3XQH,赤姫,CJ398GJAT,バッグクロージャ,881,5,11625,103460,10,2,4,5,6,7,4,4,42
M7WB1CY6R,ALT858,KJU0BU77M,無言交流なし,766,0,11626,103370,5,6,6,6,6,3,7,5,44
HXWTWPHDX,みこ,25PMPEMG7,星見プロ,1151,12,11626,103370,1,1,1,1,1,1,1,1,8
Q5PWE8EUX,まみむめめ,U8GLCJVJP,コミュ障用誰でも,659,0,11628,103280,6,5,6,4,4,2,2,7,36
X44FCY23T,てんし,EJY6B26D1,After見たい,311,0,11628,103280,2,5,7,5,5,5,6,4,39
BPCBNOX70,風祭,NP57JXPBD,音乃木坂学院,679,0,11630,103190,1,4,1,7,4,1,4,4,26
FUTN4FFA4,イト,0YLUK30K6,蓮っコの集い,535,0,11631,103100,1,1,2,1,2,1,2,1,11
RHS0NOU7U,なねっと,G8F0M2PH2,アフターウォール,884,3,11632,103010,2,4,3,3,2,4,3,2,23
FA01TRV9H,さちお,3LPBPHL3V,壁の民の伝説,933,2,11632,103010,1,2,1,1,2,2,2,1,12
KL7YBADD7,楓華,FD24TD6C5,泥人,666,0,11634,102830,1,1,1,1,2,1,2,1,10
2HR66U7XR,ゼロゴーキ,ATB27G5P2,おこめ茶寮,826,0,11635,102740,4,1,1,4,4,1,6,4,25
WGM5DH3FU,SHO,7MNN5LFAY,ナビウォーク,271,0,11636,102650,6,4,9,4,6,7,7,5,48
2K2WMKT1B,たっつ,2U4GLJXLJ,泥の中の養分,801,0,11637,102470,1,1,2,1,1,1,2,1,10
3NJTNARMH,ちゃんぽん,18YYNRFGA,LotusSky,576,2,11638,102380,1,2,1,1,2,2,4,1,14
W5FTXUKEM,ミジンコ,7X71T9R7J,憩いの場所,555,0,11639,102290,2,2,2,1,2,1,2,1,13
IVM4PYK9H,おさかな,36DAM7HBL,蓮隠れノ里,566,0,11640,102020,1,1,1,1,2,1,2,1,10
7C3ARPGAR,Aoikurai,6E27A15ER,蓮ノ空自由クラブ,1028,8,11641,101840,5,4,5,9,2,5,6,1,37
HRXTN4BAA,ペーノン,G6EH0KHT7,なんもわからん,376,0,11642,101750,1,2,7,2,1,1,2,1,17
4E9C3EVR1,kt32,CY3GGDH7H,㍿キモ・オタク,217,0,11642,101750,3,8,10,1,2,3,9,1,37
R4HXKOVDI,Licca,GBEJMUFWT,めぐちゃんズ(仮,659,2,11644,101570,1,2,1,1,2,2,3,1,13
MYLHPM9MV,らむちーな,9VDEWVP01,瑠璃乃の集い,625,0,11644,101570,2,2,5,2,1,6,3,5,26
4Z713GEBS,ウメワタ,VD7N7A4WH,氷青色,922,2,11646,101480,6,10,6,2,8,1,6,5,44
14EK8R23D,かざな,FA0LCGP8K,ゴクリンコ,701,0,11647,101390,1,4,1,1,2,1,3,1,14
568N25C9U,Krypton,LH9K7AGB7,ツバサラリベルテ,212,0,11648,101300,3,5,3,6,4,5,5,5,36
95W88D8GY,ykt,C52VR77BJ,イベント参加用,215,0,11649,101210,7,2,1,6,2,4,3,4,29
DXHXVDTEH,ありか,28XJ8NK4L,蓮ノ空まったり部,531,2,11649,101210,1,10,4,1,4,2,3,1,26
M0K7NMT71,り,RKT7BC4F6,人形浄瑠璃乃,283,0,11651,101120,3,1,2,1,1,2,4,1,15
T06L6J7MP,ちえぽん,4FN0KWB4G,無言参加大歓迎！,307,0,11652,101030,3,1,8,2,10,4,4,2,34
1D59C8TCA,のん,2B97MH4YA,同じ話し何回も…,291,0,11652,101030,3,2,2,2,2,1,2,2,16
O2MI4VJFD,UEM,EKTJ1PUR6,カリスマワールド,934,0,11654,100940,1,1,1,5,4,4,5,8,29
56P83VFCK,ツナ缶,9DKR4Y2CJ,蓮ノ空老人会,469,0,11655,100850,1,2,1,1,2,1,2,1,11
JVDBW22K9,Apaos,407VAU0TT,ログボ勢の集い,141,0,11655,100850,2,2,2,1,4,1,2,1,15
1HO924SJF,ゆっち改,N45AC292K,蓮ノ空帰宅部,1071,3,11657,100760,5,6,8,7,6,5,8,8,53
4719THCA7,邪王真眼,AVY8PECF0,初心者の集い,284,0,11658,100670,1,4,3,5,2,1,4,3,23
P0DJNACZY,くろ,JWUL2T36L,チーム初心者,1009,1,11658,100670,4,4,4,1,2,2,7,1,25
MAKK1CHVT,formula,P31MU804F,_,737,0,11660,100580,4,4,5,4,4,4,5,7,37
VWEN495W0,きゅ〜,E1HVJ71JR,ご自由にどうぞ,192,0,11661,100490,10,6,6,5,3,3,4,5,42
U57G6D3L8,たかし,LLDLG20UU,UR取り隊,223,0,11662,100400,5,7,2,2,5,1,4,1,27
5MZTJFTQP,瑞風,H691U738B,n-notes,1004,2,11663,100310,4,7,5,5,10,1,7,9,48
919DXE158,築山 神楽,K8C99H42D,ルリと喜ド！愛楽,1107,6,11663,100310,4,4,7,7,7,7,7,9,52
1NBHPVNK4,フリューゲル,MNMK22W02,自由,434,1,11665,100220,4,1,1,4,2,1,4,1,18
5D8XE0W0C,アオハマ,VXDPPJJL1,蓮ノ空リボ課金部,536,0,11666,100130,4,2,4,2,2,1,4,8,27
LR5443WKR,KEDA,9VDEWVP01,瑠璃乃の集い,202,0,11666,100130,2,2,1,5,2,7,4,4,27
SZH3COJFH,アリスト,M851LEV3N,なっす父兄,875,1,11668,100040,4,4,5,5,6,1,4,5,34
VRNLNPEMW,Pehpeh,C791XXLDF,つづさや会,697,1,11669,99950,4,5,5,2,2,10,3,1,32
WFJJM31TB,HNMG,1AEUWRYE7,蓮ノ空ぼっち部,470,0,11670,99860,1,4,2,4,2,3,4,5,25
RNHW0AKRT,pupitar,0EL43A30P,こころのいろは,185,0,11671,99770,8,6,6,4,5,7,3,4,43
GMV01X4TX,ひな,NCX28D4VB,Lyric,1043,0,11672,99680,5,6,6,4,6,5,7,7,46
42V0E1DV8,咲夜,NX9KJK529,虹ヶ咲学園,915,3,11673,99590,4,6,6,5,5,4,6,7,43
NVTGPA5HC,うこん,TBHVUNGK6,ヨーロッパ軒,89,0,11673,99590,4,6,7,4,2,5,2,1,31
CXJNFWMBV,北川,N7J2R9JDN,ログイン目標勢!,97,0,11675,99500,9,7,7,4,2,3,1,1,34
HGJNPYFP9,プラム,C9DAJ6YFV,のんびり,572,0,11676,99410,1,1,1,2,3,3,2,1,14
BK3YJ70CX,しょれべー,5L9GNT78V,叶え！私達の◯◯,608,1,11677,99320,7,4,7,10,4,4,6,7,49
RGFCF4AFN,ハンニャ,F08AHUJJ0,綴理のお世話係,669,2,11677,99320,8,3,2,4,6,1,8,4,36
UV1AVP6JD,SayaMomo,9TPNWR2TU,中国地質大學,115,0,11679,99230,7,10,7,4,4,5,1,1,39
T0CL6RERU,愚衛門,LETV4C1KG,無言の行,206,0,11680,99140,1,4,4,1,3,2,2,1,18
URRY11NTE,さばかん,M6UPWJ6DU,蓮結ぶ虹と星の音,417,0,11680,99140,5,5,5,4,4,4,6,5,38
V8RAAVMN4,虎フジ,EHGD5JJK1,限界夜行,940,1,11682,99050,5,4,4,3,1,2,2,5,26
96JY3J4F0,セレディア,5561U9ACU,せーので茄子ノ空,890,3,11682,99050,2,2,8,5,6,1,7,7,38
YAXJ6E375,ダンクウ,BYA3FA0X8,無言ぼっち同好会,873,0,11684,98960,4,2,5,4,4,4,6,4,33
W50C2XCWT,路辞馨,XYRA2MND0,蓮ノ空ゆっくり,108,0,11685,98870,6,4,3,5,5,2,1,1,27
2290HWF64,イナフレ,1AEUWRYE7,蓮ノ空ぼっち部,493,0,11686,98780,3,3,2,6,2,1,4,5,26
TKJAKCVT8,エフェメロン,0FMM30LCA,無言,226,0,11687,98690,2,4,8,4,4,4,8,4,38
HR7UR79JD,ウメちゃんすん,XPRA8TRVE,蓮ノ空ロボット部,358,0,11688,98600,2,2,1,1,2,1,4,1,14
YTEMF7CHL,たんたん,LLDLG20UU,UR取り隊,752,0,11688,98600,2,1,1,1,1,1,2,1,10
5HBHXP7R2,マサムツ,N6LR8C7AE,泥の民,924,0,11690,98510,5,6,7,4,5,6,4,7,44
GEL10JFC8,とりいえ,PA9896VH8,ひとり,371,0,11691,98420,2,3,1,1,2,1,2,1,13
PK4Y60F2L,岸田文雄,XGK5TRHBA,パチ○コ錬金術部,110,0,11691,98420,1,2,1,1,1,1,2,1,10
IE6LV4M1E,きぬごし,YK0X6N2HN,無言OK出入自由,1026,2,11693,98330,5,5,8,6,6,5,7,5,47
CT49K8WUC,十々深,9D722M8KC,蓮ノ空同好会,338,0,11694,98240,4,2,2,2,2,2,3,1,18
WV5UHCGK9,イチゴタルト,9E910GGD2,蓮ノ空給湯室,752,0,11695,98150,1,7,1,1,2,1,4,1,18
03PGMFBPW,R4mN3,3BDTCERX6,打ち返した流れ星,983,2,11695,98150,4,1,8,5,4,5,2,5,34
69VYNJ6LX,うおのめ,VXDPPJJL1,蓮ノ空リボ課金部,754,0,11697,98060,2,5,6,2,4,3,7,10,39
0NXKBHVUH,laupyon♡,A6XF7K90J,EN▶こ.こ.こ,153,0,11698,97970,2,5,1,1,2,1,3,1,16
TTA82YMN6,yu,MWHJ339TF,葉山エターナル,202,0,11699,97880,1,1,1,1,2,1,2,1,10
27UC742MU,さんちゅう,26JDLMBLN,徒町は強く生きる,455,0,11699,97880,2,2,1,1,2,3,2,1,14
3NJ7XNMFY,ゲットー,0L35JLBPY,はすはす,684,0,11701,97790,7,7,5,6,6,7,5,8,51
EN6ALHWXF,ありさ♪,XRC45XLGF,ミラクの空応援隊,109,0,11702,97700,5,7,10,6,5,6,2,1,42
NCCKR8BKL,むん。,RKT7BC4F6,人形浄瑠璃乃,98,0,11702,97700,7,10,7,6,2,5,2,1,40
MKYN9KRTW,もちくぼ,1F5EPPMLD,UR貰えればいい,797,0,11704,97610,4,4,4,1,2,1,6,1,23
J2OXR8SM2,ドガバキング,G6EH0KHT7,なんもわからん,862,2,11705,97430,4,5,5,10,6,5,8,7,50
4NETU2JRP,Jay07291,YL2ELYC4U,さや…好きだよ…,218,0,11706,97340,4,10,5,7,5,5,9,10,55
GGZJXSX9P,マル♡,3HDDYR4FU,旅人,294,0,11706,97340,2,2,4,2,3,2,4,2,21
ATULRLVMK,そらろー,E58FYF67C,ロータスランド,830,0,11708,97250,1,2,1,1,2,1,4,1,13
0152BEHAL,k,HKM402U9B,お野菜さんSSC,151,0,11709,97160,1,2,1,1,2,1,1,1,10
AYF7LM69B,紅華,A7WWE0463,蓮ノ空初心者部,269,0,11709,97160,4,5,5,9,2,4,6,5,40
8X8YDJCCV,ろーる,7MXXR7UBG,放課後リンクラ部,752,0,11711,97070,1,1,1,1,2,1,2,5,14
UE0172FTR,いろは,R083H7WRN,サークル無言,664,0,11712,96980,3,2,2,4,5,4,7,4,31
7F60F4MLV,ちゃこ,7C0LC5RFT,^..^♩,275,0,11713,96890,1,3,1,1,2,1,1,1,11
7GFFDC3LF,イレスト,1AEUWRYE7,蓮ノ空ぼっち部,502,0,11714,96710,2,3,3,4,2,1,4,5,24
L0C096YH7,ぴょん,DDKKFN9Y5,蓮ノ空箱推し部！,292,0,11714,96710,4,4,1,3,2,2,3,1,20
0EED2XKGN,きゃん,2K5AM4RV0,とろぺりです,684,0,11716,96620,1,1,1,1,2,1,2,1,10
CALLO8ZXL,やまんぼ,3BE2RELRC,見晴台,707,0,11717,96530,1,1,8,1,4,1,4,8,28
9RFYQPHI5,葉月,600RPGWHR,ぶりしゃぶ,777,2,11718,96440,6,10,4,6,6,5,4,4,45
FGVTHMY9L,めぐ,1AEUWRYE7,蓮ノ空ぼっち部,126,0,11719,96260,1,3,3,1,2,2,4,4,20
0G32VNRFC,こまいぬ,GVNKNN878,Aqours,716,0,11720,96170,5,6,6,1,4,2,6,4,34
5ACJJCCWO,Morpheus,PHMJLJY5E,ラブライブ愛好家,698,2,11721,96080,1,2,8,1,2,1,4,1,20
XFN4X4R6N,だー,4WWM4VVDK,蓮ノ空遊戯開発部,143,0,11722,95990,3,3,6,5,2,1,4,1,25
CMMP7BUE5,フォルカビュア,9DFV9UTW4,白ひげ海賊団,197,0,11723,95810,5,10,5,5,5,6,3,1,40
WDRA8MWP1,聪明可爱夙月月,89K9Y7MX7,初心者歓迎,328,0,11724,95720,2,1,2,1,2,1,2,1,12
7IS74DSSK,あさかきり,L6MF2MPBN,みらくらぱーく党,685,0,11725,95540,2,3,1,1,3,4,4,1,19
GUUTY0FCF,あに,58FD7UF8J,としとしサークル,431,0,11726,95450,4,2,4,1,2,4,4,5,26
X2JJB4G30,いくら,YVF1V2AH6,蓮ノ空全共闘,181,0,11727,95360,4,4,6,1,5,4,4,4,32
MUJJPFL0L,るんるん,TFGKYEY98,LLP JR,211,0,11728,95270,1,4,3,1,2,3,3,1,18
PPYRYBNA7,るぅ,3F0M4HXJE,蓮ノ空まったり部,887,0,11728,95270,7,5,7,7,6,5,7,7,51
7WKRWBFTX,かん,G9CCKEANL,ヤサガラス党,655,0,11730,95180,1,4,3,1,4,1,1,4,19
NXLYM8PUL,結瞳,XVTV7MVCX,雪月花,690,2,11730,95180,1,2,5,2,6,2,3,5,26
MPMLHEHPY,安房坊弁慶,R9BNLJ11B,瑠璃乃を愛でる会,177,0,11732,95090,9,9,9,6,8,7,3,3,54
CFF1FRH35,ちゃなつ,26JDLMBLN,徒町は強く生きる,334,1,11733,95000,2,4,4,1,7,2,3,1,24
0LY5MGCAH,絆,AVY8PECF0,初心者の集い,109,0,11734,94910,5,9,6,3,5,3,1,1,33
292NYY034,ぴいす,L6MF2MPBN,みらくらぱーく党,347,0,11735,94820,1,1,1,1,2,1,4,1,12
AGNKPLEK9,プリン,YMKU30246,参加賞がほしい,249,0,11736,94640,8,2,10,1,2,10,6,5,44
TE9QZWX4C,ちょーさん,D1590FXAP,ちょーさん団,788,0,11736,94640,1,5,1,2,3,2,1,5,20
HDWB63MTG,ppoi,DH97ANN9G,ツキマカセ,899,3,11738,94550,1,5,6,1,2,4,6,9,34
JULNDWLML,時雨,1G89KTD5X,サークルひとり,774,9,11738,94550,1,1,2,1,1,2,2,2,12
7708TJX4C,汐弥の香緋をくれ,57UT319NN,蓮ノ空同好会,621,0,11740,94460,1,1,8,1,2,7,3,5,28
6RGKN90XD,ルビィちゃんの肘,88DJ300PJ,めぐ党 • 永遠,652,0,11741,94370,1,1,1,1,2,1,2,1,10
KW53UJO7T,Jerry,M67ACEP3M,オーバーブースト,804,0,11742,94280,4,1,1,1,2,1,4,1,15
87UXFNDA0,グロリオサ,UKE4LP7GT,クリームソーダ,688,2,11743,94190,1,9,1,1,2,1,9,3,27
9L86139HM,くま助,48GTYR1VB,ハラショー！,393,0,11744,94100,2,2,1,4,4,6,4,2,25
YTHP4617P,ミラプラ,1AEUWRYE7,蓮ノ空ぼっち部,497,0,11745,94010,4,3,2,5,2,1,4,5,26
OCXJLS1J6,抹茶,AGJ215YND,蓮の空中國分校,603,5,11745,94010,9,10,3,1,2,1,4,1,31
N3B669N84,はる,KT4P0CHHC,ゆったり同好会,174,0,11747,93920,4,6,5,1,2,4,5,4,31
T2NPU1UYT,伊達,C003CD1RW,☆蓮ノ空クラブ☆,264,0,11748,93830,7,8,7,5,6,5,7,5,50
8VR88FLBB,Maybe,NX9KJK529,虹ヶ咲学園,194,0,11748,93830,2,1,5,1,5,3,3,1,21
B90PTLGR0,うる,DHKUGEWBJ,めぐ党虹ヶ咲支部,385,0,11750,93740,5,4,4,1,4,7,3,1,29
PSBAJARY9,puramu,W3UUXHMDV,水彩ブーケ,711,2,11751,93650,1,1,9,5,2,1,6,7,32
D8BRV4XC4,みやじ,3BDTCERX6,打ち返した流れ星,457,0,11752,93470,3,2,1,2,3,3,3,1,18
TPZR0AC3T,ソウマ,AUDYF2CJJ,めぐちゃん激甘党,528,0,11752,93470,9,1,6,1,6,1,5,8,37
M5F2MKCX1,ディアゴ,FJMA5BPPE,蓮ノ空すきすき部,720,3,11754,93290,3,1,2,5,1,1,9,9,31
1TFM3ADGW,大トロ,5YJBYGEK5,さやかほ～,475,0,11754,93290,2,2,3,1,2,1,1,1,13
LTPDFUA7B,yot,TDHKGHFPA,無言参加○！,161,0,11756,93200,6,3,6,3,4,3,3,1,29
6H55ANMX6,弓心,4RNUXBXGL,みらぱ最推し,471,0,11757,93110,1,7,1,1,6,1,2,1,20
74K8WXJTU,ちひろ,75UJ5RB97,蓮ノ空雪野球部,612,1,11758,93020,1,1,1,2,4,1,2,4,16
0671L2T8C,misshiy,BYA3FA0X8,無言ぼっち同好会,879,4,11759,92930,1,1,1,1,1,1,2,1,9
0Y1RY08XM,429,LUMM4W0UF,蓮ノ空社辞部,131,0,11759,92930,2,1,2,1,1,1,1,1,10
NLVE7L1BD,カチカチ徒町,73VTANA71,隨緣努力^▽^,186,0,11761,92840,3,4,1,2,3,1,3,1,18
4PN58S2U4,ゆーき,2U4GLJXLJ,泥の中の養分,840,2,11762,92750,2,2,8,10,6,2,6,1,37
VJGX9JRWJ,中野はやて,YXKR0GGM4,蓮ノ空好き好き,734,0,11763,92660,1,4,5,4,4,1,6,5,30
W3C4A0HHV,まさ,R7VEXFUBP,蓮ノ空応援クラブ,623,4,11764,92570,1,3,3,1,4,1,4,1,18
4BEJICD8Q,Arise,BXHG2KXAD,idol.st,979,4,11765,92480,5,7,5,5,2,1,8,8,41
DDU455QAG,Powvi,J80MEYHBC,Nymphaea,448,0,11766,92390,1,1,1,1,1,1,1,1,8
0L4BMRXX1,Peace925,9YTN0M5PV,月月火水木金金♪,93,0,11767,92300,9,8,7,3,3,3,1,1,35
HR1KVYP74,ビオランテ,HWMV33W7Y,フラワー泥民館,895,0,11767,92300,3,8,5,1,7,5,8,9,46
G1DXBJUDM,おおあらい,0PFGRW8W0,ごはん処,173,0,11769,92210,6,2,4,3,2,5,5,4,31
L15RYHY4P,キクハラ,YAY2UK2CT,蓮の空研究部,608,0,11770,92120,1,2,1,1,3,1,2,1,12
XABXPWC55,むねりん,XA0XD41CM,ぼっちぼっち,523,0,11771,92030,6,5,7,5,5,6,10,4,48
NMXVE4KY6,RYUTA,VEA3655P6,蓮ノ空女学院分校,396,0,11772,91940,1,3,3,1,2,1,1,1,13
YUDR7SCT7,ままちゃん,W3YKKRWHG,ルリと愉快な一家,672,0,11773,91850,1,1,1,1,1,1,2,5,13
TZ83KZKTR,Haru*,N57VWGXGK,はなじょ,624,2,11774,91760,2,1,3,1,5,1,4,1,18
22TCMN2BS,ラフ,GVNKNN878,Aqours,480,0,11775,91580,1,3,1,4,2,1,2,4,18
N7VKTLPD7,hoger,MWT91W455,つづこず大好き部,302,0,11775,91580,2,3,3,2,3,1,3,1,18
KJSNTLS7Y,花沢あかり,DFFYFJ2B6,つづさや好き過ぎ,1011,5,11777,91490,6,6,5,4,6,6,3,5,41
CTHYNCW9T,霧雨光夜,YADX9DY49,ﾊｽﾉｿﾗｰ,415,0,11778,91400,1,4,1,4,2,1,2,1,16
CKVTAHT7P,MuKy0Ku,1U4JN5CXB,LLユーカー部!,120,0,11779,91310,4,6,5,1,3,1,4,1,25
6T0DHXPG9,はむらび,43HRXMXWA,無言OKクラブ,223,0,11779,91310,2,3,3,1,2,2,4,2,19
5EYNF27D8,あかねこ,8MTLYLH9F,木星月華黄金宮,61,0,11781,91220,4,6,7,2,3,3,1,1,27
NMJYY0FEU,ドライ,K95YH6P1C,蓮ノ空泥の会,858,0,11782,91130,1,1,1,1,1,1,2,1,9
A7GF3UP34,あらし,C003CD1RW,☆蓮ノ空クラブ☆,85,0,11782,91130,6,4,3,3,3,1,2,1,23
693RKZD65,CA03沼津,FTUJJ5KM9,無言◎私生活優先,972,0,11784,91040,7,7,7,5,8,7,7,8,56
97BFH3LHN,しかまる,1KDUBW4HB,めぐ党0番,304,0,11785,90950,3,3,2,1,2,1,2,1,15
36YLRT658,ゆう,JX6D6TL96,蓮ノ空武蔵野支部,488,0,11786,90860,4,3,2,4,4,2,2,5,26
VXLRJ9PNJ,てけてけ,A6XF7K90J,EN▶こ.こ.こ,772,2,11786,90860,3,1,1,4,6,7,6,1,29
T4K8H4GDM,じん,M851LEV3N,なっす父兄,770,2,11788,90770,4,10,4,1,4,4,4,5,36
VMCEE0JPG,でじまき。,3RH5MYBXV,こずめぐ党,979,2,11788,90770,4,4,4,4,1,1,4,4,26
C84J505K8,こま,48GTYR1VB,ハラショー！,715,0,11790,90680,3,4,5,1,4,4,6,7,34
M5DC7Z49K,Eos,EEP20F2M8,綴理の綴り,541,2,11791,90590,4,2,2,1,2,5,4,3,23
7BMM2MC1L,エアサン,1AEUWRYE7,蓮ノ空ぼっち部,494,0,11792,90500,2,3,3,4,2,1,4,5,24
6D8HVRYXG,わわわ,F90XW14UP,のんびりプレイ,890,4,11793,90320,8,8,9,4,7,5,8,8,57
34OL2N369,レオン,J5CKL5YPX,ログイン勢かもん,463,0,11794,90230,1,3,3,1,2,1,3,1,15
JMNGYA6A4,venus,DFXEH0E0B,香港の初心者♪,360,2,11795,90140,5,6,3,4,3,3,3,2,29
C78QGOVTW,007,YVF1V2AH6,蓮ノ空全共闘,1005,0,11796,90050,1,1,1,1,2,1,2,1,10
2MDPW4L1A,たかし,1AEUWRYE7,蓮ノ空ぼっち部,514,0,11797,89960,1,3,3,4,2,2,4,5,24
D2OBCRYMJ,かな,A3472CNJE,ハントン✿ライス,745,1,11798,89870,1,2,2,2,2,2,7,7,25
5D7P1Y3DC,ペンギン,9YG7C0VM7,綴理と無言で昼寝,841,0,11799,89690,4,5,5,1,2,1,4,1,23
21VNYBYAS,コウリュウ,F2M746D4B,頑張らないクラブ,1048,1,11800,89600,5,6,5,5,4,6,8,5,44
892GK4D2X,友希那,JPKN1TAJ0,無課金プレイヤー,227,0,11800,89600,2,3,3,3,4,3,1,3,22
19DA43F5X,pppandy,EYEPHE14G,花上梢頭,254,0,11802,89510,6,5,3,3,6,7,7,1,38
HD2325EIW,ミツキ,71YH43YW2,りんりんりん,748,0,11803,89330,1,7,1,7,3,1,7,7,34
W9MUZG7U3,ゆず,TD87P23DJ,黄昏の旅団,904,0,11804,89150,4,1,5,7,7,4,6,8,42
PT5918D5F,明墨正樹,ECUB8TE66,明墨法律事務所,249,0,11805,89060,1,2,2,1,4,2,2,3,17
EEF8YBWYN,さこ,1BPH8ARAX,（仮）,704,3,11806,88970,1,1,1,1,2,1,1,1,9
X1R6CY22X,TAKUYA,BPG4D3VMA,不明,372,2,11807,88880,2,1,2,1,2,4,3,1,16
LH2EF68N6,のの天,8MDA3A0AK,イベント用,340,0,11808,88790,2,5,4,1,2,1,5,5,25
5NWJTAN5C,白雪,X7YM9EG8K,伝統の石川地酒,243,0,11809,88700,3,2,2,2,2,2,2,1,16
DVUB563QX,Kawori,MXN85G5KF,蓮ノ空漫画研究部,837,0,11809,88700,4,1,1,5,1,8,8,5,33
0PGLE3B4N,もふもふけだま,9BW3ECEXR,毛玉,415,0,11811,88610,6,5,7,4,4,2,5,4,37
EL7RBN00U,アオゾラ,E49YWK5YC,酢蓮根,810,2,11812,88520,1,2,3,3,2,3,3,1,18
ICR1JEO0I,翠,M8FM7P139,蓮ノ空ひとり旅部,575,1,11813,88430,3,1,1,1,2,1,4,1,14
0YNDKMH2T,になこ,JX0BXWNWH,新米蓮好き好きC,116,0,11813,88430,9,8,10,4,4,5,2,3,45
GRO9MPNX6,ぇむ,1KDUBW4HB,めぐ党0番,464,2,11815,88250,2,4,1,4,2,3,4,1,21
WHJ5Y47BU,よしきち,KGG6VMD1R,蓮ノ空本蓮沼の会,129,0,11815,88250,5,7,4,3,3,3,4,1,30
R6FKYEEYR,コウ,N1JAJ83CA,蓮ノ空園芸部,952,4,11817,88160,4,4,7,5,6,7,8,8,49
PT9UMTBHW,DISK,X2JG5XE0G,関東野菜連合,618,1,11818,88070,4,5,5,4,4,4,4,5,35
TY925VJ5N,wesacyou,N6TVG18P8,すきすきクラブ,234,0,11819,87980,5,1,2,3,4,2,2,1,20
3TCO5GGRU,ミナリンスキー♡,FG9A9ARX1,忙しい人あつまれ,422,0,11819,87980,1,1,5,5,1,1,3,1,18
JHHHCGZAB,TIM,VUY2B6P0F,エンジョイ,593,1,11821,87890,4,10,4,4,2,3,2,1,30
RABDGF0KX,TAKA,5WUDLMWEP,蓮ノ空は明日ノ空,329,0,11822,87800,1,6,4,1,2,1,4,1,20
CYL91977R,げちょげちょ丸,53M4V2BVG,吟子の髪飾り,393,0,11823,87710,5,4,6,4,3,3,7,2,34
CDDJGZ27C,ムラマサ,5YAR2UWUH,エクスグラム,1137,1,11823,87710,2,3,1,2,3,1,1,1,14
HP7HD38CE,ルヴ,R083H7WRN,サークル無言,179,0,11825,87620,2,2,9,1,3,1,2,5,25
7T0K2WG8C,ゆち,R3UE4PGCE,うさぎ小屋,72,0,11826,87530,9,6,5,3,2,2,1,4,32
BG2K091M9,なきう,FUXF9Y717,スリブファンC,89,0,11826,87530,5,7,5,3,2,4,1,1,28
0NEIQZHIJ,ししゃも,F53AELUNC,ソロっと倶楽部,728,2,11828,87440,5,4,7,4,2,6,5,1,34
4FOHA15OX,ぱなちゃ,LUBV8WC82,めうめう,887,2,11828,87440,1,1,1,4,4,1,2,1,15
MTZ6HVL47,ケイタ,H5L4U34AH,あ,447,0,11830,87350,4,5,7,1,3,3,1,5,29
7V0W6M93E,ゆん,RKT7BC4F6,人形浄瑠璃乃,93,0,11831,87260,5,7,6,5,2,6,2,2,35
WF8N2L6H1,渡辺曜,DW13FCXPT,Mulbungs,671,0,11831,87260,7,2,4,1,1,4,4,5,28
WGTTCRTV0,e落落,89K9Y7MX7,初心者歓迎,377,2,11833,87170,1,4,3,1,2,4,3,1,19
50L6L4EW1,GBRLTL,1AEUWRYE7,蓮ノ空ぼっち部,497,0,11834,87080,2,2,2,6,2,2,4,5,25
UV6ALYMT2,もちもち,G6EH0KHT7,なんもわからん,754,0,11835,86990,5,4,6,4,6,4,2,8,39
GFCU82O67,まつと,JWUL2T36L,チーム初心者,608,0,11835,86990,1,2,1,1,3,1,6,1,16
JY4LUEJ2J,KOUSUKE,V5WNV1A43,異次元ビリーバー,149,0,11837,86900,2,1,1,1,2,1,2,1,11
7Q00KI7OR,もんど,VKNC8VYUB,てすと,815,2,11837,86900,1,2,5,1,2,1,5,1,18
2C46TKEGV,ミラクルリ,EWM0GK62C,誰でもどうぞ,901,2,11839,86810,1,1,9,1,6,7,7,8,40
U88X7NLX9,ゼンゾ,UHWA4YLWP,蓮ノ空を見守る会,539,0,11840,86720,4,5,9,1,2,3,7,2,33
NP4P5DPIP,井崎,CJ398GJAT,バッグクロージャ,1024,2,11841,86630,4,4,5,5,6,5,6,9,44
FRHK9YHAL,空白,3LUL3WR8Y,零組,131,0,11842,86360,4,4,2,4,1,2,1,1,19
19DJAWN8G,える,EJY6B26D1,After見たい,248,0,11842,86360,1,2,1,1,2,1,2,1,11
MJR5L6RC4,ナカムラ,YJ21JXMXM,日本酒好好倶楽部,99,0,11844,86270,2,3,1,2,2,1,1,1,13
NE2BZPNFY,楓,60D1TTYTV,無言自由会,167,0,11845,86180,1,3,2,1,3,2,3,1,16
YR73J21EY,Accum,VNEJ2RNW0,まったりんくら,264,0,11846,86090,7,1,1,7,2,9,7,7,41
1RXW9NLN3,Kutuzov,8588YN91J,虹咲学院,312,0,11847,86000,2,4,7,1,2,7,3,7,33
JK3RY8JT2,こうどら,6R5WAYC4D,どら,61,0,11847,86000,7,5,4,2,1,2,1,1,23
PJ790HMGB,honbob,Y6MRDTH4H,283プロ,97,0,11849,85910,4,4,5,5,1,1,1,1,22
1QN06TK80,Kuro,1HG3PU6UA,みらくら倶楽部,671,2,11850,85820,4,4,8,1,2,1,1,1,22
FP6GJPMNX,卯月コウコク,GPNHEGM8H,卯月軍団,476,0,11850,85820,2,2,2,1,6,5,2,5,25
JV67C5NR2,えな。,DKNHY5HH6,なす料理研究会,917,1,11852,85730,4,4,7,4,1,5,7,7,39
5YFHUC0V6,リッカ,B9UGAN695,深い眠りの花,650,0,11853,85550,2,2,1,1,3,3,1,1,14
O9RTU13ET,えりりん,LAKRG5NK9,ログイン勢,977,1,11854,85460,5,2,7,5,6,5,6,7,43
HT7G1W2TW,hozumi,54JWUD9X0,異次元からの者,253,0,11855,85370,1,1,2,2,2,1,2,1,12
A9J6G1V82,kat,00T3NXXA9,初心者,405,0,11856,85280,1,3,4,1,2,1,3,1,16
F5BZAT7DU,美兎子,PY0XLC3J1,蓮ノ空城郭研究会,1072,2,11857,85190,5,5,7,4,7,6,7,7,48
VG8ZMSLND,DiMO,279NUYU7C,れんこん,937,1,11857,85190,1,1,4,1,4,4,6,8,29
0LJMNN107,たっち,R9NGK6L48,のんびりサークル,205,0,11859,85100,1,1,1,1,1,1,2,1,9
RXV5M2FHE,ゆりか,V6DKUH6JT,報酬だけほしい,376,0,11859,85100,2,2,1,1,2,10,4,1,23
2Q1B1UNE2,いずみんP,44WRYMPC2,推せる時に推そう,682,0,11861,85010,4,2,4,5,2,3,6,5,31
2LN9CKMMN,竹林,NB0HX9KP8,かほてぃあん,679,0,11862,84920,4,4,5,5,5,4,7,5,39
533GK0RXR,相沢梓,PD80VCP5N,虹ヶ咲学園,251,0,11863,84830,1,1,1,1,2,1,3,1,11
VRRQM2K8Z,Giahels,FVJFA973A,月猫愛好会,309,0,11864,84650,1,2,2,4,4,4,6,4,27
HT4PYUDEC,カルロス,54JWUD9X0,異次元からの者,704,0,11864,84650,5,5,5,4,4,4,6,4,37
4ABYKW6WA,涼涼,J83JWJ028,大ㄇㄚˊ露營區,684,1,11866,84560,7,2,8,1,2,1,7,7,35
LE11A0ESC,桜紅葉,AH27N260E,百生信託銀行,440,0,11866,84560,2,2,1,1,2,1,2,2,13
YF3ANWDAJ,Bella,C8A9CTB34,蓮ノ空山岡家部,487,0,11868,84470,4,4,3,4,4,2,6,8,35
EGCB5ELEV,あすか,ELTW62751,安全バーは君の腕,437,0,11869,84380,2,1,4,10,1,1,4,1,24
YRU3TKL8N,Jまっくす,A56X45M2C,どんばる同盟,339,0,11870,84110,1,1,1,1,2,1,1,1,9
9ENN9FRP0,縷々,UDLEC36LH,この青空に約束を,470,0,11870,84110,7,4,7,5,2,1,4,5,35
LYFF3PKV5,村田修一,EKACCPWWB,タフノ空学院,360,0,11872,84020,1,3,3,1,1,1,3,1,14
KCVHIKQH3,MiNG,HWWRP6K2J,家に猫がいます,876,0,11873,83750,6,6,7,4,4,4,7,8,46
KEVNR8141,ででんね,7R9H25E73,ゆるっと,431,0,11874,83660,4,4,4,4,6,5,1,1,29
JRBH761FT,tkj,CWXPKYDGU,ホワイトロリータ,703,0,11875,83570,1,1,5,4,4,1,5,1,22
Y9888FG49,くうきの,ABU58EVJ2,Quatuor,656,0,11875,83570,1,9,9,1,3,1,2,1,27
3YBKVJR3W,梢,N6T2MVATD,まったりサークル,1040,1,11877,83480,4,2,5,8,2,7,6,5,39
G0PMM65JB,あかり,KXB93FVTR,ブルームガーデン,273,0,11878,83390,5,2,1,2,2,1,4,1,18
BL7NLXB8X,akito,6UAFKBRPN,リンクラ初心者部,256,0,11879,83300,2,3,2,3,1,1,3,2,17
909KE28PF,りなつ,AG7YVB0Y2,みらくらのーと,177,0,11880,83210,2,2,3,1,2,3,2,1,16
T7138JTKB,にくまん+,BDD8R1HDD,蓮の花を見る会,533,0,11881,83120,1,2,1,2,1,1,2,1,11
YWF9O0CBF,Reed,YAD92UYGC,蓮ノ空を信じろ,518,0,11882,83030,4,3,1,4,4,4,2,4,26
E0PTNNJ6R,明るい学院生,6HXC3AG29,個人用,177,0,11882,83030,7,6,4,4,3,5,4,4,37
FURE9JONM,TERIA,FHN78V2DJ,無言でどうぞ,541,0,11884,82940,1,1,1,1,4,4,3,1,16
WCE19WXYM,manaka,PXDL7Y3VM,ビギナーズ改,183,0,11885,82850,2,3,2,1,3,2,2,1,16
68CY4ANVP,悸动战士,M08GKL70U,ららマジ難民の会,568,0,11886,82760,5,2,1,5,1,1,4,1,20
315C1B3W9,桐生二馬,H6WUKUGM4,東成会,449,1,11887,82670,3,3,2,3,3,2,2,1,19
4WIZFUBJW,ぐり,9YG7C0VM7,綴理と無言で昼寝,721,0,11887,82670,2,1,7,1,2,7,7,7,34
7M4P8UTU7,ラスカ,1AEUWRYE7,蓮ノ空ぼっち部,481,0,11889,82580,3,4,4,4,3,1,4,5,28
V7R4CP2HB,優音,Y7B10LDE8,蓮の日常,906,8,11890,82490,9,1,3,7,6,1,3,7,37
B60D90ALF,まさっち,PHMJLJY5E,ラブライブ愛好家,356,0,11891,82400,1,1,2,1,3,2,9,1,20
H4TVYZ66G,あいす♡,N5WR94M8K,梢ちゃんに甘え隊,318,0,11891,82400,1,1,1,1,1,1,1,1,8
KFFUEUHYE,iP70こまちん,2BB5YVRFL,蓮好き好きクラブ,872,1,11893,82310,1,3,1,1,6,1,6,5,24
BASM7ID1K,普賢,NTRNXXKX6,ハナマルの世界,625,0,11894,82130,4,1,4,1,6,1,4,7,28
B1AKAK1FF,hskz,WK3VC0BGH,YKT,327,0,11895,82040,4,3,1,4,4,5,1,5,27
RJ8HENV3M,赤,HDD9DJVTB,Lotusky,356,0,11896,81950,2,7,4,3,4,1,5,1,27
EDLT3E7LG,フォーレン,HWXEVBW48,ミッション参加用,415,0,11896,81950,1,5,5,1,5,4,6,5,32
B54BOGPZ4,新垣優一,5C2EVBBC1,まったり蓮ノ空,642,0,11898,81860,1,1,1,1,1,1,1,1,8
CLBB8YRX8,ひろかど,1AEUWRYE7,蓮ノ空ぼっち部,517,0,11899,81680,2,4,2,4,2,2,4,5,25
48UCBR20B,そらまめじゃむ,35JCHXLTV,yumo,94,0,11899,81680,2,3,2,2,1,1,3,1,15
3KJNCF7KJ,carter,EDGYH62K9,清掃美化委員会,949,0,11901,81590,1,1,1,2,4,4,4,4,21
2AGQ7MPYH,ねむねむ♪♪,W9V6VTXAN,梢先輩の歌声好き,768,1,11902,81500,2,2,1,1,1,1,2,4,14
QWA2BB5RF,オノロオロ,ANCNM0UPK,スクスタ適当部,868,0,11903,81410,4,2,1,1,4,2,2,2,18
BXMYL9XDH,snp,ADVUET564,設立しても一人,774,0,11903,81410,4,5,1,1,6,4,1,1,23
PX4EXVHGP,コバ,WG393HCB5,月夜見海月よすぎ,379,2,11905,81320,3,2,1,1,2,4,1,1,15
7DF3F3EAI,のぐびー,AE3L01V24,LOVE蓮ノ空,667,0,11906,81230,1,2,1,2,3,1,2,1,13
UV4M5DJ5A,ちる,R9BNLJ11B,瑠璃乃を愛でる会,619,0,11907,81140,6,2,6,4,6,1,6,3,34
4MTG9CFNR,タカ,P2J37FNLG,乙宗先生指導会,278,0,11908,81050,4,5,2,1,3,2,2,1,20
WR279Y1FJ,あや,UVK38MFR2,蓮の虚無サー,913,5,11909,80960,10,7,5,1,2,8,4,1,38
9XEKFTWH6,ヒソウ,YH0KU24PK,スプーン一杯,535,0,11910,80780,5,4,4,1,2,5,4,1,26
J6WMUJKYP,ぴ,7AU131BMP,pcomm,580,0,11910,80780,7,1,4,1,2,1,4,5,25
LULJUNAW1,さっちゃん,LJNCAEVAP,蓮ノ空さやか研,233,0,11912,80690,1,5,1,1,4,1,4,1,18
JPC4KCPMX,Sandy,GL2MWT0L8,For Fun,723,1,11913,80600,10,5,9,4,4,4,1,4,41
6FBJNX8VT,おねぇちゃん,KXMXL2KRX,超初心者,294,0,11914,80510,1,3,1,1,2,1,2,5,16
0VW2CY7M3,京極,XN2VEA6DN,無言,467,1,11915,80420,2,2,1,4,2,2,2,1,16
G2VPV72Y6,chikachi,PULJ8VCHJ,蓮ノ空を推す会,231,0,11916,80330,2,1,1,1,1,1,4,1,12
XBTE24EWU,左音,Y7B10LDE8,蓮の日常,666,0,11917,80240,3,3,2,1,3,3,1,1,17
HJ2ZASMBV,とみとみ,ENHVAL0K6,Believer,932,3,11917,80240,1,4,1,5,4,4,1,1,21
WW5PF16JE,麦茶,NRK4MV1C1,茅バール,315,0,11917,80240,2,1,1,1,2,2,2,1,12
NP4AVG7XM,れもん,DJC4WJXGV,無言出入り自由,211,0,11920,80150,5,4,4,3,2,3,1,1,23
TGAYRAJ97,せり,KGBDPVHXM,1ミリ手前,236,0,11921,80060,1,1,1,1,2,1,1,1,9
98N5K0LN5,Yoru*,YADX9DY49,ﾊｽﾉｿﾗｰ,991,7,11922,79970,4,2,2,1,1,1,2,1,14
FR100LO54,FSN999,C9DAJ6YFV,のんびり,237,0,11922,79970,3,1,1,1,2,1,4,1,14
KET9P06MR,うゆん,75HVLH35B,ぼっちノ空,624,0,11924,79880,1,1,1,4,1,1,1,7,17
8CC4G6C7W,まこ,54UAWUBHN,リンクラスキ♡,208,0,11925,79790,3,1,2,1,2,1,2,7,19
LRH2TMUBR,こよりんこ,E5JKTW00K,蓮ノ空まったり部,810,2,11925,79790,3,2,5,4,2,1,6,7,30
C7NG5N581,LunaW,BPHHYC793,ソロ専の集い,88,0,11927,79700,1,6,2,1,3,2,1,1,17
7O2HAKPM7,佐倉このは,0HW56TXE9,蓮ノ空教務支援室,152,0,11927,79700,1,1,1,1,2,1,1,1,9
1G4HNRFFN,はし,GN9EEL045,きらくに,311,0,11929,79340,1,1,1,1,2,1,4,1,12
AF2GEVEPF,たかひろ,7B0W0EWVA,ソロの為の避難所,545,0,11930,79250,1,2,7,5,5,4,7,6,37
887P00M6Z,ちいつぶ,7JBTC1J7U,いろ蓮,509,0,11930,79250,1,4,2,1,1,2,3,5,19
PWAP7L3NM,Coldsky,ATB27G5P2,おこめ茶寮,462,0,11932,79160,1,1,5,1,4,4,3,1,20
BRD4UMRFT,よしざわ,YMKU30246,参加賞がほしい,162,0,11933,79070,2,4,3,1,2,3,4,3,22
TMKKERRC6,うさだ,8BAYBXUXC,スリブ大好き♪,868,0,11934,78980,1,5,1,1,4,4,8,5,29
IDNDDE34V,ことヨハランすみ,T4ND02HBX,ことヨハランすみ,731,0,11935,78890,4,1,7,5,4,4,5,5,35
ABMWB60BF,十夜,JH5FX56N2,のんびり,798,0,11936,78710,4,4,5,7,3,1,6,7,37
204R42URP,N.A,WNA5GTJPP,蓮ノ空百合クラブ,961,5,11937,78620,4,4,7,7,5,4,7,7,45
CWGGMJAIG,Chisa,F2M746D4B,頑張らないクラブ,844,0,11937,78620,4,4,2,7,3,1,6,7,34
VKTVOWDZE,アマツ様☆,9WF9MWWH2,蓮ノ空原理主義者,799,2,11939,78530,1,1,1,1,2,1,1,1,9
TMZQJGJR1,げんてん,K3LMN5JHH,金沢カレーの皿,757,1,11939,78530,1,2,1,1,1,1,2,1,10
UY4X90Y96,にゃんこ,VNEY6C9BE,スリーマーメイド,761,0,11941,78440,7,7,8,4,4,5,4,7,46
PHV0X1497,rurisuki,6UAFKBRPN,リンクラ初心者部,322,0,11942,78350,1,2,8,5,3,8,6,8,41
UYHHBA4SG,ウィークリー,4FXPC55PY,PPIHクラブ,811,0,11943,78260,5,4,4,4,6,4,4,5,36
PZQKUPVGY,taka,2J6PVJ9D9,ブラックロータス,653,1,11943,78260,1,2,7,2,6,1,1,7,27
FN4BOAOEJ,高松 はくい,FMX18M4EL,はすの,1038,2,11945,78080,3,6,5,4,4,5,9,9,45
SOUTP99OV,たっかー,U8GLCJVJP,コミュ障用誰でも,637,0,11945,78080,4,1,4,1,2,5,4,5,26
4B6AV3XYA,おかゆ,UXEJ9BUWL,ひとりでのんびり,378,0,11947,77900,6,2,3,3,2,3,1,1,21
P60948E47,にゃすけサブ垢,89K9Y7MX7,初心者歓迎,204,0,11948,77810,1,1,1,1,2,2,2,1,11
01A8369EH,ムナゲシロ,AW470U964,ボッチ会,958,3,11949,77720,7,6,4,4,6,5,6,7,45
BFQSB81MY,りん,D075KXX86,花うさぎ,863,0,11950,77630,1,1,2,1,2,1,2,1,11
DM1W3ARE5,サニサニ,JRFM5DW6T,咲く蓮の花,569,0,11951,77540,1,3,2,2,2,3,1,1,15
L4YL0MN40,四季,KBJ2P8T0Y,人見知りの集い,787,0,11951,77540,2,3,1,5,2,4,2,1,20
G22TPKYPD,とみ,XYRA2MND0,蓮ノ空ゆっくり,297,0,11953,77360,2,5,4,2,3,1,3,2,22
U2BXJ1YL1,おおみら,HWMV33W7Y,フラワー泥民館,117,0,11954,77180,8,6,6,4,4,6,2,1,37
45LKVG72D,エル,FVJFA973A,月猫愛好会,116,0,11955,77090,2,3,1,1,2,1,3,2,15
N0A44FN65,Thomas,REUA4H17B,LLLLBR,194,0,11955,77090,1,4,7,4,1,2,2,1,22
VAFYCI9GU,Siren,5JA9K5FAK,オタサーの姫芽,601,0,11957,77000,1,1,8,1,2,1,2,1,17
AN5DMVAK4,やまだ,JY79RPB1D,リンクラゆる部,933,2,11957,77000,2,2,2,1,2,2,2,1,14
AERC86JDF,Giotto,BWM63NDR4,蓮之空学园同好会,249,0,11959,76910,1,1,1,1,2,1,2,1,10
KVY45FV0W,Link,URFTKEVAK,玉ねぎとレジ袋,249,0,11960,76820,4,4,3,4,3,1,1,1,21
9U0KF0VVT,はる,L3NN1RWMY,アポロベイ海賊団,337,0,11960,76820,1,2,2,4,2,2,2,4,19
4XERRJCWB,シリウスブラック,A8BJ5V3ET,はすのそら,625,0,11962,76640,1,2,1,1,2,1,2,2,12
49BKWXE1U,オペル,1AEUWRYE7,蓮ノ空ぼっち部,495,0,11963,76550,2,4,4,4,2,1,4,5,26
7N7UIW9Z0,みりん風調味料,N9B8HXXR0,25時、残陽で。,915,0,11964,76460,1,3,5,5,2,1,6,8,31
71LKLHHAT,とうわ,YL2ELYC4U,さや…好きだよ…,132,0,11965,76370,1,4,2,2,2,3,3,1,18
FTVFLRGB0,てったん,5L9GNT78V,叶え！私達の◯◯,105,0,11965,76370,2,1,4,3,2,3,4,1,20
R6K3M1T0T,けん,TX92H9GBV,アフターが見たい,587,0,11967,76280,4,4,8,5,2,1,2,5,31
31XG43TME,デュオ,F90XW14UP,のんびりプレイ,188,0,11968,76100,2,2,5,1,3,1,4,1,19
JUXYGP8N9,kk07,AKF49TD3T,なんか,79,0,11968,76100,1,2,1,1,2,5,2,1,15
VD14QOUN8,シオ,4GWA0DFUJ,蓮ノ空支部,427,0,11970,76010,1,1,2,4,2,2,1,1,14
YI7O2EN4P,ラト,KA652DGYV,ゆるリンクラ,863,8,11971,75920,1,1,2,1,1,1,2,1,10
N93CDTUGC,ニシ,0VEMMV8E2,スリブとまったり,711,0,11972,75830,3,8,2,4,5,2,8,7,39
DBEJJU1V2,倉橋,Y6MRDTH4H,283プロ,118,0,11972,75830,7,7,8,1,5,5,3,1,37
FDUFVCUX2,sasu2cha,MPPDGVPWX,気楽にプレイ中,49,0,11974,75650,6,5,3,2,1,3,1,1,22
PTMXYPTPN,アオカゼ,CCACL2CMM,無限城,335,0,11975,75560,2,4,1,1,1,1,3,1,14
UPMKCBQ05,F,72J0T27T1,蓮ノ空後方支援部,378,0,11976,75470,1,2,1,1,2,1,2,1,11
FEX3XEJ8K,び湯,6FWRD1K40,いちじょ海賊団,410,0,11977,75380,1,1,1,1,2,1,2,1,10
B9I6Z410E,きょーすけ,3FF3NB77X,せーはす愛好会,912,2,11978,75290,1,4,1,1,1,1,2,5,16
XKQQD3LDV,お隣の天使様,WLFW6UCX5,無敵級ビリーバー,486,0,11978,75290,1,1,1,4,2,1,2,8,20
V1TPPBGC3,Top_Tail,A86FEX2JC,おやさいさん,586,2,11980,75200,1,4,1,5,4,1,2,1,19
6CAKL8NE6,満月,BH9YH1YL5,ラブライバーの森,230,0,11981,75110,2,1,2,1,1,5,3,1,16
9X50UZ9P9,naota,DDJVYDF1F,765,519,2,11982,75020,2,9,1,1,2,1,1,1,18
ALDVET8XN,アッキー,1GJC67JLM,無言の泥,222,0,11983,74930,1,1,1,2,2,3,3,1,14
Y6BGCVXNT,イツキ,865UE9UC6,蓮ノ空うどん部,745,2,11983,74930,1,1,1,1,4,4,2,1,15
EXTLWJW4M,zoids,865UE9UC6,蓮ノ空うどん部,403,0,11985,74840,1,2,1,1,2,1,2,2,12
V2WAXVR69,Emil,281AVFPPX,蓮ノ空過食クラブ,698,2,11986,74750,1,8,4,1,3,4,5,4,30
0S34QCI1C,なな,XHJLF3R8H,ゆったりプレイ,695,0,11986,74750,6,6,6,5,4,5,6,7,45
HXGKLRK1C,みどりはし,FR5PDRB5Y,株式会社つづさや,289,0,11988,74660,3,4,3,1,2,2,3,1,19
X3RCP3RF3,槿,2R4JA022F,弱智吧,297,0,11989,74570,3,2,2,3,1,3,1,1,16
7MV9HF6L5,マジック,2PVYU5V33,ライブに行き隊,310,0,11990,74480,2,2,1,1,1,1,2,1,11
TH7TV3L21,アンドラス,K3R1XY8UT,自由,810,2,11991,74390,1,1,1,8,2,2,2,1,18
96DRFHHYW,Mikan!,NGFXVPCGX,うさぎのしっぽ,307,0,11991,74390,1,1,1,1,1,1,2,1,9
62LSRJSY0,strudel,J05PKV648,Hasucord,406,0,11993,74300,1,2,1,1,1,1,3,1,11
HHKAZ09P9,セブン,4BU2PJLC1,Sky,983,2,11994,74210,5,6,7,5,7,5,2,8,45
X3BREEXNL,もつ兄,CP3KWKH07,まったり社会人部,242,0,11994,74210,2,3,2,1,3,1,3,1,16
6BCCKHDB3,はちく,4HCL7BG63,乙宗喫茶店,941,2,11996,74120,1,6,6,5,7,3,6,8,42
JACPTTTP8,シルソ,P2J37FNLG,乙宗先生指導会,633,0,11997,74030,1,1,1,1,2,1,2,1,10
XHIN05IEX,ゆーゆ,36DAM7HBL,蓮隠れノ里,431,0,11998,73940,1,1,1,1,1,1,2,1,9
O0B97FW7H,ともちゃん,15UKCFG7X,ろーたすぺたる！,689,0,11999,73850,1,2,1,4,2,5,2,5,22
ZMOSSKIEG,yao,E76N52LMW,イベントのみ,851,0,12000,73760,1,2,2,1,2,2,2,1,13
30RUDCEH4,ふみーそ,57UT319NN,蓮ノ空同好会,171,0,12001,73670,2,2,3,1,2,3,2,1,16
BBE9Y3WC5,ふくいかほ,VKW1GNAPL,伝統を守ろう,243,0,12002,73580,1,1,3,1,2,1,4,4,17
1D099802F,happy,TFGKYEY98,LLP JR,158,0,12003,73490,4,3,3,1,4,3,4,1,23
3H4HGFUE2,もえ,58FD7UF8J,としとしサークル,977,1,12003,73490,5,4,7,6,8,7,7,8,52
TJR9JFGV6,はづき,G6EH0KHT7,なんもわからん,633,0,12005,73400,1,1,1,1,1,1,2,1,9
KHHEP4GML,尋冪小汗,J83JWJ028,大ㄇㄚˊ露營區,650,0,12006,73310,1,4,5,1,6,1,8,1,27
N8UCHBY74,桜沢 紫弍,WJY2HK6A5,蓮の空イベント部,545,0,12007,73220,1,1,1,1,1,1,2,1,9
KND6MG28D,GURAさん,8M6UDX260,ぽけもん好き,374,0,12008,73130,1,1,1,1,1,1,4,1,11
3XH3EC1K9,ちょこみんと,BPHHYC793,ソロ専の集い,545,2,12008,73130,2,2,1,2,2,1,2,1,13
6HC63WG4M,ないん,M6NUAVA16,どうなんのすみっ,486,0,12010,73040,1,2,1,4,2,1,1,7,19
U2G9CNWHE,池婉月,ULUELCJ7T,なるようになる？,137,0,12011,72950,2,2,3,1,2,1,1,1,13
Y0NF8U22Y,ゆきだるま,DULFP3TRN,めぐ党員の部屋,485,0,12011,72950,2,2,1,1,1,1,1,1,10
HB8V2P4FP,panadol,TWJ862EPN,こにゃとも,281,0,12013,72860,2,2,2,1,2,1,4,1,15
HKECIPR27,うたまお,LTAG28AVM,蓮ノ空同好会,303,0,12014,72770,1,1,1,1,2,1,2,1,10
FM7DA1BEW,セリオンズ,WYUH9J3BC,工務店,1033,1,12015,72680,1,1,1,1,1,1,1,1,8
E08BKKVPW,Emerald,8AT7V1C7L,初心者です,153,0,12015,72680,2,1,4,2,2,7,3,1,22
D27MX01DA,コルフ,1AEUWRYE7,蓮ノ空ぼっち部,493,0,12017,72590,2,4,3,4,2,2,4,5,26
PFA6LM3XJ,デレテ,LTLT125PE,纏組,288,0,12017,72590,1,1,1,1,2,1,1,1,9
0VOI8JOBH,ケンタ,MG1G6F487,蓮ノ空無微課金部,310,0,12019,72500,1,1,1,1,4,4,3,2,17
YRXW3J6VY,さすらい,DUR1HCEG6,さすらい,286,0,12020,72410,1,1,1,1,2,1,1,1,9
3RCLPAOOO,ゆう,L6MF2MPBN,みらくらぱーく党,620,0,12021,72230,3,3,1,1,1,2,4,2,17
PPWLA983F,ヌーバ,1AEUWRYE7,蓮ノ空ぼっち部,540,0,12022,72140,3,2,3,6,2,1,4,5,26
I6LZ933XG,姫芽ちゃん大好き,A73H7ENN2,エロマンガ同好会,744,4,12023,72050,1,1,1,1,1,7,2,1,15
9V8VXJYH3,うゆゆ,9PF5MA59P,めぐ可愛い,763,2,12024,71960,10,4,4,4,3,3,9,5,42
4EGBZFJ8X,望月,HWWRP6K2J,家に猫がいます,937,2,12024,71960,1,3,7,2,2,1,10,7,33
B9XHJMM62,ぶっちい,TX92H9GBV,アフターが見たい,716,0,12026,71870,1,1,1,1,2,1,2,1,10
NKEBEXYC3,ジェドーラ,JDAUTGR5N,花帆ウサギ,724,1,12027,71780,1,1,2,1,2,1,2,1,11
KHATPC136,おにぎりみかん,43HRXMXWA,無言OKクラブ,647,2,12028,71690,1,2,1,1,2,1,2,1,11
FVBE2MWPC,杏,YUVK7R51W,萌え萌え倶楽部,824,0,12029,71510,4,4,1,5,2,4,7,8,35
SCYSC40V3,Taku,LUH7URBF3,初心者サークル,267,0,12030,71420,2,2,2,1,2,1,3,1,14
4MLL5NJUH,ナナハマ,VA6X5YNNF,スリーズ分家,253,2,12030,71420,1,2,2,1,2,1,3,1,13
WMCDBC3AJ,JoY,7X71T9R7J,憩いの場所,395,0,12032,71330,1,2,2,1,2,1,3,1,13
1PH2N5YEG,たけ,9D722M8KC,蓮ノ空同好会,235,0,12033,71240,4,2,1,1,2,2,2,1,15
JKTBCC13B,しながわ,DFFYFJ2B6,つづさや好き過ぎ,519,0,12034,71150,1,3,1,1,2,1,2,1,12
HHTDWLQKP,カピバラ,73N4AB3LR,かほ子のイオン,824,1,12035,71060,1,1,1,1,2,1,4,3,14
VGDWT295D,ロイア,1AEUWRYE7,蓮ノ空ぼっち部,495,0,12036,70970,2,3,2,4,3,1,4,5,24
CYHB3K93J,富山ルウシェ,AVY8PECF0,初心者の集い,93,0,12037,70880,2,2,4,1,2,1,1,1,14
1JM8GDBD3,ねりぽて,1TTD4X6NC,一人親方,208,0,12037,70880,1,1,1,1,1,1,1,1,8
LWYTY5223,くっちぃ,N287M17E3,プセもやってるお,120,0,12039,70790,2,4,3,1,2,1,1,1,15
F3HUXROZE,unitako,TR057C1UW,蓮ノ空ぼっち部,479,0,12039,70790,1,2,6,2,2,2,3,5,23
4W242N0BU,あなたちゃん,H6JWBBGCG,蓮天・乙宗一心流,1016,4,12041,70700,1,1,1,1,1,1,2,1,9
CU6TF6WM6,ような,63AKA05VR,まったりGngy,757,0,12042,70610,1,1,1,1,2,1,3,1,11
LV1VW2B5U,えねい,BMAKK6VNN,にゃにゃにゃ,111,0,12043,70520,1,1,1,1,2,1,2,1,10
J2WBDJNUJ,そうちゃん,F53AELUNC,ソロっと倶楽部,702,0,12044,70430,1,1,7,1,8,4,7,1,30
8VP1X89DE,JIN,2CRT48K9F,百万アンペア,183,0,12045,70340,6,9,6,1,5,2,4,4,37
CA1FBC0AF,三玖,5RE5JHHAE,デスティニー,527,0,12045,70340,2,1,1,1,4,4,1,1,15
CY91HK41G,さくら,E1HVJ71JR,ご自由にどうぞ,542,0,12045,70340,8,1,2,1,2,1,2,1,18
8IF6IDDYC,Naginata,UJJ4KVDMV,水彩世界は正座,1040,4,12048,70250,4,10,3,10,9,7,2,1,46
PCXDNRC56,ひろまさ,1AEUWRYE7,蓮ノ空ぼっち部,474,0,12049,70160,2,3,2,4,2,1,4,5,23
03YKCH8X8,ミニオン,YRXAAWCJJ,シナモロール,208,0,12050,70070,4,4,1,1,1,2,1,1,15
37NDLWJ73,かざり,GWGDMA3YC,初心者無言自由だ,807,0,12050,70070,2,2,1,1,2,1,2,1,12
BWNPXCR2H,ちょく,XTMGPY62U,スクステ初心者,550,0,12052,69980,2,2,6,1,2,4,4,4,25
HXN4UXLYK,ゆえ,414CEUPEH,アフター見よう！,205,0,12053,69800,5,5,2,1,2,4,4,1,24
UNM2BC1EL,Ram,NMRKHYYRM,ご自由にどうぞ,121,0,12054,69710,8,7,5,6,4,5,4,1,40
LMW6LMG8G,Dagu,279NUYU7C,れんこん,652,0,12055,69620,1,1,1,1,1,1,2,1,9
R7K91VNRY,はかいこうせん,WFPA7YJE1,蓮ノ空文芸部,904,0,12056,69530,1,2,5,1,7,4,9,8,37
H3MXCP4CL,おーいし,KW03UYM9N,hshs,453,0,12057,69440,1,2,1,1,7,1,1,1,15
MKD3U3TW8,てぃーくん,NDGW77R2V,こず花帆尊い,492,0,12058,69350,1,1,1,1,2,1,2,1,10
2M4287VEN,シーサー,DULFP3TRN,めぐ党員の部屋,454,0,12059,69260,1,2,1,1,1,1,1,1,9
UCAPY7D43,マカダミア,YTK29NJ0X,よく分からん会,124,0,12059,69260,1,1,2,1,3,2,3,1,14
U32QZP1ET,宮子,PWK02KG0F,メメントの森公園,695,0,12061,69170,1,1,5,4,2,1,2,5,21
9STYT1EVR,まつりばおじさん,AWD4726F0,スクスタ難民,257,0,12062,69080,1,4,6,1,2,1,1,1,17
8OM0TQZZA,ゆうゆう,H1LTYMK0B,花帆が可愛いの会,637,0,12063,68990,1,3,1,2,2,1,2,2,14
FHX56MG29,桂馬,AA74NLRYD,蓮ノ空高等科,178,0,12064,68810,4,3,3,1,2,1,2,1,17
GRR7W3YRY,TPY,1AEUWRYE7,蓮ノ空ぼっち部,481,0,12064,68810,2,3,4,4,2,1,4,5,25
5CP9E9F9C,あ,9E910GGD2,蓮ノ空給湯室,444,0,12066,68720,1,1,1,9,2,1,2,1,18
8WFM319OY,エイパム,Y0VYCDRPF,一般サークル,268,0,12066,68720,1,3,3,2,2,2,1,1,15
JT119W4BT,カトマイ,1AEUWRYE7,蓮ノ空ぼっち部,456,0,12068,68630,1,1,3,4,2,1,4,5,21
YW2AW7EBW,azusan,U57VPUTEE,ゆったりクラブ,493,1,12069,68540,2,2,2,1,2,2,2,1,14
ABKBRAW9A,ミシア,1AEUWRYE7,蓮ノ空ぼっち部,495,0,12070,68450,2,3,3,4,2,1,4,5,24
87DXJBN49,Mikio,4WRYNBWU1,小さな蓮ノ空,605,0,12071,68360,1,1,2,2,1,1,2,1,11
8X5AHOWI2,jbかよちん,DH97ANN9G,ツキマカセ,389,0,12072,68270,1,1,1,1,2,1,2,1,10
M3PF7KG6K,Ринне,JWUL2T36L,チーム初心者,194,0,12073,68180,2,8,6,4,6,6,7,2,41
332EYNC25,ほしいも,BPFAT416J,さやかわいい,814,2,12074,68090,1,1,4,3,3,2,3,1,18
6KYT1F28A,イオンパン,9AYD3XJ2D,ぺんぎん隊,785,2,12075,68000,1,2,2,1,2,1,8,1,18
8D2PPDK97,りーす,HK0E91U71,放課後写真部,701,2,12076,67910,1,1,6,5,2,6,5,7,33
F5Y7SFS17,ayami,YM72HRVCF,ワンニャン部,778,0,12077,67820,4,1,1,4,6,5,4,5,30
SPF4GI20Y,ユウキ,9C0KWR782,まったリンクラ,933,0,12078,67730,4,2,6,7,2,4,6,7,38
A22OG7JAZ,こちぐま,F7Y0XP6VY,梢先輩大好き軍,772,0,12079,67640,1,1,5,1,2,2,4,4,20
C4A338W2Q,まし,4BU2PJLC1,Sky,546,0,12079,67640,2,1,1,1,1,1,3,1,11
K1WNZ4G2A,K.I.H桜子,HWMV33W7Y,フラワー泥民館,972,6,12081,67550,4,1,7,4,7,7,6,7,43
6YC9RC459,イクセ,85PC904T8,夜空,369,0,12082,67460,1,1,1,1,1,1,1,1,8
LY6WV6464,どに＊FF難民,XLBU65J86,花の壁飾りクラブ,216,0,12083,67370,4,1,1,1,2,1,3,1,14
I23PI6XP7,たき火@may,VWP341FAG,かまぼこ,502,0,12084,67280,1,1,1,1,1,1,1,1,8
5C34ALKEC,ゆうき,BTVC9G95X,FES用,892,0,12085,67190,7,7,7,5,7,7,7,7,54
NX8A2WE63,金沢 5725,V29NBHRHL,自由気ままに,146,0,12085,67190,1,5,4,4,2,2,1,1,20
F8FM9TSOS,hasulove,H6JWBBGCG,蓮天・乙宗一心流,580,4,12087,67100,2,3,4,1,2,1,4,1,18
16JLT8WPG,チーズ,X9X9A5MFJ,ニホンゴヘタカイ,204,0,12088,67010,3,5,5,5,4,4,4,4,34
F32L6G1GV,志萌(しも),PYFV3GWNV,異次元P,656,1,12088,67010,2,1,1,1,1,1,2,1,10
MMM26TFFM,あおさら,PN4VA24XF,みーかるぱーく！,111,0,12090,66920,2,2,2,1,3,2,5,1,18
JL8ER0AE8,Rii,054N7CPVR,部室のニワトリ★,366,1,12091,66740,1,2,1,1,2,1,1,1,10
UHLB6W1XR,花繁,YL2ELYC4U,さや…好きだよ…,112,0,12092,66650,5,3,2,4,2,1,5,1,23
8W23JLCHY,TNA,1AEUWRYE7,蓮ノ空ぼっち部,471,0,12092,66650,1,2,2,4,2,2,4,5,22
R5H1XBXX0,luzn,NFAEPAU8F,蓮スパスパクラブ,193,0,12094,66560,1,1,1,1,2,3,1,1,11
82CBPPX44,胡桃,BBNEWB1UA,蓮ノ空紅茶部,214,0,12095,66470,2,3,1,1,2,1,3,1,14
UVK1MLAA2,極上カルビ,12KVAFYW2,217find,467,2,12095,66470,5,1,1,2,2,3,1,1,16
F3L490HCD,いのっち,CP3KWKH07,まったり社会人部,364,0,12097,66380,2,2,1,1,1,1,2,5,15
N6P07Q4AN,りんねちゃん,JWUL2T36L,チーム初心者,311,2,12098,66290,4,3,1,1,3,1,4,1,18
MDFPPP2KQ,マサ,N5Y24VNFN,個人,502,0,12099,66200,2,1,1,2,2,1,1,2,12
KGBEZY311,とあるファン,WM6VLG32E,ツナガルソラ,466,0,12100,66110,1,1,1,2,2,2,2,1,12
RYRD99RMA,あおい,G202YTPW1,無言倶楽部,211,0,12101,66020,1,1,1,1,1,1,1,1,8
AHBVTJC99,結愛,WCL6R1ANU,無所属の会,277,0,12102,65930,1,6,3,4,6,2,3,1,26
F8U63639F,ゆず,NMRKHYYRM,ご自由にどうぞ,61,0,12102,65930,1,1,2,2,2,1,1,1,11
8AGTLW501,あゆっち,WAV06LD2L,バカタレ共,417,0,12104,65840,7,3,8,6,4,4,2,4,38
U7HH0Y067,酒多蒔絵,CWXPKYDGU,ホワイトロリータ,500,0,12105,65750,1,1,1,1,2,1,1,1,9
Y9RFYET86,iida,YUJH79PK6,とりあえず,375,0,12106,65660,1,1,1,1,2,1,1,1,9
X1F1L5ZCS,Star25,85D411XNB,蓮っ子の集い,733,3,12107,65570,1,1,1,4,4,4,3,1,19
8CF35EGNT,ペンタゴン,KA652DGYV,ゆるリンクラ,298,0,12108,65480,4,6,4,4,4,4,5,1,32
37TMUMBGV,うどん,GWGDMA3YC,初心者無言自由だ,512,0,12109,65390,1,1,1,1,1,1,1,1,8
GTRFKHMJT,ミルク,KXB93FVTR,ブルームガーデン,543,0,12109,65390,1,2,1,1,3,2,3,1,14
FFC2UVGNJ,雇われ店長,7HM5REYD0,ソロです。,1007,3,12111,65300,1,1,1,1,2,1,1,1,9
LYKS6R59K,ししゃも,UX96YX4T1,『位置について』,691,1,12112,65210,1,1,1,1,4,1,2,1,12
385D7LRG1,塩氏,JHTULVV5P,故に瑠璃乃推し,326,0,12113,65120,1,2,1,1,2,2,4,1,14
7VT921WV5,ゆきあかりさんご,TNU4MD0YV,青峰,111,0,12114,65030,1,1,1,1,2,1,1,1,9
8DU56JVW1,ぴろり,4BU2PJLC1,Sky,171,0,12115,64940,1,4,9,2,5,3,5,2,31
5CXXFNAX8,ななみ,9NCCU6R6W,しんげー部,156,0,12115,64940,10,5,6,7,4,6,3,2,43
B73CNYM2W,りり。,B216PY7KK,ゆるゆるり,303,0,12117,64850,6,5,7,1,2,1,1,1,24
2WDEVRH2N,トレカフェ,FL35B1N36,異次元たまり場,554,0,12118,64760,1,1,2,1,2,7,7,1,22
YY14PCK65,リアミサ,21MGGRJEP,ポドとリフレク,163,0,12118,64760,3,1,2,1,2,2,1,1,13
86ZRDE902,よしたん,8A60X3A7P,クルクルリンクル,528,1,12120,64670,1,1,2,7,2,1,5,1,20
12UD0BEEP,ゆうまる,V8XX999F6,卍蓮村幼稚園卍,483,0,12121,64580,1,3,1,3,2,1,2,1,14
X9E82MWF0,Arukas,DHKUGEWBJ,めぐ党虹ヶ咲支部,644,2,12122,64490,5,4,4,1,2,7,6,5,34
FVGIW0W9J,PON,HMBW9DXY2,蓮好き皆あつまれ,872,1,12123,64400,1,2,1,5,2,1,2,1,15
AUMZ8B2VS,ちーちゃん,97BGFLKW9,◯◯◯,532,2,12124,64310,3,3,3,1,4,1,3,1,19
PA6F018P9,霧崎理絵,53NYG615U,蓮ノ空飲酒愛好会,846,0,12124,64310,1,1,5,1,4,4,6,1,23
XF1GCJMZ3,hina,DUK0X7DB1,中国愛蓮同好会,823,1,12126,64130,1,1,1,1,1,2,6,1,14
FAWW5YUXP,キャップ,XXVVJY6FE,はぴぱれ,103,0,12127,64040,2,3,4,5,1,5,2,1,23
8EE2K03TH,Valerita,A6XF7K90J,EN▶こ.こ.こ,192,0,12128,63950,2,1,4,1,2,3,3,1,17
GFK9YVIWC,小さきなこ,AVX749PPB,姫芽ちゃん親衛隊,665,2,12129,63860,1,1,1,1,1,1,2,3,11
HB6NJ5EXN,lk,8774H58CC,ぼっち蓮ノ空,35,0,12130,63770,1,2,1,2,1,2,1,1,11
CJM21NWHY,jsjs,K95YH6P1C,蓮ノ空泥の会,406,0,12131,63590,1,4,2,1,3,1,3,1,16
XULCXHG3W,天城ぬ〜ん,E515TRU1G,起きろ夕霧綴理,93,0,12132,63500,4,3,5,1,4,1,4,5,27
KRPUE6AMH,三郎,ETAMCYHME,蓮ノ空お昼寝部,389,0,12132,63500,1,1,1,1,2,1,2,1,10
Y6188VNEX,たこ焼き,LAKRG5NK9,ログイン勢,744,0,12134,63410,5,6,8,4,4,1,7,7,42
PT3B5R8MF,SAKANA♡,Y6KN85L5P,孤独の村人,200,0,12135,63230,1,4,1,1,2,2,2,1,14
UY31HZ2CW,あおい,VGG1HM53K,のんのん日和,601,1,12136,63140,4,4,4,1,10,4,2,4,33
82TLHENKR,ぶい②,Y2P9LABR2,スクステ同好会③,651,0,12136,63140,1,1,1,1,1,1,1,1,8
EODSZ4YPF,えるちたん,80PAHHPGN,同好会,171,0,12138,63050,5,2,3,4,4,4,1,1,24
9EKD929VW,花宮初奈の犬,M1DLCR0R8,花帆護サークル,160,0,12139,62960,2,2,4,1,6,5,4,1,25
O083WAH9W,INKIBOX,YC3DCPM7M,福井大学ラ研,592,0,12140,62780,1,1,1,1,1,1,2,5,13
Y53H5T7CX,マーサ,3LPBPHL3V,壁の民の伝説,950,5,12140,62780,1,2,2,1,1,1,1,1,10
9NAR1L66E,ゆみ,RN24L196L,るりーーー,208,0,12142,62690,2,2,2,4,2,1,3,1,17
P01PRE98T,椅子,NL1MPRG05,とりあえず,553,0,12143,62600,1,1,1,1,1,1,1,1,8
VXR4AJBGN,はgdo23,L6MF2MPBN,みらくらぱーく党,166,0,12143,62600,1,1,1,1,2,1,2,1,10
E8TJL925D,くるーく,BRXWKVG6W,くるくる,539,0,12145,62510,1,1,1,1,2,1,1,1,9
MD81GYM24,真奈,4RATY4E84,DC大好きクラブ,160,0,12146,62420,5,1,2,1,2,1,9,1,22
3Y0ARND7N,＜感謝パンチ！！,H6JWBBGCG,蓮天・乙宗一心流,81,0,12147,62330,1,1,1,1,1,1,1,1,8
KXRAHU18W,Risa,X2U3T52MF,ONE,908,1,12148,62240,1,1,5,5,4,4,5,10,35
PDBBB2AX0,ono,YMKU30246,参加賞がほしい,262,0,12149,62150,1,2,4,1,3,4,3,1,19
HMTE1FHJB,コヤウチ,3YPGAUM04,ゆのくに天門,600,2,12150,62060,1,1,1,1,1,1,1,1,8
ULAG2R4TC,はるまき,HWXEVBW48,ミッション参加用,98,0,12150,62060,5,6,5,5,4,3,3,1,32
U2VJU03DT,まんまる,2PVYU5V33,ライブに行き隊,555,0,12152,61970,2,1,1,1,1,1,2,1,10
3W2BOUPAT,ゆ〜ちゃん,1M0GGB8LU,上ノ空昼寝クラブ,657,0,12153,61880,1,3,1,1,2,1,2,2,13
9CW9MIK0C,ぶっきー,H9XCY51DJ,ソロ,780,0,12154,61790,1,1,1,1,2,1,1,1,9
B57BGHUVY,なーちゃん,DHKUGEWBJ,めぐ党虹ヶ咲支部,114,0,12154,61790,2,1,1,1,1,3,1,1,11
5GJLMMA51,こうと,C0NDBKMRB,すりぃずぶぅ家,305,0,12156,61700,3,2,1,1,3,1,4,1,16
JTD1NUAAK,いる,8M6UDX260,ぽけもん好き,599,0,12157,61610,3,3,3,3,4,4,3,1,24
6M5K821KD,kozu,UVN7G4X3A,闇のルビィ団,906,0,12157,61610,6,6,5,5,6,4,6,7,45
9JHYEKG0U,にゃん,JHTULVV5P,故に瑠璃乃推し,678,3,12159,61520,1,1,1,1,2,1,2,1,10
LH3WNJ3ES,TIGER,RY7B87YA4,Tsuzu○,288,0,12159,61520,2,1,1,1,2,1,1,1,10
VU719X1CM,Kozu,4RNUXBXGL,みらぱ最推し,221,0,12161,61430,1,1,1,1,1,1,2,1,9
0GY7J9K7G,T.Hoshi,YJ21JXMXM,日本酒好好倶楽部,154,0,12162,61340,1,2,9,1,4,1,1,1,20
4J4TLETYB,たいち,WEXP8MADJ,つづりのおでん,619,0,12163,61250,1,1,1,1,4,1,1,1,11
DRYE5GJNU,ぺんぺん草,2VJG66JTH,まったり,319,0,12164,61160,1,1,1,1,1,1,2,1,9
T9MFHVU53,奈々月,7J3DF36RX,綴理しか勝たん。,792,0,12165,61070,1,1,1,2,2,2,3,2,14
4UV2W9P10,へい,8J1GJT2BC,近畿の大金沢,411,0,12165,61070,1,1,1,1,1,1,2,1,9
CECR0RPJE,GP−STOIC,RKT7BC4F6,人形浄瑠璃乃,93,0,12167,60980,7,6,9,5,4,4,3,2,40
EEXR4P0JM,burst,18YYNRFGA,LotusSky,199,0,12167,60980,1,1,1,1,2,1,2,1,10
AH77FDH9P,シオン,HMX010TX8,自由サークル,73,0,12169,60890,2,2,2,1,2,1,1,1,12
7GT2U38J1,花帆一生推（2）,8G1UVEL53,ラブライバー拓也,184,0,12169,60890,6,4,6,5,2,4,1,1,29
F05L3K4B5,アレルケア,PUJ0ERCMW,蓮ノ空倶楽部,421,0,12171,60800,1,2,1,1,2,1,2,1,11
171YYCN3H,ねこにゃん,EEP20F2M8,綴理の綴り,188,0,12172,60710,1,1,1,1,1,3,1,1,10
CGEPDTU7E,えすてぃー,3BE2RELRC,見晴台,891,0,12173,60620,1,2,5,5,4,4,4,4,29
9Y6J1BMFF,mong2,RAP9FVR3B,あばうといち,872,4,12174,60530,1,2,4,2,1,1,3,1,15
HNKRYF63N,アオ,EFYYG9TAY,ご隠居さーくる,327,0,12175,60440,1,1,2,1,2,2,3,1,13
5MEYDXC2P,アルファ,BE1MJHTUE,揚清激濁,168,0,12175,60440,3,3,4,1,4,2,1,1,19
GE955R88M,はとはん,K8C99H42D,ルリと喜ド！愛楽,416,0,12177,60260,1,1,1,1,1,1,2,1,9
5N58950N6,ヒカル,YVFP54NA2,無言OK！,411,0,12178,60080,1,1,1,1,2,1,2,1,10
L77GVGUIM,傲慢な学院生,RGR1NVGWH,無言推奨・自由村,196,0,12179,59900,1,1,1,1,2,1,1,1,9
3UYT3X81L,フラワーピッグ,F7Y0XP6VY,梢先輩大好き軍,882,0,12179,59900,1,4,4,5,2,4,6,7,33
HGR28ETMY,キリアサ,3LUL3WR8Y,零組,73,0,12179,59900,5,5,5,4,3,4,1,1,28
4MPBSFDZY,このみ,7WUYE3E7M,にゃんにゃん,189,0,12182,59810,1,1,1,1,2,3,1,1,11
AD4Y1DTDX,ハルハル！！,V96VU5F4L,よもぎモチモチ木,208,0,12183,59720,2,4,2,1,4,2,1,1,17
8PHU6NRFP,みやび,546E85JGG,月猫ぱーく！！！,180,0,12184,59630,3,3,4,3,2,4,3,1,23
47F6UGCK7,tk,80VRCG1BY,みらぱ同好会,185,0,12184,59630,1,2,1,1,1,2,1,1,10
6T6BG1GXN,兎月,NGFXVPCGX,うさぎのしっぽ,454,0,12186,59540,5,5,5,1,4,1,2,1,24
J0RZWQ3V6,ゆ,A9MA307FX,楽しいが一番,589,1,12187,59450,1,2,1,1,2,1,2,1,11
4XDZAH7P7,Hisoka,MUXWTW1GV,蓮の空見守り隊,506,0,12188,59360,1,5,1,1,2,2,3,1,16
1X3EGTUCB,ティッピー,YL2ELYC4U,さや…好きだよ…,161,0,12188,59360,3,3,2,1,1,3,2,1,16
KZNZA90X7,雷愛,YHWN0NJ03,ドカ食い気絶部,640,0,12188,59360,7,7,8,4,4,4,6,5,45
W2FDMYVGA,かげまる,MTCCGYJU0,りんごのあめ,745,0,12191,59270,5,5,7,5,4,1,6,5,38
VYDHU5NCB,ほとりん,E17AJTJ9D,楽しみ隊,1135,15,12192,59090,3,2,1,8,8,4,9,1,36
UPJYJ5DX5,どえむ,WLLWJ8ADP,乙宗筋肉サークル,639,1,12193,59000,1,3,1,1,2,1,4,1,14
FLVHTG685,inko,HA6MUTC30,自由なのだけれど,740,2,12194,58910,1,1,1,2,1,1,2,1,10
WM1Q2188E,嵐よう部長,4RATY4E84,DC大好きクラブ,664,0,12195,58820,4,2,4,4,7,1,2,1,25
BZR1V1YZF,あなかゆ,T6J7G9KTK,五十音,470,0,12196,58730,1,2,2,1,2,1,1,2,12
Y0GDLKCTC,真白,XYRA2MND0,蓮ノ空ゆっくり,258,0,12196,58730,5,5,3,8,2,4,3,5,35
X6JYRDVGH,じゃが,2UKNVBMBU,梢ちゃん同好会,545,1,12198,58640,1,1,4,1,2,1,10,1,21
EBP5R4R9S,Yuraku,DMDVHGFUG,インドネシア仲間,541,1,12199,58550,2,2,1,1,1,1,2,1,11
WQEMXBAUD,lily,6C9R15BLY,スクスタ避難民,898,2,12200,58460,1,1,1,1,1,1,2,1,9
7DWPR4HOS,しらす（ねこ）,K4TAHF9YA,はすっこ準備室,1360,5,12200,58460,6,4,6,1,10,5,6,10,48
1YAPH5U0Y,スミノフ,0VEMMV8E2,スリブとまったり,540,0,12202,58370,1,1,1,1,2,1,3,1,11
W3WS8YQDX,you,WJ7GF9WVV,愛と想いやり,764,0,12203,58280,1,1,1,1,1,1,2,1,9
JYOQN37TO,@.com,HKETDDCK6,ぼっちざ蓮!!,694,0,12204,58190,4,1,4,1,4,4,6,7,31
62P64JV6G,ㅍㅅㅍ,AWFDLJ1HC,小蓮花（重生版x,592,0,12204,58190,4,1,4,1,2,1,4,1,18
0CN738EY2,bs88,8K4V9DVNX,F2Pcrcle,43,0,12206,57920,5,3,3,2,3,4,1,1,22
AWWYJREFV,さくら,TB7GJ57D7,シャイニーフラワ,513,0,12206,57920,1,1,4,1,2,4,2,1,16
VX67480FK,第4管理用ぶい,UWUG7XK9L,スクステ同好会④,629,0,12208,57830,1,1,1,1,1,1,1,1,8
XW9KGL7LP,kacal,FJMA5BPPE,蓮ノ空すきすき部,362,0,12209,57740,2,3,1,2,5,4,2,1,20
D77HED1XD,ひし形,97BGFLKW9,◯◯◯,132,0,12209,57740,3,6,8,10,6,3,3,1,40
H8EHU664Y,思い出不全,UVGHL7LG6,Lotus！,556,2,12211,57650,1,2,1,2,4,1,1,1,13
MY5YYNUSS,元気雨,YNR28303K,りんくらぶ,194,0,12211,57650,1,2,2,1,3,1,2,1,13
CEL8TT4KW,浮遊厨,LE0R0AKE7,ラ部,222,0,12213,57560,3,8,4,1,2,2,1,1,22
DGGVRMKPR,Uda,Y6KN85L5P,孤独の村人,111,0,12214,57470,8,8,7,6,3,6,2,1,41
XPEUWAWXB,セラ,EYEPHE14G,花上梢頭,718,2,12214,57470,1,1,1,1,2,1,2,1,10
MW8K0CKFW,アキラ,AVY8PECF0,初心者の集い,165,0,12216,57380,7,3,4,8,1,1,4,4,32
QCWO9VMS1,ゆーほ。,4WRYNBWU1,小さな蓮ノ空,1064,5,12217,57290,1,1,4,1,1,1,2,1,12
VHTNXKHGK,オタイ,X976NB85T,ゆったり同好会,701,2,12218,57200,2,10,1,1,1,5,1,4,25
A48YYCUGU,エヴィス,VK5AU7U2U,蓮アフタークラブ,484,0,12219,57110,4,4,6,2,4,6,2,7,35
VC3LK0KPA,taja,6JMDE20EE,ゆるくまったり,185,0,12219,57110,1,2,2,1,2,3,1,2,14
BGAUDGD7C,러브라이브,T7J89541B,日語漢語蓮愛団,273,0,12221,57020,2,2,1,1,2,2,3,1,14
8FV4A6HPK,紅い子,BEMED3RY1,無言無課金ok,674,0,12221,57020,1,1,1,1,2,1,4,1,12
VCFJ6T4E7,鍵やん,PR2BGEK5K,ありがとう大三角,191,0,12223,56930,1,1,1,1,2,1,2,1,10
MGB43FLL2,白野ひめ,9P9EPKFHE,無言参加OK,125,0,12224,56840,4,5,6,3,4,3,4,1,30
33CE7XFPH,空気,DJE5GDV7B,究極戦刃,335,0,12225,56750,1,1,1,1,2,2,1,1,10
0FCW0SDMU,はんなり,G202YTPW1,無言倶楽部,159,0,12226,56570,1,1,1,1,2,2,2,1,11
HGZV6XAI9,Ehre,WKNYE899F,蓮女探検隊,243,0,12227,56480,2,2,2,1,1,2,3,1,14
3L0UTA1X9,みずなな,RAP9FVR3B,あばうといち,339,0,12228,56390,1,3,1,1,3,2,3,1,15
TAH7PU2MX,セデキ,9EYH317R8,イカトンブライ部,343,0,12229,56300,2,1,5,1,2,2,3,1,17
YHUQ8HLY0,もへもも,H1G4CDT6C,無言自由,545,0,12230,56210,2,2,1,1,2,1,4,1,14
F653VNE67,IC,CL9JCBTU6,蓮ノ空出遅れ組,85,0,12230,56210,5,7,7,2,4,3,1,4,33
7E3N1F50K,るん,CP3KWKH07,まったり社会人部,930,1,12232,56120,6,4,5,5,4,4,6,4,38
5T9YGU65P,うさちゅき,L3NN1RWMY,アポロベイ海賊団,568,0,12233,56030,1,1,1,1,1,1,1,1,8
R6E6JMTYK,しゅー*,XYRA2MND0,蓮ノ空ゆっくり,243,0,12233,56030,7,3,4,10,2,3,3,1,33
394UFRXJ5,クママのプーさん,PNKCBFP4B,おばんです,371,0,12235,55850,1,1,1,1,1,1,2,1,9
YY1XA535V,CHERT,XA0XD41CM,ぼっちぼっち,275,0,12236,55760,1,2,1,1,1,2,2,1,11
LXKZYAHDE,のぞみーちゃん,WJY2HK6A5,蓮の空イベント部,754,0,12237,55580,1,1,1,1,2,1,2,1,10
KVJ7F2GR5,kagekisi,1KDUBW4HB,めぐ党0番,188,0,12238,55490,2,3,1,5,3,3,5,5,27
BKYVJ40A6,みおぴす,88DJ300PJ,めぐ党 • 永遠,209,0,12238,55490,1,4,3,1,3,1,3,1,17
VQ8RCSC3V,Msou,5CG1W6CP5,初心者さん,296,0,12240,55310,1,2,2,1,2,1,2,1,12
QG9KZ3C0K,ギウ,GPKTRBCTT,騎空団蓮ノ空支部,1369,3,12240,55310,9,9,10,9,9,9,10,10,75
WDJ76Z9GI,森のコビト,UU185BVW0,諜報員ROM専部,765,0,12242,55220,1,1,1,1,2,1,1,2,10
3WT609D1Z,可姬双推人,U8LHYPLV9,蓮蓮人中国同好会,493,0,12243,55130,1,1,1,1,2,1,1,1,9
ZW4BJZ3YG,上原サスケ,P2J37FNLG,乙宗先生指導会,1027,0,12244,55040,7,5,5,5,2,4,4,7,39
XD5MFPT3L,なつはるか,WJY2HK6A5,蓮の空イベント部,221,0,12244,55040,2,1,1,1,2,1,3,2,13
SMZJHZSFD,JJ,7NJRGT5M9,はすはすのそら,412,0,12246,54950,1,2,1,1,2,1,1,1,10
44VLUVKTB,紫藍蘭,AE3L01V24,LOVE蓮ノ空,432,0,12246,54950,1,1,7,4,2,5,4,4,28
3GKVBF36V,aiueoef,27RVLX9D7,ハッスス,431,0,12248,54860,1,3,2,1,3,1,1,1,13
1BHGFLPAQ,希烛,BXJ6WV4TB,中国club,636,2,12249,54770,1,2,1,1,2,1,2,1,11
TI5X531MK,レックス,2JK7E4115,ラ！推し,698,0,12250,54680,4,3,2,1,1,1,3,2,17
35DNK4H6F,楡木脑袋,AWFDLJ1HC,小蓮花（重生版x,886,11,12251,54590,1,1,4,4,2,1,4,1,18
Y4W73TYT9,かなた,2AUM7L9BW,蓮初心者クラブ,169,0,12252,54500,2,1,2,1,4,1,4,1,16
TH52BVJ5P,ふかこ,6BFC4G5YG,蓮ノ空足湯同好会,439,0,12253,54320,1,1,1,1,1,1,2,1,9
5EE77AKD7,ライバーオルタ,YJ21JXMXM,日本酒好好倶楽部,493,0,12253,54320,1,1,1,1,1,1,1,1,8
2P55JPLCV,みやじむ,E515TRU1G,起きろ夕霧綴理,425,0,12255,54230,1,1,1,1,2,1,2,1,10
WHYYJ9PFE,ヒジリ,7XAXY1P8A,沼ノ底学園,652,0,12256,54140,1,1,6,4,5,4,1,1,23
Q02FNZZAW,おだんご,R3UE4PGCE,うさぎ小屋,136,0,12257,54050,1,1,1,1,2,1,2,1,10
NCGRCXD2W,じゅんさんぽ,YHMTW891A,のんびり,342,0,12258,53960,1,2,2,3,3,1,1,1,14
1XPX6GBBH,ふらぺちーの,59AK7LJ7A,とりあえず,763,0,12259,53870,5,1,5,5,2,1,2,1,22
AF6H0T18J,梢肉,RGR1NVGWH,無言推奨・自由村,412,0,12259,53870,2,1,4,1,2,2,2,1,15
ZB0799HYU,ジュン,J5CKL5YPX,ログイン勢かもん,361,0,12261,53780,1,2,2,1,2,1,2,1,12
ABYVXP20B,お祭り,V33FGRFC4,1限目に遅刻ラブ,203,0,12262,53690,2,3,1,1,2,3,4,2,18
M8ZYF0T39,浮世英寿,5KK3DFY18,MUGEN∞,722,0,12263,53510,1,1,1,1,1,1,1,1,8
ZWRH5FLSL,く,7H72TPG83,俺総勢一名参陣,904,0,12264,53420,1,2,2,1,3,2,1,1,13
8X0THHMRV,ルシル,XNP3CHWM1,リンクラ愛好会,92,0,12265,53330,3,4,5,1,2,1,2,3,21
9Z94WKJGP,グルシャンニキ,9YM3DBTB7,泥民館,955,0,12266,53240,1,2,1,2,1,1,2,1,11
YU2342JTC,ゆかぴす,XPX36F6JX,無言初心者お試し,98,0,12266,53240,1,1,2,1,1,1,3,2,12
A186DVM8Y,トラジロウ,V96VU5F4L,よもぎモチモチ木,83,0,12268,53150,2,1,1,1,1,1,1,1,9
XEFFBAHA6,阿修羅,6713P80H8,らーめん食べたい,674,0,12269,53060,1,1,1,1,1,1,1,1,8
KKPRIC5E0,あかおこ,GMEF2K8DL,花咲く泥も好き²,831,1,12270,52970,2,2,2,2,2,2,4,1,17
PGBB31JCN,SANPRO!,ELDXGWNA6,○サークル,178,0,12271,52880,1,2,1,1,1,1,2,1,10
8CPIA1FNJ,まいか@百合厨♡,7MPNTWKTN,Dreamers,194,0,12272,52790,2,1,2,1,2,1,2,1,12
7L0L9MW2B,朱いろ,394UG5LNY,行ってらっしゃい,364,0,12273,52700,6,6,8,5,4,1,2,4,36
X3DJ463MF,ちふ,XXVVJY6FE,はぴぱれ,183,0,12273,52700,1,1,1,1,1,1,4,1,11
P1BM9UYA0,ゆきゆ,RKT7BC4F6,人形浄瑠璃乃,73,0,12275,52610,6,6,6,3,5,3,1,1,31
P4RUHTM8L,qyu,WBW66DMUB,るりめぐ研究所,307,1,12276,52520,1,3,1,1,2,1,2,1,12
XM7NW69MW,水狼,1U4JN5CXB,LLユーカー部!,64,0,12277,52340,5,3,4,2,2,1,3,1,21
K7UHX12KM,marisa,8M6UDX260,ぽけもん好き,696,0,12278,52160,1,2,2,2,1,1,2,1,12
P1L1YB0YL,うなぎイヌ,F90XW14UP,のんびりプレイ,565,1,12278,52160,5,2,1,2,1,3,3,1,18
NT48KLCHI,ジェネアイ,P0KRCV1B5,リンクラクラブ,376,0,12278,52160,1,1,1,1,1,1,1,1,8
UMENR2JYU,hime,919XF8V2V,蓮之空大三腳,206,0,12281,52070,2,2,1,1,2,1,5,2,16
H849EFLBK,リー・オード,JDAUTGR5N,花帆ウサギ,816,0,12282,51980,1,2,4,6,5,1,2,8,29
YG8ETATKC,SOU,BWM63NDR4,蓮之空学园同好会,304,0,12283,51890,3,1,3,1,1,1,3,1,14
XD52W4WJF,Lieushei,TTDBXERCU,蓮ノ空 全力応援,75,0,12283,51890,6,7,6,4,4,2,1,1,31
K7AC170VL,kou,RN24L196L,るりーーー,151,0,12285,51710,3,3,1,2,2,1,4,1,17
G2DPLBMGB,ぽん,FG4170141,♪さやか愛好会♪,415,2,12286,51620,2,3,2,1,1,1,3,1,14
TEB1TEEWW,すきすきさん,YMKU30246,参加賞がほしい,259,1,12286,51620,1,2,1,1,1,1,2,1,10
1N7WG1DB7,♪キキ♪,TCTEAMP9C,虹ちゃん最高！,728,0,12286,51620,3,1,2,1,1,1,2,1,12
K3MQN2K3Y,嘉陽,T7J89541B,日語漢語蓮愛団,477,0,12289,51530,1,1,1,1,2,1,2,1,10
264PR7W29,デスヨ,C021HVB2B,第3芸能科,127,0,12290,51440,2,3,2,1,1,1,1,1,12
URW3WB76B,一過,6AKEXA176,名残雪,74,0,12291,51350,6,7,6,4,3,4,2,1,33
GABVVA49D,大福,ELDXGWNA6,○サークル,222,0,12292,51260,1,2,1,1,1,2,2,1,11
XUEF42YT1,小鳥りりりりりり,28XJ8NK4L,蓮ノ空まったり部,126,0,12293,51170,4,4,4,3,3,2,4,1,25
4UAD2DEG8,カエル,XHJLF3R8H,ゆったりプレイ,688,0,12294,51080,1,1,1,1,1,1,1,1,8
MB3C37X4K,セラス推し,WBXF9XXW7,さやつづ愛でる会,117,0,12294,51080,4,2,2,1,3,2,6,3,23
G7K1CM1P6,ルーキー,F2CFWVMY9,藤島め組,147,0,12296,50990,2,2,10,1,1,7,2,1,26
HN4H4478U,ふうかっちょ,JKAYY0KXL,自由！開心！,110,0,12297,50900,10,10,7,3,6,7,2,2,47
KP04WPA2B,umasub,1BRVLJTGX,test,444,0,12298,50720,1,1,1,1,2,2,1,1,10
0YBETDTVR,ひゅうか,75UJ5RB97,蓮ノ空雪野球部,131,0,12299,50540,4,3,2,2,1,1,1,1,15
EX6F1MNUV,ともきち,WJY2HK6A5,蓮の空イベント部,465,0,12299,50540,7,4,1,4,2,4,2,1,25
NHB922EL8,クレラバ,4ULDLHJCN,千変万化,169,0,12301,50360,2,3,2,2,2,3,2,1,17
74HBER9X2,vantu,2B97MH4YA,同じ話し何回も…,36,0,12302,50270,5,3,4,2,2,2,1,1,20
3N2MBU2YA,健生,PHMJLJY5E,ラブライブ愛好家,133,0,12303,50180,2,2,1,1,1,1,2,1,11
FNCRVHI84,鹿紫雲,TJA5LCK8K,弓張学園美術部,1016,0,12304,50090,5,4,8,7,7,7,5,7,50
DG1CJYP8B,はくてゐ,G1HBGEKAL,みらぱは飛び道具,1154,5,12305,50000,10,10,9,9,8,8,9,10,73
