player_id,player_name,search_guild_key,guild_name,总fanlv,DR数量,rank,point,花帆,さやか,瑠璃乃,吟子,小铃,姬芽,泉,塞拉斯,季度等级
4YTEQDE04,ぎんかほ♡結婚式,EYN9H9N16,蓮すきすきクラブ,1751,17,1,3000000,10,10,10,10,10,10,10,10,80
RKVK0YI1L,オレンジ果汁,1BME38BCD,さすさやクラブ,1818,17,1,3000000,10,10,10,10,10,10,10,10,80
OZHGPXIGS,メロン果汁,WN5B7VKPU,きんぴられんこん,1809,18,3,2990000,10,10,10,10,10,10,10,10,80
NC6WJYFVX,でら,EYN9H9N16,蓮すきすきクラブ,1812,17,3,2990000,10,10,10,10,10,10,10,10,80
HVA8EZJWM,鍋,3F9P3U95T,ଳ天地鱏明の空ଳ,1766,17,5,2980000,10,10,10,10,10,10,10,10,80
XTY4GG18V,スイカ果汁,1BME38BCD,さすさやクラブ,1750,17,5,2980000,10,10,10,10,10,10,10,10,80
M30MWLT24,ブルー果汁,1BME38BCD,さすさやクラブ,1848,18,7,2970000,10,10,10,10,10,10,10,10,80
5LL48ARPU,シュウ,3F9P3U95T,ଳ天地鱏明の空ଳ,1592,18,7,2970000,10,10,10,10,10,10,10,10,80
ALF76WC94,あにょつき,11FB0EDDT,スクステ同好会,1548,16,9,2960000,10,10,10,10,10,10,10,10,80
NWUFRAHLN,じゅんじゅん,3F9P3U95T,ଳ天地鱏明の空ଳ,1549,14,10,2950000,10,10,10,10,10,10,10,10,80
HF5CLQ1F8,すがぽん,M5LHG6R4T,乙宗動物園,1853,18,10,2950000,10,10,10,10,10,10,10,10,80
ZWGHFBK3S,DSsuzu,YCTM6RYDP,金沢おでん同好会,1784,18,12,2940000,10,10,10,10,10,10,10,10,80
TKLRD66RN,ふじー,3F9P3U95T,ଳ天地鱏明の空ଳ,1727,16,12,2940000,10,10,10,10,10,10,10,10,80
8XP3JM3HY,ハヤシモリ,CX967RTGY,おんゆあさーくる,1672,16,14,2930000,10,10,10,10,10,10,10,10,80
L71LEGR49,かんなぎ,49AMYCXCD,ルドベキア,1580,18,14,2930000,10,10,10,10,10,10,10,10,80
TXTPD6OZ9,stella,3F9P3U95T,ଳ天地鱏明の空ଳ,1761,16,16,2920000,10,10,10,10,10,10,10,10,80
ISRNX35D4,KYB,RWARTHA1M,乙宗梢大好き部,1792,16,16,2920000,10,10,10,10,10,10,10,10,80
NXLLUPEY0,ゆ〜いん,3F9P3U95T,ଳ天地鱏明の空ଳ,1520,16,18,2910000,10,10,10,10,10,10,10,10,80
64M70NFSR,いなば,YE7CX8RNP,蓮ノ大三十角ex,1782,17,18,2910000,10,10,10,10,10,10,10,10,80
6PNANEUV0,なの,WN5B7VKPU,きんぴられんこん,1785,18,20,2900000,10,10,10,10,10,10,10,10,80
EQOU1ZZS7,葵,3F9P3U95T,ଳ天地鱏明の空ଳ,1729,19,20,2900000,10,10,10,10,10,10,10,10,80
8E70ID58F,あるとす,WN5B7VKPU,きんぴられんこん,1762,17,22,2895000,10,10,10,10,10,10,10,10,80
K7QAEXJLJ,のりすけ,49AMYCXCD,ルドベキア,1796,17,22,2895000,10,10,10,10,10,10,10,10,80
AJMEJX0KG,こーか,EYN9H9N16,蓮すきすきクラブ,1665,17,24,2890000,10,10,10,10,10,10,10,10,80
6NJM4GUG6,Sea,3F9P3U95T,ଳ天地鱏明の空ଳ,1786,11,24,2890000,10,10,10,10,10,10,10,10,80
JLADG5GPX,うぇすとれ,PBRDPWEY1,村村会,1615,17,26,2885000,10,10,10,10,10,10,10,10,80
FVG9O3T6M,484,CX967RTGY,おんゆあさーくる,1783,18,26,2885000,10,10,10,10,10,10,10,10,80
42J4J5OSG,ハラシヨ,W26TRPM1R,めぐ党藤島派,1706,18,28,2880000,10,10,10,10,10,10,10,10,80
ZX04ZZ2IW,きく,YCTM6RYDP,金沢おでん同好会,1600,16,28,2880000,10,10,10,10,10,10,10,10,80
TWKTW5AVC,片翼の天使,GXR6C85BT,花帆ちゃん親衛隊,1543,18,30,2875000,10,10,10,10,10,10,10,10,80
56DXP4XGM,osA_,3F9P3U95T,ଳ天地鱏明の空ଳ,1538,14,30,2875000,10,10,10,10,10,10,10,10,80
KXMPLAX04,ろーぱす,3F9P3U95T,ଳ天地鱏明の空ଳ,1575,17,32,2870000,10,10,10,10,10,10,10,10,80
0UXX86CCP,やん(KK),1BME38BCD,さすさやクラブ,1807,19,32,2870000,10,10,10,10,10,10,10,10,80
9NMP2LJU2,くぼっち,EYN9H9N16,蓮すきすきクラブ,1756,18,34,2865000,10,10,10,10,10,10,10,10,80
VGWT7LCX7,ZUC,3F9P3U95T,ଳ天地鱏明の空ଳ,1629,16,34,2865000,10,10,10,10,10,10,10,10,80
JE5URLPU8,もご,11FB0EDDT,スクステ同好会,1171,6,36,2860000,10,10,10,10,10,10,10,10,80
FCED0MOWI,つかべん,RWARTHA1M,乙宗梢大好き部,1743,19,36,2860000,10,10,10,10,10,10,10,10,80
NLNKEMVRB,ユッキー,X7C21B7H7,泥,1584,13,38,2855000,10,10,10,10,10,10,10,10,80
T09VDOIFQ,ぼぬ,998H940YN,お嬢様筋トレ部,1694,18,38,2855000,10,10,10,10,10,10,10,10,80
LVRF4GDVF,るびたぬ,2K5AM4RV0,とろぺりです,1515,18,40,2850000,10,10,10,10,10,10,10,10,80
68S69TGO8,ｲﾉｳｴ,RFYKY8DCD,LA.LA.LA,1689,9,40,2850000,10,10,10,10,10,10,10,10,80
U7NEBV4KH,こーど,49AMYCXCD,ルドベキア,1550,18,42,2845000,10,10,10,10,10,10,10,10,80
7RODEB74T,しよー,RWARTHA1M,乙宗梢大好き部,1673,18,42,2845000,10,10,10,10,10,10,10,10,80
X0N1L475X,ぼた餅,PBRDPWEY1,村村会,1681,15,44,2840000,10,10,10,10,10,10,10,10,80
PG3THEV4C,あお,EYN9H9N16,蓮すきすきクラブ,1598,16,44,2840000,10,10,10,10,10,10,10,10,80
L8VJOGDKM,Ｚｚｚ,3F9P3U95T,ଳ天地鱏明の空ଳ,1815,18,46,2835000,10,10,10,10,10,10,10,10,80
1P6AUGHX2,もじゃもじゃ,CX967RTGY,おんゆあさーくる,1658,17,46,2835000,10,10,10,10,10,10,10,10,80
OWS2KA4SW,ごみょ,49AMYCXCD,ルドベキア,1705,15,48,2830000,10,10,10,10,10,10,10,10,80
KN3FIHXL7,トミィ,RFYKY8DCD,LA.LA.LA,1785,17,48,2830000,10,10,10,10,10,10,10,10,80
70NE2637U,りふいっと,3F9P3U95T,ଳ天地鱏明の空ଳ,1736,13,50,2825000,10,10,10,10,10,10,10,10,80
WY7ASMM7N,ちゅん,11FB0EDDT,スクステ同好会,1438,17,50,2825000,10,10,10,10,10,10,10,10,80
7Q17H65NQ,mitsu,YE7CX8RNP,蓮ノ大三十角ex,1796,16,52,2820000,10,10,10,10,10,10,10,10,80
ZYAP6N76H,ぬわぁんでよぉ,3F9P3U95T,ଳ天地鱏明の空ଳ,1618,16,52,2820000,10,10,10,10,10,10,10,10,80
OOC27PRN6,リリィ,11FB0EDDT,スクステ同好会,1777,7,54,2815000,10,10,10,10,10,10,10,10,80
X0REUC1B0,ジークハルト,GXR6C85BT,花帆ちゃん親衛隊,1628,18,54,2815000,10,10,10,10,10,10,10,10,80
A172AA7DD,にしん,3F9P3U95T,ଳ天地鱏明の空ଳ,1772,9,56,2810000,10,10,10,10,10,10,10,10,80
67IVLJVB0,ねこるて,CX967RTGY,おんゆあさーくる,1679,17,56,2810000,10,10,10,10,10,10,10,10,80
NWW7GA7JI,虎／からあげ亡霊,PBRDPWEY1,村村会,1590,18,58,2805000,10,10,10,10,10,10,10,10,80
4387Y57EA,あなたこなた,9GDHWXGVG,ルリと花咲く毎日,1690,14,59,2800000,10,10,10,10,10,10,10,10,80
XB2VHAJYV,まさお,GMEF2K8DL,花咲く泥も好き²,1747,14,59,2800000,10,10,10,10,10,10,10,10,80
IZUFEEX2U,アルメ,EYN9H9N16,蓮すきすきクラブ,1692,18,61,2795000,10,10,10,10,10,10,10,10,80
XP37Y6W68,るる,11FB0EDDT,スクステ同好会,1355,8,61,2795000,10,10,10,10,10,10,10,10,80
1A279T9WC,ねば,49AMYCXCD,ルドベキア,1487,16,63,2790000,10,10,10,10,10,10,10,10,80
NY9X4SWNC,くりマロン,11FB0EDDT,スクステ同好会,1702,19,63,2790000,10,10,10,10,10,10,10,10,80
969Y977WP,k1みかん,2K5AM4RV0,とろぺりです,1597,18,65,2785000,10,10,10,10,10,10,10,10,80
R3YC2XYYZ,秋の根性焼き,3F9P3U95T,ଳ天地鱏明の空ଳ,1767,15,65,2785000,10,10,10,10,10,10,10,10,80
CAH984HAW,be proud,M5LHG6R4T,乙宗動物園,1836,17,67,2780000,10,10,10,10,10,10,10,10,80
L6HBG7C3L,あまらく@,0TKFF5EG3,サークル名募集中,1704,17,67,2780000,10,10,10,10,10,10,10,10,80
CO2UVBYHH,時間無引弱懺悔人,PBRDPWEY1,村村会,1707,9,69,2775000,10,10,10,10,10,10,10,10,80
L10RA8434,なこちぃ,HE0GK3EPE,瑞蓮プロカ倶楽部,1416,16,69,2775000,10,10,10,10,10,10,10,10,80
DEVDG82YE,ジョーくん,11FB0EDDT,スクステ同好会,1526,11,71,2770000,10,10,10,10,10,10,10,10,80
7XT268BWG,秋はこずめぐ,EYN9H9N16,蓮すきすきクラブ,1612,18,71,2770000,10,10,10,10,10,10,10,10,80
JRXUOPXXN,ぐんま,49AMYCXCD,ルドベキア,1608,15,73,2765000,10,10,10,10,10,10,10,10,80
W6WFFMRAU,ほむまん,11FB0EDDT,スクステ同好会,1629,15,74,2760000,10,10,10,10,10,10,10,10,80
VK5FCXKLC,ぐっちー,M5LHG6R4T,乙宗動物園,1354,14,74,2760000,10,10,10,10,10,10,10,10,80
3Q65ASSTC,ほうがく,YE7CX8RNP,蓮ノ大三十角ex,1648,18,76,2755000,10,10,10,10,10,10,10,10,80
MC10A5K27,マヒナペ,0UT59MJ8U,かほすこ同好会,1482,13,76,2755000,10,10,10,10,10,10,10,10,80
7Y91YGHL0,taka,M5LHG6R4T,乙宗動物園,1228,13,78,2750000,10,10,10,10,10,10,10,10,80
62NPMRQF6,ふく,3F9P3U95T,ଳ天地鱏明の空ଳ,1719,16,78,2750000,10,10,10,10,10,10,10,10,80
B6XUHLVUZ,ればにら,RFYKY8DCD,LA.LA.LA,1726,18,80,2745000,10,10,10,10,10,10,10,10,80
BTPB6DXYH,あ,CX967RTGY,おんゆあさーくる,1467,10,80,2745000,10,10,10,10,10,10,10,10,80
W48K3OD0Q,ふっちー,998H940YN,お嬢様筋トレ部,1639,14,82,2740000,10,10,10,10,10,10,10,10,80
85NX5JDGB,いろはす,3F9P3U95T,ଳ天地鱏明の空ଳ,1716,19,82,2740000,10,10,10,10,10,10,10,10,80
FN9BYATDE,EVO,11FB0EDDT,スクステ同好会,1582,13,84,2735000,10,10,10,10,10,10,10,10,80
7TAQGMS8W,果物ハンター,PBRDPWEY1,村村会,1639,17,84,2735000,10,10,10,10,10,10,10,10,80
ON66GC85Z,ミツボシ,JTX1G19BP,さやかほ癒し会,1876,19,86,2730000,10,10,10,10,10,10,10,10,80
RRW2O1DH8,ふかひれ,49AMYCXCD,ルドベキア,1748,15,86,2730000,10,10,10,10,10,10,10,10,80
4F1HIHA3J,きびだんごうどん,11FB0EDDT,スクステ同好会,1801,17,88,2725000,10,10,10,10,10,10,10,10,80
RD2UKKFRU,ヒツジグマ,RWARTHA1M,乙宗梢大好き部,1489,18,88,2725000,10,10,10,10,10,10,10,10,80
3LEXE0E48,わかめ,49AMYCXCD,ルドベキア,1426,16,90,2720000,10,10,10,10,10,10,10,10,80
1NOMUK0WK,凛さおり,PDMPF3VVV,r/LL,1515,18,91,2715000,10,10,10,10,10,10,10,10,80
49TUEFEKF,金時草(麸),RWARTHA1M,乙宗梢大好き部,1736,16,91,2715000,10,10,10,10,10,10,10,10,80
U1IQYBNI5,通りすがりの人,3F9P3U95T,ଳ天地鱏明の空ଳ,1793,14,93,2710000,10,10,10,10,10,10,10,10,80
8JKPKHDHC,天使と悪魔の墳墓,EYN9H9N16,蓮すきすきクラブ,1739,17,93,2710000,10,10,10,10,10,10,10,10,80
H4CWPEX7A,カイ,GXR6C85BT,花帆ちゃん親衛隊,1760,15,95,2705000,10,10,10,10,10,10,10,10,80
ME00V6X4B,オラトニス,3F9P3U95T,ଳ天地鱏明の空ଳ,1776,18,96,2700000,10,10,10,10,10,10,10,10,80
9L52YPRA1,ハミングバード,3F9P3U95T,ଳ天地鱏明の空ଳ,1724,10,96,2700000,10,10,10,10,10,10,10,10,80
UPFLJNDNJ,もちもちかちまち,3F9P3U95T,ଳ天地鱏明の空ଳ,1004,7,98,2695000,10,10,10,10,10,10,10,10,80
9MA0T8B65,たな,RF5215M2U,スクステ同好会②,1433,12,98,2695000,10,10,10,10,10,10,10,10,80
TUHKRV0IW,ポン,EYN9H9N16,蓮すきすきクラブ,1792,17,100,2690000,10,10,10,10,10,10,10,10,80
Y2LLTQ4MF,Lautrum,M5LHG6R4T,乙宗動物園,1776,19,100,2690000,10,10,10,10,10,10,10,10,80
WCN6J32TG,しみちゃん,0TKFF5EG3,サークル名募集中,1677,16,102,2685000,10,10,10,10,10,10,10,10,80
W9865YUF6,コクマロ,V4A5MP41E,徒町チャレンジ！,873,10,102,2685000,10,10,10,10,10,10,10,10,80
TW9L2LKS7,スクステ反抗組織,YE7CX8RNP,蓮ノ大三十角ex,1839,15,104,2680000,10,10,10,10,10,10,10,10,80
CZKJL4VOV,調布のりこ,M5LHG6R4T,乙宗動物園,1769,17,104,2680000,10,10,10,10,10,10,10,10,80
LQEN0GFVZ,ごろーざ,WN5B7VKPU,きんぴられんこん,1786,18,106,2675000,10,10,10,10,10,10,10,10,80
FZMYZZPRK,彩花,FK5MUK0ET,くる♡すきクラブ,1518,16,106,2675000,10,10,10,10,10,10,10,10,80
ZUTDBP2C0,Qくん,J7N4W6Y1K,こずミックラブ♡,1758,17,108,2670000,10,10,10,10,10,10,10,10,80
KBI8MUTYD,まけれれ,EYN9H9N16,蓮すきすきクラブ,1810,18,108,2670000,10,10,10,10,10,10,10,10,80
VVRBWNSVQ,かんべえ,E7UBR0A2W,冬枯れの原っぱ,1746,17,110,2665000,10,10,10,10,10,10,10,10,80
GXB5VKOJ8,ティス,CX967RTGY,おんゆあさーくる,1581,18,110,2665000,10,10,10,10,10,10,10,10,80
ZCN6JNO6H,Celica,11FB0EDDT,スクステ同好会,1753,15,112,2660000,10,10,10,10,10,10,10,10,80
V8AFKEXP8,幻,R181MKNX1,みらくらは人生！,1480,17,112,2660000,10,10,10,10,10,10,10,10,80
QUQRGUWJL,にしおり,49AMYCXCD,ルドベキア,1648,18,114,2655000,10,10,10,10,10,10,10,10,80
JTKBKTH2T,かど・フロンタル,PBRDPWEY1,村村会,1395,17,114,2655000,10,10,10,10,10,10,10,10,80
N6KDBV2A2,カナザワの魔王,7R8NKPAB1,花帆推し倶楽部,1727,18,116,2650000,10,10,10,10,10,10,10,10,80
GUUN5GB0W,むうげ,CX967RTGY,おんゆあさーくる,1264,15,116,2650000,10,10,10,10,10,10,10,10,80
BJI9H7CC6,エイジ,PBRDPWEY1,村村会,1680,12,118,2645000,10,10,10,10,10,10,10,10,80
MTS3N3QJK,rifotaku,V4A5MP41E,徒町チャレンジ！,1568,18,118,2645000,10,10,10,10,10,10,10,10,80
I3Z8DKKMK,naru,YCTM6RYDP,金沢おでん同好会,1784,18,120,2640000,10,10,10,10,10,10,10,10,80
C7IMXOP79,ナーガ,RWARTHA1M,乙宗梢大好き部,1707,8,120,2640000,10,10,10,10,10,10,10,10,80
P4ZNDWHDA,どんき,GXR6C85BT,花帆ちゃん親衛隊,1723,18,122,2635000,10,10,10,10,10,10,10,10,80
QTHXHSE6U,総たい,EYN9H9N16,蓮すきすきクラブ,1804,18,122,2635000,10,10,10,10,10,10,10,10,80
CHJFWLKCN,wag,11FB0EDDT,スクステ同好会,1573,15,124,2630000,10,10,10,10,10,10,10,10,80
0STI22GS3,マウスル,RWARTHA1M,乙宗梢大好き部,1771,18,124,2630000,10,10,10,10,10,10,10,10,80
1Y0XFNNDJ,かなたなか,EYN9H9N16,蓮すきすきクラブ,1732,17,126,2625000,10,10,10,10,10,10,10,10,80
JC33CNHML,かすかす,PBRDPWEY1,村村会,1601,16,126,2625000,10,10,10,10,10,10,10,10,80
0USG3I0AK,G,11FB0EDDT,スクステ同好会,1645,17,128,2620000,10,10,10,10,10,10,10,10,80
CS46LXDBO,ひらひら,RFYKY8DCD,LA.LA.LA,1665,14,128,2620000,10,10,10,10,10,10,10,10,80
TC29EK6TA,えくれあ,YCTM6RYDP,金沢おでん同好会,1497,13,130,2615000,10,10,10,10,10,10,10,10,80
EFW2PMAHB,スンスン,M5LHG6R4T,乙宗動物園,1642,16,131,2610000,10,10,10,10,10,10,10,10,80
WK70A6MEG,こへい,N7GLY2RUW,百生銀行,1737,18,131,2610000,10,10,10,10,10,10,10,10,80
36TAUERL7,つきゆび,0TKFF5EG3,サークル名募集中,1329,18,133,2605000,10,10,10,10,10,10,10,10,80
NXVRLTLHM,たわし,11FB0EDDT,スクステ同好会,1102,9,133,2605000,10,10,10,10,10,10,10,10,80
4KFUM6ADN,ねくすと,PBRDPWEY1,村村会,1634,17,135,2600000,10,10,10,10,10,10,10,10,80
1VM9SAJVY,ユデジロウ,V4A5MP41E,徒町チャレンジ！,1624,15,135,2600000,10,10,10,10,10,10,10,10,80
AHTUCR3W8,ワタ,YFADYJVW4,FPS好きクラブ,1421,17,137,2595000,10,10,10,10,10,10,10,10,80
CL0CDYUYY,かなちゃん,PBRDPWEY1,村村会,1504,18,137,2595000,10,10,10,10,10,10,10,10,80
PNCHE9KS0,凡ばぁどけーじ,WN5B7VKPU,きんぴられんこん,1829,18,139,2590000,10,10,10,10,10,10,10,10,80
ZHVYQOXPW,たかやん,YE7CX8RNP,蓮ノ大三十角ex,1558,16,139,2590000,10,10,10,10,10,10,10,10,80
V578L0R6J,mion,PBRDPWEY1,村村会,1494,15,141,2585000,10,10,10,10,10,10,10,10,80
4W6BIX284,リリィ♡,FK5MUK0ET,くる♡すきクラブ,1794,19,141,2585000,10,10,10,10,10,10,10,10,80
U8OROTM2Y,なってしまった！,YCTM6RYDP,金沢おでん同好会,1729,18,143,2580000,8,10,10,10,7,10,10,8,73
CW1IJ4VQU,ALOMA,YE7CX8RNP,蓮ノ大三十角ex,1462,4,143,2580000,10,10,10,10,10,10,10,10,80
NT480V79A,ゆざくら,PBRDPWEY1,村村会,1547,17,145,2575000,10,10,10,10,10,10,10,10,80
J6B943VP6,まぁ,UYCT3Y4JK,蓮っ子,1389,16,145,2575000,10,10,10,10,10,10,10,10,80
ANDHY0LMT,こっしー,CX967RTGY,おんゆあさーくる,1278,16,147,2570000,10,10,10,10,10,10,10,10,80
FSHR5FP4W,Kian,KT4C59NXG,めぐ島,1761,19,147,2570000,10,10,10,10,10,10,10,10,80
YVGO9EHKS,やたペン,HBM31HMUY,YUKIZURI,1578,16,149,2565000,10,10,10,10,10,10,10,10,80
8VNOEJXKL,めじろ,RF5215M2U,スクステ同好会②,1554,18,149,2565000,10,10,10,10,10,10,10,10,80
W51RD80OU,赤飯のごま塩,49AMYCXCD,ルドベキア,1687,15,151,2560000,10,10,10,10,10,10,10,10,80
72OA5HUPW,どなた,M5LHG6R4T,乙宗動物園,1415,18,151,2560000,10,10,10,10,10,10,10,10,80
KY1DYH45V,あて,6XX7GBM0K,ぷちぐる同好会,1770,18,153,2555000,10,10,10,10,10,10,10,10,80
KJWYM5BGB,りーか,49AMYCXCD,ルドベキア,1583,18,154,2550000,10,10,10,10,10,10,10,10,80
ODE064I6J,ちあき,PBRDPWEY1,村村会,1639,16,154,2550000,10,10,10,10,10,10,10,10,80
ZAHTN08A4,まいにち,WTJV514G9,蓮ノ空のお弁当屋,1663,17,156,2545000,10,10,10,10,10,10,10,10,80
ROKS5RRX4,れんこん,EYN9H9N16,蓮すきすきクラブ,1738,18,156,2545000,10,10,10,10,10,10,10,10,80
530X3N5VB,らみん,11FB0EDDT,スクステ同好会,1655,18,158,2540000,10,10,10,10,10,10,10,10,80
OR2FS00BH,あぼます,6045Y2RW7,ポチっと！蓮ノ空,1647,11,158,2540000,10,10,10,10,10,10,10,10,80
ND6DAW05J,パトリシア,M5LHG6R4T,乙宗動物園,1543,15,160,2535000,10,10,10,10,10,10,10,10,80
BGB0VEFP1,笹鎌愁久,PBRDPWEY1,村村会,1362,16,160,2535000,10,10,10,10,8,10,10,10,78
1BNGCP38U,kino,W26TRPM1R,めぐ党藤島派,1492,13,162,2530000,10,10,10,10,10,10,10,10,80
76L1SWWX0,カプ・デカホ,GXR6C85BT,花帆ちゃん親衛隊,1684,18,162,2530000,10,10,10,10,10,10,10,10,80
45NY6HUBX,かいこ,25PMPEMG7,星見プロ,1474,17,164,2525000,10,10,10,10,10,10,10,10,80
71Z6P5FC1,すつ,YCTM6RYDP,金沢おでん同好会,1703,17,164,2525000,10,10,10,10,10,10,10,10,80
7L6LDY5MT,handaeun,YE7CX8RNP,蓮ノ大三十角ex,1807,19,166,2520000,10,10,10,10,10,10,10,10,80
2WT4NHVZ5,のぞのぞみん,11FB0EDDT,スクステ同好会,1754,16,166,2520000,10,10,10,10,10,10,10,10,80
U587LWLVX,やきたこ,YE7CX8RNP,蓮ノ大三十角ex,1303,9,168,2515000,10,10,10,10,10,10,10,10,80
DP15KUDDM,やゆ,49AMYCXCD,ルドベキア,1389,15,168,2515000,10,10,10,10,10,10,10,10,80
UTYSFLDSK,てんどう,V4A5MP41E,徒町チャレンジ！,1427,13,170,2510000,10,10,10,10,10,10,10,10,80
I1D51RNAU,"AKIRA,s",CX967RTGY,おんゆあさーくる,1617,18,170,2510000,10,10,10,10,10,10,10,10,80
VLVZCU5K1,ひなつき,B5V2LNN43,WMW,1650,16,172,2505000,10,10,10,10,10,10,10,10,80
P4LVRKG9L,ツキミ,RFYKY8DCD,LA.LA.LA,1618,15,172,2505000,10,10,10,10,10,10,10,10,80
P9G0536CW,みっつー,WTJV514G9,蓮ノ空のお弁当屋,1550,18,174,2500000,10,10,10,10,10,10,10,10,80
PAXUDJ0ZL,ゆねる,CX967RTGY,おんゆあさーくる,1502,16,174,2500000,10,10,10,10,10,10,10,10,80
HGC8Y4QUS,もがの,49AMYCXCD,ルドベキア,1731,13,176,2495000,10,10,10,10,10,10,10,10,80
1383YAX38,ぴゅーぱ,CX967RTGY,おんゆあさーくる,1086,3,177,2490000,10,10,10,10,10,10,10,10,80
W4E0R6NA9,そらをとぶ,0TKFF5EG3,サークル名募集中,1691,18,177,2490000,10,10,10,10,10,10,10,10,80
HY934N56T,シャカパチの徒町,0TKFF5EG3,サークル名募集中,1655,18,179,2485000,10,10,10,10,10,10,10,10,80
YYC04U1FA,さく,G59NGM0XA,シュリーレン,971,5,179,2485000,10,10,10,10,10,10,10,10,80
71CYB5LAJ,梓弓,YE7CX8RNP,蓮ノ大三十角ex,1360,18,181,2480000,10,10,10,10,10,10,10,10,80
JRKLLY4D3,kazu,HBM31HMUY,YUKIZURI,1454,8,181,2480000,10,10,10,10,10,10,10,10,80
V4BF6FLLT,あめたま,2K5AM4RV0,とろぺりです,1398,13,183,2475000,10,10,10,10,10,10,10,10,80
EEODMO0PN,kazami,HE0GK3EPE,瑞蓮プロカ倶楽部,1808,14,183,2475000,10,10,10,10,10,10,10,10,80
ZYR6MKI25,Larkspur,2K5AM4RV0,とろぺりです,1536,14,185,2470000,10,10,10,10,10,10,10,10,80
CPU567Q5P,あいざっく,8M6UDX260,ぽけもん好き,1628,7,185,2470000,10,10,10,10,10,10,10,10,80
URT1M3CIM,おハル,1BME38BCD,さすさやクラブ,1698,16,187,2465000,10,10,10,10,10,10,10,10,80
22F9H0NK0,かじみん,JTX1G19BP,さやかほ癒し会,1639,19,188,2460000,10,10,10,10,10,10,10,10,80
HSQ00QD7A,グラッド,V4A5MP41E,徒町チャレンジ！,1594,5,188,2460000,10,10,10,10,10,10,10,10,80
G35B741AK,矢澤,YE7CX8RNP,蓮ノ大三十角ex,1483,0,190,2455000,10,10,10,10,10,10,10,10,80
1FREY7CCF,ぱむぱむ,HE0GK3EPE,瑞蓮プロカ倶楽部,1768,16,190,2455000,10,10,10,10,10,10,10,10,80
DRSNNTTME,もや,YE7CX8RNP,蓮ノ大三十角ex,1689,8,192,2450000,10,10,10,10,10,10,10,10,80
TDLLB8M13,りすとら,H6JWBBGCG,蓮天・乙宗一心流,1501,3,192,2450000,10,10,10,10,10,10,10,10,80
J5GI3NA6M,林檎林檎アップル,GXR6C85BT,花帆ちゃん親衛隊,1723,18,194,2449000,10,10,10,10,10,10,10,10,80
9NUAF91LJ,シエル,B5V2LNN43,WMW,1562,14,194,2449000,10,10,10,10,10,10,10,10,80
6B9EETA7A,かっぴ,11FB0EDDT,スクステ同好会,1290,10,196,2448000,10,10,10,10,10,10,10,10,80
G25EXFDYH,いかずちさんだー,V4A5MP41E,徒町チャレンジ！,1427,14,196,2448000,10,10,10,10,10,10,10,10,80
JCTUKGY3G,あら…♡がみ,RWARTHA1M,乙宗梢大好き部,1560,18,198,2447000,10,10,10,10,10,10,10,10,80
FRTXRTHK1,コルド,49AMYCXCD,ルドベキア,1509,18,198,2447000,10,10,10,10,10,10,10,10,80
RV0TDDA7D,喫茶こずめぐ,EYN9H9N16,蓮すきすきクラブ,1740,17,200,2446000,10,10,10,10,10,10,10,10,80
V3J51SJ8F,ゆっきー,1BME38BCD,さすさやクラブ,1760,14,200,2446000,10,10,10,10,10,10,10,10,80
PFLJMTJPB,カリウム,RXXUPMWB9,待機室跡地観測所,1513,9,202,2445000,10,10,10,10,10,10,10,10,80
J2U81HBDL,Kaz@よしりこ,8P39YRA1L,慈と愉快な仲間達,1635,11,202,2445000,10,10,10,10,10,10,10,10,80
ZVZS6JQ72,だてまき,0UT59MJ8U,かほすこ同好会,1443,12,204,2444000,10,10,10,10,10,10,10,10,80
KOKTCEUS1,にんじんソード,1BME38BCD,さすさやクラブ,1682,17,204,2444000,10,10,10,10,10,10,10,10,80
L2DNOMKBV,レーン,0TKFF5EG3,サークル名募集中,1526,13,206,2443000,10,10,10,10,10,10,10,10,80
I2J1HK333,まっちゃ,Y4BKHX868,戒めのひとり旅,1702,18,206,2443000,10,10,10,10,10,10,10,10,80
WIN8KLGAN,もり,1BME38BCD,さすさやクラブ,1654,9,208,2442000,10,10,10,10,10,10,10,10,80
KYXUCDX5P,米豆梨（みどり）,9YM3DBTB7,泥民館,1857,11,208,2442000,10,10,10,10,10,10,10,10,80
8GYTX89XA,ｺﾅｺｺﾅﾆｲﾅ,PBRDPWEY1,村村会,1627,18,210,2441000,10,10,10,10,10,10,10,10,80
3X404K304,いけ,GR65FP8VN,蓮好き,902,5,210,2441000,10,10,10,10,10,10,10,10,80
UMVKT7BBJ,ゆ,RWARTHA1M,乙宗梢大好き部,1535,17,212,2440000,10,10,10,10,10,10,10,10,80
Z55OCBCZ1,すこや,RFYKY8DCD,LA.LA.LA,1620,17,212,2440000,10,10,10,10,10,10,10,10,80
EQCWYNLEG,サ（・8・）グ,7R8NKPAB1,花帆推し倶楽部,1429,14,214,2439000,10,10,10,10,10,10,10,10,80
8CWB97P1N,おだんご,GXR6C85BT,花帆ちゃん親衛隊,1493,11,214,2439000,10,10,10,10,10,10,10,10,80
5GUR9X53N,すてぽ,2B97MH4YA,同じ話し何回も…,1674,16,216,2438000,10,10,10,10,10,10,10,10,80
GRN5C49P3,えーるん,EYN9H9N16,蓮すきすきクラブ,1594,16,216,2438000,10,10,10,10,10,10,10,10,80
ZR84BMV8Z,アヒル太郎,RWARTHA1M,乙宗梢大好き部,1385,17,218,2437000,10,10,10,10,10,10,10,10,80
N48B8N6QZ,こうて〜,CM5THHYHB,「」ノ空だけれど,1728,19,218,2437000,10,10,10,10,10,10,10,10,80
VBGHCMYLL,dpsleap,WHWT61ELR,【無言】ハスノソ,1299,18,220,2436000,10,10,10,10,10,10,10,10,80
WL6FFE9FY,もょもと,EYN9H9N16,蓮すきすきクラブ,1674,17,220,2436000,10,10,10,10,10,10,10,10,80
AL804BYBX,はなぶさ,YE7CX8RNP,蓮ノ大三十角ex,1625,18,222,2435000,10,10,10,10,10,10,10,10,80
GGFPWA50K,ショウ提出ゆ仮,9YG7C0VM7,綴理と無言で昼寝,1688,19,222,2435000,10,10,10,10,10,10,10,10,80
FPUMD8XCP,Atsushi,KULVP7FDR,アニマル分室,1368,18,224,2434000,10,10,10,10,10,10,10,10,80
B1480XVVT,ハミィ,0UT59MJ8U,かほすこ同好会,1410,16,224,2434000,10,10,10,10,10,10,10,10,80
8DSWY1SNL,お茶とコーヒー,HBUK6F7CC,乙宗梢なりきり部,1785,19,226,2433000,10,10,10,10,10,10,10,10,80
M6J593C9W,うらかつ,0TKFF5EG3,サークル名募集中,1729,19,226,2433000,10,10,10,10,10,10,10,10,80
L2WFYHDCX,khani,0TKFF5EG3,サークル名募集中,1370,19,228,2432000,10,10,10,10,10,10,10,10,80
Z2GPEFSMH,梁　豪怒,V4A5MP41E,徒町チャレンジ！,1687,18,228,2432000,10,10,10,10,10,10,10,10,80
59VWBERDV,しゃっく,B5V2LNN43,WMW,894,1,230,2431000,10,10,10,10,10,10,10,10,80
A3GLXU3RH,こずかほ♡両想い,J7N4W6Y1K,こずミックラブ♡,1596,18,230,2431000,10,10,10,10,10,10,10,10,80
DJICFWON6,ながのん,0TKFF5EG3,サークル名募集中,1473,17,232,2430000,10,10,10,10,10,10,10,10,80
DZ3B41G7E,お茶組織,CX967RTGY,おんゆあさーくる,1415,15,232,2430000,10,10,10,10,10,10,10,10,80
YJWW44VBR,ひの,RWARTHA1M,乙宗梢大好き部,1561,13,234,2429000,10,10,10,10,10,10,10,10,80
YJ59JYKBT,やぎとしき,N7GLY2RUW,百生銀行,1682,19,234,2429000,10,10,10,10,10,10,10,10,80
UR13L7CL8,いっけん,YCTM6RYDP,金沢おでん同好会,1587,11,236,2428000,10,10,10,10,10,10,10,10,80
TF32F8ZP2,ヨツヤマン,0TKFF5EG3,サークル名募集中,1521,11,236,2428000,10,10,10,10,10,10,10,10,80
T8W3G9VWA,とれいん,GKR9TEBYC,毎日がホリデイ♪,1637,13,238,2427000,10,10,10,10,10,10,10,10,80
V45G4Y8ER,ニッケル,GXR6C85BT,花帆ちゃん親衛隊,1654,17,238,2427000,10,10,10,10,10,10,10,10,80
N198BK2ZK,Nyon,M5LHG6R4T,乙宗動物園,1683,18,240,2426000,10,10,10,10,10,10,10,10,80
5KXTYUA3E,タコ,KXU941RFJ,梢先輩おめでとう,1322,15,240,2426000,10,10,10,10,10,10,10,10,80
LXWED1VJN,葉山球磨,R181MKNX1,みらくらは人生！,1385,6,242,2425000,10,10,10,10,10,10,10,10,80
12GTXCH5V,Juice,7XH3K4GBT,LLP,1578,19,242,2425000,10,10,10,10,10,10,10,10,80
O3F93YCLH,あおい,B5V2LNN43,WMW,1536,11,244,2424000,10,10,10,10,10,10,10,10,80
K58KYI7W9,さわ,0UT59MJ8U,かほすこ同好会,1508,12,244,2424000,10,10,10,10,10,10,10,10,80
UR8RH1ARX,ブクト,1BME38BCD,さすさやクラブ,1550,18,246,2423000,10,10,10,10,10,10,10,10,80
SM59T811D,Case,RWARTHA1M,乙宗梢大好き部,1538,15,246,2423000,10,10,10,10,10,10,10,10,80
BWK68GGBD,風紀,CX967RTGY,おんゆあさーくる,1424,10,248,2422000,10,10,10,10,10,10,10,10,80
A1YL665HX,dai,YCTM6RYDP,金沢おでん同好会,1560,17,248,2422000,10,10,10,10,10,10,10,10,80
WKO5MRT84,NANA,7R8NKPAB1,花帆推し倶楽部,1502,17,250,2421000,10,10,10,10,10,10,10,10,80
JAG81QH05,たらみ吟子,GXR6C85BT,花帆ちゃん親衛隊,1661,15,250,2421000,10,10,10,10,10,10,10,10,80
4YU95R6BA,ティー,11FB0EDDT,スクステ同好会,1035,12,252,2420000,10,10,10,10,10,10,10,10,80
AXNUE33I7,♨釜玉うどん♨,N2KCENRKH,猫＆旅大好き部,1643,6,252,2420000,10,10,10,10,10,10,10,10,80
LKY79HKFR,しらす,HE0GK3EPE,瑞蓮プロカ倶楽部,1748,19,254,2419000,10,10,10,10,10,10,10,10,80
0AIT0SH3M,Pastel,M5LHG6R4T,乙宗動物園,1696,12,254,2419000,10,10,10,10,10,10,10,10,80
G9KZQ5RPT,あずまき,11FB0EDDT,スクステ同好会,1367,10,256,2418000,10,10,10,10,10,10,10,10,80
YDKMAKH51,Casi,G0J2F9NAL,さやさやさーくる,1070,8,256,2418000,10,10,10,10,10,10,10,10,80
UYBPPXGKU,37.25秒の噺,M5LHG6R4T,乙宗動物園,1410,18,258,2417000,10,10,10,10,10,10,10,10,80
U02MSU4XI,こかな,BCJRMHE75,梢すきすきクラブ,1704,18,258,2417000,10,10,10,10,10,10,10,10,80
6JQ56RZXR,たまご,YCTM6RYDP,金沢おでん同好会,1596,13,260,2416000,10,10,10,10,10,10,10,10,80
QOE50Z9JA,フェス,49AMYCXCD,ルドベキア,1755,19,260,2416000,10,10,10,10,10,10,10,10,80
U0L572GGD,ガリィ,F2CFWVMY9,藤島め組,1754,16,262,2415000,10,10,10,10,10,10,10,10,80
S1JO65QZU,すと。,3F9P3U95T,ଳ天地鱏明の空ଳ,1641,9,262,2415000,10,10,10,10,10,10,10,10,80
DPQ6HPBXJ,黒い秋,49AMYCXCD,ルドベキア,1711,5,264,2414000,10,10,10,10,10,10,10,10,80
B0KUNBVED,みっくん,M5LHG6R4T,乙宗動物園,1480,18,264,2414000,10,10,10,10,10,10,10,10,80
J4NN3D06A,斯波,3F9P3U95T,ଳ天地鱏明の空ଳ,1674,18,266,2413000,10,10,10,10,10,10,10,10,80
EWJNDLVTH,豆苗,RWARTHA1M,乙宗梢大好き部,1084,12,266,2413000,10,10,10,10,10,10,10,10,80
EMFP5HG3T,さりっく,GXR6C85BT,花帆ちゃん親衛隊,1768,19,268,2412000,10,10,10,10,10,10,10,10,80
9ENVXR95K,マオ,M5LHG6R4T,乙宗動物園,1642,16,268,2412000,10,10,10,10,10,10,10,10,80
AK6AYMM19,ごろよん,PBRDPWEY1,村村会,1613,16,270,2411000,10,10,10,10,10,10,10,10,80
0DKJN8WXG,ごまッチョ,GXR6C85BT,花帆ちゃん親衛隊,1455,18,270,2411000,10,10,10,10,10,10,10,10,80
80YJPN7V1,シガナ,25PMPEMG7,星見プロ,1439,16,272,2410000,10,10,10,10,10,10,10,10,80
2AUU5PNBB,masaya,W3YKKRWHG,ルリと愉快な一家,1310,8,272,2410000,10,10,10,10,10,10,10,10,80
5VDMLPVY3,刹那,F8MLHU2NV,乙宗梢様､､､,1163,12,274,2409000,10,10,10,10,10,10,10,10,80
2JEPGGIMS,さちうさま,YCTM6RYDP,金沢おでん同好会,1491,12,274,2409000,10,10,10,10,10,10,10,10,80
1A89S5KW0,流布,11FB0EDDT,スクステ同好会,1587,17,276,2408000,10,10,10,10,10,10,10,10,80
AT03UHE11,えむ,25PMPEMG7,星見プロ,1550,17,276,2408000,10,10,10,10,10,10,10,10,80
85J48PFHD,なおい,R181MKNX1,みらくらは人生！,755,2,278,2407000,10,10,10,10,10,10,10,10,80
MSIM39YXD,ヤシ,1BME38BCD,さすさやクラブ,1539,17,278,2407000,10,10,10,10,10,10,10,10,80
3TMJPAKPH,saklas,ABALH0AL3,楽園計画,1421,5,280,2406000,10,10,10,10,10,10,10,10,80
1Q6V88SU7,みどり,L3NN1RWMY,アポロベイ海賊団,1550,18,280,2406000,10,10,10,10,10,10,10,10,80
4UL0VYVYJ,ベル,79C17CHA2,蓮ノ空出張部,1116,14,282,2405000,10,10,10,10,10,10,10,10,80
ZNS2C16VP,トニー,WX1DYC9Y1,ラナンキュラス,1537,12,282,2405000,10,10,10,10,10,10,10,10,80
UWJC8Y1Y5,ロマンティック水,2ULM366U6,毎日がエブリデイ,1591,18,284,2404000,10,10,10,10,10,10,10,10,80
U8MEXM43B,千歳,M5LHG6R4T,乙宗動物園,1455,14,284,2404000,10,10,10,10,10,10,10,10,80
NOBSSQRBX,パタポン,1BME38BCD,さすさやクラブ,1525,16,286,2403000,10,10,10,10,10,10,10,10,80
NTF5VNC3W,つーかい,3F9P3U95T,ଳ天地鱏明の空ଳ,1135,8,286,2403000,10,10,10,10,10,10,10,10,80
E660BE5X1,ロコモコ丼,6045Y2RW7,ポチっと！蓮ノ空,1696,19,288,2402000,10,10,10,10,10,10,10,10,80
L8ABK1O0Y,きゃわ,CX967RTGY,おんゆあさーくる,1631,18,288,2402000,10,10,10,10,10,10,10,10,80
TD60MU94M,チロリン,RFYKY8DCD,LA.LA.LA,1409,9,290,2401000,10,10,10,10,10,10,10,10,80
5Z53SYIYH,Shio,11FB0EDDT,スクステ同好会,1445,17,290,2401000,10,10,10,10,10,10,10,10,80
LDLTRQ88V,しらたま,YCTM6RYDP,金沢おでん同好会,1818,19,292,2400000,10,10,10,10,10,10,10,10,80
TSIWHEG61,らぁら,11FB0EDDT,スクステ同好会,1708,15,292,2400000,10,10,10,10,10,10,10,10,80
IN27C39RY,スス,9YM3DBTB7,泥民館,1765,19,294,2399000,10,10,10,10,10,10,10,10,80
9BRVF2KFM,まっち,V4A5MP41E,徒町チャレンジ！,1398,4,294,2399000,10,10,10,10,10,10,10,10,80
EY3R9SBM8,くぼT,1BME38BCD,さすさやクラブ,1567,17,296,2398000,10,10,10,10,10,10,10,10,80
EIJ9NR6QJ,もんじゃくん,11FB0EDDT,スクステ同好会,1478,16,296,2398000,10,10,10,10,10,10,10,10,80
BMM78P2WR,(・8・),M5LHG6R4T,乙宗動物園,1640,18,298,2397000,10,10,10,10,10,10,10,10,80
Z4TLWEM1D,ちびこま,YE7CX8RNP,蓮ノ大三十角ex,1729,12,298,2397000,10,10,10,10,10,10,10,10,80
1KEVDVFF9,のら,WN5B7VKPU,きんぴられんこん,1541,11,300,2396000,10,10,10,10,10,10,10,10,80
NBN8MER17,ひらたみ,V4A5MP41E,徒町チャレンジ！,1104,13,300,2396000,10,10,10,10,10,10,10,10,80
WLUXAH66F,りじ,0TKFF5EG3,サークル名募集中,1394,16,302,2395000,10,10,10,10,10,10,10,10,80
XBQ9DY9FG,店長,WN5B7VKPU,きんぴられんこん,1671,17,302,2395000,10,10,10,10,10,10,10,10,80
OJ8LRLQKO,抹茶あいす,1DU9LCND7,蓮ノ空すこやか部,1748,18,304,2394000,10,10,10,10,10,10,10,10,80
83T3PMCBE,ちみんてゃ,2NY9H8BR9,乙宗紅茶館,727,4,304,2394000,10,10,10,10,10,10,10,10,80
FK3XYRKA8,Kennyo,79C17CHA2,蓮ノ空出張部,1315,4,306,2393000,10,10,10,10,10,10,10,10,80
NK48LNWT8,Eri_Maki,1BME38BCD,さすさやクラブ,1553,18,306,2393000,10,10,10,10,10,10,10,10,80
LFWM5V6B2,護星神ﾀｲﾀﾆｱ,M5LHG6R4T,乙宗動物園,751,4,308,2392000,10,10,10,10,10,10,10,10,80
ARB6FHC6U,なべし,RF5215M2U,スクステ同好会②,1631,19,308,2392000,10,10,10,10,10,10,10,10,80
P34EPD352,ゆー,9JTF508LB,スクスタ亡霊部,1486,15,310,2391000,10,10,10,10,10,10,10,10,80
DUGKFJTKX,松山 祐季,6XX7GBM0K,ぷちぐる同好会,1642,18,310,2391000,10,10,10,10,10,10,10,10,80
W0WYHMBR4,リョータ,49AMYCXCD,ルドベキア,1396,15,312,2390000,10,10,10,10,10,10,10,10,80
E12RMFCE1,ひしょう,998H940YN,お嬢様筋トレ部,1559,11,312,2390000,10,10,10,10,10,10,10,10,80
24M5TJDPS,わるつ,3F9P3U95T,ଳ天地鱏明の空ଳ,1737,18,314,2389000,10,10,10,10,10,10,10,10,80
4T6CLBPT1,かいじんさん,TXNCTRR1U,瑠璃乃推し隊,1563,18,314,2389000,10,10,10,10,10,10,10,10,80
8WYMG9D4G,らり,R181MKNX1,みらくらは人生！,1390,14,316,2388000,10,10,10,10,10,10,10,10,80
9NJQWNFN2,としひら,T045NDKW0,♬さやか愛好会♬,1519,15,316,2388000,10,10,10,10,10,10,10,10,80
INAGE6AD9,halxiel,YE7CX8RNP,蓮ノ大三十角ex,1585,13,318,2387000,10,10,10,10,10,10,10,10,80
NU071DC0B,青酸柊(シアン),RWARTHA1M,乙宗梢大好き部,1506,17,318,2387000,10,10,10,10,10,10,10,10,80
HU55NKXPK,たっち,EYN9H9N16,蓮すきすきクラブ,1714,18,320,2386000,10,10,10,10,10,10,10,10,80
30CWC728L,naonao,2K5AM4RV0,とろぺりです,1385,16,320,2386000,10,10,10,10,10,10,10,10,80
F2KGTW1YD,片岡,V4A5MP41E,徒町チャレンジ！,1353,11,322,2385000,10,10,10,10,10,10,10,10,80
AFMBX6BPP,36℃U・B・U,PBRDPWEY1,村村会,1510,13,322,2385000,10,10,10,10,10,10,10,10,80
4VWR0PK2P,ジャガー,X7C21B7H7,泥,1380,17,324,2384000,10,10,10,10,10,10,10,10,80
HCH7L01VU,スノーアイス,RF5215M2U,スクステ同好会②,1627,18,324,2384000,10,10,10,10,10,10,10,10,80
Y5V6GYNUP,ですお,8R49BTWW6,蓮女お嬢様クラブ,1055,7,326,2383000,10,10,10,10,10,10,10,10,80
XEDYAEF7D,waito,3F9P3U95T,ଳ天地鱏明の空ଳ,1413,9,326,2383000,10,10,10,10,10,10,10,10,80
428BS936U,ふじさき,RFYKY8DCD,LA.LA.LA,1572,12,328,2382000,10,10,10,10,10,10,10,10,80
MYP7JNW3B,ほうじ茶,PBRDPWEY1,村村会,1512,18,328,2382000,10,10,10,10,10,10,10,10,80
FYK24K9Y1,卓球,HBUK6F7CC,乙宗梢なりきり部,1525,17,330,2381000,10,10,10,10,10,10,10,10,80
YI2HLRX0W,リベルテ,RWARTHA1M,乙宗梢大好き部,1597,17,330,2381000,10,10,10,10,10,10,10,10,80
152BPF239,たると,YE7CX8RNP,蓮ノ大三十角ex,1584,13,332,2380000,10,10,10,10,10,10,10,10,80
L5PWKHTE5,まざ,V4A5MP41E,徒町チャレンジ！,1424,14,332,2380000,10,10,10,10,10,10,10,10,80
0GN74WMV4,にしきた,8JMW9G2XW,僕らのリンクラ！,1308,10,334,2379000,10,10,10,10,10,10,10,10,80
KPW0D8CBK,F0X,GKR9TEBYC,毎日がホリデイ♪,953,7,334,2379000,10,10,10,10,10,10,10,10,80
LXROXCRPX,たな,RFYKY8DCD,LA.LA.LA,1670,16,336,2378000,10,10,10,10,10,10,10,10,80
4FC73IGQN,Suguya,0UT59MJ8U,かほすこ同好会,1467,17,336,2378000,10,10,10,10,10,10,10,10,80
43JYBJIVA,やこう,GXR6C85BT,花帆ちゃん親衛隊,1648,13,338,2377000,10,10,10,10,10,10,10,10,80
1CWT30PGP,花宮家の執事,MTBP3B4GM,ふらわーすきすき,1411,18,338,2377000,10,10,10,10,10,10,10,10,80
DJFBBUV8E,トルコ,WN5B7VKPU,きんぴられんこん,1744,19,340,2376000,10,10,10,10,10,10,10,10,80
J6Y8G6LWT,ざわ,48BTAPMBG,蓮ノ空魔術部,1379,2,340,2376000,10,10,10,10,10,10,10,10,80
JIKYKGGNX,ぬー,HBUK6F7CC,乙宗梢なりきり部,1530,15,342,2375000,10,10,10,10,10,10,10,10,80
M13CTUF6N,ニール,49AMYCXCD,ルドベキア,1665,17,342,2375000,10,10,10,10,10,10,10,10,80
0XN7DUJUU,ながいくん,RFYKY8DCD,LA.LA.LA,1410,18,344,2374000,10,10,10,10,10,10,10,10,80
P2ENLR3NN,ﾉﾚcｲ´=ω=,V6DV6KETG,梢好き好きクラブ,1590,17,344,2374000,10,10,10,10,10,10,10,10,80
YYD4LKBM0,せり,948FLPMPN,まったりハス煮〜,1211,13,346,2373000,10,10,10,10,10,10,10,10,80
84CN09DR5,むすび,0TKFF5EG3,サークル名募集中,1689,14,346,2373000,10,10,10,10,10,10,10,10,80
PKWTSERD8,そらと,ANCNM0UPK,スクスタ適当部,1440,18,348,2372000,10,10,10,10,10,10,10,10,80
RND3BA6Q4,あゆ,49AMYCXCD,ルドベキア,1575,15,348,2372000,10,10,10,10,10,10,10,10,80
WJP7GPH5L,musiq,7R8NKPAB1,花帆推し倶楽部,1491,10,350,2371000,10,10,10,10,10,10,10,10,80
3KVF51XYR,わかめ。,0UT59MJ8U,かほすこ同好会,1609,15,350,2371000,10,10,10,10,10,10,10,10,80
82AHP3EY8,じいなぴー,AH27N260E,百生信託銀行,1069,8,352,2370000,10,10,10,10,10,10,10,10,80
DXN1X5JYF,ここのん,W26TRPM1R,めぐ党藤島派,1391,5,352,2370000,10,10,10,10,10,10,10,10,80
TRLEB6AD0,ねんねこ,FC8NBAJBT,ラー麺二郎金沢店,1571,17,354,2369000,10,10,10,10,10,10,10,10,80
7RKDSBKXW,あらさん,11FB0EDDT,スクステ同好会,1557,12,354,2369000,10,10,10,10,10,10,10,10,80
KWNXKNY6X,ぷいにゅー,49AMYCXCD,ルドベキア,1769,18,356,2368000,10,10,10,10,10,10,10,10,80
2BYYVT3XU,そう,RWARTHA1M,乙宗梢大好き部,1449,18,356,2368000,10,10,10,10,10,10,10,10,80
T3QL9JKGZ,だ,W26TRPM1R,めぐ党藤島派,1497,13,358,2367000,10,10,10,10,10,10,10,10,80
BRJ0XWX77,しいのき,V4A5MP41E,徒町チャレンジ！,1781,18,358,2367000,10,10,10,10,10,10,10,10,80
TF3P7YXVG,メンダコ,V4A5MP41E,徒町チャレンジ！,1607,16,360,2366000,10,10,10,10,10,10,10,10,80
ZLU168QJU,かつ,FG5VFFNRK,蓮ノ空おじさん,1740,17,360,2366000,10,10,10,10,10,10,10,10,80
0IEZ2HUX7,はる,HBM31HMUY,YUKIZURI,1584,18,362,2365000,10,10,10,10,10,10,10,10,80
4WPGNU9FX,ラミュタス,PBRDPWEY1,村村会,1502,16,362,2365000,10,10,10,10,10,10,10,10,80
XTSJ3L8IV,Liba,FC8NBAJBT,ラー麺二郎金沢店,1485,17,364,2364000,10,10,10,10,10,10,10,10,80
72CKW0EAA,にっぴー,PBRDPWEY1,村村会,1365,14,364,2364000,10,10,10,10,10,10,10,10,80
PE08U0X7E,きちよぎ,0EL43A30P,こころのいろは,1456,18,366,2363000,10,10,10,10,10,10,10,10,80
02DY8MLAP,蓮き,YFADYJVW4,FPS好きクラブ,1492,18,366,2363000,10,10,10,10,10,10,10,10,80
TJMDPKU7K,いこあん,48BTAPMBG,蓮ノ空魔術部,1299,18,368,2362000,10,10,10,10,10,10,10,10,80
LF6E9CG7H,マリジャ,VP0K6KF0K,蓮ノ空大好き!!,1537,18,368,2362000,10,10,10,10,10,10,10,10,80
9XAYMC4D1,あずさはち,AH27N260E,百生信託銀行,854,3,370,2361000,10,10,10,10,10,10,10,10,80
L13896J13,XLD,NC2YT2V28,蓮之愛同予者何人,1480,18,370,2361000,10,10,10,10,10,10,10,10,80
LP0BEDRF6,YはゆうかのY,YE7CX8RNP,蓮ノ大三十角ex,1764,18,372,2360000,10,10,10,10,10,10,10,10,80
FM1GCQSEE,Goona,M5LHG6R4T,乙宗動物園,1623,14,373,2359000,10,10,10,10,10,10,10,10,80
0R6JF8Y94,ししゃーも,0TKFF5EG3,サークル名募集中,1372,15,373,2359000,10,10,10,10,10,10,10,10,80
8Q0P3A5Y5,よしお,CM5THHYHB,「」ノ空だけれど,1754,18,375,2358000,10,10,10,10,10,10,10,10,80
I05B7B0OX,ぷちだれ,HPTHY23VR,蓮ノ空文芸部,1241,17,375,2358000,10,9,10,10,10,9,10,10,78
8OJ4K93MD,コロ,HBUK6F7CC,乙宗梢なりきり部,1712,16,377,2357000,10,10,10,10,10,10,10,10,80
L6A36K16J,偽善者,FK5MUK0ET,くる♡すきクラブ,1583,17,377,2357000,10,10,10,10,10,10,10,10,80
M8KSSVGQS,ぎんこちゃ,PBRDPWEY1,村村会,1603,18,379,2356000,10,10,10,10,10,10,10,10,80
46LUML6GW,あやたか,7RBMBBY88,瑠璃色金魚,1196,12,379,2356000,10,10,10,9,10,10,10,10,79
AEXWSLMBY,じゃが,M67ACEP3M,オーバーブースト,1499,13,381,2355000,10,10,10,10,10,10,10,10,80
8AYYRWFO5,ちゃー,E7UBR0A2W,冬枯れの原っぱ,1480,8,381,2355000,10,10,10,10,10,10,10,10,80
K8XN5UVA3,ツインドアノブ,W26TRPM1R,めぐ党藤島派,1536,13,383,2354000,10,10,10,10,10,10,10,10,80
YA23T8JH8,つばサンド,FK5MUK0ET,くる♡すきクラブ,1364,18,383,2354000,10,10,10,10,10,10,10,10,80
E1BW0SBYP,かすかべ,1DU9LCND7,蓮ノ空すこやか部,1748,18,385,2353000,10,10,10,10,10,10,10,10,80
AKMY82517,いずのあい,HE0GK3EPE,瑞蓮プロカ倶楽部,1788,18,385,2353000,10,10,10,10,10,10,10,10,80
C0BE0UEXT,あまぁ,3F9P3U95T,ଳ天地鱏明の空ଳ,865,3,387,2352000,10,10,10,10,10,10,10,10,80
TBFNA0DEB,ぐどん,V4A5MP41E,徒町チャレンジ！,961,5,387,2352000,10,9,9,10,10,9,10,10,77
J5XK1MALN,おやじぃ,Y2HV0YEF7,蓮ノ空を応援し隊,1451,18,389,2351000,10,10,10,10,10,10,10,10,80
MNV5KYXG7,六天,48BTAPMBG,蓮ノ空魔術部,1434,16,389,2351000,10,10,10,10,10,10,10,10,80
7K7CV3ZAW,ちぇま,WTJV514G9,蓮ノ空のお弁当屋,1466,3,391,2350000,10,10,10,10,10,10,10,10,80
VKR2DFGE5,ふーとー,L3NN1RWMY,アポロベイ海賊団,1160,18,391,2350000,10,10,10,10,10,10,10,10,80
WP2XGUKDR,はむはむ,B5V2LNN43,WMW,1442,18,393,2349000,10,10,10,10,10,10,8,10,78
F1TNFLPPC,へいろう,GYG7B5R36,幼馴染同好会,887,3,393,2349000,10,10,10,10,10,10,10,10,80
QB5S4TMVR,もなか,CTW8DKV5P,まったり,1660,15,395,2348000,10,10,10,10,10,10,10,10,80
DPNPWAUOQ,たにー,WN5B7VKPU,きんぴられんこん,1717,17,395,2348000,10,10,10,10,10,10,10,10,80
KE5MFJYDB,omega,TBHVUNGK6,ヨーロッパ軒,1100,3,397,2347000,10,10,10,10,10,10,10,10,80
A14T0UXLP,ユンシ,YFADYJVW4,FPS好きクラブ,1400,16,397,2347000,10,10,10,10,10,10,10,10,80
QVXRHXGXB,みなるい,6XX7GBM0K,ぷちぐる同好会,1469,17,399,2346000,10,10,10,10,10,10,10,10,80
D0L5338PN,ひろせ,M5LHG6R4T,乙宗動物園,1466,18,399,2346000,10,10,10,10,10,10,10,10,80
YXT22ACK2,honokaho,M8FM7P139,蓮ノ空ひとり旅部,1681,18,401,2345000,10,10,10,10,10,10,10,10,80
UPWIH0P3R,アルカナ,2B97MH4YA,同じ話し何回も…,1617,18,401,2345000,10,10,10,10,10,10,10,10,80
NT1KBPYNC,ひまじん,95YCCGJJG,あまね部蓮同好会,871,2,403,2344000,10,10,10,10,10,10,10,10,80
82UULA4JD,コリラックマ,RFYKY8DCD,LA.LA.LA,1637,18,403,2344000,10,10,10,10,10,10,10,10,80
4GFTHESOY,あた,JTX1G19BP,さやかほ癒し会,1457,18,405,2343000,10,10,10,10,10,10,10,10,80
XBQTPQ3K0,とみー,W3YKKRWHG,ルリと愉快な一家,1359,11,405,2343000,10,10,10,10,10,10,10,10,80
VJF8HF7JA,フラワー,05KN1RR3U,さやかほ花卉園,1647,9,407,2342000,10,10,10,10,10,10,10,10,80
E1J3F69YK,ひろりん,K8C99H42D,ルリと喜ド！愛楽,1164,10,407,2342000,10,10,10,10,10,10,10,10,80
74M5NJZTF,lanndamu,948FLPMPN,まったりハス煮〜,1563,17,409,2341000,10,10,10,10,10,10,10,10,80
NFHW3MHX0,カンナ,K4TAHF9YA,はすっこ準備室,1177,14,409,2341000,9,10,10,10,10,10,10,10,79
AADHJTAH6,ハッピー至上主義,0UT59MJ8U,かほすこ同好会,1263,10,411,2340000,10,10,10,10,10,10,10,10,80
Z8YYF2JJZ,木崎拓人@ルリラ,X7C21B7H7,泥,1641,18,411,2340000,10,10,10,10,10,10,10,10,80
F53XY7P9Y,ゆきち,0UT59MJ8U,かほすこ同好会,1580,18,413,2339000,10,10,10,10,10,10,10,10,80
4FGPNYMSS,てんよし,HE0GK3EPE,瑞蓮プロカ倶楽部,1729,15,413,2339000,10,10,10,10,10,10,10,10,80
NOB5KDBV6,しる220,0UT59MJ8U,かほすこ同好会,1566,16,415,2338000,10,10,10,10,10,10,10,10,80
P3REY1R5J,いがらし,6XX7GBM0K,ぷちぐる同好会,760,2,415,2338000,10,10,10,10,10,10,10,10,80
PHXKAE0L7,カタヒデ,WTJV514G9,蓮ノ空のお弁当屋,1229,16,417,2337000,10,10,10,10,10,10,10,10,80
IUC2M7CPB,スニャイパー,0UT59MJ8U,かほすこ同好会,1481,15,417,2337000,10,10,10,10,10,10,10,10,80
VX6FL3EOS,ミミル,EYEPHE14G,花上梢頭,1634,18,419,2336000,10,10,10,10,10,10,10,10,80
N422VBWO7,Angelkey,0UT59MJ8U,かほすこ同好会,1593,18,419,2336000,10,10,10,10,10,10,10,10,80
LV8A14V4F,ゼンマイ,CTW8DKV5P,まったり,1486,15,421,2335000,10,10,10,10,10,10,10,10,80
M3ANWTEQ1,"甘野老oNM,",73CBYJYB0,"oNM,",1744,17,421,2335000,10,10,10,10,10,10,10,10,80
WH6L0E1FH,えでおじ,0TKFF5EG3,サークル名募集中,1420,19,423,2334000,10,10,10,10,10,10,10,10,80
U5GTP9WG6,たびせみ,6045Y2RW7,ポチっと！蓮ノ空,1700,18,423,2334000,10,10,10,10,8,10,10,10,78
DBMUT6YCX,キリ,V8XX999F6,卍蓮村幼稚園卍,1288,15,425,2333000,10,10,9,10,10,10,6,10,75
WHYCRK6EZ,Salokim,NC2YT2V28,蓮之愛同予者何人,1457,19,425,2333000,10,10,10,10,10,10,10,10,80
LNTJFQNJ4,雪人,V6DV6KETG,梢好き好きクラブ,1532,11,427,2332000,10,10,10,10,10,10,10,10,80
VJ89ASDAM,まぐろー,7U20138DB,LGP,1431,17,428,2331000,10,9,9,10,9,10,9,8,74
D0RVYCT5J,蓮,V4A5MP41E,徒町チャレンジ！,1476,12,428,2331000,9,7,10,10,9,10,10,10,75
1908GAXUT,source,CV62FGL1U,花咲かせ隊,1662,18,430,2330000,10,10,10,10,10,10,10,10,80
A60CTPWTP,もっすん,E7UBR0A2W,冬枯れの原っぱ,1687,18,430,2330000,10,10,10,10,10,10,10,10,80
W19UTKDEB,わし村長,2B97MH4YA,同じ話し何回も…,1019,0,432,2329000,10,10,10,10,10,10,10,10,80
KXJK2VBJ5,esu,B5V2LNN43,WMW,1401,17,432,2329000,10,10,10,10,10,10,10,10,80
F7A3MHW3F,ゲンヤ,CX967RTGY,おんゆあさーくる,1473,18,434,2328000,10,10,10,10,10,10,10,10,80
UGL8LNHRY,シグマ隊長,HBUK6F7CC,乙宗梢なりきり部,1731,18,434,2328000,10,10,10,10,10,10,10,10,80
4TIMH0CPX,ソフール,KXB93FVTR,ブルームガーデン,1687,18,436,2327000,10,10,10,10,10,10,10,10,80
UW6LOGHFD,室長,KULVP7FDR,アニマル分室,1547,16,436,2327000,10,10,10,10,10,10,10,10,80
V7CUBTENA,カズ,M5LHG6R4T,乙宗動物園,1355,1,438,2326000,10,10,10,10,10,10,10,10,80
53RKA95PI,こはく,0TKFF5EG3,サークル名募集中,1556,18,439,2325000,10,10,10,10,10,10,10,10,80
T4CFEALH8,さく,BKUHCT7WF,蓮女お嬢様部,1256,18,439,2325000,10,10,10,10,10,10,10,10,80
4Q0YTUKN1,こうちき,RWARTHA1M,乙宗梢大好き部,1287,17,441,2324000,9,9,8,10,8,9,9,10,72
06JQ821HY,sagi,GXR6C85BT,花帆ちゃん親衛隊,1645,8,441,2324000,10,10,10,10,10,10,10,10,80
O0GB1GF3V,エンジョイ勢,KULVP7FDR,アニマル分室,1262,15,443,2323000,10,10,10,10,10,10,10,10,80
UPAXHJR19,ヤマタ,YCTM6RYDP,金沢おでん同好会,620,1,443,2323000,10,7,10,10,7,7,5,10,66
GGM8V4Y67,ひつじ,2NY9H8BR9,乙宗紅茶館,1188,11,445,2322000,10,10,10,10,10,10,10,10,80
WT4NZ287K,はなたば,KXU941RFJ,梢先輩おめでとう,1528,8,445,2322000,10,10,10,10,10,10,10,10,80
9KRYRDLH2,れんちょん,GKR9TEBYC,毎日がホリデイ♪,750,0,447,2321000,10,10,10,10,10,10,10,10,80
838S79KWG,産屋敷ボンバー,XGK5TRHBA,パチ○コ錬金術部,1667,14,447,2321000,10,10,10,9,7,7,8,10,71
3HN712NDE,ほし,YFADYJVW4,FPS好きクラブ,953,7,449,2320000,10,10,10,10,10,10,10,10,80
FTL21FH8T,マーシャル,KULVP7FDR,アニマル分室,1350,18,449,2320000,10,10,10,10,10,10,10,10,80
XBC259K8X,メガネ,11FB0EDDT,スクステ同好会,1538,18,451,2319000,10,10,10,10,10,10,10,10,80
Y9DYX1NH0,よも,7R8NKPAB1,花帆推し倶楽部,1179,16,451,2319000,10,10,10,10,10,10,10,10,80
FXV4MF78E,小湊,2K5AM4RV0,とろぺりです,1194,6,453,2318000,10,10,10,10,10,10,10,10,80
LWPHMPLJH,日向 みのり,05KN1RR3U,さやかほ花卉園,1683,18,453,2318000,10,10,10,10,10,10,10,10,80
30LH94C60,びん,GKR9TEBYC,毎日がホリデイ♪,1568,18,455,2317000,10,10,10,10,10,10,10,10,80
FYG0EH5AJ,R’s八重歯,W26TRPM1R,めぐ党藤島派,1659,17,455,2317000,10,10,10,10,10,10,10,10,80
FUURA79AK,うっちー,G59NGM0XA,シュリーレン,1434,18,457,2316000,10,10,10,10,10,10,9,10,79
8DM3VEOM6,のん,GVT61ATX0,なのだけれど,1556,16,458,2315000,10,10,10,10,10,10,10,10,80
XGOPXK6EF,ヲタン,49AMYCXCD,ルドベキア,1508,11,458,2315000,10,10,10,10,10,10,10,10,80
E2GK0KCVM,ぱつ,CX967RTGY,おんゆあさーくる,1354,17,460,2314000,10,10,10,10,10,10,10,10,80
AMWA5QPIS,かみきれ,W26TRPM1R,めぐ党藤島派,1738,15,460,2314000,10,10,10,10,10,10,10,10,80
ME5HX7LK3,归于虚幻,NC2YT2V28,蓮之愛同予者何人,1225,6,462,2313000,10,10,10,10,10,10,10,10,80
EHT22K9PX,やまもと。,0TKFF5EG3,サークル名募集中,1418,17,462,2313000,10,10,10,10,10,10,10,10,80
DWCERKRUG,Porafa,CXG25026E,泥のみんなS,1290,17,464,2312000,10,10,10,10,10,10,10,10,80
HUB5MJ94Z,よたろう,HBUK6F7CC,乙宗梢なりきり部,1486,16,464,2312000,10,10,10,10,10,10,10,10,80
KT1503GYL,あいえー,M5LHG6R4T,乙宗動物園,1174,17,466,2311000,10,10,10,10,10,10,10,10,80
E414UTOTC,コッシー,DKNHY5HH6,なす料理研究会,1433,5,466,2311000,10,10,10,10,10,10,10,10,80
KJ69D4PA4,ぱん,G59NGM0XA,シュリーレン,1488,18,468,2310000,10,10,10,10,10,10,10,10,80
5XM2YS0UU,KUNA,948FLPMPN,まったりハス煮〜,1321,9,468,2310000,10,10,10,10,10,10,10,10,80
X78ZIRY1X,とく,R1RM3X0WV,後方腕組みオタク,922,0,470,2309000,10,10,10,10,10,10,10,10,80
AY3WK79BW,Aegis,YFADYJVW4,FPS好きクラブ,1440,16,470,2309000,10,10,10,10,10,10,10,10,80
VH1RC5NNC,コグレ,25PMPEMG7,星見プロ,1604,16,472,2308000,10,10,10,10,10,10,10,10,80
T0AGDWEPM,おい奇数LRくれ,CX967RTGY,おんゆあさーくる,1594,16,472,2308000,10,10,10,10,10,10,10,10,80
OYT13N3KM,ハノン,G59NGM0XA,シュリーレン,1408,18,474,2307000,10,10,10,10,10,10,10,10,80
05WAW9MLV,かぼす,XVTV7MVCX,雪月花,1540,18,474,2307000,10,10,10,10,10,10,10,10,80
W6KGEJ697,まだまだお,GXR6C85BT,花帆ちゃん親衛隊,1700,11,476,2306000,10,10,10,10,10,10,10,10,80
2C2B7NNM1,Mk-II,HWJ8XPW0T,箱推しなのだけど,1175,17,476,2306000,8,8,10,10,7,9,9,10,71
7H3BAMLW2,ヌメルゥ,6XX7GBM0K,ぷちぐる同好会,1324,18,478,2305000,10,10,10,10,10,10,10,10,80
GUAB3EU9H,くろこぶ,948FLPMPN,まったりハス煮〜,1472,2,478,2305000,10,10,10,10,10,10,10,10,80
ODYS8N8GB,でこぽん,948FLPMPN,まったりハス煮〜,1752,18,480,2304000,10,10,10,10,10,10,10,10,80
FYCBDQWGV,コトブキ,AXG81GPMP,蓮ノ空マタギ部,1474,14,480,2304000,10,10,10,10,10,10,10,10,80
W4V6K6F39,ぴーまん,N1DJVPGP8,いつでも咲けるよ,1529,17,482,2303000,10,10,10,10,10,10,10,10,80
7927EJ4PX,みずちのん,7R8NKPAB1,花帆推し倶楽部,1415,17,483,2302000,10,10,10,10,10,10,10,10,80
P05O92106,キットモット,M5LHG6R4T,乙宗動物園,1601,12,483,2302000,10,10,10,10,10,10,10,10,80
7JNX2DBCM,おぎくぼ,11FB0EDDT,スクステ同好会,1516,12,485,2301000,10,10,10,10,10,10,10,10,80
Y3H9THE4J,すくなめ,MTBP3B4GM,ふらわーすきすき,1235,17,485,2301000,10,10,10,10,10,10,10,10,80
9QO93VCZF,かいちゃん,HBM31HMUY,YUKIZURI,1611,14,487,2300000,10,10,10,10,10,10,10,10,80
T8IMQLFKA,Alkaid,FH7G62PKW,月火水木金土日,1451,8,487,2300000,10,10,10,10,10,10,10,10,80
IWQELTQ3D,すなを,CX967RTGY,おんゆあさーくる,1375,16,489,2299000,10,10,10,10,10,10,10,10,80
4L6ELEBZY,さやかほ世界平和,0TKFF5EG3,サークル名募集中,1616,18,489,2299000,10,10,10,10,10,10,10,10,80
XCRX2GAFB,なる,WN5B7VKPU,きんぴられんこん,1665,19,491,2298000,10,10,10,10,10,10,10,10,80
SSDM1G282,ポポノタン,9DKR4Y2CJ,蓮ノ空老人会,1677,4,491,2298000,10,10,10,10,10,10,10,10,80
RGE7T0KWP,なるるる,V4A5MP41E,徒町チャレンジ！,1640,14,493,2297000,10,10,10,10,10,10,10,10,80
8BVTA3YTJ,のりしお,GR65FP8VN,蓮好き,507,0,493,2297000,10,10,10,10,10,10,10,10,80
4FXRWMBBX,とるえん,M6UPWJ6DU,蓮結ぶ虹と星の音,1200,18,495,2296000,10,10,10,10,10,10,10,10,80
6FBPZCLEW,古鴉夢,2K5AM4RV0,とろぺりです,1388,18,495,2296000,10,10,10,10,10,10,10,10,80
THPSZE8AV,えんぬ,6XX7GBM0K,ぷちぐる同好会,1407,11,497,2295000,10,10,10,10,10,10,10,10,80
5K59F4UVE,ガチャ至上主義,11FB0EDDT,スクステ同好会,1398,19,497,2295000,10,10,10,10,10,10,10,10,80
1YTAJ6KKD,カメイロ,79C17CHA2,蓮ノ空出張部,1220,8,499,2294000,10,10,10,10,10,10,10,10,80
TRPDPT0YL,わさろん,D7H8MN2U4,LLD,1282,18,499,2294000,10,10,10,10,10,10,10,10,80
3N5F8W8VK,敲可愛的平平,NC2YT2V28,蓮之愛同予者何人,854,10,501,2293000,10,10,10,10,10,10,10,10,80
450AX5PRR,ねすこ,V4A5MP41E,徒町チャレンジ！,1382,18,501,2293000,10,10,10,10,10,10,10,10,80
U657JMLE5,hash,B5V2LNN43,WMW,1775,18,503,2292000,10,10,10,10,10,10,10,10,80
34QCZTDD9,ベルりん,J8HXTJ8TB,流し素麺同好会,1608,17,503,2292000,10,10,10,10,10,10,10,10,80
7H3AJT3DL,まろん,RF5215M2U,スクステ同好会②,1301,12,505,2291000,10,10,10,10,10,10,10,10,80
MT9XVRL4Y,レプリカ,11FB0EDDT,スクステ同好会,1546,17,505,2291000,10,10,10,10,10,10,10,10,80
K8JJMK2OV,かへちゃん,Y2R7E79U3,カワウソ同好会,1461,12,507,2290000,10,10,10,10,10,10,10,10,80
DT57UE7NP,たま,3BE2RELRC,見晴台,1540,7,507,2290000,10,10,10,10,10,10,10,10,80
04TRE8XUQ,kuro,WTJV514G9,蓮ノ空のお弁当屋,1598,18,509,2289000,10,10,10,10,10,10,10,10,80
B424J17UB,ギンッカ,EYN9H9N16,蓮すきすきクラブ,1444,17,509,2289000,10,10,10,10,10,10,10,10,80
NJ5M5IZWU,まき,3F9P3U95T,ଳ天地鱏明の空ଳ,1723,18,511,2288000,10,10,10,10,10,10,10,10,80
E98RC4JEB,ししまい,998H940YN,お嬢様筋トレ部,1533,18,511,2288000,9,9,10,10,10,10,10,10,78
V3HW6H9CB,うま,0UT59MJ8U,かほすこ同好会,1590,16,513,2287000,10,10,10,10,10,10,10,10,80
WICQFV1TZ,むらけん,6XX7GBM0K,ぷちぐる同好会,1118,18,513,2287000,10,10,10,10,10,10,10,10,80
7TQ0F31K6,こらそん,1BME38BCD,さすさやクラブ,1621,16,515,2286000,10,10,10,10,10,10,10,10,80
9WVX5W6OD,くろすけ,WTJV514G9,蓮ノ空のお弁当屋,1423,18,515,2286000,10,10,10,10,10,10,10,10,80
LDXW39W4W,ハーレイ,TWJ862EPN,こにゃとも,1228,12,517,2285000,10,8,10,10,9,10,10,10,77
4T25D1T60,S,WTJV514G9,蓮ノ空のお弁当屋,1266,18,517,2285000,10,10,10,10,10,10,10,10,80
JURXBWGFC,クルクス,CV62FGL1U,花咲かせ隊,1367,8,519,2284000,10,10,10,10,10,10,10,10,80
U88YYDC6B,beer!!,38KAJGDGU,異次元シャニP,1225,12,519,2284000,10,10,10,10,10,10,10,10,80
8S3HWGIMD,オールマイ子,WCL6R1ANU,無所属の会,1753,18,521,2283000,10,10,10,10,10,10,10,10,80
MBMH5XA5A,シラス鰻田,PLBBEX019,待機室目指し隊,1367,18,521,2283000,10,10,10,10,10,10,10,10,80
PTYM2DQMT,NOP,V26546K3D,乙宗気合筋肉,1331,18,523,2282000,10,10,10,10,10,10,10,10,80
MDP0NBVAH,影02,1BME38BCD,さすさやクラブ,1628,18,523,2282000,10,10,10,10,10,10,10,10,80
CT20NMUBK,がんちゃん,998H940YN,お嬢様筋トレ部,1262,11,525,2281000,10,10,10,10,10,10,10,10,80
SE59OH0DG,スプリング,X7C21B7H7,泥,1709,18,525,2281000,10,10,10,10,10,10,10,10,80
VMKV4GULN,SGWA,1F5EPPMLD,UR貰えればいい,1661,18,527,2280000,10,10,10,10,10,10,10,10,80
GHRKDWYUH,すわぼた,JTX1G19BP,さやかほ癒し会,1431,18,527,2280000,10,10,10,10,10,10,10,10,80
X8CGHMUJO,さか,RFYKY8DCD,LA.LA.LA,1638,18,529,2279000,10,10,10,10,10,10,10,10,80
THT84VUB7,オム,8M6UDX260,ぽけもん好き,1505,8,529,2279000,10,10,10,10,10,10,10,10,80
9HG3AN9PE,しいたけ,GXR6C85BT,花帆ちゃん親衛隊,1548,17,531,2278000,10,10,10,10,10,10,10,10,80
MY1FSZGKQ,カルビ,PBRDPWEY1,村村会,1533,16,531,2278000,10,10,10,10,10,10,10,10,80
BYRRG1MNM,のらっち,ABALH0AL3,楽園計画,1231,15,533,2277000,10,10,10,10,10,10,10,10,80
MOY90G2ES,kaz,M5LHG6R4T,乙宗動物園,1733,15,533,2277000,10,10,10,10,10,10,10,10,80
L0HOC7EEE,子犬,YE7CX8RNP,蓮ノ大三十角ex,1622,9,535,2276000,10,10,10,10,10,10,10,10,80
8D5D6WZ5N,ptyx,V7768X8AC,せーので！,1404,15,535,2276000,10,10,10,10,10,10,10,10,80
TX9MKAUDA,ブランドン,CX967RTGY,おんゆあさーくる,1208,18,537,2275000,10,10,9,10,9,10,10,10,78
IEM5ZNZ0W,Xenos,GXR6C85BT,花帆ちゃん親衛隊,1797,10,537,2275000,10,10,10,10,10,10,10,10,80
RZ9ER2MW0,ソルティ,YCTM6RYDP,金沢おでん同好会,1641,19,539,2274000,10,10,10,10,10,10,10,10,80
IQ3SMZMFS,NEO,8FR866PRY,蓮っ子みらくラブ,1695,16,540,2273000,10,10,10,10,10,10,10,10,80
55RNEC0DG,【ギュウひ】,0TKFF5EG3,サークル名募集中,1333,12,541,2272000,10,10,10,10,10,10,10,10,80
8KGF3M6WJ,ありえん♡♡♡,EYN9H9N16,蓮すきすきクラブ,1738,18,542,2271000,10,10,10,10,10,10,10,10,80
7U92CFGRY,フラジャイル,FTY0R8KPH,泥の皆様,1336,5,542,2271000,10,10,10,10,10,10,10,10,80
OYC1JDGX9,417,N7GLY2RUW,百生銀行,1346,15,544,2270000,10,10,10,10,10,10,10,10,80
YKVFDXYY9,ねり飴,WN5B7VKPU,きんぴられんこん,1435,7,545,2269000,10,10,10,10,10,10,10,10,80
DPX63EYA8,きんぎょ,GPKTRBCTT,騎空団蓮ノ空支部,1590,10,545,2269000,10,10,10,10,10,10,10,10,80
CNYNTNH9V,鎖骨にワイバーン,25PMPEMG7,星見プロ,1386,7,547,2268000,10,10,10,10,10,10,10,10,80
8R4WBYHH4,キム,9DKR4Y2CJ,蓮ノ空老人会,1297,15,548,2267000,10,10,10,10,10,10,10,10,80
WMY0VJALJ,しゅんか,MTBP3B4GM,ふらわーすきすき,1111,13,548,2267000,10,10,10,10,10,10,10,10,80
F8HHRRHEA,クゼ,0CEA9XFKR,蓮ノ空の泥人会,1368,18,550,2266000,10,10,10,10,10,10,10,10,80
0RB9J6BF4,ぺお,G0WRCNRWK,県立沢庵図書館,1663,18,550,2266000,10,10,10,10,10,10,10,10,80
VK7NW1UJ9,おかたい,GVT61ATX0,なのだけれど,1147,9,552,2265000,7,9,10,10,9,10,6,10,71
EUCTO3HUZ,かわたろう,0UT59MJ8U,かほすこ同好会,1576,17,552,2265000,10,10,10,10,10,10,10,10,80
7586DR3H1,ズミュー,Y2R7E79U3,カワウソ同好会,1411,18,554,2264000,10,8,9,10,10,10,10,10,77
7A2IGCZZY,のぐまん,RFYKY8DCD,LA.LA.LA,1605,11,555,2263000,10,10,10,10,10,10,10,10,80
3HDDUL1DX,シロくま,RF5215M2U,スクステ同好会②,1285,12,555,2263000,10,10,10,10,10,10,10,10,80
BJ2YEFM93,テンババア,EYN9H9N16,蓮すきすきクラブ,1519,17,557,2262000,10,10,10,10,10,10,10,10,80
FF923R4SA,ユウジロウ,TDHKGHFPA,無言参加○！,1397,7,557,2262000,10,8,10,10,10,10,10,10,78
318D0NMN0,たまちゃん,4XRHRYDW4,無言でエンジョイ,1452,10,559,2261000,10,10,10,10,10,10,10,10,80
A0PQIHNP6,カメリア,H837E0M9R,沙知先輩大好き部,1642,15,559,2261000,10,10,10,10,10,10,10,10,80
4NF07ZA7K,ゆーさく,48BTAPMBG,蓮ノ空魔術部,1691,17,561,2260000,10,10,10,10,10,10,10,10,80
81GLQQIAH,ジンベイ,6XX7GBM0K,ぷちぐる同好会,1546,15,561,2260000,10,10,10,10,10,10,10,10,80
GTCTFL925,あじたま,9FF5JBNDF,めぐすきクラブ,1782,18,563,2259000,10,10,10,10,10,10,10,10,80
CZBSB05JT,変☆態☆紳☆士,FMKP92LRL,目が霞む人達,1689,18,563,2259000,10,10,10,10,10,10,10,10,80
4N0T1PYUR,ヒロハス,7R8NKPAB1,花帆推し倶楽部,1388,18,565,2258000,10,10,10,10,10,10,10,10,80
70R8DJV1N,あぶそ,GKR9TEBYC,毎日がホリデイ♪,1277,3,565,2258000,10,10,10,10,10,10,10,10,80
2PTVHGACF,どす恋背脂,CX967RTGY,おんゆあさーくる,1426,14,567,2257000,10,10,10,10,10,10,10,10,80
X9YMNH0G0,青いぷるぷる,MTBP3B4GM,ふらわーすきすき,1383,18,567,2257000,10,10,10,10,10,10,10,10,80
0HPLRU7YX,すみたく,KT4C59NXG,めぐ島,1546,18,569,2256000,10,10,10,10,10,10,10,10,80
QRGITUZ6B,つぐみん,7R8NKPAB1,花帆推し倶楽部,1596,18,569,2256000,10,10,10,10,10,10,10,10,80
68X4A67UG,いたこ,25PMPEMG7,星見プロ,1499,15,571,2255000,10,10,10,10,10,10,10,10,80
FP7IIBGF0,さらい,WN5B7VKPU,きんぴられんこん,1606,6,571,2255000,10,10,10,10,10,10,10,10,80
3V7XRLH5E,G.A.L,HMBW9DXY2,蓮好き皆あつまれ,1532,15,573,2254000,10,10,10,10,10,10,10,10,80
00P6ZFILR,でにっしゅ,RFYKY8DCD,LA.LA.LA,1442,17,573,2254000,10,10,10,10,10,10,10,10,80
48C2DLNJY,鬼ヘッド,W3YKKRWHG,ルリと愉快な一家,1739,19,575,2253000,10,10,10,10,10,10,10,10,80
JFND2KZVS,ルビジウム,06DCWC1RE,とりあえず参戦用,1618,18,575,2253000,10,10,10,10,10,10,10,10,80
3PDDZ2YKL,るなせいな,GKR9TEBYC,毎日がホリデイ♪,1405,1,577,2252000,10,10,10,10,10,10,10,10,80
H827FHG5T,つな,FC8NBAJBT,ラー麺二郎金沢店,1552,16,577,2252000,10,10,10,10,10,10,10,10,80
BCUBTG3Y4,ノノ,B5V2LNN43,WMW,1529,17,579,2251000,10,10,10,10,10,10,10,10,80
IY2V9J98F,やまや,UYCT3Y4JK,蓮っ子,1789,19,579,2251000,10,10,10,10,10,10,10,10,80
0DPR5CHC6,ミズキ,YFADYJVW4,FPS好きクラブ,1065,9,581,2250000,10,10,10,10,10,10,10,10,80
FTR2CP4NX,町人,W3YKKRWHG,ルリと愉快な一家,513,0,581,2250000,10,10,10,10,10,10,10,10,80
MLCB48E70,はま,GR65FP8VN,蓮好き,1372,18,583,2249000,10,10,10,10,10,10,10,10,80
MVT7K6KDL,一ノ瀬リリ,FH7G62PKW,月火水木金土日,1446,17,583,2249000,10,10,10,10,10,10,10,10,80
W502CU2P0,キク＠うどん民,HBM31HMUY,YUKIZURI,1409,15,585,2248000,10,10,10,10,10,10,10,10,80
GLC6K11GM,三途,BCJRMHE75,梢すきすきクラブ,1567,18,585,2248000,10,10,10,10,10,10,10,10,80
Q8I36YUL6,ソト,GKR9TEBYC,毎日がホリデイ♪,1453,18,587,2247000,10,10,10,10,10,10,10,10,80
R50ENN3PN,ろっく,RFYKY8DCD,LA.LA.LA,1551,15,587,2247000,10,10,10,10,10,10,10,10,80
4WBT2NLH7,zeaks,JTX1G19BP,さやかほ癒し会,1387,11,589,2246000,10,10,10,10,10,10,10,10,80
A17OYN8R4,ルビちん,NJBBTCY3A,かにかに！,1385,17,589,2246000,10,10,10,10,10,10,10,10,80
49R4M93J6,くしん,KXU941RFJ,梢先輩おめでとう,1396,17,591,2245000,10,10,10,10,10,10,10,10,80
4N9BBW8FA,レベレンドX,PDMPF3VVV,r/LL,1769,18,592,2244000,10,10,10,10,10,10,10,10,80
UA5OC8495,zth,1BME38BCD,さすさやクラブ,1677,18,592,2244000,10,10,10,10,10,10,10,10,80
BQUUCGODZ,YUKI.N,UVN7G4X3A,闇のルビィ団,1539,4,594,2243000,10,10,10,10,10,10,10,10,80
K7GRE5GEW,ふうる,2NY9H8BR9,乙宗紅茶館,991,9,594,2243000,10,10,10,10,10,9,10,10,79
ELMA5YEX1,Z宗木肖,7U20138DB,LGP,1396,18,596,2242000,10,10,10,10,10,10,10,10,80
X7RPCH2CD,アレックス,0TKFF5EG3,サークル名募集中,1658,17,596,2242000,10,10,10,10,10,10,10,10,80
6DVNE2G8H,エクレア,2ULM366U6,毎日がエブリデイ,1340,12,598,2241000,10,9,8,10,8,10,10,10,75
CK5EUDC61,茶トラマンチ,9UKKACGDU,蓮っ子CLUB,1590,18,599,2240000,10,10,10,10,10,10,10,10,80
79D79HTEC,いっちー,79C17CHA2,蓮ノ空出張部,1385,12,600,2239000,10,10,10,10,10,10,10,10,80
DRATWA3PW,キュノラ,CX967RTGY,おんゆあさーくる,1406,16,600,2239000,10,10,10,10,10,10,10,10,80
H3Z6CCL18,リスグラシュー,NMT63RUDV,泥村,1554,15,602,2238000,10,10,10,10,10,10,10,10,80
VU51D4VVW,エイカ,25PMPEMG7,星見プロ,1315,16,602,2238000,10,10,10,10,10,10,10,10,80
262K8V3H2,スノーグローブ,R181MKNX1,みらくらは人生！,1385,16,604,2237000,10,10,10,10,10,10,10,10,80
AE58P2AJJ,まったりんまる,CTW8DKV5P,まったり,1412,14,604,2237000,8,9,9,9,6,8,7,10,66
N5U0UYUA9,EVI,38KAJGDGU,異次元シャニP,1305,15,606,2236000,10,10,10,10,10,10,10,10,80
WBWATJ60W,可惜夜はとぴ,YE7CX8RNP,蓮ノ大三十角ex,1574,17,606,2236000,10,10,10,10,10,10,10,10,80
2LLMP3JEA,かわや,0TKFF5EG3,サークル名募集中,1460,9,608,2235000,10,10,10,10,10,10,10,10,80
JANW6MPL2,ゆっぴー,GW4CH70HK,TKG同好会,1455,15,608,2235000,10,10,10,10,10,10,10,10,80
AJ713D5X4,キョウ,RFYKY8DCD,LA.LA.LA,1526,8,610,2234000,10,10,10,10,10,10,10,10,80
VLKDXGBRB,アープ,6XX7GBM0K,ぷちぐる同好会,1361,18,610,2234000,10,10,10,10,10,10,10,10,80
9KW789LG7,しずおじ,1BME38BCD,さすさやクラブ,1449,18,612,2233000,10,10,10,10,10,10,10,10,80
7BFDBP9XB,かよちん,W3F0URUJC,梢先輩応援団,846,6,612,2233000,7,10,9,8,8,8,7,8,65
WNK2YLKKY,なす,Y6JNPC60C,綴理メイト,1529,16,614,2232000,10,10,10,10,10,10,10,10,80
GNGOY9TWY,はっぴー,8R49BTWW6,蓮女お嬢様クラブ,1331,17,614,2232000,10,10,10,10,10,10,10,10,80
551YW8KVB,カミュ,K2L5DCVNR,REAL,1301,14,616,2231000,10,10,10,10,10,10,10,10,80
XJA5BDOW7,ちや,49AMYCXCD,ルドベキア,1715,15,617,2230000,10,10,10,10,10,10,10,10,80
QZCRZT8AR,輝く流星,J7N4W6Y1K,こずミックラブ♡,1391,15,617,2230000,10,10,10,10,10,10,10,10,80
EFRYPXCJ6,はる,JDAG79TG7,百合ノ空観察部,1536,18,619,2229000,10,10,10,10,10,10,10,10,80
8AGBKMS6H,もっぴぃ,J7N4W6Y1K,こずミックラブ♡,1524,19,619,2229000,10,10,10,10,10,10,10,10,80
29DLPDMXU,りゅー,05KN1RR3U,さやかほ花卉園,1308,12,621,2228000,9,10,10,10,8,10,10,10,77
2ENXPB1UW,かれ,V4A5MP41E,徒町チャレンジ！,1438,17,622,2227000,10,10,10,10,10,10,10,10,80
B9P5BJ9BE,ペトラ,M5LHG6R4T,乙宗動物園,1228,14,622,2227000,10,10,10,10,10,10,10,10,80
92BAX6L8R,なかさん,EYN9H9N16,蓮すきすきクラブ,1530,15,624,2226000,10,10,10,10,10,10,10,10,80
LEEU9JZFJ,きりんちゃん,RWARTHA1M,乙宗梢大好き部,1786,18,624,2226000,10,10,10,10,10,10,10,10,80
8HYVGQUX7,まさき,CXG25026E,泥のみんなS,1585,19,626,2225000,10,10,10,10,10,10,10,10,80
KKNLWHCN8,Andes,PBRDPWEY1,村村会,1379,6,626,2225000,10,10,10,10,10,10,10,10,80
2OCVD96VE,おじょう,4XRHRYDW4,無言でエンジョイ,1490,10,628,2224000,10,10,10,10,10,10,10,10,80
NA96CJ2HT,ハートライン,R1RM3X0WV,後方腕組みオタク,621,0,628,2224000,10,10,10,10,10,10,10,10,80
C3F3E5F3Y,TATSUYA,RWARTHA1M,乙宗梢大好き部,1207,16,630,2223000,10,10,10,10,8,10,7,7,72
2VR7UEKP9,れあそん,R181MKNX1,みらくらは人生！,1199,4,630,2223000,10,10,10,10,10,10,10,10,80
C9DT5IUUS,みしゃにー,GYG7B5R36,幼馴染同好会,1502,18,632,2222000,10,10,10,10,10,10,10,10,80
Z6HFTNKK7,エクレ★,8P39YRA1L,慈と愉快な仲間達,1420,16,632,2222000,10,10,10,10,10,10,10,10,80
6ZGKMMMSV,カヅキ,4WWM4VVDK,蓮ノ空遊戯開発部,1738,19,634,2221000,10,10,10,10,10,10,10,10,80
K46ZQJI48,prius,4XRHRYDW4,無言でエンジョイ,1679,18,634,2221000,10,10,10,10,10,10,10,10,80
UWTH7CJXX,アウル,GXR6C85BT,花帆ちゃん親衛隊,1344,17,636,2220000,10,10,10,10,10,10,10,10,80
C5279V59A,oratorio,B5V2LNN43,WMW,1443,17,636,2220000,10,10,10,10,10,10,10,10,80
W7VN7JF3V,みはなだ,79C17CHA2,蓮ノ空出張部,1409,14,638,2219000,10,10,10,10,10,10,10,10,80
39Z2746WP,かより,N7GLY2RUW,百生銀行,1336,17,638,2219000,10,10,10,10,10,10,10,10,80
94GKSM6XV,ストレイド,BCJRMHE75,梢すきすきクラブ,1528,18,640,2218000,10,10,10,10,10,10,10,10,80
CW1FRNLB8,kazu,3F9P3U95T,ଳ天地鱏明の空ଳ,1417,17,640,2218000,10,10,10,10,10,10,10,10,80
NG3YLD3WC,たそーら,73CBYJYB0,"oNM,",1463,16,642,2217000,10,10,10,10,10,10,10,10,80
XGA0TTJ7I,ときのき,YCTM6RYDP,金沢おでん同好会,1618,16,642,2217000,10,10,10,10,10,10,10,10,80
M1NJG8HHY,城之内ファイヤー,6XX7GBM0K,ぷちぐる同好会,764,2,644,2216000,10,10,10,10,10,10,10,10,80
M4WB1E4M0,なげねこ,4RY75CKM4,LLすこ部　メ募,1323,13,644,2216000,10,10,10,10,10,10,10,10,80
DEOC4REQ5,さいたまっこ,F08AHUJJ0,綴理のお世話係,1622,16,646,2215000,10,10,10,10,10,10,10,10,80
0H2W5QHZI,幸希(ユッキー),J7N4W6Y1K,こずミックラブ♡,1698,17,646,2215000,10,10,10,10,10,10,10,10,80
3VFDT3710,ピョコ,HBK6KCRPP,無言でおけ,1636,18,648,2214000,10,10,10,10,10,10,10,10,80
WBCGWZCEN,NAS,KBJ2P8T0Y,人見知りの集い,1482,15,648,2214000,10,10,10,10,10,10,10,10,80
ERMMD0NND,ふぐ,V4A5MP41E,徒町チャレンジ！,1528,15,650,2213000,10,10,10,10,10,10,10,10,80
XK44KNPLR,C_T4KE,GXR6C85BT,花帆ちゃん親衛隊,1460,18,650,2213000,10,10,10,10,10,10,10,10,80
U6C6UD7YQ,菜緒,HBM31HMUY,YUKIZURI,1386,7,652,2212000,10,10,10,10,10,10,10,10,80
VFJV4WLT6,奇策,J800VVPTN,Aqours,1165,17,652,2212000,10,10,10,10,10,10,10,10,80
FV1BRF9X0,あべこーorz,8M6UDX260,ぽけもん好き,1576,18,654,2211000,10,10,10,10,10,10,10,10,80
CVXKBWCNR,あしる,FC8NBAJBT,ラー麺二郎金沢店,1537,18,654,2211000,10,10,10,10,10,10,10,10,80
MNYE73P47,どん,95TAREFPT,ご自由にどうぞ,1013,2,656,2210000,10,10,10,10,10,10,10,10,80
0FFKIEWPN,yn,0UT59MJ8U,かほすこ同好会,1748,18,656,2210000,10,10,10,10,10,10,10,10,80
PZPKKFNZ5,Asuha,0UT59MJ8U,かほすこ同好会,1692,19,658,2209000,10,10,10,10,10,10,10,10,80
TX50ESWA5,かなと,X34LWGL6R,サークル2,1427,10,658,2209000,10,10,10,10,10,10,10,10,80
J9C1NN8VB,穀雨、麦の風,48BTAPMBG,蓮ノ空魔術部,1761,17,660,2208000,10,10,10,10,10,10,10,10,80
TUULPTBUN,フリス,JTX1G19BP,さやかほ癒し会,1375,18,660,2208000,10,10,10,10,10,10,10,10,80
F8KHAHURM,スバル,JTX1G19BP,さやかほ癒し会,1617,18,662,2207000,10,10,10,10,10,10,10,10,80
UFXL4JKYR,そら。,JDAG79TG7,百合ノ空観察部,1387,17,662,2207000,10,10,10,10,10,10,10,10,80
4876EHT1Y,壬生,A73H7ENN2,エロマンガ同好会,1450,9,664,2206000,10,7,6,10,7,10,10,10,70
7LOYVCMEZ,るべ,HBUK6F7CC,乙宗梢なりきり部,1500,10,664,2206000,10,10,10,10,10,10,10,10,80
JVHAWHL1K,ヨウ,V7768X8AC,せーので！,1466,18,666,2205000,10,10,10,10,10,10,10,10,80
P4BD94K88,ﾛｰﾗ･ﾘﾙﾚ,HE0GK3EPE,瑞蓮プロカ倶楽部,1639,19,666,2205000,10,10,10,10,10,10,10,10,80
JRT9COU68,1192,GN1798YEX,ド!ド!同好会,1603,17,668,2204000,10,10,10,10,10,10,9,9,78
QAAUC6JHM,ひまわり（春）,YLJ2PP4X4,全日本謝罪同好会,1659,18,669,2203000,10,10,10,10,10,10,10,10,80
UYVYBTMLE,ひよこ羊,KT4C59NXG,めぐ島,1205,13,669,2203000,9,10,10,10,10,10,10,10,79
BUUM86UR6,葉月,7U20138DB,LGP,1323,5,671,2202000,10,10,10,10,10,10,10,10,80
WIFVTF0SF,りゅう,6WJW7R1TD,さやこずノ休日,1352,15,671,2202000,10,10,10,10,10,10,10,10,80
YLGV922B9,ラビ,79C17CHA2,蓮ノ空出張部,1515,18,673,2201000,10,10,10,10,10,10,10,10,80
2KWBH4L96,ぽけ,KXU941RFJ,梢先輩おめでとう,1620,11,673,2201000,10,10,10,10,10,10,10,10,80
Z4OYJ1OKQ,いがぐり,X34LWGL6R,サークル2,1460,15,675,2200000,10,9,10,10,9,10,10,10,78
2P67B42VC,みっける,5KK3DFY18,MUGEN∞,1483,6,675,2200000,10,10,10,10,10,10,10,10,80
XGJKGUBPY,ゆうき,KULVP7FDR,アニマル分室,1363,3,677,2199000,10,10,10,10,10,10,10,10,80
EMJGXK3AN,あき,73N4AB3LR,かほ子のイオン,1513,11,677,2199000,10,10,10,10,10,10,10,10,80
DCS0MRXJM,えせ,L28X4MDJN,アフター観たいぞ,1683,18,679,2198000,10,10,10,10,10,10,10,10,80
67GP30NUW,yuba,11FB0EDDT,スクステ同好会,1720,14,679,2198000,10,10,10,10,10,10,10,10,80
V7DTQN04B,タク,CX967RTGY,おんゆあさーくる,1450,15,681,2197000,10,10,10,10,10,10,10,10,80
GKU8MUTMP,荻や萩,38KAJGDGU,異次元シャニP,1265,14,681,2197000,10,10,10,10,10,10,10,10,80
9EN208AJR,ギャオギャ,L7MNPJ52H,三連華のための泥,1326,13,683,2196000,10,10,10,10,10,10,10,10,80
5FUZHUWG4,ASBN,J0N1E3Y09,月火水木金土日,1067,2,683,2196000,10,10,10,10,9,10,10,10,79
V6X4BPJ37,SHIRO,G59NGM0XA,シュリーレン,1526,17,685,2195000,10,10,10,10,10,10,10,10,80
C7514GVOI,iopiy,RFYKY8DCD,LA.LA.LA,1535,18,686,2194000,10,10,10,10,10,10,10,10,80
FB3TU21W2,二代目モリゾーン,R181MKNX1,みらくらは人生！,1363,6,686,2194000,8,9,9,7,10,10,10,10,73
7DWBCEDH5,無責任,HBUK6F7CC,乙宗梢なりきり部,1597,18,688,2193000,10,10,10,10,10,10,10,10,80
E654ER5U0,Rinka.,998H940YN,お嬢様筋トレ部,1147,17,688,2193000,10,8,10,9,8,10,8,10,73
U9WAMY512,やこ,AH27N260E,百生信託銀行,1313,15,690,2192000,10,10,10,10,10,10,10,10,80
UMT37MFVB,アオアラシ,JDAG79TG7,百合ノ空観察部,1353,10,690,2192000,10,10,10,10,10,10,10,10,80
G810HEJUA,Est,0UT59MJ8U,かほすこ同好会,1236,2,692,2191000,10,10,10,10,10,10,10,10,80
R0UE3XEUP,だちょう,95TAREFPT,ご自由にどうぞ,1601,16,692,2191000,10,10,10,10,10,10,10,10,80
P7DXEVYFE,Watitto,Y2HV0YEF7,蓮ノ空を応援し隊,1595,17,694,2190000,10,10,10,10,10,10,10,10,80
V0ZZGADWZ,でち,5W8RPRVUA,ド！ド！泥！,1533,15,694,2190000,10,10,10,10,10,10,10,10,80
NJVVKGXSK,FUMINEJI,WN5B7VKPU,きんぴられんこん,1617,17,696,2189000,10,10,10,10,10,10,10,10,80
3NN79CWQS,リンプー,LYPVAETHY,金沢の泥,1611,17,696,2189000,10,10,10,10,10,10,10,10,80
3EA3R0TYA,あすか,F8MLHU2NV,乙宗梢様､､､,1358,0,698,2188000,10,10,10,10,10,10,10,10,80
KCEKK619T,さみ,998H940YN,お嬢様筋トレ部,1327,13,698,2188000,10,10,10,10,10,10,10,10,80
E8C4KUJDM,はなっっ,J7N4W6Y1K,こずミックラブ♡,1262,3,700,2187000,10,10,10,10,10,10,10,10,80
6L7MP3WJP,ナギ,HBM31HMUY,YUKIZURI,1312,15,700,2187000,10,10,10,10,10,10,10,10,80
8E10AX3J2,CAPM,79C17CHA2,蓮ノ空出張部,1384,18,702,2186000,10,10,10,10,10,10,10,10,80
QKGZEPZSH,藍莓凍凍酒瓶,NC2YT2V28,蓮之愛同予者何人,1367,16,702,2186000,10,10,10,10,10,10,10,10,80
SMHTGNN80,ブルー,1BME38BCD,さすさやクラブ,1640,18,704,2185000,10,10,10,10,10,10,10,10,80
33VFCO5AQ,パイセン,HBUK6F7CC,乙宗梢なりきり部,1540,16,704,2185000,10,10,10,10,10,10,10,10,80
3U8FCLD8W,すけ,HBM31HMUY,YUKIZURI,1534,18,706,2184000,10,10,10,10,10,10,10,10,80
3BU4KGTMM,いもたん,1DU9LCND7,蓮ノ空すこやか部,1326,15,706,2184000,10,10,10,10,10,10,10,10,80
JWB12P0L3,あなざー,G0WRCNRWK,県立沢庵図書館,1162,11,708,2183000,10,10,10,10,10,10,10,10,80
DCU9XHY3U,しばひめ,YE7CX8RNP,蓮ノ大三十角ex,1674,16,708,2183000,10,10,10,10,10,10,10,10,80
YC8AHBBCX,ふろっず,D7H8MN2U4,LLD,1453,18,710,2182000,10,10,10,10,10,10,10,10,80
CTI33F3UI,霜月ゆう,B5V2LNN43,WMW,1564,19,710,2182000,10,10,10,10,10,10,10,10,80
I3MXJ73JR,ゆうゆ,HBUK6F7CC,乙宗梢なりきり部,1635,16,712,2181000,10,10,10,10,10,10,10,10,80
UMFT579PG,さやさや・・・,CX967RTGY,おんゆあさーくる,1394,18,712,2181000,10,3,7,7,7,7,9,10,60
PQHU8G8OV,ミナミ,48BTAPMBG,蓮ノ空魔術部,1560,18,714,2180000,10,10,10,10,10,10,10,10,80
6AEKZEMQ6,ふゆねこ,BKUHCT7WF,蓮女お嬢様部,1452,18,714,2180000,10,10,10,10,10,10,10,10,80
MCLPXRE1E,ファラオ,1DU9LCND7,蓮ノ空すこやか部,1448,18,716,2179000,10,10,10,10,10,10,10,10,80
MEY2VRMU0,あかよ,48BTAPMBG,蓮ノ空魔術部,1396,18,717,2178000,10,10,10,10,10,10,10,10,80
BSZL9G19F,よっしい,DHBGK1398,となりにこな,1432,4,717,2178000,10,10,10,10,10,10,10,10,80
7W0EHYXWH,ニムカ,R181MKNX1,みらくらは人生！,1316,17,719,2177000,10,10,10,10,10,10,10,10,80
2MKYLKGDX,アク,BXGNMY466,ライグラ用,1052,9,719,2177000,7,10,10,7,7,10,8,10,69
9NT7YU06E,青葉,FG5VFFNRK,蓮ノ空おじさん,1046,15,721,2176000,10,10,10,10,10,10,10,10,80
ZE381AAGN,かなん,WTJV514G9,蓮ノ空のお弁当屋,1349,11,721,2176000,9,7,9,10,7,10,9,9,70
KDK5LML51,*-Doni-*,YFADYJVW4,FPS好きクラブ,1220,18,723,2175000,3,6,10,9,8,5,7,10,58
CQSYMDA64,やっちゃん,1DU9LCND7,蓮ノ空すこやか部,1608,14,723,2175000,10,10,10,10,10,10,10,10,80
ZH1FJ7WI8,ささかま,HBUK6F7CC,乙宗梢なりきり部,1458,16,725,2174000,10,10,10,10,10,10,10,10,80
KH8WDYG0W,リオ,25PMPEMG7,星見プロ,1371,15,725,2174000,10,10,10,10,10,10,10,10,80
M96XRQZRW,一輝,RFYKY8DCD,LA.LA.LA,1489,15,727,2173000,10,10,10,10,10,10,10,10,80
TVR55LRDJ,ナオお姉ちゃん,CV62FGL1U,花咲かせ隊,1479,18,727,2173000,10,10,10,10,10,10,10,10,80
QT70B8HJT,れん,Y2R7E79U3,カワウソ同好会,1653,18,729,2172000,10,10,10,10,10,10,10,10,80
PK3AW6240,わやちよ,R9T0YKDW8,かちまち応援隊,1649,15,729,2172000,10,10,10,10,10,10,10,10,80
WA5XEFDDY,ジョル,YE7CX8RNP,蓮ノ大三十角ex,765,1,731,2171000,10,10,10,10,10,10,10,10,80
6FHMBRYXM,峯岸みなみ,7R8NKPAB1,花帆推し倶楽部,1383,18,732,2170000,10,10,10,10,10,10,10,10,80
MY2P7YB3V,saku,W3YKKRWHG,ルリと愉快な一家,1297,18,733,2169000,10,10,10,10,10,10,10,10,80
A3GT3EAPG,ichiro_j,0TKFF5EG3,サークル名募集中,1660,18,733,2169000,10,10,10,10,10,10,10,10,80
9LL7HBP0W,ALKY,X7C21B7H7,泥,1566,16,735,2168000,10,10,10,10,10,10,10,10,80
5RR480B4E,らび,G0J2F9NAL,さやさやさーくる,1461,13,735,2168000,10,10,10,10,10,10,10,10,80
OZMCCVY3N,キク,GMEF2K8DL,花咲く泥も好き²,1435,8,737,2167000,10,10,10,10,10,10,10,10,80
5QD5HXI0Z,ソニック,FTY0R8KPH,泥の皆様,1428,17,737,2167000,10,10,10,10,10,10,10,10,80
1B2LJJF52,とむ,MTBP3B4GM,ふらわーすきすき,1467,18,739,2166000,10,10,10,10,10,10,10,10,80
K4KXET9FL,センソン,X7C21B7H7,泥,1315,15,739,2166000,10,10,10,10,10,10,10,10,80
1AZ5EJR7Z,Inahime,X7C21B7H7,泥,1554,14,741,2165000,10,10,10,10,10,10,10,10,80
RUM9HUP9C,しーだーゆ,RWARTHA1M,乙宗梢大好き部,1436,18,741,2165000,10,10,10,10,10,10,10,10,80
6W15T8F42,しう,PBRDPWEY1,村村会,1620,17,743,2164000,10,10,10,10,10,10,10,10,80
ISY4WXWMT,とば,D7H8MN2U4,LLD,1243,1,743,2164000,9,10,9,10,7,10,10,10,75
8AFUU1045,ZERO02,M67ACEP3M,オーバーブースト,1191,0,745,2163000,10,10,10,10,10,10,10,10,80
REQ7MEFMK,ons,4XRHRYDW4,無言でエンジョイ,1545,18,745,2163000,10,10,10,10,10,10,10,10,80
I487A8G0C,わいえす,KT4C59NXG,めぐ島,1343,15,747,2162000,10,10,10,10,10,10,10,10,80
RZ2VFDOTK,安心,8R49BTWW6,蓮女お嬢様クラブ,1649,17,747,2162000,10,10,10,10,10,10,10,10,80
ZCRF41KQU,SiULY,73CBYJYB0,"oNM,",1507,18,749,2161000,10,10,10,10,10,10,10,10,80
M75U576BU,らんしょー⁶,WTJV514G9,蓮ノ空のお弁当屋,1306,12,749,2161000,10,10,10,10,10,10,10,10,80
83665R5ET,のら,LAP2W049X,りんひな愛好会,1108,0,751,2160000,10,10,10,10,10,10,10,10,80
7YHYKRWN3,メイツ,N8L41JAA7,無言 ノルマなし,1515,18,751,2160000,10,10,10,10,10,10,10,10,80
7ZHB0KXWK,ゆゆ,PLBBEX019,待機室目指し隊,1366,10,753,2159000,10,4,10,9,8,9,10,10,70
S14ZTUCRG,ZEROICHI,BT3GEWM5L,ささやか村の集い,1442,1,753,2159000,10,10,10,10,10,10,10,10,80
I6WKWUIAK,おおべ,RFYKY8DCD,LA.LA.LA,1432,6,755,2158000,10,10,10,10,10,10,10,10,80
WNGHAVX2A,焼き海苔さん太郎,R181MKNX1,みらくらは人生！,1353,17,755,2158000,10,10,10,10,10,10,10,10,80
C9ZMT7RH7,ソクブン,JDAG79TG7,百合ノ空観察部,1595,17,757,2157000,10,10,10,10,10,10,10,10,80
KARXL77JJ,∫ai9a,0TKFF5EG3,サークル名募集中,1398,12,757,2157000,10,10,10,10,10,10,10,10,80
PE9RYKKBX,ほうじ茶,W9V6VTXAN,梢先輩の歌声好き,898,1,759,2156000,10,10,10,10,10,10,10,10,80
Y3UHR9UT8,ユキ,V4A5MP41E,徒町チャレンジ！,1310,18,759,2156000,10,10,10,10,10,10,10,10,80
4EEDGJ5MY,前ショー,JTX1G19BP,さやかほ癒し会,1365,15,761,2155000,10,10,10,10,7,10,10,10,77
ZYVGB70CC,かすが,JDAG79TG7,百合ノ空観察部,1641,18,761,2155000,10,10,10,10,10,10,10,10,80
CUN9BHK45,赤坂,FTY0R8KPH,泥の皆様,1011,8,763,2154000,10,10,10,10,10,10,10,10,80
EVA87TBF5,なゆゆゆゆ,RF5215M2U,スクステ同好会②,870,7,763,2154000,10,10,10,10,10,10,10,10,80
EM1XPCKHC,もにょ,J79LGCKKF,蓮ノ空コーラス部,1395,3,765,2153000,10,10,10,10,10,10,10,10,80
FY3NQU6M7,やきプリンのプロ,0UT59MJ8U,かほすこ同好会,1450,18,765,2153000,10,10,10,10,10,10,10,10,80
2WAIQS7WK,AIMe2,TK9E1BB1P,無言で自由,1604,18,767,2152000,10,10,10,10,10,10,10,10,80
V98PDNYBQ,青赤イナゴ,GVT61ATX0,なのだけれど,1513,18,767,2152000,10,10,10,10,10,10,10,10,80
DEWSI29MR,ARC,M5LHG6R4T,乙宗動物園,1589,16,769,2151000,10,10,10,10,10,10,10,10,80
UUHBT43RB,あずきんご,6XX7GBM0K,ぷちぐる同好会,1410,15,769,2151000,10,10,10,10,10,10,10,10,80
AM452HHNN,ゆりし,LUDNM40F8,ふくふく無言OK,1527,5,771,2150000,10,10,10,10,10,10,10,10,80
6S3ITIIR2,麒麟,F08AHUJJ0,綴理のお世話係,1592,9,771,2150000,10,10,10,10,10,10,10,10,80
JME01B1A1,ハクチュー黄凛,WN5B7VKPU,きんぴられんこん,1456,12,773,2149000,10,10,10,10,10,10,10,10,80
79OHCMGA6,ユーレン,WN3LHKX0L,レンコンおいしい,1485,18,773,2149000,10,10,10,10,10,10,10,10,80
NN1EGQEYN,射撃魔,2NY9H8BR9,乙宗紅茶館,1372,7,775,2148000,10,10,10,10,10,10,10,10,80
MTC3Y7T16,こえたから,79C17CHA2,蓮ノ空出張部,1501,18,775,2148000,10,10,10,10,10,10,10,10,80
P4CGFVWN1,buta,ABALH0AL3,楽園計画,1120,10,777,2147000,10,10,10,10,10,10,10,10,80
IC3L6B080,たっつん,H0DV3JJGA,かほさやてぇてぇ,1702,6,778,2146000,10,10,10,10,10,10,10,10,80
M274M1V19,枯木,X7YM9EG8K,伝統の石川地酒,642,2,778,2146000,9,9,9,9,10,10,9,10,75
A5PDNTPN2,ゴツゴツのアハン,V4A5MP41E,徒町チャレンジ！,1444,4,780,2145000,10,10,10,10,10,10,10,10,80
51JKTXYGL,みずきち,8VGXWTV3U,R.opRizm,1371,18,780,2145000,10,10,10,10,10,10,10,10,80
H04C1J119,ねざーる,N8L41JAA7,無言 ノルマなし,1505,18,782,2144000,10,10,10,10,10,10,10,10,80
JKRUFH2CH,双方,FH7G62PKW,月火水木金土日,1358,16,782,2144000,10,9,10,6,6,8,9,10,68
TX3PNRFW0,shin,B5V2LNN43,WMW,1308,6,784,2143000,10,10,10,10,10,10,10,10,80
RKG6Y99R8,ただのまるかん,48BTAPMBG,蓮ノ空魔術部,1405,19,784,2143000,10,10,10,10,10,10,10,10,80
15LURYMC1,ベルトーニ,WTJV514G9,蓮ノ空のお弁当屋,1731,16,786,2142000,10,10,10,10,10,10,10,10,80
7QB6E4OJB,生きる希望,V4A5MP41E,徒町チャレンジ！,1452,16,786,2142000,10,10,10,10,10,10,10,10,80
128RLH2UB,脱兎ちゃん,0TKFF5EG3,サークル名募集中,1495,18,788,2141000,10,10,10,10,10,10,10,10,80
7NCQUAL3N,ドン太,JTX1G19BP,さやかほ癒し会,1540,14,788,2141000,10,10,10,10,10,10,10,10,80
8YL7FPM4D,生放送,PBRDPWEY1,村村会,1682,18,790,2140000,10,10,10,10,10,10,10,10,80
7J35LPAK6,ぜんざい屋,GN1798YEX,ド!ド!同好会,1394,6,790,2140000,10,10,10,10,10,10,10,10,80
89E28KMLV,Dav,E515TRU1G,起きろ夕霧綴理,1011,5,792,2139000,10,9,9,9,8,9,8,10,72
II9KD46VB,えー,CV62FGL1U,花咲かせ隊,1548,17,792,2139000,10,10,10,10,10,10,10,10,80
7H7MISFID,花嫁,B5V2LNN43,WMW,1363,14,794,2138000,10,10,10,10,10,10,10,10,80
742U62G5F,wasin,43HRXMXWA,無言OKクラブ,1177,12,794,2138000,9,8,8,10,6,9,8,9,67
KVRSXLYW0,かねはら,8FR866PRY,蓮っ子みらくラブ,1625,18,796,2137000,10,10,10,10,10,10,10,10,80
34J8GIUXF,ロールパン,K25DPPGT9,圧倒的にまったり,1397,18,796,2137000,10,10,10,10,10,10,10,10,80
6IJT78QJS,ふぁい,6XX7GBM0K,ぷちぐる同好会,1493,11,798,2136000,10,10,10,10,10,10,10,10,80
WGXARLYX1,やすき,NJBBTCY3A,かにかに！,940,8,798,2136000,10,10,8,9,10,7,9,10,73
6X3LMM5NH,ズライカ,X7C21B7H7,泥,1683,15,800,2135000,10,10,10,10,10,10,10,10,80
BCZN6OFG9,あすまぺ,Y6JNPC60C,綴理メイト,1562,18,800,2135000,10,10,10,10,10,10,10,10,80
NNN6H5GTN,三尺,WTJV514G9,蓮ノ空のお弁当屋,1182,9,802,2134000,10,10,10,10,10,10,10,10,80
0AO1734LO,Ｒスキー,8JMW9G2XW,僕らのリンクラ！,1427,7,802,2134000,10,10,10,10,10,10,10,10,80
MKE2X1GW5,きりか,9U8KNU6U9,対抗戦用,1062,13,804,2133000,10,10,10,10,10,10,10,10,80
U8MTGFGI0,安芸,GMEF2K8DL,花咲く泥も好き²,1610,12,804,2133000,10,10,10,10,10,10,10,10,80
9BC4Y2CJM,つづりが好きです,DALU6BL7L,東方星蓮船,1299,18,806,2132000,10,10,8,9,10,9,10,10,76
KAEXJ7XT6,打ち師ナイン,RF5215M2U,スクステ同好会②,1250,17,806,2132000,10,10,10,10,10,10,10,10,80
1IWO0DP1G,しろ,GKR9TEBYC,毎日がホリデイ♪,1298,0,808,2131000,10,8,9,10,7,10,10,10,74
GNDIUMDF7,いかるが,JE7V5MM31,蓮ノ沼に沈んだ泥,1492,11,808,2131000,10,10,10,10,10,10,10,10,80
MW0E12KWR,ふーさん,43HRXMXWA,無言OKクラブ,1437,13,810,2130000,10,10,10,10,10,10,10,10,80
L46P41LMI,しし座のB型,7R8NKPAB1,花帆推し倶楽部,1464,11,810,2130000,10,8,10,10,8,10,10,10,76
LYYGRG8W4,りぞん,PBRDPWEY1,村村会,1385,14,812,2129000,10,10,10,10,10,10,10,10,80
JMOWWJBZA,ミ四,05KN1RR3U,さやかほ花卉園,1535,3,812,2129000,10,10,10,10,10,10,10,10,80
2XNU87W5U,ほそかわたかし,ABALH0AL3,楽園計画,1136,10,814,2128000,10,10,10,10,10,10,10,10,80
453CGNJA9,カリウム,EY8YN8J6X,インド蓮ノ空支部,1197,16,814,2128000,10,10,10,10,10,10,10,10,80
T04LMQKYW,がぬ,1BME38BCD,さすさやクラブ,1515,19,816,2127000,10,10,10,10,10,10,10,10,80
LY84KEPXR,紡,976BY5JWK,ハルカカナタ,1043,9,816,2127000,10,10,10,9,9,10,7,10,75
MVD3JUMPA,黒の皇帝,M5LHG6R4T,乙宗動物園,862,4,818,2126000,9,10,10,10,10,10,10,10,79
7F72YZWZM,K-GO,W3YKKRWHG,ルリと愉快な一家,1672,18,818,2126000,10,10,10,10,10,10,10,10,80
D1T17CR7L,ふらぴく∬,8JMW9G2XW,僕らのリンクラ！,1548,18,820,2125000,10,10,10,10,10,10,10,10,80
S9K0MFOPI,あかつき,B5V2LNN43,WMW,1525,16,820,2125000,10,10,10,10,10,10,10,10,80
I962LF0QO,TOMO,59AK7LJ7A,とりあえず,1485,9,822,2124000,10,10,10,10,10,10,10,10,80
DFBXXJLL3,ポット,RFYKY8DCD,LA.LA.LA,1507,11,822,2124000,10,10,10,10,10,10,10,10,80
80GPLPYF5,お米大使,2A69E25N6,ゆめみづほ,1674,15,824,2123000,10,10,10,10,10,10,10,10,80
MGO4M6TKM,ユノ,GVT61ATX0,なのだけれど,1416,8,824,2123000,10,10,10,10,10,10,10,10,80
M3LTBJH1V,ネム,1DU9LCND7,蓮ノ空すこやか部,1260,18,826,2122000,10,10,10,10,10,10,10,10,80
K3DA7KEV0,カップ,PLBBEX019,待機室目指し隊,1362,13,826,2122000,10,10,10,10,10,10,10,10,80
P1253CJ83,生クリーム,M4D0VP1XT,蓮ノ空痛車部,1334,13,828,2121000,10,10,10,10,10,10,10,10,80
KT0BG1PP0,クリフ,9YM3DBTB7,泥民館,1303,18,828,2121000,10,10,10,10,10,10,10,10,80
BL0BGN2JZ,せて,6XX7GBM0K,ぷちぐる同好会,1494,17,830,2120000,10,10,10,10,10,10,10,10,80
3LAV7X9TK,とい,RFYKY8DCD,LA.LA.LA,1213,0,830,2120000,10,9,10,9,7,9,9,10,73
2TMBXYL4T,"Mirai,A",YBEGLUD1U,団子より花宮,1194,7,832,2119000,10,10,10,10,10,10,10,10,80
82XHVVXLA,Tep(TH),0UT59MJ8U,かほすこ同好会,1562,18,833,2118000,10,10,10,10,10,10,10,10,80
AUEOHWX6Y,ざき,YCTM6RYDP,金沢おでん同好会,1627,18,833,2118000,10,10,10,10,10,10,10,10,80
BE9X9RZ1R,やんしょー,N34LHVJKN,のんびり堂,1483,18,835,2117000,10,10,10,10,10,10,10,10,80
63AJ2C8JK,ながれぼし,VLY5JDKCV,新規なのだけれど,1120,13,835,2117000,9,8,9,10,9,10,8,10,73
DCR8TX22K,みんと,V4A5MP41E,徒町チャレンジ！,1314,18,837,2116000,7,9,10,8,5,10,9,9,67
WNLQTTY46,キリマンジャロ,G6LTF6TUE,喫茶ハスノソラ,1328,9,838,2115000,6,10,8,9,10,10,9,10,72
73LLL5HU8,ウェゐク,TN2M8YT07,まかないしお,752,0,838,2115000,9,8,9,9,9,8,10,10,72
M87RG96MY,あき,X7YM9EG8K,伝統の石川地酒,1371,12,840,2114000,10,10,10,10,10,10,10,10,80
BMBV82R3M,まつもと,AH27N260E,百生信託銀行,888,4,840,2114000,9,10,8,10,7,9,7,8,68
WEV79L7C0,ライトブルー,MTBP3B4GM,ふらわーすきすき,1391,18,842,2113000,10,10,10,10,10,10,10,10,80
8WFA3HOVR,とろ,AH27N260E,百生信託銀行,765,4,842,2113000,10,10,6,10,8,10,7,9,70
OQIZZEXIZ,はま,8R49BTWW6,蓮女お嬢様クラブ,1319,9,844,2112000,10,10,10,10,10,10,10,10,80
E1FUAMAEG,日野下・K・アホ,HBM31HMUY,YUKIZURI,1501,18,844,2112000,10,10,10,10,10,10,10,10,80
5W3YWXSV6,テイルモン,7XH3K4GBT,LLP,1486,17,846,2110000,10,10,10,10,10,10,10,10,80
4F31TFH9D,あらかわ（憩）,8VGXWTV3U,R.opRizm,1184,5,846,2110000,10,10,10,10,10,10,10,10,80
EMD3LH3WH,リリス,MTBP3B4GM,ふらわーすきすき,1527,17,848,2109000,10,10,10,10,10,10,10,10,80
2WMNYNRU9,ゆゆもふ,51L89PJCB,もふもふ,932,11,848,2109000,10,10,10,10,10,10,10,10,80
KFI8SP6OE,アンジェ,RF5215M2U,スクステ同好会②,1477,18,850,2108000,10,10,10,10,10,10,10,10,80
CNFVA0XA1,1000円,BKUHCT7WF,蓮女お嬢様部,1285,12,850,2108000,10,10,10,10,10,10,10,10,80
2FRL7KV1T,金字塔P,R181MKNX1,みらくらは人生！,1272,4,852,2107000,10,10,10,10,10,10,10,10,80
3GPD0LRY3,与謝野晶子,2NY9H8BR9,乙宗紅茶館,1283,14,852,2107000,10,10,10,10,10,10,10,10,80
YLGVH328E,めぐミルク,V4A5MP41E,徒町チャレンジ！,1229,1,854,2106000,10,10,10,10,10,10,10,10,80
9HZSVL4CY,ダイバー,WHWT61ELR,【無言】ハスノソ,1457,17,854,2106000,10,10,10,10,10,10,10,10,80
IEQVGJ4Z2,坊,G59NGM0XA,シュリーレン,1529,18,856,2105000,10,10,10,10,10,10,10,10,80
EQM3PYC53,プリン,PBRDPWEY1,村村会,1540,18,856,2105000,10,10,10,10,10,10,10,10,80
6WD9HFP2A,ちゃそ,ABU58EVJ2,Quatuor,1319,14,858,2104000,10,10,10,10,10,10,10,10,80
YAVRF19YD,b,N1DJVPGP8,いつでも咲けるよ,1331,6,858,2104000,10,9,10,10,8,10,7,10,74
4B7HFCTL6,ばなな,CTW8DKV5P,まったり,1468,18,860,2103000,10,10,10,10,10,10,10,10,80
05J0TPTJ6,せいげん,RF5215M2U,スクステ同好会②,1183,8,860,2103000,6,10,8,10,8,10,6,10,68
3ERHHM2GL,ホンマちゃん,7XH3K4GBT,LLP,1074,14,862,2102000,10,10,10,10,10,10,10,10,80
F4GBY0CFD,merumo,V7768X8AC,せーので！,1558,18,862,2102000,10,10,10,10,10,10,10,10,80
7YX6Y7YK1,れおっぴ,2JK7E4115,ラ！推し,1458,8,864,2101000,10,10,10,10,10,10,10,10,80
6UPER4EDF,ハリ,PLBBEX019,待機室目指し隊,1460,18,864,2101000,10,10,10,10,10,10,10,10,80
3BMHN299X,まぁたん,UVK38MFR2,蓮の虚無サー,1038,9,866,2100000,10,8,10,10,7,10,5,7,67
MH25XY5YR,「」リ,NMT63RUDV,泥村,1463,18,866,2100000,10,10,10,10,10,10,10,10,80
8Q9YTKSM2,るる,4RY75CKM4,LLすこ部　メ募,1532,13,868,2099000,10,10,10,10,10,10,10,10,80
L7JJ2A0Y8,たっつん,KXU941RFJ,梢先輩おめでとう,1563,15,868,2099000,10,10,10,10,10,10,10,10,80
VP8ALT1CU,どら,48BTAPMBG,蓮ノ空魔術部,1549,19,870,2098000,10,10,10,10,10,10,10,10,80
LVOYGDF8A,norano,RWARTHA1M,乙宗梢大好き部,1542,11,870,2098000,10,10,10,10,10,10,10,10,80
EJHLCHP8O,めぐみアキ,PDMPF3VVV,r/LL,1279,11,872,2097000,10,10,10,10,10,10,10,10,80
DA69DXT3Y,けい,K8C99H42D,ルリと喜ド！愛楽,1212,6,872,2097000,10,10,10,10,10,10,10,10,80
EEOUGZ125,黎,6H800PBV7,新鮮館,1435,8,874,2096000,10,10,10,10,10,10,10,10,80
V8F0YRMRD,高咲侑DD,J800VVPTN,Aqours,1337,17,874,2096000,10,10,10,10,10,10,10,10,80
9K8T3D22C,カツオ,KBJ2P8T0Y,人見知りの集い,1368,17,876,2095000,10,10,10,10,10,10,10,10,80
3FXRPUT8R,無欲,7R8NKPAB1,花帆推し倶楽部,1522,18,876,2095000,10,10,10,10,10,10,10,10,80
E0H7KX5F4,ひこ,HBUK6F7CC,乙宗梢なりきり部,1380,5,878,2094000,10,10,10,10,10,10,10,10,80
8O1HMMGJ3,shimauo,95TAREFPT,ご自由にどうぞ,1410,18,878,2094000,10,10,10,10,10,10,10,10,80
WYF5GRPEP,ちゃんかい,FK5MUK0ET,くる♡すきクラブ,1214,16,880,2093000,10,10,10,10,10,10,10,10,80
6F9LWDMNT,ASH,D7H8MN2U4,LLD,1242,17,880,2093000,10,10,10,10,10,10,10,10,80
G6A7YVWN8,「」のどか,TBX7N9RK5,つよつよなLH,1287,17,882,2092000,10,10,10,10,10,10,10,10,80
1HBMC2CTW,うゆ,JTX1G19BP,さやかほ癒し会,1231,18,883,2091000,10,10,10,10,10,10,10,10,80
MPY1ACKFX,カンパチ,GWGDMA3YC,初心者無言自由だ,1453,18,883,2091000,10,10,10,10,10,10,10,10,80
20MN614RB,らんちやん,Y6JNPC60C,綴理メイト,1181,9,885,2090000,9,9,9,10,10,10,9,10,76
E9FMEDE4D,>M<,YDYH4VRRP,レンクウ,1082,9,885,2090000,10,10,10,10,10,10,10,10,80
UA7RCU0PL,TOA,WTJV514G9,蓮ノ空のお弁当屋,1291,18,887,2089000,10,10,10,10,10,10,10,10,80
RMH27ZIYV,シグレ,CV62FGL1U,花咲かせ隊,1451,18,887,2089000,10,10,10,10,10,10,10,10,80
JM8UVFGRG,masaki,MTBP3B4GM,ふらわーすきすき,1485,17,889,2088000,10,10,10,10,10,10,10,10,80
HETR1NXDG,ack1011,XEENRBXCG,蓮ノ空休日クラブ,1056,8,889,2088000,10,10,10,10,10,10,10,10,80
9FCM2N4CA,臨倉奴太郎,PR2BGEK5K,ありがとう大三角,1451,15,891,2087000,10,10,10,10,10,10,10,10,80
4L1WIM8NX,素敵さん,73CBYJYB0,"oNM,",1732,15,892,2086000,10,10,10,10,10,10,10,10,80
0J9VGUGRR,TAKA,GN1798YEX,ド!ド!同好会,1460,18,892,2086000,10,10,10,10,10,10,10,10,80
DFSDK0DC1,Exas,79C17CHA2,蓮ノ空出張部,1571,10,894,2085000,10,10,10,10,10,10,10,10,80
2KPH9HC44,Ryo.,CTW8DKV5P,まったり,1239,14,894,2085000,10,10,10,10,10,10,10,10,80
RGJ7KKAVB,あかたか,MTBP3B4GM,ふらわーすきすき,1647,18,896,2084000,10,10,10,10,10,10,10,10,80
H9T6UA4HK,くらっちぃ,05KN1RR3U,さやかほ花卉園,1322,18,896,2084000,10,10,9,10,10,10,10,10,79
UM0BNRUPA,あるひに,948FLPMPN,まったりハス煮〜,1336,16,898,2083000,10,10,10,10,10,10,10,10,80
MX4E268DJ,もじゃらんど,48BTAPMBG,蓮ノ空魔術部,1498,14,898,2083000,10,10,10,10,10,10,10,10,80
PMFQ33W76,ティワワ,4RY75CKM4,LLすこ部　メ募,1576,10,900,2082000,10,10,10,10,10,10,10,10,80
YHEGTG118,テンカ,K2L5DCVNR,REAL,1387,11,901,2081000,10,10,10,10,10,10,10,10,80
4JFVTNBIH,みょ,49AMYCXCD,ルドベキア,1605,8,901,2081000,10,10,10,10,10,10,10,10,80
LG4WRR8XI,ともてんてー,FG5VFFNRK,蓮ノ空おじさん,1474,10,903,2080000,10,10,10,10,10,10,10,10,80
LIVH0U0S2,アキ,AH27N260E,百生信託銀行,1159,10,903,2080000,6,10,5,10,10,8,4,9,62
5X1NQDTYD,いもりーぬ,998H940YN,お嬢様筋トレ部,1411,4,905,2079000,10,10,10,10,10,10,10,10,80
5D40MOFIU,つづこず世界,WCL6R1ANU,無所属の会,1402,10,905,2079000,10,10,10,10,10,10,10,10,80
GVXXTLANL,愛を繋いで,8FR866PRY,蓮っ子みらくラブ,1409,18,907,2078000,10,10,10,10,10,10,10,10,80
GBGN1EYNY,esca,H0DV3JJGA,かほさやてぇてぇ,1189,8,907,2078000,10,8,8,10,9,10,10,10,75
YUI8OT8S0,つっつー,YE7CX8RNP,蓮ノ大三十角ex,1656,17,909,2077000,10,10,10,10,10,10,10,10,80
DPK12D7YW,けんぼー,N1JM7M3YC,丘側,1290,14,909,2077000,10,10,10,10,10,10,10,10,80
FWPHLRY2B,すーさん,WN3LHKX0L,レンコンおいしい,1324,16,911,2076000,10,10,10,10,10,10,10,10,80
KGMNM4FBR,ラスカル,CRYB2FJ64,つくよみくらぶ,1033,7,911,2076000,10,10,10,10,10,10,10,10,80
DCD6T5RYF,かえるけろけろ,6XX7GBM0K,ぷちぐる同好会,1627,18,913,2075000,10,10,10,10,10,10,10,10,80
H8B209M8Y,bd波導,J800VVPTN,Aqours,1326,12,913,2075000,9,8,9,9,8,10,10,10,73
KKHVD2L38,夜桜,948FLPMPN,まったりハス煮〜,1019,16,915,2074000,9,7,7,10,9,10,10,10,72
01F0ML4X6,TM,PPAHU1TNY,蓮ノ空のんびり部,1493,18,915,2074000,10,10,10,10,10,10,10,10,80
EIKH27TI8,あおはる,GKR9TEBYC,毎日がホリデイ♪,1568,18,917,2073000,10,10,10,10,10,10,10,10,80
ABKWHHU3E,かたなし,GYG7B5R36,幼馴染同好会,1268,18,917,2073000,10,10,10,10,10,10,10,10,80
9DN39ABXR,じぐないん,RWARTHA1M,乙宗梢大好き部,1622,13,919,2072000,8,7,9,10,7,10,10,10,71
RJJT8JA6N,しらたま,L1VGJTD5P,蓮ノ空お茶会部,1075,15,919,2072000,10,10,10,10,10,10,10,10,80
G2YIR4WCH,みかん,CM5THHYHB,「」ノ空だけれど,1546,13,921,2071000,10,10,10,10,10,10,10,10,80
9ELHJRDP5,どらもち,79C17CHA2,蓮ノ空出張部,1300,18,921,2071000,10,10,10,10,10,10,10,10,80
XM6GHV3FC,たかっち,HBK6KCRPP,無言でおけ,1195,17,923,2070000,10,10,10,10,10,10,10,10,80
0VVAUBJJ5,pop,6XX7GBM0K,ぷちぐる同好会,1465,15,923,2070000,10,10,10,10,10,10,10,10,80
VD8CGKV44,のたく,79C17CHA2,蓮ノ空出張部,1544,17,925,2069000,10,10,10,10,10,10,10,10,80
DHZOI3DZ1,たけのこ,L3NN1RWMY,アポロベイ海賊団,1392,18,925,2069000,8,7,6,9,5,7,7,8,57
09H0N26FN,ひこ,9E910GGD2,蓮ノ空給湯室,913,5,927,2068000,10,10,10,10,10,10,10,10,80
JIHZKORO6,ラギア,WTJV514G9,蓮ノ空のお弁当屋,1388,4,927,2068000,10,10,10,10,10,10,10,10,80
G2VASMVN7,一般ぴーぽ,1BME38BCD,さすさやクラブ,1548,17,929,2067000,10,10,10,10,10,10,10,10,80
15PLUIMFQ,まよ,GMEF2K8DL,花咲く泥も好き²,1571,18,929,2067000,10,10,10,10,10,10,10,10,80
QGNGWJ8TF,シオン,06DCWC1RE,とりあえず参戦用,1317,3,931,2066000,10,10,10,10,10,10,10,10,80
EKG1U84WF,うーちゃん,EPWMMAXNY,蓮ちゃん初心者,1452,14,932,2065000,10,10,10,10,10,10,10,10,80
XPNWDGIMY,すさ,5W8RPRVUA,ド！ド！泥！,1622,9,932,2065000,10,10,10,10,10,10,10,10,80
27004J3L2,まっつぁん,N7GLY2RUW,百生銀行,1469,14,934,2064000,10,10,10,10,10,10,10,10,80
IW76FOFD0,カンガルー1号,05KN1RR3U,さやかほ花卉園,1523,18,934,2064000,10,10,10,10,10,10,10,10,80
853WW4G3Q,ねぺりん,JE7V5MM31,蓮ノ沼に沈んだ泥,1544,15,936,2063000,10,10,10,10,10,10,10,10,80
NUJYM1WUV,dohho,ABALH0AL3,楽園計画,1446,19,936,2063000,10,10,10,10,10,10,10,10,80
ONG0YLGRM,でぇーき@めぐ党,RF5215M2U,スクステ同好会②,1554,15,938,2062000,10,10,10,10,10,10,10,10,80
2288GCGEH,ふへほはひさん,EYN9H9N16,蓮すきすきクラブ,1762,18,938,2062000,10,10,10,10,10,10,10,10,80
X5FG9PR4K,ともえ,58FD7UF8J,としとしサークル,1235,11,940,2061000,9,9,9,9,9,9,9,10,73
Z4UQWX99L,にっと,KT4C59NXG,めぐ島,1580,17,940,2061000,10,10,10,10,10,10,10,10,80
WEUYCDYYX,マウエ,2K5AM4RV0,とろぺりです,541,1,942,2060000,10,10,10,10,8,10,9,10,77
DM845G6CU,Mea.,Y2HV0YEF7,蓮ノ空を応援し隊,1305,17,942,2060000,10,10,10,10,9,10,10,10,79
8LE4FHM3X,neon,K4TAHF9YA,はすっこ準備室,1387,7,944,2059000,10,10,10,10,10,10,10,10,80
W23S0ECDZ,もりっく,2DYYAPFVN,蓮っ子村,1650,18,945,2058000,10,10,10,10,10,10,10,10,80
XOHZ2K3YU,silly,HBUK6F7CC,乙宗梢なりきり部,1482,18,945,2058000,10,10,10,10,10,10,10,10,80
OKGTPXFZ3,くのｗ,RFYKY8DCD,LA.LA.LA,1498,15,947,2057000,10,10,10,10,10,10,10,10,80
BLYK8JYVV,ドルビー,38KAJGDGU,異次元シャニP,1317,18,947,2057000,10,10,10,10,10,10,10,10,80
ME2W2BCWH,まっきー,2NY9H8BR9,乙宗紅茶館,1543,18,949,2056000,10,10,10,10,10,10,10,10,80
ONI1MX5UO,はやみん*,79C17CHA2,蓮ノ空出張部,1433,14,950,2055000,9,10,10,10,9,10,9,10,77
67M7GY5XU,「ケンゴ」,NMT63RUDV,泥村,1492,12,950,2055000,10,10,10,10,10,10,10,10,80
8XVGBRB0R,言の葉,PBRDPWEY1,村村会,1562,17,952,2054000,10,10,10,10,10,10,10,10,80
PK3CH1XXE,なつめ,NMT63RUDV,泥村,1623,15,952,2054000,10,10,10,10,10,10,10,10,80
P8L3HC8H2,すいこう,J5CKL5YPX,ログイン勢かもん,1062,11,954,2053000,8,10,10,10,10,9,9,10,76
6U5TF6C0W,タキホ,8M6UDX260,ぽけもん好き,1151,15,954,2053000,10,10,10,10,10,10,10,10,80
ZA2F8HP15,Zi9ma,KGDNX3EF3,ENcircle,1119,4,956,2052000,9,10,8,10,8,9,9,10,73
P61TV63B0,シャベル,48BTAPMBG,蓮ノ空魔術部,1104,12,956,2052000,10,10,10,10,10,10,10,10,80
41BAU424R,初,J800VVPTN,Aqours,1201,17,958,2051000,10,9,10,9,8,10,10,10,76
9VJ69HB32,もふもふ,NA8FEYN0M,蓮ノ空飲酒クラブ,1319,18,958,2051000,10,10,10,10,10,10,10,10,80
4NT0CHOHL,みそしる,KBJ2P8T0Y,人見知りの集い,1384,16,960,2050000,10,10,10,10,10,10,10,10,80
P3O3FFU0F,てんま,EYN9H9N16,蓮すきすきクラブ,1465,9,961,2049000,10,10,10,10,10,10,10,10,80
IW1O2POHO,ゆざる,9YM3DBTB7,泥民館,1471,18,961,2049000,10,10,10,10,10,10,10,10,80
2ORXMSDJC,Neamior,919XF8V2V,蓮之空大三腳,1153,16,963,2048000,8,9,7,9,7,9,8,9,66
46H34H9CY,琴,0TKFF5EG3,サークル名募集中,1507,14,964,2047000,10,10,10,10,10,10,10,10,80
F5MYNRGWV,ろこ,BKUHCT7WF,蓮女お嬢様部,1030,9,964,2047000,7,10,10,9,8,10,10,10,74
0EKYJDS1H,魔牛羊,B2KV0EVPD,蓮ちゅきクラブ,1245,10,966,2046000,8,10,8,10,9,8,8,8,69
WY285NN4T,になしぃ,60KU468X3,はっすーず,653,1,966,2046000,10,10,10,10,10,10,10,10,80
G6FMPJYHT,ふらじーる,FTY0R8KPH,泥の皆様,1159,16,968,2045000,10,10,10,10,10,10,10,10,80
YJ6XMPJT5,れる,4RY75CKM4,LLすこ部　メ募,1411,17,968,2045000,10,10,10,10,10,10,10,10,80
CMZHZ9KOZ,「nappa」,CM5THHYHB,「」ノ空だけれど,1475,18,970,2044000,10,10,10,10,10,10,10,10,80
0T3EUCP82,すてら,8M6UDX260,ぽけもん好き,1190,17,970,2044000,10,10,10,10,10,10,10,10,80
KEEKMXE23,ゆのし,GVT61ATX0,なのだけれど,1319,19,972,2043000,10,10,10,10,10,10,10,10,80
ZAB6POKTY,りんう,K25DPPGT9,圧倒的にまったり,1475,14,972,2043000,10,10,10,10,10,10,10,10,80
66VFZ9V1V,「」止已,NMT63RUDV,泥村,1658,18,974,2042000,10,10,10,10,10,10,10,10,80
NJTVVJ3AR,もちゅに,48BTAPMBG,蓮ノ空魔術部,1740,16,974,2042000,10,10,10,10,10,10,10,10,80
MDS3JLIP9,マヤしゃま,B5V2LNN43,WMW,1422,18,976,2041000,10,10,10,10,10,10,10,10,80
O9LDNC83Q,mrn,CX967RTGY,おんゆあさーくる,1571,18,976,2041000,10,10,10,10,10,10,10,10,80
DH50YW702,ぽるたん,R181MKNX1,みらくらは人生！,1313,13,978,2040000,10,10,10,10,10,10,10,10,80
F8BJC61BY,全力幼_女,3HDDYR4FU,旅人,1662,18,978,2040000,10,10,10,10,10,10,10,10,80
320HQ510M,ぴよ,6XX7GBM0K,ぷちぐる同好会,1575,17,980,2039000,10,10,10,10,10,10,10,10,80
92BJ2WH8C,はやたい,CV62FGL1U,花咲かせ隊,1199,18,980,2039000,10,10,10,10,10,10,10,10,80
AR5VWPKV5,みらくらぽーく,F8MLHU2NV,乙宗梢様､､､,1277,15,982,2038000,10,10,10,10,10,10,10,10,80
P5UU1U4YW,ヒロ,JTX1G19BP,さやかほ癒し会,1536,11,982,2038000,10,10,10,10,10,10,10,10,80
0K698VPKP,ショウ,Y2HV0YEF7,蓮ノ空を応援し隊,1381,15,984,2037000,10,10,10,10,10,10,10,10,80
CKD6D1JNL,RELaina,919XF8V2V,蓮之空大三腳,1273,5,984,2037000,10,10,10,10,10,10,10,10,80
MT3MMMA66,そのっち,CX967RTGY,おんゆあさーくる,1215,16,986,2036000,8,10,10,10,8,10,9,9,74
ASLXPDS1Q,ささみ,8R49BTWW6,蓮女お嬢様クラブ,1542,0,986,2036000,10,10,10,10,10,10,10,10,80
43YKLH543,リュウ,BT22M41DV,梢花帆吟子同好会,1514,18,988,2035000,10,10,10,10,10,10,10,10,80
VNF3FHCBR,グリード,8R49BTWW6,蓮女お嬢様クラブ,1171,7,988,2035000,10,10,10,10,10,10,10,10,80
L12MNBJAH,なす,FC8NBAJBT,ラー麺二郎金沢店,1345,16,990,2034000,6,3,5,4,5,4,5,6,38
BU8K94X61,やそ,5W8RPRVUA,ド！ド！泥！,1365,15,990,2034000,10,10,10,10,10,10,10,10,80
371BE8VD3,シュリ,HBUK6F7CC,乙宗梢なりきり部,1290,18,992,2033000,9,8,8,7,7,10,8,8,65
YBU4C8MPB,asupara,PLBBEX019,待機室目指し隊,730,4,993,2032000,6,8,7,8,8,10,10,10,67
8LCHU4WA2,そーじ,0UT59MJ8U,かほすこ同好会,1378,9,994,2031000,10,10,10,10,10,10,10,10,80
47E9NM0MC,バルト,79C17CHA2,蓮ノ空出張部,1306,17,994,2031000,9,10,10,10,8,10,10,8,75
69BBOVP3H,藤島慈の赤ちゃん,YE7CX8RNP,蓮ノ大三十角ex,1318,15,996,2030000,10,9,9,10,10,10,10,10,78
3DA8ELIEA,玉さん,A9MA307FX,楽しいが一番,1619,18,996,2030000,10,10,10,10,10,10,10,10,80
1YV3FGBA8,Be,8GAY2WBT6,(・8・),1297,13,998,2029000,10,10,10,10,10,10,10,10,80
NFVCDDEXM,Lipton,UCWKRB3WR,菅沼千紗が大好き,1219,16,998,2029000,10,10,10,10,10,10,10,10,80
3DK4BALBB,inoi,D7H8MN2U4,LLD,1339,8,1000,2028000,10,10,10,10,10,10,10,10,80
D091ANCFC,ぽっぽ,998H940YN,お嬢様筋トレ部,1629,19,1000,2028000,10,10,10,10,10,10,10,10,80
LEWSH3WFU,ぷりぷり,GKR9TEBYC,毎日がホリデイ♪,1633,18,1002,2027000,10,10,10,10,10,10,10,10,80
OQX4GEHB0,ぎんいろ,HE0GK3EPE,瑞蓮プロカ倶楽部,1549,18,1002,2027000,10,10,10,10,10,10,10,10,80
1XRDP2AEC,ののみえる,W26TRPM1R,めぐ党藤島派,1049,11,1004,2026000,10,10,10,10,10,10,10,10,80
BFY0CMXKL,ヨミ,CM5THHYHB,「」ノ空だけれど,1630,18,1004,2026000,10,10,10,10,10,10,10,10,80
A24H959V1,やまう,7R8NKPAB1,花帆推し倶楽部,1174,13,1006,2025000,10,9,9,10,7,10,9,10,74
M62DM824H,そらら,ABALH0AL3,楽園計画,1295,4,1006,2025000,10,10,10,10,10,10,10,10,80
JGREF0BPV,風花,G6LTF6TUE,喫茶ハスノソラ,1758,17,1008,2024000,10,10,10,10,10,10,10,10,80
TE983RFD4,島田 卓,9UKKACGDU,蓮っ子CLUB,1071,8,1009,2023000,9,8,9,10,10,9,9,10,74
FY75UBXCL,ぷにぱんだ,J8HXTJ8TB,流し素麺同好会,1402,14,1010,2022000,10,10,10,10,10,10,10,10,80
G1BN34PKO,ぽんざしらふ,9YM3DBTB7,泥民館,1480,17,1010,2022000,10,10,10,10,10,10,10,10,80
5LTYV6RWU,みあ,GXR6C85BT,花帆ちゃん親衛隊,1497,18,1012,2021000,9,9,10,10,9,10,10,10,77
KWSACZISO,すずき,BXGNMY466,ライグラ用,1497,16,1012,2021000,10,10,10,10,10,10,10,10,80
7T92E39GY,かーりー,NMT63RUDV,泥村,1432,5,1014,2020000,10,10,10,10,10,10,10,10,80
LWSYKL0X0,おじ,YCTM6RYDP,金沢おでん同好会,1409,13,1014,2020000,10,10,10,10,9,10,9,10,78
9RV301LEB,いもむし,GXR6C85BT,花帆ちゃん親衛隊,1599,16,1016,2019000,10,10,10,10,10,10,10,10,80
EV124MBVX,てんnew,RF5215M2U,スクステ同好会②,1321,18,1016,2019000,10,10,10,10,10,10,10,10,80
9GELNVWFN,まゆ,V6DV6KETG,梢好き好きクラブ,1015,12,1018,2018000,8,8,6,9,9,9,6,9,64
4VC078U6J,バサバサ,6045Y2RW7,ポチっと！蓮ノ空,1165,16,1018,2018000,10,7,10,10,10,10,10,10,77
XKJG42WNE,ハル,LHXNEF3D5,まるまるサークル,1478,8,1020,2017000,10,10,10,10,10,10,10,10,80
67TTDUZ9V,たかな,V26546K3D,乙宗気合筋肉,1470,18,1020,2017000,10,10,10,10,10,10,10,10,80
T2HICS0U9,かえ☺︎,2NY9H8BR9,乙宗紅茶館,1263,14,1022,2016000,10,10,10,10,10,10,10,10,80
MP0KVW4HW,みみ,25PMPEMG7,星見プロ,1377,2,1022,2016000,10,10,10,10,10,10,10,10,80
MGGGX0GH1,石もふ,VW65MCVF8,スリスリーズ,1579,18,1024,2015000,10,10,10,10,10,10,10,10,80
Z5D4UIYVF,ひろみみ,NA8FEYN0M,蓮ノ空飲酒クラブ,1729,18,1024,2015000,10,10,10,10,10,10,10,10,80
0A76E8DGK,星鎧亜イカロス,N83DW3NYG,†極最強倶楽部†,1049,1,1026,2014000,9,9,9,10,9,10,9,10,75
YA1XP8AGP,たろー,HBK6KCRPP,無言でおけ,1459,18,1026,2014000,10,10,10,10,10,10,10,10,80
80XJM10F0,うらピ,HBM31HMUY,YUKIZURI,1173,9,1028,2013000,10,10,10,10,10,10,10,10,80
O5F2U26VB,Amiz,9FF5JBNDF,めぐすきクラブ,1533,18,1029,2012000,10,10,10,10,10,10,10,10,80
Z6R8RPXPA,おいりょ,CX967RTGY,おんゆあさーくる,1566,16,1030,2011000,10,10,10,10,10,10,10,10,80
GYN68N567,かっつ,HBM31HMUY,YUKIZURI,1372,18,1030,2011000,10,10,10,10,10,10,10,10,80
MEQLSMP8M,miyu,DMWLUP54C,ほげほげ,1409,15,1032,2010000,10,10,10,10,10,10,10,10,80
VH8JFBP48,freed,GWGDMA3YC,初心者無言自由だ,1360,13,1032,2010000,10,10,10,10,10,10,10,10,80
792K5TKXF,TMY「,NMT63RUDV,泥村,1520,6,1034,2009000,10,10,10,10,10,10,10,10,80
WM0BNWMWN,浅葱,48BTAPMBG,蓮ノ空魔術部,1623,16,1034,2009000,10,10,10,10,10,10,10,10,80
7VE9T0CUP,金、ないんですの,49AMYCXCD,ルドベキア,1583,16,1036,2008000,10,10,10,10,10,10,10,10,80
0JCJQG554,イーサン,D7H8MN2U4,LLD,1419,14,1036,2008000,9,9,10,10,9,10,10,10,77
THZITXSPL,アンコウ,N752V1LD6,思想の溜まり場,1415,6,1038,2007000,10,10,10,10,10,10,10,10,80
I60Q140YD,ゆきじょるの,J8HXTJ8TB,流し素麺同好会,1632,15,1038,2007000,10,10,10,10,10,10,10,10,80
63GWN43GA,アモモンガ,WAT20PN3Y,こな党,1452,12,1040,2006000,10,10,10,10,10,10,10,10,80
EK0XXP482,きり〜こ,JE7V5MM31,蓮ノ沼に沈んだ泥,1356,18,1040,2006000,10,10,10,10,10,10,10,10,80
G9H0HMGHX,ヒマラヤン,8R49BTWW6,蓮女お嬢様クラブ,1449,17,1042,2005000,10,10,10,10,10,10,10,10,80
X7V7KNMRG,Yu,PUJ0ERCMW,蓮ノ空倶楽部,661,2,1042,2005000,10,10,9,10,9,10,9,10,77
3HGKF1TFM,ぼーアイス,R181MKNX1,みらくらは人生！,670,0,1044,2004000,10,10,10,10,10,10,10,10,80
XX2YW3264,あるて,CX967RTGY,おんゆあさーくる,1383,17,1044,2004000,10,10,10,10,10,10,10,10,80
P88JUMG9H,そめ,R1RM3X0WV,後方腕組みオタク,1414,18,1046,2003000,10,10,10,10,10,10,10,10,80
CIG88XHJP,日向（ひなた）,5C2EVBBC1,まったり蓮ノ空,1342,16,1046,2003000,10,10,10,10,10,10,8,9,77
DVCXGXU3N,あらんといん,2NY9H8BR9,乙宗紅茶館,1340,9,1048,2002000,10,10,10,10,10,10,10,10,80
UOCMXFPIR,飛鳥,WHWT61ELR,【無言】ハスノソ,1232,17,1048,2002000,8,8,9,9,8,10,8,9,69
2ZAR0NTWL,のと,R1RM3X0WV,後方腕組みオタク,1504,18,1050,2001000,10,10,10,10,10,10,10,10,80
2KWFKGUSL,しっこく,976BY5JWK,ハルカカナタ,1187,11,1050,2001000,6,2,7,10,9,9,4,10,57
EAX8Z37EN,ななせ,M851LEV3N,なっす父兄,1513,18,1052,2000000,10,10,10,10,10,10,10,10,80
FGVG90592,ゆきち,GYG7B5R36,幼馴染同好会,1373,11,1052,2000000,10,10,10,10,10,10,10,10,80
5BXXLGPXM,はねむーん,36DAM7HBL,蓮隠れノ里,1207,12,1054,1999000,10,10,10,10,10,10,10,10,80
5J5KKRPKY,かなた,WHWT61ELR,【無言】ハスノソ,1197,17,1054,1999000,10,10,10,10,10,10,10,10,80
GHXAUM56B,ゆ,9FF5JBNDF,めぐすきクラブ,1156,15,1056,1998000,8,8,9,9,7,8,8,8,65
LE2PGA7A6,しのぶ,G59NGM0XA,シュリーレン,1302,7,1057,1997000,9,8,8,10,8,10,10,10,73
PLE67URFB,DasserAN,M5LHG6R4T,乙宗動物園,1535,16,1057,1997000,10,10,10,10,10,10,10,10,80
BAY7T6KUR,「めそ,DMDVHGFUG,インドネシア仲間,1309,12,1059,1996000,10,10,10,10,10,10,10,10,80
PSW1T3COA,マッキー,GKR9TEBYC,毎日がホリデイ♪,1377,6,1059,1996000,10,10,10,10,10,10,10,10,80
MVDB0451D,和三盆,PH0YEPJD8,蓮ノ空北國金沢,971,4,1061,1995000,6,10,10,10,10,10,5,10,71
KTPM67B8E,きしめん,WN5B7VKPU,きんぴられんこん,1179,11,1062,1994000,10,10,10,10,10,10,10,10,80
K0VEKPK8N,Renren,6045Y2RW7,ポチっと！蓮ノ空,1285,15,1062,1994000,7,8,8,10,10,9,7,10,69
TEUJEU0JT,⠀ ⠀ ⠀,D7H8MN2U4,LLD,434,1,1064,1993000,10,7,7,10,4,9,4,3,54
PX25B6CAT,なとりうむ,G0J2F9NAL,さやさやさーくる,1330,1,1064,1993000,10,10,10,10,9,10,10,10,79
E3AQ0R2WD,リョチャノ,MTBP3B4GM,ふらわーすきすき,1434,15,1066,1992000,10,10,10,10,10,10,10,10,80
6112IV1FW,ゆう,L1VGJTD5P,蓮ノ空お茶会部,1442,15,1066,1992000,10,10,10,10,10,10,10,10,80
29G2WBO7O,はっち,V8XX999F6,卍蓮村幼稚園卍,1517,18,1068,1991000,10,10,10,10,10,10,10,10,80
OS5RF4SH8,ふら,GXR6C85BT,花帆ちゃん親衛隊,1613,16,1068,1991000,10,10,10,10,10,10,10,10,80
E6TYK4KM2,ｼｬｹ,NJBBTCY3A,かにかに！,1252,9,1070,1990000,10,4,8,8,3,2,9,10,54
F0546GHPH,ようへい,V4A5MP41E,徒町チャレンジ！,1497,1,1070,1990000,10,10,10,10,10,10,10,10,80
5GPEMYD72,ろー,KT4C59NXG,めぐ島,1331,13,1072,1989000,10,10,10,10,10,10,10,10,80
LNLH3S1AI,アララギ,2DYYAPFVN,蓮っ子村,1075,11,1072,1989000,7,10,6,4,9,8,5,10,59
XKV0YF90Y,おむらいす大将軍,FH7G62PKW,月火水木金土日,1397,16,1074,1988000,10,10,10,10,10,10,10,10,80
8WGX53VC1,mooan,A7WWE0463,蓮ノ空初心者部,1233,8,1074,1988000,10,10,10,10,10,10,10,10,80
AHR32783X,とろろ蕎麦,5KK3DFY18,MUGEN∞,1326,0,1076,1987000,10,10,10,10,10,10,10,10,80
S44PA6B73,しずく饅頭,LY0XPW7NL,同棲概念強火派,1652,13,1076,1987000,10,10,10,10,9,10,10,10,79
55VC38QIN,Newmo,07JW71HWG,良いチケで観よう,1397,12,1078,1986000,7,10,9,10,8,9,9,9,71
5UT1FEC2R,みけ,N1DJVPGP8,いつでも咲けるよ,1379,9,1078,1986000,10,10,10,10,10,10,10,10,80
GRXB1MUY8,ぴー,V4A5MP41E,徒町チャレンジ！,1209,14,1080,1985000,10,10,10,10,10,10,10,10,80
6HX9NM2GR,藍月 海月,FVJABCVP3,瑞蓮ラボ,1315,8,1080,1985000,10,10,10,10,10,10,10,10,80
MGF090R00,りんご。,HBUK6F7CC,乙宗梢なりきり部,894,2,1082,1984000,10,10,10,10,10,10,10,10,80
MI25CLQP1,天月,FG5VFFNRK,蓮ノ空おじさん,1301,18,1082,1984000,10,10,10,10,10,10,10,10,80
9L8A47NPK,大坪あなご,FG5VFFNRK,蓮ノ空おじさん,1521,12,1084,1982000,10,10,10,10,10,10,10,10,80
ZYB17OTGE,鯛,WTJV514G9,蓮ノ空のお弁当屋,1363,16,1084,1982000,10,10,10,10,10,10,10,10,80
TGAXVGBHT,ショウヤ,FVJABCVP3,瑞蓮ラボ,1551,19,1086,1981000,10,10,10,10,10,10,10,10,80
73OUNPHVO,こう,KW0RM1LEP,はすっこくらぶ,1398,12,1086,1981000,10,10,9,10,10,10,10,10,79
DE5UYEDHQ,棗,8M6UDX260,ぽけもん好き,1356,15,1088,1980000,10,10,10,10,10,10,10,10,80
HY34E4YKX,風,7R8NKPAB1,花帆推し倶楽部,1299,11,1088,1980000,7,7,10,9,8,10,10,10,71
T9LWGZSB4,Sammomo,BELCUYCMH,蓮hkg香港分部,1281,18,1090,1979000,10,10,10,10,10,10,10,10,80
FB415YHRG,ゆさまこと,V26546K3D,乙宗気合筋肉,1296,5,1090,1979000,10,10,10,10,10,10,10,10,80
A41HY3Y8L,AOIAO,FVJABCVP3,瑞蓮ラボ,1386,15,1092,1978000,10,10,10,10,10,10,10,10,80
WZ5XYVPP1,トイトイ,79C17CHA2,蓮ノ空出張部,1491,15,1092,1978000,10,10,10,10,10,10,10,10,80
PCNZSCMJ3,もりでー,4XRHRYDW4,無言でエンジョイ,1557,17,1094,1977000,10,10,10,10,10,10,10,10,80
9X6GWYYCC,まぐ,YE7CX8RNP,蓮ノ大三十角ex,1399,19,1094,1977000,10,10,10,10,10,10,10,10,80
1WHW3FXE7,コルセ・アスミ,MTBP3B4GM,ふらわーすきすき,1501,17,1096,1976000,10,10,10,10,10,10,10,10,80
YS9DZKQ9V,アザラシ,BKUHCT7WF,蓮女お嬢様部,1366,15,1096,1976000,10,10,10,10,9,10,10,10,79
XELT0K2YU,りゅう茶,AG9PKMMC3,ぱかぱか同好会,1505,18,1098,1975000,6,10,8,10,9,9,10,10,72
96LVLF86T,リョウ,2ULM366U6,毎日がエブリデイ,1483,10,1098,1975000,10,10,10,10,10,10,10,10,80
XKRN0VQH2,ゆーき舞台創造科,3BE2RELRC,見晴台,1398,17,1100,1974000,10,10,10,10,10,10,10,10,80
CK49KFTJ1,こーどどどーん,RXXUPMWB9,待機室跡地観測所,1316,16,1100,1974000,10,10,10,10,10,10,10,10,80
4LEATMTOT,KINO-P,V6DV6KETG,梢好き好きクラブ,1376,3,1102,1973000,10,10,10,10,10,10,10,10,80
WHC9YENJ2,こあ,3A63DYH54,LLすこすこ部,1111,13,1102,1973000,9,7,7,9,9,10,9,9,69
27JFRY8KM,Via,UVK38MFR2,蓮の虚無サー,943,5,1104,1972000,6,7,10,7,6,7,8,10,61
7WEHEX7T9,あやね,LLTD7LBDV,ソロ,1704,15,1104,1972000,10,10,10,10,10,10,10,10,80
MKDUT5AWA,ほうき,NC2YT2V28,蓮之愛同予者何人,610,0,1106,1971000,10,8,10,10,9,10,10,9,76
PE4EU1BE7,アーク,48BTAPMBG,蓮ノ空魔術部,868,7,1106,1971000,10,10,10,10,10,10,10,10,80
JBEYM9IPJ,むとー,W9G7A5E34,泥沼,1455,18,1108,1970000,8,6,6,9,7,8,7,10,61
KA2DTRI1A,ひは,UVN7G4X3A,闇のルビィ団,1614,6,1108,1970000,10,10,10,10,10,10,10,10,80
LD542Q15X,よぜ,YDYH4VRRP,レンクウ,1630,15,1110,1969000,10,10,10,10,10,10,10,10,80
MNUBWRC8C,でした。,R1RM3X0WV,後方腕組みオタク,1448,18,1110,1969000,10,10,10,10,10,10,10,10,80
KYH3BUB2R,青緑色,CTW8DKV5P,まったり,1604,18,1112,1968000,10,10,10,10,10,10,10,10,80
UYWXG3CKZ,はすた,PBRDPWEY1,村村会,1584,17,1112,1968000,10,10,10,10,10,10,10,10,80
P65NXE2H1,ナスちん,G0WRCNRWK,県立沢庵図書館,1372,18,1114,1967000,10,10,10,10,10,10,10,10,80
YCRY5G08V,小吉,5WUDLMWEP,蓮ノ空は明日ノ空,1423,8,1114,1967000,10,10,10,10,10,10,10,10,80
N5U5H5DCX,シューマイ,1DU9LCND7,蓮ノ空すこやか部,1214,12,1116,1966000,8,7,7,9,8,10,8,10,67
4Y728RDJH,miyamiya,JVUNVCT8P,梢先輩のASMR,1135,7,1116,1966000,10,10,10,10,7,10,10,10,77
TEJ8KU2DF,シャドー,R181MKNX1,みらくらは人生！,1077,10,1118,1965000,10,10,10,10,10,10,10,10,80
FVCUEKZRW,フィーア,K4TAHF9YA,はすっこ準備室,1564,17,1118,1965000,10,10,10,10,10,10,10,10,80
TVF18GHGM,maritime,CY3GGDH7H,㍿キモ・オタク,650,2,1120,1964000,7,10,10,8,10,10,9,9,73
8XGER9Q5Y,ひろ,HE0GK3EPE,瑞蓮プロカ倶楽部,1597,16,1120,1964000,10,9,10,10,9,10,9,10,77
G9KY68ADP,よっしー,JE7V5MM31,蓮ノ沼に沈んだ泥,1391,1,1122,1963000,10,10,10,10,10,10,10,10,80
740FWQUNQ,RYUKI,N0EXH1CM1,ぱちぱち徒町,1448,15,1122,1963000,10,10,10,10,10,10,10,10,80
8R4LC8G2A,ブラウ,BCJRMHE75,梢すきすきクラブ,1405,18,1124,1962000,10,10,10,10,10,10,10,10,80
E58FUL5TV,Familiar,HWJ8XPW0T,箱推しなのだけど,721,2,1124,1962000,10,10,10,10,10,10,10,10,80
8NUNT9NTA,れん,CV62FGL1U,花咲かせ隊,1435,6,1126,1961000,10,10,10,10,10,10,10,10,80
5GGWMNB8V,ジャーマネ,AXG81GPMP,蓮ノ空マタギ部,1549,18,1127,1960000,10,10,10,10,10,10,10,10,80
L5WXR0V9Y,にっ2,25PMPEMG7,星見プロ,1332,13,1127,1960000,10,10,10,10,10,10,10,10,80
UYKD45WLK,はみ,D1YHB0B1A,BWO,1333,17,1129,1959000,10,10,10,10,10,10,10,10,80
28K412J9D,こぶちゃ,D7UA5ER1E,UR報酬欲しい！,1254,15,1129,1959000,10,9,8,10,8,10,10,10,75
Y9D6E6KK8,ぷん,K8C99H42D,ルリと喜ド！愛楽,1087,11,1131,1958000,10,10,10,10,10,10,10,10,80
9HDACK3F2,たんたん,0CEA9XFKR,蓮ノ空の泥人会,876,0,1132,1957000,10,10,10,10,10,10,10,10,80
2WK85ZVSD,ゆゆき,1BME38BCD,さすさやクラブ,1480,18,1132,1957000,10,10,10,10,10,10,10,10,80
JW37MK191,ぽぽろん,J8HXTJ8TB,流し素麺同好会,1320,9,1134,1956000,10,10,10,10,10,10,10,10,80
FSXL0ZX51,えっちゅう,NJBBTCY3A,かにかに！,1316,13,1134,1956000,10,10,10,10,10,10,10,10,80
YNWC9LG8U,YOSHIKI,BTVC9G95X,FES用,703,2,1136,1955000,10,10,10,10,10,10,10,10,80
L76U7V8YB,あかとき,CX967RTGY,おんゆあさーくる,824,5,1136,1955000,6,10,10,10,9,10,10,10,75
BXBVF1D52,ともすと,N752V1LD6,思想の溜まり場,1439,9,1138,1954000,10,6,6,5,8,10,8,10,63
X2ISOX2W3,LumiA,HBUK6F7CC,乙宗梢なりきり部,1380,4,1138,1954000,10,10,10,10,10,10,10,10,80
CUU3XUXP2,やよい,9YM3DBTB7,泥民館,1349,12,1140,1953000,10,10,10,10,10,10,10,10,80
A2AFNK3F0,やっしゅん,W3YKKRWHG,ルリと愉快な一家,1509,18,1140,1953000,10,10,10,10,10,10,10,10,80
ULQT70PVL,さーきっと,KT4C59NXG,めぐ島,1561,14,1142,1952000,10,10,10,10,10,10,10,10,80
UXS5629U1,まう,GKR9TEBYC,毎日がホリデイ♪,1337,12,1143,1951000,10,10,10,10,10,10,10,10,80
J3UNS4PQW,チゼ,1BME38BCD,さすさやクラブ,1423,8,1143,1951000,10,10,10,10,10,10,10,10,80
39T0J8544,雪利,79C17CHA2,蓮ノ空出張部,1518,14,1145,1950000,10,10,10,10,10,10,10,10,80
RFM4CVP8P,カッチャン,N8L41JAA7,無言 ノルマなし,1335,15,1145,1950000,10,10,10,10,10,10,10,10,80
3U37YD7G6,くぃ,W26TRPM1R,めぐ党藤島派,1499,15,1147,1949000,10,10,10,10,10,10,10,10,80
FM41TVQJQ,ジャム,0TKFF5EG3,サークル名募集中,1699,18,1147,1949000,10,10,10,10,10,10,10,10,80
U6RR3WKC1,しぐまむら,25PMPEMG7,星見プロ,1254,0,1149,1948000,10,9,9,7,8,9,10,10,72
17UYW4NFL,まえだようすけ,B5V2LNN43,WMW,1539,18,1149,1948000,10,10,10,10,10,10,10,10,80
NRWK8WWUK,綴のすけ,4XRHRYDW4,無言でエンジョイ,1363,10,1151,1947000,10,10,10,10,10,10,10,10,80
19TPGHPF9,ko-g,2A69E25N6,ゆめみづほ,1716,9,1151,1947000,10,10,10,10,10,10,10,10,80
8VBLF9GS8,火達磨,578YG6EAT,桜桃花束愛聴会,1645,12,1153,1946000,10,10,10,10,10,10,10,10,80
T2KJ802W5,柚衣,J79LGCKKF,蓮ノ空コーラス部,1410,11,1153,1946000,10,10,10,10,10,10,10,10,80
NWTP5WXHV,タチバナ,NMT63RUDV,泥村,1443,16,1155,1945000,10,10,10,9,10,10,10,10,79
HWJC1S41M,【天然】蟹味噌,1DU9LCND7,蓮ノ空すこやか部,1520,18,1155,1945000,10,10,10,10,10,10,10,10,80
WWUKMWALP,ゆーむ,25PMPEMG7,星見プロ,1257,10,1157,1944000,10,10,10,10,10,10,10,10,80
STYD2YWWM,ごば,RF5215M2U,スクステ同好会②,1371,18,1157,1944000,8,6,7,10,7,8,9,9,64
Y9VUZJIT2,とっし,X7C21B7H7,泥,1551,12,1159,1943000,10,9,10,10,9,10,9,10,77
O8A9ZD5IG,堅揚げポテト,YCTM6RYDP,金沢おでん同好会,1363,18,1159,1943000,10,10,10,10,10,10,10,10,80
5W83UKK4H,望月,1BME38BCD,さすさやクラブ,1660,18,1161,1942000,10,10,10,10,10,10,10,10,80
FXNBXLOUO,ハシボソ,Y2HV0YEF7,蓮ノ空を応援し隊,1384,17,1161,1942000,9,8,9,9,9,10,10,10,74
C88Q8HAG2,めんつゆ,998H940YN,お嬢様筋トレ部,1195,8,1163,1941000,10,10,10,10,10,10,10,10,80
T976NU3FV,れきてー,MTBP3B4GM,ふらわーすきすき,1152,13,1163,1941000,10,10,10,10,10,10,10,10,80
MGVR2Z027,オクラホマミキサ,1DU9LCND7,蓮ノ空すこやか部,1735,17,1165,1940000,10,10,10,10,10,10,10,10,80
2V7LSU58X,シグマ,WHWT61ELR,【無言】ハスノソ,1099,2,1165,1940000,9,10,10,10,9,9,9,10,76
K44BPYK0F,まーほむ,1H5P6KV81,さやかの水着,1470,16,1167,1939000,10,10,10,10,10,10,10,10,80
HB0QXMHGR,くろほり,KBJ2P8T0Y,人見知りの集い,1415,11,1167,1939000,10,10,10,10,10,10,10,10,80
BB9YZQI9Y,どんでん,RWARTHA1M,乙宗梢大好き部,1716,6,1169,1938000,10,10,10,10,10,10,10,10,80
MLY2R77P1,ゆう,AE3L01V24,LOVE蓮ノ空,1245,18,1169,1938000,8,9,5,6,5,6,9,10,58
AUATVV59X,Raik,KT4C59NXG,めぐ島,1209,3,1171,1937000,9,9,8,9,7,9,10,10,71
JBEMPA78R,あなた,ULUELCJ7T,なるようになる？,1334,18,1171,1937000,6,7,7,9,7,10,10,10,66
BXVWFVNW5,春日影,919XF8V2V,蓮之空大三腳,1171,14,1173,1936000,10,10,10,10,10,10,10,10,80
BVN3P4073,K.F,CV62FGL1U,花咲かせ隊,1478,18,1173,1936000,10,10,10,10,10,10,10,10,80
0DRF081JP,のゃてふ,5NPVVUGH7,蓮すきすきクラブ,523,0,1175,1935000,10,8,9,10,9,10,10,10,76
8VVE3OU27,リージュ,GYG7B5R36,幼馴染同好会,1225,9,1175,1935000,10,10,10,10,10,10,10,10,80
C772TTBCE,watt,CX967RTGY,おんゆあさーくる,1325,16,1177,1934000,6,7,7,10,5,9,9,8,61
22VLF2LFX,一生スリブです！,MTBP3B4GM,ふらわーすきすき,1244,12,1177,1934000,10,10,10,10,10,10,10,10,80
6A1ARNU7P,_zuuyan_,FE282F3VH,天悶部,1345,2,1179,1933000,10,10,10,10,10,10,10,10,80
C1Y7XAVVD,みよし,CY3GGDH7H,㍿キモ・オタク,1421,16,1179,1933000,9,8,10,10,6,8,10,10,71
XH9G72MU9,機械3号･~･,KBJ2P8T0Y,人見知りの集い,1389,16,1181,1932000,10,10,10,10,10,10,10,10,80
N8M4VIU27,りょう,N0EXH1CM1,ぱちぱち徒町,1216,17,1181,1932000,10,10,10,10,10,10,10,10,80
V60A86X1Y,んみ,6045Y2RW7,ポチっと！蓮ノ空,1457,18,1183,1931000,10,10,10,10,10,10,10,10,80
RWVJDCP2R,元大学院生,V7768X8AC,せーので！,1432,15,1183,1931000,9,10,10,10,9,10,10,10,78
B6HUQLL2V,Kashio,BWD9U1EJ2,蓮之空中国同好会,1365,19,1185,1930000,10,10,10,10,10,10,10,10,80
7T6K4HWD9,じり,2NY9H8BR9,乙宗紅茶館,1318,9,1185,1930000,10,7,9,10,6,9,9,10,70
451XUX1KK,Xperia,2MLF6F0C7,個人用,1385,17,1187,1929000,10,9,9,10,9,9,9,10,75
KWPR6591B,yano,0CEA9XFKR,蓮ノ空の泥人会,741,2,1187,1929000,10,9,9,10,9,8,10,10,75
3QI1XP4JG,クマタロー,V7768X8AC,せーので！,1582,10,1189,1928000,10,10,10,10,10,10,10,10,80
1DEEHPKAU,ゆきじょー,06DCWC1RE,とりあえず参戦用,1271,5,1189,1928000,10,10,10,10,10,10,10,10,80
V0AF17A00,みけし,Y6JNPC60C,綴理メイト,1441,18,1191,1927000,10,10,10,10,10,10,10,10,80
935BA0WHY,にむ,RF5215M2U,スクステ同好会②,1668,18,1191,1927000,10,10,10,10,10,10,10,10,80
NF154X7UN,紅月,0UT59MJ8U,かほすこ同好会,1672,18,1193,1926000,10,10,10,10,10,10,10,10,80
2KA7CXTUM,たま8段,K8C99H42D,ルリと喜ド！愛楽,1200,15,1193,1926000,10,10,10,10,10,10,10,10,80
Z01UF5760,はこ,X34LWGL6R,サークル2,1267,15,1195,1925000,10,10,10,10,8,10,10,10,78
QUH9UCVTD,川合,V26546K3D,乙宗気合筋肉,1446,18,1195,1925000,10,10,10,10,10,10,10,10,80
W3VE36URL,ゆう,E7UBFLW56,同好会の同好会,1259,18,1197,1924000,10,10,10,10,10,10,10,10,80
GDTVJ1B8L,ツナ缶,7HWM7661K,A,1531,19,1197,1924000,10,10,10,10,10,10,10,10,80
2ADC9VMMF,つしまつちやん。,GXR6C85BT,花帆ちゃん親衛隊,1348,7,1199,1923000,10,10,10,9,10,10,10,10,79
P1NGK9I41,ラピート,DHKUGEWBJ,めぐ党虹ヶ咲支部,1298,17,1200,1922000,10,8,7,9,7,8,10,10,69
LLE06U65D,あけほし,6XX7GBM0K,ぷちぐる同好会,1190,2,1200,1922000,10,10,10,10,10,10,10,10,80
EJPNW2093,ＤＨ・ミヤ,E58EXVMJU,ボクがんばる。,1451,0,1202,1921000,10,10,10,10,10,10,10,10,80
I46WRW3TG,ツペル,7R8NKPAB1,花帆推し倶楽部,1355,16,1202,1921000,9,9,9,9,8,9,9,10,72
1U3IE6OEV,よすよす,V26546K3D,乙宗気合筋肉,1361,17,1204,1920000,10,8,10,10,8,10,10,10,76
C8J195ETT,Ayumu,NC2YT2V28,蓮之愛同予者何人,1327,11,1204,1920000,8,9,10,10,8,10,10,10,75
HRGE6XY4D,おかだ,6XX7GBM0K,ぷちぐる同好会,1305,5,1206,1919000,10,10,10,10,10,10,10,10,80
DWMHF7KEL,サキウサ,2ULM366U6,毎日がエブリデイ,1322,9,1206,1919000,10,10,10,10,10,10,10,10,80
RXEBBTS8J,タダマレ,79C17CHA2,蓮ノ空出張部,1433,8,1208,1918000,10,10,10,10,10,10,10,10,80
439PDG459,まずか,8JMW9G2XW,僕らのリンクラ！,1611,7,1209,1917000,10,10,10,10,10,10,10,10,80
NIDAR0ZYH,MST,C0NDBKMRB,すりぃずぶぅ家,1191,13,1209,1917000,7,6,6,9,6,8,5,8,55
HHKP4XO3J,Rino,KA652DGYV,ゆるリンクラ,1161,8,1211,1916000,10,10,10,10,10,10,10,10,80
F5W4O51H7,あねもねちゃん,49AMYCXCD,ルドベキア,1585,18,1211,1916000,10,10,10,10,10,10,10,10,80
WDW2V2JKC,たぁ,HWJ8XPW0T,箱推しなのだけど,1307,18,1213,1915000,9,10,10,10,10,10,6,9,74
GBRECDN0A,シルコー,HBUK6F7CC,乙宗梢なりきり部,1440,12,1214,1914000,10,10,10,10,10,10,10,10,80
P4KGS0JI8,けーる,CM5THHYHB,「」ノ空だけれど,1416,18,1214,1914000,10,10,10,10,10,10,10,10,80
5E7KHJ7EN,さんくん,HB9AU9DJJ,聖心党,1257,9,1216,1913000,9,7,10,10,8,10,8,9,71
UBDNAYCNL,ドヤ,26JDLMBLN,徒町は強く生きる,1082,7,1216,1913000,8,9,7,10,8,10,7,10,69
0E2MAAX4U,てて,JA2C658FW,さや綴理の村人,1310,15,1218,1912000,10,10,10,10,10,10,10,10,80
1U1EVHMOB,銀河,RWARTHA1M,乙宗梢大好き部,1629,16,1218,1912000,10,10,10,10,10,10,10,10,80
W4Y8YXUNL,ともや,RWARTHA1M,乙宗梢大好き部,1148,4,1220,1911000,10,10,10,10,10,10,10,10,80
DTNPMVGB9,瑠璃乃推し,RKT7BC4F6,人形浄瑠璃乃,1250,18,1220,1911000,10,10,10,10,10,10,10,10,80
3XV06HQ92,ベルク,E58FYF67C,ロータスランド,1486,18,1222,1910000,10,10,10,10,10,10,10,10,80
PJ68GMD3M,ෆ ̖́-じょせ,CX967RTGY,おんゆあさーくる,1269,17,1222,1910000,10,10,10,10,10,10,10,10,80
N40CNAJ6P,MyRoad,G0J2F9NAL,さやさやさーくる,1178,14,1224,1909000,9,8,7,9,7,7,10,10,67
HX6YMMT89,AB-C,N7J2R9JDN,ログイン目標勢!,1018,4,1224,1909000,6,6,5,8,9,10,10,10,64
1E54GG5CG,冷凍おでん,KT4C59NXG,めぐ島,1338,5,1226,1908000,10,10,10,10,10,10,10,10,80
EA3CQLHAU,しましま,XPRA8TRVE,蓮ノ空ロボット部,1254,11,1226,1908000,10,10,10,10,10,10,10,10,80
64G97EX0C,金沢市民,26JDLMBLN,徒町は強く生きる,1173,9,1228,1907000,10,10,10,10,10,10,10,10,80
D5CC1372L,あーのん,F08AHUJJ0,綴理のお世話係,863,2,1229,1906000,8,7,7,9,7,9,7,8,62
MT3RWDPWK,Asaneko,AGJ215YND,蓮の空中國分校,781,2,1229,1906000,10,10,10,10,10,10,10,10,80
YVM6L46HD,リクト,HBK6KCRPP,無言でおけ,1331,17,1231,1905000,10,10,10,10,10,10,10,10,80
4HQD30FDE,える,998H940YN,お嬢様筋トレ部,1285,18,1231,1905000,6,7,10,8,7,10,10,10,68
5BP0BM5WG,みゃーさま@,RF5215M2U,スクステ同好会②,717,3,1233,1904000,10,8,10,10,10,10,10,10,78
BAM3IRQNY,Zero,RWARTHA1M,乙宗梢大好き部,1309,14,1234,1903000,10,10,10,10,10,10,10,10,80
9W29TH6TH,マロングラッセ,B9B9MFAM1,スローライフ,1084,10,1234,1903000,3,4,6,10,2,10,5,8,48
FZFUYLW6P,とも,79C17CHA2,蓮ノ空出張部,1595,4,1236,1902000,10,10,10,10,9,10,10,10,79
Y9137OB91,四連休之虎,EYN9H9N16,蓮すきすきクラブ,1575,14,1236,1902000,10,10,10,10,10,10,10,10,80
SN2NJFTUD,フォフォ,MTBP3B4GM,ふらわーすきすき,1486,9,1238,1901000,10,10,10,10,10,10,10,10,80
7H13P2EPG,せとか,6XX7GBM0K,ぷちぐる同好会,1482,18,1238,1901000,10,10,10,10,10,10,10,10,80
3O33FUW42,クリムゾン孔雀,9GDHWXGVG,ルリと花咲く毎日,1549,19,1240,1900000,10,10,10,10,10,10,10,10,80
J4XJC9BNX,れいみお,NA8FEYN0M,蓮ノ空飲酒クラブ,959,6,1240,1900000,10,10,10,10,10,10,10,10,80
7WBAU9EW5,海月375,R181MKNX1,みらくらは人生！,1030,6,1242,1899000,9,5,7,6,8,7,7,10,59
IMJWTY6HM,みっつぃ〜,0B8RTHY4D,のんびり屋さん,1682,18,1243,1898000,10,10,10,10,10,10,10,10,80
2FKKGLGGP,シンシン,FVJABCVP3,瑞蓮ラボ,1357,18,1243,1898000,10,6,7,7,6,9,7,10,62
DYX5W4XHW,みょ,YTK29NJ0X,よく分からん会,1007,10,1245,1897000,10,10,10,9,10,10,8,10,77
W5XCH27LY,クロ,WTJV514G9,蓮ノ空のお弁当屋,1029,3,1245,1897000,10,10,10,10,10,10,10,10,80
DZD7E4Z46,チャックん,J8HXTJ8TB,流し素麺同好会,1620,6,1247,1896000,10,10,10,10,10,10,10,10,80
WBHM2GEEL,ハ,5W8RPRVUA,ド！ド！泥！,1242,8,1247,1896000,10,10,10,10,10,10,10,10,80
H5APQ3Y4V,sonoda,GXR6C85BT,花帆ちゃん親衛隊,1480,13,1249,1895000,10,10,10,10,10,10,10,10,80
DP0RDV01H,りお（ろぜ）,MVMP6NNXD,空き時間らくがき,1376,12,1249,1895000,10,8,8,10,7,10,9,10,72
0OY7LWZQZ,kennto.,H6JWBBGCG,蓮天・乙宗一心流,1474,11,1251,1894000,7,8,8,9,8,10,10,10,70
JB08G6KR8,うまいぼう^〜^,F90XW14UP,のんびりプレイ,748,1,1251,1894000,9,10,8,10,8,10,10,10,75
MTAZVZYZQ,あかば,8R49BTWW6,蓮女お嬢様クラブ,1345,10,1253,1893000,10,10,10,10,10,10,10,10,80
YTKJLF5F0,たっくんα,MTBP3B4GM,ふらわーすきすき,826,6,1253,1893000,9,2,8,9,1,9,4,10,52
JBN6N91UN,BiBiっときた,5YXVKDEKV,サークル(仮),1146,15,1255,1892000,10,10,10,10,10,10,10,10,80
LMB2KPT23,PIRIN,7R8NKPAB1,花帆推し倶楽部,1409,16,1255,1892000,10,9,9,9,8,10,10,10,75
0GWYFP0AP,あお2,RF5215M2U,スクステ同好会②,1229,6,1257,1891000,10,10,10,10,9,10,9,10,78
SR9B7FZ1N,ガストロン,48BTAPMBG,蓮ノ空魔術部,1356,15,1257,1891000,10,10,10,10,10,10,10,10,80
2CHBK0V81,クロユキ,RKT7BC4F6,人形浄瑠璃乃,732,3,1259,1890000,10,10,10,10,10,10,10,10,80
AGAG7AJE9,ルーク,YCTM6RYDP,金沢おでん同好会,1446,8,1259,1890000,10,10,10,10,10,10,10,10,80
XY15TEL69,_ﾏ,GW4CH70HK,TKG同好会,1171,17,1261,1889000,5,9,6,6,10,8,5,10,59
8WCEGSZAE,まと,7R8NKPAB1,花帆推し倶楽部,1326,2,1261,1889000,10,10,10,10,10,10,10,10,80
6LO0F9Z96,ガイア,JDAG79TG7,百合ノ空観察部,1529,8,1263,1888000,10,10,10,10,10,10,10,10,80
V2N04HFKT,一心,V6DV6KETG,梢好き好きクラブ,1259,9,1263,1888000,10,10,10,10,10,10,10,10,80
ENNG3E699,アルマテンダー,GVT61ATX0,なのだけれど,1346,17,1265,1887000,10,10,10,10,10,10,10,10,80
KBDCCJVXX,TECHI,PLBBEX019,待機室目指し隊,1316,15,1265,1887000,10,10,10,10,10,10,10,10,80
BSGRWC7TI,けんたす,WHWT61ELR,【無言】ハスノソ,1451,15,1267,1886000,10,10,10,10,10,10,10,10,80
L31AHYM5E,アル,4XRHRYDW4,無言でエンジョイ,1396,11,1267,1886000,7,10,10,9,7,9,9,10,71
D924RYHM2,Take,976BY5JWK,ハルカカナタ,1432,18,1269,1885000,10,10,10,10,10,10,10,10,80
MVPXJHBPH,迦弥,YCTM6RYDP,金沢おでん同好会,1555,12,1270,1884000,10,10,10,10,10,10,10,10,80
LYWSVY32L,しらの,6WJW7R1TD,さやこずノ休日,1287,18,1270,1884000,6,10,8,10,4,8,8,10,64
7BDWE6NJD,ふかちん,M6UPWJ6DU,蓮結ぶ虹と星の音,1146,10,1272,1883000,9,6,8,8,4,8,9,9,61
BSVI4O7H3,ばたく,8R49BTWW6,蓮女お嬢様クラブ,1351,16,1272,1883000,8,9,9,9,7,9,10,10,71
ZYVZ4FSC5,ご注文は梢ですか,G6LTF6TUE,喫茶ハスノソラ,1767,18,1274,1882000,10,10,10,10,10,10,10,10,80
3CUF2RF7K,大和銀,KW0RM1LEP,はすっこくらぶ,1505,18,1274,1882000,10,10,10,10,8,10,8,10,76
LCJMCKVZB,ain,57UT319NN,蓮ノ空同好会,793,0,1276,1881000,10,10,10,10,10,10,10,10,80
UI5ZNYZLE,勝勝,FTY0R8KPH,泥の皆様,1369,3,1276,1881000,10,10,10,10,10,10,10,10,80
CWD74E0R8,ゆきかぜ,WWWUTP96L,異次元からキマシ,1114,3,1278,1880000,9,7,9,10,7,10,8,10,70
HP7QWINVD,佳凛,0R8BXPRC1,ポチっ！とクラブ,1314,8,1278,1880000,10,9,9,10,9,10,10,10,77
2E12D17AK,Humit,HB9AU9DJJ,聖心党,784,4,1280,1879000,10,10,10,10,9,10,6,10,75
FG3GU6GA5,震,YFADYJVW4,FPS好きクラブ,1427,14,1280,1879000,10,8,8,7,5,10,9,10,67
K81OFWD3N,炊きたてライス,PPAHU1TNY,蓮ノ空のんびり部,1416,3,1282,1878000,10,10,10,10,10,10,10,10,80
902WTV9GJ,captain,FH7G62PKW,月火水木金土日,1456,9,1282,1878000,10,10,10,10,10,10,10,10,80
GHEBPK8M7,BLAZE,0UT59MJ8U,かほすこ同好会,1446,18,1284,1877000,10,10,10,10,10,10,10,10,80
OTSRGJSHM,バスガイド,PLBBEX019,待機室目指し隊,1443,17,1285,1876000,10,10,10,10,10,10,10,10,80
B1F0B03DC,Tsuki,3FF3NB77X,せーはす愛好会,1457,18,1285,1876000,10,10,10,10,8,10,10,10,78
0E0MK1WCE,てんぱ,06DCWC1RE,とりあえず参戦用,1051,4,1287,1875000,10,9,10,10,8,10,10,10,77
DU8D8Q1RZ,KOH,F8MLHU2NV,乙宗梢様､､､,1257,9,1287,1875000,10,9,9,7,7,10,9,10,71
65MCJCNUU,天曰稚蜜,JE7V5MM31,蓮ノ沼に沈んだ泥,1434,18,1289,1874000,10,10,10,10,10,10,10,10,80
4IROHSJDZ,ちぇ,V26546K3D,乙宗気合筋肉,1379,7,1289,1874000,10,10,10,10,10,10,10,10,80
F6FKCB48N,ぺりらもち,BT22M41DV,梢花帆吟子同好会,1276,15,1291,1873000,10,10,10,10,10,10,10,10,80
VL5H09GYG,台湾からのはんだ,GYG7B5R36,幼馴染同好会,1280,18,1292,1872000,10,7,7,8,9,10,9,10,70
KSVQ1ADIM,もぐなむ,NC2YT2V28,蓮之愛同予者何人,1417,5,1292,1872000,10,10,10,10,10,10,10,10,80
ZGJ44DOBJ,tomatore,X7C21B7H7,泥,1453,3,1294,1871000,10,10,10,10,10,10,10,10,80
FVPWHIUS5,いっしー,X33HHA9F8,アルストロメリア,1381,12,1294,1871000,10,10,10,10,10,10,10,10,80
V3XDTJEVM,ゆう,GW4CH70HK,TKG同好会,1253,18,1296,1870000,10,10,10,10,10,10,10,10,80
829MRGK09,じん,N8L41JAA7,無言 ノルマなし,1174,18,1296,1870000,9,9,9,10,8,9,9,9,72
R41E9H88J,Uすず,RF5215M2U,スクステ同好会②,1199,15,1298,1869000,10,10,10,10,10,10,10,10,80
4LMTMITC5,ユーズキ,KGG6VMD1R,蓮ノ空本蓮沼の会,941,10,1298,1869000,10,10,10,10,10,10,10,10,80
UV9QYJ5YE,び〜,6XX7GBM0K,ぷちぐる同好会,1595,15,1300,1868000,10,10,10,10,10,10,10,10,80
YLQKVDHGG,みなとつき,R181MKNX1,みらくらは人生！,1437,17,1300,1868000,10,10,10,10,10,10,10,10,80
8L8608WFH,ささん,8JMW9G2XW,僕らのリンクラ！,745,0,1302,1867000,10,10,10,10,10,10,10,10,80
XUHJNEX9H,鈴,L1VGJTD5P,蓮ノ空お茶会部,567,0,1302,1867000,10,10,10,10,10,10,10,10,80
0LTXY4ANY,たまも,R9T0YKDW8,かちまち応援隊,1296,17,1304,1866000,9,9,10,10,7,9,10,10,74
RTFHHNRRM,ピノン,1F5EPPMLD,UR貰えればいい,828,2,1305,1865000,9,4,7,9,7,10,9,8,63
5Y53B82FU,紫(花帆ちゃん推,8JMW9G2XW,僕らのリンクラ！,1387,15,1305,1865000,10,10,7,10,5,6,8,10,66
S7PDFX3DD,Ruby,WN5B7VKPU,きんぴられんこん,1418,18,1307,1864000,10,7,10,10,7,10,6,10,70
3HNHGOPR3,むらち,VP0K6KF0K,蓮ノ空大好き!!,1421,9,1307,1864000,10,10,10,10,10,10,10,10,80
0JY76AJ88,こんがり,F8MLHU2NV,乙宗梢様､､､,1377,17,1309,1863000,10,10,10,10,10,10,10,10,80
LOU0DJVV8,あざと医,8JMW9G2XW,僕らのリンクラ！,765,3,1309,1863000,10,10,10,10,10,10,10,10,80
QME72YK24,かん,HBM31HMUY,YUKIZURI,1419,7,1311,1862000,9,8,7,10,9,10,7,9,69
41121WV5Y,みーちゃん,JE7V5MM31,蓮ノ沼に沈んだ泥,1597,6,1311,1862000,10,10,10,10,10,10,10,10,80
VM5FHWG3T,いてつ,8M6UDX260,ぽけもん好き,1410,12,1313,1861000,10,10,10,10,10,10,10,10,80
DEAGMAAG5,けいさんき,BW38LDPRF,蓮浦の星空,1545,18,1313,1861000,10,10,10,10,10,10,10,10,80
3WD6HUCCX,Castle,4WWM4VVDK,蓮ノ空遊戯開発部,1101,1,1315,1860000,8,9,10,9,9,9,10,10,74
1A920W6UC,リンクラ,J800VVPTN,Aqours,973,2,1316,1859000,10,10,10,10,10,10,10,10,80
RXH48G868,御前狐,79C17CHA2,蓮ノ空出張部,1389,18,1316,1859000,10,10,10,10,10,10,10,10,80
JVTU28RDB,タビオカスキ,919XF8V2V,蓮之空大三腳,911,11,1318,1858000,10,10,10,10,10,10,10,10,80
T4KEVPMQ9,高角 ルイ,J0N1E3Y09,月火水木金土日,1244,5,1319,1857000,7,7,7,8,7,10,9,10,65
TG7EGU3PX,パトリック・雄平,BCJRMHE75,梢すきすきクラブ,1094,6,1319,1857000,10,10,10,10,10,10,10,10,80
33LNLB21H,なろー,BTVC9G95X,FES用,1286,13,1321,1856000,10,10,10,10,10,10,10,10,80
KUX508348,すくたれもの,79C17CHA2,蓮ノ空出張部,1221,16,1321,1856000,10,10,10,10,10,10,10,10,80
B7UHN1DBC,Xavier,W26TRPM1R,めぐ党藤島派,1309,10,1323,1855000,8,8,7,10,8,9,10,10,70
KY1XNTX2L,ローキュー,VLY5JDKCV,新規なのだけれど,1346,18,1323,1855000,10,10,10,10,10,10,10,10,80
EP2VVR3PB,いも,1DU9LCND7,蓮ノ空すこやか部,1346,15,1325,1854000,9,10,9,10,9,10,9,10,76
RS50914EE,てDTM,6045Y2RW7,ポチっと！蓮ノ空,1351,2,1325,1854000,10,10,10,10,10,10,10,10,80
J0CF7WY7R,おーちゃん,B5V2LNN43,WMW,1409,13,1327,1853000,10,10,10,10,10,10,8,10,78
8PVGDRRKP,あらびき,RF5215M2U,スクステ同好会②,734,0,1327,1853000,10,10,10,10,10,10,10,10,80
DBV4TN587,うしさんば,MTBP3B4GM,ふらわーすきすき,1464,14,1329,1852000,10,10,10,10,10,10,10,10,80
6A1R37A8C,なの,573J1JVVK,かほかほ,1052,12,1329,1852000,10,9,10,10,5,7,10,10,71
IPPJEH8FD,あいうえお,WHWT61ELR,【無言】ハスノソ,1311,14,1331,1851000,10,10,10,10,7,10,10,10,77
B6XFP7VNH,mi,4XRHRYDW4,無言でエンジョイ,1448,2,1331,1851000,10,10,10,10,10,10,10,10,80
JE52769YD,0000,573J1JVVK,かほかほ,897,6,1333,1850000,10,10,10,10,10,10,10,10,80
MIN2P23LK,滝川,CV62FGL1U,花咲かせ隊,1431,4,1333,1850000,10,10,10,10,10,10,10,10,80
KTKJ81E5V,ミヤモッティ,9YM3DBTB7,泥民館,949,6,1335,1849000,10,10,10,10,10,10,10,10,80
TN5Y9EW3E,かんづめ,WAT20PN3Y,こな党,1544,7,1335,1849000,10,10,10,10,10,10,10,10,80
JHA2S8IM3,pano,GKR9TEBYC,毎日がホリデイ♪,1555,18,1337,1848000,10,10,10,10,10,10,10,10,80
K4IYCBPH8,ふるさと,B2KV0EVPD,蓮ちゅきクラブ,1785,10,1337,1848000,10,10,10,10,10,10,10,10,80
NUURJ1ZXW,Ayu*,HBM31HMUY,YUKIZURI,1226,13,1339,1847000,10,9,9,8,8,8,9,9,70
3XTRK8UH8,むゆ,F8MLHU2NV,乙宗梢様､､､,1475,15,1339,1847000,10,10,10,10,10,10,10,10,80
J37DIXIZI,ぽそ,HMBW9DXY2,蓮好き皆あつまれ,1504,18,1341,1846000,10,10,10,10,10,10,10,10,80
6HUJ74LGL,GOHAAAAN,NMT63RUDV,泥村,1479,18,1341,1846000,10,10,10,10,10,10,10,10,80
MF5AJYWR7,あさかぜ,25PMPEMG7,星見プロ,1335,13,1343,1845000,10,10,10,10,10,10,10,10,80
12VXEYT0F,しや,KBJ2P8T0Y,人見知りの集い,1220,16,1344,1844000,10,10,10,10,10,10,10,10,80
L9F0VZWU7,よぴ,Y6JNPC60C,綴理メイト,1422,9,1344,1844000,10,10,10,10,10,10,10,10,80
RD4BMG4UH,ふじかつ,XE8513HNP,喫茶カワウ空✨,1711,18,1346,1843000,10,10,10,10,10,10,10,10,80
8DF676UYE,みさちか,998H940YN,お嬢様筋トレ部,1184,8,1346,1843000,10,7,7,7,6,8,9,10,64
97D6LAY5P,オイカゼさん,424NLTEE8,無言な異次元部屋,1222,15,1348,1842000,10,10,10,10,9,10,9,9,77
NKMMF0AL8,しゅん,FVJABCVP3,瑞蓮ラボ,1342,2,1348,1842000,10,10,10,10,10,10,10,10,80
W67F0AGNE,まゆい,5NPVVUGH7,蓮すきすきクラブ,1203,10,1350,1841000,8,7,8,7,7,8,8,9,62
9X8X3V66X,シバ,E12PR824F,ゆるっと蓮ノ空,823,1,1350,1841000,10,10,10,10,9,10,9,10,78
SVINRA4QP,UMI!,X7YM9EG8K,伝統の石川地酒,1162,4,1352,1840000,3,1,7,7,7,4,7,10,46
AB6WX8P61,トワ,9GDHWXGVG,ルリと花咲く毎日,604,0,1352,1840000,9,10,10,10,10,10,10,10,79
5XA221NB7,茶ダム,FE282F3VH,天悶部,1239,7,1354,1839000,9,10,9,10,9,10,10,10,77
MJIM20CIT,サカヒーロ,V6DV6KETG,梢好き好きクラブ,1474,18,1354,1839000,10,10,10,10,10,10,10,10,80
X2NPA60KG,りあ,R181MKNX1,みらくらは人生！,1155,9,1356,1838000,10,10,10,10,10,10,10,10,80
9TCT4KUVJ,あいすまんじゅう,6FWRD1K40,いちじょ海賊団,1521,8,1357,1837000,10,10,10,10,10,10,10,10,80
Z0MXBPNY4,くらっち,CM5THHYHB,「」ノ空だけれど,1259,10,1357,1837000,10,10,10,10,10,10,10,10,80
FJ2JC4VL8,きりの,UX96YX4T1,『位置について』,1081,11,1359,1836000,10,10,10,10,10,10,10,10,80
E8YW4THZQ,らぎす,RWARTHA1M,乙宗梢大好き部,1409,18,1359,1836000,10,10,10,10,10,10,10,10,80
3J15R3K2L,壱与,M49MMBK4F,スリーズパーク,934,3,1361,1835000,9,7,7,8,3,8,6,10,58
I8TMVU8IM,薫,HBK6KCRPP,無言でおけ,1571,18,1361,1835000,10,10,10,10,10,10,10,10,80
YITVM7SHL,s27,HE0GK3EPE,瑞蓮プロカ倶楽部,1530,18,1363,1834000,10,10,10,10,10,10,10,10,80
V17DFTKLJ,すーぱーけーさん,9GDHWXGVG,ルリと花咲く毎日,1460,16,1363,1834000,10,10,10,10,10,10,10,10,80
5NBPJN76W,恥は人生の掻捨,1KDUBW4HB,めぐ党0番,596,0,1365,1833000,10,10,10,10,10,10,10,10,80
0B73BUP3M,しののん,ABALH0AL3,楽園計画,1223,17,1365,1833000,10,10,10,10,10,10,10,10,80
MDYJM8LXL,みかん,YAD615PCK,蓮を咲かせる泥達,1147,17,1367,1832000,10,10,10,10,10,10,10,10,80
YBX8LRKM2,タコこう,E12PR824F,ゆるっと蓮ノ空,899,3,1368,1831000,10,5,5,5,5,4,4,7,45
L31NRD4ON,はる,JA2C658FW,さや綴理の村人,1465,15,1369,1830000,10,10,10,10,10,10,10,10,80
6PR07W1W3,shum,YFADYJVW4,FPS好きクラブ,1030,15,1369,1830000,7,9,9,10,5,8,10,10,68
YQMHPVTF8,柊木黎,AG9PKMMC3,ぱかぱか同好会,1471,18,1371,1829000,10,10,10,10,10,10,10,10,80
4RK72HM8O,451,RFYKY8DCD,LA.LA.LA,1370,0,1371,1829000,10,10,10,10,9,10,10,10,79
65P32K7E9,ゲッカ,7R8NKPAB1,花帆推し倶楽部,692,1,1373,1828000,8,7,7,6,7,9,9,8,61
GJYTSRBIE,キイロイトリ,PPAHU1TNY,蓮ノ空のんびり部,1427,11,1373,1828000,10,9,9,10,10,10,9,10,77
BJC3OIEGV,まよせ,2B97MH4YA,同じ話し何回も…,1389,16,1375,1827000,10,10,10,10,10,10,10,10,80
VKNVBR7S7,リリ,WLFW6UCX5,無敵級ビリーバー,1399,17,1375,1827000,8,9,9,10,6,9,8,10,69
JJLREB25X,デンドロ,N752V1LD6,思想の溜まり場,1521,18,1377,1826000,10,10,10,10,10,10,10,10,80
2PE3LW741,けんそ,WTJV514G9,蓮ノ空のお弁当屋,1191,16,1377,1826000,7,10,10,10,7,9,10,10,73
8W61A02JJ,ごんべん京,W3YKKRWHG,ルリと愉快な一家,1478,16,1379,1825000,10,10,10,10,10,10,10,10,80
NW13DWUTV,とも,R9T0YKDW8,かちまち応援隊,1315,16,1380,1824000,10,10,10,10,10,10,10,10,80
W4JF8NDVV,きゅうり,BCJRMHE75,梢すきすきクラブ,857,3,1380,1824000,10,10,10,10,10,10,10,10,80
0AF3ZJV16,あどび,GVT61ATX0,なのだけれど,1321,5,1382,1823000,8,10,8,10,10,10,7,10,73
DV73OQD94,にゃっ【・ω・】,FG5VFFNRK,蓮ノ空おじさん,1617,18,1382,1823000,8,5,6,7,5,6,6,6,49
WWE7K3BRH,あき,JE7V5MM31,蓮ノ沼に沈んだ泥,1551,18,1384,1822000,10,10,10,10,10,10,10,10,80
C3E5301MV,Peer,D7H8MN2U4,LLD,1273,6,1384,1822000,10,10,10,10,10,10,10,10,80
UR751781D,さんかようそ,HBCC35887,そりゃー!!!,784,0,1386,1821000,7,7,7,9,6,10,8,10,64
TMY867HAT,Robo,2JVBK752G,卍愛蓮説卍,1176,6,1386,1821000,10,8,7,9,7,4,8,10,63
DJPNUHADM,ヨコヤン,HBM31HMUY,YUKIZURI,1117,6,1388,1820000,10,9,9,10,7,10,10,10,75
721UVHN8X,いこあん,FG5VFFNRK,蓮ノ空おじさん,1378,18,1388,1820000,10,10,10,10,10,10,10,10,80
T8L7QQ4RA,いしぽて,07JW71HWG,良いチケで観よう,1393,15,1390,1819000,9,10,10,10,10,10,9,10,78
3UUFFQO14,ちびっ子,48BTAPMBG,蓮ノ空魔術部,1556,18,1391,1818000,10,10,10,10,10,10,10,10,80
74NVPKIGI,"なめろうoNM,",73CBYJYB0,"oNM,",1740,15,1391,1818000,10,10,10,10,10,10,10,10,80
7ZW228ZPT,レイン,51CF1LTGY,ラ研連合,1261,13,1393,1817000,8,9,8,9,8,9,9,10,70
HW0SDYDPT,そとかんだ,YCTM6RYDP,金沢おでん同好会,1749,19,1393,1817000,10,10,10,10,10,10,10,10,80
FD147GB86,つづりんでぃあ,GR65FP8VN,蓮好き,1202,11,1395,1816000,10,10,10,10,10,10,9,10,79
M17KX7V1C,伊波シロン,B5V2LNN43,WMW,846,1,1396,1815000,10,10,10,10,10,10,10,10,80
DLEAUCSDC,ゆふ,X34LWGL6R,サークル2,1512,18,1396,1815000,10,10,10,10,10,10,10,10,80
D4H57USEN,全粒粉クッキー,NMT63RUDV,泥村,1133,12,1398,1814000,6,6,6,9,6,7,7,8,55
BPU3K21M8,zero21,EPWMMAXNY,蓮ちゃん初心者,1544,18,1399,1813000,10,10,10,10,10,10,10,10,80
WTGR940GN,ちぇっき,X34LWGL6R,サークル2,1255,11,1400,1812000,10,6,10,10,6,10,5,7,64
X35JN0151,Aqua,7J5JK1W1W,高根町,1279,15,1401,1811000,10,10,10,10,10,10,10,10,80
4HLYTBAE4,q,8JMW9G2XW,僕らのリンクラ！,1107,11,1402,1810000,10,10,10,10,10,10,10,10,80
JOUPM059M,りよ,NJBBTCY3A,かにかに！,1275,15,1402,1810000,9,8,8,9,7,10,9,10,70
0LXEB56CU,アスピリン,R181MKNX1,みらくらは人生！,1000,3,1404,1809000,6,6,8,9,5,9,8,9,60
58F5S114K,ヤスク,5W8RPRVUA,ド！ド！泥！,1467,8,1404,1809000,10,10,9,10,9,10,10,10,78
S38DG3TLF,tyou,TM19BMU7C,ソロプレイヤーズ,1332,14,1406,1808000,10,7,9,10,7,10,7,10,70
HGZP5757H,クール,573J1JVVK,かほかほ,1599,3,1406,1808000,10,7,10,10,9,10,10,10,76
H28HW286V,みょん,JTX1G19BP,さやかほ癒し会,1387,11,1408,1807000,10,10,10,10,10,10,10,10,80
MK43XM5R6,ぐらしあ。,AXG81GPMP,蓮ノ空マタギ部,1437,18,1408,1807000,10,10,10,10,10,10,10,10,80
64RWA0HJY,卵かけごはん,RF5215M2U,スクステ同好会②,1013,0,1410,1806000,10,10,10,10,10,10,10,10,80
5JCR7J9TF,糸色句,VA6X5YNNF,スリーズ分家,1370,15,1410,1806000,5,7,8,4,9,9,4,9,55
TG7P5G630,はいぼ,N8L41JAA7,無言 ノルマなし,1205,18,1412,1805000,10,10,10,10,8,10,10,10,78
JKJ7SUKZM,M.A.R.K.,7U20138DB,LGP,1180,2,1412,1805000,8,7,6,9,7,8,8,10,63
TUDLE9XBA,サンイート,0AYJF4RJ6,無言,777,2,1414,1804000,6,8,8,7,10,7,7,10,63
E42SLTUG5,シオル,YCTM6RYDP,金沢おでん同好会,1571,5,1414,1804000,10,10,10,9,10,10,10,10,79
W7EKV8YWG,激しく栃木,KXB93FVTR,ブルームガーデン,1033,8,1416,1803000,7,2,9,6,4,9,8,10,55
UJW6NK4X3,RICKY,EYEPHE14G,花上梢頭,991,6,1416,1803000,10,6,7,10,4,7,6,9,59
V76XKN9NV,きゃほきゃほーん,0CEA9XFKR,蓮ノ空の泥人会,973,8,1418,1802000,10,10,10,10,10,10,10,10,80
YS54DOFNV,ぬこぬこ,B5V2LNN43,WMW,1545,18,1418,1802000,10,10,10,10,10,10,10,10,80
YDG5E4CRJ,Asagi,578YG6EAT,桜桃花束愛聴会,1643,18,1420,1801000,10,10,10,10,10,10,10,10,80
BYUQ1C0VJ,かわしゅん,PBRDPWEY1,村村会,1459,18,1420,1801000,10,10,10,10,10,10,10,10,80
72VXLNLPV,znk,95TAREFPT,ご自由にどうぞ,1005,2,1422,1800000,9,9,8,10,8,9,7,10,70
3K3KPCXNV,Flammen,PDMPF3VVV,r/LL,1546,18,1422,1800000,10,10,10,10,10,10,10,10,80
J63BU63IU,イクコウ,YFADYJVW4,FPS好きクラブ,1560,18,1424,1799000,10,10,10,10,10,10,10,10,80
TY8GAY6VP,れいしす,YE7CX8RNP,蓮ノ大三十角ex,1204,11,1425,1798000,10,10,10,10,10,10,10,10,80
616F680B7,じょにー,6BFC4G5YG,蓮ノ空足湯同好会,1564,2,1425,1798000,10,10,10,10,10,10,10,10,80
4M7NBKFMB,ｷｭﾍﾞﾚｲ,MTBP3B4GM,ふらわーすきすき,1352,7,1427,1797000,10,10,9,10,10,10,10,10,79
8PHVNYF0V,TA2,1DU9LCND7,蓮ノ空すこやか部,1111,12,1427,1797000,10,10,10,10,10,10,10,10,80
EUGC8KAFF,クロト,51CF1LTGY,ラ研連合,1254,1,1429,1796000,10,10,10,10,10,10,10,10,80
5IZGYSDGG,かわい,WTJV514G9,蓮ノ空のお弁当屋,1448,18,1430,1795000,10,8,10,10,9,10,10,10,77
WPTXJEN2W,ツユテ,J2BVEWRJ1,蓮ノ空山嶽部,784,0,1430,1795000,9,8,8,10,8,10,9,10,72
BC5JFT6F4,はろ,8M6UDX260,ぽけもん好き,1135,13,1432,1794000,9,9,9,10,8,10,10,10,75
D5WJM3VXB,sana,YDYH4VRRP,レンクウ,1205,9,1432,1794000,10,10,10,10,10,10,10,10,80
7JI5O7H1I,よしけそ,GVT61ATX0,なのだけれど,1476,13,1434,1793000,10,9,9,10,9,9,9,9,74
GVL8L66BZ,ゆき,8FR866PRY,蓮っ子みらくラブ,1529,7,1435,1792000,10,10,10,10,10,10,10,10,80
9IFI84VC4,海未,YFADYJVW4,FPS好きクラブ,1448,18,1435,1792000,10,10,6,10,7,10,4,8,65
BGHQZ7N7W,の〜ヴぁ♪,GKR9TEBYC,毎日がホリデイ♪,1711,18,1437,1791000,10,10,10,10,10,10,10,10,80
RCB4C3Q5H,まいごう,NC2YT2V28,蓮之愛同予者何人,1362,10,1438,1790000,10,10,10,10,10,10,10,10,80
UZQ6XQT5R,クロ,JE7V5MM31,蓮ノ沼に沈んだ泥,1720,18,1438,1790000,10,10,10,10,10,10,10,10,80
RWV6958VW,コズミック,C021HVB2B,第3芸能科,663,2,1440,1789000,10,10,10,10,10,10,10,10,80
4MRCJO6P2,スパボ,R181MKNX1,みらくらは人生！,1539,16,1440,1789000,10,10,10,10,10,10,10,10,80
M0YA9ALMJ,ナンチャン,8FR866PRY,蓮っ子みらくラブ,1451,9,1442,1788000,10,10,10,10,10,10,10,10,80
HCH35L7HK,げっきょ,5KK3DFY18,MUGEN∞,1420,16,1442,1788000,10,10,10,10,10,10,10,10,80
CXPCVK9R8,エイメン,FE282F3VH,天悶部,1400,10,1444,1787000,10,10,10,10,10,10,10,10,80
LFZN8ZP8I,ぐっちび,2NY9H8BR9,乙宗紅茶館,1363,16,1444,1787000,10,9,8,9,6,10,8,9,69
A9A8I9YMI,ユッキー,6045Y2RW7,ポチっと！蓮ノ空,1524,18,1446,1786000,10,10,10,10,10,10,10,10,80
FGBAF868U,たかな,GXR6C85BT,花帆ちゃん親衛隊,1658,18,1446,1786000,10,10,10,10,10,10,10,10,80
XR0335DPE,はやと,48BTAPMBG,蓮ノ空魔術部,1324,18,1448,1785000,8,4,4,9,7,9,7,10,58
2HFTNWW16,mzsm,GVT61ATX0,なのだけれど,1384,15,1448,1785000,10,10,10,10,10,10,10,10,80
8EYJFF4YV,えんがわ,865UE9UC6,蓮ノ空うどん部,1384,7,1450,1784000,10,10,10,10,10,10,10,10,80
ILU42GY1Q,てむ,CXG25026E,泥のみんなS,1566,12,1450,1784000,10,10,10,10,10,10,10,10,80
A39DFJRBP,けＥすけ,FG5VFFNRK,蓮ノ空おじさん,1225,0,1452,1783000,10,10,10,10,10,10,10,10,80
UFEA13M4N,こう,4RY75CKM4,LLすこ部　メ募,936,11,1452,1783000,10,10,10,10,10,10,10,10,80
KRW43GG13,グラフプ,B5V2LNN43,WMW,1651,8,1454,1782000,10,10,10,10,10,10,10,10,80
9LMB4FHT6,かよりる,AH27N260E,百生信託銀行,995,5,1454,1782000,10,8,10,10,7,10,7,10,72
96SGBF1Y6,おかぴ,C6V311T2P,LotuSky,1407,17,1456,1781000,10,10,10,10,10,10,10,10,80
PG06760H0,KiLlerMI,MTBP3B4GM,ふらわーすきすき,1123,4,1456,1781000,10,10,8,10,10,8,10,10,76
RBOS9CUIB,たわ,W3YKKRWHG,ルリと愉快な一家,1521,17,1458,1780000,10,10,10,10,10,10,10,10,80
87HHNCP84,こおり,CTW8DKV5P,まったり,984,6,1458,1780000,6,10,6,10,10,10,8,10,70
8ZON7K0AT,hide@FS,2NY9H8BR9,乙宗紅茶館,1230,11,1460,1779000,10,10,10,10,10,10,10,10,80
0K0C0NB0A,mishiro,07WJ3V6EC,ハスノコ,1489,4,1460,1779000,10,10,10,10,10,10,10,10,80
V8A857TJ1,⏰,Y6JNPC60C,綴理メイト,1381,13,1462,1778000,10,8,8,10,7,9,10,10,72
1FO8RWDNB,たもり,FK5MUK0ET,くる♡すきクラブ,1476,13,1462,1778000,8,3,10,6,4,6,9,8,54
9T9WJC91B,五十嵐竜馬,N0EXH1CM1,ぱちぱち徒町,1350,18,1464,1777000,10,10,10,10,10,10,10,10,80
LI5W29N3T,SUZUKI,9YM3DBTB7,泥民館,1336,11,1464,1777000,10,9,7,10,10,10,9,9,74
0GNFJ8VJ9,canon,DHBGK1398,となりにこな,1445,13,1466,1776000,10,10,10,10,10,10,10,10,80
84U35FCIX,じゃじゃ,YCTM6RYDP,金沢おでん同好会,1712,14,1466,1776000,10,10,10,10,10,10,10,10,80
FHXIUK8T4,•_•,G0J2F9NAL,さやさやさーくる,1454,17,1468,1775000,10,10,10,10,10,10,10,10,80
VWAM1LZVB,トメ,YCTM6RYDP,金沢おでん同好会,1508,17,1468,1775000,6,8,7,10,6,9,6,9,61
U7A75A5NU,なたな,48BTAPMBG,蓮ノ空魔術部,1192,15,1470,1774000,10,10,10,10,10,10,10,10,80
N1VYE9J05,さとう,GYG7B5R36,幼馴染同好会,701,0,1470,1774000,10,10,10,10,10,10,10,10,80
MAAQ0VBA5,モル,79C17CHA2,蓮ノ空出張部,1548,16,1472,1773000,10,10,10,10,10,10,10,10,80
7M5LCI7DG,バウムクーヘン,9GDHWXGVG,ルリと花咲く毎日,1047,5,1472,1773000,10,10,10,10,9,10,10,10,79
JZ1E4FOB6,むらさきつばき,AWFDLJ1HC,小蓮花（重生版x,1155,3,1474,1772000,10,10,10,10,10,10,8,10,78
RSOOU0EWR,エスエフ,998H940YN,お嬢様筋トレ部,1498,15,1474,1772000,10,10,10,10,10,10,10,10,80
RVR79LTVM,みかん,BCJRMHE75,梢すきすきクラブ,1195,18,1476,1771000,10,9,9,10,10,9,8,10,75
VBIVA29QF,りんてる,4XRHRYDW4,無言でエンジョイ,1527,15,1477,1770000,10,10,10,10,10,10,10,10,80
2VLMDZ5IV,かむぺー,3A63DYH54,LLすこすこ部,1311,1,1477,1770000,10,7,7,10,7,10,9,10,70
0C4XH2P8K,ちろる,HBK6KCRPP,無言でおけ,1285,12,1479,1769000,10,9,9,10,10,10,7,10,75
FB0ZLS8HB,かも,HE0GK3EPE,瑞蓮プロカ倶楽部,1540,18,1479,1769000,10,10,10,10,10,10,10,10,80
YLYWCNDGK,かいゆー,FC8NBAJBT,ラー麺二郎金沢店,1588,18,1481,1768000,10,10,10,10,10,10,10,10,80
11KTBRTA3,ngu,N0EXH1CM1,ぱちぱち徒町,890,3,1481,1768000,10,10,6,10,10,10,9,10,75
C59J9TNAX,シナナイン,CV62FGL1U,花咲かせ隊,1452,17,1483,1767000,10,9,10,10,7,10,10,10,76
I63PBPCMM,ざわけー,8R49BTWW6,蓮女お嬢様クラブ,1189,9,1483,1767000,8,6,6,7,4,7,9,9,56
JJXM4A4JB,あもやま,9GDHWXGVG,ルリと花咲く毎日,1498,19,1485,1766000,10,10,10,10,10,10,10,10,80
U8NDKWLJM,いしころりん,K8C99H42D,ルリと喜ド！愛楽,1303,18,1485,1766000,10,10,10,10,10,10,10,10,80
4XB2JUHXW,バジはくまい,CV62FGL1U,花咲かせ隊,1399,5,1487,1765000,10,10,10,10,10,10,10,10,80
MR2C7JKFV,アイと,N1JM7M3YC,丘側,713,3,1487,1765000,10,10,10,10,10,10,10,10,80
R9O17BK3H,yumeca,WAT20PN3Y,こな党,1445,16,1489,1764000,10,10,10,10,10,10,10,10,80
FF5OWY051,たみふる,8M6UDX260,ぽけもん好き,1471,16,1490,1763000,10,10,10,10,10,10,10,10,80
KEB9QFR0F,さけちゃん,E12PR824F,ゆるっと蓮ノ空,487,2,1490,1763000,2,5,9,2,4,6,9,7,44
JCPJ3JCW4,閃空,7R8NKPAB1,花帆推し倶楽部,1456,17,1492,1762000,10,10,10,10,10,10,10,10,80
JNJD6NWER,マサ,JDAG79TG7,百合ノ空観察部,1022,0,1492,1762000,7,6,6,9,5,8,9,9,59
FXP9N10VU,doNe,GVT61ATX0,なのだけれど,1624,19,1494,1761000,10,10,10,10,10,10,10,10,80
52BETR2BC,脇田,05KN1RR3U,さやかほ花卉園,600,2,1495,1760000,10,4,10,4,5,10,10,5,58
WM3IY4Z36,wdgms,NT2KU5174,こずかほ。,1515,10,1495,1760000,10,10,10,10,10,10,10,10,80
KFBI2VLIM,Jun,AND13836G,乙宗梢親衛隊,1530,18,1497,1759000,10,10,10,10,10,10,10,10,80
8LWYYA2N8,さとつぺ,2NY9H8BR9,乙宗紅茶館,925,7,1498,1758000,9,6,10,10,7,10,1,8,61
67BY50B65,ほにほ,57HNJ07NK,みらぱ推活最前列,1496,18,1499,1757000,10,10,10,10,10,10,10,10,80
YM74EV7TW,かっちゃん,JTX1G19BP,さやかほ癒し会,1232,7,1499,1757000,10,9,10,10,9,10,10,10,78
VH2PV4JEP,さといもの,4TALX5GJ6,ライグラ体験会場,1083,8,1501,1756000,6,7,6,9,6,7,7,10,58
5NNOWJSXP,さわ,7B07VRW2N,藤島メグミルク㈱,1344,12,1502,1755000,10,10,10,10,8,10,10,10,78
SUNQBR49F,チャロニー,48BTAPMBG,蓮ノ空魔術部,1331,18,1502,1755000,7,8,9,10,10,10,8,10,72
BIQPYOJ9V,ツユキ,CM5THHYHB,「」ノ空だけれど,1350,4,1504,1754000,10,10,10,10,10,10,10,10,80
VXWG3VTY9,Fanfan,JA2C658FW,さや綴理の村人,752,3,1504,1754000,9,10,7,9,7,10,7,7,66
ULXJ0U2HV,きりはろりーた,2NY9H8BR9,乙宗紅茶館,1225,18,1506,1753000,10,10,10,10,10,10,10,10,80
4U8JF7WBG,ズミさん,WTJV514G9,蓮ノ空のお弁当屋,1539,14,1506,1753000,10,10,10,10,10,10,10,10,80
XUSL5TPJH,土日時間ないめぐ,N8L41JAA7,無言 ノルマなし,1585,19,1508,1752000,8,10,8,7,8,10,10,10,71
5T6YJZCD4,まんだ,6XX7GBM0K,ぷちぐる同好会,1589,15,1508,1752000,10,10,10,10,10,10,10,10,80
459PSW19L,おり,T4WY63DB9,ういのま,1638,18,1510,1751000,10,10,10,10,10,10,10,10,80
YRYBVERHB,いるかす,R9T0YKDW8,かちまち応援隊,1164,12,1511,1750000,9,10,8,10,8,10,10,10,75
0RK71VLVD,クリームソーダ,BT22M41DV,梢花帆吟子同好会,968,5,1511,1750000,10,8,8,8,8,10,7,10,69
NLM0VLA6W,♥♠ブイヨン♦♣,11FB0EDDT,スクステ同好会,1503,8,1513,1749000,10,10,10,10,10,10,10,10,80
UU610ALX7,NECOTTA,NJBBTCY3A,かにかに！,1054,7,1513,1749000,7,10,10,9,9,10,10,10,75
K91PWCFYC,たまご,2JVBK752G,卍愛蓮説卍,1234,7,1515,1748000,10,7,7,7,7,9,6,10,63
JM6NJJML7,piyo,L3NN1RWMY,アポロベイ海賊団,1017,3,1515,1748000,10,9,9,10,10,10,10,10,78
O09FKXO4F,リボン,6BFC4G5YG,蓮ノ空足湯同好会,1294,18,1517,1747000,7,6,7,9,5,9,7,8,58
QMTRT7QBS,みかん星人,JA2C658FW,さや綴理の村人,1287,12,1517,1747000,10,10,10,10,10,10,10,10,80
RYDAMJ5G0,23ten。,H0DV3JJGA,かほさやてぇてぇ,1094,6,1519,1746000,10,10,10,10,10,10,10,10,80
2TNJUCKXM,チビ,0CEA9XFKR,蓮ノ空の泥人会,1005,8,1519,1746000,10,10,10,10,10,10,10,10,80
HB840DYBA,ひかり,MTBP3B4GM,ふらわーすきすき,1171,15,1521,1745000,10,6,8,10,10,10,8,10,72
UMHMPHJ15,のっぽあご,YADX9DY49,ﾊｽﾉｿﾗｰ,1404,6,1521,1745000,10,9,9,10,9,10,8,10,75
U0B2Z02K0,サトシ,DKNHY5HH6,なす料理研究会,1176,10,1523,1744000,10,10,10,10,10,10,10,10,80
T5FHM6LNR,狐,3MW8HDRTF,秘密結社CKC,1375,18,1523,1744000,8,8,10,10,8,9,9,10,72
F1K2RFRU9,パイセン,VP0K6KF0K,蓮ノ空大好き!!,1141,7,1525,1743000,10,9,9,10,10,9,10,10,77
KHR1E1TUB,こう,8JMW9G2XW,僕らのリンクラ！,1509,18,1525,1743000,10,10,10,10,10,10,10,10,80
PHFHX58UT,モガンボ,RF5215M2U,スクステ同好会②,1266,7,1527,1742000,10,10,10,10,10,10,10,10,80
DI2V2Q647,紙乃　アリカ,HBK6KCRPP,無言でおけ,1339,18,1527,1742000,10,10,10,10,10,10,10,10,80
H49UXG0TR,Houseki1,18YYNRFGA,LotusSky,1073,11,1529,1741000,7,6,7,10,6,8,7,7,58
JV2MMT2AF,いお,1GJC67JLM,無言の泥,1219,11,1529,1741000,10,10,10,10,10,10,10,10,80
JIJ88YMLN,アドリー,HBM31HMUY,YUKIZURI,1381,16,1531,1740000,10,10,9,10,9,10,9,9,76
N85MGWGJA,りなてん,7R8NKPAB1,花帆推し倶楽部,888,0,1531,1740000,10,10,10,10,10,10,10,10,80
BUMCNTI5G,はらぺこさん,V7768X8AC,せーので！,1284,17,1533,1739000,10,9,8,10,10,8,10,9,74
H313PMV54,とう,WAT20PN3Y,こな党,1291,3,1533,1739000,10,8,8,10,8,9,7,10,70
75WTDUJG4,ふうりん,7RBMBBY88,瑠璃色金魚,1303,17,1535,1738000,10,10,10,10,10,10,10,10,80
0T75620R6,りっくん,2B97MH4YA,同じ話し何回も…,1346,18,1535,1738000,10,9,8,10,10,5,10,10,72
I1WK36QNA,テレンス,WX1DYC9Y1,ラナンキュラス,1298,13,1537,1737000,9,7,6,9,7,9,6,9,62
RRZI5J5JE,ささよし,GPKTRBCTT,騎空団蓮ノ空支部,1533,3,1537,1737000,10,10,10,10,10,10,10,10,80
LX2J0YDAZ,Judy,GMEF2K8DL,花咲く泥も好き²,1652,17,1539,1736000,10,10,10,10,10,10,10,10,80
G84LMUK5K,korikori,XTMGPY62U,スクステ初心者,1026,6,1539,1736000,9,8,8,10,6,9,10,8,68
B854YF6A6,がろー,E76N52LMW,イベントのみ,1394,7,1541,1735000,10,10,10,10,10,10,10,10,80
IZC9276Q3,siromaru,4WWM4VVDK,蓮ノ空遊戯開発部,1461,7,1542,1734000,10,10,9,10,10,9,10,10,78
K72PH1O9S,わっぴ,GXR6C85BT,花帆ちゃん親衛隊,1709,16,1542,1734000,10,10,10,10,10,10,10,10,80
J5NANM1FM,文文,YFADYJVW4,FPS好きクラブ,650,0,1544,1733000,10,9,10,10,9,10,10,10,78
WH8K6WY43,小枝あずき,YE7CX8RNP,蓮ノ大三十角ex,1628,11,1544,1733000,10,10,10,10,10,10,10,10,80
HKS3VLG9Y,Ryu.,B2KV0EVPD,蓮ちゅきクラブ,1322,7,1546,1732000,7,10,4,7,4,4,6,8,50
YA33XTF5A,クロト,J8HXTJ8TB,流し素麺同好会,1297,10,1546,1732000,10,10,10,10,10,10,10,10,80
D0VHL5AE9,シエル,1KDUBW4HB,めぐ党0番,1024,0,1548,1731000,10,10,10,10,10,10,10,10,80
JP733E2SM,おっきー,BT22M41DV,梢花帆吟子同好会,1284,7,1548,1731000,10,9,9,10,9,10,10,10,77
HF086UDM7,かじちゃん,AVX749PPB,姫芽ちゃん親衛隊,1080,18,1550,1730000,9,9,9,10,10,10,9,10,76
3DTXDA5ET,ベータ,573J1JVVK,かほかほ,630,1,1550,1730000,10,10,10,10,10,10,10,10,80
N5TM1MB2F,セハスチャン,7XH3K4GBT,LLP,540,0,1552,1729000,2,7,10,7,5,10,10,10,61
1D6GG1K9Y,よね,G0WRCNRWK,県立沢庵図書館,653,2,1552,1729000,10,10,9,10,10,9,7,10,75
44U5VKMVW,brownie,9L0B2WTWX,ソロ用,1530,18,1554,1728000,10,10,10,5,10,8,10,10,73
OLXZJUILY,あすろん,DKNHY5HH6,なす料理研究会,1516,15,1554,1728000,10,10,10,10,10,10,10,10,80
TF3UGM2I8,たけＤ,V6DV6KETG,梢好き好きクラブ,1516,18,1556,1727000,10,10,10,10,10,10,10,10,80
Q6VQENDXG,ゼット,9DKR4Y2CJ,蓮ノ空老人会,1675,18,1556,1727000,10,10,10,10,10,10,10,10,80
ISK5MIR6S,みぃ,R181MKNX1,みらくらは人生！,1378,11,1558,1726000,8,9,9,10,8,10,10,10,74
1RFVF0KDF,あおみ,K8C99H42D,ルリと喜ド！愛楽,1492,17,1558,1726000,10,10,10,10,10,10,10,10,80
IQC4CSUBC,水切り石,HPTHY23VR,蓮ノ空文芸部,1631,16,1560,1725000,10,10,10,10,10,10,10,10,80
TX4V02KGA,WinDD,YFADYJVW4,FPS好きクラブ,1480,10,1561,1724000,10,10,10,10,10,10,10,10,80
9I1VJ6KP7,MYAS,0TKFF5EG3,サークル名募集中,1471,18,1561,1724000,10,10,10,10,10,10,10,10,80
ZAQC9O1L8,ゆーふ,JE7V5MM31,蓮ノ沼に沈んだ泥,1600,15,1563,1723000,10,10,10,10,10,10,10,10,80
M1CI452K7,クロノ,VP0K6KF0K,蓮ノ空大好き!!,1503,18,1563,1723000,10,10,10,10,10,10,10,10,80
810ME3RPP,チゃうチゅーる,G59NGM0XA,シュリーレン,1288,18,1565,1722000,8,8,10,9,7,10,10,10,72
VWNYVCWH2,ひの,2K5AM4RV0,とろぺりです,401,0,1565,1722000,8,8,10,8,7,10,9,8,68
Q2MYOIEZV,Ey,NC2YT2V28,蓮之愛同予者何人,1536,18,1567,1721000,10,10,10,10,10,10,10,10,80
RALSRZSB5,☆☆RIKU☆☆,V26546K3D,乙宗気合筋肉,1180,5,1567,1721000,7,8,8,9,7,8,10,10,67
YUSY1HVSS,月ノ瀬,HE0GK3EPE,瑞蓮プロカ倶楽部,1683,18,1569,1720000,10,10,10,10,10,10,10,10,80
VYLOH1FQ3,YUUKI☆,WN5B7VKPU,きんぴられんこん,1576,13,1569,1720000,10,10,10,10,10,10,10,10,80
15SG7U55F,るいん,TKVR3KU7L,ネギトロTKG,1379,16,1571,1719000,10,10,10,10,10,10,10,10,80
ZA8HHDJM4,秘密インシデント,EYN9H9N16,蓮すきすきクラブ,1633,17,1571,1719000,10,10,10,10,10,10,9,10,79
O6H2GPUB0,いのうえ,0TKFF5EG3,サークル名募集中,1344,12,1573,1718000,10,10,10,10,10,10,10,10,80
VY5H5Y1L7,いちろく,CTW8DKV5P,まったり,1414,9,1573,1718000,10,10,10,10,10,10,10,10,80
TM3VAHO5N,桜木,EHGD5JJK1,限界夜行,1486,13,1575,1717000,10,10,10,10,10,10,10,10,80
LCM66GHDC,amoamo,1DU9LCND7,蓮ノ空すこやか部,1457,2,1575,1717000,10,10,10,8,8,10,8,10,74
7JYP28F29,苺牛乳,CM5THHYHB,「」ノ空だけれど,1732,18,1577,1716000,10,10,10,10,10,10,10,10,80
HMVAPHPN5,yabush,FV38N1J23,イベント用,1339,4,1578,1715000,10,10,10,10,10,10,10,10,80
HJX6A0RHL,silky,H1LTYMK0B,花帆が可愛いの会,709,0,1578,1715000,8,3,4,8,4,4,7,10,48
YR413R0DW,鮭味じゃがいも,6XX7GBM0K,ぷちぐる同好会,1529,18,1580,1714000,10,10,10,10,10,10,10,10,80
HWHGF10WS,ルーチェ,WCL6R1ANU,無所属の会,1003,7,1580,1714000,10,9,9,10,8,9,8,10,73
62J35KH77,ぽちぺろ,N752V1LD6,思想の溜まり場,1363,18,1582,1713000,10,10,10,10,10,10,10,10,80
3YUU56XK2,ヤヤカルメ,AXG81GPMP,蓮ノ空マタギ部,1148,0,1582,1713000,10,10,10,10,10,10,10,10,80
TEH21JJRV,トキ,GXR6C85BT,花帆ちゃん親衛隊,1403,16,1584,1712000,10,10,10,10,10,10,10,10,80
8P9DB4M9B,海翔,UYCT3Y4JK,蓮っ子,1327,18,1585,1711000,6,9,10,9,8,10,10,10,72
VGYP5JAA1,丘,X87KNX4N3,蓮ノ流星群,1380,18,1585,1711000,10,10,10,10,10,10,10,10,80
BYEJNUWCG,sakotti,KGY709ULG,蓮の花束,565,2,1587,1710000,10,10,10,10,10,10,10,10,80
Y89Z9LPJA,べねとん,TY6GK7VHH,Rosa,1387,8,1587,1710000,9,8,8,10,9,9,10,10,73
BY66WNX39,ぴんくぱーかー,2VJG66JTH,まったり,1040,5,1589,1709000,9,10,10,10,9,10,10,10,78
E4GEBDA1R,Valerius,8JMW9G2XW,僕らのリンクラ！,661,0,1589,1709000,10,10,10,10,10,10,10,10,80
PETGW0DZK,ふぁー,J8HXTJ8TB,流し素麺同好会,1557,17,1591,1708000,10,10,10,10,10,10,10,10,80
X9735CYTG,ミレイユ,E5JKTW00K,蓮ノ空まったり部,1193,17,1591,1708000,10,10,8,10,8,10,10,10,76
AM0UPGMWC,メガネ,E050K9859,蓮党,1091,12,1593,1707000,10,10,10,10,10,10,10,10,80
V2DLBNAGW,Espina,MVMP6NNXD,空き時間らくがき,1347,7,1593,1707000,10,10,10,10,10,10,10,10,80
BF3P10G4B,きあ,N1DJVPGP8,いつでも咲けるよ,1332,5,1595,1706000,10,10,10,10,10,10,10,10,80
THBUY3K26,まるく,MDMTR1XKL,ホリデーホリディ,1231,15,1595,1706000,6,9,9,10,6,10,10,10,70
Y9DEXKEKI,ぐっさん¥,WN5B7VKPU,きんぴられんこん,1513,7,1597,1705000,10,10,10,10,10,10,10,10,80
UFW3PXIBU,TeaCup,M8FM7P139,蓮ノ空ひとり旅部,1623,18,1597,1705000,10,10,10,10,10,10,10,10,80
LH75E5TGT,ぷろりん,0UT59MJ8U,かほすこ同好会,1605,13,1599,1704000,10,10,10,10,10,10,10,10,80
OUEUK5ABE,ユキ,PLBBEX019,待機室目指し隊,1519,14,1599,1704000,10,10,10,10,10,10,10,10,80
PDO5I6YWY,ねぎま,3FF3NB77X,せーはす愛好会,1576,18,1601,1703000,10,10,10,10,10,10,10,10,80
0TXVP0K5U,アビビン共和国,JDAG79TG7,百合ノ空観察部,1382,8,1601,1703000,8,7,8,8,5,7,8,9,60
W3671CVAG,徐行,VXDPPJJL1,蓮ノ空リボ課金部,1165,12,1603,1702000,10,10,10,10,10,10,10,10,80
NMNWJ8GAQ,ルソー,NMT63RUDV,泥村,1666,18,1603,1702000,10,10,10,10,10,10,10,10,80
XCE9FSAGE,ナギサ,HBUK6F7CC,乙宗梢なりきり部,1251,13,1605,1701000,7,9,9,9,6,9,9,10,68
LY1J400O0,かしゅー,CXG25026E,泥のみんなS,1379,15,1605,1701000,10,10,9,10,10,10,10,10,79
4H4L09G0F,すてけつ,9JTF508LB,スクスタ亡霊部,1475,13,1607,1700000,10,10,10,10,10,10,10,10,80
2BUA3W4V5,a,FG5VFFNRK,蓮ノ空おじさん,994,8,1607,1700000,10,10,6,10,6,10,7,10,69
ACY5VL4T0,乃刃,MTBP3B4GM,ふらわーすきすき,1380,18,1609,1699000,10,10,10,10,10,10,10,10,80
CN58NYZ1W,雪見だいふく,79C17CHA2,蓮ノ空出張部,1420,18,1610,1698000,10,10,10,10,10,10,10,10,80
U6WJPTGAF,demidar,PDMPF3VVV,r/LL,1002,7,1610,1698000,9,7,6,10,6,7,7,9,61
I8IKENW22,ねく,7NJM1VURM,らんるん部。,1531,18,1612,1697000,10,10,10,10,10,10,10,10,80
0T1WS2RR2,つばめ,26GG42M4L,カプレーゼ,1279,14,1612,1697000,10,10,10,10,10,10,10,10,80
DLSZMF1HF,小牧,HE0GK3EPE,瑞蓮プロカ倶楽部,1517,15,1614,1696000,9,7,7,10,6,9,9,10,67
WN09JWH6E,からあげうどん,N8L41JAA7,無言 ノルマなし,1079,6,1614,1696000,10,10,10,10,10,10,9,10,79
0OFG4D48O,マニミミ,X7YM9EG8K,伝統の石川地酒,847,5,1616,1695000,10,2,4,10,2,8,5,5,46
8RXW7TUA5,大沢タビィちゃん,E7673WR7C,マルガイジ,683,3,1616,1695000,10,10,10,10,10,10,10,10,80
RBD738713,エル,RH6GLL1M0,姫芽 倶楽部,1408,18,1618,1694000,8,10,8,9,7,10,10,10,72
KRCKB7VP4,でんち,0B8RTHY4D,のんびり屋さん,605,2,1619,1693000,10,10,10,10,10,10,10,10,80
7HUTLH24X,からすみ,07JW71HWG,良いチケで観よう,1620,18,1619,1693000,10,10,10,10,10,10,10,10,80
A9NQX7XAP,テイル,RXXUPMWB9,待機室跡地観測所,1494,4,1621,1692000,10,10,9,10,7,10,9,10,75
CPPMACTDJ,エスル,YUVK7R51W,萌え萌え倶楽部,1175,6,1621,1692000,9,8,7,10,6,7,9,10,66
F1OJJRMRE,ほわぁ,9GDHWXGVG,ルリと花咲く毎日,1276,7,1623,1691000,7,8,9,7,6,10,8,10,65
G0YM94EAC,Kain,AAHB7C276,HaCordVN,1192,14,1623,1691000,7,10,8,10,8,10,6,10,69
CJC6QJ6HK,くあんた,9UKKACGDU,蓮っ子CLUB,1551,10,1625,1690000,10,10,10,10,10,10,10,10,80
TA02490KL,ホシノヒツギ,J800VVPTN,Aqours,1161,17,1625,1690000,8,8,9,10,9,9,7,10,70
TQX0EQZK8,そらた,W26TRPM1R,めぐ党藤島派,1466,18,1627,1689000,10,10,10,10,10,10,10,10,80
QK8CE7HOV,シンク,G0J2F9NAL,さやさやさーくる,1371,12,1627,1689000,10,10,10,10,10,10,10,10,80
B37W5J7C4,コトコト,43HRXMXWA,無言OKクラブ,1150,18,1629,1688000,9,8,8,8,6,9,9,9,66
PBG9WP057,オトツ,UCWKRB3WR,菅沼千紗が大好き,1339,9,1629,1688000,10,6,6,10,8,10,10,10,70
FDXBWBH2B,あおっち,RF5215M2U,スクステ同好会②,1470,1,1631,1687000,10,10,10,10,10,10,10,10,80
D9Q2PE3YQ,せるいる,49AMYCXCD,ルドベキア,1552,18,1631,1687000,10,9,10,10,10,10,9,10,78
SMO8LHD6F,ゴリニキ,L3NN1RWMY,アポロベイ海賊団,1412,11,1633,1686000,10,10,10,10,10,10,10,10,80
VCENU4GBZ,ショーマ,UMG1B9C7V,蓮ノ空女学院,1227,4,1633,1686000,9,7,7,9,8,9,6,9,64
LTG2LM5XL,マスト,KXU941RFJ,梢先輩おめでとう,1057,6,1635,1685000,10,10,10,10,10,10,10,10,80
ZJ8X9ACB3,なみれお,8R49BTWW6,蓮女お嬢様クラブ,1159,13,1636,1684000,10,10,10,10,10,10,10,10,80
CZB57Z2T0,ベン,R083H7WRN,サークル無言,1167,14,1636,1684000,10,10,10,10,10,10,10,10,80
7Q57IC8LS,かざや,N2KCENRKH,猫＆旅大好き部,1208,10,1638,1683000,10,7,8,9,7,10,7,10,68
A7AWUK1ET,かがみん,06DCWC1RE,とりあえず参戦用,1383,17,1638,1683000,10,10,10,10,10,10,10,10,80
GRD5U1RH7,楠木此花,WTJV514G9,蓮ノ空のお弁当屋,1330,14,1640,1682000,10,8,10,7,10,10,10,10,75
F8FF7Q69W,ユッキー,D7H8MN2U4,LLD,1502,18,1640,1682000,10,10,10,10,10,10,10,10,80
LRXZC9FGZ,HIRORO,2NY9H8BR9,乙宗紅茶館,1364,10,1642,1681000,9,10,9,10,9,10,10,10,77
VWZ7PP7PZ,さつき,2ULM366U6,毎日がエブリデイ,1413,15,1642,1681000,10,7,7,9,7,9,8,10,67
YXEK463WP,もっちー,YDYH4VRRP,レンクウ,1334,18,1644,1680000,10,10,10,10,10,10,10,10,80
CH6EH94XB,ばやしこ,VW65MCVF8,スリスリーズ,1555,15,1645,1679000,10,10,10,10,10,10,10,10,80
HGP8DLFAB,たみ,KT4C59NXG,めぐ島,1326,7,1646,1678000,9,7,8,10,9,9,10,10,72
TMHJD8Y3Y,鮫次郎,NMT63RUDV,泥村,1368,9,1646,1678000,10,10,10,10,10,10,10,10,80
P6JJP8MJW,カニベロス,V26546K3D,乙宗気合筋肉,1479,18,1648,1677000,10,10,10,10,10,10,10,10,80
MR7TRFR7R,しろん,06DCWC1RE,とりあえず参戦用,1269,0,1648,1677000,9,8,8,9,8,9,9,9,69
OLZWE0YRK,アスカ,YD2XWWFA4,蓮好き好きクラブ,1562,15,1650,1676000,10,10,10,10,10,10,10,10,80
53V2U6TCB,きゃみー,9U8KNU6U9,対抗戦用,1442,10,1650,1676000,9,7,7,3,5,8,5,10,54
XF07LRVMA,AL,8FR866PRY,蓮っ子みらくラブ,1257,13,1652,1675000,9,10,10,10,10,10,10,10,79
GXGC0J3UF,もにわ,79C17CHA2,蓮ノ空出張部,1470,18,1652,1675000,10,10,10,10,10,10,10,10,80
NDP9R92MX,川口,VKNVG1K0B,おさかなサークル,1214,3,1654,1674000,10,5,9,7,8,10,10,10,69
HUR667CEB,ほうれんそう,AH27N260E,百生信託銀行,1166,16,1654,1674000,10,10,8,10,10,10,9,10,77
0G0PVMK7C,葱々,5WUDLMWEP,蓮ノ空は明日ノ空,1183,2,1656,1673000,9,9,10,10,7,10,8,9,72
LDGJMRRER,しゅららん,AH27N260E,百生信託銀行,850,4,1656,1673000,10,10,10,10,10,10,10,10,80
5FVD8TFC5,あべかわもち,RXXUPMWB9,待機室跡地観測所,1258,4,1658,1672000,10,10,10,10,10,10,10,10,80
STS2ZF786,SAK,8FR866PRY,蓮っ子みらくラブ,1199,8,1658,1672000,8,7,6,10,10,10,7,10,68
B8CX0Y8C9,kor,9RYR14H9L,ソロマターリ,979,2,1660,1671000,10,3,8,4,9,8,9,9,60
1PO8KIG7E,なしこ,YCTM6RYDP,金沢おでん同好会,1441,9,1660,1671000,10,10,10,10,10,10,10,10,80
UG4AE6K33,Eyk,Y6JNPC60C,綴理メイト,1352,11,1662,1670000,10,9,9,10,10,10,10,10,78
TFXIQC43D,ドドドウォリアー,UX96YX4T1,『位置について』,1334,6,1662,1670000,10,10,10,10,10,10,10,10,80
KABH9B1YC,蓮ノ大布団,K44BC8GLR,ことりのダイヤ,821,0,1664,1669000,10,6,4,10,5,5,7,8,55
C16ER87BR,HIMEMIYA,EYEPHE14G,花上梢頭,1118,11,1664,1669000,7,5,6,8,8,10,9,9,62
EN10HRBDU,聖闘士じいちゃん,K2L5DCVNR,REAL,1115,11,1666,1668000,10,8,9,10,10,10,9,10,76
GXADUIMKY,みず,G59NGM0XA,シュリーレン,1343,2,1666,1668000,10,10,10,10,10,10,10,10,80
LKAXR3J5Y,らすかる,6045Y2RW7,ポチっと！蓮ノ空,1197,18,1668,1667000,7,7,9,10,10,9,7,8,67
U6BM3PMS3,AiLeaf,V6DV6KETG,梢好き好きクラブ,1402,15,1669,1666000,10,10,10,10,10,10,10,10,80
MN74ELNEJ,みなぞこ10,T48KV9EP2,無言ぱーく,1451,17,1669,1666000,10,10,10,10,10,10,10,10,80
WR5M7UDWK,ゼロクラン,LUDNM40F8,ふくふく無言OK,1176,18,1671,1665000,10,10,10,10,10,10,10,10,80
4UYETBB6Y,まほにゃん,MTBP3B4GM,ふらわーすきすき,1202,1,1671,1665000,8,6,7,9,6,9,9,9,63
BMW4UUQ68,トノサマ,M8FM7P139,蓮ノ空ひとり旅部,1604,18,1673,1664000,10,10,10,10,10,10,10,10,80
BTHT18UE1,しらかわ,KULVP7FDR,アニマル分室,1197,15,1674,1663000,10,10,10,10,10,10,10,10,80
61PXCJ104,ユキミ,JA2C658FW,さや綴理の村人,1244,3,1674,1663000,10,8,10,10,10,10,10,10,78
Z5WPM7NU1,信綱,5KK3DFY18,MUGEN∞,1341,7,1676,1662000,8,7,7,10,9,9,10,10,70
4SU5ZK0L0,でつ,V26546K3D,乙宗気合筋肉,1057,4,1676,1662000,10,7,8,7,7,9,9,9,66
N1W147J20,こあ3.0,95031TR10,ひめぎん文化会館,1056,6,1678,1661000,10,8,9,10,10,10,10,10,77
BZQC2ZBFE,星桜,CV62FGL1U,花咲かせ隊,1405,15,1678,1661000,10,10,10,10,10,10,10,10,80
LA25WU4LR,ジマリン,L3NN1RWMY,アポロベイ海賊団,1416,15,1680,1660000,10,10,10,10,10,10,10,10,80
5BCGBFRJ8,サンディ,JDAG79TG7,百合ノ空観察部,1388,17,1680,1660000,10,10,10,10,10,10,10,10,80
E58TCOAQF,乙宗さやか,HBUK6F7CC,乙宗梢なりきり部,1426,15,1682,1659000,7,10,7,8,7,8,10,8,65
D909NU25N,アール,N2KCENRKH,猫＆旅大好き部,1187,16,1683,1658000,10,10,10,10,10,10,10,10,80
CKRW2M0L3,たる,L28X4MDJN,アフター観たいぞ,574,0,1683,1658000,10,10,10,10,10,10,10,10,80
1AAATY0UG,コニー,38KAJGDGU,異次元シャニP,1233,14,1685,1657000,10,9,9,10,6,10,8,8,70
3696CQRVA,じょるつん,MVMP6NNXD,空き時間らくがき,1447,7,1685,1657000,10,10,10,10,10,10,10,10,80
VJ5A65Y68,mugppi,XPRA8TRVE,蓮ノ空ロボット部,1286,15,1687,1656000,10,10,10,10,10,10,10,10,80
NH30591S7,スコッチ,PLBBEX019,待機室目指し隊,1316,6,1687,1656000,10,10,10,10,10,10,10,10,80
TXULLMP3J,ねこみや,8R49BTWW6,蓮女お嬢様クラブ,1380,18,1689,1655000,10,10,10,10,10,10,10,10,80
EAGHBUWBH,シオン,N2KCENRKH,猫＆旅大好き部,1508,15,1689,1655000,10,10,10,10,10,10,10,10,80
51YMLBRP7,tom-hawk,N1JM7M3YC,丘側,1272,10,1691,1654000,7,4,6,9,7,8,10,10,61
G36QSA8I2,ウェイク,K8C99H42D,ルリと喜ド！愛楽,1251,5,1691,1654000,8,7,9,10,8,9,8,9,68
E0O5CT7SM,sato,PPAHU1TNY,蓮ノ空のんびり部,1497,12,1693,1653000,10,10,10,10,10,10,10,10,80
2CX0L3FNW,ランダウ,VP0K6KF0K,蓮ノ空大好き!!,1232,17,1693,1653000,6,9,9,10,7,10,10,10,71
CYVJ4PJD7,ゆきあめ,M67ACEP3M,オーバーブースト,1334,10,1695,1652000,10,10,10,10,10,10,10,10,80
ANX30V8UB,家雨,XXJWTT5E9,ソロ用,624,2,1695,1652000,7,8,9,10,10,9,7,8,68
4RDJIJ4KM,ノラこま,G59NGM0XA,シュリーレン,1268,16,1697,1651000,5,4,9,6,7,8,8,10,57
7BL3KR7D9,ホワイ,HWJ8XPW0T,箱推しなのだけど,1310,16,1698,1650000,10,10,10,7,7,10,10,10,74
UPB9XUXDU,サム,79C17CHA2,蓮ノ空出張部,1228,17,1698,1650000,10,10,10,10,10,10,10,10,80
C0SR4GO9A,ことまり,9UKKACGDU,蓮っ子CLUB,1631,18,1700,1649000,10,10,10,10,10,10,10,10,80
HPW1ANKLW,きぶぎす,48BTAPMBG,蓮ノ空魔術部,1052,15,1701,1648000,10,10,9,8,7,8,8,9,69
24TRM7P92,たぴうむ,0UT59MJ8U,かほすこ同好会,1265,10,1701,1648000,7,10,6,10,10,10,7,10,70
KE5NK1L1B,ninohy,2B97MH4YA,同じ話し何回も…,646,0,1703,1647000,6,5,4,10,1,10,9,10,55
68NUMPMT7,akari,YFADYJVW4,FPS好きクラブ,942,2,1703,1647000,4,4,10,10,9,10,7,9,63
CEUBNJ4F6,a,N8L41JAA7,無言 ノルマなし,1008,7,1705,1646000,7,10,6,9,6,10,6,10,64
YH1NN06WH,味噌メガネ,HBUK6F7CC,乙宗梢なりきり部,1270,16,1705,1646000,10,10,10,10,10,10,10,10,80
C8JT0ZF4H,ミツキ,Y2R7E79U3,カワウソ同好会,1282,5,1707,1645000,10,7,8,10,7,10,7,10,69
BFBDRTETJ,からいろは,EYN9H9N16,蓮すきすきクラブ,1688,15,1707,1645000,10,10,10,8,10,10,10,10,78
OD2J57BRJ,ケルン,GR65FP8VN,蓮好き,993,7,1709,1644000,10,10,10,10,10,10,10,10,80
P4M1AH0MZ,立山,3BDTCERX6,打ち返した流れ星,1208,5,1709,1644000,9,8,10,10,7,10,8,6,68
Y9YN0J7LU,Rafa天使,7XH3K4GBT,LLP,1113,18,1711,1643000,6,7,7,8,9,7,6,10,60
6HB9UU73G,肉@ひーちゃん神,R181MKNX1,みらくらは人生！,1274,18,1711,1643000,10,10,10,10,10,10,10,10,80
WRKTXC0PV,EMOKC,MTBP3B4GM,ふらわーすきすき,1006,2,1713,1642000,7,7,6,8,8,7,8,9,60
R1BAYQ0AB,masacazu,K4TAHF9YA,はすっこ準備室,1481,13,1713,1642000,10,10,10,10,10,10,10,10,80
F8DVRWFBE,ｙｕｕ,L1VGJTD5P,蓮ノ空お茶会部,1163,16,1715,1641000,8,6,6,7,7,8,8,9,59
J7IL1HUA1,寅井,NA8FEYN0M,蓮ノ空飲酒クラブ,1260,0,1715,1641000,10,10,10,10,10,10,10,10,80
4KE2HL32M,エルモ,BELCUYCMH,蓮hkg香港分部,1181,5,1717,1640000,10,7,10,10,9,10,10,10,76
VHTVHM7LR,奶綠,YFADYJVW4,FPS好きクラブ,630,0,1717,1640000,10,7,9,10,10,9,9,10,74
89RH4G5PY,KC,ANCNM0UPK,スクスタ適当部,1401,12,1719,1639000,9,6,5,9,5,9,9,9,61
MSGD76QL0,愚者,9JTF508LB,スクスタ亡霊部,1567,15,1719,1639000,10,10,10,10,10,10,10,10,80
8WDIULRSE,白虎,51CF1LTGY,ラ研連合,1458,18,1721,1638000,10,10,10,10,10,10,10,10,80
UYYHXRA6K,めぐみん,J7N4W6Y1K,こずミックラブ♡,1169,4,1721,1638000,9,9,8,10,8,10,7,10,71
Y18B28D2F,ろびんほ,948FLPMPN,まったりハス煮〜,640,1,1723,1637000,10,8,8,9,4,10,7,10,66
A4VCUZCDY,しずくま,PDMPF3VVV,r/LL,1320,9,1723,1637000,9,10,9,10,10,10,9,10,77
05MUU458T,Kakeru,GR65FP8VN,蓮好き,1239,18,1725,1636000,8,7,10,10,6,10,8,10,69
A38PD3WNK,お麩,D7H8MN2U4,LLD,808,1,1725,1636000,10,10,10,10,10,9,10,10,79
J8LJOFWI4,八城,9FF5JBNDF,めぐすきクラブ,1526,13,1727,1635000,10,10,10,10,10,10,10,10,80
NXRK2PX0U,ネヒ,573J1JVVK,かほかほ,1143,12,1727,1635000,10,6,10,8,6,9,9,10,68
APVOZ787T,ラナ,RF5215M2U,スクステ同好会②,1631,18,1729,1634000,10,10,10,10,10,10,10,10,80
ELURNGUDH,とーすい,L28X4MDJN,アフター観たいぞ,1201,18,1729,1634000,10,10,10,10,10,10,10,10,80
ZUIWXH7GR,ゆっくりと咲く花,75UJ5RB97,蓮ノ空雪野球部,1745,15,1731,1633000,10,10,10,10,10,10,10,10,80
EJA18D024,ひらそ,L3NN1RWMY,アポロベイ海賊団,992,2,1731,1633000,7,6,9,9,7,10,10,10,68
2CKHM0GEM,たいしょー,4URND90YY,参加賞狙い,756,2,1733,1632000,10,9,10,7,8,10,9,9,72
DKCU5911H,あんこ,YCTM6RYDP,金沢おでん同好会,1449,16,1734,1631000,10,10,10,10,10,10,10,10,80
AADRR31X2,Let's,M206VENTF,蓮紺の会,1056,2,1734,1631000,10,9,7,8,10,9,10,10,73
19A9MUCBD,らゆ,V6DV6KETG,梢好き好きクラブ,1361,17,1736,1630000,10,10,10,10,10,10,10,10,80
YYT3VDTXD,イノベ,MUXWTW1GV,蓮の空見守り隊,1226,2,1736,1630000,10,10,10,10,10,10,10,10,80
B68B763AR,jadestar,1DU9LCND7,蓮ノ空すこやか部,1256,9,1738,1629000,10,10,8,10,9,10,8,10,75
XMA2W9E4E,アルフ,2VJG66JTH,まったり,1235,18,1739,1628000,10,10,10,10,10,10,10,10,80
MH4I5LCZJ,ほく,X0TFG829Y,ボクのおうち,543,0,1740,1627000,9,8,9,10,7,9,7,9,68
YNNDAPK92,はまち,FG5VFFNRK,蓮ノ空おじさん,1344,18,1740,1627000,10,10,10,10,10,10,10,10,80
STBVTN1A4,レイ,79C17CHA2,蓮ノ空出張部,1401,15,1742,1626000,10,10,10,10,10,10,10,10,80
BYP30MHXJ,TK,2K5AM4RV0,とろぺりです,1241,13,1742,1626000,7,10,6,10,10,10,8,10,71
HAT3CGDP4,ツキダ,2NY9H8BR9,乙宗紅茶館,1293,10,1744,1625000,10,10,10,10,10,10,10,10,80
SXSILMCVK,三青了一,F2M746D4B,頑張らないクラブ,1685,19,1744,1625000,10,10,10,10,10,10,10,10,80
20YXRIO59,イカ公,6045Y2RW7,ポチっと！蓮ノ空,1248,2,1746,1624000,9,8,8,10,8,9,10,10,72
W1XAEMK31,アヒル,DFXN9DB2H,どんぐり共和国,1144,10,1746,1624000,4,7,5,5,7,10,10,6,54
6R3CBH7KB,まーしぃ,Y2HV0YEF7,蓮ノ空を応援し隊,1542,13,1748,1623000,10,10,10,10,10,10,10,10,80
U7A4C0567,moropii,0TKFF5EG3,サークル名募集中,1480,17,1748,1623000,10,10,10,10,10,10,10,10,80
HP0H7A898,けいアリーナ,1DU9LCND7,蓮ノ空すこやか部,1087,4,1750,1622000,10,9,9,10,8,10,10,10,76
H4VR0D1DV,そー,WN5B7VKPU,きんぴられんこん,1685,13,1750,1622000,10,10,10,10,10,10,10,10,80
MC5OZXTQF,しぐつき,9GDHWXGVG,ルリと花咲く毎日,1284,18,1752,1621000,10,10,10,10,10,10,10,10,80
Z7EOEWPK9,のほほんメイプル,FTY0R8KPH,泥の皆様,1515,15,1752,1621000,10,10,10,10,10,10,10,10,80
ZGOA5WHV4,おってぃ,D7H8MN2U4,LLD,1480,8,1754,1620000,10,10,10,10,10,10,10,10,80
9JJVUNQQY,なつめやし,M7HJCP8WY,留年回避補習室,1383,2,1754,1620000,9,8,9,10,8,10,9,9,72
RHC6ZXLRQ,No.009,6045Y2RW7,ポチっと！蓮ノ空,1424,16,1756,1619000,10,10,10,10,10,10,10,10,80
PFBHDAGN8,ハレ,48BTAPMBG,蓮ノ空魔術部,1241,8,1756,1619000,10,10,10,10,10,10,10,10,80
RW1CU41CB,だーしゅ,G0J2F9NAL,さやさやさーくる,1194,15,1758,1618000,9,8,9,10,8,9,9,10,72
7A25KTNAE,あずにゃん,8M6UDX260,ぽけもん好き,494,0,1758,1618000,7,5,10,9,4,8,10,9,62
Y00NWBHFP,ラフェルノ,WHWT61ELR,【無言】ハスノソ,1275,16,1760,1617000,10,9,9,9,9,9,10,10,75
CK3Z00ZOB,vfk-yama,YD2XWWFA4,蓮好き好きクラブ,1529,12,1760,1617000,10,10,10,10,10,10,10,10,80
WL8NA1W55,Fulton,PDMPF3VVV,r/LL,443,0,1762,1616000,10,2,10,10,7,9,10,10,68
P6OYR4PGF,フナッチ,WN5B7VKPU,きんぴられんこん,1514,16,1762,1616000,7,7,9,9,6,9,10,7,64
UKY9F5UK0,ゆっきー,3LAFHDKE5,こずさや保護者会,1247,6,1764,1615000,9,9,9,9,6,9,10,9,70
WT9FEXW80,せみち,HBD61R6WC,梢先輩すきすき部,1056,16,1764,1615000,10,10,10,10,10,10,10,10,80
SHJY62H4I,ふらんふらん,4TALX5GJ6,ライグラ体験会場,1078,9,1766,1614000,8,8,9,8,8,9,10,10,70
B2XNVVE45,North,7U20138DB,LGP,1321,1,1766,1614000,10,10,10,10,10,10,10,10,80
UA5O2BV67,さいん,5VCRU63W0,まっちみん,1285,13,1768,1613000,10,10,10,10,10,10,10,10,80
N20CD9N24,アイラ,TJPWPCM36,リンクラ支部,1275,11,1768,1613000,10,10,10,10,10,10,10,10,80
6TAURY0XE,つかたに,2NY9H8BR9,乙宗紅茶館,1215,18,1770,1612000,10,10,10,10,10,10,10,10,80
FZDZW0KWF,つづさや〜,PDMPF3VVV,r/LL,1509,5,1770,1612000,10,10,10,10,10,10,10,10,80
5LUBJ3V2P,若葉そよ,7NJM1VURM,らんるん部。,1327,15,1772,1611000,6,10,8,6,6,8,10,6,60
PH2NH2JMT,タヒ,V26546K3D,乙宗気合筋肉,1382,16,1772,1611000,10,10,10,10,10,10,10,10,80
9G2HB79M1,μ'6Hoshi,18YYNRFGA,LotusSky,1081,11,1774,1610000,7,7,7,9,6,8,7,7,58
QB3BUF0AL,代目,7U20138DB,LGP,1548,15,1774,1610000,10,10,10,10,10,10,10,10,80
KGUTEV0YR,ピンハネ,GPKTRBCTT,騎空団蓮ノ空支部,1101,12,1776,1609000,9,6,7,10,5,8,7,9,61
FCG17HTDC,カニカイ,9FF5JBNDF,めぐすきクラブ,1634,18,1776,1609000,10,10,10,10,10,10,10,10,80
0SRIPZOMK,k46,CM5THHYHB,「」ノ空だけれど,1548,5,1778,1608000,10,10,10,10,10,10,10,10,80
88GHLYV8F,うどん,60D1TTYTV,無言自由会,1283,14,1778,1608000,10,10,10,10,10,8,6,10,74
H0JB811NN,コク,KXB93FVTR,ブルームガーデン,1153,15,1780,1607000,7,9,7,10,9,10,8,10,70
7M2TYXN5R,琉加るか,0TKFF5EG3,サークル名募集中,1467,14,1780,1607000,9,9,10,10,8,10,8,9,73
YIGSDJFDL,あっきー,YCTM6RYDP,金沢おでん同好会,1601,15,1782,1606000,10,10,10,10,10,10,10,10,80
2YEC9WQ4N,ごめた,P2J37FNLG,乙宗先生指導会,950,9,1782,1606000,8,8,7,9,7,8,9,9,65
J4XUNAHWW,sive松,9JTF508LB,スクスタ亡霊部,1152,1,1784,1605000,10,10,10,10,10,10,10,10,80
UFB005M05,バーゼ,DPKMP06M5,仮,712,2,1784,1605000,10,9,7,10,7,10,9,10,72
HVZQZHLCK,ようか,5DT38JWAK,麦穂動物園,1414,18,1786,1604000,10,10,10,10,10,10,10,10,80
UZL6IVC1A,ふにゃ,V6DV6KETG,梢好き好きクラブ,1382,14,1786,1604000,9,10,10,10,9,10,10,10,78
0W5L2RJA3,ゆりしす,WN5B7VKPU,きんぴられんこん,1585,15,1788,1603000,10,10,10,10,10,10,10,10,80
5TXDG169L,Wooo(うー),1KDUBW4HB,めぐ党0番,582,0,1789,1602000,10,8,9,6,6,10,9,10,68
SC3DMU71Q,Mラティ,GW4CH70HK,TKG同好会,1380,18,1790,1601000,10,10,10,10,10,10,10,10,80
WPM3NP1TG,ユウキうみもりん,PR2BGEK5K,ありがとう大三角,1279,18,1790,1601000,10,10,10,10,10,10,10,10,80
E0JO659QD,ソン,948FLPMPN,まったりハス煮〜,1526,16,1792,1600000,10,10,10,10,9,10,9,10,78
U41ZTXQE6,のちもたー,6531MBM0X,のちもたーズ,970,3,1792,1600000,10,9,10,10,9,7,6,10,71
08D762M0E,凛香,GN1798YEX,ド!ド!同好会,1272,17,1794,1599000,7,8,9,10,8,9,10,10,71
A9PBDJNKL,旅人,Y2HV0YEF7,蓮ノ空を応援し隊,1281,18,1794,1599000,10,10,10,10,10,10,10,10,80
938AFRUX1,こじゅ,RXXUPMWB9,待機室跡地観測所,982,14,1796,1598000,2,6,9,9,9,8,9,5,57
6PM61RAEU,もにゃ,2DYYAPFVN,蓮っ子村,1228,1,1796,1598000,9,9,9,10,8,10,10,9,74
0K636THUY,saikusu,BW38LDPRF,蓮浦の星空,1316,8,1798,1597000,10,10,10,10,10,10,9,10,79
LWYNTUFFF,meruru,M4D0VP1XT,蓮ノ空痛車部,1278,5,1799,1595000,10,10,10,10,10,10,10,10,80
4DPEMAB05,ココカメ2,AKF49TD3T,なんか,951,3,1799,1595000,8,8,6,9,8,6,8,8,61
RSE20AFA1,もか,PPAHU1TNY,蓮ノ空のんびり部,1277,15,1801,1594000,10,7,8,6,8,6,5,10,60
QG9KZ3C0K,ギウ,GPKTRBCTT,騎空団蓮ノ空支部,1423,7,1801,1594000,10,10,10,10,10,10,10,10,80
2RXBMCHH9,ぶるおんせん,YE7CX8RNP,蓮ノ大三十角ex,1346,16,1803,1593000,10,10,10,10,10,10,10,10,80
VDNBJFHAE,稲妻葵,WTJV514G9,蓮ノ空のお弁当屋,1610,15,1803,1593000,10,10,10,10,10,10,10,10,80
NHU62JVBI,よーい,1DU9LCND7,蓮ノ空すこやか部,1597,16,1805,1592000,10,10,10,10,10,10,10,10,80
R82X6FBJ5,鈴葉,GXR6C85BT,花帆ちゃん親衛隊,1501,12,1805,1592000,10,7,6,10,6,9,7,9,64
X5BDM3S3M,たっつー,RWARTHA1M,乙宗梢大好き部,1446,3,1807,1591000,10,10,10,10,10,10,10,10,80
WC55R6DC1,あめ,V6DKUH6JT,報酬だけほしい,616,0,1808,1590000,9,9,10,10,7,10,9,10,74
T29C7A7TC,ふふふふく,6045Y2RW7,ポチっと！蓮ノ空,1241,8,1808,1590000,8,7,6,10,5,2,6,9,53
K2JMAM878,ALSE,NC2YT2V28,蓮之愛同予者何人,1501,15,1810,1589000,10,10,10,10,10,10,10,10,80
3T1R0XWWX,ケイト,KGY709ULG,蓮の花束,658,3,1810,1589000,9,10,10,9,7,7,9,9,70
BM5T77G16,RSAT721,BPHHYC793,ソロ専の集い,883,4,1812,1588000,7,8,10,9,6,10,7,7,64
UJA2M36FH,まほうはこえにの,RXXUPMWB9,待機室跡地観測所,1179,5,1812,1588000,10,10,10,10,10,10,10,10,80
XDYHQD918,いか,8P39YRA1L,慈と愉快な仲間達,1618,15,1814,1587000,10,10,10,10,10,10,10,10,80
GGGJYE94A,水餃子,WFPA7YJE1,蓮ノ空文芸部,968,2,1814,1587000,10,10,10,10,10,10,10,10,80
R1JYFA5DY,ゆう,GYJ3C6TKR,綴理先輩好き好き,1034,10,1816,1586000,10,10,10,10,10,10,9,10,79
1T04PFEX5,がちはむすたー,X7C21B7H7,泥,1399,16,1817,1585000,6,6,5,10,6,10,8,9,60
J1BULTYGL,けいすけ,X33HHA9F8,アルストロメリア,614,0,1818,1584000,6,7,4,9,10,7,5,7,55
RNJGSVYID,宮森,Y7KJ3PM8P,蓮すきすき同好会,1470,18,1818,1584000,10,10,10,10,10,10,10,10,80
6PN684N6E,椿姫,3YWMY4JVN,82プロ,1200,16,1820,1583000,7,5,7,6,5,8,7,10,55
12L1AUH04,コバちゃん,M851LEV3N,なっす父兄,1600,18,1820,1583000,10,10,10,10,10,10,10,10,80
7RP2F5JT9,Linz,AAHB7C276,HaCordVN,1229,18,1822,1582000,9,7,10,10,8,8,8,10,70
AP7F00GN1,デンチ,WHWT61ELR,【無言】ハスノソ,1306,9,1822,1582000,10,10,10,10,10,10,10,10,80
4DEXTYUX5,みるく,948FLPMPN,まったりハス煮〜,634,0,1824,1581000,10,10,10,10,10,10,10,10,80
MHUB8095B,どらろー,25PMPEMG7,星見プロ,1484,15,1825,1580000,10,8,7,8,8,10,9,10,70
7FNCJDNRY,みゅね,NK05UMLWW,かけ込み寺クラブ,746,4,1825,1580000,9,9,10,10,9,10,7,10,74
IEBYCC1D7,ひめぎんは無い,HGEY536HW,ひめぎんは無い,1638,15,1827,1579000,10,10,10,10,10,10,10,10,80
P4TMNDXTW,水色,R181MKNX1,みらくらは人生！,1221,13,1828,1578000,10,10,10,10,10,10,10,10,80
CNN8V058P,極上握り寿司,XA0XD41CM,ぼっちぼっち,803,4,1828,1578000,10,10,10,10,9,10,10,10,79
HJ3L58KME,まっつん,GVT61ATX0,なのだけれど,1288,17,1830,1577000,10,7,9,10,10,10,10,10,76
OWDPYJQZ9,ゆう,WN3LHKX0L,レンコンおいしい,1280,12,1831,1576000,10,10,10,10,10,10,10,10,80
A2IN5CWL7,きこ,YE7CX8RNP,蓮ノ大三十角ex,1676,18,1831,1576000,10,10,10,10,10,10,10,10,80
MFPXKQJDR,Stig,HBUK6F7CC,乙宗梢なりきり部,1226,3,1833,1575000,8,7,8,8,7,8,7,8,61
W7IMTL1I7,ゅょ,CXG25026E,泥のみんなS,1419,10,1833,1575000,10,7,7,10,8,10,9,10,71
JUV6TGWYJ,うそぎ,ANCNM0UPK,スクスタ適当部,1474,18,1835,1574000,10,10,10,10,10,10,10,10,80
0T7WNKU5V,Eve,PMME7169X,蓮っ子動物園,1187,4,1835,1574000,10,10,10,10,10,10,10,10,80
3SZ5ASO9V,まんとる,RNJ306W6N,日曜日よりの使者,1221,10,1837,1573000,7,7,8,7,8,10,8,9,64
UC2XHTF7W,なま,ABALH0AL3,楽園計画,1265,10,1837,1573000,9,7,10,10,10,10,7,10,73
W4H1WK52M,小さいことり,J800VVPTN,Aqours,884,4,1839,1572000,10,10,10,10,10,10,10,10,80
0RM54EH65,empress,D7H8MN2U4,LLD,1206,9,1839,1572000,10,6,6,9,7,9,8,10,65
ON4U2Z876,ヨシ,4XVD1CXVM,KIT,1111,9,1841,1571000,5,7,8,9,5,10,4,10,58
5ZIQL7UXB,瑠璃柴,YD2XWWFA4,蓮好き好きクラブ,1333,12,1841,1571000,8,10,9,9,8,10,10,10,74
VKBDT76PQ,たる(･ω･),LUDNM40F8,ふくふく無言OK,1417,3,1843,1570000,10,10,10,10,10,10,10,10,80
Z10C54BRE,ぽん,8JMW9G2XW,僕らのリンクラ！,1339,18,1843,1570000,6,10,7,7,8,10,10,8,66
19838U7YT,のぞやま,G6EH0KHT7,なんもわからん,1242,14,1845,1569000,9,8,9,10,9,10,9,9,73
K151UE9OE,uma,4RY75CKM4,LLすこ部　メ募,1504,2,1846,1568000,10,10,10,10,10,10,10,10,80
M482LPJ59,まつたけ,8JMW9G2XW,僕らのリンクラ！,1564,9,1846,1568000,10,10,10,10,10,10,10,10,80
F9FNKC3CV,富士盛,M4D0VP1XT,蓮ノ空痛車部,1430,19,1848,1567000,10,10,10,10,10,10,10,10,80
TLJY136SK,たこめっと,2ULM366U6,毎日がエブリデイ,1225,13,1849,1566000,7,10,7,10,9,10,10,10,73
XXB6AYXDM,紅生姜,4FN0KWB4G,無言参加大歓迎！,471,0,1849,1566000,8,5,9,8,6,7,8,10,61
D25HG8BOO,とし,A84BK7PL4,ゆるっとホリディ,1148,18,1851,1565000,6,6,9,8,5,7,9,10,60
2SBHPGSJR,どーぶ,GKR9TEBYC,毎日がホリデイ♪,1371,3,1852,1564000,10,10,10,10,10,10,10,10,80
WQT5M1ISP,kei,H0DV3JJGA,かほさやてぇてぇ,1308,11,1852,1564000,8,8,8,9,8,10,9,10,70
HL5X52HY8,ダークリユニオン,TDHKGHFPA,無言参加○！,1013,7,1854,1563000,4,8,7,8,8,7,4,10,56
M2YAWFRX9,Syn,8JMW9G2XW,僕らのリンクラ！,1566,17,1854,1563000,10,10,10,10,10,10,10,10,80
XJGU1LX69,ヨモギ,MTBP3B4GM,ふらわーすきすき,1174,3,1856,1562000,10,9,10,10,8,10,10,10,77
BEL1M3MFV,ちょこふれ,8R49BTWW6,蓮女お嬢様クラブ,554,0,1857,1561000,10,10,8,10,10,6,6,8,68
35D98PBRW,ミン,BT3GEWM5L,ささやか村の集い,1170,16,1858,1560000,9,8,7,7,9,9,8,9,66
CX5BX990E,フツ奴,WN5B7VKPU,きんぴられんこん,1289,13,1858,1560000,8,8,7,7,7,7,7,7,58
XGR5P0YTA,けをす,D7UA5ER1E,UR報酬欲しい！,1071,1,1860,1559000,8,6,8,8,5,8,9,8,60
L3TYEDPGM,ぷりに,9P9EPKFHE,無言参加OK,596,0,1860,1559000,10,8,10,10,6,5,7,10,66
H8FCA1G64,hisho,L3NN1RWMY,アポロベイ海賊団,1062,1,1862,1558000,10,10,10,10,9,9,9,10,77
5I6CHLLS9,ハル,9GDHWXGVG,ルリと花咲く毎日,1321,12,1862,1558000,9,7,5,8,6,8,9,8,60
VLYYDM1VD,YI2den12,948FLPMPN,まったりハス煮〜,459,0,1864,1557000,5,8,8,7,8,8,7,8,59
FWJDTTNBY,ヤジロベー,FV38N1J23,イベント用,1578,14,1864,1557000,10,10,10,10,10,10,10,10,80
HV0CBWWHY,たまごやき,HBUK6F7CC,乙宗梢なりきり部,1417,9,1866,1556000,6,8,9,10,5,5,9,6,58
EL7DU08BP,ずらかね,9UKKACGDU,蓮っ子CLUB,1399,16,1866,1556000,10,10,10,10,10,10,10,10,80
LYE390FTA,P4WL,38KAJGDGU,異次元シャニP,1128,18,1868,1555000,8,9,9,9,8,10,10,10,73
10NAV71GP,あばば,NC2YT2V28,蓮之愛同予者何人,1424,4,1868,1555000,3,9,10,7,1,2,8,9,49
EDX85VEEE,メル,TX92H9GBV,アフターが見たい,1232,3,1870,1554000,7,8,4,2,7,8,1,10,47
LYKYH17G0,エリアル,A7WWE0463,蓮ノ空初心者部,1352,18,1870,1554000,10,10,10,10,10,10,10,10,80
14PM5Q2R4,ぱん,73CBYJYB0,"oNM,",1704,17,1872,1553000,10,10,10,10,10,10,10,10,80
LUVAPPYP0,まぁ,JE7V5MM31,蓮ノ沼に沈んだ泥,1415,15,1872,1553000,10,10,10,10,10,10,10,10,80
XRWCY0X2K,μ'6 ニャズラ,18YYNRFGA,LotusSky,1091,16,1874,1552000,7,7,8,10,7,10,6,7,62
H6L9HBBMW,卯木,AH27N260E,百生信託銀行,821,3,1874,1552000,10,10,10,10,10,10,10,10,80
EFK7APTBX,_ま,BPHHYC793,ソロ専の集い,696,0,1876,1551000,6,7,8,9,8,9,5,10,62
JP70MS9KF,すみむら,J80MEYHBC,Nymphaea,1422,18,1877,1418600,10,10,10,10,8,10,10,10,78
KPXR99NRL,早寝早起きマン,79C17CHA2,蓮ノ空出張部,1160,15,1878,1418400,9,7,7,9,7,9,10,10,68
NFXWH51T4,そら,KT4C59NXG,めぐ島,1361,13,1879,1418200,10,10,10,10,10,10,10,10,80
XCJ4OPKTT,よふかし,7XH3K4GBT,LLP,1440,18,1880,1418000,10,10,10,10,10,10,10,10,80
MEVAY9GIT,ポイントマン,KXU941RFJ,梢先輩おめでとう,1580,15,1880,1418000,10,10,10,10,10,10,10,10,80
TTRCNN54T,L.L.,GPKTRBCTT,騎空団蓮ノ空支部,1409,18,1882,1417800,10,10,10,10,10,10,10,10,80
DE7022HYW,ルビー,RFYKY8DCD,LA.LA.LA,1468,15,1883,1417400,10,10,10,10,10,10,10,10,80
MYKFLEDG8,ヤスキ,0B8RTHY4D,のんびり屋さん,1446,12,1884,1417200,10,10,10,10,10,10,10,10,80
T1RC9W5XT,花梢,V6DV6KETG,梢好き好きクラブ,1290,16,1885,1416800,6,9,6,8,8,9,10,10,66
G96XGGQTF,蓮色餃子,06DCWC1RE,とりあえず参戦用,1498,18,1886,1416600,10,10,10,10,10,10,10,10,80
9FU09JLJR,PKC,HB9AU9DJJ,聖心党,1471,4,1887,1416400,10,10,10,10,10,10,10,10,80
4EBD1N9VT,矢島春香,GN1798YEX,ド!ド!同好会,1339,1,1888,1416200,8,8,8,10,8,9,9,10,70
1PKXAXJNB,しおかぜ,218R5RK2N,桜坂しずく同好会,1306,18,1888,1416200,10,10,10,9,10,7,6,10,72
WH4U273V4,ケイ,7NJM1VURM,らんるん部。,1237,8,1890,1416000,10,10,10,10,10,10,10,10,80
HKZDREDZB,リオウ,5W8RPRVUA,ド！ド！泥！,1485,3,1891,1415800,10,10,10,10,10,10,10,10,80
TA107R7XB,あびっぴ,L28X4MDJN,アフター観たいぞ,1399,7,1892,1415400,9,10,6,6,6,10,10,10,67
P8RB3BEJ1,Parare,6XX7GBM0K,ぷちぐる同好会,1200,0,1893,1415200,10,10,10,10,10,10,10,10,80
Y3NQF0DZ3,あくあくLOVE,BCJRMHE75,梢すきすきクラブ,1655,17,1894,1415000,10,10,10,10,10,10,10,10,80
51ACSS3DF,にぼし,GPKTRBCTT,騎空団蓮ノ空支部,1465,3,1895,1414800,10,10,10,10,10,10,10,10,80
I4BK8N636,成実,M6UPWJ6DU,蓮結ぶ虹と星の音,1419,18,1896,1414600,9,10,9,9,9,10,10,10,76
8R81JOJWW,saki,P2J37FNLG,乙宗先生指導会,1242,14,1897,1414400,10,10,10,10,10,10,10,10,80
JNM0HFUXA,唯,NC2YT2V28,蓮之愛同予者何人,1164,10,1898,1414200,7,7,6,7,5,8,7,10,57
8PJVU3ICH,らぴるん,YADX9DY49,ﾊｽﾉｿﾗｰ,1413,18,1898,1414200,10,9,9,9,9,9,8,9,72
W2CHB7C5M,ぬまくら,6045Y2RW7,ポチっと！蓮ノ空,1461,2,1900,1414000,10,10,10,10,10,10,10,10,80
NNLZZKJWI,たちばな,G59NGM0XA,シュリーレン,1244,10,1901,1413800,8,9,10,10,7,10,8,9,71
M79EFWMUE,QAQ,E7UBFLW56,同好会の同好会,558,0,1902,1413600,9,8,7,8,8,8,7,6,61
KTLLLG4XP,さめくま,GMEF2K8DL,花咲く泥も好き²,1355,3,1903,1413400,10,10,8,10,9,10,10,10,77
WJRVK47PY,たいし,2ULM366U6,毎日がエブリデイ,1362,18,1904,1413200,10,10,10,10,10,10,10,10,80
X57WNC7AV,narrow,V7768X8AC,せーので！,1130,4,1905,1413000,6,7,9,10,7,10,7,7,63
W4AX7Y4UR,poiful,6FWRD1K40,いちじょ海賊団,1105,4,1906,1412800,10,10,10,10,10,10,10,10,80
XDEB1EAPH,通りすがり,V4A5MP41E,徒町チャレンジ！,1721,18,1907,1412600,10,10,10,10,10,10,10,10,80
KMACUEN22,残像,VY26V3P0K,AltF4され隊,1148,14,1908,1412400,10,9,9,10,8,9,8,10,73
EH279G4KU,れーと,4NDAG5E9N,国産牛のにげあし,855,0,1908,1412400,10,10,10,10,10,10,10,10,80
NS40I5V6W,創始（P.N.）,YCTM6RYDP,金沢おでん同好会,1660,18,1910,1412200,10,10,10,10,10,10,10,10,80
PR8HYP78J,hrgn,W26TRPM1R,めぐ党藤島派,1233,7,1911,1412000,10,9,10,10,9,10,10,10,78
9TALE5D6Y,うぇんずでい,RXXUPMWB9,待機室跡地観測所,1019,6,1912,1411800,7,6,5,8,2,7,7,7,49
4UVXDTM30,ゴン,KGY709ULG,蓮の花束,1016,4,1913,1411600,10,10,10,10,10,10,10,10,80
X2WHZO924,つづるり寺,8CEWMFEHX,ねるねるねるね,1383,2,1914,1411200,10,10,10,10,10,10,10,10,80
KXY01JPNH,P2,6WJW7R1TD,さやこずノ休日,1008,1,1915,1411000,10,9,9,10,8,10,10,10,76
AK5J8DWZI,mococo,FH7G62PKW,月火水木金土日,1497,15,1916,1410800,10,10,10,10,10,10,10,10,80
G42764ZEJ,マモ,HBK6KCRPP,無言でおけ,1296,8,1917,1410600,6,10,10,9,7,9,9,10,70
LJ2BD0GN8,Hengry,RBDLWNFFM,ドルスリズパーク,795,2,1918,1410400,6,6,6,9,4,5,7,5,48
6ENG774UR,ﾙﾙﾙﾝ,PULJ8VCHJ,蓮ノ空を推す会,863,2,1919,1410200,8,7,7,9,5,5,8,8,57
C4KHHI0XS,カルト,UCF93JAPM,スワンプマン,1655,18,1920,1409800,10,10,10,10,10,10,10,10,80
V4TWVNF3Q,Dice-K,VP0K6KF0K,蓮ノ空大好き!!,1368,18,1921,1409600,10,9,9,10,8,10,9,10,75
EUCNULW3Y,Ksb,MTBP3B4GM,ふらわーすきすき,996,1,1922,1409400,8,7,5,9,5,9,9,9,61
ODH48D0DK,しま,YCTM6RYDP,金沢おでん同好会,1402,13,1923,1409200,10,10,10,10,10,10,10,10,80
3FOUQ9FU4,海斗,L5L28YLA4,ひとり,1154,4,1924,1409000,8,7,8,8,5,9,10,10,65
KK9Y4REU9,ジュン,VD7N7A4WH,氷青色,1452,17,1925,1408800,10,10,10,10,10,10,10,10,80
ZMWRR14YQ,ぜんこう,79C17CHA2,蓮ノ空出張部,1555,9,1926,1408600,10,10,10,10,10,10,10,10,80
3T269YTJ8,Hukujin,38KAJGDGU,異次元シャニP,1351,18,1927,1408400,10,10,10,10,10,10,10,10,80
DVMW3PBV0,ゆきお,V26546K3D,乙宗気合筋肉,1172,18,1928,1408000,10,10,10,10,10,10,10,10,80
NDA28I6HM,MY-tanθ,R1RM3X0WV,後方腕組みオタク,1457,18,1929,1407800,10,10,10,10,10,10,10,10,80
PB41XUMNF,みわ,PUJ0ERCMW,蓮ノ空倶楽部,1626,19,1930,1407600,10,10,10,10,10,10,10,10,80
IXYRTKB29,ドクぺ,8R49BTWW6,蓮女お嬢様クラブ,1524,18,1931,1407400,8,10,9,10,8,10,10,10,75
0Y3QCF38L,月よみくらげ,M5LHG6R4T,乙宗動物園,1768,12,1932,1407200,10,10,10,10,10,10,10,10,80
AJ6302BHY,nacky,36DAM7HBL,蓮隠れノ里,1147,13,1933,1407000,10,8,8,10,9,10,9,10,74
DFP8E0588,ツバサ,HWJ8XPW0T,箱推しなのだけど,1217,17,1934,1406800,7,7,6,10,6,8,10,10,64
16J4RMFUM,めぐります,MUXWTW1GV,蓮の空見守り隊,870,2,1934,1406800,10,9,7,10,9,10,9,10,74
1H7GW06VS,miya,HBUK6F7CC,乙宗梢なりきり部,1574,18,1936,1406400,10,10,10,10,10,10,10,10,80
5BPA0093G,うえのん,FK5MUK0ET,くる♡すきクラブ,1282,17,1937,1406200,10,10,10,10,10,10,10,10,80
MLKBKXYGF,りょーや,W3YKKRWHG,ルリと愉快な一家,1249,15,1938,1405800,10,10,10,9,10,10,10,10,79
0NNB11D72,リック,W3YKKRWHG,ルリと愉快な一家,1437,16,1939,1405400,10,10,10,10,10,10,10,10,80
69R8MTU12,サテツ,WBW66DMUB,るりめぐ研究所,1086,3,1940,1405200,10,9,10,10,9,10,9,10,77
GEHXUXPDW,ゆり,DKNHY5HH6,なす料理研究会,1496,17,1941,1405000,10,10,10,10,10,10,10,10,80
RCV3EKR9B,なっちゃん,1D7T2UXC2,無言でのんびり,1567,18,1942,1404800,10,10,10,10,10,10,10,10,80
04ZEIPGS0,泥,NMT63RUDV,泥村,1509,4,1942,1404800,10,10,10,10,10,10,10,10,80
GHJIO1M7D,けしごむ,J7N4W6Y1K,こずミックラブ♡,1580,8,1944,1404600,10,10,10,10,10,10,10,10,80
B676D4CKM,まき,5YXVKDEKV,サークル(仮),1076,2,1945,1404400,4,4,4,3,9,4,10,10,48
W3RBWWDYM,nano,RWARTHA1M,乙宗梢大好き部,1632,6,1946,1404200,10,10,10,10,10,10,10,10,80
FKVUW0K7Q,TA93,Y2HV0YEF7,蓮ノ空を応援し隊,1652,17,1947,1404000,10,10,10,10,10,10,10,10,80
29EAWMKFD,manafee,LUDNM40F8,ふくふく無言OK,612,0,1948,1403600,10,9,10,9,9,10,9,3,69
APR7476BU,みなと定食,WHWT61ELR,【無言】ハスノソ,1386,18,1949,1403400,10,10,10,10,10,10,10,10,80
1LZ1ANSSD,ひしがた,MXNCA0703,◇,1692,18,1950,1403200,10,10,10,10,10,10,10,10,80
CEDKNVJFN,ユウト,V6DV6KETG,梢好き好きクラブ,1040,1,1951,1403000,5,7,7,7,5,9,8,8,56
L55NL4MZ5,たけのこ,BCJRMHE75,梢すきすきクラブ,1533,13,1951,1403000,8,9,9,7,8,10,7,9,67
MWBIKHWKH,わんたん,0UT59MJ8U,かほすこ同好会,1492,16,1953,1402800,10,10,10,10,10,10,10,10,80
715HWUL7M,クラリス,B5V2LNN43,WMW,1349,16,1954,1402600,8,8,8,9,9,10,10,10,72
P61NEBNUY,棚城代表,FG5VFFNRK,蓮ノ空おじさん,1145,16,1955,1402400,10,10,10,10,7,9,9,10,75
YXWLCFUQD,Joe,4XRHRYDW4,無言でエンジョイ,1535,11,1956,1402200,10,10,10,10,10,10,10,10,80
I7XW1T72R,キニーネ,CM5THHYHB,「」ノ空だけれど,1415,18,1957,1402000,10,10,10,10,10,10,10,10,80
83VXNGB3T,ゴンザレスすぐる,YADX9DY49,ﾊｽﾉｿﾗｰ,938,4,1958,1401800,10,9,9,10,10,10,10,10,78
VH3M9HCB8,佐倉百合子,JBWTMUYAW,梢好き好きクラブ,1163,12,1959,1401600,9,8,7,10,6,10,7,9,66
C7Y1GWTCF,マサムネ,MTBP3B4GM,ふらわーすきすき,1226,18,1960,1401400,10,10,10,10,10,10,10,10,80
GAABA46XU,ぴ,CV62FGL1U,花咲かせ隊,1036,1,1961,1401200,8,8,9,10,7,9,9,10,70
2Z7X24VY9,陽菜を護る騎士,WAT20PN3Y,こな党,1631,16,1962,1401000,10,10,10,10,10,10,10,10,80
CPT5ULJL5,シュウ,48BTAPMBG,蓮ノ空魔術部,1317,15,1962,1401000,10,10,10,10,10,10,10,10,80
W05AYP371,なっとう,FE282F3VH,天悶部,1246,9,1964,1400800,10,10,10,10,10,10,10,10,80
KDJTR7PVB,ありしあ,K8C99H42D,ルリと喜ド！愛楽,1210,10,1965,1400600,10,10,10,10,10,10,10,10,80
R3BD05JH3,リクマール,YDYH4VRRP,レンクウ,1014,6,1966,1400400,8,9,8,8,8,10,10,10,71
8H201Y481,エステル,V6DV6KETG,梢好き好きクラブ,1478,18,1967,1400200,10,10,9,10,8,10,10,10,77
69QF5HPR0,雪徒,3BE2RELRC,見晴台,1563,3,1968,1400000,10,10,10,10,10,10,10,10,80
RKLTWRT1K,かくかく,26JDLMBLN,徒町は強く生きる,1102,12,1969,1399800,10,10,10,10,10,10,10,10,80
3R3NRSQ9A,yamato,K44BC8GLR,ことりのダイヤ,1296,13,1970,1399600,10,10,10,10,10,10,10,10,80
GVYNT65U1,スバるん,YE7CX8RNP,蓮ノ大三十角ex,1537,17,1971,1399400,10,10,10,10,10,10,10,10,80
F34MLY33D,店主,3A63DYH54,LLすこすこ部,539,0,1972,1399200,8,8,8,9,8,9,8,8,66
Q9QU9VOPD,せつ菜,WBXF9XXW7,さやつづ愛でる会,1369,18,1972,1399200,10,10,10,10,10,10,10,10,80
PUKLROKQE,柴舟,NA8FEYN0M,蓮ノ空飲酒クラブ,1515,2,1974,1399000,10,10,10,10,10,10,10,10,80
JWXNPLH2D,かすてら,49AMYCXCD,ルドベキア,1304,2,1975,1398800,10,10,8,8,8,10,9,10,73
ECBW60733,どんぶり,VP0K6KF0K,蓮ノ空大好き!!,672,1,1976,1398600,8,10,9,9,7,10,9,9,71
QP9J4VAQF,セリル,43HRXMXWA,無言OKクラブ,1486,14,1977,1398400,10,10,10,10,10,10,10,10,80
RK1U34LGB,亀タンク,JDAG79TG7,百合ノ空観察部,1347,16,1978,1398200,10,10,10,10,10,10,10,10,80
GHZI9V3NW,Kaze,Y2HV0YEF7,蓮ノ空を応援し隊,1527,15,1979,1398000,10,10,10,10,10,10,10,10,80
2ESEUE909,やまやま,3194B9E93,初心者寄り合い所,1128,8,1980,1397800,7,8,7,10,7,10,8,9,66
732ZWKTO4,直角,H6JWBBGCG,蓮天・乙宗一心流,1140,14,1981,1397400,7,7,9,9,6,9,8,9,64
32Z330P3G,ちぐと,48BTAPMBG,蓮ノ空魔術部,1384,0,1982,1397200,10,10,10,10,10,10,10,10,80
4AX4JN80V,Yoh,A3X92L6YU,お試し用サークル,1200,17,1983,1397000,10,10,10,10,10,10,10,10,80
6EX2OW7N5,花咲かじいさん,6045Y2RW7,ポチっと！蓮ノ空,1526,15,1984,1396800,10,10,10,10,10,10,10,10,80
M9E0RKUTX,SaBer,WCL6R1ANU,無所属の会,599,0,1985,1396600,10,7,7,10,6,8,8,9,65
1X0M6XVB6,Marunyan,GPKTRBCTT,騎空団蓮ノ空支部,1346,7,1986,1396400,10,10,10,10,10,10,10,10,80
PB0H6CTLB,ふむふむ,3LPBPHL3V,壁の民の伝説,1308,18,1987,1396200,10,10,10,10,10,10,10,10,80
46AIA5B9G,メリクス,X7C21B7H7,泥,1387,18,1988,1395800,10,8,8,10,7,10,10,10,73
I8A7KS35M,いさと,VF517JBVB,無言でいいよ。,1557,16,1989,1395600,10,10,10,10,10,10,10,10,80
186XX8N21,ヒガ,YNR28303K,りんくらぶ,1152,3,1990,1395400,9,8,8,10,4,10,8,9,66
2YRJ6J21P,ヒマザイン,7XH3K4GBT,LLP,838,4,1990,1395400,9,7,8,8,6,9,8,8,63
JIYW4OT55,スト,GN1798YEX,ド!ド!同好会,1413,14,1992,1395200,10,8,9,10,8,9,9,10,73
QQ22KQQ40,スラッシュ,AH27N260E,百生信託銀行,1641,11,1993,1395000,10,10,10,10,10,10,10,10,80
5A5HAO3GF,ふあ,Y1TFAEJ7M,蓮みっこ,1496,18,1994,1394600,10,10,10,10,10,10,10,10,80
B9OKMP2C8,いなかもの,ABU58EVJ2,Quatuor,1677,12,1995,1394400,10,9,7,10,10,10,10,10,76
TXARPMUVN,sakura,9UKKACGDU,蓮っ子CLUB,625,2,1996,1394200,10,10,10,10,10,10,10,10,80
UV5EANYV0,ペガサス,9FF5JBNDF,めぐすきクラブ,1111,6,1997,1394000,9,7,8,9,7,10,8,8,66
L6AFKNUNA,すいまる,BH9YH1YL5,ラブライバーの森,1410,18,1998,1393800,10,10,10,10,10,10,10,10,80
TN9XL2NVY,のどっち,HMBW9DXY2,蓮好き皆あつまれ,1412,15,1999,1393600,10,10,10,10,10,10,10,10,80
N1NX17NP1,toshi,V7768X8AC,せーので！,1457,5,2000,1393400,10,10,10,10,10,10,10,10,80
3093WYMFM,かしゅ,2ULM366U6,毎日がエブリデイ,1581,19,2001,1393200,10,10,10,10,10,10,10,10,80
BJJAQ8YIU,シラヌイ,TD87P23DJ,黄昏の旅団,1438,18,2002,1393000,10,10,10,10,10,10,10,10,80
FRO9SDF5D,伊吹,NDTPN879N,ライバーズハイ,1454,15,2003,1392800,10,9,9,10,8,9,9,9,73
EWTOZQ9TA,ビクトール,M6UPWJ6DU,蓮結ぶ虹と星の音,1322,6,2004,1392600,10,10,10,10,10,10,10,10,80
EG94I1088,星野ユウカ@村人,WX1DYC9Y1,ラナンキュラス,1365,16,2005,1392400,10,8,8,9,7,8,8,10,68
J3R0A4HTM,常磐くるみ,GR65FP8VN,蓮好き,558,2,2006,1392200,10,10,10,10,10,10,10,10,80
AZBZEUQGQ,あんこなう,R9T0YKDW8,かちまち応援隊,1510,3,2007,1392000,10,10,10,10,9,10,9,10,78
IBPGU1Y62,ナノ,F8MLHU2NV,乙宗梢様､､､,1283,2,2008,1391800,10,8,8,6,6,9,10,10,67
YEET86CN8,ぷるお,MTU201EEF,吟,480,1,2009,1391600,9,10,9,10,10,9,10,10,77
720AHHAPK,6xtu,BXGNMY466,ライグラ用,810,9,2009,1391600,8,10,10,8,6,10,7,9,68
N9NJTPBZH,ニコ,W26TRPM1R,めぐ党藤島派,1403,17,2011,1391400,10,10,10,10,10,10,10,10,80
E7C938AQV,ベ一やん,BCJRMHE75,梢すきすきクラブ,1532,11,2012,1391200,10,10,10,10,10,10,10,10,80
23BVBG4P8,薬屋わさび,NC2YT2V28,蓮之愛同予者何人,1318,9,2013,1391000,6,8,8,10,5,10,9,8,64
UJ6BGEPG7,ゼマ神23号,05KN1RR3U,さやかほ花卉園,738,5,2014,1390800,5,7,6,10,10,6,7,10,61
12Y4UB4XJ,かぴたる,49AMYCXCD,ルドベキア,1569,16,2015,1390600,10,10,10,10,10,10,10,10,80
EU76L0TJ7,とまき,EYN9H9N16,蓮すきすきクラブ,1677,10,2016,1390400,10,10,10,10,10,10,10,10,80
GNBY4N2A1,月,FH7G62PKW,月火水木金土日,1213,2,2017,1390200,10,8,8,10,6,8,8,9,67
9HLG4JJRH,まるもこ,JDAG79TG7,百合ノ空観察部,738,2,2018,1390000,9,6,7,10,6,9,7,10,64
M7R9OCPSE,あちらこちら,8R49BTWW6,蓮女お嬢様クラブ,1446,16,2019,1389800,10,10,10,10,10,10,10,10,80
T9AF9WX02,SR I(HK),919XF8V2V,蓮之空大三腳,1290,4,2020,1389600,10,7,7,10,7,8,9,10,68
JRDCRMA1H,しばいぬ,KA1249N3H,沼津倶楽部,1335,11,2020,1389600,10,10,10,10,10,10,10,10,80
NJENP3TEO,ノム,998H940YN,お嬢様筋トレ部,1361,7,2022,1389400,9,8,8,10,8,8,10,10,71
Q4WL39YZJ,Rigon,1F5EPPMLD,UR貰えればいい,1038,3,2023,1389200,8,9,8,10,8,9,9,10,71
H818KNP80,ゆー,2VJG66JTH,まったり,1171,9,2024,1388800,10,10,7,10,9,10,10,10,76
CDTVPL2BX,LIGH-KOU,K25DPPGT9,圧倒的にまったり,1344,10,2025,1388600,10,10,10,10,10,10,10,10,80
DR984WMXL,ゆいぱな,KW0RM1LEP,はすっこくらぶ,1503,9,2026,1388400,10,10,10,10,10,10,10,10,80
7GHRVCWRA,びんくん,L3NN1RWMY,アポロベイ海賊団,1357,7,2027,1388200,8,8,9,6,9,9,8,10,67
P35KF718F,うしどっと。,NA7CCGNDH,8番らーめん好き,1399,4,2028,1387800,10,10,10,10,10,10,10,10,80
R18RRXE8D,堕天使カナン,1BME38BCD,さすさやクラブ,1539,18,2028,1387800,10,10,10,10,10,10,10,10,80
647JT67DE,リアラ,VXF8P7NDC,どんぐり。,1504,15,2030,1387600,7,8,8,10,7,10,10,10,70
0N6HXDW65,masao,V26546K3D,乙宗気合筋肉,1178,0,2031,1387200,10,10,10,10,10,10,10,10,80
B7LXJFQL1,じぷしー,3LPBPHL3V,壁の民の伝説,1304,14,2032,1387000,10,10,10,10,8,10,10,10,78
51CGIGT2L,ふぁい,RFYKY8DCD,LA.LA.LA,1337,3,2033,1386800,4,7,7,6,4,8,10,9,55
BAOCW568E,トミー,WN5B7VKPU,きんぴられんこん,1527,15,2034,1386600,10,10,10,10,10,10,10,10,80
0WNUYY1GC,とこ,2VJG66JTH,まったり,1240,15,2035,1386200,6,4,8,7,7,9,9,10,60
O7EIPY4EI,GS,3FF3NB77X,せーはす愛好会,1470,7,2036,1386000,10,10,10,10,10,10,10,10,80
8AC2HIXUM,チカモン,V26546K3D,乙宗気合筋肉,1496,12,2037,1385800,10,10,10,10,10,10,10,10,80
2DV683HDF,抹希(まっき),VW65MCVF8,スリスリーズ,1703,10,2037,1385800,10,10,10,10,10,10,10,10,80
RJ54379G0,見仁,7XH3K4GBT,LLP,1366,18,2039,1385400,10,10,10,10,10,10,10,10,80
WTMDS3XHS,リンシラベ,J0N1E3Y09,月火水木金土日,1399,10,2040,1385000,10,10,10,10,10,10,10,10,80
FB9R8J4XY,あみたん,Y2R7E79U3,カワウソ同好会,1429,16,2041,1384800,10,10,10,10,10,10,10,10,80
TTG4K0752,とっつぁん,HWJ8XPW0T,箱推しなのだけど,1466,15,2042,1384600,9,8,10,10,8,10,9,10,74
V3WPA1H92,umi,4URND90YY,参加賞狙い,1183,18,2043,1384200,10,10,10,10,10,10,10,10,80
H0L7E34YK,つしま,GPKTRBCTT,騎空団蓮ノ空支部,1243,13,2044,1384000,8,8,9,10,8,7,10,10,70
EVJGZ1771,まっつぁん,K8C99H42D,ルリと喜ド！愛楽,1205,9,2044,1384000,5,7,8,8,4,8,5,7,52
UBT0A5NSS,Luke,8R49BTWW6,蓮女お嬢様クラブ,1245,13,2046,1383800,8,8,6,7,7,10,10,10,66
T7QKDXHHR,ズッキーニ,9FF5JBNDF,めぐすきクラブ,1413,14,2047,1383600,9,8,10,10,9,10,10,10,76
BJ5GY7P3C,チラ,2NY9H8BR9,乙宗紅茶館,1180,7,2048,1383400,10,8,7,10,8,10,7,10,70
KAL9BRYYN,きょんぴー,G2BWENR1C,せーはす応援団,1629,16,2049,1383200,10,10,10,10,10,10,10,10,80
5SXCHU3EV,まさまさ,HBM31HMUY,YUKIZURI,1363,16,2050,1383000,10,10,10,10,9,10,10,10,79
396DJX80F,きゃべつ,P2J37FNLG,乙宗先生指導会,1259,10,2051,1382800,10,9,10,10,8,10,10,10,77
RL04WF519,翔,49AMYCXCD,ルドベキア,1658,18,2052,1382600,10,10,10,10,10,10,10,10,80
7D0KNA7H1,じゅうじ,CTW8DKV5P,まったり,1266,2,2053,1382400,10,10,10,10,10,10,10,10,80
X0PWMC7QC,ゆに,WHWT61ELR,【無言】ハスノソ,1208,19,2054,1382200,8,10,8,6,7,10,10,10,69
EXMPE8C3N,しの,07JW71HWG,良いチケで観よう,1401,17,2055,1382000,9,8,8,9,7,9,8,9,67
UCY017A15,异夢,AWFDLJ1HC,小蓮花（重生版x,827,5,2055,1382000,7,10,4,8,7,8,9,8,61
UZRS5HZOE,RX-178,PLBBEX019,待機室目指し隊,1337,10,2057,1381800,7,6,8,8,7,8,7,10,61
Q9HEOVJ6E,さくら,AE3L01V24,LOVE蓮ノ空,1440,6,2058,1381600,10,8,9,10,5,8,9,8,67
7N7R85W85,マツイ,BT3GEWM5L,ささやか村の集い,1405,9,2059,1381400,7,8,8,6,6,9,10,10,64
KEUT2YHCJ,はちしき,FH7G62PKW,月火水木金土日,1088,14,2060,1381200,10,10,10,10,10,10,10,10,80
8XPBVMJNW,ikari,0CEA9XFKR,蓮ノ空の泥人会,1227,3,2061,1381000,8,6,6,10,8,9,4,8,59
Z7BCZYAJO,ニョッキー,7XH3K4GBT,LLP,1297,2,2062,1380800,9,8,9,10,8,9,10,10,73
O82RPAUC8,かまぼこ,RF5215M2U,スクステ同好会②,1433,10,2063,1380400,7,6,8,9,7,9,8,9,63
D3DW11YG9,まっち〜,95TAREFPT,ご自由にどうぞ,1101,18,2064,1380200,10,10,10,10,10,10,10,10,80
WVH54HTQH,GSW,E76N52LMW,イベントのみ,1442,10,2064,1380200,10,10,10,10,10,10,10,10,80
E4G0AGWBD,メイプル,E6WR9G75P,安養寺姫芽推し会,824,8,2066,1380000,6,7,9,10,7,9,6,10,64
2E7QQUULE,sho,B5V2LNN43,WMW,1743,18,2067,1379800,10,10,10,10,10,10,10,10,80
WHW8PVC7L,3!,KT4C59NXG,めぐ島,860,1,2068,1379600,10,10,10,10,10,10,10,10,80
GG5LYRKPK,yuki,8R49BTWW6,蓮女お嬢様クラブ,1312,8,2069,1379200,10,9,9,10,8,10,9,10,75
C06XJ4WDD,みつき,074237RF5,イベント参加用,1264,8,2070,1379000,9,9,9,10,10,9,10,10,76
V6Z17KIFS,えるざ,2NY9H8BR9,乙宗紅茶館,1421,16,2071,1378600,10,10,10,10,10,10,10,10,80
L87PBVPT3,NM,W26TRPM1R,めぐ党藤島派,1270,3,2072,1378400,10,8,10,10,9,10,9,10,76
LOEPVFKXL,ひろたやす,RFYKY8DCD,LA.LA.LA,1712,18,2072,1378400,10,10,10,10,10,10,10,10,80
352PM3X01,梢先輩スキスキ,4XRHRYDW4,無言でエンジョイ,1216,13,2074,1378200,6,8,10,8,7,10,10,10,69
NFZC4ZSRQ,ヒロ,0UT59MJ8U,かほすこ同好会,1424,18,2075,1378000,10,10,10,10,10,10,10,10,80
EDC4D38E2,ぱん粉,GR65FP8VN,蓮好き,1143,11,2076,1377800,8,8,8,9,8,8,8,8,65
2XIASO3ML,もの。,95031TR10,ひめぎん文化会館,1293,6,2077,1377600,10,10,10,10,10,10,10,10,80
773R4GH46,シアン,DKNHY5HH6,なす料理研究会,1070,12,2078,1377400,10,10,8,10,8,10,10,10,76
0Q531ZJCT,黑キタ,A73H7ENN2,エロマンガ同好会,1205,12,2079,1377200,8,6,7,8,9,9,8,10,65
9V8F0V7XD,ァィＫ,Y2R7E79U3,カワウソ同好会,1134,18,2080,1377000,10,8,9,10,9,10,10,10,76
TFLG9WJ4A,海苔夫,8MTLYLH9F,木星月華黄金宮,1004,5,2081,1376800,10,10,10,10,10,10,10,10,80
KKTOHZMAK,Kimi,L1VGJTD5P,蓮ノ空お茶会部,1207,13,2082,1376600,9,7,8,10,7,10,7,10,68
JDBC73V2E,缀星拥月•音,919XF8V2V,蓮之空大三腳,638,2,2083,1376400,10,7,8,9,6,9,5,9,63
HF832A0LA,リュート,MVMP6NNXD,空き時間らくがき,1440,18,2083,1376400,10,10,10,10,10,10,10,10,80
ABVWM6BAB,ぺぺ,T4P115XHD,サークル,694,0,2085,1376000,6,7,6,5,7,8,7,6,52
1X0SI50X8,ショウ,UW7XNGLNW,フラワー!!!!,1292,18,2086,1375600,10,10,10,10,10,10,10,10,80
XO322P711,あち,B647MRPHR,壁の民女学院,1498,18,2087,1375400,10,10,10,10,10,10,10,10,80
TTY2TWL1Y,nebula,PUJ0ERCMW,蓮ノ空倶楽部,1564,9,2088,1375200,10,10,10,10,10,10,10,10,80
8UIZKQKRO,沢渡ほのか,V6DV6KETG,梢好き好きクラブ,1669,16,2089,1375000,10,10,10,10,10,10,10,10,80
9AKP2ML53,カナセ,7RBMBBY88,瑠璃色金魚,951,0,2090,1374800,4,4,9,7,7,4,8,6,49
5CL7KFCBV,たかぽん,N7GLY2RUW,百生銀行,1220,12,2091,1374600,8,10,6,8,6,10,7,6,61
3BCDLXU6V,こいの。,7U20138DB,LGP,1372,10,2092,1374400,7,9,8,9,7,9,9,10,68
65J3TWC4M,アイス,8M6UDX260,ぽけもん好き,1265,2,2093,1374200,10,10,10,10,10,10,10,10,80
MS2NP6PUZ,くろまる,YCTM6RYDP,金沢おでん同好会,1545,6,2094,1374000,10,10,10,10,10,10,10,10,80
K26X1412V,エリオ,HPTHY23VR,蓮ノ空文芸部,1366,15,2095,1373800,10,10,10,10,10,10,10,10,80
ZY9V6AFN7,カートテークス,D7H8MN2U4,LLD,1515,16,2096,1373600,10,10,10,10,10,10,10,10,80
D47ZTCSNE,与謝野ユキオ,HBUK6F7CC,乙宗梢なりきり部,1465,0,2097,1373400,10,9,9,10,9,10,9,10,76
KYT4WV5UC,D,EP27EEH81,毎日がホリデイ,1701,17,2098,1373000,10,10,10,10,10,10,10,10,80
XN1DPF88F,もみじ,RFYKY8DCD,LA.LA.LA,1280,15,2099,1372800,10,10,10,8,10,10,10,10,78
AE2HM3R26,あまもり,1GJC67JLM,無言の泥,1263,3,2100,1372600,10,2,6,10,9,10,10,10,67
R5GW1UCPB,キラ,R9T0YKDW8,かちまち応援隊,989,1,2100,1372600,6,6,5,7,2,6,7,6,45
XLASG19TY,こう滝,JHTULVV5P,故に瑠璃乃推し,1416,18,2102,1372400,10,10,10,8,10,10,9,10,77
WEQ0E2ZWJ,シロン,LUDNM40F8,ふくふく無言OK,1297,15,2103,1372200,10,10,10,10,10,10,10,10,80
8JFTGIY95,ももか,2ULM366U6,毎日がエブリデイ,1455,5,2104,1372000,10,10,10,10,10,10,10,10,80
AOBBJ0EIP,ホルモン皇子,5R48K950F,EDF蓮ノ空支部,867,2,2105,1371800,4,6,6,10,5,6,5,6,48
NC1RYGBBZ,ゆい,2NY9H8BR9,乙宗紅茶館,1250,14,2106,1371600,10,10,10,10,10,10,10,10,80
6TCAMC79P,ろんぐほーん,GW4CH70HK,TKG同好会,1472,11,2107,1371200,10,10,10,10,9,10,10,10,79
TPLTLFC86,ぷにこ,9DKR4Y2CJ,蓮ノ空老人会,1505,15,2108,1371000,10,10,10,10,10,10,10,10,80
M1PNAVX97,まきりこ,JTX1G19BP,さやかほ癒し会,1275,13,2109,1370800,10,10,10,9,6,10,10,10,75
L0VEFG4XP,mobi,0J44KFKD9,アサルトガーデン,1127,18,2109,1370800,10,10,9,10,10,10,9,10,78
YEZNKQ1J7,トラン,YK0X6N2HN,無言OK出入自由,1567,18,2111,1370600,10,10,10,10,10,10,10,10,80
85M61AF85,なつ,4FR887RVF,わたし魚,1080,3,2112,1370400,6,7,6,9,7,9,7,7,58
AUBE87U0P,sarahcat,AND13836G,乙宗梢親衛隊,1204,8,2113,1370200,9,9,8,10,7,9,9,10,71
FV76H4N7H,ことりの囀り,8R49BTWW6,蓮女お嬢様クラブ,1240,0,2114,1370000,7,9,9,10,7,10,9,9,70
DU4D4YVRK,あやや,W3YKKRWHG,ルリと愉快な一家,1133,8,2115,1369800,7,8,9,7,7,10,9,9,66
GMBG3NEIB,ふぶ,W26TRPM1R,めぐ党藤島派,1216,9,2116,1369600,7,6,7,10,6,9,7,10,62
F7AVID9MC,プルプル,JA2C658FW,さや綴理の村人,1624,18,2117,1369400,10,10,10,10,10,10,10,10,80
U7T1KGYSQ,らてぃ,6XX7GBM0K,ぷちぐる同好会,1148,6,2118,1369200,7,6,9,7,4,9,7,10,59
9IZXQRGW7,雲雀,0UT59MJ8U,かほすこ同好会,1353,0,2119,1369000,8,8,7,8,7,9,9,10,66
064PJH5PB,かいける,KXB93FVTR,ブルームガーデン,1566,6,2120,1368800,10,8,8,10,7,8,10,10,71
3EBADRT8X,ねこみみ,FK5MUK0ET,くる♡すきクラブ,1315,15,2120,1368800,10,10,10,10,10,10,10,10,80
8BFMY6MHF,みはと,NMT63RUDV,泥村,1170,12,2122,1368600,7,7,5,9,8,8,6,7,57
G2RTAXMKU,ムエタイ,2ULM366U6,毎日がエブリデイ,1259,5,2123,1368400,9,7,7,9,5,9,10,10,66
5B6M9MNGG,ヒヨコワズライ,PULJ8VCHJ,蓮ノ空を推す会,1090,11,2124,1368200,9,10,10,10,8,8,8,10,73
8AM9BLGNK,塩鍋,BCJRMHE75,梢すきすきクラブ,1489,12,2125,1368000,10,10,10,10,10,10,10,10,80
455CW4684,キングカズキ,W3YKKRWHG,ルリと愉快な一家,1305,18,2126,1367800,10,10,9,10,7,10,8,10,74
ZC4JW1S67,ネイト,V6DV6KETG,梢好き好きクラブ,1467,12,2127,1367600,10,10,10,10,10,10,10,10,80
YV93KC93E,ノラ,6EAX4H2UK,Ssss,736,0,2128,1367400,6,5,6,8,8,9,9,10,61
BDW11259W,カナリダ,G59NGM0XA,シュリーレン,1131,16,2129,1367200,7,8,7,10,10,10,7,8,67
C9325WMEN,K4,FK5MUK0ET,くる♡すきクラブ,1501,15,2130,1367000,10,10,10,10,10,10,10,10,80
OIMWFCL0H,えこ,KXU941RFJ,梢先輩おめでとう,1646,18,2130,1367000,10,10,10,10,10,10,10,10,80
A01NUJ26D,LilDemon,8FR866PRY,蓮っ子みらくラブ,1145,6,2132,1366800,9,9,10,10,8,10,8,10,74
CMXX1B7HK,雨日百合,N0EXH1CM1,ぱちぱち徒町,1030,5,2133,1366600,7,5,6,7,3,5,5,9,47
F2A1RX60N,みどり,JA2C658FW,さや綴理の村人,1197,10,2134,1366400,10,10,10,10,10,10,10,10,80
9UK70BG13,あーる,79C17CHA2,蓮ノ空出張部,1173,0,2135,1366200,6,7,7,10,5,8,8,8,59
5DAP851U5,ふゆ,ELTW62751,安全バーは君の腕,1236,8,2136,1366000,8,7,7,8,5,9,8,9,61
F96YWHF82,リア,JDAG79TG7,百合ノ空観察部,1393,19,2137,1365800,10,10,10,10,10,10,10,10,80
TFFBYIT98,べにーびーばっど,M851LEV3N,なっす父兄,1498,7,2138,1365600,9,8,8,9,7,10,8,10,69
156HCTKR0,タラみそ,7U20138DB,LGP,1544,5,2139,1365400,10,8,10,10,10,10,10,10,78
4ME4T0F13,クロウ,L3NN1RWMY,アポロベイ海賊団,994,3,2140,1365200,7,6,7,7,6,7,9,10,59
JBECGPBDB,えれか,05KN1RR3U,さやかほ花卉園,885,4,2141,1365000,9,7,8,9,7,10,8,10,68
PHPU1CVTB,nyuta（・8,JDAG79TG7,百合ノ空観察部,1608,17,2141,1365000,10,10,10,10,10,10,10,10,80
95R5B0MW2,ゆゆ,GGK2P93JK,きゃらめる,534,0,2143,1364800,9,9,10,10,8,10,10,10,76
8RHDJ2E9D,Zakatin,V26546K3D,乙宗気合筋肉,1374,18,2144,1364600,10,10,10,10,10,10,10,10,80
VJYBTVE2X,澄水(すみす),W3F0URUJC,梢先輩応援団,1223,10,2145,1364400,10,10,10,10,10,10,10,10,80
CJ77DG0DE,ひじり,3LPBPHL3V,壁の民の伝説,1489,0,2146,1364200,10,10,10,10,10,10,10,10,80
ML3545XJH,カズヤ,E12PR824F,ゆるっと蓮ノ空,873,2,2147,1364000,10,10,10,10,9,10,10,10,79
9VVAR16ZD,たあこ,5L9GNT78V,叶え！私達の◯◯,1306,13,2148,1363600,10,8,10,10,8,10,10,10,76
DE5ED48XV,シャノ,GN1798YEX,ド!ド!同好会,1033,3,2149,1363400,7,6,6,8,7,9,8,10,61
01VM3SH5T,wicky,W2HEPMM2A,無言。ぼっち。,1415,18,2150,1363200,10,10,10,10,10,10,10,10,80
B2ACV9G2B,chiso,KULVP7FDR,アニマル分室,1105,18,2150,1363200,9,9,10,10,10,10,8,10,76
LA0Y8C5TM,まっちゃ！,6H800PBV7,新鮮館,1072,2,2152,1363000,6,2,3,8,7,9,6,7,48
73LRI9P2T,Az,N8L41JAA7,無言 ノルマなし,1330,5,2153,1362600,10,9,9,10,9,10,10,10,77
IJFIDA2MT,ちゃぴ,LW7MG1ERX,まったりプレイ,1445,18,2154,1362400,10,10,10,10,10,10,10,10,80
LN7AJBXL6,きりん,7R8NKPAB1,花帆推し倶楽部,1536,6,2155,1362200,10,10,10,10,10,10,10,10,80
NPXH5R3ON,彩斗,N2KCENRKH,猫＆旅大好き部,1455,10,2156,1361800,10,10,10,10,10,10,10,10,80
2DW7GKH52,ペンゼン,AVX749PPB,姫芽ちゃん親衛隊,1023,1,2157,1361200,8,4,4,2,2,8,10,10,48
RTH7TGKAS,センキ,T56X6LP0L,光の海,1308,18,2157,1361200,10,10,10,10,10,10,10,10,80
3BER8GKP0,はこ,D7H8MN2U4,LLD,1417,17,2159,1361000,10,10,10,10,10,10,10,10,80
5C6X0KFV6,おけまるの介,W26TRPM1R,めぐ党藤島派,1141,16,2160,1360800,2,2,4,9,2,7,5,4,35
VRA2YU7TK,鱼板面,J800VVPTN,Aqours,1066,13,2161,1360600,8,7,8,9,4,10,8,9,63
VJWFL71HX,Ponchau,8R49BTWW6,蓮女お嬢様クラブ,1244,17,2162,1360400,10,7,6,10,6,9,8,10,66
1XCGA0FBK,常温の水ぅ,XE8513HNP,喫茶カワウ空✨,1398,12,2163,1360000,10,10,10,10,10,10,10,10,80
G2YW20XX8,きち村,JDAG79TG7,百合ノ空観察部,1179,8,2164,1359600,7,9,7,9,9,10,10,10,71
20GG4UL98,歩夢の黒網タイツ,ABU58EVJ2,Quatuor,1029,6,2165,1359400,2,10,10,10,10,10,1,10,63
PN1BVA6D1,バッドサプライズ,X7C21B7H7,泥,1547,18,2165,1359400,10,10,10,10,10,10,10,10,80
BEPU4MXRY,れたす,7AATUNUPE,無言サークル,1386,13,2167,1359200,10,10,10,10,10,10,10,10,80
K3GV63WBX,カナメ,0B8RTHY4D,のんびり屋さん,1521,18,2168,1359000,10,10,10,10,10,10,10,10,80
K9LLHN0WV,kyon,TD87P23DJ,黄昏の旅団,1168,4,2169,1358800,8,9,9,10,7,10,10,10,73
YEX8FP88X,DDなのだけれど,9YM3DBTB7,泥民館,1444,18,2170,1358600,10,10,10,10,10,10,10,10,80
ZLH5V1V6Z,ゆききなこ,75UJ5RB97,蓮ノ空雪野球部,1419,12,2171,1358400,10,10,10,10,10,10,10,10,80
ANN8U7K5N,しろい,N1DJVPGP8,いつでも咲けるよ,1186,3,2172,1358200,8,7,7,8,5,9,8,9,61
6GV3424RA,わくわくさん,8JMW9G2XW,僕らのリンクラ！,1452,18,2173,1358000,10,10,10,10,10,10,10,10,80
6CE9TCMQ2,トーヤ,XJK5GD94X,フリーダム,1328,1,2174,1357800,10,10,10,9,9,10,10,10,78
C561PY927,まよこ,95YCCGJJG,あまね部蓮同好会,811,0,2175,1357600,10,10,10,10,9,10,10,10,79
SID3ZQ2MB,もこなた,HWJ8XPW0T,箱推しなのだけど,1406,2,2176,1357400,10,10,10,10,10,10,10,10,80
1B0D7OE6J,AN,N2KCENRKH,猫＆旅大好き部,1249,8,2176,1357400,8,8,8,8,7,10,9,10,68
V5B1VKYJM,MikaSa,AVX749PPB,姫芽ちゃん親衛隊,1092,11,2178,1357200,10,10,10,10,10,10,10,10,80
WBTPGXRAC,Edge,AVY8PECF0,初心者の集い,1006,8,2179,1357000,10,10,10,10,10,10,10,10,80
KP64DKWB0,まるせつ,85D411XNB,蓮っ子の集い,1433,18,2180,1356800,10,10,10,10,10,10,10,10,80
FGWMCLNR8,YT,N7GLY2RUW,百生銀行,1091,14,2181,1356600,10,8,9,10,8,10,6,9,70
PE4JT3GKB,K事,8JMW9G2XW,僕らのリンクラ！,1132,7,2182,1356200,7,10,8,9,7,9,10,9,69
XPHNN9RCD,時止め,UCWKRB3WR,菅沼千紗が大好き,1239,7,2183,1355800,10,10,10,10,10,10,10,10,80
BMPLV47WR,オルト,PLBBEX019,待機室目指し隊,1238,5,2184,1355600,10,8,7,10,6,8,7,8,64
ZMS3ZL64Z,サン,7B0W0EWVA,ソロの為の避難所,1328,8,2184,1355600,10,10,10,10,10,10,10,10,80
UHVD235TL,みぁみぁ,NJBBTCY3A,かにかに！,1240,18,2186,1355400,10,10,10,10,10,10,10,10,80
EWZ6C1W7U,sayu,919XF8V2V,蓮之空大三腳,1031,10,2187,1355200,10,10,10,10,10,10,10,10,80
Q80NROBVC,ハイネ,RFYKY8DCD,LA.LA.LA,1430,14,2188,1355000,10,9,9,10,10,10,10,10,78
7F66LJW76,るぺお,B4ADNM80X,山本組,1165,11,2189,1354800,10,10,10,10,8,10,6,6,70
2VCRXBPHM,るひー,0CEA9XFKR,蓮ノ空の泥人会,1223,5,2190,1354600,7,7,7,9,7,9,9,8,63
QT144ZQM2,結城,0EL43A30P,こころのいろは,1099,10,2191,1354400,8,8,8,10,10,10,10,10,74
7DR8VRKQB,アレキ工房,J8HXTJ8TB,流し素麺同好会,1391,5,2192,1354000,10,10,10,10,10,10,10,10,80
N66MR15WA,花音,2K5AM4RV0,とろぺりです,656,2,2193,1353800,10,10,9,10,7,10,9,10,75
PCWYG7PXA,たぴおか,4RY75CKM4,LLすこ部　メ募,1507,11,2194,1353600,10,10,10,10,10,10,10,10,80
AYB73K1K5,kaho,AWFDLJ1HC,小蓮花（重生版x,694,0,2194,1353600,10,7,10,10,8,10,8,8,71
ALD7UHWYG,ＫＡＯ,Y2HV0YEF7,蓮ノ空を応援し隊,1425,16,2196,1353400,10,10,10,10,10,10,10,10,80
MKWDCKPYV,会長♪,WTJV514G9,蓮ノ空のお弁当屋,1435,4,2197,1353200,10,10,10,10,8,9,10,10,77
J2HZWHLHZ,あにめほしいもの,G0J2F9NAL,さやさやさーくる,1467,14,2198,1353000,10,10,10,10,10,10,10,10,80
15AAN9VTO,そろん,WN5B7VKPU,きんぴられんこん,1405,4,2199,1352800,10,9,9,9,9,10,10,10,76
33WLCC6U3,ASUKA,A3472CNJE,ハントン✿ライス,1130,10,2200,1352600,7,10,7,10,7,10,10,10,71
WM5PYYA3F,マグネ,6YTAMD33M,リリエンフェル党,393,0,2201,1352400,8,8,10,10,8,10,10,10,74
UO95BPS4G,はろめぐ,0CBM28JP6,ほうき星,1088,3,2202,1352200,6,3,6,9,5,7,7,6,49
3IQMB1JNB,さしすせそ,BXGNMY466,ライグラ用,1556,18,2203,1352000,4,6,7,8,6,9,9,10,59
G94P2P1DG,水曜日のさばかん,VXF8P7NDC,どんぐり。,1434,14,2204,1351800,10,10,10,10,10,10,10,10,80
W65OLR38R,本だし活用術,NA8FEYN0M,蓮ノ空飲酒クラブ,1312,9,2204,1351800,9,8,8,9,6,9,8,9,66
1NLWKNVGF,みるく,JDAG79TG7,百合ノ空観察部,1034,13,2206,1351600,9,8,10,10,8,10,9,10,74
I8X5KZ72A,アルカディア,WE4AB37FP,めぐ党,1355,3,2207,1351400,10,10,10,10,10,10,10,10,80
K0Y8RBTWT,シャー芯,0NJH60E7V,睡眠大事,1109,1,2208,1351200,9,8,9,7,5,9,8,10,65
LLJL989WE,イツッキー,HBK6KCRPP,無言でおけ,1656,16,2209,1351000,10,10,10,10,10,10,10,10,80
0JKY3BXTW,gg,R1RM3X0WV,後方腕組みオタク,1109,11,2210,1350800,8,8,8,9,7,10,7,10,67
CV0F9DANL,とぅすお,V26546K3D,乙宗気合筋肉,1368,11,2211,1350600,10,10,10,10,10,10,10,10,80
L4E4Y46WR,takep,L231MX6MB,モノクル,1145,0,2212,1350400,10,9,10,9,7,10,9,10,74
FA4C0U7P4,主任,WN3625XFV,チーム自由,1426,14,2213,1350200,10,10,10,10,10,10,10,10,80
MW8KUNW0W,ふじ,NMT63RUDV,泥村,1321,7,2214,1350000,10,10,10,10,8,10,10,10,78
UZUVRH4ND,にょろーん,GYG7B5R36,幼馴染同好会,1291,15,2214,1350000,10,10,10,10,10,10,10,10,80
SE5DA9CEU,リトル,G8F0M2PH2,アフターウォール,1567,9,2216,1349800,10,10,10,10,10,10,10,10,80
NWY5G24CG,なめねこ,N7GLY2RUW,百生銀行,1334,16,2217,1349400,9,9,10,10,10,9,10,10,77
8PYU8KCYR,デンキ,ABALH0AL3,楽園計画,1362,17,2218,1349200,10,10,10,10,10,10,10,10,80
WA10A8RX4,アムリタ,6045Y2RW7,ポチっと！蓮ノ空,1351,13,2219,1349000,10,10,10,10,10,10,10,10,80
QWXQJVSUJ,る,FVJABCVP3,瑞蓮ラボ,1378,18,2220,1348800,10,10,10,10,10,10,10,10,80
BURKV8S3X,じゅうけん,KBJ2P8T0Y,人見知りの集い,939,6,2221,1348600,10,10,9,10,9,10,9,10,77
NR443H0K2,小日向美穂,948FLPMPN,まったりハス煮〜,1183,18,2222,1348400,10,10,10,10,10,10,10,10,80
H6EGM5RKT,ドルド,5W8RPRVUA,ド！ド！泥！,1211,4,2223,1348200,10,8,8,6,8,9,3,10,62
AT95JYVEU,Lin,X33HHA9F8,アルストロメリア,1101,1,2224,1348000,9,9,8,9,8,10,10,10,73
AITEOLNKO,お姉さま,CTW8DKV5P,まったり,1137,12,2225,1347800,6,10,6,9,7,8,9,10,65
LG5V6FL3M,いあ＝だーふぇ,UHF5Y8PEF,さやちゃん倶楽部,1274,15,2226,1347600,10,9,10,8,8,10,10,10,75
D0N3R7B80,ふらわい,N83DW3NYG,†極最強倶楽部†,1005,1,2227,1347400,7,7,6,7,6,8,6,7,54
52S7V69W0,やっぱ天使！,R1RM3X0WV,後方腕組みオタク,1652,15,2228,1347200,10,10,10,10,10,10,10,10,80
WCMDKA69N,40,N1JAJ83CA,蓮ノ空園芸部,1248,13,2229,1347000,3,9,6,10,10,9,6,10,63
NK4ZX4IAN,猫ノ雅,LNY720KVK,綴理お世話くらぶ,1129,2,2230,1346800,8,9,10,5,7,10,10,10,69
BKUMXWUFL,ひらや,948FLPMPN,まったりハス煮〜,948,3,2231,1346600,10,10,10,10,9,10,8,9,76
MY2KK91G9,スタートレック,07JW71HWG,良いチケで観よう,1035,12,2232,1346400,8,10,8,10,8,10,10,10,74
UCXYGCR1V,くそいるかくん,CRYB2FJ64,つくよみくらぶ,1199,5,2233,1346200,10,10,10,10,10,10,10,10,80
G9DKGLIVY,夢を駆けるネコ,JDAG79TG7,百合ノ空観察部,1448,17,2233,1346200,10,10,10,10,10,10,10,10,80
GA8CN9FJ3,ジロウ,V8XX999F6,卍蓮村幼稚園卍,1054,6,2235,1346000,10,7,6,8,5,10,9,10,65
PLJRBRNAY,かじん,AR9HR528A,いろいろ実況,1676,17,2236,1345800,10,10,10,10,10,10,10,10,80
XDFELVLT9,ふぃりあ,GR65FP8VN,蓮好き,667,0,2237,1345600,8,9,8,10,5,9,8,7,64
8RGU3ED8W,如月,XVTV7MVCX,雪月花,652,4,2238,1345400,10,10,10,10,10,10,3,10,73
888HLADHY,かるめら,97BGFLKW9,◯◯◯,394,1,2239,1345200,6,6,8,6,7,7,8,7,55
KUG0KRWJM,heigi,XK83VXEED,TUAS,1265,3,2240,1345000,10,9,10,10,6,10,10,10,75
AGF59LJG8,編,N1JAJ83CA,蓮ノ空園芸部,1367,5,2241,1344800,10,10,10,10,10,10,10,10,80
FBR3CMIMZ,アスク,F8MLHU2NV,乙宗梢様､､､,1013,0,2242,1344600,7,8,6,7,6,8,10,10,62
XBJNXRJL0,しののめいずの,HWJ8XPW0T,箱推しなのだけど,1233,2,2243,1344400,10,10,7,10,7,10,10,10,74
414B73W58,おじ,6UAFKBRPN,リンクラ初心者部,599,0,2244,1344200,8,9,10,10,6,10,7,8,68
3HGRBJFEH,たろー,L1VGJTD5P,蓮ノ空お茶会部,1292,17,2244,1344200,9,8,8,10,8,9,10,10,72
WW84R5M3A,Josie,YFADYJVW4,FPS好きクラブ,1373,16,2246,1343800,10,10,10,10,10,10,10,10,80
VL4J4YY53,cattie,V6DV6KETG,梢好き好きクラブ,1250,8,2247,1343600,10,8,9,10,7,6,10,10,70
HXNT169GH,きつかわ橘川,919XF8V2V,蓮之空大三腳,517,0,2248,1343000,8,6,6,6,7,9,6,6,54
P3B7KLPP8,もかのん,PUJ0ERCMW,蓮ノ空倶楽部,1072,9,2249,1342800,8,8,8,5,10,8,8,9,64
8M3DAHAEP,成成 戌,BCJRMHE75,梢すきすきクラブ,1429,7,2250,1342600,8,10,9,9,7,9,8,10,70
RKMBL9587,ちくりん,KXU941RFJ,梢先輩おめでとう,1151,9,2251,1342400,10,10,10,10,10,10,8,10,78
4OG9NTQN1,ちゃん,9FF5JBNDF,めぐすきクラブ,1709,18,2251,1342400,10,10,10,10,10,10,10,10,80
1R9Y77BVF,n.k,EPWMMAXNY,蓮ちゃん初心者,1296,18,2253,1342200,10,10,10,10,10,10,10,10,80
LEH59TC05,たいなか,B5V2LNN43,WMW,1119,14,2254,1342000,10,10,10,10,10,10,10,10,80
4H00B95RF,牛田 全,J8HXTJ8TB,流し素麺同好会,1169,10,2255,1341800,7,9,8,10,7,9,8,10,68
RT18GTRHY,気高いミジンコ,WBW66DMUB,るりめぐ研究所,1200,13,2256,1341600,10,10,10,10,10,10,10,10,80
7PFAR6P9H,やより,GW4CH70HK,TKG同好会,1157,11,2257,1341400,10,10,10,6,6,10,10,10,72
VFERXMA41,あんず,W26TRPM1R,めぐ党藤島派,1120,6,2258,1341200,10,10,10,10,10,10,10,10,80
01W0G9I0I,すぴらーれ,C2XLWUTL1,夕霧綴理親衛隊,1228,4,2259,1341000,10,9,9,10,8,10,10,10,76
O8VP65N5V,AnimeDad,PDMPF3VVV,r/LL,1263,13,2260,1340800,8,5,6,8,5,9,7,9,57
2TG40QXIT,トゥモ,8R49BTWW6,蓮女お嬢様クラブ,1365,10,2261,1340400,10,10,10,10,10,10,10,10,80
RVCURAXF3,めっち,CT8XW752X,蓮ノ空写真部,1322,12,2262,1340200,10,10,10,9,10,10,10,10,79
2G7Y0T17Y,ハイライトブルー,2NNRA5CW6,黒髪ショートの会,681,0,2263,1340000,8,8,7,10,6,7,7,8,61
UF89MCNVB,だめたろう,R1RM3X0WV,後方腕組みオタク,1184,11,2264,1339800,8,9,10,10,8,10,9,10,74
38JBB42RP,tory,GPKTRBCTT,騎空団蓮ノ空支部,886,1,2265,1339600,5,6,5,8,6,1,8,10,49
91YWE4UGX,altpuds,LJNCAEVAP,蓮ノ空さやか研,521,0,2266,1339400,9,10,7,9,8,8,7,8,66
AL7XRDYCX,βカロチン,1618JMRED,リンクラ自習室,1417,17,2267,1339200,9,10,9,10,8,10,9,10,75
2ZWQO40OB,イケ,1DU9LCND7,蓮ノ空すこやか部,1427,16,2268,1339000,8,7,9,7,8,8,10,10,67
272E1UNTU,おくやん,9RYR14H9L,ソロマターリ,1154,15,2269,1338800,10,10,10,10,10,10,10,10,80
PN92XHM4G,みー,NK05UMLWW,かけ込み寺クラブ,1090,5,2270,1338600,10,9,10,10,9,10,10,10,78
88VL2GGBH,枝豆,AR9HR528A,いろいろ実況,1073,2,2270,1338600,8,7,7,9,7,9,8,9,64
GUUU29W4T,さかたまりあ,281AVFPPX,蓮ノ空過食クラブ,1100,4,2272,1338400,2,4,4,5,5,9,10,9,48
C9KVADJH4,あきゆる,J62DRC7J5,蓮ノ空好き好き会,1110,4,2273,1338200,8,7,7,9,5,8,7,8,59
PJWWM7VB6,すいみんみん,6XX7GBM0K,ぷちぐる同好会,1468,2,2274,1338000,10,10,10,10,10,10,10,10,80
RNW2S4UHR,ゆづき,WHWT61ELR,【無言】ハスノソ,1337,15,2275,1337800,9,8,7,9,7,10,9,9,68
7YPXGGPP7,すーる,48BTAPMBG,蓮ノ空魔術部,1174,14,2276,1337200,6,10,10,7,6,10,5,10,64
GGU78Z4C2,ホルティの栄光イ,G59NGM0XA,シュリーレン,1410,18,2277,1337000,9,9,8,10,8,10,9,9,72
OGQVCONVB,ひめらぎ,9GDHWXGVG,ルリと花咲く毎日,1364,17,2278,1336800,8,7,8,10,7,9,8,9,66
35JP6F70G,わはー,J0PT5EX42,スクスタモ部,829,4,2279,1336600,10,7,9,7,4,8,8,9,62
X60HXAFWK,U39,V6DV6KETG,梢好き好きクラブ,1274,14,2280,1336400,10,7,10,10,10,10,10,10,77
ITK4JA963,田中ゆとり,919XF8V2V,蓮之空大三腳,1223,17,2281,1336200,8,7,7,7,7,10,8,9,63
V5WH9X9NW,ヒトシ,H0DV3JJGA,かほさやてぇてぇ,1362,16,2282,1336000,8,8,9,10,7,9,9,10,70
C78S55TMJ,丼物,UYCT3Y4JK,蓮っ子,1476,18,2283,1335600,10,10,10,10,10,10,10,10,80
UUTH59CXT,ともっち,DKNHY5HH6,なす料理研究会,1206,2,2284,1335400,10,10,10,10,10,10,10,10,80
Y9FG3NKN1,クウハク,CCACL2CMM,無限城,1237,18,2285,1335200,10,10,10,10,10,10,10,10,80
9G8SYUY5J,North,BPHHYC793,ソロ専の集い,1215,18,2286,1335000,10,10,10,10,10,10,10,10,80
25W9YGSKT,ぶん,W3F0URUJC,梢先輩応援団,1385,15,2287,1334800,10,10,10,10,10,10,10,10,80
2NZBY5R1T,モチポン,J62DRC7J5,蓮ノ空好き好き会,1200,2,2287,1334800,8,4,8,9,7,10,8,8,62
C7P08HU1V,マイケル,48BTAPMBG,蓮ノ空魔術部,1028,0,2289,1334600,8,6,7,9,5,8,7,8,58
0KJDJRG7K,葉山家のぬい5号,B2KV0EVPD,蓮ちゅきクラブ,1051,5,2290,1334400,10,10,10,10,10,10,10,10,80
46TENF6Y6,MIZ,HBUK6F7CC,乙宗梢なりきり部,1462,4,2291,1334200,10,10,10,10,10,10,10,10,80
7D94KWALU,梟雄x,YFADYJVW4,FPS好きクラブ,1096,8,2292,1334000,8,10,10,10,8,10,10,10,76
K46E6PG9G,なすみそ,8JMW9G2XW,僕らのリンクラ！,1438,4,2293,1333800,9,6,7,10,9,8,9,9,67
2DXKQ4N26,きょんG,KT4C59NXG,めぐ島,1418,5,2294,1333600,10,7,8,10,7,8,8,8,66
WL4EHDYGC,ファース,TM19BMU7C,ソロプレイヤーズ,1089,3,2295,1333400,9,7,8,9,6,8,10,10,67
89G6L7YM4,iroha丶,919XF8V2V,蓮之空大三腳,1204,5,2296,1333200,8,7,8,8,5,10,10,10,66
CBD22DA6L,イサミ,4RY75CKM4,LLすこ部　メ募,1088,2,2297,1333000,8,4,6,8,8,4,6,7,51
XW8BJ9F64,浄龍桐生,8NFDBY4L5,浄龍桐生会,1269,14,2298,1332800,9,9,10,10,7,10,9,10,74
HUCH8JBO4,wraita,T0XP8PFYU,兼六園と私,1397,18,2298,1332800,10,7,8,10,7,10,8,10,70
R9VEJAA28,らいは,YDYH4VRRP,レンクウ,634,2,2300,1332600,9,9,9,10,10,10,10,6,73
VQIBWKYIO,シン,N8L41JAA7,無言 ノルマなし,1517,13,2301,1332400,10,10,10,10,10,10,10,10,80
77S4HCW1S,おっとっと,ULUELCJ7T,なるようになる？,1202,3,2302,1332200,8,7,8,8,6,9,9,10,65
L0R1T0XBE,MYAO,K4TAHF9YA,はすっこ準備室,1355,3,2303,1332000,10,10,10,10,8,10,10,10,78
WZP191BKC,けんたろう,G0J2F9NAL,さやさやさーくる,1485,8,2304,1331800,10,10,10,10,10,10,10,10,80
RFPKCPLTE,たけぼー,HMBW9DXY2,蓮好き皆あつまれ,1205,3,2305,1331600,9,7,10,8,6,10,10,10,70
RVY1A8DYV,花残日暮寒梢孤,J800VVPTN,Aqours,1262,8,2306,1331400,6,8,8,7,7,8,8,9,61
T2JPCHLA8,みやび,3UV13EUUA,こずこずしてきた,1071,12,2307,1331200,10,10,10,9,9,10,8,10,76
42K81VYYS,ハイド。,0CBM28JP6,ほうき星,1588,4,2308,1331000,10,10,10,10,10,10,10,10,80
2F2GJ9017,プチプチ,948FLPMPN,まったりハス煮〜,1561,5,2308,1331000,10,10,10,10,10,10,10,10,80
YMQZUBDZ8,はまもん,GYG7B5R36,幼馴染同好会,1341,13,2310,1330800,8,6,7,10,6,9,7,8,61
RFGK434G5,はりゔぉぉお,YDYH4VRRP,レンクウ,1057,9,2311,1330600,7,7,9,9,5,10,8,9,64
HJAUXWMTT,44013,NLTAB4BLF,蓮ノ空ゆる活動部,709,2,2312,1330400,10,10,10,10,10,10,10,10,80
900WO0GGU,マジテンシ,1F5EPPMLD,UR貰えればいい,1645,15,2313,1330200,9,4,4,6,9,9,10,7,58
0EN2511JR,TOM,6XX7GBM0K,ぷちぐる同好会,1398,2,2314,1330000,10,8,8,10,6,10,9,10,71
B19R6K9CH,みど★みど,F8MLHU2NV,乙宗梢様､､､,1429,15,2315,1329800,10,10,10,10,10,10,10,10,80
HWACPEW7I,うーどん,828YTYAA9,箱推し社畜の部屋,1180,15,2316,1329600,9,9,10,10,6,10,10,10,74
FKYV41FGL,UＲ紫必当神引姫,8MTLYLH9F,木星月華黄金宮,1293,16,2317,1329400,10,10,10,10,10,10,10,10,80
UYL09U1AJ,やまぴー,48BTAPMBG,蓮ノ空魔術部,1151,17,2318,1329200,8,8,9,10,8,9,10,10,72
FA135644A,ゆめね,XVTV7MVCX,雪月花,1140,9,2319,1329000,9,8,8,9,8,10,9,10,71
QRNF67KE7,まの,ABU58EVJ2,Quatuor,1429,18,2319,1329000,10,10,10,10,10,10,10,10,80
OLIPCC7QY,とうふのみそ煮,CV62FGL1U,花咲かせ隊,1308,15,2321,1328800,10,10,10,10,10,10,10,10,80
668LNGBE4,飯島恋歌,N0EXH1CM1,ぱちぱち徒町,1097,9,2322,1328600,8,8,7,10,9,9,8,10,69
E7ZYWTBS6,出口,J0N1E3Y09,月火水木金土日,1366,8,2323,1328400,9,9,8,10,6,10,8,9,69
0GRGPIGO5,maru,6WUADDR4U,からあげ,1450,15,2324,1328200,10,10,10,10,10,10,10,10,80
5Z1AIQT9R,おすかる,KT4C59NXG,めぐ島,1501,18,2325,1328000,10,10,10,10,10,10,10,10,80
59FIWWE5F,せーの,GYG7B5R36,幼馴染同好会,1369,16,2326,1327800,7,5,6,8,6,8,8,9,57
1LTMD4MM0,硬派な声豚,RXXUPMWB9,待機室跡地観測所,1203,6,2327,1327600,10,7,10,10,9,10,10,10,76
E5K2H3401,ロイド,W3YKKRWHG,ルリと愉快な一家,446,0,2328,1327200,10,7,10,10,3,10,6,4,60
2R50RFKTK,おかにく,6531MBM0X,のちもたーズ,827,4,2328,1327200,10,4,7,7,2,6,6,10,52
J345LCDL6,すん,YNR28303K,りんくらぶ,1053,2,2330,1327000,7,7,7,10,8,8,9,10,66
KWKSDD28E,まさい,LUDNM40F8,ふくふく無言OK,1133,12,2331,1326800,8,7,5,9,7,5,5,8,54
LO590H6JH,わっふる,HKETDDCK6,ぼっちざ蓮!!,1169,7,2332,1326600,8,9,8,8,6,7,8,9,63
78Y72C15H,さやかの太もも,G0J2F9NAL,さやさやさーくる,808,0,2333,1326400,6,9,7,6,7,9,9,10,63
JTJYD8YHB,天井のシミ,KULVP7FDR,アニマル分室,1056,7,2334,1326200,8,8,8,7,7,10,7,9,64
K2KK5KYKU,ふぁい,AND13836G,乙宗梢親衛隊,1002,3,2335,1326000,5,6,8,9,9,8,7,9,61
2PJCQQ6VT,マルティネス,LHXNEF3D5,まるまるサークル,1183,0,2336,1325800,8,7,10,10,8,10,10,10,73
RY2VRH8RA,サコク,NDGW77R2V,こず花帆尊い,780,4,2337,1325200,6,6,10,7,5,10,5,7,56
N3X1PXZH9,にょえる,HBM31HMUY,YUKIZURI,1349,13,2337,1325200,10,10,10,10,10,10,10,10,80
DNAAU0LY3,サイト,X34LWGL6R,サークル2,1105,4,2339,1325000,9,6,6,5,6,8,10,7,57
832JH9K11,りる,FD24TD6C5,泥人,1512,18,2340,1324800,10,10,10,10,10,10,10,10,80
ERW5FZJ1H,藍 (あい),Y2R7E79U3,カワウソ同好会,1451,8,2341,1324400,10,10,10,10,10,10,10,10,80
D96PWG6YM,KanaΔ,L6MF2MPBN,みらくらぱーく党,920,0,2342,1324200,7,7,9,10,5,10,10,8,66
80LMREA88,Akanon,AAHB7C276,HaCordVN,804,5,2343,1324000,10,10,8,10,8,10,8,7,71
5VFVMMG1P,のぞむ,JA2C658FW,さや綴理の村人,1499,7,2344,1323800,10,10,10,10,10,10,10,10,80
0DC74BY7M,まさキャロ,2ULM366U6,毎日がエブリデイ,1442,16,2345,1323600,10,10,10,10,10,10,10,10,80
KH32NG8LA,やでぃあ,03UX84WLY,こやんいくらぶ,1258,11,2346,1323400,10,10,10,10,10,10,10,10,80
V1K39NAJC,darkwine,2DYYAPFVN,蓮っ子村,1097,1,2346,1323400,8,8,8,10,7,10,4,8,63
1PC3GWKN1,はすいけ,XXMU9WLKB,梢の機械さん,921,4,2348,1323200,7,7,9,10,7,9,6,8,63
IG5SWSXJO,無のギンジ,J8HXTJ8TB,流し素麺同好会,1502,5,2349,1323000,10,10,10,10,8,10,9,10,77
M6CXJC0VU,しんげんもち,R181MKNX1,みらくらは人生！,530,2,2350,1322800,9,8,9,10,8,10,7,8,69
LBSJ6H271,ゆきだるま,1U4JN5CXB,LLユーカー部!,1143,7,2351,1322600,2,6,7,6,7,5,10,8,51
KYTVHU2DN,バル,BTVC9G95X,FES用,1239,18,2352,1322400,10,10,10,10,10,10,10,10,80
9HT1LVL9E,神の怒りマン,X7C21B7H7,泥,1436,15,2353,1322200,10,10,10,10,10,10,10,10,80
E09RNAVW7,tonkotu,AND13836G,乙宗梢親衛隊,843,0,2354,1322000,4,7,5,6,6,7,7,7,49
56WTWN3DU,ぽぱん,Y2HV0YEF7,蓮ノ空を応援し隊,1165,4,2355,1321800,9,8,7,9,8,7,9,10,67
95WRMY7XW,そし,9FF5JBNDF,めぐすきクラブ,596,1,2356,1321600,5,4,1,6,6,7,10,8,47
USL4MDH3Z,閣下,J8HXTJ8TB,流し素麺同好会,1471,18,2357,1321400,10,10,10,10,10,10,10,10,80
IPU4UJJDG,ハリマイン,2K5AM4RV0,とろぺりです,1216,13,2357,1321400,7,5,10,8,6,9,10,9,64
U5H26BL94,arium,N7GLY2RUW,百生銀行,726,0,2359,1321200,10,10,10,10,10,10,10,10,80
8EB0GXWX1,みむ。,EYN9H9N16,蓮すきすきクラブ,1582,6,2360,1320800,4,9,9,10,9,3,5,10,59
YSREUVJ5U,ハーツ,X8YD59KBX,16代目いぶき組,1530,9,2361,1320600,10,8,10,10,9,10,9,10,76
FT0GTRT9V,ちゃんす,HE0GK3EPE,瑞蓮プロカ倶楽部,1119,9,2362,1320400,10,10,10,10,10,10,10,10,80
NH7989LD7,やかん,TBX7N9RK5,つよつよなLH,1183,3,2363,1320200,10,7,8,10,8,10,9,10,72
TNA2WXGMX,きーくん,XE8513HNP,喫茶カワウ空✨,908,4,2364,1320000,5,8,10,10,6,10,8,9,66
A3GWMGP35,カ,FH7G62PKW,月火水木金土日,1226,8,2365,1319800,5,7,5,6,6,9,7,10,55
YFWRXPEGM,たけちゃん,K4TAHF9YA,はすっこ準備室,1266,4,2366,1319600,10,8,9,10,8,10,10,10,75
P6KNE8298,しらす,BELCUYCMH,蓮hkg香港分部,685,2,2366,1319600,8,5,8,7,7,8,7,7,57
K9XRZKF6W,凰沐,FH7G62PKW,月火水木金土日,1314,13,2368,1319400,6,7,7,9,4,9,7,8,57
85W7VWKV4,病気は気分の問題,JD1PFYJWE,瑞蓮隊(無言OK,637,0,2369,1319200,10,8,8,9,5,9,7,7,63
JXRNETJ4C,とーる,W26TRPM1R,めぐ党藤島派,1385,3,2370,1319000,7,8,7,5,6,8,9,8,58
BRBH87EDU,ばいぱー,HPTHY23VR,蓮ノ空文芸部,1028,13,2371,1318800,3,6,4,8,6,9,1,8,45
VKYV0KDAA,アズえもん,PULJ8VCHJ,蓮ノ空を推す会,1235,8,2372,1318400,9,8,7,10,7,9,6,10,66
HAVKMY5IW,こにー,KXU941RFJ,梢先輩おめでとう,1541,17,2373,1318000,10,10,10,10,10,10,10,10,80
HHX3RYYSE,あむちゃん,J7N4W6Y1K,こずミックラブ♡,1570,9,2374,1317800,10,10,10,10,10,10,10,10,80
NCVB7VCJP,つきみ,YDYH4VRRP,レンクウ,1245,1,2374,1317800,10,10,10,10,10,10,10,10,80
RX7E27J6X,アオノ,TBL5BPL2T,蓮ノ空と明日の空,1293,1,2376,1317600,10,10,10,10,10,10,10,10,80
MW71K4RUU,かんべえたん,F31A07X4V,蓮ノ空福井分校,1127,12,2377,1317400,10,10,10,10,10,10,10,10,80
U1FG74EC7,piyopiyo,BT3GEWM5L,ささやか村の集い,1121,8,2378,1317200,10,10,10,10,10,10,10,10,80
GLUP3RFD3,Azu,948FLPMPN,まったりハス煮〜,1296,18,2379,1317000,10,10,10,10,10,10,10,10,80
55R93YW78,セセ・ラ・セラ,9C0KWR782,まったリンクラ,1447,11,2380,1316800,10,10,10,10,10,10,10,10,80
KP0UUPORZ,エンジャ,UNY76JJDE,ラブライ部,1271,9,2381,1316600,9,9,9,10,9,9,10,10,75
PLLQIXJI6,まよ,9DKR4Y2CJ,蓮ノ空老人会,1288,9,2382,1316400,10,10,10,10,8,10,10,10,78
M7V0RWH2M,てん,5R48K950F,EDF蓮ノ空支部,791,2,2383,1316200,7,7,7,8,5,9,7,6,56
OBWKL34UC,ﾙﾝ,RXXUPMWB9,待機室跡地観測所,1053,11,2384,1316000,7,4,3,7,5,8,10,10,54
BBBE3EN0X,がだい,0TKFF5EG3,サークル名募集中,1230,18,2385,1315800,8,8,8,10,5,9,10,10,68
GTYD8T18U,マッケン,3LPBPHL3V,壁の民の伝説,1438,10,2385,1315800,10,10,10,10,8,10,10,10,78
F6D460XUF,空蝉,865UE9UC6,蓮ノ空うどん部,1418,2,2387,1315600,10,10,10,10,10,10,10,10,80
LDJP8T19X,ARX-Λ,0CEA9XFKR,蓮ノ空の泥人会,1515,12,2388,1315400,7,8,10,9,5,10,10,10,69
6THD4C6N2,わたね,HKETDDCK6,ぼっちざ蓮!!,800,6,2389,1315200,8,8,9,10,7,10,8,8,68
Y3DHG6P1H,penka,8M6UDX260,ぽけもん好き,1223,18,2390,1315000,8,9,10,10,9,9,10,10,75
YB8HXJTGD,杉花粉君,KC1W74B9B,蓮六園,1321,4,2391,1314800,10,10,10,10,8,9,8,10,75
1RK6H53X8,寝落ちェ,8MDA3A0AK,イベント用,816,0,2392,1314400,8,5,10,10,9,8,10,10,70
T9035038D,^にゃおき^,VP0K6KF0K,蓮ノ空大好き!!,870,2,2393,1314000,6,5,9,8,7,7,6,7,55
A61RP1SSI,カイトチトメ,H6CCL64P9,NATTO,1277,6,2393,1314000,10,10,10,10,10,10,10,10,80
4A01WZ7LP,りんがべぇ,7AATUNUPE,無言サークル,1368,10,2395,1313800,8,10,10,10,8,10,10,10,76
182PYVUKC,るーすい,WLFW6UCX5,無敵級ビリーバー,1260,18,2396,1313600,10,10,10,10,10,10,10,10,80
KYB9CT2XY,たいよー,LAP2W049X,りんひな愛好会,572,0,2397,1313400,10,10,10,10,10,10,10,10,80
DKPOAWBV8,Gato,7XH3K4GBT,LLP,1298,18,2398,1313200,10,10,10,10,10,10,10,10,80
GMC2EXT1P,苏（su）雨仙,AWFDLJ1HC,小蓮花（重生版x,856,4,2399,1313000,10,6,6,9,4,8,4,8,55
E9K7H7Z0M,怒火×頭,X19MP0NTT,蓮之空河豚养殖場,1128,5,2400,1312800,8,8,10,10,8,10,10,10,74
NH5EAYUVP,かもめ,V8PE7XEWX,松任工場を偲ぶ会,769,0,2401,1312600,10,9,9,10,8,10,9,10,75
058NPDFBK,shiro,9UKKACGDU,蓮っ子CLUB,1319,17,2402,1312400,9,6,8,10,9,9,9,10,70
G45PT1Y5H,十六夜,AG9PKMMC3,ぱかぱか同好会,1429,12,2403,1312200,10,10,10,10,10,10,10,10,80
HH9Q5BUF8,れじぃな,1BME38BCD,さすさやクラブ,1505,4,2404,1312000,10,10,10,10,10,10,10,10,80
4KDL64SOU,いけるる,8M2MFU9U0,リンクライブ,1340,15,2404,1312000,10,10,10,10,9,10,10,10,79
UDW2JEGEN,シロ,J7N4W6Y1K,こずミックラブ♡,943,7,2406,1311800,10,10,6,7,8,10,8,10,69
N9I7AEFZ6,ぷぅ,KLLF3G9PH,ログボ回収部,446,0,2407,1311600,6,4,7,8,4,7,5,7,48
NDF10E002,ゆかり,Y6JNPC60C,綴理メイト,1360,18,2408,1311400,10,10,10,10,10,10,10,10,80
E3XB5MWDW,ソーマ,919XF8V2V,蓮之空大三腳,1061,7,2409,1311200,8,7,5,10,7,9,8,10,64
E1W0L0P26,梢の暮萌るセラ,6YTAMD33M,リリエンフェル党,448,0,2410,1311000,5,6,5,9,2,9,4,8,48
6PF7RFY9G,powetcho,RNJ306W6N,日曜日よりの使者,1140,11,2411,1310800,7,7,8,9,7,7,6,7,58
PX5Y4VWA7,しの,GWGDMA3YC,初心者無言自由だ,828,5,2412,1310600,10,10,10,10,9,10,9,9,77
BNLR2PWN4,かいいぬ,GN1798YEX,ド!ド!同好会,1431,9,2413,1310400,9,9,8,10,8,10,10,10,74
PBHMENECL,銘名,G8F0M2PH2,アフターウォール,1128,3,2414,1310200,8,7,7,10,7,9,7,9,64
UE06YY81U,ヒカル,GW4CH70HK,TKG同好会,1330,18,2415,1310000,10,10,10,10,10,10,10,10,80
1LAH24JYU,なぎ^3,FG5VFFNRK,蓮ノ空おじさん,1432,17,2416,1309800,10,10,10,10,10,10,10,10,80
UALHDDBU1,高海果南,37N3TNTVB,推しを布教する処,1149,11,2417,1309600,10,9,10,9,10,10,10,10,78
Z8HTE470V,みすたそ,BW38LDPRF,蓮浦の星空,1473,18,2418,1309400,10,10,10,10,10,10,10,10,80
1SZC1F0XN,バルト,GKR9TEBYC,毎日がホリデイ♪,1466,6,2419,1309200,10,10,10,10,10,10,10,10,80
K21DQHM4Z,る！,V6DV6KETG,梢好き好きクラブ,983,4,2420,1309000,10,8,8,10,4,8,6,10,64
Z9B32KUV6,キャンパス,3FF3NB77X,せーはす愛好会,1561,19,2421,1308800,10,10,10,10,10,10,10,10,80
K9G2HPEM9,para,2VJG66JTH,まったり,1329,0,2422,1308600,9,8,7,10,5,10,10,10,69
ALGTFUJ2U,あんずだ,6KUYCDLGR,かよちんは宇宙,1333,3,2423,1308400,10,10,10,10,10,10,10,10,80
JBG94K5GK,ショザイ,JTX1G19BP,さやかほ癒し会,1277,18,2424,1308200,10,8,8,9,7,9,9,10,70
RH7I5E6IL,ジャスパー,V26546K3D,乙宗気合筋肉,1525,13,2424,1308200,10,10,10,10,10,10,10,10,80
DFZ2UBN71,瑞河の山賊,Y2R7E79U3,カワウソ同好会,1340,8,2426,1308000,10,10,10,10,10,10,10,10,80
C2YJKTP3L,りょう,HBCC35887,そりゃー!!!,1139,14,2427,1307800,7,9,9,9,7,8,10,8,67
06GBNP9CN,かな,73VTANA71,隨緣努力^▽^,430,0,2428,1307600,10,10,10,8,10,10,10,10,78
THLNH2PQX,たくやん,M8FM7P139,蓮ノ空ひとり旅部,1212,0,2429,1307400,8,7,7,10,8,9,8,9,66
VBMP7BYRW,蘭柚梓,919XF8V2V,蓮之空大三腳,1199,4,2430,1307200,8,6,4,6,9,5,1,9,48
LYLCI69VJ,さいは,85D411XNB,蓮っ子の集い,1438,17,2431,1307000,10,10,10,9,10,10,10,10,79
MNHCU6C6Y,まぇだ,K25DPPGT9,圧倒的にまったり,1162,12,2432,1306800,6,6,10,7,7,8,7,7,58
O3DN8GJGI,シャンハイ,VU0UYYA8K,蓮ノ空日野下厩舎,1052,11,2433,1306600,7,7,6,8,6,10,7,8,59
9K5WNRTG3,かがり火,HBK6KCRPP,無言でおけ,1483,15,2434,1306400,10,10,10,10,10,10,10,10,80
5DU5DF307,ロレンス,AVX749PPB,姫芽ちゃん親衛隊,817,9,2435,1306000,9,6,6,9,4,7,5,4,50
NT4O2HSPX,そうさん,LYPVAETHY,金沢の泥,1425,4,2436,1305800,10,10,10,10,10,10,10,10,80
ELYSMSSX8,いろは,KBJ2P8T0Y,人見知りの集い,1332,4,2437,1305400,9,8,9,10,8,10,9,10,73
JVQ5F4INS,KKK,1DU9LCND7,蓮ノ空すこやか部,1387,18,2438,1305200,10,10,10,10,10,10,10,10,80
CMDND21FV,まぜっぱ,0UT59MJ8U,かほすこ同好会,1398,7,2439,1305000,10,10,10,10,10,10,10,10,80
TVUZOOQZ0,t_f_r_c,5KK3DFY18,MUGEN∞,1326,3,2440,1304800,10,10,10,10,10,10,10,10,80
T8G9751YG,あやた,RXXUPMWB9,待機室跡地観測所,1299,8,2441,1304600,9,8,8,9,9,8,10,10,71
1BV67G3IK,ぐっさん,TM19BMU7C,ソロプレイヤーズ,985,4,2442,1304400,10,10,10,10,10,10,10,10,80
EP8F2M7J8,ば,GN1798YEX,ド!ド!同好会,1043,8,2442,1304400,10,9,10,10,8,10,10,10,77
2ZPAZ3DC1,Sese,YCNE1W7PD,1人用ダンボール,1420,9,2444,1304200,10,8,8,10,7,10,10,10,73
M2R0R9NV5,向井新,RXXUPMWB9,待機室跡地観測所,1407,18,2445,1304000,10,10,10,10,10,10,10,10,80
MMJV2M2PC,ゼタ,PN4VA24XF,みーかるぱーく！,704,1,2446,1303600,2,5,4,2,3,2,3,1,22
9MJEPAHBM,たけ,MUXWTW1GV,蓮の空見守り隊,1047,4,2447,1303400,8,9,8,10,8,9,8,10,70
012BNWGD4,rice,L28X4MDJN,アフター観たいぞ,435,2,2448,1303200,6,2,7,7,4,8,8,9,51
RUTCEFX6L,ゆう,JDAG79TG7,百合ノ空観察部,1443,19,2449,1303000,10,10,10,10,10,10,10,10,80
NCHJV4NEB,きん,6BFC4G5YG,蓮ノ空足湯同好会,1482,13,2450,1302800,10,10,10,10,10,10,10,10,80
F6CMMX4TW,ふも,K25DPPGT9,圧倒的にまったり,1191,12,2451,1302600,10,10,10,10,10,10,10,10,80
K6DZTG2X7,はー,JDAG79TG7,百合ノ空観察部,1317,13,2451,1302600,6,7,7,9,6,9,8,10,62
3W6E9AL3T,さすぽむ,KULVP7FDR,アニマル分室,437,0,2453,1302400,10,10,10,10,10,10,10,10,80
MDD8KV54P,ββ,L28X4MDJN,アフター観たいぞ,1150,1,2454,1302200,8,6,6,9,7,8,8,9,61
8CAL4FIWC,toshiki,VXF8P7NDC,どんぐり。,1462,15,2455,1302000,10,10,10,10,8,10,10,8,76
GBWYVNWF1,ゆうし,07JW71HWG,良いチケで観よう,1424,11,2456,1301800,10,10,10,10,10,10,10,10,80
8KCT0A23W,バル,8R49BTWW6,蓮女お嬢様クラブ,1167,13,2457,1301600,9,9,9,9,10,9,8,10,73
G82CRBLVD,ひめぎん至上主義,CCACL2CMM,無限城,1219,18,2458,1301400,10,10,10,10,10,10,10,10,80
CNMIWIHQT,ぺぺ,JVUNVCT8P,梢先輩のASMR,1167,3,2459,1301200,7,7,5,8,5,8,7,9,56
ID8YOIXB9,オラL,FE282F3VH,天悶部,1219,1,2460,1301000,10,8,9,9,8,9,9,10,72
Y0VPKFMVH,相良茉優,J800VVPTN,Aqours,1222,9,2461,1300800,9,7,5,9,7,9,8,9,63
LY7G7TLSG,tank,WCL6R1ANU,無所属の会,737,2,2462,1300600,3,3,10,6,3,10,8,7,50
W4AN4N0W0,生しらす,X7C21B7H7,泥,438,0,2462,1300600,6,6,6,7,4,7,7,7,50
LYDM04GML,Rokka,DF7FA982P,蓮ノ空百合部,586,4,2464,1300400,10,10,10,10,10,10,10,10,80
EUXS4EB7G,sora,9FF5JBNDF,めぐすきクラブ,1123,15,2465,1300200,7,7,7,10,7,10,9,9,66
H72A59R4Z,????????,N34LHVJKN,のんびり堂,1033,0,2466,1300000,5,5,7,8,5,8,6,8,52
7CCT3RP0T,がお,N1DJVPGP8,いつでも咲けるよ,1432,14,2467,1299800,10,10,10,10,8,10,9,10,77
JH3EAKFDR,わらし,P2J37FNLG,乙宗先生指導会,1204,4,2468,1299600,8,6,7,8,5,7,6,9,56
3UPVA4G92,オト,NB0HX9KP8,かほてぃあん,1154,16,2469,1299200,7,9,8,9,6,9,10,10,68
YAGTT9WDD,夕立@めぐ党,6045Y2RW7,ポチっと！蓮ノ空,1142,18,2470,1299000,10,10,7,10,5,10,10,10,72
E4R5CUM51,give up,HWJ8XPW0T,箱推しなのだけど,549,0,2471,1298800,8,7,7,9,4,7,8,9,59
RWCQ6YE13,おかじゅん,2NY9H8BR9,乙宗紅茶館,1464,4,2471,1298800,10,10,10,10,10,10,10,10,80
PGGWYA7GP,カラン,07JW71HWG,良いチケで観よう,1262,15,2473,1298600,9,10,10,10,9,10,9,10,77
QX387MI7P,じろさく,VP0K6KF0K,蓮ノ空大好き!!,1373,5,2474,1298400,10,10,10,10,10,10,10,10,80
TIAI12XT9,カイメイン,PPAHU1TNY,蓮ノ空のんびり部,1387,5,2475,1298000,10,8,7,10,10,8,9,10,72
ZQSNNQLAG,ぴぃ,2NY9H8BR9,乙宗紅茶館,1528,3,2476,1297800,9,7,9,10,8,10,8,10,71
RJBYA1D2D,ran,AR9HR528A,いろいろ実況,1114,15,2477,1297600,7,5,7,9,5,10,8,9,60
O9OFVS3NN,piro,7P4CAER9X,まったり倶楽部！,1513,5,2478,1297400,10,10,10,10,10,10,10,10,80
AH3M6YMJK,HANN,H0DV3JJGA,かほさやてぇてぇ,692,2,2479,1297200,2,3,7,4,4,4,8,6,38
3MU2UPJ8P,おいしい水,Y2HV0YEF7,蓮ノ空を応援し隊,1418,7,2480,1297000,8,7,9,7,6,10,9,9,65
MQ74LJ95I,蜥蜴,DALU6BL7L,東方星蓮船,1401,19,2481,1296800,10,10,5,9,10,10,10,10,74
TR6SNK5YE,kame,GKR9TEBYC,毎日がホリデイ♪,1405,6,2481,1296800,9,7,6,8,7,8,9,10,64
J4HNT0HPG,しゅう,GW4CH70HK,TKG同好会,1170,12,2483,1296600,6,9,9,10,6,10,9,10,69
13R6KAVG7,なー。,HWJ8XPW0T,箱推しなのだけど,1091,8,2484,1296400,10,10,10,10,10,10,10,10,80
6G88GKY77,ひろくん,X34LWGL6R,サークル2,1327,19,2485,1296200,10,10,10,10,10,10,10,10,80
Z83W7T8B3,Sion,1GJRB2L30,地元愛蓮沼団,1407,4,2486,1296000,10,8,9,10,7,10,9,10,73
CFCDNBL5J,김준수,HB9AU9DJJ,聖心党,882,5,2487,1295800,9,7,8,9,6,10,9,10,68
PWTJD3CC2,ヒイラギ,6WJW7R1TD,さやこずノ休日,795,1,2488,1295600,7,5,8,5,5,10,8,7,55
JT6TP9A6Y,ナミ,3FF3NB77X,せーはす愛好会,994,2,2489,1295400,10,10,10,10,10,10,10,10,80
JK8Y8X25P,suzme,GWGDMA3YC,初心者無言自由だ,560,2,2490,1295200,10,10,10,10,10,10,10,10,80
FSEH1ZGCC,ケイ,3FF3NB77X,せーはす愛好会,1175,7,2491,1295000,8,8,8,10,6,9,8,8,65
2PMW238FR,やまだ,R1RM3X0WV,後方腕組みオタク,1152,2,2491,1295000,10,10,10,10,10,10,10,10,80
8AEDSFMK9,Ratchet,V6DV6KETG,梢好き好きクラブ,1553,18,2493,1294800,10,10,10,10,7,10,9,10,76
VE8W5MFCZ,すぬ〜か,7D5W8V5UD,v..v,1203,0,2494,1294600,3,2,4,9,8,10,9,10,55
52KQKW48S,nikki,787M83PDC,FU€TORY,1387,18,2495,1294400,10,10,10,10,8,10,10,10,78
T1LNX4A3H,こうhaya,JDAG79TG7,百合ノ空観察部,970,7,2496,1294200,7,8,8,10,7,9,7,10,66
C6F5965CD,バトルフェイス,AVY8PECF0,初心者の集い,1366,18,2497,1294000,10,10,10,10,10,10,10,10,80
C23COYMFE,えりりぃ,HWJ8XPW0T,箱推しなのだけど,1163,0,2498,1293600,8,8,5,9,6,9,7,8,60
B20V71P72,Kano,AWFDLJ1HC,小蓮花（重生版x,1324,15,2499,1293400,10,9,7,8,7,9,9,10,69
SCV1R2T85,わふ,CTW8DKV5P,まったり,1528,15,2500,1293200,10,10,10,10,10,10,10,10,80
EPDD5K9E3,sein,424NLTEE8,無言な異次元部屋,914,0,2501,1293000,7,7,8,10,8,9,10,10,69
KYAHQ53H8,はっすー,GVT61ATX0,なのだけれど,1430,18,2501,1293000,10,10,10,10,10,10,10,10,80
RR4L71LVA,縹（はなだ）,Y2HV0YEF7,蓮ノ空を応援し隊,1231,18,2503,1292800,8,8,6,9,7,8,10,10,66
MC3RVCA0L,Kazuz,AAHB7C276,HaCordVN,699,1,2504,1292600,8,6,10,9,6,7,4,9,59
XYXX91YLL,機匁,ABALH0AL3,楽園計画,1170,0,2505,1292400,8,7,7,9,7,9,8,10,65
R256TF89S,南ひとり,FG5VFFNRK,蓮ノ空おじさん,1307,15,2506,1292000,8,7,8,10,7,8,10,9,67
N3H7RX2A8,銅鑼凡,N83DW3NYG,†極最強倶楽部†,1196,3,2507,1291800,9,8,10,9,9,10,7,10,72
U0B63PU5M,ゆゆ,7R8NKPAB1,花帆推し倶楽部,1063,5,2508,1291600,8,8,7,10,7,9,4,7,60
L7ZAVOJ1R,葉月,2DYYAPFVN,蓮っ子村,1341,12,2509,1291400,8,8,8,10,8,10,9,10,71
E33QXLJTK,さとま,CM5THHYHB,「」ノ空だけれど,1344,6,2510,1291200,6,6,10,8,7,8,8,9,62
5JHRXB1GK,あおこる,07JW71HWG,良いチケで観よう,419,1,2511,1291000,10,10,10,10,10,10,10,10,80
UYB36NK20,冷麺,ULGVU4B0G,約束のBAR7,1258,18,2512,1290800,10,10,10,10,10,10,10,10,80
6DKF15F81,UH,HB9AU9DJJ,聖心党,1251,17,2513,1290600,10,10,10,10,10,10,10,10,80
XDNMCG7D2,びーえふ,J8HXTJ8TB,流し素麺同好会,957,2,2514,1290400,9,9,9,10,7,9,8,9,70
2T11VTVES,terarati,4WWM4VVDK,蓮ノ空遊戯開発部,1700,15,2515,1290200,10,10,10,10,10,10,10,10,80
JQTSCWXK4,ふっきー,8YDE8BXJT,ずんだシェイク！,1336,6,2516,1290000,7,9,10,10,8,8,8,9,69
DE2A6WPLB,梅コンブ,YLJ2PP4X4,全日本謝罪同好会,1449,18,2517,1289800,10,10,10,10,10,10,10,10,80
VJI2EEBJB,SRパンダ猫,B1KYU3XF8,LG lotus,1359,15,2518,1289600,7,9,8,9,7,8,10,10,68
B0DWA8L7J,BABA,B2KV0EVPD,蓮ちゅきクラブ,849,2,2519,1289400,9,8,8,10,9,10,8,10,72
FVL8TMV0U,むなくぅ,9YM3DBTB7,泥民館,1328,16,2520,1289200,9,10,10,10,10,10,10,10,79
MMUCT4ZK8,うぐいす,8JMW9G2XW,僕らのリンクラ！,1445,3,2520,1289200,10,10,10,10,10,10,10,10,80
F43X37134,いさっち,YXKR0GGM4,蓮ノ空好き好き,1308,12,2522,1289000,9,7,7,10,7,7,7,9,63
HKG5L920F,okaP☆MGC,2ULM366U6,毎日がエブリデイ,1182,18,2523,1288600,7,10,7,9,7,8,10,10,68
U5LL8KJFM,ももぶん。,DKPMRA0TA,蓮ノ空奉仕部,994,0,2524,1288400,8,7,7,9,7,8,6,8,60
LCDDXVRH3,BS,7R8NKPAB1,花帆推し倶楽部,1172,12,2525,1288200,8,10,9,10,8,10,10,10,75
R5Y1F9WW9,なー,X33HHA9F8,アルストロメリア,1272,10,2526,1288000,10,10,10,10,10,10,10,10,80
3LKER1ETS,rimel,N752V1LD6,思想の溜まり場,1305,4,2527,1287800,8,9,8,7,7,10,7,9,65
JZIF9MIDA,カイ,4XRHRYDW4,無言でエンジョイ,1445,17,2528,1287600,10,10,10,10,9,10,10,10,79
D2T3YFID3,エルダずえ,2UKNVBMBU,梢ちゃん同好会,1540,17,2529,1287400,10,10,10,10,10,10,10,10,80
WXT3WWK6E,はくあ,KULVP7FDR,アニマル分室,1223,3,2529,1287400,8,8,8,10,5,9,5,8,61
E4MGTFKW1,かの,K8C99H42D,ルリと喜ド！愛楽,1286,5,2531,1287200,10,10,10,10,10,10,10,10,80
9A42A8Y5G,ささみ,J3863HD1G,パラデス教,684,2,2532,1286800,6,6,4,4,5,7,6,5,43
APMG3DXT6,ksks,AWFDLJ1HC,小蓮花（重生版x,1093,2,2533,1286600,6,6,7,7,6,8,6,9,55
YLE2KLLRU,夜貓社,BELCUYCMH,蓮hkg香港分部,1271,0,2534,1286400,9,9,5,10,9,9,9,10,70
F1WBX57IA,don_buri,N94LEWF2D,無言よわよわの会,1209,6,2535,1286200,7,6,7,10,7,8,9,9,63
FCT1Z3KS0,クード,D7H8MN2U4,LLD,1501,18,2536,1286000,10,10,10,10,10,10,10,10,80
0AR9W7U99,これはご飯,E7UBFLW56,同好会の同好会,876,4,2537,1285800,10,10,10,10,10,10,10,10,80
B9DWARWMT,あ,AKF49TD3T,なんか,1108,8,2538,1285600,8,8,7,9,7,9,8,9,65
T5092U9MV,KEYSS,GGK2P93JK,きゃらめる,657,3,2538,1285600,10,10,10,10,10,10,10,10,80
5THJYPBDP,ルッコラ,NDGW77R2V,こず花帆尊い,1167,14,2540,1285400,10,8,8,10,9,10,10,10,75
AKW9KT8K2,しゅー,FMKP92LRL,目が霞む人達,983,2,2541,1285200,8,7,8,10,7,10,7,10,67
WFEHMHLAC,藤なんちゃら,D7H8MN2U4,LLD,1206,4,2542,1284800,10,10,10,10,9,10,10,10,79
L45HHB1PZ,いっそん,3MW8HDRTF,秘密結社CKC,1221,11,2543,1284600,7,2,9,9,5,10,6,9,57
JUXSX3AKW,フィア,W3F0URUJC,梢先輩応援団,1342,15,2544,1284400,10,10,10,10,10,10,10,10,80
NNEXSX7P9,楓,CV62FGL1U,花咲かせ隊,1371,18,2545,1284200,10,10,10,10,10,10,10,10,80
H034DNH9U,柊楓,XTMGPY62U,スクステ初心者,1033,6,2546,1284000,10,10,10,10,10,10,10,10,80
0DYHD91BE,明日賽,G0WRCNRWK,県立沢庵図書館,1543,11,2547,1283800,10,10,10,10,10,10,10,10,80
DPX74MYW3,KPP先輩,6WJW7R1TD,さやこずノ休日,1018,4,2548,1283600,8,7,8,10,6,8,8,9,64
2VW44LGGL,カラメルプリン,FNMV166UY,蓮ノ空喫茶部,1373,10,2548,1283600,8,7,10,8,6,7,10,10,66
NJL45BH0O,くらり,MUXWTW1GV,蓮の空見守り隊,1362,16,2550,1283400,9,7,9,10,9,10,9,10,73
POECWKUBK,みーわ,8CEWMFEHX,ねるねるねるね,1265,3,2551,1283200,8,8,7,9,7,9,8,9,65
LIQI49M3E,ごんじん,B2KV0EVPD,蓮ちゅきクラブ,1349,14,2552,1283000,10,10,10,9,9,10,8,10,76
WEHRAUT5W,詩音,WCL6R1ANU,無所属の会,1400,18,2553,1282800,10,10,10,10,10,10,10,10,80
M2JX913XC,しらす,3LPBPHL3V,壁の民の伝説,1189,4,2554,1282600,7,6,5,7,7,7,5,7,51
JNCTVTPG9,レイン,BKUHCT7WF,蓮女お嬢様部,1185,16,2555,1282400,6,10,6,10,9,10,8,10,69
X2E96DCWJ,あき,G0J2F9NAL,さやさやさーくる,1433,18,2556,1282200,10,10,10,10,10,10,10,10,80
KY0VFYWYB,ダージリン,FVJABCVP3,瑞蓮ラボ,1215,15,2557,1282000,10,10,10,10,10,10,10,10,80
HU31WK3D9,5884,LUDNM40F8,ふくふく無言OK,1351,18,2558,1281800,8,10,9,10,9,10,9,10,75
NBJKM2TFJ,みんと,PPAHU1TNY,蓮ノ空のんびり部,1153,3,2558,1281800,5,7,6,6,5,5,7,6,47
MXWBM6CW0,ガルー,F2M746D4B,頑張らないクラブ,1336,6,2560,1281600,10,10,10,10,10,10,10,10,80
N9BBGDMV8,ポリスター,YFADYJVW4,FPS好きクラブ,1278,8,2561,1281400,10,10,10,10,10,10,10,10,80
GAD6V36Y6,かるち,VXF8P7NDC,どんぐり。,893,4,2562,1281200,10,10,10,10,7,10,10,10,77
AXKP20H0X,Kちん。,B4ADNM80X,山本組,1181,16,2563,1281000,5,5,7,8,10,7,7,10,59
0XS5ZHTMK,iKona,573J1JVVK,かほかほ,1142,10,2564,1280800,6,7,1,7,7,7,10,8,53
XIR8A6UYH,しゅういち,EEP20F2M8,綴理の綴り,1494,15,2565,1280600,10,10,10,10,5,10,10,10,75
744UAYYDJ,天使！！！！！！,TDVTNN329,なに,1277,14,2566,1280400,6,6,8,8,8,8,8,10,62
H5EH2INFD,ゆうづる,85D411XNB,蓮っ子の集い,1392,14,2567,1280200,10,10,10,10,10,10,10,10,80
7GNJ185AY,wawawa,CXG25026E,泥のみんなS,1209,16,2568,1280000,10,10,10,10,10,10,10,10,80
4H3JZAXY7,ハクイ,3HDDYR4FU,旅人,1202,4,2569,1279800,9,7,9,6,8,9,10,10,68
6U6Y02F3F,ハープスター,CRYB2FJ64,つくよみくらぶ,897,4,2569,1279800,8,6,7,10,6,8,6,8,59
RF8EWDHPH,みなと,N1DJVPGP8,いつでも咲けるよ,1007,10,2571,1279400,7,7,7,9,7,9,8,9,63
WSJNFXWNU,pon,TXNCTRR1U,瑠璃乃推し隊,1309,3,2572,1279200,10,10,10,10,10,10,10,10,80
41R2AG7HK,テリヤキ,DKNHY5HH6,なす料理研究会,1116,12,2573,1279000,8,7,7,8,6,8,8,9,61
KMYG7T3FT,ぷらる,535L2H3JU,Lotus329,1191,0,2574,1278800,8,7,6,9,9,8,8,10,65
JDNTGXUEK,カエルの足,RF5215M2U,スクステ同好会②,1679,18,2575,1278600,4,8,8,10,10,9,10,10,69
Z0M1QY50D,ぺろすけ,0VP15L48C,ハスラー,1429,5,2576,1278400,10,10,10,10,10,10,10,10,80
ZQH88L3D3,いわぽん.T,XEENRBXCG,蓮ノ空休日クラブ,1496,13,2577,1278200,10,8,10,10,8,10,10,10,76
T8FWD5RRL,あおい,4XRHRYDW4,無言でエンジョイ,1436,8,2578,1278000,9,10,10,10,8,10,10,10,77
WFOIN0J2Q,ノラ坊,KBJ2P8T0Y,人見知りの集い,1263,18,2578,1278000,10,9,10,10,7,9,9,10,74
C3H8JWVF3,みつ,RA1676TKK,蓮の空好き好き部,777,6,2580,1277800,5,6,6,7,2,5,6,8,45
L5105PWH3,たぃ,GK7JNB0NW,参加賞取り隊,973,4,2581,1277600,3,3,10,8,7,5,7,8,51
7ELOYMVYM,KUOTA,YD2XWWFA4,蓮好き好きクラブ,1337,6,2582,1277400,10,10,10,10,10,10,10,10,80
NI4WARYQR,牛タン治郎,FNHT9JFY4,リンクラ楽しむ隊,1247,1,2583,1277000,8,7,7,9,7,10,8,9,65
BADHL3YFV,マーシー,KXB93FVTR,ブルームガーデン,1377,15,2584,1276800,10,10,10,10,10,10,10,10,80
UVGPMPJXJ,Fuu,Y2HV0YEF7,蓮ノ空を応援し隊,1323,9,2585,1276600,7,8,8,9,8,9,9,10,68
EBDXVEW0W,HIRO,YADX9DY49,ﾊｽﾉｿﾗｰ,938,2,2586,1276400,10,7,7,10,7,7,8,9,65
BNV0K5GM2,ミ,2NY9H8BR9,乙宗紅茶館,1283,18,2587,1276200,10,10,10,10,10,10,10,10,80
5XDRUYKDY,りんおう,VP0K6KF0K,蓮ノ空大好き!!,1156,15,2588,1276000,10,10,10,10,10,10,10,10,80
GUTVND6JN,らでぃっしゅ,Y5J5Y90CD,まるまるサークル,1124,13,2588,1276000,10,9,9,10,6,8,10,10,72
4NLDA0FYE,aomi,8MLVA67AK,聖ミリオン女学園,1434,18,2590,1275800,10,10,10,10,10,10,10,10,80
H6A6TH1UD,ケミカルウミウシ,D7H8MN2U4,LLD,1560,13,2591,1275600,10,4,10,8,7,9,6,10,64
X042RNRTU,マツD,YCY3A9106,つづ党募集中！,890,3,2592,1275400,6,8,5,10,7,8,7,5,56
93VF9IBF8,チル,PH0YEPJD8,蓮ノ空北國金沢,1152,16,2593,1275200,7,8,6,4,6,9,9,10,59
MMN356GR5,azzz,PUJ0ERCMW,蓮ノ空倶楽部,588,0,2594,1275000,9,8,7,10,9,10,10,10,73
U3VJ1Y612,ゼオン,9U8KNU6U9,対抗戦用,616,2,2595,1274800,10,8,9,10,6,10,9,10,72
83FJ498LO,くれよん,TKVR3KU7L,ネギトロTKG,1190,7,2596,1274600,2,2,3,3,4,8,7,10,39
HOF4O4KP7,sin,JE7V5MM31,蓮ノ沼に沈んだ泥,1525,18,2597,1274400,10,10,10,10,10,10,10,10,80
XI6I79HEL,サクナメモワール,8EP8BFEV7,蓮ノ空女子野球部,1144,7,2598,1274200,10,8,9,10,8,10,9,10,74
7TU8DLKHN,蓮音天,CTW8DKV5P,まったり,1151,3,2598,1274200,10,10,10,10,9,10,10,9,78
XUPBY395A,キンクマぐちお,NMFBD39FM,蓮ノ空分室,1167,16,2600,1274000,2,2,4,9,1,1,8,8,35
R5EXT9WC6,したむ,9YM3DBTB7,泥民館,1088,2,2601,1273800,9,9,9,10,7,10,9,10,73
T3NCHMRHP,TG,R083H7WRN,サークル無言,999,12,2602,1273600,2,3,2,7,5,7,7,9,42
K3RG6R2D9,いろりぃ,VNEY6C9BE,スリーマーメイド,1048,12,2603,1273400,7,6,9,9,7,9,8,10,65
72CGZ6K45,あんばぁ,G0WRCNRWK,県立沢庵図書館,1285,16,2604,1273200,6,6,9,10,7,10,7,10,65
SD2IMP567,めあ,M8FM7P139,蓮ノ空ひとり旅部,1229,8,2605,1272800,10,10,10,10,10,10,10,10,80
IJSXKVPN7,くましら,HBK6KCRPP,無言でおけ,1307,0,2606,1272600,8,8,9,9,7,9,7,10,67
FJU43A44H,mtk,2K5AM4RV0,とろぺりです,783,1,2607,1272200,10,10,10,10,10,10,10,10,80
BTDB391MM,たし,38NW3BE99,solitude,669,2,2607,1272200,4,8,4,6,9,4,5,9,49
NWU61EJBY,りょりょ,XE8513HNP,喫茶カワウ空✨,1350,9,2609,1272000,8,9,9,9,7,10,9,10,71
KFM9032KG,テンテコ米,TF8AMTXNH,ﾃﾝ,489,0,2610,1271800,7,8,9,10,9,8,6,10,67
797LHH22Y,あこ７３,KGDNX3EF3,ENcircle,1031,12,2611,1271600,9,7,8,9,9,8,9,10,69
C2NMDFKG4,金木犀,919XF8V2V,蓮之空大三腳,1127,12,2612,1271400,4,10,6,9,6,10,9,9,63
MHUA0464C,イボンコ,NMT63RUDV,泥村,1105,2,2613,1271200,9,8,6,10,7,9,9,10,68
DRGR53P7W,陽,4RY75CKM4,LLすこ部　メ募,650,2,2614,1270800,10,8,7,10,3,10,7,10,65
FPF0WNKJ1,KubiAwei,D7UA5ER1E,UR報酬欲しい！,1031,8,2615,1270400,8,7,8,10,8,9,8,10,68
B8G6H9HEV,あんてり,GN1798YEX,ド!ド!同好会,1461,18,2615,1270400,10,10,10,10,10,10,10,10,80
3JNTE3Y2C,みみかユイ,1KDUBW4HB,めぐ党0番,688,5,2617,1270200,7,10,10,9,4,8,4,5,57
KUBMB2477,きゃむ,NJBBTCY3A,かにかに！,1047,2,2618,1270000,7,7,8,9,7,6,6,10,60
WQBR6SILT,冴霧,Y7KJ3PM8P,蓮すきすき同好会,1184,5,2619,1269800,4,2,9,10,1,7,10,8,51
E9LVB2F95,せみすぺ,KULVP7FDR,アニマル分室,1230,13,2620,1269600,10,8,9,8,8,8,10,10,71
6XLXYEW06,タンクトップ井上,R1RM3X0WV,後方腕組みオタク,896,0,2621,1269400,7,6,4,9,5,8,5,7,51
Q1Z2JNSO2,sit,2K5AM4RV0,とろぺりです,1268,4,2622,1269000,5,8,7,9,5,9,8,9,60
5RZHTH6OU,ともも,T045NDKW0,♬さやか愛好会♬,1363,17,2623,1268800,10,8,8,10,7,10,10,10,73
2V1Y2WG9L,ちびすけ,2ULM366U6,毎日がエブリデイ,1325,6,2624,1268600,10,9,10,10,9,10,10,10,78
DES39P1DL,三俣のオタク,FK5MUK0ET,くる♡すきクラブ,1635,14,2625,1268400,8,6,6,9,7,7,5,7,55
4VE4C8MJC,704GX,BYA3FA0X8,無言ぼっち同好会,1398,16,2626,1268200,10,10,10,10,10,10,10,10,80
6YOU657UG,宝生永夢,5KK3DFY18,MUGEN∞,1366,3,2627,1268000,9,10,10,10,10,10,10,10,79
CPMDT3WK5,久太郎,NJBBTCY3A,かにかに！,1234,15,2628,1267800,7,7,8,10,8,10,7,9,66
C70R7ET2U,SHIOSABA,FDWY9N1P7,"ゲCo.,Ltd",1136,18,2629,1267600,10,10,10,10,10,10,10,10,80
55PDN6J65,LS,RKT7BC4F6,人形浄瑠璃乃,1081,4,2630,1267400,7,7,7,10,7,10,7,7,62
ZQ3HP3POH,彡紺,GN1798YEX,ド!ド!同好会,1464,7,2631,1267200,10,10,10,10,10,10,10,10,80
MMQ9SKZMR,"赤福oNM,",73CBYJYB0,"oNM,",1545,15,2632,1267000,8,8,8,10,8,9,9,10,70
TJ9X21TX1,たっくん,H6CCL64P9,NATTO,786,1,2633,1266800,10,9,10,10,10,10,10,10,79
GQT54AYSP,Tenshi,YFADYJVW4,FPS好きクラブ,1588,7,2634,1266600,10,10,10,10,10,10,10,10,80
J2G5F9NAF,Sammy,3HDDYR4FU,旅人,1085,3,2635,1266400,9,10,10,10,7,10,10,9,75
KB810Q4Y4,ひ,6H800PBV7,新鮮館,1254,2,2636,1266200,10,8,8,10,8,10,8,10,72
SEJSZ3X86,アルパカ牧場,WLLWJ8ADP,乙宗筋肉サークル,1314,9,2637,1266000,9,7,10,10,7,10,9,10,72
RHC6172WL,ぽちーず,6D49YVAT7,ユニット愛で隊,1425,16,2638,1265800,10,7,7,9,8,8,9,10,68
HD8JHV0UJ,木琴,MVMP6NNXD,空き時間らくがき,1175,12,2639,1265600,7,8,6,9,7,8,8,10,63
0N58Y5LMM,サクラギ,NGFXVPCGX,うさぎのしっぽ,1050,2,2640,1265400,8,6,7,10,5,7,7,9,59
J99M467R9,広高,KW0RM1LEP,はすっこくらぶ,884,0,2641,1265200,8,6,7,9,4,8,9,8,59
QYHPVIYV9,ロクレン,T2XRMGEAE,蓮根無言会,1097,3,2642,1265000,9,8,9,9,7,10,8,9,69
LBX336NBX,バート,Y2P9LABR2,スクステ同好会③,1468,4,2643,1264800,10,10,10,10,10,10,10,10,80
WK8LTUUTG,にしきごい,AW470U964,ボッチ会,1017,11,2644,1264600,6,7,9,8,4,5,7,8,54
WU13PV8T5,ぬのきり,DW13FCXPT,Mulbungs,1255,2,2644,1264600,6,6,5,7,6,9,10,10,59
7GDDHSKDH,憧れのやくも,2L4HJXUUR,アマ研ガルパン班,1228,16,2646,1264400,7,8,5,8,7,10,10,10,65
DQ63TGY5V,たまい,51CF1LTGY,ラ研連合,1198,17,2647,1264200,8,6,6,10,7,9,6,9,61
07P1LXJBV,ざくろ,C6V311T2P,LotuSky,1286,17,2648,1264000,10,10,9,10,8,10,9,9,75
WTPAQ8J2R,オスカー,R181MKNX1,みらくらは人生！,1379,17,2649,1263800,10,10,10,10,10,10,10,10,80
U6JKE289U,ユーリ,JA2C658FW,さや綴理の村人,1239,3,2650,1263600,8,7,7,10,7,9,8,9,65
7MNTLTUH9,湾上黒百合,N83DW3NYG,†極最強倶楽部†,1076,8,2651,1263400,5,7,4,8,6,9,10,10,59
4C5FL7PCN,二ャトリィヌ,TDHKGHFPA,無言参加○！,1357,17,2652,1263200,10,9,10,10,8,10,9,10,76
MSCXU1CA6,ひとはし,ABALH0AL3,楽園計画,1410,18,2653,1263000,9,8,10,10,8,10,8,10,73
13E9H27AA,ちー牛ゎーさー,4KRBU0KFF,ノーチャン会,1196,10,2654,1262800,10,10,10,10,10,10,10,10,80
XWXG6A8P8,にわぺくん,BH9YH1YL5,ラブライバーの森,1012,4,2654,1262800,8,6,6,10,5,5,5,9,54
C4VKFC88T,アース,H837E0M9R,沙知先輩大好き部,1262,10,2656,1262600,10,10,10,10,10,10,10,10,80
G5DXHDJY1,ノダラ,F53AELUNC,ソロっと倶楽部,956,9,2657,1262200,8,6,7,6,7,8,9,10,61
O8R6M8UP4,たけうま,ABU58EVJ2,Quatuor,1422,13,2658,1262000,9,10,10,10,9,9,9,9,75
YXZEJMR8S,タイムタイラント,VP0K6KF0K,蓮ノ空大好き!!,1304,18,2659,1261800,8,6,10,9,7,8,9,10,67
2FM79ACN8,弟子,R9T0YKDW8,かちまち応援隊,1134,18,2660,1261600,10,10,10,10,10,10,10,10,80
PJCL8P5TR,弦,WAT20PN3Y,こな党,1511,15,2661,1261400,10,10,10,10,10,10,10,10,80
FH6NAKK5K,Kばやし,A73H7ENN2,エロマンガ同好会,797,0,2662,1261200,9,9,10,10,9,9,8,9,73
U3SAQRXXV,かぐつち,FG5VFFNRK,蓮ノ空おじさん,1328,4,2663,1261000,7,10,9,10,7,10,10,10,73
WMPYXL9D1,Jenniはる,7XH3K4GBT,LLP,1440,13,2664,1260800,10,10,10,10,10,10,10,10,80
Q67XTYECL,ソウゴ,X33HHA9F8,アルストロメリア,1127,16,2664,1260800,9,10,7,10,6,10,8,6,66
TVVGRTFM4,ファム,KXU941RFJ,梢先輩おめでとう,1403,18,2666,1260600,10,10,10,10,10,10,10,10,80
FB2UK012N,3rdeye,CTW8DKV5P,まったり,1407,11,2667,1260400,8,8,10,10,6,6,6,8,62
PLNHMXFW8,ミクロンごく,C9DAJ6YFV,のんびり,1325,18,2668,1260200,10,10,10,10,10,10,10,10,80
O6NX8JP2P,杉谦,Y2HV0YEF7,蓮ノ空を応援し隊,1423,7,2669,1259800,10,10,10,10,10,10,10,10,80
U4Q9QD42M,シマリス,HBUK6F7CC,乙宗梢なりきり部,1446,18,2670,1259600,10,10,10,10,10,10,10,10,80
J8JLK282P,うふふ,GKR9TEBYC,毎日がホリデイ♪,1332,6,2671,1259400,8,7,7,9,7,9,7,10,64
NH72E01FH,ぱなそに2,JC30FUPH3,LLあおだか2,976,3,2672,1259200,9,8,8,10,10,7,9,10,71
8LE4JJI1J,せいちゃん,7U20138DB,LGP,1440,18,2673,1259000,10,9,10,8,8,10,10,10,75
9DBK5J4FH,ロッキー,F8MLHU2NV,乙宗梢様､､､,1214,3,2673,1259000,8,7,5,7,8,8,9,9,61
W5C9A963M,なっすちゃん推し,1DU9LCND7,蓮ノ空すこやか部,1196,15,2675,1258800,8,7,7,10,4,9,9,9,63
94KELJTQ6,窓,HBK6KCRPP,無言でおけ,1364,15,2676,1258600,10,9,10,10,10,10,10,10,79
LB1UV35HF,こ,N0EXH1CM1,ぱちぱち徒町,1199,10,2677,1258400,10,10,10,10,10,10,10,10,80
3ETKWPKTC,KAHO,JKAYY0KXL,自由！開心！,1200,18,2678,1258200,10,8,8,8,10,10,10,10,74
JDMB0UDYU,PSI,9C0KWR782,まったリンクラ,1171,5,2679,1258000,7,7,6,9,7,7,7,8,58
HWWN7ND5L,宮原修一,CXG25026E,泥のみんなS,1471,12,2680,1257800,10,10,10,10,10,10,10,10,80
P2MJB28G7,Can,APD9U5CFA,立ノ空スクステ部,1148,9,2681,1257600,8,6,7,9,5,9,9,10,63
BJR5XEUHO,りちょぴぃ,M6UPWJ6DU,蓮結ぶ虹と星の音,1411,14,2682,1257400,9,8,10,9,6,10,10,9,71
5EGK0BFSO,なおすけ,BW38LDPRF,蓮浦の星空,1435,18,2683,1257200,10,10,10,10,9,10,10,10,79
DK446XXTN,なまこ丼,M8FM7P139,蓮ノ空ひとり旅部,1125,15,2684,1257000,10,6,6,4,2,8,10,10,56
DI8P4HEN1,Chupigel,J80MEYHBC,Nymphaea,1324,18,2684,1257000,9,8,8,10,8,9,10,10,72
VFMN58434,LLO,HKETDDCK6,ぼっちざ蓮!!,1196,18,2686,1256800,10,10,10,10,10,10,10,10,80
41CZGSH71,Akanasu,KFC62L0FV,ねるねる同好会,1280,7,2687,1256600,8,6,7,9,7,9,8,9,63
YL99N1K7L,和田　豊,4RY75CKM4,LLすこ部　メ募,1304,8,2688,1256400,8,8,8,10,7,10,8,9,68
67M7IXJIY,諏訪花雨,NC2YT2V28,蓮之愛同予者何人,812,5,2689,1256200,10,10,6,10,6,8,5,8,63
F1HLNJN9L,ざき,DBHVM0X7P,ガンフィンガー村,1233,7,2690,1256000,10,9,9,10,8,10,7,9,72
1C3XL8M6Q,ソラネ,N1JAJ83CA,蓮ノ空園芸部,1432,2,2691,1255800,10,7,10,7,10,10,10,10,74
T9CFRYFDV,あにき,HWMV33W7Y,フラワー泥民館,1472,16,2692,1255600,9,10,8,10,8,10,10,10,75
FG75ZYKXQ,さやま,RF5215M2U,スクステ同好会②,1067,5,2693,1255400,10,10,10,10,10,10,10,10,80
VW9UDQUR9,た,E11PF3CTW,誰もいない世界,1293,6,2694,1255200,8,6,9,9,4,9,7,8,60
E86WTQF9I,のぞし,7U20138DB,LGP,990,9,2694,1255200,10,10,9,10,9,10,9,10,77
K01STP4PA,はなめまめ,38KAJGDGU,異次元シャニP,1060,13,2696,1255000,7,8,7,8,2,10,4,9,55
5GF0JFU0K,ねね,YAD615PCK,蓮を咲かせる泥達,1205,18,2697,1254800,10,10,10,10,9,10,9,10,78
X65BAL5W4,Shiro,E7UBFLW56,同好会の同好会,651,2,2698,1254600,8,10,9,8,10,8,2,4,59
H9GK7YEJ1,消耗品さかさま,RF5215M2U,スクステ同好会②,1263,13,2699,1254400,10,10,10,10,10,10,10,10,80
0R0DJUFCH,ニョレン,HMBW9DXY2,蓮好き皆あつまれ,1423,18,2700,1254200,9,9,9,9,8,9,9,10,72
WMMJZI3DW,かのん,0VP15L48C,ハスラー,1423,7,2701,1254000,10,10,10,10,10,10,10,10,80
UTNMT95K2,ゆり,X7C21B7H7,泥,667,2,2702,1253800,6,10,10,10,8,9,8,10,71
16XMBG4N0,すいと,5NPVVUGH7,蓮すきすきクラブ,1354,14,2703,1253600,9,10,9,10,9,10,10,10,77
N04KVX86U,メジアン,HE0GK3EPE,瑞蓮プロカ倶楽部,1508,18,2704,1253400,10,10,10,10,10,10,10,10,80
1UTHGBCW0,よこよこ,GW4CH70HK,TKG同好会,1490,5,2704,1253400,10,8,8,10,9,9,10,10,74
877G426K5,モノ,KXU941RFJ,梢先輩おめでとう,1140,5,2706,1253200,10,9,9,10,7,9,8,9,71
4TJ80X7KS,マック,8VGXWTV3U,R.opRizm,1107,6,2707,1253000,9,8,9,9,8,8,8,10,69
G1YBWSV87,トゥリー,GW4CH70HK,TKG同好会,1222,5,2708,1252600,10,9,10,10,8,10,10,10,77
HPGXU5TQI,ファンカー,CXG25026E,泥のみんなS,1182,12,2709,1252400,7,7,8,8,7,8,8,8,61
PP5PJSC69,ライ,8R49BTWW6,蓮女お嬢様クラブ,1552,10,2710,1252000,10,9,4,9,9,9,9,10,69
8A0I1NK5Z,hina,T2XRMGEAE,蓮根無言会,960,3,2711,1251800,9,10,8,10,7,9,7,10,70
6Y3MXTJLJ,ひろいち,VP0K6KF0K,蓮ノ空大好き!!,1208,14,2712,1251600,9,8,7,8,9,9,8,10,68
MJXT05669,しんちゃん,ERVDJMHPF,敦賀第二機関区,1118,12,2713,1251400,9,8,7,10,6,8,7,9,64
PU86LKNJ7,メグちゃん,JE7V5MM31,蓮ノ沼に沈んだ泥,1254,17,2713,1251400,10,10,10,10,10,10,10,10,80
L06R595XE,まぁと,07JW71HWG,良いチケで観よう,1209,17,2715,1251200,7,7,10,9,7,9,10,10,69
DKMTXHBDH,はすにょ,Y6JNPC60C,綴理メイト,1093,10,2716,1250800,8,7,10,9,7,10,9,10,70
3EFR0X1Q8,まっつん,9DKR4Y2CJ,蓮ノ空老人会,1457,10,2717,1250600,10,10,10,10,10,10,10,10,80
TC2B70LBE,カチカチカチ町,AGJ215YND,蓮の空中國分校,909,0,2718,1250400,8,7,7,7,5,7,7,9,57
YCX2YR3VN,えすえす,KARUFA7TN,777,1068,3,2719,1250200,10,10,10,10,10,10,10,10,80
5PRGNWVYN,okmt,EECF9C0N3,蓮ノ空　茨城分校,852,2,2720,1250000,10,9,10,9,7,10,10,10,75
F610D9VH2,まんまるさん,RNJ306W6N,日曜日よりの使者,1247,5,2721,1249800,8,9,7,10,7,10,7,10,68
8B1WWT6YA,まじまんじ,BH9YH1YL5,ラブライバーの森,1395,10,2722,1249600,10,10,10,10,10,10,10,10,80
MPAR46VH7,asuda,EAY5EM96N,眩耀夜行好き好き,1106,7,2722,1249600,10,10,10,10,10,10,10,10,80
7D5ZG24IZ,ザナディウム,CV62FGL1U,花咲かせ隊,1309,15,2724,1249400,10,7,10,10,10,10,9,10,76
W1RBXW89C,ウバギ,T045NDKW0,♬さやか愛好会♬,953,2,2725,1249200,7,7,6,10,7,8,7,9,61
BYYMVBM0W,すーーー,03UX84WLY,こやんいくらぶ,533,1,2726,1249000,6,6,8,7,6,9,8,7,57
EOWWHMVU8,みかのん!,KGDNX3EF3,ENcircle,1317,13,2727,1248800,10,10,10,10,10,10,10,10,80
PNC6RLJVA,てくてくみかん,U57VPUTEE,ゆったりクラブ,1135,3,2728,1248600,10,7,10,10,9,8,8,7,69
O4RJ1R6GD,cha,FTY0R8KPH,泥の皆様,1191,11,2729,1248400,8,7,7,10,7,10,7,9,65
WWA2UST5S,火星帝王,YAD615PCK,蓮を咲かせる泥達,1295,3,2730,1248200,9,8,7,10,7,10,10,10,71
Y0WNYE9CP,スライドガラス,EEP20F2M8,綴理の綴り,1273,1,2731,1248000,7,8,8,9,9,9,6,9,65
JB3UNK057,デランテーロ,YAD615PCK,蓮を咲かせる泥達,1321,3,2732,1247800,10,8,8,10,9,10,9,10,74
CFK9EGWNY,猫天狗,B5V2LNN43,WMW,1339,10,2733,1247600,10,10,10,10,10,10,10,10,80
I0E2WJN90,ドン・ガンビーノ,EKACCPWWB,タフノ空学院,1174,6,2733,1247600,9,7,8,10,8,10,8,9,69
6X2PSP3DZ,ざっきー,P4NGERDXF,こじらせ部,1439,5,2735,1247400,8,8,8,8,7,10,6,8,63
8FM01YL4A,リオス,2B97MH4YA,同じ話し何回も…,715,4,2736,1247200,10,7,8,9,4,10,2,10,60
HVFL7NCU1,Haru,M8FM7P139,蓮ノ空ひとり旅部,1164,7,2737,1247000,6,7,6,6,5,7,8,8,53
Y4KHXC5V9,VenMoret,RXXUPMWB9,待機室跡地観測所,1019,3,2738,1246800,7,7,7,10,7,9,7,10,64
G97WK9KRH,Leiya,J7N4W6Y1K,こずミックラブ♡,956,8,2739,1246400,7,8,7,9,6,7,7,8,59
RXWLWJDXZ,ジンハオ,V6DV6KETG,梢好き好きクラブ,1189,16,2740,1246200,7,8,8,10,9,10,7,8,67
22FL7MUVC,すてねこ,X33HHA9F8,アルストロメリア,1461,5,2741,1246000,10,10,10,10,10,10,10,10,80
ABDJG7XLX,そろまぜ,C8A9CTB34,蓮ノ空山岡家部,1349,1,2742,1245800,10,9,9,10,8,10,10,10,76
JBOCD3MG8,りす,L1VGJTD5P,蓮ノ空お茶会部,1245,7,2743,1245600,9,10,10,10,7,10,9,10,75
B471KYA89,アスラン・ザラ,KT4C59NXG,めぐ島,1413,3,2744,1245400,6,8,6,9,7,8,7,10,61
0BUCT205J,プサイ,CRXN961YF,ビギナーズラック,1015,8,2745,1245200,7,6,6,8,6,8,5,8,54
KQJL49F8B,しゅが〜,K7JJTMPXB,チケキャン,1275,12,2746,1245000,8,6,6,7,7,8,5,8,55
YFVSHEQZI,いお,PLBBEX019,待機室目指し隊,1406,5,2747,1244800,9,9,8,10,8,10,9,9,72
LU4OX4N8S,ZANE,03MPRFH8C,川越総本部,1209,10,2748,1244600,6,6,6,7,7,9,9,10,60
KP0XK4DX9,すっとこどすこい,V4A5MP41E,徒町チャレンジ！,1155,3,2749,1244400,7,8,5,9,5,7,6,8,55
8N5CGXT6A,あるえるあ,9FF5JBNDF,めぐすきクラブ,739,0,2750,1244000,10,10,10,10,10,10,10,10,80
U1CP97K3A,TK44,1D7T2UXC2,無言でのんびり,1236,1,2751,1243800,10,10,10,10,10,10,10,10,80
VDAWF6H8B,はなもえ,919XF8V2V,蓮之空大三腳,927,3,2751,1243800,10,8,9,10,7,10,8,8,70
Z7F5FZ527,甘楽SE,FG5VFFNRK,蓮ノ空おじさん,1590,16,2753,1243600,10,10,10,10,10,10,10,10,80
79MB12KLX,煌神,M6JPV9MVW,フォルテシモ,1123,16,2754,1243400,8,8,10,10,6,10,4,10,66
BGYBB4EPE,Glitter,JDAG79TG7,百合ノ空観察部,1446,18,2755,1243200,10,10,10,10,10,10,10,10,80
KPISG48AL,てつ,HBM31HMUY,YUKIZURI,1378,5,2756,1243000,8,7,9,9,6,10,9,10,68
MN3JBHAKR,sayuri,82CY1DN9W,みらくるねす,297,0,2757,1242800,4,4,4,10,4,4,7,3,40
M3MIQCUYF,56,HBK6KCRPP,無言でおけ,1213,3,2758,1242600,6,9,9,7,6,9,8,10,64
173ATYY28,ミナミ,F8MLHU2NV,乙宗梢様､､､,1255,0,2759,1242400,9,8,8,8,7,9,9,10,68
17AC8U9H7,めぐる,VLY5JDKCV,新規なのだけれど,1076,16,2760,1242200,8,9,9,9,7,9,8,9,68
17RL4149C,みどりひすい,424NLTEE8,無言な異次元部屋,1203,2,2761,1242000,9,7,7,9,8,8,8,10,66
EU6AA5CWB,Tell_Inc,R083H7WRN,サークル無言,1116,5,2761,1242000,8,7,5,9,7,9,7,9,61
RAU4OMHL9,ひむ,8JMW9G2XW,僕らのリンクラ！,1434,6,2763,1241800,10,10,10,10,10,10,10,10,80
HCROHBDK4,めんつゆ,8YDE8BXJT,ずんだシェイク！,1126,2,2764,1241600,6,5,7,8,7,7,7,8,55
TQFNG8BHT,「ymtn」,NMT63RUDV,泥村,1264,11,2765,1241200,8,6,9,10,5,9,9,9,65
94FZ4NEER,ウィル・シキ,2K5AM4RV0,とろぺりです,1469,11,2766,1240800,10,10,10,10,10,10,10,10,80
EO90UX0KX,ぺたんこ,GN1798YEX,ド!ド!同好会,1595,16,2767,1240600,10,10,10,10,10,10,10,10,80
A28D4H38M,Sseason,AGJ215YND,蓮の空中國分校,504,1,2768,1240400,10,7,4,7,4,7,7,10,56
P88CTSIZU,タカツミ,ULUELCJ7T,なるようになる？,1456,10,2769,1240200,10,10,10,10,7,10,10,10,77
X9UF78HPN,のでぃー,HE0GK3EPE,瑞蓮プロカ倶楽部,1163,11,2770,1240000,10,10,10,10,10,10,10,10,80
HJQ6ETZ4Q,lei,HKETDDCK6,ぼっちざ蓮!!,1272,18,2770,1240000,9,9,10,10,8,10,9,9,74
MWZYJWTDC,きゃっぷ,Y2HV0YEF7,蓮ノ空を応援し隊,1251,15,2772,1239800,10,10,10,10,10,10,10,10,80
ROPNJW7BT,とんぬら,W26TRPM1R,めぐ党藤島派,1386,7,2773,1239600,7,7,7,7,7,7,7,10,59
GXM9J5PG1,りだい,DKNHY5HH6,なす料理研究会,1210,4,2774,1239400,8,3,6,9,6,9,8,10,59
J58T7F4U5,和,Y2HV0YEF7,蓮ノ空を応援し隊,1160,2,2775,1239200,10,5,6,9,4,10,7,10,61
2HEBKTP0P,かすてら,LLDLG20UU,UR取り隊,1091,3,2776,1239000,8,7,6,10,7,9,7,9,63
UDO57A1F2,としあき,E76N52LMW,イベントのみ,1356,9,2777,1238800,10,7,9,10,7,10,9,10,72
YB23XF0RJ,ado2,BPG4D3VMA,不明,1090,2,2778,1238400,4,6,7,6,4,9,9,10,55
A8FLKFA0G,ユニット,XPRA8TRVE,蓮ノ空ロボット部,1326,4,2779,1238200,10,7,7,10,8,9,10,10,71
22IC1OH9I,ARK,JA2C658FW,さや綴理の村人,1173,5,2779,1238200,8,2,5,9,5,9,6,9,53
K4WPCPFUA,みちこ,8R49BTWW6,蓮女お嬢様クラブ,1273,16,2781,1238000,10,10,10,10,10,10,10,10,80
DD2659JY7,氷狐,26JDLMBLN,徒町は強く生きる,1032,9,2782,1237800,7,7,7,8,8,9,8,10,64
L55EE4DV6,やひろ,58EPXVKXX,金沢総合車両所,769,4,2783,1237600,5,4,8,8,8,10,4,8,55
E5F8JFF78,さくぱん,ABALH0AL3,楽園計画,1048,11,2784,1237400,10,10,10,10,10,10,10,10,80
T34YF9DWH,高咲侑,NPLTAWN04,自由睡眠同好會,1216,17,2785,1237200,8,8,5,9,5,9,9,9,62
QV9PR61S7,ふどう,W3F0URUJC,梢先輩応援団,1489,15,2786,1237000,10,9,8,10,6,10,9,9,71
PMYVAGWV9,エト,G6EH0KHT7,なんもわからん,1329,1,2787,1236800,10,9,9,10,7,10,9,9,73
CTZDFU6ZO,ねこあゆ,07JW71HWG,良いチケで観よう,1200,14,2788,1236600,8,9,8,9,7,9,8,9,67
E5HEUMVRU,シャウ,KFC62L0FV,ねるねる同好会,1521,18,2789,1236400,10,10,10,10,10,10,10,10,80
GYYYUFDH2,パステル,07JW71HWG,良いチケで観よう,1105,8,2790,1236200,4,7,5,8,7,9,7,8,55
6H4PE9GCM,いっちゃんNPC,2NY9H8BR9,乙宗紅茶館,843,4,2790,1236200,7,2,3,6,6,1,8,9,42
MPJO08LKA,Word,DKNHY5HH6,なす料理研究会,1437,18,2792,1236000,10,10,10,10,10,10,10,10,80
KHV1TG9NI,星宮かぐら,JDAG79TG7,百合ノ空観察部,1332,15,2793,1235800,10,9,9,10,8,10,10,10,76
713LJLM9P,ゆでたまご,XE8513HNP,喫茶カワウ空✨,1130,15,2794,1235600,5,6,6,4,2,9,6,4,42
JHIQP9VCU,Dくん,YL2ELYC4U,さや…好きだよ…,1490,18,2795,1235400,10,10,10,10,10,10,10,10,80
DMJ8MSCS1,遥翔,59AK7LJ7A,とりあえず,1243,15,2796,1235200,6,7,6,8,5,8,6,8,54
177CJ4RPV,アーケオス,N1DJVPGP8,いつでも咲けるよ,1031,10,2797,1235000,8,9,9,9,7,10,8,9,69
6V4C7PHJN,ReoNa,HBD61R6WC,梢先輩すきすき部,1228,18,2798,1234800,10,10,10,10,10,10,10,10,80
P4KCF883B,AC,0XUV5025C,めぐめぐバブり隊,1355,10,2799,1234600,10,10,9,10,9,9,10,10,77
GKGNE9TGP,歌bro,L1VGJTD5P,蓮ノ空お茶会部,1161,1,2800,1234400,8,6,7,9,5,9,9,8,61
CI6NDJDGQ,ヨダ,5KK3DFY18,MUGEN∞,1362,3,2800,1234400,10,10,10,10,10,10,10,10,80
LVY4MM87V,ｼｬﾇﾋﾞｽ,9FF5JBNDF,めぐすきクラブ,1257,17,2802,1234000,6,8,7,10,9,8,3,8,59
88BUJG7BL,リリアン,FG5VFFNRK,蓮ノ空おじさん,1122,0,2803,1233600,8,8,7,8,7,8,5,9,60
9RQLNX5VU,コナン好き,HBCC35887,そりゃー!!!,1228,13,2804,1233400,8,7,9,9,7,9,7,9,65
7ZFC8RSJ2,かがみもち,7DWNRBTGA,なにもしない,972,0,2805,1233200,7,7,8,6,6,9,7,8,58
8ZNQRVBHZ,キツネコタヌキ,C0NDBKMRB,すりぃずぶぅ家,1154,9,2806,1233000,7,7,8,8,8,8,8,9,63
7XKGN056G,やさかのむら,C021HVB2B,第3芸能科,1151,13,2807,1232800,8,9,9,9,8,10,8,10,71
1Y77ENT4Z,あちら,LHXNEF3D5,まるまるサークル,1369,18,2808,1232600,10,9,9,10,8,10,10,10,76
6HH8HG3CX,ろくがつ,8R49BTWW6,蓮女お嬢様クラブ,1064,6,2809,1232400,8,8,10,10,10,10,10,10,76
MH7MGGAF5,keke4,GVYK75TPW,あ,590,1,2809,1232400,8,9,7,9,6,8,7,10,64
9YUM1YG0J,七海,CM5THHYHB,「」ノ空だけれど,1342,7,2811,1232200,8,6,5,9,7,8,8,9,60
XPUYNGD34,たまちゃん閣下,GR65FP8VN,蓮好き,1249,7,2812,1232000,7,10,10,9,7,10,10,10,73
8J3SJ7SJQ,たつ,9JTF508LB,スクスタ亡霊部,1092,12,2813,1231800,9,8,9,10,6,9,7,8,66
MFX0F4155,ゆりたす,GPKTRBCTT,騎空団蓮ノ空支部,807,0,2814,1231600,8,5,7,10,6,8,7,8,59
VB88GBG59,御大将,LEHXHMR8N,みらぱ全力待機部,528,2,2815,1231400,4,6,10,5,1,6,7,7,46
58XEUUHP2,雅,8JMW9G2XW,僕らのリンクラ！,1440,18,2816,1231200,10,10,10,10,10,10,10,10,80
C1WT81YT9,しば,WFPA7YJE1,蓮ノ空文芸部,1166,7,2817,1231000,10,10,10,10,10,10,10,10,80
DEVXF85NM,774,06MWMBB26,ミステリサークル,922,2,2818,1230800,6,6,6,7,8,8,5,8,54
80BU4H1DL,あわき,V6DV6KETG,梢好き好きクラブ,1146,6,2819,1230600,10,9,10,10,8,10,9,10,76
BUNQZ9F73,ねいぶる,GKR9TEBYC,毎日がホリデイ♪,1239,18,2820,1230400,6,8,9,6,7,10,10,10,66
TW3WYR59V,サイと鵜,PH0YEPJD8,蓮ノ空北國金沢,1119,17,2821,1230200,7,7,10,9,7,7,7,8,62
2JGXJABRE,くまベアー,JA2C658FW,さや綴理の村人,1365,8,2822,1230000,10,10,10,10,10,10,10,10,80
F757VX7UM,せと,WFPA7YJE1,蓮ノ空文芸部,1172,0,2823,1229800,8,6,7,10,6,9,8,9,63
W4KHFCYGY,超ヤサイ人,6045Y2RW7,ポチっと！蓮ノ空,1311,16,2824,1229600,8,5,9,8,6,8,9,10,63
0UAXEMCHU,あいちー,J0N1E3Y09,月火水木金土日,1162,1,2825,1229400,8,10,8,10,7,9,10,10,72
EWWJNGM37,よっつん,UYCT3Y4JK,蓮っ子,1431,17,2826,1229200,7,7,8,10,4,9,10,10,65
DM23BNW1P,ザカ,G59NGM0XA,シュリーレン,1230,8,2827,1229000,10,8,7,8,7,10,10,10,70
B80AGPJGM,Katokato,AAHB7C276,HaCordVN,1116,16,2828,1228600,7,8,8,7,9,10,7,10,66
LJJRHMRA7,せつげん,07JW71HWG,良いチケで観よう,1319,13,2828,1228600,7,6,7,9,7,9,1,9,55
EBORUWKED,fumiya,C68491XHB,みらくらぽーく！,1161,1,2830,1228400,9,7,7,10,7,9,9,10,68
DFWCJ384P,風の影,L28X4MDJN,アフター観たいぞ,767,0,2831,1228200,6,6,6,7,4,6,6,8,49
D22044U1E,ゆい＊,L3NN1RWMY,アポロベイ海賊団,1018,8,2832,1228000,8,6,4,7,6,4,8,4,47
NE4A3G1Y3,真田みかん,YFADYJVW4,FPS好きクラブ,1069,6,2833,1227800,6,2,8,7,7,9,8,10,57
7EDP7AW14,ツアカリ,9FF5JBNDF,めぐすきクラブ,491,0,2834,1227200,8,6,7,8,6,9,5,7,56
2JN1JV70P,インディ,8MLVA67AK,聖ミリオン女学園,1006,0,2835,1227000,6,7,7,10,8,7,9,9,63
C9LP9840K,じゃっきー,B86837CF4,ガチ初心,672,2,2836,1226800,7,10,7,9,10,8,7,8,66
U6ROPYD12,かつれつ,YK0X6N2HN,無言OK出入自由,1255,5,2836,1226800,8,8,9,10,7,10,8,9,69
GKRX7E7R9,いちごプリン,66BTJEEV6,ほりでぃぱーく!,1355,17,2838,1226600,8,8,6,6,6,8,6,9,57
CCXD7AREJ,グ,LUYG5CWPJ,La+,1112,15,2839,1226400,10,6,8,6,6,7,10,10,63
RALEMQTLZ,いか,BYA3FA0X8,無言ぼっち同好会,1204,4,2840,1226200,8,7,8,9,7,8,8,9,64
8HT5R8C4D,ゆうしゃぷ,H6JWBBGCG,蓮天・乙宗一心流,1092,6,2841,1225800,8,8,8,9,7,8,9,8,65
8L8U66ARE,ねぎてん,2KJ2UEC3P,ういちゅけクラブ,514,1,2842,1225400,9,5,10,10,10,10,10,9,73
YD8BH8Y4W,りぜ,KXU941RFJ,梢先輩おめでとう,714,2,2843,1225200,10,7,8,9,6,9,9,9,67
0JFZAWH4T,あつもり,2NY9H8BR9,乙宗紅茶館,1407,18,2844,1225000,10,6,10,10,9,10,9,10,74
K41PLWG66,gra,0FMM30LCA,無言,737,3,2844,1225000,10,10,10,10,10,10,10,10,80
AH8F9MU0G,秋沙雨,A3X92L6YU,お試し用サークル,1229,13,2846,1224800,6,7,7,10,6,8,7,7,58
TLJ0BRFAA,ブリンソン,948FLPMPN,まったりハス煮〜,1006,7,2847,1224600,6,7,4,8,8,10,2,10,55
DR2J5TUTL,はづき,W0L71MBKT,百合ノ花園同好会,1346,3,2848,1224400,10,10,10,10,10,10,10,10,80
0BSYS4QJO,金沢八景,HWJ8XPW0T,箱推しなのだけど,1334,8,2849,1224200,10,10,10,10,10,10,10,10,80
BZQJDUUH4,ポケダ,J80MEYHBC,Nymphaea,1292,15,2850,1224000,8,8,5,6,8,9,7,9,60
FS4198Z1L,ぱこぱこまる,TM19BMU7C,ソロプレイヤーズ,1180,4,2851,1223800,6,7,6,8,7,8,8,9,59
1RNVTK62H,くろあん,M8FM7P139,蓮ノ空ひとり旅部,1327,15,2852,1223600,9,7,8,9,7,9,8,10,67
K52GEI8A4,アナゴ,G0WRCNRWK,県立沢庵図書館,1232,18,2853,1223400,9,9,9,9,10,8,8,10,72
9HXU3ISMP,ちきちき,FJMA5BPPE,蓮ノ空すきすき部,1483,15,2854,1223200,10,10,10,10,10,10,10,10,80
1XY84CF8V,AAA,KBJ2P8T0Y,人見知りの集い,1107,7,2855,1223000,10,9,10,10,9,10,10,10,78
K3SYJ8EDY,わかちこ,JE7V5MM31,蓮ノ沼に沈んだ泥,1374,15,2855,1223000,10,9,8,9,6,10,9,10,71
UM2LVWXA3,れのあ,9YM3DBTB7,泥民館,1186,8,2857,1222800,6,7,7,10,7,10,5,8,60
AYXJ0G79D,咲,7XH3K4GBT,LLP,1364,18,2858,1222600,9,9,9,10,9,9,10,10,75
HWGVRBHDH,@G.,BCJRMHE75,梢すきすきクラブ,1287,13,2859,1222400,7,8,8,7,7,10,8,10,65
BCD0YERF9,たつ,72XD3ER0M,まったり,1274,13,2860,1222200,7,6,9,10,8,10,10,10,70
ILO32VFUO,わかやま,MVMP6NNXD,空き時間らくがき,1413,15,2861,1222000,10,10,10,10,10,10,10,10,80
83GVD5P3L,あの日忘れた傘,BW38LDPRF,蓮浦の星空,936,4,2862,1221800,1,10,6,9,8,8,7,8,57
UVVMPCE4P,ham,FH7G62PKW,月火水木金土日,1126,6,2863,1221600,4,6,7,9,5,8,9,10,58
UDKA7K659,バチバチカチ町,AGJ215YND,蓮の空中國分校,1087,2,2864,1221400,7,7,6,8,7,8,7,8,58
5D66Y89MR,桃皮,W2RUWYA8R,熱血音ゲー部,947,6,2865,1221200,8,7,9,9,7,6,9,9,64
7YQ5QL9X3,紅蓮,GE3TL53AP,いい顔でこんぶ,1559,1,2865,1221200,10,10,10,10,10,10,10,10,80
0CSC6RF3X,alod,5YEE75CB4,ロビーで待ってる,1243,0,2867,1221000,7,7,7,9,7,9,10,10,66
Z8XW3ZGA9,サンポート,R9T0YKDW8,かちまち応援隊,1370,18,2868,1220800,9,9,9,10,9,10,8,10,74
GAB8OG02M,kon,2UKNVBMBU,梢ちゃん同好会,1500,18,2869,1220400,10,10,10,10,10,10,10,10,80
6UD8SM4WC,むそう,C6V311T2P,LotuSky,1270,15,2870,1220000,9,8,10,8,8,10,8,10,71
DWAL7RY6U,Ecemtucr,D7UA5ER1E,UR報酬欲しい！,1158,18,2871,1219800,10,8,10,10,9,10,8,10,75
NFE86OP9B,なはとま,6HV2RH6TU,イベント用、無言,1129,3,2872,1219600,7,5,5,9,5,4,7,8,50
WN14Z53Q7,さいせん,YD2XWWFA4,蓮好き好きクラブ,1356,9,2873,1219400,8,7,7,7,5,6,9,10,59
G7G5TJ07C,ろんぐ,9FF5JBNDF,めぐすきクラブ,1265,0,2874,1219200,9,10,9,10,6,10,7,9,70
GDIJ8GEAN,あーつ,FMKP92LRL,目が霞む人達,1227,6,2874,1219200,10,7,7,10,7,10,7,10,68
EJUMCJT83,Casteax,J80MEYHBC,Nymphaea,1240,2,2876,1219000,9,8,8,9,8,6,7,9,64
Y4LK489BU,し,7RBMBBY88,瑠璃色金魚,1268,11,2877,1218800,9,9,9,10,10,10,10,10,77
C0EFLUCXP,あを,PH0YEPJD8,蓮ノ空北國金沢,1321,18,2878,1218600,10,10,10,10,10,10,10,10,80
W4YMOPTA6,アオバ,H6JWBBGCG,蓮天・乙宗一心流,1351,15,2879,1218400,10,10,10,10,10,10,10,10,80
8M4CNXUD1,果汁,7U20138DB,LGP,1301,17,2880,1218200,10,10,10,10,10,10,10,10,80
MJM7XBNN5,しほ,V8XX999F6,卍蓮村幼稚園卍,1201,8,2881,1218000,6,8,7,10,1,8,6,7,53
YYVKPY5JD,りくぴ,X34LWGL6R,サークル2,1292,4,2882,1217800,9,5,9,4,8,10,9,10,64
1PAP1H6LD,ろさ,1VPK1PKFW,すりすりの森,1016,3,2883,1217600,7,6,9,8,2,8,5,7,52
BXMCETUJE,lio8658,4RATY4E84,DC大好きクラブ,1074,4,2884,1217400,4,6,7,10,5,8,8,9,57
7M77KVD4D,神楽光,919XF8V2V,蓮之空大三腳,834,4,2884,1217400,5,5,9,7,10,6,7,10,59
5RPYAFH3W,すばら,RM7N1JDB5,無言推奨不干渉会,1334,15,2886,1217200,10,10,10,10,10,10,10,10,80
002NF9D55,たけ,GKR9TEBYC,毎日がホリデイ♪,1190,14,2887,1217000,6,2,4,10,9,9,9,10,59
4JKRPBA7G,ころも@めぐ党,JDAG79TG7,百合ノ空観察部,1013,3,2888,1216800,6,6,4,9,4,8,8,8,53
NED9TL77F,さいおそ,VNEJ2RNW0,まったりんくら,384,0,2889,1216600,5,7,5,4,7,7,7,4,46
HH5J5BECH,「ムウ」,NMT63RUDV,泥村,1298,3,2890,1216400,10,5,5,10,5,9,10,10,64
Y4MDE7GDJ,パンナコッタ君,V7768X8AC,せーので！,1299,6,2891,1216200,9,8,7,10,7,9,8,9,67
B0HFV4RR3,seiran,BEMED3RY1,無言無課金ok,294,0,2892,1216000,10,9,9,10,8,10,9,10,75
5WHJHQCU2,かく,N8L41JAA7,無言 ノルマなし,1303,17,2893,1215800,8,7,7,9,6,9,8,8,62
7RJPE6GKC,さきてぃ,D7H8MN2U4,LLD,1504,18,2894,1215600,10,10,10,10,10,10,10,10,80
VAHE9G9K8,はー2,JDAG79TG7,百合ノ空観察部,1202,12,2895,1215400,5,5,7,10,6,8,9,10,60
LFT42AX21,ふぃる,GN1798YEX,ド!ド!同好会,1265,11,2895,1215400,8,8,7,8,5,9,7,8,60
BRM7C4A67,一月の蒼い月,GYJ3C6TKR,綴理先輩好き好き,1413,15,2897,1215200,10,9,10,10,10,10,10,10,79
7HA07WCY2,あきたま,N7GLY2RUW,百生銀行,1118,7,2898,1215000,8,7,7,8,7,9,8,10,64
W26EE22R0,キリサキ,B5V2LNN43,WMW,1446,13,2899,1214600,10,9,9,10,9,10,10,10,77
TR34AYUGM,えふ,BTVC9G95X,FES用,1200,14,2900,1214400,9,9,9,10,9,9,9,10,74
TWA6T5WW3,本巣叶羽,2K5AM4RV0,とろぺりです,689,3,2901,1214200,8,6,10,8,8,10,9,7,66
TDP9T3YV9,かなり,WTJV514G9,蓮ノ空のお弁当屋,861,2,2902,1214000,7,7,7,9,6,7,5,7,55
1PBU4KO2I,しとし,FG5VFFNRK,蓮ノ空おじさん,1313,17,2903,1213800,6,9,5,7,5,7,7,10,56
ENSUKO8TQ,ぷみー,R7D4DLE21,とりあえずイベ用,1268,18,2904,1213600,6,6,7,8,6,7,10,10,60
JD3WTC652,てつごろう,4NDAG5E9N,国産牛のにげあし,1134,11,2905,1213400,10,10,10,10,10,10,10,10,80
5C23KT41S,ケロケロ,DHKUGEWBJ,めぐ党虹ヶ咲支部,1150,14,2906,1213200,6,7,7,10,7,10,5,10,62
IWSLLAQCP,vividsky,LHXNEF3D5,まるまるサークル,1517,15,2907,1213000,10,10,10,10,10,10,10,10,80
96F6MNMCM,uk,G26L2CBRC,悠々自適,1183,9,2908,1212800,5,8,7,8,7,9,7,10,61
8WZJM0HXM,Marineya,8R49BTWW6,蓮女お嬢様クラブ,1373,15,2909,1212600,8,8,8,8,8,10,10,10,70
XBTPBMH5L,スカイ,LAKRG5NK9,ログイン勢,1191,18,2910,1212400,10,9,10,10,10,10,10,10,79
VKAUR01XJ,ぱるこ,F2CFWVMY9,藤島め組,1425,3,2911,1212200,9,7,9,10,7,10,7,9,68
PNOP5I0KJ,はなまる,UK30B7DG2,ずらまる卯どん。,1217,0,2912,1212000,9,10,9,10,9,10,10,10,77
6EWA1MEX7,メロンペンギン,1C2GN787H,℃！℉！度！,946,6,2913,1211800,10,9,9,8,9,9,8,10,72
IKIWLVB1B,フィリア,WE4AB37FP,めぐ党,1294,6,2914,1211600,8,7,7,8,8,8,7,9,62
W6UHD1FK2,ブルーベリー,424NLTEE8,無言な異次元部屋,1242,6,2914,1211600,10,9,10,10,10,10,10,10,79
BHCTQEOBW,チャラディオン,HBK6KCRPP,無言でおけ,1259,4,2916,1211400,9,7,8,9,7,10,8,10,68
M2PEANDE6,青欞兒丶,NC2YT2V28,蓮之愛同予者何人,1073,5,2917,1211200,6,6,6,10,8,10,8,10,64
HTN6PPZN5,ひな,W3YKKRWHG,ルリと愉快な一家,1279,4,2918,1211000,8,6,9,7,10,7,5,10,62
F7Y46AMZ0,Scarlet,LUDNM40F8,ふくふく無言OK,1382,18,2919,1210800,10,7,8,10,7,9,9,10,70
GZ8R0RSDI,なお,DHBGK1398,となりにこな,1367,10,2920,1210600,10,10,10,10,10,10,10,10,80
5NBJSQ039,すぱいらる,J79LGCKKF,蓮ノ空コーラス部,1259,4,2921,1210400,10,7,8,10,8,10,8,9,70
WR72RRNC5,肉うどん,N2KCENRKH,猫＆旅大好き部,813,0,2922,1210000,8,4,4,8,5,8,5,7,49
7L55Q5L3A,あそびの,5KFDF3U8L,蓮ノ空口下手部,1193,10,2923,1209800,7,7,6,9,7,9,7,8,60
02E422SBP,おしゃん,9DKR4Y2CJ,蓮ノ空老人会,1556,15,2923,1209800,10,10,10,10,10,10,10,10,80
7XW5PM3HC,リンスキ,L1VGJTD5P,蓮ノ空お茶会部,1317,17,2925,1209600,10,10,10,10,10,10,10,10,80
2095QHQJ4,ことぶき,1F5EPPMLD,UR貰えればいい,1171,9,2926,1209400,7,7,8,8,7,9,8,8,62
KH9BFVMG1,,NU4AJF9Y4,,691,0,2927,1209200,10,10,10,10,9,10,10,10,79
5MLTEF9KG,たかな,P2J37FNLG,乙宗先生指導会,694,2,2928,1209000,6,8,8,6,7,10,7,10,62
86FM6E7BE,あぽめしTV,3BE2RELRC,見晴台,1291,4,2929,1208600,10,9,9,10,9,10,9,10,76
X7CUWKDVA,かりんとう,C0NDBKMRB,すりぃずぶぅ家,1367,2,2930,1208400,9,8,9,10,8,9,9,9,71
KW1H2NI7G,いあみん,4FXPC55PY,PPIHクラブ,1260,2,2931,1208200,10,10,7,10,7,8,10,10,72
H60VJNDKT,和花,V1G3KNET8,パンダ和花,1184,12,2932,1207800,8,7,7,9,6,9,10,9,65
D8MCKLGHY,じゃからか,WN5B7VKPU,きんぴられんこん,1382,18,2932,1207800,10,10,10,10,10,10,10,10,80
PJXFM51Y2,カシン居士,ULUELCJ7T,なるようになる？,1281,5,2934,1207600,6,7,7,9,5,10,8,9,61
AJWLGEP4R,KB,2VJG66JTH,まったり,1262,14,2935,1207200,9,8,7,9,9,9,10,10,71
P5YU8ONYI,テノベーザ,AND13836G,乙宗梢親衛隊,1262,11,2936,1207000,6,6,6,9,7,10,7,8,59
0SMA2YI5A,Forteen,3PPKGW6KV,リンクス同好会,1312,6,2937,1206800,10,7,10,10,7,9,6,10,69
9VVKLTE0B,桜の恋歌,KXU941RFJ,梢先輩おめでとう,1160,18,2938,1206600,5,5,6,9,8,6,8,9,56
Q511Y9BHJ,ななみ,GW4CH70HK,TKG同好会,1000,13,2939,1206400,7,8,5,8,4,7,8,7,54
303KEPAXW,なんとか,U98UKD6RY,異次元フェスP,1276,8,2940,1206200,10,7,7,8,7,9,7,10,65
6EBEBFU9Y,ヴィヌクラ,HBK6KCRPP,無言でおけ,1307,17,2941,1206000,10,10,10,10,10,10,10,10,80
I3FSRVW35,エイト,KXU941RFJ,梢先輩おめでとう,1380,7,2941,1206000,9,7,8,10,7,9,8,10,68
JFTAHF2B5,たこる,KXB93FVTR,ブルームガーデン,1096,5,2943,1205800,8,4,4,8,7,7,9,8,55
NUL2YYVB2,にごまん,2NY9H8BR9,乙宗紅茶館,1093,5,2944,1205600,8,5,10,5,5,9,5,10,57
PNLM1RI37,でみたす,B1KYU3XF8,LG lotus,1424,10,2945,1205400,8,6,9,6,7,9,8,10,63
78BDHKKK0,ビー玉,Y2R7E79U3,カワウソ同好会,1354,5,2946,1205200,9,9,9,10,8,10,10,10,75
X988KAKFG,スカルダ,BW38LDPRF,蓮浦の星空,1549,15,2947,1205000,7,6,6,8,7,10,7,9,60
GDIBR7J8T,こだまだ〜,Y2HV0YEF7,蓮ノ空を応援し隊,1362,18,2948,1204800,10,10,10,10,10,10,10,10,80
H0PPXLLP8,やざし,M6UPWJ6DU,蓮結ぶ虹と星の音,1240,5,2949,1204600,9,8,8,9,6,9,10,10,69
TFB1M96P1,EDstree,J80MEYHBC,Nymphaea,1174,18,2950,1204200,9,9,9,10,10,9,9,9,74
BAT8RUVMJ,naoki,J7N4W6Y1K,こずミックラブ♡,1405,13,2951,1204000,8,6,8,10,7,10,10,10,69
1UQI8OEZ4,暳,279NUYU7C,れんこん,1386,18,2951,1204000,10,10,10,10,10,10,10,10,80
X9JCX2RT1,オガ,GN9EEL045,きらくに,497,0,2953,1203800,6,6,5,9,8,9,7,9,59
CWII70H91,ティガー,948FLPMPN,まったりハス煮〜,1273,3,2954,1203600,8,8,7,6,5,7,8,8,57
QTAGHFHXJ,mori,H1LTYMK0B,花帆が可愛いの会,1395,15,2955,1203400,10,10,10,10,9,10,10,10,79
8071A0HW1,にょっく,G0J2F9NAL,さやさやさーくる,1089,16,2956,1203200,7,8,7,9,7,9,8,9,64
6RK7I3SCY,岸田さん,WHWT61ELR,【無言】ハスノソ,1308,3,2957,1203000,9,9,9,9,7,9,10,8,70
LWRUPM1FR,てとら,85D411XNB,蓮っ子の集い,1273,10,2958,1202800,5,7,8,10,4,10,7,10,61
42T0H800N,まいる,E6WR9G75P,安養寺姫芽推し会,564,0,2959,1202600,5,5,10,9,4,10,6,9,58
FOPDC9TP7,らる,KG8TFDM19,山側環状線,1424,10,2960,1202400,9,8,8,10,5,9,7,9,65
A9N4UAFKW,NOS,WFPA7YJE1,蓮ノ空文芸部,1105,2,2961,1202200,7,6,6,6,6,6,8,10,55
07G3NQDBW,コギスキー,9JTF508LB,スクスタ亡霊部,1234,6,2961,1202200,7,6,6,9,5,10,9,10,62
BSG9GKEGX,タツルン,V1C2TB6KA,伊達ヶ丘,1213,7,2963,1202000,10,10,10,10,4,8,7,7,66
T33Z9UYY6,トニー,UYCT3Y4JK,蓮っ子,1514,18,2964,1201800,10,10,10,10,10,10,10,10,80
CLG78YDBE,あるひの,948FLPMPN,まったりハス煮〜,1004,1,2965,1201600,8,4,5,10,9,5,8,9,58
XUPXY03IA,Doby,KA652DGYV,ゆるリンクラ,1293,3,2966,1201400,9,7,9,10,7,10,8,10,70
4DTRE3LXC,いさき,95TAREFPT,ご自由にどうぞ,1131,2,2967,1201200,6,6,7,9,7,8,7,7,57
FD6HELHBA,zarala,TFGKYEY98,LLP JR,1036,9,2968,1201000,6,10,9,10,6,8,6,9,64
6E97YXJKM,,N7GLY2RUW,百生銀行,1190,9,2969,1200800,6,6,6,10,6,8,8,7,57
296T0TSAG,R10,BKUHCT7WF,蓮女お嬢様部,1483,18,2970,1200600,10,10,10,10,10,10,10,10,80
P24FYZ5SZ,まち,4RY75CKM4,LLすこ部　メ募,1212,15,2971,1200400,7,6,5,6,5,3,8,10,50
ZIYBF5JZW,ナーシャ,RM7N1JDB5,無言推奨不干渉会,978,9,2972,1200200,3,2,8,8,7,8,10,5,51
SGO96W1TZ,なこぽん,07JW71HWG,良いチケで観よう,1394,9,2973,1200000,8,8,8,10,8,10,10,10,72
7WG63MRMY,マジひこ,XYRA2MND0,蓮ノ空ゆっくり,557,0,2974,1199800,5,7,7,8,4,4,5,4,44
37FC7JVO8,しゃけの,58FD7UF8J,としとしサークル,1281,13,2975,1199600,9,8,8,10,8,9,8,8,68
GT2ESRPP4,京大ルビィ,6H800PBV7,新鮮館,849,7,2976,1199400,8,10,10,10,6,10,9,9,72
JHSN9O2WU,みったん,RF5215M2U,スクステ同好会②,1549,15,2977,1199200,10,8,9,10,8,9,10,10,74
3J606WX9U,dhidhi,N8L41JAA7,無言 ノルマなし,432,1,2978,1199000,5,6,4,6,4,6,5,7,43
0807XGK2E,あっかり〜ん,07JW71HWG,良いチケで観よう,1322,18,2979,1198800,8,8,8,9,7,9,10,10,69
L39ED33GF,ナレク,V5WNV1A43,異次元ビリーバー,1199,16,2980,1198600,10,7,6,9,7,9,6,7,61
L76GX8WR4,SIU,FK5MUK0ET,くる♡すきクラブ,1356,15,2981,1198400,8,9,7,10,7,10,7,10,68
2LT5U0EHC,みかんチャーハン,FVTGWWP0T,さわやか3組,1209,4,2981,1198400,9,8,7,10,7,10,8,10,69
SMD6VJ6WS,ジロー,N34LHVJKN,のんびり堂,1302,18,2983,1198200,8,9,9,10,8,9,9,10,72
0RG0HFRDS,はわわ,WLBYGHXPD,大天使村野さやか,1458,17,2984,1198000,10,10,10,10,10,10,10,10,80
0EII2DPPH,なぃろ,CTW8DKV5P,まったり,1083,6,2985,1197800,9,10,10,10,7,8,7,10,71
JX41CPFEV,美晴,N3YMU1HNU,サークル名を入力,1024,5,2986,1197600,8,8,7,9,7,7,7,9,62
TMTXUN0C1,千陽,RBDLWNFFM,ドルスリズパーク,704,0,2987,1197400,7,6,5,4,6,7,8,7,50
U52LX6HV1,碧葉,AH27N260E,百生信託銀行,1081,11,2988,1197200,10,10,10,10,10,10,10,10,80
C5DREU10F,乙丁,KULVP7FDR,アニマル分室,1116,6,2989,1196800,6,7,7,6,7,4,8,5,50
JBW2FDTNR,ノ助,2B97MH4YA,同じ話し何回も…,418,0,2990,1196600,7,4,5,5,1,7,5,7,41
WOL8Q84BX,サネハラ,RKT7BC4F6,人形浄瑠璃乃,1333,1,2991,1196400,7,10,10,9,5,10,10,9,70
31GWXMY70,ソアラ,HBM31HMUY,YUKIZURI,1325,9,2991,1196400,7,8,7,10,7,9,7,10,65
BA7ML95N2,ブチコ。,DHBGK1398,となりにこな,1395,13,2993,1196200,10,10,10,9,8,10,10,10,77
URKDHU8TV,ワコール,R9NGK6L48,のんびりサークル,1313,17,2994,1196000,10,9,9,10,10,10,10,10,78
WT55MYHAL,マルマイ,C9DAJ6YFV,のんびり,1003,1,2995,1195600,7,6,6,9,7,8,10,10,63
MX01EIBNX,チョココロネ,W26TRPM1R,めぐ党藤島派,1115,3,2996,1195400,8,7,7,10,7,9,9,9,66
R9FM17334,ころろろろ,KFC62L0FV,ねるねる同好会,1223,7,2997,1195200,7,6,7,8,1,8,7,8,52
3EEP8X0GC,楓紫@ミリオンP,8MLVA67AK,聖ミリオン女学園,1166,6,2998,1195000,7,7,10,10,7,10,8,10,69
NTEMY3J5M,のふぃ,26JDLMBLN,徒町は強く生きる,596,2,2999,1194800,8,9,10,10,1,1,7,5,51
76TMLS8QC,みこたん,CXG25026E,泥のみんなS,1296,3,3000,1194600,9,8,10,10,5,10,8,10,70
BTDRBWM8J,あーぷ,BEMED3RY1,無言無課金ok,812,0,3000,1194600,6,4,6,7,4,7,8,5,47
6FXNY8SQM,ぽん,HBCC35887,そりゃー!!!,1322,15,3002,1194400,6,6,6,6,6,9,9,10,58
JJ0PFAA1T,おこめ,5YXVKDEKV,サークル(仮),605,2,3003,1194200,5,3,7,10,6,7,6,4,48
5R45M9EEL,紗月,0B8RTHY4D,のんびり屋さん,1107,10,3004,1193800,10,8,9,8,7,9,8,9,68
GXY6KZWLL,シア,FK5MUK0ET,くる♡すきクラブ,1470,18,3005,1193600,10,10,10,10,10,10,10,10,80
JMU6RK4FE,ちゃーりー,CWG5LH3VE,蓮好きPの集い,1102,3,3006,1193400,8,4,5,9,7,10,5,7,55
ELEJ35D8M,シグ,XE8513HNP,喫茶カワウ空✨,1315,16,3007,1193200,10,10,10,10,10,10,10,10,80
P44B6D54M,スイカ,9YG7C0VM7,綴理と無言で昼寝,1251,9,3008,1193000,10,10,10,10,10,10,10,10,80
88VT23PV2,星のアラシ,CEP973KKU,スリブ好き好き会,991,10,3009,1192800,7,6,10,10,5,10,5,7,60
P8YBHFTLP,かんきゅー,PFD9KHMCE,個人用,1049,3,3009,1192800,2,4,6,6,5,8,5,10,46
VFX9TV8LS,宣牛(ノブウシ),NLB84DYBF,下松系拉麺同好会,1254,4,3011,1192600,8,8,10,8,5,7,5,7,58
YQLNZGDHJ,なかむ〜,RF5215M2U,スクステ同好会②,1182,9,3012,1192400,9,9,9,10,8,10,8,10,73
4O2EM1JK9,ケニー,48GTYR1VB,ハラショー！,1108,13,3013,1192200,7,5,7,9,7,9,9,8,61
MK1UPG0J6,Cooper,DHKUGEWBJ,めぐ党虹ヶ咲支部,972,4,3014,1192000,7,9,8,8,7,10,7,10,66
7WT6MBHY3,よもぎ,MG3X118W7,大室家,1076,7,3015,1191800,10,10,10,10,10,10,10,10,80
64V095WF1,れいん,79C17CHA2,蓮ノ空出張部,1222,8,3016,1191400,5,6,7,8,8,9,8,9,60
3GWWIDCBG,九代目松本梢四郎,NMT63RUDV,泥村,1738,15,3017,1191200,10,10,10,10,10,10,10,10,80
VPZOCPP20,ステラ,865UE9UC6,蓮ノ空うどん部,1142,6,3018,1191000,10,10,10,10,10,10,10,10,80
C1REEM5XO,きむ,8YDE8BXJT,ずんだシェイク！,1297,8,3019,1190800,8,7,7,10,7,9,7,8,63
OJG4FDHPU,ボルシチ,2KJ2UEC3P,ういちゅけクラブ,1341,13,3019,1190800,9,8,8,10,8,10,8,9,70
K4Y0UMPMJ,圣女琉璃乃,AND13836G,乙宗梢親衛隊,498,2,3021,1190600,10,9,10,9,7,7,5,7,64
9HYL765TV,オルカ,WCUAMVY9X,ゔんゔん會,1254,11,3022,1190400,8,6,10,9,5,10,10,8,66
RPUDUAAGT,相葉夕美のオタク,CCACL2CMM,無限城,1225,14,3023,1190000,10,8,8,10,7,8,9,10,70
Y675VB6DV,蓮ノ空ちぇすとー,05KN1RR3U,さやかほ花卉園,1108,8,3024,1189800,10,8,9,10,7,10,9,9,72
P9P8RWLV7,hychow,N8L41JAA7,無言 ノルマなし,1255,9,3025,1189600,4,7,7,5,6,8,7,7,51
VD9PY8RG3,30代女性作曲家,0XUV5025C,めぐめぐバブり隊,655,6,3026,1189400,7,5,8,6,3,4,2,8,43
DP1TLFLX9,め゙ぐぢゃ゙ん゙,DHKUGEWBJ,めぐ党虹ヶ咲支部,1279,0,3027,1189200,10,10,10,10,10,10,10,10,80
2PHKWCK4B,山,HWJ8XPW0T,箱推しなのだけど,1162,4,3028,1189000,9,5,7,10,7,9,8,9,64
Z3OQL4DJD,takkii,G6EH0KHT7,なんもわからん,1280,13,3028,1189000,9,9,9,10,8,10,10,10,75
UIBETYYLN,だざいおさむらい,CT8XW752X,蓮ノ空写真部,1118,14,3030,1188800,4,5,8,6,5,8,8,9,53
O8V23808Y,himawari,NGMU0511T,無言のお茶会,1045,4,3031,1188600,6,5,6,10,8,9,10,10,64
B6FUBWG92,花帆のへそ舐める,0CEA9XFKR,蓮ノ空の泥人会,786,4,3032,1188400,7,4,1,4,1,1,4,8,30
ZLTOVILYJ,ユキ,L1VGJTD5P,蓮ノ空お茶会部,1085,6,3033,1188200,7,7,5,9,5,8,8,9,58
96V934TV5,ながなん,61UTNTRU1,初心者さん,1267,7,3034,1187800,7,7,6,9,8,8,7,9,61
W2MNRG7U4,ハシェ,TTDBXERCU,蓮ノ空 全力応援,845,2,3035,1187600,10,10,9,10,10,9,9,10,77
USYD1MLTV,yukina,JTX1G19BP,さやかほ癒し会,1423,18,3036,1187400,10,10,10,10,10,10,10,10,80
0CKCU5C49,こしょう,JDAG79TG7,百合ノ空観察部,1210,17,3037,1187200,7,8,8,10,6,9,4,8,60
87KGAPVW5,万策尽太郎,WWWUTP96L,異次元からキマシ,1206,18,3038,1187000,10,10,10,10,10,10,10,10,80
3XVJ9HC1U,テンペスタス,3BE2RELRC,見晴台,983,2,3038,1187000,6,5,5,9,5,7,4,7,48
RZMJH77DU,りゅーきち,NT2KU5174,こずかほ。,1059,0,3040,1186800,7,7,7,10,8,7,7,7,60
HCBC9JENW,さば,KGDNX3EF3,ENcircle,517,0,3041,1186600,10,6,6,10,6,10,6,9,63
CCUAGD896,かさ,KHAKJKC0A,のんびりまったり,1135,5,3042,1186400,8,9,9,10,8,10,9,10,73
VN44PL392,椛,Y2HV0YEF7,蓮ノ空を応援し隊,1394,18,3043,1186200,10,9,10,10,10,10,10,10,79
DG86A7QOY,小原兎歩,J800VVPTN,Aqours,1291,10,3044,1186000,9,7,6,9,7,9,8,9,64
GRTNB9D0B,ut@t@,T045NDKW0,♬さやか愛好会♬,1134,14,3045,1185800,10,7,7,10,8,10,10,10,72
G9681HMY9,温泉川,WFPA7YJE1,蓮ノ空文芸部,549,1,3046,1185600,7,5,4,8,6,8,6,6,50
JLYBZX10E,ショウ,T56X6LP0L,光の海,972,2,3047,1185400,8,5,6,8,5,8,6,8,54
KHIW242ZL,とうや,AND13836G,乙宗梢親衛隊,1069,1,3048,1185200,8,7,7,9,6,7,5,10,59
DNWNNJFPR,雪珠,KANLFTMVJ,蓮ノ空中文同好會,1150,13,3048,1185200,4,6,5,9,6,10,10,9,59
0CPFA3PTM,かりんたや,25PMPEMG7,星見プロ,1549,15,3050,1185000,9,8,9,9,7,9,9,9,69
838L2DUK0,肋骨番,AG9PKMMC3,ぱかぱか同好会,1375,2,3051,1184800,9,7,7,9,7,9,8,10,66
ONYDHDIZ6,滉（ﾋﾛ）,2ULM366U6,毎日がエブリデイ,1376,17,3052,1184600,7,7,7,9,6,9,10,10,65
B9EGXV8LE,まつ,RMUU3AH3X,蓮ノ空広島県支部,1369,3,3053,1184400,8,9,9,10,9,10,9,10,74
S8E2XZ4MQ,レイ・オーキス,3HDDYR4FU,旅人,1268,12,3054,1184200,10,7,6,8,10,9,10,10,70
WE6R27FDF,シャイコフ,KWFJDTKE7,オメガケンタウリ,1193,2,3055,1184000,8,9,7,10,7,10,9,10,70
YH9LHAEM7,りと,GR65FP8VN,蓮好き,964,9,3056,1183800,10,10,10,10,10,10,10,10,80
P3FJDJ8OZ,m@sh,58FD7UF8J,としとしサークル,1554,18,3057,1183600,9,10,10,10,7,4,10,10,70
UI4395BTN,からくさ,G0WK9025W,ああああああああ,1210,13,3058,1183200,6,7,10,10,7,10,8,10,68
Q6ZD4Z5L4,てつや,L3NN1RWMY,アポロベイ海賊団,1216,7,3059,1183000,6,6,9,10,8,4,5,10,58
B63DW07A2,うっつん,23PGPJ3NV,蓮ビギナーの集い,1243,1,3060,1182800,10,10,10,10,10,10,10,10,80
G4B419TOO,にんげん,573J1JVVK,かほかほ,1222,5,3061,1182600,8,8,7,6,7,7,9,10,62
Q8WWTOPQZ,ハムカツ,5KK3DFY18,MUGEN∞,1353,18,3062,1182400,5,6,6,7,7,8,10,10,59
7XMCUNJF8,まぐ,Y2R7E79U3,カワウソ同好会,1199,12,3063,1182200,9,8,8,10,8,10,9,8,70
CHCAOWDJC,焼きみかんの湯気,WCL6R1ANU,無所属の会,1236,6,3064,1182000,6,7,6,6,3,8,7,7,50
N22CAJ51M,1日1落単,GN1798YEX,ド!ド!同好会,781,0,3065,1181800,10,10,10,10,10,10,10,10,80
6DW7GS7GA,kei02,57HNJ07NK,みらぱ推活最前列,1344,14,3066,1181600,9,7,7,10,6,9,7,9,64
SNYSNFYOP,すずめ,CTW8DKV5P,まったり,1449,3,3067,1181400,10,8,8,10,9,10,8,10,73
URJE71AE8,もよ,4XRHRYDW4,無言でエンジョイ,1217,4,3067,1181400,7,7,6,6,7,10,4,9,56
V26BVACUL,クライム,YDYH4VRRP,レンクウ,1257,5,3069,1181200,6,9,7,9,8,10,10,10,69
T2T4RPAF2,静安寺ゆかり,9C2FC74H2,overseas,1132,17,3070,1181000,9,9,8,10,10,10,8,9,73
52GKPH9F8,ユッケ,LX25CP0TG,深夜の芋煮処,1115,7,3071,1180800,6,7,9,9,5,9,8,9,62
WLECCBYTE,ひゅー,WN3LHKX0L,レンコンおいしい,1217,18,3072,1180600,8,7,8,8,8,7,10,10,66
J1HUWQBLB,しょう犬,3LUL3WR8Y,零組,1412,18,3073,1180400,10,10,10,10,10,10,10,10,80
IVN9BKME2,スサノオブシドー,0B8RTHY4D,のんびり屋さん,1250,15,3074,1180200,10,10,10,10,9,10,9,10,78
W5XVLMYVJ,いけぱん,T2XRMGEAE,蓮根無言会,1003,11,3075,1179800,7,6,6,7,6,8,6,8,54
GWLM8MOD7,ちてい,1BME38BCD,さすさやクラブ,1325,3,3076,1179600,7,6,6,9,8,8,8,9,61
951MHO8EI,もりょー,N2KCENRKH,猫＆旅大好き部,1416,12,3077,1179400,7,7,8,8,7,7,8,10,62
XUMXWY6XW,ろんろん,KBJ2P8T0Y,人見知りの集い,702,4,3077,1179400,8,9,10,9,8,10,7,10,71
XPVK85R6U,ナギ,CXG25026E,泥のみんなS,1340,3,3079,1179200,7,8,7,8,6,9,7,9,61
N6B21UPFM,go57,BT22M41DV,梢花帆吟子同好会,1218,13,3080,1179000,10,10,10,10,10,10,10,10,80
Y111EK3MP,青春の輪郭,W3YKKRWHG,ルリと愉快な一家,1264,17,3081,1178800,9,10,9,9,8,7,8,9,69
CT5SINOQL,ストリーク,JTX1G19BP,さやかほ癒し会,1196,5,3082,1178600,7,7,7,9,7,9,8,9,63
O22OGJJL9,月,Y7KJ3PM8P,蓮すきすき同好会,1136,11,3083,1178400,9,7,7,10,7,9,9,10,68
B3KOC012S,てるねく,7U20138DB,LGP,1223,12,3084,1178200,7,7,7,7,6,8,9,9,60
UZNL744FG,タクたく,WX1DYC9Y1,ラナンキュラス,1305,18,3085,1178000,10,7,9,8,7,9,10,10,70
EGJ7V5MKO,Rcsjk,BWD9U1EJ2,蓮之空中国同好会,1313,18,3086,1177800,9,9,10,10,9,10,10,10,77
J6PG333UX,あむん,G59NGM0XA,シュリーレン,1108,1,3087,1177600,10,10,10,10,10,10,10,10,80
94FDMGUBN,てて,RM7N1JDB5,無言推奨不干渉会,1106,3,3087,1177600,3,5,8,6,4,5,8,6,45
DKDK6P5R2,たし,48GTYR1VB,ハラショー！,932,1,3089,1177400,7,7,7,8,5,7,4,7,52
T12C5H4EH,お_,Y2R7E79U3,カワウソ同好会,1125,12,3090,1177200,7,10,10,10,8,10,6,10,71
W4BUV226A,ありす,PPAHU1TNY,蓮ノ空のんびり部,1085,15,3091,1177000,7,6,8,7,9,8,5,10,60
9W7CH610B,はんぺん,5VBB4F8N2,灰色ペンギン,995,3,3092,1176800,9,7,9,8,6,8,7,9,63
0R8HRZKZ0,くろと,6D49YVAT7,ユニット愛で隊,1336,15,3093,1176600,8,8,7,8,5,8,7,8,59
9E2AWYLCD,（.8.）,2AUM7L9BW,蓮初心者クラブ,1193,3,3094,1176400,7,10,10,10,10,10,10,10,77
K82VSE1PW,Lefty,63AKA05VR,まったりGngy,1274,12,3095,1176200,10,9,9,10,8,10,10,10,76
V7BD7GG3N,てつ,AXG81GPMP,蓮ノ空マタギ部,1170,1,3096,1176000,10,10,10,10,10,10,10,10,80
64ENHT1HF,あくび,AG9PKMMC3,ぱかぱか同好会,1263,19,3097,1175800,10,10,10,10,10,10,10,10,80
HWGA1JNNR,ヒマリ,T40RLPJ4A,スリブ好き好き,957,1,3098,1175600,5,6,5,7,7,9,5,7,51
2JHVX9B1O,しるふぃん,9WJB6YPPN,温室花畑,1247,4,3098,1175600,7,7,6,7,6,9,8,7,57
90BVR94X0,たらこ,W09WBG3HY,どろんちゅ,1012,6,3100,1175400,10,8,5,10,1,9,5,10,58
W57NVLWY6,ノイマ,F8MLHU2NV,乙宗梢様､､､,1153,5,3101,1175200,8,5,6,7,7,10,9,10,62
B3BSB19EC,端子,AXG81GPMP,蓮ノ空マタギ部,1064,3,3102,1175000,7,4,3,8,5,4,5,8,44
HGR6O7483,Masumiy,HMBW9DXY2,蓮好き皆あつまれ,1236,9,3103,1174800,7,7,7,10,6,9,7,9,62
VMTBMK4LR,きょーすけ,573J1JVVK,かほかほ,1335,2,3104,1174600,9,7,5,10,7,9,7,8,62
YD9ABLEN2,ガハラ,F8MLHU2NV,乙宗梢様､､､,1386,18,3105,1174400,10,10,9,10,9,10,9,10,77
PLE11SC0E,無軒,919XF8V2V,蓮之空大三腳,858,0,3106,1174200,7,4,4,7,6,4,7,6,45
5AN9D1M3G,カジ,N1JM7M3YC,丘側,1420,8,3107,1174000,9,8,9,10,9,9,10,9,73
HXF8FVBR2,ささみ,YDYH4VRRP,レンクウ,1086,3,3108,1173800,6,3,6,7,8,10,7,7,54
JYIDND783,Spinel,4LEPNP89A,ひとり,1269,18,3108,1173800,5,6,7,10,5,7,10,10,60
4HG5APMFG,こけ,G6EH0KHT7,なんもわからん,1076,6,3110,1173600,7,6,6,8,5,8,6,8,54
769EY8FXW,シュート,HMBW9DXY2,蓮好き皆あつまれ,1557,18,3111,1173400,10,10,10,10,10,10,10,10,80
NMTY0TY3U,ひじり,G0J2F9NAL,さやさやさーくる,1185,16,3112,1173200,10,9,9,10,9,10,9,10,76
2UCZTQIV2,E5,B2KV0EVPD,蓮ちゅきクラブ,1371,11,3113,1173000,6,5,4,9,7,9,6,9,55
FBJQUYBP1,アンコロモチ,L3NN1RWMY,アポロベイ海賊団,1162,10,3114,1172800,7,8,4,6,5,8,9,9,56
OQ0CB3XWK,うざむん,HBCC35887,そりゃー!!!,1625,5,3115,1172600,10,10,10,10,10,10,10,10,80
FXRAFHXEE,2262z,919XF8V2V,蓮之空大三腳,1166,3,3116,1172400,8,6,5,8,5,9,6,9,56
VAORDHLLC,Kisa,5YEE75CB4,ロビーで待ってる,1244,1,3117,1172000,9,8,8,10,8,9,9,9,70
YAHIOBQO6,ゆま,HWJ8XPW0T,箱推しなのだけど,1023,14,3118,1171800,7,8,9,10,8,10,8,8,68
RP68X0H0M,普通NEKO,HWJ8XPW0T,箱推しなのだけど,1374,3,3118,1171800,10,4,9,9,5,10,5,10,62
JUWW3J7AJ,わぉん,W3F0URUJC,梢先輩応援団,1314,1,3120,1171600,6,6,7,10,6,9,8,8,60
59K7HM98C,しゃー,YD2XWWFA4,蓮好き好きクラブ,398,0,3121,1171400,6,7,6,10,8,6,2,10,55
J7603HXDR,Harurun,AGJ215YND,蓮の空中國分校,1050,2,3122,1171200,8,7,6,7,7,7,7,8,57
YH73TWDB1,しげ,V9069U4Y3,ざぁこざぁこ,926,4,3123,1171000,6,7,7,10,7,8,5,9,59
E4R46VY57,ミルクティー,NGFXVPCGX,うさぎのしっぽ,1144,3,3124,1170600,7,7,7,6,5,8,5,7,52
Y4GLOZ0A8,えーたん,J0N1E3Y09,月火水木金土日,1346,18,3125,1170200,10,5,8,9,7,10,9,10,68
FBV24R5LR,Kuma,X33HHA9F8,アルストロメリア,363,0,3126,1170000,9,5,7,8,4,7,5,7,52
MHA5MKNTG,千井川(ちいかわ,LHXNEF3D5,まるまるサークル,1319,4,3126,1170000,7,7,9,8,5,7,6,7,56
GL3WKV3PN,sake,865UE9UC6,蓮ノ空うどん部,875,2,3128,1169800,8,5,7,8,5,10,5,5,53
G4IX3PBEO,ぽむぷりっ♡,Y2HV0YEF7,蓮ノ空を応援し隊,1551,19,3129,1169400,10,10,10,10,10,10,10,10,80
NJJF7FLCV,しらたき,2NY9H8BR9,乙宗紅茶館,1050,3,3130,1169200,10,9,8,10,7,10,7,10,71
HCCN656H4,おもち,G0J2F9NAL,さやさやさーくる,630,2,3131,1169000,4,6,8,6,4,10,5,10,53
H7MVU0A93,ぽて,GYG7B5R36,幼馴染同好会,842,7,3132,1168800,10,10,10,10,10,10,10,10,80
CJB5HYVP1,you,GR65FP8VN,蓮好き,1053,13,3133,1168600,2,8,9,10,1,10,7,10,57
RJG6BHCRD,ソイ,C0NDBKMRB,すりぃずぶぅ家,1337,10,3134,1168200,6,7,7,8,6,8,8,10,60
R258NV5D6,シノ,H0DV3JJGA,かほさやてぇてぇ,1141,9,3135,1168000,8,8,7,8,6,10,9,8,64
VGZ1CCVZ4,タナトス,W3UUXHMDV,水彩ブーケ,1373,6,3135,1168000,10,5,5,10,8,9,9,10,66
OOCUAWI57,hirokky,UMG1B9C7V,蓮ノ空女学院,1223,7,3137,1167800,9,8,7,9,8,9,8,10,68
9WVHJBDEG,まさ,E34RNNCMJ,サークル名は仮,1203,0,3138,1167600,7,7,6,9,7,8,7,9,60
NPET2MEMX,すずみや,F2CFWVMY9,藤島め組,496,0,3139,1167400,5,5,4,5,4,10,4,5,42
2MD5236N8,ゆー,3FF3NB77X,せーはす愛好会,973,0,3140,1167200,9,7,6,9,7,9,6,9,62
WRVEVRRSP,nissy,J0N1E3Y09,月火水木金土日,1198,3,3141,1167000,8,6,6,8,7,7,6,7,55
G5XP7HP0M,白聿,AWFDLJ1HC,小蓮花（重生版x,1250,13,3142,1166800,4,6,7,9,4,7,5,7,49
39FN90H9W,やが,9WJB6YPPN,温室花畑,1489,12,3143,1166600,10,10,10,10,10,10,10,10,80
4B9EUM5R9,しらすたん,CV62FGL1U,花咲かせ隊,1310,17,3144,1166200,8,8,9,10,7,10,10,10,72
77GM1FVZE,エクスプレス,3EP5KGPDW,ドミノシティ,1023,7,3144,1166200,7,8,9,10,8,8,8,10,68
UMRA60XUP,よぬ,53NYG615U,蓮ノ空飲酒愛好会,1335,2,3146,1166000,10,9,8,10,8,10,8,10,73
3A99DPBCB,が〜なお,AND13836G,乙宗梢親衛隊,1310,6,3147,1165800,9,8,10,10,6,10,9,10,72
GARL762FP,ICH,MVMP6NNXD,空き時間らくがき,1267,8,3148,1165600,6,6,10,10,5,9,6,9,61
NAQKDWP85,フカ丸,Y2P9LABR2,スクステ同好会③,1412,8,3149,1165400,8,8,7,9,7,8,7,10,64
M2MEG8J22,りっぷる,WCUAMVY9X,ゔんゔん會,1168,2,3150,1165200,10,6,10,8,8,10,10,10,72
UFLPMI3S1,Kokoro,17AEM7PUN,SIFcord,989,7,3151,1165000,4,4,6,6,7,6,8,9,50
4KD8TL9XR,Seん,EHGD5JJK1,限界夜行,913,4,3152,1164800,1,7,8,8,7,7,5,10,53
W8BJZ0I0E,f960013b,YD2XWWFA4,蓮好き好きクラブ,1209,18,3153,1164600,5,6,8,9,8,9,9,10,64
60NX9PMR1,なたまご,25PMPEMG7,星見プロ,1305,17,3154,1164400,10,10,10,10,10,10,9,10,79
FD951GM49,ばれんてぃん,PH0YEPJD8,蓮ノ空北國金沢,1046,2,3155,1164200,7,3,2,6,5,7,9,8,47
PK9AMV3AH,水橋リョウ,60KU468X3,はっすーず,910,5,3155,1164200,5,6,8,9,7,10,6,8,59
JWK0F6B8A,あば,5V9TDD4NF,みんはや蓮ノ空部,1048,6,3157,1164000,5,6,7,7,5,8,7,8,53
8JDT6KXGY,飛鳥II,F8MLHU2NV,乙宗梢様､､､,907,0,3158,1163800,7,6,5,8,5,9,5,7,52
Q8YX0Z3TC,andr4043,17AEM7PUN,SIFcord,1243,16,3159,1163600,8,4,8,9,7,10,7,8,61
HXT4T7Y5T,ぢっかー,F8MLHU2NV,乙宗梢様､､､,1155,0,3160,1163400,8,6,4,10,5,9,5,9,56
6YDYKVPEJ,kosanaku,KJRCDAB1A,トマティー,1539,11,3161,1163200,10,10,10,10,10,10,10,10,80
IKGXEWZ7Z,saka,JDAG79TG7,百合ノ空観察部,1418,9,3162,1163000,10,8,6,10,10,8,9,9,70
LEU68HE0L,UUU,PUJ0ERCMW,蓮ノ空倶楽部,690,2,3163,1162800,7,10,6,10,6,6,8,8,61
F7YHE8NEJ,ﾋﾟ!,9FF5JBNDF,めぐすきクラブ,1027,5,3164,1162600,9,8,7,10,7,10,9,10,70
KAEXJYF1Y,ぐらたん,85D411XNB,蓮っ子の集い,867,0,3165,1162400,6,7,6,8,6,7,5,7,52
6R0UL4BC6,kino,FMKP92LRL,目が霞む人達,1060,3,3165,1162400,7,7,7,8,8,7,7,7,58
UNX64AUDG,閉扉,4FXPC55PY,PPIHクラブ,1077,4,3167,1162200,10,2,7,10,1,10,5,10,55
5JCOT6Q8E,まっちゃん,FJMA5BPPE,蓮ノ空すきすき部,1247,1,3168,1162000,9,8,8,10,7,9,9,10,70
65WP833YT,まーぐ,06DCWC1RE,とりあえず参戦用,1212,1,3169,1161800,9,7,7,9,7,9,7,9,64
LPJ36TPHW,稲妻カレン,XR2P2LDY3,蓮ノ空さいきょー,1225,4,3170,1161600,10,4,8,7,9,6,10,10,64
HL1Y687Y8,綾鷹信者いっしー,ABU58EVJ2,Quatuor,1066,9,3171,1161400,8,7,7,10,7,10,7,9,65
5PJMVDK3N,せかい,CRXN961YF,ビギナーズラック,737,0,3172,1161200,7,6,6,8,5,8,7,7,54
YNLYR8JC4,やんぴー,JY79RPB1D,リンクラゆる部,1323,6,3173,1161000,8,9,10,10,6,10,6,10,69
7FBJ50B3E,メリッサ,8MLVA67AK,聖ミリオン女学園,1097,0,3174,1160800,10,8,9,10,7,10,9,10,73
9Z2DLEZD7,ひさを@にこ誕,573J1JVVK,かほかほ,1235,3,3175,1160600,10,10,10,10,10,10,10,10,80
K6JY9MLK5,オズ,41N8G98LV,花帆梢百合応援部,1200,3,3175,1160600,7,6,5,10,5,9,6,9,57
762ZY9B09,たろう,JTX1G19BP,さやかほ癒し会,1238,3,3177,1160400,8,5,6,8,7,9,8,8,59
MBV5G0MEP,マカロン,HMBW9DXY2,蓮好き皆あつまれ,803,2,3178,1160200,10,9,8,10,7,7,7,7,65
JKJ9MLXH0,ともか,ABU58EVJ2,Quatuor,1108,14,3179,1160000,10,10,10,10,10,10,10,10,80
B2X1CHG1K,546,H1XNGBDFT,ちーむUK,867,7,3180,1159800,9,9,4,7,6,7,8,10,60
9T0V7BIR0,えりんぎ,424NLTEE8,無言な異次元部屋,944,3,3181,1159600,6,6,9,8,6,9,7,8,59
TAEPWJ4WM,アスカ,LUDNM40F8,ふくふく無言OK,1200,15,3182,1159400,7,9,9,9,10,10,9,10,73
2L75E0XAF,edelnote,CY3GGDH7H,㍿キモ・オタク,518,1,3183,1159200,10,7,10,8,4,8,7,7,61
BV314WCNG,マスヲ,47K017YJL,対抗戦(個人),928,4,3184,1159000,10,10,10,10,10,10,10,10,80
2RD670428,なかむら,96M23BV22,高松家,1082,10,3185,1158800,7,7,6,9,7,8,7,10,61
0I4R533B1,NORIp,HMBW9DXY2,蓮好き皆あつまれ,1280,5,3186,1158600,7,7,7,8,7,8,6,8,58
BB9PK0NPU,ケイ,WE4AB37FP,めぐ党,1283,4,3186,1158600,7,7,8,8,5,8,7,8,58
TAE0BR8R7,駄犬,NMT63RUDV,泥村,1121,0,3188,1158400,8,8,7,9,6,8,7,9,62
TH6YBMAER,肉プルーン,G0J2F9NAL,さやさやさーくる,1429,18,3189,1158200,7,6,10,7,7,10,10,10,67
AL66PFU3A,マクラ,PHEKJB75C,乙宗四季恋愛㌠,1194,4,3190,1158000,7,7,7,8,6,9,7,10,61
7R1SZ5PEX,Yuuki,NC2YT2V28,蓮之愛同予者何人,1309,15,3191,1157800,5,6,8,6,1,8,8,7,49
UBA8NDEUF,かでお,3BDTCERX6,打ち返した流れ星,1073,4,3192,1157600,5,6,6,9,6,10,6,6,54
L09HKBMPL,eru,2NY9H8BR9,乙宗紅茶館,1210,10,3193,1157400,9,9,7,9,7,9,9,9,68
GBEAVAB4E,らむにく,1D7T2UXC2,無言でのんびり,909,4,3194,1157200,6,10,7,9,7,10,6,9,64
ESBNCNW5F,おだんご,8R49BTWW6,蓮女お嬢様クラブ,1370,18,3195,1157000,10,10,10,10,10,10,10,10,80
PWCXVB1YJ,KOz,KGDNX3EF3,ENcircle,1146,4,3196,1156800,9,6,7,10,7,9,7,9,64
WBCTVU8GR,ハヤテ,D7H8MN2U4,LLD,1282,3,3196,1156800,10,10,9,10,7,10,10,10,76
BDA4ZLNWU,ふうら,B5V2LNN43,WMW,1462,13,3198,1156600,10,10,10,10,10,10,10,10,80
XTLBAD21U,かわニャン,LUDNM40F8,ふくふく無言OK,1149,5,3199,1156400,6,6,8,6,6,8,7,7,54
9LVC7UFJR,KKstar,KBJ2P8T0Y,人見知りの集い,992,2,3200,1156200,7,6,8,8,5,8,7,8,57
DR7HH3VRL,ゆきのはら,FLFXP0T22,沼津内浦メンバー,773,3,3201,1156000,4,4,6,5,4,5,6,7,41
DBN0KNDEH,あいす,TK9E1BB1P,無言で自由,683,4,3202,1155600,6,4,6,6,5,5,9,9,50
D2OR23P94,キール,UMG1B9C7V,蓮ノ空女学院,1407,10,3203,1155400,10,10,10,10,8,7,10,10,75
GE5TDGFGV,神糸くくり,VP0K6KF0K,蓮ノ空大好き!!,1319,1,3204,1155200,9,10,9,10,7,10,10,9,74
WJKT5Q7AE,とし,T8X0G07YB,なければ立てる！,1570,16,3205,1155000,10,10,10,10,10,10,10,10,80
R915WM491,またたび,N2KCENRKH,猫＆旅大好き部,1300,14,3206,1154800,7,7,8,10,7,8,8,8,63
VBN10J39K,ふく,573J1JVVK,かほかほ,947,4,3206,1154800,10,6,4,10,7,8,5,10,60
5AC20S1SB,CEiS,FH7G62PKW,月火水木金土日,1391,7,3208,1154600,6,7,5,7,6,8,7,10,56
HE0KS47VD,サボちゃん,EECF9C0N3,蓮ノ空　茨城分校,1227,1,3209,1154400,9,7,6,9,5,8,8,9,61
5LT3LJ3EG,gamoti,FK5MUK0ET,くる♡すきクラブ,770,3,3210,1154200,10,8,9,8,8,9,8,10,70
C9DG98GXN,ヘッドギア,J0N1E3Y09,月火水木金土日,980,2,3211,1154000,9,7,7,6,6,10,8,9,62
5HL9TJ1PA,さば,9GDHWXGVG,ルリと花咲く毎日,1056,8,3212,1153800,7,5,5,4,5,3,6,6,41
K62M4WLKT,アルヘナ,0UT59MJ8U,かほすこ同好会,1417,17,3213,1153600,7,7,8,9,7,9,8,10,65
MKRT2REM7,テア,GC2LB58KB,ゆきみかん,754,0,3214,1153400,7,6,7,4,6,8,5,8,51
J4C9WXDD3,ぽん,V830CTTX3,日野下後輩,1092,10,3215,1153200,9,9,7,10,8,10,6,7,66
F2WDPD8J8,花若欣,J800VVPTN,Aqours,1057,1,3216,1153000,8,7,6,9,5,9,6,8,58
LEH4EK924,Array,BT22M41DV,梢花帆吟子同好会,993,6,3216,1153000,10,4,8,8,1,10,9,10,60
TEF8ARDKV,麦茶,UYCT3Y4JK,蓮っ子,1092,3,3218,1152800,8,8,7,9,7,9,8,10,66
UO4OREK96,しろこ,G59NGM0XA,シュリーレン,1352,4,3219,1152600,10,10,10,10,8,10,10,10,78
KLUX6726R,Ted,FH7G62PKW,月火水木金土日,1340,11,3220,1152400,6,6,5,9,7,8,7,10,58
QBC5BTLB9,ヘリオ,3A63DYH54,LLすこすこ部,1118,13,3221,1152200,6,6,7,10,6,7,6,9,57
QHFX25I9C,かむなゆ,V4GR2N4X8,お台場in金沢,1084,3,3222,1152000,10,10,10,9,7,9,6,10,71
2HBRHLDE5,エックス,573J1JVVK,かほかほ,1301,6,3223,1151800,7,7,7,9,7,9,8,9,63
YRJ1RF15X,麟,5KK3DFY18,MUGEN∞,1251,2,3224,1151600,8,7,7,9,7,9,9,9,65
PW2IZOV8C,メティス,6045Y2RW7,ポチっと！蓮ノ空,1466,15,3225,1151400,6,7,8,5,1,10,7,10,54
BITKA7GHG,ゆう,948FLPMPN,まったりハス煮〜,1045,13,3226,1151200,2,4,6,8,7,8,7,7,49
VBKPZ9TK8,ゆりか,UN4AHCLTX,蓮ノ初心者,1494,15,3227,1151000,10,10,10,10,10,10,10,10,80
VRZV7BROS,はる,L1VGJTD5P,蓮ノ空お茶会部,1090,5,3227,1151000,7,4,7,6,5,9,7,9,54
WPPCDF0CE,アイン,L28X4MDJN,アフター観たいぞ,1363,18,3229,1150800,7,7,8,9,6,9,8,10,64
XA4Y606D5,ac,RNJ306W6N,日曜日よりの使者,1045,2,3230,1150600,4,6,8,4,5,9,6,8,50
Y4M5MKCC7,あきゅーう,B08JAPP33,対抗戦したい,934,8,3231,1150400,6,7,10,8,8,8,4,8,59
YFH6GDLTK,めぐ島めぐ島めぐ,KT4C59NXG,めぐ島,1491,14,3232,1150200,10,10,10,10,10,10,10,10,80
THE8S8TE1,フォレスタ,JTX1G19BP,さやかほ癒し会,1200,9,3233,1150000,7,7,6,9,7,9,8,9,62
LV8N78XU4,たまごパン,3BE2RELRC,見晴台,475,1,3234,1149800,7,5,8,8,4,8,6,6,52
O5JDQOZLK,まれょ,43235R4UP,MRY,1164,6,3235,1149600,6,7,8,8,6,9,9,10,63
RUJNOUZQ6,ちくでん,PYFV3GWNV,異次元P,732,3,3236,1149400,4,10,4,2,8,4,10,5,47
FB957P8CR,くーもも,LHXNEF3D5,まるまるサークル,1237,16,3237,1149200,7,10,7,10,9,10,9,10,72
FPWL0ALUV,サカイ,7R8NKPAB1,花帆推し倶楽部,1383,0,3237,1149200,10,7,10,10,8,8,10,10,73
KEA9AE70L,Fesia,0XUV5025C,めぐめぐバブり隊,1267,5,3239,1149000,9,8,7,10,7,9,9,8,67
TAH75JV3M,猫幡さや,6CLTCLEVT,猫屋さん,718,2,3240,1148800,2,8,5,8,5,7,8,7,50
M9CYN1PH9,角,XEENRBXCG,蓮ノ空休日クラブ,958,1,3241,1148600,6,4,4,8,7,8,7,7,51
XDLCMV6KN,伊達真,J7N4W6Y1K,こずミックラブ♡,1124,13,3242,1148400,6,7,9,9,7,8,6,8,60
NI9I62FHU,キリキリユウ,N7GLY2RUW,百生銀行,1345,5,3243,1148200,9,9,8,9,8,10,8,9,70
U8JD6PLY8,なかしょー,NMT63RUDV,泥村,1167,18,3244,1148000,9,10,7,9,8,9,8,9,69
AQWA9ITUH,ELLE,T8X0G07YB,なければ立てる！,1399,3,3245,1147800,10,7,8,10,8,10,8,10,71
50TT94CWT,パイセン,FC8NBAJBT,ラー麺二郎金沢店,1217,8,3246,1147600,7,8,8,10,8,8,10,10,69
O5W0KHG41,るりひめぱーく！,B2KV0EVPD,蓮ちゅきクラブ,1210,2,3247,1147400,8,9,7,9,7,10,10,9,69
M9L6U6TDO,ひとしずく,HMBW9DXY2,蓮好き皆あつまれ,1148,4,3248,1147200,9,6,8,9,7,8,8,9,64
BJV4CQSRG,taktom,8YDE8BXJT,ずんだシェイク！,1358,10,3248,1147200,9,8,9,10,10,10,10,10,76
CB07BEGGR,チェケラんどう,X7YM9EG8K,伝統の石川地酒,1312,0,3250,1147000,10,10,10,10,10,10,10,10,80
4NGXEKB5K,CROSS,5YEE75CB4,ロビーで待ってる,1223,18,3251,1146800,10,10,10,10,10,10,9,10,79
P99AB6MVA,ガッチ,F2M746D4B,頑張らないクラブ,773,2,3252,1146600,6,8,8,8,1,9,8,7,55
GYR6VF5PC,マサ吉,KWFJDTKE7,オメガケンタウリ,1198,7,3253,1146400,8,7,9,9,7,9,8,9,66
3LWYT4DP5,Spaicy,N7GLY2RUW,百生銀行,913,1,3254,1146200,9,5,10,9,7,8,8,6,62
8FYYKT0TF,シンジ,NHA0WEU8N,テキトー,1060,4,3255,1146000,9,7,8,10,7,8,8,9,66
8TL4RB208,trista,NC2YT2V28,蓮之愛同予者何人,1155,11,3256,1145800,6,8,8,10,8,10,8,9,67
IMNKC4SP6,だみん,D7H8MN2U4,LLD,1266,12,3257,1145600,8,6,7,10,5,8,7,9,60
QN80AZ200,(´・ω・｀),B5V2LNN43,WMW,1373,4,3258,1145400,4,4,4,8,3,8,10,10,51
ORYI1IWJW,みゅう,BELCUYCMH,蓮hkg香港分部,1205,17,3259,1145200,6,5,8,8,7,8,6,10,58
TKN4K5KDJ,cosmos,M49MMBK4F,スリーズパーク,1007,8,3260,1145000,2,4,10,7,8,6,8,10,55
75F15U535,ZheNreN,WJY2HK6A5,蓮の空イベント部,1135,10,3261,1144800,10,10,10,10,10,10,10,10,80
36O1J8BDY,タイム,95TAREFPT,ご自由にどうぞ,1415,3,3262,1144600,10,10,10,10,10,10,10,10,80
318H8W91E,こぼし,HBUK6F7CC,乙宗梢なりきり部,1387,12,3263,1144400,9,9,9,10,9,9,10,9,74
T6U80F9NB,カズ,K0ATKT27L,中川左遷先,829,2,3264,1144200,4,6,10,4,9,1,9,10,53
FBMMG2GN2,りっひ,PMME7169X,蓮っ子動物園,1062,6,3265,1144000,7,7,8,8,6,9,9,9,63
I8CFP6VS6,ぁぉぃ,XR2P2LDY3,蓮ノ空さいきょー,1257,12,3266,1143800,8,7,10,10,8,10,9,10,72
EENK103ME,kP,A3X92L6YU,お試し用サークル,1162,0,3267,1143600,9,4,6,8,5,4,7,8,51
NJKWR4CNW,へぐわ,4WWM4VVDK,蓮ノ空遊戯開発部,1549,7,3268,1143400,10,10,10,10,10,10,10,10,80
UJ3N51MRZ,れいん,6XX7GBM0K,ぷちぐる同好会,1242,16,3268,1143400,6,6,6,7,6,7,8,8,54
MYP1BFM9U,むっく,NK17PY5LW,のんびり,1375,6,3270,1143200,10,10,10,10,10,10,10,10,80
FG44KGL6K,天狗（てんぐ）,9JTF508LB,スクスタ亡霊部,1303,18,3271,1143000,10,10,10,10,10,10,9,10,79
PAJWEEFBW,イワーク,73N4AB3LR,かほ子のイオン,1328,11,3272,1142800,8,7,8,9,7,9,7,9,64
521MU0XLT,ぬえ,CM5THHYHB,「」ノ空だけれど,1354,18,3273,1142600,9,8,7,8,7,8,8,9,64
GN2YLTY4W,hiroki,K25DPPGT9,圧倒的にまったり,1429,17,3274,1142400,10,10,10,10,8,10,10,10,78
KBKPD3W89,なろ,85D411XNB,蓮っ子の集い,985,9,3275,1142200,8,9,8,9,8,9,8,10,69
3PMYHLUHV,あんがーにむ,J0PT5EX42,スクスタモ部,455,0,3276,1142000,6,4,6,8,4,9,4,7,48
MRW5T3JVN,ルイ,HMBW9DXY2,蓮好き皆あつまれ,1211,15,3277,1141800,1,6,6,2,7,7,8,10,47
JVS3WVUZQ,ひらゆう,48BTAPMBG,蓮ノ空魔術部,1418,12,3278,1141600,10,10,10,10,10,10,10,10,80
JVJ0NE0YL,空,KGDNX3EF3,ENcircle,1173,3,3279,1141400,9,6,8,9,7,10,7,10,66
9HIOUSLAM,あおつき,4XRHRYDW4,無言でエンジョイ,1418,15,3280,1141200,10,7,8,9,7,8,7,8,64
3GXV3YWWB,m4ax,BELCUYCMH,蓮hkg香港分部,1001,13,3281,1141000,6,7,9,10,7,10,6,8,63
GXJKYEDEI,そそぎ,YD2XWWFA4,蓮好き好きクラブ,1439,15,3282,1140800,10,8,9,8,7,10,6,10,68
NEVURWMRY,syndetos,6E27A15ER,蓮ノ空自由クラブ,969,5,3283,1140600,7,7,7,10,7,8,6,8,60
QA5SVL4G7,まーとん,J7N4W6Y1K,こずミックラブ♡,1002,6,3284,1140400,10,8,7,10,7,8,9,9,68
ZEHSWEQLW,赤髪の刹那,AXG81GPMP,蓮ノ空マタギ部,1144,18,3285,1140200,5,9,8,10,8,5,4,9,58
UV5HEP7GN,ぬるぽん,FR5PDRB5Y,株式会社つづさや,1106,12,3286,1139800,6,6,7,7,5,7,7,7,52
IJ01XIN5A,みつき,J7N4W6Y1K,こずミックラブ♡,1317,6,3287,1139600,8,7,7,9,7,9,5,9,61
8CHE0ALFJ,Suzu2203,9YM3DBTB7,泥民館,1017,13,3287,1139600,8,8,10,9,8,10,1,8,62
2925Q52C9,オヌ,TK9E1BB1P,無言で自由,1576,18,3289,1139400,10,10,10,10,10,10,10,10,80
3LGOQIOSC,raeeee,K25DPPGT9,圧倒的にまったり,1204,11,3290,1139200,5,7,9,8,7,10,10,10,66
PPKG2GEEB,TTSC,P2J37FNLG,乙宗先生指導会,832,0,3291,1139000,10,6,7,8,5,9,9,10,64
EXFXHRJY2,空振り,MU7M5NFXM,蓮の振替休日,1464,18,3292,1138800,10,10,10,10,10,10,10,10,80
6VCG605UG,有楽町,9GDHWXGVG,ルリと花咲く毎日,1052,13,3293,1138600,8,8,10,9,7,10,6,7,65
NY0TT6UNV,Aba,HXXWV79PL,nitkc,1179,14,3294,1138200,7,2,2,4,5,4,7,10,41
2M1TVMF7V,にゃんぷれ,K8C99H42D,ルリと喜ド！愛楽,1080,2,3295,1138000,9,4,6,4,5,9,7,9,53
D4ELFBWG2,にゃむle,0PJ19NAE3,蓮ノ空同好会☆,691,0,3296,1137800,10,10,10,10,10,10,9,10,79
WAP5Y9RMW,old,0FMM30LCA,無言,640,4,3296,1137800,10,10,9,10,10,10,9,10,78
LLFG2WXVK,MOTTI,C8WCYKBU4,蓮,1002,3,3298,1137600,2,10,10,7,9,9,1,7,55
X0RDBY7TQ,まーりん,HBM31HMUY,YUKIZURI,1326,6,3299,1137400,10,8,10,10,7,10,7,10,72
YR5WZBFHE,L,HBK6KCRPP,無言でおけ,1168,13,3300,1137200,7,7,8,10,7,9,8,9,65
VCHLJNHL2,かうどん,P2J37FNLG,乙宗先生指導会,1203,3,3301,1136800,2,4,4,7,4,8,5,10,44
DGYYEEB8G,どんべ,1618JMRED,リンクラ自習室,1011,3,3302,1136600,7,6,5,7,6,7,6,8,52
W5EAA1RLS,AOシロ,6D49YVAT7,ユニット愛で隊,1233,9,3303,1136400,7,8,7,9,7,8,7,10,63
C81ZQ13D5,k,L1VGJTD5P,蓮ノ空お茶会部,1178,10,3304,1136200,6,6,7,8,6,7,8,9,57
7MX20LKKB,めぐかんーIX,G0WRCNRWK,県立沢庵図書館,246,0,3305,1136000,10,10,10,9,9,10,8,8,74
37HE2L11U,いずセラ,HXVYGL96H,初々しい対抗戦,778,2,3306,1135800,9,10,10,7,7,7,10,10,70
FXJVPAJ8K,ペンギン,4XRHRYDW4,無言でエンジョイ,1189,2,3306,1135800,9,6,7,10,7,7,10,9,65
7F091505K,ボンディーヤ,L1VGJTD5P,蓮ノ空お茶会部,1056,3,3308,1135600,6,7,6,9,6,7,7,8,56
XNV6N6FKN,kirinne,AGJ215YND,蓮の空中國分校,865,2,3309,1135400,7,7,7,6,7,9,9,9,61
9EBN8N33L,Rina,AAHB7C276,HaCordVN,1066,13,3310,1135200,3,5,5,10,7,10,4,8,52
RUPPM0KC6,ティーガ,L1VGJTD5P,蓮ノ空お茶会部,979,4,3311,1135000,6,6,7,7,7,8,6,9,56
AOZW5GR71,がーすー,2JK7E4115,ラ！推し,1206,5,3312,1134800,10,5,9,10,7,8,10,10,69
B71JRYQJB,おぐりん,Y6JNPC60C,綴理メイト,1412,13,3313,1134600,8,8,9,10,7,9,9,9,69
WHWLWR37R,さいどめにゅん,KT4P0CHHC,ゆったり同好会,709,5,3314,1134400,7,8,9,8,5,8,5,7,57
TP5UA0YF1,テヴァ,J9T0UFKXG,光を目指す者たち,1130,5,3315,1134200,8,1,3,5,8,5,8,3,41
CZIPFNZ4E,ひとつの光,Y2R7E79U3,カワウソ同好会,1162,2,3316,1134000,6,7,5,9,7,10,7,10,61
J8RYU36VL,KiRA,05KN1RR3U,さやかほ花卉園,1121,15,3316,1134000,8,8,10,10,8,10,10,10,74
H4PVY80JK,飛騨高山さるぼぼ,KM6X3YT8F,11人いる！,826,0,3318,1133800,10,9,5,8,5,8,5,7,57
4LPEM7MBC,マルコ道路,T4YA3VH9U,徒徒徒町町町,653,2,3319,1133600,5,4,9,8,10,5,4,7,52
90C5H5PNF,いぬ,UHF5Y8PEF,さやちゃん倶楽部,1139,1,3320,1133400,10,9,8,10,8,10,10,9,74
W8BESQFZV,おとなし,K2L5DCVNR,REAL,1129,8,3321,1133200,4,5,5,9,5,8,9,10,55
95LWACFPU,塩パスター,NJBBTCY3A,かにかに！,665,0,3322,1133000,8,8,7,10,7,10,8,8,66
H5NL9RHWC,よっしー,U1X8XUL9G,イベント用？,1227,10,3323,1132800,6,6,5,8,4,5,7,9,50
CAX9XGU98,三枝このは,JVUNVCT8P,梢先輩のASMR,1199,9,3324,1132600,8,8,9,10,7,10,7,9,68
2G8NVPJAT,ぶっちー,GVT61ATX0,なのだけれど,888,2,3325,1132400,7,6,7,8,8,7,6,7,56
5H1L5HMYK,こぬ,0YLUK30K6,蓮っコの集い,989,5,3326,1132200,7,7,8,8,3,9,8,9,59
P8X44HS43,ツンちゃん,75UJ5RB97,蓮ノ空雪野球部,1208,14,3327,1132000,9,7,9,9,6,10,8,9,67
JMPEK174K,しんしあ,CTW8DKV5P,まったり,1326,9,3327,1132000,10,9,10,10,9,10,10,10,78
X89P9MXL4,かき氷,FG5VFFNRK,蓮ノ空おじさん,1200,6,3329,1131800,7,6,6,9,3,8,8,9,56
G4B8CFE6U,あるみ,K2L5DCVNR,REAL,1111,6,3330,1131600,8,8,6,9,7,8,7,7,60
0YS5ZI4UO,txaxkaたか,NT2KU5174,こずかほ。,1384,18,3331,1131400,9,8,10,10,7,10,10,10,74
8D3FMPYIH,fu.kuno,0CEA9XFKR,蓮ノ空の泥人会,1289,5,3332,1131200,8,7,7,9,7,8,9,10,65
1MGWOAM55,やよし,5KK3DFY18,MUGEN∞,1508,14,3333,1131000,10,8,9,9,9,10,10,10,75
ONA6I2S82,くら餅米,BT22M41DV,梢花帆吟子同好会,1401,7,3334,1130800,9,9,9,8,9,9,10,10,73
OKCYEGBCK,貴之,F8MLHU2NV,乙宗梢様､､､,1311,1,3335,1130600,9,7,7,6,7,8,9,8,61
YM7NUBRD8,じうむ,YK0X6N2HN,無言OK出入自由,1256,18,3336,1130400,6,7,8,6,10,10,10,9,66
2CA34JRAV,あい*,L3NN1RWMY,アポロベイ海賊団,1209,16,3337,1130200,10,10,10,10,10,10,10,10,80
UCK9BBY03,ゆたから,MY7PHGEAX,かがやき号蓮女行,1019,3,3337,1130200,7,6,6,9,7,8,5,8,56
8VV13U8E2,レイジ,7B8K574NX,GEAR,1213,18,3339,1130000,4,6,4,10,9,10,9,10,62
2VWX66NL0,ぽてとまじおいも,1KDUBW4HB,めぐ党0番,576,0,3340,1129800,7,7,4,9,4,5,6,8,50
04REXQRZE,ユーロ,9X07VGM42,近江町食べ歩き隊,1378,11,3341,1129600,10,9,8,10,8,10,8,10,73
WJNOW6YZG,スノードロップ,NL1MPRG05,とりあえず,908,8,3342,1129400,4,8,10,2,4,6,4,10,48
33H0H9UB9,ゆうめ,F90XW14UP,のんびりプレイ,1244,7,3343,1129200,8,6,7,7,7,9,7,9,60
JBP0FMBP0,RD-2,WRFLMWL4U,映り込み金魚,1179,1,3344,1129000,8,8,8,10,8,9,8,10,69
M2JF48R82,くぼ,53M4V2BVG,吟子の髪飾り,960,3,3345,1128800,8,6,6,8,7,8,5,8,56
DFKVB33V4,トビー,HBM31HMUY,YUKIZURI,1314,16,3346,1128600,8,2,2,9,4,9,7,9,50
7L9MA3TG3,めがほたて,J9T0UFKXG,光を目指す者たち,979,3,3347,1128400,1,9,9,4,7,9,6,2,47
KB64N537R,ゆー,3194B9E93,初心者寄り合い所,989,4,3348,1128200,7,9,9,10,6,10,7,10,68
Y3WP2794F,梅茶漬け,U57VPUTEE,ゆったりクラブ,860,5,3349,1128000,7,8,10,9,6,8,7,8,63
XKT6N1G87,うら,C8WCYKBU4,蓮,1283,1,3350,1127800,10,10,10,10,10,10,10,10,80
RJ30SF02A,にどね,HE0GK3EPE,瑞蓮プロカ倶楽部,1133,13,3351,1127600,7,5,6,6,6,7,5,7,49
6NQBOHUY9,HOZ,RM7N1JDB5,無言推奨不干渉会,1202,4,3352,1127400,8,9,9,8,7,9,10,10,70
9OEVVFHNS,nabe,N34LHVJKN,のんびり堂,1309,9,3353,1127200,7,5,9,8,8,9,8,8,62
9BA8078CJ,メガネ,GN1798YEX,ド!ド!同好会,924,2,3354,1127000,6,4,8,8,5,5,4,7,47
M0JBDXBOD,さけ,948FLPMPN,まったりハス煮〜,1101,7,3355,1126800,1,2,8,9,5,8,1,9,43
OQTLVC6VM,この豚野郎！,9DKR4Y2CJ,蓮ノ空老人会,1329,18,3356,1126600,7,6,7,9,7,10,10,10,66
DLI1EBZ98,える,D74U0Y31D,はじめての蓮ノ空,867,2,3357,1126400,8,7,5,9,7,8,7,7,58
9YELCCB08,いふ,5KK3DFY18,MUGEN∞,1315,4,3357,1126400,4,5,5,6,7,9,7,8,51
50ZXERJWU,かるーあ,0R8BXPRC1,ポチっ！とクラブ,1442,2,3359,1126200,10,8,9,10,9,9,5,10,70
ABXP5M67E,えいと,M5LHG6R4T,乙宗動物園,1743,19,3360,1126000,10,10,10,10,10,10,10,10,80
FFF2CHO2D,BLUE,MVMP6NNXD,空き時間らくがき,1322,13,3361,1125800,10,8,10,10,10,10,10,10,78
KTMYEHRQ0,さぶれ,PPAHU1TNY,蓮ノ空のんびり部,723,0,3362,1125600,10,10,10,10,10,10,10,10,80
0JY49CDHJ,しびさん,BEMED3RY1,無言無課金ok,1075,14,3363,1125400,8,8,9,10,7,10,7,10,69
RX8ENMN4V,こずこず,EJY6B26D1,After見たい,576,0,3364,1125200,9,9,6,7,10,9,7,10,67
5U8U3WENP,K算,KGDNX3EF3,ENcircle,1143,3,3365,1125000,10,6,10,10,6,9,8,10,69
4MYGMM92F,トリガー,JWUL2T36L,チーム初心者,1212,18,3366,1124800,9,9,9,10,9,10,10,10,76
A0PDR4YW8,サコッシュ,MUXWTW1GV,蓮の空見守り隊,967,0,3367,1124600,7,7,6,8,6,7,7,10,58
FU9G7NGUM,ツーベルク,XE8513HNP,喫茶カワウ空✨,1128,2,3367,1124600,7,8,8,7,8,10,5,6,59
SKN67I1NN,在床上睡覺,FH7G62PKW,月火水木金土日,1523,12,3369,1124400,10,10,10,10,10,10,10,10,80
GNI2E2FM6,Milkie,17AEM7PUN,SIFcord,683,9,3370,1124200,3,6,5,4,7,3,6,6,40
PMJ9ZD08Y,銀モン,VN1LXEHLR,綴理、愛,1023,7,3371,1124000,9,8,10,6,6,7,6,10,62
DCFGCRPR8,ゆふ,NDGW77R2V,こず花帆尊い,1046,2,3372,1123800,7,6,5,8,5,4,7,7,49
VYD2A18CD,あたリめ,XVTV7MVCX,雪月花,1374,15,3373,1123600,5,5,7,7,5,7,8,9,53
0IFS761K4,さくら,RM7N1JDB5,無言推奨不干渉会,1250,3,3374,1123400,8,7,5,8,7,7,8,9,59
8JB94HF77,R,N2KCENRKH,猫＆旅大好き部,170,0,3375,1123000,10,10,10,10,10,10,10,10,80
NDA9M2JGD,LOVESICK,WHWT61ELR,【無言】ハスノソ,1274,3,3376,1122800,8,7,7,8,5,9,9,9,62
KX55PUPWA,なお,JRAC1HYUD,SPHS-MMT,1478,18,3377,1122600,9,9,8,10,8,8,10,10,72
80HT9JB67,うみゃん,CM5THHYHB,「」ノ空だけれど,1343,6,3377,1122600,9,8,9,10,8,10,8,10,72
UNJAN07RY,てるぴ,2ULM366U6,毎日がエブリデイ,1465,3,3379,1122400,9,9,10,10,9,10,10,10,77
HC9P8IT0V,やまねこ,D1YHB0B1A,BWO,1331,8,3380,1122200,10,10,9,10,10,10,10,10,79
WU9TUA3NY,紅淵,AH27N260E,百生信託銀行,1055,7,3381,1122000,6,4,3,8,7,5,7,7,47
T1CWAIKC7,Dave,7XH3K4GBT,LLP,1079,11,3382,1121800,6,5,7,10,5,10,6,10,59
9UD0Y33U6,ぶりぶりざえもん,5JA9K5FAK,オタサーの姫芽,467,1,3383,1121600,10,10,10,10,10,10,10,10,80
7EXOPG4TJ,さくらうちすと,0B8RTHY4D,のんびり屋さん,1219,11,3384,1121400,5,7,8,8,7,9,8,10,62
V2LHVVUHN,ペリドット,4FXPC55PY,PPIHクラブ,1010,3,3385,1121200,8,7,5,10,6,10,7,8,61
29J1HFW81,アレグ,5L9GNT78V,叶え！私達の◯◯,1179,13,3386,1121000,5,6,6,8,6,7,5,7,50
OF6JS0R8V,でぃあ,Y7KJ3PM8P,蓮すきすき同好会,1413,18,3387,1120800,5,5,7,8,6,8,9,10,58
FSHJVHIEX,ぽむ,4RY75CKM4,LLすこ部　メ募,1316,4,3387,1120800,9,8,7,10,5,9,9,9,66
YVX2HMVVO,ふえふえ,F2M746D4B,頑張らないクラブ,997,7,3389,1120600,10,4,4,10,7,10,7,5,57
S8OW4YBAS,dhrs,8FR866PRY,蓮っ子みらくラブ,1244,18,3390,1120400,8,9,9,9,6,8,8,10,67
DCB4XWMR9,ヨナ,HPTHY23VR,蓮ノ空文芸部,456,0,3391,1120200,10,6,6,10,9,10,7,9,67
NMW3LD7XV,ねこのしっぽ✨,573J1JVVK,かほかほ,1187,0,3392,1120000,6,7,6,5,7,8,5,8,52
R05BFCN2M,チョコ,DFXEH0E0B,香港の初心者♪,1038,4,3393,1119800,10,10,9,9,10,10,7,10,75
213G1AGIB,Tsutcho,XR2P2LDY3,蓮ノ空さいきょー,1602,17,3394,1119600,10,10,10,10,10,10,10,10,80
XGW9PRRG8,せり,07JW71HWG,良いチケで観よう,1486,18,3395,1119400,10,10,10,10,10,10,10,10,80
QSOCTGST3,ベア,TR057C1UW,蓮ノ空ぼっち部,1274,2,3396,1119200,9,7,7,9,8,5,8,9,62
99CZM3GLJ,glan,3194B9E93,初心者寄り合い所,632,0,3397,1119000,9,2,6,5,1,4,5,4,36
5PSM037LM,アルパカ,HMBW9DXY2,蓮好き皆あつまれ,1105,6,3398,1118800,7,6,6,9,5,5,6,7,51
72WV8KO9H,だいきん,KBJ2P8T0Y,人見知りの集い,1320,16,3398,1118800,9,9,9,9,9,9,10,10,74
725YB27T3,ぷに,XEENRBXCG,蓮ノ空休日クラブ,1013,3,3400,1118600,9,6,10,10,7,10,7,10,69
UGTEP77JP,夏鷹,PPAHU1TNY,蓮ノ空のんびり部,1404,16,3401,1118400,8,8,6,9,5,10,9,8,63
6WCVA9HWL,にう〜,X7YM9EG8K,伝統の石川地酒,727,0,3402,1118200,7,4,6,6,5,5,8,9,50
NLLT8V6EJ,しょうゆ,MKUXK0AAY,閑古鳥,691,3,3403,1118000,7,7,2,4,1,2,9,2,34
0RH71W7J8,そらね,KW0RM1LEP,はすっこくらぶ,1100,8,3404,1117800,7,6,8,8,6,8,6,8,57
A6L18JGCG,Lynx,0CEA9XFKR,蓮ノ空の泥人会,1197,3,3405,1117600,7,3,5,8,5,6,7,8,49
A6FVDXVPT,pura,JX0BXWNWH,新米蓮好き好きC,370,2,3406,1117400,8,6,7,8,5,7,8,8,57
5EH053XM0,❃,B5RB6PDGT,人見知りクラブ,699,0,3407,1117200,6,6,7,7,1,8,10,9,54
AWI3WQKEX,「みやび」,T8X0G07YB,なければ立てる！,1515,15,3408,1117000,8,9,10,10,8,10,10,10,75
MJ2907ZNZ,ふよっしー,H0DV3JJGA,かほさやてぇてぇ,1157,13,3408,1117000,4,5,4,6,5,4,4,5,37
C7FEF3635,神城,JDAG79TG7,百合ノ空観察部,1265,3,3410,1116800,2,4,10,10,7,10,7,10,60
1KCG500P9,久遠なな,U0N57LDY5,くさ・みずタイプ,1049,11,3411,1116600,8,9,10,10,10,9,8,9,73
73LBJV151,降雨,L1VGJTD5P,蓮ノ空お茶会部,981,0,3412,1116400,2,4,9,3,9,7,7,9,50
AJEC3YTCF,かくねこ,EPWMMAXNY,蓮ちゃん初心者,1049,11,3413,1116200,5,4,5,9,9,9,4,9,54
LTGCD5H3D,いろはす,FK5MUK0ET,くる♡すきクラブ,457,0,3414,1116000,7,3,10,7,4,7,2,1,41
FADAWIIRL,仕事の流儀,PDMPF3VVV,r/LL,1345,4,3415,1115800,6,7,8,6,8,9,9,9,62
18T943KO7,ポケっス,BT22M41DV,梢花帆吟子同好会,1201,3,3416,1115600,8,5,8,9,7,9,7,9,62
1P7HTVO16,PNZ,GPAAHVHCL,蓮ノ空地学部,1204,2,3417,1115400,3,7,4,8,7,9,8,10,56
0KANTF1WW,Trigger,J800VVPTN,Aqours,633,5,3418,1115200,7,7,10,6,5,8,5,10,58
MNVF5G0UB,イースト,8J1GJT2BC,近畿の大金沢,1422,6,3419,1115000,10,10,10,10,10,10,10,10,80
99GK7VQNP,そのひぐらし,LUDNM40F8,ふくふく無言OK,1434,12,3419,1115000,9,7,7,10,7,9,8,10,67
RXZQHNB3T,七穂,WHWT61ELR,【無言】ハスノソ,1257,6,3421,1114800,10,10,10,10,10,10,10,10,80
TX6PQW596,おハッセ,DMDF4VUL1,ゆるはす,1186,3,3422,1114600,8,6,7,8,5,8,7,8,57
DOEFYHPS5,青いバラ,Y2P9LABR2,スクステ同好会③,1225,9,3423,1114400,7,7,5,6,7,8,8,9,57
C9JIDED15,清水 恵,X8CVE2HNF,私ののぞみ,1423,8,3424,1114200,10,10,10,10,10,10,10,10,80
TLR2KZDVF,プーデブ,5KK3DFY18,MUGEN∞,1414,15,3425,1114000,9,8,9,10,9,10,10,10,75
JBU2WDK9D,らっきょ,W09WBG3HY,どろんちゅ,1068,10,3426,1113800,9,8,8,10,9,10,8,10,72
UKGTVLNSD,クリス,JTX1G19BP,さやかほ癒し会,1245,9,3427,1113600,7,7,7,8,7,9,9,10,64
DYL2U7HWR,少年A,BT22M41DV,梢花帆吟子同好会,1442,17,3428,1113400,10,10,10,10,10,10,10,10,80
MCP956821,O次郎,43HRXMXWA,無言OKクラブ,1371,18,3429,1113200,9,9,8,8,7,10,9,10,70
R9PN73NPM,atsutaka,GN1798YEX,ド!ド!同好会,814,2,3429,1113200,5,5,5,5,5,5,6,5,41
9WD164N1T,ね,H837E0M9R,沙知先輩大好き部,920,7,3431,1113000,6,7,7,5,7,6,2,6,46
V888R2379,おはみずせ,2KJ2UEC3P,ういちゅけクラブ,487,2,3432,1112800,4,3,3,6,1,10,1,9,37
TDWRL18LP,しめじ,P0CXCXHJN,地球,1319,16,3433,1112600,7,7,10,8,7,9,9,10,67
CBR337FMZ,ケイゴ,J8HXTJ8TB,流し素麺同好会,1393,8,3434,1112400,10,10,10,10,10,10,10,10,80
0V7D12WV8,らんち,06A0GBYLL,ロータスNHK,1568,10,3435,1112200,10,10,10,10,10,10,10,10,80
W4FZYODCZ,さばかん,N8L41JAA7,無言 ノルマなし,1219,18,3436,1112000,10,10,10,10,9,10,10,9,78
XHLKMND7E,リーファ,HPTHY23VR,蓮ノ空文芸部,1044,10,3437,1111800,10,5,8,10,5,9,4,9,60
17F37EKBW,まっすう,VP0K6KF0K,蓮ノ空大好き!!,1339,16,3438,1111600,10,10,10,10,10,10,10,10,80
AHNEAG9AJ,ラブラ牧場,DHKUGEWBJ,めぐ党虹ヶ咲支部,1123,8,3439,1111200,10,7,8,10,6,9,8,10,68
23LY1KLNG,ふらっぐ,V26546K3D,乙宗気合筋肉,1248,2,3439,1111200,8,7,6,8,7,7,6,7,56
7RTX9VDV9,ヤング,3194B9E93,初心者寄り合い所,1088,7,3441,1111000,9,8,8,8,7,7,9,10,66
J1M106G9U,ことりのおやつ,3BE2RELRC,見晴台,1318,5,3442,1110800,8,5,5,7,6,7,9,7,54
IPI65P1CN,ちゅけま。,CRYB2FJ64,つくよみくらぶ,1174,10,3443,1110600,5,6,7,10,4,9,4,4,49
ER452NG6G,櫻田杏,N8L41JAA7,無言 ノルマなし,944,4,3444,1110400,7,7,8,9,7,7,4,6,55
6HOZA3S18,Hayato,3LAFHDKE5,こずさや保護者会,1248,9,3445,1110200,9,6,7,10,2,8,5,9,56
C2MJSUC5G,从c*・ヮ・§,N8L41JAA7,無言 ノルマなし,1314,2,3446,1110000,6,6,7,8,7,10,8,10,62
FWCUW7YN4,まふゆ,AAHB7C276,HaCordVN,607,0,3447,1109800,9,9,7,10,6,6,6,7,60
DHN36R7GK,赤色色々,HUYTHRVUX,らっこ,672,2,3448,1109600,5,5,4,3,1,5,2,5,30
8RDB2RWKT,ハヤサク,97BGFLKW9,◯◯◯,1231,4,3449,1109400,7,5,5,9,7,8,7,10,58
SD51X4UWF,ハラヘリズム,GN1798YEX,ド!ド!同好会,1230,15,3449,1109400,8,6,7,7,7,9,7,9,60
YX8YXDMEK,理想と平和の決断,Y2P9LABR2,スクステ同好会③,1209,11,3451,1109200,4,3,4,4,4,6,5,6,36
7LZR2T26G,ぬまんちゅ,ABU58EVJ2,Quatuor,1145,3,3452,1109000,9,7,7,10,7,10,8,9,67
45GD581TM,시현,L28X4MDJN,アフター観たいぞ,1102,13,3453,1108800,7,7,10,7,9,10,7,10,67
C2O72LNG5,オカ野,VP0K6KF0K,蓮ノ空大好き!!,1090,3,3454,1108600,7,7,8,6,6,9,7,8,58
5M9YM8MVE,やすぴー,DHBGK1398,となりにこな,1109,14,3455,1108400,8,9,7,10,5,8,10,10,67
IFUPYKR0L,くまのすけ,KBJ2P8T0Y,人見知りの集い,1227,14,3456,1108200,8,8,8,9,7,10,8,10,68
G4WW8PRGV,パン屋/KUGE,T3XUTYGC3,隔離病棟,1060,4,3457,1108000,4,6,6,7,4,7,7,7,48
UB9BP692L,ゆったん,36DAM7HBL,蓮隠れノ里,540,0,3458,1107800,9,10,7,6,10,10,8,4,64
2XTM6NL82,12345678,KGF0L576E,サークル,1321,17,3459,1107600,10,8,8,9,9,9,7,10,70
D1L1XHU07,はかせ,9U8KNU6U9,対抗戦用,1040,0,3460,1107400,7,5,4,8,6,8,7,7,52
4TVHABGNC,Haru,PRY4573W6,報酬用,1035,4,3460,1107400,8,7,5,8,8,8,6,8,58
F12PTN6GB,デンジ,5YEE75CB4,ロビーで待ってる,770,0,3462,1107200,5,5,6,8,5,7,8,8,52
JX9COP0H9,とっしー,WHWT61ELR,【無言】ハスノソ,1268,6,3463,1106800,7,8,7,8,5,10,8,10,63
8GBLTVNND,ガンジー,8M6UDX260,ぽけもん好き,934,1,3464,1106600,3,9,7,10,7,6,5,10,57
EAPGDKNV9,ちょもろー,HBM31HMUY,YUKIZURI,1308,5,3465,1106400,6,4,7,10,4,5,6,7,49
EB953FGYG,むらさき,0CEA9XFKR,蓮ノ空の泥人会,313,0,3466,1106200,6,2,5,6,2,5,4,1,31
46Z7SPRES,あわねこ,8GEP3C6H9,蓮好き好きクラブ,1118,2,3467,1106000,8,6,7,8,7,8,7,7,58
VOS1JQ8PQ,Mikano,KGDNX3EF3,ENcircle,1210,5,3468,1105800,9,9,9,10,9,10,9,10,75
DUKU6LRDW,デュン,535L2H3JU,Lotus329,1162,0,3469,1105600,8,7,7,9,6,8,7,8,60
KAMTT0WNJ,夏メキペイント,K44BC8GLR,ことりのダイヤ,692,2,3469,1105600,8,4,6,4,8,5,4,9,48
S99ZO99XN,ななに,BCJRMHE75,梢すきすきクラブ,1470,9,3471,1105400,9,7,7,9,5,8,7,8,60
YQ64NBXJ0,dgstar,J8HXTJ8TB,流し素麺同好会,506,0,3472,1105200,6,5,5,6,7,5,6,7,47
34NRW1GFD,おても,6FWRD1K40,いちじょ海賊団,1058,12,3473,1105000,7,7,7,10,7,9,6,10,63
U27N10HBM,とうかい,TBX7N9RK5,つよつよなLH,998,1,3474,1104800,8,6,5,8,4,7,6,7,51
0F7MEF8A4,Yosuke,HK0E91U71,放課後写真部,1377,15,3475,1104600,9,9,9,10,9,9,9,10,74
OKKDTNF1G,ジョニー,XHJLF3R8H,ゆったりプレイ,1287,8,3476,1104400,6,4,4,8,7,5,7,6,47
78RRJULVG,かな,1DU9LCND7,蓮ノ空すこやか部,1214,4,3477,1104200,8,6,6,9,7,9,9,9,63
WCW3GG0TJ,パスタ,KFC62L0FV,ねるねる同好会,1364,8,3478,1104000,8,7,7,7,7,8,9,10,63
NRR5DY6DT,がじろー,KBJ2P8T0Y,人見知りの集い,968,0,3479,1103800,4,2,2,7,5,5,5,7,37
J7BA3D4F9,ライフ,FVJABCVP3,瑞蓮ラボ,982,9,3480,1103600,7,8,7,9,9,8,1,10,59
R1GF61JSI,hide,JDAG79TG7,百合ノ空観察部,1171,12,3480,1103600,8,8,7,9,7,7,8,9,63
D5HFECWTD,めぐまわり,GN1798YEX,ド!ド!同好会,1295,18,3482,1103400,5,9,8,9,7,8,6,10,62
X5HJGNDO3,あきる音 ないと,AND13836G,乙宗梢親衛隊,1203,3,3483,1103200,10,6,10,10,4,10,6,10,66
5AKWTWLSF,ゆうこん,998H940YN,お嬢様筋トレ部,1285,1,3484,1103000,9,7,7,10,7,9,8,10,67
EPC4MBL27,紫,FHN78V2DJ,無言でどうぞ,1009,5,3485,1102800,9,4,10,8,9,10,9,10,69
4PP6L2TC1,ソラ,0CBM28JP6,ほうき星,1314,4,3486,1102600,7,6,7,9,7,9,7,8,60
8IC6045DL,なか,BT3GEWM5L,ささやか村の集い,1257,11,3487,1102400,10,6,8,9,6,10,9,10,68
YWP33DYMK,たつ,9YG7C0VM7,綴理と無言で昼寝,1335,12,3488,1102200,10,10,10,10,10,10,10,10,80
ZYEQKWJMP,ハヤカ,UVN7G4X3A,闇のルビィ団,1416,18,3489,1102000,10,10,10,10,10,10,10,10,80
QQSNTXEJ1,Takchan,K7LC46V5M,Link！ラ部,1476,5,3490,1101800,10,10,8,10,9,10,10,10,77
WDR6PW0GS,咲姫,6045Y2RW7,ポチっと！蓮ノ空,1233,2,3490,1101800,7,7,7,8,7,8,10,10,64
PLL896F5Y,Zeon,RWDWD9PP6,乙宗家の屋敷妖精,1076,5,3492,1101600,7,6,8,8,6,8,7,8,58
CGWOHULSZ,ばたーらーど,NN4U6NV2W,蓮ノ空好き好き〜,1561,3,3493,1101400,10,10,10,10,10,10,10,10,80
KWRFG3WEH,しらたま,LUDNM40F8,ふくふく無言OK,1196,9,3494,1101200,7,7,6,9,7,8,6,9,59
B2PYP3FP8,えっちょこ,AXG81GPMP,蓮ノ空マタギ部,886,2,3495,1100800,7,6,3,6,4,9,5,7,47
RR0BNJ6QX,ぐりか,CM5THHYHB,「」ノ空だけれど,1277,8,3496,1100600,7,10,10,10,8,10,10,10,75
WFL6UVC29,ガリレオ,YDYH4VRRP,レンクウ,1348,2,3497,1100400,8,10,9,8,7,8,8,8,66
JE02NYUXD,AkiraG,B900X5JYR,ソロプレイ,910,2,3498,1100200,8,8,8,9,7,9,9,9,67
47IXNA1JH,とっと,L1VGJTD5P,蓮ノ空お茶会部,1250,10,3499,1100000,7,6,5,8,5,7,5,8,51
NT48TEY6L,ハーメルン,3A63DYH54,LLすこすこ部,1120,5,3499,1100000,8,6,6,9,7,9,8,10,63
UJYGRJWTK,ゅ,T48KV9EP2,無言ぱーく,1097,12,3501,1099800,7,6,9,9,7,9,6,8,61
E6YPBXKLJ,ぺっぴぃ,BTVC9G95X,FES用,937,6,3502,1099600,7,2,10,8,7,9,9,9,61
ATRN6HL6D,コジケン,PLBBEX019,待機室目指し隊,1274,4,3503,1099400,10,10,10,10,10,10,10,10,80
8N7S57R4U,ぺけぽん,2ULM366U6,毎日がエブリデイ,1259,4,3504,1099200,8,6,6,8,5,10,8,9,60
BY6JEY5PB,侑,GW4CH70HK,TKG同好会,903,0,3505,1099000,6,5,7,8,5,4,4,7,46
BXXA0VM18,きみ,PVWWDPBVG,スリーズショコラ,1278,15,3506,1098800,7,6,8,8,9,7,8,10,63
3BUNFP8IH,あやっち,Y6JNPC60C,綴理メイト,1382,11,3507,1098600,9,8,10,10,9,9,10,10,75
F8UW1B36D,マーソ,9N4F9P8DU,リンクラ部（仮）,793,2,3508,1098400,8,6,6,6,6,7,7,8,54
Y0ZMVBKBG,あおえのき,75UJ5RB97,蓮ノ空雪野球部,1080,3,3509,1098200,7,6,7,8,5,7,5,7,52
1NVKD76H8,Beta,BT22M41DV,梢花帆吟子同好会,740,2,3510,1098000,9,5,4,9,1,8,5,7,48
R7VC93B0Y,もけもけ,N94LEWF2D,無言よわよわの会,1233,7,3510,1098000,7,6,7,4,6,8,5,8,51
BAV021P5X,ケルビンYuu,R181MKNX1,みらくらは人生！,1075,6,3512,1097800,4,8,7,7,7,10,7,8,58
EDV2MVK0V,☆贄殿遮那☆,05KN1RR3U,さやかほ花卉園,1152,18,3513,1097600,8,7,9,10,5,9,7,8,63
ZRFQXPVUS,enudal,535L2H3JU,Lotus329,1177,0,3514,1097400,8,6,8,9,7,9,8,8,63
HHPBEJEQ0,伝説の目撃者,88DJ300PJ,めぐ党 • 永遠,1432,1,3515,1097200,9,7,8,9,8,9,9,9,68
GXWEN5LY0,おまめp,J0N1E3Y09,月火水木金土日,945,1,3516,1097000,7,7,6,9,5,10,1,5,50
X2X6W4XDJ,SYU-YA,KXU941RFJ,梢先輩おめでとう,1370,0,3517,1096800,10,10,10,10,10,10,10,10,80
85LYH31MR,Y,9C2FC74H2,overseas,1045,13,3518,1096600,8,9,10,9,6,9,6,7,64
KT7VTPFMJ,ふみづき,9WJB6YPPN,温室花畑,1512,15,3519,1096400,10,10,10,10,10,10,10,10,80
Y1YH9W3N3,まとぅ,G59NGM0XA,シュリーレン,1152,7,3520,1096200,7,7,2,9,7,8,9,9,58
CJN2VVJL0,Tsumuji,WHWT61ELR,【無言】ハスノソ,1219,7,3520,1096200,8,8,8,9,7,7,9,10,66
93Y6AAGB1,ユーロン,ELTW62751,安全バーは君の腕,1141,5,3522,1096000,7,6,6,7,4,7,7,7,51
F77JUETL7,カザハ,82CY1DN9W,みらくるねす,968,0,3523,1095800,10,10,10,10,10,10,10,10,80
V3T5AISVN,ttrrr,L28X4MDJN,アフター観たいぞ,1250,10,3524,1095600,7,7,7,9,7,8,7,9,61
WS2ZDST9S,ひえろ,N94LEWF2D,無言よわよわの会,1043,1,3525,1095400,7,6,5,7,5,7,8,9,54
O017GBZ7N,アイプル,73CBYJYB0,"oNM,",1411,9,3526,1095200,10,9,10,10,9,10,10,10,78
QEVN5E2PF,ブレイヴ,KULVP7FDR,アニマル分室,1342,15,3527,1095000,8,8,10,9,7,8,7,10,67
ZXSEHBX6O,てろてろ,9FF5JBNDF,めぐすきクラブ,1383,18,3528,1094800,6,9,8,10,7,10,10,10,70
9JBAR0FN5,さらだささみ,948FLPMPN,まったりハス煮〜,450,0,3529,1094600,10,9,9,10,10,7,10,10,75
QYCYJQ8OZ,スラ,3FF3NB77X,せーはす愛好会,1246,4,3530,1094400,8,3,6,9,6,7,6,9,54
FUPH605HJ,Turk43,HXVYGL96H,初々しい対抗戦,905,6,3531,1094200,8,7,6,10,7,8,7,8,61
5RPHAUYAB,Elmair,7UX6117P2,重曹圖書館,618,3,3531,1094200,7,7,9,6,6,10,3,10,58
WRP32PDR6,ジャンスン,KC1W74B9B,蓮六園,1066,8,3533,1094000,8,10,10,10,8,9,10,10,75
VG3QY59G3,こまつな,W26TRPM1R,めぐ党藤島派,1275,18,3534,1093800,4,4,4,5,5,4,8,10,44
E38GG76NH,とと丸,4XRHRYDW4,無言でエンジョイ,1229,0,3535,1093600,6,6,7,7,4,8,6,8,52
5LKFWHUXA,Striker,A3472CNJE,ハントン✿ライス,1334,4,3536,1093400,10,10,10,10,10,10,10,10,80
KXDDJ5B1D,との,2ULM366U6,毎日がエブリデイ,1231,16,3537,1093000,9,6,5,10,5,9,8,9,61
RGFV55H8A,茶々,8VGXWTV3U,R.opRizm,551,0,3538,1092800,9,9,9,10,8,10,8,10,73
409J15OS4,出る,GPKTRBCTT,騎空団蓮ノ空支部,1464,17,3539,1092600,10,9,8,10,10,8,10,10,75
65BU88J9Y,とうふ,HMBW9DXY2,蓮好き皆あつまれ,1197,6,3540,1092400,8,8,8,10,7,9,9,8,67
NR2HU9W94,アロイン,J62DRC7J5,蓮ノ空好き好き会,1189,0,3541,1092200,7,6,8,7,7,8,8,8,59
FT63HERKL,Kankan ♡,J800VVPTN,Aqours,1190,16,3542,1092000,5,4,10,4,2,3,3,8,39
NR0NYU4FR,ゆう,N1JAJ83CA,蓮ノ空園芸部,1200,18,3543,1091800,6,6,9,7,9,7,8,10,62
A3Y90TW4Z,BlG BOSS,8EP8BFEV7,蓮ノ空女子野球部,835,0,3544,1091400,10,7,8,10,7,9,8,10,69
WGOPEUKC7,さかさ,HWJ8XPW0T,箱推しなのだけど,1248,3,3545,1091200,8,7,6,9,7,10,7,8,62
O2VHAN4R2,どこかのだれか,20UX8Y9B7,頑張れ端末,782,5,3546,1091000,6,7,9,9,9,9,5,8,62
W6OP2F9NH,うさりん,L1VGJTD5P,蓮ノ空お茶会部,1563,1,3547,1090800,10,10,10,10,10,10,10,10,80
VB8HFK55S,Bro通,BCJRMHE75,梢すきすきクラブ,1250,17,3548,1090600,8,8,9,10,7,10,10,10,72
U31GD64E5,kaoru,HA6MUTC30,自由なのだけれど,1151,3,3549,1090400,8,7,8,9,5,9,5,9,60
ZOKWOJ9OU,たのひと,A73H7ENN2,エロマンガ同好会,1401,2,3549,1090400,7,7,7,10,5,7,9,9,61
YKN6MC3H4,crow,573J1JVVK,かほかほ,1120,10,3551,1090200,7,6,5,8,6,6,6,7,51
UVP49MJTJ,トワ,PLBBEX019,待機室目指し隊,1129,9,3552,1090000,6,10,6,10,10,10,7,10,69
MAAP9VWJV,真横ーン,998H940YN,お嬢様筋トレ部,1086,8,3553,1089800,2,6,4,6,7,8,7,8,48
6XGAF9J9B,ヒト,GYG7B5R36,幼馴染同好会,1368,16,3554,1089600,10,8,8,10,7,9,10,9,71
YPN3XNM6Y,YAMA23,LLDLG20UU,UR取り隊,1024,0,3555,1089400,7,6,5,7,5,8,7,7,52
EOS4BD9ES,しんしゃー,J79LGCKKF,蓮ノ空コーラス部,1271,2,3556,1089200,8,7,8,5,7,7,7,8,57
NA1PH79M6,れそなんす,H6JWBBGCG,蓮天・乙宗一心流,1147,6,3557,1089000,7,4,6,7,7,10,8,9,58
X64FJD6HD,へろ太,MTBP3B4GM,ふらわーすきすき,1107,1,3558,1088800,9,7,9,10,9,9,9,9,71
T9JT7RQ1J,修造,HMBW9DXY2,蓮好き皆あつまれ,1213,11,3559,1088600,7,8,7,8,5,10,8,8,61
6N52VGGGR,すけきち,573J1JVVK,かほかほ,635,1,3559,1088600,10,5,10,10,8,10,3,7,63
6J9BGLLY1,16000km,3BE2RELRC,見晴台,1266,1,3561,1088400,8,7,6,8,7,8,6,10,60
VA35DJCD9,月理,L1VGJTD5P,蓮ノ空お茶会部,1038,8,3562,1088200,7,6,5,10,7,8,7,9,59
3W0RKLGFN,かえで,7R8NKPAB1,花帆推し倶楽部,1310,15,3563,1088000,10,10,10,10,10,10,10,10,80
FECOD3SNX,ぎんこ,GN1798YEX,ド!ド!同好会,1081,9,3564,1087800,5,4,6,9,7,9,7,9,56
XL5B99BPP,月下 秋奈,3HDDYR4FU,旅人,636,3,3565,1087600,10,6,9,10,5,9,6,9,64
YM4P09F31,とれてる,WN3LHKX0L,レンコンおいしい,761,0,3566,1087400,8,7,10,7,2,7,9,7,57
R2MD0YR85,チカリコ,4202AY8EJ,倶楽部賭郎,1136,4,3567,1087200,10,10,9,8,6,6,8,9,66
U7484EGYT,山下　袷之,XVTV7MVCX,雪月花,500,3,3568,1087000,6,5,10,4,2,9,5,1,42
G2TP9RT8M,わた,F2CFWVMY9,藤島め組,1561,15,3569,1086800,8,6,5,7,5,8,7,7,53
E2VA2UUV6,やつで,7NJM1VURM,らんるん部。,1342,9,3570,1086600,9,6,6,8,5,9,9,9,61
NR2KWK6XD,すずきさん,JTX1G19BP,さやかほ癒し会,1067,1,3570,1086600,10,9,10,10,10,10,10,10,79
44NRA3FYG,ティタ,FG5VFFNRK,蓮ノ空おじさん,1112,4,3572,1086400,7,7,6,2,4,7,5,5,43
YG0YPMRAW,ホリ,K25DPPGT9,圧倒的にまったり,1212,3,3573,1086200,6,6,4,2,7,6,5,10,46
A58D6TRJF,ドド,PDMPF3VVV,r/LL,1178,15,3574,1086000,6,9,6,8,9,9,7,10,64
K87UPA3NC,袖付き,TK9E1BB1P,無言で自由,1377,15,3575,1085800,10,10,10,10,10,10,10,10,80
ARD67K6CM,なまもの,YD2XWWFA4,蓮好き好きクラブ,1246,12,3576,1085600,8,8,9,10,8,10,1,10,64
HEB3T2W09,yuuli,HWMV33W7Y,フラワー泥民館,664,0,3577,1085400,10,8,10,10,10,10,10,10,78
VTN3U1GCG,ヒナンジュ,R181MKNX1,みらくらは人生！,1062,3,3578,1085200,7,4,4,10,5,5,8,7,50
HYG116L7E,カコ,KGDNX3EF3,ENcircle,1172,5,3579,1085000,9,8,8,10,7,8,9,9,68
B6QUQQES1,リーン,9FF5JBNDF,めぐすきクラブ,1206,13,3580,1084800,7,7,7,10,7,8,8,10,64
W7R60V6FV,きりりん,KGY709ULG,蓮の花束,987,2,3580,1084800,4,6,8,7,6,9,7,7,54
MXA03HLC3,リ　ン　ク　ラ,GGCKK69C9,リ　ン　ク　ラ,1188,14,3582,1084600,9,9,9,9,10,8,7,7,68
V5MMAHM8B,木之下,EYEPHE14G,花上梢頭,1016,13,3583,1084400,4,5,5,7,4,8,4,4,41
HI1R5G55V,みどり,JY79RPB1D,リンクラゆる部,1127,8,3584,1084200,2,4,6,8,10,10,4,10,54
TE3O47P4O,メラニー,JE7V5MM31,蓮ノ沼に沈んだ泥,1295,18,3585,1084000,10,8,8,10,7,9,10,10,72
2U8BL3TC7,オーコー,1618JMRED,リンクラ自習室,1057,9,3586,1083800,10,8,8,10,8,10,9,10,73
PHKLRXGCC,ザンジャン,6CC83J3EJ,蓮之空台灣分部,750,1,3587,1083600,6,4,6,2,4,8,8,10,48
TANVMFD2K,ミル,XVTV7MVCX,雪月花,864,6,3588,1083400,5,4,8,7,7,8,6,8,53
V6NAA5CT9,浩,Y6KN85L5P,孤独の村人,269,0,3589,1083200,8,10,10,8,6,10,4,7,63
ZL808Y6DW,えあふ,XR2P2LDY3,蓮ノ空さいきょー,1161,3,3590,1083000,7,6,6,8,5,8,5,8,53
3CPP30F9B,ふぉす,WAT20PN3Y,こな党,1276,12,3591,1082800,9,8,8,10,7,8,7,9,66
8PO71UMCM,エモいナ,T8X0G07YB,なければ立てる！,1512,8,3591,1082800,9,7,8,10,9,10,10,10,73
5TVDOOKTJ,ゆゆ,3HDDYR4FU,旅人,1122,15,3593,1082600,7,8,9,8,5,5,7,7,56
1JCNRIQ62,つるみがわ,578YG6EAT,桜桃花束愛聴会,1367,5,3594,1082400,8,7,7,8,7,8,7,10,62
6UML5MC6K,高山星司,6FWRD1K40,いちじょ海賊団,1445,10,3595,1082200,9,8,8,10,9,10,9,9,72
JD1A62UOF,Capri,351WGFU96,紅茶党,1425,1,3596,1082000,10,10,10,10,10,10,10,10,80
25CDGIHNI,柳 麗羅,T045NDKW0,♬さやか愛好会♬,1077,5,3597,1081800,4,10,3,10,3,4,8,4,46
30K7M61T9,ひぽぽ,GVNKNN878,Aqours,945,7,3598,1081600,7,7,7,8,10,7,8,8,62
7FGWUEGLZ,クリアー,J8HXTJ8TB,流し素麺同好会,1570,10,3599,1081400,10,10,10,10,10,10,10,10,80
1L1B6H4U0,mfyyu,7NJM1VURM,らんるん部。,442,0,3600,1081200,4,4,5,3,5,10,10,10,51
DMW8AFW1W,かささぎ,2U4GLJXLJ,泥の中の養分,1037,18,3601,1081000,5,6,7,8,5,6,6,5,48
MPETERTNV,めぐ党-M,TWJ862EPN,こにゃとも,1017,9,3601,1081000,5,5,5,6,5,8,5,6,45
2KAA68K5G,乃木かん,N8L41JAA7,無言 ノルマなし,1036,8,3603,1080800,4,6,4,8,5,7,10,10,54
B5BL0N7J6,ガブ,FH7G62PKW,月火水木金土日,1164,6,3604,1080600,9,7,8,9,7,8,9,10,67
NCURV0D7A,ベンジャ,ABALH0AL3,楽園計画,1104,13,3605,1080400,9,5,9,9,8,9,8,10,67
NSU3TCVRR,ぬぬ,WTJV514G9,蓮ノ空のお弁当屋,1242,2,3606,1080200,7,8,7,6,5,9,6,7,55
5HG6RMM1K,ちゃうさ,1D7T2UXC2,無言でのんびり,1126,2,3607,1080000,5,4,5,8,4,7,5,7,45
TH7YK48A3,おちゃちゃ,DKE1C6BC0,ティーパーティー,604,0,3608,1079800,9,9,8,7,8,10,7,10,68
9XWR2CJTC,T2L.,GKR9TEBYC,毎日がホリデイ♪,1040,14,3609,1079600,6,3,4,4,8,4,6,7,42
5N9RR25L2,あさひ,B2KV0EVPD,蓮ちゅきクラブ,1513,11,3610,1079400,6,6,5,9,4,4,10,10,54
P98G1CEUE,のねるーしゃ,XK83VXEED,TUAS,1255,15,3611,1079200,9,8,8,10,7,9,10,10,71
G1N3ND8MT,とらきち,427WENUC4,心の癒し～蓮ノ空,1380,4,3612,1079000,10,6,6,9,8,10,9,10,68
CWTHV31BP,ムラ,E34RNNCMJ,サークル名は仮,1119,0,3612,1079000,6,7,5,8,6,8,8,10,58
R42RPBUW4,も,H3RE0VLMK,か,1025,2,3614,1078600,8,6,5,8,7,8,8,9,59
5E1U5Z7GL,飛行機雲,BT22M41DV,梢花帆吟子同好会,1517,17,3615,1078400,10,10,10,10,10,10,10,10,80
LFPRT4DAP,Wolfram,4XRHRYDW4,無言でエンジョイ,1177,6,3616,1078200,1,2,2,2,1,5,7,7,27
R56GV2N07,なんとか,LLDLG20UU,UR取り隊,1179,3,3617,1078000,7,7,5,10,5,9,8,10,61
C45S83ZHQ,すやP,95TAREFPT,ご自由にどうぞ,1434,18,3618,1077600,8,8,9,10,8,9,9,10,71
HLMXHTKGB,たまき,FH7G62PKW,月火水木金土日,1318,7,3619,1077400,10,10,9,10,9,10,10,10,78
3X241R1Y3,ぽんこむし,HBK6KCRPP,無言でおけ,1196,3,3620,1077200,4,7,7,9,5,4,8,4,48
DV044C5S9,侑ちゃん,487R5RVJ9,ヒトリ,965,2,3621,1077000,1,4,4,6,5,9,1,9,39
TU21CLZUK,すずか☆かほめぐ,HBK6KCRPP,無言でおけ,1525,15,3622,1076800,10,10,10,10,10,10,10,10,80
SV4ZQLG0E,るりひめ至上主義,5W8RPRVUA,ド！ド！泥！,1307,11,3623,1076600,5,5,10,8,5,10,8,9,60
75DB78TWE,はね,DLF2YK8WN,サクサクサーカス,991,5,3624,1076400,5,7,6,8,4,9,4,6,49
7AM4LUE7U,ひまちゃ,N7GLY2RUW,百生銀行,752,0,3625,1076200,9,7,6,9,5,8,9,9,62
RTNUPDJUN,ふく,R2PFWX8WK,チョコパン,1026,6,3626,1076000,8,6,8,8,7,8,6,8,59
DHTBGUFMD,増えたうさぎ,Y2P9LABR2,スクステ同好会③,1215,2,3627,1075800,8,8,7,10,6,10,8,9,66
3X5D0JJYA,念风思雨,GLP0WPDRM,イベント用の泥,681,2,3628,1075600,6,5,5,9,6,8,7,5,51
08KU92X2M,OИE,CV62FGL1U,花咲かせ隊,1443,18,3629,1075400,10,10,10,10,10,10,10,10,80
OHRURSNPU,のの,35BYVN5AW,めぐ党員の憂鬱,1433,18,3630,1075200,10,9,9,8,8,10,9,10,73
V74QP6CHQ,watoson,L28X4MDJN,アフター観たいぞ,1321,16,3630,1075200,8,8,10,9,8,9,10,10,72
8DZERQGOA,NX(ネクス,GYJHAE1TJ,ゆるゆるアーリー,1268,9,3632,1075000,8,6,7,6,4,8,10,10,59
JA2USC8EV,ふろーりあ♪,4WWM4VVDK,蓮ノ空遊戯開発部,1251,13,3633,1074800,9,7,7,10,5,10,5,7,60
EXDC1JJ56,イノゴマ,GLP0WPDRM,イベント用の泥,549,0,3634,1074600,10,6,9,8,6,10,9,10,68
18B3EKKF0,だっはー,N94LEWF2D,無言よわよわの会,1219,10,3635,1074400,10,7,7,10,1,10,9,10,64
5LYRP3AMV,もりつ,GR65FP8VN,蓮好き,1298,18,3636,1074200,7,7,9,10,8,10,10,10,71
J4UB1N4AY,ドラキチ,PPAHU1TNY,蓮ノ空のんびり部,1046,5,3637,1074000,10,10,10,10,10,10,10,10,80
V2R7WWF0A,jfmn77,37N3TNTVB,推しを布教する処,1274,10,3638,1073800,10,10,10,10,10,10,10,10,80
37O189Y0P,イウメ,BEMED3RY1,無言無課金ok,867,1,3639,1073600,8,6,8,10,9,9,8,9,67
9SRRAEWAB,じょっぺぺ,B1KYU3XF8,LG lotus,1296,8,3640,1073400,10,9,10,10,10,10,9,10,78
AT7Y9CG6Y,ぺーりゆ,CV62FGL1U,花咲かせ隊,1536,6,3641,1073200,9,7,6,9,7,9,9,10,66
KHANUJR37,ねぎとろ,5YXVKDEKV,サークル(仮),1152,7,3642,1073000,9,7,5,8,5,8,9,9,60
O7L5K6EKK,いちごう,TM19BMU7C,ソロプレイヤーズ,1191,4,3643,1072800,5,6,7,6,6,8,8,9,55
1E2NB5UBC,ベア・グリルス,6C9R15BLY,スクスタ避難民,1078,1,3644,1072600,6,5,8,8,7,8,9,10,61
LU471WASQ,チール,F2CFWVMY9,藤島め組,1444,17,3645,1072400,10,2,6,8,1,7,5,10,49
KNQ2IUHFM,ハムP,PDMPF3VVV,r/LL,1044,5,3646,1072200,9,8,7,9,6,8,7,7,61
L4GWK959D,まいまい,3HDDYR4FU,旅人,1242,0,3647,1072000,5,4,7,9,7,9,8,9,58
EPV65RRPX,ショウ,75UJ5RB97,蓮ノ空雪野球部,1118,13,3648,1071800,8,7,6,7,5,7,8,9,57
9WX13LCFB,ぶーぶぶ,YXKR0GGM4,蓮ノ空好き好き,1115,4,3649,1071600,8,10,9,9,7,10,10,10,73
VTRTJEJ7F,つっきー,LT9K2FP23,慈党リンクラ部,888,5,3650,1071400,4,9,1,6,1,4,5,10,40
5TWMV7M1F,のあ,GYG7B5R36,幼馴染同好会,906,0,3650,1071400,10,10,10,10,10,10,10,10,80
4Z814SKE6,light,WLFW6UCX5,無敵級ビリーバー,1334,13,3652,1071200,10,8,10,10,10,10,10,8,76
LKCNO9UEG,ラブライブ学習生,FH7G62PKW,月火水木金土日,1273,18,3653,1070800,4,4,7,10,6,10,8,9,58
CTNE14E9D,バーニィ,UXWL7V4CE,蓮ノ空女学院,1397,18,3654,1070600,10,10,10,10,10,10,10,10,80
YCW908DDE,おによろ,UK30B7DG2,ずらまる卯どん。,1025,0,3655,1070200,8,9,10,10,8,10,8,10,73
8P0HM83YA,Ein,ABU58EVJ2,Quatuor,1055,4,3656,1070000,2,3,1,6,7,9,9,10,47
UKDFC1EBH,ヒデキ,30W3RA65G,蓮ノ空自由クラブ,1169,0,3657,1069800,9,6,7,10,6,7,9,10,64
N4XOJ73K0,ペペロン,CV62FGL1U,花咲かせ隊,1015,7,3658,1069600,1,3,9,5,1,4,5,4,32
K7CDJSW5E,青空,3N7FL0U6U,destiny,1486,2,3658,1069600,10,10,9,10,8,9,8,10,74
A04MI5SSQ,はるかぜ,1KDUBW4HB,めぐ党0番,1316,16,3660,1069400,5,6,4,7,6,7,5,8,48
6FIK9ZFYZ,琉珈（ルカ）,J7N4W6Y1K,こずミックラブ♡,1276,18,3661,1069200,8,8,8,10,7,10,8,10,69
L614K3TBJ,tqi,N7GLY2RUW,百生銀行,809,2,3662,1069000,8,9,9,5,5,5,6,8,55
MRAY8D7XH,†クラウド†,TKVR3KU7L,ネギトロTKG,1104,0,3663,1068800,7,6,7,6,5,8,8,9,56
OI8LBLQ9Q,カレン,WCL6R1ANU,無所属の会,1501,18,3664,1068600,10,10,10,10,10,10,10,10,80
56BD5R79W,orage,PH0YEPJD8,蓮ノ空北國金沢,953,3,3665,1068400,8,4,7,10,4,7,10,10,60
6TL64G238,さんしん,GYG7B5R36,幼馴染同好会,669,0,3666,1068200,10,10,10,10,10,10,10,10,80
38K69PA61,マルコ,YVV9CMBLW,東京公演で沼落ち,993,11,3667,1068000,5,6,10,8,7,8,6,8,58
BF4UP447J,岸壁の母,V7LF2PH0Y,蓮ノ空　昭和基地,417,0,3668,1067800,8,7,8,10,7,9,7,9,65
C73NJGKM8,学級委員長,W3UUXHMDV,水彩ブーケ,1217,18,3668,1067800,5,6,6,7,7,7,9,10,57
KWGVEEX4P,隊員,L28X4MDJN,アフター観たいぞ,1145,12,3670,1067600,8,7,6,8,7,7,7,8,58
H7NFWW1EC,はくちゃん,9UKKACGDU,蓮っ子CLUB,1206,12,3671,1067400,10,6,10,10,9,8,9,10,72
66MXFK453,萎えトル,05KN1RR3U,さやかほ花卉園,821,5,3672,1067200,5,10,10,7,8,10,7,10,67
BY7GPD3V2,君は青のままで,FK5MUK0ET,くる♡すきクラブ,743,4,3673,1067000,7,6,5,7,10,10,5,6,56
DCA3TX2NE,リィ,2JK7E4115,ラ！推し,1053,0,3674,1066800,6,6,5,9,5,7,8,10,56
ODB9TPVPK,Su☆Ga☆Ma,E7R11MYE8,ゆったり蓮ノ空,763,0,3675,1066600,6,6,8,7,5,7,4,8,51
3RXN3AJYC,SENTA,KGDNX3EF3,ENcircle,1022,6,3676,1066400,7,8,7,10,7,10,7,10,66
C33KFBU1N,しゅう(^o^),AND13836G,乙宗梢親衛隊,834,6,3677,1066200,3,6,6,6,1,5,6,6,39
F5WMLDF6M,たなか,K8C99H42D,ルリと喜ド！愛楽,1065,6,3678,1066000,6,7,7,7,7,10,10,7,61
96C14P93Y,Blue,R181MKNX1,みらくらは人生！,993,9,3679,1065800,7,6,7,8,7,7,6,7,55
FN1VL9RTN,コゲ,RM7N1JDB5,無言推奨不干渉会,1333,18,3679,1065800,9,9,9,10,9,9,9,10,74
JSZQ6MZK7,こーくす,HWMV33W7Y,フラワー泥民館,1313,9,3681,1065600,9,8,8,8,10,7,9,10,69
MAHE1NVHG,シトロコ,KBJ2P8T0Y,人見知りの集い,1409,15,3682,1065400,10,9,10,10,9,10,10,10,78
JU4RNMVNS,ゆず湯,D7H8MN2U4,LLD,1191,10,3683,1065200,5,9,9,10,4,6,6,6,55
00XE0WB5M,カフェモカ,N94LEWF2D,無言よわよわの会,1136,18,3684,1065000,9,9,9,10,9,9,9,10,74
2WW330CL6,やくそく〜こーこ,D7H8MN2U4,LLD,1197,16,3685,1064800,6,5,8,5,8,8,3,9,52
OKFXHI40F,ざんみゃー,9UKKACGDU,蓮っ子CLUB,1088,3,3686,1064600,7,6,7,8,5,7,5,7,52
714HHHA7R,リメンバ,9VDEWVP01,瑠璃乃の集い,1205,4,3687,1064400,8,4,8,10,9,5,10,9,63
JRREWG0DT,K.12,9X07VGM42,近江町食べ歩き隊,1018,3,3688,1064200,8,10,9,10,7,9,9,10,72
CAK117DLL,コンセント武田,GYG7B5R36,幼馴染同好会,1190,10,3689,1064000,7,6,6,8,9,9,8,8,61
KE0COKRLH,いっちゃん,M6UPWJ6DU,蓮結ぶ虹と星の音,1406,14,3689,1064000,10,10,10,10,10,10,10,10,80
RLCCD6MMU,ジョバ,R1RM3X0WV,後方腕組みオタク,1039,0,3691,1063800,4,4,7,7,5,7,7,9,50
TRC308L13,讖釁鬱,BXJ6WV4TB,中国club,876,10,3692,1063600,9,6,10,9,7,10,8,10,69
KSZHG80JF,かわ,HYW8FP2GR,ちゅけ会,1104,13,3693,1063400,10,6,5,10,7,8,7,8,61
56NB3GXAG,げんくま,N1DJVPGP8,いつでも咲けるよ,1087,15,3694,1063200,10,10,10,10,10,10,10,10,80
AA0PF56IW,『キミタイトル』,FK5MUK0ET,くる♡すきクラブ,1103,14,3695,1063000,6,6,7,10,8,10,4,10,61
FT079MUNE,しがない,5KK3DFY18,MUGEN∞,1282,3,3696,1062800,8,6,6,10,5,5,8,9,57
TBWFHHE1Q,karapo,7U20138DB,LGP,1403,12,3697,1062600,8,9,9,10,7,10,10,10,73
F7NY6J931,パピルス,M6UPWJ6DU,蓮結ぶ虹と星の音,929,1,3698,1062400,4,2,2,10,1,8,6,7,40
3NHBAYHEB,shima,GKR9TEBYC,毎日がホリデイ♪,1300,12,3699,1062200,10,8,8,10,8,9,8,10,71
D9XG8NKP9,どんどこ,2B97MH4YA,同じ話し何回も…,905,4,3700,1062000,2,2,4,6,4,7,1,6,32
5J13HUBRA,まっくす,535L2H3JU,Lotus329,1095,0,3700,1062000,7,8,7,9,8,9,8,9,65
65TCOFJP8,ヒヅ〆,WLFW6UCX5,無敵級ビリーバー,1318,1,3702,1061800,7,9,7,7,5,10,7,9,61
92H25B0SA,れい,C2XLWUTL1,夕霧綴理親衛隊,1313,6,3703,1061600,10,6,10,10,10,8,10,10,74
77Y6R841Y,シャリア・ブル,AG9PKMMC3,ぱかぱか同好会,1047,7,3704,1061200,4,8,8,7,6,7,9,7,56
R6FP8HFKK,ふるかね,R1RM3X0WV,後方腕組みオタク,1109,3,3705,1061000,8,7,8,9,5,8,8,9,62
V2OTYH4Z9,Dolphin,5KK3DFY18,MUGEN∞,1405,6,3706,1060800,8,6,7,8,7,8,7,8,59
LH74UVFUD,くろ兄,2B97MH4YA,同じ話し何回も…,866,8,3707,1060400,5,5,10,6,6,9,6,9,56
DPPGA3D2V,Kei,828YTYAA9,箱推し社畜の部屋,1012,1,3708,1060200,7,7,8,6,5,8,8,8,57
E9WPDBUM8,슈실,W26TRPM1R,めぐ党藤島派,1345,18,3708,1060200,2,5,6,7,5,9,10,10,54
GF13NTW65,もい,H0DV3JJGA,かほさやてぇてぇ,1042,14,3710,1060000,3,6,7,10,10,10,5,10,61
7PXDVGWC2,なかまつ,WE4AB37FP,めぐ党,1299,14,3711,1059800,8,7,7,9,6,9,9,10,65
9AKO8CBQB,もぇ,L28X4MDJN,アフター観たいぞ,1200,10,3712,1059600,9,6,6,4,7,6,2,10,50
NII55R9QS,お米ん,G59NGM0XA,シュリーレン,1196,12,3713,1059400,8,8,6,8,6,8,6,9,59
4Y76GCLKG,てれ,6CLTCLEVT,猫屋さん,971,2,3714,1059200,10,10,9,10,9,9,9,10,76
CWUGNVUR0,しのなり,HMBW9DXY2,蓮好き皆あつまれ,1269,15,3715,1059000,7,7,6,9,7,10,7,9,62
DCFJDK8L7,ぺんぺん,1BME38BCD,さすさやクラブ,1414,15,3716,1058800,10,10,10,10,10,10,10,10,80
IY82P74JP,相鉄,9JTF508LB,スクスタ亡霊部,1255,18,3717,1058600,8,10,10,9,6,10,6,10,69
FNPM3P7V4,レイヴ,BEMED3RY1,無言無課金ok,1019,2,3718,1058400,5,2,2,6,7,9,9,7,47
NVCN6W28X,ICECafe,N6XAGG1BL,ゆいわに同好会,920,2,3719,1058200,7,6,8,9,7,10,8,10,65
RXJVL7G33,ひかり,2DYYAPFVN,蓮っ子村,1089,6,3719,1058200,7,9,7,9,8,8,9,10,67
K8B40K2E5,雪月花,38KAJGDGU,異次元シャニP,1081,16,3721,1058000,9,6,7,9,8,8,7,9,63
62Y70C7GP,tam,9FF5JBNDF,めぐすきクラブ,653,4,3722,1057800,7,6,5,10,4,3,7,8,50
XLTPT533F,とーゆ,L3NN1RWMY,アポロベイ海賊団,1314,7,3723,1057600,10,7,7,10,6,10,8,9,67
GXT60BF8F,まつたけ,TBX7N9RK5,つよつよなLH,1135,8,3724,1057400,8,8,8,9,6,9,7,10,65
EG0469X02,ずっきー,4FN0KWB4G,無言参加大歓迎！,600,0,3725,1057200,10,7,10,10,9,10,9,10,75
SR8KKLUZT,こめぞー,LLDLG20UU,UR取り隊,1363,12,3726,1056800,10,10,10,10,10,10,10,10,80
M83SH5JIV,ユレア,GWGDMA3YC,初心者無言自由だ,987,3,3727,1056600,6,4,7,5,4,4,10,10,50
ORYOJADD6,じんちゃ,8M6UDX260,ぽけもん好き,1228,2,3728,1056400,7,6,5,7,4,7,7,9,52
48X9CWCTG,感情の魚,G6LTF6TUE,喫茶ハスノソラ,375,0,3728,1056400,10,4,10,10,7,10,10,10,71
PE3A9A268,スイカバー,BKUHCT7WF,蓮女お嬢様部,1240,6,3730,1056200,10,8,10,8,7,10,10,10,73
141VRPKU5,くれは,GKR9TEBYC,毎日がホリデイ♪,1336,2,3731,1056000,7,9,8,9,7,8,10,10,68
R6JKEPV5V,书中陌生人,AWFDLJ1HC,小蓮花（重生版x,940,6,3732,1055800,6,5,9,8,5,8,4,7,52
7MKJ4N405,K'zy かずや,73N4AB3LR,かほ子のイオン,1157,14,3733,1055600,7,7,6,10,6,8,5,8,57
2KR57PL03,カシワタツ,UX96YX4T1,『位置について』,837,2,3734,1055400,6,6,10,4,4,9,4,4,47
5BFNJAY4B,ケイゴ,9D722M8KC,蓮ノ空同好会,1023,3,3735,1055200,4,6,4,5,7,9,3,7,45
KCT0FD3B4,こえ,PH0YEPJD8,蓮ノ空北國金沢,1067,18,3736,1055000,7,8,8,8,9,10,8,10,68
729QRD2IC,ぶんしょう,8BAYBXUXC,スリブ大好き♪,1181,12,3737,1054800,7,6,6,4,7,8,5,8,51
F59EU608F,ナスタチウム,424NLTEE8,無言な異次元部屋,1187,2,3738,1054600,6,4,4,7,7,8,4,5,45
GFC7MDN3E,みづか,XE8513HNP,喫茶カワウ空✨,1145,13,3739,1054400,9,7,10,10,9,10,7,9,71
7RBKF4QTD,fatzhi,PUJ0ERCMW,蓮ノ空倶楽部,1155,3,3739,1054400,6,6,7,9,7,8,5,8,56
FUP3K00FA,コウジ,DVF76RK9D,ぼくらの太陽,1062,2,3741,1054200,7,6,6,10,7,8,8,10,62
8DN9WU31N,ひなぎ,T40RLPJ4A,スリブ好き好き,869,0,3742,1054000,5,6,7,7,5,9,5,5,49
6Y525ACQ6,我孫子,GYJ3C6TKR,綴理先輩好き好き,1350,6,3743,1053800,10,6,5,9,5,10,9,10,64
RGCDRMUA4,kopite,RM7N1JDB5,無言推奨不干渉会,1184,18,3744,1053600,9,9,9,9,7,9,7,10,69
GKM2AYI6Z,まよ,GPKTRBCTT,騎空団蓮ノ空支部,1113,7,3745,1053200,6,6,9,8,4,9,8,8,58
D8J6GM5YW,たま(ざらし),YD2XWWFA4,蓮好き好きクラブ,883,0,3746,1053000,7,6,7,6,4,6,7,10,53
TTVN9XH12,檸檬,34GFB7LYU,イナカモノズ,1155,14,3747,1052800,8,8,10,8,7,10,7,10,68
TNFIWVRCB,נמניג,KGD2P8TJ6,直通非対応,1395,18,3748,1052600,10,9,10,10,9,10,10,10,78
RL68TL1CQ,ひさきんぐ,N8L41JAA7,無言 ノルマなし,1251,3,3748,1052600,9,8,8,9,6,9,8,8,65
83GNCDLLF,村人i,3JDDUYURT,無言,1260,2,3750,1052400,10,9,9,6,9,8,7,10,68
XS6Z8S0Z3,かつみ,PU92U3FN4,一人用,1030,6,3751,1052200,4,2,7,6,7,7,7,9,49
YAOADF7AG,ギンペン,Y6JNPC60C,綴理メイト,1025,3,3752,1051800,7,6,6,2,8,9,7,9,54
GYH12P5KV,lain,0MVC7W2PD,WIRED,1264,15,3753,1051600,8,7,7,9,6,8,7,8,60
NAB5UVXVY,ぽさか,L1VGJTD5P,蓮ノ空お茶会部,1452,16,3754,1051400,10,10,10,10,10,10,10,10,80
AHFOC54DV,名無しの女学院生,79C17CHA2,蓮ノ空出張部,1168,0,3755,1051200,7,6,8,9,6,8,8,9,61
VJCNDJH23,けいせん,UCF93JAPM,スワンプマン,1344,5,3756,1051000,10,8,8,10,7,10,10,10,73
P84KEMHKF,しん,WFPA7YJE1,蓮ノ空文芸部,1396,7,3757,1050800,9,8,9,9,7,9,9,8,68
83PTRH3XR,エル菜,H0DV3JJGA,かほさやてぇてぇ,1089,4,3758,1050600,6,6,6,9,6,8,5,8,54
9DM7CC80B,pokki,K44BC8GLR,ことりのダイヤ,1246,1,3758,1050600,9,8,9,9,7,9,8,9,68
KX1YMBDAX,えぽすけ,C0NDBKMRB,すりぃずぶぅ家,1310,15,3760,1050400,8,8,8,9,8,9,10,10,70
4EP9A3ZQ4,りまりまる,CV62FGL1U,花咲かせ隊,1301,10,3761,1050200,10,6,8,10,5,8,7,9,63
SYWTDWS98,iga,4YTFBJAMP,HanaHana,1536,5,3762,1050000,10,9,10,10,10,10,10,10,79
9ZHIZLPYP,。,TK9E1BB1P,無言で自由,1078,0,3763,1049800,9,6,4,9,6,9,8,9,60
94PR9DPD0,キツネコタヌキ２,X87KNX4N3,蓮ノ流星群,986,0,3764,1049600,6,7,5,8,6,7,5,9,53
1N4WI9PL2,6号,WTJV514G9,蓮ノ空のお弁当屋,1489,9,3765,1049400,7,8,7,8,5,9,5,8,57
K58HNU79B,アンディ,YD2XWWFA4,蓮好き好きクラブ,1413,15,3766,1049200,7,7,10,9,9,10,8,9,69
3TT85FWF7,のぞは,WFPA7YJE1,蓮ノ空文芸部,1180,16,3767,1049000,10,10,10,10,10,10,10,10,80
JSSNYCAIX,いろは,8XMW94CPX,ヒノチタカバディ,618,2,3768,1048800,2,3,5,3,2,4,3,5,27
1W1ALKYJR,コン,DBHVM0X7P,ガンフィンガー村,1377,18,3768,1048800,10,10,10,10,10,10,10,10,80
DF01TB95N,紅毛のペンギン,HBK6KCRPP,無言でおけ,1224,18,3770,1048600,8,7,7,9,7,8,7,9,62
Z7CRWN580,アッキー,B5V2LNN43,WMW,1504,15,3771,1048400,10,10,10,10,10,10,10,10,80
PM99KPER3,まちゅ,26JDLMBLN,徒町は強く生きる,807,0,3772,1048200,9,10,10,10,9,10,8,8,74
FXHU7EHD3,Leon,HBCC35887,そりゃー!!!,1406,18,3773,1048000,10,7,7,10,7,9,9,9,68
6JMTNLEY8,めんど,1D7T2UXC2,無言でのんびり,921,3,3774,1047800,6,7,5,6,5,7,7,10,53
5T4FL7MCR,ともふみ,BV6N464PB,あむ,1223,6,3775,1047600,6,9,9,9,8,10,6,10,67
7XH0EA57B,銀河mk2,PT1LVG3UG,華鳥風月,1345,4,3776,1047400,10,10,10,10,10,10,8,10,78
XG7JNTW9U,もち,6045Y2RW7,ポチっと！蓮ノ空,1279,17,3777,1047200,8,7,7,9,5,8,7,9,60
LX1P1G5RA,幻想,3A63DYH54,LLすこすこ部,326,0,3778,1047000,7,4,4,8,4,4,5,6,42
2ATXDPN0A,クティ,GN1798YEX,ド!ド!同好会,575,0,3779,1046800,6,5,6,6,5,8,4,6,46
R4YYO1MV6,伊達男,PH0YEPJD8,蓮ノ空北國金沢,931,3,3780,1046600,8,6,6,10,5,8,7,9,59
XPJX9YM1G,くぬぎ,NRK4MV1C1,茅バール,916,3,3781,1046400,8,8,10,9,8,9,7,7,66
YQJ5WBDUB,にゃるろって,BKUHCT7WF,蓮女お嬢様部,1312,9,3782,1046200,9,8,8,9,6,9,9,9,67
RAAGABHLD,すわっぷ,BCJRMHE75,梢すきすきクラブ,1385,13,3783,1046000,7,4,9,9,7,8,5,10,59
TDTYCNO9S,アルコバレーノ,EECF9C0N3,蓮ノ空　茨城分校,989,0,3784,1045600,5,6,6,9,8,9,4,9,56
79W54BD8P,かび、,NA8FEYN0M,蓮ノ空飲酒クラブ,946,7,3785,1045400,8,2,4,9,1,3,1,10,38
MPJRPYJ8T,ちま,LAP2W049X,りんひな愛好会,248,0,3786,1045200,5,6,4,5,5,8,5,3,41
IFU81YXO9,めてお,LLDLG20UU,UR取り隊,1073,8,3787,1045000,1,6,5,6,8,9,1,10,46
6S0ZHPYGW,lie,Y2P9LABR2,スクステ同好会③,1250,18,3787,1045000,5,8,8,10,9,10,9,9,68
7XKBRR0ME,Kaho,JKAYY0KXL,自由！開心！,746,1,3789,1044800,6,3,3,5,4,7,6,8,42
DZSEY3WHP,すみっコ,L1VGJTD5P,蓮ノ空お茶会部,1193,9,3790,1044600,8,8,7,10,7,9,7,8,64
7YJ38UDHX,星月,KULVP7FDR,アニマル分室,1195,7,3791,1044400,7,6,7,9,7,8,8,10,62
XZT84Y0BM,ケー,W26TRPM1R,めぐ党藤島派,1292,9,3792,1044200,7,9,8,7,5,5,5,8,54
ZD02D4XBT,かさ322,FH7G62PKW,月火水木金土日,1400,17,3793,1044000,9,9,8,10,8,9,7,9,69
J3MUDCBCP,しゅか,9JTF508LB,スクスタ亡霊部,515,3,3794,1043800,10,10,10,10,7,10,10,6,73
JO5VT64W2,つるぎ,9DKR4Y2CJ,蓮ノ空老人会,1240,16,3795,1043600,9,8,10,10,7,10,9,10,73
OWO5SQZTE,Terces,7R8NKPAB1,花帆推し倶楽部,1203,14,3796,1043400,8,6,6,9,5,7,7,10,58
E9C6MTNNV,みけねこ,48BTAPMBG,蓮ノ空魔術部,913,0,3797,1043000,8,6,7,8,4,7,8,8,56
4RL397PL4,BLUE DIA,TDHKGHFPA,無言参加○！,1061,2,3797,1043000,8,6,7,8,5,7,5,7,53
67808E5KR,花枝,08DDCV5JN,黒ねこのしっぽ,718,0,3799,1042800,6,9,6,10,7,8,8,6,60
A8BANJXEE,たけのこ,1DU9LCND7,蓮ノ空すこやか部,1192,5,3800,1042600,9,7,8,8,7,9,9,10,67
V4HX7YGTL,red,JDHWPLJ32,くぁwせdrf,911,2,3801,1042400,8,6,5,9,6,8,7,8,57
3L9XN3EE0,けろん,HXXWV79PL,nitkc,1170,8,3802,1042200,8,6,4,4,8,5,7,9,51
3NJTU4E9G,あんり,PYFV3GWNV,異次元P,617,0,3803,1042000,7,8,6,9,5,7,8,9,59
N7UUJDZ9T,えいち,YAD615PCK,蓮を咲かせる泥達,1034,11,3804,1041800,6,6,5,7,7,8,5,6,50
B1M12TU35,SSしまむら,GMEF2K8DL,花咲く泥も好き²,1263,4,3805,1041600,8,7,7,7,5,8,7,8,57
GM50AF2D3,てんりゅう,FVJABCVP3,瑞蓮ラボ,1098,12,3806,1041400,9,6,6,9,5,10,6,9,60
QBDXV7KX6,たぬ,A8Y33CALF,ソロ,1119,4,3807,1041200,9,7,7,6,8,9,7,9,62
79BJRC13C,スターダスト,J5CKL5YPX,ログイン勢かもん,774,2,3807,1041200,2,10,4,10,5,7,6,5,49
DMCUW1TWY,そら,X0TFG829Y,ボクのおうち,753,2,3809,1041000,4,9,1,6,4,5,7,9,45
70K0IUW6G,デ徒町超巨大鈴,XE8513HNP,喫茶カワウ空✨,1413,5,3810,1040800,6,7,1,3,4,7,10,10,48
LX3R5U93G,るりのさかな,FNMV166UY,蓮ノ空喫茶部,992,3,3811,1040600,4,7,10,7,4,8,4,5,49
3YJQX087V,nigiri,JRAC1HYUD,SPHS-MMT,1261,12,3812,1040400,7,6,9,7,6,7,10,9,61
SU704Y57D,ShiP3,HPTHY23VR,蓮ノ空文芸部,1089,12,3813,1040200,5,6,5,8,5,4,4,7,44
M7CJ4WTXJ,Izayoi,EWM0GK62C,誰でもどうぞ,724,0,3814,1040000,1,4,5,10,4,7,6,8,45
CINHGY203,村雨丸,7U20138DB,LGP,1340,16,3815,1039800,10,10,10,10,10,10,10,10,80
CYHB3K93J,富山ルウシェ,AVY8PECF0,初心者の集い,358,0,3816,1039600,10,10,10,10,10,10,10,10,80
A0GU1DYFR,Lilie,38KAJGDGU,異次元シャニP,1142,15,3817,1039400,10,10,10,10,10,10,9,10,79
WUW9R9MMD,キタキツネ,23PGPJ3NV,蓮ビギナーの集い,966,1,3818,1039200,4,6,6,4,7,7,8,7,49
01U8LDAEW,HYMN,KA652DGYV,ゆるリンクラ,1009,5,3818,1039200,9,10,9,7,7,9,8,8,67
15929XP5Z,とかまく,L1VGJTD5P,蓮ノ空お茶会部,1254,10,3820,1039000,8,7,7,10,9,9,7,10,67
AR3PP5A2E,ころもち,TD87P23DJ,黄昏の旅団,1003,2,3821,1038800,6,7,1,5,2,1,2,4,28
U86PRLXW4,カンタータ,9GDHWXGVG,ルリと花咲く毎日,1072,0,3822,1038600,8,7,8,10,7,8,6,10,64
ABE32HFX7,ざっそ,1XX6FWJRB,オートスキップ団,1444,18,3823,1038400,9,10,10,10,9,10,10,10,78
TDJJBLMG0,YU,D7UA5ER1E,UR報酬欲しい！,855,2,3824,1038200,8,2,1,7,5,7,5,8,43
1R8HTKY4Y,すなよ,4XRHRYDW4,無言でエンジョイ,1539,18,3825,1038000,9,9,10,8,6,10,10,10,72
P4XR3C9U6,TW_桑 プ,VP0K6KF0K,蓮ノ空大好き!!,940,4,3826,1037800,6,5,8,8,7,7,4,7,52
A9NM75YCH,とっかい,AXG81GPMP,蓮ノ空マタギ部,1244,15,3827,1037600,10,8,7,10,8,9,8,10,70
L4D2YT9HW,しゅがぼー,V7768X8AC,せーので！,783,2,3828,1037400,6,6,5,9,5,7,6,5,49
97C5X9TY1,echo,MVMP6NNXD,空き時間らくがき,1374,6,3828,1037400,9,10,6,9,8,10,6,9,67
2PUUKBKH3,시아しあ,333AUNMN7,乙宗家,1016,9,3830,1037200,4,6,4,8,5,7,4,8,46
LD3A9874J,うず,X33HHA9F8,アルストロメリア,1283,16,3831,1037000,10,9,10,10,10,10,10,10,79
8PI1JTXLH,こうりゅー,GKR9TEBYC,毎日がホリデイ♪,1172,3,3832,1036800,10,5,6,3,5,1,8,10,48
F5H424LJ8,Jun,B2KV0EVPD,蓮ちゅきクラブ,1132,4,3833,1036600,4,6,7,8,7,8,9,10,59
U1M7HX4P3,SKY,LEHXHMR8N,みらぱ全力待機部,1230,12,3834,1036400,7,8,7,7,9,9,5,10,62
EY2D1P0H3,hyper98,BW38LDPRF,蓮浦の星空,1431,18,3835,1036200,10,10,10,10,10,10,10,10,80
2RCLJ86ED,おはぎ,DHKUGEWBJ,めぐ党虹ヶ咲支部,1243,2,3836,1036000,9,8,9,10,9,10,8,10,73
EBAVN3FEY,T-2,TKVR3KU7L,ネギトロTKG,1295,2,3837,1035800,7,4,10,9,5,8,7,8,58
4AYTAA1YT,むー｡❀,TB7GJ57D7,シャイニーフラワ,1327,18,3838,1035600,10,10,10,10,10,10,10,10,80
BVI7DP9SK,星のファービィ,2UKNVBMBU,梢ちゃん同好会,1125,6,3838,1035600,5,6,5,8,6,8,9,10,57
7KWHMXO3X,shogun,MVMP6NNXD,空き時間らくがき,1308,4,3840,1035400,8,6,7,10,5,8,8,9,61
B2W4CLPYL,ZAQ,43HRXMXWA,無言OKクラブ,827,1,3841,1035200,8,7,9,8,7,10,7,8,64
0CT09PWAY,八美−はちび−,FG5VFFNRK,蓮ノ空おじさん,1373,12,3842,1035000,7,7,8,10,5,10,9,9,65
C20TJ5UD3,マーロン,2JK7E4115,ラ！推し,1279,15,3843,1034800,6,6,5,8,5,8,6,6,50
PFAA9UV3B,部長,DKPMRA0TA,蓮ノ空奉仕部,803,4,3844,1034600,7,10,9,10,10,10,10,10,76
5PWF38X87,背番号33,PPAHU1TNY,蓮ノ空のんびり部,1031,6,3845,1034400,7,6,6,8,5,7,4,8,51
9KDJEYB1T,みいまる,R181MKNX1,みらくらは人生！,1184,12,3846,1034200,8,7,7,9,7,9,7,9,63
S1S7PBWPQ,しょこら,YE7CX8RNP,蓮ノ大三十角ex,1602,6,3847,1034000,10,10,10,10,10,10,10,10,80
ERNG7TJX6,せんざい,N8L41JAA7,無言 ノルマなし,1310,7,3848,1033800,8,6,7,9,7,9,9,10,65
HFE7UZ1HP,しるふら,1U4JN5CXB,LLユーカー部!,1108,3,3849,1033600,10,4,5,8,1,1,8,10,47
6JYUE63RP,れーるがん,WLFW6UCX5,無敵級ビリーバー,1140,6,3849,1033600,9,6,9,10,7,9,7,7,64
HL7EDD94G,めるほあ,DC8VP5MAB,蓮ノ妹子,561,0,3851,1033400,8,6,5,5,4,5,8,9,50
VA7RK1TH4,yeah,W26TRPM1R,めぐ党藤島派,1252,5,3852,1033200,10,8,10,10,10,9,10,10,77
NHEX8MVBN,あんか,HE0GK3EPE,瑞蓮プロカ倶楽部,1058,13,3853,1033000,10,10,10,10,10,10,10,10,80
7JWS0H3F9,- prj -,MCKLPUFF4,J⚽x蓮サポ,1401,8,3854,1032800,10,8,10,10,9,10,10,10,77
PPEDGMPND,たびぬま,YNR28303K,りんくらぶ,1154,0,3855,1032600,8,7,8,9,7,9,7,8,63
UCRRYP9CM,おかか,424NLTEE8,無言な異次元部屋,1024,2,3856,1032400,6,6,6,8,4,8,6,7,51
DPANK2A17,みつのん,HNUF2ERN0,個人主義,1431,1,3857,1032200,10,8,9,10,10,10,8,10,75
M1WTT4WGN,いぬ,W26TRPM1R,めぐ党藤島派,1311,5,3858,1032000,8,8,9,9,7,8,7,10,66
95R8VNYR5,ひさかたの光,0PJ19NAE3,蓮ノ空同好会☆,456,0,3859,1031800,5,6,7,8,4,7,5,5,47
3F31J940C,たかみ,95TAREFPT,ご自由にどうぞ,1260,5,3859,1031800,6,6,8,7,5,7,5,7,51
YJ7Y51DBA,めぐ好き,RKT7BC4F6,人形浄瑠璃乃,1039,5,3861,1031600,7,6,7,9,7,8,6,7,57
6AWY5V8TP,蘭契,8XMW94CPX,ヒノチタカバディ,518,2,3862,1031400,6,6,5,4,2,8,1,5,37
FF3EBJ25M,かんばらい,YDYH4VRRP,レンクウ,1140,7,3863,1031200,8,7,6,8,7,9,9,8,62
WTYHJWCYW,デスロス,FTY0R8KPH,泥の皆様,1083,2,3864,1030800,9,6,8,8,5,8,8,7,59
DFB1M4MYD,たぬき,TRFPX8EX0,鬼塚商店,1318,5,3865,1030600,7,7,7,7,7,8,10,10,63
08TTH5N8W,ぷにっしゅ,17DM6L40G,なんでやろ８番,1441,3,3866,1030400,10,10,10,10,10,10,10,10,80
70J1KMRPV,tb200,G0WRCNRWK,県立沢庵図書館,1339,18,3867,1030200,10,10,10,10,10,10,10,10,80
FK2MFRV4B,Arts,8FR866PRY,蓮っ子みらくラブ,998,11,3868,1030000,5,9,5,10,1,6,5,9,50
VUDJLX0U7,コウ,8M2MFU9U0,リンクライブ,1272,7,3869,1029800,10,7,5,8,5,8,7,10,60
MZIDN029U,みらくる,PPAHU1TNY,蓮ノ空のんびり部,1377,5,3869,1029800,8,6,5,10,5,9,7,9,59
APYTHHHY6,ゆうなぎ,YVV9CMBLW,東京公演で沼落ち,1112,4,3871,1029600,8,10,10,10,8,10,10,10,76
7Q5TSSF44,アンノウン,WKG02VMU6,先輩で遊ぶ2年生,1167,4,3872,1029400,8,4,9,9,7,8,6,7,58
46EW8IIFD,秋水,1U4JN5CXB,LLユーカー部!,1294,3,3873,1029200,9,6,7,9,6,8,8,8,61
1WFCRWAC7,TKK,9WVBK4U41,ENfans,631,0,3874,1029000,10,10,10,10,10,10,10,10,80
6RFEETJ8E,なな,F8MLHU2NV,乙宗梢様､､､,1411,14,3875,1028800,9,9,8,10,8,10,6,9,69
3YNHB7RXA,ニジカン,GK7JNB0NW,参加賞取り隊,916,0,3876,1028600,7,7,5,8,7,8,4,8,54
UJ739QP8K,わてて,KXU941RFJ,梢先輩おめでとう,1427,15,3877,1028400,10,10,10,10,10,10,10,10,80
67357AYCY,PEW,KGDNX3EF3,ENcircle,1152,4,3878,1028200,6,7,8,10,7,8,7,7,60
VCRK2A58A,ななし,XYRA2MND0,蓮ノ空ゆっくり,1011,6,3879,1028000,8,6,7,10,4,9,9,10,63
9GVJ8E293,真也(まさや),998H940YN,お嬢様筋トレ部,1570,18,3879,1028000,10,10,10,10,10,10,10,10,80
IP3E9T22V,こっぱみじん,GW4CH70HK,TKG同好会,1379,18,3881,1027800,10,10,10,10,10,10,10,10,80
WP8OPYA8P,カニ天ぷら,NL1MPRG05,とりあえず,1251,6,3882,1027400,7,6,7,6,7,9,7,9,58
LOU9HC7N6,ネスサン,6045Y2RW7,ポチっと！蓮ノ空,1357,6,3883,1027200,8,9,8,9,8,10,10,10,72
DMCFAYDVH,るお,A73H7ENN2,エロマンガ同好会,1025,6,3884,1027000,4,6,4,5,1,7,7,7,41
ADBABX82F,あばぼ,MCFN901TJ,ワノ国天祥,679,0,3885,1026800,2,2,4,7,5,1,4,8,33
943CL8HVK,おほーつく,4FXPC55PY,PPIHクラブ,953,1,3886,1026400,4,8,6,8,4,8,5,9,52
BOGOYH7QR,Spendy,0XUV5025C,めぐめぐバブり隊,1107,4,3887,1026000,2,6,4,9,7,7,5,9,49
URL42KCGK,みんくん,PR2BGEK5K,ありがとう大三角,1069,6,3887,1026000,7,4,10,2,5,10,6,9,53
26CXDK2PK,かほぴょこずにょ,RJJN0CH7G,為什么会笑不出来,911,4,3889,1025800,9,8,8,7,5,5,7,7,56
N6VKC2U4W,sin,1UBNNHVLG,蓮箱推し（仮）,1169,10,3890,1025600,8,6,9,10,7,10,7,10,67
DVE4GXMEJ,神崎,JDAG79TG7,百合ノ空観察部,1363,16,3891,1025400,6,7,7,6,5,7,10,10,58
T43L504ND,パッキー,FMKP92LRL,目が霞む人達,1034,7,3892,1025200,7,6,9,8,6,8,6,8,58
CXDN121V3,ぽ,7NJM1VURM,らんるん部。,429,0,3893,1025000,7,8,8,7,6,7,8,7,58
AD11X32E2,ともちく,YNR28303K,りんくらぶ,1188,18,3894,1024800,6,6,7,8,5,7,9,10,58
Y5F8085JD,Satan,FG5VFFNRK,蓮ノ空おじさん,1131,3,3895,1024600,7,7,7,10,5,8,5,7,56
M6ERFL81R,じゃがえもん,828YTYAA9,箱推し社畜の部屋,1129,14,3896,1024400,8,7,6,10,6,9,5,8,59
H0OFNLP44,ななつき,G6LTF6TUE,喫茶ハスノソラ,1209,3,3897,1024200,8,7,10,9,7,7,5,10,63
7W1HV2AE9,Toric,919XF8V2V,蓮之空大三腳,579,2,3897,1024200,7,7,6,9,4,6,3,6,48
DCW0NIV5I,おま,9JTF508LB,スクスタ亡霊部,1203,5,3899,1024000,7,7,6,9,5,9,7,8,58
4DMAH9D4E,おむ,0B8RTHY4D,のんびり屋さん,1188,8,3900,1023800,9,9,10,10,7,5,9,10,69
V30WH5HJ3,tame,6045Y2RW7,ポチっと！蓮ノ空,1498,3,3901,1023600,10,10,10,10,10,10,10,10,80
TIM4PFF7L,ごんくまっき～☆,1EBG7YUTL,菅！CAN！叶！,1388,18,3902,1023400,5,5,10,4,1,7,8,10,50
CMH357FRD,MIDEN,N8L41JAA7,無言 ノルマなし,1159,17,3903,1023200,4,7,2,6,5,7,9,10,50
FX71RE30Y,こびー,KXB93FVTR,ブルームガーデン,1376,4,3904,1023000,7,7,7,8,5,10,9,9,62
K63R4H61A,まさ,ABALH0AL3,楽園計画,958,6,3905,1022800,8,8,9,10,8,10,8,10,71
J3PBZZ95D,ハロめぐるり,321FF56TK,リンクラ芸楽部,1190,16,3906,1022600,9,8,10,9,7,10,7,10,70
9OXVSEHUK,Aorin,HBD61R6WC,梢先輩すきすき部,1154,6,3907,1022400,4,4,7,7,7,8,8,10,55
97U7XAGR3,ゆう,LY0XPW7NL,同棲概念強火派,1054,13,3908,1022200,10,10,10,10,10,10,10,10,80
TWMHXEK1W,にゃんこな,BX7W9FA88,にゃんこな,1345,17,3908,1022200,8,9,7,8,7,10,10,10,69
BY6BIWMTP,TNWind,0R8BXPRC1,ポチっ！とクラブ,870,0,3910,1022000,6,7,7,9,4,9,7,10,59
YESVBUWSG,nsjm,KJU0BU77M,無言交流なし,1028,8,3911,1021800,3,4,7,9,7,10,7,9,56
MO6L772HM,みみう,2ULM366U6,毎日がエブリデイ,1425,15,3912,1021600,10,10,10,10,10,10,10,10,80
81F57TPD1,おかp,NB0HX9KP8,かほてぃあん,1095,2,3913,1021400,9,4,4,10,1,5,10,10,53
XJSQA264N,Akky,W26TRPM1R,めぐ党藤島派,1457,9,3914,1021200,10,8,10,10,10,10,10,10,78
FF641AE2F,カラフルしゃけ,KGY709ULG,蓮の花束,362,0,3915,1021000,6,10,8,9,10,7,10,5,65
1JX3P6OC5,なづ,DKNHY5HH6,なす料理研究会,1289,6,3916,1020800,6,8,7,8,7,8,8,8,60
NVTGPA5HC,うこん,TBHVUNGK6,ヨーロッパ軒,248,0,3917,1020600,9,10,10,10,10,10,10,10,79
VFE7VY9BI,すねお,578YG6EAT,桜桃花束愛聴会,1162,3,3918,1020400,6,7,6,8,7,9,7,9,59
MOFJQHVV8,ユキ,2KJ2UEC3P,ういちゅけクラブ,1438,18,3918,1020400,7,9,10,7,5,7,7,8,60
HWJRC5L7J,ハタハタ,RXXUPMWB9,待機室跡地観測所,972,0,3920,1020200,5,5,7,10,4,8,7,10,56
7077BN653,Regerets,U57VPUTEE,ゆったりクラブ,690,5,3921,1020000,7,8,7,6,6,7,6,7,54
8LJ6RFHBD,はる、,MTBP3B4GM,ふらわーすきすき,1336,15,3922,1019800,10,9,9,10,8,10,9,10,75
JSSXJDU4T,SWing_,97BGFLKW9,◯◯◯,1122,4,3923,1019600,4,4,8,7,5,7,6,5,46
MCCUM53MR,Lang,DKNHY5HH6,なす料理研究会,475,0,3924,1019400,6,7,7,3,1,9,1,8,42
LXMUK1N94,Aoi,D7H8MN2U4,LLD,842,9,3925,1019200,7,10,8,6,7,6,5,7,56
GXQ4R5V33,macken,5WUDLMWEP,蓮ノ空は明日ノ空,1613,18,3926,1019000,10,10,10,10,10,10,10,10,80
VPJ97L2NW,ひあるろん,XR2P2LDY3,蓮ノ空さいきょー,1043,6,3927,1018800,7,7,7,8,5,7,5,7,53
WHE94E3R1,朝倉恭一,V26546K3D,乙宗気合筋肉,1095,13,3928,1018600,7,5,5,5,5,8,5,6,46
BBKWBREO7,カルガモ,T2XRMGEAE,蓮根無言会,1391,13,3929,1018400,6,3,9,7,6,5,8,8,52
4DM124I0Q,るる,P2J37FNLG,乙宗先生指導会,1256,5,3929,1018400,6,6,6,6,6,8,4,6,48
1185PKQ3V,りりん,BELCUYCMH,蓮hkg香港分部,960,3,3931,1018200,1,8,5,6,7,7,4,8,46
YHD79D8A4,白い勲章,998H940YN,お嬢様筋トレ部,1137,13,3932,1018000,7,7,9,10,7,10,10,10,70
XWC27ERTD,あんげ,HB9AU9DJJ,聖心党,1088,4,3933,1017800,5,9,10,4,6,10,5,4,53
TRPX4XV4B,桑山,X33HHA9F8,アルストロメリア,1143,7,3934,1017600,6,6,7,6,7,8,4,7,51
3VJZVZZZO,たかイブ,C6V311T2P,LotuSky,1175,4,3935,1017400,7,7,7,10,6,8,7,8,60
8XEWYC30M,きよまる,U98UKD6RY,異次元フェスP,1208,18,3936,1017200,10,10,10,10,10,10,10,10,80
FO0AHCR2P,エムネ,K25DPPGT9,圧倒的にまったり,1327,8,3937,1017000,9,7,7,6,6,9,8,10,62
V6R2HNG01,ルリルリ,RKT7BC4F6,人形浄瑠璃乃,782,0,3938,1016800,8,6,7,9,6,8,7,7,58
3M420CE5A,pH,BELCUYCMH,蓮hkg香港分部,556,0,3939,1016600,7,6,5,8,5,7,6,8,52
P06H7KNRT,roy,UGRXU1VL6,flowery*,1118,8,3939,1016600,8,6,7,8,5,8,8,9,59
JUDKY3UR6,pannkuzu,0PFGRW8W0,ごはん処,795,0,3941,1016400,10,8,7,10,6,8,6,9,64
NB0U0UY70,Shinya,NDGW77R2V,こず花帆尊い,929,0,3942,1016000,7,7,9,9,8,9,8,10,67
WKGM0LNTY,あまいもん,6XX7GBM0K,ぷちぐる同好会,1189,4,3943,1015800,4,5,10,8,4,7,5,4,47
O98OIJEXZ,ルルドルフ,E7UBFLW56,同好会の同好会,1308,17,3944,1015600,8,8,8,8,8,7,8,9,64
VF7TBZKCD,イジ娘,AND13836G,乙宗梢親衛隊,1318,15,3945,1015400,7,6,7,10,6,10,5,9,60
IBTWX6T89,ゾノ,8P39YRA1L,慈と愉快な仲間達,1322,6,3946,1015200,10,8,8,10,6,10,8,10,70
9DJF80R52,Rinha,MWT91W455,つづこず大好き部,1105,14,3947,1015000,10,8,10,7,10,9,10,10,74
TN34E21UR,&,HBK6KCRPP,無言でおけ,1228,3,3948,1014800,4,5,3,6,4,4,5,5,36
3T38B58P2,いるか,JHGLRJ9J7,高田健志伝説,673,0,3949,1014600,6,6,10,2,9,7,4,7,51
PWBVNDHT2,まつろわ,AH27N260E,百生信託銀行,1171,13,3949,1014600,7,8,6,8,6,7,6,8,56
148N51HA0,どらべガス,L1VGJTD5P,蓮ノ空お茶会部,1247,18,3951,1014400,10,5,3,6,6,4,9,10,53
5CCBYJWI2,ふぃなすず,F2M746D4B,頑張らないクラブ,1572,15,3952,1014200,10,10,10,10,10,10,10,10,80
NJDM7A084,ガンズ,UHF5Y8PEF,さやちゃん倶楽部,971,4,3953,1014000,8,6,6,7,5,7,7,8,54
69MFX9CPT,天城,T2XRMGEAE,蓮根無言会,1168,8,3954,1013800,7,9,7,10,10,10,8,10,71
0FDYE6D3L,なんだ！？,E7UBFLW56,同好会の同好会,982,9,3955,1013600,2,7,9,6,7,8,6,10,55
47YSEW3PP,蒼炎,X7YM9EG8K,伝統の石川地酒,1162,1,3956,1013400,9,8,8,10,8,9,10,10,72
6MSR6I1NC,ユキ,KC1W74B9B,蓮六園,1086,2,3957,1013200,7,7,5,9,7,8,7,9,59
T4KZIBPWA,銀狐,AH27N260E,百生信託銀行,1211,5,3958,1012800,9,7,8,10,7,8,7,9,65
1TJXR7L6Q,Wataru,JDAG79TG7,百合ノ空観察部,1262,14,3958,1012800,9,6,6,10,5,9,9,10,64
1V9GUJRHV,tekot,6FWRD1K40,いちじょ海賊団,1093,3,3960,1012600,5,6,10,9,8,8,8,9,63
UGY95G53B,0202,0CBM28JP6,ほうき星,1161,12,3961,1012400,4,5,6,7,5,8,8,9,52
JB65GWR1D,のてびき,FL60DG573,海未×蓮妄想部,1331,4,3962,1012200,10,7,8,10,7,9,9,10,70
KYFKHTHHR,たくぼん,DDKKFN9Y5,蓮ノ空箱推し部！,953,8,3963,1012000,7,7,10,10,6,8,8,7,63
FWL31RM30,みたらし,AVX749PPB,姫芽ちゃん親衛隊,872,3,3964,1011600,9,9,10,10,7,10,9,9,73
RT6Y5YEDU,反応なし,V830CTTX3,日野下後輩,918,0,3965,1011400,8,6,7,8,7,9,7,10,62
37SA46D0Q,西山剣骨頭,427WENUC4,心の癒し～蓮ノ空,1173,12,3966,1011200,9,6,7,8,4,7,4,7,52
KRVGKRBL1,シロン,DALU6BL7L,東方星蓮船,936,6,3967,1011000,5,6,7,8,5,9,1,7,48
GLYJZZ9ZS,トモ,FG5VFFNRK,蓮ノ空おじさん,1415,5,3968,1010800,10,9,10,10,10,10,10,10,79
LR9YC02U5,bicai2,CG883T34N,蓮ノ空美化委員会,800,0,3968,1010800,9,7,9,9,7,8,7,8,64
DNAOA014D,ミナト,07JW71HWG,良いチケで観よう,1272,4,3970,1010600,10,5,8,5,7,10,9,10,64
06NBF5GC2,Denzi,7XH3K4GBT,LLP,1178,14,3971,1010400,6,6,4,8,5,8,8,10,55
Q084QHT3Z,学生A,PH0YEPJD8,蓮ノ空北國金沢,1531,17,3972,1010200,10,10,10,10,10,10,10,10,80
M1R2JXC7F,あんたつ,4FXPC55PY,PPIHクラブ,864,3,3973,1010000,8,8,7,9,7,9,8,9,65
P98TR2N96,ブレイブ,UX96YX4T1,『位置について』,1032,2,3974,1009600,1,1,9,6,1,1,3,8,30
6X9S3U27W,keibong,P2J37FNLG,乙宗先生指導会,1540,14,3975,1009400,10,10,8,10,9,10,8,10,75
VXV8E51NX,ゆう,976BY5JWK,ハルカカナタ,1107,9,3976,1009200,7,7,7,9,7,7,7,9,60
UKKTDBLTD,しの,GYG7B5R36,幼馴染同好会,1363,16,3977,1009000,5,6,4,8,4,7,7,9,50
Y7KKD9JC9,Eiji,K4TAHF9YA,はすっこ準備室,1191,18,3977,1009000,4,3,5,6,1,9,7,10,45
NA1MWDBC8,たあた,C68491XHB,みらくらぽーく！,1174,10,3979,1008800,7,7,9,8,7,10,9,10,67
BJTK5XOHC,やや,CTW8DKV5P,まったり,1464,17,3980,1008600,10,7,7,7,5,7,7,7,57
R18ES5Q3C,nova,EECF9C0N3,蓮ノ空　茨城分校,1126,13,3981,1008400,8,8,8,9,8,9,8,8,66
IZ48INGKV,りきちゃん,AHE0E3JND,ありがと！にひっ,953,6,3982,1008200,5,8,10,2,7,7,9,10,58
K4LK2A8JP,しょうゆ,72J5PWU5K,ライグラ待機室,1228,18,3983,1008000,9,9,8,10,7,9,7,9,68
6DEKA1EL1,EI,2DYYAPFVN,蓮っ子村,995,9,3984,1007800,7,9,10,10,7,9,7,7,66
T1JEJVVJ1,ほしょう,T8X0G07YB,なければ立てる！,1395,6,3985,1007600,8,8,8,10,5,9,8,9,65
3LWUXHRBD,デューク西郷,AND13836G,乙宗梢親衛隊,1079,1,3986,1007200,7,4,6,4,8,9,7,9,54
655IAB6QB,浅倉きらら,G8F0M2PH2,アフターウォール,1157,11,3987,1007000,7,7,5,7,4,7,5,10,52
2K0NDWTNK,ひよ,GVT61ATX0,なのだけれど,1166,12,3987,1007000,7,6,6,6,5,7,1,6,44
XBJKA63GC,bell,N2KCENRKH,猫＆旅大好き部,1080,12,3989,1006800,8,8,8,7,5,8,8,9,61
87U56P7UW,おるおる,T4WY63DB9,ういのま,1216,3,3990,1006600,6,7,6,9,7,9,8,8,60
7R0XSVGY3,のどぐろ,C0NDBKMRB,すりぃずぶぅ家,892,6,3991,1006400,8,7,6,10,5,9,6,9,60
TQA69D4WC,とべわき,YUBB47UXH,ソロプレイヤー,1225,13,3992,1006200,8,6,5,9,7,8,7,10,60
MEE7LVPHD,リンクラ２４月目,H0CCTJREV,ソロ活動～休止中,1158,15,3993,1006000,7,8,7,10,7,8,8,10,65
05A8VT3FM,残・陽子,VA6X5YNNF,スリーズ分家,906,0,3994,1005800,6,4,5,7,5,4,5,7,43
NX28EZ0CO,えもいまっちゃや,GYG7B5R36,幼馴染同好会,910,0,3995,1005600,1,2,5,7,1,5,4,4,29
ST1N1O9UG,いてつ,FV38N1J23,イベント用,1103,2,3996,1005400,2,7,2,7,5,9,7,10,49
VA6RE15YB,エイト,3F0M4HXJE,蓮ノ空まったり部,1231,8,3997,1005200,10,10,10,10,10,10,10,10,80
ZNA8Y9N2I,ふぁきあ,N8L41JAA7,無言 ノルマなし,1272,3,3997,1005200,7,6,8,10,7,10,9,10,67
WCTP56LJL,常夏☆まんぼう,F2CFWVMY9,藤島め組,1634,19,3999,1005000,9,9,9,8,8,9,9,10,71
22RWDJIA2,itp,3LPBPHL3V,壁の民の伝説,1072,1,4000,1004800,8,6,4,9,5,4,8,9,53
3CTSRTTHI,秋谷すばる,CM5THHYHB,「」ノ空だけれど,1318,11,4001,1004600,7,8,8,10,6,8,10,10,67
MXGZAVNAO,樹ナギ雪,BT3GEWM5L,ささやか村の集い,1371,11,4002,1004400,10,9,8,10,8,10,9,10,74
191PEYH3K,kajikaji,FA0LCGP8K,ゴクリンコ,548,0,4003,1004000,6,7,6,8,5,8,5,9,54
82UEJUV8Q,TKM,7B0W0EWVA,ソロの為の避難所,1148,6,4004,1003800,9,6,10,8,8,9,7,9,66
CTKS3NTN4,しょぬりっち,06DCWC1RE,とりあえず参戦用,972,2,4005,1003600,9,9,8,10,9,8,7,10,70
CXGK2BN4L,ステイシー,KULVP7FDR,アニマル分室,1249,15,4006,1003400,7,9,8,9,6,10,10,10,69
PFXAN2ADY,三倉三虎,GN1798YEX,ド!ド!同好会,988,9,4006,1003400,10,6,9,6,7,7,10,7,62
VUNCUZNVE,よしお,9DKR4Y2CJ,蓮ノ空老人会,1558,14,4008,1002800,10,10,10,10,8,10,10,10,78
BBVXVKXYD,ヨシノボリ,8R49BTWW6,蓮女お嬢様クラブ,1158,7,4009,1002600,5,7,4,8,9,9,8,9,59
KWJJT8M7P,りちゃん,G59NGM0XA,シュリーレン,990,2,4010,1002400,5,5,9,9,1,5,1,7,42
5M0K2EJ01,アカマキ,GGK2P93JK,きゃらめる,433,0,4011,1002200,7,7,10,10,7,10,8,9,68
P0X0O9HT9,miyafu,JA2C658FW,さや綴理の村人,1182,4,4012,1001800,7,5,10,8,5,10,7,10,62
0TNGLPKNB,つづるり大明神,ABU58EVJ2,Quatuor,936,5,4013,1001600,8,7,8,8,6,8,8,7,60
9MNSI2TIB,タケノコ,F31A07X4V,蓮ノ空福井分校,979,9,4014,1001400,1,4,4,7,7,8,6,9,46
PNQMGBM2L,なっちゃ,4XRHRYDW4,無言でエンジョイ,1506,9,4014,1001400,7,9,6,9,7,9,10,10,67
D3YJXA0A0,バブゆずの香り,R9T0YKDW8,かちまち応援隊,1094,11,4016,1001200,5,2,3,4,10,2,6,5,37
YDIQLA0QG,すたり(オーガー,4FXPC55PY,PPIHクラブ,1347,4,4017,1001000,8,6,6,6,7,8,5,8,54
HKPFPFWYT,真奈,W3F0URUJC,梢先輩応援団,748,6,4018,1000800,4,7,5,7,7,9,1,10,50
DAA0K4TXM,「54」,TBX7N9RK5,つよつよなLH,1138,3,4019,1000600,7,7,5,9,7,10,10,10,65
XKOKX10FE,かいてんはくしゅ,MTBP3B4GM,ふらわーすきすき,1267,9,4020,1000400,8,8,9,9,6,9,10,8,67
IFYV6D44S,ポツ,43HRXMXWA,無言OKクラブ,1205,18,4021,1000200,10,7,8,10,8,9,9,10,71
KPJ9UNUNS,キマケル,UYCT3Y4JK,蓮っ子,1295,9,4022,1000000,8,7,7,7,5,8,7,8,57
02M9C85BG,たいやし,G59NGM0XA,シュリーレン,1133,14,4023,999500,10,10,10,10,10,10,10,10,80
RHAMR1347,マユ,Y6JNPC60C,綴理メイト,1253,15,4023,999500,9,9,9,10,8,9,8,10,72
53R2Z3OK7,TJ,EE4BKR0AR,まったりプレイ,969,0,4025,999250,7,7,8,7,8,6,7,8,58
67NKLBLP3,ハル,CWPWP1266,さすさや,1169,7,4026,999000,8,9,9,9,7,9,7,8,66
0BRFLRCPA,ウッチ,X7YM9EG8K,伝統の石川地酒,472,0,4027,998750,10,10,10,10,10,10,10,10,80
UWR4VKRC7,お台場カノン,N0EXH1CM1,ぱちぱち徒町,1069,12,4028,998500,7,6,4,7,4,7,7,8,50
OSOCKZ7QE,九尾とし@may,866DU609J,ラ！スレ@may,1274,2,4029,998250,7,6,8,9,6,9,8,8,61
FCV8B4U8P,やみれ,AGJ215YND,蓮の空中國分校,698,4,4030,998000,6,8,4,4,4,9,6,8,49
XL236XPDD,まりも,V1G3KNET8,パンダ和花,621,0,4031,997750,8,5,8,8,6,8,8,9,60
JWDYKWUX6,Pianta,3RH5MYBXV,こずめぐ党,939,5,4032,997500,7,7,8,7,5,7,1,10,52
36PIBUZ40,シュン,E12PR824F,ゆるっと蓮ノ空,944,5,4033,997250,8,7,6,10,7,8,7,7,60
2VV6MC7RB,T,PR2BGEK5K,ありがとう大三角,573,0,4034,997000,7,10,9,10,7,8,4,5,60
LP8AB7PXF,タカ,95YCCGJJG,あまね部蓮同好会,842,4,4034,997000,6,3,4,10,10,10,5,10,58
611L8CKNB,みとみと,VP0K6KF0K,蓮ノ空大好き!!,1460,18,4036,996750,10,10,10,10,10,10,10,10,80
8CQYZZWWJ,スミソ,VY26V3P0K,AltF4され隊,1333,2,4037,996500,10,9,10,10,9,10,9,10,77
Y8NX2CHGM,らっとん,0NLHKATWL,生きてるだけ偉い,876,4,4038,996250,7,7,7,9,10,9,7,6,62
9M3IT3QG4,まみず,4MH8A378B,ズワイクラブ(仮,1048,1,4039,996000,6,6,4,8,7,8,5,8,52
70JWEB9JC,純喫茶パフェ子,BKUHCT7WF,蓮女お嬢様部,1273,16,4040,995750,7,7,7,7,6,6,7,7,54
EKO581YPV,とらふぐ,573J1JVVK,かほかほ,1245,1,4041,995500,6,8,8,10,2,8,7,7,56
KO53RLH0L,あぽし,W26TRPM1R,めぐ党藤島派,1308,8,4042,995250,7,7,7,9,8,7,9,10,64
YC76BB78M,ねいけい,2K5AM4RV0,とろぺりです,931,6,4043,995000,10,6,6,9,5,9,7,10,62
L5EE6J1VJ,やまにー,K8C99H42D,ルリと喜ド！愛楽,944,2,4044,994750,4,7,7,7,5,7,7,7,51
R4KMJE91V,Ktk,XLBU65J86,花の壁飾りクラブ,919,6,4044,994750,8,6,6,6,4,5,1,1,37
KGNLKRWY4,だ,C9DAJ6YFV,のんびり,967,7,4046,994500,3,4,6,10,6,9,6,9,53
CDUEV7G3X,イルカ,0CEA9XFKR,蓮ノ空の泥人会,1029,7,4047,994250,1,6,10,7,7,7,8,10,56
E8T2MKWBC,yu-to,ELTW62751,安全バーは君の腕,842,2,4048,994000,5,6,5,9,4,5,4,7,45
PY7378DY4,ひさと333号,G33U9YWT7,ゆるりゆるり,1258,8,4049,993750,8,8,9,9,7,9,6,7,63
RIR184MZQ,たむろん,RF5215M2U,スクステ同好会②,1252,9,4050,993500,2,3,2,2,2,2,1,1,15
HL2A48X86,れこ,7XCGCUG96,ふみスタ,736,0,4051,993250,8,6,6,7,4,5,7,7,50
KLYUB88OO,くうちゃん,UX96YX4T1,『位置について』,1076,8,4052,993000,10,10,10,10,9,10,9,9,77
96B88D56E,ちーちゃん,NJBBTCY3A,かにかに！,1087,9,4053,992750,7,7,9,10,10,10,9,10,72
B9M35RIET,わたあめ,31A7JKC69,蓮好きの巣窟,1197,4,4054,992500,8,6,7,9,6,8,8,10,62
6O1639U3K,ことりっぷ,JTX1G19BP,さやかほ癒し会,1187,18,4055,992250,8,8,8,10,10,10,8,10,72
HLXKV7EXX,はなみや,UX96YX4T1,『位置について』,697,2,4055,992250,10,7,6,8,1,7,5,5,49
262YFT93R,VIPER,KBJ2P8T0Y,人見知りの集い,1045,3,4057,992000,9,6,6,9,7,9,8,9,63
7TFGLDYA6,だいだい,FG5VFFNRK,蓮ノ空おじさん,1195,11,4058,991750,7,7,7,7,7,9,7,7,58
G7WZRMXGG,まさとらん,8KVDGWLUD,廊下閑散,1182,4,4059,991500,4,4,4,9,8,10,7,7,53
LI442CJCF,みやび,4XRHRYDW4,無言でエンジョイ,1443,3,4060,991250,9,7,8,10,7,6,9,9,65
MNIGJHOVT,ふじ,LHXNEF3D5,まるまるサークル,1296,7,4061,991000,10,8,6,9,4,8,8,9,62
SU4PED2QC,てんぐかもつ,KPVJD4A1H,WINS金沢,1243,12,4062,990750,9,5,7,9,7,8,8,9,62
XV3RGPG2C,むらしー,Y6JNPC60C,綴理メイト,1165,11,4063,990500,4,5,5,10,3,9,4,6,46
LGALLT5LE,ナノ龍剣,CRYB2FJ64,つくよみくらぶ,650,1,4064,990250,7,6,6,4,6,8,6,10,53
QXUY100AW,SUPER-G,3LPBPHL3V,壁の民の伝説,1335,11,4065,990000,7,7,6,8,5,8,6,7,54
AW6FNKJ5E,村野saajak,GR65FP8VN,蓮好き,603,1,4065,990000,6,7,10,10,7,10,9,8,67
8EY55CW30,SAPPHIRE,82CY1DN9W,みらくるねす,674,0,4067,989750,7,7,7,9,1,8,6,7,52
GYDNPMHEN,ねる,948FLPMPN,まったりハス煮〜,1033,8,4068,989500,5,9,7,10,6,9,4,9,59
5OTF7JCU1,こしあん,BKUHCT7WF,蓮女お嬢様部,1118,3,4069,989250,4,7,7,10,8,8,9,10,63
6D0PUHWWB,Finn,DMDVHGFUG,インドネシア仲間,1222,17,4070,989000,9,9,10,10,8,8,8,9,71
NFC2PKZ4U,テラ',P2J37FNLG,乙宗先生指導会,1433,14,4071,988750,10,8,9,10,8,10,10,10,75
Q7H8NJHO6,本居宣長,TKVR3KU7L,ネギトロTKG,1229,8,4072,988500,8,7,7,10,6,8,6,8,60
7KK2LU102,GzStar17,8JMW9G2XW,僕らのリンクラ！,1137,16,4073,988250,5,6,6,8,10,10,8,10,63
NF4BKJWRD,たこ,B1KYU3XF8,LG lotus,1070,4,4074,988000,6,6,8,10,9,8,8,10,65
02CWX6KIJ,ユー,FD24TD6C5,泥人,980,1,4075,987750,5,6,5,7,5,7,7,7,49
WLJGWBTB6,はる,3JDDUYURT,無言,1135,11,4076,987500,7,6,7,9,6,9,7,9,60
KDN5RCXKW,かまぼこ,DC8VP5MAB,蓮ノ妹子,570,0,4076,987500,1,3,7,2,9,8,1,7,38
R8MBDU45F,武諒,73CBYJYB0,"oNM,",1115,9,4078,987250,8,8,10,9,9,10,9,9,72
9MK0D5YBT,蝗,NA8FEYN0M,蓮ノ空飲酒クラブ,1063,13,4079,987000,7,7,6,10,6,9,7,8,60
7HXJMYPMC,翔太朗,0R8BXPRC1,ポチっ！とクラブ,720,0,4080,986750,10,8,10,9,8,10,9,10,74
83LAKJUUU,2枚引き,KGDNX3EF3,ENcircle,240,0,4081,986500,5,8,10,10,4,10,4,8,59
70G9VDGVA,スーサン,CMH1RXEGH,仮拠点,1272,18,4082,986250,8,8,10,9,8,10,10,10,73
AJ4WELJY7,のぞみ301号,N1DJVPGP8,いつでも咲けるよ,654,0,4083,986000,10,7,10,10,10,7,8,10,72
WBDXFH23K,もりっち,GPKTRBCTT,騎空団蓮ノ空支部,778,4,4084,985500,10,6,2,3,7,5,5,10,48
YRN38XDRR,kazu,9D722M8KC,蓮ノ空同好会,859,2,4085,985250,4,2,9,9,7,7,7,10,55
ZVSBOET82,へる,V26546K3D,乙宗気合筋肉,1449,7,4085,985250,8,7,7,7,5,6,9,10,59
R665C74A1,マナブ,7R8NKPAB1,花帆推し倶楽部,1039,3,4087,985000,7,6,6,7,5,4,7,6,48
ZGJRWAVJL,fran,2ULM366U6,毎日がエブリデイ,991,7,4088,984750,6,8,8,8,6,10,6,7,59
FNTPXR1YB,坂木,DFXN9DB2H,どんぐり共和国,1201,5,4089,984500,6,6,7,9,7,10,10,10,65
1TPHM6E8N,あゆ,YNR28303K,りんくらぶ,1146,13,4090,984250,5,5,6,8,4,7,10,10,55
SAFVNHK17,やまだひさお,08HLNF1MX,毎日がエブリデイ,1198,3,4091,983750,9,3,7,7,1,9,7,10,53
U6AJ7YPJ9,こおりやま,LUDNM40F8,ふくふく無言OK,1195,9,4092,983500,10,8,8,10,6,8,7,9,66
B7JLRUWWR,T1 桂城iZu,GR65FP8VN,蓮好き,481,0,4093,983250,4,3,6,2,3,3,4,5,30
FL3135ICF,ままま,A9MA307FX,楽しいが一番,1396,15,4094,983000,8,7,10,10,8,10,10,10,73
FBYB3NPRC,Kimika,H0652CHBR,Kimimin,1151,15,4095,982750,9,9,9,10,7,8,8,10,70
7T3C53EH6,もこ,P2J37FNLG,乙宗先生指導会,973,6,4095,982750,6,4,6,6,4,7,5,6,44
GZBKRGEG0,キラキラ星,J7N4W6Y1K,こずミックラブ♡,1507,6,4097,982500,9,6,6,10,7,9,9,9,65
15FR0HH26,はなみや,AND13836G,乙宗梢親衛隊,972,4,4098,982250,9,10,8,7,9,10,7,10,70
LTH7G555H,ショウ熊,VNEJ2RNW0,まったりんくら,1197,17,4099,982000,10,10,10,10,10,10,10,10,80
CDGR11BZY,ヒロ,D7H8MN2U4,LLD,1321,8,4100,981750,10,10,10,10,7,10,10,9,76
PNX9K9YJD,初夏,E7UBFLW56,同好会の同好会,762,0,4101,981500,7,7,7,9,5,8,7,9,59
VYJ7DV948,ささっと,PF22HULND,みゅーじあむ,585,0,4102,981250,4,5,7,8,6,7,7,10,54
L4P6V9CZ0,ウトク,V7768X8AC,せーので！,1388,15,4103,981000,8,5,8,9,7,7,10,9,63
1D9X3B5J3,ヤマエル,DC8VP5MAB,蓮ノ妹子,639,0,4104,980750,10,8,7,8,6,8,7,10,64
14C6YP2G2,わんわん,E76N52LMW,イベントのみ,926,0,4105,980500,4,2,1,8,5,9,5,2,36
8YU2TY3ZK,リジス,865UE9UC6,蓮ノ空うどん部,1298,2,4105,980500,8,7,6,8,4,4,7,10,54
9KH620XY7,みみみ,BH9YH1YL5,ラブライバーの森,1221,2,4107,980250,6,6,4,6,5,4,4,8,43
85YMLKW64,まゆき,Y2R7E79U3,カワウソ同好会,1190,14,4108,979750,7,6,5,9,5,8,8,7,55
7A7T4RKAP,草色,424NLTEE8,無言な異次元部屋,1174,2,4109,979500,7,8,7,8,6,9,7,9,61
9QLNQVRWX,はゆ,5V9TDD4NF,みんはや蓮ノ空部,975,7,4110,979250,5,8,7,10,6,9,8,10,63
KJU1E14PH,ゆううう,GN9EEL045,きらくに,1165,11,4111,979000,7,6,6,7,6,4,4,7,47
Q99L20OEH,らったん,KXU941RFJ,梢先輩おめでとう,1170,3,4112,978750,7,6,8,8,7,7,8,8,59
L0PV7RXF7,ほんだ,UCF93JAPM,スワンプマン,1232,10,4113,978500,9,8,8,10,8,9,8,10,70
3DXBEN93X,葵,BT22M41DV,梢花帆吟子同好会,1196,3,4114,978250,7,6,5,10,7,8,5,10,58
0DKTL49NM,ギンギンギンコ,2CRT48K9F,百万アンペア,322,0,4115,978000,7,5,4,3,2,5,6,7,39
4UYG3K39B,misora,WJY2HK6A5,蓮の空イベント部,1258,18,4115,978000,10,10,10,10,10,10,10,10,80
MRLTF4RD0,ありさ,AH27N260E,百生信託銀行,535,0,4117,977750,9,3,2,9,3,9,3,10,48
71A2XUE9B,theta,BKUHCT7WF,蓮女お嬢様部,1234,9,4118,977500,9,7,6,10,7,10,8,8,65
NDDPRFJU3,北ピー,NJBBTCY3A,かにかに！,826,3,4119,977250,8,7,10,8,7,10,7,7,64
1HWBHPYRV,TileBZ,TXNCTRR1U,瑠璃乃推し隊,824,0,4120,977000,9,6,7,8,5,10,6,8,59
CK0GFNE6V,さすらいの学院生,BTVC9G95X,FES用,955,7,4121,976500,10,4,10,3,1,10,3,6,47
X0K6E9WBT,アイ,K2L5DCVNR,REAL,1075,8,4122,976250,7,8,8,10,8,10,8,9,68
7JKY6A6T8,とりまる,2JVBK752G,卍愛蓮説卍,1016,13,4123,976000,8,7,10,8,8,7,8,8,64
B7RHR9YVP,ゆっけ,8HNWFP5VL,沼,1134,3,4124,975750,10,10,10,8,8,10,7,10,73
5GA1DDMN0,hikari,573J1JVVK,かほかほ,527,2,4124,975750,3,3,5,10,1,8,1,10,41
J4Y06O2FU,まさき,TK9E1BB1P,無言で自由,1128,0,4126,975500,7,4,8,7,1,9,4,4,44
DTUNAW320,もすぴ,UN4AHCLTX,蓮ノ初心者,1003,1,4127,975250,10,7,6,6,6,10,7,9,61
KSJVEOC07,ライズ,HBK6KCRPP,無言でおけ,1219,4,4128,975000,8,4,5,9,7,9,8,8,58
LTNMS1B5M,あるふ燈翠,PPAHU1TNY,蓮ノ空のんびり部,1377,7,4129,974750,4,10,1,7,4,7,5,8,46
NIAW6PI4F,じろらも,K25DPPGT9,圧倒的にまったり,1209,16,4130,974500,6,9,10,10,8,9,7,10,69
58P8MXUAF,ぱ怒りゅう,9JTF508LB,スクスタ亡霊部,1016,9,4131,974250,5,7,6,9,7,7,5,9,55
B49P9TFY4,けんご,XVTV7MVCX,雪月花,1064,10,4132,974000,4,4,9,9,7,7,7,8,55
R1G94275R,けい,RN5BT2ECF,泥,1021,1,4133,973750,6,8,8,10,8,8,8,9,65
Y6T8DD66M,シンヤ,G0J2F9NAL,さやさやさーくる,1156,4,4134,973500,7,4,3,4,4,9,7,7,45
9YV3TM0TD,ふー,38KAJGDGU,異次元シャニP,411,0,4135,973250,10,9,10,10,7,10,10,7,73
DDVO4B937,ソラ,EKACCPWWB,タフノ空学院,1243,14,4135,973250,7,7,7,10,7,9,7,8,62
7MYG0N2A7,ラムダ,N0EXH1CM1,ぱちぱち徒町,1057,0,4137,973000,10,9,9,4,5,10,10,8,65
TBLF6N8A2,ゆーき,23PGPJ3NV,蓮ビギナーの集い,1054,3,4138,972750,5,4,5,9,7,7,5,9,51
GH5MWFD2T,かんのぎ,05KN1RR3U,さやかほ花卉園,1130,6,4139,972500,8,5,7,6,7,8,8,10,59
Q9JF8M10P,オガ,J4KPR8GX0,関西ラ研,1227,2,4140,972250,7,6,5,8,4,9,7,7,53
WF4P6C5NT,はたはまはやさ,X33HHA9F8,アルストロメリア,1100,3,4141,971750,8,8,5,9,7,8,5,10,60
F3LM4E30H,あびわん,69JYHU29C,ワンゲル,1121,1,4142,971500,8,4,4,8,4,8,7,8,51
QT5JKS5LE,レフティー,GKR9TEBYC,毎日がホリデイ♪,1163,0,4143,971250,4,4,7,6,6,8,9,10,54
JT6GH510A,XiaoHong,XLBU65J86,花の壁飾りクラブ,350,0,4144,971000,10,7,9,10,8,10,9,10,73
KZSHJWQOU,HoiWai,3BE2RELRC,見晴台,994,0,4144,971000,9,3,7,5,9,10,10,10,63
01CXA93FD,ゼロ,N7GLY2RUW,百生銀行,1038,2,4146,970750,8,7,8,9,5,9,7,9,62
B9HCG3TMA,明宏,XYRA2MND0,蓮ノ空ゆっくり,607,0,4147,970500,10,7,8,10,8,8,8,9,68
CWH8HF8R9,Risu,Y4G0KF6NB,無言でやる会,792,0,4148,970250,4,6,7,5,4,8,5,5,44
NLH1J5W2D,にゃんこ,D7UA5ER1E,UR報酬欲しい！,874,1,4149,970000,7,4,4,8,5,7,4,7,46
9V4BYXJ10,アイテル,D52G2F1HV,いな民リンクラ部,928,2,4150,969750,6,6,7,9,7,7,5,5,52
5JVWDDW92,にけ,CWLK3KKHG,LGドルケストラ,984,5,4151,969500,8,4,7,8,3,6,9,9,54
R229CDAF3,緑園えぼし,X7YM9EG8K,伝統の石川地酒,1576,18,4152,969250,10,10,10,10,6,10,10,10,76
LTJCHY75Y,NMRY,LD34NCH5R,NERV,1286,2,4153,969000,6,7,10,7,9,8,8,6,61
A5JHEM97P,まさ,M49MMBK4F,スリーズパーク,867,2,4154,968750,10,10,7,10,6,10,8,9,70
FQTJHP5MF,カワウソウサギ,CXG25026E,泥のみんなS,1187,4,4154,968750,6,4,6,9,4,9,6,8,52
09P9ANX24,ウェイ,NJBBTCY3A,かにかに！,533,2,4156,968500,4,5,7,4,4,5,1,3,33
6DC98JW48,Yoichi,XXMU9WLKB,梢の機械さん,759,2,4157,968250,6,4,8,8,4,7,8,9,54
VSCFTBIAB,MKごはん,NGMU0511T,無言のお茶会,1248,18,4158,968000,1,6,4,6,6,8,9,9,49
FT7V0M8BB,ベガ,GKR9TEBYC,毎日がホリデイ♪,1325,10,4159,967750,9,7,8,10,8,9,7,9,67
REA74EBJ3,あさゆき,KND3T7056,ぽかぽかモガの村,1214,18,4160,967500,9,9,9,9,9,10,10,10,75
4HE04415C,ベーコン,UX96YX4T1,『位置について』,480,0,4161,967250,8,6,10,6,5,7,6,8,56
7WGHWWIKO,はなさかびより,BT22M41DV,梢花帆吟子同好会,1125,10,4162,967000,6,7,7,9,7,7,7,9,59
5R50K78UM,りり,PB3TBGV6N,いちご大福,1310,17,4163,966750,10,10,10,8,8,10,9,10,75
NS285TF1R,SuE,Y3805A0YC,まるまるさーくる,1265,7,4164,966500,7,7,7,9,6,9,9,10,64
L3HN1X8WQ,名無し,PPAHU1TNY,蓮ノ空のんびり部,1250,12,4165,966250,9,7,9,7,7,9,7,10,65
WN2KMADQJ,モルガナイト,V6DV6KETG,梢好き好きクラブ,1207,7,4165,966250,6,7,7,10,8,9,8,10,65
F9QPIAAE0,ライ,J8HXTJ8TB,流し素麺同好会,1326,9,4167,966000,7,7,9,8,7,10,9,10,67
GPTP4PHME,モノノフ,GR65FP8VN,蓮好き,814,0,4168,965750,6,4,6,7,1,5,4,6,39
K1LDNMT14,Κενιη,MVMP6NNXD,空き時間らくがき,1040,7,4169,965500,2,4,5,7,7,8,9,8,50
W19X0034C,つづえる,KFC62L0FV,ねるねる同好会,1164,6,4170,965250,5,7,6,10,7,8,7,10,60
7J6C9ISNR,つくし,D7H8MN2U4,LLD,962,0,4171,965000,5,6,5,7,4,7,5,7,46
DJO1S527V,佳月,321FF56TK,リンクラ芸楽部,1055,3,4172,964750,7,6,5,7,5,7,8,10,55
L5TXUMJED,LaMeeska,2JVBK752G,卍愛蓮説卍,1237,7,4173,964500,7,6,6,8,5,7,5,9,53
PJNJH16H7,Ko-ki,5JA9K5FAK,オタサーの姫芽,1466,15,4174,964250,10,10,10,10,10,10,10,10,80
01T31JHCL,ともり,AWFDLJ1HC,小蓮花（重生版x,869,10,4175,964000,10,3,8,9,6,7,8,7,58
2C9KU2FXK,こんず,GR65FP8VN,蓮好き,1415,12,4175,964000,10,10,10,10,10,10,10,10,80
2ZLK602NK,same,N8L41JAA7,無言 ノルマなし,1124,0,4177,963750,4,6,7,6,5,9,9,7,53
04QAY4F6W,悠,JCRNT9GKB,ハントンTKG,1233,15,4178,963500,7,7,8,7,6,10,7,10,62
PYN9U63LV,ヤドン柳田,7NFK6A4AN,だらけ屋本舗,1237,18,4179,963250,8,6,7,6,7,8,7,8,57
DF9YB7149,JiN,C8A8KLVC6,Esprit,986,6,4180,963000,1,3,10,10,9,10,7,9,59
HFVBGL01R,ソウ,BPHHYC793,ソロ専の集い,1098,6,4181,962750,7,6,5,9,7,9,7,10,60
3ZI9W1ACH,しるびあ,JTX1G19BP,さやかほ癒し会,1387,15,4182,962500,10,8,9,9,7,10,9,10,72
44DF706SU,ふってんてん,9DKR4Y2CJ,蓮ノ空老人会,1167,0,4183,962250,7,7,5,9,6,9,4,8,55
KMRLM83KW,ツマ咲立ち,WBW66DMUB,るりめぐ研究所,1189,1,4184,962000,6,4,6,8,7,10,7,9,57
U568HUL42,ミハル,3BE2RELRC,見晴台,1017,2,4185,961750,7,7,7,10,7,9,8,8,63
WR71BGXFX,なみへい,8F7629VKU,アークス兼任,1045,1,4186,961500,6,5,6,2,5,10,6,8,48
33ENHEREB,すまない,KGDNX3EF3,ENcircle,911,3,4186,961500,8,4,6,9,7,8,6,7,55
OJ9YBIQN2,Jasonqe,73N4AB3LR,かほ子のイオン,1283,2,4188,961250,4,6,7,7,5,8,9,10,56
V38HQQAC1,Tanzaa,PDMPF3VVV,r/LL,868,3,4189,961000,7,6,6,6,4,7,5,8,49
V0FNA2XDA,ミレット,9GDHWXGVG,ルリと花咲く毎日,1398,16,4190,960750,10,10,10,10,9,9,10,10,78
TDR39U48H,あっとみぃ,DWBLV9V69,イベント参加用,832,0,4191,960500,8,6,7,8,6,8,7,8,58
7AWB8LA8Y,ミュン,UX96YX4T1,『位置について』,415,0,4192,960250,4,2,10,10,4,10,3,10,53
J89QLWCS0,ツキミ@PTT,HWJ8XPW0T,箱推しなのだけど,1367,0,4193,959750,9,8,8,9,9,9,10,9,71
E9W37M1V1,yu-ki,TBX7N9RK5,つよつよなLH,1126,8,4194,959500,9,9,9,9,8,8,9,10,71
4R386HDXY,眼鏡,R3UE4PGCE,うさぎ小屋,765,0,4195,959250,5,6,5,6,4,5,4,7,42
6PPYW6WVM,Jkgjar,30VW9U24D,Bigカツ同好会,899,1,4195,959250,8,6,7,8,7,8,8,9,61
P1MJ9KJY5,uro,N1DJVPGP8,いつでも咲けるよ,988,6,4197,959000,9,8,9,9,9,8,2,10,64
MVVCJ7TDR,Darcy,BEMED3RY1,無言無課金ok,977,3,4198,958750,5,6,7,6,4,7,5,5,45
4LKF50K1R,まぎこ,1VPK1PKFW,すりすりの森,1088,9,4199,958500,9,10,10,9,5,8,7,10,68
V2AU5HAB1,三日月,NJBBTCY3A,かにかに！,1349,15,4200,958250,10,9,10,10,9,10,9,10,77
PWE31G4N1,霜月,BKUHCT7WF,蓮女お嬢様部,1178,14,4201,958000,7,6,6,9,5,8,5,8,54
11MN4ULBT,ppq,Y337R7BW9,中国の蓮之空圈子,1191,10,4202,957750,8,5,5,9,7,8,7,10,59
L5VMUTNNP,くま,N1DJVPGP8,いつでも咲けるよ,581,0,4203,957500,8,7,8,8,7,9,5,8,60
BZ0GJ1LKB,しぐ,7B0W0EWVA,ソロの為の避難所,1182,10,4204,957250,8,9,8,9,7,9,5,8,63
KWYFJ2VXL,baran,KC1W74B9B,蓮六園,799,0,4205,957000,7,7,7,9,4,9,8,8,59
32HP3YOSU,志念,XJHATLDVB,さやかほ観測所,1354,6,4206,956750,9,8,8,9,6,9,7,10,66
MT9WLPBJ5,うゆ,E7UBFLW56,同好会の同好会,509,0,4206,956750,8,9,6,10,8,10,8,9,68
E8NZFATG4,Takumi,80K5510JB,CoreSolo,996,4,4208,956500,7,6,5,8,4,1,6,7,44
8RY3GN5MV,のえ,828YTYAA9,箱推し社畜の部屋,1099,2,4209,956250,9,6,6,6,6,9,7,9,58
EMG3MWRDK,Lio,9YTN0M5PV,月月火水木金金♪,1010,8,4210,956000,5,6,6,7,7,8,6,9,54
U96TQLLHN,ユウキ,31A7JKC69,蓮好きの巣窟,1312,5,4211,955750,10,9,8,10,7,10,8,9,71
M7RC9X089,らら,H1G4CDT6C,無言自由,1009,8,4212,955500,6,5,5,7,4,7,6,8,48
7DU6ELB6C,はばねろ,1D7T2UXC2,無言でのんびり,1325,3,4213,955250,8,8,9,10,8,10,8,10,71
BW5UPHFE3,zen,E5JKTW00K,蓮ノ空まったり部,1163,8,4214,955000,7,1,1,2,5,8,7,9,40
9ZUQQ0BE5,かんかんみかん,J83JWJ028,大ㄇㄚˊ露營區,1152,0,4215,954750,6,7,6,9,7,8,7,9,59
K0IB7G0LT,うぃぐ,9FF5JBNDF,めぐすきクラブ,1287,7,4216,954500,8,8,8,10,8,9,10,9,70
Q2MRX2YM7,しょんじー,414CEUPEH,アフター見よう！,1204,6,4216,954500,6,5,10,9,7,8,10,10,65
NGG2WPE92,虎徹,NGMU0511T,無言のお茶会,970,13,4218,954250,6,2,1,6,10,10,4,6,45
5WCN9T93E,あげどり,JVUNVCT8P,梢先輩のASMR,795,2,4219,954000,5,4,5,7,4,8,5,5,43
4JXUNTBN2,CodyHo,KANLFTMVJ,蓮ノ空中文同好會,931,13,4220,953750,2,2,4,4,3,4,3,5,27
QRZWL66DH,あゆりら,W189BP629,みんなのみかん畑,974,6,4221,953500,4,6,6,8,5,7,7,7,50
51XIBRBE5,東南東方不敗,YD2XWWFA4,蓮好き好きクラブ,1383,2,4222,953250,10,8,8,10,8,10,8,10,72
57CP6Q8MA,チーズわさび,X33HHA9F8,アルストロメリア,1154,7,4223,953000,7,7,6,8,6,8,7,8,57
MZLX5YZ5H,たまらいなー３９,9DKR4Y2CJ,蓮ノ空老人会,1505,2,4224,952750,10,10,10,10,10,10,10,10,80
R3J3VX0Q3,Shin,4RY75CKM4,LLすこ部　メ募,1166,3,4225,952500,7,4,4,7,5,7,6,8,48
M4EE2D886,TSUKIYO,08DDCV5JN,黒ねこのしっぽ,1084,13,4226,952250,7,8,9,9,7,8,6,7,61
9YF4B1A7R,ゆりはむ,4RY75CKM4,LLすこ部　メ募,1297,13,4227,952000,1,6,7,8,5,7,5,9,48
HD4W6928E,Plum,VP0K6KF0K,蓮ノ空大好き!!,1186,18,4227,952000,4,4,5,7,8,6,10,5,49
HFX7TDBWU,MEGAMAN,FDU1F9PUW,海の幸,1109,7,4229,951750,4,7,7,7,9,9,10,10,63
1H1KKK4WJ,ぺるりん,6XX7GBM0K,ぷちぐる同好会,1335,17,4230,951500,10,10,10,10,10,10,10,10,80
GPHHRW7JK,ルイミン,WLFW6UCX5,無敵級ビリーバー,1215,5,4231,951250,9,8,10,9,8,10,7,8,69
DN2U6P9EX,minagi,9P9EPKFHE,無言参加OK,275,0,4232,951000,8,3,5,7,1,5,3,3,35
H9GMFD6RA,よりたンゴ,GGK2P93JK,きゃらめる,325,0,4233,950750,10,10,10,10,10,10,10,10,80
JK8RYMVC2,かなどら,HMBW9DXY2,蓮好き皆あつまれ,632,2,4234,950500,6,4,2,7,5,8,10,10,52
5E9TJEEDJ,サラダ,GPKTRBCTT,騎空団蓮ノ空支部,948,8,4235,950250,4,6,6,7,4,8,4,8,47
8A2KJKQN4,そねっぷ,22KJV2PUP,他人任せじゃダメ,1212,18,4236,949750,6,5,3,10,8,8,7,8,55
4R4PBN8DA,りゆ,8VGXWTV3U,R.opRizm,677,2,4236,949750,8,6,10,10,5,8,7,7,61
ZHA8KR27D,アカとんぼ,F08AHUJJ0,綴理のお世話係,1316,15,4238,949500,8,7,7,8,4,8,8,9,59
OBK9LNIYJ,ユキ,GW4CH70HK,TKG同好会,901,3,4239,949250,10,9,7,2,10,9,5,7,59
LVP4D6FN6,phocidae,NLTAB4BLF,蓮ノ空ゆる活動部,542,0,4240,949000,8,3,4,10,7,8,7,8,55
X12ML989R,ルカ,LLDLG20UU,UR取り隊,977,2,4241,948750,7,3,1,7,6,5,4,10,43
J8FCRHPAN,エリー千歌,6C9R15BLY,スクスタ避難民,1068,1,4242,948250,9,7,9,9,6,9,9,7,65
2A43L9B5K,かんかんみかん,27N2UHJYL,ラブライブ格ゲー,1051,2,4243,948000,7,6,6,9,9,9,7,10,63
MX6EY4O2U,ヒュウ,W3UUXHMDV,水彩ブーケ,1397,12,4244,947750,3,3,3,3,1,1,5,4,23
7GXA4M34D,からかさ,C9DAJ6YFV,のんびり,999,1,4245,947500,5,6,5,10,8,9,8,10,61
4DVWNGWBE,しんどーP,FDWY9N1P7,"ゲCo.,Ltd",1292,19,4246,947250,10,9,10,10,8,9,7,10,73
JRJ8GHN4L,へむ,EFYYG9TAY,ご隠居さーくる,501,0,4246,947250,8,8,10,3,7,9,7,8,60
OJRB4HK3W,沢田セブン,A8BJ5V3ET,はすのそら,1205,2,4248,947000,7,7,6,10,8,9,7,9,63
05PVI0DXF,たんたん,YUG7566C7,はすおじっ！,1191,2,4249,946750,10,8,6,9,6,9,10,10,68
EP6RG2U8L,ルナズ,8VGXWTV3U,R.opRizm,407,3,4250,946500,6,4,10,8,1,2,3,9,43
28P4D7GB0,あら,3A63DYH54,LLすこすこ部,1095,0,4251,946250,7,7,6,9,1,8,7,8,53
GEBWT9CLK,zarame,K3LMN5JHH,金沢カレーの皿,1284,2,4252,946000,6,8,8,9,7,9,6,8,61
NYXB3JJC0,むにゅま,YUVK7R51W,萌え萌え倶楽部,1082,9,4253,945750,5,4,7,6,6,5,6,4,43
VMR8XX4TB,つゆたく,4FXPC55PY,PPIHクラブ,1287,1,4254,945500,10,8,9,10,8,8,9,10,72
XFR46B626,ヤナギ,YL2ELYC4U,さや…好きだよ…,627,0,4255,945250,7,6,5,9,5,7,4,7,50
5B1NJAW9X,シベリアン蓮好,T56X6LP0L,光の海,1035,0,4256,945000,8,5,5,7,6,8,6,7,52
WRVA5GPYJ,ニンジャ,AXG81GPMP,蓮ノ空マタギ部,1027,4,4256,945000,4,2,5,7,5,9,7,5,44
4GFWN62C0,水無瀬奏,75FVVYR5B,身内クラブ,481,0,4258,944750,10,10,10,5,10,10,7,10,72
8P3JRA7OT,よいよい,3F0M4HXJE,蓮ノ空まったり部,1324,3,4259,944500,8,6,7,9,7,9,7,9,62
DVNDD09IZ,木戸修,V26546K3D,乙宗気合筋肉,1390,12,4260,944250,7,9,9,10,6,8,10,10,69
55NOFQECS,双葉,L1VGJTD5P,蓮ノ空お茶会部,903,3,4261,944000,7,4,5,7,4,9,6,5,47
5P07845LT,しんのすけ,AE3L01V24,LOVE蓮ノ空,1094,4,4262,943750,8,6,7,8,6,8,7,8,58
CFB715D6H,ふ,H1XNGBDFT,ちーむUK,847,4,4263,943500,1,8,3,3,7,9,9,7,47
2BSSQI1LZ,シャル,9AYD3XJ2D,ぺんぎん隊,1431,3,4264,943250,8,7,9,9,7,9,4,7,60
480F5KAP6,kakashi.,LRKRUR21F,ちゅけバフ,525,0,4265,943000,10,10,10,10,8,10,10,10,78
AA66U7MRG,なつむ,CV62FGL1U,花咲かせ隊,1120,15,4266,942750,7,8,9,9,6,10,6,7,62
ENA7QY8TL,南大沢瑠璃乃,JWUL2T36L,チーム初心者,1322,18,4267,942500,7,7,8,6,6,7,6,10,57
NY4CWPFGZ,ユノ,2K5AM4RV0,とろぺりです,1203,3,4267,942500,8,8,8,10,6,8,5,9,62
O44TRM3CC,ツキマカセ,BWD9U1EJ2,蓮之空中国同好会,1164,15,4269,942250,6,6,10,6,6,5,9,10,58
YWHXYFJ3H,saya的牛油果,J800VVPTN,Aqours,1004,13,4270,942000,4,6,4,9,5,7,4,7,46
2CJ3XACLG,ちょみる,N752V1LD6,思想の溜まり場,651,2,4271,941750,10,6,10,10,5,10,5,7,63
A4CYMFS63,黒澤金剛石,R181MKNX1,みらくらは人生！,1410,9,4272,941500,10,10,10,10,10,10,10,10,80
5F3UQPXAA,あかつき,E1HVJ71JR,ご自由にどうぞ,1290,15,4273,941250,10,10,10,10,10,10,10,10,80
W413KCJ21,花宮ももこ,W3F0URUJC,梢先輩応援団,958,6,4274,941000,9,9,6,7,6,2,2,6,47
5YPNHJ8RG,花,D7UA5ER1E,UR報酬欲しい！,965,2,4275,940750,8,6,7,7,4,7,5,7,51
BLGPGVJ14,板口,PR2BGEK5K,ありがとう大三角,1144,10,4276,940500,10,10,10,4,10,9,8,10,71
FTW9VSAA8,ぽんすけ,AG9PKMMC3,ぱかぱか同好会,1320,12,4277,940250,7,5,4,8,5,9,7,7,52
NDV4JJCPL,デンキヒツジ,GW4CH70HK,TKG同好会,1339,5,4277,940250,8,8,7,9,7,9,8,10,66
T66JRD39A,ゆきち,NJBBTCY3A,かにかに！,1041,0,4279,940000,6,6,8,8,7,9,8,10,62
F7G521NKU,みくる,EEP20F2M8,綴理の綴り,1165,10,4280,939750,9,6,7,7,7,8,8,10,62
9AHEIBHLT,ろじや,AR9HR528A,いろいろ実況,1299,3,4281,939500,8,7,7,9,6,8,6,9,60
81OPKU746,ざこと,4WRYNBWU1,小さな蓮ノ空,1280,18,4282,939250,2,7,7,8,8,10,9,9,60
GF4PVVK3R,むーん,V0XTK8NVM,のんび〜り,412,2,4283,939000,2,3,10,10,4,4,4,6,43
L1PS0BO14,ダイ大将,CP3KWKH07,まったり社会人部,1302,16,4284,938750,8,7,8,9,7,7,8,9,63
48TBWPLQE,かたこと,58FD7UF8J,としとしサークル,1103,1,4285,938500,6,6,5,9,4,7,7,7,51
6PGPS88DW,さやかぴょん,DFXN9DB2H,どんぐり共和国,1275,8,4286,938250,5,9,8,8,8,9,6,10,63
DM8C6N22V,なり,05KN1RR3U,さやかほ花卉園,851,1,4287,938000,7,8,6,9,6,7,4,8,55
EPGYJ4Y86,さくらんぼ,KGDNX3EF3,ENcircle,964,1,4288,937750,7,6,7,9,7,7,6,7,56
LIIPSPLHA,Faizu,PDMPF3VVV,r/LL,1281,2,4288,937750,4,4,7,7,7,9,10,10,58
HABC12MD0,赤騎士,8NFDBY4L5,浄龍桐生会,810,0,4290,937500,7,7,7,9,7,8,6,7,58
JSA85T3QZ,うたたね,VF517JBVB,無言でいいよ。,1288,9,4291,937250,8,9,7,10,7,10,9,9,69
UAFTR920R,maho,YNR28303K,りんくらぶ,1012,1,4292,937000,6,7,9,4,2,7,7,7,49
G7ABMLKPB,桜 颯 か も,XXMU9WLKB,梢の機械さん,921,2,4293,936750,2,6,7,7,5,1,9,8,45
44WBHKLAF,bl,1F5EPPMLD,UR貰えればいい,489,0,4294,936500,7,6,8,10,5,7,4,7,54
X8WLM16L2,ㅤ,WFPA7YJE1,蓮ノ空文芸部,1108,6,4295,936250,8,6,6,9,7,9,5,8,58
S1HVER23E,ハーシー,95TAREFPT,ご自由にどうぞ,1291,6,4296,936000,8,10,8,10,7,9,8,8,68
U7O6241ZM,わち,B5V2LNN43,WMW,1413,2,4297,935750,10,8,7,10,10,8,10,10,73
W324V1AD2,あやせ,Y7KJ3PM8P,蓮すきすき同好会,1342,12,4298,935500,9,7,8,10,7,10,6,9,66
YUFBBCNMK,アリサ,AJXXT5Y2K,無所属,579,2,4298,935500,10,7,6,10,7,9,8,8,65
53BVYDQYC,ライト,2ULM366U6,毎日がエブリデイ,950,12,4300,935250,6,4,3,3,3,1,1,1,22
DUWJPGCA1,こう,G59NGM0XA,シュリーレン,1344,9,4301,935000,7,7,7,7,9,10,9,7,63
TYMDCA3UB,kkok,D1VR7E35U,ひとり,648,0,4302,934750,10,10,10,10,10,10,10,10,80
EK0FG6TXC,てぃー,7J5JK1W1W,高根町,1055,14,4303,934500,7,6,6,10,7,9,7,10,62
GWYZPXC5J,エレジー,75UJ5RB97,蓮ノ空雪野球部,1159,2,4304,934250,8,7,7,6,7,8,7,8,58
3E4TD2M4B,ヌャ-nuXya,KXU941RFJ,梢先輩おめでとう,1116,12,4305,934000,7,7,6,8,7,7,6,7,55
JPTC9N7P9,午後の紅茶,DFXN9DB2H,どんぐり共和国,963,11,4306,933750,7,6,8,3,7,10,4,7,52
76AVNNTFP,しらたき,T8X0G07YB,なければ立てる！,1406,13,4307,933500,9,9,10,10,8,10,8,9,73
9PNLP68BM,たかもと,HXVYGL96H,初々しい対抗戦,929,1,4308,933250,1,4,7,10,5,7,5,5,44
UL1UYJN4V,(^-^),HH93ADAW3,無言自由。,1165,17,4309,933000,5,6,7,8,8,7,9,10,60
4FLL5NPJU,StSwMC,GN9EEL045,きらくに,1022,13,4309,933000,7,7,6,8,5,8,5,8,54
2GBDHP07W,さるさく,M44P06CH5,つづさや見守り隊,1122,1,4311,932750,7,6,6,8,7,8,5,7,54
65EYKN4AF,Doda,JA2C658FW,さや綴理の村人,993,9,4312,932500,2,5,5,8,1,5,10,4,40
V1G7A7NAB,らんらん,J5CKL5YPX,ログイン勢かもん,1215,4,4313,932250,7,7,6,9,5,8,8,9,59
CP45O0T6V,ZR-7,7PJY920KD,むじな部,996,8,4314,932000,5,4,6,7,5,7,5,7,46
P74GVCXEP,メレまる,JWUL2T36L,チーム初心者,1085,4,4315,931750,2,2,5,4,1,5,2,4,25
RRH2R97HH,コウ,P01RCC6L2,まったーり,1029,13,4316,931500,9,9,9,8,8,10,9,10,72
EHGTNDHJ2,ゆきじ,72J5PWU5K,ライグラ待機室,1452,7,4317,931250,7,8,10,10,7,10,6,10,68
H5T2597E1,chill,R8C4YP82A,蓮ノ蓮,946,6,4318,931000,1,2,7,6,5,10,8,8,47
8V7DSGX7O,あかり,HKETDDCK6,ぼっちざ蓮!!,1119,0,4319,930750,7,6,6,6,4,7,7,8,51
JFW83PC7X,ちょりすけ,Y6JNPC60C,綴理メイト,1454,9,4319,930750,10,10,10,10,10,10,10,10,80
TDZ9E3OHQ,たこはち,RM7N1JDB5,無言推奨不干渉会,1424,18,4321,930500,10,9,10,10,10,10,10,10,79
CT9RJ4NMU,ねーやん,7R8NKPAB1,花帆推し倶楽部,1018,1,4322,930250,9,6,5,9,7,9,7,9,61
16EL0H18C,霞,7NJM1VURM,らんるん部。,948,6,4323,930000,10,9,10,7,4,5,7,9,61
2DGEPNUX7,Nonpee,6U5YRWNNY,あすて☆りずむ♪,917,1,4324,929750,5,4,7,7,4,7,6,7,47
C8UYWMR9N,MEGAMAN2,FDU1F9PUW,海の幸,1016,3,4325,929500,3,7,6,10,5,8,8,10,57
QHJPVEPC4,やきそーば,J62DRC7J5,蓮ノ空好き好き会,1215,8,4326,929250,6,7,7,10,7,10,7,8,62
V8Y4EJTDP,あさはパン派,M3VFRN1CW,Feslive用,445,0,4327,929000,4,6,6,9,3,2,6,5,41
N0CIHKTRY,むらさき,6U5YRWNNY,あすて☆りずむ♪,1330,2,4328,928750,10,9,9,10,7,9,7,10,71
0RVW2NW6W,ひめめぐ党,7MPNTWKTN,Dreamers,839,0,4329,928500,1,5,8,9,5,5,4,6,43
559ICLU88,咲夜,N7GLY2RUW,百生銀行,883,2,4329,928500,2,5,5,9,7,7,6,6,47
MJP5M1594,くっま２号,48GTYR1VB,ハラショー！,1218,13,4331,928250,6,9,6,8,6,8,10,10,63
40FBU455R,かんぴょー,JWKMYEELY,伝統工芸愛好会,868,0,4332,928000,1,8,8,10,5,10,1,10,53
6D7P6MM0C,愛月天,R9NGK6L48,のんびりサークル,1101,4,4333,927750,8,6,5,8,5,7,5,9,53
B4UKVJG1R,いじゅ,BCJRMHE75,梢すきすきクラブ,780,3,4334,927500,2,4,9,4,4,5,7,7,42
ZEHM6516A,ウトゥンドゥ,998H940YN,お嬢様筋トレ部,1373,18,4335,927250,8,8,9,7,8,8,9,9,66
RA145L3JH,田中清,P2J37FNLG,乙宗先生指導会,1103,11,4336,927000,8,7,7,8,7,9,4,9,59
63580F48J,dark(堕悪),H4FK3UYY2,揺蕩藍玉,1417,14,4337,926750,8,6,6,10,7,9,8,9,63
LG9FEA1R8,さかーな,X33HHA9F8,アルストロメリア,841,0,4338,926500,6,7,6,8,5,7,5,7,51
KELAXQ9TF,みのゆ,CTW8DKV5P,まったり,1282,15,4339,926250,6,6,9,8,8,10,10,10,67
BTE8H39MX,ジュラ,UTN8134GA,パドマシューニャ,900,2,4340,926000,10,7,5,6,5,7,4,8,52
F4S1FCK8S,MIO,V7768X8AC,せーので！,1154,15,4340,926000,6,7,7,10,7,8,8,10,63
H1G4885XW,McCool,X19MP0NTT,蓮之空河豚养殖場,1181,12,4342,925750,8,7,6,8,7,7,6,8,57
04OJ29Z4I,たーしー,Y2R7E79U3,カワウソ同好会,1228,13,4343,925500,7,6,6,6,6,8,8,8,55
W1XRL5CMD,croMisa,TD87P23DJ,黄昏の旅団,1113,14,4344,925250,8,8,7,10,6,7,7,8,61
907BNSHAW,白銀,J8HXTJ8TB,流し素麺同好会,1520,6,4345,925000,10,8,10,10,10,10,10,10,78
I38XTO92W,タツ,36DAM7HBL,蓮隠れノ里,1128,12,4346,924750,10,10,10,10,10,10,10,10,80
56LD6NJ9D,きりん,H5F25TNGR,モヒカン,1125,6,4347,924500,8,8,8,9,7,8,7,8,63
230J536RJ,Aily,CRYB2FJ64,つくよみくらぶ,730,2,4348,924250,5,3,2,8,2,7,2,7,36
H0XH70J0K,つぶあん,E1HVJ71JR,ご自由にどうぞ,926,3,4349,924000,5,4,7,9,4,5,4,7,45
YUUGQ6S6D,わかめとうふ,W3YKKRWHG,ルリと愉快な一家,1126,4,4350,923750,7,7,7,8,4,9,7,9,58
VAMOR4S1E,齋藤,4FXPC55PY,PPIHクラブ,1403,18,4350,923750,10,7,8,10,7,10,10,10,72
X3MY97T4G,ヤマト,8MTLYLH9F,木星月華黄金宮,1184,10,4352,923500,8,6,9,9,6,10,6,10,64
EJF3GBGG3,きのこ,60D1TTYTV,無言自由会,1182,14,4353,923250,7,8,8,8,8,10,9,8,66
2UQOXOQLR,はちお,8JMW9G2XW,僕らのリンクラ！,1202,4,4354,923000,4,2,7,2,2,4,2,4,27
Y4RCPU2A0,ひなた,06DCWC1RE,とりあえず参戦用,823,4,4355,922750,10,8,1,10,7,5,8,10,59
A137DF5RP,エト,HKETDDCK6,ぼっちざ蓮!!,730,4,4356,922500,4,3,10,7,5,7,5,4,45
A8UAN5PTG,123,YAD615PCK,蓮を咲かせる泥達,971,3,4357,922250,8,4,7,5,6,5,5,7,47
JLP3ZOZS6,竜,GCFA4WL28,乙宗梢を愛で隊,1168,7,4358,922000,7,7,8,8,5,8,5,8,56
B301FOVVA,いきゅー,C2M5GJD7D,せーので！埼ノ玉,1192,6,4359,921750,1,4,8,8,7,7,9,9,53
1BELD3S5I,星野優花,YM72HRVCF,ワンニャン部,1434,3,4360,921500,8,7,7,6,5,8,8,8,57
6WEADA8RK,ガリオー,17LJ910A0,蓮ノ空緩々交流会,1198,18,4361,921250,7,5,5,9,9,10,7,9,61
9M0LKVKRG,蓮根,7MPNTWKTN,Dreamers,989,11,4361,921250,4,5,4,9,4,9,4,6,45
4P36WEMHV,すみむらニ,J80MEYHBC,Nymphaea,1186,17,4363,921000,8,8,7,9,9,10,6,7,64
EB824RMJ6,まるきゅー,828YTYAA9,箱推し社畜の部屋,1193,12,4364,920750,9,7,8,9,8,9,8,9,67
LNMGLY05R,ゆゆゆ,KULVP7FDR,アニマル分室,935,9,4365,920500,4,3,7,3,3,10,7,6,43
PR410A7MJ,ここじゃない,JKAYY0KXL,自由！開心！,756,0,4366,920250,10,9,4,10,5,7,2,10,57
VIO6Y4MKX,みな,8FR866PRY,蓮っ子みらくラブ,1018,8,4367,920000,4,5,6,5,6,4,5,8,43
K6KC83A9N,りゅうのあ。,378N79BKU,蓮ノ空至上主義！,1012,6,4368,919750,5,6,5,7,5,7,6,7,48
YS0G8QKE5,くらりん,WBW66DMUB,るりめぐ研究所,1154,9,4369,919500,6,4,5,6,5,7,8,9,50
BPUQ4U31F,ウグイス,Y2R7E79U3,カワウソ同好会,1341,12,4370,919000,7,6,6,6,4,5,5,8,47
TPGUUOWNL,どんぱ,FK5MUK0ET,くる♡すきクラブ,1309,10,4370,919000,10,10,9,10,9,9,7,9,73
QUGYQH3ST,中村,WAT20PN3Y,こな党,1389,18,4372,918750,4,5,9,8,6,7,10,10,59
MSJL9N07K,れいぶ,KJVD138JU,イベント用,930,4,4373,918500,9,3,10,10,7,10,7,10,66
V8BTLAM40,tkk,TDHKGHFPA,無言参加○！,917,0,4374,918250,8,4,6,9,5,4,8,9,53
GIVMVARPP,しゅうがく,J8HXTJ8TB,流し素麺同好会,1155,12,4375,918000,7,6,4,10,5,8,8,7,55
DO2S3PI5L,ましまろ,87DTRY50Y,今のところひとり,1243,3,4376,917750,9,4,9,9,5,9,9,9,63
JLG13G40P,ごちやま,D571XHDER,蓮ノ空地域鉄道部,745,0,4377,917500,9,7,7,10,7,9,7,10,66
X9L7K06U6,YYYY,AE3L01V24,LOVE蓮ノ空,1259,16,4378,917250,6,6,6,10,5,9,5,8,55
5UT8BTUMY,10/10∧18,H1LTYMK0B,花帆が可愛いの会,1257,14,4379,917000,2,8,10,4,1,4,8,7,44
0P2M7VV9A,伊万里,VD7N7A4WH,氷青色,848,2,4380,916500,7,4,6,7,5,5,5,7,46
47TU8RA5T,胡散,FLFXP0T22,沼津内浦メンバー,1076,5,4380,916500,8,8,6,7,7,8,7,8,59
U8C57K5U7,すとろーまん,T045NDKW0,♬さやか愛好会♬,1126,1,4382,916250,8,5,5,6,5,9,7,9,54
LHK9KA0OF,ゆき,TKVR3KU7L,ネギトロTKG,1327,17,4383,916000,4,4,4,2,7,8,7,10,46
RPM3CWTW5,なべっち,73N4AB3LR,かほ子のイオン,1363,15,4384,915750,7,6,6,5,5,4,5,7,45
BBJB4658L,ハルひ,YADX9DY49,ﾊｽﾉｿﾗｰ,1263,10,4385,915500,6,6,7,10,6,8,5,7,55
JGON0RPJ1,くるりん,HH93ADAW3,無言自由。,1329,5,4386,915250,7,7,5,8,7,8,8,8,58
6UYRFMEV0,こよあすめ,UYCT3Y4JK,蓮っ子,1209,12,4387,915000,4,4,4,7,1,8,6,8,42
CGP8W2TPX,はにロキ,TD87P23DJ,黄昏の旅団,1541,17,4388,914750,10,7,10,9,1,10,8,10,65
X29MANB8M,又梢錢,YFADYJVW4,FPS好きクラブ,1004,6,4389,914500,4,7,8,7,9,5,5,7,52
IVSBBPK1R,ぱりすのこ,RE152RBRK,蓮ノ空創作部,1025,0,4390,914250,6,6,6,6,7,9,7,8,55
Z6L0MX197,いちシート,2AUM7L9BW,蓮初心者クラブ,1084,11,4391,914000,5,7,7,9,4,9,6,7,54
KQQ93IW4S,やすとり,KBJ2P8T0Y,人見知りの集い,573,0,4392,913750,10,3,2,10,1,10,5,9,50
PXLYUXB3F,ロッピ,J62DRC7J5,蓮ノ空好き好き会,929,6,4393,913500,5,7,6,6,6,9,4,5,48
3FCUYWNGY,観月しおり,Y6JNPC60C,綴理メイト,1379,4,4394,913250,10,10,10,10,10,10,10,10,80
M3A0NUXH9,るく,FC8NBAJBT,ラー麺二郎金沢店,1173,9,4395,913000,8,9,5,9,6,10,8,10,65
EQM3V1S38,メッヘン,L1VGJTD5P,蓮ノ空お茶会部,1259,2,4396,912750,8,7,6,8,5,8,5,10,57
R3PC0R627,びーと,4FXPC55PY,PPIHクラブ,973,6,4397,912500,9,9,8,10,8,9,7,10,70
HY6WTHQBK,はこべら,0CBM28JP6,ほうき星,1034,2,4398,912250,5,5,4,8,5,5,6,7,45
C7XVTH8RM,にゃんた,Y2P9LABR2,スクステ同好会③,1099,3,4399,912000,8,7,6,6,7,9,7,9,59
KEPGV594M,めてお,V26546K3D,乙宗気合筋肉,643,2,4400,911750,6,8,2,2,8,5,3,5,39
MFH2F9YYB,塩化ナトリウム,MD802VP2H,専門演習F4,945,5,4400,911750,2,6,9,8,8,9,8,10,60
LPZWR2MGI,メントス,H837E0M9R,沙知先輩大好き部,1179,0,4402,911500,3,6,5,8,7,10,9,10,58
VBJABKXCW,翼,DFFYFJ2B6,つづさや好き過ぎ,1265,10,4403,911250,4,4,5,4,5,8,5,7,42
JTNE0X93X,す,GCFA4WL28,乙宗梢を愛で隊,681,2,4403,911250,5,6,8,6,4,7,6,7,49
6RU1YRW8Y,オゼノ,FG5VFFNRK,蓮ノ空おじさん,1119,6,4405,911000,6,8,8,10,9,8,7,8,64
5UAPM0PJ4,ブロニー,CCACL2CMM,無限城,933,6,4406,910750,8,8,10,10,7,9,8,10,70
N261CPLVA,めーさー,72J5PWU5K,ライグラ待機室,1248,6,4407,910500,8,7,5,9,6,8,10,9,62
6YDW1KPK3,いけ,F8MLHU2NV,乙宗梢様､､､,1290,6,4407,910500,6,2,5,2,1,5,5,10,36
VHESAT9HP,スバル,B1KYU3XF8,LG lotus,1269,3,4409,910250,7,7,7,7,7,10,7,10,62
0CZSPY1UX,こたつ魔神,85BT3MB4A,こたつ,1166,4,4410,910000,5,4,4,9,4,9,5,9,49
F4GM7DBEB,usan,MG3X118W7,大室家,895,6,4411,909750,6,4,7,8,4,4,7,8,48
VYJWE7127,ほっさん,ERVDJMHPF,敦賀第二機関区,1178,8,4412,909500,7,8,7,7,6,7,5,8,55
GAD9WNCUB,カゲキ,R5815PD65,アフター見隊,1093,2,4412,909500,7,6,9,10,7,9,9,9,66
LITMEQZOE,Renaria,279NUYU7C,れんこん,1321,13,4412,909500,8,6,5,10,7,9,5,9,59
NP3JN6MCT,たくみ,0R8BXPRC1,ポチっ！とクラブ,610,5,4415,909250,6,6,9,3,5,6,5,8,48
YCC6WN5PA,さいく,NA8FEYN0M,蓮ノ空飲酒クラブ,673,1,4416,909000,8,6,5,10,6,7,4,8,54
YLTCF23FW,タツマキ,08UFFV3X3,ODEN,1215,7,4417,908750,7,6,5,8,5,8,6,9,54
DDEEYHBMP,すずや,K8C99H42D,ルリと喜ド！愛楽,1022,6,4417,908750,6,2,7,8,7,9,9,9,57
12FNY5ECD,やなぎもと,C6V311T2P,LotuSky,1096,1,4419,908500,6,6,5,8,5,7,5,7,49
1G00E418P,(´･ω･｀),36DAM7HBL,蓮隠れノ里,1084,3,4420,908250,8,7,6,9,7,8,7,8,60
0R73C944J,nsinfo,FG5VFFNRK,蓮ノ空おじさん,1064,11,4421,908000,7,8,10,10,7,10,6,9,67
MFBFYLMA9,ディザスター北島,YXKR0GGM4,蓮ノ空好き好き,1018,9,4421,908000,1,2,7,9,1,4,4,9,37
DF4T3MJW6,takofly,0H64RCBD0,シャットダウン？,1056,10,4423,907750,8,7,7,8,7,8,7,8,60
HA7CFLYL3,さとやく,WFPA7YJE1,蓮ノ空文芸部,968,8,4424,907500,7,6,7,9,4,7,5,7,52
A71T4UY8N,桜餅,2AUM7L9BW,蓮初心者クラブ,1120,6,4425,907250,6,9,6,8,6,7,8,10,60
W8E443WTL,しょくしょう,4KRBU0KFF,ノーチャン会,1287,15,4426,907000,10,5,5,5,5,7,5,10,52
UEU2XJPPT,尨茸,XLBU65J86,花の壁飾りクラブ,1079,13,4426,907000,2,2,7,10,8,9,8,7,53
CHLCVOL10,れあす,NC2YT2V28,蓮之愛同予者何人,1092,9,4426,907000,8,6,10,10,6,9,8,10,67
3SHRSWSL2,ratam,JU476V6K9,ポチッ！,1049,0,4429,906750,9,3,2,2,5,8,6,8,43
4F4RNBLT1,ジョーカー,PJ3NB5XFM,箱推し,1058,9,4430,906500,3,5,6,8,5,8,6,8,49
4LJTGX6SV,N,N8L41JAA7,無言 ノルマなし,1119,2,4431,906250,7,4,5,6,7,8,8,8,53
AUFBBJG89,さかり,2ULM366U6,毎日がエブリデイ,1391,15,4432,906000,8,7,8,7,6,8,7,9,60
LNNWYE4NS,モーセス,Y2HV0YEF7,蓮ノ空を応援し隊,1345,18,4433,905750,10,10,10,10,10,10,10,10,80
8HDR0CTD3,TKG,7AATUNUPE,無言サークル,1159,2,4434,905500,6,4,6,8,4,7,6,7,48
R3H6DRR25,ふづき,9E910GGD2,蓮ノ空給湯室,1051,9,4435,905250,6,8,7,9,8,8,8,10,64
O5A7HLDYW,少年H™,BUKPFCJCY,TTMC蓮ノ空班,988,0,4436,905000,9,7,7,10,7,9,7,8,64
YYLIYMB4K,あーるっぴ,MVMP6NNXD,空き時間らくがき,1018,12,4437,904750,5,7,7,8,6,8,1,5,47
V8D5X67D5,(き)どりや,YM72HRVCF,ワンニャン部,1270,12,4437,904750,9,10,10,10,7,9,8,9,72
U3YQSCTRE,ミナイ,9DKR4Y2CJ,蓮ノ空老人会,1305,7,4439,904500,9,7,7,6,5,4,6,9,53
455Y90RGU,はやて,V8XX999F6,卍蓮村幼稚園卍,510,3,4439,904500,5,8,10,6,1,6,10,10,56
98FETT27Y,たく,05KN1RR3U,さやかほ花卉園,1252,7,4441,904250,9,7,8,8,6,10,8,10,66
BZ80IDTFZ,젠카이노아이마스,HB9AU9DJJ,聖心党,1105,1,4442,904000,7,6,6,8,5,8,5,5,50
253HLO1CB,あるてみす,KT4C59NXG,めぐ島,1391,12,4443,903750,7,6,6,8,5,5,5,6,48
KRVL27LVH,zuzu,FH7G62PKW,月火水木金土日,1045,11,4444,903500,7,6,7,9,6,9,6,7,57
UH30X8JR7,あきぞら,YD5YULYRR,ゆる〜く活動,730,0,4445,903250,6,6,8,8,6,7,9,8,58
SPC3NQBQS,タニオ,8ARWEB67F,蓮ノ空れぎゃ米部,1331,11,4446,903000,7,7,7,9,6,8,8,10,62
2DZ75N97R,こーせ,PPAHU1TNY,蓮ノ空のんびり部,1075,9,4447,902750,8,6,6,7,6,8,8,8,57
BDAGXRUPG,ほのぼー,ULUELCJ7T,なるようになる？,974,2,4447,902750,4,6,6,5,5,8,4,5,43
4H88WA6WX,にゃんじ,427WENUC4,心の癒し～蓮ノ空,906,0,4449,902500,2,2,2,6,4,3,8,8,35
ISZ26BAHV,リップ,RNJ306W6N,日曜日よりの使者,1314,15,4450,902250,10,8,9,10,8,10,9,10,74
KO36M041X,LG葉桜内號MM,NLB84DYBF,下松系拉麺同好会,1345,10,4451,902000,7,10,10,10,5,10,4,10,66
AKJV4RY4K,こーへー,G0J2F9NAL,さやさやさーくる,994,7,4452,901750,6,2,9,9,4,7,5,10,52
T853326MT,マスターデュエル,PLBBEX019,待機室目指し隊,1164,3,4453,901500,7,6,5,8,5,8,5,8,52
7RA05XXU9,つとむ,VNGFF4PY9,ねずみね！,1042,7,4454,901250,5,4,4,10,5,5,5,5,43
G7L52NSKB,みっちゃん,MWT91W455,つづこず大好き部,928,7,4455,901000,10,4,10,10,4,9,8,9,64
071TP7UZH,M,Y2R7E79U3,カワウソ同好会,1472,9,4456,900750,10,10,10,10,10,10,10,10,80
33KY2CSGV,雁擬,ABU58EVJ2,Quatuor,1254,6,4457,900500,1,1,2,6,1,1,7,7,26
XYLR81X8M,ruirui,N1DJVPGP8,いつでも咲けるよ,1012,9,4458,900250,5,6,7,6,7,1,7,8,47
G6T8NE4HN,こんふりー,Y2HV0YEF7,蓮ノ空を応援し隊,1190,12,4458,900250,8,8,5,8,4,7,4,9,53
1BFELE7V0,あん,KA652DGYV,ゆるリンクラ,1089,6,4460,900000,1,6,4,6,7,7,7,10,48
W6HDN3PHW,綿,A7WWE0463,蓮ノ空初心者部,962,2,4460,900000,7,6,8,8,5,8,7,10,59
4R83CWM99,ライン,M6UPWJ6DU,蓮結ぶ虹と星の音,465,0,4462,899750,2,6,8,10,1,2,3,3,35
G268UV054,あずさ,0CBM28JP6,ほうき星,663,2,4463,899500,7,8,10,9,7,10,4,5,60
A4OD0AEQ6,ROUVIS,8YNHW7530,虹ヶ咲、蓮ノ空,1082,4,4464,899250,7,6,7,8,5,8,6,7,54
73JAG99UT,SUGA,Y6JNPC60C,綴理メイト,1140,17,4465,899000,7,8,6,8,5,7,10,10,61
0X7A2L5J7,griker,A3472CNJE,ハントン✿ライス,649,0,4466,898750,8,6,9,9,7,9,7,8,63
5CC3RE9CQ,かるこん,NMFBD39FM,蓮ノ空分室,1158,2,4467,898500,7,8,8,9,8,8,8,9,65
JXWJ55H1U,Rina,1UBNNHVLG,蓮箱推し（仮）,421,2,4468,898250,10,9,10,10,1,9,7,9,65
T9MBX8KX0,ちょす,CRYB2FJ64,つくよみくらぶ,1018,12,4469,898000,6,8,6,9,8,10,4,10,61
25CG5VEF6,すう,JWUL2T36L,チーム初心者,640,4,4470,897750,5,4,4,7,1,4,1,4,30
MF4ZXNDEE,けいしょう,WHWT61ELR,【無言】ハスノソ,1264,8,4471,897500,9,7,9,10,8,9,6,9,67
D8ZTGM466,ドーファン,4RATY4E84,DC大好きクラブ,1218,18,4471,897500,6,6,7,2,9,10,7,10,57
3A6V3FFBA,夏夜の花,E050K9859,蓮党,1019,10,4473,897250,5,4,7,9,9,7,7,10,58
TVNVCR2FA,和歌,8FXXHE22A,蓮ノ空,1244,10,4474,897000,10,7,10,7,7,10,10,10,71
LAM760LR1,もぐ,WPG6BCG83,基本無言,883,0,4475,896750,8,7,8,10,7,10,8,9,67
RXZUHTNLA,トマケチャ,X7YM9EG8K,伝統の石川地酒,1319,2,4476,896500,9,10,10,10,9,10,10,10,78
W88VK2IFA,ジュウザ,WHWT61ELR,【無言】ハスノソ,1336,7,4477,896250,9,9,10,10,8,10,9,10,75
68XB2P192,置手紙京子,BWD9U1EJ2,蓮之空中国同好会,1048,8,4478,896000,4,5,6,6,3,4,6,5,39
BODZTK39B,のーん,WE4AB37FP,めぐ党,1192,7,4479,895750,1,4,5,8,1,2,3,6,30
6FTC54YPT,クローゼ,E7UBFLW56,同好会の同好会,1285,2,4480,895500,7,6,9,10,8,10,9,9,68
2M9YRFRPA,たまごやきやき,NDGW77R2V,こず花帆尊い,889,0,4481,895250,5,7,6,8,7,7,7,8,55
AIJVRJJVC,かつおぶc,UELCE9T8P,テキトー,1130,10,4481,895250,6,6,7,9,7,9,4,8,56
B8GEMJUDW,桜木花道,48BTAPMBG,蓮ノ空魔術部,1319,18,4481,895250,10,10,10,9,9,10,10,10,78
0FDDV7X7G,ぴよ,K25DPPGT9,圧倒的にまったり,1172,2,4484,895000,9,8,8,10,8,9,8,9,69
5N945UVJV,あらさき,V7768X8AC,せーので！,503,0,4485,894750,7,6,4,6,5,5,5,5,43
6X5FAG4KY,びにゃーご,NRK4MV1C1,茅バール,789,0,4486,894500,8,4,4,9,5,6,7,9,52
6MP6NLXQX,猫背丸,K25DPPGT9,圧倒的にまったり,994,7,4487,894250,4,4,6,6,7,2,7,9,45
J5UUTCKXC,ぴんそん,5BBPP71B1,ぴんそん,1077,6,4488,894000,9,7,8,8,8,8,8,10,66
XEKFCHKDD,ナジュ,PP31X3AWK,なんとかなるさ,1110,4,4489,893750,6,6,7,8,5,8,6,8,54
DPGG6PPYT,うおちー,YVV9CMBLW,東京公演で沼落ち,1175,13,4489,893750,10,9,10,7,7,8,10,10,71
0GKU2UV3W,てゃん,2K5AM4RV0,とろぺりです,1217,18,4491,893500,6,6,4,6,7,8,5,8,50
57F2XTM1W,IFMIYUKI,2VJG66JTH,まったり,1381,18,4492,893250,10,9,10,10,8,10,9,10,76
FWRWN7771,ノア,T2XRMGEAE,蓮根無言会,1156,9,4493,893000,6,6,6,9,7,8,8,10,60
YGULHQHOJ,乃亜,95TAREFPT,ご自由にどうぞ,1320,17,4494,892750,10,10,10,10,9,10,9,10,78
N3Y7UY795,soo,XXVVJY6FE,はぴぱれ,561,0,4494,892750,6,6,7,6,8,9,7,8,57
FE33PJUPP,ふゆ,8MDA3A0AK,イベント用,452,2,4494,892750,5,5,4,7,1,4,5,1,32
PK6X4URJR,あやみつ,2DYYAPFVN,蓮っ子村,1032,0,4497,892500,7,7,8,8,5,9,7,9,60
7UW4WUV8W,ゆうき,A8BJ5V3ET,はすのそら,989,4,4498,892250,3,2,4,5,1,4,1,10,30
RKAW60AQX,209系,58FD7UF8J,としとしサークル,1091,4,4499,892000,3,6,6,8,7,8,6,9,53
UR7GY0T8H,ジャコブユー,Y3A3M2Y4N,サンクルミエール,1132,14,4499,892000,10,10,10,10,7,10,7,10,74
JX8EH6LWB,はるはる,YD2XWWFA4,蓮好き好きクラブ,1186,6,4501,891750,7,6,6,9,6,6,7,10,57
QXK1EBSEF,ななせ6号,WE4AB37FP,めぐ党,1096,13,4502,891500,5,7,6,10,7,9,6,9,59
UC14L7DPW,たかみん,J7N4W6Y1K,こずミックラブ♡,1389,18,4503,891250,9,10,9,10,9,9,10,10,76
XJVFJWURD,まだ馬匹しない,18YYNRFGA,LotusSky,710,2,4503,891250,2,5,7,6,1,8,8,9,46
I1U3V478O,いるか,1BME38BCD,さすさやクラブ,1213,8,4505,891000,8,7,7,7,5,8,8,9,59
RWDXFA3T5,サヤカホ,7NJM1VURM,らんるん部。,506,0,4506,890750,9,8,9,9,8,10,9,10,72
UD8VF7X9X,キュゥべえ,T9NYVCUC8,ねそべり愛でる会,1117,9,4507,890500,8,5,10,6,5,10,7,7,58
ND3607L78,タマココン東西,XXMU9WLKB,梢の機械さん,1011,14,4507,890500,10,10,5,10,10,10,6,9,70
M88RFAO10,えぷそん,05KN1RR3U,さやかほ花卉園,1408,14,4509,890250,7,10,9,10,9,7,8,9,69
1C9D9TWNJ,ゆうP,3KD9PBRLK,蓮とは,1239,6,4509,890250,4,9,8,10,4,8,9,10,62
U9QTGEJGW,おきな,V830CTTX3,日野下後輩,829,4,4511,890000,5,4,10,8,5,5,1,8,46
HVDU0HADP,めぐみー,WTJV514G9,蓮ノ空のお弁当屋,1102,12,4512,889500,7,10,10,10,10,10,10,10,77
BFGJLROGZ,タイマイべっ甲,D7H8MN2U4,LLD,1230,15,4512,889500,9,7,9,10,9,9,8,9,70
K6JLI6APA,二度寝,NEYBE8EX2,やさいせいかつ,895,0,4514,889250,4,7,8,6,4,8,8,10,55
J1W38K38L,/μ/Jason,546E85JGG,月猫ぱーく！！！,976,12,4515,889000,7,6,8,8,7,8,5,8,57
6AT7BM527,もきち,J7N4W6Y1K,こずミックラブ♡,1405,2,4516,888750,9,5,5,10,5,9,9,9,61
6AN5JGM4R,けっと,0YLUK30K6,蓮っコの集い,688,3,4517,888500,10,6,10,7,3,8,5,7,56
SW6YQZLBU,しろみざかな,LX25CP0TG,深夜の芋煮処,1178,16,4517,888500,4,4,7,7,7,7,7,8,51
9SLU39QWH,satori,0B8RTHY4D,のんびり屋さん,1170,13,4519,888250,7,8,8,8,8,8,7,8,62
CC59NV31E,べー,X7C21B7H7,泥,1349,14,4519,888250,7,6,7,10,5,5,5,9,54
3E75HWT4N,まる,YDYH4VRRP,レンクウ,1070,7,4521,888000,5,4,4,9,7,8,7,10,54
WJ6MGMU0G,__hqze,RA1676TKK,蓮の空好き好き部,867,5,4522,887750,4,4,10,6,9,8,5,9,55
GBOUYAUKJ,もそろべ,9YM3DBTB7,泥民館,1359,6,4522,887750,10,8,9,10,7,9,9,10,72
6L0JHA0WH,がちっぽ,E7UBFLW56,同好会の同好会,1087,4,4524,887500,4,4,2,6,1,4,7,1,29
J480W1DM7,ノースディングル,AGJ215YND,蓮の空中國分校,1108,3,4525,887250,4,4,4,8,6,7,6,9,48
Y0998CGL7,harry,BMR3178HR,蓮ノ空シアター,1087,2,4526,887000,7,7,6,9,7,8,7,9,60
40TOQV5U0,春乃はじめ,KC1W74B9B,蓮六園,1171,0,4526,887000,8,6,7,6,7,8,8,9,59
PD8AVB2VF,レオン,VLY5JDKCV,新規なのだけれど,513,0,4528,886750,4,3,2,5,4,4,6,6,34
4J8BCCVDJ,ブラマト,573J1JVVK,かほかほ,1347,8,4529,886500,10,9,9,9,6,9,8,10,70
78RYGYT9Y,Corus,PPAHU1TNY,蓮ノ空のんびり部,1073,4,4530,886250,4,6,7,8,5,8,4,6,48
4L85YJ6VP,ぴっぴ,YL2ELYC4U,さや…好きだよ…,532,0,4531,886000,10,10,10,10,10,10,10,10,80
XDDG2RX1G,きゅうり,NMC7J3N5X,ドドド黒龍剣,434,0,4531,886000,8,5,8,8,7,10,8,8,62
8LMRG3WY0,シンヤナかほ,AWFDLJ1HC,小蓮花（重生版x,724,4,4533,885750,6,8,5,7,5,8,1,1,41
Z93FVK9SM,ひずみ,BCJRMHE75,梢すきすきクラブ,1489,18,4533,885750,8,7,7,8,8,10,7,10,65
K8QFIVZDL,bot,T8X0G07YB,なければ立てる！,1560,4,4535,885500,10,10,10,10,10,10,10,10,80
MKGUUDRLT,卍獄殺,00T3NXXA9,初心者,1041,15,4536,885250,7,9,9,8,6,10,6,6,61
9X5GDG3PC,床,HE0GK3EPE,瑞蓮プロカ倶楽部,1251,12,4536,885250,4,7,3,7,9,9,4,9,52
6UR6X71C2,コーネル,26CAPRWLJ,大倉庫救助隊,908,0,4538,885000,5,4,5,6,4,5,4,5,38
8WAANNMFS,柊,HH93ADAW3,無言自由。,935,3,4539,884750,4,6,10,10,6,9,1,7,53
EKTYWB466,デウス,V8XX999F6,卍蓮村幼稚園卍,673,0,4540,884500,8,7,9,8,8,8,8,7,63
7MIRKAP4P,ふぃあ,0R8BXPRC1,ポチっ！とクラブ,1229,3,4541,884250,5,7,6,7,5,9,6,9,54
M3VKYR6EU,つむ,JD0UP0GB5,サークル,577,0,4542,884000,8,6,1,6,8,6,3,8,46
BKT8FKOKM,まつ,JVUNVCT8P,梢先輩のASMR,825,0,4543,883750,7,2,2,7,1,1,5,8,33
UG2E2ERYD,redtune,9VDEWVP01,瑠璃乃の集い,1450,3,4544,883500,10,10,10,10,10,10,10,10,80
SOUFE1XRT,ポチッコ,A8BJ5V3ET,はすのそら,1126,2,4544,883500,7,9,6,8,7,8,7,9,61
9XX2VT6R6,koncin,N83DW3NYG,†極最強倶楽部†,469,0,4546,883250,8,5,6,10,5,9,7,8,58
E7V3X4DSA,あいせつか,PPAHU1TNY,蓮ノ空のんびり部,1339,2,4547,883000,10,10,10,10,10,10,10,10,80
UH5J2MGTX,シンさんぽ,BXHX534VX,ぼっちサイコー！,1264,15,4548,882750,6,7,7,8,6,8,10,10,62
GGSXCRXWS,Yotamamo,4FR887RVF,わたし魚,1346,6,4548,882750,10,9,10,10,8,10,10,10,77
ODWXELYOX,邑楽(おうら),4WWM4VVDK,蓮ノ空遊戯開発部,1526,15,4550,882500,9,9,9,10,7,9,8,8,69
8B3186WDL,つた,TCTEAMP9C,虹ちゃん最高！,1485,17,4551,882250,10,9,9,10,7,10,10,10,75
UXTG6UI2S,まつ,MXKTH01TF,KTCLUB,1000,8,4552,882000,6,4,6,8,4,7,5,7,47
5HHWGF2AB,Rio,1C2GN787H,℃！℉！度！,787,4,4552,882000,10,10,10,10,10,10,10,10,80
JTBY5LE0U,とば,43HRXMXWA,無言OKクラブ,1164,2,4554,881750,8,8,7,10,5,9,5,8,60
2AVEHUGN3,おでん,UK30B7DG2,ずらまる卯どん。,972,0,4555,881500,7,6,6,8,7,9,8,9,60
CMULRD345,かめきち,K8C99H42D,ルリと喜ド！愛楽,1252,8,4556,881250,7,6,6,9,5,7,5,7,52
H5V0MEMRU,イモ子,0CEA9XFKR,蓮ノ空の泥人会,1232,7,4557,881000,8,7,8,9,7,9,8,10,66
1AHHP3A9V,リン,YRPE642UK,(。・ω・),904,3,4557,881000,7,6,8,8,7,10,6,7,59
OD4JCJSRW,Kei,BT22M41DV,梢花帆吟子同好会,1315,18,4557,881000,9,9,10,10,10,10,10,10,78
G637X243W,likky,N752V1LD6,思想の溜まり場,1235,11,4560,880750,8,10,8,10,8,10,7,8,69
L4LLV7RER,ウニ,BT22M41DV,梢花帆吟子同好会,1010,9,4561,880500,2,3,5,3,1,1,3,7,25
6953JG2BW,さなたろ,W3YKKRWHG,ルリと愉快な一家,435,0,4562,880250,2,4,7,5,7,7,4,7,43
UCP2B4R1K,はくべい,F31A07X4V,蓮ノ空福井分校,405,0,4562,880250,10,10,10,5,3,10,1,8,57
VGO2EFWW3,わいず,6HV2RH6TU,イベント用、無言,1064,5,4564,880000,6,4,6,8,5,7,5,7,48
K6DCRC3JY,リ　ン　ク　ラ,GGCKK69C9,リ　ン　ク　ラ,1177,14,4565,879750,10,9,7,9,7,10,7,8,67
85691MWJW,あお,WLBYGHXPD,大天使村野さやか,1107,11,4566,879500,9,8,9,9,6,10,8,9,68
DHKAXA5MW,こうすけ,X33HHA9F8,アルストロメリア,902,3,4566,879500,8,3,6,7,7,8,6,10,55
BJHIL1BOV,トムへー,A8BJ5V3ET,はすのそら,1101,1,4568,879250,8,6,6,9,6,8,5,8,56
5KVO11D33,バラきゃんと,UAD14JPWL,泥ん子(仮),1450,15,4569,879000,9,8,7,9,7,9,8,9,66
XMZ1QGCTC,カエデ,B6KWXGHWH,蓮ノ空SIFC,1222,6,4570,878750,3,6,5,10,7,9,4,10,54
CTDADL7ME,あーたん。,GYG7B5R36,幼馴染同好会,1304,12,4570,878750,10,7,7,10,7,9,10,10,70
M3NR053LW,ツキノワ,6XX7GBM0K,ぷちぐる同好会,1380,14,4572,878500,9,6,9,10,10,10,8,10,72
F84JN94R2,マスク,0RG48RYCE,渋,1388,14,4572,878500,10,10,10,10,10,10,10,10,80
WN4V6M16V,カーカー,8NFDBY4L5,浄龍桐生会,830,0,4574,878250,8,7,7,7,6,8,6,7,56
3F1WGXUCI,りゃんぽうす,AXG81GPMP,蓮ノ空マタギ部,1254,2,4575,878000,8,6,6,10,5,7,7,8,57
ZWRJ7QBKH,PATARIRO,UHWA4YLWP,蓮ノ空を見守る会,1143,0,4576,877750,5,2,7,7,7,8,7,9,52
UFUDFBLJJ,ワラタ,BH9YH1YL5,ラブライバーの森,994,9,4577,877500,5,9,10,9,2,5,3,1,44
T8P3V12A2,ネコとウサギ,CMH1RXEGH,仮拠点,1084,10,4578,877250,7,7,7,8,4,9,6,10,58
2FNQAUX28,NegiLive,BT22M41DV,梢花帆吟子同好会,824,3,4579,877000,2,4,8,8,2,4,5,8,41
UCVSZZ3HZ,ミツ,9P9EPKFHE,無言参加OK,771,4,4579,877000,8,7,7,9,5,10,6,7,59
FDYFJWRNU,イシダイさん,GKR9TEBYC,毎日がホリデイ♪,988,8,4581,876750,2,2,5,7,5,5,6,5,37
638EZ84CK,ふれじゅ,6045Y2RW7,ポチっと！蓮ノ空,1325,17,4582,876500,9,8,8,10,7,9,7,9,67
OHVFPTTWI,優利,FHN78V2DJ,無言でどうぞ,1096,8,4583,876250,3,4,7,7,7,10,7,9,54
FNZSMW980,snow,RFYKY8DCD,LA.LA.LA,1569,13,4584,876000,10,10,10,10,10,10,10,10,80
HXI1UTC3K,noa,JA2C658FW,さや綴理の村人,1167,7,4584,876000,7,5,5,8,5,8,6,8,52
DUC01R5B0,まんぷく王子,J7N4W6Y1K,こずミックラブ♡,1158,10,4586,875750,6,2,4,9,7,9,4,9,50
CTENWB7BG,ルプス,E76N52LMW,イベントのみ,1087,10,4587,875500,8,7,6,9,10,8,7,8,63
UQ193P8WP,ルナ,57HNJ07NK,みらぱ推活最前列,1037,2,4588,875250,7,4,4,4,5,7,5,7,43
TXLCBFGY0,あきサカス,W3YKKRWHG,ルリと愉快な一家,1129,13,4588,875250,8,7,8,8,10,9,9,8,67
RDWY5090F,ホゲチータ,8MDA3A0AK,イベント用,564,0,4590,875000,10,7,10,9,5,7,7,7,62
COX41K6NR,りんまる,LJNCAEVAP,蓮ノ空さやか研,754,1,4591,874750,6,2,2,6,7,1,1,4,29
WYT65FE8G,ティーカップ,NC2YT2V28,蓮之愛同予者何人,1263,2,4592,874500,1,2,2,2,4,4,5,5,25
CVXIIXJ2C,カニスノネ,NMT63RUDV,泥村,1314,0,4593,874250,8,8,7,8,7,9,10,10,67
CY6GX4X7T,まひろ,8MTLYLH9F,木星月華黄金宮,995,6,4594,874000,2,8,10,10,10,10,9,10,69
K69YLMT54,ゆきふさ,W26TRPM1R,めぐ党藤島派,1423,10,4594,874000,8,6,5,10,8,4,1,10,52
UN18BWAH4,常盤@命,58FD7UF8J,としとしサークル,1367,5,4596,873750,9,9,8,10,7,10,8,9,70
E5EDAWQS6,よーなな,6045Y2RW7,ポチっと！蓮ノ空,1282,13,4597,873500,8,9,10,10,7,10,10,10,74
48EJJ8PD4,yuc,WCL6R1ANU,無所属の会,785,4,4597,873500,10,7,9,9,6,8,1,10,60
QOEYKHGZA,らいじゅ,CXG25026E,泥のみんなS,1284,3,4599,873250,7,6,6,8,5,7,4,7,50
JFL4K2GAV,豚コレラ株式会社,8588YN91J,虹咲学院,525,0,4600,873000,6,10,6,6,10,3,5,1,47
TWDVYFCM2,いぷ,1YLFFXC1E,安土桃山時代,1229,10,4601,872750,9,8,8,8,8,9,9,10,69
TR3G3WTAB,Omogu,BWD9U1EJ2,蓮之空中国同好会,1198,17,4602,872500,10,7,5,7,10,10,10,10,69
5MJ8ERC0U,ちゃこ,Y6JNPC60C,綴理メイト,794,7,4603,872250,3,4,8,5,9,1,1,1,32
KBH6V9U8F,心優しい学院生,CJWR9P8LM,花帆さん愛でる会,1122,8,4604,872000,6,6,7,9,4,7,5,7,51
FGKX5HNWH,ミルクヒーコー,W2GV4016W,カフェオレすこ,598,0,4605,871750,10,10,10,10,10,10,10,10,80
UPW5X4M8M,ハロめぐ~,L1VGJTD5P,蓮ノ空お茶会部,858,2,4605,871750,8,6,7,4,1,4,5,5,40
K0VWNO9RA,ルシ。,V26546K3D,乙宗気合筋肉,1350,3,4607,871500,7,6,6,10,4,7,6,10,56
V4J7TFUY9,U,JH5FX56N2,のんびり,825,2,4607,871500,7,6,4,9,4,7,4,7,48
U9X9YER23,みえる,FE282F3VH,天悶部,885,0,4609,871250,5,6,6,8,1,6,5,7,44
T4T809RQ0,青冥,N94LEWF2D,無言よわよわの会,1174,5,4610,871000,7,7,8,10,4,9,5,9,59
WX79T3VEI,ふぁーじ,NJBBTCY3A,かにかに！,748,5,4610,871000,7,6,10,9,9,10,6,6,63
7ULBV8HD6,ハンガー,5KK3DFY18,MUGEN∞,1283,2,4612,870750,7,7,7,9,7,9,10,10,66
W240C9WP8,こぱか,A3X92L6YU,お試し用サークル,1244,9,4613,870500,8,7,8,10,8,10,7,10,68
7K2JJT6P9,プラチナ,BY5NV4UU8,トライファイター,1361,5,4614,870250,10,7,9,10,9,10,9,10,74
KKXHL1VFV,のび@香港人,VNEY6C9BE,スリーマーメイド,861,5,4614,870250,7,3,6,10,5,7,1,9,48
GJDV610B2,いきてる,PR2BGEK5K,ありがとう大三角,571,2,4616,870000,6,4,9,5,1,5,5,5,40
JXCA8K1CX,y,2JK7E4115,ラ！推し,908,6,4617,869750,9,7,8,10,8,10,9,10,71
HUDFM9WAO,夜天,KC1W74B9B,蓮六園,1148,5,4618,869500,8,6,6,8,7,9,7,8,59
46A5H4H1W,ゆのくに転調,YFADYJVW4,FPS好きクラブ,1251,17,4619,869250,4,2,4,6,2,7,9,10,44
JEBFJU9HW,不可思議な学院生,E76N52LMW,イベントのみ,943,2,4620,869000,8,2,6,9,6,9,5,8,53
NYLXAAPBC,はなさき,KXU941RFJ,梢先輩おめでとう,1201,1,4621,868750,8,7,6,6,4,9,7,8,55
8HR8DH3X2,水めろん@せー跳,2K5AM4RV0,とろぺりです,333,0,4622,868500,7,5,5,5,1,8,4,4,39
RURHFVHEJ,どんぐり,DFXN9DB2H,どんぐり共和国,1283,8,4622,868500,5,2,5,6,5,8,10,10,51
LN0AZ25NL,从c* ^ヮ^§,N34LHVJKN,のんびり堂,1076,6,4624,868250,6,6,8,8,7,9,5,7,56
KW0V2VLU7,Cyan,9JTF508LB,スクスタ亡霊部,1464,8,4625,868000,10,10,10,10,10,10,10,10,80
U9GL87M7X,さかも,7NJM1VURM,らんるん部。,951,8,4626,867750,2,5,8,4,5,6,8,8,46
HXY6H6JRH,mart,38KAJGDGU,異次元シャニP,1211,18,4626,867750,8,10,10,10,10,10,10,10,78
7N3C26NRR,2262z2,TFGKYEY98,LLP JR,973,0,4628,867500,10,6,6,9,5,4,7,9,56
AUM1ZV6P7,らい,PPAHU1TNY,蓮ノ空のんびり部,1354,4,4629,867250,9,2,6,2,5,8,7,9,48
MTCEL4090,うぃき,948FLPMPN,まったりハス煮〜,1330,10,4630,867000,6,7,10,8,6,6,8,10,61
0MKB4CPIR,やすぽん,BKUHCT7WF,蓮女お嬢様部,1204,6,4631,866750,5,4,5,8,4,7,4,7,44
LDN01K65D,てんつく,GPKTRBCTT,騎空団蓮ノ空支部,940,0,4631,866750,8,8,7,9,5,9,8,8,62
X71Y6GTAD,マーライオン,MVYAVX8BK,きらきらきらら,994,6,4631,866750,10,10,10,10,10,10,10,10,80
N9U293NTP,地封龍 ギャイア,3F0M4HXJE,蓮ノ空まったり部,957,12,4634,866500,1,3,2,4,1,3,3,3,20
0F1Y9C8RG,レジェ,NFMEGRJ45,社畜無言サークル,1192,2,4635,866250,8,6,4,6,7,9,6,9,55
WNG4YNTXU,雄一狼,26CAPRWLJ,大倉庫救助隊,941,0,4636,866000,5,4,5,6,4,7,4,5,40
37R1FWYDX,pok4,948FLPMPN,まったりハス煮〜,488,0,4636,866000,2,8,9,8,8,8,6,8,57
R5JDVB84H,人参丸,GVT61ATX0,なのだけれど,939,0,4638,865750,6,2,1,6,5,1,6,4,31
H2G9DVSYU,こびと,YUJWPU7Y8,引田町民詰所,1175,8,4639,865500,7,6,6,7,5,7,5,9,52
C9Y2JCXGT,まーさ,9EY08NNF4,お茶にしましょう,1195,18,4640,865250,4,7,6,6,4,7,6,9,49
9X0V760V1,あずにゃん王子,4FXPC55PY,PPIHクラブ,1203,17,4640,865250,10,9,10,10,7,10,8,10,74
CV9W5ZMMX,のりゆき＾＾,WHWT61ELR,【無言】ハスノソ,1489,3,4642,865000,9,10,10,8,8,10,10,10,75
GS71O7T0G,まりも,FE282F3VH,天悶部,1076,2,4643,864750,6,6,5,9,7,9,7,8,57
V3J5KY1JC,バニー,BELCUYCMH,蓮hkg香港分部,912,6,4644,864500,5,5,10,10,7,10,5,10,62
9B0LRVTTJ,ヨネ,U6ADTX60C,シンカーン,795,6,4644,864500,4,4,10,9,7,5,4,10,53
B2YK2JHJ2,ユキナ,828YTYAA9,箱推し社畜の部屋,693,0,4646,864250,10,4,5,8,5,7,5,6,50
SAUZL657F,CBoard,XN2VEA6DN,無言,698,0,4646,864250,8,7,8,8,7,6,8,10,62
0WYZUED5Y,きんぴら,AA74NLRYD,蓮ノ空高等科,1221,10,4648,864000,7,6,4,8,2,9,7,7,50
HSF412L2Y,ヨシヒロ,WLLWJ8ADP,乙宗筋肉サークル,1310,4,4649,863750,9,7,8,10,7,8,8,9,66
H4XMA3S7G,けんたん,1L7KKJLEW,お膝枕でごろん,1294,15,4650,863500,6,7,7,9,7,9,7,8,60
KWEKLFRHN,もみ,P2J37FNLG,乙宗先生指導会,462,0,4650,863500,6,8,8,7,5,10,4,10,58
DDD37BRPJ,ヒヨコマメ,R520TNWET,ホリホリクラゲ,855,1,4652,863250,9,6,4,9,4,7,6,5,50
RAK1H3AC4,RedBlue,DALU6BL7L,東方星蓮船,711,0,4653,863000,9,6,7,8,7,4,1,7,49
PM123V7Q5,ふわメリ,HBM31HMUY,YUKIZURI,1034,8,4654,862750,6,6,7,7,7,10,6,6,55
8HAZPXVW4,syan,A9MA307FX,楽しいが一番,1352,6,4654,862750,8,8,10,9,8,8,8,9,68
0JVN6CV56,スノマリ,M206VENTF,蓮紺の会,942,2,4656,862500,7,6,6,8,5,8,6,7,53
AUOWAP5AK,いお,998H940YN,お嬢様筋トレ部,1016,12,4657,862250,6,6,4,6,1,1,3,5,32
JS5PSBIYS,8888,VB9VUYC97,JIMOAI,1097,12,4658,862000,7,6,7,9,5,8,5,9,56
4BBU9CAED,さいか,NDGW77R2V,こず花帆尊い,976,5,4658,862000,4,7,6,7,7,8,8,9,56
VAFXEPELX,レッサー,PH0YEPJD8,蓮ノ空北國金沢,1234,15,4660,861750,8,8,8,10,7,10,8,8,67
DGUJ5MDE6,来栖りんすきすき,C021HVB2B,第3芸能科,1322,6,4660,861750,7,6,5,8,7,7,9,9,58
WRRWWM4UP,朗,TBX7N9RK5,つよつよなLH,1073,15,4662,861500,5,6,5,10,5,10,10,10,61
E0FHMGY2V,すずつき,G8F0M2PH2,アフターウォール,1146,3,4663,861250,4,4,7,7,1,8,8,9,48
6W52NNH20,sakku,B4ADNM80X,山本組,779,5,4664,861000,10,10,10,10,10,10,10,10,80
AWH20IHAB,明見鳥,1DU9LCND7,蓮ノ空すこやか部,1448,16,4664,861000,8,7,7,9,8,9,10,9,67
5W92XFKC0,アギーレ神の怒り,6C9R15BLY,スクスタ避難民,1085,1,4666,860750,6,6,9,9,6,9,9,9,63
DTWBUTN0P,毛糸,JBWTMUYAW,梢好き好きクラブ,468,0,4667,860250,4,6,4,8,4,4,8,6,44
KZP39LLH0,Yosoro,EECF9C0N3,蓮ノ空　茨城分校,1067,12,4667,860250,5,6,4,9,2,9,3,8,46
X44YY88DK,ゆいまりん,2GXEU3TT1,喫茶るりめぐ,639,0,4669,860000,7,9,10,9,6,9,6,7,63
3VL5KDB0A,しぇぱ,7NJM1VURM,らんるん部。,340,0,4670,859750,9,7,9,10,5,9,1,8,58
YQ4QGIQ0M,しおん,GYG7B5R36,幼馴染同好会,1176,2,4670,859750,4,6,5,6,6,9,8,7,51
B0J61OWAL,つっきー,5TBT6KTYY,チョコを食え,985,4,4672,859250,5,4,5,4,5,7,5,7,42
KN621BUG9,もそ,6HV2RH6TU,イベント用、無言,841,4,4672,859250,8,8,9,10,9,10,7,10,71
L6CV1VLNI,さこ,FH7G62PKW,月火水木金土日,1083,3,4674,859000,7,4,4,8,7,8,8,7,53
HKEXR26RP,ういれん,1D7T2UXC2,無言でのんびり,1209,12,4675,858750,6,6,7,7,7,10,5,10,58
B9YPWPJ08,アル,KGDNX3EF3,ENcircle,1204,9,4676,858500,4,8,7,9,8,8,10,9,63
R2KHWOB68,ひやあつうどん,4XRHRYDW4,無言でエンジョイ,1387,14,4676,858500,10,10,10,10,10,10,10,10,80
CDF1ZBKVH,ハースリリー,LB0K3MHND,フラワー,1284,12,4678,858250,6,6,9,10,5,7,8,9,60
LDWJBCWGW,こけし,ELTW62751,安全バーは君の腕,1108,9,4679,858000,2,4,4,8,7,10,6,9,50
N08NFRZHG,スピカ,A208R9K5F,蓮ノ空の空気,1176,14,4680,857750,7,6,7,8,6,9,6,7,56
40K5I03U6,KD,UHF5Y8PEF,さやちゃん倶楽部,1319,18,4681,857500,7,10,7,9,10,10,7,10,70
K397Y27G5,キョウ,2NY9H8BR9,乙宗紅茶館,1159,17,4681,857500,6,8,9,5,5,10,5,9,57
FJTW9C809,うしをな,866DU609J,ラ！スレ@may,1116,4,4683,857250,1,6,1,2,5,8,6,10,39
SCQONGVAU,balon,18YYNRFGA,LotusSky,507,2,4683,857250,6,3,8,6,5,10,5,1,44
70XH5802C,おだっしー,KA652DGYV,ゆるリンクラ,656,2,4685,857000,10,10,9,10,10,10,10,10,79
54GN2KACX,show,7RCR509XR,とっり,802,3,4686,856750,10,10,10,10,10,10,10,10,80
1MLM8KD51,Soumers,BT22M41DV,梢花帆吟子同好会,1009,13,4686,856750,1,4,4,4,2,8,4,5,32
N2DN8NLMN,ハスニ=クルーゼ,GW4CH70HK,TKG同好会,1072,4,4688,856250,7,5,6,7,7,9,5,9,55
MBFAGD5RL,ノノ,VG03MUF91,自分用,1186,3,4689,856000,8,7,8,9,8,9,7,9,65
S87DWXVO8,トロノ,Y7KJ3PM8P,蓮すきすき同好会,1256,5,4689,856000,10,10,10,10,10,10,10,10,80
2GCJ1MWUF,えだまめ,P3T2T39HF,新川地区ノ空,1004,2,4691,855750,6,6,7,8,7,7,9,8,58
3WVPAVLKH,R,9W43TY3MB,兎小屋ｼﾏﾘｽ部,996,4,4692,855500,6,6,4,8,7,9,4,7,51
T0YJOF9KT,おやき,NMT63RUDV,泥村,1282,6,4693,855250,6,10,5,6,7,10,10,10,64
WWZEQP96Z,ゆうすけ,C0NDBKMRB,すりぃずぶぅ家,1062,2,4694,855000,5,7,4,7,5,7,10,4,49
BF5D7HWTE,スケマサ,BT3GEWM5L,ささやか村の集い,1094,12,4694,855000,4,10,6,10,7,7,7,9,60
9W6N02K59,だんご,0B8RTHY4D,のんびり屋さん,689,1,4694,855000,10,4,7,10,8,8,1,7,55
POXN3M1P7,denden,9DKR4Y2CJ,蓮ノ空老人会,1114,12,4697,854750,1,4,5,10,5,8,4,7,44
Y2F3B7KG7,ピカパカ,WN3LHKX0L,レンコンおいしい,1034,8,4698,854500,2,6,5,7,7,9,7,9,52
GNK589N7E,タルヲ,YNR28303K,りんくらぶ,965,2,4699,854250,4,3,2,4,1,4,2,4,24
XVADQFLJ6,kero,LHXNEF3D5,まるまるサークル,1223,13,4700,854000,7,6,8,9,7,10,8,9,64
0KYQF022J,すみすみ,LY0XPW7NL,同棲概念強火派,1208,6,4701,853750,7,2,5,8,7,8,8,9,54
4A5NPA960,しんすけ,GGK2P93JK,きゃらめる,485,0,4702,853500,8,6,10,8,7,9,8,9,65
HAOYSJ2IY,メル,RWARTHA1M,乙宗梢大好き部,1530,18,4702,853500,10,10,10,10,10,10,10,10,80
85N4HJ7A7,プラティ,J8HXTJ8TB,流し素麺同好会,1220,16,4704,853000,4,6,4,10,7,9,9,8,57
HCWVELP07,ちゃば,TX92H9GBV,アフターが見たい,875,2,4705,852750,5,2,2,8,4,8,5,6,40
1WBVMELB2,三四,LY0XPW7NL,同棲概念強火派,1198,13,4706,852500,10,7,6,9,6,7,6,7,58
J4QR1DQV8,もちもち,TKVR3KU7L,ネギトロTKG,1212,12,4706,852500,7,6,5,9,5,10,7,8,57
U2K94DHQ6,minatrap,W3F0URUJC,梢先輩応援団,1271,17,4708,852250,10,8,9,9,9,10,8,9,72
F31U16NLG,よしお,RY00836BW,ムキムキカボチャ,977,6,4709,851750,1,4,4,7,4,1,7,6,34
1G39WUKBY,ザッキー,1AK9VTG3W,ドルケスキスキ部,820,3,4709,851750,8,3,10,10,7,10,10,10,68
D57TAB8C1,KOTAMI,7XH3K4GBT,LLP,1067,13,4711,851500,4,4,8,10,7,10,8,10,61
YJNYE60W0,ヨウくん,W3YKKRWHG,ルリと愉快な一家,1146,17,4712,851250,2,2,7,6,1,4,2,5,29
62H1TJ9TK,初日の出,1D7T2UXC2,無言でのんびり,973,4,4713,851000,10,6,4,6,9,5,5,5,50
B95E9URBE,はぎの,N1DJVPGP8,いつでも咲けるよ,1221,11,4713,851000,9,8,7,9,4,9,9,9,64
73297P5U7,ばんおじ,VNEY6C9BE,スリーマーメイド,1009,7,4715,850750,3,2,5,4,6,4,5,1,30
VNDD501GJ,きょーやま,3F0M4HXJE,蓮ノ空まったり部,723,4,4716,850500,7,2,3,7,1,7,7,2,36
TA1HP6Q57,Minee,K169NG9RE,桜色世界,1031,12,4717,850250,6,6,5,7,5,9,6,8,52
8ZIV410CI,ひよこまめ,NLB84DYBF,下松系拉麺同好会,1083,2,4717,850250,7,6,8,8,4,7,5,7,52
62UJ0ZSS3,おりぼよ,73N4AB3LR,かほ子のイオン,1229,13,4719,850000,4,10,9,10,5,7,6,8,59
DV91WR9L8,いよかん,9FF5JBNDF,めぐすきクラブ,1365,18,4719,850000,10,10,10,10,10,10,10,10,80
2L5ZFLT5Y,現代貨幣理論,GKR9TEBYC,毎日がホリデイ♪,1371,19,4721,849750,8,7,6,9,5,8,9,10,62
NBM81WBNK,いるきゃっ,DFXEH0E0B,香港の初心者♪,847,5,4722,849500,5,6,7,6,4,9,4,5,46
VDBVV5GD7,はる,E6WR9G75P,安養寺姫芽推し会,726,4,4723,849250,5,5,10,8,1,7,4,4,44
P89042FA6,ゆー,TKY73B47T,FREE,747,6,4723,849250,6,2,9,8,1,5,5,9,45
HMWG10VM3,カロン,26CAPRWLJ,大倉庫救助隊,858,0,4725,849000,5,4,5,6,4,5,4,5,38
0YBGVY4TT,ゴルシのにんじん,ANCNM0UPK,スクスタ適当部,1240,15,4726,848500,9,7,9,8,5,10,9,10,67
28NDA9AMH,Raymond,LUDNM40F8,ふくふく無言OK,917,8,4726,848500,3,6,3,7,5,5,3,8,40
63JL9XU5J,tropical,2KJ2UEC3P,ういちゅけクラブ,1324,11,4728,848250,7,4,6,6,4,9,1,8,45
JR3KEH0M0,星雨,7MPNTWKTN,Dreamers,734,5,4729,848000,8,3,4,8,1,7,1,5,37
UTVJU5JDW,けんた,E52PX91V8,かほつづ,1394,19,4729,848000,3,2,8,6,8,8,10,10,55
7KHXNPAWW,いろはす,N1DJVPGP8,いつでも咲けるよ,1221,5,4731,847750,8,7,6,8,5,7,8,10,59
VJMFD25P9,かるぱっちょ,0XUV5025C,めぐめぐバブり隊,320,0,4732,847500,4,2,5,5,1,2,6,8,33
G21F8V98J,zonef,ABALH0AL3,楽園計画,475,0,4732,847500,10,10,10,10,10,10,10,10,80
B2EGD7FJ7,Bleu,2AUM7L9BW,蓮初心者クラブ,1080,15,4734,847250,10,7,8,10,5,9,1,10,60
XZL6BN34G,ポン,PLBBEX019,待機室目指し隊,1402,18,4735,847000,10,10,10,10,10,10,10,10,80
TNF32G80P,ゆゆゆ,6KUYCDLGR,かよちんは宇宙,1318,6,4736,846750,9,7,8,10,7,9,5,7,62
YY8VUA99F,ゆと,9C0KWR782,まったリンクラ,578,2,4736,846750,7,4,10,6,6,8,6,7,54
6HR0BRG06,ビューティー,1AK9VTG3W,ドルケスキスキ部,820,0,4738,846500,7,7,6,7,7,7,6,9,56
T1GTJV3LT,kyu,HRTGYAN3N,3度の飯より睡眠,1049,3,4739,846250,7,7,8,5,7,10,6,5,55
TKHGQ7D7J,ヒデ,G0WRCNRWK,県立沢庵図書館,982,2,4740,846000,7,4,3,6,7,8,6,6,47
B8UMX4FAZ,しきぷー,KPLDLRJ9N,デュタラノピア,923,1,4741,845750,7,6,6,8,4,7,5,7,50
1HC9P8TKX,J.M,EWM0GK62C,誰でもどうぞ,1248,8,4742,845500,8,7,9,8,7,9,8,8,64
CVAZ525CV,柊園ノ使徒,MG2RMMN2B,欲にまみれた梢,927,2,4742,845500,5,4,8,7,5,7,5,7,48
G2VDUPPNE,しらす,75UJ5RB97,蓮ノ空雪野球部,580,5,4744,845250,8,9,10,7,1,5,1,4,45
ABC8GFVVJ,じゃが,K7LC46V5M,Link！ラ部,1264,18,4745,845000,10,10,10,10,10,10,10,10,80
O51FLH65N,たかさご,YDYH4VRRP,レンクウ,1286,18,4746,844750,4,6,10,2,7,2,7,9,47
9HFVNLJMR,はたはた,7B0W0EWVA,ソロの為の避難所,1169,13,4747,844500,6,7,8,8,8,7,8,9,61
J4MCX1VK1,SDIAFOOT,N7GLY2RUW,百生銀行,1145,12,4748,844250,2,4,2,6,5,8,7,10,44
FTC7JL3D0,ささ,N6T2MVATD,まったりサークル,537,0,4749,844000,7,7,7,9,5,8,5,5,53
2XKLU22WK,はっさく,BW38LDPRF,蓮浦の星空,910,2,4750,843750,7,6,5,5,5,4,6,6,44
VSW63OWX2,はろすた*,WAT20PN3Y,こな党,1239,13,4751,843500,8,7,7,9,7,4,7,8,57
ZUMETXLUS,タト,V26546K3D,乙宗気合筋肉,1100,4,4752,843250,6,4,5,7,5,8,5,9,49
NJG7DAVT2,だえま麗奈,M206VENTF,蓮紺の会,1157,3,4752,843250,4,2,7,6,5,1,7,9,41
GO9Z67VC5,森谷マイ,XLBU65J86,花の壁飾りクラブ,1146,13,4752,843250,4,6,10,10,10,10,10,10,70
EA3M0YHYN,アリス,L28X4MDJN,アフター観たいぞ,882,0,4755,843000,5,6,4,2,7,8,1,1,34
VDALD8C2U,りゅーか,BEMED3RY1,無言無課金ok,674,2,4756,842750,8,8,9,8,5,7,7,8,60
ZHOZOTSRT,りょー,D7H8MN2U4,LLD,1414,10,4757,842500,10,10,10,10,10,10,10,10,80
9XFWW547L,ダフィネルリンべ,2JVBK752G,卍愛蓮説卍,892,2,4757,842500,6,6,9,9,5,8,9,4,56
2DKP1R0BO,リョーマ,BEMED3RY1,無言無課金ok,1038,2,4759,842250,7,6,6,9,5,8,8,8,57
ER7QBUUBF,みんも,FNHT9JFY4,リンクラ楽しむ隊,1138,5,4760,842000,7,6,10,8,6,8,6,7,58
D89LF1V69,スターフィッシュ,M6UPWJ6DU,蓮結ぶ虹と星の音,751,2,4761,841750,8,10,8,9,7,8,9,9,68
UD5J8P5AM,レイチェル,PMME7169X,蓮っ子動物園,971,4,4762,841500,5,4,9,8,4,8,7,7,52
9AKRX9C07,まろやか苺,WN3LHKX0L,レンコンおいしい,911,3,4763,841250,4,2,7,8,5,7,4,7,44
FA6PLDGFF,りょ,N7GLY2RUW,百生銀行,734,0,4764,841000,7,7,7,9,10,9,7,10,66
G408XWDMP,かぐや,G59NGM0XA,シュリーレン,1270,6,4765,840750,7,7,7,4,7,9,9,10,60
V7D0CO8AN,Sugar,HBK6KCRPP,無言でおけ,1617,13,4765,840750,10,10,10,10,10,10,10,10,80
1H1UIP4RS,ちゃんぽけ,Y6JNPC60C,綴理メイト,1195,15,4765,840750,2,5,5,7,5,9,8,10,51
JRTBH36N1,ゆき,3FF3NB77X,せーはす愛好会,1070,4,4768,840500,10,10,8,10,8,10,8,8,72
Z56UPEIG0,ツナマサ,N7GLY2RUW,百生銀行,1189,18,4769,840250,4,6,5,10,4,8,8,9,54
83X2GJHE2,すらが,1KDUBW4HB,めぐ党0番,465,0,4770,840000,9,10,7,6,10,9,10,10,71
0DY7YN3CP,羽まみれ,UMG1B9C7V,蓮ノ空女学院,1148,6,4770,840000,7,7,9,10,7,9,10,8,67
0XXRBYD3F,K,XA0XD41CM,ぼっちぼっち,595,0,4772,839750,8,5,10,10,7,8,6,9,63
H5H4J83DC,リモント,HWXEVBW48,ミッション参加用,675,2,4773,839500,4,5,10,4,5,6,7,8,49
XULX036T1,敗北者,J0PT5EX42,スクスタモ部,669,0,4774,839250,10,10,10,10,8,10,10,10,78
TJE8KWF91,かぜさやか,N0EXH1CM1,ぱちぱち徒町,1062,11,4774,839250,8,7,9,10,8,10,7,9,68
Y68CPTM01,ごろちゃん,U740C25T1,ごろちゃんず,989,9,4776,839000,6,8,6,7,7,8,5,9,56
T2VTPBPXA,哲学のドンカラス,K8C99H42D,ルリと喜ド！愛楽,1403,11,4777,838750,8,6,5,10,7,9,7,9,61
VH67XLPPG,Weegedor,JDHWPLJ32,くぁwせdrf,827,1,4778,838500,5,7,6,10,5,8,7,8,56
07KJ140KO,星空晴雪,V7768X8AC,せーので！,921,1,4778,838500,4,2,5,6,1,5,5,8,36
7Y0UV45J4,你好謝謝小籠包再,PF9Y722AR,うぐぇ,1040,7,4780,838250,5,6,7,9,4,7,5,9,52
HCRKU58D8,ゆーや,XEENRBXCG,蓮ノ空休日クラブ,968,4,4780,838250,6,6,5,9,6,9,5,8,54
V1K5BARDM,譚担麵,AGJ215YND,蓮の空中國分校,565,2,4782,838000,2,3,2,9,2,2,1,4,25
S1FZT5QOR,くみ,CV62FGL1U,花咲かせ隊,1299,5,4783,837750,8,7,7,10,7,8,7,9,63
7GP8U9AL2,ぴかぴ,V6DV6KETG,梢好き好きクラブ,1279,9,4784,837500,10,2,10,7,10,3,10,7,59
6U3GRQW0R,こたつまじん,85BT3MB4A,こたつ,1140,0,4784,837500,10,6,4,7,7,7,10,8,59
ESUXJEN6S,たか,YD2XWWFA4,蓮好き好きクラブ,1397,6,4786,837250,9,8,8,9,7,8,8,9,66
1903MPJ25,ですとろい,06DCWC1RE,とりあえず参戦用,1093,2,4787,837000,6,6,5,6,7,5,7,7,49
UMGJUHW64,幸 冷菓,8DY1N1Y50,まにまに,1043,8,4788,836750,7,6,7,8,6,8,5,7,54
PG82T3UNE,フブキ,F2M746D4B,頑張らないクラブ,584,0,4788,836750,10,7,10,10,8,10,7,9,71
H8UPEN12L,ばんゆーあおりん,UX96YX4T1,『位置について』,1026,5,4790,836500,7,7,5,9,5,9,5,9,56
1L91OV140,オハナ,R9T0YKDW8,かちまち応援隊,1457,18,4791,836250,7,5,3,4,7,6,3,10,45
VURJLLRMD,けだま,HH93ADAW3,無言自由。,1032,2,4792,836000,1,6,4,9,5,8,1,9,43
CCS08NHS1,にわにわ,6WJW7R1TD,さやこずノ休日,1070,8,4792,836000,4,4,6,8,9,9,4,10,54
OQDP1C7UZ,りん,D7UA5ER1E,UR報酬欲しい！,912,5,4794,835750,9,6,6,4,2,7,7,6,47
8HAGVPC9Q,ラブダイバー,NA8FEYN0M,蓮ノ空飲酒クラブ,1155,2,4795,835500,6,6,5,7,7,8,6,6,51
O97061AAK,ぱし,ABALH0AL3,楽園計画,1221,6,4796,835250,6,7,6,9,7,8,8,9,60
DHRYG7PFB,ロッソネロ,9GDHWXGVG,ルリと花咲く毎日,1391,8,4797,835000,10,10,10,10,10,10,10,10,80
T47621XML,きままなそらしど,LAP2W049X,りんひな愛好会,879,2,4798,834750,3,4,8,10,8,8,5,10,56
L1A0V6WAV,nico,F2M746D4B,頑張らないクラブ,1036,2,4799,834500,2,4,5,6,6,9,10,8,50
8U3VGV7LK,Kungfuの王,DUK0X7DB1,中国愛蓮同好会,897,6,4800,834250,9,9,10,10,6,9,6,8,67
JD7YVGD6F,けちゃ,LJNCAEVAP,蓮ノ空さやか研,646,1,4801,834000,5,4,4,4,4,1,4,5,31
U9VVN5FX9,はち,2VJG66JTH,まったり,919,1,4802,833750,5,4,7,7,5,6,7,7,48
ULTS72PUN,ほむたま5号,EE4BKR0AR,まったりプレイ,1483,15,4802,833750,10,7,7,10,7,10,8,10,69
HK50VD5IV,かめワイ,5KK3DFY18,MUGEN∞,1262,3,4804,833500,9,4,4,7,7,9,5,7,52
NLJ45HPGM,庫彩星,9P9EPKFHE,無言参加OK,1038,8,4805,833250,6,5,9,7,9,10,7,10,63
MPBFY89K8,Y,HUYTHRVUX,らっこ,879,2,4805,833250,10,6,2,8,1,8,5,4,44
JRPYTNK27,あきおらいざー,HXVYGL96H,初々しい対抗戦,974,0,4807,833000,8,6,4,9,5,8,7,9,56
DVUF4ELWE,一純,W189BP629,みんなのみかん畑,1171,7,4808,832750,8,7,7,8,7,8,7,9,61
ESN4XW5BC,4QF,Y2P9LABR2,スクステ同好会③,1105,12,4809,832500,8,6,10,10,4,7,6,8,59
KAX983NVY,羊,GW4CH70HK,TKG同好会,959,0,4810,832250,9,7,7,8,4,7,5,7,54
YI2WNR7N7,ぬいこ,F2CFWVMY9,藤島め組,1539,14,4811,832000,9,9,10,10,6,9,9,9,71
VV8RPP6PX,umeo,WN5B7VKPU,きんぴられんこん,1548,17,4812,831750,10,10,10,10,10,10,10,10,80
J5P3BB0H5,佐藤司,KXB93FVTR,ブルームガーデン,967,11,4812,831750,2,7,4,6,4,6,4,7,40
COE1XV2SR,ばや,578YG6EAT,桜桃花束愛聴会,1147,2,4814,831500,6,6,7,7,3,7,7,9,52
4H2X8HG38,和泉ゆき,3YWMY4JVN,82プロ,1166,2,4815,831250,7,5,7,9,5,8,5,8,54
8S4KJM7JG,白水かなた,Y2P9LABR2,スクステ同好会③,1549,10,4815,831250,10,10,8,10,8,9,10,10,75
4NDVG0RXX,すぴか,AH27N260E,百生信託銀行,562,0,4817,831000,10,10,10,10,9,10,8,10,77
W27UGVY25,たか,LUDNM40F8,ふくふく無言OK,1041,12,4818,830750,5,6,7,8,6,9,4,7,52
B6YKEK8FU,にらとろろ,WBXF9XXW7,さやつづ愛でる会,792,2,4818,830750,10,10,10,10,10,10,10,10,80
LAFDKA9DU,べえ,XTMGPY62U,スクステ初心者,1100,16,4820,830500,10,9,10,8,10,10,10,10,77
41TU4VPVA,ひとひら,BBNEWB1UA,蓮ノ空紅茶部,851,2,4821,830250,6,8,7,9,6,8,8,8,60
0EHC34GCE,はっぶる,4FXPC55PY,PPIHクラブ,987,7,4822,830000,7,6,6,6,4,9,7,8,53
5BPXB95TA,緋彩,6WJW7R1TD,さやこずノ休日,876,2,4823,829750,8,3,4,10,5,10,6,5,51
CWVLXKL4L,りんりん,L3NN1RWMY,アポロベイ海賊団,966,6,4824,829500,6,2,5,8,1,8,2,10,42
0KKHW7C3R,hiroshi,7XH3K4GBT,LLP,1327,14,4825,829250,10,5,8,7,5,8,9,10,62
WVWNFE0WM,瑛人,26CAPRWLJ,大倉庫救助隊,646,0,4825,829250,7,4,6,6,4,6,5,6,44
EJAPDBYP5,鈴,V8XX999F6,卍蓮村幼稚園卍,531,0,4827,829000,7,2,2,10,7,9,9,9,55
TL9TGZFM4,カヌレ,FHN78V2DJ,無言でどうぞ,1191,18,4827,829000,4,4,4,7,4,5,7,9,44
GRTC8EJRI,Rikyuru,KANLFTMVJ,蓮ノ空中文同好會,1000,9,4829,828750,1,6,5,4,1,9,4,4,34
AFU3E8WFL,ゴリラザグレート,48GTYR1VB,ハラショー！,999,2,4830,828500,10,10,10,10,9,9,10,10,78
T3MFRJL3E,アロエ,EMAN1DMK8,いつものメンバー,800,2,4831,828250,5,8,1,8,1,3,5,5,36
S9K67HE46,るな,PDMPF3VVV,r/LL,1168,12,4831,828250,7,7,5,7,5,9,7,6,53
RHJP1E0BV,せんちゃん,HXVYGL96H,初々しい対抗戦,485,0,4833,828000,5,3,10,6,4,4,4,5,41
E1YSPO6XA,ここあ,4LYVLX709,めぐ糖,1114,8,4834,827750,4,4,7,8,5,10,8,9,55
JXW9EW9MR,ぽんかんワイン,WFPA7YJE1,蓮ノ空文芸部,1123,13,4835,827500,8,10,10,7,6,9,7,8,65
EN8MH3YLA,エルタ,XVTV7MVCX,雪月花,1019,10,4836,827250,1,2,6,4,7,8,7,1,36
BX4TE8G01,Lisato,H6CCL64P9,NATTO,756,2,4837,827000,4,4,7,7,5,7,6,7,47
WY56SEDMT,あなた,J83JWJ028,大ㄇㄚˊ露營區,1190,17,4838,826750,8,9,8,9,6,7,10,10,67
L021CUG2J,蓮ヶ咲,8YNHW7530,虹ヶ咲、蓮ノ空,1030,13,4839,826500,6,4,6,8,4,8,4,7,47
5YEKCXMGT,めぐ党,GWGDMA3YC,初心者無言自由だ,927,0,4839,826500,8,6,5,9,7,7,8,8,58
EPVEBFY8K,式,E76N52LMW,イベントのみ,1049,6,4841,826250,8,2,4,2,5,9,1,10,41
I8BJCP9O8,じゅんじゅん,D7UA5ER1E,UR報酬欲しい！,558,1,4842,826000,2,2,5,2,1,1,5,1,19
NSL04B19D,四月の花帆,2JVBK752G,卍愛蓮説卍,1152,5,4843,825750,8,6,7,8,5,9,7,8,58
26JE4SRCZ,TKS,6ATNDH9J0,浦の空,916,4,4844,825500,6,7,2,7,4,7,7,5,45
D2YRHXX88,ユキ,YL2ELYC4U,さや…好きだよ…,976,3,4845,825250,4,6,5,7,5,7,4,4,42
372PBZ8OP,いつき,WFPA7YJE1,蓮ノ空文芸部,1469,4,4846,825000,10,10,10,10,10,10,10,10,80
FPT5XEBVO,ゆゆゆーき,R1RM3X0WV,後方腕組みオタク,1062,5,4846,825000,7,4,7,7,7,8,7,9,56
9L8P6TUG6,レイン,66BTJEEV6,ほりでぃぱーく!,1116,4,4848,824750,6,6,4,3,7,9,7,5,47
DVT78EV1B,fg021,828YTYAA9,箱推し社畜の部屋,878,0,4849,824500,6,6,6,7,4,7,5,7,48
J0UWYX0L7,賢い可愛い学院生,UVK38MFR2,蓮の虚無サー,829,2,4850,824250,5,8,6,5,5,8,7,6,50
5EDNLYPWA,kwanl,976BY5JWK,ハルカカナタ,838,1,4850,824250,7,6,6,8,4,7,5,7,50
ISDSOLWC3,kenny,B5V2LNN43,WMW,1406,16,4852,824000,7,10,10,9,10,9,7,8,70
Y2T1M2N3U,chikoru,1UBNNHVLG,蓮箱推し（仮）,1004,7,4852,824000,4,3,4,2,5,1,3,1,23
VPF0HHMHJ,TAT,VNEJ2RNW0,まったりんくら,921,2,4854,823750,10,10,8,10,8,7,7,10,70
W5O30UN6J,ゆーち,TM19BMU7C,ソロプレイヤーズ,1291,3,4855,823250,9,7,8,6,7,9,8,9,63
AXPN0CGYD,まっぷり,T045NDKW0,♬さやか愛好会♬,772,1,4856,823000,9,5,5,9,4,6,4,6,48
89K2XAKJ2,玲葉,TBHVUNGK6,ヨーロッパ軒,625,0,4857,822750,1,3,5,5,1,6,4,1,26
WPYW07BAU,ねこまる,J7N4W6Y1K,こずミックラブ♡,1121,12,4858,822500,4,6,5,8,7,7,7,10,54
MLZ0NJSUC,かなた@ミジンコ,R9NGK6L48,のんびりサークル,1138,2,4858,822500,6,6,6,4,5,9,6,9,51
KWUIT8VGS,祀才,7AATUNUPE,無言サークル,1279,15,4860,822250,8,7,7,9,7,9,8,9,64
PKAHCF304,penguin,AWFDLJ1HC,小蓮花（重生版x,701,0,4861,822000,7,7,2,8,7,7,9,9,56
U7WMEMAX5,ちゅけ,26CAPRWLJ,大倉庫救助隊,877,0,4862,821750,5,4,5,6,4,5,4,5,38
EGT62LK2P,れいせい,JA2C658FW,さや綴理の村人,1216,18,4862,821750,10,10,10,5,6,6,10,10,67
N0LNCTARE,いくら,GYG7B5R36,幼馴染同好会,614,2,4864,821500,10,7,10,10,7,10,10,10,74
UMVG7J10Y,おーたー,EPWMMAXNY,蓮ちゃん初心者,1432,3,4864,821500,10,10,10,10,10,10,10,10,80
Q85ILMBY4,さくのきてる,9JTF508LB,スクスタ亡霊部,1041,2,4866,821000,7,6,5,9,5,5,5,7,49
9MW641WL4,KRMCTH,YFADYJVW4,FPS好きクラブ,1373,14,4867,820750,10,10,9,8,8,10,10,10,75
AJR6L6FEJ,たそ,HWJ8XPW0T,箱推しなのだけど,1094,1,4867,820750,4,4,4,6,1,4,5,4,32
0TVUDAM4Y,nebu,JH5FX56N2,のんびり,1054,6,4869,820500,7,7,6,8,7,8,8,9,60
RT368S6CZ,やべっち,2VJG66JTH,まったり,1242,13,4870,820250,7,6,6,9,7,8,7,9,59
B44J488GF,N@2(ナツ),H3T7BH4N7,リンクラまったり,1299,18,4871,820000,2,7,4,8,7,9,9,9,55
2ALBT698G,すまいる,WTJV514G9,蓮ノ空のお弁当屋,1298,18,4871,820000,10,10,10,10,10,10,10,10,80
8XJJ0CUGL,びっと,RM8AJWC7L,まったりゆったり,922,2,4873,819750,7,6,6,9,5,8,8,8,57
AFW08DLYW,みつぼ,3EJX5WB1A,金沢綴理門,1432,5,4874,819500,8,7,8,10,8,8,7,8,64
VLP5YDHAM,けい,RKT7BC4F6,人形浄瑠璃乃,683,0,4874,819500,7,6,5,8,5,7,5,6,49
UMXFM53WN,每日討厭林可拉,JKAYY0KXL,自由！開心！,993,1,4876,819250,7,5,8,10,7,10,1,10,58
TOI6SR1TX,クラムボン,HPTHY23VR,蓮ノ空文芸部,1276,18,4877,819000,7,7,10,9,7,10,9,9,68
KPUUWRRJD,すけさん,N6LR8C7AE,泥の民,842,6,4878,818750,7,4,4,4,1,4,2,1,27
ILS80MLXY,友貴（トモキ）,M851LEV3N,なっす父兄,1260,7,4879,818500,7,5,7,7,5,7,5,8,51
KL0XAGKBC,ホタル,919XF8V2V,蓮之空大三腳,599,4,4880,818250,10,10,10,10,10,10,10,10,80
45WP86NLU,風月,FNMV166UY,蓮ノ空喫茶部,1154,12,4880,818250,8,7,6,3,4,7,4,8,47
T3H5ANFY2,くもすずめ,0PFGRW8W0,ごはん処,933,6,4882,818000,3,10,4,2,7,7,1,9,43
6SHZ8O7IE,ミム,0XUV5025C,めぐめぐバブり隊,1169,3,4883,817750,6,8,6,6,1,8,4,9,48
RPUCAKV1A,チャットGDP,6C9R15BLY,スクスタ避難民,1083,2,4884,817500,10,6,9,9,6,9,9,7,65
66CKWQ3LD,ぽんず,9X07VGM42,近江町食べ歩き隊,1104,6,4884,817500,7,6,8,10,7,8,8,10,64
95FNVQ2QO,ゆえよな,M851LEV3N,なっす父兄,1238,18,4886,817250,7,7,7,8,7,8,8,10,62
46NP4REUD,なみ,P69FXJWA0,ふらわー,946,2,4887,817000,7,6,6,8,8,8,5,7,55
U5FJC0B5B,たまに,W71PEB8XY,戦慄のたまに衆,1179,10,4887,817000,3,7,6,7,6,7,6,9,51
U9GT1MYFB,よし,NJBBTCY3A,かにかに！,930,0,4889,816750,8,8,7,9,7,8,7,8,62
UG3XWR6KG,ykls3417,75UJ5RB97,蓮ノ空雪野球部,496,0,4890,816500,8,8,8,9,6,7,8,8,62
YLT7HVDHW,夢,9UKKACGDU,蓮っ子CLUB,1025,6,4890,816500,3,5,8,6,7,7,10,9,55
7JG18M0Q2,わお,NK05UMLWW,かけ込み寺クラブ,1030,5,4892,816250,3,2,2,10,5,6,4,5,37
9BHFQCTWK,ぽちふ,Y2R7E79U3,カワウソ同好会,1145,7,4893,816000,6,5,10,8,6,8,8,8,59
MTYAUFRUV,水虹,NMRKHYYRM,ご自由にどうぞ,440,0,4894,815750,10,10,9,10,6,10,7,4,66
XPRR2C3RM,カル,4FXPC55PY,PPIHクラブ,1232,18,4894,815750,10,10,10,10,8,10,9,10,77
S6CGX2DBZ,宇治抹茶,2DYYAPFVN,蓮っ子村,1090,17,4896,815500,8,6,7,8,10,10,6,7,62
P2TE9HPP9,その辺のライバー,MV7XM9K9K,行き場無い流れ者,1127,5,4897,815250,7,7,7,8,7,9,9,9,63
TG043R9FC,チノン,LLDLG20UU,UR取り隊,1098,16,4898,815000,9,6,7,7,8,10,6,9,62
12DJD09M9,nobby,LLDLG20UU,UR取り隊,860,0,4899,814750,6,6,6,9,6,9,6,6,54
01717LQKU,01/ゼロとイチ,A92R69HTH,Lotus123,1450,5,4899,814750,10,10,10,10,10,10,10,10,80
NHJP7M23G,よよ,X0TFG829Y,ボクのおうち,634,0,4901,814500,7,7,7,10,7,7,7,7,59
DLE7MUYMG,お魚,8MJR5987G,なるほどねぃ。,1090,2,4902,814250,7,6,5,6,5,8,5,7,49
K8TC80J3C,ゆう,FG5VFFNRK,蓮ノ空おじさん,1191,9,4903,814000,7,7,7,8,5,10,8,8,60
LP4D77PYR,ソラニ,A1GBKA16P,アシュラム,1046,7,4903,814000,6,6,7,2,7,10,7,7,52
7V2PAI0W7,フォルス,6C9R15BLY,スクスタ避難民,904,3,4905,813750,7,7,5,7,4,7,7,7,51
EN5UNTDGP,ぬるま湯,GW4CH70HK,TKG同好会,1062,2,4906,813500,8,2,4,2,1,4,3,2,26
BFN5RBZ11,Mez,KGDNX3EF3,ENcircle,1218,11,4907,813250,7,10,4,10,7,8,9,10,65
EXJ5F3VAP,ゆいさ,TTDBXERCU,蓮ノ空 全力応援,1154,14,4907,813250,3,2,8,6,5,5,6,8,43
BV4RGU6LJ,ゆゆ,D1YHB0B1A,BWO,990,1,4909,813000,4,5,4,4,4,5,4,6,36
0NF7JBV7A,ソミミ,NT2KU5174,こずかほ。,1187,9,4910,812750,7,7,7,10,7,9,7,9,63
W6CE9QPL5,きさらぎ,6JCMUJX7E,同輩,1228,13,4911,812500,8,7,7,6,4,8,5,8,53
GTEER2YC2,とむ,FJMA5BPPE,蓮ノ空すきすき部,918,4,4911,812500,7,6,5,7,5,8,7,7,52
K6M4V79LT,Takt,J83JWJ028,大ㄇㄚˊ露營區,496,0,4913,812250,5,4,9,6,8,4,8,8,52
0VV5A349N,キュアけんさん,DF7FA982P,蓮ノ空百合部,1064,2,4914,812000,7,6,6,4,4,7,6,7,47
582RWNC0B,はくたか,57HNJ07NK,みらぱ推活最前列,1358,7,4915,811750,9,8,10,10,8,8,8,9,70
TY1WGHPWL,キノン,2AUM7L9BW,蓮初心者クラブ,766,3,4916,811500,8,7,10,7,9,9,6,9,65
010TT5G5U,ぽぺがー,MLC4A3B36,AWCC,279,0,4916,811500,9,8,10,10,7,8,8,10,70
HCVXQJN9Q,ジェイ,9FF5JBNDF,めぐすきクラブ,1111,2,4918,811250,4,7,7,5,6,9,5,5,48
4I2H975HB,マキハル,KB5BFK7J6,おはめぐ党本部,1165,9,4919,811000,5,7,8,8,7,7,9,10,61
PH3D6EJ6M,ななしか,KA652DGYV,ゆるリンクラ,1082,13,4920,810750,6,6,7,9,5,7,6,8,54
5W2L3RG6M,あさひ,XXVVJY6FE,はぴぱれ,1054,11,4920,810750,4,7,10,8,4,9,6,10,58
7W4KBN4MN,日月,N7J2R9JDN,ログイン目標勢!,961,2,4922,810500,6,6,6,8,7,8,7,9,57
5HE4VE0UR,META,N7GLY2RUW,百生銀行,1146,2,4923,810250,1,2,1,7,5,5,1,1,23
RL0JBFD1M,こちら,EFYYG9TAY,ご隠居さーくる,947,5,4924,810000,2,9,3,6,6,6,7,10,49
33W7012KL,やたまる,NDGW77R2V,こず花帆尊い,814,2,4924,810000,7,4,4,7,1,7,6,5,41
VDRFM2XBY,プリッツ,BT22M41DV,梢花帆吟子同好会,654,1,4926,809750,7,7,9,10,4,9,4,8,58
TT9HTHLU2,時崎しおこ,X33HHA9F8,アルストロメリア,877,7,4926,809750,1,2,10,6,5,5,1,9,39
RWKK2U3TN,てっさ,RMT97FJ61,まったり　無言,853,2,4928,809500,7,7,8,8,6,8,5,7,56
N4FA1VTLG,strikeb,NA8FEYN0M,蓮ノ空飲酒クラブ,1108,2,4929,809250,8,7,7,9,7,9,7,9,63
678JW2PU9,まどか,ULUELCJ7T,なるようになる？,525,2,4930,809000,10,10,3,6,1,5,7,6,48
ETO77S8SF,TOCCI,GYG7B5R36,幼馴染同好会,1540,9,4931,808750,8,7,8,10,6,10,7,10,66
Y21E68HX2,よだ,DKNHY5HH6,なす料理研究会,1083,1,4932,808500,6,5,6,8,5,8,8,7,53
1ETRX0B9B,やひろ,V8XX999F6,卍蓮村幼稚園卍,616,0,4933,808250,8,2,6,10,6,8,5,8,53
VDWM9J87Y,マスター,WM6VLG32E,ツナガルソラ,1364,6,4933,808250,5,8,7,7,6,10,10,10,63
Y2Q3U738Q,らきあす,M8FM7P139,蓮ノ空ひとり旅部,1489,17,4935,808000,10,10,10,10,10,10,10,10,80
10FXC6JJN,falai,M44P06CH5,つづさや見守り隊,727,0,4936,807750,2,2,5,2,1,1,7,5,25
RDK6XKW3I,マソ美ちゃん,TB7GJ57D7,シャイニーフラワ,1135,8,4936,807750,7,7,6,10,7,10,7,10,64
295TZPGNQ,ムルムル,HNC6HDEMJ,星待ち部,1054,4,4938,807500,7,7,7,8,7,9,8,10,63
GQ7RAG46W,yakko,9U8KNU6U9,対抗戦用,1222,16,4939,807250,7,5,5,8,4,9,4,7,49
B5KPAWVLC,Sonny,J80MEYHBC,Nymphaea,752,2,4940,807000,10,10,4,7,10,10,7,4,62
G25MC1FCT,rooos,KJU0BU77M,無言交流なし,1529,18,4941,806750,10,10,10,10,10,10,10,10,80
N5RXNRMNM,ミック,VVMVJE2R7,吟子ちゃん応援団,1336,18,4942,806500,3,6,6,10,1,7,4,8,45
7B48TYBTJ,じり,PB5NM9HRA,歌蓮ティールーム,892,2,4943,806250,1,6,1,10,5,9,1,10,43
X7Y2RKHC7,Ent.,E515TRU1G,起きろ夕霧綴理,1142,8,4944,806000,1,4,6,4,5,7,9,10,46
PLA28Y51K,うい様(°▽°),M2DG95X9J,箱推し,1041,9,4945,805750,4,4,8,7,6,5,5,6,45
WC68B6JD9,슴쿡,279NUYU7C,れんこん,1095,5,4946,805500,10,8,5,5,3,8,5,10,54
P0R9GI425,しー,31A7JKC69,蓮好きの巣窟,1266,3,4947,805250,6,6,5,7,6,5,6,8,49
HLUM2DF33,セレナーデ！,DFFYFJ2B6,つづさや好き過ぎ,995,11,4947,805250,6,7,8,8,7,10,3,9,58
GOR4CMF6T,冬人,N1JAJ83CA,蓮ノ空園芸部,1125,11,4949,805000,7,5,6,8,6,8,8,8,56
M4QYOUH9F,すたー,V26546K3D,乙宗気合筋肉,1436,5,4950,804750,9,6,7,9,7,8,6,9,61
8D1KP6PD5,로드롤러,HB9AU9DJJ,聖心党,766,3,4951,804500,10,10,10,10,10,10,10,10,80
KB7GJ6R72,しろ,WFPA7YJE1,蓮ノ空文芸部,1146,2,4952,804250,7,5,7,7,7,7,8,8,56
KAPHWULX8,トワナッツ,Y2HV0YEF7,蓮ノ空を応援し隊,1219,17,4953,804000,8,9,10,9,6,10,4,10,66
30JL1CEMS,レイ,1M0GGB8LU,上ノ空昼寝クラブ,1210,18,4953,804000,3,7,6,7,5,6,8,10,52
UGUAF2TDN,上班不彈下班彈,AWFDLJ1HC,小蓮花（重生版x,1008,15,4955,803750,3,5,6,10,3,8,1,7,43
CPABVGC4N,ゴロウタイ,9AYD3XJ2D,ぺんぎん隊,1477,18,4956,803500,10,10,10,10,10,10,10,10,80
24V8PFG80,朱稀,424NLTEE8,無言な異次元部屋,958,4,4957,803250,9,7,9,10,7,9,10,10,71
L49HJCR25,霞ヶ関ファルゴ,7U20138DB,LGP,1010,6,4957,803250,1,4,7,4,4,9,6,1,36
JVAW467KM,ゆうゆう,95TAREFPT,ご自由にどうぞ,666,0,4959,803000,7,4,5,7,5,9,5,7,49
N403EWS62,まっつん,PN4VA24XF,みーかるぱーく！,754,0,4959,803000,5,5,5,7,4,8,7,10,51
UYA3K8J9X,TOMATO,G6KE802PE,L！L！ラ！,975,4,4961,802750,7,7,5,7,7,5,5,7,50
EWDLLDM42,ぺこりーの,8MTLYLH9F,木星月華黄金宮,1132,0,4962,802500,10,8,8,10,8,10,9,9,72
53KI0OR42,あんちゃん,229LK38CW,ライブグランプリ,1507,18,4963,802250,10,9,10,10,10,10,10,10,79
KB8UJ667N,ホワイトおでん,X7YM9EG8K,伝統の石川地酒,343,0,4964,802000,8,6,9,8,7,10,7,7,62
ZZ5O8E0M4,coldblue,9YG7C0VM7,綴理と無言で昼寝,1206,2,4965,801750,5,7,6,8,7,5,7,8,53
K8NUIOH6S,アッツン,61DV78UAJ,モタスポクラブ,1686,18,4966,801500,5,5,7,7,4,6,8,7,49
T23HY3WRB,えーぷる,BT22M41DV,梢花帆吟子同好会,1095,6,4967,801000,7,6,7,9,5,8,5,7,54
62C4CT335,ひるま,CV62FGL1U,花咲かせ隊,1133,3,4968,800750,4,4,4,7,5,7,7,5,43
LX1L5FE2B,げし,4WWM4VVDK,蓮ノ空遊戯開発部,1180,3,4969,800500,7,6,5,7,5,8,5,9,52
CVCVHFVF2,あかまる,KM0NDXXR6,も,946,3,4969,800500,9,6,9,7,8,10,6,8,63
7R1RLWKBW,おいかぜ,WWWUTP96L,異次元からキマシ,1067,11,4971,800250,7,6,6,8,7,7,7,8,56
N34M3G2YW,ちゅら,CRYB2FJ64,つくよみくらぶ,953,5,4972,800000,5,6,6,8,5,8,5,7,50
O4HYXLZSC,tamon,F56XEUUBE,みらくら自習室,1339,1,4973,799750,6,7,6,9,4,8,6,7,53
8HIW5AQ3G,にゃんた,C8A9CTB34,蓮ノ空山岡家部,1127,7,4974,799500,6,6,7,9,4,8,6,8,54
JVK229T7K,bujjwole,JHTULVV5P,故に瑠璃乃推し,1130,2,4975,799250,9,7,9,10,7,10,7,9,68
JW6QPV8JC,あるそーやん,FC8NBAJBT,ラー麺二郎金沢店,1706,15,4976,799000,10,10,10,10,10,10,10,10,80
BY0N1E9AC,おが,X87KNX4N3,蓮ノ流星群,872,0,4976,799000,7,6,5,4,4,5,7,5,43
L3VF8O635,いるさん,VXF8P7NDC,どんぐり。,1269,9,4978,798750,2,2,6,8,1,4,8,8,39
MT2Y3FYWK,希介のヘアピン,J800VVPTN,Aqours,913,6,4979,798500,5,6,7,10,7,5,1,8,49
95UYXW8GL,黒曜,3C7N3PCKM,末代,575,2,4980,798250,6,8,6,10,7,6,7,6,56
X0L5BX6M8,そいそーす,JXN6XJAFK,ぼくなんなの,873,5,4980,798250,7,8,9,5,2,9,7,6,53
YJUXGU9WG,ヤギー,TBX7N9RK5,つよつよなLH,1056,0,4982,798000,5,4,6,7,6,8,5,8,49
0RRU916UV,唯ちゃん,BKUHCT7WF,蓮女お嬢様部,849,4,4983,797750,8,8,6,8,6,8,7,6,57
6H1PM082P,あゆちん,NC2YT2V28,蓮之愛同予者何人,851,7,4984,797500,8,5,7,4,4,4,3,5,40
8768HVX95,まさみち,8BAYBXUXC,スリブ大好き♪,895,4,4985,797250,8,4,3,3,5,4,3,7,37
94JLM5EB9,Shin,0YLUK30K6,蓮っコの集い,997,8,4986,797000,7,4,6,9,5,8,5,7,51
TND2D8DWJ,極楽浄土,GVT61ATX0,なのだけれど,1266,17,4987,796750,8,6,10,6,5,10,6,5,56
ZCDR3HFX1,ケータ,GYG7B5R36,幼馴染同好会,1289,4,4988,796500,8,7,8,10,7,9,7,9,65
0VHTXBDEA,Maki,REUA4H17B,LLLLBR,286,0,4989,796250,10,9,4,5,1,4,3,9,45
PCF21X3CG,やぶろっきー,DF7FA982P,蓮ノ空百合部,1124,14,4990,796000,7,4,8,9,8,10,7,10,63
DIREP1W4U,アスパラ,EEP20F2M8,綴理の綴り,1132,11,4991,795750,6,6,6,7,5,7,5,7,49
L18J3EYVA,yuki,NK05UMLWW,かけ込み寺クラブ,950,7,4991,795750,3,4,6,9,5,7,6,8,48
W8E1MXVCE,ぴぴたん,KULVP7FDR,アニマル分室,773,3,4993,795500,6,2,2,8,2,5,3,7,35
18TAN85P6,アルちゅ,WCL6R1ANU,無所属の会,509,0,4993,795500,7,7,7,6,9,6,5,8,55
PW0PVUK63,南☆かつみ,JA2C658FW,さや綴理の村人,803,2,4995,795250,8,6,7,8,5,8,5,9,56
EHCNHT2XN,taka,63AKA05VR,まったりGngy,1121,3,4996,795000,5,4,4,9,4,8,7,9,50
48GHW10FY,SHIKA,08DDCV5JN,黒ねこのしっぽ,862,0,4997,794750,10,9,8,10,9,10,10,10,76
NDAPJYJBO,壁,L10A3854K,ラベンジャー部,1033,11,4998,794500,1,4,4,8,7,8,4,8,44
PAYK18SF7,どんでん,RAP9FVR3B,あばうといち,1147,13,4999,794250,6,7,7,4,7,10,6,8,55
4DB6SIL32,デヘラー,Y7KJ3PM8P,蓮すきすき同好会,1451,2,5000,794000,10,10,10,10,10,10,10,10,80
J9EVE566E,TxZdc,GCFA4WL28,乙宗梢を愛で隊,996,7,5001,793750,5,4,5,10,7,9,5,9,54
NH9VYH7AT,ヤムハイゼン,JWJ1UK0RC,猿ノ空男学院,1042,10,5002,793500,2,3,4,2,7,8,8,9,43
U3DLQMXJD,ボン太,8P39YRA1L,慈と愉快な仲間達,1393,11,5002,793500,10,9,10,10,8,10,8,10,75
98XFHBK45,あお,XPRA8TRVE,蓮ノ空ロボット部,1275,5,5004,793250,6,6,5,5,7,7,5,1,42
VJNJ9PFNJ,こたけ,828YTYAA9,箱推し社畜の部屋,940,0,5005,793000,7,4,7,8,5,7,5,7,50
MLON04M97,ブランデー,HE0GK3EPE,瑞蓮プロカ倶楽部,1351,8,5006,792750,8,8,8,10,5,9,8,8,64
MJMAUUAJJ,あきお,6045Y2RW7,ポチっと！蓮ノ空,1354,9,5007,792500,8,7,6,9,7,4,7,8,56
M8936BF27,みりん,NJBBTCY3A,かにかに！,664,0,5008,792250,7,8,9,9,6,10,8,9,66
4Y7J2MK4V,もと,N7GLY2RUW,百生銀行,983,1,5009,792000,10,10,8,10,9,9,9,10,75
3AGHFYKP6,やちゆう,18YYNRFGA,LotusSky,1120,10,5010,791750,10,6,8,10,6,8,7,10,65
B7F8XL777,わもち,K7LC46V5M,Link！ラ部,1077,6,5011,791500,3,1,3,2,1,1,4,4,19
RD200DHGJ,Baito,R9NGK6L48,のんびりサークル,764,0,5012,791250,5,6,7,8,6,8,4,10,54
XF646650E,なぽりたん,6N3F238R0,イベント参加用,1072,15,5013,791000,8,9,10,8,5,10,7,7,64
DU3SEW43K,Makuno,BXHG2KXAD,idol.st,1219,14,5013,791000,7,10,9,10,6,9,7,8,66
VGBLTRFEP,冷凍みかん,WHWT61ELR,【無言】ハスノソ,1232,3,5015,790750,4,6,1,8,4,7,1,10,41
P475PMG41,よねみ,2JK7E4115,ラ！推し,1071,8,5016,790500,6,6,5,6,7,8,6,10,54
EP447DF1Y,はちくま,5HHM001FE,株主総会はちくま,999,7,5016,790500,10,9,9,10,10,10,10,10,78
9VUAQDC8D,カイ,K25DPPGT9,圧倒的にまったり,1167,12,5018,790250,5,6,6,10,6,10,8,9,60
ENE3AW5F5,りお,9RYR14H9L,ソロマターリ,1164,9,5019,790000,10,7,6,10,10,8,10,10,71
920UBPFG2,ぶんと,N6T2MVATD,まったりサークル,974,6,5020,789750,8,3,2,7,5,8,5,8,46
T7N37WNKU,STy,BELCUYCMH,蓮hkg香港分部,906,2,5021,789500,2,3,2,8,4,8,1,8,36
JTPRFCENU,アキ,L28X4MDJN,アフター観たいぞ,1372,8,5022,789000,10,10,10,10,10,10,10,10,80
BUUL63KDA,krps,AXG81GPMP,蓮ノ空マタギ部,1067,1,5022,789000,7,6,8,10,8,8,6,9,62
BBLG0204E,so123,43HRXMXWA,無言OKクラブ,890,4,5024,788750,5,2,7,7,7,7,5,9,49
GDQW7K77E,たかにょろずん,C2GXY2MWB,LLYMLSIC,1181,18,5024,788750,7,6,5,10,7,10,5,8,58
VCFFIEBX6,しま,X0TFG829Y,ボクのおうち,934,3,5026,788500,4,2,9,6,4,8,4,9,46
AGC7T99HJ,山口の小林,YADX9DY49,ﾊｽﾉｿﾗｰ,1056,10,5027,788250,4,6,7,8,7,8,8,9,57
M3NT37EWG,花月,PUJ0ERCMW,蓮ノ空倶楽部,764,2,5028,788000,6,4,4,8,6,4,4,1,37
ZEE7VELC1,アキ,PN4VA24XF,みーかるぱーく！,880,5,5029,787750,6,7,10,8,7,10,1,10,59
43FU9H05D,ハヤランテ,G0J2F9NAL,さやさやさーくる,1307,8,5030,787500,10,8,8,10,7,10,8,10,71
1JEV15JF8,えおりん,AHE0E3JND,ありがと！にひっ,760,2,5031,787250,2,3,3,2,1,5,1,2,19
4FZK8UHCX,ねこねこらっこ,N94LEWF2D,無言よわよわの会,1333,15,5031,787250,8,7,8,8,6,9,7,9,62
CLHG7F2EL,すけきょー,B14R5YE13,ドルチェスター,868,3,5033,787000,6,7,7,10,7,8,4,9,58
YR4FLPJJC,しなもん,BHW3RTLYB,カワウソ小屋,1107,2,5034,786750,7,6,4,9,6,7,5,7,51
69TGLABC1,うみ,GPKTRBCTT,騎空団蓮ノ空支部,652,2,5035,786500,4,5,5,7,4,5,1,4,35
3XB9ET9L2,ぽぽしー。,KA1249N3H,沼津倶楽部,1004,10,5036,786250,8,6,5,5,4,4,4,7,43
NCNC0F6T5,あ,2AUM7L9BW,蓮初心者クラブ,819,0,5036,786250,2,6,3,4,5,8,8,8,44
87R9PD0A5,ハレルヤ,4NDAG5E9N,国産牛のにげあし,934,3,5038,785750,7,6,9,8,6,5,5,6,52
DAY78MTHU,oga,M6UPWJ6DU,蓮結ぶ虹と星の音,896,0,5039,785500,7,6,5,4,4,5,7,5,43
LG62PTK1J,ひろまる,LP8LPRUM8,蓮ノ空を見守り隊,974,5,5040,785250,3,3,4,7,10,5,10,10,52
1HJWW9EWS,しかざくら,BG041A4MD,TK会,1265,1,5041,785000,7,7,7,6,7,9,7,7,57
RGL5WL9GA,フーピ,B5V2LNN43,WMW,1341,12,5042,784750,7,2,3,7,5,6,6,7,43
CEG3LX19H,わかめ,38KAJGDGU,異次元シャニP,1194,4,5042,784750,6,10,4,8,10,6,1,7,52
2VK9GD7KC,いちごえしやま,2WF4HKKRJ,迫真謡舞踊部,1098,17,5044,784500,7,6,6,10,6,10,8,9,62
2K4FKGLAY,ロンド、君に,6C9R15BLY,スクスタ避難民,1079,1,5045,784250,6,6,9,9,6,9,9,10,64
KKTHAMFR0,ドロジェ,G0WRCNRWK,県立沢庵図書館,1268,16,5046,784000,10,8,8,5,7,7,7,10,62
EFNHRP9VR,かかし村,8MLVA67AK,聖ミリオン女学園,597,0,5046,784000,1,2,4,3,2,1,4,4,21
5M3TP0WVY,幸太郎,3FF3NB77X,せーはす愛好会,989,6,5046,784000,6,7,7,9,7,9,10,8,63
UAFFAPBAE,おはよは,HKETDDCK6,ぼっちざ蓮!!,1027,5,5049,783750,6,4,9,9,4,7,4,7,50
67P5PGFHE,か,TBHVUNGK6,ヨーロッパ軒,575,0,5050,783500,10,2,1,5,4,1,5,5,33
2BTARH6FG,じろう,X0TFG829Y,ボクのおうち,626,0,5051,783250,4,2,1,7,10,7,6,9,46
GSXYVJCON,ユナノ,HKTEMRDA9,qq,1243,5,5052,783000,1,4,10,5,7,8,5,7,47
VTN00CLF9,かずまる,KA652DGYV,ゆるリンクラ,767,3,5052,783000,9,5,10,5,10,2,4,6,51
LJAJ8PT76,パチクロス,9FF5JBNDF,めぐすきクラブ,1373,10,5054,782750,10,6,7,7,5,7,4,10,56
6X9TP78GJ,絵里ぴよ,26JDLMBLN,徒町は強く生きる,455,0,5055,782500,8,8,7,9,4,8,4,7,55
SX8DOUXI8,リリーフ,6045Y2RW7,ポチっと！蓮ノ空,1370,18,5056,782250,6,6,10,8,6,8,9,9,62
1YUQCD17W,万能試験紙,4XRHRYDW4,無言でエンジョイ,1295,9,5056,782250,6,7,9,8,7,8,10,10,65
NCRG25X6U,なな,85D411XNB,蓮っ子の集い,497,0,5058,782000,4,4,7,4,4,6,3,4,36
BXFM9K49V,よへい,UB7BUMERF,対抗戦に参加,238,0,5059,781750,7,6,5,1,1,4,3,5,32
OC4GF3LF1,ゆとり,P2J37FNLG,乙宗先生指導会,1352,15,5060,781500,7,4,7,9,4,7,7,7,52
SY66UXVUS,Maria,LUDNM40F8,ふくふく無言OK,1173,1,5060,781500,7,6,6,9,7,8,7,10,60
3YLD3R5JN,ハルト,0C3CUCRC6,おためし,1078,5,5060,781500,6,7,6,4,7,6,5,10,51
2OCF8J22U,潤さんの葱豆腐,X8YD59KBX,16代目いぶき組,1321,10,5063,781250,9,9,7,9,8,7,7,10,66
78EK7YVO7,WhiTe,YD2XWWFA4,蓮好き好きクラブ,1184,4,5064,781000,7,7,7,9,6,8,7,8,59
R9LPDL47B,時雨,YAD615PCK,蓮を咲かせる泥達,1188,2,5065,780750,7,7,7,4,7,8,6,8,54
W4MHW45VG,puyo,CRYB2FJ64,つくよみくらぶ,672,2,5066,780500,7,2,1,4,4,8,6,9,41
G8D3LVV7L,星儀,53NYG615U,蓮ノ空飲酒愛好会,783,0,5067,780000,6,7,10,8,5,8,4,9,57
25WU313GT,藤田美弦,G0WRCNRWK,県立沢庵図書館,444,0,5068,779750,9,7,6,10,8,9,6,8,63
B6NE2F6J9,RoK,8VGXWTV3U,R.opRizm,1126,13,5068,779750,5,5,7,8,6,9,7,9,56
M0U3RND8T,かときち,GPKTRBCTT,騎空団蓮ノ空支部,407,0,5070,779500,7,2,6,2,5,1,4,6,33
P9JLPPJW3,case_kk,6BGTJB90L,case_kk,656,0,5071,779250,7,4,6,5,6,7,5,7,47
MV7546VAY,ななせ,W26TRPM1R,めぐ党藤島派,1126,13,5071,779250,7,7,6,3,2,2,5,7,39
SJMDF6E95,カンス先輩,CT8XW752X,蓮ノ空写真部,1232,3,5073,779000,7,6,6,6,7,8,6,8,54
SDO1X5IAP,ramen,PDMPF3VVV,r/LL,1302,5,5074,778750,9,5,9,9,5,9,9,10,65
V387B9IL5,らっきー,4XVD1CXVM,KIT,1150,8,5074,778750,2,6,6,8,5,5,5,8,45
HGLN12RYJ,くるみ,26CAPRWLJ,大倉庫救助隊,692,0,5076,778250,5,6,5,7,4,5,5,7,44
4CF5MHWCM,カイクロ,XTMGPY62U,スクステ初心者,685,0,5077,778000,10,10,10,10,10,7,10,10,77
UET18LDX0,まなる,FG4170141,♪さやか愛好会♪,1216,6,5077,778000,7,4,6,9,7,5,7,10,55
W7P41R6HA,ぴえんちゃん,1618JMRED,リンクラ自習室,768,3,5079,777750,4,6,8,7,1,4,1,1,32
7ETY1CUXV,はぐれ,NA8FEYN0M,蓮ノ空飲酒クラブ,752,0,5080,777500,1,7,1,6,1,5,1,6,28
M81TVHMDU,翔真,R1RM3X0WV,後方腕組みオタク,597,0,5081,777250,10,10,10,10,10,10,10,10,80
E6FAN0MC0,もちこ,CWPWP1266,さすさや,929,6,5081,777250,5,5,6,8,4,9,7,9,53
4V9320WNA,tkatsu,X87KNX4N3,蓮ノ流星群,1151,15,5083,777000,7,6,7,8,7,7,7,9,58
23V0AB36U,ミツ,9D722M8KC,蓮ノ空同好会,849,6,5084,776750,9,3,9,6,5,4,6,8,50
FCHQLCV8M,ソラ,CJ398GJAT,バッグクロージャ,905,3,5084,776750,5,8,6,8,2,7,4,9,49
P242GVW86,chi,C9DAJ6YFV,のんびり,981,13,5086,776500,3,7,7,8,7,9,8,9,58
M2UH3KDU2,ましろん,RF5215M2U,スクステ同好会②,1335,18,5087,776250,10,9,8,10,8,9,9,9,72
EDLGCL8A5,あるかん,7P4CAER9X,まったり倶楽部！,1213,6,5088,776000,6,4,6,8,1,8,6,8,47
4MZNNKWDP,Ginga,58FD7UF8J,としとしサークル,940,6,5089,775750,5,6,7,5,5,8,5,7,48
RA3GM5CWG,もこ,6UAFKBRPN,リンクラ初心者部,547,0,5090,775500,8,9,8,10,8,9,8,9,69
V1EJ6RYMT,ぽきまる,XURY539UN,筑波大ラ研,1032,8,5090,775500,10,6,8,10,6,4,4,9,57
KDE5JANNY,シェバ,WLBYGHXPD,大天使村野さやか,1051,2,5092,775250,7,6,5,7,8,7,5,5,50
PDLBUW7GX,そうめん,1XX6FWJRB,オートスキップ団,601,2,5093,775000,4,4,9,3,1,7,1,6,35
8LAYXW88D,にれい ちぃな,FG5VFFNRK,蓮ノ空おじさん,919,0,5094,774750,8,6,6,6,7,9,7,8,57
VN1LJWNWL,黒閃,MCFN901TJ,ワノ国天祥,695,1,5094,774750,10,3,10,10,1,7,4,7,52
3GMJXL237,Jjp,VE9CH1HMG,hmm,967,0,5096,774500,4,4,7,7,7,7,7,7,50
M6T52JPTM,とがみ,LYPVAETHY,金沢の泥,937,0,5096,774500,8,8,8,5,7,8,7,9,60
T2ZMW9GYQ,さけ,CTW8DKV5P,まったり,927,2,5098,774250,8,4,9,5,5,8,6,8,53
70IAG0P8P,やまぬっこ,2JK7E4115,ラ！推し,1193,11,5099,774000,6,5,9,7,7,7,5,9,55
M5846T3VD,きゃま,9GDHWXGVG,ルリと花咲く毎日,1107,12,5100,773750,8,7,8,8,8,10,7,10,66
11PGZ0OE7,甘党のryo,CUAGDB62T,蓮ノ空ガノタ部,1429,15,5100,773750,9,9,9,10,9,10,10,10,76
5G0F31KVB,ゆにこん,GGK2P93JK,きゃらめる,484,0,5102,773500,9,6,9,10,7,8,7,9,65
8R21UGR12,鮭茶漬け,JA2C658FW,さや綴理の村人,1676,15,5103,773250,10,10,10,10,9,10,10,10,79
73J5G40VB,HaLkz＠,UBVXEAK38,ブルウモーメント,969,7,5104,773000,9,4,7,9,6,9,8,8,60
M8SA78S6R,うどん,UK30B7DG2,ずらまる卯どん。,1156,3,5104,773000,5,6,7,9,7,4,7,9,54
8JABRHCY4,まっつぁん,RB1MJJ3RA,蓮ノ奏(仮),1122,13,5106,772750,10,5,8,10,5,8,6,10,62
MVVF7414H,やまかず,AXG81GPMP,蓮ノ空マタギ部,1245,5,5107,772500,4,7,9,2,7,1,1,1,32
WSSL0NS7J,よっぴー,32E82BNXN,主人公同好会,1076,0,5108,772250,7,7,6,5,7,9,4,4,49
9NL8E3H6Z,梓月,BWD9U1EJ2,蓮之空中国同好会,1224,14,5108,772250,7,7,8,10,5,10,5,10,62
DG1CJYP8B,はくてゐ,G1HBGEKAL,みらぱは飛び道具,1215,6,5110,771750,10,10,10,10,10,10,10,10,80
XFLC8K99W,@cﾒ*◉_◉ﾘ,GPKTRBCTT,騎空団蓮ノ空支部,1198,12,5111,771500,4,6,6,8,6,7,7,8,52
C7EXYN3VN,瑞河喜歓部員,WCL6R1ANU,無所属の会,772,0,5112,771250,7,7,7,9,5,7,5,10,57
00MH3P2WY,SkyEagle,U740C25T1,ごろちゃんず,933,3,5112,771250,8,6,6,8,6,10,6,10,60
KNXR9J3C6,Miko,57UT319NN,蓮ノ空同好会,660,0,5114,771000,7,6,6,2,9,8,7,9,54
YBNGC4NP4,Dr.ウィロー,6C9R15BLY,スクスタ避難民,1072,2,5115,770750,9,6,9,9,6,9,9,7,64
QXVZ1GZFS,ろうごく,1BME38BCD,さすさやクラブ,1385,17,5116,770500,7,8,9,9,9,10,10,10,72
34UHLH3JB,ガブ,UVN7G4X3A,闇のルビィ団,758,1,5116,770500,5,6,10,9,1,7,3,1,42
EL8NCJUPY,とりさん,NRK4MV1C1,茅バール,647,2,5118,770250,9,7,8,7,5,8,7,9,60
8TUH0KMMA,中川原 菜々,FNMV166UY,蓮ノ空喫茶部,1306,7,5119,769750,10,10,10,10,10,10,10,10,80
X777VD1EQ,まいん,06DCWC1RE,とりあえず参戦用,1500,12,5119,769750,5,6,3,2,9,10,10,10,55
JC18R59JE,♨️,9WPD78N1A,蓮ノ監獄,531,0,5119,769750,4,3,10,3,1,1,1,1,24
WXT7LUNCD,シンシン,HKETDDCK6,ぼっちざ蓮!!,952,9,5122,769500,6,4,9,8,7,7,4,7,52
YJ6D6A76V,アサやん,UN4AHCLTX,蓮ノ初心者,1064,2,5123,769250,7,8,8,9,6,10,8,10,66
76FXXC1TA,星屑,4WWM4VVDK,蓮ノ空遊戯開発部,516,0,5124,769000,4,7,5,8,6,9,7,6,52
72K862Y7M,ザ・松田,V6DV6KETG,梢好き好きクラブ,1501,17,5125,768750,10,10,10,10,10,10,10,10,80
1D85LXNSN,きんぴら,KA652DGYV,ゆるリンクラ,1396,7,5125,768750,4,8,8,8,4,8,4,9,53
6O0VDC9AU,三毛猫,NT82L1V35,好き好きクラブ,1026,8,5127,768500,7,4,4,5,7,9,10,8,54
F3Y0LENBG,コトブキ,BW79WAK8Y,片道450㌔,912,10,5128,768250,10,10,10,10,7,8,6,9,70
PYN5V5NU9,りふ,79C17CHA2,蓮ノ空出張部,1327,4,5129,768000,10,5,5,10,7,5,7,9,58
QNELZ88MQ,だい,2L8R7GAV6,大賀美組,926,5,5129,768000,9,8,10,9,8,7,10,10,71
3UDP4V35N,花目,43HRXMXWA,無言OKクラブ,803,0,5131,767750,10,8,4,10,5,10,7,10,64
425YU14YT,RZWD,AR9HR528A,いろいろ実況,814,2,5132,767500,8,2,1,4,6,7,4,5,37
54A925M93,おぼろクマ,8EX9KUG3E,コズエとツヅリ,1116,13,5132,767500,7,7,7,9,7,8,7,8,60
RM8XVIS1J,ローレンス,D7H8MN2U4,LLD,1504,18,5134,767250,10,10,10,10,10,10,10,10,80
MM3BJWEWH,D5,3BE2RELRC,見晴台,538,0,5134,767250,8,5,6,7,6,9,5,10,56
DKNB3NE74,ユーリ,G0WRCNRWK,県立沢庵図書館,1134,3,5136,767000,8,6,6,9,5,8,5,8,55
4QLYMF6KG,しろ,5NPVVUGH7,蓮すきすきクラブ,1231,3,5137,766750,6,4,5,7,7,9,5,7,50
9BWD924LQ,ぴの,L1VGJTD5P,蓮ノ空お茶会部,1131,7,5138,766500,6,4,6,10,6,7,10,10,59
6K6W2VV7R,アオィ,LUDNM40F8,ふくふく無言OK,825,0,5139,766250,7,6,8,9,4,7,4,7,52
N3KHOZ0YB,薬さじ,GBEJMUFWT,めぐちゃんズ(仮,838,0,5139,766250,10,8,7,9,5,8,7,9,63
XHUJU2MOP,つよぽん,CY3GGDH7H,㍿キモ・オタク,1290,11,5141,766000,9,7,9,10,9,8,9,9,70
AJAG9GJD4,いんそむにあ,RGD0XWBMK,白黒,494,0,5142,765750,8,7,9,6,9,7,9,9,64
XVYB0A9NW,しゅんぱな,M5LHG6R4T,乙宗動物園,601,0,5143,765500,8,5,10,8,6,6,4,8,55
N90C5Y02D,慶太,1KDUBW4HB,めぐ党0番,944,3,5143,765500,10,10,10,10,10,10,10,10,80
AZ3UWPAZ3,めろ,M7HJCP8WY,留年回避補習室,1283,6,5145,765250,5,2,3,3,1,3,1,4,22
RQIIBW497,にゃんきち,18YYNRFGA,LotusSky,883,4,5146,765000,3,3,1,4,2,1,4,4,22
ME7HP4U4X,まる,G33U9YWT7,ゆるりゆるり,221,0,5146,765000,9,4,5,3,1,9,4,9,44
37U523EBY,ななつぼし,YDYH4VRRP,レンクウ,1012,12,5148,764750,6,5,5,7,4,7,5,9,48
9YYPCZOER,まい,7P4CAER9X,まったり倶楽部！,1069,4,5149,764500,8,4,5,9,5,8,8,8,55
B9J6EC4L5,羽結（hayu）,WCL6R1ANU,無所属の会,514,2,5150,764250,8,5,7,10,5,6,4,6,51
4NAW8VPMJ,かきつばた,1F5EPPMLD,UR貰えればいい,837,0,5151,764000,4,4,10,6,7,5,7,10,53
KHEFDKZK6,トール,3UV13EUUA,こずこずしてきた,1166,0,5152,763750,9,7,9,7,7,9,8,10,66
HDKBTYH2C,ポポノタン,V4A5MP41E,徒町チャレンジ！,1366,12,5152,763750,10,10,10,10,10,10,10,10,80
3KFRXLD01,もみヒゲ,0U8P451HT,ウィッシュボーン,1021,1,5154,763500,8,7,7,10,7,8,6,9,62
XEL1BGLXF,ケン,3DDPBCE5J,蓮の空 応援,764,0,5155,763250,8,6,10,8,7,10,6,1,56
2H4PNWEF8,にわか,LJNCAEVAP,蓮ノ空さやか研,434,0,5156,763000,10,6,9,8,6,4,4,7,54
P7KNMJMAS,西園悠,C2XLWUTL1,夕霧綴理親衛隊,1159,6,5156,763000,5,4,4,9,5,8,7,8,50
413EV1YU8,redsonic,MJX5YVH56,日豊本線ソロの会,1215,5,5158,762750,7,7,8,9,7,9,7,8,62
9FMHBFB5B,さぶろう,07WJ3V6EC,ハスノコ,1059,0,5158,762750,7,5,7,7,5,7,8,8,54
VMTS35YA0,zw_ei,8VGXWTV3U,R.opRizm,1113,2,5160,762500,4,5,4,6,4,2,7,7,39
8TTC65L8Y,あくひか,T045NDKW0,♬さやか愛好会♬,1191,15,5161,762250,4,7,1,8,4,9,8,8,49
C4M8XDCV1,yamato,C68491XHB,みらくらぽーく！,1048,13,5162,762000,7,7,7,9,7,9,7,10,63
5JMG7L41X,ルイス,U57VPUTEE,ゆったりクラブ,461,0,5162,762000,7,7,7,6,6,7,5,7,52
AGE515J84,まるげり,E6WR9G75P,安養寺姫芽推し会,559,2,5164,761750,4,3,2,4,1,10,4,1,29
3FTJ7FVLF,UglyBill,A3472CNJE,ハントン✿ライス,531,4,5165,761500,8,8,7,7,1,8,1,8,48
J4NZI8Y0P,Ｌｕｃｋｙ。Ｊ,PXPPLWXF0,ラッキーＫ,1057,3,5166,761250,5,6,5,2,4,7,5,5,39
RJP8N7DBT,だる,P2J37FNLG,乙宗先生指導会,748,3,5167,761000,7,8,10,8,4,9,7,8,61
POCOZSQEA,ういのん,0CBM28JP6,ほうき星,1358,6,5168,760750,9,6,5,8,4,9,1,10,52
0AF6NRVW0,ソラミ,2JVBK752G,卍愛蓮説卍,1096,8,5169,760500,10,7,6,6,5,8,5,10,57
B0UK7GAPN,こさかい,8MLVA67AK,聖ミリオン女学園,1210,18,5169,760500,10,10,10,10,6,10,5,10,71
PU3AMW43V,ぬにゅぽろん。,UCWKRB3WR,菅沼千紗が大好き,972,2,5171,760250,5,6,6,7,4,7,8,7,50
8YY2TCCWD,ASHermes,0JY7F3EKU,さやか愛でる会,951,2,5171,760250,8,7,8,8,6,6,8,10,61
MU8H960IW,全裸の変質者,AND13836G,乙宗梢親衛隊,1162,4,5173,760000,9,6,8,7,6,8,5,8,57
YQDYK34ZR,QhooLwo,BDD8R1HDD,蓮の花を見る会,1095,2,5174,759750,4,3,5,5,1,2,4,2,26
PDPJUGHGY,cloud,AGJ215YND,蓮の空中國分校,671,4,5175,759500,3,2,5,5,4,6,1,5,31
8EPD5SIG7,シャロ,A3472CNJE,ハントン✿ライス,1077,14,5176,759250,1,8,1,10,9,8,1,10,48
MLRV7JPR6,ray,1D7T2UXC2,無言でのんびり,888,2,5177,759000,4,6,5,8,5,8,5,8,49
KY1VX4AQD,sakura,J5CJ60JTY,Jサポx蓮ノ空,1038,0,5178,758750,4,6,7,8,7,9,8,9,58
LT7NY0DLR,ひぃす,BKUHCT7WF,蓮女お嬢様部,1339,15,5178,758750,8,8,9,9,9,10,10,10,73
WVPC97YAQ,いちご,08NLGTWVL,みかんじゅーす,553,0,5180,758500,7,6,5,10,7,8,5,7,55
0GP46HVXG,はちれい,5V9TDD4NF,みんはや蓮ノ空部,953,2,5181,758250,1,2,1,4,1,1,6,3,19
C17SPWB91,あき,LY0XPW7NL,同棲概念強火派,1185,10,5182,758000,6,6,8,7,5,8,6,7,53
AUWXJJM5A,はまち,L28X4MDJN,アフター観たいぞ,622,2,5182,758000,8,10,4,6,6,2,2,9,47
TLYYVVP7E,あおと,D1YHB0B1A,BWO,1000,4,5182,758000,4,5,3,8,7,9,5,8,49
PD3M8NLPR,umiusi,FE282F3VH,天悶部,1049,4,5185,757750,7,6,7,8,6,7,8,9,58
GJ5YNVUP9,Sucre,DC8VP5MAB,蓮ノ妹子,271,0,5186,757500,7,3,2,7,5,2,8,7,41
K7R75FH0C,365 Days,8A3NB6C6E,城,1075,1,5187,757250,5,7,7,7,7,8,8,10,59
HCL0M4FD2,マールト,17AEM7PUN,SIFcord,758,4,5188,757000,6,3,1,9,1,1,7,9,37
2952UQ44Y,shinobix,1047JNAJC,月火水木筋トレ日,1461,17,5188,757000,10,10,10,10,10,10,10,10,80
LGNDA989B,さく,53M4V2BVG,吟子の髪飾り,381,0,5190,756750,7,6,5,8,5,7,4,5,47
936LNGCY6,山法師,FMKP92LRL,目が霞む人達,700,0,5191,756500,4,4,8,4,5,9,6,5,45
734GWPL3B,ねぴあ,L6MF2MPBN,みらくらぱーく党,828,7,5192,756250,2,10,4,8,7,6,6,7,50
IC1V0D9ZZ,じーく,EPWMMAXNY,蓮ちゃん初心者,1175,8,5192,756250,7,8,7,10,5,9,8,7,61
GAY2YJVV6,高原　純,9C0KWR782,まったリンクラ,1068,17,5194,756000,10,10,10,10,10,10,10,10,80
ZOGVLWTNX,トエラ,WLBYGHXPD,大天使村野さやか,1100,4,5195,755750,9,10,6,9,5,8,7,10,64
Y8FIQLCTA,T_GinA,9FF5JBNDF,めぐすきクラブ,1327,7,5196,755500,4,6,9,9,7,8,10,10,63
YMJG9H7PA,湯屋,TX92H9GBV,アフターが見たい,952,1,5197,755250,7,4,4,4,5,7,4,4,39
P5PGW5TFD,真城優,VA6X5YNNF,スリーズ分家,883,2,5198,755000,1,2,1,2,2,1,4,8,21
T43ALHACA,たか大,ULUELCJ7T,なるようになる？,594,0,5199,754750,5,4,6,6,4,7,5,7,44
X1B3DAUHA,kuro,YVV9CMBLW,東京公演で沼落ち,503,2,5200,754500,5,2,3,4,1,3,1,1,20
27YRFCT3U,らいさい,XTMGPY62U,スクステ初心者,663,4,5201,754250,4,4,2,10,1,6,2,4,33
TMK02L6FT,天空のいずみん,T045NDKW0,♬さやか愛好会♬,1070,2,5202,754000,7,7,4,8,5,7,4,7,49
ED7PEYHMF,ハヤミドリ,YMKU30246,参加賞がほしい,446,0,5203,753750,8,6,6,7,4,7,5,9,52
E1ECVJ7T1,にゃんこ先生,74HPWML1R,VALORANT,450,0,5203,753750,5,5,7,10,8,5,8,8,56
TFOX3NFY4,ぱんみけ,MG1G6F487,蓮ノ空無微課金部,918,2,5205,753500,2,5,6,4,5,7,1,9,39
8W9G3KRK6,ぐでたま,CWPWP1266,さすさや,1177,8,5206,753250,6,9,6,8,5,5,5,7,51
5X73VOAM3,幸水梨,JVX27DWXH,和梨好き倶楽部,1203,11,5206,753250,4,4,7,9,6,7,8,9,54
VN9KRMVV3,@,9BLGT7REN,LLSP,559,0,5208,753000,9,4,6,10,8,5,4,10,56
NH5L8MJ7E,たけし,NP62BXJA6,棄民の王,955,2,5209,752750,8,4,7,8,7,8,7,9,58
AXWFJ4DYP,きしめん,HMBW9DXY2,蓮好き皆あつまれ,804,0,5210,752250,9,9,10,9,10,9,10,10,76
32TPUTDWM,いそじん,0B8RTHY4D,のんびり屋さん,1204,18,5211,752000,9,10,9,9,9,9,10,10,75
CP343090G,Arisera,88DJ300PJ,めぐ党 • 永遠,1374,17,5211,752000,8,7,8,10,6,9,9,8,65
2U2BNX6NE,ヒイロ,K7LC46V5M,Link！ラ部,390,0,5213,751750,8,7,8,6,4,1,5,5,44
GHGRRXML7,ほのか,DFFYFJ2B6,つづさや好き過ぎ,1194,5,5214,751250,8,7,7,9,6,9,8,8,62
LUFG2MJMV,ペルシア,9U8KNU6U9,対抗戦用,941,6,5214,751250,10,7,10,10,4,8,7,9,65
3284X7ULH,おせろ,3RH5MYBXV,こずめぐ党,446,0,5216,751000,9,6,3,5,1,4,1,4,33
8PEZ516H8,はなよのおにぎり,W3UUXHMDV,水彩ブーケ,1076,1,5217,750750,5,7,6,7,5,9,8,9,56
TMBPU7FJU,ナギ,PF9Y722AR,うぐぇ,1173,6,5217,750750,2,2,6,2,1,1,3,1,18
N19LG1Y32,羊,NJBBTCY3A,かにかに！,766,2,5219,750500,7,4,1,8,3,7,1,10,41
63RL60GBD,ごつえ,HWJ8XPW0T,箱推しなのだけど,723,2,5219,750500,5,8,7,7,5,1,2,9,44
WB211KYAL,クッスー,BPHHYC793,ソロ専の集い,1145,6,5221,750250,7,9,8,10,6,7,7,7,61
CPH029KF1,ろくろ,26CAPRWLJ,大倉庫救助隊,671,0,5222,750000,5,4,5,6,4,5,4,5,38
6VHHP5LJK,じょる,WPG6BCG83,基本無言,1223,2,5223,749750,7,7,10,10,4,10,8,9,65
6Z77SUALU,HSC,CV62FGL1U,花咲かせ隊,1202,11,5224,749500,8,6,8,10,7,10,6,8,63
1YG4CJYLL,よっぴー,A3472CNJE,ハントン✿ライス,1225,2,5224,749500,9,4,6,8,7,9,8,7,58
7BX6U2QTN,サムカワ,VR8J8A3CG,なし,1301,17,5226,749250,9,7,8,9,8,8,8,9,66
AG9UGHCDJ,黒麦茶,EA7H8Y91R,てきとー,1165,11,5227,749000,6,6,6,7,4,8,5,8,50
FC0492KR0,mirala,787P66W7E,m,801,0,5228,748750,6,5,7,7,5,7,5,6,48
558LK024P,きみ,9UKKACGDU,蓮っ子CLUB,1086,1,5229,748500,7,6,6,8,5,8,5,7,52
AL4F17ILT,さくらんぼ,7R8NKPAB1,花帆推し倶楽部,969,6,5229,748500,10,5,3,5,6,9,3,10,51
4F5LGLIZD,るろ,WHWT61ELR,【無言】ハスノソ,1158,9,5231,748250,7,6,5,7,6,8,5,7,51
5WV29SIX9,ノエル,AND13836G,乙宗梢親衛隊,1278,1,5232,748000,4,7,6,3,2,4,7,8,41
U7CH390EV,さば,8VGXWTV3U,R.opRizm,653,3,5233,747750,10,8,10,2,5,2,5,7,49
81ENCW5SQ,くま,J8HXTJ8TB,流し素麺同好会,1315,3,5233,747750,10,7,10,10,10,10,10,10,77
6FUPM12B3,かどあ,X7C21B7H7,泥,1213,13,5235,747500,7,7,6,6,5,4,5,6,46
XHTF8HCNB,みりん,E515TRU1G,起きろ夕霧綴理,1090,14,5236,747250,7,4,4,8,5,8,4,7,47
BYCYXJX0X,バネ,DLF2YK8WN,サクサクサーカス,591,0,5237,747000,7,7,7,7,4,7,5,7,51
7WMTHLK7W,とっぴ,BDD8R1HDD,蓮の花を見る会,806,2,5238,746750,7,7,3,4,6,6,6,10,49
R4P6HX1F2,はやた,KFC62L0FV,ねるねる同好会,1145,4,5239,746500,9,6,6,6,5,9,7,9,57
J45KKSJ6F,かざはなつばさ,36T6UB6YA,まったり箱推し部,1163,5,5240,746250,5,6,5,10,4,9,7,7,53
G39JB078E,エンユウ,7UAN6RT0D,さや弁食べたい,1040,12,5241,746000,5,6,7,8,5,8,5,8,52
KV8OEFAVO,ほののん,BT22M41DV,梢花帆吟子同好会,1090,14,5241,746000,8,5,9,10,7,8,6,8,61
AVC9ZJTIR,ルイン,K8C99H42D,ルリと喜ド！愛楽,1149,6,5243,745750,4,7,6,8,4,7,7,7,50
GS6RFSHBG,摩戸急行,4FXPC55PY,PPIHクラブ,1101,8,5244,745500,6,5,6,10,6,9,7,7,56
BMT6YG5YF,浜松のあっきー,85D411XNB,蓮っ子の集い,1093,14,5245,745250,10,10,10,10,10,10,10,10,80
LNP5811EV,ヌオー,BW38LDPRF,蓮浦の星空,1208,1,5245,745250,7,7,7,8,7,8,10,10,64
GPF5WR323,DREAM,88DJ300PJ,めぐ党 • 永遠,1013,0,5247,745000,7,7,7,4,5,8,7,8,53
Y0RXEU4DQ,ぴろ助,B2KV0EVPD,蓮ちゅきクラブ,1212,1,5248,744750,8,7,7,10,7,8,8,8,63
ADT3AMTG5,にっし,B2KV0EVPD,蓮ちゅきクラブ,1212,15,5249,744500,10,2,4,6,7,1,1,5,36
AP63X775K,バイラス,LP3LP6FF9,よろよろドンドン,906,8,5250,744000,1,9,6,10,5,7,3,8,49
0GXQM5EPZ,南紀,XEENRBXCG,蓮ノ空休日クラブ,955,0,5251,743750,5,4,7,4,5,7,4,7,43
G9DLRC54M,rh,0CEA9XFKR,蓮ノ空の泥人会,1138,3,5251,743750,5,6,5,4,4,7,5,5,41
GTXA22UNF,しんまい,JX0BXWNWH,新米蓮好き好きC,663,2,5253,743500,6,5,7,7,6,10,4,6,51
2LNFWVW61,どんちき田中,407VAU0TT,ログボ勢の集い,840,1,5254,743250,10,8,10,7,7,10,7,8,67
NG3TAKLD3,Thistle,A86FEX2JC,おやさいさん,367,0,5255,743000,10,9,4,7,5,10,1,5,51
G0HVS11TU,カツラギ,3FUP0PJ11,自由ノ空,1050,2,5256,742750,8,4,5,7,6,7,5,7,49
OLPMCDCFH,しゃおくう,1F5EPPMLD,UR貰えればいい,1345,9,5256,742750,7,7,7,9,7,8,8,9,62
753UPGM3Q,ほゆ,TRJXTU4K5,ふあああ,1101,6,5258,742500,7,7,8,8,4,8,6,9,57
R8GYUW1YV,アルマータ,UVK38MFR2,蓮の虚無サー,736,0,5259,742250,7,7,10,10,7,10,8,6,65
C0PDCB1U4,トマトマ,HH93ADAW3,無言自由。,1157,3,5260,742000,9,7,7,8,5,7,8,8,59
LF922UWW9,歩輪いと,WFPA7YJE1,蓮ノ空文芸部,1127,6,5260,742000,8,7,8,8,8,8,8,10,65
KHYB2UVRN,こいあじ,PRY4573W6,報酬用,1080,3,5262,741750,9,6,7,9,6,10,8,10,65
45JLTCV7K,MJ,6FWRD1K40,いちじょ海賊団,1085,13,5263,741500,4,5,8,8,8,8,1,8,50
H04KAEDYR,獅子の字,93B3T7BFR,GJ部,396,0,5264,741250,5,7,5,10,1,5,7,3,43
33DYVE4B6,サンシエル,4FN0KWB4G,無言参加大歓迎！,441,0,5264,741250,7,5,9,7,1,2,6,1,38
MF1EMOWIC,桃羽ひめる,9UKKACGDU,蓮っ子CLUB,1059,1,5266,741000,9,4,9,9,5,8,5,9,58
CMD2CYYS7,8738217,C0NDBKMRB,すりぃずぶぅ家,1120,12,5267,740750,4,5,4,9,8,9,8,10,57
2D9LO6NAU,ナカユウ,3HDDYR4FU,旅人,583,0,5268,740250,6,6,8,8,7,8,8,8,59
H31KE0QCU,ハバネロ,PPAHU1TNY,蓮ノ空のんびり部,961,2,5268,740250,7,5,4,6,4,7,7,7,47
P0AC0VEKY,ciba,AXFR5G0M4,∞ナイトクイーン,192,0,5270,740000,10,10,7,10,1,4,5,4,51
IEAW5EL4U,Sudo,YL2ELYC4U,さや…好きだよ…,1223,11,5271,739750,7,8,8,7,4,2,8,10,54
DEJRX39JF,nuts.co,RM7N1JDB5,無言推奨不干渉会,1195,12,5272,739500,10,10,10,10,10,10,10,10,80
TUC6D4UKK,azurite,N6LR8C7AE,泥の民,865,2,5272,739500,8,2,8,8,1,5,8,1,41
RMODCZ4E0,はぎもち,ARYW1G3TD,ひめすず見守り,1359,10,5274,739250,9,8,8,9,8,10,7,10,69
F1LYBCFFL,hiromu,TLXWUR6HB,モブモブ団,893,2,5275,739000,7,6,7,9,6,8,5,7,55
GBYY4YMY0,蓮ノ土(つち),CM5THHYHB,「」ノ空だけれど,1237,14,5275,739000,10,6,10,3,10,10,6,10,65
B39LXFAKJ,ゴールドフラワー,X7C21B7H7,泥,1323,15,5277,738750,8,6,8,8,7,9,7,9,62
DW1Y5L3V1,やっすん,M6UPWJ6DU,蓮結ぶ虹と星の音,865,4,5277,738750,7,4,9,10,9,7,7,6,59
7CM3LCYL4,さかな,2VJG66JTH,まったり,977,4,5279,738500,5,6,6,6,8,8,5,7,51
M10T39KTE,さくら,8BAYBXUXC,スリブ大好き♪,539,2,5280,738250,2,2,10,3,2,9,4,10,42
BKTBD2KHM,ななまる,ABU58EVJ2,Quatuor,1033,9,5281,738000,7,7,9,9,7,10,9,10,68
11UU1KWRF,ぬー,KT4C59NXG,めぐ島,1060,2,5282,737750,4,7,6,7,4,8,6,7,49
R63K94QIY,東條,9JTF508LB,スクスタ亡霊部,1204,0,5283,737500,8,8,8,9,7,8,8,9,65
60KWEL8NF,RST,RKT7BC4F6,人形浄瑠璃乃,681,0,5284,737250,7,6,7,8,5,7,5,6,51
WWY6GHPWG,ロシェッグ,E76N52LMW,イベントのみ,930,4,5285,737000,10,10,10,10,9,10,10,10,79
FACXNTRM7,Anemone,7XH3K4GBT,LLP,1012,9,5285,737000,4,2,1,6,7,10,6,7,43
FJKADNEPH,卯月,FNMV166UY,蓮ノ空喫茶部,1101,13,5287,736750,4,5,4,7,7,9,8,10,54
8483070HL,kout,TYWNJU3WV,自由,452,2,5288,736500,3,8,2,3,7,2,3,1,29
P6KHWM4MG,よっしー,KC1W74B9B,蓮六園,1022,2,5288,736500,8,7,6,9,7,8,7,9,61
P070CLQMI,ゆう,DFXN9DB2H,どんぐり共和国,1244,15,5290,736250,9,8,8,9,6,7,7,8,62
GKYU09AD1,梢,DKNHY5HH6,なす料理研究会,513,2,5290,736250,3,5,4,4,2,2,5,6,31
U8J56IRN4,かけけけ,GK7JNB0NW,参加賞取り隊,1104,14,5292,736000,9,9,9,10,7,9,7,9,69
9T81DN43A,特空機1号,M206VENTF,蓮紺の会,984,0,5293,735750,5,7,7,9,5,9,8,9,59
AHP5IH1KR,ほみ,3A63DYH54,LLすこすこ部,1177,13,5294,735500,7,6,7,10,5,5,4,7,51
1N33FCWYN,ロール,LJ7TT1VU9,sum,595,0,5295,735250,8,5,7,10,6,9,7,7,59
F7OATNWQO,ハイヤード｢｣,CM5THHYHB,「」ノ空だけれど,1165,4,5296,735000,8,7,6,9,7,9,7,8,61
BHD0B1K5M,みほ,2VJG66JTH,まったり,922,10,5297,734750,5,6,9,10,6,5,4,8,53
QKB6JFPJ4,ふぁふま,WX1DYC9Y1,ラナンキュラス,1513,10,5298,734500,9,8,8,6,5,6,8,9,59
XB3E6RK72,ぶっとー,XTMGPY62U,スクステ初心者,426,0,5298,734500,3,2,4,3,1,1,1,2,17
IOMJ6J49H,天城のるあ,9DKR4Y2CJ,蓮ノ空老人会,1316,15,5300,734250,8,7,8,10,7,8,7,8,63
XDCIT9E2H,マーチン,36DAM7HBL,蓮隠れノ里,1306,13,5300,734250,10,10,10,10,10,10,10,10,80
DC334B2G7,SK,LFB48H6MU,超初心者の会,1326,11,5302,734000,8,7,10,10,7,9,9,10,70
VR79A5RK0,Akari,V6DKUH6JT,報酬だけほしい,363,0,5303,733750,2,10,4,5,5,8,4,3,41
XJD539JBT,裾漏らし,MG3X118W7,大室家,956,6,5304,733500,8,6,8,5,4,7,5,8,51
WA7H2R5WM,てめしろ,WNMCNJ62M,チームまったり,541,1,5304,733500,3,2,10,9,1,6,6,5,42
D6YWKK120,しのぶ,T4WY63DB9,ういのま,902,3,5306,733250,2,1,2,2,2,5,3,3,20
NT7EO6Z8B,高峰　椿,N8L41JAA7,無言 ノルマなし,1204,5,5307,733000,8,7,8,9,7,8,7,8,62
L3BPYYD4A,スミグ,WCL6R1ANU,無所属の会,687,2,5308,732750,7,2,6,5,1,7,4,4,36
JOBIHM8E1,ベーゼ,MG1P2NUY1,個人用,1045,11,5309,732500,6,6,7,7,7,8,6,7,54
P9BR11GA7,天地無用,0NLHKATWL,生きてるだけ偉い,577,2,5310,732250,6,4,7,7,5,7,8,9,53
3A05F5V7E,Kai,DFFYFJ2B6,つづさや好き過ぎ,767,4,5311,732000,5,5,10,5,4,8,1,8,46
MNCUYJLGB,ちばげる,FE282F3VH,天悶部,1198,12,5311,732000,9,9,10,10,10,9,9,10,76
W5NFE9GVE,メジェド,W9V6VTXAN,梢先輩の歌声好き,593,4,5311,732000,10,10,10,10,10,10,10,10,80
AXFUWCCBV,だんご,KFC62L0FV,ねるねる同好会,1183,18,5314,731750,10,10,10,10,10,10,10,10,80
RBLR54GKN,信,EDBAMWXWB,ふごくらぱーく！,812,7,5315,731500,7,10,10,4,5,10,1,6,53
ZJJOQN6CA,まきけぽん,1U4JN5CXB,LLユーカー部!,999,0,5316,731000,5,7,5,8,7,8,5,8,53
VA58TGLF5,しょうぱな,W3YKKRWHG,ルリと愉快な一家,1340,18,5316,731000,3,4,7,3,4,7,2,4,34
B2V4NEELW,ニジソラ,4BU2PJLC1,Sky,1002,4,5318,730750,1,2,9,8,5,1,1,8,35
JP23RCGLY,クロ,26JDLMBLN,徒町は強く生きる,1106,13,5319,730500,10,10,7,10,9,10,6,10,72
QTPNBVKC0,ARAREZ,X0TFG829Y,ボクのおうち,672,3,5320,730250,6,9,10,7,5,10,8,7,62
JUX4C8WWB,まるぐ,BEMED3RY1,無言無課金ok,1178,1,5321,730000,7,6,7,10,4,4,7,8,53
RGT5PH9MW,みんみん,9FF5JBNDF,めぐすきクラブ,1327,15,5322,729750,7,2,2,5,7,4,7,8,42
S0VW6UW73,ウルトラ,J1DUU3T0H,慈愛倶楽部,1261,4,5323,729500,7,7,6,9,7,8,8,10,62
FAMNH603L,abandon,18YYNRFGA,LotusSky,987,5,5323,729500,7,6,5,4,8,10,3,10,53
3PNXP1KG2,フィトン,HMBW9DXY2,蓮好き皆あつまれ,991,4,5323,729500,6,6,8,9,6,8,6,9,58
S19S91VG6,くろいだ,1D7T2UXC2,無言でのんびり,890,1,5326,729250,10,2,8,8,1,10,1,7,47
J588FB7VN,マリマリ,0B8RTHY4D,のんびり屋さん,823,0,5327,729000,7,4,5,8,5,4,5,8,46
7J7M80XTB,のり,TK9E1BB1P,無言で自由,969,2,5328,728750,3,3,8,9,7,8,9,10,57
B5QOXVUG4,あい,9U0VB1H5P,あっとほーむ,1047,8,5329,728500,8,7,6,9,7,9,8,8,62
V7U03DJJ9,konta,PPAHU1TNY,蓮ノ空のんびり部,1209,8,5330,728250,8,8,8,8,7,8,10,9,66
GVVKM63R7,海未色のライバー,T045NDKW0,♬さやか愛好会♬,895,2,5331,728000,8,9,8,8,7,8,7,7,62
F3BL6H013,な,GGCKK69C9,リ　ン　ク　ラ,453,0,5332,727750,10,8,7,10,7,7,6,4,59
G6K6T1WV0,保線後,25PMPEMG7,星見プロ,1428,18,5332,727750,10,10,10,10,10,10,10,10,80
D9GJ4F9JT,.,6BFC4G5YG,蓮ノ空足湯同好会,1034,14,5334,727500,2,2,4,10,7,10,1,9,45
RG7MB8BAD,ショコラ,3EJX5WB1A,金沢綴理門,1210,6,5335,727250,7,6,6,7,7,8,8,10,59
Y08K0DWL7,迷子の領分,GNECRHV59,夏の空色,1506,12,5335,727250,8,4,7,10,8,10,6,8,61
8HA18T0XK,AiRA,AXG81GPMP,蓮ノ空マタギ部,814,2,5337,727000,2,8,8,8,1,7,7,9,50
70A76X1UD,なまこぱすた,J7N4W6Y1K,こずミックラブ♡,553,0,5337,727000,5,3,7,8,9,10,7,6,55
QZN0QKPL3,猫犬,KXB93FVTR,ブルームガーデン,1413,18,5339,726750,10,10,10,10,10,8,10,10,78
PBTLDR3XM,ディクスン,T86X24942,はらまき,893,0,5340,726500,2,4,4,3,7,8,5,9,42
13CNSYRBU,ヴェル,TM19BMU7C,ソロプレイヤーズ,1106,6,5341,726250,5,6,6,10,4,9,7,6,53
D85NWAC8A,ぬまし,AXG81GPMP,蓮ノ空マタギ部,1174,7,5342,726000,4,3,3,6,5,7,7,6,41
1Q6UPBSE8,きたくみん,E76N52LMW,イベントのみ,1089,1,5343,725750,6,5,8,9,4,8,5,7,52
2W29JU006,やましょう,XR2P2LDY3,蓮ノ空さいきょー,1036,4,5344,725500,7,6,4,6,6,4,4,1,38
HWYKY1XYY,「塩山犬太郎」,TBX7N9RK5,つよつよなLH,908,0,5345,725250,4,5,6,4,5,9,9,9,51
7IFP75E5J,太陽神ラー,N1JAJ83CA,蓮ノ空園芸部,1232,15,5345,725250,6,7,7,8,5,10,7,10,60
ANQQRFD4G,よっしん！,1DU9LCND7,蓮ノ空すこやか部,1200,2,5347,725000,7,2,8,8,5,7,4,9,50
QKH1LW457,しまう,GWGDMA3YC,初心者無言自由だ,1019,6,5348,724750,8,5,9,8,7,6,5,9,57
4GK3B17G8,今富吉人,N0JXLUDHV,そろ,1092,14,5348,724750,6,6,10,10,7,10,8,10,67
KFUXN8KTK,colo,PDTRRYUGM,石川県民ひろば,981,0,5350,724500,4,2,7,6,4,8,5,8,44
13UK8JHJB,K.きくち,JRFM5DW6T,咲く蓮の花,1209,16,5351,724250,10,10,10,10,10,10,10,10,80
3582AAJ3F,コジコジ,EMAN1DMK8,いつものメンバー,1051,5,5352,723750,4,2,1,7,5,4,7,8,38
KHC84TUCL,Khat,RKT7BC4F6,人形浄瑠璃乃,1166,13,5353,723500,7,7,8,7,5,9,6,7,56
H93FCB9RK,トムワイ,G0J2F9NAL,さやさやさーくる,1123,6,5353,723500,6,5,5,8,5,9,7,9,54
D80J4EGX3,きょうしんじゃ,51CF1LTGY,ラ研連合,1051,11,5355,723250,7,6,7,5,8,8,7,8,56
APNNN1TTL,non,TTDBXERCU,蓮ノ空 全力応援,674,4,5356,723000,4,5,2,7,1,5,1,4,29
X9FK84KPX,甘党マシンガン,B2KV0EVPD,蓮ちゅきクラブ,898,2,5357,722750,7,6,6,9,7,8,5,8,56
C0GDDBP72,ekisia,8BAYBXUXC,スリブ大好き♪,428,0,5357,722750,10,8,10,9,1,5,1,1,45
0F0FYVM8T,汐,9FF5JBNDF,めぐすきクラブ,978,10,5359,722500,4,3,1,3,7,6,5,5,34
3MRAAHWHR,えんぶんぶん,MUXWTW1GV,蓮の空見守り隊,869,4,5359,722500,9,7,8,8,5,7,8,10,62
2XK1D5GE8,ナギト,T4P115XHD,サークル,821,2,5361,722250,5,7,7,9,7,8,5,7,55
79U9F0N2C,頼叶,AG9PKMMC3,ぱかぱか同好会,1214,15,5362,722000,9,9,10,9,8,5,3,6,59
G9QE7D3GD,そえまん,R083H7WRN,サークル無言,1253,7,5363,721750,6,6,6,8,7,9,7,10,59
7VFYGJJJ2,きょーきんちゃん,Y2P9LABR2,スクステ同好会③,1378,5,5364,721500,7,8,7,6,1,4,7,8,48
GVLG9KJVE,たかちゃん,E050K9859,蓮党,974,3,5365,721250,7,6,8,7,5,7,5,7,52
FHC871YN6,はこ,1G89KTD5X,サークルひとり,999,2,5366,721000,6,6,6,8,5,9,8,8,56
N4EPOFLYC,ike,G8F0M2PH2,アフターウォール,1255,9,5367,720750,6,7,7,9,7,8,4,7,55
0WFZ3A007,ごっつ,X7YM9EG8K,伝統の石川地酒,1152,18,5368,720500,10,10,10,10,10,10,10,10,80
VDWR6T91E,ﾘﾄﾏｽ紙,NK05UMLWW,かけ込み寺クラブ,587,0,5369,720250,3,3,9,10,1,10,4,10,50
9AHL0591V,日向,20J70KVVW,初日だけでOK,939,3,5370,720000,5,6,1,8,5,4,1,5,35
9CRNHC72D,葵葵子,NC2YT2V28,蓮之愛同予者何人,1250,14,5370,720000,7,6,8,7,7,7,7,8,57
LQ76IK3ZA,あかつき,0FMCHXMU3,蓮の季節,1289,10,5372,719750,7,7,5,8,7,7,7,8,56
K976F1LHO,TKS3,0JY7F3EKU,さやか愛でる会,1267,6,5373,719500,7,8,8,2,1,7,4,8,45
9C6HGR0YR,llenn,M6UPWJ6DU,蓮結ぶ虹と星の音,1327,18,5374,719250,7,8,10,10,8,10,5,9,67
3VYFWBLKM,ゆっぺ,GN9EEL045,きらくに,774,1,5375,719000,8,2,2,8,1,5,1,5,32
BYGIUGFV8,ぉまま,R09FX9JHJ,くるくるさーくる,474,0,5376,718750,6,3,6,9,2,6,6,7,45
JD7REC13L,ヴィク,0B8RTHY4D,のんびり屋さん,657,1,5377,718500,7,6,6,9,8,8,4,6,54
2G0L5YZ6K,いぶき,KVCHR595K,FLAfを見る会,983,1,5377,718500,4,4,4,5,7,8,7,6,45
PMM4UXEUL,カヤカナ,XVTV7MVCX,雪月花,1002,1,5379,718250,7,6,6,8,5,8,5,7,52
7K0VDAKHY,いとーりき,8FR866PRY,蓮っ子みらくラブ,917,4,5380,718000,6,6,5,7,4,7,5,7,47
VEM7KEV0Y,ここじゃない,XLBU65J86,花の壁飾りクラブ,788,0,5381,717750,7,7,5,8,5,8,6,7,53
0G5LN9DZ8,DDD,7XH3K4GBT,LLP,1476,17,5381,717750,5,9,5,9,4,4,4,8,48
1DRF6U569,たす,9YM3DBTB7,泥民館,1125,7,5381,717750,5,4,6,7,4,4,4,5,39
WVYKUGLWP,ててててー,8NFDBY4L5,浄龍桐生会,844,0,5384,717500,8,6,8,9,6,8,6,8,59
JE55RB57R,じな,YMKU30246,参加賞がほしい,244,0,5385,717250,3,4,6,7,1,8,5,7,41
3LVPPB2RG,絢辻 劉,NA8FEYN0M,蓮ノ空飲酒クラブ,864,3,5386,716750,5,5,10,8,4,9,5,8,54
NJIKFN9TC,彩丸,T2XRMGEAE,蓮根無言会,1295,10,5386,716750,8,10,10,9,9,10,8,10,74
109NVTTG9,ツムジ,WTJV514G9,蓮ノ空のお弁当屋,1251,5,5388,716500,8,8,9,8,7,9,8,9,66
WWMNP9RZY,SASUKE,427WENUC4,心の癒し～蓮ノ空,938,10,5389,716250,1,6,6,7,8,8,1,9,46
9M0TTHCJ8,水無月,865UE9UC6,蓮ノ空うどん部,1120,11,5390,716000,5,6,7,6,8,8,5,8,53
WEL69NWEA,はしげん,D7UA5ER1E,UR報酬欲しい！,1205,5,5390,716000,10,10,9,9,8,10,10,10,76
C4EC77P18,as,BYA3FA0X8,無言ぼっち同好会,1113,4,5392,715750,4,4,5,7,5,7,9,8,49
D22KM3W52,ちま,LJNCAEVAP,蓮ノ空さやか研,508,0,5393,715500,4,3,10,6,1,6,2,4,36
ZECH5BSNV,どんぐり,NA8FEYN0M,蓮ノ空飲酒クラブ,1365,14,5394,715250,10,8,8,10,6,9,7,9,67
F2WYIUOL5,おソラの星,JE7V5MM31,蓮ノ沼に沈んだ泥,1346,10,5394,715250,5,5,6,7,4,9,9,5,50
293VJ2L8K,アーサン,T2XRMGEAE,蓮根無言会,1433,5,5394,715250,10,10,10,10,10,10,10,10,80
GD7V7G9QI,おやかた,TM19BMU7C,ソロプレイヤーズ,1157,4,5397,715000,6,7,8,9,7,7,7,7,58
1ACH4367H,YALAN,RXXUPMWB9,待機室跡地観測所,1195,12,5398,714750,10,9,8,10,9,9,9,10,74
KLM8ADVXO,Digi,7XH3K4GBT,LLP,1209,12,5399,714500,8,7,5,8,7,8,5,7,55
U5W3T74ZX,ラナンキュラス,8JMW9G2XW,僕らのリンクラ！,1100,1,5400,714250,8,4,5,7,1,8,3,8,44
FWYYPT42X,まよちゃ,GYG7B5R36,幼馴染同好会,960,4,5400,714250,6,4,6,7,6,7,7,8,51
NCT6HURO6,りよ,CRYB2FJ64,つくよみくらぶ,1235,7,5402,714000,9,7,6,7,8,9,7,9,62
RHWI46F0Y,温泉からあげ,NFMEGRJ45,社畜無言サークル,947,1,5403,713750,3,6,5,6,1,2,6,4,33
MYR1J6NZX,Таня,UMG1B9C7V,蓮ノ空女学院,1417,18,5404,713500,10,10,10,10,10,10,10,10,80
THLXUC8XM,ChunZura,TXNCTRR1U,瑠璃乃推し隊,848,3,5404,713500,6,6,6,4,5,7,3,1,38
B3G6M1DKE,中須かすみ,2JK7E4115,ラ！推し,1097,4,5406,713250,5,4,4,4,5,6,1,7,36
3WXLCCKMD,花宫初奈的狗,73VTANA71,隨緣努力^▽^,390,2,5407,713000,3,2,5,6,1,6,1,1,25
E3HYFERSO,とののの,WLLWJ8ADP,乙宗筋肉サークル,860,6,5407,713000,3,3,8,10,1,1,4,8,38
D1CPMDAYW,ヨリック,N8L41JAA7,無言 ノルマなし,541,4,5409,712750,10,10,10,7,4,10,4,6,61
KG63ST0AN,フェケテリコ,LUDNM40F8,ふくふく無言OK,1316,6,5410,712500,4,4,4,5,2,5,2,4,30
368AM4V9C,黒牙,CWPWP1266,さすさや,537,2,5411,712250,10,10,10,10,10,10,10,10,80
ZFAD0H801,アームジョー,9YM3DBTB7,泥民館,1396,11,5412,712000,2,1,2,2,4,1,1,1,14
US6H0N3MZ,UR_JO,UVN7G4X3A,闇のルビィ団,1094,6,5413,711750,7,6,7,8,5,7,7,8,55
Y99WE3BA3,Ｇ☆Ｇ,DF7FA982P,蓮ノ空百合部,1432,5,5414,711500,6,6,6,6,6,7,10,10,57
BL6J7SDWI,ハマゲン,DH97ANN9G,ツキマカセ,1050,12,5415,711250,2,2,5,5,8,10,9,10,51
UH09MT54M,日野下花梢,DKNHY5HH6,なす料理研究会,344,2,5416,711000,9,4,2,5,2,4,1,4,31
BL0UBIGDQ,かずひと,9UKKACGDU,蓮っ子CLUB,1261,10,5416,711000,9,7,9,7,8,8,8,9,65
KEBFXANCN,kagayaki,9E910GGD2,蓮ノ空給湯室,942,2,5418,710750,6,6,5,9,6,7,5,7,51
4C9GAYEX8,さな,J0PT5EX42,スクスタモ部,399,2,5419,710500,4,4,1,7,1,1,1,1,20
GLU92CVU1,ムスビ,XR2P2LDY3,蓮ノ空さいきょー,1169,1,5419,710500,5,2,1,9,4,5,4,4,34
MK48BY1YM,monmon,D3GHVP031,ロータス,665,0,5421,710250,5,4,7,5,5,5,5,7,43
213HP4IVX,ナル,UVK38MFR2,蓮の虚無サー,1073,2,5421,710250,6,6,6,10,6,7,6,8,55
RPDYPDXXE,でんぎつね,3HDDYR4FU,旅人,852,0,5423,710000,9,7,8,9,7,9,5,9,63
RCM1KH9T5,zuzu,0B8RTHY4D,のんびり屋さん,676,0,5424,709750,9,7,6,6,6,7,4,7,52
PW8GXEN35,220,7UX6117P2,重曹圖書館,1102,17,5425,709500,2,3,7,5,1,4,4,4,30
23A9ABC8X,学院生,7B8K574NX,GEAR,665,0,5426,709250,8,6,6,8,1,5,7,4,45
LJJUWWY0M,りょー。,JK18AK75H,みらくら実験室,1041,3,5426,709250,6,4,9,10,5,9,5,7,55
4UA64NN89,トーコウ,RM7N1JDB5,無言推奨不干渉会,1262,18,5428,709000,10,9,10,10,10,10,10,10,79
ZQD5HV9TF,ふじしまべあ,R5N8GFAVX,#蓮ノ空相撲部,1121,11,5429,708750,5,6,7,3,4,8,5,7,45
11TDWYT6I,ししちゃん,2U4GLJXLJ,泥の中の養分,1128,13,5430,708500,8,3,9,7,5,9,5,5,51
GB8NWP676,CRハーモニー,TBL5BPL2T,蓮ノ空と明日の空,1051,9,5430,708500,7,5,9,8,6,7,9,9,60
FM5Y3XUD7,あかね,V3FAH8CM4,初心者の会,605,0,5432,708250,4,8,9,4,4,8,3,4,44
J29JRJDK6,きょうそ,3LM0DRLRJ,〼研スクステ部,744,4,5432,708250,4,2,5,7,2,7,3,6,36
6HG2GFLBK,ちぃ,G8F0M2PH2,アフターウォール,900,0,5434,708000,4,1,7,2,4,5,7,8,38
G3M4FWD27,ふぁる,V26546K3D,乙宗気合筋肉,1113,6,5435,707750,7,2,1,7,7,1,1,7,33
C0X2WGRAK,暁Akatsuk,K4TAHF9YA,はすっこ準備室,1022,3,5436,707500,6,4,4,2,1,8,1,5,31
3U8916AZU,おひる,G8F0M2PH2,アフターウォール,1073,15,5437,707000,5,7,6,4,3,10,10,6,51
UXA7LL5TI,YMI,06DCWC1RE,とりあえず参戦用,1368,15,5438,706750,9,10,10,7,9,10,6,8,69
KMNJY7G0N,ヨハネ,AL5YV097L,個人,517,0,5438,706750,10,6,5,6,1,9,5,3,45
JV73YFW1J,やなけん,06A0GBYLL,ロータスNHK,1542,3,5440,706500,10,8,8,10,9,9,9,10,73
P90NT4DM3,かんだた,1EL57CDR0,なんもわからん,1098,0,5441,706250,8,3,9,8,5,9,7,8,57
I3FJ68BI6,_(:3 ｣∠),PPAHU1TNY,蓮ノ空のんびり部,1251,8,5442,706000,8,7,8,9,7,8,5,9,61
LLH9VNB3R,リエル,Y7KJ3PM8P,蓮すきすき同好会,1275,18,5442,706000,6,8,7,7,4,9,10,10,61
EX2CRSMUS,まないた,VU0UYYA8K,蓮ノ空日野下厩舎,1098,0,5444,705750,7,6,6,6,4,7,4,7,47
PGEVXGYE1,鳴神,GBTRU6RV0,まったり,998,9,5444,705750,7,7,6,8,5,7,7,8,55
A9F8O9BV1,みあとる,9RYR14H9L,ソロマターリ,941,0,5446,705500,6,6,6,8,5,7,4,8,50
EDEH80T27,虚無田,K69M1X95F,アイリス,866,0,5447,705250,7,6,7,9,5,8,5,7,54
L5DTVDFV4,しろ,95031TR10,ひめぎん文化会館,559,0,5447,705250,8,7,8,10,4,8,1,7,53
GIOBOAD3T,柴漬け,RXXUPMWB9,待機室跡地観測所,1091,14,5449,705000,6,6,6,7,7,10,6,9,57
AKPVVEEBF,ゆゆきち,W3YKKRWHG,ルリと愉快な一家,1153,8,5450,704500,8,10,8,10,8,10,8,10,72
UFWTCRMVE,ri,R1RM3X0WV,後方腕組みオタク,1297,13,5451,704250,10,10,10,10,9,9,9,9,76
UC3TQZQOH,Wumbo,60KU468X3,はっすーず,818,1,5451,704250,7,7,8,6,6,5,5,7,51
R9ARJEJDH,あちょ,573J1JVVK,かほかほ,1183,1,5453,704000,10,7,6,8,10,5,5,8,59
3J1AEUH38,うおまさ,MAV0MJJUA,アイラブルー,514,0,5454,703750,4,8,1,8,1,1,3,8,34
OA1BJAVYF,リピアー,7DRAN8UAK,光の星,1103,3,5455,703500,4,6,5,7,6,7,8,7,50
HHNCPS5M0,ナム,V5WNV1A43,異次元ビリーバー,693,0,5455,703500,10,2,7,8,1,4,5,5,42
UXWC13T3C,のえる,YXKR0GGM4,蓮ノ空好き好き,1063,12,5455,703500,2,2,8,9,4,9,10,7,51
ENKMRR9QR,ひげまる,CYJAC1CK2,チームK,954,11,5458,703250,6,4,5,8,4,10,6,8,51
XHJV08S4U,アーク,59AK7LJ7A,とりあえず,1002,0,5459,703000,6,4,4,6,5,8,8,7,48
XMCLMY95W,コノハ,GN1798YEX,ド!ド!同好会,924,7,5460,702750,2,8,9,8,4,4,3,1,39
1V5W0LJ7D,☆かなんまる☆,9JTF508LB,スクスタ亡霊部,559,0,5461,702500,3,2,4,5,1,4,5,4,28
RXGDL7HA2,くらけい,GMEF2K8DL,花咲く泥も好き²,1452,18,5461,702500,4,3,7,7,5,3,1,9,39
YXRN480U8,玲也,W8URH0E57,にいなさら,817,0,5463,702250,8,6,1,5,2,1,5,6,34
FM7U6PWXN,k329/シュウ,KULVP7FDR,アニマル分室,995,6,5464,702000,5,4,4,7,4,5,4,6,39
NXMO2GM4E,未央,F08AHUJJ0,綴理のお世話係,1208,10,5465,701750,8,8,8,9,7,10,9,9,68
MDUHJW2BE,虎木つばくろ,424NLTEE8,無言な異次元部屋,1028,2,5466,701500,7,6,7,8,5,9,8,8,58
PHN58J2XT,オミ,5L9GNT78V,叶え！私達の◯◯,879,0,5467,701250,7,4,5,8,5,7,2,8,46
XEL829C1D,リヴァプール,UHF5Y8PEF,さやちゃん倶楽部,466,0,5468,701000,6,4,4,6,4,5,4,5,38
4RHPYKEV8,すみ,43HRXMXWA,無言OKクラブ,853,0,5468,701000,4,4,4,6,5,4,5,5,37
KB08WTKT7,J,PLBBEX019,待機室目指し隊,995,3,5468,701000,10,10,10,9,10,10,10,10,79
LX89GL5HN,太郎,G3EKBADTC,リンクライ部,1170,1,5471,700750,8,7,8,7,5,8,8,9,60
Y5G34JJD6,結城/YT,RNJ306W6N,日曜日よりの使者,535,0,5472,700500,2,2,1,2,1,2,4,2,16
81NN9FK89,蓮ノスカイ,1CH3NK9UJ,未来ガジェット部,883,2,5473,700250,6,6,10,9,8,7,8,8,62
8V49H6XKN,ツッチー,KNRD3YG7N,ケ・セラ・セラ,1250,9,5474,700000,10,4,8,7,7,10,7,10,63
MP7BPMJWR,まめ,K43LAHPNM,蓮ノ空和装同好会,446,2,5475,699750,5,6,4,10,3,3,3,10,44
4APA2VDGH,みのりん,3BE2RELRC,見晴台,1297,13,5476,699500,7,3,7,7,4,9,7,7,51
2396341N6,ラブ,6YTAMD33M,リリエンフェル党,408,0,5477,699250,9,5,4,6,4,4,1,4,37
E04ABF4HH,じーえむ,YLJ2PP4X4,全日本謝罪同好会,1027,5,5478,699000,4,2,2,3,5,4,4,9,33
Z4QLPXYDP,Enzal,BELCUYCMH,蓮hkg香港分部,954,14,5479,698750,2,2,4,10,4,3,4,5,34
X1NQ95GZ8,トモロ,PB5NM9HRA,歌蓮ティールーム,1182,1,5479,698750,8,6,8,7,7,9,7,9,61
JT1ETU3HK,とりま,5WUDLMWEP,蓮ノ空は明日ノ空,878,2,5481,698500,5,2,3,10,4,9,7,8,48
LMQZEWSC7,ミカヤ,L6MF2MPBN,みらくらぱーく党,1163,7,5481,698500,7,6,7,8,4,10,6,7,55
2MQJ0HQ77,ふろしき,BT22M41DV,梢花帆吟子同好会,1078,14,5483,698250,3,6,8,8,9,7,4,10,55
L4A9PRZC5,ほたるん,H0DV3JJGA,かほさやてぇてぇ,1697,18,5484,698000,10,10,10,10,10,10,10,10,80
0CYNBJCM7,琵琶,LH9K7AGB7,ツバサラリベルテ,279,0,5485,697750,6,8,10,3,5,8,4,8,52
7QO18FJ78,にゃんこ,2DYYAPFVN,蓮っ子村,1245,6,5486,697500,4,6,8,7,5,7,10,10,57
V7YLMH2IY,夏祭り恋慕う,EYN9H9N16,蓮すきすきクラブ,1451,16,5486,697500,8,7,8,10,7,9,8,9,66
FBREYWUE3,パメラ,6BFC4G5YG,蓮ノ空足湯同好会,503,0,5488,697250,6,8,8,9,4,10,8,10,63
HKBTJS8OV,ふぃあな,YFVX33LRP,(_ _).｡o,1225,2,5489,697000,7,6,5,8,7,9,5,7,54
1F56LUFLG,フリーダム,AXG81GPMP,蓮ノ空マタギ部,901,1,5490,696750,4,4,1,4,1,5,6,5,30
6Y5H4J14C,さくさくぱい,AH27N260E,百生信託銀行,475,0,5491,696500,8,5,5,6,5,7,7,10,53
C2J639J5J,釣り師,8588YN91J,虹咲学院,783,2,5492,696250,6,7,6,7,5,7,9,8,55
FHERZM9S9,レドノフ,E58FYF67C,ロータスランド,1427,14,5492,696250,9,8,10,10,7,8,8,9,69
52X7ZBP3C,ゆゆゆ,06DCWC1RE,とりあえず参戦用,1255,10,5494,696000,8,8,10,9,7,10,9,8,69
KEJVRIRI7,ミヤビーナス,J7N4W6Y1K,こずミックラブ♡,1581,13,5495,695750,5,2,1,4,5,4,4,1,26
6EA5VF2GH,「スミロ」,9JTF508LB,スクスタ亡霊部,1326,18,5496,695250,6,6,9,7,5,8,8,8,57
1YUEFPJR4,りゅー,CTW8DKV5P,まったり,1264,8,5497,695000,7,6,6,8,4,7,5,7,50
K1GD24E43,仔犬,X33HHA9F8,アルストロメリア,866,0,5498,694750,7,6,7,2,5,7,6,6,46
5HF76NMNJ,かえ,MTBP3B4GM,ふらわーすきすき,774,6,5499,694500,7,10,8,8,10,8,8,8,67
JAHCMKUNT,かずのこJr.,4JEY5APBM,ウイ憂初WIN,529,2,5500,694250,4,4,5,7,1,4,7,7,39
DW8YZKJMZ,hoya,BB8UP1P1V,輝く未来,1019,12,5501,694000,4,5,5,9,5,9,7,9,53
Y32MB9VVG,sho,J62DRC7J5,蓮ノ空好き好き会,1272,15,5501,694000,8,8,8,8,6,8,8,8,62
YMHKGHFA3,kake,2B97MH4YA,同じ話し何回も…,496,0,5503,693750,7,4,5,6,4,5,4,5,40
UYXAFA85U,トキサメ,PXDL7Y3VM,ビギナーズ改,793,6,5504,693500,10,5,10,9,10,10,4,8,66
5LDJPMVEH,みつば,PD80VCP5N,虹ヶ咲学園,1176,11,5505,693250,9,6,6,9,7,8,8,9,62
HX6144GW7,ぜったいれーど,H0DV3JJGA,かほさやてぇてぇ,1122,12,5506,693000,7,6,5,10,6,8,10,10,62
RHP279359,いんぐ,4RY75CKM4,LLすこ部　メ募,1092,12,5507,692750,2,4,4,5,5,5,8,8,41
Q04C8VGGG,ヨピダ,NA8FEYN0M,蓮ノ空飲酒クラブ,1016,2,5508,692500,4,4,5,8,7,7,7,7,49
CV60R19C9,ホムK,RNJ306W6N,日曜日よりの使者,1216,2,5509,692250,5,2,2,6,5,6,7,5,38
KOTI7HEX9,you,M30V90CUA,零協,1325,15,5510,692000,8,7,10,9,7,9,9,10,69
9H44N6RNT,もなこ,K95YH6P1C,蓮ノ空泥の会,1204,7,5511,691750,1,2,1,2,7,7,7,7,34
3FE67G88N,えーすい,Y2R7E79U3,カワウソ同好会,1500,18,5511,691750,7,7,9,7,10,9,7,10,66
AUN1AXHF5,MA→,KC1W74B9B,蓮六園,988,2,5511,691750,2,3,7,7,4,5,9,10,47
FWJY8GW23,oQuLa,HWMV33W7Y,フラワー泥民館,992,7,5514,691500,7,4,4,4,5,7,4,5,40
RMBC7GYX6,キルチ,G6EH0KHT7,なんもわからん,904,3,5515,691250,7,6,5,8,8,9,7,9,59
0CN3FY0GD,眠羊,N2V9XA8A9,ねむねむ,1071,4,5516,691000,9,7,7,8,7,7,7,9,61
WGP9J786X,リンクラベリー,6JT4698RG,ぶたばこ,683,3,5517,690750,10,10,4,10,2,2,4,6,48
NX8P49EJQ,那須光輝,ULUELCJ7T,なるようになる？,979,2,5518,690500,7,4,5,8,3,8,7,7,49
2PVPIAR6I,Ｄ．松本,LTDG4PP96,ハッスルノ空学院,1083,9,5519,690250,2,3,7,3,7,9,7,9,47
A6T93UMW8,ふりふり,JX0BXWNWH,新米蓮好き好きC,260,0,5520,690000,7,6,9,9,7,9,5,9,61
HRK0XBW43,りん☆,H0DV3JJGA,かほさやてぇてぇ,786,7,5521,689750,2,3,5,3,3,6,5,5,32
O0JXFKP5W,スウ,V7768X8AC,せーので！,1483,18,5522,689500,10,10,10,10,10,10,10,10,80
ICT8EVY3B,ユミ,ELDXGWNA6,○サークル,1234,18,5523,689250,8,7,8,7,8,8,9,10,65
NK59MUUWX,ると,NP8F9KU0J,とうばんじゃん,895,9,5523,689250,8,6,7,6,5,7,2,10,51
HX75CXJGQ,どらい,7CP6HECWA,そろ,1347,6,5525,689000,10,8,9,10,8,8,10,10,73
HJHAYW20Y,yqian,T7J89541B,日語漢語蓮愛団,869,4,5526,688750,4,3,2,3,1,3,2,1,19
K8T210D90,はんでぃー,HPTHY23VR,蓮ノ空文芸部,484,0,5527,688500,10,10,10,10,5,10,6,8,69
1MRJ6APAL,MSKARIN,NLB84DYBF,下松系拉麺同好会,1016,2,5527,688500,6,6,7,6,5,5,5,7,47
5U8394C6M,神速,919XF8V2V,蓮之空大三腳,939,13,5529,688250,3,3,2,3,3,2,4,2,22
UR4BU21CX,白銀アクア,ABALH0AL3,楽園計画,925,4,5530,688000,9,6,7,7,4,4,5,7,49
JDNP4MCYU,ナッツ,GJCKB88YE,P&S,1082,4,5531,687750,6,6,4,9,5,8,5,5,48
C52LV667B,イオリ,73N4AB3LR,かほ子のイオン,1334,6,5532,687500,7,6,7,8,7,9,7,10,61
Y2UKYBPKF,くろごま,N1DJVPGP8,いつでも咲けるよ,698,2,5532,687500,10,10,10,10,10,10,10,10,80
ED8PM57Y1,げんいちろー,49AMYCXCD,ルドベキア,1394,4,5534,687250,10,10,10,10,10,10,10,10,80
HZDPQN12V,ぼたん,G59NGM0XA,シュリーレン,1198,3,5535,687000,7,2,10,7,4,5,10,7,52
2C5M0GLC8,sylnyma,4RNUXBXGL,みらぱ最推し,414,1,5535,687000,4,3,8,7,1,7,4,7,41
3BWEVDR9D,ハジメ,Y2R7E79U3,カワウソ同好会,1216,7,5537,686750,7,6,6,8,6,8,8,9,58
9Q37SFRUN,しゆん,G8EE23LB9,虹ノ空クラブ,1127,11,5538,686500,6,8,7,10,9,10,9,10,69
KZ30LG00I,ぽわそん,FF4XH0P3A,ゆるゆるサークル,1260,15,5539,686250,4,7,6,6,5,7,10,10,55
DUCJ976GB,やこ,L28X4MDJN,アフター観たいぞ,1018,8,5540,686000,7,6,7,4,5,7,5,7,48
ER71YPJXY,Hajime,K4LJNWYG5,KNS,976,1,5541,685750,8,7,7,8,7,8,7,8,60
G5E46CWKX,ももシャミ,N9B8HXXR0,25時、残陽で。,909,0,5542,685500,5,7,6,8,2,5,5,9,47
R64J14HVT,白川彩羽,J800VVPTN,Aqours,710,0,5543,685250,10,6,1,9,1,10,1,4,42
H9VPKHE7L,ゆうゆ,4G729J6TX,トキメキ同好会♡,1132,10,5544,685000,8,8,9,10,9,9,9,10,72
4CXM8XMPT,くぅ,A7WWE0463,蓮ノ空初心者部,491,1,5545,684750,7,3,10,6,4,5,1,6,42
YUJ4AAJ7G,かぃり,XHJLF3R8H,ゆったりプレイ,1091,15,5546,684500,8,7,10,10,8,10,8,9,70
669XPP2M5,マコト,KNRD3YG7N,ケ・セラ・セラ,1073,8,5546,684500,5,6,7,9,4,4,5,9,49
TT3AFK1E5,Ur,7D5TKBG45,リ!リ!リ！,1262,19,5548,684250,3,4,8,6,6,8,9,10,54
7GNTRL8NY,リンカー,0YLUK30K6,蓮っコの集い,841,2,5549,684000,10,2,5,8,5,6,1,5,42
HYML58FJ5,冬虫夏草,9E910GGD2,蓮ノ空給湯室,1171,9,5550,683500,9,6,7,10,8,10,10,10,70
5C4TET6WP,ダイヤ,2K5AM4RV0,とろぺりです,1673,11,5551,683250,10,10,10,10,10,10,10,10,80
3YDYX453J,バジリスク鈴木,U00TP03KP,阪大リンクラ部,614,2,5552,683000,10,6,7,8,7,4,7,10,59
QQ5O9VP7D,リンドウ,PMME7169X,蓮っ子動物園,879,2,5553,682750,6,10,5,4,9,1,4,7,46
RFWRV5KP2,yuki324,X7C21B7H7,泥,534,1,5554,682500,10,2,2,9,6,9,3,7,48
3EV7MHCQV,不思議な学院生,TM19BMU7C,ソロプレイヤーズ,919,6,5554,682500,4,6,6,7,4,7,8,4,46
HNT0XP519,お昼寝マン,F5F1K66RR,さーくる,897,2,5556,682250,4,9,5,7,5,7,5,8,50
X0GQORFOT,スーパーダーリン,F2CFWVMY9,藤島め組,1558,14,5556,682250,7,7,8,7,7,7,8,10,61
MC0SGNWFF,I♡MEGUMI,J05PKV648,Hasucord,1092,2,5558,682000,4,4,10,9,4,5,4,5,45
CYG03C8OB,TaK(タック),8VGXWTV3U,R.opRizm,1161,12,5559,681750,7,6,8,9,5,8,5,5,53
6NBNNXNYW,くゆ,VP0K6KF0K,蓮ノ空大好き!!,1182,13,5559,681750,7,7,8,9,7,4,4,7,53
UGKXD8FKW,かいてい,PVEBYCGYV,◎ディヴィナシオ,1206,0,5561,681500,7,6,4,7,5,8,4,8,49
L9SIC2Y70,ホンチャ,HBM31HMUY,YUKIZURI,1128,11,5562,681250,2,4,5,7,5,5,7,5,40
FH77ZUBH1,タルヒ,0VEMMV8E2,スリブとまったり,1040,10,5563,681000,5,4,6,8,5,8,6,7,49
NKA074DXL,なべさん,PLBBEX019,待機室目指し隊,1128,5,5564,680750,7,7,7,9,5,8,7,8,58
J7CW0VB30,薫風,P2J37FNLG,乙宗先生指導会,585,0,5565,680500,1,3,10,2,1,2,1,1,21
CCR02VR7N,もっちゃりん,2DYYAPFVN,蓮っ子村,1092,2,5566,680250,6,2,2,4,5,10,8,9,46
75VN6VREN,白米食べたい,WN5B7VKPU,きんぴられんこん,1474,15,5567,680000,10,10,10,10,9,10,10,10,79
YT3J6XXA2,透明ボーイ,JHTULVV5P,故に瑠璃乃推し,903,3,5567,680000,10,7,7,7,4,1,7,8,51
37HUYFNLE,ゼノ,7U20138DB,LGP,1156,8,5569,679750,6,6,6,7,5,7,8,10,55
M0A1762UP,Akane,T40RLPJ4A,スリブ好き好き,629,0,5569,679750,8,5,5,7,4,7,4,5,45
2423LNY1P,野依,BTVC9G95X,FES用,1046,5,5571,679500,10,10,10,10,10,10,10,10,80
A2ODEIZZW,ファミレスの玩具,Y6JNPC60C,綴理メイト,1484,9,5572,679250,10,7,7,8,7,10,10,10,69
YRKQRCWSE,ベニーモ,R7VEXFUBP,蓮ノ空応援クラブ,1220,9,5572,679250,8,7,6,8,8,9,4,10,60
DRV2P81L0,ふみや,73CBYJYB0,"oNM,",1118,7,5574,679000,5,7,6,8,7,4,8,9,54
M04X38RC0,ライム丸,HWMV33W7Y,フラワー泥民館,643,5,5575,678750,2,3,5,3,1,5,6,3,28
XDNTLH795,あっちゃん,9JTF508LB,スクスタ亡霊部,1071,8,5576,678500,4,5,4,8,4,7,5,7,44
M2EHMTYIN,みと,WTJV514G9,蓮ノ空のお弁当屋,1335,3,5577,678250,4,4,6,2,1,4,1,1,23
J8772ALYM,「Tofu」,LX25CP0TG,深夜の芋煮処,1031,5,5578,678000,7,7,5,8,5,8,6,8,54
2KVLCTSVQ,ハイネリア,7LMARTXVN,ご飯特盛肉蟹付き,1184,0,5579,677750,6,4,5,7,5,7,5,7,46
J9LEM6N17,h,GW4CH70HK,TKG同好会,1129,15,5580,677500,7,7,8,10,8,7,10,9,66
BTWWAU29C,ぐっさん,XA0XD41CM,ぼっちぼっち,641,0,5580,677500,6,5,10,9,6,6,9,7,58
5MAONAAWG,とんとろ,LB0K3MHND,フラワー,1076,2,5580,677500,6,2,1,2,5,5,6,7,34
0DMGFVT3R,しゃう,WBXF9XXW7,さやつづ愛でる会,1005,4,5583,677250,4,7,7,8,2,8,7,10,53
2YXM0JB6A,BLUESKY,EYEPHE14G,花上梢頭,892,0,5584,677000,8,2,5,8,7,5,1,9,45
9U6T4TMP8,KERU,4LU50R56J,誰でもOK,407,0,5585,676750,10,6,6,4,4,5,4,4,43
6F07LU3TK,パサパサママ,NRK4MV1C1,茅バール,487,0,5586,676500,7,2,4,9,5,1,9,8,45
CEXAD9KKW,コタロー,C68491XHB,みらくらぽーく！,141,0,5587,676250,10,10,9,10,6,10,4,9,68
H04SXGJ26,かざっち,8M2MFU9U0,リンクライブ,1163,1,5588,676000,6,4,7,9,4,7,5,10,52
0JTUK1DL8,まる,BPHHYC793,ソロ専の集い,998,9,5589,675750,6,10,7,10,7,9,6,9,64
22BVL1RNU,benzene,N83DW3NYG,†極最強倶楽部†,648,0,5589,675750,6,6,7,8,4,7,5,8,51
D1P22DUXA,東介,414CEUPEH,アフター見よう！,991,11,5591,675500,1,2,6,10,5,10,9,10,53
NEFTKLIJ4,ねこいぬ,MVMP6NNXD,空き時間らくがき,1301,5,5592,675250,4,6,7,6,4,7,7,8,49
6LQGT4QKX,bbb,KPABV0UJM,蓮の空サークル,1216,18,5593,675000,8,8,8,9,8,9,8,10,68
HCUXVQHTK,会長,02XNKDH8X,せーはすの雑用係,927,2,5593,675000,6,4,4,6,5,7,5,5,42
79BXJPF3A,くまお,GVT61ATX0,なのだけれど,1028,0,5593,675000,3,2,10,7,5,7,7,8,49
6P304XFRB,IWF75,C791XXLDF,つづさや会,904,2,5596,674750,9,6,6,8,1,7,7,4,48
D60KFRDD8,ベータ,6J2BDEHEG,蓮サークル,1102,12,5597,674500,7,10,6,10,5,8,1,8,55
H0BB67XVV,プラム,3LPBPHL3V,壁の民の伝説,1103,10,5598,674250,4,5,4,7,5,5,8,8,46
FY82TXHB8,声庭師不運,GCFA4WL28,乙宗梢を愛で隊,1282,1,5599,674000,4,2,3,6,4,4,8,8,39
U6R8M352G,taninety,C52VR77BJ,イベント参加用,452,2,5600,673750,5,3,10,3,2,4,3,1,31
3JN7VF6JA,わっちゅあね？,HPTHY23VR,蓮ノ空文芸部,486,0,5601,673500,7,6,6,7,4,7,5,7,49
IJZBJEALV,シンク,FTUJJ5KM9,無言◎私生活優先,897,2,5602,673250,4,6,4,6,4,5,4,7,40
MHIO3WTRI,森井啓介,UVK38MFR2,蓮の虚無サー,1070,3,5603,673000,5,6,4,8,4,7,5,7,46
RNVUOFOKA,みなとり,0R8BXPRC1,ポチっ！とクラブ,1070,5,5604,672750,7,6,5,9,4,7,5,8,51
7WI4M2H8T,ケン,573J1JVVK,かほかほ,1232,14,5604,672750,7,2,3,7,1,1,6,10,37
UPDN706HR,zero,DUK0X7DB1,中国愛蓮同好会,854,4,5606,672250,2,9,10,10,8,7,6,9,61
BWNMNHMNJ,せれあ,DYA2LK0KK,ろーたすぺたる,927,6,5607,672000,1,2,9,2,5,6,1,7,33
A0LGULATJ,あきらーた,573J1JVVK,かほかほ,970,0,5608,671750,6,7,6,5,4,7,6,7,48
HG16MJA04,Yonami,05KN1RR3U,さやかほ花卉園,575,0,5609,671500,10,10,7,9,8,9,7,10,70
51MNECKKG,アクセラ,4WWM4VVDK,蓮ノ空遊戯開発部,930,9,5609,671500,2,6,3,9,5,10,5,5,45
1AKEK3TLD,yanagi,UMG1B9C7V,蓮ノ空女学院,1059,2,5611,671250,7,6,5,10,5,8,6,7,54
SGG4PK2OU,りあ,CXG25026E,泥のみんなS,1292,0,5612,671000,9,6,8,9,6,9,8,9,64
JXD6GYGHB,たなか,JX0BXWNWH,新米蓮好き好きC,245,0,5613,670750,6,7,6,4,7,10,3,6,49
XGL0PN4G0,コメライハン,Y7KJ3PM8P,蓮すきすき同好会,1049,12,5614,670500,4,7,6,9,5,9,6,8,54
GX7A38BNT,よしき,8MDA3A0AK,イベント用,666,2,5615,670250,4,1,5,4,1,1,3,3,22
K2VBJ94CP,Finesea,0B8RTHY4D,のんびり屋さん,648,0,5615,670250,2,2,1,2,1,2,3,2,15
ESI0EDOE0,てぃけ,HBM31HMUY,YUKIZURI,1144,7,5617,670000,6,6,7,8,5,8,7,8,55
TIMP00NBB,デプレ,T2XRMGEAE,蓮根無言会,1021,0,5617,670000,6,4,6,6,5,7,10,10,54
QWNLIUJ31,こいのぼり,V7768X8AC,せーので！,1139,13,5619,669750,8,6,5,10,4,8,7,8,56
4ORAL6L8W,もなか,31A7JKC69,蓮好きの巣窟,1210,14,5620,669500,4,7,5,9,10,5,9,8,57
DPKFZ0HSE,まる2,J83JWJ028,大ㄇㄚˊ露營區,1186,6,5621,669250,7,5,8,9,5,8,8,8,58
P17JKB403,ゆっくら,K8C99H42D,ルリと喜ド！愛楽,1148,9,5622,669000,7,6,10,10,9,7,1,9,59
TJ4F24LEP,タママ,LY0XPW7NL,同棲概念強火派,1037,9,5622,669000,1,4,6,6,1,1,1,4,24
F9YJ8E4N2,らっちょ,MWHJ339TF,葉山エターナル,1015,7,5624,668750,8,6,6,7,6,9,9,10,61
RYDUD8RA7,さくらざか,85D411XNB,蓮っ子の集い,1065,15,5625,668500,7,8,8,10,6,8,8,7,62
SPBKRA71Z,ぬこたん,6H800PBV7,新鮮館,1226,6,5626,668000,9,7,7,6,7,8,6,9,59
2T3HJKEG6,ゆう,68JHFM1EM,Spiw,1020,9,5626,668000,1,6,6,8,2,10,6,5,44
LTL9AB7MF,マーシー,N83DW3NYG,†極最強倶楽部†,687,2,5628,667750,6,4,4,8,6,7,9,9,53
Y8NXV86XA,No.9,2L8R7GAV6,大賀美組,1148,15,5629,667500,10,9,10,10,9,9,10,10,77
2RX2LQHZR,フシ,FTUJJ5KM9,無言◎私生活優先,1105,4,5630,667250,2,6,7,10,7,7,4,8,51
29CNYU7RA,はんどー,YHWN0NJ03,ドカ食い気絶部,1022,5,5631,667000,4,2,10,2,4,5,1,2,30
ELG03NGA0,かな,3MW8HDRTF,秘密結社CKC,944,4,5632,666750,2,6,5,4,7,1,5,8,38
WDFCN6YGG,モブ子,E7UBFLW56,同好会の同好会,1022,13,5633,666500,8,10,9,10,5,1,6,7,56
JR1IWRFMB,てら,KT4P0CHHC,ゆったり同好会,1120,4,5634,666250,8,2,9,9,5,7,10,7,57
DTOBHH6DR,Ima,N7J2R9JDN,ログイン目標勢!,455,0,5635,666000,5,4,4,4,4,5,5,5,36
YA1PBGUGB,ばにー,NT2KU5174,こずかほ。,1163,6,5636,665750,9,9,10,9,6,7,8,9,67
LANJN56K0,あ,0YLUK30K6,蓮っコの集い,894,2,5636,665750,7,4,4,4,4,4,1,5,33
BGNPR0YM2,マッキー,M6UPWJ6DU,蓮結ぶ虹と星の音,1042,3,5638,665250,7,4,2,6,7,7,5,8,46
HX37TV2WY,鈴鳴,LETV4C1KG,無言の行,478,0,5639,665000,8,8,7,9,7,9,7,7,62
7AFB2U9TV,ストーナー,YHWN0NJ03,ドカ食い気絶部,439,0,5639,665000,10,7,10,7,1,10,8,8,61
XKXKHB6U6,てぬ,RA1676TKK,蓮の空好き好き部,951,9,5641,664750,2,8,5,5,5,5,3,10,43
CFV25LK8V,燐,3BDTCERX6,打ち返した流れ星,308,0,5642,664500,2,4,1,4,3,5,2,5,26
U2E8DV8CD,Liz,NDGW77R2V,こず花帆尊い,518,0,5643,664250,9,7,7,2,1,6,1,4,37
EBUH5HFTD,れが,R1RM3X0WV,後方腕組みオタク,1085,9,5644,664000,8,7,6,7,5,7,9,9,58
0YNR6FZYP,アカミソ,4XRHRYDW4,無言でエンジョイ,1389,15,5645,663500,8,10,7,9,7,8,7,8,64
MDIWO1XS0,マッチださん,GWGDMA3YC,初心者無言自由だ,1488,16,5646,663250,7,6,9,9,6,8,8,9,62
RLM5TXG16,充電Chite,0J44KFKD9,アサルトガーデン,962,3,5646,663250,6,4,10,7,4,4,5,7,47
7ZOKQ86NN,健康一番,T8VBF8R47,3501E,1085,1,5648,663000,2,4,7,8,8,9,9,10,57
QYG654IT8,マイタケ,8M6UDX260,ぽけもん好き,1030,7,5649,662750,5,5,6,8,7,7,5,8,51
MVEG630P7,月見台,1VVCPXU7V,第七ギョーザ,1090,6,5650,662500,5,4,6,8,5,8,5,7,48
D4HWFBVWX,こう,6R5WAYC4D,どら,949,9,5651,662250,7,2,6,9,4,5,1,5,39
U56OJ1JH5,ユペ,TKVR3KU7L,ネギトロTKG,1125,13,5652,662000,1,2,2,2,1,9,9,2,28
ISOZCDLJQ,小泉栞子,RBH0YM8P2,蓮ノ空ラーメン部,1467,15,5653,661750,10,10,10,10,10,10,10,10,80
TYC5X1PH7,たくみわに,3YWMY4JVN,82プロ,549,0,5654,661500,9,7,7,8,7,7,6,8,59
465B7V60E,破壊世界奇々怪々,7MPNTWKTN,Dreamers,859,4,5655,661250,10,2,2,10,5,2,1,5,37
BPMBTBL6F,Mizuki,7U20138DB,LGP,1089,14,5656,661000,2,5,1,6,4,5,4,4,31
JZPBN8CU1,ぬい,8NF0R4W81,地下結社めぐ党会,1071,4,5657,660750,5,6,6,7,7,7,6,10,54
MAYYDXR2M,kyawa,HWMV33W7Y,フラワー泥民館,680,0,5658,660500,2,2,2,2,1,2,2,2,15
TVBX82417,ラテ,TXNCTRR1U,瑠璃乃推し隊,1172,4,5659,660250,6,4,10,6,5,9,4,10,54
4CLUK7BRJ,てふぅ,KB51KEGNM,アフター視聴,1131,15,5660,660000,10,10,10,10,10,5,4,10,69
T5CMDEG2W,ほびろん,36DAM7HBL,蓮隠れノ里,1239,9,5660,660000,10,10,10,10,10,10,10,10,80
V683T3X0G,クラトス,LYPVAETHY,金沢の泥,1363,5,5662,659750,8,7,8,10,7,9,7,8,64
DRDX1HATJ,Roon,7MPNTWKTN,Dreamers,822,4,5663,659500,8,6,9,10,7,7,6,9,62
P3TRVJFCB,まーる,75UJ5RB97,蓮ノ空雪野球部,1057,6,5664,659250,1,2,2,2,1,8,2,5,23
HRR34B2P4,RAON,573J1JVVK,かほかほ,1255,18,5665,659000,10,9,10,10,9,10,10,10,78
WHRJFD30K,たたみ,L28X4MDJN,アフター観たいぞ,1357,18,5666,658750,10,10,10,10,10,10,10,10,80
Q03DMMBLH,モチモチのまさ,CXG25026E,泥のみんなS,1039,4,5667,658500,4,4,7,8,7,6,5,7,48
0CJJP6W7H,UR月,FNMV166UY,蓮ノ空喫茶部,1177,11,5667,658500,8,4,7,3,4,8,4,8,46
0GFJHS0JY,Arcana,9FF5JBNDF,めぐすきクラブ,1135,3,5669,658250,9,8,7,9,5,9,5,8,60
WGCG33U6A,じゃすこ,Y2P9LABR2,スクステ同好会③,1376,17,5670,658000,7,6,4,6,4,1,5,8,41
ULEO7FZ8A,シマワージ,J62DRC7J5,蓮ノ空好き好き会,1117,5,5671,657750,7,7,10,7,5,6,5,7,54
8KYWY57YD,Shen,00T3NXXA9,初心者,1051,11,5672,657500,8,6,10,10,7,10,10,10,71
M5LAU85MU,抹茶茶,26JDLMBLN,徒町は強く生きる,524,0,5673,657250,6,5,1,6,8,4,1,10,41
EXOWKKNLR,ちいすず,9DKR4Y2CJ,蓮ノ空老人会,1166,3,5674,657000,2,6,4,8,1,7,3,6,37
W6VKM886H,ベル,F2M746D4B,頑張らないクラブ,1032,5,5675,656750,1,4,1,2,1,1,3,5,18
XVKE3TX7N,きちそん,X7YM9EG8K,伝統の石川地酒,376,0,5676,656500,5,8,8,10,3,4,4,7,49
0TLA56BCL,おれんじ,BH9YH1YL5,ラブライバーの森,980,2,5676,656500,1,4,4,4,1,5,4,4,27
2D66WU02Y,せる,GW4CH70HK,TKG同好会,980,4,5678,656250,1,9,2,4,8,9,7,9,49
0YV58B44K,つちのこ,1D7T2UXC2,無言でのんびり,419,0,5679,656000,8,6,7,7,5,7,4,8,52
KDWT0HYBE,ゆろみ,P2J37FNLG,乙宗先生指導会,771,1,5680,655750,7,4,7,7,2,4,1,5,37
J50XMEB99,るりたそまる,95031TR10,ひめぎん文化会館,804,0,5680,655750,6,1,7,10,3,1,4,4,36
7L7XLG2U2,Tokisa,GPKTRBCTT,騎空団蓮ノ空支部,847,0,5682,655500,7,7,3,10,4,8,3,7,49
O983R2GQN,真姫まきまー,3JDDUYURT,無言,1186,18,5683,655250,5,3,6,7,6,10,5,10,52
Z6MKBXGRD,むーさん,422KR6BPC,推しを愛する者達,1113,13,5684,655000,2,2,3,4,2,1,1,1,16
7V344L4NR,まっしー,1H5P6KV81,さやかの水着,345,0,5685,654750,10,10,9,10,7,9,7,7,69
PC19HCLCH,こじろう,BT3GEWM5L,ささやか村の集い,1437,8,5685,654750,9,4,9,10,9,9,9,10,69
A1XGJ396C,はづき,K3LMN5JHH,金沢カレーの皿,1115,2,5687,654500,8,8,7,9,5,8,6,7,58
97GLFJXLM,そうけん,CXG25026E,泥のみんなS,991,5,5688,654250,4,7,8,4,1,1,2,1,28
0BJM3MLYT,やました,JWUL2T36L,チーム初心者,837,0,5689,654000,9,7,6,8,6,5,5,7,53
GF6QWYHZY,Yasshy,V8XX999F6,卍蓮村幼稚園卍,1205,5,5690,653750,4,6,5,10,5,5,7,10,52
NHYX34977,アッツン@サブ,61DV78UAJ,モタスポクラブ,938,4,5690,653750,1,6,5,5,4,5,5,5,36
VNR2625D5,TK,AHE0E3JND,ありがと！にひっ,1056,2,5692,653500,1,6,7,8,8,5,5,6,46
6F6BAO5WY,ぱにーに,LNGXT5UP6,蓮ノ空寝そ同好会,1117,8,5693,653250,5,6,8,7,7,9,8,5,55
0V05MLBHM,バウムクーヘン,ELTW62751,安全バーは君の腕,954,4,5694,653000,7,7,8,5,8,9,7,9,60
A40DT357H,ポチェッティーノ,2AUM7L9BW,蓮初心者クラブ,309,0,5695,652750,4,6,6,6,2,7,1,7,39
0YEE3T5A6,のん茶,XPRA8TRVE,蓮ノ空ロボット部,1252,15,5696,652500,10,9,10,10,10,10,9,9,77
QUKL6LTS5,ずお,H6CCL64P9,NATTO,1185,15,5697,652250,10,9,10,10,9,10,10,10,78
E2U9KK2U4,えーいち,GBGFR3LVR,ココン東西南北,1042,2,5697,652250,7,4,5,9,5,9,4,10,53
EMRX0UNKU,ＮＯＥ,X33HHA9F8,アルストロメリア,945,0,5699,652000,1,6,5,7,1,8,1,5,34
ZYDH4J2RW,とってい,CW1FEUNC0,リンクラゆるぼ,1105,13,5700,651500,7,6,6,8,6,10,6,7,56
EODRY17OC,もちのすけ,573J1JVVK,かほかほ,1058,6,5700,651500,3,6,9,10,7,5,6,5,51
EHLVHAFWG,バサラ,CWPWP1266,さすさや,945,2,5702,651250,7,4,4,7,5,8,6,7,48
4ETY5YP3P,しるふぃ,XLBU65J86,花の壁飾りクラブ,558,2,5703,650750,9,10,7,9,5,8,6,10,64
XGBPK5HN2,かつや,2B97MH4YA,同じ話し何回も…,794,4,5704,650500,4,2,3,3,1,3,5,7,28
7MYPV03UE,urume,KJU0BU77M,無言交流なし,1229,8,5705,650250,8,6,7,10,7,10,7,10,65
RUQ7CS2R1,知的な学院生*゜,35JCHXLTV,yumo,1260,5,5706,650000,6,4,5,2,5,7,4,6,39
66RIGCKMN,ハニレモ2023,ACVP58JT7,音浦虹結蓮,1175,2,5707,649750,7,4,7,8,7,8,5,9,55
D5EF040PR,棒dot,8XMW94CPX,ヒノチタカバディ,232,0,5708,649500,3,2,1,3,1,2,1,3,16
7IBU55DXY,mori,5WUDLMWEP,蓮ノ空は明日ノ空,1122,4,5709,649250,7,2,6,6,5,5,8,8,47
3PYG884Z1,KiKO,WHWT61ELR,【無言】ハスノソ,1126,12,5710,649000,8,7,8,6,4,4,5,6,48
845LY9UX1,ごろん,KT4C59NXG,めぐ島,1219,6,5710,649000,1,2,2,6,1,1,1,1,15
AKJ5Z40M5,おおけん,WHWT61ELR,【無言】ハスノソ,1303,2,5710,649000,10,9,8,8,8,10,10,10,73
K3KNAGMA8,eva,J0DGEAYBM,えびぷと筋トレ部,818,0,5713,648750,5,2,6,5,5,8,5,5,41
XBR2OWDWF,あかい彗星,W3F0URUJC,梢先輩応援団,1250,7,5714,648500,8,4,6,10,5,5,5,7,50
RPUEZP5TD,花,H1LTYMK0B,花帆が可愛いの会,1186,12,5715,648250,8,7,5,9,9,10,10,10,68
FH985C4UR,hidehal,VXDPPJJL1,蓮ノ空リボ課金部,267,0,5716,648000,6,7,6,7,8,5,7,9,55
K0FNDM0LE,にきお。,06DCWC1RE,とりあえず参戦用,1085,8,5717,647750,1,7,7,9,1,7,4,5,41
G3EJR3XRF,ka & sa,5L5TJF7YV,蓮ノ空女学院寮,466,2,5718,647500,5,10,4,5,4,4,5,9,46
VTNY8S6TV,cocoa,BCJRMHE75,梢すきすきクラブ,1330,17,5719,647250,3,3,4,6,5,5,6,3,35
7H6Q3HRIZ,KUMA,MVMP6NNXD,空き時間らくがき,1155,10,5719,647250,8,6,8,10,7,9,8,9,65
VMNE91BLD,ドンホウ,7UX6117P2,重曹圖書館,1073,10,5721,647000,6,6,7,8,7,7,5,5,51
12B0F5BMB,来栖おにぎりん,BT3GEWM5L,ささやか村の集い,1093,11,5722,646750,2,2,1,3,1,1,4,1,15
YMT9EOLDG,コスモ,FC8NBAJBT,ラー麺二郎金沢店,1441,18,5723,646500,9,9,10,10,7,10,8,10,73
M6THEU0T1,クロレラ,04D5UV5XN,汚れてゆく花びら,1513,18,5724,646250,10,10,10,10,10,10,10,10,80
UND79V3NX,こず,8YNHW7530,虹ヶ咲、蓮ノ空,890,4,5725,646000,5,4,6,8,4,8,4,7,46
S6L3SRKSJ,Shigure,KULVP7FDR,アニマル分室,853,5,5726,645750,2,3,2,6,1,6,5,1,26
DKG8LGZMK,うめちか,78D55E05J,HIPHOP界隈,1372,5,5727,645500,6,3,5,8,4,10,9,8,53
M90IMSJBO,あこちゃま,WUK7VF22K,はすのとなり,981,9,5728,645250,4,4,2,8,2,1,4,8,33
E60YJ59TP,ロレ,VW65MCVF8,スリスリーズ,1700,13,5729,645000,10,10,10,10,10,10,10,10,80
MZGNGMS9B,くつした,43HRXMXWA,無言OKクラブ,1142,9,5730,644750,6,5,5,10,8,9,6,8,57
5WKF4T5FF,おつぴ,V7768X8AC,せーので！,955,6,5731,644500,5,6,10,10,10,8,4,10,63
UBPAKWUR9,蓮の大三角,8YNHW7530,虹ヶ咲、蓮ノ空,924,8,5732,644250,5,4,6,9,5,8,4,7,48
1D9N2DHWT,おぐり,PY4Y88935,平日忙しい人たち,1306,9,5733,644000,9,9,9,9,8,8,10,10,72
63539TVDU,みらっぱ,1EBG7YUTL,菅！CAN！叶！,1058,10,5733,644000,8,6,8,8,7,9,8,9,63
BQ0QL596B,アキ,G8EE23LB9,虹ノ空クラブ,1308,15,5735,643750,8,7,6,9,7,9,8,9,63
V7XO4Y31T,士門,9JTF508LB,スクスタ亡霊部,1118,0,5736,643500,8,7,6,10,7,7,6,8,59
C3R6RZFEM,Deva,1XX6FWJRB,オートスキップ団,1430,2,5737,643250,10,8,8,9,9,9,9,10,72
8HUCJYW25,ざこし,GR65FP8VN,蓮好き,1161,14,5737,643250,8,7,8,8,9,10,9,10,69
82NUMY62V,クロツボ,54UAWUBHN,リンクラスキ♡,1068,3,5739,643000,7,6,6,8,5,8,7,5,52
O76SWXAQP,rsaga,G8F0M2PH2,アフターウォール,1254,10,5740,642750,5,4,5,9,7,9,7,7,53
U5FU7089T,ありぐら,W71PEB8XY,戦慄のたまに衆,848,2,5741,642500,4,2,1,3,1,1,2,7,21
AYALGH5J7,うり坊,407VAU0TT,ログボ勢の集い,585,4,5742,642250,4,6,2,5,1,4,1,1,24
H7JKYDYX6,あきまる,D3PGC4352,めぐにゃん懺悔室,997,5,5742,642250,10,5,10,9,6,10,4,10,64
R8UVFV9N0,リンゴマヨネーズ,UX96YX4T1,『位置について』,362,2,5744,642000,4,4,3,2,1,1,1,1,17
TKXFJWA6V,か,JCRNT9GKB,ハントンTKG,1014,8,5745,641750,2,2,6,6,1,3,7,2,29
WVVAVWVV1,ぱるも,WAT20PN3Y,こな党,1127,2,5746,641500,7,5,6,5,6,6,6,4,45
1U0DNTRKH,みささぎ,WWWUTP96L,異次元からキマシ,1037,4,5746,641500,9,8,7,10,5,7,5,7,58
3GMSMPS7T,takahira,DKNHY5HH6,なす料理研究会,1352,19,5748,641250,10,10,10,10,10,10,10,10,80
GRLJQ950U,ストまや,D6LVY6JCG,臨時列車,1146,13,5749,641000,8,9,6,9,7,10,9,10,68
UYBF5NCFY,Sasa,C8WCYKBU4,蓮,1029,5,5750,640750,5,3,3,7,5,6,6,4,39
FOF1YITIM,ゆり♡,RW90G4W5W,めぐめぐめぐ党,1675,18,5751,640500,10,8,10,10,9,10,8,10,75
H2RJBHU7B,ミズナラ,0DVRLAA76,かがやききらめき,1425,15,5752,640250,10,10,10,10,10,10,10,10,80
G1NY01J46,いちとせ,5L9GNT78V,叶え！私達の◯◯,1191,5,5753,640000,7,10,6,8,5,5,9,7,57
8V4TIB9D3,鳴沢律佳,AFV2LPL78,玉狛第２,1246,9,5754,639750,7,6,6,8,7,9,6,9,58
FNVD61YMV,魔夜,BW38LDPRF,蓮浦の星空,871,2,5755,639500,6,8,7,6,1,4,1,9,42
9RKLH1E8O,Xashy,NC2YT2V28,蓮之愛同予者何人,1296,18,5755,639500,5,7,8,5,6,8,10,7,56
SY5H1DW5F,ハウ,31A7JKC69,蓮好きの巣窟,1137,6,5757,639250,6,2,1,4,7,5,5,5,35
3VUR455U5,きんつば,TB7GJ57D7,シャイニーフラワ,1021,6,5758,639000,1,4,4,6,5,8,7,9,44
MVON3PN25,かゑで,BKUHCT7WF,蓮女お嬢様部,1333,10,5758,639000,9,7,7,7,7,9,7,9,62
MHC9N5DC7,かげとら,ATB27G5P2,おこめ茶寮,1194,3,5760,638750,7,5,6,6,6,9,10,10,59
R3CWJJD7J,トマトケチャップ,23PGPJ3NV,蓮ビギナーの集い,1086,3,5761,638500,4,7,7,6,5,8,8,7,52
9DXCYY8XM,おもちゃ箱,0FGGRVVKX,めぐぱい党,877,5,5762,638250,4,8,10,3,1,4,3,3,36
5PN7563GB,レダクターゼ,3194B9E93,初心者寄り合い所,518,2,5763,638000,4,7,7,5,9,8,4,10,54
IJBTEP4FZ,ゆるぽソニア,T4WY63DB9,ういのま,1040,6,5763,638000,1,2,10,8,7,9,2,9,48
U87AMB2VH,Claw,4LU50R56J,誰でもOK,306,0,5765,637750,10,4,5,6,1,5,6,10,47
R0JJ23TY7,Starwing,YKN19E3H3,大勢はこずかほ,1365,5,5766,637500,9,8,9,10,9,10,10,10,75
58Z4A0RH4,ナユタ,FTUJJ5KM9,無言◎私生活優先,1012,5,5767,637250,4,5,4,5,1,6,3,1,29
JXKD706VJ,くらゆい,2JK7E4115,ラ！推し,778,4,5767,637250,10,10,9,10,9,9,10,10,77
KWRH7RT93,やなぎん,MG2RMMN2B,欲にまみれた梢,884,6,5767,637250,1,6,8,8,6,6,4,7,46
OF66ZMGIM,網焼き,N6T2MVATD,まったりサークル,1450,4,5770,637000,9,7,8,9,7,9,7,10,66
8W14EHY60,K,UYCT3Y4JK,蓮っ子,859,0,5771,636750,8,4,5,9,4,9,3,5,47
X60G3C7KY,藍音,CV62FGL1U,花咲かせ隊,1219,16,5772,636500,7,6,6,8,5,9,7,8,56
43XQN9RTD,サブロー,BW38LDPRF,蓮浦の星空,1331,4,5773,636250,8,7,8,8,5,8,7,9,60
AA9JNU5YG,mafuyu,J0N1E3Y09,月火水木金土日,1195,18,5774,636000,6,7,9,9,7,10,7,9,64
06H8TXWK2,アストレイア,HWMV33W7Y,フラワー泥民館,1102,6,5775,635750,9,7,6,10,8,8,6,10,64
D8HF3RGC2,そらじろう,LAP2W049X,りんひな愛好会,946,1,5776,635500,4,6,7,10,7,9,5,9,57
1L4XNEVSK,病田むうま,58FD7UF8J,としとしサークル,847,0,5777,635250,5,4,4,6,4,5,4,7,39
B9JWNFN1K,あむすと,YADX9DY49,ﾊｽﾉｿﾗｰ,1024,3,5778,635000,4,4,4,6,5,7,4,7,41
JTFZQRYUJ,マル,T8PB5A8JM,123,1382,6,5779,634750,10,10,6,10,10,7,5,7,65
YM2WC2LMP,Toad,646YTH7KK,KA,973,9,5779,634750,8,5,5,10,7,9,7,8,59
9B945KUEC,amnluv,9WVBK4U41,ENfans,468,0,5781,634250,9,9,9,10,9,10,9,10,75
XB6RJBL35,モコスケマータ,DFXN9DB2H,どんぐり共和国,1105,13,5782,634000,10,10,10,6,1,5,7,9,58
C55GKKR0X,織姫彦星,NJBBTCY3A,かにかに！,1157,16,5782,634000,6,4,5,6,7,7,3,7,45
N1KVXP9P0,ダムド,FVJABCVP3,瑞蓮ラボ,1053,4,5784,633750,6,2,5,7,10,8,2,8,48
UPGXXWLLP,すず,T48KV9EP2,無言ぱーく,314,2,5785,633500,4,2,3,3,1,1,1,8,23
T6G95MQGC,ダイ,2JK7E4115,ラ！推し,1041,12,5786,633250,1,2,3,4,1,1,1,1,14
W8VXDKRW3,Rシード,M6JPV9MVW,フォルテシモ,1006,3,5787,633000,9,6,8,10,6,8,5,8,60
CLRCG0T5F,穏和,MVYAVX8BK,きらきらきらら,459,0,5787,633000,8,4,5,6,7,4,1,1,36
E855U5FAB,a,F53AELUNC,ソロっと倶楽部,779,2,5789,632750,6,3,6,6,4,5,8,5,43
9UAX6L9C8,あや,VD7N7A4WH,氷青色,1005,7,5790,632000,8,8,8,8,10,7,9,10,68
5NR0KENPV,syo,8T3BVWN6F,目標1500位,653,2,5791,631750,6,2,5,8,8,8,5,1,43
0434563L5,Aries,TFGKYEY98,LLP JR,824,6,5792,631500,10,10,10,10,7,6,10,10,73
XBEHLLH7T,TOMOKI,LUDNM40F8,ふくふく無言OK,782,3,5792,631500,1,3,10,10,1,7,3,3,38
1WPJD1K4C,-riku-,LT9K2FP23,慈党リンクラ部,502,2,5794,631250,1,4,8,5,2,2,1,1,24
XB4MQS2W5,Ispahan,NC2YT2V28,蓮之愛同予者何人,1628,19,5795,631000,10,10,10,10,10,10,10,10,80
DX0U37839,すいすいスイッチ,X0TFG829Y,ボクのおうち,658,2,5796,630750,6,6,6,9,4,5,4,4,44
W75RWE2PG,フォニアちゃん,5DRY3TL61,はすのそラバー,543,0,5797,630250,8,3,5,6,6,7,4,4,43
9YV6IIB9S,TAMA,HU6K4GA0A,ロタテオン,1176,13,5798,630000,4,8,4,7,5,7,8,10,53
L0GGMVF58,るあー,0JY7F3EKU,さやか愛でる会,495,2,5798,630000,4,6,5,5,4,4,2,5,35
VE1L9ITYF,東横,K95YH6P1C,蓮ノ空泥の会,1149,13,5800,629750,4,4,4,4,8,5,4,7,40
RJFX8NFUU,えるえる(ドクQ,4FXPC55PY,PPIHクラブ,1000,5,5800,629750,9,7,8,7,5,7,4,8,55
HC3RWL4YL,勳,1KDUBW4HB,めぐ党0番,816,2,5802,629500,9,5,8,6,5,10,7,9,59
QLW95SOCA,サカス,YTP7JNJKW,ぼっちざらいぶ！,676,0,5803,629250,7,6,5,8,5,4,10,8,53
HP7BEW2LC,ジロ,JTX1G19BP,さやかほ癒し会,1359,5,5804,629000,8,4,5,9,5,8,8,9,56
4L7GPJLGX,ちくわ(・8・),07JW71HWG,良いチケで観よう,1272,3,5804,629000,9,9,10,10,9,10,8,8,73
BL1THY7CK,れふと,NA8FEYN0M,蓮ノ空飲酒クラブ,1109,13,5806,628750,9,10,9,10,7,7,10,10,72
LGEPFKM6B,ダニエル,J5CKL5YPX,ログイン勢かもん,356,0,5807,628500,3,5,6,6,5,5,1,1,32
T95Y9M2F4,いくりら,FK5MUK0ET,くる♡すきクラブ,1301,14,5808,628250,1,2,1,2,2,2,4,1,15
YLD4G4RRF,Nanaki,26CAPRWLJ,大倉庫救助隊,660,0,5809,628000,5,4,5,6,4,5,4,5,38
7KIKWW6EA,おさ,C021HVB2B,第3芸能科,971,2,5810,627750,1,4,4,7,5,8,5,1,35
XJRADRN7J,ウサンドラ,FTY0R8KPH,泥の皆様,1150,14,5810,627750,5,6,7,10,9,8,7,10,62
E01ZW4GUK,のものも,424NLTEE8,無言な異次元部屋,1410,4,5812,627250,10,10,9,10,9,8,10,10,76
J2BDJFQCI,じま,FLVHVPJC5,指出と指出検地,1178,0,5812,627250,7,6,5,9,6,8,8,9,58
ZM3MG4DLU,ヨッシー,422KR6BPC,推しを愛する者達,1062,13,5814,627000,5,4,6,8,10,10,9,5,57
E0AWYEWCN,かなりんまる,UMG1B9C7V,蓮ノ空女学院,1118,7,5815,626750,4,5,4,10,7,10,7,9,56
FDPLXY4SI,な,H5EKCWG1W,な,1226,11,5816,626500,9,6,6,9,7,8,8,9,62
W4E6DNND1,うな,YATYRMYX2,ゴード！ド！ド！,562,2,5816,626500,7,8,7,6,4,5,6,9,52
C6H3TDKF7,shiro,73VTANA71,隨緣努力^▽^,493,0,5818,626250,10,8,9,9,4,10,6,10,66
FCE0ELG0D,撫公,WN3LHKX0L,レンコンおいしい,586,0,5819,626000,4,3,1,3,1,6,1,1,20
VAWW6EPX4,えもマリ,NCF16M74K,村野お弁当屋さん,469,0,5820,625750,7,7,7,8,7,7,7,8,58
5X12LAZFL,si--sa,57UT319NN,蓮ノ空同好会,519,0,5821,625500,8,4,9,6,6,8,7,7,55
NGJ0XGFNW,おいも番長,AH27N260E,百生信託銀行,598,1,5822,625250,6,7,10,8,9,9,5,6,60
AA2C2UCKB,こんたん,NMRKHYYRM,ご自由にどうぞ,367,1,5823,625000,8,7,10,10,6,6,6,10,63
8WAJA25AG,ロゼ,427WENUC4,心の癒し～蓮ノ空,1138,12,5824,624750,2,3,5,8,4,8,9,8,47
LDAK66P9A,ミケ,K8C99H42D,ルリと喜ド！愛楽,1321,9,5825,624500,8,9,10,9,7,9,7,10,69
18EFWV2FC,ジョウカク,N2KCENRKH,猫＆旅大好き部,1220,3,5826,624250,4,2,2,6,5,1,2,6,28
2HG6CA6XF,ハネジロちゃん,GW4CH70HK,TKG同好会,970,5,5827,624000,4,3,5,7,4,5,6,10,44
B01W37CLA,にーくら,VG7BHFKDT,のんびり日記,265,0,5828,623750,4,2,2,6,2,5,3,2,26
P8RGDB71C,さっか,RKT7BC4F6,人形浄瑠璃乃,949,1,5828,623750,6,7,7,9,6,4,5,5,49
6LP7HXF8R,はる,JE7V5MM31,蓮ノ沼に沈んだ泥,1054,9,5830,623500,2,2,10,3,5,10,4,10,46
3HZ72U10W,アリサク,K25DPPGT9,圧倒的にまったり,1120,18,5831,623250,4,5,1,5,3,6,8,4,36
1ZACB791U,睦月,WAT20PN3Y,こな党,1191,12,5832,623000,8,8,8,8,6,5,9,8,60
CXCE5BT65,みぃ,9YG7C0VM7,綴理と無言で昼寝,592,0,5832,623000,2,2,5,4,4,2,3,3,25
K2J3W0TF4,あさり,1G89KTD5X,サークルひとり,758,4,5834,622750,4,3,5,6,1,1,2,5,27
THU824DXM,さん,578YG6EAT,桜桃花束愛聴会,754,4,5835,622500,1,6,1,4,1,1,6,3,23
4JXE58LN0,カザモリ,B08JAPP33,対抗戦したい,717,0,5836,622250,7,6,7,6,5,7,7,8,53
WP1ILN5IS,かなでちゃん,EDFHK562A,大好きをさけ部,1071,2,5837,622000,6,2,5,6,4,10,5,10,48
1AQMQL3D7,扎蹄,53M4V2BVG,吟子の髪飾り,472,0,5838,621750,10,4,5,8,2,7,2,8,46
88JE34DUC,ディセラ,PH0YEPJD8,蓮ノ空北國金沢,1086,3,5839,621500,1,2,2,2,1,2,2,4,16
G19FTEPB0,ろぶそん,WBW66DMUB,るりめぐ研究所,813,0,5840,621250,8,4,6,4,4,9,4,6,45
NCCWM5M6V,妃愛,3F0M4HXJE,蓮ノ空まったり部,958,6,5841,621000,5,2,9,7,5,7,5,9,49
X4UY21YVU,まゆげ,KJU0BU77M,無言交流なし,699,2,5842,620750,1,3,6,4,1,9,1,1,26
CNEB4DJA3,慈、働きなさい,1JB7FM8YY,アラキドン酸Na,694,3,5843,620500,5,4,2,2,1,6,4,3,27
PK4P633DA,「うみねこ」,LX25CP0TG,深夜の芋煮処,764,0,5843,620500,9,7,7,9,7,9,7,8,63
KKFEULZBG,かおさん,WPG6BCG83,基本無言,1450,3,5843,620500,8,8,7,8,7,8,8,10,64
VV7JUDN90,Barnett,K5TN1RT6D,キンカンナマナマ,1093,8,5846,620250,7,6,7,8,6,8,5,8,55
IXR1MFLQJ,nac,Y2P9LABR2,スクステ同好会③,1252,7,5847,620000,7,2,1,4,5,5,8,9,41
0RGZTSV31,未確認コンビーフ,CXG25026E,泥のみんなS,1366,15,5848,619500,9,7,8,10,7,8,7,8,64
LWRG7TEM3,嘘っち,25PMPEMG7,星見プロ,1601,6,5849,619250,10,10,10,10,10,10,10,10,80
8R7R9NWV3,ユミル,07JW71HWG,良いチケで観よう,271,0,5850,619000,10,10,10,10,10,10,10,10,80
2972VPXYX,asdtam,95TAREFPT,ご自由にどうぞ,365,0,5851,618750,7,6,8,10,1,7,5,8,52
WCW8TF18Y,なまこ,XHJLF3R8H,ゆったりプレイ,1153,1,5851,618750,6,4,7,2,6,5,8,7,45
NVLBW4ERS,博麗　魔理沙,JDYW63BXN,μARLL’s,963,1,5853,618500,7,6,6,6,5,8,6,7,51
WNTKTE12A,ヨコ,AC94W0LN2,無言で自由に,996,6,5854,618250,4,7,6,8,7,7,8,8,55
UH7YKUWB2,むつねす,57UT319NN,蓮ノ空同好会,559,0,5854,618250,10,9,10,9,9,10,10,10,77
KFU65CDCX,sue600,UW71GYGHE,金沢住んでます,1377,12,5856,618000,10,10,10,10,10,10,10,10,80
TURGT4E95,のんのん,3A63DYH54,LLすこすこ部,1067,1,5857,617750,7,6,5,8,1,9,5,7,48
VPQYZI3C9,じゅんじゅん,V7768X8AC,せーので！,1226,12,5858,617500,7,6,6,8,7,6,10,10,60
EZUTWJCX8,二次健ちゃん,P2J37FNLG,乙宗先生指導会,1402,10,5859,617250,10,7,8,10,7,10,10,10,72
4ZRPIW1AP,たると,9YG7C0VM7,綴理と無言で昼寝,1194,12,5859,617250,4,5,4,5,5,5,5,5,38
TLU053C8V,しんみ,9EYH317R8,イカトンブライ部,854,8,5861,617000,1,2,8,7,5,5,7,8,43
BATXTYUA0,一之瀬りと,UCF93JAPM,スワンプマン,1432,4,5862,616750,7,4,5,8,5,7,6,8,50
877CG8PB0,May,XUBGXWVET,やめました,978,2,5863,616500,6,4,7,8,5,7,5,7,49
A75TA0APN,ちゃんぴー,AVX749PPB,姫芽ちゃん親衛隊,873,2,5864,616250,8,6,7,10,5,10,4,8,58
88HWGPV60,らむね。,ABU58EVJ2,Quatuor,842,4,5865,616000,3,2,4,4,1,6,8,1,29
WJG1SBROQ,クロノス,BXGNMY466,ライグラ用,1106,7,5866,615500,10,10,10,10,9,10,10,10,79
B213MOIY2,にゃんちゃん,H6JWBBGCG,蓮天・乙宗一心流,1071,10,5867,615250,1,4,7,8,5,8,4,8,45
TG5GHUWYQ,フェルト,59AK7LJ7A,とりあえず,1269,3,5868,615000,7,8,8,8,3,9,1,8,52
GR870R02L,Shiba,HPTHY23VR,蓮ノ空文芸部,716,1,5869,614750,7,6,6,9,5,7,5,7,52
TM3G93TJ3,ヒナ,XLBU65J86,花の壁飾りクラブ,1246,2,5869,614750,5,7,6,8,6,7,10,10,59
YZTDBN459,コユト,XCRHL4A94,こんにちわ〜,1026,7,5871,614500,6,6,8,6,5,7,4,5,47
HPUDDL4PN,ゾロちょー,23PGPJ3NV,蓮ビギナーの集い,1095,3,5872,614250,7,7,5,7,5,8,8,7,54
M5ULAVEHL,くれは,0YLUK30K6,蓮っコの集い,697,2,5873,614000,6,7,6,5,4,6,9,9,52
4HPA6N8GN,ひらっち,A9MA307FX,楽しいが一番,822,2,5874,613750,6,6,6,10,9,7,4,7,55
GQHL511BS,からあげ定食,JR306W0RL,毎日がエヴリデイ,1180,5,5875,613500,7,6,7,8,4,8,7,7,54
VODSJNHAL,まほほの,HWMV33W7Y,フラワー泥民館,932,6,5875,613500,7,6,7,6,4,5,4,7,46
L51E3JHJP,サスガ,3RH5MYBXV,こずめぐ党,1172,2,5877,613250,8,6,5,10,7,8,7,9,60
AGE6RTXGC,しにふぃあん,NX9KJK529,虹ヶ咲学園,500,0,5878,613000,10,6,10,10,6,10,10,10,72
J7MPKL3G9,ことは,DKPMRA0TA,蓮ノ空奉仕部,438,0,5879,612750,10,4,7,9,1,8,1,6,46
9LETVP1QS,カテジナ・ルース,E17AJTJ9D,楽しみ隊,1226,3,5880,612500,3,4,4,6,5,8,10,10,50
HL8LPLRU9,キョン,C6V311T2P,LotuSky,1355,8,5881,612250,7,8,7,9,7,9,7,10,64
H7NTCXYUV,HRK,Y7KJ3PM8P,蓮すきすき同好会,882,2,5882,612000,7,6,9,8,5,8,5,7,55
N1DDVY9CK,ゆーふう,3FF3NB77X,せーはす愛好会,888,0,5883,611750,5,2,4,6,4,4,6,6,37
V89RAPNC1,東郷,VD7N7A4WH,氷青色,882,3,5884,611500,5,6,7,8,4,5,9,5,49
2UWYWJ9MP,シゲ,1D7T2UXC2,無言でのんびり,691,0,5885,611250,5,8,9,4,4,6,4,4,44
CG0NV1U29,Nuriさん,DMDVHGFUG,インドネシア仲間,978,7,5885,611250,7,7,7,7,7,7,7,9,58
HD0WFWA5W,おーじ,WWWUTP96L,異次元からキマシ,1185,11,5887,611000,8,9,7,9,8,8,6,9,64
DVHW3B5VN,がつお,AR9HR528A,いろいろ実況,859,0,5888,610750,3,6,6,8,7,7,4,8,49
ORGHE40XK,五郎島金時,K4TAHF9YA,はすっこ準備室,1124,8,5889,610500,2,2,5,3,9,2,4,8,35
AP758FY7M,yuni88,427WENUC4,心の癒し～蓮ノ空,164,0,5889,610500,10,10,10,10,6,8,6,10,70
P7G9UG76T,Nori,JX0BXWNWH,新米蓮好き好きC,898,0,5891,610250,8,5,5,8,5,4,8,8,51
C4DVF93XA,ゆき,8M6UDX260,ぽけもん好き,1018,6,5892,609750,9,4,10,8,7,4,5,8,55
9FW3AWTMK,Y,48GTYR1VB,ハラショー！,681,0,5893,609500,10,6,7,9,6,7,7,10,62
FG2XMTH1N,Rosso,TRFPX8EX0,鬼塚商店,1001,2,5894,609250,6,5,7,8,7,5,8,9,55
KPPVL37BD,パラノアンドロ,X0TFG829Y,ボクのおうち,526,0,5895,609000,7,4,4,2,6,7,5,5,40
FG38P0U6M,シジモルキ,919XF8V2V,蓮之空大三腳,696,3,5896,608750,10,8,8,4,7,4,1,6,48
R74DCR9F3,アオツキ,HWMV33W7Y,フラワー泥民館,1214,18,5896,608750,7,8,9,8,6,8,10,10,66
YCBF4FJU9,in章鱼,J800VVPTN,Aqours,1098,8,5898,608500,4,5,5,7,1,9,6,7,44
S9ZXN4ZPY,さやこ,5YXVKDEKV,サークル(仮),1189,18,5899,608250,7,6,1,6,7,5,10,10,52
6CDFT53WN,はやて,HA6MUTC30,自由なのだけれど,547,0,5900,608000,9,7,7,10,7,9,8,8,65
N7JU2ZUOA,ザベちゃん,JE7V5MM31,蓮ノ沼に沈んだ泥,1036,13,5901,607750,2,4,2,6,5,6,10,7,42
BPPN7TY31,ミカン,ATB27G5P2,おこめ茶寮,761,0,5902,607500,7,9,10,6,7,10,5,5,59
JGDJBL79N,ろこ,998H940YN,お嬢様筋トレ部,1305,9,5903,607000,6,5,4,10,7,7,4,7,50
F04ZEPJ2I,スズ,WTVG86R4P,おしご党,1097,14,5904,606750,5,8,10,10,10,9,3,10,65
J7TZ1VPH2,はのけ,9YM3DBTB7,泥民館,1489,5,5905,606500,9,8,8,10,8,9,9,10,71
W1RG2NX4V,まつり,EE4BKR0AR,まったりプレイ,968,6,5905,606500,1,5,8,7,7,8,8,7,51
DJPXXFDLL,クルーゼ隊長,Y6KN85L5P,孤独の村人,593,4,5907,606250,10,8,6,10,8,5,4,5,56
8WXX2M8DA,さやかほ,GCFA4WL28,乙宗梢を愛で隊,1002,3,5908,606000,2,6,6,8,5,7,9,5,48
F7EPLTY7L,Tanasinn,BEMED3RY1,無言無課金ok,595,0,5909,605750,3,3,4,2,3,4,4,1,24
UY440ZNJ2,ＫＫ,N94LEWF2D,無言よわよわの会,1419,8,5910,605500,7,8,9,10,8,7,8,8,65
94XG6TH2K,CAN:D,J5CKL5YPX,ログイン勢かもん,689,0,5911,605250,9,4,10,6,1,5,9,9,53
XDU47T6J1,カステラ,88DJ300PJ,めぐ党 • 永遠,1074,8,5912,604750,9,2,4,9,5,8,8,8,53
O0C69X0YL,もっちぃ,8VGXWTV3U,R.opRizm,1032,7,5913,604500,7,7,10,8,7,7,8,10,64
RYWMTGDGD,Orca,HBK6KCRPP,無言でおけ,1051,6,5913,604500,2,2,5,2,1,4,5,4,25
CS3C6O53Z,かつのぶ,5V9TDD4NF,みんはや蓮ノ空部,1155,10,5915,604250,4,4,5,3,4,7,10,5,42
E8KGL3WRB,みやま,E7R11MYE8,ゆったり蓮ノ空,1039,13,5916,604000,10,10,10,10,10,10,10,10,80
XRWXNXGBX,Takuto,KGDNX3EF3,ENcircle,949,7,5916,604000,1,2,8,3,1,4,4,10,33
PU7H7UY6H,ツバサ,3BC4HYKKT,AT,467,0,5918,603500,6,6,7,8,4,4,4,7,46
7HKRRCMH0,不知火,AXG81GPMP,蓮ノ空マタギ部,895,8,5919,603000,7,6,10,9,6,10,6,10,64
3JVBXU2YN,Rafwieru,U2TLLC74H,あにょうじひめ推,443,0,5919,603000,9,7,7,5,7,10,8,8,61
EAB14LX1M,sui,19W3J4UMV,蓮ノ空チア部,740,1,5921,602750,7,7,5,8,5,7,5,7,51
U6XZFIJJL,にゅーとろん,V4A5MP41E,徒町チャレンジ！,1513,10,5922,602500,10,10,10,10,10,10,10,10,80
DVKBB3OH2,ゆずみち,5JA9K5FAK,オタサーの姫芽,898,6,5923,602000,1,2,3,5,1,1,4,4,21
INKGP7ORH,フジ,XTMGPY62U,スクステ初心者,809,4,5924,601750,3,1,3,8,1,1,1,3,21
WHUDCVNAA,RM,RKT7BC4F6,人形浄瑠璃乃,741,0,5924,601750,5,6,5,8,6,7,5,7,49
3K3NU4T84,柳書戀,R9NGK6L48,のんびりサークル,789,2,5926,601500,9,5,7,9,3,5,5,1,44
MTACUG4HB,Nokkiii,B4ADNM80X,山本組,821,2,5927,601250,9,1,4,9,4,4,4,10,45
NCXDDF9XA,シュージン,T4WY63DB9,ういのま,886,4,5927,601250,5,7,6,2,1,9,1,1,32
3JGXE5B5W,まもりんちゅ,5THY0BH4B,黎明の瑞蓮花,1114,10,5929,601000,4,2,4,5,1,8,2,7,33
OBCAGAJ7Z,てつじんFX,0JY7F3EKU,さやか愛でる会,998,2,5930,600750,6,4,4,5,4,4,8,10,45
M2X6OP6EK,ヨザクラ,K25DPPGT9,圧倒的にまったり,1075,5,5931,600500,4,6,8,4,1,4,5,5,37
DXTSZ8YSL,ひ～,DY6Y6DLK0,徳島,1169,7,5931,600500,9,6,5,8,7,8,8,9,60
HAB8VC5Y5,こころちゃん♪,F6T4HCV89,蓮ノ空♪山百合会,1431,9,5933,600250,5,4,8,8,8,10,10,10,63
XRGPHWY2U,kanpa820,K25DPPGT9,圧倒的にまったり,1004,2,5934,600000,1,4,8,6,5,8,8,5,45
YJZCJLEDY,シンセロ,F56XEUUBE,みらくら自習室,1364,12,5935,599750,9,8,7,9,8,9,5,9,64
XA1K9N847,ちびしま,JY79RPB1D,リンクラゆる部,970,3,5936,599500,5,4,7,10,4,4,2,4,40
PAEP5848G,ベル,HWXEVBW48,ミッション参加用,681,4,5936,599500,9,2,7,10,1,6,4,6,45
21HC35TJW,闇咲瑠璃夏,WJY2HK6A5,蓮の空イベント部,575,2,5938,599250,7,3,4,5,2,2,2,4,29
F7JBBR0LD,蘭,95031TR10,ひめぎん文化会館,810,0,5938,599250,8,6,7,8,5,8,6,8,56
NDB1CPBJ5,shinya,7MXXR7UBG,放課後リンクラ部,1092,0,5940,599000,7,7,5,8,5,8,7,8,55
F19L6MHGA,白羽　九音,9AYD3XJ2D,ぺんぎん隊,1222,17,5941,598750,6,7,7,8,8,8,8,10,62
6CR9FYFF0,コン,GYJ3C6TKR,綴理先輩好き好き,681,3,5941,598750,2,4,7,6,5,9,3,6,42
WL1IB1KUP,ポール,X4G2LXJB4,運命の人5万人,1047,9,5943,598500,6,6,6,4,7,10,8,10,57
K7U638T6V,むつき,WLFW6UCX5,無敵級ビリーバー,1303,17,5944,598250,7,7,6,7,5,7,9,9,57
HKWFFW93T,にこにこ星人,YTK29NJ0X,よく分からん会,538,2,5945,598000,5,2,2,5,3,6,1,1,25
SSTETL8LE,フンワリ,M1DLCR0R8,花帆護サークル,1149,8,5945,598000,9,7,7,8,5,7,8,10,61
GVKNL9AL5,なす,YMKU30246,参加賞がほしい,785,2,5947,597500,8,6,8,8,5,5,7,8,55
1CGRCP479,fgf,2UKNVBMBU,梢ちゃん同好会,301,0,5948,597250,3,3,1,3,3,2,1,2,18
0RRNRVGHK,MS09,PRY4573W6,報酬用,1080,8,5949,597000,6,6,10,9,10,10,6,10,67
GNXX6U6JP,信州サーモン,G1AFM0R9A,蓮ノ空釣行部,744,0,5949,597000,7,6,7,10,7,9,5,8,59
CU1M0EM8A,遙旭,V6DV6KETG,梢好き好きクラブ,1281,9,5951,596750,10,7,8,9,7,9,8,10,68
5P81MEUEE,シン,JWUL2T36L,チーム初心者,870,4,5952,596500,10,2,2,10,4,7,5,7,47
6OCY0UBIR,見習い探偵,JA2C658FW,さや綴理の村人,1193,3,5953,596250,6,4,6,6,6,7,5,6,46
HLDMJMRT6,芽签,73VTANA71,隨緣努力^▽^,451,4,5954,596000,2,2,4,4,2,4,1,4,23
JSJQFXYFP,だばす,FTUJJ5KM9,無言◎私生活優先,1031,4,5955,595750,7,6,4,4,5,8,5,7,46
RX1PYAC0A,ハマジ,X784G0GKM,異次元から来た,1015,3,5956,595500,3,2,4,8,7,10,8,10,52
KX7XW70BK,にまはん。,NJBBTCY3A,かにかに！,530,2,5956,595500,7,10,5,10,10,8,1,7,58
OB3OYXTTX,いずみ,CTXN94755,ホヤノ空,831,4,5958,595250,10,10,6,8,10,5,4,10,63
LXZB6F6RI,てーとく,0WW0K5XEX,くりあろーたす,987,0,5959,595000,5,4,7,8,5,5,4,7,45
QZ633097M,ナジュム,A7WWE0463,蓮ノ空初心者部,903,2,5960,594750,10,10,10,10,7,10,10,10,77
P666WL615,水餅,HWMV33W7Y,フラワー泥民館,1174,0,5961,594500,7,7,7,4,8,9,8,10,60
44BFRRB3M,walnut,HK0E91U71,放課後写真部,1294,18,5961,594500,7,6,6,9,6,8,7,10,59
XHHGLWFSG,siro,TR057C1UW,蓮ノ空ぼっち部,1186,7,5961,594500,8,5,7,7,5,8,8,10,58
RH1YHF0V6,T2,VLY5JDKCV,新規なのだけれど,339,0,5964,594250,4,5,7,6,7,7,5,10,51
VO56B8CX1,ゆきした,XE8513HNP,喫茶カワウ空✨,1239,18,5965,594000,7,8,5,8,8,8,9,9,62
3R3L9FVAD,しお,7NJM1VURM,らんるん部。,666,0,5966,593750,9,8,9,10,6,8,7,4,61
8AL620IEL,たゆなむ,M08GKL70U,ららマジ難民の会,1208,0,5967,593500,7,7,8,9,7,9,6,8,61
NPY969J0Q,MaveRicK,GR65FP8VN,蓮好き,621,2,5968,593250,4,8,3,4,4,3,8,1,35
L7WLFN576,けんさん,06DCWC1RE,とりあえず参戦用,709,2,5969,593000,1,3,9,5,4,1,7,7,37
FAN4DK8HU,XiEYH,CY3GGDH7H,㍿キモ・オタク,911,10,5970,592750,2,2,9,10,5,10,4,8,50
HXLWR75NA,ミント,E5JKTW00K,蓮ノ空まったり部,499,1,5970,592750,6,8,7,7,4,6,4,10,52
DB2A6GCFA,momo,37N3TNTVB,推しを布教する処,1186,9,5972,592500,2,7,8,5,7,8,6,10,53
UMR9ZELZU,しあわせうさぎ,7X71T9R7J,憩いの場所,1084,8,5973,592250,7,6,6,9,5,4,7,7,51
4A44A0FH3,loxter,73VTANA71,隨緣努力^▽^,396,0,5973,592250,10,7,4,10,4,10,6,7,58
AIACN3XZ2,しめさば,XHJLF3R8H,ゆったりプレイ,1192,1,5975,592000,8,7,9,9,6,8,8,8,63
83NNE9A7P,Euphoria,BELCUYCMH,蓮hkg香港分部,682,0,5976,591500,5,3,5,7,1,5,1,4,31
4K799HVMN,はち,X0TFG829Y,ボクのおうち,1083,13,5977,591000,4,4,7,7,7,9,4,8,50
UG8N8UE0E,ふどん,VNEY6C9BE,スリーマーメイド,859,0,5978,590500,8,4,7,10,7,9,2,7,54
SOX4C4JGJ,丸さんボーロ,UH94B4MTL,電電の遊び場,1058,2,5979,590250,4,4,5,5,7,7,5,5,42
X6CM69FAJ,428,KJU0BU77M,無言交流なし,1378,2,5980,590000,10,10,10,10,10,10,10,10,80
PTKKMUJ59,539,3FF3NB77X,せーはす愛好会,932,1,5981,589750,5,4,6,7,5,7,5,7,46
PRGG82GGC,NNH,EEP20F2M8,綴理の綴り,1280,16,5981,589750,9,8,7,6,7,9,9,9,64
UV9VXAR2J,蟹,R181MKNX1,みらくらは人生！,1148,18,5983,589500,10,10,10,10,10,10,10,10,80
1126N34B7,ヴぁい吉,5VBB4F8N2,灰色ペンギン,998,2,5983,589500,2,4,7,8,7,9,8,9,54
LBBGRWX01,ココア,0R8BXPRC1,ポチっ！とクラブ,389,0,5985,589000,1,2,10,2,1,6,1,1,24
C6AX017NX,彩,B2KV0EVPD,蓮ちゅきクラブ,1208,18,5986,588750,9,8,10,10,7,10,9,9,72
XKJK64K41,ていな,NT2KU5174,こずかほ。,1286,12,5987,588500,10,9,7,7,10,8,8,10,69
N9Q7VW6KF,HN未設定,UVN7G4X3A,闇のルビィ団,845,0,5988,588250,7,6,5,8,6,5,4,7,48
YW4YL3JF0,イモト,VP0K6KF0K,蓮ノ空大好き!!,765,0,5989,588000,7,2,1,3,4,4,4,2,27
RLA0JVUKJ,みんと,HPTHY23VR,蓮ノ空文芸部,451,0,5990,587750,10,7,2,8,4,2,5,7,45
KRCWCYP3G,たろた,8EX9KUG3E,コズエとツヅリ,767,0,5990,587750,4,3,1,6,1,8,8,4,35
FX90Q2BCD,ダイチ,VF517JBVB,無言でいいよ。,1235,0,5992,587500,9,4,4,9,5,8,8,10,57
C38NDJF95,がつぷん,976BY5JWK,ハルカカナタ,923,2,5992,587500,6,2,4,4,2,1,9,8,36
CJHC5HTV5,白濁課長,AH27N260E,百生信託銀行,946,0,5994,587250,10,7,10,9,7,10,7,10,70
7A5PUNGEN,MeRa,J80MEYHBC,Nymphaea,368,0,5995,587000,6,5,4,5,6,4,4,6,40
BU49T3EVW,ruin,BK8AXMYGC,いってらっしゃい,1168,15,5995,587000,8,7,6,10,7,10,8,9,65
19KYGA4WX,夏祭りん恋慕うい,25PMPEMG7,星見プロ,1555,15,5997,586750,6,4,4,4,4,8,4,9,43
ONBYD0CIZ,かわいぺんぎん,BW38LDPRF,蓮浦の星空,1344,11,5998,586500,9,5,5,10,5,9,6,7,56
T7U45Y5RG,さかな,GR750NEY3,魚肉セーソージ,984,7,5999,586250,2,10,2,6,7,7,7,10,51
CC3A193T3,たまご,07JW71HWG,良いチケで観よう,1278,2,6000,586000,5,6,6,9,6,9,7,7,55
FE48GFF93,のーちゃん,GW4CH70HK,TKG同好会,961,2,6001,585750,8,6,6,8,5,8,5,8,54
YUVYWEDLL,Ltsunahi,762FM3JV4,一蓮托生,926,7,6002,585500,5,5,4,8,8,10,3,9,52
858VFPHL6,キラ,J8HXTJ8TB,流し素麺同好会,1614,10,6003,585250,10,10,10,10,10,10,10,10,80
1WG3YG8G3,黄色課長,N7GLY2RUW,百生銀行,1254,1,6003,585250,9,6,8,9,7,10,7,9,65
YM24VM8DD,たぬ,C021HVB2B,第3芸能科,288,0,6005,585000,10,10,10,9,5,9,4,7,64
XU3C8N9JA,NTDiddy,YFADYJVW4,FPS好きクラブ,1000,5,6006,584750,2,2,1,8,3,1,2,1,20
V5UATWVGW,鮭,2VJG66JTH,まったり,841,0,6007,584500,2,5,6,2,1,1,6,5,28
UC7HYTK27,ﾏﾙｶﾞｽｷｰ,CTW8DKV5P,まったり,1191,11,6008,584250,5,6,4,2,1,1,2,5,26
SIOLOKXI1,ももちこ,HWJ8XPW0T,箱推しなのだけど,1135,2,6009,584000,7,6,6,8,6,8,5,7,53
9DLNXJ9JG,ライデン,5L9GNT78V,叶え！私達の◯◯,944,3,6010,583750,8,6,9,9,5,8,6,7,58
3VPW5BJEG,yuuki,Y6JNPC60C,綴理メイト,680,4,6011,583500,10,5,10,9,8,6,7,5,60
9MUO20C1C,フライア,L1XRGHJFA,今回はソロで！,1046,1,6012,583250,4,2,4,6,4,1,4,4,29
OP62IT83S,ヒロ,KXEME076E,つづさや親衛隊,1079,1,6013,583000,1,4,6,7,7,10,1,10,46
N1M1DTCLF,いわだー,4RNUXBXGL,みらぱ最推し,909,5,6014,582750,10,7,10,10,7,10,7,9,70
GKEAK0X4V,sasa3,RM7N1JDB5,無言推奨不干渉会,468,0,6014,582750,2,9,10,7,7,7,1,1,44
C52CHKFEF,雨美,FG4170141,♪さやか愛好会♪,573,4,6016,582500,5,10,5,10,10,9,4,7,60
DNMTDP9YF,金井かな,L6MF2MPBN,みらくらぱーく党,423,1,6017,582250,5,4,7,8,1,4,3,3,35
F595EB6AJ,キャンド,06DCWC1RE,とりあえず参戦用,408,0,6018,582000,10,10,10,10,10,10,9,10,79
248VA8R0D,ayu,A7WWE0463,蓮ノ空初心者部,440,1,6018,582000,7,8,10,8,6,7,5,8,59
KMBK336XK,kiyo,6YTAMD33M,リリエンフェル党,369,0,6020,581750,7,2,1,3,1,2,1,1,18
5W6EM8P7V,Polaris,HB9AU9DJJ,聖心党,1299,8,6021,581500,7,4,6,8,7,9,8,9,58
HUWBMU0KG,蒼ミヨリ,95TAREFPT,ご自由にどうぞ,1009,11,6022,581250,5,4,1,5,4,5,8,9,41
HOQZVO3QI,ゆき,NMFBD39FM,蓮ノ空分室,1297,18,6023,581000,7,7,7,10,7,10,8,9,65
Y6AD1P6G0,ウルトラホイサー,2CRT48K9F,百万アンペア,993,6,6024,580750,1,4,6,7,7,8,7,8,48
7982RRHGC,ケニーヨハネ,N83DW3NYG,†極最強倶楽部†,1386,9,6025,580500,9,8,9,10,7,10,9,10,72
F8H7K8DWR,カンベエ,M206VENTF,蓮紺の会,957,4,6026,580250,6,3,9,7,4,5,7,9,50
YY2RNLA7P,シュン。,321FF56TK,リンクラ芸楽部,840,2,6026,580250,4,4,4,5,7,4,7,8,43
R8V3E8P7R,るりお,J5CKL5YPX,ログイン勢かもん,731,0,6028,580000,8,8,7,6,7,7,6,8,57
OAAHHOF7T,ゆずは,578YG6EAT,桜桃花束愛聴会,1147,5,6029,579750,4,5,6,10,6,9,6,7,53
FH4WD920V,すべりこみノ空,GGK2P93JK,きゃらめる,452,0,6030,579500,9,6,8,8,7,9,8,9,64
30X7B04U8,ゆね,E7UBFLW56,同好会の同好会,1090,7,6030,579500,4,2,1,7,4,5,7,9,39
HG5BXGT9Y,O-とろ,BXGNMY466,ライグラ用,1002,2,6032,579250,5,6,5,8,4,9,6,9,52
K0HXDN52E,Lamp,NRK4MV1C1,茅バール,400,0,6033,579000,7,2,8,10,2,7,6,4,46
DXRPVLKXW,よいつき,P2J37FNLG,乙宗先生指導会,930,7,6034,578750,8,2,8,9,3,8,9,10,57
PNBVWB3LE,NYoppy,XRAHGBY4T,明星,879,2,6034,578750,5,6,8,9,9,8,5,9,59
AKFVR00YC,いしころ,6UAFKBRPN,リンクラ初心者部,504,0,6036,578500,2,5,8,8,4,9,9,4,49
VJ1PFCM20,ホットドッグ,K169NG9RE,桜色世界,558,0,6037,578250,5,2,1,2,4,8,5,7,34
1H9JO3P85,緩田(ゆるた),XR2P2LDY3,蓮ノ空さいきょー,1315,2,6038,578000,6,8,9,7,6,9,10,8,63
NR1MG6JCR,采菱,Y5J5Y90CD,まるまるサークル,1091,13,6038,578000,5,6,5,5,9,7,6,6,49
DHUHLBXCL,X-ゼルガード,Y6JNPC60C,綴理メイト,996,3,6040,577750,1,7,4,4,9,9,7,10,51
88E0A9DNA,かなめ,75UJ5RB97,蓮ノ空雪野球部,518,0,6040,577750,6,3,10,10,6,9,4,10,58
GYPJK86TE,Sai.K,V8XX999F6,卍蓮村幼稚園卍,812,0,6042,577500,7,2,7,10,4,7,3,7,47
YP6HP791G,ユウキ,PYFYMJGT2,サークル(仮),955,3,6043,577000,4,2,7,4,5,7,5,5,39
MZFAJSTZJ,Raito,FVJABCVP3,瑞蓮ラボ,1045,3,6044,576750,8,6,6,10,8,8,7,8,61
NC361VFYN,клоун,GYG7B5R36,幼馴染同好会,1038,11,6045,576500,5,4,7,5,4,10,8,9,52
B44K3GPYN,白玉みりん,9U8KNU6U9,対抗戦用,216,0,6046,576250,1,2,1,2,1,5,3,1,16
JK4UG7F9F,もっちゃん,KC1W74B9B,蓮六園,887,2,6047,576000,7,4,4,8,5,8,5,6,47
N0RU7XDMX,ショウ,VY26V3P0K,AltF4され隊,1081,13,6048,575750,7,4,7,6,6,7,8,9,54
WGQGRIDWV,シノ,FHN78V2DJ,無言でどうぞ,1246,6,6048,575750,7,7,6,8,5,7,8,10,58
YK8GVYG37,いそべやき,E7UBFLW56,同好会の同好会,945,11,6050,575500,2,4,3,5,2,7,1,10,34
EE7GXYR3S,MAZDA,573J1JVVK,かほかほ,999,5,6051,575250,8,5,6,7,4,9,4,7,50
N0OQXIE2H,ほー,KWX0HVHCT,梢と綴る刻,621,1,6051,575250,2,2,2,6,1,1,8,8,30
IO7DUMT4T,温泉饅頭,BEMED3RY1,無言無課金ok,1352,1,6053,575000,6,6,10,9,7,10,10,10,68
0VQSAJ8ZL,れんこん,8VGXWTV3U,R.opRizm,1358,15,6054,574750,8,8,9,9,7,9,7,9,66
KWL5BU5XE,おせんべぇ,BG041A4MD,TK会,836,0,6055,574500,5,4,5,4,5,7,5,5,40
ZNNX45LRX,せかい,KFC62L0FV,ねるねる同好会,1422,16,6055,574500,7,10,5,6,4,6,10,10,58
DMZICJ1FP,めたつか,JDAG79TG7,百合ノ空観察部,1342,6,6057,574250,7,7,5,9,5,8,1,8,50
6P8H9FMLN,あつみ,DKNHY5HH6,なす料理研究会,902,0,6058,574000,7,6,5,7,4,7,4,7,47
GZ7G4WE2K,/μ/Neco,17AEM7PUN,SIFcord,445,0,6059,573500,8,5,4,8,6,7,8,9,55
LJKKX85U2,さやエンドウ,HGVHHB78D,蓮ノ空写真部,1090,6,6059,573500,2,4,6,7,7,7,7,8,48
DLP7H2C4B,もる,3BE2RELRC,見晴台,1081,4,6061,573250,7,4,2,9,4,8,7,8,49
LUNL3885T,零,XHJLF3R8H,ゆったりプレイ,695,4,6061,573250,8,10,6,4,7,7,4,10,56
92WGW0ANF,イハナ,N0EXH1CM1,ぱちぱち徒町,876,0,6063,573000,7,2,3,2,1,2,4,7,28
A9TVCYB35,ODA,FVJFA973A,月猫愛好会,549,0,6064,572750,6,6,6,2,4,10,3,5,42
FT9V085DE,かとぺ,BT3GEWM5L,ささやか村の集い,1212,4,6065,572000,7,8,9,7,5,8,5,8,57
KG2MSNIBI,YOK,7J3DF36RX,綴理しか勝たん。,997,10,6066,571750,8,7,7,6,8,6,7,9,58
BCR4YMPWV,391009,AVY8PECF0,初心者の集い,566,0,6067,571500,10,4,8,9,4,9,7,8,59
BG5Y2NB90,青いトマト,HGVHHB78D,蓮ノ空写真部,911,0,6068,571250,5,6,5,7,7,7,4,7,48
P39VXMFCH,たけだけしいたけ,07JW71HWG,良いチケで観よう,1118,0,6069,571000,6,6,5,4,5,5,4,7,42
PD9U9BGR0,秋ナスの木,N7GLY2RUW,百生銀行,614,0,6069,571000,1,1,1,2,1,1,1,1,9
B3M6BL42P,あ,KXB93FVTR,ブルームガーデン,1121,3,6071,570750,4,2,2,6,5,7,6,6,38
2616369MH,さくらタコヤキ,60KU468X3,はっすーず,1125,15,6072,570500,8,8,9,9,6,10,7,8,65
B46EBMW0B,なが,EPWMMAXNY,蓮ちゃん初心者,1048,10,6073,570250,4,6,8,9,7,7,5,7,53
BP32P8CE4,タコベイ,CYJAC1CK2,チームK,822,2,6073,570250,7,7,6,8,4,5,8,8,53
BNYTD5GLJ,じょん,89K9Y7MX7,初心者歓迎,708,3,6075,570000,5,10,5,10,9,10,5,10,64
EVKMNTFX8,ことソロ,8VGXWTV3U,R.opRizm,911,5,6076,569750,7,6,8,5,7,6,5,7,51
IC8DC2T2I,フォーリン,BYA3FA0X8,無言ぼっち同好会,1361,9,6077,569500,8,6,7,9,7,9,7,8,61
Q5Y1MFWJG,HKいかめし,3LUL3WR8Y,零組,1136,4,6078,569250,4,6,7,5,7,4,5,5,43
L0794C9D6,みちゃんかわいい,LLDLG20UU,UR取り隊,401,0,6079,569000,7,10,7,10,10,5,6,10,65
NB3WHDF34,Blue0v0,GWGDMA3YC,初心者無言自由だ,395,2,6080,568750,8,5,4,10,7,8,4,4,50
P7GA6F3UT,通行人z,MG1G6F487,蓮ノ空無微課金部,1207,4,6081,568500,8,7,5,6,5,8,8,9,56
LLF02VNK3,pot,T56X6LP0L,光の海,1037,8,6081,568500,4,6,6,4,4,7,5,9,45
YKC0BTK7F,じぇい,58FD7UF8J,としとしサークル,925,3,6083,568250,1,6,1,6,5,1,1,10,31
7K8BJVRLH,ももな,8VGXWTV3U,R.opRizm,882,3,6084,568000,2,1,1,2,1,2,2,1,12
W73TFLTX8,ちびまる,N6TVG18P8,すきすきクラブ,830,4,6085,567750,3,3,9,5,3,10,5,3,41
32PSH8NV3,とん太郎,EWM0GK62C,誰でもどうぞ,1144,10,6085,567750,6,6,8,8,7,9,7,9,60
9PF2CD2KM,tama8101,XTMGPY62U,スクステ初心者,1009,2,6087,567250,6,5,4,7,5,5,5,8,45
KAN1DG8NK,hotdog,K169NG9RE,桜色世界,864,4,6088,567000,2,6,3,7,7,9,7,9,50
9SWQR4QN1,なつかわ,PDMPF3VVV,r/LL,1481,4,6089,566750,5,6,6,4,4,8,7,8,48
R3F09RN01,るん るんな,4KRBU0KFF,ノーチャン会,799,2,6090,566500,10,6,2,9,1,8,3,6,45
0DIYK8RKB,りれ,3HDDYR4FU,旅人,1182,12,6091,566250,2,2,6,2,5,4,1,9,31
MLCJGLANM,えすえすさん,FTY0R8KPH,泥の皆様,1262,16,6092,566000,8,9,9,8,6,7,8,10,65
NYQTWYLT1,digi,CPT7M02TT,起きられないマン,1214,9,6092,566000,10,5,2,8,7,10,10,10,62
LTDNUKD6Y,COLORE,PULJ8VCHJ,蓮ノ空を推す会,672,0,6094,565750,8,6,8,10,7,9,7,8,63
TUJAAL2V3,ゆきまさ,08DDCV5JN,黒ねこのしっぽ,830,0,6095,565250,10,10,10,10,10,10,10,10,80
YJ8E9TJ4E,紅蓮の漆黒IV,8YNHW7530,虹ヶ咲、蓮ノ空,648,0,6095,565250,5,4,4,6,1,4,1,4,29
4RVH0M1GC,宥黎,6MWHCNJE8,蓮之空小賣部,373,0,6097,565000,3,2,5,5,1,4,3,4,27
29U4P60UL,スグ,AC94W0LN2,無言で自由に,818,0,6098,564750,8,5,5,6,5,7,7,7,50
F905EDYBK,ハチゴ,9RYR14H9L,ソロマターリ,920,0,6099,564500,6,6,6,7,7,8,6,9,55
DM1QLXKOE,ぴのっ,DLF2YK8WN,サクサクサーカス,1037,11,6099,564500,4,6,8,9,5,10,5,8,55
AGNY1A44A,へなちょこ,HPTHY23VR,蓮ノ空文芸部,930,2,6101,564250,5,6,8,7,5,7,7,7,52
NBG0TN1VK,ケムシャル,CRYB2FJ64,つくよみくらぶ,872,1,6102,563750,1,1,2,3,1,1,4,5,18
NYCHU7MLA,raizin,A73H7ENN2,エロマンガ同好会,1225,18,6102,563750,6,7,7,8,7,9,9,10,63
F863B2YM2,アリア,NTEN8U71F,個人用,935,1,6104,563500,7,5,9,9,4,4,6,8,52
9VK6H3CH4,やわらかちゃん,FR5PDRB5Y,株式会社つづさや,360,0,6105,563250,4,2,1,3,1,2,1,1,15
58LD8VV05,万有グラビティ,FMWNYA91A,夕霧鼓門0.17,769,3,6106,563000,9,10,10,10,9,10,10,10,78
J59A0TC4D,迷いながら〜,KULVP7FDR,アニマル分室,1081,14,6107,562750,9,9,10,10,8,9,4,8,67
J3KYNTYL0,のわ,9GDHWXGVG,ルリと花咲く毎日,1075,13,6107,562750,2,3,3,2,1,3,3,2,19
C8L5PCUQK,ナオ,5L5TJF7YV,蓮ノ空女学院寮,1029,2,6109,562500,6,6,5,6,1,6,3,7,40
B99NHCH1R,ユレ,EECF9C0N3,蓮ノ空　茨城分校,1023,2,6110,562250,6,6,6,7,5,9,6,8,53
7CDGF75Q5,まーし,FC8NBAJBT,ラー麺二郎金沢店,1294,8,6111,562000,8,6,7,5,7,8,6,9,56
P2H2N6CGD,ごぼー球菌,R1RM3X0WV,後方腕組みオタク,562,0,6112,561750,4,6,4,7,7,1,2,6,37
R4JXKNNA6,しあの,K3LMN5JHH,金沢カレーの皿,1049,9,6112,561750,2,7,2,10,7,9,1,10,48
NHG37MAYB,Kaede,E8K438RP1,リンクラ初心者部,155,0,6114,561500,4,4,5,3,3,2,1,3,25
6KTF4MF77,なりりんご,ULUELCJ7T,なるようになる？,884,6,6115,561250,5,2,1,7,4,5,6,6,36
3YP17J9AW,アッシュ,PUJ0ERCMW,蓮ノ空倶楽部,666,2,6116,561000,6,4,9,7,4,6,1,4,41
I45HQK45Z,練心,HA6MUTC30,自由なのだけれど,1024,3,6117,560750,8,6,6,10,7,8,7,8,60
CY93LEX5V,トレハロース,ABALH0AL3,楽園計画,981,3,6118,560500,6,8,8,7,7,7,9,10,62
1OTQLFCB6,かじー,VXDPPJJL1,蓮ノ空リボ課金部,1344,6,6119,560250,5,8,9,9,3,10,3,3,50
LZOIYR7K4,レーイ,ULUELCJ7T,なるようになる？,969,3,6119,560250,4,2,6,9,4,9,4,9,47
RATUEJ6W7,バシム,D7UA5ER1E,UR報酬欲しい！,442,2,6121,560000,9,2,10,4,9,8,9,1,52
VHD5K4PF5,cyrenox,KGDNX3EF3,ENcircle,1164,8,6122,559500,4,4,2,9,1,10,5,5,40
1PULVYJ3T,Mr.カズサ,J5CJ60JTY,Jサポx蓮ノ空,989,13,6123,559250,4,4,7,5,4,7,5,7,43
U53M6XR6R,ししゃも,V8XX999F6,卍蓮村幼稚園卍,415,0,6123,559250,8,7,7,10,5,9,7,8,61
7TK41HP2V,藤霧梢,8YNHW7530,虹ヶ咲、蓮ノ空,661,0,6125,559000,4,4,5,4,1,4,1,4,27
HFZ9LEO71,はいど,ABALH0AL3,楽園計画,1265,15,6125,559000,7,8,9,10,6,8,7,10,65
II7MPFFZI,ムム,GG56G6WKD,FF43企鵝冰屋,1218,18,6127,558750,5,5,5,5,10,8,8,10,56
ETR8EC497,nagcgy,AWFDLJ1HC,小蓮花（重生版x,924,4,6128,558500,1,2,1,3,1,1,1,1,11
6A00GCUKJ,マッキー,C68491XHB,みらくらぽーく！,960,6,6128,558500,6,8,7,4,4,8,4,7,48
MYTRRLANJ,Tuma,BVEEDJGKH,さやかの首のあざ,809,0,6130,558250,7,6,5,8,5,8,6,8,53
U0TR01HPB,アキ,9DFV9UTW4,白ひげ海賊団,355,0,6131,557750,3,4,8,3,2,5,5,3,33
884KW9TU7,天音いちご,W3F0URUJC,梢先輩応援団,1080,13,6131,557750,6,7,6,10,9,10,9,9,66
D2G2XW2LF,鳥バード,LX25CP0TG,深夜の芋煮処,846,1,6133,557500,4,4,4,6,1,1,1,4,25
YJP5K201C,west,F90XW14UP,のんびりプレイ,591,0,6134,557250,8,7,8,9,5,9,5,10,61
KGQFP3AE7,さはら,A3472CNJE,ハントン✿ライス,1188,3,6135,557000,4,4,7,6,4,7,6,6,44
9X6NGG2EU,√セイリュウ,HE0GK3EPE,瑞蓮プロカ倶楽部,1009,4,6136,556750,10,10,7,6,4,5,8,8,58
5M9Y120TC,エスクード,37N3TNTVB,推しを布教する処,917,3,6136,556750,4,7,4,8,7,10,5,9,54
J95E56X92,みみた,RKT7BC4F6,人形浄瑠璃乃,939,6,6136,556750,5,5,5,6,1,6,4,8,40
62PCEOQR8,Nakyoui,998H940YN,お嬢様筋トレ部,1154,8,6139,556500,7,6,4,9,4,5,5,7,47
6HHFM7N28,はなぶさ,X0TFG829Y,ボクのおうち,1167,10,6140,556250,9,7,6,7,7,10,8,9,63
GZ6OCC2V2,モンスターボノ,1DU9LCND7,蓮ノ空すこやか部,1129,10,6141,556000,2,6,6,3,1,4,2,1,25
FLGE7C4T3,雪靴猫,CT6NE6GX4,未達成未来部,324,0,6142,555750,2,3,4,2,1,1,1,1,15
23043GD8P,シリカゲル,UX96YX4T1,『位置について』,1029,13,6143,555500,7,6,5,9,6,8,6,7,54
ZJ8GJYKPY,エニィ三角,8M2MFU9U0,リンクライブ,814,0,6144,555250,4,4,4,4,4,7,8,1,36
PTCGMG2VB,かるた,YADX9DY49,ﾊｽﾉｿﾗｰ,1008,1,6145,555000,4,2,2,6,2,7,4,7,34
C3GWYGKKU,もりのらくだ,73CBYJYB0,"oNM,",1120,7,6146,554750,9,6,8,10,7,10,8,9,67
46617987D,十六夜 セツナ,23YJ44XUE,あつまれ好好の森,1001,7,6147,554500,6,7,9,8,7,8,7,7,59
HDXT7K6TO,weeb,C0NDBKMRB,すりぃずぶぅ家,899,6,6148,554250,5,9,3,5,10,5,4,1,42
A85GTHE7F,ソメスグリーン,8BAYBXUXC,スリブ大好き♪,1079,12,6148,554250,8,7,7,8,7,10,7,8,62
XBGTPJN3T,yochan,WCL6R1ANU,無所属の会,711,3,6148,554250,9,6,6,8,6,5,4,10,54
T5FCEVV1C,おぐ,6N3F238R0,イベント参加用,717,0,6151,554000,7,6,6,9,6,8,5,8,55
N8CL9L7AA,木葉,2PVYU5V33,ライブに行き隊,1093,4,6152,553750,7,7,7,8,5,8,7,8,57
54NDD8AW6,りんか,PNKCBFP4B,おばんです,702,2,6153,553250,4,5,9,6,8,8,1,10,51
EN8TNRECG,イデア,FR5PDRB5Y,株式会社つづさや,1055,2,6154,552750,7,4,5,7,6,4,5,7,45
NUYX2A2FK,キヨト,9FF5JBNDF,めぐすきクラブ,929,7,6155,552500,3,2,10,7,1,4,1,3,31
XF4RTD3PD,n,3194B9E93,初心者寄り合い所,795,2,6156,552250,7,6,7,10,4,1,1,7,43
8E99BFU9E,まもののるつぼ,1D7T2UXC2,無言でのんびり,1038,4,6157,552000,7,6,6,8,4,8,8,10,57
4U7BJLI0H,花陽浴,B6KWXGHWH,蓮ノ空SIFC,1182,2,6157,552000,7,6,7,9,5,8,8,8,58
IK04UV2OB,くらり,VF517JBVB,無言でいいよ。,1031,0,6159,551750,7,6,7,9,7,9,7,9,61
BG7RRQ5BQ,琢斗,YB3VJBCCH,愛トモの会,1108,10,6160,551000,6,5,10,10,5,7,9,8,60
8E9593TDB,Chika,M8FM7P139,蓮ノ空ひとり旅部,688,0,6161,550750,4,4,5,7,4,7,5,7,43
4JP7T6L40,にしゆ@空蝉,YVV9CMBLW,東京公演で沼落ち,1045,0,6162,550500,8,7,6,8,5,8,7,9,58
XYCFFZXK5,でぃー,KC1W74B9B,蓮六園,1185,9,6163,550250,7,8,9,7,6,9,8,9,63
R8GBC98WG,支払い名人,V6DKUH6JT,報酬だけほしい,405,2,6163,550250,10,5,9,2,1,7,5,5,44
BINLDJS3N,Seasat,73CBYJYB0,"oNM,",975,0,6165,550000,1,2,5,2,5,5,5,5,30
7U3C8K7VU,しまい,VD7N7A4WH,氷青色,581,1,6166,549750,2,2,9,9,10,6,4,6,48
D0CXN1GEG,ヒト,EEP20F2M8,綴理の綴り,583,2,6167,549500,10,10,10,10,1,6,1,5,53
NUYE74D9M,まきまき,05KN1RR3U,さやかほ花卉園,1000,3,6167,549500,5,3,4,4,7,7,3,7,40
O7PYEMVBR,マッティー,5JA9K5FAK,オタサーの姫芽,1137,9,6169,549250,1,2,6,10,5,7,1,9,41
WWVES6M3C,ルクス,73CBYJYB0,"oNM,",1025,8,6170,549000,1,4,4,2,1,8,1,5,26
TP63C3K9F,本D,AH27N260E,百生信託銀行,389,0,6171,548750,2,3,1,7,2,1,4,5,25
GXJWXWDT6,ちひろ,K8C99H42D,ルリと喜ド！愛楽,1109,2,6172,548500,7,6,4,4,7,9,6,7,50
IHL8AP0YV,ノエ,6HV2RH6TU,イベント用、無言,1544,17,6173,548250,10,10,10,10,10,10,10,10,80
NGFCPGMWM,青野パスタ,K69M1X95F,アイリス,884,0,6174,548000,4,4,6,7,5,5,8,6,45
846BTKT3U,ゆうと,9E910GGD2,蓮ノ空給湯室,748,6,6175,547750,2,2,10,4,1,6,1,1,27
4TQFVZC95,ほげ,CM5THHYHB,「」ノ空だけれど,1196,2,6176,547500,7,4,4,8,4,4,5,8,44
NXN5DLGR6,はるうさぎ,DXDET4VJ3,ひめっち対よろ！,776,2,6177,547250,3,3,4,2,1,9,6,8,36
TKGCHB9Y7,Crane,KGDNX3EF3,ENcircle,717,0,6178,547000,10,6,7,10,4,8,7,7,59
9TZFW4GNN,qasireu,E6LTKUYW4,月火水木金土日,1211,12,6179,546500,9,7,7,8,6,8,8,10,63
UJKKYDYFL,Assassin,MCFN901TJ,ワノ国天祥,817,2,6180,546250,4,4,4,7,8,1,4,7,39
QQQW5MJS2,まぐ,0JY7F3EKU,さやか愛でる会,958,3,6181,546000,1,9,2,6,2,4,1,7,32
M5A4O5IX8,みんと,N2KCENRKH,猫＆旅大好き部,1227,0,6182,545000,7,7,8,8,7,9,8,9,63
7DKMEGBI6,ほかほかさやかほ,05KN1RR3U,さやかほ花卉園,1641,10,6182,545000,10,9,8,10,9,9,8,9,72
WVZDSZ0AF,ともね,DFXN9DB2H,どんぐり共和国,1116,5,6184,544750,4,7,6,5,7,8,5,5,47
2B55VBFM2,結衣,NA8FEYN0M,蓮ノ空飲酒クラブ,948,0,6185,544500,1,2,1,2,1,1,4,5,17
A0LRRP2J9,モギンソ,NMRKHYYRM,ご自由にどうぞ,218,0,6186,544250,9,8,8,5,2,4,9,8,53
4BBWK0TPE,はやとん,TD87P23DJ,黄昏の旅団,613,1,6186,544250,2,2,4,3,1,1,2,2,17
XXH1QBRDU,岩石,XEENRBXCG,蓮ノ空休日クラブ,1013,1,6188,544000,6,5,4,8,4,7,5,6,45
E9WM8T1IA,りらリラゆ,Y7WU9XUY5,自分用(８字少な,1063,3,6189,543750,5,6,6,8,4,8,7,9,53
5WYDVVVA1,くつげん,5WUDLMWEP,蓮ノ空は明日ノ空,1061,3,6190,543500,7,4,6,8,5,9,8,7,54
YH78KE8MG,なお☆,MUXWTW1GV,蓮の空見守り隊,695,5,6191,543250,1,6,10,5,1,4,1,4,32
AB49GUDRE,るっつ,PR2BGEK5K,ありがとう大三角,1047,8,6192,543000,6,6,7,9,5,8,5,9,55
XJG29XGNC,蓮トマト,GVNKNN878,Aqours,921,3,6193,542750,7,7,1,7,5,8,5,4,44
V90Y91T4H,DsHeaven,E7UBFLW56,同好会の同好会,979,13,6194,542500,5,8,6,9,5,10,6,5,54
YWPCELXWX,よしみ,WCL6R1ANU,無所属の会,479,0,6194,542500,7,2,1,7,1,1,3,1,23
6K3KUG7CG,iroha,K69M1X95F,アイリス,928,6,6194,542500,6,4,7,5,4,6,5,7,44
G0QT9LBIN,あか,G0J2F9NAL,さやさやさーくる,1072,0,6197,542250,6,6,5,4,4,7,6,5,43
VUML2LXC5,きぐたま,L1VGJTD5P,蓮ノ空お茶会部,1149,9,6198,542000,7,7,6,10,5,9,7,10,61
15TMK5E88,花太郎,E7UBFLW56,同好会の同好会,934,6,6199,541750,4,10,6,10,5,6,5,7,53
BD0XAW2F2,ゆうびっと,998H940YN,お嬢様筋トレ部,1275,4,6200,541500,7,4,9,4,7,8,9,10,58
BR9BUTED9,cross,E7UBFLW56,同好会の同好会,523,3,6201,541250,7,8,8,6,3,6,1,10,49
XKLJ2EBER,シェフカワサキ,Y2R7E79U3,カワウソ同好会,1179,12,6202,541000,6,2,1,4,4,7,8,4,36
5O0HMLKPZ,りあ,E76N52LMW,イベントのみ,1165,17,6202,541000,7,8,8,9,7,10,8,10,67
QS8L0QE5K,まさにゃん,54UAWUBHN,リンクラスキ♡,1292,10,6204,540750,8,6,8,5,1,8,1,8,45
9GNW0Y9UT,しおから,1EL57CDR0,なんもわからん,643,0,6205,540500,6,8,7,8,9,5,5,5,53
W05E7TMLB,あき,A14TUJRCY,108期 煩悩,1371,8,6206,540250,10,10,10,10,10,10,10,10,80
MM4J3L0W0,めろんさわー,1UBNNHVLG,蓮箱推し（仮）,999,8,6207,540000,8,8,3,7,4,1,1,1,33
5J1RBY7FG,あぅあぅ,T0111M4BA,闢ｮ繝守ｩｺ,633,4,6207,540000,2,3,10,5,1,10,6,6,43
UDTVBDTTE,ぐらぐらす,HH93ADAW3,無言自由。,925,0,6207,540000,4,2,3,6,7,8,7,10,47
NN6156T93,よぴ,GW4CH70HK,TKG同好会,1354,9,6210,539750,8,7,8,7,7,10,8,10,65
3O3Y6YK8N,コズエ,WLLWJ8ADP,乙宗筋肉サークル,1227,13,6211,539500,6,6,6,10,5,9,9,10,61
EBJVNR9XA,伊地知,WN3LHKX0L,レンコンおいしい,480,2,6212,539250,4,2,4,7,4,7,4,8,40
NMP3L5NNJ,普通NEKO,26JDLMBLN,徒町は強く生きる,896,0,6213,539000,7,5,6,7,5,8,6,5,49
VN60I5W14,花,3HDDYR4FU,旅人,1228,9,6214,538750,8,8,8,8,6,9,6,9,62
XTAM81WH5,ぽりん,865UE9UC6,蓮ノ空うどん部,1215,1,6215,538500,4,8,8,10,1,10,8,8,57
M7JGMJFA8,しゃんま,23PGPJ3NV,蓮ビギナーの集い,350,0,6216,538000,2,4,4,4,4,4,4,2,28
VECX762B2,あつしめん,9YM3DBTB7,泥民館,1306,9,6217,537750,8,7,7,10,5,9,7,10,63
K4178HGYW,あかはね,TKY73B47T,FREE,526,0,6218,537500,9,6,4,9,7,8,7,8,58
54PGI7THP,とよ,V26546K3D,乙宗気合筋肉,1242,4,6219,537250,4,4,5,5,4,5,10,9,46
2K9EBJ5HV,ドレッドデース,YVV9CMBLW,東京公演で沼落ち,809,1,6220,537000,8,7,1,10,1,7,10,9,53
P80R78494,進藤•野中うたい,YFADYJVW4,FPS好きクラブ,688,3,6221,536750,4,6,2,3,1,1,5,5,27
KGK3LXE4F,真島吾朗,36DAM7HBL,蓮隠れノ里,1142,5,6221,536750,7,6,5,8,7,8,6,8,55
LBCPD48F5,Siyuu,UHWA4YLWP,蓮ノ空を見守る会,756,4,6223,536500,9,6,7,4,5,10,4,6,51
R0E2W149E,ながこ,DHKUGEWBJ,めぐ党虹ヶ咲支部,1006,1,6224,536000,5,2,2,2,2,2,1,1,17
APHJQ7NPO,自販機18号,63AKA05VR,まったりGngy,814,2,6224,536000,7,6,10,8,8,8,6,10,63
HM27XA62R,暇猫,V7768X8AC,せーので！,1131,8,6226,535750,8,7,10,10,8,8,10,10,71
XL260YCAJ,びにこん,9UA1G4YRP,カボチャのプリン,633,0,6227,535500,3,4,5,1,3,7,6,5,34
1HWWWC5U4,クッキー,4URND90YY,参加賞狙い,825,5,6227,535500,8,10,8,8,8,8,8,10,68
ENC2E07TG,らい,8MLVA67AK,聖ミリオン女学園,750,0,6229,535250,7,6,4,7,5,7,5,5,46
CNW4CEET9,グゥ,MY7PHGEAX,かがやき号蓮女行,1380,6,6230,535000,8,8,8,8,8,10,9,9,68
5QG33GHHD,烏龍茶,M49MMBK4F,スリーズパーク,1241,9,6230,535000,9,8,9,10,8,10,7,10,71
RZWV59NGP,椿,DX1KUEUDK,帰宅部,972,4,6232,534750,5,9,4,8,9,5,4,5,49
SNRV55GP6,カカオ,TD87P23DJ,黄昏の旅団,777,2,6233,534500,10,4,5,4,4,5,5,8,45
QZI4DUQQL,じょんえるりっく,N0EXH1CM1,ぱちぱち徒町,1144,13,6234,534250,7,8,9,10,6,9,7,10,66
E389HHET6,アズサ,FVJFA973A,月猫愛好会,404,0,6235,534000,8,6,5,6,5,7,5,7,49
VKQDTH6VH,エクレア,YWY6C7K6H,蓮ノ空,963,2,6236,533750,7,6,6,6,5,8,5,7,50
D4T1KUK4D,しきん,HE0GK3EPE,瑞蓮プロカ倶楽部,1318,8,6237,533500,9,6,7,10,6,6,7,9,60
6AGXCDU9W,YoT,4J35EAAHM,蓮ノ空麻雀部,1089,9,6238,533250,9,8,10,9,9,9,9,9,72
L4TH6HR3R,桜小路恋,YAD615PCK,蓮を咲かせる泥達,1375,13,6239,533000,7,7,6,9,5,7,7,7,55
HC7HANURE,KCC,YFADYJVW4,FPS好きクラブ,945,0,6239,533000,7,6,5,8,7,9,5,7,54
YBWMEMYKT,Morin,573J1JVVK,かほかほ,455,2,6241,532750,10,6,6,6,5,6,2,7,48
5ZQU0EHHE,無冬夜,V33FGRFC4,1限目に遅刻ラブ,1143,2,6242,532500,7,6,6,5,7,9,5,9,54
LD235WHP6,あだまん,A2CX6TGN5,大衆酒場 蓮ノ宴,326,0,6243,532250,6,6,6,8,4,8,5,7,50
3XL963EHO,ダンクウ,YK0X6N2HN,無言OK出入自由,1315,15,6244,532000,8,7,8,8,5,9,7,9,61
BXHAYO7HG,リンゴ,A3472CNJE,ハントン✿ライス,1193,11,6245,531750,10,7,8,10,7,9,7,8,66
1A0NKC4CB,Graphite,VPYHCBY6H,DJかちまち,1145,18,6245,531750,5,7,9,6,6,7,9,10,59
P1QFE52O2,tomo,F2FFNFUYE,深谷家,857,0,6247,531500,5,4,6,7,1,5,1,5,34
5879K671M,ゆゆ,BKUHCT7WF,蓮女お嬢様部,1034,2,6248,531250,6,6,6,7,4,7,8,9,53
XVCXAWQ2B,スガポンド,3JDDUYURT,無言,1159,14,6249,531000,5,6,8,8,5,8,7,8,55
PEM9EFPCB,ひつじ,ABALH0AL3,楽園計画,900,7,6250,530750,1,2,6,4,1,5,5,4,28
9GI65WS8C,ロッソ・幼妻,EHY4K2164,泥…ご期待下さい,1088,2,6250,530750,4,6,6,5,5,5,7,9,47
BW04BNKWV,Nemoru,5VBB4F8N2,灰色ペンギン,327,0,6252,530500,2,4,4,3,1,4,1,4,23
P9H51E2YW,アンノウンⅡ,WKG02VMU6,先輩で遊ぶ2年生,385,0,6253,530250,7,6,6,9,4,6,5,7,50
18JU66WE8,ボブ,9WJB6YPPN,温室花畑,1004,1,6254,530000,7,2,3,6,5,7,7,7,44
E6T9AW047,蓮ノ三天王,HXVYGL96H,初々しい対抗戦,352,0,6255,529750,3,3,9,6,1,7,10,10,49
UUPKYW262,minits,MVMP6NNXD,空き時間らくがき,1210,0,6256,529500,8,7,6,9,7,9,7,9,62
PXK8EXPRW,きみどり,DE09E45EE,田中団,930,2,6257,529250,5,6,4,7,5,6,5,5,43
6PFP8556Q,ヤナギク,TM19BMU7C,ソロプレイヤーズ,1124,18,6258,529000,5,6,6,6,5,5,7,10,50
THKOR1TDW,うつりぎ,2VJG66JTH,まったり,1373,7,6259,528750,6,2,2,7,1,4,4,3,29
REP64EK0T,クリステル滝川,PUJ0ERCMW,蓮ノ空倶楽部,398,0,6260,528500,3,3,4,10,3,4,1,4,32
M10NB9HC8,グラン・ルナ,N7GLY2RUW,百生銀行,865,4,6261,528250,1,1,5,2,1,1,1,9,21
A5AH7NW0R,トモ,AHE0E3JND,ありがと！にひっ,818,3,6261,528250,10,9,4,8,5,7,6,9,58
H88AFB9YU,丸刈り先生,F2M746D4B,頑張らないクラブ,1119,14,6261,528250,8,8,8,10,8,9,8,9,68
NUDZ0IOQF,むにゃ,KXB93FVTR,ブルームガーデン,1250,13,6264,528000,8,7,8,9,5,8,7,8,60
H4GKT4ITF,タツ,M851LEV3N,なっす父兄,1280,3,6265,527750,7,6,7,9,7,8,8,8,60
TK48CG05W,なぞ,FVJFA973A,月猫愛好会,607,2,6266,527500,7,4,7,9,5,7,9,9,57
2X30O0GNF,As,LUDNM40F8,ふくふく無言OK,1569,19,6267,527250,10,10,10,10,10,10,10,10,80
I1ZUVSLFG,TKG,PDTRRYUGM,石川県民ひろば,1361,12,6268,527000,9,7,5,9,7,8,8,10,63
WE99NUNL9,ぜろしゃな,85G1K4U8U,ゴーイングメリー,947,3,6269,526750,9,8,6,10,8,9,7,10,67
WJE7T3JWM,ちゃんやま,2VJG66JTH,まったり,601,1,6270,526500,6,4,7,4,7,5,5,9,47
K6UVKMHYH,karinpo,N1DJVPGP8,いつでも咲けるよ,991,2,6271,526250,8,7,7,9,4,9,8,9,61
0KCH6B5TN,ぴょんた,JE7V5MM31,蓮ノ沼に沈んだ泥,1299,15,6272,526000,6,10,9,10,6,10,9,9,69
EXK53VFGK,わいえふ,BELCUYCMH,蓮hkg香港分部,280,0,6272,526000,3,3,4,7,4,10,3,5,39
VFR7CH5PC,リトー,LAKRG5NK9,ログイン勢,736,0,6274,525750,4,4,1,8,4,1,5,6,33
1AMXA5R7K,たひてふ,JX0BXWNWH,新米蓮好き好きC,507,0,6274,525750,3,8,8,10,7,4,8,10,58
NC6U1APC8,みずき,RN5BT2ECF,泥,878,0,6276,525500,9,4,7,7,7,7,6,8,55
ZKZGE9HA1,510@may,58FD7UF8J,としとしサークル,1415,18,6277,525250,7,8,8,9,7,8,8,9,64
3HVA9VQGX,しおり,KANLFTMVJ,蓮ノ空中文同好會,946,11,6278,525000,4,6,4,7,1,1,5,7,35
Q4L6CTO0N,おるか,BXC1T2HY2,初心者の集い,1029,1,6279,524500,6,4,9,5,7,4,6,9,50
JZ4109Y2T,龍仙馨,PHMJLJY5E,ラブライブ愛好家,857,0,6280,524250,3,6,6,6,7,6,7,8,49
F3CHDJM9B,ナギ,NA8FEYN0M,蓮ノ空飲酒クラブ,519,0,6281,524000,2,2,1,2,1,1,1,2,12
DLXBXU264,ますくん,WN3LHKX0L,レンコンおいしい,1136,5,6282,523750,7,6,6,7,7,8,9,9,59
0NXFTSPG0,由未,VB1TKAHFA,リンクラ同好会,879,13,6283,523500,6,7,9,1,1,2,1,3,30
TGDJU7H1J,ペンペン,G1AFM0R9A,蓮ノ空釣行部,1146,9,6283,523500,7,7,7,10,7,9,4,10,61
WTG4EH2HD,rinkanan,VY26V3P0K,AltF4され隊,638,2,6285,523250,7,6,6,5,4,7,4,1,40
MWBKGXCM1,はんとんらいす,6HV2RH6TU,イベント用、無言,1070,4,6285,523250,5,6,8,7,7,10,7,9,59
WCNMKV7VG,「きなこもち」,LX25CP0TG,深夜の芋煮処,895,1,6287,523000,6,4,4,8,4,7,4,7,44
R9DWJVVH7,ミカヤ,N83DW3NYG,†極最強倶楽部†,795,2,6288,522500,6,6,9,8,2,7,7,6,51
6D5QOH0YD,はるなと,06A0GBYLL,ロータスNHK,1236,1,6289,522250,7,6,7,8,7,8,7,9,59
HDU0UVQ7F,きよたん,AHE0E3JND,ありがと！にひっ,825,1,6290,522000,2,2,1,2,1,2,5,6,21
DB75L2GXT,はる,V6DKUH6JT,報酬だけほしい,395,2,6291,521750,9,6,4,5,4,3,6,10,47
EY6VF5WB6,タケノコ,UX96YX4T1,『位置について』,854,5,6291,521750,2,1,2,2,1,1,4,4,17
ZGH86VEK5,シロタ,G202YTPW1,無言倶楽部,1055,3,6293,521500,4,4,8,2,1,8,1,6,34
RXA9AHBR3,Phakchi,P09JJKN9R,蓮ノ平日,691,7,6294,521250,1,3,7,4,1,7,2,4,29
7EHR6G358,おか,J0PT5EX42,スクスタモ部,418,0,6294,521250,8,8,8,9,5,9,5,9,61
AMK4CCP9N,Chris,RY2GB8R99,フレーズフルール,994,6,6296,521000,3,2,1,2,5,1,3,4,21
UDEXJ164F,たイッチー,TDNL11LXW,建布施具屋,783,2,6297,520750,2,5,7,1,5,7,4,4,35
YFSVH5C45,みこと！,7U20138DB,LGP,1214,5,6297,520750,9,7,7,7,7,7,7,9,60
7KBWB4PQX,カンパニーマン,5W8RPRVUA,ド！ド！泥！,1387,8,6299,520500,9,6,7,10,1,7,10,10,60
FC08LBH9P,ちよう☆,KC1W74B9B,蓮六園,479,4,6300,520250,2,2,1,4,1,1,1,1,13
YSEXFDK4F,シロップ,2L8R7GAV6,大賀美組,1041,1,6301,520000,7,6,5,8,5,8,7,8,54
1GDT28WOL,うみどり,KA652DGYV,ゆるリンクラ,1484,15,6302,519750,10,10,10,10,10,10,10,10,80
HX2R7XFJ0,Vacayoru,7XH3K4GBT,LLP,873,0,6303,519500,10,7,7,7,7,9,7,10,64
6M4GJJIWC,つみ,VXDPPJJL1,蓮ノ空リボ課金部,961,2,6304,519250,4,4,5,4,4,4,1,4,30
P2NTBMXYC,gamu,NMRKHYYRM,ご自由にどうぞ,327,0,6304,519250,3,9,4,3,1,6,4,3,33
CABJ2CJYW,せむべる,2JK7E4115,ラ！推し,178,0,6306,519000,3,5,10,8,2,6,5,5,44
UPHHYLN50,HIME,0R8BXPRC1,ポチっ！とクラブ,529,0,6307,518750,8,7,4,10,5,4,7,8,53
VRAAR2616,ALgiZ,EE4BKR0AR,まったりプレイ,926,2,6308,518500,8,6,7,9,5,8,5,8,56
3REWWLTUW,お米,AXG81GPMP,蓮ノ空マタギ部,1135,13,6309,518250,8,5,4,8,9,5,9,10,58
FLPTF3953,だむどむ,61UTNTRU1,初心者さん,1030,11,6309,518250,7,6,7,6,7,8,6,10,57
8AABROX54,ザン,0GALMLWK6,ボクなんなの。,1200,2,6311,518000,6,4,4,7,7,9,7,7,51
XKRWKMKP2,やをら,E76N52LMW,イベントのみ,592,2,6312,517750,9,5,8,10,6,9,6,9,62
BH8PEN0CV,どんなか,WN3LHKX0L,レンコンおいしい,654,2,6313,517500,5,2,10,7,4,7,4,7,46
V1XJ83WQK,花宮・夜刀神十香,E58EXVMJU,ボクがんばる。,1005,4,6314,517250,2,3,6,9,5,7,6,6,44
9YD70KW2C,へーぼん,E12PR824F,ゆるっと蓮ノ空,200,0,6315,516750,3,5,5,2,3,2,2,3,25
NNGDLRV0S,かるば〜と,Y2P9LABR2,スクステ同好会③,1073,6,6316,516500,6,6,10,7,8,10,6,8,61
UFE432D8F,ドルトソソ,46U7807DE,全力いけいけ隊,1000,12,6316,516500,1,3,7,7,1,4,4,3,30
MG8DD5HDV,shizueku,XYRA2MND0,蓮ノ空ゆっくり,719,2,6318,516250,10,9,10,4,2,4,4,8,51
FLZGNGCBW,ゆうま,DN3NLWTGU,なゆりーず,1024,12,6319,516000,1,2,6,9,7,6,1,8,40
R2CR1VWVD,Mizurina,H0652CHBR,Kimimin,991,0,6320,515750,7,6,7,9,7,10,7,9,62
XD0KJWUFH,まつたつ,GN9EEL045,きらくに,631,2,6320,515750,2,3,4,4,1,7,1,1,23
96THGAUXX,ぽんご,MG1G6F487,蓮ノ空無微課金部,894,2,6322,515500,10,6,7,6,8,9,8,9,63
0JSRAQU79,ダイヤ,6ATNDH9J0,浦の空,1348,9,6323,515000,10,10,10,10,10,10,10,10,80
O8WULT785,めいあ,C791XXLDF,つづさや会,1175,6,6323,515000,8,6,8,6,8,9,9,9,63
17WD1R6GW,シャル,3U173PJVT,with Us,984,7,6325,514500,8,7,7,8,6,7,6,9,58
RGB940BND,keisuke,UYCT3Y4JK,蓮っ子,1263,16,6326,514250,4,4,6,7,1,4,3,6,35
DM11ZS4JY,ともチョココロネ,CWPWP1266,さすさや,1152,6,6327,514000,8,10,9,9,8,10,8,9,71
7TJM3OMEH,しろくま,KXB93FVTR,ブルームガーデン,1314,18,6327,514000,6,6,7,7,6,6,10,10,58
F1H42RBBA,揚げ玉,RNJ306W6N,日曜日よりの使者,1076,1,6327,514000,1,1,1,6,1,1,1,1,13
3Y7CENE77,ちゃづけ,YAY2UK2CT,蓮の空研究部,702,2,6330,513750,3,2,4,2,1,5,1,5,23
WPDBGO32L,トシオ,1EL57CDR0,なんもわからん,781,0,6331,513500,2,5,5,6,1,7,3,5,34
9E5DDVUL2,ナガリス,NLTAB4BLF,蓮ノ空ゆる活動部,690,2,6332,513250,8,6,10,9,4,8,5,8,58
2LBFVOXSX,えすえいち村民,9JTF508LB,スクスタ亡霊部,1514,15,6332,513250,10,10,10,10,10,10,10,10,80
RKDUGJ43M,フラン,GPKTRBCTT,騎空団蓮ノ空支部,1108,8,6334,513000,7,8,8,4,8,10,6,3,54
UPFMTOOXE,333,YD2XWWFA4,蓮好き好きクラブ,1415,16,6335,512750,9,9,9,10,9,9,10,10,75
TTHKEK6DJ,のん,KND3T7056,ぽかぽかモガの村,1191,9,6336,512250,10,6,5,7,7,10,9,10,64
OK7CBMS4G,ポール,F8MLHU2NV,乙宗梢様､､､,1321,10,6337,512000,1,1,1,2,1,1,2,1,10
PR843BHBN,ロース肉,GLP0WPDRM,イベント用の泥,1004,5,6338,511750,5,7,6,7,5,8,5,6,49
YAFAUHEJA,よは,0JY7F3EKU,さやか愛でる会,1215,9,6338,511750,8,7,8,9,9,7,10,10,68
2HYEWYXU3,ぶびず,4TE2DCLVN,マッタリ～ズ,1203,4,6340,511500,2,2,4,8,4,5,5,9,39
POMUZ1KNB,加賀,XVTV7MVCX,雪月花,1041,8,6341,511250,5,6,6,6,5,7,5,7,47
G6GLAEG5Y,ぱみ,PLBBEX019,待機室目指し隊,1376,18,6342,511000,8,8,6,10,7,8,6,9,62
0TLDUDJ0J,すとーん,25PMPEMG7,星見プロ,1497,12,6343,510750,8,7,7,6,5,6,5,5,49
C8KNE18J6,アイ,KGY709ULG,蓮の花束,1172,14,6343,510750,8,6,7,10,6,10,6,7,60
MWRK6UWD6,リーす,7NJM1VURM,らんるん部。,374,0,6345,510500,2,3,3,4,2,1,1,1,17
N64GB89BA,スティーブ,GN1798YEX,ド!ド!同好会,586,2,6346,510250,6,4,1,4,1,4,4,4,28
GMIT4IT1B,まぐろ太郎,C0NDBKMRB,すりぃずぶぅ家,1060,3,6347,509750,1,1,2,2,1,1,5,7,20
G1CKBBHBT,ウェルバ,7B0W0EWVA,ソロの為の避難所,889,0,6348,509250,6,4,5,5,7,9,5,5,46
ATLLQC6AP,Katsu,J62DRC7J5,蓮ノ空好き好き会,1095,10,6348,509250,7,7,7,10,7,9,7,8,62
7AZGMWE4E,キキョウ,BKUHCT7WF,蓮女お嬢様部,1606,8,6350,509000,9,8,8,10,8,10,10,10,73
U4D67NTDP,いるむ,AXFR5G0M4,∞ナイトクイーン,317,0,6351,508750,4,3,3,4,1,3,1,4,23
36KLKR2TG,ZERO,UXWL7V4CE,蓮ノ空女学院,1152,12,6352,508500,2,4,6,6,5,10,9,7,49
3W6393R8A,ジャック,Y6JNPC60C,綴理メイト,1319,18,6353,508250,8,8,8,10,7,9,7,9,66
EP02CPKK3,らららら,CY3GGDH7H,㍿キモ・オタク,295,0,6353,508250,5,5,5,7,5,8,6,7,48
76L7GH80D,ひのした,RAP9FVR3B,あばうといち,1295,9,6355,508000,6,2,7,6,1,6,1,10,39
E3UHK6EPV,岡本,WCL6R1ANU,無所属の会,395,0,6356,507750,8,8,10,7,6,7,2,5,53
IPKWA6ZPC,稲川淳二,0B8RTHY4D,のんびり屋さん,1062,9,6357,507500,7,8,9,7,4,10,8,10,63
UYH8G2PK2,鳳華,X7YM9EG8K,伝統の石川地酒,1036,0,6357,507500,10,8,8,8,8,9,8,9,68
7TVB43U9V,たいてぃ,U98UKD6RY,異次元フェスP,753,3,6359,507250,1,6,5,3,7,6,7,4,39
RDC9KKMKE,Bew,KGDNX3EF3,ENcircle,441,2,6360,507000,4,4,4,4,1,1,1,4,23
0TR2H00J9,あるす,1D7T2UXC2,無言でのんびり,907,2,6360,507000,5,7,9,10,7,8,4,10,60
6MT4MFAN3,ヨーソロー417,FK8EUX6V3,ゆったり蓮ノ空部,865,0,6362,506750,8,6,7,8,5,7,6,7,54
X0AEMWJ59,さくさく,DW13FCXPT,Mulbungs,1112,0,6363,506500,3,5,8,8,8,9,7,10,58
6YDKCWPJL,しらさぎ,E49YWK5YC,酢蓮根,866,0,6363,506500,5,5,6,7,5,7,5,7,47
3888DPL1X,ラウラウ,EE4BKR0AR,まったりプレイ,943,1,6365,506250,7,7,7,8,5,9,6,8,57
H7PWU2C3F,鶉音,N83DW3NYG,†極最強倶楽部†,912,2,6366,506000,5,6,6,7,7,8,6,7,52
25757CMHL,カワ,6U5YRWNNY,あすて☆りずむ♪,1139,4,6367,505750,6,1,1,2,7,6,6,6,35
1YY015YN8,紅茶好きな学院生,KJU0BU77M,無言交流なし,1030,9,6367,505750,7,8,7,10,10,10,7,8,67
A2J5B41JC,Vin,XTMGPY62U,スクステ初心者,618,2,6369,505500,3,5,4,6,5,5,5,5,38
I3UR5YCCD,リウム,X87KNX4N3,蓮ノ流星群,1223,13,6370,505250,9,8,6,10,7,8,9,10,67
CTK7MQP1A,カッキー,MVMP6NNXD,空き時間らくがき,1102,6,6371,505000,7,6,7,10,8,10,7,7,62
FT42JAJPY,いさほ,D7B3UYDX2,ダージリン倶楽部,1315,14,6371,505000,5,10,10,4,7,10,7,10,63
XY0Z49DNI,香  林坊,TTDBXERCU,蓮ノ空 全力応援,1232,12,6373,504500,7,6,9,4,7,6,6,5,50
DUW26R9WB,xuxian,6MWHCNJE8,蓮之空小賣部,672,2,6373,504500,2,2,7,7,1,5,4,10,38
WHKLV2AL3,立華,TCTEAMP9C,虹ちゃん最高！,680,0,6375,504250,7,2,4,8,1,1,4,2,29
2T7FSCBP6,はると,ELTW62751,安全バーは君の腕,804,2,6376,504000,7,6,7,9,5,7,5,7,53
V25F09NY7,ステラ,0CEA9XFKR,蓮ノ空の泥人会,937,0,6377,503750,5,4,4,7,6,7,5,7,45
BRZTZ85OY,みたこ,1UBNNHVLG,蓮箱推し（仮）,1311,10,6378,503500,6,1,1,2,5,1,1,1,18
F3MZE14XT,みすたけ,T4WY63DB9,ういのま,1347,14,6379,503250,8,4,5,10,7,5,6,9,54
JPV1RJP7S,ぼへみん,J0N1E3Y09,月火水木金土日,1220,17,6379,503250,5,6,6,7,6,7,7,9,53
FJYAAGKGF,miho,9JTF508LB,スクスタ亡霊部,740,4,6381,503000,5,9,3,9,1,3,1,3,34
C2H8D3M3L,ゆき,BBNEWB1UA,蓮ノ空紅茶部,871,5,6382,502750,8,7,8,10,1,5,5,1,45
49E3LJATM,ONEPY,VNEJ2RNW0,まったりんくら,448,0,6383,502500,10,2,9,10,1,7,4,10,53
X74F0PTL0,K.G.,GYCCTXUND,さやのごはん,1489,18,6383,502500,7,9,7,2,2,6,9,10,52
V5CUIKT4V,しゃも,FMKP92LRL,目が霞む人達,944,10,6385,502250,4,6,3,9,7,9,3,8,49
FAYFKXJD0,テツヤ,BKUHCT7WF,蓮女お嬢様部,1310,3,6385,502250,7,6,7,5,6,10,8,7,56
8F2BM2N1N,ユウ,H837E0M9R,沙知先輩大好き部,1081,13,6387,502000,3,7,7,9,8,10,9,10,63
AWH05T6NH,ダン,3LUL3WR8Y,零組,946,5,6388,501750,7,5,8,3,4,5,4,6,42
KYGWNZWEE,ジン＠,DH97ANN9G,ツキマカセ,953,3,6389,501500,5,7,8,6,6,9,5,9,55
1NJPHEN0K,ゆう,EECF9C0N3,蓮ノ空　茨城分校,461,0,6390,501250,7,6,6,10,7,10,6,8,60
EY3VNNK71,蒼華,JWUL2T36L,チーム初心者,854,0,6391,501000,7,7,7,9,5,8,5,7,55
CYBUV425R,フル,AE3L01V24,LOVE蓮ノ空,1022,9,6392,500750,6,8,10,5,8,10,10,10,67
8B9X6K522,れいと,XVTV7MVCX,雪月花,994,3,6393,500500,7,2,3,4,4,5,7,9,41
Y5ONKJIAP,レモネード,0R8BXPRC1,ポチっ！とクラブ,1160,4,6394,500250,5,6,7,8,7,9,8,9,59
TJV0S3LAY,羅生門,ARF3KPJ41,夕凪P極進会,1330,14,6395,500000,8,10,10,10,10,10,10,10,78
F0I27VVLS,きじ,3EJX5WB1A,金沢綴理門,486,0,6395,500000,5,3,1,4,3,5,5,7,33
CY0DM9N7B,しいな,N1DJVPGP8,いつでも咲けるよ,1010,2,6397,499910,1,2,5,4,2,1,1,1,17
9Y4HNGY6N,とみ,A3472CNJE,ハントン✿ライス,361,0,6398,499820,8,7,10,9,4,6,9,10,63
FWGRV6R07,檸檬氣泡,BWD9U1EJ2,蓮之空中国同好会,923,10,6399,499730,4,2,8,6,5,8,4,9,46
ANF0KJFE3,レディオ,DFXN9DB2H,どんぐり共和国,1039,3,6400,499640,6,6,5,2,6,6,7,2,40
APT7BY87H,優木,GN9EEL045,きらくに,943,3,6401,499550,2,6,7,9,8,8,4,10,54
H5X7KUBN7,妍錦,TWJ862EPN,こにゃとも,750,2,6402,499460,10,7,1,10,1,5,4,5,43
2M7Y18NEH,北陸の旅人,XPX36F6JX,無言初心者お試し,1045,13,6403,499370,10,8,10,10,7,9,8,10,72
KAAZ21LKD,午後のめぐ,8FR866PRY,蓮っ子みらくラブ,1148,7,6403,499370,6,5,5,2,7,8,9,9,51
UL3FJV4ED,た,VP0K6KF0K,蓮ノ空大好き!!,1054,6,6405,499280,5,4,2,4,5,4,5,7,36
V7GCT2BB2,ひろトッポ,ECDW9WJ0J,のんき会,426,1,6406,499190,2,4,5,2,2,1,4,5,25
6HRAXRKMX,サスケ,A9MA307FX,楽しいが一番,1328,6,6407,499100,8,8,8,9,8,10,9,10,70
8Y9B0GX56,ユーザー2,6YTAMD33M,リリエンフェル党,283,0,6408,498920,2,1,2,4,1,1,1,1,13
WN6DMG5MT,ちぇすと徒町,3F0M4HXJE,蓮ノ空まったり部,819,2,6409,498830,2,1,1,2,2,1,1,1,11
MQE8DX9KB,マー,9FF5JBNDF,めぐすきクラブ,1103,3,6410,498740,7,6,6,8,6,8,6,7,54
W55V31T89,ごー,HWMV33W7Y,フラワー泥民館,555,2,6410,498740,4,5,1,4,2,4,4,4,28
7KCG7KX0C,marl,RA6HBJGUA,Bloom,406,0,6412,498650,6,6,2,1,1,4,3,10,33
1MP5JX3F6,ニロク,N1JAJ83CA,蓮ノ空園芸部,1105,13,6413,498560,5,6,4,9,8,9,7,9,57
J6HYK985X,antmy,NVTUPU3N6,蓮ノ沼海浜公園,532,0,6414,498470,4,4,5,4,6,8,1,5,37
N5Z3GWTDL,はまやん,G810MK0NW,freebird,1259,7,6415,498380,8,8,8,9,7,10,8,8,66
W5MNEVWF3,ゆう,WHWT61ELR,【無言】ハスノソ,1140,6,6416,498290,6,6,8,6,4,10,7,9,56
P8XF9YL94,まどり,GWGDMA3YC,初心者無言自由だ,898,4,6416,498290,9,7,8,9,8,10,8,9,68
38T7B0N7N,たく8,A7WWE0463,蓮ノ空初心者部,1072,5,6418,498110,8,7,8,8,7,8,8,8,62
TJEW3RWUW,蓮浦,XR2599P98,小林,533,2,6419,498020,2,2,9,4,1,1,6,1,26
ZAS5BX8K6,ヨキソバ,8MDA3A0AK,イベント用,757,2,6420,497930,6,2,9,6,1,7,9,10,50
DVTYH7LW1,としろう,CCACL2CMM,無限城,380,0,6421,497840,6,5,6,9,7,10,1,5,49
W5MZUUSME,釉薬,XLBU65J86,花の壁飾りクラブ,1158,9,6422,497750,3,6,5,6,5,7,8,8,48
BDYER5A0J,めぐ党のさし民,95TAREFPT,ご自由にどうぞ,1159,15,6423,497660,6,6,9,7,1,8,10,10,57
HF2Y1LGDG,場案バン,G0J2F9NAL,さやさやさーくる,1412,17,6424,497570,10,10,10,10,10,10,10,10,80
01DSD5NC7,ぱなりん,A84BK7PL4,ゆるっとホリディ,1056,10,6425,497480,4,4,3,6,5,5,4,6,37
UXPT5BPGV,mm.smith,88PFL7AX5,流転,1112,18,6426,497390,4,6,6,10,9,10,6,9,60
JDPA3CHK7,ジュン,8M6UDX260,ぽけもん好き,1211,18,6426,497390,10,7,10,10,7,7,10,10,71
T4H07G69B,りーふ,BTVC9G95X,FES用,1069,14,6428,497210,2,10,10,7,9,5,5,10,58
PTWVLB3W2,RYUKI,LT9K2FP23,慈党リンクラ部,824,4,6429,497120,1,3,3,4,2,1,1,2,17
9SJHR7GOC,はるちか,YL9PDN1EC,ふくふくわんこ,724,3,6430,497030,1,8,1,1,8,4,4,5,32
F72QI94O6,かいか,573J1JVVK,かほかほ,1106,0,6431,496940,7,8,9,9,6,7,7,9,62
CJECN5NNA,くれと,AH27N260E,百生信託銀行,1098,11,6431,496940,3,10,4,6,10,6,3,10,52
LW239N6CJ,AKIM,3LAFHDKE5,こずさや保護者会,483,0,6433,496850,5,6,5,9,4,4,4,6,43
5DD1FK35H,Aya,YVV9CMBLW,東京公演で沼落ち,341,2,6434,496670,10,10,10,10,8,10,10,10,78
AVKV90NBH,ジョニー,9FF5JBNDF,めぐすきクラブ,954,2,6434,496670,2,4,4,5,1,9,7,5,37
FF7LK9EG3,ティーツー,UX96YX4T1,『位置について』,847,0,6436,496580,6,5,4,7,4,1,4,7,38
OWOP1DELJ,おむおむ,KXB93FVTR,ブルームガーデン,1154,4,6436,496580,8,5,5,5,5,10,7,7,52
J1JWXMY5B,一富士二鷹三蓮華,XJHATLDVB,さやかほ観測所,1199,7,6438,496490,1,2,9,4,2,1,8,1,28
5IBZ0V5GE,くろまちん,9DKR4Y2CJ,蓮ノ空老人会,1250,6,6439,496400,6,4,7,8,5,9,10,9,58
6KME8ERKP,たつまさ,HBK6KCRPP,無言でおけ,1032,3,6440,496310,8,7,6,10,4,7,3,10,55
G61B3KJLW,y,W8P5VL7D0,おためし,1012,6,6440,496310,6,6,4,8,7,10,5,7,53
ERJP2B63R,kaede,2JK7E4115,ラ！推し,708,2,6442,496220,1,2,1,2,1,1,1,1,10
X6JREHNL8,シオン,9WE3M7BTP,クラウド,913,1,6443,496130,4,4,6,6,5,7,4,10,46
EX6VM8T8Y,天使のクローバー,97BGFLKW9,◯◯◯,425,2,6444,495950,5,2,1,8,1,4,1,4,26
MMHKRBMHA,Tadumman,H6CCL64P9,NATTO,981,5,6445,495860,7,7,5,7,6,9,5,7,53
D16N584TW,カツノリ,0B8RTHY4D,のんびり屋さん,1182,17,6446,495770,7,6,6,8,5,9,6,7,54
Z52ALP3BH,Nao,GBEJMUFWT,めぐちゃんズ(仮,1239,16,6447,495680,4,6,7,7,7,9,8,10,58
CMFC1JGS9,まっしゅ,M6UPWJ6DU,蓮結ぶ虹と星の音,598,2,6448,495590,2,2,1,3,1,1,1,1,12
CE0MC2FMY,あしゅれい,948FLPMPN,まったりハス煮〜,537,2,6449,495500,4,4,8,7,10,7,5,10,55
U82VA75OT,iwa,GR65FP8VN,蓮好き,935,9,6450,495410,9,7,10,8,6,6,10,8,64
LEHKGGDKL,clro,41FW8E9RA,誰推しでも,606,0,6450,495410,4,6,6,6,5,7,4,4,42
NTUSHVOJ8,小使,279NUYU7C,れんこん,1517,18,6452,495320,7,7,8,6,8,9,10,10,65
0TC6AA1HU,ゆやゆらら,85D411XNB,蓮っ子の集い,582,0,6453,495230,1,6,4,2,1,1,1,1,17
GU4UKWJXY,harts,V830CTTX3,日野下後輩,1030,3,6454,495140,7,7,8,8,5,8,7,10,60
WWRXELOC7,なちゃん,0B8RTHY4D,のんびり屋さん,839,4,6454,495140,8,7,6,8,6,10,5,8,58
L76DT7ENT,コンタ,HWJ8XPW0T,箱推しなのだけど,1253,3,6456,495050,8,8,7,8,7,8,7,10,63
6VJWWKHNK,歿羽,KULVP7FDR,アニマル分室,1220,15,6457,494960,6,9,10,10,5,4,5,5,54
496WG86YY,へろ,0YLUK30K6,蓮っコの集い,1161,2,6458,494870,3,3,4,10,1,9,4,10,44
THKMJRHZF,_,7NXXLG4W1,ソロ参加賞目的,1263,15,6458,494870,9,8,5,9,8,10,9,10,68
AB5X3C5XB,那緒,1618JMRED,リンクラ自習室,1094,2,6458,494870,6,6,7,10,6,7,6,6,54
4NF039973,かめ8,H837E0M9R,沙知先輩大好き部,1409,15,6461,494780,6,7,6,8,5,8,9,8,57
0M7VSW1M4,イリヤ,BW38LDPRF,蓮浦の星空,1290,15,6462,494690,7,6,6,9,6,6,8,10,58
PXKMFL5F5,おさむ,W3YKKRWHG,ルリと愉快な一家,1168,14,6463,494600,5,6,10,4,5,5,7,8,50
SYTSR9SLR,ぎざ,7MV0NXN3U,HPB,562,2,6464,494510,5,3,5,1,1,3,4,3,25
4D37T6DYP,どんちゃん,UYCT3Y4JK,蓮っ子,782,0,6464,494510,7,8,8,8,7,7,7,10,62
0VNZR6SUT,boba12,HB9AU9DJJ,聖心党,1287,18,6466,494420,10,10,10,10,10,10,10,10,80
8J67T8FM0,トワイライト,5YEE75CB4,ロビーで待ってる,948,3,6467,494330,3,2,6,5,2,4,2,4,28
PFNRBUVWX,いんて,FLFXP0T22,沼津内浦メンバー,993,2,6468,494240,8,6,6,8,5,8,6,8,55
2EW55KL53,army,AND13836G,乙宗梢親衛隊,1132,13,6469,494060,4,4,6,4,4,1,4,1,28
YZ14B4ENJ,しろ,JWKMYEELY,伝統工芸愛好会,1436,3,6470,493970,9,7,8,10,7,9,8,10,68
B7LX9EB8X,わすずめ,3NANDJVEF,ROM,927,0,6470,493970,1,2,2,2,1,2,1,1,12
K2GOP8GO8,反骨の赤メッシュ,MTBP3B4GM,ふらわーすきすき,1034,6,6472,493880,4,2,3,3,6,9,3,10,40
XJPTW9RW0,コム,6KUYCDLGR,かよちんは宇宙,485,0,6472,493880,7,4,4,2,5,1,1,4,28
F6BNN1LG2,e,5W8RPRVUA,ド！ド！泥！,107,0,6474,493790,4,4,4,2,4,4,1,1,24
DXEAOQO6F,たねころ,X33HHA9F8,アルストロメリア,1159,12,6475,493700,2,2,9,10,7,8,4,9,51
3A57DF2TW,あるみふ,EU7JEAJL2,シャウトラバーズ,1095,2,6476,493610,8,6,6,10,5,5,7,7,54
KKGI87VZ1,カツオ,NA8FEYN0M,蓮ノ空飲酒クラブ,975,0,6477,493520,1,2,1,2,1,7,1,1,16
8NXY8E0WU,フランー,WLBYGHXPD,大天使村野さやか,446,0,6478,493430,1,10,6,4,10,10,4,2,47
3DV369HW4,はとたらう,BKUHCT7WF,蓮女お嬢様部,1244,10,6479,493340,7,6,7,10,7,9,8,8,62
7RI6QLW8P,リンク,9JTF508LB,スクスタ亡霊部,893,1,6479,493340,5,5,7,8,5,10,5,7,52
5FP179D2A,サウナおじさん,NLB84DYBF,下松系拉麺同好会,921,0,6481,493250,7,6,8,7,5,7,5,7,52
0NU6WW4V8,イーロ,DFFYFJ2B6,つづさや好き過ぎ,1418,15,6482,493160,9,2,4,8,7,9,7,8,54
P3NBQQVMZ,ぷちぐる命,424NLTEE8,無言な異次元部屋,1159,1,6483,492980,7,4,5,6,5,5,4,7,43
42R469Y00,たかや,TM19BMU7C,ソロプレイヤーズ,958,5,6483,492980,8,8,10,10,6,10,7,10,69
5EMH7WF6X,UNJADED,2B97MH4YA,同じ話し何回も…,277,0,6485,492890,10,6,6,4,10,9,4,6,55
UWR7N6DP5,タモ,GVNKNN878,Aqours,799,0,6486,492800,9,5,4,9,5,8,6,8,54
G16HYNTAQ,たいやき,J79LGCKKF,蓮ノ空コーラス部,1040,2,6487,492710,6,4,5,8,5,5,1,7,41
MBPDD909N,三浦勇士,8MLVA67AK,聖ミリオン女学園,864,5,6488,492620,1,4,4,7,7,9,6,7,45
953EXBXW0,ｵﾆｷﾞﾘ,N8L41JAA7,無言 ノルマなし,1073,10,6489,492530,4,4,5,8,4,8,7,8,48
IW5KQPNJ2,疾風キラー,WAT20PN3Y,こな党,1288,12,6490,492440,9,8,8,7,7,10,9,9,67
LFPE4G2LV,ポンズ君,ELDXGWNA6,○サークル,582,0,6490,492440,2,5,3,4,5,2,3,6,30
ER58XY2KD,花宮初奈,3RH5MYBXV,こずめぐ党,377,0,6492,492350,6,3,1,3,1,2,3,4,23
Z26C7NHJD,カン,4XRHRYDW4,無言でエンジョイ,1199,12,6493,492260,10,7,7,10,7,8,9,10,68
YST6TY459,にゃんたまらん,3EJX5WB1A,金沢綴理門,1320,5,6493,492260,5,6,8,7,4,9,9,10,58
0S5MIUWHE,ルビー,HBK6KCRPP,無言でおけ,1200,6,6495,492170,9,9,8,10,8,9,8,9,70
P3LP9OU6G,ケイ,6TEDXJBLX,柳田保育園,1242,15,6496,492080,4,6,5,7,6,8,4,10,50
0RZCU4QHV,素足靴下,P01RCC6L2,まったーり,751,3,6496,492080,1,2,1,3,1,1,1,1,11
P6NCAB4IV,ケイ,LLDLG20UU,UR取り隊,1114,5,6498,491990,7,7,7,8,4,7,7,9,56
RE3RWJXE3,あるます,H0DV3JJGA,かほさやてぇてぇ,1134,10,6499,491810,4,6,5,10,7,10,5,10,57
8GYNT6PGN,けんこう,EE4BKR0AR,まったりプレイ,972,0,6499,491810,7,6,6,9,6,10,7,10,61
MHL57VAJF,バルト,J0M0JNFRH,名駅ラブカの集い,433,0,6501,491720,1,4,1,8,1,7,1,1,24
6G5N2NXYB,Hiro,RWG56GK19,e+本社ヲ爆破ス,1131,14,6502,491630,6,8,6,5,8,8,7,9,57
30U9BR23Y,たね,3F0M4HXJE,蓮ノ空まったり部,1073,8,6503,491540,1,1,2,6,1,1,4,1,17
X8TE22AK9,わいさん,N7GLY2RUW,百生銀行,733,0,6503,491540,8,8,10,10,8,8,7,8,67
RUZD4J29R,カップ,FNMV166UY,蓮ノ空喫茶部,1348,18,6505,491450,9,8,7,8,7,10,9,10,68
LRGPYYNAV,take,JRAC1HYUD,SPHS-MMT,1060,6,6505,491450,5,6,5,6,5,8,7,7,49
C8DKWCWWB,たろう,TD6YVVU3P,トミー,372,0,6507,491360,3,2,4,4,1,4,1,4,23
IUIWQ5GAU,カンズ,9DKR4Y2CJ,蓮ノ空老人会,1078,4,6508,491270,6,7,6,4,5,1,5,7,41
ZIC49ATW9,蓮に真剣,M8FM7P139,蓮ノ空ひとり旅部,1157,16,6509,491180,6,7,5,6,5,9,8,7,53
B1FWYHJD0,Raddy,17AEM7PUN,SIFcord,814,6,6509,491180,2,2,3,5,1,1,4,5,23
KEREZ8HML,佐田彦,WPG6BCG83,基本無言,1218,8,6511,491000,2,8,1,10,5,5,9,10,50
HC2Q3Y4OD,めぐ党員ふみりる,5JA9K5FAK,オタサーの姫芽,1064,0,6512,490820,7,4,4,4,8,4,7,8,46
XT0RT2LMA,ぱらす,BPFAT416J,さやかわいい,1057,3,6513,490730,4,6,5,7,3,7,4,7,43
BFJN3NNYW,あきさん,05KN1RR3U,さやかほ花卉園,1088,4,6514,490640,7,5,9,10,6,8,4,9,58
5JNWK7JW5,音リン,427WENUC4,心の癒し～蓮ノ空,553,2,6515,490550,2,2,1,2,1,1,3,3,15
R7FVRG3AW,トモ,7MPNTWKTN,Dreamers,451,0,6515,490550,1,2,3,6,3,1,1,8,25
F86TD5QFI,ほし,9E910GGD2,蓮ノ空給湯室,658,2,6517,490460,7,10,2,7,4,5,5,6,46
SHNGG6VH0,carbo,JA2C658FW,さや綴理の村人,998,9,6518,490370,7,5,4,7,5,4,6,8,46
JNENV6J9Y,momo,1UD805GNK,うさぎだぴょん,485,2,6519,490280,6,7,6,6,4,5,4,4,42
55J3M6W82,うみうえ,26JDLMBLN,徒町は強く生きる,374,0,6520,490190,8,4,8,8,8,9,7,10,62
C6F5MG9L6,PNI,KC1W74B9B,蓮六園,506,0,6521,490100,1,4,6,1,2,1,1,1,17
9L6WCYTL2,ましろん,BEMED3RY1,無言無課金ok,865,2,6522,490010,9,6,1,8,6,8,7,7,52
MXCH20FJE,あみば,N8L41JAA7,無言 ノルマなし,1156,1,6523,489920,8,6,6,4,7,8,5,10,54
BA4Y2U0T1,TP,BXGNMY466,ライグラ用,774,0,6524,489830,6,6,5,9,6,7,6,7,52
5VXRAOUAD,かにかま,TK9E1BB1P,無言で自由,770,3,6525,489740,5,2,9,8,1,10,1,5,41
992MXRG0M,どMお,GYJ3C6TKR,綴理先輩好き好き,399,0,6525,489740,9,3,10,9,1,5,2,8,47
0G7NS30JB,ゆううう,18YYNRFGA,LotusSky,228,0,6525,489740,4,3,3,3,1,3,4,3,24
EL3RGNF1W,ゆうゆう,1KDUBW4HB,めぐ党0番,494,2,6528,489650,5,4,10,5,1,6,1,4,36
2Y999264G,RRR2,GYJ3C6TKR,綴理先輩好き好き,489,0,6529,489560,4,6,5,7,4,4,6,7,43
FR62D9KT4,はにゃ,KT4P0CHHC,ゆったり同好会,823,5,6530,489470,5,3,6,5,3,5,4,5,36
D4E6V58VM,seita,6YTAMD33M,リリエンフェル党,412,0,6531,489290,3,2,2,6,1,1,1,1,17
8DPBC7AEL,みつ某,3EJX5WB1A,金沢綴理門,962,1,6532,489200,4,1,6,6,5,4,4,4,34
NLUJE7DRJ,瑛,W17PJGEG9,お気楽亭,874,8,6533,489110,3,9,1,1,1,1,4,4,24
LVHVMT7JX,あすこ,JX0BXWNWH,新米蓮好き好きC,447,0,6533,489110,7,6,8,8,5,8,6,7,55
KHUK7DRR2,心がめぐめぐする,9GDHWXGVG,ルリと花咲く毎日,1357,11,6535,489020,8,6,7,10,7,8,8,8,62
VVJ9J9TR8,みかん,HBCC35887,そりゃー!!!,1112,6,6536,488930,2,1,3,5,1,9,4,4,29
FR1MRWKHH,弾丸,KBJ2P8T0Y,人見知りの集い,1212,18,6537,488840,8,7,7,10,6,9,8,10,65
KACEH4J7E,リモ,60KU468X3,はっすーず,812,1,6537,488840,2,2,2,4,1,4,1,5,21
6248X1ZGP,黒澤たかびぃ〜♪,WLLWJ8ADP,乙宗筋肉サークル,1106,14,6539,488660,1,2,4,10,4,10,9,9,49
KB5PKC03D,ソウルバーナー,7U20138DB,LGP,1560,17,6540,488570,3,2,5,9,9,9,4,7,48
59HNJPC1U,お茶,05KN1RR3U,さやかほ花卉園,478,0,6541,488480,2,2,6,2,1,5,4,4,26
YQAJ1NMDW,めろん,D7UA5ER1E,UR報酬欲しい！,1134,1,6542,488390,8,7,6,10,8,10,8,9,66
U7ALH8YMB,アベエル,4RATY4E84,DC大好きクラブ,1068,2,6543,488300,1,4,4,4,7,7,9,7,43
BXLW715LV,のっぽパン同好会,N2KCENRKH,猫＆旅大好き部,1250,9,6544,488210,7,6,6,9,7,7,7,9,58
FNWJDAH0A,靴下大爆発,8XMW94CPX,ヒノチタカバディ,299,0,6545,488120,2,1,3,4,2,1,1,1,15
LWHJCVJ19,小泉コン,FC8NBAJBT,ラー麺二郎金沢店,1349,4,6546,488030,10,6,6,7,8,7,7,7,58
09JZ013FL,bassie,31A7JKC69,蓮好きの巣窟,1212,5,6546,488030,9,9,8,10,8,9,9,10,72
22KBA5W88,K4zus4,88DJ300PJ,めぐ党 • 永遠,1208,5,6548,487940,8,8,8,9,8,10,8,8,67
TMLW9R0UB,Yui,KUFRXPPF0,754T,475,0,6549,487850,7,9,5,10,7,7,5,9,59
X0NCVG4BF,ハリノ,W9V6VTXAN,梢先輩の歌声好き,573,0,6549,487850,2,2,1,3,1,1,1,1,12
LUHGUX9PH,MTC001,KA1249N3H,沼津倶楽部,1000,5,6551,487760,7,8,7,9,6,8,8,7,60
JVLA2TG96,S,NA8FEYN0M,蓮ノ空飲酒クラブ,1109,2,6552,487670,7,7,5,9,6,8,7,9,58
UJ52HMK4X,ll花帆,EYEPHE14G,花上梢頭,427,0,6553,487580,5,6,10,8,4,2,5,4,44
F9HDWATWH,スリーズブーケ,8YNHW7530,虹ヶ咲、蓮ノ空,662,0,6554,487490,5,4,4,7,1,4,1,4,30
373MJNHKX,つづり,WBXF9XXW7,さやつづ愛でる会,312,0,6555,487400,2,2,2,3,1,3,6,8,27
7RXRRA43F,しまざき,NV5H2H15B,アフター参加し隊,1075,6,6556,487310,1,2,9,3,1,5,1,2,24
8TVRHLKX8,Septe_l,30W3RA65G,蓮ノ空自由クラブ,391,0,6556,487310,9,7,8,10,3,6,6,7,56
QU5UELMEL,やまだ,VLY036Y5B,アフター気になる,599,0,6558,487220,9,2,2,6,2,6,8,8,43
42LT7XRTV,わかば,2AUM7L9BW,蓮初心者クラブ,602,0,6559,487130,8,6,8,9,6,9,9,10,65
36WCXKUFG,アルティー,R083H7WRN,サークル無言,794,2,6559,487130,1,4,4,2,1,1,1,1,15
QPUANWXUU,矢守留木菜,E8K438RP1,リンクラ初心者部,649,4,6561,487040,2,3,2,3,5,1,1,1,18
NF3UJCA9U,IcaroAlt,REUA4H17B,LLLLBR,300,0,6562,486950,3,2,2,2,1,1,1,1,13
WCF3M2E17,FT.,9YM3DBTB7,泥民館,1199,7,6563,486860,8,2,4,6,5,7,5,7,44
TYPCFLHCH,MAL,60KU468X3,はっすーず,818,2,6564,486770,5,5,6,6,3,5,1,2,33
BOS7YDF47,たっかー,E7UBFLW56,同好会の同好会,870,0,6565,486680,4,3,7,7,5,7,7,9,49
RYEWALNJU,そーら,XXVVJY6FE,はぴぱれ,969,8,6565,486680,6,6,8,9,7,9,7,9,61
9J50D04CC,しもん,88DJ300PJ,めぐ党 • 永遠,1112,11,6567,486590,9,3,10,5,9,10,10,10,66
03YS343AH,陸戦強襲型大納言,95031TR10,ひめぎん文化会館,1004,7,6568,486500,1,6,7,6,9,5,1,10,45
4TMJCXDCS,Sum,KXB93FVTR,ブルームガーデン,987,3,6569,486410,5,4,7,9,7,10,7,10,59
RNDXOM2N1,あかりんご,BCJRMHE75,梢すきすきクラブ,990,3,6570,486320,6,6,5,7,6,7,6,7,50
6EP5MFLTG,under,9BLGT7REN,LLSP,1178,6,6570,486320,7,3,1,9,5,5,2,7,39
18CCWW35N,のるむ,GW4CH70HK,TKG同好会,878,5,6572,486230,5,2,7,2,4,10,4,5,39
MYXP6MAC5,タロウ,25PMPEMG7,星見プロ,1432,15,6573,486140,10,10,10,10,10,10,10,10,80
6J0NK5FNQ,黒咲,3BE2RELRC,見晴台,972,0,6574,486050,2,5,7,4,3,9,3,7,40
PD0K8XGC9,星影,FNHT9JFY4,リンクラ楽しむ隊,676,2,6575,485960,3,7,9,5,4,3,4,8,43
4XW60578K,さんだる,RKT7BC4F6,人形浄瑠璃乃,827,6,6576,485870,4,9,9,3,1,1,1,1,29
29ORF1KX7,パスタ,2CPVMP9BN,ナイトオブパスタ,976,2,6577,485780,4,6,8,6,1,1,8,9,43
N8H8U4FNH,ぐみ,1D7T2UXC2,無言でのんびり,921,1,6578,485690,8,4,6,4,7,6,5,7,47
0PV2L5WG7,カニコロッケ,7MPNTWKTN,Dreamers,1064,9,6579,485600,7,6,8,9,7,9,7,7,60
5EM9A70TY,ダーヤマ,85D411XNB,蓮っ子の集い,984,11,6580,485510,2,2,1,3,1,1,1,1,12
V39YW7DT7,GUNEXE,919XF8V2V,蓮之空大三腳,1106,15,6580,485510,9,8,9,10,9,10,9,10,74
MD9NVKB3T,もじゃ猫,E12PR824F,ゆるっと蓮ノ空,746,1,6582,485330,6,7,2,9,4,5,1,6,40
HITGMVHPO,としゆき,M44P06CH5,つづさや見守り隊,774,2,6583,485240,9,2,7,10,4,8,2,10,52
QABVOAJ06,リノ,KA1249N3H,沼津倶楽部,1024,7,6584,485150,7,7,8,10,8,10,8,10,68
JGRJ724RT,なの,TM19BMU7C,ソロプレイヤーズ,1066,8,6584,485150,5,6,6,9,7,8,7,9,57
KLZC7KAF2,onasubi,WNA5GTJPP,蓮ノ空百合クラブ,1172,6,6586,485060,7,6,6,7,7,9,8,9,59
00EXDETRT,ウヤ,G0WRCNRWK,県立沢庵図書館,1255,13,6587,484970,8,8,5,10,9,9,8,9,66
DV76TD4G0,炙りサーモン,95TAREFPT,ご自由にどうぞ,1163,10,6588,484880,7,6,7,8,8,8,6,8,58
D3FHX7FF6,Wright,6UAFKBRPN,リンクラ初心者部,767,2,6589,484790,8,9,10,9,8,8,7,7,66
PUZNCFF6H,のり,AG9PKMMC3,ぱかぱか同好会,1426,8,6590,484610,10,9,9,10,9,9,9,9,74
F05TP51YP,こてつ,LFB48H6MU,超初心者の会,945,2,6591,484520,1,4,7,7,5,5,1,10,40
R0C7FDE1G,まつ～ん,YCJK528P9,ぼっち,749,2,6592,484430,10,2,1,4,3,1,3,5,29
3FUK011WX,ちかち,W2CFBGNME,mud部,1090,2,6593,484340,5,6,5,9,7,10,6,10,58
4DA1CCHD9,あっち,EP27EEH81,毎日がホリデイ,1229,3,6594,484250,9,7,8,7,8,10,8,10,67
2RV3KN78E,遊城ちき,ULUELCJ7T,なるようになる？,1193,15,6594,484250,4,4,5,10,5,7,5,10,50
AWXVY57HL,わっよ,CTW8DKV5P,まったり,1162,13,6596,484160,6,5,7,8,5,8,7,8,54
C25964W1K,ぶぶるー,C021HVB2B,第3芸能科,701,2,6597,483980,1,2,6,3,1,5,5,1,24
YKB5RTC08,眼鏡流星群,9D722M8KC,蓮ノ空同好会,1150,10,6598,483890,8,6,7,9,7,9,7,8,61
C7TCEFG1H,猫月,H1G4CDT6C,無言自由,938,13,6599,483800,4,6,10,6,6,7,5,8,52
R4LPMR766,戦闘妖精,WNA5GTJPP,蓮ノ空百合クラブ,1025,9,6599,483800,4,4,4,5,5,7,9,10,48
9J2XUETVL,99期生愛城華恋,57UT319NN,蓮ノ空同好会,197,0,6601,483710,5,4,6,3,2,5,1,3,29
46KV1RHDL,RAVEN,G26L2CBRC,悠々自適,1137,4,6602,483620,9,10,10,7,6,10,6,9,67
L04WF4JV8,トニー,22PYAXMA7,ななみゅー,1012,3,6603,483440,6,6,5,8,4,6,6,6,47
UCEF85XCN,たけさん,A7WWE0463,蓮ノ空初心者部,980,11,6604,483350,6,7,7,10,10,10,7,10,67
H7A1RZ3S4,chahey,X34LWGL6R,サークル2,1176,2,6605,483260,5,6,4,7,8,4,7,6,47
WKGE7FPKF,クロックムッシュ,AXG81GPMP,蓮ノ空マタギ部,985,13,6606,483170,2,6,4,5,4,8,4,4,37
9G5XKQESN,そら,R1RM3X0WV,後方腕組みオタク,499,0,6607,483080,1,1,2,2,1,1,1,2,11
2945FT3HY,さとちゃん,61UTNTRU1,初心者さん,1214,18,6608,482990,8,10,8,8,7,10,10,10,71
EH0YPZ15O,山2000,FHN78V2DJ,無言でどうぞ,1299,12,6609,482900,10,10,10,10,10,10,10,10,80
U8M0WAQEE,みかん凹,VLY036Y5B,アフター気になる,465,0,6609,482900,3,7,4,10,7,5,4,5,45
VCUDEHF8R,ふきお,8MTLYLH9F,木星月華黄金宮,222,0,6611,482810,10,10,10,10,10,10,10,10,80
JE6681K3T,ステリン,H0DV3JJGA,かほさやてぇてぇ,1229,3,6612,482720,7,7,7,9,7,10,7,10,64
9W27RP14B,夜凪,WBXF9XXW7,さやつづ愛でる会,471,0,6612,482720,8,8,7,8,5,7,3,8,54
E5L0427X6,さっと時々ちっと,W9V6VTXAN,梢先輩の歌声好き,513,0,6614,482540,7,7,4,8,4,8,4,10,52
LF45W7BU7,ゆーり,HHMRTM0P7,つづさや党,1119,14,6615,482450,10,10,10,10,10,10,10,10,80
XPNBADCY2,なつ,57UT319NN,蓮ノ空同好会,521,0,6615,482450,10,10,10,10,10,10,10,10,80
9TVAL76U2,Okina,A5Y1LHLCR,まったり,464,0,6617,482360,7,4,5,8,6,7,6,7,50
4XERRJCWB,シリウスブラック,A8BJ5V3ET,はすのそら,669,0,6618,482270,4,2,2,9,4,8,4,9,42
WD7HPQ7MW,ツバサ,0CBM28JP6,ほうき星,1045,12,6619,482180,5,5,6,5,7,6,7,7,48
EFQTOKBP6,らいあん,4874GTTJD,ヘリできた,587,1,6619,482180,5,5,2,10,5,6,4,10,47
AE6Y551TC,夢幻王,GYJ3C6TKR,綴理先輩好き好き,1358,2,6621,482090,8,8,8,9,8,9,8,9,67
MFQOSYBDB,ミュウ,6HV2RH6TU,イベント用、無言,770,0,6621,482090,4,4,4,6,4,5,6,5,38
0LQWR4XP2,素敵な学院生,RM7N1JDB5,無言推奨不干渉会,660,3,6623,482000,1,3,7,5,2,5,3,3,29
ZR9563G0B,そい,M67ACEP3M,オーバーブースト,910,3,6624,481910,6,5,8,10,7,8,9,8,61
WKXUUKRD3,あんみつ寒天,J5CKL5YPX,ログイン勢かもん,887,2,6625,481820,5,4,8,9,4,1,8,9,48
UILPSAPQM,もぐ,6HV2RH6TU,イベント用、無言,1339,0,6626,481730,9,9,8,10,8,9,10,9,72
0WSWNJHPG,ダノンデサイル,X34LWGL6R,サークル2,1477,18,6627,481640,9,9,10,9,9,9,10,10,75
RLN6TRNTA,アイ,0YLUK30K6,蓮っコの集い,1355,12,6628,481550,7,7,6,8,7,9,8,10,62
6UF1PUWN0,脱力,AR9HR528A,いろいろ実況,797,0,6629,481460,7,6,5,4,7,9,5,8,51
4KCU1WKR0,秋人,VAR94KPUT,日進月歩,1186,9,6630,481370,8,7,8,9,4,10,8,7,61
XUDSJNAGR,ハンゾウ,LLDLG20UU,UR取り隊,1306,8,6631,481280,10,10,10,10,8,9,8,10,75
CNH8CSW38,Naitora!,998H940YN,お嬢様筋トレ部,1273,8,6631,481280,2,4,8,8,7,7,7,10,53
EY563RWH5,幼馴染み,E1HVJ71JR,ご自由にどうぞ,747,4,6633,481190,4,3,1,2,5,1,5,9,30
01L36LTSN,皆城舞花,5EEXYEYH7,蓮ノ空計画,1049,2,6633,481190,9,5,4,7,7,9,7,10,58
KR59L23MD,なーな,E0JM59N1E,花咲梢,620,0,6635,481100,9,7,7,6,5,8,6,10,58
HIFW6UHU3,とにお,PRY4573W6,報酬用,1062,1,6636,481010,7,6,6,8,5,8,5,7,52
LJT8A3HM8,好き好きクラブ,H1G4CDT6C,無言自由,488,2,6637,480920,8,4,6,9,5,5,1,6,44
1NQKAKGPH,さおり,1F5EPPMLD,UR貰えればいい,1168,2,6638,480830,5,4,5,7,7,10,8,10,56
OWBMIIVHR,おとえ,NB0HX9KP8,かほてぃあん,1283,18,6639,480740,1,6,4,6,6,7,9,10,49
M2CUYK3JA,けいと,YVV9CMBLW,東京公演で沼落ち,960,1,6640,480650,7,7,6,10,5,9,6,8,58
SKJG5KVOL,タロイモ,T8X0G07YB,なければ立てる！,1301,2,6641,480560,8,8,10,8,9,10,8,10,71
AX33H378G,ゆーじんぐの剣,T045NDKW0,♬さやか愛好会♬,880,4,6642,480470,7,3,7,8,5,7,5,7,49
MRKFEG9L9,テキオー灯,R9T0YKDW8,かちまち応援隊,806,4,6643,480380,4,4,5,2,4,10,6,8,43
97MRE1C8E,せをはや,R9NGK6L48,のんびりサークル,944,2,6643,480380,7,5,7,8,5,8,5,7,52
W0JH3ZDZZ,春風,0UT59MJ8U,かほすこ同好会,1539,13,6645,480290,10,10,10,10,10,10,10,10,80
DAK5DJU9K,日向ろな,5L9GNT78V,叶え！私達の◯◯,360,0,6646,480200,10,6,10,10,1,1,1,4,43
TI45P8F56,かほのん,J0N1E3Y09,月火水木金土日,1078,4,6647,480110,4,2,1,8,4,7,4,7,37
199YDRHBW,おるけん,UX96YX4T1,『位置について』,341,0,6648,480020,10,6,10,10,7,7,10,9,69
61QTWR6WQ,大月,FR5PDRB5Y,株式会社つづさや,1277,7,6649,479930,8,4,4,9,7,8,5,9,54
FWH6TPXM1,ズラマリ,A86FEX2JC,おやさいさん,993,3,6650,479840,6,4,6,8,5,7,4,7,47
88R8E6HHD,れい,9R15VM25A,考え中,493,1,6651,479750,6,6,5,8,5,10,4,5,49
PX1BJTEXG,雑草,3194B9E93,初心者寄り合い所,336,0,6652,479660,6,2,10,2,1,10,1,4,36
J78UMS50Y,剣士,RGR1NVGWH,無言推奨・自由村,1159,1,6653,479570,7,2,1,8,6,7,6,9,46
EHIFJK7AF,ぽんかん,J0N1E3Y09,月火水木金土日,1197,12,6654,479480,7,4,6,8,5,7,5,8,50
06FFAY6WC,junbom,XYRA2MND0,蓮ノ空ゆっくり,221,0,6654,479480,2,3,2,4,3,4,3,7,28
DZI854CGZ,誾月,WX1DYC9Y1,ラナンキュラス,1301,9,6654,479480,2,2,3,5,1,10,9,9,41
9ZDVB2QGQ,なかじ,T8X0G07YB,なければ立てる！,1443,18,6657,479390,9,8,9,10,8,10,10,10,74
EUC6EYVNP,ピピピーター,BELCUYCMH,蓮hkg香港分部,1094,4,6658,479210,7,7,9,10,6,8,9,8,64
672I7KRRP,Pタロー@米,58FD7UF8J,としとしサークル,1332,8,6659,479120,8,6,6,6,5,9,8,9,57
1AY06KV3L,和泉守,WLBYGHXPD,大天使村野さやか,878,2,6660,479030,4,7,6,5,1,7,6,7,43
JK3RY8JT2,こうどら,6R5WAYC4D,どら,187,0,6661,478850,8,5,6,10,6,9,5,8,57
2GFC7Z2GL,ぎわっしー,K4TAHF9YA,はすっこ準備室,1445,16,6661,478850,10,9,9,10,10,10,10,10,78
353W47H4M,かまぼこ,P3T2T39HF,新川地区ノ空,1310,3,6663,478760,4,6,6,6,6,9,9,10,56
067EAD2RU,時崎咸鱼三,X33HHA9F8,アルストロメリア,908,8,6664,478670,1,5,10,6,5,7,1,9,44
YN2NGFRX5,ハンバーガー,XXMU9WLKB,梢の機械さん,1015,1,6665,478580,6,4,4,7,6,7,4,8,46
1W6NYSXDG,勅使河原　奈津那,KWX0HVHCT,梢と綴る刻,942,0,6666,478490,5,7,7,4,5,7,5,6,46
YHA7GWR2C,星hoshi,X7YM9EG8K,伝統の石川地酒,365,2,6667,478400,5,2,1,3,1,1,1,1,15
BUFJC6YAH,vty,6C9R15BLY,スクスタ避難民,389,0,6668,478310,7,5,5,6,2,5,6,5,41
V4XPV38LV,すず,GVATEX7GC,のんびり,1103,10,6669,478220,7,9,10,10,7,10,10,10,73
8BH0VTM3U,たこや,6TEDXJBLX,柳田保育園,1216,17,6669,478220,5,4,4,6,4,4,7,6,40
4AJNYPYJN,まみ,2AUM7L9BW,蓮初心者クラブ,551,2,6671,478130,6,4,6,7,4,6,5,5,43
NTNXGJCHM,ささぴー,8MLVA67AK,聖ミリオン女学園,996,6,6672,478040,3,6,4,7,10,9,2,10,51
CXLC5ML49,白根なにも,MVMP6NNXD,空き時間らくがき,1294,6,6673,477860,8,7,8,10,7,8,8,9,65
4T4O13QJ0,RYO@北海道,8M6UDX260,ぽけもん好き,739,3,6674,477770,1,2,1,2,1,1,1,1,10
8FD8K7V2G,かすたねっと,T8X0G07YB,なければ立てる！,1424,15,6674,477770,10,10,9,10,9,10,10,10,78
E374TZC25,ばいおれっと,M851LEV3N,なっす父兄,1447,1,6676,477590,9,8,7,9,7,8,9,10,67
Y84KRC78D,シャクガン,F2FFNFUYE,深谷家,1039,9,6677,477500,5,5,5,7,4,8,6,7,47
LC65M61TA,蓮ノ空一番大好き,ELDXGWNA6,○サークル,553,2,6678,477410,2,2,1,4,2,1,1,5,18
G98FXD18F,りょまりょま,8BAYBXUXC,スリブ大好き♪,496,2,6679,477320,4,4,4,4,1,3,4,4,28
MC0R8KMSY,パラン,EECF9C0N3,蓮ノ空　茨城分校,1080,6,6680,477230,5,5,7,9,9,9,7,9,60
ULRGDTTA0,テンパ,C021HVB2B,第3芸能科,847,0,6681,477140,7,4,4,4,5,4,4,5,37
B28B4X26L,まんちゅう,85G1K4U8U,ゴーイングメリー,965,2,6682,477050,5,6,1,3,6,9,7,7,44
6JS3SGQ5U,とりのてんぷら,KJU0BU77M,無言交流なし,469,0,6683,476960,7,4,5,10,6,8,5,8,53
GFRKGRKGE,でゅーん,9C0KWR782,まったリンクラ,892,6,6683,476960,2,2,10,2,8,8,6,10,48
G4B7NWB61,大きな翼,D52G2F1HV,いな民リンクラ部,920,1,6685,476870,8,7,8,9,5,8,7,8,60
SPB7V8ZPN,レヴィアタン,K4TAHF9YA,はすっこ準備室,1196,17,6686,476690,7,5,10,8,5,7,10,10,62
F3YJA09XO,かみゅ,XLBU65J86,花の壁飾りクラブ,1179,5,6687,476600,8,7,6,6,5,8,7,8,55
9BN8RC8H9,わなげチョコ,PPAHU1TNY,蓮ノ空のんびり部,734,4,6688,476510,2,2,1,4,8,1,1,3,22
LXRQSDWD9,なみおみ,GLP0WPDRM,イベント用の泥,1176,12,6689,476420,6,6,7,9,6,9,9,10,62
DIBQZQ1EF,アヤメ,7R8NKPAB1,花帆推し倶楽部,1238,8,6690,476330,7,4,4,9,5,7,9,10,55
283HNFVNG,夕榎,E050K9859,蓮党,807,3,6691,476240,7,7,7,8,4,9,7,7,56
CA3PEGT3B,きいす,TK9E1BB1P,無言で自由,1037,9,6692,476150,7,7,7,10,9,9,8,10,67
J3T684JRD,Tsuki,427WENUC4,心の癒し～蓮ノ空,489,1,6693,476060,4,4,5,5,4,6,1,5,34
WG1X42VXE,SW,E6WR9G75P,安養寺姫芽推し会,736,0,6693,476060,9,7,7,10,6,10,8,9,66
PVJN7NN3E,106[敦],58EPXVKXX,金沢総合車両所,1074,9,6695,475970,6,4,6,7,4,7,4,7,45
BFULL2QMH,かけっち,CGLNW9PDU,さや処札幌支店,1085,5,6696,475880,7,5,7,8,6,8,5,7,53
1GMBBLDLA,肉うどん,W2HEPMM2A,無言。ぼっち。,1209,11,6697,475790,9,10,9,9,7,10,9,10,73
05W9M0F1T,怜,28XJ8NK4L,蓮ノ空まったり部,1052,2,6697,475790,4,4,4,6,4,8,6,7,43
KGMXT2D5Y,Ikra,8VGXWTV3U,R.opRizm,904,2,6699,475700,1,1,1,2,1,1,1,1,9
78C4PNE70,カカ,6MWHCNJE8,蓮之空小賣部,242,0,6700,475610,2,4,2,5,1,2,3,2,21
BE00KEVF8,なかたに,V4AVCR6C1,なかやま,314,0,6701,475520,5,2,8,4,3,8,5,3,38
F6SSOO979,Kn5（けんご）,3LPBPHL3V,壁の民の伝説,1425,4,6701,475520,7,8,7,8,7,10,10,10,67
7FJ444IJN,スリーシ,7XH3K4GBT,LLP,1046,2,6703,475430,2,1,1,7,1,2,1,1,16
4AV99KWQF,mugon,JD1PFYJWE,瑞蓮隊(無言OK,1157,7,6704,475340,6,6,5,6,4,8,10,10,55
LKE2RRAB1,なん,M4YY7PV0G,ブルーロータス,755,0,6705,475250,8,6,7,9,8,9,8,7,62
SZ4KF9FH8,ねむみ,N0EXH1CM1,ぱちぱち徒町,1135,3,6705,475250,8,7,7,9,7,5,8,10,61
Y5QJU4C6K,Tymizz,EWM0GK62C,誰でもどうぞ,1127,7,6705,475250,2,2,6,10,5,10,10,10,55
WJZ6F4RK1,私雨,M44P06CH5,つづさや見守り隊,1186,2,6708,475160,7,9,7,10,8,8,10,10,69
85XYXKB2V,てん,TF8AMTXNH,ﾃﾝ,598,2,6709,475070,9,1,5,6,1,6,1,7,36
U1P4JY16R,ジャック,T045NDKW0,♬さやか愛好会♬,686,0,6710,474980,2,2,1,2,1,1,3,1,13
46OYOT52K,カケル,G6EH0KHT7,なんもわからん,1071,3,6711,474800,6,6,6,6,5,7,5,8,49
VWBFBYYTP,榊木,9U8KNU6U9,対抗戦用,1000,5,6712,474710,7,5,4,8,5,8,5,7,49
2KYKLUHN7,ひろきち,LJNCAEVAP,蓮ノ空さやか研,524,2,6713,474620,10,7,10,10,8,5,10,10,70
G2K1OHMFD,夜船　北窓,9EYH317R8,イカトンブライ部,1172,7,6713,474620,4,7,7,8,7,7,8,10,58
3MH65KA10,たまゆら,26JDLMBLN,徒町は強く生きる,486,0,6715,474530,8,5,6,7,5,6,2,7,46
X410C1UAJ,五十幡 矢澤,8EP8BFEV7,蓮ノ空女子野球部,901,0,6716,474440,9,7,7,6,6,8,6,9,58
Z4CUHQPH7,量産型桜田さん,LY0XPW7NL,同棲概念強火派,1007,4,6717,474350,1,2,2,2,1,1,1,1,11
7L7AH4NVM,keinez,T4WY63DB9,ういのま,982,4,6717,474350,7,6,5,8,6,7,5,7,51
13PTZF0SB,くま,8JMW9G2XW,僕らのリンクラ！,980,0,6717,474350,5,6,8,8,4,7,6,7,51
L0BH47W87,歌詠少女,LLDLG20UU,UR取り隊,516,0,6720,474260,2,2,1,4,2,3,2,5,21
JLTEW61V7,君と僕の歌,B2KV0EVPD,蓮ちゅきクラブ,1651,14,6721,474170,7,5,6,10,5,10,6,7,56
C8EDB9KP5,しず,HMBW9DXY2,蓮好き皆あつまれ,488,0,6722,474080,9,2,10,6,4,5,5,5,46
ZBUDOU3B0,凸,N1JM7M3YC,丘側,1684,18,6723,473900,4,6,8,3,4,8,7,6,46
MTEALG8VB,りんご,0CEA9XFKR,蓮ノ空の泥人会,1037,8,6724,473720,3,8,6,9,7,4,5,10,52
00X6W4TT9,くろすけ,PPAHU1TNY,蓮ノ空のんびり部,978,2,6724,473720,6,4,5,7,7,7,5,8,49
APY743W7R,寺田,VLY5JDKCV,新規なのだけれど,893,2,6726,473630,5,7,4,9,7,4,1,6,43
Y5RTHZ7EV,幸せの青い手拭い,5YXVKDEKV,サークル(仮),782,0,6727,473540,2,4,5,7,1,6,6,5,36
3U5DVETKL,るや,WT275TUAT,ゆっきー組,1076,6,6727,473540,7,7,8,6,5,9,7,8,57
XBMUKPW0D,顔長マン,8UJNTV5BX,のんびりと部,1123,7,6729,473450,4,6,6,7,8,10,1,10,52
8YLNE38AX,磯風,948FLPMPN,まったりハス煮〜,1057,12,6729,473450,6,5,5,10,6,6,5,5,48
8V2VNR2XQ,黒澤姉妹のオヤジ,V8XX999F6,卍蓮村幼稚園卍,1332,8,6731,473360,8,7,8,10,7,8,8,9,65
AY902BE9L,ヒミ,GN1798YEX,ド!ド!同好会,616,6,6732,473270,2,2,4,3,4,7,1,4,27
40VBHF4CB,チヘイ,GGK2P93JK,きゃらめる,469,0,6733,473180,7,9,9,9,8,7,8,9,66
28YE0HGYG,青城千春,KRLTMVMX4,蓮友会,861,5,6734,473090,1,2,2,7,1,10,1,4,28
V3GIYDA9V,みずの,J62DRC7J5,蓮ノ空好き好き会,1272,5,6735,473000,10,6,10,10,7,9,8,10,70
LFNX0TJ53,azur,7B8K574NX,GEAR,544,0,6736,472910,5,1,1,8,7,4,1,9,36
260GHQ2RA,なづな,2VJG66JTH,まったり,1264,13,6737,472820,8,9,8,6,8,9,8,10,66
U81W2EBUE,ラップ,H837E0M9R,沙知先輩大好き部,834,0,6737,472820,6,6,6,4,5,7,6,7,47
QJ1Y1B4V3,潜伏者,G8F0M2PH2,アフターウォール,1090,0,6739,472730,7,6,4,7,5,7,5,7,48
F0WJU3G4E,syuto,JE7V5MM31,蓮ノ沼に沈んだ泥,1326,14,6740,472640,7,4,6,8,3,8,10,10,56
DD4XT6LW6,花園静馬,W9V6VTXAN,梢先輩の歌声好き,1260,14,6741,472550,8,8,7,9,7,8,6,9,62
BWJGUA4J7,Gray,17AEM7PUN,SIFcord,431,0,6741,472550,9,4,10,9,5,6,8,10,61
KKPEVYOXQ,Chiyuu,V6DV6KETG,梢好き好きクラブ,1388,15,6743,472460,5,6,6,4,6,6,6,10,49
2CF36EAJP,神原拓泉,KANLFTMVJ,蓮ノ空中文同好會,373,0,6744,472280,7,4,5,6,1,4,4,4,35
L80FHC0L1,あつ,9P9EPKFHE,無言参加OK,324,0,6745,472190,5,3,4,4,1,1,3,1,22
LEJGTGCGI,Ferran,HWWRP6K2J,家に猫がいます,784,6,6745,472190,1,2,5,6,7,1,1,4,27
UNKU61WIH,Aleca,72J5PWU5K,ライグラ待機室,1032,4,6747,472100,5,7,4,6,1,4,4,6,37
YX47KWAN8,あーゆ,MUXWTW1GV,蓮の空見守り隊,683,2,6748,472010,2,6,10,8,4,9,10,5,54
5DRETR5CR,いさどり,YMKU30246,参加賞がほしい,521,0,6749,471920,8,5,9,8,7,9,10,9,65
9JJ1XVVJN,シーラ,3FF3NB77X,せーはす愛好会,363,0,6749,471920,9,8,8,10,8,9,6,10,68
I7PJVFI15,ヒロキチ,49TL8LVT1,蓮ノ空海賊団,1162,18,6751,471830,4,4,7,2,9,7,9,10,52
PEXD4LDC1,ゆゆゆ,BTVC9G95X,FES用,778,0,6752,471740,8,7,7,7,5,9,6,8,57
Q2PK79FU5,銀色彗星,0XUV5025C,めぐめぐバブり隊,1193,4,6753,471650,2,2,1,5,1,1,1,1,14
M2NYRU684,syo,V8XX999F6,卍蓮村幼稚園卍,334,0,6754,471560,8,7,7,8,4,8,6,9,57
AYS0HYAIC,なつき,NCX28D4VB,Lyric,1630,13,6754,471560,10,10,10,10,9,10,10,10,79
U4F3WGHX7,たっぷう,LB0K3MHND,フラワー,1384,4,6756,471470,8,7,8,8,6,4,2,7,50
L166EWTKU,グミ,WPG6BCG83,基本無言,1225,12,6757,471380,8,8,7,9,5,8,10,10,65
F3PEM3IH3,RK,6531MBM0X,のちもたーズ,372,0,6758,471290,9,8,7,10,7,10,10,10,71
LBWF60YNJ,テル,NJBBTCY3A,かにかに！,670,0,6759,471200,5,3,4,4,1,5,1,1,24
ZOKO09OOJ,朱夏holic,AH27N260E,百生信託銀行,782,3,6760,471110,5,6,4,4,4,5,4,8,40
2ROEULTRQ,へっぽこぴ〜,W2HEPMM2A,無言。ぼっち。,1104,6,6761,471020,8,5,5,5,5,7,10,10,55
20R5VDFUX,トシ,2UKNVBMBU,梢ちゃん同好会,1203,12,6761,471020,7,7,6,6,7,10,8,10,61
132UJNPFB,ムツキ,KXB93FVTR,ブルームガーデン,663,3,6761,471020,5,1,1,7,1,1,1,4,21
ZMSIMQGDN,ハレカ,V26546K3D,乙宗気合筋肉,994,2,6764,470930,1,2,2,2,1,1,1,1,11
PGX2KTFY4,アスマン・ザラ,Y2HV0YEF7,蓮ノ空を応援し隊,1412,4,6765,470840,1,2,2,4,4,4,7,8,32
G0X2T5XNE,こいたん,UBVXEAK38,ブルウモーメント,854,3,6766,470750,7,7,7,8,5,6,5,8,53
ZR819TU83,nari,6BFC4G5YG,蓮ノ空足湯同好会,1199,10,6767,470660,8,6,5,9,7,9,7,8,59
KZNBWWDQL,ダイブマラドーナ,9BHYELNY1,シン・エスパルス,1068,5,6767,470660,2,7,4,7,7,7,8,7,49
GQ5LMIQLQ,しましま,BKUHCT7WF,蓮女お嬢様部,1240,4,6769,470570,7,4,4,7,7,7,5,7,48
6TABDAYB1,いなばうどん,G8F0M2PH2,アフターウォール,982,2,6770,470480,2,2,1,8,1,9,1,4,28
21LY4IJ5M,ゆい,8BAYBXUXC,スリブ大好き♪,1226,15,6771,470390,7,7,8,9,7,8,7,9,62
HC8DW3FXJ,meromero,36DAM7HBL,蓮隠れノ里,877,8,6771,470390,2,2,9,4,4,7,1,7,36
NF536S6K9,竜宝,4AT31VFAK,イベント用円,1139,7,6773,470300,8,7,8,6,8,10,9,10,66
NG1V1KO2X,マジンライバー,D7UA5ER1E,UR報酬欲しい！,1015,6,6774,470210,7,2,1,7,6,9,5,7,44
WULLLT8DX,マ・BO,9RYR14H9L,ソロマターリ,1214,9,6775,470120,4,4,4,6,5,7,7,9,46
7E4912M27,かっこー,W2HEPMM2A,無言。ぼっち。,1286,1,6775,470120,4,6,6,8,7,4,4,6,45
EEJNNCHMM,Ginko,JKAYY0KXL,自由！開心！,263,1,6777,470030,10,10,10,10,10,10,4,7,71
OR639RDIG,R.S,FBA3AGJVX,わいわい,706,4,6778,469940,1,3,1,4,1,1,4,1,16
EX52CJPA2,スギ,RM7N1JDB5,無言推奨不干渉会,935,2,6779,469850,5,7,4,7,7,8,7,9,54
127QTWFQN,タカ,DKNHY5HH6,なす料理研究会,1095,12,6780,469760,7,6,6,9,5,9,5,7,54
TAA511SXB,カンタ,GWGDMA3YC,初心者無言自由だ,1314,13,6780,469760,10,10,10,10,10,10,10,10,80
K5YQJYGYH,あるぱか,G89BFNPFC,牧場,834,2,6782,469670,4,2,5,5,2,4,5,4,31
5XXPT4XUF,スズ,0UT59MJ8U,かほすこ同好会,1394,3,6783,469490,8,8,7,7,7,8,6,8,59
1RDJNKFVP,Erimugu,C021HVB2B,第3芸能科,234,0,6784,469400,2,2,1,5,1,3,1,2,17
UVWHE6R8E,LEAF,FNMV166UY,蓮ノ空喫茶部,1219,12,6785,469310,5,6,7,9,5,8,5,6,51
G0C9HPKYJ,刹那,95TAREFPT,ご自由にどうぞ,905,1,6786,469220,1,4,6,2,2,1,1,3,20
2F12C709Y,なずな,8JMW9G2XW,僕らのリンクラ！,1175,11,6787,469130,2,8,4,8,1,2,3,2,30
SVRGYMZNG,スラベス,WXKKXU0H0,無名,840,0,6788,468860,4,6,10,1,5,8,8,8,50
8XBKTVC1O,尊し,CRYB2FJ64,つくよみくらぶ,904,5,6788,468860,2,3,4,8,1,5,5,7,35
Y48X8YD0A,ミツキ,9WJB6YPPN,温室花畑,1054,6,6790,468770,7,6,4,10,4,7,1,8,47
HEUYR8LVK,セトロ,TTDBXERCU,蓮ノ空 全力応援,930,2,6791,468680,6,6,6,8,6,8,6,6,52
MXTHX8VEA,遺跡,28MBJ3GNY,じゃがじゃがいも,1388,5,6792,468590,7,8,7,9,7,10,6,7,61
TTP49DL7G,The 虎,GGK2P93JK,きゃらめる,1059,1,6793,468500,9,8,8,10,7,10,10,10,72
MGR1HNTP5,侑,AHE0E3JND,ありがと！にひっ,939,0,6794,468410,8,4,7,7,5,8,7,8,54
UCCKF4JBN,星の子,BW38LDPRF,蓮浦の星空,647,1,6794,468410,7,5,4,4,5,5,8,7,45
2WCWD92Y0,プラはに,Y2P9LABR2,スクステ同好会③,1305,10,6796,468320,9,9,9,10,8,10,9,10,74
MOUC5TNGH,カッチュ,BYA3FA0X8,無言ぼっち同好会,1395,18,6796,468320,10,8,10,8,7,10,10,10,73
YXJIU926B,マコリカ,WLLWJ8ADP,乙宗筋肉サークル,1138,0,6798,468230,8,6,5,9,5,6,6,7,52
TG1PVMBTH,さかまき,M67ACEP3M,オーバーブースト,1366,2,6799,468140,3,5,6,3,5,8,10,10,50
IDX4QYZGM,せの,WLTWDT50K,せのさえ,964,9,6800,468050,4,5,7,4,7,4,5,10,46
R006MMCJE,ホワイトゼータ,321FF56TK,リンクラ芸楽部,949,5,6801,467960,6,6,10,6,7,5,4,4,48
PXNCYHWG4,がんばるくいな,RKT7BC4F6,人形浄瑠璃乃,1032,6,6802,467870,1,2,4,2,1,1,1,1,13
GKH6MY1PD,みしゃ,8MTLYLH9F,木星月華黄金宮,550,0,6803,467780,3,2,1,4,3,1,5,4,23
QIYJK4PD5,はな,P2J37FNLG,乙宗先生指導会,1047,2,6804,467690,10,7,6,9,6,6,5,6,55
QO5419XLG,きき,NA8FEYN0M,蓮ノ空飲酒クラブ,962,1,6804,467690,4,8,8,8,5,5,5,8,51
7D4C5CC86,サハラ,DKNHY5HH6,なす料理研究会,308,0,6806,467600,1,3,4,9,1,2,1,1,22
H95ALYFDA,な,YNR28303K,りんくらぶ,712,0,6806,467600,9,3,3,9,5,8,7,8,52
2M7Y5V8IX,ゆーま,X33HHA9F8,アルストロメリア,1016,8,6808,467510,1,4,4,10,8,9,7,9,52
TCKBB4ZEU,4rebeit0,JD1PFYJWE,瑞蓮隊(無言OK,1002,0,6809,467420,6,5,5,4,5,7,5,7,44
5BM28V03U,ユウキ,0R8BXPRC1,ポチっ！とクラブ,414,0,6809,467420,10,9,9,8,4,10,6,8,64
SP3QRRRCA,えりち推しの提督,H1LTYMK0B,花帆が可愛いの会,1114,14,6811,467240,1,2,10,8,6,6,1,10,44
ZCTLE6CRX,トキヲ,YD2XWWFA4,蓮好き好きクラブ,1569,12,6812,467150,2,7,8,8,7,9,9,9,59
1LM09G6K8,むらぴ,M8UCM16G2,こずえんふぇると,485,2,6813,467060,6,5,7,10,3,2,3,5,41
1O38MGEM7,けんし,9DKR4Y2CJ,蓮ノ空老人会,1026,12,6814,466970,2,5,4,4,1,5,8,1,30
D96XA64BE,サイモン先生,VLY036Y5B,アフター気になる,445,0,6815,466880,6,8,1,8,7,5,7,5,47
NMAXCUPFZ,(○▽○),8FR866PRY,蓮っ子みらくラブ,1195,13,6816,466790,6,6,10,9,5,7,7,7,57
1DL0FJNMF,ななな,2B97MH4YA,同じ話し何回も…,571,3,6816,466790,1,8,6,5,1,1,4,4,30
CBG1UE59G,とんとろ,YVF1V2AH6,蓮ノ空全共闘,346,0,6818,466700,5,6,7,6,5,8,6,5,48
TPGLDH4C3,べいそん,AE3L01V24,LOVE蓮ノ空,1033,2,6818,466700,7,7,7,8,6,8,4,8,55
IUORBEZR6,きま,RGR1NVGWH,無言推奨・自由村,1166,5,6820,466610,6,7,6,8,5,7,8,8,55
C7E9HH2LG,ワタル,88DJ300PJ,めぐ党 • 永遠,1041,6,6821,466520,2,2,5,9,7,10,6,8,49
RK0B0V52P,よー,XLBU65J86,花の壁飾りクラブ,1121,12,6822,466430,4,2,4,10,3,8,10,10,51
BPJ9JMF31,柊,1EBG7YUTL,菅！CAN！叶！,924,0,6823,466340,5,7,9,7,5,7,5,6,51
7H61HWF0G,みかん,PMME7169X,蓮っ子動物園,628,2,6824,466250,3,6,4,2,1,1,1,5,23
A214N9R5B,ミラガ,U57VPUTEE,ゆったりクラブ,530,0,6825,466160,9,1,2,8,5,8,7,4,44
6MJNQHNG4,とよ(ジーザス),4FXPC55PY,PPIHクラブ,931,2,6826,466070,2,2,1,2,1,1,1,1,11
E5D9DV0XP,グンゾー,RWDWD9PP6,乙宗家の屋敷妖精,988,13,6827,465980,3,4,5,6,7,9,5,8,47
82A32W326,高架線,Y2R7E79U3,カワウソ同好会,1583,15,6828,465890,10,10,10,10,10,10,10,10,80
PKC3KXJPF,Fleur,573J1JVVK,かほかほ,637,0,6828,465890,7,4,7,8,4,5,4,7,46
G0URX5UTJ,狐草子,KC1W74B9B,蓮六園,686,2,6828,465890,7,6,8,4,4,4,4,5,42
7R3D66MM9,さや,PMDDGR6AH,うぇるかむ,437,0,6831,465800,1,2,1,4,1,1,1,1,12
IY3SSNV7D,えでん,0JY7F3EKU,さやか愛でる会,972,8,6832,465710,7,5,5,9,5,8,5,8,52
UA9EXPW24,いなづき,M8FM7P139,蓮ノ空ひとり旅部,473,0,6833,465620,3,3,2,10,1,3,1,1,24
T4LKTN4G3,ヤミ猫,89K9Y7MX7,初心者歓迎,966,2,6834,465530,4,8,5,8,6,10,8,10,59
NXJB9FHJA,おっぴっぽ,F31A07X4V,蓮ノ空福井分校,971,5,6834,465530,4,6,5,9,2,10,5,9,50
GX6RCKV75,もんしな,RN5BT2ECF,泥,750,0,6836,465440,7,6,4,9,5,8,4,4,47
GB2ISVBH9,めろん,W3F0URUJC,梢先輩応援団,1067,10,6837,465350,6,4,5,8,5,7,5,5,45
TAVGNW30G,ゴー,2AUM7L9BW,蓮初心者クラブ,483,0,6838,465260,5,4,2,6,1,1,10,10,39
GL3V1KSH1,真面目な学院生,KBJ2P8T0Y,人見知りの集い,1384,16,6838,465260,10,10,9,10,9,10,10,10,78
DENK5IZRZ,Dyrea,PDMPF3VVV,r/LL,1264,6,6840,465080,6,1,2,6,4,5,5,5,34
AEXXNH8YV,まつ散歩2,427WENUC4,心の癒し～蓮ノ空,903,0,6841,464990,7,8,7,9,4,9,7,8,59
IQAD8UP5V,ましゅ,K4TAHF9YA,はすっこ準備室,1143,3,6841,464990,1,2,2,2,1,2,1,1,12
0AORTQK5I,ずっきー,2YD6LJLKD,みらくらぶ♡,513,0,6841,464990,2,2,1,2,1,1,1,2,12
8GUCXR1Y5,あいうえお,2ULM366U6,毎日がエブリデイ,1192,6,6844,464810,7,6,6,8,7,8,8,8,58
91HY4FXBS,ももこ。,CY3GGDH7H,㍿キモ・オタク,1384,15,6845,464630,8,7,4,4,7,9,4,6,49
8Q77TBKAS,TOSI9906,RXXUPMWB9,待機室跡地観測所,1054,5,6845,464630,6,7,7,6,4,8,6,5,49
3VRQQ47CK,すみはむ,PHEKJB75C,乙宗四季恋愛㌠,692,2,6847,464450,2,3,1,4,1,1,2,1,15
LBPEXTZ9X,duck_mvr,RAVU6J2AL,天使天才安養寺,680,0,6848,464360,4,6,5,8,5,7,1,4,40
IYX8GLFA4,しほ,KXB93FVTR,ブルームガーデン,1178,7,6848,464360,7,7,8,7,5,9,9,10,62
0ETPMM728,かのん,976BY5JWK,ハルカカナタ,174,0,6850,464180,9,9,9,10,6,8,7,7,65
QO00FR1RD,乙宗 初奈,U3VW1GF2F,撫子祭,1262,6,6851,464090,10,6,7,7,5,9,7,8,59
YP557DRRW,カメヤマ,ATB27G5P2,おこめ茶寮,1296,17,6852,464000,4,4,7,6,4,5,7,10,47
ZN03EN4C8,eow,W09WBG3HY,どろんちゅ,1049,1,6853,463910,7,6,6,7,5,8,6,6,51
WRFDR56CN,B'z,A73H7ENN2,エロマンガ同好会,1066,10,6854,463820,7,8,10,8,6,10,6,10,65
JHJK2M41N,こっとん,F2M746D4B,頑張らないクラブ,1040,12,6855,463730,6,8,5,6,7,4,1,4,41
WGBPRPC4G,adramel,XXVVJY6FE,はぴぱれ,174,0,6856,463640,2,1,4,3,1,1,3,4,19
5WKVI7CO2,やよ壱,HBD61R6WC,梢先輩すきすき部,1175,4,6857,463550,6,5,4,7,5,7,7,9,50
AYUBPTU9E,アルベイソ,4LLW1RBP6,こずめぐ党,770,0,6858,463460,6,2,4,8,5,8,5,6,44
VX6BR1C5C,やわらぎ,8VGXWTV3U,R.opRizm,612,1,6858,463460,3,2,4,2,1,7,4,5,28
049DRK1W0,たまご,R9NGK6L48,のんびりサークル,647,2,6860,463370,6,5,2,8,3,7,4,8,43
0S1UMHCNQ,干物,GMEF2K8DL,花咲く泥も好き²,1047,7,6861,463280,4,6,5,6,5,7,6,8,47
EK1DBEXLU,タイトルホルダー,X34LWGL6R,サークル2,1288,12,6862,463190,9,6,6,10,7,9,6,10,63
QEU48K161,蓮之丞,EURW22K8J,203号室,1166,11,6862,463190,1,4,9,10,7,7,7,10,55
V4YSTAK6R,春輝,XVTV7MVCX,雪月花,816,2,6864,463100,10,4,5,8,1,1,4,5,38
93EJK8C92,だご,FE282F3VH,天悶部,1228,2,6865,463010,9,6,4,7,1,5,4,8,44
HE0IS1TOJ,やましょう,E0427ERB9,Lotus,890,1,6866,462920,4,4,5,7,1,7,1,1,30
2ENT5J29X,niN,KGY709ULG,蓮の花束,689,2,6867,462830,9,7,7,9,5,8,5,5,55
1P2LVH00D,一瞬の夢,WBN7UHG0Y,かぎっ娘クラブ,1086,13,6867,462830,4,5,8,5,8,10,9,10,59
6J66E3E08,ミカン,1GJC67JLM,無言の泥,794,2,6869,462650,7,8,8,9,6,7,8,8,61
NFYUZ7V8Y,firehooh,EYEPHE14G,花上梢頭,1396,10,6870,462560,9,7,10,9,8,10,9,10,72
IMII1IU2H,はやて,ULUELCJ7T,なるようになる？,1206,1,6870,462560,7,8,10,8,7,8,9,9,66
RHGD94TFU,Yuzu,3YWMY4JVN,82プロ,1012,12,6872,462470,5,8,4,10,7,10,3,10,57
NEYVWNR5F,かき,4RNUXBXGL,みらぱ最推し,358,0,6873,462380,1,1,2,2,1,1,1,1,10
FBRTH9ECB,Sa3ku9,J0PT5EX42,スクスタモ部,311,0,6874,462290,10,8,8,8,8,9,9,10,70
0EN9NURA5,さらだバァ,MWHJ339TF,葉山エターナル,986,2,6874,462290,2,2,1,2,1,1,1,1,11
P8CUH7UB8,エミリー ☆,T56X6LP0L,光の海,940,4,6876,462200,4,5,8,7,7,7,7,8,53
FP3DHCLMV,ゆー,Y4G0KF6NB,無言でやる会,947,5,6877,462110,1,4,8,7,5,5,1,7,38
CDX25BFW5,さかえさん,4WWM4VVDK,蓮ノ空遊戯開発部,602,3,6878,462020,4,2,3,6,1,1,1,1,19
8NW8OZ4EX,参多,K25DPPGT9,圧倒的にまったり,1369,6,6879,461930,10,10,10,10,10,10,10,10,80
CTYXBUYM9,riderthy,7XH3K4GBT,LLP,769,4,6879,461930,2,8,4,9,4,4,9,4,44
1Q95ZKVW1,SYSK,K3R1XY8UT,自由,739,2,6881,461840,1,2,1,2,1,1,1,1,10
JZL1O0VV5,kamesan,PPAHU1TNY,蓮ノ空のんびり部,1069,12,6882,461660,7,5,5,10,5,8,4,7,51
LA9FKEHLJ,Fish,PDMPF3VVV,r/LL,1183,18,6882,461660,7,6,8,8,7,7,8,8,59
7M1J8RMT5,もあいける,K8C99H42D,ルリと喜ド！愛楽,615,0,6884,461570,1,2,1,2,1,1,1,1,10
1M7J2TH5X,夢見草,X19MP0NTT,蓮之空河豚养殖場,1081,14,6884,461570,3,2,7,3,1,4,4,10,34
TQDR5AS2E,エム,0CBM28JP6,ほうき星,1231,12,6886,461480,8,7,8,9,7,8,8,8,63
GHCNX1P04,ナナメ,KXB93FVTR,ブルームガーデン,1038,1,6887,461390,7,6,5,8,5,7,7,8,53
F0DKXLJY2,Tsubasa,TFGKYEY98,LLP JR,833,0,6888,461210,8,4,5,8,5,8,7,8,53
2HEA28M0X,datto,YAM0F3TBX,だけれど組合,432,0,6889,461030,2,5,6,5,2,2,1,1,24
MVTHT5FHL,ミカラ,Y7KJ3PM8P,蓮すきすき同好会,1411,16,6890,460760,9,8,7,10,7,8,9,9,67
TXKPVK2H4,さやか,WBXF9XXW7,さやつづ愛でる会,413,2,6890,460760,2,2,3,2,1,3,4,8,25
EKVEWAZA8,ようちかほ,A3472CNJE,ハントン✿ライス,966,6,6890,460760,8,2,3,10,10,8,8,9,58
11Z3XADM7,どんぐり@,MYTCXJ12B,つーりすと@蓮部,1163,10,6893,460670,4,4,8,4,4,5,9,7,45
TW9CHFNHP,海イカ,MVYAVX8BK,きらきらきらら,729,2,6894,460580,2,2,9,8,5,6,9,3,44
JF5T0T44G,もじ,P3NK4KUFJ,字,531,0,6895,460490,1,4,4,1,1,1,3,3,18
KALG5F51P,ちょこまる,LH2EJP7HF,あふたぬんてぃ,466,0,6896,460400,9,6,7,8,5,8,6,7,56
GMO6OOAYD,奈央,NFMEGRJ45,社畜無言サークル,1356,15,6896,460400,8,8,8,10,8,8,8,8,66
R21K43V10,Solarix,PH0YEPJD8,蓮ノ空北國金沢,1066,2,6898,460310,7,10,10,8,7,10,8,8,68
KHF5HIJ9M,CP,C0NDBKMRB,すりぃずぶぅ家,1189,5,6899,460130,7,7,5,9,5,8,8,9,58
NFB58JLK2,ナッツ,2UKNVBMBU,梢ちゃん同好会,779,6,6899,460130,1,2,4,4,1,1,1,1,15
LPG4P9VMP,カズマ,9E910GGD2,蓮ノ空給湯室,412,0,6901,459950,1,7,6,2,1,1,1,2,21
5NSKQLV1I,ごろー,R7VEXFUBP,蓮ノ空応援クラブ,1312,14,6902,459860,4,4,6,3,1,5,1,1,25
9467Q9RV3,あざわか,Y2R7E79U3,カワウソ同好会,1001,1,6902,459860,4,6,4,9,8,9,8,7,55
0SDQ3N5Y3,トモッチー,C6V311T2P,LotuSky,1140,3,6904,459770,4,4,4,8,1,1,1,5,28
GC9CAL1BT,アサ,7MPNTWKTN,Dreamers,682,0,6905,459680,10,7,5,10,5,9,9,9,64
11X84N61S,じはんき,X34LWGL6R,サークル2,1107,4,6906,459590,8,6,6,4,5,8,6,7,50
DAFRCJC24,まーちゃん,9UKKACGDU,蓮っ子CLUB,1228,5,6907,459500,7,7,7,6,7,7,7,7,55
6EFAA46YJ,ゆらばり,PFKGCTRJM,Ⅲ類隔離所,502,0,6908,459410,2,2,3,4,5,7,1,4,28
H9YL94VUP,づ,9D722M8KC,蓮ノ空同好会,813,6,6909,459320,1,2,1,4,1,1,3,2,15
BE9ACWNZT,ゆたんぽ,K25DPPGT9,圧倒的にまったり,986,4,6910,459230,6,6,1,2,2,5,1,5,28
9XX6PCL89,らの,C9DAJ6YFV,のんびり,456,3,6911,459140,3,2,1,10,1,1,4,6,28
08PAPBF4T,我不藍,5DRY3TL61,はすのそラバー,354,0,6912,459050,5,2,6,5,2,8,10,5,43
ANH1X045C,ichi511,1AK9VTG3W,ドルケスキスキ部,540,0,6912,459050,2,2,1,4,1,1,1,3,15
956GM930W,BELLWOOD,L5BGEMYVA,梢先輩を愛でる会,1142,10,6914,458960,7,8,7,8,5,9,5,9,58
2ST3DL8RY,モモ,F2M746D4B,頑張らないクラブ,1007,15,6915,458780,4,4,10,4,5,10,5,5,47
1DJDX8QSK,T.A,AND13836G,乙宗梢親衛隊,1281,11,6916,458690,2,4,1,5,1,7,10,10,40
T49C014RN,めろんぱん,Y7KJ3PM8P,蓮すきすき同好会,940,2,6917,458600,2,2,1,2,1,2,1,1,12
88DNEW6GJ,高咲ひろむ,J8HXTJ8TB,流し素麺同好会,1019,5,6918,458510,5,8,3,6,5,1,5,3,36
Y9U2U945F,カイザー,UGY37TYH1,月ヶ丘 暁隊,1064,6,6919,458420,8,6,6,9,5,8,8,10,60
YXPE0TC43,みこち,2KJ2UEC3P,ういちゅけクラブ,390,0,6920,458330,1,10,1,2,1,7,1,7,30
5J8X0TN63,オレンジネコ,TR6AR49NR,行けたら行く,403,0,6921,458240,8,7,7,10,7,9,5,7,60
7MHGMBTXV,きるふぇぼん,0FRFJDBER,主体思想研究部,932,2,6922,458060,5,4,5,9,5,8,4,6,46
WCFW0W3MP,MTaka,G8F0M2PH2,アフターウォール,594,2,6923,457970,1,3,2,4,1,1,1,1,14
ETTTK786B,月影,WN3LHKX0L,レンコンおいしい,677,0,6924,457880,9,8,6,7,6,7,5,8,56
5DVDF9KU3,サンちゃん好き,YFADYJVW4,FPS好きクラブ,909,2,6925,457790,4,2,2,6,1,4,1,4,24
F0X4VXMU5,近江遥,1EBG7YUTL,菅！CAN！叶！,997,2,6926,457700,2,7,7,7,8,8,4,7,50
NDMJD439J,村野家の久遠,P4FV9YEL1,料亭さや処沼津店,1015,6,6927,457610,8,7,6,7,5,7,7,8,55
IPZ09MIB9,みらは,YC3DCPM7M,福井大学ラ研,1357,14,6928,457520,9,8,4,9,8,10,8,10,66
8S0IOEA2V,はるひ。,UHF5Y8PEF,さやちゃん倶楽部,1357,5,6929,457430,7,2,4,8,7,5,7,5,45
0ZO5320MY,菊岡,5W8RPRVUA,ド！ド！泥！,905,1,6929,457430,9,7,9,9,6,10,4,10,64
HW6P3AKUJ,かがやき634号,0FK11Y5NU,晴れた日のベンチ,659,0,6931,457340,10,8,9,7,5,6,10,10,65
ZI41XDD4H,K,UYFUH7H95,ハスフラスコ,1177,0,6932,457250,7,6,7,9,7,9,9,8,62
3D29V5EEW,阿僧祇,1YHDY3DR3,蓮の咲く池,844,0,6933,456890,2,3,3,5,2,3,5,3,26
LBRD5WUTV,ろずがど,2HEFYHN82,異次元フェスから,981,3,6934,456800,7,4,4,4,5,5,4,7,40
OOXKJJCNF,ラピス,6MRL8N07V,蓮ノ空クレープ部,1046,7,6935,456710,7,6,4,9,5,7,6,7,51
HDMMYR0LU,ポロポロポポン,K8C99H42D,ルリと喜ド！愛楽,1078,4,6936,456620,2,4,7,7,7,7,8,5,47
M69WTK3CJ,Ryu-0824,UBVXEAK38,ブルウモーメント,691,0,6937,456530,6,6,6,7,8,7,5,7,52
J9X4L4DHJ,梢先輩すきすき,BELCUYCMH,蓮hkg香港分部,505,2,6937,456530,2,2,1,2,1,1,2,1,12
HRWZRFW5B,鳳梨,E7UBFLW56,同好会の同好会,1179,1,6939,456440,5,6,3,10,8,8,6,9,55
8QMPLCOCM,岩之助,KA652DGYV,ゆるリンクラ,1124,13,6940,456350,8,4,7,6,5,5,6,8,49
BGK4FCKVB,かへたん,XE8513HNP,喫茶カワウ空✨,1094,3,6941,456260,7,4,4,9,7,4,8,9,52
DC3C39ST9,れふぃ,MVMP6NNXD,空き時間らくがき,1131,10,6941,456260,5,4,5,2,6,9,10,9,50
TY6XRB1C8,rino321,5JJKPNN2W,めぐ党韓国支部,866,4,6943,456080,2,2,1,2,1,1,7,1,17
40NR7VRO2,WAICW,FH7G62PKW,月火水木金土日,1505,19,6944,455990,10,10,10,10,10,10,10,10,80
V281790FH,white,HK0E91U71,放課後写真部,998,10,6945,455900,4,2,4,6,6,7,7,7,43
E2Z7ST7Q7,无盒,X33HHA9F8,アルストロメリア,864,2,6946,455810,7,5,5,2,1,5,4,8,37
F2CXXUVHH,はすき,FG5VFFNRK,蓮ノ空おじさん,1136,16,6947,455720,10,10,10,10,10,10,10,10,80
XYOF53SSA,みすとん,P2J37FNLG,乙宗先生指導会,1431,15,6948,455630,4,2,7,6,1,4,7,5,36
X6N1NFZ50,飲茶,H1LTYMK0B,花帆が可愛いの会,1118,9,6948,455630,5,6,5,10,7,9,8,10,60
55W688XD8,コール,DH97ANN9G,ツキマカセ,1084,6,6948,455630,4,4,4,6,4,5,8,8,43
FKVRKHO65,ナギサ,G0WRCNRWK,県立沢庵図書館,1328,6,6951,455540,9,7,7,10,8,9,7,9,66
HYMGGAI6D,Lunia,GVT61ATX0,なのだけれど,1049,4,6952,455450,1,2,1,4,4,6,1,1,20
V57J3U87W,あだじお,97BGFLKW9,◯◯◯,282,0,6953,455360,3,2,6,4,1,9,5,2,32
URJMDHFL0,しな,23PGPJ3NV,蓮ビギナーの集い,327,0,6953,455360,3,3,10,4,3,3,2,5,33
ZK8FYSTJC,カプチーノ,HDD9DJVTB,Lotusky,315,0,6955,455270,8,5,2,4,2,5,5,5,36
RZFQ6W5C2,ぽむ,L28X4MDJN,アフター観たいぞ,973,0,6956,455180,7,4,6,8,4,7,5,6,47
1A7UHHNAA,よしき,JTX1G19BP,さやかほ癒し会,1363,18,6957,455090,10,10,10,10,9,10,9,10,78
RNB82ETNL,こすず,WBXF9XXW7,さやつづ愛でる会,264,0,6958,455000,2,2,1,4,1,1,3,1,15
DNYU68VF4,105 New,CXG25026E,泥のみんなS,600,0,6959,454910,7,7,6,8,7,8,6,6,55
P4V7NHR9F,dKITI_I,WCL6R1ANU,無所属の会,465,0,6960,454820,1,2,1,2,1,1,1,1,10
VCDS1GLZ5,sato-0,D60RTVUP4,月月火水木金金♪,962,0,6960,454820,4,2,5,1,1,1,1,4,19
3BJDLVXTG,Marco918,DFXEH0E0B,香港の初心者♪,636,4,6962,454730,4,5,4,4,1,1,5,4,28
NW19M2UD2,ナカタ,T56X6LP0L,光の海,781,2,6963,454550,8,3,4,5,1,4,5,4,34
OQFOIAKCZ,デコポン,M19W0KC8A,ラナンキュラスズ,990,0,6964,454460,1,4,4,5,5,8,8,10,45
5BY8YVKEY,†夜羽†,LFB48H6MU,超初心者の会,1213,15,6965,454370,8,8,7,10,8,9,8,9,67
YB0LL4V1A,ROUND,LY0XPW7NL,同棲概念強火派,782,2,6966,454280,2,2,1,2,1,1,2,1,12
1UTL77TAF,つしまさ,1EBG7YUTL,菅！CAN！叶！,572,0,6967,454190,2,3,2,2,2,2,1,10,24
VR9GDXFI0,からす,NMT63RUDV,泥村,1320,13,6968,454100,7,7,7,6,6,8,7,10,58
42YO8ZOH5,魚板,GG56G6WKD,FF43企鵝冰屋,1178,9,6969,454010,7,6,6,8,5,8,5,7,52
YK5MM5W36,HANA,CPW7TWG99,Lotus,750,0,6970,453920,8,4,6,7,4,5,8,8,50
1X8KCD19M,雪乃は専業主婦勢,B2KV0EVPD,蓮ちゅきクラブ,1194,3,6970,453920,8,7,6,9,6,9,6,8,59
T6F2K7UXV,パツマヨ,RWDWD9PP6,乙宗家の屋敷妖精,1058,9,6972,453830,1,2,8,10,5,9,5,7,47
KKUJ2HD08,3333,F2M746D4B,頑張らないクラブ,562,0,6972,453830,10,5,9,10,8,10,10,10,72
NA8B7TY3R,ユウ,976BY5JWK,ハルカカナタ,895,5,6974,453740,10,3,10,10,10,9,7,10,69
H92X6XKYN,アメトマ,JHTULVV5P,故に瑠璃乃推し,565,0,6975,453650,6,5,9,10,4,6,4,5,49
2T77PDGCC,ツッツ,4NDAG5E9N,国産牛のにげあし,748,0,6976,453470,9,7,10,6,6,7,6,6,57
01LJCOCMM,田中マリア,DE09E45EE,田中団,1150,0,6977,453380,7,2,2,7,5,7,6,8,44
8Y4PD7ACT,SPhenix,X7C21B7H7,泥,978,8,6978,453290,6,5,6,8,7,8,7,9,56
X18M1GTWY,ゆーき,9E910GGD2,蓮ノ空給湯室,501,0,6979,453110,10,9,10,7,1,7,5,9,58
AGHF59BHT,サバタ,WWWUTP96L,異次元からキマシ,884,2,6979,453110,4,6,8,7,4,8,5,6,48
9PB9R3TEG,はじめ,95TAREFPT,ご自由にどうぞ,1079,2,6981,453020,4,4,4,6,4,5,5,5,37
09NH2GY9J,めぐ党.しゅん,9JTF508LB,スクスタ亡霊部,1018,11,6982,452930,8,7,4,8,7,4,4,7,49
CEY02JMXC,雪兎,1BME38BCD,さすさやクラブ,1553,17,6982,452930,10,10,10,10,10,10,10,10,80
GJ02FWXCW,タイショウ,HMBW9DXY2,蓮好き皆あつまれ,589,0,6984,452840,1,3,1,4,1,1,1,1,13
TGH4RK038,ぴーーえる,74HPWML1R,VALORANT,441,0,6985,452750,9,6,10,10,6,10,4,5,60
N103QZG64,さっぴ,JRAC1HYUD,SPHS-MMT,1376,4,6986,452660,10,4,6,9,6,9,9,10,63
493NKXKPE,炎邪,578YG6EAT,桜桃花束愛聴会,972,3,6987,452570,2,3,4,7,8,1,9,7,41
XLGGLGH6L,プレイローラー,07JW71HWG,良いチケで観よう,801,3,6987,452570,1,2,1,2,7,1,3,1,18
OELGRFDKD,ゆきのり,R7VEXFUBP,蓮ノ空応援クラブ,919,1,6989,452480,2,2,9,3,6,1,10,10,43
QOWXMR6K2,なっくん,0CBM28JP6,ほうき星,937,1,6990,452390,3,2,5,2,5,8,9,6,40
65B3ZLSOI,しいたけは俺の嫁,424NLTEE8,無言な異次元部屋,1002,9,6991,452300,5,6,10,6,5,7,7,9,55
CG8PF9UTL,瀚海,M08GKL70U,ららマジ難民の会,825,7,6991,452300,10,9,10,10,10,9,3,2,63
397DYE14F,紺野美咲,DPYCLN4EY,冥いゆりかご,698,4,6993,452210,4,4,1,4,4,5,5,1,28
P5P2N8KLZ,まあさ,6BFC4G5YG,蓮ノ空足湯同好会,1286,2,6994,452120,7,6,8,8,7,8,8,10,62
B7LFOQ2RO,K,GMEF2K8DL,花咲く泥も好き²,1242,5,6995,452030,8,9,9,9,7,9,8,10,69
JFVMA8AMN,学院生,K4TAHF9YA,はすっこ準備室,1372,10,6995,452030,10,10,10,10,10,10,10,10,80
045261KDL,loid,LT9K2FP23,慈党リンクラ部,261,0,6997,451940,2,4,5,2,2,3,3,1,22
DT5MNHARL,Aloloy,3194B9E93,初心者寄り合い所,251,0,6998,451850,7,2,1,6,4,4,1,2,27
4P6LYWXKG,あつほ,73VTANA71,隨緣努力^▽^,599,0,6999,451760,6,3,1,5,1,1,1,4,22
MZSZE0W5Y,わたもん,K00A4AVTK,まったり蓮ノ空,975,9,7000,451670,1,2,2,5,7,4,4,8,33
TTA9LHA42,お顔が,1KDUBW4HB,めぐ党0番,722,0,7000,451670,10,10,8,10,4,9,10,10,71
7WWJ6J1AR,ダイナン,PB5NM9HRA,歌蓮ティールーム,1028,0,7002,451400,7,7,7,7,5,7,5,7,52
9RY7P6JEX,URODA,43HRXMXWA,無言OKクラブ,956,7,7003,451310,4,4,6,2,7,7,5,4,39
KPDU0MRX4,塵璃ちんり,NC2YT2V28,蓮之愛同予者何人,471,2,7004,451220,1,2,1,2,1,1,1,1,10
AJBWSP306,gabry,PDMPF3VVV,r/LL,987,8,7005,451130,3,7,7,9,7,8,5,9,55
X6A7VXYT4,Rakkit,0UTVRAKFL,平穏無言,1189,6,7006,450950,8,5,7,10,7,9,9,10,65
N0GZ6T2T2,じぇいそん,EEP20F2M8,綴理の綴り,1181,6,7007,450860,6,8,6,8,5,8,5,7,53
636U5CD4M,元たまごやき,96LWYJ3Y6,無言絡みなし,979,1,7008,450770,7,6,4,10,7,9,5,10,58
5C2UV7E85,しょーたッ！,P2J37FNLG,乙宗先生指導会,457,0,7008,450770,9,7,10,9,6,8,8,7,64
TNKW5RJ2A,七尾,5NPVVUGH7,蓮すきすきクラブ,928,1,7010,450680,7,6,6,7,6,7,7,7,53
C98FXCD6Y,なし,H0DV3JJGA,かほさやてぇてぇ,1090,7,7011,450590,7,6,6,9,7,10,10,10,65
PRZCUX3GF,たこ,XJHATLDVB,さやかほ観測所,1205,4,7012,450500,7,6,6,7,5,7,5,7,50
ED98CXADB,ゆきむら,53M4V2BVG,吟子の髪飾り,757,3,7012,450500,4,2,1,10,5,7,2,4,35
EE2GLSVHB,いちご,Y2P9LABR2,スクステ同好会③,1324,7,7014,450410,1,1,1,2,1,1,1,1,9
N3UZV1LCP,ニッコウガロン,C6V311T2P,LotuSky,1088,7,7015,450320,7,4,6,9,7,7,8,10,58
CJFEEAGUE,はな,AL0FALXTK,加能がにはうまい,1112,5,7016,450230,2,2,1,1,1,2,1,2,12
G9MU1W9DD,たとさん,KYHBW5H37,蓮ノ空提督同好会,561,0,7017,450050,6,6,6,9,5,7,4,8,51
TYR7CYTNW,カプチーノ,3A63DYH54,LLすこすこ部,1355,15,7018,449960,9,7,8,9,5,8,8,9,63
UNJMX2FV5,てるお,N2KCENRKH,猫＆旅大好き部,1173,3,7019,449870,7,7,5,4,7,5,8,8,51
8PECGBXG6,めがてん,2DYYAPFVN,蓮っ子村,979,1,7020,449690,1,5,5,5,7,8,6,8,45
J9JR23VVB,EVAN,UHWA4YLWP,蓮ノ空を見守る会,889,2,7021,449600,2,2,3,2,1,9,3,3,25
EET3MLYVC,Hiro,J0N1E3Y09,月火水木金土日,1188,15,7022,449510,8,8,9,7,6,7,7,8,60
05FT610WD,とーの,NK05UMLWW,かけ込み寺クラブ,867,4,7023,449420,6,6,5,9,5,9,4,7,51
6D5EUQN4X,キタロー,3A63DYH54,LLすこすこ部,1332,4,7024,449330,7,7,7,9,6,8,6,9,59
UKNMUM4VU,ひろ,V7768X8AC,せーので！,788,2,7025,449240,4,7,7,5,7,8,4,2,44
N4JUPWPKN,わんわん,RBH0YM8P2,蓮ノ空ラーメン部,1329,10,7025,449240,8,7,7,7,7,9,8,9,62
OZG37QJ6D,モスP,EWM0GK62C,誰でもどうぞ,1108,0,7027,449150,4,2,2,7,5,6,5,9,40
GYCAKY3KT,しぇ,0GALMLWK6,ボクなんなの。,741,0,7028,449060,6,4,6,4,5,4,5,7,41
92MGNJDMM,アイズ,9JG01D3T2,京大百合文研,967,5,7029,448970,2,5,10,7,5,9,7,6,51
EL6A1RE23,とみブレイク,5VCRU63W0,まっちみん,1096,6,7029,448970,7,4,5,6,4,10,4,1,41
YV25YFBW0,ゆめ,C3U9M5M0N,マグナムクラブ,1114,7,7031,448880,8,6,5,8,8,9,6,10,60
NX3WTETRA,サンクチュアリー,8FXXHE22A,蓮ノ空,1025,6,7032,448790,4,2,2,2,4,9,5,7,35
E6HVP9MVX,ふわもっち,NT2KU5174,こずかほ。,1087,10,7032,448790,7,7,9,9,7,8,7,7,61
33VCX2G0U,キャメル2号,HKM402U9B,お野菜さんSSC,230,0,7034,448700,8,5,4,10,9,9,3,8,56
WE1PNVWH4,Uchi 203,AW470U964,ボッチ会,1063,1,7035,448610,3,5,4,3,5,6,7,10,43
YCCFKE43D,こじま,G6EH0KHT7,なんもわからん,950,2,7036,448520,2,2,4,3,1,8,3,5,28
NUG5B0WUA,あつかわ,0NLHKATWL,生きてるだけ偉い,677,2,7037,448340,7,10,5,9,8,5,1,10,55
6U65XRUYI,ねこ,MVMP6NNXD,空き時間らくがき,1454,18,7037,448340,4,7,6,2,5,8,9,10,51
632LXISEE,ゆいちゃん,RBH0YM8P2,蓮ノ空ラーメン部,300,0,7039,448250,2,1,3,2,2,1,1,2,14
A26NQAKOU,まー☆,LUUR1D2PB,ちぇす党♪,1424,18,7040,448160,9,7,8,9,7,10,7,9,66
1KC0AKVJP,しゃいに,N1JAJ83CA,蓮ノ空園芸部,913,3,7041,448070,7,6,7,9,5,7,8,8,57
72SX1Q0B7,ティーケー,B2KV0EVPD,蓮ちゅきクラブ,1435,14,7041,448070,1,1,1,2,1,1,1,3,11
FV2KFUP8G,ジャガ,CRYB2FJ64,つくよみくらぶ,764,3,7043,447980,1,7,1,2,1,1,2,1,16
6491RLDU3,シデン,1D7T2UXC2,無言でのんびり,521,0,7043,447980,4,1,2,2,1,2,1,1,14
WOEVNPZ1O,魔璃,M74P64HDW,金沢サニーランド,1362,0,7045,447890,10,10,10,10,10,10,10,10,80
V9QET10KQ,ぷち,WPG6BCG83,基本無言,1039,3,7046,447800,7,6,6,9,5,9,6,7,55
IIQEFT5KR,とらきち,2JK7E4115,ラ！推し,1187,7,7046,447800,6,6,5,9,5,8,6,9,54
E4UEKRT7D,syu,W09WBG3HY,どろんちゅ,1142,6,7048,447710,7,6,9,8,5,8,6,9,58
1TT702X3J,アリス,GN1798YEX,ド!ド!同好会,869,2,7049,447620,2,2,1,2,1,7,1,1,17
43X1LM9RM,kumatani,W3UUXHMDV,水彩ブーケ,1273,9,7050,447530,6,7,6,6,5,7,10,10,57
J0TBY32JV,kanata,2YC502LM4,ろーたす！,286,0,7051,447440,8,5,7,9,6,8,4,7,54
LX7X04ALL,♡さやめろ♡,PUJ0ERCMW,蓮ノ空倶楽部,541,5,7051,447440,4,2,10,4,1,7,1,5,34
7S46MUHKS,塁治(ルイジ),2B97MH4YA,同じ話し何回も…,1472,11,7053,447350,10,10,10,10,8,10,8,10,76
479J7C6T2,しめさば,73N4AB3LR,かほ子のイオン,1230,5,7054,447260,7,6,8,8,5,8,5,7,54
MB1RTVCD0,大雪春夏,HDD9DJVTB,Lotusky,278,0,7055,447170,5,3,8,3,5,8,7,10,49
DH0CYHU00,moriga,5X7GXU06K,対抗戦参加用,573,0,7055,447170,6,5,5,5,8,9,7,4,49
L1TFY2ADG,かまえる,1G89KTD5X,サークルひとり,1011,9,7057,447080,10,7,6,8,5,9,7,9,61
7IPXPMYLH,りょぼ,A8BJ5V3ET,はすのそら,698,0,7058,446990,7,6,4,3,4,9,5,10,48
VNL4H8L9G,ちりりん,WJY2HK6A5,蓮の空イベント部,431,0,7059,446810,7,6,10,10,1,9,7,8,58
6FUN8R41B,鳳ひろか,8FXXHE22A,蓮ノ空,382,0,7060,446720,1,2,1,2,1,9,2,1,19
GMJR0W60E,清茶,K3R1XY8UT,自由,639,2,7061,446630,1,7,10,3,1,1,2,1,26
DVTLM93EH,ユイナ,M6UPWJ6DU,蓮結ぶ虹と星の音,1252,9,7062,446360,9,7,8,9,7,9,5,10,64
LYU7T63JY,TR3.14,PULJ8VCHJ,蓮ノ空を推す会,362,0,7063,446270,10,4,9,10,2,10,4,10,59
RVT89GBBV,さけこころ,WLLWJ8ADP,乙宗筋肉サークル,946,5,7063,446270,4,2,2,4,1,1,5,1,20
HUHCHY8RY,小1筱,JKAYY0KXL,自由！開心！,587,2,7063,446270,3,5,5,5,2,2,4,4,30
KCRV0FWEE,みるくれーぷ,AH27N260E,百生信託銀行,537,0,7066,446000,8,2,3,6,1,1,6,1,28
WRY2Y8U5W,クロノア,GN9EEL045,きらくに,943,2,7067,445910,6,2,1,2,1,1,7,8,28
PHP2TF1HR,Yuino,BXHG2KXAD,idol.st,1095,12,7068,445820,7,7,7,10,5,10,7,10,63
EP0TU72RF,ペルバスト,FFLK4FP0D,こずかほの花園,1057,2,7069,445640,7,7,7,8,7,7,8,10,61
ORAWHJR0C,としさん,DH97ANN9G,ツキマカセ,1130,8,7070,445550,1,6,3,8,5,8,1,10,42
JXG9N1PYV,みなれい,9WJB6YPPN,温室花畑,1137,6,7071,445460,7,6,6,8,6,8,6,8,55
9R83V7V6E,畑ちゃん,G6EH0KHT7,なんもわからん,887,4,7072,445370,9,7,5,8,7,7,7,8,58
C0H1DSB02,aoba,B2KV0EVPD,蓮ちゅきクラブ,1278,4,7072,445370,4,2,4,2,4,4,1,1,22
3ULWDRRWH,イナサク,NLTAB4BLF,蓮ノ空ゆる活動部,1108,1,7072,445370,7,7,5,8,5,8,7,8,55
MLB8XWLM4,ほたて,LMC8CUT41,ほたて,1177,0,7075,445280,5,7,4,8,7,7,8,9,55
CZIOGHGFM,いっちー,CXG25026E,泥のみんなS,1613,10,7076,445190,10,10,10,10,10,10,10,10,80
YH7KW4OYV,よっしー,AKMHE88E0,ぼっち,1047,11,7077,445100,1,5,4,6,8,10,5,8,47
87Y8YGW3V,はなんどう,RCNBH80VD,練習用,506,0,7078,445010,6,6,9,10,6,7,9,3,56
BZ8INXWAZ,アリス,YAY2UK2CT,蓮の空研究部,1321,4,7079,444920,9,6,7,9,6,10,8,9,64
33DW2CD7K,duong,JPNNY7W5F,ログイン勢,635,2,7080,444830,4,2,5,3,5,4,4,5,32
WJLQ08DTW,Maho,GFN8ACPAC,自由に遊ぼう,968,4,7081,444740,5,4,5,6,5,8,5,8,46
B3GHTWDUT,くじら,BEMED3RY1,無言無課金ok,899,3,7082,444650,6,7,7,7,6,8,7,6,54
IN5GCNNWW,かえで,VNGFF4PY9,ねずみね！,1052,4,7083,444560,5,4,7,8,8,9,5,7,53
FW08PD83P,なお月,HX2TUDRA9,蓮のブーケ,1274,2,7084,444470,8,6,7,7,5,10,7,9,59
CFALZDL3C,ミヤ,RNJ306W6N,日曜日よりの使者,1036,2,7084,444470,4,4,6,4,4,8,1,4,35
B42A0J1ZC,謎煙,3FF3NB77X,せーはす愛好会,1230,3,7086,444380,7,3,4,9,8,8,6,10,55
3Q9GYJL9D,さま,4202AY8EJ,倶楽部賭郎,979,4,7087,444290,1,6,4,6,5,6,8,8,44
BMTMYL0N2,わたみほ,GN9EEL045,きらくに,551,2,7088,444200,8,2,10,7,4,1,4,1,37
XJ25A01MP,ビアレス,VP0K6KF0K,蓮ノ空大好き!!,957,2,7089,444110,7,7,6,6,5,9,6,9,55
LVUF6AS2F,アロー,KT4P0CHHC,ゆったり同好会,552,0,7090,444020,9,4,5,7,1,1,4,4,35
YXME2EXS3,モーニング塩辛,8M6UDX260,ぽけもん好き,1003,2,7091,443930,7,7,6,7,10,7,7,7,58
YUL8Z4IQG,さくらふけい,D7UA5ER1E,UR報酬欲しい！,672,0,7092,443840,1,2,1,2,1,5,1,1,14
5B8LBDLBV,Schw,GU24PVDA6,Wei,1223,4,7093,443750,10,7,8,10,8,10,10,10,73
4JN348J56,ゆ・じょんそん,NA8FEYN0M,蓮ノ空飲酒クラブ,1040,6,7094,443660,2,5,2,4,1,1,3,4,22
PK7X6Y6XF,Jem,97BGFLKW9,◯◯◯,525,2,7095,443570,1,1,1,2,1,4,1,1,12
XD3EEVMRA,色波,V8XX999F6,卍蓮村幼稚園卍,1371,5,7096,443480,10,6,2,7,1,7,7,10,50
NGTY78ERA,リクシア,YDYH4VRRP,レンクウ,801,1,7097,443390,2,2,1,4,2,1,3,4,19
LVPKJCAPV,ゆきほ〜,9RYR14H9L,ソロマターリ,906,2,7098,443300,5,7,8,10,5,9,7,7,58
RRA6MHR98,シェケナフォース,NJBBTCY3A,かにかに！,1142,15,7099,443210,4,8,7,7,8,8,6,10,58
9024T5RV2,㊗️パラカツ合同,KND3T7056,ぽかぽかモガの村,1116,10,7100,443120,3,3,4,2,1,5,3,3,24
P574WP5KV,あれれんれん,CT8XW752X,蓮ノ空写真部,1230,17,7101,443030,6,8,10,8,6,8,8,10,64
PPCGCECT9,しまだい,NMRKHYYRM,ご自由にどうぞ,141,0,7102,442940,8,10,7,10,6,7,4,4,56
8M2Y1YUD3,kazuto,PHEKJB75C,乙宗四季恋愛㌠,792,0,7103,442850,5,2,7,2,1,6,4,4,31
T0OQWC4TR,あんちもん,Y2R7E79U3,カワウソ同好会,1464,18,7103,442850,5,9,2,9,4,7,3,7,46
NX8UWHWAM,Reanna,AYDP5L9V4,乙宗梢好き好き部,591,4,7105,442760,6,4,1,3,1,1,1,3,20
RJP5GGCPX,おにく,75UJ5RB97,蓮ノ空雪野球部,898,8,7106,442670,2,4,6,8,6,7,9,7,49
7GY7TUFM3,ゴリ押しマン,J04XJ8M8K,ゴリ押しマン一族,268,0,7107,442580,4,4,4,3,1,4,5,7,32
WTUNPLET2,はまー,E7UBFLW56,同好会の同好会,844,0,7108,442490,7,6,8,7,5,6,6,7,52
HL41WCW6N,ちぃー(ちーこ),0FC29NV4L,flourish,1056,7,7109,442400,6,7,5,7,5,7,5,10,52
JFOVPK5XR,沙優,BT22M41DV,梢花帆吟子同好会,1099,3,7110,442310,4,4,5,5,5,8,5,7,43
Y1NM3TMGE,ココウコウ,9C0KWR782,まったリンクラ,563,2,7110,442310,2,2,1,2,1,1,2,1,12
8EMALLP8D,ちはや,XHJLF3R8H,ゆったりプレイ,1088,6,7112,442220,2,6,5,7,5,7,6,8,46
RART0P7SB,ぶろっく,YLJ2PP4X4,全日本謝罪同好会,1353,4,7113,442130,10,10,10,10,10,10,10,10,80
PEV5TKWDP,ぺいちんぐ,GCFA4WL28,乙宗梢を愛で隊,442,0,7114,442040,9,8,9,8,2,1,6,7,50
K31XF0XJU,ユウ,D52G2F1HV,いな民リンクラ部,1107,10,7114,442040,5,4,6,4,7,10,4,9,49
8DBMBMCVY,ツカサ,G6EH0KHT7,なんもわからん,886,0,7114,442040,1,2,1,2,2,5,1,1,15
C3HYYWQ53,ハンチ,PMPP8MFY6,さやかの村,1035,1,7117,441950,5,5,6,6,5,8,6,6,47
Y7AY6M5LY,emi,WFPA7YJE1,蓮ノ空文芸部,1039,12,7118,441860,6,4,6,10,5,8,4,9,52
7OPAUG13X,トマト,FVJFA973A,月猫愛好会,489,2,7119,441770,5,6,4,6,4,10,5,4,44
EA3PADPH1,ハヤ,6UAFKBRPN,リンクラ初心者部,522,0,7119,441770,5,6,4,4,5,4,5,7,40
B8G5CG4EZ,百香,HB9AU9DJJ,聖心党,1274,18,7121,441590,9,7,7,10,5,5,10,10,63
1VPHTU6YA,あすたろう,YVV9CMBLW,東京公演で沼落ち,1233,11,7122,441500,9,8,9,10,7,10,8,10,71
VDXUZ3Z11,のぞみ,UMG1B9C7V,蓮ノ空女学院,868,1,7123,441410,1,6,2,8,1,5,1,5,29
1GQRC5VAD,もち,8FR866PRY,蓮っ子みらくラブ,1288,3,7123,441410,7,7,7,10,6,8,8,8,61
MS0FEJ2HP,み,C2XLWUTL1,夕霧綴理親衛隊,957,3,7125,441320,4,2,10,4,1,4,1,10,36
JEWTELT01,あきぴい,XVTV7MVCX,雪月花,702,0,7126,441230,7,4,8,6,5,4,1,6,41
HLMLM1D15,みなりん,XA0XD41CM,ぼっちぼっち,235,0,7127,441140,6,5,8,5,4,4,5,5,42
7AL3M86BL,あ太郎,GXAE7AM9U,酔うソロ～,811,4,7127,441140,10,3,1,4,6,2,5,5,36
F692HO930,グラ,N94LEWF2D,無言よわよわの会,1386,3,7129,441050,10,2,9,8,8,9,9,10,65
U90NG6PEZ,asari,58FD7UF8J,としとしサークル,1098,4,7130,440960,7,6,7,7,5,8,6,8,54
G4YF1UWF9,りょうたん,WX1DYC9Y1,ラナンキュラス,1181,5,7131,440870,1,2,5,3,1,1,1,1,15
7EY21NHBD,にゃんさん,YNR28303K,りんくらぶ,1115,0,7132,440780,2,2,3,2,1,1,1,1,13
C4LVP97KV,和泉,PUNBJGRBF,初心者向け,509,0,7133,440690,1,2,4,2,1,2,1,1,14
39UD2D1PP,桜坂しずく,T4WY63DB9,ういのま,963,7,7134,440600,7,8,6,10,2,1,1,7,42
59EM4H68U,りあん,R9T0YKDW8,かちまち応援隊,1187,15,7135,440330,6,6,6,6,6,9,8,8,55
PJJ3XM9WU,サンムーン,VP0K6KF0K,蓮ノ空大好き!!,1046,0,7136,440240,1,2,2,6,1,7,8,10,37
9JG8HTETH,え,KGY709ULG,蓮の花束,501,0,7137,440150,5,4,7,5,6,7,7,9,50
F4PBK8NTY,ラックン,Y6JNPC60C,綴理メイト,1109,11,7138,440060,9,9,7,10,9,9,8,9,70
DKEN0UF73,ゆうちゃん,BELCUYCMH,蓮hkg香港分部,566,0,7139,439970,5,2,10,7,4,6,1,8,43
XIZ2APUWH,モサ,Y7X2MNH1U,いとまき団,1033,14,7140,439880,8,7,7,10,8,10,4,9,63
E8HL5FXAJ,ワンタン,AND13836G,乙宗梢親衛隊,776,0,7141,439790,5,6,5,8,4,7,6,7,48
D290Y7JKK,cocon,PRY4573W6,報酬用,643,4,7142,439700,2,2,1,4,2,1,1,1,14
T6FERC8JF,猫山,HKETDDCK6,ぼっちざ蓮!!,973,6,7143,439610,9,6,4,7,4,7,7,6,50
8XX2BAUAN,PU,Y2P9LABR2,スクステ同好会③,1389,14,7144,439520,7,5,9,3,4,4,7,6,45
HXDRBE402,おじさん,X33HHA9F8,アルストロメリア,981,13,7145,439430,6,4,3,6,5,5,5,6,40
PLDAAMWV2,ふか〜ごろりん,ABALH0AL3,楽園計画,886,2,7145,439430,5,4,6,7,5,4,4,8,43
D57JOSBEM,にゃぁにゃぁにゃ,HG65KRMGW,花咲か花帆さん＊,1011,2,7147,439250,4,4,4,8,5,8,6,8,47
XN44GCYJV,そら,TCTEAMP9C,虹ちゃん最高！,646,0,7148,439160,5,5,2,3,2,1,3,3,24
T9JE96KR1,あまね,GPKTRBCTT,騎空団蓮ノ空支部,965,7,7149,439070,2,6,3,8,8,8,3,8,46
V33DZ3IDJ,はっしー,6H800PBV7,新鮮館,1050,2,7150,438980,7,7,6,9,4,7,7,8,55
ZIYLRJ23G,MaRASa,JY79RPB1D,リンクラゆる部,1153,5,7151,438890,4,2,9,9,5,7,7,9,52
942EMUNFY,マリンカリン,F7CMT794K,アルナシエン,930,1,7152,438800,2,3,7,4,7,10,9,9,51
Z5AGF2FTZ,とまと,FNMV166UY,蓮ノ空喫茶部,1476,13,7153,438710,7,4,5,7,5,6,6,7,47
2A02U5DGU,レスト,YADX9DY49,ﾊｽﾉｿﾗｰ,703,0,7153,438710,7,6,5,5,7,7,7,5,49
N56HVMH84,L.K,R9NGK6L48,のんびりサークル,772,4,7155,438620,3,3,10,10,10,8,4,8,56
X2FKVRVUJ,のどか,PH0YEPJD8,蓮ノ空北國金沢,940,2,7155,438620,7,6,4,8,5,5,1,8,44
GVALXPK3F,イチゴニャミント,C021HVB2B,第3芸能科,202,0,7157,438530,5,4,5,4,1,1,2,1,23
CGDRJELNX,かなゆう,V8XX999F6,卍蓮村幼稚園卍,994,2,7158,438440,2,2,3,8,1,10,4,7,37
NF4U5CF7K,氷の翼,5WUDLMWEP,蓮ノ空は明日ノ空,775,2,7159,438350,5,4,4,6,2,5,4,7,37
JN4VA7HHL,空気だからね,WLBYGHXPD,大天使村野さやか,1089,7,7160,438260,4,6,5,7,7,9,9,9,56
KM5K3L2R3,サカニクス,A84BK7PL4,ゆるっとホリディ,895,2,7161,438170,8,4,6,6,1,7,1,9,42
GY7VBNG25,吉川優子,WTJV514G9,蓮ノ空のお弁当屋,899,6,7162,437990,1,1,1,2,1,1,1,1,9
PX1DWEERM,KH,YDYH4VRRP,レンクウ,1065,1,7163,437900,1,6,6,4,1,1,7,1,27
OEF1L5FTF,めかぶ,M8FM7P139,蓮ノ空ひとり旅部,1229,13,7164,437810,4,5,6,7,5,8,9,10,54
QVFBDRFY6,きゅう。,WLLWJ8ADP,乙宗筋肉サークル,1012,1,7164,437810,2,2,1,6,1,1,2,1,16
PV6C2HCV3,日野下 梢,NC2YT2V28,蓮之愛同予者何人,1349,18,7166,437720,10,10,10,10,9,10,10,9,78
V33ME72Y5,クローニン,HMBW9DXY2,蓮好き皆あつまれ,1085,2,7166,437720,8,4,4,9,5,5,7,7,49
V0NHANXB2,シロ,YDYH4VRRP,レンクウ,566,1,7168,437630,4,5,2,7,4,4,3,10,39
92NCGUEB9,みっちー,53M4V2BVG,吟子の髪飾り,1026,8,7169,437540,7,5,9,7,5,8,9,8,58
X4Y8KGANL,ぐちお,63AKA05VR,まったりGngy,1240,15,7170,437450,8,8,9,8,8,8,10,10,69
7GEUC1E8X,にぁあああ,JWUL2T36L,チーム初心者,608,0,7171,437360,5,6,7,4,1,3,5,8,39
7YZAOKRY8,にゃこ。,R9NGK6L48,のんびりサークル,1166,4,7172,437270,7,7,8,8,7,9,6,8,60
D89BKXAVU,るい,1XX6FWJRB,オートスキップ団,1066,4,7173,437180,6,2,4,7,4,10,6,6,45
Y1FHDFAP2,バター,1YLFFXC1E,安土桃山時代,1051,3,7174,437090,9,6,2,6,5,8,7,9,52
SROIXY2IQ,くろあお,WLLWJ8ADP,乙宗筋肉サークル,1168,15,7175,437000,7,6,6,8,9,9,5,8,58
6YM7KAMVU,しんくさんく,JTJKAXF0U,千里浜の砂,877,0,7176,436910,1,6,6,7,4,1,5,8,38
CF5AWYLYM,guradius,V7768X8AC,せーので！,1091,5,7176,436910,7,5,7,10,5,8,7,8,57
VE60S6VJV,ㅇㅇ(39.7),Y2P9LABR2,スクステ同好会③,1474,5,7176,436910,5,2,1,7,4,8,5,7,39
1EQD711VT,タケル,1H5P6KV81,さやかの水着,1018,2,7179,436820,7,7,8,8,5,7,6,8,56
MW29X2TV6,シノア,9AYD3XJ2D,ぺんぎん隊,1181,17,7180,436730,7,5,8,5,6,7,6,6,50
7V93EDCNN,天然水,9C0KWR782,まったリンクラ,955,7,7181,436640,10,7,6,9,6,8,6,8,60
V61CE77M1,mousea,NX9KJK529,虹ヶ咲学園,1269,10,7181,436640,9,8,6,9,7,10,10,9,68
WP5PU71AJ,m,0NLHKATWL,生きてるだけ偉い,510,1,7183,436550,9,4,6,10,10,7,2,7,55
BHW6IYEUZ,bcr,DALU6BL7L,東方星蓮船,1058,9,7184,436460,4,5,8,7,10,1,6,10,51
FHT6JDNU5,Yuki,JU476V6K9,ポチッ！,723,0,7185,436370,2,6,2,4,2,1,5,1,23
R5RPNE96B,ヤントモ,2JK7E4115,ラ！推し,1142,13,7186,436190,10,9,9,10,9,10,9,10,76
HXFUGNRBB,とりがら,13GY0NAD4,にこたまぱーく,1027,0,7187,436100,7,7,8,7,7,8,5,7,56
3M860RPRX,バリカタ,PHMJLJY5E,ラブライブ愛好家,1019,8,7188,436010,2,3,6,9,7,9,6,8,50
BKBRXWHDE,s,P2U4P7E0B,mk,1088,8,7188,436010,4,4,4,3,4,8,10,10,47
3H4T36UWG,コウ茶,95031TR10,ひめぎん文化会館,1144,6,7190,435920,7,6,5,6,5,7,5,8,49
EJE3YUUXF,いのらじ,Y4G0KF6NB,無言でやる会,1048,2,7191,435830,1,3,4,5,1,4,3,5,26
M1FR8LDYD,T＆M,PWK02KG0F,メメントの森公園,677,0,7192,435740,2,3,9,2,1,9,1,7,34
74L40ADWJ,チキ,4XRHRYDW4,無言でエンジョイ,1195,8,7193,435650,4,6,4,6,4,7,6,1,38
BV7K5HYA5,しゅーたろ,HWWRP6K2J,家に猫がいます,1201,7,7194,435560,7,6,7,8,5,8,7,8,56
2CUNNPA3U,れんぱす,1D7T2UXC2,無言でのんびり,927,2,7195,435470,5,5,5,9,7,8,8,10,57
WT6EA0XW8,野菜,3HDDYR4FU,旅人,1134,10,7196,435380,4,4,7,7,7,7,4,7,47
MHVY39NK2,朝霧かえで,WNA5GTJPP,蓮ノ空百合クラブ,1221,0,7197,435200,8,7,9,10,7,9,8,10,68
CVR8P1JCX,権,L3NN1RWMY,アポロベイ海賊団,974,3,7197,435200,5,6,1,9,5,7,4,10,47
F46R6RJEE,Quantum,AAHB7C276,HaCordVN,1040,11,7199,435110,5,9,9,6,7,1,5,9,51
M9B4ND15T,アヤトン,639NXLKJ5,Lotusky,920,10,7199,435110,4,2,4,10,8,10,5,10,53
XK4U15TKM,123MB,ULUELCJ7T,なるようになる？,511,1,7201,434930,7,4,4,9,1,5,1,4,35
85VA1VR6D,みらぱ推し,DFXN9DB2H,どんぐり共和国,873,4,7202,434840,6,3,1,6,4,6,1,4,31
8MLGL7DT1,おりあす,LJDN0RMYD,Treple T,971,0,7203,434660,7,5,3,6,5,7,4,7,44
H3STIV1SN,しろやま,T4WY63DB9,ういのま,1246,9,7204,434480,7,6,8,9,8,10,7,10,65
7L0NTD5NN,美月,GPKTRBCTT,騎空団蓮ノ空支部,298,0,7205,434390,6,4,5,7,1,6,4,5,38
JVDRVFFBP,たなばた野郎,B2KV0EVPD,蓮ちゅきクラブ,1475,15,7206,434210,1,1,2,2,1,1,1,2,11
R27FE4R44,art3,WPG6BCG83,基本無言,859,4,7207,434030,3,8,4,6,1,5,6,8,41
UP8NBL60N,utagawa,0DNHHB39H,隙間から猫,974,6,7208,433940,1,2,4,1,3,1,2,1,15
HP0X6UNBV,幽霧（ユウギリ),H837E0M9R,沙知先輩大好き部,1075,10,7209,433850,4,5,6,10,5,9,10,8,57
2QLOE6FR0,まの,TXNCTRR1U,瑠璃乃推し隊,1257,2,7210,433760,9,7,7,7,7,10,7,9,63
MVNAYA068,sada,G6EH0KHT7,なんもわからん,889,0,7211,433670,1,2,1,2,2,5,1,1,15
GD7BHP7M0,なや,0NLHKATWL,生きてるだけ偉い,666,4,7212,433580,6,8,2,9,4,5,1,7,42
VPE9PBX72,μ,6BFC4G5YG,蓮ノ空足湯同好会,1086,7,7212,433580,4,5,4,10,4,9,8,8,52
YFGJCPKZT,スシさのり,UHF5Y8PEF,さやちゃん倶楽部,1060,2,7214,433490,6,6,6,8,4,8,5,7,50
6PEXKRVFE,伴　蓮弘,6JCMUJX7E,同輩,929,2,7214,433490,6,6,8,6,5,6,6,7,50
N6GY81CL3,Jz,M08GKL70U,ららマジ難民の会,251,0,7216,433400,5,3,3,5,1,2,4,6,29
II4SOAF56,蓮,PN4VA24XF,みーかるぱーく！,714,0,7217,433310,2,5,7,6,6,6,5,8,45
A1XTG2FKM,Shou(TT),0NLHKATWL,生きてるだけ偉い,692,0,7217,433310,5,8,8,6,8,4,4,9,52
AW8Q0NER5,ひでのん,HBD61R6WC,梢先輩すきすき部,1078,12,7219,433130,4,4,5,7,1,4,6,5,36
7M85A4YGE,とぅない,2HEFYHN82,異次元フェスから,855,2,7220,433040,1,5,5,4,4,4,1,5,29
7GAKHTB7C,のりたまゼリー,WLBYGHXPD,大天使村野さやか,492,0,7221,432860,7,3,3,4,3,2,6,3,31
N7PB9WEJA,よっちぃ,XTMGPY62U,スクステ初心者,840,0,7222,432770,6,4,1,10,2,8,1,5,37
HVLY4MXC4,はすにゃん,XPX36F6JX,無言初心者お試し,708,0,7223,432680,4,4,8,6,4,6,4,4,40
WZSHUJ0OX,ヨーカン！,43HRXMXWA,無言OKクラブ,1337,13,7224,432590,8,5,4,10,8,9,8,9,61
LJGLHWWT9,Hiroshik,REUA4H17B,LLLLBR,640,7,7224,432590,2,2,3,2,1,1,2,1,14
C9B9EBGNV,KazzGone,2U4GLJXLJ,泥の中の養分,1197,13,7226,432500,8,4,7,10,7,10,8,9,63
M6Y4DMYR7,Haruno,HH93ADAW3,無言自由。,948,7,7227,432410,2,2,4,3,7,1,1,1,21
E1REWHBKH,DN梢,GVT61ATX0,なのだけれど,1154,7,7227,432410,8,1,1,7,4,1,8,9,39
KC319H0XD,あじしお,74HPWML1R,VALORANT,985,1,7229,432230,2,6,6,6,5,6,7,10,48
0295FPCXU,サン・ファルコ,XYRA2MND0,蓮ノ空ゆっくり,551,0,7230,432140,8,8,9,10,6,10,7,9,67
6N0GKCHD2,ガースー,EECF9C0N3,蓮ノ空　茨城分校,1197,7,7231,432050,5,4,2,6,5,8,7,4,41
K1AKCRHFV,Yama15,C0NDBKMRB,すりぃずぶぅ家,1276,10,7232,431870,7,6,7,7,4,7,5,7,50
132G43YY6,はんぺん,9E910GGD2,蓮ノ空給湯室,1205,2,7233,431780,4,6,7,7,7,7,8,9,55
H9X0053TM,うすしお,AC94W0LN2,無言で自由に,631,0,7233,431780,4,8,5,6,8,5,3,10,49
2AP3PXPJG,でんぷん,N0EXH1CM1,ぱちぱち徒町,676,2,7233,431780,1,2,5,2,1,1,1,1,14
UJ6XY1AKA,だうろー,9C0KWR782,まったリンクラ,794,0,7236,431690,1,2,2,4,4,4,5,3,25
DIP8Z8GIN,めいどさん,ADV0547D7,蓮ノ美食殿,1079,4,7237,431600,5,6,6,8,6,7,6,7,51
WR85P8YC8,SHIPPUI,J80MEYHBC,Nymphaea,1115,5,7238,431510,7,6,6,8,5,8,5,7,52
MGXVRNPEJ,とんこつしょうゆ,BT22M41DV,梢花帆吟子同好会,892,4,7238,431510,7,7,7,10,7,8,7,10,63
TX5DT7PG3,KzeAgain,H0DV3JJGA,かほさやてぇてぇ,1167,15,7240,431240,7,6,6,10,6,10,6,8,59
YKMZR9R19,Aryn,CM5THHYHB,「」ノ空だけれど,1275,6,7241,431150,7,6,8,9,5,8,8,8,59
RCAHAWB49,mk25,PHLRY3XRP,とりあえずやろう,1167,3,7242,431060,6,4,5,6,5,7,5,6,44
HJBWIPNM5,sevenoo0,FNHT9JFY4,リンクラ楽しむ隊,508,0,7243,430970,8,7,6,9,6,5,7,8,56
A16BPUGUG,Kigo,1AK9VTG3W,ドルケスキスキ部,427,2,7244,430790,3,9,3,4,4,1,2,1,27
CMOJLVX3Z,いち太,UVK38MFR2,蓮の虚無サー,1299,9,7245,430610,7,7,6,8,5,8,7,8,56
TUNJCP0TL,苺大福,WHWT61ELR,【無言】ハスノソ,1181,2,7245,430610,8,7,7,9,7,7,8,10,63
CBBKP79NP,必殺のピンクポン,766J6R5F0,理解力乏しき者,446,0,7247,430520,3,2,9,3,3,8,10,6,44
KB29SJPNR,園田雪月花,865UE9UC6,蓮ノ空うどん部,889,2,7248,430340,8,7,8,8,1,4,6,8,50
9FHOH0RER,悠,M44P06CH5,つづさや見守り隊,1060,11,7249,430250,9,6,8,9,6,9,8,10,65
FWHHGTTD4,リンクラ２１月目,H0CCTJREV,ソロ活動～休止中,1101,15,7250,430070,8,8,8,9,8,10,8,10,69
P2G6MNXC9,kuuki,Y6JNPC60C,綴理メイト,1066,14,7250,430070,9,10,10,10,10,10,10,10,79
FDN2DNMKL,おがわん,T4WY63DB9,ういのま,1096,2,7252,429980,8,10,9,10,6,5,6,7,61
5SK98OCWL,本蓮健太郎,P4GUGLKTB,WINS蓮ノ空,1098,7,7253,429890,4,6,5,5,7,9,8,10,54
6VT3EGHK8,ジアン,VNEY6C9BE,スリーマーメイド,597,2,7254,429800,9,2,10,7,10,10,1,1,50
531FB04RX,うどーーん！！！,T56X6LP0L,光の海,874,4,7255,429710,10,7,9,10,6,6,7,10,65
RPK48P5X9,みずゆう,PH0YEPJD8,蓮ノ空北國金沢,985,9,7256,429530,7,6,8,9,5,8,6,7,56
1S7BVV95T,タコスケ,FG4170141,♪さやか愛好会♪,1111,7,7257,429350,6,4,5,6,1,9,7,7,45
9352FGFD3,ゆずみっく,KC1W74B9B,蓮六園,242,0,7257,429350,10,7,3,5,1,7,6,1,40
WP3B2K34V,葵,FMKP92LRL,目が霞む人達,995,4,7259,429260,1,1,1,2,1,8,5,1,20
9M7UX9JLN,アッキー,E6WR9G75P,安養寺姫芽推し会,495,0,7260,429080,4,6,7,5,1,2,5,8,38
LKEYVKQ7X,みらぱ星人,E050K9859,蓮党,1065,2,7260,429080,5,6,7,6,5,7,8,7,51
0V9UNTT7X,ユリーカ,C0NDBKMRB,すりぃずぶぅ家,1051,5,7262,428900,6,7,7,9,7,9,8,9,62
PQDCHERXU,アイン,3RH5MYBXV,こずめぐ党,1096,6,7263,428720,5,5,4,9,7,8,4,9,51
OHN0Y0DNJ,くまちゃま♪,PUJ0ERCMW,蓮ノ空倶楽部,1466,15,7264,428630,10,10,10,10,10,10,10,10,80
3XF3U1RBL,suke398,3A63DYH54,LLすこすこ部,1213,1,7265,428540,7,6,4,8,6,9,5,8,53
PINE4LHL9,山東 良,1E8TVWRK1,RYO,901,2,7266,428450,6,4,5,8,4,7,5,7,46
KM183V16C,パープル,3DP2YYXX6,天才なのかも…,999,4,7266,428450,4,4,4,5,1,1,1,7,27
19WXKM4VF,lumis,FF4XH0P3A,ゆるゆるサークル,427,0,7268,428360,8,4,5,10,4,8,5,9,53
U3FUDEE7O,御門凪,6HV2RH6TU,イベント用、無言,1316,10,7269,428270,8,6,7,6,6,9,5,9,56
32X24KBA9,スムージー☆,7UX6117P2,重曹圖書館,974,7,7270,428180,4,6,9,4,4,5,7,6,45
Q45T194E6,きなこ,36T6UB6YA,まったり箱推し部,1133,6,7271,428090,6,6,9,7,7,9,4,1,49
NAWK0C4KW,MRKST,G8F0M2PH2,アフターウォール,736,3,7272,427910,1,2,2,4,2,1,1,1,14
2B4Q9VOIE,きたおーじ,J7N4W6Y1K,こずミックラブ♡,1390,4,7273,427730,6,2,10,4,7,8,6,10,53
3K9RDZH5O,イツキ,GXR6C85BT,花帆ちゃん親衛隊,1613,10,7274,427640,9,7,6,9,9,10,9,10,69
ZX0HDBTUD,まるがりポテト,YCTM6RYDP,金沢おでん同好会,837,4,7275,427550,4,2,1,5,5,9,6,5,37
10W4U925N,ちあき,T4WY63DB9,ういのま,1132,7,7275,427550,7,7,8,8,6,7,7,8,58
0XTFA9UD3,num,9AJ9MMDYN,走れ,305,0,7275,427550,2,2,10,1,2,1,1,1,20
0DJ374X37,ぶーもり,N7J2R9JDN,ログイン目標勢!,472,0,7278,427460,3,4,8,7,10,10,6,9,57
HJ9NB80CM,ヨコタ,H6JWBBGCG,蓮天・乙宗一心流,248,0,7279,427370,3,3,5,3,1,4,4,3,26
94L7MCC47,矢崎,ABALH0AL3,楽園計画,1063,3,7280,427280,8,6,5,9,5,10,5,7,55
3Q8QPZWKH,あるけ,PMME7169X,蓮っ子動物園,827,0,7280,427280,6,7,1,8,1,9,1,10,43
KSTU9KK1V,ぽた,0VEMMV8E2,スリブとまったり,419,0,7282,427190,9,9,8,5,8,10,5,9,63
UTP2DXMTS,Rinちゃん,YMKU30246,参加賞がほしい,354,0,7283,427010,5,6,4,6,8,9,5,1,44
52L611H2N,きむひこ,0AYJF4RJ6,無言,974,1,7283,427010,7,6,5,6,5,5,5,7,46
KYCTFDH4X,ルリィ,AR9HR528A,いろいろ実況,1002,4,7285,426920,6,8,10,7,6,7,5,7,56
7CPNMY4QI,ふるむ,AG9PKMMC3,ぱかぱか同好会,1245,5,7286,426830,6,8,6,4,5,8,5,7,49
KUDLVC58W,K.ヨッちゃん,CL9JCBTU6,蓮ノ空出遅れ組,880,0,7287,426740,9,8,6,10,6,8,5,8,60
NWWUBUW9T,Dell(でる),H0DV3JJGA,かほさやてぇてぇ,1123,18,7288,426650,7,7,8,10,6,9,6,9,62
U5UNH9U0H,ミスターX,9WJB6YPPN,温室花畑,1191,15,7288,426650,8,8,8,9,8,9,8,10,68
TFUV0QYEQ,だゆ,1F5EPPMLD,UR貰えればいい,747,0,7290,426560,3,5,4,3,6,5,5,8,39
VENF7V4VV,エルエル,GJCKB88YE,P&S,773,0,7291,426470,2,4,4,8,6,4,4,4,36
WEP356DHZ,りっさん,D075KXX86,花うさぎ,1204,8,7292,426380,4,6,8,3,4,9,7,7,48
XP18HGB9K,こち,A86FEX2JC,おやさいさん,875,0,7292,426380,5,7,6,7,7,8,5,6,51
D7ES66HNI,ナマズ☆レイブン,UYCT3Y4JK,蓮っ子,942,7,7294,426290,2,10,6,9,7,9,4,9,56
R8ELXDF4V,にゃんとろ,58FD7UF8J,としとしサークル,1157,7,7295,426200,1,6,2,9,7,9,10,9,53
UBU1EWLBY,kozue,DKNHY5HH6,なす料理研究会,702,0,7296,426110,5,4,7,4,4,8,8,7,47
EPKW3LP7Y,おにまほ,05KN1RR3U,さやかほ花卉園,849,0,7297,426020,5,7,7,7,4,5,8,8,51
MAH8YL50V,テルミ,EMAN1DMK8,いつものメンバー,1038,5,7298,425930,4,3,5,7,1,10,2,7,39
6KZOM0IM4,いまきょ,X34LWGL6R,サークル2,1242,13,7299,425840,4,4,5,8,5,9,4,10,49
YGNUV1PJ2,sea,9WE3M7BTP,クラウド,948,3,7300,425750,2,4,4,6,6,8,8,8,46
ERBECJNM7,涩谷香音,KGY709ULG,蓮の花束,212,0,7300,425750,4,2,4,4,1,1,2,3,21
DA27CEU87,MoYo,0B8RTHY4D,のんびり屋さん,1207,12,7302,425660,8,8,8,9,6,9,8,9,65
XE1JB2UK1,タイトル未定,KULVP7FDR,アニマル分室,984,2,7303,425570,7,2,1,2,5,3,1,1,22
KB6M78EEH,syun,T8HGV9C7U,ソロ,473,0,7304,425480,7,7,10,10,8,9,7,7,65
V5UA331PF,あぶナスビ,0XUV5025C,めぐめぐバブり隊,474,0,7304,425480,5,6,8,8,8,6,4,7,52
QD8FVRU7B,アカツキ,BXC1T2HY2,初心者の集い,1252,11,7306,425390,3,4,10,8,7,8,9,10,59
QH9E4TN2G,Y,G8EE23LB9,虹ノ空クラブ,867,1,7307,425300,7,4,5,7,5,7,5,7,47
PMAGW8CV7,とり天,KGY709ULG,蓮の花束,184,0,7308,425210,5,4,5,4,1,4,1,9,33
X70W9G6J9,コポォちゃん,8M6UDX260,ぽけもん好き,1191,10,7309,425120,6,6,7,7,5,7,7,7,52
VWZ428C1W,りょうちゃん,ERED0W3TV,はこおし,1133,5,7310,425030,8,7,5,9,7,9,7,9,61
R47FO7T0Z,良行,U5RFGBBTG,蓮ノ空G's部,1176,10,7311,424940,7,7,6,8,7,8,8,9,60
4AO0G1KF7,スズ・テスカトル,26JDLMBLN,徒町は強く生きる,1123,7,7311,424940,6,5,5,7,4,9,5,10,51
KM1YL0KV1,TAKEO,C791XXLDF,つづさや会,1226,15,7313,424760,6,7,5,7,5,7,10,7,54
H54N1EXEU,ふらみんごみんご,U740C25T1,ごろちゃんず,702,0,7314,424670,7,2,2,2,5,8,1,1,28
D4LPQFSBH,ロックハート,43HRXMXWA,無言OKクラブ,1041,2,7315,424580,5,6,7,8,7,7,7,10,57
9DKTMF2EY,まんまる,XF4WX9L1E,ソロ,903,2,7315,424580,7,7,7,8,5,7,7,10,58
8YH1AWMER,TinBoy,CEP973KKU,スリブ好き好き会,783,0,7317,424490,5,6,4,9,5,8,6,1,44
BIMSEYEXM,Lop,LAKRG5NK9,ログイン勢,626,0,7318,424400,8,4,7,4,4,8,5,10,50
D1V15W6Z1,みりん,7UAN6RT0D,さや弁食べたい,509,0,7319,424220,10,8,10,10,10,10,5,10,73
9PCRA31CJ,もっこー,N0EXH1CM1,ぱちぱち徒町,914,2,7320,424130,9,8,8,10,5,10,9,10,69
A0EBKT11T,アゲハ,9UKKACGDU,蓮っ子CLUB,1142,4,7320,424130,10,10,7,10,8,10,9,10,74
ZAZ7MLGDM,シュウ,T8X0G07YB,なければ立てる！,1065,5,7322,424040,8,6,7,10,1,5,1,5,43
TBRJW64W1,ゼロカラツギヘ,CJ398GJAT,バッグクロージャ,1274,14,7323,423950,7,6,7,8,5,8,9,7,57
7M5MB4R0U,ニューロン,MXN85G5KF,蓮ノ空漫画研究部,1020,2,7324,423860,8,6,1,3,1,8,8,5,40
6CT2OAOK1,naochi,06KXF4UFK,naoハル,1343,8,7325,423590,10,10,10,10,10,10,10,10,80
LRVPBUUJG,そうかな,0CBM28JP6,ほうき星,1192,2,7326,423500,8,7,7,6,7,8,8,9,60
B43KP5ADK,ぱんだっち,VD7N7A4WH,氷青色,908,4,7327,423410,6,4,8,6,4,6,6,7,47
BC1RMJ1P6,たけお,R3UE4PGCE,うさぎ小屋,342,0,7328,423320,8,8,7,10,7,10,5,6,61
LMLDZQRTW,独自,L28X4MDJN,アフター観たいぞ,1063,6,7329,423230,4,4,6,7,5,8,10,10,54
DL2KW15TN,ゆめ,ULUELCJ7T,なるようになる？,195,0,7329,423230,4,4,8,7,4,6,5,7,45
3SNMNY1LK,カイル,PDMPF3VVV,r/LL,1141,7,7331,423140,7,6,6,7,5,5,6,8,50
G4URNIB2W,じろー,WLLWJ8ADP,乙宗筋肉サークル,1124,0,7332,423050,7,6,6,7,5,8,5,8,52
AMALU7YPJ,命,UX96YX4T1,『位置について』,424,0,7333,422960,7,6,4,8,5,7,4,7,48
PH0FYAGD5,ろん,KXB93FVTR,ブルームガーデン,966,7,7334,422870,1,2,5,8,5,8,6,5,40
M298SPIY5,なつき,9U8KNU6U9,対抗戦用,1087,0,7335,422780,5,4,6,6,7,8,5,9,50
OJNJEAFPX,カリギュラ,ULUELCJ7T,なるようになる？,883,4,7335,422780,7,6,4,2,7,8,5,8,47
T1Z2177LC,タロウ,6E27A15ER,蓮ノ空自由クラブ,1156,16,7337,422600,4,4,4,6,4,10,1,10,43
PKBPGUP0C,桜のぞみ,PE5UX1DFY,蓮ノ空保護者会,788,2,7338,422510,4,6,6,8,6,7,8,8,53
8IE0QV54M,アリス提督,YLJ2PP4X4,全日本謝罪同好会,1002,0,7339,422420,1,4,8,2,1,5,7,8,36
0R2H1NVHY,Juck1968,0B8RTHY4D,のんびり屋さん,780,1,7340,422330,2,2,2,3,1,5,4,2,21
2RUNP29BL,ざいたくさぼり,G2B2TC3PK,iLiFE!,578,2,7341,422240,10,10,10,10,1,4,3,5,53
W1XOQOMNI,yoshikin,36T6UB6YA,まったり箱推し部,1068,0,7342,422150,7,6,5,9,5,7,6,8,53
5DH5A9H10,さやかるぅと,PN4VA24XF,みーかるぱーく！,675,0,7343,422060,1,2,3,2,1,1,3,3,16
1MR2E6D09,マダオ☆,B2AN1PT0N,417,992,4,7344,421970,4,2,1,8,1,8,7,5,36
JYGPGYUOD,じっぷ,2JK7E4115,ラ！推し,1154,3,7345,421880,9,7,10,10,9,7,4,10,66
I6CQ8171F,パピコアイス,RM7N1JDB5,無言推奨不干渉会,1018,2,7346,421700,5,6,5,8,6,8,6,10,54
KP0B1CD6X,初段,VLY5JDKCV,新規なのだけれど,388,0,7347,421520,8,2,10,8,1,3,10,10,52
ZCDPUZWF3,ヒーロー,43HRXMXWA,無言OKクラブ,1000,6,7347,421520,3,9,10,6,6,9,9,3,55
MKLFPN3RW,一般市民,HBCC35887,そりゃー!!!,568,0,7349,421340,4,2,9,5,5,4,5,4,38
O9IXWQXTA,ぱるばーど,U0N57LDY5,くさ・みずタイプ,1497,8,7350,421250,9,10,8,10,9,8,8,10,72
WVKUA5U09,はみ,,,106,0,7351,421160,9,7,7,6,6,6,2,5,48
FD3HAUFJG,まるはち,9GDHWXGVG,ルリと花咲く毎日,1479,14,7352,420890,10,9,10,9,7,9,8,10,72
G9X5JFXPK,たむたむ,JRAC1HYUD,SPHS-MMT,1048,0,7353,420800,7,6,4,5,4,9,2,7,44
PBD8BXSG1,のりあき,T4WY63DB9,ういのま,1240,1,7354,420710,7,7,7,8,6,7,9,9,60
1J1NFNHDA,やんま,RKT7BC4F6,人形浄瑠璃乃,207,0,7354,420710,2,3,4,3,1,3,2,1,19
ALB1N4560,Y04,6H800PBV7,新鮮館,746,4,7356,420620,1,6,2,6,4,6,2,5,32
2RQY5EP7H,A級フリーター,WE4AB37FP,めぐ党,1075,7,7356,420620,6,4,2,6,5,7,4,6,40
H13D7EBY5,トロ,A3472CNJE,ハントン✿ライス,305,0,7358,420530,2,2,1,4,1,1,1,3,15
5W27EXMWP,完熟モモコ,3RH5MYBXV,こずめぐ党,363,0,7359,420440,2,2,5,2,1,1,1,3,17
F90657Y24,たねまるず,XA0XD41CM,ぼっちぼっち,233,0,7360,420260,7,4,1,5,3,4,6,1,31
CJRTWY0S9,Hei,E050K9859,蓮党,698,4,7361,420170,4,4,5,7,7,6,1,5,39
BDL5FFKL2,うき,07JW71HWG,良いチケで観よう,781,2,7362,420080,5,2,4,2,9,4,4,4,34
FNVYHXA39,るおさん,2U4GLJXLJ,泥の中の養分,1080,6,7363,419990,4,4,6,7,8,4,7,9,49
IFPZBX8DL,リンクリボー,Y4G0KF6NB,無言でやる会,997,4,7364,419810,6,5,6,7,4,8,6,7,49
H4OG1LBAN,ハルキ,28XJ8NK4L,蓮ノ空まったり部,1044,4,7364,419810,4,4,4,8,5,7,6,9,47
4UCVK93C6,ゆーちょ,54JWUD9X0,異次元からの者,1125,18,7366,419720,9,9,9,10,10,10,10,10,77
R16J6JUJA,Wingzero,BK8AXMYGC,いってらっしゃい,1103,16,7366,419720,1,5,4,6,8,10,4,9,47
1FDJCEM4Q,ハマイク,G0WRCNRWK,県立沢庵図書館,829,2,7368,419630,1,4,5,2,1,5,1,3,22
YWYJE223X,雨宮唯,TBHVUNGK6,ヨーロッパ軒,778,2,7369,419540,4,3,5,4,1,2,1,3,23
LHTO8TRND,IcⅡ^.-^Ⅱ,ETJJW4JHV,覇王樹LL同好会,1132,5,7370,419360,8,6,6,9,5,7,8,8,57
PU8WTNE81,かりんとう,HE0GK3EPE,瑞蓮プロカ倶楽部,869,4,7371,419180,6,2,9,6,1,8,3,8,43
BOY5LVU3N,ざるそば,X7C21B7H7,泥,1218,4,7372,419090,6,2,4,6,6,8,4,7,43
08PBRBEPM,あそん,YRKPTXY0Y,どうでしょう,624,0,7372,419090,6,6,5,5,4,6,3,3,38
V8N2DW921,ドーン,0YLUK30K6,蓮っコの集い,1099,11,7374,419000,9,10,9,10,10,10,10,10,78
3U9F6L59H,「零音」,LX25CP0TG,深夜の芋煮処,1040,3,7374,419000,8,7,7,9,7,8,8,9,63
4VTM1X15Y,テラ,1D7T2UXC2,無言でのんびり,498,0,7376,418820,2,6,4,10,2,5,5,5,39
TG90WJMNG,ニョイリン,J0PT5EX42,スクスタモ部,335,0,7376,418820,2,1,6,2,5,8,1,1,26
NNB55XACG,ぱーらい,W3UUXHMDV,水彩ブーケ,1144,1,7378,418730,7,6,7,8,5,8,5,7,53
8WNEP4JHG,だいP,E7UBFLW56,同好会の同好会,1062,2,7379,418640,10,8,4,10,6,9,8,10,65
566Q7DYNT,ココきゃん,AR9HR528A,いろいろ実況,901,2,7380,418550,6,4,7,6,8,9,7,10,57
YP291K184,雪鴉,PPAHU1TNY,蓮ノ空のんびり部,1084,11,7380,418550,7,7,6,8,4,7,9,8,56
TNVEMK8JJ,たけちゃん,NJBBTCY3A,かにかに！,709,2,7382,418370,10,10,10,8,9,10,9,10,76
7W4J0O8ZQ,ひたひた,FMKP92LRL,目が霞む人達,708,0,7383,418280,4,2,1,6,2,4,4,4,27
47VE69U02,ユーリョン,KXEME076E,つづさや親衛隊,692,0,7384,418190,5,6,7,7,4,7,7,8,51
TF3M3L8K2,も,C52VR77BJ,イベント参加用,547,2,7385,418100,1,2,3,2,1,9,1,5,24
YFUVMWJ0U,ごま,HDJ4788PA,あ,1296,3,7385,418100,8,6,7,8,7,9,8,10,63
8CAKRLNXA,ふるえるてんむす,3F0M4HXJE,蓮ノ空まったり部,848,0,7387,418010,10,9,7,6,6,9,8,7,62
CHY80T069,みらの,UVK38MFR2,蓮の虚無サー,261,0,7388,417920,8,8,7,6,4,5,4,6,48
C8VCIEGNR,まるまった,37N3TNTVB,推しを布教する処,1200,5,7389,417830,7,6,6,9,7,8,7,9,59
BA44950WU,丹波橋くん,1YLFFXC1E,安土桃山時代,1002,2,7390,417650,1,1,2,2,1,1,1,1,10
TAWRC5WY0,ｼﾞｮﾏﾗｧ,0R8BXPRC1,ポチっ！とクラブ,563,0,7390,417650,7,3,10,4,1,9,1,10,45
4AFRWEPRY,イネ,0XUV5025C,めぐめぐバブり隊,251,0,7392,417470,1,2,1,3,1,5,1,1,15
ND9Q0ELTO,あずこと,WBCN61N99,SRK組,861,0,7393,417380,6,6,6,6,4,6,4,6,44
ZPX82XGYB,とりらる,LJDN0RMYD,Treple T,1084,6,7394,417290,7,4,2,6,5,7,4,7,42
7U1801MJT,カイト,AXGGJ4EJ1,所属だけしたい部,418,1,7394,417290,6,3,7,8,1,4,5,3,37
6U2PBV7TY,mろとlotlk,XN2VEA6DN,無言,1210,4,7396,417200,6,6,5,8,5,7,5,5,47
W7PG1NY70,mn55,G202YTPW1,無言倶楽部,954,2,7397,417110,4,4,8,7,5,6,7,7,48
2525KFYH1,まつりょー,YLJ2PP4X4,全日本謝罪同好会,1139,15,7398,417020,2,7,1,7,5,4,3,4,33
E6KWXUHYW,G,4FN0KWB4G,無言参加大歓迎！,465,2,7399,416930,3,4,10,7,6,1,7,8,46
CYUFNGD5G,しっきー,60KU468X3,はっすーず,1210,18,7400,416840,10,10,10,10,10,10,10,10,80
LYDQ4DN72,舞姫,XN2VEA6DN,無言,1070,3,7401,416750,6,4,5,3,5,8,6,4,41
AKL61WP94,Enter,GGK2P93JK,きゃらめる,491,0,7401,416750,2,3,1,4,1,1,4,8,24
GLILGNT8Y,株さん,M851LEV3N,なっす父兄,1119,9,7403,416660,4,6,5,7,4,8,5,8,47
20971MMGV,みっきー,MG1G6F487,蓮ノ空無微課金部,301,0,7404,416570,3,2,1,2,1,1,2,2,14
YECEK3KPJ,さやみょん！,1EBG7YUTL,菅！CAN！叶！,623,0,7405,416480,4,6,2,2,4,1,5,5,29
6KTVKY6YW,ぷ,2DYYAPFVN,蓮っ子村,779,2,7406,416390,7,7,9,9,7,7,6,8,60
JDM2XK3FU,ko₋orbit,BEUGE1GV8,仮,600,1,7407,416300,4,9,5,4,4,7,1,4,38
UKE0Y31AD,しぇく,0GALMLWK6,ボクなんなの。,1116,2,7408,416210,9,6,6,9,5,5,5,9,54
E4PN4JG1C,ハルハル,06KXF4UFK,naoハル,882,2,7409,416120,7,6,8,9,5,8,7,7,57
G1CKNEUM3,ぬ,7B0W0EWVA,ソロの為の避難所,581,1,7410,415940,1,2,2,3,1,4,1,1,15
H4IEGIJJH,りん,G6EH0KHT7,なんもわからん,1104,1,7411,415850,4,3,1,6,1,5,1,4,25
AVEA3X5YW,青,1F5EPPMLD,UR貰えればいい,838,2,7411,415850,4,6,10,6,1,1,2,4,34
CMH3C794R,COA,AHE0E3JND,ありがと！にひっ,766,0,7413,415580,5,3,2,8,1,6,4,5,34
6H8M0NP14,ジョージア,865UE9UC6,蓮ノ空うどん部,842,2,7414,415490,7,7,5,8,5,7,5,8,52
GYMEFYB7F,lbs,BTVC9G95X,FES用,734,2,7415,415400,10,6,8,10,4,8,2,10,58
ACT0GBLBR,ムク,R9NGK6L48,のんびりサークル,1245,8,7416,415310,2,4,1,7,1,7,1,9,32
FEZ9AWWO9,ぴーたん,4HCL7BG63,乙宗喫茶店,1067,14,7417,415220,7,7,6,10,4,4,8,8,54
4FY9WFTLD,ラキうん,VA6X5YNNF,スリーズ分家,992,3,7418,415130,5,7,7,6,5,4,1,4,39
5K0GLNFQ7,えいき,GJ9C8YJE2,蓮ノ空大好き部,756,0,7419,415040,5,4,5,1,4,4,5,5,33
AJJYUN340,ゆいにゃん,8BAYBXUXC,スリブ大好き♪,1116,1,7420,414860,5,6,7,9,7,7,8,7,56
62L0F13QF,ユウカ,6BFC4G5YG,蓮ノ空足湯同好会,980,7,7420,414860,4,6,6,9,5,2,5,4,41
S2HJH365X,わわわ,L10A3854K,ラベンジャー部,1390,5,7422,414770,8,7,8,8,7,8,8,8,62
OS5JX1KL9,ゆっき,4RNUXBXGL,みらぱ最推し,946,11,7423,414590,8,5,9,4,2,5,3,5,41
3YRAK0CLA,ちーたん,WBW66DMUB,るりめぐ研究所,1161,5,7424,414500,6,7,6,9,7,10,8,10,63
XA20AG99Z,せーのでのんすけ,XHJLF3R8H,ゆったりプレイ,936,4,7425,414410,4,2,2,9,5,7,5,4,38
CHD941XTD,黑,9UKKACGDU,蓮っ子CLUB,307,0,7426,414320,7,10,6,5,7,10,10,4,59
ESY8CLIJM,フェイト,HKETDDCK6,ぼっちざ蓮!!,1288,9,7427,414050,9,7,7,9,7,8,7,8,62
AUJ8GF5MB,トイーブ,DMDVHGFUG,インドネシア仲間,1129,7,7428,413960,8,6,6,9,5,8,6,7,55
E2EJB7R0L,冷奴,UX96YX4T1,『位置について』,604,2,7428,413960,6,5,8,7,6,7,5,5,49
30GV9ZJ8Q,デリー,GW4CH70HK,TKG同好会,788,1,7430,413870,1,1,1,2,1,1,1,1,9
78CJ7XWA0,タズ,1G89KTD5X,サークルひとり,1075,1,7431,413780,7,7,7,10,7,8,8,10,64
G9AWEWZ7O,オルソン,EC28PB9KN,梢画伯工房(Фω,1027,1,7432,413600,1,2,6,3,5,4,9,5,35
FKPGLDR8N,じょう,7B07VRW2N,藤島メグミルク㈱,1153,6,7433,413510,2,2,2,2,1,7,1,1,18
2DKK0TUVN,夜式,EPWMMAXNY,蓮ちゃん初心者,1106,7,7434,413420,9,4,6,10,7,7,7,8,58
2GA4W5NC2,ひめ,NK17PY5LW,のんびり,854,2,7434,413420,8,6,7,9,6,10,9,10,65
IB3PM3WCQ,ここあ,3RH5MYBXV,こずめぐ党,1246,7,7436,413330,8,7,7,8,6,7,5,9,57
4YXL2E8UT,にぼし,FK5MUK0ET,くる♡すきクラブ,1185,8,7437,413240,7,7,7,7,6,10,7,8,59
TAHBAVDDF,あわねこちゃん,8GEP3C6H9,蓮好き好きクラブ,389,0,7438,413150,6,4,5,7,5,8,5,7,47
1RCKD12PX,田辺,WPG6BCG83,基本無言,1374,11,7439,413060,10,10,10,10,10,10,10,10,80
DGYQ21I8K,まるしす,054N7CPVR,部室のニワトリ★,1046,4,7439,413060,6,6,6,8,4,5,4,7,46
9DFJ53YEE,キュベレイ,1AK9VTG3W,ドルケスキスキ部,789,0,7441,412970,7,6,8,10,7,7,5,9,59
9V4W9XVU9,都築,YVV9CMBLW,東京公演で沼落ち,1059,9,7442,412880,3,7,7,10,6,10,9,5,57
7QPFAXWEC,イリア,3YWMY4JVN,82プロ,1155,5,7443,412610,5,4,6,3,5,5,6,6,40
GEFPHV78D,こうしくん,2BB5YVRFL,蓮好き好きクラブ,1130,5,7444,412520,4,2,2,7,7,7,8,5,42
QFRWHA8C1,しぃの,Y6JNPC60C,綴理メイト,1061,4,7445,412430,1,2,2,2,1,1,1,1,11
CQSVGRM58,かいん,3BE2RELRC,見晴台,1519,0,7446,412340,10,7,10,10,10,10,10,10,77
ESQV3M6ME,くずもち,C6HBJMY5L,！,1076,5,7447,412160,4,4,7,9,4,9,9,9,55
8K26PWE5N,たくや,YVV9CMBLW,東京公演で沼落ち,494,0,7447,412160,1,5,7,4,1,4,4,5,31
WTVNNYRPB,もちこ,VXDPPJJL1,蓮ノ空リボ課金部,984,6,7449,412070,4,4,7,6,4,5,4,5,39
P55YVR9W3,Ｍ３１０,CV8NP1T8K,アイドル研究部,1099,9,7450,411980,5,6,9,7,6,7,8,9,57
4FYLWZ7OO,レザ,D52G2F1HV,いな民リンクラ部,912,0,7451,411890,2,5,3,10,7,7,5,6,45
GXRFED5LC,珈琲,1GJC67JLM,無言の泥,915,4,7452,411800,10,6,8,10,5,9,4,5,57
2CYD19XHX,おかえり留学生,W7YFDVP8A,手遅れの最先端,284,0,7453,411710,1,1,1,2,1,1,1,1,9
V7UJNDZLE,えちぜん,UVK38MFR2,蓮の虚無サー,1154,5,7454,411620,6,6,6,8,4,7,4,5,46
FB9Y4ED1M,うに,75UJ5RB97,蓮ノ空雪野球部,1127,9,7454,411620,5,7,5,8,7,4,6,8,50
BN71H4P9T,なかう,GPAAHVHCL,蓮ノ空地学部,1084,4,7456,411350,8,6,8,10,9,7,4,9,61
83T8PIB1G,Mare,1D7T2UXC2,無言でのんびり,746,4,7456,411350,3,2,5,4,1,7,4,5,31
D5H8MC8BN,そら,08DDCV5JN,黒ねこのしっぽ,695,2,7458,411260,9,3,7,7,1,5,8,5,45
RYWCFVNF3,まことらまん,DFFYFJ2B6,つづさや好き過ぎ,700,0,7458,411260,9,6,8,7,1,5,6,1,43
69WDUB1HJ,カジモド,2JK7E4115,ラ！推し,968,13,7460,411170,7,6,6,9,7,9,9,7,60
HNVJJANFM,ヤタガラス,WTJV514G9,蓮ノ空のお弁当屋,943,2,7461,410990,4,6,4,9,4,4,1,4,36
E1UM2ARP3,まり,0CEA9XFKR,蓮ノ空の泥人会,1039,4,7462,410900,2,2,4,4,5,4,5,10,36
U18EYPD9N,まんじゅう,646YTH7KK,KA,986,4,7463,410810,4,6,5,7,4,8,6,7,47
BA39UJ84Y,のあんぬ,J0PT5EX42,スクスタモ部,276,0,7464,410720,5,3,8,8,1,1,5,5,36
YJIZEENLF,よこぴ,AE3L01V24,LOVE蓮ノ空,1077,12,7464,410720,5,4,5,10,5,8,7,7,51
FG8V9K1DY,あまとう,UYCT3Y4JK,蓮っ子,1033,9,7466,410630,5,6,7,6,5,7,5,7,48
E0YM46539,みけ姉妹,KR1MBWNCE,ぼっちざ 3rd,413,0,7467,410540,3,2,4,1,1,1,5,1,18
HMEF3IHQG,せきた。,BAWM142YF,片隅用具いれ,1199,0,7468,410450,7,6,7,7,1,7,4,8,47
QDQYL3F7I,氷星フィッツ,YM72HRVCF,ワンニャン部,1229,10,7469,410360,3,5,9,10,4,5,10,10,56
VTE6S4Y3C,くれひろ,1D7T2UXC2,無言でのんびり,1087,10,7469,410360,8,6,7,9,7,7,8,8,60
BU3BTBG24,てる,8MTLYLH9F,木星月華黄金宮,969,1,7471,410270,8,4,2,6,4,7,5,7,43
PK7X9HV1K,リチェルカーレ,LUH7URBF3,初心者サークル,751,1,7472,410090,1,2,9,9,10,6,5,7,49
05GAVM9FF,キキ,4LU50R56J,誰でもOK,336,0,7473,410000,5,6,2,2,5,1,6,7,34
VJ12T6FTP,ほのきち,2U4GLJXLJ,泥の中の養分,494,2,7474,409910,1,2,2,2,1,1,1,1,11
VFP1AZBZC,Linkcat,31A7JKC69,蓮好きの巣窟,766,2,7475,409820,1,2,2,2,1,2,3,3,16
B4V1RD5J8,JIN,VP0K6KF0K,蓮ノ空大好き!!,819,0,7476,409730,2,1,4,2,1,4,4,1,19
UR2D1RJP9,ひよくもち,CY3GGDH7H,㍿キモ・オタク,431,0,7476,409730,9,7,7,9,2,4,5,10,53
D14R4323J,33NEPPY,N1DJVPGP8,いつでも咲けるよ,470,2,7478,409640,1,2,4,4,1,2,1,1,16
EPH171BSN,뺙뺙(ピャク),279NUYU7C,れんこん,1090,0,7478,409640,6,4,4,4,5,4,5,5,37
2SI4NIZBZ,皆叶 侑,P3RALDKT1,アイドル研究部,1006,5,7480,409550,8,6,7,5,5,7,7,7,52
6U71PYRHE,珀,DYTW8H2KA,めろんおいしい,866,7,7481,409460,6,10,6,9,7,8,5,7,58
8RCAU6DWV,K,K3LMN5JHH,金沢カレーの皿,732,0,7482,409370,4,4,5,8,4,7,5,8,45
8KB1H63JR,ちむんちょ,AVX749PPB,姫芽ちゃん親衛隊,887,4,7483,409280,6,6,8,6,6,10,8,9,59
6LE9JEL50,Zucky,0CEA9XFKR,蓮ノ空の泥人会,959,6,7484,409190,10,10,6,3,2,2,7,7,47
03WXXNWVM,Katsu,7P4CAER9X,まったり倶楽部！,1097,3,7485,409100,6,5,7,4,7,7,4,7,47
T4GPGDWLT,Kana.T,J5FJNX88N,無言,1095,10,7486,409010,7,7,8,9,7,9,8,10,65
UL37THR9A,み。,FH7G62PKW,月火水木金土日,1164,3,7487,408920,10,9,9,10,9,10,9,10,76
DFK9UDXMX,カッペ,BAB7W6VKX,まったり,1123,7,7488,408830,7,6,5,8,5,8,6,7,52
2T9FX5BE3,Pazuru9,M206VENTF,蓮紺の会,703,0,7489,408740,4,6,7,4,2,9,3,3,38
3K5YTL18N,アテルイ,M6UPWJ6DU,蓮結ぶ虹と星の音,1164,13,7489,408740,10,10,10,10,10,10,10,10,80
YMJWPJKY2,あるて,JVUNVCT8P,梢先輩のASMR,1041,2,7491,408650,8,2,10,2,1,2,1,1,27
38C4BXTRW,のり,H837E0M9R,沙知先輩大好き部,1035,5,7492,408560,4,2,7,4,4,10,8,8,47
HMEGU1O4P,ゆー,8VGXWTV3U,R.opRizm,972,13,7493,408290,4,6,2,7,5,9,8,10,51
1GWM4JJTN,もふもふ,YMKU30246,参加賞がほしい,272,0,7493,408290,1,2,1,2,1,1,1,1,10
Q5F4BCOHK,かき,CYC7TE27P,ABC,1198,15,7495,408200,5,6,6,8,7,9,6,8,55
87DHOP0VA,さかなごでん,FG5VFFNRK,蓮ノ空おじさん,1153,12,7496,408110,6,6,7,9,7,7,7,10,59
GW3NJ26TY,にゃしにゃし,9DKR4Y2CJ,蓮ノ空老人会,939,4,7497,408020,4,5,4,4,4,5,5,8,39
6RT1M2G24,蓮ノ図書委員,K7LC46V5M,Link！ラ部,814,0,7498,407930,4,6,6,9,7,7,5,7,51
1GLHYUMTW,ひろし,4UX466G0X,まったり,542,2,7498,407930,10,7,7,9,1,7,4,4,49
1FP68ENTP,あるが,762FM3JV4,一蓮托生,556,0,7500,407750,8,6,7,9,1,6,8,7,52
M1BR04171,Chicken,A6XF7K90J,EN▶こ.こ.こ,503,0,7501,407660,2,10,3,2,1,4,7,4,33
F8GNHAKXC,あてぃしがに,VD7N7A4WH,氷青色,499,2,7501,407660,6,2,10,6,3,9,1,5,42
44YJV86EP,ユキ,YJNWBA8F6,梢推し隊仙台支社,1199,3,7503,407570,7,6,7,6,8,10,8,10,62
2HX308PNH,swfans,7MXXR7UBG,放課後リンクラ部,197,0,7504,407480,1,3,4,6,1,5,1,5,26
9MQL7VKHH,MuhKuhさん,PDMPF3VVV,r/LL,1022,6,7505,407390,2,4,4,10,6,8,2,8,44
7GSMLN9ZZ,りんごジュース,WLFW6UCX5,無敵級ビリーバー,1514,6,7506,407300,7,6,7,9,4,8,7,7,55
FBYAS83ZO,そーすい,YLJ2PP4X4,全日本謝罪同好会,667,1,7507,407210,1,1,1,2,1,1,1,1,9
6E4BLG78B,Lv1,74HPWML1R,VALORANT,994,7,7508,407030,3,6,10,8,7,8,7,7,56
LAMEWK26F,おくりびと,N4A69PYCN,無課金ソロシップ,128,0,7509,406940,9,8,7,8,3,6,4,8,53
UJU4N843X,みき,WNMCNJ62M,チームまったり,1023,8,7510,406850,8,6,7,6,4,7,5,7,50
KFDJ9U6YT,machina,0JY7F3EKU,さやか愛でる会,1167,11,7511,406760,4,2,7,9,7,9,6,7,51
RFM6CC6EM,おおはし,9D722M8KC,蓮ノ空同好会,805,0,7512,406670,7,6,6,6,5,8,6,7,51
DUXUGNT0M,Badend,DFXN9DB2H,どんぐり共和国,1188,18,7513,406580,1,2,5,4,5,1,5,7,30
822D7LTUJ,リンノフ,YHWN0NJ03,ドカ食い気絶部,894,0,7514,406490,4,4,4,7,7,8,5,6,45
21YFWJ0TD,からあげ,J5FJNX88N,無言,777,4,7515,406310,5,5,8,8,6,4,7,1,44
50G4MLG6E,がっくん,TCTEAMP9C,虹ちゃん最高！,1133,9,7516,406220,7,8,6,9,7,8,7,9,61
1KNN6NLMA,Sora,AWFDLJ1HC,小蓮花（重生版x,303,0,7516,406220,1,2,1,8,7,7,4,7,37
B83K8O1PA,町屋あいす,07WB1G7UT,松照如,1307,11,7518,406040,1,1,1,2,1,1,1,1,9
E7DC5L8BD,you1,3194B9E93,初心者寄り合い所,563,0,7519,405950,1,2,1,3,1,1,1,1,11
22YY2M6K0,らもーる,L3NN1RWMY,アポロベイ海賊団,1186,4,7520,405860,8,8,7,8,7,10,2,8,58
ER78W6H1G,たころう,5TWR9PV56,アラフィフ,1166,1,7521,405680,7,2,9,8,7,10,6,10,59
H1E7FK9KU,チャオプラヤ,2DYYAPFVN,蓮っ子村,1107,2,7522,405590,7,7,7,7,7,10,10,9,64
JM76Q2YST,あゆ@,LKFW0NTVG,無所属,1311,0,7523,405500,7,8,10,9,7,9,7,10,67
B1FF27BYY,Deer,XVTV7MVCX,雪月花,365,0,7524,405410,10,8,8,10,6,8,10,9,69
EZ9M088YR,sij,HB9AU9DJJ,聖心党,1177,0,7525,405320,8,7,7,9,7,8,7,9,62
YLHJLWAGZ,AIYU,KHAKJKC0A,のんびりまったり,1135,12,7526,405230,7,7,6,8,7,9,6,9,59
2Y6WYRUET,まんぼう,23PGPJ3NV,蓮ビギナーの集い,1056,2,7526,405230,9,4,4,2,1,5,8,7,40
Z7NNNRGFD,おがさわら,2JK7E4115,ラ！推し,1277,6,7528,405050,10,10,10,10,10,10,10,10,80
5REHFWDD1,まろにずむ,6FWRD1K40,いちじょ海賊団,1038,11,7529,404960,4,2,4,6,6,10,5,2,39
U8YXU1U9X,高咲侑,JRAC1HYUD,SPHS-MMT,1142,12,7530,404870,7,8,8,10,7,9,5,10,64
G743E516G,八木大輝,6UAFKBRPN,リンクラ初心者部,1072,14,7531,404690,8,9,8,10,6,9,10,10,70
6427PN7XC,ユージン,PMME7169X,蓮っ子動物園,552,2,7532,404600,6,5,3,8,10,4,2,1,39
D7WMA5YFY,三船　栞男,CCACL2CMM,無限城,428,0,7533,404510,7,6,4,9,7,9,7,8,57
HW6FCXDYM,(・8・),57UT319NN,蓮ノ空同好会,836,2,7533,404510,8,4,8,8,5,6,1,4,44
9XLB2UW6A,ぎゃいあ3,0B8RTHY4D,のんびり屋さん,1029,3,7535,404420,7,8,7,9,4,8,4,7,54
1QF9NENI8,テス,72J5PWU5K,ライグラ待機室,1378,8,7536,404240,10,10,10,10,10,10,10,10,80
5GJALCY6B,おとう,6B79AJXNY,こんめぐこんこず,799,0,7537,404150,7,6,6,7,5,8,5,7,51
PH2W06E24,ﾈｸﾗﾑｼ,PH0YEPJD8,蓮ノ空北國金沢,1222,11,7538,404060,4,6,6,7,7,7,8,9,54
J7FF7YDGP,とらが,DKPMRA0TA,蓮ノ空奉仕部,296,0,7539,403970,2,2,1,3,1,1,1,1,12
C1M48C14N,のなし,HBK6KCRPP,無言でおけ,1073,14,7540,403880,5,6,7,8,8,7,10,10,61
EN71M6133,ふなやん,F56XEUUBE,みらくら自習室,1074,2,7541,403790,7,5,5,6,6,10,3,8,50
52YGRHYTT,たまかぜ,HK0E91U71,放課後写真部,1043,4,7542,403610,2,6,5,7,7,10,7,10,54
YUN9K3JMN,灯里,6C9R15BLY,スクスタ避難民,1339,18,7542,403610,9,9,9,10,9,10,9,10,75
LKAEJRRW1,LЯiver,U82BH95YE,蓮ノ休日党紅茶会,1143,12,7544,403520,7,6,6,8,5,8,5,7,52
HUREN9CYS,サキ,KND3T7056,ぽかぽかモガの村,1199,2,7545,403430,1,1,1,2,1,1,1,1,9
TNUADDPH6,オレマン,ATB27G5P2,おこめ茶寮,800,0,7546,403340,1,1,4,2,2,1,1,1,13
WH7UTUYH6,機亜,R9T0YKDW8,かちまち応援隊,944,7,7547,403250,4,2,4,4,4,7,4,4,33
34H7XGK84,ネロ,FNMV166UY,蓮ノ空喫茶部,1448,10,7548,403160,6,8,6,7,8,10,9,9,63
WT687TQGA,ゆだん,G8F0M2PH2,アフターウォール,975,4,7549,402980,4,4,6,5,1,4,6,5,35
JVLUTTU8P,愛知のカトウ,30YM43CUC,蓮ちゃん好き,515,0,7550,402890,1,2,1,4,1,1,1,2,13
4Y81LR241,ハス塔（とう）,F2CFWVMY9,藤島め組,1465,11,7551,402800,4,2,2,2,4,1,1,2,18
PHA11LU4R,SHIDA,HMBW9DXY2,蓮好き皆あつまれ,1187,13,7551,402800,8,7,7,9,8,9,7,8,63
FUVH8H1TP,ゆうや,FH54A1HEX,陰のラブライバー,490,0,7553,402710,8,8,7,10,5,5,4,5,52
BLDOER78B,スオク,2JK7E4115,ラ！推し,997,0,7554,402620,4,2,2,8,5,8,6,6,41
J3QGR8GL2,にゃがと,X7UEBBF7R,気ままに,948,4,7555,402530,5,6,10,8,7,4,4,7,51
FFGIOIHH8,日守咲夜,VP0K6KF0K,蓮ノ空大好き!!,1266,7,7555,402530,9,7,7,6,7,9,7,9,61
UHLB6W1XR,花繁,YL2ELYC4U,さや…好きだよ…,152,0,7557,402440,2,3,2,2,2,9,3,4,27
NJ0MQ1DHM,たっつー,R4VYM1CGH,村立お野菜農園,1171,14,7558,402350,7,6,5,8,6,10,6,9,57
8TBVC6670,まんまるぅ,FVJFA973A,月猫愛好会,1000,6,7559,402170,3,1,4,3,7,9,8,3,38
AYVH8K6HG,カッピー,CM5THHYHB,「」ノ空だけれど,1043,2,7560,402080,7,6,7,4,7,8,6,9,54
B8G52UT5Q,火鱗,TTDBXERCU,蓮ノ空 全力応援,1114,2,7561,401990,1,2,10,5,1,5,4,5,33
C1MF4TITV,すみめぐ推し,DHKUGEWBJ,めぐ党虹ヶ咲支部,958,4,7562,401900,4,2,1,8,4,5,5,9,38
BG39OTYMA,アリス,57HNJ07NK,みらぱ推活最前列,1141,12,7562,401900,6,7,6,4,5,8,5,7,48
61PDRPTPT,シャチ,7RBMBBY88,瑠璃色金魚,472,0,7562,401900,1,3,1,4,3,10,1,1,24
AAH3VDC1G,utx_stu,4638YK7G8,四高芸楽部,1089,7,7565,401720,1,5,6,6,1,8,1,7,35
N7HMC4M72,でん,D7UA5ER1E,UR報酬欲しい！,1053,3,7566,401630,7,6,6,7,6,7,5,8,52
9PVC0G2DR,あゆまる,140KD31KJ,個人サークル,440,0,7566,401630,9,6,5,5,5,8,5,7,50
34HJLY55X,メビウス,W9E6JNBNC,蓮信クラブ,1356,1,7568,401450,8,7,8,10,7,10,8,9,67
M4TVF2F7G,アポタ,P0U5KLWWW,ライグラ報酬部,642,0,7569,401360,8,6,9,10,6,7,7,7,60
EXI22U5ZR,R,B2KV0EVPD,蓮ちゅきクラブ,1469,7,7570,401270,1,6,5,2,8,5,1,8,36
VPNW72RWY,紅茶の国,NGMU0511T,無言のお茶会,986,1,7571,401180,7,6,7,3,4,10,5,5,47
CBWPKB2G3,紗由,5L5TJF7YV,蓮ノ空女学院寮,520,0,7572,401090,4,6,5,6,1,4,1,6,33
S60C8RNFN,きゃろ,K4TAHF9YA,はすっこ準備室,992,9,7572,401090,4,4,7,2,5,7,5,8,42
IAYIQ5MJS,タマゴサンド,ABALH0AL3,楽園計画,988,8,7574,401000,7,7,10,8,7,9,6,8,62
8TTDXFM38,手箱,XE8513HNP,喫茶カワウ空✨,754,0,7575,400910,1,2,10,6,1,2,5,5,32
6JKSIP7WS,えずはち,6BFC4G5YG,蓮ノ空足湯同好会,1183,2,7576,400820,7,7,7,8,7,8,7,8,59
AKC093Z20,りんか,GR65FP8VN,蓮好き,819,4,7577,400730,7,2,3,2,4,5,1,5,29
IVUS3BZDE,バレパンマン,LRKRUR21F,ちゅけバフ,858,1,7577,400730,10,6,10,10,7,10,6,5,64
BPITGZP3Q,あまてんか,2KJ2UEC3P,ういちゅけクラブ,1329,7,7579,400640,6,6,6,8,6,7,7,8,54
VQTTBJHQ1,ティナ,8UJNTV5BX,のんびりと部,1018,9,7580,400550,10,7,8,10,8,10,8,9,70
9N1XDE8R4,よーすけ,4URND90YY,参加賞狙い,586,0,7581,400460,4,2,5,7,1,4,4,4,31
98SDWDJ2G,まるりん,G2B2TC3PK,iLiFE!,666,2,7582,400370,2,2,1,2,10,4,3,3,27
SQEXZEJCT,MistRain,G1AFM0R9A,蓮ノ空釣行部,979,0,7583,400280,7,6,6,4,5,6,4,7,45
8LENGJSQS,ヒイロ,LK3P80BUN,スリーズブーケ党,949,1,7583,400280,9,9,9,6,7,8,7,9,64
FJFV5LA61,アースト,NRPBG5WJD,てふてふ,1028,9,7585,400010,9,8,7,10,10,8,6,10,68
NCVAFWM7G,咲花,06DCWC1RE,とりあえず参戦用,1268,15,7586,399920,8,8,7,8,7,9,7,8,62
6X2TR1F1E,Ｆ・ゼルヘス,H6VGDDCD1,朝は緑茶,922,2,7587,399830,5,4,9,8,7,6,7,9,55
6LA978CGU,黒木,WBW66DMUB,るりめぐ研究所,974,2,7587,399830,1,2,5,2,5,5,4,5,29
E0EHXNWLE,リンクロス,KFC62L0FV,ねるねる同好会,1230,10,7589,399650,10,4,5,10,7,9,8,10,63
CTMB5UUCX,テラナイト,M6UPWJ6DU,蓮結ぶ虹と星の音,1056,4,7590,399560,4,4,4,9,5,10,4,5,45
ANVX1T7AU,なちぴ,5JA9K5FAK,オタサーの姫芽,396,0,7590,399560,3,4,5,2,4,5,4,2,29
C9ZXL5AO2,こなつ,59AK7LJ7A,とりあえず,1157,1,7592,399470,7,7,6,7,1,7,7,5,47
LBL7TEABX,モーニングサーブ,6C9R15BLY,スクスタ避難民,1067,1,7593,399380,10,6,9,9,7,9,9,7,66
20R7WPWSI,M,WJFRWVXDE,蓮ノ空情報処理部,969,0,7593,399380,4,6,6,4,4,8,5,4,41
HMLFQ86Z0,ジェノサイクス,W09WBG3HY,どろんちゅ,1467,6,7595,399290,10,7,8,8,7,10,8,10,68
6B7KHGGXB,グリンパーチ,427WENUC4,心の癒し～蓮ノ空,275,0,7596,399200,3,2,4,3,1,1,1,2,17
KGVM05P8E,おまごん,C8A9CTB34,蓮ノ空山岡家部,1171,16,7597,399110,2,2,10,4,2,5,2,9,36
0FLL8B1LP,きらら,4WWM4VVDK,蓮ノ空遊戯開発部,958,1,7598,399020,5,6,7,7,4,7,5,7,48
BYFT0J4T7,ハタナカイザー,N7GLY2RUW,百生銀行,441,0,7599,398750,1,1,1,2,1,1,1,1,9
GU4N9Z3T5,四方山,57HNJ07NK,みらぱ推活最前列,873,4,7600,398660,1,1,2,7,4,9,1,1,26
UWF5L79PX,にじみかん,FTY0R8KPH,泥の皆様,1127,6,7601,398570,7,2,1,2,1,9,1,6,29
U38CWGV7P,Yunomi,Y2R7E79U3,カワウソ同好会,1004,1,7601,398570,6,5,8,4,4,5,4,7,43
LWKC403V7,1OOOK,EYEPHE14G,花上梢頭,920,0,7601,398570,7,6,6,4,5,5,5,7,45
UJ96N5M0B,コウ,JH5FX56N2,のんびり,947,3,7604,398480,7,6,5,9,5,8,4,5,49
3VDMM128A,いの,LUDNM40F8,ふくふく無言OK,1122,13,7605,398390,9,6,9,10,5,8,7,9,63
UKYBOV1V3,ぁぃみ,PHMJLJY5E,ラブライブ愛好家,545,0,7606,398300,4,6,8,8,7,10,4,7,54
4AMD348H5,uika,FVJFA973A,月猫愛好会,271,0,7606,398300,5,5,4,3,2,6,4,10,39
P8VNMLGW2,こんぱん,UX96YX4T1,『位置について』,482,0,7608,398210,2,2,9,5,2,1,2,2,25
VTHR0MGDH,ayu,DMDVHGFUG,インドネシア仲間,368,0,7609,398120,4,3,2,3,1,5,4,3,25
EHKVPF1A0,みなぎ,V29NBHRHL,自由気ままに,1097,7,7610,398030,8,5,6,9,5,7,8,8,56
B138PCVAY,空ノ桜,3A63DYH54,LLすこすこ部,687,2,7610,398030,4,4,1,4,1,4,5,7,30
4L1M04G7P,ユウ,JRAC1HYUD,SPHS-MMT,251,0,7612,397940,7,4,6,9,2,2,4,5,39
AW1YKJ8HD,泥田坊,U57VPUTEE,ゆったりクラブ,1557,11,7613,397850,10,8,7,10,10,10,9,10,74
04P0W791X,KAMAro,2L4HJXUUR,アマ研ガルパン班,1120,7,7614,397760,4,6,6,9,7,9,5,9,55
P2AJTNYBG,ダイソン,2PVYU5V33,ライブに行き隊,711,0,7615,397670,5,4,4,7,4,3,3,6,36
FKSH83QL8,「シビ辛」,LX25CP0TG,深夜の芋煮処,1072,4,7615,397670,7,7,6,6,4,8,7,7,52
VLVH8HAVC,mityuren,WLFW6UCX5,無敵級ビリーバー,1358,15,7617,397580,6,6,7,7,7,10,9,8,60
XVHNRFCG8,フロンタル,M67ACEP3M,オーバーブースト,747,2,7618,397490,5,2,4,8,4,4,3,1,31
MAH780W6U,ろな,BKUHCT7WF,蓮女お嬢様部,1060,0,7619,397400,4,4,7,7,5,7,4,6,44
BK3YJ70CX,しょれべー,5L9GNT78V,叶え！私達の◯◯,659,1,7620,397310,10,4,4,10,1,6,1,10,46
OPDTOWH9K,あかひろ,5WUDLMWEP,蓮ノ空は明日ノ空,1029,1,7621,397220,9,5,4,8,1,5,5,8,45
P2ZEZIQ73,二次元人,3LPBPHL3V,壁の民の伝説,1116,8,7622,397130,1,4,6,7,5,9,6,8,46
V03A5KKW1,ヒロロン,JY79RPB1D,リンクラゆる部,1264,9,7623,397040,7,7,8,8,7,8,8,10,63
ZLF0OVQP2,かもめ,HKKCM3W4M,かほ姉の集い,883,2,7624,396950,2,2,2,7,6,8,1,8,36
XJ1CPG6FN,たくさん,48GTYR1VB,ハラショー！,722,2,7625,396860,5,2,3,4,1,1,1,1,18
52RTXUFZ1,けら,TKVR3KU7L,ネギトロTKG,958,1,7625,396860,5,2,4,5,1,4,10,4,35
Q9HU8YL97,こてつ(・8・),6BFC4G5YG,蓮ノ空足湯同好会,1146,0,7627,396770,8,6,6,9,5,7,7,8,56
27WRNTT1B,ya_4792,AVY8PECF0,初心者の集い,368,0,7627,396770,10,6,10,6,8,7,6,7,60
QQNIII9Y6,_φ(･_･,PUJ0ERCMW,蓮ノ空倶楽部,1195,8,7629,396680,2,6,5,3,5,7,10,5,43
MT193U4NG,yusa_rio,PD80VCP5N,虹ヶ咲学園,949,1,7630,396590,7,6,4,7,5,5,5,7,46
YLBYPNKNR,りなりー,DHKUGEWBJ,めぐ党虹ヶ咲支部,879,2,7631,396500,2,6,7,9,5,5,7,9,50
9BVGW3WYE,つかちゃん,R36E2402X,蓮ノ軌跡見守り隊,1157,13,7631,396500,8,5,4,10,7,4,7,9,54
3X1BVGTUX,あまとう,5V9TDD4NF,みんはや蓮ノ空部,955,0,7633,396410,2,4,5,6,7,9,7,8,48
UD6F8OXH8,しろねこ,0CEA9XFKR,蓮ノ空の泥人会,846,5,7634,396230,1,4,8,9,5,7,2,8,44
X4GZKVV68,あずべるで,KT4C59NXG,めぐ島,1536,15,7635,396140,1,2,1,2,1,1,1,6,15
WL5Y1B1KY,くずり,PUJ0ERCMW,蓮ノ空倶楽部,1158,3,7636,396050,1,2,1,2,1,1,1,1,10
B7L61USC4,やぎゅーし,HBM31HMUY,YUKIZURI,1129,3,7637,395960,2,8,4,2,4,1,1,4,26
E65C882VG,キャメル1号,HKM402U9B,お野菜さんSSC,233,0,7638,395870,8,2,6,10,9,10,1,7,53
4NM6JJVHD,電卓,J0N1E3Y09,月火水木金土日,1164,3,7638,395870,7,6,6,9,7,8,8,10,61
PWU8QZZ6O,あさま,KB5BFK7J6,おはめぐ党本部,1214,8,7640,395780,9,6,6,6,5,9,5,9,55
4WL97J2RY,たちかわえにし,0NLHKATWL,生きてるだけ偉い,618,1,7641,395690,8,3,7,4,2,7,5,10,46
KWHHL1989,Yuichi,U57VPUTEE,ゆったりクラブ,871,4,7642,395600,3,2,1,6,2,2,1,4,21
DD58G93VJ,坂本/えふぴー,VU0UYYA8K,蓮ノ空日野下厩舎,726,0,7643,395420,7,5,7,8,4,7,4,8,50
5MK101XEK,いろは,K69M1X95F,アイリス,1025,6,7644,395330,7,5,6,6,5,8,7,7,51
O4EZHXR7M,なつめ,T045NDKW0,♬さやか愛好会♬,756,0,7645,395240,4,4,6,2,1,7,1,6,31
H89NNWM70,如月,7J3DF36RX,綴理しか勝たん。,466,0,7646,395150,2,2,1,9,1,5,1,1,22
XKNDFW2YV,ノコ,8M2MFU9U0,リンクライブ,1341,7,7647,395060,9,4,8,9,4,9,6,10,59
APEEADBAQ,hanaron,4RATY4E84,DC大好きクラブ,1044,7,7648,394970,5,4,7,7,5,7,4,7,46
HMYBTUWBP,グロケン,YMKU30246,参加賞がほしい,431,0,7649,394700,6,5,6,8,4,7,5,7,48
1890L558Z,IADL,3LPBPHL3V,壁の民の伝説,1048,8,7650,394610,6,6,7,6,7,10,4,8,54
U7VY7MM9L,はるまる.,UX96YX4T1,『位置について』,269,0,7651,394520,1,2,8,3,1,5,1,1,22
1XKH0A405,きょす,0CEA9XFKR,蓮ノ空の泥人会,199,0,7652,394430,10,10,10,7,4,10,4,4,59
7L9MJBRL9,マックリ,JFNKGWBVV,ダブルマック,1207,9,7653,394340,7,5,6,4,5,7,7,7,48
DVJVLE3P5,hasu,6MWHCNJE8,蓮之空小賣部,383,0,7654,394250,9,7,7,7,5,9,5,7,56
707HTAY43,オタワ,VNEY6C9BE,スリーマーメイド,982,3,7655,394160,6,7,6,6,7,9,5,10,56
KJWG2F1VM,らうんど,4JEY5APBM,ウイ憂初WIN,469,2,7656,394070,3,2,9,6,2,4,2,5,33
JZAJDVW5Z,FREYA,VY26V3P0K,AltF4され隊,805,2,7657,393980,6,2,1,4,6,7,3,6,35
RDY0PFJ7R,south,0V99GN8YT,（仮）,1079,3,7658,393890,8,7,6,8,6,9,8,8,60
XVYIJ9LNI,ハーミン,K2L5DCVNR,REAL,1123,5,7659,393800,7,6,5,7,6,8,6,6,51
3BAM2WXKF,かず,YVV9CMBLW,東京公演で沼落ち,191,0,7659,393800,6,8,8,2,4,7,5,5,45
MYPGLFP9H,ザッハトルテ,LX25CP0TG,深夜の芋煮処,952,0,7661,393710,4,6,6,5,4,7,8,5,45
T9X357GJG,アクアマリン黒澤,EE4BKR0AR,まったりプレイ,967,3,7662,393620,6,6,4,10,7,7,6,7,53
IKCHP3S44,カタクリ,9FF5JBNDF,めぐすきクラブ,1156,4,7663,393440,4,2,7,9,8,7,5,10,52
CGCULH80A,jv,75UJ5RB97,蓮ノ空雪野球部,1209,2,7663,393440,8,9,8,9,7,10,10,10,71
L6CCJ396P,もってぃー,Y2P9LABR2,スクステ同好会③,1535,18,7665,393350,7,4,5,7,5,7,6,7,48
CBEB8TH1H,りーり,HBM31HMUY,YUKIZURI,1190,2,7666,393260,7,2,2,7,5,4,4,7,38
PPXJNLDVX,とり,M6UPWJ6DU,蓮結ぶ虹と星の音,1112,18,7667,393170,3,5,6,9,7,8,8,10,56
W4FVHKW62,お砂糖,L3NN1RWMY,アポロベイ海賊団,1016,0,7667,393170,5,7,7,9,7,9,5,6,55
176GXTAW6,英梨,XA0XD41CM,ぼっちぼっち,551,0,7669,393080,10,8,10,10,8,10,10,10,76
2C2FMH9BP,火焔灼熱,DVHH1UEHK,ミリしら蓮ノ空,1134,2,7670,392990,5,4,6,5,6,8,7,5,46
BYBNN2GE3,レヴィアタン,1KDUBW4HB,めぐ党0番,982,2,7671,392720,2,7,5,8,6,9,10,9,56
TC6LL2FAA,くさの,DHKUGEWBJ,めぐ党虹ヶ咲支部,1110,12,7672,392630,8,8,8,10,10,10,9,10,73
M20400WPH,キン肉アタル,ANCNM0UPK,スクスタ適当部,410,0,7673,392540,6,4,6,6,4,4,6,3,39
8PEU779PC,ヒロ,427WENUC4,心の癒し～蓮ノ空,1070,5,7673,392540,7,2,3,3,2,1,5,8,31
0BWUJ82CV,とんと,7G23BHH2H,とんと,677,0,7675,392450,7,4,4,8,4,7,5,7,46
Z2TACEI6K,やさん,NA8FEYN0M,蓮ノ空飲酒クラブ,1112,8,7676,392270,8,7,10,7,8,8,7,9,64
OLDO1U5RH,さく,07JW71HWG,良いチケで観よう,1414,7,7677,392180,7,4,10,10,5,10,8,8,62
W2R5M4U5H,s,KC1W74B9B,蓮六園,1020,7,7678,392090,8,6,8,7,5,5,8,8,55
1FJDDPKG3,あくまち,NLTAB4BLF,蓮ノ空ゆる活動部,724,5,7679,392000,7,9,1,8,4,10,5,4,48
OWXNRXL4H,あかさたな,NMT63RUDV,泥村,1369,6,7679,392000,10,9,9,10,9,10,9,9,75
2K55R3MK8,小唯,AGJ215YND,蓮の空中國分校,965,3,7681,391910,8,4,5,6,5,9,7,8,52
CA4YKPTCV,めいらん,HKETDDCK6,ぼっちざ蓮!!,912,3,7682,391820,7,4,6,4,5,4,5,7,42
YDWD2ANQZ,トッシー,GC3MH39TA,寝そ部,1445,17,7683,391730,10,10,10,10,10,10,10,10,80
26EXTX1CC,なすび,61UTNTRU1,初心者さん,1003,6,7683,391730,10,2,10,2,7,5,3,7,46
S7K19X7LZ,Yamane,BDD8R1HDD,蓮の花を見る会,922,2,7685,391640,5,4,6,6,7,5,8,8,49
BAAJV8L94,しぐま,3LPBPHL3V,壁の民の伝説,671,2,7686,391550,2,2,5,4,1,4,4,3,25
0HXAM9YW1,(新）急6520,FG4170141,♪さやか愛好会♪,406,0,7687,391460,5,2,4,2,1,1,2,1,18
R80M776XY,カナメ,GVT61ATX0,なのだけれど,936,6,7688,391370,6,5,4,7,1,5,1,8,37
OGOGGLUSX,剣乃,NB0HX9KP8,かほてぃあん,1010,0,7688,391370,7,6,7,7,4,7,7,7,52
SCYQFSZVZ,くっちゅん,FMKP92LRL,目が霞む人達,1158,18,7690,391280,9,10,10,10,10,10,10,10,79
6MRW4X6PU,バーニィ,TR057C1UW,蓮ノ空ぼっち部,1126,4,7691,391190,8,6,7,6,5,7,6,7,52
RKR9PA88R,ミクっち,WJY2HK6A5,蓮の空イベント部,481,0,7692,391100,3,3,4,3,1,1,1,1,17
24L7O62K2,もりこ,JY79RPB1D,リンクラゆる部,1102,4,7693,391010,2,4,4,6,5,8,8,8,45
JLY3RZCEA,ひさしん,XLBU65J86,花の壁飾りクラブ,1396,3,7694,390920,10,8,8,10,8,10,10,10,74
YXELCDTC5,みそしる。,1YLFFXC1E,安土桃山時代,1139,9,7695,390830,4,7,6,6,5,7,7,7,49
Y3MI2K1FV,とるねお,LJMD3TWBB,道の駅蓮ノ空,1108,5,7695,390830,6,6,7,10,5,8,4,8,54
PL6BHY99K,ヒロヤ,FG4170141,♪さやか愛好会♪,1190,5,7697,390740,7,6,5,8,5,7,5,7,50
1I7MB8I5C,べんべん,HBM31HMUY,YUKIZURI,872,1,7698,390650,5,6,6,9,5,7,4,8,50
0K7GPY1C5,Alina,0CBM28JP6,ほうき星,840,4,7699,390560,4,2,6,8,5,8,6,7,46
1IZMAONZ7,ふー,LFB48H6MU,超初心者の会,714,0,7700,390470,6,2,4,3,6,1,1,4,27
R2LZF7HZ6,さんはち,998H940YN,お嬢様筋トレ部,876,0,7701,390380,2,1,1,3,1,1,1,1,11
TUA46NLU3,ふたえ,RXX0XLA5D,ふたえのきままに,930,4,7702,390290,6,8,6,8,7,7,6,7,55
99AGGL0OG,まはろ,26JDLMBLN,徒町は強く生きる,954,4,7703,390200,1,2,2,4,4,5,2,9,29
YDR6JY5M6,しろ,AWFDLJ1HC,小蓮花（重生版x,485,3,7704,390110,1,2,4,5,1,1,2,3,19
95JLGM5UL,フォアグラ,F7Y0XP6VY,梢先輩大好き軍,670,4,7705,390020,9,9,1,3,4,4,2,2,34
1BP7JNK54,ユリ,BEMED3RY1,無言無課金ok,924,2,7705,390020,6,5,5,8,7,8,6,10,55
RVJKCLMH2,銀華,HN777M51H,今泉総本舗,1455,2,7707,389930,10,8,8,9,7,9,8,10,69
Y4ZL5F743,あかつき,Y2HV0YEF7,蓮ノ空を応援し隊,1303,14,7708,389840,1,2,1,2,1,5,2,2,16
OHQ0W366D,あき,YVV9CMBLW,東京公演で沼落ち,1021,11,7709,389750,8,7,10,10,10,10,10,10,75
MSY645YUB,いい,F2M746D4B,頑張らないクラブ,1235,12,7710,389660,9,5,8,10,7,8,8,8,63
YYN25MQ7V,うゆピ,G6EH0KHT7,なんもわからん,1028,6,7711,389570,5,4,5,5,7,8,7,5,46
88SN27BQ9,johnny,BKUHCT7WF,蓮女お嬢様部,1091,13,7712,389480,2,2,1,10,2,7,7,8,39
CV2KL1L87,ノエル,VLY5JDKCV,新規なのだけれど,748,0,7713,389390,3,2,4,8,4,5,4,4,34
EELGJBHDB,みっきゅん,RM7N1JDB5,無言推奨不干渉会,1106,5,7714,389300,2,4,4,6,1,1,9,7,34
LT5FUEYV2,QWERT,GGCKK69C9,リ　ン　ク　ラ,625,0,7715,389210,2,3,1,7,2,2,4,1,22
7HM9D0CR1,alkaline,38KAJGDGU,異次元シャニP,398,0,7716,389120,6,4,8,7,5,8,5,8,51
DNVKGHRHL,ぴょこぴょこ,1UBNNHVLG,蓮箱推し（仮）,884,4,7716,389120,1,2,4,3,2,1,1,1,15
OX705ZOAC,ハル,1GJRB2L30,地元愛蓮沼団,1308,5,7718,389030,7,4,10,8,5,10,10,10,64
NCXCGZQC3,Hajime,BT3GEWM5L,ささやか村の集い,1144,2,7719,388940,7,6,5,7,7,8,7,10,57
MX343ATFV,JEI7,LC2RN5R2U,いずみんの泉,485,0,7720,388850,8,6,7,8,8,10,10,10,67
64FN4MF5F,Taka,5VBB4F8N2,灰色ペンギン,692,4,7721,388670,4,3,2,3,1,1,3,1,18
XNK8LXTK7,あまくち,KXB93FVTR,ブルームガーデン,1012,2,7721,388670,5,6,7,8,5,7,5,7,50
0M1XM75NN,ナカセン,MUXWTW1GV,蓮の空見守り隊,856,1,7723,388580,5,8,5,7,5,7,5,4,46
EKRYL5KG6,音色,57UT319NN,蓮ノ空同好会,265,0,7724,388490,3,4,5,10,3,3,1,3,32
LA1VNRF40,大福ほっぺ,53NYG615U,蓮ノ空飲酒愛好会,880,0,7725,388400,4,4,4,2,4,5,1,1,25
G7ATTD4TW,澪,PLBBEX019,待機室目指し隊,1220,0,7726,388310,8,8,7,8,4,8,7,8,58
V9RNSMWIM,いかわ,HBCC35887,そりゃー!!!,1342,6,7727,388220,10,6,4,6,1,9,9,8,53
ACKNN1LA0,西住流,G8EE23LB9,虹ノ空クラブ,1039,5,7728,388130,2,6,1,10,5,7,1,9,41
EM89XFV5T,Nao,RWG56GK19,e+本社ヲ爆破ス,1209,7,7729,387950,9,8,8,7,8,10,8,10,68
810H1732U,起煥,DW13FCXPT,Mulbungs,1176,13,7730,387860,7,7,7,10,7,10,7,8,63
AU9ULCR63,野々方 守,RLCCC50JA,【驚寒の殿堂】,996,4,7731,387770,5,6,5,10,5,7,6,6,50
ULV5VGUHB,ましろん,HKETDDCK6,ぼっちざ蓮!!,671,0,7732,387680,6,8,8,7,3,8,5,10,55
N9L807LRC,にちぼつ,YTK29NJ0X,よく分からん会,595,3,7733,387590,7,2,10,10,5,5,9,8,56
JHM374CCD,カツどん,9E910GGD2,蓮ノ空給湯室,502,0,7734,387500,9,7,8,9,10,8,4,10,65
JB20RLU7Y,なおえ,BBNEWB1UA,蓮ノ空紅茶部,800,0,7734,387500,7,6,1,2,5,4,4,7,36
H4PN6L5DP,いろはす,YLJ2PP4X4,全日本謝罪同好会,730,2,7734,387500,2,4,1,7,6,5,5,6,36
MUHIPQX96,ゆづ,TCTEAMP9C,虹ちゃん最高！,882,1,7737,387410,1,10,8,2,1,9,1,1,33
E4WTTYGKN,しらたま,E050K9859,蓮党,1079,12,7738,387320,8,6,10,9,4,7,5,7,56
3Y2YMWFNC,かんこな好き,7XH3K4GBT,LLP,1004,2,7739,387230,7,7,8,7,7,8,8,10,62
19J3NKF1N,りよるま,R9T0YKDW8,かちまち応援隊,738,0,7740,387140,7,6,6,8,8,7,5,9,56
2I4NAUEKO,屍母運営,J800VVPTN,Aqours,1172,12,7741,386960,6,5,4,6,2,6,6,6,41
CHGA53CNN,X,976BY5JWK,ハルカカナタ,727,0,7742,386780,5,5,6,6,4,4,5,5,40
LYUHYHVPU,土佐吉行,WJY2HK6A5,蓮の空イベント部,952,3,7743,386600,3,6,7,6,7,5,5,8,47
NTTC141BV,ンゴ,17AEM7PUN,SIFcord,904,5,7743,386600,2,4,5,6,1,6,6,8,38
3TAY9W8T1,moss,1F5EPPMLD,UR貰えればいい,897,2,7745,386510,7,7,5,8,7,7,4,6,51
8IS47YLW8,さくらとーふ,AXG81GPMP,蓮ノ空マタギ部,943,1,7745,386510,5,5,8,7,4,4,1,8,42
N84X8H8BF,Kamiki,4BU2PJLC1,Sky,337,0,7747,386420,4,4,2,2,1,2,1,1,17
DNI39MIF0,ヘルツ,58FD7UF8J,としとしサークル,1189,15,7748,386330,7,9,10,10,9,10,10,10,75
TRINQB51J,㍿2㌢㍍,X45T3U322,アニメ最高クラブ,913,8,7749,386240,1,2,4,7,1,1,5,5,26
UYCB7B92H,キャベツ,KT4C59NXG,めぐ島,1128,17,7750,386150,2,4,5,6,4,3,1,5,30
YR7V5HOCE,ムァーチ,6HV2RH6TU,イベント用、無言,1136,4,7751,386060,5,4,4,6,5,8,6,6,44
I7KM23MK2,パイン,Y5J5Y90CD,まるまるサークル,991,1,7752,385970,7,8,8,7,4,5,6,9,54
0P853D9FN,西表ヤマモト猫,F31A07X4V,蓮ノ空福井分校,452,0,7752,385970,10,6,7,8,6,6,6,6,55
A8JBGU5FX,ろあ！,BT22M41DV,梢花帆吟子同好会,996,2,7754,385880,6,4,6,8,5,7,6,7,49
W1GYB9T1N,この木,TCTEAMP9C,虹ちゃん最高！,452,0,7755,385790,1,7,4,7,1,7,7,4,38
48RBUG2U8,クリオネ,KXMXL2KRX,超初心者,995,2,7755,385790,5,6,7,2,1,7,4,5,37
FYASZLJ96,Ray,U98UKD6RY,異次元フェスP,975,3,7757,385610,7,4,5,8,4,7,5,7,47
FCR56KEB1,Ayuri.GM,N83DW3NYG,†極最強倶楽部†,751,5,7758,385520,6,4,3,4,1,3,2,4,27
3V0KBGJ4J,KISA,T2G89JA59,なんとかなる！,705,0,7759,385430,8,6,7,8,5,7,6,6,53
WXL1LTNX3,Harasin,K7LC46V5M,Link！ラ部,890,2,7760,385340,2,6,10,9,7,8,5,9,56
7M8WR1REU,きしい,X34LWGL6R,サークル2,957,3,7761,385250,1,3,3,5,5,5,7,7,36
80D5DWECJ,いっきち,UMG1B9C7V,蓮ノ空女学院,1395,18,7762,385070,9,8,8,10,8,9,9,10,71
C12ZUAVF0,すぅ,E1HVJ71JR,ご自由にどうぞ,1115,3,7763,384980,7,7,5,6,7,4,8,8,52
O4MFLIOF4,オレオ,DHKUGEWBJ,めぐ党虹ヶ咲支部,1169,12,7764,384800,1,4,5,6,5,7,8,9,45
Y55M0MZD4,IRUKASHO,9YAV17UUR,のんびりスペース,915,4,7765,384710,6,6,7,7,5,7,5,7,50
OUHGX5FP4,普門寺飛優,BUKPFCJCY,TTMC蓮ノ空班,1120,7,7766,384620,7,8,6,8,7,8,7,9,60
X74VL9BPB,アルク,EECF9C0N3,蓮ノ空　茨城分校,1303,7,7767,384530,9,8,8,9,9,6,8,10,67
RZGW4D8WG,事務員の小鳥さん,RTRE9NG1E,蓮ノ空ＳＣ予定地,1134,12,7768,384440,8,6,6,8,6,8,5,7,54
WOSVTCGJE,かな,4RY75CKM4,LLすこ部　メ募,1218,12,7769,384170,9,7,10,10,7,8,7,9,67
HRGJF42TE,yukino,75UJ5RB97,蓮ノ空雪野球部,1194,5,7769,384170,4,2,1,2,1,4,5,5,24
CHBVE7C1X,haruuha,96LWYJ3Y6,無言絡みなし,670,6,7771,384080,1,2,1,5,1,1,1,4,16
3DBNYN3TE,あいね,17AEM7PUN,SIFcord,739,1,7771,384080,2,2,2,4,1,1,1,1,14
47U8ALPRE,くま,96LWYJ3Y6,無言絡みなし,952,2,7773,383990,6,4,6,7,5,7,6,8,49
CCHW46Q9P,さーもん。,1VHNJJHG0,さーもん党。,1000,11,7774,383900,2,10,6,10,5,1,2,5,41
5NH7KYEFF,Shana,DMDVHGFUG,インドネシア仲間,921,3,7775,383810,1,2,1,7,7,10,4,6,38
GT78BV330,白銀(シロガネ),TD87P23DJ,黄昏の旅団,1045,13,7775,383810,7,6,6,8,7,6,4,7,51
IN3IOLM1C,辰@未定,XXVVJY6FE,はぴぱれ,1383,17,7777,383720,9,9,9,10,9,10,10,10,76
YTDGKC8R0,akane,PUJ0ERCMW,蓮ノ空倶楽部,1011,2,7778,383630,4,1,2,2,5,1,3,1,19
2NG5J0C38,かず,M1DLCR0R8,花帆護サークル,469,0,7779,383540,8,6,10,10,9,10,8,9,70
9XWLXXP8L,E.V.,TK9E1BB1P,無言で自由,774,7,7779,383540,5,4,7,8,4,8,6,8,50
C19P1GU7N,秩渠,DMDVHGFUG,インドネシア仲間,313,3,7781,383360,9,6,10,10,2,10,4,5,56
E8Q70BDPA,赤りんご,LUDNM40F8,ふくふく無言OK,1071,12,7782,383180,5,7,5,7,6,8,5,6,49
VTDESX80C,Ryo,MPPDGVPWX,気楽にプレイ中,843,2,7782,383180,6,2,4,4,4,7,5,8,40
CDFT2X7JE,アデル,GJCKB88YE,P&S,703,0,7784,383000,4,9,8,10,5,8,9,10,63
1FLNXUHW4,ぽよ,7MPNTWKTN,Dreamers,761,4,7785,382910,5,2,5,10,4,7,3,10,46
TNN6EC9T3,コスワース,9D1P6AXUR,link-er,718,0,7785,382910,3,5,7,8,7,7,8,8,53
JHM7DJ3K5,akiteru,M2Y673XYD,チーム満足,770,4,7787,382820,8,2,6,1,1,5,3,6,32
25BANM91H,赤い炊飯のジャー,GYJ3C6TKR,綴理先輩好き好き,1094,8,7788,382730,8,7,4,7,4,10,7,8,55
HGNPDWCRK,片桐,G59NGM0XA,シュリーレン,887,1,7789,382640,10,10,10,10,10,10,10,10,80
GNYF50H20,とも,8VGXWTV3U,R.opRizm,1064,2,7789,382640,5,4,5,8,5,4,4,8,43
V5TCEL9WA,唯,NB0HX9KP8,かほてぃあん,1011,11,7791,382460,4,9,1,6,1,5,3,10,39
67YXLX7RB,ゲコ,0NLHKATWL,生きてるだけ偉い,686,0,7792,382370,7,2,1,6,5,8,1,4,34
RXVRJVGPY,なまはむ,EJY6B26D1,After見たい,1231,5,7792,382370,6,2,10,6,6,9,1,8,48
702KAENDD,トシマ,G6EH0KHT7,なんもわからん,892,0,7792,382370,7,6,6,8,5,8,7,7,54
AGBBM8KBP,のりりん,RFY8A88VC,長老連合,783,6,7795,382280,3,2,4,6,4,6,5,4,34
OBKP0N3IO,ほの,2JY96DK53,ねそ,732,0,7796,382190,5,4,4,1,1,4,4,5,28
RB1NLFH48,ツマヨウ寺,AVX749PPB,姫芽ちゃん親衛隊,706,0,7797,381920,10,4,6,8,4,10,10,10,62
L9GURE5F0,Shin,NA8FEYN0M,蓮ノ空飲酒クラブ,1422,3,7798,381830,10,10,10,10,10,10,10,10,80
EMT3R556G,あげだま,UHF5Y8PEF,さやちゃん倶楽部,1132,10,7799,381650,7,6,6,9,5,7,5,7,52
YTUYL20C7,はーごん,T48KV9EP2,無言ぱーく,831,1,7800,381560,1,6,6,6,4,6,4,6,39
G1VN7WPWJ,Gilber,0HB7NEL1U,ItaClub,565,0,7801,381470,5,2,6,8,1,6,4,7,39
PEH0C8XDE,かずき,59AK7LJ7A,とりあえず,479,2,7801,381470,9,7,7,9,6,7,7,10,62
GU83BC4PM,るなてぃっく,998H940YN,お嬢様筋トレ部,1090,10,7803,381380,7,8,9,8,6,10,6,8,62
UKTNTYMFX,うさくま,1618JMRED,リンクラ自習室,975,1,7803,381380,7,7,6,2,4,7,7,9,49
NFEGNL75F,なお,JRAC1HYUD,SPHS-MMT,1199,2,7805,381290,7,6,5,7,7,7,5,7,51
7X2D2IUN1,ああああ,TKVR3KU7L,ネギトロTKG,1205,15,7806,381110,5,3,8,7,4,7,9,9,52
K3MLW8XJE,あましょく,N1DJVPGP8,いつでも咲けるよ,1080,11,7807,381020,1,2,2,2,1,2,1,1,12
YGGMGH33C,Alice,PDMPF3VVV,r/LL,1088,0,7808,380930,7,7,7,8,7,8,7,8,59
VG9JB9A6P,結城,90871BA4P,蓮ノ空候補生,579,0,7809,380840,2,2,4,1,1,1,5,1,17
H3K8LEH2F,遥か,6E27A15ER,蓮ノ空自由クラブ,791,7,7809,380840,2,9,6,5,1,6,4,4,37
CJHCLWNDA,えに,K3LMN5JHH,金沢カレーの皿,1086,4,7811,380660,7,7,6,8,5,8,6,8,55
9D0CT0C1A,ばた,46UP5GKU2,機械さんと仲良く,892,3,7811,380660,2,2,2,1,1,1,1,1,11
4HLTOVZ0Q,カナ,12D1Y66C8,どうしようか,1092,2,7813,380480,5,6,5,8,5,7,5,7,48
UKRD54P03,善法寺,CMEM1LFVJ,105期生の一味,778,2,7814,380390,4,4,4,7,5,5,7,7,43
6GXVNM3HY,よしお,WLLWJ8ADP,乙宗筋肉サークル,609,0,7815,380300,1,2,4,4,1,1,3,4,20
5X1KM7FRF,吉田,37N3TNTVB,推しを布教する処,890,0,7816,380210,9,5,5,9,8,9,7,8,60
L2WUTM028,やや,X87KNX4N3,蓮ノ流星群,714,2,7816,380210,1,3,5,4,1,6,4,5,29
VTI2FERQJ,ぴろ,E7UBFLW56,同好会の同好会,1067,0,7818,380030,8,4,4,7,5,7,5,8,48
A47MC2NSM,coba,BPG4D3VMA,不明,763,2,7819,379940,1,2,2,2,1,1,1,1,11
LA9JL3YF1,ほんたまん,RNJ306W6N,日曜日よりの使者,964,1,7819,379940,5,2,4,6,5,4,5,7,38
NVFA2N86P,絢都蓮,VP0K6KF0K,蓮ノ空大好き!!,1128,13,7821,379850,5,6,6,10,7,9,6,9,58
J7YVH63RB,おにゆり,D3PGC4352,めぐにゃん懺悔室,1358,3,7822,379760,7,6,8,8,6,8,7,8,58
TY8V0CD05,みね,546E85JGG,月猫ぱーく！！！,922,3,7822,379760,4,2,1,8,1,9,1,8,34
RM78Y3VY7,黒澤堕イヤ,UMG1B9C7V,蓮ノ空女学院,641,2,7824,379670,2,2,4,10,6,1,1,1,27
GBE16YUXX,x,AR9HR528A,いろいろ実況,931,6,7825,379490,5,6,10,10,1,9,6,7,54
LW7Y0NXTL,jam,F8MLHU2NV,乙宗梢様､､､,1284,18,7826,379400,10,10,10,10,8,10,10,10,78
JPK201EDD,月夜见海月,EYEPHE14G,花上梢頭,413,1,7827,379220,8,3,3,4,2,1,1,1,23
RF66L0BPS,てぃむ。,RB1MJJ3RA,蓮ノ奏(仮),910,4,7828,379130,2,1,1,2,9,1,1,10,27
6UTG9CK9Q,la55,53M4V2BVG,吟子の髪飾り,1153,1,7829,379040,7,6,5,8,7,8,8,9,58
4YTCLXU3Z,ゐぬこ,0XUV5025C,めぐめぐバブり隊,1218,5,7830,378950,4,2,1,5,1,4,1,10,28
P3KUFWHUX,にくがり,KT4C59NXG,めぐ島,1406,17,7830,378950,10,10,10,10,10,10,10,10,80
3FCZCV4XU,ハヤチャン,AR9HR528A,いろいろ実況,1031,3,7832,378860,2,6,1,6,5,1,5,8,34
C930RLR4W,yunoji,RM7N1JDB5,無言推奨不干渉会,1457,5,7833,378770,5,6,4,4,5,9,4,6,43
NTY2YF2QK,みかぽん,4WWM4VVDK,蓮ノ空遊戯開発部,1453,9,7834,378680,10,10,10,10,10,10,10,10,80
TBP0L30GD,うりゅう,38KAJGDGU,異次元シャニP,1144,6,7834,378680,5,4,6,6,5,7,6,10,49
N8H3WGX9K,ぽン,JHTULVV5P,故に瑠璃乃推し,527,3,7836,378230,7,7,10,8,7,8,7,8,62
ICGNQ43SB,くんくん,L3NN1RWMY,アポロベイ海賊団,974,2,7837,378140,3,2,5,5,1,4,9,7,36
8N5Y5HD1G,スドウ シン,M206VENTF,蓮紺の会,862,2,7837,378140,8,5,10,10,9,10,10,10,72
12GEE74CX,ソー大三角,8MTLYLH9F,木星月華黄金宮,270,0,7839,378050,3,2,2,7,1,4,8,3,30
BMNRNIOU3,ノーラ,J0N1E3Y09,月火水木金土日,1333,13,7839,378050,8,7,5,9,5,8,7,8,57
DXG5TC512,Aile,5PUKC4APK,羅針盤,654,0,7841,377960,9,7,10,10,7,7,10,9,69
WDSFXN9WT,フリテン,6D57FX14W,おらおらぱーく,582,2,7842,377870,7,8,10,10,7,8,7,7,64
5353JJ1YG,ピュアリル,LHPPNHR8Y,ちっちゃいもの部,343,0,7843,377780,2,3,10,6,5,6,4,9,45
PL6JF2FHR,みた,38KAJGDGU,異次元シャニP,826,2,7844,377690,6,3,2,10,6,8,7,7,49
25K0KVW59,赤城,FR5PDRB5Y,株式会社つづさや,612,2,7845,377600,5,5,6,7,1,8,4,5,41
J91W185KW,アクセル,LT9K2FP23,慈党リンクラ部,195,0,7846,377510,4,5,3,4,1,3,3,1,24
08318K6RK,ゆゆユユユウ,NJBBTCY3A,かにかに！,338,0,7847,377240,2,2,1,5,1,2,2,5,20
EMPEHRE0B,チャッキーにょ,BWD9U1EJ2,蓮之空中国同好会,937,13,7847,377240,1,4,2,7,5,6,1,5,31
VVMU5Y9GL,？？？,T2XRMGEAE,蓮根無言会,911,6,7849,377150,4,4,8,4,1,8,7,5,41
NIQRV9NQA,kankon,X34LWGL6R,サークル2,1292,8,7850,377060,8,8,7,7,5,7,7,8,57
COLXLLQAO,しとろん,E58FYF67C,ロータスランド,1383,8,7851,376970,8,2,7,8,1,10,6,2,44
AJUYN21J6,キーマ,EFYYG9TAY,ご隠居さーくる,1177,2,7852,376790,9,6,4,10,4,8,8,9,58
CBU5J24AC,うしろまちむぎ,8VGXWTV3U,R.opRizm,804,5,7853,376700,6,4,6,4,4,1,1,5,31
EJEHECMV2,だいすろーる,AXGGJ4EJ1,所属だけしたい部,921,3,7854,376610,8,8,5,8,4,4,4,6,47
Q5HUL5GIY,OVERWORK,HB9AU9DJJ,聖心党,1185,6,7855,376520,4,7,5,6,2,6,8,9,47
59C1PJ2NW,シヴェ・リア,427WENUC4,心の癒し～蓮ノ空,439,0,7856,376430,2,2,1,2,3,3,6,1,20
AUPDJNC87,タニ,AVY8PECF0,初心者の集い,349,2,7857,376340,10,3,8,7,3,7,2,1,41
SKHU8OJTY,ケン,WPG6BCG83,基本無言,1126,4,7857,376340,6,2,7,4,5,8,9,10,51
P7YN8NHF7,fedal,XA0XD41CM,ぼっちぼっち,1075,9,7859,376250,8,7,7,8,5,10,9,10,64
92F4UABT1,まさ,KGTWM38N9,さやか梢推し,627,0,7860,376160,7,6,6,8,5,9,5,7,53
NLMEFX79M,sky,R083H7WRN,サークル無言,1004,13,7861,376070,2,3,1,2,1,8,1,7,25
H0DL9PNDU,もぐろう,GWGDMA3YC,初心者無言自由だ,965,4,7862,375980,2,2,6,7,5,8,10,9,49
GAC7CCFH2,ゆうま,253CRPDXB,TMT,1050,9,7862,375980,7,5,8,4,4,7,6,6,47
6BUYFEYYL,ビアンキング,DKNHY5HH6,なす料理研究会,853,0,7864,375890,7,8,5,4,5,7,6,8,50
PXKRNJL7U,まぐろ,NA8FEYN0M,蓮ノ空飲酒クラブ,662,0,7865,375800,1,2,2,2,1,1,1,2,12
8UM8D4M1L,サクヤ,L0FARL5TT,JazzPark,1017,3,7866,375710,7,10,10,7,9,10,4,10,67
6CJJKAG08,マンマル,K2L5DCVNR,REAL,1036,1,7867,375440,8,6,1,8,1,5,1,10,40
TKXM9J2M4,ユキ,BEMED3RY1,無言無課金ok,718,0,7868,375350,7,4,9,7,5,5,4,7,48
GGKKLA4R3,ホムラ,8MLVA67AK,聖ミリオン女学園,1231,3,7869,375260,7,6,6,3,7,10,7,8,54
JYD5BVN7J,みさっぴ,28XJ8NK4L,蓮ノ空まったり部,1075,4,7870,375170,7,6,5,6,5,8,6,9,52
G8J92XYF7,チョコザイ,EJY6B26D1,After見たい,518,2,7871,374990,8,3,9,7,1,6,4,1,39
WR6EAO9WV,banken7,8L4UUJTAN,ばんちゃん組,1044,5,7872,374630,7,8,4,9,6,7,6,8,55
7BTBPKZWH,ホノカグツチ,WAT20PN3Y,こな党,1313,4,7873,374540,9,6,10,9,9,8,8,9,68
D1JVL3TJP,fj82,WWWUTP96L,異次元からキマシ,1041,8,7874,374450,5,5,5,9,5,8,8,9,54
740KCYCHL,.tw,4K26FFX46,一人サークル,939,4,7875,374360,5,5,3,5,4,7,5,5,39
3WAXG9KNG,高海,UX96YX4T1,『位置について』,847,2,7876,374270,5,6,4,5,1,7,3,7,38
KUG6R562V,ふぇぇさん,J0PT5EX42,スクスタモ部,439,0,7877,374180,10,6,1,10,4,1,3,5,40
9Y03A123R,サニー,E8K438RP1,リンクラ初心者部,1088,5,7878,374090,7,7,7,8,5,8,7,9,58
GNFK62CPD,紅鮭,C52VR77BJ,イベント参加用,832,0,7879,374000,7,6,6,7,6,7,6,7,52
35EXXP04F,Flower,VGG1HM53K,のんのん日和,544,4,7880,373910,7,4,2,4,1,5,1,1,25
T3N8GUWX4,クロワッサン,43HRXMXWA,無言OKクラブ,981,0,7881,373820,4,6,6,7,5,7,7,5,47
7U8JXAW1J,饶舒铭,TK9E1BB1P,無言で自由,763,0,7881,373820,7,5,5,7,4,5,6,8,47
5RPGFMVKV,seema,FVJABCVP3,瑞蓮ラボ,1171,12,7883,373640,4,6,5,8,4,4,6,6,43
FKW3IFEXR,はやぶさ,T56X6LP0L,光の海,1040,1,7884,373550,8,10,8,10,10,9,8,8,71
H9EY9H07Y,おん,TWJ862EPN,こにゃとも,624,2,7884,373550,4,3,5,9,4,5,2,5,37
BO2UGGOOU,アキ,1G89KTD5X,サークルひとり,775,2,7886,373460,3,7,5,7,1,1,1,1,26
EDGMD2AD2,Gファルコン,A3472CNJE,ハントン✿ライス,1172,0,7887,373370,8,6,7,9,5,9,8,8,60
EBTLF1JEV,テト,K7LC46V5M,Link！ラ部,978,8,7888,373280,10,7,10,9,5,8,6,8,63
VXR5LR0BG,たろーまる,N1JAJ83CA,蓮ノ空園芸部,924,9,7889,373190,1,2,8,3,1,1,1,3,20
GZTMYXI4Q,テクテクさん,88DJ300PJ,めぐ党 • 永遠,1157,2,7890,373010,4,5,5,6,7,9,9,9,54
K600A2Z4W,ゆあここ,998H940YN,お嬢様筋トレ部,1062,0,7891,372920,4,5,7,4,1,9,1,1,32
HG5AJMK2M,うまざえもん,PJFUEFV94,◯◯◯待機室,549,0,7892,372740,2,6,7,1,4,1,3,4,28
9XMYQHWJN,keyton,R083H7WRN,サークル無言,1308,9,7893,372650,7,6,7,9,5,7,5,7,53
CG7ZFONNY,木場公園,H1G4CDT6C,無言自由,966,1,7894,372560,4,2,1,6,4,2,6,5,30
DBAN28L5A,よろし,23PGPJ3NV,蓮ビギナーの集い,1000,3,7895,372470,5,7,5,9,1,7,4,5,43
M2V869N1Y,よしひこ,83TGL8UMJ,しゅうまつクラブ,879,2,7896,372380,7,10,4,7,7,7,8,10,60
V8CGJMNB5,zzz,J800VVPTN,Aqours,967,2,7897,372290,8,8,7,10,6,8,8,7,62
PW1EMWGYS,北見蓮根,9WJB6YPPN,温室花畑,1179,15,7898,372110,6,4,5,7,5,5,9,10,51
EEEC68BAH,ホーリーナイト,LHXNEF3D5,まるまるサークル,678,0,7898,372110,9,8,9,10,9,9,8,9,71
TJFZYLD2C,K,5NPVVUGH7,蓮すきすきクラブ,1202,9,7900,372020,6,7,7,8,5,8,8,10,59
KOKCWZR82,mstk,N8L41JAA7,無言 ノルマなし,1350,15,7901,371930,10,9,8,10,7,8,9,10,71
8LUB9GXNX,まーち,K95YH6P1C,蓮ノ空泥の会,1131,1,7902,371570,5,4,6,2,1,1,1,4,24
H6PU0F3U7,はたお,PR2BGEK5K,ありがとう大三角,565,0,7903,371480,6,6,8,4,1,3,4,4,36
3YFEPKVLU,臥龍梅,06DCWC1RE,とりあえず参戦用,783,0,7903,371480,4,6,4,7,1,6,8,9,45
AYVDF19YG,アマノ,FG4170141,♪さやか愛好会♪,1027,4,7905,371390,10,10,6,4,4,10,6,10,60
VNW09B610,lindlie,LJNCAEVAP,蓮ノ空さやか研,314,0,7906,371300,3,3,3,4,1,2,6,1,23
VDJRCI39A,レーゼ,X7XHWE03H,石川県不審者情報,1153,3,7906,371300,7,4,4,2,5,5,4,7,38
T33LMN6LT,レバ,BEMED3RY1,無言無課金ok,1233,18,7908,371210,5,3,3,3,1,2,1,2,20
S2QJD2SW0,はると,YD2XWWFA4,蓮好き好きクラブ,944,8,7909,371120,4,4,7,6,1,1,1,7,31
558C6C5N2,ぴっぴ,36T6UB6YA,まったり箱推し部,833,0,7910,371030,7,6,5,8,6,7,8,7,54
B1J1GGGJQ,テルヨシ,K25DPPGT9,圧倒的にまったり,1261,4,7911,370850,6,6,6,7,5,4,6,8,48
HLKY16BHK,銀狐夢想,E1HVJ71JR,ご自由にどうぞ,949,4,7911,370850,6,7,7,7,4,7,6,7,51
YWR5OAVJB,にこみらいす,A3472CNJE,ハントン✿ライス,1305,6,7913,370760,4,4,4,8,5,9,8,8,50
EGTUP90C2,星辰,BMAKK6VNN,にゃにゃにゃ,142,0,7914,370580,1,1,1,2,1,2,1,1,10
Y45AUJW7F,みと,R1RM3X0WV,後方腕組みオタク,1375,8,7915,370400,8,7,8,10,7,9,9,9,67
5T57VL8MF,YNGDシン,FK5MUK0ET,くる♡すきクラブ,1445,16,7915,370400,10,10,8,10,10,10,9,10,77
MTIWOGVGC,ごうだ,F08AHUJJ0,綴理のお世話係,1183,2,7917,370310,7,6,5,7,5,7,5,8,50
YGX0GEC1J,koukou,R9BNLJ11B,瑠璃乃を愛でる会,183,0,7918,370220,3,5,4,5,4,10,4,3,38
PTLO91GAH,まこちゃP,XLBU65J86,花の壁飾りクラブ,1084,0,7919,370130,4,2,6,9,5,2,6,5,39
5AWPNWXFK,HIPのYOU,MC5J1MV11,十四番隊,606,0,7920,370040,4,5,4,2,4,1,5,6,31
8XHL0LDRW,saya,AH27N260E,百生信託銀行,649,2,7921,369950,2,1,1,2,1,1,1,1,10
CH1HQ9LDK,中野わいえす,XE8513HNP,喫茶カワウ空✨,1073,3,7921,369950,4,2,4,9,1,5,1,1,27
TQ6LBW4VX,瑠璃色孔雀,GVT61ATX0,なのだけれど,1257,4,7923,369860,6,2,4,5,1,4,5,6,33
0V6FYABJ8,ポポ,3JDDUYURT,無言,1074,2,7924,369680,7,7,7,5,5,8,6,6,51
KJBKR1TYM,レイヴン,VXDPPJJL1,蓮ノ空リボ課金部,937,4,7924,369680,4,4,4,8,2,1,7,10,40
ZTOEVXV40,雪楓Yuki,FTUJJ5KM9,無言◎私生活優先,470,2,7926,369590,1,2,1,6,1,9,1,1,22
L9PN9H3WY,すけさん,43HRXMXWA,無言OKクラブ,1178,8,7926,369590,7,6,7,6,5,7,5,8,51
YK65G24XC,Y,ULUELCJ7T,なるようになる？,1039,2,7928,369500,4,4,4,6,4,4,7,6,39
D33V7AUEW,ラジュ,4LU50R56J,誰でもOK,415,0,7929,369410,9,10,7,9,6,8,5,9,63
27YAK2KUL,電池兎,9GDHWXGVG,ルリと花咲く毎日,1032,3,7930,369320,1,4,8,2,5,5,1,1,27
JE1U8DHII,カイン,UMG1B9C7V,蓮ノ空女学院,831,2,7931,369230,1,2,2,4,4,5,7,7,32
B7JTAE05W,くれー,07JW71HWG,良いチケで観よう,1405,14,7932,369140,4,1,1,2,1,4,1,1,15
5PV0E2VV2,アオイ,LK3P80BUN,スリーズブーケ党,648,0,7933,369050,5,4,4,6,4,7,7,9,46
EWILPGQRY,みんかな,GN9EEL045,きらくに,924,4,7934,368960,5,8,4,8,4,7,5,8,49
X86RLJYJA,たかし,YB3VJBCCH,愛トモの会,641,0,7935,368780,5,1,1,4,4,8,4,1,28
DA8HRY0TJ,花帆めぐ推,LAKRG5NK9,ログイン勢,588,0,7936,368690,9,7,8,10,5,9,7,8,63
RAAP0WFU7,しんしん,1U4JN5CXB,LLユーカー部!,807,2,7936,368690,8,4,1,5,4,6,4,10,42
N2WT0VAY1,.,JC30FUPH3,LLあおだか2,77,0,7938,368600,4,5,2,6,2,2,1,3,25
3T6PLVYR3,つかさ,5V9TDD4NF,みんはや蓮ノ空部,969,4,7939,368510,8,6,4,6,5,7,4,7,47
FL5L2HBN3,クラウン,BT22M41DV,梢花帆吟子同好会,1041,12,7940,368330,1,7,3,8,8,9,1,9,46
IKZ9PQH24,NOBU,PR2BGEK5K,ありがとう大三角,1033,12,7941,368240,2,1,8,6,8,9,5,9,48
N1DJH31JW,冰雨,H1LTYMK0B,花帆が可愛いの会,1229,18,7942,368150,6,8,8,8,9,7,10,10,66
DVINSITS6,櫻井ヒトシ,9UKKACGDU,蓮っ子CLUB,1257,16,7943,368060,4,4,6,7,4,7,9,9,50
OOARXM0UW,ロッシー,72J5PWU5K,ライグラ待機室,1109,15,7944,367970,4,7,9,8,7,7,6,8,56
9NS1UF4CI,たかふぉい,F31A07X4V,蓮ノ空福井分校,1219,2,7945,367880,4,3,2,8,5,7,4,9,42
16MANY6FA,モモ,6M5WPPX3B,【フルリール】,444,0,7945,367880,2,2,2,2,3,2,3,1,17
F12WH7JNV,番茶,36T6UB6YA,まったり箱推し部,861,0,7947,367790,2,2,1,2,2,1,1,1,12
VAALUDX37,あす,VXDPPJJL1,蓮ノ空リボ課金部,814,0,7948,367700,7,2,2,8,4,9,6,7,45
8K32NSWZV,すばるん,HKKCM3W4M,かほ姉の集い,768,0,7949,367520,2,2,2,5,5,5,1,8,30
6MO480DUI,くろごま,WPG6BCG83,基本無言,1011,4,7950,367430,2,3,1,2,4,3,1,3,19
3ENV0VJ2G,良きあり,KHAKJKC0A,のんびりまったり,545,0,7951,367160,2,2,2,2,1,1,1,1,12
M5CHAKK49,miribit,CBJ6YLG5N,ゆるケストラ部,1066,1,7952,367070,1,4,7,2,5,8,7,4,38
89JBBZWYJ,しろもこ,HPTHY23VR,蓮ノ空文芸部,1075,13,7953,366890,3,8,5,10,7,9,7,8,57
ZZ6KTO273,かつまる,1UBNNHVLG,蓮箱推し（仮）,943,6,7954,366800,5,5,8,7,5,8,6,7,51
18YG27758,みずき,MG1G6F487,蓮ノ空無微課金部,770,0,7955,366710,7,6,5,8,6,7,5,7,51
CLS2MJ4WN,父親面,6D57FX14W,おらおらぱーく,424,0,7956,366620,1,9,4,2,1,2,9,1,29
E0LB8W1FN,あーや,6FWRD1K40,いちじょ海賊団,1303,4,7956,366620,6,10,10,9,10,9,10,10,74
66D5GWHXN,ウルトラマグナス,26JDLMBLN,徒町は強く生きる,551,0,7958,366530,2,9,4,7,6,4,10,7,49
VD06I6TH1,Chiaki,GFN8ACPAC,自由に遊ぼう,941,2,7959,366440,4,4,5,7,7,8,5,7,47
N83106WNY,きさらぎ〜,BT22M41DV,梢花帆吟子同好会,886,0,7960,366260,7,6,8,6,8,5,8,7,55
39NELFBRE,めぐるり,RW90G4W5W,めぐめぐめぐ党,1205,10,7961,366170,9,7,9,10,7,10,4,10,66
4PCC9NGX7,堕武流王✿,Y2P9LABR2,スクステ同好会③,1020,0,7961,366170,5,4,5,7,1,7,5,5,39
70XXRFN08,Nao.,78D55E05J,HIPHOP界隈,1414,15,7963,366080,8,6,8,8,5,8,10,10,63
OJDCKN78S,とぶぱな,LHU88R0LV,リンクラまったり,1139,14,7964,365990,9,6,6,9,6,9,8,10,63
0EUW3SNWZ,葛,JA2C658FW,さや綴理の村人,1147,2,7965,365900,7,6,6,4,7,9,8,10,57
H3PULNW16,Kagami,BEMED3RY1,無言無課金ok,1094,18,7966,365810,2,5,6,7,5,8,9,8,50
7WPUXD786,メグム,C52VR77BJ,イベント参加用,511,0,7967,365720,5,3,6,6,6,6,6,8,46
YLB7IXETE,Shun,3RH5MYBXV,こずめぐ党,1136,3,7967,365720,7,5,5,9,5,9,7,9,56
FB61BUJR8,YN,T4WY63DB9,ういのま,612,0,7969,365540,5,2,4,4,1,5,5,4,30
VG7CBJNPY,きせ,WLFW6UCX5,無敵級ビリーバー,814,6,7970,365360,8,3,9,10,1,5,4,4,44
0PXA9933E,うまづら,FWFW6YY1T,とくになし,976,3,7971,365270,8,7,10,8,4,8,8,10,63
HHC5LB690,三毛猫,2VJG66JTH,まったり,1024,8,7971,365270,6,6,5,7,7,8,6,5,50
NC9GIFJB0,だむ,HE0GK3EPE,瑞蓮プロカ倶楽部,1455,18,7973,365180,3,2,4,2,4,1,3,2,21
X3DJ463MF,ちふ,XXVVJY6FE,はぴぱれ,231,0,7973,365180,5,4,9,4,2,2,3,4,33
N1LDED28F,水,EYEPHE14G,花上梢頭,835,5,7975,365090,6,7,10,7,5,7,6,5,53
D4R0N5ZDK,うたほ,UHWA4YLWP,蓮ノ空を見守る会,1091,0,7976,365000,4,6,7,8,7,8,7,7,54
VFW5BAT43,とわ,74C8GY80T,まったりさーくる,740,0,7977,364820,6,4,4,4,4,1,6,7,36
BGK8N7CUY,やしき,6FWRD1K40,いちじょ海賊団,1120,7,7977,364820,8,7,7,6,7,9,7,8,59
4T71LBMXW,にせはな,U6D5XTT5H,ゴリぶちクラブ,993,5,7979,364730,6,4,5,2,4,6,2,4,33
WI4U0XAX0,SARA,9D722M8KC,蓮ノ空同好会,1119,9,7980,364640,8,7,7,7,5,8,7,8,57
PY9HTX42P,とんとん,YM72HRVCF,ワンニャン部,876,2,7981,364550,4,2,2,2,5,8,6,4,33
B1T08VNDR,つばゆう,08DDCV5JN,黒ねこのしっぽ,771,5,7982,364460,2,3,10,2,1,8,2,1,29
6FA3POQG6,キュアガンキン,AND13836G,乙宗梢親衛隊,1242,4,7982,364460,9,7,6,9,5,8,5,8,57
0B9PEF8VF,ぴよ,M1DLCR0R8,花帆護サークル,577,0,7984,364370,4,7,9,4,2,6,7,7,46
RVER3CPMK,かざみ,M4YY7PV0G,ブルーロータス,997,0,7985,364190,7,6,6,7,5,8,5,5,49
J5SLWRGTT,宇,72J0T27T1,蓮ノ空後方支援部,1102,5,7986,364100,6,6,6,5,6,7,5,7,48
F52BL8XBC,りかし,1YLFFXC1E,安土桃山時代,835,2,7987,364010,2,6,4,8,1,1,1,6,29
451NJW31A,アズライト,XN2VEA6DN,無言,1295,3,7988,363920,8,7,10,9,7,8,9,10,68
R39JVEN3F,スナシロップ,HE0GK3EPE,瑞蓮プロカ倶楽部,654,0,7989,363830,6,4,8,6,6,4,3,3,40
TMHALEY47,パルム,XE8513HNP,喫茶カワウ空✨,1091,11,7990,363740,5,7,7,8,4,9,5,9,54
M2JUA00HD,畏喪黔燬,5YXVKDEKV,サークル(仮),939,2,7991,363560,6,4,7,9,5,8,7,8,54
MK01CM4XP,伊安蒂卡,X87KNX4N3,蓮ノ流星群,1112,12,7991,363560,2,2,3,8,1,10,3,4,33
Q2CH26NBP,むせる,T8X0G07YB,なければ立てる！,1145,8,7993,363470,7,6,7,7,5,4,7,8,51
JDCJWDH51,りそな,9P9EPKFHE,無言参加OK,431,0,7994,363380,6,4,7,9,6,7,9,10,58
VVAA5R3UK,すー,N8L41JAA7,無言 ノルマなし,1344,15,7995,363110,4,2,1,6,1,1,1,4,20
7TXLCB2F1,マグロ,01YK4N868,ソロサー,1388,11,7996,363020,8,3,5,5,1,6,5,9,42
8H65NV0AG,アシェット,JTBMEXV8L,ひとりぼっち,1095,15,7997,362930,9,5,10,8,10,6,2,10,60
HYMPX4WTX,yuuki,LL427XFRE,雪印コーヒー,909,4,7998,362840,2,1,4,1,1,3,3,1,16
9FPKTZPHG,じょー,96LWYJ3Y6,無言絡みなし,958,4,7999,362750,5,7,5,8,5,4,9,10,53
C24FV24A7,おるさん,05KN1RR3U,さやかほ花卉園,740,4,7999,362750,2,2,4,5,2,4,2,4,25
W8RURWDBY,星パンダ,28XJ8NK4L,蓮ノ空まったり部,639,1,8001,362660,1,2,2,2,1,1,1,1,11
R044LV0K9,なまこ,VNEJ2RNW0,まったりんくら,552,0,8002,362570,9,2,7,2,2,1,1,1,25
IYF35IIN2,メルト,R8MA3LCB3,lotus,1063,2,8003,362390,9,7,5,8,4,8,8,8,57
7FWCYVMYN,ツキ,8J1GJT2BC,近畿の大金沢,1089,12,8004,362300,5,3,5,6,5,10,9,10,53
HB8V2P4FP,panadol,TWJ862EPN,こにゃとも,330,0,8005,362210,4,2,1,2,1,2,4,1,17
ERHF3UHEA,Ace,MWT91W455,つづこず大好き部,684,0,8006,362030,4,4,3,6,1,1,10,7,36
LCLJ2BX1X,賜蓮,J5CKL5YPX,ログイン勢かもん,763,0,8007,361940,8,2,9,8,1,8,5,1,42
9NLTCJA1P,カワカミ,1UBNNHVLG,蓮箱推し（仮）,575,1,8008,361850,4,2,4,4,2,1,4,1,22
ULB35973K,テイル,NT2KU5174,こずかほ。,1063,0,8008,361850,5,6,6,9,4,8,7,9,54
TCGR6CA33,ネイト,9UKKACGDU,蓮っ子CLUB,1126,15,8008,361850,1,2,2,2,5,8,8,5,33
3LMLARUZF,nextank,CBJ6YLG5N,ゆるケストラ部,1066,1,8011,361760,1,4,5,2,5,8,8,5,38
B1E9TTV2A,あんみつ,0UTVRAKFL,平穏無言,379,0,8012,361670,1,3,2,4,1,1,1,6,19
S5T5C7I8J,にゃんだーすわん,XR2P2LDY3,蓮ノ空さいきょー,1363,12,8013,361580,8,8,7,10,8,9,9,10,69
YF8GLBBWV,betaYN,LLDLG20UU,UR取り隊,958,6,8014,361400,2,8,1,8,7,7,7,10,50
CEKG0YC6M,ハラショー,VNEJ2RNW0,まったりんくら,1013,3,8015,361310,7,7,7,10,1,9,6,9,56
B8WHJTA59,ドラハム,NLTAB4BLF,蓮ノ空ゆる活動部,751,0,8016,361130,1,2,4,7,4,7,7,7,39
157V86KA7,ライチ,CVFYWNA8C,大阪の帰宅部,875,1,8017,361040,6,4,4,7,4,7,5,7,44
NAVKACBX7,けんや,A3X92L6YU,お試し用サークル,973,7,8017,361040,4,3,4,10,1,5,1,6,34
9Q0KE9EQR,そら,DMDVHGFUG,インドネシア仲間,1156,9,8019,360950,2,2,3,5,5,7,5,10,39
PYG5D7VK0,みこと,D7UA5ER1E,UR報酬欲しい！,632,0,8019,360950,4,4,4,4,1,4,1,4,26
TJ2EL63EH,まっちゃん,GXR6C85BT,花帆ちゃん親衛隊,1179,11,8021,360860,1,1,1,2,1,1,1,1,9
BUN4HR1DW,CVA-64,H1G4CDT6C,無言自由,888,0,8022,360680,6,5,7,8,7,1,7,6,47
JOZK41NKF,くるくる,CM5THHYHB,「」ノ空だけれど,1039,0,8023,360410,6,4,4,8,4,8,8,8,50
N10GRPL6W,月神蒼夜,CML0G54D5,イベント用,858,2,8024,360320,5,5,6,5,1,4,1,5,32
C9LL83UWW,ヒロっくす,JA2C658FW,さや綴理の村人,1293,16,8024,360320,8,9,7,9,7,9,8,9,66
8GGDJNNTJ,すきすきくらぶ,JTBMEXV8L,ひとりぼっち,895,4,8026,360230,1,10,5,7,6,6,8,9,52
ZQO6AY2YL,ARU,2UKNVBMBU,梢ちゃん同好会,619,2,8027,360140,1,2,1,3,3,2,2,1,15
KRF6PQDK9,:D,BXGNMY466,ライグラ用,630,1,8027,360140,6,3,4,2,2,5,5,10,37
MQW9ZCUJI,yui,W09WBG3HY,どろんちゅ,1231,2,8029,359960,8,9,7,10,5,8,8,8,63
6EAAJ54RR,keiji,HH93ADAW3,無言自由。,905,1,8030,359870,5,4,5,5,7,8,4,7,45
E3H7JW62G,スナルシア,YK0X6N2HN,無言OK出入自由,1046,6,8031,359780,5,4,7,8,5,7,5,7,48
H9VER8046,ゆ,Y6KN85L5P,孤独の村人,269,2,8032,359690,7,8,6,5,4,4,4,5,43
28A26DM5W,いなずさ,PH0YEPJD8,蓮ノ空北國金沢,917,3,8033,359600,1,4,4,6,5,7,4,5,36
7PZ7LETRP,たいじぃん,JGJX0W1AV,綴理センパイの脚,816,2,8034,359510,8,3,1,8,7,8,8,9,52
PZXTC6U4F,ボンすけ,TD87P23DJ,黄昏の旅団,1186,11,8035,359420,4,6,6,7,6,8,10,7,54
XB2WRTDGT,おにぎりせんべい,XPRA8TRVE,蓮ノ空ロボット部,1356,12,8036,359330,8,6,6,7,4,7,9,10,57
YE0B0XUE5,アヒ,L6MF2MPBN,みらくらぱーく党,484,2,8036,359330,1,2,6,8,5,10,1,9,42
GBW6XWS26,なごの,GH8KWPU3G,ngn,1405,0,8038,359060,10,10,10,10,10,10,10,10,80
P73RHEK4C,ゆあちゃ,EYN9H9N16,蓮すきすきクラブ,1400,14,8038,359060,9,8,9,10,9,10,8,9,72
EODSZ4YPF,えるちたん,80PAHHPGN,同好会,334,0,8040,358880,4,5,6,1,1,9,5,10,41
5ELAYP97W,ミンク,VD7N7A4WH,氷青色,392,0,8041,358790,7,10,4,10,5,5,5,7,53
9PT0FABP9,エリンギ,EJY6B26D1,After見たい,571,0,8042,358700,10,7,10,10,2,10,1,7,57
53ZXP4N7F,hts,M851LEV3N,なっす父兄,994,5,8043,358610,4,6,3,8,8,8,7,9,53
MCF2BHLJV,Pol,VN1LXEHLR,綴理、愛,562,0,8044,358520,10,5,1,7,1,9,7,1,41
FGH309JBB,Faiz49,KGDNX3EF3,ENcircle,787,2,8044,358520,4,4,6,7,1,3,6,6,37
JWBP9VFWD,佑,9XNH0HDBN,蓮ノ空∞園芸部,873,2,8046,358430,7,7,6,8,7,7,6,5,53
27AUX98C6,earth,F56XEUUBE,みらくら自習室,1128,6,8047,358340,7,5,6,7,4,4,3,8,44
ERRPEMRB9,MasashiX,HMBW9DXY2,蓮好き皆あつまれ,1324,9,8048,358250,7,7,7,8,5,7,6,8,55
5X5K02YXU,黒澤サファイア,FNMV166UY,蓮ノ空喫茶部,1151,4,8049,358160,8,8,7,9,7,9,7,9,64
RN3P3WDY7,さたお,N1JM7M3YC,丘側,1185,4,8049,358160,1,2,1,2,1,2,2,2,13
WLH7IIMER,矢澤としたい津島,J800VVPTN,Aqours,1149,11,8051,357980,5,6,10,2,2,1,10,10,46
QLN2AXPWN,闇百合,PRY4573W6,報酬用,1134,9,8052,357800,4,7,6,8,7,8,8,10,58
VYDHU5NCB,ほとりん,E17AJTJ9D,楽しみ隊,1171,15,8053,357710,3,2,7,4,8,1,8,9,42
1D920MRTA,白鳥,NJBBTCY3A,かにかに！,702,6,8054,357620,1,2,5,2,4,1,7,7,29
NF7MGK78K,パエリア,CMH1RXEGH,仮拠点,947,4,8054,357620,2,4,8,7,1,9,1,8,40
91K7F2FLA,HAGI,DH97ANN9G,ツキマカセ,983,1,8056,357530,6,6,6,4,4,7,7,7,47
LP356H3RU,安置零,427WENUC4,心の癒し～蓮ノ空,181,0,8057,357440,10,10,10,10,7,10,5,10,72
EP5BYWKYZ,やんやん,V1C2TB6KA,伊達ヶ丘,919,4,8058,357350,4,4,4,10,4,8,4,1,39
10L8RNRB8,ぐる,UN4AHCLTX,蓮ノ初心者,616,0,8059,357260,8,6,7,8,5,9,5,7,55
FL8VTD6JW,こと,KULVP7FDR,アニマル分室,956,2,8060,357170,8,6,6,8,7,8,5,7,55
GWIWDD4E0,俺がガンダム,G0J2F9NAL,さやさやさーくる,1222,10,8061,357080,8,6,5,9,7,9,5,8,57
8GDNW7H6D,アクア,D3215EVKW,綴俺誇,1218,2,8062,356990,7,7,6,6,7,6,10,10,59
EJ5EY6UBT,はむな,HKETDDCK6,ぼっちざ蓮!!,800,0,8062,356990,1,1,7,3,1,6,4,8,31
4TGPELCUJ,メルファ,XHJLF3R8H,ゆったりプレイ,900,0,8064,356900,7,6,6,5,5,7,5,7,48
X9WV1RO9C,音月,1XX6FWJRB,オートスキップ団,1115,6,8065,356810,5,5,8,10,6,7,4,7,52
ELXDDXWM1,ハマモン,F2M746D4B,頑張らないクラブ,983,10,8065,356810,10,10,10,10,10,10,10,10,80
QYFFQO7G5,きぶんや(２犬),VA6X5YNNF,スリーズ分家,778,4,8067,356720,5,6,1,6,1,1,2,2,24
2M1RC78AR,にこ肉meat,6DFE57BY0,Lovenico,462,0,8068,356630,4,5,8,6,4,2,4,4,37
T1BBWU0YW,みあま,5L9GNT78V,叶え！私達の◯◯,1142,15,8069,356540,8,7,8,9,7,9,7,9,64
6UEHRYFGN,つつみ,NT2KU5174,こずかほ。,932,0,8070,356450,5,1,4,4,4,4,5,5,32
0OO0L3LOE,setuzai,578YG6EAT,桜桃花束愛聴会,1193,8,8071,356360,8,6,6,8,4,7,5,8,52
PYJPAZRGD,ヨッキー,LFB48H6MU,超初心者の会,1302,1,8072,356270,7,6,6,10,7,9,8,10,63
RX13PKH8M,花宮の嫉,TDHKGHFPA,無言参加○！,498,0,8073,356090,2,2,1,4,1,1,6,3,20
AM7ELP6P9,つかさ,WBXF9XXW7,さやつづ愛でる会,205,0,8073,356090,2,4,1,2,1,1,3,1,15
WET0YXDUK,うら,AE3L01V24,LOVE蓮ノ空,913,0,8075,355910,4,6,7,8,5,7,2,4,43
6D0P7IPF9,aki,0YLUK30K6,蓮っコの集い,1049,12,8075,355910,7,6,4,8,5,7,5,7,49
1RDA5EXS4,なか,3FF3NB77X,せーはす愛好会,1010,2,8077,355820,8,6,5,7,5,9,7,6,53
WF3ND8JPU,とーふ,CJ4L9MBRN,とーふの個人用,822,1,8078,355730,7,4,4,8,4,7,5,7,46
5LW7VTGNJ,りゅうき,J5CKL5YPX,ログイン勢かもん,546,0,8079,355640,4,2,1,10,9,10,8,5,49
B353CMTK6,マンボウ,X7YM9EG8K,伝統の石川地酒,430,0,8080,355460,10,2,1,4,7,3,1,1,29
1FF738CC6,めぐみるく,DHKUGEWBJ,めぐ党虹ヶ咲支部,843,2,8081,355280,4,4,4,6,1,4,5,5,33
J8APM1374,りー,9RK7YXG8G,蓮ノ空社畜クラブ,613,2,8082,355190,1,3,1,5,1,9,5,1,26
SFQHE200O,ミナミさん,V5WNV1A43,異次元ビリーバー,1072,11,8083,355100,6,5,4,6,4,10,9,10,54
OT8WW8ZH1,アフロ,XR2P2LDY3,蓮ノ空さいきょー,1076,11,8083,355100,6,6,5,7,5,7,4,7,47
YAAJ4X6MK,はしも,06DCWC1RE,とりあえず参戦用,399,0,8085,354920,6,3,1,1,4,1,1,1,18
Y82F962XV,和奏,7UX6117P2,重曹圖書館,1017,13,8086,354830,6,6,8,9,6,9,7,9,60
9OL5GFZYN,たくみ,JY79RPB1D,リンクラゆる部,1084,10,8087,354740,1,5,6,10,7,10,7,9,55
CREVCPDDF,ばみ,8MDA3A0AK,イベント用,558,2,8088,354650,9,5,7,5,6,1,1,1,35
TUBKCAXN8,ぽぽぽ,RBH0YM8P2,蓮ノ空ラーメン部,492,0,8089,354560,1,2,2,4,1,1,1,2,14
HD51DFW5M,たかしぃーしろう,YF1M2656J,蓮ノ空EXP,991,9,8089,354560,10,4,10,5,4,9,4,5,51
R5HGYUJAF,Megumegu,41N8G98LV,花帆梢百合応援部,892,0,8091,354380,5,2,1,10,5,8,5,8,44
XTJROT8IU,としあり,60KU468X3,はっすーず,1435,6,8092,354290,10,10,10,10,10,10,10,10,80
JXD4N9BAM,マックル,JFNKGWBVV,ダブルマック,1089,6,8093,354200,7,6,5,4,5,7,5,7,46
753C2P0KR,ハレルヤ３,08DDCV5JN,黒ねこのしっぽ,1030,4,8093,354200,7,7,7,9,8,8,7,10,63
0AN42EYY8,梢せんぱぁ～い,H6JWBBGCG,蓮天・乙宗一心流,550,2,8095,354110,8,4,9,10,3,1,4,7,46
N1XPP8U7X,たかつき,AY9B3NA8E,カチコチかちまち,365,0,8096,354020,10,10,7,9,7,7,6,8,64
SXFMKO612,山菜うどん,KC1W74B9B,蓮六園,1295,5,8097,353930,7,7,7,9,6,8,10,10,64
524KMP1J4,コトリのおやつ,N5Y24VNFN,個人,231,0,8098,353840,3,5,5,2,1,2,4,5,27
KHWMDDEYJ,ほのちゃん,KB5BFK7J6,おはめぐ党本部,1057,12,8099,353660,1,2,7,9,1,7,5,5,37
9O190IF58,あき,WNA5GTJPP,蓮ノ空百合クラブ,1045,7,8100,353570,1,4,4,6,5,8,8,8,44
T939PP2R7,ロッテ,EECF9C0N3,蓮ノ空　茨城分校,607,0,8101,353480,2,2,1,2,1,2,1,2,13
VT7LTFAGG,大塩平八郎,UHCL6Y176,大塩平八郎の乱,460,0,8102,353390,4,3,1,9,1,7,5,7,37
ENXN17A3N,斎藤,LTAG28AVM,蓮ノ空同好会,958,0,8103,353300,9,7,7,7,7,9,9,10,65
72UA5YLNT,Nakhimov,AT3WYLPP8,SIDF,420,2,8104,353120,3,2,2,3,1,1,9,1,22
A76S977ZM,翠雨,RM7N1JDB5,無言推奨不干渉会,988,0,8105,353030,5,4,6,7,5,7,6,7,47
060F4MFVX,オルカ,4V1HD9MWX,国道ハンターズ,582,0,8106,352850,2,2,3,2,1,1,1,2,14
J7GB8B8B8,ほうじちゃ,RWDWD9PP6,乙宗家の屋敷妖精,310,0,8107,352760,3,10,2,4,8,7,3,3,40
WGYXM0RJY,Le7-レナ-,EE4BKR0AR,まったりプレイ,1117,2,8107,352760,8,7,7,9,7,9,9,9,65
LQSU5APFH,aonoumi,L28X4MDJN,アフター観たいぞ,1173,6,8109,352670,8,6,6,10,8,10,8,9,65
LR02XXE8F,れもなで,N94LEWF2D,無言よわよわの会,999,4,8110,352580,3,5,6,2,4,4,6,5,35
16FH628KS,MA☆SA,HN1MGGXRJ,蓮ノ空 応援団,1002,8,8111,352490,2,7,4,9,6,7,7,10,52
ZIDHS2OWB,花宮ニルヴァーナ,YVF1V2AH6,蓮ノ空全共闘,1272,14,8112,352310,2,2,2,2,1,1,4,4,18
4BFHGIQDU,抹茶塩,0CWLHPYY3,茶房 瑞蓮庵,1088,1,8113,352220,6,7,6,10,5,5,10,10,59
C88B1ROPS,上月琉璃,2B97MH4YA,同じ話し何回も…,993,6,8114,352130,4,6,5,4,8,8,5,10,50
Y16V5J5JA,ほとこころ,LUDNM40F8,ふくふく無言OK,1144,2,8115,352040,7,6,6,7,5,8,5,7,51
29BR3N2C0,ひかる,D7UA5ER1E,UR報酬欲しい！,983,4,8116,351860,8,6,5,9,7,8,7,8,58
VRLPAHAG0,tokyo,DN2UB7JMG,異次元のP達,958,6,8117,351770,7,6,7,8,7,5,4,5,49
3P8RP6BF3,ゆう,43HRXMXWA,無言OKクラブ,944,4,8118,351680,5,8,7,8,7,5,4,10,54
7VXMC97W3,ぴよしん,B2AN1PT0N,417,1041,3,8118,351680,7,4,4,7,5,8,7,8,50
TEB1TEEWW,すきすきさん,YMKU30246,参加賞がほしい,267,1,8120,351590,1,2,3,3,1,3,3,1,17
PDRJDM6TA,桂希,NK17PY5LW,のんびり,894,6,8121,351500,2,3,4,8,1,4,1,6,29
5MRWRAWAY,六,NK17PY5LW,のんびり,852,0,8122,351410,2,6,7,2,1,7,3,4,32
VA3YHVRXW,りる,1618JMRED,リンクラ自習室,739,2,8123,351320,5,4,7,6,5,5,8,6,46
3CBHB3C0E,みゆ,X7YM9EG8K,伝統の石川地酒,1007,11,8124,351230,8,4,8,7,6,5,6,8,52
2X79N2W6Y,りの,E76N52LMW,イベントのみ,756,6,8124,351230,2,4,1,3,4,5,1,5,25
XCX2HBBYM,kz__,2UKNVBMBU,梢ちゃん同好会,179,0,8126,350960,10,10,10,10,8,10,7,10,75
9R5YRPMX1,Caffê,E7UBFLW56,同好会の同好会,934,13,8127,350870,10,2,6,4,4,10,3,10,49
9WWLGUWKK,づ彼岸の花ゞ,5X39Y4ED4,蓮,780,3,8128,350780,2,8,4,5,5,8,5,6,43
UCGKKU7KV,北斗蒼一郎,U98UKD6RY,異次元フェスP,1061,6,8128,350780,4,6,8,8,7,9,7,9,58
AVHCRJNN6,なお,LX25CP0TG,深夜の芋煮処,1011,0,8130,350690,1,4,5,7,7,9,7,8,48
22FGQF3NM,錦玉,J83JWJ028,大ㄇㄚˊ露營區,647,4,8131,350600,6,2,4,6,1,4,3,10,36
FFNNYRX70,Licht,1AK9VTG3W,ドルケスキスキ部,521,2,8132,350420,1,2,1,2,1,1,1,1,10
TY1GUKPK5,しゅぶんてつ,MDYMHPW8C,蓮の空の攻撃,571,0,8133,350330,10,5,4,5,4,3,8,8,47
2J6BM4797,たっち,WN5B7VKPU,きんぴられんこん,1550,10,8133,350330,8,7,7,7,5,7,8,8,57
5MYA0M7KT,ボレオ,D7UA5ER1E,UR報酬欲しい！,955,8,8135,350240,1,6,7,4,7,6,4,4,39
VK6PFSC62,犬那智,UJ1ERTNK0,デイリー消化,621,2,8136,350150,9,2,1,10,1,1,1,1,26
CWTRLG8WY,もなりざ,HWJ8XPW0T,箱推しなのだけど,848,2,8137,350060,8,5,6,10,7,7,7,9,59
H0DE1196C,焼き鳥,LG3XF86RM,ハロめぐ党無言可,584,3,8138,349970,3,2,5,3,1,2,4,1,21
16XFLA2E2,ユウ,G0WRCNRWK,県立沢庵図書館,270,0,8138,349970,2,4,2,4,1,1,3,1,18
T4EZV19EO,tek,5P8A9KP3U,＿,1354,15,8140,349880,9,7,8,9,7,9,7,9,65
VCVEGH336,ハヤト,K5TN1RT6D,キンカンナマナマ,940,2,8141,349790,8,6,8,9,7,8,5,8,59
RG9HE1U32,アンニ,1UBNNHVLG,蓮箱推し（仮）,938,0,8141,349790,5,6,1,9,1,1,1,1,25
89GE1X1KP,リーエ,N1JM7M3YC,丘側,1045,7,8143,349700,4,2,9,7,9,9,2,10,52
P17MNVWTM,カヌレ,8BAYBXUXC,スリブ大好き♪,879,2,8144,349520,7,3,4,4,4,5,4,5,36
GBXU8NL03,股旅,976BY5JWK,ハルカカナタ,965,8,8145,349430,7,6,7,10,7,8,7,8,60
C5UXCHJ2M,ちゃーゑん,9DKR4Y2CJ,蓮ノ空老人会,965,4,8146,349340,4,3,1,7,5,9,1,4,34
0BH652776,キンクマン,T4WY63DB9,ういのま,514,0,8147,349160,6,6,7,8,1,7,5,8,48
1135XR36D,xicro,KANLFTMVJ,蓮ノ空中文同好會,856,5,8148,349070,2,2,5,5,1,10,6,3,34
UBIZI2MIM,しーちゃん,R7VEXFUBP,蓮ノ空応援クラブ,794,1,8149,348890,1,2,2,5,4,4,4,1,23
P12VI80B3,卯月桃花,A3X92L6YU,お試し用サークル,1130,14,8150,348710,6,4,4,10,5,10,4,8,51
4DC8G1KJT,さやかママ,0JY7F3EKU,さやか愛でる会,231,0,8151,348620,8,10,4,10,2,6,6,8,54
55G8WOU43,なつふゆ,5NPVVUGH7,蓮すきすきクラブ,1314,14,8152,348530,10,7,8,10,10,10,5,10,70
G1DXBJUDM,おおあらい,0PFGRW8W0,ごはん処,207,0,8152,348530,5,4,5,3,5,6,3,6,37
AHAZQC97Z,与太朗,8Y9U68DKX,箱推し体質連盟,1008,9,8154,348440,6,5,10,7,7,8,5,9,57
6T33AM66K,名護啓介,RPM0RVWMP,素晴しき青空の会,1112,2,8155,348350,6,4,4,5,7,7,7,7,47
L7Y8AVB1K,isse,E6MUF0FCE,もぬけの殻,335,0,8156,348260,7,4,7,4,4,7,5,7,45
NTLUM5U6H,阿木李,E0JM59N1E,花咲梢,279,0,8156,348260,5,4,4,4,3,2,3,4,29
AMLER3438,うみねこ3,X87KNX4N3,蓮ノ流星群,722,1,8158,348170,7,2,5,2,1,7,1,5,30
O0BJTWQB5,TKN’F73,EMP3TCH05,無題,1189,2,8159,348080,6,7,7,9,7,10,7,9,62
5WPV75BLH,サクト,TTDBXERCU,蓮ノ空 全力応援,438,0,8160,347990,7,6,6,5,5,7,4,5,45
3766CXECK,ショちゃそ,GMEF2K8DL,花咲く泥も好き²,1061,2,8161,347900,7,5,9,6,4,5,4,7,47
EC68UZX5T,HAPPUI,J80MEYHBC,Nymphaea,1220,5,8161,347900,7,7,5,8,4,7,8,8,54
NJAP5C878,ギザみみ,4BU2PJLC1,Sky,977,1,8163,347810,10,2,7,6,1,7,10,5,48
P62BZDWCS,あいら,59AK7LJ7A,とりあえず,1338,15,8164,347720,10,10,10,10,10,10,10,10,80
2QUMUYSCN,コキャーマ,71U58RMK3,蓮ノ空長野支部,1078,5,8165,347630,6,6,6,7,4,8,8,9,54
R90FDM1TN,エノア,1D7T2UXC2,無言でのんびり,929,3,8166,347540,6,5,6,6,7,9,7,10,56
BN9MGNRVH,3i6oku,H1LJBTPUX,36,952,2,8167,347450,4,5,5,8,5,9,8,8,52
PE2K0ELPU,つぐオジ,MYTCXJ12B,つーりすと@蓮部,411,0,8168,347360,5,2,2,2,1,1,2,1,16
R6XWWM95K,たーま,YF6EGUY7C,そろ,816,0,8168,347360,5,6,7,7,5,7,5,7,49
GQEC1KPNO,柊月リツカ,RBH0YM8P2,蓮ノ空ラーメン部,1101,2,8170,347270,7,4,6,8,5,4,6,7,47
U9VBVB0PM,塩湖,GWGDMA3YC,初心者無言自由だ,793,0,8171,347180,2,2,1,4,1,3,1,1,15
2TEUGED6G,wing,E7UBFLW56,同好会の同好会,709,0,8172,347000,8,6,5,6,1,7,8,8,49
4OQIZK11Y,走れ！ぼっこみ,1AK9VTG3W,ドルケスキスキ部,921,2,8172,347000,9,5,5,6,10,9,6,9,59
U7CH2N3L3,キョン,03UX84WLY,こやんいくらぶ,1264,9,8174,346910,8,7,7,8,6,8,6,7,57
BVXFBO1RX,緋色,GBEJMUFWT,めぐちゃんズ(仮,1107,9,8175,346820,5,3,5,7,4,1,4,5,34
E3V660HX0,なお,2AUM7L9BW,蓮初心者クラブ,980,7,8176,346730,7,6,3,7,7,8,6,9,53
3APTKYWGQ,リコ,CV62FGL1U,花咲かせ隊,1025,8,8176,346730,6,6,6,9,8,8,7,8,58
KA05V4AMK,上様,75UJ5RB97,蓮ノ空雪野球部,1600,0,8178,346640,10,9,8,6,6,10,8,10,67
0NOKTLS3N,キラリヴィーナス,3N7FL0U6U,destiny,820,0,8179,346550,7,2,7,6,5,5,8,10,50
N0YY96RGE,カナミ,PWK02KG0F,メメントの森公園,470,0,8179,346550,10,10,10,10,10,10,10,10,80
A8EWAU1M7,海辺の竹,V8XX999F6,卍蓮村幼稚園卍,373,0,8181,346460,5,5,10,10,3,9,1,4,47
PV0JK81GC,うみ,1D7T2UXC2,無言でのんびり,254,0,8181,346460,10,10,10,9,6,10,7,10,72
FB5KYTLFT,すばるん,UPNXW2A69,ライグラ報酬集め,874,1,8183,346370,7,7,6,8,6,8,5,7,54
QQIV8IG9C,白波,JTX1G19BP,さやかほ癒し会,893,2,8184,346280,2,5,5,4,1,6,1,4,28
XABXPWC55,むねりん,XA0XD41CM,ぼっちぼっち,573,0,8185,346100,6,6,7,6,5,4,6,7,47
Q4PZPMFLN,nasken,1AK9VTG3W,ドルケスキスキ部,922,0,8186,345920,8,6,7,9,7,8,6,8,59
NC3YR41B5,洩矢神蓬莱,XTMGPY62U,スクステ初心者,689,2,8187,345830,2,2,1,2,1,1,2,3,14
LAU60ETW9,あんしんパパ,Y7KJ3PM8P,蓮すきすき同好会,1270,2,8187,345830,10,10,10,10,10,10,10,10,80
MB0WC3A18,yu,BEUGE1GV8,仮,616,1,8189,345740,6,7,4,6,7,4,6,5,45
6NKB092MP,かんきつけい,FMKP92LRL,目が霞む人達,350,0,8190,345560,7,5,7,8,6,7,5,8,53
RHJ3RNVTM,すけそうだら,1KDUBW4HB,めぐ党0番,267,0,8190,345560,7,6,7,8,5,7,6,5,51
8T32E8U31,やまやん,NK05UMLWW,かけ込み寺クラブ,879,2,8192,345470,1,3,1,4,1,1,1,1,13
60C6DYT08,あけめねす,U4TNE7AC7,AirLotus,1030,0,8193,345380,7,6,6,8,5,7,5,7,51
BKQYVRHWJ,TAKa,D883F4F9A,フラワー(仮),977,4,8194,345290,3,2,2,1,1,1,1,1,12
C0WFBYX8R,かんな,CP3KWKH07,まったり社会人部,359,0,8195,345200,6,5,4,2,1,2,1,2,23
PXV17FDVZ,まわりんこ,W3UUXHMDV,水彩ブーケ,1173,12,8196,345110,7,6,5,9,5,8,5,8,53
VVR98X5B5,バッチ,FHN78V2DJ,無言でどうぞ,1025,6,8197,345020,6,6,6,7,4,8,5,7,49
YMVYUTD1E,nico,DUK0X7DB1,中国愛蓮同好会,608,2,8198,344840,3,2,1,3,1,1,5,7,23
5GLMYHBKG,高坂千歌,JJ8EPVHMF,Aqours推し,848,0,8199,344750,8,6,5,9,7,8,9,10,62
43FKJTULR,みいめぐ,02XNKDH8X,せーはすの雑用係,1177,5,8200,344660,1,2,3,2,1,1,1,10,21
J8DMT66LB,(*`･ω･´),J4NTXG4T2,音ノ星ヶ丘女学院,1007,8,8200,344660,5,5,2,9,5,8,5,7,46
RD9YUHM93,Hiiii,J83JWJ028,大ㄇㄚˊ露營區,534,0,8202,344570,4,2,1,3,1,1,4,1,17
UGEPG6DJI,ふろまーじゅ,PH0YEPJD8,蓮ノ空北國金沢,1101,3,8203,344390,6,7,4,10,5,7,6,8,53
YNBBYI8SO,きききりん,JY79RPB1D,リンクラゆる部,1206,18,8204,344300,7,6,6,8,5,7,8,10,57
GLLL890E2,こず党員,C003CD1RW,☆蓮ノ空クラブ☆,882,2,8204,344300,7,4,6,6,5,7,5,8,48
5DMKM5EVL,173,NY54H2A8T,日本めぐ党,720,0,8206,344210,4,2,2,6,1,5,1,4,25
7U9AWFF5B,シモンニキ,DULFP3TRN,めぐ党員の部屋,818,2,8207,344030,8,10,2,10,9,5,1,5,50
WKFCRXYV8,北,AWFDLJ1HC,小蓮花（重生版x,866,10,8208,343940,1,1,1,2,1,1,1,1,9
6VNMV3L6L,Criss,JHTULVV5P,故に瑠璃乃推し,814,0,8209,343850,7,5,8,9,7,5,5,8,54
83NVGTPLF,エムズ,WAT20PN3Y,こな党,1266,10,8210,343760,8,6,7,6,7,9,8,8,59
AF4PPJDYV,garbage,2BB5YVRFL,蓮好き好きクラブ,708,4,8211,343670,4,10,1,3,5,10,4,1,38
M8BWX64GJ,セカイの住人,N287M17E3,プセやってるお,406,0,8212,343580,1,4,5,7,2,5,1,5,30
YG6DJ44J2,あおし,AHE0E3JND,ありがと！にひっ,511,0,8213,343490,8,7,9,9,7,10,7,8,65
SZ6AC1Z1Z,ハヤテ,2VJG66JTH,まったり,1287,13,8214,343400,9,8,9,10,8,9,8,10,71
MDX2A5F7C,ゆうゆ,6BFC4G5YG,蓮ノ空足湯同好会,995,3,8214,343400,9,8,8,10,8,8,8,9,68
RJ1H77TCE,スパイラル田吾作,67F1KB00K,さやか推し♪,918,0,8216,343310,6,6,7,9,8,10,9,7,62
5401BJ0E5,きょんしー,WBW66DMUB,るりめぐ研究所,942,6,8217,343220,10,8,8,10,1,8,3,10,58
R1J304VDP,zoom,P0D1M8CBT,いったん,1169,4,8218,343130,4,4,5,5,7,9,6,10,50
Z5JEWMET3,えんじぇー,9YM3DBTB7,泥民館,1283,4,8218,343130,8,8,8,9,5,8,7,9,62
P33MEPT1F,Kawacyan,3FF3NB77X,せーはす愛好会,1005,1,8220,343040,7,4,5,7,4,5,5,5,42
CMVG237YJ,ゆい,HKKCM3W4M,かほ姉の集い,827,0,8221,342950,2,3,1,7,6,5,7,5,36
EFE50LER5,ハイエイ,TDHKGHFPA,無言参加○！,940,0,8222,342860,4,6,6,7,1,7,4,7,42
UAN55ZHCX,水林清也,7MPNTWKTN,Dreamers,1228,10,8223,342770,7,5,8,10,5,8,7,8,58
360HD65ED,かいせんどん,JU71U26N3,目指すは上位帯,696,2,8224,342680,1,2,1,3,1,2,5,5,20
TTCG4JMM6,橘P,LG3XF86RM,ハロめぐ党無言可,1191,13,8225,342590,6,2,1,4,5,10,9,5,42
7T7TKW02T,ゾーフィ,7DRAN8UAK,光の星,1020,0,8226,342410,4,4,7,7,5,7,7,7,48
0AJAECRTY,イレイナ,B4ADNM80X,山本組,481,0,8227,342320,7,3,4,6,1,5,4,5,35
TBGNN4KIZ,エルハート,J09VEX2ER,くるくるポーズ,1107,1,8227,342320,2,4,4,6,4,8,5,7,40
8XLMP5CDD,てんのーじ,37N3TNTVB,推しを布教する処,378,0,8229,342230,2,1,1,2,1,4,1,2,14
NYFFCKEKX,むぎ,J8HXTJ8TB,流し素麺同好会,840,3,8230,342140,6,1,1,6,1,4,1,4,24
UMW056P90,けい,H837E0M9R,沙知先輩大好き部,1062,4,8231,341960,8,4,6,10,5,9,8,9,59
RMLJ0EEG4,レーゼ,M6UPWJ6DU,蓮結ぶ虹と星の音,990,5,8232,341870,6,2,8,7,5,8,5,5,46
MBJNHUW9G,橘かぼす,HBM31HMUY,YUKIZURI,1054,1,8233,341780,7,5,4,4,5,7,5,9,46
DJRZFAW0U,ジャン,EKACCPWWB,タフノ空学院,982,0,8234,341600,2,2,4,2,1,1,1,2,15
6VTGUU0TL,きのとい,WM6VLG32E,ツナガルソラ,1106,5,8234,341600,7,7,7,5,5,8,7,7,53
790R5MUEX,緑茶,HH93ADAW3,無言自由。,526,0,8236,341510,1,2,1,2,1,1,3,3,14
5U0MXNAH3,takashi,89K9Y7MX7,初心者歓迎,632,0,8237,341420,6,5,5,8,5,7,7,7,50
PVY0708FV,イカサマダイス,RBBCNBJK3,初心者,205,0,8238,341330,2,1,5,2,1,1,1,1,14
GGAXX31CY,Kiseki,7XH3K4GBT,LLP,366,0,8238,341330,10,8,7,10,7,10,2,7,61
HUY9TGERG,げっさん,C003CD1RW,☆蓮ノ空クラブ☆,422,0,8240,341240,4,2,3,2,10,1,8,2,32
C2KU6VD9H,りっかちゃん,XE8513HNP,喫茶カワウ空✨,628,0,8241,341150,2,2,1,3,1,3,1,3,16
CBJ2PB549,にかなやねほゆら,F2M746D4B,頑張らないクラブ,1123,15,8242,341060,1,3,5,7,6,1,4,7,34
73MD83B04,干潟デス,PV0H53DEC,Leave me,787,1,8243,340970,5,6,7,4,4,5,1,1,33
BN0Y39MFZ,ネンブツ,AR9HR528A,いろいろ実況,1006,4,8244,340880,2,8,6,10,7,8,5,8,54
VL7NKP5F7,flower,YM72HRVCF,ワンニャン部,1022,9,8245,340790,7,4,7,7,4,7,7,9,52
SCY073YML,さと,BT22M41DV,梢花帆吟子同好会,986,1,8246,340700,7,4,4,6,7,7,5,7,47
M7WK9JT32,くまさん,8FR866PRY,蓮っ子みらくラブ,1012,3,8246,340700,5,7,8,10,9,7,4,8,58
KGW9VXJ40,ターボー,FLFXP0T22,沼津内浦メンバー,790,2,8248,340610,7,6,5,8,6,5,4,7,48
CEDNNDFG5,どなみ,XXVVJY6FE,はぴぱれ,346,0,8248,340610,7,5,8,7,6,8,7,9,57
N5TL4EU79,ぷらこま,M74P64HDW,金沢サニーランド,1051,10,8250,340430,7,7,6,8,8,8,5,7,56
LP38ZNMCA,ルビコン,L91N4WPUD,ルビコン解放戦線,1211,10,8251,340340,7,6,7,8,5,9,8,10,60
15A74DY7Z,BAROQUE,0CBM28JP6,ほうき星,1493,3,8252,340250,7,7,7,8,5,9,7,8,58
SJYJ3U0F1,nyayn,6M1V9UG37,蓮の鼓動は愛,990,4,8253,340160,1,5,1,1,4,5,4,8,29
63VV2H90T,アロハ,X34LWGL6R,サークル2,1047,13,8254,340070,5,8,6,8,6,8,6,6,53
719XVGDRX,Akusa,0FMM30LCA,無言,307,0,8255,339890,4,2,5,4,1,8,4,3,31
2M7S1GW2Q,おさとぅ,2ULM366U6,毎日がエブリデイ,903,6,8256,339800,7,4,6,3,3,5,5,6,39
2NXT8CE1N,しろいの,FG4170141,♪さやか愛好会♪,339,0,8257,339710,2,5,4,2,1,2,4,4,24
M7F4X1G2O,けいどら,YLJ2PP4X4,全日本謝罪同好会,1517,6,8257,339710,9,9,9,10,9,10,8,9,73
H2FK1AJXN,たまご.,D1YHB0B1A,BWO,751,0,8259,339620,1,1,1,2,1,1,1,1,9
WWX1XCCX0,taul4812,J0M0JNFRH,名駅ラブカの集い,462,2,8260,339530,6,4,1,3,1,1,2,3,21
ATHEJW5VC,まやニキ,PE34YVY4K,ありがとう梢先輩,1129,4,8261,339440,7,6,7,8,5,10,8,10,61
VFIJK9GXD,骨,3TBXTEBUE,サークル(骨),1116,3,8262,339260,7,6,5,8,5,9,7,9,56
PV2AGVO25,試されるむーさん,BUKPFCJCY,TTMC蓮ノ空班,1139,9,8263,339170,6,6,6,9,7,9,7,9,59
0YB9LDMHR,なた,WNMCNJ62M,チームまったり,452,0,8264,339080,8,7,7,8,5,7,7,5,54
RB4RBAGV1,じゅぴたー,9GDHWXGVG,ルリと花咲く毎日,1144,14,8265,338990,4,7,4,3,8,7,6,8,47
NNE2KBAL5,はまぐり,8FR866PRY,蓮っ子みらくラブ,495,0,8266,338900,6,9,10,10,10,4,4,7,60
J1UPMXEK3,じょー,74HPWML1R,VALORANT,1126,12,8266,338900,7,7,10,9,7,7,7,7,61
6R97BN7AW,うなこ,BY88H1W9J,吟!!蓮女塾,1019,7,8268,338810,9,10,8,10,8,10,8,10,73
DYRRW9FN1,雪輝,W2HEPMM2A,無言。ぼっち。,1038,13,8269,338630,4,6,6,8,7,8,7,8,54
FC337WN1D,ペレイロ,N1DJVPGP8,いつでも咲けるよ,825,2,8270,338540,9,4,1,6,3,1,1,9,34
6N5456B15,にゃるかな,0JY7F3EKU,さやか愛でる会,966,2,8271,338270,4,5,4,5,5,8,4,9,44
JZO7XOCLT,ぐれい,73N4AB3LR,かほ子のイオン,1254,13,8272,338180,6,6,8,9,5,9,8,10,61
K32KRCHPP,❀近江彼方❀,75UJ5RB97,蓮ノ空雪野球部,227,0,8273,338090,3,2,5,3,2,2,1,4,22
WWZUMD0Z3,ねんじり,4XRHRYDW4,無言でエンジョイ,1288,15,8274,338000,6,6,8,7,8,7,6,9,57
4G2FX2V8F,えくれあ,07JW71HWG,良いチケで観よう,1184,4,8274,338000,4,1,1,7,8,9,7,5,42
V1LUUA7GE,F7YNNC2K,UHF5Y8PEF,さやちゃん倶楽部,928,1,8276,337910,1,7,5,10,8,9,5,10,55
1GJGQ0XI7,リュウキ,B4ADNM80X,山本組,836,8,8277,337820,4,6,2,6,9,5,3,8,43
200W6G8RE,浜路,0CBM28JP6,ほうき星,955,0,8278,337730,7,2,2,7,4,5,6,5,38
M4TKAYLLO,みーる,72J5PWU5K,ライグラ待機室,1236,14,8279,337550,6,7,8,10,10,10,10,10,71
G635BD4H8,しいな,BTVC9G95X,FES用,1292,9,8280,337460,2,2,1,2,1,1,1,1,11
R7YCD3REH,やすお,31A7JKC69,蓮好きの巣窟,1225,9,8281,337370,6,7,7,6,10,4,2,10,52
FJ0RXVPW8,単純細胞,ABALH0AL3,楽園計画,765,0,8282,337190,5,6,4,9,1,7,7,7,46
JX3N8TC0X,YUKA,T2G89JA59,なんとかなる！,698,0,8283,337100,7,4,6,8,6,5,6,7,49
4OYDSG94A,まさお,3HDDYR4FU,旅人,1306,15,8283,337100,8,7,5,10,5,9,7,9,60
Y8PGJ32XW,ちゅちゅまる,48GTYR1VB,ハラショー！,818,1,8285,337010,1,1,2,2,1,1,1,1,10
EN68LG2H2,桜花,U1X8XUL9G,イベント用？,795,2,8286,336920,4,4,2,3,5,1,1,1,21
BJSVZ9WDU,シア,EEP20F2M8,綴理の綴り,1039,0,8287,336830,7,6,6,10,8,8,7,7,59
4K1WB4HTK,まじ雅！,T56X6LP0L,光の海,765,4,8288,336650,4,5,4,8,10,7,4,7,49
T3YBZG5MC,Yurieru,PK39RK6W9,蓮ボンバ,432,0,8289,336470,5,2,4,1,1,1,4,4,22
1KYUUYKE0,GLAY73,PD80VCP5N,虹ヶ咲学園,1040,2,8290,336380,1,2,7,6,5,9,10,9,49
LIYOXDC16,natume,3EJX5WB1A,金沢綴理門,1149,0,8291,336290,7,5,7,1,4,8,7,6,45
3X19PAA57,よっそん,G59NGM0XA,シュリーレン,1124,10,8291,336290,5,4,4,8,7,9,5,8,50
PB0VF6VPY,謎の学院生,39Y0R2814,蓮ノ空の隅っこ,980,4,8293,336200,8,6,8,9,6,8,6,7,58
2D2TO6VFH,まるっぺ,RU340PRAY,わちゃわちゃC,615,2,8294,336110,2,2,4,1,1,1,1,3,15
NU13M8LMJ,たわし野,UHF5Y8PEF,さやちゃん倶楽部,847,6,8295,336020,10,8,4,6,1,6,9,7,51
05ZVVUK9E,瑞奈,PWK02KG0F,メメントの森公園,1107,8,8296,335930,7,6,6,8,5,8,6,7,53
Y0YHX0E46,凛として時雨,VNEY6C9BE,スリーマーメイド,673,0,8297,335840,5,6,4,9,4,7,1,4,40
Y0W27ACUK,pyon兎,TFGKYEY98,LLP JR,844,0,8298,335660,5,6,6,7,4,9,6,9,52
GNPYGP1B5,P-kino,WWWUTP96L,異次元からキマシ,425,0,8299,335570,6,4,5,7,6,7,6,7,48
AR54J818J,たっこ,J0N1E3Y09,月火水木金土日,861,1,8299,335570,1,3,1,2,1,2,1,5,16
GWB5A2Q69,Xナイト,UHWA4YLWP,蓮ノ空を見守る会,1122,5,8301,335480,8,6,7,8,5,8,6,9,57
1BE5776DH,Taka,39Y0R2814,蓮ノ空の隅っこ,772,0,8301,335480,8,6,8,7,7,9,5,7,57
70G3Y1WK6,Hayate,T2XRMGEAE,蓮根無言会,585,0,8303,335390,2,2,3,2,1,4,4,4,22
RFZT1N2C7,こな,HB9AU9DJJ,聖心党,1058,0,8304,335210,1,6,7,8,4,4,6,5,41
6UJFY90W2,にこんち,P2J37FNLG,乙宗先生指導会,253,0,8305,335120,9,10,10,10,8,10,6,4,67
I1XQSY4LP,道の駅かなん,LJMD3TWBB,道の駅蓮ノ空,1065,3,8306,335030,8,7,6,8,5,7,8,9,58
XM5UG18PA,るい,CP3KWKH07,まったり社会人部,419,0,8307,334940,4,7,4,6,5,7,8,9,50
FUWKK2F57,T橋,LLDLG20UU,UR取り隊,802,2,8307,334940,6,9,6,8,8,1,1,1,40
8ERC32BWE,もか,GK7JNB0NW,参加賞取り隊,733,0,8309,334760,5,6,7,2,5,7,2,1,35
CV05XJ57P,お花丸,T045NDKW0,♬さやか愛好会♬,1066,2,8310,334670,1,6,1,4,5,9,6,5,37
CVIR06O3F,りつ,P01RCC6L2,まったーり,928,6,8311,334580,3,6,3,6,5,6,9,10,48
DYY5UB5XG,ミツキ,F2CFWVMY9,藤島め組,1442,12,8311,334580,1,2,2,2,1,9,2,2,21
9ANG18HNL,うめきち,XXVVJY6FE,はぴぱれ,769,2,8313,334490,8,6,6,9,7,7,5,9,57
0GTWC8H4B,ヤスオ,YM72HRVCF,ワンニャン部,1180,2,8314,334400,7,6,4,6,5,7,7,8,50
4XP5TPAW0,jack18,578YG6EAT,桜桃花束愛聴会,1118,3,8315,334310,7,6,6,8,5,7,5,7,51
HN4Q706Q9,くまごろう,PUJ0ERCMW,蓮ノ空倶楽部,1252,0,8316,334130,8,9,9,10,9,9,9,10,73
0GFHWVA78,りの,ETAMCYHME,蓮ノ空お昼寝部,917,3,8317,334040,7,10,5,7,8,3,7,8,55
6KKO3RFTI,とむとむくん,J62DRC7J5,蓮ノ空好き好き会,1341,15,8318,333950,5,9,6,7,8,10,5,8,58
OX167XEAA,CG墨麓跡,5JA9K5FAK,オタサーの姫芽,815,12,8319,333770,3,2,1,4,1,1,4,5,21
T9YH935YJ,かーりー,06DCWC1RE,とりあえず参戦用,513,1,8319,333770,10,10,6,10,5,10,6,6,63
WU2E6H379,アリア,K25DPPGT9,圧倒的にまったり,797,2,8321,333590,7,4,4,4,4,4,5,4,36
K8H0O5MTX,ぬーとりあ,DF7FA982P,蓮ノ空百合部,1342,10,8322,333500,8,8,8,9,7,9,7,9,65
3BBMNCHPK,やむやむ,866DU609J,ラ！スレ@may,1192,0,8323,333410,7,7,6,7,6,8,8,10,59
8JUFX3O4Y,てんぱ,UHF5Y8PEF,さやちゃん倶楽部,1103,10,8324,333320,7,6,5,10,7,10,5,10,60
XUDW182DT,OZ,9P9EPKFHE,無言参加OK,295,0,8325,333230,7,6,7,10,6,8,5,7,56
OCTNSNQPI,月,H1LTYMK0B,花帆が可愛いの会,981,2,8326,332960,7,6,5,2,5,8,8,9,50
2K11WXB2P,ｾﾄﾓﾉ,3194B9E93,初心者寄り合い所,199,0,8327,332870,3,2,5,9,1,2,1,4,27
G5LB3VNP0,ましゅろ,L6MF2MPBN,みらくらぱーく党,676,2,8327,332870,5,4,7,10,6,7,5,8,52
8BYZE58HS,デイトナ,5L9GNT78V,叶え！私達の◯◯,1026,0,8327,332870,7,6,4,10,6,9,7,9,58
R1R07VYAY,べじ,X7C21B7H7,泥,666,0,8330,332780,7,2,1,10,5,2,8,7,42
PM2B5D4HC,まな,0V75M00RK,ネオヴェネツィア,1021,11,8331,332690,10,7,5,10,4,7,9,10,62
LVPXD7ADJ,︎やや,B8RAN2APL,のんびり,457,2,8332,332600,2,5,3,1,4,3,4,4,26
NP4AVG7XM,れもん,DJC4WJXGV,無言出入り自由,307,0,8332,332600,1,4,5,5,4,6,5,7,37
T1VUYU085,瀞蓮,M08GKL70U,ららマジ難民の会,1000,4,8334,332510,5,4,4,6,6,5,5,7,42
0WCO17NRD,よっちゃんタコ,7U20138DB,LGP,1378,10,8335,332420,9,8,9,10,6,6,6,9,63
DDRVAYYF6,徒花,ABALH0AL3,楽園計画,726,3,8336,332330,5,4,4,2,1,5,4,7,32
NH76ZMAQB,あいりん,5R6WFVMJ5,あいりん会,1070,12,8337,332240,5,5,4,8,6,8,9,5,50
A7RUBXEMB,しゃこ,T48KV9EP2,無言ぱーく,1154,3,8337,332240,6,3,4,8,6,7,5,7,46
XYB6MEPGK,豆,N83DW3NYG,†極最強倶楽部†,584,2,8339,332060,6,7,5,8,7,10,2,8,53
22O9N31AZ,ペレイラ,KBJ2P8T0Y,人見知りの集い,1142,4,8340,331790,7,6,8,9,7,10,6,9,62
PJLS7NV8H,To-.,60KU468X3,はっすーず,1128,2,8341,331700,5,7,8,8,8,9,5,5,55
U4CB3YTEN,ブレーザンギル,3F0M4HXJE,蓮ノ空まったり部,680,0,8342,331610,5,2,2,4,1,9,3,3,29
KTPHKA8PT,うざわ,J9T0UFKXG,光を目指す者たち,428,0,8343,331430,1,2,1,2,1,1,1,1,10
FMNW3QU6R,りん,YVV9CMBLW,東京公演で沼落ち,1129,6,8344,331340,7,4,4,7,4,10,5,6,47
53LKTPKUR,パンコ,YJNWBA8F6,梢推し隊仙台支社,1078,5,8344,331340,6,6,5,9,7,10,9,10,62
PHK2SZQYD,やう,MUXWTW1GV,蓮の空見守り隊,688,1,8346,331250,1,1,2,5,1,8,1,1,20
2CK21B89C,かっぱ？,AXGGJ4EJ1,所属だけしたい部,745,2,8346,331250,9,4,1,7,1,10,1,4,37
240UWE87K,ドアベル,HYUMHA27V,ゆるっと蓮ノ空,1115,2,8348,331160,9,6,4,10,8,7,6,8,58
DL45WBFL7,アオイ,JWUL2T36L,チーム初心者,430,0,8349,331070,4,2,8,4,2,10,1,10,41
3E82TRYTM,あかにこ,MVYAVX8BK,きらきらきらら,584,0,8349,331070,6,3,9,5,7,7,6,9,52
UPDBPVI0Q,はすかぷ,LHXNEF3D5,まるまるサークル,983,0,8351,330980,5,4,6,8,4,5,1,4,37
J8KMXPAX5,まきお*,0CEA9XFKR,蓮ノ空の泥人会,1064,0,8352,330890,4,2,3,2,5,5,2,1,24
NJV304XIX,差浜@ぜのぷろ,0FC29NV4L,flourish,612,0,8353,330800,5,5,4,7,4,1,4,7,37
HJWRN5HFC,ひらおり,865UE9UC6,蓮ノ空うどん部,1051,2,8354,330710,1,2,1,2,4,1,4,6,21
R0GM27UGC,アレク,VAR94KPUT,日進月歩,1086,2,8355,330620,6,7,7,7,7,8,7,8,57
680NEVOVP,ネコザメ,8M2MFU9U0,リンクライブ,1078,0,8356,330530,7,6,6,6,5,8,7,8,53
G2YJETJ98,・・・・・・,1G89KTD5X,サークルひとり,1087,3,8357,330440,8,6,5,9,5,8,6,7,54
BHDGYJHGK,Star7231,5GLTCW4YR,さやひめ愛好会,855,0,8358,330350,5,6,6,8,6,6,7,5,49
H5ADYTDNE,ぐっさん,FUMTDJDMT,蓮の実,740,0,8358,330350,8,8,6,8,6,8,8,8,60
7CLA0XK32,ノヴァ,PUJ0ERCMW,蓮ノ空倶楽部,678,0,8360,330260,9,6,4,8,3,3,5,7,45
543P6KNT5,黒澤ピギィ,2AUM7L9BW,蓮初心者クラブ,600,2,8361,330170,4,5,6,2,6,1,4,1,29
BGBUC5VD3,蓮ノ花,NL1MPRG05,とりあえず,810,1,8362,330080,8,6,7,5,5,1,6,4,42
1MHLTPCC5,ゆるます,KA1249N3H,沼津倶楽部,364,0,8363,329990,8,6,6,6,4,4,4,1,39
CKDAKOIPM,アクセス,T045NDKW0,♬さやか愛好会♬,1307,17,8364,329900,10,10,10,10,10,10,10,10,80
HR7E7M8PO,こなたん,G2WL65JFE,さやかなた,1099,5,8365,329810,7,7,7,7,7,8,8,9,60
XTJ0F4QAG,ジャスティンの,UVK38MFR2,蓮の虚無サー,1186,2,8366,329720,6,5,7,8,7,9,9,10,61
3VXL3WX2N,17,X87KNX4N3,蓮ノ流星群,821,3,8367,329630,4,2,10,4,2,5,3,4,34
J9BJE6TJ7,ピョン吉,B647MRPHR,壁の民女学院,1139,11,8368,329540,7,4,7,7,5,7,7,7,51
K7ILFKL1U,すぎのき,VXDPPJJL1,蓮ノ空リボ課金部,969,2,8368,329540,4,4,5,4,5,4,5,5,36
11M603462,ノポッポー,MUXWTW1GV,蓮の空見守り隊,863,6,8370,329450,5,6,7,10,5,5,4,7,49
7L3FN79FL,ルーキー,0NLHKATWL,生きてるだけ偉い,528,0,8371,329360,7,6,6,7,5,7,7,7,52
NW5BNTHQA,シドウ,J0PT5EX42,スクスタモ部,1169,0,8372,329270,4,6,4,6,5,1,7,6,39
T128AC9XH,グレイ,YHWN0NJ03,ドカ食い気絶部,477,0,8373,329180,5,3,3,9,1,5,3,7,36
65U9R7FDP,Ayart_QZ,RBH0YM8P2,蓮ノ空ラーメン部,865,2,8374,329090,5,5,1,3,2,1,4,4,25
O5DDROB4W,Hamster),RM7N1JDB5,無言推奨不干渉会,1139,5,8375,329000,5,6,5,8,4,9,7,7,51
D2WHM9LNN,Satoryo,KGFV7AB2J,石川県立図書館,539,0,8376,328910,5,7,5,7,4,7,7,8,50
0R13TUC67,とよほん,RC3X71TV7,気づいたら爆散,601,0,8377,328820,7,7,8,9,8,10,7,7,63
N55C9E30T,パンプキン,427WENUC4,心の癒し～蓮ノ空,246,0,8378,328640,1,1,2,1,1,1,1,1,9
UV6NLMK2K,屋根裏のゴミ,L2HJ46YVK,徒町の一発ギャグ,1022,3,8379,328460,1,4,4,10,8,10,10,10,57
NEU7GA18B,南東,FG4170141,♪さやか愛好会♪,371,0,8380,328370,1,5,3,8,2,1,1,1,22
9EYDLCSBD,ふれでぃ,8KH5HV93T,一人ですけど。,993,4,8380,328370,7,6,7,5,5,8,5,7,50
YGFB6NPK4,開闢の予言者,G7B8E7U52,ぼっち,480,1,8382,328280,2,2,1,1,1,1,1,5,14
FHP26KJEF,Rosie,43N0M7B57,Hasu EN,213,0,8383,328190,7,6,8,6,6,5,6,9,53
3WU46EDRT,ユウキ-S,WN3LHKX0L,レンコンおいしい,992,6,8384,328100,2,4,4,8,6,8,1,8,41
RGTWOE4YX,氷華,VY26V3P0K,AltF4され隊,932,3,8385,328010,8,10,10,7,7,7,6,9,64
GYY6TWHYM,焔夏（ほのか）,PVRH71TL3,Flow'Lov,1056,5,8386,327920,6,6,6,7,4,8,7,8,52
Y351RVU1R,ニャル,JX0BXWNWH,新米蓮好き好きC,179,0,8387,327830,6,8,6,4,1,1,9,10,45
QZIVSKW5H,ヒョード,X87KNX4N3,蓮ノ流星群,1092,7,8388,327740,5,6,6,5,5,7,5,7,46
P2S9CJYJ3,あまみょん,V33FGRFC4,1限目に遅刻ラブ,1174,3,8389,327650,5,9,10,7,6,10,4,9,60
8CDM3RK9P,たにそ,2B97MH4YA,同じ話し何回も…,432,0,8390,327560,10,6,10,9,10,10,8,5,68
FNJJE8K3M,えす,E12PR824F,ゆるっと蓮ノ空,180,0,8391,327470,10,10,10,10,6,10,10,10,76
YV0DB8493,はんぞ,GW4CH70HK,TKG同好会,1154,6,8392,327380,9,7,7,7,5,9,6,8,58
JVLD2V12Y,なまトマト,YVFP54NA2,無言OK！,991,2,8393,327290,4,4,7,8,6,8,5,8,50
E5TPKXRAE,味無,N94LEWF2D,無言よわよわの会,977,2,8394,327200,5,8,5,8,6,5,4,4,45
DWA3NBGBH,かき氷,CVFYWNA8C,大阪の帰宅部,711,0,8395,327110,4,5,5,6,4,1,4,4,33
QOB3T3IGG,もやし,W3YKKRWHG,ルリと愉快な一家,1214,3,8396,327020,5,4,8,2,1,4,1,1,26
ATEJAAMMY,邪王真眼,KXEME076E,つづさや親衛隊,418,0,8397,326930,3,4,10,3,2,2,1,3,28
5VECG5HHA,ごつごつ,VLY5JDKCV,新規なのだけれど,1041,4,8397,326930,5,6,5,2,5,8,7,8,46
QWTJOY857,よー◆,CRYB2FJ64,つくよみくらぶ,969,2,8399,326660,6,5,6,8,1,7,7,7,47
DERWPX300,さくらぎ,F08AHUJJ0,綴理のお世話係,888,6,8400,326570,8,6,6,9,5,6,7,7,54
1KF25J19H,まっきー,0NLHKATWL,生きてるだけ偉い,757,0,8400,326570,8,8,8,10,9,10,10,10,73
R8L65I5P6,クリム,NMFBD39FM,蓮ノ空分室,766,0,8402,326480,7,2,4,2,4,5,4,5,33
SBZ6IOK5E,nagisuke,PD80VCP5N,虹ヶ咲学園,879,2,8403,326300,7,5,3,5,1,5,7,4,37
WJB59T66X,ダイ,RWDWD9PP6,乙宗家の屋敷妖精,968,3,8404,326210,4,5,6,7,8,9,5,10,54
6YY66HD9N,こまや,N7GLY2RUW,百生銀行,913,2,8405,326120,1,4,4,6,5,9,8,7,44
0CLTD2DKT,く,GG56G6WKD,FF43企鵝冰屋,951,5,8406,325940,1,6,1,10,5,8,1,8,40
IPE43Q5EB,今天也要努力起床,X19MP0NTT,蓮之空河豚养殖場,1073,11,8406,325940,9,7,8,8,4,6,8,8,58
9JI8BMCH0,はるの,8R49BTWW6,蓮女お嬢様クラブ,1172,13,8408,325850,9,8,9,7,7,9,8,9,66
6BWDAJN0J,斗夢,M8DLNG6PT,ココロニ蓮ノ空,315,0,8409,325760,3,2,3,1,3,2,1,1,16
H8DUFRYF6,ナベ,4KRBU0KFF,ノーチャン会,516,0,8410,325670,2,2,1,3,1,1,3,3,16
4LZBOTBXW,ヴィータ,8JMW9G2XW,僕らのリンクラ！,956,2,8410,325670,6,2,1,8,8,5,4,6,40
M66YB3E43,ゆう,LLDLG20UU,UR取り隊,585,0,8412,325580,1,2,8,2,1,4,1,1,20
DVSUURRWY,Ibarata,MVMP6NNXD,空き時間らくがき,1154,17,8413,325490,1,4,7,8,8,10,8,10,56
LFG8MUL5Y,Shang,J83JWJ028,大ㄇㄚˊ露營區,546,2,8414,325310,2,7,4,9,1,5,3,7,38
KFU6PD2NF,ふぁんこ,CRYB2FJ64,つくよみくらぶ,936,2,8415,325220,1,2,2,2,1,1,1,1,11
YZ0L62QGW,はるにゃ,APD9U5CFA,立ノ空スクステ部,969,7,8415,325220,7,7,6,7,5,9,5,7,53
FJXNK1TFR,KENTAR,VK4MUJ16V,鉄製ダンボール,959,3,8417,325130,6,7,9,8,9,9,7,9,64
BD3E5IL02,がんばらない,6FWRD1K40,いちじょ海賊団,1077,1,8418,325040,4,6,8,7,4,1,1,1,32
KN805MMVW,しぐま,W3UUXHMDV,水彩ブーケ,1234,0,8419,324860,8,7,7,9,5,7,7,8,58
K4JNNTPVR,アサヒ,9YG7C0VM7,綴理と無言で昼寝,1039,4,8420,324770,6,3,1,4,1,1,1,6,23
MD4DWZRXL,だすを,UVK38MFR2,蓮の虚無サー,1184,12,8421,324680,5,2,7,7,5,8,8,8,50
O7N98XA6J,リュウ,UHF5Y8PEF,さやちゃん倶楽部,1201,15,8421,324680,6,6,7,9,5,10,7,8,58
U6L8MF89X,p103,D075KXX86,花うさぎ,983,2,8423,324590,7,5,4,6,8,9,1,7,47
OKXR7V7JG,迷子のお姉さん,2AUM7L9BW,蓮初心者クラブ,587,0,8424,324500,2,3,2,4,2,1,3,1,18
G05NYL0MP,やまだい,T2XRMGEAE,蓮根無言会,622,2,8425,324410,2,2,1,2,1,1,1,1,11
AU15LGJTC,なかよし,1EL57CDR0,なんもわからん,882,0,8425,324410,6,6,7,9,6,9,8,10,61
VQ60I1SSW,守凪,YK0X6N2HN,無言OK出入自由,1001,4,8427,324320,1,2,8,7,5,6,10,10,49
TQ121V5CS,ユウ,AR9HR528A,いろいろ実況,1204,0,8428,324230,9,6,8,9,6,8,8,10,64
4Y4U4Y25C,星空owo,MUXWTW1GV,蓮の空見守り隊,364,0,8429,324140,8,4,4,10,7,4,4,8,49
KNCMXU3E8,まつ,J83JWJ028,大ㄇㄚˊ露營區,786,1,8429,324140,2,2,2,3,1,3,5,5,23
6VN0F89TA,のすけ,9E910GGD2,蓮ノ空給湯室,1106,8,8431,324050,4,4,6,8,4,8,7,8,49
M562HLW04,こずかほ方程式,H0DV3JJGA,かほさやてぇてぇ,968,13,8432,323960,5,6,6,8,7,6,9,10,57
6PC9BRYIR,みぃこパパ,HWMV33W7Y,フラワー泥民館,1102,0,8433,323870,8,8,6,7,5,8,8,10,60
MHF0UL40G,けんおう,8GAY2WBT6,(・8・),1356,6,8434,323780,8,8,10,10,8,10,10,10,74
X8UFB1K82,kirishim,7UX6117P2,重曹圖書館,1092,11,8435,323600,2,2,8,10,2,10,4,8,46
T4V1PTC93,白桜(再),96VF52WEJ,空,1079,13,8436,323510,7,7,7,9,5,8,7,7,57
6DNV8U5DW,あきえもん,J44XXU43T,みらくら教,695,0,8437,323240,10,7,9,6,6,10,10,10,68
BWTPVGLGC,DETR,8M6UDX260,ぽけもん好き,755,0,8438,323060,5,2,4,4,1,4,4,1,25
2SM1ZSNNU,NASUMAL,DFFYFJ2B6,つづさや好き過ぎ,968,8,8439,322970,1,2,1,3,1,1,1,2,12
XY886KL2P,谷々,HXVYGL96H,初々しい対抗戦,1054,10,8440,322880,8,9,8,9,8,10,7,10,69
G0SAFEP6C,リンク,1KDUBW4HB,めぐ党0番,933,2,8441,322790,4,7,4,6,4,5,5,6,41
26IHVJ9WN,Einhart,EKACCPWWB,タフノ空学院,988,2,8442,322700,4,3,8,5,6,9,8,10,53
1CAE13HEC,たーきー,GN1798YEX,ド!ド!同好会,1095,3,8443,322610,1,4,4,2,1,1,1,1,15
5XC3K26DL,ムラサン,GMKTGU0RT,フリーフラワーズ,1253,14,8444,322520,3,8,5,7,5,7,10,10,55
87SOZSTDS,ハレクモ,HWMV33W7Y,フラワー泥民館,1194,18,8445,322430,2,3,7,7,5,8,10,10,52
LRVFUB2XX,まと,G0WRCNRWK,県立沢庵図書館,1084,6,8446,322340,4,5,7,8,7,8,8,10,57
L3QD7MXCK,Paya,VNEY6C9BE,スリーマーメイド,1176,2,8446,322340,1,2,2,7,1,1,5,5,24
ANCUXMV40,あくあクルー,HGVHHB78D,蓮ノ空写真部,193,0,8448,322250,4,3,1,2,2,1,2,1,16
YJVWTXX73,めう,XR2P2LDY3,蓮ノ空さいきょー,959,4,8449,322160,2,4,1,6,4,9,8,10,44
P8BCRTRV4,おとく,0R8BXPRC1,ポチっ！とクラブ,1036,0,8450,322070,1,7,10,9,5,1,3,8,44
U2N6HTXJR,うー,C021HVB2B,第3芸能科,950,1,8451,321980,6,6,5,8,5,7,8,8,53
P1XY5WCYD,揚げゼンマイ,AH27N260E,百生信託銀行,721,1,8451,321980,5,3,2,5,2,5,4,1,27
XEYFUT5WM,めれく,XHJLF3R8H,ゆったりプレイ,968,0,8453,321890,7,2,7,10,9,10,4,8,57
X5EN88WNW,ざんねんなすみれ,NLB84DYBF,下松系拉麺同好会,989,2,8454,321800,7,10,7,6,4,7,7,7,55
XXT4NF537,やち,T48KV9EP2,無言ぱーく,842,1,8454,321800,4,4,6,7,2,7,6,8,44
DD7XUVC1T,太雅（たいが）,8YNHW7530,虹ヶ咲、蓮ノ空,781,1,8456,321530,4,6,3,7,1,5,1,4,31
R13OARJ8A,Alex_Rin,18YYNRFGA,LotusSky,852,0,8457,321440,5,4,9,7,8,9,5,9,56
F8JTB49EN,サブ太郎,HKETDDCK6,ぼっちざ蓮!!,847,0,8458,321260,9,7,6,9,5,8,6,9,59
MZUJAE11Y,凍牙,GP6E7TYP9,悠久,1137,3,8459,321170,7,8,8,4,7,9,7,8,58
TK2CL0MB7,わふう,PH0YEPJD8,蓮ノ空北國金沢,1255,18,8460,321080,7,7,7,10,8,9,9,10,67
AGRRFZ4VU,剣護,K2L5DCVNR,REAL,1070,2,8460,321080,2,2,6,6,5,5,5,8,39
XNEDP11DX,しゅうぽん,YK0X6N2HN,無言OK出入自由,1152,6,8462,320990,4,6,5,6,4,8,8,10,51
YYWUO3Q01,たね,UVK38MFR2,蓮の虚無サー,1226,0,8462,320990,7,3,3,7,5,8,7,9,49
8BFB3KRE1,ヒデユキ,1EBG7YUTL,菅！CAN！叶！,909,2,8464,320900,8,6,6,8,5,9,6,10,58
H52C1HPBU,UA,UVK38MFR2,蓮の虚無サー,1213,3,8465,320810,7,6,7,9,7,9,6,7,58
JJDJTNAV3,♡真鍋凪咲♡,FK5MUK0ET,くる♡すきクラブ,663,4,8466,320630,3,2,2,2,7,1,3,1,21
LF4TUHPGF,カツ,M44P06CH5,つづさや見守り隊,994,1,8467,320540,4,6,1,2,6,5,10,7,41
PCMKE4U2G,花霞桜花,JF8T2CBK3,flowers,602,2,8467,320540,7,6,6,6,6,4,7,8,50
OQVSWE4UG,吉川瑞希,9P9EPKFHE,無言参加OK,1240,5,8469,320450,7,8,7,9,7,8,8,10,64
B3LYD88ZZ,るり,HDD9DJVTB,Lotusky,346,0,8470,320360,4,2,1,3,1,1,1,3,16
12NCD1C51,桔梗,2AUM7L9BW,蓮初心者クラブ,1004,9,8471,320270,7,6,8,10,7,7,6,8,59
FTAX7YK0U,竹井慈英,J5VH363YL,逆Aqours,194,0,8472,320180,10,8,10,6,5,6,2,6,53
PK50F4041,ダイヤ,36DAM7HBL,蓮隠れノ里,1023,3,8472,320180,4,6,4,7,5,7,1,7,41
XGWOTA75H,ヒイロ,GAVKLWBNE,蓮の空自由人,1190,2,8474,320090,7,6,6,8,7,8,7,9,58
TDF0YPK8Y,てつしみ,3LPBPHL3V,壁の民の伝説,757,0,8475,320000,1,1,3,3,1,1,1,1,12
A3J8RATA9,いずみ,YVV9CMBLW,東京公演で沼落ち,501,0,8476,319910,4,6,5,7,5,6,1,4,38
VW3L0CJ71,evo,427WENUC4,心の癒し～蓮ノ空,1144,0,8477,319640,10,9,9,10,8,10,8,10,74
1UKE9JMJR,ななな,A6XF7K90J,EN▶こ.こ.こ,859,2,8478,319550,7,6,1,2,1,4,4,5,30
JEKHA7U1F,棚放たな,B08JAPP33,対抗戦したい,456,2,8478,319550,8,6,7,2,8,5,5,1,42
X1MR7YWFM,さき,RXXUPMWB9,待機室跡地観測所,755,2,8480,319460,7,6,4,8,5,9,7,8,54
TKKERJEHX,FT..,HWMV33W7Y,フラワー泥民館,1013,2,8481,319370,7,2,2,6,5,7,6,7,42
9P940PLYR,せんごく,08DDCV5JN,黒ねこのしっぽ,793,0,8482,319280,6,6,6,4,7,8,5,8,50
E8ANHAYC5,Reiko☆,PH0YEPJD8,蓮ノ空北國金沢,1094,13,8482,319280,5,5,7,10,4,5,6,7,49
N5BVNYPXD,桜井 緋彩,VNGFF4PY9,ねずみね！,1010,11,8482,319280,2,2,5,2,1,4,1,2,19
3A19E1LXM,ゆ,6FWRD1K40,いちじょ海賊団,765,2,8485,319190,9,6,6,8,5,4,4,7,49
UF5EGD2RT,饶舒铭,JA2C658FW,さや綴理の村人,771,2,8486,319100,8,5,2,7,4,6,4,9,45
H70XEGBVR,ウソのゴサンパチ,GN9EEL045,きらくに,296,0,8487,318920,1,2,4,2,1,1,1,4,16
FMH291MCJ,CatTea,G8F0M2PH2,アフターウォール,623,3,8488,318830,7,4,4,8,1,4,4,5,37
K15LA0WMM,タカ,F7Y0XP6VY,梢先輩大好き軍,914,2,8489,318740,4,1,1,4,1,3,5,4,23
C9OCIE2KQ,北落師門,CP3KWKH07,まったり社会人部,1259,6,8490,318650,8,6,7,10,8,8,8,9,64
HN3KH2V3N,爆速の兄貴,WLLWJ8ADP,乙宗筋肉サークル,979,4,8491,318560,5,7,5,8,8,6,5,10,54
XAGV5GH2R,Penguin,W3UUXHMDV,水彩ブーケ,1108,7,8492,318470,1,8,2,8,7,9,7,8,50
71GS87RQX,ヨツギ,EAU5JTX3H,チシマザクラ,1004,2,8493,318290,5,5,8,10,7,8,6,10,59
2G6HT0GNP,たか,F31A07X4V,蓮ノ空福井分校,1037,0,8494,318200,4,4,4,7,5,8,5,9,46
5RKW3ETUC,ラピス,KBJ2P8T0Y,人見知りの集い,541,0,8495,318110,1,4,5,2,1,3,4,1,21
6XV917KBM,サンクラ,2DYYAPFVN,蓮っ子村,1117,3,8495,318110,4,4,6,7,7,10,10,9,57
9JQX7EZ44,潤子,1MHMKNGWE,硝子の花園,1352,18,8497,318020,9,8,7,10,8,10,8,10,70
1WT4QCO0G,みずな,JE7V5MM31,蓮ノ沼に沈んだ泥,1082,4,8498,317840,1,2,1,4,1,1,1,4,15
YPBUEGLFW,sapphire,23PGPJ3NV,蓮ビギナーの集い,1212,18,8499,317660,10,10,9,8,8,10,8,6,69
ED7L6JEBW,つぶみかん,AHE0E3JND,ありがと！にひっ,1361,10,8500,317570,10,10,10,10,8,10,8,9,75
2Y9ZOHUNO,ﾋﾟｬ-,1EBG7YUTL,菅！CAN！叶！,966,8,8500,317570,4,2,7,6,1,8,5,5,38
3Y3Y43TDW,ソラのサブ,M49MMBK4F,スリーズパーク,770,0,8502,317390,1,4,4,6,1,1,4,5,26
HFA1JGBAU,ビショップ,NMT63RUDV,泥村,1326,18,8503,317300,8,9,10,9,10,9,7,8,70
SCDJLFREK,れおめぇ,8ARWEB67F,蓮ノ空れぎゃ米部,1182,15,8504,317030,1,2,5,2,1,5,1,2,19
BMM11LWTE,anju,EECF9C0N3,蓮ノ空　茨城分校,293,2,8505,316850,3,2,1,3,1,2,1,1,14
WNRXHRAIB,ろーたりー,NA8FEYN0M,蓮ノ空飲酒クラブ,1020,8,8506,316760,7,6,5,9,5,8,5,7,52
1ATG4LHNR,霞ヶ丘かすみ,CT8XW752X,蓮ノ空写真部,923,4,8507,316670,8,2,1,5,6,7,6,7,42
5J7UUYLAD,ばーらむ,V8XX999F6,卍蓮村幼稚園卍,1055,6,8508,316580,8,6,4,9,7,9,8,8,59
V44E4HJ1X,詩羽,0YLUK30K6,蓮っコの集い,595,2,8509,316490,1,3,3,6,4,3,3,5,28
83J0M16WD,saki,M6UPWJ6DU,蓮結ぶ虹と星の音,1348,6,8510,316400,8,7,8,9,7,9,8,10,66
UQRHDCUCA,ソラ,M49MMBK4F,スリーズパーク,947,2,8511,316310,1,4,4,8,5,5,4,7,38
G2PHMBV2T,house,MKABETXAV,月月火水木金金,1073,2,8512,316130,7,6,7,8,5,8,5,7,53
3RVXE7N0J,ちゃんとしたかも,5CG1W6CP5,初心者さん,1006,8,8513,316040,7,6,7,6,6,8,5,7,52
B113VP53H,くろつぐみ,A86FEX2JC,おやさいさん,986,3,8514,315950,4,4,8,7,5,7,7,5,47
V8AKHG5YG,雅,JKAYY0KXL,自由！開心！,516,2,8515,315860,2,3,5,2,2,3,4,3,24
GTJNN1AOR,祭璃枫,Y337R7BW9,中国の蓮之空圈子,1153,10,8515,315860,5,7,7,8,4,7,7,7,52
PAA6U75FU,オル,UVGBLXAJE,Liella!,496,0,8517,315770,2,4,6,5,2,5,4,4,32
94WO1N00N,りょう,F2M746D4B,頑張らないクラブ,1061,6,8518,315680,4,4,5,4,7,5,5,5,39
AYB846TUR,大村,77R0B759H,オオユウ,1035,13,8518,315680,8,7,7,9,6,9,6,8,60
GL0M2PW9H,上昇気流,5JA9K5FAK,オタサーの姫芽,471,0,8520,315590,4,2,1,2,4,4,8,9,34
XRM9AYLG0,コツメカワウソ,05KN1RR3U,さやかほ花卉園,240,0,8521,315410,6,6,6,8,4,7,5,6,48
AJ7RFN8WA,めささ,K69M1X95F,アイリス,822,1,8522,315320,8,6,1,10,1,4,3,8,41
VTLZUUSSF,SORUTONU,3BE2RELRC,見晴台,899,4,8523,315230,4,5,7,4,1,4,7,10,42
AM7DF2UB9,にょん,0PJ19NAE3,蓮ノ空同好会☆,470,0,8524,315140,4,5,3,4,3,4,5,4,32
XL4KR3J0W,あつ,CY3GGDH7H,㍿キモ・オタク,1243,17,8525,315050,1,1,1,2,1,1,1,1,9
1VV281AK6,aqclk,T045NDKW0,♬さやか愛好会♬,1386,16,8525,315050,4,4,5,7,5,7,8,9,49
5KHCOIZRO,DCD,LHDVYA6RX,グリモアの集い,1031,3,8527,314960,7,6,7,9,5,8,4,5,51
T8AL79EPM,トミーホーク,AND13836G,乙宗梢親衛隊,1126,7,8528,314780,5,5,5,7,5,8,7,10,52
HGENEH7W1,ふるきゅーと,1XX6FWJRB,オートスキップ団,974,5,8529,314690,1,4,4,7,5,8,7,8,44
5LWXMCD98,咲耶,9RYR14H9L,ソロマターリ,1063,3,8530,314510,6,6,5,7,7,9,9,8,57
XTWQJ2S6C,ナッツ,C0NDBKMRB,すりぃずぶぅ家,1105,2,8531,314420,7,7,5,7,4,9,7,9,55
OMH4PGMIU,ハラペーニョ,8UJNTV5BX,のんびりと部,888,1,8532,314240,7,6,4,8,5,7,7,7,51
O0TPE4206,ひさか,F2CFWVMY9,藤島め組,1255,3,8533,314150,8,7,8,7,7,9,7,8,61
5E9YXPU4R,繪希,M67ACEP3M,オーバーブースト,629,2,8534,314060,8,5,7,6,2,4,1,5,38
NMTLLF222,ゆう,JY79RPB1D,リンクラゆる部,1112,7,8535,313970,4,7,7,2,4,5,9,9,47
8F3U6WK4M,洗剤,3ELH7MRPA,野生のちんすこう,591,1,8536,313880,1,2,1,1,1,1,1,1,9
U7VY84XR0,ひろりん。,9EYH317R8,イカトンブライ部,676,1,8536,313880,3,3,5,3,1,8,9,1,33
TYY99V85Y,ドン・アルマゲ,Y8HJ0NUEN,ただの百合好き,950,7,8538,313700,1,7,9,7,7,7,7,9,54
X3DUHMTMH,じろちゃん,AM7PL854Y,イベントの為,972,0,8539,313610,1,3,2,3,1,2,3,2,17
DH0HAFTFX,ブレイドオメガ,8ARWEB67F,蓮ノ空れぎゃ米部,1227,15,8540,313520,10,7,9,10,7,10,5,8,66
6WJYMAJUX,鹽味飯糰塩むすび,E5JKTW00K,蓮ノ空まったり部,315,0,8540,313520,6,7,6,9,7,7,5,4,51
T7LLTWVWU,じま,KPUYXN27J,蓮ノ空楽曲派,615,0,8542,313430,1,2,3,3,1,7,2,1,20
GF3LTDXCU,Ivan,J800VVPTN,Aqours,722,6,8543,313340,2,2,8,4,1,10,1,1,29
EH71X654A,lalala,K3LMN5JHH,金沢カレーの皿,601,2,8543,313340,3,2,1,6,4,4,5,3,28
EA1BYPXXU,君臨する猛虎,3YWMY4JVN,82プロ,1226,8,8545,313250,6,8,5,10,8,10,4,8,59
SMY5S2CUB,ユーキ,VP0K6KF0K,蓮ノ空大好き!!,1165,1,8546,313160,6,6,6,4,5,7,9,9,52
2C5LPLL33,みそらむね,K6KU7R80W,そろ,352,0,8547,313070,9,6,10,5,3,1,1,1,36
7K3U5DDF9,ごっちん,FK8EUX6V3,ゆったり蓮ノ空部,765,0,8548,312980,2,2,1,5,1,1,2,10,24
ETP7S49DD,ユッキーナ,VD7N7A4WH,氷青色,906,2,8549,312890,5,6,7,9,4,8,5,7,51
YGBAO4UT9,けー,JRAC1HYUD,SPHS-MMT,924,5,8550,312710,1,6,7,5,1,7,4,4,35
81996LN5H,西之遠江市民,8EX9KUG3E,コズエとツヅリ,493,0,8551,312620,1,1,1,2,3,1,1,1,11
ATV83C4LL,ないんのな,FLFXP0T22,沼津内浦メンバー,1439,18,8552,312350,10,10,10,10,10,10,10,10,80
375OO0EON,大懶猫,HK0E91U71,放課後写真部,1360,0,8552,312350,8,7,8,7,8,8,9,10,65
XFUBZXC8B,kazu,RGR1NVGWH,無言推奨・自由村,974,1,8554,312260,2,2,6,8,8,8,5,5,44
CXH5GBD81,くろねこ,8MDA3A0AK,イベント用,450,0,8555,312080,4,1,4,7,4,7,1,5,33
QKZGHQ3YG,トコハ,TR057C1UW,蓮ノ空ぼっち部,1049,13,8556,311990,7,7,7,9,5,8,6,7,56
7EJ44U2TI,キャタピー,HH93ADAW3,無言自由。,1141,3,8557,311900,5,6,8,6,5,8,9,8,55
GL1DBG8X6,れいみー,XHJLF3R8H,ゆったりプレイ,712,2,8558,311810,5,6,2,2,1,3,1,4,24
BTJLKT1X6,crystal,3FF3NB77X,せーはす愛好会,958,6,8559,311720,8,6,5,9,5,3,8,8,52
TTS2QP9E2,シャワー,1UBNNHVLG,蓮箱推し（仮）,1117,2,8560,311630,7,6,5,9,5,9,5,7,53
XX5N9V2PC,ナナツ,DKNHY5HH6,なす料理研究会,1148,13,8560,311630,3,2,7,7,9,10,5,9,52
4PPE1340B,kossy,8WRERP3MJ,ゆっくりよわよわ,310,0,8562,311540,5,4,2,1,1,2,4,3,22
0KW9HE6MX,やーぴー,23PGPJ3NV,蓮ビギナーの集い,578,0,8563,311450,9,10,5,10,10,6,3,9,62
YBX9MJV17,たまゆら,GBGFR3LVR,ココン東西南北,803,3,8564,311360,6,4,10,9,5,5,1,4,44
HLVRLY2TY,ふぃあ〜,9E910GGD2,蓮ノ空給湯室,601,2,8565,311180,6,4,1,4,10,8,8,8,49
0N978P3HC,はる,8H0GFK917,はるさーくる,466,0,8565,311180,10,4,10,9,4,10,2,1,50
B6VPRNRTH,早凪,CXMU84PRR,泥ノ底男塾,942,1,8567,311090,4,7,5,7,5,6,7,9,50
1E1YW9MCM,cmpmzk,0RVUANVB3,さやさやびー,1207,0,8568,311000,4,5,7,4,7,7,9,10,53
N9B83ML3L,はる@h21ru,J5CKL5YPX,ログイン勢かもん,763,1,8569,310910,6,2,4,2,1,1,5,5,26
F76PFD7ZC,サカミネ,9VDEWVP01,瑠璃乃の集い,1074,9,8570,310820,8,6,6,10,6,8,6,6,56
CMP1FCF9B,さとりょー,52FRF8UFW,コーヒー慈ルク,895,1,8571,310730,3,4,4,7,8,4,1,1,32
6UUGOEVRF,クッタン,6LJMPLM0V,蓮が大好きクラブ,1042,2,8571,310730,5,4,7,8,5,10,9,9,57
F7A693WT1,KASHIO,KEB6G562A,何もない部,458,0,8573,310550,10,9,9,10,6,9,8,10,71
AFVW1DH87,mofu,BTVC9G95X,FES用,1069,2,8573,310550,2,5,4,7,5,8,7,9,47
69AMGCW2Y,まゆ,KA3D805XV,綴理の寝顔守り隊,885,6,8575,310460,3,3,8,7,7,7,5,9,49
9RVAC5A7C,花帆ちゃん,1H5P6KV81,さやかの水着,384,0,8576,310370,10,4,1,6,1,4,2,4,32
484TF7733,うさちゃん,646YTH7KK,KA,767,0,8577,310280,4,6,8,7,1,7,4,7,44
2W9EM0UWP,シナモン文鳥,J4NTXG4T2,音ノ星ヶ丘女学院,968,0,8578,310190,5,6,4,4,4,5,5,7,40
BE6HFULM5,コーダイ,N34LHVJKN,のんびり堂,1119,2,8579,310100,8,6,6,7,6,8,7,8,56
XW5PKDMNY,スリーズ217,JTBMEXV8L,ひとりぼっち,801,2,8580,310010,4,6,5,8,9,7,5,7,51
J25E4ERL1,2jung,AHE0E3JND,ありがと！にひっ,437,0,8581,309920,1,6,2,2,1,1,1,1,15
F37GSVPNZ,かっふ,7279KLFCG,泥人形,836,2,8581,309920,1,2,4,5,7,5,6,4,34
Y6AAVC4VF,あっちゃん,GWGDMA3YC,初心者無言自由だ,1125,6,8583,309740,8,6,7,9,5,9,6,10,60
KLY7L26RX,ヴィーナス,2CRT48K9F,百万アンペア,375,0,8584,309650,2,3,1,5,10,6,4,6,37
70WFYL30W,SK,EWM0GK62C,誰でもどうぞ,865,6,8584,309650,2,2,9,3,1,6,3,2,28
BFWLCW0HP,ふる三郎,36DAM7HBL,蓮隠れノ里,852,4,8586,309560,3,3,4,3,2,2,4,1,22
XODMEVSR1,ozzy,61UTNTRU1,初心者さん,1151,10,8587,309380,6,6,4,10,5,9,4,10,54
WX6VUKDLD,マナカ,LG3XF86RM,ハロめぐ党無言可,641,0,8588,309290,1,2,1,2,1,1,1,1,10
FGNERK2M8,えすえす,NMRKHYYRM,ご自由にどうぞ,398,2,8589,309200,10,10,8,10,9,9,7,10,73
DXB7152GN,BLACK,VNEY6C9BE,スリーマーメイド,924,7,8590,309020,4,3,1,4,7,7,4,1,31
4C11BALGT,櫻井マコト,T4WY63DB9,ういのま,729,1,8590,309020,1,3,2,5,2,1,2,1,17
31FF69DT9,玩具国国王,AGJ215YND,蓮の空中國分校,832,2,8592,308930,8,6,5,7,7,10,4,9,56
NCC5MO0AY,カリス,Y4G0KF6NB,無言でやる会,1278,16,8593,308840,5,10,8,8,8,10,10,9,68
U97KNDDJ7,マッキー,MUXWTW1GV,蓮の空見守り隊,829,0,8594,308750,7,6,6,9,6,8,4,9,55
F6AJ2DWE5,やーやー,3FF3NB77X,せーはす愛好会,1172,7,8595,308660,2,2,5,6,5,5,10,10,45
JLZY40G00,MIYEON,YAY2UK2CT,蓮の空研究部,782,2,8596,308570,4,2,2,7,1,1,1,5,23
E2XXVGU0C,みき,ABU58EVJ2,Quatuor,808,0,8597,308480,4,4,5,4,5,7,4,5,38
R8XWPG9A8,さ,9U8KNU6U9,対抗戦用,756,0,8598,308210,4,3,2,4,2,1,1,4,21
5D08TTU13,かせ,ATB27G5P2,おこめ茶寮,1145,0,8598,308210,4,6,5,4,5,7,8,7,46
7KN0AZA94,hiro,R823XDC14,Legato,1053,12,8600,308120,6,6,6,8,7,8,5,5,51
6B4NRD19H,あおかえる,5NPVVUGH7,蓮すきすきクラブ,1038,5,8601,307940,5,7,9,6,4,9,7,7,54
HOHL07UQZ,まか,3HDDYR4FU,旅人,1132,9,8602,307850,7,4,10,10,6,10,8,10,65
4FXGVV6JL,れもん,54JWUD9X0,異次元からの者,910,2,8602,307850,7,4,6,7,5,7,7,9,52
AT85M61W1,JUNjun,AXGGJ4EJ1,所属だけしたい部,689,2,8604,307760,1,2,5,10,1,4,1,4,28
F8LPBUPU0,炭,43HRXMXWA,無言OKクラブ,1104,0,8605,307670,7,4,4,7,5,4,1,6,38
1XX18CGSW,kei,DFFYFJ2B6,つづさや好き過ぎ,1086,12,8606,307580,5,6,7,8,5,7,7,7,52
RY0H8KJSG,トーマス,LEVHY76NL,トップハムハット,1011,0,8607,307400,7,4,4,4,5,4,5,7,40
KDYTN85WY,sodá,N6TVG18P8,すきすきクラブ,490,0,8608,307310,3,3,1,3,1,1,4,6,22
HZ96YEB4U,ヤマ,M08GKL70U,ららマジ難民の会,622,0,8608,307310,2,2,2,2,1,5,2,1,17
MO1BTHG0V,LLLL.s,H1G4CDT6C,無言自由,919,0,8610,307130,4,5,8,8,7,6,6,7,51
IR6CA095E,ゆう,PJN52E7JX,ひよっこ,922,12,8611,307040,1,2,5,3,7,1,1,1,21
BXEADDYHV,三木,XPX36F6JX,無言初心者お試し,703,3,8612,306950,4,8,10,6,5,1,5,5,44
6JYHG5NEA,かちゅお,MLC4A3B36,AWCC,167,0,8613,306770,2,2,1,6,1,2,3,1,18
RA6EJMVLV,totaro,GYG7B5R36,幼馴染同好会,1226,0,8614,306680,6,6,6,8,5,7,6,6,50
PRCLHKHGP,かえで,D7UA5ER1E,UR報酬欲しい！,360,0,8615,306590,3,2,1,5,2,1,3,1,18
3198VX7GH,MARUYAMA,GK7JNB0NW,参加賞取り隊,629,3,8616,306500,5,4,5,6,1,2,5,10,38
2D0WBW0RU,ひたぎ,T4WY63DB9,ういのま,451,2,8616,306500,8,3,10,9,1,8,2,5,46
91JK35ECX,Coda,PYFGXM8FT,心堅石穿,1052,2,8618,306410,4,6,6,8,5,2,1,4,36
085SIS6G0,またたび,W6BT56KJE,やる気ナッシング,1211,9,8619,306320,8,6,8,8,5,8,5,8,56
FXFX0DB6E,Nya,41N8G98LV,花帆梢百合応援部,953,0,8620,306140,5,4,5,10,5,8,6,8,51
9PCG7KJFK,おとの,2U4GLJXLJ,泥の中の養分,919,6,8621,306050,4,6,7,7,5,8,5,5,47
0S5CYTBSO,三蔵,TKVR3KU7L,ネギトロTKG,1106,3,8622,305960,7,6,6,8,5,7,5,7,51
9F7X7R2TB,とかい,3FF3NB77X,せーはす愛好会,974,1,8623,305870,4,2,1,3,8,10,5,10,43
U95MA1P2F,うりゅう,UX96YX4T1,『位置について』,758,2,8624,305780,2,4,1,4,1,1,3,1,17
XAQH78XOV,NAO,03UX84WLY,こやんいくらぶ,1120,9,8625,305600,3,4,7,9,4,9,6,10,52
NPNP4C1J6,ポム,N1DJVPGP8,いつでも咲けるよ,1385,2,8626,305420,10,4,5,10,8,10,10,10,67
T2MPXETB3,あぷりこっと,WK5U3DNHF,蓮ノ食堂,817,3,8626,305420,7,6,9,7,4,6,8,9,56
02WXAI3PX,AOI,2VJG66JTH,まったり,1035,9,8628,305330,4,5,4,10,4,10,5,10,52
DGL0P7A3E,こまちゅ,4NFMU2WME,好きだかんな？,765,0,8629,305240,7,5,7,9,4,8,5,9,54
DBNK5AWXC,まっきー,MUXWTW1GV,蓮の空見守り隊,575,1,8630,305150,7,2,6,5,5,5,1,4,35
K65UUW1TF,ドジビロン,6FWRD1K40,いちじょ海賊団,948,2,8631,305060,2,3,1,2,1,4,5,5,23
GBACJWNNU,ロカ,H8YDTAK4V,ららら,911,1,8632,304880,9,1,1,7,4,1,1,1,25
4Y2G6H03A,メトロイド,0YLUK30K6,蓮っコの集い,576,0,8633,304790,1,2,3,4,1,4,4,9,28
A014M3YWB,Levi!!?,4RY75CKM4,LLすこ部　メ募,861,9,8633,304790,4,7,10,9,5,7,5,9,56
0KJMU0G0W,希奈,KXB93FVTR,ブルームガーデン,435,0,8635,304610,4,2,3,4,1,1,1,1,17
4F681CABD,ぐっじょぶ,1D7T2UXC2,無言でのんびり,896,4,8636,304520,10,6,1,6,8,5,6,7,49
NQHZ7OXAT,たまめ,57HNJ07NK,みらぱ推活最前列,940,9,8637,304430,3,4,2,8,1,3,3,1,25
0PZEK8HMC,しまかぜ,G8F0M2PH2,アフターウォール,1060,5,8638,304340,2,2,5,6,5,8,5,10,43
JFAJNKHAG,勿忘草,NMRKHYYRM,ご自由にどうぞ,230,0,8639,304250,10,10,10,6,8,6,4,10,64
48UYYMF7S,まい,FJTEG8XV0,ふわふわたいむ,1114,13,8639,304250,8,6,10,9,7,8,8,9,65
4B2OV9OGK,美夜受,TCTEAMP9C,虹ちゃん最高！,965,1,8641,304160,4,4,2,7,4,5,6,6,38
OXBKLK4CM,葵ちゃん好き,FNMV166UY,蓮ノ空喫茶部,1247,12,8642,304070,8,8,6,9,6,8,7,8,60
X02CAVAJH,ムカイ・リー,6C9R15BLY,スクスタ避難民,729,0,8643,303980,6,6,5,8,4,7,6,8,50
X1HJV4Z35,brer,WN3LHKX0L,レンコンおいしい,923,4,8644,303890,7,4,6,6,5,4,7,8,47
T32AV692P,あ,A7WWE0463,蓮ノ空初心者部,785,2,8644,303890,2,2,2,2,1,1,1,1,12
4G26U83JB,トシ,PXDL7Y3VM,ビギナーズ改,952,0,8646,303800,7,6,7,9,4,7,1,7,48
N3ECFEJL0,モノリス,YHWN0NJ03,ドカ食い気絶部,917,3,8647,303710,5,6,10,9,4,8,4,9,55
E1JNUMY13,あかね,G6EH0KHT7,なんもわからん,683,0,8648,303530,1,4,4,3,4,4,4,1,25
5JCIDFG6K,s,WJ7GF9WVV,愛と想いやり,1031,1,8649,303440,8,6,6,2,5,5,5,8,45
420W79DA0,ゆうち,C0NDBKMRB,すりぃずぶぅ家,969,4,8650,303350,2,2,2,2,1,1,2,2,14
T1JT0HPBG,テツライバー,5DRY3TL61,はすのそラバー,550,2,8650,303350,7,4,1,6,4,5,5,5,37
VUGDX1M04,はす,XVTV7MVCX,雪月花,679,0,8652,303260,2,4,7,5,2,2,2,7,31
B9I6Z410E,きょーすけ,3FF3NB77X,せーはす愛好会,924,2,8653,303080,1,2,1,2,1,1,1,1,10
T44XUTGKC,Miyu.,FG4170141,♪さやか愛好会♪,685,1,8653,303080,2,2,1,6,1,4,1,5,22
2KHBE9DDC,MSZ006C1,8YFF0WP45,毎日がホリデー,1260,15,8655,302990,9,9,8,9,8,10,6,8,67
H3VE5738K,アイロニー,PH0YEPJD8,蓮ノ空北國金沢,1021,7,8655,302990,5,6,7,8,7,10,7,9,59
2UVJMX3W8,ひよた,8J1GJT2BC,近畿の大金沢,876,2,8657,302810,8,4,7,4,7,8,6,7,51
D72L60CAH,Nandk,N83DW3NYG,†極最強倶楽部†,1006,6,8658,302540,9,9,9,7,6,10,7,6,63
9R5JGBAT0,テンペスタス,E58EXVMJU,ボクがんばる。,792,0,8659,302450,3,4,3,4,3,3,3,3,26
RT7C36VS3,リリカノ,KA3D805XV,綴理の寝顔守り隊,660,0,8660,302360,4,2,4,2,1,4,1,1,19
3V3VP28NH,アクアス,LLDLG20UU,UR取り隊,856,3,8661,302270,7,6,10,10,5,8,5,7,58
8I879SG6X,ぽんこつ,R083H7WRN,サークル無言,1100,11,8661,302270,5,3,1,9,1,8,7,9,43
U4W2B14UT,真玉橋孝一,JDAUTGR5N,花帆ウサギ,1118,5,8663,302180,4,5,5,8,7,10,9,10,58
GATNR1L35,かどちゃん,R9T0YKDW8,かちまち応援隊,909,3,8664,302090,2,6,1,6,4,4,2,1,26
RT3XWDXPH,桜花,828YTYAA9,箱推し社畜の部屋,749,0,8665,302000,7,6,7,8,5,8,5,7,53
YMDUKTJ4E,カリ～,3AYUW8AB6,新ソウル高速,1100,3,8666,301910,7,9,7,10,7,8,5,8,61
L2L4XUZSJ,十五夜,RKT7BC4F6,人形浄瑠璃乃,990,0,8667,301820,5,2,4,6,4,4,1,5,31
R9RUU3RT5,Iris,0L7A849RH,仮,1080,7,8667,301820,7,6,7,4,7,9,5,8,53
MWR3U5KT0,リン,865UE9UC6,蓮ノ空うどん部,1225,8,8669,301730,9,6,4,9,5,10,7,10,60
V5EX8U207,「patata」,EEP20F2M8,綴理の綴り,864,9,8670,301550,2,4,1,6,1,4,1,7,26
VCTWJW1NA,ちら,36DAM7HBL,蓮隠れノ里,1180,12,8671,301460,6,4,7,6,5,4,5,5,42
5XKJTYH7X,ベイトソン,W3UUXHMDV,水彩ブーケ,890,3,8671,301460,2,8,9,4,1,8,6,9,47
KSNKVYXOA,remocha,3FF3NB77X,せーはす愛好会,1134,9,8673,301370,5,4,4,8,5,7,5,8,46
4523S78IN,ヤス,YL2ELYC4U,さや…好きだよ…,1092,5,8673,301370,5,5,7,4,7,10,5,9,52
JO9LVYAXP,みっ!くら,E58FYF67C,ロータスランド,1114,1,8675,301280,8,5,6,9,7,5,5,10,55
58X0AAMKG,kd.,YAD92UYGC,蓮ノ空を信じろ,1206,0,8676,301190,7,6,5,8,5,8,8,7,54
8KLEBHD72,Kｰri,HXVYGL96H,初々しい対抗戦,353,0,8676,301190,1,2,1,2,1,1,1,1,10
R0XPQOQJS,パーエリア,W3YKKRWHG,ルリと愉快な一家,1486,15,8678,301100,10,10,10,10,10,10,10,10,80
BB4MVD1C9,xの3乗,36DAM7HBL,蓮隠れノ里,828,4,8679,301010,5,5,10,10,6,6,4,9,55
LRJTGVTXK,Sig,AF1RTGH2W,ぼっち丸,1033,7,8680,300920,1,4,5,5,5,8,8,9,45
KB32RYPXE,りけ,3X8412GRF,squirrel,1073,5,8681,300830,4,4,4,10,5,9,1,10,47
NJBC5D0RT,たかっち,AHE0E3JND,ありがと！にひっ,1091,12,8682,300650,7,6,6,7,6,7,5,7,51
P1MC80NX7,香風ここあ,6KUYCDLGR,かよちんは宇宙,728,0,8683,300560,4,3,1,9,4,5,1,2,29
P4F206K3L,トウコ,T4WY63DB9,ういのま,1179,1,8683,300560,7,6,6,8,7,9,8,8,59
8LVBMB56P,クラウディア,HXVYGL96H,初々しい対抗戦,833,0,8683,300560,8,7,7,7,5,7,8,7,56
4A5XXFC9P,チェスター,BEMED3RY1,無言無課金ok,871,6,8686,300470,1,2,1,7,5,1,5,8,30
7LKUVHACN,輝夜,KFC62L0FV,ねるねる同好会,1112,1,8687,300380,5,6,8,6,8,10,8,10,61
PCGHLPGNS,マネモブ,EKACCPWWB,タフノ空学院,1083,4,8688,300110,7,4,5,9,5,8,5,7,50
A8DL4G0LD,So-Ya,3YWMY4JVN,82プロ,869,6,8689,300020,5,8,8,7,8,6,5,10,57
8PLTD4PHC,Cacao,097DY95E8,無名,1085,0,8690,299930,5,7,6,7,5,7,7,7,51
K8KIAE882,青,LY0XPW7NL,同棲概念強火派,1061,7,8691,299840,7,5,2,8,4,7,5,7,45
XXKP04PL3,ミラン,NA8FEYN0M,蓮ノ空飲酒クラブ,1063,2,8692,299750,7,6,7,7,5,9,1,7,49
0LJ6CMYCU,ウパウパ,94401GCCP,クローズド,1171,0,8693,299660,8,6,7,5,7,7,8,9,57
426A1W1D9,たかはち,WJY2HK6A5,蓮の空イベント部,397,0,8693,299660,3,6,6,4,1,10,6,5,41
K5UNBYKX2,なよん,XHJLF3R8H,ゆったりプレイ,946,0,8695,299570,8,6,7,9,7,9,5,9,60
XJ8PVBNL4,SIGEX,XVTV7MVCX,雪月花,638,0,8696,299480,9,4,4,7,1,7,4,5,41
CMB0B3M76,でーん,Y7KJ3PM8P,蓮すきすき同好会,679,0,8697,299390,8,7,7,4,4,8,2,6,46
NWY0B069L,Fl0w,97BGFLKW9,◯◯◯,244,0,8698,299120,2,4,4,3,3,3,1,3,23
TD4XDO422,Lilia☆,8WAXGK70P,CANARiA,1096,13,8699,299030,8,7,6,7,6,8,7,7,56
HMGTL5PMD,PCG-4,0F756KMD7,蓮女爆喰い気絶部,163,0,8700,298940,3,4,2,1,2,1,4,2,19
SILQALU6I,アリス,PD80VCP5N,虹ヶ咲学園,732,2,8701,298850,6,5,7,7,6,7,6,6,50
EAMN3EVXH,甘井 綿,VNEJ2RNW0,まったりんくら,756,9,8701,298850,2,2,4,4,1,3,1,1,18
G2I1A5CU5,ミナリンスキー,FG4170141,♪さやか愛好会♪,1105,5,8703,298760,7,2,8,9,4,7,5,8,50
8CBE4V7WU,GAYASYUN,A3X92L6YU,お試し用サークル,750,2,8704,298670,7,4,1,2,1,4,4,8,31
168SPSCGQ,しるふぁ,CTW8DKV5P,まったり,1319,17,8705,298490,2,2,3,10,1,4,1,10,33
QDHW1D7K5,明るい無職志望,GMEF2K8DL,花咲く泥も好き²,1159,3,8706,298400,5,4,5,7,5,7,4,7,44
DCEQHC377,Mr.A,4FCR6BCNX,スマイル,1076,3,8707,298310,8,2,10,8,1,8,10,4,51
W1MWOC3Q2,高海千歌,DUK0X7DB1,中国愛蓮同好会,984,12,8708,298220,1,2,1,6,1,8,4,10,33
HCQ12VAAM,ボクの赤,KA3D805XV,綴理の寝顔守り隊,1083,11,8709,298130,8,4,8,10,9,10,1,10,60
9CJMWSTFB,ぷらちないと,9VDEWVP01,瑠璃乃の集い,1071,2,8710,298040,2,4,4,7,7,9,7,8,48
46XV076UA,さいとぅ,X8YD59KBX,16代目いぶき組,833,2,8711,297950,8,6,5,6,5,7,6,7,50
TG6PR3EV2,トマルガレーテ,4G3LJMT24,迫真珍プロ部,173,0,8712,297860,5,7,6,4,2,6,1,3,34
A33O83KPV,pack,UHF5Y8PEF,さやちゃん倶楽部,1176,3,8712,297860,7,8,7,10,5,7,8,9,61
F5MFEYLK3,たこ焼きさん,KULVP7FDR,アニマル分室,1081,4,8714,297770,7,4,9,7,7,8,5,8,55
311FP9JJ1,インネン,B1KYU3XF8,LG lotus,633,2,8715,297680,8,4,6,7,5,5,6,7,48
GDP07XX8P,Q,N9B8HXXR0,25時、残陽で。,772,2,8716,297590,3,2,1,2,1,2,5,3,19
7S07EXRWJ,ソルドレッド,9YG7C0VM7,綴理と無言で昼寝,1227,19,8717,297500,7,6,8,3,6,4,10,10,54
CECR0RPJE,GP−STOIC,RKT7BC4F6,人形浄瑠璃乃,135,0,8718,297410,5,5,2,4,3,4,6,5,34
4LMY78699,雪乃,7AATUNUPE,無言サークル,1099,2,8719,297320,8,6,6,7,5,9,5,8,54
DLZGW2654,イルカ,N1JAJ83CA,蓮ノ空園芸部,1071,2,8720,297230,8,6,8,8,5,7,7,8,57
5PMGL0CFA,コゥ,HPTHY23VR,蓮ノ空文芸部,976,0,8720,297230,4,5,5,9,7,8,5,8,51
M9O5450K0,ねぎの盛佐川,AXG81GPMP,蓮ノ空マタギ部,1055,4,8722,297140,7,7,6,8,6,8,6,7,55
FLFFPA17X,あさひ,M1DLCR0R8,花帆護サークル,287,0,8723,297050,2,4,4,2,1,1,1,1,16
UG37B8B5B,らんだ,U4TNE7AC7,AirLotus,832,0,8724,296960,7,6,5,7,5,7,6,7,50
BVJUDM7RF,いか,3YWMY4JVN,82プロ,166,0,8724,296960,7,5,8,2,3,4,2,10,41
L8H65VTY4,るいす,3RH5MYBXV,こずめぐ党,1236,14,8726,296870,2,2,6,2,1,2,1,10,26
NNNV6WNGF,わた,JVUNVCT8P,梢先輩のASMR,965,1,8727,296780,4,7,9,8,8,6,7,9,58
8ZJCO1B8D,1192,VW65MCVF8,スリスリーズ,1535,7,8728,296690,5,1,2,10,1,1,1,1,22
KD2G96K9L,比企谷小町,BYA3FA0X8,無言ぼっち同好会,461,0,8729,296600,2,2,2,2,1,1,2,2,14
XAX3OF0PP,まっつー,EMAN1DMK8,いつものメンバー,967,2,8730,296510,2,3,5,8,5,1,1,5,30
CN7UHWNEU,ぼちぼち,LUDNM40F8,ふくふく無言OK,1094,0,8731,296330,7,5,6,9,4,7,9,9,56
36HD0B6R4,ぴーー,V6DKUH6JT,報酬だけほしい,253,0,8732,296240,4,2,2,4,3,3,3,4,25
1JJVU45F8,らろ,TBL5BPL2T,蓮ノ空と明日の空,643,0,8732,296240,6,6,6,7,4,7,7,7,50
PA5U6K5H1,ktzk,N94LEWF2D,無言よわよわの会,756,0,8734,296150,3,3,5,2,1,4,1,4,23
20LU05URC,トナカイ,C68491XHB,みらくらぽーく！,1112,7,8735,296060,5,6,5,10,8,8,6,10,58
VWCBPWA15,Ｃｈａｏ＄,88GYM2J72,麺同好会,900,0,8736,295970,2,2,7,5,5,5,8,8,42
SZPCUZRFP,ゆめぴ,4HCL7BG63,乙宗喫茶店,1323,18,8737,295880,8,7,8,10,6,9,8,10,66
D79U275HW,かしわもち,UX96YX4T1,『位置について』,332,0,8738,295790,4,3,1,3,1,2,10,1,25
GVUND03R0,おこめし,8VGXWTV3U,R.opRizm,607,2,8739,295700,5,10,3,3,10,1,4,6,42
Y2UU8WRYC,あいすはぁと,YNR28303K,りんくらぶ,997,11,8740,295610,8,6,10,5,1,9,4,7,50
GYTXZQ8MW,とうふ,WM6VLG32E,ツナガルソラ,560,0,8741,295520,6,8,8,4,8,2,7,7,50
PBH8U15FE,黒霧 龍,W3F0URUJC,梢先輩応援団,595,2,8742,295430,3,5,1,6,1,4,9,7,36
SS17LPSA1,大村,77R0B759H,オオユウ,1013,5,8742,295430,8,7,7,9,7,10,6,8,62
HTK48D836,かりん,61UTNTRU1,初心者さん,944,4,8742,295430,4,6,6,3,4,6,7,8,44
1XS04QBYD,ヒロユキ,NGFXVPCGX,うさぎのしっぽ,1054,6,8745,295340,6,6,4,7,5,7,5,7,47
D2HRR151R,紅風紀,CJF72KJ6W,紅風紀ソロ,620,0,8746,295160,7,5,6,7,5,7,5,6,48
BG6GGHATH,あおめがねくん,HUP39UMY8,しまめがねたい,359,0,8746,295160,8,6,4,9,4,5,5,7,48
UK8I0VDEG,オカタク,DH97ANN9G,ツキマカセ,1081,12,8748,295070,5,6,7,10,8,8,7,8,59
TV57T4L7R,ぴー,5VCRU63W0,まっちみん,824,0,8749,294980,5,4,1,4,5,5,4,4,32
D95M35FU6,やんと,0UTVRAKFL,平穏無言,565,0,8750,294890,4,6,5,4,1,2,4,3,29
IY9X6SM13,nossaw,XYJTVGG52,蓮ノ空いかだ部,752,0,8751,294800,4,2,1,7,1,5,1,5,26
CGAZXRHJA,うそ。,C003CD1RW,☆蓮ノ空クラブ☆,1003,12,8752,294710,2,4,5,8,10,8,7,6,50
966KRJZVB,きょん,MVMP6NNXD,空き時間らくがき,1233,10,8753,294620,1,2,5,2,5,5,1,1,22
45U0KB554,はねすけ,UHF5Y8PEF,さやちゃん倶楽部,677,0,8754,294530,4,4,6,6,5,8,4,1,38
HWVILAXDA,アレス,XR2P2LDY3,蓮ノ空さいきょー,1247,6,8754,294530,7,7,8,8,5,8,5,8,56
XKNJM2UG4,神威@,ANCNM0UPK,スクスタ適当部,893,0,8754,294530,5,5,6,3,4,7,4,4,38
GV6XAVVT1,towa,1KDUBW4HB,めぐ党0番,736,0,8757,294440,5,6,2,4,1,1,1,5,25
1T9TQ1X2C,だれす,3F0M4HXJE,蓮ノ空まったり部,965,2,8758,294350,4,5,8,9,8,9,7,10,60
EGJCLV8RJ,ぽいぽい,DTF6J699K,自由空間,616,0,8759,294170,6,8,4,5,4,4,8,9,48
U7ZSQEUNS,keeee,GYG7B5R36,幼馴染同好会,1066,10,8760,294080,1,2,1,3,2,1,1,1,12
7RGJF9Y2T,徒町ビッグベル,H6JWBBGCG,蓮天・乙宗一心流,1279,3,8761,293990,5,2,1,6,5,1,1,7,28
XWRVJ7WF7,rinsessa,FG4170141,♪さやか愛好会♪,497,2,8762,293900,1,4,2,4,8,4,1,1,25
9YY625C69,Magician,HWWRP6K2J,家に猫がいます,724,3,8763,293720,6,8,10,8,4,7,6,8,57
7WWLJN8NK,mki,8MTLYLH9F,木星月華黄金宮,1028,4,8763,293720,7,6,8,7,9,9,8,9,63
6XFTGBRG2,まりも,T2XRMGEAE,蓮根無言会,831,0,8765,293630,4,4,4,8,5,7,5,5,42
FZ3HI1NYS,てぃもうさ,J0N1E3Y09,月火水木金土日,999,0,8766,293540,1,7,2,6,7,9,4,10,46
W7PW9MWF3,天邪黒猫,A9MA307FX,楽しいが一番,1055,4,8767,293450,4,4,5,6,1,7,7,9,43
O4QTNLQOM,dan,3NRPDD21Y,SoloCirc,968,3,8768,293360,1,2,5,5,9,10,1,10,43
V7GH2R264,みこ,UARM4R7U7,リリエンフェルト,419,1,8768,293360,6,2,4,6,5,6,4,10,43
RDEVXDAZE,ガイベントヴ,88DJ300PJ,めぐ党 • 永遠,1024,6,8770,293270,2,6,4,3,6,8,6,10,45
UEHS8GPM9,フブ,MVRFVTGU6,無言&出入り自由,866,2,8771,293180,7,2,1,2,4,4,7,9,36
BR3L58YCH,♩,NYXWDBYKC,♡,156,0,8772,293090,7,7,7,4,4,5,6,10,50
KR8A9CGAE,蔵人,0VEMMV8E2,スリブとまったり,893,0,8773,292820,5,4,5,9,4,7,5,7,46
RU8LM8Y9M,ひでさん,3JDDUYURT,無言,1059,0,8774,292730,7,7,7,8,5,9,7,9,59
ML74F9AAR,いちご,Y3A3M2Y4N,サンクルミエール,707,0,8774,292730,8,5,5,6,4,7,8,9,52
3FPY8U70L,こずにゃん,V8XX999F6,卍蓮村幼稚園卍,987,11,8776,292640,3,5,5,8,5,9,4,9,48
PRME37VDK,サム手羽,X56UR01P9,梢先輩を愛でる会,1248,2,8777,292550,9,7,8,9,7,9,7,10,66
TFVQGM6TT,てーい,9N4F9P8DU,リンクラ部（仮）,1051,3,8778,292460,2,6,6,6,5,5,8,10,48
BGZ7SP3WX,六根清浄,VW65MCVF8,スリスリーズ,1597,14,8779,292190,1,2,2,2,2,1,1,1,12
UEHC31TPH,Ryota7,MG3PEBEJL,LLPERÚ!,1032,4,8780,292100,2,4,4,9,7,9,4,7,46
XAHK3TAW3,タツヤ,N287M17E3,プセやってるお,431,0,8781,292010,10,10,10,10,10,10,10,10,80
F1WV91T2H,ぷれいにき,RGR1NVGWH,無言推奨・自由村,775,6,8781,292010,5,5,10,9,7,8,9,9,62
MG9OXO6MR,小原鞠莉,1UBNNHVLG,蓮箱推し（仮）,1018,12,8783,291920,4,6,7,10,4,8,6,9,54
7D61FD718,もも,TBX7N9RK5,つよつよなLH,1010,0,8784,291830,1,4,4,4,5,9,7,5,39
TRY17RNKM,じゃく,C2C7EBU48,初心者組,324,0,8784,291830,1,2,6,2,1,4,3,1,20
M0RRBAUD5,Arte,KJU0BU77M,無言交流なし,585,2,8786,291740,6,2,4,4,1,4,1,4,26
1YNV1HFMM,lessice,TWJ862EPN,こにゃとも,410,0,8787,291650,4,2,2,6,1,10,4,7,36
17FFN2OLK,あまぎ,TTEDCBRPG,あずき,143,0,8788,291560,1,1,1,1,1,1,1,1,8
EPRBJA95R,まほ,PN4VA24XF,みーかるぱーく！,451,2,8789,291380,4,3,4,6,3,2,1,1,24
W82F3GDJJ,光,C0NDBKMRB,すりぃずぶぅ家,837,2,8790,291290,10,7,3,10,3,2,6,5,46
7CKTCFKJH,冷月芳馡,N1DJVPGP8,いつでも咲けるよ,242,0,8791,291200,2,3,1,2,1,2,3,3,17
8550J8ZM7,柚子,A9MA307FX,楽しいが一番,1148,6,8792,291110,6,6,5,7,7,6,6,7,50
0MQZ69EVO,かふぇ,KDXBTCTXB,かりかりくん,1120,14,8792,291110,2,2,8,7,7,7,10,8,51
G034D8WC0,fazz3738,F53AELUNC,ソロっと倶楽部,718,0,8794,291020,1,2,3,2,4,4,6,6,28
XMPH0E2BV,syer,23PGPJ3NV,蓮ビギナーの集い,158,0,8795,290930,5,2,2,5,2,2,1,1,20
YUB3EPGGE,HiRo,0CCFXC2HF,Ricebird,981,2,8796,290840,5,6,7,5,5,8,10,10,56
WMJ9LDTMW,オタクの極み,K8C99H42D,ルリと喜ド！愛楽,993,4,8797,290750,8,2,7,7,5,4,5,8,46
YYLFYAVFA,ライム,0R8BXPRC1,ポチっ！とクラブ,689,2,8798,290660,9,3,4,9,2,7,2,6,42
8KC5TKBPJ,飴色,E515TRU1G,起きろ夕霧綴理,782,2,8799,290570,5,6,6,6,5,4,10,10,52
80SG6N2KL,かのかのことこと,YNR28303K,りんくらぶ,959,10,8800,290390,5,5,8,8,7,9,5,7,54
C6GWRFRHU,こまち,0B8RTHY4D,のんびり屋さん,984,7,8801,290300,6,6,6,6,7,7,7,8,53
TN8RW3SIF,ラブライブ！,M4B9VNG7R,蓮ノ空SIクラブ,986,8,8801,290300,2,3,7,5,6,8,8,8,47
KHE3W6BHY,エレン,BPFAT416J,さやかわいい,1204,2,8801,290300,10,10,10,10,10,10,10,10,80
X67QYJMZB,lovela,MV7XM9K9K,行き場無い流れ者,884,1,8804,290210,5,6,4,4,4,9,5,10,47
8HIPJJ0G3,めぐんちゅ,9YG7C0VM7,綴理と無言で昼寝,1139,17,8805,290120,5,7,9,10,6,1,9,10,57
BUI2NBFSF,Reibon,D2V19CM18,さや推し☆,653,2,8806,290030,1,4,4,4,8,8,1,4,34
IZI7TWBV3,はうずき,U4TNE7AC7,AirLotus,1053,0,8806,290030,7,6,5,8,5,7,5,8,51
VV84K1B39,ユウ,X7YM9EG8K,伝統の石川地酒,1224,17,8808,289940,1,2,3,3,4,5,1,1,20
U85MJB11L,アラシ,GR65FP8VN,蓮好き,764,0,8809,289850,10,7,7,9,7,9,8,9,66
YMM9JPB5Y,Raichi,KGDNX3EF3,ENcircle,1026,11,8810,289760,8,8,10,7,8,8,9,9,67
PBCBCK6B2,dorchada,GN9EEL045,きらくに,1059,5,8811,289670,5,5,8,8,7,10,10,10,63
BKITHAPV9,ネクサス,G0J2F9NAL,さやさやさーくる,925,4,8812,289580,6,3,4,6,8,7,5,5,44
CF3RJMU7R,上原步梦,BEMED3RY1,無言無課金ok,274,0,8813,289490,10,8,4,9,1,5,8,8,53
TJ47MDXNW,きだい,T56X6LP0L,光の海,782,3,8814,289400,7,4,10,8,8,8,7,7,59
4G3P7YEPL,マユ,PMDDGR6AH,うぇるかむ,237,0,8814,289400,3,10,1,3,1,1,1,3,23
J56PF3Q4N,つるひと,K25DPPGT9,圧倒的にまったり,812,8,8816,289220,8,6,6,10,5,6,4,4,49
GXGKD5C8J,ばみゅ,TKVR3KU7L,ネギトロTKG,1631,2,8817,289130,10,10,10,10,10,10,10,10,80
VB5P1BEET,ずんだ餅,KXEME076E,つづさや親衛隊,1036,4,8817,289130,4,7,7,7,4,5,7,8,49
8BPAHM09Y,Ko21,AVX749PPB,姫芽ちゃん親衛隊,543,1,8819,289040,2,2,1,4,1,4,1,1,16
G2TCRYV9G,楓柳,EYEPHE14G,花上梢頭,1039,10,8820,288950,7,5,7,4,6,6,7,7,49
K1O8XNEGZ,コモンセンス,BYA3FA0X8,無言ぼっち同好会,996,2,8821,288770,4,5,4,5,1,1,5,4,29
567BDF4ND,きっちょむ,C0NDBKMRB,すりぃずぶぅ家,1069,0,8822,288680,7,4,4,7,5,7,5,7,46
J9554U643,みさおちゃん,Y8GC9UAGM,ひそかに,1247,12,8823,288590,7,6,6,10,5,9,10,10,63
QMSEE6IHB,橙叶,WHWT61ELR,【無言】ハスノソ,1043,10,8823,288590,2,4,4,2,1,5,4,4,26
1TRR2JY83,Yokiri,2LLNGYPU6,禁断のセカイ♡,748,2,8825,288410,2,3,5,3,2,4,1,1,21
8N9621CVW,よねさか,LYYHXG7NT,蓮女労働組合,887,0,8826,288320,6,5,4,7,4,8,5,7,46
6Y76XUG15,ケロキュア,8MTLYLH9F,木星月華黄金宮,1177,12,8827,288230,4,8,4,9,7,9,5,9,55
PE9NN392W,ヒロ,6N3F238R0,イベント参加用,940,0,8827,288230,7,6,5,8,6,8,8,10,58
CPH56URRG,kaka,F53AELUNC,ソロっと倶楽部,1072,11,8829,288140,8,6,9,4,4,8,6,9,54
KBQ3M8X0Z,けん,FVJFA973A,月猫愛好会,578,2,8830,288050,10,7,1,10,1,1,2,1,33
Y3WF398P1,ルード,UYCT3Y4JK,蓮っ子,866,2,8831,287960,5,7,2,10,1,1,4,7,37
SFQD6ERP6,ひっきー★,3A63DYH54,LLすこすこ部,1011,2,8832,287870,2,4,3,7,5,8,7,9,45
AT6842AM8,O-rui,54JWUD9X0,異次元からの者,951,0,8833,287780,7,6,6,8,5,8,5,7,52
E7RYAWM7W,れみりーふ,2K5AM4RV0,とろぺりです,911,0,8834,287690,1,7,6,2,7,7,1,1,32
LVKAFEXL8,familiar,BW79WAK8Y,片道450㌔,322,0,8835,287600,5,4,5,6,4,5,9,5,43
8AXAAWC0R,みお,E7UBFLW56,同好会の同好会,863,5,8835,287600,6,5,5,5,5,5,5,5,41
KAJR3145B,隆太,VEA3655P6,蓮ノ空女学院分校,695,0,8837,287510,1,4,6,7,4,5,5,4,36
4GAV63AFN,そらいろ,F2M746D4B,頑張らないクラブ,1034,13,8838,287420,1,2,1,2,1,1,1,1,10
XCEKCUO78,白き翼,60KU468X3,はっすーず,1074,2,8839,287330,9,7,9,6,7,10,9,8,65
91FH71RM2,かにすい,PH0YEPJD8,蓮ノ空北國金沢,308,0,8840,287240,9,4,10,5,1,10,5,5,49
9MAAVAHP8,シママ,8MTLYLH9F,木星月華黄金宮,354,0,8841,287150,6,6,4,9,10,10,3,6,54
2EGN43QXF,仮釈放,PMDDGR6AH,うぇるかむ,886,0,8842,287060,5,6,4,5,4,7,4,7,42
1TJF1I70Y,たくと,BT22M41DV,梢花帆吟子同好会,947,3,8842,287060,8,3,7,9,3,4,8,6,48
U88K4UK3L,卯月既朔,N1DJVPGP8,いつでも咲けるよ,1128,13,8844,286970,6,4,5,8,4,8,9,9,53
ND0GGJKEG,りんご,DFXEH0E0B,香港の初心者♪,780,6,8845,286880,7,5,2,2,4,1,1,5,27
YGFKYU43C,タクト,05KN1RR3U,さやかほ花卉園,982,6,8845,286880,1,7,5,3,7,9,7,7,46
2HWDB5XPD,そに,75UJ5RB97,蓮ノ空雪野球部,739,0,8847,286790,1,2,1,2,1,1,1,1,10
2K681WWLJ,レン,U00TP03KP,阪大リンクラ部,335,0,8848,286700,1,6,6,7,4,3,1,4,32
5HR72K1A7,よだれ鶏,0FMM30LCA,無言,337,0,8848,286700,7,7,7,9,1,4,1,9,45
3ZUZ5MSCE,寮母,3L3TAA862,チーム用務員,1279,2,8850,286610,7,6,7,8,7,9,9,9,62
LNK0C6574,こーりんぱな,53M4V2BVG,吟子の髪飾り,277,0,8851,286430,4,8,7,8,10,7,5,5,54
F3I6GMQRU,ちゃいろ,G19FFDVKH,くろけだま,923,3,8851,286430,1,6,7,4,4,8,5,4,39
7S92ONBAH,ほんだびーと,FNHT9JFY4,リンクラ楽しむ隊,905,2,8853,286340,8,6,8,9,5,7,8,9,60
VTKUFLDRJ,まさてぃ〜,26JDLMBLN,徒町は強く生きる,570,0,8854,286070,9,7,10,8,7,8,6,8,63
FTHR88PND,みーたん,HKETDDCK6,ぼっちざ蓮!!,1132,12,8854,286070,4,6,5,6,1,5,5,5,37
QYLMF6PG4,フトシ,A73H7ENN2,エロマンガ同好会,1090,7,8856,285980,7,8,8,10,9,9,4,8,63
HACUCDUL6,暇人ライダーRX,UHF5Y8PEF,さやちゃん倶楽部,973,3,8857,285890,1,7,8,6,8,5,5,6,46
BRNT9UWXW,ナツオイ,U98UKD6RY,異次元フェスP,802,1,8858,285710,2,2,9,2,5,5,1,10,36
DL3DHFPX6,アイランド,4UKGWTN1N,ゆったりまったり,981,3,8859,285620,8,5,5,7,6,6,9,10,56
GG1QC59YZ,デビン・ブッカー,A73H7ENN2,エロマンガ同好会,928,3,8860,285440,2,2,5,3,6,9,6,9,42
KZIGX8ANE,能登の端,EWM0GK62C,誰でもどうぞ,1099,4,8861,285260,4,4,6,6,7,7,5,8,47
R474CMK8D,肉,9E910GGD2,蓮ノ空給湯室,1038,0,8862,285170,6,6,8,8,8,8,6,9,59
7V2U0XVKA,かずみん,GBEJMUFWT,めぐちゃんズ(仮,1008,2,8862,285170,4,2,2,4,6,7,8,8,41
3EEI0XHP4,すうでん,6D57FX14W,おらおらぱーく,432,0,8864,285080,10,2,1,9,5,1,1,4,33
U30OV4MB4,秘密の学院生,1618JMRED,リンクラ自習室,1008,6,8865,284990,5,4,4,7,5,7,4,4,40
MP64LQCPE,にっしーR,MPPDGVPWX,気楽にプレイ中,371,2,8866,284900,6,3,2,4,4,1,1,1,22
GYS2FWFWP,こーすけ,GMEF2K8DL,花咲く泥も好き²,1265,5,8867,284810,8,4,2,9,7,8,7,8,53
0466ARGKW,おしゃ,R1RM3X0WV,後方腕組みオタク,879,2,8868,284720,4,4,4,7,1,7,5,7,39
N66RD5W9L,ざっく,2K5AM4RV0,とろぺりです,955,2,8869,284630,5,6,5,10,4,9,5,8,52
X3MMC116D,依然曉宸,X19MP0NTT,蓮之空河豚养殖場,1033,6,8870,284540,7,5,5,8,4,9,4,8,50
VGOS6Z5J0,元クラッパー,JRAC1HYUD,SPHS-MMT,1097,2,8871,284360,1,2,4,2,1,4,1,1,16
P04BTU3GE,TAKE,9N4F9P8DU,リンクラ部（仮）,1068,2,8871,284360,4,4,6,7,5,7,8,8,49
EFAFJ2XWR,とうもろこし,63AKA05VR,まったりGngy,789,0,8873,284270,1,6,3,6,5,8,8,8,45
NTMX92PUN,カツ,BEMED3RY1,無言無課金ok,440,0,8874,284180,4,3,4,4,2,1,1,4,23
NVG6UG63C,うちだし,1618JMRED,リンクラ自習室,857,4,8875,284090,9,2,4,8,1,7,1,10,42
V53H65N9D,＋F,KXB93FVTR,ブルームガーデン,1264,15,8876,283820,8,7,8,10,9,10,8,10,70
WTVM6MDNS,白桜,96VF52WEJ,空,1118,13,8877,283730,8,7,8,10,6,8,8,8,63
6JNM377RJ,ぶれいず,KYUR37GEG,蓮ノ空のセカイ,461,0,8878,283640,5,6,4,4,4,5,10,9,47
6XNF3G5D3,かえる,Y1X4EG18A,うにょーん,761,2,8879,283550,5,6,3,4,4,6,7,9,44
5SY73MXMH,ましゅまろ,3HDDYR4FU,旅人,548,4,8880,283460,1,4,8,4,3,3,1,1,25
5XNA071FY,りふぃる,KT4C59NXG,めぐ島,1080,4,8881,283370,1,2,1,2,1,1,1,1,10
R3VTZW2I7,フェニックス,Y7KJ3PM8P,蓮すきすき同好会,831,5,8882,283280,6,9,6,9,6,6,6,10,58
Z5B466FSH,ISO,H1G4CDT6C,無言自由,1065,12,8883,283190,6,6,6,9,5,8,6,7,53
S7AM9VH37,Reachka,MUXWTW1GV,蓮の空見守り隊,783,1,8884,283100,6,4,5,6,6,7,7,8,49
X1BKFAX15,ユリカ,07JW71HWG,良いチケで観よう,600,2,8885,283010,7,6,10,4,4,4,3,4,42
06NJ55D8E,青山千夜,BELCUYCMH,蓮hkg香港分部,679,0,8886,282920,7,4,6,6,5,4,5,6,43
9U9121Y8F,かに,RXXUPMWB9,待機室跡地観測所,940,4,8887,282830,1,9,6,4,1,2,1,4,28
4Z781CKQC,ゆう,F2M746D4B,頑張らないクラブ,1132,9,8888,282650,7,7,7,7,5,8,9,9,59
YP1GI2Q10,さるる,L2FNUE45V,雰囲気でやる,1181,3,8888,282650,5,6,6,7,7,8,8,9,56
M70CB9D3P,うりたん♪,XRC45XLGF,みらぱー！応援隊,901,6,8890,282470,5,5,1,4,4,7,5,2,33
VMSZPLX9Y,ホンゴウ,BLWGH8M84,アルカディア号,855,0,8890,282470,5,2,1,1,4,7,1,1,22
E1DJ823CT,ナオ,CRYB2FJ64,つくよみくらぶ,795,1,8892,282380,10,6,3,8,2,5,8,9,51
LW4TAC2P9,澪,E12PR824F,ゆるっと蓮ノ空,1301,15,8893,282290,7,8,8,8,7,8,9,9,64
VYA72PT9J,tk,PHLRY3XRP,とりあえずやろう,636,0,8894,282200,1,6,6,5,4,7,1,4,34
V8TW737U4,対よろ！,E6WR9G75P,安養寺姫芽推し会,673,2,8895,282110,5,3,8,8,1,10,10,9,54
TJIGPWLPR,Vanilla,8FR866PRY,蓮っ子みらくラブ,1163,9,8896,282020,8,6,7,10,5,9,7,8,60
JN7YUEYNV,ゆあ,K25DPPGT9,圧倒的にまったり,857,8,8897,281930,2,2,2,4,1,1,1,1,14
RMOJP9CN2,灯里,97BGFLKW9,◯◯◯,753,0,8898,281840,4,5,5,6,6,2,5,5,38
D4744Z90H,美影,6T2PJTL3B,蓮ノ空城,905,6,8899,281750,4,10,10,10,7,8,5,8,62
L81VNP8LA,おじ,2UKNVBMBU,梢ちゃん同好会,676,2,8899,281750,1,2,1,4,1,2,1,1,13
YUBTJAK8N,わくちゃん,KGY709ULG,蓮の花束,274,0,8901,281660,9,9,7,10,9,7,9,10,70
510209M2N,あきさん,00T3NXXA9,初心者,777,4,8902,281570,5,2,6,2,5,5,1,5,31
ZI7X9UUUP,nao,HBD61R6WC,梢先輩すきすき部,1007,5,8902,281570,8,4,4,8,4,9,5,4,46
X94DQS7D9,csyou,GCFA4WL28,乙宗梢を愛で隊,628,0,8904,281480,4,2,1,5,1,1,3,5,22
JDR5HDG0L,ちゅうか,6NFFWXN3L,金沢調教センター,1072,11,8905,281390,5,4,4,5,4,4,5,6,37
8L0J99DR1,ダババ,P9CV4RB36,Aの為,292,0,8906,281120,4,2,1,5,5,1,3,3,24
V9G635NNM,おぬしちゃん,UFW34UBYF,そろりそろり,997,8,8907,281030,6,5,8,9,1,8,5,7,49
R24F5F4JJ,パンコンハモン,TFGKYEY98,LLP JR,921,0,8907,281030,9,7,6,6,6,8,7,7,56
0DY5WE85U,はんち,PMPP8MFY6,さやかの村,1009,1,8909,280940,5,6,7,6,5,8,7,6,50
RFP277XPM,スガ,YNR28303K,りんくらぶ,1465,15,8910,280850,1,2,1,2,1,1,2,2,12
3PVYX7UTC,Hanamaru,BXHG2KXAD,idol.st,1003,7,8911,280580,1,2,3,9,7,10,4,7,43
GABXMRXXV,Cookie,MPPDGVPWX,気楽にプレイ中,351,0,8912,280490,10,3,5,3,1,4,3,1,30
8ER3MJ1DD,のもー,2VJG66JTH,まったり,912,4,8913,280400,2,2,1,2,2,8,8,9,34
X6C2J05T9,スズカ,G202YTPW1,無言倶楽部,696,2,8914,280220,2,2,3,2,1,1,1,1,13
8T4L1344D,秋陽,WKG02VMU6,先輩で遊ぶ2年生,701,0,8915,280130,5,4,6,6,7,7,5,5,45
RJ9AV0G8Y,シン91,8MTLYLH9F,木星月華黄金宮,446,0,8916,280040,2,2,2,3,1,1,3,1,15
9UQ8ZWSTV,じぃ,PWK02KG0F,メメントの森公園,1013,1,8916,280040,4,4,5,7,4,7,7,8,46
HD3XX4L9Y,ナルちゃん,F8MLHU2NV,乙宗梢様､､､,785,2,8918,279950,7,4,2,4,5,5,7,7,41
VXETGA1RP,青山メリー氏,27R54NTJ6,♥野中に夢中♥,795,2,8919,279770,3,3,2,1,1,3,10,9,32
MJD96UP4R,Satria,LT9K2FP23,慈党リンクラ部,254,0,8919,279770,1,1,1,2,1,1,1,1,9
T57FEFXTU,たいせい,A7WWE0463,蓮ノ空初心者部,697,2,8921,279680,2,2,1,2,2,1,1,2,13
R8N2FYBKT,よう,NLPP2YUF9,秘密倶楽部,680,0,8922,279590,5,2,4,1,1,5,1,10,29
49JVWDYM2,れじすと,RXXUPMWB9,待機室跡地観測所,1070,4,8923,279500,4,5,6,10,5,8,7,10,55
ZMFLXJQTK,凛曜丸,Y5J5Y90CD,まるまるサークル,1014,6,8924,279320,6,6,6,7,7,9,8,9,58
XK9LF6MG5,バンチョウ,TX92H9GBV,アフターが見たい,926,1,8925,279230,5,6,7,9,4,8,7,8,54
Y0OP8D9Y4,グッチ,8M2MFU9U0,リンクライブ,1132,12,8925,279230,5,7,6,7,7,8,5,9,54
1JHFJ71D6,うみちょー,48GTYR1VB,ハラショー！,716,0,8927,279140,5,4,5,8,5,9,5,7,48
R1919C1U5,ゆきのふ,HXVYGL96H,初々しい対抗戦,862,0,8928,279050,7,4,4,8,4,4,5,8,44
4UJCY7ESY,わんだーらん★,5L9GNT78V,叶え！私達の◯◯,1266,5,8929,278960,4,1,7,2,2,7,1,5,29
9GV5ZVXZL,ヒカル,UYCT3Y4JK,蓮っ子,1110,10,8930,278870,6,5,4,8,6,10,4,7,50
CM683N98P,じゅんく,WD8452D3T,COMPS,913,1,8931,278690,1,4,5,10,6,8,4,7,45
NCH190V79,クマさん,W6DPTF42B,まかろん,963,4,8932,278600,1,3,6,4,5,5,6,10,40
EJ297K1H2,ぽそ,N34LHVJKN,のんびり堂,966,1,8933,278510,1,2,2,6,1,1,1,1,15
BXVTWFWDW,SB,A2N4C0FHE,BRSMS,1094,8,8934,278420,5,2,10,8,8,6,7,2,48
VXLRJ9PNJ,てけてけ,A6XF7K90J,EN▶こ.こ.こ,795,2,8935,278330,3,2,6,4,4,5,4,1,29
UIQ7PTDR2,タナー,4ERDMUE31,ああああああ,973,6,8935,278330,5,6,8,8,5,7,5,7,51
16769EBV8,波奈,PYFV3GWNV,異次元P,837,1,8937,278240,7,10,4,7,4,6,10,10,58
ZGRU9SHA4,Masa,A73H7ENN2,エロマンガ同好会,1030,2,8938,278150,1,2,2,4,1,8,1,1,20
B9EBAY2HL,なる,JD1PFYJWE,瑞蓮隊(無言OK,525,0,8939,278060,4,2,2,6,4,4,7,7,36
LJFP8NBB8,もなか,1UBNNHVLG,蓮箱推し（仮）,665,0,8940,277970,7,4,4,2,1,3,1,4,26
ETLHCH931,むらきち,T48KV9EP2,無言ぱーく,569,0,8941,277880,7,4,8,7,6,6,7,7,52
NMFKDP99R,ちゃりつん,JA2C658FW,さや綴理の村人,577,0,8942,277790,5,2,8,5,4,5,4,4,37
63RJRJK40,mrk,L6MF2MPBN,みらくらぱーく党,305,0,8943,277700,4,3,4,2,1,1,4,1,20
0UH76810K,まつばな,9RET963PY,アバン団,1057,6,8944,277610,1,2,2,8,1,7,2,6,29
55M2AB58H,ティー,BPV7XL8F0,Tee,891,1,8945,277520,1,1,6,4,1,2,2,4,21
HJ9ZL1Q3X,Yuki,BT22M41DV,梢花帆吟子同好会,983,6,8945,277520,8,4,2,7,5,8,3,1,38
G2M4APBCL,黄金易大師,TWJ862EPN,こにゃとも,804,0,8947,277430,8,6,6,7,5,7,6,7,52
FC8YUXQ49,かんざき,YM72HRVCF,ワンニャン部,1082,8,8948,277340,5,4,4,8,5,8,5,8,47
1NPK74KW4,エルドレッド,XHJLF3R8H,ゆったりプレイ,1090,10,8948,277340,7,4,4,8,5,7,5,7,47
N6GHUGFCB,スズ,C2XLWUTL1,夕霧綴理親衛隊,939,1,8950,277250,7,6,5,6,7,9,4,9,53
AM3DYQOEX,しろみど,E1HVJ71JR,ご自由にどうぞ,354,0,8951,277160,2,2,2,2,1,2,1,3,15
4VXUG7MUR,TA,8BAYBXUXC,スリブ大好き♪,359,0,8952,277070,6,6,5,6,4,7,1,6,41
FXH5RUR2E,テリー・ボガード,HWJ8XPW0T,箱推しなのだけど,926,2,8952,277070,5,2,7,7,5,7,10,7,50
XRXH66R95,yumecan,RN24L196L,るりーーー,448,2,8954,276980,4,6,7,2,1,5,2,1,28
WDGM3BDV0,フリード,2DYYAPFVN,蓮っ子村,740,1,8955,276800,2,5,4,3,2,1,7,4,28
G12L25GY4,ろいど,M08GKL70U,ららマジ難民の会,981,3,8956,276710,8,6,4,10,5,7,9,9,58
NDGCAF2EG,はろ,C8A9CTB34,蓮ノ空山岡家部,659,0,8957,276620,8,4,6,6,4,4,1,6,39
GWMCEH21U,なっほー,YDYH4VRRP,レンクウ,1039,4,8958,276440,5,2,1,8,4,1,2,6,29
BCXY9W7W7,MD,ULUELCJ7T,なるようになる？,1113,8,8959,276260,3,3,1,4,4,1,4,3,23
M1VLRX4PE,とつ,57UT319NN,蓮ノ空同好会,761,1,8960,276170,6,4,4,7,5,8,4,5,43
41VG8W6XR,米ねこ,XXVVJY6FE,はぴぱれ,257,0,8960,276170,2,6,7,4,1,7,1,4,32
UCNN2ELGY,かずき,XEENRBXCG,蓮ノ空休日クラブ,1047,6,8962,276080,1,4,8,6,5,5,7,9,45
XAWE5NVNJ,あゆみ,NCX28D4VB,Lyric,1062,0,8963,275900,4,4,4,4,5,7,6,5,39
4GN5X3567,ランベス,V1AECM24M,サークル,827,0,8964,275720,7,5,4,6,4,7,5,7,45
YBCG8HRKA,hyrr,M0T3JUMGL,めぐ推し,1243,12,8965,275630,1,9,10,8,9,5,4,9,55
GVBPHDQ89,TAKA,CPWFKH8JM,私の部屋,976,6,8966,275540,7,4,4,9,5,7,5,8,49
SPEX4APTS,真っ姫癌なう,37N3TNTVB,推しを布教する処,751,3,8967,275450,2,2,3,2,3,1,1,2,16
8THSZBSBK,トモ,CT8XW752X,蓮ノ空写真部,1134,10,8968,275360,7,6,5,7,6,8,6,8,53
R9L2ADPFX,しゅう,KGG6VMD1R,蓮ノ空本蓮沼の会,235,0,8969,275270,8,4,9,10,6,8,6,8,59
F7D08CY6V,けんけん,WFPA7YJE1,蓮ノ空文芸部,1204,3,8970,275180,4,2,2,2,1,1,2,6,20
QTAT57JEC,High,KA3D805XV,綴理の寝顔守り隊,922,0,8971,275090,6,6,5,7,7,10,7,7,55
5MLVLK91B,やきいも,N6TVG18P8,すきすきクラブ,544,0,8972,275000,5,8,9,5,4,9,6,8,54
9XVH451HH,はーとりっと,3BDTCERX6,打ち返した流れ星,984,3,8972,275000,4,1,2,2,7,4,1,1,22
IS6NV2JZ6,umineko,UHF5Y8PEF,さやちゃん倶楽部,998,0,8972,275000,4,1,2,4,5,4,5,7,32
WCKPWJM1R,アルファ,48GTYR1VB,ハラショー！,831,4,8975,274910,1,2,5,4,4,1,7,7,31
VIEN1GRH8,もうた,NK05UMLWW,かけ込み寺クラブ,703,1,8976,274820,5,4,5,6,1,4,4,1,30
18ULRJKU9,はまぽん,VJ84BDCHH,がんばルビィ！,1017,5,8977,274730,7,6,7,8,7,8,5,7,55
NP04RY962,ふじ,2JK7E4115,ラ！推し,1034,0,8978,274640,7,4,4,8,4,7,4,8,46
W7VEHAXNY,ひびき,TB7GJ57D7,シャイニーフラワ,809,2,8979,274550,6,2,6,10,2,8,9,7,50
BUD2V4U3Y,ぎゃるかん,LV51699A1,餃子の満州,716,1,8980,274460,3,10,5,10,8,7,1,10,54
6CYJPMUHK,ユキオლ•ω •,T2XRMGEAE,蓮根無言会,1035,2,8981,274280,7,6,7,7,4,8,6,6,51
9WNJYVXEH,桜,E76N52LMW,イベントのみ,703,3,8982,274190,6,10,9,10,10,1,1,10,57
U5Y0BVC1T,弓道,VLY5JDKCV,新規なのだけれど,916,6,8983,274100,7,10,10,10,6,6,5,7,61
QZVQ5ZTSS,ぴあ,FMKP92LRL,目が霞む人達,1000,5,8983,274100,1,2,8,8,5,5,1,8,38
WT03JBC31,輝秋光,WKG02VMU6,先輩で遊ぶ2年生,533,0,8985,274010,7,4,7,8,4,7,5,7,49
8D8HY8URJ,饶舒铭,9YG7C0VM7,綴理と無言で昼寝,642,0,8986,273920,8,6,5,8,5,4,6,8,50
508WKDTCW,トキメキ高咲ィ,JC1YYRXMB,フリーダムな蓮,686,0,8987,273740,5,2,7,1,4,5,4,5,33
G0KPGLRJ3,ありす,NCX28D4VB,Lyric,1024,0,8988,273650,5,6,6,4,5,8,5,6,45
W64R58L66,つっち,W9V6VTXAN,梢先輩の歌声好き,804,3,8989,273560,2,2,7,10,5,5,3,10,44
1EQF0CV2T,たきかぜ,XR2P2LDY3,蓮ノ空さいきょー,1165,4,8990,273470,7,6,5,9,5,8,5,7,52
EKKDNUBFM,あばば,JY5D932W7,粉骨砕身藤島慈,1054,2,8991,273290,1,4,5,9,7,9,5,9,49
7E2DPFX2T,夜空,MWXP6RMA7,月火水木金土日,1018,2,8991,273290,8,6,5,7,5,7,5,8,51
BG1H6FW14,ゆうくん,LFB48H6MU,超初心者の会,407,0,8993,273200,8,8,9,10,7,10,5,9,66
KJ74IVNUR,しゅん,72J5PWU5K,ライグラ待機室,1125,4,8994,273110,4,6,6,7,5,7,5,6,46
DBF1YRV03,カイト,Y7KJ3PM8P,蓮すきすき同好会,424,2,8994,273110,1,3,1,3,1,1,1,3,14
7C3ARPGAR,Aoikurai,6E27A15ER,蓮ノ空自由クラブ,1065,8,8996,273020,4,2,4,8,1,9,1,10,39
3CE54NMTA,Tofu,KGDNX3EF3,ENcircle,814,2,8997,272930,10,6,7,10,7,10,4,9,63
G5YG5VD2Q,あばろん,N34LHVJKN,のんびり堂,1017,1,8998,272840,5,6,5,7,4,5,8,8,48
MB7PYNVLA,カノフェル,0V75M00RK,ネオヴェネツィア,835,1,8999,272750,5,4,5,3,4,4,5,7,37
HNFJNW75M,こうお,WBCN61N99,SRK組,485,0,9000,272570,5,5,5,4,2,3,5,7,36
X3UUAMT30,にこにこに,80VRCG1BY,みらぱ同好会,359,0,9000,272570,4,4,8,5,4,7,5,5,42
D8W524NVK,ねこやしき,A7WWE0463,蓮ノ空初心者部,880,1,9002,272480,5,1,4,9,3,4,4,4,34
29WAYT8FM,reo,51CF1LTGY,ラ研連合,1051,9,9003,272390,2,2,2,2,1,2,3,1,15
HK1YER8W7,ていらい,2XP0PJ8T7,魁！ていランド,190,0,9003,272390,5,6,10,6,7,7,3,8,52
S1V4QVXBH,I.Kamui,W189BP629,みんなのみかん畑,1102,6,9005,272300,6,6,6,8,6,8,5,7,52
0PXUULP4L,cslwalwa,H837E0M9R,沙知先輩大好き部,892,0,9006,272210,7,6,6,2,5,4,1,4,35
VDBDLWDRA,ひだり,T8X0G07YB,なければ立てる！,1396,0,9006,272210,8,7,6,9,8,9,8,9,64
21900CHMX,isao,639NXLKJ5,Lotusky,828,0,9008,272120,6,2,7,4,5,4,1,1,30
RFEX3X06D,とろぼっち,4URND90YY,参加賞狙い,240,0,9009,271940,5,6,6,1,4,7,5,5,39
QFII0TERP,肉じゃが,W3UUXHMDV,水彩ブーケ,1353,8,9010,271850,9,7,7,10,7,9,8,9,66
AXVT7Y3B8,かおるこ,3RH5MYBXV,こずめぐ党,817,4,9011,271760,8,5,4,7,5,8,5,7,49
26ODCZD08,エーアイ,CP5JE6KFV,コイコイクラブ,970,0,9012,271580,7,6,4,5,5,6,5,7,45
NXU3LB6VA,カインKKE,C9DAJ6YFV,のんびり,893,2,9012,271580,6,4,5,9,4,7,1,5,41
FR8GC2UHY,カルマ,J62DRC7J5,蓮ノ空好き好き会,848,1,9014,271490,4,2,2,2,4,4,6,4,28
QEPF5EWH6,TaPu⌘,58FD7UF8J,としとしサークル,1094,0,9015,271400,8,6,7,5,7,8,7,8,56
UJHCCKDM3,バーネット,K5TN1RT6D,キンカンナマナマ,401,0,9016,271310,8,6,7,8,5,8,6,7,55
MZLMO6VQ7,ちあき,TBFU5R6H1,明日ノ空,859,3,9016,271310,2,4,4,1,9,9,7,9,45
MU3UEHP62,りいん,2VJG66JTH,まったり,1058,8,9018,271220,4,6,1,2,4,8,7,9,41
8AX9GAX59,ナナ,BT3GEWM5L,ささやか村の集い,1041,7,9019,271040,5,6,5,9,5,7,5,8,50
401NFX7XX,みっちー,UYCT3Y4JK,蓮っ子,1116,6,9020,270950,7,4,5,4,4,4,4,4,36
GXU3HMKJ2,シュウ,T2XRMGEAE,蓮根無言会,1011,7,9021,270860,1,2,5,2,5,8,8,9,40
9ZHYIQH3S,ゆせな,PG8N0YL3F,蓮ノ黄昏,1162,3,9022,270770,9,5,4,10,5,5,8,9,55
7YG1N7TDV,ハーパー,9R15VM25A,考え中,220,0,9022,270770,1,2,3,2,1,9,1,2,21
1N443KGL9,武蔵恵,BEMED3RY1,無言無課金ok,289,0,9024,270680,1,2,1,2,1,1,1,5,14
5SR3GDMQ6,レイネ,EFYYG9TAY,ご隠居さーくる,1124,7,9024,270680,6,5,9,10,4,8,8,10,60
93UG4QHM0,ビーフチャーキー,EE4BKR0AR,まったりプレイ,1165,9,9026,270590,7,8,9,9,5,8,7,7,60
941DNEHKG,茱麗葉,VGG1HM53K,のんのん日和,739,0,9027,270500,5,4,7,5,1,4,5,5,36
Z4DH5LWNJ,Finebud,HB9AU9DJJ,聖心党,1197,4,9028,270410,6,6,4,5,4,8,8,10,51
8JKAFBALU,むぎゅん,GR65FP8VN,蓮好き,1084,4,9028,270410,9,6,7,8,5,8,6,9,58
W2YG5JDM6,rawoh,UVK38MFR2,蓮の虚無サー,1364,15,9030,270320,8,7,7,8,7,9,6,8,60
KA8YECFNV,くろぶち,3LUL3WR8Y,零組,1000,1,9031,270230,10,7,8,9,6,9,8,7,64
S08MJ23BF,ねお,8MDA3A0AK,イベント用,472,2,9032,270140,3,4,1,3,1,3,4,8,27
IXPTJR36U,na1195,NMGYE73JP,0,804,1,9033,269960,3,3,1,4,1,2,9,7,30
XNTBEPTM8,ひな,WNA5GTJPP,蓮ノ空百合クラブ,917,2,9034,269870,7,4,1,4,5,7,4,7,39
3FMJBPM7Y,たま,KC1W74B9B,蓮六園,744,2,9034,269870,7,8,7,6,4,7,4,7,50
N7ACAGM4D,たろ,J09VEX2ER,くるくるポーズ,1067,1,9036,269780,2,2,3,9,1,1,2,5,25
QPU38MY0U,まさのゆ,F31A07X4V,蓮ノ空福井分校,965,9,9037,269690,1,6,4,5,5,8,1,9,39
VME0MPK46,ゆゆゆ,U57VPUTEE,ゆったりクラブ,827,0,9038,269600,7,4,4,7,5,7,6,5,45
9L4WK7YNL,虚無虚無プリン,V7768X8AC,せーので！,1035,2,9039,269510,4,7,4,2,1,4,8,10,40
Y41V88L99,いけ,DFFYFJ2B6,つづさや好き過ぎ,957,2,9040,269420,5,6,4,6,1,8,8,8,46
7E7FMK721,どこでも,KJDNHL66C,新世界ゲート,760,0,9041,269330,9,7,8,6,1,7,9,7,54
TK001VF4J,まつ,HKETDDCK6,ぼっちざ蓮!!,673,2,9042,269240,2,2,4,5,1,4,1,1,20
ZPA0I3PHI,ユキ,F90XW14UP,のんびりプレイ,667,0,9042,269240,7,6,5,10,8,9,5,8,58
A2YRW5F3F,南知床ことりん,JY79RPB1D,リンクラゆる部,1104,12,9044,269060,7,4,8,8,6,5,5,8,51
7XG4T3U1N,nbk,F90XW14UP,のんびりプレイ,395,0,9045,268970,1,2,5,2,1,2,5,6,24
X6KWE2NEC,コウモリ,WJY2HK6A5,蓮の空イベント部,426,0,9045,268970,4,6,5,5,1,6,7,5,39
JGLK4W026,アズキ,TR057C1UW,蓮ノ空ぼっち部,934,2,9047,268790,10,2,4,6,1,4,6,1,34
T9TAEVKR6,こいちゃん,F6LNJNE83,そろそろ,708,1,9048,268700,7,7,7,7,3,5,6,7,49
85RHV4RV8,けん,TE24TWB7H,GH金沢支部,790,6,9049,268610,1,6,5,5,8,8,1,10,44
M5TL7P3GY,KR,U3VEPLPV4,PiONA,685,2,9050,268520,1,4,6,2,1,5,1,1,21
LMRPCW71K,いなほ,LT9K2FP23,慈党リンクラ部,713,2,9051,268430,2,2,1,3,1,1,1,1,12
LA9C7G313,くもらと,A3X92L6YU,お試し用サークル,663,4,9052,268340,9,2,1,2,1,1,1,7,24
9V416U7WI,takuya,3LPBPHL3V,壁の民の伝説,1089,1,9053,268160,9,4,5,2,5,4,4,8,41
NL6XJH6HR,＊あまの たつ＊,95031TR10,ひめぎん文化会館,1358,13,9053,268160,9,10,10,10,8,10,10,10,77
XEB9MWG8K,ゆーせー,RM7N1JDB5,無言推奨不干渉会,776,2,9055,268070,7,7,5,6,5,8,7,9,54
795R7W327,HANN,EYEPHE14G,花上梢頭,1147,10,9056,267980,9,8,8,10,7,9,6,8,65
D2WMDNME7,推しんこ,X784G0GKM,異次元から来た,389,0,9056,267980,8,2,4,7,1,2,1,4,29
2Y3HL0CML,すたぁ*,6HV2RH6TU,イベント用、無言,838,2,9058,267890,6,4,1,7,4,5,5,8,40
LH25NN8M2,ハク,W3F0URUJC,梢先輩応援団,1105,3,9059,267800,1,2,7,6,1,9,9,10,45
U9AG6W640,ぽんず,9C0KWR782,まったリンクラ,786,2,9060,267710,7,4,4,8,5,8,4,6,46
VG3JPEM9W,むっちゃん,GYJ3C6TKR,綴理先輩好き好き,1222,8,9060,267710,2,2,7,6,5,9,9,9,49
A99H5AH6U,菊川仁義,REUA4H17B,LLLLBR,233,0,9062,267620,8,5,4,10,4,2,10,10,53
17S6DJZC4,桜陽炎,HBCC35887,そりゃー!!!,779,0,9063,267530,4,4,4,2,2,6,2,1,25
LP0XNO1TE,ちい,LY0XPW7NL,同棲概念強火派,601,0,9064,267440,1,2,1,4,1,1,2,1,13
QDIK0UD7I,test,TFGKYEY98,LLP JR,846,1,9065,267260,4,2,2,7,4,2,4,5,30
A3T1Y2YLB,アマルーラ,8J1GJT2BC,近畿の大金沢,1173,2,9066,267170,4,5,1,3,7,9,10,8,47
18EK1KJMN,萌田時絵,1U4JN5CXB,LLユーカー部!,726,4,9067,267080,6,10,4,4,2,7,5,10,48
XRXRJDDM1,こじろう,8BAYBXUXC,スリブ大好き♪,953,6,9068,266990,6,4,1,10,4,1,7,7,40
9RB75Y32U,コモンEX,NTDM30NB6,霊使いリンクラ部,952,0,9069,266900,1,2,3,2,1,2,2,2,15
QUFZ82DXJ,ちゃしるとん,M08GKL70U,ららマジ難民の会,1099,10,9070,266810,2,2,5,5,7,9,1,1,32
53LW8PNLM,のっぺりさん,9JVBKD2W0,ねこねこにゃー,905,9,9070,266810,4,3,2,4,5,6,4,6,34
HR51XP0CX,いんぱるす,E8EGT47GT,くるくるくるー,1060,3,9072,266720,7,7,7,7,7,8,7,10,60
18FJ0Y28J,Alaire,AT3WYLPP8,SIDF,701,1,9073,266540,7,7,10,10,9,10,4,10,67
4KF28M9PV,九条天の猫,BMAKK6VNN,にゃにゃにゃ,307,2,9074,266450,2,4,1,3,1,2,3,3,19
6W38GNRPJ,あすか,8MDA3A0AK,イベント用,415,0,9074,266450,1,2,1,6,8,5,3,5,31
E6KN0R14V,山陽汐見橋,38WF15C16,折紙物語,854,2,9076,266360,7,5,7,4,5,1,4,5,38
9KNMJBYV4,学院生?,828YTYAA9,箱推し社畜の部屋,1051,3,9077,266180,8,2,6,9,7,8,8,9,57
YG1K7TAUM,がたりん,L3MTTE2BL,麻の葉スクステ部,460,0,9077,266180,8,2,5,4,8,4,1,5,37
2MEGJ2BLE,おのちゃん,8JMW9G2XW,僕らのリンクラ！,900,1,9079,266090,7,7,7,4,4,8,4,7,48
MMA6PU87C,透明,WLFW6UCX5,無敵級ビリーバー,1009,10,9080,266000,7,6,7,9,5,4,4,8,50
R742012S1,さち,9AYD3XJ2D,ぺんぎん隊,1026,1,9081,265820,7,4,4,7,5,7,6,7,47
SVNL4X38U,栞,EE4BKR0AR,まったりプレイ,1203,3,9082,265730,4,4,5,2,4,8,6,10,43
HTYZ6SRKP,じゃぐ,JHTULVV5P,故に瑠璃乃推し,513,0,9083,265640,4,4,8,4,8,9,1,10,48
6WNNTRUP1,かす。寄生虫の姿,FF4XH0P3A,ゆるゆるサークル,904,2,9084,265550,3,1,1,2,1,3,3,1,15
BN5TCKFTY,たくちや,95TAREFPT,ご自由にどうぞ,497,0,9084,265550,4,2,10,3,1,1,1,4,26
A166TWMS3,塚紗りむ,G2B2TC3PK,iLiFE!,1047,8,9086,265460,1,3,4,10,4,4,4,1,31
JXWFD0Z1N,えあ,DPTR37YVB,とりあえず参加用,533,0,9087,265280,1,3,4,3,1,1,1,1,15
QUNT7EOFT,ワツタ,KXB93FVTR,ブルームガーデン,1134,3,9087,265280,6,7,6,8,7,5,7,10,56
Y7TCH1YC2,k.n.,L1VGJTD5P,蓮ノ空お茶会部,931,7,9089,265190,1,2,1,10,4,9,9,10,46
DUNBTVJN1,かす,FH54A1HEX,陰のラブライバー,568,0,9090,265100,1,2,7,4,1,4,1,4,24
77Y22RN5P,デルタ部隊,PNKCBFP4B,おばんです,872,1,9091,265010,2,2,1,3,2,2,4,4,20
XVE70516L,そだて,RXXUPMWB9,待機室跡地観測所,875,2,9092,264920,1,2,1,5,1,1,1,4,16
VYKR7E102,ハ〜ル,WJ7GF9WVV,愛と想いやり,517,3,9093,264830,2,2,4,3,1,2,1,3,18
YM63N6YP2,gsenjou,2KJ2UEC3P,ういちゅけクラブ,363,0,9094,264740,4,4,3,4,1,1,4,5,26
H494952Y3,ホビロン,T4WY63DB9,ういのま,1113,0,9094,264740,5,4,7,8,5,9,7,8,53
0ERNHYK1X,ますたーろごす,MWT91W455,つづこず大好き部,869,2,9096,264650,10,9,4,10,1,9,6,3,52
RC8N2G08N,ひかり,AC94W0LN2,無言で自由に,343,0,9097,264560,1,3,5,4,1,3,1,1,19
M29XCT6V2,まぐろ3世,F2CFWVMY9,藤島め組,947,3,9098,264470,1,1,1,2,1,1,1,1,9
DTPP9T1YP,よし,KV45PF5JJ,セカンド部,224,0,9099,264380,4,5,10,9,3,3,5,5,44
MIXAD6V92,まご茶,2JK7E4115,ラ！推し,1461,6,9100,264290,10,7,6,7,8,10,10,10,68
4FY9R2UF1,みもりん♪,TX85TKW7A,蓮ノ空女子部,1078,1,9101,264200,5,2,1,7,4,7,8,8,42
JQ4QSOCAV,琢磨,MVRFVTGU6,無言&出入り自由,424,0,9102,264110,2,2,1,2,1,1,1,1,11
TFH66N9AT,零,X87KNX4N3,蓮ノ流星群,664,2,9103,264020,2,3,1,4,1,1,5,3,20
S99T47AC0,O島プロ,30W3RA65G,蓮ノ空自由クラブ,993,8,9104,263930,4,1,4,2,5,5,5,4,30
BY3CPTHLM,カフェファ,JD1PFYJWE,瑞蓮隊(無言OK,582,2,9105,263840,8,2,5,2,6,6,1,7,37
M4A5GMSE9,ひな,MG1G6F487,蓮ノ空無微課金部,1005,2,9105,263840,3,2,8,6,5,7,6,10,47
GWM2VEF07,リバスト,WWWUTP96L,異次元からキマシ,1086,7,9105,263840,4,4,8,7,5,8,7,8,51
L22430RUE,mskk,865UE9UC6,蓮ノ空うどん部,1006,6,9108,263750,7,4,4,4,5,7,5,7,43
I6B73EGAT,なな子,9GEABLUDP,◯◯サークル,561,1,9109,263660,3,4,5,3,1,1,1,1,19
RBNWWF1BB,白i,E76N52LMW,イベントのみ,811,0,9110,263570,8,4,4,4,4,7,5,7,43
367STOU6L,ハロめぐCEO,3LUL3WR8Y,零組,1019,5,9111,263390,1,4,6,2,5,7,7,7,39
7594GL7V4,のっぴ,E12PR824F,ゆるっと蓮ノ空,402,0,9112,263300,6,2,1,4,5,6,4,5,33
2DBKUBEC0,シャドウ,WJ7GF9WVV,愛と想いやり,825,5,9113,263210,8,8,10,5,10,4,4,1,50
KWVCK1KA9,座敷よねよね,PJN52E7JX,ひよっこ,905,2,9113,263210,6,5,5,5,6,4,5,7,43
14PIM9Y76,daiz,9YG7C0VM7,綴理と無言で昼寝,980,2,9115,263030,3,6,9,4,5,5,9,7,48
W3BUK3167,QB666,646YTH7KK,KA,763,0,9115,263030,5,6,6,7,4,7,5,7,47
55BFWMH5B,ヒスイ,1F5EPPMLD,UR貰えればいい,618,2,9117,262940,5,3,4,5,4,6,5,7,39
71WTB8626,りゅう,J0N1E3Y09,月火水木金土日,582,1,9118,262850,6,6,4,5,2,1,2,3,29
ZS4B8CJXF,シュン,DFXN9DB2H,どんぐり共和国,1073,10,9119,262760,7,6,4,5,6,9,7,8,52
73DX96MV5,あおい,7NJM1VURM,らんるん部。,211,0,9120,262670,3,4,3,4,1,1,3,5,24
92WV9MGGX,ぴ,N0EXH1CM1,ぱちぱち徒町,616,1,9121,262490,2,4,1,2,4,2,1,1,17
R2UX2GBKC,SnailTAK,J80MEYHBC,Nymphaea,957,4,9122,262310,6,6,7,8,5,8,4,7,51
AH5EJXC9B,ごや,6JPXTKDBB,DAISUKE,412,2,9123,262220,5,2,4,4,1,4,3,1,24
B7U056FS5,ねっしー,E0427ERB9,Lotus,531,0,9124,262130,2,2,1,1,1,2,1,1,11
X6NC3E46Y,ガストン,9C0KWR782,まったリンクラ,420,0,9124,262130,2,1,2,3,2,2,1,1,14
93EDGTYRF,みよま,4RY75CKM4,LLすこ部　メ募,916,0,9126,262040,1,4,1,4,4,5,4,5,28
5RDWDT1NH,まっつん,C2XLWUTL1,夕霧綴理親衛隊,965,2,9127,261950,1,6,4,8,6,1,1,1,28
BU7BQ65D6,masoho,PDTRRYUGM,石川県民ひろば,854,3,9128,261860,1,5,1,6,4,7,4,4,32
AC035TMAA,のりくらおりこ,866DU609J,ラ！スレ@may,965,2,9129,261770,7,4,4,9,5,8,8,9,54
R86RIMRGK,あげ,KK166BYL7,蓮女応援有志部,449,0,9130,261590,3,3,6,3,4,3,1,4,27
B66JT4PPC,シマ,C52VR77BJ,イベント参加用,291,0,9131,261500,5,4,4,6,4,4,5,5,37
02RQBBSEZ,ゆずちゃ。,ATB27G5P2,おこめ茶寮,604,1,9132,261410,2,2,2,3,1,2,10,3,25
XAXD3VMC5,samdan,08DDCV5JN,黒ねこのしっぽ,594,0,9132,261410,5,4,5,5,5,8,6,7,45
MFFYM1W85,マリ,08DDCV5JN,黒ねこのしっぽ,647,2,9134,261320,2,2,1,9,9,1,4,1,29
4LXBDC7FD,ぐっちー,JWUL2T36L,チーム初心者,537,3,9135,261230,1,2,4,2,1,2,1,4,17
WVE2FGTR1,岩戸紅葉,GWGDMA3YC,初心者無言自由だ,1343,11,9136,261140,5,7,8,4,8,4,9,6,51
0EE0MKMNY,ダアツ,FV38N1J23,イベント用,994,11,9137,261050,8,6,9,5,5,8,5,7,53
T46TWRVYY,サンラブ,8LFC49TWF,蓮ライブ！,980,4,9138,260780,7,6,5,9,8,8,5,7,55
WZ6IB9JWX,はるひん,DF7FA982P,蓮ノ空百合部,949,2,9138,260780,2,6,6,10,1,5,5,9,44
60HF6MPEV,Eatfan,26JDLMBLN,徒町は強く生きる,538,2,9140,260600,3,2,5,5,3,4,4,4,30
HGFPNIKWQ,ともとも,6E27A15ER,蓮ノ空自由クラブ,1059,4,9141,260510,7,6,7,9,6,8,6,7,56
KPB1HPVY5,nada,83TGL8UMJ,しゅうまつクラブ,965,4,9141,260510,4,7,7,9,8,10,4,10,59
B9TMW2TRD,あるしな,28XJ8NK4L,蓮ノ空まったり部,904,4,9141,260510,1,4,4,2,5,8,4,4,32
BC1Z0WUER,無月,7TR2VDFD0,（株）すずぎん組,463,0,9144,260420,8,7,7,9,7,9,4,6,57
ASACG07UP,しゅん,CHRR1ARHR,さやを応援し隊,1086,3,9145,260330,4,7,7,10,7,9,8,8,60
U102HNP0B,Blue-SKY,X40JN8FBC,楽しい遊び研究部,1122,5,9146,260240,5,4,5,7,5,8,4,7,45
10PJ9COZZ,ＯＮＪ,63AKA05VR,まったりGngy,548,0,9147,260150,2,2,1,2,1,2,1,1,12
QIPCMGP90,金谷賀山田,T0XP8PFYU,兼六園と私,1048,2,9148,260060,7,6,8,7,5,9,8,7,57
5WBKNQOBH,澁咲穂歌夢,866DU609J,ラ！スレ@may,1118,9,9149,259970,5,4,7,7,7,8,5,8,51
JCOQ8RM1Y,風来,3XCG5FGTR,test,1012,0,9150,259880,4,4,5,1,1,4,7,10,36
86W0FCPUH,月うさぎ,7MPNTWKTN,Dreamers,909,0,9150,259880,8,7,6,8,5,7,6,7,54
QSS7BSI1M,や,XEENRBXCG,蓮ノ空休日クラブ,937,7,9152,259790,9,2,4,4,1,10,3,9,42
FGDMFWHW0,あん,05KN1RR3U,さやかほ花卉園,1039,6,9153,259700,7,6,6,5,5,7,5,6,47
AB310C9K2,なばな,FE282F3VH,天悶部,1060,1,9154,259610,8,7,7,8,7,8,7,9,61
B318C95TU,区間準急,FG9A9ARX1,忙しい人あつまれ,575,0,9154,259610,5,2,5,7,4,8,1,8,40
GYX7GHAUK,夢見アリス,8GEP3C6H9,蓮好き好きクラブ,942,3,9156,259520,2,4,4,5,1,5,1,4,26
LKA0GK951,HIDEYAN,DF7FA982P,蓮ノ空百合部,1029,7,9157,259430,7,6,7,7,5,7,5,7,51
9WRC91ZJF,けーじ,G2BWENR1C,せーはす応援団,1117,2,9158,259340,2,2,4,4,4,8,7,10,41
NG48LPWP9,ろぜりあ,T2XRMGEAE,蓮根無言会,356,0,9159,259250,9,7,4,8,4,6,9,1,48
2XUS3K5Z4,赤ちゃんのキラー,17TAUR6K6,憤怒と激怒の会,1062,4,9159,259250,3,4,5,6,5,7,8,10,48
Q9SSQQD6L,ルーシア,5JA9K5FAK,オタサーの姫芽,1076,2,9161,259160,1,4,2,4,1,4,2,1,19
W69BWDA6X,刀,DF6RY3BXN,andante,815,2,9162,259070,1,1,5,2,2,2,1,2,16
V0W68J973,結城冬晴,5NPVVUGH7,蓮すきすきクラブ,1195,5,9163,258980,6,5,5,6,6,7,9,10,54
9HFVHF65F,カツミ,U98UKD6RY,異次元フェスP,797,1,9164,258800,1,6,1,6,5,5,6,9,39
2T71JGYKG,Hirominn,12D4R3KMG,ほくりくかちまち,275,0,9165,258710,7,3,2,8,7,7,8,8,50
SJ1A25CPB,Baram,60KU468X3,はっすーず,869,4,9165,258710,2,8,5,9,5,7,4,8,48
3NI8NK9IH,ユーディーン,68JHFM1EM,Spiw,408,2,9167,258620,4,5,1,4,2,1,1,1,19
0X1JUTHDE,みわぽよ,VN1LXEHLR,綴理、愛,343,0,9168,258530,2,2,2,2,1,1,1,1,12
NYPA8LSH7,すず,9U8KNU6U9,対抗戦用,742,2,9169,258440,7,4,4,5,2,4,1,1,28
8EE5HNWYC,エン,PUNBJGRBF,初心者向け,644,0,9170,258350,3,2,4,4,1,1,1,2,18
3M39KVXW0,KAZU,3N7FL0U6U,destiny,948,1,9171,258080,5,5,4,6,7,6,10,10,53
WUVB09KCM,えけある,8VGXWTV3U,R.opRizm,575,0,9172,257990,4,1,9,6,1,5,4,4,34
46Y4C3WJW,かい,7NJM1VURM,らんるん部。,495,3,9173,257900,2,2,8,6,9,1,7,3,38
FDPJU9XDX,リィンク,NX9KJK529,虹ヶ咲学園,590,2,9173,257900,1,2,1,2,1,1,1,4,13
AL5L2YFH7,プレミアム人形,X258J9JDF,プレミアム人形,874,4,9175,257810,1,2,1,1,1,1,1,2,10
XFJRJTKCX,とあちゃま,F90XW14UP,のんびりプレイ,323,0,9176,257630,1,1,1,2,1,1,1,1,9
00TYKVR4J,らい,RNJ306W6N,日曜日よりの使者,1001,3,9177,257540,8,4,5,7,4,7,4,7,46
1LCPW0BM1,ぷにしえ53世,29BKKBRBD,蓮ノレッドサンズ,658,0,9178,257450,4,7,8,8,1,5,5,7,45
CVL9D6R3U,neko24,407VAU0TT,ログボ勢の集い,962,0,9179,257360,9,7,8,10,8,10,7,9,68
0CCEUV4KJ,バファリス,KND3T7056,ぽかぽかモガの村,949,5,9180,257270,9,2,5,4,1,1,7,7,36
MW3FYL3OF,ニーケ,D0DP90JK1,のんびり,1035,0,9181,257180,8,7,7,5,5,7,7,8,54
D1V5A6KNM,ゆい,FR5PDRB5Y,株式会社つづさや,499,2,9181,257180,2,3,2,8,1,4,3,5,28
1XAB95JI8,てっちーんっ！,GMYGNRHPJ,のんびりん,1010,1,9183,257090,6,4,5,4,5,7,6,5,42
SHADU0SCN,りんりん,V8XX999F6,卍蓮村幼稚園卍,886,2,9184,257000,1,4,5,4,1,4,1,1,21
FRJFKAXX7,永瀬,XE8513HNP,喫茶カワウ空✨,354,0,9185,256910,5,5,2,6,2,1,2,1,24
RB0HNTMV2,桜@めぐ党,57HNJ07NK,みらぱ推活最前列,1432,15,9186,256820,10,7,9,10,7,10,6,7,66
40X1DMJCG,堕天使LOVE♡,6C9R15BLY,スクスタ避難民,670,0,9187,256730,5,6,5,8,5,7,7,7,50
65VWHFP8C,チヒロ,0UTVRAKFL,平穏無言,738,2,9188,256550,1,2,1,2,1,1,1,1,10
LSQBX62I2,へもんじ,58FD7UF8J,としとしサークル,1042,0,9189,256460,7,6,7,9,7,8,5,7,56
B7XCQME6R,晃,6386KU76W,goko,1017,13,9190,256370,5,5,9,6,1,1,10,1,38
77U3C0APH,大沢英明,3RH5MYBXV,こずめぐ党,1072,6,9191,256280,7,7,6,9,7,8,5,10,59
8UJPHW4X4,ふじこ,CDY5ND029,鳥もも塩だれ定食,818,0,9192,256190,4,5,6,4,4,2,1,4,30
H45IBEWA7,MUGI,281AVFPPX,蓮ノ空過食クラブ,1066,9,9192,256190,6,5,4,7,5,9,7,8,51
WAR1MMJQQ,フレイムセイバー,EYEPHE14G,花上梢頭,1149,10,9194,256100,1,2,1,2,1,1,1,1,10
701WFGVYP,ひろきち,R801YPW1C,さっぱり塩ダレ,1008,2,9195,255920,7,6,7,5,4,4,1,5,39
JRMR2NHO4,Remu,BYA3FA0X8,無言ぼっち同好会,950,10,9195,255920,6,2,4,10,5,7,1,5,40
A36GWU6BK,Sio,2JK7E4115,ラ！推し,769,0,9197,255830,7,5,5,6,4,7,6,7,47
B3XUDAE3D,熊熊,H1LTYMK0B,花帆が可愛いの会,833,2,9198,255740,3,2,4,5,4,5,7,7,37
6ZN6BIJ3Z,うぇる,RNJ306W6N,日曜日よりの使者,1103,12,9199,255650,7,4,5,9,5,7,5,7,49
ZWHSWWPJQ,ナツ,WLBYGHXPD,大天使村野さやか,424,0,9199,255650,5,7,6,4,7,2,1,4,36
XCRBTYZBK,KOS_MOS,38KAJGDGU,異次元シャニP,1329,3,9201,255560,7,7,8,10,6,10,6,7,61
BY1HH19XT,TOSHI,X87KNX4N3,蓮ノ流星群,1194,4,9202,255470,2,7,7,8,7,9,8,10,58
QB7MCYT9U,ヒヨドリ,RNJ306W6N,日曜日よりの使者,1050,6,9203,255380,5,5,6,6,4,9,4,5,44
085JCPW4G,マサヒコ,2J5W1LGR6,私の自由ダァー！,665,0,9203,255380,4,2,3,2,1,1,3,6,22
NLGAXFPOK,たかはるjp,E49YWK5YC,酢蓮根,663,0,9205,255110,6,6,10,9,7,10,5,4,57
XEK5WL8B5,ゆみす,KA652DGYV,ゆるリンクラ,1048,0,9206,255020,7,5,7,8,4,7,7,7,52
1AWCCFFLJ,Heiveen,7XH3K4GBT,LLP,1062,15,9207,254930,2,7,2,2,1,1,7,7,29
N743U4ERU,もな,424NLTEE8,無言な異次元部屋,1188,13,9208,254840,1,6,2,6,5,9,1,10,40
4L81VRH9H,マホピカ,HHMRTM0P7,つづさや党,674,2,9209,254750,2,2,1,3,2,3,3,1,17
Y6NC79REX,shOkun,06DCWC1RE,とりあえず参戦用,1028,8,9209,254750,5,6,7,6,8,6,8,7,53
SDHG4724G,たるたる,WE4AB37FP,めぐ党,1372,7,9211,254660,1,1,2,3,8,7,6,7,35
PUVHPMF5Y,りー,YDYH4VRRP,レンクウ,638,2,9212,254480,1,2,1,6,1,1,1,1,14
VWWRJUE6J,蓮丿空365,79M29YPHW,スリーズブーケ,871,6,9212,254480,10,10,7,2,1,1,1,1,33
R6E6JMTYK,しゅー*,XYRA2MND0,蓮ノ空ゆっくり,257,0,9214,254030,3,2,1,10,1,1,1,3,22
Y78W6PN5S,アグネスデジタル,1T9GDPUMV,雰囲気プレイ部,1148,0,9215,253850,9,4,6,5,1,7,5,10,47
TJWQE47VQ,JBB,9D722M8KC,蓮ノ空同好会,752,2,9216,253760,7,7,5,10,4,8,7,9,57
59CXAK4KV,感听,F8MLHU2NV,乙宗梢様､､､,660,0,9217,253670,8,4,8,7,7,8,8,9,59
945FJLRJ3,タンボール,PDTRRYUGM,石川県民ひろば,1155,2,9217,253670,7,6,6,9,7,9,8,9,61
BCV6MXKAA,マスタング,1EL57CDR0,なんもわからん,566,0,9219,253580,6,8,7,9,4,7,6,7,54
Y4TENKYGR,いわさん,9XNH0HDBN,蓮ノ空∞園芸部,319,0,9220,253490,2,3,1,3,1,1,1,1,13
909KE28PF,りなつ,AG7YVB0Y2,みらくらのーと,192,0,9221,253400,2,2,8,1,1,1,1,1,17
FBFMC1LLC,岩田悠希,60KU468X3,はっすーず,510,0,9222,253310,2,4,9,10,4,9,1,4,43
YDBU7DW39,ノダ,HBCC35887,そりゃー!!!,635,1,9223,253220,5,6,10,5,4,7,7,10,54
6TLR7HK9N,yuya,9D722M8KC,蓮ノ空同好会,906,7,9224,253130,7,5,4,10,7,9,8,8,58
YKDTAYH8A,Ryo,NLTAB4BLF,蓮ノ空ゆる活動部,688,0,9225,253040,5,1,2,4,1,1,5,4,23
PDJLC39KK,ShadowX,0R8BXPRC1,ポチっ！とクラブ,954,1,9226,252950,7,6,6,8,7,9,9,10,62
P2Y3XWVNM,椰子,7NJM1VURM,らんるん部。,287,0,9226,252950,2,2,1,2,2,1,2,1,13
XKUPN8CFF,トシ,R1RM3X0WV,後方腕組みオタク,826,0,9228,252860,2,2,2,4,1,1,5,7,24
SA9AOLL8E,Wa,FPWB11WF1,ぽいぽい,978,5,9229,252770,6,5,9,7,5,5,4,8,49
DPMAVCHB0,にゃんこあんこ,HAW490WUF,エブホリ,619,0,9229,252770,7,6,4,6,4,7,4,6,44
MLD1BY20A,Treadle,PXDL7Y3VM,ビギナーズ改,310,1,9231,252680,2,3,3,3,1,5,3,4,24
VA6PEKCJ3,tontis,FR5PDRB5Y,株式会社つづさや,556,3,9232,252590,2,2,3,3,1,3,2,1,17
HGU610ZVH,とぱぞふぃ,3LPBPHL3V,壁の民の伝説,985,1,9233,252500,7,4,4,7,4,7,6,8,47
1QWQ153SL,あさがお,KB5BFK7J6,おはめぐ党本部,1011,1,9234,252410,4,5,6,6,6,5,5,7,44
UU2PULV0T,⑅ あみあ ⑅,80VRCG1BY,みらぱ同好会,344,1,9235,252320,3,5,5,2,2,5,4,1,27
R3L4FNMV3,ぽんし,ULUELCJ7T,なるようになる？,1067,7,9236,252230,9,6,7,10,8,5,7,10,62
1T63CNUKY,かおす,CP3KWKH07,まったり社会人部,361,0,9237,252140,2,2,2,2,1,1,1,1,12
7BWGMYGUV,ペポ,08DDCV5JN,黒ねこのしっぽ,475,0,9238,252050,7,7,7,7,4,9,7,7,55
M3XE18VEP,Tc,LJNCAEVAP,蓮ノ空さやか研,209,0,9238,252050,10,10,6,10,6,6,3,1,52
AGUF3K3X1,猫山半太郎,U8GLCJVJP,コミュ障用誰でも,861,4,9240,251960,1,6,1,3,1,5,1,9,27
PECCPY11V,千景,1FC70W4XR,カインハースト,1101,0,9241,251780,7,7,7,10,8,10,7,10,66
SQODWTBBN,1a*,BEMED3RY1,無言無課金ok,1266,6,9242,251690,8,4,5,9,5,4,8,10,53
C4D189EJW,きゃらどん,WCL6R1ANU,無所属の会,570,0,9243,251600,4,6,5,7,4,10,4,5,45
BC3S9MXLE,かつ,TK9E1BB1P,無言で自由,1037,6,9244,251510,3,6,8,8,7,10,7,9,58
D76DF0604,夕立@みらぱ推し,YD2XWWFA4,蓮好き好きクラブ,830,0,9245,251420,7,7,7,8,5,8,4,5,51
4DGPVMS8L,カティ,WCL6R1ANU,無所属の会,1071,8,9245,251420,9,6,7,8,4,8,6,7,55
S2KT9UOG6,モミジ,HH93ADAW3,無言自由。,935,4,9247,251240,4,6,4,10,2,10,4,8,48
5W7PI0CG5,とと,9X07VGM42,近江町食べ歩き隊,1373,4,9248,251150,8,7,8,10,7,9,7,9,65
T7AL85DH9,あお,NMFBD39FM,蓮ノ空分室,908,2,9249,251060,6,7,6,9,5,5,5,7,50
VW120ZM3P,ことみ,M6UPWJ6DU,蓮結ぶ虹と星の音,1116,2,9249,251060,4,4,4,2,4,8,4,4,34
50SPKC7CX,りら,WBM6R0WVJ,蓮ノ空生花クラブ,499,2,9251,250880,3,2,4,1,1,2,4,1,18
GB0XE3UKC,くらいん,8M2MFU9U0,リンクライブ,863,0,9252,250790,2,2,9,7,9,7,4,10,50
WJVBUFTYP,かど,RAP9FVR3B,あばうといち,368,0,9253,250700,1,2,2,3,1,1,3,4,17
2WEE285JL,ＥＬ,5KY3B74UK,EWS,984,4,9254,250610,1,6,4,6,8,9,5,5,44
MEPHLYPLJ,セ,RXXUPMWB9,待機室跡地観測所,430,0,9255,250520,7,4,2,6,5,9,4,4,41
YLQI7A0XD,えーきち,XTH22LGKN,たぶん続けます,1307,1,9255,250520,4,6,5,7,6,9,8,10,55
OI5YQ4DH4,あさひ,8FR866PRY,蓮っ子みらくラブ,1384,11,9257,250430,7,4,7,7,5,7,9,10,56
JCM3PLXCN,紅,WCL6R1ANU,無所属の会,745,4,9258,250340,1,2,1,2,1,2,1,1,11
HXGKLRK1C,みどりはし,FR5PDRB5Y,株式会社つづさや,321,0,9259,250250,5,5,3,5,2,1,1,1,23
HLRNNFRK6,kitami,KPVJD4A1H,WINS金沢,626,0,9259,250250,7,6,5,8,6,7,7,8,54
8PT36V7BP,アシッド,5W8RPRVUA,ド！ド！泥！,1328,11,9259,250250,10,8,8,7,8,10,8,10,69
9GBNL54OF,せつ,ETAMCYHME,蓮ノ空お昼寝部,728,5,9262,250160,6,6,10,6,2,8,4,7,49
H1VUFT4XA,八ツ橋,0B8RTHY4D,のんびり屋さん,639,2,9263,250070,2,2,10,7,1,9,1,4,36
RUMGFK8CF,甜酒,95TAREFPT,ご自由にどうぞ,709,6,9264,249980,2,2,6,6,5,10,1,7,39
13Y1XFVW4,やん,60KU468X3,はっすーず,514,0,9265,249890,4,2,1,4,3,2,4,3,23
TJ3V3UPA3,ぶい,Y2P9LABR2,スクステ同好会③,1356,5,9266,249800,1,1,1,2,1,1,1,1,9
AV5G0UM5K,もとぬき,6P87X0R93,アフターのために,1105,5,9267,249710,8,6,4,8,5,9,7,7,54
0AL6QM6F7,いなこ,7DEHK6CAJ,生きててえらい,1057,3,9268,249620,6,7,6,9,4,9,7,9,57
UPQVY899V,長野県,1AK9VTG3W,ドルケスキスキ部,768,1,9269,249530,4,4,1,2,8,5,5,1,30
AAD3YHDYF,オガリ,KGFV7AB2J,石川県立図書館,616,2,9270,249350,1,6,10,7,1,1,1,7,34
KDHSY2ZG4,ましゅ〜,YXKR0GGM4,蓮ノ空好き好き,1403,8,9270,249350,8,7,8,9,6,10,8,10,66
GGVX1VHU7,まめ,P285HGTPH,まめ,779,1,9272,249260,5,4,4,4,4,5,3,5,34
JCWREPDTL,旅人,53M4V2BVG,吟子の髪飾り,1066,0,9273,249170,7,7,6,4,6,8,6,7,51
V7NG6XFFK,ダッシャー,TFGKYEY98,LLP JR,923,6,9274,249080,2,2,6,4,5,1,5,4,29
CUPAY65V3,水甲,DYTW8H2KA,めろんおいしい,641,0,9275,248990,6,8,5,5,4,7,3,7,45
RPKNWKRV1,しゃぽてん,N0EXH1CM1,ぱちぱち徒町,995,8,9276,248900,7,6,1,7,1,5,5,7,39
VH3VGTJXP,ごるすら,R3UE4PGCE,うさぎ小屋,776,0,9277,248720,4,4,4,6,4,5,5,5,37
V29FDKYW1,ツヅサヤリベルテ,6C9R15BLY,スクスタ避難民,669,0,9278,248630,6,6,6,7,4,7,7,6,49
8WXYU6JFV,ゆう,TTDBXERCU,蓮ノ空 全力応援,553,1,9279,248540,10,3,1,4,1,1,2,5,27
231U4VT6U,Helao,7KLYLRUDK,蓮ノ空水族館,549,0,9279,248540,1,4,1,4,1,4,5,4,24
ECRIBY9O7,どんぐりうぇのく,0R8BXPRC1,ポチっ！とクラブ,1298,9,9281,248450,7,6,6,8,5,8,7,10,57
KY6XLM23X,日向ヒアシ,H6JWBBGCG,蓮天・乙宗一心流,786,1,9282,248270,1,1,1,2,1,1,1,1,9
0NK9X4C9T,つかさ,PLBBEX019,待機室目指し隊,689,2,9283,248180,2,2,1,3,1,1,1,4,15
HR9LXDXPF,&U,GPKTRBCTT,騎空団蓮ノ空支部,838,2,9284,248090,6,4,6,7,4,7,7,7,48
ENH56J8P7,こてつ,30YM43CUC,蓮ちゃん好き,759,4,9285,248000,1,2,1,5,1,1,1,4,16
1L84V6MDN,シン,JNL5NM6EL,fyyy,983,0,9286,247820,5,4,6,5,4,7,7,8,46
M87NLLA1X,ノブ,69LBVUA8R,姫芽、さやか推し,577,0,9286,247820,6,5,6,1,1,9,4,10,42
R0Y94LU73,千波,85D411XNB,蓮っ子の集い,767,4,9288,247730,4,4,6,8,7,10,4,6,49
N6PQXO79S,ヤスタン,59AK7LJ7A,とりあえず,939,3,9289,247640,4,2,1,6,4,5,1,10,33
IC3O2AT2D,ナオキタ１９９０,CN3RA5CKP,ナオリンクラ,1028,5,9290,247550,6,5,5,8,5,7,5,7,48
1UAUG1OZ5,りるは,9YG7C0VM7,綴理と無言で昼寝,923,5,9290,247550,1,6,4,6,1,8,1,1,28
8JY82ASYO,もも,E76N52LMW,イベントのみ,1325,13,9292,247460,8,8,8,10,7,10,7,10,68
YP6CKFD1T,片瀬　凪,XYRA2MND0,蓮ノ空ゆっくり,700,0,9293,247370,8,9,7,9,7,9,5,8,62
AMDMMF7KY,我道走,X7XHWE03H,石川県不審者情報,938,6,9294,247280,2,4,5,8,1,5,2,4,31
XKRQIXU04,YOKOYA,DKNHY5HH6,なす料理研究会,948,4,9295,247190,5,6,2,6,5,8,5,8,45
6LKLYVF1H,香楠,8VGXWTV3U,R.opRizm,451,0,9296,247100,8,7,7,6,7,5,5,9,54
LR1D06ZZF,さんむ,8UJNTV5BX,のんびりと部,1067,0,9297,247010,7,6,6,6,6,8,7,4,50
KGU95TU6C,バシム,KFC62L0FV,ねるねる同好会,1035,7,9298,246830,5,4,7,7,4,7,5,7,46
19TXZF15B,ガンガンガン速,ATB27G5P2,おこめ茶寮,990,0,9298,246830,7,6,7,8,5,8,5,8,54
J6EK8H0MR,ゆうちょ,YNR28303K,りんくらぶ,820,4,9300,246740,1,2,2,2,1,2,1,1,12
4BGLJLTI8,アキ,G0J2F9NAL,さやさやさーくる,937,12,9301,246650,5,5,6,10,7,9,4,7,53
RT7XJD6MA,ちゃソ,KUVF6HT3A,自由気まま,964,1,9302,246560,2,3,9,8,8,10,5,6,51
T7GJ7X75E,ととのぶん,R1RM3X0WV,後方腕組みオタク,942,0,9303,246380,7,6,6,7,5,8,6,7,52
SIOV6VVRB,Sia,RAP9FVR3B,あばうといち,1251,18,9304,246290,5,9,1,7,8,6,10,10,56
KWU3JDH9O,ノービップ,HWMV33W7Y,フラワー泥民館,766,0,9305,246200,2,2,1,2,1,1,1,1,11
C7RT5WY2E,たま　20号,KC1W74B9B,蓮六園,847,0,9306,246110,4,2,7,10,7,10,8,5,53
2N6Y47XNJ,雾屋,TFGKYEY98,LLP JR,393,0,9307,246020,8,2,7,9,1,10,6,7,50
LEMY1R04L,異次元ひかりP,BT3GEWM5L,ささやか村の集い,1107,1,9308,245930,7,7,4,7,4,8,4,8,49
G3AR2GP4P,ひさみ,HDD9DJVTB,Lotusky,565,0,9309,245840,4,2,2,2,4,1,4,4,23
19L1WL62X,ヴァーリ,FH54A1HEX,陰のラブライバー,504,0,9310,245750,4,3,1,3,10,6,10,10,47
XC61ERU5M,リス,0CBM28JP6,ほうき星,1021,12,9311,245660,2,5,4,2,1,7,1,7,29
AUGJP7XY7,Izumikou,7X71T9R7J,憩いの場所,431,0,9312,245570,1,2,1,2,4,4,4,4,22
MYHV0RX8Y,うえさま,KPUYXN27J,蓮ノ空楽曲派,481,0,9313,245480,1,3,1,2,2,1,2,1,13
FCX92EF77,NQa,05KN1RR3U,さやかほ花卉園,822,2,9314,245390,1,2,2,2,1,1,1,1,11
K7F5YEAYK,チュンチュン,PHEKJB75C,乙宗四季恋愛㌠,1185,1,9315,245300,4,2,2,3,1,5,5,5,27
KJRWWQXON,いのこー,FBA3AGJVX,わいわい,619,1,9316,245210,1,2,1,2,1,1,1,1,10
NTBDMLBX7,rebanira,FG9A9ARX1,忙しい人あつまれ,272,0,9317,245120,4,6,8,3,6,8,6,6,47
VX2WPLR4K,ちろちろちろっぴ,PMME7169X,蓮っ子動物園,632,3,9318,245030,1,2,9,4,1,5,1,1,24
Y2WMDGTBY,ぐるぐる,UVK38MFR2,蓮の虚無サー,898,2,9319,244940,6,3,2,2,1,8,8,6,36
GAEI9QPFF,チャン,JCRNT9GKB,ハントンTKG,797,2,9320,244850,6,4,7,6,10,4,6,7,50
OKWF0EDSV,まりんらいなー,A8BJ5V3ET,はすのそら,977,6,9321,244760,5,6,6,8,5,8,5,7,50
N02LMPJRP,京都伏見　放送部,A3472CNJE,ハントン✿ライス,280,0,9322,244670,1,2,1,5,1,1,1,1,13
0NEIQZHIJ,ししゃも,F53AELUNC,ソロっと倶楽部,755,2,9323,244580,5,2,5,5,1,5,1,5,29
8RPM0WTE9,アリアス,UPNXW2A69,ライグラ報酬集め,830,2,9324,244400,8,2,10,3,1,4,8,1,37
9RCESQYCW,けいすけ,60D1TTYTV,無言自由会,1102,2,9325,244310,5,6,5,5,4,7,4,5,41
WXWE48U9H,サユキ,G0WRCNRWK,県立沢庵図書館,258,0,9325,244310,4,9,8,4,2,4,8,5,44
EDLV906E4,kato,36DAM7HBL,蓮隠れノ里,657,1,9327,244220,9,4,5,7,4,7,1,7,44
LCWCYXPL5,北堀江,JHTULVV5P,故に瑠璃乃推し,883,2,9328,244130,7,7,6,10,5,9,4,9,57
0TU8HEH0J,さかえ,T0XP8PFYU,兼六園と私,801,0,9329,244040,1,2,2,2,1,1,1,1,11
F4M9KTM9V,うさぴょん,646YTH7KK,KA,765,0,9330,243950,4,6,5,7,4,7,5,7,45
E0ME4F1YD,めで,NK05UMLWW,かけ込み寺クラブ,1045,9,9331,243770,6,4,10,10,4,10,7,9,60
0TNYWE6QD,TTH55ch,TR7ME55NB,スキップ連打部屋,872,2,9332,243680,4,7,6,7,6,7,10,10,57
AAGWL7WTD,カミキング,M1DLCR0R8,花帆護サークル,433,0,9333,243590,1,2,2,3,1,9,2,1,21
4NC5TDPS5,こむた,PG93BPEY6,秘密結社ナニトゾ,965,0,9333,243590,5,4,6,4,5,7,7,9,47
VX4W7B07Y,あなたちゃん,5YEE75CB4,ロビーで待ってる,979,10,9335,243410,1,3,2,2,1,1,1,2,13
42BSR7A3T,chantake,XR2P2LDY3,蓮ノ空さいきょー,1044,4,9335,243410,6,6,7,4,4,6,8,9,50
MP3V2WDWN,蝶屋,NC2YT2V28,蓮之愛同予者何人,1252,1,9337,243320,4,4,4,4,4,4,5,4,33
VRWX6G4KW,詩穂,N1DJVPGP8,いつでも咲けるよ,424,0,9338,243140,1,2,2,2,1,2,1,2,13
C03Y30C1D,アリア,DHKUGEWBJ,めぐ党虹ヶ咲支部,326,0,9339,242960,9,10,10,5,10,10,1,5,60
8Z0V9OLHJ,レグルス,DYAMB6AWK,コスモワールド,961,3,9339,242960,3,7,6,1,6,8,7,5,43
NKFL8JBYH,ジュウゴジ,LT9K2FP23,慈党リンクラ部,837,2,9341,242870,6,5,6,6,5,5,10,10,53
5GE9EG85T,サトチン,VFGE08PGC,みらくら推し,515,0,9342,242780,1,2,4,1,1,1,1,1,12
TKA5084U6,＿＿＿＿＿＿＿＿,W9V6VTXAN,梢先輩の歌声好き,380,2,9343,242690,2,2,1,3,1,4,5,1,19
8CELEYVN9,ガチャ恋サムライ,AHE0E3JND,ありがと！にひっ,522,1,9344,242600,1,2,1,2,1,1,1,1,10
EV7EAO5HB,みりん,WNA5GTJPP,蓮ノ空百合クラブ,995,6,9344,242600,5,5,4,4,5,7,5,7,42
R5F7C871D,あわきしん,3F0M4HXJE,蓮ノ空まったり部,555,0,9346,242510,1,2,2,3,1,2,1,1,13
DWNMD7NRB,404,9WE3M7BTP,クラウド,563,0,9347,242420,1,4,5,2,4,4,4,7,31
VGC8B8FXR,スクフェスの亡霊,FJMA5BPPE,蓮ノ空すきすき部,646,0,9347,242420,1,7,3,2,2,2,5,5,27
19Q47MPSC,あーお,BT3GEWM5L,ささやか村の集い,1086,0,9349,242330,4,4,4,6,5,7,7,9,46
BKTCFE01J,ねこまる,JBUP9N61Y,れーざー,923,2,9350,242240,6,4,4,9,5,7,1,8,44
RTLV7JYLK,ゆーじゃ,WNA5GTJPP,蓮ノ空百合クラブ,1094,7,9351,242150,9,2,7,8,5,9,7,9,56
PVFR3HV3G,クェー,3YWMY4JVN,82プロ,569,0,9352,241970,8,6,9,6,4,6,4,7,50
0KIBKA6LM,ロブ汰,57HNJ07NK,みらぱ推活最前列,1184,8,9353,241880,4,4,4,6,1,6,1,7,33
141TMWM0F,シロクマ,BUTB1MFNY,身内,803,4,9354,241790,9,6,10,7,10,7,7,10,66
LLPH151HX,かしわ,KJN99N5WL,プロデューサー達,717,0,9355,241700,4,2,4,4,1,4,1,5,25
M7QB7VF7T,匿名の人,LAKRG5NK9,ログイン勢,941,2,9355,241700,2,6,1,5,3,5,6,4,32
WWHW249CN,ぱり,J83JWJ028,大ㄇㄚˊ露營區,822,2,9357,241610,2,3,2,2,5,1,8,9,32
R331EY7GK,暁月　瓔舞,C8A9CTB34,蓮ノ空山岡家部,435,0,9358,241520,2,2,1,3,1,2,10,8,29
PW0TLN1LK,まくのうち,J5CKL5YPX,ログイン勢かもん,692,0,9359,241430,9,7,7,9,7,9,9,7,64
7C9PIZHPF,あまかん,EJY6B26D1,After見たい,513,0,9360,241160,4,5,10,9,6,10,5,9,58
6NTJV12XR,りかっぺ,ULUELCJ7T,なるようになる？,879,0,9360,241160,5,4,3,9,4,8,7,10,50
UJB22C7AE,わたあめ,BPFAT416J,さやかわいい,1023,0,9362,241070,4,5,5,8,5,5,6,9,47
66R58X4V5,奏,F2CFWVMY9,藤島め組,390,0,9363,240890,4,2,8,3,4,5,1,1,28
JZ02RGHB6,Haruna,W189BP629,みんなのみかん畑,1006,10,9363,240890,6,4,6,8,5,6,5,5,45
UT19000H2,るい,Y4G0KF6NB,無言でやる会,981,8,9365,240800,5,6,6,10,4,8,5,7,51
G1XFF0UG6,たま,JD1PFYJWE,瑞蓮隊(無言OK,396,0,9366,240710,4,2,3,2,1,1,1,5,19
8F1YD6YTY,かん,TF526VPFB,ファイトクラブ,893,1,9367,240620,6,6,7,8,7,9,4,9,56
NRPF5YC04,ぽんぽんヤバ美,XXMU9WLKB,梢の機械さん,240,0,9368,240530,4,2,3,2,2,2,2,1,18
5DBTV5FV2,なるほどナット君,ULUELCJ7T,なるようになる？,205,0,9369,240440,7,6,5,5,6,5,5,4,43
ODNCV6DTF,Robo,UHWA4YLWP,蓮ノ空を見守る会,1055,6,9370,240350,1,3,2,10,8,2,10,10,46
6E1DN1LYN,mio,XXVVJY6FE,はぴぱれ,853,5,9371,240260,5,2,5,7,4,4,5,7,39
Z3ADHJF5Z,七海,WFPA7YJE1,蓮ノ空文芸部,911,6,9372,240170,4,7,10,8,8,9,9,10,65
TBJBAPHB2,ゆちは,T2XRMGEAE,蓮根無言会,766,0,9373,240080,1,2,7,1,1,1,1,3,17
N8BPYDGMN,サイコロジー,DUK0X7DB1,中国愛蓮同好会,233,0,9374,239990,1,2,2,2,1,2,1,1,12
33ETR02JL,歯間ブラシ,CENJPPK6P,ジブラルタル教団,842,2,9374,239990,4,10,2,5,5,4,10,1,41
GW46RAVCA,トルチェ,8BAYBXUXC,スリブ大好き♪,843,3,9376,239900,6,3,1,6,5,4,6,4,35
U4GWKE30N,Suica0w0,J800VVPTN,Aqours,977,11,9377,239810,2,7,10,2,1,1,1,2,26
T4439ME66,柚子桜,54JWUD9X0,異次元からの者,957,1,9378,239720,1,2,2,2,1,2,1,2,13
WTRF53ABN,だーくちぇりー,FG9A9ARX1,忙しい人あつまれ,529,0,9379,239630,7,6,6,7,8,7,5,8,54
OMM64SGJ1,えぬえぬ,PUJ0ERCMW,蓮ノ空倶楽部,1046,2,9379,239630,6,4,5,6,7,9,2,4,43
JUAZ4ZFIR,くらね,PH0YEPJD8,蓮ノ空北國金沢,1004,3,9381,239450,7,6,4,7,7,8,8,10,57
WZKNV4LA8,秋葉,RGR1NVGWH,無言推奨・自由村,1193,3,9382,239360,7,9,8,9,7,10,9,10,69
7OZ19LLPT,ゆ←の,KB5BFK7J6,おはめぐ党本部,872,1,9383,239270,2,2,2,5,2,4,5,10,32
T02789CXH,ぶっちぃ,FTY0R8KPH,泥の皆様,625,0,9384,239180,3,2,3,3,3,4,8,5,31
07V4VWTP3,まる,K0RAGWUXB,のんびりや,984,3,9384,239180,5,2,5,10,5,8,1,9,45
K3WKVRK1C,HeySeyKe,V6DKUH6JT,報酬だけほしい,602,0,9386,239090,7,5,8,9,2,4,5,6,46
SJ8TX879K,マーサ,F0DFY9N9C,ロンド・ベル,762,2,9386,239090,5,4,7,9,5,5,7,10,52
SZO0M1E2M,ぽよ,AH27N260E,百生信託銀行,972,9,9388,238910,8,8,10,9,9,10,8,10,72
DKER5MVYE,氷鷹北斗,E6WR9G75P,安養寺姫芽推し会,513,2,9389,238820,4,2,10,6,1,5,5,4,37
XD52W4WJF,Lieushei,TTDBXERCU,蓮ノ空 全力応援,212,0,9390,238730,8,7,7,8,6,8,7,8,59
PDR5G6KC5,ヒトマカセ,WHWT61ELR,【無言】ハスノソ,1111,0,9391,238640,5,7,6,5,7,8,7,9,54
BKUR8JXPD,mkg,HDD9DJVTB,Lotusky,308,0,9392,238550,2,3,1,4,1,3,1,1,16
G1MKA9PX6,ヒトカゲ,TWJ862EPN,こにゃとも,521,2,9393,238370,2,7,6,8,1,4,5,5,38
21C7LWRKF,HoRo774,0CCFXC2HF,Ricebird,976,2,9394,238280,1,2,7,7,7,8,10,9,51
3RFQOVAIL,両手にあいす,V7768X8AC,せーので！,1190,7,9395,238190,2,2,3,7,7,2,10,8,41
DFX7PHKYP,MM,9YG7C0VM7,綴理と無言で昼寝,1488,18,9396,238100,10,10,10,10,10,10,10,10,80
4U6LRWWAW,香風ゆい,NLTAB4BLF,蓮ノ空ゆる活動部,161,0,9397,238010,2,4,2,2,1,1,1,1,14
UNBL2WMGF,初の花,AND13836G,乙宗梢親衛隊,285,0,9398,237920,5,5,6,4,2,7,3,2,34
T95K0XR2T,LUNA,WJY2HK6A5,蓮の空イベント部,513,2,9399,237830,2,2,1,5,1,1,4,1,17
BEXACUJJH,ふぁるこん,4RNUXBXGL,みらぱ最推し,293,0,9399,237830,2,2,6,3,1,8,4,1,27
UJKD3P9JC,ミジン子,MF6GL0RVL,ミジンコ倶楽部,1189,5,9401,237650,6,5,10,8,6,10,4,7,56
3NJ7XNMFY,ゲットー,0L35JLBPY,はすはす,731,0,9402,237560,7,6,6,8,6,8,8,7,56
HGP8X2JY6,しーにゃ,NFMEGRJ45,社畜無言サークル,410,0,9402,237560,2,2,3,4,2,9,2,4,28
1J9CENQQ5,messe,YC3DCPM7M,福井大学ラ研,1056,11,9404,237470,3,4,4,8,5,8,5,8,45
CC34Y8T5U,梨汁,919XF8V2V,蓮之空大三腳,972,6,9404,237470,1,4,1,4,10,5,5,7,37
3KR9N5A4U,まるち,BXC1T2HY2,初心者の集い,195,0,9406,237380,4,3,3,3,3,8,1,4,29
61EDVAH1R,nishi,UCF93JAPM,スワンプマン,1059,6,9407,237290,5,6,1,8,5,5,1,5,36
UMXGJHLAA,じぇい,JD541JRXE,こてっちゃん～,907,4,9408,237110,7,6,8,9,5,8,5,7,55
XTP0V598K,かもねぎ,PH0YEPJD8,蓮ノ空北國金沢,686,2,9409,236930,3,2,1,4,1,2,1,1,15
T6WXZWSI5,リ｀・ヮ・),XN2VEA6DN,無言,828,6,9410,236840,6,6,9,10,6,9,6,8,60
5XRF2GD84,アルカナフォース,LRKRUR21F,ちゅけバフ,271,0,9411,236660,4,5,5,6,1,6,6,4,37
VE85EYHW4,ちいかぶ,3F0M4HXJE,蓮ノ空まったり部,816,0,9411,236660,9,7,5,9,6,7,6,8,57
9K5B0SU0Z,理由,6KUYCDLGR,かよちんは宇宙,917,0,9413,236570,1,6,2,6,1,6,3,9,34
TBP7UDXHY,Sakura,BWD9U1EJ2,蓮之空中国同好会,858,4,9414,236480,2,2,1,2,1,1,1,1,11
K2YKEY9GR,haru,XXVVJY6FE,はぴぱれ,129,0,9415,236300,3,5,4,2,3,1,1,1,20
KE9B02TCG,Sirius,9WVBK4U41,ENfans,568,0,9416,236210,10,8,9,10,7,10,10,10,74
Y8BVIYLUT,七瀬,4J2XA79Y5,浮かれポンチ部,1247,6,9417,236030,7,4,5,6,5,8,7,7,49
MNHM1DYYW,にゅるたこ,PR2BGEK5K,ありがとう大三角,673,4,9418,235940,10,7,1,4,7,7,1,10,47
A4T2NN526,T,V33FGRFC4,1限目に遅刻ラブ,569,0,9419,235850,2,2,2,2,1,1,1,1,12
OYY0SF617,Good541,GXJJKUPAB,gg,1084,2,9420,235760,7,6,5,7,5,10,6,8,54
701KY8A5F,Lily,C68491XHB,みらくらぽーく！,748,2,9420,235760,1,3,3,9,4,1,9,10,40
811NHE5X5,奏,956A5U6TP,サークル,444,0,9420,235760,7,6,7,7,7,10,7,7,58
1LWEEFUTJ,ck16,N34LHVJKN,のんびり堂,704,2,9423,235490,8,4,5,7,5,8,5,9,51
2AUX515DV,とも,8MTLYLH9F,木星月華黄金宮,262,0,9424,235400,3,3,3,3,1,2,5,10,30
OI5YDVBAL,たま,7AATUNUPE,無言サークル,945,2,9425,235130,6,6,4,8,5,7,6,8,50
CPR8VDVH7,ほのか,41N8G98LV,花帆梢百合応援部,905,0,9426,235040,6,2,1,10,5,8,5,8,45
VB3F3GXDG,◆からすみ◆,9C0KWR782,まったリンクラ,1190,7,9427,234950,5,2,10,2,6,2,2,10,39
W53P05YVP,Ｑ坊,0MHM887UA,円都流氓,1070,6,9428,234860,7,4,5,7,6,8,5,5,47
97SKMI2HG,もろこし,96LWYJ3Y6,無言絡みなし,990,1,9428,234860,1,2,1,2,1,1,1,1,10
JMAFNIWXK,Tak,HB9AU9DJJ,聖心党,1384,14,9430,234770,8,6,6,8,7,8,7,9,59
SUGL4ZTMJ,プラネタリウム,V8XX999F6,卍蓮村幼稚園卍,1204,4,9431,234680,8,7,9,8,7,7,8,10,64
X3LCMYH78,ｸｭﾜﾜﾜ~ﾝ,LUBV8WC82,めうめう,1033,3,9432,234590,4,6,6,6,4,8,4,5,43
UFBKN0BHJ,め,D627JPUDM,みやけ,294,0,9433,234500,9,4,3,3,2,4,2,4,31
MEWUMVU58,でふ,2JVBK752G,卍愛蓮説卍,780,1,9433,234500,1,2,1,10,5,8,1,5,33
3XEUEHX7T,銀河,89K9Y7MX7,初心者歓迎,628,0,9435,234410,7,4,2,7,1,1,1,1,24
5X2WT9W8F,まかろに,TJPHRCAD7,アルビオン,136,0,9436,234230,2,3,2,1,1,1,1,1,12
MP0HDR7N6,マソソ,JHTULVV5P,故に瑠璃乃推し,751,0,9437,234140,4,1,3,2,2,3,2,2,19
DQ2KGAKKF,夜空 ましろ,BXJ6WV4TB,中国club,1082,8,9438,234050,7,8,7,5,7,8,7,8,57
U31PF35LD,ゆづき,VKW1GNAPL,伝統を守ろう,838,1,9438,234050,2,4,6,9,5,9,8,10,53
XRI7GBWS5,マサキ,AW470U964,ボッチ会,1035,4,9440,233870,1,5,4,6,6,10,10,10,52
Y07LIFXRD,ねみん,424NLTEE8,無言な異次元部屋,1022,8,9441,233690,4,7,4,8,7,7,4,9,50
HEAR0EBTY,セラスすきすぎ♥,GG56G6WKD,FF43企鵝冰屋,1089,0,9442,233600,1,1,2,2,4,7,7,5,29
749PPHG4F,Fuuko,AAHB7C276,HaCordVN,265,0,9443,233420,2,3,1,2,1,2,3,1,15
DL0TT0CXK,masafumi,3YFMY7JP6,masafumi,282,0,9444,233330,3,2,5,1,2,4,1,3,21
RK47BKJNC,戸崎圭太,EDLPLUDPJ,フジビュー,986,0,9444,233330,1,6,4,4,4,4,1,3,27
0MXHHVJ7B,suui,7K4AK36Y4,~梢先輩ファン~,283,0,9446,233240,8,4,5,6,4,4,1,7,39
WMOSVOGS9,天使のララ,B08JAPP33,対抗戦したい,1238,1,9447,233150,7,6,8,7,4,4,7,9,52
XH8YBK7X1,アイマスP,25PMPEMG7,星見プロ,1376,16,9447,233150,10,10,10,10,10,10,10,10,80
J7HF4X0HF,ネコ吉,UYCT3Y4JK,蓮っ子,879,2,9449,233060,7,6,5,8,5,8,6,7,52
5FKCL0KRR,べがすぅ,AYDP5L9V4,乙宗梢好き好き部,1172,17,9450,232970,6,9,10,7,8,8,9,9,66
DM9TCXT46,たる,XHJLF3R8H,ゆったりプレイ,233,0,9451,232880,2,3,4,6,1,2,1,1,20
OFP2DBDZY,キリ,TFGKYEY98,LLP JR,523,1,9452,232790,2,4,4,4,1,2,4,3,24
SJF2YS4CU,ましろうどん,HBK6KCRPP,無言でおけ,1200,2,9453,232700,9,4,5,6,7,9,9,10,59
A8OXZ8SW8,鈴木彰久,TXNCTRR1U,瑠璃乃推し隊,1193,6,9453,232700,7,7,6,8,5,8,5,7,53
03XK67402,ちまめ,WNMCNJ62M,チームまったり,849,2,9455,232520,7,4,1,3,4,8,6,5,38
IQTQOJ0D2,みとり,WE4AB37FP,めぐ党,956,2,9456,232430,3,2,1,5,1,1,2,5,20
4QWHTZUBC,いんたー,PHLRY3XRP,とりあえずやろう,907,0,9456,232430,7,2,8,6,4,7,9,10,53
LFJ7NXMX6,しゃみーぬ,Y3ALWMXMP,いぬ小屋,1064,4,9458,232340,7,6,6,8,4,10,7,10,58
XJR6AK928,nagi,AVX749PPB,姫芽ちゃん親衛隊,566,0,9458,232340,1,3,1,2,1,4,1,1,14
3LWOYZYPQ,雪月花,NMFBD39FM,蓮ノ空分室,889,8,9460,232250,3,3,2,6,7,4,4,4,33
507PRNB8M,とっき,R1RM3X0WV,後方腕組みオタク,1068,1,9461,232160,1,2,1,4,4,4,4,4,24
W7H1V7AXN,ZamDJ,KT4P0CHHC,ゆったり同好会,534,2,9461,232160,10,5,1,4,2,4,1,3,30
D50CWH5EW,マサ,Y4G0KF6NB,無言でやる会,1231,18,9463,232070,5,6,8,7,7,10,8,10,61
WGDHK0LAL,ゐぬゐ,5HEJXK83P,イーハトーブ,1074,2,9464,231980,4,8,7,7,7,8,10,10,61
NTPCVT5UT,リリィ,R8MA3LCB3,lotus,605,0,9465,231890,1,1,1,2,1,1,1,1,9
394UFRXJ5,クママのプーさん,PNKCBFP4B,おばんです,382,0,9466,231800,3,4,1,5,2,2,3,3,23
VGLXPJ1AP,ㄧ,TWJ862EPN,こにゃとも,394,0,9467,231710,8,8,4,10,2,9,2,4,47
N1VFMJ83G,けい,JU476V6K9,ポチッ！,1173,5,9468,231620,9,7,10,10,5,9,6,9,65
6FDFK7HV3,月見桐葉,3YWMY4JVN,82プロ,448,1,9469,231530,7,2,6,4,1,1,5,6,32
WVEC13NL7,YUTO,UX96YX4T1,『位置について』,258,0,9469,231530,3,2,8,3,2,2,3,1,24
T0CL6RERU,愚衛門,LETV4C1KG,無言の行,213,0,9469,231530,2,2,3,3,1,5,2,1,19
18U22QHJQ,イチゴわん,CPFT3FA9N,一,1111,5,9472,231440,7,7,5,8,5,8,5,8,53
CJM21NWHY,jsjs,K95YH6P1C,蓮ノ空泥の会,427,0,9473,231350,3,3,1,2,3,1,1,2,16
9ZMHXYDFR,ホヒ爺,NFMEGRJ45,社畜無言サークル,994,6,9474,231260,5,6,2,2,5,5,5,5,35
5R6WT7Y6R,Kisara,T2XRMGEAE,蓮根無言会,943,2,9475,231170,1,2,2,4,1,7,1,7,25
5G5P2FCHL,おぐりな,C8FW4K1FM,蓮箱＆姫芽推し,390,2,9476,230990,4,3,6,1,1,2,1,4,22
FPPBHHXDK,きゃりー,E12PR824F,ゆるっと蓮ノ空,319,0,9477,230900,5,2,3,2,1,1,3,1,18
NTAMCP9T9,mg1,VA6X5YNNF,スリーズ分家,1070,0,9477,230900,4,2,4,5,1,1,5,8,30
XDKK422NA,DC雪月花,0X273WB5E,雪月花,399,0,9479,230720,8,7,6,8,6,8,8,9,60
PGBRJ4BWR,ふかざわ,A7WWE0463,蓮ノ空初心者部,464,0,9480,230630,4,6,7,6,10,1,5,9,48
XP9UHG8WC,ケンタ,37N3TNTVB,推しを布教する処,535,0,9480,230630,7,6,5,7,4,8,6,7,50
P9PG2EC3B,ちっ沙知先輩,8K30KYNP1,チェス党,693,0,9480,230630,4,3,4,3,1,7,4,8,34
XXTWXKEUP,ぴろ,T2XRMGEAE,蓮根無言会,412,0,9483,230450,6,7,8,8,5,7,5,7,53
WV76AFPP6,ラリー,MG1G6F487,蓮ノ空無微課金部,604,0,9484,230360,1,7,1,4,5,4,5,8,35
XWYLZ2KCU,東久留米,DKNHY5HH6,なす料理研究会,1027,7,9484,230360,5,5,4,7,7,5,7,6,46
XHTEM8U07,ぐっち,DKPMRA0TA,蓮ノ空奉仕部,762,0,9486,230270,4,4,4,4,5,5,5,4,35
232SRA1DQ,クウカイ@多忙,FNMV166UY,蓮ノ空喫茶部,1227,15,9487,230090,2,2,1,6,2,5,7,10,35
X53CRC1BL,おやつ,213NH0DMR,ディズニーランド,1437,15,9488,230000,2,1,2,2,1,8,2,1,19
F5L8N0WD2,リプレイ外し,6C9R15BLY,スクスタ避難民,1069,2,9489,229910,6,6,9,10,6,9,7,9,62
6BXFVGH19,大根,BELCUYCMH,蓮hkg香港分部,888,2,9490,229820,4,5,8,4,5,7,4,1,38
7WQB1AYV1,トオル,0VEMMV8E2,スリブとまったり,364,0,9490,229820,4,3,1,3,1,1,1,1,15
RGYGHEWDP,はる,0UTVRAKFL,平穏無言,929,1,9492,229730,8,6,6,10,7,7,7,7,58
DGR3XK5AD,渡辺火「」,LX25CP0TG,深夜の芋煮処,807,0,9493,229640,6,6,8,7,7,4,7,6,51
DQIBFX8WY,꧁Novice꧂,XLBU65J86,花の壁飾りクラブ,1143,8,9494,229550,8,6,7,9,5,8,5,7,55
56BNHFU17,kaiwa,9D722M8KC,蓮ノ空同好会,965,6,9495,229370,10,10,9,7,6,7,4,8,61
3VLPPP4RV,サク,K4TAHF9YA,はすっこ準備室,907,3,9496,229280,1,2,1,4,1,5,1,4,19
TY5MMFWU8,たこやき,HM5BTCRGE,たこやきサークル,252,0,9497,229190,1,2,3,1,1,1,1,1,11
TJLVUFUDR,ZackJr,HGVHHB78D,蓮ノ空写真部,338,0,9498,229100,7,5,4,8,5,4,6,8,47
T52XGEW87,きーふぁー,4KX2KDLAB,越国,764,4,9499,229010,2,2,9,4,4,4,5,10,40
SDTXR9S9Z,なまにく,Y2R7E79U3,カワウソ同好会,1273,8,9500,228920,1,1,1,2,1,1,1,1,9
7JLLPCYVW,マジアベーゼ,GWGDMA3YC,初心者無言自由だ,887,4,9500,228920,5,2,8,5,5,4,4,10,43
RLRG72PFU,NEXUS,B6KWXGHWH,蓮ノ空SIFC,1094,1,9502,228830,7,6,8,8,6,8,5,7,55
T6E030Y43,unfini,LTAG28AVM,蓮ノ空同好会,1115,0,9502,228830,8,6,7,5,7,8,7,9,57
BPFT59PP7,かおす先生,J5CKL5YPX,ログイン勢かもん,799,0,9504,228740,6,6,5,6,4,4,4,10,45
8U8LIBJ5Y,アッキー,8UXWEHB72,kita,956,1,9505,228560,2,4,4,5,7,8,5,10,45
W0J1WNPWV,小林鮪,HBCC35887,そりゃー!!!,941,8,9506,228380,8,6,7,10,7,10,1,7,56
TEWYXCYYK,むすび丸&阿炎,04G7TDAY3,むすび丸１世,1151,11,9507,228200,7,7,6,4,6,7,5,7,49
YJYRLJCK6,さくらきゃんどる,FTY0R8KPH,泥の皆様,941,5,9507,228200,4,4,6,9,1,6,6,5,41
J7U2HZVYA,カコウタ,A2N8DBTB9,ハスのそらクラブ,810,2,9509,228110,6,5,5,4,5,7,7,7,46
DU7GHJQGA,とら,DF7FA982P,蓮ノ空百合部,1195,5,9509,228110,5,6,4,2,5,2,1,1,26
1U2J2605A,宇宙似,A1GBKA16P,アシュラム,364,0,9511,228020,7,5,7,2,4,8,5,1,39
095RD03QJ,ringo,2VJG66JTH,まったり,1361,7,9512,227930,7,6,4,9,7,9,7,7,56
H6CBLNFUT,もちヲ,0B8RTHY4D,のんびり屋さん,859,0,9513,227840,4,4,7,8,7,9,5,7,51
71YZW81WW,Elylyn,M0HHDC9CJ,自分用,1108,1,9514,227570,8,5,4,8,6,9,7,7,54
A1NOF51TP,ゆーべん,BT3GEWM5L,ささやか村の集い,918,0,9514,227570,7,2,1,4,5,9,9,10,47
6B49G7EFX,アンノウンxy,WKG02VMU6,先輩で遊ぶ2年生,801,0,9516,227480,5,4,7,7,5,7,5,7,47
K3GXPTAVU,ね,89K9Y7MX7,初心者歓迎,1101,4,9517,227390,2,2,5,3,1,3,3,3,22
L2RGJYGE3,John曉宸,T60EGV8J7,一心L教,966,6,9518,227300,5,4,5,4,4,9,4,9,44
WAI6FH668,わっち,6HV2RH6TU,イベント用、無言,1059,4,9518,227300,6,4,7,9,5,7,5,7,50
UY7U8JK7K,めい,YXKR0GGM4,蓮ノ空好き好き,647,2,9520,227210,3,3,6,6,1,1,2,1,23
FD9TC5S7T,陰気な学院生,TXNCTRR1U,瑠璃乃推し隊,1275,14,9520,227210,7,7,10,6,6,10,8,9,63
44GG2V1Y5,シャオラ,AC94W0LN2,無言で自由に,644,0,9522,227120,7,6,5,7,5,7,5,7,49
4G45LYBT8,フレア,R8MA3LCB3,lotus,502,0,9523,227030,1,1,1,2,1,1,1,1,9
VD6MMJT5S,迷犬ホームズ,JNMVA1U8M,こずかほ尊い,758,0,9524,226850,7,2,4,7,4,4,4,4,36
A8I41QJHM,mochi,UVN7G4X3A,闇のルビィ団,1153,3,9525,226760,7,6,4,2,5,9,8,8,49
8R4ENG0A6,とにゐたけ,8MLVA67AK,聖ミリオン女学園,791,2,9526,226670,6,7,6,8,1,2,9,10,49
HDTVAG1F5,笑顔のピクルス,6C9R15BLY,スクスタ避難民,693,0,9526,226670,6,4,7,8,4,7,7,7,50
9R7NYT8T5,Claire_1,J80MEYHBC,Nymphaea,820,4,9528,226580,7,7,4,6,7,7,8,7,53
XPEUWAWXB,セラ,EYEPHE14G,花上梢頭,734,2,9529,226490,1,2,3,3,1,7,2,2,21
5TWIPIMCB,パンダ,HB9AU9DJJ,聖心党,1102,12,9530,226400,7,6,6,9,5,8,5,8,54
0445NN0WE,やまねこ,U8GLCJVJP,コミュ障用誰でも,157,0,9530,226400,1,2,1,3,1,1,3,1,13
99IWY780H,にこにゃん,YHWN0NJ03,ドカ食い気絶部,1071,2,9530,226400,7,4,4,2,4,8,5,8,42
BU5P13TUR,SHOGO,L6MF2MPBN,みらくらぱーく党,776,0,9533,226130,8,8,6,9,4,9,4,5,53
2C6WR57WU,キリト,2AUM7L9BW,蓮初心者クラブ,445,0,9534,226040,4,6,5,7,4,4,4,1,35
X5LUAMX3Y,和耳識,YPPDCK9Y7,ちょ,964,3,9535,225950,2,9,7,7,7,10,6,10,58
CCHVUY33C,ハニレモ,ACVP58JT7,音浦虹結蓮,965,0,9536,225770,4,4,7,7,1,7,4,8,42
HPKVMKWNT,x1a,53M4V2BVG,吟子の髪飾り,449,1,9537,225680,10,2,4,5,1,10,2,5,39
BEGAV028T,norizi,HKETDDCK6,ぼっちざ蓮!!,866,2,9538,225590,2,2,1,4,2,5,1,5,22
KWGD1YANN,さんげ,B6KWXGHWH,蓮ノ空SIFC,1219,2,9539,225500,8,7,7,8,6,8,6,9,59
FMKBMJNIT,アッシュ君,GWGDMA3YC,初心者無言自由だ,1107,7,9539,225500,4,6,6,4,5,8,7,8,48
A5FVKTVAV,ララ大法よし,97BGFLKW9,◯◯◯,547,2,9541,225410,1,2,1,2,1,1,1,1,10
3MTJ23EJK,リューマ,VLPNE6K2U,仮,938,0,9542,225320,8,6,7,8,5,8,8,9,59
A59AWH28B,あかりんご,J39DD5YLX,花帆＆さやクラブ,350,0,9543,225230,7,4,4,7,4,6,4,7,43
KTTBX86A6,ナポリタン大臣,BTVC9G95X,FES用,951,0,9543,225230,7,4,4,7,7,8,9,9,55
MGQSJZPEL,つぶにゃん,F2M746D4B,頑張らないクラブ,1017,0,9545,225140,7,4,8,8,4,9,6,4,50
XMNYI2WAB,珠,KXB93FVTR,ブルームガーデン,812,1,9546,225050,9,2,4,8,1,6,1,5,36
I7Y8DXQB9,ピロピロ,JA2C658FW,さや綴理の村人,1115,0,9547,224870,5,6,4,8,5,10,10,8,56
B69P0LDFO,木になる転入生,2KJ2UEC3P,ういちゅけクラブ,978,5,9547,224870,3,4,4,8,7,8,8,8,50
EFWV27WC6,セブン,UE77R1YAL,エレメンタル,709,2,9549,224780,4,4,4,9,6,7,7,6,47
6T7TT0PCN,もらい火,M1DLCR0R8,花帆護サークル,159,0,9550,224690,2,3,4,3,2,3,1,3,21
OZB5WSHNL,ikya,8P39YRA1L,慈と愉快な仲間達,1098,1,9550,224690,8,7,7,7,5,8,7,8,57
OFLFY6NSI,PMOMY,FHN78V2DJ,無言でどうぞ,1003,3,9552,224600,1,4,5,2,4,6,5,4,31
BXZVB9GKY,青姫,MBAX5KWM2,青いサファイヤ,1181,5,9553,224510,6,7,7,9,7,8,8,10,62
8T9KC5RGQ,タケゴロウ,PPAHU1TNY,蓮ノ空のんびり部,1246,6,9554,224420,6,6,6,7,7,9,7,7,55
JPUCRAAZ0,はなぽこ,HBCC35887,そりゃー!!!,1092,10,9555,224330,3,10,7,8,1,9,2,8,48
J6YX5L66N,ミミック,E5JKTW00K,蓮ノ空まったり部,273,0,9556,224240,7,2,3,5,2,8,6,8,41
INQ8R2S4H,韋駄天侍サビ,AKF1PWWUL,やっぱかほこず♪,448,0,9557,224150,1,1,1,5,1,1,1,7,18
7D3U8EFN7,ユウ,XE8513HNP,喫茶カワウ空✨,721,2,9558,224060,2,2,1,2,1,1,4,2,15
RJJ44PC8T,I am jp,T48KV9EP2,無言ぱーく,473,0,9559,223970,1,1,1,2,2,1,1,1,10
03G87N0UG,たちお,RKT7BC4F6,人形浄瑠璃乃,388,0,9559,223970,8,3,2,7,4,4,4,7,39
AG980HA59,キュービ,6UAFKBRPN,リンクラ初心者部,314,0,9561,223880,3,6,6,4,3,6,2,3,33
Z0HGOUZK9,ラルカ,9YAHUCY7J,ハルカ,759,0,9562,223790,4,4,4,1,5,8,4,9,39
K1FF6602R,ama,F6H7917TW,サークル,875,0,9563,223700,5,2,4,7,5,7,5,7,42
BXRGVZPSR,くーちゃん,R8XF6Y813,Real.,617,0,9563,223700,3,5,5,1,1,1,4,1,21
XA850X1N2,まやかす,T56X6LP0L,光の海,838,0,9565,223520,4,2,1,2,5,1,1,1,17
IL9QRQ02S,Nyas-ct,W15MVW2EJ,蓮のソラ,1043,8,9566,223340,6,6,6,8,5,7,6,7,51
BYN0RB3L9,よしの,B08JAPP33,対抗戦したい,814,3,9566,223340,2,1,1,6,1,1,1,1,14
99LMAXZD5,Kosmo,28XJ8NK4L,蓮ノ空まったり部,802,0,9568,223250,1,8,6,2,1,4,8,1,31
5B03KA2DJ,芋ようかんバナナ,TGF0507VK,芋煮,646,3,9569,223070,5,2,5,8,10,6,1,4,41
7NPZO0EKY,そんちょー,DKPMRA0TA,蓮ノ空奉仕部,660,2,9570,222980,9,6,8,10,5,9,5,8,60
MJ9NGK2LT,肉達磨,VD7N7A4WH,氷青色,579,1,9570,222980,1,1,1,2,1,1,1,1,9
3CZ74WCPT,プレイヤー,PD80VCP5N,虹ヶ咲学園,1121,12,9572,222890,6,7,4,7,5,8,6,6,49
66OOO05GB,sko,31A7JKC69,蓮好きの巣窟,1121,11,9573,222710,1,2,4,5,4,5,5,7,33
B0PFVEFHN,仁平岳登,YVF1V2AH6,蓮ノ空全共闘,592,2,9574,222530,10,6,7,6,9,6,9,10,63
ERRN2SUVD,わたあめ,K2L5DCVNR,REAL,1238,12,9575,222440,7,6,7,9,7,8,8,7,59
KL8BMY17Y,りんご飴,BYA3FA0X8,無言ぼっち同好会,927,2,9575,222440,6,6,6,10,3,7,5,7,50
SYJXX2692,krak,X19MP0NTT,蓮之空河豚养殖場,963,4,9577,222350,5,3,8,6,4,5,5,7,43
I0L071PBI,NAS,4UM4MBM8N,蓮応援宮古支部,1111,0,9578,222260,7,7,6,9,7,8,5,8,57
3REC2E6JE,フクマサ,FR5PDRB5Y,株式会社つづさや,265,0,9579,222170,2,2,4,2,1,4,1,1,17
KAPH86VFM,いまりん,HMBW9DXY2,蓮好き皆あつまれ,1049,8,9579,222170,7,7,5,6,5,8,6,8,52
X12170DCD,かほきち,WPG6BCG83,基本無言,943,1,9581,222080,9,6,7,5,1,8,7,8,51
22B3KPGD6,藤田ヒトツ,R9T0YKDW8,かちまち応援隊,1166,7,9582,221990,1,4,8,7,1,9,1,10,41
A7ERNVBCD,ume,1F5EPPMLD,UR貰えればいい,298,0,9583,221900,6,5,6,7,1,6,1,5,37
N29WQ1ZBT,あみ,K25DPPGT9,圧倒的にまったり,1221,16,9583,221900,8,4,5,7,6,8,7,9,54
AY95V7SL1,きらら,3EJX5WB1A,金沢綴理門,1155,2,9585,221810,7,5,4,6,7,9,8,10,56
5NNX5NYD7,月音かろ,23PGPJ3NV,蓮ビギナーの集い,441,0,9586,221720,2,6,7,6,1,1,1,7,31
PMTRLG3CG,Ayumu,REUA4H17B,LLLLBR,84,0,9587,221630,5,6,7,5,5,3,2,3,36
2ULKX6U2Y,でかぷよ@おな,8NF0R4W81,地下結社めぐ党会,1012,3,9588,221540,3,2,5,9,7,9,7,8,50
B8UJV2X9R,かずみん,VK5AU7U2U,蓮アフタークラブ,330,1,9589,221450,2,2,1,2,1,1,1,1,11
9RV59UM4G,Bess,A3X92L6YU,お試し用サークル,439,0,9590,221360,8,5,4,6,4,4,3,6,40
B9FN1L47M,れいな,TB7GJ57D7,シャイニーフラワ,644,2,9591,221270,9,6,9,6,4,7,4,7,52
P9WCJ3CNL,penguin,9C2FC74H2,overseas,958,3,9592,221180,10,10,4,10,5,10,7,10,66
J6972J9H4,あまちゅか,4RATY4E84,DC大好きクラブ,227,0,9593,221090,3,1,2,4,1,2,4,2,19
C7MDRBDUJ,ボクなんなの,YVF1V2AH6,蓮ノ空全共闘,1120,14,9594,221000,1,2,2,7,1,8,1,5,27
K19124KGJ,真希,6BFC4G5YG,蓮ノ空足湯同好会,903,0,9595,220910,1,2,1,2,1,1,1,1,10
259JP6V18,Pingu,WJY2HK6A5,蓮の空イベント部,489,0,9596,220820,8,9,4,2,4,1,6,8,42
QN0VROOIL,ヨッシー,Y6JNPC60C,綴理メイト,1040,0,9597,220730,2,8,3,8,5,6,1,10,43
1F76X4EJ6,読縋,ERJ33HKVR,兎のヘアクリップ,1113,3,9598,220640,5,6,7,9,5,8,7,5,52
5MZTJFTQP,瑞風,H691U738B,n-notes,1046,3,9599,220460,2,8,1,5,7,7,10,10,50
PLTWAVPJR,李田所,FNMV166UY,蓮ノ空喫茶部,860,2,9600,220370,4,2,5,6,1,8,9,5,40
1X4FG9FM4,am,2AUM7L9BW,蓮初心者クラブ,507,0,9601,220190,2,2,2,3,4,6,10,8,37
CFVW45EDP,モブた,9P9EPKFHE,無言参加OK,317,0,9602,220100,5,4,7,6,4,10,8,6,50
4J088B5IB,はんばーぐ,TK9E1BB1P,無言で自由,953,4,9603,220010,7,4,4,6,5,4,6,5,41
1B4TVPFKD,ソラ,BW38LDPRF,蓮浦の星空,362,0,9604,219920,4,2,1,2,1,1,2,1,14
I8TFF5BSR,Franchii,9UKKACGDU,蓮っ子CLUB,1030,4,9605,219830,4,5,6,4,4,4,3,5,35
JDDKVBDCC,ゆーま,N752V1LD6,思想の溜まり場,946,0,9606,219740,1,3,10,6,10,6,3,8,47
XCMA2LQE0,ちくわぶ,4LU50R56J,誰でもOK,837,3,9607,219560,1,2,1,2,2,1,1,3,13
D72U3FBMZ,つきみねこ,DFFYFJ2B6,つづさや好き過ぎ,981,4,9607,219560,7,3,1,5,4,7,10,8,45
ELJZ2W99D,えねず,E5JKTW00K,蓮ノ空まったり部,1123,1,9609,219470,2,4,5,8,8,9,7,10,53
7DWPR4HOS,しらす（ねこ）,K4TAHF9YA,はすっこ準備室,1383,5,9609,219470,4,4,5,4,10,5,2,7,41
P17LN49HL,Estiar,UV2CLCL12,ヒトリダケナンテ,236,0,9611,219290,9,4,9,8,5,9,3,9,56
K7KJUXDNA,バギー,XXVVJY6FE,はぴぱれ,274,0,9612,219200,2,2,3,4,1,1,4,1,18
2EZ9WI0HB,小山田,U6D5XTT5H,ゴリぶちクラブ,1001,3,9612,219200,6,2,1,2,4,1,1,1,18
CPVH3E1JP,アオシノン,XL0KW660Y,綴理さや小鈴,498,0,9614,219020,2,10,8,1,10,1,4,1,37
UJYF7HH0V,ふあん,BPFAT416J,さやかわいい,370,0,9615,218930,5,4,1,3,1,1,4,5,24
2RB81C33D,りょうま,06DCWC1RE,とりあえず参戦用,378,0,9616,218840,4,4,7,5,2,6,1,1,30
9CVK5CW8M,エンデ,N94LEWF2D,無言よわよわの会,933,2,9616,218840,6,4,9,6,1,5,5,7,43
MM1LE4HP9,干支,V3FAH8CM4,初心者の会,442,0,9618,218750,8,4,3,8,4,5,6,6,44
W7C91TALK,やまさん,9E910GGD2,蓮ノ空給湯室,454,0,9618,218750,2,2,1,4,1,1,1,1,13
WTKUMW7D2,愛田恋音,WLFW6UCX5,無敵級ビリーバー,390,0,9620,218660,2,6,3,2,3,2,10,6,34
9Z9H8EKGC,ortho,CWPWP1266,さすさや,1124,1,9621,218570,4,2,5,8,4,7,9,10,49
A8E7FMMD2,BARGER47,HB9AU9DJJ,聖心党,988,5,9622,218480,3,3,1,5,2,1,1,3,19
UOR3XH5WH,sosso,WFPA7YJE1,蓮ノ空文芸部,1102,1,9623,218390,6,4,6,9,5,7,5,7,49
8AK277WVV,™︎さん,CNA71VL13,ひるね。,872,1,9624,218300,7,4,10,7,1,5,6,10,50
BV9JYHY6D,aru,06DCWC1RE,とりあえず参戦用,1120,6,9625,218210,3,2,8,6,9,10,4,7,49
YTA0K5987,リゼ,PWK02KG0F,メメントの森公園,896,1,9625,218210,8,10,7,10,8,7,7,9,66
ZO1OWTFQP,れくすぴ,JA2C658FW,さや綴理の村人,1248,2,9627,218120,7,6,5,10,4,7,4,7,50
5KRH137D1,K.R.T,7TR2VDFD0,（株）すずぎん組,255,0,9628,218030,6,1,2,2,1,4,1,3,20
FPJ5OH7UR,ジンネマン,R6XT8CU24,りんくらぱーく！,737,0,9629,217940,1,1,1,2,1,2,1,5,14
9PAJI9SKC,ユッキーかすみん,PH0YEPJD8,蓮ノ空北國金沢,878,0,9629,217940,6,4,4,8,4,5,1,5,37
NAPEDJY4J,あろま,CJWR9P8LM,花帆さん愛でる会,650,0,9631,217850,4,4,3,6,4,7,6,6,40
8KB2J03U1,昴,ELVJFHBUT,花帆めぐ推し,232,0,9631,217850,5,9,6,4,2,9,3,4,42
T83K0V662,siho♪,N0EXH1CM1,ぱちぱち徒町,639,0,9633,217760,1,3,1,2,4,1,3,2,17
FHWIHPX77,p,F0292W7TD,ぬぬぬ,875,0,9634,217580,1,2,6,1,9,8,1,5,33
2P10JVLL1,ALiceTia,N1JAJ83CA,蓮ノ空園芸部,1128,15,9635,217490,1,2,7,8,5,8,10,8,49
SSRC08SHV,ラムキュー,C8A9CTB34,蓮ノ空山岡家部,556,0,9636,217400,4,2,6,10,1,4,1,3,31
E8IU6AVPN,Teriteri,NB0HX9KP8,かほてぃあん,1027,6,9637,217310,4,4,5,10,7,5,5,1,41
5X58VP3PT,まんごー☆,WHWT61ELR,【無言】ハスノソ,1147,6,9638,217220,7,2,6,2,1,2,4,5,29
JJGY7EFRR,範馬龍次郎,N0EXH1CM1,ぱちぱち徒町,935,2,9639,217130,8,7,8,3,4,5,4,6,45
ZAIWKYB0X,シリウス,R6XT8CU24,りんくらぱーく！,913,0,9640,217040,7,6,7,9,5,5,5,7,51
HBM5B1P78,REE,G6EH0KHT7,なんもわからん,636,2,9640,217040,1,2,4,3,1,4,2,1,18
0FUSCI3MU,イナモン,HWMV33W7Y,フラワー泥民館,887,1,9642,216950,2,2,1,2,1,1,1,3,13
RJN92VRYY,TaKe,UMG1B9C7V,蓮ノ空女学院,1277,17,9643,216860,3,1,3,5,1,1,5,10,29
NNT9KCD19,なぎさ,3LUL3WR8Y,零組,889,0,9644,216770,4,5,4,4,5,1,7,6,36
9BYSVSG0Z,すやぴまる,U1M6T5C7L,寝るるん滞在記,952,3,9645,216680,6,7,5,5,6,7,7,10,53
SA9XTSJ02,(*´∇｀*),18YYNRFGA,LotusSky,1064,3,9646,216500,5,2,6,5,4,7,6,9,44
K4DPQM7DB,A300,WJY2HK6A5,蓮の空イベント部,572,1,9647,216410,3,2,2,4,5,2,5,4,27
95N0DUA8R,ダンプ,D7UA5ER1E,UR報酬欲しい！,203,0,9647,216410,8,8,10,10,3,9,7,9,64
3R6DFABUW,ろた,KC1W74B9B,蓮六園,399,1,9649,216320,5,2,4,7,8,8,1,5,40
6HPLYGVPY,meafke,PUNBJGRBF,初心者向け,625,0,9650,216230,6,4,4,8,4,5,5,8,44
TTEYSYGPP,シズト,H837E0M9R,沙知先輩大好き部,1119,9,9651,216140,8,9,8,10,6,9,7,7,64
W2NW375C9,真茶,PMME7169X,蓮っ子動物園,920,2,9651,216140,7,6,7,6,6,7,5,10,54
8MUPD0CUA,我永遠推夕霧綴理,9YM3DBTB7,泥民館,1146,14,9651,216140,4,6,4,6,4,9,7,7,47
2E1TEV7TP,えふぃ〜,9U8KNU6U9,対抗戦用,932,4,9654,216050,8,7,7,5,5,7,1,4,44
OFHDW7B5R,Arata墨,N1JAJ83CA,蓮ノ空園芸部,986,8,9655,215870,2,2,5,9,7,9,7,8,49
4UJRPU6LG,マッチャン,AH27N260E,百生信託銀行,886,5,9656,215780,2,10,2,6,8,5,3,10,46
LX17DV9C4,Kazu,M5P5T4TX3,のんびりリンクラ,615,2,9657,215690,1,2,1,1,1,1,1,1,9
8M2ALTG95,我才是人人心,3F0M4HXJE,蓮ノ空まったり部,853,3,9658,215510,1,2,2,2,1,2,1,1,12
UF970V364,4129stam,9DFV9UTW4,白ひげ海賊団,341,0,9659,215330,8,4,6,7,4,7,8,7,51
9022AAG1Y,ちゅけすきすき,T7J89541B,日語漢語蓮愛団,218,0,9660,215240,3,2,1,3,1,1,3,1,15
PYGDDX5Z4,れんとろわ,LEHXHMR8N,みらぱ全力待機部,779,3,9660,215240,8,4,8,4,2,8,5,7,46
24B2DCNFB,ふぉっくす,J0N1E3Y09,月火水木金土日,1010,8,9662,215150,7,4,5,8,4,10,5,6,49
943HWXB8N,ユナチ,EKACCPWWB,タフノ空学院,505,1,9663,215060,2,1,1,2,2,1,1,3,13
K695LL78P,AKRS,L28X4MDJN,アフター観たいぞ,794,0,9664,214970,6,4,5,6,2,5,2,5,35
HX2FXNYGX,べりはん,T48KV9EP2,無言ぱーく,583,0,9664,214970,2,7,7,10,7,6,6,8,53
087NMYNNU,Atrip,Y7KJ3PM8P,蓮すきすき同好会,554,2,9666,214880,4,7,6,10,5,10,5,8,55
NLFAE447J,さっかりん,WWWUTP96L,異次元からキマシ,893,2,9667,214700,8,2,10,7,7,7,1,10,52
RVWHYN5DV,ゆういち,J4R8W2ERA,ゆ,691,0,9668,214610,7,4,6,8,4,7,4,8,48
1LKK6681A,SSerpent,K2L5DCVNR,REAL,1076,2,9669,214430,2,10,4,2,1,1,7,10,37
LHAG2RWN6,よちャ,8M2MFU9U0,リンクライブ,1112,0,9670,214340,7,6,6,6,5,8,5,7,50
VHD5RM94T,sch,F53AELUNC,ソロっと倶楽部,871,0,9671,214250,7,4,7,7,2,9,9,10,55
EX9LPG57P,月詠ルナ,E1HVJ71JR,ご自由にどうぞ,206,0,9672,214070,1,1,6,3,2,1,1,1,16
T7QJ3C4ZB,侑,G4AJPEJ97,シングル,928,3,9673,213980,2,2,1,9,1,1,4,7,27
FWBTX791U,garry,YFADYJVW4,FPS好きクラブ,1452,11,9674,213890,5,6,6,3,3,9,2,7,41
0VUKN5WVR,アカリ,9X07VGM42,近江町食べ歩き隊,251,0,9675,213710,3,6,1,2,1,3,2,2,20
BGX3X012K,現ダ,PB5NM9HRA,歌蓮ティールーム,836,1,9675,213710,9,5,7,4,5,7,5,4,46
PHHW9BRUF,ぴす,LUDNM40F8,ふくふく無言OK,623,0,9677,213620,4,5,6,5,4,9,4,6,43
0997J3FBO,ライン,XPRA8TRVE,蓮ノ空ロボット部,771,2,9677,213620,1,2,2,2,1,1,1,1,11
PHWCWVPF0,りうくまん,5YEE75CB4,ロビーで待ってる,496,0,9679,213440,6,5,8,7,4,10,5,7,52
P4PXJ3JDH,ペプシマン,DN3NLWTGU,なゆりーず,329,0,9680,213350,2,2,1,2,1,1,1,1,11
8FGWEK87N,おいどんでごわす,E0JM59N1E,花咲梢,735,0,9681,213260,10,6,5,8,5,8,5,7,54
TDQ43V3UZ,K想,HG3YGDXHG,蓮ノ空大阪分校,1036,0,9682,213170,7,7,6,8,5,8,5,7,53
D0WXN0DMJ,時雨,E12PR824F,ゆるっと蓮ノ空,1136,7,9682,213170,6,7,5,9,5,7,5,8,52
7V6HD4TX9,ことほのうみ,RBH0YM8P2,蓮ノ空ラーメン部,1243,15,9684,213080,1,6,5,7,5,7,8,10,49
LP6465IDN,こっぴい,NY54H2A8T,日本めぐ党,805,0,9685,212990,4,4,7,6,1,5,5,5,37
ZB4PX93C4,蓮中✿アラモード,N752V1LD6,思想の溜まり場,1033,4,9686,212900,2,2,3,3,5,9,1,5,30
MFU2N7458,KDYK,EYEPHE14G,花上梢頭,245,0,9687,212810,6,2,9,4,4,1,1,1,28
V6VB4UF8X,eue,2B97MH4YA,同じ話し何回も…,230,0,9688,212720,2,2,1,2,3,2,1,1,14
AI47OHO30,星屑,96LWYJ3Y6,無言絡みなし,1168,4,9688,212720,4,6,6,2,7,7,9,10,51
M68Y9FMGV,還可以,REUA4H17B,LLLLBR,644,0,9690,212630,10,10,9,10,1,6,6,4,56
JD7GM09EA,傘,UYYAUXK80,茅葺き屋根の家,643,2,9691,212540,5,3,2,5,6,6,1,4,32
3MFBR2NHN,能登,RKT7BC4F6,人形浄瑠璃乃,870,4,9691,212540,2,2,1,4,5,1,3,7,25
LAZ2VZO6O,詩音,J83JWJ028,大ㄇㄚˊ露營區,748,0,9693,212360,1,2,2,2,4,2,2,4,19
8C0R07V2I,ごん,T56X6LP0L,光の海,1384,6,9694,212270,10,8,8,10,8,10,9,10,73
VJBMMB4TB,恵規,XA0XD41CM,ぼっちぼっち,771,0,9695,212180,4,4,4,2,1,7,6,6,34
XAFRPGZIX,ま(*･ω･)ﾉ,HKETDDCK6,ぼっちざ蓮!!,1046,5,9695,212180,4,4,4,7,6,7,1,7,40
20A5JONMJ,かっつ,N34LHVJKN,のんびり堂,1062,10,9697,212090,7,7,8,6,5,9,6,5,53
VPBF119CL,ヨウ,PGL1FKH6H,サニールネス,350,0,9698,212000,6,4,8,7,5,7,7,7,51
WFXPA1U10,とうまゆきひろ,GVNKNN878,Aqours,935,4,9699,211910,7,6,8,7,6,8,6,7,55
ATAB30U2H,にったに,U98UKD6RY,異次元フェスP,949,3,9699,211910,1,8,4,2,2,1,1,1,20
MNHUV99D5,蓮,X19MP0NTT,蓮之空河豚养殖場,631,0,9699,211910,10,7,2,7,1,1,1,7,36
G13EPL73N,ゆうきさくたん,CJWR9P8LM,花帆さん愛でる会,358,0,9702,211820,4,2,5,2,3,7,1,1,25
NJ7BSC4ZI,はるけい,U4TNE7AC7,AirLotus,1035,0,9703,211730,7,6,5,7,5,7,6,7,50
A2JVY6TP7,MANA,R7U6GPD97,夜民,556,0,9704,211640,1,2,3,1,1,1,1,1,11
79HEAT2B0,焼き鳥,YK0X6N2HN,無言OK出入自由,968,2,9704,211640,4,6,5,8,1,6,5,8,43
U9MM27R4D,柏木　耕一,G8F0M2PH2,アフターウォール,1184,0,9706,211550,7,7,7,10,7,9,7,9,63
U1CG6FVV3,Cou,JX6D6TL96,蓮ノ空武蔵野支部,674,1,9707,211460,4,2,7,2,1,5,1,7,29
3KVP33WPK,巡,A73H7ENN2,エロマンガ同好会,486,0,9708,211370,5,2,3,4,1,1,4,3,23
49D0YWXKV,オレオ,K3LMN5JHH,金沢カレーの皿,1224,5,9709,211280,2,3,10,6,1,10,10,10,52
CN8W36HYX,えすと,YMKU30246,参加賞がほしい,203,0,9709,211280,2,5,6,7,1,1,2,7,31
HDHGCR4R9,Tas,26JDLMBLN,徒町は強く生きる,474,0,9711,211190,10,10,10,10,10,10,10,10,80
UGPKJTDAW,はる,E7BN42VM3,みらくらすこ,699,4,9712,211100,7,2,3,1,1,1,8,3,26
YK28JWSSA,GAWA,3878B3HBK,ナゴラバ,760,2,9713,211010,2,4,2,4,4,5,4,5,30
L1RMPL1RW,実波,FTUJJ5KM9,無言◎私生活優先,1016,3,9714,210830,4,6,4,5,5,8,5,7,44
R909YAC39,だんでらいおん,0CBM28JP6,ほうき星,1117,6,9715,210740,7,6,6,9,5,8,7,7,55
XX3EXXTDC,音子♪,XR2P2LDY3,蓮ノ空さいきょー,1094,13,9716,210650,4,7,6,10,7,9,9,9,61
G9MK7AB0M,ますきち,M851LEV3N,なっす父兄,1124,6,9717,210560,6,4,4,8,4,7,9,10,52
LWWBF6TVX,はなうた,36DAM7HBL,蓮隠れノ里,975,13,9718,210380,2,2,4,4,1,6,5,5,29
9O0SU66WW,のん丸,WYWGY9MV9,にぇ,787,2,9719,210290,2,3,6,2,7,4,4,4,32
49E5YHU1X,Sckrut,F539KNLMW,謎部,674,0,9720,210200,9,7,7,7,5,7,6,7,55
CSNX18JMU,セルジオ,NK05UMLWW,かけ込み寺クラブ,853,0,9720,210200,5,4,7,4,4,5,7,7,43
BSYRYSR8I,ちんちょぴ,8AT7V1C7L,初心者です,211,0,9722,210110,3,2,4,2,1,1,1,4,18
1MFHG81RL,たね,K0RAGWUXB,のんびりや,768,0,9722,210110,7,5,4,9,5,7,4,5,46
8D21HH11H,よつぎ,85G1K4U8U,ゴーイングメリー,1093,6,9724,210020,7,8,4,9,7,6,8,8,57
EVG38HL46,ちょす,JY79RPB1D,リンクラゆる部,711,1,9725,209930,8,8,6,9,4,5,10,6,56
13N9DN9P2,マコト,67F1KB00K,さやか推し♪,354,0,9726,209840,2,4,2,3,2,1,1,2,17
Y9XIRCDV8,びすこ,8GAY2WBT6,(・8・),1180,10,9727,209750,8,6,5,9,7,8,7,8,58
12RGI9ZFX,MAZ,M0HHDC9CJ,自分用,1237,1,9728,209660,10,8,9,8,7,10,7,9,68
FWRRP2BLH,hikari,MUXWTW1GV,蓮の空見守り隊,601,0,9729,209570,1,2,1,4,1,1,4,5,19
DWADKXMKX,Pisces,YM0T1129Y,魚腹捕,701,0,9730,209480,5,5,2,7,4,4,7,5,39
7JZES5BTH,蓬莱,HGRP0LCCF,あなたの傘,892,2,9730,209480,4,9,4,5,5,5,5,5,42
PPJEWB2J7,kaki_max,3A63DYH54,LLすこすこ部,994,0,9732,209390,5,4,7,8,1,5,5,5,40
HDF3JTWK6,浦の星角打倶楽部,C003CD1RW,☆蓮ノ空クラブ☆,834,3,9733,209300,10,8,6,10,7,5,9,8,63
R0J2TMCMN,み〜な,WLLWJ8ADP,乙宗筋肉サークル,1084,12,9733,209300,1,7,5,2,5,9,1,1,31
NQQH71DN8,ふぁすと,J0N1E3Y09,月火水木金土日,1018,12,9735,209120,1,4,5,8,8,8,7,9,50
YQ086I2IV,のま,JY79RPB1D,リンクラゆる部,1194,10,9736,208940,7,4,5,4,7,4,6,3,40
5MJ03LW17,ゆうぺ〜,FMKP92LRL,目が霞む人達,622,2,9736,208940,4,6,2,7,9,1,1,1,31
5XC2TRUMH,でぐたま,NDGW77R2V,こず花帆尊い,488,0,9738,208850,9,10,8,6,1,1,4,1,40
M5B5O23IZ,もっちゃん,JVUNVCT8P,梢先輩のASMR,1396,18,9739,208760,10,10,10,10,10,10,10,10,80
K128QALXU,猋珈琲,XCVPUP28L,丑美津高校SI部,1138,4,9740,208580,7,6,6,7,5,7,6,9,53
XAWQPFBYP,はすらいぶ,YJ46VVXPA,金沢ノドグロ,1005,9,9740,208580,5,2,5,8,2,4,7,8,41
KMCDE4QJH,ゆきにゃ,P01RCC6L2,まったーり,961,0,9742,208490,7,5,4,8,4,7,6,8,49
G2F41LJI9,eisen,TM19BMU7C,ソロプレイヤーズ,1223,7,9743,208400,7,7,5,8,6,7,7,9,56
8C5H0BBKJ,おかわり,AHE0E3JND,ありがと！にひっ,868,0,9744,208310,1,2,1,2,1,2,3,2,14
YKSFDEXT5,jam,5VBB4F8N2,灰色ペンギン,1199,4,9745,208220,2,2,4,4,4,7,4,4,31
A9J6G1V82,kat,00T3NXXA9,初心者,412,0,9746,208130,2,3,1,2,1,2,1,6,18
52GHTAMUH,ヘンナヒト,XXVVJY6FE,はぴぱれ,467,0,9747,208040,8,6,6,9,2,7,8,8,54
JO0TP49TM,カモミール,88DJ300PJ,めぐ党 • 永遠,597,0,9748,207950,1,2,2,2,1,1,1,1,11
SASCXKVS7,ライザー,1W054F5D6,のんびりサークル,1112,9,9749,207860,8,6,9,8,6,8,6,8,59
1H8659TPJ,細雪,427WENUC4,心の癒し～蓮ノ空,93,0,9750,207770,7,6,6,4,2,5,3,3,36
SJYVCL1BE,まひろ,PHMJLJY5E,ラブライブ愛好家,550,0,9751,207680,2,2,1,8,2,1,7,7,30
7YM5VJ7WU,ミスター蓮っ子,XJHATLDVB,さやかほ観測所,814,0,9751,207680,8,5,5,8,5,4,7,8,50
S7J4F3NO2,いち,PRY4573W6,報酬用,499,0,9753,207590,2,2,1,2,1,3,4,2,17
5ARNHXLSO,HOKUTO,W189BP629,みんなのみかん畑,896,1,9753,207590,5,6,7,5,4,1,4,5,37
PPU3VKPVE,もんじゃ,X7YM9EG8K,伝統の石川地酒,372,0,9755,207410,4,6,1,4,1,4,4,1,25
W5P7A84KE,SHiNo,B6KWXGHWH,蓮ノ空SIFC,1213,3,9755,207410,4,5,5,8,5,6,4,10,47
0GBHD6M7U,うぃるす,XXMU9WLKB,梢の機械さん,1017,8,9757,207320,8,10,10,10,10,10,10,10,78
WWKA4AE2E,中野かずさ,A7WWE0463,蓮ノ空初心者部,418,0,9758,207230,9,6,7,5,1,9,5,9,51
239PELLVF,なの,BW38LDPRF,蓮浦の星空,763,1,9759,207140,2,2,1,6,7,7,8,1,34
D23JRKA03,u.c.c,C0PGP6F0P,歌唱？舞踏？,1002,3,9760,207050,2,6,9,7,8,10,1,10,53
LXKOUUTS5,めろそ,1F5EPPMLD,UR貰えればいい,1017,12,9761,206960,9,7,8,8,5,7,1,1,46
4401UAC8V,かほつづ,YC3DCPM7M,福井大学ラ研,872,0,9762,206780,4,2,5,2,5,5,5,5,33
D9DFL3RY4,ニコニーしてる♂,TR057C1UW,蓮ノ空ぼっち部,1015,9,9762,206780,7,6,6,7,5,5,5,7,48
N0B1JRJR7,かいわれ,NK05UMLWW,かけ込み寺クラブ,374,0,9762,206780,1,2,1,2,1,1,1,1,10
2Y76A6KHA,野球くん,KGG6VMD1R,蓮ノ空本蓮沼の会,347,0,9765,206690,2,2,4,2,1,6,10,4,31
BCQ8GT8DO,りりゅー,JRAC1HYUD,SPHS-MMT,904,7,9766,206600,1,2,1,7,2,5,3,1,22
SOK8JIYII,menchi,9YG7C0VM7,綴理と無言で昼寝,1092,6,9767,206510,4,4,6,10,6,7,5,9,51
TRW8SMXMX,ミアムジ流行る,58FD7UF8J,としとしサークル,1185,8,9767,206510,8,6,6,8,6,7,5,8,54
2ZKDXMAGX,龍龍,YL2ELYC4U,さや…好きだよ…,846,2,9769,206420,1,3,5,4,4,9,10,5,41
ANYJAP53T,セイ,A9MA307FX,楽しいが一番,934,2,9770,206330,1,3,1,2,1,2,2,1,13
QZVI9PUC3,うっち〜,9X07VGM42,近江町食べ歩き隊,1156,6,9771,206240,7,6,8,8,5,8,8,9,59
HBJXD2ARD,水島マヤノ,H837E0M9R,沙知先輩大好き部,489,0,9772,206150,7,3,1,2,4,1,4,10,32
Z4NYWEJEA,もあいす,PVT63XUX4,職員室,1060,5,9772,206150,7,6,6,7,4,7,4,7,48
HMAD3DGOC,おみつ,0CEA9XFKR,蓮ノ空の泥人会,1133,7,9774,206060,4,2,9,4,5,1,7,9,41
GR4WTB6HK,ブロリー,0XUV5025C,めぐめぐバブり隊,224,0,9775,205970,1,2,4,4,1,1,1,4,18
60IX3CUI6,Todo,X4G2LXJB4,運命の人5万人,811,0,9776,205880,4,6,4,4,5,7,5,5,40
JXCHR1RT2,カエデ,CWG5LH3VE,蓮好きPの集い,959,2,9776,205880,6,6,5,7,5,10,4,5,48
G0UAUXFNV,みじん子,MF6GL0RVL,ミジンコ倶楽部,577,0,9778,205790,6,4,3,3,1,1,1,5,24
1SYIA9WS7,みき,HKETDDCK6,ぼっちざ蓮!!,1006,8,9779,205700,5,4,5,6,4,6,5,1,36
SNPTV2SXG,よーしー,FTUJJ5KM9,無言◎私生活優先,1103,5,9780,205610,6,6,8,7,5,7,5,8,52
8AGTLW501,あゆっち,WAV06LD2L,バカタレ共,468,0,9780,205610,8,2,5,9,6,8,5,7,50
KYJKVU3RN,こにざわ,HBD61R6WC,梢先輩すきすき部,1121,7,9782,205520,5,6,7,5,5,7,5,7,47
C3NKYEUDE,しんかい,4RNUXBXGL,みらぱ最推し,295,0,9783,205430,6,5,4,7,5,5,5,7,44
WJ3KDYE48,こうにゃん,F53AELUNC,ソロっと倶楽部,847,3,9784,205250,4,6,6,10,1,1,5,9,42
7AFPACFJU,猫machi,TFGKYEY98,LLP JR,1015,3,9784,205250,10,10,10,8,9,9,8,10,74
28EAW45BN,araigiga,XP0L1TGD6,低levサ,656,1,9786,205160,3,2,1,9,3,3,1,7,29
Y0HPDUHA5,あくえりあす,88DJ300PJ,めぐ党 • 永遠,963,3,9787,205070,6,5,8,10,5,10,5,9,58
L1CYM1274,ふぉゆ443,NCX28D4VB,Lyric,1113,3,9787,205070,7,7,7,7,5,7,5,7,52
BU644GMAD,不知火,MVMP6NNXD,空き時間らくがき,959,12,9789,204980,1,2,4,3,3,1,1,1,16
LYG2DGRVH,とまと,UGTAVG90J,にょ,227,0,9789,204980,6,8,5,3,3,3,2,4,34
PT9UMTBHW,李徴子,X2JG5XE0G,関東野菜連合,658,1,9791,204890,7,6,4,6,4,2,7,6,42
YHWJGAUYK,ponpon,4LU50R56J,誰でもOK,468,0,9792,204800,8,9,7,10,7,7,6,7,61
C2WGUXXC1,リヨ,E8P2VN49C,ポタリング部,645,0,9793,204710,6,4,5,5,5,4,4,7,40
X70G67B4A,ちゅけちゅけ,JTBMEXV8L,ひとりぼっち,776,2,9794,204530,2,5,9,8,8,5,4,10,51
L1VQ3F8R1,やまと,T045NDKW0,♬さやか愛好会♬,1055,3,9795,204440,5,4,4,7,7,4,4,7,42
24NZAIJGF,花帆の大フラワー,0XUV5025C,めぐめぐバブり隊,1134,12,9796,204350,6,6,4,8,6,7,7,7,51
XC044XJBW,キャスバル,EECF9C0N3,蓮ノ空　茨城分校,1026,12,9797,204260,5,4,1,8,1,5,6,4,34
I6SC1IXOM,ミスター・ヨダ,UGPRCTA9F,YRSリンクラ部,587,0,9797,204260,1,2,4,6,1,4,4,4,26
HFWL6D1LX,りふぇ,GCFA4WL28,乙宗梢を愛で隊,855,1,9799,204170,5,2,4,5,4,3,4,5,32
PXGBT8B48,すずき,ENLEJM4NU,ミジん子,884,0,9800,204080,7,6,4,7,5,7,5,8,49
MD8LNLLRH,るな,A7WWE0463,蓮ノ空初心者部,235,0,9801,203900,3,2,4,2,1,1,1,5,19
880CWT8EW,DnDn,MVYED4TN7,箱推し紳士,933,3,9802,203810,8,10,9,7,9,10,9,9,71
W093E1KRE,insideon,1X8UDND51,徒町のおこづかい,459,0,9803,203720,5,10,3,7,5,10,4,7,51
2HUMR0MF5,うらむすめ,YAY2UK2CT,蓮の空研究部,1105,6,9804,203630,7,6,6,9,7,9,5,7,56
U2YU18R12,ゆき,CJWR9P8LM,花帆さん愛でる会,668,2,9805,203540,4,2,2,7,7,7,7,7,43
HYN59395F,梢に犬になりたい,3LPBPHL3V,壁の民の伝説,802,0,9806,203450,4,4,7,6,1,8,5,8,43
RYVYU95BC,かたぴ,LAKRG5NK9,ログイン勢,573,0,9807,203360,7,8,5,10,7,8,4,7,56
QF4QKOFVG,からすまめんたい,8PY7U19C9,き,266,0,9808,203270,3,4,2,1,1,2,3,5,21
GJVLDT8E1,さばしお,AHE0E3JND,ありがと！にひっ,556,0,9809,203180,6,4,4,7,7,7,9,10,54
GQ5JG9SZ2,紺野由真,4HN9A6RD9,瑠璃色ストラップ,1241,1,9809,203180,7,7,7,4,5,7,6,9,52
0TR0VKMFC,藤野深月,A8BJ5V3ET,はすのそら,886,0,9811,203090,5,7,2,8,4,8,5,7,46
KYR57Y5NW,明菜,W3F0URUJC,梢先輩応援団,294,0,9812,203000,2,3,3,4,1,2,1,1,17
T06CKV00G,jin,KGG6VMD1R,蓮ノ空本蓮沼の会,379,0,9813,202820,7,5,6,7,5,7,5,6,48
K0VAPFF2C,mackey,FLFXP0T22,沼津内浦メンバー,1042,4,9814,202730,4,2,4,6,7,7,5,7,42
BGMAMPMNM,sh-,3HDDYR4FU,旅人,686,2,9815,202640,6,6,6,10,9,7,6,6,56
UXCFBCTDY,おたま,FR5PDRB5Y,株式会社つづさや,965,4,9816,202550,4,2,2,4,6,7,5,7,37
RHRYOUYPM,Y@S,YAY2UK2CT,蓮の空研究部,1057,1,9816,202550,5,5,5,8,5,7,7,8,50
ZT1BVG58Z,中山道,WLBYGHXPD,大天使村野さやか,232,0,9816,202550,9,9,10,6,7,10,7,8,66
5YKECRX93,カノカマ,8MDA3A0AK,イベント用,659,0,9819,202460,6,5,10,5,6,7,5,5,49
BYYBXYMGH,AA,HWWRP6K2J,家に猫がいます,506,0,9820,202280,2,2,6,7,1,4,7,6,35
3EED4IW5Z,タリーヌ,6TP7J2E6G,Orenge,1057,6,9821,202190,7,6,6,8,5,8,5,7,52
6BXHFM5B1,ざわ,W09WBG3HY,どろんちゅ,1076,6,9822,202100,5,6,7,8,5,7,7,8,53
CU2NB5K8F,絶空鳳凰天翔,6C9R15BLY,スクスタ避難民,692,0,9823,202010,7,5,6,7,4,7,7,5,48
GPJFM7GOY,アステ,30W3RA65G,蓮ノ空自由クラブ,860,0,9824,201920,8,7,6,7,6,7,5,7,53
9J9L99HRL,(o･ω･),PYFV3GWNV,異次元P,901,0,9825,201740,2,6,1,8,2,5,10,9,43
2V71BTN96,ゆぴ,3LCTFNL70,さやカーディガン,487,0,9826,201650,7,2,8,5,4,1,4,7,38
VTLEFYLJ8,はにまる,2VJG66JTH,まったり,1134,1,9826,201650,5,7,5,7,7,7,7,8,53
HFAB44F9D,kei,FG4170141,♪さやか愛好会♪,687,2,9828,201560,5,10,4,4,2,2,10,9,46
0HRNHGCSA,ソン,H0DV3JJGA,かほさやてぇてぇ,925,6,9829,201470,2,2,1,4,1,1,5,1,17
9B707WTM6,くま,U8GLCJVJP,コミュ障用誰でも,735,0,9830,201380,7,2,4,8,1,4,6,7,39
7MK52D0DG,nattsun,GVT61ATX0,なのだけれど,1045,2,9831,201290,7,4,4,4,4,7,4,7,41
76KH96RCE,みき太3,7UBUGF7G1,ワイのサークル,1082,2,9832,201200,6,4,6,8,5,8,10,10,57
WRY3B7DLR,miyamo,A3X92L6YU,お試し用サークル,933,2,9833,201110,2,7,2,7,1,1,8,4,32
T0C8EMI40,ほーりー,00T3NXXA9,初心者,949,6,9834,201020,3,2,7,10,2,8,5,8,45
Q06KI4W9V,おしゃプリ,5KK3DFY18,MUGEN∞,748,0,9834,201020,5,2,1,4,7,8,1,1,29
NM17RHPAC,やすお,E49YWK5YC,酢蓮根,559,1,9836,200930,1,2,1,2,1,1,1,1,10
4KA3H38MG,ゆき,TGLXAU8V6,雨、太陽、風,532,0,9837,200840,2,2,1,1,1,1,1,1,10
NR1H7RYAN,Ha7maru,TTDBXERCU,蓮ノ空 全力応援,1101,2,9837,200840,8,7,7,6,5,8,7,9,57
B5ATLH4P3,吉原正人,RBH0YM8P2,蓮ノ空ラーメン部,755,0,9839,200750,6,4,5,6,2,2,8,7,40
0PMD6D6F5,Vex,M851LEV3N,なっす父兄,597,0,9839,200750,2,2,1,2,1,4,6,4,22
MPPMNF09G,こより,DHKUGEWBJ,めぐ党虹ヶ咲支部,202,0,9841,200660,3,3,2,2,2,1,2,2,17
45EYJU9FM,RazpatP,DW13FCXPT,Mulbungs,312,0,9842,200570,6,6,8,5,5,8,5,10,53
DKWV97UJB,ひらちゃん,Y7JBBVBX2,いのりまち,805,0,9843,200480,5,2,3,3,7,2,7,8,37
0KYGCP3CK,薫,88DJ300PJ,めぐ党 • 永遠,758,0,9844,200390,7,6,7,8,5,7,7,7,54
0AE7YNGEE,めき,LNJHHK5VH,蓮っこクラブ,478,0,9845,200300,2,3,3,1,1,1,1,1,13
J51P6DXYU,メガネ(爆),U55TMKFLF,どんたく蓮ノ空店,713,2,9846,200210,10,2,6,5,4,8,1,8,44
UY1M26G26,fishy,DH97ANN9G,ツキマカセ,595,2,9847,200120,5,2,5,8,1,4,5,2,32
EPTHJHLFY,おにぎり,F08AHUJJ0,綴理のお世話係,1243,10,9848,199940,3,5,8,8,4,4,8,10,50
6UUHU8CKA,クローベット,27N2UHJYL,ラブライブ格ゲー,594,0,9848,199940,7,4,6,10,7,9,4,7,54
JKGJH1N9W,Ray,6N3F238R0,イベント参加用,566,0,9850,199760,1,2,2,4,1,1,1,1,13
12T1PWV0R,Forget,48N7HVJH8,KER,798,2,9851,199670,1,1,3,5,1,1,1,1,14
6FAN4ER78,ヅマ,4WKMNMJNB,勉強中,1013,3,9852,199580,8,8,9,9,9,10,5,10,68
2KPFCFVJ0,リセット,NC2YT2V28,蓮之愛同予者何人,1230,0,9853,199490,4,4,5,5,7,5,6,7,43
OCXJLS1J6,抹茶,AGJ215YND,蓮の空中國分校,625,5,9854,199400,2,3,7,3,2,3,4,1,25
1E668TTNH,あずき,W96XUVRRY,北陸広域鉄道部,1120,4,9855,199220,7,5,6,9,4,4,5,6,46
QVHJRI785,それいゆ,YA51R0VV4,めぐメイト,1040,3,9855,199220,9,6,4,6,4,6,7,9,51
OMQF80794,パイー.,VA6X5YNNF,スリーズ分家,704,1,9857,199130,6,6,6,10,6,6,6,8,54
GOBHM593L,朝焼け学院生,8K6R9L378,夕焼け帰宅部,1216,3,9857,199130,7,4,4,4,5,4,7,8,43
RYY4HJT57,はや,0YLUK30K6,蓮っコの集い,107,0,9859,199040,8,9,3,8,4,4,1,1,38
XAP5U4LTT,あーにゃんHS,A73H7ENN2,エロマンガ同好会,1273,9,9860,198860,5,5,7,5,5,9,10,8,54
DH03DTRDD,gffggh,3JH1V2GDF,gffggh,274,0,9861,198770,2,3,1,3,1,1,1,3,15
QHWA33IHB,もりなが,H9FLETD4R,しっぽ,230,0,9862,198680,1,4,1,1,1,2,1,3,14
WD7MH1LCE,星辰,V3FAH8CM4,初心者の会,782,0,9863,198500,8,6,6,6,4,8,7,7,52
6FQFAXDI5,うさそく,H837E0M9R,沙知先輩大好き部,793,3,9864,198410,4,4,4,6,1,7,1,1,28
LBDCDAF5P,ペペロンチーノ,CP3KWKH07,まったり社会人部,923,0,9865,198320,7,6,6,6,5,8,5,8,51
CDYNNHKHB,ユナ,LJ5EDV86D,ユナ個人用,482,0,9865,198320,10,9,9,10,8,10,9,10,75
7THV8FYXW,ささみ,TEWA0PAVY,蓮ノ空どら焼き部,233,0,9867,198230,6,6,6,8,3,9,4,5,47
WLTH37DD1,なーたろす,GN1798YEX,ド!ド!同好会,363,0,9868,198140,1,2,1,2,1,1,1,1,10
0KUN77T1V,ノホペ,JH5FX56N2,のんびり,836,0,9869,197960,8,7,5,9,7,1,7,8,52
DTCFVTWML,セルシー,8J35LPWWE,もこもこ,784,0,9870,197870,7,6,5,8,4,3,8,8,49
P6QP09WAE,リベリオン,WLFW6UCX5,無敵級ビリーバー,679,0,9871,197780,1,4,4,2,1,5,4,4,25
UUFFY3934,inoue,WCL6R1ANU,無所属の会,359,0,9871,197780,4,5,1,2,4,3,3,1,23
8H9W2VDA4,プカマル,PD80VCP5N,虹ヶ咲学園,1090,3,9873,197690,5,6,6,2,1,9,6,10,45
CS5ZSU2XS,李志貴,88DJ300PJ,めぐ党 • 永遠,1002,1,9874,197600,1,2,2,4,1,7,1,8,26
BR1TEFBLT,はったんちゃん,RA1676TKK,蓮の空好き好き部,884,2,9875,197420,2,7,7,5,4,7,5,5,42
TPNLY36BX,7Stars,CT8XW752X,蓮ノ空写真部,1192,6,9876,197240,4,2,5,4,4,9,9,10,47
DVXC35HH1,サワラ,U98UKD6RY,異次元フェスP,1168,7,9877,197150,1,2,7,2,1,1,1,1,16
CY91HK41G,さくら,E1HVJ71JR,ご自由にどうぞ,567,0,9878,197060,10,4,1,2,4,1,1,2,25
CPRXRWV3X,セナ,TT8KRDC79,あ,383,0,9879,196970,2,2,3,1,1,1,2,4,16
FD71Y91DW,こっぺ,YD2XWWFA4,蓮好き好きクラブ,1041,3,9880,196880,4,4,4,5,5,8,8,10,48
68WESY750,ふれあ,G4MHD90WJ,完全ソロ陽,1000,3,9880,196880,8,6,7,6,7,8,8,8,58
FCYW2R6JL,TON,37N3TNTVB,推しを布教する処,464,0,9882,196790,4,4,4,3,3,5,3,2,28
8FGN4KNAB,サバカレーの杯,NMC7J3N5X,ドドド黒龍剣,747,1,9883,196700,4,7,5,5,5,9,7,8,50
EEKMJN5GK,96ぴょん,646YTH7KK,KA,739,0,9884,196610,4,6,6,6,2,8,5,7,44
W3C4A0HHV,まさ,R7VEXFUBP,蓮ノ空応援クラブ,656,4,9885,196520,4,2,1,3,1,1,6,4,22
ETPWUDNNT,唯一神,WLFW6UCX5,無敵級ビリーバー,982,4,9886,196430,7,7,9,9,9,9,9,10,69
URVC0YFPH,カサネ,HWRFN2AK4,あいこうかい,732,2,9887,196340,2,2,10,1,1,1,1,1,19
8B8M22X2E,アンノウンXii,WKG02VMU6,先輩で遊ぶ2年生,828,0,9888,196250,7,4,5,7,4,7,4,8,46
M2OAW1AKA,Serenya,546E85JGG,月猫ぱーく！！！,753,2,9889,195980,5,2,4,3,10,4,1,5,34
KXRP3LCHJ,がんでん,L28X4MDJN,アフター観たいぞ,1417,15,9890,195890,9,7,8,10,7,10,10,10,71
M4V4K0HC9,オティヌス,FTY0R8KPH,泥の皆様,898,0,9891,195800,4,2,4,3,7,2,1,1,24
GGZJXSX9P,マル♡,3HDDYR4FU,旅人,303,0,9892,195710,1,2,4,4,1,2,3,5,22
0L4BMRXX1,Peace925,9YTN0M5PV,月月火水木金金♪,236,0,9893,195620,10,8,10,10,10,9,4,10,71
4DMD9L7GF,R,A86FEX2JC,おやさいさん,869,4,9893,195620,8,3,7,10,1,5,2,9,45
PLCTXUDWA,七瀬　万理,UVK38MFR2,蓮の虚無サー,1379,1,9895,195530,5,6,6,5,5,7,5,7,46
8KKFF4X8L,ひろ,FM6BLANVU,KUCCOBOG,143,0,9896,195440,1,1,1,1,1,1,1,1,8
TZ5IJRWAY,かみうえ,6CC83J3EJ,蓮之空台灣分部,946,3,9897,195350,3,7,4,6,1,5,10,10,46
V10KPKEA6,Yuya !!!,GMEF2K8DL,花咲く泥も好き²,1087,6,9898,195260,6,4,8,6,5,7,5,5,46
029HWD9DV,L,LG3XF86RM,ハロめぐ党無言可,839,0,9899,195170,8,7,5,6,6,5,7,7,51
NDWDG60DS,りゅ,Y35U9K1BV,ゆるラブライブ！,1182,0,9900,195080,7,6,7,7,5,8,6,7,53
UOYDWJJLJ,キハ58,GLP0WPDRM,イベント用の泥,1015,1,9901,194990,1,6,5,6,5,8,7,9,47
3YY8CPUK5,みきた,7UBUGF7G1,ワイのサークル,1122,3,9902,194900,4,6,5,9,7,9,9,10,59
YMNAZ8E5E,十字路,U0JJLF0DC,素敵な暇人の会,899,2,9903,194810,5,4,2,9,1,2,4,10,37
CYX7S7WC0,すずっち,TK9E1BB1P,無言で自由,928,3,9904,194720,7,4,4,7,4,4,5,8,43
GP3WLHOX4,van,AAHB7C276,HaCordVN,786,2,9905,194630,10,2,7,6,1,7,3,4,40
CW2R3UJFM,みよし,H6JWBBGCG,蓮天・乙宗一心流,946,6,9906,194450,1,7,2,4,7,1,1,1,24
OQ8Q7FV1S,あっちゃん,XEENRBXCG,蓮ノ空休日クラブ,972,4,9906,194450,6,6,8,8,1,8,5,7,49
X8UU1NWKY,遥,8BAYBXUXC,スリブ大好き♪,260,0,9908,194360,4,5,1,5,1,1,3,1,21
2EZPNDDC5,リウヴィル,YT0LCFY25,蓮ノ空風紀委員会,1178,5,9909,194270,7,6,6,8,5,8,5,7,52
7DMLGDNTT,エロマンティウス,9DFV9UTW4,白ひげ海賊団,259,0,9910,194180,2,3,7,2,2,1,2,1,20
5469C8XKB,ナムウ,0B8RTHY4D,のんびり屋さん,1103,4,9911,194000,7,7,5,8,5,8,7,7,54
T2PLYHTC2,まいたけそば,JHTULVV5P,故に瑠璃乃推し,953,6,9911,194000,5,6,6,4,7,8,5,7,48
5S5ZOCYWO,猫チビ,5L9GNT78V,叶え！私達の◯◯,845,1,9913,193910,1,4,4,4,1,1,1,7,23
91WH5WC7V,エデン,M1DLCR0R8,花帆護サークル,268,0,9914,193820,5,3,7,4,1,4,2,5,31
99JAVMT1B,Umaru,BW38LDPRF,蓮浦の星空,470,2,9915,193730,2,2,4,5,2,1,4,4,24
BT3VWST3Q,かりぴたん,646YTH7KK,KA,1039,1,9916,193640,8,7,5,8,5,7,6,8,54
D516H96GL,かまぼこ伯爵,Y4G0KF6NB,無言でやる会,726,0,9917,193550,2,4,6,6,5,6,7,7,43
TTF6UVTM4,タナユウ,VHNV134CV,個人,641,1,9917,193550,4,4,4,6,9,8,5,5,45
8P77PA5U0,Zalt,PMDDGR6AH,うぇるかむ,582,0,9919,193460,7,3,9,7,1,7,8,8,50
K27K1T0DL,おにょ,TEWA0PAVY,蓮ノ空どら焼き部,127,0,9920,193370,8,10,6,4,6,4,3,3,44
TW2BWJVJI,紺ぺ,5NPVVUGH7,蓮すきすきクラブ,1211,9,9921,193280,2,7,6,5,7,10,6,10,53
GB9ZET285,蓮ノ向かい,FVJFA973A,月猫愛好会,697,0,9922,193190,3,3,2,2,2,2,2,2,18
8MLE59DRL,霽月,4RATY4E84,DC大好きクラブ,433,0,9922,193190,5,8,1,8,5,5,4,1,37
BHC1Q5Z6U,ゆる,9147HWMAR,誰でも大好き,1009,4,9924,193100,2,4,6,7,6,8,8,9,50
FK1VFXFRR,DD3,TK9E1BB1P,無言で自由,378,0,9925,192920,3,3,5,5,3,2,4,5,30
0VUD6J1N5,アズレン,BPHHYC793,ソロ専の集い,585,0,9926,192740,3,4,9,4,1,2,3,3,29
UUUMPKHAR,ちゃみ,AXG81GPMP,蓮ノ空マタギ部,890,0,9927,192650,7,6,5,4,5,8,5,5,45
GDODD7U5B,hideshi,KPABV0UJM,蓮の空サークル,982,7,9928,192560,6,4,7,8,5,8,5,7,50
4M3LLTT8B,せちあ,E76N52LMW,イベントのみ,835,3,9929,192470,6,4,4,6,5,5,4,10,44
VFUY2NTJ7,つばさ,K44BC8GLR,ことりのダイヤ,831,1,9930,192380,1,2,1,2,1,1,1,1,10
PDJLJ3MPF,ココ,89K9Y7MX7,初心者歓迎,873,3,9931,192290,4,2,5,10,4,9,1,9,44
UPMKCBQ05,F,72J0T27T1,蓮ノ空後方支援部,387,0,9932,192110,2,2,5,2,1,1,1,3,17
MMH3WRWEV,あす,E49YWK5YC,酢蓮根,602,0,9933,192020,6,2,1,2,4,5,1,1,22
MKGC26GEY,rikki,M6UPWJ6DU,蓮結ぶ虹と星の音,972,3,9934,191930,4,6,6,6,5,7,5,5,44
CGW5G4XQC,くろがね,WRFLMWL4U,映り込み金魚,824,0,9935,191840,5,4,6,7,4,7,5,7,45
C8KTLMNWB,ゆう,7MPNTWKTN,Dreamers,756,2,9936,191750,10,8,8,10,6,10,7,9,68
QU6QEE5G1,大鳥包,FHN78V2DJ,無言でどうぞ,1518,13,9936,191750,6,2,10,10,8,10,10,10,66
VSLLU8JNC,ddengku,5JJKPNN2W,めぐ党韓国支部,542,2,9938,191660,2,3,2,2,2,1,2,3,17
B8BR7NDM3,鮎,96LWYJ3Y6,無言絡みなし,810,0,9939,191570,4,5,5,4,5,2,4,4,33
V6FPR4NMU,タカくん,HNGMTKLYK,ルビィ,1013,6,9940,191480,5,6,8,9,4,1,4,9,46
E6EVAGRCT,ぐるっぽ,J5CKL5YPX,ログイン勢かもん,399,0,9941,191390,1,1,1,2,1,1,2,2,11
UDJT83P6E,ゆう,A7WWE0463,蓮ノ空初心者部,1049,2,9942,191300,6,7,6,9,7,7,5,10,57
O6BETP92R,starkusa,BXHG2KXAD,idol.st,427,0,9943,191210,2,4,2,3,3,3,1,1,19
KP5FU2433,kg02 p7a,K182YX4GG,クレゆら,939,4,9944,191030,5,7,6,5,6,9,7,6,51
PLR6I72G8,ベレス,ME2G808E7,名無し,1055,4,9945,190940,7,6,6,7,5,7,5,7,50
HMPVLCCMQ,かなたゆむ,GYEJHDWC2,すいみん部,1116,8,9946,190850,6,5,5,7,6,10,6,10,55
K63WFJ5CN,カーニバル,0NLHKATWL,生きてるだけ偉い,641,0,9947,190670,10,10,10,6,1,4,10,10,61
JHHV4MLNY,セレスティナ,YK0X6N2HN,無言OK出入自由,1168,8,9948,190580,3,3,5,4,7,9,6,10,47
J66YFLHV5,か,DW13FCXPT,Mulbungs,424,0,9948,190580,6,3,1,9,4,6,4,4,37
6UMUXDTHA,しろいぬこ,C88BPLW53,白い犬小屋,465,0,9950,190490,2,5,5,1,1,1,4,3,22
HDHBMMYPW,れいじ,HXVYGL96H,初々しい対抗戦,931,5,9950,190490,2,1,2,3,7,4,8,9,36
64T7XBRCA,nao,48GTYR1VB,ハラショー！,541,0,9952,190400,1,1,1,3,1,1,2,1,11
Z09BFXIMH,eluna,TFGKYEY98,LLP JR,1112,12,9953,190310,7,8,7,6,7,8,8,10,61
DBIWME63B,たけみや,7B0W0EWVA,ソロの為の避難所,1072,5,9954,190220,8,6,5,8,6,7,5,7,52
0ERCGBV1M,神宮寺レン,JE7V5MM31,蓮ノ沼に沈んだ泥,1048,0,9955,190130,4,4,5,8,6,7,5,7,46
DADXJ43QK,ata101,JXUPB88HM,蓮を食べる,1279,8,9956,190040,5,9,7,7,9,10,10,10,67
B5DH53VXD,りこ,97BGFLKW9,◯◯◯,964,6,9957,189950,2,4,5,7,6,6,8,8,46
5YR3AU51M,まきりんぱな,X1NMWXR4W,午後の紅茶花伝,326,0,9958,189770,3,5,6,4,6,5,5,7,41
G2VPV72Y6,chikachi,PULJ8VCHJ,蓮ノ空を推す会,236,0,9958,189770,1,1,3,4,1,1,1,2,14
XZCIEKKZG,あなた,KHAKJKC0A,のんびりまったり,1002,1,9960,189680,1,2,6,6,5,8,7,9,44
7P9HJYFKA,t-Pon,JLKVK4MY7,マッタリくらぶ,1007,0,9961,189590,7,5,6,7,6,7,6,6,50
U5VB0BVWK,laurie ♡,HXVYGL96H,初々しい対抗戦,295,0,9961,189590,4,3,3,2,2,3,2,4,23
H5CUXJD1Y,くつひも,U1X8XUL9G,イベント用？,1173,3,9963,189500,7,8,8,9,7,8,7,9,63
NE27SWZMQ,キウーた,J7FU6HMXT,とりあ,1001,4,9964,189410,7,6,10,10,9,6,5,7,60
P6X8VR50H,希望的プリズム,VNEY6C9BE,スリーマーメイド,946,2,9965,189320,7,10,7,10,9,9,9,8,69
X71A9KRYB,きりたんぽ,X87KNX4N3,蓮ノ流星群,855,1,9966,189230,4,5,6,9,5,7,5,7,48
AX7LXATCT,さばしろ,9DKR4Y2CJ,蓮ノ空老人会,635,0,9967,189140,3,2,5,4,1,7,6,1,29
4W70J0GNT,ニコ・ベリック,6C9R15BLY,スクスタ避難民,1073,2,9968,189050,6,7,9,9,6,9,9,10,65
87NW298FF,お〜の,A86FEX2JC,おやさいさん,284,0,9969,188960,6,5,4,5,5,7,7,3,42
ZVB0HNOLF,ユウシン,DF7FA982P,蓮ノ空百合部,1117,1,9969,188960,4,6,5,7,5,8,7,10,52
B4TAH96IT,Ｚ’μ,9D1P6AXUR,link-er,852,2,9971,188870,1,2,10,7,7,7,10,10,54
FCJG8XE06,あいはら,K2L5DCVNR,REAL,325,0,9972,188690,6,4,4,4,2,2,6,5,33
D96CUY14A,だだんだん,3F0M4HXJE,蓮ノ空まったり部,1204,7,9972,188690,2,4,8,6,5,5,10,10,50
HVVUYJHJ7,大地,XE8513HNP,喫茶カワウ空✨,908,0,9974,188600,4,4,6,8,5,7,5,7,46
JR9QEE7QH,ココのり,V7768X8AC,せーので！,1036,0,9975,188510,2,6,6,2,1,9,1,5,32
7UGLL80F3,干物ちん,CP3KWKH07,まったり社会人部,416,0,9976,188420,10,1,10,4,6,10,10,10,61
F5EL98FZU,皐月瑠璃,8GAY2WBT6,(・8・),1297,18,9976,188420,2,9,7,8,6,8,10,10,60
TGJIYSF37,トリス,XXMU9WLKB,梢の機械さん,1043,0,9978,188330,4,4,5,10,4,8,8,8,51
ISM3OK7DZ,ゆき,HKETDDCK6,ぼっちざ蓮!!,1172,10,9979,188240,7,6,6,9,5,8,5,7,53
RVBLXMYJR,Pier,38KAJGDGU,異次元シャニP,346,0,9980,188150,7,7,10,10,8,10,7,10,69
9S6AG7JB1,もり,CXPCM150X,サークル,1080,2,9981,188060,4,6,4,8,7,7,6,8,50
K5MX79RV3,かのきなはチェス,8YNHW7530,虹ヶ咲、蓮ノ空,727,3,9981,188060,5,4,6,5,1,7,5,9,42
YLJY7V86U,かに,VHPNY1426,ログイン,762,4,9983,187970,1,4,4,4,1,8,1,2,25
WA1OLTGJV,和泉弥生,F2M746D4B,頑張らないクラブ,1277,3,9984,187880,9,7,7,9,7,9,8,8,64
ZU9E3X7KD,Nyan,RTNWHX235,Yurina,994,5,9985,187790,1,10,1,5,4,5,10,5,41
GJLCGRH39,ミルフィ,WN3LHKX0L,レンコンおいしい,912,0,9985,187790,5,4,6,6,5,7,4,1,38
40HF9DCTB,タングロン,6KUYCDLGR,かよちんは宇宙,716,1,9987,187700,2,3,2,2,1,2,1,5,18
TXW03NAR8,Tsuya,AND13836G,乙宗梢親衛隊,1036,13,9988,187610,4,6,8,8,6,7,6,5,50
2L912B9VF,ポンすけ,29YWG610N,ごまどうふ島,981,3,9989,187520,7,6,6,8,5,8,5,7,52
JBXA92YDT,もも,W3F0URUJC,梢先輩応援団,792,4,9990,187430,6,9,4,7,1,10,4,9,50
OZJDRSYL8,ラルカス,WN3LHKX0L,レンコンおいしい,964,1,9991,187160,5,4,6,6,5,7,4,1,38
7ETYNT48D,TK93,G202YTPW1,無言倶楽部,624,2,9991,187160,3,2,2,2,1,4,1,1,16
8JJN2A7PE,クロ,WTVG86R4P,おしご党,622,0,9993,187070,10,2,6,3,1,8,6,1,37
0BCREKENP,hgcn,BWD9U1EJ2,蓮之空中国同好会,349,0,9994,186980,2,2,4,4,3,4,4,3,26
GDQV2UXDN,きゃろ,RE994PJ2B,蓮ノ空SI同好会,1087,0,9995,186890,7,6,7,8,5,7,6,10,56
NBS5ZIBJL,無害声豚,NC2YT2V28,蓮之愛同予者何人,1183,16,9996,186800,8,6,4,7,1,9,7,9,51
3W693RT6G,巧克力鬆餅,05KN1RR3U,さやかほ花卉園,1044,6,9997,186710,3,2,8,8,7,9,10,9,56
RKBG7VDCS,ヒロシ1977,V8XX999F6,卍蓮村幼稚園卍,1039,8,9998,186620,5,7,4,2,7,5,4,4,38
KJE0A233H,gggttt,MUXWTW1GV,蓮の空見守り隊,328,0,9999,186530,4,4,1,5,1,1,1,1,18
F9MVJI0EM,みつひろ,JPDRGBDVP,個人サークル,1229,2,10000,186350,7,7,7,7,7,7,9,10,61
REPWVKN7F,灯里,K7LC46V5M,Link！ラ部,1025,1,10000,186350,8,6,5,9,6,10,5,8,57
2LXCXLLC8,しん,08DDCV5JN,黒ねこのしっぽ,770,2,10002,186260,2,6,1,10,5,8,1,8,41
VMX7X0LNJ,DekuLuna,TFGKYEY98,LLP JR,971,0,10003,186170,7,7,8,6,8,9,7,9,61
YCJL6H422,ララライブ♪,E8K438RP1,リンクラ初心者部,1071,8,10004,185990,7,6,5,8,8,8,8,9,59
PER4R0346,ETO,T03T2W3UX,N.K@,1092,3,10005,185900,8,7,5,6,4,7,4,8,49
NEUT1ENV9,K,DD9F9C67R,ひとり,358,2,10006,185810,8,5,6,5,4,5,4,4,41
LDUO0VZCJ,ふぃむ,M6UPWJ6DU,蓮結ぶ虹と星の音,1204,4,10007,185540,9,9,9,10,7,10,8,9,71
NX9X830WP,まあこ,YM72HRVCF,ワンニャン部,1020,3,10008,185450,7,6,5,6,6,8,5,7,50
L3WPE1XH2,鎌鼬,WFPA7YJE1,蓮ノ空文芸部,870,3,10008,185450,5,4,7,7,5,8,4,7,47
WBBYP3NM0,cosworth,ULUELCJ7T,なるようになる？,1164,13,10010,185360,9,7,4,7,5,6,5,6,49
87GFB8AWM,S2,A8BJ5V3ET,はすのそら,169,0,10010,185360,10,10,10,7,6,9,4,9,65
ZVFUKA8NY,Berto,TKVR3KU7L,ネギトロTKG,987,3,10012,185270,6,4,5,8,5,7,7,6,48
YTZDP348B,ひろのん,GMEF2K8DL,花咲く泥も好き²,971,1,10013,185180,5,8,4,2,1,7,1,1,29
C1VYN4F7P,ゆかぺろ,7X71T9R7J,憩いの場所,846,0,10014,185090,6,6,6,10,6,9,5,5,53
YT3HG51UV,ごろう,5HY7WRDDN,アフターウォール,1092,1,10015,185000,7,7,7,8,5,7,5,8,54
GNR0XVMU3,海月,TTW02P5K1,はすのこ,944,1,10016,184820,1,2,1,6,5,10,5,9,39
2MUPT1BM0,カーハイ☆,WAT20PN3Y,こな党,515,0,10017,184730,1,1,1,2,1,1,3,1,11
3312PQ7SE,Elpepe,FHN78V2DJ,無言でどうぞ,871,6,10017,184730,4,2,7,4,5,1,5,5,33
BBPQB8AC1,あなた,F5C8MT9J6,テスト,1037,0,10019,184640,7,6,6,8,6,8,6,7,54
L6ZF9OWUK,バニラ,K3R1XY8UT,自由,1062,5,10020,184550,4,4,7,7,5,8,8,8,51
RPCTUTGUC,よこつづさん,C6V311T2P,LotuSky,469,0,10021,184460,1,1,1,2,1,1,1,1,9
VVB4G56TR,NPカレー,8FR866PRY,蓮っ子みらくラブ,1093,1,10022,184370,7,6,7,9,4,8,2,10,53
449TT8YAB,あおい,KA652DGYV,ゆるリンクラ,626,2,10023,184190,5,3,9,5,4,4,1,1,32
C71MGECBH,がぶがぶ,BWM63NDR4,蓮之空学园同好会,877,0,10024,184100,7,6,8,9,5,8,7,10,60
C1FZF0SWI,かのん100%,FG4170141,♪さやか愛好会♪,1231,13,10025,184010,6,2,4,8,5,7,7,7,46
1D7LU9KNW,ダイブツ,76RRURK4N,ソロ専用,892,3,10026,183920,10,6,6,10,1,5,4,9,51
05ZZ20ILD,かえで,LFB48H6MU,超初心者の会,925,0,10027,183830,8,4,4,2,1,5,8,8,40
7PLTVA4SD,どんきちうどん,2NY9H8BR9,乙宗紅茶館,1541,4,10028,183740,10,9,9,9,10,10,10,9,76
3LLEFXE5Y,花屋の娘,E76N52LMW,イベントのみ,1338,3,10029,183650,8,7,8,9,7,9,7,10,65
FB752OQHK,Cysqua,GL8PF1YV6,Cysqua,1045,2,10030,183560,7,6,5,5,8,9,8,9,57
KIJ1DLIEW,わのあ,0CALLC364,flower,1103,2,10031,183470,8,5,5,8,4,7,6,8,51
XHPR8PV5Y,kappy,WLFW6UCX5,無敵級ビリーバー,675,0,10032,183380,9,6,5,3,1,10,1,9,44
BPLD2VVFX,KanKanna,MG3PEBEJL,LLPERÚ!,786,0,10033,183290,7,7,5,1,4,5,2,2,33
2LDU83XYE,あにょざらし？,CHGA6EV8F,102期は永遠に,302,0,10033,183290,5,7,8,9,4,10,4,5,52
3J4HMHQSE,るな,PPAHU1TNY,蓮ノ空のんびり部,845,6,10035,183110,2,2,5,4,4,1,1,1,20
MCE12PQKL,みむら,23PGPJ3NV,蓮ビギナーの集い,669,0,10036,183020,8,7,8,9,4,7,1,5,49
L6MF4FGH0,ゆきおか,H837E0M9R,沙知先輩大好き部,640,0,10037,182930,4,4,6,7,4,7,5,4,41
TLMN2RYVE,おぅりす,LJMD3TWBB,道の駅蓮ノ空,1135,8,10037,182930,7,7,6,8,6,8,8,8,58
ZYMT9M00V,リョータ,P9CV4RB36,Aの為,1177,5,10039,182840,5,6,10,10,5,7,8,8,59
2BPLVKAX9,ガル,FK5MUK0ET,くる♡すきクラブ,930,4,10040,182750,6,6,4,7,1,5,3,10,42
AODWYRMVT,アツシ,7MXXR7UBG,放課後リンクラ部,705,0,10041,182660,3,3,6,8,5,10,8,9,52
70JG9M98R,ATC260,KGG6VMD1R,蓮ノ空本蓮沼の会,302,0,10041,182660,7,5,8,10,9,10,10,10,69
NB2LUCGMN,きよ,96LWYJ3Y6,無言絡みなし,667,0,10043,182570,5,8,7,8,6,5,3,5,47
LWMWMEQZK,はちくん,V3FAH8CM4,初心者の会,253,0,10044,182390,7,9,7,7,10,6,7,5,58
W147IP0BS,するめ,NA8FEYN0M,蓮ノ空飲酒クラブ,1026,0,10044,182390,6,6,7,4,7,4,7,9,50
FEYNU31B9,うっでぃ,BE349FEW8,いい声の蓮ノ空会,719,0,10046,182300,5,2,2,3,1,1,1,5,20
MHEXGNS66,アンシー,WNMCNJ62M,チームまったり,1023,1,10047,182210,7,6,6,6,5,8,6,7,51
V90744WXH,リーティア,J5CKL5YPX,ログイン勢かもん,568,1,10048,182120,10,9,9,10,9,10,9,10,76
CYAKNPJXB,kisk,B3638RXDC,ULTLA C,277,0,10049,182030,2,5,6,7,1,1,1,1,24
76MISBDIP,oncemoon,866DU609J,ラ！スレ@may,1067,1,10049,182030,7,4,4,8,5,7,5,7,47
ABZOI09T5,ヒトリ,P7VJ9BTU0,ヒトリ,963,0,10051,181850,4,4,7,7,4,8,6,8,48
KTG12MNRD,ノラ,J4KB3RTMN,KSC,547,0,10052,181760,1,3,2,1,8,1,1,1,18
22ECHCGVL,くろめ,WJ7GF9WVV,愛と想いやり,373,0,10053,181670,1,1,2,2,2,1,1,1,11
EDRPFT613,やってぃ,DULFP3TRN,めぐ党員の部屋,1155,3,10054,181580,7,6,7,7,4,7,4,7,49
PLGN7RHKY,Pizzachi,LMH98656T,PizzaChi,958,5,10055,181490,9,6,5,4,7,5,6,4,46
HGCR16M30,こんぶ,3HDDYR4FU,旅人,812,0,10056,181400,2,2,2,2,1,1,3,3,16
3QTIFW206,小胖,XXMU9WLKB,梢の機械さん,1109,4,10057,181220,1,9,1,10,4,5,6,10,46
JCTD0V0JM,なわし,3HDDYR4FU,旅人,974,3,10057,181220,4,2,7,2,4,1,1,1,22
7P7M1AT0T,ellll,M0HHDC9CJ,自分用,1108,0,10059,181130,8,8,9,8,7,9,7,8,64
VPJWALJY9,おでん,JCRNT9GKB,ハントンTKG,842,1,10060,181040,1,2,4,6,4,5,4,1,27
9FD3Y7896,ちおりん,WNMCNJ62M,チームまったり,713,0,10061,180860,4,2,1,7,1,1,2,5,23
GNIHHLKT5,ケン,WPG6BCG83,基本無言,1162,1,10062,180770,4,6,6,7,4,5,6,8,46
V3EDWTKMA,三原修二,A8BJ5V3ET,はすのそら,716,0,10063,180680,6,2,2,9,4,8,4,8,43
LG6T67XJM,ご隠居。,WCL6R1ANU,無所属の会,1242,15,10064,180590,2,8,7,2,1,10,3,10,43
TM41WCXY4,シュウ,U57VPUTEE,ゆったりクラブ,645,1,10064,180590,6,6,6,8,5,5,5,6,47
SUO4QY7UX,わい,VD7N7A4WH,氷青色,820,0,10066,180500,1,2,4,3,1,5,4,4,24
4AR1P2MB4,htmy,9N4F9P8DU,リンクラ部（仮）,947,4,10067,180410,4,6,9,7,7,8,8,10,59
01U2Y0TAE,しんにゃん,407VAU0TT,ログボ勢の集い,742,1,10068,180320,6,6,10,9,7,9,4,7,58
7708TJX4C,汐弥の香緋をくれ,57UT319NN,蓮ノ空同好会,667,0,10068,180320,7,2,1,7,1,5,7,9,39
A8WU8YDUH,yukii,AHE0E3JND,ありがと！にひっ,708,2,10070,180230,1,2,1,3,1,10,1,7,26
V6W1WDJB5,凛,LLDLG20UU,UR取り隊,505,0,10071,180140,6,7,4,4,2,2,7,7,39
LDXV70KX4,るし,5YXVKDEKV,サークル(仮),421,0,10072,180050,4,6,6,7,2,5,6,6,42
TD8CYHN5G,ｸｯｷー粉々隊,16K4DG9HX,囲碁サッカー部,916,12,10073,179960,3,3,1,2,3,2,3,4,21
0VFF0KYEN,Akihana,0VEMMV8E2,スリブとまったり,1024,2,10074,179870,1,3,4,4,1,5,5,5,28
5Q22NWIDI,神無月８８８,17AEM7PUN,SIFcord,1151,12,10075,179780,5,7,5,8,7,8,4,5,49
FTPX779WU,たまご,6JPXTKDBB,DAISUKE,451,0,10076,179690,1,1,1,1,1,1,1,1,8
JX22PENHD,Jerry,7X71T9R7J,憩いの場所,147,0,10077,179600,1,2,1,2,1,1,1,1,10
8VPC6AJF3,Pyon2,1UBNNHVLG,蓮箱推し（仮）,770,0,10078,179510,5,7,6,7,4,6,7,7,49
CLRP5J4NM,ただのいし,5ND05NCKT,喫茶店スカラ,1108,10,10079,179420,4,7,6,7,4,5,5,4,42
F689ECY7N,こま,P12ELLJEJ,こまサークル,378,2,10080,179330,4,4,1,2,1,1,3,3,19
6GJUG1IAX,diamor28,T045NDKW0,♬さやか愛好会♬,1218,12,10081,179240,8,7,6,9,7,9,7,9,62
OIO3F7YAX,FZ,AW470U964,ボッチ会,785,1,10082,179060,6,2,1,5,1,2,7,6,30
3LVL00134,澁谷あのん,AKF1PWWUL,やっぱかほこず♪,1176,8,10083,178970,5,7,6,6,8,9,7,10,58
1F1CV7NC2,美空ことり,B5U2PKR4P,めぐ党集会,298,0,10084,178880,2,2,2,1,2,2,4,3,18
1DOV8SUV9,ゼットン,XN2VEA6DN,無言,547,0,10085,178790,2,2,1,2,1,1,1,1,11
LJM5BV47M,きりんランドリー,0B8RTHY4D,のんびり屋さん,674,1,10086,178700,1,2,1,3,1,4,3,4,19
P88EYV66B,ヒイロ,8GAY2WBT6,(・8・),575,0,10087,178610,5,4,6,6,5,7,1,5,39
07TU74WAB,2代目四駆戦士,7B0W0EWVA,ソロの為の避難所,910,0,10087,178610,6,6,5,8,5,5,6,7,48
N6DG1BVCJ,のいあ,LLDLG20UU,UR取り隊,953,6,10089,178520,1,2,1,3,1,8,1,9,26
3ZJILZJ05,ほしみびと,1UGGUYD5K,孤独の要塞,1208,1,10090,178430,7,4,7,3,5,7,9,8,50
UJCJL1HXU,国木田山脈,KJU0BU77M,無言交流なし,273,0,10091,178340,5,2,9,4,1,8,1,9,39
J2OXR8SM2,ドガバキング,G6EH0KHT7,なんもわからん,899,3,10092,178250,4,4,4,10,6,4,6,8,46
YBBG3SHRJ,む〜ん,9VDEWVP01,瑠璃乃の集い,1109,5,10093,178160,7,4,6,8,5,7,6,8,51
CKP5TA5LL,ドミンゴ,NTDM30NB6,霊使いリンクラ部,1146,1,10093,178160,5,6,4,2,4,8,3,2,34
3B0G5IPDR,リコリス,6LJMPLM0V,蓮が大好きクラブ,1137,4,10095,178070,6,6,6,10,8,9,4,10,59
B2JNOFHWN,旧式ぐんそー,WPCVVD72F,ビーハイヴ,1319,16,10096,177980,3,4,4,5,6,8,10,10,50
HR51NWE3G,SSGゴッグ,WWWUTP96L,異次元からキマシ,1064,1,10097,177890,7,7,5,4,5,9,7,8,52
9GYJ9T831,あやめ,4LU50R56J,誰でもOK,184,0,10098,177800,1,3,3,3,1,1,1,1,14
BH2381NF3,ジェネシス,KC1W74B9B,蓮六園,1179,4,10098,177800,9,6,10,9,10,8,10,10,72
93BD81ABW,Hiro,2DYYAPFVN,蓮っ子村,847,0,10100,177710,6,4,5,5,5,8,5,6,44
39R44L0GG,くもも,1HTJVV59Y,仮,237,0,10101,177620,1,2,1,1,2,2,1,1,11
RU8D0LNL5,ツキワトミ,E7UBFLW56,同好会の同好会,108,0,10102,177530,10,6,8,5,5,6,3,1,44
1KVU1WXMJ,まろん,YADX9DY49,ﾊｽﾉｿﾗｰ,277,0,10102,177530,4,3,5,6,4,6,4,3,35
DKXPRFRGH,M3NB4L,GPKTRBCTT,騎空団蓮ノ空支部,943,0,10104,177440,2,2,1,2,1,1,1,3,13
21K7YPCJR,イトヨウ寺,E8EGT47GT,くるくるくるー,834,1,10105,177350,7,6,7,6,5,5,5,6,47
6XLM89XDB,ぽーやん,GN9EEL045,きらくに,1082,3,10106,177260,9,8,9,9,7,9,10,10,71
TJP32EF90,ヴァル,61UTNTRU1,初心者さん,305,0,10107,177170,2,2,1,2,1,4,4,4,20
NR1THXXYW,ハル,489T6K91X,金沢おでん,907,2,10108,177080,4,4,6,1,4,2,3,5,29
PA5AF2734,sofía,D7UA5ER1E,UR報酬欲しい！,172,0,10109,176990,8,7,8,6,6,6,5,5,51
Y48JVCBX5,わたうさぎ,X87KNX4N3,蓮ノ流星群,915,2,10110,176900,2,2,5,5,2,4,1,4,25
K3HBRPHYH,れん,C8A9CTB34,蓮ノ空山岡家部,430,0,10110,176900,1,2,4,10,2,9,4,1,33
2C4325M4B,ショウ,E5JKTW00K,蓮ノ空まったり部,141,0,10112,176810,5,5,4,8,1,5,1,3,32
DPVAKCBDX,ewicss,WX1DYC9Y1,ラナンキュラス,1141,2,10113,176720,5,6,4,8,2,7,7,7,46
03WT0G6T6,のっぺり,TM19BMU7C,ソロプレイヤーズ,200,0,10114,176630,10,8,8,4,6,9,7,8,60
FMRJMR9Y7,初心者です。,A8BJ5V3ET,はすのそら,946,0,10115,176540,5,4,4,4,7,7,4,7,42
XVOIL36I6,tori,LCH1TVXTJ,サークル名,935,0,10116,176450,1,2,10,5,1,7,7,10,43
B7FBPJUAK,TMANK TV,5W8RPRVUA,ド！ド！泥！,801,0,10117,176360,1,2,1,5,4,4,4,4,25
VEW1FCGD0,はる。,AND13836G,乙宗梢親衛隊,694,0,10118,176270,1,2,1,2,2,3,6,2,19
MPMLHEHPY,安房坊弁慶,E12PR824F,ゆるっと蓮ノ空,319,0,10119,176180,9,7,10,9,10,8,6,5,64
AA3M4FLUR,mariko08,WXKKXU0H0,無名,707,0,10120,176090,7,2,4,7,1,6,3,5,35
Y1YAVL10C,リック,FHAVBM2LV,ぼっち,542,0,10120,176090,5,4,6,5,4,7,7,8,46
RH8RKFMJU,藹緖(あいお),57CTUDYY0,サークル,268,0,10122,176000,4,3,1,5,3,2,5,6,29
AVWUDPSXF,まぐろ,XLX3R7HBT,自由さーくる,1059,2,10122,176000,7,4,5,10,5,7,7,9,54
DERUA8GMG,yosha,0UTVRAKFL,平穏無言,1097,12,10124,175910,7,7,7,10,5,8,7,8,59
ELNK7L98N,ノピ,1EL57CDR0,なんもわからん,839,2,10125,175820,2,10,2,7,1,5,8,8,43
1HO924SJF,ゆっち改,N45AC292K,蓮ノ空帰宅部,1114,3,10126,175730,8,5,5,9,5,9,8,8,57
PLMJV43FN,凪,RVNAHGBJF,(T ^ T),835,1,10127,175640,4,4,4,7,1,7,1,9,37
TAHW3OVC8,ゆたか,8ARWEB67F,蓮ノ空れぎゃ米部,997,0,10128,175460,1,3,1,2,1,6,9,8,31
7XC6AQUE6,あなたちゃんだよ,EKACCPWWB,タフノ空学院,915,1,10128,175460,4,2,5,2,5,6,8,5,37
0LV18MGWG,もな,MH6M1RMPT,♡♡,347,0,10130,175370,1,2,4,2,3,1,1,1,15
6PB15ZU4S,いちご波,9YG7C0VM7,綴理と無言で昼寝,645,1,10131,175280,1,2,1,2,1,1,1,3,12
TM9IG1I7B,ここヒロ,2LLNGYPU6,禁断のセカイ♡,894,3,10132,175190,6,5,8,6,4,10,7,9,55
SM78LOZDQ,ＳＭＸ,TMPBJWE3V,ラブライ部,1031,7,10133,175100,4,2,6,8,5,8,5,8,46
FFKYA5GWR,あまみるい,7RBMBBY88,瑠璃色金魚,771,5,10133,175100,4,3,7,4,2,2,1,1,24
6UL8VERF2,kaito,MG1G6F487,蓮ノ空無微課金部,877,4,10135,175010,1,2,1,2,1,1,2,1,11
M0K7NMT71,り,RKT7BC4F6,人形浄瑠璃乃,290,0,10136,174920,1,3,1,4,1,1,1,1,13
KKENBLUK2,吟子,MXRMXDY28,とし,527,1,10137,174740,2,3,1,9,1,4,1,1,22
HDPL1RHVY,D.木吉,H5UXKCM5F,鼓風　金沢支部,1116,0,10138,174560,7,4,5,8,5,5,4,7,45
D6D0Y3A08,あおいそうま,RBH0YM8P2,蓮ノ空ラーメン部,1118,5,10139,174470,8,8,8,10,5,8,5,5,57
NKEBKLRKA,ガルベス,5VBB4F8N2,灰色ペンギン,822,0,10140,174380,7,8,4,7,2,2,9,9,48
J7TK55QYF,スクフェス民,2BB5YVRFL,蓮好き好きクラブ,994,0,10141,174200,3,2,6,7,7,9,9,9,52
4TR3WYEVG,♩,AVY8PECF0,初心者の集い,143,0,10141,174200,3,7,7,7,3,4,5,4,40
N6GV7MNPV,あらまんたん②,A3X92L6YU,お試し用サークル,413,0,10143,174110,2,2,2,2,1,2,2,2,15
P90A6KVGC,AcerolA,D52G2F1HV,いな民リンクラ部,195,0,10144,173840,8,4,6,9,2,2,1,1,33
VJAMB0PTH,キャロル,T56X6LP0L,光の海,1205,8,10145,173750,6,4,5,4,5,5,9,7,45
AWWYJREFV,さくら,TB7GJ57D7,シャイニーフラワ,515,0,10146,173660,1,2,5,2,1,1,1,1,14
M3YE0N53F,一遍　智真,PPAHU1TNY,蓮ノ空のんびり部,1207,12,10147,173570,2,4,6,6,2,5,8,10,43
HHEVELX0U,ヨサノ,T2XRMGEAE,蓮根無言会,968,0,10147,173570,7,6,7,7,4,8,6,7,52
3PXZ6F356,753,WNA5GTJPP,蓮ノ空百合クラブ,1168,6,10149,173480,7,6,7,10,7,8,5,9,59
QACAH8V3J,あす,UCF93JAPM,スワンプマン,935,4,10150,173390,4,5,8,7,5,8,7,9,53
F6E68CG1L,うさぎ,762FM3JV4,一蓮托生,1001,0,10151,173300,2,4,5,8,8,9,7,9,52
0JMD40NBG,群馬のししゃも,LH2EJP7HF,あふたぬんてぃ,948,1,10151,173300,2,6,5,7,7,8,7,7,49
UVLHLQ6CZ,オバサンアイドル,6BFC4G5YG,蓮ノ空足湯同好会,933,1,10153,173210,1,4,5,8,5,8,8,5,44
MP92Y4A8E,クゥちぃ,1KDUBW4HB,めぐ党0番,556,0,10154,173120,8,9,8,7,6,9,1,7,55
XLH8YU9J2,さくらめゆう,KA3D805XV,綴理の寝顔守り隊,443,0,10155,173030,3,8,5,4,1,5,5,8,39
RNHW0AKRT,pupitar,0EL43A30P,こころのいろは,258,0,10155,173030,8,6,7,8,4,7,7,8,55
YQB6R10V6,てるお,YKKPVFTWB,蓮の空スククラ,637,0,10157,172940,6,4,5,1,1,5,1,1,24
HR4FKL0J3,中田久木,XJHATLDVB,さやかほ観測所,1044,3,10158,172760,7,7,7,8,5,7,8,8,57
DFVVT36FA,マカロン,RNJ306W6N,日曜日よりの使者,1027,9,10159,172670,4,6,7,8,4,9,5,8,51
P2B3LU8HK,午詩,AVX749PPB,姫芽ちゃん親衛隊,504,0,10159,172670,1,9,2,4,1,10,1,9,37
U33G1BU10,T.Y,C52VR77BJ,イベント参加用,235,0,10159,172670,7,10,4,7,3,2,6,7,46
FU8RFTFT1,かめぺろ,YVF1V2AH6,蓮ノ空全共闘,990,10,10162,172580,6,6,5,7,6,7,5,7,49
WU8RR5CNP,0701,YDYH4VRRP,レンクウ,504,0,10163,172400,6,3,2,4,1,4,3,3,26
877Y6VHVJ,がわ,YVF1V2AH6,蓮ノ空全共闘,926,2,10164,172310,2,9,2,10,5,5,2,8,43
RIVEFW6VZ,ちぃ,XNP3CHWM1,リンクラ愛好会,714,0,10165,172220,2,2,5,1,1,1,1,1,14
5SR324805,しゅが,N1DJVPGP8,いつでも咲けるよ,874,2,10166,172130,5,3,5,8,5,9,5,5,45
6O1A2UJ1F,ぷーれ,NFMEGRJ45,社畜無言サークル,1031,3,10167,172040,2,4,4,7,7,9,4,9,46
DG4D90AGP,RROO,X87KNX4N3,蓮ノ流星群,645,0,10168,171860,1,2,1,4,1,1,1,4,15
6YGRB1TYP,샛별,HB9AU9DJJ,聖心党,1216,13,10168,171860,9,8,10,9,7,10,8,10,71
C02L0G5LU,ルシ,WRX7XNV5M,Polaris,1030,5,10170,171770,7,4,7,9,4,1,4,10,46
EFB0PHVQ8,武御雷,UVN7G4X3A,闇のルビィ団,1093,7,10171,171680,1,5,5,9,7,9,4,9,49
723EU6TA7,あんちょび,GVNKNN878,Aqours,458,0,10172,171590,1,2,1,2,1,1,1,1,10
U0VOZEPHM,ナリトモ,G0J2F9NAL,さやさやさーくる,982,1,10173,171500,1,2,4,2,5,4,10,8,36
U8ONCXA82,aki,GK7JNB0NW,参加賞取り隊,650,0,10174,171410,4,6,4,8,4,5,4,5,40
MPEG54T0R,RYO,3WVU6L4B8,明日ノ空,1030,6,10175,171230,1,4,6,1,1,6,2,5,26
M448T2FOD,ユウイチ,J4R8W2ERA,ゆ,890,0,10175,171230,6,5,7,8,4,8,4,8,50
NPDBR79GT,たまごサンド,TTN2V0W5L,ひとり,879,1,10177,171050,5,4,4,4,4,5,5,5,36
3VBVN8WDH,Meaw252,J80MEYHBC,Nymphaea,843,0,10178,170960,4,6,7,4,4,7,5,7,44
SDMNWWSOT,yuriyan,60KU468X3,はっすーず,888,0,10178,170960,6,4,4,4,5,4,2,5,34
7LE0ZFYAS,のどか,W0L71MBKT,百合ノ花園同好会,1095,2,10180,170870,4,7,8,5,7,8,7,8,54
4A7VDMNPW,ルキヤ,2JK7E4115,ラ！推し,927,3,10181,170780,4,4,5,6,1,4,6,1,31
1K49L3H2X,がんも,0JY7F3EKU,さやか愛でる会,751,1,10182,170690,2,2,4,2,6,1,4,1,22
PKC5XVXY9,ちっち,NMRKHYYRM,ご自由にどうぞ,240,0,10183,170600,5,4,4,3,8,4,8,6,42
JV1VLJ0N6,ゆにぽん,4URND90YY,参加賞狙い,728,0,10183,170600,5,4,8,4,5,5,5,7,43
M6LB50ARH,イワナ,3A63DYH54,LLすこすこ部,963,2,10185,170510,4,4,5,4,5,8,4,6,40
T64LIXM9K,にこ式,4XRHRYDW4,無言でエンジョイ,1014,2,10186,170420,7,7,6,7,4,7,7,6,51
50O4H8W9S,Delia,YABXAFRG0,ハナタバウリバ,1023,5,10187,170330,5,6,8,8,6,8,5,7,53
FKXBX9AK8,びわこちゃん可愛,P6GP69T18,居酒屋けんちゃん,1171,8,10188,170240,5,4,7,10,6,7,8,6,53
U4SO0TU4D,hhh,E1HVJ71JR,ご自由にどうぞ,811,2,10189,170150,8,4,5,7,4,7,3,7,45
44P4GNHF6,そねやん,RWDWD9PP6,乙宗家の屋敷妖精,764,2,10189,170150,7,4,6,4,5,5,8,7,46
WOXC1M5Z5,タオグピ,639NXLKJ5,Lotusky,1105,0,10191,170060,8,6,6,6,7,8,8,10,59
R6C237UDU,トモコ,R083H7WRN,サークル無言,845,2,10192,169880,2,2,5,4,7,9,4,8,41
JI7TM2QQB,Ikeyo4,414CEUPEH,アフター見よう！,1012,0,10193,169790,9,2,7,4,5,5,4,10,46
6XFSFWOG6,さく,6UAFKBRPN,リンクラ初心者部,600,0,10194,169700,1,3,1,5,2,2,4,1,19
XELMLP40D,ゆき,WLBYGHXPD,大天使村野さやか,1035,2,10195,169610,6,7,5,4,1,7,7,9,46
42WOOXD1S,マサキ,K0ATKT27L,中川左遷先,671,4,10196,169520,4,2,5,2,2,3,3,3,24
TWA9A5JCD,gdgd,L9MR6PF86,猫の惑星,789,2,10197,169430,6,6,7,10,1,5,3,5,43
DN7L673WU,混桜,97BGFLKW9,◯◯◯,241,0,10197,169430,7,3,8,9,1,10,4,7,49
0JWH8AXH7,桔梗,KXEME076E,つづさや親衛隊,213,0,10199,169340,6,7,4,6,4,5,4,3,39
9R13E2FB9,サクラギ,NLTAB4BLF,蓮ノ空ゆる活動部,1127,3,10200,169250,7,6,7,8,5,7,6,7,53
VM8V5D290,ゆーきん,TJ1NHTU3V,自分用,1248,2,10200,169250,9,8,9,6,5,10,7,9,63
JS51UO64F,yasu,4WECUYXVN,得意になる途中,1016,0,10202,169160,7,6,5,7,4,8,5,7,49
31XG43TME,デュオ,F90XW14UP,のんびりプレイ,257,0,10203,169070,10,5,3,6,3,4,3,4,38
6RGDPC00N,らび@,4URND90YY,参加賞狙い,640,2,10203,169070,7,5,5,7,1,1,1,5,32
M64XC71EV,Usagi,X19MP0NTT,蓮之空河豚养殖場,735,0,10205,168980,5,4,1,4,1,5,1,5,26
BJV7YFKVT,はっけ,WPG6BCG83,基本無言,474,0,10206,168890,8,3,9,8,1,6,5,5,45
B3482PBTW,かぼちゃ,LETV4C1KG,無言の行,180,0,10207,168800,2,3,3,5,2,4,1,7,27
EFLCPWDNU,挙動,4P8K142RX,初心者,103,0,10207,168800,10,8,6,4,4,6,4,4,46
ZK1BELVR9,ルサス,3LUL3WR8Y,零組,765,1,10209,168710,1,2,2,2,1,2,1,2,13
YCJ90J4XT,トンヌライブ！,ABE9WNN3J,トンヌラ同好会,491,1,10210,168620,2,2,4,3,1,1,5,3,21
MFUS0Q0MP,しゅう,AND13836G,乙宗梢親衛隊,822,2,10211,168530,4,6,7,8,4,7,4,6,46
GX151R0MG,しょぴょん,NWF38B4JR,柳田です,135,0,10212,168440,7,7,7,3,2,5,5,8,44
UUR1U5TR4,めー,75UJ5RB97,蓮ノ空雪野球部,764,0,10213,168350,2,2,1,3,2,1,1,1,13
JD2RA4NHM,ちゃき,M4E1LX8B8,こずかほ〜,1017,3,10214,168170,1,2,7,7,7,9,8,10,51
FCU9B4LR7,かずちゃん,U57VPUTEE,ゆったりクラブ,292,0,10215,168080,3,3,4,4,1,1,1,1,18
VXJT4K3XX,空色,G85JUBW1R,緩りと,748,0,10216,167990,5,2,2,3,7,2,1,4,26
G1DM8FX3M,41,CCACL2CMM,無限城,225,0,10217,167900,4,5,4,6,1,3,3,6,32
MHBM31877,ツナマヨ症候群,VLY5JDKCV,新規なのだけれど,879,2,10217,167900,1,2,5,8,1,1,4,5,27
CUM3PXYJ0,sayaka,74HPWML1R,VALORANT,358,1,10219,167810,4,10,4,3,1,1,1,1,25
MMEJWR0X4,Anson128,6D49YVAT7,ユニット愛で隊,1206,8,10220,167720,2,2,2,6,5,8,8,6,39
9EEKX7DAC,凛,F2M746D4B,頑張らないクラブ,1169,10,10221,167630,9,8,9,9,6,9,8,8,66
98A02HG2A,しのた,2BB5YVRFL,蓮好き好きクラブ,1054,11,10222,167540,9,2,4,10,2,7,1,2,37
V0XUZM717,ケンケン321,ULUELCJ7T,なるようになる？,1048,3,10222,167540,6,5,6,7,5,9,8,9,55
X1R6CY22X,TAKUYA,BPG4D3VMA,不明,376,2,10224,167450,2,3,2,2,1,5,1,1,17
JL253W4NX,よーそー,M8FM7P139,蓮ノ空ひとり旅部,897,0,10225,167360,4,2,1,7,5,1,7,4,31
VCLPYY812,おに,ELTW62751,安全バーは君の腕,741,0,10226,167270,1,2,1,2,5,1,7,1,20
BU499ADJM,聖柚枝,BE349FEW8,いい声の蓮ノ空会,1130,9,10226,167270,5,4,8,9,4,7,1,6,44
0G32VNRFC,こまいぬ,GVNKNN878,Aqours,744,0,10228,167180,6,4,5,4,5,4,1,1,30
PP3IHULLV,悠凪,TM6TEWJJ8,あくありうむ,832,0,10229,167000,4,3,5,5,6,4,7,7,41
0S5R5Z0CY,通風が辛い,UX96YX4T1,『位置について』,1157,11,10230,166910,7,8,4,6,5,8,3,10,51
4B7CEI01C,ななないす,N94LEWF2D,無言よわよわの会,1290,15,10231,166820,6,6,10,9,6,8,10,10,65
5GDKME4TB,澄秋,6BFC4G5YG,蓮ノ空足湯同好会,906,10,10232,166730,4,9,2,10,4,10,1,6,46
TJA44G7WH,ペロペロ134,8VTJCPM0T,レッドショルダー,985,0,10232,166730,1,4,5,4,7,9,5,9,44
L6RV4W5U8,shion_紫苑,61UTNTRU1,初心者さん,797,0,10234,166640,1,2,7,6,5,5,8,8,42
FU57PUZL1,K,976BY5JWK,ハルカカナタ,593,0,10235,166550,4,2,6,2,2,1,1,4,22
3YLYSR5IA,ゆうぽよ,E050K9859,蓮党,287,0,10236,166460,2,2,2,2,1,1,1,1,12
D1SB9N1KM,KuKu,YD2XWWFA4,蓮好き好きクラブ,855,3,10237,166370,2,2,1,2,1,4,4,5,21
AWY4HTNBB,すぎ,AW470U964,ボッチ会,855,0,10238,166280,8,8,7,5,6,9,4,6,53
74U79Z6PN,マルディーニ,GLP0WPDRM,イベント用の泥,831,1,10239,166100,7,4,4,9,4,8,6,7,49
5AL3MY20R,LフューチャーT,KXMXL2KRX,超初心者,480,0,10239,166100,6,6,6,5,6,5,1,4,39
9293TQH66,nanamin_,PHLRY3XRP,とりあえずやろう,564,0,10241,166010,2,2,1,9,1,2,1,10,28
XHNPRC128,眠太郎,83TGL8UMJ,しゅうまつクラブ,890,2,10242,165920,2,2,2,2,1,1,1,1,12
RM9HBNEJU,さよ,W3F0URUJC,梢先輩応援団,856,0,10243,165830,7,7,5,6,5,8,5,7,50
7UFMAUYT6,ゆう*,E58EXVMJU,ボクがんばる。,1131,5,10243,165830,8,7,8,8,8,9,8,10,66
T61I10GX7,まこと,FFEFNVBD1,AZUNAランド,854,2,10245,165740,2,7,8,10,7,7,1,10,52
JGL2WYG3B,むよむよ,CY02L6P79,ほ,994,2,10246,165650,4,7,4,6,2,2,10,10,45
GCXJ4RFPJ,たかくら,4RNUXBXGL,みらぱ最推し,322,0,10247,165560,3,3,5,3,1,4,2,4,25
ML1H39HKT,ねぎだこ,WLBYGHXPD,大天使村野さやか,214,0,10248,165470,4,4,10,5,5,4,5,5,42
A84P3LJRC,瑞穂,RM7N1JDB5,無言推奨不干渉会,898,3,10248,165470,5,4,1,2,4,5,7,8,36
L9BXVJP0P,うるし,GVNKNN878,Aqours,825,1,10250,165380,2,9,4,5,4,9,1,1,35
H9PE4A36U,エイス,HBD61R6WC,梢先輩すきすき部,945,0,10251,165290,8,6,7,9,5,8,7,8,58
G0MEALVG9,紅かえつ,W3UUXHMDV,水彩ブーケ,1012,1,10252,165200,2,3,4,5,1,2,1,2,20
D5JN6V7R7,チェック,9U8KNU6U9,対抗戦用,742,1,10253,165110,7,5,8,4,4,10,1,1,40
O3LU2ZG23,ヒロヒロ37,TXNCTRR1U,瑠璃乃推し隊,1094,2,10254,165020,5,3,3,8,5,5,5,7,41
BT6QEZRZ8,tachin,K06JT355N,明日ノ空,888,2,10255,164930,4,3,5,7,4,8,5,8,44
TNVML19MF,lzx,BEMED3RY1,無言無課金ok,295,0,10256,164840,5,3,3,5,2,4,1,1,24
6CYK4V711,μ’ｚ,9D1P6AXUR,link-er,623,0,10257,164750,1,4,3,7,5,10,10,7,47
SR2DK4X6Y,マーステル,6HV2RH6TU,イベント用、無言,1082,1,10258,164660,8,7,6,6,5,7,6,8,53
FF12877C0,ろーる,XYRA2MND0,蓮ノ空ゆっくり,316,1,10259,164570,2,3,10,5,10,4,1,10,45
JUVTP3KYW,アオ,WLBYGHXPD,大天使村野さやか,825,0,10260,164480,7,6,4,6,5,7,5,7,47
MNHOG5Q1T,めたP,C68491XHB,みらくらぽーく！,1056,8,10261,164390,7,4,6,6,5,7,5,5,45
RAQCB7EG5,リーニャ,YVFP54NA2,無言OK！,585,2,10262,164300,2,4,6,2,2,2,4,1,23
VMK0MWFY9,なな,A86FEX2JC,おやさいさん,802,0,10262,164300,7,4,8,5,7,8,5,7,51
DMJ3B9TRP,招き子猫,57UT319NN,蓮ノ空同好会,540,0,10264,164210,1,2,1,5,5,4,1,5,24
WWGC72B79,ルージェ,YGCT70FH6,ソロなサークル,465,0,10265,164120,4,6,6,8,7,7,6,5,49
DM302KH8H,たぬき,G89BFNPFC,牧場,240,0,10266,164030,5,7,8,6,6,7,7,8,54
08P5GE82Y,せお,W9G7A5E34,泥沼,739,0,10267,163940,3,1,2,2,2,1,4,4,19
8CC4G6C7W,まこ,54UAWUBHN,リンクラスキ♡,220,0,10268,163850,3,3,3,4,3,2,4,4,26
DDNAV94LA,DGriphon,A73H7ENN2,エロマンガ同好会,469,2,10269,163760,5,4,6,6,9,5,4,2,41
EBH243JX0,よしまる,M4YY7PV0G,ブルーロータス,1151,10,10270,163670,4,4,5,4,10,7,5,4,43
J7YF18YE1,シュン,G89DFNRD4,シュンのサークル,809,2,10271,163580,6,5,8,4,5,5,5,8,46
82X7CD8GF,たか,80VRCG1BY,みらぱ同好会,287,1,10272,163490,4,2,5,3,1,1,3,8,27
BRJ99XJJM,ぴぐー,NMRKHYYRM,ご自由にどうぞ,341,0,10273,163400,6,5,5,9,4,6,7,7,49
X6X8GYKXD,めろんルビイ,BXHG2KXAD,idol.st,833,4,10274,163310,2,4,6,4,4,7,5,7,39
ROX6LNA91,対応部材@PN2,BW38LDPRF,蓮浦の星空,891,0,10274,163310,5,2,3,8,4,7,6,7,42
EYAR13UCV,こてつ,4URND90YY,参加賞狙い,425,0,10276,163220,3,2,1,2,1,1,4,1,15
351RD95LX,Shiburin,WLLWJ8ADP,乙宗筋肉サークル,865,2,10277,163130,1,4,6,5,8,7,5,4,40
6YDR246UM,ナメコ21,4RNUXBXGL,みらぱ最推し,351,0,10278,163040,7,4,7,8,4,8,4,5,47
GSPYPR01J,ダイン,LNP25PRBF,アイラ•ムー,1002,2,10279,162950,2,6,7,5,6,8,8,8,50
R4RANSWXE,ほもっち,0LNYFG35X,メカりきゃこ,841,2,10280,162860,2,4,9,8,6,7,7,10,53
I1PC58B99,ムーラン,NDGW77R2V,こず花帆尊い,1207,5,10281,162770,5,5,7,7,4,7,5,8,48
FRS3Y8709,黒澤ダイヤ,NMFBD39FM,蓮ノ空分室,821,2,10281,162770,4,4,1,4,2,5,1,6,27
9K0E6DLAV,u,H1G4CDT6C,無言自由,1134,6,10283,162590,9,7,9,6,6,8,10,10,65
R1PYF2E05,しなっぽん,43AJ7FFV0,みらくら部,749,4,10284,162500,1,4,7,4,3,9,2,9,39
635AANU2G,Feral,ETAMCYHME,蓮ノ空お昼寝部,740,2,10284,162500,8,10,2,4,1,6,4,1,36
LPHMIH2TR,柊かがみ,DKNHY5HH6,なす料理研究会,1229,12,10286,162410,7,7,7,10,8,10,8,10,67
BRR04P5C3,ことしゅ,ABU58EVJ2,Quatuor,559,0,10287,162320,3,4,10,4,7,3,9,10,50
477P1WCXV,海曜雫香,XXMU9WLKB,梢の機械さん,989,2,10288,162140,5,6,4,6,7,9,6,7,50
B5Y97YKXB,AI,CP5JE6KFV,コイコイクラブ,855,0,10289,162050,7,4,5,5,4,5,5,5,40
AS87CJDH7,たまぞー,ELTW62751,安全バーは君の腕,684,1,10290,161960,1,1,4,2,1,1,4,2,16
W8AAFKAV6,アナーDレイ,YVV9CMBLW,東京公演で沼落ち,713,0,10291,161870,1,6,4,2,1,1,5,1,21
PB7F316HB,Nyu,XVTV7MVCX,雪月花,111,0,10291,161870,3,5,3,4,2,4,4,3,28
VDKGAHFBP,りみっつ,BH9YH1YL5,ラブライバーの森,1110,6,10293,161780,2,2,3,2,4,4,1,1,19
W8IFKWYUQ,長官,865UE9UC6,蓮ノ空うどん部,949,2,10294,161600,5,6,8,7,4,5,4,7,46
NONT2BJE5,うがじん,H5MEVB5ET,機械さん,1087,8,10295,161510,6,4,8,8,5,7,5,7,50
TTA82YMN6,yu,MWHJ339TF,葉山エターナル,299,1,10295,161510,7,7,5,6,5,3,5,5,43
NN9R9R8WV,ぽんぽこたこぬ,ETA39VRY0,△○仮,643,2,10297,161330,5,2,5,5,4,4,4,4,33
V1TPPBGC3,Top_Tail,A86FEX2JC,おやさいさん,593,2,10298,161240,1,2,4,2,1,1,3,3,17
315C1B3W9,桐生二馬,H6WUKUGM4,東成会,468,1,10298,161240,3,10,4,2,1,6,7,5,38
4HKDFT9RY,おつ,8WAXGK70P,CANARiA,798,0,10300,161150,1,6,6,9,5,5,1,8,41
WF7KR93DB,諸葛亮フリーダム,JWJ1UK0RC,猿ノ空男学院,1088,2,10301,161060,4,4,6,7,7,10,6,8,52
T68B6KGHT,テンテン,XN2VEA6DN,無言,945,4,10302,160790,6,5,7,7,5,8,4,5,47
RX91CEW1C,あまみ,MWHJ339TF,葉山エターナル,805,0,10302,160790,4,6,6,8,5,5,6,9,49
GW6EQPO4Q,星咲りんご,1F5EPPMLD,UR貰えればいい,1118,7,10304,160610,6,5,4,9,6,7,1,5,43
XNV73PNXH,霜,XXVVJY6FE,はぴぱれ,200,0,10305,160520,2,4,1,4,1,1,1,1,15
BXRDGYHB6,きょすう,3TC9WAF9D,Solairis,791,3,10306,160430,10,2,4,2,10,9,6,2,45
CMJGBA0VP,フェルナンド翔平,8YNHW7530,虹ヶ咲、蓮ノ空,827,2,10307,160340,9,7,7,5,2,8,2,8,48
6666R8RP2,ぺー,FHN78V2DJ,無言でどうぞ,1034,0,10307,160340,7,6,6,7,5,8,5,5,49
WYJNFFTXE,☆HAYATO☆,X0TFG829Y,ボクのおうち,625,1,10309,160160,2,3,2,5,1,5,3,1,22
M1XYM2UGL,弊,FTM3JB79M,初,912,0,10310,160070,7,6,5,5,5,7,4,7,46
2G67AO859,だいすけんた,A73H7ENN2,エロマンガ同好会,997,1,10311,159890,9,9,6,7,7,7,5,9,59
RVF5RVSCW,いっちゃん,PD80VCP5N,虹ヶ咲学園,1032,3,10311,159890,4,4,4,5,5,8,1,6,37
8M3DODEVR,フォロ,HBCC35887,そりゃー!!!,884,8,10313,159800,1,5,9,10,1,1,1,8,36
K1DBZFTTD,とも,GW4CH70HK,TKG同好会,1012,0,10314,159620,7,7,7,7,1,7,5,7,48
BDL8HTVKW,あんな,4URND90YY,参加賞狙い,453,0,10315,159530,1,5,4,4,5,4,1,1,25
Z6GI43YIR,夏の回憶,57UT319NN,蓮ノ空同好会,607,0,10316,159440,8,7,7,4,5,4,6,8,49
2T5G00AHU,りょう,TR057C1UW,蓮ノ空ぼっち部,249,0,10316,159440,2,4,1,2,1,1,2,1,14
DLAWBQYQZ,WAD,AE3L01V24,LOVE蓮ノ空,1110,10,10318,159350,8,7,6,10,7,8,7,9,62
6ZB2VS553,うたは,T48KV9EP2,無言ぱーく,1210,15,10319,159170,5,7,7,7,5,7,10,10,58
WRQOR4H0V,Rino,9DKR4Y2CJ,蓮ノ空老人会,1007,7,10320,159080,4,4,6,7,4,7,4,5,41
NJNBUTF6K,ゆーき,9E910GGD2,蓮ノ空給湯室,750,2,10320,159080,1,2,1,2,1,1,1,1,10
2H0NJGC4P,孫悟空,6C8CNRHMU,なんでもヨシッ！,828,2,10322,158990,6,4,6,4,5,8,6,6,45
KKBZAU513,2ndaid,T045NDKW0,♬さやか愛好会♬,1013,1,10323,158900,8,6,3,9,2,6,1,6,41
R7O1K15D0,花瑠,C021HVB2B,第3芸能科,374,0,10324,158810,4,3,10,6,5,9,4,6,47
ETJMKEAYU,Leafkey,9AYD3XJ2D,ぺんぎん隊,878,0,10325,158720,1,4,5,7,7,7,9,9,49
4MNEWG4SF,ヴェス,95TAREFPT,ご自由にどうぞ,953,5,10326,158630,7,7,7,7,10,9,9,10,66
HBGM0C9KX,崇,C003CD1RW,☆蓮ノ空クラブ☆,1264,3,10327,158540,9,7,7,7,7,9,8,10,64
7E2GD1HM5,ありち,G0WRCNRWK,県立沢庵図書館,128,0,10327,158540,7,10,8,4,5,7,4,9,54
8CA30E1E6,木蓮,EEP20F2M8,綴理の綴り,988,3,10329,158450,4,4,5,8,4,9,5,8,47
CCG86YFX4,K,6KUYCDLGR,かよちんは宇宙,1012,0,10330,158360,6,5,8,7,5,7,7,8,53
UW33FBF90,ディ・マリア,J0PT5EX42,スクスタモ部,336,0,10331,158270,9,8,8,10,1,10,9,4,59
CNZEDC8BA,ながない,CW0FRHFXB,いながな,1026,6,10332,158180,8,4,5,7,4,8,9,10,55
73ZGDEDLF,藤丸侑,EEP20F2M8,綴理の綴り,1181,9,10332,158180,7,6,5,8,5,8,5,7,51
BV0VQAFLC,はなめぐ,43HRXMXWA,無言OKクラブ,930,0,10334,158090,7,4,4,8,5,7,4,7,46
GVVC00VXN,果汁_KANYO,1G89KTD5X,サークルひとり,422,0,10335,158000,2,2,5,6,2,3,7,3,30
PX449N4TE,catford,4NFMU2WME,好きだかんな？,945,4,10336,157910,7,5,6,8,6,8,6,7,53
DEJYCYOD8,ぼー,DYA2LK0KK,ろーたすぺたる,174,0,10337,157820,1,2,2,2,1,1,1,1,11
ZMKFOEGAJ,タコわさ足,PHLRY3XRP,とりあえずやろう,1086,4,10338,157730,6,7,8,5,8,9,7,9,59
WNRXC6RAU,やまびこ,XE8513HNP,喫茶カワウ空✨,341,0,10339,157640,3,3,2,2,1,4,3,2,20
1OMCJE5KB,ウォータ,X77KULPCG,鼓門(仮),840,3,10340,157550,2,2,4,5,4,4,3,6,30
8DU56JVW1,ぴろり,4BU2PJLC1,Sky,285,0,10341,157460,8,2,4,4,8,10,10,10,56
OZ24LHJ5Z,Rui,DULFP3TRN,めぐ党員の部屋,900,2,10342,157370,4,1,8,4,4,1,4,5,31
B4HMKJHL2,こすもす,VK5AU7U2U,蓮アフタークラブ,906,2,10343,157280,1,2,7,8,5,1,5,8,37
SDCHL7K7E,soRa,UFAC8AXJG,朝食はごはん派,918,2,10344,157190,8,2,2,1,6,8,4,8,39
7BG9R6LUW,わたなべ,18YYNRFGA,LotusSky,995,5,10345,157010,3,4,3,7,5,5,9,5,41
CG9FLTDP6,能登,GEAEAE83C,刀使ノ巫女,718,2,10345,157010,4,5,5,8,4,10,9,8,53
MN33Z30BI,Ina,FMKP92LRL,目が霞む人達,1039,4,10347,156920,4,2,1,7,4,5,1,4,28
S1JV5N6YK,たんご,B3N8G5EKL,リンクラトゥーン,749,0,10348,156830,1,4,8,7,1,5,6,4,36
M0428U78W,とー,DFWX0K8J9,さくらから蓮,1035,0,10349,156740,7,7,7,8,6,9,7,8,59
YOHSBAKGK,まめお,HWMV33W7Y,フラワー泥民館,987,4,10349,156740,5,4,4,7,5,8,7,7,47
UMBKH85BF,りりくろ,U8GLCJVJP,コミュ障用誰でも,637,0,10351,156650,2,2,2,2,1,5,4,7,25
6GWECHY9V,もっちゃん,LJNCAEVAP,蓮ノ空さやか研,341,0,10352,156560,10,10,10,10,6,9,6,10,71
WCHNAZFHU,sus303,EX5LY4JRC,ハス,1034,4,10353,156470,6,5,6,7,7,8,6,6,51
I5O3K2T3T,えびどりあ,YR9G4KUPH,気まぐれ部,1099,1,10354,156290,7,6,4,8,5,8,5,7,50
A5FORB7VG,流浪な88年生,LJNCAEVAP,蓮ノ空さやか研,1104,5,10355,156200,6,4,6,7,7,9,7,9,55
0ZKSYGD93,うー太郎,XN2VEA6DN,無言,983,0,10356,156110,6,6,5,4,4,7,7,7,46
VJ1R93MCD,マーレ,3KJT6LNX8,花帆♡♡クラブ,564,1,10356,156110,2,1,1,1,1,1,1,1,9
UI9NHWZ4V,みさきの,9AYD3XJ2D,ぺんぎん隊,1104,2,10358,156020,6,7,1,6,4,9,6,7,46
V3U6YMADL,P-MAN,WPG6BCG83,基本無言,973,4,10359,155930,7,6,7,10,7,9,4,7,57
IAISIVHFR,EBIOS,6YTAMD33M,リリエンフェル党,1243,2,10360,155840,7,6,5,8,6,8,8,9,57
6MM5VH5ER,bera,XA0XD41CM,ぼっちぼっち,485,0,10360,155840,8,6,5,8,5,8,6,8,54
MWJ1DJ4U3,makura,9C2FC74H2,overseas,910,4,10362,155750,1,2,5,10,5,9,4,7,43
DMR4XJE9G,かまけん,8TNGLVAHN,北の辱め,955,6,10363,155660,8,5,7,9,5,6,1,9,50
JMNGYA6A4,venus,DFXEH0E0B,香港の初心者♪,386,2,10363,155660,3,2,1,4,1,2,1,4,18
Y4VE9UTA9,ぱ,213NH0DMR,ディズニーランド,1151,0,10365,155570,2,2,3,4,1,1,5,1,19
DRPP6UJMR,ロサ 子 ロI,VA6X5YNNF,スリーズ分家,1044,3,10366,155480,5,4,5,8,4,7,5,7,45
1E7KNYNFK,ユメノオコメ,RE4M8FCJ8,おにぎり,873,0,10367,155390,5,4,6,8,5,7,4,7,46
9BWM3L1MJ,GOTTU,36DAM7HBL,蓮隠れノ里,902,0,10368,155300,6,4,4,4,5,1,4,7,35
JA1LGOYWL,あさがおー,CW8RB7869,鯖の味噌煮定食,977,3,10369,155210,4,4,8,8,5,7,4,7,47
K1TW98366,ぴた,424NLTEE8,無言な異次元部屋,1010,0,10370,155120,7,6,6,6,4,10,5,10,54
HB1EW6AJH,まごろく,9RYR14H9L,ソロマターリ,989,5,10371,154940,2,2,4,2,5,10,10,9,44
A0Q09EPO1,sara,3RH5MYBXV,こずめぐ党,892,4,10371,154940,9,6,2,8,1,5,1,5,37
4E6C1NLK3,ゆる,9147HWMAR,誰でも大好き,1037,5,10373,154850,1,5,4,8,7,4,8,8,45
HLZN1JOBH,しもんきん,58FD7UF8J,としとしサークル,964,4,10374,154760,1,4,5,8,10,9,10,10,57
YPT4B02N2,フィーナ,WN3LHKX0L,レンコンおいしい,914,0,10375,154580,5,4,6,6,5,7,4,1,38
KP9VHU309,ユウウツ,M4D0VP1XT,蓮ノ空痛車部,701,1,10376,154490,7,4,10,10,7,5,5,1,49
GN2C7CE7G,夜凪,976BY5JWK,ハルカカナタ,477,2,10377,154310,7,4,7,6,4,5,6,4,43
0EED2XKGN,きゃん,2K5AM4RV0,とろぺりです,690,0,10378,154220,2,2,1,2,1,1,1,5,15
JEJ9AFCBB,shige,2AUM7L9BW,蓮初心者クラブ,730,1,10379,154130,5,2,3,6,1,5,1,5,28
TG7XB22VK,ライチュウ,DY28U1W39,限界オタク,834,0,10380,154040,4,2,1,1,4,4,1,1,18
SCYSC40V3,Taku,28KG8VAG2,カゼノタテゴト,305,0,10380,154040,3,2,4,4,2,4,3,5,27
B7G70HIEL,chappie,M61FLLUT4,泥中ノ蓮,815,0,10382,153950,4,6,6,5,5,5,4,5,40
ET9AFXDJR,二葉さな,5GPNC2L1X,Vsinger,221,0,10383,153860,4,4,1,5,1,2,4,3,24
FXL12KMM1,hurray,H6JWBBGCG,蓮天・乙宗一心流,669,0,10384,153770,5,5,1,5,5,2,1,5,29
B7FVUGKDN,もちこ,KJU0BU77M,無言交流なし,847,4,10385,153680,6,7,9,8,3,7,8,5,53
LLE02YP33,朱莉,7NFK6A4AN,だらけ屋本舗,939,4,10386,153590,10,6,6,10,1,6,6,2,47
4M5REB9XU,星綺,K2L5DCVNR,REAL,568,2,10387,153500,1,1,1,3,1,1,1,1,10
UDCBB3I6I,ゆうやん♪,321FF56TK,リンクラ芸楽部,990,6,10388,153410,4,4,6,10,5,7,4,8,48
17D5N3V2M,40ZORA,UPUVA9UT3,酒ーくる,688,0,10389,153320,7,6,6,1,4,7,4,5,40
73GWZADA2,おはぎ,X0WB1EP9G,つぶあんおはぎ,1068,2,10390,153230,8,7,7,5,5,7,5,8,52
722NMG3UC,ハクノン,MUXWTW1GV,蓮の空見守り隊,252,0,10391,153140,2,2,1,4,1,1,3,1,15
L1HTRXTBG,うげうげさん,6E27A15ER,蓮ノ空自由クラブ,363,0,10391,153140,3,4,2,6,9,2,5,4,35
AH0XVK2NV,うみさん,B6KWXGHWH,蓮ノ空SIFC,1113,5,10393,153050,7,7,5,8,5,9,7,8,56
Y5C8UW2YN,masa,E719GTAYV,めぐ待機室,1064,4,10393,153050,5,4,5,5,4,7,5,8,43
4719THCA7,邪王真眼,AVY8PECF0,初心者の集い,323,0,10395,152960,2,6,8,3,1,2,5,3,30
PXCGH6BJR,望月景,GGTRXNKX4,オルケストラ,878,1,10396,152870,4,4,8,5,5,6,5,7,44
4CH709R4D,みるっひ,9C0KWR782,まったリンクラ,313,0,10397,152780,5,4,4,7,5,8,5,9,47
C4T6PFJB8,さひろ,73CBYJYB0,"oNM,",1105,13,10397,152780,9,6,5,5,6,9,9,10,59
60E12G8AM,はるすけ,E0JM59N1E,花咲梢,277,0,10399,152690,7,7,6,6,5,7,7,7,52
MPS4QJI37,ハンメル,HPFGWGK6N,蓮ノ空デュエル部,1244,10,10400,152600,8,6,6,8,7,7,8,9,59
L1V92L78V,きはる,YVV9CMBLW,東京公演で沼落ち,878,2,10401,152420,1,6,7,7,8,8,6,9,52
940RT5GG3,天狗隊長,JD1PFYJWE,瑞蓮隊(無言OK,1023,4,10402,152330,4,2,5,10,5,5,10,9,50
CR3LMVT1M,ユウ,8AT7V1C7L,初心者です,183,0,10403,152240,1,5,2,3,2,2,4,3,22
NPYWGN4KK,サクラたまご,KJU0BU77M,無言交流なし,994,4,10403,152240,1,2,4,6,2,8,5,5,33
M41GU17EN,ポークピック,6BFC4G5YG,蓮ノ空足湯同好会,299,1,10403,152240,1,2,2,4,1,1,1,3,15
D066M2TMI,はちみっつ,0CBM28JP6,ほうき星,960,5,10406,152150,3,6,2,4,1,8,10,6,40
AM835EPFG,Midori,M5P5T4TX3,のんびりリンクラ,1007,0,10407,152060,6,3,5,10,6,5,1,8,44
G5JYUEGF3,あきたか,T2XRMGEAE,蓮根無言会,625,0,10408,151970,2,2,1,2,1,1,1,1,11
T7KW29LHM,ソロックリオ,HB9AU9DJJ,聖心党,1256,0,10409,151880,8,7,7,6,5,9,5,8,55
OVHHRZW3X,まぐろ,3FX6FXA5T,さかばんばすぴす,938,4,10410,151790,2,4,3,7,7,2,1,1,27
BASM7ID1K,普賢,NTRNXXKX6,ハナマルの世界,660,0,10411,151700,1,2,4,6,6,5,3,8,35
KFH3JUUBA,りんたろう,C68491XHB,みらくらぽーく！,98,0,10412,151610,7,10,4,5,5,4,1,2,38
GLWY6MYPK,ソウルミルク,5JJKPNN2W,めぐ党韓国支部,806,0,10412,151610,1,3,4,5,6,6,4,4,33
7TGPVJ4AA,ボンズ,VXF8P7NDC,どんぐり。,926,4,10414,151520,3,7,5,6,8,10,4,9,52
7VN9YEEN4,葉月ニナ,KBJ2P8T0Y,人見知りの集い,1027,7,10415,151430,1,4,4,4,8,9,4,8,42
LVA3K73YO,るちゃた,G6EH0KHT7,なんもわからん,410,0,10416,151340,1,2,5,4,1,1,1,1,16
HDN7W7AUI,リム,R7VEXFUBP,蓮ノ空応援クラブ,340,0,10416,151340,1,2,1,2,1,1,1,1,10
L1NMV537M,かず,FNMV166UY,蓮ノ空喫茶部,1128,4,10416,151340,4,3,1,4,1,1,1,9,24
JQZDGKHHB,俺は悪くねぇ〜,JELJU33D4,蓮ノ空同好会,964,2,10419,151250,5,8,1,9,7,5,1,5,41
67D4H2Y53,ふにゃぎ,FLFXP0T22,沼津内浦メンバー,825,0,10420,151160,4,4,6,3,1,5,4,4,31
JHBBZR61I,さやまやか,APD9U5CFA,立ノ空スクステ部,668,1,10421,151070,7,2,4,7,1,8,6,7,42
AT3CB9MHH,ナナ,1VVNBTBMA,イベント参加用,352,0,10422,150980,7,7,6,5,4,8,1,2,40
3Z9DOQMDW,Tonizaki,H0DV3JJGA,かほさやてぇてぇ,1083,6,10422,150980,7,2,7,2,1,8,1,8,36
PZZTUELMK,ハットポン少佐,YADX9DY49,ﾊｽﾉｿﾗｰ,1018,7,10424,150890,1,4,4,6,5,10,8,9,47
T3M0SPWGF,さめめ,9WVBK4U41,ENfans,619,0,10425,150530,8,3,7,5,4,3,9,10,49
T0760NRNE,もみじ,NCX28D4VB,Lyric,785,0,10425,150530,6,6,7,4,5,8,4,5,45
VWL2PNIEV,八月,V6DV6KETG,梢好き好きクラブ,1145,2,10427,150440,7,7,6,9,7,8,4,7,55
YRT2AJP1X,だめだああ,FJMA5BPPE,蓮ノ空すきすき部,641,0,10428,150350,4,4,5,6,5,1,5,2,32
AY2GRN0T7,なき,ULUELCJ7T,なるようになる？,1002,12,10429,150260,10,10,10,10,10,6,6,4,66
TMETRRNJ7,あまぜん,EMAVTJ4G4,あるはらぱーく！,766,0,10430,150170,5,4,7,1,5,5,4,5,36
BJWP5RW8L,KEI,ELDXGWNA6,○サークル,552,0,10431,150080,2,2,1,2,1,1,1,1,11
9MMFSOQX6,コーダイ,VF517JBVB,無言でいいよ。,1061,1,10432,149900,4,6,6,7,4,5,7,5,44
TEJL7F2PR,コーヒー,6UGJFTAEN,なんとなく,707,0,10433,149630,1,2,3,1,1,1,1,1,11
L3HUKVLHV,クラウド,1KDUBW4HB,めぐ党0番,318,0,10433,149630,2,3,2,6,2,3,1,4,23
FWJJOIE0V,KENMA,W189BP629,みんなのみかん畑,615,0,10435,149540,2,2,1,4,1,2,1,1,14
22D77EQR8,ADE\ｎ,JUR1D0LRC,YRP,913,0,10436,149450,1,4,4,8,7,8,5,7,44
X9JY2MKNV,ことり,97Y59KBF0,乙宗梢倶楽部,1024,4,10437,149360,2,4,9,8,5,8,5,9,50
XN0GJBBEV,新世界,HK0E91U71,放課後写真部,1111,6,10438,149270,2,5,10,5,7,5,1,10,45
1PGXWN26D,スキスキ,PHRWGMUD3,ラブライバー,227,0,10439,149180,6,7,6,6,5,7,6,6,49
LHNS2DHO7,PlayX67,6DXDMMC1G,Px67,1002,4,10440,149090,8,5,6,8,5,7,5,7,51
CCH6P1T5C,リック,BYA3FA0X8,無言ぼっち同好会,1006,0,10441,149000,6,4,6,6,5,7,5,7,46
1PC4GRJ54,Saika,TWJ862EPN,こにゃとも,246,0,10442,148910,1,2,1,2,1,9,1,3,20
FSVIPMV9W,とき,XN2VEA6DN,無言,1000,5,10442,148910,5,3,3,8,2,4,7,2,34
BTG5L6FWC,ta,A7WWE0463,蓮ノ空初心者部,786,0,10444,148820,7,6,5,6,5,7,4,7,47
WL5WLVW8N,がみそ,RM7N1JDB5,無言推奨不干渉会,1079,4,10445,148730,2,2,1,6,1,1,4,4,21
YAX2WA2M6,陸奥朱雀,F5XJ40VXD,ココロの旅,631,0,10446,148640,2,2,4,2,1,2,1,4,18
D6F01B637,めぐ＠り,7D5TKBG45,リ!リ!リ！,553,0,10447,148550,6,2,2,6,3,1,1,5,26
1YBTKDS49,ウルトラMJ,06DCWC1RE,とりあえず参戦用,713,0,10448,148460,4,2,4,4,4,2,5,10,35
L64KXUD84,mikanoah,J0N1E3Y09,月火水木金土日,1058,2,10449,148370,7,6,6,8,5,8,6,8,54
3RRM7UNPX,マサムネ,B6KWXGHWH,蓮ノ空SIFC,974,5,10450,148280,7,4,4,7,4,7,4,7,44
5GHDUW0XJ,ちゃたまとら,XA0XD41CM,ぼっちぼっち,338,0,10450,148280,8,4,6,8,5,7,7,9,54
JUPY8M3B8,カナス,YA55R3HCH,初心者,1039,4,10452,148100,7,6,4,7,5,7,5,5,46
2I9A03QXP,シンラ,C2XLWUTL1,夕霧綴理親衛隊,976,5,10453,148010,6,4,5,4,4,7,5,5,40
GCKYGVH0N,アラララ,7JW46B2LH,ひとり,419,0,10453,148010,1,2,6,4,3,6,4,5,31
Z6UR7KO76,くろねこ,6713P80H8,らーめん食べたい,1304,1,10455,147920,7,8,9,10,8,10,8,8,68
E7AW1UXDU,シン,JTX1G19BP,さやかほ癒し会,869,1,10456,147830,1,2,1,5,1,3,1,2,16
XX6A5R43F,ラビニス,1GJC67JLM,無言の泥,544,0,10457,147740,4,6,1,6,4,7,7,5,40
45K0UCV22,Spartric,BXHG2KXAD,idol.st,902,4,10458,147650,7,6,5,8,5,7,6,7,51
M6CDPH74H,アステル,9C98YRCP9,ＴＲＩ,829,0,10459,147560,6,3,1,7,1,7,4,7,36
XMFAU4MEY,瀬河,BXGNMY466,ライグラ用,1133,10,10460,147470,2,2,7,4,5,2,7,7,36
R532AUBLE,わわわ,9DFV9UTW4,白ひげ海賊団,380,0,10461,147380,5,6,4,4,4,2,1,1,27
03EEBC39S,悠,9YG7C0VM7,綴理と無言で昼寝,945,0,10461,147380,5,4,5,7,5,7,6,7,46
12YG4C6G2,印ｇ,H837E0M9R,沙知先輩大好き部,351,0,10463,147290,2,2,1,2,2,1,3,3,16
QD1ZFCBWN,由宇,6D49YVAT7,ユニット愛で隊,1079,5,10464,147200,6,4,6,7,5,8,10,10,56
REC88DH2L,はせ,3BE2RELRC,見晴台,839,3,10465,147110,2,4,2,4,8,8,1,8,37
46VFR1TN5,SEVEN,FHN78V2DJ,無言でどうぞ,909,1,10465,147110,1,2,5,7,5,8,9,9,46
PX5HUC669,む,C8A9CTB34,蓮ノ空山岡家部,180,0,10467,146930,3,2,4,3,3,2,2,5,24
C2EUYCLT5,クマン,EMAN1DMK8,いつものメンバー,1251,18,10468,146840,10,9,10,5,7,8,10,10,69
H87O6OEPG,Kona 熊仔,PH0YEPJD8,蓮ノ空北國金沢,1203,3,10469,146750,7,7,7,7,5,8,7,8,56
T6RUYR7LR,Yuki,K69M1X95F,アイリス,345,0,10469,146750,6,5,5,3,4,6,1,6,36
XUR0XUV0J,ジェイ,A86FEX2JC,おやさいさん,826,1,10471,146660,8,6,6,6,5,7,5,6,49
01DBWJ5AD,トマトサンド,UCF93JAPM,スワンプマン,840,2,10472,146570,5,4,7,3,2,3,3,10,37
FSX2W90CX,ずらまるはなよ,C715VAD52,お試し中,890,0,10473,146480,1,2,6,9,5,9,7,8,47
T958MXFMP,しゅーや,K25DPPGT9,圧倒的にまったり,1094,6,10474,146390,1,4,10,9,8,7,7,9,55
JODYGOR8P,月虹,TKVR3KU7L,ネギトロTKG,1092,2,10475,146300,8,6,9,7,7,9,1,10,57
L922TCCFP,kourin,L6MF2MPBN,みらくらぱーく党,225,0,10475,146300,2,4,8,2,1,1,1,10,29
DBWALHLET,ocean,XN2VEA6DN,無言,1057,0,10477,146210,5,6,6,6,5,6,6,7,47
9WJBK6J15,ぺい,PMDDGR6AH,うぇるかむ,661,0,10478,146120,6,10,10,9,8,10,8,4,65
5XZ5X96HN,セナルアックス,YVFP54NA2,無言OK！,922,0,10479,146030,6,4,4,6,4,6,5,5,40
JVDBW22K9,Apaos,407VAU0TT,ログボ勢の集い,151,0,10480,145940,4,3,2,2,1,3,3,3,21
P8XNM0CKX,聖騎士マサヤちゃ,MWT91W455,つづこず大好き部,1126,4,10481,145850,7,4,3,10,5,7,5,8,49
EY1KU03WK,てwま,H0DV3JJGA,かほさやてぇてぇ,797,0,10482,145760,6,5,5,4,5,7,5,5,42
99EFFAS5P,はなこ,U86R60336,DiCE/Key,350,0,10483,145670,2,3,4,1,2,1,1,6,20
OD45ESXDA,LINE,ATB27G5P2,おこめ茶寮,996,8,10484,145580,7,6,7,8,5,8,6,8,55
U4REACV4D,AI,CP5JE6KFV,コイコイクラブ,855,0,10485,145490,7,4,4,5,5,7,5,7,44
LOAJC8TWM,こぼぼ,FYUP08C40,株式会社:大沢,931,3,10486,145400,5,4,7,4,4,5,7,7,43
LJMKDTC5Z,エトセトラ,5R0HJNPAL,わ,270,0,10486,145400,1,2,4,1,2,3,1,3,17
CGVG1TYG2,レイ,UPNXW2A69,ライグラ報酬集め,697,0,10488,145310,2,2,1,3,1,1,1,1,12
40JFR39D8,けろけろ,0NLHKATWL,生きてるだけ偉い,643,0,10489,145220,7,6,7,7,6,7,7,7,54
KPKWMPD9Y,かなたん,PPAHU1TNY,蓮ノ空のんびり部,1450,16,10490,145130,4,1,2,2,1,4,1,1,16
0NBMJYRXG,モグ之すけ,X784G0GKM,異次元から来た,941,3,10491,145040,5,7,6,2,1,8,5,8,42
8H9MHDMA1,やるきなし,76EWRR5XX,おひとりでもまる,1258,3,10492,144950,6,7,6,9,8,8,8,9,61
BWNPXCR2H,ちょく,XTMGPY62U,スクステ初心者,564,0,10493,144860,3,2,4,3,5,5,6,5,33
Y5T4YJ4C9,mutsuki,1D7T2UXC2,無言でのんびり,997,2,10494,144770,7,6,8,8,7,8,5,7,56
5ULUMRF50,リリティ,30W3RA65G,蓮ノ空自由クラブ,841,0,10495,144680,1,1,1,2,1,1,2,1,10
54GML8RR4,クリーデル,J5CKL5YPX,ログイン勢かもん,792,0,10496,144590,5,4,5,6,4,7,5,6,42
55SBGLL9A,ウソ86,18YYNRFGA,LotusSky,708,1,10497,144500,4,7,9,2,1,1,3,2,29
ULQWT32QW,もちこ,WNA5GTJPP,蓮ノ空百合クラブ,438,2,10498,144410,3,2,2,3,2,3,3,3,21
FDUFVCUX2,sasu2cha,MPPDGVPWX,気楽にプレイ中,95,0,10499,144320,2,3,5,4,2,3,3,1,23
L31ENKH28,ゆうき,CG883T34N,蓮ノ空美化委員会,379,0,10499,144320,7,7,6,4,7,8,7,6,52
GZ14MXKNM,つつじ,36T6UB6YA,まったり箱推し部,1136,8,10501,144140,7,6,8,8,5,7,5,9,55
Y7V1JJKVB,たま,G8EE23LB9,虹ノ空クラブ,755,0,10502,144050,4,4,5,4,4,4,5,5,35
T70XNYR6W,柊,6NMAGYFJF,努力未来乙宗梢,770,0,10502,144050,4,6,4,7,7,8,1,4,41
PEXV044P3,まかろに,8J1GJT2BC,近畿の大金沢,520,0,10504,143960,6,3,6,3,1,6,4,2,31
K0T9L3DNF,メイプル,ULUELCJ7T,なるようになる？,91,0,10505,143870,3,5,3,6,3,2,2,1,25
ZB9KD40SQ,影に潜む者,1JR8TL0XX,ザ・マイペース派,997,0,10506,143780,4,1,2,5,5,4,4,4,29
2AE2FB765,560660,U1X8XUL9G,イベント用？,1137,7,10507,143690,10,9,7,9,8,9,7,5,64
DXL6JEB3F,わしわしの女神,PWK02KG0F,メメントの森公園,1042,1,10507,143690,5,4,4,4,5,5,7,8,42
N0C1WA1TF,にっしー,08DDCV5JN,黒ねこのしっぽ,443,0,10509,143600,3,2,2,4,2,9,1,3,26
A7U89W6H0,いつくしみ,UX96YX4T1,『位置について』,168,0,10510,143510,6,5,7,6,3,7,5,6,45
HD2325EIW,ミツキ,71YH43YW2,りんりんりん,780,0,10511,143420,4,7,9,1,1,7,10,7,46
L34H1ACWD,あるとす,LUYG5CWPJ,La+,176,0,10511,143420,10,5,6,6,4,6,3,4,44
1G4HNRFFN,はし,GN9EEL045,きらくに,312,0,10513,143330,1,1,3,2,1,1,1,1,11
F4X1MDJT4,ごとう,VXYCWMVFW,お味噌汁,683,1,10514,143240,2,4,1,4,4,4,8,5,32
MKWPULHN3,とうふイオ,ULUELCJ7T,なるようになる？,900,4,10515,143150,4,4,8,4,1,1,1,1,24
U3G47L63L,齁,Y6KN85L5P,孤独の村人,228,0,10516,143060,2,4,4,2,1,1,4,4,22
3G9VKVJR0,アーク,DF7FA982P,蓮ノ空百合部,1040,0,10517,142970,4,2,3,6,8,6,6,6,41
WB45XP6CL,ムートン,M67ACEP3M,オーバーブースト,719,2,10518,142880,7,2,1,5,1,4,3,6,29
TA4E32NLD,まどる,E5JKTW00K,蓮ノ空まったり部,256,0,10518,142880,4,4,7,6,5,7,4,7,44
AL0KRE4Y7,Niina,AVY8PECF0,初心者の集い,354,0,10518,142880,1,2,1,2,1,1,1,1,10
U6AT9JVN6,なか,9U8KNU6U9,対抗戦用,727,0,10521,142790,4,2,1,6,2,2,4,4,25
ZJ7LK3VTO,おちゃ,57UT319NN,蓮ノ空同好会,413,0,10522,142700,4,8,8,4,1,4,5,7,41
R0D34M3CD,キンケドゥ,L10A3854K,ラベンジャー部,1214,3,10523,142520,5,4,4,4,5,4,4,1,31
93YX8UDF6,izuan,KPVJD4A1H,WINS金沢,741,0,10524,142430,2,1,1,2,1,1,2,2,12
KL7YBADD7,楓華,FD24TD6C5,泥人,681,0,10525,142340,1,1,2,2,1,1,1,1,10
P5PJWLM9F,凪,V5PGMM8NA,チェスト,582,0,10526,142250,3,2,1,1,1,7,5,6,26
1JF2CG37J,hitonari,DUDHFR1W3,そろそろソロ,890,2,10527,142160,6,5,5,5,5,7,6,8,47
UF3YV21BP,確定,LD34NCH5R,NERV,1049,5,10528,142070,5,4,4,9,5,9,8,7,51
VWNWXDADK,普通の学院生うみ,3RH5MYBXV,こずめぐ党,999,6,10529,141980,2,2,2,7,5,2,5,4,29
WPBYCPLCT,初心者のミカ,3194B9E93,初心者寄り合い所,506,1,10530,141890,5,6,3,2,5,4,1,4,30
HRYLDGN5A,紅河,MVRFVTGU6,無言&出入り自由,825,0,10531,141710,5,4,4,7,5,8,5,4,42
50GTVXECH,リトルデーモン,WLBYGHXPD,大天使村野さやか,142,0,10532,141620,4,4,4,6,4,4,6,5,37
AGNKPLEK9,プリン,YMKU30246,参加賞がほしい,317,0,10533,141440,9,3,10,7,1,9,5,4,48
FWTKK3ATU,ヨウスク,HBD61R6WC,梢先輩すきすき部,933,0,10534,141260,7,4,4,4,4,7,7,7,44
RETJ96L2Y,R,7D5TKBG45,リ!リ!リ！,274,0,10535,141170,3,3,2,2,2,1,1,1,15
X9DBB5HUF,なるなるボーイ,F90XW14UP,のんびりプレイ,162,0,10535,141170,2,2,3,2,1,2,1,1,14
7EDFJJ14G,Linda,MG1G6F487,蓮ノ空無微課金部,704,0,10537,141080,6,6,6,6,5,7,8,8,52
0UXMXCQI6,カカ尾,TMYMB72UG,蓮ノ空お絵描き部,1140,7,10538,140990,5,6,8,8,7,9,7,8,58
70PN1Y510,うるひ,FV045G54P,初星学園生徒会,298,0,10539,140900,6,2,4,6,2,7,2,1,30
4TEPBVM6C,むこ,LLDLG20UU,UR取り隊,791,0,10540,140810,8,8,7,10,7,9,8,7,64
AHBVTJC99,結愛,WCL6R1ANU,無所属の会,322,0,10541,140720,1,6,2,8,9,5,5,1,37
YMAGUGL0B,霖玖（复活）,WLBYGHXPD,大天使村野さやか,107,0,10541,140720,5,5,1,4,2,3,2,1,23
E6UEARDD7,KTH42,CJWR9P8LM,花帆さん愛でる会,609,1,10543,140540,1,9,1,2,2,1,2,2,20
TPEKMFBTH,璃緒,57UT319NN,蓮ノ空同好会,306,0,10544,140450,2,2,2,3,2,1,3,4,19
PXD7DWWMD,ゆんゆん,PR2BGEK5K,ありがとう大三角,655,0,10544,140450,5,2,5,7,4,8,5,4,40
E72XJGJN1,不安养寺姬芽,976BY5JWK,ハルカカナタ,266,0,10546,140270,7,4,10,4,4,4,6,7,46
WWM8DECCU,もろうみ,NW3GK4CAD,ウイスキー,852,0,10547,140180,1,2,7,8,5,8,4,8,43
A2MMHXU65,ゲンダイ,R7VEXFUBP,蓮ノ空応援クラブ,637,0,10548,140090,2,2,1,4,3,7,10,8,37
VTMNFLPE6,Keica’,K25DPPGT9,圧倒的にまったり,964,4,10549,140000,7,7,8,7,5,6,8,10,58
ZIJMET3T0,ぴこぴこ,DHKUGEWBJ,めぐ党虹ヶ咲支部,1048,2,10550,139640,4,4,4,6,5,8,8,9,48
ZIXTBBXK2,テラス,ACN9XERAU,スリブファン,1090,3,10551,139550,6,4,4,5,5,7,5,7,43
13D93XKWG,ホンハ,FX31CNK7B,ソロ,370,0,10552,139460,6,3,7,8,1,4,5,4,38
2IQZCRQ0N,いの,9DKR4Y2CJ,蓮ノ空老人会,960,6,10552,139460,1,2,9,8,5,7,4,7,43
CRHHX4K9V,Art,R7VEXFUBP,蓮ノ空応援クラブ,194,0,10554,139370,5,5,10,6,1,4,5,4,40
9GTAH3J0O,バンダージャット,RMUU3AH3X,蓮ノ空広島県支部,840,0,10555,139190,5,7,6,4,4,4,4,7,41
U5JB9LY8Y,あおふね,V830CTTX3,日野下後輩,920,3,10556,139100,7,5,7,9,4,7,6,7,52
A7X55O3YN,yumoa,9AYD3XJ2D,ぺんぎん隊,1092,4,10557,139010,1,5,4,8,5,8,7,9,47
FT5P6XTR8,koto,XYRA2MND0,蓮ノ空ゆっくり,202,0,10558,138920,2,8,1,6,5,5,4,5,36
WFD0URM7U,okano,CCWCNY3P5,団子,1253,7,10558,138920,7,6,6,8,5,8,5,7,52
2U1VME6TU,うにたん,3LCTFNL70,さやカーディガン,831,5,10560,138830,7,5,10,4,1,4,4,2,37
18M11E4RW,yyidk,XPX36F6JX,無言初心者お試し,847,0,10561,138740,5,6,6,7,4,7,6,7,48
W6T3NEM91,0110,F1MKFU63C,temp,406,0,10562,138560,2,3,2,1,1,5,1,4,19
OYGL4Z3WG,耀く学院生,07GTU1BPX,蓮乃空,967,1,10562,138560,5,6,5,7,5,9,8,8,53
82967NE1U,☆ふみと☆,AP9179DXT,サークルSRE,1008,0,10564,138470,6,6,7,5,6,8,5,7,50
F1LP2V55C,エマランジュが板,9P9EPKFHE,無言参加OK,512,0,10565,138380,5,3,5,4,1,5,2,1,26
BXW228NHJ,リンクラちゃん,6CE6UCTJE,ソロ,602,0,10566,138290,3,5,5,3,4,4,5,5,34
SYMHEQQTH,むらた,KA1249N3H,沼津倶楽部,976,2,10566,138290,7,6,5,8,5,6,5,7,49
IUYXH0LU6,rey,1XX6FWJRB,オートスキップ団,1233,7,10568,138200,4,4,4,2,4,8,7,9,42
D945H5QD4,ヒロ,6FWRD1K40,いちじょ海賊団,884,4,10569,138110,5,4,4,3,4,5,5,6,36
NU2AT8R2H,キュアライオンズ,8BAYBXUXC,スリブ大好き♪,990,0,10570,138020,5,6,6,7,5,5,5,8,47
LXL5BQJHP,T,7AATUNUPE,無言サークル,871,2,10571,137750,1,1,4,3,4,5,5,8,31
271MKYGM7,まひるま,9DKR4Y2CJ,蓮ノ空老人会,1254,7,10571,137750,7,7,7,9,7,9,7,9,62
THFN6RV8E,野菜畑,8AT7V1C7L,初心者です,161,0,10571,137750,1,2,4,2,1,1,6,4,21
BM453W9QR,いのり,E6WR9G75P,安養寺姫芽推し会,1010,5,10574,137660,6,4,10,5,1,10,4,4,44
LNQQXE8VS,ふぉると,VAM2DGNGV,百合,914,0,10575,137570,5,2,1,5,2,1,1,7,24
B7D28PPKV,sion,PHLRY3XRP,とりあえずやろう,408,0,10576,137480,3,4,1,2,1,2,5,5,23
4469AYJ0C,LINK13,65LPAY00Y,蓮ノ空同好会,847,2,10577,137300,7,8,6,9,5,8,6,9,58
PZQKUPVGY,taka,2J6PVJ9D9,ブラックロータス,691,1,10578,137210,6,2,1,1,2,7,5,6,30
8A0ERCJDH,Misaki,P8MG4WLB6,ネオ,181,0,10579,137120,5,4,5,2,3,6,3,3,31
3PYRAVHFV,キレネンコ,BHW3RTLYB,カワウソ小屋,832,2,10579,137120,1,3,10,4,4,1,4,7,34
AKE1G7B1P,またたぎ,KT4P0CHHC,ゆったり同好会,1117,6,10581,137030,6,8,8,10,4,10,6,9,61
MJW5EAACB,鈴木 こみち,XLBU65J86,花の壁飾りクラブ,1042,4,10582,136940,1,2,2,2,2,6,7,4,26
97UK72101,Tiara,VN1LXEHLR,綴理、愛,719,0,10583,136850,7,4,5,4,2,4,10,5,41
J2B3RCPHE,スタート,NDGW77R2V,こず花帆尊い,861,2,10584,136760,7,6,7,10,5,8,7,7,57
K9LJ8MBBA,りすこん,FVJFA973A,月猫愛好会,1063,3,10585,136670,4,3,2,3,5,2,4,6,29
1J0C9QIK2,和源迪孝,K4EGD5V86,京大LL研究会,941,5,10586,136580,4,7,8,8,5,7,2,5,46
H412APX65,こず＠り,7D5TKBG45,リ!リ!リ！,486,0,10587,136490,3,2,3,2,1,1,2,1,15
2PXJK4J9G,青椒肉絲,N4YY3D5BM,サークル,530,2,10588,136310,6,6,5,1,5,6,6,10,45
LH9UNY8YM,ZERO.B,HMB9LYA8Y,スリブのオタク,858,1,10589,136220,1,3,3,4,4,6,8,8,37
JDCLJ573T,yuki,K3R1XY8UT,自由,822,0,10590,136130,2,2,1,2,1,1,2,2,13
2UGUHSW7D,ふるーど,MWT91W455,つづこず大好き部,1174,3,10591,136040,4,4,4,4,4,1,7,5,33
22835XV4T,のんさく,KGG6VMD1R,蓮ノ空本蓮沼の会,281,0,10592,135950,4,4,4,2,2,1,4,3,24
Y7T6D46TB,yuuto,EHXCUMC9U,十六野村,1078,1,10593,135860,4,2,2,4,4,8,4,4,32
737DY2FZT,Mixed,M851LEV3N,なっす父兄,1035,7,10594,135680,3,4,4,7,5,8,6,9,46
MUKFBNXT6,にょんぽこ,YD2XWWFA4,蓮好き好きクラブ,268,0,10595,135590,5,4,5,5,4,2,2,1,28
C3J1K2EM3,コバ,X87KNX4N3,蓮ノ流星群,547,0,10595,135590,7,6,6,8,5,8,5,7,52
STFPPTNSQ,あ,LJNCAEVAP,蓮ノ空さやか研,284,0,10597,135500,2,5,1,6,1,4,5,5,29
NMJYY0FEU,ドライ,K95YH6P1C,蓮ノ空泥の会,900,0,10598,135320,4,1,2,6,4,5,6,6,34
HT2HBX6BA,S10,60KU468X3,はっすーず,818,0,10598,135320,4,4,4,8,5,8,7,5,45
MP6P87XWO,太田彪子,8WAXGK70P,CANARiA,709,0,10600,135140,8,9,9,4,4,7,7,5,53
KKNVT1W73,RKO,Y6KN85L5P,孤独の村人,264,0,10600,135140,9,6,8,9,1,6,5,4,48
YGRX4UKYV,ヤマムギヤマサン,78NTNAJUY,劇団旗あげ(仮),896,0,10602,135050,6,6,5,7,4,8,5,6,47
226A8TKXY,ぱも,1DU9LCND7,蓮ノ空すこやか部,1218,2,10603,134960,6,2,1,6,4,7,6,9,41
7VCC5JB8Y,たけのこ,FD24TD6C5,泥人,744,0,10604,134870,6,2,1,5,4,4,4,5,31
IMNFTEZKA,ライ,V1NWJLRYR,蓮ノ空連合,1062,6,10605,134780,7,7,6,6,6,9,5,7,53
W607WKEP5,わかば,BXGNMY466,ライグラ用,160,0,10606,134690,9,7,8,6,4,5,5,6,50
86843G747,不安定,HPTHY23VR,蓮ノ空文芸部,673,0,10606,134690,9,6,7,7,2,10,6,7,54
BUT5EQ43T,あに丸,WE9N74D6D,あにまるサークル,1022,0,10608,134600,7,6,6,8,6,8,6,8,55
MLS7D2AQO,水空 楓,6RF9XY3GD,さやか部,1018,2,10609,134510,5,4,5,4,5,7,5,7,42
QR85E27EL,peilun,T56X6LP0L,光の海,889,1,10610,134420,2,4,6,4,5,6,10,9,46
5ORM0EQA8,ウォッカ,WBW66DMUB,るりめぐ研究所,1101,1,10611,134330,6,4,7,8,4,8,7,9,53
5MF62LTT7,豆腐,5YXVKDEKV,サークル(仮),405,0,10612,134060,4,1,1,2,1,1,1,1,12
HB4N93NL3,イージー,LEHXHMR8N,みらぱ全力待機部,554,0,10613,133970,2,2,5,2,1,3,3,6,24
KBATJXZP0,いぬlv.2,VFEAYTXK6,Lv.2,914,0,10614,133880,8,2,6,5,1,5,8,8,43
GJGIVDKXY,赤メロン,YXKR0GGM4,蓮ノ空好き好き,547,0,10615,133790,2,2,6,4,1,1,1,4,21
XAYGJYVKM,高間悠也,4CG7FRNG0,蓮ノ海寮(仮),345,0,10616,133520,2,2,2,2,2,2,3,3,18
21TUE7QQY,Irina,N1JAJ83CA,蓮ノ空園芸部,852,2,10617,133430,4,6,8,4,4,5,7,5,43
VHXH3L6YY,トッシー,3LAFHDKE5,こずさや保護者会,1170,5,10618,133340,8,9,8,10,7,9,7,8,66
33K3BBYFX,kazu,DULFP3TRN,めぐ党員の部屋,1012,4,10619,133250,7,9,2,7,7,10,9,9,60
57F1XRW0C,タック,4FXPC55PY,PPIHクラブ,862,1,10620,133160,7,6,6,8,5,9,5,8,54
90GMTTJHU,マセ,0UTVRAKFL,平穏無言,552,0,10621,133070,5,4,5,6,4,4,5,4,37
CP0VNB51E,ACE,DH97ANN9G,ツキマカセ,656,1,10622,132980,2,2,2,2,1,5,3,1,18
V6ZEH7DVT,ひやま,FR5PDRB5Y,株式会社つづさや,1049,8,10623,132800,7,5,6,8,5,7,7,7,52
4XGGW7GDT,たい焼き,V7768X8AC,せーので！,1220,12,10624,132710,6,6,7,8,7,8,7,10,59
TA4GHK7ZG,水元ゆうみ,MXN85G5KF,蓮ノ空漫画研究部,1021,0,10625,132620,5,5,5,9,5,7,4,5,45
LW1C8D69M,うみせんせい,HK0E91U71,放課後写真部,552,0,10625,132620,1,2,1,4,1,1,1,1,12
W50C2XCWT,路辞馨,XYRA2MND0,蓮ノ空ゆっくり,176,0,10625,132620,1,4,1,6,1,4,1,1,19
N6L3BDRKG,X,N1JAJ83CA,蓮ノ空園芸部,918,6,10628,132530,10,3,3,5,4,7,4,10,46
VGGJ8YIAG,Kinoto,BWD9U1EJ2,蓮之空中国同好会,897,0,10629,132440,5,6,6,2,1,7,4,7,38
RD9YR8WNA,さったん,J7BLELE0U,さったんろーる,330,0,10630,132350,1,4,4,1,4,4,4,7,29
0088E4JW1,キサラギ,XTMGPY62U,スクステ初心者,654,0,10631,132260,8,6,6,9,5,5,4,4,47
C4AYR717M,ORCA,LT9K2FP23,慈党リンクラ部,371,2,10632,132170,2,2,2,3,3,2,2,3,19
CFM13D599,ゆー,9AYD3XJ2D,ぺんぎん隊,954,2,10633,132080,1,7,6,8,5,9,4,7,47
BG25C3UWN,オリオン,WRFLMWL4U,映り込み金魚,584,0,10634,131990,1,1,1,2,3,1,1,1,11
4S97C4404,やま,H1G4CDT6C,無言自由,926,8,10634,131990,2,6,6,6,7,9,7,8,51
CDDJGZ27C,ムラマサ,5YAR2UWUH,エクスグラム,1168,1,10636,131900,8,7,6,9,1,2,8,8,49
6FRUYD39P,ぼたもち,762FM3JV4,一蓮托生,172,0,10637,131810,4,3,9,5,5,5,3,3,37
0TL7LFT7E,NIEEL,UHJTHDTR4,KL,743,0,10637,131810,6,7,6,5,7,4,7,7,49
PDPH03E96,慶,2DYYAPFVN,蓮っ子村,891,1,10639,131720,10,6,10,9,5,8,6,7,61
4N9RXALFL,もひ,85D411XNB,蓮っ子の集い,1265,0,10640,131630,7,2,1,7,7,4,5,7,40
DBPBKJXFC,ゆあ,2JVBK752G,卍愛蓮説卍,1028,13,10641,131540,6,3,7,9,8,10,7,9,59
4ZOQKZRVJ,neko,8TXDN9C2K,αβγδε,965,0,10642,131450,6,5,6,7,5,7,5,7,48
UANJC6WED,初心者,9N4F9P8DU,リンクラ部（仮）,916,4,10643,131360,5,2,8,3,5,4,1,4,32
4YBANYAFP,Kamui,BA3L6N4AE,金沢出身関東在中,964,3,10644,131180,6,5,5,10,5,7,5,7,50
4NT02LD4J,マーサ,VF7HHK72K,マーサ,1041,8,10645,131090,8,7,5,8,5,8,5,7,53
EUUTX4KXV,nameless,AND13836G,乙宗梢親衛隊,746,0,10645,131090,8,8,3,7,5,8,7,8,54
V0X9E3X48,ﾊﾞｲﾚｲﾝ,G8F0M2PH2,アフターウォール,796,0,10647,131000,2,2,1,2,1,1,1,1,11
BUUFTT7D5,ちーすけ,3N7FL0U6U,destiny,217,0,10648,130910,2,2,4,3,1,4,1,1,18
N0NAKE9V5,tp,D5YC75NF3,畜群,359,0,10648,130910,1,8,4,5,4,9,5,8,44
1475BFF4R,ホワイトリリィ,8UJNTV5BX,のんびりと部,992,0,10650,130820,8,7,6,8,4,5,8,8,54
VULCT80DN,めぐメグ大好き^,1ET4JA893,虹蓮中国同好会,512,0,10650,130820,2,4,2,3,1,3,2,1,18
LYFF3PKV5,村田修一,EKACCPWWB,タフノ空学院,366,0,10652,130730,1,2,1,4,2,2,1,3,16
FONLTLHSB,ぴょそ,BT3GEWM5L,ささやか村の集い,1088,12,10653,130640,3,6,4,8,5,10,5,8,49
DY2W32P67,月光KID,G202YTPW1,無言倶楽部,861,1,10654,130460,8,6,6,7,5,8,6,5,51
Y3T3KJFPK,ぴ,EYPX8WNL1,正義実現委員会,350,2,10654,130460,3,3,6,2,4,4,4,2,28
BNUWVMEMY,てっちり,6H800PBV7,新鮮館,801,0,10656,130370,1,2,4,3,5,7,5,5,32
58ZGCJ71P,フクロウ,8JMW9G2XW,僕らのリンクラ！,1064,5,10657,130190,7,5,9,10,5,8,5,7,56
4GK496UTY,Virginia,8MDA3A0AK,イベント用,678,2,10657,130190,7,10,6,6,8,4,9,10,60
YJ79KFGCY,南宮那月,AAHB7C276,HaCordVN,348,0,10659,130100,2,3,1,3,2,1,3,3,18
785GWDE4T,しゅー,4RNUXBXGL,みらぱ最推し,221,0,10659,130100,3,2,5,3,3,5,1,1,23
RV4HR8EMU,ロペス,68MTL2RGE,スクステ沼津支部,833,2,10661,130010,2,3,3,10,5,10,1,4,38
E6MPNHD0L,うに,MF6GL0RVL,ミジンコ倶楽部,206,0,10662,129920,4,2,7,3,5,8,4,8,41
XF1GCJMZ3,hina,DUK0X7DB1,中国愛蓮同好会,856,1,10663,129830,6,4,4,4,4,3,5,7,37
HJL0WBHKB,サチ,9UKKACGDU,蓮っ子CLUB,1083,6,10664,129740,7,4,5,8,5,9,5,7,50
24JM1FD1G,やま,4URND90YY,参加賞狙い,890,2,10665,129560,6,4,4,8,4,7,5,5,43
DT3TGJ0HX,ゆう,XR2P2LDY3,蓮ノ空さいきょー,364,0,10665,129560,2,2,4,6,1,1,7,1,24
LW110WWY2,AI,CP5JE6KFV,コイコイクラブ,837,0,10667,129290,7,5,6,7,5,6,7,6,49
J90UMTMTU,いねいね,321FF56TK,リンクラ芸楽部,707,2,10668,129200,4,2,1,4,1,4,1,1,18
4AF81PKCN,けいぴー,XYRA2MND0,蓮ノ空ゆっくり,534,3,10669,129110,9,7,9,8,4,4,3,5,49
P395QMAFS,粉条バーミセリ,EYEPHE14G,花上梢頭,640,0,10670,129020,1,8,1,2,1,1,5,3,22
N68YVV0FP,ロータススカイ,N34LHVJKN,のんびり堂,918,0,10671,128750,1,1,2,4,2,4,4,1,19
U4N45RGR6,なおかわ,9P9EPKFHE,無言参加OK,410,0,10672,128660,1,2,2,2,1,1,1,1,11
7Q00KI7OR,もんど,VKNC8VYUB,てすと,847,2,10673,128390,6,6,2,1,1,5,4,10,35
JUA7CV00V,ゆら,3RH5MYBXV,こずめぐ党,939,2,10673,128390,1,2,5,6,6,9,4,8,41
VUNH7FEL1,じょーさん,M67ACEP3M,オーバーブースト,607,0,10675,128300,5,5,6,4,5,5,9,7,46
NTMV2E0XC,スー,E7DC3WM28,あ,1044,3,10676,128210,10,2,7,4,4,8,4,8,47
1JDY8HC96,アクアマリン,71PW1VYLL,蓮ノ空推し愛好会,1002,6,10677,128120,5,7,6,7,5,5,4,5,44
A0S4SPXZZ,といろむ,FR5PDRB5Y,株式会社つづさや,748,0,10678,128030,7,6,3,6,4,5,2,5,38
E4AXM7J98,さしみ,D7UA5ER1E,UR報酬欲しい！,95,0,10678,128030,6,9,6,3,4,6,4,3,41
2B9U7ED8W,VEZASA,ETAMCYHME,蓮ノ空お昼寝部,1113,1,10680,127940,6,5,6,5,4,7,8,6,47
ZJA0WYIK8,しゃけ,6E1405RMG,秘境,1280,6,10681,127850,5,4,1,6,4,4,1,5,30
4N8GCN6DM,ざん,0GALMLWK6,ボクなんなの。,510,0,10682,127760,1,1,1,2,1,7,1,1,15
RHR7RP9LD,ホットケーキ児玉,XLR23XPGK,テステスト,957,4,10683,127580,1,2,8,8,7,7,5,8,46
A07M9JVJV,700系,6YTAMD33M,リリエンフェル党,518,0,10684,127490,6,6,7,8,4,8,5,7,51
JVQOH4U8J,マーボー,0CBM28JP6,ほうき星,1042,5,10684,127490,6,5,6,8,5,7,6,7,50
6UF7V3MTG,たぬこ,T48KV9EP2,無言ぱーく,235,0,10686,127310,8,7,8,7,4,9,8,10,61
E65PB40CT,ぽんた,GBEJMUFWT,めぐちゃんズ(仮,834,2,10687,127220,7,6,9,2,1,9,10,10,54
QT2QXFK4R,睦月,ELTW62751,安全バーは君の腕,871,2,10688,127130,7,7,6,8,6,8,6,10,58
0VYVL0CJE,sora,GYJ3C6TKR,綴理先輩好き好き,126,0,10688,127130,1,3,3,5,2,2,1,1,18
XSEWWV0PG,おもち,TDHKGHFPA,無言参加○！,981,0,10690,126950,3,4,4,7,5,8,7,6,44
5FK7DR7FK,黒光り,865UE9UC6,蓮ノ空うどん部,866,0,10691,126860,5,4,5,4,4,7,4,5,38
23PTP9P8W,すいむ,3PLMXJ3BY,RR軍,1018,2,10692,126770,4,6,8,4,5,5,7,7,46
ME7LLT5YV,かわうそくん,FV045G54P,初星学園生徒会,720,0,10693,126680,10,9,4,8,7,9,7,10,64
TW9LAAUS2,ゆき,A9MA307FX,楽しいが一番,1027,2,10694,126590,2,4,5,6,5,8,7,9,46
7XKE337ZM,Emori,9C2FC74H2,overseas,809,0,10694,126590,4,5,7,6,5,7,9,8,51
5UM0Q3UJB,嵯峨政風,RM7N1JDB5,無言推奨不干渉会,976,0,10696,126500,6,6,7,7,5,7,5,7,50
1QRPKYJAR,ゆうは,YD2XWWFA4,蓮好き好きクラブ,638,0,10697,126410,4,2,2,2,1,7,1,3,22
8D3JE2CG0,つくよ,F2M746D4B,頑張らないクラブ,677,3,10698,126320,1,3,6,4,4,3,1,1,23
D5UFP3CB8,lychnis,KXMXL2KRX,超初心者,354,0,10699,126230,2,2,3,2,1,2,1,3,16
WGHE7NWYM,リン,1D7T2UXC2,無言でのんびり,1021,4,10699,126230,2,2,7,4,1,4,3,6,29
11LLKW4HV,やまびこ,N83DW3NYG,†極最強倶楽部†,180,0,10701,126140,6,5,5,5,3,4,5,5,38
HEX96CEB1,ふみか,DF7FA982P,蓮ノ空百合部,1154,5,10702,126050,4,6,4,7,5,8,4,10,48
U39G5HSIZ,しあラブ,7UAN6RT0D,さや弁食べたい,435,0,10703,125960,6,5,4,8,1,8,5,5,42
1RS5KJPJC,なーさ,E1HVJ71JR,ご自由にどうぞ,614,0,10703,125960,10,6,6,10,7,6,6,10,61
7YM5DVAW2,出口,445XPVT3M,百万石の命の鼓動,810,0,10705,125870,4,2,7,5,1,2,4,7,32
HR7UR79JD,ウメちゃんすん,XPRA8TRVE,蓮ノ空ロボット部,363,0,10706,125780,3,3,1,4,1,1,1,1,15
L7EBD7X9E,よう,XTJU04C0X,まるまるサークル,525,2,10706,125780,1,2,2,1,1,1,1,1,10
TWJ7M8K6Y,けー,9P9EPKFHE,無言参加OK,169,0,10708,125690,1,2,2,4,1,1,1,1,13
2KQBKT3EH,Ashley,CTYKFVT46,蓮ノ空帰宅部,936,1,10708,125690,1,6,7,1,2,8,4,4,33
0NRP458KM,空のデッキケース,T3XUTYGC3,隔離病棟,774,0,10710,125600,7,5,4,8,4,7,5,6,46
90AB8XN31,ゆう,6JFCA000E,ひとりぼっち,273,0,10711,125510,2,4,4,1,1,1,1,1,15
KJY6KBK8W,えいと,XREYFXTHJ,白ニーソひざ枕部,469,0,10712,125420,4,6,7,10,2,1,9,1,40
6OB3PXZXA,ジョーニアス,GWGDMA3YC,初心者無言自由だ,680,0,10713,125330,1,2,2,6,7,10,5,5,38
6GDTBXGFY,近松門左衛門,Y6T3FBHRM,村野弁当,475,0,10714,125240,7,2,4,1,6,9,9,5,43
W8CHCA58P,梓沙,U8GLCJVJP,コミュ障用誰でも,919,2,10715,125150,7,6,6,6,7,7,4,5,48
1F9AN5SC8,ゆきひと,XL1M7KUPL,始めたばかりです,791,0,10716,125060,1,3,1,6,1,1,1,5,19
JC3FNKIRJ,ノックス,U1X8XUL9G,イベント用？,1055,3,10717,124970,8,7,8,6,5,8,5,7,54
F96E2PT2G,S1,A9MA307FX,楽しいが一番,770,0,10718,124880,4,4,1,4,4,7,7,5,36
4KGK07NDB,きみここ,5YEE75CB4,ロビーで待ってる,533,0,10719,124790,2,2,4,5,1,3,1,1,19
AP5M5DF2B,ルート,YVFP54NA2,無言OK！,1050,8,10719,124790,6,6,5,8,5,8,7,9,54
LY6WV6464,どに＊FF難民,XLBU65J86,花の壁飾りクラブ,218,0,10721,124700,2,1,1,2,1,2,3,1,13
L9H23W0X1,まじっく,3194B9E93,初心者寄り合い所,779,0,10722,124520,7,6,6,4,5,1,6,8,43
GPO7XX5AB,しうへい,4RY75CKM4,LLすこ部　メ募,1189,1,10723,124430,7,6,4,9,7,8,7,9,57
S25IMCDI3,ごはん,XLX3R7HBT,自由さーくる,722,0,10724,124250,5,7,8,4,5,8,4,5,46
6COPO2GWH,ころろ,7MXXR7UBG,放課後リンクラ部,827,2,10725,124070,2,4,1,3,1,1,5,5,22
QKW3ZW7ER,ゴロゴロ,9VDEWVP01,瑠璃乃の集い,873,5,10726,123980,2,4,1,4,1,1,1,1,15
PRKC8T3H0,173,DNLYBK66L,お　ま　た　せ,317,0,10727,123890,1,2,1,1,1,1,1,1,9
UPEXVTKB0,４月29日,V7LF2PH0Y,蓮ノ空　昭和基地,104,0,10728,123800,5,6,7,4,6,7,4,6,45
7WKRWBFTX,かん,G9CCKEANL,ヤサガラス党,674,0,10729,123710,7,6,5,3,3,8,1,6,39
A2P7ABC4Y,アサティス,XLBU65J86,花の壁飾りクラブ,958,2,10730,123620,1,2,2,3,5,8,1,5,27
K6T86WOED,ちゃぶ,HKETDDCK6,ぼっちざ蓮!!,536,0,10731,123530,1,2,2,2,2,4,4,5,22
ARNFGF56Q,タンバリン木村,0R8BXPRC1,ポチっ！とクラブ,1191,9,10732,123440,7,6,6,8,5,7,5,7,51
G5R7N8F00,しゃふと,U98UKD6RY,異次元フェスP,953,4,10733,123260,4,7,7,6,5,8,4,7,48
Y1AK1405K,ちゃむ,CCACL2CMM,無限城,467,2,10734,123080,10,6,8,8,3,6,4,1,46
MB251OMPT,ジャック小山,YNR28303K,りんくらぶ,747,0,10735,122990,7,4,4,7,1,4,2,4,33
1BBLPVFAR,みけ,VP0K6KF0K,蓮ノ空大好き!!,844,0,10736,122900,4,2,7,9,7,8,5,4,46
JMVCTT5GN,ねるあ,FG9A9ARX1,忙しい人あつまれ,637,0,10736,122900,5,4,4,6,5,5,5,5,39
YU5KAH7UG,wys0318,1U4JN5CXB,LLユーカー部!,161,0,10738,122810,3,2,2,3,1,3,2,1,17
7XXI1GT00,エルメル・マータ,8BAYBXUXC,スリブ大好き♪,958,0,10739,122720,1,2,2,2,4,4,7,8,30
JOF2LLKZ7,せつ菜推し,XXVVJY6FE,はぴぱれ,234,0,10740,122630,3,1,1,4,5,5,5,1,25
HNKRYF63N,アオ,EFYYG9TAY,ご隠居さーくる,332,0,10740,122630,3,5,1,3,1,1,3,1,18
MGE2G97R8,miotty,WLBYGHXPD,大天使村野さやか,353,0,10742,122540,1,3,3,7,4,5,1,7,31
DI7ORP7SD,タカイン,E8K438RP1,リンクラ初心者部,976,0,10743,122450,5,4,5,7,6,8,4,7,46
SARFQEGU6,ゆり,57HNJ07NK,みらぱ推活最前列,732,1,10744,122360,2,2,2,2,1,2,10,4,25
LDD6SWXZZ,sin,Y4G0KF6NB,無言でやる会,599,0,10745,122270,1,2,3,4,1,4,3,3,21
0WMPN0WVP,あなた,H1G4CDT6C,無言自由,872,2,10746,122180,6,4,5,8,5,7,4,7,46
0VQKCO7RJ,すあま,0MHM887UA,円都流氓,1005,3,10747,122090,2,2,6,1,5,7,7,1,31
CT14J6YPA,きときと,0YLUK30K6,蓮っコの集い,669,2,10748,122000,1,2,2,4,1,1,1,1,13
5D7P1Y3DC,ペンギン,9YG7C0VM7,綴理と無言で昼寝,862,0,10749,121910,1,2,1,6,1,5,4,5,25
HU9J2TY8N,桜田,9C0KWR782,まったリンクラ,465,0,10750,121820,6,3,2,2,1,2,6,8,30
6DWP2J15G,つん,W6XK9BM52,tun,215,0,10751,121730,3,4,5,1,1,4,1,1,20
RRX8V2GGP,そぷるちゃん,CRYB2FJ64,つくよみくらぶ,887,2,10752,121640,5,1,2,2,4,5,4,1,24
H1SM0F99N,かすかす,9BHYELNY1,シン・エスパルス,847,0,10753,121550,5,4,4,7,4,1,7,5,37
MUP6TWMK1,カプチーノ,YK0X6N2HN,無言OK出入自由,672,1,10753,121550,1,2,1,4,1,5,1,2,17
UI30LF4X9,ゼロ,3RH5MYBXV,こずめぐ党,851,2,10755,121460,1,3,4,5,1,1,4,1,20
FH4HUU01J,スコフィールド,MXN85G5KF,蓮ノ空漫画研究部,320,0,10755,121460,1,1,1,2,1,1,2,1,10
S89NGTK89,ダアナ,RM7N1JDB5,無言推奨不干渉会,1155,6,10757,121370,7,7,6,7,5,9,4,7,52
L2YY7GVNU,蟹ワッフル,A8BJ5V3ET,はすのそら,738,0,10758,121280,7,6,4,9,4,8,4,5,47
EJ74W0PLX,せれたそ,KND3T7056,ぽかぽかモガの村,958,2,10759,121100,4,6,7,6,4,8,8,8,51
YOPC2UHAH,月影　誠,K69M1X95F,アイリス,1068,3,10760,121010,5,4,5,8,5,7,5,7,46
MUAFU2BJH,ゆし,KND3T7056,ぽかぽかモガの村,1044,1,10761,120920,2,2,2,2,1,1,2,1,13
K9A49Y1L4,むら,LLDLG20UU,UR取り隊,721,0,10762,120830,7,4,6,8,4,2,4,6,41
367NN695K,ヒイラギ,V8XX999F6,卍蓮村幼稚園卍,197,0,10763,120740,4,5,1,2,1,1,3,1,18
TE9QZWX4C,ちょーさん,D1590FXAP,ちょーさん団,820,0,10764,120650,3,5,5,4,3,7,5,8,40
APPNFG74P,まる,L7UKEPJG2,ドンココ,703,0,10765,120560,10,10,8,6,8,9,1,10,62
F7M0LJR5G,三ヵ土,KXB93FVTR,ブルームガーデン,132,0,10765,120560,6,5,4,3,3,7,2,2,32
J3VEGIIRF,おーしまほ,VB9VUYC97,JIMOAI,1142,4,10767,120470,7,6,6,9,5,8,5,7,53
L4C4BPCG6,ゆきち,KW9K8TL2V,一人用,960,0,10768,120380,1,6,4,4,5,8,5,10,43
4BGJUFC6D,hiro,V6DKUH6JT,報酬だけほしい,718,2,10769,120290,7,6,5,8,4,4,4,7,45
30CB4TEN8,rina,9YG7C0VM7,綴理と無言で昼寝,749,1,10770,120200,6,4,2,4,1,7,5,2,31
GMV01X4TX,ひな,NCX28D4VB,Lyric,1074,0,10771,120110,4,4,4,4,5,7,6,5,39
TY6JLPJCT,グヘヘ,MG3X118W7,大室家,379,0,10772,120020,2,3,6,4,1,1,1,1,19
8CA76C3HB,ないぜるP,CWPWP1266,さすさや,475,0,10773,119930,4,4,4,6,1,7,5,5,36
BRD4UMRFT,よしざわ,YMKU30246,参加賞がほしい,200,0,10773,119930,3,4,3,4,3,7,3,1,28
URX49FGRR,みや,28XJ8NK4L,蓮ノ空まったり部,1030,1,10775,119840,2,6,3,2,6,9,7,7,42
E1TVTPL66,mikumiku,387J15240,蓮ノ空登山部,765,2,10776,119750,3,6,4,4,4,5,5,8,39
FYH9V3JTN,ここみ,PXDL7Y3VM,ビギナーズ改,592,2,10777,119660,4,2,9,5,6,4,2,4,36
UT5NH612R,青木陽菜,FN6HMA6KH,さやか激推し,335,0,10777,119660,1,2,1,10,9,10,9,9,51
6M5K821KD,kozu,UVN7G4X3A,闇のルビィ団,942,0,10779,119480,5,6,4,8,2,7,6,5,43
3LMJXWUZB,勤狼,FHN78V2DJ,無言でどうぞ,947,0,10780,119390,1,2,2,2,1,1,1,1,11
IOZJWUS9M,HOLY,HKETDDCK6,ぼっちざ蓮!!,1134,5,10781,119300,1,2,7,2,7,5,4,4,32
GWJ81XWY9,あなかん,W7YFDVP8A,手遅れの最先端,1004,12,10781,119300,4,4,4,6,5,9,6,8,46
13QQ1IOIZ,蓮野せつ菜,NTDM30NB6,霊使いリンクラ部,1133,13,10783,119210,5,5,5,7,5,9,7,8,51
JH9AHRK0G,たけのこの山,K25DPPGT9,圧倒的にまったり,1050,4,10784,119030,4,4,6,7,7,9,8,9,54
2K3K8HB4X,прудовик,43N0M7B57,Hasu EN,129,0,10784,119030,9,7,8,10,1,7,5,3,50
MC1EAC3WF,初心者2,9N4F9P8DU,リンクラ部（仮）,870,0,10784,119030,5,4,10,4,4,4,1,4,36
K1N40BZO7,ぴぴ,M44P06CH5,つづさや見守り隊,661,0,10787,118940,1,2,1,5,1,1,1,1,13
D4KJ7JK7V,グッチP,JXRJY65D8,蒼壁の艦隊,789,0,10788,118850,7,2,1,7,1,1,1,1,21
NZP2DQS11,リョウ,LB0K3MHND,フラワー,1055,4,10789,118670,4,6,6,6,5,8,5,8,48
9N4GL5YJD,nabeyan,F0DFY9N9C,ロンド・ベル,838,2,10790,118580,10,6,4,8,5,7,5,8,53
T6THUXKVU,Herz,FJMA5BPPE,蓮ノ空すきすき部,418,0,10791,118310,1,9,1,9,1,1,1,1,24
693RKZD65,CA03沼津,FTUJJ5KM9,無言◎私生活優先,1007,0,10792,118130,8,6,7,7,7,8,7,8,58
AH2JK1WEX,みよし,RBH0YM8P2,蓮ノ空ラーメン部,472,0,10792,118130,1,2,1,2,2,2,2,1,13
3IPXHVZRE,yoroy,5L9GNT78V,叶え！私達の◯◯,1060,0,10794,118040,7,7,7,8,5,8,8,9,59
GNMF3R591,あにゅ,M6NUAVA16,どうなんのすみっ,897,0,10795,117950,8,6,7,8,7,6,7,9,58
18QTHO3EQ,るみ♪*ﾟ,JE7V5MM31,蓮ノ沼に沈んだ泥,1014,2,10796,117860,4,2,4,4,1,9,1,10,35
W6WHSPZXK,澪つくし,F48D0K617,蓮スキー犬,1073,0,10796,117860,5,4,6,7,4,7,7,7,47
XP1QFZUBU,S56,N34LHVJKN,のんびり堂,1136,5,10798,117770,7,6,7,9,7,8,5,8,57
G7920H2BN,OHFUJI7,DN7JYXDXX,まるまるする会,427,0,10799,117680,2,4,4,4,1,1,5,6,27
0E5VLKD8E,みきた2,7UBUGF7G1,ワイのサークル,1079,0,10800,117590,2,4,5,4,7,10,10,10,52
J3K8L9SW1,たま,PY4Y88935,平日忙しい人たち,589,1,10801,117500,1,1,1,2,1,1,1,1,9
WW54DEZCD,さっしゃー,B5RB6PDGT,人見知りクラブ,1063,2,10801,117500,6,2,1,7,1,1,6,5,29
184TCH8BJ,柚月,WN3LHKX0L,レンコンおいしい,1313,0,10803,117410,4,4,5,4,1,4,4,9,35
4ART5NBE4,sinK,XNP3CHWM1,リンクラ愛好会,423,0,10804,117320,2,2,1,1,2,5,1,1,15
Y54DDL4RR,おにぎり,TW2M129HM,花陽ちゃん,1012,0,10804,117320,1,2,4,8,1,5,2,1,24
EAKGR37F2,Rayoco,7XH3K4GBT,LLP,954,2,10806,117230,2,4,5,7,2,4,9,4,37
02NDMLRA6,ティム,L28X4MDJN,アフター観たいぞ,984,5,10806,117230,6,6,5,7,4,6,4,7,45
JU0LF152M,Forest,T8X0G07YB,なければ立てる！,855,0,10808,117140,7,2,3,4,7,9,5,6,43
3KVRTPKJ9,TK,UHF5Y8PEF,さやちゃん倶楽部,1077,2,10809,117050,1,2,2,2,1,2,1,1,12
993YWB5UV,木村真純,5JA9K5FAK,オタサーの姫芽,569,0,10810,116960,7,4,5,8,4,7,5,7,47
UJ5O5QPJK,T.K,NGMU0511T,無言のお茶会,983,1,10811,116870,4,4,4,2,4,5,1,8,32
CMO03YQUY,乙宗快急,GYBERP62P,乙宗梢を推す会,697,0,10812,116780,1,2,6,2,1,4,6,6,28
0MRFE0VJ4,メープル,HPTHY23VR,蓮ノ空文芸部,325,0,10813,116690,1,2,2,2,1,1,1,1,11
38BWAH2P7,庵,A7WWE0463,蓮ノ空初心者部,344,0,10814,116600,1,2,4,2,1,1,1,2,14
9KYSERZ7H,りあやや,8M2MFU9U0,リンクライブ,896,1,10815,116420,10,2,3,2,1,1,7,1,27
M1BTUERXT,せんと,LAKRG5NK9,ログイン勢,891,3,10815,116420,6,6,5,8,5,8,4,7,49
LT74KNHGH,我不知道,9TPNWR2TU,中国地質大學,164,0,10817,116330,5,5,5,4,4,6,3,4,36
0PGLE3B4N,もふもふけだま,9BW3ECEXR,毛玉,460,0,10818,116240,5,2,3,8,4,5,5,7,39
JAWWWRWMY,スイカ,CCACL2CMM,無限城,283,0,10819,116150,3,3,5,3,1,4,3,7,29
K3365SCIS,愚者,BWD9U1EJ2,蓮之空中国同好会,895,0,10820,116060,4,4,4,6,2,5,6,4,35
J3WP8L9WT,Rakkosan,R9NGK6L48,のんびりサークル,750,0,10821,115970,7,4,7,8,5,4,6,7,48
J4T21T08R,鴎,X7YM9EG8K,伝統の石川地酒,804,0,10822,115880,4,6,6,9,5,4,4,5,43
UF32T1GVB,赤月静夜,LUDNM40F8,ふくふく無言OK,1067,3,10823,115790,5,10,1,10,4,5,4,5,44
0XT1XU4X9,はな,1F5EPPMLD,UR貰えればいい,185,0,10824,115700,9,5,6,10,7,6,7,5,55
7JER0174W,ゆう,VNEJ2RNW0,まったりんくら,264,0,10825,115610,1,2,3,4,1,1,1,3,16
JPRF1CUP1,ユキ,8YNHW7530,虹ヶ咲、蓮ノ空,533,1,10825,115610,1,2,5,2,1,1,1,1,14
8Z7UB4B3K,エリチカ,G26T2YFXH,トリアーエズ,256,0,10827,115520,1,4,1,3,1,1,3,2,16
N71UG2P4G,yuzuko,V6DKUH6JT,報酬だけほしい,188,0,10828,115430,2,2,1,2,1,1,1,1,11
TH7TV3L21,アンドラス,K3R1XY8UT,自由,828,2,10828,115430,6,6,4,7,4,2,1,7,37
6CYSL1L2M,だっと,JDAUTGR5N,花帆ウサギ,1027,1,10830,115340,5,6,5,4,5,5,5,7,42
UFXJ6V7KD,まる,5W9UK1KAL,蓮ノ空数学部,919,0,10831,115250,5,4,5,5,6,8,7,8,48
HB3V6DF36,zura,PDMPF3VVV,r/LL,1111,0,10832,115160,5,4,4,5,4,9,7,5,43
A40HRCVYY,バターピーマン,X1NMWXR4W,午後の紅茶花伝,163,0,10833,115070,3,4,5,1,1,1,1,1,17
GEE1X93KT,卿,EMVPJTR2Y,ぼっち,937,6,10833,115070,6,7,9,8,5,7,5,7,54
21F9NMUR2,ゆうまつ,PBTR3YWBW,とりあえず,470,0,10835,114980,4,5,2,4,4,2,7,6,34
TT51JMDN8,あいか,9YG7C0VM7,綴理と無言で昼寝,1052,5,10836,114890,7,4,5,6,5,7,5,7,46
EWPD09M2B,Firkin,X2YN7JW88,蓮ノツバサ,907,4,10837,114710,8,7,9,5,6,7,5,7,54
DLBNW81DN,はくのあ,06DCWC1RE,とりあえず参戦用,647,1,10838,114620,5,6,5,6,6,5,5,10,48
VH4WA3HBX,Kirito82,4CGP4DNTH,ソロ用,269,1,10839,114530,2,2,4,3,1,3,4,1,20
K7VE1XVL4,エクバード,AR9HR528A,いろいろ実況,858,3,10839,114530,8,6,3,8,7,10,2,10,54
3JLP1DCKC,めぐり,TXNCTRR1U,瑠璃乃推し隊,957,0,10841,114440,5,7,7,9,7,7,5,8,55
1AVD54MGO,Shiang,F4M2CD1U8,梢中國同好會,608,1,10842,114350,2,3,4,1,2,1,1,1,15
XEA9J6AL3,いん,E76N52LMW,イベントのみ,391,0,10843,114260,2,2,6,4,2,2,3,1,22
HK9JF9AV0,かほ@り,7D5TKBG45,リ!リ!リ！,496,0,10844,114170,2,2,1,2,1,1,1,1,11
DWUHMKA5M,ヨハネ,ATJY24T4B,俺の城,597,0,10844,114170,5,4,6,7,5,7,5,7,46
YWMVP2W97,詩音シオン,LUDNM40F8,ふくふく無言OK,1029,6,10846,114080,1,6,2,3,5,8,8,8,41
EIX06OTGS,かこ,3A63DYH54,LLすこすこ部,981,2,10847,113990,5,4,4,7,4,1,5,5,35
5MJ867HRF,ベロー,8MTLYLH9F,木星月華黄金宮,672,0,10848,113900,8,7,6,9,5,8,7,9,59
6EC94RMNI,ﾉｼ→◎,TB7GJ57D7,シャイニーフラワ,865,0,10849,113810,6,2,7,8,5,7,7,7,49
SHVBBTTPE,にせ,UHF5Y8PEF,さやちゃん倶楽部,1249,17,10850,113720,7,6,8,8,4,7,9,10,59
G6270C0KU,おくら,HH93ADAW3,無言自由。,937,0,10851,113630,7,6,5,6,5,8,4,5,46
RW86RXTEJ,おれ,PRY4573W6,報酬用,324,0,10851,113630,3,3,1,2,1,2,3,3,18
MAB66MLL3,しんのすけ,BT3GEWM5L,ささやか村の集い,1048,1,10853,113540,5,6,5,6,5,5,8,5,45
5XWW3UV5U,hobgobli,5WUDLMWEP,蓮ノ空は明日ノ空,908,2,10854,113450,1,7,2,6,10,5,1,5,37
KMTG52ZOW,菜ノ花,KGDNX3EF3,ENcircle,778,6,10855,113360,4,2,1,2,1,2,2,2,16
5BEN21C5B,ダイヤル,YAY2UK2CT,蓮の空研究部,574,0,10856,113270,2,2,4,3,1,1,1,1,15
TKJ23T1AF,kou,9P9EPKFHE,無言参加OK,396,1,10856,113270,1,2,3,3,2,1,1,1,14
2OVTEBTW8,そうまやまだ,PMME7169X,蓮っ子動物園,494,4,10858,113180,9,2,4,4,1,3,5,1,29
WPMAPCH9K,あかぶちめがね,3B58M2YUM,サンプル,718,0,10859,113090,5,5,6,2,5,7,5,5,40
DUN1XBNCC,しな,PN4VA24XF,みーかるぱーく！,1032,1,10860,113000,2,4,4,9,5,9,1,10,44
Q1WM29WHT,たかこ,TCTEAMP9C,虹ちゃん最高！,677,1,10860,113000,2,2,4,7,1,8,1,5,30
U8JYWGJJT,ときわ,VF517JBVB,無言でいいよ。,728,0,10862,112910,10,2,8,7,1,5,4,5,42
C274ZSJU7,シー,H0DV3JJGA,かほさやてぇてぇ,847,2,10863,112820,4,7,5,10,1,8,8,9,52
LYTN8L8VR,ベロニカ,WN3LHKX0L,レンコンおいしい,757,2,10864,112730,4,6,6,2,5,1,3,3,30
HTRELKUV5,もっちゃん,LFB48H6MU,超初心者の会,858,2,10864,112730,1,2,2,2,1,1,1,1,11
0FSI1J203,berufe,B5B3P85YF,スリブ愛好会,502,0,10866,112640,3,2,2,7,1,1,2,3,21
WZKQX01OY,BlackBox,WE4AB37FP,めぐ党,680,0,10867,112550,1,2,1,2,1,1,4,3,15
YOCBRKKY0,真司,9XNH0HDBN,蓮ノ空∞園芸部,593,0,10868,112460,3,2,5,3,1,1,2,1,18
PFY75ZDXY,トオル,8YNHW7530,虹ヶ咲、蓮ノ空,734,1,10869,112370,7,2,2,4,1,5,6,4,31
FM8XR3C42,sif2,LRKRUR21F,ちゅけバフ,162,0,10869,112370,3,2,5,2,1,1,1,1,16
9V8VXJYH3,うゆゆ,9PF5MA59P,めぐ可愛い,813,2,10871,112280,8,7,1,4,1,9,10,4,44
M1YPR8ARR,ミッチョン,82HYF9GJ8,函館聖泉金沢支部,647,0,10872,112190,5,4,6,7,4,7,4,7,44
FW9ZVMEEM,あげっち,AK795AE43,ハスハスしてきた,827,3,10872,112190,6,3,10,5,10,5,4,8,51
D0AU0EUV2,MT,T4WY63DB9,ういのま,1128,0,10874,112100,5,6,8,4,7,8,7,9,54
5QQTCKBJF,にここと,VXF8P7NDC,どんぐり。,882,0,10875,112010,7,6,4,8,4,5,7,7,48
ARM9EBK5E,まりりん,93UFP012L,OYJ!!!,957,1,10876,111920,9,7,8,8,4,7,5,10,58
FG1XUMLVU,ぬ〜まん,0YLUK30K6,蓮っコの集い,971,3,10877,111740,7,4,6,7,4,5,7,7,47
12ZSYGMAQ,あきどる,TJ5MKUCFD,lotus,148,0,10877,111740,1,2,1,1,1,1,3,1,11
X2S7JG3MC,フク,LB0K3MHND,フラワー,1128,7,10879,111650,1,6,3,8,5,5,8,8,44
P4RAGVD94,ハネブルー,5L9GNT78V,叶え！私達の◯◯,382,1,10880,111560,5,5,1,4,2,4,3,3,27
YF31FFLY6,ローナ,JD1PFYJWE,瑞蓮隊(無言OK,360,0,10881,111470,4,2,5,2,1,1,4,1,20
F8U63639F,ゆず,NMRKHYYRM,ご自由にどうぞ,136,0,10881,111470,6,5,5,4,4,6,4,5,39
JV67C5NR2,えな。,DKNHY5HH6,なす料理研究会,945,1,10883,111380,4,4,6,4,4,7,4,5,38
11NVPN7AL,琴音p,AWFDLJ1HC,小蓮花（重生版x,572,0,10884,111290,1,1,1,2,1,1,1,1,9
N418MS6HN,yoooo,AR9HR528A,いろいろ実況,1155,2,10884,111290,5,4,6,7,5,8,4,7,46
3TBZWQ5HP,りゅうざぶろう,J5CKL5YPX,ログイン勢かもん,860,2,10886,111200,1,7,4,6,6,5,5,8,42
HVANUD3QL,まっつー,RN24L196L,るりーーー,1032,0,10887,111110,5,4,8,7,5,6,5,7,47
X41BACE9K,こん,26246W72R,初心者失礼します,424,0,10888,111020,1,6,5,7,4,7,5,5,40
AHBKTTFTT,るり＠り,7D5TKBG45,リ!リ!リ！,500,0,10889,110840,2,2,2,2,1,1,2,4,16
B7PO6EQPD,eye,9YM3DBTB7,泥民館,890,0,10890,110660,1,1,3,2,1,2,2,1,13
8F8D4KLXH,もももち,E1HVJ71JR,ご自由にどうぞ,770,0,10891,110570,7,6,5,8,5,7,5,5,48
DF2XV2KVN,A,2BB5YVRFL,蓮好き好きクラブ,163,0,10891,110570,2,2,2,3,2,1,1,1,14
KB4PK4WEK,かほぎん,UHF5Y8PEF,さやちゃん倶楽部,971,0,10893,110480,1,4,7,7,7,7,5,8,46
7LKAY0N9V,ヒナ,53M4V2BVG,吟子の髪飾り,214,0,10894,110390,3,7,5,4,2,2,1,4,28
004B95LBK,じゅじゅ,BXC1T2HY2,初心者の集い,88,0,10895,110300,6,7,6,4,2,3,6,6,40
OSH6IS8ST,Peg,VXF8P7NDC,どんぐり。,990,0,10896,110120,7,7,6,8,7,7,7,5,54
BBMVAR170,木村忠右衛門,60KU468X3,はっすーず,1131,2,10897,110030,4,4,4,6,7,8,7,7,47
CGB27HF40,きんた,HXVYGL96H,初々しい対抗戦,184,0,10898,109940,9,7,5,1,5,5,8,6,46
P01PRE98T,椅子,NL1MPRG05,とりあえず,559,0,10899,109850,1,1,4,1,2,1,5,3,18
P3XJLGH8R,CROW,8MTLYLH9F,木星月華黄金宮,605,2,10900,109760,1,2,1,2,1,1,1,3,12
LE11A0ESC,桜紅葉,AH27N260E,百生信託銀行,444,0,10901,109670,2,2,3,3,1,2,1,1,15
2H7W1F964,ヨガヲ,60D1TTYTV,無言自由会,963,6,10901,109670,1,4,4,7,4,9,5,7,41
30RBF4CTB,なお,HA6MUTC30,自由なのだけれど,682,0,10903,109580,6,4,4,4,1,5,6,5,35
XYH0VMW50,りり,9X07VGM42,近江町食べ歩き隊,1042,0,10903,109580,6,6,5,7,5,7,5,6,47
KJ0LWG93R,たけい氏,1EL57CDR0,なんもわからん,692,0,10905,109490,5,4,10,7,4,7,6,10,53
7GKW87B1R,ペン太,C2XLWUTL1,夕霧綴理親衛隊,1072,2,10906,109400,5,4,7,6,5,7,6,7,47
4J4TLETYB,たいち,WEXP8MADJ,つづりのおでん,633,0,10907,109310,1,2,1,3,2,1,1,1,12
PY4N1VYHB,ひな,YMKU30246,参加賞がほしい,323,0,10908,109220,7,6,5,8,4,7,5,7,49
C2LHTX9XT,いつき　ゆう,6YTAMD33M,リリエンフェル党,315,0,10909,109130,4,5,1,2,3,3,7,10,35
16IHH88PP,ひよこ,5WUDLMWEP,蓮ノ空は明日ノ空,382,0,10910,109040,1,2,1,4,1,3,1,1,14
NX8A2WE63,金沢 5725,V29NBHRHL,自由気ままに,193,0,10910,109040,5,4,3,5,1,5,1,2,26
M3UUI0PEP,きゃめる,JRAC1HYUD,SPHS-MMT,1179,0,10912,108950,4,6,5,3,4,7,7,9,45
3QID6VA8L,カズどん,JHTULVV5P,故に瑠璃乃推し,779,1,10913,108860,8,2,2,2,1,1,1,7,24
V71PR8MV0,ソノフナミ,T4WY63DB9,ういのま,738,0,10914,108770,3,4,4,2,1,2,2,1,19
7V4C4YCPA,SHIPIT,LMGYN5VAV,北部公園散歩部,726,0,10914,108770,5,3,4,6,5,7,6,7,43
63PLPAA9E,メルヘン村,M5P5T4TX3,のんびりリンクラ,398,0,10916,108680,5,4,1,2,1,1,1,2,17
WF0VWLL9J,リン,NMRKHYYRM,ご自由にどうぞ,741,0,10917,108590,4,8,7,7,5,6,5,7,49
VN8KJ0H7M,N²,E7R11MYE8,ゆったり蓮ノ空,870,4,10918,108500,2,2,1,3,1,1,3,1,14
J2G6REFRA,雨音,KFC62L0FV,ねるねる同好会,1037,8,10918,108500,4,4,4,7,1,7,2,4,33
343BT0WUC,龍牙七夜,KC1W74B9B,蓮六園,928,4,10920,108410,6,4,7,6,2,10,7,9,51
96JY3J4F0,セレディア,5561U9ACU,せーので茄子ノ空,925,3,10921,108140,5,5,7,7,5,6,5,7,47
0152BEHAL,k,HKM402U9B,お野菜さんSSC,205,0,10921,108140,5,4,2,4,1,5,4,5,30
FV6L0BJ3C,ナト10,ABALH0AL3,楽園計画,813,2,10923,108050,7,4,4,8,4,7,5,7,46
TTVUX757A,スダコ,T045NDKW0,♬さやか愛好会♬,648,1,10924,107960,1,2,1,2,9,1,1,1,18
EB0FWU4QG,ダッチズ,T56X6LP0L,光の海,843,2,10925,107870,4,2,4,2,1,8,1,1,23
80VE4992T,HIRA,FFMGXLUAA,蓮ノ空鉄道研究会,485,0,10925,107870,1,1,1,2,1,1,1,1,9
XM461284L,PANd,K95YH6P1C,蓮ノ空泥の会,713,2,10927,107780,1,2,1,7,1,4,1,1,18
MREVD4RFN,mame,D7UA5ER1E,UR報酬欲しい！,832,4,10928,107690,7,4,10,6,4,5,8,5,49
U68277NF9,ゆいな,X87KNX4N3,蓮ノ流星群,659,0,10929,107600,8,7,5,9,6,7,7,8,57
HJA4RTABQ,イーリン,7D5TKBG45,リ!リ!リ！,702,1,10929,107600,2,2,3,2,2,1,3,2,17
31OMMQDTE,ヴィノス,866DU609J,ラ！スレ@may,751,1,10931,107420,7,6,8,9,1,2,4,7,44
P1IFHMYKQ,Ange,FE282F3VH,天悶部,900,0,10932,107330,6,6,4,4,5,6,4,7,42
QKDV7NJVW,まとい,C2XLWUTL1,夕霧綴理親衛隊,848,4,10933,107240,2,2,1,3,2,4,1,1,16
FWAPNYXG8,もんちゃ,G0WRCNRWK,県立沢庵図書館,103,0,10933,107240,7,7,8,6,2,7,3,3,43
O2MI4VJFD,UEM,EKTJ1PUR6,カリスマワールド,974,0,10935,107150,4,5,1,5,6,10,10,9,50
NWHOYD4U3,たー,3YWMY4JVN,82プロ,899,0,10936,107060,8,7,6,7,5,7,5,8,53
TPZR0AC3T,ソウマ,AUDYF2CJJ,めぐちゃん激甘党,575,0,10937,106970,1,6,5,6,5,8,1,9,41
LL2VKFPC0,つばさ,3194B9E93,初心者寄り合い所,471,0,10937,106970,1,2,1,2,1,2,1,1,11
9RFDDTDV1,tk2,JWUL2T36L,チーム初心者,666,0,10939,106880,8,2,4,10,5,9,5,9,52
62PCU0TW6,かろーら,E6WR9G75P,安養寺姫芽推し会,485,5,10940,106790,7,10,10,10,10,10,10,2,69
LC4W5A354,よすけ,AVY8PECF0,初心者の集い,94,0,10941,106700,9,7,6,5,2,5,1,3,38
533GK0RXR,相沢梓,PD80VCP5N,虹ヶ咲学園,257,0,10941,106700,1,3,1,2,1,3,3,3,17
6J6POJDVB,ぽっぽ,JPNNY7W5F,ログイン勢,875,3,10943,106610,4,1,2,2,4,2,5,4,24
XB7KAXL1X,なお,XXMU9WLKB,梢の機械さん,380,0,10944,106430,3,2,1,4,3,1,2,1,17
957KEGTVX,百生 詩苑,Y5T1PGHJM,陰のリンクラ支部,560,0,10945,106340,3,1,1,1,1,1,2,2,12
WA5CLAY91,やなな,H1G4CDT6C,無言自由,954,2,10946,106250,2,4,4,7,5,8,8,8,46
3UU6M77T9,かぴ,4FN0KWB4G,無言参加大歓迎！,237,0,10946,106250,5,6,6,5,2,1,1,1,27
8310EH618,ちー,12KVAFYW2,217find,475,0,10948,106160,4,3,3,1,2,7,9,4,33
4KK2E4PC0,ごま,1GWLJH68X,☆村野さやか☆,433,0,10949,105980,2,2,1,1,1,1,1,1,10
LV4TRAJ8R,よほほん,3GNATPTJH,めぐ党 千葉支部,882,2,10950,105890,6,4,5,4,2,5,5,4,35
G6UOQKBSR,にゃろめんこ,H1LTYMK0B,花帆が可愛いの会,971,0,10951,105800,5,6,6,7,6,4,4,7,45
UOQ5FIL4T,リンリン,7D5TKBG45,リ!リ!リ！,814,1,10952,105710,2,3,2,2,1,3,1,1,15
79BJLJBCU,hourow,XPX36F6JX,無言初心者お試し,827,2,10952,105710,5,2,2,2,5,5,1,5,27
XLE998L93,まーち,7B0W0EWVA,ソロの為の避難所,615,0,10954,105440,6,4,4,9,2,8,5,7,45
GEL10JFC8,とりいえ,PA9896VH8,ひとり,392,0,10954,105440,2,2,3,1,2,1,1,1,13
D1LLG96IS,あらあら、慈♡,YA8XX70V6,さやかほ家系。,1158,4,10956,105350,1,4,4,9,5,7,2,8,40
XCU5UNB62,らん,30W3RA65G,蓮ノ空自由クラブ,509,0,10956,105350,5,2,1,3,1,7,1,2,22
F1HLDL8Y2,OLEO,Y6KN85L5P,孤独の村人,858,0,10958,105170,1,1,2,2,1,8,1,2,18
WF8N2L6H1,渡辺曜,DW13FCXPT,Mulbungs,699,0,10959,105080,7,4,2,2,1,5,4,5,30
MNG0K7BHV,像,G2B2TC3PK,iLiFE!,555,0,10960,104990,8,7,6,10,4,9,9,10,63
80HAG7MEK,ユート,UX96YX4T1,『位置について』,499,3,10961,104900,1,2,2,2,1,1,1,1,11
7VKCK9RIQ,フルールカノン,DH97ANN9G,ツキマカセ,1108,5,10962,104810,1,7,4,9,7,8,7,8,51
X6JTXM9C7,小川小雪,73VTANA71,隨緣努力^▽^,165,0,10963,104720,10,6,4,7,4,8,4,6,49
2NZMH6L14,IN,TR057C1UW,蓮ノ空ぼっち部,810,1,10964,104630,8,2,6,8,5,4,1,5,39
NKJW56Z1T,たこす,95TAREFPT,ご自由にどうぞ,1108,0,10965,104540,4,6,2,7,4,8,5,4,40
1GUN30LEZ,四十肩の狸,DYA2LK0KK,ろーたすぺたる,913,2,10965,104540,1,2,2,2,1,2,1,1,12
RF041JGWD,やえ,YMKU30246,参加賞がほしい,198,0,10965,104540,9,7,7,2,6,8,8,9,56
FM7DA1BEW,セリオンズ,WYUH9J3BC,工務店,1104,1,10968,104450,5,4,6,9,5,9,4,8,50
2ACM8IRC6,てちゃ,W3F0URUJC,梢先輩応援団,743,3,10969,104360,2,3,3,3,7,1,1,1,21
204R42URP,N.A,WNA5GTJPP,蓮ノ空百合クラブ,981,5,10970,104270,7,6,5,6,7,7,5,5,48
3KBBG85T3,水無月,UDH9H8CDX,まったり,889,1,10971,104180,5,4,8,7,4,5,4,7,44
F2YE00UPM,はるかぜ,B6KWXGHWH,蓮ノ空SIFC,1012,0,10972,104090,1,2,4,4,4,4,4,5,28
8IF6IDDYC,Naginata,UJJ4KVDMV,水彩世界は正座,1081,4,10973,104000,5,6,10,10,10,10,5,10,66
EWSBRB27O,ゆうぞう,8ARWEB67F,蓮ノ空れぎゃ米部,930,4,10974,103820,4,7,4,4,5,4,8,9,45
K4MBMKD5V,しーちきん,00T3NXXA9,初心者,624,2,10975,103730,2,2,1,3,2,3,3,4,20
CHLW1OXF1,あなたちゃん,YB3VJBCCH,愛トモの会,833,0,10976,103640,2,5,7,4,1,5,4,5,33
8V47WAWC1,TAROT78,9VDEWVP01,瑠璃乃の集い,242,0,10976,103640,1,2,1,2,1,2,5,4,18
7AFHYDHTB,きぬはた,RGR1NVGWH,無言推奨・自由村,597,2,10978,103550,1,2,1,2,1,1,1,1,10
J8F0RFK2G,ごうひめ,1XX6FWJRB,オートスキップ団,521,0,10979,103190,6,2,4,2,5,9,1,7,36
WEXGRHUVQ,すの〜び〜ち,8UJNTV5BX,のんびりと部,1160,6,10980,103100,5,7,6,8,7,4,7,4,48
CFMEIWPGS,ほね,JA2C658FW,さや綴理の村人,563,0,10981,103010,1,2,1,2,1,1,1,1,10
ZW4BJZ3YG,上原サスケ,P2J37FNLG,乙宗先生指導会,1056,0,10981,103010,1,2,6,6,5,8,8,8,44
PC4RDT2PH,cyberful,AAHB7C276,HaCordVN,949,7,10983,102920,7,5,6,7,6,7,7,9,54
DX8MA70TT,ぺる,E12PR824F,ゆるっと蓮ノ空,979,1,10984,102830,4,7,7,6,5,9,5,8,51
A7PV6YSJ1,Elton,60KU468X3,はっすーず,616,0,10985,102740,4,6,5,1,7,4,1,5,33
JWW4XBV8D,ムロ氏,MG3X118W7,大室家,954,5,10986,102380,1,4,8,7,7,7,7,5,46
YF3ANWDAJ,Bella,C8A9CTB34,蓮ノ空山岡家部,518,0,10987,102110,6,4,4,6,4,7,8,8,47
23K2L3BY3,ck327jp,6CC83J3EJ,蓮之空台灣分部,859,0,10987,102110,1,4,4,6,5,5,5,5,35
WF9F1RV61,セカイ,FV38N1J23,イベント用,1031,5,10989,102020,1,2,6,8,7,10,4,9,47
942YW5G6U,たか,36DAM7HBL,蓮隠れノ里,986,5,10990,101930,5,4,6,8,7,9,6,7,52
5PTBWG41V,のんたん♡,4FN0KWB4G,無言参加大歓迎！,174,0,10991,101840,3,2,1,3,2,1,3,3,18
FCGYJHGFN,オガヒ,6N3F238R0,イベント参加用,353,0,10992,101750,3,2,1,2,1,1,1,2,13
5L122VMYL,枢木,1UBNNHVLG,蓮箱推し（仮）,1025,2,10993,101660,2,2,2,2,4,4,6,5,27
G4FBU6IPH,ヨリコ,FNMV166UY,蓮ノ空喫茶部,945,0,10994,101570,4,4,5,6,1,8,5,5,38
7WHEM84P0,ティアナ,H6JWBBGCG,蓮天・乙宗一心流,1034,3,10995,101480,1,1,1,2,1,1,1,1,9
XBKEENOZC,大きなかべ,FMKP92LRL,目が霞む人達,1040,7,10996,101300,4,6,4,7,4,7,4,7,43
RK2YMNYJW,梓,VLY5JDKCV,新規なのだけれど,341,0,10997,101210,10,10,7,10,7,7,6,7,64
FN4BOAOEJ,高松 はくい,FMX18M4EL,はすの,1069,2,10998,101120,7,4,4,5,4,7,7,7,45
EEF8YBWYN,さこ,1BPH8ARAX,（仮）,710,3,10998,101120,1,3,4,1,1,2,2,3,17
G5ML563GT,梦水梨子,Y337R7BW9,中国の蓮之空圈子,729,3,11000,100940,6,4,3,6,1,4,1,8,33
MNGWJQBPG,七代,BUMKNLWVG,ミルク王国内灘,646,0,11001,100850,1,4,5,5,1,1,1,1,19
3H4HGFUE2,もえ,58FD7UF8J,としとしサークル,1012,1,11002,100760,6,4,4,7,7,7,7,8,50
WHYYJ9PFE,ヒジリ,7XAXY1P8A,沼ノ底学園,682,0,11003,100670,6,2,4,4,4,8,5,4,37
GFCU82O67,まつと,JWUL2T36L,チーム初心者,621,0,11003,100670,4,3,4,6,4,1,4,4,30
NR1PC1MF1,小鳥遊依葉,W9V6VTXAN,梢先輩の歌声好き,190,0,11005,100580,10,8,7,3,4,8,3,6,49
K5V0KNO4U,maru,1UXTTMAUA,寝そべりクラブ,978,2,11006,100490,1,5,6,8,8,8,1,8,45
NL0WLYYWP,Curl,GLP0WPDRM,イベント用の泥,767,2,11007,100310,4,7,1,6,1,5,1,5,30
2PRUO6TLL,阿部,CRYB2FJ64,つくよみくらぶ,1187,12,11007,100310,4,7,7,7,5,8,7,9,54
UM5025YKG,村野めぐみ,VKW1GNAPL,伝統を守ろう,692,0,11009,100220,6,4,6,7,6,7,7,7,50
W9MUZG7U3,ゆず,TD87P23DJ,黄昏の旅団,947,0,11009,100220,7,7,7,7,5,8,5,8,54
DEPUVF3F7,ショートケーキ,M7169V8ND,集,739,0,11011,100130,4,8,6,4,4,7,5,6,44
U1BCR79HJ,けーたん！,C68491XHB,みらくらぽーく！,500,0,11012,100040,5,3,6,6,4,4,5,6,39
BM5D43799,テノール,NX9KJK529,虹ヶ咲学園,641,0,11013,99950,1,2,1,3,1,3,1,1,13
19JVEM3XU,mariri,7G23BHH2H,とんと,272,0,11014,99860,7,5,5,4,1,5,4,7,38
TG4FNTABV,えむむ,4EEENDTTW,みらくるすぱーく,981,3,11015,99770,4,4,4,7,4,9,4,10,46
33B6S3XQH,赤姫,CJ398GJAT,バッグクロージャ,915,7,11016,99680,6,2,6,9,4,10,4,9,50
SPR3ACX6B,りんね,9N4F9P8DU,リンクラ部（仮）,744,0,11017,99590,1,2,2,2,1,1,1,1,11
0PZC6VTV1,クロエ,ATE4GEUHP,リンクラ遊部,1182,6,11018,99500,4,6,6,8,4,7,6,5,46
Y2EBFGFX5,せつ,XVTV7MVCX,雪月花,912,0,11019,99410,2,2,3,6,4,2,5,4,28
V1M9L94F7,はの,6WUADDR4U,からあげ,377,0,11019,99410,2,2,5,4,1,4,1,2,21
FF9CPCCP5,五十鈴,DKPMRA0TA,蓮ノ空奉仕部,565,0,11021,99320,4,7,7,4,1,8,5,7,43
1NVTY7YWV,A8,VD7N7A4WH,氷青色,444,0,11022,99230,10,6,8,6,6,10,5,8,59
MTZ6HVL47,ケイタ,H5L4U34AH,あ,472,0,11023,99140,1,6,2,1,5,8,7,7,37
RM52M6N4F,餡ころもっちもち,2VJG66JTH,まったり,220,0,11024,98960,10,10,10,8,8,9,7,10,72
1I22XKC76,あずき,ADV5B17VN,蓮空,1119,3,11025,98870,7,6,6,8,6,8,5,9,55
753HZZFQO,桃花,6CC83J3EJ,蓮之空台灣分部,615,0,11026,98780,1,2,1,2,1,1,1,1,10
UORSSSYXA,リッキー,YDLF300BV,GREEN,774,0,11026,98780,2,4,2,4,4,5,5,6,32
4XPLD9PDU,絢瀬,427WENUC4,心の癒し～蓮ノ空,114,0,11028,98690,7,3,4,7,1,2,2,7,33
75XENY63U,楓,N1DJVPGP8,いつでも咲けるよ,321,0,11029,98510,5,10,1,6,7,5,2,1,37
PGBB31JCN,SANPRO!,ELDXGWNA6,○サークル,180,0,11029,98510,2,1,1,3,1,1,2,1,12
B558WPNMA,タカノリ,X2C9T4GMD,スクフェス残党,316,0,11031,98240,4,2,4,1,3,2,5,6,27
G23ZGJ76Z,れんこん,CY3GGDH7H,㍿キモ・オタク,891,5,11031,98240,4,4,6,6,4,7,4,4,39
G68GX9XPJ,半夏,BXJ6WV4TB,中国club,846,0,11033,98060,4,2,2,6,1,5,5,1,26
7132BK059,Stellaps,WLFW6UCX5,無敵級ビリーバー,863,4,11034,97970,4,3,4,4,1,2,3,10,31
U88X7NLX9,ゼンゾ,UHWA4YLWP,蓮ノ空を見守る会,568,0,11035,97880,6,1,2,2,1,7,6,4,29
PGV4JBVV0,アライグマ,CWL6UENU1,おだ,300,0,11035,97880,1,1,2,1,1,2,1,1,10
JX6VY1TW7,moca,DKPMRA0TA,蓮ノ空奉仕部,610,0,11037,97790,7,2,6,5,4,4,2,4,34
C8HHG1EBG,ちひろ,E58FYF67C,ロータスランド,306,0,11038,97700,7,4,4,7,5,7,5,7,46
4V75X1445,アリカ,N1JAJ83CA,蓮ノ空園芸部,1381,0,11038,97700,6,6,6,7,7,9,7,1,49
HWJ7FVH8D,アトリ,YAD615PCK,蓮を咲かせる泥達,796,0,11040,97520,4,4,5,7,8,7,4,7,46
X2JJB4G30,いくら,YVF1V2AH6,蓮ノ空全共闘,270,0,11041,97430,5,7,9,6,5,7,6,8,53
E0PTNNJ6R,明るい学院生,6HXC3AG29,個人用,226,0,11042,97250,1,2,7,5,4,5,4,4,32
8VP1X89DE,JIN,2CRT48K9F,百万アンペア,255,0,11043,97160,6,5,7,7,5,6,7,7,50
T2UAJXABA,RyuBell,UHWA4YLWP,蓮ノ空を見守る会,1079,4,11044,97070,5,6,5,8,4,8,5,7,48
LG8I5OI58,西木野可可,75UJ5RB97,蓮ノ空雪野球部,166,0,11045,96980,2,7,6,6,4,5,1,4,35
GUUTY0FCF,あに,58FD7UF8J,としとしサークル,461,0,11045,96980,1,4,4,4,4,4,4,5,30
2TR8JCKPG,あ,W2FPR5BVF,あ,434,0,11047,96890,1,3,7,2,1,2,1,1,18
TK9KDUJ1M,tommy,E1HVJ71JR,ご自由にどうぞ,815,0,11048,96800,6,2,4,6,5,7,4,4,38
JRW4L5KV4,がま,2HEFYHN82,異次元フェスから,715,0,11048,96800,5,6,4,9,5,7,6,7,49
UNT4R8DKP,ちゃーはん,R7VEXFUBP,蓮ノ空応援クラブ,461,0,11050,96710,1,1,1,2,1,1,1,1,9
QJO17H3A1,と,8MDA3A0AK,イベント用,593,0,11051,96620,7,4,5,6,4,1,5,7,39
77THF1YDD,LC,AB6C365W6,蓮,494,0,11052,96530,5,4,4,5,5,4,1,4,32
B8EPXOFRZ,Preston,7P4CAER9X,まったり倶楽部！,269,0,11053,96440,2,2,1,4,1,1,1,3,15
JHH4NJYMB,綴＠り,7D5TKBG45,リ!リ!リ！,472,0,11053,96440,2,2,2,2,1,3,1,1,14
CLCRJKFWU,ちはや,YMKU30246,参加賞がほしい,289,0,11055,96350,1,3,2,3,1,1,2,1,14
33JNHGJUK,あおば,RN8N4JV12,飯山線アイドル,773,0,11056,96260,10,10,10,10,10,10,10,10,80
V9ZHPAKWO,リケット,9YRT8FBLL,ふたばみつば,867,0,11057,96170,6,4,4,4,8,9,5,8,48
G5GP6VF12,たなか,K884DPYJ5,あ,193,0,11058,96080,2,1,2,1,1,1,3,1,12
M2AGYMJFB,雨若星繁,E76N52LMW,イベントのみ,106,0,11059,95990,9,6,8,7,2,5,2,3,42
EDG5KFDCG,とーふ,XXVVJY6FE,はぴぱれ,228,0,11059,95990,6,5,8,7,5,8,6,1,46
OFKJ5PY0N,薄明@追い風,F02VGJVCW,てすと（仮）,908,4,11061,95900,1,3,1,1,1,4,1,4,16
G1R5JTX2A,kawaya,1ET4JA893,虹蓮中国同好会,871,5,11062,95810,2,2,9,4,1,1,1,1,21
2C46TKEGV,ミラクルリ,EWM0GK62C,誰でもどうぞ,936,2,11063,95720,1,2,5,2,5,8,8,8,39
34N0TLTUV,くるまろ,3RH5MYBXV,こずめぐ党,858,1,11064,95630,4,4,4,6,4,2,5,4,33
FAWW5YUXP,キャップ,XXVVJY6FE,はぴぱれ,200,0,11065,95540,7,5,8,7,4,9,4,9,53
BPC431B54,ちよ,TK9E1BB1P,無言で自由,410,0,11065,95540,1,1,3,2,1,1,1,1,11
EXTLWJW4M,zoids,865UE9UC6,蓮ノ空うどん部,428,0,11067,95450,1,2,1,5,4,4,4,1,22
NFFXLC190,期待の学院生,BTVC9G95X,FES用,321,0,11068,95360,3,2,7,2,1,1,2,2,20
L6MGIEXS1,霜月,3TKAM6VLE,Library,963,0,11069,95180,4,2,9,5,5,5,1,4,35
G72K5XXDN,奏,BCFMPKF2B,とりあえず作成,349,0,11070,95090,1,2,1,1,2,1,1,1,10
60MJ8U4W5,テヲドア,80NVTNUN1,bco,558,0,11070,95090,10,2,2,7,8,2,1,8,40
7GKC99Y60,辻(本物),35JCHXLTV,yumo,584,0,11072,95000,1,2,2,2,1,1,1,1,11
M4VEMW5X5,いせみ,2UKNVBMBU,梢ちゃん同好会,952,2,11073,94910,1,2,4,2,1,4,1,1,16
JV9VB8V72,ありのり,FWL85RGG7,ひとりぼっちーむ,152,0,11073,94910,5,6,5,6,2,4,4,4,36
71C00LK71,カズマ,E76N52LMW,イベントのみ,881,1,11075,94820,4,7,8,4,4,9,5,10,51
0TV1FRN83,Miror,2B97MH4YA,同じ話し何回も…,492,0,11076,94730,7,4,5,8,7,9,3,5,48
YAXJ6E375,ダンクウ,BYA3FA0X8,無言ぼっち同好会,903,0,11077,94640,4,6,6,4,4,4,4,5,37
DN1JGK1VR,二窓,9E910GGD2,蓮ノ空給湯室,718,0,11078,94550,4,3,4,4,4,5,5,4,33
MHWVYQCBZ,阿瑋,LB0K3MHND,フラワー,1010,3,11079,94370,2,2,4,2,1,1,2,2,16
JGJD8JBLJ,カンタカ,LGBUPDV4D,蓮ノ空金サワ支部,454,0,11080,94280,2,3,4,3,1,1,1,1,16
MB2OFNCE9,藤巻商店,7W66KAFEB,ログボ勢,863,0,11081,94190,7,2,10,4,4,5,4,7,43
DU4RMKR1K,あるぱか,XN2VEA6DN,無言,836,0,11082,94100,1,6,4,6,5,5,5,9,41
XPPAMVGVN,黛雅硬度十,EXF8N70D8,蓮之空中国分院,893,5,11083,93920,1,2,2,1,1,6,5,1,19
UVJ4X6YV7,まさまさ,407VAU0TT,ログボ勢の集い,451,0,11084,93830,5,2,1,6,5,7,5,7,38
1TFM3ADGW,大トロ,5YJBYGEK5,さやかほ～,498,0,11085,93650,1,2,1,1,1,1,4,4,15
5GJLMMA51,こうと,C0NDBKMRB,すりぃずぶぅ家,314,0,11085,93650,2,6,2,4,1,5,1,2,23
N7MHHN7GB,いも,GBEJMUFWT,めぐちゃんズ(仮,764,3,11087,93470,4,5,8,8,1,2,1,1,30
0S34QCI1C,なな,XHJLF3R8H,ゆったりプレイ,733,0,11088,93380,5,4,6,4,5,7,5,7,43
MHULW5WPK,さの,0FMM30LCA,無言,450,0,11088,93380,8,7,9,10,5,7,5,8,59
V8RH3VYJJ,つばさ,8MTLYLH9F,木星月華黄金宮,391,0,11090,93290,8,5,6,7,4,7,6,7,50
V0WPM9XA2,ねゆこ,XA0XD41CM,ぼっちぼっち,241,0,11091,93200,4,5,4,4,1,4,1,1,24
1P2G0E8RY,小田部,4B2FERVVT,牛頭ﾉ空馬頭学院,130,0,11092,93110,2,3,4,3,1,3,1,1,18
FQZHFE11M,ショウジ,WDK6AXBEW,仲良しクラブ,700,0,11092,93110,5,2,1,4,1,4,5,4,26
EAEHXBYHS,はあこ,NCX28D4VB,Lyric,758,2,11094,93020,3,3,2,3,1,3,4,2,21
CWGGMJAIG,Chisa,F2M746D4B,頑張らないクラブ,873,0,11095,92930,7,7,4,4,1,7,1,5,36
TAUYE32V3,快速急行,E050K9859,蓮党,775,0,11096,92840,7,6,6,8,5,8,5,7,52
UFV7KYT1Y,どん,9C0KWR782,まったリンクラ,1036,2,11097,92750,6,6,7,7,7,8,5,7,53
BAHMD4U76,プリンの世話人,KGG6VMD1R,蓮ノ空本蓮沼の会,253,0,11098,92660,4,8,9,8,7,6,7,10,59
4FLV2RY42,フーミン,PH0YEPJD8,蓮ノ空北國金沢,971,7,11099,92570,6,6,6,5,5,8,5,5,46
V8RAAVMN4,虎フジ,EHGD5JJK1,限界夜行,964,1,11099,92570,5,6,6,4,5,5,1,5,37
RVYY6Y8J8,Саё,Y5J5Y90CD,まるまるサークル,741,0,11101,92480,6,4,4,5,1,4,5,4,33
IE6LV4M1E,きぬごし,YK0X6N2HN,無言OK出入自由,1059,2,11102,92390,7,5,6,5,5,7,5,7,47
JPC4KCPMX,Sandy,GL2MWT0L8,For Fun,771,1,11103,92300,10,8,7,2,6,7,6,7,53
V959R50MF,木の板,TF8AMTXNH,ﾃﾝ,548,0,11104,92210,2,1,1,10,4,6,1,5,30
121BRJFA6,ヨシ,CJWR9P8LM,花帆さん愛でる会,674,2,11104,92210,8,7,7,7,4,7,1,7,48
U7EC2QUQ6,零式,UVK38MFR2,蓮の虚無サー,1052,1,11106,92120,7,2,4,8,5,8,5,7,46
RL6LE01T2,チルマス,RBEHRV063,ヒカゲノアトリエ,830,0,11107,92030,6,6,6,4,4,7,5,7,45
42L0ENA3X,miwa,0MNV86F1Y,私のリンクラ！,473,0,11108,91940,1,4,1,1,2,4,1,3,17
5HBHXP7R2,マサムツ,N6LR8C7AE,泥の民,959,0,11109,91850,5,4,5,4,5,7,5,7,42
54Y3ETOI0,瑞乃江,9VDEWVP01,瑠璃乃の集い,976,0,11109,91850,7,6,6,7,5,7,5,7,50
YVH4PMERF,Tezo,KC1W74B9B,蓮六園,762,0,11111,91760,5,4,4,4,1,8,1,4,31
A4KKXEGNB,？,5HFRK5BHL,中文孤兒社團,295,0,11112,91670,5,3,10,1,6,4,5,4,38
5O0S2YAVV,汗水,9C2FC74H2,overseas,578,0,11113,91490,8,2,6,6,4,5,1,5,37
U815AFYAB,すーめろ,9UKKACGDU,蓮っ子CLUB,479,0,11114,91400,2,2,2,2,1,1,1,1,12
4EGBZFJ8X,望月,HWWRP6K2J,家に猫がいます,970,2,11115,91310,2,2,6,7,5,8,8,4,42
T4HNJ4R8D,いあんにいと,8AT7V1C7L,初心者です,203,0,11115,91310,8,6,5,4,6,3,6,6,44
4B6AV3XYA,おかゆ,UXEJ9BUWL,ひとりでのんびり,436,0,11117,91130,5,7,6,5,4,3,3,5,38
4WIZFUBJW,ぐり,9YG7C0VM7,綴理と無言で昼寝,751,0,11118,91040,7,2,1,2,2,10,1,10,35
CHHYTERAM,djgdshh,DUK0X7DB1,中国愛蓮同好会,211,0,11119,90950,3,2,2,2,1,2,4,1,17
E7KAN1GU6,ﾎﾟﾎﾟﾎﾟｰﾝ,D4T08RK91,リンクラ同好会✿,571,0,11119,90950,2,4,7,3,1,9,7,7,40
VUN9REZ3F,CYB,H1G4CDT6C,無言自由,960,3,11121,90860,6,4,5,5,4,8,6,8,46
01A8369EH,ムナゲシロ,AW470U964,ボッチ会,987,3,11121,90860,7,2,1,4,4,7,5,5,35
W90X4G7N8,岩本。,W3UUXHMDV,水彩ブーケ,474,0,11123,90770,2,6,3,4,1,1,3,1,21
TKJAKCVT8,エフェメロン,0FMM30LCA,無言,276,0,11124,90680,4,4,4,8,4,5,1,5,35
B8G1VBEK9,O,7D5TKBG45,リ!リ!リ！,260,0,11124,90680,2,3,3,2,1,1,2,1,15
MVPT1MDBC,マボ,3UNLYR8RY,蓮ノ空ぼっち部,785,0,11126,90590,8,4,4,7,4,7,4,8,46
DMCU6GUU6,ocean,YVF1V2AH6,蓮ノ空全共闘,397,2,11127,90500,6,10,5,8,9,5,5,1,49
AP51PXL8M,ちゃん,PBX7VH15U,因島釣り道,778,2,11128,90410,2,3,2,1,1,1,1,1,12
752A20KAT,RW,WCL6R1ANU,無所属の会,80,0,11128,90410,6,4,3,7,4,4,4,4,36
3YBKVJR3W,梢,N6T2MVATD,まったりサークル,1079,1,11130,90320,1,3,9,8,9,5,5,5,45
0LJMNN107,たっち,R9NGK6L48,のんびりサークル,206,0,11131,90230,1,2,1,2,2,1,1,1,11
RYYTIHEHG,ヒカリ,7P4CAER9X,まったり倶楽部！,1079,2,11132,90140,1,2,7,8,6,9,9,9,51
C2W0U7J3Y,パエリアの囁き,6C9R15BLY,スクスタ避難民,689,0,11133,90050,5,6,6,8,4,7,7,7,50
69VYNJ6LX,うおのめ,VXDPPJJL1,蓮ノ空リボ課金部,780,0,11134,89960,1,7,2,5,5,6,2,8,36
L15RYHY4P,キクハラ,YAY2UK2CT,蓮の空研究部,613,0,11135,89780,1,2,1,2,1,2,3,3,15
A2ATAV8J7,はるき,X87KNX4N3,蓮ノ流星群,590,0,11136,89690,2,2,4,6,4,7,4,6,35
52V70VXGU,シュシュ,9GDHWXGVG,ルリと花咲く毎日,794,0,11137,89600,1,1,1,2,1,1,1,1,9
2FBUFZ54M,パイプイス,5KK3DFY18,MUGEN∞,923,0,11138,89510,6,1,6,8,4,8,5,7,45
K8Y1Y8KH7,ユー,6XT6Y837L,超新星めぐ党民,368,0,11139,89420,2,2,3,1,2,2,1,1,14
QWA2BB5RF,オノロオロ,ANCNM0UPK,スクスタ適当部,886,0,11140,89240,1,2,1,2,1,5,3,1,16
8U0DP5FNJ,ゆう,PEKGX9FL5,283プロ金沢,804,1,11141,89150,4,2,6,5,1,7,1,1,27
J92UYDY0P,流星,M851LEV3N,なっす父兄,929,4,11141,89150,4,2,8,2,9,6,4,9,44
9C7K1D1NY,Kozuerin,TFGKYEY98,LLP JR,993,0,11143,89060,8,7,7,7,9,9,8,10,65
LED3HNU8W,にろ,28KG8VAG2,カゼノタテゴト,246,0,11144,88970,7,7,5,5,1,2,7,5,39
2UHP7QW3D,のりち,DJC4WJXGV,無言出入り自由,270,0,11145,88880,4,3,3,2,1,1,1,5,20
R45TK7B3P,ゆず,E1HVJ71JR,ご自由にどうぞ,251,0,11145,88880,1,1,1,2,1,1,1,1,9
CLP8UPEQ2,Nicetsu,PXNFHV8KE,ラブライブ!タイ,289,0,11147,88790,2,2,1,1,2,1,3,1,13
HDYDNETE0,モルス359,580WTT2T8,乙宗梢推し隊,518,0,11148,88700,2,3,1,1,2,1,1,1,12
SOUTP99OV,たっかー,U8GLCJVJP,コミュ障用誰でも,660,0,11149,88610,5,4,4,4,1,4,1,4,27
384WSLRSA,百万石,8AT7V1C7L,初心者です,867,2,11150,88520,1,2,5,2,5,5,1,5,26
M0YHJHH1P,菊,K14GM3ULU,ブレイブサーガ,645,2,11151,88430,4,5,4,7,4,7,1,8,40
TUYTNFYJE,ライト,4LU50R56J,誰でもOK,253,0,11152,88340,2,1,5,3,1,2,4,1,19
8J1PRCI1M,としあきさん,6BFC4G5YG,蓮ノ空足湯同好会,746,6,11152,88340,3,10,1,5,4,10,1,9,43
C5J6E6G2D,Tarosa,6UAFKBRPN,リンクラ初心者部,674,0,11154,88250,3,3,2,5,4,5,4,2,28
HMUFML1RR,アプリ落ちる;,FD24TD6C5,泥人,1157,6,11154,88250,5,2,3,3,5,8,5,10,41
XKUJK8DJ1,よはまる,YCY3A9106,つづ党募集中！,291,0,11156,88070,1,3,2,4,2,1,1,1,15
7O3WUWBKN,Icky,PJFUEFV94,◯◯◯待機室,471,0,11157,87980,4,4,5,1,1,5,1,1,22
9DR8ED6AC,まんゆー,D7UA5ER1E,UR報酬欲しい！,1061,2,11158,87890,1,2,1,7,7,9,7,7,41
2Q7J4ANS6,Shion,W189BP629,みんなのみかん畑,1028,12,11159,87710,1,4,5,10,5,8,1,1,35
98NR8D77N,P,0CEA9XFKR,蓮ノ空の泥人会,793,0,11160,87620,8,2,6,2,2,1,8,6,35
P8U7EYRTT,はな,HB9AU9DJJ,聖心党,759,1,11161,87530,1,1,1,2,1,1,1,1,9
K54TATKIC,ネコネコネコネコ,W3YKKRWHG,ルリと愉快な一家,992,0,11162,87440,4,4,6,4,4,8,5,5,40
WFUEH0ND4,雪,KG4CJ3557,うし,354,0,11162,87440,5,3,1,1,1,5,1,7,24
MAKK1CHVT,formula,P31MU804F,_,765,0,11164,87350,5,4,4,4,5,5,1,4,32
SZH3COJFH,アリスト,M851LEV3N,なっす父兄,909,1,11165,87260,7,4,4,2,7,9,6,4,43
0LUMQNIL0,ルカ,W9V6VTXAN,梢先輩の歌声好き,525,0,11166,87170,6,2,4,4,2,6,4,7,35
KXRAHU18W,Risa,X2U3T52MF,ONE,943,1,11167,87080,1,6,2,1,5,1,5,10,31
6KT8BCNW4,トノ　オカザキ,GK9X3XGW1,さやか好き,625,0,11168,86990,7,5,4,5,5,7,4,5,42
VRRQM2K8Z,Giahels,FVJFA973A,月猫愛好会,356,0,11169,86900,1,2,6,4,5,6,5,9,38
Y0GDLKCTC,真白,XYRA2MND0,蓮ノ空ゆっくり,322,0,11170,86810,10,2,6,9,1,5,3,1,37
X0V32G0L7,おでんくん,A3472CNJE,ハントン✿ライス,813,2,11171,86720,7,7,5,4,5,1,6,8,43
KA39KWN4C,二又正疑,GGK2P93JK,きゃらめる,538,0,11171,86720,4,4,3,6,1,1,4,4,27
GZC7W79ZY,陽丸,JHTULVV5P,故に瑠璃乃推し,526,0,11173,86630,2,2,2,3,1,1,1,2,14
S1AN1C1FA,二イル,WE4AB37FP,めぐ党,1063,1,11174,86540,4,4,4,8,5,8,4,9,46
AKSLAIMMX,チャルシー,MVMP6NNXD,空き時間らくがき,885,2,11175,86450,6,4,5,2,1,5,4,5,32
ZQGTXIRNS,よっしぃ,8MDA3A0AK,イベント用,711,2,11176,86360,1,3,8,2,2,9,1,7,33
IGRPL61IK,ユルメ☆,JNMVA1U8M,こずかほ尊い,638,0,11177,86270,4,4,4,1,2,4,7,5,31
HT4PYUDEC,カルロス,54JWUD9X0,異次元からの者,725,0,11178,86180,5,6,5,6,4,1,5,7,39
X7984175V,エルファリア,HPTHY23VR,蓮ノ空文芸部,166,0,11178,86180,2,3,4,3,1,1,3,2,19
DHE10GWFA,ぐれ,P4FV9YEL1,料亭さや処沼津店,667,2,11180,86090,2,2,2,4,5,2,4,1,22
9N7LBXMGN,N,PHMJLJY5E,ラブライブ愛好家,850,2,11181,85820,4,10,6,2,5,10,5,7,49
DWB0ZJA7S,しまんちゅ,2BB5YVRFL,蓮好き好きクラブ,970,4,11182,85730,2,2,1,2,1,1,1,1,11
I23PI6XP7,たき火@may,VWP341FAG,かまぼこ,509,0,11182,85730,1,2,1,1,3,4,4,3,19
V8VK5F79G,チキナベ,U44F8RUU7,ボッチ,795,1,11184,85640,1,1,2,2,1,1,1,2,11
26HPRCCWF,でんじろう,K5FHTBL68,ハグしよ,147,0,11185,85550,2,1,1,1,1,1,3,1,11
LGP4PTHPV,雪景色,HY3FWX1GL,ラブライブ初心者,176,0,11185,85550,3,2,2,1,2,1,1,1,13
T6C70FWYY,安養寺好きだねぃ,PKEURDB6B,あにょじ好き,270,0,11187,85460,7,8,6,3,1,10,4,4,43
43KBX5AAV,ヒナ,AG7YVB0Y2,みらくらのーと,255,0,11188,85370,3,2,2,1,2,4,3,1,18
LY2YHPYTH,ノノン,LYPVAETHY,金沢の泥,913,2,11189,85280,7,6,6,6,1,5,1,10,42
W7QYMBU90,ゅゅゅ。,E050K9859,蓮党,707,0,11190,85190,4,1,4,6,4,2,3,1,25
V2RWXVP4D,みるく,L6MF2MPBN,みらくらぱーく党,114,0,11191,85100,7,8,6,7,5,8,1,1,43
2QG95EPVN,ラテオ,WPG6BCG83,基本無言,434,0,11192,85010,1,2,2,2,1,1,1,1,11
LG921R1VN,Hibikyan,UM76AWB16,Hibiki,773,1,11193,84920,4,4,4,5,5,4,1,4,31
CXFG4YD92,うの・あいんす,TXNCTRR1U,瑠璃乃推し隊,872,0,11194,84830,7,4,6,6,5,2,4,7,41
YJGI89AE7,ドラゴン,XE8513HNP,喫茶カワウ空✨,629,0,11195,84740,2,2,3,4,1,3,1,1,17
1K5AEK7YF,ぐらう,XVTV7MVCX,雪月花,91,0,11196,84650,8,10,8,3,3,5,2,1,40
HT7G1W2TW,hozumi,54JWUD9X0,異次元からの者,256,0,11196,84650,2,2,1,2,1,1,1,1,11
EWAPKKMYH,はなち,YT67BAL27,ツールド蓮ノ空,715,0,11198,84380,2,1,1,1,1,1,1,1,9
P0DJNACZY,くろ,JWUL2T36L,チーム初心者,1034,1,11199,84290,6,2,1,6,4,2,7,6,34
LH2EF68N6,のの天,8MDA3A0AK,イベント用,397,0,11200,84110,5,7,6,3,1,4,4,4,34
U4HU3F2XS,さ〜や,MNX28AYUA,救急隊,372,0,11201,84020,6,6,7,4,1,8,6,9,47
ZNY6Y9JFS,アリア,VP0K6KF0K,蓮ノ空大好き!!,409,0,11201,84020,1,2,1,2,1,2,1,1,11
BFN23LN0J,noco,PYUNRKPRM,tmp,770,0,11203,83930,7,6,6,7,6,1,6,5,44
WG8EKC9DM,咲夜,6H800PBV7,新鮮館,731,2,11204,83840,2,2,3,4,1,1,4,1,18
KJTTK6WS6,おこp〜,F31A07X4V,蓮ノ空福井分校,889,0,11205,83750,4,6,7,2,5,8,1,4,37
6KYT1F28A,イオンパン,9AYD3XJ2D,ぺんぎん隊,808,2,11206,83660,8,2,3,5,4,1,7,7,37
KR5957LVR,ブリキ大王,E7UBFLW56,同好会の同好会,565,0,11207,83300,5,7,3,6,5,3,3,1,33
XVJ2EZY32,キリハラ,WLBYGHXPD,大天使村野さやか,195,0,11208,83210,5,2,3,6,5,4,3,4,32
0G48RNETU,しいや,A135V4872,しいやのサークル,736,1,11208,83210,4,2,2,4,4,6,3,4,29
FTVFLRGB0,てったん,5L9GNT78V,叶え！私達の◯◯,109,0,11210,83120,1,2,1,3,1,1,1,1,11
H6AB9LVYX,しおちゃんまん,KG648PFCR,どすこいクラブ,241,0,11210,83120,4,8,6,3,2,2,1,1,27
8D2PPDK97,りーす,HK0E91U71,放課後写真部,729,2,11212,83030,1,5,4,6,4,5,4,5,34
C84J505K8,こま,48GTYR1VB,ハラショー！,746,0,11213,82940,1,4,1,6,4,5,4,5,30
2F9N19ECM,ゆうすけ,U8GLCJVJP,コミュ障用誰でも,822,0,11214,82850,7,6,5,6,1,8,4,8,45
R2GKXJJBF,ラララ,3L9R1604N,頑張る人は美しい,923,1,11215,82760,1,4,4,1,1,8,5,1,25
E8TJL925D,くるーく,BRXWKVG6W,くるくる,544,0,11216,82670,2,2,2,1,1,3,3,2,16
UY4X90Y96,にゃんこ,VNEY6C9BE,スリーマーメイド,813,4,11217,82580,9,6,10,9,6,8,4,7,59
PPYRYBNA7,るぅ,3F0M4HXJE,蓮ノ空まったり部,924,0,11218,82490,8,7,8,7,5,7,6,7,55
U81KUIG99,はつかわたん,B8J78ELKV,はすはす,665,0,11218,82490,10,4,2,4,6,5,4,5,40
YRU3TKL8N,Jまっくす,A56X45M2C,どんばる同盟,339,0,11220,82310,1,2,1,1,1,1,1,1,9
UM63YDAJ8,レイナ,J80MEYHBC,Nymphaea,325,0,11220,82310,4,4,2,6,1,8,5,7,37
XDJNPX82Y,пандусий,9B5T9416J,LoveRuri,382,0,11222,82220,2,3,10,3,3,10,1,3,35
KTFHW339M,伏路火,JPKN1TAJ0,無課金プレイヤー,330,0,11222,82220,1,2,4,5,4,7,1,5,29
GWBMGPF42,スラリン,1F5EPPMLD,UR貰えればいい,96,0,11224,82130,6,5,7,4,5,5,3,3,38
SF5BGVZNJ,青く透明な私,NV5H2H15B,アフター参加し隊,837,0,11225,82040,4,1,2,2,5,7,7,4,32
YNMKB2ECT,もっさん,75UJ5RB97,蓮ノ空雪野球部,183,0,11226,81950,1,3,2,2,2,2,1,1,14
MFVP02DGJ,HP,HKETDDCK6,ぼっちざ蓮!!,111,0,11226,81950,6,5,4,7,4,5,4,4,39
3KJNCF7KJ,carter,EDGYH62K9,清掃美化委員会,975,0,11228,81860,4,4,5,1,1,7,4,4,30
0DHV6HV3H,mable,LRP7AHW5N,ゆるはす,179,0,11229,81680,1,2,1,1,1,1,1,1,9
ABMWB60BF,十夜,JH5FX56N2,のんびり,830,0,11230,81590,7,5,4,4,4,5,4,6,39
1USB5KMJE,らいく,9AYD3XJ2D,ぺんぎん隊,555,0,11231,81500,4,4,3,4,3,9,6,4,37
YR6GK3MV6,かつお,6L409N4XE,リン活,728,0,11232,81410,1,5,2,1,1,5,5,1,21
4E9C3EVR1,kt32,CY3GGDH7H,㍿キモ・オタク,300,0,11233,81320,10,6,7,3,1,1,1,8,37
BHGARRVHY,よた,FHN78V2DJ,無言でどうぞ,133,0,11233,81320,7,7,7,5,5,3,3,2,39
EM3H4YBND,り,1KDUBW4HB,めぐ党0番,339,2,11235,81140,1,2,4,4,4,4,1,1,21
8CZKLQEFN,PTilt261,5YEE75CB4,ロビーで待ってる,97,0,11236,80960,3,2,2,1,4,3,1,2,18
7MWPFHFHY,はり,X34LWGL6R,サークル2,1284,1,11237,80870,7,6,6,6,5,8,5,7,50
HGJNPYFP9,プラム,C9DAJ6YFV,のんびり,583,0,11238,80780,3,2,2,2,1,1,2,3,16
NMV5NMM2F,turnA,EJY6B26D1,After見たい,658,0,11239,80690,1,1,2,3,4,1,4,1,17
AXXAT3MMU,てるゆう,E49YWK5YC,酢蓮根,248,0,11239,80690,4,2,4,4,2,2,1,1,20
XFN4X4R6N,だー,4WWM4VVDK,蓮ノ空遊戯開発部,180,0,11241,80600,5,2,4,4,1,4,1,4,25
6L216LRMN,ヒロ,AH27N260E,百生信託銀行,696,4,11241,80600,2,2,2,2,1,1,2,1,13
KNYXLUM5D,おちゃぴ,FMKP92LRL,目が霞む人達,930,2,11243,80510,5,4,7,8,4,5,5,7,45
ZQOOQQ78X,アクオス,G61B9CH7V,ロータスクラブ,648,0,11244,80420,5,1,1,4,4,1,5,5,26
FHX56MG29,桂馬,AA74NLRYD,蓮ノ空高等科,211,0,11244,80420,6,2,6,3,1,1,1,1,21
82CBPPX44,胡桃,BBNEWB1UA,蓮ノ空紅茶部,219,0,11246,80330,2,2,2,2,1,1,2,1,13
LWLV14J0R,ペン木,E49YWK5YC,酢蓮根,621,0,11247,80240,6,6,10,2,5,1,1,1,32
L7XYPBW5K,ヒイロ,J0N1E3Y09,月火水木金土日,877,1,11248,80150,2,2,1,6,1,5,1,8,26
CIMDNZGEK,さくら,WFPA7YJE1,蓮ノ空文芸部,971,3,11248,80150,1,5,2,2,1,5,1,5,22
B3A1UJAAG,デブトトロ,6E27A15ER,蓮ノ空自由クラブ,515,0,11250,80060,1,3,3,2,1,1,1,1,13
GBELP2M9F,わちこ,1KDUBW4HB,めぐ党0番,348,0,11251,79970,1,2,7,6,1,2,1,4,24
FVGIW0W9J,PON,HMBW9DXY2,蓮好き皆あつまれ,888,1,11252,79880,7,2,4,2,4,4,1,1,25
BUHV41FW3,まっちゃ,73N4AB3LR,かほ子のイオン,695,1,11253,79790,4,2,1,4,1,1,2,1,16
MDFPPP2KQ,マサ,N5Y24VNFN,個人,522,0,11253,79790,1,3,6,1,1,1,1,1,15
NBHB386G5,K-Flyer,63AKA05VR,まったりGngy,472,0,11253,79790,4,4,4,7,4,4,7,5,39
6Y36X9FYF,にんじん,UGTAVG90J,にょ,213,0,11256,79700,3,8,4,2,2,2,3,2,26
B1AKAK1FF,hskz,WK3VC0BGH,YKT,343,0,11257,79610,2,3,1,7,1,1,5,5,25
188AW3DR1,雪夜,TWJ862EPN,こにゃとも,431,0,11258,79520,8,2,8,6,2,2,1,5,34
GEKDL1NLX,マサイ,4B2FERVVT,牛頭ﾉ空馬頭学院,198,0,11259,79430,9,5,9,4,4,8,1,1,41
V75Y3WLN2,ロンメル,LY0XPW7NL,同棲概念強火派,730,3,11260,79340,2,1,1,2,1,1,2,1,11
EJ67AX5UG,アッサム,60KU468X3,はっすーず,700,0,11261,79250,1,4,5,2,1,1,1,1,16
8ORHVX8VX,ニコ,4UP9RMUHX,チャンコスキー,267,0,11262,79160,4,6,4,5,4,4,1,5,33
K8CA27XBB,Alicia,PUJ0ERCMW,蓮ノ空倶楽部,304,0,11263,78980,3,2,5,4,8,5,1,1,29
3TA7LA12V,Uika,XYRA2MND0,蓮ノ空ゆっくり,165,0,11264,78890,4,5,4,3,4,7,6,5,38
5E8DWPHF2,ナーシ,UCWKRB3WR,菅沼千紗が大好き,557,0,11264,78890,6,2,2,2,1,5,5,4,27
8EC1MVTRG,テイラー,DF7FA982P,蓮ノ空百合部,334,0,11266,78800,5,2,1,4,2,1,3,2,20
8JRYK4NPV,雪乃,FD24TD6C5,泥人,313,0,11267,78710,1,2,1,2,1,1,3,1,12
3GKVBF36V,aiueoef,27RVLX9D7,ハッスス,434,0,11268,78620,3,3,1,1,1,1,4,2,16
6BAXCLE23,五風,N9B8HXXR0,25時、残陽で。,797,1,11269,78530,7,5,5,5,4,8,7,8,49
F5Y7SFS17,ayami,YM72HRVCF,ワンニャン部,814,0,11270,78350,6,4,4,7,6,7,4,8,46
8VR88FLBB,Maybe,NX9KJK529,虹ヶ咲学園,236,0,11270,78350,5,4,5,3,1,5,3,3,29
6G5A64VBX,dmsrni,GN6HGUT53,蓮ノ空帰宅部,144,0,11272,78080,6,8,2,6,1,2,4,7,36
292NYY034,ぴいす,L6MF2MPBN,みらくらぱーく党,351,0,11272,78080,1,2,1,4,1,3,1,1,14
WV5UHCGK9,イチゴタルト,9E910GGD2,蓮ノ空給湯室,769,0,11274,77990,1,2,1,2,1,2,1,1,11
DVUB563QX,Kawori,MXN85G5KF,蓮ノ空漫画研究部,867,0,11275,77900,10,2,6,6,1,5,5,1,36
T4K8H4GDM,じん,M851LEV3N,なっす父兄,796,2,11276,77810,4,10,1,6,4,4,1,4,34
68CY4ANVP,悸动战士,M08GKL70U,ららマジ難民の会,596,0,11277,77720,5,2,2,6,1,4,2,4,26
27ENKBD9U,もぐりん,Y4G0KF6NB,無言でやる会,570,0,11277,77720,5,2,7,7,5,2,4,5,37
DGG69UURV,えんじゅ,FTUJJ5KM9,無言◎私生活優先,473,0,11279,77630,2,2,1,2,1,1,4,2,15
3XF6Q4S9F,ぜるだ,6KUYCDLGR,かよちんは宇宙,375,0,11280,77540,1,1,2,1,1,2,1,1,10
4BEJICD8Q,Arise,BXHG2KXAD,idol.st,1009,4,11281,77450,4,4,4,7,1,4,5,8,37
NPL4B2MJP,KT003,0PJ19NAE3,蓮ノ空同好会☆,583,0,11282,77360,5,4,4,6,4,8,2,5,38
9BHFE79JR,SONIG,08825LEVF,ソロ用,602,2,11282,77360,2,10,1,4,4,4,4,10,39
568N25C9U,Krypton,LH9K7AGB7,ツバサラリベルテ,264,0,11284,77270,3,4,4,4,1,1,3,4,24
WEIMCN528,いなみかん,G8EE23LB9,虹ノ空クラブ,316,0,11284,77270,1,2,1,2,1,1,1,1,10
V3Y563TKG,Cielo,RNJ306W6N,日曜日よりの使者,855,2,11286,77180,5,1,2,8,4,7,5,1,33
VRNLNPEMW,Pehpeh,C791XXLDF,つづさや会,703,1,11287,77090,1,2,3,5,1,9,1,1,23
2JNHG1X0W,さばめしや,C52VR77BJ,イベント参加用,220,0,11287,77090,4,2,6,2,4,4,2,4,28
VKTVOWDZE,アマツ様☆,9WF9MWWH2,蓮ノ空原理主義者,799,2,11289,77000,1,2,2,1,1,1,1,1,10
H97C6AY96,蘇枋と桐生推し,BEMED3RY1,無言無課金ok,107,0,11290,76820,4,6,6,2,4,4,4,1,31
GIJ1639H6,花園制覇,BXGNMY466,ライグラ用,585,0,11290,76820,6,2,5,6,5,5,10,10,49
2Q1B1UNE2,いずみんP,44WRYMPC2,推せる時に推そう,712,0,11292,76730,4,4,4,4,1,4,1,4,26
R5H1XBXX0,luzn,NFAEPAU8F,蓮スパスパクラブ,210,0,11293,76640,2,3,2,3,1,1,1,5,18
0QP48PKYP,たかし,4K5XU7BJ2,かっほかっほ亭,668,1,11294,76550,1,2,3,1,1,2,1,1,12
LKLR1HX8P,ざんも,C791XXLDF,つづさや会,189,0,11295,76460,9,3,7,6,2,2,1,4,34
NPFY3BHGT,1321b60,X19MP0NTT,蓮之空河豚养殖場,355,2,11295,76460,6,10,4,7,2,4,4,1,38
J77HYCLFW,さくらもち,0PJ19NAE3,蓮ノ空同好会☆,290,0,11297,76370,2,1,1,2,1,1,1,1,10
3CGRW1779,jkam,7NJM1VURM,らんるん部。,140,0,11297,76370,5,8,5,4,2,5,2,1,32
BPCBNOX70,風祭,NP57JXPBD,音乃木坂学院,701,0,11299,76280,1,4,1,4,4,5,4,1,24
1K4D95YRC,芽签二号机,XVTV7MVCX,雪月花,70,0,11300,76190,6,4,7,3,2,5,1,4,32
MJG1UD5Y9,ふ,4B2FERVVT,牛頭ﾉ空馬頭学院,437,2,11301,76100,1,5,3,3,1,1,1,3,18
HKECIPR27,うたまお,LTAG28AVM,蓮ノ空同好会,311,0,11302,76010,3,4,4,1,3,1,4,1,21
RHS0NOU7U,なねっと,G8F0M2PH2,アフターウォール,901,3,11303,75920,5,4,1,2,3,1,2,4,22
B9XHJMM62,ぶっちい,TX92H9GBV,アフターが見たい,717,0,11304,75830,1,2,1,2,1,1,1,1,10
0II5HDXJ3,P-Enter,GYJ3C6TKR,綴理先輩好き好き,310,2,11305,75740,3,4,1,3,6,1,3,3,24
U386RNFJY,くらいつ,J62DRC7J5,蓮ノ空好き好き会,950,0,11306,75650,1,2,2,2,1,1,1,1,11
1XPX6GBBH,ふらぺちーの,59AK7LJ7A,とりあえず,787,0,11307,75560,5,2,1,6,1,1,1,5,22
CLZI4CXG9,えきぴ,W0JAK2W58,夕方五重奏団,972,4,11307,75560,6,1,1,5,5,5,5,1,29
R4HXKOVDI,Licca,GBEJMUFWT,めぐちゃんズ(仮,662,2,11309,75470,2,2,4,3,1,3,1,1,17
H1GJT9EHK,嘿！,5P0W7KUEN,嘿蝦為奸,461,2,11310,75380,2,3,1,1,5,4,1,5,22
6G2574251,idiashrd,57HNJ07NK,みらぱ推活最前列,78,0,11311,75290,7,7,7,4,2,5,2,1,35
33CE7XFPH,空気,DJE5GDV7B,究極戦刃,340,0,11311,75290,1,2,3,1,1,1,3,3,15
TY925VJ5N,wesacyou,N6TVG18P8,すきすきクラブ,272,2,11313,75200,4,2,6,3,2,1,4,2,24
UJX9P3PL5,羽中,C021HVB2B,第3芸能科,404,0,11314,75110,1,2,1,4,1,1,1,1,12
FX032WMSO,リッツ,3N7FL0U6U,destiny,830,0,11315,75020,4,2,1,4,4,1,4,6,26
R6K3M1T0T,けん,TX92H9GBV,アフターが見たい,595,0,11316,74930,4,2,2,3,1,2,7,1,22
BBE9Y3WC5,ふくいかほ,VKW1GNAPL,伝統を守ろう,270,0,11317,74840,1,2,2,1,1,4,4,4,19
TT0TGX8RB,でゅっちー,MVMP6NNXD,空き時間らくがき,795,2,11318,74660,1,1,1,3,1,1,1,3,12
68HAHFRLF,二葉,UX96YX4T1,『位置について』,176,0,11318,74660,4,2,6,7,1,7,1,4,32
TAU50ABJC,みす,XA0XD41CM,ぼっちぼっち,426,0,11320,74480,2,3,1,3,1,3,1,1,15
BDMRFDU90,ㄇ,7D5TKBG45,リ!リ!リ！,246,0,11321,74390,2,2,1,2,2,1,1,1,12
HKEV2N0EV,toto,T56X6LP0L,光の海,159,0,11322,74210,1,2,2,3,2,1,1,1,13
EGSS0IUPO,ラブライバー,GBEJMUFWT,めぐちゃんズ(仮,285,0,11323,73940,1,2,1,2,1,1,1,1,10
N6P07Q4AN,りんねちゃん,JWUL2T36L,チーム初心者,314,2,11324,73850,2,3,1,2,2,1,1,1,13
LMW6LMG8G,Dagu,279NUYU7C,れんこん,666,0,11325,73760,1,2,1,2,2,1,1,1,11
A7G2UITBV,m,WJY2HK6A5,蓮の空イベント部,437,0,11326,73670,7,6,8,7,5,4,4,7,48
WQYKZ3SZB,シアン,F2CFWVMY9,藤島め組,1422,7,11327,73580,1,2,2,2,1,1,1,1,11
32RCL970J,satoshi,U1X8XUL9G,イベント用？,440,1,11328,73490,4,3,3,5,3,2,4,1,25
Q1X0LGSVM,今田さな,DFXEH0E0B,香港の初心者♪,673,0,11328,73490,3,2,4,2,1,1,1,2,16
56NFP6K7B,はい,C68491XHB,みらくらぽーく！,88,0,11330,73400,5,8,9,6,4,6,3,1,42
0G57KP5TK,TH,VNEJ2RNW0,まったりんくら,96,0,11331,73310,1,2,1,4,1,1,1,1,12
J5N7FTA4G,あきな,N9B8HXXR0,25時、残陽で。,433,2,11332,73220,1,2,5,3,1,3,1,1,17
RX97RXPV4,gf,YD2XWWFA4,蓮好き好きクラブ,662,0,11333,73130,1,2,1,2,1,1,3,1,12
YRXW3J6VY,さすらい,DUR1HCEG6,さすらい,298,0,11334,73040,4,5,5,1,2,2,1,1,21
8NH9D5MNP,じゅんつろ,6YTAMD33M,リリエンフェル党,106,0,11335,72950,10,7,8,6,3,5,5,2,46
SPF4GI20Y,ユウキ,9C0KWR782,まったリンクラ,970,0,11335,72950,4,4,6,6,7,7,4,7,45
YW2AW7EBW,azusan,U57VPUTEE,ゆったりクラブ,521,1,11337,72860,1,7,10,2,1,2,1,1,25
HDWB63MTG,ppoi,DH97ANN9G,ツキマカセ,935,3,11338,72770,4,2,2,7,2,7,6,10,40
4WKF80NR1,キャル,1UBNNHVLG,蓮箱推し（仮）,132,0,11339,72680,10,7,3,9,5,7,3,4,48
MY5YYNUSS,元気雨,YNR28303K,りんくらぶ,197,0,11340,72590,1,2,2,2,1,1,1,1,11
R3T8CA3RX,うぃっぷ,W3F0URUJC,梢先輩応援団,908,2,11340,72590,5,4,4,8,4,7,4,8,44
87UXFNDA0,グロリオサ,UKE4LP7GT,クリームソーダ,726,2,11342,72500,7,3,5,9,1,1,1,10,37
0NONM98TC,rAin,JH5FX56N2,のんびり,260,0,11343,72320,1,2,4,2,1,1,1,1,13
BDGTUMLBT,トウテツ,18YYNRFGA,LotusSky,344,0,11344,72230,4,4,1,2,1,2,10,7,31
7RBVE21V6,南越,4BU2PJLC1,Sky,210,0,11344,72230,2,2,6,6,2,3,2,3,26
LULJUNAW1,さっちゃん,LJNCAEVAP,蓮ノ空さやか研,240,0,11346,72140,3,4,1,4,1,1,1,2,17
N7VKTLPD7,hoger,MWT91W455,つづこず大好き部,304,0,11346,72140,1,2,1,2,1,1,1,1,10
CG8BBP6LO,ぷよ,H1G4CDT6C,無言自由,958,0,11348,72050,6,4,5,7,5,7,5,7,46
7SDYWSBZC,ユウ,WJF6J5XPW,a,187,0,11349,71960,3,2,1,1,1,1,1,1,11
3T2A3PV4U,かーん,YL2ELYC4U,さや…好きだよ…,644,0,11350,71870,2,2,2,2,1,1,1,1,12
UCAPY7D43,マカダミア,YTK29NJ0X,よく分からん会,131,0,11351,71780,3,2,1,2,2,2,2,2,16
BE952Y4HC,あーめるめへい,95TAREFPT,ご自由にどうぞ,927,3,11352,71690,5,6,4,4,4,1,1,5,30
7E2128F7W,やまさん,6MGN82KBC,おさ屋,619,1,11353,71600,1,2,1,4,1,1,4,1,15
8SGPYMJ1N,ほい助,AXGGJ4EJ1,所属だけしたい部,993,3,11354,71510,5,5,10,8,4,6,5,7,50
MHGYNN9UE,I,7D5TKBG45,リ!リ!リ！,271,0,11355,71420,2,2,3,2,1,1,1,1,13
1EKELR7W3,マジカル戦士,UVGBLXAJE,Liella!,103,0,11356,71330,3,5,2,2,2,3,3,3,23
URRY11NTE,さばかん,M6UPWJ6DU,蓮結ぶ虹と星の音,417,0,11357,71240,1,2,1,2,1,1,1,1,10
XK3JHH5XN,涼夜,PWK02KG0F,メメントの森公園,571,3,11357,71240,3,2,1,2,1,1,3,4,17
385D7LRG1,塩氏,JHTULVV5P,故に瑠璃乃推し,327,0,11359,71150,1,2,2,2,1,2,1,1,12
1T8SDF9W5,真冬,H6JWBBGCG,蓮天・乙宗一心流,897,2,11360,71060,2,1,1,4,1,1,1,4,15
7F60F4MLV,ちゃこ,7C0LC5RFT,^..^♩,277,0,11360,71060,1,2,1,2,1,1,1,1,10
YYRK4YCFY,lk,8WLP65L1B,ぼっち蓮ノ空,32,0,11362,70970,3,2,4,4,1,1,1,4,20
8C86DP181,ぜーこんぐ,E96EHM1T5,testest,269,0,11363,70880,2,2,3,2,1,1,1,1,13
UVK1MLAA2,極上カルビ,12KVAFYW2,217find,478,2,11364,70790,5,2,1,3,1,1,1,1,15
3RYG0DB99,udeo,2CRT48K9F,百万アンペア,426,0,11364,70790,1,1,1,2,1,1,1,1,9
WR279Y1FJ,あや,UVK38MFR2,蓮の虚無サー,944,5,11366,70700,10,2,7,2,1,9,1,4,36
AE7AG058T,zero,8MTLYLH9F,木星月華黄金宮,145,0,11367,70610,2,4,5,4,1,4,1,1,22
30RUDCEH4,ふみーそ,57UT319NN,蓮ノ空同好会,206,0,11368,70520,1,2,2,3,1,4,5,1,19
KXYJ2Y3XF,瑞瑞,EYEPHE14G,花上梢頭,347,0,11369,70430,3,2,1,4,1,4,3,1,19
PK4Y60F2L,岸田文雄,XGK5TRHBA,パチ○コ錬金術部,139,0,11369,70430,2,3,3,3,1,2,1,1,16
Y6188VNEX,たこやき,LAKRG5NK9,ログイン勢,780,0,11369,70430,4,2,5,2,5,4,1,1,24
6CAKL8NE6,満月,BH9YH1YL5,ラブライバーの森,261,0,11372,70340,4,2,2,2,1,9,1,1,22
DP2Y1WBGC,aria,17AEM7PUN,SIFcord,253,0,11373,70250,5,5,2,4,1,1,1,1,20
9L60RC1PY,やまあおい,ELTW62751,安全バーは君の腕,149,0,11374,70160,2,1,2,2,2,1,1,2,13
95F8G1G5X,ミコト,PHEKJB75C,乙宗四季恋愛㌠,874,0,11374,70160,7,2,5,2,1,5,9,5,36
95W88D8GY,ykt,C52VR77BJ,イベント参加用,257,0,11376,70070,3,2,4,5,1,4,1,4,24
P6BGFJA00,ちばにあん,89K9Y7MX7,初心者歓迎,357,0,11377,69980,4,2,2,2,1,4,2,1,18
L51SIMVPY,ラバテラ,W2HEPMM2A,無言。ぼっち。,909,0,11378,69890,4,4,4,6,4,5,5,5,37
PDBBB2AX0,ono,YMKU30246,参加賞がほしい,290,0,11379,69800,2,2,1,3,2,4,4,3,21
KLDEJM0C8,いるか,R09FX9JHJ,くるくるさーくる,101,0,11380,69620,4,3,7,3,1,2,1,1,22
RAV6V9XP1,ほっちゃん,GN6HGUT53,蓮ノ空帰宅部,585,2,11381,69530,1,2,1,1,1,1,1,1,9
MLVJB386A,3代目A,23PGPJ3NV,蓮ビギナーの集い,435,1,11381,69530,3,4,2,6,1,1,1,1,19
07KU8RLE8,レモン水,0XUV5025C,めぐめぐバブり隊,140,0,11383,69440,3,3,1,4,1,1,4,1,18
8OM0TQZZA,ゆうゆう,H1LTYMK0B,花帆が可愛いの会,641,0,11384,69350,4,2,1,2,1,4,1,2,17
2V7CMXM56,DKA,C4AY3GDRE,北上山岳会,863,0,11385,69260,1,6,4,1,1,6,1,1,21
RMYTEW1B8,ユーシン,KT4C59NXG,めぐ島,756,0,11386,69170,2,1,2,1,1,1,1,1,10
UNB1JCEJ8,ミーティア,6YTAMD33M,リリエンフェル党,121,0,11387,68990,4,7,3,3,5,2,4,5,33
5C34ALKEC,ゆうき,BTVC9G95X,FES用,932,0,11387,68990,7,6,6,8,5,7,5,7,51
JUXYGP8N9,kk07,AKF49TD3T,なんか,113,0,11389,68900,4,2,1,4,1,4,1,4,21
KRJHHU19H,Tezzia,2J5W1LGR6,私の自由ダァー！,175,0,11390,68810,1,2,4,3,1,1,1,1,14
7X4EBLRGF,うぱこ,KG648PFCR,どすこいクラブ,94,0,11391,68720,7,7,9,4,4,5,1,1,38
12UD0BEEP,ゆうまる,V8XX999F6,卍蓮村幼稚園卍,488,0,11392,68630,3,3,1,4,2,2,1,1,17
UH58CW932,スノ,N94LEWF2D,無言よわよわの会,54,0,11393,68450,5,4,5,7,2,3,2,1,29
MGAB8JWLQ,ちりて,KA652DGYV,ゆるリンクラ,506,1,11394,68360,2,2,1,2,1,1,8,1,18
DB7PBTKJC,Cactus,TWJ862EPN,こにゃとも,296,0,11395,68270,1,7,5,2,1,1,1,1,19
BMXTN5JAF,ovo,C791XXLDF,つづさや会,110,0,11396,68090,5,1,2,4,1,1,2,1,17
6VCUX9H4C,mile,427WENUC4,心の癒し～蓮ノ空,44,0,11396,68090,5,3,3,3,1,1,1,1,18
LH3WNJ3ES,TIGER,RY7B87YA4,Tsuzu○,295,0,11398,67820,1,2,2,1,2,1,2,1,12
8CF35EGNT,ペンタゴン,KA652DGYV,ゆるリンクラ,331,0,11398,67820,4,4,5,3,4,4,4,4,32
LD1BRE5R4,さとるん,422KR6BPC,推しを愛する者達,470,0,11400,67730,1,1,2,2,1,1,1,1,10
P60948E47,にゃすけサブ垢,89K9Y7MX7,初心者歓迎,213,0,11401,67550,2,2,1,2,1,3,1,3,15
B54BOGPZ4,新垣優一,5C2EVBBC1,まったり蓮ノ空,645,0,11402,67460,1,1,1,2,2,1,2,1,11
CBNU3MJTN,かん,37W90FGW8,。,304,0,11403,67370,1,2,1,1,1,1,1,1,9
HE2DBN56K,ポリエステル,BT3GEWM5L,ささやか村の集い,842,0,11404,67280,1,1,1,2,1,1,1,1,9
R3HYGCBB6,こと。,YD2XWWFA4,蓮好き好きクラブ,764,1,11405,67190,1,1,4,2,1,1,1,1,12
RV5HFC7TF,かんかんミカン,KLW9TT5TB,あくあ好き好きc,172,0,11405,67190,2,4,2,1,1,1,1,1,13
9U0KF0VVT,はる,L3NN1RWMY,アポロベイ海賊団,355,0,11407,67100,7,2,5,4,1,1,1,5,26
A7GF3UP34,あらし,C003CD1RW,☆蓮ノ空クラブ☆,126,0,11408,67010,4,4,1,2,1,1,1,1,15
Y4W73TYT9,かなた,2AUM7L9BW,蓮初心者クラブ,192,0,11408,67010,4,3,4,6,7,1,1,1,27
VD50U754G,くらげ,EJG6V1740,テスト,651,0,11410,66920,4,1,1,1,1,1,1,8,18
QZ5VG0KQ5,きんぴー♪,X54KJ9NG9,こくてつコンテナ,501,0,11411,66830,1,1,2,1,1,1,1,1,9
FEX3XEJ8K,び湯,6FWRD1K40,いちじょ海賊団,411,0,11412,66740,1,1,1,2,1,1,1,1,9
PL2F31W74,すざく,W9M3DWGBG,のんびり,249,0,11413,66650,3,1,1,5,1,3,3,3,20
P88C0DTCL,AKIRA048,M8FM7P139,蓮ノ空ひとり旅部,992,4,11414,66560,6,6,7,9,5,8,5,6,52
IKIK1ESNC,パタスモンキー,9D722M8KC,蓮ノ空同好会,626,0,11415,66470,4,2,6,6,2,5,1,4,30
N4D949U3X,紫空（シア）,LT9K2FP23,慈党リンクラ部,112,0,11416,66290,4,5,2,4,3,3,1,1,23
XULCXHG3W,天城ぬ〜ん,E515TRU1G,起きろ夕霧綴理,129,0,11417,66200,2,2,3,3,1,1,1,1,14
PX4EXVHGP,コバ,WG393HCB5,月夜見海月よすぎ,383,2,11417,66200,1,3,2,1,1,1,3,1,13
3Y0ARND7N,＜感謝パンチ！！,H6JWBBGCG,蓮天・乙宗一心流,87,0,11419,66110,2,2,2,2,1,1,1,1,12
FR100LO54,FSN999,C9DAJ6YFV,のんびり,239,0,11419,66110,1,2,1,4,1,1,1,1,12
DAU8VFBNZ,光速ペンペン,GLP0WPDRM,イベント用の泥,728,2,11421,66020,1,2,4,2,1,1,1,1,13
VHBT0IKC4,のりあ,MXN85G5KF,蓮ノ空漫画研究部,495,0,11422,65930,1,2,1,2,1,1,1,1,10
GW821P9T8,ミツキツ,L6MF2MPBN,みらくらぱーく党,265,0,11423,65840,1,2,1,2,1,1,1,1,10
0HEA25JSA,すずまる,H1G4CDT6C,無言自由,331,0,11424,65750,1,2,1,4,1,1,1,1,12
8TVJ3W4XF,かんざき,85D411XNB,蓮っ子の集い,699,2,11425,65660,5,1,1,3,1,1,1,2,15
HUNJWM9K6,赤猫,XTMGPY62U,スクステ初心者,551,0,11425,65660,1,3,10,4,1,1,1,3,24
W42YALLYH,ユニコーン,BTVC9G95X,FES用,113,0,11427,65570,1,2,1,4,1,1,1,1,12
6FBJNX8VT,おねぇちゃん,KXMXL2KRX,超初心者,319,0,11428,65480,1,2,1,2,4,1,1,4,16
P5RJL6A10,TU23,3194B9E93,初心者寄り合い所,340,0,11429,65390,1,2,1,2,1,2,3,2,14
5NWJTAN5C,白雪,X7YM9EG8K,伝統の石川地酒,268,0,11430,65300,1,2,4,4,1,1,1,1,15
F5BZAT7DU,美兎子,PY0XLC3J1,蓮ノ空城郭研究会,1106,2,11430,65300,7,6,7,5,5,7,5,7,49
G0PMM65JB,あかり,KXB93FVTR,ブルームガーデン,276,0,11432,65210,1,2,2,2,1,1,3,2,14
56P83VFCK,ツナ缶,9DKR4Y2CJ,蓮ノ空老人会,470,0,11433,65120,1,2,1,2,1,1,1,1,10
VNATYGHDG,I,7D5TKBG45,リ!リ!リ！,255,0,11434,65030,4,6,2,2,1,2,2,4,23
KL24L0HNM,TA273,YBEGLUD1U,団子より花宮,646,0,11434,65030,4,3,1,1,1,4,1,1,16
E08BKKVPW,Emerald,8AT7V1C7L,初心者です,183,0,11436,64940,2,4,2,2,1,2,1,1,15
DV7UERFNM,yamu,BEMED3RY1,無言無課金ok,152,0,11437,64850,1,2,6,2,1,1,1,1,15
FDMKD0XUH,あげぽん,R083H7WRN,サークル無言,609,0,11438,64760,1,2,1,2,1,1,1,1,10
87WAP5N0R,小橋若葉,321FF56TK,リンクラ芸楽部,989,4,11439,64670,2,1,4,4,7,8,6,8,40
7DF3F3EAI,のぐびー,AE3L01V24,LOVE蓮ノ空,668,0,11440,64580,1,1,2,2,1,1,1,1,10
V3FPWA1GD,えくしあ,C52VR77BJ,イベント参加用,243,0,11441,64490,5,8,7,5,4,9,5,5,48
RK572M4KA,夢叶,998H940YN,お嬢様筋トレ部,836,2,11442,64400,2,1,1,2,1,1,1,1,10
B1NVA1KK3,タクト,0CBM28JP6,ほうき星,471,0,11442,64400,1,2,1,2,1,1,1,1,10
HN4H4478U,ふうかっちょ,JKAYY0KXL,自由！開心！,202,0,11442,64400,5,3,4,3,1,1,3,6,26
29B74JBDH,クラリス,CH12H2G6Y,ああああ,447,0,11445,64220,2,2,3,1,1,2,2,2,15
1UKEEKYHY,Ruyu,E12PR824F,ゆるっと蓮ノ空,207,0,11446,64130,2,2,2,3,1,2,2,3,17
JN73XXJ07,Limone,80VRCG1BY,みらぱ同好会,288,0,11446,64130,4,6,1,4,5,4,4,1,29
5KOHTFWUT,ＢＢＳ,BEAJP9KLV,B-LAGOON,261,0,11448,64040,4,1,3,1,1,1,1,1,13
0JEPK2UN1,てっかまき,4VPRJJM3R,あいどゅーみー,182,0,11449,63950,5,4,4,4,4,5,7,7,40
UKNC7KMEM,りりり,FF4XH0P3A,ゆるゆるサークル,235,0,11450,63860,1,2,1,2,1,1,2,1,11
OA1YC4JXR,Kyo,V3FAH8CM4,初心者の会,708,1,11451,63770,8,6,1,2,1,1,1,1,21
0L8V9DVI1,シャヨ,X0TFG829Y,ボクのおうち,881,3,11452,63590,1,7,6,2,1,1,1,1,20
3W2BOUPAT,ゆ〜ちゃん,1M0GGB8LU,上ノ空昼寝クラブ,660,0,11452,63590,1,2,1,4,1,1,1,1,12
3TCO5GGRU,ミナリンスキー♡,FG9A9ARX1,忙しい人あつまれ,430,0,11454,63500,8,1,6,2,1,1,1,1,21
F10GFGC5M,ovo,XVTV7MVCX,雪月花,256,0,11455,63410,1,2,1,3,1,1,2,2,13
USYC7TXBL,太陽王,TYTTJFB0U,尊みの下僕の集い,845,2,11456,63320,1,2,1,5,1,5,4,4,23
YLFJ1AP9W,doeni,5W8RPRVUA,ド！ド！泥！,254,0,11457,63230,2,4,3,2,3,4,2,5,25
KMVEYHFK4,どゅう,UHF5Y8PEF,さやちゃん倶楽部,905,2,11457,63230,1,2,2,2,1,1,1,1,11
H3MXCP4CL,おーいし,KW03UYM9N,hshs,472,0,11459,63140,1,6,1,1,1,1,1,1,13
J5WHN0WRR,白米,UMG1B9C7V,蓮ノ空女学院,479,0,11460,63050,2,2,4,4,1,3,4,1,21
3PCE0R6NN,あっくん,FLFXP0T22,沼津内浦メンバー,268,0,11461,62960,3,4,1,2,1,2,1,3,17
N93CDTUGC,ニシ,0VEMMV8E2,スリブとまったり,750,0,11462,62870,2,7,3,7,1,7,5,5,37
WCE19WXYM,manaka,PXDL7Y3VM,ビギナーズ改,207,0,11463,62780,1,2,3,2,1,1,1,1,12
A0WA011MY,からしマヨネーズ,X1NMWXR4W,午後の紅茶花伝,848,0,11464,62690,8,2,6,9,1,5,1,5,37
9P05MM27B,ゆおん,GD3W7WPBF,マイペース,277,0,11465,62600,3,4,5,1,2,7,1,4,27
LKCM66CYX,野中ママ好きっ子,X7YM9EG8K,伝統の石川地酒,514,0,11465,62600,4,2,2,2,1,1,1,1,14
DL4PVL6TE,Coffee,A3X92L6YU,お試し用サークル,153,0,11467,62510,2,2,1,2,1,1,2,1,12
9M1FLYE08,かんちゃん,8MTLYLH9F,木星月華黄金宮,121,0,11468,62420,1,2,1,4,1,1,1,1,12
JA5H1FBWH,walter,NV5H2H15B,アフター参加し隊,226,0,11469,62330,2,1,1,2,1,2,1,1,11
F1HTDLV0Y,うぃっち,3F0M4HXJE,蓮ノ空まったり部,195,0,11470,62240,1,2,1,4,2,1,1,1,13
37NDLWJ73,かざり,GWGDMA3YC,初心者無言自由だ,821,0,11471,62150,1,2,2,2,1,1,1,2,12
AWEAROA0C,べーこん,7CNX81KPD,スプラ部,340,0,11472,62060,1,2,1,1,1,5,1,1,13
JBYR7RJWW,エモ好き,NMRKHYYRM,ご自由にどうぞ,70,0,11472,62060,2,3,2,2,2,2,2,1,16
VV4U5B7RW,エンジョイ勢,96LWYJ3Y6,無言絡みなし,741,0,11474,61970,1,1,1,5,1,1,1,1,12
7O2HAKPM7,佐倉このは,0HW56TXE9,蓮ノ空教務支援室,154,0,11475,61880,1,2,1,1,1,1,1,2,10
MUJJPFL0L,るんるん,TFGKYEY98,LLP JR,212,0,11476,61790,1,2,1,2,1,1,1,1,10
6W2P8FUGA,最高星,2DYYAPFVN,蓮っ子村,457,2,11477,61700,2,2,1,2,1,1,5,1,15
KHATPC136,おにぎりみかん,43HRXMXWA,無言OKクラブ,647,2,11477,61700,1,2,1,2,1,1,1,1,10
9J82Z3KK7,りりぃ,R083H7WRN,サークル無言,655,1,11479,61520,1,2,1,2,1,1,2,1,11
D7DC4UBT3,いちご大福,REUA4H17B,LLLLBR,164,0,11480,61430,3,2,4,3,1,2,1,1,17
1NBHPVNK4,フリューゲル,MNMK22W02,自由,434,1,11480,61430,1,2,1,1,1,1,1,1,9
3UYT3X81L,フラワーピッグ,F7Y0XP6VY,梢先輩大好き軍,904,0,11482,61340,5,4,4,2,4,7,1,4,31
D2OBCRYMJ,かな,A3472CNJE,ハントン✿ライス,766,1,11483,61250,1,1,1,3,1,1,1,1,10
VU719X1CM,Kozu,4RNUXBXGL,みらぱ最推し,244,0,11484,61160,4,2,4,3,1,3,1,5,23
RFGOB7E3D,25&445,JPNNY7W5F,ログイン勢,432,0,11485,61070,1,2,1,2,2,1,1,1,11
9X50UZ9P9,naota,DDJVYDF1F,765,529,2,11485,61070,3,3,4,1,1,1,1,1,15
HMRU4X62W,ユキナガ,1H5P6KV81,さやかの水着,257,0,11487,60980,4,4,2,3,1,1,1,1,17
KHHEP4GML,尋冪小汗,J83JWJ028,大ㄇㄚˊ露營區,673,0,11488,60890,2,8,1,2,1,5,5,1,25
IDNDDE34V,ことヨハランすみ,T4ND02HBX,ことヨハランすみ,762,0,11489,60800,5,1,1,5,6,4,1,4,27
KPWNNPH56,ピンクくん,BXC1T2HY2,初心者の集い,90,0,11489,60800,5,5,6,4,4,3,3,1,31
41X3KLFKM,ノア,KJU0BU77M,無言交流なし,376,0,11491,60710,1,2,1,2,1,1,1,1,10
9EKD929VW,花宮初奈の犬,M1DLCR0R8,花帆護サークル,233,0,11492,60440,3,3,4,7,1,1,4,2,25
GTRFKHMJT,ミルク,KXB93FVTR,ブルームガーデン,562,0,11493,60350,1,3,1,2,1,1,1,1,11
LA46VEXW2,ただし,TYWNJU3WV,自由,68,0,11494,60260,2,2,3,2,1,1,1,1,13
M5G3CPYJW,みゅーか,E5JKTW00K,蓮ノ空まったり部,233,0,11495,60170,6,4,6,5,4,3,1,1,30
BNG48V468,かも,BXGNMY466,ライグラ用,101,0,11495,60170,1,1,1,1,1,1,2,1,9
FP6GJPMNX,卯月コウコク,GPNHEGM8H,卯月軍団,480,0,11495,60170,1,1,2,6,1,1,1,1,14
7GPBN9Y6T,さくら,FG4170141,♪さやか愛好会♪,251,0,11498,60080,1,2,1,4,1,1,1,1,12
6Z5JSSUIJ,RisingS,DF7FA982P,蓮ノ空百合部,478,0,11499,59990,1,2,1,2,1,1,3,1,12
AUP80NU59,sugisan,6YTAMD33M,リリエンフェル党,81,0,11500,59900,2,2,2,1,1,1,1,1,11
2Y3OF95EV,ぷりん,0JY7F3EKU,さやか愛でる会,605,2,11500,59900,1,2,1,4,1,1,1,1,12
SUXOJU5JW,toto505,VY26V3P0K,AltF4され隊,411,0,11502,59810,1,2,1,2,1,1,1,1,10
MTJLH2E88,Kenza,LA9AH1LHX,蓮空好好アニクラ,706,0,11503,59720,4,4,4,4,1,7,4,1,29
YR73J21EY,Accum,VNEJ2RNW0,まったりんくら,265,0,11504,59540,1,1,2,2,1,1,1,1,10
PZ3IVOFLN,ここあ,16N3APL33,Dreamers,292,0,11505,59450,1,3,1,3,2,1,1,1,13
970Y6D1WL,こなちゃん,578YG6EAT,桜桃花束愛聴会,753,0,11506,59360,5,4,2,3,4,4,1,4,27
9RXX57J8D,柚子胡椒,NWF38B4JR,柳田です,139,0,11506,59360,2,3,2,1,1,4,1,2,16
F05L3K4B5,アレルケア,PUJ0ERCMW,蓮ノ空倶楽部,423,0,11508,59270,2,2,1,2,1,1,1,1,11
ERBVQUP87,srt,5W8RPRVUA,ド！ド！泥！,843,2,11509,59180,2,2,2,2,1,1,2,1,13
FPX5AA3VP,May,TB7GJ57D7,シャイニーフラワ,533,0,11510,59090,2,1,1,2,1,3,1,2,13
J6DF18DSG,マシロウ,ULUELCJ7T,なるようになる？,999,3,11511,59000,10,9,8,10,6,8,10,10,71
XYL2MVKEJ,みぞれ,2B97MH4YA,同じ話し何回も…,177,0,11511,59000,1,2,1,3,1,1,1,1,11
UT15YAG1B,MK侍,TR057C1UW,蓮ノ空ぼっち部,433,0,11513,58910,1,1,1,1,1,1,1,1,8
10XSJOQGK,フリクリ,5WUDLMWEP,蓮ノ空は明日ノ空,433,0,11514,58820,1,2,2,2,1,1,1,1,11
90J2D9KS7,ライナ,WRFLMWL4U,映り込み金魚,790,2,11515,58730,1,4,1,2,1,1,1,1,12
NMXVE4KY6,RYUTA,VEA3655P6,蓮ノ空女学院分校,398,0,11515,58730,1,3,1,1,1,1,1,1,10
TNGYP7AAK,CODE,L110JN03M,☆,414,0,11517,58640,4,6,4,6,5,4,5,1,35
K99ND3E5J,ワキ,RJKEXJ7VW,墓,181,0,11518,58550,1,2,2,1,1,1,1,1,10
239FNTK9D,y.shu,LT9K2FP23,慈党リンクラ部,279,0,11519,58460,1,1,1,2,1,2,1,1,10
U1DJ0NT35,E.S.T.,BTVC9G95X,FES用,288,0,11519,58460,1,1,1,1,1,1,1,1,8
JHHHCGZAB,TIM,VUY2B6P0F,エンジョイ,616,1,11521,58370,4,9,1,4,1,1,1,1,22
U32QZP1ET,宮子,PWK02KG0F,メメントの森公園,705,0,11522,58280,5,2,1,8,1,5,1,1,24
MPRK4GAF8,草履虫,6MWHCNJE8,蓮之空小賣部,249,0,11523,58190,1,3,1,2,2,2,1,1,13
BJ4LGT4KT,南小希,WFPA7YJE1,蓮ノ空文芸部,348,0,11524,58100,2,4,3,2,1,2,2,1,17
GV460VWPM,こたつ,UX96YX4T1,『位置について』,47,0,11524,58100,5,5,3,4,3,2,2,3,27
1BHGFLPAQ,希烛,BXJ6WV4TB,中国club,659,2,11526,58010,2,4,5,2,3,1,1,1,19
VHTNXKHGK,オタイ,X976NB85T,ゆったり同好会,726,2,11527,57920,2,8,4,4,1,5,4,4,32
71LKLHHAT,とうわ,YL2ELYC4U,さや…好きだよ…,137,0,11528,57830,3,2,1,2,3,1,2,2,16
9W5NTJ0MD,nume,BBNEWB1UA,蓮ノ空紅茶部,617,0,11528,57830,2,2,1,2,1,1,1,1,11
UGL4H704V,おぐりん,E515TRU1G,起きろ夕霧綴理,821,0,11530,57740,1,2,4,2,1,1,1,1,13
27JMN8WHN,ナリタ,1H5P6KV81,さやかの水着,68,0,11531,57650,2,1,1,2,1,1,1,2,11
Y67UXO04W,ゆで,C791XXLDF,つづさや会,492,0,11532,57560,1,2,1,2,1,1,1,1,10
AOUKWVUWD,あっしゅ(君),K4TAHF9YA,はすっこ準備室,1202,3,11533,57470,2,4,5,4,8,5,1,5,34
J0RZWQ3V6,ゆ,A9MA307FX,楽しいが一番,592,1,11533,57470,2,2,1,2,1,1,1,2,12
MGAE65EWP,sera,NTMHE54LG,月下ノ宵闇,221,0,11535,57380,1,2,2,1,1,2,1,1,11
7LWFC372T,月光るな,0CBM28JP6,ほうき星,380,0,11536,57290,4,2,1,2,4,1,4,4,22
UYHHBA4SG,ウィークリー,4FXPC55PY,PPIHクラブ,846,0,11537,57200,5,6,4,6,5,7,5,7,45
FT8EF7AMA,カメメカ,W9V6VTXAN,梢先輩の歌声好き,96,0,11537,57200,1,2,1,4,1,2,3,2,16
YHUQ8HLY0,もへもも,H1G4CDT6C,無言自由,548,0,11539,57110,1,2,3,3,1,2,1,2,15
JYOQN37TO,@.com,HKETDDCK6,ぼっちざ蓮!!,719,0,11540,57020,1,4,1,4,4,5,5,5,29
L0C096YH7,ぴょん,DDKKFN9Y5,蓮ノ空箱推し部！,293,0,11541,56930,1,2,1,2,1,2,1,1,11
869UFRDKF,もんだ,JX0BXWNWH,新米蓮好き好きC,228,0,11541,56930,3,5,3,7,1,1,1,1,22
AUMZ8B2VS,ちーちゃん,97BGFLKW9,◯◯◯,551,2,11543,56840,3,2,1,4,1,2,1,1,15
MBGA844P1,栞桜,NU7DWEYT5,海猫亭,131,0,11544,56750,1,2,3,1,1,1,2,1,12
M0944945X,佐田,BCJRMHE75,梢すきすきクラブ,1077,0,11544,56750,10,7,9,8,7,9,7,9,66
3Y202E2YJ,ななし,UHWA4YLWP,蓮ノ空を見守る会,469,0,11546,56660,4,1,2,3,2,1,2,1,16
B60D90ALF,まさっち,PHMJLJY5E,ラブライブ愛好家,358,0,11547,56570,1,2,2,2,1,2,1,1,12
BFENK4C8G,もやし,MG3X118W7,大室家,854,0,11548,56480,1,5,4,2,1,7,1,1,22
PDH8TRJEU,琥珀,DKC564PTP,ごはんはおかず。,470,0,11549,56300,9,2,4,5,1,2,1,3,27
DRYE5GJNU,ぺんぺん草,2VJG66JTH,まったり,321,0,11549,56300,1,1,1,2,1,1,1,1,9
Y0NF8U22Y,ゆきだるま,DULFP3TRN,めぐ党員の部屋,485,0,11551,56210,1,1,1,1,1,1,1,1,8
GRKG2UJJG,ペペロン,RBH0YM8P2,蓮ノ空ラーメン部,561,0,11552,56120,2,1,2,3,1,1,1,4,15
1YAPH5U0Y,スミノフ,0VEMMV8E2,スリブとまったり,540,0,11553,56030,1,2,1,2,1,1,2,1,11
2M4287VEN,シーサー,DULFP3TRN,めぐ党員の部屋,454,0,11554,55940,1,1,1,1,1,1,1,1,8
HXGP193B3,ごー,LT9K2FP23,慈党リンクラ部,605,0,11554,55940,1,1,1,2,1,1,1,1,9
M03KA45KK,トレハン,1H5P6KV81,さやかの水着,31,0,11556,55850,1,1,1,1,1,1,1,1,8
M0CVFMKTM,あかあり,FN6HMA6KH,さやか激推し,452,0,11557,55760,3,2,1,9,2,5,3,9,34
NRVGHLXCE,So,RNJ306W6N,日曜日よりの使者,395,0,11558,55670,1,4,5,3,5,8,1,5,32
MH716RD5M,にゃ,73CUUW71D,、,444,0,11559,55580,2,4,2,2,6,1,1,9,27
DZ1ZC8H6R,さかな,2D5U098DB,さかな,242,0,11560,55490,1,1,1,1,1,1,1,1,8
ANA8RTVHM,ビビ,A6XF7K90J,EN▶こ.こ.こ,300,0,11561,55400,2,2,1,3,1,2,1,1,13
81V8UGLBE,ゴジラ愉悦部12,NGMU0511T,無言のお茶会,211,0,11562,55310,2,2,4,2,1,1,1,1,14
YHLG9MFVY,フユ,59AK7LJ7A,とりあえず,339,0,11563,55220,5,2,1,1,1,1,1,1,13
9XWMYU3JN,ちはやりん,DFFYFJ2B6,つづさや好き過ぎ,544,0,11564,55130,1,2,2,2,1,1,1,1,11
VQ8RCSC3V,Msou,5CG1W6CP5,初心者さん,296,0,11565,55040,1,2,1,1,1,1,1,1,9
D8MU7EEWX,redbaba,RKFX4KHVV,うんまきゃ,490,0,11565,55040,1,2,1,1,1,2,3,1,12
BBW9D4YYT,のむ,7NJM1VURM,らんるん部。,316,0,11567,54950,4,4,6,4,6,8,4,5,41
KU7YD1BRC,ㄙ,7D5TKBG45,リ!リ!リ！,252,0,11568,54860,4,2,1,2,1,2,1,1,14
T7138JTKB,にくまん+,BDD8R1HDD,蓮の花を見る会,533,0,11569,54770,1,1,1,1,1,1,1,1,8
YXJKEHGMG,翠,6YTAMD33M,リリエンフェル党,66,0,11569,54770,5,8,4,2,3,2,2,4,30
UB87XPMSV,夏奈,6FR9PUDYC,鯊鯊森林,521,1,11571,54680,1,2,1,1,1,1,1,1,9
WDRA8MWP1,聪明可爱夙月月,89K9Y7MX7,初心者歓迎,331,0,11572,54590,1,2,3,2,1,1,2,1,13
CWA2RMNXB,ねるな,AVX749PPB,姫芽ちゃん親衛隊,248,0,11573,54500,1,2,3,6,1,1,1,1,16
1N7WG1DB7,♪キキ♪,TCTEAMP9C,虹ちゃん最高！,738,0,11573,54500,1,1,1,1,2,1,1,1,9
TULR96TM0,ながつき,YMKU30246,参加賞がほしい,281,0,11575,54410,4,3,4,4,2,2,5,3,27
AERC86JDF,Giotto,BWM63NDR4,蓮之空学园同好会,251,0,11576,54320,1,2,2,2,1,2,1,1,12
8FV4A6HPK,紅い子,BEMED3RY1,無言無課金ok,677,0,11577,54230,3,2,3,5,1,2,1,1,18
9P64D6AH0,けいこ,YM72HRVCF,ワンニャン部,779,0,11577,54230,2,2,4,2,5,4,1,8,28
6P325YVH1,かふぇ,T2XRMGEAE,蓮根無言会,728,0,11579,54140,5,1,2,6,1,2,1,8,26
WM1Q2188E,嵐よう部長,4RATY4E84,DC大好きクラブ,695,0,11580,53870,4,4,4,4,9,4,1,5,35
UNPLXN4KF,yasu,J0PT5EX42,スクスタモ部,45,0,11580,53870,1,2,1,2,2,1,2,1,12
DF076VW2C,あまかわ,UGTAVG90J,にょ,103,0,11582,53780,1,1,2,1,1,1,1,1,9
CGXXY0EB2,さや,HPTHY23VR,蓮ノ空文芸部,241,0,11583,53690,7,7,4,9,1,5,4,10,47
892GK4D2X,友希那,JPKN1TAJ0,無課金プレイヤー,234,0,11584,53600,2,2,1,1,1,1,1,3,12
GTVU8FY2P,ちゅるりらぱぴぷ,FK5MUK0ET,くる♡すきクラブ,1254,9,11584,53600,4,4,4,2,1,4,1,1,21
A5WYY8NK2,文鳥,K3LMN5JHH,金沢カレーの皿,521,2,11586,53510,6,2,1,2,2,1,1,1,16
NT48KLCHI,ジェネアイ,P0KRCV1B5,リンクラクラブ,382,0,11587,53420,2,1,2,1,1,2,2,2,13
D8BRV4XC4,みやじ,3BDTCERX6,打ち返した流れ星,458,0,11588,53330,1,1,1,2,2,1,1,1,10
VDFE7P9XA,元気な学院生,A92R69HTH,Lotus123,275,0,11588,53330,1,4,4,2,1,1,1,1,15
MW8K0CKFW,アキラ,AVY8PECF0,初心者の集い,216,0,11590,53240,8,4,4,9,1,3,1,1,31
XEL9FKD4N,みょこ,AVY8PECF0,初心者の集い,122,0,11590,53240,5,3,3,4,2,2,1,4,24
2WDEVRH2N,トレカフェ,FL35B1N36,異次元たまり場,591,0,11592,53150,1,1,1,1,1,7,7,1,20
H8EHU664Y,思い出不全,UVGHL7LG6,Lotus！,569,2,11593,53060,1,2,1,1,1,1,1,1,9
CVNGBKNME,とんこつ,V7768X8AC,せーので！,642,4,11594,52970,1,1,1,2,2,1,2,1,11
Z3ZTCYI5F,ヒット,4FXPC55PY,PPIHクラブ,853,1,11594,52970,5,4,6,7,4,5,4,7,42
RG51UDJ96,C,A92R69HTH,Lotus123,786,0,11596,52880,2,1,1,2,1,1,1,1,10
4HHLR39D4,DiaeoJ,BWD9U1EJ2,蓮之空中国同好会,467,2,11597,52790,2,9,1,2,1,1,1,1,18
3L0UTA1X9,みずなな,RAP9FVR3B,あばうといち,340,0,11598,52700,1,2,1,2,1,1,1,1,10
98AHXG039,もるる,R6P4A8PVC,謳歌爛漫,94,0,11599,52610,2,2,3,2,1,1,1,1,13
TERCCC280,フランベル,KWKLEG5F2,ペンギン同好会,394,0,11600,52520,1,2,1,1,1,1,1,1,9
RY6XXHMED,涼宮,7NJM1VURM,らんるん部。,167,0,11600,52520,1,2,1,2,1,1,1,1,10
44VLUVKTB,紫藍蘭,AE3L01V24,LOVE蓮ノ空,461,0,11602,52430,5,2,5,6,1,4,4,1,28
2OBPOTRL9,金沢桜丘高等学校,MVYAVX8BK,きらきらきらら,99,0,11603,52340,3,4,3,2,1,2,1,1,17
KMCMGGM49,Cowffee,3194B9E93,初心者寄り合い所,44,0,11603,52340,5,4,4,4,2,4,1,1,25
9QKEKNK27,色映,CPWFKH8JM,私の部屋,291,0,11605,52250,2,1,1,2,1,1,1,1,10
0G2J36TRD,まどぴか,WNA5GTJPP,蓮ノ空百合クラブ,169,0,11606,52160,1,2,1,2,1,1,1,1,10
NYE327938,マイク,XA0XD41CM,ぼっちぼっち,116,0,11607,52070,1,1,1,2,1,1,1,1,9
ZB0799HYU,ジュン,J5CKL5YPX,ログイン勢かもん,362,0,11607,52070,1,2,1,2,1,1,1,1,10
EBUHTP0U1,nk sub,WBCN61N99,SRK組,76,0,11609,51800,2,4,2,2,1,2,1,1,15
1BMX3KLNL,いくら,1F5EPPMLD,UR貰えればいい,100,0,11609,51800,6,7,7,7,6,4,2,1,40
5AGKUKXBL,かき,HDD9DJVTB,Lotusky,320,0,11611,51710,1,2,2,2,1,1,1,1,11
S6YA90ZVI,ユ,KA3D805XV,綴理の寝顔守り隊,174,0,11612,51620,1,2,1,2,1,1,1,1,10
DKKXMRUTL,あずだん,63AKA05VR,まったりGngy,494,0,11612,51620,1,1,1,1,1,1,1,1,8
K97T27L52,PPP,JPNNY7W5F,ログイン勢,565,0,11614,51530,1,2,1,1,1,1,1,1,9
XVCVRC25D,N,CYURMGWXW,wishreal,333,0,11615,51440,2,1,1,1,1,2,1,1,10
CG097VUU3,ゴールドアクター,VB1TKAHFA,リンクラ同好会,132,0,11616,51350,2,2,3,1,1,1,1,2,13
V2B1BYBC7,ユウ,2CRT48K9F,百万アンペア,171,0,11617,51260,3,1,1,5,1,1,4,4,20
XBUFEUECA,ユッキー,278APXPWX,実験,41,0,11618,51170,1,2,1,1,1,1,1,1,9
W131PFT14,法円坂　潤太,AA74NLRYD,蓮ノ空高等科,738,0,11618,51170,5,4,7,4,4,5,5,7,41
GABVVA49D,大福,ELDXGWNA6,○サークル,223,0,11620,51080,1,1,1,3,1,1,1,1,10
Z168YOAU1,ろく,63AKA05VR,まったりGngy,380,0,11621,50990,1,1,1,2,1,4,1,4,15
G7K1CM1P6,ルーキー,F2CFWVMY9,藤島め組,154,0,11622,50900,1,1,4,2,1,1,1,1,12
3VLO4HBMG,ちーとい,YNR28303K,りんくらぶ,361,0,11623,50810,1,1,1,2,1,1,1,1,9
4WDLCC0J9,セラストイック,K0ATKT27L,中川左遷先,142,0,11624,50720,3,4,3,3,1,3,3,4,24
5ANCAXNKA,刹俐,VN1LXEHLR,綴理、愛,85,0,11625,50630,1,1,1,1,1,1,1,1,8
7XDH0A8J4,クラりん,XY11YD61J,車団団,237,0,11626,50540,2,2,1,3,1,1,4,3,17
KP04WPA2B,umasub,1BRVLJTGX,test,462,0,11627,50450,1,2,2,1,1,2,2,2,13
C7YTVG353,デボア,GYJ3C6TKR,綴理先輩好き好き,1084,2,11628,50360,7,4,4,5,5,7,5,7,44
LND3AWW8J,hachi,57UT319NN,蓮ノ空同好会,255,0,11629,50270,1,1,1,2,1,1,1,1,9
88GVJ1E8M,Keju,MUYEWRLU1,Keju,186,0,11629,50270,6,6,8,1,4,7,4,4,40
HH0438FW0,芝りょ,HWMV33W7Y,フラワー泥民館,226,0,11631,50180,1,1,1,2,1,1,1,1,9
9OEXKJ0S3,タモさん,B6KWXGHWH,蓮ノ空SIFC,1076,1,11632,50090,4,4,4,6,1,1,1,4,25
T7NWEAXG3,えるむ,AHE0E3JND,ありがと！にひっ,461,2,11633,50000,2,3,6,5,7,1,1,4,29
FNCRVHI84,鹿紫雲,TJA5LCK8K,弓張学園美術部,1053,0,11633,50000,4,7,5,7,7,8,5,6,49
