player_id,player_name,search_guild_key,guild_name,总fanlv,DR数量,rank,point,花帆,さやか,瑠璃乃,吟子,小铃,姬芽,泉,塞拉斯,季度等级
4YTEQDE04,りんくらいふは神,3F9P3U95T,ଳ天地鱏明の空ଳ,1794,17,1,6000000,10,10,10,10,10,10,10,10,80
64M70NFSR,いなば,YE7CX8RNP,蓮ノ大三十角,1816,19,1,6000000,10,10,10,10,10,10,10,10,80
TWKTW5AVC,ライト,GXR6C85BT,花帆ちゃん親衛隊,1600,19,3,5970000,10,10,10,10,10,10,10,10,80
HVA8EZJWM,鍋,3F9P3U95T,ଳ天地鱏明の空ଳ,1816,17,4,5960000,10,10,10,10,10,10,10,10,80
1Y0XFNNDJ,吟子強化月間,EYN9H9N16,蓮すきすきクラブ,1791,18,5,5950000,10,10,10,10,10,10,10,10,80
EQOU1ZZS7,葵,3F9P3U95T,ଳ天地鱏明の空ଳ,1763,19,6,5940000,10,10,10,10,10,10,10,10,80
X0REUC1B0,ジークハルト,GXR6C85BT,花帆ちゃん親衛隊,1715,19,7,5930000,10,10,10,10,10,10,10,10,80
9NMP2LJU2,アプリ平太郎,EYN9H9N16,蓮すきすきクラブ,1814,19,8,5920000,10,10,10,10,10,10,10,10,80
LVRF4GDVF,るびたぬ,2K5AM4RV0,とろぺりです,1571,19,9,5910000,10,10,10,10,10,10,10,10,80
NC6WJYFVX,でら,EYN9H9N16,蓮すきすきクラブ,1882,19,10,5880000,10,10,10,10,10,10,10,10,80
7604CH5KV,ll,FK5MUK0ET,くる♡すきクラブ,1857,20,11,5860000,10,10,10,10,10,10,10,10,80
TKLRD66RN,ふじー,3F9P3U95T,ଳ天地鱏明の空ଳ,1776,18,12,5850000,10,10,10,10,10,10,10,10,80
5LL48ARPU,シュウ,3F9P3U95T,ଳ天地鱏明の空ଳ,1674,19,13,5845000,10,10,10,10,10,10,10,10,80
JC33CNHML,秋のかすかす,EYN9H9N16,蓮すきすきクラブ,1644,16,13,5845000,10,10,10,10,10,10,10,10,80
K7QAEXJLJ,のりすけ,49AMYCXCD,ルドベキア,1856,18,15,5840000,10,10,10,10,10,10,10,10,80
6NJM4GUG6,石もふ,3F9P3U95T,ଳ天地鱏明の空ଳ,1830,12,16,5825000,10,10,10,10,10,10,10,10,80
L71LEGR49,かんなぎ,PBRDPWEY1,村村会,1634,18,17,5820000,10,10,10,10,10,10,10,10,80
WY7ASMM7N,ちゅん,11FB0EDDT,スクステ同好会,1504,18,18,5815000,10,10,10,10,10,10,10,10,80
KXMPLAX04,ろーぱす,3F9P3U95T,ଳ天地鱏明の空ଳ,1612,17,19,5805000,10,10,10,10,10,10,10,10,80
ISRNX35D4,KYB,RWARTHA1M,乙宗梢大好き部,1832,18,20,5800000,10,10,10,10,10,10,10,10,80
0USG3I0AK,S,EYN9H9N16,蓮すきすきクラブ,1710,18,20,5800000,10,10,10,10,10,10,10,10,80
68S69TGO8,ｲﾉｳｴ,RFYKY8DCD,LA.LA.LA,1735,9,22,5790000,10,10,10,10,10,10,10,10,80
ZWGHFBK3S,DSsuzu,YCTM6RYDP,金沢おでん同好会,1836,20,23,5785000,10,10,10,10,10,10,10,10,80
VGWT7LCX7,ZUC,3F9P3U95T,ଳ天地鱏明の空ଳ,1785,16,24,5780000,10,10,10,10,10,10,10,10,80
7L6LDY5MT,HanDaEun,YE7CX8RNP,蓮ノ大三十角,1865,20,25,5765000,10,10,10,10,10,10,10,10,80
W48K3OD0Q,ふっちー,998H940YN,お嬢様筋トレ部,1701,15,25,5765000,10,10,10,10,10,10,10,10,80
JE5URLPU8,もご,3F9P3U95T,ଳ天地鱏明の空ଳ,1222,6,27,5760000,10,10,10,10,10,10,10,10,80
TXTPD6OZ9,stella,3F9P3U95T,ଳ天地鱏明の空ଳ,1816,16,27,5760000,10,10,10,10,10,10,10,10,80
NLNKEMVRB,ユッキー,0TKFF5EG3,サークル名募集中,1614,15,29,5750000,10,10,10,10,10,10,10,10,80
IZUFEEX2U,アルメ,EYN9H9N16,蓮すきすきクラブ,1754,18,29,5750000,10,10,10,10,10,10,10,10,80
HF5CLQ1F8,すがぽん,M5LHG6R4T,乙宗動物園,1902,20,31,5745000,10,10,10,10,10,10,10,10,80
QTHXHSE6U,総たい,EYN9H9N16,蓮すきすきクラブ,1881,19,32,5740000,10,10,10,10,10,10,10,10,80
U1IQYBNI5,通りすがりの人,3F9P3U95T,ଳ天地鱏明の空ଳ,1845,15,32,5740000,10,10,10,10,10,10,10,10,80
JRXUOPXXN,ぐんま,49AMYCXCD,ルドベキア,1643,15,34,5735000,10,10,10,10,10,10,10,10,80
8JKPKHDHC,あるふぁん,EYN9H9N16,蓮すきすきクラブ,1807,18,35,5730000,10,10,10,10,10,10,10,10,80
4TIMH0CPX,ソフール,KXB93FVTR,ブルームガーデン,1742,20,36,5725000,10,10,10,10,10,10,10,10,80
FCED0MOWI,つかべん,RWARTHA1M,乙宗梢大好き部,1792,20,37,5720000,10,10,10,10,10,10,10,10,80
7Q17H65NQ,mitsu,YE7CX8RNP,蓮ノ大三十角,1836,18,38,5715000,10,10,10,10,10,10,10,10,80
NXLLUPEY0,ゆ〜いん,3F9P3U95T,ଳ天地鱏明の空ଳ,1573,17,39,5705000,10,10,10,10,10,10,10,10,80
NJ5M5IZWU,まき,3F9P3U95T,ଳ天地鱏明の空ଳ,1787,19,40,5695000,10,10,10,10,10,10,10,10,80
6PNANEUV0,なの,WN5B7VKPU,きんぴられんこん,1834,20,40,5695000,10,10,10,10,10,10,10,10,80
CAH984HAW,be proud,M5LHG6R4T,乙宗動物園,1869,17,42,5690000,10,10,10,10,10,10,10,10,80
56DXP4XGM,osA_,3F9P3U95T,ଳ天地鱏明の空ଳ,1581,14,42,5690000,10,10,10,10,10,10,10,10,80
NTF5VNC3W,つーかい,3F9P3U95T,ଳ天地鱏明の空ଳ,1197,8,44,5685000,10,10,10,10,10,10,10,10,80
NY9X4SWNC,くりマロン,11FB0EDDT,スクステ同好会,1763,20,45,5680000,10,10,10,10,10,10,10,10,80
W6WFFMRAU,ほむまん,11FB0EDDT,スクステ同好会,1678,16,46,5670000,10,10,10,10,10,10,10,10,80
VK5FCXKLC,ぐっちー,M5LHG6R4T,乙宗動物園,1437,16,47,5665000,10,10,10,10,10,10,10,10,80
A172AA7DD,にしん,3F9P3U95T,ଳ天地鱏明の空ଳ,1803,9,48,5655000,10,10,10,10,10,10,10,10,80
JLADG5GPX,うぇすとれ,PBRDPWEY1,村村会,1667,17,48,5655000,10,10,10,10,10,10,10,10,80
1P6AUGHX2,PU確率仕事しろ,RWARTHA1M,乙宗梢大好き部,1717,19,50,5650000,10,10,10,10,10,10,10,10,80
AJMEJX0KG,こーか,EYN9H9N16,蓮すきすきクラブ,1730,19,50,5650000,10,10,10,10,10,10,10,10,80
ALF76WC94,鳳華(本物),11FB0EDDT,スクステ同好会,1599,16,52,5645000,10,10,10,10,10,10,10,10,80
KN3FIHXL7,トミィ,RFYKY8DCD,LA.LA.LA,1835,18,53,5640000,10,10,10,10,10,10,10,10,80
L8VJOGDKM,まる,3F9P3U95T,ଳ天地鱏明の空ଳ,1866,19,53,5640000,10,10,10,10,10,10,10,10,80
R3YC2XYYZ,根性焼きライン,3F9P3U95T,ଳ天地鱏明の空ଳ,1836,16,55,5635000,10,10,10,10,10,10,10,10,80
M30MWLT24,ゆあゆあ,1BME38BCD,さすさやクラブ,1896,19,56,5630000,10,10,10,10,10,10,10,10,80
8E70ID58F,あるとす,WN5B7VKPU,きんぴられんこん,1827,18,57,5615000,10,10,10,10,10,10,10,10,80
7RODEB74T,しよー,RWARTHA1M,乙宗梢大好き部,1731,19,58,5605000,10,10,10,10,10,10,10,10,80
TW9L2LKS7,ジェネシス日野下,YE7CX8RNP,蓮ノ大三十角,1880,15,58,5605000,10,10,10,10,10,10,10,10,80
9L52YPRA1,ハミングバード,3F9P3U95T,ଳ天地鱏明の空ଳ,1794,12,60,5600000,10,10,10,10,10,10,10,10,80
U7NEBV4KH,こーど,49AMYCXCD,ルドベキア,1585,19,61,5595000,10,10,10,10,10,10,10,10,80
TY8GAY6VP,れいしす,YE7CX8RNP,蓮ノ大三十角,1303,13,62,5590000,10,10,10,10,10,10,10,10,80
XEDYAEF7D,waito,3F9P3U95T,ଳ天地鱏明の空ଳ,1488,10,62,5590000,10,10,10,10,10,10,10,10,80
4F1HIHA3J,きびだんごうどん,11FB0EDDT,スクステ同好会,1855,18,62,5590000,10,10,10,10,10,10,10,10,80
ZYAP6N76H,A編成プロカ公開,3F9P3U95T,ଳ天地鱏明の空ଳ,1676,18,65,5580000,10,10,10,10,10,10,10,10,80
R0UE3XEUP,だちょう,95TAREFPT,ご自由にどうぞ,1663,18,66,5560000,10,10,10,10,10,10,10,10,80
ZUTDBP2C0,Qくん,J7N4W6Y1K,こずミックラブ♡,1803,18,66,5560000,10,10,10,10,10,10,10,10,80
OZHGPXIGS,まるごとみなみ,WN5B7VKPU,きんぴられんこん,1856,19,68,5545000,10,10,10,10,10,10,10,10,80
7TAQGMS8W,ちへるり,PBRDPWEY1,村村会,1684,17,69,5540000,10,10,10,10,10,10,10,10,80
9MA0T8B65,たな,RF5215M2U,スクステ同好会②,1509,15,69,5540000,10,10,10,10,10,10,10,10,80
70NE2637U,りふいっと,3F9P3U95T,ଳ天地鱏明の空ଳ,1795,13,69,5540000,10,10,10,10,10,10,10,10,80
FVG9O3T6M,484,CX967RTGY,おんゆあさーくる,1826,19,72,5535000,10,10,10,10,10,10,10,10,80
62NPMRQF6,ふく,3F9P3U95T,ଳ天地鱏明の空ଳ,1763,17,73,5530000,10,10,10,10,10,10,10,10,80
RKVK0YI1L,おらぴさん,1BME38BCD,さすさやクラブ,1869,19,74,5525000,10,10,10,10,10,10,10,10,80
1A279T9WC,ねば,49AMYCXCD,ルドベキア,1540,16,74,5525000,10,10,10,10,10,10,10,10,80
TUHKRV0IW,ポン,EYN9H9N16,蓮すきすきクラブ,1841,17,76,5520000,10,10,10,10,10,10,10,10,80
ZCN6JNO6H,Celica,11FB0EDDT,スクステ同好会,1799,17,77,5500000,10,10,10,10,10,10,10,10,80
0UXX86CCP,やん(KK),1BME38BCD,さすさやクラブ,1853,20,77,5500000,10,10,10,10,10,10,10,10,80
L6HBG7C3L,あまらく@,0TKFF5EG3,サークル名募集中,1746,19,77,5500000,10,10,10,10,10,10,10,10,80
NWUFRAHLN,じゅんじゅん,3F9P3U95T,ଳ天地鱏明の空ଳ,1676,16,80,5485000,10,10,10,10,10,10,10,10,80
M13CTUF6N,ニール,49AMYCXCD,ルドベキア,1715,18,80,5485000,10,10,10,10,10,10,10,10,80
OOC27PRN6,リリィ,11FB0EDDT,スクステ同好会,1805,7,80,5485000,10,10,10,10,10,10,10,10,80
D0RVYCT5J,カチカチの徒町,V4A5MP41E,徒町チャレンジ！,1515,12,80,5485000,10,10,10,10,10,10,10,10,80
4UL0VYVYJ,ベル,79C17CHA2,蓮ノ空出張部,1190,15,80,5485000,10,10,10,10,10,10,10,10,80
JCTUKGY3G,あら…♡がみ,RWARTHA1M,乙宗梢大好き部,1638,19,85,5480000,10,10,10,10,10,10,10,10,80
Y2LLTQ4MF,Lautrum,M5LHG6R4T,乙宗動物園,1827,20,86,5475000,10,10,10,10,10,10,10,10,80
45NY6HUBX,かいこ,25PMPEMG7,星見プロ,1541,19,87,5470000,10,10,10,10,10,10,10,10,80
BJI9H7CC6,エイジ,PBRDPWEY1,村村会,1729,12,87,5470000,10,10,10,10,10,10,10,10,80
L10RA8434,なこちぃ,HE0GK3EPE,瑞蓮プロカ倶楽部,1502,18,89,5465000,10,10,10,10,10,10,10,10,80
YJ59JYKBT,やぎとしき,N7GLY2RUW,百生銀行,1734,20,89,5465000,10,10,10,10,10,10,10,10,80
B6XUHLVUZ,ればにら,RFYKY8DCD,LA.LA.LA,1775,20,91,5455000,10,10,10,10,10,10,10,10,80
EFW2PMAHB,くら,YCTM6RYDP,金沢おでん同好会,1706,19,91,5455000,10,10,10,10,10,10,10,10,80
ME00V6X4B,オラトニス,3F9P3U95T,ଳ天地鱏明の空ଳ,1833,20,93,5430000,10,10,10,10,10,10,10,10,80
KBI8MUTYD,まけれれ,EYN9H9N16,蓮すきすきクラブ,1857,18,93,5430000,10,10,10,10,10,10,10,10,80
49TUEFEKF,厄介撲滅委員,RWARTHA1M,乙宗梢大好き部,1786,17,95,5420000,10,10,10,10,10,10,10,10,80
FRTXRTHK1,コルド,49AMYCXCD,ルドベキア,1547,18,96,5415000,10,10,10,10,10,10,10,10,80
4W6BIX284,りり♡,FK5MUK0ET,くる♡すきクラブ,1849,20,97,5410000,10,10,10,10,10,10,10,10,80
969Y977WP,k1みかん,2K5AM4RV0,とろぺりです,1655,18,98,5405000,10,10,10,10,10,10,10,10,80
42J4J5OSG,ハラシヨ,W26TRPM1R,めぐ党藤島派,1748,18,99,5395000,10,10,10,10,10,10,10,10,80
C7IMXOP79,ナーガ,RWARTHA1M,乙宗梢大好き部,1759,8,100,5385000,10,10,10,10,10,10,10,10,80
V3J51SJ8F,ゆっきー,1BME38BCD,さすさやクラブ,1812,16,101,5380000,10,10,10,10,10,10,10,10,80
X0N1L475X,ぼた餅,PBRDPWEY1,村村会,1735,16,102,5377000,10,10,10,10,10,10,10,10,80
ZAHTN08A4,まいにち,WTJV514G9,蓮ノ空のお弁当屋,1728,18,103,5370000,10,10,10,10,10,10,10,10,80
ROKS5RRX4,れんこん,EYN9H9N16,蓮すきすきクラブ,1792,19,103,5370000,10,10,10,10,10,10,10,10,80
GGFPWA50K,ショウ提出ゆ仮,9YG7C0VM7,綴理と無言で昼寝,1769,20,105,5360000,10,10,10,10,10,10,10,10,80
LF6E9CG7H,マリジャ,VP0K6KF0K,蓮ノ空大好き!!,1581,19,106,5355000,10,10,10,10,10,10,10,10,80
CZKJL4VOV,調布のりこ,M5LHG6R4T,乙宗動物園,1822,18,107,5350000,10,10,10,10,10,10,10,10,80
CHJFWLKCN,wag,11FB0EDDT,スクステ同好会,1618,19,107,5350000,10,10,10,10,10,10,10,10,80
P4LVRKG9L,ツキミ,RFYKY8DCD,LA.LA.LA,1654,15,109,5340000,10,10,10,10,10,10,10,10,80
XP37Y6W68,るる,11FB0EDDT,スクステ同好会,1429,12,110,5325000,10,10,10,10,10,10,10,10,80
RND3BA6Q4,あゆ,49AMYCXCD,ルドベキア,1614,15,111,5320000,10,10,10,10,10,10,10,10,80
1YTAJ6KKD,カメイロ,79C17CHA2,蓮ノ空出張部,1314,10,112,5315000,10,10,10,10,10,10,10,10,80
WCN6J32TG,しみちゃん,0TKFF5EG3,サークル名募集中,1725,17,113,5310000,10,10,10,10,10,10,10,10,80
82AHP3EY8,じいなぴー,AH27N260E,百生信託銀行,1177,10,114,5305000,10,10,10,10,10,10,10,10,80
V4BF6FLLT,あめたま,V4A5MP41E,徒町チャレンジ！,1435,14,114,5305000,10,10,10,10,10,10,10,10,80
GUUN5GB0W,むうげ,BKUHCT7WF,蓮女お嬢様部,1305,15,116,5290000,10,10,10,10,10,10,10,10,80
K44BPYK0F,まーほむ,1H5P6KV81,さやかの水着,1528,19,117,5285000,10,10,10,10,10,10,10,10,80
XB2VHAJYV,まさお,GMEF2K8DL,花咲く泥も好き²,1798,14,117,5285000,10,10,10,10,10,10,10,10,80
KJWYM5BGB,愛知Runway,49AMYCXCD,ルドベキア,1634,19,119,5253500,10,10,10,10,10,10,10,10,80
8Q0P3A5Y5,よしお,CM5THHYHB,「」ノ空だけれど,1807,20,120,5245000,10,10,10,10,10,10,10,10,80
VH1RC5NNC,コグレ,3F9P3U95T,ଳ天地鱏明の空ଳ,1638,16,121,5240000,10,10,10,10,10,10,10,10,80
OWS2KA4SW,ごみょ,49AMYCXCD,ルドベキア,1750,15,122,5235000,10,10,10,10,10,10,10,10,80
P9G0536CW,みっつー,WTJV514G9,蓮ノ空のお弁当屋,1624,19,123,5225000,10,10,10,10,10,10,10,10,80
W9865YUF6,コクマロ,V4A5MP41E,徒町チャレンジ！,961,12,123,5225000,10,10,10,10,10,10,10,10,80
QUQRGUWJL,にしおり,49AMYCXCD,ルドベキア,1699,19,125,5220000,10,10,10,10,10,10,10,10,80
NBN8MER17,ひらたみ,V4A5MP41E,徒町チャレンジ！,1150,15,126,5215000,10,10,10,10,10,10,10,10,80
1VM9SAJVY,ユデジロウ,V4A5MP41E,徒町チャレンジ！,1665,16,126,5215000,10,10,10,10,10,10,10,10,80
8WYMG9D4G,らり,R181MKNX1,みらくらは人生！,1478,16,128,5200000,10,10,10,10,10,10,10,10,80
T09VDOIFQ,ぼぬ,998H940YN,お嬢様筋トレ部,1740,18,128,5200000,10,10,10,10,10,10,10,10,80
152BPF239,たると,YE7CX8RNP,蓮ノ大三十角,1627,13,130,5199000,10,10,10,10,10,10,10,10,80
PG3THEV4C,あお,EYN9H9N16,蓮すきすきクラブ,1636,17,131,5195000,10,10,10,10,10,10,10,10,80
FN9BYATDE,EVO,11FB0EDDT,スクステ同好会,1638,14,132,5190000,10,10,10,10,10,10,10,10,80
76L1SWWX0,カプ・デカホ,GXR6C85BT,花帆ちゃん親衛隊,1732,19,133,5185000,10,10,10,10,10,10,10,10,80
ODE064I6J,ちあき,PBRDPWEY1,村村会,1709,18,133,5185000,10,10,10,10,10,10,10,10,80
7Y91YGHL0,taka,M5LHG6R4T,乙宗動物園,1274,14,135,5180000,10,10,10,10,10,10,10,10,80
9QO93VCZF,かいちゃん,HBM31HMUY,YUKIZURI,1668,15,136,5175000,10,10,10,10,10,10,10,10,80
W6KGEJ697,まだまだお,GXR6C85BT,花帆ちゃん親衛隊,1750,11,137,5160000,10,10,10,10,10,10,10,10,80
WK70A6MEG,こへい,N7GLY2RUW,百生銀行,1789,19,137,5160000,10,10,10,10,10,10,10,10,80
V8AFKEXP8,幻,R181MKNX1,みらくらは人生！,1534,17,139,5155000,10,10,10,10,10,10,10,10,80
KWNXKNY6X,ぷいにゅー,49AMYCXCD,ルドベキア,1820,19,140,5145000,10,10,10,10,10,10,10,10,80
ND6DAW05J,パトリシア,M5LHG6R4T,乙宗動物園,1590,15,140,5145000,10,10,10,10,10,10,10,10,80
4387Y57EA,あなたこなた,9GDHWXGVG,ルリと花咲く毎日,1748,15,142,5140000,10,10,10,10,10,10,10,10,80
RRW2O1DH8,ふかひれ,49AMYCXCD,ルドベキア,1797,15,143,5135000,10,10,10,10,10,10,10,10,80
ON66GC85Z,ミツボシ,JTX1G19BP,さやかほ癒し会,1925,20,144,5130000,10,10,10,10,10,10,10,10,80
OJ8LRLQKO,抹茶あいす,1DU9LCND7,蓮ノ空すこやか部,1800,20,145,5120000,10,10,10,10,10,10,10,10,80
4KFUM6ADN,ねくすと,PBRDPWEY1,村村会,1690,18,145,5120000,10,10,10,10,10,10,10,10,80
CO2UVBYHH,ノンフィジカル！,PBRDPWEY1,村村会,1742,9,145,5120000,10,10,10,10,10,10,10,10,80
PNCHE9KS0,凡ばぁどけーじ,WN5B7VKPU,きんぴられんこん,1879,20,148,5115000,10,10,10,10,10,10,10,10,80
G9KZQ5RPT,あずまき,11FB0EDDT,スクステ同好会,1414,12,149,5110000,10,10,10,10,10,10,10,10,80
F2KGTW1YD,片岡,V4A5MP41E,徒町チャレンジ！,1400,13,150,5105000,10,10,10,10,10,10,10,10,80
LQEN0GFVZ,ごろーざ,WN5B7VKPU,きんぴられんこん,1836,19,150,5105000,10,10,10,10,10,10,10,10,80
CL0CDYUYY,舞踏会きんまる,PBRDPWEY1,村村会,1558,18,150,5105000,10,10,10,10,10,10,10,10,80
3LEXE0E48,わかめ,49AMYCXCD,ルドベキア,1483,17,153,5095000,10,10,10,10,10,10,10,10,80
AL804BYBX,はなぶさ,YE7CX8RNP,蓮ノ大三十角,1672,19,154,5090000,10,10,10,10,10,10,10,10,80
Z2GPEFSMH,梁　豪怒,V4A5MP41E,徒町チャレンジ！,1739,18,155,5089000,10,10,10,10,10,10,10,10,80
5Z53SYIYH,Shio,11FB0EDDT,スクステ同好会,1529,19,156,5087000,10,10,10,10,10,10,10,10,80
DP15KUDDM,やゆ,49AMYCXCD,ルドベキア,1428,15,157,5085000,10,10,10,10,10,10,10,10,80
NU071DC0B,青酸柊(シアン),RWARTHA1M,乙宗梢大好き部,1559,18,157,5085000,10,10,10,10,10,10,10,10,80
W0WYHMBR4,リョータ,49AMYCXCD,ルドベキア,1435,16,159,5079000,10,10,10,10,10,10,10,10,80
U8OROTM2Y,なってしまった！,YCTM6RYDP,金沢おでん同好会,1758,19,160,5074000,10,10,10,10,10,10,10,10,80
1FREY7CCF,ぱむぱむ,HE0GK3EPE,瑞蓮プロカ倶楽部,1818,16,161,5070000,10,10,10,10,10,10,10,10,80
N6KDBV2A2,召喚士大沢,7R8NKPAB1,花帆推し倶楽部,1778,18,162,5065000,10,10,10,10,10,10,10,10,80
0HPLRU7YX,すみたく,KT4C59NXG,めぐ島,1606,20,163,5061000,10,10,10,10,10,10,10,10,80
JAG81QH05,たらみ子,GXR6C85BT,花帆ちゃん親衛隊,1698,15,164,5060000,10,10,10,10,10,10,10,10,80
72OA5HUPW,どなた,M5LHG6R4T,乙宗動物園,1477,19,165,5054000,10,10,10,10,10,10,10,10,80
KOKTCEUS1,にんじんソード,1BME38BCD,さすさやクラブ,1739,18,166,5050000,10,10,10,10,10,10,10,10,80
URT1M3CIM,おハル,1BME38BCD,さすさやクラブ,1753,17,166,5050000,10,10,10,10,10,10,10,10,80
B424J17UB,ギンッカ,EYN9H9N16,蓮すきすきクラブ,1479,17,168,5048000,10,10,10,10,10,10,10,10,80
P4ZNDWHDA,どんき,GXR6C85BT,花帆ちゃん親衛隊,1774,18,169,5044000,10,10,10,10,10,10,10,10,80
TDLLB8M13,バスクオムライス,H6JWBBGCG,蓮天・乙宗一心流,1538,3,170,5043000,10,10,10,10,10,10,10,10,80
0Y3QCF38L,月よみくらげ,M5LHG6R4T,乙宗動物園,1818,12,171,5033000,10,10,10,10,10,10,10,10,80
1U1EVHMOB,銀河,RWARTHA1M,乙宗梢大好き部,1687,19,172,5032000,10,10,10,10,10,10,10,10,80
36TAUERL7,つきゆび,0TKFF5EG3,サークル名募集中,1376,19,173,5030000,10,10,10,10,10,10,10,10,80
4YU95R6BA,ティー,11FB0EDDT,スクステ同好会,1145,16,173,5030000,10,10,10,10,10,10,10,10,80
EMFP5HG3T,さりっく,GXR6C85BT,花帆ちゃん親衛隊,1824,20,175,5025000,10,10,10,10,10,10,10,10,80
59VWBERDV,しゃっく,3F9P3U95T,ଳ天地鱏明の空ଳ,950,1,175,5025000,10,10,10,10,10,10,10,10,80
K58KYI7W9,さわ,49AMYCXCD,ルドベキア,1561,13,175,5025000,10,10,10,10,10,10,10,10,80
AHTUCR3W8,ワタ,YFADYJVW4,FPS好きクラブ,1493,19,178,5020000,10,10,10,10,10,10,10,10,80
V578L0R6J,mion,PBRDPWEY1,村村会,1544,15,179,5016000,10,10,10,10,10,10,10,10,80
W51RD80OU,赤飯のごま塩,49AMYCXCD,ルドベキア,1722,15,180,5000000,10,10,10,10,10,10,10,10,80
UTYSFLDSK,てんどう,V4A5MP41E,徒町チャレンジ！,1488,15,181,4990000,10,10,10,10,10,10,10,10,80
MTS3N3QJK,rifotaku,V4A5MP41E,徒町チャレンジ！,1621,19,182,4988000,10,10,10,10,10,10,10,10,80
3HN712NDE,ほし,YFADYJVW4,FPS好きクラブ,1030,9,183,4975000,10,10,10,10,10,10,10,10,80
8GYTX89XA,るりめぐのオタク,PBRDPWEY1,村村会,1673,19,183,4975000,10,10,10,10,10,10,10,10,80
1BNGCP38U,kino,W26TRPM1R,めぐ党藤島派,1545,15,185,4972000,10,10,10,10,10,10,10,10,80
ANDHY0LMT,こっしー,CX967RTGY,おんゆあさーくる,1348,18,186,4970000,10,10,10,10,10,10,10,10,80
5GUR9X53N,すてぽ,2B97MH4YA,同じ話し何回も…,1723,16,187,4968000,10,10,10,10,10,10,10,10,80
85NX5JDGB,いろはす,PBRDPWEY1,村村会,1777,20,188,4965000,10,10,10,10,10,10,10,10,80
FZMYZZPRK,彩花,FK5MUK0ET,くる♡すきクラブ,1572,16,189,4960000,10,10,10,10,10,10,10,10,80
INAGE6AD9,halxiel,YE7CX8RNP,蓮ノ大三十角,1622,13,190,4956000,10,10,10,10,10,10,10,10,80
530X3N5VB,らみん,11FB0EDDT,スクステ同好会,1692,19,191,4955000,10,10,10,10,10,10,10,10,80
RV0TDDA7D,ブリてっか,EYN9H9N16,蓮すきすきクラブ,1785,17,192,4953000,10,10,10,10,10,10,10,10,80
7XT268BWG,アイランド秋葉原,EYN9H9N16,蓮すきすきクラブ,1665,18,193,4952000,10,10,10,10,10,10,10,10,80
1NOMUK0WK,凛さおり,PDMPF3VVV,r/LL,1563,20,194,4934000,10,10,10,10,10,10,10,10,80
Y5V6GYNUP,ですお,8R49BTWW6,蓮女お嬢様クラブ,1188,11,195,4930000,10,10,10,10,10,10,10,10,80
UPFLJNDNJ,もちもちかちまち,CRYB2FJ64,つくよみくらぶ,1055,9,196,4929000,10,10,10,10,10,10,10,10,80
U587LWLVX,やきたこ,YE7CX8RNP,蓮ノ大三十角,1352,11,197,4926000,10,10,10,10,10,10,10,10,80
53RKA95PI,こはく,0TKFF5EG3,サークル名募集中,1602,19,198,4918000,10,10,10,10,10,10,10,10,80
RD2UKKFRU,ヒツジグマ,RWARTHA1M,乙宗梢大好き部,1530,19,199,4917000,10,10,10,10,10,10,10,10,80
TBFNA0DEB,ぐどん,V4A5MP41E,徒町チャレンジ！,1093,7,200,4914000,10,10,10,10,10,10,10,10,80
EEODMO0PN,kazami,HE0GK3EPE,瑞蓮プロカ倶楽部,1853,16,201,4911000,10,10,10,10,10,10,10,10,80
NT480V79A,ゆざくら,PBRDPWEY1,村村会,1598,17,202,4905000,10,10,10,10,10,10,10,10,80
ARB6FHC6U,なべし,11FB0EDDT,スクステ同好会,1681,20,202,4905000,10,10,10,10,10,10,10,10,80
P2ENLR3NN,ﾉﾚcｲ´=ω=,V6DV6KETG,梢好き好きクラブ,1627,17,204,4903000,10,10,10,10,10,10,10,10,80
84CN09DR5,むすび,0TKFF5EG3,サークル名募集中,1739,14,205,4902000,10,10,10,10,10,10,10,10,80
BGB0VEFP1,笹鎌愁久,PBRDPWEY1,村村会,1415,17,206,4900000,10,10,10,10,10,10,10,10,80
J5GI3NA6M,林檎林檎アップル,GXR6C85BT,花帆ちゃん親衛隊,1772,20,207,4898000,10,10,10,10,10,10,10,10,80
YDKMAKH51,Casi,G0J2F9NAL,さやさやさーくる,1130,10,208,4894000,10,10,10,10,10,10,10,10,80
WNK2YLKKY,なす,Y6JNPC60C,綴理メイト,1583,17,209,4892000,10,10,10,10,10,10,10,10,80
HY934N56T,シャカパチの徒町,0TKFF5EG3,サークル名募集中,1714,19,210,4890000,10,10,10,10,10,10,10,10,80
A5PDNTPN2,ゴツゴツのアハン,V4A5MP41E,徒町チャレンジ！,1496,5,211,4886000,10,10,10,10,10,10,10,10,80
9BRVF2KFM,まっち,V4A5MP41E,徒町チャレンジ！,1455,6,211,4886000,10,10,10,10,10,10,10,10,80
KCEKK619T,さみ,998H940YN,お嬢様筋トレ部,1397,17,213,4882000,10,10,10,10,10,10,10,10,80
NK48LNWT8,Eri_Maki,1BME38BCD,さすさやクラブ,1609,18,213,4882000,10,10,10,10,10,10,10,10,80
8XP3JM3HY,ハヤシモリ,PBRDPWEY1,村村会,1707,16,215,4881000,10,10,10,10,10,10,10,10,80
01F0ML4X6,TM,PPAHU1TNY,蓮ノ空のんびり部,1554,19,216,4879000,10,10,10,10,10,10,10,10,80
CW1IJ4VQU,ALOMA,YE7CX8RNP,蓮ノ大三十角,1521,4,217,4877000,10,10,10,10,10,10,10,10,80
I1D51RNAU,"AKIRA,s",CX967RTGY,おんゆあさーくる,1674,19,218,4875000,10,10,10,10,10,10,10,10,80
ZHVYQOXPW,たかやん,YE7CX8RNP,蓮ノ大三十角,1610,18,219,4874000,10,10,10,10,10,10,10,10,80
67IVLJVB0,ねこるて,CX967RTGY,おんゆあさーくる,1719,18,220,4873000,10,10,10,10,10,10,10,10,80
ZX04ZZ2IW,きく,YCTM6RYDP,金沢おでん同好会,1640,17,221,4872000,10,10,10,10,10,10,10,10,80
9RV301LEB,いもむし,GXR6C85BT,花帆ちゃん親衛隊,1639,16,222,4871000,10,10,10,10,10,10,10,10,80
AXNUE33I7,♨釜玉うどん♨,N2KCENRKH,猫＆旅大好き部,1678,6,222,4871000,10,10,10,10,10,10,10,10,80
NXVRLTLHM,たわし,11FB0EDDT,スクステ同好会,1163,10,224,4866000,10,10,10,10,10,10,10,10,80
IEM5ZNZ0W,Xenos,GXR6C85BT,花帆ちゃん親衛隊,1850,10,225,4865000,10,10,10,10,10,10,10,10,80
ZYR6MKI25,Larkspur,2K5AM4RV0,とろぺりです,1599,16,225,4865000,10,10,10,10,10,10,10,10,80
DEVDG82YE,ジョーくん,11FB0EDDT,スクステ同好会,1585,12,225,4865000,10,10,10,10,10,10,10,10,80
LKY79HKFR,しらす,HE0GK3EPE,瑞蓮プロカ倶楽部,1803,19,228,4864000,10,10,10,10,10,10,10,10,80
L2DNOMKBV,レーン,0TKFF5EG3,サークル名募集中,1568,14,229,4863000,10,10,10,10,10,10,10,10,80
3Q65ASSTC,ほうがく,YE7CX8RNP,蓮ノ大三十角,1679,19,230,4862000,10,10,10,10,10,10,10,10,80
7A2IGCZZY,のぐまん,RFYKY8DCD,LA.LA.LA,1644,13,230,4862000,10,10,10,10,10,10,10,10,80
8DSWY1SNL,お茶とコーヒー,HBUK6F7CC,乙宗梢なりきり部,1830,20,230,4862000,10,10,10,10,10,10,10,10,80
PLE67URFB,DasserAN,M5LHG6R4T,乙宗動物園,1593,17,233,4860000,10,10,10,10,10,10,10,10,80
MT9XVRL4Y,レプリカ,11FB0EDDT,スクステ同好会,1583,18,233,4860000,10,10,10,10,10,10,10,10,80
J6B943VP6,まぁ,UYCT3Y4JK,蓮っ子,1447,18,233,4860000,10,10,10,10,10,10,10,10,80
BCUBTG3Y4,ノノ,B5V2LNN43,WMW,1587,19,236,4857000,10,10,10,10,10,10,10,10,80
J2U81HBDL,Kaz@よしりこ,8P39YRA1L,慈と愉快な仲間達,1679,14,236,4857000,10,10,10,10,10,10,10,10,80
3X404K304,いけ,GR65FP8VN,蓮好き,959,5,238,4855000,10,10,10,10,10,10,10,10,80
DPX63EYA8,きんぎょ,GPKTRBCTT,騎空団蓮ノ空支部,1646,12,238,4855000,10,10,10,10,10,10,10,10,80
CPU567Q5P,あいざっく,8M6UDX260,ぽけもん好き,1681,12,238,4855000,10,10,10,10,10,10,10,10,80
BTPB6DXYH,みやび,CX967RTGY,おんゆあさーくる,1510,12,241,4852000,10,10,10,10,10,10,10,10,80
THT84VUB7,オム,8M6UDX260,ぽけもん好き,1562,12,242,4851000,10,10,10,10,10,10,10,10,80
XK44KNPLR,C_T4KE,GXR6C85BT,花帆ちゃん親衛隊,1498,18,242,4851000,10,10,10,10,10,10,10,10,80
KJ69D4PA4,ぱん,G59NGM0XA,シュリーレン,1550,19,244,4850000,10,10,10,10,10,10,10,10,80
02DY8MLAP,蓮き,YFADYJVW4,FPS好きクラブ,1550,19,245,4846000,10,10,10,10,10,10,10,10,80
YYC04U1FA,さく,G59NGM0XA,シュリーレン,1040,7,246,4844000,10,10,10,10,10,10,10,10,80
JRKLLY4D3,kazu,HBM31HMUY,YUKIZURI,1510,9,247,4843000,10,10,10,10,10,10,10,10,80
T8IMQLFKA,あるかいど,FH7G62PKW,月火水木金土日,1500,8,247,4843000,10,10,10,10,10,10,10,10,80
5K59F4UVE,ガチャ至上主義,11FB0EDDT,スクステ同好会,1466,20,249,4837000,10,10,10,10,10,10,10,10,80
72CKW0EAA,にっぴー,PBRDPWEY1,村村会,1399,14,250,4836000,10,10,10,10,10,10,10,10,80
WKO5MRT84,NANA,7R8NKPAB1,花帆推し倶楽部,1581,20,251,4835000,10,10,10,10,10,10,10,10,80
NWW7GA7JI,虎,48BTAPMBG,蓮ノ空魔術部,1634,19,252,4834000,10,10,10,10,10,10,10,10,80
MC10A5K27,マヒナペ,0UT59MJ8U,かほすこ同好会,1513,13,252,4834000,10,10,10,10,10,10,10,10,80
IN27C39RY,スス,9YM3DBTB7,泥民館,1815,20,254,4831000,10,10,10,10,10,10,10,10,80
YA23T8JH8,つばサンド,FK5MUK0ET,くる♡すきクラブ,1465,20,254,4831000,10,10,10,10,10,10,10,10,80
G35B741AK,矢澤,YE7CX8RNP,蓮ノ大三十角,1535,0,256,4830000,10,10,10,10,10,10,10,10,80
M1NJG8HHY,城之内ファイヤー,6XX7GBM0K,ぷちぐる同好会,819,2,257,4829000,10,10,10,10,10,10,10,10,80
DPQ6HPBXJ,黒い秋,49AMYCXCD,ルドベキア,1745,5,257,4829000,10,10,10,10,10,10,10,10,80
1KEVDVFF9,のら,WN5B7VKPU,きんぴられんこん,1576,12,259,4828000,10,10,10,10,10,10,10,10,80
FSHR5FP4W,Kian,KT4C59NXG,めぐ島,1810,20,259,4828000,10,10,10,10,10,10,10,10,80
C7514GVOI,iopiy,RFYKY8DCD,LA.LA.LA,1582,18,261,4827000,10,10,10,10,10,10,10,10,80
8HYVGQUX7,まさき,CXG25026E,泥のみんなS,1632,20,262,4824000,10,10,10,10,10,10,10,10,80
XBQ9DY9FG,店長,WN5B7VKPU,きんぴられんこん,1702,17,263,4822000,10,10,10,10,10,10,10,10,80
MLCB48E70,はま,GR65FP8VN,蓮好き,1460,18,263,4822000,10,10,10,10,10,10,10,10,80
I2J1HK333,まっちゃ,Y4BKHX868,戒めのひとり旅,1757,19,263,4822000,10,10,10,10,10,10,10,10,80
VVRBWNSVQ,かんべえ,E7UBR0A2W,冬枯れの原っぱ,1796,17,266,4820000,10,10,10,10,10,10,10,10,80
VLVZCU5K1,ひなつき,B5V2LNN43,WMW,1696,17,267,4819000,10,10,10,10,10,10,10,10,80
WIN8KLGAN,もり,1BME38BCD,さすさやクラブ,1705,10,268,4817000,10,10,10,10,10,10,10,10,80
KYXUCDX5P,米豆梨（みどり）,9YM3DBTB7,泥民館,1909,13,268,4817000,10,10,10,10,10,10,10,10,80
0FFKIEWPN,yn,0UT59MJ8U,かほすこ同好会,1803,19,268,4817000,10,10,10,10,10,10,10,10,80
H4CWPEX7A,カイ,GXR6C85BT,花帆ちゃん親衛隊,1811,16,271,4816000,10,10,10,10,10,10,10,10,80
J3KXB7WJA,藤島 おひや,E7673WR7C,マルガイジ,1213,12,271,4816000,10,10,10,10,10,10,10,10,80
UYBPPXGKU,37.25秒の噺,M5LHG6R4T,乙宗動物園,1467,19,271,4816000,10,10,10,10,10,10,10,10,80
7W0EHYXWH,ニムカ,R181MKNX1,みらくらは人生！,1371,18,274,4814000,10,10,10,10,10,10,10,10,80
7JNX2DBCM,おぎくぼ,11FB0EDDT,スクステ同好会,1555,12,275,4813000,10,10,10,10,10,10,10,10,80
N48B8N6QZ,こうて〜,CM5THHYHB,「」ノ空だけれど,1784,20,276,4811000,10,10,10,10,10,10,10,10,80
2VR7UEKP9,れあそん,R181MKNX1,みらくらは人生！,1255,5,277,4809000,10,10,10,10,10,10,10,10,80
9ENVXR95K,マオ,M5LHG6R4T,乙宗動物園,1701,17,277,4809000,10,10,10,10,10,10,10,10,80
LWPHMPLJH,日向 みのり,05KN1RR3U,さやかほ花卉園,1737,19,277,4809000,10,10,10,10,10,10,10,10,80
22F9H0NK0,かじみん,JTX1G19BP,さやかほ癒し会,1688,20,280,4804000,10,10,10,10,10,10,10,10,80
0AIT0SH3M,Pastel,M5LHG6R4T,乙宗動物園,1744,13,281,4803000,10,10,10,10,10,10,10,10,80
UGL8LNHRY,シグマ隊長,HBUK6F7CC,乙宗梢なりきり部,1781,19,281,4803000,10,10,10,10,10,10,10,10,80
TF3P7YXVG,メンダコ,V4A5MP41E,徒町チャレンジ！,1658,19,281,4803000,10,10,10,10,10,10,10,10,80
CS46LXDBO,ひらひら,RFYKY8DCD,LA.LA.LA,1712,14,284,4802000,10,10,10,10,10,10,10,10,80
80YJPN7V1,シガナ,25PMPEMG7,星見プロ,1491,17,284,4802000,10,10,10,10,10,10,10,10,80
3TMJPAKPH,saklas,ABALH0AL3,楽園計画,1471,7,284,4802000,10,10,10,10,10,10,10,10,80
FP7IIBGF0,さらい,WN5B7VKPU,きんぴられんこん,1674,10,284,4802000,10,10,10,10,10,10,10,10,80
L2WFYHDCX,khani,0TKFF5EG3,サークル名募集中,1422,20,288,4801000,10,10,10,10,10,10,10,10,80
S1JO65QZU,すと。,3F9P3U95T,ଳ天地鱏明の空ଳ,1696,11,289,4800000,10,10,10,10,10,10,10,10,80
ZLU168QJU,かつ,FG5VFFNRK,蓮ノ空おじさん,1792,18,289,4800000,10,10,10,10,10,10,10,10,80
UMVKT7BBJ,ゆ,RWARTHA1M,乙宗梢大好き部,1590,17,291,4798000,10,10,10,10,10,10,10,10,80
2FRL7KV1T,金字塔P,R181MKNX1,みらくらは人生！,1327,4,292,4796000,10,10,10,10,10,10,10,10,80
HGC8Y4QUS,もがの,49AMYCXCD,ルドベキア,1780,13,293,4795000,10,10,10,10,10,10,10,10,80
83T3PMCBE,ちみんてゃ,M5LHG6R4T,乙宗動物園,841,5,293,4795000,10,10,10,10,10,10,10,10,80
DXN1X5JYF,ここのん,V4A5MP41E,徒町チャレンジ！,1430,5,295,4790000,10,10,10,10,10,10,10,10,80
EWJNDLVTH,豆苗,RWARTHA1M,乙宗梢大好き部,1138,14,296,4788000,10,10,10,10,10,10,10,10,80
VJF8HF7JA,フラワー,05KN1RR3U,さやかほ花卉園,1694,10,297,4785000,10,10,10,10,10,10,10,10,80
F53XY7P9Y,ゆきち,0UT59MJ8U,かほすこ同好会,1632,20,297,4785000,10,10,10,10,10,10,10,10,80
PE08U0X7E,きちよぎ,0EL43A30P,こころのいろは,1520,19,297,4785000,10,10,10,10,10,10,10,10,80
RGE7T0KWP,なるる,V4A5MP41E,徒町チャレンジ！,1688,14,300,4784000,10,10,10,10,10,10,10,10,80
FTR2CP4NX,町人,W3YKKRWHG,ルリと愉快な一家,589,0,301,4782000,10,10,10,10,10,10,10,10,80
LNTJFQNJ4,雪人,V6DV6KETG,梢好き好きクラブ,1573,12,301,4782000,10,10,10,10,10,10,10,10,80
E12RMFCE1,ひしょう,998H940YN,お嬢様筋トレ部,1634,12,303,4781000,10,10,10,10,10,10,10,10,80
REQ7MEFMK,ons,4XRHRYDW4,無言でエンジョイ,1603,19,304,4780000,10,10,10,10,10,10,10,10,80
K3DA7KEV0,カップ,PLBBEX019,待機室目指し隊,1414,15,304,4780000,10,10,10,10,10,10,10,10,80
8BVTA3YTJ,のりしお,GR65FP8VN,蓮好き,577,0,306,4779000,10,10,10,10,10,10,10,10,80
4NF07ZA7K,ゆーさく,48BTAPMBG,蓮ノ空魔術部,1738,18,307,4777000,10,10,10,10,10,10,10,10,80
C3LBT86LJ,鍵,02XNKDH8X,せーはすの雑用係,1460,13,308,4775000,10,10,10,10,10,10,10,10,80
X8CGHMUJO,さか,RFYKY8DCD,LA.LA.LA,1687,19,309,4773000,10,10,10,10,10,10,10,10,80
71CYB5LAJ,梓弓,YE7CX8RNP,蓮ノ大三十角,1411,19,309,4773000,10,10,10,10,10,10,10,10,80
0STI22GS3,マウスル,RWARTHA1M,乙宗梢大好き部,1825,19,311,4771000,10,10,10,10,10,10,10,10,80
5KXTYUA3E,タコ,KXU941RFJ,梢先輩おめでとう,1376,17,312,4768000,10,10,10,10,10,10,10,10,80
67GP30NUW,yuba,RF5215M2U,スクステ同好会②,1742,16,313,4766000,10,10,10,10,10,10,10,10,80
5XM2YS0UU,KUNA,948FLPMPN,まったりハス煮〜,1374,11,313,4766000,10,10,10,10,10,10,10,10,80
ZVZS6JQ72,だてまき,49AMYCXCD,ルドベキア,1487,13,315,4765000,10,10,10,10,10,10,10,10,80
3U8FCLD8W,すけ,HBM31HMUY,YUKIZURI,1587,19,316,4763000,10,10,10,10,10,10,10,10,80
YXT22ACK2,honokaho,M8FM7P139,蓮ノ空ひとり旅部,1732,19,316,4763000,10,10,10,10,10,10,10,10,80
N198BK2ZK,Nyon,M5LHG6R4T,乙宗動物園,1722,19,318,4762000,10,10,10,10,10,10,10,10,80
FPUMD8XCP,Atsushi,KULVP7FDR,アニマル分室,1409,19,319,4761000,10,10,10,10,10,10,10,10,80
C5279V59A,oratorio,B5V2LNN43,WMW,1499,17,320,4760000,10,10,10,10,10,10,10,10,80
TC29EK6TA,えくれあ,YCTM6RYDP,金沢おでん同好会,1535,15,321,4757000,10,10,10,10,10,10,10,10,80
Z8YYF2JJZ,木崎拓人@ルリラ,X7C21B7H7,泥,1691,19,322,4756000,10,10,10,10,10,10,10,10,80
B1480XVVT,ハミィ,0UT59MJ8U,かほすこ同好会,1450,16,323,4755000,10,10,10,10,10,10,10,10,80
JTKBKTH2T,かど・ふろんたる,PBRDPWEY1,村村会,1451,19,323,4755000,10,10,10,10,10,10,10,10,80
KPW0D8CBK,F0X,GKR9TEBYC,毎日がホリデイ♪,1077,11,323,4755000,10,10,10,10,10,10,10,10,80
GTCTFL925,あじたま,9FF5JBNDF,めぐすきクラブ,1837,19,326,4754000,10,10,10,10,10,10,10,10,80
EEOUGZ125,黎,6H800PBV7,新鮮館,1474,10,326,4754000,10,10,10,10,10,10,10,10,80
TX4V02KGA,WinDD,YFADYJVW4,FPS好きクラブ,1529,13,328,4752000,10,10,10,10,10,10,10,10,80
E98RC4JEB,ししまい,998H940YN,お嬢様筋トレ部,1566,18,329,4751000,10,10,10,10,10,10,10,10,80
F1TNFLPPC,へいろう,V4A5MP41E,徒町チャレンジ！,934,3,330,4750000,10,10,10,10,10,10,10,10,80
8VNOEJXKL,めじろ,RF5215M2U,スクステ同好会②,1589,19,331,4749000,10,10,10,10,10,10,10,10,80
B0KUNBVED,みっくん,M5LHG6R4T,乙宗動物園,1534,19,331,4749000,10,10,10,10,10,10,10,10,80
9NUAF91LJ,シエル,B5V2LNN43,WMW,1605,15,331,4749000,10,10,10,10,10,10,10,10,80
XJA5BDOW7,ちや,49AMYCXCD,ルドベキア,1768,16,331,4749000,10,10,10,10,10,10,10,10,80
0IEZ2HUX7,はる,HBM31HMUY,YUKIZURI,1634,19,335,4747000,10,10,10,10,10,10,10,10,80
KWSACZISO,すずき,BXGNMY466,ライグラ用,1578,16,335,4747000,10,10,10,10,10,10,10,10,80
U8MEXM43B,千歳,M5LHG6R4T,乙宗動物園,1504,15,337,4746000,10,10,10,10,10,10,10,10,80
CK49KFTJ1,こーどどどーん,RXXUPMWB9,待機室跡地観測所,1357,18,338,4743000,10,10,10,10,10,10,10,10,80
C0BE0UEXT,あ,11FB0EDDT,スクステ同好会,959,3,339,4742000,10,10,10,10,10,10,10,10,80
K7GRE5GEW,ふうる,2NY9H8BR9,乙宗紅茶館,1068,13,339,4742000,10,10,10,10,10,10,10,10,80
UA5OC8495,zth,1BME38BCD,さすさやクラブ,1713,18,341,4741000,10,10,10,10,10,10,10,10,80
8R4WBYHH4,キム,9DKR4Y2CJ,蓮ノ空老人会,1346,15,342,4740000,10,10,10,10,10,10,10,10,80
1A89S5KW0,流布,11FB0EDDT,スクステ同好会,1621,18,343,4739000,10,10,10,10,10,10,10,10,80
34QCZTDD9,ベルりん,J8HXTJ8TB,流し素麺同好会,1651,17,344,4738000,10,10,10,10,10,10,10,10,80
W19UTKDEB,わし村長,2B97MH4YA,同じ話し何回も…,1074,0,345,4737000,10,10,10,10,10,10,10,10,80
LXWED1VJN,葉山球磨,R181MKNX1,みらくらは人生！,1430,6,346,4736000,10,10,10,10,10,10,10,10,80
MNYE73P47,どん,95TAREFPT,ご自由にどうぞ,1065,4,346,4736000,10,10,10,10,10,10,10,10,80
888HLADHY,昭弘みらくらんど,WEKXHR1VK,散らない蓮の華,480,1,348,4733000,10,10,10,10,10,10,10,10,80
ZR84BMV8Z,アヒル太郎,RWARTHA1M,乙宗梢大好き部,1422,17,348,4733000,10,10,10,10,10,10,10,10,80
K8JJMK2OV,かへちゃん,Y2R7E79U3,カワウソ同好会,1509,13,348,4733000,10,10,10,10,10,10,10,10,80
9NT7YU06E,青葉,FG5VFFNRK,蓮ノ空おじさん,1127,19,348,4733000,10,10,10,10,10,10,10,10,80
EIJ9NR6QJ,もんじゃくん,11FB0EDDT,スクステ同好会,1518,16,348,4733000,10,10,10,10,10,10,10,10,80
EMJGXK3AN,あき,3FF3NB77X,せーはす愛好会,1548,11,348,4733000,10,10,10,10,10,10,10,10,80
0XN7DUJUU,ながいくん,RFYKY8DCD,LA.LA.LA,1442,18,354,4732000,10,10,10,10,10,10,10,10,80
LV8A14V4F,ゼンマイ,CTW8DKV5P,まったり,1524,15,355,4731000,10,10,10,10,10,10,10,10,80
2AUU5PNBB,masaya,W3YKKRWHG,ルリと愉快な一家,1353,8,355,4731000,10,10,10,10,10,10,10,10,80
0LXEB56CU,アスピリン,R181MKNX1,みらくらは人生！,1092,4,357,4729000,10,10,10,10,10,10,10,10,80
SM59T811D,Case,RWARTHA1M,乙宗梢大好き部,1568,15,357,4729000,10,10,10,10,10,10,10,10,80
12GTXCH5V,Juice,7XH3K4GBT,LLP,1639,20,359,4728000,10,10,10,10,10,10,10,10,80
X78ZIRY1X,とく,0UT59MJ8U,かほすこ同好会,990,0,359,4728000,10,10,10,10,10,10,10,10,80
J9C1NN8VB,穀雨、麦の風,48BTAPMBG,蓮ノ空魔術部,1804,18,361,4726000,10,10,10,10,10,10,10,10,80
CH6EH94XB,ばやしこ,FG5VFFNRK,蓮ノ空おじさん,1607,17,362,4725000,10,10,10,10,10,10,10,10,80
7RKDSBKXW,あらさん,11FB0EDDT,スクステ同好会,1600,14,363,4724000,10,10,10,10,10,10,10,10,80
M6J593C9W,うらかつ,0TKFF5EG3,サークル名募集中,1779,19,363,4724000,10,10,10,10,10,10,10,10,80
P4BD94K88,ﾛｰﾗ･ﾘﾙﾚ,HE0GK3EPE,瑞蓮プロカ倶楽部,1693,20,365,4723000,10,10,10,10,10,10,10,10,80
3BU4KGTMM,いもたん,1DU9LCND7,蓮ノ空すこやか部,1383,16,366,4722000,10,10,10,10,10,10,10,10,80
80XJM10F0,うらピ,HBM31HMUY,YUKIZURI,1231,9,367,4721000,10,10,10,10,10,10,10,10,80
85J48PFHD,なおい,RWARTHA1M,乙宗梢大好き部,841,2,368,4719000,10,9,10,10,10,10,10,4,73
PFLJMTJPB,カリウム,RXXUPMWB9,待機室跡地観測所,1550,9,369,4717000,10,10,10,10,10,10,10,10,80
YVGO9EHKS,やたペン,HBM31HMUY,YUKIZURI,1622,16,370,4716000,10,10,10,10,10,10,10,10,80
1AZ5EJR7Z,Inahime,X7C21B7H7,泥,1596,15,371,4715000,10,10,10,10,10,10,10,10,80
WL6FFE9FY,もょもと,EYN9H9N16,蓮すきすきクラブ,1709,18,372,4713000,10,10,10,10,10,10,10,10,80
DTNPMVGB9,瑠璃乃推し,07JW71HWG,良いチケで観よう,1339,19,372,4713000,10,10,10,10,10,10,10,10,80
4FGPNYMSS,てんよし,HE0GK3EPE,瑞蓮プロカ倶楽部,1770,15,372,4713000,10,10,10,10,10,10,10,10,80
7927EJ4PX,みずちのん,7R8NKPAB1,花帆推し倶楽部,1462,19,372,4713000,10,10,10,10,10,10,10,10,80
KXJK2VBJ5,esu,B5V2LNN43,WMW,1452,19,376,4708000,10,10,10,10,10,10,10,10,80
D0L5338PN,ひろせ,M5LHG6R4T,乙宗動物園,1500,19,377,4706000,10,10,10,10,10,10,10,10,80
2WT4NHVZ5,のぞのぞみん,11FB0EDDT,スクステ同好会,1808,19,378,4704000,10,10,10,10,10,10,10,10,80
NOB5KDBV6,しる220,0UT59MJ8U,かほすこ同好会,1608,17,379,4703000,10,10,10,10,10,10,10,10,80
FYG0EH5AJ,R’s八重歯,W26TRPM1R,めぐ党藤島派,1710,17,380,4702000,10,10,10,10,10,10,10,10,80
EQCWYNLEG,ガチムチ大鈴39,7R8NKPAB1,花帆推し倶楽部,1470,14,381,4698000,10,10,10,10,10,10,10,10,80
JIKYKGGNX,ぬー,HBUK6F7CC,乙宗梢なりきり部,1573,15,382,4697000,10,10,10,10,10,10,10,10,80
M8KSSVGQS,あーきてくちゃ,PBRDPWEY1,村村会,1638,19,383,4694000,10,10,10,10,10,10,10,10,80
RZ2VFDOTK,安心,8R49BTWW6,蓮女お嬢様クラブ,1701,18,383,4694000,10,10,10,10,10,10,10,10,80
O3F93YCLH,あおい,B5V2LNN43,WMW,1587,15,383,4694000,10,10,10,10,10,10,10,10,80
46H34H9CY,琴,0TKFF5EG3,サークル名募集中,1560,15,386,4693000,10,10,10,10,10,10,10,10,80
SE59OH0DG,スプリング,X7C21B7H7,泥,1756,20,387,4692000,10,10,10,10,10,10,10,10,80
E1J3F69YK,ひろりん,K8C99H42D,ルリと喜ド！愛楽,1229,12,388,4691000,10,10,10,10,10,10,10,10,80
BMM78P2WR,(・8・),M5LHG6R4T,乙宗動物園,1679,19,388,4691000,10,10,10,10,10,10,10,10,80
OR2FS00BH,あぼます,6045Y2RW7,ポチっと！蓮ノ空,1684,12,390,4690000,10,10,10,10,10,10,10,10,80
BRJ0XWX77,しいのき,V4A5MP41E,徒町チャレンジ！,1829,19,391,4689000,10,10,10,10,10,10,10,10,80
VKR2DFGE5,ふーとー,L3NN1RWMY,アポロベイ海賊団,1204,19,391,4689000,10,10,10,10,10,10,10,10,80
W4V6K6F39,ぴーまん,N1DJVPGP8,いつでも咲けるよ,1580,18,391,4689000,10,10,10,10,10,10,10,10,80
NLM0VLA6W,♥♠ブイヨン♦♣,11FB0EDDT,スクステ同好会,1538,8,391,4689000,10,10,10,10,10,10,10,10,80
TVR55LRDJ,ナオお姉ちゃん,CV62FGL1U,花咲かせ隊,1523,19,395,4688000,10,10,10,10,10,10,10,10,80
EIKH27TI8,あおはる,GKR9TEBYC,毎日がホリデイ♪,1633,19,396,4686000,10,10,10,10,10,10,10,10,80
CZBSB05JT,変☆態☆紳☆士,FMKP92LRL,目が霞む人達,1745,20,396,4686000,10,10,10,10,10,10,10,10,80
Y9DYX1NH0,よも,7R8NKPAB1,花帆推し倶楽部,1225,17,398,4681000,10,10,10,10,10,10,10,10,80
HSQ00QD7A,グラッド,V4A5MP41E,徒町チャレンジ！,1648,8,399,4679000,10,10,10,10,10,10,10,10,80
J5XK1MALN,おやじぃ,Y2HV0YEF7,蓮ノ空を応援し隊,1510,19,399,4679000,10,10,10,10,10,10,10,10,80
FB415YHRG,ゆさまこと,V26546K3D,乙宗気合筋肉,1347,6,401,4678000,10,10,10,10,10,10,10,10,80
BFBDRTETJ,からいろは,EYN9H9N16,蓮すきすきクラブ,1724,15,402,4676000,10,10,10,10,10,10,10,10,80
15PLUIMFQ,まよ,GMEF2K8DL,花咲く泥も好き²,1619,20,402,4676000,10,10,10,10,10,10,10,10,80
KT1503GYL,あいえー,M5LHG6R4T,乙宗動物園,1230,18,402,4676000,10,10,10,10,10,10,10,10,80
FYK24K9Y1,卓球,HBUK6F7CC,乙宗梢なりきり部,1570,17,405,4674000,10,10,10,10,10,10,10,10,80
MY1FSZGKQ,カルビ,PBRDPWEY1,村村会,1582,17,406,4673000,10,10,10,10,10,10,10,10,80
E414UTOTC,コッシー,DKNHY5HH6,なす料理研究会,1471,5,407,4672000,10,10,10,10,10,10,10,10,80
DRSNNTTME,もや,YE7CX8RNP,蓮ノ大三十角,1732,9,408,4671000,10,10,10,10,10,10,10,10,80
0DKJN8WXG,ごまッチョ,GXR6C85BT,花帆ちゃん親衛隊,1498,19,409,4670000,10,10,10,10,10,10,10,10,80
DZ3B41G7E,お茶組織,CX967RTGY,おんゆあさーくる,1460,17,410,4669000,10,10,10,10,10,10,10,10,80
9NJQWNFN2,としひら,T045NDKW0,♬さやか愛好会♬,1547,15,410,4669000,10,10,10,10,10,10,10,10,80
4T6CLBPT1,かいじんさん,TXNCTRR1U,瑠璃乃推し隊,1608,18,412,4668000,10,10,10,10,10,10,10,10,80
7H3AJT3DL,まろん,11FB0EDDT,スクステ同好会,1332,12,412,4668000,10,10,10,10,10,10,10,10,80
A23A649ED,未完蜜柑,RFYKY8DCD,LA.LA.LA,1665,19,412,4668000,10,10,10,10,10,10,10,10,80
04TRE8XUQ,kuro,WTJV514G9,蓮ノ空のお弁当屋,1647,19,415,4667000,10,10,10,10,10,10,10,10,80
CQSYMDA64,やっちゃん,1DU9LCND7,蓮ノ空すこやか部,1654,15,416,4665000,10,10,10,10,10,10,10,10,80
74M5NJZTF,lanndamu,948FLPMPN,まったりハス煮〜,1603,17,416,4665000,10,10,10,10,10,10,10,10,80
HCH7L01VU,スノーアイス,RF5215M2U,スクステ同好会②,1673,19,418,4664000,10,10,10,10,10,10,10,10,80
UYVYBTMLE,ひよこ羊,KT4C59NXG,めぐ島,1255,14,419,4662000,10,10,10,10,10,10,10,10,80
0VVAUBJJ5,pop,6XX7GBM0K,ぷちぐる同好会,1522,16,420,4660000,10,10,10,10,10,10,10,10,80
CVXKBWCNR,あしる,FC8NBAJBT,ラー麺二郎金沢店,1582,19,421,4658000,10,10,10,10,10,10,10,10,80
1CWT30PGP,花宮家の執事,MTBP3B4GM,ふらわーすきすき,1467,19,421,4658000,10,10,10,10,10,10,10,10,80
3KVF51XYR,わかめ。,0UT59MJ8U,かほすこ同好会,1659,15,423,4656000,10,10,10,10,10,10,10,10,80
XDYHQD918,いか,8P39YRA1L,慈と愉快な仲間達,1685,17,424,4655000,10,10,10,10,10,10,10,10,80
OYC1JDGX9,417,N7GLY2RUW,百生銀行,1415,16,425,4651000,10,10,10,10,10,10,10,10,80
7QB6E4OJB,生きる希望,V4A5MP41E,徒町チャレンジ！,1525,17,426,4649000,10,10,10,10,10,10,10,10,80
ZNS2C16VP,トニー,WX1DYC9Y1,ラナンキュラス,1573,12,426,4649000,10,10,10,10,10,10,10,10,80
I487A8G0C,わいえす,KT4C59NXG,めぐ島,1379,15,428,4648000,10,10,10,10,10,10,10,10,80
NOBSSQRBX,パタポン,1BME38BCD,さすさやクラブ,1570,17,429,4647000,10,10,10,10,10,10,10,10,80
7U92CFGRY,フラジャイル,FTY0R8KPH,泥の皆様,1384,6,429,4647000,10,10,10,10,10,10,10,10,80
FTL21FH8T,マーシャル,KULVP7FDR,アニマル分室,1407,19,429,4647000,10,10,10,10,10,10,10,10,80
CNFVA0XA1,1000円,BKUHCT7WF,蓮女お嬢様部,1327,14,432,4644000,10,10,10,10,10,10,10,10,80
E58FUL5TV,Familiar,HWJ8XPW0T,箱推しなのだけど,818,6,433,4643000,10,10,10,10,10,10,10,10,80
82UULA4JD,コリラックマ,RFYKY8DCD,LA.LA.LA,1683,19,434,4641000,10,10,10,10,10,10,10,10,80
QVXRHXGXB,みなるい,6XX7GBM0K,ぷちぐる同好会,1504,17,435,4640000,10,10,10,10,10,10,10,10,80
N422VBWO7,Angelkey,0UT59MJ8U,かほすこ同好会,1642,19,435,4640000,10,10,10,10,10,10,10,10,80
853WW4G3Q,ねぺりん,JE7V5MM31,蓮ノ沼に沈んだ泥,1580,15,437,4639000,10,10,10,10,10,10,10,10,80
PKWTSERD8,そらと,ANCNM0UPK,スクスタ適当部,1484,19,438,4637000,10,10,10,10,10,10,10,10,80
KE5MFJYDB,omega,R181MKNX1,みらくらは人生！,1185,6,438,4637000,10,10,10,10,10,10,10,10,80
GGM8V4Y67,ひつじ,2NY9H8BR9,乙宗紅茶館,1237,13,440,4635000,10,10,10,10,10,10,10,10,80
U9WAMY512,やこ,AH27N260E,百生信託銀行,1359,16,441,4634000,10,10,10,10,10,10,10,10,80
F0546GHPH,ようへい,V4A5MP41E,徒町チャレンジ！,1538,1,442,4633000,10,10,10,10,10,10,10,10,80
FUURA79AK,うっちー,G59NGM0XA,シュリーレン,1470,19,442,4633000,10,10,10,10,10,10,10,10,80
V2N04HFKT,一心,V6DV6KETG,梢好き好きクラブ,1320,11,442,4633000,10,10,10,10,10,10,10,10,80
WA5XEFDDY,ジョル,YE7CX8RNP,蓮ノ大三十角,878,4,445,4631000,10,10,10,10,10,10,10,10,80
DJFBBUV8E,トルコ,WN5B7VKPU,きんぴられんこん,1793,19,446,4626000,10,10,10,10,10,10,10,10,80
Z6HFTNKK7,エクレ★,8P39YRA1L,慈と愉快な仲間達,1489,17,447,4625000,10,10,10,10,10,10,10,10,80
U657JMLE5,hash,B5V2LNN43,WMW,1825,20,448,4624000,10,10,10,10,10,10,10,10,80
J4NN3D06A,斯波,3F9P3U95T,ଳ天地鱏明の空ଳ,1724,19,448,4624000,10,10,10,10,10,10,10,10,80
RUM9HUP9C,しーだーゆ,RWARTHA1M,乙宗梢大好き部,1514,19,450,4623000,10,10,10,10,10,10,10,10,80
GXB5VKOJ8,ティス,CX967RTGY,おんゆあさーくる,1609,18,451,4622000,10,10,10,10,10,10,10,10,80
79D79HTEC,いっちー,79C17CHA2,蓮ノ空出張部,1446,13,452,4621000,10,10,10,10,10,10,10,10,80
4FC73IGQN,Suguya,0UT59MJ8U,かほすこ同好会,1514,19,453,4620000,10,10,10,10,10,10,10,10,80
Y3H9THE4J,すくなめ,MTBP3B4GM,ふらわーすきすき,1282,18,454,4619000,10,10,10,10,10,10,10,10,80
F8HHRRHEA,クゼ,0CEA9XFKR,蓮ノ空の泥人会,1416,19,455,4618000,10,10,10,10,10,10,10,10,80
ELMA5YEX1,Z宗木肖,7U20138DB,LGP,1444,19,455,4618000,10,10,10,10,10,10,10,10,80
30LH94C60,びん,GKR9TEBYC,毎日がホリデイ♪,1625,20,455,4618000,10,10,10,10,10,10,10,10,80
XGOPXK6EF,ヲタン,49AMYCXCD,ルドベキア,1551,13,458,4617000,10,10,10,10,10,10,10,10,80
WH6L0E1FH,えでおじ,0TKFF5EG3,サークル名募集中,1476,20,459,4616000,10,10,10,10,10,10,10,10,80
BYRRG1MNM,のらっち,ABALH0AL3,楽園計画,1278,16,460,4615000,10,10,10,10,10,10,10,10,80
Z4TLWEM1D,ちびこま,YE7CX8RNP,蓮ノ大三十角,1770,12,460,4615000,10,10,10,10,10,10,10,10,80
9X6GWYYCC,まぐ,YE7CX8RNP,蓮ノ大三十角,1459,20,462,4614000,10,10,10,10,10,10,10,10,80
W0JH3ZDZZ,春風,0UT59MJ8U,かほすこ同好会,1581,13,463,4612000,10,10,10,10,10,10,10,10,80
DUGKFJTKX,松山 祐季,6XX7GBM0K,ぷちぐる同好会,1699,20,464,4611000,10,10,10,10,10,10,10,10,80
KKNLWHCN8,Andes,PBRDPWEY1,村村会,1422,6,464,4611000,10,10,10,10,10,10,10,10,80
KGMNM4FBR,ラスカル,CRYB2FJ64,つくよみくらぶ,1105,7,466,4610000,10,10,10,10,10,10,10,10,80
TD60MU94M,チロリン,RFYKY8DCD,LA.LA.LA,1450,9,466,4610000,10,10,10,10,10,10,10,10,80
C9DT5IUUS,みしゃにー,GYG7B5R36,幼馴染同好会,1538,19,466,4610000,10,10,10,10,10,10,10,10,80
OKGTPXFZ3,くのｗ,RFYKY8DCD,LA.LA.LA,1543,17,466,4610000,10,10,10,10,10,10,10,10,80
X7RPCH2CD,アレックス,0TKFF5EG3,サークル名募集中,1707,17,470,4607000,10,10,10,10,10,10,10,10,80
3PDDZ2YKL,るなせいな,GKR9TEBYC,毎日がホリデイ♪,1457,2,471,4606000,10,10,10,10,10,10,10,10,80
4GFTHESOY,あた,JTX1G19BP,さやかほ癒し会,1497,19,472,4605000,10,10,10,10,10,10,10,10,80
LDLTRQ88V,しらたま,YCTM6RYDP,金沢おでん同好会,1873,20,473,4604000,10,10,10,10,10,10,10,10,80
MNV5KYXG7,六天,48BTAPMBG,蓮ノ空魔術部,1467,16,473,4604000,10,10,10,10,10,10,10,10,80
AJ713D5X4,キョウ,RFYKY8DCD,LA.LA.LA,1575,9,475,4602000,10,10,10,10,10,10,10,10,80
OZMCCVY3N,キク,GMEF2K8DL,花咲く泥も好き²,1479,10,475,4602000,10,10,10,10,10,10,10,10,80
1908GAXUT,source,CV62FGL1U,花咲かせ隊,1718,19,477,4601000,10,10,10,10,10,10,10,10,80
LDGJMRRER,しゅららん,AH27N260E,百生信託銀行,894,4,477,4601000,10,10,10,10,10,10,10,10,80
AT03UHE11,えむ,25PMPEMG7,星見プロ,1599,18,479,4600000,10,10,10,10,10,10,10,10,80
9I1VJ6KP7,MYAS,0TKFF5EG3,サークル名募集中,1508,19,479,4600000,10,10,10,10,10,10,10,10,80
G1BN34PKO,ぽんざしらふ,M5LHG6R4T,乙宗動物園,1536,18,479,4600000,10,10,10,10,10,10,10,10,80
M3ANWTEQ1,"甘野老oNM,",73CBYJYB0,"oNM,",1791,17,482,4597000,10,10,10,10,10,10,10,10,80
UUHBT43RB,あずきんご,6XX7GBM0K,ぷちぐる同好会,1448,15,482,4597000,10,10,10,10,10,10,10,10,80
TSIWHEG61,らぁら,11FB0EDDT,スクステ同好会,1756,15,484,4595000,10,10,10,10,10,10,10,10,80
F8BJC61BY,全力幼_女,3HDDYR4FU,旅人,1715,18,485,4594000,10,10,10,10,10,10,10,10,80
LFWM5V6B2,護星神ﾀｲﾀﾆｱ,M5LHG6R4T,乙宗動物園,828,7,486,4593000,10,10,10,10,10,10,10,10,80
MKE2X1GW5,きりか,9U8KNU6U9,対抗戦用,1136,15,487,4590000,10,10,10,10,10,10,10,10,80
MNUBWRC8C,でした。,R1RM3X0WV,後方腕組みオタク,1491,19,488,4589000,10,10,10,10,10,10,10,10,80
70R8DJV1N,あぶそ,GKR9TEBYC,毎日がホリデイ♪,1322,4,488,4589000,10,10,10,10,10,10,10,10,80
YUI8OT8S0,つっつー,YE7CX8RNP,蓮ノ大三十角,1703,17,490,4588000,10,10,10,10,10,10,10,10,80
48C2DLNJY,鬼ヘッド,W3YKKRWHG,ルリと愉快な一家,1783,20,491,4587000,10,10,10,10,10,10,10,10,80
VJ89ASDAM,まぐろー,7U20138DB,LGP,1469,18,491,4587000,10,10,10,10,10,10,10,10,80
DA69DXT3Y,けい,AH27N260E,百生信託銀行,1252,6,491,4587000,10,10,10,10,10,10,10,10,80
935BA0WHY,にむ,RF5215M2U,スクステ同好会②,1712,19,494,4586000,10,10,10,10,10,10,10,10,80
17UYW4NFL,まえだようすけ,B5V2LNN43,WMW,1582,19,495,4585000,10,10,10,10,10,10,10,10,80
DCU9XHY3U,しばひめ,YE7CX8RNP,蓮ノ大三十角,1729,17,496,4584000,10,10,10,10,10,10,10,10,80
QOE50Z9JA,フェス,49AMYCXCD,ルドベキア,1806,20,497,4581000,10,10,10,10,10,10,10,10,80
7NCQUAL3N,ドン太,JTX1G19BP,さやかほ癒し会,1581,16,498,4580000,10,10,10,10,10,10,10,10,80
H6L9HBBMW,卯木,AH27N260E,百生信託銀行,904,5,499,4579000,10,10,10,10,10,10,10,10,80
56NB3GXAG,げんくま,N1DJVPGP8,いつでも咲けるよ,1185,16,499,4579000,10,10,10,10,10,10,10,10,80
W4E0R6NA9,そらをとぶ,0TKFF5EG3,サークル名募集中,1736,19,499,4579000,10,10,10,10,10,10,10,10,80
E1BW0SBYP,かすかべ,1DU9LCND7,蓮ノ空すこやか部,1797,19,502,4576000,10,10,10,10,10,10,10,10,80
XTSJ3L8IV,Liba,FC8NBAJBT,ラー麺二郎金沢店,1530,18,502,4576000,10,10,10,10,10,10,10,10,80
8S3HWGIMD,オールマイ子,WCL6R1ANU,無所属の会,1804,19,502,4576000,10,10,10,10,10,10,10,10,80
YNWC9LG8U,YOSHIKI,RF5215M2U,スクステ同好会②,756,2,505,4575000,10,10,10,10,10,10,10,10,80
VX6FL3EOS,ミミル,EYEPHE14G,花上梢頭,1684,19,506,4574000,10,10,10,10,10,10,10,10,80
SSDM1G282,ポポノタン,9DKR4Y2CJ,蓮ノ空老人会,1726,4,507,4573000,10,10,10,10,10,10,10,10,80
3NN79CWQS,リンプー,LYPVAETHY,金沢の泥,1665,18,507,4573000,10,10,10,10,10,10,10,10,80
UPAXHJR19,ヤマタ,YCTM6RYDP,金沢おでん同好会,705,3,509,4572000,10,10,10,10,10,10,10,10,80
ODYS8N8GB,でこぽん,948FLPMPN,まったりハス煮〜,1802,19,510,4568000,10,10,10,10,10,10,10,10,80
IY2V9J98F,やまや,UYCT3Y4JK,蓮っ子,1847,20,511,4566000,10,10,10,10,10,10,10,10,80
BWK68GGBD,風紀,CX967RTGY,おんゆあさーくる,1457,10,511,4566000,10,10,8,10,10,10,10,7,75
UR13L7CL8,いっけん,YCTM6RYDP,金沢おでん同好会,1639,12,511,4566000,10,10,10,10,10,10,10,10,80
FM1GCQSEE,Goona,M5LHG6R4T,乙宗動物園,1685,15,514,4565000,10,10,10,10,10,10,10,10,80
P34EPD352,ゆー,9JTF508LB,スクスタ亡霊部,1536,15,514,4565000,10,10,10,10,10,10,10,10,80
4T25D1T60,S,WTJV514G9,蓮ノ空のお弁当屋,1318,18,516,4564000,10,10,10,10,10,10,10,10,80
MVD3JUMPA,黒の皇帝,M5LHG6R4T,乙宗動物園,1042,6,516,4564000,10,10,10,10,10,10,10,10,80
K46ZQJI48,prius,4XRHRYDW4,無言でエンジョイ,1725,19,518,4563000,10,10,10,10,10,10,10,10,80
WHYCRK6EZ,Salokim,NC2YT2V28,蓮之愛同予者何人,1503,20,518,4563000,10,10,10,10,10,10,10,10,80
VFEKJ4R8Q,はやみん,RF5215M2U,スクステ同好会②,1764,15,518,4563000,10,10,10,10,10,10,10,10,80
2BYYVT3XU,そう,RWARTHA1M,乙宗梢大好き部,1499,19,518,4563000,10,10,10,10,10,10,10,10,80
RKG6Y99R8,ただのまるかん,48BTAPMBG,蓮ノ空魔術部,1457,20,522,4562000,10,10,10,10,10,10,10,10,80
M274M1V19,枯木,X7YM9EG8K,伝統の石川地酒,758,4,523,4553000,10,10,10,10,10,10,10,9,79
3N5F8W8VK,敲可愛的平平,NC2YT2V28,蓮之愛同予者何人,938,12,524,4551000,10,10,10,10,10,10,10,10,80
BJ2YEFM93,テンババア,EYN9H9N16,蓮すきすきクラブ,1557,17,525,4550000,10,10,10,10,10,10,10,10,80
L0HOC7EEE,炙りビン,YE7CX8RNP,蓮ノ大三十角,1659,10,525,4550000,10,10,10,10,10,10,10,10,80
84U35FCIX,じゃじゃ,YCTM6RYDP,金沢おでん同好会,1764,15,527,4549000,10,10,10,10,10,10,10,10,80
K72PH1O9S,わっぴ,GXR6C85BT,花帆ちゃん親衛隊,1751,16,527,4549000,10,10,10,10,10,10,10,10,80
8DM3VEOM6,のん,GVT61ATX0,なのだけれど,1593,19,529,4545000,10,10,10,10,10,10,10,10,80
71Z6P5FC1,すつ,YCTM6RYDP,金沢おでん同好会,1754,18,530,4544000,10,10,10,10,10,10,10,10,80
K8XN5UVA3,ツインドアノブ,W26TRPM1R,めぐ党藤島派,1578,13,531,4543000,10,10,10,10,10,10,10,10,80
BE9X9RZ1R,やんしょー,N34LHVJKN,のんびり堂,1551,19,531,4543000,10,10,10,10,10,10,10,10,80
KRW43GG13,グラフプ,B5V2LNN43,WMW,1705,13,531,4543000,10,10,10,10,10,10,10,10,80
THPSZE8AV,えんぬ,6XX7GBM0K,ぷちぐる同好会,1447,11,531,4543000,10,10,10,10,10,10,10,10,80
AMWA5QPIS,かみきれ,W26TRPM1R,めぐ党藤島派,1786,15,531,4543000,10,10,10,10,10,10,10,10,80
FYCBDQWGV,コトブキ,AXG81GPMP,蓮ノ空マタギ部,1511,14,531,4543000,10,10,10,10,10,10,10,10,80
6S3ITIIR2,麒麟,F08AHUJJ0,綴理のお世話係,1661,13,537,4542000,10,10,10,10,10,10,10,10,80
UWJC8Y1Y5,ロマンティック水,2ULM366U6,毎日がエブリデイ,1637,18,538,4541000,10,10,10,10,10,10,10,10,80
GUAB3EU9H,くろこぶ,948FLPMPN,まったりハス煮〜,1513,2,539,4540000,10,10,10,10,10,10,10,10,80
A17OYN8R4,ルビちん,NJBBTCY3A,かにかに！,1445,17,539,4540000,10,10,10,10,10,10,10,10,80
VU51D4VVW,エイカ,25PMPEMG7,星見プロ,1378,18,541,4538000,10,10,10,10,10,10,10,10,80
MR2C7JKFV,アイと,N1JM7M3YC,丘側,798,6,541,4538000,10,10,10,10,10,10,10,10,80
P3REY1R5J,いがらし,6XX7GBM0K,ぷちぐる同好会,824,4,543,4536000,10,10,10,10,10,10,10,10,80
II9KD46VB,えー,CV62FGL1U,花咲かせ隊,1599,17,544,4535000,10,10,10,10,10,10,10,10,80
9LL7HBP0W,ALKY,X7C21B7H7,泥,1612,17,545,4533000,10,10,10,10,10,10,10,10,80
7K7CV3ZAW,ちぇま,WTJV514G9,蓮ノ空のお弁当屋,1505,3,546,4531000,10,10,10,10,10,10,10,10,80
IWQELTQ3D,すなを,CX967RTGY,おんゆあさーくる,1407,16,547,4529000,10,10,10,10,10,10,10,10,80
92BAX6L8R,なかさん,EYN9H9N16,蓮すきすきクラブ,1565,15,547,4529000,10,10,10,10,10,10,10,10,80
QRGITUZ6B,つぐみん,7R8NKPAB1,花帆推し倶楽部,1657,19,549,4528000,10,10,10,10,10,10,10,10,80
TEUJEU0JT,Licht,2NY9H8BR9,乙宗紅茶館,560,1,550,4526000,10,10,10,10,6,10,4,2,62
T8W3G9VWA,とれいん,GKR9TEBYC,毎日がホリデイ♪,1693,13,551,4525000,10,10,10,10,10,10,10,10,80
HUB5MJ94Z,よたろう,HBUK6F7CC,乙宗梢なりきり部,1528,16,551,4525000,10,10,10,10,10,10,10,10,80
A14T0UXLP,ユンシ,YFADYJVW4,FPS好きクラブ,1443,17,553,4520000,10,10,10,10,10,10,10,10,80
U02MSU4XI,こかな,BCJRMHE75,梢すきすきクラブ,1754,19,553,4520000,10,10,10,10,10,10,10,10,80
LXROXCRPX,たな,RFYKY8DCD,LA.LA.LA,1723,17,555,4519000,10,10,10,10,10,10,10,10,80
WICQFV1TZ,むらけん,6XX7GBM0K,ぷちぐる同好会,1160,19,555,4519000,10,10,10,10,10,10,10,10,80
4HLYTBAE4,q,8JMW9G2XW,僕らのリンクラ！,1142,11,557,4512000,10,10,10,10,10,10,10,10,80
YI2HLRX0W,リベルテ,RWARTHA1M,乙宗梢大好き部,1645,19,558,4511000,10,10,10,10,10,10,10,10,80
TRPDPT0YL,わさろん,D7H8MN2U4,LLD,1322,19,559,4510000,10,10,10,10,10,10,10,10,80
30CWC728L,naonao,2K5AM4RV0,とろぺりです,1438,16,560,4506800,10,10,10,10,10,10,10,10,80
FWPHLRY2B,すーさん,WN3LHKX0L,レンコンおいしい,1378,17,561,4505000,10,10,10,10,10,10,10,10,80
0R6JF8Y94,ししゃーも,0TKFF5EG3,サークル名募集中,1403,16,562,4504900,10,10,10,10,10,10,10,10,80
V0ZZGADWZ,でち,5W8RPRVUA,ド！ド！泥！,1578,15,563,4504000,10,10,10,10,10,10,10,10,80
128RLH2UB,脱兎ちゃん,0TKFF5EG3,サークル名募集中,1537,19,564,4501000,10,10,10,10,10,10,10,10,80
VMKV4GULN,SGWA,1F5EPPMLD,UR貰えればいい,1717,19,565,4499000,10,10,10,10,10,10,10,10,80
A3GT3EAPG,ichiro_j,0TKFF5EG3,サークル名募集中,1713,19,566,4497000,10,10,10,10,10,10,10,10,80
V7CUBTENA,カズ,M5LHG6R4T,乙宗動物園,1394,1,567,4495000,10,10,10,10,10,10,10,10,80
H04C1J119,ねざーる,N8L41JAA7,無言 ノルマなし,1557,19,567,4495000,10,10,10,10,10,10,10,10,80
A3GLXU3RH,こずかほ♡両想い,J7N4W6Y1K,こずミックラブ♡,1649,19,567,4495000,10,10,10,10,10,10,10,10,80
551YW8KVB,カミュ,K2L5DCVNR,REAL,1360,15,567,4495000,10,10,10,10,10,10,10,10,80
XTY4GG18V,こーりん,1BME38BCD,さすさやクラブ,1800,17,571,4494000,10,10,10,10,10,10,10,10,80
MGO4M6TKM,ユノ,GVT61ATX0,なのだけれど,1463,9,572,4492000,10,10,10,10,10,10,10,10,80
MVT7K6KDL,一ノ瀬リリ,FH7G62PKW,月火水木金土日,1492,18,572,4492000,10,10,10,10,10,10,10,10,80
NFZC4ZSRQ,ヒロ,0UT59MJ8U,かほすこ同好会,1462,19,572,4492000,10,10,10,10,10,10,10,10,80
YKVFDXYY9,ねり飴,WN5B7VKPU,きんぴられんこん,1471,7,575,4488000,10,10,10,10,10,10,10,10,80
GNDIUMDF7,いかるが,JE7V5MM31,蓮ノ沼に沈んだ泥,1526,12,575,4488000,10,10,10,10,10,10,10,10,80
U7A4C0567,moropii,0TKFF5EG3,サークル名募集中,1523,17,577,4487000,10,10,10,10,10,10,10,10,80
W7VN7JF3V,みはなだ,79C17CHA2,蓮ノ空出張部,1448,14,577,4487000,10,10,10,10,10,10,10,10,80
MMN356GR5,azzz,PUJ0ERCMW,蓮ノ空倶楽部,634,0,577,4487000,10,10,10,10,8,9,10,8,75
DJICFWON6,ながのん,0TKFF5EG3,サークル名募集中,1529,19,580,4484000,10,10,10,10,10,10,10,10,80
CT7U22H33,ヨミ,B6KWXGHWH,蓮ノ空SIFC,1501,14,581,4482000,10,10,10,10,10,10,10,10,80
Z55OCBCZ1,すこや,RFYKY8DCD,LA.LA.LA,1658,18,581,4482000,10,10,10,10,10,10,10,10,80
WP2XGUKDR,はむはむ,B5V2LNN43,WMW,1467,18,583,4479000,9,9,10,8,7,10,10,6,69
9BC4Y2CJM,つづりが好きです,DALU6BL7L,東方星蓮船,1344,20,584,4478000,10,10,10,10,10,10,10,10,80
7M5LCI7DG,バウムクーヘン,9GDHWXGVG,ルリと花咲く毎日,1089,7,585,4476000,10,10,10,10,10,10,10,10,80
HHKP4XO3J,Rino,KA652DGYV,ゆるリンクラ,1208,9,586,4475000,10,10,10,10,10,10,10,10,80
DPNPWAUOQ,たにー,WN5B7VKPU,きんぴられんこん,1767,18,586,4475000,10,10,10,10,10,10,10,10,80
P8RB3BEJ1,Parare,6XX7GBM0K,ぷちぐる同好会,1244,0,588,4474000,10,10,10,10,10,10,10,10,80
3VFDT3710,ピョコ,HBK6KCRPP,無言でおけ,1696,19,589,4473000,10,10,10,10,10,10,10,10,80
FK3XYRKA8,Kennyo,79C17CHA2,蓮ノ空出張部,1354,4,590,4472000,10,10,10,10,10,10,10,10,80
T2KJ802W5,柚衣,J79LGCKKF,蓮ノ空コーラス部,1448,12,591,4471000,10,10,10,10,10,10,10,10,80
JZ1E4FOB6,むらさきつばき,AWFDLJ1HC,小蓮花（重生版x,1194,4,592,4470000,10,10,10,10,10,10,10,10,80
IQ3SMZMFS,NEO,8FR866PRY,蓮っ子みらくラブ,1748,18,593,4468000,10,10,10,10,10,10,10,10,80
HU55NKXPK,警報ファイヤー,EYN9H9N16,蓮すきすきクラブ,1744,18,594,4465000,10,10,10,10,10,10,10,10,80
DFSDK0DC1,Exas,79C17CHA2,蓮ノ空出張部,1619,10,595,4464000,10,10,10,10,10,10,10,10,80
YC8AHBBCX,ふろっず,D7H8MN2U4,LLD,1499,18,596,4462000,10,10,10,10,10,10,10,10,80
M4WB1E4M0,なげねこ,4RY75CKM4,LLすこ部　メ募,1382,15,597,4461000,10,10,10,10,10,10,10,10,80
XOHZ2K3YU,silly,HBUK6F7CC,乙宗梢なりきり部,1533,19,598,4458000,10,10,10,10,10,10,10,10,80
C8JT0ZF4H,ミツキ,Y2R7E79U3,カワウソ同好会,1320,6,598,4458000,10,10,10,10,7,10,9,2,68
U4Q9QD42M,シマリス,HBUK6F7CC,乙宗梢なりきり部,1486,19,598,4458000,10,10,10,10,10,10,10,10,80
156HCTKR0,タラみそ,7U20138DB,LGP,1589,12,601,4457000,10,10,10,10,10,10,10,10,80
0DRF081JP,のゃてふ,5NPVVUGH7,蓮すきすきクラブ,631,1,601,4457000,10,10,10,10,10,10,10,7,77
MOY90G2ES,kaz,M5LHG6R4T,乙宗動物園,1779,15,601,4457000,10,10,10,10,10,10,10,10,80
U8MTGFGI0,安芸,GMEF2K8DL,花咲く泥も好き²,1642,12,604,4456000,10,10,10,10,10,10,10,10,80
DFBXXJLL3,ポット,RFYKY8DCD,LA.LA.LA,1552,13,604,4456000,10,10,10,10,10,10,10,10,80
RWV6958VW,コズミック,C021HVB2B,第3芸能科,861,2,606,4454000,10,10,10,10,10,10,10,10,80
7YHYKRWN3,メイツ,N8L41JAA7,無言 ノルマなし,1551,19,607,4452000,10,10,10,10,10,10,10,10,80
TF32F8ZP2,ヨツヤマン,0TKFF5EG3,サークル名募集中,1563,12,607,4452000,10,10,10,10,10,10,10,10,80
LLE06U65D,あけほし,6XX7GBM0K,ぷちぐる同好会,1290,5,609,4451000,10,10,10,10,10,10,10,10,80
G810HEJUA,Est,0UT59MJ8U,かほすこ同好会,1280,2,610,4450000,10,10,10,10,10,10,10,10,80
2OCVD96VE,おじょう,4XRHRYDW4,無言でエンジョイ,1528,10,610,4450000,10,10,10,10,10,10,10,10,80
4WPGNU9FX,ラミュタス,PBRDPWEY1,村村会,1548,17,612,4449000,10,10,10,10,10,10,10,10,80
CK5EUDC61,茶トラマンチ,9UKKACGDU,蓮っ子CLUB,1640,19,613,4448000,10,10,10,10,10,10,10,10,80
PZPKKFNZ5,Asuha,0UT59MJ8U,かほすこ同好会,1745,20,614,4446000,10,10,10,10,10,10,10,10,80
Y9DEXKEKI,ぐっさん¥,WN5B7VKPU,きんぴられんこん,1566,7,614,4446000,10,10,10,10,10,10,10,10,80
LVOYGDF8A,norano,RWARTHA1M,乙宗梢大好き部,1614,12,614,4446000,10,10,10,10,10,10,10,10,80
MDYJM8LXL,みかん,YAD615PCK,蓮を咲かせる泥達,1219,19,614,4446000,10,10,10,10,10,10,10,10,80
WMY0VJALJ,しゅんか,MTBP3B4GM,ふらわーすきすき,1160,15,618,4445000,10,10,10,10,10,10,10,10,80
1B2LJJF52,とむ,MTBP3B4GM,ふらわーすきすき,1529,19,618,4445000,10,10,10,10,10,10,10,10,80
LDXW39W4W,ハーレイ,TWJ862EPN,こにゃとも,1283,13,618,4445000,10,10,10,10,10,10,10,10,80
GRN5C49P3,えーるん,EYN9H9N16,蓮すきすきクラブ,1632,18,618,4445000,10,10,10,10,10,10,10,10,80
DEAGMAAG5,けいさんき,BW38LDPRF,蓮浦の星空,1607,20,622,4444000,10,10,10,10,10,10,10,10,80
EFRYPXCJ6,はる,JDAG79TG7,百合ノ空観察部,1586,19,623,4442000,10,10,10,10,10,10,10,10,80
VLKDXGBRB,アープ,6XX7GBM0K,ぷちぐる同好会,1401,19,623,4442000,10,10,10,10,10,10,10,10,80
3DTXDA5ET,ベータ,573J1JVVK,かほかほ,720,3,625,4441000,10,10,10,10,10,10,10,10,80
GXY6KZWLL,シア,FK5MUK0ET,くる♡すきクラブ,1526,19,625,4441000,10,10,10,10,10,10,10,10,80
24M5TJDPS,わるつ,GXR6C85BT,花帆ちゃん親衛隊,1777,18,627,4439000,10,10,10,10,10,10,10,10,80
EVA87TBF5,なゆゆゆゆ,RF5215M2U,スクステ同好会②,953,10,628,4438000,10,10,10,10,10,10,10,10,80
JIHZKORO6,ラギア,WTJV514G9,蓮ノ空のお弁当屋,1441,4,628,4438000,10,10,10,10,10,10,10,10,80
T4CFEALH8,さく,BKUHCT7WF,蓮女お嬢様部,1298,19,630,4436000,10,10,10,10,10,10,10,10,80
D1T17CR7L,ふらぴく∬,8JMW9G2XW,僕らのリンクラ！,1601,20,631,4435000,10,10,10,10,10,10,10,10,80
2KWBH4L96,ぽけ,KXU941RFJ,梢先輩おめでとう,1663,12,631,4435000,10,10,10,10,10,10,10,10,80
8E10AX3J2,CAPM,79C17CHA2,蓮ノ空出張部,1431,18,631,4435000,10,10,10,10,10,10,10,10,80
7V344L4NR,まっしー,1H5P6KV81,さやかの水着,530,1,634,4434000,10,10,10,10,10,10,10,10,80
I3MXJ73JR,ゆうゆ,HBUK6F7CC,乙宗梢なりきり部,1692,18,635,4433000,10,10,10,10,10,10,10,10,80
VBGHCMYLL,dpsleap,WHWT61ELR,【無言】ハスノソ,1352,19,635,4433000,10,10,10,10,10,10,10,10,80
ZYVGB70CC,かすが,JDAG79TG7,百合ノ空観察部,1683,19,637,4431000,10,10,10,10,10,10,10,10,80
XGA0TTJ7I,ときのき,YCTM6RYDP,金沢おでん同好会,1659,16,637,4431000,10,10,10,10,10,10,10,10,80
OS5RF4SH8,ふら,GXR6C85BT,花帆ちゃん親衛隊,1651,17,639,4430800,10,10,10,10,10,10,10,10,80
CW1FRNLB8,kazu,3F9P3U95T,ଳ天地鱏明の空ଳ,1478,19,640,4429000,10,10,10,10,10,10,10,10,80
0GN74WMV4,にしきた,8JMW9G2XW,僕らのリンクラ！,1348,10,641,4425000,10,10,10,10,10,10,10,10,80
MTAZVZYZQ,あかば,8R49BTWW6,蓮女お嬢様クラブ,1382,10,642,4424000,10,10,10,10,10,10,10,10,80
E660BE5X1,ロコモコ丼,6045Y2RW7,ポチっと！蓮ノ空,1734,19,642,4424000,10,10,10,10,10,10,10,10,80
FY75UBXCL,ぷにぱんだ,J8HXTJ8TB,流し素麺同好会,1435,15,644,4422000,10,10,10,10,10,10,10,10,80
HW0SDYDPT,そとかんだ,YCTM6RYDP,金沢おでん同好会,1814,20,644,4422000,10,10,10,10,10,10,10,10,80
89E28KMLV,Dav,E515TRU1G,起きろ夕霧綴理,1091,7,646,4419000,10,10,10,10,10,10,10,10,80
WBWATJ60W,可惜夜はとぴ,YE7CX8RNP,蓮ノ大三十角,1605,18,646,4419000,10,10,10,10,10,10,10,10,80
NJVVKGXSK,FUMINEJI,WN5B7VKPU,きんぴられんこん,1652,19,648,4418000,10,10,10,10,10,10,10,10,80
BUUM86UR6,葉月,7U20138DB,LGP,1368,5,649,4417000,10,10,10,10,10,10,10,10,80
GKU8MUTMP,荻や萩,38KAJGDGU,異次元シャニP,1323,15,650,4416000,10,10,10,10,10,10,10,10,80
94GKSM6XV,ストレイド,BCJRMHE75,梢すきすきクラブ,1563,18,650,4416000,10,10,10,10,10,10,10,10,80
VWNYVCWH2,ひの,2K5AM4RV0,とろぺりです,496,0,652,4415000,10,10,10,10,10,10,10,10,80
JME01B1A1,ハクチュー黄凛,WN5B7VKPU,きんぴられんこん,1487,13,652,4415000,10,10,10,10,9,9,10,8,76
F4GBY0CFD,merumo,V7768X8AC,せーので！,1601,19,654,4413000,10,10,10,10,10,10,10,10,80
PTYM2DQMT,NOP,V26546K3D,乙宗気合筋肉,1419,19,654,4413000,10,10,10,10,10,10,10,10,80
H5APQ3Y4V,sonoda,GXR6C85BT,花帆ちゃん親衛隊,1515,13,654,4413000,10,10,10,10,10,10,10,10,80
G9DKGLIVY,夢を駆けるネコ,JDAG79TG7,百合ノ空観察部,1483,17,657,4412000,10,10,10,10,10,10,10,10,80
4L1WIM8NX,素敵さん,73CBYJYB0,"oNM,",1773,15,658,4411000,10,10,10,10,10,10,10,10,80
WLUXAH66F,りじ,0TKFF5EG3,サークル名募集中,1436,16,659,4410000,10,10,10,10,10,10,10,10,80
6JQ56RZXR,たまご,YCTM6RYDP,金沢おでん同好会,1638,14,660,4409000,10,10,10,10,10,10,10,10,80
XDEB1EAPH,通りすがり,V4A5MP41E,徒町チャレンジ！,1770,18,661,4408000,10,10,10,10,10,10,10,10,80
FZDZW0KWF,つづさや〜,PDMPF3VVV,r/LL,1547,5,661,4408000,10,10,10,10,10,10,10,10,80
7BFDBP9XB,かよちん,W3F0URUJC,梢先輩応援団,920,7,661,4408000,10,10,10,10,10,10,10,10,80
453CGNJA9,カリウム,EY8YN8J6X,インド蓮ノ空支部,1233,19,664,4405000,10,10,10,10,10,10,10,10,80
E654ER5U0,Rinka.,998H940YN,お嬢様筋トレ部,1181,19,664,4405000,10,10,10,8,10,10,10,8,76
8OJ4K93MD,コロ,HBUK6F7CC,乙宗梢なりきり部,1755,20,666,4404000,10,10,10,10,10,10,10,10,80
RM8XVIS1J,ローレンス,D7H8MN2U4,LLD,1540,18,667,4403000,10,10,10,10,10,10,10,10,80
450AX5PRR,ねすこ,V4A5MP41E,徒町チャレンジ！,1425,19,667,4403000,10,10,10,10,10,10,10,10,80
VYLOH1FQ3,YUUKI☆,WN5B7VKPU,きんぴられんこん,1622,15,667,4403000,10,10,10,10,10,10,10,10,80
WIFVTF0SF,りゅう,6WJW7R1TD,さやこずノ休日,1431,16,670,4402000,10,10,10,10,10,10,10,10,80
E1FUAMAEG,日野下・K・アホ,HBM31HMUY,YUKIZURI,1553,19,671,4401000,10,10,10,10,10,10,10,10,80
12Y4UB4XJ,かぴたる,49AMYCXCD,ルドベキア,1597,16,671,4401000,10,10,10,10,10,10,10,10,80
2KPH9HC44,Ryo.,CTW8DKV5P,まったり,1287,14,671,4401000,10,10,10,10,10,10,10,10,80
CUN9BHK45,赤坂,FTY0R8KPH,泥の皆様,1086,10,671,4401000,10,10,10,10,10,10,10,10,80
QAAUC6JHM,ひまわり（春）,YLJ2PP4X4,全日本謝罪同好会,1709,20,671,4401000,10,10,10,10,10,10,10,10,80
0DPR5CHC6,ミズキ,YFADYJVW4,FPS好きクラブ,1145,16,676,4400000,10,10,10,10,10,10,10,10,80
VD8CGKV44,のたく,79C17CHA2,蓮ノ空出張部,1595,17,677,4399000,10,10,10,10,10,10,10,10,80
XBQTPQ3K0,とみー,W3YKKRWHG,ルリと愉快な一家,1408,11,678,4396000,10,10,10,10,10,10,10,10,80
KKUJ2HD08,3333,F2M746D4B,頑張らないクラブ,703,2,678,4396000,10,10,10,10,10,10,10,10,80
UW6LOGHFD,室長,KULVP7FDR,アニマル分室,1595,16,680,4393000,10,10,10,10,10,10,10,10,80
22VLF2LFX,一生スリブです！,MTBP3B4GM,ふらわーすきすき,1283,12,680,4393000,10,10,10,10,10,10,10,9,79
DEOC4REQ5,さいたまっこ,F08AHUJJ0,綴理のお世話係,1670,16,682,4392000,10,10,10,10,10,10,10,10,80
JVHAWHL1K,ヨウ,V7768X8AC,せーので！,1519,19,683,4391000,10,10,10,10,10,10,10,10,80
QKGZEPZSH,藍莓凍凍酒瓶,NC2YT2V28,蓮之愛同予者何人,1403,17,684,4390000,10,10,10,10,10,10,10,10,80
SN2NJFTUD,フォフォ,MTBP3B4GM,ふらわーすきすき,1533,10,685,4389000,10,10,10,10,10,10,10,10,80
2ENXPB1UW,かれ,V4A5MP41E,徒町チャレンジ！,1487,18,686,4388000,10,10,10,10,10,10,10,10,80
V3HW6H9CB,うま,0UT59MJ8U,かほすこ同好会,1642,16,687,4387000,10,10,10,10,10,10,10,10,80
M75U576BU,らんしょー⁶,WTJV514G9,蓮ノ空のお弁当屋,1379,13,687,4387000,10,10,10,10,10,10,10,10,80
MAAQ0VBA5,モル,79C17CHA2,蓮ノ空出張部,1590,16,689,4385000,10,10,10,10,10,10,10,10,80
G2VASMVN7,一般ぴーぽ,1BME38BCD,さすさやクラブ,1601,17,690,4384000,10,10,10,10,10,10,10,10,80
0E2MAAX4U,てて,JA2C658FW,さや綴理の村人,1356,15,691,4383000,10,10,10,10,10,10,10,10,80
3U37YD7G6,くぃ,W26TRPM1R,めぐ党藤島派,1542,15,692,4382000,10,10,10,10,10,10,10,10,80
YYD4LKBM0,せり,948FLPMPN,まったりハス煮〜,1256,15,692,4382000,10,10,10,10,10,10,10,10,80
LEEU9JZFJ,きりんちゃん,RWARTHA1M,乙宗梢大好き部,1832,19,694,4381000,10,10,10,10,10,10,10,10,80
2XNU87W5U,ほそかわたかし,ABALH0AL3,楽園計画,1186,12,694,4381000,10,10,10,10,10,10,10,10,80
AY3WK79BW,Aegis,YFADYJVW4,FPS好きクラブ,1483,18,696,4377000,10,10,10,10,10,10,10,10,80
F8KHAHURM,スバル,JTX1G19BP,さやかほ癒し会,1660,19,697,4375000,10,10,10,10,10,10,10,10,80
05WAW9MLV,かぼす,XVTV7MVCX,雪月花,1578,19,698,4374000,10,10,10,10,10,10,10,10,80
NNN6H5GTN,三尺,WTJV514G9,蓮ノ空のお弁当屋,1248,13,699,4373000,10,10,10,10,10,10,10,10,80
V6X4BPJ37,SHIRO,G59NGM0XA,シュリーレン,1565,18,700,4370000,10,10,10,10,10,10,10,10,80
L5PWKHTE5,まざ,V4A5MP41E,徒町チャレンジ！,1462,15,700,4370000,10,10,10,10,10,10,10,10,80
UJW6NK4X3,RICKY,EYEPHE14G,花上梢頭,1053,6,700,4370000,10,10,10,10,10,10,10,10,80
YCRY5G08V,小吉,5WUDLMWEP,蓮ノ空は明日ノ空,1474,8,703,4369000,10,10,10,10,10,10,10,10,80
P7DXEVYFE,Watitto,Y2HV0YEF7,蓮ノ空を応援し隊,1649,18,704,4366000,10,10,10,10,10,10,10,10,80
VFJV4WLT6,奇策,J800VVPTN,Aqours,1208,19,705,4365000,10,10,10,10,10,10,10,10,80
J6Y8G6LWT,ざわ,48BTAPMBG,蓮ノ空魔術部,1447,2,705,4365000,10,10,10,10,10,10,10,10,80
5VDMLPVY3,刹那,F8MLHU2NV,乙宗梢様､､､,1205,12,705,4365000,10,10,10,10,10,10,10,10,80
NFHW3MHX0,カンナ,K4TAHF9YA,はすっこ準備室,1251,14,708,4363000,10,10,9,9,9,9,10,9,75
D091ANCFC,ぽっぽ,998H940YN,お嬢様筋トレ部,1672,20,709,4362000,10,10,10,10,10,10,10,10,80
3HDDUL1DX,シロくま,11FB0EDDT,スクステ同好会,1324,13,710,4360000,10,10,10,10,10,10,10,10,80
A41HY3Y8L,AOIAO,FVJABCVP3,瑞蓮ラボ,1472,17,710,4360000,10,10,10,10,10,10,10,10,80
G6A7YVWN8,「」のどか,TBX7N9RK5,つよつよなLH,1353,20,712,4358000,10,10,10,10,10,10,10,10,80
EUGC8KAFF,クロト,51CF1LTGY,ラ研連合,1292,1,713,4355000,10,10,10,10,10,10,10,10,80
WEUYCDYYX,マウエ,2K5AM4RV0,とろぺりです,607,1,714,4354000,10,10,10,10,10,10,10,10,80
MIN2P23LK,滝川,CV62FGL1U,花咲かせ隊,1474,4,715,4352000,10,10,10,10,10,10,10,10,80
2LLMP3JEA,かわや,0TKFF5EG3,サークル名募集中,1487,10,716,4350000,10,10,10,10,10,10,10,10,80
MYP7JNW3B,ほうじ茶,PBRDPWEY1,村村会,1565,19,716,4350000,10,10,10,10,10,10,10,10,80
BAY7T6KUR,「めそ,DMDVHGFUG,インドネシア仲間,1370,14,718,4349100,10,10,10,10,10,10,10,10,80
B6XFP7VNH,mi,4XRHRYDW4,無言でエンジョイ,1482,2,719,4348000,10,10,10,10,10,10,10,10,80
G2YIR4WCH,みかん,CM5THHYHB,「」ノ空だけれど,1590,14,720,4347000,10,10,10,10,10,10,10,10,80
KTPM67B8E,きしめん,WN5B7VKPU,きんぴられんこん,1249,16,721,4345000,10,10,10,10,10,10,10,10,80
0NNB11D72,リック,W3YKKRWHG,ルリと愉快な一家,1478,17,722,4344000,10,10,10,10,10,10,10,10,80
7H3BAMLW2,ヌメルゥ,6XX7GBM0K,ぷちぐる同好会,1378,19,723,4343000,10,10,10,10,10,10,10,10,80
CYVJ4PJD7,ゆきあめ,RF5215M2U,スクステ同好会②,1387,11,724,4342000,10,10,10,10,10,10,10,10,80
7F72YZWZM,K-GO,W3YKKRWHG,ルリと愉快な一家,1714,20,724,4342000,10,10,10,10,10,10,10,10,80
MT3RWDPWK,Asaneko,AGJ215YND,蓮の空中國分校,839,2,726,4341000,10,10,10,10,10,10,10,10,80
JFND2KZVS,ルビジウム,06DCWC1RE,とりあえず参戦用,1656,19,727,4340000,10,10,10,10,10,10,10,10,80
1383YAX38,ぴゅーぱ,CX967RTGY,おんゆあさーくる,1130,6,727,4340000,10,10,10,10,10,10,10,10,80
AM452HHNN,ゆりし,LUDNM40F8,ふくふく無言OK,1568,5,729,4339000,10,10,10,10,10,10,10,10,80
IW1O2POHO,ゆざる,9YM3DBTB7,泥民館,1527,20,729,4339000,10,10,10,10,10,10,10,10,80
4VWR0PK2P,ジャガー,X7C21B7H7,泥,1420,18,729,4339000,10,10,10,10,10,10,10,10,80
67M7GY5XU,「ケンゴ」,NMT63RUDV,泥村,1540,12,732,4338000,10,10,10,10,10,10,10,10,80
3EA3R0TYA,あすか,F8MLHU2NV,乙宗梢様､､､,1396,0,733,4335000,10,10,10,10,10,10,10,10,80
Q8I36YUL6,ソト,GKR9TEBYC,毎日がホリデイ♪,1514,19,734,4334000,10,10,10,10,10,10,10,10,80
Y9VUZJIT2,とっし,X7C21B7H7,泥,1587,13,734,4334000,10,10,10,10,10,10,10,10,80
MBMH5XA5A,シラス鰻田,PLBBEX019,待機室目指し隊,1412,19,736,4332000,10,10,10,10,10,10,10,10,80
QZCRZT8AR,輝く流星,J7N4W6Y1K,こずミックラブ♡,1436,16,736,4332000,10,10,10,10,10,10,10,10,80
MW0E12KWR,ふーさん,43HRXMXWA,無言OKクラブ,1499,15,736,4332000,10,10,10,10,10,10,10,10,80
BMBV82R3M,まつもと,AH27N260E,百生信託銀行,961,8,739,4330000,10,10,10,10,10,10,10,10,80
UPWIH0P3R,アルカナ,2B97MH4YA,同じ話し何回も…,1658,18,739,4330000,10,10,10,10,10,10,10,10,80
LOU0DJVV8,あざと医,8JMW9G2XW,僕らのリンクラ！,835,4,741,4328000,10,10,10,10,10,10,10,10,80
X9YMNH0G0,青いぷるぷる,MTBP3B4GM,ふらわーすきすき,1441,19,742,4326300,10,10,10,10,10,10,10,10,80
64RWA0HJY,卵かけごはん,RF5215M2U,スクステ同好会②,1089,3,743,4325000,10,10,10,10,10,10,10,10,80
9HZSVL4CY,ダイバー,WHWT61ELR,【無言】ハスノソ,1500,18,743,4325000,10,10,10,10,10,10,10,10,80
M3LTBJH1V,ネム,1DU9LCND7,蓮ノ空すこやか部,1301,19,745,4324000,10,10,10,10,10,10,10,10,80
PE9RYKKBX,ほうじ茶,W9V6VTXAN,梢先輩の歌声好き,965,3,746,4322000,10,10,10,10,10,10,10,10,80
WJP7GPH5L,musiq,7R8NKPAB1,花帆推し倶楽部,1545,11,747,4321000,10,10,10,10,10,10,10,10,80
DCS0MRXJM,えせ,L28X4MDJN,アフター観たいぞ,1729,19,748,4320000,10,10,10,10,10,10,10,10,80
AFMBX6BPP,倉本千奈の先生,PBRDPWEY1,村村会,1544,13,749,4319000,10,10,10,10,10,10,10,10,80
7VE9T0CUP,むらたみ,PBRDPWEY1,村村会,1628,16,750,4318700,10,10,10,10,10,10,10,10,80
AADHJTAH6,ハッピー至上主義,0UT59MJ8U,かほすこ同好会,1311,13,751,4318000,10,10,10,10,10,10,10,10,80
KYH3BUB2R,青緑色,CTW8DKV5P,まったり,1655,19,752,4316000,10,10,10,10,10,10,10,10,80
DEWSI29MR,ARC,M5LHG6R4T,乙宗動物園,1643,17,752,4316000,10,10,10,10,10,10,10,10,80
0JCJQG554,イーサン,D7H8MN2U4,LLD,1458,15,752,4316000,10,10,10,10,10,10,10,10,80
EY3R9SBM8,くぼT,1BME38BCD,さすさやクラブ,1605,18,755,4314000,10,10,10,10,10,10,10,10,80
ABXP5M67E,えいと,M5LHG6R4T,乙宗動物園,1788,20,756,4313000,10,10,10,10,10,10,10,10,80
U6C6UD7YQ,菜緒,HBM31HMUY,YUKIZURI,1431,9,756,4313000,10,10,10,10,10,10,10,10,80
65MCJCNUU,天曰稚蜜,JE7V5MM31,蓮ノ沼に沈んだ泥,1470,19,758,4312000,10,10,10,10,10,10,10,10,80
7YX6Y7YK1,れおっぴ,2JK7E4115,ラ！推し,1502,8,759,4311000,10,10,10,10,10,10,10,10,80
DCD6T5RYF,かえるけろけろ,6XX7GBM0K,ぷちぐる同好会,1678,19,759,4311000,10,10,10,10,10,10,10,10,80
3V7XRLH5E,G.A.L,HMBW9DXY2,蓮好き皆あつまれ,1571,15,761,4310000,10,10,10,10,10,10,10,10,80
TUULPTBUN,フリス,JTX1G19BP,さやかほ癒し会,1417,19,762,4308000,10,10,10,10,10,10,10,10,80
OQIZZEXIZ,はま,8R49BTWW6,蓮女お嬢様クラブ,1361,10,763,4305000,10,10,10,10,10,10,10,10,80
YJWW44VBR,ひの,RWARTHA1M,乙宗梢大好き部,1614,14,764,4304000,10,10,10,10,10,10,10,10,80
6FBPZCLEW,古鴉夢,2K5AM4RV0,とろぺりです,1435,19,765,4301000,10,10,10,10,10,10,10,10,80
WBHM2GEEL,ハ,5W8RPRVUA,ド！ド！泥！,1313,10,766,4300000,10,10,10,10,10,10,10,10,80
M17KX7V1C,伊波シロン,B5V2LNN43,WMW,918,6,767,4298000,10,10,10,10,10,10,10,10,80
74NVPKIGI,"なめろうoNM,",73CBYJYB0,"oNM,",1787,15,768,4297800,10,10,10,10,10,10,10,10,80
29DLPDMXU,りゅー,05KN1RR3U,さやかほ花卉園,1351,14,769,4297000,10,10,10,10,10,10,10,10,80
4WBT2NLH7,zeaks,JTX1G19BP,さやかほ癒し会,1437,13,770,4296000,10,10,10,10,10,10,10,10,80
182PYVUKC,るーすい,WLFW6UCX5,無敵級ビリーバー,1302,19,771,4295000,10,10,10,10,10,10,10,10,80
IW76FOFD0,カンガルー1号,05KN1RR3U,さやかほ花卉園,1573,19,772,4294000,10,10,10,10,10,10,10,10,80
LG4WRR8XI,ともてんてー,FG5VFFNRK,蓮ノ空おじさん,1510,12,773,4292000,10,10,10,10,10,10,10,10,80
Y9D6E6KK8,ぷん,YE7CX8RNP,蓮ノ大三十角,1129,12,774,4291000,10,10,10,10,10,10,10,10,80
A60CTPWTP,もっすん,E7UBR0A2W,冬枯れの原っぱ,1737,20,775,4290000,10,10,10,10,10,10,10,10,80
FM41TVQJQ,ジャム,0TKFF5EG3,サークル名募集中,1739,19,776,4289000,10,10,10,10,10,10,10,10,80
6HX9NM2GR,藍月 海月,FVJABCVP3,瑞蓮ラボ,1368,8,777,4286000,10,10,10,10,10,10,10,10,80
QT70B8HJT,れん,Y2R7E79U3,カワウソ同好会,1697,18,777,4286000,10,10,10,10,10,10,10,10,80
7DWBCEDH5,無責任,HBUK6F7CC,乙宗梢なりきり部,1637,19,779,4284500,10,10,10,10,10,10,10,10,80
VDNBJFHAE,稲妻葵,WTJV514G9,蓮ノ空のお弁当屋,1645,15,780,4281000,10,10,10,10,10,10,10,10,80
5BXXLGPXM,はねむーん,0JCT9R049,蓮隠れノ里弐,1237,12,781,4280000,10,10,10,10,10,10,10,5,75
NT1KBPYNC,ひまじん,95YCCGJJG,あまね部蓮同好会,959,6,782,4277000,10,10,10,10,10,10,10,10,80
8CWB97P1N,おだんご,GXR6C85BT,花帆ちゃん親衛隊,1520,13,783,4276000,10,10,10,10,10,10,10,10,80
80GPLPYF5,お米大使,2A69E25N6,ゆめみづほ,1728,15,783,4276000,10,10,10,10,10,10,10,10,80
FXV4MF78E,小湊,2K5AM4RV0,とろぺりです,1231,6,785,4275000,10,10,10,10,10,10,10,10,80
15LURYMC1,ベルトーニ,WTJV514G9,蓮ノ空のお弁当屋,1760,16,785,4275000,10,10,10,10,10,10,10,10,80
TE983RFD4,島田 卓,9GDHWXGVG,ルリと花咲く毎日,1131,8,787,4273100,10,10,10,10,10,10,10,8,78
BPU3K21M8,zero21,EPWMMAXNY,蓮ちゃん初心者,1595,19,788,4273000,10,10,10,10,10,10,10,10,80
8YL7FPM4D,戦力外,PBRDPWEY1,村村会,1731,19,788,4273000,10,10,10,10,10,10,10,10,80
MEY2VRMU0,あかよ,48BTAPMBG,蓮ノ空魔術部,1443,19,790,4272000,10,10,10,10,10,10,10,10,80
DP0RDV01H,りお（ろぜ）,MVMP6NNXD,空き時間らくがき,1430,14,791,4271000,10,10,10,10,10,10,10,3,73
VK7NW1UJ9,おかたい,GVT61ATX0,なのだけれど,1215,10,792,4270000,10,10,10,9,9,10,10,7,75
P88JUMG9H,そめ,R1RM3X0WV,後方腕組みオタク,1474,19,793,4269000,10,10,10,10,10,10,10,10,80
0EKYJDS1H,魔牛羊,B2KV0EVPD,蓮ちゅきクラブ,1286,11,793,4269000,10,10,10,10,10,10,10,10,80
3FXRPUT8R,無欲,7R8NKPAB1,花帆推し倶楽部,1570,19,793,4269000,10,10,10,10,10,10,10,10,80
PHXKAE0L7,カタヒデ,WTJV514G9,蓮ノ空のお弁当屋,1269,16,793,4269000,10,10,10,10,10,10,10,10,80
TGAXVGBHT,ショウヤ,FVJABCVP3,瑞蓮ラボ,1604,20,797,4268000,10,10,10,10,10,10,10,10,80
AEXWSLMBY,じゃが,M67ACEP3M,オーバーブースト,1535,13,798,4266000,10,10,10,10,10,10,10,10,80
C9ZMT7RH7,ソクブン,JDAG79TG7,百合ノ空観察部,1646,17,798,4266000,10,10,10,10,10,10,10,10,80
ERMMD0NND,ふぐ,V4A5MP41E,徒町チャレンジ！,1567,17,798,4266000,10,10,10,10,10,10,10,10,80
P8L3HC8H2,すいこう,J5CKL5YPX,ログイン勢かもん,1134,14,801,4265000,10,10,10,10,10,10,10,10,80
TX9MKAUDA,ブランドン,CX967RTGY,おんゆあさーくる,1250,18,802,4264000,10,10,10,10,10,10,10,10,80
G6FMPJYHT,ふらじーる,FTY0R8KPH,泥の皆様,1204,17,802,4264000,10,10,10,10,10,10,10,10,80
7T6K4HWD9,じり,2NY9H8BR9,乙宗紅茶館,1355,11,802,4264000,9,10,10,10,8,9,10,8,74
FNZSMW980,snow,RFYKY8DCD,LA.LA.LA,1605,13,805,4263600,10,10,10,10,10,10,10,10,80
WBCGWZCEN,NAS,KBJ2P8T0Y,人見知りの集い,1531,19,806,4262000,10,10,10,10,10,10,10,10,80
1IWO0DP1G,しろ,GKR9TEBYC,毎日がホリデイ♪,1338,0,806,4262000,10,10,10,10,10,10,10,8,78
GLC6K11GM,三途,BCJRMHE75,梢すきすきクラブ,1614,20,808,4261000,10,10,10,10,10,10,10,10,80
7FNCJDNRY,みゅね,R1RM3X0WV,後方腕組みオタク,830,4,809,4259000,10,10,10,10,10,10,10,10,80
55RNEC0DG,【ギュウひ】,0TKFF5EG3,サークル名募集中,1380,14,810,4257000,10,10,10,10,10,10,10,10,80
13LLEE3VY,コロン,FTY0R8KPH,泥の皆様,1421,13,811,4256000,10,10,10,10,10,10,10,10,80
E8C4KUJDM,はなっっ,J7N4W6Y1K,こずミックラブ♡,1292,3,812,4255000,10,10,10,10,10,10,10,10,80
UFXL4JKYR,そら。,JDAG79TG7,百合ノ空観察部,1433,17,812,4255000,10,10,10,10,10,10,10,10,80
1Q6V88SU7,みどり,L3NN1RWMY,アポロベイ海賊団,1594,19,814,4254000,10,10,10,10,10,10,10,10,80
MGGGX0GH1,石もふ,VW65MCVF8,スリスリーズ,1612,18,815,4253000,10,10,10,10,10,10,10,10,80
PDO5I6YWY,ねぎま,3FF3NB77X,せーはす愛好会,1621,19,816,4250000,10,10,10,10,10,10,10,10,80
U88YYDC6B,beer!!,38KAJGDGU,異次元シャニP,1312,14,817,4248000,10,10,10,10,8,9,10,8,75
OQX4GEHB0,ぎんいろ,HE0GK3EPE,瑞蓮プロカ倶楽部,1595,19,818,4247000,10,10,10,10,10,10,10,10,80
XCRX2GAFB,なる,WN5B7VKPU,きんぴられんこん,1701,20,818,4247000,10,10,10,10,10,10,10,10,80
0H2W5QHZI,幸希(ユッキー),J7N4W6Y1K,こずミックラブ♡,1748,18,820,4246000,10,10,10,10,10,10,10,10,80
2TNJUCKXM,チビ,0UT59MJ8U,かほすこ同好会,1058,9,821,4245000,10,10,10,10,10,10,10,10,80
RXH48G868,御前狐,79C17CHA2,蓮ノ空出張部,1424,19,822,4240000,10,10,10,10,10,10,10,10,80
UA7RCU0PL,TOA,WTJV514G9,蓮ノ空のお弁当屋,1353,19,823,4237000,10,10,10,10,10,10,10,10,80
55VC38QIN,Newmo,07JW71HWG,良いチケで観よう,1439,12,824,4235000,10,10,10,10,10,10,10,10,80
33VFCO5AQ,パイセン,HBUK6F7CC,乙宗梢なりきり部,1579,18,825,4234000,10,10,10,10,10,10,10,10,80
LA25WU4LR,ジマリン,L3NN1RWMY,アポロベイ海賊団,1458,17,826,4233000,10,10,10,10,6,10,10,10,76
CWD74E0R8,ゆきかぜ,WWWUTP96L,異次元からキマシ,1169,4,827,4232000,10,10,10,10,10,10,10,10,80
DWCERKRUG,Porafa,48BTAPMBG,蓮ノ空魔術部,1345,17,828,4231000,10,10,10,10,10,10,10,10,80
79OHCMGA6,ユーレン,WN3LHKX0L,レンコンおいしい,1530,18,829,4230000,10,10,10,10,10,10,10,10,80
9HDACK3F2,たんたん,0CEA9XFKR,蓮ノ空の泥人会,936,4,830,4229000,10,10,10,10,10,10,10,10,80
YLGVH328E,めぐミルク,V4A5MP41E,徒町チャレンジ！,1266,1,830,4229000,10,10,10,10,10,10,10,10,80
1YV3FGBA8,Be,8GAY2WBT6,(・8・),1358,15,832,4227500,10,10,10,10,10,10,10,10,80
P4KGS0JI8,けーる,CM5THHYHB,「」ノ空だけれど,1447,19,833,4227000,10,10,10,10,10,10,10,10,80
BFN5RBZ11,Mez,KGDNX3EF3,ENcircle,1275,15,833,4227000,8,9,10,10,10,7,10,6,70
Y3UHR9UT8,ユキ,V4A5MP41E,徒町チャレンジ！,1357,19,835,4226000,10,10,10,10,10,10,10,10,80
YBX8LRKM2,タコこう,CTW8DKV5P,まったり,975,6,836,4225000,8,10,9,10,6,8,7,2,60
AUEOHWX6Y,ざき,YCTM6RYDP,金沢おでん同好会,1671,19,836,4225000,10,10,10,10,10,10,10,10,80
QUH9UCVTD,川合,V26546K3D,乙宗気合筋肉,1486,19,838,4223000,10,10,10,10,10,10,10,10,80
GDTVJ1B8L,ツナ缶,7HWM7661K,A,1590,20,838,4223000,10,10,10,10,10,10,10,10,80
HWJC1S41M,【天然】蟹味噌,1DU9LCND7,蓮ノ空すこやか部,1558,19,840,4221000,10,10,10,10,10,10,10,10,80
W502CU2P0,キク＠うどん民,HBM31HMUY,YUKIZURI,1447,16,840,4221000,10,10,10,10,10,10,10,10,80
5GGWMNB8V,ジャーマネ,AXG81GPMP,蓮ノ空マタギ部,1603,20,842,4218000,10,10,10,10,10,10,10,10,80
LD542Q15X,よぜ,YDYH4VRRP,レンクウ,1671,15,843,4217000,10,10,10,10,10,10,10,10,80
MDP0NBVAH,影02,1BME38BCD,さすさやクラブ,1673,19,844,4216000,10,10,10,10,10,10,10,10,80
BFY0CMXKL,ヨミ,CM5THHYHB,「」ノ空だけれど,1680,19,845,4215000,10,10,10,10,10,10,10,10,80
T04LMQKYW,がぬ,1BME38BCD,さすさやクラブ,1551,20,846,4213000,10,10,10,10,10,10,10,10,80
8Q9YTKSM2,るる,4RY75CKM4,LLすこ部　メ募,1566,13,847,4211000,10,10,10,10,10,10,10,10,80
R1BAYQ0AB,masacazu,K4TAHF9YA,はすっこ準備室,1516,15,847,4211000,10,10,10,10,10,10,10,10,80
V7YLMH2IY,鬼塚家,EYN9H9N16,蓮すきすきクラブ,1497,16,849,4210000,10,10,10,10,10,10,10,10,80
ZE381AAGN,かなん,WTJV514G9,蓮ノ空のお弁当屋,1382,11,850,4209000,10,10,10,9,8,8,10,8,73
MPY1ACKFX,カンパチ,GWGDMA3YC,初心者無言自由だ,1528,20,851,4206000,10,10,10,10,10,10,10,10,80
HDKBTYH2C,ポポノタン,V4A5MP41E,徒町チャレンジ！,1408,15,851,4206000,10,10,10,10,10,10,10,10,80
YS54DOFNV,ぬこぬこ,B5V2LNN43,WMW,1591,19,853,4205000,10,10,10,10,10,10,10,10,80
I05B7B0OX,ぷちだれ,HPTHY23VR,蓮ノ空文芸部,1275,18,853,4205000,10,10,9,10,8,9,7,7,70
9XAYMC4D1,あずさはち,AH27N260E,百生信託銀行,897,3,853,4205000,10,10,10,10,10,10,10,10,80
L13896J13,XLD,NC2YT2V28,蓮之愛同予者何人,1520,19,853,4205000,10,10,10,10,10,10,10,10,80
UYWXG3CKZ,はすた,PBRDPWEY1,村村会,1626,18,857,4202000,10,10,10,10,10,10,10,10,80
6L7MP3WJP,ナギ,HBM31HMUY,YUKIZURI,1358,16,858,4200000,10,10,10,10,10,10,10,10,80
L7JJ2A0Y8,たっつん,KXU941RFJ,梢先輩おめでとう,1615,15,858,4200000,10,10,10,10,10,10,10,10,80
FGVG90592,ゆきち,GYG7B5R36,幼馴染同好会,1424,13,858,4200000,10,10,10,10,10,10,10,8,78
DH50YW702,ぽるたん,R181MKNX1,みらくらは人生！,1351,13,861,4199000,10,10,10,10,10,10,10,10,80
7586DR3H1,ズミュー,Y2R7E79U3,カワウソ同好会,1457,19,861,4199000,10,10,10,10,10,10,10,10,80
FV1BRF9X0,あべこーorz,8M6UDX260,ぽけもん好き,1621,19,863,4198000,10,10,10,10,10,10,10,10,80
FY3NQU6M7,やきプリンのプロ,0UT59MJ8U,かほすこ同好会,1491,19,863,4198000,10,10,10,10,10,10,10,10,80
2ORXMSDJC,Neamior,919XF8V2V,蓮之空大三腳,1221,17,863,4198000,10,10,10,10,9,10,10,9,78
CTI33F3UI,霜月ゆう,B5V2LNN43,WMW,1611,20,863,4198000,10,10,10,10,10,10,10,10,80
XPNWDGIMY,すさ,5W8RPRVUA,ド！ド！泥！,1658,9,867,4197000,10,10,10,10,10,10,10,10,80
MH25XY5YR,「」リ,NMT63RUDV,泥村,1502,19,868,4196000,10,10,10,10,10,10,10,10,80
PQHU8G8OV,ミナミ,48BTAPMBG,蓮ノ空魔術部,1599,19,869,4195000,10,10,10,10,10,10,10,10,80
I962LF0QO,TOMO,VP0K6KF0K,蓮ノ空大好き!!,1529,9,869,4195000,10,10,10,10,10,10,10,10,80
AK6AYMM19,ごろよん,PBRDPWEY1,村村会,1649,16,871,4194000,10,10,10,10,10,10,10,10,80
ISY4WXWMT,とば,D7H8MN2U4,LLD,1282,3,872,4193000,10,10,10,10,10,10,10,10,80
0AO1734LO,Ｒスキー,8JMW9G2XW,僕らのリンクラ！,1465,8,873,4190000,10,10,10,10,10,10,10,10,80
3HGKF1TFM,ぼーアイス,R181MKNX1,みらくらは人生！,724,0,873,4190000,10,10,10,10,10,10,10,10,80
SVINRA4QP,UMI!,X7YM9EG8K,伝統の石川地酒,1203,5,875,4189000,10,9,10,5,7,7,10,1,59
Y18B28D2F,ろびんほ,948FLPMPN,まったりハス煮〜,691,2,875,4189000,10,10,10,10,10,10,10,8,78
KMACUEN22,残像,VY26V3P0K,AltF4され隊,1191,17,877,4188000,10,10,10,10,10,10,10,10,80
7H7MISFID,花嫁,B5V2LNN43,WMW,1403,15,878,4186000,10,10,10,10,10,10,10,10,80
PETGW0DZK,ふぁー,J8HXTJ8TB,流し素麺同好会,1591,17,879,4185000,10,10,10,10,10,10,10,10,80
4L85YJ6VP,くさがの,YL2ELYC4U,さや…好きだよ…,664,0,880,4183000,10,10,10,10,10,10,10,10,80
TRLEB6AD0,ねんねこ,FC8NBAJBT,ラー麺二郎金沢店,1618,20,880,4183000,10,10,10,10,10,10,10,10,80
JRT9COU68,1192,GN1798YEX,ド!ド!同好会,1633,18,880,4183000,10,10,10,10,10,10,10,10,80
46LUML6GW,あやたか,7RBMBBY88,瑠璃色金魚,1238,13,883,4181000,10,10,10,10,10,10,10,10,80
R82X6FBJ5,鈴葉,GXR6C85BT,花帆ちゃん親衛隊,1539,12,883,4181000,10,10,10,10,10,10,10,10,80
5BPA0093G,うえのん,FK5MUK0ET,くる♡すきクラブ,1347,19,885,4180000,10,10,10,10,10,10,10,10,80
B676D4CKM,まき,5YXVKDEKV,サークル(仮),1131,2,886,4179000,10,10,10,10,10,10,10,10,80
UV9VXAR2J,蟹,R181MKNX1,みらくらは人生！,1201,19,887,4174000,10,10,10,10,10,10,10,10,80
3K3KPCXNV,Flammen,PDMPF3VVV,r/LL,1596,20,888,4173000,10,10,10,10,10,10,10,10,80
KRCKB7VP4,でんち,0B8RTHY4D,のんびり屋さん,676,2,889,4172000,10,10,10,10,10,10,10,10,80
TUJAAL2V3,ゆきまさ,08DDCV5JN,黒ねこのしっぽ,947,6,890,4170000,10,10,10,10,10,10,10,10,80
J4UB1N4AY,ドラキチ,PPAHU1TNY,蓮ノ空のんびり部,1106,13,891,4168000,10,10,10,10,10,10,10,10,80
FVCUEKZRW,フィーア,K4TAHF9YA,はすっこ準備室,1600,19,891,4168000,10,10,10,10,10,10,10,10,80
GVXXTLANL,注射器を繋いで,8FR866PRY,蓮っ子みらくラブ,1467,19,893,4167000,10,10,10,10,10,10,10,10,80
H3Z6CCL18,リスグラシュー,NMT63RUDV,泥村,1592,15,894,4166000,10,10,10,10,10,10,10,10,80
L46P41LMI,しし座のB型,7R8NKPAB1,花帆推し倶楽部,1506,12,894,4166000,10,10,10,10,10,10,10,10,80
HCH35L7HK,げっきょ,5KK3DFY18,MUGEN∞,1464,17,896,4163000,10,10,10,10,10,10,10,10,80
NF154X7UN,紅月,0UT59MJ8U,かほすこ同好会,1713,19,897,4162000,10,10,10,10,10,10,10,10,80
F4T8JUMZI,のびえもん,0R8BXPRC1,ポチっ！とクラブ,1237,17,898,4161000,10,10,10,10,10,10,10,10,80
4F31TFH9D,あらかわ（憩）,8VGXWTV3U,R.opRizm,1237,5,898,4161000,10,10,10,10,10,10,10,10,80
0RB9J6BF4,ぺお,G0WRCNRWK,県立沢庵図書館,1710,20,900,4156000,10,10,10,10,10,10,10,10,80
4JFVTNBIH,みょ,49AMYCXCD,ルドベキア,1647,8,901,4155000,10,10,10,10,10,10,10,10,80
T0AGDWEPM,アプリペイしゅき,CX967RTGY,おんゆあさーくる,1652,16,902,4154000,10,10,10,10,10,10,10,10,80
GNGOY9TWY,はっぴー,8R49BTWW6,蓮女お嬢様クラブ,1367,18,902,4154000,10,10,9,10,10,10,10,10,79
TVF18GHGM,maritime,CY3GGDH7H,㍿キモ・オタク,698,2,904,4151000,10,10,10,10,4,10,8,6,68
RGJ7KKAVB,あかたか,MTBP3B4GM,ふらわーすきすき,1706,19,905,4150000,10,10,10,10,10,10,10,10,80
GJYTSRBIE,キイロイトリ,PPAHU1TNY,蓮ノ空のんびり部,1464,12,906,4149600,10,10,10,10,10,10,10,10,80
K4KXET9FL,センソン,X7C21B7H7,泥,1354,16,907,4147000,10,10,10,10,10,10,10,10,80
8RXW7TUA5,大沢タビィちゃん,E7673WR7C,マルガイジ,1033,6,908,4145800,10,10,10,10,10,10,10,10,80
3GPD0LRY3,与謝野晶子,2NY9H8BR9,乙宗紅茶館,1328,16,909,4145000,10,10,10,10,10,10,10,10,80
IQC4CSUBC,水切り石,HPTHY23VR,蓮ノ空文芸部,1677,17,909,4145000,10,10,10,10,10,10,10,10,80
WH8K6WY43,小枝あずき,YE7CX8RNP,蓮ノ大三十角,1656,11,909,4145000,10,10,10,10,10,10,10,10,80
R1JYFA5DY,ゆう,GYJ3C6TKR,綴理先輩好き好き,1104,14,912,4143000,10,10,10,10,8,10,10,9,77
8PHVNYF0V,TA2,1DU9LCND7,蓮ノ空すこやか部,1159,13,912,4143000,10,10,10,10,10,10,10,10,80
D47ZTCSNE,与謝野ユキオ,HBUK6F7CC,乙宗梢なりきり部,1504,0,912,4143000,10,10,10,10,10,10,10,10,80
9ELHJRDP5,どらもち,79C17CHA2,蓮ノ空出張部,1349,18,915,4141000,10,10,10,10,10,10,10,10,80
CT20NMUBK,がんちゃん,998H940YN,お嬢様筋トレ部,1311,12,915,4141000,10,10,10,10,10,10,10,10,80
UMT37MFVB,アオアラシ,JDAG79TG7,百合ノ空観察部,1395,11,917,4139000,10,10,10,10,10,10,10,10,80
IUC2M7CPB,スニャイパー,0UT59MJ8U,かほすこ同好会,1527,15,917,4139000,10,10,10,10,10,10,10,10,80
6A1ARNU7P,_zuuyan_,FE282F3VH,天悶部,1383,2,917,4139000,10,10,10,10,10,10,10,10,80
J7DEDJWJX,ハネ,9GDHWXGVG,ルリと花咲く毎日,605,1,920,4137000,10,10,10,10,10,10,10,10,80
OYT13N3KM,ハノン,G59NGM0XA,シュリーレン,1452,19,920,4137000,10,10,10,10,10,10,10,10,80
HRGE6XY4D,おかだ,6XX7GBM0K,ぷちぐる同好会,1357,7,922,4136000,10,10,10,10,10,10,10,10,80
2JEPGGIMS,さちうさま,YCTM6RYDP,金沢おでん同好会,1547,13,922,4136000,10,10,10,10,10,10,10,10,80
BQUUCGODZ,YUKI.N,UVN7G4X3A,闇のルビィ団,1578,4,924,4132000,10,10,10,10,10,10,10,10,80
MY2P7YB3V,saku,W3YKKRWHG,ルリと愉快な一家,1331,19,924,4132000,10,10,10,10,10,10,10,10,80
V45G4Y8ER,ニッケル,GXR6C85BT,花帆ちゃん親衛隊,1695,19,926,4131000,10,10,10,10,10,10,10,10,80
16J4RMFUM,めぐります,MUXWTW1GV,蓮の空見守り隊,918,2,926,4131000,10,10,10,10,10,10,10,9,79
CK3Z00ZOB,vfk-yama,YD2XWWFA4,蓮好き好きクラブ,1563,12,928,4130000,10,10,10,10,10,10,10,10,80
5UT1FEC2R,みけ,N1DJVPGP8,いつでも咲けるよ,1417,12,928,4130000,10,10,10,10,10,10,10,10,80
MGF090R00,りんご。,HBUK6F7CC,乙宗梢なりきり部,939,2,930,4126000,10,10,10,10,10,10,10,10,80
LCJMCKVZB,ain,57UT319NN,蓮ノ空同好会,868,3,931,4124000,10,10,10,10,10,10,10,10,80
8VVE3OU27,リージュ,GYG7B5R36,幼馴染同好会,1271,12,931,4124000,10,10,10,10,10,10,10,10,80
WNLQTTY46,キリマンジャロ,G6LTF6TUE,喫茶ハスノソラ,1369,11,933,4122000,10,10,10,10,7,10,10,5,72
7LOYVCMEZ,るべ,HBUK6F7CC,乙宗梢なりきり部,1537,12,934,4121000,10,10,10,10,10,10,10,10,80
JBEMPA78R,あなた,ULUELCJ7T,なるようになる？,1385,19,934,4121000,10,10,10,10,10,10,10,10,80
QB5S4TMVR,もなか,CTW8DKV5P,まったり,1706,15,936,4120000,10,10,10,10,10,10,10,10,80
EUCTO3HUZ,かわたろう,0UT59MJ8U,かほすこ同好会,1621,19,937,4119000,10,10,10,10,10,10,10,10,80
439PDG459,まずか,8JMW9G2XW,僕らのリンクラ！,1660,7,937,4119000,10,10,10,10,10,10,10,10,80
F5W4O51H7,あねもねちゃん,49AMYCXCD,ルドベキア,1617,18,937,4119000,10,10,10,10,10,10,10,10,80
TEJ8KU2DF,シャドー,R181MKNX1,みらくらは人生！,1126,12,937,4119000,10,10,10,10,10,10,10,10,80
UR8RH1ARX,ブクト,1BME38BCD,さすさやクラブ,1589,18,941,4116000,10,10,10,10,10,10,10,10,80
FB3TU21W2,二代目モリゾーン,R181MKNX1,みらくらは人生！,1400,6,941,4116000,10,10,9,10,9,10,10,9,77
LGALLT5LE,ナノ龍剣,CX967RTGY,おんゆあさーくる,717,2,943,4115000,10,10,10,10,10,10,10,10,80
IMJWTY6HM,みっつぃ〜,0B8RTHY4D,のんびり屋さん,1732,19,944,4114000,10,10,10,10,10,10,10,10,80
19TPGHPF9,ko-g,2A69E25N6,ゆめみづほ,1763,9,945,4113000,10,10,10,10,10,10,10,10,80
XY15TEL69,_ﾏ,GW4CH70HK,TKG同好会,1201,17,945,4113000,8,8,10,5,10,10,7,2,60
81GLQQIAH,ジンベイ,6XX7GBM0K,ぷちぐる同好会,1590,15,947,4111000,10,10,10,10,10,10,10,10,80
RBD738713,エル,RH6GLL1M0,姫芽 倶楽部,1466,20,948,4110000,10,10,10,10,10,10,10,10,80
WL8NA1W55,Fulton,PDMPF3VVV,r/LL,550,0,949,4109700,10,10,10,10,10,10,10,10,80
W23S0ECDZ,もりっく,2DYYAPFVN,蓮っ子村,1701,19,950,4109000,10,10,10,10,10,10,10,10,80
CMZHZ9KOZ,「nappa」,CM5THHYHB,「」ノ空だけれど,1521,20,951,4108000,10,10,10,10,10,10,10,10,80
B00T9WN8L,tos,PULJ8VCHJ,蓮ノ空を推す会,1008,7,951,4108000,7,9,8,10,8,8,10,8,68
3BMHN299X,まぁたん,UVK38MFR2,蓮の虚無サー,1121,14,951,4108000,10,10,10,10,10,10,10,10,80
5T6YJZCD4,まんだ,6XX7GBM0K,ぷちぐる同好会,1639,15,951,4108000,10,10,10,10,10,10,10,10,80
KA2DTRI1A,ひは,UVN7G4X3A,闇のルビィ団,1658,6,951,4108000,10,10,10,10,10,10,10,10,80
RL04WF519,翔,49AMYCXCD,ルドベキア,1705,19,951,4108000,10,10,10,10,10,10,10,10,80
ZH1FJ7WI8,ささかま,HBUK6F7CC,乙宗梢なりきり部,1499,18,957,4104000,10,10,10,10,10,10,10,10,80
3J15R3K2L,壱与,M49MMBK4F,スリーズパーク,979,5,957,4104000,10,9,10,10,9,10,7,8,73
UYKD45WLK,はみ,D1YHB0B1A,BWO,1371,18,959,4103000,10,10,10,10,10,10,10,10,80
LP0BEDRF6,圕,YE7CX8RNP,蓮ノ大三十角,1792,19,959,4103000,10,10,10,10,10,10,10,10,80
6112IV1FW,ゆう,L1VGJTD5P,蓮ノ空お茶会部,1493,15,961,4102000,10,10,10,10,9,10,10,4,73
N5U0UYUA9,EVI,38KAJGDGU,異次元シャニP,1361,16,961,4102000,10,10,10,10,10,10,10,10,80
T976NU3FV,れきてー,MTBP3B4GM,ふらわーすきすき,1202,16,963,4100000,10,10,10,10,10,10,10,10,80
E42SLTUG5,シオル,YCTM6RYDP,金沢おでん同好会,1618,5,964,4098300,10,10,10,10,10,10,10,10,80
HP7QWINVD,佳凛,R1RM3X0WV,後方腕組みオタク,1364,8,965,4098000,10,10,10,10,10,10,10,10,80
V0AF17A00,みけし,Y6JNPC60C,綴理メイト,1491,19,966,4097000,10,10,10,10,10,10,10,10,80
RD4BMG4UH,ふじかつ,XE8513HNP,喫茶カワウ空✨,1759,20,966,4097000,10,10,10,10,10,10,10,10,80
JURXBWGFC,クルクス,CV62FGL1U,花咲かせ隊,1406,8,968,4095000,10,10,10,10,10,10,10,10,80
CYHB3K93J,富山ルウシェ,B5V2LNN43,WMW,506,0,969,4094000,10,10,10,10,10,10,10,10,80
2WAIQS7WK,AIMe2,TK9E1BB1P,無言で自由,1654,19,969,4094000,10,10,10,10,10,10,10,10,80
C1Y7XAVVD,みよし,48BTAPMBG,蓮ノ空魔術部,1469,18,971,4092000,10,10,10,10,10,10,10,10,80
3ERHHM2GL,ホンマちゃん,7XH3K4GBT,LLP,1149,15,972,4090700,10,10,10,10,10,10,10,10,80
YLGV922B9,ラビ,79C17CHA2,蓮ノ空出張部,1555,19,973,4089000,10,10,10,10,10,10,10,10,80
JP733E2SM,おっきー,BT22M41DV,梢花帆吟子同好会,1335,10,974,4086000,10,10,10,10,10,10,10,10,80
HCRKU58D8,ゆーや,XEENRBXCG,蓮ノ空休日クラブ,1015,5,975,4083000,10,10,10,10,6,10,10,5,71
RFM4CVP8P,カッチャン,N8L41JAA7,無言 ノルマなし,1373,15,976,4081000,10,10,10,10,10,10,10,10,80
MX4E268DJ,もじゃらんど,48BTAPMBG,蓮ノ空魔術部,1541,16,976,4081000,10,10,10,10,10,10,10,10,80
JXKD706VJ,くらゆい,R181MKNX1,みらくらは人生！,848,6,978,4080000,10,10,10,10,9,10,10,10,79
UWTH7CJXX,アウル,GXR6C85BT,花帆ちゃん親衛隊,1385,18,979,4079000,10,10,10,10,10,10,10,10,80
9VJ69HB32,もふもふ,NA8FEYN0M,蓮ノ空飲酒クラブ,1351,19,979,4079000,10,10,10,10,10,10,10,10,80
1G39WUKBY,ザッキー,1AK9VTG3W,ドルケスキスキ部,920,5,981,4077000,10,10,10,10,10,10,10,10,80
L31AHYM5E,アル,4XRHRYDW4,無言でエンジョイ,1431,14,982,4076000,10,10,10,10,8,10,10,8,76
WW84R5M3A,Josie,YFADYJVW4,FPS好きクラブ,1429,16,982,4076000,10,10,10,10,10,10,10,10,80
HETR1NXDG,ack1011,JTX1G19BP,さやかほ癒し会,1110,8,984,4073600,10,10,10,10,10,10,10,10,80
1DEEHPKAU,ゆきじょー,06DCWC1RE,とりあえず参戦用,1318,6,985,4073000,10,10,10,10,10,10,10,10,80
M87RG96MY,あき,X7YM9EG8K,伝統の石川地酒,1425,12,986,4072000,10,10,10,10,10,10,10,10,80
5W83UKK4H,望月,1BME38BCD,さすさやクラブ,1693,18,987,4070000,10,10,10,10,10,10,10,10,80
82XHVVXLA,Tep(TH),0UT59MJ8U,かほすこ同好会,1607,19,987,4070000,10,10,10,10,10,10,10,10,80
O8A9ZD5IG,堅揚げポテト,YCTM6RYDP,金沢おでん同好会,1401,19,987,4070000,10,10,10,10,10,10,10,10,80
UCVSZZ3HZ,ミツ,9P9EPKFHE,無言参加OK,858,6,990,4069000,10,10,10,10,10,10,9,10,79
67TTDUZ9V,たかな,V26546K3D,乙宗気合筋肉,1512,19,990,4069000,10,10,10,10,10,10,10,10,80
O9LDNC83Q,mrn,CX967RTGY,おんゆあさーくる,1603,19,990,4069000,10,10,10,10,10,10,10,10,80
NRWK8WWUK,綴のすけ,4XRHRYDW4,無言でエンジョイ,1401,11,993,4068000,10,10,10,10,10,10,10,10,80
Z4OYJ1OKQ,いがぐり,X34LWGL6R,サークル2,1495,15,994,4065000,10,10,10,10,10,10,10,10,80
WJRVK47PY,たいし,2ULM366U6,毎日がエブリデイ,1415,19,994,4065000,10,10,10,10,10,10,10,10,80
4B7HFCTL6,ばなな,CTW8DKV5P,まったり,1505,19,996,4064000,10,10,10,10,10,10,10,10,80
EP2VVR3PB,いも,1DU9LCND7,蓮ノ空すこやか部,1382,16,996,4064000,10,10,10,10,10,10,10,9,79
E8YW4THZQ,らぎす,RWARTHA1M,乙宗梢大好き部,1457,19,998,4063000,10,10,10,10,10,10,10,10,80
WJG1SBROQ,クロノス,8JMW9G2XW,僕らのリンクラ！,1150,8,998,4063000,10,10,10,10,10,10,10,10,80
9KW789LG7,しずおじ,1BME38BCD,さすさやクラブ,1487,19,998,4063000,10,10,10,10,10,10,10,10,80
8W61A02JJ,ごんべん京,W3YKKRWHG,ルリと愉快な一家,1526,16,1001,4062000,10,10,10,10,10,10,10,10,80
4EEDGJ5MY,前ショー,JTX1G19BP,さやかほ癒し会,1437,17,1001,4062000,10,10,10,10,10,10,10,10,80
X5FG9PR4K,ともえ,58FD7UF8J,としとしサークル,1275,15,1003,4061000,10,10,10,10,9,10,10,8,77
8KGF3M6WJ,萌萌萌,EYN9H9N16,蓮すきすきクラブ,1780,19,1004,4060000,10,10,10,10,10,10,10,10,80
KVRSXLYW0,かねはら,8FR866PRY,蓮っ子みらくラブ,1674,19,1005,4059000,10,10,10,10,10,10,10,10,80
64G97EX0C,金沢市民,26JDLMBLN,徒町は強く生きる,1213,12,1005,4059000,10,10,10,10,10,10,10,10,80
SHJY62H4I,ふらんふらん,4TALX5GJ6,ライグラ体験会場,1134,18,1007,4058000,10,10,10,10,10,10,10,10,80
2BUA3W4V5,a,FG5VFFNRK,蓮ノ空おじさん,1041,9,1008,4057000,10,10,10,10,10,10,10,6,76
NG3YLD3WC,たそーら,73CBYJYB0,"oNM,",1508,18,1008,4057000,10,10,10,10,10,10,10,10,80
N20CD9N24,アイラ,TJPWPCM36,リンクラ支部,1312,11,1008,4057000,10,10,10,10,10,10,10,10,80
A1YL665HX,dai,YCTM6RYDP,金沢おでん同好会,1615,18,1011,4055000,10,10,10,10,10,10,10,10,80
41BAU424R,初,J800VVPTN,Aqours,1268,19,1011,4055000,10,10,10,10,10,10,10,10,80
UI5ZNYZLE,勝勝,FTY0R8KPH,泥の皆様,1418,3,1013,4054000,10,10,10,10,10,10,10,10,80
YBU4C8MPB,asupara,PLBBEX019,待機室目指し隊,792,4,1014,4052000,10,10,10,10,10,10,10,10,80
AHR32783X,とろろ蕎麦,5KK3DFY18,MUGEN∞,1369,0,1014,4052000,10,10,10,10,10,10,10,10,80
MP0KVW4HW,みみ,25PMPEMG7,星見プロ,1412,2,1016,4051000,10,10,10,10,10,10,10,10,80
L8ABK1O0Y,きゃわ,CX967RTGY,おんゆあさーくる,1670,19,1017,4050000,10,10,10,10,10,10,10,10,80
WC55R6DC1,あめ,WCL6R1ANU,無所属の会,688,0,1017,4050000,10,10,10,10,9,10,10,8,77
JD3WTC652,てつごろう,4NDAG5E9N,国産牛のにげあし,1197,18,1017,4050000,10,10,10,10,10,10,10,10,80
GBRECDN0A,シルコー,HBUK6F7CC,乙宗梢なりきり部,1478,14,1020,4047000,10,10,10,10,10,10,10,10,80
6F9LWDMNT,ASH,D7H8MN2U4,LLD,1279,17,1021,4043000,10,10,10,10,10,10,10,10,80
9KRYRDLH2,れんちょん,GKR9TEBYC,毎日がホリデイ♪,805,0,1021,4043000,10,10,10,10,10,10,10,10,80
E9FMEDE4D,>M<,YDYH4VRRP,レンクウ,1135,12,1021,4043000,10,10,10,10,10,10,10,10,80
EMD3LH3WH,リリス,MTBP3B4GM,ふらわーすきすき,1569,19,1024,4042000,10,10,10,10,10,10,10,10,80
6AEKZEMQ6,ふゆねこ,BKUHCT7WF,蓮女お嬢様部,1490,19,1025,4041000,10,10,10,10,10,10,10,10,80
M96XRQZRW,一輝,RFYKY8DCD,LA.LA.LA,1527,16,1025,4041000,10,10,10,10,10,10,10,10,80
KHR1E1TUB,こう,8JMW9G2XW,僕らのリンクラ！,1563,19,1027,4040000,10,10,10,10,10,10,10,10,80
2RXBMCHH9,ぶるおんせん,YE7CX8RNP,蓮ノ大三十角,1383,18,1027,4040000,10,10,10,10,10,10,10,10,80
ZAB6POKTY,りんう,K25DPPGT9,圧倒的にまったり,1507,14,1029,4039400,10,10,10,10,10,10,10,10,80
8D5D6WZ5N,ptyx,V7768X8AC,せーので！,1448,19,1030,4039000,10,10,10,10,10,10,10,10,80
IBTWX6T89,ゾノ,8P39YRA1L,慈と愉快な仲間達,1370,8,1030,4039000,10,10,10,10,10,10,10,10,80
4N9BBW8FA,レベレンドX,PDMPF3VVV,r/LL,1815,19,1032,4038000,10,10,10,10,10,10,10,10,80
ME5HX7LK3,归于虚幻,NC2YT2V28,蓮之愛同予者何人,1255,7,1033,4037500,10,10,10,10,10,10,10,10,80
B9P5BJ9BE,ペトラ,M5LHG6R4T,乙宗動物園,1272,18,1034,4037000,10,10,10,10,10,10,10,10,80
2CKHM0GEM,たいしょー,4URND90YY,参加賞狙い,844,2,1035,4035000,10,10,10,10,10,10,10,10,80
LX2J0YDAZ,Judy,GMEF2K8DL,花咲く泥も好き²,1698,17,1035,4035000,10,10,10,10,10,10,10,10,80
JT6GH510A,XiaoHong,XLBU65J86,花の壁飾りクラブ,443,0,1037,4033000,10,10,10,10,10,10,10,10,80
X7V7KNMRG,Yu,PUJ0ERCMW,蓮ノ空倶楽部,703,2,1037,4033000,7,10,7,10,10,8,7,7,66
KEEKMXE23,ゆのし,GVT61ATX0,なのだけれど,1373,20,1037,4033000,10,10,10,10,10,10,10,10,80
BXVWFVNW5,春日影,919XF8V2V,蓮之空大三腳,1214,15,1040,4030000,10,10,10,10,10,10,10,10,80
RMH27ZIYV,シグレ,CV62FGL1U,花咲かせ隊,1486,19,1041,4029000,10,10,10,10,10,10,10,10,80
LIVH0U0S2,卍アキ卍,AH27N260E,百生信託銀行,1197,12,1042,4028000,10,10,10,8,10,10,7,6,71
7WEHEX7T9,あやね,E7UBFLW56,同好会の同好会,1750,15,1042,4028000,10,10,10,10,10,10,10,10,80
ZYVZ4FSC5,ご注文は梢ですか,G6LTF6TUE,喫茶ハスノソラ,1821,19,1044,4027000,10,10,10,10,10,10,10,10,80
1H7GW06VS,miya,HBUK6F7CC,乙宗梢なりきり部,1621,18,1044,4027000,10,10,10,10,10,10,10,10,80
HC7HANURE,KCC,YFADYJVW4,FPS好きクラブ,1004,11,1046,4025000,10,10,10,10,7,10,7,4,68
W0D0FD1RO,ファンタ,GMEF2K8DL,花咲く泥も好き²,1491,18,1047,4019000,10,10,10,10,10,10,10,10,80
2CX0L3FNW,ランダウ,VP0K6KF0K,蓮ノ空大好き!!,1348,17,1048,4018000,10,10,10,10,10,10,10,10,80
JANW6MPL2,ゆっぴー,GW4CH70HK,TKG同好会,1491,16,1049,4017000,10,10,10,10,10,10,10,10,80
UM0BNRUPA,あるひに,948FLPMPN,まったりハス煮〜,1375,16,1050,4016000,10,10,10,10,10,10,10,10,80
V76XKN9NV,きゃほきゃほーん,0CEA9XFKR,蓮ノ空の泥人会,1024,11,1051,4014000,10,10,10,10,10,10,10,10,80
43JYBJIVA,やこう,GXR6C85BT,花帆ちゃん親衛隊,1701,14,1051,4014000,10,10,10,10,10,10,10,10,80
K397Y27G5,キョウ,2NY9H8BR9,乙宗紅茶館,1201,19,1053,4013000,10,10,10,10,6,10,8,6,70
JGREF0BPV,風花,G6LTF6TUE,喫茶ハスノソラ,1803,17,1054,4012000,10,10,10,10,10,10,10,10,80
94FZ4NEER,ウィル・シキ,2K5AM4RV0,とろぺりです,1505,11,1055,4010000,10,10,10,10,10,10,10,10,80
EH279G4KU,れーと,4NDAG5E9N,国産牛のにげあし,925,6,1055,4010000,10,10,10,10,10,10,10,10,80
75WTDUJG4,ふうりん,7RBMBBY88,瑠璃色金魚,1356,18,1057,4009000,10,10,10,10,10,10,10,10,80
LJK751O9T,島風,JHTULVV5P,故に瑠璃乃推し,1372,3,1057,4009000,10,10,10,10,10,10,10,10,80
6IJT78QJS,ふぁい,6XX7GBM0K,ぷちぐる同好会,1544,11,1059,4008000,10,10,10,10,10,10,10,10,80
VKBDT76PQ,たる(･ω･),LUDNM40F8,ふくふく無言OK,1454,3,1060,4002000,10,10,10,10,10,10,10,10,80
C3F3E5F3Y,TATSUYA,RWARTHA1M,乙宗梢大好き部,1242,17,1061,4001000,10,10,10,10,10,10,10,6,76
VHTVHM7LR,奶綠,YFADYJVW4,FPS好きクラブ,697,0,1062,3999000,10,10,10,10,10,10,10,10,80
WT4NZ287K,はなたば,KXU941RFJ,梢先輩おめでとう,1567,8,1063,3996000,10,10,10,10,10,10,10,10,80
TJMDPKU7K,いこあん,48BTAPMBG,蓮ノ空魔術部,1344,18,1064,3995000,10,10,10,10,10,10,10,10,80
V8F0YRMRD,高咲侑DD,J800VVPTN,Aqours,1378,18,1065,3992000,10,10,10,10,10,10,10,10,80
0K0C0NB0A,mishiro,07WJ3V6EC,ハスノコ,1529,4,1065,3992000,10,10,10,10,10,10,10,10,80
NKFJYWXKN,すもち,WN5B7VKPU,きんぴられんこん,1598,17,1067,3988100,10,10,10,10,10,10,10,10,80
LTG2LM5XL,マスト,KXU941RFJ,梢先輩おめでとう,1112,8,1068,3987000,10,10,10,10,10,10,10,10,80
2SBHPGSJR,どーぶ,GKR9TEBYC,毎日がホリデイ♪,1412,3,1069,3986000,10,10,10,10,10,10,10,10,80
T2HICS0U9,かえ☺︎,2NY9H8BR9,乙宗紅茶館,1318,15,1069,3986000,10,10,10,10,10,10,10,10,80
FB0ZLS8HB,かも,HE0GK3EPE,瑞蓮プロカ倶楽部,1602,19,1069,3986000,10,10,10,10,10,10,10,10,80
FJU43A44H,mtk,2K5AM4RV0,とろぺりです,882,2,1072,3985000,10,10,10,10,10,10,10,10,80
6ZGKMMMSV,カヅキ,4WWM4VVDK,蓮ノ空遊戯開発部,1784,20,1072,3985000,10,10,10,10,10,10,10,10,80
RXEBBTS8J,タダマレ,79C17CHA2,蓮ノ空出張部,1474,8,1072,3985000,10,10,10,10,10,10,10,10,80
WM5PYYA3F,マグネ,6YTAMD33M,リリエンフェル党,534,0,1072,3985000,10,10,10,10,10,10,10,10,80
HD0WFWA5W,おーじ,WWWUTP96L,異次元からキマシ,1238,13,1076,3983000,10,10,10,10,10,10,10,10,80
WY285NN4T,になしぃ,60KU468X3,はっすーず,702,1,1077,3981000,10,9,10,10,10,10,10,9,78
B2YK2JHJ2,ユキナ,828YTYAA9,箱推し社畜の部屋,783,4,1078,3980000,10,10,10,10,8,10,9,7,74
6LE9JEL50,Zucky,0CEA9XFKR,蓮ノ空の泥人会,1051,9,1078,3980000,10,10,10,10,8,10,5,5,68
FT236U9RH,でぃすこ,J5VH363YL,逆Aqours,451,0,1080,3979000,8,10,10,10,4,9,9,4,64
EKG1U84WF,うーちゃん,EPWMMAXNY,蓮ちゃん初心者,1490,15,1081,3977000,10,10,10,10,10,10,10,10,80
YR413R0DW,鮭味じゃがいも,6XX7GBM0K,ぷちぐる同好会,1578,19,1081,3977000,10,10,10,10,10,10,10,10,80
T3QL9JKGZ,だ,W26TRPM1R,めぐ党藤島派,1530,14,1081,3977000,10,10,10,10,10,10,10,10,80
F9FNKC3CV,富士盛,M4D0VP1XT,蓮ノ空痛車部,1480,20,1084,3975000,10,10,10,10,10,10,10,10,80
STBVTN1A4,レイ,79C17CHA2,蓮ノ空出張部,1444,15,1085,3970000,10,10,10,10,10,10,10,10,80
KKHVD2L38,夜桜,948FLPMPN,まったりハス煮〜,1072,17,1085,3970000,9,10,10,10,7,6,10,6,68
7M2TYXN5R,琉加るか,0TKFF5EG3,サークル名募集中,1501,14,1087,3969000,10,10,10,10,10,10,10,10,80
B6YKEK8FU,にらとろろ,WBXF9XXW7,さやつづ愛でる会,871,2,1087,3969000,10,10,10,10,10,10,10,10,80
P4CGFVWN1,buta,ABALH0AL3,楽園計画,1177,14,1087,3969000,10,10,10,10,8,10,10,10,78
TJ9X21TX1,たっくん,H6CCL64P9,NATTO,846,2,1090,3968000,10,10,10,10,10,10,10,10,80
14PM5Q2R4,ぱん,73CBYJYB0,"oNM,",1748,17,1091,3967000,10,10,10,10,10,10,10,10,80
2952UQ44Y,shinobix,1047JNAJC,月火水木筋トレ日,1502,19,1092,3966000,10,10,10,10,10,10,10,10,80
RJJT8JA6N,しらたま,L1VGJTD5P,蓮ノ空お茶会部,1121,17,1093,3964000,10,10,10,10,10,10,10,10,80
19A9MUCBD,らゆ,V6DV6KETG,梢好き好きクラブ,1398,17,1093,3964000,10,10,10,10,10,10,10,10,80
MKDUT5AWA,ほうき,NC2YT2V28,蓮之愛同予者何人,670,0,1095,3963000,10,10,10,10,10,10,10,10,80
S14ZTUCRG,ZEROICHI,BT3GEWM5L,ささやか村の集い,1478,1,1096,3959000,10,10,10,10,10,10,10,10,80
KH8WDYG0W,リオ,25PMPEMG7,星見プロ,1408,15,1097,3957000,10,10,10,10,10,10,10,10,80
A39DFJRBP,けＥすけ,FG5VFFNRK,蓮ノ空おじさん,1261,0,1098,3956000,10,10,10,10,10,10,10,10,80
8L8608WFH,ささん,8JMW9G2XW,僕らのリンクラ！,809,0,1099,3955000,10,10,10,10,10,10,10,10,80
G96XGGQTF,蓮色餃子,06DCWC1RE,とりあえず参戦用,1554,19,1100,3954000,10,10,10,10,10,10,10,10,80
NRDFUPFF9,スペアミント,RF5215M2U,スクステ同好会②,1199,8,1101,3952000,10,10,10,10,10,10,10,10,80
BTHT18UE1,しらかわ,KULVP7FDR,アニマル分室,1236,15,1102,3951000,6,10,10,10,10,9,10,8,73
32Z330P3G,ちぐと,48BTAPMBG,蓮ノ空魔術部,1438,3,1103,3950000,10,10,10,10,10,10,10,10,80
FXP9N10VU,doNe,GVT61ATX0,なのだけれど,1676,20,1104,3949000,10,10,10,10,10,10,10,10,80
0DJ374X37,ぶーもり,N7J2R9JDN,ログイン目標勢!,606,0,1104,3949000,7,10,7,10,6,7,4,2,53
CEUBNJ4F6,a,N8L41JAA7,無言 ノルマなし,1049,9,1106,3948000,10,9,10,6,10,10,10,6,71
K46E6PG9G,なすみそ,8JMW9G2XW,僕らのリンクラ！,1489,19,1106,3948000,10,10,10,10,10,10,10,10,80
06JQ821HY,sagi,GXR6C85BT,花帆ちゃん親衛隊,1675,8,1108,3946000,10,10,10,10,10,10,10,10,80
8UIZKQKRO,沢渡ほのか,V6DV6KETG,梢好き好きクラブ,1723,18,1109,3945000,10,10,10,10,10,10,10,10,80
33LNLB21H,なろー,BTVC9G95X,FES用,1332,13,1110,3943000,10,10,10,10,10,10,10,10,80
TEH21JJRV,トキ,GXR6C85BT,花帆ちゃん親衛隊,1442,18,1111,3941000,10,10,10,10,10,10,10,10,80
8EYJFF4YV,えんがわ,865UE9UC6,蓮ノ空うどん部,1434,7,1112,3940000,10,10,10,10,10,10,10,10,80
VKNVBR7S7,リリ,WLFW6UCX5,無敵級ビリーバー,1430,18,1113,3939000,10,10,10,10,6,10,8,8,72
JM8UVFGRG,masaki,MTBP3B4GM,ふらわーすきすき,1537,18,1114,3937000,10,10,10,10,10,10,10,10,80
UKGTVLNSD,クリス,JTX1G19BP,さやかほ癒し会,1280,10,1115,3936000,9,9,9,10,8,8,10,6,69
43YKLH543,リュウ,BT22M41DV,梢花帆吟子同好会,1584,19,1116,3935000,10,10,10,10,10,10,10,10,80
Z5D4UIYVF,ひろみみ,NA8FEYN0M,蓮ノ空飲酒クラブ,1780,19,1117,3931000,10,10,10,10,10,10,10,10,80
0A76E8DGK,星鎧亜イカロス,N83DW3NYG,†極最強倶楽部†,1096,5,1118,3930000,10,10,10,10,10,10,10,10,80
YVM6L46HD,リクト,HBK6KCRPP,無言でおけ,1375,19,1118,3930000,10,10,10,10,10,10,10,10,80
97D6LAY5P,オイカゼさん,424NLTEE8,無言な異次元部屋,1266,15,1120,3929000,10,10,10,10,10,10,10,10,80
TN5Y9EW3E,かんづめ,WAT20PN3Y,こな党,1591,7,1120,3929000,10,10,10,10,10,10,10,10,80
WYF5GRPEP,ちゃんかい,FK5MUK0ET,くる♡すきクラブ,1259,16,1122,3928000,7,10,10,10,8,10,9,8,72
65P32K7E9,ゲッカ,7R8NKPAB1,花帆推し倶楽部,730,1,1123,3927000,8,7,9,7,10,6,8,5,60
EV124MBVX,てんnew,RF5215M2U,スクステ同好会②,1366,19,1123,3927000,10,10,10,10,10,10,10,10,80
LYYGRG8W4,りぞん,PBRDPWEY1,村村会,1435,14,1125,3925000,10,10,10,10,10,10,10,10,80
RTFHHNRRM,ピノン,1F5EPPMLD,UR貰えればいい,895,2,1126,3923000,10,8,10,10,10,7,10,7,72
4N0T1PYUR,ヒロハス,7R8NKPAB1,花帆推し倶楽部,1429,19,1126,3923000,10,10,10,10,10,10,10,10,80
NNEXSX7P9,楓,CV62FGL1U,花咲かせ隊,1408,19,1128,3921000,10,10,10,10,10,10,10,10,80
IPPJEH8FD,あいうえお,WHWT61ELR,【無言】ハスノソ,1349,15,1128,3921000,10,10,10,10,10,10,10,10,80
DLEAUCSDC,ゆふ,X34LWGL6R,サークル2,1549,18,1128,3921000,10,10,10,10,10,10,10,10,80
J5NANM1FM,文文,YFADYJVW4,FPS好きクラブ,712,0,1131,3919000,10,10,10,10,9,10,10,7,76
9K8T3D22C,カツオ,KBJ2P8T0Y,人見知りの集い,1424,19,1132,3915000,10,10,10,10,10,10,10,10,80
JKRUFH2CH,双方,FH7G62PKW,月火水木金土日,1399,17,1133,3914000,8,6,8,10,8,8,10,10,68
WR72RRNC5,肉うどん,N2KCENRKH,猫＆旅大好き部,853,0,1134,3913000,9,9,7,8,6,8,9,6,62
BL0BGN2JZ,せて,6XX7GBM0K,ぷちぐる同好会,1541,18,1135,3912000,10,10,10,10,10,10,10,10,80
JM6NJJML7,piyo,L3NN1RWMY,アポロベイ海賊団,1061,6,1135,3912000,10,10,10,10,10,10,10,10,80
ULV5VGUHB,ましろん,HKETDDCK6,ぼっちざ蓮!!,796,2,1137,3911000,10,10,10,10,10,10,10,10,80
V98PDNYBQ,青赤イナゴ,GVT61ATX0,なのだけれど,1578,19,1137,3911000,10,10,10,10,10,10,10,10,80
WDW2V2JKC,たぁ,HWJ8XPW0T,箱推しなのだけど,1362,18,1139,3910000,10,10,9,10,9,10,10,10,78
P4M1AH0MZ,立山,0CEA9XFKR,蓮ノ空の泥人会,1253,8,1140,3909000,10,10,10,10,6,10,10,6,72
ASLXPDS1Q,ささみ,8R49BTWW6,蓮女お嬢様クラブ,1587,0,1140,3909000,10,10,10,10,10,10,10,10,80
41121WV5Y,みーちゃん,JE7V5MM31,蓮ノ沼に沈んだ泥,1636,7,1140,3909000,10,10,10,10,10,10,10,10,80
PFBHDAGN8,ハレ,48BTAPMBG,蓮ノ空魔術部,1282,8,1143,3908000,10,10,10,10,10,10,10,10,80
ZCRF41KQU,SiULY,73CBYJYB0,"oNM,",1539,18,1143,3908000,10,10,10,10,10,10,10,10,80
UZQ6XQT5R,クロ,JE7V5MM31,蓮ノ沼に沈んだ泥,1772,19,1145,3907000,10,10,10,10,10,10,10,10,80
8PVGDRRKP,あらびき,RF5215M2U,スクステ同好会②,790,0,1146,3906000,10,10,10,10,10,10,10,10,80
1RFVF0KDF,あおみ,K8C99H42D,ルリと喜ド！愛楽,1540,19,1146,3906000,10,10,10,10,10,10,10,10,80
P3O3FFU0F,てんま,EYN9H9N16,蓮すきすきクラブ,1499,9,1148,3905000,10,10,10,10,10,10,10,10,80
R50ENN3PN,ろっく,RFYKY8DCD,LA.LA.LA,1594,15,1149,3904000,10,10,10,10,10,10,10,10,80
1PKXAXJNB,しおかぜ,J800VVPTN,Aqours,1345,19,1149,3904000,10,10,10,10,10,10,10,10,80
NWTP5WXHV,タチバナ,NMT63RUDV,泥村,1482,17,1151,3901000,10,10,10,10,10,10,10,9,79
KT0BG1PP0,クリフ,9YM3DBTB7,泥民館,1348,19,1152,3900000,10,10,10,10,10,10,10,10,80
DBV4TN587,うしさんば,MTBP3B4GM,ふらわーすきすき,1516,16,1152,3900000,10,10,10,10,10,10,10,10,80
6DVNE2G8H,エクレア,2ULM366U6,毎日がエブリデイ,1375,12,1154,3897000,10,10,10,10,10,10,10,3,73
0W5L2RJA3,ゆりしす,WN5B7VKPU,きんぴられんこん,1620,17,1155,3896000,10,10,10,10,10,10,10,10,80
W3VE36URL,ゆう,79C17CHA2,蓮ノ空出張部,1309,19,1155,3896000,10,10,10,10,10,10,10,10,80
S7PDFX3DD,Ruby,WN5B7VKPU,きんぴられんこん,1449,19,1157,3895000,10,10,10,10,10,10,10,10,80
L31NRD4ON,はる,JA2C658FW,さや綴理の村人,1504,15,1158,3891000,10,10,10,10,10,10,10,10,80
ULQT70PVL,さーきっと,KT4C59NXG,めぐ島,1603,14,1159,3890000,10,10,10,10,10,10,10,10,80
992MXRG0M,どMお,GYJ3C6TKR,綴理先輩好き好き,507,0,1159,3890000,10,10,10,10,10,10,6,10,76
P65NXE2H1,ナスちん,G0WRCNRWK,県立沢庵図書館,1409,19,1161,3889000,10,10,10,10,10,10,10,10,80
HB0QXMHGR,くろほり,KBJ2P8T0Y,人見知りの集い,1465,13,1161,3889000,10,10,10,10,10,10,10,10,80
CNYNTNH9V,鎖骨にワイバーン,25PMPEMG7,星見プロ,1426,11,1163,3888000,10,10,10,10,10,10,10,10,80
RW1CU41CB,だーしゅ,G0J2F9NAL,さやさやさーくる,1239,16,1164,3887000,10,10,10,10,10,10,10,10,80
XUHJNEX9H,鈴,RF5215M2U,スクステ同好会②,646,0,1165,3886000,10,10,10,10,10,10,10,10,80
8WFA3HOVR,とろ,AH27N260E,百生信託銀行,792,5,1166,3885000,10,8,8,10,7,8,6,6,63
CKD6D1JNL,RELaina,919XF8V2V,蓮之空大三腳,1309,6,1167,3883000,10,10,10,10,10,10,10,10,80
4RK72HM8O,451,RFYKY8DCD,LA.LA.LA,1406,0,1167,3883000,10,10,10,10,10,10,10,6,76
XBC259K8X,メガネ,11FB0EDDT,スクステ同好会,1581,20,1169,3881700,10,10,10,10,10,10,10,10,80
09H0N26FN,ひこ,HBK6KCRPP,無言でおけ,971,8,1170,3878000,10,10,10,10,10,10,10,10,80
X9735CYTG,ミレイユ,E5JKTW00K,蓮ノ空まったり部,1235,18,1171,3877000,10,10,10,10,10,10,10,10,80
MGVR2Z027,オクラホマミキサ,1DU9LCND7,蓮ノ空すこやか部,1783,19,1172,3872200,10,10,10,10,10,10,10,10,80
FDXBWBH2B,あおっち,RF5215M2U,スクステ同好会②,1515,1,1173,3872000,10,10,10,10,10,10,10,10,80
72K862Y7M,ザ・松田,V6DV6KETG,梢好き好きクラブ,1533,19,1174,3871000,10,10,10,10,10,10,10,10,80
TM3VAHO5N,桜木,EHGD5JJK1,限界夜行,1544,15,1174,3871000,10,10,10,10,10,10,10,10,80
U3DLQMXJD,ボン太,8P39YRA1L,慈と愉快な仲間達,1429,13,1174,3871000,10,10,10,10,10,10,10,10,80
1U3IE6OEV,よすよす,V26546K3D,乙宗気合筋肉,1410,18,1177,3870000,10,10,10,10,10,10,10,10,80
1WHW3FXE7,コルセ・アスミ,MTBP3B4GM,ふらわーすきすき,1535,18,1178,3868000,10,10,10,10,10,10,10,10,80
9X8X3V66X,シバ,E12PR824F,ゆるっと蓮ノ空,889,2,1178,3868000,10,10,10,10,10,10,10,10,80
KUX508348,すくたれもの,79C17CHA2,蓮ノ空出張部,1280,16,1180,3866000,10,10,10,10,10,10,10,10,80
2P67B42VC,みっける,5KK3DFY18,MUGEN∞,1548,6,1181,3864600,10,10,10,10,10,10,10,10,80
XX2YW3264,つづるり熱血,CX967RTGY,おんゆあさーくる,1418,18,1182,3863000,10,10,10,10,10,10,10,10,80
F8FF7Q69W,ユッキー,D7H8MN2U4,LLD,1541,19,1183,3860000,10,10,10,10,10,10,10,10,80
UXS5629U1,まう,GKR9TEBYC,毎日がホリデイ♪,1382,13,1183,3860000,10,10,10,10,10,10,10,10,80
TX50ESWA5,かなと,X34LWGL6R,サークル2,1457,10,1185,3859000,10,10,10,10,10,10,10,10,80
YLYWCNDGK,かいゆー,FC8NBAJBT,ラー麺二郎金沢店,1636,19,1185,3859000,10,10,10,10,10,10,10,10,80
73LLL5HU8,ウェゐク,TN2M8YT07,まかないしお,811,0,1187,3858900,8,9,10,10,10,7,10,5,69
E4MGTFKW1,かの,K8C99H42D,ルリと喜ド！愛楽,1333,5,1188,3858000,10,10,10,10,10,10,10,10,80
XKJG42WNE,ハル,LHXNEF3D5,まるまるサークル,1517,8,1188,3858000,10,10,10,10,10,10,10,10,80
TY1WGHPWL,キノン,2AUM7L9BW,蓮初心者クラブ,833,3,1190,3857000,10,10,10,10,10,10,7,6,73
J3UNS4PQW,チゼ,1BME38BCD,さすさやクラブ,1461,8,1191,3855000,10,10,10,10,10,10,10,10,80
48X9CWCTG,感情の魚,G6LTF6TUE,喫茶ハスノソラ,477,0,1192,3852000,10,10,10,10,7,10,10,7,74
G9H0HMGHX,ヒマラヤン,8R49BTWW6,蓮女お嬢様クラブ,1500,18,1192,3852000,10,10,10,10,10,10,10,10,80
5HHWGF2AB,Rio,1C2GN787H,℃！℉！度！,874,9,1194,3851000,10,10,10,10,10,10,10,10,80
TNF32G80P,ゆゆゆ,6KUYCDLGR,かよちんは宇宙,1376,9,1195,3850000,10,10,10,10,10,9,10,8,77
5SXCHU3EV,まさまさ,HBM31HMUY,YUKIZURI,1398,16,1195,3850000,10,10,10,10,10,10,10,10,80
U5GTP9WG6,たびせみ,6045Y2RW7,ポチっと！蓮ノ空,1748,19,1197,3849000,10,10,10,10,10,9,10,3,72
0B73BUP3M,しののん,ABALH0AL3,楽園計画,1265,18,1198,3844000,10,10,10,10,10,10,10,10,80
EWTOZQ9TA,ビクトール,M6UPWJ6DU,蓮結ぶ虹と星の音,1360,6,1199,3841000,10,10,10,10,10,10,10,10,80
XH9G72MU9,機械3号･~･,KBJ2P8T0Y,人見知りの集い,1441,16,1199,3841000,10,10,10,10,10,10,10,10,80
W3RBWWDYM,nano,RWARTHA1M,乙宗梢大好き部,1663,6,1201,3839000,10,10,10,10,10,10,10,10,80
J6DF18DSG,マシロウ,ULUELCJ7T,なるようになる？,1044,3,1202,3836100,10,10,10,10,9,9,10,9,77
2CHBK0V81,クロユキ,W3YKKRWHG,ルリと愉快な一家,813,5,1203,3836000,10,10,10,10,10,10,10,10,80
4LMTMITC5,ユーズキ,KGG6VMD1R,蓮ノ空本蓮沼の会,1048,16,1204,3835000,10,10,10,10,10,10,10,10,80
1KF25J19H,まっきー,0NLHKATWL,生きてるだけ偉い,828,0,1204,3835000,10,10,10,10,10,10,10,10,80
EM1XPCKHC,もにょ,J79LGCKKF,蓮ノ空コーラス部,1430,3,1206,3833000,10,10,10,10,10,10,10,10,80
DM845G6CU,Mea.,Y2HV0YEF7,蓮ノ空を応援し隊,1331,18,1207,3832000,10,10,10,10,9,7,9,8,73
XN1DPF88F,もみじ,RFYKY8DCD,LA.LA.LA,1361,17,1208,3831000,10,10,10,10,10,10,10,10,80
JMPEK174K,しんしあ,CTW8DKV5P,まったり,1390,15,1209,3830000,10,10,10,10,10,10,10,10,80
FWJDTTNBY,ヤジロベー,FV38N1J23,イベント用,1615,14,1210,3829000,10,10,10,10,10,10,10,10,80
QGNGWJ8TF,シオン,06DCWC1RE,とりあえず参戦用,1352,3,1210,3829000,10,10,10,10,10,10,10,10,80
JJLREB25X,デンドロ,N752V1LD6,思想の溜まり場,1558,19,1212,3828000,10,10,10,10,10,10,10,10,80
W3671CVAG,徐行,VXDPPJJL1,蓮ノ空リボ課金部,1205,13,1213,3827000,10,10,10,10,10,10,10,10,80
TQX0EQZK8,そらた,W26TRPM1R,めぐ党藤島派,1523,19,1213,3827000,10,10,10,10,10,10,10,10,80
NFVCDDEXM,Lipton,UCWKRB3WR,菅沼千紗が大好き,1263,16,1215,3823000,10,10,10,10,10,10,10,10,80
A0PQIHNP6,カメリア,H837E0M9R,沙知先輩大好き部,1687,15,1215,3823000,10,10,10,10,10,10,10,10,80
B854YF6A6,がろー,E76N52LMW,イベントのみ,1442,8,1217,3819000,10,10,10,10,10,10,10,10,80
YLQKVDHGG,みなとつき,R181MKNX1,みらくらは人生！,1474,17,1217,3819000,10,10,10,10,10,10,10,10,80
455CW4684,キングカズキ,W3YKKRWHG,ルリと愉快な一家,1343,19,1217,3819000,10,10,10,10,10,10,10,10,80
LEWSH3WFU,ぷりぷり,GKR9TEBYC,毎日がホリデイ♪,1685,19,1220,3817000,10,10,10,10,10,10,10,10,80
DZI854CGZ,誾月,WX1DYC9Y1,ラナンキュラス,1354,13,1221,3816000,10,8,9,10,4,9,10,2,62
34J8GIUXF,ロールパン,K25DPPGT9,圧倒的にまったり,1434,18,1222,3815000,10,10,10,10,10,10,10,10,80
4876EHT1Y,壬生,A73H7ENN2,エロマンガ同好会,1498,10,1223,3814000,10,10,10,10,9,10,10,5,74
6HUJ74LGL,GOHAAAAN,NMT63RUDV,泥村,1516,19,1223,3814000,10,10,10,10,10,10,10,10,80
UU610ALX7,NECOTTA,NJBBTCY3A,かにかに！,1171,15,1223,3814000,10,10,10,10,10,10,10,5,75
55J3M6W82,うみうえ,YDYH4VRRP,レンクウ,506,0,1223,3814000,10,8,10,10,10,10,10,5,73
KL0XAGKBC,ホタル,919XF8V2V,蓮之空大三腳,664,4,1227,3813000,10,10,10,10,10,10,10,10,80
5QD5HXI0Z,ソニック,FTY0R8KPH,泥の皆様,1465,17,1228,3812000,10,10,10,10,10,10,10,10,80
KP0B1CD6X,初段,VLY5JDKCV,新規なのだけれど,502,0,1228,3812000,10,10,10,10,5,9,7,5,66
XGJKGUBPY,ゆうき,KULVP7FDR,アニマル分室,1416,3,1228,3812000,10,10,10,10,10,10,10,10,80
FT0GTRT9V,ちゃんす,HE0GK3EPE,瑞蓮プロカ倶楽部,1158,10,1231,3811000,10,10,10,10,10,10,10,10,80
459PSW19L,おり,T4WY63DB9,ういのま,1681,19,1231,3811000,10,10,10,10,10,10,10,10,80
32H9R2UH9,りき,F8MLHU2NV,乙宗梢様､､､,1379,13,1231,3811000,10,10,10,10,10,10,10,10,80
TM3G93TJ3,ヒナ,XLBU65J86,花の壁飾りクラブ,1317,5,1234,3810000,10,10,10,10,10,10,10,10,80
KY1XNTX2L,ローキュー,VLY5JDKCV,新規なのだけれど,1395,18,1235,3809500,10,10,10,10,10,10,10,10,80
LUFG2MJMV,ペルシア,9U8KNU6U9,対抗戦用,1002,11,1236,3809000,10,10,10,10,9,10,10,7,76
MSIM39YXD,ヤシ,1BME38BCD,さすさやクラブ,1578,18,1236,3809000,10,10,10,10,10,10,10,10,80
EQM3PYC53,プリン,R9T0YKDW8,かちまち応援隊,1580,19,1238,3807000,10,10,10,10,10,10,10,10,80
KFI8SP6OE,アンジェ,RF5215M2U,スクステ同好会②,1514,19,1239,3806000,10,10,10,10,10,10,10,10,80
WHC9YENJ2,こあ,3A63DYH54,LLすこすこ部,1145,14,1239,3806000,9,9,10,8,8,7,10,7,68
8ZON7K0AT,hide@FS,2NY9H8BR9,乙宗紅茶館,1296,13,1241,3805000,10,10,10,10,10,10,10,10,80
H9T6UA4HK,くらっちぃ,05KN1RR3U,さやかほ花卉園,1362,19,1242,3804000,10,10,10,10,10,10,10,10,80
LKAXR3J5Y,らすかる,6045Y2RW7,ポチっと！蓮ノ空,1236,19,1242,3804000,10,10,10,10,9,10,10,8,77
DBMUT6YCX,キリ,V8XX999F6,卍蓮村幼稚園卍,1319,16,1244,3803000,10,10,9,10,7,7,10,7,70
FVPWHIUS5,いっしー,X33HHA9F8,アルストロメリア,1421,14,1245,3801000,10,10,10,10,10,10,10,10,80
63GWN43GA,アモモンガ,WAT20PN3Y,こな党,1491,14,1245,3801000,10,10,10,10,10,10,10,10,80
V2DLBNAGW,Espina,MVMP6NNXD,空き時間らくがき,1380,8,1245,3801000,10,10,10,10,10,10,10,10,80
W4JF8NDVV,きゅうり,BCJRMHE75,梢すきすきクラブ,915,3,1248,3800000,10,10,10,10,10,10,10,10,80
ZYB17OTGE,鯛,WTJV514G9,蓮ノ空のお弁当屋,1412,17,1249,3799000,10,10,10,10,10,10,10,10,80
F7A3MHW3F,ゲンヤ,CX967RTGY,おんゆあさーくる,1507,19,1249,3799000,10,10,10,10,10,10,10,10,80
K41PLWG66,gra,0FMM30LCA,無言,798,5,1249,3799000,10,10,10,10,10,10,10,10,80
BCZN6OFG9,あすまぺ,Y6JNPC60C,綴理メイト,1598,19,1252,3798000,10,10,10,10,10,10,10,10,80
3696CQRVA,じょるつん,MVMP6NNXD,空き時間らくがき,1493,13,1253,3797000,10,10,10,10,10,10,10,10,80
0GWYFP0AP,あお2,RF5215M2U,スクステ同好会②,1266,6,1254,3796000,10,10,10,10,10,9,10,10,79
T4KEVPMQ9,高角 ルイ,J0N1E3Y09,月火水木金土日,1284,7,1255,3795000,10,10,10,10,9,9,10,9,77
F1OJJRMRE,ほわぁ,9GDHWXGVG,ルリと花咲く毎日,1318,7,1255,3795000,10,10,9,10,8,8,9,8,72
IZC9276Q3,siromaru,4WWM4VVDK,蓮ノ空遊戯開発部,1497,9,1257,3794000,10,10,10,10,10,10,10,10,80
LE2PGA7A6,しのぶ,G59NGM0XA,シュリーレン,1343,8,1257,3794000,10,10,10,10,10,10,10,10,80
5FUZHUWG4,ASBN,J0N1E3Y09,月火水木金土日,1112,2,1257,3794000,10,10,10,10,10,10,10,10,80
UR751781D,さんかようそ,HBCC35887,そりゃー!!!,831,1,1260,3793000,10,10,6,7,8,8,10,7,66
BY1J6F9G6,ひらり,3BDTCERX6,打ち返した流れ星,1318,16,1261,3792000,10,10,10,10,10,9,10,5,74
FTAX7YK0U,竹井慈英,J5VH363YL,逆Aqours,355,0,1262,3791000,10,10,9,9,6,10,7,3,64
XM6GHV3FC,たかっち,HBK6KCRPP,無言でおけ,1244,18,1262,3791000,10,10,10,10,10,10,10,10,80
EAGHBUWBH,シオン,N2KCENRKH,猫＆旅大好き部,1554,15,1264,3790000,10,10,10,10,10,10,10,10,80
TJE9998C0,ポン兄,RBH0YM8P2,蓮ノ空ラーメン部,1053,7,1265,3787000,6,9,7,10,4,8,6,3,53
NMNWJ8GAQ,ルソー,NMT63RUDV,泥村,1718,19,1265,3787000,10,10,10,10,10,10,10,10,80
4Q0YTUKN1,こうちき,RWARTHA1M,乙宗梢大好き部,1329,18,1267,3785000,10,10,10,10,10,10,10,10,80
NUJYM1WUV,dohho,ABALH0AL3,楽園計画,1495,20,1267,3785000,10,10,10,10,10,10,10,10,80
8LE4FHM3X,neon,K4TAHF9YA,はすっこ準備室,1424,7,1269,3784000,10,10,10,10,10,10,10,10,80
451XUX1KK,！！,2MLF6F0C7,個人用,1432,17,1269,3784000,10,10,10,10,10,10,10,10,80
8XVGBRB0R,言の葉,PBRDPWEY1,村村会,1593,17,1271,3783000,10,10,10,10,10,10,10,10,80
JW6QPV8JC,あるそーやん,FC8NBAJBT,ラー麺二郎金沢店,1759,17,1272,3782000,10,10,10,10,10,10,10,10,80
DWMHF7KEL,サキウサ,2ULM366U6,毎日がエブリデイ,1363,12,1272,3782000,10,10,10,10,10,10,10,10,80
0GNFJ8VJ9,canon,DHBGK1398,となりにこな,1503,15,1274,3779000,10,10,10,10,10,10,10,10,80
YHEGTG118,テンカ,K2L5DCVNR,REAL,1457,11,1274,3779000,10,10,10,10,10,10,10,10,80
BU8K94X61,やそ,5W8RPRVUA,ド！ド！泥！,1406,15,1276,3778000,10,10,10,10,10,10,10,10,80
8VBLF9GS8,火達磨,578YG6EAT,桜桃花束愛聴会,1678,14,1277,3777000,10,10,10,10,10,10,10,10,80
PSW1T3COA,マッキー,GKR9TEBYC,毎日がホリデイ♪,1411,6,1278,3775000,10,10,10,10,10,10,10,10,80
MI25CLQP1,天月,FG5VFFNRK,蓮ノ空おじさん,1351,19,1278,3775000,10,10,10,10,10,10,10,10,80
TMHJD8Y3Y,鮫次郎,NMT63RUDV,泥村,1433,9,1280,3774000,10,10,10,10,10,10,10,10,80
T5FHM6LNR,狐,3MW8HDRTF,秘密結社CKC,1413,19,1281,3772000,10,10,10,10,10,10,10,10,80
C88Q8HAG2,めんつゆ,998H940YN,お嬢様筋トレ部,1238,8,1282,3770000,10,10,10,10,10,10,10,10,80
DCR8TX22K,みんと,V4A5MP41E,徒町チャレンジ！,1350,19,1282,3770000,10,9,10,10,9,10,10,8,76
XKV0YF90Y,おむらいす大将軍,FH7G62PKW,月火水木金土日,1459,17,1282,3770000,10,10,10,10,10,10,10,10,80
MK43XM5R6,ぐらしあ。,AXG81GPMP,蓮ノ空マタギ部,1471,19,1285,3769600,10,10,10,10,10,10,10,10,80
838S79KWG,産屋敷ボンバー,XGK5TRHBA,パチ○コ錬金術部,1688,14,1286,3768000,8,8,10,6,7,6,10,10,65
VP8ALT1CU,どら,48BTAPMBG,蓮ノ空魔術部,1599,20,1287,3766000,10,10,10,10,10,10,10,10,80
MTC3Y7T16,こえたから,79C17CHA2,蓮ノ空出張部,1542,19,1287,3766000,10,10,10,10,10,10,10,10,80
29G2WBO7O,はっち,V8XX999F6,卍蓮村幼稚園卍,1557,19,1289,3765000,10,10,10,10,10,10,10,10,80
FF923R4SA,ユウジロウ,TDHKGHFPA,無言参加○！,1436,7,1289,3765000,10,10,10,10,10,9,10,8,77
NKMMF0AL8,しゅん,FVJABCVP3,瑞蓮ラボ,1393,2,1289,3765000,10,10,10,10,10,10,10,10,80
6U5TF6C0W,タキホ,8M6UDX260,ぽけもん好き,1200,15,1289,3765000,10,10,10,10,10,10,10,10,80
DT57UE7NP,たま,3BE2RELRC,見晴台,1579,7,1293,3758200,10,10,10,10,10,10,10,10,80
9V8F0V7XD,ァィＫ,Y2R7E79U3,カワウソ同好会,1177,19,1294,3758000,10,10,10,10,10,10,10,10,80
M6CXJC0VU,しんげんもち,R181MKNX1,みらくらは人生！,598,2,1295,3757000,10,10,10,10,10,10,10,10,80
V7DTQN04B,タク,CX967RTGY,おんゆあさーくる,1484,16,1296,3756000,10,10,10,10,10,10,10,10,80
KPXR99NRL,早寝早起きマン,79C17CHA2,蓮ノ空出張部,1196,15,1296,3756000,10,10,8,9,9,9,10,8,73
BF3P10G4B,きあ,N1DJVPGP8,いつでも咲けるよ,1388,6,1298,3755000,10,10,10,10,10,10,10,10,80
05J0TPTJ6,せいげん,RF5215M2U,スクステ同好会②,1226,11,1299,3752000,10,10,10,10,10,10,10,10,80
8JFTGIY95,ももか,2ULM366U6,毎日がエブリデイ,1495,6,1299,3752000,10,10,10,10,10,10,10,10,80
53V2U6TCB,きゃみー,9U8KNU6U9,対抗戦用,1493,13,1301,3751000,10,10,10,10,10,9,10,4,73
JWB12P0L3,あなざー,G0WRCNRWK,県立沢庵図書館,1220,11,1302,3750000,10,10,10,10,10,10,10,10,80
6A1R37A8C,なの,573J1JVVK,かほかほ,1107,13,1303,3745000,10,10,10,10,10,10,10,4,74
39Z2746WP,かより,N7GLY2RUW,百生銀行,1378,18,1304,3744000,10,10,10,10,10,10,10,10,80
A24H959V1,やまう,7R8NKPAB1,花帆推し倶楽部,1228,14,1304,3744000,10,10,10,10,10,10,10,10,80
318D0NMN0,たまちゃん,4XRHRYDW4,無言でエンジョイ,1500,11,1304,3744000,10,10,10,10,10,10,10,10,80
BSZL9G19F,よっしい,DHBGK1398,となりにこな,1465,4,1307,3740000,10,10,10,10,10,10,10,10,80
LUVAPPYP0,まぁ,JE7V5MM31,蓮ノ沼に沈んだ泥,1462,16,1307,3740000,10,10,10,10,10,10,10,10,80
E2GK0KCVM,ぱつ,CX967RTGY,おんゆあさーくる,1394,18,1307,3740000,10,10,10,10,10,10,10,10,80
NA96CJ2HT,関西万博の亡霊,R1RM3X0WV,後方腕組みオタク,674,0,1307,3740000,10,10,10,10,9,10,10,9,78
JV2MMT2AF,いお,1GJC67JLM,無言の泥,1275,13,1311,3739200,10,10,10,10,10,10,10,10,80
47E9NM0MC,バルト,79C17CHA2,蓮ノ空出張部,1340,18,1312,3739000,10,10,10,10,10,10,10,10,80
Z01UF5760,はこ,X34LWGL6R,サークル2,1306,16,1313,3737000,10,10,10,10,10,10,10,10,80
UMHMPHJ15,のっぽあご,YADX9DY49,ﾊｽﾉｿﾗｰ,1442,7,1313,3737000,10,10,10,10,10,10,10,10,80
Y4LK489BU,し,7RBMBBY88,瑠璃色金魚,1313,14,1315,3734000,10,10,10,10,10,10,10,10,80
MN74ELNEJ,せりかわ,T48KV9EP2,無言ぱーく,1512,19,1316,3733000,10,10,10,10,10,10,10,10,80
2KA7CXTUM,たま8段,K8C99H42D,ルリと喜ド！愛楽,1257,17,1316,3733000,10,10,10,10,10,10,10,10,80
56L4D83R4,Themis,PBRDPWEY1,村村会,487,0,1318,3732000,10,10,10,10,10,10,10,10,80
8RHDJ2E9D,Zakatin,V26546K3D,乙宗気合筋肉,1410,18,1319,3730000,10,10,10,10,10,10,10,10,80
DE7022HYW,ルビー,RFYKY8DCD,LA.LA.LA,1504,15,1320,3729000,10,10,10,10,10,10,10,10,80
740FWQUNQ,RYUKI,N0EXH1CM1,ぱちぱち徒町,1495,17,1321,3728000,10,10,10,10,10,10,10,10,80
DJPNUHADM,ヨコヤン,HBM31HMUY,YUKIZURI,1162,6,1321,3728000,10,10,10,10,10,10,10,10,80
PK3CH1XXE,なつめ,NMT63RUDV,泥村,1672,15,1323,3726000,10,10,10,10,10,10,10,10,80
JJ0PFAA1T,おこめ,5YXVKDEKV,サークル(仮),702,2,1323,3726000,10,10,10,10,10,10,10,10,80
AL7XRDYCX,βカロチン,1618JMRED,リンクラ自習室,1455,17,1325,3725000,10,10,9,10,10,9,10,8,76
PX25B6CAT,なとりうむ,G0J2F9NAL,さやさやさーくる,1368,1,1326,3723000,10,10,10,10,10,10,10,10,80
YITVM7SHL,s27,HE0GK3EPE,瑞蓮プロカ倶楽部,1568,19,1326,3723000,10,10,10,10,10,10,10,10,80
BSVI4O7H3,ばたく,8R49BTWW6,蓮女お嬢様クラブ,1388,16,1328,3721000,10,10,8,10,9,9,9,5,70
25WU313GT,藤田美弦,BT3GEWM5L,ささやか村の集い,518,0,1328,3721000,10,10,10,10,9,9,10,8,76
PEV5TKWDP,ぺいちんぐ,GCFA4WL28,乙宗梢を愛で隊,547,0,1330,3720000,10,10,10,10,9,10,10,7,76
C3E5301MV,Peer,D7H8MN2U4,LLD,1326,8,1331,3715000,10,10,10,10,10,10,10,10,80
EFK7APTBX,_ま,BPHHYC793,ソロ専の集い,736,0,1332,3714000,6,10,9,10,8,9,7,3,62
F5MYNRGWV,ろこ,BKUHCT7WF,蓮女お嬢様部,1076,11,1332,3714000,10,10,10,10,10,10,10,10,80
RHC6ZXLRQ,No.009,6045Y2RW7,ポチっと！蓮ノ空,1460,16,1334,3713000,10,10,10,10,10,10,10,10,80
P61TV63B0,シャベル,48BTAPMBG,蓮ノ空魔術部,1145,14,1334,3713000,10,10,10,10,10,10,10,10,80
8O1HMMGJ3,shimauo,95TAREFPT,ご自由にどうぞ,1452,19,1336,3711000,10,10,10,10,10,10,10,10,80
GYN68N567,かっつ,HBM31HMUY,YUKIZURI,1422,18,1336,3711000,10,10,10,10,10,10,10,10,80
JUV6TGWYJ,うそぎ,ANCNM0UPK,スクスタ適当部,1519,19,1336,3711000,10,10,10,10,10,10,10,10,80
2C2B7NNM1,Mk-II,HWJ8XPW0T,箱推しなのだけど,1217,18,1339,3710000,10,10,9,10,8,8,10,7,72
B0DWA8L7J,BABA,B2KV0EVPD,蓮ちゅきクラブ,915,2,1339,3710000,10,10,10,10,10,10,10,10,80
2PE3LW741,けんそ,WTJV514G9,蓮ノ空のお弁当屋,1232,17,1339,3710000,10,10,9,10,9,8,10,9,75
N1NX17NP1,toshi,V7768X8AC,せーので！,1494,5,1342,3709000,10,10,10,10,10,10,10,10,80
73OUNPHVO,こう,JTX1G19BP,さやかほ癒し会,1433,13,1343,3707000,10,10,10,10,9,8,10,10,77
8LCHU4WA2,そーじ,0UT59MJ8U,かほすこ同好会,1415,9,1344,3705000,10,10,10,10,10,10,10,10,80
YUSY1HVSS,月ノ瀬,HE0GK3EPE,瑞蓮プロカ倶楽部,1751,20,1344,3705000,10,10,10,10,10,10,10,10,80
8N7S57R4U,ぺけぽん,2ULM366U6,毎日がエブリデイ,1305,11,1346,3704000,10,10,10,10,10,10,10,10,80
JHA2S8IM3,pano,GKR9TEBYC,毎日がホリデイ♪,1603,20,1346,3704000,10,10,10,10,10,10,10,10,80
JKJ7SUKZM,M.A.R.K.,7U20138DB,LGP,1216,2,1346,3704000,10,9,8,9,7,8,10,5,66
8WCEGSZAE,まと,7R8NKPAB1,花帆推し倶楽部,1366,2,1346,3704000,10,10,10,10,10,10,10,10,80
K81OFWD3N,炊きたてライス,PPAHU1TNY,蓮ノ空のんびり部,1451,3,1350,3703000,10,10,10,10,10,10,10,10,80
0T3EUCP82,すてら,8M6UDX260,ぽけもん好き,1232,18,1351,3701000,10,10,10,10,10,10,10,8,78
UV9QYJ5YE,び〜,6XX7GBM0K,ぷちぐる同好会,1647,16,1352,3699000,10,10,10,10,10,10,10,10,80
PG06760H0,KiLlerMI,MTBP3B4GM,ふらわーすきすき,1167,6,1352,3699000,9,10,7,10,10,9,9,4,68
7ZW228ZPT,レイン,51CF1LTGY,ラ研連合,1297,15,1354,3698000,9,10,9,10,9,10,10,8,75
M1CI452K7,クロノ,VP0K6KF0K,蓮ノ空大好き!!,1556,19,1355,3697000,10,10,10,10,10,10,10,10,80
SDO1X5IAP,ramen,PDMPF3VVV,r/LL,1336,7,1355,3697000,9,9,10,7,9,9,9,7,69
49R4M93J6,くしん,KXU941RFJ,梢先輩おめでとう,1428,17,1357,3696000,10,10,10,10,10,10,10,10,80
PJWWM7VB6,すいみんみん,6XX7GBM0K,ぷちぐる同好会,1505,2,1357,3696000,10,10,10,10,10,10,10,10,80
MH4I5LCZJ,ほく,X0TFG829Y,ボクのおうち,596,0,1359,3695000,9,9,10,9,8,10,9,3,67
2KWFKGUSL,しっこく,976BY5JWK,ハルカカナタ,1223,13,1360,3692000,8,10,10,10,8,10,9,6,71
5A5HAO3GF,ふあ,Y1TFAEJ7M,蓮みっこ,1533,19,1361,3691000,10,10,10,10,10,10,10,10,80
NDP9R92MX,川口,VKNVG1K0B,おさかなサークル,1249,3,1361,3691000,10,10,10,10,10,10,10,9,79
7H13P2EPG,せとか,6XX7GBM0K,ぷちぐる同好会,1516,19,1361,3691000,10,10,10,10,10,10,10,10,80
S44PA6B73,しずく饅頭,LY0XPW7NL,同棲概念強火派,1696,15,1364,3686000,10,10,10,10,10,10,10,10,80
QX387MI7P,じろさく,VP0K6KF0K,蓮ノ空大好き!!,1411,5,1365,3685000,10,10,10,10,10,10,10,10,80
BITKA7GHG,ゆう,948FLPMPN,まったりハス煮〜,1080,13,1366,3679000,9,8,8,10,8,6,7,6,62
PE4EU1BE7,アーク,48BTAPMBG,蓮ノ空魔術部,949,12,1367,3678000,10,10,10,10,10,10,10,10,80
LH75E5TGT,ぷろりん,0UT59MJ8U,かほすこ同好会,1646,16,1367,3678000,10,10,10,10,10,10,10,10,80
D924RYHM2,Take,976BY5JWK,ハルカカナタ,1487,19,1369,3674000,10,10,10,10,10,10,10,10,80
K91PWCFYC,たまご,YFADYJVW4,FPS好きクラブ,1276,9,1370,3672000,10,10,10,10,8,10,10,7,75
RSOOU0EWR,エスエフ,998H940YN,お嬢様筋トレ部,1542,16,1371,3671000,10,10,10,10,10,10,10,10,80
JB08G6KR8,うまいぼう^〜^,F90XW14UP,のんびりプレイ,783,2,1371,3671000,10,10,9,8,7,7,8,6,65
YEET86CN8,ぷるお,MTU201EEF,吟,565,1,1371,3671000,10,10,10,10,10,10,10,10,80
KTKJ81E5V,ミヤモッティ,9YM3DBTB7,泥民館,1002,9,1374,3668000,10,10,10,10,10,10,10,10,80
6IADOMDIU,りんがゔぇー,GVT61ATX0,なのだけれど,1449,13,1374,3668000,10,10,10,10,10,8,8,10,76
PJ68GMD3M,ෆ ̖́-じょせ,CX967RTGY,おんゆあさーくる,1293,17,1374,3668000,8,10,9,8,10,8,7,2,62
X2ISOX2W3,LumiA,HBUK6F7CC,乙宗梢なりきり部,1414,6,1377,3665000,10,10,10,10,10,10,10,10,80
7DKMEGBI6,ほかほかさやかほ,05KN1RR3U,さやかほ花卉園,1674,13,1377,3665000,10,10,10,10,9,10,10,9,78
9WVX5W6OD,くろすけ,WTJV514G9,蓮ノ空のお弁当屋,1461,19,1379,3662000,10,10,10,10,10,9,10,10,79
M0YA9ALMJ,ナンチャン,8FR866PRY,蓮っ子みらくラブ,1492,14,1380,3661000,10,10,10,10,10,10,10,10,80
0BRFLRCPA,ウッチ,X7YM9EG8K,伝統の石川地酒,534,0,1381,3657000,10,10,10,10,10,10,10,10,80
XMA2W9E4E,アルフ,2VJG66JTH,まったり,1282,19,1382,3655000,10,10,10,10,10,10,10,10,80
P3KUFWHUX,にくがり,KT4C59NXG,めぐ島,1454,17,1382,3655000,10,10,10,10,10,10,10,10,80
WAP5Y9RMW,old,0FMM30LCA,無言,756,4,1382,3655000,10,10,10,10,10,10,10,10,80
IC3L6B080,たっつん,H0DV3JJGA,かほさやてぇてぇ,1745,6,1385,3653000,10,10,10,10,10,10,10,10,80
TF3UGM2I8,たけＤ,V6DV6KETG,梢好き好きクラブ,1564,19,1386,3652000,10,10,10,10,10,10,10,10,80
HGP8DLFAB,たみ,KT4C59NXG,めぐ島,1373,7,1386,3652000,10,10,10,10,10,10,10,10,80
MS2NP6PUZ,くろまる,YCTM6RYDP,金沢おでん同好会,1583,6,1388,3651000,10,10,10,10,10,10,10,10,80
MDS3JLIP9,マヤしゃま,B5V2LNN43,WMW,1461,19,1389,3650000,10,10,10,10,10,10,10,10,80
ABKWHHU3E,かたなし,GYG7B5R36,幼馴染同好会,1304,19,1390,3649000,10,10,10,10,10,10,10,10,80
JCPJ3JCW4,閃空,7R8NKPAB1,花帆推し倶楽部,1499,19,1391,3648000,10,10,10,10,10,10,10,10,80
GHXAUM56B,ゆ,9FF5JBNDF,めぐすきクラブ,1197,17,1392,3646000,9,9,9,10,9,9,8,6,69
27004J3L2,まっつぁん,AH27N260E,百生信託銀行,1506,16,1392,3646000,10,10,10,10,10,10,10,10,80
PMFQ33W76,ティワワ,4RY75CKM4,LLすこ部　メ募,1629,10,1394,3644000,10,10,10,10,10,10,10,10,80
792K5TKXF,TMY「,NMT63RUDV,泥村,1562,6,1395,3643000,10,10,10,10,10,10,10,10,80
O3DN8GJGI,シャンハイ,VU0UYYA8K,蓮ノ空日野下厩舎,1084,12,1396,3642000,10,9,9,7,8,7,8,5,63
C561PY927,まよこ,95YCCGJJG,あまね部蓮同好会,873,2,1397,3637000,10,10,10,10,10,10,10,10,80
K151UE9OE,uma,4RY75CKM4,LLすこ部　メ募,1541,2,1398,3634000,10,10,10,10,10,10,10,10,80
A2IN5CWL7,きこ,YE7CX8RNP,蓮ノ大三十角,1724,19,1398,3634000,10,10,10,10,10,10,10,10,80
A2AFNK3F0,やっしゅん,W3YKKRWHG,ルリと愉快な一家,1547,19,1398,3634000,10,10,10,10,10,10,10,10,80
YS9DZKQ9V,アザラシ,BKUHCT7WF,蓮女お嬢様部,1403,15,1401,3632000,10,10,10,10,10,10,10,10,80
GHEBPK8M7,BLAZE,0UT59MJ8U,かほすこ同好会,1483,19,1402,3630000,10,10,10,10,10,10,10,10,80
DPK12D7YW,けんぼー,N1JM7M3YC,丘側,1330,15,1402,3630000,10,10,10,10,10,10,10,10,80
20MN614RB,らんちやん,Y6JNPC60C,綴理メイト,1212,9,1402,3630000,10,10,9,9,10,9,8,9,74
OUEUK5ABE,ユキ,PLBBEX019,待機室目指し隊,1551,14,1405,3628000,10,10,10,10,10,10,10,10,80
JRDCRMA1H,しばいぬ,KA1249N3H,沼津倶楽部,1386,14,1406,3627000,10,10,10,10,10,10,10,10,80
UET18LDX0,まなる,FG4170141,♪さやか愛好会♪,1257,11,1407,3626000,10,10,10,9,9,8,10,7,73
HGNPDWCRK,片桐,G59NGM0XA,シュリーレン,928,1,1408,3625000,8,10,9,9,8,9,8,10,71
6R3CBH7KB,まーしぃ,Y2HV0YEF7,蓮ノ空を応援し隊,1587,14,1409,3624000,10,10,10,10,10,10,10,10,80
B1F0B03DC,Tsuki,3FF3NB77X,せーはす愛好会,1503,19,1409,3624000,10,10,10,10,10,10,10,10,80
87HHNCP84,こおり,CTW8DKV5P,まったり,1034,8,1411,3623000,8,9,10,10,7,10,10,9,73
66VFZ9V1V,「」止已,NMT63RUDV,泥村,1707,19,1412,3622000,10,10,10,10,10,10,10,10,80
UZRS5HZOE,RX-178,PLBBEX019,待機室目指し隊,1364,10,1413,3620000,10,8,9,8,7,8,9,5,64
ZHOZOTSRT,りょー,D7H8MN2U4,LLD,1456,12,1413,3620000,10,10,10,10,10,10,10,10,80
BH72RJ8M3,ハル,9RYR14H9L,ソロマターリ,1260,17,1415,3618000,10,10,10,10,9,8,8,2,67
FF5OWY051,たみふる,8M6UDX260,ぽけもん好き,1516,16,1415,3618000,10,10,10,10,10,10,10,10,80
VGYP5JAA1,丘,D7UA5ER1E,UR報酬欲しい！,1420,20,1415,3618000,10,10,10,10,10,10,10,10,80
F6FKCB48N,ぺりらもち,BT22M41DV,梢花帆吟子同好会,1315,15,1418,3617600,10,10,10,10,10,10,10,10,80
JBN6N91UN,BiBiっときた,5YXVKDEKV,サークル(仮),1184,19,1419,3615000,10,10,9,10,10,10,10,10,79
9DN39ABXR,じぐないん,RWARTHA1M,乙宗梢大好き部,1657,15,1420,3613000,10,10,10,10,10,10,10,10,80
WPYW07BAU,ねこまる,J7N4W6Y1K,こずミックラブ♡,1154,14,1421,3611000,10,9,7,10,6,7,10,2,61
V60A86X1Y,んみ,6045Y2RW7,ポチっと！蓮ノ空,1511,19,1422,3607000,10,10,10,10,10,10,10,10,80
TG7P5G630,はいぼ,N8L41JAA7,無言 ノルマなし,1242,19,1423,3606000,10,10,10,10,10,10,10,10,80
LI5W29N3T,SUZUKI,9YM3DBTB7,泥民館,1368,12,1423,3606000,10,8,10,10,9,10,10,9,76
O09FKXO4F,リボン,6BFC4G5YG,蓮ノ空足湯同好会,1333,19,1423,3606000,10,10,10,10,9,10,10,7,76
YXWLCFUQD,Joe,4XRHRYDW4,無言でエンジョイ,1574,11,1426,3605000,10,10,10,10,10,10,10,10,80
I8IKENW22,ねく,7NJM1VURM,らんるん部。,1582,20,1427,3602000,10,10,10,10,10,10,10,10,80
GDEW209B6,さくら,KXU941RFJ,梢先輩おめでとう,1263,7,1427,3602000,10,10,10,10,10,10,10,10,80
HY34E4YKX,風,7R8NKPAB1,花帆推し倶楽部,1336,11,1429,3598600,10,10,10,10,10,10,10,10,80
B7UHN1DBC,Xavier,W26TRPM1R,めぐ党藤島派,1345,11,1430,3598000,10,10,10,10,8,10,10,5,73
BZQC2ZBFE,星桜,CV62FGL1U,花咲かせ隊,1437,15,1431,3597000,10,10,10,10,10,10,10,10,80
H28HW286V,みょん,JTX1G19BP,さやかほ癒し会,1443,13,1431,3597000,10,10,10,10,10,10,10,10,80
87F3LFJBA,ゆーき,WEKXHR1VK,散らない蓮の華,653,0,1433,3596000,10,10,10,10,10,10,10,10,80
35D98PBRW,ミン,BT3GEWM5L,ささやか村の集い,1212,17,1434,3593000,10,10,10,10,9,10,10,6,75
VH8JFBP48,freed,GWGDMA3YC,初心者無言自由だ,1398,14,1434,3593000,10,10,10,10,10,10,10,10,80
DKCU5911H,あんこ,YCTM6RYDP,金沢おでん同好会,1493,18,1436,3590000,10,10,10,10,10,10,10,10,80
8R4LC8G2A,ブラウ,BCJRMHE75,梢すきすきクラブ,1445,19,1436,3590000,10,10,10,10,10,10,10,10,80
RRZI5J5JE,ささよし,GPKTRBCTT,騎空団蓮ノ空支部,1577,3,1438,3589000,10,10,10,10,10,10,10,10,80
7XEGPND3C,センニン,75FVVYR5B,身内クラブ,573,3,1438,3589000,10,10,10,10,8,10,10,6,74
YA1XP8AGP,たろー,HBK6KCRPP,無言でおけ,1519,19,1438,3589000,10,10,10,10,10,10,10,10,80
G9KY68ADP,よっしー,JE7V5MM31,蓮ノ沼に沈んだ泥,1422,1,1441,3588000,10,10,10,10,10,10,10,10,80
FJ2JC4VL8,きりの,UX96YX4T1,『位置について』,1123,15,1442,3586000,10,10,10,10,10,10,10,10,80
PCNZSCMJ3,もりでー,4XRHRYDW4,無言でエンジョイ,1602,18,1443,3583400,10,10,10,10,10,10,10,10,80
KEUT2YHCJ,はちしき,FH7G62PKW,月火水木金土日,1140,14,1444,3582000,10,10,10,10,10,10,10,10,80
3UUFFQO14,ちびっ子,48BTAPMBG,蓮ノ空魔術部,1601,20,1445,3579000,10,10,10,10,10,10,10,10,80
8M3DAHAEP,成成 戌,BCJRMHE75,梢すきすきクラブ,1458,7,1446,3578000,9,10,7,9,8,8,10,7,68
XDFELVLT9,ふぃりあ,GR65FP8VN,蓮好き,722,0,1447,3577000,10,10,9,9,9,9,9,3,68
KNQ2IUHFM,ハムP,PDMPF3VVV,r/LL,1084,9,1448,3572000,10,10,10,10,10,10,7,7,74
58LD8VV05,万有グラビティ,N7GLY2RUW,百生銀行,861,7,1449,3571000,10,10,10,10,10,10,10,10,80
JWXNPLH2D,かすてら,49AMYCXCD,ルドベキア,1340,2,1449,3571000,10,10,10,10,10,10,10,10,80
6W52NNH20,sakku,B4ADNM80X,山本組,854,6,1451,3570000,10,10,10,10,10,10,10,10,80
8AGBKMS6H,もっぴぃ,J7N4W6Y1K,こずミックラブ♡,1553,20,1452,3569000,10,9,7,10,6,7,10,7,66
I1WK36QNA,テレンス,WX1DYC9Y1,ラナンキュラス,1339,16,1452,3569000,10,10,9,10,9,9,10,7,74
064PJH5PB,かいける,KXB93FVTR,ブルームガーデン,1608,8,1452,3569000,10,10,10,10,10,10,10,10,80
RS50914EE,てDTM,6045Y2RW7,ポチっと！蓮ノ空,1386,2,1455,3567000,10,10,10,10,10,10,10,10,80
8AFUU1045,ZERO02,M67ACEP3M,オーバーブースト,1234,0,1455,3567000,10,10,10,10,10,10,10,10,80
TX3PNRFW0,shin,B5V2LNN43,WMW,1352,6,1455,3567000,10,10,10,10,10,10,10,10,80
2VLMDZ5IV,かむぺー,3A63DYH54,LLすこすこ部,1343,1,1458,3566000,9,10,9,10,8,8,10,6,70
LOEPVFKXL,ひろたやす,RFYKY8DCD,LA.LA.LA,1753,19,1458,3566000,10,10,10,10,10,10,10,10,80
WN09JWH6E,からあげうどん,N8L41JAA7,無言 ノルマなし,1121,7,1460,3565000,10,10,10,10,10,10,10,10,80
ZGJ44DOBJ,tomatore,X7C21B7H7,泥,1487,4,1461,3564400,10,10,10,10,10,10,10,10,80
N5U5H5DCX,シューマイ,1DU9LCND7,蓮ノ空すこやか部,1271,12,1462,3563000,10,10,9,10,10,8,10,6,73
5NNOWJSXP,さわ,7B07VRW2N,藤島メグミルク㈱,1385,15,1463,3562000,10,10,10,10,10,10,10,10,80
MYKFLEDG8,ヤスキ,0B8RTHY4D,のんびり屋さん,1484,13,1464,3561000,10,10,10,10,10,10,10,10,80
P1253CJ83,なります,M4D0VP1XT,蓮ノ空痛車部,1373,16,1464,3561000,10,10,10,10,10,10,10,10,80
L0R1T0XBE,MYAO,K4TAHF9YA,はすっこ準備室,1400,3,1466,3558000,10,10,10,10,10,10,10,10,80
E0O5CT7SM,sato,PPAHU1TNY,蓮ノ空のんびり部,1546,12,1467,3556000,10,10,10,10,10,10,10,10,80
L3TYEDPGM,ぷりに,9P9EPKFHE,無言参加OK,658,0,1467,3556000,9,10,10,10,7,8,10,6,70
8PJVU3ICH,らぴるん,YADX9DY49,ﾊｽﾉｿﾗｰ,1444,19,1469,3555000,10,10,10,9,10,10,10,10,79
Q2MYOIEZV,Ey,NC2YT2V28,蓮之愛同予者何人,1588,19,1469,3555000,10,10,10,10,10,10,10,10,80
616F680B7,じょにー,6BFC4G5YG,蓮ノ空足湯同好会,1614,2,1471,3551000,10,10,10,10,10,10,10,10,80
UBA8NDEUF,かでお,3BDTCERX6,打ち返した流れ星,1141,11,1472,3549000,10,10,10,10,10,10,10,10,80
FGBAF868U,たかな,GXR6C85BT,花帆ちゃん親衛隊,1707,18,1472,3549000,10,10,10,10,10,10,10,10,80
J4XJC9BNX,れいみお,NA8FEYN0M,蓮ノ空飲酒クラブ,1028,11,1474,3548000,10,10,10,10,10,10,10,10,80
FHXIUK8T4,•_•,G0J2F9NAL,さやさやさーくる,1497,18,1475,3547000,10,10,10,10,10,10,10,10,80
96SGBF1Y6,おかぴ,C6V311T2P,LotuSky,1442,17,1476,3546000,10,10,10,10,10,10,10,10,80
CIG88XHJP,日向（ひなた）,5C2EVBBC1,まったり蓮ノ空,1396,19,1477,3545000,10,10,10,10,10,10,10,10,80
YM74EV7TW,かっちゃん,JTX1G19BP,さやかほ癒し会,1284,8,1477,3545000,10,10,10,10,10,10,10,10,80
H8B209M8Y,bd波導,J800VVPTN,Aqours,1366,14,1477,3545000,10,10,8,10,10,10,10,7,75
E0H7KX5F4,ひこ,HBUK6F7CC,乙宗梢なりきり部,1412,5,1480,3544000,10,10,10,10,10,10,10,10,80
Y9YN0J7LU,Rafa天使,7XH3K4GBT,LLP,1148,19,1480,3544000,8,8,10,10,7,6,10,4,63
YAVRF19YD,b,N1DJVPGP8,いつでも咲けるよ,1364,8,1480,3544000,10,10,10,10,10,10,10,10,80
18TAN85P6,アルちゅ,WCL6R1ANU,無所属の会,569,2,1483,3542000,8,10,10,7,8,6,6,5,60
3O33FUW42,クリムゾン孔雀,9GDHWXGVG,ルリと花咲く毎日,1599,19,1484,3540000,10,10,10,10,10,10,10,10,80
DVCXGXU3N,あらんといん,2NY9H8BR9,乙宗紅茶館,1380,11,1485,3539000,10,10,10,10,10,10,10,10,80
YM4P09F31,とれてる,WN3LHKX0L,レンコンおいしい,824,0,1485,3539000,10,10,10,10,7,7,9,4,67
7J35LPAK6,ぜんざい屋,GN1798YEX,ド!ド!同好会,1435,7,1487,3538000,10,10,10,10,10,10,10,10,80
2WMNYNRU9,ゆゆもふ,51L89PJCB,もふもふ,1002,13,1488,3537800,10,10,10,10,10,10,10,10,80
NFXWH51T4,そら,KT4C59NXG,めぐ島,1397,14,1489,3536000,10,10,10,10,10,10,10,10,80
67BY50B65,ほにほ,57HNJ07NK,みらぱ推活最前列,1531,19,1489,3536000,10,10,10,10,10,10,10,10,80
NW13DWUTV,とも,R9T0YKDW8,かちまち応援隊,1355,16,1489,3536000,10,10,10,10,10,10,10,10,80
XVYB0A9NW,しゅんぱな,P2J37FNLG,乙宗先生指導会,650,1,1492,3534000,9,10,8,10,8,8,7,5,65
UFB005M05,バーゼ,DPKMP06M5,仮,757,3,1493,3528000,10,10,10,10,6,10,10,10,76
STS2ZF786,SAK,8FR866PRY,蓮っ子みらくラブ,1233,12,1493,3528000,8,10,10,9,7,8,8,2,62
4XB2JUHXW,バジはくまい,CV62FGL1U,花咲かせ隊,1434,5,1495,3526400,10,10,10,10,10,10,10,10,80
BAM3IRQNY,Zero,RWARTHA1M,乙宗梢大好き部,1342,14,1496,3526000,10,10,10,10,10,10,10,10,80
SMO8LHD6F,ゴリニキ,L3NN1RWMY,アポロベイ海賊団,1448,13,1497,3525000,10,10,10,10,10,10,10,10,80
HAT3CGDP4,ツキダ,2NY9H8BR9,乙宗紅茶館,1340,13,1498,3523000,10,10,10,10,10,10,10,10,80
C4KHHI0XS,カルト,UCF93JAPM,スワンプマン,1702,19,1499,3522000,10,10,10,10,10,10,10,10,80
5W2L3RG6M,あさひ,XXVVJY6FE,はぴぱれ,1109,12,1500,3521000,10,10,10,10,10,10,10,10,80
3DK4BALBB,inoi,D7H8MN2U4,LLD,1387,8,1501,3519000,10,10,10,10,10,10,10,10,80
1AHHP3A9V,リン,YRPE642UK,(。・ω・),938,4,1502,3517000,7,8,10,10,6,5,6,2,54
KDK5LML51,*-Doni-*,YFADYJVW4,FPS好きクラブ,1246,19,1502,3517000,6,9,10,10,6,10,9,2,62
3QJG5IBCU,顔デカキンちゃん,948FLPMPN,まったりハス煮〜,1036,13,1504,3516000,7,8,10,10,3,10,10,2,60
CV0F9DANL,とぅすお,V26546K3D,乙宗気合筋肉,1400,11,1505,3515000,10,10,10,10,10,10,10,10,80
ZA2F8HP15,Zi9ma,KGDNX3EF3,ENcircle,1155,4,1505,3515000,10,10,9,9,9,7,10,7,71
YJ6XMPJT5,れる,4RY75CKM4,LLすこ部　メ募,1451,17,1507,3514000,10,10,10,10,10,10,10,10,80
WM0BNWMWN,浅葱,48BTAPMBG,蓮ノ空魔術部,1664,19,1508,3511000,10,10,10,10,10,10,10,10,80
QKB6JFPJ4,ふぁふま,WX1DYC9Y1,ラナンキュラス,1538,11,1508,3511000,10,8,10,8,2,10,1,2,51
VNF3FHCBR,グリード,8R49BTWW6,蓮女お嬢様クラブ,1223,10,1510,3509000,10,10,10,10,10,10,10,10,80
CJ77DG0DE,ひじり,3LPBPHL3V,壁の民の伝説,1545,0,1511,3508000,10,10,10,10,10,10,10,10,80
GBGN1EYNY,esca,H0DV3JJGA,かほさやてぇてぇ,1232,8,1511,3508000,10,10,10,10,9,9,10,8,76
XPJX9YM1G,くぬぎ,NRK4MV1C1,茅バール,976,3,1511,3508000,8,10,10,9,8,10,10,5,70
FSXL0ZX51,えっちゅう,NJBBTCY3A,かにかに！,1347,13,1514,3507400,10,10,10,10,9,9,9,8,75
H49UXG0TR,Houseki1,18YYNRFGA,LotusSky,1111,11,1515,3507000,9,10,10,7,8,9,9,5,67
EK0XXP482,きり〜こ,8R49BTWW6,蓮女お嬢様クラブ,1385,19,1516,3505500,10,10,10,10,10,10,10,10,80
IL0YUCRSU,ばいお,HBUK6F7CC,乙宗梢なりきり部,1661,19,1517,3505000,10,10,10,10,10,10,10,10,80
5IZGYSDGG,かわい,WTJV514G9,蓮ノ空のお弁当屋,1499,18,1517,3505000,10,10,10,10,10,10,10,6,76
FB9R8J4XY,あみたん,Y2R7E79U3,カワウソ同好会,1459,17,1519,3504000,10,10,10,10,10,10,10,8,78
AR5VWPKV5,みらくらぽーく,F8MLHU2NV,乙宗梢様､､､,1319,17,1520,3501000,10,10,10,10,10,10,10,10,80
VH2PV4JEP,さといもの,4TALX5GJ6,ライグラ体験会場,1134,12,1520,3501000,9,10,8,10,8,3,10,10,68
Q6VQENDXG,ゼット,9DKR4Y2CJ,蓮ノ空老人会,1722,19,1522,3499000,10,10,10,10,10,10,10,10,80
KFBI2VLIM,Jun,AND13836G,乙宗梢親衛隊,1569,19,1522,3499000,10,10,10,10,10,10,10,10,80
51JKTXYGL,みずきち,8VGXWTV3U,R.opRizm,1420,19,1524,3496000,10,10,10,10,10,10,10,10,80
8NUNT9NTA,れん,CV62FGL1U,花咲かせ隊,1467,6,1524,3496000,10,10,10,10,10,10,10,10,80
1AAATY0UG,コニー,38KAJGDGU,異次元シャニP,1270,15,1524,3496000,10,10,10,10,10,10,9,7,76
6TCAMC79P,ろんぐほーん,GW4CH70HK,TKG同好会,1525,11,1527,3495000,10,10,10,10,10,10,10,10,80
AP7F00GN1,デンチ,WHWT61ELR,【無言】ハスノソ,1348,10,1528,3494000,10,10,10,10,10,10,10,10,80
L5WXR0V9Y,にっ2,25PMPEMG7,星見プロ,1370,15,1528,3494000,10,10,10,10,10,10,10,10,80
PH2NH2JMT,タヒ,V26546K3D,乙宗気合筋肉,1417,16,1530,3493000,10,10,10,10,10,10,10,10,80
810ME3RPP,チゃうチゅーる,G59NGM0XA,シュリーレン,1329,19,1531,3492000,10,10,10,10,10,10,10,10,80
MXA03HLC3,リ　ン　ク　ラ,GGCKK69C9,リ　ン　ク　ラ,1227,14,1532,3491000,10,10,10,9,9,9,10,9,76
M81TVHMDU,翔真,R1RM3X0WV,後方腕組みオタク,656,0,1533,3490000,10,10,10,10,10,10,10,10,80
5J5KKRPKY,かなた,WHWT61ELR,【無言】ハスノソ,1236,18,1533,3490000,10,10,10,10,10,10,10,8,78
MT3MMMA66,そのっち,CX967RTGY,おんゆあさーくる,1256,17,1535,3488000,9,10,10,9,9,10,10,5,72
Y9137OB91,ぜにまる,EYN9H9N16,蓮すきすきクラブ,1614,15,1535,3488000,10,10,10,10,10,10,10,10,80
2PTVHGACF,あんやと侍,CX967RTGY,おんゆあさーくる,1461,15,1537,3487000,10,10,10,10,10,10,10,10,80
11KTBRTA3,ngu,N0EXH1CM1,ぱちぱち徒町,940,6,1538,3486000,10,10,10,10,10,9,8,6,73
XPRR2C3RM,カル,4FXPC55PY,PPIHクラブ,1273,19,1539,3485000,10,10,10,10,10,10,9,9,78
P05O92106,キットモット,M5LHG6R4T,乙宗動物園,1649,12,1539,3485000,10,10,10,10,10,10,10,10,80
SUNQBR49F,チャロニー,48BTAPMBG,蓮ノ空魔術部,1368,19,1541,3484000,10,9,8,9,9,9,10,9,73
E4GEBDA1R,Valerius,8JMW9G2XW,僕らのリンクラ！,728,0,1541,3484000,10,10,10,10,10,10,9,5,74
UZL6IVC1A,ふにゃ,V6DV6KETG,梢好き好きクラブ,1421,14,1541,3484000,10,10,10,10,10,10,10,10,80
O6H2GPUB0,いのうえ,0TKFF5EG3,サークル名募集中,1380,13,1541,3484000,10,10,10,10,10,10,10,10,80
DE5UYEDHQ,なつめ,8M6UDX260,ぽけもん好き,1394,15,1541,3484000,10,10,10,10,10,10,10,10,80
CHLCVOL10,れあす,CX967RTGY,おんゆあさーくる,1130,10,1546,3483000,10,10,10,10,10,10,10,10,80
B2XNVVE45,North,7U20138DB,LGP,1373,1,1547,3481000,10,10,10,10,10,10,10,10,80
8WDIULRSE,白虎,51CF1LTGY,ラ研連合,1505,19,1548,3480000,10,10,10,10,10,10,10,10,80
TG7EGU3PX,パトリック・雄平,BCJRMHE75,梢すきすきクラブ,1140,7,1549,3479000,10,10,10,10,10,10,10,10,80
2NG5J0C38,かず,5C71R2VCV,蓮輪会(仮),603,0,1550,3478000,10,10,10,10,10,10,10,10,80
63AJ2C8JK,ながれぼし,VLY5JDKCV,新規なのだけれど,1157,15,1551,3473200,10,9,10,10,10,7,10,8,74
I6WKWUIAK,おおべ,RFYKY8DCD,LA.LA.LA,1468,10,1552,3473000,10,10,10,10,10,10,10,10,80
HJ3L58KME,まっつん,GVT61ATX0,なのだけれど,1333,17,1553,3472000,10,10,10,10,10,10,10,10,80
SX8DOUXI8,リリーフ,6045Y2RW7,ポチっと！蓮ノ空,1408,18,1554,3471000,9,10,10,9,9,9,10,9,75
HUR667CEB,もりすちゃんさん,AH27N260E,百生信託銀行,1206,17,1555,3470000,10,10,10,10,10,10,8,8,76
ONG0YLGRM,でぇーき@めぐ党,RF5215M2U,スクステ同好会②,1586,16,1556,3468000,10,10,10,10,10,10,10,10,80
YD9ABLEN2,ガハラ,F8MLHU2NV,乙宗梢様､､､,1433,19,1557,3467000,10,10,10,10,10,10,10,10,80
KK9Y4REU9,ジュン,VD7N7A4WH,氷青色,1507,17,1557,3467000,10,10,10,10,10,10,10,10,80
TFLG9WJ4A,海苔夫,8MTLYLH9F,木星月華黄金宮,1057,7,1559,3465600,10,10,10,10,10,10,10,10,80
BB9YZQI9Y,どんでん,2NY9H8BR9,乙宗紅茶館,1756,6,1560,3465000,10,10,10,10,10,10,10,10,80
W5XCH27LY,クロ,WTJV514G9,蓮ノ空のお弁当屋,1074,3,1561,3464000,10,10,10,10,10,10,10,10,80
6HB9UU73G,肉@ひーちゃん神,R181MKNX1,みらくらは人生！,1317,19,1562,3463700,10,10,10,10,10,10,10,10,80
XCE9FSAGE,ナギサ,HBUK6F7CC,乙宗梢なりきり部,1279,13,1563,3461000,9,10,7,10,8,7,10,6,67
WM3IY4Z36,wdgms,NT2KU5174,こずかほ。,1558,10,1564,3459900,10,10,10,10,10,10,10,10,80
6EWA1MEX7,メロンペンギン,1C2GN787H,℃！℉！度！,1009,8,1565,3459000,10,10,10,10,10,10,10,10,80
BYEJNUWCG,sakotti,KGY709ULG,蓮の花束,620,4,1566,3458000,10,10,10,10,10,10,10,10,80
T9LWGZSB4,Sammomo,BELCUYCMH,蓮hkg香港分部,1314,19,1566,3458000,10,10,10,10,10,10,10,10,80
UOCMXFPIR,飛鳥,WHWT61ELR,【無言】ハスノソ,1266,17,1568,3455000,9,10,10,8,8,8,9,6,68
7JYP28F29,苺牛乳,CM5THHYHB,「」ノ空だけれど,1776,20,1569,3454200,10,10,10,10,10,10,10,10,80
Z6R8RPXPA,おいりょ,CX967RTGY,おんゆあさーくる,1615,17,1570,3453000,10,10,10,10,10,10,10,10,80
H0PPXLLP8,やざし,M6UPWJ6DU,蓮結ぶ虹と星の音,1281,6,1571,3451000,10,10,10,10,9,8,10,8,75
00P6ZFILR,でにっしゅ,RFYKY8DCD,LA.LA.LA,1477,19,1572,3448000,10,10,10,10,10,10,10,10,80
0SRIPZOMK,k46,CM5THHYHB,「」ノ空だけれど,1600,5,1572,3448000,10,10,10,10,10,10,10,10,80
95R5B0MW2,ゆゆ,GGK2P93JK,きゃらめる,634,0,1574,3447000,10,10,10,10,10,10,10,10,80
B6HUQLL2V,Kashio,BWD9U1EJ2,蓮之空中国同好会,1410,20,1575,3446000,10,10,10,10,10,10,10,10,80
9L8A47NPK,大坪あなご,FG5VFFNRK,蓮ノ空おじさん,1562,12,1576,3444000,10,10,10,10,10,10,10,10,80
6WD9HFP2A,ちゃそ,ABU58EVJ2,Quatuor,1364,17,1576,3444000,10,10,10,10,10,10,10,10,80
F6IEEOKBJ,まっつん,HPTHY23VR,蓮ノ空文芸部,1342,9,1578,3442800,10,10,10,10,10,10,10,10,80
HXLWR75NA,ミント,E5JKTW00K,蓮ノ空まったり部,592,1,1579,3442000,10,10,10,10,7,10,10,2,69
7A25KTNAE,あずにゃん,8M6UDX260,ぽけもん好き,546,0,1580,3440000,9,10,9,9,8,8,10,6,69
WWE7K3BRH,あき,JE7V5MM31,蓮ノ沼に沈んだ泥,1591,18,1581,3439000,10,10,10,10,10,10,10,10,80
4VC078U6J,バサバサ,6045Y2RW7,ポチっと！蓮ノ空,1215,18,1582,3438000,10,10,10,10,9,5,10,5,69
NXRK2PX0U,ネヒ,573J1JVVK,かほかほ,1186,14,1582,3438000,10,10,10,10,10,10,10,10,80
HKS3VLG9Y,Ryu.,B2KV0EVPD,蓮ちゅきクラブ,1348,8,1584,3437000,7,10,7,10,8,8,8,8,66
OC4GF3LF1,ゆとり,P2J37FNLG,乙宗先生指導会,1377,15,1585,3435000,9,9,7,8,6,8,8,2,57
G6T8NE4HN,こんふりー,Y2HV0YEF7,蓮ノ空を応援し隊,1212,12,1585,3435000,10,10,9,5,7,4,5,4,54
HL5X52HY8,ダークリユニオン,TDHKGHFPA,無言参加○！,1123,12,1587,3433000,10,9,10,8,7,10,10,6,70
LRXZC9FGZ,HIRORO,2NY9H8BR9,乙宗紅茶館,1403,10,1588,3430000,10,10,10,10,10,10,10,7,77
IJFIDA2MT,ちゃぴ,LW7MG1ERX,まったりプレイ,1484,19,1589,3429000,10,10,10,10,10,10,10,10,80
0JY76AJ88,こんがり,F8MLHU2NV,乙宗梢様､､､,1413,17,1589,3429000,10,10,10,10,10,10,10,10,80
LYWSVY32L,しらの,6WJW7R1TD,さやこずノ休日,1336,19,1589,3429000,10,10,10,10,10,10,10,10,80
NHEX8MVBN,あんか,HE0GK3EPE,瑞蓮プロカ倶楽部,1104,15,1592,3427000,10,10,10,10,10,10,10,10,80
NJIKFN9TC,彩丸,T2XRMGEAE,蓮根無言会,1339,12,1593,3426000,10,10,10,10,8,10,10,10,78
5LTYV6RWU,みあ,GXR6C85BT,花帆ちゃん親衛隊,1535,18,1593,3426000,10,10,10,10,10,10,10,10,80
2ESEUE909,やまやま,3194B9E93,初心者寄り合い所,1170,10,1593,3426000,9,10,9,9,9,7,10,5,68
XO322P711,あち,B647MRPHR,壁の民女学院,1537,20,1593,3426000,10,10,10,10,10,10,10,10,80
NN1EGQEYN,射撃魔,2NY9H8BR9,乙宗紅茶館,1398,7,1597,3421000,10,10,10,10,10,10,9,9,78
GVYNT65U1,スバるん,YE7CX8RNP,蓮ノ大三十角,1570,17,1598,3420000,10,10,10,10,10,10,10,10,80
CEDKNVJFN,ユウト,V6DV6KETG,梢好き好きクラブ,1081,1,1599,3419000,10,10,10,10,10,10,10,10,80
M2UH3KDU2,ましろん,RF5215M2U,スクステ同好会②,1370,19,1600,3417000,9,9,10,10,9,10,10,5,72
MR7TRFR7R,しろん,06DCWC1RE,とりあえず参戦用,1307,0,1601,3415000,10,10,10,10,10,10,10,10,80
MLCJGLANM,えすえすさん,FTY0R8KPH,泥の皆様,1289,17,1601,3415000,10,10,10,7,5,9,9,2,62
E5K2H3401,ロイド,W3YKKRWHG,ルリと愉快な一家,530,0,1603,3414000,9,8,10,10,10,8,6,5,66
HPW1ANKLW,きぶぎす,48BTAPMBG,蓮ノ空魔術部,1082,15,1604,3413000,10,9,8,10,8,10,7,5,67
HCCN656H4,おもち,G0J2F9NAL,さやさやさーくる,673,2,1604,3413000,10,10,10,9,9,9,10,8,75
JW37MK191,ぽぽろん,J8HXTJ8TB,流し素麺同好会,1362,12,1604,3413000,10,10,10,10,10,10,10,10,80
BSGRWC7TI,けんたす,WHWT61ELR,【無言】ハスノソ,1481,15,1607,3410000,10,10,10,10,10,10,10,9,79
N261CPLVA,めーさー,72J5PWU5K,ライグラ待機室,1277,7,1608,3408000,10,9,8,9,6,9,6,2,59
CKRW2M0L3,たる,L28X4MDJN,アフター観たいぞ,645,0,1608,3408000,10,10,10,10,10,10,10,10,80
1XKH0A405,きょす,HBM31HMUY,YUKIZURI,319,0,1610,3407000,10,10,10,10,10,10,10,10,80
E3AQ0R2WD,リョチャノ,MTBP3B4GM,ふらわーすきすき,1484,15,1610,3407000,10,10,10,10,10,10,10,10,80
K26X1412V,エリオ,HPTHY23VR,蓮ノ空文芸部,1407,15,1612,3406000,10,10,10,10,10,10,10,10,80
B68B763AR,jadestar,1DU9LCND7,蓮ノ空すこやか部,1291,11,1612,3406000,10,9,10,10,6,10,10,6,71
RBOS9CUIB,たわ,W3YKKRWHG,ルリと愉快な一家,1551,17,1612,3406000,10,10,10,10,10,10,10,10,80
GLUP3RFD3,Azu,948FLPMPN,まったりハス煮〜,1336,18,1615,3404000,10,10,10,10,10,10,10,10,80
3CUF2RF7K,大和銀,V7768X8AC,せーので！,1548,19,1615,3404000,10,10,10,10,10,10,10,10,80
M2YAWFRX9,Syn,8JMW9G2XW,僕らのリンクラ！,1601,18,1617,3398000,10,10,10,10,10,10,10,10,80
A7AWUK1ET,かがみん,06DCWC1RE,とりあえず参戦用,1428,18,1617,3398000,10,10,10,10,10,10,10,10,80
VM5FHWG3T,いてつ,8M6UDX260,ぽけもん好き,1450,12,1619,3397000,10,10,10,10,10,10,10,10,80
EHT22K9PX,やまもと。,0TKFF5EG3,サークル名募集中,1458,18,1619,3397000,10,10,10,10,10,10,10,10,80
PE3A9A268,スイカバー,BKUHCT7WF,蓮女お嬢様部,1275,7,1621,3396000,10,10,10,10,8,8,10,10,76
ME2W2BCWH,まっきー,2NY9H8BR9,乙宗紅茶館,1578,19,1622,3394000,10,10,10,10,10,10,10,10,80
VV8RPP6PX,umeo,WN5B7VKPU,きんぴられんこん,1596,18,1623,3393000,10,10,10,10,10,10,10,10,80
X8TE22AK9,わいさん,N7GLY2RUW,百生銀行,799,2,1624,3392000,10,10,10,10,10,10,10,10,80
9IZXQRGW7,雲雀,0UT59MJ8U,かほすこ同好会,1389,0,1624,3392000,10,10,9,10,9,9,9,8,74
W2CHB7C5M,ぬまくら,6045Y2RW7,ポチっと！蓮ノ空,1509,2,1624,3392000,10,10,10,10,10,10,10,10,80
HCUXVQHTK,会長,02XNKDH8X,せーはすの雑用係,957,2,1627,3389000,10,7,8,8,8,7,6,5,59
WWUKMWALP,ゆーむ,25PMPEMG7,星見プロ,1292,10,1628,3388000,10,10,10,10,10,10,10,10,80
ZBUDOU3B0,凸,N1JM7M3YC,丘側,1772,19,1629,3387000,7,7,7,10,6,7,6,6,56
A137DF5RP,エト,HKETDDCK6,ぼっちざ蓮!!,766,4,1630,3386000,7,9,8,4,5,6,5,2,46
H0L7E34YK,つしま,GPKTRBCTT,騎空団蓮ノ空支部,1278,13,1631,3385800,10,10,8,10,9,8,10,7,72
371BE8VD3,シュリ,HBUK6F7CC,乙宗梢なりきり部,1328,19,1632,3385000,7,8,6,8,8,8,7,4,56
PR8HYP78J,hrgn,W26TRPM1R,めぐ党藤島派,1268,7,1633,3384000,10,10,10,9,9,10,10,8,76
FZFUYLW6P,とも,79C17CHA2,蓮ノ空出張部,1636,4,1633,3384000,10,10,10,10,10,10,10,10,80
JUXSX3AKW,フィア,W3F0URUJC,梢先輩応援団,1403,16,1635,3383000,10,10,10,10,10,10,10,10,80
7T92E39GY,かーりー,NMT63RUDV,泥村,1467,5,1636,3382000,10,10,10,10,10,10,10,10,80
TXULLMP3J,ねこみや,8R49BTWW6,蓮女お嬢様クラブ,1418,19,1636,3382000,10,10,10,10,10,10,10,10,80
FKVUW0K7Q,TA93,Y2HV0YEF7,蓮ノ空を応援し隊,1691,18,1638,3380000,10,10,10,10,10,10,10,10,80
2XIASO3ML,もの。,95031TR10,ひめぎん文化会館,1333,6,1638,3380000,10,10,10,10,10,10,10,10,80
UMVG7J10Y,おーたー,EPWMMAXNY,蓮ちゃん初心者,1468,5,1638,3380000,10,10,10,10,10,10,10,10,80
6FHMBRYXM,峯岸みなみ,7R8NKPAB1,花帆推し倶楽部,1421,19,1641,3377000,10,10,10,10,10,10,10,10,80
JOUPM059M,りよ,NJBBTCY3A,かにかに！,1320,15,1642,3375000,10,10,9,10,10,9,10,8,76
15SG7U55F,るいん,TKVR3KU7L,ネギトロTKG,1435,17,1643,3373000,10,10,10,10,10,10,10,10,80
9HG3AN9PE,しいたけ,GXR6C85BT,花帆ちゃん親衛隊,1586,19,1643,3373000,10,10,10,10,10,10,10,10,80
4M7NBKFMB,ｷｭﾍﾞﾚｲ,MTBP3B4GM,ふらわーすきすき,1397,12,1645,3372000,10,10,10,10,10,10,10,10,80
2FM79ACN8,弟子,R9T0YKDW8,かちまち応援隊,1184,19,1646,3369000,10,10,10,10,7,10,10,6,73
S9K0MFOPI,あかつき,B5V2LNN43,WMW,1572,16,1647,3367000,10,10,10,10,10,10,10,10,80
AKMY82517,いずのあい,HE0GK3EPE,瑞蓮プロカ倶楽部,1834,19,1648,3366200,10,10,10,10,10,10,10,10,80
7F66LJW76,るぺお,B4ADNM80X,山本組,1206,13,1649,3366000,10,10,10,10,10,10,10,5,75
DES39P1DL,前ウィをみよう,FK5MUK0ET,くる♡すきクラブ,1660,14,1650,3365800,10,10,9,8,8,7,9,5,66
8L8U66ARE,ねぎてん,2KJ2UEC3P,ういちゅけクラブ,613,1,1651,3365000,10,10,10,10,10,10,10,10,80
ECBW60733,どんぶり,VP0K6KF0K,蓮ノ空大好き!!,716,1,1652,3364000,10,10,8,8,9,7,10,8,70
742U62G5F,wasin,43HRXMXWA,無言OKクラブ,1218,13,1653,3362000,10,10,9,10,8,8,10,6,71
BY66WNX39,ぴんくぱーかー,2VJG66JTH,まったり,1088,6,1654,3357000,10,10,10,10,10,10,10,10,80
0J9VGUGRR,TAKA,GN1798YEX,ド!ド!同好会,1505,19,1655,3356000,10,10,10,10,10,10,10,10,80
JCDJV6CK2,もぐたん,PLBBEX019,待機室目指し隊,689,2,1656,3352000,4,10,8,9,5,7,8,4,55
C7Y1GWTCF,マサムネ,MTBP3B4GM,ふらわーすきすき,1268,19,1656,3352000,10,10,10,10,10,10,10,10,80
RWVJDCP2R,元大学院生,V7768X8AC,せーので！,1465,15,1658,3351000,10,10,10,10,10,9,10,10,79
ZP8FL308E,楓,M1DLCR0R8,花帆護サークル,1134,3,1659,3349000,10,10,10,10,10,10,10,5,75
FG3GU6GA5,震,YFADYJVW4,FPS好きクラブ,1458,15,1659,3349000,10,9,10,10,9,10,10,9,77
B95E9URBE,はぎの,N1DJVPGP8,いつでも咲けるよ,1265,18,1659,3349000,10,10,10,10,9,8,10,7,74
D4H57USEN,全粒粉クッキー,NMT63RUDV,泥村,1167,13,1659,3349000,9,7,7,10,8,7,10,4,62
KW3PTXL8A,ゆう,YVV9CMBLW,東京公演で沼落ち,817,5,1663,3348000,10,8,10,10,9,10,5,7,69
V7D0CO8AN,Sugar,HBK6KCRPP,無言でおけ,1665,13,1664,3347000,10,10,10,10,10,10,10,10,80
2ZAR0NTWL,のと,R1RM3X0WV,後方腕組みオタク,1549,19,1665,3346000,10,10,10,10,10,10,10,10,80
LTL9AB7MF,マーシー,N83DW3NYG,†極最強倶楽部†,746,2,1666,3345900,10,10,10,10,10,10,10,9,79
SR9B7FZ1N,ガストロン,48BTAPMBG,蓮ノ空魔術部,1393,16,1667,3345000,10,10,10,10,10,10,10,10,80
1XCGA0FBK,常温の水ぅ,XE8513HNP,喫茶カワウ空✨,1433,12,1667,3345000,10,10,10,10,10,10,10,10,80
O5F2U26VB,Amiz,9FF5JBNDF,めぐすきクラブ,1566,19,1667,3345000,10,10,10,10,10,10,10,10,80
I46WRW3TG,ツペル,7R8NKPAB1,花帆推し倶楽部,1397,16,1670,3342000,10,10,9,10,10,10,10,9,78
DZD7E4Z46,チャックん,J8HXTJ8TB,流し素麺同好会,1651,6,1671,3339000,10,10,10,10,10,10,10,10,80
83665R5ET,のら,LAP2W049X,りんひな愛好会,1146,0,1672,3338300,10,10,10,10,10,10,10,10,80
L5DTVDFV4,しろ,95031TR10,ひめぎん文化会館,607,0,1672,3338300,9,10,10,10,7,10,6,2,64
KAEXJ7XT6,打ち師ナイン,RF5215M2U,スクステ同好会②,1291,18,1674,3338000,10,10,10,10,10,10,10,10,80
J3MUDCBCP,しゅか,W3YKKRWHG,ルリと愉快な一家,621,5,1675,3337000,10,10,10,10,10,10,10,10,80
2288GCGEH,ふへほはひさん,EYN9H9N16,蓮すきすきクラブ,1800,19,1676,3335000,10,10,10,10,10,10,10,10,80
CUU3XUXP2,やよい,9YM3DBTB7,泥民館,1389,13,1676,3335000,10,10,10,10,10,10,10,10,80
P4TMNDXTW,水色,R181MKNX1,みらくらは人生！,1291,16,1678,3333000,10,10,10,10,10,10,10,10,80
MFPXKQJDR,Stig,HBUK6F7CC,乙宗梢なりきり部,1263,4,1678,3333000,10,10,10,9,9,9,9,5,71
YD8BH8Y4W,りぜ,KXU941RFJ,梢先輩おめでとう,768,2,1680,3332000,10,10,10,10,10,10,10,10,80
D9XG8NKP9,どんどこ,2B97MH4YA,同じ話し何回も…,945,4,1681,3331000,8,8,9,5,6,5,7,7,55
XB6RJBL35,モコスケマータ,DFXN9DB2H,どんぐり共和国,1145,13,1682,3328000,10,8,10,10,8,8,10,7,71
BJC3OIEGV,まよせ,2B97MH4YA,同じ話し何回も…,1429,16,1683,3326000,10,10,10,10,10,10,10,10,80
1PO8KIG7E,なしこ,YCTM6RYDP,金沢おでん同好会,1478,10,1684,3323000,10,10,10,10,10,10,10,10,80
SC3DMU71Q,Mラティ,GW4CH70HK,TKG同好会,1425,19,1685,3322000,10,10,10,10,10,10,10,10,80
BGHQZ7N7W,の〜ヴぁ♪,GKR9TEBYC,毎日がホリデイ♪,1770,19,1685,3322000,10,10,10,10,10,10,10,10,80
JE52769YD,0000,573J1JVVK,かほかほ,964,7,1685,3322000,10,10,10,10,10,10,10,10,80
K8T210D90,はんでぃー,HPTHY23VR,蓮ノ空文芸部,555,0,1688,3321000,10,9,10,8,9,10,8,5,69
1XRDP2AEC,ののみえる,W26TRPM1R,めぐ党藤島派,1095,11,1688,3321000,10,10,10,10,10,10,10,10,80
320HQ510M,ぴよ,6XX7GBM0K,ぷちぐる同好会,1621,17,1688,3321000,10,10,10,10,10,10,10,10,80
ISDSOLWC3,kenny,B5V2LNN43,WMW,1439,16,1688,3321000,10,10,10,10,10,10,10,10,80
FCG17HTDC,カニカイ,9FF5JBNDF,めぐすきクラブ,1688,19,1692,3320000,10,10,10,10,10,10,10,10,80
JMOWWJBZA,ミ四,05KN1RR3U,さやかほ花卉園,1569,3,1693,3319000,10,10,10,10,10,10,10,10,80
P1NGK9I41,ラピート,DHKUGEWBJ,めぐ党虹ヶ咲支部,1334,17,1694,3318000,8,10,6,10,10,9,9,5,67
YGULHQHOJ,乃亜,95TAREFPT,ご自由にどうぞ,1362,18,1694,3318000,10,10,10,10,10,10,10,10,80
QRNF67KE7,まの,ABU58EVJ2,Quatuor,1467,18,1694,3318000,10,10,10,10,10,10,10,10,80
9W29TH6TH,マロングラッセ,B9B9MFAM1,スローライフ,1140,14,1697,3315000,10,10,8,10,6,6,8,8,66
XULX036T1,敗北者,J0PT5EX42,スクスタモ部,723,1,1697,3315000,10,10,10,10,10,10,10,10,80
W4H1WK52M,小さいことり,J800VVPTN,Aqours,927,4,1699,3314000,10,10,10,10,10,10,10,10,80
720AHHAPK,6xtu,BXGNMY466,ライグラ用,894,12,1700,3313000,10,10,8,10,9,9,10,7,73
NIDAR0ZYH,MST,C0NDBKMRB,すりぃずぶぅ家,1219,15,1700,3313000,10,10,9,10,7,6,6,4,62
BWJGUA4J7,Gray,17AEM7PUN,SIFcord,532,0,1702,3312000,10,9,10,10,8,9,10,7,73
829MRGK09,じん,N8L41JAA7,無言 ノルマなし,1211,19,1702,3312000,10,10,9,10,9,9,10,5,72
WZ5XYVPP1,トイトイ,79C17CHA2,蓮ノ空出張部,1526,15,1704,3308000,10,10,10,10,10,10,10,10,80
J37DIXIZI,ぽそ,HMBW9DXY2,蓮好き皆あつまれ,1557,19,1704,3308000,10,10,10,10,10,10,10,10,80
0K698VPKP,ショウ,Y2HV0YEF7,蓮ノ空を応援し隊,1419,15,1706,3307000,10,10,10,10,10,10,10,10,80
V3WPA1H92,umi,4URND90YY,参加賞狙い,1232,19,1706,3307000,10,10,10,10,10,10,10,10,80
2TMBXYL4T,"Mirai,A",YBEGLUD1U,団子より花宮,1225,7,1708,3306000,10,10,10,10,10,10,10,10,80
7HUTLH24X,からすみ,07JW71HWG,良いチケで観よう,1653,19,1709,3302000,10,10,10,10,10,10,10,10,80
J3KYNTYL0,のわ,9GDHWXGVG,ルリと花咲く毎日,1099,15,1710,3299000,4,6,10,8,3,10,5,2,48
MY2KK91G9,スタートレック,07JW71HWG,良いチケで観よう,1073,12,1711,3297000,10,10,10,8,9,8,10,8,73
MEVAY9GIT,ポイントマン,KXU941RFJ,梢先輩おめでとう,1627,16,1712,3296500,10,10,10,10,10,10,10,10,80
GGU78Z4C2,ホルティの栄光イ,G59NGM0XA,シュリーレン,1445,19,1713,3296000,9,10,8,9,10,9,10,8,73
TA02490KL,ホシノヒツギ,J800VVPTN,Aqours,1194,18,1714,3293000,10,10,10,8,7,7,10,8,70
9IFI84VC4,海未,YFADYJVW4,FPS好きクラブ,1485,19,1715,3292000,10,10,10,10,9,6,10,10,75
8GW2FV60X,KAZIKI,2NY9H8BR9,乙宗紅茶館,663,0,1716,3291000,10,10,10,10,9,10,10,9,78
88R8E6HHD,れい,9R15VM25A,考え中,581,1,1717,3289000,10,10,10,10,9,10,4,3,66
H751C4668,バンビ,GPNHEGM8H,卯月軍団,1181,9,1718,3288000,10,9,10,10,10,10,10,9,78
Z4UQWX99L,にっと,KT4C59NXG,めぐ島,1616,18,1719,3287000,10,10,10,10,10,10,10,10,80
UM2LVWXA3,れのあ,9YM3DBTB7,泥民館,1224,8,1720,3286400,9,9,8,9,9,8,10,8,70
G42764ZEJ,マモ,HBK6KCRPP,無言でおけ,1335,10,1721,3286000,10,10,9,10,8,10,10,5,72
MCLPXRE1E,ファラオ,1DU9LCND7,蓮ノ空すこやか部,1500,19,1721,3286000,10,10,10,10,10,10,10,10,80
XDNMCG7D2,びーえふ,J8HXTJ8TB,流し素麺同好会,1006,2,1723,3285000,10,10,9,10,9,10,10,10,78
JJXM4A4JB,アオヒヤマ,X7C21B7H7,泥,1534,20,1724,3284000,10,10,10,10,10,10,10,10,80
9X0V760V1,あずにゃん王子,4FXPC55PY,PPIHクラブ,1247,18,1724,3284000,10,10,9,10,10,10,10,9,78
KKTOHZMAK,Kimi,L1VGJTD5P,蓮ノ空お茶会部,1249,13,1726,3279000,10,10,10,10,9,9,10,9,77
7W1HV2AE9,Toric,919XF8V2V,蓮之空大三腳,630,2,1726,3279000,10,10,10,7,7,6,5,3,58
DI2V2Q647,紙乃　アリカ,HBK6KCRPP,無言でおけ,1382,19,1728,3277000,10,10,10,10,10,10,10,10,80
EG94I1088,星野ユウカ@村人,WX1DYC9Y1,ラナンキュラス,1413,18,1728,3277000,9,10,9,9,10,10,10,7,74
G21F8V98J,zonef,ABALH0AL3,楽園計画,547,0,1730,3276000,10,10,10,10,10,7,10,2,69
8WGX53VC1,mooan,A7WWE0463,蓮ノ空初心者部,1273,8,1731,3273000,10,10,10,10,10,10,10,10,80
68NUMPMT7,akari,YFADYJVW4,FPS好きクラブ,983,4,1732,3271000,10,8,10,10,8,10,8,6,70
MC5OZXTQF,しぐつき,9GDHWXGVG,ルリと花咲く毎日,1335,20,1733,3269900,10,10,10,10,10,10,10,10,80
N1W147J20,こあ3.0,95031TR10,ひめぎん文化会館,1186,12,1734,3267000,9,10,9,10,8,8,8,8,70
5D40MOFIU,つづこず世界,WCL6R1ANU,無所属の会,1463,11,1734,3267000,9,10,10,10,8,10,10,10,77
A38PD3WNK,お麩,D7H8MN2U4,LLD,857,2,1734,3267000,10,10,10,10,10,10,10,10,80
XIZ2APUWH,モサ,Y7X2MNH1U,いとまき団,1098,18,1734,3267000,10,10,10,10,10,10,10,10,80
NL6XJH6HR,＊あまの たつ＊,95031TR10,ひめぎん文化会館,1407,16,1734,3267000,10,10,10,10,10,10,10,10,80
DU4D4YVRK,あやや,W3YKKRWHG,ルリと愉快な一家,1181,10,1739,3265000,10,9,10,10,9,9,10,6,73
5NBPJN76W,恥は人生の掻捨,1KDUBW4HB,めぐ党0番,646,0,1739,3265000,10,10,10,10,10,10,10,10,80
6CE9TCMQ2,トーヤ,XJK5GD94X,フリーダム,1368,1,1739,3265000,10,10,10,10,10,9,10,7,76
AGAG7AJE9,ルーク,YCTM6RYDP,金沢おでん同好会,1479,9,1742,3264000,10,10,10,10,10,10,10,10,80
Q9QU9VOPD,せつ菜,WBXF9XXW7,さやつづ愛でる会,1421,20,1743,3262000,10,10,10,10,10,10,10,10,80
EJHLCHP8O,めぐみアキ,PDMPF3VVV,r/LL,1321,11,1744,3261000,10,10,10,10,10,10,10,10,80
7BDWE6NJD,ふかちん,M6UPWJ6DU,蓮結ぶ虹と星の音,1177,10,1745,3260400,8,10,8,7,7,7,9,4,60
YIGSDJFDL,あっきー,YCTM6RYDP,金沢おでん同好会,1637,15,1746,3258500,10,10,10,10,10,10,10,10,80
4EBD1N9VT,矢島春香,GN1798YEX,ド!ド!同好会,1371,1,1747,3258000,10,10,10,9,9,8,10,4,70
C8J195ETT,Ayumu,NC2YT2V28,蓮之愛同予者何人,1357,13,1748,3257000,10,10,10,10,9,9,10,8,76
YQMHPVTF8,柊木黎,AG9PKMMC3,ぱかぱか同好会,1519,19,1748,3257000,10,10,10,10,10,10,10,8,78
8DF676UYE,みさちか,998H940YN,お嬢様筋トレ部,1229,10,1748,3257000,10,10,10,10,10,10,10,10,80
JK8Y8X25P,suzme,GWGDMA3YC,初心者無言自由だ,706,5,1751,3256000,10,10,10,10,10,10,10,10,80
OTSRGJSHM,バスガイド,PLBBEX019,待機室目指し隊,1478,19,1751,3256000,10,10,10,10,10,10,10,10,80
HVZQZHLCK,ようか,5DT38JWAK,麦穂動物園,1457,19,1753,3253000,10,10,10,10,10,10,10,10,80
Q9HEOVJ6E,さくら,AE3L01V24,LOVE蓮ノ空,1487,15,1753,3253000,10,10,10,10,10,10,10,10,80
ZMS3ZL64Z,サン,7B0W0EWVA,ソロの為の避難所,1385,10,1755,3252800,10,10,10,10,10,10,10,10,80
6AN5JGM4R,けっと,0YLUK30K6,蓮っコの集い,740,3,1756,3252000,8,10,10,10,9,6,7,2,62
BM5T77G16,RSAT721,BPHHYC793,ソロ専の集い,934,6,1757,3251000,9,10,8,9,8,8,6,5,63
7TQ0F31K6,こらそん,1BME38BCD,さすさやクラブ,1669,18,1757,3251000,10,10,10,10,10,10,10,10,80
9T9WJC91B,五十嵐竜馬,N0EXH1CM1,ぱちぱち徒町,1381,18,1759,3250000,10,10,10,10,10,10,10,10,80
QME72YK24,かん,HBM31HMUY,YUKIZURI,1452,9,1760,3249000,9,10,10,10,8,10,10,7,74
3SZ5ASO9V,まんとる,RNJ306W6N,日曜日よりの使者,1258,11,1761,3248000,9,10,9,9,8,8,9,4,66
YRYBVERHB,いるかす,R9T0YKDW8,かちまち応援隊,1206,13,1762,3247000,10,10,10,10,10,10,10,10,80
VDAWF6H8B,はなもえ,919XF8V2V,蓮之空大三腳,963,3,1762,3247000,10,10,10,8,7,10,8,6,69
NUURJ1ZXW,Ayu*,HBM31HMUY,YUKIZURI,1280,14,1764,3246000,10,10,10,10,10,10,10,10,80
PB41XUMNF,みわ,PUJ0ERCMW,蓮ノ空倶楽部,1676,20,1765,3245800,10,10,10,10,10,10,10,10,80
5PN7563GB,レダクターゼ,3194B9E93,初心者寄り合い所,628,2,1766,3244000,10,10,10,10,9,10,10,6,75
8AC2HIXUM,チカモン,V26546K3D,乙宗気合筋肉,1530,12,1767,3243000,10,10,10,10,10,10,10,10,80
QMTRT7QBS,みかん星人,JA2C658FW,さや綴理の村人,1327,12,1767,3243000,10,10,10,10,10,10,10,10,80
69R8MTU12,サテツ,WBW66DMUB,るりめぐ研究所,1135,4,1769,3241400,10,10,10,10,10,10,10,10,80
Y3NQF0DZ3,あくあくLOVE,BCJRMHE75,梢すきすきクラブ,1697,19,1770,3239500,10,10,10,10,10,10,10,10,80
RY2VRH8RA,サコク,NDGW77R2V,こず花帆尊い,825,9,1771,3238000,10,8,10,8,9,10,8,8,71
ULXJ0U2HV,きりはろりーた,2NY9H8BR9,乙宗紅茶館,1260,18,1772,3235000,10,10,10,10,10,10,10,10,80
2Z7X24VY9,陽菜を護る騎士,WAT20PN3Y,こな党,1673,17,1773,3233800,10,10,10,10,10,10,10,10,80
RVR79LTVM,みかん,BCJRMHE75,梢すきすきクラブ,1230,19,1774,3233000,10,9,10,10,7,10,7,7,70
2D9LO6NAU,ナカユウ,3HDDYR4FU,旅人,630,0,1774,3233000,9,8,7,8,6,10,10,5,63
PN1BVA6D1,バッドサプライズ,X7C21B7H7,泥,1582,18,1776,3232000,10,10,10,10,10,10,10,10,80
3W6393R8A,ジャック,Y6JNPC60C,綴理メイト,1366,19,1776,3232000,10,10,9,10,10,9,9,2,69
MLKBKXYGF,りょーや,W3YKKRWHG,ルリと愉快な一家,1286,15,1778,3231900,10,10,10,10,10,10,10,10,80
3T1R0XWWX,ケイト,KGY709ULG,蓮の花束,723,3,1779,3231000,10,10,10,10,10,10,10,10,80
40NR7VRO2,WAICW,FH7G62PKW,月火水木金土日,1548,20,1779,3231000,10,10,10,10,10,10,10,10,80
P5UU1U4YW,ヒロ,JTX1G19BP,さやかほ癒し会,1585,11,1779,3231000,10,10,10,10,10,10,10,10,80
2E12D17AK,Humit,HB9AU9DJJ,聖心党,819,4,1782,3229000,10,7,8,7,7,9,7,8,63
6LO0F9Z96,ガイア,JDAG79TG7,百合ノ空観察部,1567,8,1782,3229000,10,10,10,10,10,10,10,10,80
8LWYYA2N8,さとつぺ,2NY9H8BR9,乙宗紅茶館,959,8,1784,3226000,10,10,10,10,10,8,2,2,62
DF4T3MJW6,takofly,0H64RCBD0,シャットダウン？,1088,13,1785,3223000,10,8,8,9,7,8,8,6,64
N85MGWGJA,りなてん,7R8NKPAB1,花帆推し倶楽部,930,0,1786,3222600,10,10,10,10,10,10,10,10,80
SXSILMCVK,三青了一,F2M746D4B,頑張らないクラブ,1736,19,1787,3221000,10,10,10,10,10,10,10,10,80
VN1LJWNWL,黒閃,V830CTTX3,日野下後輩,741,2,1788,3218000,10,8,10,10,8,5,4,2,57
S87DWXVO8,トロノ,Y7KJ3PM8P,蓮すきすき同好会,1303,7,1789,3217000,10,10,10,10,10,10,10,10,80
EL7DU08BP,ずらかね,9UKKACGDU,蓮っ子CLUB,1452,16,1790,3216000,10,10,10,10,10,10,10,10,80
4HQD30FDE,える,998H940YN,お嬢様筋トレ部,1315,18,1791,3215000,8,7,10,6,8,10,10,1,60
F595EB6AJ,キャンド,06DCWC1RE,とりあえず参戦用,551,0,1791,3215000,10,10,10,10,10,10,10,10,80
RYDAMJ5G0,23ten。,H0DV3JJGA,かほさやてぇてぇ,1163,7,1793,3214000,10,10,10,10,10,10,10,10,80
4U8JF7WBG,ズミさん,WTJV514G9,蓮ノ空のお弁当屋,1581,16,1794,3209000,10,10,10,10,10,10,10,10,80
X71NGMNS1,トア,1618JMRED,リンクラ自習室,633,1,1794,3209000,5,10,10,10,7,5,10,6,63
8M4CNXUD1,果汁,7U20138DB,LGP,1339,18,1796,3208000,10,10,10,10,10,10,10,10,80
W7EKV8YWG,激しく栃木,KXB93FVTR,ブルームガーデン,1067,8,1797,3207000,9,8,7,10,8,7,8,5,62
3QI1XP4JG,クマタロー,V7768X8AC,せーので！,1618,10,1798,3206000,10,10,10,10,10,10,10,10,80
BEPU4MXRY,れたす,7AATUNUPE,無言サークル,1422,16,1798,3206000,10,10,10,10,10,10,10,10,80
A9PBDJNKL,旅人,Y2HV0YEF7,蓮ノ空を応援し隊,1335,19,1798,3206000,10,10,10,10,10,10,10,10,80
UKY9F5UK0,ゆっきー,3LAFHDKE5,こずさや保護者会,1276,6,1801,3204000,8,10,7,8,7,8,10,8,66
HAOYSJ2IY,メル,RWARTHA1M,乙宗梢大好き部,1570,19,1801,3204000,10,10,10,10,10,10,10,10,80
YH1NN06WH,味噌メガネ,HBUK6F7CC,乙宗梢なりきり部,1311,17,1803,3203400,10,10,10,10,10,10,10,10,80
HG16MJA04,Yonami,05KN1RR3U,さやかほ花卉園,634,0,1804,3203000,10,10,10,10,10,10,10,10,80
PUKLROKQE,柴舟,NA8FEYN0M,蓮ノ空飲酒クラブ,1551,2,1804,3203000,10,10,10,10,10,10,10,10,80
ZGOA5WHV4,おってぃ,D7H8MN2U4,LLD,1517,10,1806,3199000,10,10,10,10,10,10,10,10,80
N1VYE9J05,さとう,GYG7B5R36,幼馴染同好会,746,0,1807,3195800,10,10,10,10,10,10,10,10,80
M9E0RKUTX,SaBer,WCL6R1ANU,無所属の会,652,0,1808,3195000,10,10,10,10,7,8,10,4,69
Y2UKYBPKF,くろごま,N1DJVPGP8,いつでも咲けるよ,786,4,1808,3195000,10,10,10,10,10,10,10,10,80
HMVAPHPN5,yabush,FV38N1J23,イベント用,1385,4,1810,3194800,10,10,10,10,10,10,10,10,80
8H201Y481,エステル,V6DV6KETG,梢好き好きクラブ,1530,19,1811,3194000,10,10,10,10,10,10,10,10,80
6X3LMM5NH,ズライカ,X7C21B7H7,泥,1722,15,1812,3191800,10,10,10,10,10,10,10,10,80
19838U7YT,のぞやま,G6EH0KHT7,なんもわからん,1287,17,1813,3191000,10,10,10,10,10,10,10,10,80
FGKX5HNWH,ミルクヒーコー,W2GV4016W,カフェオレすこ,664,0,1814,3189000,10,10,10,10,10,10,10,10,80
GGSXCRXWS,Yotamamo,4FR887RVF,わたし魚,1384,9,1815,3180000,10,10,10,10,9,10,10,8,77
VL5H09GYG,201♡217,GYG7B5R36,幼馴染同好会,1323,19,1816,3174900,9,10,10,10,7,9,10,8,73
J4XUNAHWW,sive松,9JTF508LB,スクスタ亡霊部,1200,1,1817,3174000,10,10,10,10,10,10,10,10,80
3BCDLXU6V,こいの。,7U20138DB,LGP,1402,10,1818,3173000,10,10,8,10,8,9,9,8,72
2MKYLKGDX,アク,BXGNMY466,ライグラ用,1110,11,1818,3173000,9,10,10,7,8,7,10,8,69
IEBYCC1D7,ひめぎんは無い,HGEY536HW,ひめぎんは無い,1675,15,1820,3168000,10,10,10,10,10,10,10,10,80
V0FNA2XDA,ミレット,9GDHWXGVG,ルリと花咲く毎日,1429,16,1821,3167000,10,10,10,10,10,10,10,10,80
721UVHN8X,いこあん,FG5VFFNRK,蓮ノ空おじさん,1425,19,1821,3167000,10,10,10,10,10,10,10,10,80
JIJ88YMLN,アドリー,HBM31HMUY,YUKIZURI,1423,17,1823,3166000,10,10,10,10,10,10,10,10,80
PK3AW6240,わやちよ,R9T0YKDW8,かちまち応援隊,1689,15,1824,3165600,10,10,10,10,10,10,10,10,80
MSGD76QL0,愚者,9JTF508LB,スクスタ亡霊部,1612,15,1825,3165000,10,10,10,10,10,10,10,10,80
715HWUL7M,クラリス,B5V2LNN43,WMW,1386,16,1826,3164000,10,10,10,10,9,10,10,8,77
6UPER4EDF,ハリ,PLBBEX019,待機室目指し隊,1496,20,1827,3163000,10,10,10,10,9,10,10,7,76
9UK70BG13,あーる,79C17CHA2,蓮ノ空出張部,1206,0,1828,3162000,9,9,9,8,8,6,9,3,61
BLYK8JYVV,ドルビー,38KAJGDGU,異次元シャニP,1364,20,1829,3159700,10,10,10,10,10,10,10,10,80
DPGG6PPYT,うおちー,YVV9CMBLW,東京公演で沼落ち,1221,14,1830,3157000,10,10,10,10,10,10,10,10,80
EVJGZ1771,まっつぁん,K8C99H42D,ルリと喜ド！愛楽,1235,9,1831,3155400,10,9,10,10,9,9,10,9,76
J0CF7WY7R,おーちゃん,B5V2LNN43,WMW,1437,14,1832,3154000,10,10,9,8,8,8,9,7,69
OWDPYJQZ9,ゆう,WN3LHKX0L,レンコンおいしい,1311,13,1833,3151000,7,10,10,10,8,9,10,6,70
KYT4WV5UC,D,EP27EEH81,毎日がホリデイ,1748,20,1834,3150000,10,10,10,10,10,10,10,10,80
8PYU8KCYR,デンキ,ABALH0AL3,楽園計画,1406,18,1835,3144000,10,10,10,10,10,10,10,10,80
20YXRIO59,イカ公,6045Y2RW7,ポチっと！蓮ノ空,1282,2,1836,3143000,10,10,9,10,8,10,10,5,72
JBEYM9IPJ,むとー,W9G7A5E34,泥沼,1496,20,1837,3141000,9,9,8,8,8,9,10,8,69
UYYHXRA6K,めぐみん,J7N4W6Y1K,こずミックラブ♡,1200,4,1838,3138800,9,10,7,9,9,7,9,8,68
ODH48D0DK,しま,YCTM6RYDP,金沢おでん同好会,1439,13,1839,3138000,10,10,10,10,10,10,10,10,80
8CAKRLNXA,ふるえるてんむす,3F0M4HXJE,蓮ノ空まったり部,886,0,1840,3133000,10,10,10,8,8,9,9,6,70
678JW2PU9,まどか,ULUELCJ7T,なるようになる？,593,4,1840,3133000,10,10,10,10,10,10,10,10,80
0N6HXDW65,masao,V26546K3D,乙宗気合筋肉,1220,0,1840,3133000,10,10,10,10,10,10,10,10,80
8AM9BLGNK,塩鍋,BCJRMHE75,梢すきすきクラブ,1525,12,1843,3131200,10,10,10,10,10,10,10,10,80
88GHLYV8F,うどん,60D1TTYTV,無言自由会,1326,17,1844,3125000,10,10,10,10,10,10,10,10,80
4Y728RDJH,miyamiya,JVUNVCT8P,梢先輩のASMR,1170,7,1845,3123600,9,9,10,10,10,10,10,9,77
ZY9V6AFN7,カートテークス,D7H8MN2U4,LLD,1556,18,1846,3121700,10,10,10,10,10,10,10,10,80
I8TMVU8IM,薫,HBK6KCRPP,無言でおけ,1609,18,1847,3118800,10,10,10,10,10,10,10,10,80
5Z1AIQT9R,おすかる,KT4C59NXG,めぐ島,1546,19,1848,3114100,10,10,10,10,10,10,10,10,80
1HBMC2CTW,うゆ,JTX1G19BP,さやかほ癒し会,1276,19,1849,3113000,10,10,10,10,10,10,10,10,80
2V1Y2WG9L,ちびすけ,2ULM366U6,毎日がエブリデイ,1360,6,1850,3112800,10,10,10,10,10,10,10,10,80
WH4U273V4,ケイ,7NJM1VURM,らんるん部。,1285,9,1851,3110300,10,10,10,10,10,10,10,10,80
Z7EOEWPK9,のほほんメイプル,FTY0R8KPH,泥の皆様,1555,15,1852,3108400,10,10,10,10,10,10,10,10,80
9YV3TM0TD,ふー,W26TRPM1R,めぐ党藤島派,510,2,1853,3100800,10,10,10,10,10,10,10,10,80
4NT0CHOHL,みそしる,KBJ2P8T0Y,人見知りの集い,1422,16,1854,3098900,10,10,10,10,10,10,9,10,79
AUATVV59X,Raik,KT4C59NXG,めぐ島,1254,3,1854,3098900,10,10,10,10,10,10,10,10,80
UJ6BGEPG7,田仲14号,05KN1RR3U,さやかほ花卉園,784,6,1856,3095000,10,10,10,10,10,7,6,6,69
3T269YTJ8,Hukujin,38KAJGDGU,異次元シャニP,1405,19,1857,3091300,10,10,10,10,10,10,10,10,80
3EBADRT8X,ねこみみ,FK5MUK0ET,くる♡すきクラブ,1355,15,1858,3089400,10,10,10,10,10,10,10,10,80
MXWBM6CW0,ガルー,F2M746D4B,頑張らないクラブ,1379,6,1859,3088200,10,10,10,10,10,10,10,10,80
KP64DKWB0,まるせつ,85D411XNB,蓮っ子の集い,1478,19,1860,3085600,10,10,10,10,10,10,10,10,80
0E0MK1WCE,てんぱ,06DCWC1RE,とりあえず参戦用,1113,4,1861,3083200,10,10,10,10,10,9,10,2,71
BJJAQ8YIU,シラヌイ,TD87P23DJ,黄昏の旅団,1476,19,1862,3076100,10,10,10,10,10,10,10,10,80
F7AVID9MC,プルプル,JA2C658FW,さや綴理の村人,1670,19,1863,3072300,10,10,10,10,10,10,10,10,80
YNNDAPK92,はまち,FG5VFFNRK,蓮ノ空おじさん,1386,19,1864,3064700,10,10,10,10,10,10,10,10,80
1RK6H53X8,寝落ちェ,8MDA3A0AK,イベント用,859,2,1864,3064700,10,10,10,10,6,10,7,2,65
KDJTR7PVB,ありしあ,K8C99H42D,ルリと喜ド！愛楽,1249,10,1866,3063200,10,10,10,10,10,10,10,10,80
902WTV9GJ,captain,FH7G62PKW,月火水木金土日,1493,12,1867,3062800,10,10,10,10,10,10,10,10,80
C16ER87BR,HIMEMIYA,EYEPHE14G,花上梢頭,1180,14,1868,3060900,9,9,9,10,7,8,8,6,66
EAX8Z37EN,ななせ,M851LEV3N,なっす父兄,1560,19,1868,3060900,10,10,10,10,10,10,10,10,80
YDG5E4CRJ,Asagi,578YG6EAT,桜桃花束愛聴会,1692,19,1870,3057100,10,10,10,10,10,10,10,10,80
GNBY4N2A1,月,FH7G62PKW,月火水木金土日,1245,2,1870,3057100,10,9,10,9,10,10,10,10,78
D5CC1372L,あーのん,F08AHUJJ0,綴理のお世話係,896,2,1872,3055600,10,9,7,7,8,7,10,7,65
JTNE0X93X,す,GCFA4WL28,乙宗梢を愛で隊,730,2,1873,3055200,10,8,8,3,6,9,5,2,51
WBTPGXRAC,Edge,AVY8PECF0,初心者の集い,1074,11,1874,3053300,10,10,10,10,10,10,10,10,80
Q80NROBVC,ハイネ,RFYKY8DCD,LA.LA.LA,1465,14,1875,3053000,10,10,10,10,10,10,10,10,80
SCV1R2T85,わふ,CTW8DKV5P,まったり,1566,16,1876,3049800,10,10,10,10,10,10,10,10,80
WPTXJEN2W,ツユテ,J2BVEWRJ1,蓮ノ空山嶽部,841,0,1877,3049500,10,10,10,10,10,10,10,10,80
JXW9EW9MR,ぽんかんワイン,WFPA7YJE1,蓮ノ空文芸部,1162,13,1877,3049500,7,6,10,10,8,8,10,4,63
2HFTNWW16,mzsm,GVT61ATX0,なのだけれど,1424,15,1879,3043800,10,10,10,10,10,10,10,10,80
MVPXJHBPH,迦弥,YCTM6RYDP,金沢おでん同好会,1598,12,1880,3041900,10,10,10,10,10,10,10,10,80
ZUIWXH7GR,琴子と悟の夢冒険,75UJ5RB97,蓮ノ空雪野球部,1787,17,1881,3037200,10,10,10,10,10,10,10,10,80
BUMCNTI5G,はらぺこさん,V7768X8AC,せーので！,1364,17,1882,3036200,10,10,6,7,10,7,8,6,64
8WZJM0HXM,Marineya,8R49BTWW6,蓮女お嬢様クラブ,1414,19,1883,3034300,10,10,8,9,10,9,10,7,73
4LEATMTOT,KINO-P,V6DV6KETG,梢好き好きクラブ,1424,3,1884,3033200,10,10,10,10,10,10,10,10,80
J63BU63IU,イクコウ,YFADYJVW4,FPS好きクラブ,1607,18,1885,3032400,10,10,10,10,10,10,10,10,80
1X0M6XVB6,Marunyan,GPKTRBCTT,騎空団蓮ノ空支部,1395,7,1886,3028600,10,10,10,10,10,10,10,10,80
X2E96DCWJ,あき,G0J2F9NAL,さやさやさーくる,1482,19,1887,3025000,10,10,10,10,10,10,10,10,80
KAMTT0WNJ,夏メキペイント,K44BC8GLR,ことりのダイヤ,739,2,1888,3024800,8,9,10,8,5,5,7,5,57
HFA1JGBAU,ビショップ,NMT63RUDV,泥村,1366,19,1889,3022900,10,10,10,10,10,10,10,10,80
ZJ8X9ACB3,なみれお,8R49BTWW6,蓮女お嬢様クラブ,1195,14,1890,3022200,10,10,10,10,10,10,10,10,80
186XX8N21,ヒガ,YNR28303K,りんくらぶ,1195,3,1891,3017200,10,9,10,10,8,10,10,5,72
VBIVA29QF,りんてる,4XRHRYDW4,無言でエンジョイ,1567,15,1892,3015300,10,10,10,10,10,10,10,10,80
PB0H6CTLB,ふむふむ,3LPBPHL3V,壁の民の伝説,1342,19,1892,3015300,10,10,10,10,10,10,10,10,80
5X1NQDTYD,いもりーぬ,998H940YN,お嬢様筋トレ部,1451,9,1894,3012000,10,10,10,10,9,9,10,10,78
9GELNVWFN,まゆ,V6DV6KETG,梢好き好きクラブ,1053,12,1895,3011500,10,10,10,10,10,10,7,7,74
272E1UNTU,おくやん,9RYR14H9L,ソロマターリ,1214,19,1895,3011500,10,10,10,10,10,10,10,10,80
A9A8I9YMI,ユッキー,6045Y2RW7,ポチっと！蓮ノ空,1572,19,1897,3010400,10,10,10,10,10,10,10,10,80
G1YBWSV87,トゥリー,GW4CH70HK,TKG同好会,1281,7,1898,3007700,10,10,10,10,10,10,10,10,80
KX7XW70BK,にまはん。,NJBBTCY3A,かにかに！,650,3,1899,3005800,10,10,8,9,10,10,9,2,68
DDEEYHBMP,すずや,K8C99H42D,ルリと喜ド！愛楽,1062,8,1900,3003900,10,10,10,10,10,10,10,6,76
W7IMTL1I7,ゅょ,CXG25026E,泥のみんなS,1457,10,1901,3002400,10,10,9,10,10,9,10,7,75
PBG9WP057,オトツ,UCWKRB3WR,菅沼千紗が大好き,1379,9,1902,3002000,10,10,10,10,10,10,10,10,80
UPB9XUXDU,サム,79C17CHA2,蓮ノ空出張部,1267,19,1903,3000100,10,10,10,10,10,10,10,10,80
04ZEIPGS0,泥,NMT63RUDV,泥村,1555,4,1904,2998200,10,10,10,10,10,10,10,10,80
UG4AE6K33,Eyk,Y6JNPC60C,綴理メイト,1414,16,1904,2998200,10,10,10,10,10,10,10,10,80
RSE20AFA1,もか,PPAHU1TNY,蓮ノ空のんびり部,1320,15,1906,2997800,10,10,9,10,8,8,10,8,73
UDW2JEGEN,シロ,J7N4W6Y1K,こずミックラブ♡,996,8,1907,2996300,10,10,10,10,10,10,10,10,80
X35JN0151,Aqua,7J5JK1W1W,高根町,1319,15,1908,2995400,10,10,10,10,10,10,10,10,80
YTKJLF5F0,たっくんα,MTBP3B4GM,ふらわーすきすき,876,8,1909,2994400,5,10,10,10,5,5,2,2,49
N3X1PXZH9,にょえる,HBM31HMUY,YUKIZURI,1384,15,1910,2993200,10,10,10,10,10,10,10,10,80
V8A857TJ1,⏰,Y6JNPC60C,綴理メイト,1412,13,1911,2992500,10,9,10,7,7,10,9,4,66
G2YW20XX8,きち村,JDAG79TG7,百合ノ空観察部,1215,8,1912,2992000,10,10,8,9,10,10,10,8,75
SMHTGNN80,ブルー,1BME38BCD,さすさやクラブ,1684,19,1913,2990600,10,10,10,10,10,10,10,10,80
KNHAGV0NY,みー,7U20138DB,LGP,1263,12,1914,2988700,10,10,10,10,10,10,10,8,78
BXHAYO7HG,リンゴ,A3472CNJE,ハントン✿ライス,1223,12,1915,2986800,10,10,10,10,10,10,10,9,79
AW6FNKJ5E,村野saajak,GR65FP8VN,蓮好き,675,1,1916,2986200,10,10,10,10,10,10,10,4,74
6CR9FYFF0,コン,GYJ3C6TKR,綴理先輩好き好き,818,8,1917,2984900,10,9,10,10,8,8,10,7,72
P4KCF883B,AC,0XUV5025C,めぐめぐバブり隊,1388,10,1918,2984000,10,10,10,10,9,10,10,10,79
JT6TP9A6Y,ナミ,3FF3NB77X,せーはす愛好会,1050,2,1919,2983000,10,10,10,10,10,10,10,10,80
RJ54379G0,見仁,7XH3K4GBT,LLP,1407,19,1920,2980400,10,10,10,10,10,10,10,10,80
GXADUIMKY,みず,G59NGM0XA,シュリーレン,1387,2,1921,2979200,10,10,10,10,10,10,10,10,80
MJIM20CIT,サカヒーロ,V6DV6KETG,梢好き好きクラブ,1514,19,1922,2977300,10,10,10,10,10,10,10,10,80
NJTVVJ3AR,もちゅに,48BTAPMBG,蓮ノ空魔術部,1783,16,1923,2974600,10,10,10,10,10,10,10,10,80
NVTGPA5HC,うこん,WN5B7VKPU,きんぴられんこん,369,0,1924,2974200,10,10,10,9,10,10,10,10,79
D0VHL5AE9,シエル,1KDUBW4HB,めぐ党0番,1065,0,1925,2971600,10,10,10,10,10,10,10,10,80
RCB4C3Q5H,まいごう,NC2YT2V28,蓮之愛同予者何人,1402,10,1926,2971400,10,10,10,10,10,10,10,10,80
LB1UV35HF,こ,N0EXH1CM1,ぱちぱち徒町,1239,11,1927,2970400,10,10,10,10,10,9,10,8,77
D3A8S0B4B,ソウル,5W8RPRVUA,ド！ド！泥！,1512,19,1928,2969700,10,10,10,10,10,10,10,10,80
U0B2Z02K0,サトシ,DKNHY5HH6,なす料理研究会,1223,10,1929,2968800,10,10,10,10,10,10,10,10,80
ZA8HHDJM4,秘密インシデント,EYN9H9N16,蓮すきすきクラブ,1674,18,1930,2967800,10,10,10,10,10,10,10,10,80
9JJVUNQQY,なつめやし,M7HJCP8WY,留年回避補習室,1429,3,1931,2967000,10,10,9,10,10,9,10,2,70
M0H9P0EA3,ちぇすたいがらし,X7YM9EG8K,伝統の石川地酒,214,0,1932,2961400,10,10,10,10,10,10,10,10,80
YXEK463WP,もっちー,YDYH4VRRP,レンクウ,1371,19,1933,2960200,10,10,10,10,10,10,10,10,80
T1RC9W5XT,花梢,V6DV6KETG,梢好き好きクラブ,1320,16,1933,2960200,10,9,7,10,8,7,10,7,68
Z8HTE470V,みすたそ,BW38LDPRF,蓮浦の星空,1508,18,1935,2958300,10,10,10,10,10,10,10,10,80
A9NQX7XAP,テイル,RXXUPMWB9,待機室跡地観測所,1535,4,1936,2957000,10,10,10,10,10,10,10,10,80
GDIJ8GEAN,あーつ,FMKP92LRL,目が霞む人達,1273,7,1937,2956800,10,10,10,10,10,10,10,10,80
9G2HB79M1,μ'6Hoshi,18YYNRFGA,LotusSky,1114,11,1938,2956400,8,9,9,6,8,8,8,5,61
YC76BB78M,ねいけい,2K5AM4RV0,とろぺりです,988,8,1939,2956200,10,10,10,10,10,10,10,10,80
T8L7QQ4RA,いしぽて,07JW71HWG,良いチケで観よう,1435,16,1940,2954500,10,10,10,10,10,10,10,3,73
MW8KUNW0W,ふじ,NMT63RUDV,泥村,1361,13,1941,2950700,10,10,10,10,10,10,10,10,80
EE7GXYR3S,MAZDA,573J1JVVK,かほかほ,1027,11,1941,2950700,7,9,9,8,6,9,5,3,56
0RK71VLVD,クリームソーダ,BT22M41DV,梢花帆吟子同好会,1007,7,1943,2948800,10,9,10,9,8,10,10,6,72
NNLZZKJWI,たちばな,G59NGM0XA,シュリーレン,1283,10,1944,2948200,10,10,9,9,9,9,10,6,72
P6JJP8MJW,カニベロス,V26546K3D,乙宗気合筋肉,1531,19,1945,2940400,10,10,10,10,10,10,10,10,80
D96PWG6YM,KanaΔ,L6MF2MPBN,みらくらぱーく党,966,0,1946,2937000,10,8,10,10,8,8,10,4,68
IPKWA6ZPC,稲川淳二,0B8RTHY4D,のんびり屋さん,1110,16,1947,2936000,9,7,10,10,10,9,10,3,68
JBECGPBDB,えれか,05KN1RR3U,さやかほ花卉園,920,4,1948,2934600,7,8,9,8,8,7,9,5,61
T4ZLB18HV,もちもっち,GKR9TEBYC,毎日がホリデイ♪,1417,8,1949,2914400,10,10,10,10,10,10,10,10,80
VL4J4YY53,cattie,V6DV6KETG,梢好き好きクラブ,1288,9,1950,2907800,10,10,10,10,10,9,10,7,76
F6D460XUF,空蝉うつせみ,865UE9UC6,蓮ノ空うどん部,1472,3,1951,2905000,10,10,10,10,10,10,10,10,80
ACY5VL4T0,乃刃,MTBP3B4GM,ふらわーすきすき,1417,18,1952,2885200,10,10,10,10,10,10,10,10,80
96B88D56E,ちーちゃん,NJBBTCY3A,かにかに！,1134,11,1953,2878400,10,10,9,10,7,8,7,2,63
9HT1LVL9E,神の怒りマン,X7C21B7H7,泥,1474,15,1954,2855600,10,10,9,9,9,9,10,10,76
K6DZTG2X7,はー,JDAG79TG7,百合ノ空観察部,1349,13,1955,2835800,10,9,6,10,9,7,10,7,68
M7V0RWH2M,てん,5R48K950F,EDF蓮ノ空支部,851,2,1956,2833000,10,10,10,10,10,10,10,10,80
24TRM7P92,たぴうむ,0UT59MJ8U,かほすこ同好会,1289,10,1957,2827200,10,10,6,10,9,6,8,6,65
H8FCA1G64,hisho,L3NN1RWMY,アポロベイ海賊団,1095,1,1958,2826400,10,9,9,10,8,10,8,8,72
I4BK8N636,成実,M6UPWJ6DU,蓮結ぶ虹と星の音,1451,19,1958,2826400,10,10,10,10,9,8,10,9,76
YYT3VDTXD,イノベ,MUXWTW1GV,蓮の空見守り隊,1266,2,1960,2825800,10,10,10,10,10,10,10,10,80
M1PNAVX97,まきりこ,JTX1G19BP,さやかほ癒し会,1309,13,1961,2823200,10,10,10,10,10,10,10,7,77
T7QKDXHHR,ズッキーニ,9FF5JBNDF,めぐすきクラブ,1453,14,1962,2822400,10,10,10,10,10,10,10,10,80
AKPVVEEBF,ゆゆきち,W3YKKRWHG,ルリと愉快な一家,1194,8,1963,2822200,10,10,9,10,10,9,10,6,74
X2WHZO924,つづるり寺,8CEWMFEHX,ねるねるねるね,1408,2,1964,2819800,8,7,10,8,8,10,8,5,64
WT9FEXW80,せみち,HBD61R6WC,梢先輩すきすき部,1098,17,1965,2819600,10,10,10,10,10,10,10,10,80
B9OKMP2C8,いなかもの,ABU58EVJ2,Quatuor,1712,12,1966,2819200,10,10,10,10,10,10,10,10,80
X9UF78HPN,のでぃー,HE0GK3EPE,瑞蓮プロカ倶楽部,1210,13,1967,2818600,10,10,10,10,10,10,10,10,80
PN92XHM4G,みー,NK05UMLWW,かけ込み寺クラブ,1139,8,1968,2815200,10,10,10,10,10,10,10,10,80
PW2IZOV8C,メティス,6045Y2RW7,ポチっと！蓮ノ空,1499,15,1969,2813800,10,10,10,8,9,8,8,8,71
3LAV7X9TK,とい,RFYKY8DCD,LA.LA.LA,1241,0,1970,2813200,9,10,10,10,8,9,7,8,71
KWPR6591B,yano,0CEA9XFKR,蓮ノ空の泥人会,787,4,1970,2813200,10,10,10,9,10,9,10,9,77
NH30591S7,スコッチ,PLBBEX019,待機室目指し隊,1348,6,1972,2813000,10,10,10,10,10,10,10,10,80
LCM66GHDC,amoamo,1DU9LCND7,蓮ノ空すこやか部,1494,2,1973,2812400,10,10,10,10,10,10,10,10,80
CZB57Z2T0,ベン,R083H7WRN,サークル無言,1211,16,1974,2810600,10,10,10,10,10,10,10,10,80
29EAWMKFD,manafee,LUDNM40F8,ふくふく無言OK,652,0,1975,2810400,9,10,7,10,10,4,6,10,66
1FO8RWDNB,たもり,FK5MUK0ET,くる♡すきクラブ,1490,13,1976,2808800,10,6,8,4,6,1,6,2,43
N40CNAJ6P,MyRoad,G0J2F9NAL,さやさやさーくる,1217,17,1977,2807800,10,10,10,9,8,9,9,2,67
SEJSZ3X86,アルパカ牧場,WLLWJ8ADP,乙宗筋肉サークル,1357,9,1978,2805800,10,10,10,10,10,10,10,10,80
1T04PFEX5,がちはむすたー,X7C21B7H7,泥,1433,16,1979,2805600,10,9,10,10,8,9,10,8,74
D5WJM3VXB,sana,YDYH4VRRP,レンクウ,1241,9,1980,2805200,10,10,10,10,10,10,10,10,80
WVH54HTQH,GSW,E76N52LMW,イベントのみ,1474,10,1981,2804200,9,10,8,9,9,8,10,8,71
951MHO8EI,もりょー,N2KCENRKH,猫＆旅大好き部,1445,12,1981,2804200,9,10,9,7,8,9,10,6,68
0T1WS2RR2,つばめ,26GG42M4L,カプレーゼ,1333,16,1983,2804000,10,10,10,10,10,10,10,10,80
4UYETBB6Y,まほにゃん,MTBP3B4GM,ふらわーすきすき,1235,1,1984,2803600,9,9,7,8,8,8,10,7,66
WA10A8RX4,アムリタ,6045Y2RW7,ポチっと！蓮ノ空,1388,13,1985,2802800,10,10,10,10,10,10,10,9,79
J3R0A4HTM,常磐くるみ,GR65FP8VN,蓮好き,643,2,1986,2802600,10,10,10,10,10,10,10,10,80
J2HZWHLHZ,あにめほしいもの,G0J2F9NAL,さやさやさーくる,1515,15,1987,2802400,10,10,10,10,10,10,10,10,80
CFCDNBL5J,김준수,HB9AU9DJJ,聖心党,923,7,1988,2802200,10,10,8,9,8,9,10,8,72
J7IL1HUA1,寅井,NA8FEYN0M,蓮ノ空飲酒クラブ,1296,0,1988,2802200,10,10,10,10,10,10,10,10,80
NC1RYGBBZ,ゆい,2NY9H8BR9,乙宗紅茶館,1285,14,1988,2802200,10,10,10,10,10,10,10,10,80
0AR9W7U99,これはご飯,E7UBFLW56,同好会の同好会,941,4,1991,2801600,10,10,10,10,10,10,10,10,80
M62DM824H,そらら,ABALH0AL3,楽園計画,1334,4,1992,2801000,10,10,10,10,10,10,10,10,80
6PM61RAEU,もにゃ,2DYYAPFVN,蓮っ子村,1263,1,1993,2800600,10,10,10,10,9,8,10,8,75
6MSR6I1NC,ユキ,KC1W74B9B,蓮六園,1127,2,1993,2800600,10,10,8,9,9,8,10,7,71
2ADC9VMMF,つしまつちやん。,GXR6C85BT,花帆ちゃん親衛隊,1378,7,1995,2800400,10,8,9,9,9,8,10,7,70
W67F0AGNE,まゆい,5NPVVUGH7,蓮すきすきクラブ,1268,13,1995,2800400,10,9,10,10,7,8,10,2,66
EUCNULW3Y,Ksb,MTBP3B4GM,ふらわーすきすき,1035,1,1997,2800000,8,10,8,9,8,7,10,3,63
OD2J57BRJ,ケルン,GR65FP8VN,蓮好き,1044,11,1998,2799200,10,10,10,10,10,10,10,10,80
UCY017A15,异夢,AWFDLJ1HC,小蓮花（重生版x,870,5,1999,2798600,10,9,10,10,4,8,6,5,62
Y3DHG6P1H,penka,8M6UDX260,ぽけもん好き,1266,18,2000,2798200,10,10,10,10,9,10,10,9,78
KXY01JPNH,P2,6WJW7R1TD,さやこずノ休日,1056,1,2001,2797800,10,10,10,10,10,10,10,10,80
L9F0VZWU7,よぴ,Y6JNPC60C,綴理メイト,1460,9,2002,2797400,10,10,10,10,10,10,10,10,80
3BER8GKP0,はこ,D7H8MN2U4,LLD,1456,19,2003,2797200,10,10,10,10,10,10,10,10,80
EJPNW2093,ＤＨ・ミヤ,E58EXVMJU,ボクがんばる。,1500,0,2003,2797200,10,10,10,10,10,10,10,10,80
R41E9H88J,Uすず,RF5215M2U,スクステ同好会②,1231,15,2005,2797000,10,10,10,9,10,8,10,8,75
WU13PV8T5,ぬのきり,DW13FCXPT,Mulbungs,1295,2,2006,2796800,8,9,7,8,8,8,10,2,60
QB3BUF0AL,代目,7U20138DB,LGP,1583,15,2007,2796000,10,10,10,10,10,10,10,10,80
7DR8VRKQB,アレキ工房,J8HXTJ8TB,流し素麺同好会,1429,5,2008,2795800,10,10,10,10,10,10,10,8,78
4FXRWMBBX,とるえん,M6UPWJ6DU,蓮結ぶ虹と星の音,1258,20,2009,2795450,10,10,10,10,10,10,10,10,80
1E54GG5CG,冷凍おでん,KT4C59NXG,めぐ島,1366,5,2010,2795000,9,10,10,10,9,9,10,7,74
U7T1KGYSQ,らてぃ,6XX7GBM0K,ぷちぐる同好会,1179,7,2011,2794600,10,10,8,10,9,7,8,5,67
0K636THUY,saikusu,BW38LDPRF,蓮浦の星空,1355,11,2012,2792600,10,10,10,10,9,10,10,10,79
69QF5HPR0,雪徒,3BE2RELRC,見晴台,1615,3,2013,2792400,10,10,10,10,10,10,10,10,80
UE06YY81U,ヒカル,GW4CH70HK,TKG同好会,1382,20,2014,2792000,10,10,10,10,10,10,10,10,80
L55NL4MZ5,たけのこ,BCJRMHE75,梢すきすきクラブ,1564,13,2014,2792000,10,9,9,8,9,8,10,7,70
V6Z17KIFS,えるざ,2NY9H8BR9,乙宗紅茶館,1470,17,2016,2791600,10,10,10,10,10,10,10,10,80
J1BULTYGL,けいすけ,X33HHA9F8,アルストロメリア,662,2,2017,2790400,9,10,5,10,10,4,8,2,58
GXGC0J3UF,もにわ,79C17CHA2,蓮ノ空出張部,1506,19,2018,2789800,10,10,10,10,10,10,10,10,80
BMW4UUQ68,トノサマ,M8FM7P139,蓮ノ空ひとり旅部,1652,19,2019,2789600,10,10,10,10,10,10,10,10,80
M79EFWMUE,QAQ,E7UBFLW56,同好会の同好会,579,0,2020,2789400,8,8,4,7,5,5,7,4,48
4OG9NTQN1,ちゃん,9FF5JBNDF,めぐすきクラブ,1765,20,2021,2789200,10,10,10,10,10,10,10,10,80
5JHRXB1GK,あおこる,07JW71HWG,良いチケで観よう,498,1,2021,2789200,10,10,10,10,10,10,10,10,80
BAV021P5X,ケルビンYuu,R181MKNX1,みらくらは人生！,1115,6,2023,2788800,7,10,7,7,10,10,10,6,67
QQ22KQQ40,スラッシュ,AH27N260E,百生信託銀行,1684,12,2024,2788200,10,10,10,10,10,10,10,10,80
1R9Y77BVF,n.k,EPWMMAXNY,蓮ちゃん初心者,1338,18,2025,2788000,10,10,10,10,10,10,10,10,80
EU76L0TJ7,とまき,EYN9H9N16,蓮すきすきクラブ,1716,10,2026,2787200,10,10,10,10,10,10,10,10,80
28K412J9D,こぶちゃ,D7UA5ER1E,UR報酬欲しい！,1306,15,2027,2786600,9,10,10,10,10,8,10,4,71
TLJY136SK,たこめっと,2ULM366U6,毎日がエブリデイ,1260,13,2027,2786600,10,10,9,7,10,6,10,6,68
17F37EKBW,まっすう,VP0K6KF0K,蓮ノ空大好き!!,1376,17,2027,2786600,10,10,10,10,10,10,10,10,80
RKMBL9587,ちくりん,KXU941RFJ,梢先輩おめでとう,1190,10,2030,2785200,10,10,10,10,10,10,10,7,77
NT4O2HSPX,そうさん,LYPVAETHY,金沢の泥,1465,4,2031,2784200,10,10,10,10,10,10,10,10,80
PCWYG7PXA,たぴおか,VKNVG1K0B,おさかなサークル,1545,11,2032,2783800,10,10,10,10,10,10,10,10,80
W4AX7Y4UR,poiful,6FWRD1K40,いちじょ海賊団,1146,4,2033,2783400,10,10,10,9,9,9,10,8,75
WFEHMHLAC,藤なんちゃら,D7H8MN2U4,LLD,1240,4,2034,2782600,10,10,9,10,10,10,10,8,77
5BCGBFRJ8,サンディ,JDAG79TG7,百合ノ空観察部,1429,17,2034,2782600,10,10,10,10,10,10,10,10,80
PE4JT3GKB,K事,8JMW9G2XW,僕らのリンクラ！,1165,7,2036,2781800,8,8,7,10,7,7,10,6,63
Y9FG3NKN1,クウハク,CCACL2CMM,暗殺者チーム,1280,19,2037,2781600,10,10,10,10,10,10,10,10,80
5DU5DF307,ロレンス,AVX749PPB,姫芽ちゃん親衛隊,884,11,2038,2781200,7,7,8,10,8,9,6,5,60
F96YWHF82,リア,JDAG79TG7,百合ノ空観察部,1430,20,2039,2780800,10,10,10,10,10,10,10,10,80
7D0KNA7H1,じゅうじ,CTW8DKV5P,まったり,1301,2,2039,2780800,10,10,10,10,10,10,10,10,80
AB6WX8P61,トワ,9GDHWXGVG,ルリと花咲く毎日,654,0,2041,2780600,8,9,10,7,9,10,9,6,68
MOFJQHVV8,ユキ,2KJ2UEC3P,ういちゅけクラブ,1472,18,2041,2780600,9,9,10,10,8,8,10,8,72
TTRCNN54T,L.L.,GPKTRBCTT,騎空団蓮ノ空支部,1449,20,2043,2780400,10,10,10,10,10,10,10,10,80
60NX9PMR1,なたまご,25PMPEMG7,星見プロ,1348,17,2044,2779400,10,10,10,10,10,10,10,10,80
58F5S114K,ヤスク,5W8RPRVUA,ド！ド！泥！,1504,8,2045,2779000,10,10,10,10,10,10,10,10,80
GHJIO1M7D,けしごむ,J7N4W6Y1K,こずミックラブ♡,1617,8,2045,2779000,10,10,10,10,10,10,10,10,80
UA5O2BV67,さいん,5VCRU63W0,まっちみん,1328,13,2047,2778000,10,10,10,10,10,10,10,10,80
V5B1VKYJM,MikaSa,AVX749PPB,姫芽ちゃん親衛隊,1135,15,2047,2778000,10,10,10,10,10,10,10,10,80
M7R9OCPSE,あちらこちら,8R49BTWW6,蓮女お嬢様クラブ,1481,16,2049,2777800,10,10,10,10,10,10,10,10,80
TTY2TWL1Y,nebula,PUJ0ERCMW,蓮ノ空倶楽部,1610,9,2049,2777800,10,10,10,10,10,10,10,10,80
NDA28I6HM,MY-tanθ,R1RM3X0WV,後方腕組みオタク,1491,19,2051,2777400,10,10,10,10,10,10,10,10,80
G36QSA8I2,ウェイク,K8C99H42D,ルリと喜ド！愛楽,1289,5,2052,2777200,10,10,9,10,10,8,10,7,74
JP70MS9KF,すみむら,J80MEYHBC,Nymphaea,1458,19,2053,2777000,10,10,10,10,10,10,10,10,80
4H4L09G0F,すてけつ,9JTF508LB,スクスタ亡霊部,1503,13,2053,2777000,10,10,8,10,9,9,10,9,75
AK5J8DWZI,mococo,FH7G62PKW,月火水木金土日,1531,15,2055,2775800,10,10,10,10,10,10,10,10,80
9EN208AJR,ギャオギャ,L7MNPJ52H,三連華のための泥,1375,15,2056,2775750,10,10,10,10,10,10,10,10,80
L6AFKNUNA,すいまる,BH9YH1YL5,ラブライバーの森,1443,19,2057,2775400,10,10,10,10,10,10,10,10,80
61PXCJ104,ユキミ,JA2C658FW,さや綴理の村人,1280,5,2058,2775000,10,10,10,10,9,10,10,8,77
H4VR0D1DV,そー,WN5B7VKPU,きんぴられんこん,1732,13,2059,2774350,10,10,10,10,10,10,10,10,80
V1K39NAJC,darkwine,2DYYAPFVN,蓮っ子村,1116,1,2060,2772200,10,7,6,8,3,7,7,2,50
HV0CBWWHY,たまごやき,HBUK6F7CC,乙宗梢なりきり部,1450,9,2061,2771600,10,8,10,7,10,8,10,7,70
2G7Y0T17Y,ハイライトブルー,2NNRA5CW6,黒髪ショートの会,719,0,2062,2771400,9,8,10,7,7,8,8,4,61
CPT5ULJL5,シュウ,48BTAPMBG,蓮ノ空魔術部,1348,15,2062,2771400,10,10,9,10,10,10,10,10,79
9HLG4JJRH,まるもこ,JDAG79TG7,百合ノ空観察部,787,2,2062,2771400,10,10,10,10,10,10,9,4,73
YA33XTF5A,クロト,J8HXTJ8TB,流し素麺同好会,1330,10,2065,2771200,10,10,10,10,10,10,10,10,80
732ZWKTO4,直角,H6JWBBGCG,蓮天・乙宗一心流,1178,19,2066,2770400,8,10,9,8,10,10,10,6,71
HKG5L920F,okaP☆MGC,2ULM366U6,毎日がエブリデイ,1220,19,2067,2770000,9,10,10,9,9,9,10,10,76
YYVKPY5JD,りくぴ,X34LWGL6R,サークル2,1333,4,2068,2769600,10,10,10,10,8,9,10,7,74
BIQPYOJ9V,ツユキ,CM5THHYHB,「」ノ空だけれど,1377,4,2069,2767800,10,9,10,9,8,8,10,8,72
OLXZJUILY,あすろん,DKNHY5HH6,なす料理研究会,1552,19,2069,2767800,10,10,10,10,10,10,10,10,80
75F15U535,ZheNreN,WJY2HK6A5,蓮の空イベント部,1181,10,2069,2767800,10,10,10,10,9,10,10,9,78
1H1KKK4WJ,ぺるりん,6XX7GBM0K,ぷちぐる同好会,1368,17,2072,2766800,10,10,10,10,10,10,10,10,80
13E9H27AA,ちー牛ゎーさー,4KRBU0KFF,ノーチャン会,1228,10,2073,2766600,10,10,10,10,10,9,10,9,78
67M7IXJIY,諏訪花雨,NC2YT2V28,蓮之愛同予者何人,851,5,2074,2766400,10,10,10,7,9,7,10,7,70
P35KF718F,うしどっと。,NA7CCGNDH,8番らーめん好き,1453,4,2075,2766200,10,10,10,10,10,10,10,10,80
3A99DPBCB,が〜なお,AND13836G,乙宗梢親衛隊,1350,6,2076,2766000,9,9,10,10,9,8,10,8,73
5TXDG169L,Wooo(うー),1KDUBW4HB,めぐ党0番,651,0,2077,2765200,10,10,10,10,9,9,10,9,77
1A920W6UC,リンクラ,J800VVPTN,Aqours,1010,3,2078,2765000,10,10,10,10,10,10,10,10,80
ATRN6HL6D,コジケン,PLBBEX019,待機室目指し隊,1310,4,2078,2765000,10,9,10,10,10,10,10,8,77
H313PMV54,とう,WAT20PN3Y,こな党,1327,3,2080,2764600,10,10,10,10,10,10,9,8,77
2V7LSU58X,シグマ,WHWT61ELR,【無言】ハスノソ,1140,3,2080,2764600,10,10,10,10,10,9,10,8,77
DP1TLFLX9,め゙ぐぢゃ゙ん゙,PLBBEX019,待機室目指し隊,1321,0,2082,2764200,10,10,10,10,10,10,10,10,80
V17DFTKLJ,すーぱーけーさん,9GDHWXGVG,ルリと花咲く毎日,1499,17,2083,2763000,10,10,10,10,10,10,10,10,80
K2JMAM878,ALSE,NC2YT2V28,蓮之愛同予者何人,1536,16,2084,2762600,10,10,10,8,10,9,10,3,70
89G6L7YM4,iroha丶,919XF8V2V,蓮之空大三腳,1236,5,2085,2761800,10,10,7,9,8,9,10,6,69
KE5NK1L1B,ninohy,2B97MH4YA,同じ話し何回も…,704,0,2086,2761200,10,10,9,10,9,8,10,4,70
N66MR15WA,花音,2K5AM4RV0,とろぺりです,765,4,2086,2761200,10,10,10,10,10,10,10,10,80
UMRA60XUP,よぬ,53NYG615U,蓮ノ空飲酒愛好会,1372,2,2088,2761000,10,10,10,10,9,9,10,10,78
9FU09JLJR,PKC,HB9AU9DJJ,聖心党,1513,4,2089,2760600,10,10,10,10,10,10,10,10,80
4L6ELEBZY,さやかほ世界平和,0TKFF5EG3,サークル名募集中,1657,19,2090,2760000,10,10,10,10,10,10,10,10,80
ZMWRR14YQ,ぜんこう,79C17CHA2,蓮ノ空出張部,1600,9,2090,2760000,10,10,10,10,10,10,10,10,80
WCMDKA69N,40,N1JAJ83CA,蓮ノ空園芸部,1290,15,2090,2760000,10,9,8,10,10,9,10,8,74
396DJX80F,きゃべつ,P2J37FNLG,乙宗先生指導会,1295,11,2093,2759800,10,10,10,10,10,10,10,8,78
85M61AF85,なつ,HBM31HMUY,YUKIZURI,1119,3,2093,2759800,10,10,10,10,10,10,10,10,80
3W6E9AL3T,さすぽむ,KULVP7FDR,アニマル分室,501,0,2095,2759600,10,10,10,10,10,10,10,10,80
WEQ0E2ZWJ,シロン,LUDNM40F8,ふくふく無言OK,1334,15,2096,2758600,10,10,10,10,10,10,10,10,80
3093WYMFM,かしゅ,2ULM366U6,毎日がエブリデイ,1617,20,2097,2758200,10,10,10,10,10,10,10,10,80
THZITXSPL,アンコウ,N752V1LD6,思想の溜まり場,1450,6,2098,2758000,10,10,10,10,10,10,10,10,80
6Y3MXTJLJ,ひろいち,VP0K6KF0K,蓮ノ空大好き!!,1240,16,2098,2758000,10,9,10,10,9,7,10,8,73
9JBAR0FN5,さらだささみ,948FLPMPN,まったりハス煮〜,561,0,2100,2757400,10,10,10,10,10,10,10,6,76
CBD22DA6L,イサミ,4RY75CKM4,LLすこ部　メ募,1128,2,2101,2757000,9,10,6,7,7,8,10,6,63
46AIA5B9G,メリクス,X7C21B7H7,泥,1426,19,2102,2756000,10,10,10,9,8,9,10,4,70
K4Y0UMPMJ,圣女琉璃乃,AND13836G,乙宗梢親衛隊,554,2,2103,2755600,10,10,10,9,9,5,7,6,66
RCV3EKR9B,なっちゃん,1D7T2UXC2,無言でのんびり,1617,19,2103,2755600,10,10,10,10,10,10,10,10,80
C59J9TNAX,シナナイン,CV62FGL1U,花咲かせ隊,1490,17,2103,2755600,10,10,10,10,10,10,10,10,80
ANN8U7K5N,しろい,N1DJVPGP8,いつでも咲けるよ,1219,3,2106,2755400,9,10,9,7,8,9,10,4,66
0CKCU5C49,こしょう,JDAG79TG7,百合ノ空観察部,1254,18,2107,2755200,10,10,10,10,10,10,10,7,77
FA135644A,ゆめね,XVTV7MVCX,雪月花,1182,11,2108,2754800,9,10,9,8,7,7,10,5,65
01LP9U2VP,強靭無敵最強伝説,2ULM366U6,毎日がエブリデイ,400,0,2109,2753600,10,10,10,10,10,10,10,10,80
MKWDCKPYV,会長♪,WTJV514G9,蓮ノ空のお弁当屋,1467,4,2110,2753400,10,10,10,10,8,8,10,7,73
5HL9TJ1PA,さば,9GDHWXGVG,ルリと花咲く毎日,1082,8,2111,2752000,6,6,8,7,8,6,10,6,57
78Y72C15H,さやかの太もも,G0J2F9NAL,さやさやさーくる,889,2,2112,2751400,10,10,10,9,9,8,10,6,72
CN58NYZ1W,雪見だいふく,79C17CHA2,蓮ノ空出張部,1461,19,2113,2751200,10,10,10,10,10,10,10,10,80
YQLNZGDHJ,なかむ〜,Y2P9LABR2,スクステ同好会③,1217,10,2114,2751000,10,10,8,10,8,10,10,8,74
1UTHGBCW0,よこよこ,GW4CH70HK,TKG同好会,1528,5,2115,2750600,10,10,10,10,10,10,10,10,80
M2R0R9NV5,向井新,RXXUPMWB9,待機室跡地観測所,1455,19,2116,2750400,10,10,10,10,10,10,10,10,80
Z5WPM7NU1,信綱,5KK3DFY18,MUGEN∞,1371,7,2117,2750200,10,9,8,7,9,8,10,4,65
7GHRVCWRA,びんくん,L3NN1RWMY,アポロベイ海賊団,1389,7,2118,2749200,8,9,8,8,8,8,10,9,68
GN2YLTY4W,hiroki,K25DPPGT9,圧倒的にまったり,1467,18,2119,2748800,10,10,10,10,10,10,10,10,80
ZC4JW1S67,ネイト,V6DV6KETG,梢好き好きクラブ,1501,12,2120,2748600,10,10,10,10,10,10,10,10,80
UBT0A5NSS,Luke,8R49BTWW6,蓮女お嬢様クラブ,1273,13,2121,2747600,8,7,5,9,9,5,10,3,56
AJ6302BHY,nacky,36DAM7HBL,蓮隠れノ里,1177,13,2121,2747600,10,9,9,8,9,8,10,6,69
5BP0BM5WG,みゃーさま@,RF5215M2U,スクステ同好会②,788,5,2123,2747400,10,10,10,10,8,10,10,7,75
4ME4T0F13,クロウ,L3NN1RWMY,アポロベイ海賊団,1022,3,2124,2746400,8,7,7,8,7,7,10,2,56
U5H26BL94,arium,N7GLY2RUW,百生銀行,784,3,2125,2746000,10,10,10,10,10,10,10,10,80
414B73W58,おじ,6UAFKBRPN,リンクラ初心者部,650,0,2126,2744600,10,8,9,10,8,7,10,7,69
N3H7RX2A8,銅鑼凡,N83DW3NYG,†極最強倶楽部†,1241,3,2127,2744400,9,9,10,10,9,9,10,2,68
2DV683HDF,抹希(まっき),VW65MCVF8,スリスリーズ,1734,10,2128,2744000,10,10,10,10,10,10,10,10,80
R89B15P22,shiitake,LJNCAEVAP,蓮ノ空さやか研,917,6,2129,2742800,8,9,7,7,8,7,8,3,57
FS4198Z1L,ぱこぱこまる,TM19BMU7C,ソロプレイヤーズ,1217,4,2130,2742400,8,9,8,9,9,8,10,2,63
B8GEMJUDW,JANE DOE,48BTAPMBG,蓮ノ空魔術部,1358,19,2131,2742200,10,10,10,10,9,10,10,9,78
L0VEFG4XP,mobi,0J44KFKD9,アサルトガーデン,1168,18,2132,2741400,10,10,10,10,10,10,10,10,80
W4FZYODCZ,さばかん,N8L41JAA7,無言 ノルマなし,1259,19,2132,2741400,10,9,8,10,10,10,10,8,75
HKEXR26RP,ういれん,1D7T2UXC2,無言でのんびり,1263,17,2132,2741400,10,10,10,10,8,10,10,5,73
TFFBYIT98,べにーびーばっど,M851LEV3N,なっす父兄,1540,7,2135,2741000,10,10,9,10,9,9,10,4,71
P3B7KLPP8,もかのん,PUJ0ERCMW,蓮ノ空倶楽部,1118,13,2136,2740800,10,8,9,10,7,7,7,3,61
PQZ20JJ99,yuuya,CT8XW752X,蓮ノ空写真部,1388,12,2137,2740200,10,10,8,10,9,7,9,5,68
RT18GTRHY,気高いミジンコ,WBW66DMUB,るりめぐ研究所,1243,13,2137,2740200,10,10,10,10,10,10,10,10,80
XJGU1LX69,ヨモギ,MTBP3B4GM,ふらわーすきすき,1231,3,2139,2739200,10,10,10,10,10,10,10,4,74
GWLM8MOD7,ちてい,1BME38BCD,さすさやクラブ,1354,4,2140,2738800,8,9,8,7,8,7,10,2,59
BA7ML95N2,ブチコ。,DHBGK1398,となりにこな,1435,13,2141,2738200,10,10,10,10,10,10,10,10,80
UCXYGCR1V,くそいるかくん,CRYB2FJ64,つくよみくらぶ,1234,5,2141,2738200,10,10,10,10,10,10,10,10,80
4AX4JN80V,Yoh,A3X92L6YU,お試し用サークル,1247,17,2143,2737200,10,10,10,10,10,10,10,10,80
22FL7MUVC,すてねこ,X33HHA9F8,アルストロメリア,1502,5,2144,2736600,10,10,10,10,10,10,10,10,80
4UVXDTM30,ゴン,KGY709ULG,蓮の花束,1078,4,2145,2735800,10,10,10,10,10,10,10,10,80
XGR5P0YTA,けをす,D7UA5ER1E,UR報酬欲しい！,1105,1,2146,2735600,8,10,8,8,8,8,9,2,61
7D94KWALU,梟雄x,YFADYJVW4,FPS好きクラブ,1156,17,2147,2735400,10,10,10,10,9,10,10,9,78
0BUCT205J,プサイ,CRXN961YF,ビギナーズラック,1052,8,2148,2735200,10,10,6,7,7,5,7,3,55
3JNTE3Y2C,みみかユイ,1KDUBW4HB,めぐ党0番,748,5,2149,2734600,10,10,7,8,6,6,8,10,65
THLNH2PQX,たくやん,M8FM7P139,蓮ノ空ひとり旅部,1244,0,2150,2734400,10,10,8,8,8,8,9,4,65
KA05V4AMK,上様,75UJ5RB97,蓮ノ空雪野球部,1636,0,2150,2734400,10,10,8,9,7,7,10,5,66
51ACSS3DF,にぼし,GPKTRBCTT,騎空団蓮ノ空支部,1510,3,2152,2733800,10,10,10,10,10,10,10,10,80
FA4C0U7P4,主任,WN3625XFV,チーム自由,1458,16,2153,2733200,10,10,10,10,10,10,10,10,80
XLASG19TY,こう滝,JHTULVV5P,故に瑠璃乃推し,1456,19,2154,2732600,10,10,10,10,10,10,10,10,80
PHPU1CVTB,nyuta（・8,JDAG79TG7,百合ノ空観察部,1657,17,2155,2731400,10,10,10,10,10,10,10,10,80
W2MNRG7U4,ハシェ,TTDBXERCU,蓮ノ空 全力応援,889,2,2155,2731400,10,10,10,10,10,10,10,10,80
BMPLV47WR,オルト,PLBBEX019,待機室目指し隊,1273,5,2157,2731000,10,10,8,10,8,8,10,4,68
I7XW1T72R,キニーネ,CM5THHYHB,「」ノ空だけれど,1457,19,2158,2730800,10,10,10,10,10,10,10,10,80
RKLTWRT1K,かくかく,26JDLMBLN,徒町は強く生きる,1139,12,2159,2730400,10,10,9,9,8,8,10,8,72
GZ8R0RSDI,なお,DHBGK1398,となりにこな,1410,10,2160,2730200,10,10,10,10,10,10,10,10,80
UBDNAYCNL,ドヤ,26JDLMBLN,徒町は強く生きる,1124,7,2161,2729600,9,10,6,10,10,5,10,7,67
8S4KJM7JG,白水かなた,Y2P9LABR2,スクステ同好会③,1586,10,2162,2729400,10,10,10,10,10,10,10,10,80
ALD7UHWYG,ＫＡＯ,Y2HV0YEF7,蓮ノ空を応援し隊,1471,17,2163,2728800,10,10,10,10,10,10,10,10,80
TTG4K0752,とっつぁん,HWJ8XPW0T,箱推しなのだけど,1503,15,2164,2728000,10,10,10,10,10,10,10,10,80
0WNUYY1GC,とこ,2VJG66JTH,まったり,1279,15,2165,2727200,9,10,8,8,9,7,10,2,63
92BJ2WH8C,はやたい,CV62FGL1U,花咲かせ隊,1234,19,2166,2726600,10,10,10,10,10,10,10,10,80
EUXS4EB7G,sora,9FF5JBNDF,めぐすきクラブ,1169,15,2166,2726600,10,10,10,10,10,10,10,10,80
BDW11259W,カナリダ,G59NGM0XA,シュリーレン,1161,18,2168,2726400,9,9,7,9,9,6,8,6,63
833GA2NAL,love花帆ちゃ,PUJ0ERCMW,蓮ノ空倶楽部,726,2,2169,2726200,10,10,8,7,8,6,6,4,59
73LRI9P2T,Az,N8L41JAA7,無言 ノルマなし,1368,5,2170,2725800,10,10,10,10,10,10,10,10,80
GDIBR7J8T,こだまだ〜,CX967RTGY,おんゆあさーくる,1405,18,2170,2725800,10,10,10,10,10,10,10,10,80
IBPGU1Y62,ナノ,F8MLHU2NV,乙宗梢様､､､,1316,2,2172,2724000,10,8,10,9,8,7,10,8,70
UJYGRJWTK,ゅ,T48KV9EP2,無言ぱーく,1145,19,2172,2724000,10,10,10,10,10,9,9,9,77
HGZP5757H,クール,573J1JVVK,かほかほ,1647,3,2172,2724000,10,10,10,10,10,10,10,9,79
GHRKDWYUH,すわぼた,JTX1G19BP,さやかほ癒し会,1495,19,2175,2723600,10,10,10,10,10,10,10,10,80
FD147GB86,つづりんでぃあ,GR65FP8VN,蓮好き,1244,11,2175,2723600,10,10,10,9,9,9,10,8,75
GEHXUXPDW,ゆり,DKNHY5HH6,なす料理研究会,1546,18,2177,2722400,10,10,10,10,10,10,10,10,80
5ZIQL7UXB,瑠璃柴,YD2XWWFA4,蓮好き好きクラブ,1365,12,2177,2722400,10,9,10,10,9,9,10,8,75
5DAP851U5,ふゆ,ELTW62751,安全バーは君の腕,1280,9,2179,2722200,10,10,8,9,9,8,10,6,70
LJ2BD0GN8,Hengry,RBDLWNFFM,ドルスリズパーク,827,2,2180,2722000,7,6,6,7,6,5,7,3,47
3HGRBJFEH,たろー,L1VGJTD5P,蓮ノ空お茶会部,1331,19,2181,2721600,10,10,10,10,10,10,10,10,80
HKZDREDZB,リオウ,5W8RPRVUA,ド！ド！泥！,1522,3,2182,2720200,10,10,10,10,10,10,10,10,80
T8FWD5RRL,あおい,4XRHRYDW4,無言でエンジョイ,1479,8,2182,2720200,10,10,10,10,10,10,10,10,80
DKPOAWBV8,Gato,7XH3K4GBT,LLP,1351,19,2184,2719600,10,10,10,10,10,10,10,10,80
RAU4OMHL9,ひむ,8JMW9G2XW,僕らのリンクラ！,1474,7,2185,2719200,10,10,10,10,10,10,10,10,80
GXWEN5LY0,おまめp,J0N1E3Y09,月火水木金土日,998,1,2185,2719200,10,10,10,10,10,10,10,10,80
O8VP65N5V,AnimeDad,PDMPF3VVV,r/LL,1294,14,2187,2719000,9,8,7,10,8,7,9,3,61
OGQVCONVB,ひめらぎ,9GDHWXGVG,ルリと花咲く毎日,1401,17,2188,2718400,10,10,8,10,9,9,10,7,73
NH5EAYUVP,かもめ,V8PE7XEWX,松任工場を偲ぶ会,875,0,2189,2717800,10,10,10,10,10,10,10,10,80
VQIBWKYIO,シン,N8L41JAA7,無言 ノルマなし,1553,13,2190,2716400,10,10,10,10,10,10,10,10,80
GAABA46XU,ぴ,CV62FGL1U,花咲かせ隊,1069,1,2190,2716400,8,10,7,7,7,7,9,2,57
FD3HAUFJG,まるはち,9GDHWXGVG,ルリと花咲く毎日,1509,14,2192,2715800,10,10,10,9,8,10,10,6,73
FKYV41FGL,UR確定輝神引姫,8MTLYLH9F,木星月華黄金宮,1332,17,2193,2715600,10,10,10,10,10,10,10,10,80
CJC6QJ6HK,くあんた,9UKKACGDU,蓮っ子CLUB,1587,10,2194,2715200,10,10,10,10,10,10,10,10,80
8062HTG1X,デパチカ,GKR9TEBYC,毎日がホリデイ♪,1365,9,2195,2714800,10,10,10,10,10,10,10,10,80
KABH9B1YC,蓮ノ大布団,K44BC8GLR,ことりのダイヤ,857,0,2195,2714800,9,9,8,6,7,7,9,5,60
UFW3PXIBU,TeaCup,M8FM7P139,蓮ノ空ひとり旅部,1669,19,2195,2714800,10,10,10,10,10,10,10,10,80
APR7476BU,みなと定食,WHWT61ELR,【無言】ハスノソ,1435,19,2198,2714400,10,10,10,10,10,10,10,10,80
4TJ80X7KS,マック,8VGXWTV3U,R.opRizm,1141,6,2199,2713000,10,9,8,10,8,8,9,5,67
FGWMCLNR8,YT,N7GLY2RUW,百生銀行,1124,15,2200,2712200,10,9,7,9,10,8,8,6,67
UO95BPS4G,はろめぐ,0CBM28JP6,ほうき星,1118,3,2200,2712200,8,8,7,5,6,5,8,2,49
0UAXEMCHU,あいちー,J0N1E3Y09,月火水木金土日,1213,17,2202,2712000,10,10,10,10,10,10,10,10,80
012BNWGD4,rice,L28X4MDJN,アフター観たいぞ,495,2,2203,2711800,9,8,10,9,9,10,9,4,68
H9GK7YEJ1,さかさま,Y2P9LABR2,スクステ同好会③,1291,13,2203,2711800,10,10,8,10,10,8,9,8,73
IXYRTKB29,ドクぺ,8R49BTWW6,蓮女お嬢様クラブ,1561,19,2203,2711800,10,10,10,9,9,9,10,10,77
0KJDJRG7K,葉山家のぬい5号,B2KV0EVPD,蓮ちゅきクラブ,1094,5,2206,2711000,10,10,10,10,10,10,10,10,80
GA8CN9FJ3,ジロウ,V8XX999F6,卍蓮村幼稚園卍,1099,6,2207,2710800,10,9,10,10,10,10,10,5,74
C23COYMFE,えりりぃ,HWJ8XPW0T,箱推しなのだけど,1196,0,2207,2710800,9,9,9,8,8,9,8,4,64
ZQSNNQLAG,ぴぃ,2NY9H8BR9,乙宗紅茶館,1561,3,2209,2710200,9,10,8,10,7,8,10,7,69
83VXNGB3T,ゴンザレスすぐる,YADX9DY49,ﾊｽﾉｿﾗｰ,989,4,2209,2710200,10,10,10,10,10,10,10,10,80
GVL8L66BZ,ゆき,8FR866PRY,蓮っ子みらくラブ,1566,8,2211,2709800,10,10,10,10,10,10,10,10,80
L76GX8WR4,SIU,FK5MUK0ET,くる♡すきクラブ,1391,15,2212,2709000,10,10,8,8,9,8,10,5,68
FRO9SDF5D,伊吹,NDTPN879N,ライバーズハイ,1484,15,2213,2708800,10,10,7,10,9,8,10,10,74
SE5DA9CEU,リトル,G8F0M2PH2,アフターウォール,1606,9,2213,2708800,10,10,10,10,10,10,10,10,80
GHZI9V3NW,Kaze,Y2HV0YEF7,蓮ノ空を応援し隊,1573,18,2215,2708600,10,10,10,10,10,10,10,10,80
DNAAU0LY3,サイト,X34LWGL6R,サークル2,1134,4,2216,2708000,8,9,5,7,7,7,10,4,57
E5HEUMVRU,シャウ,KFC62L0FV,ねるねる同好会,1564,19,2216,2708000,10,10,10,10,10,10,10,10,80
UHVD235TL,みぁみぁ,NJBBTCY3A,かにかに！,1281,19,2218,2707000,10,10,10,10,10,10,10,10,80
3HNHGOPR3,むらち,VP0K6KF0K,蓮ノ空大好き!!,1456,9,2219,2706800,10,10,10,10,10,10,10,10,80
0N58Y5LMM,サクラギ,X7YM9EG8K,伝統の石川地酒,1091,2,2220,2706400,10,8,10,9,9,7,7,6,66
QP9J4VAQF,セリル,43HRXMXWA,無言OKクラブ,1526,14,2221,2706200,10,10,10,10,10,10,10,10,80
56BD5R79W,orage,PH0YEPJD8,蓮ノ空北國金沢,1005,6,2221,2706200,10,10,10,10,10,10,10,10,80
L5105PWH3,たぃ,GK7JNB0NW,参加賞取り隊,1001,4,2221,2706200,3,9,8,9,10,9,8,9,65
0DC74BY7M,まさキャロ,2ULM366U6,毎日がエブリデイ,1487,16,2224,2705800,10,10,10,10,10,10,10,10,80
91YWE4UGX,アルト,D7H8MN2U4,LLD,562,0,2225,2705600,7,10,8,9,9,7,9,6,65
3X0Y8KUA4,ものくろ,RXXUPMWB9,待機室跡地観測所,1502,19,2225,2705600,10,10,10,10,10,10,10,10,80
010TT5G5U,ぽぺがー,MLC4A3B36,AWCC,358,0,2225,2705600,10,10,10,10,10,8,10,10,78
A4VCUZCDY,しずくま,PDMPF3VVV,r/LL,1353,10,2228,2705200,10,10,9,10,10,9,10,9,77
59FIWWE5F,せーの,GYG7B5R36,幼馴染同好会,1400,16,2229,2705000,9,9,7,8,8,8,10,6,65
RK1U34LGB,亀タンク,JDAG79TG7,百合ノ空観察部,1377,16,2230,2704200,9,10,10,10,10,8,10,9,76
KP0XK4DX9,すっとこどすこい,V4A5MP41E,徒町チャレンジ！,1197,7,2230,2704200,10,10,10,9,9,8,10,9,75
GWBMGPF42,スラリン,1F5EPPMLD,UR貰えればいい,304,0,2232,2703200,10,10,10,10,10,10,10,10,80
08KU92X2M,OИE,CV62FGL1U,花咲かせ隊,1483,18,2233,2702800,10,10,10,10,10,10,10,10,80
WK8LTUUTG,にしきごい,AW470U964,ボッチ会,1072,12,2234,2702600,10,10,10,10,9,10,10,10,79
MPJO08LKA,Word,DKNHY5HH6,なす料理研究会,1471,19,2235,2701600,10,10,10,10,10,10,10,10,80
C9KVADJH4,あきゆる,J62DRC7J5,蓮ノ空好き好き会,1142,4,2236,2701400,9,9,7,7,7,7,9,2,57
IEQVGJ4Z2,坊,G59NGM0XA,シュリーレン,1569,19,2237,2701000,10,10,10,10,10,10,10,10,80
5B6M9MNGG,ヒヨコワズライ,PULJ8VCHJ,蓮ノ空を推す会,1118,11,2238,2700400,10,10,10,9,8,8,7,8,70
77S4HCW1S,おっとっと,ULUELCJ7T,なるようになる？,1237,3,2239,2699200,10,10,9,9,8,8,10,7,71
EXMPE8C3N,しの,07JW71HWG,良いチケで観よう,1439,17,2239,2699200,10,10,8,10,9,8,10,7,72
P6OYR4PGF,フナッチ,WN5B7VKPU,きんぴられんこん,1542,17,2239,2699200,6,10,5,10,7,6,8,2,54
5VFVMMG1P,のぞむ,JA2C658FW,さや綴理の村人,1543,8,2242,2697400,10,10,10,10,10,10,10,10,80
VB88GBG59,御大将,LEHXHMR8N,みらぱ全力待機部,630,2,2243,2697200,10,10,10,9,10,10,10,3,72
DFP8E0588,ツバサ,HWJ8XPW0T,箱推しなのだけど,1250,17,2244,2696600,7,8,7,7,7,7,10,6,59
2DXKQ4N26,きょんG,KT4C59NXG,めぐ島,1453,5,2245,2695800,10,10,10,9,10,8,10,6,73
CMULRD345,かめきち,K8C99H42D,ルリと喜ド！愛楽,1295,8,2246,2694800,10,10,9,10,8,7,10,6,70
7ZHB0KXWK,ゆゆ,PLBBEX019,待機室目指し隊,1402,11,2247,2694600,10,9,10,10,9,8,9,3,68
0LTXY4ANY,たまも,R9T0YKDW8,かちまち応援隊,1335,18,2248,2694400,10,9,8,10,9,10,10,8,74
W4YMOPTA6,アオバ,H6JWBBGCG,蓮天・乙宗一心流,1393,15,2249,2694000,10,10,10,10,10,10,10,10,80
1SZC1F0XN,バルト,GKR9TEBYC,毎日がホリデイ♪,1503,6,2250,2693600,10,10,10,10,10,10,10,10,80
P84KEMHKF,しん,WFPA7YJE1,蓮ノ空文芸部,1440,7,2251,2692600,9,10,10,9,9,10,10,8,75
XIR8A6UYH,しゅういち,EEP20F2M8,綴理の綴り,1530,15,2251,2692600,10,10,9,9,9,10,10,5,72
UYB36NK20,冷麺,ULGVU4B0G,約束のBAR7,1303,20,2253,2692200,10,10,10,10,10,10,10,10,80
NJENP3TEO,ノム,998H940YN,お嬢様筋トレ部,1401,9,2254,2691600,10,9,10,10,9,10,10,9,77
JVS3WVUZQ,ひらゆう,48BTAPMBG,蓮ノ空魔術部,1453,12,2255,2691000,10,10,10,10,10,10,10,10,80
LLJL989WE,イツッキー,HBK6KCRPP,無言でおけ,1703,16,2256,2690600,10,10,10,10,10,10,10,10,80
E09RNAVW7,tonkotu,AND13836G,乙宗梢親衛隊,866,0,2257,2689800,8,6,7,6,6,7,6,2,48
O6NX8JP2P,杉谦,Y2HV0YEF7,蓮ノ空を応援し隊,1459,7,2258,2688800,10,10,10,10,10,10,10,10,80
UZUVRH4ND,にょろーん,GYG7B5R36,幼馴染同好会,1328,16,2259,2688600,10,10,10,10,10,10,10,10,80
TDP9T3YV9,かなり,WTJV514G9,蓮ノ空のお弁当屋,907,4,2260,2688400,10,10,8,9,7,5,8,3,60
V5WH9X9NW,ヒトシ,H0DV3JJGA,かほさやてぇてぇ,1400,19,2261,2687000,10,10,10,10,9,8,10,8,75
17AC8U9H7,めぐる,VLY5JDKCV,新規なのだけれど,1120,17,2262,2686400,10,10,10,10,10,10,10,10,80
33WLCC6U3,ASUKA,A3472CNJE,ハントン✿ライス,1159,10,2263,2686200,9,10,6,10,10,7,9,6,67
LYKYH17G0,エリアル,A7WWE0463,蓮ノ空初心者部,1410,19,2264,2685200,10,10,10,10,10,10,10,10,80
G6K6T1WV0,保線後,25PMPEMG7,星見プロ,1469,19,2264,2685200,10,10,10,10,10,10,10,10,80
6HH8HG3CX,ろくがつ,8R49BTWW6,蓮女お嬢様クラブ,1108,6,2266,2685000,10,10,8,10,10,9,10,8,75
K82VSE1PW,Lefty,63AKA05VR,まったりGngy,1308,12,2267,2684800,10,10,10,10,10,10,10,10,80
2UQOXOQLR,はちお,8JMW9G2XW,僕らのリンクラ！,1220,4,2268,2684600,7,7,8,6,3,3,7,4,45
01VM3SH5T,wicky,W2HEPMM2A,無言。ぼっち。,1458,19,2269,2684200,10,10,10,10,10,10,10,10,80
YEX8FP88X,DDなのだけれど,9YM3DBTB7,泥民館,1494,19,2270,2683200,10,10,10,10,10,10,10,10,80
3FOUQ9FU4,海斗,L5L28YLA4,ひとり,1189,4,2270,2683200,10,9,7,8,7,8,10,2,61
V7BD7GG3N,てつ,AXG81GPMP,蓮ノ空マタギ部,1214,2,2272,2683000,10,10,10,10,10,10,10,10,80
3R3NRSQ9A,yamato,K44BC8GLR,ことりのダイヤ,1334,14,2273,2682800,10,10,10,10,10,10,10,10,80
MWBIKHWKH,わんたん,0UT59MJ8U,かほすこ同好会,1521,16,2273,2682800,10,10,10,10,10,10,10,10,80
2TG40QXIT,トゥモ,8R49BTWW6,蓮女お嬢様クラブ,1406,12,2275,2682600,10,10,10,10,10,10,10,10,80
T9035038D,^にゃおき^,VP0K6KF0K,蓮ノ空大好き!!,905,2,2275,2682600,8,8,7,9,8,6,7,5,58
YFWRXPEGM,たけちゃん,K4TAHF9YA,はすっこ準備室,1319,4,2277,2681800,10,10,10,10,10,10,10,3,73
0XS5ZHTMK,iKona,573J1JVVK,かほかほ,1175,11,2277,2681800,10,7,3,4,10,7,9,2,52
BRBH87EDU,ばいぱー,HPTHY23VR,蓮ノ空文芸部,1069,15,2279,2681600,9,10,6,10,7,10,9,7,68
F7EPLTY7L,Tanasinn,BEMED3RY1,無言無課金ok,669,0,2280,2680400,10,10,9,10,10,9,9,5,72
LYDM04GML,Rokka,DF7FA982P,蓮ノ空百合部,659,6,2281,2680200,9,8,10,9,8,10,6,5,65
HUCH8JBO4,wraita,T0XP8PFYU,兼六園と私,1446,19,2282,2679800,10,10,10,10,10,10,10,10,80
RKDUGJ43M,フラン,GPKTRBCTT,騎空団蓮ノ空支部,1158,8,2283,2678600,10,8,10,10,10,8,8,4,68
T3NCHMRHP,TG,R083H7WRN,サークル無言,1030,12,2284,2677800,10,7,5,7,8,5,10,2,54
0G0PVMK7C,葱々,5WUDLMWEP,蓮ノ空は明日ノ空,1211,2,2285,2677000,9,7,8,8,8,7,7,6,60
WTPAQ8J2R,オスカー,R181MKNX1,みらくらは人生！,1421,18,2286,2676800,10,10,10,10,10,10,10,10,80
MHUA0464C,イボンコ,NMT63RUDV,泥村,1144,3,2287,2676400,9,10,8,9,8,8,10,7,69
F2A1RX60N,みどり,JA2C658FW,さや綴理の村人,1241,13,2288,2676200,10,10,10,10,10,10,10,10,80
VBN10J39K,ふく,573J1JVVK,かほかほ,979,5,2289,2675000,10,9,8,9,7,8,8,6,65
2NZBY5R1T,モチポン,J62DRC7J5,蓮ノ空好き好き会,1236,2,2290,2674800,10,10,8,7,7,7,10,4,63
8D1KP6PD5,로드롤러,HB9AU9DJJ,聖心党,835,4,2291,2674400,10,10,10,10,10,10,10,10,80
1X0SI50X8,ショウ,UW7XNGLNW,フラワー!!!!,1336,19,2291,2674400,10,10,10,10,10,10,10,10,80
RFGK434G5,はりゔぉぉお,YDYH4VRRP,レンクウ,1092,13,2293,2674200,10,10,9,9,10,8,9,7,72
55R93YW78,セセ・ラ・セラ,9C0KWR782,まったリンクラ,1500,15,2293,2674200,10,10,10,10,10,10,10,10,80
27JFRY8KM,Via,UVK38MFR2,蓮の虚無サー,983,5,2293,2674200,10,10,10,10,9,10,7,6,72
K9XRZKF6W,凰沐,FH7G62PKW,月火水木金土日,1342,13,2296,2673800,8,10,7,8,6,8,10,6,63
12L1AUH04,コバちゃん,M851LEV3N,なっす父兄,1644,20,2297,2673200,10,10,10,10,10,10,10,10,80
J99M467R9,広高,HMBW9DXY2,蓮好き皆あつまれ,932,2,2297,2673200,10,10,9,9,9,8,10,9,74
TLJ0BRFAA,ブリンソン,948FLPMPN,まったりハス煮〜,1038,7,2299,2672600,8,10,9,10,8,5,6,6,62
PLJRBRNAY,かじん,AR9HR528A,いろいろ実況,1729,17,2300,2672400,10,10,10,10,10,10,10,10,80
BYUQ1C0VJ,かわしゅん,YLW24U5VL,驚天動地同好会,1481,18,2301,2672200,10,7,6,7,10,6,10,7,63
OLZWE0YRK,アスカ,YD2XWWFA4,蓮好き好きクラブ,1600,15,2302,2672000,10,10,10,10,10,10,10,10,80
DYL2U7HWR,少年A,BT22M41DV,梢花帆吟子同好会,1481,18,2303,2671400,10,10,10,10,10,10,10,10,80
L5FWMMCWN,ぎん,Y2HV0YEF7,蓮ノ空を応援し隊,1596,11,2303,2671400,10,10,9,10,10,8,9,9,75
YMQZUBDZ8,はまもん,GYG7B5R36,幼馴染同好会,1369,13,2305,2670800,9,9,7,7,7,7,9,2,57
E0JO659QD,ソン,948FLPMPN,まったりハス煮〜,1562,16,2306,2670200,10,10,10,10,10,10,10,10,80
6DKF15F81,UH,HB9AU9DJJ,聖心党,1301,17,2307,2669600,10,10,10,10,10,10,10,10,80
LFZN8ZP8I,ぐっちび,2NY9H8BR9,乙宗紅茶館,1391,18,2307,2669600,9,9,8,10,8,8,9,7,68
10NAV71GP,あばば,NC2YT2V28,蓮之愛同予者何人,1456,4,2309,2669500,10,10,6,10,9,5,10,5,65
T6U80F9NB,カズ,K0ATKT27L,中川左遷先,891,4,2310,2668800,10,10,10,10,9,7,5,10,71
UVGPMPJXJ,Fuu,Y2HV0YEF7,蓮ノ空を応援し隊,1359,9,2311,2667800,10,10,9,8,9,7,9,8,70
WRKTXC0PV,EMOKC,MTBP3B4GM,ふらわーすきすき,1044,2,2311,2667800,10,9,7,8,7,7,10,3,61
VJWFL71HX,Ponchau,8R49BTWW6,蓮女お嬢様クラブ,1280,18,2313,2667600,10,10,8,9,9,8,10,6,70
C0SR4GO9A,ことまり,9UKKACGDU,蓮っ子CLUB,1679,19,2314,2667400,10,10,10,10,10,10,10,10,80
Q084QHT3Z,学生A,PH0YEPJD8,蓮ノ空北國金沢,1583,17,2314,2667400,10,10,10,10,10,10,10,10,80
VE8W5MFCZ,すぬ〜か,7D5W8V5UD,v..v,1233,0,2316,2667200,7,6,8,9,9,5,8,2,54
R9VEJAA28,らいは,VP0K6KF0K,蓮ノ空大好き!!,706,4,2317,2666000,10,10,8,9,9,8,10,9,73
LG5V6FL3M,いあ＝だーふぇ,UHF5Y8PEF,さやちゃん倶楽部,1305,15,2318,2665800,10,10,10,9,8,8,10,8,73
2WK85ZVSD,ゆゆき,1BME38BCD,さすさやクラブ,1523,18,2319,2665600,10,10,10,10,10,10,10,10,80
BNV0K5GM2,ミ,2NY9H8BR9,乙宗紅茶館,1320,18,2320,2665400,10,10,10,10,10,10,10,10,80
LYLCI69VJ,さいは,85D411XNB,蓮っ子の集い,1467,17,2321,2665200,10,10,10,10,10,10,10,10,80
NDF10E002,ゆかり,Y6JNPC60C,綴理メイト,1396,19,2322,2665000,10,10,10,10,10,10,10,10,80
VA7RK1TH4,yeah,W26TRPM1R,めぐ党藤島派,1282,5,2323,2664200,10,10,9,9,9,9,10,8,74
AITEOLNKO,お姉さま,CTW8DKV5P,まったり,1169,12,2324,2663600,10,9,7,8,8,7,6,6,61
X042RNRTU,マツD,0R8BXPRC1,ポチっ！とクラブ,933,3,2325,2663400,10,9,10,10,9,8,9,8,73
C1WT81YT9,しば,WFPA7YJE1,蓮ノ空文芸部,1198,7,2326,2662800,10,10,10,10,10,10,10,10,80
HF832A0LA,リュート,MVMP6NNXD,空き時間らくがき,1487,19,2326,2662800,10,10,10,10,10,10,10,10,80
N04KVX86U,メジアン,HE0GK3EPE,瑞蓮プロカ倶楽部,1564,19,2328,2662280,10,10,10,10,10,10,10,10,80
WTMDS3XHS,リンシラベ,J0N1E3Y09,月火水木金土日,1438,11,2329,2662200,10,10,10,10,10,10,10,10,80
CCXD7AREJ,グ,LUYG5CWPJ,La+,1172,16,2330,2662000,10,10,10,10,10,10,10,10,80
88VL2GGBH,枝豆,AR9HR528A,いろいろ実況,1105,2,2331,2660400,9,9,7,8,7,7,10,4,61
QT144ZQM2,結城,0EL43A30P,こころのいろは,1138,11,2332,2659240,10,10,10,10,10,10,9,10,79
262K8V3H2,スノーグローブ,R181MKNX1,みらくらは人生！,1421,19,2333,2658250,10,10,10,10,10,10,10,10,80
CI6NDJDGQ,ヨダ,5KK3DFY18,MUGEN∞,1397,3,2334,2658200,10,10,10,10,10,10,10,9,79
D9Q2PE3YQ,せるいる,49AMYCXCD,ルドベキア,1588,18,2335,2657800,10,10,10,10,10,10,10,10,80
F12PTN6GB,デンジ,5YEE75CB4,ロビーで待ってる,813,3,2336,2657400,10,10,10,8,7,7,10,5,67
U6RR3WKC1,しぐまむら,25PMPEMG7,星見プロ,1284,0,2336,2657400,10,10,8,10,8,8,8,5,67
RHC6172WL,ぽちーず,6D49YVAT7,ユニット愛で隊,1453,16,2338,2657200,10,8,7,9,8,8,9,3,62
0Q531ZJCT,黑キタ,A73H7ENN2,エロマンガ同好会,1249,16,2339,2655600,10,10,10,10,10,8,10,6,74
DR984WMXL,ゆい,V6DV6KETG,梢好き好きクラブ,1535,9,2340,2655200,10,10,10,10,10,10,10,10,80
1LZ1ANSSD,ひしがた,MXNCA0703,◇,1740,20,2341,2653800,10,10,10,10,10,10,10,10,80
D3DW11YG9,まっち〜,95TAREFPT,ご自由にどうぞ,1136,18,2342,2653600,10,10,10,10,10,8,10,9,77
XCJ4OPKTT,よふかし,7XH3K4GBT,LLP,1480,19,2343,2653250,10,10,10,10,10,10,10,10,80
UYL09U1AJ,やまぴー,48BTAPMBG,蓮ノ空魔術部,1181,19,2344,2653000,10,9,9,8,9,10,10,10,75
C6F5965CD,バトルフェイス,AVY8PECF0,初心者の集い,1408,19,2345,2652800,10,10,10,10,10,10,10,10,80
U3VJ1Y612,ゼオン,E7UBFLW56,同好会の同好会,674,2,2345,2652800,10,10,10,10,10,10,10,10,80
52KQKW48S,nikki,787M83PDC,FU€TORY,1433,19,2345,2652800,10,10,10,10,10,10,10,10,80
BBBE3EN0X,がだい,0CEA9XFKR,蓮ノ空の泥人会,1263,18,2348,2652780,10,9,10,10,8,8,10,6,71
TPLTLFC86,ぷにこ,9DKR4Y2CJ,蓮ノ空老人会,1545,15,2349,2652600,10,10,10,10,10,10,10,10,80
0BP7ANXHV,ちゅん×4,K25DPPGT9,圧倒的にまったり,1553,19,2350,2652200,10,10,10,10,10,10,10,10,80
5XA221NB7,茶ダム,FE282F3VH,天悶部,1270,7,2351,2652000,9,10,8,9,8,7,8,7,66
W65OLR38R,本だし活用術,NA8FEYN0M,蓮ノ空飲酒クラブ,1345,9,2352,2651800,9,10,8,8,8,8,10,6,67
YEZNKQ1J7,トラン,YK0X6N2HN,無言OK出入自由,1598,18,2353,2651640,10,10,10,10,10,10,10,10,80
GQT54AYSP,Tenshi,YFADYJVW4,FPS好きクラブ,1627,9,2354,2651400,10,10,10,10,10,10,10,10,80
RUTCEFX6L,ゆう,JDAG79TG7,百合ノ空観察部,1479,20,2355,2651000,10,10,10,10,10,10,10,10,80
VH3M9HCB8,佐倉百合子,JBWTMUYAW,梢好き好きクラブ,1200,12,2355,2651000,10,10,7,8,8,7,9,5,64
76TMLS8QC,みこたん,CXG25026E,泥のみんなS,1335,3,2357,2650400,10,10,10,10,8,10,10,8,76
JPGJE5B0R,まりえ,G8F0M2PH2,アフターウォール,1300,8,2358,2649000,10,8,9,8,9,8,8,8,68
VFMN58434,LLO,HKETDDCK6,ぼっちざ蓮!!,1239,19,2359,2647400,10,10,10,10,10,10,10,10,80
QWXQJVSUJ,くあ,FVJABCVP3,瑞蓮ラボ,1419,19,2359,2647400,10,10,10,10,10,10,10,10,80
JKJ9MLXH0,ともか,ABU58EVJ2,Quatuor,1157,17,2361,2647200,10,10,10,10,10,10,10,10,80
G2RTAXMKU,ムエタイ,2ULM366U6,毎日がエブリデイ,1292,5,2362,2646600,10,10,9,10,7,8,9,2,65
15AAN9VTO,そろん,WN5B7VKPU,きんぴられんこん,1444,4,2363,2646400,10,10,10,10,10,10,10,10,80
6G88GKY77,ひろくん,X34LWGL6R,サークル2,1365,20,2364,2646200,10,10,10,10,10,10,10,10,80
L4E4Y46WR,takep,L231MX6MB,モノクル,1180,0,2364,2646200,10,10,10,10,10,8,10,6,74
K9G2HPEM9,para,2VJG66JTH,まったり,1366,0,2366,2645200,10,10,9,10,10,9,10,7,75
CBR337FMZ,ケイゴ,J8HXTJ8TB,流し素麺同好会,1432,11,2367,2644800,10,10,10,10,10,10,10,10,80
C4VKFC88T,アース,H837E0M9R,沙知先輩大好き部,1316,13,2368,2644400,10,10,10,10,10,10,10,10,80
P61NEBNUY,棚城代表,FG5VFFNRK,蓮ノ空おじさん,1191,17,2369,2643600,10,10,10,10,10,10,10,10,80
YB8HXJTGD,杉花粉君,KC1W74B9B,蓮六園,1371,4,2370,2643200,10,10,10,10,10,10,10,10,80
2R50RFKTK,おかにく,6531MBM0X,のちもたーズ,865,4,2371,2642600,8,6,7,8,7,5,6,2,49
NHU62JVBI,よーい,1DU9LCND7,蓮ノ空すこやか部,1651,18,2372,2642140,10,10,10,10,10,10,10,10,80
PWTJD3CC2,ヒイラギ,6WJW7R1TD,さやこずノ休日,827,1,2373,2642000,9,7,7,8,6,6,9,4,56
EDC4D38E2,ぱん粉,GR65FP8VN,蓮好き,1170,11,2373,2642000,8,8,8,8,8,8,10,7,65
BKUMXWUFL,ひらや,948FLPMPN,まったりハス煮〜,992,3,2375,2641600,10,10,10,9,9,9,10,4,71
UD8VF7X9X,キュゥべえ,T9NYVCUC8,ねそべり愛でる会,1154,9,2376,2641400,10,7,10,10,7,7,10,7,68
VBJABKXCW,翼,DFFYFJ2B6,つづさや好き過ぎ,1304,11,2376,2641400,10,10,8,9,8,8,10,8,71
GG5LYRKPK,yuki,8R49BTWW6,蓮女お嬢様クラブ,1345,8,2378,2640600,10,10,10,10,10,9,10,10,79
KUG0KRWJM,heigi,XK83VXEED,TUAS,1295,3,2378,2640600,10,10,7,9,10,8,10,5,69
LO590H6JH,わっふる,HKETDDCK6,ぼっちざ蓮!!,1205,7,2380,2640200,9,10,10,10,7,7,9,2,64
62Y70C7GP,tam,9FF5JBNDF,めぐすきクラブ,708,4,2380,2640200,10,10,10,10,10,7,10,6,73
I8A7KS35M,いさと,VF517JBVB,無言でいいよ。,1621,16,2382,2639860,10,10,10,10,10,10,10,10,80
0GRGPIGO5,maru,6WUADDR4U,からあげ,1490,15,2383,2639600,10,10,10,10,5,10,10,9,74
7N7R85W85,マツイ,BT3GEWM5L,ささやか村の集い,1441,9,2384,2639400,9,8,10,6,6,7,10,5,61
CMXX1B7HK,雨日百合,N0EXH1CM1,ぱちぱち徒町,1065,5,2384,2639400,8,8,8,10,6,9,8,5,62
42K81VYYS,ハイド。,0CBM28JP6,ほうき星,1636,4,2386,2639000,10,10,10,10,10,10,10,10,80
A8FLKFA0G,ユニット,XPRA8TRVE,蓮ノ空ロボット部,1362,6,2387,2638800,10,9,10,9,9,8,10,2,67
NWY5G24CG,なめねこ,N7GLY2RUW,百生銀行,1377,18,2387,2638800,10,10,9,9,9,9,10,9,75
ZLH5V1V6Z,ゆききなこ,75UJ5RB97,蓮ノ空雪野球部,1456,12,2389,2638400,10,10,10,10,10,10,10,10,80
Z7F5FZ527,甘楽SE,FG5VFFNRK,蓮ノ空おじさん,1637,17,2390,2638000,10,10,10,10,10,10,10,10,80
69MFX9CPT,天城,T2XRMGEAE,蓮根無言会,1215,8,2391,2637800,10,10,10,9,9,9,10,8,75
9VVKLTE0B,桜の恋歌,KXU941RFJ,梢先輩おめでとう,1193,19,2392,2637200,9,7,8,7,7,6,10,5,59
0JKY3BXTW,gg,R1RM3X0WV,後方腕組みオタク,1137,11,2393,2636800,8,9,9,7,7,6,9,6,61
0YS5ZI4UO,txaxkaたか,NT2KU5174,こずかほ。,1419,18,2394,2636200,10,9,10,9,7,10,10,8,73
OLIPCC7QY,とうふのみそ煮,CV62FGL1U,花咲かせ隊,1340,15,2395,2636000,10,9,8,9,9,10,10,8,73
K9LLHN0WV,kyon,TD87P23DJ,黄昏の旅団,1206,4,2396,2635800,9,9,8,10,10,7,10,6,69
W5C9A963M,なっすちゃん推し,1DU9LCND7,蓮ノ空すこやか部,1220,15,2397,2634600,7,10,10,10,8,3,6,3,57
LY7G7TLSG,tank,WCL6R1ANU,無所属の会,792,2,2398,2634400,10,8,9,10,8,10,7,7,69
JVQ5F4INS,KKK,1DU9LCND7,蓮ノ空すこやか部,1431,19,2399,2633600,10,10,10,10,10,10,10,10,80
PLLQIXJI6,まよ,9DKR4Y2CJ,蓮ノ空老人会,1325,9,2400,2633400,10,10,9,10,10,8,10,8,75
J2G5F9NAF,Sammy,R181MKNX1,みらくらは人生！,1130,3,2400,2633400,10,10,10,10,10,10,10,10,80
V8N2DW921,ドーン,0YLUK30K6,蓮っコの集い,1136,11,2400,2633400,9,10,9,10,9,10,10,10,77
8JDT6KXGY,飛鳥II,F8MLHU2NV,乙宗梢様､､､,939,0,2400,2633400,10,8,8,10,8,6,7,4,61
K2KK5KYKU,ふぁい,AND13836G,乙宗梢親衛隊,1034,3,2404,2633000,9,9,5,5,7,5,8,2,50
P2MJB28G7,Can,APD9U5CFA,立ノ空スクステ部,1183,9,2405,2631600,9,10,8,6,8,7,9,6,63
WPPCDF0CE,アイン,L28X4MDJN,アフター観たいぞ,1400,19,2405,2631600,10,9,9,10,8,7,10,6,69
G45PT1Y5H,十六夜,AG9PKMMC3,ぱかぱか同好会,1461,13,2407,2631200,10,10,10,10,8,8,10,8,74
BURKV8S3X,じゅうけん,KBJ2P8T0Y,人見知りの集い,981,11,2407,2631200,10,10,10,10,10,8,10,10,78
E4G0AGWBD,メイプル,K8C99H42D,ルリと喜ド！愛楽,875,8,2409,2631000,8,7,7,10,7,7,9,7,62
FXNBXLOUO,ハシボソ,Y2HV0YEF7,蓮ノ空を応援し隊,1425,19,2409,2631000,10,10,10,10,10,10,10,10,80
JYIDND783,Spinel,4LEPNP89A,ひとり,1306,19,2411,2630800,8,9,10,8,9,7,10,5,66
25W9YGSKT,ぶん,W3F0URUJC,梢先輩応援団,1421,15,2412,2629600,10,10,10,10,10,10,10,10,80
MH7MGGAF5,keke4,GVYK75TPW,あ,673,1,2413,2629400,10,10,10,10,9,8,10,8,75
6FXNY8SQM,ぽん,HBCC35887,そりゃー!!!,1366,15,2414,2629000,10,10,10,10,10,10,10,10,80
RR0BNJ6QX,ぐりか,CM5THHYHB,「」ノ空だけれど,1314,8,2415,2628800,10,10,9,10,7,8,10,6,70
IPI65P1CN,ちゅけま。,CRYB2FJ64,つくよみくらぶ,1195,12,2416,2628000,9,6,7,7,7,7,7,4,54
AXKP20H0X,Kちん。,B4ADNM80X,山本組,1224,19,2417,2627800,10,10,10,10,10,8,10,10,78
MLOI79WFB,やずな,06DCWC1RE,とりあえず参戦用,1077,0,2418,2627200,10,9,9,10,8,10,10,3,69
1D6GG1K9Y,よね,G0WRCNRWK,県立沢庵図書館,683,2,2419,2626800,10,7,4,10,10,1,2,2,46
D2T3YFID3,エルダずえ,2UKNVBMBU,梢ちゃん同好会,1580,19,2420,2626400,10,10,10,10,10,10,10,10,80
WHW8PVC7L,3!,KT4C59NXG,めぐ島,912,3,2421,2625800,10,10,10,10,10,10,10,10,80
VWZ7PP7PZ,さつき,2ULM366U6,毎日がエブリデイ,1442,15,2422,2625420,10,6,9,8,9,7,7,3,59
RHP279359,いんぐ,4RY75CKM4,LLすこ部　メ募,1119,12,2423,2625000,9,7,6,8,5,7,8,3,53
DM23BNW1P,ザカ,G59NGM0XA,シュリーレン,1290,14,2423,2625000,8,8,8,9,9,9,10,8,69
XI6I79HEL,サクナメモワール,8EP8BFEV7,蓮ノ空女子野球部,1186,7,2425,2624600,10,10,10,10,10,10,10,10,80
6Z77SUALU,HSC,CV62FGL1U,花咲かせ隊,1236,12,2425,2624600,10,10,7,7,8,6,10,6,64
8LAYXW88D,にれい ちぃな,FG5VFFNRK,蓮ノ空おじさん,987,0,2427,2623800,10,10,10,10,9,9,10,7,75
E86WTQF9I,のぞし,7U20138DB,LGP,1031,11,2428,2623600,10,9,9,9,9,10,10,9,75
YB23XF0RJ,ado2,BPG4D3VMA,不明,1123,2,2429,2623400,9,5,7,5,7,5,9,3,50
TA107R7XB,あびっぴ,L28X4MDJN,アフター観たいぞ,1428,8,2430,2623140,10,10,5,5,9,5,10,10,64
HWWN7ND5L,宮原修一,CXG25026E,泥のみんなS,1505,12,2431,2622800,10,10,10,10,10,10,10,10,80
AKW9KT8K2,しゅー,FMKP92LRL,目が霞む人達,1032,6,2432,2622000,10,10,10,10,9,9,10,9,77
TLR2KZDVF,プーデブ,5KK3DFY18,MUGEN∞,1456,15,2433,2621600,10,10,10,10,10,10,10,10,80
HXY6H6JRH,mart,38KAJGDGU,異次元シャニP,1249,18,2434,2621250,9,9,10,9,9,10,10,8,74
AMP0MVEJZ,みかんごはん,J4KPR8GX0,関西ラ研,1464,19,2435,2620800,10,10,9,9,8,8,10,9,73
SID3ZQ2MB,もこなた,HWJ8XPW0T,箱推しなのだけど,1437,2,2436,2620200,10,10,10,10,10,10,10,10,80
8AEDSFMK9,Ratchet,V6DV6KETG,梢好き好きクラブ,1591,19,2437,2618800,10,10,10,10,10,9,10,9,78
BAT8RUVMJ,naoki,J7N4W6Y1K,こずミックラブ♡,1449,14,2437,2618800,10,10,10,10,10,10,10,7,77
C70R7ET2U,SHIOSABA,FDWY9N1P7,"ゲCo.,Ltd",1175,18,2437,2618800,10,10,10,10,10,10,10,10,80
KYB9CT2XY,たいよー,LAP2W049X,りんひな愛好会,623,0,2440,2618400,10,9,9,10,9,9,9,9,74
LIQI49M3E,ごんじん,B2KV0EVPD,蓮ちゅきクラブ,1387,17,2441,2618000,10,10,10,10,10,10,10,10,80
D909NU25N,アール,N2KCENRKH,猫＆旅大好き部,1218,19,2442,2616680,9,10,9,9,9,10,10,9,75
JIYW4OT55,スト,GN1798YEX,ド!ド!同好会,1444,14,2443,2616600,10,10,8,10,9,9,10,6,72
01M9GFPB3,ロイド,7NJM1VURM,らんるん部。,455,2,2443,2616600,6,5,5,5,6,10,8,6,51
U0652X7GO,なしれい,HKETDDCK6,ぼっちざ蓮!!,1389,2,2445,2616200,10,10,9,10,10,10,10,6,75
KEPGV594M,ねこむ,V26546K3D,乙宗気合筋肉,685,4,2445,2616200,10,7,6,2,2,5,7,3,42
HH9Q5BUF8,れじぃな,1BME38BCD,さすさやクラブ,1542,4,2445,2616200,10,10,10,10,10,10,10,10,80
2E7QQUULE,sho,B5V2LNN43,WMW,1782,20,2448,2615920,10,10,10,10,10,10,10,10,80
0AF3ZJV16,あどび,GVT61ATX0,なのだけれど,1348,5,2449,2615800,10,9,7,9,10,6,10,5,66
M3NR053LW,ツキノワ,6XX7GBM0K,ぷちぐる同好会,1418,15,2450,2615250,10,10,10,10,10,10,10,10,80
USL4MDH3Z,閣下,J8HXTJ8TB,流し素麺同好会,1520,19,2451,2615000,10,10,10,10,10,10,10,10,80
90C5H5PNF,いぬ,UHF5Y8PEF,さやちゃん倶楽部,1178,1,2451,2615000,10,10,10,9,10,9,10,7,75
WBCTVU8GR,ハヤテ,D7H8MN2U4,LLD,1315,3,2453,2614200,10,10,10,10,10,8,10,9,77
U2WEDH4MU,かいりさん,8MLVA67AK,聖ミリオン女学園,1312,5,2454,2614000,9,9,10,9,9,10,10,9,75
DVMW3PBV0,ゆきお,V26546K3D,乙宗気合筋肉,1208,18,2455,2613800,10,10,10,10,9,10,10,9,78
4C5FL7PCN,二ャトリィヌ,TDHKGHFPA,無言参加○！,1390,18,2455,2613800,10,10,10,10,10,9,10,6,75
YV0DB8493,はんぞ,GW4CH70HK,TKG同好会,1190,6,2457,2613000,9,9,8,8,7,7,7,5,60
VRA2YU7TK,鱼板面,J800VVPTN,Aqours,1097,13,2458,2612600,8,8,6,7,8,6,9,5,57
900WO0GGU,マジテンシ,1F5EPPMLD,UR貰えればいい,1667,15,2459,2612000,7,10,7,7,6,7,9,4,57
2HEBKTP0P,かすてら,LLDLG20UU,UR取り隊,1123,3,2460,2611200,9,7,8,8,7,7,10,2,58
J8LJOFWI4,八城,9FF5JBNDF,めぐすきクラブ,1575,13,2461,2609460,10,10,10,10,10,10,10,10,80
9VVAR16ZD,たあこ,5L9GNT78V,叶え！私達の◯◯,1344,14,2462,2608400,7,10,8,10,10,8,10,2,65
L09HKBMPL,eru,2NY9H8BR9,乙宗紅茶館,1236,10,2463,2608200,8,8,7,7,7,6,10,5,58
5W3YWXSV6,テイルモン,7XH3K4GBT,LLP,1538,19,2464,2607500,10,10,10,10,10,10,10,10,80
9K5WNRTG3,かがり火,HBK6KCRPP,無言でおけ,1519,17,2465,2607200,10,10,10,10,10,10,10,10,80
7MNTLTUH9,湾上黒百合,N83DW3NYG,†極最強倶楽部†,1107,8,2466,2606400,8,8,6,7,7,7,10,10,63
RNW2S4UHR,ゆづき,WHWT61ELR,【無言】ハスノソ,1372,15,2466,2606400,10,10,9,10,9,9,10,7,74
352PM3X01,梢先輩スキスキ,4XRHRYDW4,無言でエンジョイ,1243,15,2468,2606000,9,9,8,8,9,7,10,8,68
JNJD6NWER,マサ,JDAG79TG7,百合ノ空観察部,1055,0,2469,2605800,9,10,7,8,7,7,10,4,62
VJ5A65Y68,mugppi,XPRA8TRVE,蓮ノ空ロボット部,1317,16,2470,2605400,10,10,10,10,10,10,10,6,76
JHSN9O2WU,みったん,RF5215M2U,スクステ同好会②,1585,15,2471,2605200,10,10,10,10,10,9,10,2,71
FFF2CHO2D,BLUE,MVMP6NNXD,空き時間らくがき,1363,13,2472,2605000,10,10,10,9,9,8,10,7,73
3XTRK8UH8,むゆ,F8MLHU2NV,乙宗梢様､､､,1503,15,2473,2604750,10,10,10,10,10,10,10,10,80
DE5ED48XV,シャノ,GN1798YEX,ド!ド!同好会,1075,3,2474,2604400,9,9,8,10,9,7,10,2,64
HWGVRBHDH,@G.,BCJRMHE75,梢すきすきクラブ,1319,14,2475,2603800,10,9,7,8,9,7,8,3,61
JTJYD8YHB,天井のシミ,KULVP7FDR,アニマル分室,1095,7,2476,2603400,10,7,5,8,8,7,9,5,59
P44B6D54M,スイカ,9YG7C0VM7,綴理と無言で昼寝,1285,9,2477,2603000,10,10,10,10,10,10,10,10,80
BDA4ZLNWU,ふうら,B5V2LNN43,WMW,1491,13,2478,2602800,10,10,10,10,10,10,10,10,80
6UJFY90W2,にこんち,P2J37FNLG,乙宗先生指導会,367,2,2479,2601480,10,10,10,10,10,10,10,10,80
EJUMCJT83,Casteax,J80MEYHBC,Nymphaea,1264,2,2480,2600800,9,7,10,7,8,7,10,4,62
GAD6V36Y6,かるち,VXF8P7NDC,どんぐり。,938,4,2481,2600200,10,10,9,10,10,8,10,10,77
LD3A9874J,うず,X33HHA9F8,アルストロメリア,1324,16,2481,2600200,10,10,10,10,10,10,10,10,80
13R6KAVG7,なー。,HWJ8XPW0T,箱推しなのだけど,1140,11,2483,2599600,10,10,10,10,10,10,10,10,80
DHTBGUFMD,増えたうさぎ,Y2P9LABR2,スクステ同好会③,1250,2,2484,2599000,10,10,8,10,9,10,10,9,76
H6EGM5RKT,ドルド,5W8RPRVUA,ド！ド！泥！,1254,4,2484,2599000,10,10,7,8,7,7,10,8,67
296T0TSAG,R10,BKUHCT7WF,蓮女お嬢様部,1525,19,2486,2598800,10,10,10,10,10,10,10,8,78
2VCRXBPHM,るひー,0CEA9XFKR,蓮ノ空の泥人会,1261,5,2486,2598800,10,10,9,10,8,10,10,8,75
KY0VFYWYB,ダージリン,FVJABCVP3,瑞蓮ラボ,1255,15,2488,2597400,10,10,10,10,10,10,10,10,80
PMYVAGWV9,エト,G6EH0KHT7,なんもわからん,1366,1,2488,2597400,10,10,10,10,10,10,10,10,80
MO6L772HM,みみう,2ULM366U6,毎日がエブリデイ,1467,15,2490,2596600,10,10,10,10,10,10,10,10,80
AH3M6YMJK,HANN,H0DV3JJGA,かほさやてぇてぇ,745,2,2491,2595800,6,5,7,8,4,6,3,3,42
6YDYKVPEJ,kosanaku,KJRCDAB1A,トマティー,1589,11,2492,2595600,10,10,10,10,10,10,10,8,78
HXNT169GH,きつかわ橘川,919XF8V2V,蓮之空大三腳,549,0,2493,2595400,8,9,7,6,7,4,2,2,45
NR443H0K2,小日向美穂,948FLPMPN,まったりハス煮〜,1228,18,2493,2595400,10,10,10,10,10,10,10,10,80
GGGJYE94A,水餃子,WFPA7YJE1,蓮ノ空文芸部,1007,2,2495,2595000,10,10,9,10,10,9,10,7,75
DFZ2UBN71,瑞河の山賊,Y2R7E79U3,カワウソ同好会,1384,9,2496,2594600,10,10,10,10,10,10,10,10,80
2YRJ6J21P,ヒマザイン,7XH3K4GBT,LLP,866,4,2497,2594000,8,8,7,9,6,7,3,3,51
AYB73K1K5,kaho,AWFDLJ1HC,小蓮花（重生版x,738,0,2498,2593800,10,10,10,8,8,6,10,7,69
72VXLNLPV,znk,95TAREFPT,ご自由にどうぞ,1037,2,2499,2593120,10,10,7,8,8,7,7,5,62
Y0VPKFMVH,相良茉優,J800VVPTN,Aqours,1257,11,2500,2593000,9,8,8,9,10,7,10,5,66
80BU4H1DL,あわき,V6DV6KETG,梢好き好きクラブ,1184,8,2500,2593000,10,10,10,10,9,9,10,8,76
KPISG48AL,てつ,HBM31HMUY,YUKIZURI,1411,7,2502,2592800,9,9,10,10,8,8,10,9,73
LOU9HC7N6,ネスサン,6045Y2RW7,ポチっと！蓮ノ空,1392,6,2503,2592400,10,10,10,10,10,10,10,10,80
GPHHRW7JK,ルイミン,WLFW6UCX5,無敵級ビリーバー,1247,5,2504,2591800,10,10,10,9,9,8,9,7,72
H818KNP80,ゆー,2VJG66JTH,まったり,1206,10,2505,2591200,7,10,7,10,10,8,10,10,72
LN7AJBXL6,きりん,7R8NKPAB1,花帆推し倶楽部,1583,6,2506,2589800,10,10,10,10,10,10,10,10,80
DMJ8MSCS1,遥翔,3HDDYR4FU,旅人,1275,15,2507,2589600,7,10,7,6,8,7,10,5,60
YQJ5WBDUB,にゃるろって,BKUHCT7WF,蓮女お嬢様部,1346,11,2508,2589400,10,10,8,9,9,9,10,8,73
12VXEYT0F,しや,KBJ2P8T0Y,人見知りの集い,1260,18,2509,2589250,10,10,10,10,10,10,10,10,80
7WT6MBHY3,よもぎ,948FLPMPN,まったりハス煮〜,1121,8,2510,2589000,10,10,10,10,10,10,10,10,80
CCUAGD896,かさ,KHAKJKC0A,のんびりまったり,1179,5,2511,2588600,9,10,10,7,8,7,10,10,71
HVDU0HADP,めぐみー,WTJV514G9,蓮ノ空のお弁当屋,1142,16,2512,2588200,10,10,9,9,9,8,10,7,72
8KCT0A23W,バル,8R49BTWW6,蓮女お嬢様クラブ,1196,13,2512,2588200,9,9,8,9,10,8,9,8,70
PM99KPER3,まちゅ,26JDLMBLN,徒町は強く生きる,871,5,2514,2587800,10,10,10,10,10,10,10,10,80
T2JPCHLA8,みやび,3UV13EUUA,こずこずしてきた,1114,12,2514,2587800,10,10,10,10,10,10,10,10,80
64ENHT1HF,あくび,AG9PKMMC3,ぱかぱか同好会,1309,20,2516,2587400,10,10,10,10,10,10,10,10,80
DYPCBJC29,Nqtoyq,MYTCXJ12B,つーりすと@蓮部,1280,8,2517,2587000,10,10,9,9,6,7,10,2,63
B471KYA89,アスラン・ザラ,KT4C59NXG,めぐ島,1438,3,2518,2586800,8,8,7,8,10,7,8,10,66
TNA2WXGMX,きーくん,XE8513HNP,喫茶カワウ空✨,969,4,2518,2586800,10,10,10,10,7,9,7,2,65
BU49T3EVW,ruin,BK8AXMYGC,いってらっしゃい,1203,15,2520,2586660,8,10,9,8,9,8,10,7,69
RXJVL7G33,ひかり,2DYYAPFVN,蓮っ子村,1126,6,2521,2586400,9,10,9,10,10,8,10,6,72
W4KHFCYGY,超ヤサイ人,6045Y2RW7,ポチっと！蓮ノ空,1350,16,2522,2586000,9,9,9,9,9,9,10,6,70
8CDM3RK9P,たにそ,HBM31HMUY,YUKIZURI,500,2,2522,2586000,9,10,10,9,6,7,10,7,68
7ELOYMVYM,KUOTA,YD2XWWFA4,蓮好き好きクラブ,1382,7,2524,2585800,10,10,10,10,10,10,10,10,80
R5GW1UCPB,キラ,R9T0YKDW8,かちまち応援隊,1008,1,2524,2585800,7,7,7,5,6,5,9,2,48
LVY4MM87V,ｼｬﾇﾋﾞｽ,9FF5JBNDF,めぐすきクラブ,1300,17,2526,2584600,10,10,9,9,9,9,10,7,73
DL2KW15TN,ゆめ,ULUELCJ7T,なるようになる？,264,0,2527,2584000,10,7,10,10,9,7,7,2,62
AYXJ0G79D,咲,7XH3K4GBT,LLP,1405,19,2528,2583800,10,10,10,10,10,10,10,10,80
D8MCKLGHY,じゃからか,WN5B7VKPU,きんぴられんこん,1421,19,2528,2583800,10,10,10,10,10,10,10,10,80
BJ5GY7P3C,チラ,2NY9H8BR9,乙宗紅茶館,1209,7,2530,2583400,10,8,7,10,6,8,7,4,60
GBWYVNWF1,ゆうし,07JW71HWG,良いチケで観よう,1463,12,2530,2583400,10,10,10,10,10,10,10,10,80
58XEUUHP2,雅,8JMW9G2XW,僕らのリンクラ！,1476,20,2532,2583000,10,10,10,10,10,10,10,10,80
F2CXXUVHH,はすき,FG5VFFNRK,蓮ノ空おじさん,1176,19,2532,2583000,10,10,10,10,10,10,10,10,80
FADAWIIRL,仕事の流儀,PDMPF3VVV,r/LL,1379,4,2534,2582800,10,10,10,10,9,9,10,8,76
4KE2HL32M,エルモ,BELCUYCMH,蓮hkg香港分部,1214,5,2535,2582480,10,10,6,10,10,10,10,10,76
EP8F2M7J8,ば,GN1798YEX,ド!ド!同好会,1102,14,2536,2582400,10,10,10,10,10,10,10,10,80
U1FG74EC7,piyopiyo,BT3GEWM5L,ささやか村の集い,1168,14,2537,2582000,10,10,10,10,10,10,10,10,80
IWSLLAQCP,vividsky,LHXNEF3D5,まるまるサークル,1554,15,2537,2582000,10,10,10,10,10,10,10,10,80
PGGWYA7GP,カラン,07JW71HWG,良いチケで観よう,1293,15,2539,2581800,10,10,8,9,9,9,10,8,73
ERW5FZJ1H,藍 (あい),Y2R7E79U3,カワウソ同好会,1483,8,2540,2581400,10,9,10,10,9,8,10,8,74
88JE34DUC,ディセラ,PH0YEPJD8,蓮ノ空北國金沢,1137,3,2541,2581200,10,9,9,10,7,9,7,3,64
3UPVA4G92,オト,NB0HX9KP8,かほてぃあん,1198,17,2542,2580800,10,10,10,10,10,10,10,10,80
WZP191BKC,けんたろう,G0J2F9NAL,さやさやさーくる,1534,9,2543,2579800,10,10,10,10,10,10,10,10,80
J345LCDL6,すん,YNR28303K,りんくらぶ,1089,2,2544,2579400,10,10,6,9,9,7,10,5,66
35JP6F70G,わはー,J0PT5EX42,スクスタモ部,872,6,2544,2579400,8,10,8,5,8,7,10,3,59
1B0D7OE6J,AN,N2KCENRKH,猫＆旅大好き部,1279,8,2546,2578600,9,9,8,8,9,8,10,4,65
U5LL8KJFM,ももぶん。,DKPMRA0TA,蓮ノ空奉仕部,1040,5,2547,2578200,10,10,10,10,9,10,10,7,76
E5F8JFF78,さくぱん,ABALH0AL3,楽園計画,1095,16,2548,2578000,10,10,10,10,10,10,10,10,80
H60VJNDKT,和花,V1G3KNET8,パンダ和花,1213,12,2549,2577600,9,10,8,6,7,6,10,4,60
2M1TVMF7V,にゃんぷれ,K8C99H42D,ルリと喜ド！愛楽,1116,2,2550,2577400,10,10,7,8,7,8,8,7,65
Z0M1QY50D,ぺろすけ,0VP15L48C,ハスラー,1462,5,2551,2577000,10,10,10,10,10,10,10,8,78
3GWWIDCBG,九代目松本梢四郎,NMT63RUDV,泥村,1783,15,2551,2577000,10,10,10,10,10,10,10,10,80
HYG116L7E,カコ,KGDNX3EF3,ENcircle,1204,5,2551,2577000,9,10,10,8,8,7,10,7,69
F6CMMX4TW,ふも,K25DPPGT9,圧倒的にまったり,1227,13,2554,2576600,10,10,10,10,10,10,10,10,80
9Y4HNGY6N,とみ,4RY75CKM4,LLすこ部　メ募,416,0,2555,2576400,8,9,10,9,7,9,7,3,62
M482LPJ59,まつたけ,8JMW9G2XW,僕らのリンクラ！,1612,9,2555,2576400,10,10,10,10,10,10,10,10,80
WMMJZI3DW,かのん,0VP15L48C,ハスラー,1465,7,2555,2576400,10,10,10,10,10,10,10,10,80
J7TZ1VPH2,はのけ,9YM3DBTB7,泥民館,1524,5,2558,2575800,10,10,10,9,10,10,10,10,79
WL4EHDYGC,ファース,TM19BMU7C,ソロプレイヤーズ,1127,8,2559,2575600,10,10,8,9,8,10,10,4,69
AA0PF56IW,『キミタイトル』,FK5MUK0ET,くる♡すきクラブ,1140,17,2560,2575000,9,10,8,8,8,8,10,6,67
773R4GH46,シアン,DKNHY5HH6,なす料理研究会,1109,15,2561,2574800,10,10,10,10,9,10,10,8,77
V4TWVNF3Q,Dice-K,VP0K6KF0K,蓮ノ空大好き!!,1412,19,2562,2574200,10,10,10,10,10,8,10,9,77
AADRR31X2,Let's,M206VENTF,蓮紺の会,1138,5,2563,2574000,10,10,10,10,10,10,10,10,80
5EGK0BFSO,なおすけ,BW38LDPRF,蓮浦の星空,1469,19,2564,2573200,10,10,10,10,10,10,10,10,80
8M0YM2D1H,213,7R8NKPAB1,花帆推し倶楽部,1240,13,2565,2573000,9,10,9,10,8,8,10,8,72
Q8WWTOPQZ,ハムカツ,5KK3DFY18,MUGEN∞,1390,19,2566,2572800,8,8,7,9,7,5,10,5,59
80LMREA88,Akanon,AAHB7C276,HaCordVN,842,5,2567,2571200,10,10,8,10,10,8,6,7,69
82A32W326,高架線,Y2R7E79U3,カワウソ同好会,1633,15,2568,2571000,10,10,10,10,10,10,10,10,80
9RKLH1E8O,Xashy,NC2YT2V28,蓮之愛同予者何人,1336,20,2569,2569400,9,8,10,10,8,10,10,10,75
AUBE87U0P,sarahcat,AND13836G,乙宗梢親衛隊,1239,8,2570,2568600,10,10,10,10,9,9,10,7,75
E1W0L0P26,竜胆祭まで後5日,6YTAMD33M,リリエンフェル党,489,0,2571,2568200,8,9,7,7,8,4,4,2,49
A61RP1SSI,カイトチトメ,H6CCL64P9,NATTO,1314,6,2571,2568200,10,10,10,10,10,10,10,10,80
BAOCW568E,トミー,WN5B7VKPU,きんぴられんこん,1560,15,2573,2567660,10,10,10,10,10,10,10,10,80
TDCAVHYEH,み,Y6JNPC60C,綴理メイト,1174,11,2574,2567400,9,9,8,10,10,10,10,2,68
VJI2EEBJB,SRパンダ猫,B1KYU3XF8,LG lotus,1395,15,2575,2567200,8,9,7,10,8,7,10,7,66
Y4KHXC5V9,VenMoret,RXXUPMWB9,待機室跡地観測所,1051,3,2576,2567000,6,5,8,10,9,9,10,5,62
Q1Z2JNSO2,sit,2K5AM4RV0,とろぺりです,1302,4,2577,2566800,9,8,8,8,7,7,10,5,62
KWKSDD28E,まさい,LUDNM40F8,ふくふく無言OK,1165,12,2578,2566520,9,10,8,10,7,8,10,7,69
ROPNJW7BT,とんぬら,W26TRPM1R,めぐ党藤島派,1418,7,2579,2566400,9,8,7,9,4,7,9,5,58
TFXIQC43D,ドドドウォリアー,UX96YX4T1,『位置について』,1346,6,2580,2566200,5,7,4,5,7,6,6,5,45
LU4OX4N8S,ZANE,03MPRFH8C,川越総本部,1247,10,2581,2566000,10,10,9,8,7,7,10,3,64
D0N3R7B80,ふらわい,N83DW3NYG,†極最強倶楽部†,1040,1,2582,2565600,9,9,5,9,8,7,9,5,61
NH7989LD7,やかん,TBX7N9RK5,つよつよなLH,1222,3,2582,2565600,10,9,9,10,10,7,10,7,72
TAEPWJ4WM,アスカ,LUDNM40F8,ふくふく無言OK,1239,16,2584,2565400,10,10,10,10,10,9,10,10,79
0C4XH2P8K,ちろる,HBK6KCRPP,無言でおけ,1318,12,2585,2565380,10,10,8,9,10,8,10,5,70
WWA2UST5S,火星帝王,YAD615PCK,蓮を咲かせる泥達,1321,3,2586,2565200,10,10,7,8,8,7,10,5,65
Q6ZD4Z5L4,てつや,L3NN1RWMY,アポロベイ海賊団,1243,10,2586,2565200,10,7,9,7,9,5,4,2,53
T2ZMW9GYQ,さけ,CTW8DKV5P,まったり,966,3,2586,2565200,8,10,8,8,10,10,9,7,70
E9K7H7Z0M,怒火×頭,X19MP0NTT,蓮之空河豚养殖場,1168,5,2589,2565000,10,10,10,10,9,10,10,8,77
OJG4FDHPU,ボルシチ,2KJ2UEC3P,ういちゅけクラブ,1382,14,2590,2564200,10,10,10,10,10,10,10,10,80
4NLDA0FYE,aomi,8MLVA67AK,聖ミリオン女学園,1477,19,2590,2564200,10,10,10,10,10,10,10,10,80
JQTSCWXK4,ふっきー,8YDE8BXJT,ずんだシェイク！,1378,6,2592,2563600,10,10,10,8,9,8,10,4,69
NR2KWK6XD,すずきさん,JTX1G19BP,さやかほ癒し会,1114,1,2593,2563400,10,10,10,10,10,10,10,10,80
0DYHD91BE,明日賽,G0WRCNRWK,県立沢庵図書館,1590,12,2594,2561200,10,10,10,10,10,10,10,10,80
LPJ36TPHW,稲妻カレン,XR2P2LDY3,蓮ノ空さいきょー,1272,4,2595,2560800,9,10,10,10,9,8,10,6,72
4KDL64SOU,いけるる,8M2MFU9U0,リンクライブ,1375,15,2595,2560800,10,10,9,10,10,10,10,10,79
1LTMD4MM0,硬派な声豚,RXXUPMWB9,待機室跡地観測所,1237,6,2597,2560400,10,10,9,10,10,9,10,7,75
JHIQP9VCU,Dくん,YL2ELYC4U,さや…好きだよ…,1542,19,2598,2560200,10,10,10,10,10,10,10,4,74
EM89XFV5T,Nao,RWG56GK19,e+本社ヲ爆破ス,1252,8,2598,2560200,10,10,10,10,10,10,10,10,80
PK9AMV3AH,水橋リョウ,60KU468X3,はっすーず,951,7,2600,2560000,8,10,8,10,7,5,10,2,60
8EB0GXWX1,みむ。,EYN9H9N16,蓮すきすきクラブ,1596,6,2601,2558920,3,9,3,9,10,2,2,2,40
KB810Q4Y4,ひ,6H800PBV7,新鮮館,1300,7,2602,2558800,10,10,10,10,10,10,10,10,80
8CAL4FIWC,toshiki,VXF8P7NDC,どんぐり。,1496,15,2602,2558800,10,10,9,10,10,9,9,9,76
4B9EUM5R9,しらすたん,CV62FGL1U,花咲かせ隊,1350,17,2604,2556600,10,10,9,10,10,9,10,8,76
9J2XUETVL,全方位せーはす,57UT319NN,蓮ノ空同好会,254,0,2605,2556400,10,6,8,6,4,2,6,4,46
HAVKMY5IW,こにー,KXU941RFJ,梢先輩おめでとう,1587,18,2606,2556000,10,10,10,10,10,10,10,10,80
BV314WCNG,マスヲ,47K017YJL,対抗戦(個人),983,5,2607,2555800,10,10,10,10,10,10,10,10,80
XBJNXRJL0,しののめいずの,HWJ8XPW0T,箱推しなのだけど,1265,2,2607,2555800,10,10,6,10,10,8,10,7,71
JDNTGXUEK,カエルの足,RF5215M2U,スクステ同好会②,1713,18,2609,2555600,10,10,10,10,10,10,10,10,80
E7ZYWTBS6,出口,J0N1E3Y09,月火水木金土日,1399,8,2609,2555600,10,10,9,10,8,8,10,6,71
C9LP9840K,じゃっきー,B86837CF4,ガチ初心,708,3,2611,2555400,9,10,7,7,8,6,10,5,62
V4XPV38LV,すず,GVATEX7GC,のんびり,1156,10,2612,2554600,10,10,10,10,10,10,10,4,74
VPPQ0ITXX,あじな,HBK6KCRPP,無言でおけ,1445,20,2613,2554000,10,9,10,10,8,10,10,4,71
N08NFRZHG,スピカ,A208R9K5F,蓮ノ空の空気,1204,14,2614,2553800,9,9,9,8,6,6,7,6,60
QEVN5E2PF,ブレイヴ,KULVP7FDR,アニマル分室,1377,15,2614,2553800,9,10,10,10,10,10,10,10,79
MFX0F4155,ゆりたす,GPKTRBCTT,騎空団蓮ノ空支部,841,0,2616,2552200,8,9,6,9,4,5,8,3,52
A01NUJ26D,LilDemon,8FR866PRY,蓮っ子みらくラブ,1183,6,2617,2551700,10,10,10,10,8,7,10,7,72
GIVMVARPP,しゅうがく,J8HXTJ8TB,流し素麺同好会,1195,13,2618,2551600,9,10,9,9,6,9,9,5,66
B7LXJFQL1,じぷしー,3LPBPHL3V,壁の民の伝説,1342,14,2619,2550400,10,10,10,10,10,10,10,10,80
B9EGXV8LE,まつ,RMUU3AH3X,蓮ノ空広島県支部,1406,3,2620,2550000,10,10,9,10,10,9,10,9,77
UNX64AUDG,閉扉,4FXPC55PY,PPIHクラブ,1121,6,2621,2549200,10,10,10,10,10,10,9,10,79
L7ZAVOJ1R,葉月,2DYYAPFVN,蓮っ子村,1378,12,2622,2548600,10,10,8,9,9,9,10,7,72
655IAB6QB,きらP m@s,G8F0M2PH2,アフターウォール,1194,13,2623,2548200,8,8,8,10,7,7,9,8,65
GTYD8T18U,マッケン,3LPBPHL3V,壁の民の伝説,1475,10,2624,2548000,10,10,10,10,10,10,10,8,78
DPX74MYW3,KPP先輩,6WJW7R1TD,さやこずノ休日,1053,4,2625,2547800,10,10,8,7,7,7,10,5,64
PUEDT14GX,とんぷ,6045Y2RW7,ポチっと！蓮ノ空,1414,19,2626,2547400,10,10,10,10,10,10,10,10,80
0KANTF1WW,Trigger,J800VVPTN,Aqours,686,5,2627,2546600,10,10,8,9,9,6,9,2,63
CFK9EGWNY,猫天狗,B5V2LNN43,WMW,1378,13,2628,2546400,10,10,10,10,10,10,10,10,80
FCT1Z3KS0,クード,D7H8MN2U4,LLD,1539,19,2629,2545800,10,10,10,10,10,10,10,10,80
3FTABBR4D,ライト,HBUK6F7CC,乙宗梢なりきり部,1401,14,2630,2545600,10,10,10,9,9,10,10,8,76
AOBBJ0EIP,ホルモン皇子,5R48K950F,EDF蓮ノ空支部,893,2,2631,2543800,7,10,6,10,7,7,6,7,60
W4BUV226A,ありす,PPAHU1TNY,蓮ノ空のんびり部,1143,17,2632,2543200,7,10,9,10,5,9,8,2,60
3EFR0X1Q8,まっつん,9DKR4Y2CJ,蓮ノ空老人会,1498,10,2632,2543200,10,10,10,10,10,10,10,10,80
WT55MYHAL,マルマイ,C9DAJ6YFV,のんびり,1041,2,2634,2541200,8,10,8,8,9,9,10,5,67
HP0H7A898,けいアリーナ,1DU9LCND7,蓮ノ空すこやか部,1143,4,2635,2541060,10,10,10,10,10,9,10,3,72
R256TF89S,南ひとり,FG5VFFNRK,蓮ノ空おじさん,1344,15,2636,2541000,10,10,8,10,8,10,10,8,74
JNCTVTPG9,レイン,BKUHCT7WF,蓮女お嬢様部,1219,19,2637,2540600,10,10,7,8,10,7,10,7,69
5D66Y89MR,桃皮,W2RUWYA8R,熱血音ゲー部,980,7,2638,2540400,8,9,7,10,6,8,5,2,55
2FKKGLGGP,シンシン,FVJABCVP3,瑞蓮ラボ,1408,19,2639,2540250,10,10,10,10,10,10,10,10,80
MMJV2M2PC,ゼタ,PN4VA24XF,みーかるぱーく！,746,1,2640,2540200,6,6,8,4,4,5,2,3,38
Y756YU9NX,ともやん,L3NN1RWMY,アポロベイ海賊団,1222,8,2641,2539000,10,10,10,10,8,10,10,10,78
HD8JHV0UJ,木琴,MVMP6NNXD,空き時間らくがき,1202,12,2642,2538800,8,8,7,9,10,8,9,8,67
V1EJ6RYMT,ぽきまる,XURY539UN,筑波大ラ研,1071,9,2643,2538400,10,9,10,10,10,10,9,7,75
3ETKWPKTC,KAHO,JKAYY0KXL,自由！開心！,1242,19,2643,2538400,10,10,7,10,10,10,10,10,77
8BFMY6MHF,みはと,NMT63RUDV,泥村,1181,12,2645,2537800,7,7,4,4,5,5,4,1,37
VFERXMA41,あんず,W26TRPM1R,めぐ党藤島派,1163,6,2646,2537600,10,10,10,10,10,10,10,2,72
MC3RVCA0L,Kazuz,AAHB7C276,HaCordVN,744,2,2647,2537200,9,10,10,8,8,7,7,5,64
XPHNN9RCD,時止め,UCWKRB3WR,菅沼千紗が大好き,1282,7,2648,2536800,10,10,10,10,10,10,10,10,80
A6FVDXVPT,pura,JX0BXWNWH,新米蓮好き好きC,459,2,2649,2536200,9,9,8,7,6,6,8,3,56
RH7I5E6IL,ジャスパー,V26546K3D,乙宗気合筋肉,1558,15,2649,2536200,10,10,10,10,10,10,10,10,80
Y30O6G1FG,wish,FTY0R8KPH,泥の皆様,1534,9,2651,2536000,10,10,10,10,7,7,10,8,72
CTZDFU6ZO,ねこあゆ,07JW71HWG,良いチケで観よう,1237,15,2651,2536000,9,10,8,9,8,8,10,7,69
LBSJ6H271,ゆきだるま,1U4JN5CXB,LLユーカー部!,1178,7,2653,2535400,8,9,6,7,7,6,10,6,59
XUPXY03IA,Doby,KA652DGYV,ゆるリンクラ,1324,3,2653,2535400,10,10,10,10,8,7,10,2,67
1BV67G3IK,ぐっさん,TM19BMU7C,ソロプレイヤーズ,1034,5,2653,2535400,10,10,10,10,10,10,10,10,80
9JI8BMCH0,はるの,8R49BTWW6,蓮女お嬢様クラブ,1217,16,2656,2535200,9,10,10,9,10,9,10,7,74
PX5Y4VWA7,しの,GWGDMA3YC,初心者無言自由だ,871,5,2657,2534800,10,10,10,10,10,10,10,8,78
BUNQZ9F73,ねいぶる,GKR9TEBYC,毎日がホリデイ♪,1277,19,2658,2533800,8,9,8,10,8,8,10,10,71
BNLR2PWN4,かいいぬ,GN1798YEX,ド!ド!同好会,1464,9,2659,2532000,9,9,7,8,9,8,10,8,68
TN9XL2NVY,のどっち,HMBW9DXY2,蓮好き皆あつまれ,1446,15,2660,2531400,10,10,9,9,9,9,10,10,76
C2YJKTP3L,りょう,HBCC35887,そりゃー!!!,1175,18,2661,2530800,8,10,9,8,9,9,9,5,67
1NLWKNVGF,みるく,JDAG79TG7,百合ノ空観察部,1073,15,2662,2530600,9,9,8,10,10,8,10,8,72
BE00KEVF8,なかたに,V4AVCR6C1,なかやま,341,0,2663,2529400,7,6,6,4,4,8,3,5,43
4O2EM1JK9,ケニー,48GTYR1VB,ハラショー！,1144,17,2664,2528600,10,10,7,10,9,7,10,5,68
GMBG3NEIB,ふぶ,W26TRPM1R,めぐ党藤島派,1243,9,2664,2528600,8,9,7,6,8,7,9,6,60
PU86LKNJ7,メグちゃん,JE7V5MM31,蓮ノ沼に沈んだ泥,1288,18,2666,2528200,9,10,9,9,10,9,10,9,75
9T81DN43A,アークル,2B97MH4YA,同じ話し何回も…,1025,0,2667,2527800,10,10,9,10,10,8,9,6,72
6YOU657UG,宝生永夢,5KK3DFY18,MUGEN∞,1407,3,2667,2527800,10,8,9,10,8,8,10,6,69
52BETR2BC,脇田13号,05KN1RR3U,さやかほ花卉園,656,2,2669,2527750,10,10,10,10,10,10,8,3,71
1PAP1H6LD,ろさ,1VPK1PKFW,すりすりの森,1064,5,2670,2527000,6,10,10,10,7,8,8,3,62
UALHDDBU1,高海果南,37N3TNTVB,推しを布教する処,1186,12,2670,2527000,10,10,10,9,10,10,10,7,76
4PP6L2TC1,ソラ,0CBM28JP6,ほうき星,1347,4,2672,2526400,10,10,10,7,8,8,10,3,66
IPU4UJJDG,ハリマイン,2K5AM4RV0,とろぺりです,1253,15,2672,2526400,9,10,10,10,9,10,10,6,74
ML3545XJH,カズヤ,E12PR824F,ゆるっと蓮ノ空,936,4,2674,2526000,10,10,10,10,10,10,10,3,73
PKB4DYDR7,諒,2JK7E4115,ラ！推し,870,2,2675,2525600,10,9,10,10,10,8,10,6,73
JB65GWR1D,のてびき,FL60DG573,海未×蓮妄想部,1375,4,2676,2525400,10,10,10,10,10,10,10,10,80
7XKGN056G,やさかのむら,C021HVB2B,第3芸能科,1186,13,2677,2525200,10,10,9,9,9,8,10,7,72
5MLVLK91B,やきいも,JE7V5MM31,蓮ノ沼に沈んだ泥,606,0,2678,2525000,7,9,9,9,8,9,7,4,62
LEH59TC05,たいなか,B5V2LNN43,WMW,1162,15,2679,2524400,10,10,10,10,10,10,10,10,80
EWZ6C1W7U,sayu,919XF8V2V,蓮之空大三腳,1061,10,2680,2524200,9,10,10,10,10,9,6,5,69
ANX30V8UB,家雨,XXJWTT5E9,ソロ用,698,2,2680,2524200,10,10,7,9,9,7,9,3,64
MJXT05669,しんちゃん,ERVDJMHPF,敦賀第二機関区,1155,12,2682,2524000,10,9,10,9,8,9,8,6,69
WFOIN0J2Q,ノラ坊,KBJ2P8T0Y,人見知りの集い,1299,19,2682,2524000,10,10,10,10,8,7,10,7,72
0RG0HFRDS,はわわ,WLBYGHXPD,大天使村野さやか,1492,17,2684,2523200,10,10,10,10,10,10,10,10,80
UTNMT95K2,ゆり,X7C21B7H7,泥,722,2,2684,2523200,10,10,10,10,10,10,10,10,80
F77JUETL7,カザハ,82CY1DN9W,みらくるねす,1004,0,2686,2523000,10,10,10,10,10,10,10,8,78
MEQLSMP8M,miyu,DMWLUP54C,ほげほげ,1458,17,2686,2523000,10,10,10,10,10,10,10,10,80
191PEYH3K,kajikaji,FA0LCGP8K,ゴクリンコ,590,0,2688,2522800,8,7,7,7,8,8,9,3,57
T34YF9DWH,高咲侑,NPLTAWN04,自由睡眠同好會,1252,19,2688,2522800,10,10,8,10,8,8,9,2,65
6RK7I3SCY,岸田さん,WHWT61ELR,【無言】ハスノソ,1339,3,2690,2522600,10,10,10,9,9,8,9,8,73
37FC7JVO8,しゃけの,58FD7UF8J,としとしサークル,1319,19,2691,2522200,9,9,8,10,10,9,10,8,73
X0PWMC7QC,ゆに,WHWT61ELR,【無言】ハスノソ,1255,20,2692,2521600,10,10,10,10,10,10,10,10,80
GPBJPXVUT,すなお,L28X4MDJN,アフター観たいぞ,1232,7,2693,2521400,8,8,7,7,7,7,10,7,61
2RD670428,なかむら,96M23BV22,高松家,1118,17,2693,2521400,9,9,9,10,10,9,9,8,73
FBR3CMIMZ,アスク,F8MLHU2NV,乙宗梢様､､､,1045,0,2695,2520600,10,6,7,7,6,6,10,6,58
K63R4H61A,まさ,ABALH0AL3,楽園計画,995,9,2696,2519600,10,9,10,8,9,7,10,7,70
W5NFE9GVE,メジェド,W9V6VTXAN,梢先輩の歌声好き,731,6,2696,2519600,10,10,10,10,10,10,10,10,80
8XPBVMJNW,ikari,0CEA9XFKR,蓮ノ空の泥人会,1264,3,2698,2519400,10,6,8,9,8,8,10,4,63
2LT5U0EHC,みかんチャーハン,FVTGWWP0T,さわやか3組,1242,4,2699,2518800,9,7,7,9,7,9,10,7,65
CVAZ525CV,柊園ノ使徒,MG2RMMN2B,欲にまみれた梢,961,2,2700,2518600,7,8,6,7,7,7,10,4,56
XG6UL0PLX,Larry223,JKAYY0KXL,自由！開心！,273,0,2701,2518400,10,10,10,10,10,10,5,3,68
QTAGHFHXJ,mori,H1LTYMK0B,花帆が可愛いの会,1435,15,2702,2518200,10,10,10,10,10,10,10,10,80
5CL7KFCBV,たかぽん,N7GLY2RUW,百生銀行,1253,12,2703,2518000,10,10,10,10,8,8,10,8,74
UNJAN07RY,てるぴ,2ULM366U6,毎日がエブリデイ,1500,3,2704,2516400,10,10,10,10,10,10,10,10,80
RFPKCPLTE,たけぼー,HMBW9DXY2,蓮好き皆あつまれ,1239,3,2705,2516200,9,9,10,7,7,9,10,8,69
LH74UVFUD,くろ兄,2B97MH4YA,同じ話し何回も…,918,8,2706,2516000,9,6,9,10,8,10,9,5,66
PBHMENECL,銘名,G8F0M2PH2,アフターウォール,1172,4,2706,2516000,10,9,10,10,7,8,9,5,68
FG44KGL6K,天狗（てんぐ）,9JTF508LB,スクスタ亡霊部,1344,19,2708,2515200,10,10,10,10,10,10,10,10,80
GRTNB9D0B,ut@t@,T045NDKW0,♬さやか愛好会♬,1175,14,2709,2514600,10,10,10,10,10,10,10,10,80
APVOZ787T,ラナ,RF5215M2U,スクステ同好会②,1667,19,2710,2514500,10,10,10,10,10,10,10,10,80
ID8YOIXB9,オラL,FE282F3VH,天悶部,1248,1,2711,2512940,9,8,7,9,8,7,9,2,59
B8CX0Y8C9,kor,9RYR14H9L,ソロマターリ,1008,2,2712,2512800,6,8,10,1,8,7,7,2,49
C2O72LNG5,オカ野,VP0K6KF0K,蓮ノ空大好き!!,1121,3,2712,2512800,7,9,8,8,5,7,9,3,56
EPDD5K9E3,sein,424NLTEE8,無言な異次元部屋,949,0,2714,2512000,10,10,8,8,10,9,10,7,72
6XGAF9J9B,ヒト,GYG7B5R36,幼馴染同好会,1410,17,2714,2512000,10,10,10,10,10,8,10,7,75
URKDHU8TV,ワコール,R9NGK6L48,のんびりサークル,1369,17,2716,2511400,10,10,10,10,10,10,10,10,80
YSREUVJ5U,ハーツ,X8YD59KBX,16代目いぶき組,1568,9,2717,2511200,10,10,10,10,10,10,10,9,79
X60HXAFWK,U39,V6DV6KETG,梢好き好きクラブ,1309,14,2718,2511000,10,10,9,10,9,10,10,9,77
38C08KYV7,瑠璃介,HBK6KCRPP,無言でおけ,990,3,2719,2510600,10,8,8,6,5,1,5,4,47
U96TQLLHN,ユウキ,31A7JKC69,蓮好きの巣窟,1349,5,2720,2509400,10,10,10,10,10,9,10,9,78
MNVF5G0UB,イースト,8J1GJT2BC,近畿の大金沢,1459,6,2721,2509200,10,10,10,10,10,10,10,10,80
GMC2EXT1P,苏（su）雨仙,AWFDLJ1HC,小蓮花（重生版x,897,5,2721,2509200,10,9,6,10,8,9,7,7,66
8B1WWT6YA,まじまんじ,BH9YH1YL5,ラブライバーの森,1423,13,2723,2508800,10,10,10,10,10,9,10,9,78
ZQ3HP3POH,彡紺,GN1798YEX,ド!ド!同好会,1522,7,2723,2508800,10,10,10,10,10,10,10,10,80
WEHRAUT5W,詩音,WCL6R1ANU,無所属の会,1451,19,2725,2508000,10,10,10,10,10,10,10,10,80
Z9B32KUV6,キャンパス,3FF3NB77X,せーはす愛好会,1596,20,2726,2507400,10,10,10,10,10,10,10,10,80
76AVNNTFP,しらたき,T8X0G07YB,なければ立てる！,1442,13,2726,2507400,10,10,9,10,10,9,10,2,70
XUIAZW96S,ケリゴン,DFXN9DB2H,どんぐり共和国,1187,4,2728,2506800,9,9,8,10,8,9,10,9,72
2CA34JRAV,あい*,L3NN1RWMY,アポロベイ海賊団,1246,17,2729,2506200,10,10,10,10,10,9,10,6,75
WDR6PW0GS,咲姫,6045Y2RW7,ポチっと！蓮ノ空,1262,2,2729,2506200,9,9,6,7,7,7,8,6,59
FVL8TMV0U,むなくぅ,9YM3DBTB7,泥民館,1360,16,2729,2506200,9,10,8,9,8,8,10,6,68
5LT3LJ3EG,gamoti,FK5MUK0ET,くる♡すきクラブ,824,4,2732,2506000,10,10,10,8,10,9,9,7,73
EXFXHRJY2,空振り,MU7M5NFXM,蓮の振替休日,1513,19,2732,2506000,10,10,10,10,10,10,10,10,80
4B5R269XR,はるちょん,N94LEWF2D,無言よわよわの会,214,0,2734,2505800,10,10,10,10,10,10,7,4,71
EBORUWKED,fumiya,C68491XHB,みらくらぽーく！,1196,1,2735,2505400,10,10,9,9,8,8,10,7,71
T5092U9MV,KEYSS,GGK2P93JK,きゃらめる,713,5,2735,2505400,10,10,10,10,10,10,10,10,80
H034DNH9U,柊楓,XTMGPY62U,スクステ初心者,1089,8,2737,2505200,10,10,10,10,10,10,10,10,80
WMPYXL9D1,Jenniはる,7XH3K4GBT,LLP,1486,17,2738,2504600,10,10,10,10,10,10,10,10,80
B9DWARWMT,あ,AKF49TD3T,なんか,1139,9,2739,2504400,9,9,8,8,8,7,9,7,65
7RJPE6GKC,さきてぃ,D7H8MN2U4,LLD,1549,19,2739,2504400,10,10,10,10,10,10,10,10,80
ZR9563G0B,そい,M67ACEP3M,オーバーブースト,957,4,2739,2504400,6,5,8,10,5,4,10,2,50
C7FEF3635,神城,JDAG79TG7,百合ノ空観察部,1296,4,2742,2504200,9,9,8,10,7,8,10,8,69
9MJEPAHBM,たけ,MUXWTW1GV,蓮の空見守り隊,1086,4,2743,2504000,10,9,10,8,9,9,10,6,71
ZQH88L3D3,いわぽん.T,XEENRBXCG,蓮ノ空休日クラブ,1538,13,2744,2503060,10,10,10,10,10,10,10,10,80
BUUL63KDA,krps,AXG81GPMP,蓮ノ空マタギ部,1105,2,2745,2503000,9,10,8,7,6,7,9,3,59
7D5ZG24IZ,ザナディウム,CV62FGL1U,花咲かせ隊,1346,15,2745,2503000,10,10,10,10,10,9,10,10,79
318H8W91E,こぼし,HBUK6F7CC,乙宗梢なりきり部,1425,12,2745,2503000,10,10,10,10,10,10,10,9,79
BDL5FFKL2,うき,07JW71HWG,良いチケで観よう,811,2,2748,2502800,6,3,5,7,5,3,4,3,36
95WRMY7XW,そし,9FF5JBNDF,めぐすきクラブ,639,1,2749,2501600,8,7,5,7,7,7,9,2,52
VAHE9G9K8,はー2,JDAG79TG7,百合ノ空観察部,1232,12,2749,2501600,9,9,6,9,8,7,10,6,64
MDD8KV54P,ββ,L28X4MDJN,アフター観たいぞ,1186,1,2751,2501200,9,10,8,8,8,7,10,4,64
ACB85YNR2,ユマす,AXG81GPMP,蓮ノ空マタギ部,1318,7,2752,2501000,10,9,9,9,10,8,7,7,69
FJGDWAWPM,りす,AXG81GPMP,蓮ノ空マタギ部,983,0,2753,2499600,8,9,7,7,8,8,8,5,60
9G8SYUY5J,North,BPHHYC793,ソロ専の集い,1259,19,2754,2499400,10,10,10,10,10,10,10,10,80
9UD0Y33U6,ぶりぶりざえもん,WEKXHR1VK,散らない蓮の華,569,1,2755,2497740,10,10,10,10,10,10,10,10,80
2F2GJ9017,プチプチ,948FLPMPN,まったりハス煮〜,1619,5,2756,2497400,10,10,10,10,10,10,10,10,80
BJR5XEUHO,りちょぴぃ,M6UPWJ6DU,蓮結ぶ虹と星の音,1446,16,2757,2496400,10,10,10,10,10,9,10,9,78
64V095WF1,れいん,79C17CHA2,蓮ノ空出張部,1255,8,2757,2496400,9,7,4,10,10,7,10,8,65
NAU9A067H,塾長,023D2U314,ねむみ,1350,17,2759,2496200,10,10,8,9,9,8,10,3,67
FPWL0ALUV,サカイ,7R8NKPAB1,花帆推し倶楽部,1415,0,2760,2496000,9,10,9,9,8,9,10,8,72
2JN1JV70P,インディ,8MLVA67AK,聖ミリオン女学園,1040,0,2760,2496000,10,10,8,8,8,7,9,2,62
2ZPAZ3DC1,Sese,YCNE1W7PD,1人用ダンボール,1456,9,2762,2495400,10,10,10,10,10,9,10,6,75
86FM6E7BE,あぽめしTV,3BE2RELRC,見晴台,1322,4,2763,2495000,10,10,8,9,9,8,8,7,69
UAFTR920R,maho,YNR28303K,りんくらぶ,1056,1,2763,2495000,9,9,10,10,7,7,10,2,64
RVY1A8DYV,花残日暮寒梢孤,NC2YT2V28,蓮之愛同予者何人,1289,8,2765,2494600,8,8,6,7,7,7,10,5,58
HOF4O4KP7,sin,JE7V5MM31,蓮ノ沼に沈んだ泥,1566,19,2766,2494400,10,10,10,10,10,10,10,10,80
OBWKL34UC,ﾙﾝ,RXXUPMWB9,待機室跡地観測所,1075,11,2767,2493800,9,6,4,4,5,7,10,4,49
KYTVHU2DN,バル,BTVC9G95X,FES用,1281,19,2768,2493000,10,10,10,10,10,10,10,10,80
OI5YQ4DH4,あさひ,8FR866PRY,蓮っ子みらくラブ,1419,11,2769,2492200,9,9,9,9,7,8,10,6,67
4DC8G1KJT,さやかママ,0JY7F3EKU,さやか愛でる会,336,0,2770,2492000,10,10,10,10,10,9,9,10,78
P6KNE8298,しらす,BELCUYCMH,蓮hkg香港分部,737,2,2771,2491800,8,8,7,7,8,7,9,5,59
TVUZOOQZ0,t_f_r_c,5KK3DFY18,MUGEN∞,1362,3,2771,2491800,10,10,10,10,10,10,10,10,80
M1WTT4WGN,いぬ,W26TRPM1R,めぐ党藤島派,1345,5,2773,2491200,9,9,8,10,8,7,9,2,62
FWL31RM30,みたらし,AVX749PPB,姫芽ちゃん親衛隊,922,6,2774,2490800,10,10,10,10,10,10,10,10,80
HNPU8P6L0,ゴリラ,6045Y2RW7,ポチっと！蓮ノ空,1288,0,2774,2490800,10,9,9,10,9,8,10,8,73
7RP2F5JT9,Linz,AAHB7C276,HaCordVN,1264,19,2774,2490800,8,9,10,9,10,9,10,8,73
YLE2KLLRU,夜貓社,BELCUYCMH,蓮hkg香港分部,1304,0,2777,2489600,9,10,9,9,8,7,10,4,66
8R81JOJWW,saki,P2J37FNLG,乙宗先生指導会,1268,15,2778,2489380,8,8,8,10,8,8,10,8,68
668LNGBE4,飯島恋歌,N0EXH1CM1,ぱちぱち徒町,1135,9,2779,2488600,10,10,10,10,10,10,10,4,74
GE5TDGFGV,神糸くくり,VP0K6KF0K,蓮ノ空大好き!!,1351,1,2779,2488600,10,10,9,10,9,8,10,9,75
YXZEJMR8S,タイムタイラント,VP0K6KF0K,蓮ノ空大好き!!,1343,19,2779,2488600,10,10,8,10,8,10,10,8,74
3YNHB7RXA,ニジカン,GK7JNB0NW,参加賞取り隊,957,1,2782,2488400,8,10,8,8,8,8,10,5,65
AP758FY7M,yuni88,427WENUC4,心の癒し～蓮ノ空,431,0,2783,2487800,10,7,10,10,10,8,10,7,72
IG5SWSXJO,無のギンジ,J8HXTJ8TB,流し素麺同好会,1529,5,2784,2487400,8,7,10,8,7,10,9,3,62
9T0V7BIR0,えりんぎ,YDYH4VRRP,レンクウ,976,3,2785,2487000,8,10,8,5,7,6,8,2,54
Y2Q3U738Q,らきあす,M8FM7P139,蓮ノ空ひとり旅部,1529,17,2786,2486600,10,10,10,10,10,10,10,10,80
RALEMQTLZ,いか,BYA3FA0X8,無言ぼっち同好会,1240,4,2787,2486200,10,9,8,9,8,7,10,2,63
U8J56IRN4,かけけけ,GK7JNB0NW,参加賞取り隊,1170,19,2788,2485200,10,10,9,10,10,9,10,8,76
XNV6N6FKN,kirinne,AGJ215YND,蓮の空中國分校,905,2,2789,2483200,10,10,8,10,10,8,10,7,73
42T0H800N,まいる,E6WR9G75P,安養寺姫芽推し会,631,0,2790,2482400,10,10,8,8,8,7,8,2,61
5R45M9EEL,紗月,0B8RTHY4D,のんびり屋さん,1160,11,2791,2481800,8,9,10,9,8,8,9,6,67
72CGZ6K45,あんばぁ,G0WRCNRWK,県立沢庵図書館,1317,16,2792,2481200,8,10,9,10,8,7,10,4,66
KBKPD3W89,なろ,85D411XNB,蓮っ子の集い,1033,11,2793,2481000,10,10,10,10,10,10,10,10,80
CJN2VVJL0,Tsumuji,WHWT61ELR,【無言】ハスノソ,1249,8,2794,2480800,9,10,10,7,8,6,10,7,67
FBMMG2GN2,りっひ,PMME7169X,蓮っ子動物園,1098,6,2794,2480800,8,8,8,8,8,8,10,6,64
8J3SJ7SJQ,たつ,9JTF508LB,スクスタ亡霊部,1140,12,2796,2480600,9,10,7,8,7,7,10,6,64
E9LVB2F95,せみすぺ,KULVP7FDR,アニマル分室,1259,13,2797,2480000,8,7,7,8,7,7,10,2,56
59K7HM98C,しゃー,YD2XWWFA4,蓮好き好きクラブ,450,0,2797,2480000,5,7,10,10,7,5,9,5,58
PU8WTNE81,かりんとう,HE0GK3EPE,瑞蓮プロカ倶楽部,904,6,2799,2479500,10,7,9,7,7,10,9,7,66
CFG9N35NH,Eremurus,6YTAMD33M,リリエンフェル党,560,0,2800,2479200,7,9,5,1,2,1,10,10,45
XW8BJ9F64,浄龍桐生,8NFDBY4L5,浄龍桐生会,1302,14,2800,2479200,10,10,10,10,9,8,10,7,74
RWCQ6YE13,おかじゅん,2NY9H8BR9,乙宗紅茶館,1495,4,2802,2478800,10,10,10,10,10,10,10,10,80
R5Y1F9WW9,なー,X33HHA9F8,アルストロメリア,1310,10,2803,2478400,10,10,10,10,10,10,10,10,80
YL99N1K7L,和田　豊,4RY75CKM4,LLすこ部　メ募,1343,8,2803,2478400,10,10,9,10,9,8,10,6,72
VYD2A18CD,あたリめ,XVTV7MVCX,雪月花,1399,18,2805,2478000,7,8,8,7,4,7,10,6,57
AGF59LJG8,編,N1JAJ83CA,蓮ノ空園芸部,1415,6,2806,2477600,10,10,10,10,10,10,10,10,80
J6PG333UX,あむん,G59NGM0XA,シュリーレン,1149,1,2807,2477400,10,8,10,10,10,8,10,10,76
G0YM94EAC,Kain,AAHB7C276,HaCordVN,1240,16,2808,2477200,9,10,7,10,10,10,8,6,70
USYD1MLTV,yukina,JTX1G19BP,さやかほ癒し会,1473,19,2809,2476600,10,10,10,10,10,10,10,10,80
QG9KZ3C0K,ギウ,GPKTRBCTT,騎空団蓮ノ空支部,1473,9,2810,2476500,10,10,10,10,10,10,10,10,80
RGFV55H8A,茶々,8VGXWTV3U,R.opRizm,598,0,2811,2476400,10,8,9,10,8,10,6,6,67
GKM2AYI6Z,まよ,GPKTRBCTT,騎空団蓮ノ空支部,1148,10,2812,2475800,9,10,6,10,8,7,10,2,62
TPGUUOWNL,どんぱ,FK5MUK0ET,くる♡すきクラブ,1350,13,2813,2475000,10,10,10,10,10,10,10,10,80
LCDDXVRH3,BS,7R8NKPAB1,花帆推し倶楽部,1205,12,2814,2474600,8,9,9,9,8,8,10,8,69
FB957P8CR,くーもも,LHXNEF3D5,まるまるサークル,1269,19,2814,2474600,10,10,8,9,9,9,10,8,73
213G1AGIB,Tsutcho,XR2P2LDY3,蓮ノ空さいきょー,1654,19,2816,2474000,10,10,10,10,10,10,10,10,80
058NPDFBK,shiro,9UKKACGDU,蓮っ子CLUB,1351,19,2817,2473400,9,9,9,9,10,7,10,6,69
98FETT27Y,たく,05KN1RR3U,さやかほ花卉園,1293,9,2818,2473000,10,10,10,10,10,10,10,10,80
52S7V69W0,やっぱ天使！,R1RM3X0WV,後方腕組みオタク,1687,15,2819,2472280,10,10,10,10,10,10,10,10,80
NJJF7FLCV,しらたき,2NY9H8BR9,乙宗紅茶館,1085,4,2820,2472200,9,8,9,7,9,7,9,6,64
5M848HC79,てら,DE0AR875T,バーニーAS,788,2,2821,2471600,10,9,7,8,8,9,9,5,65
H5EH2INFD,ゆうづる,85D411XNB,蓮っ子の集い,1430,14,2822,2470200,10,10,10,10,10,10,10,10,80
4GFWN62C0,水無瀬奏,75FVVYR5B,身内クラブ,559,0,2823,2469620,10,10,10,10,10,10,10,10,80
J8RYU36VL,KiRA,05KN1RR3U,さやかほ花卉園,1177,19,2824,2469200,9,10,10,10,8,8,10,6,71
0NU6WW4V8,イーロ,DFFYFJ2B6,つづさや好き過ぎ,1465,16,2825,2468400,10,10,10,9,9,10,10,3,71
80HT9JB67,うみゃん,CM5THHYHB,「」ノ空だけれど,1388,6,2826,2468200,10,10,10,10,10,10,10,8,78
88BUJG7BL,リリアン,FG5VFFNRK,蓮ノ空おじさん,1161,2,2827,2468000,9,10,8,8,7,8,10,6,66
LDJP8T19X,ARX-Λ,0CEA9XFKR,蓮ノ空の泥人会,1552,12,2827,2468000,10,10,10,10,8,8,10,7,73
DFWCJ384P,風の影,L28X4MDJN,アフター観たいぞ,793,0,2829,2467400,7,5,6,6,8,6,7,2,47
832JH9K11,りる,FD24TD6C5,泥人,1541,19,2829,2467400,10,10,10,10,10,10,10,10,80
N6B21UPFM,go57,BT22M41DV,梢花帆吟子同好会,1253,15,2831,2467200,10,10,10,10,10,9,10,9,78
8CA3E775W,Skyflan,FDWY9N1P7,"ゲCo.,Ltd",1117,1,2832,2467000,10,10,10,10,10,10,10,9,79
N9BBGDMV8,ポリスター,YFADYJVW4,FPS好きクラブ,1322,9,2833,2465820,10,10,10,10,10,10,10,10,80
02E422SBP,おしゃん,9DKR4Y2CJ,蓮ノ空老人会,1589,16,2834,2465400,10,10,10,10,10,10,10,10,80
M2PEANDE6,青欞兒丶,NC2YT2V28,蓮之愛同予者何人,1116,5,2835,2464400,9,9,8,8,9,8,10,7,68
6TAURY0XE,つかたに,P2J37FNLG,乙宗先生指導会,1256,19,2836,2463800,10,9,10,10,8,7,10,6,70
0AORTQK5I,ずっきー,2YD6LJLKD,みらくらぶ♡,610,0,2837,2463200,8,7,8,7,1,2,5,4,42
1R8HTKY4Y,すなよ,4XRHRYDW4,無言でエンジョイ,1579,19,2838,2463000,10,10,10,10,10,10,10,10,80
LI442CJCF,みやび,4XRHRYDW4,無言でエンジョイ,1473,3,2839,2462400,9,8,9,9,7,7,10,3,62
WCTP56LJL,常夏☆まんぼう,F2CFWVMY9,藤島め組,1670,20,2840,2461640,9,9,9,10,8,7,10,8,70
LEH4EK924,Array,BT22M41DV,梢花帆吟子同好会,1041,7,2841,2461400,10,10,10,10,10,10,10,10,80
0EN2511JR,TOM,6XX7GBM0K,ぷちぐる同好会,1434,2,2841,2461400,10,10,9,7,10,7,10,6,69
JDCJWDH51,りそな,9P9EPKFHE,無言参加OK,508,1,2843,2461200,10,8,9,10,6,7,10,6,66
Z10C54BRE,ぽん,8JMW9G2XW,僕らのリンクラ！,1372,19,2844,2460880,10,10,10,9,8,8,10,8,73
XYXX91YLL,機匁,ABALH0AL3,楽園計画,1198,0,2845,2460800,8,8,8,7,8,7,8,2,56
5WV29SIX9,ノエル,AND13836G,乙宗梢親衛隊,1327,1,2846,2459800,7,8,10,7,5,6,10,3,56
RF8EWDHPH,みなと,N1DJVPGP8,いつでも咲けるよ,1047,11,2847,2459400,8,9,9,9,9,7,9,5,65
MKRT2REM7,テア,GC2LB58KB,ゆきみかん,804,0,2848,2459200,10,10,10,8,8,8,8,5,67
6TL64G238,さんしん,GYG7B5R36,幼馴染同好会,719,0,2849,2458400,10,10,10,10,10,10,10,10,80
LTJCHY75Y,NMRY,LD34NCH5R,NERV,1326,2,2849,2458400,10,10,10,10,7,8,10,4,69
JTBY5LE0U,とば,43HRXMXWA,無言OKクラブ,1204,2,2851,2458200,10,10,9,10,9,8,9,8,73
VBKPZ9TK8,ゆりか,UN4AHCLTX,蓮ノ初心者,1535,15,2852,2457200,10,10,10,10,10,10,10,10,80
LXMUK1N94,Aoi,D7H8MN2U4,LLD,895,9,2852,2457200,10,10,10,10,9,8,10,8,75
HI1R5G55V,みどり,JY79RPB1D,リンクラゆる部,1173,8,2854,2456800,10,5,4,10,9,8,10,2,58
FH6NAKK5K,Kばやし,A73H7ENN2,エロマンガ同好会,853,0,2855,2456600,10,10,10,10,10,10,10,10,80
94FDMGUBN,てて,RM7N1JDB5,無言推奨不干渉会,1144,3,2856,2456400,9,8,10,8,4,7,10,2,58
PNLM1RI37,でみたす,B1KYU3XF8,LG lotus,1462,11,2857,2454800,10,10,10,10,10,10,10,10,80
MWZYJWTDC,きゃっぷ,Y2HV0YEF7,蓮ノ空を応援し隊,1293,15,2858,2454600,10,10,10,10,10,10,10,10,80
67NKLBLP3,ハル,CWPWP1266,さすさや,1211,8,2858,2454600,10,10,10,10,10,10,10,9,79
J4HNT0HPG,しゅう,GW4CH70HK,TKG同好会,1211,13,2860,2454400,10,10,10,10,10,10,10,10,80
CYBUV425R,フル,AE3L01V24,LOVE蓮ノ空,1059,9,2861,2453280,10,10,10,10,10,10,10,9,79
UKKTDBLTD,しの,GYG7B5R36,幼馴染同好会,1396,17,2862,2452000,10,10,9,10,9,8,10,8,74
111GQTNHR,しーぽん,J8HXTJ8TB,流し素麺同好会,1367,15,2862,2452000,10,10,10,10,9,8,10,8,75
NWU61EJBY,りょりょ,XE8513HNP,喫茶カワウ空✨,1379,9,2864,2451800,7,10,9,9,8,8,10,8,69
UDO57A1F2,としあき,E76N52LMW,イベントのみ,1405,9,2865,2450600,10,10,10,10,10,8,10,3,71
MW71K4RUU,かんべえたん,F31A07X4V,蓮ノ空福井分校,1164,19,2866,2450400,10,10,10,10,10,10,10,10,80
YLP3JB0E2,Akatsuki,2JK7E4115,ラ！推し,241,0,2867,2450200,10,10,10,9,5,6,6,3,59
E33QXLJTK,さとま,CM5THHYHB,「」ノ空だけれど,1369,6,2868,2449600,8,9,6,10,8,7,8,6,62
FD951GM49,ばれんてぃん,PH0YEPJD8,蓮ノ空北國金沢,1094,2,2869,2449400,10,9,10,8,7,7,10,2,63
1MGWOAM55,やよし,5KK3DFY18,MUGEN∞,1537,14,2870,2449200,8,10,9,10,8,8,10,4,67
8LE4JJI1J,せいちゃん,7U20138DB,LGP,1470,19,2871,2449000,10,7,10,8,8,10,10,4,67
5PJMVDK3N,せかい,CRXN961YF,ビギナーズラック,771,0,2871,2449000,9,5,6,8,7,5,7,2,49
NK4ZX4IAN,猫ノ雅,LNY720KVK,綴理お世話くらぶ,1162,2,2873,2448600,8,10,8,8,8,8,10,6,66
3110JTCRU,TKM,LT3CCEBFE,蓮ノ空釣り堀〜,1263,13,2874,2448200,10,10,7,9,7,7,10,2,62
UGTEP77JP,夏鷹,PPAHU1TNY,蓮ノ空のんびり部,1431,17,2874,2448200,7,9,6,9,8,6,9,2,56
U8C57K5U7,すとろーまん,T045NDKW0,♬さやか愛好会♬,1153,1,2876,2448000,7,8,9,7,7,7,7,7,59
E3XB5MWDW,ソーマ,919XF8V2V,蓮之空大三腳,1098,11,2877,2447800,10,9,7,8,10,10,9,3,66
173ATYY28,ミナミ,F8MLHU2NV,乙宗梢様､､､,1285,0,2878,2447600,8,8,8,9,9,8,10,6,66
MK1UPG0J6,Cooper,DHKUGEWBJ,めぐ党虹ヶ咲支部,1019,4,2879,2447400,10,10,10,10,8,10,10,5,73
9JJ1XVVJN,シーラ,3FF3NB77X,せーはす愛好会,418,0,2880,2447000,10,10,9,10,8,7,10,7,71
2T11VTVES,terarati,4WWM4VVDK,蓮ノ空遊戯開発部,1740,15,2880,2447000,10,10,10,10,10,10,10,10,80
R56GV2N07,なんとか,LLDLG20UU,UR取り隊,1212,3,2882,2446000,9,10,8,7,7,5,9,3,58
CABJ2CJYW,せむべる,2JK7E4115,ラ！推し,242,0,2883,2445200,8,9,10,6,4,6,6,3,52
CAX9XGU98,三枝このは,JVUNVCT8P,梢先輩のASMR,1244,9,2884,2444800,10,10,10,10,10,10,10,10,80
LA0Y8C5TM,まっちゃ！,6H800PBV7,新鮮館,1106,2,2885,2444540,8,10,9,10,8,9,8,2,64
MAAP9VWJV,真横ーン,998H940YN,お嬢様筋トレ部,1107,8,2886,2443800,6,4,4,6,2,5,8,3,38
97U7XAGR3,ゆう,X7C21B7H7,泥,1081,14,2887,2443400,9,8,7,7,7,10,10,6,64
EB953FGYG,むらさき,0CEA9XFKR,蓮ノ空の泥人会,338,0,2888,2443000,7,5,8,4,4,4,3,2,37
3LKER1ETS,rimel,N752V1LD6,思想の溜まり場,1342,4,2889,2442600,10,9,8,10,9,7,9,7,69
9AKP2ML53,カナセ,7RBMBBY88,瑠璃色金魚,1011,1,2890,2441880,9,7,10,10,6,8,9,3,62
MSCXU1CA6,ひとはし,ABALH0AL3,楽園計画,1449,19,2891,2441400,10,10,10,10,10,8,10,8,76
2396341N6,ラブ,6YTAMD33M,リリエンフェル党,444,0,2892,2441200,10,9,4,9,4,4,6,4,50
N8M4VIU27,りょう,N0EXH1CM1,ぱちぱち徒町,1264,19,2893,2437250,10,10,10,10,9,9,10,9,77
VJCNDJH23,けいせん,UCF93JAPM,スワンプマン,1386,5,2894,2436800,10,10,10,10,10,9,10,7,76
DI8P4HEN1,Chupigel,J80MEYHBC,Nymphaea,1352,19,2895,2436200,8,9,9,8,8,7,10,5,64
LNP5811EV,ヌオー,BW38LDPRF,蓮浦の星空,1244,1,2896,2436180,10,9,9,8,7,7,10,3,63
7EXOPG4TJ,さくらうちすと,0B8RTHY4D,のんびり屋さん,1260,12,2897,2436000,10,10,5,10,10,9,7,3,64
UWR4VKRC7,お台場カノン,N0EXH1CM1,ぱちぱち徒町,1101,12,2898,2435400,7,8,7,10,7,6,8,3,56
Y08K0DWL7,迷子の領分,GNECRHV59,夏の空色,1549,12,2899,2434400,10,10,10,10,10,10,10,2,72
TP63C3K9F,本D,AH27N260E,百生信託銀行,434,0,2900,2433600,10,6,6,7,7,3,5,2,46
ZGJRWAVJL,fran,2ULM366U6,毎日がエブリデイ,1037,7,2901,2433400,10,10,10,10,9,9,9,2,69
DGYYEEB8G,どんべ,1618JMRED,リンクラ自習室,1042,3,2902,2433200,8,8,8,9,7,8,9,5,62
U3SAQRXXV,かぐつち,FG5VFFNRK,蓮ノ空おじさん,1360,4,2903,2432800,10,10,10,10,8,7,10,6,71
NMTY0TY3U,ひじり,G0J2F9NAL,さやさやさーくる,1238,17,2904,2432600,10,10,10,10,10,10,10,10,80
7GNJ185AY,wawawa,CXG25026E,泥のみんなS,1238,16,2904,2432600,10,9,7,10,9,8,10,6,69
7YQ5QL9X3,紅蓮,GE3TL53AP,いい顔でこんぶ,1596,1,2906,2432200,10,10,10,10,10,10,10,10,80
B2ACV9G2B,chiso,KULVP7FDR,アニマル分室,1143,19,2907,2431800,10,10,8,10,7,8,7,8,68
ITK4JA963,田中ゆとり,919XF8V2V,蓮之空大三腳,1252,17,2908,2431620,7,8,8,7,6,5,10,5,56
797LHH22Y,あこ７３,KGDNX3EF3,ENcircle,1063,12,2909,2431200,10,10,9,8,6,8,9,7,67
0JFZAWH4T,あつもり,P2J37FNLG,乙宗先生指導会,1446,19,2910,2430400,10,10,10,10,10,10,10,10,80
ENSUKO8TQ,ぷみー,R7D4DLE21,とりあえずイベ用,1301,19,2911,2429600,8,10,8,9,8,8,10,7,68
R4YYO1MV6,伊達男,PH0YEPJD8,蓮ノ空北國金沢,987,5,2912,2427800,10,10,10,10,8,10,10,5,73
C06XJ4WDD,みつき,UYWDXFYEH,誰でも,1310,8,2913,2427600,10,10,10,10,10,10,10,10,80
VKYV0KDAA,アズえもん,PULJ8VCHJ,蓮ノ空を推す会,1279,8,2914,2426800,10,8,10,10,8,9,10,4,69
F1HLNJN9L,ざき,DBHVM0X7P,ガンフィンガー村,1273,7,2915,2426400,10,10,10,10,10,10,10,10,80
NSU3TCVRR,ぬぬ,WTJV514G9,蓮ノ空のお弁当屋,1272,2,2916,2426000,10,9,8,9,8,7,10,4,65
FUP3K00FA,コウジ,DVF76RK9D,ぼくらの太陽,1092,3,2917,2425200,10,8,7,10,7,7,7,7,63
JDMB0UDYU,PSI,9C0KWR782,まったリンクラ,1203,6,2918,2424600,10,7,9,8,7,7,9,4,61
J8JLK282P,うふふ,GKR9TEBYC,毎日がホリデイ♪,1371,6,2918,2424600,9,9,8,8,8,8,10,6,66
AE2HM3R26,あまもり,1GJC67JLM,無言の泥,1302,3,2920,2424400,10,10,9,10,10,7,10,2,68
UTRBVRL7F,Pmegq,2GXEU3TT1,喫茶るりめぐ,492,0,2920,2424400,10,9,9,9,8,7,10,3,65
NXR5GWVW7,しんにゅうぶいん,HE0GK3EPE,瑞蓮プロカ倶楽部,1252,6,2922,2424200,10,10,10,10,10,10,10,9,79
E1C2AL973,ラー油,6YTAMD33M,リリエンフェル党,414,0,2922,2424200,10,10,9,10,4,10,8,10,71
6U65XRUYI,ねこ,MVMP6NNXD,空き時間らくがき,1490,19,2924,2423200,10,10,10,10,10,10,10,10,80
QYCYJQ8OZ,スラ,3FF3NB77X,せーはす愛好会,1279,4,2925,2423000,7,7,9,9,8,9,7,3,59
2095QHQJ4,ことぶき,1F5EPPMLD,UR貰えればいい,1206,9,2926,2422600,9,9,8,8,8,7,9,2,60
U0B63PU5M,ゆゆ,7R8NKPAB1,花帆推し倶楽部,1097,6,2927,2422000,9,8,7,6,8,7,9,3,57
DKDK6P5R2,たし,48GTYR1VB,ハラショー！,971,1,2928,2421400,8,8,8,7,7,6,9,2,55
647JT67DE,リアラ,VXF8P7NDC,どんぐり。,1547,15,2928,2421400,10,10,8,9,8,7,10,2,64
IJSXKVPN7,くましら,HBK6KCRPP,無言でおけ,1335,0,2930,2421200,10,10,8,8,8,8,10,4,66
JMU6RK4FE,ちゃーりー,CWG5LH3VE,蓮好きPの集い,1124,3,2931,2420600,7,6,6,8,7,7,7,2,50
NUL2YYVB2,にごまん,2NY9H8BR9,乙宗紅茶館,1124,5,2932,2420200,6,10,9,7,9,7,10,5,63
NCHJV4NEB,きん,6BFC4G5YG,蓮ノ空足湯同好会,1517,13,2933,2420000,10,10,10,10,10,10,10,10,80
Z8XW3ZGA9,サンポート,R9T0YKDW8,かちまち応援隊,1408,19,2934,2419800,10,10,10,10,10,10,10,9,79
F610D9VH2,まんまるさん,RNJ306W6N,日曜日よりの使者,1282,6,2935,2419200,10,10,10,10,10,10,10,10,80
AR3PP5A2E,ころもち,TD87P23DJ,黄昏の旅団,1038,2,2936,2417800,8,10,8,10,9,9,10,2,66
LBX336NBX,バート,RF5215M2U,スクステ同好会②,1505,4,2937,2417400,10,10,10,10,10,10,10,3,73
0JY49CDHJ,しびさん,BEMED3RY1,無言無課金ok,1118,17,2937,2417400,10,10,10,10,9,9,10,7,75
TQA69D4WC,とべわき,YUBB47UXH,ソロプレイヤー,1265,13,2939,2417200,10,10,8,10,7,6,9,6,66
LJJRHMRA7,せつげん,07JW71HWG,良いチケで観よう,1350,13,2940,2416400,9,9,8,8,7,5,9,4,59
6GV3424RA,わくわくさん,8JMW9G2XW,僕らのリンクラ！,1491,19,2940,2416400,10,10,10,10,10,10,10,10,80
VJMFD25P9,かるぱっちょ,0XUV5025C,めぐめぐバブり隊,357,0,2942,2415800,7,7,8,3,7,6,9,3,50
K06RM3BCA,ミナミ,KULVP7FDR,アニマル分室,166,0,2943,2415600,10,10,10,10,9,10,10,9,78
P17JKB403,ゆっくら,K8C99H42D,ルリと喜ド！愛楽,1182,9,2944,2415200,7,8,10,10,7,7,3,3,55
WSJNFXWNU,pon,TXNCTRR1U,瑠璃乃推し隊,1341,3,2945,2413800,10,10,10,10,10,10,10,10,80
YM24VM8DD,たぬ,C021HVB2B,第3芸能科,378,0,2946,2413600,8,7,8,6,8,7,4,3,51
6DNV8U5DW,あきえもん,J44XXU43T,みらくら教,741,0,2947,2412800,9,10,8,6,5,7,5,3,53
TMTXUN0C1,千陽,RBDLWNFFM,ドルスリズパーク,735,0,2948,2412400,9,8,5,7,6,6,9,2,52
7AM4LUE7U,ひまちゃ,N7GLY2RUW,百生銀行,812,4,2948,2412400,8,7,6,6,6,7,8,2,50
ALGTFUJ2U,あんずだ,6KUYCDLGR,かよちんは宇宙,1380,7,2948,2412400,10,10,10,10,10,10,10,10,80
X660XF865,アジュサリル,WN3LHKX0L,レンコンおいしい,1070,7,2951,2411600,9,9,8,9,9,8,10,9,71
JDBC73V2E,缀星拥月•音,919XF8V2V,蓮之空大三腳,657,2,2952,2411400,7,5,5,2,8,3,3,4,37
HJAUXWMTT,44013,NLTAB4BLF,蓮ノ空ゆる活動部,755,2,2953,2410800,10,10,10,10,10,10,10,10,80
RXWLWJDXZ,ジンハオ,V6DV6KETG,梢好き好きクラブ,1221,18,2954,2410600,9,9,7,9,8,7,8,7,64
PJCL8P5TR,弦,WAT20PN3Y,こな党,1549,16,2954,2410600,10,9,9,10,10,8,10,9,75
5F8U0T79J,Go North,TK9E1BB1P,無言で自由,1434,8,2956,2410200,10,10,10,10,10,10,10,10,80
F7YHE8NEJ,ﾋﾟ!,9FF5JBNDF,めぐすきクラブ,1058,5,2957,2409000,8,10,8,9,8,8,10,6,67
99CZM3GLJ,glan,3194B9E93,初心者寄り合い所,663,0,2958,2408800,7,10,7,6,6,4,4,4,48
MQ74LJ95I,蜥蜴,DALU6BL7L,東方星蓮船,1447,20,2959,2408600,10,10,10,10,9,10,10,2,71
141VRPKU5,くれは,GKR9TEBYC,毎日がホリデイ♪,1372,2,2960,2408400,10,9,8,9,9,8,10,6,69
V30WH5HJ3,tame,6045Y2RW7,ポチっと！蓮ノ空,1538,3,2960,2408400,10,10,10,10,10,10,10,10,80
6DW7GS7GA,kei02,57HNJ07NK,みらぱ推活最前列,1376,14,2962,2408200,10,9,8,8,8,8,6,5,62
L4GWK959D,まいまい,3HDDYR4FU,旅人,1275,0,2963,2407800,9,8,6,7,7,9,10,6,62
VB8HFK55S,Bro通,BCJRMHE75,梢すきすきクラブ,1288,18,2963,2407800,10,10,10,9,9,9,10,9,76
YCX2YR3VN,えすえす,KARUFA7TN,777,1108,5,2963,2407800,10,10,10,10,10,10,10,10,80
W5EAA1RLS,AOシロ,6D49YVAT7,ユニット愛で隊,1266,9,2966,2407400,9,10,8,8,7,7,10,4,63
79MB12KLX,煌神,M6JPV9MVW,フォルテシモ,1158,18,2967,2407200,10,10,10,10,10,8,6,4,68
08TTH5N8W,ぷにっしゅ,17DM6L40G,なんでやろ８番,1486,4,2967,2407200,10,10,10,10,10,10,10,10,80
T9AF9WX02,SR I(HK),919XF8V2V,蓮之空大三腳,1317,4,2969,2406600,8,9,8,9,8,7,10,2,61
PERH4WFTK,ジミアリ,2B97MH4YA,同じ話し何回も…,803,0,2970,2406200,10,10,10,10,10,10,10,3,73
9Z2DLEZD7,ひさを@にこ誕,573J1JVVK,かほかほ,1276,3,2971,2405600,10,10,10,10,10,10,10,9,79
JH3EAKFDR,わらし,P2J37FNLG,乙宗先生指導会,1237,4,2971,2405600,8,8,7,8,7,7,9,2,56
7HA07WCY2,あきたま,N7GLY2RUW,百生銀行,1159,8,2973,2405400,10,10,9,10,9,9,9,2,68
41CZGSH71,Akanasu,KFC62L0FV,ねるねる同好会,1310,7,2974,2403600,10,9,8,9,7,7,9,6,65
XF07LRVMA,AL,8FR866PRY,蓮っ子みらくラブ,1293,16,2975,2403400,10,10,10,10,8,9,10,8,75
877G426K5,モノ,KXU941RFJ,梢先輩おめでとう,1183,7,2976,2403200,10,10,10,10,10,10,10,10,80
9XWR2CJTC,T2L.,GKR9TEBYC,毎日がホリデイ♪,1066,15,2976,2403200,6,5,6,6,5,7,7,3,45
R665C74A1,マナブ,7R8NKPAB1,花帆推し倶楽部,1066,3,2978,2403000,6,8,6,6,6,7,8,4,51
UILPSAPQM,もぐ,6HV2RH6TU,イベント用、無言,1379,0,2979,2402400,10,10,10,10,10,10,10,8,78
G4B8CFE6U,あるみ,K2L5DCVNR,REAL,1145,7,2980,2402000,10,10,9,8,10,6,8,4,65
CNMIWIHQT,ぺぺ,JVUNVCT8P,梢先輩のASMR,1194,3,2980,2402000,9,9,8,7,8,7,7,3,58
JENRDYVJT,みぎ,H7XTA61FW,村野好き好きクラ,629,0,2982,2401600,8,7,7,8,3,6,4,2,45
VA6RE15YB,くやま,3F0M4HXJE,蓮ノ空まったり部,1275,10,2983,2401000,10,10,10,10,10,10,10,10,80
VAORDHLLC,Kisa,5YEE75CB4,ロビーで待ってる,1286,2,2984,2400800,10,10,10,10,8,9,10,5,72
RX7E27J6X,アオノ,TBL5BPL2T,蓮ノ空と明日の空,1322,1,2985,2400400,9,9,7,10,8,6,10,5,64
3NHBAYHEB,shima,GKR9TEBYC,毎日がホリデイ♪,1342,12,2986,2399400,10,10,8,10,10,9,10,9,76
K52GEI8A4,アナゴ,G0WRCNRWK,県立沢庵図書館,1268,19,2987,2399200,10,10,9,9,10,9,10,7,74
A6T93UMW8,ふりふり,JX0BXWNWH,新米蓮好き好きC,341,0,2987,2399200,10,10,10,10,10,10,10,9,79
PAJWEEFBW,イワーク,73N4AB3LR,かほ子のイオン,1363,11,2989,2398600,10,10,9,9,9,8,10,6,71
4DPEMAB05,ココカメ2,AKF49TD3T,なんか,977,3,2990,2398180,8,9,7,5,5,5,9,2,50
7JKY6A6T8,とりまる,2JVBK752G,卍愛蓮説卍,1047,13,2991,2397600,9,7,8,9,7,5,6,4,55
E58TCOAQF,乙宗さやか,HBUK6F7CC,乙宗梢なりきり部,1457,15,2992,2397250,9,10,9,8,9,7,10,8,70
MFBFYLMA9,ディザスター北島,YXKR0GGM4,蓮ノ空好き好き,1049,9,2993,2397200,9,7,6,10,6,6,7,2,53
51YMLBRP7,tom-hawk,N1JM7M3YC,丘側,1312,10,2994,2396660,7,10,8,10,8,8,10,7,68
DG1CJYP8B,はくてゐ,G1HBGEKAL,みらぱは飛び道具,1268,8,2995,2396280,10,10,10,10,10,10,10,10,80
JB3UNK057,デランテーロ,YAD615PCK,蓮を咲かせる泥達,1355,3,2996,2396200,10,10,9,10,10,10,10,9,78
O5W0KHG41,るりひめぱーく！,B2KV0EVPD,蓮ちゅきクラブ,1238,2,2996,2396200,9,10,8,8,7,7,10,6,65
8PO71UMCM,エモいナ,T8X0G07YB,なければ立てる！,1540,8,2998,2395800,10,10,9,10,9,8,10,8,74
KJU1E14PH,ゆううう,GN9EEL045,きらくに,1198,12,2998,2395800,9,7,9,10,7,9,6,4,61
5C6X0KFV6,おけまるの介,W26TRPM1R,めぐ党藤島派,1166,18,3000,2395000,9,6,5,4,3,1,5,2,35
76FXXC1TA,星屑,4WWM4VVDK,蓮ノ空遊戯開発部,573,0,3000,2395000,10,10,9,9,10,6,5,5,64
83LAKJUUU,2枚引く(仮),KGDNX3EF3,ENcircle,330,0,3002,2394800,10,10,10,10,9,10,10,10,79
D4ELFBWG2,にゃむle,0PJ19NAE3,蓮ノ空同好会☆,738,0,3003,2394600,10,10,10,10,10,10,9,2,71
7PFAR6P9H,やより,GW4CH70HK,TKG同好会,1179,11,3003,2394600,7,10,7,6,6,7,8,6,57
1PBU4KO2I,しとし,FG5VFFNRK,蓮ノ空おじさん,1335,17,3003,2394600,6,10,3,6,6,5,10,2,48
EWWJNGM37,よっつん,UYCT3Y4JK,蓮っ子,1469,18,3003,2394600,10,9,9,9,8,7,10,5,67
4H00B95RF,牛田 全,J8HXTJ8TB,流し素麺同好会,1204,10,3007,2394400,10,10,9,9,8,8,9,7,70
GQ7RAG46W,yakko,9U8KNU6U9,対抗戦用,1258,17,3008,2394200,9,9,7,9,8,6,9,3,60
907BNSHAW,白銀,J8HXTJ8TB,流し素麺同好会,1537,6,3009,2393600,9,10,10,9,7,8,5,5,63
BZQJDUUH4,ポケダ,J80MEYHBC,Nymphaea,1319,15,3010,2393200,9,10,8,9,9,9,7,2,63
HA7CFLYL3,さとやく,WFPA7YJE1,蓮ノ空文芸部,1000,8,3010,2393200,10,8,8,10,7,6,5,3,57
XBJKA63GC,bell,N2KCENRKH,猫＆旅大好き部,1108,13,3012,2393000,8,7,9,7,8,7,8,3,57
9GVJ8E293,真也(まさや),998H940YN,お嬢様筋トレ部,1609,19,3013,2392800,10,10,10,10,10,10,10,10,80
BGYBB4EPE,Glitter,JDAG79TG7,百合ノ空観察部,1484,18,3014,2392600,10,10,10,10,10,10,10,10,80
DWAL7RY6U,Ecemtucr,D7UA5ER1E,UR報酬欲しい！,1202,19,3014,2392600,10,10,10,10,10,10,10,10,80
GZ7G4WE2K,/μ/Neco,17AEM7PUN,SIFcord,505,0,3016,2392500,9,10,9,8,8,7,9,4,64
NU4V4W886,HIDEKI,72XD3ER0M,まったり,1097,2,3017,2392400,10,8,7,8,6,5,10,6,60
IQTW8SJSO,なすお党,0JY7F3EKU,さやか愛でる会,1348,3,3018,2392200,10,10,10,10,10,10,10,3,73
RP68X0H0M,普通NEKO,HWJ8XPW0T,箱推しなのだけど,1406,3,3019,2391600,10,10,9,7,7,9,8,2,62
HHX3RYYSE,あむちゃん,J7N4W6Y1K,こずミックラブ♡,1612,9,3020,2391000,10,10,10,10,10,10,10,10,80
2BGVYTEA0,颯桐,76A46NRVB,遊技中苺牛乳,330,0,3021,2390960,10,10,10,10,10,10,10,10,80
BKT8FKOKM,まつ,JVUNVCT8P,梢先輩のASMR,872,2,3022,2390600,9,8,8,10,10,5,10,2,62
2PMW238FR,やまだ,R1RM3X0WV,後方腕組みオタク,1191,2,3023,2390000,10,10,10,10,10,10,10,10,80
R1G94275R,けい,RN5BT2ECF,泥,1058,1,3024,2388200,10,8,8,8,7,7,10,8,66
7PB5037R0,エス,2LG8K5VAJ,Eサークル,1090,1,3025,2387920,6,8,7,6,6,1,7,2,43
DV73OQD94,にゃっ【・ω・】,FG5VFFNRK,蓮ノ空おじさん,1635,19,3026,2387540,6,7,5,8,7,5,7,3,48
18T943KO7,ポケっス,BT22M41DV,梢花帆吟子同好会,1237,3,3027,2387400,9,9,8,9,8,9,10,8,70
KUBMB2477,きゃむ,NJBBTCY3A,かにかに！,1079,2,3027,2387400,6,8,6,10,8,6,9,7,60
DNWNNJFPR,雪珠,KANLFTMVJ,蓮ノ空中文同好會,1200,18,3029,2385800,10,10,8,10,9,10,10,7,74
JC18R59JE,♨️,9WPD78N1A,蓮ノ監獄,598,0,3030,2385600,10,10,9,10,8,5,9,3,64
TAE0BR8R7,駄犬,NMT63RUDV,泥村,1156,0,3030,2385600,9,9,8,8,8,8,10,6,66
G82CRBLVD,ひめぎん至上主義,CCACL2CMM,暗殺者チーム,1266,19,3032,2385200,10,10,10,10,10,10,10,10,80
NI9I62FHU,キリキリユウ,N7GLY2RUW,百生銀行,1383,5,3033,2384200,10,10,10,10,10,10,10,10,80
MAHE1NVHG,シトロコ,KBJ2P8T0Y,人見知りの集い,1444,15,3034,2384120,10,6,10,10,9,10,10,10,75
7GDDHSKDH,憧れのやくも,2L4HJXUUR,アマ研ガルパン班,1263,19,3035,2384000,9,8,8,10,9,8,10,7,69
T9CFRYFDV,あにき,HWMV33W7Y,フラワー泥民館,1513,18,3035,2384000,10,10,10,10,10,10,10,10,80
I60Q140YD,ゆきじょるの,J8HXTJ8TB,流し素麺同好会,1680,17,3037,2383200,10,10,10,10,10,10,10,10,80
C78S55TMJ,丼物,UYCT3Y4JK,蓮っ子,1522,19,3037,2383200,10,10,10,10,10,10,10,10,80
XMCLMY95W,コノハ,GN1798YEX,ド!ド!同好会,956,7,3039,2382980,9,5,9,10,6,6,7,9,61
3MU2UPJ8P,おいしい水,Y2HV0YEF7,蓮ノ空を応援し隊,1451,7,3040,2382400,9,9,10,7,7,9,10,8,69
FPF0WNKJ1,KubiAwei,D7UA5ER1E,UR報酬欲しい！,1073,12,3040,2382400,10,10,8,9,9,8,7,5,66
2WCWD92Y0,プラはに,Y2P9LABR2,スクステ同好会③,1340,11,3042,2382200,10,10,10,10,10,9,10,8,77
J58T7F4U5,和,Y2HV0YEF7,蓮ノ空を応援し隊,1195,2,3043,2382000,8,8,8,9,7,1,9,2,52
FSEH1ZGCC,ケイ,3FF3NB77X,せーはす愛好会,1208,7,3044,2381800,9,10,9,7,9,7,10,6,67
5C23KT41S,ケロケロ,DHKUGEWBJ,めぐ党虹ヶ咲支部,1185,16,3045,2381400,10,10,7,8,7,7,9,4,62
A3GWMGP35,カ,FH7G62PKW,月火水木金土日,1255,8,3046,2381200,8,9,5,10,7,6,9,5,59
VSCFTBIAB,MKごはん,NGMU0511T,無言のお茶会,1292,19,3047,2381000,8,10,10,10,9,8,10,7,72
T8G9751YG,あやた,RXXUPMWB9,待機室跡地観測所,1338,9,3047,2381000,9,9,9,9,9,9,10,7,71
6EBEBFU9Y,ヴィヌクラ,HBK6KCRPP,無言でおけ,1344,17,3049,2380800,10,10,10,10,10,10,10,9,79
TX8VZDBGI,てるい,L03EYDUJB,梢に芽吹いた蕾,1396,3,3050,2380400,7,10,10,10,9,7,10,7,70
04OJ29Z4I,たーしー,Y2R7E79U3,カワウソ同好会,1263,15,3051,2379600,10,10,9,10,10,7,9,5,70
GYYYUFDH2,パステル,07JW71HWG,良いチケで観よう,1137,8,3052,2379400,9,4,7,7,8,1,9,4,49
4RDJIJ4KM,ノラこま,G59NGM0XA,シュリーレン,1298,16,3053,2378600,9,9,5,10,8,6,10,5,62
FACXNTRM7,Anemone,7XH3K4GBT,LLP,1034,9,3053,2378600,9,5,7,6,8,7,5,2,49
FV76H4N7H,ことりの囀り,8R49BTWW6,蓮女お嬢様クラブ,1286,0,3055,2378250,10,10,10,10,10,10,10,9,79
KP0UUPORZ,エンジャ,UNY76JJDE,ラブライ部,1312,9,3056,2378200,10,10,8,10,9,9,10,8,74
JRREWG0DT,K.12,9X07VGM42,近江町食べ歩き隊,1062,5,3057,2377800,10,10,10,9,9,7,10,3,68
4DTRE3LXC,いさき,95TAREFPT,ご自由にどうぞ,1171,2,3058,2377400,9,9,8,9,9,8,10,3,65
QN80AZ200,(´・ω・｀),B5V2LNN43,WMW,1399,4,3058,2377400,9,7,7,5,8,7,10,5,58
L45HHB1PZ,いっそん,3MW8HDRTF,秘密結社CKC,1254,11,3058,2377400,10,8,10,8,8,10,9,3,66
NJL45BH0O,くらり,MUXWTW1GV,蓮の空見守り隊,1397,18,3061,2376900,10,10,10,10,6,8,10,7,71
9HYL765TV,オルカ,WCUAMVY9X,ゔんゔん會,1297,11,3062,2376800,10,10,7,10,8,10,10,5,70
V3T5AISVN,ttrrr,L28X4MDJN,アフター観たいぞ,1286,10,3063,2376400,9,9,8,9,8,9,10,6,68
9L8P6TUG6,レイン,66BTJEEV6,ほりでぃぱーく!,1158,4,3064,2375800,10,9,10,9,7,8,9,6,68
JBG94K5GK,ショザイ,JTX1G19BP,さやかほ癒し会,1318,18,3065,2375600,10,9,7,7,7,7,10,7,64
7CCT3RP0T,がお,N1DJVPGP8,いつでも咲けるよ,1454,14,3066,2375200,8,8,9,7,7,8,9,6,62
4LV68ATB7,たう,0CEA9XFKR,蓮ノ空の泥人会,1126,5,3067,2375000,9,9,8,8,9,8,10,10,71
HCROHBDK4,めんつゆ,8YDE8BXJT,ずんだシェイク！,1152,2,3068,2374400,5,10,8,9,4,5,9,2,52
DLI1EBZ98,える,D74U0Y31D,はじめての蓮ノ空,911,3,3068,2374400,10,10,7,10,8,5,8,5,63
72WV8KO9H,だいきん,KBJ2P8T0Y,人見知りの集い,1351,16,3070,2373200,10,9,9,10,7,10,10,6,71
G5DXHDJY1,ノダラ,F53AELUNC,ソロっと倶楽部,1018,12,3070,2373200,9,10,9,8,10,6,10,9,71
M46HEU05T,高分子聚合奶茶,NT2KU5174,こずかほ。,1227,6,3072,2372600,10,10,9,10,10,9,10,9,77
CNN8V058P,極上握り寿司,9DKR4Y2CJ,蓮ノ空老人会,934,6,3072,2372600,10,10,10,10,10,10,10,10,80
U6WJPTGAF,demidar,PDMPF3VVV,r/LL,1041,7,3074,2372200,9,10,7,9,10,7,10,4,66
ZXSEHBX6O,てろてろ,9FF5JBNDF,めぐすきクラブ,1415,19,3074,2372200,10,10,9,10,9,9,9,6,72
JZIF9MIDA,カイ,4XRHRYDW4,無言でエンジョイ,1480,17,3076,2371800,10,10,10,10,9,9,10,6,74
K0Y8RBTWT,シャー芯,0NJH60E7V,睡眠大事,1145,1,3077,2371400,9,10,8,8,5,9,10,6,65
B2W4CLPYL,ZAQ,43HRXMXWA,無言OKクラブ,865,2,3077,2371400,9,10,10,10,7,8,5,5,64
744UAYYDJ,太陽であれ！,TDVTNN329,なに,1302,14,3079,2371200,4,10,6,6,6,6,9,3,50
36O1J8BDY,タイム,95TAREFPT,ご自由にどうぞ,1453,4,3080,2370800,10,10,10,10,10,10,10,10,80
81F57TPD1,おかp,NB0HX9KP8,かほてぃあん,1122,4,3081,2370200,10,10,9,6,2,5,9,4,55
4H3JZAXY7,ハクイ,3HDDYR4FU,旅人,1229,4,3082,2370000,8,8,7,8,7,7,10,7,62
8LM0J5QVT,らじたろ,VNXM47FN9,機械さん専攻,1130,2,3083,2369800,8,8,7,8,6,7,9,3,56
YR5WZBFHE,L,HBK6KCRPP,無言でおけ,1200,15,3084,2368800,9,10,7,9,8,8,9,5,65
M2JX913XC,さしみかん,3LPBPHL3V,壁の民の伝説,1220,4,3085,2368160,8,10,8,7,7,7,9,2,58
R9O17BK3H,yumeca,WAT20PN3Y,こな党,1485,17,3086,2367400,10,10,10,10,10,10,10,10,80
NDA9M2JGD,LOVESICK,WHWT61ELR,【無言】ハスノソ,1311,3,3087,2367000,10,10,7,7,9,7,9,7,66
SAFVNHK17,やまだひさお,08HLNF1MX,毎日がエブリデイ,1234,3,3088,2366400,10,10,10,10,10,10,10,10,80
EP6RG2U8L,ルナズ,8VGXWTV3U,R.opRizm,448,3,3089,2366200,5,8,10,4,7,5,2,2,43
XPVK85R6U,ナギ,CXG25026E,泥のみんなS,1374,3,3090,2366000,8,9,9,9,8,8,10,6,67
78BDHKKK0,ビー玉,Y2R7E79U3,カワウソ同好会,1389,6,3091,2365800,10,10,10,10,10,10,10,7,77
2JGXJABRE,くまベアー,JA2C658FW,さや綴理の村人,1404,8,3092,2365000,10,10,10,10,10,10,10,10,80
4EP9A3ZQ4,りまりまる,CV62FGL1U,花咲かせ隊,1329,10,3093,2364800,10,10,10,7,8,6,9,7,67
VN44PL392,椛,Y2HV0YEF7,蓮ノ空を応援し隊,1435,18,3094,2364600,10,10,10,10,10,10,10,10,80
BSG9GKEGX,タツルン,9JTF508LB,スクスタ亡霊部,1272,7,3095,2363200,10,10,9,10,8,5,8,4,64
PLNHMXFW8,ミクロンごく,C9DAJ6YFV,のんびり,1370,19,3096,2362600,10,10,10,10,10,10,10,10,80
EO90UX0KX,ぺたんこ,GN1798YEX,ド!ド!同好会,1642,19,3097,2361400,10,10,10,10,10,10,10,10,80
VJYBTVE2X,澄水(すみす),W3F0URUJC,梢先輩応援団,1273,11,3098,2360600,10,10,10,10,10,10,10,10,80
NT48TEY6L,ハーメルン,3A63DYH54,LLすこすこ部,1168,7,3098,2360600,10,9,8,9,7,6,9,6,64
054MWCBJY,Bald,95TAREFPT,ご自由にどうぞ,471,2,3100,2360560,10,10,10,10,9,10,7,4,70
GKRX7E7R9,いちごプリン,66BTJEEV6,ほりでぃぱーく!,1392,17,3101,2359600,10,9,8,10,8,7,10,4,66
DG86A7QOY,小原兎歩,J800VVPTN,Aqours,1326,10,3102,2359400,9,8,7,8,9,8,10,4,63
87KGAPVW5,万策尽太郎,WWWUTP96L,異次元からキマシ,1252,19,3102,2359400,10,10,10,10,10,10,10,10,80
UDEXJ164F,たイッチー,TDNL11LXW,建布施具屋,838,4,3104,2358600,10,10,7,7,8,6,5,2,55
5EM9A70TY,ダーヤマ,85D411XNB,蓮っ子の集い,1012,12,3105,2357400,8,10,5,8,5,6,6,4,52
XWXG6A8P8,にわぺくん,BH9YH1YL5,ラブライバーの森,1046,5,3106,2357200,10,5,9,10,8,7,5,2,56
7M77KVD4D,神楽光,919XF8V2V,蓮之空大三腳,873,6,3107,2356600,10,9,9,6,9,6,8,5,62
SYWTDWS98,iga,4YTFBJAMP,HanaHana,1579,5,3108,2356400,10,10,10,10,10,10,10,10,80
S8E2XZ4MQ,レイ・オーキス,3HDDYR4FU,旅人,1303,12,3109,2355800,10,9,7,10,8,5,10,3,62
E4R5CUM51,give up,HWJ8XPW0T,箱推しなのだけど,587,0,3110,2355600,7,7,7,7,6,5,9,2,50
CLG78YDBE,あるひの,948FLPMPN,まったりハス煮〜,1028,2,3111,2355400,8,10,10,7,10,1,2,2,50
MX01EIBNX,チョココロネ,W26TRPM1R,めぐ党藤島派,1151,3,3112,2355200,10,10,10,10,10,8,10,8,76
1N4WI9PL2,6号,WTJV514G9,蓮ノ空のお弁当屋,1517,9,3113,2354200,9,10,8,8,8,7,9,5,64
4NGXEKB5K,CROSS,5YEE75CB4,ロビーで待ってる,1288,19,3114,2353800,10,10,10,10,9,8,10,6,73
I8X5KZ72A,アルカディア,WE4AB37FP,めぐ党,1393,3,3115,2353600,10,10,10,10,10,10,10,10,80
M9CYN1PH9,角,XEENRBXCG,蓮ノ空休日クラブ,983,1,3116,2352800,8,9,5,7,5,7,7,3,51
3XVJ9HC1U,テンペスタス,3BE2RELRC,見晴台,1015,2,3116,2352800,9,8,8,8,8,6,9,2,58
T1LNX4A3H,こうhaya,JDAG79TG7,百合ノ空観察部,1004,8,3118,2352600,10,10,9,10,9,8,9,7,72
8DV5XX99R,セラぱい,25PMPEMG7,星見プロ,1568,15,3119,2352500,10,10,10,10,10,10,10,10,80
FF3EBJ25M,かんばらい,YDYH4VRRP,レンクウ,1171,7,3120,2352000,9,9,8,8,7,7,9,3,60
RJBYA1D2D,ran,AR9HR528A,いろいろ実況,1145,15,3121,2351800,9,9,6,7,8,7,10,4,60
0BSYS4QJO,金沢八景,HWJ8XPW0T,箱推しなのだけど,1368,8,3122,2351600,10,10,10,10,10,10,10,7,77
V26BVACUL,クライム,YDYH4VRRP,レンクウ,1300,10,3123,2351200,10,10,10,10,10,10,10,10,80
ABDJG7XLX,そろまぜ,C8A9CTB34,蓮ノ空山岡家部,1384,1,3124,2351000,10,10,10,10,10,8,10,5,73
TC6LL2FAA,くさの,DHKUGEWBJ,めぐ党虹ヶ咲支部,1162,15,3125,2350800,10,10,10,10,10,10,10,10,80
KW1H2NI7G,いあみん,4FXPC55PY,PPIHクラブ,1294,3,3126,2350600,10,10,8,10,10,8,10,8,74
GF4PVVK3R,むーん,V0XTK8NVM,のんび〜り,488,2,3127,2350400,10,10,9,10,8,8,10,4,69
HU31WK3D9,5884,LUDNM40F8,ふくふく無言OK,1379,19,3128,2350200,10,9,9,10,8,8,9,7,70
CEY02JMXC,雪兎,1BME38BCD,さすさやクラブ,1583,17,3129,2349200,10,10,10,10,10,10,10,10,80
ME7HP4U4X,いちご,GR65FP8VN,蓮好き,288,0,3130,2349000,6,10,7,9,10,5,9,2,58
JBU2WDK9D,らっきょ,W09WBG3HY,どろんちゅ,1104,14,3130,2349000,10,10,8,9,10,8,10,4,69
YAHIOBQO6,ゆま,HWJ8XPW0T,箱推しなのだけど,1051,14,3132,2347200,6,7,6,10,6,8,9,5,57
NPXH5R3ON,彩斗,N2KCENRKH,猫＆旅大好き部,1481,10,3133,2347000,10,9,10,10,9,6,10,7,71
KB64N537R,ゆー,3194B9E93,初心者寄り合い所,1030,4,3134,2346800,10,9,10,9,9,7,10,8,72
HPGXU5TQI,ファンカー,CXG25026E,泥のみんなS,1211,12,3135,2346600,9,8,7,7,7,7,7,5,57
1NJPHEN0K,ゆう,EECF9C0N3,蓮ノ空　茨城分校,519,0,3136,2346000,10,10,9,10,9,7,10,7,72
TWMHXEK1W,にゃんこな,BX7W9FA88,にゃんこな,1391,18,3137,2345400,8,10,10,10,8,7,10,7,70
UH30X8JR7,あきぞら,YD5YULYRR,ゆる〜く活動,781,0,3138,2345000,10,10,10,10,9,9,9,6,73
5EH053XM0,❃,B5RB6PDGT,人見知りクラブ,743,0,3139,2344600,9,9,7,9,8,7,10,4,63
B8G6H9HEV,あんてり,GN1798YEX,ド!ド!同好会,1505,18,3140,2344400,10,10,10,10,10,10,10,10,80
FUPH605HJ,Turk43,HXVYGL96H,初々しい対抗戦,937,6,3141,2344200,8,8,8,7,8,7,9,4,59
N2DN8NLMN,ハスニ=クルーゼ,GW4CH70HK,TKG同好会,1108,4,3142,2341400,9,9,8,8,7,7,8,4,60
VNDD501GJ,きょーやま,3F0M4HXJE,蓮ノ空まったり部,751,4,3142,2341400,10,8,5,6,5,5,8,5,52
TW3WYR59V,サイと鵜,PH0YEPJD8,蓮ノ空北國金沢,1155,19,3144,2340400,10,10,8,10,8,8,9,8,71
KHANUJR37,ねぎとろ,5YXVKDEKV,サークル(仮),1198,7,3144,2340400,10,10,10,10,10,10,10,10,80
R8GYUW1YV,アルマータ,UVK38MFR2,蓮の虚無サー,799,2,3146,2340200,10,9,8,10,9,10,9,7,72
EOWWHMVU8,みかのん!,KGDNX3EF3,ENcircle,1348,13,3147,2339800,10,10,10,10,10,7,10,7,74
M3MIQCUYF,56,HBK6KCRPP,無言でおけ,1238,3,3148,2338800,9,8,7,7,8,7,9,4,59
SGO96W1TZ,なこぽん,07JW71HWG,良いチケで観よう,1426,10,3149,2338600,8,10,8,10,8,8,10,5,67
O4RJ1R6GD,cha,FTY0R8KPH,泥の皆様,1226,13,3150,2338400,10,10,8,9,8,7,9,4,65
YFVSHEQZI,いお,PLBBEX019,待機室目指し隊,1443,5,3151,2337400,10,10,10,10,10,10,10,8,78
5LUBJ3V2P,若葉そよ,7NJM1VURM,らんるん部。,1360,15,3152,2336500,10,10,7,8,7,7,9,7,65
RZMJH77DU,りゅーきち,NT2KU5174,こずかほ。,1099,2,3153,2336200,8,9,9,7,8,7,10,2,60
45GD581TM,시현,L28X4MDJN,アフター観たいぞ,1137,13,3154,2335800,8,8,8,10,9,10,10,7,70
G637X243W,likky,N752V1LD6,思想の溜まり場,1269,11,3155,2335200,10,10,9,10,10,9,9,8,75
Z5AGF2FTZ,とまと,FNMV166UY,蓮ノ空喫茶部,1494,13,3156,2335000,9,8,8,9,6,4,7,2,53
Z83W7T8B3,Sion,1GJRB2L30,地元愛蓮沼団,1439,4,3157,2334400,8,9,10,8,7,9,10,5,66
T66JRD39A,ゆきち,NJBBTCY3A,かにかに！,1070,0,3158,2334000,8,10,8,6,8,8,10,6,64
CF3RJMU7R,上原步梦,BEMED3RY1,無言無課金ok,388,0,3158,2334000,10,10,10,10,10,10,6,10,76
177CJ4RPV,アーケオス,N1DJVPGP8,いつでも咲けるよ,1057,10,3160,2332800,9,9,4,7,7,7,6,5,54
ZZ5O8E0M4,coldblue,9YG7C0VM7,綴理と無言で昼寝,1237,2,3161,2332600,9,10,7,7,5,6,10,5,59
BTDRBWM8J,あーぷ,BEMED3RY1,無言無課金ok,837,0,3162,2332200,6,8,7,7,6,7,4,2,47
F43X37134,いさっち,YXKR0GGM4,蓮ノ空好き好き,1351,12,3162,2332200,10,10,10,10,10,10,9,10,79
7077BN653,Regerets,U57VPUTEE,ゆったりクラブ,724,5,3164,2331600,10,10,8,5,6,4,7,5,55
6THD4C6N2,わたね,RKT7BC4F6,人形浄瑠璃乃,845,6,3165,2331000,8,10,7,10,8,7,10,7,67
W8BJZ0I0E,f960013b,YD2XWWFA4,蓮好き好きクラブ,1246,19,3166,2330200,9,10,10,10,10,8,10,8,75
G1N3ND8MT,とらきち,427WENUC4,心の癒し～蓮ノ空,1421,4,3167,2330000,10,10,10,10,10,10,10,10,80
05MUU458T,Kakeru,GR65FP8VN,蓮好き,1290,19,3168,2329000,10,10,10,10,9,10,10,9,78
T2T4RPAF2,静安寺ゆかり,9C2FC74H2,overseas,1166,19,3169,2328600,9,8,7,10,6,6,10,6,62
75DB78TWE,はね,DLF2YK8WN,サクサクサーカス,1013,5,3170,2328400,8,5,8,6,5,4,9,2,47
0R0DJUFCH,ニョレン,HMBW9DXY2,蓮好き皆あつまれ,1460,19,3170,2328400,9,10,10,10,9,9,10,8,75
POECWKUBK,みーわ,8CEWMFEHX,ねるねるねるね,1299,3,3172,2327200,10,9,8,9,9,8,9,4,66
4JN348J56,ゆ・じょんそん,NA8FEYN0M,蓮ノ空飲酒クラブ,1075,6,3173,2327120,6,4,5,9,7,7,7,2,47
PNC6RLJVA,てくてくみかん,U57VPUTEE,ゆったりクラブ,1161,3,3174,2326600,8,9,10,9,9,7,9,7,68
X64FJD6HD,へろ太,MTBP3B4GM,ふらわーすきすき,1138,1,3175,2326200,9,7,8,9,8,8,10,5,64
FCV8B4U8P,やみれ,AGJ215YND,蓮の空中國分校,727,4,3176,2326000,7,10,4,6,3,8,6,4,48
HHPBEJEQ0,伝説の目撃者,88DJ300PJ,めぐ党 • 永遠,1468,1,3177,2325800,10,10,8,8,8,8,10,5,67
L0794C9D6,みちゃんかわいい,LLDLG20UU,UR取り隊,472,1,3178,2325200,10,8,10,9,9,4,9,3,62
Q99L20OEH,らったん,KXU941RFJ,梢先輩おめでとう,1204,3,3179,2324600,10,10,8,10,8,6,9,4,65
521MU0XLT,ぬえ,CM5THHYHB,「」ノ空だけれど,1390,19,3180,2324400,10,10,9,9,9,8,10,8,73
UIHD7SIRN,lira,HBM31HMUY,YUKIZURI,1153,4,3181,2324000,9,6,7,10,9,8,8,3,60
1Q6UPBSE8,きたくみん,E76N52LMW,イベントのみ,1118,2,3181,2324000,9,8,8,8,7,4,8,4,56
L06R595XE,まぁと,07JW71HWG,良いチケで観よう,1254,19,3183,2323600,10,10,8,10,8,8,10,5,69
CMDND21FV,まぜっぱ,0UT59MJ8U,かほすこ同好会,1429,7,3184,2323400,10,10,10,10,10,10,10,10,80
1UQI8OEZ4,暳,279NUYU7C,れんこん,1433,19,3184,2323400,10,10,10,10,10,10,10,10,80
KYAHQ53H8,はっすー,GVT61ATX0,なのだけれど,1474,18,3186,2322940,10,10,10,10,10,10,10,10,80
LHK9KA0OF,ゆき,TKVR3KU7L,ネギトロTKG,1368,17,3187,2322200,10,10,10,10,7,7,10,9,73
8HT5R8C4D,ゆうしゃぷ,H6JWBBGCG,蓮天・乙宗一心流,1130,6,3188,2322180,8,9,8,10,8,6,10,4,63
8RGU3ED8W,如月,XVTV7MVCX,雪月花,721,6,3189,2321800,7,10,6,10,10,7,7,6,63
38K69PA61,マルコ,YVV9CMBLW,東京公演で沼落ち,1024,11,3190,2321420,7,7,7,7,7,7,9,3,54
4DEXTYUX5,みるく,AH27N260E,百生信託銀行,678,0,3191,2321400,9,10,8,9,9,9,10,7,71
70J1KMRPV,tb200,G0WRCNRWK,県立沢庵図書館,1385,19,3192,2321200,10,10,10,10,10,10,10,10,80
XPUYNGD34,たまちゃん閣下,GR65FP8VN,蓮好き,1283,7,3193,2320200,9,10,8,9,7,9,9,3,64
4R386HDXY,眼鏡,R3UE4PGCE,うさぎ小屋,814,0,3194,2320000,9,7,7,8,8,7,9,3,58
ABVWM6BAB,ぺぺ,T4P115XHD,サークル,726,2,3195,2319200,8,10,4,6,7,8,4,2,49
H0JB811NN,コク,KXB93FVTR,ブルームガーデン,1184,15,3195,2319200,10,9,8,10,8,7,10,7,69
JX41CPFEV,美晴,N3YMU1HNU,サークル名を入力,1052,5,3197,2318400,10,8,6,8,9,6,8,6,61
PD9U9BGR0,秋ナスの木,N7GLY2RUW,百生銀行,659,0,3198,2318200,10,6,8,10,5,2,10,5,56
PD8AVB2VF,レオン,VLY5JDKCV,新規なのだけれど,547,0,3199,2317600,8,5,7,6,6,5,8,2,47
NKA074DXL,なべさん,PLBBEX019,待機室目指し隊,1164,15,3200,2317200,10,10,9,10,10,6,8,3,66
69BBOVP3H,藤島慈の赤ちゃん,YE7CX8RNP,蓮ノ大三十角,1361,15,3201,2317000,10,10,10,10,10,10,10,10,80
53R2Z3OK7,TJ,EE4BKR0AR,まったりプレイ,1003,0,3202,2316800,10,9,9,9,8,5,6,2,58
K21DQHM4Z,る！,V6DV6KETG,梢好き好きクラブ,998,4,3202,2316800,9,7,8,5,8,3,1,2,43
QV9PR61S7,ふどう,W3F0URUJC,梢先輩応援団,1519,15,3204,2316600,10,9,7,9,8,7,10,5,65
CDGR11BZY,ヒロ,D7H8MN2U4,LLD,1357,8,3205,2316400,9,10,8,10,9,9,10,8,73
0RH71W7J8,そらね,GYG7B5R36,幼馴染同好会,1130,10,3206,2315600,9,10,6,7,7,8,9,4,60
2PHKWCK4B,山,HWJ8XPW0T,箱推しなのだけど,1199,4,3206,2315600,10,10,9,10,9,7,10,7,72
C9DG98GXN,ヘッドギア,J0N1E3Y09,月火水木金土日,1022,3,3206,2315600,10,10,10,10,10,8,10,4,72
VIO6Y4MKX,みな,8FR866PRY,蓮っ子みらくラブ,1045,8,3209,2315400,9,10,5,6,4,5,9,2,50
4MYGMM92F,トリガー,JWUL2T36L,チーム初心者,1263,19,3210,2314400,10,10,10,10,10,10,10,10,80
N4XOJ73K0,ペペロン,CV62FGL1U,花咲かせ隊,1028,7,3211,2314200,5,5,6,1,8,5,4,3,37
Q4WL39YZJ,Rigon,1F5EPPMLD,UR貰えればいい,1086,3,3211,2314200,10,9,8,10,9,7,10,6,69
0CPFA3PTM,かりんたや,25PMPEMG7,星見プロ,1571,15,3213,2313400,8,8,8,8,8,6,9,7,62
S8OW4YBAS,dhrs,8FR866PRY,蓮っ子みらくラブ,1278,19,3214,2313200,9,9,9,9,8,8,10,7,69
Y00NWBHFP,ラフェルノ,WHWT61ELR,【無言】ハスノソ,1304,17,3215,2312800,8,9,9,9,9,9,9,8,70
NAQKDWP85,フカ丸,Y2P9LABR2,スクステ同好会③,1448,8,3216,2312600,9,10,8,9,8,9,10,7,70
KVVW2YL67,トマトマト,JDAUTGR5N,花帆ウサギ,1398,4,3216,2312600,10,10,10,10,10,8,10,8,76
H9GMFD6RA,よりたンゴ,GGK2P93JK,きゃらめる,382,0,3216,2312600,10,10,10,10,9,10,4,10,73
RUJNOUZQ6,ちくでん,1GN44H48G,かほめぐ好き好き,778,3,3216,2312600,9,10,8,10,10,10,7,8,72
R0E2W149E,ながこ,DHKUGEWBJ,めぐ党虹ヶ咲支部,1092,1,3220,2312200,10,10,10,10,9,8,10,5,72
X44YY88DK,ゆいまりん,2GXEU3TT1,喫茶るりめぐ,698,3,3220,2312200,10,9,10,10,10,10,4,4,67
LTGCD5H3D,いろはす,FK5MUK0ET,くる♡すきクラブ,509,0,3222,2312000,10,10,10,7,6,10,3,3,59
97GLFJXLM,そうけん,CXG25026E,泥のみんなS,1038,6,3223,2311600,10,10,10,10,10,10,10,10,80
DQ63TGY5V,たまい,51CF1LTGY,ラ研連合,1223,19,3224,2311200,9,8,7,8,6,7,7,4,56
4I2H975HB,マキハル,KB5BFK7J6,おはめぐ党本部,1200,10,3225,2310800,10,8,9,10,8,8,10,3,66
LWRUPM1FR,てとら,85D411XNB,蓮っ子の集い,1305,11,3225,2310800,10,7,7,9,8,7,10,5,63
M9L6U6TDO,ひとしずく,HMBW9DXY2,蓮好き皆あつまれ,1183,4,3227,2310600,9,9,8,9,8,8,10,4,65
CHCAOWDJC,焼きみかんの湯気,WCL6R1ANU,無所属の会,1269,9,3228,2310400,9,10,9,9,8,10,7,2,64
X7MBNC2KF,コブ,53M4V2BVG,吟子の髪飾り,557,2,3229,2310200,8,10,9,10,7,5,8,5,62
7TU8DLKHN,蓮音天,CTW8DKV5P,まったり,1188,3,3230,2310000,10,10,9,10,10,10,10,10,79
G4B419TOO,にんげん,573J1JVVK,かほかほ,1251,5,3231,2309800,9,8,7,8,8,8,10,6,64
KQJL49F8B,しゅが〜,K7JJTMPXB,チケキャン,1308,12,3232,2309400,10,8,7,10,7,7,10,7,66
APMG3DXT6,ksks,AWFDLJ1HC,小蓮花（重生版x,1117,2,3233,2309260,7,7,5,7,7,8,6,2,49
GAB8OG02M,kon,2UKNVBMBU,梢ちゃん同好会,1542,19,3234,2308800,10,10,10,10,10,10,10,10,80
9YELCCB08,いふ,5KK3DFY18,MUGEN∞,1346,4,3235,2308200,8,9,8,7,6,5,7,3,53
41R2AG7HK,テリヤキ,DKNHY5HH6,なす料理研究会,1152,14,3235,2308200,10,9,10,8,8,9,10,3,67
S6GD9014A,ゆーぱな,W7D9YK7U8,300KM,1559,18,3237,2307800,10,10,10,10,10,10,10,10,80
EY2D1P0H3,hyper98,BW38LDPRF,蓮浦の星空,1469,19,3238,2307000,10,10,10,10,10,10,10,8,78
B20V71P72,Kano,AWFDLJ1HC,小蓮花（重生版x,1358,16,3239,2306400,10,10,10,10,9,8,10,8,75
002NF9D55,たけ,GKR9TEBYC,毎日がホリデイ♪,1225,16,3240,2306220,10,6,10,9,2,6,10,2,55
7UJZFLDP4,なし星,AE3L01V24,LOVE蓮ノ空,1138,4,3241,2306000,9,10,10,10,10,2,9,5,65
DCFJDK8L7,ぺんぺん,1BME38BCD,さすさやクラブ,1452,15,3242,2305000,10,10,10,10,10,10,10,10,80
RGCDRMUA4,kopite,RM7N1JDB5,無言推奨不干渉会,1221,19,3243,2304800,10,7,9,10,10,8,9,7,70
QSOCTGST3,ベア,TR057C1UW,蓮ノ空ぼっち部,1299,2,3244,2304400,8,9,8,8,7,7,9,2,58
DVNDD09IZ,木戸修,V26546K3D,乙宗気合筋肉,1430,13,3245,2304200,10,10,9,10,8,8,10,10,75
IZ48INGKV,りきちゃん,4RY75CKM4,LLすこ部　メ募,991,6,3246,2303800,10,10,8,9,8,7,9,2,63
HGR6O7483,Masumiy,HMBW9DXY2,蓮好き皆あつまれ,1269,9,3247,2303400,10,9,5,9,8,7,9,2,59
5GF0JFU0K,ねね,YAD615PCK,蓮を咲かせる泥達,1241,19,3248,2302800,10,10,10,10,10,10,10,10,80
PPKG2GEEB,TTSC,P2J37FNLG,乙宗先生指導会,870,0,3249,2302600,9,9,8,10,9,7,9,6,67
5XDRUYKDY,りんおう,VP0K6KF0K,蓮ノ空大好き!!,1192,16,3250,2302400,10,10,10,10,10,10,10,10,80
RR4L71LVA,縹（はなだ）,Y2HV0YEF7,蓮ノ空を応援し隊,1264,19,3251,2301280,7,8,10,7,8,8,10,7,65
KHV1TG9NI,星宮かぐら,JDAG79TG7,百合ノ空観察部,1367,15,3252,2299800,10,10,10,10,10,10,10,6,76
MCCUM53MR,Lang,DKNHY5HH6,なす料理研究会,546,0,3253,2299600,10,9,8,5,6,5,7,4,54
F1WBX57IA,don_buri,N94LEWF2D,無言よわよわの会,1242,6,3253,2299600,10,10,6,8,9,7,10,4,64
9HXU3ISMP,ちきちき,FJMA5BPPE,蓮ノ空すきすき部,1528,16,3253,2299600,10,10,10,10,10,10,10,10,80
C81ZQ13D5,k,L1VGJTD5P,蓮ノ空お茶会部,1219,18,3256,2299000,9,10,9,10,10,8,10,8,74
KTMYEHRQ0,さぶれ,PPAHU1TNY,蓮ノ空のんびり部,773,0,3257,2298800,10,7,10,10,10,5,9,10,71
XL236XPDD,まりも,V1G3KNET8,パンダ和花,659,0,3258,2298200,8,8,8,6,6,6,7,2,51
7R1SZ5PEX,Yuuki,NC2YT2V28,蓮之愛同予者何人,1342,15,3259,2296720,9,10,7,7,8,7,9,4,61
TIAI12XT9,カイメイン,PPAHU1TNY,蓮ノ空のんびり部,1422,5,3260,2296000,10,9,9,9,9,9,10,9,74
MCP956821,O次郎,43HRXMXWA,無言OKクラブ,1413,19,3261,2295600,10,10,10,10,10,10,10,9,79
BYCYXJX0X,バネ,DLF2YK8WN,サクサクサーカス,640,0,3262,2295400,9,10,8,5,6,5,8,2,53
KH9BFVMG1,,NU4AJF9Y4,,737,0,3263,2295200,10,10,10,10,10,10,10,9,79
WS2ZDST9S,ひえろ,N94LEWF2D,無言よわよわの会,1064,1,3263,2295200,7,7,8,7,4,2,8,3,46
C7P08HU1V,マイケル,48BTAPMBG,蓮ノ空魔術部,1052,0,3265,2294400,9,9,5,7,7,5,8,1,51
W324V1AD2,あやせ,Y7KJ3PM8P,蓮すきすき同好会,1372,12,3266,2294200,9,8,6,7,7,8,8,6,59
5FVD8TFC5,あべかわもち,RXXUPMWB9,待機室跡地観測所,1293,4,3267,2293800,10,9,10,10,9,9,10,9,76
FU9G7NGUM,ツーベルク,XE8513HNP,喫茶カワウ空✨,1159,2,3268,2293680,10,10,5,4,10,4,10,5,58
4JXUNTBN2,CodyHo,KANLFTMVJ,蓮ノ空中文同好會,989,15,3269,2293600,7,7,6,8,4,6,4,2,44
34NRW1GFD,おても,6FWRD1K40,いちじょ海賊団,1093,15,3270,2293400,9,8,7,10,8,8,8,6,64
EG0469X02,ずっきー,4FN0KWB4G,無言参加大歓迎！,672,0,3271,2293000,10,10,10,10,10,10,10,10,80
5RZHTH6OU,ともも,T045NDKW0,♬さやか愛好会♬,1397,19,3272,2292800,10,10,9,10,9,9,10,7,74
Q511Y9BHJ,ななみ,GW4CH70HK,TKG同好会,1024,13,3273,2292400,7,8,6,6,6,7,8,4,52
JWK0F6B8A,あば,5V9TDD4NF,みんはや蓮ノ空部,1078,7,3274,2291600,9,4,8,5,7,7,9,4,53
QYHPVIYV9,ロクレン,T2XRMGEAE,蓮根無言会,1127,3,3275,2291400,8,8,8,8,7,8,9,5,61
NUYX2A2FK,キヨト,9FF5JBNDF,めぐすきクラブ,946,7,3276,2291000,9,10,9,3,3,5,2,2,43
37HUYFNLE,ゼノ,7U20138DB,LGP,1183,8,3277,2290800,8,8,8,7,7,7,7,3,55
5U8U3WENP,K算,KGDNX3EF3,ENcircle,1173,3,3278,2290400,10,10,10,8,8,7,10,8,71
UU6CVXU9L,あかり,WE6X1TNJ5,りんくら部,1245,2,3278,2290400,10,10,8,8,9,9,9,3,66
T47621XML,きままなそらしど,LAP2W049X,りんひな愛好会,921,2,3278,2290400,6,8,10,7,10,7,5,2,55
XELT0K2YU,りゅう茶,AG9PKMMC3,ぱかぱか同好会,1544,19,3281,2290250,10,10,10,10,10,10,10,10,80
O8V23808Y,himawari,NGMU0511T,無言のお茶会,1077,4,3282,2290200,8,7,6,7,8,7,10,5,58
P98G1CEUE,のねるーしゃ,XK83VXEED,TUAS,1295,15,3283,2289880,9,10,9,9,9,9,10,9,74
FNR5SXSZM,to-kun,M08GKL70U,ららマジ難民の会,1641,15,3284,2289800,10,10,10,10,10,10,10,10,80
HH5J5BECH,「ムウ」,NMT63RUDV,泥村,1327,3,3285,2289400,7,10,8,8,8,7,10,6,64
UI4395BTN,からくさ,G0WK9025W,ああああああああ,1245,14,3286,2289200,10,10,9,10,8,8,10,6,71
ELEJ35D8M,シグ,XE8513HNP,喫茶カワウ空✨,1355,19,3286,2289200,10,10,10,10,10,10,10,10,80
ZD02D4XBT,かさ322,FH7G62PKW,月火水木金土日,1433,17,3288,2288400,9,9,9,9,9,8,9,6,68
H72A59R4Z,????????,N34LHVJKN,のんびり堂,1053,0,3289,2287600,5,7,5,7,6,5,7,2,44
C2NMDFKG4,金木犀,919XF8V2V,蓮之空大三腳,1154,12,3290,2287200,4,7,7,7,6,4,7,2,44
5M9YM8MVE,やすぴー,DHBGK1398,となりにこな,1151,15,3291,2287000,10,10,7,10,10,10,10,8,75
KFPRA9G2J,Exca,BCJRMHE75,梢すきすきクラブ,1142,14,3292,2286000,8,7,4,7,8,6,9,2,51
WTYHJWCYW,デスロス,FTY0R8KPH,泥の皆様,1123,2,3293,2285400,10,10,10,10,9,10,10,6,75
9A42A8Y5G,ささみ,J3863HD1G,パラデス教,710,2,3294,2285000,9,9,5,4,6,5,4,2,44
LE17614P2,たいやき,0VP15L48C,ハスラー,1352,11,3295,2284000,10,10,10,10,7,8,8,6,69
UUTH59CXT,ともっち,DKNHY5HH6,なす料理研究会,1241,2,3296,2283800,10,10,10,10,10,10,10,10,80
6JYUE63RP,れーるがん,WLFW6UCX5,無敵級ビリーバー,1179,6,3296,2283800,10,9,7,8,6,7,9,2,58
LSGM7OUGJ,鶴P,X87KNX4N3,蓮ノ流星群,655,2,3298,2283000,10,7,8,9,9,5,9,5,62
H7NFWW1EC,はくちゃん,9UKKACGDU,蓮っ子CLUB,1247,12,3299,2282660,10,10,10,10,10,10,10,10,80
O8R6M8UP4,たけうま,ABU58EVJ2,Quatuor,1452,13,3300,2282200,10,9,7,9,8,6,9,2,60
UN18BWAH4,常盤@命,58FD7UF8J,としとしサークル,1405,5,3300,2282200,10,10,10,10,10,10,10,8,78
77GM1FVZE,エクスプレス,3EP5KGPDW,ドミノシティ,1088,9,3302,2281800,9,9,10,10,10,8,10,7,73
5PRGNWVYN,okmt,EECF9C0N3,蓮ノ空　茨城分校,886,2,3303,2281600,10,9,6,9,3,8,10,3,58
AQWA9ITUH,ELLE,T8X0G07YB,なければ立てる！,1448,3,3304,2281000,10,10,10,10,10,9,10,6,75
Q67XTYECL,ソウゴ,X33HHA9F8,アルストロメリア,1155,19,3305,2280600,6,10,8,6,8,6,10,5,59
GT2ESRPP4,京大ルビィ,6H800PBV7,新鮮館,894,7,3306,2280400,10,10,9,10,10,9,10,8,76
Z7CRWN580,アッキー,B5V2LNN43,WMW,1537,15,3307,2279800,10,10,10,10,10,10,10,10,80
LV8N78XU4,たまごパン,3BE2RELRC,見晴台,527,2,3308,2279620,10,9,7,10,5,1,5,2,49
4HG5APMFG,こけ,G6EH0KHT7,なんもわからん,1106,6,3309,2279400,10,9,8,7,6,6,8,2,56
2ZLK602NK,same,N8L41JAA7,無言 ノルマなし,1149,0,3310,2278800,8,7,6,7,7,7,8,3,53
DOEFYHPS5,青いバラ,Y2P9LABR2,スクステ同好会③,1258,9,3311,2278600,10,8,10,7,8,7,9,7,66
MPAR46VH7,asuda,EAY5EM96N,眩耀夜行好き好き,1152,7,3312,2277800,10,10,10,10,10,10,10,10,80
37O189Y0P,イウメ,BEMED3RY1,無言無課金ok,906,1,3313,2277600,10,7,8,10,9,7,10,4,65
2XTM6NL82,12345678,KGF0L576E,サークル,1357,17,3313,2277600,9,10,9,10,8,8,8,4,66
6VCG605UG,有楽町,9GDHWXGVG,ルリと花咲く毎日,1085,13,3315,2276200,8,8,9,8,9,7,8,7,64
NEVURWMRY,syndetos,6E27A15ER,蓮ノ空自由クラブ,1014,11,3316,2276000,9,9,8,7,9,8,10,6,66
753UPGM3Q,ほゆ,TRJXTU4K5,ふあああ,1132,6,3317,2275400,8,8,8,8,7,7,7,2,55
8HR8DH3X2,水めろん@せー跳,2K5AM4RV0,とろぺりです,434,0,3318,2274680,10,10,10,10,10,10,10,10,80
D2OR23P94,キール,UMG1B9C7V,蓮ノ空女学院,1446,10,3319,2274400,10,10,10,10,10,10,10,10,80
0CT09PWAY,八美−はちび−,FG5VFFNRK,蓮ノ空おじさん,1413,15,3320,2274200,10,10,10,10,10,9,10,10,79
KSZHG80JF,かわ,HYW8FP2GR,ちゅけ会,1150,16,3321,2273000,10,8,8,10,10,10,10,7,73
EL8NCJUPY,とりさん,NRK4MV1C1,茅バール,696,2,3322,2272800,10,9,10,10,8,4,8,8,67
353W47H4M,かまぼこ,P3T2T39HF,新川地区ノ空,1342,3,3323,2272600,8,9,8,7,6,8,10,4,60
7U3C8K7VU,しまい,VD7N7A4WH,氷青色,624,1,3324,2271800,3,6,7,10,6,1,5,2,40
M2MEG8J22,りっぷる,WCUAMVY9X,ゔんゔん會,1211,2,3325,2271600,10,10,10,10,7,6,10,3,66
FBREYWUE3,パメラ,6BFC4G5YG,蓮ノ空足湯同好会,616,1,3325,2271600,10,10,10,10,10,10,10,10,80
3T6PLVYR3,つかさ,5V9TDD4NF,みんはや蓮ノ空部,1007,5,3327,2271400,8,8,9,2,7,7,7,6,54
5N9RR25L2,あさひ,B2KV0EVPD,蓮ちゅきクラブ,1544,11,3328,2271000,10,7,10,10,10,5,10,5,67
DD2659JY7,氷狐,26JDLMBLN,徒町は強く生きる,1057,11,3329,2270200,6,8,6,8,9,5,7,4,53
59CXAK4KV,感听,F8MLHU2NV,乙宗梢様､､､,700,0,3330,2270120,9,9,9,9,8,7,10,7,68
A9NM75YCH,とっかい,AXG81GPMP,蓮ノ空マタギ部,1280,15,3331,2269800,10,10,9,9,9,10,10,9,76
DKMTXHBDH,はすにょ,Y6JNPC60C,綴理メイト,1133,11,3332,2269600,8,10,9,8,8,8,10,7,68
148N51HA0,どらべガス,L1VGJTD5P,蓮ノ空お茶会部,1290,19,3333,2269200,9,10,9,9,10,7,10,8,72
0IFS761K4,さくら,RM7N1JDB5,無言推奨不干渉会,1278,3,3333,2269200,9,8,5,9,7,6,10,5,59
ABE32HFX7,ざっそ,1XX6FWJRB,オートスキップ団,1499,19,3335,2269000,10,10,9,10,10,10,10,7,76
BVI7DP9SK,星のファービィ,2UKNVBMBU,梢ちゃん同好会,1162,10,3336,2267200,8,9,7,8,7,8,10,7,64
W4AN4N0W0,生しらす,X7C21B7H7,泥,471,0,3337,2267080,6,7,7,7,6,7,8,3,51
LP8AB7PXF,タカ,95YCCGJJG,あまね部蓮同好会,888,4,3338,2267000,10,10,10,10,10,7,10,4,71
YESVBUWSG,nsjm,KJU0BU77M,無言交流なし,1059,8,3339,2266800,9,5,3,8,7,5,8,3,48
E6YPBXKLJ,ぺっぴぃ,BTVC9G95X,FES用,980,7,3340,2266700,10,9,10,8,9,6,9,2,63
F5H424LJ8,Jun,B2KV0EVPD,蓮ちゅきクラブ,1172,4,3341,2265800,10,10,9,9,8,7,9,5,67
ED7PEYHMF,ハヤミドリ,YMKU30246,参加賞がほしい,505,0,3342,2265200,9,9,7,8,8,8,9,2,60
0SMA2YI5A,Forteen,3PPKGW6KV,リンクス同好会,1351,8,3343,2265000,10,10,10,10,8,5,10,3,66
H04KAEDYR,獅子の字,93B3T7BFR,GJ部,455,0,3344,2264600,10,10,10,7,9,6,8,6,66
56WTWN3DU,ぽぱん,Y2HV0YEF7,蓮ノ空を応援し隊,1180,6,3345,2264200,5,9,5,7,5,5,6,3,45
WJKT5Q7AE,とし,T8X0G07YB,なければ立てる！,1610,16,3346,2264000,10,10,10,10,10,10,10,10,80
HTN6PPZN5,ひな,W3YKKRWHG,ルリと愉快な一家,1305,4,3346,2264000,10,10,10,10,10,7,7,4,68
YAGTT9WDD,夕立@めぐ党,6045Y2RW7,ポチっと！蓮ノ空,1178,19,3348,2263600,8,9,7,6,8,6,10,2,56
46Z7SPRES,あわねこ,8GEP3C6H9,蓮好き好きクラブ,1148,2,3349,2263400,8,9,5,5,8,8,9,2,54
6DC98JW48,Yoichi,XXMU9WLKB,梢の機械さん,826,5,3349,2263400,9,9,8,7,6,8,7,2,56
MGWNLM1PN,白もちたい焼き,11MTYLA3P,白もちたい焼き,549,0,3351,2263000,10,10,8,9,7,7,10,4,65
B1M12TU35,SSしまむら,GMEF2K8DL,花咲く泥も好き²,1294,4,3352,2262800,9,9,8,7,7,8,10,2,60
C0EFLUCXP,あを,PH0YEPJD8,蓮ノ空北國金沢,1354,18,3352,2262800,10,10,9,10,9,9,10,8,75
6PF7RFY9G,powetcho,RNJ306W6N,日曜日よりの使者,1153,11,3354,2262200,5,5,1,4,6,4,6,2,33
67357AYCY,PEW,KGDNX3EF3,ENcircle,1182,4,3355,2261800,10,10,10,8,8,7,10,8,71
NLLT8V6EJ,しょうゆ,MKUXK0AAY,閑古鳥,731,5,3356,2261400,10,9,10,10,7,2,10,2,60
JRJ8GHN4L,へむ,EFYYG9TAY,ご隠居さーくる,560,0,3357,2261200,8,9,7,10,3,9,9,3,58
LAM760LR1,もぐ,WPG6BCG83,基本無言,920,1,3358,2260800,9,6,10,9,8,8,7,3,60
ORYI1IWJW,みゅう,BELCUYCMH,蓮hkg香港分部,1236,18,3359,2260200,9,9,7,6,8,6,10,4,59
EN10HRBDU,聖闘士じいちゃん,K2L5DCVNR,REAL,1154,14,3360,2260000,10,10,10,10,9,9,10,7,75
5T4FL7MCR,ともふみ,BV6N464PB,あむ,1257,6,3361,2259800,10,10,10,10,10,10,10,9,79
KH32NG8LA,やでぃあ,03UX84WLY,こやんいくらぶ,1268,11,3362,2259700,8,8,5,1,6,4,4,2,38
H8ZVMUF5J,simaW,W26TRPM1R,めぐ党藤島派,1399,8,3363,2259200,10,10,9,8,8,7,6,2,60
8B3186WDL,つた,TCTEAMP9C,虹ちゃん最高！,1534,19,3364,2258400,8,10,10,10,10,9,10,2,69
BF4UP447J,岸壁の母,83L9X85AX,蓮ノ腹筋,484,0,3365,2257000,8,10,6,6,6,8,9,2,55
KAEXJYF1Y,ぐらたん,85D411XNB,蓮っ子の集い,898,0,3366,2256400,8,7,6,6,6,7,9,3,52
JFTAHF2B5,たこる,KXB93FVTR,ブルームガーデン,1120,5,3367,2256000,6,7,5,7,7,6,10,4,52
TR34AYUGM,えふ,BTVC9G95X,FES用,1242,16,3367,2256000,9,10,9,10,9,9,10,7,73
1WBVMELB2,三四,LY0XPW7NL,同棲概念強火派,1227,16,3367,2256000,8,10,9,7,6,6,9,6,61
NFE86OP9B,なはとま,6HV2RH6TU,イベント用、無言,1160,3,3370,2255800,9,9,8,7,7,5,6,2,53
AT95JYVEU,Lin,X33HHA9F8,アルストロメリア,1133,1,3371,2255400,9,9,7,8,10,8,8,7,66
XJVFJWURD,まだ馬匹しない,18YYNRFGA,LotusSky,748,2,3372,2255000,8,8,7,6,8,4,9,2,52
Y6T8DD66M,シンヤ,G0J2F9NAL,さやさやさーくる,1183,4,3372,2255000,10,6,7,8,4,7,4,2,48
BZ0GJ1LKB,しぐ,7B0W0EWVA,ソロの為の避難所,1221,10,3374,2254600,9,9,8,9,7,8,10,2,62
1TJXR7L6Q,Wataru,JDAG79TG7,百合ノ空観察部,1298,14,3375,2254200,10,10,9,8,8,7,10,7,69
H04SXGJ26,かざっち,8M2MFU9U0,リンクライブ,1193,1,3376,2253800,9,10,8,9,8,4,8,2,58
5WCN9T93E,あげどり,JVUNVCT8P,梢先輩のASMR,819,2,3377,2253400,7,5,7,5,4,4,7,2,41
R9FM17334,ころろろろ,HKETDDCK6,ぼっちざ蓮!!,1255,8,3378,2252400,9,10,7,7,7,7,9,2,58
8IC6045DL,なか,BT3GEWM5L,ささやか村の集い,1291,11,3379,2252200,10,10,9,8,8,9,10,7,71
Y0ZMVBKBG,あおえのき,75UJ5RB97,蓮ノ空雪野球部,1111,3,3380,2251400,9,9,7,9,7,5,6,5,57
TQFNG8BHT,「ymtn」,NMT63RUDV,泥村,1303,11,3381,2250600,9,9,8,10,8,7,10,2,63
U6JKE289U,ユーリ,JA2C658FW,さや綴理の村人,1268,3,3382,2249800,9,8,7,8,7,7,9,2,57
HEX73ND4Z,咲,6HV2RH6TU,イベント用、無言,1234,0,3383,2249400,10,10,10,10,8,9,10,2,69
714HHHA7R,リメンバ,9VDEWVP01,瑠璃乃の集い,1249,4,3384,2248800,10,10,10,10,10,8,10,3,71
Y0WNYE9CP,スライドガラス,EEP20F2M8,綴理の綴り,1304,1,3385,2248600,9,9,8,8,8,8,9,4,63
0807XGK2E,あっかり〜ん,07JW71HWG,良いチケで観よう,1360,19,3385,2248600,9,10,9,10,9,8,10,8,73
O5JDQOZLK,まれょ,43235R4UP,MRY,1202,6,3387,2248200,8,10,9,10,9,7,10,5,68
FWRWN7771,ノア,T2XRMGEAE,蓮根無言会,1192,9,3388,2248000,10,10,10,10,10,6,10,4,70
N9NJTPBZH,ニコ,W26TRPM1R,めぐ党藤島派,1442,17,3389,2247400,10,10,10,10,10,10,10,10,80
K01STP4PA,はなめまめ,38KAJGDGU,異次元シャニP,1090,13,3389,2247400,10,10,7,10,10,7,10,3,67
DCFGCRPR8,ゆふ,NDGW77R2V,こず花帆尊い,1076,2,3391,2247200,7,8,5,6,5,7,8,3,49
LAFDKA9DU,べえ,XTMGPY62U,スクステ初心者,1141,19,3392,2247000,10,9,10,10,10,10,10,10,79
ULEO7FZ8A,シマワージ,J62DRC7J5,蓮ノ空好き好き会,1138,5,3393,2246800,8,6,9,6,6,6,8,2,51
G94P2P1DG,水曜日のさばかん,VXF8P7NDC,どんぐり。,1471,14,3394,2245200,10,10,10,10,10,10,10,10,80
01717LQKU,01/ゼロとイチ,A92R69HTH,Lotus123,1488,5,3394,2245200,10,10,10,10,10,10,10,10,80
BBVXVKXYD,ヨシノボリ,8R49BTWW6,蓮女お嬢様クラブ,1186,7,3396,2244200,7,9,7,7,8,6,9,4,57
UO4OREK96,しろこ,G59NGM0XA,シュリーレン,1373,4,3397,2243400,10,10,9,6,6,7,7,5,60
Y675VB6DV,蓮ノ空ちぇすとー,05KN1RR3U,さやかほ花卉園,1154,8,3398,2243000,10,10,10,10,10,10,10,10,80
8EY55CW30,SAPPHIRE,82CY1DN9W,みらくるねす,741,0,3399,2242600,10,10,10,10,10,10,10,10,80
VGYN8M9J4,西枕,424NLTEE8,無言な異次元部屋,1231,10,3400,2241800,10,10,10,9,8,7,9,5,68
HJ9NB80CM,ヨコタ,H6JWBBGCG,蓮天・乙宗一心流,327,0,3401,2241600,7,7,5,6,5,4,3,2,39
LMB2KPT23,PIRIN,7R8NKPAB1,花帆推し倶楽部,1442,17,3402,2241400,10,10,8,8,6,8,10,6,66
D9J5A83WN,bob1301,NC2YT2V28,蓮之愛同予者何人,1288,18,3403,2241240,8,9,8,8,5,5,9,3,55
KMYG7T3FT,ぷらる,535L2H3JU,Lotus329,1223,0,3404,2240800,10,9,7,9,8,7,9,3,62
VW9UDQUR9,た,E11PF3CTW,誰もいない世界,1313,6,3405,2240600,8,8,7,6,6,4,9,2,50
REA74EBJ3,あさゆき,KND3T7056,ぽかぽかモガの村,1260,19,3406,2240400,10,10,10,10,9,9,10,9,77
W6UHD1FK2,ブルーベリー,424NLTEE8,無言な異次元部屋,1282,6,3407,2240200,10,10,10,10,10,10,10,10,80
GVVKM63R7,海未色のライバー,T045NDKW0,♬さやか愛好会♬,933,2,3408,2239400,10,10,10,7,9,7,9,5,67
TVVGRTFM4,ファム,KXU941RFJ,梢先輩おめでとう,1434,19,3408,2239400,9,9,9,9,8,9,10,9,72
UF89MCNVB,だめたろう,R1RM3X0WV,後方腕組みオタク,1216,11,3410,2238250,8,9,10,8,8,8,8,8,67
V2LHVVUHN,ペリドット,4FXPC55PY,PPIHクラブ,1047,3,3411,2238000,9,9,7,8,8,7,9,3,60
XDDG2RX1G,きゅうり,NMC7J3N5X,ドドド黒龍剣,479,0,3412,2237060,10,10,9,6,6,8,8,2,59
EHCNHT2XN,taka,63AKA05VR,まったりGngy,1170,3,3413,2236800,10,9,7,9,6,7,6,3,57
VYQ79N3HF,桜,G8F0M2PH2,アフターウォール,1190,11,3413,2236800,10,10,4,4,2,9,9,2,50
5MJ8ERC0U,ちゃこ,Y6JNPC60C,綴理メイト,855,7,3415,2236600,7,6,9,4,5,8,4,6,49
KAX983NVY,羊,GW4CH70HK,TKG同好会,999,3,3416,2236400,9,8,7,7,9,9,8,2,59
CPMDT3WK5,久太郎,NJBBTCY3A,かにかに！,1263,15,3417,2236200,9,9,6,9,7,7,9,5,61
TH6YBMAER,肉プルーン,G0J2F9NAL,さやさやさーくる,1478,19,3418,2234200,10,10,10,10,10,10,10,10,80
5NOHM5OAW,くもや,0DVRLAA76,かがやききらめき,1176,7,3419,2234000,10,10,7,8,6,4,10,3,58
FXHU7EHD3,Leon,HBCC35887,そりゃー!!!,1440,19,3420,2233800,9,10,9,10,10,10,10,5,73
MJM7XBNN5,鬼十次郎,V8XX999F6,卍蓮村幼稚園卍,1227,9,3421,2233600,9,5,7,10,4,5,10,2,52
BRM7C4A67,一月の蒼い月,GYJ3C6TKR,綴理先輩好き好き,1444,15,3422,2233400,8,9,9,9,9,8,9,7,68
VTN3U1GCG,ヒナンジュ,R181MKNX1,みらくらは人生！,1102,3,3423,2232880,7,9,10,9,7,9,10,8,69
NN6156T93,よぴ,GW4CH70HK,TKG同好会,1388,9,3424,2232800,10,10,10,9,9,9,10,6,73
JXD6GYGHB,たなか,JX0BXWNWH,新米蓮好き好きC,330,0,3425,2231600,10,10,9,10,8,10,9,8,74
071TP7UZH,M,Y2R7E79U3,カワウソ同好会,1509,9,3425,2231600,10,10,9,10,10,10,10,8,77
TAH75JV3M,猫幡さや,6CLTCLEVT,猫屋さん,745,2,3425,2231600,8,10,7,5,6,3,7,2,48
O7L5K6EKK,いちごう,TM19BMU7C,ソロプレイヤーズ,1226,4,3428,2231200,9,8,7,8,7,6,10,2,57
6XLXYEW06,タンクトップ井上,R1RM3X0WV,後方腕組みオタク,926,1,3429,2231000,8,7,4,9,8,7,7,3,53
2VV6MC7RB,T,X7YM9EG8K,伝統の石川地酒,627,0,3430,2230000,10,10,10,10,10,10,10,10,80
B6QUQQES1,リーン,9FF5JBNDF,めぐすきクラブ,1244,17,3431,2229800,9,10,9,10,10,9,10,9,76
DR2J5TUTL,はづき,W0L71MBKT,百合ノ花園同好会,1381,3,3431,2229800,10,10,10,10,10,10,10,10,80
B37W5J7C4,コトコト,43HRXMXWA,無言OKクラブ,1186,19,3433,2229500,9,8,7,9,8,8,10,5,64
P99AB6MVA,ガッチ,F2M746D4B,頑張らないクラブ,842,7,3434,2229400,9,9,9,9,3,3,1,3,46
MNCUYJLGB,ちばげる,FE282F3VH,天悶部,1242,13,3435,2229050,10,10,10,10,10,10,10,10,80
RKRTNWI86,近江楊,H0DV3JJGA,かほさやてぇてぇ,1435,7,3436,2228600,8,9,10,10,10,8,10,6,71
CYUFNGD5G,しっきー,60KU468X3,はっすーず,1254,19,3436,2228600,10,10,10,10,10,10,10,10,80
PLL896F5Y,Zeon,RWDWD9PP6,乙宗家の屋敷妖精,1114,5,3438,2228400,10,10,7,9,8,7,10,2,63
8VV13U8E2,レイジ,7B8K574NX,GEAR,1261,19,3439,2228200,10,10,10,10,7,7,10,8,72
RXZQHNB3T,七穂,WHWT61ELR,【無言】ハスノソ,1295,6,3440,2228000,10,10,10,10,10,10,10,10,80
7L55Q5L3A,あそびの,5KFDF3U8L,蓮ノ空口下手部,1225,10,3441,2227400,10,9,6,8,8,8,8,3,60
88VT23PV2,星のアラシ,CEP973KKU,スリブ好き好き会,1029,15,3441,2227400,10,10,8,9,10,7,8,6,68
VMR8XX4TB,つゆたく,4FXPC55PY,PPIHクラブ,1326,1,3443,2227180,10,10,10,10,10,10,10,10,80
XTLBAD21U,かわニャン,LUDNM40F8,ふくふく無言OK,1188,5,3444,2226800,10,10,8,10,8,7,9,4,66
N9I7AEFZ6,ぷぅ,KLLF3G9PH,ログボ回収部,486,0,3445,2226600,7,8,5,6,7,4,8,2,47
16XMBG4N0,すいと,5NPVVUGH7,蓮すきすきクラブ,1382,14,3446,2226400,10,9,8,9,9,8,10,7,70
OI8LBLQ9Q,カレン,WCL6R1ANU,無所属の会,1541,20,3447,2224900,10,10,10,10,10,10,10,10,80
95LWACFPU,塩パスター,NJBBTCY3A,かにかに！,713,0,3448,2224200,9,10,9,10,7,7,10,2,64
S99ZO99XN,ななに,BCJRMHE75,梢すきすきクラブ,1499,9,3449,2224000,8,8,8,9,7,8,9,2,59
UWB1A7C04,インストーン,VNEY6C9BE,スリーマーメイド,990,7,3449,2224000,10,10,8,8,7,8,9,5,65
BYP30MHXJ,TK,2K5AM4RV0,とろぺりです,1307,15,3451,2223760,10,10,10,10,8,8,7,7,70
3RXN3AJYC,SENTA,KGDNX3EF3,ENcircle,1058,10,3452,2223600,10,10,5,10,9,10,7,6,67
PWCXVB1YJ,KOz,KGDNX3EF3,ENcircle,1179,4,3453,2223400,10,10,8,10,8,8,10,7,71
DYX5W4XHW,みょ,YTK29NJ0X,よく分からん会,1091,13,3454,2223000,10,10,10,10,10,10,10,10,80
UH7YKUWB2,むつねす,57UT319NN,蓮ノ空同好会,627,0,3454,2223000,10,10,9,8,10,9,10,10,76
CINHGY203,村雨丸,7U20138DB,LGP,1377,16,3456,2222600,10,10,10,10,10,8,10,10,78
8A0I1NK5Z,hina,T2XRMGEAE,蓮根無言会,995,3,3457,2222400,10,10,5,10,8,7,7,6,63
303KEPAXW,なんとか,U98UKD6RY,異次元フェスP,1314,8,3458,2222200,10,10,8,9,8,8,10,6,69
NE4A3G1Y3,真田みかん,YFADYJVW4,FPS好きクラブ,1106,8,3459,2222000,10,7,5,8,8,1,9,3,51
J6K83E5J5,さけはる,D7H8MN2U4,LLD,1448,4,3460,2221800,10,10,10,9,9,9,10,10,77
MBV5G0MEP,マカロン,HMBW9DXY2,蓮好き皆あつまれ,844,3,3461,2221400,10,7,10,7,8,7,10,10,69
UPW5X4M8M,ハロめぐ~,L1VGJTD5P,蓮ノ空お茶会部,869,2,3462,2221000,4,4,5,8,5,3,4,3,36
2KR57PL03,カシワタツ,UX96YX4T1,『位置について』,869,2,3463,2220800,10,8,8,8,6,6,9,5,60
4VE4C8MJC,704GX,BYA3FA0X8,無言ぼっち同好会,1436,17,3464,2220600,10,10,10,10,10,10,10,10,80
5LYRP3AMV,もりつ,GR65FP8VN,蓮好き,1363,20,3465,2220000,10,10,10,10,10,10,10,6,76
KHC84TUCL,Khat,RKT7BC4F6,人形浄瑠璃乃,1209,15,3466,2219800,4,10,9,9,8,5,8,2,55
DZSEY3WHP,すみっコ,L1VGJTD5P,蓮ノ空お茶会部,1227,10,3467,2219600,10,10,7,8,8,7,8,4,62
DN2U6P9EX,minagi,9P9EPKFHE,無言参加OK,320,0,3467,2219600,10,7,10,10,6,2,4,9,58
C73NJGKM8,学級委員長,W3UUXHMDV,水彩ブーケ,1257,19,3469,2219400,10,9,7,10,9,8,8,6,67
9DM7CC80B,pokki,K44BC8GLR,ことりのダイヤ,1283,1,3469,2219400,10,9,9,10,9,9,10,9,75
96F6MNMCM,uk,G26L2CBRC,悠々自適,1211,9,3469,2219400,8,10,5,5,7,6,9,3,53
4JKRPBA7G,ころも@めぐ党,JDAG79TG7,百合ノ空観察部,1027,3,3472,2219000,7,7,5,5,3,4,7,3,41
6PGPS88DW,さやかぴょん,DFXN9DB2H,どんぐり共和国,1322,9,3473,2218800,10,10,10,10,10,10,10,10,80
O98OIJEXZ,ルルドルフ,3FF3NB77X,せーはす愛好会,1339,18,3473,2218800,7,9,8,8,8,9,10,8,67
VG3QY59G3,こまつな,W26TRPM1R,めぐ党藤島派,1304,19,3473,2218800,8,6,8,8,6,8,10,5,59
NDV4JJCPL,デンキヒツジ,GW4CH70HK,TKG同好会,1372,5,3476,2218600,10,8,7,7,8,10,10,6,66
HJQ6ETZ4Q,lei,HKETDDCK6,ぼっちざ蓮!!,1305,19,3477,2218400,9,8,8,9,9,8,10,6,67
I3FSRVW35,エイト,KXU941RFJ,梢先輩おめでとう,1415,9,3478,2217800,10,10,8,9,7,6,10,6,66
L9SIC2Y70,ホンチャ,KXU941RFJ,梢先輩おめでとう,1153,11,3479,2217600,7,8,7,7,9,5,8,4,55
SV4ZQLG0E,るりひめ至上主義,5W8RPRVUA,ド！ド！泥！,1345,11,3479,2217600,6,10,10,7,6,10,10,2,61
HE0KS47VD,サボちゃん,EECF9C0N3,蓮ノ空　茨城分校,1259,1,3481,2216200,9,10,9,9,4,5,10,2,58
B0HFV4RR3,seiran,BEMED3RY1,無言無課金ok,345,0,3482,2215600,10,8,6,6,8,7,4,6,55
1HWBHPYRV,TileBZ,TXNCTRR1U,瑠璃乃推し隊,857,1,3483,2215200,9,8,6,7,7,7,9,5,58
5RR480B4E,らび,G0J2F9NAL,さやさやさーくる,1516,14,3484,2215000,10,10,10,10,10,10,10,10,80
THE8S8TE1,フォレスタ,JTX1G19BP,さやかほ癒し会,1237,12,3485,2212600,10,9,7,9,8,5,9,5,62
F757VX7UM,せと,WFPA7YJE1,蓮ノ空文芸部,1204,0,3485,2212600,8,10,8,8,8,7,10,7,66
40VBHF4CB,チヘイ,GGK2P93JK,きゃらめる,599,0,3487,2211200,10,10,10,10,10,9,10,7,76
0WFZ3A007,ごっつ,X7YM9EG8K,伝統の石川地酒,1195,19,3488,2210600,10,10,10,10,10,10,10,10,80
5THJYPBDP,ルッコラ,NDGW77R2V,こず花帆尊い,1199,14,3488,2210600,8,9,9,8,9,7,10,7,67
9BA8078CJ,メガネ,GN1798YEX,ド!ド!同好会,954,3,3490,2210400,7,8,4,9,6,4,7,2,47
7FGWUEGLZ,クリアー,J8HXTJ8TB,流し素麺同好会,1614,10,3491,2209950,10,10,10,10,10,10,10,10,80
APYTHHHY6,ゆうなぎ,YVV9CMBLW,東京公演で沼落ち,1159,6,3492,2208800,10,10,10,10,10,10,10,10,80
DF01TB95N,赤毛のポーラー,HBK6KCRPP,無言でおけ,1268,19,3493,2208600,10,10,10,10,8,8,10,9,75
5AKWTWLSF,ゆうこん,998H940YN,お嬢様筋トレ部,1314,1,3494,2208200,8,9,7,7,7,5,9,2,54
ZOKWOJ9OU,たのひと,A73H7ENN2,エロマンガ同好会,1438,2,3495,2208000,9,10,10,10,9,8,10,7,73
P06H7KNRT,roy,UGRXU1VL6,flowery*,1152,8,3496,2207800,9,8,8,8,8,8,10,8,67
9W7CH610B,はんぺん,5VBB4F8N2,灰色ペンギン,1040,5,3497,2207000,10,10,8,10,8,7,8,5,66
0NF7JBV7A,ソミミ,W3F0URUJC,梢先輩応援団,1222,9,3497,2207000,10,9,6,8,8,7,9,2,59
KGVM05P8E,おまごん,C8A9CTB34,蓮ノ空山岡家部,1185,17,3499,2206600,9,7,7,5,4,2,4,5,43
8Y9B0GX56,ユーザー2,JY79RPB1D,リンクラゆる部,318,0,3500,2206280,8,8,6,7,6,6,6,3,50
MT9WLPBJ5,うゆ,E7UBFLW56,同好会の同好会,558,0,3501,2206200,10,9,10,9,10,10,10,8,76
FN1VL9RTN,コゲ,RM7N1JDB5,無言推奨不干渉会,1376,19,3501,2206200,9,10,10,9,9,9,10,8,74
UC14L7DPW,たかみん,J7N4W6Y1K,こずミックラブ♡,1428,19,3503,2206000,10,10,9,10,10,9,10,8,76
7U81AJ05E,絆,AAHB7C276,HaCordVN,436,0,3503,2206000,5,4,10,4,4,4,6,3,40
79BJRC13C,スターダスト,J5CKL5YPX,ログイン勢かもん,818,4,3505,2205000,10,10,10,10,10,10,7,4,71
NA1MWDBC8,たあた,C68491XHB,みらくらぽーく！,1220,10,3505,2205000,10,10,10,10,10,10,10,10,80
YNLYR8JC4,やんぴー,JY79RPB1D,リンクラゆる部,1354,6,3507,2204800,9,9,9,10,5,6,8,2,58
96V934TV5,ながなん,61UTNTRU1,初心者さん,1304,7,3508,2204600,10,9,8,9,8,8,10,7,69
NII55R9QS,お米ん,G59NGM0XA,シュリーレン,1226,12,3509,2203550,9,9,9,8,8,7,10,6,66
RAAGABHLD,すわっぷ,BCJRMHE75,梢すきすきクラブ,1413,13,3510,2203400,10,10,10,10,8,7,9,7,71
X410C1UAJ,五十幡 矢澤,8EP8BFEV7,蓮ノ空女子野球部,939,0,3511,2203000,10,10,9,9,9,7,8,7,69
GLYJZZ9ZS,トモ,FG5VFFNRK,蓮ノ空おじさん,1450,5,3511,2203000,10,8,10,10,7,7,10,6,68
T1GTJV3LT,kyu,HRTGYAN3N,3度の飯より睡眠,1090,3,3511,2203000,10,10,10,10,7,8,5,5,65
3CTSRTTHI,秋谷すばる,CM5THHYHB,「」ノ空だけれど,1349,11,3514,2202600,8,10,7,8,7,8,10,7,65
K35EWCC0K,よしぶ,CCACL2CMM,暗殺者チーム,865,5,3515,2202250,10,10,10,10,10,6,6,5,67
Y0998CGL7,harry,BMR3178HR,蓮ノ空シアター,1126,2,3516,2202200,10,10,7,10,9,7,10,5,68
93Y6AAGB1,ユーロン,ELTW62751,安全バーは君の腕,1170,5,3517,2201600,8,7,6,6,6,7,9,4,53
ZYEQKWJMP,ハヤカ,UVN7G4X3A,闇のルビィ団,1459,19,3518,2199400,10,10,10,10,10,10,10,10,80
F2WDPD8J8,花若欣,J800VVPTN,Aqours,1090,1,3518,2199400,8,9,6,7,8,7,10,2,57
3LGOQIOSC,raeeee,K25DPPGT9,圧倒的にまったり,1230,11,3520,2197800,9,10,6,6,6,7,10,6,60
6427PN7XC,ユージン,PMME7169X,蓮っ子動物園,609,2,3521,2197200,10,10,5,10,10,7,4,2,58
X7CUWKDVA,かりんとう,C0NDBKMRB,すりぃずぶぅ家,1406,2,3521,2197200,10,10,9,10,9,8,10,8,74
SD2IMP567,めあ,M8FM7P139,蓮ノ空ひとり旅部,1260,8,3523,2197000,8,9,8,9,8,8,10,8,68
M83SH5JIV,ユレア,GWGDMA3YC,初心者無言自由だ,1024,3,3523,2197000,8,9,8,5,8,7,10,2,57
BXMCETUJE,lio8658,4RATY4E84,DC大好きクラブ,1109,4,3525,2196600,9,8,7,10,9,8,10,8,69
WP8OPYA8P,カニ天ぷら,NL1MPRG05,とりあえず,1278,6,3526,2195800,8,9,6,8,7,7,8,2,55
HDHGCR4R9,Tas,26JDLMBLN,徒町は強く生きる,533,0,3527,2195600,10,8,10,8,10,10,10,8,74
44DF706SU,ふってんてん,9DKR4Y2CJ,蓮ノ空老人会,1203,0,3528,2195000,10,10,8,10,8,7,10,6,69
KLYUB88OO,くうちゃん,UX96YX4T1,『位置について』,1117,9,3529,2194400,10,10,10,10,10,10,10,10,80
4V0WTF4U4,ﾓｽﾞｸ,V7768X8AC,せーので！,1060,7,3530,2194200,4,5,5,4,2,7,4,2,33
N0CIHKTRY,むらさき,6U5YRWNNY,あすて☆りずむ♪,1358,2,3531,2193400,10,10,10,10,9,7,7,5,68
P070CLQMI,ゆう,DFXN9DB2H,どんぐり共和国,1275,17,3532,2193200,10,9,8,9,7,6,10,5,64
428BS936U,ふじさき,RFYKY8DCD,LA.LA.LA,1609,13,3533,2193000,10,10,10,10,10,10,10,10,80
YRJ1RF15X,麟,5KK3DFY18,MUGEN∞,1281,2,3534,2192980,8,8,7,6,6,7,7,2,51
6S0ZHPYGW,lie,Y2P9LABR2,スクステ同好会③,1284,19,3535,2192400,10,10,9,10,10,7,10,6,72
F9QPIAAE0,ライ,J8HXTJ8TB,流し素麺同好会,1364,9,3536,2191400,10,10,9,9,9,8,10,10,75
I0E2WJN90,ドン・ガンビーノ,EKACCPWWB,タフノ空学院,1211,6,3537,2191200,9,9,7,8,8,5,10,2,58
0DY7YN3CP,羽まみれ,UMG1B9C7V,蓮ノ空女学院,1184,6,3538,2191000,10,10,9,9,8,8,10,7,71
X9L7K06U6,YYYY,AE3L01V24,LOVE蓮ノ空,1289,18,3539,2190400,6,8,9,8,8,6,6,3,54
9TCT4KUVJ,あいすまんじゅう,6FWRD1K40,いちじょ海賊団,1551,10,3540,2189940,10,10,10,10,10,10,10,10,80
MP8NO9YZV,紅葉,RWG56GK19,e+本社ヲ爆破ス,1029,4,3541,2189250,10,10,10,9,7,10,9,2,67
U6ROPYD12,かつれつ,YK0X6N2HN,無言OK出入自由,1289,5,3542,2188600,10,9,8,8,8,5,10,2,60
WR5M7UDWK,ゼロクラン,LUDNM40F8,ふくふく無言OK,1216,19,3543,2187800,10,10,10,10,10,10,10,10,80
YH73TWDB1,しげ,V9069U4Y3,ざぁこざぁこ,971,9,3544,2187400,9,10,10,9,8,6,8,7,67
VGZ1CCVZ4,タナトス,W3UUXHMDV,水彩ブーケ,1411,6,3545,2186800,9,10,9,10,9,9,10,2,68
B3KOC012S,てるねく,7U20138DB,LGP,1255,12,3546,2186400,8,8,10,6,7,6,10,6,61
KEA9AE70L,Fesia,0XUV5025C,めぐめぐバブり隊,1300,5,3547,2186200,7,9,7,10,8,8,10,3,62
6N52VGGGR,すけきち,573J1JVVK,かほかほ,693,1,3547,2186200,10,10,10,10,7,8,10,2,67
TWDVYFCM2,いぷ,1YLFFXC1E,安土桃山時代,1258,10,3549,2183800,9,10,7,10,7,8,10,6,67
EPGYJ4Y86,さくらんぼ,KGDNX3EF3,ENcircle,998,1,3549,2183800,10,8,7,9,8,6,9,8,65
KT7VTPFMJ,ふみづき,9WJB6YPPN,温室花畑,1552,15,3551,2183600,10,10,10,10,10,10,10,10,80
6RU1YRW8Y,オゼノ,FG5VFFNRK,蓮ノ空おじさん,1155,8,3551,2183600,8,10,8,8,7,10,10,7,68
LLF02VNK3,pot,T56X6LP0L,光の海,1089,9,3551,2183600,8,8,9,9,8,9,10,5,66
K3RG6R2D9,いろりぃ,VNEY6C9BE,スリーマーメイド,1082,12,3554,2183400,9,9,8,9,8,8,9,6,66
LFT42AX21,ふぃる,GN1798YEX,ド!ド!同好会,1290,11,3555,2183200,8,6,7,6,8,1,9,2,47
K74VPZMSD,アムネジオ,1F5EPPMLD,UR貰えればいい,919,0,3555,2183200,10,10,8,10,10,9,7,3,67
D22044U1E,ゆい＊,L3NN1RWMY,アポロベイ海賊団,1038,8,3557,2183000,7,6,4,4,5,4,8,6,44
5WHJHQCU2,かく,N8L41JAA7,無言 ノルマなし,1332,17,3558,2181800,6,7,7,8,8,7,10,4,57
7XKBRR0ME,Kaho,JKAYY0KXL,自由！開心！,793,3,3559,2181400,9,6,6,10,8,5,8,4,56
TX6PQW596,おハッセ,DMDF4VUL1,ゆるはす,1219,3,3559,2181400,9,10,8,7,7,7,9,2,59
WCW3GG0TJ,パスタ,KFC62L0FV,ねるねる同好会,1402,8,3561,2181200,10,10,9,9,8,7,9,2,64
XKOKX10FE,かいてんはくしゅ,MTBP3B4GM,ふらわーすきすき,1296,9,3562,2180600,8,9,8,8,8,6,10,8,65
FBV24R5LR,Kuma,X33HHA9F8,アルストロメリア,408,0,3563,2180400,8,9,8,10,7,5,7,2,56
BJV4CQSRG,taktom,8YDE8BXJT,ずんだシェイク！,1391,10,3564,2180000,10,9,10,10,9,10,10,7,75
LP356H3RU,安置零,427WENUC4,心の癒し～蓮ノ空,343,0,3565,2179800,10,10,9,7,4,8,2,3,53
O22OGJJL9,月,Y7KJ3PM8P,蓮すきすき同好会,1171,12,3565,2179800,8,10,7,7,8,5,10,2,57
WQBR6SILT,冴霧,Y7KJ3PM8P,蓮すきすき同好会,1216,5,3565,2179800,10,8,10,10,9,7,10,6,70
KHYB2UVRN,こいあじ,PRY4573W6,報酬用,1107,3,3568,2179400,9,8,7,8,8,7,4,2,53
8FM01YL4A,リオス,2B97MH4YA,同じ話し何回も…,759,4,3569,2179250,10,10,10,1,10,10,9,2,62
WFL6UVC29,ガリレオ,YDYH4VRRP,レンクウ,1375,2,3570,2179000,9,10,9,10,9,8,10,2,67
6V4C7PHJN,ReoNa,HBD61R6WC,梢先輩すきすき部,1273,19,3571,2178800,8,10,8,10,10,10,10,8,74
ELURNGUDH,とーすい,L28X4MDJN,アフター観たいぞ,1243,19,3572,2178200,10,10,10,10,10,10,10,10,80
WOL8Q84BX,サネハラ,RKT7BC4F6,人形浄瑠璃乃,1360,1,3573,2178000,4,10,10,5,10,8,10,5,62
GF13NTW65,もい,H0DV3JJGA,かほさやてぇてぇ,1082,15,3574,2177600,10,10,10,10,10,8,9,3,70
7MPJD915F,しゃけ,BKUHCT7WF,蓮女お嬢様部,1068,2,3575,2176000,8,8,6,7,5,7,9,4,54
0YBGVY4TT,ゴルシのにんじん,ANCNM0UPK,スクスタ適当部,1291,15,3576,2175200,10,10,10,10,10,10,10,10,80
XBTPBMH5L,スカイ,LAKRG5NK9,ログイン勢,1220,18,3577,2175000,9,8,7,9,8,7,10,7,65
KSJVEOC07,ライズ,HBK6KCRPP,無言でおけ,1252,4,3578,2174800,10,9,8,8,8,7,10,4,64
CWUGNVUR0,しのなり,HMBW9DXY2,蓮好き皆あつまれ,1299,15,3578,2174800,10,9,8,10,8,5,5,3,58
7J6C9ISNR,つくし,D7H8MN2U4,LLD,989,0,3578,2174800,8,8,7,6,7,6,8,2,52
79W54BD8P,かび、,NA8FEYN0M,蓮ノ空飲酒クラブ,977,10,3581,2174600,3,7,9,5,10,5,2,3,44
LEU68HE0L,UUU,PUJ0ERCMW,蓮ノ空倶楽部,718,2,3582,2174400,10,10,9,6,6,7,6,5,59
6E97YXJKM,,N7GLY2RUW,百生銀行,1225,9,3583,2174200,9,8,7,7,9,6,9,5,60
5AC20S1SB,CEiS,FH7G62PKW,月火水木金土日,1420,7,3584,2174000,9,8,6,10,6,6,9,6,60
T43L504ND,パッキー,FMKP92LRL,目が霞む人達,1067,7,3584,2174000,9,9,9,8,8,8,8,5,64
409J15OS4,出る,GPKTRBCTT,騎空団蓮ノ空支部,1509,17,3586,2173980,10,10,10,10,10,10,10,10,80
5JCOT6Q8E,まっちゃん,FJMA5BPPE,蓮ノ空すきすき部,1280,1,3587,2173800,9,10,8,10,6,7,10,6,66
G12L25GY4,ちきん！,M08GKL70U,ららマジ難民の会,1025,4,3587,2173800,10,10,10,9,9,9,10,9,76
BCD0YERF9,たつ,72XD3ER0M,まったり,1300,13,3587,2173800,10,8,7,10,7,6,8,6,62
EDV2MVK0V,☆贄殿遮那☆,05KN1RR3U,さやかほ花卉園,1194,19,3590,2173700,10,10,10,10,7,7,9,3,66
R05BFCN2M,チョコ,DFXEH0E0B,香港の初心者♪,1093,4,3591,2173600,10,10,10,10,10,10,10,10,80
Y4M5MKCC7,あきゅーう,B08JAPP33,対抗戦したい,977,11,3592,2173400,9,10,7,10,8,8,10,9,71
VUNCUZNVE,よしお,9DKR4Y2CJ,蓮ノ空老人会,1596,14,3593,2173000,10,10,10,10,10,10,10,10,80
K3SYJ8EDY,わかちこ,JE7V5MM31,蓮ノ沼に沈んだ泥,1415,15,3594,2172400,10,10,10,10,10,10,10,10,80
G97WK9KRH,Leiya,J7N4W6Y1K,こずミックラブ♡,982,13,3595,2172000,8,10,9,5,5,7,7,2,53
VPZOCPP20,ステラ,865UE9UC6,蓮ノ空うどん部,1181,7,3595,2172000,10,10,9,10,9,10,10,9,77
HL2A48X86,れこ,7XCGCUG96,ふみスタ,776,0,3597,2171800,10,10,9,8,7,5,8,4,61
SMD6VJ6WS,ジロー,N34LHVJKN,のんびり堂,1335,18,3598,2171600,10,10,10,10,9,10,10,7,76
JBOCD3MG8,りす,L1VGJTD5P,蓮ノ空お茶会部,1287,8,3599,2170400,10,10,10,9,9,9,10,10,77
71A2XUE9B,theta,BKUHCT7WF,蓮女お嬢様部,1273,9,3600,2170200,10,9,6,8,8,8,10,2,61
HWACPEW7I,うーどん,828YTYAA9,箱推し社畜の部屋,1209,15,3601,2169800,8,9,8,8,9,7,9,7,65
FWCUW7YN4,まふゆ,AAHB7C276,HaCordVN,648,0,3601,2169800,10,10,9,8,8,8,9,8,70
0V7D12WV8,らんち,06A0GBYLL,ロータスNHK,1598,10,3603,2169600,10,10,10,10,10,10,10,10,80
2JHVX9B1O,しるふぃん,9WJB6YPPN,温室花畑,1271,4,3604,2169000,7,7,6,7,8,4,8,2,49
KO53RLH0L,あぽし,W26TRPM1R,めぐ党藤島派,1329,8,3605,2168800,6,6,6,5,7,5,9,5,49
NFC2PKZ4U,テラ',P2J37FNLG,乙宗先生指導会,1465,14,3606,2168600,10,10,10,10,10,10,10,5,75
Z3OQL4DJD,takkii,G6EH0KHT7,なんもわからん,1326,13,3607,2167520,10,10,10,10,10,10,10,10,80
1185PKQ3V,りりん,BELCUYCMH,蓮hkg香港分部,1000,3,3608,2167400,9,8,6,10,9,7,8,2,59
XD3EEVMRA,色波,V8XX999F6,卍蓮村幼稚園卍,1405,9,3609,2166400,8,10,10,10,7,7,10,10,72
83GVD5P3L,あの日忘れた傘,BW38LDPRF,蓮浦の星空,966,4,3610,2166200,6,10,5,10,4,6,8,3,52
VN60I5W14,うさぬい,3HDDYR4FU,旅人,1282,14,3611,2165800,10,10,9,10,9,9,10,5,72
8GM2G0PH3,みけぬこ,57HNJ07NK,みらぱ推活最前列,1418,19,3612,2165240,10,10,10,9,8,8,9,10,74
5HE4VE0UR,META,N7GLY2RUW,百生銀行,1182,9,3613,2164600,7,6,9,10,5,8,7,3,55
OF6JS0R8V,でぃあ,Y7KJ3PM8P,蓮すきすき同好会,1437,18,3614,2164000,8,8,8,10,8,6,10,6,64
VCHLJNHL2,かうどん,P2J37FNLG,乙宗先生指導会,1223,3,3615,2163400,7,7,4,9,6,4,5,2,44
3PMYHLUHV,あんがーにむ,J0PT5EX42,スクスタモ部,502,0,3616,2163200,8,7,7,7,8,9,6,3,55
9KDJEYB1T,みいまる,R181MKNX1,みらくらは人生！,1223,18,3617,2163000,10,10,8,10,10,8,9,5,70
4LKF50K1R,まぎこ,1VPK1PKFW,すりすりの森,1125,15,3618,2161800,8,9,9,8,9,6,8,2,59
J89QLWCS0,ツキミ@PTT,HWJ8XPW0T,箱推しなのだけど,1400,0,3618,2161800,10,10,8,10,10,7,10,10,75
NA1PH79M6,れそなんす,H6JWBBGCG,蓮天・乙宗一心流,1188,7,3620,2161600,9,10,8,8,9,8,10,9,71
OJRB4HK3W,沢田セブン,A8BJ5V3ET,はすのそら,1237,2,3620,2161600,9,9,7,8,8,7,8,4,60
2K0NDWTNK,ひよ,GVT61ATX0,なのだけれど,1191,12,3622,2161000,8,8,7,5,5,6,6,3,48
3BUNFP8IH,あやっち,Y6JNPC60C,綴理メイト,1420,16,3623,2160800,10,10,10,10,10,10,10,10,80
OQDP1C7UZ,りん,D7UA5ER1E,UR報酬欲しい！,962,5,3624,2160200,10,10,10,10,7,10,10,4,71
P3FJDJ8OZ,m@sh,58FD7UF8J,としとしサークル,1598,19,3624,2160200,10,10,10,10,9,10,10,3,72
L2TCRJ17W,shrimps,6N3F238R0,イベント参加用,1175,18,3626,2159920,10,10,10,10,8,7,10,7,72
74EP6JMLK,zyd,WEKXHR1VK,散らない蓮の華,226,0,3627,2158800,10,10,7,5,7,4,9,5,57
3XF3U1RBL,suke398,3A63DYH54,LLすこすこ部,1242,1,3628,2158200,9,8,8,7,9,7,10,4,62
1OTQLFCB6,かじー,VXDPPJJL1,蓮ノ空リボ課金部,1400,10,3628,2158200,10,10,10,10,10,10,10,9,79
A8BANJXEE,たけのこ,1DU9LCND7,蓮ノ空すこやか部,1230,6,3630,2156000,10,10,10,10,10,10,10,10,80
R6JKEPV5V,书中陌生人,AWFDLJ1HC,小蓮花（重生版x,973,9,3631,2155600,7,9,10,8,7,7,7,3,58
OCXJLS1J6,抹茶,AGJ215YND,蓮の空中國分校,642,5,3632,2155400,9,4,5,3,4,6,2,2,35
0EII2DPPH,なぃろ,CTW8DKV5P,まったり,1119,6,3633,2154980,10,9,7,10,8,7,8,8,67
7ZFC8RSJ2,かがみもち,7DWNRBTGA,なにもしない,1007,0,3634,2154400,10,9,8,8,7,7,10,4,63
1998214HF,大福,865UE9UC6,蓮ノ空うどん部,661,2,3635,2153800,10,8,8,7,6,6,9,2,56
7T3C53EH6,もこ,P2J37FNLG,乙宗先生指導会,1000,6,3635,2153800,8,4,7,8,6,6,7,2,48
31GWXMY70,ソアラ,HBM31HMUY,YUKIZURI,1353,9,3637,2153600,10,6,8,10,7,7,7,4,59
DK446XXTN,なまこ丼,M8FM7P139,蓮ノ空ひとり旅部,1149,15,3638,2153080,8,4,6,8,7,5,10,5,53
07G3NQDBW,コギスキー,9JTF508LB,スクスタ亡霊部,1270,6,3639,2152800,10,9,8,10,8,7,10,6,68
W1RBXW89C,ウバギ,T045NDKW0,♬さやか愛好会♬,987,2,3639,2152800,10,9,7,7,7,7,10,4,61
ULTS72PUN,ほむたま5号,EE4BKR0AR,まったりプレイ,1501,15,3639,2152800,7,8,6,6,5,5,6,4,47
9OEVVFHNS,nabe,N34LHVJKN,のんびり堂,1347,9,3642,2151400,9,8,9,10,7,7,7,4,61
8EPD5SIG7,シャロ,A3472CNJE,ハントン✿ライス,1121,15,3643,2151200,8,9,10,5,10,5,10,3,60
FD9TC5S7T,陰気な学院生,TXNCTRR1U,瑠璃乃推し隊,1312,14,3644,2151100,8,9,9,7,7,7,10,6,63
TBWFHHE1Q,karapo,7U20138DB,LGP,1442,19,3645,2151000,10,10,10,10,10,10,10,10,80
ZL808Y6DW,えあふ,XR2P2LDY3,蓮ノ空さいきょー,1194,3,3646,2150200,9,8,7,9,8,7,9,2,59
71GS87RQX,ヨツギ,EAU5JTX3H,チシマザクラ,1037,2,3647,2150000,10,8,7,8,8,8,10,5,64
JVJ0NE0YL,空,KGDNX3EF3,ENcircle,1207,3,3648,2149000,10,10,10,10,9,6,10,7,72
NMW3LD7XV,ねこのしっぽ✨,573J1JVVK,かほかほ,1222,0,3649,2148600,9,8,7,8,8,6,10,6,62
BB9PK0NPU,ケイ,WE4AB37FP,めぐ党,1318,4,3650,2148000,9,10,8,8,8,7,10,6,66
AHNEAG9AJ,ラブラ牧場,DHKUGEWBJ,めぐ党虹ヶ咲支部,1157,9,3651,2146600,10,7,8,10,8,7,9,2,61
74C00PR0G,火掻き棒,G8K4NUR4T,ステージ創造科,829,2,3652,2146400,9,8,9,8,6,7,4,4,55
B6FUBWG92,花帆のへそ舐める,0CEA9XFKR,蓮ノ空の泥人会,800,4,3653,2146100,10,1,4,4,2,1,4,3,29
P24FYZ5SZ,まち,4RY75CKM4,LLすこ部　メ募,1241,15,3654,2145200,8,7,6,9,7,5,8,3,53
4A44A0FH3,loxter,73VTANA71,隨緣努力^▽^,475,0,3655,2144400,10,10,10,10,10,7,9,10,76
FPT5XEBVO,ゆゆゆーき,R1RM3X0WV,後方腕組みオタク,1092,6,3656,2144350,9,8,7,9,6,8,8,2,57
QIH5REL1B,Nakami,YNR28303K,りんくらぶ,1382,7,3657,2143600,8,7,5,4,7,7,10,6,54
7W4KBN4MN,日月,N7J2R9JDN,ログイン目標勢!,995,2,3657,2143600,8,9,6,7,6,7,10,3,56
NH72E01FH,ぱなそに2,JC30FUPH3,LLあおだか2,1004,3,3659,2143580,7,9,8,9,7,9,8,6,63
EU6AA5CWB,Tell_Inc,R083H7WRN,サークル無言,1149,5,3660,2143200,9,8,8,9,7,8,10,4,63
4HE04415C,ベーコン,UX96YX4T1,『位置について』,544,0,3660,2143200,10,9,9,8,9,7,8,4,64
T6C6KR4TK,ノア,976BY5JWK,ハルカカナタ,1129,19,3662,2142200,10,10,10,10,9,9,10,8,76
5RPYAFH3W,すばら,RM7N1JDB5,無言推奨不干渉会,1371,15,3663,2141600,10,10,10,10,10,10,10,10,80
PNQMGBM2L,なっちゃ,4XRHRYDW4,無言でエンジョイ,1543,9,3664,2141550,10,9,8,10,8,8,10,2,65
FF641AE2F,カラフルしゃけ,KGY709ULG,蓮の花束,433,0,3665,2140600,10,10,9,10,10,7,6,5,67
Y4GLOZ0A8,えーたん,J0N1E3Y09,月火水木金土日,1381,19,3666,2140550,10,10,9,10,8,9,10,7,73
6H4PE9GCM,いっちゃんNPC,2NY9H8BR9,乙宗紅茶館,855,4,3667,2140540,5,5,5,1,10,1,1,3,31
A4CYMFS63,黒澤金剛石,R181MKNX1,みらくらは人生！,1449,9,3668,2140400,10,10,10,10,10,10,10,10,80
CT5SINOQL,ストリーク,JTX1G19BP,さやかほ癒し会,1231,9,3668,2140400,8,10,9,9,10,8,10,4,68
YQ64NBXJ0,dgstar,J8HXTJ8TB,流し素麺同好会,550,0,3670,2140000,9,9,9,5,6,6,6,4,54
0CSC6RF3X,alod,5YEE75CB4,ロビーで待ってる,1277,0,3671,2138600,9,9,7,7,7,8,10,8,65
HEB3T2W09,yuuli,HWMV33W7Y,フラワー泥民館,705,0,3672,2138400,10,10,10,7,7,7,8,7,66
07P1LXJBV,ざくろ,C6V311T2P,LotuSky,1316,17,3673,2138200,9,10,10,10,9,8,9,7,72
4DB6SIL32,デヘラー,Y7KJ3PM8P,蓮すきすき同好会,1501,3,3674,2137880,10,10,10,10,10,10,10,10,80
2L75E0XAF,winter,CY3GGDH7H,㍿キモ・オタク,585,1,3675,2137800,10,10,10,10,9,7,9,7,72
X988KAKFG,スカルダ,BW38LDPRF,蓮浦の星空,1578,15,3676,2137700,10,8,8,8,8,9,10,8,69
IN3IOLM1C,辰@未定,XXVVJY6FE,はぴぱれ,1429,19,3677,2137600,10,10,10,10,10,10,10,10,80
413EV1YU8,redsonic,MJX5YVH56,日豊本線ソロの会,1247,5,3678,2136800,8,9,8,9,8,7,9,8,66
9LVC7UFJR,KKstar,KBJ2P8T0Y,人見知りの集い,1028,2,3679,2136400,9,8,6,10,8,5,8,2,56
8ZNQRVBHZ,キツネコタヌキ,C0NDBKMRB,すりぃずぶぅ家,1184,9,3680,2136200,9,8,8,8,8,7,10,2,60
B1FF27BYY,Deer,XVTV7MVCX,雪月花,462,0,3681,2135500,10,10,10,10,10,10,10,10,80
YDT36VR3X,こはく,GW4CH70HK,TKG同好会,485,3,3682,2135000,10,10,9,7,6,1,10,6,59
J7603HXDR,Harurun,AGJ215YND,蓮の空中國分校,1075,2,3683,2133700,8,8,5,7,8,7,8,2,53
4NDVG0RXX,すぴか,AH27N260E,百生信託銀行,622,2,3684,2133400,10,10,10,10,10,10,10,10,80
7KK2LU102,GzStar17,8JMW9G2XW,僕らのリンクラ！,1178,18,3685,2133200,10,10,10,9,7,8,9,2,65
3GXV3YWWB,m4ax,BELCUYCMH,蓮hkg香港分部,1042,17,3686,2133000,9,10,5,10,8,8,8,2,60
R1GF61JSI,hide,JDAG79TG7,百合ノ空観察部,1205,12,3686,2133000,9,9,7,10,8,7,10,2,62
RMODCZ4E0,はぎもち,ARYW1G3TD,ひめすず見守り,1399,11,3688,2132000,9,10,9,10,9,8,10,5,70
4ORAL6L8W,もなか,31A7JKC69,蓮好きの巣窟,1247,15,3688,2132000,10,9,7,10,10,8,7,6,67
A3Y90TW4Z,BlG BOSS,8EP8BFEV7,蓮ノ空女子野球部,874,0,3690,2131750,10,10,9,9,9,8,9,7,71
W5XVLMYVJ,いけぱん,T2XRMGEAE,蓮根無言会,1039,11,3691,2131600,10,10,9,6,7,7,8,3,60
W6OP2F9NH,うさりん,L1VGJTD5P,蓮ノ空お茶会部,1611,1,3692,2129800,10,10,10,10,10,10,10,10,80
IKIWLVB1B,フィリア,WE4AB37FP,めぐ党,1321,6,3693,2129600,8,9,7,8,8,6,8,2,56
VMTBMK4LR,きょーすけ,573J1JVVK,かほかほ,1366,2,3694,2129400,10,9,7,10,8,5,9,2,60
6FIK9ZFYZ,琉珈（ルカ）,J7N4W6Y1K,こずミックラブ♡,1311,19,3695,2128600,10,10,8,10,8,8,10,8,72
33H0H9UB9,ゆうめ,F90XW14UP,のんびりプレイ,1269,7,3696,2128400,9,9,8,1,4,7,7,4,49
3NJTU4E9G,あんり,PYFV3GWNV,異次元P,662,0,3697,2127600,8,9,7,7,7,7,9,2,56
D1L1XHU07,はかせ,9U8KNU6U9,対抗戦用,1070,0,3698,2127400,8,8,6,8,7,5,8,2,52
QZN0QKPL3,猫犬,KXB93FVTR,ブルームガーデン,1455,19,3699,2126800,10,10,10,10,10,10,10,10,80
CDUEV7G3X,イルカ,0CEA9XFKR,蓮ノ空の泥人会,1063,7,3700,2126200,8,9,10,7,10,8,9,2,63
SU704Y57D,ShiP3,HPTHY23VR,蓮ノ空文芸部,1117,12,3701,2125800,8,9,5,5,7,2,10,2,48
KRVL27LVH,zuzu,FH7G62PKW,月火水木金土日,1086,13,3702,2125400,9,9,8,9,7,7,9,3,61
8PI1JTXLH,こうりゅー,GKR9TEBYC,毎日がホリデイ♪,1200,3,3703,2125200,10,9,7,7,6,6,7,6,58
61FA5897F,ためにゃん,ULUELCJ7T,なるようになる？,270,0,3704,2124400,10,10,6,10,3,5,7,2,53
AA66U7MRG,なつむ,CV62FGL1U,花咲かせ隊,1153,18,3704,2124400,7,8,6,7,8,7,9,5,57
WKGM0LNTY,あまいもん,6XX7GBM0K,ぷちぐる同好会,1212,4,3704,2124400,9,10,10,7,9,6,5,5,61
QA5SVL4G7,まーとん,J7N4W6Y1K,こずミックラブ♡,1047,9,3707,2123800,9,9,10,9,9,8,10,4,68
VGO2EFWW3,わいず,6HV2RH6TU,イベント用、無言,1094,5,3708,2123600,8,8,9,7,7,5,8,4,56
JSA85T3QZ,うたたね,VF517JBVB,無言でいいよ。,1321,9,3708,2123600,9,9,6,8,8,8,7,5,60
RWJTSAQK0,すたぁ西木野,2JK7E4115,ラ！推し,1310,8,3710,2123060,8,10,10,10,10,10,8,7,73
LDAK66P9A,ミケ,K8C99H42D,ルリと喜ド！愛楽,1350,9,3711,2123050,10,9,10,8,9,7,9,7,69
4NYA99EHN,でぃぷめ,JE7V5MM31,蓮ノ沼に沈んだ泥,1342,12,3712,2122600,10,10,10,10,10,9,10,8,77
8R21UGR12,鮭茶漬け,JA2C658FW,さや綴理の村人,1728,16,3713,2121000,9,10,10,10,10,9,10,3,71
G19FTEPB0,ろぶそん,WBW66DMUB,るりめぐ研究所,852,0,3713,2121000,4,9,7,7,9,6,8,3,53
DRGR53P7W,陽,4RY75CKM4,LLすこ部　メ募,739,4,3715,2120600,10,10,10,10,10,10,10,10,80
X5HJGNDO3,あきる音 ないと,AND13836G,乙宗梢親衛隊,1238,3,3715,2120600,10,10,6,9,8,7,9,4,63
RZ9ER2MW0,ソルティ,YCTM6RYDP,金沢おでん同好会,1686,20,3717,2120000,10,10,10,10,10,10,10,10,80
CURVW07AN,もち,GN9EEL045,きらくに,243,0,3718,2118950,10,10,10,10,10,10,4,7,71
WHWLWR37R,さいどめにゅん,KT4P0CHHC,ゆったり同好会,744,5,3719,2118800,9,9,8,7,7,6,4,3,53
NCURV0D7A,ベンジャ,ABALH0AL3,楽園計画,1145,13,3720,2118000,10,10,8,8,9,8,10,6,69
O51FLH65N,たかさご,YDYH4VRRP,レンクウ,1336,19,3720,2118000,10,10,8,8,9,8,10,8,71
YH9LHAEM7,りと,GR65FP8VN,蓮好き,994,11,3722,2117400,10,10,5,10,6,10,7,3,61
A8UAN5PTG,123,YAD615PCK,蓮を咲かせる泥達,1006,3,3723,2117200,8,7,7,10,6,7,6,2,53
0RRU916UV,唯ちゃん,BKUHCT7WF,蓮女お嬢様部,878,4,3724,2116800,8,10,5,6,6,4,8,4,51
9EBN8N33L,Rina,AAHB7C276,HaCordVN,1094,13,3725,2116600,9,8,4,10,7,7,7,4,56
4IROHSJDZ,ちぇ,V26546K3D,乙宗気合筋肉,1425,9,3726,2116250,10,10,10,10,10,10,10,10,80
U5W3T74ZX,ラナンキュラス,8JMW9G2XW,僕らのリンクラ！,1125,1,3727,2116000,6,6,7,7,6,6,7,3,48
G7ABMLKPB,桜 颯 か も,XXMU9WLKB,梢の機械さん,958,2,3727,2116000,8,8,7,10,7,5,10,5,60
3WVPAVLKH,R,9W43TY3MB,兎小屋ｼﾏﾘｽ部,1023,4,3727,2116000,7,8,6,6,6,7,8,2,50
M2JF48R82,くぼ,53M4V2BVG,吟子の髪飾り,1001,3,3730,2115800,10,9,9,9,8,7,8,2,62
CWTHV31BP,ムラ,E34RNNCMJ,サークル名は仮,1151,0,3731,2115600,8,9,7,9,7,5,8,2,55
WNGHAVX2A,焼き海苔さん太郎,R181MKNX1,みらくらは人生！,1384,19,3732,2115500,10,10,10,10,10,10,10,10,80
MFD215UY5,レイト,N1DJVPGP8,いつでも咲けるよ,291,0,3733,2115400,10,10,10,7,5,5,5,5,57
IFU81YXO9,めてお,LLDLG20UU,UR取り隊,1106,8,3734,2115200,9,6,4,8,8,5,9,4,53
CAK117DLL,コンセント武田,GYG7B5R36,幼馴染同好会,1225,13,3735,2114800,8,10,7,7,7,6,9,3,57
7GXA4M34D,からかさ,C9DAJ6YFV,のんびり,1042,1,3736,2114600,10,8,8,10,8,8,10,8,70
NJG7DAVT2,だえま麗奈,M206VENTF,蓮紺の会,1180,3,3737,2114200,8,8,6,8,6,6,7,4,53
8TL4RB208,trista,NC2YT2V28,蓮之愛同予者何人,1179,12,3738,2113600,9,6,8,10,5,5,4,2,49
SIOLOKXI1,ももちこ,HWJ8XPW0T,箱推しなのだけど,1160,2,3738,2113600,9,10,8,6,7,7,8,3,58
OOCUAWI57,hirokky,UMG1B9C7V,蓮ノ空女学院,1266,9,3740,2113400,10,10,8,10,9,9,10,3,69
KAU78C85L,チェス,J7N4W6Y1K,こずミックラブ♡,1514,18,3741,2113180,10,10,10,10,10,10,10,10,80
5NBJSQ039,すぱいらる,J79LGCKKF,蓮ノ空コーラス部,1294,5,3742,2113000,10,10,8,10,8,7,10,2,65
E3HYFERSO,とののの,WLLWJ8ADP,乙宗筋肉サークル,893,6,3743,2112600,9,9,6,9,10,5,8,4,60
SR8KKLUZT,こめぞー,LLDLG20UU,UR取り隊,1402,15,3743,2112600,10,10,10,10,10,10,10,9,79
VTRTJEJ7F,つっきー,LT9K2FP23,慈党リンクラ部,911,6,3745,2112250,7,8,6,8,6,1,3,5,44
KWRFG3WEH,しらたま,LUDNM40F8,ふくふく無言OK,1233,12,3746,2112000,9,9,7,9,9,8,10,5,66
FTW9VSAA8,ぽんすけ,07JW71HWG,良いチケで観よう,1350,12,3746,2112000,7,10,6,7,9,7,9,2,57
B4UKVJG1R,いじゅ,BCJRMHE75,梢すきすきクラブ,803,3,3748,2111800,5,7,7,6,6,4,6,2,43
4AYTAA1YT,むー｡❀,TB7GJ57D7,シャイニーフラワ,1365,19,3748,2111800,10,10,10,10,10,10,10,10,80
EBAVN3FEY,T-2,TKVR3KU7L,ネギトロTKG,1322,2,3750,2111660,7,9,9,9,6,7,5,4,56
K62M4WLKT,アルヘナ,0UT59MJ8U,かほすこ同好会,1443,17,3751,2110800,8,8,7,7,8,6,9,4,57
8071A0HW1,にょっく,G0J2F9NAL,さやさやさーくる,1118,16,3751,2110800,10,9,7,8,7,5,8,2,56
KWJJT8M7P,りちゃん,G59NGM0XA,シュリーレン,1011,2,3753,2110400,8,4,3,6,8,5,9,2,45
X13KX70UE,山,JVUNVCT8P,梢先輩のASMR,1169,11,3754,2109500,9,9,9,10,8,10,10,8,73
0RDPT287I,きよぴっちゃー,J8HXTJ8TB,流し素麺同好会,1319,4,3755,2109400,9,8,7,9,8,7,9,2,59
KYFKHTHHR,たくぼん,DDKKFN9Y5,蓮ノ空箱推し部！,996,9,3755,2109400,10,10,10,10,9,9,10,7,75
UFWTCRMVE,ri,R1RM3X0WV,後方腕組みオタク,1328,17,3757,2109000,10,10,10,10,8,9,10,10,77
OQ0CB3XWK,うざむん,HBCC35887,そりゃー!!!,1667,6,3758,2108800,10,10,10,10,10,10,10,10,80
1JCNRIQ62,つるみがわ,578YG6EAT,桜桃花束愛聴会,1403,5,3759,2108450,8,10,8,10,8,8,10,8,70
ONYDHDIZ6,滉（ﾋﾛ）,2ULM366U6,毎日がエブリデイ,1410,19,3760,2108400,10,9,8,9,9,8,10,5,68
XLTPT533F,とーゆ,L3NN1RWMY,アポロベイ海賊団,1347,7,3761,2108200,9,10,9,9,9,8,10,3,67
R42RPBUW4,も,H3RE0VLMK,か,1059,2,3762,2108000,9,9,7,8,7,7,9,2,58
V3J5KY1JC,バニー,BELCUYCMH,蓮hkg香港分部,963,11,3763,2107800,10,10,10,10,10,10,10,10,80
PPJEWB2J7,kaki_max,3A63DYH54,LLすこすこ部,1021,0,3764,2107000,9,7,6,8,9,5,8,3,55
9YUM1YG0J,七海,CM5THHYHB,「」ノ空だけれど,1370,7,3765,2106950,9,9,5,4,3,8,10,3,51
RA145L3JH,田中清,P2J37FNLG,乙宗先生指導会,1143,11,3765,2106950,10,10,7,10,8,9,8,3,65
R5EXT9WC6,したむ,9YM3DBTB7,泥民館,1119,2,3767,2106340,9,10,8,7,8,5,7,10,64
6Y525ACQ6,我孫子,GYJ3C6TKR,綴理先輩好き好き,1384,7,3768,2106000,9,9,8,10,10,8,9,2,65
NCVB7VCJP,つきみ,YDYH4VRRP,レンクウ,1285,1,3769,2104900,10,10,10,10,10,10,10,10,80
G4WW8PRGV,パン屋/KUGE,T3XUTYGC3,隔離病棟,1087,4,3770,2104400,9,7,5,7,6,7,8,3,52
BQX7EYIWR,みそら,BELCUYCMH,蓮hkg香港分部,1095,7,3771,2103900,8,6,4,9,6,8,6,6,53
M5A4O5IX8,みんと,N2KCENRKH,猫＆旅大好き部,1268,0,3772,2103600,8,10,10,9,9,9,10,7,72
K0IB7G0LT,うぃぐ,9FF5JBNDF,めぐすきクラブ,1318,7,3772,2103600,10,8,7,7,9,8,8,4,61
5J13HUBRA,まっくす,535L2H3JU,Lotus329,1125,0,3774,2101600,10,9,9,9,7,7,8,4,63
UV5HEP7GN,ぬるぽん,FR5PDRB5Y,株式会社つづさや,1129,12,3775,2101200,7,7,7,7,6,5,8,3,50
1NVKD76H8,りすの子,BT22M41DV,梢花帆吟子同好会,776,4,3776,2100100,7,10,9,9,7,4,6,2,54
3LWYT4DP5,Spaicy,N7GLY2RUW,百生銀行,949,3,3777,2099500,10,10,10,10,10,8,8,7,73
6O1639U3K,ことりっぷ,JTX1G19BP,さやかほ癒し会,1227,19,3778,2099400,10,9,9,8,10,9,10,10,75
TYC5X1PH7,たくみわに,3YWMY4JVN,82プロ,606,0,3779,2099000,10,10,9,7,7,7,8,2,60
MZIDN029U,みらくる,PPAHU1TNY,蓮ノ空のんびり部,1407,5,3779,2099000,7,8,8,8,7,6,10,5,59
A0PDR4YW8,サコッシュ,MUXWTW1GV,蓮の空見守り隊,998,0,3781,2098800,7,9,6,7,8,8,9,2,56
C3H8JWVF3,みつ,RA1676TKK,蓮の空好き好き部,829,7,3782,2098650,7,8,5,5,5,4,10,3,47
PFXAN2ADY,三倉三虎,GN1798YEX,ド!ド!同好会,1041,13,3783,2098600,10,8,10,10,8,8,9,6,69
E1YSPO6XA,ここあ,4LYVLX709,めぐ糖,1139,9,3784,2098400,8,5,7,9,8,7,4,3,51
2925Q52C9,オヌ,TK9E1BB1P,無言で自由,1622,18,3784,2098400,10,10,10,10,10,10,10,10,80
XHLKMND7E,リーファ,HPTHY23VR,蓮ノ空文芸部,1077,11,3786,2098200,10,7,4,10,7,5,7,2,52
ESBNCNW5F,おだんご,8R49BTWW6,蓮女お嬢様クラブ,1410,19,3787,2097000,10,10,10,10,10,10,10,10,80
EMBXUN4WM,夜空,HMX010TX8,自由サークル,798,2,3787,2097000,10,8,9,4,3,2,6,5,47
0MRHT655K,椛,Y6JNPC60C,綴理メイト,1155,4,3789,2096460,6,8,6,2,4,10,3,2,41
4417MC5BF,ローカルサウンド,HWJ8XPW0T,箱推しなのだけど,1318,15,3790,2096200,5,7,6,9,7,3,10,3,50
2AVEHUGN3,おでん,UK30B7DG2,ずらまる卯どん。,1011,0,3791,2095400,10,10,7,8,7,7,10,6,65
9WVHJBDEG,まさ,E34RNNCMJ,サークル名は仮,1237,0,3792,2095200,10,9,7,8,8,7,10,5,64
2C9KU2FXK,こんず,GR65FP8VN,蓮好き,1448,12,3793,2094800,10,10,10,10,10,10,10,10,80
BJTK5XOHC,やや,CTW8DKV5P,まったり,1485,17,3794,2094600,10,9,7,7,7,8,7,7,62
P1MJ9KJY5,uro,N1DJVPGP8,いつでも咲けるよ,1019,6,3795,2092600,8,9,6,10,6,9,2,3,53
JSSNYCAIX,いろは,8XMW94CPX,ヒノチタカバディ,640,2,3796,2092200,7,10,7,4,3,2,2,2,37
H2JDU2C1F,しじみ,BHW3RTLYB,カワウソ小屋,462,0,3797,2092000,9,10,8,10,9,9,10,7,72
HFVBGL01R,ソウ,BPHHYC793,ソロ専の集い,1130,6,3798,2091520,9,9,7,7,8,4,9,2,55
D3YJXA0A0,バブゆずの香り,R9T0YKDW8,かちまち応援隊,1107,11,3799,2091400,5,2,4,5,7,1,2,2,28
52GKPH9F8,ユッケ,LX25CP0TG,深夜の芋煮処,1152,9,3800,2091200,8,10,8,9,9,7,10,4,65
B49P9TFY4,けんご,XVTV7MVCX,雪月花,1099,10,3801,2091000,9,10,9,10,8,6,9,2,63
U8JD6PLY8,なかしょー,NMT63RUDV,泥村,1195,19,3802,2089800,9,9,7,10,7,7,9,8,66
F5WMLDF6M,たなか,K8C99H42D,ルリと喜ド！愛楽,1098,6,3802,2089800,8,7,8,7,7,7,10,2,56
WBDXFH23K,もりっち,GPKTRBCTT,騎空団蓮ノ空支部,836,6,3804,2089600,6,10,5,9,7,3,4,1,45
W88VK2IFA,ジュウザ,WHWT61ELR,【無言】ハスノソ,1385,7,3805,2089000,10,10,10,10,10,10,10,10,80
G5XP7HP0M,バナシ,AWFDLJ1HC,小蓮花（重生版x,1272,13,3806,2088860,10,8,6,7,7,8,5,2,53
MV7546VAY,ななせ,W26TRPM1R,めぐ党藤島派,1153,13,3807,2088500,6,5,8,8,6,9,10,4,56
JVAW467KM,ゆうゆう,95TAREFPT,ご自由にどうぞ,705,0,3808,2087200,10,10,10,4,6,8,7,2,57
GKGNE9TGP,歌bro,L1VGJTD5P,蓮ノ空お茶会部,1190,1,3809,2086800,10,8,8,8,5,8,8,5,60
WVPC97YAQ,いちご,08NLGTWVL,みかんじゅーす,607,0,3810,2086600,10,10,8,10,8,6,8,6,66
DUKU6LRDW,デュン,535L2H3JU,Lotus329,1192,0,3811,2086000,9,9,6,9,7,7,8,3,58
YPN3XNM6Y,YAMA23,LLDLG20UU,UR取り隊,1056,0,3812,2085600,8,8,6,7,6,7,8,3,53
PUZNCFF6H,のり,AG9PKMMC3,ぱかぱか同好会,1482,9,3813,2084850,10,10,10,10,10,10,10,10,80
2HBRHLDE5,エックス,573J1JVVK,かほかほ,1330,6,3814,2083800,8,10,5,7,8,7,8,4,57
4A5NPA960,しんすけ,GGK2P93JK,きゃらめる,545,0,3815,2083600,10,10,8,10,8,5,10,7,68
AJ4WELJY7,のぞみ301号,N1DJVPGP8,いつでも咲けるよ,706,0,3815,2083600,10,10,10,10,7,8,9,10,74
MEE7LVPHD,リンクラ２５月目,H0CCTJREV,ソロ活動～休止中,1193,16,3817,2083350,9,10,9,9,9,9,10,8,73
XKRN0VQH2,ゆーき舞台創造科,3BE2RELRC,見晴台,1432,17,3818,2083000,10,10,10,10,10,10,10,10,80
DHRYG7PFB,ロッソネロ,9GDHWXGVG,ルリと花咲く毎日,1425,10,3819,2082400,10,10,10,10,10,10,10,10,80
APNNN1TTL,non,TTDBXERCU,蓮ノ空 全力応援,712,4,3820,2082000,8,10,10,8,8,5,4,3,56
TANVMFD2K,ミル,XVTV7MVCX,雪月花,899,6,3821,2081800,7,9,7,8,9,7,8,2,57
P8X44HS43,ツンちゃん,75UJ5RB97,蓮ノ空雪野球部,1255,16,3821,2081800,10,10,9,10,10,10,10,6,75
OIMWFCL0H,えこ,KXU941RFJ,梢先輩おめでとう,1684,19,3823,2081700,10,10,10,10,10,10,10,10,80
RNJGSVYID,宮森,Y7KJ3PM8P,蓮すきすき同好会,1497,19,3824,2081600,10,9,8,9,9,8,10,8,71
J7BA3D4F9,ライフ,FVJABCVP3,瑞蓮ラボ,1014,9,3824,2081600,7,8,7,10,7,10,7,7,63
9YF4B1A7R,ゆりはむ,4RY75CKM4,LLすこ部　メ募,1336,15,3826,2080120,9,10,8,7,10,8,10,3,65
E4R46VY57,ミルクティー,NGFXVPCGX,うさぎのしっぽ,1177,4,3827,2079600,10,10,5,8,7,6,9,2,57
AOZW5GR71,がーすー,2JK7E4115,ラ！推し,1230,11,3828,2079150,5,9,10,8,6,5,9,4,56
2LBFVOXSX,えすえいち村民,9JTF508LB,スクスタ亡霊部,1553,15,3829,2078850,10,10,10,10,10,10,10,10,80
U86PRLXW4,カンタータ,9GDHWXGVG,ルリと花咲く毎日,1104,0,3830,2078800,10,10,10,7,8,8,9,7,69
55BFWMH5B,ヒスイ,1F5EPPMLD,UR貰えればいい,641,2,3831,2078220,10,8,7,6,2,4,4,2,43
09P9ANX24,シアズ,NJBBTCY3A,かにかに！,550,2,3832,2078200,7,4,7,5,3,1,4,2,33
Y4MDE7GDJ,パンナコッタ君,V7768X8AC,せーので！,1337,6,3833,2077900,10,10,9,10,10,10,10,5,74
ORYOJADD6,じんちゃ,8M6UDX260,ぽけもん好き,1254,2,3834,2077800,7,9,7,7,8,2,8,2,50
713LJLM9P,ゆでたまご,XE8513HNP,喫茶カワウ空✨,1140,15,3834,2077800,1,6,4,6,5,1,3,2,28
NRR5DY6DT,がじろー,KBJ2P8T0Y,人見知りの集い,995,0,3836,2077400,6,6,7,7,6,7,4,3,46
5TVDOOKTJ,ゆゆ,3HDDYR4FU,旅人,1151,15,3837,2077200,8,9,8,7,7,6,9,6,60
2L5ZFLT5Y,現代貨幣理論,GKR9TEBYC,毎日がホリデイ♪,1409,20,3838,2077080,10,10,9,10,9,9,10,9,76
3X241R1Y3,ぽんこむし,HBK6KCRPP,無言でおけ,1223,3,3839,2076000,6,10,5,7,7,6,9,4,54
GTEER2YC2,とむ,FJMA5BPPE,蓮ノ空すきすき部,951,4,3840,2075600,8,10,8,7,6,7,9,4,59
FTXDGA4JD,に,GGK2P93JK,きゃらめる,468,2,3841,2075400,7,7,6,5,6,5,1,3,40
HLXKV7EXX,はなみや,UX96YX4T1,『位置について』,728,2,3842,2075200,10,8,4,8,7,4,6,2,49
TR6SNK5YE,kame,GKR9TEBYC,毎日がホリデイ♪,1426,6,3843,2074800,8,9,5,8,6,7,9,2,54
96LVLF86T,リョウ,2ULM366U6,毎日がエブリデイ,1524,10,3843,2074800,10,10,10,10,10,10,10,10,80
02M9C85BG,たいやし,G59NGM0XA,シュリーレン,1178,19,3843,2074800,10,10,10,10,10,10,10,10,80
50ZXERJWU,かるーあ,0R8BXPRC1,ポチっ！とクラブ,1479,2,3843,2074800,10,10,10,9,9,8,9,2,67
EGJ7V5MKO,Rcsjk,BWD9U1EJ2,蓮之空中国同好会,1345,19,3847,2074600,7,9,7,7,7,7,10,4,58
H4PVY80JK,飛騨高山さるぼぼ,KM6X3YT8F,11人いる！,859,0,3847,2074600,7,7,9,6,7,5,8,4,53
PNOP5I0KJ,はなまる,UK30B7DG2,ずらまる卯どん。,1256,0,3849,2074300,10,10,10,10,10,10,10,10,80
6D0PUHWWB,Finn,GN1798YEX,ド!ド!同好会,1257,18,3849,2074300,8,10,8,9,8,8,10,4,65
JFVMA8AMN,学院生,K4TAHF9YA,はすっこ準備室,1415,10,3851,2073660,10,10,10,10,10,10,10,10,80
HCBC9JENW,さば,KGDNX3EF3,ENcircle,564,0,3852,2073350,10,10,7,7,10,7,10,7,68
X4YMH293G,よか,C021HVB2B,第3芸能科,166,0,3853,2072700,10,10,10,10,9,9,10,9,77
GG1H7V88M,うじはじ,XHJLF3R8H,ゆったりプレイ,1003,4,3854,2072600,8,7,5,4,5,4,7,4,44
C2MJSUC5G,从c*・ヮ・§,N8L41JAA7,無言 ノルマなし,1345,2,3855,2072400,8,10,7,8,8,8,10,7,66
4LPEM7MBC,マルコ道路,T4YA3VH9U,徒徒徒町町町,688,2,3856,2071300,10,6,10,7,10,5,5,2,55
M0JBDXBOD,さけ,948FLPMPN,まったりハス煮〜,1131,7,3857,2070750,7,6,7,9,9,8,6,3,55
8D3FMPYIH,fu.kuno,0CEA9XFKR,蓮ノ空の泥人会,1323,5,3858,2070650,10,10,9,10,8,9,10,8,74
ZRFQXPVUS,enudal,535L2H3JU,Lotus329,1207,0,3859,2070250,9,9,6,9,8,6,9,3,59
5H0Y9WY65,金髪ショウタ,HAW490WUF,エブホリ,1011,2,3860,2070000,10,10,8,10,7,9,8,10,72
94PR9DPD0,キツネコタヌキ２,4RY75CKM4,LLすこ部　メ募,1012,0,3861,2069800,6,6,7,8,6,7,10,2,52
L5TXUMJED,LaMeeska,2JVBK752G,卍愛蓮説卍,1268,7,3861,2069800,9,10,8,8,7,5,8,3,58
U8NDKWLJM,いしころりん,K8C99H42D,ルリと喜ド！愛楽,1332,18,3863,2069600,10,10,9,10,10,9,10,8,76
F5EC0TEXD,ムラツキ,XXMU9WLKB,梢の機械さん,764,7,3864,2069200,10,5,10,6,7,1,6,3,48
2WW330CL6,やくそく〜こーこ,D7H8MN2U4,LLD,1220,16,3865,2068700,5,9,6,5,8,5,8,2,48
PI43ZYSVG,ゼロオル,GVT61ATX0,なのだけれど,1395,0,3866,2067960,10,9,7,8,7,7,5,3,56
Y2T1M2N3U,chikoru,1UBNNHVLG,蓮箱推し（仮）,1013,7,3867,2067800,5,3,5,3,3,3,4,4,30
8WAANNMFS,柊,HH93ADAW3,無言自由。,972,4,3867,2067800,6,10,6,7,8,8,9,2,56
5J8X0TN63,オレンジネコ,TR6AR49NR,行けたら行く,473,0,3869,2066800,10,10,9,10,9,7,8,5,68
XGW9PRRG8,せり,07JW71HWG,良いチケで観よう,1531,18,3870,2066450,10,10,10,10,10,10,10,10,80
1BFELE7V0,あん,KA652DGYV,ゆるリンクラ,1120,6,3871,2066200,8,10,7,7,7,7,9,2,57
UCRRYP9CM,おかか,424NLTEE8,無言な異次元部屋,1057,2,3872,2066000,8,9,7,8,8,6,8,3,57
K4LK2A8JP,しょうゆ,72J5PWU5K,ライグラ待機室,1270,19,3873,2065800,10,10,10,10,10,10,10,10,80
XG7JNTW9U,もち,6045Y2RW7,ポチっと！蓮ノ空,1314,17,3874,2065750,6,10,10,6,8,10,10,7,67
65J3TWC4M,アイス,8M6UDX260,ぽけもん好き,1302,2,3875,2065680,10,10,10,10,10,10,10,10,80
KO36M041X,LG葉桜内號MM,NLB84DYBF,下松系拉麺同好会,1388,10,3876,2064800,10,10,10,10,10,10,10,5,75
V45V2FEAW,かんかん,75UJ5RB97,蓮ノ空雪野球部,402,2,3877,2064600,7,8,6,3,5,3,4,3,39
M3A0NUXH9,るく,FC8NBAJBT,ラー麺二郎金沢店,1206,9,3878,2064160,9,9,5,7,9,6,10,3,58
FB2UK012N,3rdeye,CTW8DKV5P,まったり,1436,11,3879,2063780,10,10,9,7,9,7,2,2,56
611L8CKNB,みとみと,VP0K6KF0K,蓮ノ空大好き!!,1492,18,3880,2063600,10,10,10,10,10,10,10,10,80
0RGZTSV31,未確認コンビーフ,CXG25026E,泥のみんなS,1402,15,3881,2063400,10,10,10,9,8,9,10,7,73
EPV65RRPX,ショウ,75UJ5RB97,蓮ノ空雪野球部,1150,15,3881,2063400,6,9,6,10,5,6,8,5,55
R3H6DRR25,ふづき,9E910GGD2,蓮ノ空給湯室,1088,10,3883,2063000,8,8,8,9,9,7,9,6,64
GWRG89GTL,みむ,NL1MPRG05,とりあえず,968,4,3884,2062800,10,10,8,10,10,10,8,5,71
W8BESQFZV,おとなし,K2L5DCVNR,REAL,1167,10,3885,2062700,8,8,8,8,10,7,10,2,61
I8CFP6VS6,ぁぉぃ,XR2P2LDY3,蓮ノ空さいきょー,1300,16,3886,2061100,10,10,10,10,10,10,10,10,80
ENNG3E699,アルマテンダー,GVT61ATX0,なのだけれど,1391,17,3887,2060830,10,10,10,10,10,10,10,10,80
7UW4WUV8W,ゆうき,A8BJ5V3ET,はすのそら,1012,4,3888,2060360,9,10,10,4,9,1,2,3,48
V1G7A7NAB,らんらん,J5CKL5YPX,ログイン勢かもん,1242,4,3889,2059300,8,8,6,7,6,7,9,2,53
230J536RJ,Aily,CRYB2FJ64,つくよみくらぶ,747,2,3890,2059000,9,4,3,7,4,1,1,2,31
HL7EDD94G,めるほあ,DC8VP5MAB,蓮ノ妹子,590,0,3891,2058600,8,7,6,8,7,7,7,2,52
0R3LEX68G,小泉,NDTPN879N,ライバーズハイ,1143,2,3892,2058300,5,7,8,5,5,4,3,1,38
E9WPDBUM8,슈실,W26TRPM1R,めぐ党藤島派,1373,19,3893,2058000,7,7,4,7,9,5,10,3,52
63JL9XU5J,tropical,2KJ2UEC3P,ういちゅけクラブ,1366,11,3894,2057600,10,10,10,10,10,10,10,10,80
KPJ9UNUNS,キマケル,UYCT3Y4JK,蓮っ子,1329,10,3895,2057050,8,8,7,10,8,8,9,2,60
KX1YMBDAX,えぽすけ,C0NDBKMRB,すりぃずぶぅ家,1351,15,3896,2056200,10,10,10,10,10,10,10,8,78
UMGJUHW64,幸 冷菓,8DY1N1Y50,まにまに,1071,9,3897,2055800,8,9,8,7,6,6,8,2,54
9LMB4FHT6,優谷優,6DWJ8JMJH,ばっどさーくる,1023,6,3898,2055350,8,9,10,7,7,10,8,6,65
ARD67K6CM,なまもの,YD2XWWFA4,蓮好き好きクラブ,1295,12,3899,2054800,10,10,5,10,10,8,10,10,73
ZLTOVILYJ,ユキ,L1VGJTD5P,蓮ノ空お茶会部,1112,6,3900,2054200,8,9,5,8,7,8,8,4,57
HXF8FVBR2,ささみ,YDYH4VRRP,レンクウ,1104,3,3901,2053700,5,5,4,4,3,1,7,3,32
EBDXVEW0W,HIRO,YADX9DY49,ﾊｽﾉｿﾗｰ,946,2,3902,2052100,10,5,5,3,3,2,1,2,31
T7N37WNKU,STy,BELCUYCMH,蓮hkg香港分部,953,6,3903,2049550,8,10,10,7,6,4,4,2,51
2Y0DBCTHC,さっくん,18YYNRFGA,LotusSky,564,2,3904,2049200,8,4,7,7,2,5,1,3,37
VOS1JQ8PQ,Mikano,KGDNX3EF3,ENcircle,1240,5,3905,2048150,9,9,9,7,9,6,8,6,63
838L2DUK0,肋骨番,AG9PKMMC3,ぱかぱか同好会,1403,2,3906,2047650,9,8,8,8,8,9,9,7,66
MSJL9N07K,れいぶ,KJVD138JU,イベント用,973,6,3907,2047000,10,10,10,10,9,4,10,3,66
VAMOR4S1E,齋藤,4FXPC55PY,PPIHクラブ,1437,19,3908,2046600,9,10,9,8,9,8,10,8,71
TRC308L13,讖釁鬱,BXJ6WV4TB,中国club,918,11,3909,2045250,8,10,8,7,8,7,10,2,60
RPDYPDXXE,でんぎつね,3HDDYR4FU,旅人,896,0,3910,2044850,9,9,8,10,7,8,9,2,62
YYLIYMB4K,あーるっぴ,MVMP6NNXD,空き時間らくがき,1045,12,3911,2044600,9,7,7,6,8,6,7,2,52
RRH2R97HH,コウ,P01RCC6L2,まったーり,1070,13,3912,2044100,10,9,8,9,8,8,9,4,65
29X23DFF9,migse,A3X92L6YU,お試し用サークル,416,2,3913,2044050,7,8,6,6,5,4,3,3,42
29J1HFW81,アレグ,5L9GNT78V,叶え！私達の◯◯,1217,13,3913,2044050,9,8,7,8,9,6,7,4,58
TWA6T5WW3,本巣叶羽,2K5AM4RV0,とろぺりです,718,3,3915,2043640,8,4,5,4,5,5,5,2,38
KAPHWULX8,トワナッツ,Y2HV0YEF7,蓮ノ空を応援し隊,1251,19,3916,2042500,8,10,10,10,8,9,10,6,71
TQ8WAGFP4,まんだ,KFC62L0FV,ねるねる同好会,1607,9,3917,2042120,8,6,6,10,8,6,8,6,58
GYDNPMHEN,ねる,948FLPMPN,まったりハス煮〜,1060,8,3918,2041600,5,10,7,6,6,4,5,4,47
SKN67I1NN,在床上睡覺,FH7G62PKW,月火水木金土日,1556,12,3919,2041400,10,10,10,10,10,10,10,10,80
65WP833YT,まーぐ,06DCWC1RE,とりあえず参戦用,1239,1,3920,2040950,8,8,7,8,7,8,9,1,56
8PT36V7BP,アシッド,5W8RPRVUA,ド！ド！泥！,1367,11,3921,2040600,10,10,9,10,9,9,10,3,70
XDLCMV6KN,伊達真,J7N4W6Y1K,こずミックラブ♡,1156,13,3922,2040400,7,7,6,7,4,5,8,2,46
ZM3MG4DLU,ヨッシー,422KR6BPC,推しを愛する者達,1113,13,3923,2040250,10,10,6,10,9,9,10,2,66
Z6MKBXGRD,むーさん,422KR6BPC,推しを愛する者達,1158,19,3924,2040050,9,9,8,8,6,8,6,2,56
YKN6MC3H4,crow,573J1JVVK,かほかほ,1138,10,3925,2039900,8,5,4,5,6,5,7,3,43
7RBKF4QTD,fatzhi,PUJ0ERCMW,蓮ノ空倶楽部,1185,3,3925,2039900,8,8,8,7,6,7,9,4,57
VCENU4GBZ,ショーマ,UMG1B9C7V,蓮ノ空女学院,1260,6,3927,2039250,8,8,9,9,7,8,9,2,60
TR3G3WTAB,Omogu,BWD9U1EJ2,蓮之空中国同好会,1230,19,3928,2038650,8,10,10,10,7,1,10,2,58
WRVEVRRSP,nissy,J0N1E3Y09,月火水木金土日,1219,3,3929,2038150,7,9,6,7,7,5,7,2,50
5P07845LT,しんのすけ,AE3L01V24,LOVE蓮ノ空,1126,4,3930,2037500,8,9,7,7,7,7,9,2,56
P8YBHFTLP,かんきゅー,PFD9KHMCE,個人用,1079,3,3931,2037180,8,6,4,5,7,5,10,2,47
NTY2YF2QK,みかぽん,4WWM4VVDK,蓮ノ空遊戯開発部,1503,9,3932,2036000,10,10,10,10,10,10,10,10,80
0R8HRZKZ0,くろと,6D49YVAT7,ユニット愛で隊,1360,15,3933,2035900,8,8,7,8,8,8,7,2,56
CVCVHFVF2,あかまる,KM0NDXXR6,も,1007,3,3934,2035450,7,8,6,7,10,6,10,4,58
J9LEM6N17,h,GW4CH70HK,TKG同好会,1169,16,3935,2034950,9,10,9,10,10,8,10,7,73
N7UUJDZ9T,えいち,YAD615PCK,蓮を咲かせる泥達,1062,11,3936,2033450,9,8,8,8,6,7,8,2,56
5HG6RMM1K,ちゃうさ,1D7T2UXC2,無言でのんびり,1154,2,3937,2032800,8,8,7,8,7,7,8,3,56
97C5X9TY1,echo,MVMP6NNXD,空き時間らくがき,1407,6,3938,2032650,9,9,9,8,8,8,10,3,64
PMJ9ZD08Y,銀モン,VN1LXEHLR,綴理、愛,1056,7,3939,2032600,8,10,7,8,6,6,7,5,57
2PUUKBKH3,시아しあ,333AUNMN7,乙宗家,1042,11,3940,2031700,9,10,6,9,7,8,2,2,53
XUMXWY6XW,ろんろん,KBJ2P8T0Y,人見知りの集い,738,4,3941,2031550,9,9,10,8,7,6,7,5,61
U27N10HBM,とうかい,TBX7N9RK5,つよつよなLH,1024,1,3942,2031150,5,8,5,7,7,7,9,2,50
KB6M78EEH,syun,T8HGV9C7U,ソロ,551,0,3943,2029600,10,10,10,10,8,10,10,9,77
EOS4BD9ES,しんしゃー,J79LGCKKF,蓮ノ空コーラス部,1303,2,3943,2029600,8,10,7,8,6,7,10,3,59
5LKFWHUXA,Striker,A3472CNJE,ハントン✿ライス,1369,4,3945,2028800,10,10,10,10,10,10,10,10,80
URJE71AE8,もよ,4XRHRYDW4,無言でエンジョイ,1250,4,3946,2028600,10,10,7,8,8,7,9,2,61
OQTLVC6VM,この豚野郎！,9DKR4Y2CJ,蓮ノ空老人会,1368,19,3947,2028400,9,10,9,10,8,7,10,6,69
UVP49MJTJ,トワ,PLBBEX019,待機室目指し隊,1155,9,3948,2028350,10,10,7,10,10,7,8,6,68
0JVN6CV56,スノマリ,M206VENTF,蓮紺の会,971,2,3949,2028200,9,8,7,9,7,4,7,3,54
1AKEK3TLD,yanagi,UMG1B9C7V,蓮ノ空女学院,1101,2,3950,2026000,10,10,8,9,9,7,9,4,66
W57NVLWY6,ノイマ,F8MLHU2NV,乙宗梢様､､､,1184,5,3951,2025780,7,8,6,6,8,7,10,6,58
ZNA8Y9N2I,ふぁきあ,N8L41JAA7,無言 ノルマなし,1304,3,3952,2025000,10,10,10,7,10,7,10,6,70
4R4PBN8DA,りゆ,8VGXWTV3U,R.opRizm,714,2,3953,2024750,8,9,10,10,7,7,6,6,63
YB7D1JBKI,ルーシー,PHEKJB75C,乙宗四季恋愛㌠,1350,6,3954,2024600,10,10,9,9,9,9,10,7,73
88AG8RNVY,水無月,EE4BKR0AR,まったりプレイ,1257,14,3955,2024500,10,7,8,10,7,7,8,3,60
JFW83PC7X,ちょりすけ,Y6JNPC60C,綴理メイト,1489,9,3956,2023350,10,10,10,10,10,10,10,10,80
COE1XV2SR,ばや,578YG6EAT,桜桃花束愛聴会,1174,2,3957,2022900,9,10,6,7,5,7,9,3,56
R5JDVB84H,人参丸,GVT61ATX0,なのだけれど,950,0,3958,2021700,8,1,5,1,2,1,2,2,22
TYPCFLHCH,MAL,60KU468X3,はっすーず,840,4,3959,2021450,5,6,6,8,8,9,2,2,46
EPC4MBL27,紫,FHN78V2DJ,無言でどうぞ,1038,5,3960,2021000,8,7,8,10,8,7,10,2,60
NS285TF1R,SuE,Y3805A0YC,まるまるさーくる,1301,7,3960,2021000,9,9,7,8,7,6,10,6,62
KRVGKRBL1,シロン,DALU6BL7L,東方星蓮船,965,6,3962,2020500,6,10,7,7,6,5,8,3,52
HUDFM9WAO,夜天,KC1W74B9B,蓮六園,1177,5,3963,2020200,9,10,7,10,7,7,7,4,61
E60YJ59TP,ロレ,VW65MCVF8,スリスリーズ,1723,13,3964,2020150,10,10,10,10,9,8,8,8,73
YVX2HMVVO,ふえふえ,F2M746D4B,頑張らないクラブ,1030,7,3965,2019900,8,6,7,10,4,3,5,2,45
M22X6LCXW,あき,CE30LX9L0,nobaman,1067,0,3966,2019750,9,7,6,5,8,5,6,3,49
P5YU8ONYI,テノベーザ,AND13836G,乙宗梢親衛隊,1291,11,3967,2019150,9,9,7,8,7,6,9,3,58
2G8NVPJAT,ぶっちー,GVT61ATX0,なのだけれど,919,2,3968,2019100,10,8,8,10,10,4,8,2,60
PWE31G4N1,霜月,BKUHCT7WF,蓮女お嬢様部,1223,15,3969,2018900,8,10,10,10,8,10,10,10,76
U1CP97K3A,TK44,1D7T2UXC2,無言でのんびり,1289,1,3970,2018550,10,10,10,10,10,10,10,10,80
SCQONGVAU,balon,18YYNRFGA,LotusSky,539,2,3971,2018450,6,8,10,8,4,10,2,2,50
BL1THY7CK,れふと,NA8FEYN0M,蓮ノ空飲酒クラブ,1145,18,3972,2017200,9,9,9,9,7,8,9,3,63
XFLC8K99W,@cﾒ*◉_◉ﾘ,GPKTRBCTT,騎空団蓮ノ空支部,1232,19,3973,2016850,8,9,8,9,10,8,9,3,64
YCC6WN5PA,さいく,NA8FEYN0M,蓮ノ空飲酒クラブ,707,2,3974,2016660,10,8,10,10,7,6,4,3,58
1KCG500P9,久遠なな,U0N57LDY5,くさ・みずタイプ,1094,13,3975,2015200,10,10,10,10,10,10,10,10,80
UIBETYYLN,だざいおさむらい,CT8XW752X,蓮ノ空写真部,1143,15,3975,2015200,7,7,7,6,7,7,10,4,55
J5H3T6VX8,ヨーダ,2ULM366U6,毎日がエブリデイ,1404,14,3977,2015000,10,10,10,10,10,10,10,10,80
WU9TUA3NY,紅淵,AH27N260E,百生信託銀行,1076,7,3978,2014380,6,9,7,6,7,5,9,3,52
EXJ5F3VAP,ゆいさ,TTDBXERCU,蓮ノ空 全力応援,1177,14,3979,2014250,6,7,7,5,6,6,8,2,47
U1M7HX4P3,SKY,LEHXHMR8N,みらぱ全力待機部,1266,13,3980,2013900,7,8,10,10,9,9,10,8,71
7XH0EA57B,銀河mk2,PT1LVG3UG,華鳥風月,1387,6,3981,2013700,10,10,10,10,10,10,10,10,80
IVN9BKME2,スサノオブシドー,0B8RTHY4D,のんびり屋さん,1289,15,3982,2012950,10,10,10,10,10,10,10,10,80
FOPDC9TP7,らる,KG8TFDM19,山側環状線,1446,10,3983,2012750,8,8,4,5,4,5,8,3,45
94XG6TH2K,CAN:D,J5CKL5YPX,ログイン勢かもん,727,0,3984,2012550,10,9,10,10,7,4,5,2,57
YUUGQ6S6D,わかめとうふ,W3YKKRWHG,ルリと愉快な一家,1156,4,3985,2012200,7,8,8,8,7,7,9,2,56
7LZR2T26G,ぬまんちゅ,ABU58EVJ2,Quatuor,1174,3,3986,2012100,8,8,7,8,7,7,9,8,62
C98FXCD6Y,なし,H0DV3JJGA,かほさやてぇてぇ,1125,7,3987,2011720,7,10,8,10,7,10,10,7,69
UKDFC1EBH,ヒデキ,30W3RA65G,蓮ノ空自由クラブ,1202,0,3988,2010450,10,10,7,9,8,8,9,4,65
ZBECZKMZB,ハラ,R1RM3X0WV,後方腕組みオタク,1221,0,3989,2009600,7,9,6,6,4,5,8,2,47
LT7NY0DLR,ひぃす,BKUHCT7WF,蓮女お嬢様部,1372,15,3990,2009200,9,9,9,10,8,8,10,6,69
E5EDAWQS6,よーなな,6045Y2RW7,ポチっと！蓮ノ空,1337,13,3991,2009060,6,10,10,10,10,7,10,7,70
TMBPU7FJU,ナギ,PF9Y722AR,うぐぇ,1203,6,3992,2008600,4,6,7,9,6,6,9,2,49
J1HUWQBLB,しょう犬,3LUL3WR8Y,零組,1451,20,3993,2008400,10,10,10,10,10,10,10,10,80
TEF8ARDKV,麦茶,UYCT3Y4JK,蓮っ子,1124,3,3994,2007950,8,8,7,8,8,7,10,6,62
A9N4UAFKW,NOS,WFPA7YJE1,蓮ノ空文芸部,1135,2,3995,2007540,8,8,6,6,7,7,10,5,57
E3V660HX0,なお,2AUM7L9BW,蓮初心者クラブ,1009,8,3996,2007500,7,8,8,6,6,7,8,6,56
32HP3YOSU,志念,XJHATLDVB,さやかほ観測所,1382,6,3997,2007150,9,10,9,9,7,8,8,6,66
NGG2WPE92,虎徹,NGMU0511T,無言のお茶会,999,13,3998,2005950,6,7,9,10,6,9,4,4,55
HRR34B2P4,RAON,573J1JVVK,かほかほ,1296,19,3999,2005850,10,10,10,10,10,10,10,10,80
7HXJMYPMC,翔太朗,0R8BXPRC1,ポチっ！とクラブ,831,2,4000,2005640,9,9,10,10,10,8,10,6,72
RD5277HR8,なぴ,K25DPPGT9,圧倒的にまったり,989,5,4001,2005300,10,8,10,9,6,4,10,2,59
Y1FHDFAP2,バター,1YLFFXC1E,安土桃山時代,1077,3,4002,2005150,9,8,6,8,8,7,6,3,55
A6L18JGCG,Lynx,0CEA9XFKR,蓮ノ空の泥人会,1225,3,4003,2004450,9,9,6,7,7,7,7,2,54
NI4WARYQR,牛タン治郎,FNHT9JFY4,リンクラ楽しむ隊,1280,1,4004,2003950,10,10,10,10,7,7,9,3,66
ABC8GFVVJ,じゃが,K7LC46V5M,Link！ラ部,1301,19,4005,2003900,10,10,10,10,10,10,10,10,80
I38XTO92W,タツ,7NJM1VURM,らんるん部。,1177,13,4006,2003400,10,10,10,10,10,10,10,10,80
ACX7610VH,へき,YVV9CMBLW,東京公演で沼落ち,1253,3,4007,2003360,6,8,6,7,7,7,9,2,52
5E1U5Z7GL,飛行機雲,BT22M41DV,梢花帆吟子同好会,1552,17,4008,2003100,10,10,10,10,10,10,10,10,80
RLCCD6MMU,ジョバ,R1RM3X0WV,後方腕組みオタク,1062,0,4009,2002100,7,8,6,7,5,7,7,2,49
QHJPVEPC4,やきそーば,J62DRC7J5,蓮ノ空好き好き会,1256,10,4009,2002100,9,8,8,10,10,8,10,7,70
78RRJULVG,かな,1DU9LCND7,蓮ノ空すこやか部,1241,4,4011,2002050,9,8,5,7,7,5,9,2,52
MNIGJHOVT,ふじ,LHXNEF3D5,まるまるサークル,1331,7,4012,2001900,10,10,10,8,8,8,7,5,66
CGWOHULSZ,ばたーらーど,NN4U6NV2W,蓮ノ空好き好き〜,1603,3,4013,2001800,10,10,10,10,10,10,10,10,80
SD51X4UWF,ハラヘリズム,GN1798YEX,ド!ド!同好会,1260,15,4014,2001080,9,10,5,7,7,7,9,2,56
01CXA93FD,ゼロ,N7GLY2RUW,百生銀行,1074,2,4015,2000850,7,9,9,8,9,7,9,2,60
1ACH4367H,YALAN,RXXUPMWB9,待機室跡地観測所,1234,15,4015,2000850,10,9,10,10,10,10,9,9,77
JSZQ6MZK7,こーくす,HWMV33W7Y,フラワー泥民館,1349,12,4017,2000300,10,10,10,10,9,10,10,9,78
NAB5UVXVY,ぽさか,L1VGJTD5P,蓮ノ空お茶会部,1504,18,4018,2000150,10,10,10,10,10,10,10,10,80
VXV8E51NX,ゆう,976BY5JWK,ハルカカナタ,1140,9,4019,2000050,8,6,8,9,7,8,8,2,56
U31GD64E5,kaoru,HA6MUTC30,自由なのだけれど,1181,3,4020,1999600,8,8,7,8,7,7,9,6,60
FECOD3SNX,ぎんこ,GN1798YEX,ド!ド!同好会,1112,9,4021,1999550,8,9,7,8,8,4,9,3,56
5BPXB95TA,緋彩,6WJW7R1TD,さやこずノ休日,913,2,4022,1999100,9,10,8,8,7,5,6,3,56
XJSQA264N,Akky,W26TRPM1R,めぐ党藤島派,1492,9,4022,1999100,10,10,10,10,10,10,10,10,80
0X7A2L5J7,griker,A3472CNJE,ハントン✿ライス,691,0,4024,1998950,10,8,7,7,9,5,10,3,59
8R7R9NWV3,ユミル,07JW71HWG,良いチケで観よう,356,0,4025,1998900,10,10,10,10,10,10,10,10,80
V4HX7YGTL,red,JDHWPLJ32,くぁwせdrf,945,4,4026,1998550,10,9,9,8,7,9,8,2,62
C8VCIEGNR,まるまった,37N3TNTVB,推しを布教する処,1235,5,4027,1998040,10,10,9,8,8,7,9,2,63
T3H5ANFY2,くもすずめ,0PFGRW8W0,ごはん処,973,8,4028,1997600,7,7,9,10,7,7,6,5,58
H5NL9RHWC,よっしー,U1X8XUL9G,イベント用？,1249,11,4029,1997550,8,8,5,10,4,5,7,3,50
GPTP4PHME,モノノフ,GR65FP8VN,蓮好き,836,0,4030,1997280,9,7,8,2,3,1,2,3,35
NY4CWPFGZ,ユノ,2K5AM4RV0,とろぺりです,1240,4,4031,1996550,10,10,8,10,10,8,10,5,71
5PWF38X87,背番号33,PPAHU1TNY,蓮ノ空のんびり部,1072,8,4032,1995950,9,9,7,8,7,7,9,2,58
G268UV054,あずさ,0CBM28JP6,ほうき星,702,2,4033,1995500,8,8,6,6,7,5,7,3,50
P7GA6F3UT,通行人z,MG1G6F487,蓮ノ空無微課金部,1251,4,4034,1995450,10,10,8,7,8,9,10,2,64
92H25B0SA,れい,C2XLWUTL1,夕霧綴理親衛隊,1351,6,4035,1995350,5,10,10,10,8,7,10,4,64
YCW908DDE,おによろ,UK30B7DG2,ずらまる卯どん。,1057,0,4036,1995250,10,10,9,10,8,7,10,7,71
E9C6MTNNV,みけねこ,48BTAPMBG,蓮ノ空魔術部,942,1,4037,1994350,8,8,7,7,7,6,9,2,54
0F7MEF8A4,Yosuke,HK0E91U71,放課後写真部,1409,15,4038,1993350,10,10,9,10,9,9,10,9,76
F4GM7DBEB,usan,MG3X118W7,大室家,928,6,4039,1993100,8,8,5,6,7,7,6,3,50
AHFOC54DV,名無しの女学院生,79C17CHA2,蓮ノ空出張部,1201,0,4040,1993000,9,9,8,9,8,8,10,5,66
IFUPYKR0L,くまのすけ,KBJ2P8T0Y,人見知りの集い,1257,14,4041,1992800,8,8,7,9,7,8,9,2,58
AUOWAP5AK,いお,998H940YN,お嬢様筋トレ部,1031,12,4041,1992800,4,6,4,7,4,1,4,3,33
L1A0V6WAV,nico,F2M746D4B,頑張らないクラブ,1058,2,4043,1992450,7,6,6,7,7,6,7,2,48
6JMTNLEY8,めんど,1D7T2UXC2,無言でのんびり,949,3,4044,1990250,7,7,6,8,6,9,7,2,52
JD1A62UOF,Capri,351WGFU96,紅茶党,1459,1,4045,1990100,10,10,9,10,10,10,10,10,79
5EDNLYPWA,kwanl,976BY5JWK,ハルカカナタ,872,2,4046,1989700,8,8,7,9,6,6,7,2,53
VFE7VY9BI,すねお,578YG6EAT,桜桃花束愛聴会,1191,3,4047,1989600,9,9,7,7,4,7,8,3,54
UB9BP692L,ゆったん,GPKTRBCTT,騎空団蓮ノ空支部,639,0,4048,1989450,10,10,10,10,10,10,8,4,72
BKTBD2KHM,ななまる,ABU58EVJ2,Quatuor,1073,9,4049,1989050,10,10,10,8,8,8,10,7,71
0TNGLPKNB,つづるり大明神,ABU58EVJ2,Quatuor,980,5,4050,1988900,9,10,7,5,7,7,8,2,55
AFU3E8WFL,ゴリラザグレート,48GTYR1VB,ハラショー！,1032,6,4051,1988750,8,7,8,8,7,7,10,3,58
BY6JEY5PB,侑,GW4CH70HK,TKG同好会,933,0,4052,1988200,10,10,7,7,6,6,5,2,53
I1U3V478O,いるか,1BME38BCD,さすさやクラブ,1239,8,4053,1988150,8,8,7,7,8,7,8,7,60
0RVW2NW6W,ひめめぐ党,7MPNTWKTN,Dreamers,877,2,4054,1987700,10,10,10,7,7,4,7,5,60
QBC5BTLB9,ヘリオ,3A63DYH54,LLすこすこ部,1141,14,4054,1987700,9,8,7,9,7,5,6,2,53
MHUB8095B,どらろー,25PMPEMG7,星見プロ,1507,15,4056,1987400,9,9,8,8,8,6,7,6,61
TND2D8DWJ,極楽浄土,GVT61ATX0,なのだけれど,1293,17,4057,1983800,10,9,10,5,6,9,7,5,61
KLUX6726R,Ted,FH7G62PKW,月火水木金土日,1373,11,4058,1982400,10,10,9,6,7,6,9,6,63
W7R60V6FV,きりりん,KGY709ULG,蓮の花束,1016,2,4059,1982300,7,7,5,8,7,7,9,3,53
ISOZCDLJQ,小泉栞子,RBH0YM8P2,蓮ノ空ラーメン部,1501,15,4060,1982100,10,10,10,10,10,10,10,10,80
O82RPAUC8,かまぼこ,RF5215M2U,スクステ同好会②,1465,12,4061,1981650,10,10,9,10,7,9,10,2,67
65BU88J9Y,とうふ,HMBW9DXY2,蓮好き皆あつまれ,1230,6,4062,1981320,10,10,9,9,9,8,10,8,73
GYH12P5KV,lain,0MVC7W2PD,WIRED,1300,15,4063,1981250,8,10,8,8,8,8,10,4,64
B5BL0N7J6,ガブ,FH7G62PKW,月火水木金土日,1191,6,4064,1980940,8,10,7,8,7,8,9,4,61
68XB2P192,置手紙京子,BWD9U1EJ2,蓮之空中国同好会,1067,8,4065,1980700,8,7,5,6,6,5,8,2,47
UHL2YXLC2,あお,3HDDYR4FU,旅人,718,1,4066,1980180,5,7,6,7,3,1,5,2,36
L4A9PRZC5,ほたるん,H0DV3JJGA,かほさやてぇてぇ,1747,19,4067,1980050,10,10,10,10,10,10,10,10,80
VUDJLX0U7,コウ,8M2MFU9U0,リンクライブ,1305,7,4068,1979250,8,8,9,7,8,8,10,5,63
VH67XLPPG,Weegedor,JDHWPLJ32,くぁwせdrf,871,4,4068,1979250,8,10,10,10,8,7,8,4,65
99GK7VQNP,そのひぐらし,LUDNM40F8,ふくふく無言OK,1463,13,4070,1978500,10,9,9,10,8,8,9,3,66
16EL0H18C,霞,7NJM1VURM,らんるん部。,987,8,4070,1978500,10,10,10,10,3,8,7,2,60
B80AGPJGM,Katokato,AAHB7C276,HaCordVN,1155,17,4072,1977650,9,4,10,7,10,7,8,3,58
6X9TP78GJ,絵里ぴよ,26JDLMBLN,徒町は強く生きる,537,0,4073,1977550,10,10,10,10,10,7,6,5,68
FXJVPAJ8K,ペンギン,4XRHRYDW4,無言でエンジョイ,1224,2,4074,1977450,10,9,8,9,9,8,10,4,67
W6HDN3PHW,綿,A7WWE0463,蓮ノ空初心者部,993,3,4075,1977200,9,9,7,9,8,5,7,2,56
ZJ8GJYKPY,エニィ三角,8M2MFU9U0,リンクライブ,831,0,4076,1976900,8,7,7,5,4,2,4,3,40
UDKA7K659,バチバチカチ町,AGJ215YND,蓮の空中國分校,1113,2,4077,1976760,8,9,5,9,7,7,8,2,55
943CL8HVK,おほーつく,4FXPC55PY,PPIHクラブ,991,1,4078,1976550,9,9,8,9,8,7,9,3,62
RT368S6CZ,やべっち,2VJG66JTH,まったり,1278,13,4079,1976150,9,10,7,8,9,8,10,2,63
4BBU9CAED,さいか,NDGW77R2V,こず花帆尊い,1005,5,4080,1976000,7,7,6,8,7,7,7,2,51
PYN9U63LV,ヤドン柳田,7NFK6A4AN,だらけ屋本舗,1269,19,4081,1975650,10,10,7,9,7,8,10,2,63
TC2B70LBE,カチカチカチ町,AGJ215YND,蓮の空中國分校,938,0,4082,1975620,7,8,8,7,7,7,8,2,54
FDPLXY4SI,な,H5EKCWG1W,な,1252,11,4083,1975550,8,8,6,9,7,7,8,2,55
7JG18M0Q2,わお,NK05UMLWW,かけ込み寺クラブ,1047,5,4084,1975400,7,7,7,5,6,2,1,2,37
RTNUPDJUN,ふく,R2PFWX8WK,チョコパン,1061,6,4084,1975400,9,9,8,9,8,7,9,5,64
9MK0D5YBT,蝗,NA8FEYN0M,蓮ノ空飲酒クラブ,1099,17,4086,1974600,10,10,9,8,8,7,9,6,67
P9P8RWLV7,hychow,N8L41JAA7,無言 ノルマなし,1293,10,4087,1974100,10,10,9,8,8,6,10,2,63
BFERXX3NE,幸せのリボン,YFADYJVW4,FPS好きクラブ,1333,14,4088,1973750,10,10,8,7,8,9,7,3,62
FSHJVHIEX,ぽむ,4RY75CKM4,LLすこ部　メ募,1345,4,4089,1972950,9,9,7,10,7,7,10,2,61
01U2Y0TAE,しんにゃん,407VAU0TT,ログボ勢の集い,870,2,4090,1972150,10,10,10,10,7,7,5,2,61
U7O6241ZM,わち,B5V2LNN43,WMW,1447,2,4091,1971850,10,10,10,10,10,10,10,10,80
HL1Y687Y8,綾鷹信者いっしー,ABU58EVJ2,Quatuor,1120,10,4092,1971750,10,10,10,10,10,10,10,10,80
VYJ7DV948,ささっと,PF22HULND,みゅーじあむ,627,0,4093,1971350,8,8,8,8,7,6,7,4,56
ICGMTO3UC,綾白 こづき,L28X4MDJN,アフター観たいぞ,1554,15,4094,1970700,10,10,10,10,10,10,10,6,76
E2U9KK2U4,えーいち,GBGFR3LVR,ココン東西南北,1079,2,4095,1970600,8,10,10,6,7,10,8,3,62
5PSM037LM,アルパカ,HMBW9DXY2,蓮好き皆あつまれ,1134,6,4096,1970450,7,8,7,8,7,6,8,2,53
A2ODEIZZW,ファミレスの玩具,Y6JNPC60C,綴理メイト,1524,9,4097,1970300,10,9,10,10,10,8,10,2,69
3XJ7C6INA,ユミル,7VRH415VM,リンクラ部,1218,8,4098,1969920,10,9,8,9,6,7,5,4,58
PJYEBRURT,しょーじ,CTW8DKV5P,まったり,1263,14,4099,1969250,10,10,10,10,10,10,10,10,80
GBEAVAB4E,らむにく,1D7T2UXC2,無言でのんびり,965,4,4100,1968650,7,10,10,7,7,7,8,8,64
66MXFK453,萎えトル,05KN1RR3U,さやかほ花卉園,861,6,4101,1968500,10,10,10,8,10,9,10,6,73
R3BD05JH3,リクマール,YDYH4VRRP,レンクウ,1052,6,4102,1968020,10,10,8,10,9,9,8,7,71
KKTHAMFR0,ドロジェ,G0WRCNRWK,県立沢庵図書館,1311,17,4103,1968000,10,10,9,9,9,8,10,2,67
TH7YK48A3,おちゃちゃ,DKE1C6BC0,ティーパーティー,647,0,4104,1967250,10,10,7,10,7,6,8,6,64
X0K6E9WBT,アイ,K2L5DCVNR,REAL,1109,9,4105,1967000,8,9,7,9,9,9,9,5,65
BXXA0VM18,きみ,PVWWDPBVG,スリーズショコラ,1314,16,4106,1966250,10,10,7,10,10,8,8,3,66
YAOADF7AG,ギンペン,Y6JNPC60C,綴理メイト,1062,4,4107,1966120,9,7,9,7,9,9,8,4,62
53NV0XJT8,しろ,3YWMY4JVN,82プロ,706,6,4108,1965740,8,8,8,10,6,4,2,4,50
P69DJ2TAW,MIKEMIKE,TFGKYEY98,LLP JR,727,2,4109,1965550,7,10,6,10,5,5,6,6,55
TYMDCA3UB,kkok,D1VR7E35U,ひとり,728,0,4110,1965400,10,10,10,10,10,10,10,10,80
7RA05XXU9,つとむ,VNGFF4PY9,ねずみね！,1092,13,4111,1965100,10,9,8,9,7,5,8,4,60
JRPYTNK27,あきおらいざー,HXVYGL96H,初々しい対抗戦,1013,0,4112,1964050,10,10,8,8,8,5,5,4,58
4Z814SKE6,light,WLFW6UCX5,無敵級ビリーバー,1366,13,4113,1963950,10,10,9,10,9,9,10,9,76
P0X0O9HT9,miyafu,JA2C658FW,さや綴理の村人,1212,5,4114,1963800,7,7,7,9,7,7,10,3,57
CXGK2BN4L,ステイシー,KULVP7FDR,アニマル分室,1283,15,4115,1963500,9,9,10,10,9,9,10,8,74
UMFT579PG,さやさや・・・,CX967RTGY,おんゆあさーくる,1439,19,4116,1963000,9,8,10,10,9,8,10,2,66
X2X6W4XDJ,SYU-YA,KXU941RFJ,梢先輩おめでとう,1402,0,4117,1962450,10,10,10,10,10,10,10,10,80
46TENF6Y6,MIZ,HBUK6F7CC,乙宗梢なりきり部,1497,4,4118,1962100,10,10,10,10,10,10,10,10,80
5MLTEF9KG,たかな,W3YKKRWHG,ルリと愉快な一家,732,2,4119,1962000,4,6,2,8,6,4,9,2,41
94JLM5EB9,Shin,0YLUK30K6,蓮っコの集い,1030,8,4120,1961350,9,9,8,9,8,5,8,3,59
IJE2PAYVU,びばんだむ,8ARWEB67F,蓮ノ空れぎゃ米部,1397,19,4121,1960750,7,8,4,6,5,6,9,3,48
EK0FG6TXC,てぃー,7J5JK1W1W,高根町,1096,17,4122,1959800,10,9,8,9,10,8,9,2,65
L12MNBJAH,なす,FC8NBAJBT,ラー麺二郎金沢店,1365,18,4123,1959710,6,6,10,2,6,10,7,3,50
IJ01XIN5A,みつき,J7N4W6Y1K,こずミックラブ♡,1350,6,4124,1959660,9,9,7,8,6,7,9,2,57
XB4MQS2W5,Ispahan,NC2YT2V28,蓮之愛同予者何人,1679,20,4125,1959500,10,10,10,10,10,10,10,10,80
R8UVFV9N0,リンゴマヨネーズ,UX96YX4T1,『位置について』,419,2,4126,1959300,5,7,6,6,5,2,2,3,36
2U2BNX6NE,ヒイロ,K7LC46V5M,Link！ラ部,491,0,4127,1958400,10,10,10,10,6,7,4,4,61
VF7TBZKCD,イジ娘,AND13836G,乙宗梢親衛隊,1350,15,4127,1958400,9,9,7,8,9,7,9,3,61
J4NZI8Y0P,Ｌｕｃｋｙ。Ｊ,PXPPLWXF0,ラッキーＫ,1090,3,4129,1958350,8,10,8,7,7,7,9,2,58
SGG4PK2OU,りあ,CXG25026E,泥のみんなS,1325,0,4130,1958150,10,9,9,8,8,7,10,6,67
ODWXELYOX,邑楽(おうら),4WWM4VVDK,蓮ノ空遊戯開発部,1561,15,4131,1957150,9,10,9,10,9,9,10,5,71
WLECCBYTE,ひゅー,WN3LHKX0L,レンコンおいしい,1255,20,4132,1955850,6,8,7,6,5,5,10,8,55
F31U16NLG,よしお,RY00836BW,ムキムキカボチャ,1002,6,4133,1955700,4,7,6,6,6,4,9,2,44
W41S109F6,TsengBW,J83JWJ028,大ㄇㄚˊ露營區,1390,19,4134,1955600,10,10,10,10,10,8,10,8,76
4J8BCCVDJ,ブラマト,573J1JVVK,かほかほ,1386,8,4135,1955250,10,10,8,10,9,9,10,7,73
XWC27ERTD,あんげ,HB9AU9DJJ,聖心党,1125,4,4136,1954550,6,9,9,6,6,7,7,2,52
JE02NYUXD,AkiraG,B900X5JYR,ソロプレイ,953,4,4137,1954400,10,9,9,10,9,8,9,9,73
CTNE14E9D,バーニィ,UXWL7V4CE,蓮ノ空女学院,1448,19,4138,1954150,9,10,9,10,10,10,10,9,77
AD11X32E2,ともちく,YNR28303K,りんくらぶ,1221,19,4139,1954000,7,8,7,7,5,5,10,5,54
VDALD8C2U,りゅーか,BEMED3RY1,無言無課金ok,734,2,4140,1952400,7,7,6,7,7,5,8,3,50
S38DG3TLF,tyou,TM19BMU7C,ソロプレイヤーズ,1365,15,4141,1952060,9,8,10,10,10,10,10,5,72
7FBJ50B3E,メリッサ,8MLVA67AK,聖ミリオン女学園,1130,0,4142,1950750,8,9,9,9,8,7,10,8,68
V39YW7DT7,GUNEXE,919XF8V2V,蓮之空大三腳,1148,19,4143,1949800,10,10,10,9,9,9,10,7,74
TVNVCR2FA,和歌,8FXXHE22A,蓮ノ空,1291,12,4144,1949750,10,10,10,10,10,10,10,10,80
2BSSQI1LZ,シャル,9AYD3XJ2D,ぺんぎん隊,1473,3,4145,1949250,10,10,9,10,9,9,10,2,69
KE0COKRLH,いっちゃん,M6UPWJ6DU,蓮結ぶ虹と星の音,1448,20,4146,1949020,10,10,10,10,10,10,10,10,80
25CDGIHNI,柳 麗羅,T045NDKW0,♬さやか愛好会♬,1091,5,4147,1948700,7,8,1,7,6,1,6,2,38
R1TRX1KBV,フェザーくん,CY3GGDH7H,㍿キモ・オタク,620,5,4148,1948400,9,10,6,8,9,5,3,3,53
1JEV15JF8,えおりん,AHE0E3JND,ありがと！にひっ,768,2,4149,1948300,7,3,7,7,2,6,6,2,40
BLGPGVJ14,板口,PR2BGEK5K,ありがとう大三角,1204,10,4150,1948000,10,10,10,10,10,10,10,10,80
7RTX9VDV9,ヤング,3194B9E93,初心者寄り合い所,1129,7,4151,1946800,10,10,10,10,10,7,10,6,73
1H1Q1K9Z2,sin,DF7FA982P,蓮ノ空百合部,1148,19,4152,1946100,10,10,6,10,10,10,10,6,72
6UD8SM4WC,むそう,C6V311T2P,LotuSky,1306,15,4153,1945600,8,10,8,10,9,7,10,4,66
BHD0B1K5M,ほ,2VJG66JTH,まったり,968,11,4154,1945500,10,10,5,10,10,10,10,5,70
AUJANDO8S,MMS銀行,JE7V5MM31,蓮ノ沼に沈んだ泥,1380,17,4155,1945400,8,7,10,7,6,10,8,2,58
V74QP6CHQ,watoson,L28X4MDJN,アフター観たいぞ,1354,16,4156,1945350,8,8,10,10,5,7,10,4,62
4TVHABGNC,Haru,PRY4573W6,報酬用,1064,4,4157,1944840,9,7,6,8,4,4,6,2,46
GL3WKV3PN,sake,865UE9UC6,蓮ノ空うどん部,893,3,4158,1944460,8,5,9,7,3,7,1,2,42
DR7HH3VRL,ゆきのはら,FLFXP0T22,沼津内浦メンバー,794,4,4159,1944100,7,6,7,5,5,3,7,2,42
764KKEH5V,K,X7C21B7H7,泥,1264,9,4160,1944000,7,10,10,10,10,7,8,5,67
RD200DHGJ,Baito,R9NGK6L48,のんびりサークル,795,0,4161,1943900,8,9,8,8,7,4,9,2,55
HD4W6928E,Plum,VP0K6KF0K,蓮ノ空大好き!!,1221,19,4161,1943900,9,7,8,9,8,2,9,3,55
KELAXQ9TF,みのゆ,CTW8DKV5P,まったり,1317,16,4163,1943650,9,9,7,10,9,9,10,7,70
R16J6JUJA,Wingzero,BK8AXMYGC,いってらっしゃい,1130,19,4164,1943600,9,8,6,8,10,6,8,5,60
3DA8ELIEA,玉さん,A9MA307FX,楽しいが一番,1671,20,4165,1942000,9,10,10,10,10,10,10,10,79
CC59NV31E,べー,X7C21B7H7,泥,1387,17,4166,1941950,10,8,7,10,7,6,9,2,59
8RDB2RWKT,ハヤサク,97BGFLKW9,◯◯◯,1258,5,4167,1941900,8,6,8,10,5,6,8,5,56
OBK9LNIYJ,ユキ,GW4CH70HK,TKG同好会,941,6,4168,1941650,2,4,4,9,3,3,7,2,34
LLFG2WXVK,MOTTI,C8WCYKBU4,蓮,1053,3,4168,1941650,10,10,10,10,8,6,10,4,68
2RCLJ86ED,おはぎ,DHKUGEWBJ,めぐ党虹ヶ咲支部,1298,2,4170,1941550,10,10,10,10,10,8,10,4,72
V1M3H0HXS,みかんぬ,JU476V6K9,ポチッ！,995,11,4171,1941450,2,4,1,6,3,8,4,3,31
23LY1KLNG,ふらっぐ,V26546K3D,乙宗気合筋肉,1287,3,4172,1940250,10,10,9,10,7,8,9,3,66
95UYXW8GL,黒曜,3C7N3PCKM,末代,626,4,4173,1940100,8,10,10,10,8,9,9,8,72
6R0UL4BC6,kino,FMKP92LRL,目が霞む人達,1088,3,4174,1939650,7,8,4,6,6,7,9,2,49
OWO5SQZTE,Terces,7R8NKPAB1,花帆推し倶楽部,1240,15,4175,1939500,8,9,7,8,8,8,10,7,65
MYP1BFM9U,むっく,NK17PY5LW,のんびり,1395,6,4176,1939250,5,10,8,7,9,8,10,7,64
54GN2KACX,show,7RCR509XR,とっり,857,4,4177,1937850,10,10,10,10,10,10,10,6,76
RJP8N7DBT,だる,P2J37FNLG,乙宗先生指導会,850,3,4178,1937400,8,10,7,10,9,6,9,6,65
K8B40K2E5,雪月花,38KAJGDGU,異次元シャニP,1107,16,4179,1937050,8,9,8,7,8,7,6,4,57
8FYYKT0TF,シンジ,NHA0WEU8N,テキトー,1099,4,4180,1935750,10,9,8,10,9,7,10,3,66
J5UUTCKXC,ぴんそん,5BBPP71B1,ぴんそん,1115,6,4181,1935650,9,8,10,9,8,8,9,8,69
E8NZFATG4,Takumi,80K5510JB,CoreSolo,1019,4,4182,1935000,8,7,5,7,5,4,7,3,46
LIIPSPLHA,Faizu,PDMPF3VVV,r/LL,1321,2,4183,1934350,10,10,8,9,7,7,10,5,66
A58D6TRJF,ドド,PDMPF3VVV,r/LL,1206,15,4184,1934200,8,9,4,10,7,7,4,2,51
E38GG76NH,とと丸,4XRHRYDW4,無言でエンジョイ,1255,0,4185,1933820,7,7,7,7,6,7,9,3,53
N6VKC2U4W,sin,1UBNNHVLG,蓮箱推し（仮）,1200,10,4186,1932750,9,10,7,7,5,5,9,2,54
L3HN1X8WQ,名無し,PPAHU1TNY,蓮ノ空のんびり部,1288,12,4187,1931750,10,10,9,10,10,7,9,2,67
NYCHU7MLA,raizin,A73H7ENN2,エロマンガ同好会,1264,19,4188,1931650,9,9,10,8,8,7,10,4,65
VPF0HHMHJ,TAT,VNEJ2RNW0,まったりんくら,971,3,4189,1931450,8,10,6,10,8,10,10,10,72
0S5MIUWHE,ルビー,HBK6KCRPP,無言でおけ,1232,6,4190,1930400,9,10,10,9,8,8,10,8,72
FLLY0T11C,ぺきんだっく,5W8RPRVUA,ド！ド！泥！,1331,19,4191,1930250,6,10,6,5,7,2,9,2,47
2DKP1R0BO,リョーマ,BEMED3RY1,無言無課金ok,1072,2,4192,1930150,8,8,6,9,7,7,10,3,58
3TT85FWF7,のぞは,WFPA7YJE1,蓮ノ空文芸部,1220,19,4192,1930150,10,10,10,10,10,10,10,10,80
XUSL5TPJH,それはそうブーム,N8L41JAA7,無言 ノルマなし,1621,19,4194,1929750,8,9,8,8,8,9,10,9,69
535BU0VDY,りゅうせい,7P4CAER9X,まったり倶楽部！,1174,19,4195,1927360,8,8,8,9,2,5,9,2,51
C0PDCB1U4,トマトマ,HH93ADAW3,無言自由。,1192,3,4196,1927050,8,10,9,6,8,5,9,3,58
KHIW242ZL,とうや,AND13836G,乙宗梢親衛隊,1096,1,4197,1927000,8,7,5,8,7,7,6,2,50
9BHFQCTWK,ぽちふ,Y2R7E79U3,カワウソ同好会,1178,7,4198,1926500,9,9,10,8,8,8,10,8,70
7MX20LKKB,めぐかんーIX,G0WRCNRWK,県立沢庵図書館,318,0,4199,1926220,4,8,10,2,6,5,10,3,48
WN14Z53Q7,さいせん,YD2XWWFA4,蓮好き好きクラブ,1380,9,4200,1925850,7,8,4,8,7,6,10,2,52
JDNP4MCYU,ナッツ,GJCKB88YE,P&S,1113,5,4201,1925250,4,7,3,10,9,7,7,3,50
41TU4VPVA,ひとひら,BBNEWB1UA,蓮ノ空紅茶部,891,2,4202,1924800,10,10,9,8,8,7,9,3,64
I12FV29D8,YNG,GR65FP8VN,蓮好き,1319,20,4203,1924750,8,7,7,9,7,7,9,3,57
762ZY9B09,たろう,JTX1G19BP,さやかほ癒し会,1267,3,4204,1923950,7,8,8,8,7,7,10,2,57
M1R2JXC7F,あんたつ,4FXPC55PY,PPIHクラブ,903,4,4205,1923500,10,10,10,10,9,6,8,5,68
XS6Z8S0Z3,かつみ,PU92U3FN4,一人用,1066,6,4206,1922550,9,8,8,10,6,8,10,3,62
X0RDBY7TQ,まーりん,HBM31HMUY,YUKIZURI,1357,6,4207,1922500,10,8,8,10,8,8,6,5,63
7WI4M2H8T,ケン,573J1JVVK,かほかほ,1256,14,4208,1922250,7,6,8,8,7,2,10,2,50
1H1UIP4RS,ちゃんぽけ,Y6JNPC60C,綴理メイト,1226,19,4209,1921750,7,7,7,9,6,9,10,2,57
EMG3MWRDK,Lio,9YTN0M5PV,月月火水木金金♪,1047,8,4210,1921660,9,9,4,8,7,7,10,2,56
3EEP8X0GC,楓紫@ミリオンP,8MLVA67AK,聖ミリオン女学園,1198,6,4211,1921250,9,7,9,9,7,7,7,5,60
47IXNA1JH,とっと,L1VGJTD5P,蓮ノ空お茶会部,1273,10,4212,1920250,7,8,5,6,7,6,9,5,53
VDDTJMWTU,みっしぃ,N94LEWF2D,無言よわよわの会,905,8,4213,1919760,10,10,10,9,8,9,6,5,67
ESUXJEN6S,たか,YD2XWWFA4,蓮好き好きクラブ,1431,6,4214,1919550,10,9,10,10,8,7,10,3,67
FK2MFRV4B,Arts,8FR866PRY,蓮っ子みらくラブ,1034,13,4215,1918950,7,9,7,7,10,5,7,3,55
4RL397PL4,BLUE DIA,TDHKGHFPA,無言参加○！,1088,2,4216,1918750,8,8,6,8,7,7,8,3,55
FD6HELHBA,zarala,TFGKYEY98,LLP JR,1080,12,4217,1918450,8,10,5,9,5,5,9,5,56
XZL6BN34G,ポン,J800VVPTN,Aqours,1429,19,4218,1918350,10,9,10,10,10,9,9,8,75
EJF3GBGG3,きのこ,60D1TTYTV,無言自由会,1234,15,4219,1918300,10,10,10,10,10,10,10,10,80
Z93FVK9SM,ひずみ,BCJRMHE75,梢すきすきクラブ,1520,19,4219,1918300,10,8,7,7,6,8,10,10,66
NR0NYU4FR,ゆう,N1JAJ83CA,蓮ノ空園芸部,1233,19,4221,1918250,7,7,7,8,8,5,10,2,54
WGXARLYX1,やすき,NJBBTCY3A,かにかに！,986,9,4222,1918000,9,10,9,10,6,6,9,2,61
0FJEW5DWV,鐘楼守,FH7G62PKW,月火水木金土日,1435,19,4223,1917500,10,10,10,10,10,10,10,10,80
WNE9H4629,ぼんた,23PGPJ3NV,蓮ビギナーの集い,982,1,4224,1917250,8,9,8,8,7,8,9,7,64
7H6Q3HRIZ,KUMA,MVMP6NNXD,空き時間らくがき,1189,10,4224,1917250,7,9,8,8,7,8,10,2,59
39FN90H9W,やが,9WJB6YPPN,温室花畑,1534,15,4226,1917100,10,9,10,10,10,8,10,3,70
SNRV55GP6,カカオ,TD87P23DJ,黄昏の旅団,809,4,4227,1916750,9,10,6,6,7,3,8,4,53
FXRAFHXEE,2262z,919XF8V2V,蓮之空大三腳,1195,3,4228,1916340,8,5,5,7,7,6,10,2,50
46NP4REUD,なみ,P69FXJWA0,ふらわー,993,3,4229,1916250,10,7,5,8,7,5,7,4,53
BXLW715LV,のっぽパン同好会,N2KCENRKH,猫＆旅大好き部,1283,9,4230,1915600,9,10,7,8,7,7,10,3,61
C6AX017NX,彩,B2KV0EVPD,蓮ちゅきクラブ,1244,19,4231,1915200,10,9,8,9,9,8,10,8,71
30K7M61T9,ひぽぽ,GVNKNN878,Aqours,979,7,4232,1914750,8,9,4,8,7,7,9,4,56
8XEWYC30M,きよまる,U98UKD6RY,異次元フェスP,1255,19,4233,1914440,10,10,10,9,9,9,10,9,76
LTNMS1B5M,あるふ燈翠,PPAHU1TNY,蓮ノ空のんびり部,1395,9,4234,1913750,6,8,6,5,5,4,7,5,46
WKGE7FPKF,クロックムッシュ,AXG81GPMP,蓮ノ空マタギ部,1017,13,4235,1912950,9,6,7,9,6,6,7,3,53
3DXBEN93X,葵,BT22M41DV,梢花帆吟子同好会,1230,3,4236,1912650,10,10,7,10,2,8,9,2,58
TKXFJWA6V,か,JCRNT9GKB,ハントンTKG,1031,8,4237,1912500,6,6,2,6,5,1,5,2,33
G84LMUK5K,korikori,XTMGPY62U,スクステ初心者,1061,7,4238,1912160,10,9,8,8,9,8,8,6,66
V6NAA5CT9,浩,Y6KN85L5P,孤独の村人,344,0,4239,1911950,9,9,9,7,6,7,9,4,60
PY7378DY4,ひさと333号,GR65FP8VN,蓮好き,1292,9,4240,1911900,9,9,7,9,10,7,10,7,68
EQM3V1S38,メッヘン,L1VGJTD5P,蓮ノ空お茶会部,1292,2,4241,1911350,9,9,8,9,9,5,10,2,61
3YJQX087V,nigiri,JRAC1HYUD,SPHS-MMT,1291,12,4242,1911300,8,9,8,8,7,7,9,2,58
9OXVSEHUK,Aorin,HBD61R6WC,梢先輩すきすき部,1181,6,4243,1911020,7,8,6,7,7,5,10,2,52
WGOPEUKC7,さかさ,HWJ8XPW0T,箱推しなのだけど,1274,3,4244,1911000,8,9,7,7,8,7,10,2,58
GAY2YJVV6,高原　純,9C0KWR782,まったリンクラ,1114,19,4245,1910750,10,10,10,10,10,10,10,10,80
EPVEBFY8K,式,E76N52LMW,イベントのみ,1101,6,4246,1910640,4,8,10,9,7,5,10,2,55
3UDP4V35N,花目,43HRXMXWA,無言OKクラブ,847,4,4247,1910260,10,10,10,9,10,10,10,9,78
BL1K4CDEU,水藍みかん,YFADYJVW4,FPS好きクラブ,1217,11,4248,1910000,4,7,4,5,6,4,5,2,37
26CXDK2PK,かほぴょこずにょ,RJJN0CH7G,為什么会笑不出来,933,4,4249,1909750,10,8,8,10,7,7,6,5,61
GXT60BF8F,まつたけ,TBX7N9RK5,つよつよなLH,1170,8,4250,1909250,9,8,6,9,9,7,10,5,63
W05AYP371,なっとう,FE282F3VH,天悶部,1278,10,4251,1908900,10,10,9,10,9,7,10,7,72
819Y0TK5J,ミレイ,TDHKGHFPA,無言参加○！,1076,14,4252,1908550,7,7,3,8,9,9,9,2,54
5GA1DDMN0,hikari,573J1JVVK,かほかほ,568,2,4253,1907750,9,10,4,10,4,1,1,2,41
KWUIT8VGS,祀才,7AATUNUPE,無言サークル,1313,18,4254,1907650,10,9,7,9,9,8,7,5,64
POCOZSQEA,ういのん,0CBM28JP6,ほうき星,1388,6,4255,1907600,10,10,8,10,5,5,4,10,62
L1PS0BO14,ダイ大将,CP3KWKH07,まったり社会人部,1336,16,4256,1907350,9,9,8,9,9,9,10,4,67
FT7V0M8BB,ベガ,GKR9TEBYC,毎日がホリデイ♪,1358,10,4257,1906750,10,10,9,10,8,8,10,8,73
TDR39U48H,あっとみぃ,DWBLV9V69,イベント参加用,859,0,4258,1906550,8,8,5,8,7,6,8,4,54
RWDXFA3T5,ギンカホ,7NJM1VURM,らんるん部。,572,0,4259,1905950,10,10,8,9,9,7,10,3,66
9HFVNLJMR,はたはた,7B0W0EWVA,ソロの為の避難所,1207,15,4260,1905800,7,10,9,10,9,6,10,7,68
QQSNTXEJ1,Takchan,K7LC46V5M,Link！ラ部,1509,5,4261,1905700,10,10,9,10,10,9,10,9,77
8LJ6RFHBD,はる、,MTBP3B4GM,ふらわーすきすき,1368,16,4262,1905500,10,8,8,10,7,8,10,8,69
FNN3G1LXV,Tax1,J0PT5EX42,スクスタモ部,341,2,4263,1905320,8,8,4,10,6,6,7,3,52
4P36WEMHV,すみむらニ,J80MEYHBC,Nymphaea,1214,17,4264,1905200,10,8,7,7,7,8,9,4,60
JUWW3J7AJ,わぉん,W3F0URUJC,梢先輩応援団,1344,1,4265,1904940,10,9,7,8,8,7,5,2,56
DNMTDP9YF,金井かな,X7C21B7H7,泥,467,2,4266,1904750,5,2,9,4,6,8,4,3,41
L3VF8O635,いるさん,VXF8P7NDC,どんぐり。,1299,10,4267,1904500,7,8,4,9,7,6,9,2,52
B7JLRUWWR,T1 桂城iZu,GR65FP8VN,蓮好き,507,1,4268,1904000,8,6,4,5,8,5,1,2,39
HY6WTHQBK,はこべら,0CBM28JP6,ほうき星,1061,2,4269,1903750,6,8,7,5,7,6,8,2,49
W8E443WTL,しょくしょう,4KRBU0KFF,ノーチャン会,1313,15,4269,1903750,10,9,8,8,8,8,6,8,65
8GBLTVNND,ガンジー,8M6UDX260,ぽけもん好き,972,1,4271,1903040,7,10,7,8,7,4,10,2,55
2GBDHP07W,さるさく,M44P06CH5,つづさや見守り隊,1155,1,4272,1902750,10,9,8,8,7,7,8,4,61
YJ6D6A76V,アサやん,UN4AHCLTX,蓮ノ初心者,1104,2,4273,1902200,7,8,9,10,6,6,10,8,64
W8VXDKRW3,Rシード,M6JPV9MVW,フォルテシモ,1042,3,4274,1901600,10,9,10,10,8,8,6,2,63
ZIYBF5JZW,ナーシャ,RM7N1JDB5,無言推奨不干渉会,999,9,4275,1901500,9,5,4,10,6,5,4,2,45
9M0LKVKRG,蓮根,7MPNTWKTN,Dreamers,1018,11,4276,1900500,8,10,7,9,7,5,7,5,58
9HIOUSLAM,あおつき,4XRHRYDW4,無言でエンジョイ,1445,15,4277,1900380,7,9,8,7,8,7,9,2,57
DAA0K4TXM,「54」,TBX7N9RK5,つよつよなLH,1177,7,4278,1899750,8,9,7,9,9,8,10,6,66
K6KC83A9N,りゅうのあ。,378N79BKU,蓮ノ空至上主義！,1036,6,4279,1899500,7,7,6,6,6,6,8,2,48
BBJB4658L,ハルひ,YADX9DY49,ﾊｽﾉｿﾗｰ,1286,10,4280,1899250,7,7,6,7,7,5,8,4,51
36PIBUZ40,シュン,E12PR824F,ゆるっと蓮ノ空,1014,13,4281,1898575,10,10,10,10,10,10,10,10,80
MOUC5TNGH,カッチュ,BYA3FA0X8,無言ぼっち同好会,1430,19,4282,1898000,10,10,8,10,9,8,10,8,73
FG75ZYKXQ,さやま,RF5215M2U,スクステ同好会②,1137,6,4282,1898000,10,10,10,10,10,10,10,10,80
3E4TD2M4B,ヌャ-nuXya,KXU941RFJ,梢先輩おめでとう,1147,12,4284,1897750,7,8,6,8,8,8,9,4,58
6UML5MC6K,高山星司,6FWRD1K40,いちじょ海賊団,1477,10,4284,1897750,10,10,9,10,8,10,9,8,74
4F5LGLIZD,るろ,WHWT61ELR,【無言】ハスノソ,1197,9,4286,1897500,10,9,8,9,8,8,10,2,64
V8BTLAM40,tkk,TDHKGHFPA,無言参加○！,965,0,4287,1897250,9,9,7,8,9,7,9,2,60
EEK98LI64,黒牛,T48KV9EP2,無言ぱーく,1234,6,4287,1897250,9,9,8,9,8,8,10,3,64
RLM5TXG16,充電Chite,0J44KFKD9,アサルトガーデン,989,3,4287,1897250,8,8,8,6,6,5,7,4,52
7KWHMXO3X,shogun,MVMP6NNXD,空き時間らくがき,1334,4,4290,1896950,8,9,7,7,7,7,10,2,57
H5T2597E1,chill,R8C4YP82A,蓮ノ蓮,999,8,4291,1896900,9,10,7,7,6,1,9,2,51
6HR0BRG06,ビューティー,1AK9VTG3W,ドルケスキスキ部,860,1,4292,1896675,8,8,8,7,9,7,8,2,57
W413KCJ21,花宮ももこ,W3F0URUJC,梢先輩応援団,985,6,4293,1896600,10,10,4,10,6,6,6,5,57
GTULAD52Y,ミノマル,7B3KWKBPX,かほめぐ至上主義,922,4,4294,1895500,9,10,7,7,10,4,7,2,56
2YXM0JB6A,BLUESKY,EYEPHE14G,花上梢頭,923,4,4295,1895250,7,10,10,7,7,7,5,2,55
9AHEIBHLT,ろじや,AR9HR528A,いろいろ実況,1326,3,4296,1894750,9,9,6,9,8,7,8,2,58
1WT4QCO0G,みずな,JE7V5MM31,蓮ノ沼に沈んだ泥,1096,4,4297,1894050,7,7,5,4,6,5,4,4,42
X29MANB8M,又梢錢,YFADYJVW4,FPS好きクラブ,1040,7,4298,1893750,8,10,8,10,8,9,9,5,67
BDAGXRUPG,ほのぼー,ULUELCJ7T,なるようになる？,998,2,4299,1893250,9,9,8,9,2,1,2,3,43
N9FTVXJ96,ガースー,HKETDDCK6,ぼっちざ蓮!!,814,2,4300,1893200,10,9,9,7,8,8,6,5,62
X9FK84KPX,甘党マシンガン,B2KV0EVPD,蓮ちゅきクラブ,948,6,4301,1892700,10,10,10,9,10,10,10,5,74
N0LNCTARE,いくら,GYG7B5R36,幼馴染同好会,656,2,4302,1891250,9,8,9,8,7,9,6,4,60
7FJ444IJN,スリーシ,7XH3K4GBT,LLP,1061,2,4303,1890975,5,7,7,6,8,5,6,4,48
I3FJ68BI6,_(:3 ｣∠),PPAHU1TNY,蓮ノ空のんびり部,1279,8,4304,1890750,8,8,7,7,8,7,6,4,55
QT5JKS5LE,レフティー,GKR9TEBYC,毎日がホリデイ♪,1192,0,4305,1890500,9,9,9,8,7,6,10,2,60
CZIPFNZ4E,ひとつの光,Y2R7E79U3,カワウソ同好会,1189,2,4306,1890200,9,8,6,7,6,7,10,5,58
C9JIDED15,清水 恵,X8CVE2HNF,私ののぞみ,1465,8,4307,1890025,10,10,10,10,10,10,10,10,80
TFB1M96P1,EDstree,J80MEYHBC,Nymphaea,1208,19,4308,1888250,9,10,7,8,8,7,9,6,64
HWJRC5L7J,ハタハタ,RXXUPMWB9,待機室跡地観測所,1000,1,4309,1887650,8,8,6,9,6,5,6,3,51
CB07BEGGR,チェケラんどう,X7YM9EG8K,伝統の石川地酒,1369,0,4310,1887600,10,10,10,10,10,10,10,10,80
DCW0NIV5I,おま,9JTF508LB,スクスタ亡霊部,1223,5,4311,1887500,8,8,6,7,7,6,6,4,52
MEGKKH1W5,75,HE0GK3EPE,瑞蓮プロカ倶楽部,1509,16,4312,1887250,4,7,3,1,4,5,2,2,28
JP23RCGLY,クロ,26JDLMBLN,徒町は強く生きる,1134,13,4313,1887000,7,9,7,9,8,5,4,7,56
SNYSNFYOP,すずめ,CTW8DKV5P,まったり,1482,3,4314,1886700,10,10,7,8,8,8,10,5,66
DTUNAW320,もすぴ,UN4AHCLTX,蓮ノ初心者,1037,1,4315,1886000,7,8,7,7,7,5,10,3,54
NX8P49EJQ,那須光輝,ULUELCJ7T,なるようになる？,1018,2,4316,1885750,9,9,10,10,8,7,7,4,64
Y4RCPU2A0,ひなた,06DCWC1RE,とりあえず参戦用,855,5,4317,1884750,10,10,9,6,7,2,8,2,54
R8MBDU45F,武諒,73CBYJYB0,"oNM,",1154,10,4318,1884400,9,10,8,10,10,10,10,10,77
6X5FAG4KY,びにゃーご,NRK4MV1C1,茅バール,828,0,4319,1883550,8,9,10,6,8,8,7,3,59
I8BJCP9O8,じゅんじゅん,D7UA5ER1E,UR報酬欲しい！,669,1,4320,1883500,10,10,10,6,4,1,4,2,47
3LWUXHRBD,デューク西郷,AND13836G,乙宗梢親衛隊,1114,1,4321,1883000,8,6,6,7,8,5,9,3,52
PGR49T0EK,かもめ,UYCT3Y4JK,蓮っ子,1267,13,4322,1882750,8,10,7,9,9,9,8,3,63
QHFX25I9C,かむなゆ,V4GR2N4X8,お台場in金沢,1119,5,4323,1882000,9,8,6,10,9,5,9,3,59
96C14P93Y,Blue,R181MKNX1,みらくらは人生！,1013,9,4323,1882000,6,7,4,6,5,5,7,2,42
8CHE0ALFJ,Suzu2203,9YM3DBTB7,泥民館,1048,17,4325,1881800,10,10,2,10,9,1,4,3,49
7V93EDCNN,天然水,9C0KWR782,まったリンクラ,991,11,4326,1881750,7,10,6,10,10,9,2,3,57
Z8KC9OBAI,はる,WBXF9XXW7,さやつづ愛でる会,1175,18,4327,1880500,9,8,8,8,8,5,8,2,56
3M420CE5A,pH,BELCUYCMH,蓮hkg香港分部,589,0,4328,1879750,8,7,6,7,7,5,8,6,54
JA2USC8EV,ふろーりあ♪,4WWM4VVDK,蓮ノ空遊戯開発部,1283,13,4328,1879750,10,10,7,10,8,8,5,2,60
976H5JDP3,再チェスト,0CEA9XFKR,蓮ノ空の泥人会,101,0,4330,1879700,7,6,7,10,3,5,4,3,45
XUDW182DT,OZ,9P9EPKFHE,無言参加OK,362,0,4331,1879000,10,10,9,8,8,6,8,3,62
F4S1FCK8S,MIO,V7768X8AC,せーので！,1193,15,4332,1878750,10,10,4,8,7,7,10,7,63
K976F1LHO,TKS3,0JY7F3EKU,さやか愛でる会,1314,6,4333,1878200,10,10,10,10,10,10,10,7,77
IFYV6D44S,ポツ,43HRXMXWA,無言OKクラブ,1247,19,4334,1876700,10,10,10,10,7,10,10,7,74
HWHGF10WS,ルーチェ,WCL6R1ANU,無所属の会,1037,9,4335,1875300,9,10,10,9,7,9,7,2,63
YWYJE223X,雨宮唯,TBHVUNGK6,ヨーロッパ軒,784,2,4336,1875100,5,5,4,3,3,3,3,3,29
DM8C6N22V,なり,05KN1RR3U,さやかほ花卉園,890,1,4337,1873500,10,10,9,7,6,7,8,2,59
2U8BL3TC7,オーコー,1618JMRED,リンクラ自習室,1095,9,4338,1872250,10,10,9,9,9,7,10,7,71
9ZHIZLPYP,。,TK9E1BB1P,無言で自由,1101,0,4338,1872250,6,1,7,8,8,6,10,1,47
V2AU5HAB1,三日月,NJBBTCY3A,かにかに！,1391,17,4340,1871400,10,10,10,10,9,10,10,9,78
D23U0GPWC,shu,JHTULVV5P,故に瑠璃乃推し,1200,4,4341,1871000,8,7,9,9,4,7,7,2,53
83PTRH3XR,エル菜,H0DV3JJGA,かほさやてぇてぇ,1117,4,4342,1870000,6,7,7,9,8,7,9,3,56
KEBFXANCN,kagayaki,9E910GGD2,蓮ノ空給湯室,975,5,4343,1869150,8,9,6,7,7,4,8,3,52
9XFWW547L,ダフィネルリンべ,2JVBK752G,卍愛蓮説卍,931,6,4344,1869125,10,10,6,10,6,6,9,2,59
M8936BF27,みりん,NJBBTCY3A,かにかに！,711,0,4345,1868750,10,9,9,10,9,8,10,8,73
VKAUR01XJ,ぱるこ,F2CFWVMY9,藤島め組,1458,3,4346,1867350,10,10,7,8,8,8,10,6,67
YMJWPJKY2,あるて,JVUNVCT8P,梢先輩のASMR,1069,2,4347,1866750,8,7,10,7,7,7,10,8,64
IVSBBPK1R,ぱりすのこ,RE152RBRK,蓮ノ空創作部,1055,0,4348,1865750,8,7,6,6,7,5,9,2,50
U7ZSQEUNS,keeee,GYG7B5R36,幼馴染同好会,1088,10,4349,1864700,8,6,7,7,4,5,6,1,44
Q8YX0Z3TC,andr4043,17AEM7PUN,SIFcord,1271,16,4350,1863500,6,8,7,7,7,7,10,5,57
KXDDJ5B1D,との,2ULM366U6,毎日がエブリデイ,1259,16,4350,1863500,9,4,7,8,7,7,10,3,55
M3VKYR6EU,つむ,JD0UP0GB5,サークル,621,0,4352,1863250,10,9,7,8,8,3,7,4,56
Y8FIQLCTA,T_GinA,9FF5JBNDF,めぐすきクラブ,1363,7,4353,1863000,9,9,8,10,10,5,5,3,59
MRAY8D7XH,†クラウド†,TKVR3KU7L,ネギトロTKG,1131,0,4353,1863000,8,9,5,9,8,5,8,2,54
QBDXV7KX6,たぬ,A8Y33CALF,ソロ,1149,4,4355,1862000,9,9,8,9,8,7,8,4,62
0DKTL49NM,ギンギンギンコ,2CRT48K9F,百万アンペア,371,0,4356,1861550,8,10,4,10,8,4,7,3,54
06NBF5GC2,Denzi,7XH3K4GBT,LLP,1211,19,4357,1861000,9,9,8,8,10,9,10,9,72
5TWMV7M1F,のあ,GYG7B5R36,幼馴染同好会,948,0,4358,1860250,10,10,9,10,9,9,9,9,75
ODB9TPVPK,Su☆Ga☆Ma,E7R11MYE8,ゆったり蓮ノ空,802,2,4359,1859850,6,10,7,7,7,2,8,2,49
5RPHAUYAB,Elmair,7UX6117P2,重曹圖書館,657,3,4360,1859500,10,5,6,6,6,10,2,2,47
PXLYUXB3F,ロッピ,J62DRC7J5,蓮ノ空好き好き会,950,6,4360,1859500,7,8,1,8,7,4,7,2,44
DCA3TX2NE,リィ,2JK7E4115,ラ！推し,1071,0,4362,1858250,7,3,8,8,8,3,6,3,46
9ZUQQ0BE5,かんかんみかん,J83JWJ028,大ㄇㄚˊ露營區,1185,0,4363,1858000,9,10,8,9,9,7,9,5,66
UGY95G53B,0202,0CBM28JP6,ほうき星,1191,16,4364,1857500,6,9,8,9,7,7,8,2,56
RLA0JVUKJ,みんと,HPTHY23VR,蓮ノ空文芸部,517,0,4365,1856775,10,10,10,4,8,10,10,4,66
NEFTKLIJ4,ねこいぬ,MVMP6NNXD,空き時間らくがき,1337,5,4366,1856750,10,10,9,8,8,5,9,2,61
43XQN9RTD,サブロー,BW38LDPRF,蓮浦の星空,1371,5,4367,1856300,10,10,8,9,9,8,10,6,70
JLYBZX10E,ショウ,T56X6LP0L,光の海,1002,2,4368,1855250,10,5,8,7,6,7,7,2,52
6K6W2VV7R,アオィ,LUDNM40F8,ふくふく無言OK,865,5,4369,1853000,10,10,10,9,8,8,7,2,64
BOGOYH7QR,Spendy,0XUV5025C,めぐめぐバブり隊,1134,4,4370,1852975,8,8,4,1,7,7,10,3,48
B9M35RIET,わたあめ,31A7JKC69,蓮好きの巣窟,1238,19,4371,1852500,10,10,10,10,10,10,7,3,70
8C6TB9T8K,ケシズミ,AE3L01V24,LOVE蓮ノ空,852,1,4371,1852500,7,5,9,4,4,10,5,2,46
F7OATNWQO,ハイヤード｢｣,CM5THHYHB,「」ノ空だけれど,1198,4,4373,1852250,8,10,8,8,8,7,10,2,61
1TPHM6E8N,あゆ,YNR28303K,りんくらぶ,1179,13,4374,1850750,8,8,9,6,8,7,10,7,63
B301FOVVA,いきゅー,C2M5GJD7D,せーので！埼ノ玉,1227,6,4374,1850750,7,8,7,10,7,6,9,5,59
HCVXQJN9Q,ジェイ,9FF5JBNDF,めぐすきクラブ,1142,2,4376,1850600,8,8,8,7,7,5,8,2,53
9SLU39QWH,satori,0B8RTHY4D,のんびり屋さん,1202,13,4377,1850500,10,9,7,7,8,8,8,6,63
TRINQB51J,㍿2㌢㍍,X45T3U322,アニメ最高クラブ,957,10,4378,1850250,9,9,9,8,4,10,9,3,61
7F091505K,ボンディーヤ,L1VGJTD5P,蓮ノ空お茶会部,1082,3,4379,1850000,8,7,5,7,6,5,9,2,49
T853326MT,マスターデュエル,PLBBEX019,待機室目指し隊,1191,3,4380,1849750,8,9,7,6,9,7,9,2,57
9LETVP1QS,カテジナ・ルース,E17AJTJ9D,楽しみ隊,1268,4,4381,1849400,7,7,9,5,6,5,10,6,55
V38HQQAC1,Tanzaa,PDMPF3VVV,r/LL,907,4,4382,1849250,9,8,7,9,7,7,8,3,58
UYBF5NCFY,Sasa,C8WCYKBU4,蓮,1058,5,4383,1848950,3,9,6,7,8,5,7,2,47
7YJ38UDHX,星月,KULVP7FDR,アニマル分室,1219,9,4384,1848750,8,8,6,8,7,7,9,4,57
GXQ4R5V33,macken,5WUDLMWEP,蓮ノ空は明日ノ空,1661,18,4385,1847750,10,10,10,10,10,10,10,10,80
H0OFNLP44,ななつき,G6LTF6TUE,喫茶ハスノソラ,1244,3,4386,1847500,9,8,10,8,8,4,10,4,61
ENE3AW5F5,りお,9RYR14H9L,ソロマターリ,1195,9,4387,1847250,8,10,8,8,8,7,7,5,61
BG1H6FW14,ゆうくん,LFB48H6MU,超初心者の会,454,0,4388,1846750,10,8,4,7,6,5,6,4,50
N34M3G2YW,ちゅら,CRYB2FJ64,つくよみくらぶ,983,5,4389,1846325,9,8,7,7,6,4,8,2,51
RUPPM0KC6,ティーガ,L1VGJTD5P,蓮ノ空お茶会部,1006,4,4390,1845800,8,7,5,7,8,4,7,2,48
UVVMPCE4P,ham,FH7G62PKW,月火水木金土日,1153,6,4391,1845375,9,8,7,8,9,6,10,7,64
TN34E21UR,&,HBK6KCRPP,無言でおけ,1241,3,4392,1845000,5,4,1,5,6,4,7,3,35
JEBFJU9HW,不可思議な学院生,E76N52LMW,イベントのみ,978,2,4393,1844450,9,10,8,8,6,5,7,2,55
X5BDM3S3M,たっつー,2NY9H8BR9,乙宗紅茶館,1479,3,4394,1844000,10,10,10,10,10,10,10,10,80
BADHL3YFV,マーシー,KXB93FVTR,ブルームガーデン,1412,15,4395,1843750,10,10,10,10,10,10,10,10,80
NHJP7M23G,よよ,X0TFG829Y,ボクのおうち,662,0,4395,1843750,6,8,6,10,6,6,8,6,56
GRLJQ950U,ストまや,D6LVY6JCG,臨時列車,1183,15,4397,1842000,10,9,7,8,8,5,8,5,60
2ATXDPN0A,クティ,GN1798YEX,ド!ド!同好会,600,0,4398,1841750,4,5,6,8,6,4,4,2,39
JX9COP0H9,とっしー,WHWT61ELR,【無言】ハスノソ,1306,7,4399,1841500,8,9,9,9,8,9,10,8,70
R4KMJE91V,Ktk,XLBU65J86,花の壁飾りクラブ,937,6,4400,1840750,9,9,6,5,3,4,4,2,42
KPPVL37BD,パラノアンドロ,X0TFG829Y,ボクのおうち,565,0,4401,1840000,9,8,6,7,6,5,8,3,52
LKCNO9UEG,ラブライブ学習生,FH7G62PKW,月火水木金土日,1306,19,4402,1839650,7,9,8,10,7,7,10,3,61
5N945UVJV,あらさき,V7768X8AC,せーので！,537,0,4403,1838500,7,7,5,8,6,4,7,2,46
N22CAJ51M,1日1落単,GN1798YEX,ド!ド!同好会,818,0,4404,1838250,10,9,10,9,10,8,10,9,75
2981091LV,めさ,PMME7169X,蓮っ子動物園,1031,2,4405,1838000,7,7,7,7,6,7,9,2,52
P8XF9YL94,まどり,GWGDMA3YC,初心者無言自由だ,945,4,4406,1837750,10,10,10,10,10,10,10,10,80
RK2YMNYJW,梓,VLY5JDKCV,新規なのだけれど,483,2,4407,1837600,10,10,10,10,10,10,10,10,80
SSTETL8LE,フンワリ,M1DLCR0R8,花帆護サークル,1186,10,4408,1837250,10,8,6,8,8,9,10,5,64
5E9TJEEDJ,サラダ,GPKTRBCTT,騎空団蓮ノ空支部,983,12,4409,1837000,9,10,7,7,7,7,5,2,54
MYXP6MAC5,タロウ,25PMPEMG7,星見プロ,1485,15,4410,1836800,10,10,10,10,10,10,10,10,80
3ZI9W1ACH,しるびあ,JTX1G19BP,さやかほ癒し会,1421,15,4411,1836750,10,9,10,10,9,8,10,5,71
L5VMUTNNP,くま,N1DJVPGP8,いつでも咲けるよ,624,0,4412,1836500,9,9,8,8,8,1,10,2,55
JV73YFW1J,やなけん,06A0GBYLL,ロータスNHK,1587,3,4413,1836250,10,10,10,10,10,9,10,2,71
U5FJC0B5B,たまに,W71PEB8XY,戦慄のたまに衆,1214,10,4414,1835875,8,8,8,9,8,8,7,6,62
12FNY5ECD,やなぎもと,C6V311T2P,LotuSky,1127,1,4415,1835250,8,9,8,9,6,5,9,3,57
BCR4YMPWV,391009,KGDNX3EF3,ENcircle,617,0,4416,1834900,10,10,9,10,9,7,10,7,72
61RXN1MFW,ヒビー,WAT20PN3Y,こな党,1105,5,4417,1834750,9,8,7,8,8,8,8,2,58
6AWY5V8TP,蘭契,8XMW94CPX,ヒノチタカバディ,550,2,4418,1834500,9,7,6,4,5,4,4,1,40
3YLD3R5JN,ハルト,0C3CUCRC6,おためし,1117,5,4419,1833150,9,10,9,9,8,7,10,4,66
J3PBZZ95D,ハロめぐるり,321FF56TK,リンクラ芸楽部,1218,16,4420,1833000,10,8,7,7,7,6,7,2,54
YUFBBCNMK,アリサ,AJXXT5Y2K,無所属,658,3,4421,1832500,10,8,8,10,7,3,7,2,55
RCM1KH9T5,zuzu,0B8RTHY4D,のんびり屋さん,712,0,4422,1832450,10,8,7,9,6,7,7,2,56
UCK9BBY03,ゆたから,MY7PHGEAX,かがやき号蓮女行,1045,3,4423,1832250,9,10,8,8,5,6,7,3,56
D8J6GM5YW,たま(ざらし),YD2XWWFA4,蓮好き好きクラブ,903,0,4424,1832000,8,7,5,6,2,7,7,3,45
EY6VF5WB6,タケノコ,UX96YX4T1,『位置について』,872,5,4425,1831450,4,5,6,7,9,1,9,2,43
C8UYWMR9N,MEGAMAN2,FDU1F9PUW,海の幸,1044,3,4426,1830250,9,8,6,5,7,7,9,4,55
8AYYRWFO5,ちゃー,E7UBR0A2W,冬枯れの原っぱ,1526,8,4427,1830000,9,10,9,10,9,9,10,8,74
O7EIPY4EI,GS,3FF3NB77X,せーはす愛好会,1511,9,4428,1829810,10,10,10,10,10,10,10,10,80
F2JHCLRDN,鰍沢,96LWYJ3Y6,無言絡みなし,703,2,4429,1829000,10,10,10,10,10,9,10,9,78
XXB6AYXDM,紅生姜,4FN0KWB4G,無言参加大歓迎！,531,0,4430,1828300,10,9,10,10,7,10,10,6,72
NVCN6W28X,ICECafe,N6XAGG1BL,ゆいわに同好会,974,6,4431,1827800,10,10,10,10,7,10,10,8,75
WUW9R9MMD,キタキツネ,23PGPJ3NV,蓮ビギナーの集い,997,2,4432,1827750,10,8,9,8,7,4,5,2,53
3IQMB1JNB,さしすせそ,BXGNMY466,ライグラ用,1584,19,4433,1827550,10,10,8,8,8,8,10,7,69
JCE2YP3IN,ショコラ,WJY2HK6A5,蓮の空イベント部,1325,19,4434,1826050,10,10,8,10,9,7,9,6,69
BY7GPD3V2,放し飼いの天使,FK5MUK0ET,くる♡すきクラブ,775,4,4435,1825800,7,7,6,7,7,8,7,3,52
NR2HU9W94,アロイン,J62DRC7J5,蓮ノ空好き好き会,1220,0,4436,1825250,8,8,5,9,7,6,9,2,54
U0L572GGD,ガリィ,F2CFWVMY9,藤島め組,1791,16,4437,1825000,10,10,10,10,10,10,10,10,80
2XK1D5GE8,ナギト,T4P115XHD,サークル,872,2,4438,1824000,8,10,10,9,9,5,8,3,62
8YU2TY3ZK,リジス,865UE9UC6,蓮ノ空うどん部,1325,2,4439,1823750,9,7,7,7,8,7,9,2,56
9KH620XY7,みみみ,BH9YH1YL5,ラブライバーの森,1240,2,4440,1823500,8,8,5,6,6,5,5,3,46
GFC7MDN3E,みづか,XE8513HNP,喫茶カワウ空✨,1180,15,4441,1823250,8,10,7,10,10,9,9,5,68
8W9G3KRK6,ぐでたま,CWPWP1266,さすさや,1209,8,4442,1822750,7,10,5,7,5,6,9,6,55
G4IX3PBEO,ぽむぷりっ♡,Y2HV0YEF7,蓮ノ空を応援し隊,1592,20,4443,1822250,10,10,10,10,10,10,10,10,80
X3MY97T4G,ヤマト,LJNCAEVAP,蓮ノ空さやか研,1220,10,4443,1822250,10,10,10,10,9,8,10,7,74
THU824DXM,さん,578YG6EAT,桜桃花束愛聴会,785,5,4445,1822000,5,7,6,2,5,5,3,3,36
TTVN9XH12,檸檬,34GFB7LYU,イナカモノズ,1200,16,4446,1821750,10,10,10,10,6,8,10,5,69
IP3E9T22V,こっぱみじん,GW4CH70HK,TKG同好会,1417,18,4447,1821250,10,10,10,10,10,10,10,10,80
9QLNQVRWX,はゆ,5V9TDD4NF,みんはや蓮ノ空部,1005,7,4448,1820750,8,8,5,10,8,8,8,5,60
RZXZZQRZ0,RYO∞,FXAE4V7AJ,技大アイドル部,850,2,4449,1820500,9,9,3,6,7,6,8,2,50
6PN8H5VD3,Gzom,60KU468X3,はっすーず,624,0,4450,1819250,9,10,9,7,6,6,8,2,57
85LYH31MR,Y,9C2FC74H2,overseas,1080,15,4451,1818250,10,8,6,10,7,6,8,3,58
K69YLMT54,ゆきふさ,W26TRPM1R,めぐ党藤島派,1453,10,4452,1817100,9,10,8,10,7,9,10,8,71
GGB8NT5LG,めあ,2ULM366U6,毎日がエブリデイ,1459,18,4453,1816550,10,10,10,10,10,10,10,10,80
M4TKAYLLO,みーる,72J5PWU5K,ライグラ待機室,1270,14,4454,1816000,9,10,8,10,10,8,10,7,72
58P8MXUAF,ぱ怒りゅう,9JTF508LB,スクスタ亡霊部,1050,9,4454,1816000,8,9,6,10,10,7,8,6,64
LG9FEA1R8,さかーな,X33HHA9F8,アルストロメリア,878,0,4456,1815100,9,8,8,7,8,6,7,2,55
8QMPLCOCM,岩之助,KA652DGYV,ゆるリンクラ,1173,13,4457,1814750,10,10,9,9,9,8,8,2,65
EDLGCL8A5,あるかん,7P4CAER9X,まったり倶楽部！,1239,6,4457,1814750,8,8,6,7,6,5,8,2,50
FM5Y3XUD7,あかね,V3FAH8CM4,初心者の会,641,0,4459,1814100,7,8,7,5,6,5,5,4,47
IO7DUMT4T,温泉饅頭,BEMED3RY1,無言無課金ok,1395,1,4460,1814000,10,10,9,7,10,10,10,2,68
HRK0XBW43,りん☆,H0DV3JJGA,かほさやてぇてぇ,824,7,4461,1813800,6,5,7,6,4,2,2,2,34
DX0U37839,すいすいスイッチ,X0TFG829Y,ボクのおうち,698,2,4462,1813750,9,10,8,9,7,4,8,2,57
NB0U0UY70,Shinya,NDGW77R2V,こず花帆尊い,971,4,4462,1813750,10,10,10,10,7,6,10,3,66
1EN52HBAF,むとたこ,N1DJVPGP8,いつでも咲けるよ,883,4,4464,1812250,8,10,5,9,7,8,7,3,57
4DMAH9D4E,おむ,0B8RTHY4D,のんびり屋さん,1211,8,4465,1810500,10,8,9,8,2,9,5,2,53
MQ0KUILDJ,つっつん,4NFMU2WME,好きだかんな？,971,2,4466,1810250,8,9,8,8,8,7,9,2,59
INKGP7ORH,フジ,XTMGPY62U,スクステ初心者,845,4,4466,1810250,7,5,5,9,7,3,10,5,51
3X5D0JJYA,念风思雨,GLP0WPDRM,イベント用の泥,711,2,4468,1809950,3,10,6,10,2,4,4,3,42
MBFAGD5RL,ノノ,VG03MUF91,自分用,1219,3,4469,1809250,9,8,9,9,9,8,10,5,67
8HAGVPC9Q,ラブダイバー,NA8FEYN0M,蓮ノ空飲酒クラブ,1179,2,4470,1809000,10,9,7,7,6,5,6,2,52
T4KZIBPWA,銀狐,AH27N260E,百生信託銀行,1250,5,4470,1809000,10,10,10,9,9,9,10,9,76
YX8YXDMEK,Nenshima,Y2P9LABR2,スクステ同好会③,1223,11,4472,1808800,5,1,5,7,5,1,4,2,30
W7KLUY8H6,からかさ,KGG6VMD1R,蓮ノ空本蓮沼の会,370,2,4473,1807750,10,10,9,10,7,6,7,3,62
5U8394C6M,神速,919XF8V2V,蓮之空大三腳,960,13,4474,1807500,8,9,4,7,8,7,6,4,53
KEJVRIRI7,ミヤビーナス,J7N4W6Y1K,こずミックラブ♡,1590,13,4475,1806750,8,4,5,7,4,5,4,2,39
WXT3WWK6E,はくあ,KULVP7FDR,アニマル分室,1260,3,4476,1806100,10,10,8,8,7,8,9,2,62
KKFEULZBG,かおさん,VKNVG1K0B,おさかなサークル,1481,3,4477,1805500,10,10,8,8,8,9,9,2,64
FOF1YITIM,ゆり♡,RW90G4W5W,めぐめぐめぐ党,1722,18,4478,1804750,10,10,10,10,10,10,10,5,75
D4HWFBVWX,こう,6R5WAYC4D,どら,983,13,4479,1804000,10,8,9,10,7,4,6,2,56
K46AHHHLK,くろお,RM7N1JDB5,無言推奨不干渉会,752,1,4480,1803575,10,10,7,7,6,1,9,2,52
MC8L7AX2W,ジャベリン宮田,FJMA5BPPE,蓮ノ空すきすき部,874,3,4481,1803000,7,10,10,10,8,4,5,1,55
N9U293NTP,地封龍 ギャイア,3F0M4HXJE,蓮ノ空まったり部,969,12,4481,1803000,2,4,4,5,6,3,2,2,28
UL1UYJN4V,(^-^),HH93ADAW3,無言自由。,1203,19,4483,1802750,10,8,8,7,7,8,10,5,63
Y8NX2CHGM,らっとん,0NLHKATWL,生きてるだけ偉い,935,4,4483,1802750,9,9,7,10,9,7,10,4,65
6NQBOHUY9,HOZ,RM7N1JDB5,無言推奨不干渉会,1236,4,4485,1802250,9,9,9,9,9,9,10,4,68
7L68H6UP2,さやか,NDGW77R2V,こず花帆尊い,957,8,4486,1802150,5,9,1,1,7,9,1,2,35
W1XRL5CMD,croMisa,TD87P23DJ,黄昏の旅団,1148,14,4487,1801500,8,8,8,7,8,10,9,3,61
R7VC93B0Y,もけもけ,N94LEWF2D,無言よわよわの会,1264,8,4487,1801500,9,9,8,7,7,7,8,3,58
HXI1UTC3K,noa,JA2C658FW,さや綴理の村人,1194,7,4489,1801000,8,4,7,8,7,7,9,2,52
RT6Y5YEDU,反応なし,V830CTTX3,日野下後輩,959,6,4490,1800750,10,10,8,10,6,8,8,5,65
RJ30SF02A,にどね,HE0GK3EPE,瑞蓮プロカ倶楽部,1163,13,4491,1800250,9,8,7,8,8,4,4,4,52
O0JXFKP5W,スウ,V7768X8AC,せーので！,1516,19,4492,1800000,10,9,10,9,10,10,9,6,73
6ENG774UR,ﾙﾙﾙﾝ,PULJ8VCHJ,蓮ノ空を推す会,900,2,4493,1799950,8,9,9,8,9,3,6,3,55
T12C5H4EH,お_,Y2R7E79U3,カワウソ同好会,1181,12,4493,1799950,10,9,8,10,9,9,10,8,73
5GPEMYD72,ろー,KT4C59NXG,めぐ島,1367,13,4495,1799790,10,10,10,10,10,10,10,10,80
2BTARH6FG,じろう,X0TFG829Y,ボクのおうち,651,0,4496,1799500,5,7,7,4,6,5,8,2,44
44NRA3FYG,ティタ,FG5VFFNRK,蓮ノ空おじさん,1139,4,4497,1799300,8,7,7,7,3,1,5,2,40
RPM3CWTW5,なべっち,VKNVG1K0B,おさかなサークル,1387,15,4498,1798300,6,9,6,7,8,7,9,2,54
JM4XN6ATL,まなてぃー,427WENUC4,心の癒し～蓮ノ空,742,0,4499,1798000,9,10,9,8,5,9,10,2,62
QEU48K161,蓮之丞,EURW22K8J,203号室,1206,12,4500,1797250,9,9,9,8,7,7,10,5,64
WSSL0NS7J,よっぴー,32E82BNXN,主人公同好会,1110,0,4501,1797000,9,8,7,8,8,4,9,1,54
F3Y0LENBG,コトブキ,BW79WAK8Y,片道450㌔,944,11,4502,1796750,10,10,9,10,4,7,7,2,59
EKTYWB466,デウス,V8XX999F6,卍蓮村幼稚園卍,742,0,4503,1795750,10,10,9,10,9,8,10,3,69
N403EWS62,まっつん,PN4VA24XF,みーかるぱーく！,789,0,4504,1795250,8,6,7,7,6,6,9,2,51
KBH6V9U8F,心優しい学院生,CJWR9P8LM,花帆さん愛でる会,1154,8,4504,1795250,8,10,10,8,6,5,9,4,60
18B3EKKF0,だっはー,N94LEWF2D,無言よわよわの会,1257,10,4506,1795000,10,7,10,10,10,8,5,5,65
ZFAD0H801,アームジョー,9YM3DBTB7,泥民館,1404,11,4506,1795000,7,6,2,4,4,1,4,1,29
DMCUW1TWY,そら,X0TFG829Y,ボクのおうち,776,2,4508,1793750,5,10,6,6,5,6,7,5,50
YS0G8QKE5,くらりん,WBW66DMUB,るりめぐ研究所,1193,9,4509,1793500,10,10,9,8,8,6,10,6,67
L39ED33GF,ナレク,V5WNV1A43,異次元ビリーバー,1223,16,4510,1793300,10,9,7,10,6,6,9,7,64
UFLPMI3S1,Kokoro,17AEM7PUN,SIFcord,1007,7,4511,1792750,7,5,1,9,5,5,5,3,40
DDVO4B937,ソラ,EKACCPWWB,タフノ空学院,1276,18,4512,1792500,9,10,7,8,8,7,9,7,65
PJCG15P8P,山形,1EL57CDR0,なんもわからん,362,0,4513,1792250,10,10,9,9,8,8,7,2,63
AB5X3C5XB,那緒,1618JMRED,リンクラ自習室,1124,2,4514,1792000,7,9,8,6,8,5,9,5,57
729QRD2IC,ぶんしょう,8BAYBXUXC,スリブ大好き♪,1214,12,4515,1791750,8,8,8,8,8,9,10,4,63
HHNCPS5M0,ナム,V5WNV1A43,異次元ビリーバー,735,2,4516,1791250,10,10,3,8,3,1,7,2,44
42LT7XRTV,わかば,2AUM7L9BW,蓮初心者クラブ,696,0,4517,1790900,10,10,10,10,9,10,10,9,78
11MN4ULBT,ppq,Y337R7BW9,中国の蓮之空圈子,1219,10,4518,1790750,8,8,5,7,7,7,6,5,53
GSXYVJCON,ユナノ,HKTEMRDA9,qq,1273,5,4519,1789800,8,8,9,1,5,4,10,2,47
UV3UNW7DK,ヤマ,VKNVG1K0B,おさかなサークル,1304,2,4520,1788500,10,10,7,9,8,7,9,5,65
956GM930W,BELLWOOD,L5BGEMYVA,梢先輩を愛でる会,1182,10,4520,1788500,10,8,7,9,8,7,8,2,59
V89RAPNC1,東郷,VD7N7A4WH,氷青色,912,3,4522,1787750,8,10,7,8,6,4,7,2,52
1E2NB5UBC,ベア・グリルス,6C9R15BLY,スクスタ避難民,1111,1,4523,1787425,10,10,9,7,8,6,9,6,65
GH5MWFD2T,かんのぎ,05KN1RR3U,さやかほ花卉園,1158,6,4524,1787000,9,10,10,8,7,7,9,2,62
KE9B02TCG,Sirius,9WVBK4U41,ENfans,637,0,4525,1786950,10,10,9,9,8,8,10,2,66
K8QFIVZDL,bot,T8X0G07YB,なければ立てる！,1584,4,4526,1786750,10,10,9,9,10,9,10,10,77
ND3607L78,タマココン東西,XXMU9WLKB,梢の機械さん,1042,15,4527,1786000,6,9,7,10,9,5,10,2,58
WPM3NP1TG,ユウキうみもりん,PR2BGEK5K,ありがとう大三角,1324,19,4528,1785500,10,10,10,10,10,10,10,8,78
1VPHTU6YA,あすたろう,YVV9CMBLW,東京公演で沼落ち,1275,11,4529,1785000,10,10,10,10,8,10,10,2,70
L6CCJ396P,もってぃー,Y2P9LABR2,スクステ同好会③,1557,19,4530,1784800,7,8,5,7,7,7,8,2,51
1MLM8KD51,Soumers,BT22M41DV,梢花帆吟子同好会,1019,13,4531,1784000,9,5,7,2,5,6,1,2,37
E0FHMGY2V,すずつき,G8F0M2PH2,アフターウォール,1172,3,4532,1783500,8,8,7,7,2,7,10,2,51
9YD70KW2C,へーぼん,E12PR824F,ゆるっと蓮ノ空,223,0,4532,1783500,3,4,7,5,5,3,2,2,31
PJNJH16H7,Ko-ki,5JA9K5FAK,オタサーの姫芽,1495,15,4534,1783000,10,10,10,10,10,10,10,10,80
9SRRAEWAB,じょっぺぺ,B1KYU3XF8,LG lotus,1329,9,4535,1782750,10,9,8,9,10,8,10,5,69
Y21E68HX2,よだ,DKNHY5HH6,なす料理研究会,1111,1,4536,1780750,7,7,7,8,6,7,9,3,54
ABH82PN4V,しぐ,5YEE75CB4,ロビーで待ってる,626,0,4537,1780500,10,9,8,10,9,4,1,2,53
9L6WCYTL2,ましろん,BEMED3RY1,無言無課金ok,910,2,4538,1780300,10,10,7,10,10,7,7,7,68
47YSEW3PP,蒼炎,X7YM9EG8K,伝統の石川地酒,1197,1,4539,1779750,9,10,10,9,9,9,10,9,75
2MQJ0HQ77,ふろしき,BT22M41DV,梢花帆吟子同好会,1113,17,4540,1779000,8,8,7,9,8,10,7,7,64
TOI6SR1TX,クラムボン,HPTHY23VR,蓮ノ空文芸部,1309,19,4541,1778750,10,9,6,9,9,6,9,6,64
EEJNNCHMM,Ginko,EYEPHE14G,花上梢頭,346,2,4541,1778750,10,9,10,10,6,10,5,3,63
GS71O7T0G,まりも,FE282F3VH,天悶部,1099,2,4541,1778750,4,6,5,7,6,6,8,3,45
KWYFJ2VXL,baran,KC1W74B9B,蓮六園,835,0,4544,1778500,10,7,8,8,8,6,8,2,57
DO2S3PI5L,ましまろ,87DTRY50Y,今のところひとり,1272,3,4545,1777000,8,9,8,8,7,7,10,3,60
55PDN6J65,LS,WCL6R1ANU,無所属の会,1102,4,4546,1776500,4,7,5,3,7,4,7,2,39
82UEJUV8Q,TKM,7B0W0EWVA,ソロの為の避難所,1180,6,4547,1775500,9,6,7,8,8,8,10,5,61
CT9RJ4NMU,ねーやん,7R8NKPAB1,花帆推し倶楽部,1042,1,4547,1775500,9,9,5,7,8,9,6,2,55
SU4PED2QC,てんぐかもつ,KPVJD4A1H,WINS金沢,1281,12,4549,1775100,9,9,7,10,10,9,9,6,69
6H1PM082P,あゆちん,NC2YT2V28,蓮之愛同予者何人,879,9,4550,1775000,7,8,4,1,6,1,5,2,34
RYDUD8RA7,さくらざか,85D411XNB,蓮っ子の集い,1099,15,4550,1775000,10,9,9,8,7,9,8,7,67
FL3135ICF,ままま,A9MA307FX,楽しいが一番,1428,15,4552,1773750,10,10,8,8,8,8,10,8,70
9SWQR4QN1,なつかわ,PDMPF3VVV,r/LL,1521,6,4553,1772750,10,10,10,10,10,10,10,10,80
NTEMY3J5M,のふぃ,26JDLMBLN,徒町は強く生きる,666,5,4554,1772700,4,10,10,10,5,2,7,2,50
R2KHWOB68,ひやあつうどん,4XRHRYDW4,無言でエンジョイ,1426,15,4555,1772000,10,10,10,10,10,10,10,7,77
1WPJD1K4C,-riku-,LT9K2FP23,慈党リンクラ部,557,4,4555,1772000,10,7,6,10,3,2,1,2,41
CPABVGC4N,ゴロウタイ,9AYD3XJ2D,ぺんぎん隊,1517,19,4557,1771250,10,10,10,10,10,10,10,10,80
23V0AB36U,ミツ,9D722M8KC,蓮ノ空同好会,878,6,4558,1771000,10,5,5,6,4,4,7,2,43
L18J3EYVA,yuki,NK05UMLWW,かけ込み寺クラブ,983,7,4558,1771000,7,10,7,7,6,4,8,2,51
DVE4GXMEJ,神崎,JDAG79TG7,百合ノ空観察部,1391,16,4560,1768750,8,8,6,10,6,7,10,4,59
5OTF7JCU1,こしあん,BKUHCT7WF,蓮女お嬢様部,1155,5,4561,1767500,9,10,6,10,10,9,10,4,68
KZSHJWQOU,HoiWai,3BE2RELRC,見晴台,1038,0,4562,1767000,10,6,10,4,6,4,5,6,51
J59A0TC4D,迷いながら〜,KULVP7FDR,アニマル分室,1149,16,4563,1765500,10,10,10,10,8,6,10,3,67
FBYB3NPRC,Kimika,H0652CHBR,Kimimin,1189,15,4564,1765000,9,10,10,10,8,8,10,7,72
TLYYVVP7E,あおと,D1YHB0B1A,BWO,1024,4,4565,1763500,6,7,5,6,7,7,9,2,49
UQ193P8WP,ルナ,57HNJ07NK,みらぱ推活最前列,1067,2,4566,1763000,8,8,7,9,6,5,8,3,54
J29JRJDK6,きょうそ,3LM0DRLRJ,〼研スクステ部,760,4,4567,1762750,2,4,4,4,2,1,1,2,20
J45KKSJ6F,かざはなつばさ,36T6UB6YA,まったり箱推し部,1194,5,4568,1762250,10,6,8,8,7,8,10,4,61
FCE0ELG0D,撫公,WN3LHKX0L,レンコンおいしい,612,0,4569,1761750,10,7,6,8,4,1,7,2,45
FE33PJUPP,ふゆ,8MDA3A0AK,イベント用,488,2,4569,1761750,9,6,4,7,6,2,4,2,40
CVXIIXJ2C,カニスノネ,NMT63RUDV,泥村,1343,0,4571,1761500,8,6,9,8,8,7,10,5,61
NBM81WBNK,いるきゃっ,DFXEH0E0B,香港の初心者♪,889,9,4572,1761000,10,8,7,9,6,8,8,5,61
82NUMY62V,クロツボ,54UAWUBHN,リンクラスキ♡,1099,4,4573,1760750,10,10,7,7,9,6,6,4,59
CWVLXKL4L,りんりん,L3NN1RWMY,アポロベイ海賊団,992,7,4574,1759750,9,8,1,5,6,6,1,2,38
PXNCYHWG4,がんばるくいな,RKT7BC4F6,人形浄瑠璃乃,1047,6,4575,1759000,6,6,7,4,2,1,2,2,30
LX1L5FE2B,げし,4WWM4VVDK,蓮ノ空遊戯開発部,1213,3,4576,1758000,8,9,7,9,7,6,9,2,57
11PGZ0OE7,甘党のryo,CUAGDB62T,蓮ノ空ガノタ部,1478,15,4576,1758000,10,10,10,10,10,9,10,7,76
A0AML8PUN,メル,36DAM7HBL,蓮隠れノ里,181,0,4578,1757500,10,10,10,7,7,5,10,5,64
ZHA8KR27D,アカとんぼ,F08AHUJJ0,綴理のお世話係,1344,15,4579,1757250,9,9,6,7,7,7,10,2,57
K6JY9MLK5,オズ,41N8G98LV,花帆梢百合応援部,1234,3,4580,1756750,10,8,8,7,8,7,9,2,59
9CRNHC72D,葵葵子,NC2YT2V28,蓮之愛同予者何人,1278,14,4581,1756000,9,9,8,8,7,8,10,3,62
CTKS3NTN4,しょぬりっち,06DCWC1RE,とりあえず参戦用,1013,3,4581,1756000,10,10,8,9,9,9,10,8,73
F4XQXXDDH,ハバネロ,73N4AB3LR,かほ子のイオン,1490,1,4583,1755600,10,10,10,10,10,10,10,9,79
HJBWIPNM5,sevenoo0,YNR28303K,りんくらぶ,560,0,4584,1755550,10,10,7,8,8,7,9,5,64
MFH2F9YYB,塩化ナトリウム,MD802VP2H,専門演習F4,986,6,4585,1755400,10,10,10,9,9,6,10,4,68
4C9GAYEX8,さな,J0PT5EX42,スクスタモ部,445,2,4586,1754650,5,5,5,5,4,1,1,3,29
8GUCXR1Y5,あいうえお,2ULM366U6,毎日がエブリデイ,1231,18,4587,1754250,10,10,9,10,10,10,9,6,74
K7CDJSW5E,青空,3N7FL0U6U,destiny,1519,2,4587,1754250,10,10,10,10,10,10,10,10,80
LYU7T63JY,TR3.14,PULJ8VCHJ,蓮ノ空を推す会,413,0,4589,1754150,10,10,10,10,7,6,8,5,66
FJKADNEPH,卯月,FNMV166UY,蓮ノ空喫茶部,1142,19,4590,1753750,9,9,8,9,9,8,10,7,69
R63K94QIY,東條,9JTF508LB,スクスタ亡霊部,1235,0,4591,1753000,9,9,7,8,8,6,9,6,62
8A2KJKQN4,そねっぷ,22KJV2PUP,他人任せじゃダメ,1242,19,4592,1752750,7,7,7,9,7,5,10,2,54
S1HVER23E,ハーシー,95TAREFPT,ご自由にどうぞ,1323,6,4593,1751750,10,10,10,8,8,10,10,7,73
3KFRXLD01,もみヒゲ,0U8P451HT,ウィッシュボーン,1056,1,4593,1751750,10,10,7,7,8,7,8,2,59
J1M106G9U,ことりのおやつ,3BE2RELRC,見晴台,1335,5,4595,1751500,7,7,6,5,6,5,7,3,46
YN2NGFRX5,ハンバーガー,XXMU9WLKB,梢の機械さん,1046,1,4596,1750850,7,7,5,7,6,7,9,2,50
KCT0FD3B4,こえ,PH0YEPJD8,蓮ノ空北國金沢,1105,19,4597,1750250,10,9,9,8,7,8,10,6,67
7ULBV8HD6,ハンガー,5KK3DFY18,MUGEN∞,1309,2,4598,1749500,9,9,6,7,7,5,10,2,55
A04MI5SSQ,はるかぜ,1KDUBW4HB,めぐ党0番,1331,16,4598,1749500,4,4,8,3,5,4,6,2,36
30EDXE28D,悠仁@乙宗梢推し,XURY539UN,筑波大ラ研,473,0,4600,1749000,7,5,8,9,3,1,6,2,41
E9W37M1V1,yu-ki,TBX7N9RK5,つよつよなLH,1162,8,4601,1748500,9,8,8,9,8,8,10,5,65
0GKU2UV3W,てゃん,2K5AM4RV0,とろぺりです,1242,19,4602,1747750,5,6,5,7,6,1,8,2,40
5CCBYJWI2,ふぃなすず,F2M746D4B,頑張らないクラブ,1623,15,4603,1747250,10,10,10,10,10,10,10,10,80
DPANK2A17,みつのん,HNUF2ERN0,個人主義,1463,1,4604,1747000,10,10,8,9,8,9,10,8,72
A0GU1DYFR,Lilie,38KAJGDGU,異次元シャニP,1189,17,4604,1747000,10,10,10,10,10,10,10,10,80
9XX2VT6R6,koncin,N83DW3NYG,†極最強倶楽部†,524,0,4606,1745500,9,10,7,7,8,7,10,2,60
OHVFPTTWI,優利,FHN78V2DJ,無言でどうぞ,1127,10,4607,1745000,8,8,8,8,8,7,10,6,63
GC9CAL1BT,アサ,7MPNTWKTN,Dreamers,736,0,4608,1744500,10,10,7,9,9,7,9,2,63
CCS08NHS1,にわにわ,6WJW7R1TD,さやこずノ休日,1101,8,4608,1744500,9,9,7,9,9,7,7,2,59
P9BR11GA7,天地無用,0NLHKATWL,生きてるだけ偉い,617,2,4610,1744000,8,8,7,5,7,6,9,2,52
XVKE3TX7N,きちそん,X7YM9EG8K,伝統の石川地酒,425,0,4611,1743250,9,5,9,2,8,5,5,2,45
N1KVXP9P0,ダムド,FVJABCVP3,瑞蓮ラボ,1078,5,4612,1743000,9,6,4,7,9,5,5,2,47
92UL6EJMX,へいぽ,LB0RDFJVT,へい,230,0,4613,1742750,10,10,10,10,7,10,9,7,73
3VL5KDB0A,しぇぱ,7NJM1VURM,らんるん部。,405,0,4614,1742500,7,10,10,10,7,8,6,4,62
PN6C7CE77,はまもち,13VUDVFA2,もち,687,2,4615,1742300,9,8,7,8,7,6,9,4,58
QUKL6LTS5,ずお,H6CCL64P9,NATTO,1248,15,4616,1741750,10,10,10,10,10,10,10,4,74
W240C9WP8,こぱか,A3X92L6YU,お試し用サークル,1280,11,4617,1741500,9,8,6,8,8,9,10,4,62
28P4D7GB0,あら,3A63DYH54,LLすこすこ部,1124,0,4618,1741000,8,10,8,4,6,6,9,2,53
8JB94HF77,R,N2KCENRKH,猫＆旅大好き部,202,0,4619,1740875,5,9,6,5,8,5,2,4,44
SPC3NQBQS,タニオ,8ARWEB67F,蓮ノ空れぎゃ米部,1364,12,4620,1740500,10,10,8,10,7,7,9,3,64
02CWX6KIJ,ユー,FD24TD6C5,泥人,1005,1,4621,1740250,5,7,4,5,7,4,8,2,42
KV8OEFAVO,ほののん,BT22M41DV,梢花帆吟子同好会,1128,15,4622,1740000,10,10,10,10,9,8,7,5,69
2M9YRFRPA,たまごやきやき,NDGW77R2V,こず花帆尊い,935,2,4622,1740000,6,8,6,7,7,7,9,3,53
DBN0KNDEH,あいす,TK9E1BB1P,無言で自由,708,4,4624,1739925,8,7,1,8,2,6,2,3,37
MN3JBHAKR,sayuri,TMYMB72UG,蓮ノ空お絵描き部,314,0,4625,1739650,4,4,4,4,2,2,6,3,29
K1LDNMT14,Κενιη,MVMP6NNXD,空き時間らくがき,1083,7,4626,1739500,8,7,5,8,7,7,9,3,54
37U523EBY,ななつぼし,YDYH4VRRP,レンクウ,1032,12,4626,1739500,7,7,7,9,6,6,5,2,49
LLJGE3G2V,わおん,N0EXH1CM1,ぱちぱち徒町,1287,11,4628,1738900,5,5,4,5,5,5,5,4,38
15929XP5Z,とかまく,L1VGJTD5P,蓮ノ空お茶会部,1284,10,4629,1737750,9,9,5,10,9,8,9,4,63
O017GBZ7N,アイプル,73CBYJYB0,"oNM,",1452,10,4630,1736500,10,10,10,10,9,9,10,9,77
70G9VDGVA,スーサン,CMH1RXEGH,仮拠点,1307,19,4631,1735750,10,7,10,9,9,10,10,7,72
RJFX8NFUU,えるえる(ドクQ,4FXPC55PY,PPIHクラブ,1031,5,4632,1735500,8,10,7,9,7,5,8,2,56
2DGEPNUX7,Nonpee,6U5YRWNNY,あすて☆りずむ♪,941,1,4632,1735500,7,7,6,5,6,7,7,2,47
JK3RY8JT2,こうどら,6R5WAYC4D,どら,270,0,4634,1735250,10,10,7,10,6,4,9,4,60
BVXFBO1RX,緋色,GBEJMUFWT,めぐちゃんズ(仮,1141,9,4635,1734500,10,8,10,6,5,5,8,5,57
CP45O0T6V,ZR-7,7PJY920KD,むじな部,1023,8,4636,1734250,7,7,2,10,6,6,7,2,47
IK04UV2OB,くらり,VF517JBVB,無言でいいよ。,1070,0,4636,1734250,9,10,8,8,8,8,10,6,67
70IAG0P8P,やまぬっこ,2JK7E4115,ラ！推し,1222,11,4638,1732250,8,9,7,10,7,4,6,3,54
RLN6TRNTA,アイ,0YLUK30K6,蓮っコの集い,1389,12,4639,1731850,9,10,9,10,8,8,10,8,72
GEBWT9CLK,zarame,K3LMN5JHH,金沢カレーの皿,1324,2,4640,1728800,9,9,9,9,8,8,10,2,64
AUJ8GF5MB,トイーブ,DMDVHGFUG,インドネシア仲間,1182,17,4641,1728525,10,10,10,10,10,10,10,10,80
51XIBRBE5,東南東方不敗,YD2XWWFA4,蓮好き好きクラブ,1426,2,4642,1727500,10,10,10,10,10,10,10,8,78
WEV79L7C0,オロカブルー,MTBP3B4GM,ふらわーすきすき,1435,18,4643,1727000,10,10,10,10,10,10,10,10,80
R6FP8HFKK,ふるかね,R1RM3X0WV,後方腕組みオタク,1146,3,4644,1726750,9,9,6,8,7,7,9,2,57
6U6Y02F3F,ハープスター,CRYB2FJ64,つくよみくらぶ,917,4,4645,1726625,5,6,7,5,4,4,4,2,37
YDR6JY5M6,しろち,AWFDLJ1HC,小蓮花（重生版x,501,3,4646,1725200,3,4,10,1,6,3,2,2,31
DFB1M4MYD,たぬき,TRFPX8EX0,鬼塚商店,1359,5,4647,1722750,10,9,8,10,8,7,10,6,68
UKA2K44XM,ぱる。,FJMA5BPPE,蓮ノ空すきすき部,1011,9,4648,1721000,9,7,8,9,7,5,10,6,61
EK1PCRU6E,ねぎ,PUJ0ERCMW,蓮ノ空倶楽部,572,3,4649,1720500,7,6,9,6,5,1,2,2,38
L4P6V9CZ0,ウトク,V7768X8AC,せーので！,1419,16,4649,1720500,9,10,8,9,8,9,10,6,69
8HBTV376U,いのまる,JH5FX56N2,のんびり,427,0,4651,1720250,9,10,8,8,8,9,10,6,68
JO5VT64W2,つるぎ,9DKR4Y2CJ,蓮ノ空老人会,1281,19,4652,1719750,10,9,8,10,10,9,10,6,72
Y8NXV86XA,No.9,2L8R7GAV6,大賀美組,1196,16,4653,1719500,10,10,10,10,10,10,10,10,80
GUPJ2UDE9,たーぼー,NT2KU5174,こずかほ。,1139,2,4654,1719025,8,8,10,6,7,8,10,6,63
8HDR0CTD3,TKG,7AATUNUPE,無言サークル,1189,2,4655,1718750,8,7,5,7,7,5,9,2,50
2GCJ1MWUF,えだまめ,P3T2T39HF,新川地区ノ空,1032,2,4655,1718750,9,8,8,8,8,9,8,5,63
9Q0KE9EQR,そら,DMDVHGFUG,インドネシア仲間,1186,14,4657,1718550,4,9,8,8,9,2,10,2,52
OHRURSNPU,のの,35BYVN5AW,めぐ党員の憂鬱,1489,19,4658,1717750,10,10,9,10,10,10,10,8,77
RART0P7SB,ぶろっく,YLJ2PP4X4,全日本謝罪同好会,1377,4,4659,1717250,10,7,8,8,9,8,10,7,67
TBLF6N8A2,ゆーき,23PGPJ3NV,蓮ビギナーの集い,1084,3,4659,1717250,10,8,7,7,7,7,9,5,60
RFP277XPM,スガ,YNR28303K,りんくらぶ,1470,15,4661,1716600,4,3,5,4,3,2,2,2,25
F1H42RBBA,揚げ玉,RNJ306W6N,日曜日よりの使者,1107,1,4662,1716500,8,8,4,7,7,5,8,2,49
D96XA64BE,サイモン先生,VLY036Y5B,アフター気になる,481,0,4662,1716500,5,7,8,6,5,6,10,5,52
0KYQF022J,すみすみ,LY0XPW7NL,同棲概念強火派,1250,7,4664,1716250,9,8,9,8,7,7,10,3,61
H4Y685KA7,なお,YVV9CMBLW,東京公演で沼落ち,1157,8,4665,1716000,8,5,7,8,8,7,5,2,50
R8GBC98WG,支払い名人,V6DKUH6JT,報酬だけほしい,423,2,4666,1715700,10,10,5,1,4,7,1,2,40
06FFAY6WC,junbom,E7UBFLW56,同好会の同好会,276,0,4667,1715250,10,9,8,7,8,1,4,5,52
UEU2XJPPT,尨茸,XLBU65J86,花の壁飾りクラブ,1117,13,4668,1714750,8,8,7,9,9,9,5,4,59
R4P6HX1F2,はやた,KFC62L0FV,ねるねる同好会,1204,7,4668,1714750,10,10,10,10,10,10,10,10,80
559ICLU88,咲夜,N7GLY2RUW,百生銀行,920,4,4670,1714250,8,8,9,8,5,6,4,2,50
R3PC0R627,びーと,4FXPC55PY,PPIHクラブ,1014,8,4671,1714000,10,10,10,10,9,9,10,8,76
UH5J2MGTX,シンさんぽ,BXHX534VX,ぼっちサイコー！,1302,19,4672,1713500,7,10,10,10,9,5,10,5,66
7Y72TVZYY,Akukyo,279NUYU7C,れんこん,1225,12,4673,1713000,9,8,8,7,7,7,10,6,62
59HNJPC1U,お茶,05KN1RR3U,さやかほ花卉園,626,0,4674,1712000,10,8,9,9,7,7,10,4,64
ZEHSWEQLW,赤髪の刹那,AXG81GPMP,蓮ノ空マタギ部,1200,20,4675,1711750,7,7,7,8,6,6,9,6,56
5JVWDDW92,にけ,CWLK3KKHG,LGドルケストラ,1017,5,4675,1711750,9,5,9,6,6,5,10,2,52
9V4BYXJ10,アイテル,D52G2F1HV,いな民リンクラ部,958,3,4677,1711500,6,8,5,9,8,7,9,1,53
8H9W2VDA4,プカマル,PD80VCP5N,虹ヶ咲学園,1120,3,4678,1711425,8,9,7,7,8,7,10,5,61
PDLBUW7GX,そうめん,1XX6FWJRB,オートスキップ団,675,3,4679,1711250,10,8,4,6,7,7,1,2,45
C33KFBU1N,しゅう(^o^),AND13836G,乙宗梢親衛隊,868,6,4680,1710950,7,8,7,7,6,6,5,2,48
UNJMX2FV5,てるお,N2KCENRKH,猫＆旅大好き部,1197,3,4681,1710475,8,7,1,4,4,7,7,2,40
DNAOA014D,ミナト,07JW71HWG,良いチケで観よう,1301,4,4682,1710250,7,8,8,6,4,6,8,2,49
85YMLKW64,まゆき,Y2R7E79U3,カワウソ同好会,1220,17,4683,1709500,8,9,7,9,7,5,8,3,56
33ENHEREB,すまない,KGDNX3EF3,ENcircle,944,3,4684,1709250,10,8,8,10,7,7,8,4,62
K8KIAE882,青,LY0XPW7NL,同棲概念強火派,1089,7,4685,1709000,10,9,7,7,3,7,5,2,50
QK8CE7HOV,シンク,G0J2F9NAL,さやさやさーくる,1403,12,4685,1709000,10,10,10,10,10,10,10,10,80
4Y7J2MK4V,もと,N7GLY2RUW,百生銀行,1011,2,4687,1708750,8,7,1,10,6,4,6,4,46
FT079MUNE,しがない,5KK3DFY18,MUGEN∞,1315,4,4688,1708250,10,9,5,10,9,6,9,2,60
GWYZPXC5J,エレジー,75UJ5RB97,蓮ノ空雪野球部,1195,2,4689,1707750,9,9,7,8,7,7,9,4,60
FUUC30B3H,てん,R181MKNX1,みらくらは人生！,1294,7,4690,1707550,10,9,8,8,6,7,9,2,59
CZIOGHGFM,いっちー,CXG25026E,泥のみんなS,1659,10,4691,1706000,10,10,10,10,10,10,10,10,80
KSVQ1ADIM,もぐなむ,NC2YT2V28,蓮之愛同予者何人,1452,6,4692,1704880,10,10,10,10,10,10,10,10,80
GHGRRXML7,ほのか,DFFYFJ2B6,つづさや好き過ぎ,1221,5,4693,1704250,9,10,9,7,7,8,8,3,61
1LAH24JYU,なぎ^3,FG5VFFNRK,蓮ノ空おじさん,1474,18,4694,1704000,10,10,10,10,10,10,10,10,80
D0CXN1GEG,ヒト,EEP20F2M8,綴理の綴り,620,2,4695,1702750,10,10,8,10,6,2,1,2,49
M90IMSJBO,あこちゃま,WUK7VF22K,はすのとなり,1022,9,4695,1702750,9,10,9,10,8,7,10,3,66
PU7H7UY6H,ツバサ,3BC4HYKKT,AT,499,0,4697,1702250,6,8,7,7,5,5,7,3,48
4Y76GCLKG,てれ,6CLTCLEVT,猫屋さん,1010,2,4698,1702000,10,10,10,10,10,9,10,8,77
EP02CPKK3,らららら,CY3GGDH7H,㍿キモ・オタク,348,0,4699,1701000,7,9,7,8,7,6,9,2,55
7MYPV03UE,urume,KJU0BU77M,無言交流なし,1265,8,4699,1701000,9,10,8,9,9,7,9,2,63
3FCUYWNGY,観月しおり,Y6JNPC60C,綴理メイト,1412,4,4701,1700750,10,10,10,10,10,10,10,10,80
U7ALH8YMB,アベエル,4RATY4E84,DC大好きクラブ,1092,2,4702,1700500,8,8,7,3,6,6,6,2,46
6TN7KTB8R,の,XCRHL4A94,こんにちわ〜,601,2,4703,1699900,10,10,7,9,9,10,9,7,71
VYJWE7127,ほっさん,ERVDJMHPF,敦賀第二機関区,1204,8,4704,1699250,9,5,6,8,7,7,8,3,53
TT3AFK1E5,Ur,7D5TKBG45,リ!リ!リ！,1297,20,4705,1699000,8,6,8,9,7,7,9,4,58
IY82P74JP,相鉄,9JTF508LB,スクスタ亡霊部,1290,18,4705,1699000,10,9,10,10,8,10,10,8,75
AL66PFU3A,マクラ,PHEKJB75C,乙宗四季恋愛㌠,1224,4,4707,1698500,10,10,4,6,5,7,7,4,53
109NVTTG9,ツムジ,WTJV514G9,蓮ノ空のお弁当屋,1293,7,4708,1697500,10,10,9,10,10,10,9,5,73
N5RXNRMNM,ミック,VVMVJE2R7,吟子ちゃん応援団,1379,18,4709,1697250,10,8,10,10,8,8,10,4,68
1G00E418P,(´･ω･｀),0JCT9R049,蓮隠れノ里弐,1125,3,4710,1697000,9,10,9,8,9,5,10,2,62
CMIMM8MB7,ディスク,VL9XHRPWC,蓮っ子(28%),1590,8,4711,1696750,7,6,4,6,7,7,8,2,47
B07GMFTWN,こみ,FE282F3VH,天悶部,1235,16,4712,1696700,10,10,10,9,8,8,9,6,70
C45S83ZHQ,すやP,95TAREFPT,ご自由にどうぞ,1465,19,4713,1696225,10,10,9,10,9,9,7,7,71
NGJ0XGFNW,おいも番長,AH27N260E,百生信託銀行,648,2,4714,1695750,7,6,10,10,6,10,7,7,63
ENC8J4L1E,ビル,7XH3K4GBT,LLP,1381,4,4715,1695280,10,10,9,8,8,8,10,7,70
37SA46D0Q,西山剣骨頭,427WENUC4,心の癒し～蓮ノ空,1206,12,4716,1695250,10,8,6,9,8,5,8,6,60
WJNOW6YZG,スノードロップ,NL1MPRG05,とりあえず,1024,12,4716,1695250,6,10,7,9,5,2,7,3,49
489AW5M75,fal,9P9EPKFHE,無言参加OK,339,0,4718,1695000,10,10,8,10,10,6,7,2,63
WTUNPLET2,はまー,E7UBFLW56,同好会の同好会,870,0,4719,1693250,8,8,7,8,6,4,7,2,50
52X7ZBP3C,ゆゆゆ,06DCWC1RE,とりあえず参戦用,1293,14,4720,1692000,8,10,9,9,8,9,10,7,70
F7G521NKU,みくる,EEP20F2M8,綴理の綴り,1191,10,4721,1691250,8,9,5,6,6,7,9,2,52
B2EGD7FJ7,Bleu,2AUM7L9BW,蓮初心者クラブ,1112,15,4721,1691250,9,10,10,10,6,5,6,3,59
DE1JVYNWP,リノラ,0R8BXPRC1,ポチっ！とクラブ,970,2,4723,1690750,10,10,8,10,8,10,10,6,72
FX71RE30Y,こびー,KXB93FVTR,ブルームガーデン,1400,4,4724,1690500,6,8,6,8,9,7,10,6,60
BX4TE8G01,Lisato,H6CCL64P9,NATTO,790,2,4725,1690250,10,10,8,10,3,4,1,3,49
X1NQ95GZ8,トモロ,PB5NM9HRA,歌蓮ティールーム,1219,1,4725,1690250,10,9,7,9,8,8,10,3,64
PCF21X3CG,やぶろっきー,DF7FA982P,蓮ノ空百合部,1160,19,4727,1688625,8,7,7,8,10,8,10,2,60
7ETY1CUXV,はぐれ,NA8FEYN0M,蓮ノ空飲酒クラブ,763,0,4728,1688500,4,10,5,2,2,4,1,1,29
9BWD924LQ,ぴの,L1VGJTD5P,蓮ノ空お茶会部,1160,7,4729,1687750,10,7,5,7,8,7,8,2,54
C6H3TDKF7,shiro,73VTANA71,隨緣努力^▽^,551,0,4729,1687750,10,10,10,10,7,10,6,5,68
CWII70H91,ティガー,948FLPMPN,まったりハス煮〜,1302,3,4731,1687200,7,9,6,7,6,5,8,2,50
K1R4FP7K2,ショウ.,L6MF2MPBN,みらくらぱーく党,578,3,4732,1686750,8,7,8,1,8,4,2,4,42
4CXM8XMPT,くぅ,A7WWE0463,蓮ノ空初心者部,523,2,4733,1686000,9,6,10,5,7,5,4,2,48
OKCYEGBCK,貴之,F8MLHU2NV,乙宗梢様､､､,1339,1,4734,1685250,10,9,7,7,7,7,10,4,61
48TBWPLQE,かたこと,58FD7UF8J,としとしサークル,1127,1,4734,1685250,7,8,7,7,7,7,8,3,54
00MH3P2WY,SkyEagle,U740C25T1,ごろちゃんず,981,6,4736,1685000,10,10,9,10,7,7,7,7,67
N0RU7XDMX,ショウ,VY26V3P0K,AltF4され隊,1124,14,4737,1684250,9,9,7,8,6,5,10,4,58
A4OD0AEQ6,ROUVIS,8YNHW7530,虹ヶ咲、蓮ノ空,1114,4,4737,1684250,10,9,7,8,8,5,8,3,58
13UK8JHJB,K.きくち,JRFM5DW6T,咲く蓮の花,1261,19,4739,1684000,10,10,10,10,10,10,10,10,80
HC2Q3Y4OD,めぐ党員ふみりる,5JA9K5FAK,オタサーの姫芽,1091,0,4740,1683750,9,8,7,7,9,8,7,3,58
TQDR5AS2E,エム,0CBM28JP6,ほうき星,1265,15,4740,1683750,10,10,8,9,9,8,10,3,67
3F31J940C,たかみ,95TAREFPT,ご自由にどうぞ,1282,5,4742,1683500,6,8,6,6,6,4,7,2,45
E0JVER8EX,オグケイ,XURY539UN,筑波大ラ研,269,0,4743,1683250,10,8,6,7,7,5,8,3,54
7MIRKAP4P,ふぃあ,0R8BXPRC1,ポチっ！とクラブ,1266,3,4743,1683250,5,5,10,7,8,7,10,2,54
J2BDJFQCI,じま,FLVHVPJC5,指出と指出検地,1212,0,4745,1682925,10,9,6,8,7,7,9,6,62
WN2KMADQJ,モルガナイト,V6DV6KETG,梢好き好きクラブ,1244,8,4746,1682750,9,10,8,8,8,9,10,5,67
0CTRLY6DH,姫芽党,WJGWLM56V,ぎるてぃぱーく,1028,9,4747,1682700,7,8,1,6,4,4,7,3,40
U7484EGYT,山下　袷之,XVTV7MVCX,雪月花,516,3,4748,1682500,5,3,1,5,10,4,1,2,31
0VHTXBDEA,Maki,REUA4H17B,LLLLBR,368,0,4749,1681750,10,10,10,10,9,9,9,9,76
0J92BMJHV,りゅうざき,4NDAG5E9N,国産牛のにげあし,766,0,4749,1681750,9,8,6,9,8,6,6,4,56
OW91V21OW,こなこな,N752V1LD6,思想の溜まり場,1268,5,4751,1681500,8,8,7,9,9,8,9,2,60
U6AJ7YPJ9,こおりやま,LUDNM40F8,ふくふく無言OK,1229,9,4752,1680500,8,9,8,8,9,6,8,4,60
NJDM7A084,ガンズ,UHF5Y8PEF,さやちゃん倶楽部,999,4,4753,1680075,7,8,8,7,7,7,7,2,53
Y68CPTM01,ごろちゃん,U740C25T1,ごろちゃんず,1023,9,4754,1679500,9,9,7,7,4,5,9,4,54
8N5CGXT6A,あるえるあ,9FF5JBNDF,めぐすきクラブ,790,1,4755,1679050,10,10,10,10,9,9,10,9,77
78RYGYT9Y,Corus,PPAHU1TNY,蓮ノ空のんびり部,1101,4,4756,1679000,9,8,7,7,7,7,9,2,56
HK50VD5IV,かめワイ,5KK3DFY18,MUGEN∞,1281,3,4757,1678750,8,8,4,7,6,5,5,2,45
R229CDAF3,緑園えぼし,X7YM9EG8K,伝統の石川地酒,1613,19,4757,1678750,10,10,10,10,10,10,10,10,80
LITMEQZOE,Renaria,279NUYU7C,れんこん,1349,13,4759,1678500,8,8,7,6,7,5,8,2,51
3Y2YMWFNC,かんこな好き,7XH3K4GBT,LLP,1038,2,4759,1678500,9,9,6,10,9,7,10,6,66
XKT6N1G87,うら,C8WCYKBU4,蓮,1324,1,4761,1677750,10,10,10,10,10,10,10,10,80
81NN9FK89,蓮ノスカイ,1CH3NK9UJ,未来ガジェット部,914,2,4762,1676750,9,9,8,9,6,9,7,3,60
54A925M93,おぼろクマ,8EX9KUG3E,コズエとツヅリ,1143,13,4763,1676000,6,9,6,7,7,7,7,2,51
AL4F17ILT,さくらんぼ,7R8NKPAB1,花帆推し倶楽部,998,6,4763,1676000,10,9,7,5,8,7,6,5,57
JSSXJDU4T,SWing_,97BGFLKW9,◯◯◯,1140,4,4765,1675500,9,6,4,4,4,4,4,2,37
GX6RCKV75,もんしな,RN5BT2ECF,泥,786,0,4766,1674850,8,10,10,8,7,7,7,3,60
QUGYQH3ST,中村,WAT20PN3Y,こな党,1422,19,4767,1674750,8,8,8,9,7,6,10,3,59
7JWS0H3F9,- prj -,MCKLPUFF4,J⚽x蓮サポ,1440,9,4768,1674500,10,8,8,10,7,10,10,7,70
RX1PYAC0A,ハマジ,X784G0GKM,異次元から来た,1048,3,4769,1674000,8,8,7,9,9,7,8,2,58
FCSF9I6I6,ふらりん,6LJMPLM0V,蓮が大好きクラブ,1263,7,4769,1674000,8,8,6,7,6,5,8,2,50
BV4RGU6LJ,ゆゆ,D1YHB0B1A,BWO,1015,1,4771,1673900,7,8,4,6,6,6,5,2,44
C9Y2JCXGT,まーさ,9EY08NNF4,お茶にしましょう,1225,19,4772,1673750,9,8,7,8,6,6,7,6,57
MVDB0451D,和三盆,PH0YEPJD8,蓮ノ空北國金沢,1021,6,4773,1672750,10,10,10,10,10,9,10,9,78
HM27XA62R,暇猫,V7768X8AC,せーので！,1168,8,4774,1672250,10,10,9,10,9,8,10,6,72
ILS80MLXY,友貴（トモキ）,M851LEV3N,なっす父兄,1286,7,4774,1672250,7,7,7,8,8,6,8,2,53
MTEALG8VB,りんご,0CEA9XFKR,蓮ノ空の泥人会,1074,8,4776,1671750,8,7,9,7,8,7,10,2,58
W5MNEVWF3,ゆう,WHWT61ELR,【無言】ハスノソ,1168,6,4776,1671750,7,7,7,8,7,8,7,4,55
KDE5JANNY,シェバ,WLBYGHXPD,大天使村野さやか,1075,2,4778,1669500,6,10,7,7,6,4,5,2,47
YDIQLA0QG,すたり(オーガー,4FXPC55PY,PPIHクラブ,1366,4,4779,1669250,7,8,5,7,7,7,9,2,52
R5WEB9KV9,くりけん,B2KV0EVPD,蓮ちゅきクラブ,1363,5,4780,1667250,6,7,8,6,6,4,8,2,47
3XB9ET9L2,ぽぽしー。,KA1249N3H,沼津倶楽部,1042,10,4781,1667000,9,10,4,6,9,8,9,3,58
87U56P7UW,おるおる,T4WY63DB9,ういのま,1257,3,4781,1667000,10,9,5,10,6,6,10,2,58
FDYFJWRNU,イシダイさん,GKR9TEBYC,毎日がホリデイ♪,1007,8,4783,1666250,3,4,3,8,5,2,5,3,33
H31KE0QCU,ハバネロ,PPAHU1TNY,蓮ノ空のんびり部,992,2,4784,1665750,6,7,7,8,6,6,8,2,50
8V7DSGX7O,あかり,HKETDDCK6,ぼっちざ蓮!!,1153,0,4785,1664500,9,9,7,9,8,7,9,2,60
YWR5OAVJB,にこみらいす,A3472CNJE,ハントン✿ライス,1323,6,4786,1663925,5,6,6,6,3,5,8,1,40
DMW8AFW1W,かささぎ,2U4GLJXLJ,泥の中の養分,1070,19,4787,1661850,8,10,9,8,7,7,10,3,62
G0URX5UTJ,狐草子,KC1W74B9B,蓮六園,725,2,4788,1661750,10,10,9,6,7,3,8,3,56
3A6V3FFBA,夏夜の花,E050K9859,蓮党,1052,10,4788,1661750,7,7,7,10,9,9,7,7,63
6YDW1KPK3,いけ,F8MLHU2NV,乙宗梢様､､､,1306,6,4788,1661750,6,6,8,2,6,1,6,2,37
HDXT7K6TO,weeb,C0NDBKMRB,すりぃずぶぅ家,929,6,4791,1661500,10,8,7,9,5,4,2,2,47
B9YPWPJ08,アル,KGDNX3EF3,ENcircle,1241,11,4791,1661500,10,10,8,8,8,5,10,10,69
FM7U6PWXN,k329/シュウ,KULVP7FDR,アニマル分室,1019,6,4791,1661500,8,8,6,7,6,7,9,2,53
V2OTYH4Z9,Dolphin,5KK3DFY18,MUGEN∞,1434,6,4794,1661075,9,9,8,7,7,7,10,7,64
7KHXNPAWW,いろはす,N1DJVPGP8,いつでも咲けるよ,1245,5,4795,1660750,8,8,5,7,7,6,7,2,50
0FDDV7X7G,ぴよ,K25DPPGT9,圧倒的にまったり,1203,2,4796,1659250,9,9,7,8,8,7,9,7,64
AUM1ZV6P7,らい,PPAHU1TNY,蓮ノ空のんびり部,1388,4,4797,1659000,7,9,8,6,7,10,10,2,59
EGDNFP2WQ,ハマ,HE0GK3EPE,瑞蓮プロカ倶楽部,1260,11,4798,1657750,6,5,3,10,4,4,5,2,39
BATXTYUA0,一之瀬りと,UCF93JAPM,スワンプマン,1456,4,4799,1656800,8,8,7,8,8,7,6,4,56
UA0CB3PL8,ひめぎんすこれ,AVX749PPB,姫芽ちゃん親衛隊,154,0,4800,1656250,10,7,10,10,8,10,3,3,61
DHZOI3DZ1,たけのこ,L3NN1RWMY,アポロベイ海賊団,1419,19,4801,1656000,9,9,9,10,7,8,6,6,64
YBCG8HRKA,hyrr,M0T3JUMGL,めぐ推し,1285,16,4802,1655850,10,10,4,10,10,9,8,4,65
67P5PGFHE,か,TBHVUNGK6,ヨーロッパ軒,601,2,4803,1655500,10,5,2,2,6,1,2,3,31
1WFCRWAC7,TKK,9WVBK4U41,ENfans,694,0,4804,1655250,10,10,9,10,10,10,10,9,78
5P81MEUEE,シン,JWUL2T36L,チーム初心者,913,4,4805,1654750,10,10,9,8,8,9,10,8,72
6EA5VF2GH,「スミロ」,9JTF508LB,スクスタ亡霊部,1366,19,4806,1654500,8,9,9,9,8,6,10,5,64
34UHLH3JB,ガブ,UVN7G4X3A,闇のルビィ団,793,1,4806,1654500,9,8,8,10,6,10,6,4,61
EHIFJK7AF,ぽんかん,J0N1E3Y09,月火水木金土日,1221,12,4808,1654000,7,9,7,7,7,5,7,2,51
H7MVU0A93,ぽて,GYG7B5R36,幼馴染同好会,876,9,4809,1653900,7,8,3,7,7,4,6,10,52
XDCIT9E2H,マーチン,95TAREFPT,ご自由にどうぞ,1345,18,4810,1653750,10,10,10,10,10,10,10,10,80
9WONACD92,ユースケ,VAELB5B15,小平,1181,17,4811,1653000,9,8,8,9,8,5,7,2,56
C7EXYN3VN,瑞河喜歓部員,WCL6R1ANU,無所属の会,803,0,4812,1652500,8,8,8,7,7,5,8,3,54
TDTYCNO9S,アルコバレーノ,EECF9C0N3,蓮ノ空　茨城分校,1021,0,4813,1651500,7,9,7,8,8,7,9,3,58
15FR0HH26,はなみや,AND13836G,乙宗梢親衛隊,1018,8,4814,1650250,9,10,10,9,10,10,9,10,77
WY56SEDMT,あなた,J83JWJ028,大ㄇㄚˊ露營區,1230,17,4815,1650000,10,8,8,10,9,6,10,10,71
WMJ9LDTMW,オタクの極み,K8C99H42D,ルリと喜ド！愛楽,1018,4,4816,1649675,9,6,5,7,6,1,4,2,40
BZ80IDTFZ,젠카이노아이마스,HB9AU9DJJ,聖心党,1137,1,4817,1648750,10,8,8,7,7,5,8,2,55
045261KDL,loid,LT9K2FP23,慈党リンクラ部,320,0,4817,1648750,5,2,5,7,3,5,7,2,36
UFUDFBLJJ,ワラタ,BH9YH1YL5,ラブライバーの森,1014,9,4819,1647250,8,7,2,7,6,4,6,2,42
EFR83B0RT,ネオンチュ,8M6UDX260,ぽけもん好き,1069,3,4820,1646750,9,10,7,9,7,7,10,3,62
LDWJBCWGW,こけし,ELTW62751,安全バーは君の腕,1143,11,4821,1646500,8,9,8,9,6,5,10,2,57
RXZUHTNLA,トマケチャ,X7YM9EG8K,伝統の石川地酒,1360,3,4822,1646000,10,10,10,10,10,10,10,10,80
XYLR81X8M,ruirui,N1DJVPGP8,いつでも咲けるよ,1041,12,4823,1645875,5,8,8,7,8,8,5,2,51
ZYDH4J2RW,とってい,CW1FEUNC0,リンクラゆるぼ,1141,15,4824,1645750,8,8,7,10,7,5,9,2,56
P4XR3C9U6,TW_桑 プ,VP0K6KF0K,蓮ノ空大好き!!,972,4,4825,1645250,9,8,7,10,9,6,5,4,58
CV8NJNHVW,ponsaku,NA8FEYN0M,蓮ノ空飲酒クラブ,966,0,4826,1644000,10,9,7,8,6,5,9,2,56
PWBVNDHT2,瑠璃葉るら,6DWJ8JMJH,ばっどさーくる,1199,15,4827,1643000,6,7,7,5,6,4,7,2,44
6PPYW6WVM,Jkgjar,30VW9U24D,Bigカツ同好会,937,1,4828,1641500,10,10,7,7,9,8,8,2,61
2PJCQQ6VT,マルティネス,LHXNEF3D5,まるまるサークル,1224,0,4829,1641380,10,10,10,10,10,10,10,3,73
8YY2TCCWD,ASHermes,0JY7F3EKU,さやか愛でる会,980,2,4830,1641000,10,10,6,5,5,5,8,6,55
TVBX82417,ラテ,TXNCTRR1U,瑠璃乃推し隊,1203,4,4830,1641000,7,7,5,10,7,5,10,2,53
GBYY4YMY0,蓮ノ土(つち),CM5THHYHB,「」ノ空だけれど,1272,16,4832,1640500,10,9,7,10,10,1,10,2,59
1L1B6H4U0,mfyyu,7NJM1VURM,らんるん部。,484,0,4833,1640250,6,4,7,10,6,2,9,7,51
4UYG3K39B,misora,WJY2HK6A5,蓮の空イベント部,1349,19,4834,1639700,10,10,10,10,10,10,10,10,80
D9GJ4F9JT,.,6BFC4G5YG,蓮ノ空足湯同好会,1071,19,4835,1639250,8,7,6,10,10,4,9,2,56
0VNZR6SUT,boba12,HB9AU9DJJ,聖心党,1337,19,4836,1639000,10,10,10,10,10,10,10,10,80
85H6QO50D,たこ焼き,PHMJLJY5E,ラブライブ愛好家,1020,7,4837,1637800,9,8,6,6,5,1,10,2,47
DV044C5S9,侑ちゃん,487R5RVJ9,ヒトリ,988,2,4838,1636850,6,8,4,6,7,9,5,2,47
1D85LXNSN,きんぴら,KA652DGYV,ゆるリンクラ,1434,7,4839,1636750,9,8,5,10,8,6,10,2,58
8P9DB4M9B,海翔(かいと。),UYCT3Y4JK,蓮っ子,1363,19,4840,1635900,10,10,10,10,10,10,10,10,80
7TFGLDYA6,だいだい,FG5VFFNRK,蓮ノ空おじさん,1233,12,4841,1635750,10,8,8,10,8,7,9,8,68
L4D2YT9HW,しゅがぼー,V7768X8AC,せーので！,816,2,4842,1635425,7,6,6,9,7,5,3,2,45
331HYOB4T,明星,WBXF9XXW7,さやつづ愛でる会,321,0,4843,1635250,10,8,5,1,9,3,2,2,40
1PULVYJ3T,Mr.カズサ,J5CJ60JTY,Jサポx蓮ノ空,1032,15,4844,1634750,3,6,8,10,7,4,8,2,48
K0VWNO9RA,ルシ。,V26546K3D,乙宗気合筋肉,1381,3,4845,1634250,8,8,7,8,7,7,10,2,57
CWH8HF8R9,Risu,Y4G0KF6NB,無言でやる会,808,0,4846,1634000,4,8,5,5,5,4,4,2,37
1BELD3S5I,星野優花,YM72HRVCF,ワンニャン部,1461,3,4847,1633500,6,8,8,8,7,7,10,2,56
8HAZPXVW4,syan,A9MA307FX,楽しいが一番,1379,6,4848,1633250,8,8,7,10,8,5,7,5,58
MTCEL4090,うぃき,948FLPMPN,まったりハス煮〜,1378,11,4849,1633000,10,10,10,8,7,7,10,3,65
THLXUC8XM,ChunZura,TXNCTRR1U,瑠璃乃推し隊,878,3,4850,1632000,8,10,6,8,4,5,7,2,50
P9JLPPJW3,case_kk,6BGTJB90L,case_kk,689,0,4850,1632000,8,7,7,7,6,4,7,3,49
C1REEM5XO,きむ,8YDE8BXJT,ずんだシェイク！,1329,8,4852,1631750,9,9,5,7,7,8,9,2,56
F3LM4E30H,あびわん,69JYHU29C,ワンゲル,1142,1,4853,1631500,6,7,5,7,8,4,5,2,44
3DV369HW4,はとたらう,BKUHCT7WF,蓮女お嬢様部,1285,14,4854,1630500,10,10,10,9,10,10,10,6,75
V8D5X67D5,(き)どりや,YM72HRVCF,ワンニャン部,1305,16,4855,1630250,10,9,8,10,9,8,10,10,74
JH3RLHA6C,じ~さん,6NLPKL7D9,ご自由にどうぞ,1181,0,4856,1630000,10,10,7,8,6,7,8,2,58
WRVA5GPYJ,ニンジャ,AXG81GPMP,蓮ノ空マタギ部,1065,4,4857,1629750,8,8,8,6,2,5,9,3,49
55NOFQECS,双葉,L1VGJTD5P,蓮ノ空お茶会部,921,3,4857,1629750,4,4,6,6,6,4,7,3,40
JNM0HFUXA,唯,NC2YT2V28,蓮之愛同予者何人,1183,10,4859,1629510,9,6,7,6,4,6,10,4,52
6LP7HXF8R,はる,JE7V5MM31,蓮ノ沼に沈んだ泥,1086,12,4860,1628750,7,10,10,10,9,4,8,2,60
6D7P6MM0C,愛月天,R9NGK6L48,のんびりサークル,1128,4,4861,1628000,7,9,5,7,7,7,8,2,52
T6T5TPJBO,しきし,BCJRMHE75,梢すきすきクラブ,1165,2,4862,1627500,8,8,6,7,7,5,8,6,55
SW6YQZLBU,しろみざかな,LX25CP0TG,深夜の芋煮処,1207,17,4863,1627250,8,5,6,8,8,6,9,4,54
JPTC9N7P9,午後の紅茶,DFXN9DB2H,どんぐり共和国,993,13,4863,1627250,10,7,6,10,2,7,8,2,52
9E5DDVUL2,ナガリス,NLTAB4BLF,蓮ノ空ゆる活動部,737,2,4865,1626380,9,7,10,8,6,7,8,5,60
A40DT357H,ポチェッティーノ,2AUM7L9BW,蓮初心者クラブ,360,0,4866,1626000,10,6,7,7,6,6,5,2,49
S1FZT5QOR,くみ,CV62FGL1U,花咲かせ隊,1329,5,4867,1625750,9,8,7,6,7,7,8,2,54
F19L6MHGA,白羽　九音,9AYD3XJ2D,ぺんぎん隊,1264,18,4868,1625500,10,9,9,10,8,8,10,10,74
MMQ9SKZMR,"赤福oNM,",73CBYJYB0,"oNM,",1565,15,4869,1625450,7,10,6,7,9,6,7,7,59
4GK3B17G8,今富吉人,N0JXLUDHV,そろ,1149,16,4870,1625300,10,10,10,10,10,6,7,2,65
CV9W5ZMMX,のりゆき＾＾,WHWT61ELR,【無言】ハスノソ,1519,3,4871,1625000,10,10,10,10,10,10,10,10,80
NC9GIFJB0,だむ,HE0GK3EPE,瑞蓮プロカ倶楽部,1464,18,4872,1624025,4,4,6,3,4,3,4,3,31
QRZWL66DH,あゆりら,W189BP629,みんなのみかん畑,999,6,4873,1623250,6,8,4,10,6,4,7,4,49
LDN01K65D,てんつく,GPKTRBCTT,騎空団蓮ノ空支部,980,2,4874,1622750,10,10,8,10,8,8,9,5,68
8FNJXMV4L,ごめす,6FWRD1K40,いちじょ海賊団,1242,3,4875,1622600,10,10,10,10,10,9,9,2,70
RHJP1E0BV,せんちゃん,HXVYGL96H,初々しい対抗戦,529,0,4876,1622500,9,7,8,4,3,2,2,2,37
73LBJV151,降雨,L1VGJTD5P,蓮ノ空お茶会部,1011,0,4877,1622250,7,7,1,10,7,7,7,2,48
PPEDGMPND,たびぬま,YNR28303K,りんくらぶ,1194,0,4878,1620750,10,10,10,9,8,7,9,3,66
KOW83E3AJ,りっかつん,T56X6LP0L,光の海,1357,19,4879,1619750,9,8,3,7,7,6,10,5,55
WGQGRIDWV,シノ,FHN78V2DJ,無言でどうぞ,1271,6,4879,1619750,9,9,7,7,6,6,9,6,59
KW0V2VLU7,Cyan,9JTF508LB,スクスタ亡霊部,1507,8,4881,1618750,10,10,10,10,10,10,10,10,80
45WP86NLU,風月,FNMV166UY,蓮ノ空喫茶部,1183,12,4882,1618000,10,6,6,8,7,9,9,4,59
U2K94DHQ6,minatrap,W3F0URUJC,梢先輩応援団,1311,17,4883,1617250,10,10,10,10,10,10,10,10,80
40K5I03U6,KD,UHF5Y8PEF,さやちゃん倶楽部,1353,19,4883,1617250,8,10,9,10,9,9,10,8,73
U76XHH9FL,ころも,DH97ANN9G,ツキマカセ,757,0,4885,1616750,9,8,9,7,7,7,3,3,53
UUZU7G6I2,蜜柑の皮,D7H8MN2U4,LLD,1357,4,4886,1616600,6,7,6,5,6,5,7,2,44
CNH8CSW38,Naitora!,998H940YN,お嬢様筋トレ部,1355,19,4887,1616425,10,10,8,10,9,10,10,8,75
AE6Y551TC,夢幻王,GYJ3C6TKR,綴理先輩好き好き,1390,2,4888,1615950,10,10,10,10,8,8,9,4,69
9DJF80R52,Rinha,MWT91W455,つづこず大好き部,1129,14,4889,1615750,8,7,4,8,5,3,7,6,48
CCR02VR7N,もっちゃりん,2DYYAPFVN,蓮っ子村,1128,2,4890,1615500,7,7,7,7,8,5,10,3,54
48EJJ8PD4,yuc,WCL6R1ANU,無所属の会,835,4,4891,1615475,10,10,10,10,7,10,4,8,69
SPB7V8ZPN,レヴィアタン,K4TAHF9YA,はすっこ準備室,1244,18,4892,1615000,7,10,10,10,6,4,10,5,62
UFEA13M4N,こう,4RY75CKM4,LLすこ部　メ募,991,12,4893,1614750,10,8,10,10,10,10,10,8,76
4A5IRTFZ5,いづき,7P4CAER9X,まったり倶楽部！,1011,6,4894,1614000,9,6,6,7,8,5,4,2,47
88DNEW6GJ,高咲ひろむ,J8HXTJ8TB,流し素麺同好会,1049,5,4895,1613500,6,6,7,2,2,3,2,2,30
W2R5M4U5H,s,KC1W74B9B,蓮六園,1060,10,4896,1613250,10,9,9,10,8,9,10,7,72
B44J488GF,N@2(ナツ),H3T7BH4N7,リンクラまったり,1319,19,4897,1613000,5,4,7,10,6,6,5,6,49
CBU4LU5TA,もりか「づ」,X7C21B7H7,泥,1236,7,4898,1612500,8,8,6,8,8,6,7,5,56
4H2X8HG38,和泉ゆき,3YWMY4JVN,82プロ,1202,2,4899,1612250,8,9,7,10,6,5,10,2,57
MEPHLYPLJ,セ,RXXUPMWB9,待機室跡地観測所,476,0,4900,1611750,6,8,8,8,8,9,5,5,57
66RIGCKMN,ハニレモ2023,ACVP58JT7,音浦虹結蓮,1211,2,4901,1611675,9,10,9,9,6,7,9,2,61
GB2ISVBH9,めろん,W3F0URUJC,梢先輩応援団,1088,10,4902,1611200,4,6,6,4,7,4,7,2,40
ZOGVLWTNX,トエラ,WLBYGHXPD,大天使村野さやか,1145,4,4903,1611000,9,10,10,10,10,7,10,7,73
25CG5VEF6,すう,JWUL2T36L,チーム初心者,668,4,4904,1610500,8,9,5,5,5,2,4,2,40
6MM5VH5ER,bera,XA0XD41CM,ぼっちぼっち,531,0,4905,1610250,6,10,8,6,5,3,8,2,48
PQRROKSED,Shiron,2VJG66JTH,まったり,785,3,4905,1610250,10,10,8,7,8,8,8,3,62
TIM4PFF7L,ごんくまっき～☆,1EBG7YUTL,菅！CAN！叶！,1426,18,4907,1608650,9,9,10,10,4,6,10,2,60
1DNN13CG7,りん,JX0BXWNWH,新米蓮好き好きC,150,0,4908,1607750,10,10,10,10,10,10,8,8,76
O983R2GQN,真姫まきまー,3JDDUYURT,無言,1227,19,4909,1606000,6,9,6,9,6,6,10,5,57
TDJJBLMG0,YU,D7UA5ER1E,UR報酬欲しい！,879,2,4910,1605975,8,9,6,8,7,5,5,2,50
TL2JOIBA1,さかたま,EFF4703GY,ゆるっと,1067,7,4911,1605250,10,7,6,10,9,7,5,4,58
H5V0MEMRU,イモ子,0CEA9XFKR,蓮ノ空の泥人会,1265,7,4911,1605250,10,10,7,8,9,7,10,4,65
T9MBX8KX0,ちょす,CRYB2FJ64,つくよみくらぶ,1041,13,4913,1605025,8,5,8,6,7,10,6,2,52
R3J3VX0Q3,Shin,4RY75CKM4,LLすこ部　メ募,1192,3,4914,1604750,8,7,5,7,7,7,9,2,52
RPUCAKV1A,チャットGDP,6C9R15BLY,スクスタ避難民,1115,2,4915,1603600,10,9,9,6,9,6,10,6,65
BYGIUGFV8,ぉまま,R09FX9JHJ,くるくるさーくる,534,0,4916,1602500,8,9,6,10,6,6,5,4,54
STYD2YWWM,ごば,Y2P9LABR2,スクステ同好会③,1399,18,4917,1602250,8,8,7,9,10,6,9,6,63
WTG4EH2HD,rinkanan,VY26V3P0K,AltF4され隊,676,2,4918,1602000,10,10,10,8,10,6,6,5,65
YZTDBN459,コユト,XCRHL4A94,こんにちわ〜,1051,7,4919,1601750,8,6,8,8,7,5,5,3,50
6D0P7IPF9,aki,0YLUK30K6,蓮っコの集い,1077,12,4920,1600750,7,7,5,9,8,7,7,4,54
RA3GM5CWG,もこ,6UAFKBRPN,リンクラ初心者部,596,0,4921,1600500,10,8,8,10,7,8,10,5,66
XHTF8HCNB,みりん,E515TRU1G,起きろ夕霧綴理,1122,14,4921,1600500,10,9,8,7,6,5,7,2,54
YG52CAR85,あらもち,C9DAJ6YFV,のんびり,1021,8,4923,1600250,7,6,8,9,8,8,6,2,54
6RL6QTOF7,小路,4NFMU2WME,好きだかんな？,572,1,4924,1600000,7,4,6,3,5,4,2,4,35
7Y0UV45J4,你好謝謝小籠包再,PF9Y722AR,うぐぇ,1066,7,4924,1600000,9,8,6,7,7,7,7,2,53
J8FCRHPAN,エリー千歌,6C9R15BLY,スクスタ避難民,1099,1,4926,1599800,9,9,9,7,8,8,9,6,65
HABC12MD0,赤騎士,8NFDBY4L5,浄龍桐生会,833,0,4927,1599500,7,7,4,7,6,4,7,2,44
DDD37BRPJ,ヒヨコマメ,R520TNWET,ホリホリクラゲ,891,3,4928,1598250,6,9,9,10,6,9,8,3,60
28NDA9AMH,Raymond,LUDNM40F8,ふくふく無言OK,936,8,4929,1597500,5,8,5,8,6,3,5,2,42
ADGKEX9K6,３号,WCL6R1ANU,無所属の会,1189,3,4930,1597250,9,9,7,8,8,8,4,2,55
HYML58FJ5,冬虫夏草,9E910GGD2,蓮ノ空給湯室,1216,9,4931,1597000,10,10,10,10,9,8,10,4,71
S9K67HE46,るな,PDMPF3VVV,r/LL,1196,12,4932,1596750,9,9,9,7,8,7,7,2,58
P666WL615,水餅,HWMV33W7Y,フラワー泥民館,1215,0,4932,1596750,8,10,7,9,7,7,10,4,62
TKHGQ7D7J,ヒデ,G0WRCNRWK,県立沢庵図書館,1011,2,4934,1596250,8,7,6,6,7,7,4,2,47
5KVO11D33,バラきゃんと,UAD14JPWL,泥ん子(仮),1488,15,4934,1596250,10,9,9,10,8,8,9,3,66
SY66UXVUS,Maria,LUDNM40F8,ふくふく無言OK,1212,1,4936,1595500,10,10,8,8,8,8,10,6,68
WEL69NWEA,はしげん,D7UA5ER1E,UR報酬欲しい！,1247,5,4937,1595000,10,10,10,10,10,10,10,10,80
LR9YC02U5,bicai2,CG883T34N,蓮ノ空美化委員会,841,0,4938,1594750,8,10,7,9,8,6,10,2,60
0OFG4D48O,マニミミ,X7YM9EG8K,伝統の石川地酒,869,6,4938,1594750,6,6,10,10,2,9,4,2,49
CDTVPL2BX,LIGH-KOU,K25DPPGT9,圧倒的にまったり,1384,10,4940,1594575,10,10,10,10,10,10,10,10,80
A0C30L1EP,しらす,AVX749PPB,姫芽ちゃん親衛隊,613,0,4941,1594000,8,4,5,7,4,1,6,2,37
R258NV5D6,シノ,H0DV3JJGA,かほさやてぇてぇ,1176,10,4942,1593150,10,9,9,10,9,8,10,3,68
5YEKCXMGT,めぐ党,GWGDMA3YC,初心者無言自由だ,963,0,4943,1591750,9,6,6,10,7,8,9,4,59
JUX4C8WWB,まるぐ,BEMED3RY1,無言無課金ok,1206,2,4943,1591750,7,10,7,7,6,6,8,1,52
67808E5KR,花枝,08DDCV5JN,黒ねこのしっぽ,761,0,4945,1591500,10,10,8,10,7,7,7,2,61
1YG4CJYLL,よっぴー,A3472CNJE,ハントン✿ライス,1251,2,4945,1591500,10,9,5,7,7,7,7,2,54
3REWWLTUW,お米,AXG81GPMP,蓮ノ空マタギ部,1168,13,4947,1590750,10,8,8,9,8,7,10,6,66
XJRADRN7J,ウサンドラ,FTY0R8KPH,泥の皆様,1177,14,4947,1590750,6,7,8,8,8,7,10,3,57
4Q9Y0X07Q,きゃくたす,N34LHVJKN,のんびり堂,1179,1,4947,1590750,8,8,6,7,6,7,9,2,53
70XH5802C,おだっしー,KA652DGYV,ゆるリンクラ,705,2,4950,1590300,10,10,10,10,10,10,10,10,80
WNG4YNTXU,雄一狼,26CAPRWLJ,大倉庫救助隊,957,0,4951,1590000,4,7,5,5,4,4,7,2,38
3YDYX453J,バジリスク鈴木,U00TP03KP,阪大リンクラ部,661,2,4952,1589250,10,8,10,7,9,7,9,2,62
3PYG884Z1,KiKO,WHWT61ELR,【無言】ハスノソ,1154,15,4953,1588750,9,7,4,6,9,4,4,2,45
K58HNU79B,アンディ,YD2XWWFA4,蓮好き好きクラブ,1454,16,4953,1588750,9,10,5,9,7,8,10,3,61
DRDX1HATJ,Roon,7MPNTWKTN,Dreamers,866,4,4955,1588000,7,10,9,8,9,7,10,6,66
D85NWAC8A,ぬまし,AXG81GPMP,蓮ノ空マタギ部,1189,7,4956,1587750,5,6,6,1,4,1,1,2,26
NFYUZ7V8Y,firehooh,EYEPHE14G,花上梢頭,1427,10,4957,1587550,9,8,7,10,8,7,10,2,61
RGT5PH9MW,みんみん,9FF5JBNDF,めぐすきクラブ,1358,16,4958,1586750,7,7,6,9,10,7,9,2,57
6FTC54YPT,クローゼ,E7UBFLW56,同好会の同好会,1322,2,4959,1586500,9,10,8,8,9,8,10,2,64
LWSYKL0X0,おじ,YCTM6RYDP,金沢おでん同好会,1442,14,4960,1586250,10,10,10,10,8,9,9,7,73
JUDKY3UR6,pannkuzu,0PFGRW8W0,ごはん処,829,2,4961,1585500,10,10,8,9,7,7,8,7,66
XVADQFLJ6,kero,LHXNEF3D5,まるまるサークル,1261,15,4962,1585250,10,10,10,10,9,6,9,4,68
Q85ILMBY4,さくのきてる,9JTF508LB,スクスタ亡霊部,1065,2,4963,1585000,7,7,5,6,5,6,9,2,47
5F3UQPXAA,あかつき,E1HVJ71JR,ご自由にどうぞ,1347,19,4964,1584600,10,10,10,10,10,10,10,10,80
G7WZRMXGG,まさとらん,8KVDGWLUD,廊下閑散,1213,4,4965,1584500,6,7,5,8,6,4,10,2,48
AGE6RTXGC,しにふぃあん,5C71R2VCV,蓮輪会(仮),592,0,4966,1584000,10,10,10,10,10,10,10,10,80
9MW641WL4,KRMCTH,YFADYJVW4,FPS好きクラブ,1405,16,4966,1584000,10,10,10,10,10,10,9,8,77
TNFIWVRCB,נמניג,KGD2P8TJ6,直通非対応,1435,19,4968,1583750,10,10,9,10,9,10,10,9,77
4FLL5NPJU,StSwMC,GN9EEL045,きらくに,1053,13,4968,1583750,8,8,6,8,4,5,9,2,50
3FTJ7FVLF,UglyBill,A3472CNJE,ハントン✿ライス,558,4,4970,1583250,6,5,5,9,7,1,1,3,37
XEKFCHKDD,ナジュ,PP31X3AWK,なんとかなるさ,1138,4,4971,1583000,10,8,5,7,7,5,8,2,52
OWOP1DELJ,おむおむ,KXB93FVTR,ブルームガーデン,1198,4,4972,1582500,9,10,9,8,9,8,10,4,67
T8P3V12A2,ネコとウサギ,CMH1RXEGH,仮拠点,1112,10,4973,1581500,10,7,9,7,4,4,7,2,50
DKG8LGZMK,うめちか,78D55E05J,HIPHOP界隈,1396,5,4973,1581500,8,9,7,8,8,5,9,3,57
1F56LUFLG,フリーダム,AXG81GPMP,蓮ノ空マタギ部,914,1,4973,1581500,5,8,4,1,4,4,2,2,30
W73TFLTX8,ちびまる,N6TVG18P8,すきすきクラブ,864,4,4976,1581250,8,6,6,10,3,3,4,4,44
TY6XRB1C8,rino321,5JJKPNN2W,めぐ党韓国支部,888,4,4976,1581250,7,3,1,8,10,3,5,3,40
8CQYZZWWJ,スミソ,VY26V3P0K,AltF4され隊,1372,3,4976,1581250,10,10,10,9,8,8,10,8,73
RAK1H3AC4,RedBlue,DALU6BL7L,東方星蓮船,742,0,4979,1581000,8,10,7,7,6,6,5,2,51
HSF412L2Y,ヨシヒロ,WLLWJ8ADP,乙宗筋肉サークル,1349,4,4980,1580250,8,9,7,10,8,8,10,6,66
5I6CHLLS9,ハル,9GDHWXGVG,ルリと花咲く毎日,1355,12,4981,1580000,9,9,10,8,7,6,10,6,65
5SK98OCWL,本蓮健太郎,P4GUGLKTB,WINS蓮ノ空,1123,7,4982,1579850,5,7,6,5,6,5,8,3,45
NUDZ0IOQF,むにゃ,KXB93FVTR,ブルームガーデン,1283,13,4983,1579750,10,10,9,8,7,7,7,2,60
56LD6NJ9D,きりん,H5F25TNGR,モヒカン,1160,6,4984,1579250,10,9,5,6,9,7,9,5,60
YRN38XDRR,kazu,9D722M8KC,蓮ノ空同好会,886,3,4985,1578250,7,9,5,10,9,2,6,2,50
E7V3X4DSA,あいせつか,PPAHU1TNY,蓮ノ空のんびり部,1367,2,4986,1578000,8,10,10,10,8,10,10,8,74
0YNR6FZYP,アカミソ,4XRHRYDW4,無言でエンジョイ,1412,15,4987,1577750,7,10,7,7,7,7,6,6,57
HW6P3AKUJ,かがやき634号,0FK11Y5NU,晴れた日のベンチ,710,0,4988,1577500,10,10,6,7,6,9,7,3,58
K8NUIOH6S,アッツン,61DV78UAJ,モタスポクラブ,1705,18,4989,1577475,8,7,7,8,7,7,7,5,56
2VK9GD7KC,いちごえしやま,2WF4HKKRJ,迫真謡舞踊部,1123,18,4990,1577000,5,6,5,8,7,5,10,5,51
3AGHFYKP6,やちゆう,18YYNRFGA,LotusSky,1162,11,4990,1577000,10,10,10,10,7,6,10,5,68
1EPL8BWKY,ミズキ,KXB93FVTR,ブルームガーデン,777,7,4992,1576750,7,9,10,10,5,8,2,3,54
81ENCW5SQ,くま,J8HXTJ8TB,流し素麺同好会,1348,3,4993,1576500,9,10,8,9,8,9,10,7,70
6J9BGLLY1,16000km,3BE2RELRC,見晴台,1294,1,4993,1576500,8,8,7,9,8,7,9,2,58
6ZQDZ2WMR,きらむ,FE282F3VH,天悶部,1371,6,4995,1576250,7,7,4,7,4,7,7,1,44
U6R8M352G,taninety,C52VR77BJ,イベント参加用,489,2,4996,1576000,7,7,7,9,5,4,1,2,42
RHAMR1347,マユ,Y6JNPC60C,綴理メイト,1291,15,4997,1575000,10,10,9,10,10,7,10,4,70
F8DVRWFBE,ｙｕｕ,L1VGJTD5P,蓮ノ空お茶会部,1196,17,4998,1574750,8,9,7,8,8,7,9,6,62
U9VVN5FX9,はち,2VJG66JTH,まったり,945,1,4999,1574500,6,9,9,5,7,4,7,2,49
3E75HWT4N,まる,YDYH4VRRP,レンクウ,1108,9,5000,1574150,7,9,8,6,7,7,9,3,56
TL9TGZFM4,カヌレ,FHN78V2DJ,無言でどうぞ,1214,19,5001,1574000,8,9,5,5,7,4,8,3,49
9FW3AWTMK,Y,48GTYR1VB,ハラショー！,734,2,5002,1573750,10,10,10,10,10,10,7,5,72
8P3JRA7OT,よいよい,3F0M4HXJE,蓮ノ空まったり部,1361,3,5002,1573750,10,10,7,10,10,7,10,5,69
Y5F8085JD,Satan,FG5VFFNRK,蓮ノ空おじさん,1167,4,5002,1573750,8,7,10,10,8,6,9,8,66
XB3E6RK72,ぶっとー,XTMGPY62U,スクステ初心者,478,0,5005,1573675,10,10,10,10,10,10,10,10,80
A0LGULATJ,あきらーた,573J1JVVK,かほかほ,997,0,5006,1573500,7,8,7,6,6,7,8,3,52
05PVI0DXF,たんたん,YUG7566C7,はすおじっ！,1226,3,5007,1572750,9,9,7,8,7,7,10,2,59
YMJG9H7PA,湯屋,TX92H9GBV,アフターが見たい,976,1,5008,1572000,10,6,7,7,6,6,7,2,51
DE2A6WPLB,梅コンブ,YLJ2PP4X4,全日本謝罪同好会,1485,19,5009,1571775,10,10,10,10,10,10,10,10,80
Z56UPEIG0,ツナマサ,N7GLY2RUW,百生銀行,1218,19,5010,1571250,8,7,2,10,6,4,8,2,47
LBL7TEABX,モーニングサーブ,6C9R15BLY,スクスタ避難民,1100,1,5011,1570350,10,10,9,7,8,8,9,6,67
63580F48J,dark(堕悪),H4FK3UYY2,揺蕩藍玉,1439,14,5012,1569750,6,10,7,8,6,7,8,4,56
0MKB4CPIR,やすぽん,BKUHCT7WF,蓮女お嬢様部,1231,6,5013,1569000,9,9,8,7,6,4,8,3,54
F0WJU3G4E,syuto,JE7V5MM31,蓮ノ沼に沈んだ泥,1378,15,5014,1568000,10,9,10,10,10,10,10,8,77
SOUFE1XRT,ポチッコ,A8BJ5V3ET,はすのそら,1158,2,5014,1568000,10,8,6,7,9,5,8,3,56
WVWNFE0WM,瑛人,26CAPRWLJ,大倉庫救助隊,671,0,5016,1567750,6,8,6,5,6,4,7,2,44
X9JCX2RT1,オガ,GN9EEL045,きらくに,541,0,5017,1565500,8,9,5,10,9,6,5,2,54
B0J61OWAL,つっきー,5TBT6KTYY,チョコを食え,1017,4,5018,1565000,7,7,5,6,4,4,5,2,40
XEBW1RYDW,あすたれ,1JB7FM8YY,アラキドン酸Na,1047,15,5019,1564650,8,7,8,10,8,7,7,2,57
RGL5WL9GA,フーピ,B5V2LNN43,WMW,1368,12,5020,1564000,10,9,8,6,8,5,4,2,52
1ETRX0B9B,やひろ,V8XX999F6,卍蓮村幼稚園卍,723,2,5021,1563750,9,8,10,10,10,9,6,2,64
73297P5U7,ばんおじ,VNEY6C9BE,スリーマーメイド,1162,7,5021,1563750,10,4,4,8,6,4,7,2,45
ZVSBOET82,へる,V26546K3D,乙宗気合筋肉,1460,7,5023,1562500,9,6,1,6,2,6,4,2,36
C17SPWB91,あき,LY0XPW7NL,同棲概念強火派,1224,13,5024,1560375,9,9,8,8,7,5,8,4,58
9DLNXJ9JG,ライデン,5L9GNT78V,叶え！私達の◯◯,976,3,5025,1560250,8,10,8,8,8,8,8,2,60
CMH357FRD,MIDEN,N8L41JAA7,無言 ノルマなし,1180,17,5025,1560250,8,6,4,6,2,1,9,2,38
WHKLV2AL3,立華,TCTEAMP9C,虹ちゃん最高！,707,0,5027,1558500,6,8,6,10,5,3,5,2,45
HX37TV2WY,鈴鳴,LETV4C1KG,無言の行,537,0,5028,1558350,10,9,9,8,8,7,9,2,62
KBDCCJVXX,TECHI,PLBBEX019,待機室目指し隊,1367,16,5029,1558250,10,10,10,10,10,10,10,10,80
VPJ97L2NW,ひあるろん,XR2P2LDY3,蓮ノ空さいきょー,1069,6,5029,1558250,7,8,5,8,4,4,7,2,45
TNVEMK8JJ,たけちゃん,NJBBTCY3A,かにかに！,748,2,5031,1557750,10,9,5,10,5,5,5,5,54
YQ4QGIQ0M,しおん,GYG7B5R36,幼馴染同好会,1215,2,5032,1557500,7,7,6,9,7,7,9,4,56
PM123V7Q5,ふわメリ,HBM31HMUY,YUKIZURI,1069,9,5032,1557500,9,9,8,10,10,10,7,5,68
7KU2LB991,ぽよみ,NJBBTCY3A,かにかに！,1234,9,5034,1557000,7,6,6,5,5,5,8,2,44
HFE7UZ1HP,しるふら,1U4JN5CXB,LLユーカー部!,1131,3,5035,1556750,9,7,1,8,6,4,8,2,45
V2BFZ3TVB,ハル,GK7JNB0NW,参加賞取り隊,1066,6,5036,1556500,5,9,10,7,10,8,9,6,64
94KELJTQ6,窓,HBK6KCRPP,無言でおけ,1405,15,5037,1555790,10,10,10,10,10,10,10,10,80
753C2P0KR,ハレルヤ３,08DDCV5JN,黒ねこのしっぽ,1061,4,5038,1555500,8,10,7,10,8,6,7,3,59
3PNXP1KG2,フィトン,HMBW9DXY2,蓮好き皆あつまれ,1020,5,5039,1555000,7,7,4,9,7,6,9,2,51
5J1RBY7FG,あぅあぅ,T0111M4BA,闢ｮ繝守ｩｺ,711,7,5040,1554500,8,9,7,9,4,9,4,4,54
3KFL16EG1,ryo,KXB93FVTR,ブルームガーデン,923,2,5041,1554200,10,10,8,9,8,7,9,2,63
TK7QIDV9W,Venom,PVRH71TL3,Flow'Lov,1151,3,5042,1553750,9,9,7,7,8,7,6,2,55
NK59MUUWX,ると,NP8F9KU0J,とうばんじゃん,928,10,5043,1552750,10,6,7,10,7,8,10,10,68
3BWEVDR9D,ハジメ,Y2R7E79U3,カワウソ同好会,1250,8,5044,1552000,9,8,9,8,8,6,10,6,64
2NUNE6PU8,Ｑさま,N2KCENRKH,猫＆旅大好き部,1164,12,5045,1551500,9,5,8,10,7,5,8,2,54
YFSVH5C45,みこと！,7U20138DB,LGP,1251,6,5046,1551350,10,9,8,7,9,6,7,6,62
VCRK2A58A,ななし,XYRA2MND0,蓮ノ空ゆっくり,1049,6,5047,1551250,9,7,7,8,7,6,10,5,59
2DZ75N97R,こーせ,PPAHU1TNY,蓮ノ空のんびり部,1104,10,5048,1551000,8,9,8,10,7,6,8,3,59
BBKWBREO7,カルガモ,T2XRMGEAE,蓮根無言会,1426,13,5049,1550250,6,7,8,7,8,7,8,2,53
YM2WC2LMP,Toad,646YTH7KK,KA,1003,9,5049,1550250,8,6,6,10,5,6,9,4,54
9NL8E3H6Z,梓月,BWD9U1EJ2,蓮之空中国同好会,1254,15,5051,1549750,9,10,5,6,5,6,7,4,52
5UAPM0PJ4,ブロニー,CCACL2CMM,暗殺者チーム,980,6,5052,1549500,10,10,10,10,10,8,10,7,75
HFX7TDBWU,MEGAMAN,FDU1F9PUW,海の幸,1145,7,5053,1549250,8,9,7,7,8,7,10,2,58
U3YQSCTRE,ミナイ,9DKR4Y2CJ,蓮ノ空老人会,1349,13,5054,1549000,10,10,7,9,9,9,9,4,67
FHC871YN6,はこ,1G89KTD5X,サークルひとり,1038,3,5055,1548750,10,9,8,8,8,7,8,2,60
B2PYP3FP8,えっちょこ,AXG81GPMP,蓮ノ空マタギ部,923,2,5056,1548250,8,9,8,6,6,8,9,3,57
F1K2RFRU9,パイセン,VP0K6KF0K,蓮ノ空大好き!!,1176,7,5057,1548000,10,10,8,9,8,8,10,8,71
UY440ZNJ2,ＫＫ,N94LEWF2D,無言よわよわの会,1449,8,5058,1547500,10,10,9,10,5,9,10,6,69
DC807XDK2,ストッパー,E0ANBV925,壁を超えろ,327,0,5059,1547250,5,6,8,7,4,3,1,2,36
VURJLLRMD,サモ江戸温泉,HH93ADAW3,無言自由。,1069,4,5059,1547250,8,9,5,9,5,9,5,5,55
5E7KHJ7EN,さんくん,HB9AU9DJJ,聖心党,1292,10,5061,1546750,10,9,10,9,8,10,10,3,69
XM5UG18PA,るい,CP3KWKH07,まったり社会人部,533,0,5061,1546750,8,8,8,6,7,7,9,2,55
WXH6KLL9Y,アルパカ,CYNFHNND2,（＾◇＾）,593,2,5063,1546500,10,10,9,9,8,5,8,4,63
P3TRVJFCB,まーる,75UJ5RB97,蓮ノ空雪野球部,1074,6,5064,1545650,3,6,3,3,6,6,8,3,38
N3EKVFEH9,アグニカカイエル,2VJG66JTH,まったり,922,3,5065,1545530,7,10,6,6,6,1,10,4,50
O5A7HLDYW,少年H™,BUKPFCJCY,TTMC蓮ノ空班,1025,1,5066,1545000,9,10,10,10,8,6,8,6,67
D89BKXAVU,るい,1XX6FWJRB,オートスキップ団,1108,6,5067,1544250,9,10,8,10,10,8,10,2,67
P9MUAHW43,室長室長,AG9PKMMC3,ぱかぱか同好会,1088,6,5068,1544225,4,8,4,7,9,7,7,2,48
J7CW0VB30,薫風,P2J37FNLG,乙宗先生指導会,605,0,5069,1543750,6,9,10,3,2,2,2,2,36
62J35KH77,ぽちぺろ,N752V1LD6,思想の溜まり場,1400,19,5070,1543500,10,10,10,10,10,10,10,10,80
9ZDVB2QGQ,なかじ,T8X0G07YB,なければ立てる！,1482,19,5071,1542250,10,10,10,10,10,8,10,2,70
MJMAUUAJJ,あきお,6045Y2RW7,ポチっと！蓮ノ空,1373,9,5072,1541750,8,9,5,6,6,5,7,2,48
O97061AAK,ぱし,ABALH0AL3,楽園計画,1248,6,5072,1541750,7,8,6,8,7,8,9,2,55
7V2PAI0W7,フォルス,6C9R15BLY,スクスタ避難民,932,3,5074,1541250,7,7,7,5,7,5,9,4,51
39T0J8544,雪利,79C17CHA2,蓮ノ空出張部,1559,15,5075,1541000,10,10,10,10,10,10,10,10,80
KFU65CDCX,sue600,UW71GYGHE,金沢住んでます,1419,15,5075,1541000,10,10,10,10,9,9,10,8,76
KP5FU2433,kg02 p7a,K182YX4GG,クレゆら,983,4,5075,1541000,9,9,7,8,8,9,10,2,62
2OCF8J22U,潤さんの葱豆腐,X8YD59KBX,16代目いぶき組,1354,10,5078,1540900,10,10,10,9,9,8,9,7,72
AKJ0U0BRI,まる,EECF9C0N3,蓮ノ空　茨城分校,913,9,5079,1540250,10,6,7,8,5,4,8,6,54
6DEKA1EL1,EI,2DYYAPFVN,蓮っ子村,1028,10,5079,1540250,8,8,4,8,3,5,10,3,49
AYS0HYAIC,なつき,NCX28D4VB,Lyric,1677,13,5079,1540250,10,10,10,10,10,10,10,10,80
MPJRPYJ8T,ちま,LAP2W049X,りんひな愛好会,298,0,5082,1539890,1,9,4,8,8,2,7,1,40
MLAVWGCA5,青空虎遼,NJBBTCY3A,かにかに！,521,0,5083,1539250,10,1,4,5,4,3,2,2,31
H95ALYFDA,な,M6UPWJ6DU,蓮結ぶ虹と星の音,756,2,5084,1539000,9,10,6,7,6,7,8,2,55
26ENLB8WY,わたるンゴ,UHF5Y8PEF,さやちゃん倶楽部,452,0,5085,1537750,10,10,10,10,4,7,4,3,58
DF9YB7149,JiN,C8A8KLVC6,Esprit,1013,6,5086,1537575,2,2,5,4,9,3,9,2,36
GJ5YNVUP9,Sucre,DC8VP5MAB,蓮ノ妹子,311,0,5087,1537250,6,4,7,7,6,6,7,2,45
1W1ALKYJR,コン,DBHVM0X7P,ガンフィンガー村,1408,18,5087,1537250,10,10,10,10,10,9,10,10,79
U8E2JF3J6,レンド,C2XLWUTL1,夕霧綴理親衛隊,671,0,5089,1536750,6,10,4,4,7,8,1,3,43
GU4UKWJXY,harts,V830CTTX3,日野下後輩,1061,3,5090,1536250,8,8,7,8,9,5,7,3,55
LGNDA989B,さく,53M4V2BVG,吟子の髪飾り,432,0,5091,1535750,6,8,6,7,8,5,8,3,51
RDWY5090F,ホゲチータ,8MDA3A0AK,イベント用,597,0,5092,1535250,10,9,10,8,6,2,6,2,53
DU3SEW43K,Makuno,BXHG2KXAD,idol.st,1254,18,5092,1535250,10,8,7,9,10,8,9,5,66
5XXPT4XUF,スズ,0UT59MJ8U,かほすこ同好会,1418,3,5094,1534850,8,7,7,4,5,4,7,2,44
VECX762B2,あつしめん,9YM3DBTB7,泥民館,1340,9,5095,1534750,9,10,6,7,8,8,10,2,60
GTXA22UNF,しんまい,JX0BXWNWH,新米蓮好き好きC,704,2,5096,1534250,9,8,6,10,7,7,8,5,60
N5TJTH86P,トオル,KFC62L0FV,ねるねる同好会,1274,10,5097,1533750,1,2,5,1,2,1,5,2,19
LJT8A3HM8,好き好きクラブ,H1G4CDT6C,無言自由,548,2,5098,1533500,10,8,10,9,4,6,5,4,56
CMD2CYYS7,8738217,C0NDBKMRB,すりぃずぶぅ家,1152,12,5099,1533250,10,9,6,8,8,8,9,2,60
NF4BKJWRD,たこ,B1KYU3XF8,LG lotus,1108,4,5099,1533250,7,8,5,10,10,7,9,5,61
4SU5ZK0L0,でつ,V26546K3D,乙宗気合筋肉,1098,5,5099,1533250,8,10,10,7,8,9,8,5,65
VPMT793Y3,鹿田,C52VR77BJ,イベント参加用,826,2,5102,1533000,10,10,10,10,10,10,10,10,80
GXJKYEDEI,そそぎ,YD2XWWFA4,蓮好き好きクラブ,1476,15,5103,1531250,9,10,8,9,8,7,10,2,63
O76SWXAQP,rsaga,G8F0M2PH2,アフターウォール,1293,18,5104,1530750,10,9,8,10,8,9,10,3,67
WLJGWBTB6,はる,3JDDUYURT,無言,1168,11,5105,1530500,9,8,6,7,7,5,9,2,53
N1M1DTCLF,いわだー,4RNUXBXGL,みらぱ最推し,961,9,5106,1530250,10,10,10,10,8,8,9,2,67
IYEYQDCS2,ｒｉｒｉ,9E910GGD2,蓮ノ空給湯室,795,2,5107,1529500,5,7,6,6,4,3,7,2,40
XUPBY395A,キンクマぐちお,NMFBD39FM,蓮ノ空分室,1187,16,5108,1529370,6,4,3,5,3,3,4,4,32
1HFURKD0J,ざる,M851LEV3N,なっす父兄,1044,0,5109,1529000,6,7,4,5,6,5,7,3,43
F84JN94R2,マスク,0RG48RYCE,渋,1422,15,5110,1528750,10,10,10,10,10,10,10,10,80
PH3D6EJ6M,ななしか,KA652DGYV,ゆるリンクラ,1110,13,5111,1528500,8,8,7,5,7,7,8,2,52
253HLO1CB,あるてみす,KT4C59NXG,めぐ島,1406,12,5112,1528075,7,5,9,4,6,5,5,2,43
LVHVMT7JX,あすこ,JX0BXWNWH,新米蓮好き好きC,497,0,5113,1527500,10,10,10,10,7,6,5,4,62
VH78JDC7M,露露,AND13836G,乙宗梢親衛隊,693,0,5114,1525700,8,6,8,5,8,4,1,2,42
TDZ9E3OHQ,たこはち,RM7N1JDB5,無言推奨不干渉会,1461,19,5115,1525225,10,10,10,10,10,10,10,10,80
70K0IUW6G,デ徒町超巨大鈴,XE8513HNP,喫茶カワウ空✨,1448,7,5116,1525190,9,10,6,10,9,9,10,4,67
ZQD5HV9TF,ふじしまべあ,R5N8GFAVX,#蓮ノ空相撲部,1146,11,5117,1525000,7,8,6,8,6,5,7,2,49
G7L52NSKB,みっちゃん,MWT91W455,つづこず大好き部,970,11,5118,1524500,8,8,8,10,8,6,9,4,61
CFV25LK8V,燐,3BDTCERX6,打ち返した流れ星,337,0,5119,1524000,6,4,6,6,3,4,5,2,36
F86TD5QFI,ほし,9E910GGD2,蓮ノ空給湯室,701,2,5120,1523325,8,10,7,5,5,5,6,2,48
5LDJPMVEH,みつば,PD80VCP5N,虹ヶ咲学園,1207,11,5121,1522250,9,9,8,7,8,8,10,3,62
WANZVE5C1,ao,T48KV9EP2,無言ぱーく,1209,12,5122,1521900,9,9,7,3,5,6,8,2,49
E3UHK6EPV,岡本,WCL6R1ANU,無所属の会,444,0,5123,1521750,5,10,6,10,5,4,7,2,49
0EHC34GCE,はっぶる,4FXPC55PY,PPIHクラブ,1002,8,5124,1521250,5,7,4,5,2,5,2,2,32
33W7012KL,やたまる,NDGW77R2V,こず花帆尊い,841,2,5125,1520250,6,8,5,8,6,2,8,2,45
MK48BY1YM,monmon,D3GHVP031,ロータス,701,0,5125,1520250,7,8,8,9,6,9,7,4,58
YWHXYFJ3H,saya的牛油果,J800VVPTN,Aqours,1018,13,5127,1519500,8,9,2,3,4,10,1,2,39
T23HY3WRB,えーぷる,BT22M41DV,梢花帆吟子同好会,1125,6,5128,1519250,7,8,6,8,8,7,8,2,54
8RY3GN5MV,のえ,828YTYAA9,箱推し社畜の部屋,1132,2,5129,1518575,7,9,6,6,7,7,9,2,53
KDN5RCXKW,かまぼこ,DC8VP5MAB,蓮ノ妹子,590,0,5130,1518500,6,2,5,4,8,1,2,3,31
G6GLAEG5Y,ぱみ,PLBBEX019,待機室目指し隊,1410,19,5131,1518420,10,10,9,10,9,9,10,9,76
85N4HJ7A7,プラティ,J8HXTJ8TB,流し素麺同好会,1246,18,5132,1518250,8,10,6,5,6,1,8,2,46
JVLA2TG96,S,NA8FEYN0M,蓮ノ空飲酒クラブ,1145,2,5133,1517750,8,8,8,7,9,6,9,3,58
PG82T3UNE,フブキ,F2M746D4B,頑張らないクラブ,655,0,5134,1517500,10,10,10,10,9,10,9,10,78
BXFM9K49V,よへい,UB7BUMERF,対抗戦に参加,265,0,5135,1517000,1,2,4,1,5,1,2,2,18
OBKP0N3IO,ほの,2JY96DK53,ねそ,822,2,5136,1516960,7,5,5,7,9,5,6,2,46
KGK3LXE4F,真島吾朗,0JCT9R049,蓮隠れノ里弐,1172,5,5137,1516750,9,8,9,9,7,8,8,2,60
5W6EM8P7V,Polaris,HB9AU9DJJ,聖心党,1331,10,5138,1516675,10,9,6,10,10,8,10,2,65
6UR6X71C2,コーネル,26CAPRWLJ,大倉庫救助隊,925,0,5139,1516500,4,7,5,5,4,4,7,2,38
47TU8RA5T,胡散,FLFXP0T22,沼津内浦メンバー,1120,5,5140,1516200,10,9,8,9,9,6,9,6,66
7DU6ELB6C,はばねろ,1D7T2UXC2,無言でのんびり,1353,3,5141,1515750,8,10,7,7,5,4,10,2,53
KWEKLFRHN,もみ,P2J37FNLG,乙宗先生指導会,511,0,5142,1515500,10,10,10,10,8,10,8,6,72
HF086UDM7,かじちゃん,AVX749PPB,姫芽ちゃん親衛隊,1129,19,5143,1515250,10,10,10,10,10,10,10,10,80
ZEHM6516A,ウトゥンドゥ,998H940YN,お嬢様筋トレ部,1400,18,5144,1514250,8,9,7,7,8,7,9,2,57
E3RN5553R,ぺまるす,4202AY8EJ,倶楽部賭郎,1198,4,5145,1513825,8,9,6,9,7,8,9,7,63
W75RWE2PG,フォニアちゃん,5DRY3TL61,はすのそラバー,588,0,5146,1513500,9,8,6,7,8,6,6,3,53
CPPMACTDJ,エスル,YUVK7R51W,萌え萌え倶楽部,1240,8,5147,1511000,10,10,10,10,10,10,10,10,80
6BXHFM5B1,ざわ,W09WBG3HY,どろんちゅ,1111,6,5148,1509940,8,9,7,7,8,7,10,5,61
TMK02L6FT,天空のいずみん,T045NDKW0,♬さやか愛好会♬,1097,2,5149,1509750,8,7,7,7,7,7,7,2,52
H2RJBHU7B,ミズナラ,0DVRLAA76,かがやききらめき,1462,15,5150,1509500,10,10,10,10,10,10,10,7,77
Y5ONKJIAP,レモネード,0R8BXPRC1,ポチっ！とクラブ,1194,4,5150,1509500,8,8,6,8,7,6,10,6,59
6HOZA3S18,Hayato,3LAFHDKE5,こずさや保護者会,1283,11,5152,1509000,9,10,10,10,8,9,7,7,70
AM0UPGMWC,メガネ,E050K9859,蓮党,1152,17,5152,1509000,10,10,10,10,10,10,10,9,79
GAFM48ERR,まがん,KFC62L0FV,ねるねる同好会,934,3,5154,1508600,7,7,4,7,6,1,1,2,35
9MUO20C1C,フライア,L1XRGHJFA,今回はソロで！,1067,1,5155,1508500,7,5,6,6,4,1,8,3,40
DLE7MUYMG,お魚,8MJR5987G,なるほどねぃ。,1113,2,5156,1508000,9,9,7,7,6,5,7,2,52
V5UATWVGW,鮭,2VJG66JTH,まったり,858,0,5157,1507750,6,6,7,7,2,2,4,3,37
AJR6L6FEJ,たそ,HWJ8XPW0T,箱推しなのだけど,1111,1,5158,1507250,9,4,4,6,7,2,4,2,38
00XE0WB5M,カフェモカ,N94LEWF2D,無言よわよわの会,1177,18,5159,1507175,9,9,8,10,10,10,10,8,74
08318K6RK,ゆゆユユユウ,NJBBTCY3A,かにかに！,360,0,5160,1506750,7,5,5,3,4,2,1,3,30
D3FHX7FF6,Wright,6UAFKBRPN,リンクラ初心者部,822,2,5161,1506500,10,8,9,9,10,7,10,7,70
M4EE2D886,TSUKIYO,08DDCV5JN,黒ねこのしっぽ,1125,19,5162,1506250,10,9,7,9,10,8,9,5,67
0TVUDAM4Y,nebu,JH5FX56N2,のんびり,1086,6,5163,1506000,7,9,9,8,9,7,9,5,63
C8EDB9KP5,しず,HMBW9DXY2,蓮好き皆あつまれ,545,0,5164,1505750,10,10,7,8,6,1,6,4,52
VWZ428C1W,りょうちゃん,ERED0W3TV,はこおし,1171,5,5165,1505500,10,10,8,7,8,7,9,2,61
248VA8R0D,ayu,TMYMB72UG,蓮ノ空お絵描き部,506,1,5166,1505000,9,9,10,10,8,9,8,6,69
MXGZAVNAO,樹ナギ雪,BT3GEWM5L,ささやか村の集い,1412,12,5167,1504800,10,10,10,10,10,10,10,10,80
K9KBTTNH8,どらごん,9RYR14H9L,ソロマターリ,496,2,5168,1504750,6,8,6,5,3,1,4,4,37
480F5KAP6,kakashi.,LRKRUR21F,ちゅけバフ,597,0,5169,1504500,10,10,10,10,10,10,10,10,80
1HC9P8TKX,J.M,EWM0GK62C,誰でもどうぞ,1291,8,5170,1504325,10,10,7,9,9,8,10,7,70
RZWV59NGP,椿,DX1KUEUDK,帰宅部,999,4,5171,1504000,8,10,5,5,10,5,7,3,53
9FMHBFB5B,さぶろう,07WJ3V6EC,ハスノコ,1090,0,5172,1503000,10,8,6,7,7,6,4,4,52
XBR2OWDWF,あかい彗星,W3F0URUJC,梢先輩応援団,1286,7,5173,1501250,10,7,7,10,8,7,7,5,61
CPH029KF1,ろくろ,26CAPRWLJ,大倉庫救助隊,690,0,5173,1501250,5,7,6,4,5,4,7,3,41
N4FA1VTLG,strikeb,NA8FEYN0M,蓮ノ空飲酒クラブ,1140,2,5175,1501000,9,8,8,9,7,4,8,2,55
4UA64NN89,トーコウ,RM7N1JDB5,無言推奨不干渉会,1300,19,5175,1501000,9,10,10,10,8,7,10,6,70
81OPKU746,ざこと,4WRYNBWU1,小さな蓮ノ空,1316,19,5177,1500500,9,8,7,10,10,5,10,2,61
RWKK2U3TN,てっさ,RMT97FJ61,まったり　無言,888,3,5178,1499750,8,9,8,7,6,6,7,2,53
L6CZJ4VSZ,buny,TFGKYEY98,LLP JR,1316,14,5179,1499100,6,9,4,4,7,5,4,1,40
46A5H4H1W,ゆのくに転調,YFADYJVW4,FPS好きクラブ,1285,19,5180,1498150,9,9,9,10,8,8,10,7,70
HJX6A0RHL,silky,H1LTYMK0B,花帆が可愛いの会,760,0,5181,1495750,10,8,6,6,8,6,2,2,48
B5QOXVUG4,あい,9U0VB1H5P,あっとほーむ,1081,8,5182,1495250,9,8,7,8,7,7,9,2,57
AU0BM86Z8,ししゃも,AAHB7C276,HaCordVN,1195,15,5183,1495000,8,9,9,8,9,8,10,2,63
D33V7AUEW,ラジュ,4LU50R56J,誰でもOK,499,0,5184,1494750,10,8,8,10,9,8,10,6,69
EGG0DCFNH,ひののにどーん,75FVVYR5B,身内クラブ,418,2,5185,1494650,6,9,6,1,8,7,4,2,43
0F1Y9C8RG,レジェ,NFMEGRJ45,社畜無言サークル,1219,2,5186,1494000,8,8,5,8,6,5,6,2,48
KB7GJ6R72,しろ,WFPA7YJE1,蓮ノ空文芸部,1179,3,5187,1493750,8,9,7,6,7,7,10,3,57
0WSWNJHPG,ダノンデサイル,X34LWGL6R,サークル2,1516,19,5188,1493250,10,10,10,10,10,10,10,10,80
NED9TL77F,さいおそ,VNEJ2RNW0,まったりんくら,390,0,5188,1493250,3,2,4,1,3,1,1,2,17
M7RC9X089,らら,H1G4CDT6C,無言自由,1036,8,5188,1493250,7,8,6,7,7,5,8,3,51
IOMJ6J49H,天城のるあ,9DKR4Y2CJ,蓮ノ空老人会,1349,15,5191,1492500,10,9,7,9,10,7,9,6,67
CEDNNDFG5,どなみ,XXVVJY6FE,はぴぱれ,399,0,5192,1492000,9,9,7,7,7,7,7,4,57
NYLXAAPBC,はなさき,KXU941RFJ,梢先輩おめでとう,1226,1,5193,1491750,8,4,6,6,7,6,10,2,49
J5P3BB0H5,佐藤司,W3F0URUJC,梢先輩応援団,1040,15,5194,1491500,6,5,6,7,6,5,7,2,44
HMWG10VM3,カロン,26CAPRWLJ,大倉庫救助隊,877,0,5195,1491250,5,7,4,5,4,6,7,2,40
D1CPMDAYW,ヨリック,N8L41JAA7,無言 ノルマなし,614,4,5195,1491250,8,9,8,9,5,10,4,3,56
JVTU28RDB,タビオカスキ,919XF8V2V,蓮之空大三腳,966,11,5197,1490430,10,10,10,10,10,10,10,9,79
L5EE6J1VJ,やまにー,K8C99H42D,ルリと喜ド！愛楽,963,2,5198,1490250,6,5,7,7,7,4,4,1,41
P2R8GGUT5,モスsdsb,R47BK5ETJ,Hurray,544,0,5199,1490075,10,9,9,10,5,7,6,4,60
4MTXHGU4A,ハルーン,KULVP7FDR,アニマル分室,1008,3,5200,1490000,7,10,5,7,7,7,7,2,52
OAAHHOF7T,ゆずは,578YG6EAT,桜桃花束愛聴会,1176,7,5201,1489250,9,7,8,10,9,10,6,5,64
N2G5XO3BM,ひさたろう,NA8FEYN0M,蓮ノ空飲酒クラブ,947,4,5201,1489250,10,7,9,6,8,6,7,2,55
V90Y91T4H,DsHeaven,E7UBFLW56,同好会の同好会,1025,13,5203,1489000,10,10,10,10,9,9,9,7,74
JFL4K2GAV,豚コレラ株式会社,8588YN91J,虹咲学院,554,2,5203,1489000,7,4,4,10,2,2,1,2,32
NMP3L5NNJ,普通NEKO,26JDLMBLN,徒町は強く生きる,928,0,5205,1488500,10,9,8,4,6,8,7,2,54
WR71BGXFX,なみへい,8F7629VKU,アークス兼任,1059,1,5205,1488500,7,7,1,6,6,1,4,3,35
DUW26R9WB,xuxian,6MWHCNJE8,蓮之空小賣部,712,2,5207,1487750,8,7,7,10,7,7,7,5,58
U9GT1MYFB,よし,NJBBTCY3A,かにかに！,971,6,5207,1487750,10,10,8,9,8,7,10,8,70
J1W38K38L,/μ/Jason,546E85JGG,月猫ぱーく！！！,1015,12,5209,1486750,9,10,7,7,8,7,9,4,61
LN0AZ25NL,从c* ^ヮ^§,N34LHVJKN,のんびり堂,1108,6,5210,1486500,8,10,4,6,8,7,8,2,53
7AWB8LA8Y,ミュン,UX96YX4T1,『位置について』,445,0,5211,1486250,9,9,9,10,4,10,1,2,54
DEJRX39JF,nuts.co,RM7N1JDB5,無言推奨不干渉会,1244,13,5212,1485250,10,10,10,10,10,10,10,10,80
U9QTGEJGW,おきな,V830CTTX3,日野下後輩,850,4,5213,1484750,7,9,5,10,2,1,1,2,37
VRLB6LKOI,もんますぱ,WBW66DMUB,るりめぐ研究所,759,1,5213,1484750,8,7,5,6,5,4,7,2,44
YLTCF23FW,タツマキ,08UFFV3X3,ODEN,1241,7,5215,1484375,8,4,6,8,7,5,8,2,48
P2TE9HPP9,その辺のライバー,MV7XM9K9K,行き場無い流れ者,1163,5,5216,1484250,10,9,8,7,7,7,8,2,58
AE58P2AJJ,まったりんまる,CTW8DKV5P,まったり,1430,15,5217,1483900,10,6,9,9,6,9,6,6,61
YJP5K201C,west,F90XW14UP,のんびりプレイ,642,0,5218,1482750,9,8,6,9,8,6,8,5,59
94L7MCC47,矢崎,ABALH0AL3,楽園計画,1093,3,5219,1482475,8,10,9,10,8,8,8,8,69
F2WYIUOL5,おソラの星,JE7V5MM31,蓮ノ沼に沈んだ泥,1367,10,5220,1481250,4,8,7,6,6,4,7,3,45
E5D9DV0XP,グンゾー,RWDWD9PP6,乙宗家の屋敷妖精,1019,13,5221,1481000,7,9,5,9,6,5,4,2,47
ONA6I2S82,くら餅米,BT22M41DV,梢花帆吟子同好会,1447,7,5222,1480750,10,10,10,10,10,10,10,10,80
6CDFT53WN,はやて,HA6MUTC30,自由なのだけれど,609,0,5222,1480750,9,10,10,10,9,8,10,5,71
DC334B2G7,SK,LFB48H6MU,超初心者の会,1366,12,5224,1480500,10,10,10,10,8,7,10,5,70
RXEEUTLTC,くま,J5FJNX88N,無言,1189,7,5225,1480100,10,10,9,10,4,7,10,6,66
ER7QBUUBF,みんも,FNHT9JFY4,リンクラ楽しむ隊,1167,5,5226,1479750,8,8,10,8,8,8,8,6,64
7E2GD1HM5,ありち,G0WRCNRWK,県立沢庵図書館,272,0,5227,1479250,10,10,10,10,7,10,8,7,72
UUPKYW262,minits,MVMP6NNXD,空き時間らくがき,1244,0,5228,1478750,9,9,6,8,7,5,10,4,58
V4J7TFUY9,U,JH5FX56N2,のんびり,850,2,5229,1477500,7,7,6,9,6,4,7,2,48
OJ9YBIQN2,Jasonqe,73N4AB3LR,かほ子のイオン,1313,2,5230,1476775,8,8,4,7,7,7,10,2,53
DHN36R7GK,赤色色々,HUYTHRVUX,らっこ,676,2,5231,1476300,3,1,4,1,4,1,2,2,18
PAYK18SF7,どんでん,RAP9FVR3B,あばうといち,1182,17,5232,1476250,9,9,7,9,8,10,7,2,61
5CC3RE9CQ,かるこん,NMFBD39FM,蓮ノ空分室,1197,2,5233,1476050,10,9,7,9,8,8,10,6,67
87Y8YGW3V,はなんどう,RCNBH80VD,練習用,557,0,5234,1475750,10,10,9,9,7,5,10,6,66
5DM12F5DT,エゴイスト,74HPWML1R,VALORANT,171,0,5235,1475250,10,10,9,10,10,5,6,4,64
J4Y06O2FU,まさき,TK9E1BB1P,無言で自由,1158,0,5236,1474875,7,7,7,9,7,7,8,2,54
1AY06KV3L,和泉守,WLBYGHXPD,大天使村野さやか,907,2,5237,1474250,9,8,5,9,4,2,6,4,47
4LJTGX6SV,N,N8L41JAA7,無言 ノルマなし,1144,2,5237,1474250,7,8,4,5,6,5,9,2,46
BY6BIWMTP,TNWind,0R8BXPRC1,ポチっ！とクラブ,904,0,5237,1474250,8,10,5,7,4,8,7,2,51
9S1BVPDHQ,しゅみな,CV62FGL1U,花咲かせ隊,1310,0,5240,1474000,4,4,5,2,2,1,2,2,22
C764K899K,闇猫,6WJW7R1TD,さやこずノ休日,362,0,5240,1474000,3,4,4,5,3,5,5,2,31
ZUMETXLUS,タト,V26546K3D,乙宗気合筋肉,1126,4,5242,1473925,8,7,5,7,7,5,8,2,49
BL0UBIGDQ,かずひと,9UKKACGDU,蓮っ子CLUB,1295,11,5243,1473750,10,10,10,8,7,10,9,4,68
M88RFAO10,えぷそん,05KN1RR3U,さやかほ花卉園,1429,14,5244,1473500,10,9,7,10,5,6,4,2,53
7982RRHGC,ケニーヨハネ,N83DW3NYG,†極最強倶楽部†,1422,9,5245,1473250,10,10,10,10,9,5,9,2,65
KALG5F51P,ちょこまる,LH2EJP7HF,あふたぬんてぃ,529,0,5245,1473250,9,8,8,8,7,8,9,2,59
U1PHH007N,どっちゃん♪,E6WR9G75P,安養寺姫芽推し会,1154,9,5247,1473000,9,8,6,7,8,5,6,2,51
VSW63OWX2,はろすた*,WAT20PN3Y,こな党,1265,14,5248,1472975,7,9,8,9,7,7,10,2,59
RJG6BHCRD,ソイ,C0NDBKMRB,すりぃずぶぅ家,1360,10,5249,1472680,10,7,6,10,6,6,6,3,54
JWDYKWUX6,Pianta,3RH5MYBXV,こずめぐ党,972,6,5250,1472250,9,9,5,7,8,7,9,2,56
B2V4NEELW,ニジソラ,4BU2PJLC1,Sky,1033,4,5251,1472000,6,9,6,10,7,5,6,2,51
12DJD09M9,nobby,LLDLG20UU,UR取り隊,899,0,5252,1471750,9,9,8,7,8,6,9,6,62
1D9X3B5J3,ヤマエル,DC8VP5MAB,蓮ノ妹子,671,2,5253,1471250,10,8,5,7,7,5,8,2,52
LJAJ8PT76,パチクロス,9FF5JBNDF,めぐすきクラブ,1403,10,5254,1471220,10,10,8,8,7,7,10,5,65
RFRIGWMQR,かはら,JWUL2T36L,チーム初心者,601,0,5255,1470500,10,10,10,10,8,10,10,6,74
VCFFIEBX6,しま,X0TFG829Y,ボクのおうち,954,3,5255,1470500,7,7,10,5,5,5,5,5,49
OKFXHI40F,ざんみゃー,9UKKACGDU,蓮っ子CLUB,1117,3,5255,1470500,8,9,7,8,7,6,8,2,55
GW3NJ26TY,にゃしにゃし,9DKR4Y2CJ,蓮ノ空老人会,967,4,5258,1470000,6,7,7,8,8,5,9,2,52
9B0LRVTTJ,ヨネ,U6ADTX60C,シンカーン,817,6,5258,1470000,1,4,4,7,4,1,8,2,31
ESN4XW5BC,4QF,Y2P9LABR2,スクステ同好会③,1143,13,5260,1469500,10,9,10,7,7,8,10,3,64
H2G9DVSYU,こびと,YUJWPU7Y8,引田町民詰所,1205,8,5260,1469500,10,8,10,9,7,8,10,1,63
RRW5XGGC5,ブレイブ,3194B9E93,初心者寄り合い所,655,2,5262,1469000,8,9,6,10,4,2,4,2,45
7QO18FJ78,にゃんこ,2DYYAPFVN,蓮っ子村,1280,6,5263,1467750,8,9,7,4,7,5,10,3,53
0AYSG8CLW,えぬし,51CF1LTGY,ラ研連合,1189,6,5264,1467500,3,2,2,7,6,1,7,2,30
F92OTEJ26,さくらななを,9B2LV6GAW,サークル,454,3,5264,1467500,5,6,10,3,10,4,3,4,45
D8ZTGM466,ドーファン,4RATY4E84,DC大好きクラブ,1262,19,5264,1467500,9,7,5,7,6,6,10,6,56
JAHCMKUNT,かずのこJr.,4JEY5APBM,ウイ憂初WIN,555,2,5267,1467250,8,5,6,5,5,1,4,2,36
4K1WB4HTK,まじ雅！,T56X6LP0L,光の海,793,4,5268,1467000,9,9,9,8,8,4,4,2,53
PHFHX58UT,モガンボ,RF5215M2U,スクステ同好会②,1303,9,5268,1467000,10,10,10,10,10,10,10,10,80
YHD79D8A4,白い勲章,998H940YN,お嬢様筋トレ部,1172,13,5270,1466750,10,6,8,10,2,5,9,1,51
9NS1UF4CI,たかふぉい,F31A07X4V,蓮ノ空福井分校,1249,2,5271,1466250,9,8,6,10,6,7,10,3,59
P6KHWM4MG,よっしー,KC1W74B9B,蓮六園,1054,2,5272,1466000,9,9,7,6,9,7,8,2,57
TA1HP6Q57,Minee,K169NG9RE,桜色世界,1063,12,5273,1463750,10,10,7,7,6,6,7,2,55
2CF36EAJP,神原拓泉,KANLFTMVJ,蓮ノ空中文同好會,489,2,5274,1463000,7,8,8,10,6,1,4,3,47
GNXX6U6JP,信州サーモン,G1AFM0R9A,蓮ノ空釣行部,780,0,5274,1463000,8,9,6,8,8,5,9,2,55
NFB58JLK2,ナッツ,2UKNVBMBU,梢ちゃん同好会,817,12,5276,1462000,10,8,9,4,3,4,2,2,42
FHERZM9S9,レドノフ,E58FYF67C,ロータスランド,1467,14,5277,1461750,10,10,10,10,10,9,10,9,78
62C4CT335,ひるま,CV62FGL1U,花咲かせ隊,1159,3,5278,1461500,8,9,4,5,9,5,3,3,46
7L7AH4NVM,keinez,T4WY63DB9,ういのま,1008,4,5278,1461500,8,8,7,7,7,6,8,2,53
THBUY3K26,まるく,MDMTR1XKL,ホリデーホリディ,1269,15,5278,1461500,10,10,10,9,8,7,10,6,70
L0FYG6SK1,せーや,RR87XJMWD,気ままに,644,0,5281,1461250,8,2,1,5,5,1,4,2,28
EB824RMJ6,まるきゅー,828YTYAA9,箱推し社畜の部屋,1229,14,5282,1461000,10,10,8,9,8,7,8,2,62
X8WLM16L2,ㅤ,WFPA7YJE1,蓮ノ空文芸部,1138,6,5283,1460500,8,8,6,8,7,5,9,2,53
UG3XWR6KG,ykls3417,75UJ5RB97,蓮ノ空雪野球部,560,0,5284,1460000,9,9,9,7,7,7,7,2,57
3VPW5BJEG,yuuki,Y6JNPC60C,綴理メイト,725,4,5285,1459750,10,9,10,6,8,8,7,4,62
G25MC1FCT,rooos,KJU0BU77M,無言交流なし,1574,19,5286,1459500,10,10,10,10,10,10,10,10,80
CK0GFNE6V,さすらいの学院生,BTVC9G95X,FES用,1002,8,5287,1459000,10,10,5,10,5,4,7,2,53
BFGJLROGZ,タイマイべっ甲,D7H8MN2U4,LLD,1261,15,5288,1458500,10,10,8,8,9,7,10,5,67
FTC7JL3D0,ささ,N6T2MVATD,まったりサークル,581,0,5289,1455500,8,4,8,8,7,4,7,2,48
X3RCP3RF3,槿,2R4JA022F,弱智吧,424,2,5290,1455400,7,6,10,5,3,10,3,3,47
1N33FCWYN,ロール,LJ7TT1VU9,sum,657,0,5291,1455000,10,10,10,10,7,4,10,3,64
N90C5Y02D,慶太,1KDUBW4HB,めぐ党0番,979,3,5292,1454500,10,10,8,10,8,10,10,9,75
BERUM845P,瞑想,GN9EEL045,きらくに,707,0,5293,1454450,10,8,7,1,7,2,2,2,39
VGBLTRFEP,冷凍みかん,WHWT61ELR,【無言】ハスノソ,1257,3,5294,1454000,8,10,6,8,7,5,7,3,54
1X7AK1UXK,かわち,X0TFG829Y,ボクのおうち,463,0,5295,1453000,10,8,6,9,8,5,4,2,52
WX79T3VEI,ふぁーじ,NJBBTCY3A,かにかに！,791,5,5296,1452750,10,10,10,10,10,10,2,2,64
8PEZ516H8,はなよのおにぎり,W3UUXHMDV,水彩ブーケ,1102,1,5297,1452250,8,9,7,8,7,7,9,7,62
11TDWYT6I,ししちゃん,2U4GLJXLJ,泥の中の養分,1159,13,5297,1452250,7,9,7,9,6,7,9,3,57
HCL0M4FD2,マールト,17AEM7PUN,SIFcord,783,4,5297,1452250,1,1,5,1,8,1,7,3,27
LY84KEPXR,紡,976BY5JWK,ハルカカナタ,1081,10,5300,1452000,10,6,9,10,8,10,5,8,66
UAFFAPBAE,おはよは,HKETDDCK6,ぼっちざ蓮!!,1050,5,5300,1452000,8,8,7,10,3,4,4,2,46
G8D3LVV7L,星儀,53NYG615U,蓮ノ空飲酒愛好会,812,0,5302,1451750,8,1,8,8,9,5,8,3,50
XDNTLH795,あっちゃん,9JTF508LB,スクスタ亡霊部,1103,8,5302,1451750,10,9,5,7,7,6,8,2,54
FYASZLJ96,Ray,U98UKD6RY,異次元フェスP,1002,3,5304,1451000,8,8,7,6,6,5,9,2,51
UG8N8UE0E,ふどん,VNEY6C9BE,スリーマーメイド,894,3,5305,1450500,10,10,6,10,9,5,4,2,56
NIAW6PI4F,じろらも,K25DPPGT9,圧倒的にまったり,1248,19,5305,1450500,8,9,8,10,8,6,10,7,66
AVC9ZJTIR,ルイン,K8C99H42D,ルリと喜ド！愛楽,1174,6,5307,1450250,7,8,6,7,6,4,9,1,48
T0YJOF9KT,おやき,NMT63RUDV,泥村,1324,9,5308,1450175,9,9,5,10,10,7,10,3,63
KNY83TMGC,蓮ボー,1UBNNHVLG,蓮箱推し（仮）,1069,4,5309,1449500,5,5,5,9,5,4,6,2,41
J480W1DM7,ノースディングル,AGJ215YND,蓮の空中國分校,1128,3,5310,1448500,4,7,5,6,7,7,2,2,40
3CN66NH61,トーロー,18YYNRFGA,LotusSky,701,1,5311,1447750,10,6,5,7,5,1,6,6,46
5M1BH4HG9,おりー,WT275TUAT,ゆっきー組,885,2,5311,1447750,7,10,8,7,7,5,7,5,56
FAN4DK8HU,XiEYH,CY3GGDH7H,㍿キモ・オタク,945,10,5313,1447500,7,8,10,9,8,5,5,3,55
J7MPKL3G9,ことは,DKPMRA0TA,蓮ノ空奉仕部,494,2,5314,1446750,10,8,5,7,7,8,6,2,53
CNGWEP5E3,しなわた,G779JNBUM,ゆるゆるゆる,286,0,5315,1446500,10,10,10,7,7,5,1,2,52
E9WM8T1IA,りらリラゆ,Y7WU9XUY5,自分用(８字少な,1100,3,5315,1446500,9,9,7,7,7,5,7,2,53
TK48CG05W,なぞ,FVJFA973A,月猫愛好会,659,2,5317,1446000,8,10,9,6,7,6,4,2,52
LA9FKEHLJ,Fish,PDMPF3VVV,r/LL,1211,19,5317,1446000,6,7,3,6,8,6,9,4,49
MTYAUFRUV,水虹,NMRKHYYRM,ご自由にどうぞ,493,0,5319,1445900,10,9,7,10,7,8,5,4,60
5W92XFKC0,アギーレ神の怒り,6C9R15BLY,スクスタ避難民,1117,1,5320,1445425,10,10,9,9,8,6,10,6,68
DUC01R5B0,まんぷく王子,J7N4W6Y1K,こずミックラブ♡,1179,12,5321,1445000,4,6,5,2,8,8,2,3,38
ENKMRR9QR,ひげまる,CYJAC1CK2,チームK,987,11,5322,1444250,9,4,4,10,7,8,6,2,50
HZDPQN12V,ぼたん,G59NGM0XA,シュリーレン,1223,3,5323,1443750,9,7,9,9,2,4,3,3,46
VTN00CLF9,かずまる,KA652DGYV,ゆるリンクラ,815,3,5324,1442500,8,9,5,10,8,8,9,3,60
11UU1KWRF,ぬー,KT4C59NXG,めぐ島,1083,2,5325,1442200,5,7,7,4,7,4,8,2,44
73JAG99UT,SUGA,Y6JNPC60C,綴理メイト,1178,19,5326,1442100,7,8,7,9,7,5,10,3,56
4V9320WNA,tkatsu,X87KNX4N3,蓮ノ流星群,1181,16,5327,1441750,7,8,5,7,8,8,9,2,54
ZWRJ7QBKH,PATARIRO,UHWA4YLWP,蓮ノ空を見守る会,1169,0,5327,1441750,9,8,5,9,6,4,7,3,51
JX8EH6LWB,はるはる,YD2XWWFA4,蓮好き好きクラブ,1209,6,5329,1441625,5,1,2,4,5,8,4,2,31
W5O30UN6J,ゆーち,TM19BMU7C,ソロプレイヤーズ,1323,3,5330,1441000,10,10,8,9,9,8,10,5,69
EP447DF1Y,はちくま,5HHM001FE,株主総会はちくま,1049,11,5331,1440250,10,10,10,10,10,8,10,9,77
PHXYLDEDM,赤内,YVV9CMBLW,東京公演で沼落ち,1089,6,5331,1440250,5,5,4,4,5,4,3,2,32
F0I27VVLS,きじ,3EJX5WB1A,金沢綴理門,532,0,5333,1438750,8,9,8,8,6,7,9,2,57
HLMXHTKGB,たまき,FH7G62PKW,月火水木金土日,1366,9,5334,1438000,10,10,10,10,10,10,10,10,80
G034D8WC0,fazz3738,F53AELUNC,ソロっと倶楽部,750,0,5335,1435450,8,9,8,6,6,5,5,2,49
NXR1PV5N0,すいすいまる,X34LWGL6R,サークル2,1065,12,5336,1435250,1,4,5,1,5,1,1,2,20
558LK024P,きみ,9UKKACGDU,蓮っ子CLUB,1120,1,5337,1434500,9,8,5,8,7,5,8,2,52
6HG2GFLBK,ちぃ,G8F0M2PH2,アフターウォール,943,0,5338,1434000,9,7,7,8,6,3,3,1,44
C5DREU10F,乙丁,KULVP7FDR,アニマル分室,1150,7,5339,1433310,8,8,8,7,4,8,9,1,53
JRTBH36N1,ゆき,3FF3NB77X,せーはす愛好会,1100,4,5340,1433075,9,10,8,10,8,8,9,7,69
ZEE7VELC1,アキ,PN4VA24XF,みーかるぱーく！,920,5,5341,1433000,10,8,7,10,8,8,10,7,68
L4LLV7RER,ウニ,BT22M41DV,梢花帆吟子同好会,1015,9,5342,1431650,4,4,6,2,3,3,2,2,26
XXKP04PL3,ミラン,NA8FEYN0M,蓮ノ空飲酒クラブ,1088,2,5343,1431500,10,9,8,7,7,7,4,2,54
0LKXCACV4,とんべり,WRFLMWL4U,映り込み金魚,1008,3,5344,1430500,10,10,10,4,10,7,5,3,59
YRKQRCWSE,ベニーモ,R7VEXFUBP,蓮ノ空応援クラブ,1256,11,5344,1430500,7,8,6,9,7,7,10,2,56
F3PEM3IH3,RK,6531MBM0X,のちもたーズ,457,0,5346,1430250,10,10,10,10,10,10,10,10,80
9W6N02K59,だんご,0B8RTHY4D,のんびり屋さん,716,2,5346,1430250,10,7,5,10,6,4,5,2,49
WDHIQYTXG,axon,BCJRMHE75,梢すきすきクラブ,1375,2,5348,1430225,10,8,6,7,7,7,9,2,56
HNLT4HU53,にこちゃん,2JVBK752G,卍愛蓮説卍,800,4,5349,1429750,9,9,10,10,6,9,5,7,65
HL41WCW6N,ちぃー(ちーこ),0FC29NV4L,flourish,1091,7,5349,1429750,7,9,7,8,9,6,9,4,59
NB3WHDF34,Blue0v0,GWGDMA3YC,初心者無言自由だ,466,2,5351,1429500,9,9,7,10,9,10,5,4,63
HGLN12RYJ,くるみ,26CAPRWLJ,大倉庫救助隊,718,0,5352,1428500,5,7,6,4,4,6,7,3,42
XRWCY0X2K,μ'6 ニャズラ,18YYNRFGA,LotusSky,1135,17,5352,1428500,10,9,10,8,8,9,9,6,69
RN7L87TCD,奥沢家の一族,NT2KU5174,こずかほ。,780,5,5354,1427850,6,5,5,5,4,1,3,2,31
8XGER9Q5Y,ひろ,HE0GK3EPE,瑞蓮プロカ倶楽部,1620,16,5355,1427000,10,8,9,10,7,7,8,7,66
XGL0PN4G0,コメライハン,Y7KJ3PM8P,蓮すきすき同好会,1077,12,5355,1427000,7,7,4,8,7,6,9,2,50
TFOX3NFY4,ぱんみけ,MG1G6F487,蓮ノ空無微課金部,945,2,5357,1426750,6,5,1,9,6,5,7,2,41
HCWVELP07,ちゃば,TX92H9GBV,アフターが見たい,891,2,5357,1426750,6,1,2,3,2,1,6,2,23
PKAHCF304,penguin,AWFDLJ1HC,小蓮花（重生版x,743,0,5359,1426250,9,10,8,5,8,1,9,2,52
CGP8W2TPX,はにロキ,TD87P23DJ,黄昏の旅団,1571,18,5360,1425475,10,7,9,8,7,7,10,10,68
AGC7T99HJ,山口の小林,YADX9DY49,ﾊｽﾉｿﾗｰ,1091,10,5361,1425000,8,8,6,10,7,7,10,2,58
VBMP7BYRW,蘭柚梓,919XF8V2V,蓮之空大三腳,1201,4,5361,1425000,1,1,2,1,2,1,1,2,11
MF4ZXNDEE,けいしょう,WHWT61ELR,【無言】ハスノソ,1302,8,5363,1424750,8,10,9,10,8,8,10,4,67
1L91OV140,オハナ,R9T0YKDW8,かちまち応援隊,1479,18,5364,1423575,10,8,7,8,8,7,8,6,62
GBMWLW9CB,ゆず,BEMED3RY1,無言無課金ok,519,0,5365,1423500,4,4,5,4,5,1,7,3,33
JR1IWRFMB,てら,KT4P0CHHC,ゆったり同好会,1142,4,5365,1423500,6,4,7,8,6,6,8,2,47
E4DWMKHBU,あおかぜ,XPRA8TRVE,蓮ノ空ロボット部,854,4,5367,1423250,5,4,6,4,4,3,2,2,30
6AGXCDU9W,YoT,4J35EAAHM,蓮ノ空麻雀部,1117,13,5368,1423000,9,7,8,7,7,6,6,4,54
TKN4K5KDJ,cosmos,M49MMBK4F,スリーズパーク,1054,8,5368,1423000,9,10,9,10,8,6,8,3,63
PJ1RYYBTM,ヒトミ✪,BXJ6WV4TB,中国club,908,2,5370,1422750,8,9,5,7,2,4,7,2,44
EAB14LX1M,めいぷる,19W3J4UMV,蓮ノ空チア部,783,2,5371,1422500,10,10,6,8,6,6,8,6,60
POXN3M1P7,denden,9DKR4Y2CJ,蓮ノ空老人会,1136,13,5372,1421250,8,5,4,9,8,7,5,2,48
2ALBT698G,すまいる,WTJV514G9,蓮ノ空のお弁当屋,1344,20,5373,1421000,10,10,10,10,10,10,10,10,80
HLUM2DF33,セレナーデ！,DFFYFJ2B6,つづさや好き過ぎ,1013,11,5374,1420725,5,8,4,10,9,9,4,2,51
DV91WR9L8,いよかん,9FF5JBNDF,めぐすきクラブ,1396,18,5375,1420250,10,9,8,9,6,5,10,7,64
7Q57IC8LS,かざや,N2KCENRKH,猫＆旅大好き部,1245,10,5376,1420000,9,8,10,9,8,10,10,2,66
H8UPEN12L,ばんゆーあおりん,UX96YX4T1,『位置について』,1041,5,5377,1419500,1,7,5,6,4,1,5,2,31
WF4P6C5NT,はたはまはやさ,X33HHA9F8,アルストロメリア,1130,3,5378,1419250,5,8,6,9,7,5,9,4,53
DM1QLXKOE,ぴのっ,DLF2YK8WN,サクサクサーカス,1065,11,5379,1419000,5,8,7,10,8,4,7,6,55
JR3KEH0M0,星雨,7MPNTWKTN,Dreamers,754,5,5380,1418750,8,5,4,7,6,3,5,2,40
IKGXEWZ7Z,saka,JDAG79TG7,百合ノ空観察部,1449,9,5381,1418600,9,9,9,9,7,9,9,6,67
P5PGW5TFD,真城優,VA6X5YNNF,スリーズ分家,900,2,5382,1418350,9,4,3,10,3,1,1,3,34
2W29JU006,やましょう,XR2P2LDY3,蓮ノ空さいきょー,1057,4,5383,1417500,7,9,6,5,8,7,7,2,51
P89042FA6,ゆー,TKY73B47T,FREE,794,6,5383,1417500,9,8,8,7,7,9,6,4,58
UJ739QP8K,わてて,KXU941RFJ,梢先輩おめでとう,1469,19,5385,1417400,10,10,10,10,10,9,10,6,75
VR79A5RK0,Akari,V6DKUH6JT,報酬だけほしい,406,2,5386,1416750,8,10,6,5,5,5,7,5,51
E6FAN0MC0,もちこ,CWPWP1266,さすさや,969,7,5386,1416750,7,9,9,7,5,7,10,5,59
4J088B5IB,はんばーぐ,TK9E1BB1P,無言で自由,1009,5,5388,1416500,10,10,9,10,9,8,10,3,69
COX41K6NR,りんまる,LJNCAEVAP,蓮ノ空さやか研,786,2,5389,1416330,8,5,4,9,6,5,4,2,43
U0TR01HPB,アキ,WBXF9XXW7,さやつづ愛でる会,378,3,5390,1415500,4,4,10,2,4,1,4,4,33
UJA2M36FH,まほうはこえにの,RXXUPMWB9,待機室跡地観測所,1218,6,5391,1415250,10,10,10,10,10,10,10,10,80
38T7B0N7N,たく8,A7WWE0463,蓮ノ空初心者部,1110,5,5392,1414000,8,10,9,9,9,9,9,2,65
UC3TQZQOH,Wumbo,60KU468X3,はっすーず,859,1,5393,1413750,10,9,7,7,6,4,8,2,53
CNW4CEET9,グゥ,MY7PHGEAX,かがやき号蓮女行,1392,6,5394,1413500,6,3,2,2,2,1,2,2,20
FH4WD920V,すべりこみノ空,GGK2P93JK,きゃらめる,547,0,5395,1413250,9,10,10,10,10,9,10,2,70
1NUYTLQVF,Manu,7XH3K4GBT,LLP,1174,14,5396,1411700,5,6,6,6,8,3,1,2,37
3R3L9FVAD,しお,7NJM1VURM,らんるん部。,708,1,5397,1411250,10,10,10,10,8,8,9,7,72
D89LF1V69,スターフィッシュ,M6UPWJ6DU,蓮結ぶ虹と星の音,782,2,5398,1409750,8,8,5,9,8,6,9,4,57
51CGIGT2L,ふぁい,RFYKY8DCD,LA.LA.LA,1371,3,5399,1409200,10,10,8,9,9,6,10,6,68
KN73PF1TL,姫芽愛強い人,FK5MUK0ET,くる♡すきクラブ,1210,15,5400,1407750,5,3,4,5,2,4,4,4,31
U9GL87M7X,さかも,7NJM1VURM,らんるん部。,982,8,5401,1407500,8,7,6,9,7,5,8,2,52
D80J4EGX3,きょうしんじゃ,51CF1LTGY,ラ研連合,1081,11,5402,1407425,4,9,7,9,8,5,5,2,49
E7C938AQV,べーやん,BCJRMHE75,梢すきすきクラブ,1577,16,5403,1407400,10,10,10,10,10,10,10,10,80
V1XJ83WQK,花宮・夜刀神十香,E58EXVMJU,ボクがんばる。,1049,8,5404,1407000,10,5,10,10,5,4,8,3,55
U8M0WAQEE,みかん凹,VLY036Y5B,アフター気になる,504,0,5405,1406750,5,8,7,10,5,8,9,5,57
4K799HVMN,はち,X0TFG829Y,ボクのおうち,1115,14,5405,1406750,10,10,7,6,7,10,3,3,56
CLHG7F2EL,すけきょー,B14R5YE13,ドルチェスター,907,4,5407,1406250,8,10,7,10,6,5,7,2,55
GRD5U1RH7,楠木此花,WTJV514G9,蓮ノ空のお弁当屋,1369,16,5408,1406000,10,8,10,10,10,10,10,6,74
X60G3C7KY,藍音,CV62FGL1U,花咲かせ隊,1251,19,5409,1405750,7,8,5,8,9,7,9,4,57
7CM3LCYL4,さかな,2VJG66JTH,まったり,1014,4,5409,1405750,9,9,8,8,8,6,8,3,59
QU5UELMEL,やまだ,VLY036Y5B,アフター気になる,630,0,5411,1405500,6,8,7,5,8,5,10,5,54
6PR07W1W3,shum,YFADYJVW4,FPS好きクラブ,1064,19,5412,1405000,10,10,10,8,9,8,10,6,71
YYWUO3Q01,たね,UVK38MFR2,蓮の虚無サー,1249,0,5413,1403625,9,9,3,10,8,7,7,2,55
P242GVW86,chi,C9DAJ6YFV,のんびり,1020,13,5414,1403250,9,6,6,8,8,7,9,6,59
88E0A9DNA,かなめ,75UJ5RB97,蓮ノ空雪野球部,583,0,5415,1403160,10,8,10,9,10,10,4,2,63
0CJJP6W7H,UR,FNMV166UY,蓮ノ空喫茶部,1203,11,5416,1403000,9,7,7,7,6,7,9,4,56
8AL620IEL,たゆなむ,M08GKL70U,ららマジ難民の会,1242,0,5416,1403000,9,9,6,8,8,8,9,3,60
SPBKRA71Z,ぬこたん,6H800PBV7,新鮮館,1247,6,5418,1402675,8,5,8,8,4,5,5,2,45
BC5JFT6F4,はろ,8M6UDX260,ぽけもん好き,1180,14,5419,1402250,10,10,10,10,10,10,10,10,80
B9HCG3TMA,明宏,XYRA2MND0,蓮ノ空ゆっくり,643,0,5420,1401750,9,7,1,8,7,4,5,2,43
ERNG7TJX6,せんざい,N8L41JAA7,無言 ノルマなし,1344,7,5421,1401725,10,10,6,8,8,7,10,2,61
06H8TXWK2,アストレイア,HWMV33W7Y,フラワー泥民館,1130,6,5422,1401250,8,9,4,7,7,5,9,3,52
PFNRBUVWX,いんて,FLFXP0T22,沼津内浦メンバー,1028,2,5423,1400775,10,9,7,8,7,5,8,2,56
L9GURE5F0,Shin,NA8FEYN0M,蓮ノ空飲酒クラブ,1465,3,5424,1400600,10,10,10,10,10,10,10,10,80
DVUF4ELWE,一純,W189BP629,みんなのみかん畑,1204,10,5425,1400500,8,8,6,7,9,8,9,2,57
MDUHJW2BE,虎木つばくろ,424NLTEE8,無言な異次元部屋,1065,2,5426,1400250,10,9,8,9,8,7,8,2,61
QYG654IT8,マイタケ,8M6UDX260,ぽけもん好き,1065,9,5427,1400000,6,9,7,8,8,7,5,4,54
MEN43JBG3,ぷらね,1618JMRED,リンクラ自習室,916,2,5428,1399000,6,8,5,5,4,1,6,4,39
U5FU7089T,ありぐら,W71PEB8XY,戦慄のたまに衆,890,2,5429,1398690,9,8,10,4,8,6,7,4,56
ENA7QY8TL,南大沢瑠璃乃,JWUL2T36L,チーム初心者,1355,19,5430,1398400,9,9,7,7,7,7,10,7,63
WEP356DHZ,りっさん,D075KXX86,花うさぎ,1239,9,5431,1397250,4,10,10,10,7,5,10,6,62
MRLTF4RD0,ありさ,AH27N260E,百生信託銀行,625,2,5432,1396000,10,10,10,10,7,9,9,10,75
9E2AWYLCD,（.8.）,2AUM7L9BW,蓮初心者クラブ,1236,3,5433,1395250,10,10,10,10,8,10,9,5,72
2ST3DL8RY,モモ,F2M746D4B,頑張らないクラブ,1039,15,5433,1395250,6,5,6,9,5,4,10,4,49
EN8MH3YLA,エルタ,XVTV7MVCX,雪月花,1043,10,5435,1394750,5,8,7,9,4,7,7,2,49
C4M8XDCV1,yamato,C68491XHB,みらくらぽーく！,1095,15,5436,1394000,10,9,8,10,9,10,9,6,71
K4FEDT53J,Ryu_7,17LJ910A0,蓮ノ空緩々交流会,1153,19,5437,1393750,10,9,6,10,10,9,7,4,65
X2NPA60KG,りあ,UX96YX4T1,『位置について』,1191,9,5438,1393600,9,10,9,9,8,10,10,8,73
DRV2P81L0,ふみや,73CBYJYB0,"oNM,",1151,7,5439,1393500,8,8,9,6,7,7,10,3,58
US6H0N3MZ,UR_JO,UVN7G4X3A,闇のルビィ団,1129,6,5439,1393500,10,9,6,10,8,8,8,2,61
N85K5W0LU,べこ,L857464GK,激安の殿堂,471,0,5441,1393250,10,9,10,10,8,7,7,3,64
6D5EUQN4X,キタロー,3A63DYH54,LLすこすこ部,1358,4,5442,1393175,8,8,7,7,6,4,8,2,50
2UCZTQIV2,E5,B2KV0EVPD,蓮ちゅきクラブ,1393,11,5443,1392500,8,8,5,7,8,7,9,3,55
N0OQXIE2H,ほー,KWX0HVHCT,梢と綴る刻,632,1,5444,1391500,5,3,4,1,4,2,1,2,22
8NXY8E0WU,フランー,WLBYGHXPD,大天使村野さやか,478,0,5445,1390750,10,10,7,2,4,1,6,2,42
KFUXN8KTK,colo,PDTRRYUGM,石川県民ひろば,1008,0,5446,1390325,7,8,5,7,7,7,7,2,50
AWH20IHAB,明見鳥,1DU9LCND7,蓮ノ空すこやか部,1478,16,5447,1389750,9,9,8,8,8,8,10,2,62
LAMEWK26F,おくりびと,N4A69PYCN,無課金ソロシップ,201,0,5448,1388250,9,10,7,6,8,5,6,4,55
P90NT4DM3,かんだた,1EL57CDR0,なんもわからん,1133,0,5449,1387750,9,8,8,9,8,8,10,3,63
ZECH5BSNV,どんぐり,NA8FEYN0M,蓮ノ空飲酒クラブ,1397,14,5449,1387750,10,10,8,8,8,7,10,4,65
H7FVEPJJC,レイ,8XMW94CPX,ヒノチタカバディ,344,2,5451,1387475,3,10,6,5,6,1,1,3,35
TLU053C8V,しんみ,9EYH317R8,イカトンブライ部,886,8,5452,1387250,8,6,9,7,7,7,7,2,53
ESY8CLIJM,フェイト,HKETDDCK6,ぼっちざ蓮!!,1321,9,5453,1386750,6,9,9,9,9,7,8,4,61
XR0335DPE,はやと,48BTAPMBG,蓮ノ空魔術部,1344,19,5454,1386500,8,7,8,8,7,8,7,2,55
YAFAUHEJA,よは,0JY7F3EKU,さやか愛でる会,1240,9,5454,1386500,7,8,6,6,6,6,8,8,55
582RWNC0B,はくたか,57HNJ07NK,みらぱ推活最前列,1397,9,5454,1386500,10,10,10,10,8,8,10,6,72
91MLXG4T4,やかん,CM5THHYHB,「」ノ空だけれど,1021,3,5457,1386050,10,6,9,10,6,1,9,2,53
AB310C9K2,なばな,FE282F3VH,天悶部,1094,1,5458,1386000,9,9,7,9,7,6,10,4,61
W4Y8YXUNL,ともや,RWARTHA1M,乙宗梢大好き部,1189,4,5458,1386000,10,10,10,10,10,10,10,10,80
OFF10KTVL,りばー,HKETDDCK6,ぼっちざ蓮!!,404,0,5460,1385000,5,9,10,5,3,8,6,2,48
U6BM3PMS3,AiLeaf,V6DV6KETG,梢好き好きクラブ,1443,15,5461,1384800,10,10,10,10,10,10,10,10,80
07KJ140KO,星空晴雪,V7768X8AC,せーので！,948,1,5462,1384750,10,4,7,7,3,7,4,2,44
HC3RWL4YL,勳,1KDUBW4HB,めぐ党0番,863,2,5463,1384000,10,10,8,8,9,4,9,2,60
B2X1CHG1K,546,H1XNGBDFT,ちーむUK,943,7,5464,1383600,7,9,6,9,8,3,10,4,56
WRRWWM4UP,朗,TBX7N9RK5,つよつよなLH,1106,17,5465,1383250,7,9,7,10,7,5,8,6,59
EPHX81K8T,初級陪恋,919XF8V2V,蓮之空大三腳,913,5,5465,1383250,9,6,8,10,6,9,5,2,55
PR843BHBN,ロース肉,GLP0WPDRM,イベント用の泥,1040,6,5465,1383250,10,10,7,8,8,6,7,3,59
46EW8IIFD,秋水,1U4JN5CXB,LLユーカー部!,1325,3,5468,1383000,8,8,6,7,8,7,9,2,55
XXH1QBRDU,岩石,XEENRBXCG,蓮ノ空休日クラブ,1035,1,5469,1381750,7,8,6,7,7,4,7,2,48
J9E2BXTUR,そーや,HE0GK3EPE,瑞蓮プロカ倶楽部,1399,16,5470,1381600,9,8,10,10,10,8,10,7,72
0GBHD6M7U,うぃるす,XXMU9WLKB,梢の機械さん,1089,11,5471,1381250,10,10,10,10,9,10,8,10,77
F1LYBCFFL,hiromu,TLXWUR6HB,モブモブ団,930,2,5472,1379750,10,9,8,10,6,5,8,5,61
2KAA68K5G,乃木かん,N8L41JAA7,無言 ノルマなし,1066,8,5473,1379400,8,8,6,1,7,2,10,2,44
2V2BKW9HW,みう,578YG6EAT,桜桃花束愛聴会,790,2,5474,1379250,5,4,5,2,2,4,4,3,29
6EX2OW7N5,花咲かじいさん,6045Y2RW7,ポチっと！蓮ノ空,1566,15,5475,1378800,10,10,8,10,9,8,10,8,73
X1B3DAUHA,kuro,YVV9CMBLW,東京公演で沼落ち,519,2,5476,1378750,7,2,6,1,4,1,2,4,27
7N3C26NRR,2262z2,TFGKYEY98,LLP JR,1000,0,5477,1377500,8,9,7,6,8,7,7,2,54
UJ3N51MRZ,れいん,6XX7GBM0K,ぷちぐる同好会,1274,17,5478,1376750,9,8,9,10,9,5,7,2,59
ICT8EVY3B,ユミ,ELDXGWNA6,○サークル,1267,18,5478,1376750,8,8,6,7,6,6,10,7,58
YFH6GDLTK,めぐ島めぐ島めぐ,KT4C59NXG,めぐ島,1520,14,5480,1376400,10,10,10,10,10,10,10,10,80
YBNGC4NP4,Dr.ウィロー,6C9R15BLY,スクスタ避難民,1107,2,5481,1376075,10,9,9,8,8,7,9,7,67
GIOBOAD3T,柴漬け,RXXUPMWB9,待機室跡地観測所,1126,17,5482,1376000,9,8,6,8,8,10,9,8,66
66CKWQ3LD,ぽんず,9X07VGM42,近江町食べ歩き隊,1144,9,5482,1376000,10,10,7,10,9,7,9,2,64
8JKAFBALU,むぎゅん,GR65FP8VN,蓮好き,1119,4,5484,1375125,10,9,7,7,8,8,9,2,60
1YUQCD17W,万能試験紙,4XRHRYDW4,無言でエンジョイ,1325,9,5485,1375000,8,8,7,8,7,7,10,6,61
46617987D,十六夜 セツナ,23YJ44XUE,あつまれ好好の森,1037,13,5486,1374500,6,8,8,10,9,8,8,3,60
AJAG9GJD4,いんそむにあ,RGD0XWBMK,白黒,515,0,5487,1374250,5,4,6,4,3,1,5,2,30
FCHQLCV8M,ソラ,CJ398GJAT,バッグクロージャ,936,3,5487,1374250,7,7,9,8,6,7,8,3,55
SJMDF6E95,カンス先輩,CT8XW752X,蓮ノ空写真部,1252,3,5489,1373500,8,4,6,6,6,7,7,1,45
MHIO3WTRI,森井啓介,UVK38MFR2,蓮の虚無サー,1095,3,5490,1372250,7,6,7,7,7,5,9,2,50
9H33LCXBL,FUJI,5DUAAAPP7,蓮ノ空好き！,928,6,5491,1372000,10,5,2,5,4,9,4,2,41
6RFEETJ8E,なな,F8MLHU2NV,乙宗梢様､､､,1451,17,5492,1371530,10,10,10,10,10,10,10,9,79
9VUAQDC8D,カイ,K25DPPGT9,圧倒的にまったり,1200,13,5493,1370750,8,4,6,7,6,5,10,2,48
877CG8PB0,May,XUBGXWVET,やめました,1009,2,5493,1370750,9,9,9,7,7,7,8,2,58
NSL04B19D,四月の花帆,2JVBK752G,卍愛蓮説卍,1186,5,5495,1370500,9,10,7,8,9,7,10,5,65
2K4FKGLAY,ロンド、君に,6C9R15BLY,スクスタ避難民,1112,1,5496,1370375,10,9,9,7,7,7,9,6,64
GUNH4X689,しじみ,J800VVPTN,Aqours,1103,3,5497,1369500,8,4,5,7,4,6,4,2,40
HMLFQ86Z0,ジェノサイクス,W09WBG3HY,どろんちゅ,1509,6,5497,1369500,10,10,10,10,10,7,10,2,69
4Y73FL4VN,なべわた,G0J2F9NAL,さやさやさーくる,1131,13,5499,1369250,8,8,4,4,4,4,4,2,38
01T31JHCL,ともり,AWFDLJ1HC,小蓮花（重生版x,898,10,5500,1368800,4,6,8,7,8,5,5,3,46
O9OFVS3NN,piro,7P4CAER9X,まったり倶楽部！,1556,5,5501,1368000,10,10,10,10,10,10,10,10,80
1HJWW9EWS,しかざくら,BG041A4MD,TK会,1299,1,5502,1367750,10,9,8,9,8,8,8,2,62
3GMJXL237,Jjp,VE9CH1HMG,hmm,996,0,5502,1367750,8,8,6,6,6,6,9,2,51
K3GV63WBX,カナメ,0B8RTHY4D,のんびり屋さん,1569,19,5504,1367600,10,10,10,10,10,10,10,10,80
NCCWM5M6V,妃愛,3F0M4HXJE,蓮ノ空まったり部,993,7,5505,1367250,10,8,7,10,10,10,7,10,72
TDJPVG1LD,シマナガシ,AHE0E3JND,ありがと！にひっ,1342,14,5506,1367000,10,10,9,9,9,8,9,5,69
KY1VX4AQD,sakura,J5CJ60JTY,Jサポx蓮ノ空,1065,0,5507,1366750,7,8,7,9,6,5,8,2,52
3VJZVZZZO,たかイブ,C6V311T2P,LotuSky,1205,4,5508,1366500,9,9,8,8,8,7,9,3,61
XCTW59NE4,Miane,6BFC4G5YG,蓮ノ空足湯同好会,344,0,5509,1366000,10,10,10,10,6,4,6,2,58
KB5PKC03D,ソウルバーナー,7U20138DB,LGP,1606,17,5510,1365910,9,7,4,2,9,9,9,2,51
JD7REC13L,ヴィク,0B8RTHY4D,のんびり屋さん,711,2,5511,1364750,9,9,6,8,7,3,8,2,52
1DRF6U569,たす,9YM3DBTB7,泥民館,1149,7,5512,1364500,8,9,6,8,4,6,7,2,50
293VJ2L8K,アーサン,T2XRMGEAE,蓮根無言会,1462,5,5513,1364250,10,10,9,9,9,8,9,7,71
AF3VK8PK7,輸入道,0R8BXPRC1,ポチっ！とクラブ,454,0,5514,1364000,5,7,4,5,6,4,9,3,43
3O3Y6YK8N,コズエ,WLLWJ8ADP,乙宗筋肉サークル,1256,15,5515,1363750,7,8,6,5,7,1,10,9,53
MLZ0NJSUC,かなた@ミジンコ,R9NGK6L48,のんびりサークル,1164,2,5515,1363750,7,8,5,9,7,5,8,2,51
3EV7MHCQV,不思議な学院生,TM19BMU7C,ソロプレイヤーズ,947,6,5517,1363250,7,7,4,6,6,5,8,2,45
5BY8YVKEY,†夜羽†,LFB48H6MU,超初心者の会,1251,19,5517,1363250,10,9,8,10,9,9,10,5,70
EWDLLDM42,ぺこりーの,8MTLYLH9F,木星月華黄金宮,1173,0,5519,1362500,10,10,8,9,10,8,9,2,66
EJA18D024,ひらそ,L3NN1RWMY,アポロベイ海賊団,1035,2,5520,1362400,10,10,10,10,9,10,10,5,74
AIACN3XZ2,しめさば,XHJLF3R8H,ゆったりプレイ,1226,1,5521,1361750,9,9,8,9,8,8,9,5,65
ETO77S8SF,TOCCI,GYG7B5R36,幼馴染同好会,1575,10,5522,1361500,10,10,6,8,8,8,10,10,70
MWBKGXCM1,はんとんらいす,6HV2RH6TU,イベント用、無言,1102,5,5523,1360750,8,10,6,8,7,7,9,6,61
KTLLLG4XP,さめくま,GMEF2K8DL,花咲く泥も好き²,1389,3,5524,1360200,10,10,10,10,10,9,10,10,79
MLON04M97,ブランデー,HE0GK3EPE,瑞蓮プロカ倶楽部,1382,8,5525,1359925,9,10,7,8,8,5,10,3,60
KHUK7DRR2,心がめぐめぐする,9GDHWXGVG,ルリと花咲く毎日,1389,11,5526,1359750,10,8,7,7,7,6,10,2,57
KOTI7HEX9,you,M30V90CUA,零協,1365,19,5527,1358750,7,10,10,8,9,9,9,3,65
AH8F9MU0G,秋沙雨,A3X92L6YU,お試し用サークル,1261,14,5528,1358000,10,9,6,10,7,5,8,2,57
DIREP1W4U,アスパラ,EEP20F2M8,綴理の綴り,1159,11,5529,1357250,8,8,5,7,6,5,7,4,50
WXEEPB075,ファシマル,578YG6EAT,桜桃花束愛聴会,977,0,5530,1357000,10,8,6,7,6,6,8,2,53
0XXRBYD3F,K,XA0XD41CM,ぼっちぼっち,697,4,5531,1356750,10,10,10,10,10,6,8,3,67
YP291K184,雪鴉,PPAHU1TNY,蓮ノ空のんびり部,1103,11,5532,1356550,7,8,7,7,4,1,5,2,41
FH77ZUBH1,タルヒ,0VEMMV8E2,スリブとまったり,1067,10,5533,1356125,6,7,6,7,7,7,4,2,46
74L40ADWJ,チキ,4XRHRYDW4,無言でエンジョイ,1218,8,5534,1355500,10,5,5,10,7,8,5,2,52
BG5Y2NB90,青いトマト,HGVHHB78D,蓮ノ空写真部,935,0,5534,1355500,9,7,5,8,3,4,6,2,44
NCT6HURO6,りよ,CRYB2FJ64,つくよみくらぶ,1263,7,5534,1355500,10,9,7,8,8,8,9,2,61
Z6L0MX197,いちシート,2AUM7L9BW,蓮初心者クラブ,1105,11,5537,1355000,4,8,5,7,8,4,8,2,46
0OY7LWZQZ,kennto.,H6JWBBGCG,蓮天・乙宗一心流,1495,11,5537,1355000,7,7,8,10,8,5,6,4,55
KAL9BRYYN,きょんぴー,G2BWENR1C,せーはす応援団,1674,16,5539,1354600,10,10,10,10,10,10,10,10,80
K4178HGYW,あかはね,TKY73B47T,FREE,553,0,5540,1354500,9,9,6,4,3,1,3,2,37
5JMG7L41X,ルイス,U57VPUTEE,ゆったりクラブ,500,0,5541,1354250,9,8,5,7,6,6,5,2,48
A9F8O9BV1,みあとる,9RYR14H9L,ソロマターリ,966,0,5542,1353750,9,8,4,9,6,4,6,2,48
LD235WHP6,あだまん,A2CX6TGN5,大衆酒場 蓮ノ宴,399,0,5543,1352750,9,10,8,9,9,7,10,3,65
B3GHTWDUT,くじら,BEMED3RY1,無言無課金ok,932,3,5543,1352750,6,9,6,8,7,6,8,2,52
R0JJ23TY7,Starwing,YKN19E3H3,大勢はこずかほ,1399,5,5545,1352250,9,10,7,8,8,9,10,7,68
04BN8B6K5,AqA,GN1798YEX,ド!ド!同好会,478,2,5546,1352000,5,4,5,4,3,1,1,2,25
10FXC6JJN,falai,M44P06CH5,つづさや見守り隊,732,0,5546,1352000,4,1,1,5,2,1,1,2,17
VKQDTH6VH,エクレア,YWY6C7K6H,蓮ノ空,1000,2,5548,1351750,9,9,7,7,7,6,7,3,55
ZAQC9O1L8,ゆーふ,JE7V5MM31,蓮ノ沼に沈んだ泥,1643,15,5549,1351400,10,10,10,10,10,10,10,10,80
KG2MSNIBI,YOK,7J3DF36RX,綴理しか勝たん。,1039,14,5550,1351375,9,8,7,10,5,7,7,3,56
UV5EANYV0,ペガサス,9FF5JBNDF,めぐすきクラブ,1152,6,5551,1351200,10,9,8,8,7,8,10,7,67
VAFXEPELX,レッサー,PH0YEPJD8,蓮ノ空北國金沢,1260,15,5552,1351000,7,9,8,9,8,6,8,3,58
58Z4A0RH4,ナユタ,FTUJJ5KM9,無言◎私生活優先,1030,5,5553,1350750,4,5,6,5,5,7,7,2,41
GUUU29W4T,さかたまりあ,281AVFPPX,蓮ノ空過食クラブ,1205,10,5554,1350400,9,5,9,10,9,9,7,3,61
RSBJQ33P2,野生のマンチカン,XVTV7MVCX,雪月花,1045,1,5555,1350250,8,7,7,8,7,7,10,2,56
M6THEU0T1,クロレラ,04D5UV5XN,汚れてゆく花びら,1550,19,5556,1349750,10,10,10,10,10,10,10,10,80
BAHMD4U76,プリンの世話人,KGG6VMD1R,蓮ノ空本蓮沼の会,329,0,5557,1349500,8,8,8,9,9,7,7,2,58
V56C5L98B,おます,C52VR77BJ,イベント参加用,505,0,5558,1349475,10,10,10,9,8,8,6,2,63
BEL1M3MFV,ちょこふれ,8R49BTWW6,蓮女お嬢様クラブ,590,0,5559,1349000,8,10,9,10,3,1,2,9,52
WWY6GHPWG,ロシェッグ,E76N52LMW,イベントのみ,983,11,5560,1348750,10,10,10,10,10,10,10,10,80
8WNEP4JHG,だいP,E7UBFLW56,同好会の同好会,1084,2,5561,1348240,8,1,4,8,5,1,1,2,30
NLJ45HPGM,庫彩星,JKAYY0KXL,自由！開心！,1077,10,5562,1347750,10,10,10,10,7,6,9,4,66
V5UA331PF,あぶナスビ,0XUV5025C,めぐめぐバブり隊,552,2,5563,1347575,10,10,7,10,10,8,6,3,64
7G8MAXH2B,Penguin,E6WR9G75P,安養寺姫芽推し会,460,0,5564,1346750,7,7,6,6,8,6,6,3,49
4D37T6DYP,どんちゃん,UYCT3Y4JK,蓮っ子,826,0,5565,1345750,8,10,7,8,7,7,9,6,62
5O0HMLKPZ,りあ,E76N52LMW,イベントのみ,1210,18,5565,1345750,10,10,10,10,10,10,10,8,78
WE6R27FDF,シャイコフ,KWFJDTKE7,オメガケンタウリ,1231,2,5567,1345675,10,10,9,8,9,8,10,8,72
3XV06HQ92,ベルク,E58FYF67C,ロータスランド,1523,19,5568,1345250,10,10,10,10,10,10,10,10,80
D57TAB8C1,KOTAMI,7XH3K4GBT,LLP,1099,15,5569,1344750,6,4,4,8,7,10,6,2,47
NDAPJYJBO,壁,L10A3854K,ラベンジャー部,1058,11,5570,1344725,6,7,5,8,6,5,8,2,47
MB1WHJTU3,御徒町チャレンジ,VY26V3P0K,AltF4され隊,1072,12,5571,1343250,8,8,8,10,6,6,7,7,60
1YY015YN8,紅茶好きな学院生,KJU0BU77M,無言交流なし,1084,15,5572,1343000,8,9,9,9,9,9,10,8,71
ON4U2Z876,ヨシ,4XVD1CXVM,KIT,1146,11,5572,1343000,9,9,5,10,5,7,9,2,56
83C1P1A20,かものはし,HPTHY23VR,蓮ノ空文芸部,1402,7,5574,1342360,10,10,8,9,9,8,9,4,67
HB840DYBA,ひかり,MTBP3B4GM,ふらわーすきすき,1205,19,5575,1342250,10,10,9,9,10,8,9,5,70
PPXJNLDVX,とり,M6UPWJ6DU,蓮結ぶ虹と星の音,1138,19,5576,1341400,2,9,1,7,7,6,10,2,44
3KYGZWC7G,ヨウ,W41UFD3WA,ヨーズブーケ,324,0,5577,1341250,8,9,7,6,5,1,2,2,40
24V8PFG80,朱稀,424NLTEE8,無言な異次元部屋,1016,5,5578,1340750,10,10,10,10,10,10,10,2,72
U52LX6HV1,碧葉,AH27N260E,百生信託銀行,1116,15,5579,1340500,10,10,10,10,10,10,10,8,78
LANJN56K0,あ,0YLUK30K6,蓮っコの集い,914,2,5580,1339750,7,7,6,6,4,4,4,4,42
AXFUWCCBV,だんご,KFC62L0FV,ねるねる同好会,1229,19,5581,1339000,10,10,10,10,10,10,10,10,80
V6R2HNG01,ルリルリ,D7UA5ER1E,UR報酬欲しい！,800,0,5582,1338550,2,4,2,4,7,4,4,2,29
VEM7KEV0Y,ここじゃない,XLBU65J86,花の壁飾りクラブ,840,2,5583,1338500,10,9,7,8,8,7,7,2,58
V8Y4EJTDP,あさはパン派,M3VFRN1CW,Feslive用,470,0,5584,1337600,5,5,2,6,6,4,7,2,37
YV93KC93E,ノラ,6EAX4H2UK,Ssss,779,0,5585,1337200,10,10,8,6,8,8,10,4,64
U56OJ1JH5,ユペ,TKVR3KU7L,ネギトロTKG,1137,13,5586,1336750,2,2,2,2,2,4,8,2,24
6F6BAO5WY,ぱにーに,LNGXT5UP6,蓮ノ空寝そ同好会,1145,8,5587,1336500,9,8,4,7,8,4,6,3,49
3GMSMPS7T,takahira,DKNHY5HH6,なす料理研究会,1395,20,5588,1336250,10,10,10,10,10,10,10,10,80
L7WLFN576,けんさん,06DCWC1RE,とりあえず参戦用,741,2,5589,1334250,8,9,8,6,6,5,2,3,47
PPCGCECT9,しまだい,NMRKHYYRM,ご自由にどうぞ,224,0,5589,1334250,7,10,7,10,6,5,7,3,55
VA7MC8S5R,向山浪次,67F1KB00K,さやか推し♪,1189,18,5591,1333750,1,1,5,4,6,4,7,2,30
VODSJNHAL,まほほの,HWMV33W7Y,フラワー泥民館,960,6,5592,1333250,10,7,7,6,6,5,7,2,50
1ZACB791U,睦月,WAT20PN3Y,こな党,1218,15,5593,1333000,7,10,10,9,8,7,7,3,61
C8DKWCWWB,たろう,TD6YVVU3P,トミー,454,0,5594,1332500,10,10,5,5,5,5,6,2,48
SPOY0X24B,ユーリ,7P4CAER9X,まったり倶楽部！,1285,10,5595,1332375,10,10,9,9,8,9,10,9,74
2YEC9WQ4N,ごめた,2NY9H8BR9,乙宗紅茶館,1016,11,5596,1332250,8,10,10,10,9,7,8,8,70
2D4MYD57Y,空白,AE3L01V24,LOVE蓮ノ空,493,0,5597,1331900,10,7,5,3,7,4,2,2,40
ISZ26BAHV,リップ,RNJ306W6N,日曜日よりの使者,1350,16,5598,1330750,10,10,10,10,10,10,10,10,80
MVON3PN25,かゑで,BKUHCT7WF,蓮女お嬢様部,1365,10,5599,1330250,8,10,7,9,6,5,9,3,57
38JBB42RP,tory,GPKTRBCTT,騎空団蓮ノ空支部,919,1,5600,1330200,9,8,6,8,6,5,8,3,53
R74DCR9F3,アオツキ,HWMV33W7Y,フラワー泥民館,1250,19,5601,1330000,10,8,7,8,8,6,10,3,60
JLG13G40P,ごちやま,D571XHDER,蓮ノ空地域鉄道部,784,0,5602,1329250,10,10,8,8,9,8,7,5,65
62H1TJ9TK,初日の出,1D7T2UXC2,無言でのんびり,1002,4,5603,1327250,5,10,10,10,6,4,8,2,55
7R0XSVGY3,のどぐろ,C0NDBKMRB,すりぃずぶぅ家,954,8,5604,1326800,10,10,10,10,8,9,9,7,73
27YRFCT3U,らいさい,XTMGPY62U,スクステ初心者,686,6,5605,1326750,4,4,7,8,4,3,5,2,37
XGBPK5HN2,かつや,2B97MH4YA,同じ話し何回も…,817,4,5606,1325750,3,1,4,6,3,2,9,2,30
85691MWJW,あお,WLBYGHXPD,大天使村野さやか,1149,12,5607,1325500,10,10,10,10,10,10,10,10,80
4AV99KWQF,mugon,JD1PFYJWE,瑞蓮隊(無言OK,1187,7,5608,1324500,9,8,5,9,9,8,10,3,61
BBLG0204E,so123,43HRXMXWA,無言OKクラブ,917,4,5608,1324500,8,9,7,7,6,5,8,2,52
YK8GVYG37,いそべやき,E7UBFLW56,同好会の同好会,963,11,5610,1324460,2,8,4,7,5,4,2,2,34
HDU0UVQ7F,きよたん,AHE0E3JND,ありがと！にひっ,838,1,5611,1324000,4,5,7,7,5,5,1,2,36
PC19HCLCH,こじろう,BT3GEWM5L,ささやか村の集い,1466,8,5611,1324000,10,10,8,9,8,8,10,5,68
CC3A193T3,たまご,07JW71HWG,良いチケで観よう,1307,2,5611,1324000,6,9,8,8,7,7,9,6,60
GDQW7K77E,たかにょろずん,C2GXY2MWB,LLYMLSIC,1212,19,5614,1322750,8,9,7,7,7,7,9,3,57
GRXB1MUY8,ぴー,8MTLYLH9F,木星月華黄金宮,1253,16,5614,1322750,10,10,10,10,10,10,10,10,80
P5P2N8KLZ,まあさ,6BFC4G5YG,蓮ノ空足湯同好会,1316,2,5616,1322250,8,9,10,7,7,7,9,5,62
EA3CQLHAU,しましま,XPRA8TRVE,蓮ノ空ロボット部,1284,13,5616,1322250,10,10,9,10,10,7,9,7,72
B1VOVHN15,あるら,36DAM7HBL,蓮隠れノ里,973,8,5618,1322000,7,9,5,6,9,8,8,2,54
HC9P8IT0V,やまねこ,D1YHB0B1A,BWO,1371,8,5618,1322000,10,10,10,10,10,10,10,10,80
78EK7YVO7,WhiTe,YD2XWWFA4,蓮好き好きクラブ,1220,4,5620,1321590,10,6,8,9,9,7,10,4,63
HKBTJS8OV,ふぃあな,YFVX33LRP,(_ _).｡o,1250,2,5621,1321500,10,8,7,7,8,4,7,3,54
3CJ88J34V,泉 茉優,0GU64Y5FB,蓮ノ空283プロ,475,0,5622,1320530,7,9,9,7,5,6,10,4,57
VNR2625D5,TK,AHE0E3JND,ありがと！にひっ,1090,2,5623,1320000,7,8,4,6,9,7,8,3,52
EENK103ME,kP,A3X92L6YU,お試し用サークル,1203,0,5623,1320000,9,10,8,8,7,8,10,4,64
A71T4UY8N,桜餅,2AUM7L9BW,蓮初心者クラブ,1146,6,5623,1320000,8,9,8,8,7,6,10,7,63
8V49H6XKN,ツッチー,KNRD3YG7N,ケ・セラ・セラ,1299,12,5626,1319750,10,10,10,10,10,8,10,8,76
BPPN7TY31,ミカン,ATB27G5P2,おこめ茶寮,813,1,5627,1319500,10,10,10,10,6,8,9,3,66
PP5PJSC69,ライ,8R49BTWW6,蓮女お嬢様クラブ,1577,10,5628,1319250,10,8,6,5,10,7,9,5,60
4H88WA6WX,にゃんじ,427WENUC4,心の癒し～蓮ノ空,933,1,5629,1319000,1,8,9,7,7,1,8,3,44
T5FCEVV1C,おぐ,6N3F238R0,イベント参加用,754,0,5630,1318750,7,9,7,7,7,5,9,2,53
20R5VDFUX,トシ,2UKNVBMBU,梢ちゃん同好会,1243,14,5631,1318500,10,9,8,9,9,5,9,6,65
XRGPHWY2U,kanpa820,K25DPPGT9,圧倒的にまったり,1040,2,5632,1318250,10,9,7,10,2,6,10,3,57
L87PBVPT3,NM,W26TRPM1R,めぐ党藤島派,1302,3,5633,1317800,10,9,8,8,9,8,10,6,68
EW8BA4S9C,ふりすく,L3NN1RWMY,アポロベイ海賊団,1027,3,5634,1317750,7,8,6,8,5,4,7,3,48
2W8G6B85F,HB懸賞,BT22M41DV,梢花帆吟子同好会,1207,7,5635,1317650,7,10,7,8,8,7,9,2,58
CJECN5NNA,くれと,AH27N260E,百生信託銀行,1122,11,5636,1317510,6,10,6,6,10,8,7,5,58
Y89Z9LPJA,べねとん,TY6GK7VHH,Rosa,1424,11,5637,1317500,10,10,10,10,10,10,10,10,80
WBPTHYAF1,るりまる,976BY5JWK,ハルカカナタ,1218,9,5638,1316250,8,9,7,8,9,6,10,3,60
2972VPXYX,asdtam,95TAREFPT,ご自由にどうぞ,403,0,5638,1316250,6,9,5,4,4,8,4,2,42
J9EVE566E,TxZdc,GCFA4WL28,乙宗梢を愛で隊,1016,7,5640,1315500,7,4,5,6,7,5,1,2,37
7WY4JMEFL,まんじゅ,KXU941RFJ,梢先輩おめでとう,636,0,5641,1315275,10,10,10,10,10,7,10,2,69
HX75CXJGQ,どらい,7CP6HECWA,そろ,1371,6,5642,1315000,10,5,5,6,6,7,8,5,52
WL1IB1KUP,ポール,X4G2LXJB4,運命の人5万人,1099,15,5642,1315000,8,9,7,10,9,9,10,6,68
85W7VWKV4,病気は気分の問題,JD1PFYJWE,瑞蓮隊(無言OK,695,0,5644,1314600,10,10,10,10,8,10,10,10,78
QXK1EBSEF,ななせ6号,WE4AB37FP,めぐ党,1124,15,5645,1313500,6,7,6,6,7,7,8,2,49
XG1MJ0AMC,むみん,Y6KN85L5P,孤独の村人,216,0,5646,1312750,10,10,10,7,8,10,7,3,65
8XJJ0CUGL,びっと,RM8AJWC7L,まったりゆったり,950,2,5646,1312750,9,9,6,5,6,5,5,2,47
CN8W36HYX,えすと,YMKU30246,参加賞がほしい,266,0,5648,1312500,7,7,5,7,8,2,4,2,42
V7GCT2BB2,ひろトッポ,ECDW9WJ0J,のんき会,460,1,5648,1312500,4,4,4,6,6,1,2,2,29
Z7BCZYAJO,ニョッキー,7XH3K4GBT,LLP,1333,2,5650,1312000,10,10,9,9,9,9,10,9,75
F3MFF5EBL,川田将雅,W9V6VTXAN,梢先輩の歌声好き,608,0,5651,1311990,5,6,7,6,5,1,5,4,39
L021CUG2J,蓮ヶ咲,8YNHW7530,虹ヶ咲、蓮ノ空,1057,13,5652,1311750,7,7,4,8,6,4,5,2,43
0FDYE6D3L,なんだ！？,E7UBFLW56,同好会の同好会,1027,15,5652,1311750,9,6,7,8,9,8,8,3,58
C2W5FBJLP,wolfram,GXR6C85BT,花帆ちゃん親衛隊,1305,19,5654,1311250,10,10,10,10,10,10,10,10,80
8KYWY57YD,Shen,00T3NXXA9,初心者,1093,12,5655,1311000,10,10,10,9,7,10,9,10,75
L4TH6HR3R,桜小路恋,YAD615PCK,蓮を咲かせる泥達,1402,13,5656,1310500,9,10,8,8,8,6,8,6,63
Y0RXEU4DQ,ぴろ助,B2KV0EVPD,蓮ちゅきクラブ,1245,1,5657,1309750,9,9,7,10,8,7,9,2,61
4MZNNKWDP,Ginga,58FD7UF8J,としとしサークル,969,6,5658,1309500,7,8,6,9,7,5,4,3,49
8VPC6AJF3,Pyon2,1UBNNHVLG,蓮箱推し（仮）,799,0,5659,1309100,8,8,6,7,7,5,6,2,49
W1XAEMK31,アヒル,DFXN9DB2H,どんぐり共和国,1194,14,5660,1308500,10,10,10,10,7,8,6,3,64
H0XH70J0K,つぶあん,E1HVJ71JR,ご自由にどうぞ,946,3,5661,1307675,6,4,7,9,2,6,1,1,36
9UAX6L9C8,あや,VD7N7A4WH,氷青色,1044,11,5662,1306500,10,10,8,9,10,7,9,8,71
UR4BU21CX,白銀アクア,ABALH0AL3,楽園計画,962,4,5663,1306250,8,9,5,8,8,5,8,2,53
G9DLRC54M,rh,0CEA9XFKR,蓮ノ空の泥人会,1150,3,5664,1306000,4,6,7,5,2,1,7,2,34
EDEH80T27,虚無田,K69M1X95F,アイリス,901,0,5665,1305250,9,10,6,8,7,7,9,2,58
289PLYYDY,チョメ,C8A9CTB34,蓮ノ空山岡家部,1016,5,5666,1305200,7,9,10,9,9,3,10,3,60
Y0W27ACUK,pyon兎,TFGKYEY98,LLP JR,871,0,5667,1304825,9,7,6,7,6,4,5,2,46
ILO32VFUO,わかやま,MVMP6NNXD,空き時間らくがき,1447,15,5668,1304800,10,10,10,10,10,10,10,10,80
MJP5M1594,くっま２号,48GTYR1VB,ハラショー！,1244,13,5669,1304750,8,9,8,8,8,7,9,7,64
Q03DMMBLH,モチモチのまさ,CXG25026E,泥のみんなS,1064,5,5670,1304250,6,8,5,8,7,5,6,4,49
RK0B0V52P,よー,XLBU65J86,花の壁飾りクラブ,1157,16,5670,1304250,5,4,7,8,9,4,5,2,44
CTDADL7ME,あーたん。,GYG7B5R36,幼馴染同好会,1333,12,5672,1303750,10,10,7,7,10,7,10,7,68
6W15T8F42,しう,0FMM30LCA,無言,1667,17,5673,1303500,10,10,10,10,10,10,10,10,80
O44TRM3CC,ツキマカセ,BWD9U1EJ2,蓮之空中国同好会,1187,15,5674,1301750,4,5,4,4,5,6,7,4,39
UFBKN0BHJ,しおどめ,424NLTEE8,無言な異次元部屋,364,0,5675,1301250,10,8,10,7,5,2,1,2,45
KN621BUG9,もそ,6HV2RH6TU,イベント用、無言,897,5,5676,1301000,10,10,10,10,10,10,10,6,76
LWMWMEQZK,はちくん,H0DV3JJGA,かほさやてぇてぇ,315,0,5676,1301000,10,10,4,2,6,1,7,2,42
ED98CXADB,ゆきむら,53M4V2BVG,吟子の髪飾り,789,4,5678,1300850,10,6,5,9,6,6,5,5,52
465B7V60E,破壊世界奇々怪々,7MPNTWKTN,Dreamers,932,4,5679,1300500,7,9,4,4,3,5,4,3,39
K7R75FH0C,365 Days,8A3NB6C6E,城,1100,1,5680,1300000,7,8,4,7,6,5,10,3,50
2KHBE9DDC,MSZ006C1,8YFF0WP45,毎日がホリデー,1300,15,5681,1299000,10,10,9,10,10,8,10,5,72
3X4D83UJP,おしるこ太朗,LL1WXGV5L,鉄花団,1247,2,5682,1298750,10,9,6,8,8,7,10,4,62
RF041JGWD,やえ,YMKU30246,参加賞がほしい,322,0,5683,1297700,10,10,10,10,9,9,4,2,64
V7U03DJJ9,konta,PPAHU1TNY,蓮ノ空のんびり部,1233,8,5684,1296250,8,8,7,8,7,7,7,2,54
MB1RTVCD0,大雪春夏,HDD9DJVTB,Lotusky,323,0,5685,1295500,3,9,5,9,3,2,1,2,34
7MYG0N2A7,ラムダ,N0EXH1CM1,ぱちぱち徒町,1107,0,5686,1295000,10,10,10,10,7,5,10,5,67
DJO1S527V,佳月,321FF56TK,リンクラ芸楽部,1079,3,5687,1294530,9,7,5,5,6,1,9,2,44
6LQGT4QKX,bbb,KPABV0UJM,蓮の空サークル,1255,19,5688,1294500,10,10,9,10,5,6,5,3,58
3SUPO7DJK,天王寺渚,6BFC4G5YG,蓮ノ空足湯同好会,1197,0,5689,1294310,7,9,6,8,10,7,10,4,61
LVP4D6FN6,phocidae,NLTAB4BLF,蓮ノ空ゆる活動部,561,0,5690,1294000,2,4,1,2,7,5,7,2,30
B71JRYQJB,おぐりん,Y6JNPC60C,綴理メイト,1447,14,5691,1293600,10,10,10,10,9,10,10,5,74
ZCDR3HFX1,ケータ,GYG7B5R36,幼馴染同好会,1323,4,5692,1292750,9,10,7,9,8,7,10,6,66
CYL91977R,げちょげちょ丸,53M4V2BVG,吟子の髪飾り,622,1,5693,1292475,10,10,8,5,4,3,10,4,54
HGNPA40M7,シトラス,W3UUXHMDV,水彩ブーケ,368,0,5694,1292000,2,2,4,7,5,4,4,2,30
LNNWYE4NS,モーセス,Y2HV0YEF7,蓮ノ空を応援し隊,1379,19,5695,1291000,10,10,10,10,10,10,10,10,80
BTWWAU29C,ぐっさん,XA0XD41CM,ぼっちぼっち,686,0,5695,1291000,9,10,10,6,9,10,8,4,66
FC0492KR0,mirala,787P66W7E,m,831,0,5697,1290750,8,8,8,8,7,6,7,4,56
SHZ315U9F,ラプター,NX9KJK529,虹ヶ咲学園,819,4,5697,1290750,6,7,7,8,9,5,5,2,49
RKAW60AQX,209系,58FD7UF8J,としとしサークル,1116,4,5699,1290575,9,6,4,4,7,6,9,3,48
9GNW0Y9UT,しおから,1EL57CDR0,なんもわからん,677,0,5700,1290000,8,10,7,8,7,2,8,3,53
6D5QOH0YD,はるなと,06A0GBYLL,ロータスNHK,1266,1,5701,1289500,9,10,5,7,7,5,10,2,55
H7JKYDYX6,あきまる,D3PGC4352,めぐにゃん懺悔室,1029,10,5702,1288750,8,9,6,10,8,7,8,6,62
AXF8TF5W5,SerLin,M2DG95X9J,箱推し,569,2,5703,1288500,10,5,4,1,4,2,1,3,30
5P3LPU9X3,りとにゃ,F53AELUNC,ソロっと倶楽部,628,1,5704,1288200,6,5,5,4,5,3,1,2,31
33DYVE4B6,サンシエル,4FN0KWB4G,無言参加大歓迎！,480,2,5705,1288000,8,6,8,6,4,1,2,2,37
JTPRFCENU,アキ,L28X4MDJN,アフター観たいぞ,1414,8,5706,1287570,10,10,10,10,10,10,10,10,80
WPDBGO32L,トシオ,1EL57CDR0,なんもわからん,809,0,5707,1287250,7,9,7,8,6,5,4,2,48
X7Y2RKHC7,Ent.,E515TRU1G,起きろ夕霧綴理,1178,8,5708,1286775,7,7,4,10,7,4,10,2,51
E8KGL3WRB,みやま,E7R11MYE8,ゆったり蓮ノ空,1100,13,5709,1286750,10,10,10,10,10,9,10,7,76
R18RRXE8D,堕天使カナン,1BME38BCD,さすさやクラブ,1580,19,5710,1286600,10,10,10,10,10,10,10,10,80
83X2GJHE2,すらが,1KDUBW4HB,めぐ党0番,522,0,5711,1286000,10,10,10,10,10,4,6,2,62
9PNLP68BM,たかもと,HXVYGL96H,初々しい対抗戦,953,1,5712,1285500,7,7,7,10,6,1,5,2,45
ZJJOQN6CA,まきけぽん,1U4JN5CXB,LLユーカー部!,1033,0,5713,1284750,9,10,5,7,7,7,9,5,59
C38NDJF95,がつぷん,976BY5JWK,ハルカカナタ,949,2,5714,1282975,9,9,3,8,10,8,8,2,57
YU1DB9KEV,きむやす,UVK38MFR2,蓮の虚無サー,1165,5,5715,1282250,10,10,7,9,5,6,8,3,58
A5AH7NW0R,トモ,AHE0E3JND,ありがと！にひっ,850,5,5716,1282000,8,10,2,7,8,4,7,4,50
LBCPD48F5,Siyuu,UHWA4YLWP,蓮ノ空を見守る会,801,4,5717,1281550,10,7,9,9,9,9,3,5,61
HG5BXGT9Y,O-とろ,BXGNMY466,ライグラ用,1041,2,5718,1281250,9,7,8,9,6,10,9,4,62
DBEJJU1V2,倉橋,Y6MRDTH4H,283プロ,309,0,5719,1281075,8,9,10,6,7,5,4,3,52
AOWZC0RUJ,なつの,NT2KU5174,こずかほ。,1211,10,5720,1280125,6,4,8,4,3,8,8,2,43
0JTUK1DL8,まる,BPHHYC793,ソロ専の集い,1043,13,5721,1280000,8,7,7,7,8,10,10,2,59
E6TYK4KM2,ｼｬｹ,NJBBTCY3A,かにかに！,1280,9,5722,1279750,1,8,5,10,7,4,9,2,46
FX90Q2BCD,ダイチ,VF517JBVB,無言でいいよ。,1265,0,5723,1279000,8,1,6,8,9,8,10,2,52
V996FY5EP,ナツサイダー,J5CKL5YPX,ログイン勢かもん,652,0,5724,1278250,7,10,9,8,9,4,7,5,59
PD3M8NLPR,umiusi,FE282F3VH,天悶部,1078,4,5725,1277750,7,9,6,7,8,7,7,2,53
RB0HNTMV2,桜@めぐ党,57HNJ07NK,みらぱ推活最前列,1474,15,5725,1277750,10,10,10,10,10,8,8,2,68
DLSZMF1HF,小牧,HE0GK3EPE,瑞蓮プロカ倶楽部,1548,15,5727,1277500,10,10,9,9,8,8,10,7,71
J9X4L4DHJ,梢先輩すきすき,BELCUYCMH,蓮hkg香港分部,545,2,5728,1277250,9,10,5,6,3,4,4,2,43
8JABRHCY4,まっつぁん,RB1MJJ3RA,蓮ノ奏(仮),1148,14,5729,1276800,9,8,7,10,7,6,8,4,59
M9B4ND15T,アヤトン,9E910GGD2,蓮ノ空給湯室,970,11,5730,1274425,10,2,1,10,8,7,10,4,52
MM3BJWEWH,D5,3BE2RELRC,見晴台,593,0,5731,1274250,10,10,10,8,9,8,10,2,67
5MYA0M7KT,ボレオ,D7UA5ER1E,UR報酬欲しい！,980,8,5732,1274000,4,4,3,8,4,4,9,4,40
SUGCCENN6,kasger,PDTRRYUGM,石川県民ひろば,982,4,5733,1273500,8,9,7,7,4,6,7,2,50
1U0DNTRKH,みささぎ,WWWUTP96L,異次元からキマシ,1089,13,5734,1272750,10,10,10,10,9,9,10,9,77
70A76X1UD,なまこぱすた,J7N4W6Y1K,こずミックラブ♡,620,0,5735,1272250,10,10,9,10,5,7,5,3,59
K2VBJ94CP,Finesea,0B8RTHY4D,のんびり屋さん,655,0,5735,1272250,3,1,5,9,2,1,1,2,24
YLD4G4RRF,Nanaki,26CAPRWLJ,大倉庫救助隊,680,0,5737,1271750,5,7,5,4,4,5,7,2,39
MF1EMOWIC,桃羽ひめる,9UKKACGDU,蓮っ子CLUB,1089,1,5737,1271750,9,9,6,7,7,5,7,3,53
KLM8ADVXO,Digi,7XH3K4GBT,LLP,1238,12,5739,1271500,9,8,6,8,8,6,9,1,55
FH723D9UV,ハル(アンドウ),948FLPMPN,まったりハス煮〜,875,1,5740,1271270,10,9,9,6,8,6,8,2,58
ER71YPJXY,Hajime,K4LJNWYG5,KNS,999,1,5741,1271250,9,9,5,7,6,4,4,2,46
DXG5TC512,Aile,5PUKC4APK,羅針盤,711,0,5742,1271000,10,10,10,10,10,10,10,6,76
E0AWYEWCN,かなりんまる,UMG1B9C7V,蓮ノ空女学院,1148,7,5743,1270750,7,8,5,7,7,7,10,4,55
B39LXFAKJ,ゴールドフラワー,X7C21B7H7,泥,1360,16,5743,1270750,10,9,8,10,7,8,9,6,67
Y99WE3BA3,Ｇ☆Ｇ,DF7FA982P,蓮ノ空百合部,1462,5,5745,1269500,8,8,6,6,7,6,10,6,57
BD0XAW2F2,ゆうびっと,998H940YN,お嬢様筋トレ部,1305,4,5746,1269250,8,8,4,7,7,5,10,2,51
U53Y52EZ1,さきちん,5922XL3TK,猫ねころぶ,915,2,5747,1269000,7,4,4,4,6,4,4,2,35
A75TA0APN,ちゃんぴー,AVX749PPB,姫芽ちゃん親衛隊,905,2,5748,1268800,8,8,5,6,8,3,8,3,49
U7WMEMAX5,ちゅけ,26CAPRWLJ,大倉庫救助隊,893,0,5749,1268500,5,7,5,5,4,4,7,2,39
0L8V9DVI1,シャヨ,X0TFG829Y,ボクのおうち,891,3,5750,1268250,5,4,4,6,6,2,4,2,33
C7XVTH8RM,にゃんた,Y2P9LABR2,スクステ同好会③,1122,3,5751,1268160,7,8,7,7,7,8,7,1,52
2945FT3HY,さとちゃん,61UTNTRU1,初心者さん,1260,19,5752,1267000,10,10,10,9,9,9,10,7,74
D60KFRDD8,ベータ,6J2BDEHEG,蓮サークル,1131,15,5752,1267000,9,10,6,9,9,7,3,3,56
V03A5KKW1,ヒロロン,JY79RPB1D,リンクラゆる部,1298,9,5754,1266500,9,9,7,10,8,7,9,2,61
1DL0FJNMF,ななな,2B97MH4YA,同じ話し何回も…,593,3,5755,1266470,6,8,6,1,5,2,2,2,32
D14R4323J,33NEPPY,N1DJVPGP8,いつでも咲けるよ,482,2,5756,1266000,5,5,4,4,4,2,1,4,29
953EXBXW0,ｵﾆｷﾞﾘ,N8L41JAA7,無言 ノルマなし,1095,10,5757,1265500,8,7,6,6,10,4,7,4,52
09EA3ZHW3,みず,9WVBK4U41,ENfans,1100,12,5758,1265400,7,5,3,6,6,2,10,2,41
U6XZFIJJL,にゅーとろん,L1VGJTD5P,蓮ノ空お茶会部,1551,11,5759,1265250,10,10,10,10,10,10,10,10,80
63VV2H90T,アロハ,X34LWGL6R,サークル2,1119,17,5759,1265250,10,8,8,9,8,9,7,5,64
WCWPLM931,かほ♡めぐ,L6MF2MPBN,みらくらぱーく党,811,2,5761,1264500,2,4,4,9,4,4,2,2,31
G571HQMHV,チノ,N2KCENRKH,猫＆旅大好き部,1300,12,5762,1264450,7,8,7,6,7,5,8,3,51
XAB9DC77D,セイミ,LUDNM40F8,ふくふく無言OK,396,0,5763,1263975,9,8,9,10,10,10,9,2,67
G0X2T5XNE,こいたん,UBVXEAK38,ブルウモーメント,890,3,5764,1263500,8,8,7,8,7,7,7,2,54
FH503EC4C,まっきー,K8C99H42D,ルリと喜ド！愛楽,1088,12,5765,1263025,8,9,5,8,6,7,9,4,56
695RR3G98,あるず,P2J37FNLG,乙宗先生指導会,936,4,5766,1263000,4,8,5,5,6,5,1,1,35
6SHZ8O7IE,ミム,0XUV5025C,めぐめぐバブり隊,1188,3,5767,1262500,5,7,5,7,5,3,8,2,42
1C3XL8M6Q,ソラネ,N1JAJ83CA,蓮ノ空園芸部,1478,2,5768,1262400,10,10,10,10,7,8,10,2,67
4NAW8VPMJ,かきつばた,1F5EPPMLD,UR貰えればいい,865,0,5769,1262250,5,9,4,8,5,6,7,2,46
NBZ6VAC2H,夜々,8HUPBBHNC,蓮女「ぷりずん」,1357,4,5770,1262075,10,10,7,9,7,8,8,2,61
8CMNPE3TX,たかはし,DKNHY5HH6,なす料理研究会,1681,8,5771,1262000,10,10,10,10,10,10,10,10,80
PK6X4URJR,あやみつ,2DYYAPFVN,蓮っ子村,1073,1,5772,1261820,8,10,7,7,8,9,6,2,57
MTACUG4HB,Nokkiii,B4ADNM80X,山本組,851,3,5773,1261500,8,10,9,9,6,6,7,2,57
RVCURAXF3,めっち,CT8XW752X,蓮ノ空写真部,1358,12,5774,1261200,10,10,10,10,9,9,10,9,77
KMRLM83KW,ツマ咲立ち,WBW66DMUB,るりめぐ研究所,1216,1,5775,1261125,8,4,5,9,8,8,10,2,54
YJUXGU9WG,ヤギー,TBX7N9RK5,つよつよなLH,1084,0,5776,1261000,7,8,6,8,7,5,8,2,51
B1E9TTV2A,あんみつ,0UTVRAKFL,平穏無言,386,0,5777,1260650,4,3,3,1,3,2,2,2,20
4U7BJLI0H,花陽浴,B6KWXGHWH,蓮ノ空SIFC,1213,2,5778,1260500,10,10,8,9,8,7,9,5,66
TUC6D4UKK,azurite,N6LR8C7AE,泥の民,891,2,5778,1260500,10,7,9,5,6,6,5,2,50
E6T9AW047,蓮ノ三天王,HXVYGL96H,初々しい対抗戦,412,0,5780,1260250,10,7,10,4,7,6,9,2,55
F3BL6H013,な,GGCKK69C9,リ　ン　ク　ラ,505,0,5781,1259750,10,10,10,7,8,8,10,8,71
CXDN121V3,ぽ,7NJM1VURM,らんるん部。,493,0,5782,1259200,9,9,8,7,6,3,2,3,47
T4V7129RC,ぽっぽ,LNY720KVK,綴理お世話くらぶ,417,0,5783,1258250,6,4,4,5,4,6,1,2,32
2T3HJKEG6,ゆう,68JHFM1EM,Spiw,1047,9,5784,1258000,9,9,4,8,6,6,5,3,50
TI45P8F56,かほのん,J0N1E3Y09,月火水木金土日,1100,4,5785,1257800,6,8,6,7,6,4,5,2,44
425YU14YT,RZWD,AR9HR528A,いろいろ実況,827,2,5786,1257500,10,5,4,4,2,3,1,2,31
VCDS1GLZ5,sato-0,D60RTVUP4,月月火水木金金♪,992,0,5787,1257250,9,4,5,8,7,7,4,3,47
BYCGMRJE6,筆,TAP8VVYJP,アステリズム,1042,2,5788,1257000,9,7,7,6,2,7,6,2,46
T4H07G69B,りーふ,BTVC9G95X,FES用,1103,16,5789,1256750,8,10,4,8,10,5,9,10,64
VLYYDM1VD,YI2den12,948FLPMPN,まったりハス煮〜,524,0,5790,1256500,8,9,6,9,6,7,10,4,59
RDK6XKW3I,マソ美ちゃん,TB7GJ57D7,シャイニーフラワ,1168,8,5790,1256500,7,8,7,10,8,6,8,3,57
1YUEFPJR4,りゅー,CTW8DKV5P,まったり,1296,8,5792,1256250,10,8,5,6,6,4,8,2,49
HX6144GW7,ぜったいれーど,H0DV3JJGA,かほさやてぇてぇ,1151,12,5793,1255250,8,7,7,7,8,9,10,6,62
5WYDVVVA1,くつげん,5WUDLMWEP,蓮ノ空は明日ノ空,1096,3,5794,1254500,10,10,7,8,8,5,9,2,59
FA6PLDGFF,りょ,N7GLY2RUW,百生銀行,785,0,5794,1254500,10,8,7,8,10,7,9,3,62
UXFGL7WY5,みらくら党員,L6MF2MPBN,みらくらぱーく党,979,0,5794,1254500,7,7,8,8,7,7,7,3,54
X0NCVG4BF,ハリノ,W9V6VTXAN,梢先輩の歌声好き,617,0,5797,1254000,6,7,6,1,6,4,3,2,35
A2R50JDM1,麦,R083H7WRN,サークル無言,743,0,5798,1252575,10,10,9,6,8,4,7,3,57
YLT7HVDHW,夢,9UKKACGDU,蓮っ子CLUB,1052,6,5799,1252500,8,10,5,8,2,4,7,3,47
TH52BVJ5P,ふかこ,6BFC4G5YG,蓮ノ空足湯同好会,479,0,5800,1252250,9,8,3,8,7,1,10,3,49
2G0L5YZ6K,いぶき,KVCHR595K,FLAfを見る会,1015,1,5800,1252250,7,7,3,7,7,7,9,2,49
LS3VJAYQR,綾華,9WNJACNNN,朝雲,1348,19,5802,1252100,10,10,10,10,10,10,10,10,80
42LWP0EDD,クシー,9U8KNU6U9,対抗戦用,1201,2,5803,1251500,9,9,9,8,8,7,9,3,62
05W9M0F1T,怜,28XJ8NK4L,蓮ノ空まったり部,1076,2,5804,1251250,9,9,7,5,7,5,8,2,52
669XPP2M5,マコト,KNRD3YG7N,ケ・セラ・セラ,1110,9,5804,1251250,10,9,7,10,7,8,9,4,64
DVKBB3OH2,ゆずみち,5JA9K5FAK,オタサーの姫芽,918,6,5806,1250250,4,4,4,7,2,6,9,2,38
EODRY17OC,もちのすけ,573J1JVVK,かほかほ,1092,6,5806,1250250,9,10,8,7,9,6,9,6,64
YXRN480U8,玲也,W8URH0E57,にいなさら,838,1,5808,1249500,10,9,2,10,2,2,1,2,38
2A43L9B5K,かんかんみかん,27N2UHJYL,ラブライブ格ゲー,1081,2,5809,1249000,8,7,5,8,7,7,9,4,55
IC8DC2T2I,フォーリン,BYA3FA0X8,無言ぼっち同好会,1398,9,5810,1248500,10,10,10,10,10,10,10,9,79
6X1WHVMZJ,むーみん,AVX749PPB,姫芽ちゃん親衛隊,1086,7,5811,1248480,10,10,5,8,8,7,8,2,58
MXTHX8VEA,遺跡,28MBJ3GNY,じゃがじゃがいも,1441,8,5812,1248250,10,10,6,10,10,10,10,7,73
A1XGJ396C,はづき,K3LMN5JHH,金沢カレーの皿,1134,2,5813,1247250,9,6,8,8,3,7,5,2,48
821NH5B39,おばさんつよすぎ,VNEJ2RNW0,まったりんくら,442,0,5813,1247250,10,10,10,4,6,1,1,2,44
TU21CLZUK,すずか☆かほめぐ,HBK6KCRPP,無言でおけ,1559,15,5815,1246800,10,10,10,10,10,10,10,10,80
3JVBXU2YN,Rafwieru,U2TLLC74H,あにょうじひめ推,507,0,5816,1246750,9,9,9,10,9,10,10,2,68
M4TVF2F7G,アポタ,P0U5KLWWW,ライグラ報酬部,687,0,5816,1246750,9,9,5,9,8,7,8,2,57
WYT65FE8G,ティーカップ,NC2YT2V28,蓮之愛同予者何人,1264,2,5816,1246750,1,1,1,2,2,1,1,1,10
R2MD0YR85,チカリコ,4202AY8EJ,倶楽部賭郎,1174,4,5819,1246600,9,10,10,10,10,6,10,6,71
G3M4FWD27,ふぁる,V26546K3D,乙宗気合筋肉,1130,6,5820,1246250,6,1,3,7,2,5,8,2,34
0KCH6B5TN,ぴょんた,JE7V5MM31,蓮ノ沼に沈んだ泥,1335,17,5821,1246000,10,10,10,10,10,10,7,7,74
O7PYEMVBR,マッティー,5JA9K5FAK,オタサーの姫芽,1171,10,5822,1245500,10,8,7,7,7,6,10,3,58
U53M6XR6R,ししゃも,V8XX999F6,卍蓮村幼稚園卍,484,0,5823,1243250,10,10,10,10,9,10,10,9,78
F7JBBR0LD,蘭,95031TR10,ひめぎん文化会館,849,0,5824,1243000,9,8,5,8,7,5,8,2,52
QXVZ1GZFS,ろうごく,1BME38BCD,さすさやクラブ,1414,18,5825,1242500,7,9,10,6,5,4,10,8,59
R006MMCJE,ホワイトゼータ,321FF56TK,リンクラ芸楽部,976,7,5826,1242125,7,1,6,9,4,4,4,2,37
0AF6NRVW0,ソラミ,2JVBK752G,卍愛蓮説卍,1136,10,5827,1241750,9,10,8,6,6,8,8,6,61
GS6RFSHBG,摩戸急行,4FXPC55PY,PPIHクラブ,1129,8,5828,1241650,10,10,7,7,6,6,6,5,57
JTH7YPJWC,らら,X0TFG829Y,ボクのおうち,700,0,5829,1241250,6,7,6,6,7,5,5,2,44
LX1P1G5RA,幻想,3A63DYH54,LLすこすこ部,371,0,5830,1240780,7,7,8,7,7,7,7,3,53
B9J6EC4L5,羽結（hayu）,WCL6R1ANU,無所属の会,562,2,5831,1240750,10,7,7,8,7,5,7,3,54
2616369MH,さくらタコヤキ,60KU468X3,はっすーず,1158,19,5832,1240300,9,8,6,8,8,8,10,6,63
54PGI7THP,とよ,V26546K3D,乙宗気合筋肉,1262,4,5833,1240250,4,5,4,4,6,6,8,2,39
GTV4FW7U7,アトッチ,DVF76RK9D,ぼくらの太陽,976,11,5833,1240250,10,6,7,3,5,9,3,2,45
TJE8KWF91,かぜさやか,N0EXH1CM1,ぱちぱち徒町,1092,12,5835,1240225,9,9,8,8,8,7,6,8,63
TMY867HAT,Robo,2JVBK752G,卍愛蓮説卍,1208,8,5836,1240000,10,10,8,9,8,7,10,6,68
7WBAU9EW5,海月375,R181MKNX1,みらくらは人生！,1063,6,5837,1239275,10,10,7,9,8,6,9,4,63
BLVKFU70N,雨野ゆい,CLUY6UY47,ドドンノ,505,3,5837,1239275,8,5,4,3,1,1,4,2,28
YBRZQWVP5,てゃかみ,YUVK7R51W,萌え萌え倶楽部,1329,18,5839,1239000,10,10,9,10,10,9,10,10,78
XA1K9N847,ちびしま,JY79RPB1D,リンクラゆる部,989,4,5840,1238500,6,7,6,10,5,5,4,2,45
AUN1AXHF5,MA→,KC1W74B9B,蓮六園,1009,2,5841,1237375,6,5,4,4,8,5,7,2,41
426A1W1D9,たかはち,WJY2HK6A5,蓮の空イベント部,449,0,5842,1237000,6,5,7,5,6,10,8,2,49
14UU8GDMM,ゆかぺ,NFMEGRJ45,社畜無言サークル,1069,13,5843,1236480,10,10,10,9,10,10,9,2,70
XMZ1QGCTC,カエデ,B6KWXGHWH,蓮ノ空SIFC,1254,7,5844,1235950,10,3,6,8,7,7,10,2,53
PMAGW8CV7,とり天,KGY709ULG,蓮の花束,236,0,5845,1235750,8,9,7,6,6,4,5,2,47
2UWYWJ9MP,シゲ,1D7T2UXC2,無言でのんびり,726,0,5846,1235500,7,8,5,7,6,7,8,4,52
0YB9LDMHR,なた,WNMCNJ62M,チームまったり,492,0,5846,1235500,10,9,8,7,6,5,6,2,53
4A01WZ7LP,りんがべぇ,7AATUNUPE,無言サークル,1406,10,5848,1234000,10,10,10,10,10,9,10,8,77
DPKFZ0HSE,まる2,J83JWJ028,大ㄇㄚˊ露營區,1214,6,5848,1234000,8,8,7,7,7,8,7,5,57
R9LPDL47B,時雨,YAD615PCK,蓮を咲かせる泥達,1213,2,5850,1233575,8,7,5,7,7,7,8,5,54
1HL8FUJTU,MK,TTW02P5K1,はすのこ,1140,7,5851,1233400,9,9,7,4,2,5,4,1,41
5UT8BTUMY,刹那風鈴,H1LTYMK0B,花帆が可愛いの会,1302,15,5852,1231800,10,10,10,10,10,10,10,10,80
GYPJK86TE,Sai.K,V8XX999F6,卍蓮村幼稚園卍,836,2,5853,1231750,7,7,7,5,7,4,7,2,46
WWMNP9RZY,SASUKE,427WENUC4,心の癒し～蓮ノ空,961,11,5854,1231740,8,3,3,8,8,5,8,3,46
55W688XD8,コール,DH97ANN9G,ツキマカセ,1117,6,5855,1231250,7,6,5,5,6,6,10,2,47
FIGD0IICD,にぼし✴︎,9JTF508LB,スクスタ亡霊部,959,2,5856,1230390,7,7,10,9,5,7,7,5,57
8JFKVHR8X,はるかす,1F5EPPMLD,UR貰えればいい,552,0,5857,1230000,5,6,4,6,3,6,9,2,41
RTH7TGKAS,センキ,T56X6LP0L,光の海,1344,19,5857,1230000,10,10,9,10,8,9,10,7,73
0CN3FY0GD,眠羊,N2V9XA8A9,ねむねむ,1100,4,5859,1229500,8,9,5,7,5,7,9,3,53
4CF5MHWCM,カイクロ,XTMGPY62U,スクステ初心者,720,0,5860,1229220,6,9,6,6,6,5,9,2,49
CFUH069J7,kaho1455,8K4V9DVNX,F2Pcrcle,747,4,5861,1229000,10,7,9,5,1,10,7,5,54
3P8RP6BF3,ゆう,43HRXMXWA,無言OKクラブ,975,7,5862,1228350,8,10,8,10,8,7,8,6,65
H5X7KUBN7,妍錦,TWJ862EPN,こにゃとも,791,4,5863,1228000,10,8,4,9,7,3,6,3,50
MPBFY89K8,Y,HUYTHRVUX,らっこ,899,2,5864,1226000,10,5,1,5,6,1,1,2,31
PN7YVRUKC,ヒョータ,FTY0R8KPH,泥の皆様,1138,3,5865,1225975,10,10,10,10,10,10,10,3,73
EX2CRSMUS,まないた,VU0UYYA8K,蓮ノ空日野下厩舎,1123,0,5866,1225500,7,8,5,5,6,6,7,2,46
L0GEDLU8K,A奏Xf-ex,0CBM28JP6,ほうき星,438,1,5867,1224075,10,8,10,8,7,5,4,4,56
3FE67G88N,えーすい,Y2R7E79U3,カワウソ同好会,1545,19,5868,1224000,8,9,8,6,10,4,6,9,60
GVLG9KJVE,たかちゃん,E050K9859,蓮党,1005,3,5869,1223000,10,8,7,7,8,5,6,2,53
BCMF8FN1U,メガネ,7UAN6RT0D,さや弁食べたい,1184,15,5870,1222250,6,6,6,9,7,8,6,2,50
53BVYDQYC,ライト,2ULM366U6,毎日がエブリデイ,975,15,5871,1221400,8,7,6,7,5,5,1,4,43
WRFDR56CN,B'z,A73H7ENN2,エロマンガ同好会,1101,13,5872,1221000,10,7,9,9,9,6,6,4,60
8ZIV410CI,ひよこまめ,NLB84DYBF,下松系拉麺同好会,1123,7,5872,1221000,10,9,7,8,9,6,8,2,59
TYR7CYTNW,カプチーノ,3A63DYH54,LLすこすこ部,1395,19,5874,1220900,9,10,9,9,8,8,10,8,71
0DMGFVT3R,しゃう,WBXF9XXW7,さやつづ愛でる会,1014,4,5875,1220750,3,6,5,5,2,3,1,2,27
0RM54EH65,empress,D7H8MN2U4,LLD,1234,9,5876,1220500,9,9,6,8,7,8,7,3,57
T43ALHACA,たか大,ULUELCJ7T,なるようになる？,635,0,5876,1220500,9,7,7,10,8,6,8,2,57
1PC3GWKN1,はすいけ,XXMU9WLKB,梢の機械さん,960,4,5878,1220400,8,8,7,10,7,7,9,4,60
F5L8N0WD2,リプレイ外し,6C9R15BLY,スクスタ避難民,1102,2,5879,1220275,10,9,9,6,7,9,9,6,65
2PVPIAR6I,Ｄ．松本,LTDG4PP96,ハッスルノ空学院,1143,19,5880,1220250,9,7,9,7,6,7,10,2,57
TYLGFKDHK,ひろまつ,G59NGM0XA,シュリーレン,1353,8,5881,1219570,10,10,10,10,10,10,10,9,79
JU4RNMVNS,ゆず湯,D7H8MN2U4,LLD,1206,10,5882,1219290,2,1,2,2,3,2,9,2,23
PMM4UXEUL,カヤカナ,XVTV7MVCX,雪月花,1033,1,5883,1218750,7,9,7,6,7,4,8,2,50
HAB8VC5Y5,こころちゃん♪,F6T4HCV89,蓮ノ空♪山百合会,1470,11,5884,1218500,10,10,10,10,10,10,10,5,75
Q04C8VGGG,ヨピダ,NA8FEYN0M,蓮ノ空飲酒クラブ,1041,2,5885,1218250,6,4,6,8,8,6,9,2,49
R3CWJJD7J,トマトケチャップ,23PGPJ3NV,蓮ビギナーの集い,1121,3,5886,1217790,9,10,8,7,9,7,10,5,65
HOQZVO3QI,ゆき,NMFBD39FM,蓮ノ空分室,1335,19,5887,1217500,10,10,8,10,8,7,10,7,70
5NSKQLV1I,ごろー,R7VEXFUBP,蓮ノ空応援クラブ,1326,14,5888,1217250,1,7,4,1,3,7,3,3,29
638EZ84CK,ふれじゅ,6045Y2RW7,ポチっと！蓮ノ空,1351,17,5889,1216475,8,10,7,8,8,4,4,2,51
6MP6NLXQX,猫背丸,K25DPPGT9,圧倒的にまったり,1022,7,5890,1216000,4,5,5,9,5,3,10,2,43
QQD06KKLL,ユウ,RP0CU9UT9,かいわれだいこん,1219,6,5890,1216000,10,8,7,9,8,7,9,2,60
MMUCT4ZK8,うぐいす,8JMW9G2XW,僕らのリンクラ！,1491,3,5892,1215600,10,10,10,10,10,10,10,10,80
V29FDKYW1,ツヅサヤリベルテ,6C9R15BLY,スクスタ避難民,699,0,5893,1215300,7,8,5,7,7,7,7,4,52
IYX8GLFA4,しほ,KXB93FVTR,ブルームガーデン,1220,9,5894,1215250,10,9,10,10,8,7,9,2,65
PXKMFL5F5,おさむ,W3YKKRWHG,ルリと愉快な一家,1197,15,5895,1215000,7,9,8,10,6,6,8,1,55
DVTLM93EH,ユイナ,M6UPWJ6DU,蓮結ぶ虹と星の音,1294,11,5895,1215000,10,10,10,10,10,7,10,2,69
Y3WP2794F,梅茶漬け,T2XRMGEAE,蓮根無言会,960,11,5897,1214800,9,10,7,10,10,9,9,3,67
BYYMVBM0W,すーーー,03UX84WLY,こやんいくらぶ,566,1,5898,1214600,9,8,7,4,6,7,4,4,49
8HUCJYW25,ざこし,GR65FP8VN,蓮好き,1197,14,5899,1214250,10,10,10,10,9,9,10,8,76
F6BNN1LG2,e,5W8RPRVUA,ド！ド！泥！,236,0,5900,1212800,9,6,8,8,6,4,4,4,49
7FVV8UEX0,サーモン,R9T0YKDW8,かちまち応援隊,1149,3,5901,1212750,9,8,5,6,9,5,8,2,52
43311CCDN,たお,4FN0KWB4G,無言参加大歓迎！,554,2,5901,1212750,5,8,10,6,5,7,4,2,47
0YEE3T5A6,のん茶,XPRA8TRVE,蓮ノ空ロボット部,1295,15,5903,1212250,10,10,10,10,10,9,9,7,75
L76U7V8YB,あかとき,CX967RTGY,おんゆあさーくる,893,7,5904,1212000,9,10,10,8,10,9,8,7,71
4TMJCXDCS,Sum,KXB93FVTR,ブルームガーデン,1015,3,5905,1211750,7,7,5,9,8,8,8,3,55
8PECGBXG6,めがてん,2DYYAPFVN,蓮っ子村,1003,1,5906,1211500,7,5,3,7,7,5,8,3,45
MXCH20FJE,あみば,N8L41JAA7,無言 ノルマなし,1184,1,5907,1211250,9,8,5,9,8,5,9,2,55
Y5G34JJD6,結城/YT,RNJ306W6N,日曜日よりの使者,545,0,5907,1211250,5,4,4,4,4,2,1,1,25
7GAKHTB7C,のりたまゼリー,WLBYGHXPD,大天使村野さやか,532,0,5907,1211250,7,6,6,6,4,2,1,2,34
D6YWKK120,しのぶ,T4WY63DB9,ういのま,912,3,5910,1210000,5,2,3,4,4,1,2,2,23
LG62PTK1J,ひろまる,LP8LPRUM8,蓮ノ空を見守り隊,1022,7,5911,1209350,7,10,8,6,10,1,10,2,54
22BVL1RNU,benzene,N83DW3NYG,†極最強倶楽部†,687,0,5912,1209280,9,10,6,8,4,4,10,2,53
H7NTCXYUV,HRK,Y7KJ3PM8P,蓮すきすき同好会,918,2,5913,1209250,10,8,5,10,7,5,7,2,54
8483070HL,kout,TYWNJU3WV,自由,484,2,5914,1208910,10,9,6,5,3,3,1,2,39
8HA18T0XK,AiRA,AXG81GPMP,蓮ノ空マタギ部,841,5,5915,1208750,6,5,10,5,6,4,1,2,39
N9Q7VW6KF,HN未設定,UVN7G4X3A,闇のルビィ団,869,0,5915,1208750,8,8,4,5,6,5,7,2,45
XL5B99BPP,月下 秋奈,3HDDYR4FU,旅人,691,3,5917,1208600,10,10,7,10,9,6,9,6,67
JEWTELT01,あきぴい,XVTV7MVCX,雪月花,731,0,5918,1207500,5,3,5,10,5,2,2,3,35
29ORF1KX7,パスタ,2CPVMP9BN,ナイトオブパスタ,996,2,5919,1207250,7,4,4,4,4,2,6,2,33
2D66WU02Y,せる,GW4CH70HK,TKG同好会,1007,4,5919,1207250,5,8,4,9,8,9,6,3,52
7AZGMWE4E,キキョウ,BKUHCT7WF,蓮女お嬢様部,1652,9,5919,1207250,10,10,10,10,10,8,10,8,76
3HVA9VQGX,しおり,KANLFTMVJ,蓮ノ空中文同好會,962,11,5919,1207250,4,5,1,8,2,1,4,2,27
P88CTSIZU,タカツミ,ULUELCJ7T,なるようになる？,1496,10,5923,1206800,10,10,10,10,10,10,10,10,80
7AFB2U9TV,ストーナー,5C71R2VCV,蓮輪会(仮),509,0,5924,1206750,8,10,10,7,10,6,7,3,61
G408XWDMP,かぐや,G59NGM0XA,シュリーレン,1297,6,5925,1206500,8,10,6,7,7,1,7,2,48
VWAM1LZVB,トメ,YCTM6RYDP,金沢おでん同好会,1534,17,5925,1206500,6,4,7,10,9,5,10,5,56
EJAPDBYP5,鈴,V8XX999F6,卍蓮村幼稚園卍,560,0,5927,1206070,4,10,7,7,9,7,9,2,55
LTDNUKD6Y,COLORE,PULJ8VCHJ,蓮ノ空を推す会,715,0,5928,1206025,10,9,7,8,8,7,9,7,65
DEVXF85NM,774,06MWMBB26,ミステリサークル,952,2,5929,1205800,8,10,6,6,9,7,9,6,61
MVVF7414H,やまかず,AXG81GPMP,蓮ノ空マタギ部,1249,5,5930,1205750,3,1,2,1,2,1,1,2,13
GBOUYAUKJ,もそろべ,9YM3DBTB7,泥民館,1394,6,5931,1205330,10,9,7,8,8,8,10,2,62
0BJM3MLYT,やました,JWUL2T36L,チーム初心者,877,1,5932,1205250,8,9,7,8,7,7,8,4,58
E855U5FAB,a,F53AELUNC,ソロっと倶楽部,810,4,5933,1204810,2,10,3,5,6,5,6,2,39
25938NWEG,ひりゅー,J0PT5EX42,スクスタモ部,540,0,5934,1204600,10,10,10,10,10,10,10,10,80
AKD8M4LE2,つき,H837E0M9R,沙知先輩大好き部,1245,4,5934,1204600,5,9,6,8,9,9,8,8,62
D1P22DUXA,東介,414CEUPEH,アフター見よう！,1033,13,5936,1204250,10,10,9,10,7,4,10,3,63
9PA07L63X,伊達じゃない！,FVJABCVP3,瑞蓮ラボ,1242,8,5937,1204000,9,9,8,8,8,8,10,6,66
23A9ABC8X,学院生,7B8K574NX,GEAR,692,0,5937,1204000,8,10,8,2,6,1,6,3,44
7WG63MRMY,マジひこ,RKT7BC4F6,人形浄瑠璃乃,594,0,5939,1203400,10,5,6,2,8,7,4,3,45
Y32MB9VVG,sho,J62DRC7J5,蓮ノ空好き好き会,1299,15,5940,1203000,8,8,7,8,7,7,9,5,59
7BX6U2QTN,サムカワ,VR8J8A3CG,なし,1336,19,5941,1202180,9,9,8,9,9,9,10,6,69
NC361VFYN,клоун,GYG7B5R36,幼馴染同好会,1066,12,5942,1202000,6,1,5,6,3,9,9,2,41
UPGXXWLLP,すず,T48KV9EP2,無言ぱーく,332,2,5943,1201750,5,4,6,2,6,2,1,2,28
S0VW6UW73,ウルトラ,J1DUU3T0H,慈愛倶楽部,1295,4,5944,1201000,8,10,6,8,8,7,9,2,58
EBJVNR9XA,伊地知,WN3LHKX0L,レンコンおいしい,519,2,5944,1201000,7,8,5,7,4,5,8,2,46
3PXKPNL75,Ma2bi,K8C99H42D,ルリと喜ド！愛楽,1453,16,5946,1200650,7,8,8,7,7,7,8,2,54
MQE8DX9KB,マー,9FF5JBNDF,めぐすきクラブ,1137,3,5947,1200500,8,8,6,8,8,7,9,2,56
P5UHQR1XO,ねぷ,9YM3DBTB7,泥民館,953,2,5948,1198900,7,8,7,7,7,5,5,3,49
01U8LDAEW,HYMN,KA652DGYV,ゆるリンクラ,1039,5,5949,1198800,6,5,9,9,7,3,9,5,53
KKPEVYOXQ,Chiyuu,V6DV6KETG,梢好き好きクラブ,1414,15,5950,1198250,6,7,5,7,7,7,9,2,50
22U7CKYDD,jun,WRFLMWL4U,映り込み金魚,1047,3,5951,1197770,9,8,6,8,7,7,6,3,54
NCXDDF9XA,シュージン,T4WY63DB9,ういのま,928,4,5952,1196250,7,8,5,7,7,8,10,2,54
5JCR7J9TF,糸色句,VA6X5YNNF,スリーズ分家,1383,16,5952,1196250,5,7,5,8,4,3,2,2,36
0JSRAQU79,ダイヤ,6ATNDH9J0,浦の空,1398,10,5954,1195750,10,10,10,10,10,10,10,10,80
IEAW5EL4U,Sudo,YL2ELYC4U,さや…好きだよ…,1259,12,5954,1195750,8,10,5,5,7,1,10,10,56
UPH378C7V,ふぁらお豆腐,573J1JVVK,かほかほ,992,0,5956,1195250,4,7,3,5,7,5,4,1,36
UTVJU5JDW,けんた,E52PX91V8,かほつづ,1416,20,5956,1195250,7,10,7,9,5,1,8,3,50
WDFCN6YGG,モブ子,E7UBFLW56,同好会の同好会,1058,15,5958,1195030,8,7,8,9,10,10,8,3,63
3BAM2WXKF,かず,YVV9CMBLW,東京公演で沼落ち,248,0,5959,1194800,7,8,9,10,5,8,3,2,52
30JL1CEMS,レイ,1M0GGB8LU,上ノ空昼寝クラブ,1239,20,5960,1194500,7,10,1,9,7,1,10,2,47
J8772ALYM,「Tofu」,LX25CP0TG,深夜の芋煮処,1060,5,5961,1194000,7,8,7,7,6,8,9,3,55
48GHW10FY,SHIKA,08DDCV5JN,黒ねこのしっぽ,916,0,5962,1193675,10,10,10,10,10,9,10,5,74
UL37THR9A,み。,FH7G62PKW,月火水木金土日,1196,3,5963,1193500,10,8,10,8,9,8,8,5,66
4F4RNBLT1,ジョーカー,PJ3NB5XFM,箱推し,1101,19,5964,1193200,8,10,10,7,9,6,10,2,62
ED8PM57Y1,げんいちろー,49AMYCXCD,ルドベキア,1425,4,5965,1193110,10,10,9,6,8,6,5,2,56
KQQ93IW4S,やすとり,KBJ2P8T0Y,人見知りの集い,603,0,5966,1192990,10,10,5,10,10,10,4,4,63
GQ5LMIQLQ,しましま,BKUHCT7WF,蓮女お嬢様部,1259,4,5967,1192500,7,6,7,6,6,4,6,4,46
0CZSPY1UX,こたつ魔神,85BT3MB4A,こたつ,1189,4,5968,1191775,8,7,7,5,6,4,8,2,47
LP4D77PYR,ソラニ,A1GBKA16P,アシュラム,1070,7,5969,1191300,9,9,4,5,4,7,7,2,47
V7XO4Y31T,士門,9JTF508LB,スクスタ亡霊部,1145,0,5970,1190750,7,8,5,7,7,7,10,1,52
K6JLI6APA,二度寝,NEYBE8EX2,やさいせいかつ,929,0,5971,1190420,8,7,7,7,7,6,8,3,53
8V4TIB9D3,鳴沢律佳,AFV2LPL78,玉狛第２,1274,9,5972,1190250,8,8,7,6,8,7,9,2,55
3LVL00134,澁谷あのん,AKF1PWWUL,やっぱかほこず♪,1201,8,5973,1189830,7,9,6,6,6,4,8,2,48
7EDP7AW14,ツアカリ,9FF5JBNDF,めぐすきクラブ,532,0,5974,1189400,7,5,5,9,7,6,8,4,51
P80R78494,進藤•野中うたい,YFADYJVW4,FPS好きクラブ,715,3,5975,1188500,7,8,5,3,6,3,10,2,44
6953JG2BW,さなたろ,W3YKKRWHG,ルリと愉快な一家,449,0,5975,1188500,1,4,2,1,2,4,2,2,18
734GWPL3B,ねぴあ,L6MF2MPBN,みらくらぱーく党,853,7,5977,1188450,7,5,4,10,7,6,1,2,42
46KV1RHDL,RAVEN,G26L2CBRC,悠々自適,1173,4,5978,1187740,10,10,10,10,9,8,7,2,66
0693U5612,あさり,V6DV6KETG,梢好き好きクラブ,833,0,5979,1187630,10,10,8,9,8,8,10,2,65
7KCG7KX0C,marl,RA6HBJGUA,Bloom,459,0,5980,1186500,4,3,3,10,2,2,1,2,27
9B945KUEC,amnluv,9WVBK4U41,ENfans,530,0,5980,1186500,10,10,8,10,8,10,10,9,75
1GDT28WOL,うみどり,KA652DGYV,ゆるリンクラ,1525,19,5982,1186250,10,10,10,10,10,10,10,10,80
MQW9ZCUJI,yui,W09WBG3HY,どろんちゅ,1260,2,5982,1186250,9,10,8,6,6,6,8,2,55
0WCO17NRD,よっちゃんタコ,7U20138DB,LGP,1418,13,5984,1186000,10,10,9,10,9,9,9,7,73
6421V8L48,くるりん,WH2MKLRRV,みかん食べます？,565,2,5984,1186000,10,10,10,10,6,4,6,2,58
L49HJCR25,霞ヶ関ファルゴ,7U20138DB,LGP,1027,6,5986,1185400,2,5,5,7,4,7,7,2,39
B3BSB19EC,端子,AXG81GPMP,蓮ノ空マタギ部,1096,3,5986,1185400,8,6,7,7,8,7,10,3,56
37R1FWYDX,pok4,948FLPMPN,まったりハス煮〜,562,0,5988,1185250,8,9,10,9,8,9,10,3,66
CTENWB7BG,ルプス,E76N52LMW,イベントのみ,1123,11,5989,1185200,8,10,7,9,8,7,10,7,66
G39JB078E,エンユウ,7UAN6RT0D,さや弁食べたい,1069,12,5990,1184500,8,8,5,7,7,5,9,4,53
PEH0C8XDE,かずき,59AK7LJ7A,とりあえず,573,2,5991,1183250,10,10,10,10,10,10,10,10,80
5XNA071FY,りふぃる,KT4C59NXG,めぐ島,1091,6,5991,1183250,6,6,3,7,2,2,1,2,29
0R73C944J,nsinfo,FG5VFFNRK,蓮ノ空おじさん,1111,11,5991,1183250,10,10,10,10,10,10,10,10,80
KKGI87VZ1,カツオ,NA8FEYN0M,蓮ノ空飲酒クラブ,981,0,5994,1183000,7,1,4,4,2,1,6,2,27
L0GGMVF58,るあー,0JY7F3EKU,さやか愛でる会,517,2,5995,1182500,8,9,5,2,6,1,4,3,38
Y6AD1P6G0,ウルトラホイサー,2CRT48K9F,百万アンペア,1021,6,5996,1182000,9,7,3,8,7,7,8,2,51
MLRV7JPR6,ray,1D7T2UXC2,無言でのんびり,925,2,5997,1181325,7,8,7,10,7,6,7,3,55
LBBGRWX01,ココア,0R8BXPRC1,ポチっ！とクラブ,457,3,5998,1181250,6,1,6,1,7,3,3,2,29
VV7JUDN90,Barnett,K5TN1RT6D,キンカンナマナマ,1124,8,5999,1180000,9,8,5,8,7,6,8,2,53
H9X0053TM,うすしお,AC94W0LN2,無言で自由に,666,0,5999,1180000,8,10,5,8,9,4,7,4,55
HPUDDL4PN,ゾロちょー,23PGPJ3NV,蓮ビギナーの集い,1123,4,6001,1179950,7,9,7,7,6,6,8,3,53
DW8YZKJMZ,hoya,BB8UP1P1V,輝く未来,1048,12,6002,1179750,8,8,4,8,7,7,10,3,55
D8HF3RGC2,そらじろう,LAP2W049X,りんひな愛好会,975,2,6003,1178950,9,5,7,10,7,5,6,2,51
9RQLNX5VU,コナン好き,HBCC35887,そりゃー!!!,1262,13,6004,1177400,9,8,8,10,9,8,10,2,64
HVFL7NCU1,Haru,M8FM7P139,蓮ノ空ひとり旅部,1194,7,6005,1176800,8,8,7,8,6,8,7,2,54
KEB9QFR0F,さけちゃん,E12PR824F,ゆるっと蓮ノ空,535,2,6006,1176500,7,4,4,6,3,1,1,4,30
I1ZUVSLFG,TKG,PDTRRYUGM,石川県民ひろば,1394,12,6007,1175780,10,10,7,9,8,7,9,3,63
EKVEWAZA8,ようちかほ,A3472CNJE,ハントン✿ライス,1006,7,6008,1173890,8,6,9,6,8,7,10,2,56
GF6QWYHZY,Yasshy,V8XX999F6,卍蓮村幼稚園卍,1232,5,6009,1173250,9,9,6,7,3,7,8,2,51
2LNFWVW61,どんちき田中,407VAU0TT,ログボ勢の集い,885,1,6010,1173000,10,10,9,8,8,8,10,7,70
3VYFWBLKM,ゆっぺ,GN9EEL045,きらくに,790,2,6011,1172000,10,5,2,6,2,1,1,2,29
BR9BUTED9,cross,E7UBFLW56,同好会の同好会,539,3,6012,1171500,6,7,4,4,5,4,3,10,43
NWWUBUW9T,Dell(でる),H0DV3JJGA,かほさやてぇてぇ,1167,19,6013,1171320,10,10,9,10,8,6,10,5,68
GB8NWP676,CRハーモニー,TBL5BPL2T,蓮ノ空と明日の空,1079,9,6014,1171000,10,8,7,8,6,6,8,4,57
R47FO7T0Z,良行,U5RFGBBTG,蓮ノ空G's部,1223,13,6014,1171000,10,10,9,9,7,10,9,5,69
YB53XC7A8,よち,16N3APL33,Dreamers,1127,6,6016,1170500,9,9,7,7,5,1,8,4,50
IHL8AP0YV,ノエ,6HV2RH6TU,イベント用、無言,1595,18,6017,1170000,10,10,10,10,10,10,10,10,80
53KI0OR42,あんちゃん,229LK38CW,ライブグランプリ,1554,20,6017,1170000,10,10,10,10,10,9,10,5,74
6DHWTY93W,さかっぺ,P4NGERDXF,こじらせ部,1279,0,6017,1170000,7,8,5,8,7,5,6,4,50
5IBZ0V5GE,くろまちん,9DKR4Y2CJ,蓮ノ空老人会,1287,6,6020,1169850,9,9,8,8,7,7,10,6,64
NG1V1KO2X,マジンライバー,D7UA5ER1E,UR報酬欲しい！,1035,6,6021,1168700,8,7,4,4,5,4,7,3,42
UCP2B4R1K,はくべい,F31A07X4V,蓮ノ空福井分校,459,0,6022,1168600,4,6,9,10,5,10,8,5,57
GOR4CMF6T,冬人,N1JAJ83CA,蓮ノ空園芸部,1156,11,6023,1168250,7,7,4,10,7,6,8,4,53
J588FB7VN,マリマリ,0B8RTHY4D,のんびり屋さん,851,0,6024,1168000,7,8,5,7,6,7,8,4,52
YFGJCPKZT,スシさのり,UHF5Y8PEF,さやちゃん倶楽部,1089,2,6025,1167940,5,10,8,7,7,4,7,3,51
J4QR1DQV8,もちもち,TKVR3KU7L,ネギトロTKG,1263,19,6026,1167200,10,10,10,8,9,7,10,7,71
D2YRHXX88,ユキ,YL2ELYC4U,さや…好きだよ…,991,3,6027,1167075,5,2,2,4,7,1,8,2,31
884KW9TU7,天音いちご,W3F0URUJC,梢先輩応援団,1133,19,6028,1167000,8,10,5,10,10,4,10,4,61
TT9HTHLU2,時崎しおこ,X33HHA9F8,アルストロメリア,904,7,6029,1166600,8,6,8,9,4,6,1,3,45
9H44N6RNT,もなこ,K95YH6P1C,蓮ノ空泥の会,1247,7,6030,1166510,9,10,6,7,7,5,10,3,57
QWNLIUJ31,こいのぼり,V7768X8AC,せーので！,1171,14,6031,1166250,9,10,7,7,7,8,10,3,61
VTHR0MGDH,ayu,DMDVHGFUG,インドネシア仲間,388,0,6031,1166250,7,6,4,2,4,1,3,2,29
CNC37228Y,いとーみどり,V26546K3D,乙宗気合筋肉,1328,18,6033,1166125,10,10,10,10,10,10,10,10,80
K6UVKMHYH,karinpo,N1DJVPGP8,いつでも咲けるよ,1029,3,6034,1166120,10,8,8,8,8,8,8,5,63
U9X9YER23,みえる,FE282F3VH,天悶部,915,0,6035,1165940,6,9,5,7,6,6,8,2,49
5XRF2GD84,アルカナフォース,LRKRUR21F,ちゅけバフ,337,0,6036,1165750,9,8,10,7,7,5,5,2,53
VTKUFLDRJ,まさてぃ〜,26JDLMBLN,徒町は強く生きる,617,0,6037,1165600,9,8,9,7,8,8,8,2,59
AUWXJJM5A,はまち,L28X4MDJN,アフター観たいぞ,656,2,6038,1165250,8,10,10,7,6,3,4,2,50
7VXMC97W3,ぴよしん,B2AN1PT0N,417,1071,3,6039,1164225,10,10,8,7,7,6,9,2,59
P2NTBMXYC,gamu,NMRKHYYRM,ご自由にどうぞ,345,0,6040,1164000,3,6,3,6,4,1,1,2,26
636U5CD4M,元たまごやき,96LWYJ3Y6,無言絡みなし,1010,1,6041,1163500,8,8,9,7,7,7,8,2,56
D22KM3W52,ちま,LJNCAEVAP,蓮ノ空さやか研,536,1,6042,1163250,5,6,1,4,6,1,2,2,27
LYE390FTA,P4WL,38KAJGDGU,異次元シャニP,1166,19,6043,1163000,10,10,10,10,9,10,9,7,75
8E99BFU9E,まもののるつぼ,1D7T2UXC2,無言でのんびり,1075,4,6044,1162920,7,8,9,10,8,6,10,3,61
F49LPAD0K,文野,BTVC9G95X,FES用,935,1,6045,1162800,6,3,4,7,2,1,1,2,26
NT7EO6Z8B,高峰　椿,N8L41JAA7,無言 ノルマなし,1230,5,6046,1162500,10,8,8,7,7,7,8,2,57
FB9Y4ED1M,うに,75UJ5RB97,蓮ノ空雪野球部,1155,9,6047,1162325,9,6,7,5,7,7,9,2,52
JBP0FMBP0,RD-2,WRFLMWL4U,映り込み金魚,1215,1,6048,1161800,10,8,9,8,8,9,10,8,70
UZNL744FG,タクたく,WX1DYC9Y1,ラナンキュラス,1338,18,6049,1161400,10,10,8,9,7,6,10,7,67
6U71PYRHE,珀,DYTW8H2KA,めろんおいしい,908,9,6050,1160750,10,7,7,10,8,8,5,5,60
90BVR94X0,たらこ,W09WBG3HY,どろんちゅ,1050,6,6051,1160600,10,10,8,9,9,8,8,8,70
0V05MLBHM,バウムクーヘン,ELTW62751,安全バーは君の腕,993,6,6052,1160500,10,7,7,10,7,7,9,2,59
AWI3WQKEX,「みやび」,T8X0G07YB,なければ立てる！,1554,15,6053,1159800,10,10,10,10,10,10,10,10,80
D7ES66HNI,ナマズ☆レイブン,UYCT3Y4JK,蓮っ子,978,9,6054,1159500,8,7,7,10,8,5,5,2,52
2VWX66NL0,ぽてとまじおいも,1KDUBW4HB,めぐ党0番,617,0,6055,1159400,9,7,7,7,6,6,7,2,51
XEL1BGLXF,ケン,3DDPBCE5J,蓮の空 応援,803,0,6056,1159250,9,10,5,8,9,1,6,2,50
U41ZTXQE6,のちもたー,6531MBM0X,のちもたーズ,1021,6,6057,1158640,10,10,8,10,10,10,10,5,73
H1G4885XW,McCool,X19MP0NTT,蓮之空河豚养殖場,1214,12,6058,1158050,7,8,6,8,7,7,8,2,53
FT42JAJPY,いさほ,D7B3UYDX2,ダージリン倶楽部,1355,14,6059,1157500,10,10,10,10,9,7,10,10,76
BHCTQEOBW,チャラディオン,HBK6KCRPP,無言でおけ,1288,4,6060,1157000,10,8,8,9,9,8,9,4,65
HXT4T7Y5T,ぢっかー,F8MLHU2NV,乙宗梢様､､､,1185,0,6061,1156200,10,7,7,8,7,7,9,6,61
4E9C3EVR1,kt32,CY3GGDH7H,㍿キモ・オタク,354,0,6062,1155000,8,6,6,5,4,3,7,3,42
69WDUB1HJ,カジモド,2JK7E4115,ラ！推し,1007,13,6062,1155000,8,8,6,9,9,7,8,2,57
R8V3E8P7R,るりお,J5CKL5YPX,ログイン勢かもん,764,0,6064,1154290,10,10,8,6,6,4,7,2,53
AP63X775K,バイラス,LP3LP6FF9,よろよろドンドン,940,8,6065,1154230,7,7,8,10,7,9,6,2,56
FO0AHCR2P,エムネ,K25DPPGT9,圧倒的にまったり,1350,8,6066,1153140,10,8,5,7,7,5,5,4,51
9DBK5J4FH,ロッキー,F8MLHU2NV,乙宗梢様､､､,1243,3,6067,1152600,8,9,6,7,7,7,10,2,56
455Y90RGU,はやて,V8XX999F6,卍蓮村幼稚園卍,582,3,6068,1152350,10,9,6,7,5,5,5,2,49
9SJHR7GOC,はるちか,YL9PDN1EC,ふくふくわんこ,751,4,6069,1152130,7,10,4,10,6,2,5,3,47
L6CV1VLNI,さこ,FH7G62PKW,月火水木金土日,1110,3,6070,1151875,10,8,8,5,6,5,8,2,52
W19X0034C,つづえる,KFC62L0FV,ねるねる同好会,1181,7,6071,1150750,1,1,1,9,4,8,1,3,28
8WAJA25AG,ロゼ,427WENUC4,心の癒し～蓮ノ空,1174,12,6071,1150750,7,9,5,4,6,5,4,2,42
RE0LW90WP,お豆腐,LJNCAEVAP,蓮ノ空さやか研,434,0,6071,1150750,7,10,6,6,7,5,5,2,48
769EY8FXW,シュート,HMBW9DXY2,蓮好き皆あつまれ,1605,19,6074,1150450,10,10,10,10,10,10,10,10,80
0VQSAJ8ZL,れんこん,8VGXWTV3U,R.opRizm,1394,15,6075,1150010,10,9,8,9,9,9,10,4,68
WJWHZ0190,あおうみ,LUR2H13YV,ねこまっしぐら,879,0,6076,1150000,10,10,8,7,7,7,10,2,61
D5EF040PR,棒dot,8XMW94CPX,ヒノチタカバディ,238,0,6077,1149750,4,2,2,1,4,1,1,2,17
BMT6YG5YF,浜松のあっきー,85D411XNB,蓮っ子の集い,1137,19,6078,1149500,10,10,10,10,10,10,10,10,80
RATUEJ6W7,バシム,D7UA5ER1E,UR報酬欲しい！,452,2,6079,1148250,4,3,3,1,4,2,1,2,20
32TPUTDWM,いそじん,0B8RTHY4D,のんびり屋さん,1240,19,6080,1148075,9,9,8,9,8,8,10,7,68
ENC2E07TG,らい,8MLVA67AK,聖ミリオン女学園,778,0,6081,1148000,10,8,6,7,7,4,7,2,51
83FJ498LO,くれよん,TKVR3KU7L,ネギトロTKG,1197,7,6082,1147800,2,8,3,3,3,3,3,4,29
7WWJ6J1AR,ダイナン,PB5NM9HRA,歌蓮ティールーム,1056,0,6083,1147740,7,7,7,7,7,6,7,3,51
MU8H960IW,全裸の変質者,AND13836G,乙宗梢親衛隊,1189,4,6084,1147250,9,7,6,7,8,7,5,2,51
DXEAOQO6F,たねころ,X33HHA9F8,アルストロメリア,1200,13,6085,1147110,10,10,10,10,8,4,8,8,68
JVLUTTU8P,愛知のカトウ,30YM43CUC,蓮ちゃん好き,530,0,6086,1147010,10,6,4,4,2,1,1,2,30
7PXDVGWC2,なかまつ,WE4AB37FP,めぐ党,1341,16,6087,1146800,10,10,9,10,9,9,10,7,74
DIBQZQ1EF,アヤメ,7R8NKPAB1,花帆推し倶楽部,1257,8,6088,1146500,7,7,4,7,6,5,7,2,45
VWBFBYYTP,榊木,9U8KNU6U9,対抗戦用,1027,5,6089,1146175,10,9,7,8,7,6,5,2,54
0CLTD2DKT,く,GG56G6WKD,FF43企鵝冰屋,983,5,6090,1145750,8,10,6,8,7,8,5,2,54
V1K5BARDM,譚担麵,AGJ215YND,蓮の空中國分校,574,2,6091,1145700,4,1,1,10,3,1,1,2,23
L3BPYYD4A,スミグ,WCL6R1ANU,無所属の会,698,2,6092,1145000,5,4,4,5,4,1,1,2,26
1WG3YG8G3,黄色課長,N7GLY2RUW,百生銀行,1290,2,6093,1144560,8,10,10,10,8,8,8,7,69
18EFWV2FC,ジョウカク,N2KCENRKH,猫＆旅大好き部,1237,3,6094,1143250,5,7,6,1,3,5,6,2,35
OF66ZMGIM,網焼き,N6T2MVATD,まったりサークル,1482,4,6094,1143250,10,9,7,9,8,8,10,2,63
9YV6IIB9S,TAMA,HU6K4GA0A,ロタテオン,1222,19,6096,1142850,9,8,7,10,5,8,10,4,61
GXM9J5PG1,りだい,DKNHY5HH6,なす料理研究会,1244,4,6097,1142800,8,7,8,9,8,7,10,3,60
FJTW9C809,うしをな,866DU609J,ラ！スレ@may,1144,4,6098,1142690,9,7,5,10,4,5,5,2,47
Z0MXBPNY4,くらっち,CM5THHYHB,「」ノ空だけれど,1297,12,6099,1141500,10,10,10,10,10,10,10,10,80
G0HVS11TU,カツラギ,3FUP0PJ11,自由ノ空,1074,2,6100,1141470,7,8,6,5,6,5,8,3,48
DUOVCMYII,木ノ実,CV62FGL1U,花咲かせ隊,1180,11,6101,1141425,5,10,6,4,9,4,9,3,50
NDDPRFJU3,北ピー,NJBBTCY3A,かにかに！,873,3,6102,1141400,10,10,8,10,10,5,4,2,59
JOBIHM8E1,ベーゼ,MG1P2NUY1,個人用,1078,13,6103,1141230,10,9,7,7,7,5,6,2,53
MZLX5YZ5H,たまらいなー３９,9DKR4Y2CJ,蓮ノ空老人会,1543,2,6104,1140870,10,10,10,10,10,10,10,10,80
THV8WE1FH,おしーぶ,E8EGT47GT,くるくるくるー,1090,7,6105,1140800,8,7,6,7,7,8,10,3,56
FLZGNGCBW,ゆうま,DN3NLWTGU,なゆりーず,1059,12,6106,1140750,9,9,6,9,9,8,7,3,60
X6JREHNL8,シオン,9WE3M7BTP,クラウド,940,1,6107,1140680,5,8,5,4,6,4,9,2,43
MZFAJSTZJ,Raito,FVJABCVP3,瑞蓮ラボ,1083,3,6108,1140250,10,9,7,8,9,7,9,2,61
VRAAR2616,ALgiZ,EE4BKR0AR,まったりプレイ,963,2,6109,1139140,8,8,8,7,7,5,8,2,53
45JLTCV7K,MJ,6FWRD1K40,いちじょ海賊団,1122,15,6110,1138500,7,9,7,3,8,5,10,2,51
WJ6MGMU0G,__hqze,RA1676TKK,蓮の空好き好き部,895,5,6111,1138030,8,6,8,2,8,1,1,2,36
CJB5HYVP1,you,GR65FP8VN,蓮好き,1089,14,6112,1138000,7,9,10,7,10,8,10,2,63
127QTWFQN,タカ,DKNHY5HH6,なす料理研究会,1130,12,6113,1137830,9,7,5,7,7,5,8,3,51
GT78BV330,白銀(シロガネ),TD87P23DJ,黄昏の旅団,1076,13,6114,1137750,7,7,7,7,8,7,9,2,54
NG3TAKLD3,Thistle,A86FEX2JC,おやさいさん,417,0,6115,1137625,10,8,8,7,6,1,1,2,43
P55YVR9W3,Ｍ３１０,CV8NP1T8K,アイドル研究部,1131,9,6115,1137625,9,8,4,8,8,7,7,2,53
3W3M4PCP9,マシュマロン,WPG6BCG83,基本無言,764,1,6117,1137490,2,5,4,6,4,1,5,4,31
L76DT7ENT,コンタ,HWJ8XPW0T,箱推しなのだけど,1281,3,6118,1137040,8,7,7,6,7,7,8,5,55
UND79V3NX,こず,8YNHW7530,虹ヶ咲、蓮ノ空,920,8,6119,1137000,9,8,7,7,6,4,7,2,50
33DW2CD7K,duong,JPNNY7W5F,ログイン勢,651,2,6120,1136750,6,4,4,6,5,4,4,2,35
C0GDDBP72,ekisia,AHE0E3JND,ありがと！にひっ,473,0,6121,1136200,10,7,7,10,9,3,1,2,49
GZ6OCC2V2,モンスターボノ,1DU9LCND7,蓮ノ空すこやか部,1148,10,6121,1136200,5,8,7,10,4,5,6,2,47
X74F0PTL0,K.G.,GYCCTXUND,さやのごはん,1525,18,6123,1136000,9,8,8,8,7,7,10,4,61
F9YJ8E4N2,らっちょ,MWHJ339TF,葉山エターナル,1057,12,6124,1135760,7,10,10,8,8,7,10,2,62
P7KNMJMAS,西園悠,C2XLWUTL1,夕霧綴理親衛隊,1186,9,6125,1135725,8,8,7,7,7,7,9,2,55
PDPJUGHGY,碳酸吻,AGJ215YND,蓮の空中國分校,703,4,6126,1135500,6,4,3,4,6,2,5,2,32
5X73VOAM3,幸水梨,JVX27DWXH,和梨好き倶楽部,1231,11,6127,1135360,8,7,8,10,7,4,5,3,52
YR4FLPJJC,しなもん,BHW3RTLYB,カワウソ小屋,1129,2,6128,1135250,8,7,7,7,4,4,5,2,44
73J5G40VB,HaLkz＠,UBVXEAK38,ブルウモーメント,1022,8,6129,1135000,7,9,10,8,9,7,9,5,64
CLRCG0T5F,穏和,MVYAVX8BK,きらきらきらら,491,0,6130,1134700,9,7,8,5,5,5,2,1,42
JSJQFXYFP,だばす,FTUJJ5KM9,無言◎私生活優先,1063,4,6131,1134480,7,8,6,5,6,7,9,3,51
V4YSTAK6R,春輝,XVTV7MVCX,雪月花,838,2,6132,1134310,8,9,7,5,4,4,4,2,43
5QG33GHHD,烏龍茶,M49MMBK4F,スリーズパーク,1285,12,6133,1134250,10,10,7,10,8,8,10,3,66
PHN58J2XT,オミ,5L9GNT78V,叶え！私達の◯◯,925,0,6134,1133560,10,10,5,9,10,7,9,4,64
8W3WJJJXY,ゆる,RNJ306W6N,日曜日よりの使者,445,0,6135,1132875,8,10,8,10,10,4,10,3,63
YP6HP791G,ユウキ,PYFYMJGT2,サークル(仮),982,3,6136,1131760,7,8,7,7,6,5,5,2,47
7B48TYBTJ,じり,PB5NM9HRA,歌蓮ティールーム,915,4,6137,1131450,2,7,5,10,2,1,1,2,30
FB61BUJR8,YN,T4WY63DB9,ういのま,630,0,6138,1131120,5,6,5,4,6,2,5,2,35
PLE11SC0E,無軒,919XF8V2V,蓮之空大三腳,863,0,6139,1130975,2,1,2,2,2,1,2,2,14
RXGDL7HA2,くらけい,GMEF2K8DL,花咲く泥も好き²,1483,19,6139,1130975,8,8,8,10,8,6,8,2,58
H9VPKHE7L,ゆうゆ,4G729J6TX,トキメキ同好会♡,1167,13,6141,1130710,9,8,8,10,9,7,10,7,68
B0UK7GAPN,こさかい,8MLVA67AK,聖ミリオン女学園,1246,19,6142,1130500,10,10,10,10,10,7,8,10,75
XKRWKMKP2,やをら,E76N52LMW,イベントのみ,628,2,6143,1130170,10,10,6,7,8,7,6,5,59
K5YQJYGYH,あるぱか,G89BFNPFC,牧場,848,2,6144,1129890,4,5,4,5,5,4,5,3,35
TXLCBFGY0,あきサカス,W3YKKRWHG,ルリと愉快な一家,1162,14,6145,1129500,8,10,6,8,7,8,9,3,59
VU76ELM5D,r,AVY8PECF0,初心者の集い,520,3,6146,1129150,10,10,10,10,10,10,10,10,80
7H61HWF0G,みかん,PMME7169X,蓮っ子動物園,667,2,6147,1129075,9,10,8,10,5,4,1,4,51
F3MZE14XT,みすたけ,T4WY63DB9,ういのま,1377,14,6148,1128500,9,5,7,7,7,7,9,2,53
RNDXOM2N1,あかりんご,BCJRMHE75,梢すきすきクラブ,1016,3,6149,1128160,7,7,6,7,6,6,8,2,49
UKNMUM4VU,ひろ,V7768X8AC,せーので！,818,5,6150,1127570,8,3,6,8,8,5,9,2,49
G1VN7WPWJ,Gilber,0HB7NEL1U,ItaClub,599,0,6151,1127250,10,6,7,5,5,5,8,2,48
G7G5TJ07C,ろんぐ,9FF5JBNDF,めぐすきクラブ,1292,0,6152,1127000,10,10,9,9,8,7,9,7,69
X0L5BX6M8,そいそーす,JXN6XJAFK,ぼくなんなの,901,7,6153,1126900,9,10,4,6,7,5,4,4,49
YI2WNR7N7,ぬいこ,F2CFWVMY9,藤島め組,1575,14,6154,1126700,10,9,10,10,9,7,10,7,72
AKJ5Z40M5,おおけん,WHWT61ELR,【無言】ハスノソ,1338,2,6155,1126225,10,10,9,10,10,10,10,9,78
GUTVND6JN,らでぃっしゅ,Y5J5Y90CD,まるまるサークル,1165,15,6156,1126000,10,8,9,10,10,10,10,10,77
6F07LU3TK,パサパサママ,NRK4MV1C1,茅バール,520,0,6157,1125750,8,9,6,8,8,8,1,2,50
MRKFEG9L9,テキオー灯,R9T0YKDW8,かちまち応援隊,837,4,6158,1124970,7,7,4,7,6,9,7,2,49
ZIC49ATW9,蓮に真剣,M8FM7P139,蓮ノ空ひとり旅部,1190,16,6159,1124630,7,10,10,6,7,7,10,2,59
9FHOH0RER,悠,M44P06CH5,つづさや見守り隊,1086,11,6160,1124220,8,7,4,7,7,5,7,2,47
0GFJHS0JY,Arcana,9FF5JBNDF,めぐすきクラブ,1166,3,6161,1123770,8,8,7,7,8,5,9,2,54
5M3TP0WVY,幸太郎,3FF3NB77X,せーはす愛好会,1033,13,6162,1123200,10,10,8,10,9,9,10,10,76
YUJ4AAJ7G,かぃり,XHJLF3R8H,ゆったりプレイ,1127,17,6163,1122900,8,8,8,5,9,5,8,4,55
AGE515J84,まるげり,E6WR9G75P,安養寺姫芽推し会,599,2,6164,1122425,1,1,4,4,5,2,2,3,22
P6RXX9UPC,きれいあ,FH7G62PKW,月火水木金土日,1389,6,6165,1121950,8,9,6,5,5,6,7,2,48
311FP9JJ1,インネン,B1KYU3XF8,LG lotus,673,2,6166,1121800,10,9,9,8,9,8,6,6,65
MUKFBNXT6,にょんぽこ,YD2XWWFA4,蓮好き好きクラブ,332,0,6167,1121240,9,10,7,8,9,3,7,3,56
UEHC31TPH,Ryota7,MG3PEBEJL,LLCausas,1058,4,6168,1121000,7,7,5,6,5,7,7,3,47
29CNYU7RA,はんどー,YHWN0NJ03,ドカ食い気絶部,1031,5,6169,1120750,8,1,4,4,4,5,4,2,32
RPUEZP5TD,花,H1LTYMK0B,花帆が可愛いの会,1220,12,6170,1120350,10,9,5,7,9,5,7,5,57
POMUZ1KNB,加賀,XVTV7MVCX,雪月花,1071,8,6171,1120010,7,9,9,7,6,5,7,3,53
8MUPD0CUA,我永遠推夕霧綴理,9YM3DBTB7,泥民館,1176,14,6172,1119750,7,8,5,8,7,5,9,2,51
MJXJ8HAFH,鍾嵐珠,9P9EPKFHE,無言参加OK,505,0,6173,1119600,10,8,8,9,7,6,8,3,59
8U8LIBJ5Y,アッキー,8UXWEHB72,kita,984,1,6174,1119450,7,7,5,5,8,8,8,2,50
2KVLCTSVQ,ハイネリア,7LMARTXVN,ご飯特盛肉蟹付き,1204,0,6175,1118960,5,8,4,7,4,5,8,1,42
FP4ERK9D0,CC,M6UPWJ6DU,蓮結ぶ虹と星の音,518,2,6176,1118570,5,4,10,4,5,4,5,2,39
KWRH7RT93,やなぎん,MG2RMMN2B,欲にまみれた梢,913,6,6177,1118560,7,9,8,8,6,1,5,2,46
N043XH5H5,yuanliya,BBNEWB1UA,蓮ノ空紅茶部,890,8,6178,1118550,2,9,3,7,5,1,1,7,35
EXOWKKNLR,ちいすず,9DKR4Y2CJ,蓮ノ空老人会,1177,3,6179,1118170,5,5,5,7,7,4,4,2,39
3K3NU4T84,柳書戀,R9NGK6L48,のんびりサークル,816,2,6180,1117930,10,7,8,5,6,4,7,5,52
8TUH0KMMA,中川原 菜々,FNMV166UY,蓮ノ空喫茶部,1359,7,6181,1117840,10,10,10,10,10,10,10,10,80
PXK8EXPRW,きみどり,DE09E45EE,田中団,952,2,6182,1117830,5,5,5,7,6,4,8,2,42
YGGMGH33C,Alice,PDMPF3VVV,r/LL,1122,2,6183,1117750,10,8,9,9,7,7,9,2,61
2D2TO6VFH,まるっぺ,RU340PRAY,わちゃわちゃC,641,2,6184,1117640,5,6,4,6,6,1,7,2,37
JZPBN8CU1,ぬい,8NF0R4W81,地下結社めぐ党会,1096,4,6185,1117450,7,7,5,7,6,6,8,2,48
04QAY4F6W,悠,JCRNT9GKB,ハントンTKG,1264,15,6186,1116970,8,7,7,9,6,6,8,3,54
1RNVTK62H,くろあん,M8FM7P139,蓮ノ空ひとり旅部,1360,15,6187,1115800,8,10,7,9,8,8,9,4,63
AHP5IH1KR,ほみ,3A63DYH54,LLすこすこ部,1201,13,6188,1115480,8,9,8,7,6,7,6,2,53
0GXQM5EPZ,南紀,XEENRBXCG,蓮ノ空休日クラブ,973,0,6189,1115300,9,8,4,8,2,4,1,2,38
R8HUHPJED,chihiro,5WUDLMWEP,蓮ノ空は明日ノ空,1179,8,6190,1115220,10,10,8,10,7,10,10,4,69
GAC7CCFH2,ゆうま,253CRPDXB,TMT,1087,11,6191,1115000,9,8,8,6,7,6,9,4,57
09BGMNTAR,狼,MVMP6NNXD,空き時間らくがき,826,2,6192,1114810,9,1,1,5,4,4,4,4,32
25757CMHL,カワ,6U5YRWNNY,あすて☆りずむ♪,1155,5,6193,1114800,7,10,7,6,4,4,4,2,44
00EXDETRT,ウヤ,G0WRCNRWK,県立沢庵図書館,1286,14,6194,1114600,8,9,9,8,7,7,10,2,60
UCEF85XCN,たけさん,A7WWE0463,蓮ノ空初心者部,1015,13,6195,1114500,8,8,6,7,7,5,10,3,54
21HC35TJW,闇咲瑠璃夏,WJY2HK6A5,蓮の空イベント部,608,2,6196,1114350,8,5,7,2,4,2,1,2,31
YJ8E9TJ4E,紅蓮の漆黒IV,8YNHW7530,虹ヶ咲、蓮ノ空,662,0,6197,1113120,5,6,5,6,2,2,4,2,32
2XKLU22WK,はっさく,BW38LDPRF,蓮浦の星空,915,2,6198,1113030,1,5,1,1,5,4,1,4,22
K2J3W0TF4,あさり,1G89KTD5X,サークルひとり,765,4,6199,1112620,3,5,5,1,4,1,1,2,22
R9ARJEJDH,あちょ,573J1JVVK,かほかほ,1205,1,6200,1112220,10,4,5,9,7,2,5,2,44
L51E3JHJP,サスガ,3RH5MYBXV,こずめぐ党,1200,3,6201,1112070,9,8,5,10,7,5,8,2,54
WQT5M1ISP,kei,H0DV3JJGA,かほさやてぇてぇ,1344,13,6202,1112000,10,10,10,10,8,9,10,8,75
5BM28V03U,ユウキ,0R8BXPRC1,ポチっ！とクラブ,485,2,6203,1111750,10,10,9,5,7,9,5,3,58
63539TVDU,みらっぱ,1EBG7YUTL,菅！CAN！叶！,1103,12,6203,1111750,7,9,6,7,8,4,5,2,48
Y5QJU4C6K,Tymizz,EWM0GK62C,誰でもどうぞ,1161,8,6205,1111560,6,7,10,10,7,9,10,3,62
F3YJA09XO,かみゅ,XLBU65J86,花の壁飾りクラブ,1213,5,6206,1111400,6,9,7,7,8,7,10,3,57
M7JGMJFA8,しゃんま,23PGPJ3NV,蓮ビギナーの集い,359,0,6207,1110840,5,3,4,5,4,4,1,3,29
2K9EBJ5HV,ドレッドデース,YVV9CMBLW,東京公演で沼落ち,851,2,6208,1110550,10,10,10,4,7,7,5,2,55
1L4XNEVSK,病田むうま,58FD7UF8J,としとしサークル,870,0,6209,1110500,5,7,4,7,6,7,5,2,43
O0C69X0YL,もっちぃ,8VGXWTV3U,R.opRizm,1073,7,6210,1110250,9,8,10,9,7,9,10,8,70
YWP33DYMK,たつ,9YG7C0VM7,綴理と無言で昼寝,1386,13,6211,1110200,10,10,10,10,10,10,10,10,80
UJ52HMK4X,ll花帆,EYEPHE14G,花上梢頭,473,0,6212,1109080,9,8,7,8,9,6,9,2,58
4MRCJO6P2,スパボ,R181MKNX1,みらくらは人生！,1577,17,6213,1109000,10,10,10,10,10,10,10,10,80
WTGR940GN,ちぇっき,X34LWGL6R,サークル2,1275,12,6214,1108500,10,1,10,10,10,10,1,2,54
ETUW38VLM,ぷらんくとん,L6MF2MPBN,みらくらぱーく党,952,0,6215,1108370,8,9,7,8,6,7,8,3,56
4GEBL7XN5,ジョイ,AG9PKMMC3,ぱかぱか同好会,1044,11,6216,1108175,6,4,1,9,6,1,1,2,30
7K0VDAKHY,いとーりき,8FR866PRY,蓮っ子みらくラブ,936,4,6217,1107830,7,7,4,6,6,5,5,2,42
FWYYPT42X,まよちゃ,GYG7B5R36,幼馴染同好会,995,4,6218,1107750,9,9,9,5,5,9,4,1,51
CMFC1JGS9,まっしゅ,M6UPWJ6DU,蓮結ぶ虹と星の音,604,2,6219,1107480,6,3,4,1,3,1,1,2,21
VFX9TV8LS,宣牛(ノブウシ),NLB84DYBF,下松系拉麺同好会,1287,4,6220,1107400,10,10,9,9,8,9,7,3,65
QXUY100AW,SUPER-G,3LPBPHL3V,壁の民の伝説,1366,11,6221,1106600,10,5,7,9,8,7,9,4,59
9X5GDG3PC,床,HE0GK3EPE,瑞蓮プロカ倶楽部,1281,13,6222,1106500,10,6,8,8,8,7,10,3,60
F72QI94O6,かいか,573J1JVVK,かほかほ,1139,0,6223,1105000,8,8,8,9,8,7,10,4,62
W8F2P5HJK,みどり,K8C99H42D,ルリと喜ド！愛楽,863,2,6224,1104910,2,2,1,1,2,1,1,1,11
A0EBKT11T,アゲハ,9UKKACGDU,蓮っ子CLUB,1174,4,6225,1104660,9,9,8,8,9,8,8,2,61
H6A6TH1UD,ケミカルウミウシ,D7H8MN2U4,LLD,1578,13,6226,1104600,7,8,8,7,6,5,2,1,44
B5KPAWVLC,Sonny,J80MEYHBC,Nymphaea,782,2,6226,1104600,10,10,5,1,7,7,7,3,50
UVJ4X6YV7,まさまさ,407VAU0TT,ログボ勢の集い,472,0,6228,1104500,5,7,6,4,6,5,7,2,42
XET9BO87Y,たつなが,HBUK6F7CC,乙宗梢なりきり部,1385,7,6229,1104200,9,7,10,8,7,7,10,7,65
JDM2XK3FU,ko₋orbit,BEUGE1GV8,仮,639,2,6230,1104190,10,10,8,4,5,7,4,3,51
YUVYWEDLL,Ltsunahi,762FM3JV4,一蓮托生,960,7,6231,1103940,8,9,5,9,8,9,5,3,56
846BTKT3U,ゆうと,9E910GGD2,蓮ノ空給湯室,767,7,6232,1103900,6,6,8,1,2,4,4,2,33
V2R7WWF0A,jfmn77,37N3TNTVB,推しを布教する処,1314,10,6233,1103800,10,10,10,10,10,10,10,10,80
7L7XLG2U2,Tokisa,GPKTRBCTT,騎空団蓮ノ空支部,873,2,6234,1103670,10,4,4,4,8,5,7,2,44
6P304XFRB,IWF75,C791XXLDF,つづさや会,933,2,6235,1103510,8,8,5,7,7,6,7,2,50
548XSMDTA,MR,LHXNEF3D5,まるまるサークル,1089,8,6236,1103480,6,7,8,5,8,4,7,2,47
8WXX2M8DA,さやかほ,GCFA4WL28,乙宗梢を愛で隊,1031,3,6237,1103370,7,7,5,9,8,7,5,2,50
UMR9ZELZU,しあわせうさぎ,7X71T9R7J,憩いの場所,1116,8,6238,1103100,8,10,5,8,8,5,8,2,54
EL3RGNF1W,ゆうゆう,1KDUBW4HB,めぐ党0番,519,2,6239,1102860,9,8,7,6,4,4,4,2,44
DKNB3NE74,ユーリ,G0WRCNRWK,県立沢庵図書館,1165,3,6240,1102475,9,9,7,7,8,5,9,2,56
14C6YP2G2,わんわん,E76N52LMW,イベントのみ,943,0,6241,1101800,8,8,3,5,5,6,6,2,43
IARBTXP0K,逸璃,BXGNMY466,ライグラ用,990,11,6242,1101525,9,5,5,5,4,5,7,2,42
0T75620R6,りっくん,2B97MH4YA,同じ話し何回も…,1385,19,6243,1101500,8,10,10,10,6,10,10,2,66
HWYKY1XYY,「塩山犬太郎」,TBX7N9RK5,つよつよなLH,937,1,6244,1101260,7,6,5,7,8,5,10,2,50
E04ABF4HH,じーえむ,YLJ2PP4X4,全日本謝罪同好会,1048,5,6245,1101090,3,7,4,7,6,5,9,2,43
5HF76NMNJ,かえ,MTBP3B4GM,ふらわーすきすき,800,6,6246,1101050,7,9,7,7,10,7,7,7,61
K31XF0XJU,ユウ,D52G2F1HV,いな民リンクラ部,1137,10,6247,1100330,9,6,6,10,6,5,6,2,50
XJD539JBT,裾漏らし,MG3X118W7,大室家,983,6,6248,1100100,8,8,6,8,6,4,7,2,49
UP8NBL60N,utagawa,0DNHHB39H,隙間から猫,1038,7,6249,1100000,10,9,10,10,10,6,10,3,68
DW1Y5L3V1,やっすん,M6UPWJ6DU,蓮結ぶ虹と星の音,892,4,6250,1099150,10,6,5,5,10,5,5,5,51
240UWE87K,ドアベル,HYUMHA27V,ゆるっと蓮ノ空,1158,2,6251,1099060,6,10,9,10,10,6,10,2,63
RX8ENMN4V,こずこず,EJY6B26D1,After見たい,655,0,6252,1098600,10,10,7,10,10,8,10,8,73
XJ25A01MP,ビアレス,VP0K6KF0K,蓮ノ空大好き!!,993,2,6253,1098320,9,8,7,8,7,6,9,2,56
DLXBXU264,ますくん,WN3LHKX0L,レンコンおいしい,1168,5,6254,1098250,8,8,7,8,6,8,9,2,56
9AKO8CBQB,もぇ,L28X4MDJN,アフター観たいぞ,1233,10,6255,1097200,9,9,6,8,7,7,8,3,57
RZGW4D8WG,事務員の小鳥さん,RTRE9NG1E,蓮ノ空ＳＣ予定地,1170,12,6256,1096610,10,8,7,8,7,6,8,3,57
1Y77ENT4Z,あちら,LHXNEF3D5,まるまるサークル,1401,19,6257,1096400,9,10,10,9,9,8,8,5,68
1JX3P6OC5,なづ,DKNHY5HH6,なす料理研究会,1320,6,6258,1096000,9,10,8,7,8,7,10,5,64
DLP7H2C4B,もる,3BE2RELRC,見晴台,1100,4,6258,1096000,8,5,5,6,7,6,4,1,42
GM1GRBDDC,アスク,CFK94564X,アスクの村,837,0,6260,1095880,8,6,6,7,3,4,5,2,41
W930D7BL5,おかき,BPHHYC793,ソロ専の集い,604,3,6261,1095825,10,7,6,6,5,3,1,3,41
6P91XG3HG,まちや,KGY709ULG,蓮の花束,816,0,6262,1094800,10,6,7,8,8,5,5,4,53
FNWJDAH0A,靴下大爆発,8XMW94CPX,ヒノチタカバディ,318,0,6263,1093920,6,6,5,1,2,1,2,1,24
AB49GUDRE,るっつ,PR2BGEK5K,ありがとう大三角,1083,8,6264,1093660,8,9,7,9,9,7,10,2,61
G1CKBBHBT,ウェルバ,7B0W0EWVA,ソロの為の避難所,917,0,6265,1093460,9,5,4,7,8,3,4,4,44
G2TP9RT8M,わた,F2CFWVMY9,藤島め組,1574,15,6266,1093450,7,5,4,2,3,5,1,2,29
VFR7CH5PC,リトー,LAKRG5NK9,ログイン勢,764,0,6267,1093380,10,8,5,4,4,6,5,2,44
7OPAUG13X,トマト,FVJFA973A,月猫愛好会,526,2,6268,1093250,7,6,7,5,6,6,8,2,47
S6L3SRKSJ,Shigure,KULVP7FDR,アニマル分室,862,6,6269,1093230,6,2,6,4,5,1,2,3,29
PU3AMW43V,ぬにゅぽろん。,UCWKRB3WR,菅沼千紗が大好き,998,2,6270,1092300,8,9,5,6,7,4,5,2,46
L80FHC0L1,あつ,9P9EPKFHE,無言参加OK,408,0,6271,1092000,10,7,6,5,6,3,1,2,40
WT6EA0XW8,野菜,3HDDYR4FU,旅人,1158,10,6272,1091550,9,9,10,9,6,4,5,2,54
17WD1R6GW,シャル,3U173PJVT,with Us,1018,7,6273,1091500,8,8,9,7,8,7,8,2,57
9J50D04CC,しもん,88DJ300PJ,めぐ党 • 永遠,1157,14,6274,1090610,7,10,10,10,7,10,10,2,66
TJV0S3LAY,羅生門,ARF3KPJ41,夕凪P極進会,1376,15,6275,1090580,10,10,10,10,10,10,10,10,80
04REXQRZE,ユーロ,9X07VGM42,近江町食べ歩き隊,1418,11,6276,1090400,10,10,10,10,8,9,10,7,74
JHJK2M41N,こっとん,F2M746D4B,頑張らないクラブ,1088,14,6276,1090400,10,10,4,10,5,5,4,4,52
L0CE1G8UY,ぬこ,K7LC46V5M,Link！ラ部,278,0,6278,1090250,8,7,7,5,7,5,6,5,50
NX28EZ0CO,えもいまっちゃや,GYG7B5R36,幼馴染同好会,933,0,6279,1090200,8,5,5,8,7,3,5,3,44
1MRJ6APAL,MSKARIN,NLB84DYBF,下松系拉麺同好会,1043,6,6280,1089750,8,9,7,4,7,4,8,2,49
EH0YPZ15O,山2000,FHN78V2DJ,無言でどうぞ,1339,12,6281,1089500,10,10,10,10,10,10,10,10,80
I45HQK45Z,練心,HA6MUTC30,自由なのだけれど,1061,3,6282,1089080,9,9,7,9,8,7,10,5,64
JDDKVBDCC,ゆーま,N752V1LD6,思想の溜まり場,975,0,6283,1088700,6,6,9,10,6,10,7,5,59
F9HDWATWH,スリーズブーケ,8YNHW7530,虹ヶ咲、蓮ノ空,681,0,6284,1088580,4,6,7,6,4,2,4,2,35
DFK9UDXMX,カッペ,BAB7W6VKX,まったり,1158,7,6285,1088320,10,10,8,7,7,5,8,2,57
M2EHMTYIN,みと,WTJV514G9,蓮ノ空のお弁当屋,1336,3,6286,1087960,2,2,1,2,2,1,1,1,12
KR05EVJCF,またたび3,C80XC2L54,ライグラ用,1036,9,6287,1087750,5,9,1,5,1,5,2,3,31
MDIWO1XS0,マッチださん,GWGDMA3YC,初心者無言自由だ,1519,16,6288,1087600,7,9,7,9,7,7,10,5,61
EN8TNRECG,イデア,FR5PDRB5Y,株式会社つづさや,1086,2,6289,1087580,8,8,6,7,7,6,9,4,55
TE3O47P4O,メラニー,JE7V5MM31,蓮ノ沼に沈んだ泥,1321,18,6290,1087510,8,9,7,9,8,7,9,3,60
YQDYK34ZR,QhooLwo,BDD8R1HDD,蓮の花を見る会,1099,2,6291,1087340,1,1,1,2,4,3,3,1,16
1V5W0LJ7D,☆かなんまる☆,9JTF508LB,スクスタ亡霊部,582,0,6292,1087160,5,5,5,7,3,1,2,2,30
7JLLPCYVW,マジアベーゼ,GWGDMA3YC,初心者無言自由だ,905,4,6293,1086710,9,5,6,7,5,1,6,2,41
P574WP5KV,あれれんれん,CT8XW752X,蓮ノ空写真部,1263,19,6294,1086680,8,9,8,10,8,8,10,7,68
LFNX0TJ53,azur,7B8K574NX,GEAR,580,0,6295,1086020,10,10,10,10,7,4,2,2,55
H420G785D,みなみ,PXDL7Y3VM,ビギナーズ改,219,0,6296,1085000,10,10,10,10,10,10,10,10,80
B9JWNFN1K,あむすと,YADX9DY49,ﾊｽﾉｿﾗｰ,1046,4,6296,1085000,7,7,4,9,7,7,9,2,52
X65BAL5W4,Shiro,E7UBFLW56,同好会の同好会,685,4,6298,1084600,7,10,6,4,8,5,4,4,48
G4B7NWB61,大きな翼,D52G2F1HV,いな民リンクラ部,977,4,6299,1084200,10,10,10,10,10,10,10,10,80
K3KNAGMA8,eva,J0DGEAYBM,えびぷと筋トレ部,843,0,6300,1084020,5,7,7,8,6,4,7,2,46
V5MMAHM8B,木之下,EYEPHE14G,花上梢頭,1054,13,6301,1084000,10,10,7,9,8,8,6,4,62
LJKKX85U2,さやエンドウ,HGVHHB78D,蓮ノ空写真部,1117,6,6302,1083260,8,7,4,7,7,4,9,2,48
PMTRLG3CG,Ayumu,REUA4H17B,LLLLBR,144,0,6303,1083230,6,6,6,7,5,5,2,4,41
OA1BJAVYF,リピアー,7DRAN8UAK,光の星,1128,3,6304,1082430,7,8,4,8,7,5,7,3,49
PINE4LHL9,山東 良,1E8TVWRK1,RYO,927,2,6305,1082400,10,8,8,6,5,4,7,2,50
YW4YL3JF0,イモト,VP0K6KF0K,蓮ノ空大好き!!,777,0,6306,1082170,5,5,2,4,6,6,4,2,34
4W70J0GNT,ニコ・ベリック,6C9R15BLY,スクスタ避難民,1105,2,6307,1082050,10,10,9,7,8,8,9,6,67
B8G52UT5Q,火鱗,TTDBXERCU,蓮ノ空 全力応援,1130,2,6308,1081950,6,6,8,2,2,1,2,2,29
00FWW1TR2,海里,BELCUYCMH,蓮hkg香港分部,899,2,6309,1081720,1,4,4,8,3,1,4,2,27
0P853D9FN,西表ヤマモト猫,F31A07X4V,蓮ノ空福井分校,513,2,6309,1081720,10,10,8,10,8,8,7,7,68
OPDTOWH9K,あかひろ,5WUDLMWEP,蓮ノ空は明日ノ空,1052,1,6311,1081580,8,8,8,9,6,5,6,1,51
UYPFL66G7,まんじゅう,BW38LDPRF,蓮浦の星空,458,2,6312,1081100,7,6,6,6,3,3,3,2,36
R0C7FDE1G,まつ～ん,YCJK528P9,ぼっち,766,2,6313,1081020,8,4,4,6,2,1,2,2,29
PRZCUX3GF,たこ,XJHATLDVB,さやかほ観測所,1223,4,6314,1080930,8,8,6,7,6,4,7,2,48
AGNY1A44A,へなちょこ,HPTHY23VR,蓮ノ空文芸部,963,3,6315,1080250,9,9,4,6,7,6,8,2,51
11X84N61S,じはんき,X34LWGL6R,サークル2,1138,4,6316,1080230,9,8,6,9,8,8,8,2,58
37HE2L11U,いずセラ,HXVYGL96H,初々しい対抗戦,836,2,6317,1080000,10,10,5,7,7,5,10,3,57
0CYNBJCM7,琵琶,LH9K7AGB7,ツバサラリベルテ,360,0,6318,1079800,9,10,10,10,7,10,2,3,61
63RL60GBD,ごつえ,HWJ8XPW0T,箱推しなのだけど,767,2,6319,1079750,10,10,10,9,8,7,8,4,66
RL0JBFD1M,こちら,EFYYG9TAY,ご隠居さーくる,971,5,6320,1079675,5,6,5,10,6,6,4,2,44
I5EAV4TD7,sgwr,KFC62L0FV,ねるねる同好会,1140,0,6321,1079650,8,7,8,6,4,6,8,1,48
Y84KRC78D,シャクガン,F2FFNFUYE,深谷家,1067,10,6322,1078820,8,8,5,10,6,4,8,3,52
R915WM491,またたび,N2KCENRKH,猫＆旅大好き部,1334,16,6323,1078600,9,10,7,10,10,9,9,6,70
WWVES6M3C,ルクス,73CBYJYB0,"oNM,",1035,8,6324,1078000,1,4,4,6,2,4,5,3,29
R2CR1VWVD,Mizurina,H0652CHBR,Kimimin,1023,0,6325,1077610,10,10,6,7,8,7,9,2,59
SAUZL657F,CBoard,XN2VEA6DN,無言,732,0,6326,1077300,7,9,7,3,6,5,9,2,48
6KTF4MF77,なりりんご,ULUELCJ7T,なるようになる？,915,8,6327,1077140,10,9,5,6,2,6,2,2,42
7K8BJVRLH,ももな,8VGXWTV3U,R.opRizm,895,3,6328,1077100,4,2,1,1,2,1,2,2,15
ER58XY2KD,花宮初奈,3RH5MYBXV,こずめぐ党,400,0,6329,1076410,8,7,5,3,3,2,1,2,31
4RVH0M1GC,宥黎,6MWHCNJE8,蓮之空小賣部,399,0,6330,1076010,7,7,5,4,2,1,6,2,34
9WD164N1T,ね,H837E0M9R,沙知先輩大好き部,944,7,6331,1076000,7,7,7,9,6,3,4,3,46
PTKKMUJ59,539,3FF3NB77X,せーはす愛好会,962,4,6332,1075810,9,8,7,7,8,4,8,2,53
YX47KWAN8,あーゆ,MUXWTW1GV,蓮の空見守り隊,732,5,6333,1075680,9,6,6,8,5,8,10,3,55
M6T52JPTM,とがみ,LYPVAETHY,金沢の泥,967,0,6334,1075520,10,9,9,7,6,5,6,3,55
WVYKUGLWP,ててててー,8NFDBY4L5,浄龍桐生会,871,0,6335,1075250,7,8,5,7,7,4,8,3,49
B213MOIY2,にゃんちゃん,H6JWBBGCG,蓮天・乙宗一心流,1096,10,6336,1075160,8,8,4,9,7,5,7,2,50
725YB27T3,ぷに,XEENRBXCG,蓮ノ空休日クラブ,1069,3,6337,1075140,10,10,9,10,9,7,10,5,70
30X7B04U8,ゆね,E7UBFLW56,同好会の同好会,1106,7,6338,1074910,4,7,4,4,7,5,10,2,43
KWL5BU5XE,おせんべぇ,BG041A4MD,TK会,855,0,6339,1074650,7,4,5,6,5,5,7,2,41
17RL4149C,みどりひすい,424NLTEE8,無言な異次元部屋,1231,2,6340,1074600,8,9,8,7,8,7,8,2,57
2MD5236N8,ゆー,3FF3NB77X,せーはす愛好会,1004,0,6341,1074200,8,9,7,7,7,7,10,3,58
2HYEWYXU3,ぶびず,4TE2DCLVN,マッタリ～ズ,1220,4,6342,1073260,5,1,3,10,3,4,4,3,33
JXRNETJ4C,とーる,W26TRPM1R,めぐ党藤島派,1411,3,6343,1073200,10,9,7,7,6,7,10,6,62
IJBTEP4FZ,ゆるぽソニア,T4WY63DB9,ういのま,1067,6,6344,1073130,7,3,7,10,2,1,6,2,38
C3GWYGKKU,もりのらくだ,73CBYJYB0,"oNM,",1155,7,6345,1072710,9,9,9,8,9,7,9,4,64
K1GD24E43,仔犬,X33HHA9F8,アルストロメリア,886,0,6346,1072660,7,8,4,4,4,4,4,4,39
PR410A7MJ,ここじゃない,JKAYY0KXL,自由！開心！,790,0,6347,1072120,10,10,10,4,9,4,6,2,55
42R469Y00,たかや,TM19BMU7C,ソロプレイヤーズ,1002,7,6348,1072040,10,10,10,10,10,7,7,2,66
CBG1UE59G,とんとろ,25PMPEMG7,星見プロ,384,0,6349,1071750,8,7,6,6,6,6,7,2,48
TP9QX75UO,みなみ,X33HHA9F8,アルストロメリア,1112,4,6350,1071520,7,6,5,4,7,5,5,1,40
7A5PUNGEN,MeRa,J80MEYHBC,Nymphaea,396,0,6351,1071360,6,7,5,5,6,4,6,3,42
ANQQRFD4G,よっしん！,1DU9LCND7,蓮ノ空すこやか部,1225,2,6352,1070440,7,7,2,9,6,5,9,2,47
0G7NS30JB,ゆううう,18YYNRFGA,LotusSky,248,0,6353,1070400,8,3,4,3,5,3,2,3,31
GO9Z67VC5,森谷マイ,XLBU65J86,花の壁飾りクラブ,1196,19,6354,1070250,7,5,10,9,10,10,10,10,71
6JS3SGQ5U,とりのてんぷら,KJU0BU77M,無言交流なし,536,0,6355,1070175,10,7,9,10,10,9,8,2,65
8D8HY8URJ,饶舒铭,9YG7C0VM7,綴理と無言で昼寝,676,0,6356,1069540,10,9,4,6,6,9,4,3,51
57G7M96MW,はみ,6162K5E6A,ろむ,207,0,6357,1069400,9,9,8,8,5,5,6,5,55
1HWWWC5U4,クッキー,4URND90YY,参加賞狙い,852,5,6358,1069160,6,10,7,6,7,6,9,9,60
MSY645YUB,いい,F2M746D4B,頑張らないクラブ,1271,12,6359,1068820,9,9,9,9,8,7,8,2,61
BQ0QL596B,アキ,G8EE23LB9,虹ノ空クラブ,1339,15,6360,1068540,9,9,6,10,7,5,8,2,56
E4UEKRT7D,syu,W09WBG3HY,どろんちゅ,1181,6,6361,1068350,8,10,6,8,9,8,8,2,59
VN71P0BFC,塩倉丁香,7U20138DB,LGP,1175,3,6362,1068000,10,9,5,10,8,6,7,2,57
4AO0G1KF7,スズ・テスカトル,26JDLMBLN,徒町は強く生きる,1146,7,6363,1067510,7,8,5,7,6,4,9,2,48
PRGG82GGC,NNH,EEP20F2M8,綴理の綴り,1313,18,6364,1067320,10,10,8,9,8,7,10,5,67
N3Y7UY795,soo,XXVVJY6FE,はぴぱれ,611,0,6365,1067100,10,10,8,9,8,8,6,6,65
W1RG2NX4V,まつり,EE4BKR0AR,まったりプレイ,991,6,6366,1067060,7,7,5,5,4,6,7,3,44
U7CH390EV,さば,8VGXWTV3U,R.opRizm,683,3,6367,1066000,8,6,10,8,6,4,5,5,52
K8YHXKXC4,yuany,9U8KNU6U9,対抗戦用,938,1,6368,1065900,10,6,7,8,6,6,5,2,50
CK0PATXX0,トモゾー,2DYYAPFVN,蓮っ子村,733,3,6369,1065800,10,10,10,10,10,10,10,7,77
DXTSZ8YSL,ひ～,DY6Y6DLK0,徳島,1192,7,6370,1065630,9,5,6,7,6,7,6,2,48
ST1N1O9UG,いてつ,FV38N1J23,イベント用,1140,2,6371,1065200,10,8,7,9,8,7,10,5,64
KRCWCYP3G,たろた,8EX9KUG3E,コズエとツヅリ,780,0,6372,1064660,4,4,5,6,2,1,2,2,26
L1TFY2ADG,かまえる,1G89KTD5X,サークルひとり,1047,9,6373,1064090,10,9,7,10,7,7,9,7,66
A26NQAKOU,まー☆,LUUR1D2PB,ちぇす党♪,1462,19,6374,1064050,10,10,9,10,8,8,9,4,68
9DXCYY8XM,おもちゃ箱,0FGGRVVKX,めぐぱい党,897,5,6375,1063525,6,6,4,4,4,2,2,2,30
T33Z9UYY6,トニー,UYCT3Y4JK,蓮っ子,1548,19,6376,1063400,10,10,10,10,10,10,10,10,80
5FP179D2A,サウナおじさん,NLB84DYBF,下松系拉麺同好会,956,3,6377,1063240,10,9,9,8,7,5,7,2,57
2SI4NIZBZ,皆叶 侑,P3RALDKT1,アイドル研究部,1037,5,6378,1063090,10,9,8,9,7,5,8,3,59
PL6BHY99K,ヒロヤ,FG4170141,♪さやか愛好会♪,1225,5,6379,1062980,9,9,8,7,8,6,8,2,57
L0PV7RXF7,ほんだ,UCF93JAPM,スワンプマン,1268,10,6380,1062800,10,9,8,10,6,7,9,4,63
7BL3KR7D9,ホワイ,HWJ8XPW0T,箱推しなのだけど,1338,16,6381,1062750,10,9,10,10,8,9,7,4,67
JE6681K3T,ステリン,H0DV3JJGA,かほさやてぇてぇ,1272,5,6382,1062250,10,10,10,10,10,10,8,2,70
7XBMPBBRE,一歩一歩一歩一歩,KGG6VMD1R,蓮ノ空本蓮沼の会,471,0,6383,1062000,10,10,8,10,7,6,5,2,58
97GJJTFX1,Salu556,WLFW6UCX5,無敵級ビリーバー,994,0,6384,1060640,8,8,6,9,6,8,8,4,57
7KIKWW6EA,おさ,C021HVB2B,第3芸能科,990,3,6385,1060500,1,4,4,9,8,7,3,2,38
H54N1EXEU,ふらみんごみんご,U740C25T1,ごろちゃんず,733,0,6386,1060040,8,8,6,7,5,7,7,2,50
FUPBY3JLK,バブ♡‬,9JTF508LB,スクスタ亡霊部,1265,13,6387,1059200,9,7,7,6,5,5,9,4,52
LW239N6CJ,AKIM,3LAFHDKE5,こずさや保護者会,512,0,6388,1058850,6,7,6,5,5,4,4,2,39
MPA9LXE2N,水原,8AT7V1C7L,初心者です,678,0,6389,1058750,9,10,9,10,2,4,5,2,51
MHL57VAJF,バルト,J0M0JNFRH,名駅ラブカの集い,448,0,6390,1058540,9,2,3,8,2,3,2,2,31
9X6NGG2EU,√セイリュウ,HE0GK3EPE,瑞蓮プロカ倶楽部,1065,10,6391,1057250,10,10,9,10,8,9,10,9,75
L04WF4JV8,トニー,22PYAXMA7,ななみゅー,1034,3,6392,1057200,4,5,5,6,6,4,8,2,40
2B55VBFM2,結衣,NA8FEYN0M,蓮ノ空飲酒クラブ,961,0,6393,1055850,7,1,2,4,4,2,4,2,26
F04ZEPJ2I,スズ,WTVG86R4P,おしご党,1145,17,6394,1054975,8,10,6,7,8,5,10,5,59
8XX2BAUAN,PU,Y2P9LABR2,スクステ同好会③,1409,14,6395,1054750,7,10,8,6,7,6,7,6,57
6Y5H4J14C,さくさくぱい,AH27N260E,百生信託銀行,509,0,6396,1054000,8,9,6,8,4,4,8,2,49
UYA3K8J9X,TOMATO,G6KE802PE,L！L！ラ！,997,4,6397,1053440,10,8,5,5,6,4,7,2,47
R532AUBLE,わわわ,9DFV9UTW4,白ひげ海賊団,480,0,6398,1053330,6,8,7,10,9,8,8,2,58
VDBDLWDRA,ひだり,T8X0G07YB,なければ立てる！,1429,0,6399,1052680,9,9,8,8,8,8,10,4,64
W4MHW45VG,puyo,CRYB2FJ64,つくよみくらぶ,700,2,6399,1052680,10,9,4,7,7,1,5,3,46
176GXTAW6,Yuzu(英梨),XA0XD41CM,ぼっちぼっち,651,0,6401,1051960,10,10,10,10,10,10,10,10,80
MBPDD909N,三浦勇士,8MLVA67AK,聖ミリオン女学園,883,5,6402,1051350,5,5,5,8,7,4,5,2,41
WOEVNPZ1O,魔璃,M74P64HDW,金沢サニーランド,1398,0,6403,1051300,10,10,9,10,7,10,10,6,72
S6CGX2DBZ,宇治抹茶,2DYYAPFVN,蓮っ子村,1125,19,6404,1050660,8,8,9,9,9,8,10,8,69
5LW7VTGNJ,りゅうき,J5CKL5YPX,ログイン勢かもん,583,0,6405,1050480,8,8,4,7,9,7,5,3,51
EC08F0X0A,ムラマサ,8R49BTWW6,蓮女お嬢様クラブ,1239,9,6406,1049800,10,10,9,9,8,8,9,7,70
2525KFYH1,まつりょー,YLJ2PP4X4,全日本謝罪同好会,1156,16,6407,1049750,5,7,5,7,4,2,4,2,36
8M57HANX4,白★旗,23YJ44XUE,あつまれ好好の森,1035,10,6408,1048640,2,7,6,9,6,5,1,2,38
T3MFRJL3E,アロエ,EMAN1DMK8,いつものメンバー,823,2,6409,1048560,1,1,1,1,7,1,10,2,24
3YP17J9AW,アッシュ,PUJ0ERCMW,蓮ノ空倶楽部,702,5,6410,1048500,8,6,10,4,6,4,4,2,44
YJ40B2K85,とめーる,1EL57CDR0,なんもわからん,1059,13,6411,1048400,7,10,9,10,10,8,10,8,72
Y3AHHLP79,さだはる,HB9AU9DJJ,聖心党,872,2,6412,1048325,8,8,6,5,8,5,6,2,48
4APA2VDGH,みのりん,3BE2RELRC,見晴台,1326,13,6413,1048230,9,9,7,9,6,6,6,2,54
7ZOKQ86NN,健康一番,T8VBF8R47,3501E,1109,1,6414,1048140,7,7,5,6,6,5,8,3,47
W6CE9QPL5,きさらぎ,6JCMUJX7E,同輩,1270,13,6415,1047980,10,10,9,9,7,6,9,3,63
484TF7733,うさちゃん,646YTH7KK,KA,791,0,6416,1047850,7,8,5,5,6,4,5,2,42
VPQYZI3C9,じゅんじゅん,V7768X8AC,せーので！,1252,12,6417,1047380,7,8,5,7,6,7,10,2,52
ACKNN1LA0,西住流,G8EE23LB9,虹ノ空クラブ,1072,5,6418,1047160,7,8,9,3,6,10,9,2,54
S60C8RNFN,きゃろ,K4TAHF9YA,はすっこ準備室,1045,13,6419,1046750,10,10,10,10,8,9,10,7,74
U82VA75OT,iwa,GR65FP8VN,蓮好き,956,10,6420,1046230,10,4,5,9,6,1,5,2,42
I5U84FN1W,さい,PHLRY3XRP,とりあえずやろう,1083,3,6421,1045750,6,8,7,7,6,7,10,3,54
TAA511SXB,カンタ,GWGDMA3YC,初心者無言自由だ,1363,14,6422,1045470,10,10,10,10,10,10,10,10,80
IUORBEZR6,きま,RGR1NVGWH,無言推奨・自由村,1200,5,6423,1044870,10,10,7,8,8,7,8,3,61
61PDRPTPT,シャチ,7RBMBBY88,瑠璃色金魚,522,0,6424,1044660,5,7,10,7,3,1,7,3,43
FG8V9K1DY,あまとう,UYCT3Y4JK,蓮っ子,1063,9,6425,1043600,8,9,8,8,7,5,5,2,52
AKJV4RY4K,こーへー,G0J2F9NAL,さやさやさーくる,1040,9,6425,1043600,8,6,9,10,6,9,6,3,57
EHLVHAFWG,バサラ,CWPWP1266,さすさや,975,2,6427,1043530,9,8,5,9,8,5,8,2,54
C6F5MG9L6,PNI,KC1W74B9B,蓮六園,524,0,6428,1042890,3,7,3,7,1,4,1,1,27
4P6LYWXKG,純穂,73VTANA71,隨緣努力^▽^,614,0,6429,1042880,7,2,5,6,2,1,6,2,31
I3UR5YCCD,リウム,X87KNX4N3,蓮ノ流星群,1262,13,6430,1042500,10,10,7,9,9,8,9,2,64
NXN5DLGR6,はるうさぎ,DXDET4VJ3,ひめっち対よろ！,791,2,6431,1042450,5,1,2,5,2,4,4,2,25
GD3ULY5GX,ますく,5W8RPRVUA,ド！ド！泥！,936,1,6432,1042150,4,1,2,1,2,1,1,2,14
QNELZ88MQ,だい,2L8R7GAV6,大賀美組,987,8,6433,1041980,10,10,10,10,10,6,9,9,74
698AUTX45,こーよて,PWK02KG0F,メメントの森公園,436,0,6434,1041920,5,6,5,4,7,4,2,4,37
TCGR6CA33,ネイト,9UKKACGDU,蓮っ子CLUB,1158,15,6435,1041690,9,7,5,6,3,6,10,3,49
G61B3KJLW,y,W8P5VL7D0,おためし,1034,6,6436,1040980,7,5,5,7,6,6,6,2,44
LY1J400O0,かしゅー,CXG25026E,泥のみんなS,1410,16,6437,1040950,10,10,10,10,10,9,10,7,76
QLW95SOCA,サカス,YTP7JNJKW,ぼっちざらいぶ！,693,0,6438,1040860,5,6,1,1,6,3,5,2,29
XHHGLWFSG,siro,TR057C1UW,蓮ノ空ぼっち部,1228,7,6439,1040780,10,10,6,8,8,6,10,10,68
BU7AACYKY,炊き込みご飯,A7WWE0463,蓮ノ空初心者部,427,0,6440,1040430,6,7,7,6,6,2,5,2,41
RUQ7CS2R1,知的な学院生*゜,35JCHXLTV,yumo,1271,5,6441,1040250,6,7,4,2,2,5,1,2,29
YJ7Y51DBA,めぐ好き,D7UA5ER1E,UR報酬欲しい！,1056,5,6442,1040030,4,4,1,2,7,4,4,2,28
1VV281AK6,aqclk,T045NDKW0,♬さやか愛好会♬,1412,16,6443,1040000,7,6,7,6,6,9,9,6,56
P3LP9OU6G,ケイ,6TEDXJBLX,柳田保育園,1268,16,6444,1039810,9,9,6,10,7,5,8,5,59
0DIYK8RKB,りれ,3HDDYR4FU,旅人,1195,12,6445,1039775,4,9,5,8,7,1,6,2,42
UGKXD8FKW,かいてい,PVEBYCGYV,◎ディヴィナシオ,1232,0,6446,1039770,6,8,6,7,7,5,9,2,50
XDU47T6J1,カステラ,88DJ300PJ,めぐ党 • 永遠,1092,8,6447,1039470,8,2,4,7,6,5,6,2,40
6FWPHRYGK,はとP,LT9K2FP23,慈党リンクラ部,395,2,6448,1039340,5,5,6,3,1,1,1,3,25
3JN7VF6JA,水鳥亜鳥,6DWJ8JMJH,ばっどさーくる,515,0,6449,1039300,8,6,5,6,3,5,5,2,40
YCCFKE43D,こじま,G6EH0KHT7,なんもわからん,969,2,6450,1038825,4,5,3,8,7,2,4,2,35
M69WTK3CJ,Ryu-0824,UBVXEAK38,ブルウモーメント,754,0,6451,1038190,10,10,8,7,6,6,9,2,58
WCNMKV7VG,「きなこもち」,LX25CP0TG,深夜の芋煮処,923,1,6452,1037340,9,8,7,9,7,4,8,2,54
J78UMS50Y,剣士,RGR1NVGWH,無言推奨・自由村,1199,1,6453,1037160,9,10,5,10,7,5,9,2,57
23043GD8P,シリカゲル,UX96YX4T1,『位置について』,1067,13,6454,1036720,9,8,6,7,8,6,8,2,54
ILU42GY1Q,てむ,CXG25026E,泥のみんなS,1601,13,6455,1036490,10,10,10,10,10,10,10,10,80
9XX6PCL89,らの,C9DAJ6YFV,のんびり,507,4,6456,1036260,4,8,6,10,5,1,1,5,40
3BJDLVXTG,Marco918,DFXEH0E0B,香港の初心者♪,644,4,6457,1036200,5,3,4,4,2,1,2,4,25
3VUR455U5,きんつば,TB7GJ57D7,シャイニーフラワ,1049,6,6458,1034360,7,5,4,5,6,5,9,2,43
JL7CVMN16,たどＪ,CXG25026E,泥のみんなS,919,3,6459,1034075,1,5,4,3,3,1,1,2,20
J1G449T97,綾月,KC1W74B9B,蓮六園,543,0,6460,1033600,7,10,5,8,7,7,5,2,51
YV25YFBW0,ゆめ,C3U9M5M0N,マグナムクラブ,1145,9,6461,1032620,9,6,4,10,8,8,7,5,57
3CPP30F9B,ふぉす,WAT20PN3Y,こな党,1309,12,6462,1032000,10,9,9,9,8,9,8,6,68
3EIKPTRAG,シナモンルイボス,865UE9UC6,蓮ノ空うどん部,811,0,6463,1031970,8,8,6,7,2,2,5,2,40
9PT0FABP9,エリンギ,EJY6B26D1,After見たい,615,0,6464,1031800,10,7,10,10,7,8,6,2,60
9Q37SFRUN,しゆん,G8EE23LB9,虹ノ空クラブ,1162,11,6465,1031790,7,6,6,6,6,7,10,6,54
GAD9WNCUB,カゲキ,R5815PD65,アフター見隊,1135,2,6466,1031340,10,10,10,10,9,7,5,2,63
X89P9MXL4,かき氷,FG5VFFNRK,蓮ノ空おじさん,1230,7,6467,1031000,7,8,6,6,8,6,4,4,49
FC08LBH9P,ちよう☆,KC1W74B9B,蓮六園,500,4,6468,1030950,1,4,1,1,5,1,1,2,16
78VMKR3BX,Sicasica,279NUYU7C,れんこん,1158,7,6469,1030620,10,8,7,7,7,5,8,2,54
UBPAKWUR9,蓮の大三角,8YNHW7530,虹ヶ咲、蓮ノ空,953,10,6470,1030610,7,8,9,7,6,5,7,2,51
BG7RRQ5BQ,琢斗,YB3VJBCCH,愛トモの会,1143,15,6471,1028610,10,9,8,10,8,8,10,6,69
GVKNL9AL5,なす,YMKU30246,参加賞がほしい,813,2,6472,1028520,9,8,9,7,7,5,1,2,48
5AR03C7DT,いっちゃん,AR9HR528A,いろいろ実況,1296,9,6473,1028280,10,10,10,10,10,10,10,10,80
S9ZXN4ZPY,さやこ,5YXVKDEKV,サークル(仮),1215,18,6474,1027500,7,5,4,6,6,5,10,2,45
FNVD61YMV,魔夜,BW38LDPRF,蓮浦の星空,916,2,6475,1026750,10,10,10,4,6,6,7,2,55
938AFRUX1,こじゅ,RXXUPMWB9,待機室跡地観測所,1025,15,6476,1026530,9,6,6,9,6,8,6,4,54
T1Z2177LC,タロウ,6E27A15ER,蓮ノ空自由クラブ,1188,19,6477,1026440,5,10,7,10,7,7,10,2,58
X71Y6GTAD,マーライオン,MVYAVX8BK,きらきらきらら,1044,10,6478,1026250,10,10,10,10,7,10,7,10,74
UPFMTOOXE,333,YD2XWWFA4,蓮好き好きクラブ,1451,16,6479,1026020,10,10,9,10,10,10,10,3,72
91ML213D0,比嘉,XURY539UN,筑波大ラ研,958,4,6480,1026010,8,8,3,5,7,4,4,2,41
33KY2CSGV,雁擬,ABU58EVJ2,Quatuor,1287,6,6481,1026000,5,7,7,8,7,7,7,5,53
1X8KCD19M,雪乃は専業主婦勢,B2KV0EVPD,蓮ちゅきクラブ,1219,3,6482,1025810,8,8,6,7,8,7,8,6,58
TAHBAVDDF,あわねこちゃん,8GEP3C6H9,蓮好き好きクラブ,422,0,6483,1025500,8,7,6,7,4,7,7,3,49
KX55PUPWA,なお,JRAC1HYUD,SPHS-MMT,1513,19,6484,1025000,9,10,9,10,10,9,10,10,77
FR05WRMKF,ふも,TCTEAMP9C,虹ちゃん最高！,791,1,6485,1023470,5,10,5,6,5,4,10,2,47
700VC8526,Dakipie,KGDNX3EF3,ENcircle,1032,9,6486,1023400,7,10,7,8,8,7,7,2,56
27WRNTT1B,ya_4792,AVY8PECF0,初心者の集い,413,0,6487,1023330,9,8,7,9,8,6,2,2,51
VRZV7BROS,はる,L1VGJTD5P,蓮ノ空お茶会部,1118,5,6488,1023000,9,8,7,8,7,5,8,2,54
1LM09G6K8,むらぴ,M8UCM16G2,こずえんふぇると,528,2,6489,1022190,9,7,9,10,7,7,4,3,56
M5ULAVEHL,くれは,0YLUK30K6,蓮っコの集い,726,2,6490,1022020,5,6,5,7,7,4,5,2,41
8K0Y5W34P,「斑鳩」,UHF5Y8PEF,さやちゃん倶楽部,1429,5,6491,1021800,2,2,3,9,10,2,2,2,32
BRNHKL2Y7,Shiraki,N83DW3NYG,†極最強倶楽部†,896,4,6492,1021530,9,9,5,7,6,3,5,2,46
UWR7N6DP5,タモ,GVNKNN878,Aqours,824,0,6493,1020840,5,5,7,7,7,6,7,2,46
3W0RKLGFN,かえで,7R8NKPAB1,花帆推し倶楽部,1333,15,6494,1020400,10,6,9,10,9,8,9,4,65
JMDHXL6B4,フミズ,NDJ87RBUC,着せ恋終嘘でしょ,866,0,6495,1020260,8,9,6,5,7,6,9,2,52
920UBPFG2,ぶんと,N6T2MVATD,まったりサークル,1007,6,6496,1020200,9,7,7,9,6,6,9,2,55
049DRK1W0,たまご,R9NGK6L48,のんびりサークル,691,2,6497,1019750,10,9,7,7,8,5,6,2,54
M7WK9JT32,くまさん,8FR866PRY,蓮っ子みらくラブ,1049,3,6498,1019710,5,10,9,10,6,7,8,4,59
NCVAFWM7G,咲花,06DCWC1RE,とりあえず参戦用,1296,15,6499,1018600,8,8,5,7,7,7,8,5,55
N9Y4B15UC,きら,4RNUXBXGL,みらぱ最推し,377,0,6500,1018420,5,4,6,9,4,5,2,3,38
C2W0U7J3Y,パエリアの囁き,6C9R15BLY,スクスタ避難民,715,0,6501,1018400,7,7,8,5,6,7,7,2,49
GHCNX1P04,ナナメ,KXB93FVTR,ブルームガーデン,1065,1,6502,1017500,9,9,7,6,7,7,8,2,55
W4FVHKW62,お砂糖,L3NN1RWMY,アポロベイ海賊団,1062,0,6503,1017000,10,10,7,10,9,8,10,2,66
BM453W9QR,いのり,E6WR9G75P,安養寺姫芽推し会,1039,5,6504,1016990,9,8,10,5,7,10,4,3,56
DVHW3B5VN,がつお,AR9HR528A,いろいろ実況,883,0,6505,1016400,5,7,5,6,8,6,7,2,46
9TZFW4GNN,qasireu,E6LTKUYW4,月火水木金土日,1239,12,6506,1016240,9,10,6,9,7,7,10,3,61
SVRGYMZNG,スラベス,WXKKXU0H0,無名,869,0,6507,1015920,9,9,8,8,4,4,5,2,49
F3CHDJM9B,ナギ,NA8FEYN0M,蓮ノ空飲酒クラブ,521,0,6508,1015670,1,1,1,1,3,2,3,2,14
KYCTFDH4X,ルリィ,AR9HR528A,いろいろ実況,1038,4,6509,1015590,7,8,7,8,8,7,9,3,57
BU5VXMBT8,なずな,19W3J4UMV,蓮ノ空チア部,567,0,6510,1013920,6,5,6,8,3,4,5,1,38
SOX4C4JGJ,丸さんボーロ,UH94B4MTL,電電の遊び場,1078,2,6511,1013175,7,5,4,8,5,7,4,2,42
2B088HVCH,竹本,2DYYAPFVN,蓮っ子村,1042,12,6512,1012800,8,4,1,7,7,5,4,2,38
A9Q9AZ4J1,シズク,J7N4W6Y1K,こずミックラブ♡,1296,8,6513,1012700,2,3,1,2,2,2,1,1,14
9YYPCZOER,まい,7P4CAER9X,まったり倶楽部！,1098,4,6514,1012290,8,7,5,8,7,6,8,2,51
CFB715D6H,ふ,H1XNGBDFT,ちーむUK,886,4,6515,1012225,10,4,3,7,7,7,9,2,49
G2VDUPPNE,しらす,75UJ5RB97,蓮ノ空雪野球部,616,5,6516,1012000,10,10,10,10,5,4,2,3,54
2423LNY1P,野依,BTVC9G95X,FES用,1095,5,6517,1011790,10,10,10,10,10,10,10,10,80
Z4QLPXYDP,Enzal,BELCUYCMH,蓮hkg香港分部,963,14,6518,1010710,6,3,1,1,2,4,1,2,20
II7MPFFZI,ムム,GG56G6WKD,FF43企鵝冰屋,1253,19,6519,1010670,7,7,4,7,6,5,10,3,49
Y4ZL5F743,あかつき,Y2HV0YEF7,蓮ノ空を応援し隊,1326,14,6520,1010325,2,6,4,7,4,2,6,2,33
F8UW1B36D,マーソ,9N4F9P8DU,リンクラ部（仮）,835,2,6521,1010200,10,9,8,7,9,6,9,2,60
6J66E3E08,ミカン,1GJC67JLM,無言の泥,840,5,6522,1009840,7,9,9,7,5,6,8,2,53
P1XY5WCYD,揚げゼンマイ,AH27N260E,百生信託銀行,768,2,6523,1009800,9,8,8,10,8,7,7,2,59
NWY0B069L,Fl0w,97BGFLKW9,◯◯◯,295,2,6524,1009375,5,2,6,6,7,4,2,4,36
LGBNRE1C7,よしのちゃん,0YLUK30K6,蓮っコの集い,457,0,6525,1008670,9,8,4,7,6,10,2,2,48
RMBC7GYX6,キルチ,G6EH0KHT7,なんもわからん,936,4,6526,1008490,7,8,8,9,8,7,8,2,57
6FA3POQG6,キュアガンキン,AND13836G,乙宗梢親衛隊,1279,5,6527,1008350,10,9,8,8,6,5,8,4,58
40FBU455R,かんぴょー,JWKMYEELY,伝統工芸愛好会,904,0,6528,1008000,8,10,4,6,8,9,8,2,55
URL42KCGK,みんくん,PR2BGEK5K,ありがとう大三角,1103,7,6529,1007800,10,7,5,7,8,7,7,10,61
MG8DD5HDV,shizueku,XYRA2MND0,蓮ノ空ゆっくり,742,4,6530,1007750,4,5,10,5,5,8,6,5,48
9V4W9XVU9,都築,YVV9CMBLW,東京公演で沼落ち,1089,9,6531,1007480,5,5,3,5,6,4,7,2,37
PV0JK81GC,うみ,1D7T2UXC2,無言でのんびり,338,0,6532,1007460,8,8,7,10,6,7,3,2,51
C2H8D3M3L,ゆき,BBNEWB1UA,蓮ノ空紅茶部,899,6,6533,1007440,6,8,5,10,6,3,5,2,45
BINLDJS3N,Seasat,73CBYJYB0,"oNM,",1000,0,6534,1007220,8,7,4,5,4,2,8,2,40
V387B9IL5,らっきー,4XVD1CXVM,KIT,1173,8,6535,1007200,7,8,5,4,4,2,8,5,43
P98TR2N96,ブレイブ,UX96YX4T1,『位置について』,1039,3,6536,1007000,1,1,2,10,4,1,1,1,21
G743E516G,八木大輝,6UAFKBRPN,リンクラ初心者部,1115,15,6537,1006960,10,8,9,10,9,8,10,6,70
CQSVGRM58,かいん,3BE2RELRC,見晴台,1567,0,6538,1006420,10,10,10,10,10,10,10,10,80
ND9Q0ELTO,あずこと,WBCN61N99,SRK組,887,1,6539,1006250,7,9,7,6,5,4,9,2,49
FT9V085DE,かとぺ,BT3GEWM5L,ささやか村の集い,1238,4,6540,1005930,8,9,4,6,6,6,9,2,50
WE99NUNL9,ぜろしゃな,85G1K4U8U,ゴーイングメリー,987,3,6541,1005530,10,10,10,8,8,10,10,8,74
5879K671M,ゆゆ,BKUHCT7WF,蓮女お嬢様部,1063,2,6542,1005400,7,9,8,8,7,6,6,3,54
WKP26P630,こよ,N6TVG18P8,すきすきクラブ,469,0,6543,1005340,7,10,3,10,3,4,4,2,43
5WKF4T5FF,おつぴ,V7768X8AC,せーので！,975,6,6544,1005100,3,7,2,10,6,8,2,2,40
REP64EK0T,クリステル滝川,PUJ0ERCMW,蓮ノ空倶楽部,418,0,6545,1004500,4,4,4,9,4,4,4,2,35
GXRFED5LC,珈琲,1GJC67JLM,無言の泥,954,9,6546,1003820,2,10,10,10,7,5,6,2,52
T6FERC8JF,猫山,HKETDDCK6,ぼっちざ蓮!!,1013,9,6547,1003680,10,10,10,8,9,7,8,3,65
I63PBPCMM,ざわけー,8R49BTWW6,蓮女お嬢様クラブ,1213,10,6548,1003600,7,8,5,5,6,5,8,2,46
XEL829C1D,リヴァプール,UHF5Y8PEF,さやちゃん倶楽部,499,0,6549,1003530,7,5,6,7,6,1,1,2,35
LPTKPXMEN,ココアれお,N7GLY2RUW,百生銀行,1087,5,6550,1002600,7,7,6,6,9,1,8,2,46
4TQFVZC95,ほげ,CM5THHYHB,「」ノ空だけれど,1208,2,6551,1002520,4,9,4,2,2,5,1,2,29
262YFT93R,VIPER,KBJ2P8T0Y,人見知りの集い,1079,3,6552,1002400,8,9,6,9,10,5,9,3,59
DTWBUTN0P,毛糸,JBWTMUYAW,梢好き好きクラブ,526,0,6553,1002250,8,9,8,7,6,4,7,3,52
BB4E7QNG5,近眼ダーツ,28XJ8NK4L,蓮ノ空まったり部,948,0,6554,1002220,3,1,5,3,2,1,1,2,18
D57JOSBEM,にゃぁにゃぁにゃ,HG65KRMGW,花咲か花帆さん＊,1041,2,6555,1002120,9,7,5,8,6,7,9,1,52
3MH65KA10,たまゆら,26JDLMBLN,徒町は強く生きる,536,0,6556,1001210,8,10,7,6,10,8,1,2,52
R9DWJVVH7,ミカヤ,N83DW3NYG,†極最強倶楽部†,834,2,6557,1001170,9,10,7,7,7,7,6,2,55
ZAS5BX8K6,ヨキソバ,8MDA3A0AK,イベント用,796,2,6558,1000940,10,9,9,4,6,1,7,4,50
QSD6EDSOZ,緑グミ,7XH3K4GBT,LLP,1355,13,6559,1000800,10,10,8,8,7,7,6,2,58
WXT7LUNCD,シンシン,HKETDDCK6,ぼっちざ蓮!!,985,9,6560,1000720,7,8,7,9,8,5,9,3,56
2FWIED89S,ラフライフ！,FTF09PHBU,だっぷとサークル,1178,0,6561,1000680,10,9,8,9,8,8,8,7,67
0TLDUDJ0J,すとーん,25PMPEMG7,星見プロ,1514,12,6562,1000440,8,8,3,9,2,5,6,3,44
W3BUK3167,QB666,646YTH7KK,KA,789,0,6563,999740,8,8,5,7,6,5,5,2,46
5H1L5HMYK,こぬ,0YLUK30K6,蓮っコの集い,1016,5,6564,999630,9,8,7,9,5,7,5,2,52
G0QT9LBIN,あか,G0J2F9NAL,さやさやさーくる,1094,0,6565,998790,6,7,5,7,6,4,7,2,44
YG0YPMRAW,ホリ,K25DPPGT9,圧倒的にまったり,1235,3,6566,998750,7,6,4,6,6,4,9,2,44
NG3FHFK33,Maru,PUJ0ERCMW,蓮ノ空倶楽部,561,2,6567,998450,10,1,7,3,5,1,1,2,30
857C06H6U,ポテト06,BTVC9G95X,FES用,638,0,6568,998010,8,5,10,1,5,6,2,2,39
VCUDEHF8R,ふきお,8MTLYLH9F,木星月華黄金宮,310,0,6569,997975,9,10,9,9,10,9,9,9,74
5VXRAOUAD,かにかま,TK9E1BB1P,無言で自由,799,3,6570,997940,10,5,5,5,9,4,5,2,45
WNTKTE12A,ヨコ,AC94W0LN2,無言で自由に,1021,6,6571,997620,7,5,4,7,7,8,7,2,47
OBCAGAJ7Z,てつじんFX,0JY7F3EKU,さやか愛でる会,1029,2,6572,996450,7,5,4,8,4,6,9,2,45
ECZZVWEPW,AKY,W3F0URUJC,梢先輩応援団,1106,2,6573,996280,6,8,4,5,6,7,7,2,45
BCNFX00D0,そよ,865UE9UC6,蓮ノ空うどん部,1037,4,6574,996050,6,10,7,7,6,5,6,2,49
17J2HX6A3,のんのん,L3NN1RWMY,アポロベイ海賊団,1017,11,6575,996000,10,10,8,9,10,8,7,4,66
3A57DF2TW,あるみふ,EU7JEAJL2,シャウトラバーズ,1126,2,6576,995040,7,7,9,9,6,7,9,2,56
1LGB2GBN1,フジ鳥の騎士団,MVMP6NNXD,空き時間らくがき,901,6,6577,994860,8,3,1,10,5,1,2,1,31
18LH5JL0F,まき,JWUL2T36L,チーム初心者,655,3,6578,994650,4,4,6,5,4,1,2,2,28
N19LG1Y32,羊,NJBBTCY3A,かにかに！,773,2,6579,994590,1,1,1,1,2,1,1,2,10
KB8UJ667N,ホワイトおでん,X7YM9EG8K,伝統の石川地酒,395,0,6580,994500,8,9,8,8,8,7,7,2,57
OZG37QJ6D,モスP,EWM0GK62C,誰でもどうぞ,1126,0,6581,994280,7,5,5,1,6,5,5,3,37
2KYKLUHN7,ひろきち,LJNCAEVAP,蓮ノ空さやか研,601,2,6582,994100,10,10,10,10,7,10,4,7,68
7R1RLWKBW,おいかぜ,WWWUTP96L,異次元からキマシ,1103,12,6583,994000,7,8,6,10,8,8,8,4,59
NCNC0F6T5,あ,2AUM7L9BW,蓮初心者クラブ,848,0,6584,993540,8,7,4,8,6,5,8,2,48
U7CH2N3L3,キョン,03UX84WLY,こやんいくらぶ,1313,16,6585,993390,10,10,10,10,10,10,10,10,80
ETR8EC497,nagcgy,AWFDLJ1HC,小蓮花（重生版x,930,4,6586,993190,3,2,1,2,2,1,1,2,14
XVCXAWQ2B,スガポンド,3JDDUYURT,無言,1195,19,6587,992460,9,7,7,9,10,10,7,3,62
YSEXFDK4F,シロップ,2L8R7GAV6,大賀美組,1062,1,6588,992200,6,7,5,6,5,5,7,2,43
8J67T8FM0,トワイライト,5YEE75CB4,ロビーで待ってる,954,3,6589,992110,4,3,2,6,2,1,3,2,23
4KD8TL9XR,Seん,EHGD5JJK1,限界夜行,955,5,6590,991990,8,8,10,10,8,9,7,3,63
OLDO1U5RH,さく,07JW71HWG,良いチケで観よう,1441,7,6591,991840,8,8,8,7,8,8,8,2,57
GU83BC4PM,るなてぃっく,998H940YN,お嬢様筋トレ部,1127,11,6592,991500,10,10,8,10,10,7,10,5,70
7TM99X83D,カッシー,1EL57CDR0,なんもわからん,452,0,6593,991470,4,6,6,5,3,5,4,2,35
6K3KUG7CG,iroha,K69M1X95F,アイリス,961,6,6594,991330,8,8,4,6,7,4,9,2,48
TPEKMFBTH,璃緒,6WJW7R1TD,さやこずノ休日,352,0,6595,991100,10,10,8,8,6,3,3,3,51
IPE43Q5EB,今天也要努力起床,X19MP0NTT,蓮之空河豚养殖場,1101,12,6596,990680,7,9,9,7,6,6,9,2,55
M2CUYK3JA,けいと,YVV9CMBLW,東京公演で沼落ち,1004,3,6597,989960,10,9,10,10,7,6,8,3,63
K6DCRC3JY,リ　ン　ク　ラ,GGCKK69C9,リ　ン　ク　ラ,1208,15,6598,989900,10,10,10,7,10,6,9,7,69
9UJS1KC8H,れ,BPHHYC793,ソロ専の集い,778,2,6599,989425,8,10,5,5,6,6,6,2,48
08D762M0E,凛香,GN1798YEX,ド!ド!同好会,1297,18,6600,988790,9,9,8,8,8,7,9,7,65
LKE2RRAB1,なん,M4YY7PV0G,ブルーロータス,796,0,6601,988750,10,9,7,9,9,7,5,5,61
B7LX9EB8X,わすずめ,3NANDJVEF,ROM,932,0,6602,988680,1,3,1,2,2,1,1,2,13
2Y999264G,RRR2,GYJ3C6TKR,綴理先輩好き好き,519,0,6603,988300,7,8,3,6,2,4,7,2,39
PAEP5848G,ベル,HWXEVBW48,ミッション参加用,725,4,6604,987810,10,9,7,10,7,6,8,6,63
3V0KBGJ4J,KISA,T2G89JA59,なんとかなる！,738,0,6605,987780,8,8,8,7,4,7,5,2,49
BP8NFEV7P,Zhika,TFGKYEY98,LLP JR,826,6,6606,987740,6,6,7,9,8,8,2,2,48
CE0MC2FMY,あしゅれい,948FLPMPN,まったりハス煮〜,579,2,6607,987530,6,8,5,6,10,7,5,5,52
6G5N2NXYB,Hiro,RWG56GK19,e+本社ヲ爆破ス,1187,19,6608,987250,9,8,10,10,7,6,9,8,67
WZSHUJ0OX,ヨーカン！,43HRXMXWA,無言OKクラブ,1364,13,6609,986990,9,8,8,7,8,7,6,2,55
1O38MGEM7,けんし,9DKR4Y2CJ,蓮ノ空老人会,1061,12,6610,986840,8,10,9,5,8,4,9,2,55
4AMD348H5,EdelNote,FVJFA973A,月猫愛好会,312,0,6611,986450,1,4,5,3,7,5,9,3,37
KDWT0HYBE,ゆろみ,P2J37FNLG,乙宗先生指導会,807,1,6612,986100,8,8,8,7,7,6,5,2,51
7U8JXAW1J,饶舒铭,TK9E1BB1P,無言で自由,802,0,6613,986070,10,9,7,8,9,8,6,2,59
3W2AE19BH,アイノ,DALU6BL7L,東方星蓮船,198,0,6614,985330,10,10,10,10,10,10,6,7,73
7Q5TSSF44,アンノウン,WKG02VMU6,先輩で遊ぶ2年生,1195,4,6615,985250,10,8,6,8,8,5,8,2,55
OWBMIIVHR,おとえ,NB0HX9KP8,かほてぃあん,1317,19,6616,985100,10,9,7,7,6,6,10,10,65
ESI0EDOE0,てぃけ,W3F0URUJC,梢先輩応援団,1176,7,6617,985050,9,8,7,8,7,5,8,2,54
1NQKAKGPH,さおり,1F5EPPMLD,UR貰えればいい,1190,2,6618,984940,6,4,5,7,8,4,9,3,46
IXR1MFLQJ,nac,Y2P9LABR2,スクステ同好会③,1263,7,6619,984820,6,6,2,4,4,5,5,2,34
P0R9GI425,しー,31A7JKC69,蓮好きの巣窟,1287,3,6620,984750,7,9,6,5,6,4,9,2,48
LWRG7TEM3,嘘っち,25PMPEMG7,星見プロ,1636,6,6621,984710,10,10,10,10,10,10,10,10,80
K2JR8VT16,rein,NX9KJK529,虹ヶ咲学園,300,2,6622,984100,5,5,6,1,3,4,1,2,27
Q9JF8M10P,オガ,J4KPR8GX0,関西ラ研,1254,2,6623,983750,7,7,7,6,7,5,10,6,55
S08MJ23BF,ねお,8MDA3A0AK,イベント用,518,2,6624,983740,8,10,8,6,2,3,4,3,44
G25EXFDYH,いかずちさんだー,25PMPEMG7,星見プロ,1434,15,6625,983725,1,7,5,7,7,1,1,2,31
9RD1M0J9X,ことね,546E85JGG,月猫ぱーく！！！,958,9,6626,982620,9,5,4,7,5,5,4,2,41
44WBHKLAF,bl,1F5EPPMLD,UR貰えればいい,534,0,6627,982420,10,10,10,9,7,5,5,2,58
FWGRV6R07,檸檬氣泡,BWD9U1EJ2,蓮之空中国同好会,963,13,6628,982270,7,6,4,10,8,6,5,3,49
CRBY4XCB9,すべゆるお,VW65MCVF8,スリスリーズ,1656,17,6629,982090,10,10,10,8,7,4,9,10,68
1126N34B7,ヴぁい吉,5VBB4F8N2,灰色ペンギン,1029,2,6630,981350,8,8,7,8,6,6,8,2,53
G1IFUEBDN,ゆーりんち,PLBBEX019,待機室目指し隊,962,3,6631,980500,6,7,8,8,9,5,9,2,54
NX3WTETRA,サンクチュアリー,8FXXHE22A,蓮ノ空,1072,8,6632,980400,10,10,10,10,10,10,10,10,80
IC1V0D9ZZ,じーく,EPWMMAXNY,蓮ちゃん初心者,1204,9,6633,980360,8,8,7,9,6,5,8,3,54
LTH7G555H,ショウ熊,VNEJ2RNW0,まったりんくら,1246,19,6634,980250,10,10,10,10,10,10,10,10,80
1CGRCP479,fgf,2UKNVBMBU,梢ちゃん同好会,307,0,6635,980220,4,3,1,1,2,1,1,3,16
JDPA3CHK7,ジュン,8M6UDX260,ぽけもん好き,1240,19,6636,980100,10,8,6,8,6,1,9,3,51
RCAHAWB49,mk25,PHLRY3XRP,とりあえずやろう,1201,3,6637,979980,10,8,8,8,8,5,8,6,61
YHWJGAUYK,ponpon,4LU50R56J,誰でもOK,529,0,6638,979310,9,10,10,8,8,7,8,5,65
OELGRFDKD,ゆきのり,R7VEXFUBP,蓮ノ空応援クラブ,947,1,6639,977150,5,1,2,2,2,1,10,3,26
EX52CJPA2,スギ,RM7N1JDB5,無言推奨不干渉会,968,2,6640,976490,8,8,5,8,9,7,8,3,56
YCBF4FJU9,in章鱼,J800VVPTN,Aqours,1129,8,6641,976430,8,8,7,7,8,7,8,2,55
MMHKRBMHA,Tadumman,H6CCL64P9,NATTO,1001,5,6642,975620,10,7,5,5,6,5,4,2,44
UEHS8GPM9,フブ,MVRFVTGU6,無言&出入り自由,896,2,6643,975370,7,8,4,8,7,4,9,2,49
PTCGMG2VB,かるた,YADX9DY49,ﾊｽﾉｿﾗｰ,1025,1,6644,975320,7,7,1,4,6,5,7,2,39
4KCU1WKR0,秋人,VAR94KPUT,日進月歩,1217,9,6645,975250,9,9,6,10,7,7,8,3,59
HZ96YEB4U,ヤマ,M08GKL70U,ららマジ難民の会,635,0,6646,974910,8,6,4,4,6,4,1,2,35
WP3B2K34V,葵,FMKP92LRL,目が霞む人達,1015,4,6647,974720,1,1,5,5,6,1,5,2,26
6PN684N6E,椿姫,3YWMY4JVN,82プロ,1231,16,6648,974370,10,7,5,7,7,7,9,3,55
QS8L0QE5K,まさにゃん,54UAWUBHN,リンクラスキ♡,1305,10,6649,974120,8,5,1,1,4,5,1,3,28
PVJN7NN3E,106[敦],58EPXVKXX,金沢総合車両所,1105,9,6650,974070,8,7,6,8,7,6,6,2,50
9XWLXXP8L,E.V.,TK9E1BB1P,無言で自由,803,7,6651,973500,7,8,7,7,6,5,7,3,50
09JZ013FL,bassie,31A7JKC69,蓮好きの巣窟,1245,5,6652,973320,9,10,8,9,8,9,10,7,70
FAYFKXJD0,テツヤ,BKUHCT7WF,蓮女お嬢様部,1344,4,6653,973090,10,7,8,8,8,8,9,2,60
R18ES5Q3C,nova,EECF9C0N3,蓮ノ空　茨城分校,1165,15,6654,973000,10,10,9,10,9,9,9,7,73
ZOKO09OOJ,朱夏holic,AH27N260E,百生信託銀行,813,4,6655,972760,8,5,6,5,7,5,8,2,46
HW6FCXDYM,(・8・),57UT319NN,蓮ノ空同好会,855,2,6656,972060,7,7,7,7,6,5,1,2,42
36KLKR2TG,ZERO,UXWL7V4CE,蓮ノ空女学院,1170,12,6657,971270,6,5,1,3,6,6,6,2,35
AIJVRJJVC,かつおぶc,UELCE9T8P,テキトー,1159,10,6658,971020,9,8,6,8,8,8,4,3,54
WTWXCYGKM,ガチとまと,FG4170141,♪さやか愛好会♪,673,0,6659,971000,10,5,5,4,4,2,6,4,40
OJDCKN78S,とぶぱな,LHU88R0LV,リンクラまったり,1174,15,6660,970750,10,10,6,8,10,6,8,4,62
EUC6EYVNP,ピピピーター,BELCUYCMH,蓮hkg香港分部,1133,4,6661,970700,10,9,7,8,8,6,10,5,63
YGNUV1PJ2,sea,9WE3M7BTP,クラウド,975,3,6662,970370,7,7,2,6,6,6,10,3,47
2CJ3XACLG,ちょみる,N752V1LD6,思想の溜まり場,693,2,6663,970000,8,1,10,10,7,8,1,2,47
85VA1VR6D,みらぱ推し,DFXN9DB2H,どんぐり共和国,878,4,6664,969950,4,1,5,2,5,1,4,3,25
3VSG0CBK9,KIRA,2BB5YVRFL,蓮好き好きクラブ,1061,5,6665,969850,4,6,1,8,7,5,8,2,41
UKTNTYMFX,うさくま,1618JMRED,リンクラ自習室,1002,1,6666,969490,7,8,8,9,6,5,9,3,55
X02CAVAJH,ムカイ・リー,6C9R15BLY,スクスタ避難民,756,0,6667,969400,6,8,7,7,6,7,7,2,50
THKMJRHZF,_,7NXXLG4W1,ソロ参加賞目的,1302,16,6668,969310,10,10,10,10,7,10,10,10,77
JGON0RPJ1,くるりん,HH93ADAW3,無言自由。,1358,5,6669,968750,8,9,8,10,7,6,10,2,60
AWH05T6NH,ダン,3LUL3WR8Y,零組,974,5,6670,968500,6,8,1,9,6,4,7,2,43
MHVY39NK2,朝霧かえで,WNA5GTJPP,蓮ノ空百合クラブ,1258,0,6671,968130,9,10,9,10,9,7,10,5,69
MVNAYA068,sada,G6EH0KHT7,なんもわからん,927,0,6672,968120,9,8,4,6,6,6,4,1,44
2X30O0GNF,As,LUDNM40F8,ふくふく無言OK,1611,20,6673,967990,10,10,10,10,10,9,10,9,78
F38URJUEF,ハヤ,60KU468X3,はっすーず,899,2,6674,967100,9,6,5,6,4,5,4,2,41
1Q95ZKVW1,SYSK,K3R1XY8UT,自由,744,2,6675,967050,2,10,3,3,2,2,1,2,25
L4X1J7DR2,抹茶みんと,0UTVRAKFL,平穏無言,318,0,6676,966810,10,10,8,8,8,7,10,6,67
666921WMW,零一風儀,BELCUYCMH,蓮hkg香港分部,1182,6,6677,966625,8,6,1,7,6,6,10,2,46
TPGLDH4C3,べいそん,AE3L01V24,LOVE蓮ノ空,1073,2,6678,965100,9,9,8,8,7,8,9,4,62
MNHCU6C6Y,まぇだ,K25DPPGT9,圧倒的にまったり,1204,14,6679,964980,5,7,10,8,5,8,8,10,61
6HRAXRKMX,サスケ,A9MA307FX,楽しいが一番,1360,6,6680,964920,9,8,7,7,8,7,10,5,61
UR7GY0T8H,ジャコブユー,Y3A3M2Y4N,サンクルミエール,1163,17,6681,964900,10,10,10,10,6,9,5,2,62
RPC66K6GN,ふむ,AVX749PPB,姫芽ちゃん親衛隊,189,0,6682,964720,7,6,5,8,5,2,2,2,37
80D5DWECJ,いっきち,UMG1B9C7V,蓮ノ空女学院,1430,19,6683,964510,10,10,9,9,8,8,10,9,73
858VFPHL6,キラ,J8HXTJ8TB,流し素麺同好会,1654,10,6684,963820,10,10,10,10,10,10,10,10,80
95FNVQ2QO,ゆえよな,M851LEV3N,なっす父兄,1271,19,6685,963370,8,10,8,9,7,7,10,2,61
G2K1OHMFD,夜船　北窓,9EYH317R8,イカトンブライ部,1205,7,6686,963190,10,9,8,10,7,5,10,7,66
RFWRV5KP2,yuki324,X7C21B7H7,泥,572,2,6687,962210,9,5,8,6,8,8,1,2,47
LNG7XLHHE,香凪(かなぎ),TN2M8YT07,まかないしお,1231,15,6688,962020,9,8,9,9,6,10,10,4,65
MHF0UL40G,けんおう,8GAY2WBT6,(・8・),1388,6,6689,961970,8,10,8,7,10,7,10,9,69
N0GZ6T2T2,じぇいそん,EEP20F2M8,綴理の綴り,1212,6,6690,961750,8,8,7,9,6,6,8,2,54
NH5L8MJ7E,たけし,NP62BXJA6,棄民の王,988,2,6691,961500,8,9,10,8,6,8,9,3,61
8F2BM2N1N,ユウ,H837E0M9R,沙知先輩大好き部,1123,15,6692,961030,8,8,7,10,10,6,10,3,62
F905EDYBK,ハチゴ,9RYR14H9L,ソロマターリ,954,0,6693,960590,8,8,8,9,9,7,9,2,60
JK4UG7F9F,もっちゃん,KC1W74B9B,蓮六園,925,3,6694,960580,7,7,6,9,7,5,8,2,51
SHADU0SCN,りんりん,V8XX999F6,卍蓮村幼稚園卍,904,2,6695,960450,8,6,5,3,7,3,6,2,40
1D9N2DHWT,おぐり,PY4Y88935,平日忙しい人たち,1337,9,6696,960220,9,8,8,9,8,8,10,5,65
AJEC3YTCF,かくねこ,EPWMMAXNY,蓮ちゃん初心者,1094,12,6697,959590,10,9,7,10,10,9,9,2,66
01LJCOCMM,田中マリア,DE09E45EE,田中団,1167,0,6697,959590,4,7,4,6,6,6,1,3,37
GFRKGRKGE,でゅーん,9C0KWR782,まったリンクラ,916,6,6699,959520,9,7,7,8,5,7,4,4,51
N64GB89BA,スティーブ,GN1798YEX,ド!ド!同好会,603,2,6700,959410,10,1,5,5,6,4,2,2,35
AX33H378G,未来の敗北者,T045NDKW0,♬さやか愛好会♬,908,4,6701,958960,9,7,6,7,7,6,5,2,49
4QLYMF6KG,しろ,5NPVVUGH7,蓮すきすきクラブ,1264,3,6702,958690,9,7,8,8,7,6,9,2,56
8U1X6X2NK,や,AHE0E3JND,ありがと！にひっ,211,0,6703,958550,10,10,10,10,6,9,5,3,63
21LY4IJ5M,ゆい,8BAYBXUXC,スリブ大好き♪,1267,15,6704,958060,10,10,8,10,7,9,8,3,65
Y1YH9W3N3,まとぅ,G59NGM0XA,シュリーレン,1177,8,6705,958000,8,4,6,10,7,7,8,3,53
CR1EPTWTN,こうちゃん,G0WRCNRWK,県立沢庵図書館,517,2,6706,957790,7,7,8,3,5,5,2,4,41
6M4GJJIWC,つみ,VXDPPJJL1,蓮ノ空リボ課金部,996,2,6707,957340,8,8,6,7,6,7,7,2,51
PX1DWEERM,KH,YDYH4VRRP,レンクウ,1085,2,6708,957160,4,6,7,5,8,7,7,2,46
CS3C6O53Z,かつのぶ,5V9TDD4NF,みんはや蓮ノ空部,1185,10,6709,956800,5,7,4,8,2,4,10,2,42
01L36LTSN,皆城舞花,5EEXYEYH7,蓮ノ空計画,1081,2,6710,956260,10,6,7,8,4,7,10,2,54
ANH1X045C,ichi511,1AK9VTG3W,ドルケスキスキ部,559,0,6711,955990,1,2,4,5,4,1,2,2,21
OJCQBNJBV,ポコえもん,C0NDBKMRB,すりぃずぶぅ家,1005,2,6712,955630,10,10,10,10,9,10,10,8,77
5B1NJAW9X,シベリアン蓮好,T56X6LP0L,光の海,1062,0,6713,955500,7,7,6,7,8,7,8,3,53
FW08PD83P,なお月,HX2TUDRA9,蓮のブーケ,1307,2,6714,955270,9,8,7,8,7,7,8,3,57
TNXCXYBBQ,こにさん,GR65FP8VN,蓮好き,1000,12,6715,955160,8,7,7,8,7,6,4,2,49
40TOQV5U0,春乃はじめ,KC1W74B9B,蓮六園,1204,0,6716,955090,9,9,8,8,9,7,10,6,66
ELYSMSSX8,いろは,KBJ2P8T0Y,人見知りの集い,1369,4,6717,955000,10,10,8,10,8,7,10,9,72
PK4P633DA,「うみねこ」,LX25CP0TG,深夜の芋煮処,805,1,6718,954640,10,10,8,9,6,7,6,2,58
9PF2CD2KM,tama8101,XTMGPY62U,スクステ初心者,1078,19,6718,954640,10,7,9,10,9,8,10,7,70
YF8GLBBWV,betaYN,LLDLG20UU,UR取り隊,981,6,6720,954460,4,7,3,8,8,1,7,2,40
6XFSFWOG6,さく,6UAFKBRPN,リンクラ初心者部,621,0,6721,954280,8,10,4,4,5,6,3,2,42
N4EPOFLYC,ike,G8F0M2PH2,アフターウォール,1286,9,6722,953750,9,9,8,7,7,7,8,2,57
RG2BLM8MV,わーおいー,WUK7VF22K,はすのとなり,718,3,6723,953740,2,9,1,9,2,1,2,2,28
XBEHLLH7T,TOMOKI,LUDNM40F8,ふくふく無言OK,806,4,6724,953110,9,2,10,10,5,10,6,7,59
WHE94E3R1,朝倉恭一,V26546K3D,乙宗気合筋肉,1106,13,6725,953000,7,4,3,5,2,5,4,2,32
E389HHET6,アズサ,FVJFA973A,月猫愛好会,455,0,6726,952930,10,9,8,7,6,4,7,2,53
IYID64GHS,manggae,FHN78V2DJ,無言でどうぞ,285,0,6727,952850,8,10,7,7,7,8,6,6,59
6BFCN4G1W,鮭,N6TVG18P8,すきすきクラブ,277,0,6728,952840,9,7,4,10,6,5,7,4,52
LJ6GJ20D3,頭から出血,AHE0E3JND,ありがと！にひっ,443,0,6729,952250,9,10,4,7,5,5,6,2,48
GAAHV94CA,ぶらっくさん,PRY4573W6,報酬用,1012,5,6730,951750,7,5,7,5,5,4,5,2,40
IN5GCNNWW,かえで,VNGFF4PY9,ねずみね！,1079,4,6731,951580,9,4,4,10,7,5,7,2,48
RG7MB8BAD,ショコラ,3EJX5WB1A,金沢綴理門,1235,6,6732,951510,7,8,7,7,7,8,9,2,55
1A0NKC4CB,Graphite,VPYHCBY6H,DJかちまち,1177,19,6733,951490,8,8,8,8,8,10,10,6,66
EMRX0UNKU,ＮＯＥ,X33HHA9F8,アルストロメリア,961,0,6734,951425,4,4,6,3,2,1,1,2,23
4CLUK7BRJ,てふぅ,KB51KEGNM,アフター視聴,1167,15,6735,951000,6,8,10,10,9,3,10,5,61
7EY21NHBD,にゃんさん,YNR28303K,りんくらぶ,1125,0,6736,950770,9,5,4,3,2,1,1,1,26
2T7FSCBP6,はると,ELTW62751,安全バーは君の腕,856,4,6737,950500,9,9,10,8,8,7,8,3,62
M2NYRU684,syo,V8XX999F6,卍蓮村幼稚園卍,417,0,6738,950320,10,10,9,9,8,8,9,2,65
E0ME4F1YD,めで,NK05UMLWW,かけ込み寺クラブ,1089,10,6739,950250,10,10,10,10,10,10,10,6,76
6WEADA8RK,ガリオー,17LJ910A0,蓮ノ空緩々交流会,1229,18,6739,950250,8,9,8,8,8,7,10,3,61
LBRD5WUTV,ろずがど,2HEFYHN82,異次元フェスから,1014,3,6741,949960,8,4,8,9,8,7,5,2,51
89RH4G5PY,KC,ANCNM0UPK,スクスタ適当部,1428,12,6742,949780,7,7,7,7,7,7,10,2,54
HKTN4ENR4,れな子,RXXUPMWB9,待機室跡地観測所,574,4,6743,949658,5,5,3,4,5,7,2,3,34
5BFNJAY4B,ケイゴ,9D722M8KC,蓮ノ空同好会,1053,4,6744,949000,9,8,6,8,6,4,10,2,53
X6CM69FAJ,428,KJU0BU77M,無言交流なし,1428,2,6745,948670,10,10,10,10,10,10,10,10,80
FQTJHP5MF,カワウソウサギ,CXG25026E,泥のみんなS,1212,4,6746,948250,7,9,4,6,8,4,9,2,49
6O0VDC9AU,三毛猫,NT82L1V35,好き好きクラブ,1055,8,6747,948240,9,10,6,4,5,7,4,2,47
RXA9AHBR3,Phakchi,P09JJKN9R,蓮ノ平日,703,7,6748,948200,4,1,1,4,4,1,2,2,19
8U3VGV7LK,Kungfuの王,DUK0X7DB1,中国愛蓮同好会,954,6,6749,948000,10,10,10,10,10,10,10,10,80
L0BH47W87,歌詠少女,LLDLG20UU,UR取り隊,525,0,6750,947948,5,5,4,3,3,1,1,2,24
DENK5IZRZ,Dyrea,PDMPF3VVV,r/LL,1278,6,6751,947890,6,2,4,6,6,5,5,2,36
XRWXNXGBX,Takuto,KGDNX3EF3,ENcircle,970,11,6752,947620,8,8,1,5,5,1,7,2,37
REXJ7TNLV,え,BW38LDPRF,蓮浦の星空,514,4,6752,947620,4,4,2,7,4,2,1,2,26
NA8B7TY3R,ユウ,976BY5JWK,ハルカカナタ,939,8,6754,947500,10,10,10,10,10,10,10,9,79
AYUBPTU9E,アルベイソ,4LLW1RBP6,こずめぐ党,792,0,6755,947440,7,7,6,6,5,4,7,2,44
91HY4FXBS,ももこ。,CY3GGDH7H,㍿キモ・オタク,1401,15,6755,947440,8,8,4,4,4,7,7,2,44
W607WKEP5,わかば,BXGNMY466,ライグラ用,358,0,6757,947435,10,10,10,9,9,9,10,9,76
TCKBB4ZEU,4rebeit0,0B8RTHY4D,のんびり屋さん,1022,0,6757,947435,6,7,6,5,4,5,7,2,42
LHTO8TRND,IcⅡ^.-^Ⅱ,ETJJW4JHV,覇王樹LL同好会,1165,5,6759,947360,8,8,7,8,7,7,8,4,57
4L1M04G7P,ユウ,JRAC1HYUD,SPHS-MMT,286,0,6760,946810,9,6,5,6,6,5,7,2,46
6PFP8556Q,ヤナギク,TM19BMU7C,ソロプレイヤーズ,1152,18,6761,946360,9,7,4,7,7,4,9,3,50
CA3PEGT3B,きいす,TK9E1BB1P,無言で自由,1072,9,6762,946040,8,8,4,10,9,7,7,2,55
6RT1M2G24,蓮ノ図書委員,K7LC46V5M,Link！ラ部,847,1,6763,945910,8,10,5,7,7,5,8,2,52
6VCUX9H4C,mile,427WENUC4,心の癒し～蓮ノ空,225,0,6764,945820,10,10,10,8,8,8,8,5,67
K32KRCHPP,❀近江彼方❀,75UJ5RB97,蓮ノ空雪野球部,267,0,6765,945730,2,1,2,2,2,5,4,2,20
LWKC403V7,1OOOK,EYEPHE14G,花上梢頭,945,0,6766,945680,10,7,6,7,6,4,7,2,49
DKEN0UF73,ゆうちゃん,BELCUYCMH,蓮hkg香港分部,607,0,6767,945190,10,6,8,9,5,6,7,2,53
U8YXU1U9X,高咲侑,JRAC1HYUD,SPHS-MMT,1179,14,6768,945100,10,10,9,10,9,9,9,8,74
50G4MLG6E,がっくん,TCTEAMP9C,虹ちゃん最高！,1165,9,6769,945050,9,9,6,8,7,7,8,4,58
1RDA5EXS4,なか,3FF3NB77X,せーはす愛好会,1055,2,6770,944920,10,10,8,10,7,7,8,2,62
X7DBAFS6A,ふろやん,1UBNNHVLG,蓮箱推し（仮）,1336,5,6771,944750,7,9,6,7,7,7,9,2,54
7WC7GFGP4,きた,7U20138DB,LGP,1322,10,6772,944740,10,8,9,9,9,8,8,4,65
QPUANWXUU,矢守留木菜,E8K438RP1,リンクラ初心者部,652,4,6773,944680,4,5,4,1,2,1,1,2,20
2FNQAUX28,NegiLive,BT22M41DV,梢花帆吟子同好会,850,3,6774,944500,1,8,7,9,3,4,8,2,42
CN980053F,まんまる雄山,C021HVB2B,第3芸能科,650,6,6775,944470,9,8,8,4,6,4,4,2,45
EMPEHRE0B,チャッキーにょ,BWD9U1EJ2,蓮之空中国同好会,969,15,6776,944380,8,8,4,7,10,6,6,4,53
RYEWALNJU,そーら,XXVVJY6FE,はぴぱれ,1016,9,6777,944110,10,10,8,9,7,8,9,5,66
DT60CE29H,すくるど,3RH5MYBXV,こずめぐ党,475,2,6778,944020,2,7,6,7,4,4,1,2,33
GJ02FWXCW,タイショウ,HMBW9DXY2,蓮好き皆あつまれ,596,0,6779,943750,3,5,4,2,4,2,1,2,23
HRGJF42TE,yukino,75UJ5RB97,蓮ノ空雪野球部,1211,5,6780,943630,6,7,6,6,6,2,4,2,39
4JP7T6L40,にしゆ@空蝉,YVV9CMBLW,東京公演で沼落ち,1072,0,6781,943331,7,9,7,8,7,7,8,2,55
2ZGVIHWEN,あるかわ・けいこ,JVUNVCT8P,梢先輩のASMR,1195,0,6782,943210,8,9,8,7,7,8,10,2,59
FWBTX791U,garry,YFADYJVW4,FPS好きクラブ,1484,11,6783,943130,10,10,7,10,10,7,9,7,70
PXKRNJL7U,まぐろ,NA8FEYN0M,蓮ノ空飲酒クラブ,666,0,6784,942850,7,1,3,2,3,2,1,2,21
MB7PYNVLA,カノフェル,0V75M00RK,ネオヴェネツィア,856,1,6785,942670,6,7,4,7,6,7,8,2,47
AZBZEUQGQ,あんこなう,R9T0YKDW8,かちまち応援隊,1550,3,6786,942220,10,10,10,10,10,10,10,10,80
AJBWSP306,gabry,PDMPF3VVV,r/LL,1029,15,6787,942130,7,8,7,9,9,8,10,3,61
AT3CB9MHH,ナナ,1VVNBTBMA,イベント参加用,423,0,6787,942130,7,9,10,7,5,6,5,3,52
18CCWW35N,のるむ,GW4CH70HK,TKG同好会,897,5,6789,942070,1,7,5,6,2,3,2,2,28
H92X6XKYN,アメトマ,JHTULVV5P,故に瑠璃乃推し,603,0,6790,941850,6,5,6,10,5,8,4,3,47
LXZB6F6RI,てーとく,0WW0K5XEX,くりあろーたす,1007,0,6791,941230,7,7,5,6,7,4,7,2,45
0P2M7VV9A,伊万里,VD7N7A4WH,氷青色,876,3,6792,941000,7,8,6,7,5,4,8,2,47
TGDJU7H1J,ペンペン,G1AFM0R9A,蓮ノ空釣行部,1175,10,6793,940766,8,9,5,7,9,7,5,3,53
BK72B9VX8,左々右,GCFA4WL28,乙宗梢を愛で隊,882,1,6794,940750,6,7,5,7,7,6,8,2,48
PW8GXEN35,220,7UX6117P2,重曹圖書館,1145,18,6795,940500,6,3,8,8,8,4,10,3,50
LF45W7BU7,ゆーり,HHMRTM0P7,つづさや党,1156,15,6796,940253,8,10,6,7,8,4,10,2,55
NM87R4E3G,未来,NDTPN879N,ライバーズハイ,608,0,6797,940240,6,7,4,7,5,1,6,2,38
3TDLBGLK9,あー最低,06DCWC1RE,とりあえず参戦用,398,0,6798,939911,3,2,4,6,4,1,4,2,26
A08XTWBD3,夏猫,4H5NDMYH9,蓮ノ空芸学高専,981,0,6799,939790,10,6,8,8,5,7,8,3,55
BVJUDM7RF,いか,3YWMY4JVN,82プロ,271,0,6800,938350,9,10,8,9,7,7,5,2,57
JLNC86X4V,Mackey,53M4V2BVG,吟子の髪飾り,393,0,6801,937990,8,10,6,10,4,4,4,3,49
YZBPJXF7U,リンリン,UJKBB2FCD,にするか,552,2,6802,937540,2,5,1,4,4,1,2,2,21
ZGPSPIOSZ,那珂,E515TRU1G,起きろ夕霧綴理,1040,6,6803,937500,6,7,8,7,7,4,8,2,49
FE48GFF93,のーちゃん,GW4CH70HK,TKG同好会,986,2,6804,937340,8,6,7,6,8,4,7,2,48
IUIWQ5GAU,カンズ,9DKR4Y2CJ,蓮ノ空老人会,1098,4,6805,937270,7,5,1,7,4,4,7,3,38
GBE16YUXX,x,AR9HR528A,いろいろ実況,957,6,6806,937090,10,7,5,10,6,8,5,5,56
YKB5RTC08,眼鏡流星群,9D722M8KC,蓮ノ空同好会,1181,10,6807,936820,8,7,4,9,8,4,8,2,50
PW0PVUK63,南☆かつみ,JA2C658FW,さや綴理の村人,848,2,6808,936500,9,10,7,9,9,8,10,4,66
F415J8HAN,165.2cm,4K4JXGNX0,蓮ノ空P活クラブ,824,2,6809,936490,4,5,4,5,5,3,5,3,34
MM4J3L0W0,めろんさわー,1UBNNHVLG,蓮箱推し（仮）,1016,8,6810,936460,10,7,4,8,6,5,1,2,43
NNGDLRV0S,かるば〜と,Y2P9LABR2,スクステ同好会③,1098,6,6811,935920,4,2,7,8,8,5,4,2,40
W7PG1NY70,mn55,G202YTPW1,無言倶楽部,975,2,6811,935920,7,5,6,8,6,4,5,2,43
O5DDROB4W,Hamster),RM7N1JDB5,無言推奨不干渉会,1166,5,6813,935470,9,10,7,9,7,7,9,6,64
9GI65WS8C,ロッソ・幼妻,EHY4K2164,泥…ご期待下さい,1103,2,6814,934840,7,1,4,5,3,5,5,2,32
C25964W1K,ぶぶるー,C021HVB2B,第3芸能科,719,2,6815,934750,9,7,3,1,4,3,1,2,30
C52CHKFEF,雨美,FG4170141,♪さやか愛好会♪,642,4,6815,934750,6,6,10,5,10,8,4,2,51
TX5DT7PG3,KzeAgain,H0DV3JJGA,かほさやてぇてぇ,1198,15,6817,934570,9,9,6,8,9,5,9,2,57
IMII1IU2H,はやて,ULUELCJ7T,なるようになる？,1245,2,6818,934390,10,10,10,10,8,8,10,8,74
4L7GPJLGX,ちくわ(・8・),07JW71HWG,良いチケで観よう,1313,4,6819,934210,10,10,10,10,10,10,10,10,80
4ZNKAAJ5L,もとき,JDAUTGR5N,花帆ウサギ,1321,13,6820,933990,10,10,6,8,7,7,10,2,60
B28B4X26L,まんちゅう,85G1K4U8U,ゴーイングメリー,989,2,6821,933670,8,3,6,6,7,7,7,2,46
JLTLVWNXF,おそば,AXG81GPMP,蓮ノ空マタギ部,1062,13,6822,933580,10,10,7,7,9,7,9,5,64
JFAJNKHAG,勿忘草,NMRKHYYRM,ご自由にどうぞ,297,0,6823,933490,10,6,3,9,10,4,2,3,47
P6NCAB4IV,ケイ,LLDLG20UU,UR取り隊,1146,5,6824,933430,8,9,7,8,7,7,7,3,56
B138PCVAY,空ノ桜,3A63DYH54,LLすこすこ部,699,2,6825,933242,6,3,1,6,5,1,4,2,28
0EUW3SNWZ,葛,JA2C658FW,さや綴理の村人,1178,2,6826,933040,8,8,6,9,7,6,9,2,55
9U6T4TMP8,KERU,4LU50R56J,誰でもOK,445,0,6827,932729,10,10,9,1,2,2,1,2,37
DAY78MTHU,oga,M6UPWJ6DU,蓮結ぶ虹と星の音,929,0,6828,932500,8,8,5,9,7,6,9,2,54
7TK41HP2V,藤霧梢,8YNHW7530,虹ヶ咲、蓮ノ空,679,0,6828,932500,3,8,2,6,5,2,4,2,32
CTYXBUYM9,riderthy,7XH3K4GBT,LLP,800,4,6830,932050,6,10,4,6,5,1,10,3,45
KEREZ8HML,佐田彦,WPG6BCG83,基本無言,1252,9,6831,931600,6,7,1,10,7,5,10,2,48
QZI4DUQQL,じょんえるりっく,N0EXH1CM1,ぱちぱち徒町,1176,13,6832,931532,8,9,8,9,4,4,7,2,51
7MK52D0DG,nattsun,GVT61ATX0,なのだけれど,1067,2,6833,931420,8,8,3,6,3,5,4,3,40
3K5YTL18N,アテルイ,M6UPWJ6DU,蓮結ぶ虹と星の音,1209,19,6834,931410,10,10,10,9,10,10,10,9,78
96JAX5D8P,テツ,C8A9CTB34,蓮ノ空山岡家部,810,2,6835,931190,7,4,6,4,3,1,4,2,31
TX3FFECRW,kazu_sh,3LUL3WR8Y,零組,279,0,6836,930970,6,5,6,5,6,4,1,4,37
GVALXPK3F,イチゴニャミント,C021HVB2B,第3芸能科,282,0,6837,930750,10,9,10,2,10,5,7,2,55
1QF9NENI8,テス,72J5PWU5K,ライグラ待機室,1410,8,6838,930340,10,10,8,9,8,7,10,7,69
372PBZ8OP,いつき,WFPA7YJE1,蓮ノ空文芸部,1508,4,6839,930070,10,10,10,10,10,10,10,10,80
Z52ALP3BH,Nao,GBEJMUFWT,めぐちゃんズ(仮,1273,16,6840,929810,9,8,6,8,7,8,10,6,62
KZNBWWDQL,ダイブマラドーナ,9BHYELNY1,シン・エスパルス,1087,5,6841,929710,7,9,6,2,4,4,10,2,44
N5BVFTJER,まー,B10PM2856,のんきな学院生達,985,2,6842,929651,7,7,4,9,7,5,7,4,50
R0Y94LU73,千波,85D411XNB,蓮っ子の集い,797,4,6843,929620,6,7,5,7,4,9,7,2,47
3284X7ULH,おせろ,KXU941RFJ,梢先輩おめでとう,507,0,6844,929500,8,8,7,7,2,1,5,2,40
D4E6V58VM,seita,6YTAMD33M,リリエンフェル党,422,0,6845,929309,2,5,4,2,4,4,1,3,25
26RURW4MM,和歌@サブ,8FXXHE22A,蓮ノ空,575,0,6846,929170,3,9,1,1,2,1,2,2,21
SZO0M1E2M,ぽよ,AH27N260E,百生信託銀行,1019,11,6847,929080,10,10,7,10,10,10,10,7,74
YBEH5L13A,NT,HR8X5DVLG,緊急テレポート,822,4,6848,928796,7,10,6,9,10,8,1,3,54
N5BVNYPXD,桜井 緋彩,VNGFF4PY9,ねずみね！,1031,12,6849,928720,10,9,9,6,3,4,6,7,54
TTHKEK6DJ,のん,KND3T7056,ぽかぽかモガの村,1226,10,6850,928540,5,9,6,7,6,8,10,2,53
FHGC6Z0RW,シダシダ,N752V1LD6,思想の溜まり場,1429,19,6851,928454,3,4,5,5,3,1,1,2,24
78C4PNE70,カカ,6MWHCNJE8,蓮之空小賣部,251,0,6852,928450,6,4,1,1,3,3,1,2,21
PAXUDJ0ZL,ゆねる,CX967RTGY,おんゆあさーくる,1516,16,6853,928090,7,5,6,8,5,5,10,5,51
7YZAOKRY8,にゃこ。,R9NGK6L48,のんびりサークル,1201,4,6854,928000,7,8,5,10,8,7,9,4,58
8DBMBMCVY,ツカサ,G6EH0KHT7,なんもわからん,920,0,6855,927820,9,7,4,5,6,1,1,1,34
PHKLRXGCC,ザンジャン,6CC83J3EJ,蓮之空台灣分部,784,1,6856,927750,10,8,6,7,8,1,8,2,50
BWNMNHMNJ,せれあ,DYA2LK0KK,ろーたすぺたる,940,6,6857,927428,4,4,7,2,2,1,1,2,23
JXWJ55H1U,Rina,1UBNNHVLG,蓮箱推し（仮）,479,2,6858,927300,10,9,9,9,8,9,10,8,72
7RI6QLW8P,リンク,9JTF508LB,スクスタ亡霊部,921,1,6859,927170,8,8,6,10,6,4,8,2,52
HDTVAG1F5,笑顔のピクルス,6C9R15BLY,スクスタ避難民,722,0,6860,927110,7,7,6,7,6,7,8,2,50
B43KP5ADK,ぱんだっち,VD7N7A4WH,氷青色,938,4,6861,927100,7,8,7,7,6,5,8,3,51
ATMEEJ2GP,sabryu,ABU58EVJ2,Quatuor,697,3,6862,926470,4,6,6,2,2,4,7,2,33
9XLB2UW6A,ぎゃいあ3,0B8RTHY4D,のんびり屋さん,1053,3,6863,926380,7,8,7,7,7,4,8,2,50
VY5H5Y1L7,いちろく,CTW8DKV5P,まったり,1452,9,6864,926231,10,10,10,10,10,10,10,10,80
R2WFKP833,しよしのん,1U4JN5CXB,LLユーカー部!,257,0,6865,926020,7,7,3,4,8,3,1,2,35
DHXEORM59,ナタリタ,W1DKTPT4H,儚無水木,1311,2,6866,926000,9,10,9,8,8,7,10,2,63
Q4L6CTO0N,おるか,BXC1T2HY2,初心者の集い,1046,1,6867,925930,6,1,1,10,4,1,5,2,30
52V70VXGU,シュシュ,9GDHWXGVG,ルリと花咲く毎日,800,0,6867,925930,4,4,1,4,2,4,5,1,25
UXEPX4UGB,おじゃす,FMKP92LRL,目が霞む人達,292,0,6869,925300,10,10,9,10,6,3,4,3,55
WOU71KWLD,めざぱ,K4TAHF9YA,はすっこ準備室,1057,1,6870,924750,7,1,7,6,5,7,6,2,41
X2JJB4G30,いくら,9C0KWR782,まったリンクラ,332,0,6871,924580,7,9,7,8,7,5,6,3,52
UGEPG6DJI,ふろまーじゅ,PH0YEPJD8,蓮ノ空北國金沢,1133,7,6872,924490,10,10,7,7,5,7,9,8,63
XBI9JOAGU,田中鈴木,DF7FA982P,蓮ノ空百合部,1246,2,6872,924490,8,8,8,8,6,7,10,7,62
R8ELXDF4V,にゃんとろ,58FD7UF8J,としとしサークル,1179,7,6874,924220,1,7,2,6,8,5,10,6,45
J7YVH63RB,おにゆり,D3PGC4352,めぐにゃん懺悔室,1401,3,6875,924040,10,10,10,10,10,10,10,9,79
FKVRKHO65,ナギサ,G0WRCNRWK,県立沢庵図書館,1350,6,6876,923950,8,8,5,6,6,7,6,4,50
6WCVA9HWL,にう〜,X7YM9EG8K,伝統の石川地酒,754,0,6877,923800,8,8,4,5,5,4,8,2,44
EN71M6133,ふなやん,F56XEUUBE,みらくら自習室,1099,2,6878,923580,4,3,6,7,6,7,7,3,43
VTLZUUSSF,SORUTONU,3BE2RELRC,見晴台,929,4,6879,923410,4,4,5,4,2,1,10,3,33
Z4CUHQPH7,量産型桜田さん,LY0XPW7NL,同棲概念強火派,1015,4,6880,923320,3,3,3,1,2,2,1,2,17
I7PJVFI15,ヒロキチ,49TL8LVT1,蓮ノ空海賊団,1190,19,6881,923140,6,8,7,7,7,2,9,2,48
GEFPHV78D,こうしくん,2BB5YVRFL,蓮好き好きクラブ,1150,5,6882,922780,6,7,2,7,4,5,7,2,40
WWZEQP96Z,ゆうすけ,C0NDBKMRB,すりぃずぶぅ家,1091,2,6883,922510,8,9,7,6,6,6,8,1,51
19J3NKF1N,りよるま,R9T0YKDW8,かちまち応援隊,773,0,6884,922469,8,8,6,7,9,7,9,2,56
SHNGG6VH0,carbo,JA2C658FW,さや綴理の村人,1034,12,6885,922330,8,8,7,8,7,7,8,3,56
DA27CEU87,MoYo,0B8RTHY4D,のんびり屋さん,1242,12,6886,922150,10,10,8,10,9,8,9,6,70
TW9CHFNHP,海イカ,MVYAVX8BK,きらきらきらら,759,2,6887,921970,7,8,6,5,6,1,8,6,47
X7C4RA9D2,セナルアックス,M1DLCR0R8,花帆護サークル,1366,4,6888,921490,7,9,6,8,6,7,10,3,56
R64J14HVT,白川彩羽,J800VVPTN,Aqours,738,4,6889,921250,10,7,7,7,8,10,5,5,59
C55GKKR0X,松竹梅,NJBBTCY3A,かにかに！,1190,19,6889,921250,4,4,7,6,6,4,9,5,45
QOWXMR6K2,なっくん,0CBM28JP6,ほうき星,961,1,6891,921070,5,6,2,8,6,6,9,2,44
X0AEMWJ59,さくさく,DW13FCXPT,Mulbungs,1150,0,6891,921070,10,10,10,10,8,8,10,6,72
EELGJBHDB,みっきゅん,RM7N1JDB5,無言推奨不干渉会,1128,5,6893,920620,8,9,6,9,2,4,8,2,48
49W2LPMCN,ヒスイみよし,X87KNX4N3,蓮ノ流星群,1215,15,6894,920500,6,7,5,6,6,4,10,4,48
VVAA5R3UK,すー,N8L41JAA7,無言 ノルマなし,1363,15,6895,920350,10,6,6,8,7,5,5,2,49
FA7L3YJ4F,蓮P,1GJC67JLM,無言の泥,925,2,6896,919990,10,10,9,10,8,8,10,5,70
0I4R533B1,NORIp,HMBW9DXY2,蓮好き皆あつまれ,1308,5,6897,919750,8,9,6,5,7,6,8,2,51
ZAZ7MLGDM,シュウ,T8X0G07YB,なければ立てる！,1092,5,6898,919540,8,8,5,7,7,5,1,4,45
B46EBMW0B,なが,EPWMMAXNY,蓮ちゃん初心者,1080,11,6898,919540,9,9,8,7,8,5,8,5,59
QVFBDRFY6,きゅう。,WLLWJ8ADP,乙宗筋肉サークル,1028,1,6900,919360,2,7,1,7,4,7,2,2,32
LWYNTUFFF,meruru,M4D0VP1XT,蓮ノ空痛車部,1323,6,6901,919220,10,10,10,10,10,10,10,10,80
UJCJL1HXU,国木田山脈,KJU0BU77M,無言交流なし,350,0,6902,919090,9,10,8,9,8,8,5,4,61
R5RPNE96B,ヤントモ,2JK7E4115,ラ！推し,1182,19,6903,919000,10,10,10,10,10,10,10,10,80
CXCE5BT65,みぃ,9YG7C0VM7,綴理と無言で昼寝,604,0,6904,918878,5,6,3,4,4,1,4,2,29
EA3PADPH1,ハヤ,6UAFKBRPN,リンクラ初心者部,568,0,6905,918640,10,10,8,6,6,1,8,5,54
RH1YHF0V6,T2,VLY5JDKCV,新規なのだけれど,384,0,6906,918280,8,7,7,7,6,5,8,3,51
93EJK8C92,だご,FE282F3VH,天悶部,1252,2,6906,918280,8,6,5,9,6,6,6,2,48
KB08WTKT7,J,PLBBEX019,待機室目指し隊,1035,6,6906,918280,10,10,10,10,10,10,10,10,80
43X1LM9RM,kumatani,W3UUXHMDV,水彩ブーケ,1305,9,6906,918280,7,9,5,7,7,5,10,3,53
6YDKCWPJL,しらさぎ,E49YWK5YC,酢蓮根,890,0,6910,918010,7,7,6,7,6,5,7,2,47
18FJ0Y28J,Alaire,7XH3K4GBT,LLP,740,1,6911,917830,5,10,10,10,6,5,7,2,55
65GPM9GYT,すけ,F2CFWVMY9,藤島め組,1429,14,6912,917681,1,10,4,4,3,1,3,3,29
JZ4109Y2T,龍仙馨,PHMJLJY5E,ラブライブ愛好家,884,0,6913,917480,6,8,7,4,7,7,7,2,48
6248X1ZGP,黒澤たかびぃ〜♪,WLLWJ8ADP,乙宗筋肉サークル,1133,15,6914,917380,4,4,4,6,7,5,10,10,50
5X12LAZFL,si--sa,57UT319NN,蓮ノ空同好会,556,0,6915,917339,8,9,7,6,6,4,4,2,46
WNITXVWB1,星宮もも,B647MRPHR,壁の民女学院,1133,0,6916,917290,8,8,5,7,7,5,8,4,52
3766CXECK,ショちゃそ,GMEF2K8DL,花咲く泥も好き²,1083,2,6917,917200,5,9,7,8,6,5,7,2,49
9FCM2N4CA,臨倉奴手太郎,PR2BGEK5K,ありがとう大三角,1479,15,6918,917168,10,8,9,10,10,8,9,7,71
JXG9N1PYV,みなれい,9WJB6YPPN,温室花畑,1169,6,6919,917110,10,9,8,7,7,6,9,2,58
MYR1J6NZX,Таня,UMG1B9C7V,蓮ノ空女学院,1453,19,6920,917020,10,10,10,10,10,10,10,10,80
R9PN73NPM,atsutaka,GN1798YEX,ド!ド!同好会,825,2,6921,917000,1,1,4,2,4,2,4,2,20
6L0JHA0WH,がちっぽ,E7UBFLW56,同好会の同好会,1094,4,6922,916930,1,2,1,2,2,1,2,2,13
6TZ31LPM5,みみがー,WLFW6UCX5,無敵級ビリーバー,1148,13,6922,916930,5,7,5,9,6,5,4,2,43
8AABROX54,ザン,0GALMLWK6,ボクなんなの。,1235,2,6924,916826,10,5,7,8,9,8,10,2,59
98XFHBK45,あお,XPRA8TRVE,蓮ノ空ロボット部,1297,5,6925,916750,8,6,6,6,7,6,9,2,50
WRY2Y8U5W,クロノア,GN9EEL045,きらくに,966,2,6926,916660,8,4,1,9,5,8,1,1,37
R6RXBL0LH,:p,279NUYU7C,れんこん,1251,12,6926,916660,7,6,4,6,9,7,9,3,51
RDY0PFJ7R,south,0V99GN8YT,（仮）,1125,3,6928,916480,10,10,8,10,8,7,8,5,66
NYXB3JJC0,むにゅま,YUVK7R51W,萌え萌え倶楽部,1109,9,6929,916250,7,9,2,5,3,6,9,2,43
EK1DBEXLU,タイトルホルダー,X34LWGL6R,サークル2,1312,12,6930,916210,5,4,7,7,6,7,9,5,50
65EYKN4AF,Doda,JA2C658FW,さや綴理の村人,1014,9,6931,916000,4,7,6,6,5,7,7,3,45
J9BJE6TJ7,ピョン吉,B647MRPHR,壁の民女学院,1164,11,6932,915670,10,9,6,5,6,5,8,2,51
U81W2EBUE,ラップ,H837E0M9R,沙知先輩大好き部,860,0,6933,915580,6,9,7,6,6,4,8,2,48
TAD3T6HHF,mn,WXKKXU0H0,無名,347,0,6934,915040,8,4,10,5,3,1,4,2,37
1P2LVH00D,一瞬の夢,WBN7UHG0Y,かぎっ娘クラブ,1120,15,6935,914950,8,6,4,8,10,4,9,2,51
VJ12T6FTP,ほのきち,2U4GLJXLJ,泥の中の養分,521,2,6936,914860,6,4,1,5,5,1,1,2,25
YH7KW4OYV,よっしー,AKMHE88E0,ぼっち,1092,12,6936,914860,7,5,5,8,10,9,9,2,55
05A8VT3FM,残・陽子,VA6X5YNNF,スリーズ分家,924,0,6938,914750,5,7,4,6,7,4,5,2,40
G3EJR3XRF,ka & sa,5L5TJF7YV,蓮ノ空女学院寮,518,4,6939,914680,7,10,4,8,4,1,4,2,40
KNXR9J3C6,Miko,57UT319NN,蓮ノ空同好会,666,0,6940,914432,1,1,7,1,3,2,1,2,18
G9MU1W9DD,たとさん,KYHBW5H37,蓮ノ空提督同好会,619,0,6941,914320,8,8,7,7,8,6,10,3,57
VAWW6EPX4,えもマリ,NCF16M74K,村野お弁当屋さん,532,0,6942,914261,8,10,9,9,8,6,10,5,65
J2L5H32VN,マダムーチョ,18YYNRFGA,LotusSky,1049,7,6943,914050,7,6,6,9,8,4,9,2,51
7IPXPMYLH,りょぼ,A8BJ5V3ET,はすのそら,727,0,6943,914050,8,8,6,6,6,8,7,2,51
MHC9N5DC7,かげとら,ATB27G5P2,おこめ茶寮,1212,3,6943,914050,1,1,1,4,2,1,9,2,21
HU1EE0C18,や,3HDDYR4FU,旅人,1133,0,6946,913500,6,7,5,5,6,5,9,2,45
2K681WWLJ,レン,U00TP03KP,阪大リンクラ部,357,0,6947,913330,8,4,3,4,7,4,5,2,37
BH8PEN0CV,どんなか,WN3LHKX0L,レンコンおいしい,686,3,6947,913330,9,4,9,4,6,5,5,2,44
GYCAKY3KT,しぇ,0GALMLWK6,ボクなんなの。,767,0,6949,912880,8,7,5,6,6,5,7,2,46
Y82F962XV,和奏,7UX6117P2,重曹圖書館,1048,13,6950,912520,8,3,6,8,8,6,9,5,53
A2J5B41JC,Vin,XTMGPY62U,スクステ初心者,651,2,6950,912520,10,10,9,10,8,5,1,2,55
7A7T4RKAP,草色,424NLTEE8,無言な異次元部屋,1204,2,6952,911530,8,8,8,7,7,7,9,2,56
3DCV0CWX1,いたニキ,974GR6CVN,いたニキハウス,1358,17,6952,911530,5,8,8,10,9,7,9,2,58
MT2Y3FYWK,希介のヘアピン,J800VVPTN,Aqours,940,6,6954,911525,9,8,7,8,8,7,1,2,50
DCB4XWMR9,ヨナ,HPTHY23VR,蓮ノ空文芸部,504,0,6955,911500,10,7,8,8,8,5,9,5,60
RA6EJMVLV,totaro,GYG7B5R36,幼馴染同好会,1249,0,6956,911440,7,6,7,7,6,5,9,2,49
AT7Y9CG6Y,ぺーりゆ,CV62FGL1U,花咲かせ隊,1569,6,6957,911354,10,8,10,10,6,10,7,7,68
M5846T3VD,きゃま,9GDHWXGVG,ルリと花咲く毎日,1131,14,6958,911012,7,7,9,7,6,8,6,5,55
88SN27BQ9,johnny,BKUHCT7WF,蓮女お嬢様部,1113,13,6959,910900,5,8,1,7,3,9,5,2,40
DXHPR58P4,ぎん,6H800PBV7,新鮮館,978,2,6959,910900,1,1,1,7,2,1,2,1,16
EYANBJZ73,薫り,0JY7F3EKU,さやか愛でる会,915,4,6961,910841,4,4,4,1,2,7,1,2,25
CYG03C8OB,TaK(タック),8VGXWTV3U,R.opRizm,1221,12,6962,910328,10,10,10,9,8,8,8,5,68
7E4912M27,かっこー,W2HEPMM2A,無言。ぼっち。,1300,1,6963,910090,7,6,6,4,5,5,5,2,40
E8HL5FXAJ,ワンタン,AND13836G,乙宗梢親衛隊,803,0,6964,910000,7,8,4,6,6,6,8,2,47
RHJ3RNVTM,すけそうだら,1KDUBW4HB,めぐ党0番,334,0,6965,909910,10,10,10,7,8,7,7,7,66
UG2E2ERYD,redtune,9VDEWVP01,瑠璃乃の集い,1483,3,6966,909750,10,10,10,10,10,10,10,10,80
NAWK0C4KW,MRKST,G8F0M2PH2,アフターウォール,754,4,6967,909640,2,4,4,2,5,9,1,2,29
6MJNQHNG4,とよ(ジーザス),4FXPC55PY,PPIHクラブ,936,2,6968,909190,5,6,4,1,2,1,3,2,24
AG980HA59,キュービ,6UAFKBRPN,リンクラ初心者部,365,0,6969,909070,10,7,4,4,5,5,5,2,42
L614K3TBJ,tqi,N7GLY2RUW,百生銀行,854,2,6970,908750,10,7,8,9,10,3,5,2,54
HDMMYR0LU,ポロポロポポン,K8C99H42D,ルリと喜ド！愛楽,1116,4,6971,908560,7,7,7,8,8,5,9,2,53
EFEFHWBWF,こっこ,MCFN901TJ,ワノ国天祥,456,0,6972,908447,10,10,10,10,4,10,8,2,64
8YP0FMXRT,まついちゃん,HWJ8XPW0T,箱推しなのだけど,1083,8,6973,908380,10,10,4,4,8,8,10,2,56
YJNYE60W0,ヨウくん,W3YKKRWHG,ルリと愉快な一家,1157,18,6974,908000,6,2,6,7,2,1,5,2,31
HAEB5WLN1,ちゅん,BTVC9G95X,FES用,558,0,6975,907763,6,6,5,4,7,9,5,2,44
U2A1CRAJ5,花奈,AGJ215YND,蓮の空中國分校,1141,12,6976,907750,9,5,8,7,4,5,6,2,46
U9VBVB0PM,塩湖,GWGDMA3YC,初心者無言自由だ,797,0,6977,907592,1,1,1,3,4,1,2,2,15
T6F2K7UXV,パツマヨ,RWDWD9PP6,乙宗家の屋敷妖精,1081,9,6978,907570,7,7,7,7,7,7,8,2,52
20R7WPWSI,M,WJFRWVXDE,蓮ノ空情報処理部,994,0,6979,907300,7,7,7,6,5,5,4,3,44
H3STIV1SN,しろやま,T4WY63DB9,ういのま,1277,9,6980,907120,10,8,5,9,8,7,9,2,58
GR870R02L,Shiba,HPTHY23VR,蓮ノ空文芸部,758,1,6981,907079,10,10,7,5,7,7,7,2,55
HNVJJANFM,ヤタガラス,WTJV514G9,蓮ノ空のお弁当屋,964,2,6982,906850,6,4,3,6,7,4,7,2,39
88HWGPV60,らむね。,ABU58EVJ2,Quatuor,879,4,6983,906566,5,4,4,4,4,4,10,3,38
6X2TR1F1E,Ｆ・ゼルヘス,H6VGDDCD1,朝は緑茶,952,2,6984,906490,9,9,8,7,5,5,8,2,53
BHW6IYEUZ,bcr,DALU6BL7L,東方星蓮船,1091,11,6984,906490,5,8,6,6,9,5,10,2,51
5DMKM5EVL,173,NY54H2A8T,日本めぐ党,742,0,6986,906220,5,8,5,7,2,1,9,2,39
AJWLGEP4R,KB,2VJG66JTH,まったり,1306,19,6987,906130,10,10,8,10,10,9,10,4,71
MLVVK4NF3,蓮ノ湖ガニ,8M2MFU9U0,リンクライブ,1580,1,6988,906000,10,10,10,10,10,9,10,8,77
RQIIBW497,にゃんきち,18YYNRFGA,LotusSky,896,4,6989,905500,2,4,4,1,5,4,2,2,24
1HV16XJ4F,Jayjayli,KPVJD4A1H,WINS金沢,584,0,6990,905450,8,9,5,6,4,2,1,2,37
1K2DH8R9N,ヤラ,T4WY63DB9,ういのま,679,2,6991,905140,9,10,5,2,5,1,2,2,36
SROIXY2IQ,くろあお,WLLWJ8ADP,乙宗筋肉サークル,1204,15,6992,905050,10,8,6,7,8,6,9,3,57
KAAZ21LKD,午後のめぐ,8FR866PRY,蓮っ子みらくラブ,1178,7,6993,904600,7,10,6,6,7,6,9,2,53
BF5D7HWTE,スケマサ,BT3GEWM5L,ささやか村の集い,1129,12,6994,904514,9,10,6,10,10,6,7,5,63
JHM374CCD,カツどん,9E910GGD2,蓮ノ空給湯室,568,0,6995,904420,10,10,9,8,10,7,9,10,73
NG48LPWP9,ろぜりあ,T2XRMGEAE,蓮根無言会,397,0,6995,904420,10,8,8,5,6,4,4,4,49
V9AY6TJE6,ポンヌ&パピコ,3BDTCERX6,打ち返した流れ星,1140,4,6997,904172,1,1,4,1,3,1,2,2,15
TG5GHUWYQ,フェルト,59AK7LJ7A,とりあえず,1289,3,6998,904001,5,9,5,6,9,7,10,2,53
8E5PNV3NM,HFire♥️,17AEM7PUN,SIFcord,699,0,6999,903880,10,10,8,4,7,3,5,2,49
19KYGA4WX,夏祭りん恋慕うい,25PMPEMG7,星見プロ,1572,15,7000,903830,8,7,1,7,5,5,5,1,39
RB4RBAGV1,じゅぴたー,9GDHWXGVG,ルリと花咲く毎日,1176,15,7001,903250,8,9,7,10,6,6,10,4,60
8HIPJJ0G3,めぐんちゅ,9YG7C0VM7,綴理と無言で昼寝,1174,20,7002,903070,10,10,8,10,10,8,10,8,74
13PTZF0SB,くま,8JMW9G2XW,僕らのリンクラ！,1016,0,7002,903070,9,9,7,9,7,7,7,3,58
7TJM3OMEH,しろくま,KXB93FVTR,ブルームガーデン,1343,19,7004,902620,6,6,6,6,6,6,10,5,51
Q7H8NJHO6,本居宣長,TKVR3KU7L,ネギトロTKG,1252,8,7005,902500,9,10,7,6,3,5,5,2,47
8NW8OZ4EX,参多,K25DPPGT9,圧倒的にまったり,1417,7,7006,902270,10,10,10,10,10,10,10,10,80
PXTW86FO8,へいこうせん,LD34NCH5R,NERV,1163,6,7007,902080,8,8,4,7,7,7,8,2,51
UDY85IZD6,イリヤ,60D1TTYTV,無言自由会,1036,0,7008,901720,8,4,7,6,6,5,4,2,42
PNBVWB3LE,NYoppy,XRAHGBY4T,明星,909,2,7009,901265,6,6,6,8,5,1,4,2,38
RZFQ6W5C2,ぽむ,L28X4MDJN,アフター観たいぞ,999,0,7010,901090,7,7,6,6,6,6,8,1,47
AJUYN21J6,キーマ,EFYYG9TAY,ご隠居さーくる,1213,2,7011,900923,8,8,7,8,8,7,10,6,62
O70Z7W0RO,トーマ,9YG7C0VM7,綴理と無言で昼寝,1011,6,7012,900460,9,6,5,8,6,4,5,2,45
F8GNHAKXC,あてぃしがに,VD7N7A4WH,氷青色,540,2,7013,900068,7,8,9,10,2,6,6,2,50
CV2KL1L87,ノエル,VLY5JDKCV,新規なのだけれど,768,0,7014,899650,7,5,4,5,8,1,3,2,35
7M1J8RMT5,もあいける,K8C99H42D,ルリと喜ド！愛楽,622,0,7015,899560,3,1,1,1,2,1,2,2,13
C19P1GU7N,秩渠,DMDVHGFUG,インドネシア仲間,377,3,7016,899500,10,9,10,5,7,6,2,2,51
BXBVF1D52,ともすと,N752V1LD6,思想の溜まり場,1465,9,7017,899290,7,6,4,4,2,7,2,2,34
7XMCUNJF8,まぐ,Y2R7E79U3,カワウソ同好会,1234,12,7018,898300,9,10,9,9,9,8,9,8,71
F05TP51YP,こてつ,LFB48H6MU,超初心者の会,971,2,7018,898300,7,5,7,8,8,5,3,2,45
TUNJCP0TL,苺大福,WHWT61ELR,【無言】ハスノソ,1209,2,7020,898120,7,8,7,8,7,7,9,3,56
RRA6MHR98,シェケナフォース,NJBBTCY3A,かにかに！,1173,15,7020,898120,7,10,9,8,8,7,8,4,61
KMKR53AN2,稲穂,VB9VUYC97,JIMOAI,1194,6,7022,898030,10,7,5,10,7,8,7,2,56
3KWB5D7M5,シャムービー,9D722M8KC,蓮ノ空同好会,274,0,7022,898030,8,9,8,5,4,8,4,3,49
6KZOM0IM4,いまきょ,X34LWGL6R,サークル2,1267,15,7024,897845,7,8,4,8,6,5,6,2,46
7J7M80XTB,のり,TK9E1BB1P,無言で自由,1020,11,7025,897720,9,9,9,10,10,9,9,3,68
NUG5B0WUA,あつかわ,0NLHKATWL,生きてるだけ偉い,716,2,7026,897490,10,10,7,9,8,7,7,5,63
OP62IT83S,ヒロ,KXEME076E,つづさや親衛隊,1096,1,7027,897310,4,8,4,9,2,8,1,2,38
2M7Y5V8IX,ゆーま,X33HHA9F8,アルストロメリア,1037,8,7027,897310,1,1,1,10,6,8,7,2,36
2M7Y18NEH,北陸の旅人,XPX36F6JX,無言初心者お試し,1081,13,7029,897180,10,10,8,8,7,7,10,2,62
LN31DVMP7,水無月香蓮,6YTAMD33M,リリエンフェル党,1034,6,7030,897040,6,10,8,10,7,8,10,10,69
VDWR6T91E,ﾘﾄﾏｽ紙,NK05UMLWW,かけ込み寺クラブ,620,2,7031,896990,2,1,10,10,5,1,1,2,32
JVHH9VB92,ゆっぴぴ,WFPA7YJE1,蓮ノ空文芸部,849,2,7032,896950,4,5,5,4,6,3,3,2,32
942EMUNFY,マリンカリン,F7CMT794K,アルナシエン,962,1,7033,896770,9,7,5,7,7,7,9,2,53
OGOGGLUSX,剣乃,NB0HX9KP8,かほてぃあん,1038,0,7033,896770,7,9,6,7,7,6,8,2,52
LBUY5X814,こーき,26JDLMBLN,徒町は強く生きる,967,7,7035,896590,7,7,4,8,6,6,8,2,48
WP1ILN5IS,かなでちゃん,EDFHK562A,大好きをさけ部,1101,2,7036,896500,8,7,9,6,6,5,9,2,52
7S46MUHKS,塁治(ルイジ),2B97MH4YA,同じ話し何回も…,1504,11,7037,896410,10,10,10,10,9,10,10,8,77
KFDJ9U6YT,machina,0JY7F3EKU,さやか愛でる会,1195,11,7038,895870,8,8,6,9,8,7,7,4,57
8GGDJNNTJ,すきすきくらぶ,JTBMEXV8L,ひとりぼっち,928,8,7038,895870,6,6,9,7,9,7,8,2,54
TJFZYLD2C,K,5NPVVUGH7,蓮すきすきクラブ,1228,9,7040,895510,7,9,4,9,7,4,8,2,50
6MT4MFAN3,ヨーソロー417,FK8EUX6V3,ゆったり蓮ノ空部,894,1,7040,895510,8,8,4,7,7,5,6,2,47
G2OP32DWS,白姫,MWT91W455,つづこず大好き部,1286,7,7042,895451,8,9,5,10,7,7,4,3,53
BA39UJ84Y,のあんぬ,J0PT5EX42,スクスタモ部,369,0,7043,895420,10,10,8,10,6,5,10,5,64
XD8VGOECH,ギルキ,3HDDYR4FU,旅人,1177,7,7044,894520,7,8,6,8,8,4,8,2,51
AIM20UY71,星彩,95TAREFPT,ご自由にどうぞ,1124,5,7045,894430,10,4,7,7,6,7,10,2,53
P8RGDB71C,さっか,RKT7BC4F6,人形浄瑠璃乃,975,2,7046,894160,7,4,6,9,5,4,5,2,42
0AJAECRTY,イレイナ,B4ADNM80X,山本組,515,0,7047,894070,9,6,7,2,6,3,5,2,40
W05E7TMLB,あき,A14TUJRCY,108期 煩悩,1419,8,7048,893800,10,10,10,10,10,10,10,10,80
QABVOAJ06,リノ,KA1249N3H,沼津倶楽部,1065,7,7049,893440,10,9,9,10,10,7,10,6,71
0RRNRVGHK,MS09,PRY4573W6,報酬用,1113,8,7050,893399,7,10,8,8,10,8,9,6,66
KWGVEEX4P,隊員,L28X4MDJN,アフター観たいぞ,1171,12,7051,893000,9,9,6,8,7,6,7,2,54
IY3SSNV7D,えでん,0JY7F3EKU,さやか愛でる会,1010,12,7052,892450,7,8,8,5,6,6,8,2,50
GMJUDTTH0,くぱぁ,LTDG4PP96,ハッスルノ空学院,401,0,7053,892202,1,6,4,1,2,1,1,2,18
3VRQQ47CK,すみはむ,PHEKJB75C,乙宗四季恋愛㌠,697,2,7054,892090,4,2,4,1,4,1,3,3,22
3Q9GYJL9D,さま,4202AY8EJ,倶楽部賭郎,1018,4,7055,891910,8,5,1,8,7,5,8,4,46
HRXV8JTTB,シュウ,L28X4MDJN,アフター観たいぞ,1432,16,7055,891910,10,10,7,9,6,5,5,2,54
XJPTW9RW0,コム,6KUYCDLGR,かよちんは宇宙,499,0,7057,891860,2,1,3,1,2,1,3,2,15
A4KENWKXG,ヘイヤ,AE3L01V24,LOVE蓮ノ空,1354,19,7058,891750,7,10,8,10,10,7,10,4,66
3JGXE5B5W,まもりんちゅ,5THY0BH4B,黎明の瑞蓮花,1130,11,7059,891550,9,8,5,8,2,1,2,2,37
URFGMG055,もちのは,CM5THHYHB,「」ノ空だけれど,1014,8,7059,891550,8,8,6,5,6,7,8,2,50
2MMY5J9OE,うどん,998H940YN,お嬢様筋トレ部,1206,8,7061,891370,9,7,5,7,8,7,9,2,54
YUBTJAK8N,わくちゃん,KGY709ULG,蓮の花束,334,0,7062,891280,10,5,6,10,10,8,8,8,65
BBD5EFKMW,コッティー,3LPBPHL3V,壁の民の伝説,972,0,7062,891280,5,7,5,5,7,4,5,2,40
DV76TD4G0,炙りサーモン,95TAREFPT,ご自由にどうぞ,1188,10,7064,891100,5,9,7,7,7,6,9,2,52
FN56150J4,Nabe,ELTW62751,安全バーは君の腕,716,2,7065,891005,9,7,9,4,8,9,1,2,49
64FN4MF5F,Taka,5VBB4F8N2,灰色ペンギン,700,4,7066,890830,4,8,5,1,4,1,1,2,26
7PZ7LETRP,たいじぃん,JGJX0W1AV,綴理センパイの脚,850,2,7067,890663,7,9,8,7,7,7,5,2,52
5XRGVA59A,めろんぱん,LUDNM40F8,ふくふく無言OK,1108,6,7068,890470,7,9,8,9,8,8,9,5,63
4DKYW3E7E,芽吹,J0N1E3Y09,月火水木金土日,1116,2,7069,890020,5,5,6,5,8,7,10,4,50
KLZC7KAF2,onasubi,WNA5GTJPP,蓮ノ空百合クラブ,1200,6,7070,889840,10,9,7,7,7,7,8,2,57
DPPGA3D2V,Kei,828YTYAA9,箱推し社畜の部屋,1040,1,7071,889750,9,8,7,7,8,2,7,2,50
K0HXDN52E,Lamp,NRK4MV1C1,茅バール,425,0,7072,889500,5,8,7,8,4,1,2,3,38
AVKV90NBH,ジョニー,9FF5JBNDF,めぐすきクラブ,976,2,7073,889300,1,2,6,7,7,4,5,2,34
UR2D1RJP9,ひよくもち,CY3GGDH7H,㍿キモ・オタク,482,0,7074,888850,10,5,6,9,8,8,7,3,56
NF536S6K9,竜宝,4AT31VFAK,イベント用円,1164,7,7075,888760,10,5,5,7,6,8,4,2,47
G3NJ7NXLF,さゆ,LUH7URBF3,初心者サークル,636,2,7076,888580,5,2,3,7,3,2,2,2,26
RMO77JXDG,Ryusei,WAT20PN3Y,こな党,1271,7,7076,888580,10,9,7,8,7,7,7,5,60
DMCFAYDVH,るお,A73H7ENN2,エロマンガ同好会,1042,6,7078,888500,6,7,5,7,5,5,7,2,44
LA9JL3YF1,ほんたまん,RNJ306W6N,日曜日よりの使者,991,1,7079,888130,7,7,9,7,6,7,8,3,54
ZGH86VEK5,シロタ,G202YTPW1,無言倶楽部,1085,3,7080,888098,8,8,6,7,6,5,8,2,50
URX49FGRR,みや,28XJ8NK4L,蓮ノ空まったり部,1054,1,7081,887243,9,6,8,2,7,1,5,2,40
1A7UHHNAA,よしき,JTX1G19BP,さやかほ癒し会,1411,19,7082,886860,10,10,10,10,10,10,10,10,80
VDJRCI39A,レーゼ,X7XHWE03H,石川県不審者情報,1174,3,7083,886780,8,7,1,7,4,4,8,2,41
T2VTPBPXA,哲学のドンカラス,K8C99H42D,ルリと喜ド！愛楽,1437,12,7084,886730,10,10,10,10,10,10,10,10,80
U8NY3O5FE,ぞん,5W8RPRVUA,ド！ド！泥！,739,2,7085,886690,4,2,3,2,4,2,1,2,20
54NDD8AW6,りんか,PNKCBFP4B,おばんです,742,2,7086,886510,7,5,10,8,6,5,9,3,53
FXH5RUR2E,テリー・ボガード,HWJ8XPW0T,箱推しなのだけど,966,4,7087,886330,8,7,4,8,6,7,10,4,54
Q5F4BCOHK,かき,CYC7TE27P,ABC,1230,19,7088,886240,7,8,8,7,8,4,10,6,58
G9AWEWZ7O,オルソン,EC28PB9KN,梢画伯工房(Фω,1045,1,7089,886150,4,4,5,4,9,4,9,2,41
KUDLVC58W,K.ヨッちゃん,CL9JCBTU6,蓮ノ空出遅れ組,914,1,7090,886060,9,10,8,7,8,6,7,3,58
V8TFQUZOR,かんわ,AE3L01V24,LOVE蓮ノ空,784,4,7091,885880,7,6,4,5,4,2,2,2,32
PBD8BXSG1,のりあき,T4WY63DB9,ういのま,1273,1,7092,885340,9,8,7,9,8,8,10,3,62
XY0Z49DNI,香  林坊,TTDBXERCU,蓮ノ空 全力応援,1264,15,7093,885160,9,8,6,9,7,7,7,2,55
HPGSAY8P5,ゆう,JA2C658FW,さや綴理の村人,1209,14,7094,885000,8,9,4,9,7,9,7,2,55
CJXNTVBR6,Ｋz,NT2KU5174,こずかほ。,1238,12,7094,885000,10,10,4,8,9,7,10,2,60
AMLER3438,うみねこ3,9U8KNU6U9,対抗戦用,751,1,7096,884980,8,5,9,6,7,7,5,4,51
8Q77TBKAS,TOSI9906,RXXUPMWB9,待機室跡地観測所,1085,5,7096,884980,10,5,7,8,8,8,9,2,57
XW5PKDMNY,スリーズ217,JTBMEXV8L,ひとりぼっち,832,2,7096,884980,7,7,4,10,8,5,6,2,49
DIP8Z8GIN,めいどさん,ADV0547D7,蓮ノ美食殿,1106,4,7099,884800,8,8,6,8,5,6,8,2,51
UXPT5BPGV,mm.smith,88PFL7AX5,流転,1150,19,7100,884440,7,9,5,6,6,1,10,4,48
NDB1CPBJ5,shinya,7MXXR7UBG,放課後リンクラ部,1119,0,7101,884336,7,8,7,7,7,7,9,2,54
XKXKHB6U6,てぬ,RA1676TKK,蓮の空好き好き部,963,9,7102,883994,5,1,4,7,3,4,4,2,30
R1R07VYAY,べじ,X7C21B7H7,泥,698,2,7103,883481,8,6,7,10,8,5,7,5,56
00XKAG31P,ぷらけー,HPTHY23VR,蓮ノ空文芸部,1112,4,7104,882820,10,6,7,8,8,9,7,2,57
D2HRR151R,紅風紀,CJF72KJ6W,紅風紀ソロ,652,0,7105,882730,7,7,6,8,6,5,8,3,50
TURGT4E95,のんのん,3A63DYH54,LLすこすこ部,1091,1,7106,882626,6,8,7,5,6,6,7,3,48
VDWM9J87Y,マスター,WM6VLG32E,ツナガルソラ,1394,6,7107,882500,9,10,8,8,8,5,10,2,60
DHUHLBXCL,X-ゼルガード,Y6JNPC60C,綴理メイト,1027,4,7108,882284,2,7,7,4,6,5,9,3,43
T7U45Y5RG,さかな,GR750NEY3,魚肉セーソージ,1032,11,7108,882284,7,10,8,6,5,10,9,3,58
NMAXCUPFZ,(○▽○),8FR866PRY,蓮っ子みらくラブ,1228,19,7110,882280,8,7,10,10,10,8,7,5,65
WB211KYAL,クッスー,BPHHYC793,ソロ専の集い,1178,6,7111,882250,8,9,8,8,8,7,8,4,60
BFULL2QMH,かけっち,CGLNW9PDU,さや処札幌支店,1123,6,7112,882113,10,8,9,10,7,7,6,5,62
FVLAC6J5E,TSIPAD,0RVUANVB3,さやさやびー,1191,0,7113,881920,9,10,8,9,7,8,10,8,69
9RVAC5A7C,花帆ちゃん,1H5P6KV81,さやかの水着,417,0,7114,881740,10,6,5,6,6,4,5,6,48
EET3MLYVC,Hiro,J0N1E3Y09,月火水木金土日,1221,15,7115,881470,10,9,8,8,7,7,10,5,64
7FXWUUF3N,yuwinet,FE282F3VH,天悶部,992,3,7116,881290,2,10,6,9,7,1,5,2,42
Y6MTYN68T,名誉会長,V8PE7XEWX,松任工場を偲ぶ会,988,2,7117,881110,9,8,8,7,7,5,9,2,55
0R2H1NVHY,Juck1968,0B8RTHY4D,のんびり屋さん,799,1,7117,881110,8,5,4,1,2,3,1,2,26
MEAKFE95L,ゆーすけ,7JBTC1J7U,いろ蓮,863,0,7119,881087,6,7,6,8,5,1,4,2,39
9W27RP14B,夜凪,WBXF9XXW7,さやつづ愛でる会,512,0,7120,881020,6,7,7,8,7,4,4,2,45
HVLY4MXC4,はすにゃん,XPX36F6JX,無言初心者お試し,735,0,7120,881020,9,7,4,8,2,4,6,3,43
M7F4X1G2O,けいどら,YLJ2PP4X4,全日本謝罪同好会,1553,6,7122,880916,10,10,10,10,9,10,10,3,72
DB75L2GXT,はる,V6DKUH6JT,報酬だけほしい,435,2,7123,880574,10,7,5,4,2,2,5,2,37
F59EU608F,ナスタチウム,424NLTEE8,無言な異次元部屋,1203,2,7124,880500,5,7,2,8,6,1,6,2,37
H17SMKCW7,KY,L28X4MDJN,アフター観たいぞ,967,2,7125,880300,10,8,6,6,6,5,8,2,51
UMXFM53WN,每日討厭林可拉,JKAYY0KXL,自由！開心！,1028,4,7126,880090,10,10,4,9,7,6,10,6,62
FB5KYTLFT,すばるん,UPNXW2A69,ライグラ報酬集め,909,2,7127,879548,7,9,7,7,5,7,8,2,52
DNYU68VF4,105Party,CXG25026E,泥のみんなS,651,0,7128,879490,10,9,9,7,9,6,8,2,60
1MR2E6D09,マダオ☆,B2AN1PT0N,417,1017,4,7129,879310,5,7,6,4,8,6,7,2,45
1CBTT1YL4,たい,TK9E1BB1P,無言で自由,1170,0,7129,879310,3,8,10,10,8,8,9,2,58
2RQY5EP7H,A級フリーター,WE4AB37FP,めぐ党,1105,7,7131,879220,7,5,5,7,7,7,8,2,48
B7F8XL777,わもち,K7LC46V5M,Link！ラ部,1114,6,7132,879000,9,7,6,6,4,1,4,2,39
9PB9R3TEG,はじめ,95TAREFPT,ご自由にどうぞ,1093,2,7133,878860,3,4,4,4,4,4,7,2,32
UIQ7PTDR2,タナー,4ERDMUE31,ああああああ,1017,6,7134,878590,10,10,9,9,6,7,8,3,62
8BH0VTM3U,たこや,6TEDXJBLX,柳田保育園,1248,17,7135,878230,8,8,7,7,6,5,8,3,52
5K0GLNFQ7,えいき,GJ9C8YJE2,蓮ノ空大好き部,777,0,7136,877870,8,6,4,4,4,2,7,2,37
T9JT7RQ1J,修造,HMBW9DXY2,蓮好き皆あつまれ,1249,11,7137,877750,8,8,8,9,9,8,9,3,62
JVDRVFFBP,たなばた野郎,B2KV0EVPD,蓮ちゅきクラブ,1476,15,7138,877420,1,1,1,1,2,1,1,1,9
NTLUM5U6H,阿木李,E0JM59N1E,花咲梢,388,0,7139,876970,4,5,4,5,3,2,2,2,27
BVGILPKLX,しかまろ,1XX6FWJRB,オートスキップ団,1282,5,7140,876641,8,8,4,8,7,8,10,2,55
OMH4PGMIU,ハラペーニョ,8UJNTV5BX,のんびりと部,921,1,7141,876520,7,9,5,7,7,6,8,2,51
AG9J5YT4G,Cranky,0FMM30LCA,無言,386,1,7141,876520,6,6,3,10,5,1,1,2,34
MV2EDFIHP,たくみかん,ACH6PMHX4,まったり塔,1009,5,7143,876430,1,1,1,1,1,1,1,2,9
PLVTEYG16,ことチュリオン,LHU88R0LV,リンクラまったり,1093,12,7144,876340,9,8,5,7,8,6,6,2,51
1DRW12FXA,miRacle,WBXF9XXW7,さやつづ愛でる会,241,0,7145,876160,7,6,8,5,5,6,2,3,42
632LXISEE,ゆいちゃん,RBH0YM8P2,蓮ノ空ラーメン部,313,0,7146,876070,6,5,2,4,3,1,1,3,25
77Y6R841Y,シャリア・ブル,AG9PKMMC3,ぱかぱか同好会,1079,9,7147,876000,9,7,6,9,8,10,9,2,60
7K2JJT6P9,プラチナ,BY5NV4UU8,トライファイター,1406,6,7148,875786,10,10,10,10,9,9,10,6,74
UC2XHTF7W,なま,ABALH0AL3,楽園計画,1307,10,7149,875540,10,10,10,10,9,10,10,8,77
N5TL4EU79,ぷらこま,M74P64HDW,金沢サニーランド,1084,10,7150,875530,8,8,6,7,7,7,8,4,55
M5KH7N8V6,三千院羽月,J800VVPTN,Aqours,1094,11,7151,875444,1,1,1,1,3,4,2,1,14
LLH9VNB3R,リエル,Y7KJ3PM8P,蓮すきすき同好会,1310,19,7152,875350,9,10,7,8,7,7,10,2,60
GVUND03R0,おこめし,8VGXWTV3U,R.opRizm,626,3,7153,875273,5,4,6,6,7,4,3,2,37
9QGWDQJH0,なまなま,36T6UB6YA,まったり箱推し部,1158,2,7154,875250,8,6,4,8,6,6,10,2,50
YLB7IXETE,Shun,3RH5MYBXV,こずめぐ党,1169,3,7155,874630,9,5,8,8,10,5,10,3,58
9NLTCJA1P,カワカミ,1UBNNHVLG,蓮箱推し（仮）,579,1,7156,874450,4,1,1,1,4,1,2,2,16
0NZ9E2H1F,コオリン,KFC62L0FV,ねるねる同好会,1230,2,7157,874270,4,7,5,5,6,2,2,2,33
MGR1HNTP5,侑,AHE0E3JND,ありがと！にひっ,968,0,7157,874270,7,8,5,8,6,7,9,2,52
RY2C1MGLA,やたろー,1U4JN5CXB,LLユーカー部!,537,3,7157,874270,10,10,8,9,6,8,2,2,55
O9IXWQXTA,ぱるばーど,U0N57LDY5,くさ・みずタイプ,1521,8,7160,874000,10,10,10,10,7,7,9,10,73
APPNFG74P,まる,L7UKEPJG2,ドンココ,741,1,7161,873960,9,10,7,7,6,7,10,6,62
U8ULGMPDO,タロー,3FF3NB77X,せーはす愛好会,1190,0,7162,873734,9,8,6,8,8,2,9,3,53
2ROEULTRQ,へっぽこぴ〜,W2HEPMM2A,無言。ぼっち。,1138,7,7163,873640,9,9,8,7,7,5,8,2,55
4V75X1445,アリカ,N1JAJ83CA,蓮ノ空園芸部,1402,0,7164,873221,10,9,9,8,3,1,9,2,51
K2YKEY9GR,haru,XXVVJY6FE,はぴぱれ,212,0,7165,872879,10,5,9,7,5,2,1,4,43
3ULWDRRWH,イナサク,NLTAB4BLF,蓮ノ空ゆる活動部,1139,1,7166,872830,8,9,8,9,7,7,7,5,60
UF5EGD2RT,饶舒铭,JA2C658FW,さや綴理の村人,802,2,7167,872708,9,8,5,5,6,7,4,3,47
L9PN9H3WY,すけさん,43HRXMXWA,無言OKクラブ,1209,8,7168,872560,8,9,6,8,8,6,8,2,55
JZL1O0VV5,kamesan,PPAHU1TNY,蓮ノ空のんびり部,1092,12,7168,872560,7,5,6,8,8,7,6,2,49
1GQRC5VAD,もち,8FR866PRY,蓮っ子みらくラブ,1322,5,7168,872560,8,9,8,9,8,8,9,2,61
F7Y46AMZ0,Scarlet,LUDNM40F8,ふくふく無言OK,1416,19,7171,872500,10,10,7,8,8,7,10,2,62
E8Q70BDPA,赤りんご,LUDNM40F8,ふくふく無言OK,1111,12,7172,872290,10,8,7,9,8,8,8,4,62
NPET2MEMX,すずみや,F2CFWVMY9,藤島め組,538,2,7173,872020,7,7,8,8,5,10,4,2,51
MW29X2TV6,シノア,9AYD3XJ2D,ぺんぎん隊,1210,19,7173,872020,7,8,7,8,7,5,8,2,52
5ZQU0EHHE,無冬夜,AHE0E3JND,ありがと！にひっ,1177,2,7175,871853,10,9,8,8,7,7,7,1,57
83GNCDLLF,村人i,3JDDUYURT,無言,1298,2,7176,871520,10,10,9,9,9,7,10,10,74
AMK4CCP9N,Chris,RY2GB8R99,フレーズフルール,1008,6,7177,871511,2,6,2,4,7,1,4,2,28
LOLTO9YSN,シィゲ,HKETDDCK6,ぼっちざ蓮!!,1121,4,7178,871120,8,9,6,7,8,7,8,2,55
YXJIU926B,マコリカ,WLLWJ8ADP,乙宗筋肉サークル,1169,0,7179,870940,10,9,7,7,8,5,8,2,56
CRK60LK6V,もも^ ^,0YLUK30K6,蓮っコの集い,961,2,7179,870940,1,1,1,1,3,3,2,2,14
493NKXKPE,炎邪,578YG6EAT,桜桃花束愛聴会,997,3,7181,870220,8,8,5,5,5,8,8,2,49
PTLO91GAH,まこちゃP,XLBU65J86,花の壁飾りクラブ,1113,0,7181,870220,8,9,6,7,8,5,10,2,55
1BMX3KLNL,いくら,1F5EPPMLD,UR貰えればいい,240,0,7183,869972,10,8,9,7,8,6,9,10,67
28YE0HGYG,青城千春,KRLTMVMX4,蓮友会,888,6,7183,869972,10,10,7,6,3,8,3,4,51
PV6C2HCV3,日野下 梢,NC2YT2V28,蓮之愛同予者何人,1380,19,7185,869860,10,10,9,10,10,10,10,7,76
09J07B810,いのさん,57HNJ07NK,みらぱ推活最前列,1295,11,7185,869860,10,8,10,10,9,7,10,4,68
JGLK4W026,アズキ,TR057C1UW,蓮ノ空ぼっち部,953,2,7187,869590,10,7,6,5,5,5,6,5,49
OQFOIAKCZ,デコポン,M19W0KC8A,ラナンキュラスズ,1013,0,7188,869450,7,6,4,7,6,5,9,2,46
LKEYVKQ7X,みらぱ星人,E050K9859,蓮党,1094,2,7189,869050,10,5,8,9,7,8,2,2,51
63EXN84VQ,咲下りょう,VA6X5YNNF,スリーズ分家,1205,13,7190,869000,5,6,6,4,2,1,9,2,35
7317XERM1,犬,R3UE4PGCE,うさぎ小屋,726,0,7191,868960,7,5,6,7,7,4,10,2,48
DVT78EV1B,fg021,828YTYAA9,箱推し社畜の部屋,907,0,7192,868946,7,8,7,7,6,5,7,2,49
GKH6MY1PD,みしゃ,8MTLYLH9F,木星月華黄金宮,557,0,7193,868510,4,2,6,1,3,1,2,2,21
M7CJ4WTXJ,Izayoi,EWM0GK62C,誰でもどうぞ,753,0,7194,868500,8,10,4,7,5,4,2,2,42
3U9VMHELT,ベち,38KAJGDGU,異次元シャニP,1158,9,7194,868500,10,9,7,7,6,5,10,3,57
0CNM5LV5X,I♡YUGIRI,5VBB4F8N2,灰色ペンギン,547,2,7196,868091,4,5,7,3,4,8,3,2,36
5C4TET6WP,ダイヤ,2K5AM4RV0,とろぺりです,1714,12,7197,867880,10,10,10,10,10,10,10,10,80
XBGTPJN3T,yochan,WCL6R1ANU,無所属の会,757,3,7198,867790,10,9,7,10,8,6,9,3,62
4A5XXFC9P,チェスター,BEMED3RY1,無言無課金ok,889,6,7199,867749,7,7,6,8,7,3,1,2,41
WXL1LTNX3,Harasin,K7LC46V5M,Link！ラ部,936,4,7200,867700,8,10,10,10,10,6,6,3,63
TTP49DL7G,The 虎,GGK2P93JK,きゃらめる,1097,1,7201,867520,10,10,5,10,9,10,10,4,68
XF646650E,なぽりたん,6N3F238R0,イベント参加用,1101,15,7202,867340,6,7,5,9,3,4,6,2,42
822D7LTUJ,リンノフ,YHWN0NJ03,ドカ食い気絶部,919,0,7203,867250,4,8,5,7,6,6,9,2,47
NHYX34977,アッツン@サブ,61DV78UAJ,モタスポクラブ,953,4,7204,867236,9,4,5,4,5,5,4,3,39
M3NT37EWG,花月,PUJ0ERCMW,蓮ノ空倶楽部,822,3,7205,867000,10,7,7,8,6,7,5,2,52
NPNP4C1J6,ポム,N1DJVPGP8,いつでも咲けるよ,1438,2,7206,866620,10,10,9,10,9,10,10,6,74
EDGMD2AD2,Gファルコン,A3472CNJE,ハントン✿ライス,1203,3,7207,866440,9,8,7,8,7,7,8,2,56
YWXLZFP6H,スカーレット,88DJ300PJ,めぐ党 • 永遠,1087,3,7207,866440,7,7,6,8,7,4,7,3,49
IIQEFT5KR,とらきち,2JK7E4115,ラ！推し,1218,7,7207,866440,8,8,8,6,5,4,10,6,55
OD4JCJSRW,Kei,BT22M41DV,梢花帆吟子同好会,1354,19,7210,866000,10,10,8,10,8,10,10,8,74
E7KAN1GU6,ﾎﾟﾎﾟﾎﾟｰﾝ,D4T08RK91,リンクラ同好会✿,604,0,7211,865900,8,8,4,6,6,4,5,2,43
157V86KA7,ライチ,CVFYWNA8C,大阪の帰宅部,897,1,7212,865810,7,8,5,6,6,5,6,2,45
FDN2DNMKL,おがわん,T4WY63DB9,ういのま,1122,2,7213,865180,8,9,9,9,8,6,7,3,59
APT7BY87H,優木,GN9EEL045,きらくに,963,3,7214,865000,9,9,7,8,5,1,4,2,45
RNWCJJL66,なおす,B5PCT2J9B,とりあえず,959,0,7215,864460,9,8,7,8,7,5,7,2,53
RJP5GGCPX,おにく,75UJ5RB97,蓮ノ空雪野球部,931,10,7215,864460,7,8,7,6,7,4,8,2,49
U90NG6PEZ,asari,58FD7UF8J,としとしサークル,1124,4,7217,864370,7,9,6,7,7,4,8,2,50
0U2JP4E00,みや,V33FGRFC4,1限目に遅刻ラブ,1212,7,7218,864329,4,4,6,1,7,1,2,2,27
G0C9HPKYJ,刹那,95TAREFPT,ご自由にどうぞ,953,1,7219,864158,7,3,4,5,5,2,6,2,34
KM1YL0KV1,TAKEO,C791XXLDF,つづさや会,1265,19,7220,864100,8,9,8,10,10,10,10,3,68
AM7DF2UB9,にょん,0PJ19NAE3,蓮ノ空同好会☆,487,0,7221,863650,7,6,4,2,4,2,2,2,29
SKJG5KVOL,タロイモ,T8X0G07YB,なければ立てる！,1338,2,7222,863645,9,8,8,10,6,10,10,6,67
6N0GKCHD2,ガースー,EECF9C0N3,蓮ノ空　茨城分校,1206,7,7223,863470,8,6,2,4,2,4,4,2,32
CX8RL3EPK,男小鸟,YVV9CMBLW,東京公演で沼落ち,945,7,7223,863470,8,7,1,3,4,4,2,2,31
73DX96MV5,あおい,7NJM1VURM,らんるん部。,231,0,7225,863380,5,5,5,3,3,4,4,2,31
72SX1Q0B7,ティーケー,B2KV0EVPD,蓮ちゅきクラブ,1435,14,7226,863200,1,1,1,1,1,1,1,1,8
YY2RNLA7P,シュン。,321FF56TK,リンクラ芸楽部,857,2,7227,863110,4,5,7,5,7,1,1,2,32
H4OG1LBAN,ハルキ,28XJ8NK4L,蓮ノ空まったり部,1072,4,7228,863020,5,7,5,8,7,6,10,3,51
J6HYK985X,antmy,NVTUPU3N6,蓮ノ沼海浜公園,544,0,7228,863020,6,1,4,2,5,1,4,2,25
44YJV86EP,ユキ,YJNWBA8F6,梢推し隊仙台支社,1225,3,7228,863020,7,8,6,7,6,4,10,6,54
GY7VBNG25,吉川優子,WTJV514G9,蓮ノ空のお弁当屋,902,6,7231,862990,1,1,1,3,4,1,4,1,16
QDQYL3F7I,氷星フィッツ,YM72HRVCF,ワンニャン部,1262,13,7231,862990,7,10,7,9,6,6,10,6,61
ZLF0OVQP2,かもめ,HKKCM3W4M,かほ姉の集い,906,2,7233,862790,5,5,7,6,6,1,6,2,38
94MNHE2N9,tmazda,0RVUANVB3,さやさやびー,1450,10,7234,862750,10,10,8,9,8,8,10,6,69
VV0J717AX,バナナ,ELTW62751,安全バーは君の腕,1305,2,7234,862750,7,8,6,6,7,5,9,2,50
6491RLDU3,シデン,1D7T2UXC2,無言でのんびり,525,0,7234,862750,3,3,3,2,2,1,1,2,17
RVJKCLMH2,銀華,HN777M51H,今泉総本舗,1480,2,7237,862660,10,10,8,8,8,8,10,8,70
5DRETR5CR,いさどり,YMKU30246,参加賞がほしい,595,0,7237,862660,9,8,10,10,8,8,10,2,65
0OH0VV1DQ,真琴,EC28PB9KN,梢画伯工房(Фω,1047,2,7239,862480,7,4,8,8,6,5,7,2,47
5FBUGEPG1,Tom,7AATUNUPE,無言サークル,901,0,7240,862120,7,4,4,6,8,8,6,2,45
48RBUG2U8,クリオネ,KXMXL2KRX,超初心者,1019,2,7241,862030,6,7,6,7,9,2,2,2,41
0M7VSW1M4,イリヤ,BW38LDPRF,蓮浦の星空,1322,15,7242,861850,7,9,5,9,9,6,10,5,60
99V8KVHL0,翡翠(ひすい),4FXPC55PY,PPIHクラブ,876,4,7243,861670,10,5,6,10,5,5,1,2,44
5R50K78UM,りり,PB3TBGV6N,いちご大福,1360,19,7244,861500,10,10,10,10,10,9,10,4,73
QJ1Y1B4V3,潜伏者,G8F0M2PH2,アフターウォール,1113,0,7245,861490,4,7,5,6,6,5,7,2,42
YP557DRRW,カメヤマ,ATB27G5P2,おこめ茶寮,1318,17,7246,861220,8,8,4,6,6,6,10,6,54
BV9JYHY6D,aru,06DCWC1RE,とりあえず参戦用,1159,12,7247,861130,8,6,9,7,7,5,10,2,54
AGHF59BHT,サバタ,WWWUTP96L,異次元からキマシ,919,2,7248,860860,7,7,6,10,7,4,8,2,51
MC0R8KMSY,パラン,EECF9C0N3,蓮ノ空　茨城分校,1102,6,7249,860738,5,5,5,8,6,8,4,2,43
L166EWTKU,グミ,WPG6BCG83,基本無言,1250,12,7250,860500,8,7,8,6,7,4,9,2,51
D5HFECWTD,めぐまわり,GN1798YEX,ド!ド!同好会,1335,19,7251,860250,10,7,7,10,9,8,10,3,64
KGUTEV0YR,ピンハネ,GPKTRBCTT,騎空団蓮ノ空支部,1136,12,7252,859883,8,8,10,5,7,10,10,2,60
8YH1AWMER,TinBoy,CEP973KKU,スリブ好き好き会,810,0,7253,859780,7,9,10,10,2,1,6,2,47
SP3QRRRCA,えりち推しの提督,H1LTYMK0B,花帆が可愛いの会,1143,17,7253,859780,8,7,5,7,2,8,8,2,47
CFALZDL3C,ミヤ,RNJ306W6N,日曜日よりの使者,1064,3,7255,859690,9,5,7,9,7,3,5,2,47
XAW7333YW,むえの,7XCGCUG96,ふみスタ,534,0,7256,859600,6,8,5,5,3,4,4,2,37
YR7V5HOCE,ムァーチ,6HV2RH6TU,イベント用、無言,1175,4,7256,859600,9,9,8,7,8,5,9,2,57
3BBMNCHPK,やむやむ,866DU609J,ラ！スレ@may,1226,1,7258,859510,9,8,7,10,9,7,10,6,66
CG0NV1U29,Nuriさん,2JK7E4115,ラ！推し,1005,9,7259,859330,8,10,8,7,7,7,7,2,56
WF4CJD96P,schnee,3A63DYH54,LLすこすこ部,1059,1,7260,859240,5,7,5,6,7,5,8,2,45
FRT1IXANI,kazukix,L1VGJTD5P,蓮ノ空お茶会部,1236,13,7261,859150,8,8,8,9,7,7,4,3,54
JM76Q2YST,あゆ@,LKFW0NTVG,無所属,1359,0,7262,859060,10,10,8,9,8,7,10,4,66
4YXL2E8UT,にぼし,FK5MUK0ET,くる♡すきクラブ,1210,11,7263,858970,5,6,5,5,6,10,7,3,47
APHJQ7NPO,自販機18号,63AKA05VR,まったりGngy,859,2,7264,858700,8,9,9,9,9,7,10,6,67
WI4U0XAX0,SARA,9D722M8KC,蓮ノ空同好会,1152,9,7265,858610,10,7,6,7,9,5,8,2,54
NXN5BEHM2,モルカーホー,2JK7E4115,ラ！推し,1116,0,7266,858520,10,6,10,10,8,8,9,6,67
4JZZFJZG3,ツキ,YM72HRVCF,ワンニャン部,1357,4,7267,858173,4,10,5,7,9,7,10,2,54
G3HCNGV18,ジュニャ,8588YN91J,虹咲学院,943,9,7268,858160,10,9,10,7,7,8,9,7,67
5YPNHJ8RG,花,D7UA5ER1E,UR報酬欲しい！,997,2,7269,857750,8,9,7,8,7,6,7,3,55
D5H8MC8BN,そら,08DDCV5JN,黒ねこのしっぽ,729,2,7270,857710,9,8,5,3,7,2,9,2,45
EC68UZX5T,HAPPUI,J80MEYHBC,Nymphaea,1245,5,7271,857620,8,7,6,7,7,6,8,2,51
ADG4DYDGK,穂のりん,6D49YVAT7,ユニット愛で隊,1237,13,7272,857500,10,9,8,10,8,7,6,6,64
UXTG6UI2S,まつ,MXKTH01TF,KTCLUB,1031,8,7273,857489,6,7,7,6,6,7,7,4,50
NYX6XX372,総裁,23PGPJ3NV,蓮ビギナーの集い,668,0,7274,857440,10,9,6,10,10,10,7,6,68
CF5AWYLYM,guradius,V7768X8AC,せーので！,1128,7,7275,857260,9,8,6,8,9,7,9,2,58
B8UMX4FAZ,しきぷー,KPLDLRJ9N,デュタラノピア,956,1,7276,857250,9,7,7,8,7,7,9,2,56
E1DJ823CT,ナオ,CRYB2FJ64,つくよみくらぶ,828,2,7277,856990,10,10,10,10,6,4,6,2,58
3622UPXYV,nond,D7UA5ER1E,UR報酬欲しい！,380,0,7278,856900,9,9,8,9,8,4,8,3,58
WGP9J786X,リンクラベリー,6JT4698RG,ぶたばこ,694,4,7279,856634,5,5,1,10,3,1,1,2,28
NYFFCKEKX,むぎ,J8HXTJ8TB,流し素麺同好会,851,3,7280,856360,4,6,3,5,5,1,1,2,27
1FP68ENTP,あるが,762FM3JV4,一蓮托生,595,0,7281,856292,7,5,6,4,7,1,5,2,37
9MNSI2TIB,タケノコ,F31A07X4V,蓮ノ空福井分校,1000,9,7282,856250,2,5,5,7,8,4,9,2,42
LBWF60YNJ,テル,NJBBTCY3A,かにかに！,675,0,7283,855910,2,3,1,2,4,1,1,2,16
E0QPEGJDA,ライナー,JRAC1HYUD,SPHS-MMT,977,3,7284,855640,10,10,10,9,5,4,10,6,64
FLGE7C4T3,雪靴猫,CT6NE6GX4,未達成未来研究部,330,0,7285,855460,4,1,1,4,2,1,1,2,16
65B3ZLSOI,しいたけは俺の嫁,424NLTEE8,無言な異次元部屋,1032,9,7286,855190,9,10,8,7,7,7,8,2,58
9WWLGUWKK,づ彼岸の花ゞ,5X39Y4ED4,蓮,797,3,7287,854830,5,7,7,7,4,4,4,2,40
LEJGTGCGI,Ferran,HWWRP6K2J,家に猫がいます,792,6,7288,854753,2,4,1,1,3,2,1,2,16
Z26C7NHJD,カン,4XRHRYDW4,無言でエンジョイ,1224,12,7289,854740,8,8,6,7,8,7,9,3,56
2T77PDGCC,ツッツ,4NDAG5E9N,国産牛のにげあし,786,0,7290,854650,10,9,9,7,6,6,7,5,59
WKXUUKRD3,あんみつ寒天,J5CKL5YPX,ログイン勢かもん,909,2,7291,854582,4,7,7,5,6,2,8,3,42
1FDJCEM4Q,ハマイク,G0WRCNRWK,県立沢庵図書館,847,3,7292,854560,7,5,4,5,5,1,7,2,36
5WKVI7CO2,やよ壱,HBD61R6WC,梢先輩すきすき部,1199,4,7293,854380,6,7,4,6,6,5,9,2,45
08PBRBEPM,あそん,YRKPTXY0Y,どうでしょう,659,0,7294,854110,5,1,1,6,4,6,7,2,32
7GEUC1E8X,にぁあああ,JWUL2T36L,チーム初心者,634,0,7294,854110,4,9,5,7,7,1,5,2,40
JTFZQRYUJ,マル,T8PB5A8JM,123,1409,6,7296,853990,10,10,6,10,2,3,8,2,51
UBU1EWLBY,kozue,DKNHY5HH6,なす料理研究会,734,0,7297,853750,7,7,8,7,7,2,1,2,41
45U0KB554,はねすけ,UHF5Y8PEF,さやちゃん倶楽部,705,0,7298,853570,4,9,6,3,4,7,1,2,36
GYY6TWHYM,焔夏（ほのか）,PVRH71TL3,Flow'Lov,1086,5,7298,853570,9,8,4,8,8,6,8,5,56
0LQWR4XP2,素敵な学院生,RM7N1JDB5,無言推奨不干渉会,681,4,7298,853570,1,5,1,4,10,1,2,2,26
OHN0Y0DNJ,くまちゃま♪,PUJ0ERCMW,蓮ノ空倶楽部,1506,15,7301,853300,10,10,10,10,10,10,10,10,80
IB3PM3WCQ,ここあ,3RH5MYBXV,こずめぐ党,1276,7,7302,853210,8,8,7,9,7,7,9,4,59
04P0W791X,KAMAro,2L4HJXUUR,アマ研ガルパン班,1148,7,7303,852220,7,7,5,6,8,7,10,7,57
CBBKP79NP,必殺のピンクポン,766J6R5F0,理解力乏しき者,469,0,7304,852188,5,1,8,1,2,1,10,2,30
WD7HPQ7MW,ツバサ,0CBM28JP6,ほうき星,1068,12,7304,852188,5,6,4,7,6,4,9,2,43
FYAWKUBWC,花梢99,VA6X5YNNF,スリーズ分家,259,0,7306,852017,8,6,6,4,4,4,1,2,35
70JWEB9JC,純喫茶パフェ子,BKUHCT7WF,蓮女お嬢様部,1300,16,7307,852000,8,5,7,7,6,7,9,2,51
E4PN4JG1C,ハルハル,06KXF4UFK,naoハル,919,2,7308,851950,10,9,7,7,9,5,9,2,58
9352FGFD3,ゆずみっく,KC1W74B9B,蓮六園,271,0,7309,851410,9,10,1,5,6,1,1,2,35
ZKZGE9HA1,510@may,58FD7UF8J,としとしサークル,1451,18,7310,851162,10,10,7,10,9,8,9,4,67
RHGD94TFU,Yuzu,3YWMY4JVN,82プロ,1049,12,7311,851050,7,5,4,8,6,4,2,3,39
61QTWR6WQ,大月,FR5PDRB5Y,株式会社つづさや,1306,7,7312,850780,9,8,7,10,10,4,8,2,58
EY3VNNK71,蒼華,JWUL2T36L,チーム初心者,888,0,7313,850600,9,7,5,7,8,4,8,3,51
9CJMWSTFB,ぷらちないと,9VDEWVP01,瑠璃乃の集い,1095,2,7314,850420,8,7,2,9,6,7,8,2,49
34LWJQPTW,鹿のジン,B4ADNM80X,山本組,973,2,7315,850250,7,5,4,6,6,4,6,3,41
KMBK336XK,kiyo,6YTAMD33M,リリエンフェル党,375,0,7316,850136,4,2,3,3,2,1,1,2,18
3LVPPB2RG,絢辻 劉,NA8FEYN0M,蓮ノ空飲酒クラブ,882,3,7317,849790,8,7,5,7,6,7,1,2,43
7FWCYVMYN,ツキ,8J1GJT2BC,近畿の大金沢,1128,17,7318,849623,7,7,8,5,10,10,9,2,58
UJU4N843X,みき,AHE0E3JND,ありがと！にひっ,1054,8,7319,849520,10,9,7,10,6,4,7,2,55
8768HVX95,まさみち,8BAYBXUXC,スリブ大好き♪,903,4,7320,849110,9,3,5,3,4,1,1,2,28
T7NWEAXG3,えるむ,AHE0E3JND,ありがと！にひっ,502,2,7321,849000,6,6,7,2,5,2,1,5,34
VPNW72RWY,紅茶の国,NGMU0511T,無言のお茶会,1013,1,7322,848980,7,7,3,6,5,8,6,2,44
M298SPIY5,なつき,9U8KNU6U9,対抗戦用,1114,0,7323,848800,8,8,6,9,5,5,7,2,50
EMBL9NWWF,ふる,0JY7F3EKU,さやか愛でる会,772,1,7324,848530,6,5,10,10,7,7,5,2,52
E6HVP9MVX,ふわもっち,NT2KU5174,こずかほ。,1120,10,7324,848530,7,9,7,7,7,7,8,2,54
3RVXE7N0J,ちゃんとしたかも,5CG1W6CP5,初心者さん,1031,8,7326,848440,7,8,5,6,5,5,9,2,47
X6A7VXYT4,Rakkit,0UTVRAKFL,平穏無言,1228,6,7327,848350,9,9,7,9,8,8,9,3,62
3HZ72U10W,アリサク,K25DPPGT9,圧倒的にまったり,1143,19,7328,848260,1,6,4,5,4,4,7,2,33
H4PN6L5DP,いろはす,YLJ2PP4X4,全日本謝罪同好会,751,2,7329,847900,5,8,5,5,2,4,4,2,35
740KCYCHL,.tw,4K26FFX46,一人サークル,967,4,7330,847810,9,9,6,6,4,5,7,2,48
M1FR8LDYD,T＆M,PWK02KG0F,メメントの森公園,690,0,7330,847810,4,9,2,9,2,1,1,2,30
40X1DMJCG,堕天使LOVE♡,6C9R15BLY,スクスタ避難民,697,0,7332,847742,7,8,4,7,8,5,7,2,48
T256GEXJ9,りっか,AE3L01V24,LOVE蓮ノ空,509,2,7333,847630,6,1,1,7,4,1,1,2,23
BOY5LVU3N,ざるそば,X7C21B7H7,泥,1239,4,7334,847540,7,6,8,5,6,5,9,2,48
GMO6OOAYD,奈央,NFMEGRJ45,社畜無言サークル,1385,15,7335,847500,9,7,7,9,9,7,9,6,63
T4GPGDWLT,Kana.T,J5FJNX88N,無言,1142,12,7336,847450,10,10,9,9,10,9,10,2,69
8LOXBI7PZ,せんり,H0DV3JJGA,かほさやてぇてぇ,1236,17,7337,847400,7,6,2,5,4,8,1,2,35
P2G6MNXC9,kuuki,Y6JNPC60C,綴理メイト,1109,19,7338,847360,9,10,9,10,9,8,10,9,74
AW8Q0NER5,ひでのん,HBD61R6WC,梢先輩すきすき部,1106,12,7339,847270,6,5,9,7,8,7,8,3,53
C3X42UB3C,ほの,GYG7B5R36,幼馴染同好会,1125,8,7340,847229,10,8,8,10,7,7,10,3,63
H7PWU2C3F,鶉音,N83DW3NYG,†極最強倶楽部†,940,2,7341,847058,6,8,5,9,6,4,7,2,47
8TVRHLKX8,Septe_l,30W3RA65G,蓮ノ空自由クラブ,457,0,7341,847058,8,9,7,9,7,3,10,2,55
F46R6RJEE,Quantum,AAHB7C276,HaCordVN,1083,13,7343,846820,8,10,7,8,7,7,7,3,57
VFP1AZBZC,Linkcat,31A7JKC69,蓮好きの巣窟,774,2,7344,846730,4,4,6,4,3,4,2,2,29
E374TZC25,ばいおれっと,M851LEV3N,なっす父兄,1485,1,7345,846716,9,9,8,10,8,8,10,3,65
0R13TUC67,とよほん,RC3X71TV7,気づいたら爆散,657,1,7346,846460,10,10,10,9,8,10,8,5,70
VENF7V4VV,エルエル,GJCKB88YE,P&S,800,0,7346,846460,9,6,4,6,7,4,3,3,42
1D920MRTA,白鳥,NJBBTCY3A,かにかに！,711,6,7346,846460,3,4,1,4,5,2,4,2,25
JN4VA7HHL,空気だからね,WLBYGHXPD,大天使村野さやか,1157,7,7349,846370,10,10,8,9,9,6,10,3,65
47ZGCDV2P,akz,A73H7ENN2,エロマンガ同好会,1299,4,7350,846280,5,6,1,4,6,5,10,2,39
B9I6Z410E,きょーすけ,3FF3NB77X,せーはす愛好会,942,2,7351,846010,2,10,6,10,7,4,1,2,42
VHD5K4PF5,cyrenox,KGDNX3EF3,ENcircle,1189,9,7352,845470,9,7,4,9,6,5,9,2,51
1MHLTPCC5,ゆるます,KA1249N3H,沼津倶楽部,422,0,7353,845380,10,10,5,9,7,6,9,4,60
69TGLABC1,うみ,GPKTRBCTT,騎空団蓮ノ空支部,680,2,7354,845250,10,7,9,5,5,4,5,6,51
60FJT7KJ9,エルモルモ,7RBMBBY88,瑠璃色金魚,814,5,7355,845200,5,4,9,4,5,1,2,2,32
F0DKXLJY2,Tsubasa,TFGKYEY98,LLP JR,864,1,7356,845177,10,8,6,8,7,7,5,2,53
1TJF1I70Y,たくと,BT22M41DV,梢花帆吟子同好会,976,3,7357,844660,10,10,6,4,9,7,7,2,55
UCCKF4JBN,星の子,BW38LDPRF,蓮浦の星空,660,1,7358,844300,4,5,1,4,2,3,10,2,31
32X24KBA9,スムージー☆,7UX6117P2,重曹圖書館,991,7,7359,844210,5,5,7,6,6,5,5,2,41
FWHHGTTD4,リンクラ２２月目,H0CCTJREV,ソロ活動～休止中,1138,16,7359,844210,10,10,8,9,10,8,10,8,73
1RDJNKFVP,Erimugu,C021HVB2B,第3芸能科,269,0,7361,843130,4,5,4,3,2,4,1,2,25
JX3N8TC0X,YUKA,T2G89JA59,なんとかなる！,731,0,7362,842950,8,7,8,8,7,4,10,3,55
N1LDED28F,水,EYEPHE14G,花上梢頭,865,5,7363,842770,10,10,4,5,7,4,5,2,47
XC61ERU5M,リス,0CBM28JP6,ほうき星,1046,14,7364,842500,1,6,7,9,4,9,6,2,44
S19ANJ1G5,マッギョピー,J7N4W6Y1K,こずミックラブ♡,1338,4,7365,842250,9,9,8,7,6,7,5,2,53
3E82TRYTM,あかにこ,MVYAVX8BK,きらきらきらら,633,0,7366,842140,10,10,9,7,10,8,8,6,68
N7JU2ZUOA,ザベちゃん,JE7V5MM31,蓮ノ沼に沈んだ泥,1067,13,7367,842000,4,4,7,8,6,7,10,2,48
JVXKP3BYW,よっしー,BKUHCT7WF,蓮女お嬢様部,1228,19,7367,842000,10,10,9,10,9,9,10,9,76
MGXVRNPEJ,とんこつしょうゆ,BT22M41DV,梢花帆吟子同好会,932,4,7369,841870,7,9,10,6,8,5,9,4,58
979VNX7SK,ななしのあのん,7UAN9K95E,蓮ノ空漫画研究会,570,0,7370,841600,10,1,5,10,1,1,2,2,32
5B8LBDLBV,Schw,GU24PVDA6,Wei,1249,4,7371,841150,10,10,8,7,4,7,8,2,56
4JFTALMWE,サブ垢,5HC1D5K9E,★六聖星★,162,0,7372,840970,10,8,7,7,6,7,6,2,53
4N9RXALFL,もひ,85D411XNB,蓮っ子の集い,1302,2,7372,840970,8,8,6,8,7,7,8,2,54
B8G5CG4EZ,百香,HB9AU9DJJ,聖心党,1311,19,7374,840902,8,9,8,10,6,5,9,5,60
JFOVPK5XR,沙優,BT22M41DV,梢花帆吟子同好会,1123,3,7375,840790,5,8,4,9,8,1,8,2,45
R7YCD3REH,やすお,31A7JKC69,蓮好きの巣窟,1242,9,7376,840700,7,9,7,2,10,2,5,2,44
6WJYMAJUX,鹽味飯糰塩むすび,E5JKTW00K,蓮ノ空まったり部,370,0,7376,840700,9,9,10,4,7,7,7,2,55
B113VP53H,くろつぐみ,A86FEX2JC,おやさいさん,1019,6,7378,840610,7,7,4,7,7,6,7,2,47
1IZMAONZ7,ふー,LFB48H6MU,超初心者の会,728,0,7379,840430,7,7,5,4,5,4,2,2,36
EY563RWH5,幼馴染み,E1HVJ71JR,ご自由にどうぞ,772,4,7380,839980,7,7,7,1,7,7,7,2,45
DPT1PV99Y,LnRabbiT,36DAM7HBL,蓮隠れノ里,506,2,7381,839800,4,1,6,4,4,10,1,2,32
UKE0Y31AD,しぇく,0GALMLWK6,ボクなんなの。,1142,2,7382,839710,9,8,6,8,7,7,8,2,55
CYG3JGBRL,玉城デニオ,5C71R2VCV,蓮輪会(仮),1329,12,7383,839530,9,10,8,9,10,9,10,8,73
27YAK2KUL,電池兎,9GDHWXGVG,ルリと花咲く毎日,1057,4,7383,839530,7,8,9,5,3,6,8,2,48
49E3LJATM,ONEPY,VNEJ2RNW0,まったりんくら,501,0,7385,839440,10,10,4,10,8,4,3,2,51
D4T1KUK4D,しきん,HE0GK3EPE,瑞蓮プロカ倶楽部,1340,10,7386,839350,6,8,9,10,5,8,7,4,57
SMICE5FPC,オフィーリア,9D722M8KC,蓮ノ空同好会,267,0,7387,838900,10,10,7,10,7,10,10,7,71
3AHPGNCW4,ふら,8MDA3A0AK,イベント用,356,2,7388,838850,4,4,6,3,4,2,4,3,30
F692HO930,グラ,N94LEWF2D,無言よわよわの会,1415,3,7389,838679,10,5,9,9,9,9,10,2,63
2C2FMH9BP,火焔灼熱,DVHH1UEHK,ミリしら蓮ノ空,1168,3,7390,838630,9,10,6,7,6,6,8,2,54
NBS5ZIBJL,無害声豚,NC2YT2V28,蓮之愛同予者何人,1200,16,7391,838420,9,8,5,6,8,2,6,2,46
T6RUYR7LR,Yuki,K69M1X95F,アイリス,398,0,7392,838270,10,10,8,10,7,5,2,2,54
KSTU9KK1V,ぽた,0VEMMV8E2,スリブとまったり,490,0,7393,838180,10,5,8,8,9,4,10,3,57
16MANY6FA,モモ,6M5WPPX3B,【フルリール】,478,0,7394,838090,4,4,3,5,4,1,10,3,34
65TCOFJP8,ヒヅ〆,WLFW6UCX5,無敵級ビリーバー,1340,1,7395,838000,7,7,7,5,6,5,8,2,47
K2GOP8GO8,反骨の赤メッシュ,MTBP3B4GM,ふらわーすきすき,1067,7,7396,837550,9,6,2,7,8,6,1,1,40
IVUS3BZDE,バレパンマン,LRKRUR21F,ちゅけバフ,905,2,7397,837460,10,7,10,10,7,10,10,2,66
VT7LTFAGG,大塩平八郎,UHCL6Y176,大塩平八郎の乱,501,0,7398,837370,7,6,8,8,7,1,7,2,46
9XDJXR024,シャチ天,GN9EEL045,きらくに,495,0,7398,837370,10,6,8,8,4,7,5,4,52
O2DCG66XG,ゆうやん,9C0KWR782,まったリンクラ,687,1,7400,837140,4,7,5,6,7,5,8,2,44
8LMRG3WY0,シンヤナかほ,AWFDLJ1HC,小蓮花（重生版x,741,4,7401,836969,8,5,7,8,3,2,1,2,36
QTPNBVKC0,ARAREZ,X0TFG829Y,ボクのおうち,737,3,7402,836798,9,10,9,10,9,10,5,10,72
KR59L23MD,なーな,E0JM59N1E,花咲梢,659,0,7403,836020,10,8,5,7,4,7,5,2,48
POE8J0UGY,DOたま,06DCWC1RE,とりあえず参戦用,1021,2,7404,836000,9,7,6,6,4,7,7,3,49
451NJW31A,アズライト,XN2VEA6DN,無言,1340,4,7405,835750,10,10,8,10,8,8,10,2,66
M3N12GKWP,「切腹」,T8X0G07YB,なければ立てる！,992,0,7406,835300,6,6,6,7,6,5,7,2,45
LVPKJCAPV,ゆきほ〜,9RYR14H9L,ソロマターリ,942,2,7407,835210,10,8,4,9,8,7,9,2,57
P74GVCXEP,メレまる,JWUL2T36L,チーム初心者,1093,4,7408,834746,5,2,5,5,2,5,2,2,28
NW19M2UD2,ナカタ,T56X6LP0L,光の海,794,2,7409,834670,10,5,5,3,4,1,1,2,31
5MK101XEK,いろは,K69M1X95F,アイリス,1058,6,7410,834400,10,8,5,7,7,7,8,2,54
RKB1A1D3A,よこけん,L28X4MDJN,アフター観たいぞ,613,2,7411,834250,10,10,8,7,9,10,8,3,65
JYD5BVN7J,みさっぴ,28XJ8NK4L,蓮ノ空まったり部,1099,4,7412,834130,7,6,4,6,5,4,6,2,40
9TVAL76U2,Okina,A5Y1LHLCR,まったり,501,0,7413,833950,7,7,7,7,6,6,8,2,50
BGK4FCKVB,かへたん,XE8513HNP,喫茶カワウ空✨,1123,3,7413,833950,8,10,7,9,7,8,8,4,61
BETYWV1NF,a-kou09,UKHF303L1,蓮の東東京第90,1017,7,7415,833720,9,9,7,10,8,5,1,2,51
4V01Y2T6V,まさ,G0WRCNRWK,県立沢庵図書館,1023,1,7416,833549,7,5,4,6,7,7,4,2,42
9M0TTHCJ8,水無月,865UE9UC6,蓮ノ空うどん部,1152,11,7417,833500,8,8,7,7,2,5,10,4,51
01UBJPN97,きくらげ,K3R1XY8UT,自由,919,0,7418,833410,7,7,5,9,6,4,7,2,47
4FY9WFTLD,ラキうん,VA6X5YNNF,スリーズ分家,1013,3,7419,833320,7,5,7,4,2,4,7,2,38
XFR46B626,ヤナギ,YL2ELYC4U,さや…好きだよ…,656,0,7420,833250,9,7,6,5,6,7,4,2,46
7BTBPKZWH,ホノカグツチ,WAT20PN3Y,こな党,1342,4,7421,832780,8,7,4,10,9,7,7,2,54
3EEI0XHP4,すうでん,6D57FX14W,おらおらぱーく,477,0,7421,832780,4,7,6,8,6,7,7,2,47
8W14EHY60,K,UYCT3Y4JK,蓮っ子,883,2,7423,832250,9,9,8,7,6,5,1,3,48
87R9PD0A5,ハレルヤ,4NDAG5E9N,国産牛のにげあし,967,6,7424,832000,10,8,5,7,7,6,6,5,54
5MAONAAWG,とんとろ,LB0K3MHND,フラワー,1096,2,7425,831750,9,9,5,4,3,4,4,2,40
V33ME72Y5,クローニン,HMBW9DXY2,蓮好き皆あつまれ,1108,2,7426,831610,7,7,5,7,3,1,9,2,41
HG0TM4B9C,上路La,YEGT6FCWW,TGW,282,0,7427,831497,10,6,4,1,2,1,1,2,27
LJJUWWY0M,りょー。,JK18AK75H,みらくら実験室,1069,4,7428,831430,10,6,5,10,7,6,6,3,53
IFPZBX8DL,リンクリボー,Y4G0KF6NB,無言でやる会,1022,4,7428,831430,7,7,6,5,6,5,7,2,45
M8SA78S6R,うどん,UK30B7DG2,ずらまる卯どん。,1191,4,7430,831250,9,9,7,8,8,5,9,2,57
6E7HMPDP0,▷重曹,4FXPC55PY,PPIHクラブ,777,0,7431,830800,7,7,6,7,6,6,9,4,52
ERBECJNM7,涩谷香音,KGY709ULG,蓮の花束,287,0,7432,830260,6,4,4,7,6,1,2,3,33
C9B9EBGNV,KazzGone,2U4GLJXLJ,泥の中の養分,1228,14,7433,830250,7,8,5,9,8,4,9,3,53
D16N584TW,カツノリ,0B8RTHY4D,のんびり屋さん,1207,18,7434,830080,7,5,6,8,4,1,8,2,41
HP7BEW2LC,ジロ,JTX1G19BP,さやかほ癒し会,1380,5,7435,829990,8,8,2,4,7,5,8,2,44
DTBMFT016,tk,A3X92L6YU,お試し用サークル,917,6,7436,829810,4,4,9,10,6,5,1,2,41
LCLJ2BX1X,賜蓮,J5CKL5YPX,ログイン勢かもん,792,0,7437,829630,10,10,9,3,6,3,5,2,48
ETTTK786B,月影,WN3LHKX0L,レンコンおいしい,693,0,7438,829360,5,4,4,1,4,1,1,3,23
4NM6JJVHD,電卓,J0N1E3Y09,月火水木金土日,1192,3,7438,829360,8,9,5,8,8,8,6,8,60
DAK5DJU9K,日向ろな,5L9GNT78V,叶え！私達の◯◯,387,0,7440,829103,5,4,10,6,5,2,2,3,37
E2VA2UUV6,やつで,7NJM1VURM,らんるん部。,1371,10,7441,829000,10,9,8,9,8,8,10,3,65
H7A1RZ3S4,chahey,X34LWGL6R,サークル2,1192,2,7442,828932,4,8,1,5,10,4,7,1,40
X6JKKB1CV,ふゆ,K7LC46V5M,Link！ラ部,500,2,7443,828910,8,10,10,10,6,3,8,4,59
D1JN6LL02,かかカ,CY3GGDH7H,㍿キモ・オタク,397,0,7444,828730,1,3,1,1,2,1,1,2,12
0BWUJ82CV,とんと,7G23BHH2H,とんと,705,0,7444,828730,7,7,6,6,7,4,8,2,47
TGKLXSJ93,そーとー,KULVP7FDR,アニマル分室,1630,5,7446,828500,10,10,10,10,10,10,10,5,75
34HJLY55X,メビウス,W9E6JNBNC,蓮信クラブ,1388,1,7447,828460,10,9,10,10,8,7,8,7,69
NFEGNL75F,なお,JRAC1HYUD,SPHS-MMT,1226,2,7447,828460,8,8,6,6,6,5,9,4,52
BY0N1E9AC,おが,X87KNX4N3,蓮ノ流星群,904,0,7449,828250,7,7,7,7,7,6,10,2,53
9BN8RC8H9,わなげチョコ,PPAHU1TNY,蓮ノ空のんびり部,739,4,7450,827920,5,3,3,1,4,1,2,2,21
N4JUPWPKN,わんわん,RBH0YM8P2,蓮ノ空ラーメン部,1362,11,7450,827920,8,9,8,8,7,8,10,2,60
B42A0J1ZC,謎煙,3FF3NB77X,せーはす愛好会,1262,4,7452,827740,8,8,5,10,7,4,9,2,53
M3GVHLNL2,mkuma,FR5PDRB5Y,株式会社つづさや,341,0,7453,827735,8,10,8,9,8,8,5,3,59
02WXAI3PX,AOI,2VJG66JTH,まったり,1071,10,7454,827560,9,5,8,6,6,8,9,2,53
1AWCCFFLJ,Heiveen,7XH3K4GBT,LLP,1085,15,7455,827500,7,6,7,5,8,4,9,2,48
02RXY12V7,ぬ,MTBRETXHJ,(*´°`*),784,4,7456,827380,9,5,2,8,5,4,4,2,39
LW4TAC2P9,澪,E12PR824F,ゆるっと蓮ノ空,1344,16,7456,827380,10,10,10,10,9,7,9,6,71
52YGRHYTT,たまかぜ,HK0E91U71,放課後写真部,1067,4,7458,827110,6,7,9,4,7,3,10,2,48
H3PULNW16,Kagami,BEMED3RY1,無言無課金ok,1125,19,7459,826930,9,7,5,7,7,8,10,5,58
WG1X42VXE,SW,E6WR9G75P,安養寺姫芽推し会,812,0,7460,826750,9,9,8,9,9,9,8,2,63
HIBPGO2U8,わんしぃ,FMKP92LRL,目が霞む人達,1186,4,7460,826750,7,2,2,7,4,4,8,2,36
OJNJEAFPX,カリギュラ,ULUELCJ7T,なるようになる？,899,4,7462,826570,8,4,6,6,7,1,1,2,35
U87AMB2VH,Claw,4LU50R56J,誰でもOK,371,0,7463,826538,9,8,6,8,7,7,2,4,51
YGCTBWJKR,kanade,2B97MH4YA,同じ話し何回も…,627,5,7463,826538,5,1,1,4,6,4,1,2,24
VTE6S4Y3C,くれひろ,1D7T2UXC2,無言でのんびり,1118,10,7465,826390,7,9,8,7,6,7,9,2,55
DWA3NBGBH,かき氷,CVFYWNA8C,大阪の帰宅部,723,0,7466,826300,6,5,5,4,5,1,5,2,33
HP0X6UNBV,幽霧（ユウギリ),H837E0M9R,沙知先輩大好き部,1112,11,7467,826030,9,7,3,8,8,7,10,7,59
FKSH83QL8,「シビ辛」,LX25CP0TG,深夜の芋煮処,1100,4,7468,825580,8,8,7,8,7,6,9,2,55
CXLC5ML49,白根なにも,MVMP6NNXD,空き時間らくがき,1327,6,7469,825512,9,9,7,7,8,7,10,2,59
5WPV75BLH,サクト,TTDBXERCU,蓮ノ空 全力応援,474,0,7470,825400,10,9,8,6,5,3,5,4,50
V57J3U87W,あだじお,97BGFLKW9,◯◯◯,308,0,7471,825130,8,4,6,5,2,3,6,2,36
QH9E4TN2G,Y,G8EE23LB9,虹ノ空クラブ,910,3,7472,825040,9,7,7,7,6,6,8,2,52
ZPA0I3PHI,ユキ,F90XW14UP,のんびりプレイ,727,0,7473,824500,10,10,9,8,10,8,8,7,70
KGQFP3AE7,さはら,A3472CNJE,ハントン✿ライス,1189,3,7474,824486,3,1,2,1,2,1,2,2,14
U0160BNXK,横ちゃん,Y7KJ3PM8P,蓮すきすき同好会,276,0,7475,823870,10,10,6,9,6,4,3,2,50
H3K8LEH2F,遥か,6E27A15ER,蓮ノ空自由クラブ,811,9,7476,823802,5,6,5,5,3,5,4,2,35
Z7NNNRGFD,おがさわら,2JK7E4115,ラ！推し,1312,6,7477,823690,9,10,10,10,9,8,9,7,72
83T8PIB1G,Mare,1D7T2UXC2,無言でのんびり,761,4,7477,823690,6,7,1,1,4,3,2,3,27
397DYE14F,紺野美咲,DPYCLN4EY,冥いゆりかご,725,4,7479,823510,5,4,4,4,4,1,5,2,29
9JSNSCU2I,ネッシー,762FM3JV4,一蓮托生,1250,3,7480,823240,9,7,5,3,6,5,10,2,47
BL6J7SDWI,ハマゲン,DH97ANN9G,ツキマカセ,1079,12,7481,822970,5,7,4,10,4,8,6,2,46
6KTVKY6YW,ぷ,2DYYAPFVN,蓮っ子村,821,4,7482,822790,9,10,10,8,8,8,8,8,69
LYDQ4DN72,舞姫,XN2VEA6DN,無言,1089,3,7483,822700,6,8,5,7,5,5,4,2,42
LF922UWW9,歩輪いと,WFPA7YJE1,蓮ノ空文芸部,1162,7,7483,822700,7,7,6,9,8,8,10,5,60
7VFYGJJJ2,きょーきんちゃん,Y2P9LABR2,スクステ同好会③,1380,5,7485,822540,2,2,1,2,2,1,2,2,14
1AK0TMG5D,Pointer,6UAFKBRPN,リンクラ初心者部,511,0,7486,822434,6,8,7,7,8,5,8,2,51
0VFKZG71V,トリンスラン,9XNH0HDBN,蓮ノ空∞園芸部,970,0,7487,822070,8,8,5,7,6,4,9,2,49
VTF13V6H8,ゆう,9YM3DBTB7,泥民館,1162,17,7488,821750,1,1,3,2,2,1,2,2,14
TXARPMUVN,sakura,9UKKACGDU,蓮っ子CLUB,688,2,7489,821579,8,10,10,10,9,10,10,7,74
A28D4H38M,Sseason,AGJ215YND,蓮の空中國分校,545,1,7490,821530,10,5,5,8,6,5,10,5,54
W6VKM886H,ベル,F2M746D4B,頑張らないクラブ,1037,5,7491,821510,4,4,4,1,3,1,1,2,20
MX343ATFV,JEI7,LC2RN5R2U,いずみんの泉,549,0,7492,821080,10,10,10,10,10,10,10,10,80
H4XMA3S7G,けんたん,1L7KKJLEW,お膝枕でごろん,1332,15,7493,821000,10,10,8,9,8,5,9,4,63
SFQHE200O,ミナミさん,V5WNV1A43,異次元ビリーバー,1103,11,7494,820810,8,8,5,6,7,4,10,2,50
HK1YER8W7,ていらい,2XP0PJ8T7,魁！ていランド,288,0,7495,820630,7,8,8,8,6,7,8,3,55
3FUK011WX,ちかち,W2CFBGNME,mud部,1126,6,7496,820540,8,9,8,10,9,8,10,10,72
YKMZR9R19,Aryn,CM5THHYHB,「」ノ空だけれど,1306,6,7497,820450,8,9,8,7,8,7,10,5,62
EE4GL66DW,ブレテイアンナ,9P9EPKFHE,無言参加OK,397,0,7498,820211,10,6,4,10,6,10,1,2,49
PD5H4UYR9,gegege,M08GKL70U,ららマジ難民の会,252,0,7499,820000,10,9,10,8,9,6,10,2,64
KDYTN85WY,sodá,N6TVG18P8,すきすきクラブ,521,2,7500,819910,4,7,1,5,9,4,2,4,36
F6SSOO979,Kn5（けんご）,3LPBPHL3V,壁の民の伝説,1461,4,7501,819820,10,9,7,9,8,6,10,6,65
YK5MM5W36,REWOLF,CPW7TWG99,Lotus,791,2,7501,819820,10,9,7,10,7,5,8,9,65
NC9GN4U0T,Piro,40RF5XH9M,a,629,2,7503,819698,10,5,6,5,10,2,1,1,40
9YJ82F5WH,yuta,XVTV7MVCX,雪月花,827,0,7504,819527,1,1,1,1,1,2,1,1,9
ANRDX96WJ,Smith,CXG25026E,泥のみんなS,161,0,7505,819370,7,10,6,5,2,4,7,2,43
DGUJ5MDE6,来栖りんすきすき,C021HVB2B,第3芸能科,1344,6,7505,819370,7,8,6,6,6,7,9,2,51
1EBPVQR5E,紺青ローズマリー,HBD61R6WC,梢先輩すきすき部,1270,7,7507,819356,9,7,6,8,7,4,5,1,47
PZXTC6U4F,ボンすけ,TD87P23DJ,黄昏の旅団,1218,11,7508,819190,7,10,6,9,8,5,10,2,57
XAWQPFBYP,はすらいぶ,YJ46VVXPA,金沢ノドグロ,1027,9,7509,819000,3,7,3,5,7,5,8,2,40
AFW08DLYW,みつぼ,3EJX5WB1A,金沢綴理門,1462,5,7510,818750,9,8,6,9,5,4,10,3,54
X51M78B0X,まーぼー,8MLVA67AK,聖ミリオン女学園,873,0,7511,818740,3,4,4,4,2,1,5,1,24
KOKCWZR82,mstk,N8L41JAA7,無言 ノルマなし,1382,15,7512,818650,9,9,9,8,10,8,10,2,65
N103QZG64,さっぴ,JRAC1HYUD,SPHS-MMT,1402,4,7513,818501,9,8,6,8,7,7,9,2,56
FH985C4UR,hidehal,VXDPPJJL1,蓮ノ空リボ課金部,325,0,7514,818500,6,9,8,8,7,7,9,2,56
Y48X8YD0A,ミツキ,9WJB6YPPN,温室花畑,1082,6,7515,818470,10,9,5,9,8,7,5,2,55
7W4J0O8ZQ,ひたひた,FMKP92LRL,目が霞む人達,717,0,7516,818290,5,2,1,4,6,1,1,2,22
0RZCU4QHV,素足靴下,P01RCC6L2,まったーり,756,3,7517,818159,4,3,3,1,3,2,2,2,20
810H1732U,起煥,DW13FCXPT,Mulbungs,1212,19,7518,817840,9,8,7,8,7,9,9,2,59
FJHR7L869,くんくん,15UKCFG7X,ろーたすぺたる！,1076,7,7519,817817,5,7,5,5,10,8,5,2,47
BUFJC6YAH,vty,6C9R15BLY,スクスタ避難民,424,0,7520,817750,6,9,8,5,2,5,5,2,42
9BVGW3WYE,つかちゃん,R36E2402X,蓮ノ軌跡見守り隊,1194,13,7521,817475,10,10,10,8,9,8,8,2,65
M2V869N1Y,よしひこ,83TGL8UMJ,しゅうまつクラブ,912,2,7522,817120,10,10,7,3,10,1,10,6,57
Q4PZPMFLN,nasken,1AK9VTG3W,ドルケスキスキ部,956,0,7523,817030,8,9,7,8,7,7,10,2,58
283HNFVNG,夕榎,E050K9859,蓮党,843,3,7524,817000,8,8,7,6,8,6,9,2,54
YXME2EXS3,モーニング塩辛,8M6UDX260,ぽけもん好き,1045,3,7524,817000,10,10,7,10,10,7,10,4,68
6B7KHGGXB,グリンパーチ,427WENUC4,心の癒し～蓮ノ空,313,0,7526,816278,5,7,5,4,6,3,5,2,37
OLPMCDCFH,しゃおくう,1F5EPPMLD,UR貰えればいい,1379,9,7527,816040,10,10,8,8,5,7,10,7,65
PEXD4LDC1,ゆゆゆ,BTVC9G95X,FES用,809,0,7528,815860,10,8,4,4,7,5,7,2,47
3RHK8WE44,みくじ,DULFP3TRN,めぐ党員の部屋,330,0,7529,815765,4,8,4,8,2,5,4,2,37
B0PFVEFHN,仁平岳登,95281XDJ3,三重の弱者,652,2,7529,815765,10,10,10,10,10,10,9,8,77
AZ3UWPAZ3,めろ,M7HJCP8WY,留年回避補習室,1301,6,7531,815750,9,9,6,7,2,5,5,3,46
GATNR1L35,かどちゃん,R9T0YKDW8,かちまち応援隊,919,3,7532,815594,4,6,2,8,3,1,1,2,27
6PEXKRVFE,伴　蓮弘,6JCMUJX7E,同輩,955,2,7533,815500,1,7,7,7,5,6,7,2,42
BGBUC5VD3,蓮ノ花,NL1MPRG05,とりあえず,831,1,7534,815320,8,7,5,7,5,4,4,2,42
57F2XTM1W,IFMIYUKI,2VJG66JTH,まったり,1423,19,7535,815250,10,8,10,10,3,6,10,2,59
6MRW4X6PU,バーニィ,TR057C1UW,蓮ノ空ぼっち部,1156,5,7536,815230,10,8,8,8,5,7,8,4,58
VDXUZ3Z11,のぞみ,UMG1B9C7V,蓮ノ空女学院,893,1,7537,815050,5,7,1,8,8,1,6,2,38
P2ZEZIQ73,二次元人,3LPBPHL3V,壁の民の伝説,1145,8,7538,814690,7,7,7,8,7,7,9,2,54
C9ZXL5AO2,こなつ,59AK7LJ7A,とりあえず,1207,1,7539,814420,8,8,3,6,8,6,9,2,50
IMNKC4SP6,だみん,D7H8MN2U4,LLD,1292,12,7540,813884,9,9,5,7,7,7,9,4,57
FWFYXJN2M,縷,TKVR3KU7L,ネギトロTKG,165,0,7541,813880,10,10,10,10,9,9,9,1,68
HIFW6UHU3,とにお,PRY4573W6,報酬用,1094,1,7542,813700,9,10,6,7,8,5,7,2,54
DCEQHC377,Mr.A,4FCR6BCNX,スマイル,1104,3,7542,813700,10,9,7,9,5,1,7,2,50
ZQO6AY2YL,ARU,2UKNVBMBU,梢ちゃん同好会,624,2,7544,813520,4,1,5,1,2,1,1,2,17
UPEXVTKB0,４月29日,83L9X85AX,蓮ノ腹筋,181,0,7545,813340,9,8,9,9,7,6,7,2,57
P4TKB821V,ツカジ,5YXVKDEKV,サークル(仮),281,0,7546,813029,2,7,5,2,5,2,2,1,26
9L6P1KDAN,紅蓮ルリ,HWXEVBW48,ミッション参加用,525,0,7547,813000,10,10,10,10,10,10,10,10,80
FBRTH9ECB,Sa3ku9,J0PT5EX42,スクスタモ部,365,0,7548,812750,8,10,6,5,6,6,7,5,53
EH71X654A,lalala,K3LMN5JHH,金沢カレーの皿,609,2,7549,812440,4,3,4,4,3,1,2,2,23
46OYOT52K,カケル,G6EH0KHT7,なんもわからん,1094,3,7550,812350,5,6,5,9,8,6,8,2,49
8XBKTVC1O,尊し,CRYB2FJ64,つくよみくらぶ,930,6,7551,812345,1,1,7,8,2,7,5,2,33
ADT3AMTG5,にっし,B2KV0EVPD,蓮ちゅきクラブ,1229,16,7552,812250,9,5,4,5,7,4,5,5,44
T9YH935YJ,かーりー,06DCWC1RE,とりあえず参戦用,554,2,7553,812170,8,7,7,10,7,5,8,2,54
VG7CBJNPY,きせ,WLFW6UCX5,無敵級ビリーバー,836,6,7554,812003,6,7,7,8,6,2,1,2,39
SKHU8OJTY,ケン,WPG6BCG83,基本無言,1154,4,7555,811990,8,7,8,4,7,7,10,2,53
NGFCPGMWM,青野パスタ,K69M1X95F,アイリス,913,0,7556,811832,6,8,6,7,6,5,8,2,48
SZ4KF9FH8,ねむみ,N0EXH1CM1,ぱちぱち徒町,1163,3,7557,811630,8,8,7,8,8,7,8,2,56
59EM4H68U,りあん,R9T0YKDW8,かちまち応援隊,1212,15,7558,811270,6,8,6,8,7,8,9,6,58
AJ7RFN8WA,めささ,K69M1X95F,アイリス,851,1,7559,811180,5,5,3,6,7,2,5,2,35
VJJV1DXDE,レイ,AG9PKMMC3,ぱかぱか同好会,1226,16,7560,810550,9,10,7,8,9,5,9,3,60
CT880F8LL,ささぼ,J8HXTJ8TB,流し素麺同好会,949,4,7561,810500,7,2,4,3,2,6,1,2,27
E7DC5L8BD,you1,3194B9E93,初心者寄り合い所,576,0,7562,809920,2,2,1,1,2,1,6,1,16
UPHO4Z31H,ようせい,4FN0KWB4G,無言参加大歓迎！,1192,12,7563,809830,9,1,3,10,4,4,10,2,43
MUHIPQX96,ゆづ,TCTEAMP9C,虹ちゃん最高！,909,1,7563,809830,8,4,8,7,9,9,5,2,52
P3RJDJGGY,アックア,KC1W74B9B,蓮六園,776,2,7563,809830,8,1,5,9,6,1,4,3,37
C7ZMBVLBY,ひな,H0DV3JJGA,かほさやてぇてぇ,1023,3,7566,809740,5,9,4,6,5,6,8,2,45
M5B5O23IZ,もっちゃん,JVUNVCT8P,梢先輩のASMR,1431,19,7567,809650,10,10,10,10,10,10,10,10,80
MAH780W6U,ろな,BKUHCT7WF,蓮女お嬢様部,1083,0,7568,809470,8,6,5,7,6,7,1,2,42
4AJNYPYJN,まみ,2AUM7L9BW,蓮初心者クラブ,589,2,7568,809470,10,10,8,6,5,5,6,2,52
BK3YJ70CX,しょれべー,5L9GNT78V,叶え！私達の◯◯,700,2,7570,809290,10,7,10,10,7,5,4,2,55
558C6C5N2,ぴっぴ,36T6UB6YA,まったり箱推し部,857,0,7570,809290,7,7,4,5,6,5,6,2,42
0S1UMHCNQ,干物,GMEF2K8DL,花咲く泥も好き²,1071,7,7572,809200,7,7,5,7,7,5,8,2,48
01NDGW7MC,wai,17AEM7PUN,SIFcord,223,0,7573,808925,3,5,4,5,5,4,4,2,32
MF5AJYWR7,あさかぜ,25PMPEMG7,星見プロ,1362,13,7574,808583,9,9,9,8,9,8,6,6,64
XVJUM5D9M,おとも,EPWMMAXNY,蓮ちゃん初心者,330,0,7575,808390,9,10,7,10,9,7,7,7,66
NDMJD439J,村野家の久遠,P4FV9YEL1,料亭さや処沼津店,1043,6,7576,808120,8,8,4,8,7,7,8,2,52
0ED8UJT9T,calsonse,AWFDLJ1HC,小蓮花（重生版x,674,5,7577,807557,4,1,3,1,2,1,1,2,15
XJG29XGNC,蓮トマト,GVNKNN878,Aqours,950,5,7578,807500,10,10,4,8,7,7,5,2,53
0N978P3HC,はる,57UT319NN,蓮ノ空同好会,578,2,7579,807386,10,10,10,10,9,10,9,2,70
TZAVTVDZW,KEN,H6JWBBGCG,蓮天・乙宗一心流,1152,2,7580,807310,7,8,4,7,6,1,1,3,37
55MBXF3V1,じゅん♬,5WUDLMWEP,蓮ノ空は明日ノ空,703,0,7581,807220,2,2,5,4,8,3,7,2,33
5LWEZ3CPP,せな,BWD9U1EJ2,蓮之空中国同好会,1138,13,7582,807044,5,8,6,1,5,1,1,2,29
YFUVMWJ0U,ごま,HDJ4788PA,あ,1330,7,7583,806860,9,9,5,9,8,9,10,5,64
9DKTMF2EY,まんまる,XF4WX9L1E,ソロ,937,2,7583,806860,10,8,9,9,6,7,8,3,60
DM11ZS4JY,ともチョココロネ,CWPWP1266,さすさや,1190,6,7585,806750,10,10,6,8,10,7,9,2,62
0KN47LBKK,堕天使ことり,5YXVKDEKV,サークル(仮),1285,19,7585,806750,9,8,9,5,7,5,10,5,58
18YG27758,みずき,MG1G6F487,蓮ノ空無微課金部,807,0,7587,806590,7,7,7,8,6,6,9,2,52
83NNE9A7P,Euphoria,BELCUYCMH,蓮hkg香港分部,697,0,7588,806500,4,7,4,4,6,1,4,3,33
EFE50LER5,ハイエイ,TDHKGHFPA,無言参加○！,964,0,7588,806500,6,7,4,6,6,4,7,3,43
GNFK62CPD,紅鮭,C52VR77BJ,イベント参加用,879,0,7590,806050,9,9,7,7,7,5,7,2,53
3Z9DOQMDW,Tonizaki,H0DV3JJGA,かほさやてぇてぇ,1113,7,7591,805847,1,6,7,6,7,7,10,2,46
N2G0J2IVX,味！,M851LEV3N,なっす父兄,1129,8,7592,805330,1,4,1,4,5,1,1,2,19
JN7YUEYNV,ゆあ,K25DPPGT9,圧倒的にまったり,894,10,7593,804992,3,6,6,3,5,2,3,3,31
8883F0FUY,あにぽん,4NFMU2WME,好きだかんな？,1113,12,7594,804700,5,7,4,10,6,10,7,6,55
4N3K7MPTN,あばば,0FMM30LCA,無言,425,2,7595,804650,2,1,1,2,2,1,1,2,12
6TLR7HK9N,yuya,9D722M8KC,蓮ノ空同好会,951,7,7596,804430,5,6,5,9,8,8,5,3,49
ZCTLE6CRX,トキヲ,YD2XWWFA4,蓮好き好きクラブ,1601,12,7597,804070,9,10,7,9,9,9,10,5,68
60C6DYT08,あけめねす,U4TNE7AC7,AirLotus,1055,0,7598,803800,8,8,5,6,5,5,8,2,47
GYMEFYB7F,lbs,BTVC9G95X,FES用,763,2,7599,803710,10,7,4,10,8,1,1,2,43
VTHJKFAA0,Cherish,5WUDLMWEP,蓮ノ空は明日ノ空,943,4,7600,803624,5,8,5,8,8,9,7,2,52
9WX13LCFB,ぶーぶぶ,YXKR0GGM4,蓮ノ空好き好き,1128,4,7601,803500,7,7,4,1,2,1,7,2,31
TFJXE9P2F,しゃもじ,60KU468X3,はっすーず,464,0,7602,803350,10,5,5,8,5,5,10,5,53
F0X4VXMU5,近江遥,1EBG7YUTL,菅！CAN！叶！,1026,2,7603,803282,4,6,7,7,6,5,8,2,45
WH7UTUYH6,機亜,R9T0YKDW8,かちまち応援隊,966,11,7604,802990,2,6,2,9,9,6,5,2,41
2HEA28M0X,datto,YAM0F3TBX,だけれど組合,467,0,7604,802990,1,1,1,2,2,1,1,2,11
TFUV0QYEQ,だゆ,1F5EPPMLD,UR貰えればいい,774,0,7606,802900,7,7,7,7,7,5,8,2,50
MBJNHUW9G,橘かぼす,NA8FEYN0M,蓮ノ空飲酒クラブ,1078,1,7607,802180,7,7,4,5,6,4,5,2,40
PQDCHERXU,アイン,3RH5MYBXV,こずめぐ党,1124,6,7608,801910,7,8,5,7,8,5,8,3,51
MFQOSYBDB,ミュウ,6HV2RH6TU,イベント用、無言,784,0,7609,801520,4,4,4,5,5,4,7,2,35
N0YY96RGE,カナミ,PWK02KG0F,メメントの森公園,526,0,7610,801190,9,10,10,10,9,7,8,7,70
96J1HYYF9,KOHEI,ELTW62751,安全バーは君の腕,812,0,7611,801010,6,8,7,7,4,4,8,2,46
8GYNT6PGN,けんこう,EE4BKR0AR,まったりプレイ,1006,0,7612,800740,9,5,7,9,8,7,9,2,56
TMLW9R0UB,Yui,KUFRXPPF0,754T,530,0,7612,800740,9,6,5,8,7,9,9,2,55
L45KJNR8P,りんご,F08AHUJJ0,綴理のお世話係,1042,8,7614,800500,8,5,5,9,6,5,1,2,41
YLHJLWAGZ,AIYU,KHAKJKC0A,のんびりまったり,1166,12,7615,800290,10,10,9,7,8,7,8,2,61
91FH71RM2,かにすい,PH0YEPJD8,蓮ノ空北國金沢,369,0,7616,800020,10,10,10,7,8,1,5,2,53
GMSLYODZS,くっこる,72J0T27T1,蓮ノ空後方支援部,1028,2,7617,799750,9,3,2,7,4,4,4,2,35
VFIJK9GXD,骨,3TBXTEBUE,サークル(骨),1147,3,7618,799660,8,9,8,8,7,6,10,6,62
21YFWJ0TD,からあげ,J5FJNX88N,無言,804,4,7619,799570,7,6,6,1,7,4,6,2,39
GQHL511BS,からあげ定食,JR306W0RL,毎日がエヴリデイ,1209,5,7620,799500,7,10,5,8,9,8,9,2,58
GBXU8NL03,股旅,976BY5JWK,ハルカカナタ,1002,11,7621,799300,8,8,7,8,10,8,8,3,60
MLY2R77P1,ゆう,AE3L01V24,LOVE蓮ノ空,1272,18,7622,799178,2,10,1,2,3,1,9,2,30
FG38P0U6M,シジモルキ,919XF8V2V,蓮之空大三腳,720,3,7623,799120,6,4,7,8,5,5,4,2,41
LQ3YS5YYN,PizzaM01,AT3WYLPP8,SIDF,903,4,7624,798850,9,4,10,7,6,5,4,2,47
XEB9MWG8K,ゆーせー,RM7N1JDB5,無言推奨不干渉会,803,2,7625,798670,9,8,5,5,4,6,4,2,43
0TC6AA1HU,ゆやゆらら,85D411XNB,蓮っ子の集い,589,0,7626,798152,2,1,2,1,2,1,1,1,11
1NXT0F5RB,arupena,5DUAAAPP7,蓮ノ空好き！,170,0,7627,798130,5,4,3,3,1,3,3,1,23
VHESAT9HP,スバル,B1KYU3XF8,LG lotus,1299,3,7628,797750,10,8,8,10,7,7,10,5,65
5D08TTU13,かせ,ATB27G5P2,おこめ茶寮,1178,0,7629,797590,9,7,5,7,7,7,7,5,54
ATLLQC6AP,Katsu,J62DRC7J5,蓮ノ空好き好き会,1139,10,7629,797590,9,10,8,10,8,9,10,5,69
N84X8H8BF,Kamiki,4BU2PJLC1,Sky,345,0,7631,797500,1,1,1,2,3,2,1,2,13
G1NY01J46,いちとせ,5L9GNT78V,叶え！私達の◯◯,1221,5,7632,797000,8,8,8,9,8,8,8,2,59
8PEU779PC,ヒロ,427WENUC4,心の癒し～蓮ノ空,1094,5,7633,796780,9,6,7,6,6,4,4,2,44
T1BBWU0YW,みあま,5L9GNT78V,叶え！私達の◯◯,1172,15,7634,796690,8,8,7,7,6,6,8,4,54
HMEF3IHQG,せきた。,BAWM142YF,片隅用具いれ,1228,1,7635,796600,9,8,8,9,5,7,8,3,57
DVE4T6UNL,すぺ,GR65FP8VN,蓮好き,1152,2,7636,796150,9,10,9,8,8,7,10,8,69
BLDOER78B,スオク,2JK7E4115,ラ！推し,1010,0,7637,796060,4,6,6,5,6,4,6,2,39
GQLE2MVF2,ソラ,YHFDP2WRA,気分屋,988,1,7638,796000,7,9,5,7,7,7,7,3,52
9467Q9RV3,あざわか,Y2R7E79U3,カワウソ同好会,1039,2,7639,795610,7,10,8,8,9,7,10,4,63
M8BWX64GJ,セカイの住人,N287M17E3,プセやってるお,441,0,7640,795250,8,7,7,6,3,5,7,3,46
UDTVBDTTE,ぐらぐらす,HH93ADAW3,無言自由。,961,0,7640,795250,9,10,8,8,8,8,10,7,68
DC3C39ST9,れふぃ,MVMP6NNXD,空き時間らくがき,1157,10,7642,795160,4,4,2,8,6,7,10,2,43
HNT0XP519,お昼寝マン,F5F1K66RR,さーくる,926,2,7643,795140,4,8,4,7,6,7,7,2,45
2NXT8CE1N,しろいの,FG4170141,♪さやか愛好会♪,350,0,7644,795070,4,8,4,1,2,4,2,2,27
QKZGHQ3YG,トコハ,TR057C1UW,蓮ノ空ぼっち部,1085,15,7645,794800,9,7,6,10,7,5,8,4,56
HJHAYW20Y,yqian,T7J89541B,日語漢語蓮愛団,885,4,7646,794750,6,5,6,10,5,1,2,2,37
H88AFB9YU,丸刈り先生,F2M746D4B,頑張らないクラブ,1156,17,7647,794350,10,9,8,9,9,8,7,8,68
8WXYU6JFV,ゆう,TTDBXERCU,蓮ノ空 全力応援,617,2,7647,794350,10,10,10,10,10,1,10,3,64
2ZWQO40OB,イケ,1DU9LCND7,蓮ノ空すこやか部,1461,16,7647,794350,10,10,8,8,8,8,8,2,62
W7P41R6HA,ぴえんちゃん,1618JMRED,リンクラ自習室,777,3,7650,794000,7,5,6,3,5,2,1,2,31
L34H1ACWD,あるとす,LUYG5CWPJ,La+,247,0,7651,793810,10,10,10,6,6,4,2,2,50
JPV1RJP7S,ぼへみん,J0N1E3Y09,月火水木金土日,1255,18,7651,793810,9,8,8,8,9,5,10,4,61
TBRJW64W1,ゼロカラツギヘ,CJ398GJAT,バッグクロージャ,1314,19,7653,793720,8,8,7,8,7,10,10,7,65
V683T3X0G,クラトス,LYPVAETHY,金沢の泥,1397,5,7654,793500,10,10,8,8,9,8,10,3,66
FKFADAI4E,Jessica,BXHG2KXAD,idol.st,1096,10,7655,793450,8,9,7,7,6,6,9,3,55
NMFKDP99R,ちゃりつん,JA2C658FW,さや綴理の村人,637,0,7656,793364,10,9,8,7,6,7,6,3,56
VN9KRMVV3,@,9BLGT7REN,LLSP,599,0,7657,793250,4,8,7,8,7,5,7,2,48
5VECG5HHA,ごつごつ,VLY5JDKCV,新規なのだけれど,1060,5,7658,793090,4,8,7,6,6,9,6,2,48
EP0TU72RF,ペルバスト,FFLK4FP0D,こずかほの花園,1083,2,7659,793000,7,8,6,7,5,4,9,2,48
3YRAK0CLA,ちーたん,WBW66DMUB,るりめぐ研究所,1195,5,7660,792820,7,9,8,8,8,7,10,6,63
OVXPMW4PT,ごんた,VXDPPJJL1,蓮ノ空リボ課金部,1082,13,7661,792750,6,4,5,4,2,1,3,2,27
YNBBYI8SO,きききりん,JY79RPB1D,リンクラゆる部,1246,19,7662,792370,9,8,10,9,8,6,10,10,70
BOS7YDF47,たっかー,E7UBFLW56,同好会の同好会,899,0,7662,792370,6,7,6,7,7,6,9,2,50
RYWCFVNF3,まことらまん,DFFYFJ2B6,つづさや好き過ぎ,738,0,7664,792190,10,10,10,5,7,6,1,2,51
YHA7GWR2C,星hoshi,X7YM9EG8K,伝統の石川地酒,419,2,7665,792100,10,4,4,10,2,1,3,2,36
5HF7GBLM4,かいりん,8JMW9G2XW,僕らのリンクラ！,892,6,7666,791996,3,1,4,1,2,1,3,1,16
KUG6R562V,ふぇぇさん,J0PT5EX42,スクスタモ部,470,0,7667,791920,10,10,4,5,4,3,1,2,39
KGW9VXJ40,ターボー,FLFXP0T22,沼津内浦メンバー,815,2,7668,791830,10,8,4,7,7,5,5,2,48
QIYJK4PD5,はな,P2J37FNLG,乙宗先生指導会,1075,2,7669,791825,10,8,7,10,6,7,7,6,61
933N3W069,おいも,W41UFD3WA,ヨーズブーケ,138,0,7670,791654,7,5,5,4,4,4,2,2,33
524F8V699,すけさん,FC8NBAJBT,ラー麺二郎金沢店,1314,3,7671,791650,7,7,4,6,6,4,7,2,43
N3ECFEJL0,モノリス,YHWN0NJ03,ドカ食い気絶部,952,3,7672,791141,8,9,8,10,7,7,8,3,60
9AU0A12JU,tzr,2K5AM4RV0,とろぺりです,948,0,7673,790570,9,4,6,6,8,7,9,3,52
BKITHAPV9,ネクサス,G0J2F9NAL,さやさやさーくる,961,7,7673,790570,8,9,9,6,8,5,2,2,49
VDRFM2XBY,プリッツ,BT22M41DV,梢花帆吟子同好会,708,2,7675,790500,10,10,9,10,9,6,8,2,64
CY93LEX5V,トレハロース,ABALH0AL3,楽園計画,1020,5,7676,790390,9,9,9,7,8,6,9,2,59
WE40D860K,ふがく,JWUL2T36L,チーム初心者,881,2,7677,790250,10,10,7,7,8,7,9,3,61
Q7VTL2LXY,まこっち,58XPHM9GU,神と猫の集い,1357,5,7678,790210,10,10,7,8,9,7,8,2,61
8V2VNR2XQ,黒澤姉妹のオヤジ,V8XX999F6,卍蓮村幼稚園卍,1364,8,7679,789940,9,9,7,8,7,4,7,3,54
AXWFJ4DYP,きしめん,HMBW9DXY2,蓮好き皆あつまれ,907,1,7680,789773,10,10,10,10,10,10,10,10,80
E6KWXUHYW,G,4FN0KWB4G,無言参加大歓迎！,514,2,7681,789670,8,10,8,3,6,1,5,3,44
AEXJ7FTXR,T-799,394UG5LNY,行ってらっしゃい,1087,2,7682,789602,8,9,5,7,5,7,5,2,48
2CUNNPA3U,れんぱす,1D7T2UXC2,無言でのんびり,958,2,7683,789490,8,8,5,8,8,5,9,2,53
FJYAAGKGF,miho,9JTF508LB,スクスタ亡霊部,764,4,7684,789400,1,1,4,3,4,3,2,3,21
0V6FYABJ8,ポポ,3JDDUYURT,無言,1099,2,7684,789400,9,8,7,7,4,6,6,2,49
YPJ50JJYN,comet,GN1798YEX,ド!ド!同好会,523,0,7686,789250,1,3,7,2,7,5,10,3,38
UY6SIRSO6,ネギトロ好き,MUXWTW1GV,蓮の空見守り隊,442,0,7686,789250,6,8,4,6,3,4,7,2,40
9OL5GFZYN,たくみ,JY79RPB1D,リンクラゆる部,1119,10,7688,789220,7,7,6,9,8,7,10,2,56
BP32P8CE4,タコベイ,CYJAC1CK2,チームK,856,2,7689,788950,10,7,8,7,7,4,9,3,55
171E3B0H9,パールム,E7UBFLW56,同好会の同好会,649,4,7690,788750,10,10,10,10,4,10,7,2,63
ERRPEMRB9,MasashiX,HMBW9DXY2,蓮好き皆あつまれ,1345,9,7691,788140,9,8,8,7,6,7,7,4,56
IZI7TWBV3,はうずき,U4TNE7AC7,AirLotus,1077,0,7692,787690,8,8,5,6,4,5,8,2,46
V9QET10KQ,ぷち,WPG6BCG83,基本無言,1069,3,7693,787510,6,8,6,7,4,5,7,2,45
KMVGW5O0O,シノ,0VEMMV8E2,スリブとまったり,906,0,7694,786970,7,9,6,6,8,6,1,2,45
OOARXM0UW,ロッシー,72J5PWU5K,ライグラ待機室,1142,15,7695,786880,6,8,7,7,8,6,9,2,53
7AH1GMFM9,でら,NK05UMLWW,かけ込み寺クラブ,767,4,7696,786520,8,8,8,10,10,3,4,2,53
BJ81H0BBC,パギー,0R8BXPRC1,ポチっ！とクラブ,1055,12,7697,786500,9,8,6,5,8,7,7,2,52
WL5Y1B1KY,くずり,PUJ0ERCMW,蓮ノ空倶楽部,1158,3,7698,786430,2,1,1,1,2,1,1,1,10
PBTLDR3XM,ディクスン,T86X24942,はらまき,913,0,7699,786250,3,5,8,7,3,8,6,2,42
4YTCLXU3Z,ゐぬこ,0XUV5025C,めぐめぐバブり隊,1239,7,7700,786011,7,4,4,6,3,4,7,3,38
HMYBTUWBP,グロケン,YMKU30246,参加賞がほしい,477,0,7701,785800,8,9,7,8,7,4,5,2,50
9D0CT0C1A,ばた,46UP5GKU2,機械さんと仲良く,897,3,7701,785800,4,5,1,2,1,1,1,3,18
4NETU2JRP,Jay07291,YL2ELYC4U,さや…好きだよ…,324,0,7703,785669,9,10,8,6,7,5,5,6,56
C24FV24A7,おるさん,05KN1RR3U,さやかほ花卉園,777,5,7704,785170,8,2,5,1,2,1,2,2,23
0BH652776,キンクマン,T4WY63DB9,ういのま,544,0,7704,785170,5,2,4,10,6,5,2,2,36
3A19E1LXM,ゆ,6FWRD1K40,いちじょ海賊団,793,2,7706,785156,8,5,7,8,7,1,6,3,45
ACT0GBLBR,ムク,R9NGK6L48,のんびりサークル,1255,8,7707,785080,7,4,5,5,2,1,7,1,32
01TBH0U21,ジエンド,BY5NV4UU8,トライファイター,1385,6,7708,784990,5,7,6,6,2,4,6,2,38
7M85A4YGE,とぅない,2HEFYHN82,異次元フェスから,868,2,7709,784900,6,8,1,8,2,1,4,2,32
9R83V7V6E,畑ちゃん,G6EH0KHT7,なんもわからん,924,4,7709,784900,9,10,7,8,8,7,10,2,61
DJPXXFDLL,クルーゼ隊長,Y6KN85L5P,孤独の村人,618,4,7711,784814,10,9,1,1,9,1,4,2,37
BMUK2E32Y,風音,2L8R7GAV6,大賀美組,1188,4,7712,784720,10,9,8,8,8,7,9,2,61
RVT89GBBV,さけこころ,WLLWJ8ADP,乙宗筋肉サークル,950,5,7713,784450,4,3,8,3,2,1,1,2,24
087NMYNNU,Atrip,Y7KJ3PM8P,蓮すきすき同好会,597,2,7714,784360,10,6,6,6,6,4,7,2,47
7M5MB4R0U,ニューロン,MXN85G5KF,蓮ノ空漫画研究部,1031,2,7714,784360,8,1,1,4,3,5,1,1,24
ICGNQ43SB,くんくん,L3NN1RWMY,アポロベイ海賊団,1006,2,7716,784000,9,9,1,8,6,9,1,4,47
E0YM46539,みけ姉妹,KR1MBWNCE,ぼっちざ 3rd,418,0,7717,783550,4,1,4,1,4,1,1,2,18
BV7K5HYA5,しゅーたろ,HWWRP6K2J,家に猫がいます,1228,7,7718,783370,7,7,6,9,7,7,8,2,53
B6NE2F6J9,RoK,8VGXWTV3U,R.opRizm,1171,15,7719,783100,10,10,10,10,7,7,10,9,73
2ZCUMBBXZ,わりたそ,YXKR0GGM4,蓮ノ空好き好き,932,1,7720,782830,6,6,5,5,6,5,10,5,48
I7KM23MK2,パイン,Y5J5Y90CD,まるまるサークル,1009,1,7721,782650,5,7,5,7,4,4,1,2,35
YMM9JPB5Y,Raichi,KGDNX3EF3,ENcircle,1055,11,7722,782560,7,9,5,10,8,7,6,2,54
TP2EFMLU4,綿棒,VNEY6C9BE,スリーマーメイド,1136,1,7723,782500,10,10,9,8,8,7,10,5,67
G31LKBJPA,ミーシヤ,92DAKAG6N,鈍色の空,791,0,7724,782020,5,6,2,4,3,4,4,2,30
FCX92EF77,NQa,05KN1RR3U,さやかほ花卉園,837,2,7725,781750,5,5,5,4,3,1,1,4,28
25BANM91H,赤い炊飯のジャー,GYJ3C6TKR,綴理先輩好き好き,1117,8,7725,781750,8,5,6,4,8,4,8,2,45
70X3BJO3I,ローズ,M8FM7P139,蓮ノ空ひとり旅部,1071,5,7727,781570,6,7,6,8,7,7,7,2,50
89J49V9DT,侑大,GW4CH70HK,TKG同好会,914,2,7728,781500,9,8,6,7,7,4,7,3,51
72UA5YLNT,Nakhimov,AT3WYLPP8,SIDF,453,2,7729,781390,1,4,1,4,4,1,10,2,27
295TZPGNQ,ムルムル,HNC6HDEMJ,星待ち部,1083,4,7730,781250,8,5,7,6,8,6,9,2,51
2QLOE6FR0,まの,TXNCTRR1U,瑠璃乃推し隊,1276,2,7731,780850,7,9,3,6,7,6,9,2,49
9C7PG00V1,B,WJGWLM56V,ぎるてぃぱーく,538,0,7732,780670,1,1,1,1,3,1,2,1,11
RFM6CC6EM,おおはし,9D722M8KC,蓮ノ空同好会,839,0,7732,780670,9,8,6,7,7,5,6,2,50
0ZO5320MY,菊岡,5W8RPRVUA,ド！ド！泥！,932,1,7734,780580,10,9,7,7,6,8,1,2,50
P0RPT3WT6,3spirit3,RM7N1JDB5,無言推奨不干渉会,707,2,7735,780250,7,8,1,8,6,1,4,2,37
WR6EAO9WV,banken7,8L4UUJTAN,ばんちゃん組,1068,5,7736,780130,6,10,8,6,6,6,6,4,52
CEFJJ0959,白虎,NLTAB4BLF,蓮ノ空ゆる活動部,749,4,7737,779855,5,4,1,4,2,1,2,2,21
6T33AM66K,名護啓介,RPM0RVWMP,素晴しき青空の会,1137,2,7738,779770,6,5,5,6,7,6,9,2,46
ER7ZAT640,はやて,281AVFPPX,蓮ノ空過食クラブ,1133,12,7739,779684,4,8,5,6,7,4,5,1,40
M4QYOUH9F,すたー,V26546K3D,乙宗気合筋肉,1462,5,7740,779500,10,8,10,9,7,5,7,4,60
B1T08VNDR,つばゆう,08DDCV5JN,黒ねこのしっぽ,794,5,7741,779230,7,8,2,4,4,10,5,3,43
WT687TQGA,ゆだん,G8F0M2PH2,アフターウォール,992,4,7742,779050,8,8,2,7,2,4,1,3,35
BD3E5IL02,がんばらない,6FWRD1K40,いちじょ海賊団,1105,1,7743,778829,7,8,6,8,7,4,5,2,47
4Y81LR241,ハス塔（とう）,F2CFWVMY9,藤島め組,1482,11,7744,778487,1,5,6,6,6,1,6,2,33
CLS2MJ4WN,父親面,6D57FX14W,おらおらぱーく,461,0,7745,778240,6,4,5,10,3,4,1,2,35
5UAL5KJDU,響,9C0KWR782,まったリンクラ,293,0,7746,777430,9,9,6,4,3,4,1,2,38
6LKLYVF1H,香楠,8VGXWTV3U,R.opRizm,491,0,7747,777250,7,5,6,6,6,4,4,3,41
XKVEI827M,つらたん,W7B8L502J,梢サマー,1147,4,7748,776948,5,8,5,7,4,4,8,2,43
K600A2Z4W,ゆあここ,998H940YN,お嬢様筋トレ部,1079,0,7749,776890,10,5,6,1,4,1,3,3,33
5E9YXPU4R,繪希,M67ACEP3M,オーバーブースト,641,2,7749,776890,6,4,2,1,4,1,4,2,24
ESQV3M6ME,くずもち,C6HBJMY5L,！,1105,5,7751,776710,8,9,5,10,9,6,4,3,54
8IE0QV54M,アリス提督,YLJ2PP4X4,全日本謝罪同好会,1015,0,7752,776620,6,4,3,2,2,5,2,2,26
9KYNVC53L,ワッタン,M7PWTT3PY,サークル戦連合軍,1078,2,7753,776350,6,7,8,4,7,9,9,2,52
W27UGVY25,たか,LUDNM40F8,ふくふく無言OK,1070,12,7754,776250,5,7,6,8,8,8,7,3,52
FN1RVYY6V,ちーぎゅう太,PMME7169X,蓮っ子動物園,722,0,7755,776093,1,1,1,1,2,1,1,1,9
EODSZ4YPF,えるちたん,80PAHHPGN,同行会,375,0,7756,775990,3,2,2,9,1,2,1,3,23
PKC3KXJPF,Fleur,573J1JVVK,かほかほ,668,0,7757,775900,8,4,4,7,8,5,7,2,45
LNK0C6574,こーりんぱな,53M4V2BVG,吟子の髪飾り,351,0,7758,775810,4,9,1,9,6,9,7,4,49
U3FUDEE7O,御門凪,6HV2RH6TU,イベント用、無言,1343,10,7758,775810,10,9,1,4,7,5,8,3,47
N83106WNY,きさらぎ〜,BT22M41DV,梢花帆吟子同好会,919,0,7760,775540,9,9,8,8,7,7,6,2,56
N5Z3GWTDL,はまやん,G810MK0NW,freebird,1295,7,7761,775250,9,8,7,9,5,8,10,5,61
T5CMDEG2W,ほびろん,0JCT9R049,蓮隠れノ里弐,1277,9,7762,775238,10,10,10,10,10,10,10,10,80
RN3P3WDY7,さたお,N1JM7M3YC,丘側,1186,4,7763,775000,3,2,1,2,2,1,2,3,16
75VN6VREN,白米食べたい,CTTATA4NG,味噌汁はできたて,1496,19,7763,775000,4,6,6,5,8,4,9,2,44
R90FDM1TN,エノア,1D7T2UXC2,無言でのんびり,964,3,7765,774100,8,8,6,8,8,5,9,2,54
ZCDPUZWF3,ヒーロー,43HRXMXWA,無言OKクラブ,1029,6,7766,774010,5,10,4,6,10,4,5,4,48
URJMDHFL0,しな,23PGPJ3NV,蓮ビギナーの集い,356,0,7767,773870,2,1,3,6,4,3,1,2,22
B718TNMKA,ごとP,XKBRAVW4V,AAA,595,2,7768,773750,10,8,6,8,8,8,5,3,56
CPH56URRG,kaka,F53AELUNC,ソロっと倶楽部,1108,11,7769,773650,10,10,8,8,4,4,8,4,56
4DM124I0Q,るる,P2J37FNLG,乙宗先生指導会,1260,6,7770,773500,3,2,4,2,6,1,1,2,21
6GWECHY9V,もっちゃん,LJNCAEVAP,蓮ノ空さやか研,389,0,7771,773470,8,9,6,8,8,5,8,3,55
RPK48P5X9,みずゆう,PH0YEPJD8,蓮ノ空北國金沢,1017,9,7772,773200,8,9,6,7,7,5,8,2,52
RKR9PA88R,ミクっち,WJY2HK6A5,蓮の空イベント部,502,0,7773,773015,6,6,7,2,5,2,1,2,31
GGAXX31CY,Kiseki,7XH3K4GBT,LLP,418,0,7774,772840,10,10,5,7,6,4,4,2,48
RAAP0WFU7,しんしん,1U4JN5CXB,LLユーカー部!,825,2,7775,772750,4,7,4,6,6,1,9,2,39
YFVPN1MU2,王,G0J2F9NAL,さやさやさーくる,795,2,7775,772750,10,9,8,9,6,1,5,2,50
CJRTWY0S9,Hei,E050K9859,蓮党,723,4,7777,772673,5,10,1,4,10,4,1,2,37
SCYQFSZVZ,くっちゅん,FMKP92LRL,目が霞む人達,1199,19,7778,772660,10,10,10,10,10,9,10,9,78
1NPK74KW4,エルドレッド,XHJLF3R8H,ゆったりプレイ,1113,10,7778,772660,8,9,7,7,6,5,6,2,50
EZ9M088YR,sij,HB9AU9DJJ,聖心党,1211,0,7778,772660,8,9,7,8,8,7,9,2,58
VP4M80O86,おさとし,8BAYBXUXC,スリブ大好き♪,784,0,7781,772502,2,2,3,8,3,4,4,2,28
70G3Y1WK6,Hayate,T2XRMGEAE,蓮根無言会,596,0,7782,772480,6,5,5,5,2,5,2,2,32
QLN2AXPWN,闇百合,PRY4573W6,報酬用,1162,9,7783,772300,9,9,7,9,9,7,7,4,61
W1XOQOMNI,yoshikin,36T6UB6YA,まったり箱推し部,1097,0,7784,772120,8,8,6,7,7,6,9,2,53
X3LCMYH78,ｸｭﾜﾜﾜ~ﾝ,LUBV8WC82,めうめう,1047,3,7784,772120,4,4,6,4,2,1,4,3,28
8XJ1GHI0Q,ロロライナ,95TAREFPT,ご自由にどうぞ,1158,1,7786,771989,4,7,4,7,6,5,5,2,40
SQEXZEJCT,MistRain,G1AFM0R9A,蓮ノ空釣行部,1004,0,7787,771850,9,8,4,5,6,5,5,3,45
E01ZW4GUK,のものも,424NLTEE8,無言な異次元部屋,1430,4,7787,771850,8,7,4,5,6,4,9,2,45
D7WMA5YFY,三船　栞男,CCACL2CMM,暗殺者チーム,470,0,7789,771760,7,9,6,7,8,7,9,2,55
WDSFXN9WT,フリテン,6D57FX14W,おらおらぱーく,627,3,7789,771760,8,5,10,3,10,6,3,3,48
XP2T4Y11D,おんま,C0NDBKMRB,すりぃずぶぅ家,1115,2,7791,771670,9,8,6,8,8,5,8,2,54
QKH1LW457,しまう,GWGDMA3YC,初心者無言自由だ,1039,6,7792,771500,8,8,5,4,4,5,5,4,43
PJLS7NV8H,To-.,60KU468X3,はっすーず,1160,2,7793,771400,9,5,5,8,7,5,9,2,50
C4LVP97KV,和泉,PUNBJGRBF,初心者向け,536,0,7794,771305,4,8,1,6,2,5,1,2,29
6B4NRD19H,あおかえる,5NPVVUGH7,蓮すきすきクラブ,1066,5,7795,771130,6,8,7,9,6,6,4,2,48
6YY66HD9N,こまや,N7GLY2RUW,百生銀行,924,2,7796,770860,2,5,3,2,2,1,1,2,18
03WXXNWVM,Katsu,7P4CAER9X,まったり倶楽部！,1116,3,7797,770230,8,4,4,4,2,1,5,2,30
FLPTF3953,だむどむ,61UTNTRU1,初心者さん,1065,11,7798,769960,9,9,7,8,7,7,8,2,57
T52H9J0K5,K｀・ω-)و,3FF3NB77X,せーはす愛好会,565,0,7799,769870,2,1,1,1,2,2,1,2,12
GBW6XWS26,なごの,GH8KWPU3G,ngn,1442,0,7800,769780,10,10,10,10,10,10,10,5,75
T3N8GUWX4,クロワッサン,43HRXMXWA,無言OKクラブ,1011,0,7801,769600,7,7,6,7,6,7,9,2,51
8N5Y5HD1G,スドウ シン,M206VENTF,蓮紺の会,911,3,7801,769600,10,10,6,10,10,5,9,2,62
X70W9G6J9,コポォちゃん,8M6UDX260,ぽけもん好き,1217,10,7803,769510,8,7,6,7,7,7,8,2,52
MG4P5RVH0,Я,WNA5GTJPP,蓮ノ空百合クラブ,1363,15,7804,769250,10,10,10,9,10,7,10,3,69
WN4V6M16V,カーカー,8NFDBY4L5,浄龍桐生会,857,0,7805,769082,7,8,7,8,6,5,4,2,47
TDF0YPK8Y,てつしみ,3LPBPHL3V,壁の民の伝説,776,0,7806,768880,8,1,9,6,2,1,7,1,35
J3QGR8GL2,にゃがと,X7UEBBF7R,気ままに,975,4,7807,768700,7,8,9,8,5,5,7,3,52
1GLHYUMTW,ひろし,4UX466G0X,まったり,579,2,7808,768520,10,8,5,6,5,1,5,2,42
JB5IX6ZZT,ほろあま,9R4E0EDBV,いいね金沢,1121,1,7809,768398,8,7,2,8,7,5,8,2,47
LPQA412CF,ラ！イチ,57HNJ07NK,みらぱ推活最前列,1128,2,7810,767885,9,9,9,8,7,5,8,2,57
CVTY4R4G2,ひろろん,L7HH7E0XR,フラワースパーク,1206,3,7811,767800,7,2,1,1,1,1,1,2,16
T9TAEVKR6,こいちゃん,F6LNJNE83,そろそろ,732,1,7811,767800,7,6,6,4,2,6,4,3,38
PK7X9HV1K,リチェルカーレ,LUH7URBF3,初心者サークル,790,1,7813,767710,10,7,5,9,6,5,9,4,55
42DMELU7X,ちゅけ様,9TF5YDRFL,蓮空山岡家同好会,631,0,7813,767710,1,5,5,1,1,1,7,2,23
5ELAYP97W,ミンク,VD7N7A4WH,氷青色,435,0,7813,767710,9,10,6,6,7,1,5,2,46
AU15LGJTC,なかよし,1EL57CDR0,なんもわからん,910,3,7816,767260,10,9,7,8,6,5,8,3,56
G9QE7D3GD,そえまん,R083H7WRN,サークル無言,1281,7,7817,766750,9,8,6,7,7,5,5,2,49
OOXKJJCNF,ラピス,6MRL8N07V,蓮ノ空クレープ部,1073,7,7818,766630,7,8,2,9,7,7,7,2,49
XL260YCAJ,びにこん,9UA1G4YRP,カボチャのプリン,636,0,7819,766517,1,1,2,2,4,1,1,2,14
CMVG237YJ,ゆい,HKKCM3W4M,かほ姉の集い,859,0,7820,766450,7,10,5,9,7,2,1,5,46
HHC5LB690,三毛猫,2VJG66JTH,まったり,1044,8,7821,766346,4,8,5,4,7,4,5,2,39
3DV7J9RF8,ろく,639NXLKJ5,Lotusky,416,0,7822,766004,4,2,3,10,2,1,1,2,25
8E9593TDB,Chocolat,M8FM7P139,蓮ノ空ひとり旅部,716,0,7823,765750,9,8,5,7,7,5,8,2,51
LA55MA5MB,みったん,TCTEAMP9C,虹ちゃん最高！,180,0,7824,765491,9,9,9,7,4,5,2,3,48
ATEBLAY6E,snowfall,4E471B8MT,MCSH,546,4,7825,765000,9,4,5,9,4,1,1,2,35
PH2W06E24,ﾈｸﾗﾑｼ,PH0YEPJD8,蓮ノ空北國金沢,1253,12,7826,764830,7,9,6,8,7,5,9,3,54
VTNY8S6TV,cocoa,BCJRMHE75,梢すきすきクラブ,1339,17,7827,764740,7,6,4,4,3,1,1,4,30
XHB0IE4FF,赤木保,N2KCENRKH,猫＆旅大好き部,1013,4,7828,764500,7,7,8,10,6,6,6,6,56
KWYVX001M,Raz,APD9U5CFA,立ノ空スクステ部,410,0,7829,764250,6,7,4,1,2,1,2,2,25
PWU8QZZ6O,あさま,KB5BFK7J6,おはめぐ党本部,1243,8,7830,764200,8,10,6,7,6,7,9,2,55
LAU60ETW9,あんしんパパ,Y7KJ3PM8P,蓮すきすき同好会,1309,2,7831,764110,10,10,10,10,10,10,10,10,80
NP3JN6MCT,たくみ,0R8BXPRC1,ポチっ！とクラブ,631,5,7832,763781,1,1,1,2,2,4,1,2,14
XTP0V598K,かもねぎ,PH0YEPJD8,蓮ノ空北國金沢,705,2,7833,763750,7,6,3,2,4,3,4,5,34
1KLC8PAHK,はる,1EL57CDR0,なんもわからん,1159,6,7833,763750,8,1,4,10,9,8,4,3,47
CJHCLWNDA,えに,K3LMN5JHH,金沢カレーの皿,1115,4,7835,763660,8,9,9,7,6,7,8,2,56
8Y7BY1WUY,おもち,AE3L01V24,LOVE蓮ノ空,655,0,7836,763610,4,1,4,2,4,1,1,2,19
MB0WC3A18,yu,BEUGE1GV8,仮,651,1,7837,763480,8,8,5,5,8,4,5,2,45
YMDUKTJ4E,カリ～,3AYUW8AB6,新ソウル高速,1136,5,7838,763390,10,9,9,10,5,7,8,2,60
FG71WY499,善,57HNJ07NK,みらぱ推活最前列,629,3,7839,763250,9,5,10,10,10,10,7,2,63
7M62V6VML,穂乃吉,YJNWBA8F6,梢推し隊仙台支社,835,2,7840,763120,9,5,5,4,3,1,1,5,33
WPBYCPLCT,初心者のミカ,3194B9E93,初心者寄り合い所,522,1,7841,762760,5,5,4,4,6,1,2,2,29
53LKTPKUR,パンコ,YJNWBA8F6,梢推し隊仙台支社,1109,6,7842,762580,7,1,7,6,8,10,10,2,51
AG1N2F2G1,ヨクバリ人間,F8MLHU2NV,乙宗梢様､､､,1017,11,7843,762500,9,2,6,8,4,6,2,2,39
J1RL77DLS,まきまき,5HTTUT7VK,毎日蓮を応援宗,913,5,7844,762400,6,8,5,7,1,1,7,2,37
B7RHR9YVP,ゆっけ,8HNWFP5VL,沼,1160,3,7845,762250,7,9,6,9,8,5,7,2,53
HG5AJMK2M,うまざえもん,PJFUEFV94,◯◯◯待機室,577,0,7846,762220,3,3,7,8,4,4,10,2,41
9YY625C69,Magician,HWWRP6K2J,家に猫がいます,761,3,7847,762130,8,10,7,8,7,6,9,2,57
VR9GDXFI0,からす,NMT63RUDV,泥村,1350,13,7848,761900,7,10,8,8,8,8,6,4,59
EM01C9U2C,9Æru,J800VVPTN,Aqours,1194,8,7849,761750,6,9,5,5,6,6,7,2,46
TJ3V3UPA3,ぶい,Y2P9LABR2,スクステ同好会③,1357,5,7850,761729,2,1,2,1,2,1,2,2,13
91JK35ECX,Coda,PYFGXM8FT,心堅石穿,1088,2,7851,761680,9,9,8,6,5,7,9,2,55
KHF5HIJ9M,CP,C0NDBKMRB,すりぃずぶぅ家,1217,6,7852,761500,8,9,7,9,8,7,5,2,55
K3VE0YA9U,みっくりえーしょ,FCPHKWR7G,麺のびリンクラ支,1037,9,7853,761216,6,9,4,4,7,4,5,2,41
2CK21B89C,かっぱ？,AXGGJ4EJ1,所属だけしたい部,775,6,7854,761050,10,7,5,5,2,8,2,2,41
TBP0L30GD,うりゅう,38KAJGDGU,異次元シャニP,1173,6,7855,760960,6,7,4,7,6,5,10,3,48
HZUH1X5Q9,光章生,71U58RMK3,蓮ノ空長野支部,1113,8,7855,760960,9,7,7,10,2,1,7,3,46
QQ5O9VP7D,リンドウ,PMME7169X,蓮っ子動物園,916,2,7857,760250,8,10,7,8,10,5,8,6,62
Q35K3S6CV,堕天使ヨハネ,UVN7G4X3A,闇のルビィ団,1148,10,7858,759970,6,4,1,7,8,5,6,4,41
HB22TA942,幾千の夜,VNEJ2RNW0,まったりんくら,827,2,7859,759880,5,8,1,9,3,1,4,4,35
MK01CM4XP,伊安蒂卡,T2XRMGEAE,蓮根無言会,1142,15,7860,759848,8,9,1,9,4,5,2,3,41
MVVCJ7TDR,Darcy,BEMED3RY1,無言無課金ok,1000,3,7861,759250,7,6,6,6,3,4,4,3,39
H87O6OEPG,Kona 熊仔,PH0YEPJD8,蓮ノ空北國金沢,1224,3,7862,759164,10,4,6,7,6,1,8,2,44
CDHJCWX0U,蓮ノ空狩人,LJNCAEVAP,蓮ノ空さやか研,984,5,7863,759070,7,8,6,8,6,7,8,2,52
1TRR2JY83,Yokiri,2LLNGYPU6,禁断のセカイ♡,774,2,7864,758980,5,10,8,4,3,1,3,2,36
8K32NSWZV,すばるん,HKKCM3W4M,かほ姉の集い,790,0,7864,758980,4,5,8,7,6,3,6,4,43
FTNIAHAAV,ちぇん,2KJ2UEC3P,ういちゅけクラブ,1438,16,7866,758890,7,7,7,8,7,7,10,7,60
EBTLF1JEV,テト,K7LC46V5M,Link！ラ部,1020,12,7867,758480,7,7,6,4,9,7,9,3,52
5U0MXNAH3,takashi,89K9Y7MX7,初心者歓迎,665,0,7868,758440,6,7,8,5,7,4,5,3,45
6YM7KAMVU,しんくさんく,JTJKAXF0U,千里浜の砂,903,0,7869,758350,7,8,5,7,4,5,8,2,46
7YUJBA0BH,もい,DJC4WJXGV,無言出入り自由,842,3,7870,758260,7,5,5,7,2,4,5,2,37
TW6V1UTMW,カプ厨ーノ,XE8513HNP,喫茶カワウ空✨,453,0,7871,758080,1,2,1,3,4,4,2,2,19
6NHWRK1NE,elichika,AAHB7C276,HaCordVN,1043,17,7871,758080,4,4,5,6,3,1,1,2,26
LT5FUEYV2,QWERT,GGCKK69C9,リ　ン　ク　ラ,657,0,7873,757720,10,7,1,1,2,1,3,2,27
TAWRC5WY0,ｼﾞｮﾏﾗｧ,0R8BXPRC1,ポチっ！とクラブ,589,0,7874,757630,10,8,8,4,6,1,5,2,44
UJMNNXBP2,すみ,J7N4W6Y1K,こずミックラブ♡,869,2,7875,757625,10,5,1,8,6,4,1,3,38
5MRWRAWAY,六,NK17PY5LW,のんびり,858,0,7876,757540,4,3,2,1,2,1,3,2,18
ZZ6KTO273,かつまる,1UBNNHVLG,蓮箱推し（仮）,960,6,7877,757450,4,4,7,8,4,2,4,2,35
R13OARJ8A,Alex_Rin,18YYNRFGA,LotusSky,889,0,7878,757270,10,7,6,8,7,7,9,3,57
NXMO2GM4E,未央,F08AHUJJ0,綴理のお世話係,1244,10,7879,757000,10,10,9,10,9,9,10,8,75
1KYUUYKE0,GLAY73,PD80VCP5N,虹ヶ咲学園,1072,2,7880,756820,8,5,6,8,6,5,10,3,51
VL5LNGJLU,コクトウ,BW38LDPRF,蓮浦の星空,971,2,7881,756770,7,8,6,8,6,1,1,2,39
HXDRBE402,おじさん,X33HHA9F8,アルストロメリア,999,13,7882,756550,4,5,3,6,4,7,5,2,36
R24F5F4JJ,パンコンハモン,TFGKYEY98,LLP JR,956,0,7883,756460,8,8,6,10,7,7,9,5,60
311F4NNJ3,Toma,1UBNNHVLG,蓮箱推し（仮）,884,1,7884,756280,5,8,6,5,6,1,4,3,38
993YWB5UV,木村真純,3DDPBCE5J,蓮の空 応援,606,0,7885,756257,9,9,5,10,7,4,1,2,47
N8H8U4FNH,ぐみ,1D7T2UXC2,無言でのんびり,940,1,7886,756010,7,7,5,6,4,4,5,2,40
C4LX2F3FD,Yurika,P2J37FNLG,乙宗先生指導会,836,2,7887,756000,3,6,4,6,6,3,7,2,37
DAFRCJC24,まーちゃん,9UKKACGDU,蓮っ子CLUB,1257,5,7888,755744,9,9,5,7,7,7,9,2,55
M5CHAKK49,miribit,CBJ6YLG5N,ゆるケストラ部,1090,1,7889,755650,5,5,6,6,6,5,8,2,43
Y3MI2K1FV,とるねお,LJMD3TWBB,道の駅蓮ノ空,1139,5,7889,755650,9,8,6,8,8,7,7,4,57
EHKVPF1A0,みなぎ,V29NBHRHL,自由気ままに,1133,8,7889,755650,10,7,7,10,8,7,9,6,64
TAU50ABJC,みす,XA0XD41CM,ぼっちぼっち,461,0,7892,755573,8,5,6,4,3,5,5,2,38
TV57T4L7R,ぴー,5VCRU63W0,まっちみん,859,1,7893,755560,10,10,7,8,6,5,7,2,55
VQTTBJHQ1,ティナ,8UJNTV5BX,のんびりと部,1056,13,7893,755560,9,8,6,10,10,9,10,5,67
MY1J4LYHY,雑草マン,DHKUGEWBJ,めぐ党虹ヶ咲支部,1018,2,7895,755500,10,8,8,10,8,7,10,4,65
1BP7JNK54,ユリ,BEMED3RY1,無言無課金ok,958,2,7896,755380,8,7,5,8,8,5,9,2,52
ATV83C4LL,ないんのな,FLFXP0T22,沼津内浦メンバー,1495,18,7896,755380,10,10,10,10,10,10,10,10,80
C2KU6VD9H,りっかちゃん,XE8513HNP,喫茶カワウ空✨,635,0,7898,755290,1,4,5,1,9,1,2,2,25
LKAEJRRW1,LЯiver,U82BH95YE,蓮ノ休日党紅茶会,1177,12,7899,754930,9,8,6,7,7,6,8,2,53
5NWJTAN5C,白雪,X7YM9EG8K,伝統の石川地酒,293,0,7900,754750,6,5,4,1,4,2,1,2,25
X2FKVRVUJ,のどか,PH0YEPJD8,蓮ノ空北國金沢,966,2,7900,754750,9,8,1,10,6,4,5,2,45
1FJDDPKG3,あくまち,NLTAB4BLF,蓮ノ空ゆる活動部,755,7,7902,754570,10,9,1,1,3,1,5,2,32
5AAYELRPY,グラタン,PUNBJGRBF,初心者向け,517,0,7903,754300,5,5,7,3,4,2,5,2,33
YTDGKC8R0,akane,PUJ0ERCMW,蓮ノ空倶楽部,1042,2,7904,754205,5,5,6,3,4,6,2,2,33
M7CU94U77,とも,3YWMY4JVN,82プロ,394,0,7905,754120,10,10,10,10,7,4,6,3,60
EEGYPL5TU,せつ菜,EFYYG9TAY,ご隠居さーくる,321,0,7906,754000,7,7,8,5,4,4,1,2,38
GT51Y8XTH,きさらたん,8GAY2WBT6,(・8・),943,3,7907,753940,7,7,4,7,6,7,8,2,48
APTTKZ36F,まじお,NMT63RUDV,泥村,1052,3,7907,753940,1,1,3,2,2,1,1,2,13
BC1Z0WUER,無月,7TR2VDFD0,（株）すずぎん組,518,0,7909,753760,10,10,9,10,7,8,7,2,63
0WYZUED5Y,きんぴら,AA74NLRYD,蓮ノ空高等科,1245,10,7910,753490,10,10,8,7,8,5,1,4,53
MPETERTNV,めぐ党-M,TWJ862EPN,こにゃとも,1034,11,7911,753250,4,5,1,5,2,5,1,1,24
4LGKKPNTF,桜,9P9EPKFHE,無言参加OK,193,0,7912,753220,6,7,10,5,5,8,5,2,48
WET0YXDUK,うら,AE3L01V24,LOVE蓮ノ空,940,1,7913,752860,8,8,7,7,7,6,7,3,53
SYTSR9SLR,ぎざ,7MV0NXN3U,HPB,568,2,7914,752320,4,7,3,3,1,1,1,2,22
LXRQSDWD9,なみおみ,GLP0WPDRM,イベント用の泥,1219,17,7914,752320,9,8,7,10,9,7,10,7,67
MT193U4NG,yusa_rio,PD80VCP5N,虹ヶ咲学園,976,2,7916,752230,7,9,6,6,6,5,8,3,50
5EMH7WF6X,UNJADED,2B97MH4YA,同じ話し何回も…,317,0,7917,752153,4,5,8,4,4,3,4,2,34
19WXKM4VF,lumis,FF4XH0P3A,ゆるゆるサークル,463,0,7918,752140,10,5,4,10,5,4,1,2,41
B8WHJTA59,ドラハム,NLTAB4BLF,蓮ノ空ゆる活動部,774,0,7919,751600,6,4,6,5,7,5,7,2,42
OX167XEAA,CG墨麓跡,5JA9K5FAK,オタサーの姫芽,823,12,7920,751469,5,4,1,4,3,5,5,2,29
WDPYTRPR2,あほげちゃん,NJBBTCY3A,かにかに！,586,0,7921,751150,9,8,7,8,7,6,8,4,57
NTTC141BV,ンゴ,17AEM7PUN,SIFcord,912,5,7921,751150,4,6,4,4,4,1,1,2,26
HLMLM1D15,みなりん,XA0XD41CM,ぼっちぼっち,283,0,7923,751127,4,4,6,7,4,5,2,2,34
HLKY16BHK,ぎんぎつ,E1HVJ71JR,ご自由にどうぞ,981,5,7924,750970,8,8,6,8,6,4,8,2,50
JVUDDWPN9,きいろ,U98UKD6RY,異次元フェスP,1082,9,7925,750785,10,10,7,4,9,6,1,2,49
LE9XKXW9T,茶々丸,3L3TAA862,チーム用務員,1173,13,7926,750750,7,5,6,7,6,5,10,2,48
5SR3GDMQ6,レイネ,EFYYG9TAY,ご隠居さーくる,1160,9,7927,750700,8,7,7,9,6,7,9,2,55
MJ2907ZNZ,ふよっしー,H0DV3JJGA,かほさやてぇてぇ,1202,19,7928,750500,5,8,4,10,8,6,8,4,53
4FT24MUGR,さらまんだあ,XN2VEA6DN,無言,1176,7,7929,749930,10,8,6,10,7,7,9,2,59
W184W4XMT,あいす,6YTAMD33M,リリエンフェル党,453,0,7930,749750,7,7,3,6,5,4,6,6,44
BC1RMJ1P6,たけお,R3UE4PGCE,うさぎ小屋,411,0,7931,749500,9,5,9,7,7,5,2,2,46
WLH7IIMER,矢澤としたい津島,J800VVPTN,Aqours,1178,11,7932,749350,8,8,5,7,2,7,10,2,49
8NNNP050A,花の先が咲く,XYRA2MND0,蓮ノ空ゆっくり,268,0,7933,749246,10,10,8,10,9,4,5,5,61
FUVH8H1TP,ゆうや,FH54A1HEX,陰のラブライバー,533,2,7934,749170,10,7,5,9,7,4,5,2,49
9W0NNHKKD,とあごち,C28N2X207,かんこな大好き！,790,0,7934,749170,8,8,7,8,5,6,7,2,51
J0BRAVBJE,、、、、、,MJ2GFE2XU,。,874,0,7936,748904,6,7,4,10,5,5,4,1,42
6CJJKAG08,マンマル,K2L5DCVNR,REAL,1061,1,7937,748630,8,5,1,8,7,5,8,3,45
ME653N7UW,舞猫,3LPBPHL3V,壁の民の伝説,1127,4,7938,748540,6,5,5,7,7,5,6,2,43
6UTG9CK9Q,la55,53M4V2BVG,吟子の髪飾り,1184,1,7938,748540,8,8,7,7,8,7,10,2,57
JS5PSBIYS,8888,VB9VUYC97,JIMOAI,1126,12,7940,748250,8,8,5,7,7,6,7,2,50
4FUPHBNEA,イナカモノズ,GVT61ATX0,なのだけれど,431,2,7941,748220,1,1,1,1,2,1,2,1,10
N8CL9L7AA,木葉,2PVYU5V33,ライブに行き隊,1121,4,7942,748049,7,9,7,6,6,5,9,2,51
GEKDL1NLX,ま,3RH5MYBXV,こずめぐ党,280,0,7943,748000,10,8,9,10,7,7,9,3,63
N7PB9WEJA,よっちぃ,XTMGPY62U,スクステ初心者,862,1,7944,747910,5,4,4,5,8,5,8,2,41
WGCG33U6A,じゃすこ,Y2P9LABR2,スクステ同好会③,1395,17,7945,747750,4,6,3,2,7,5,5,2,34
CGCULH80A,jv,75UJ5RB97,蓮ノ空雪野球部,1240,2,7946,747640,9,9,8,8,8,8,10,8,68
6NKB092MP,かんきつけい,FMKP92LRL,目が霞む人達,397,0,7947,747190,8,7,7,5,7,6,8,2,50
3350943AA,タケ,36644VKJ3,にゃー!!!,994,2,7948,747100,8,6,5,8,7,5,8,2,49
7AL3M86BL,あ太郎,GXAE7AM9U,酔うソロ～,830,4,7949,747023,7,7,1,5,1,5,5,2,33
C0X2WGRAK,暁Akatsuk,K4TAHF9YA,はすっこ準備室,1044,3,7950,747000,6,7,4,6,6,7,9,2,47
8HIW5AQ3G,にゃんた,C8A9CTB34,蓮ノ空山岡家部,1149,7,7951,746740,7,6,7,9,8,6,9,2,54
MKGUUDRLT,卍獄殺,00T3NXXA9,初心者,1076,15,7952,746500,10,9,10,8,7,6,7,3,60
JLXM95RPA,エリア,BPN6C4TJ8,仮サークル,775,2,7953,746290,10,8,6,10,5,1,9,4,53
ERJP2B63R,kaede,2JK7E4115,ラ！推し,716,2,7954,745250,6,5,5,2,3,2,1,1,25
A90NW57GV,そのへんの石,U8GLCJVJP,コミュ障用誰でも,1005,8,7955,745210,8,5,7,7,5,5,5,2,44
4JXE58LN0,カザモリ,B08JAPP33,対抗戦したい,755,0,7956,745000,9,9,8,8,7,6,8,2,57
GZREM2O8E,久遠,W3F0URUJC,梢先輩応援団,1406,3,7957,744850,8,8,6,8,9,8,8,2,57
AVEA3X5YW,青,1F5EPPMLD,UR貰えればいい,860,2,7958,744490,8,5,7,6,2,4,1,3,36
TLB0XTTF6,けるける,976BY5JWK,ハルカカナタ,603,0,7959,744458,5,2,1,6,3,4,6,3,30
UTP2DXMTS,Rinちゃん,YMKU30246,参加賞がほしい,390,0,7960,744310,6,8,5,8,7,5,7,2,48
70XXRFN08,Nao.,78D55E05J,HIPHOP界隈,1443,15,7960,744310,9,9,7,7,8,7,10,7,64
S2HJH365X,わわわ,L10A3854K,ラベンジャー部,1419,5,7962,744287,9,10,6,7,7,7,9,5,60
H827FHG5T,つな,FC8NBAJBT,ラー麺二郎金沢店,1589,16,7963,744250,10,10,10,10,10,10,10,10,80
ZTOEVXV40,雪楓Yuki,FTUJJ5KM9,無言◎私生活優先,502,2,7964,744116,4,6,5,6,2,10,2,2,37
A7XHO09M7,はちれも,2KJ2UEC3P,ういちゅけクラブ,904,0,7965,743770,6,4,2,6,2,4,4,2,30
YK65G24XC,Y,ULUELCJ7T,なるようになる？,1062,2,7965,743770,8,6,6,7,2,1,7,2,39
9F7X7R2TB,とかい,3FF3NB77X,せーはす愛好会,997,1,7967,743680,7,4,4,4,5,8,5,2,39
FJFV5LA61,アースト,NRPBG5WJD,てふてふ,1079,11,7968,743500,8,5,5,10,10,6,10,6,60
2ENT5J29X,niN,KGY709ULG,蓮の花束,726,2,7969,743432,10,9,6,8,6,7,7,2,55
T1CWAIKC7,Dave,7XH3K4GBT,LLP,1096,12,7970,743090,4,3,4,1,2,7,1,2,24
VG9JB9A6P,結城,90871BA4P,蓮ノ空候補生,599,0,7971,743050,4,5,6,2,2,2,1,2,24
NVLBW4ERS,博麗　魔理沙,JDYW63BXN,μARLL’s,1001,5,7972,743000,9,7,7,7,7,5,8,2,52
FL5L2HBN3,クラウン,BT22M41DV,梢花帆吟子同好会,1076,17,7973,742780,7,7,8,10,8,9,8,2,59
IR6CA095E,ゆう,PJN52E7JX,ひよっこ,944,13,7974,742510,8,1,7,10,3,5,2,4,40
CHY80T069,みらの,UVK38MFR2,蓮の虚無サー,346,0,7975,742420,7,7,4,2,2,2,7,2,33
CT8Y3ARJ1,♪りゅうぺい♪,8MTLYLH9F,木星月華黄金宮,224,0,7976,742406,4,1,5,1,3,1,2,2,19
5HR72K1A7,よだれ鶏,0FMM30LCA,無言,393,0,7977,742235,6,7,5,5,9,7,5,2,46
42YO8ZOH5,魚板,GG56G6WKD,FF43企鵝冰屋,1209,9,7978,742000,8,9,8,7,6,7,8,2,55
42HWVANGB,フッチー,KULVP7FDR,アニマル分室,1009,10,7979,741893,1,1,4,1,5,2,1,2,17
5353JJ1YG,ピュアリル,LHPPNHR8Y,ちっちゃいもの部,385,0,7980,741070,7,6,8,4,5,6,7,2,45
PW1EMWGYS,北見蓮根,9WJB6YPPN,温室花畑,1215,15,7981,740980,7,9,7,8,8,4,10,2,55
7RB9IH54J,長瀬しいみ,9YM3DBTB7,泥民館,1439,7,7982,740750,8,8,7,4,7,2,4,2,42
WMVEUYB9N,だいそん,48GTYR1VB,ハラショー！,1061,10,7982,740750,3,1,4,8,4,4,10,3,37
PWHU9M7JN,かなしず過激派,PATJY5FLH,―鏡花水月―,1014,4,7984,740696,7,5,6,1,4,3,3,3,32
IL9QRQ02S,Nyas-ct,W15MVW2EJ,蓮のソラ,1071,8,7985,740620,8,8,5,8,5,5,8,3,50
MHJKAL15G,としくん,V8XX999F6,卍蓮村幼稚園卍,1011,2,7986,740350,5,7,4,10,7,7,1,2,43
368AM4V9C,黒牙,CWPWP1266,さすさや,593,2,7986,740350,9,10,10,10,4,7,4,8,62
7CLA0XK32,ノヴァ,PUJ0ERCMW,蓮ノ空倶楽部,710,2,7988,740080,10,8,4,7,6,4,9,3,51
43FU9H05D,ハヤランテ,G0J2F9NAL,さやさやさーくる,1345,9,7989,740000,8,8,6,8,7,7,9,2,55
UJKD3P9JC,ミジン子,MF6GL0RVL,ミジンコ倶楽部,1218,5,7990,739810,9,9,10,7,7,8,7,2,59
BTE8H39MX,ジュラ,UTN8134GA,パドマシューニャ,927,2,7991,739750,10,9,4,7,4,4,4,3,45
CLXRG9MB0,yuki,Y2HV0YEF7,蓮ノ空を応援し隊,1195,0,7992,739670,9,8,7,8,7,7,7,2,55
08PAPBF4T,我不藍,5DRY3TL61,はすのそラバー,374,0,7993,739540,2,1,7,1,2,7,7,2,29
ZH9JPITP9,ふじわら,3LUL3WR8Y,零組,999,0,7994,739500,8,5,5,4,6,4,8,2,42
Z5B466FSH,ISO,H1G4CDT6C,無言自由,1098,12,7995,739450,8,8,7,9,7,6,8,3,56
MYCDC13KY,もこ,XTMGPY62U,スクステ初心者,463,0,7996,738986,1,1,4,2,4,3,1,2,18
AH5EJXC9B,ごや,6JPXTKDBB,DAISUKE,420,2,7997,738910,4,1,3,1,1,1,3,2,16
EDG5KFDCG,とーふ,XXVVJY6FE,はぴぱれ,280,0,7998,738750,5,7,8,5,4,6,3,3,41
4NF039973,かめ8,H837E0M9R,沙知先輩大好き部,1444,15,7999,738190,8,9,8,9,7,7,10,6,64
2J6BM4797,たっち,WN5B7VKPU,きんぴられんこん,1561,10,8000,738010,6,8,1,4,4,4,4,2,33
MZSZE0W5Y,わたもん,K00A4AVTK,まったり蓮ノ空,996,10,8001,737960,1,7,4,4,4,8,9,2,39
M0RRBAUD5,Arte,KJU0BU77M,無言交流なし,595,2,8002,737920,4,1,5,4,4,2,1,2,23
1R0MJBTCF,クロネコ佐川,A8BJ5V3ET,はすのそら,300,0,8003,737789,2,4,1,5,2,5,5,2,26
VLP5YDHAM,けい,RKT7BC4F6,人形浄瑠璃乃,698,0,8004,737447,1,1,1,1,7,1,1,2,15
4DA1CCHD9,あっち,EP27EEH81,毎日がホリデイ,1254,3,8005,737290,6,3,5,8,5,6,8,3,44
0C3VCU3YR,秋刀魚,MD802VP2H,専門演習F4,1105,5,8005,737290,6,9,5,9,7,5,10,2,53
2M7S1GW2Q,おさとぅ,2ULM366U6,毎日がエブリデイ,913,6,8005,737290,4,4,1,4,4,4,4,3,28
4VTM1X15Y,テラ,1D7T2UXC2,無言でのんびり,534,0,8008,737110,10,7,5,8,9,4,7,4,54
6KME8ERKP,たつまさ,HBK6KCRPP,無言でおけ,1065,3,8009,737105,8,9,4,3,8,7,4,3,46
1135XR36D,xicro,KANLFTMVJ,蓮ノ空中文同好會,865,5,8010,737020,3,8,5,1,4,5,2,2,30
DBNK5AWXC,まっきー,MUXWTW1GV,蓮の空見守り隊,616,1,8011,736934,6,1,5,8,7,7,9,2,45
3LMLARUZF,nextank,CBJ6YLG5N,ゆるケストラ部,1090,1,8012,736660,5,5,5,6,6,5,8,2,42
EM095F8J2,栗栖樽甲斐座,T2XRMGEAE,蓮根無言会,482,0,8013,736000,7,9,6,7,9,6,3,2,49
44U5VKMVW,brownie,9L0B2WTWX,ソロ用,1569,19,8014,735940,10,10,9,10,7,10,10,10,76
5JCIDFG6K,s,WJ7GF9WVV,愛と想いやり,1070,1,8015,735850,10,10,10,4,6,4,8,2,54
7C3ARPGAR,Aoikurai,6E27A15ER,蓮ノ空自由クラブ,1093,10,8016,735670,9,8,5,10,6,9,4,2,53
VO56B8CX1,ゆきした,XE8513HNP,喫茶カワウ空✨,1265,19,8017,735250,8,8,6,5,7,6,8,2,50
VVMU5Y9GL,？？？,T2XRMGEAE,蓮根無言会,1017,6,8018,735220,6,7,8,5,6,8,10,1,51
XB2WRTDGT,おにぎりせんべい,XPRA8TRVE,蓮ノ空ロボット部,1379,12,8018,735220,5,8,7,9,7,6,9,3,54
9FPKTZPHG,じょー,96LWYJ3Y6,無言絡みなし,985,4,8020,735130,7,7,5,8,6,7,9,2,51
5J7UUYLAD,ばーらむ,V8XX999F6,卍蓮村幼稚園卍,1079,6,8021,735000,8,5,5,7,6,7,7,2,47
0TR2H00J9,あるす,1D7T2UXC2,無言でのんびり,945,3,8022,734540,10,10,10,6,7,9,7,4,63
OUHGX5FP4,普門寺飛優,BUKPFCJCY,TTMC蓮ノ空班,1153,7,8023,734320,8,8,6,9,7,7,9,2,56
1GMBBLDLA,肉うどん,W2HEPMM2A,無言。ぼっち。,1252,16,8024,734140,8,9,8,9,9,8,9,6,66
CU1M0EM8A,遙旭,V6DV6KETG,梢好き好きクラブ,1310,9,8025,734050,9,4,7,4,5,4,10,2,45
EJ5EY6UBT,はむな,HKETDDCK6,ぼっちざ蓮!!,829,0,8026,733690,5,5,5,10,2,5,5,10,47
RCWDF77HD,うぴょぴょぴょ〜,YADX9DY49,ﾊｽﾉｿﾗｰ,445,0,8027,733685,2,1,1,1,2,1,1,1,10
12GEE74CX,ソー大三角,8MTLYLH9F,木星月華黄金宮,279,0,8028,733600,2,1,5,5,2,2,2,2,21
UGFRABV9M,Ｙ・濱,RLCCC50JA,【驚寒の殿堂】,882,0,8028,733600,6,6,7,7,5,4,8,2,45
6CT2OAOK1,naochi,06KXF4UFK,naoハル,1388,8,8030,733343,10,10,10,10,10,10,10,10,80
WF8LZXYLG,Marimo,HMBW9DXY2,蓮好き皆あつまれ,902,5,8031,733330,8,8,6,7,6,5,8,2,50
IPZ09MIB9,みらは,YC3DCPM7M,福井大学ラ研,1387,14,8031,733330,8,4,8,8,7,8,10,6,59
RK47BKJNC,戸崎圭太,EDLPLUDPJ,フジビュー,992,1,8033,733150,4,2,6,2,1,1,3,2,21
LRU7X9G00,てとら,M44P06CH5,つづさや見守り隊,707,4,8033,733150,6,7,4,1,5,1,1,3,28
TJ4F24LEP,タママ,LY0XPW7NL,同棲概念強火派,1056,9,8035,733060,6,7,5,5,5,5,5,1,39
T33LMN6LT,レバ,BEMED3RY1,無言無課金ok,1240,19,8035,733060,4,1,4,4,5,2,2,2,24
1I7MB8I5C,べんべん,9JTF508LB,スクスタ亡霊部,898,2,8037,732790,8,9,5,7,7,5,6,3,50
AKE1G7B1P,またたぎ,KT4P0CHHC,ゆったり同好会,1156,7,8038,732750,10,8,9,10,9,9,10,7,72
RNB82ETNL,こすず,WBXF9XXW7,さやつづ愛でる会,284,0,8039,732659,6,6,3,1,2,1,9,2,30
XWZAYWQCF,DASH3348,9D722M8KC,蓮ノ空同好会,1076,6,8040,732520,6,7,5,7,5,5,10,4,49
CP343090G,Arisera,88DJ300PJ,めぐ党 • 永遠,1401,17,8040,732520,8,8,6,7,6,7,8,2,52
68X4A67UG,いたこ,FE282F3VH,天悶部,1514,15,8042,732488,7,10,2,8,6,7,5,2,47
YTUYL20C7,はーごん,T48KV9EP2,無言ぱーく,847,1,8043,732430,6,6,5,6,7,3,3,2,38
UCNN2ELGY,かずき,XEENRBXCG,蓮ノ空休日クラブ,1076,6,8044,732340,9,6,5,9,6,6,8,2,51
D4LPQFSBH,ロックハート,43HRXMXWA,無言OKクラブ,1070,2,8045,732250,8,8,7,8,6,7,9,2,55
OPB2WTUT7,や,07JW71HWG,良いチケで観よう,1242,2,8046,731750,7,7,7,5,6,7,10,2,51
YUDNYC221,sonechka,6YTAMD33M,リリエンフェル党,329,0,8047,731633,2,2,1,1,2,2,2,1,13
TM1EEF9HP,村野ユウ,2B97MH4YA,同じ話し何回も…,912,4,8048,731170,1,8,9,10,10,1,1,3,43
RXVRJVGPY,なまはむ,EJY6B26D1,After見たい,1254,8,8049,731080,7,9,8,8,6,3,8,2,51
DYJP5MLYF,ツカサ,YJ21JXMXM,日本酒好好倶楽部,699,0,8050,730990,9,8,6,10,6,4,7,2,52
X3UUAMT30,にこにこに,80VRCG1BY,みらぱ同好会,393,0,8051,730900,7,6,7,7,5,5,6,2,45
ER78W6H1G,たころう,5TWR9PV56,アラフィフ,1198,2,8052,730720,7,9,10,8,7,6,10,3,60
XRM9AYLG0,コツメカワウソ,05KN1RR3U,さやかほ花卉園,292,0,8053,730270,8,7,7,8,6,4,7,2,49
T9X357GJG,アクアマリン黒澤,EE4BKR0AR,まったりプレイ,991,3,8054,729550,6,6,6,10,9,5,7,2,51
8RCAU6DWV,K,K3LMN5JHH,金沢カレーの皿,768,0,8054,729550,8,9,8,8,7,7,8,2,57
8JUFX3O4Y,てんぱ,UHF5Y8PEF,さやちゃん倶楽部,1134,10,8056,729280,9,9,5,8,8,7,9,3,58
UERBWT7D0,雪梅,2HUHCWHK5,ゆずいろ,443,2,8057,729190,1,1,1,1,8,2,1,2,17
5Y53B82FU,紫(花帆ちゃん推,8JMW9G2XW,僕らのリンクラ！,1438,17,8058,729100,10,10,10,10,10,10,10,10,80
G635BD4H8,しいな,BTVC9G95X,FES用,1294,9,8059,729010,3,3,3,2,3,1,3,2,20
UMXGJHLAA,じぇい,JD541JRXE,こてっちゃん～,944,4,8060,728740,9,8,5,8,7,7,8,2,54
V4XYAUYND,じぇにふぁー,R6XT8CU24,りんくらぱーく！,866,1,8061,728726,7,8,4,5,4,4,8,2,42
7L0NTD5NN,美月,GPKTRBCTT,騎空団蓮ノ空支部,370,0,8062,728650,10,9,8,9,7,4,2,2,51
5PTT854P3,アークライト,X7YM9EG8K,伝統の石川地酒,1022,4,8063,728213,5,7,5,10,5,5,10,3,50
MW0726795,ぱち,XVTV7MVCX,雪月花,389,0,8063,728213,5,5,6,4,2,3,2,2,29
AM7ELP6P9,つかさ,WBXF9XXW7,さやつづ愛でる会,217,0,8065,728200,3,3,5,1,5,1,1,4,23
LX7X04ALL,♡さやめろ♡,PUJ0ERCMW,蓮ノ空倶楽部,576,5,8065,728200,5,6,5,4,5,4,6,2,37
9XMYQHWJN,keyton,R083H7WRN,サークル無言,1337,9,8065,728200,9,9,8,7,7,7,9,4,60
92NCGUEB9,みっちー,53M4V2BVG,吟子の髪飾り,1052,9,8068,728110,7,8,5,8,8,4,8,3,51
BY1HH19XT,TOSHI,X87KNX4N3,蓮ノ流星群,1231,4,8069,727840,7,8,7,7,7,7,10,2,55
JNENV6J9Y,momo,1UD805GNK,うさぎだぴょん,524,2,8069,727840,8,7,8,7,6,1,3,2,42
VNL4H8L9G,ちりりん,WJY2HK6A5,蓮の空イベント部,481,0,8071,727750,8,8,8,6,5,6,5,4,50
MLB8XWLM4,ほたて,LMC8CUT41,ほたて,1200,0,8072,727660,7,8,6,6,5,4,9,2,47
4F681CABD,ぐっじょぶ,1D7T2UXC2,無言でのんびり,933,4,8072,727660,10,8,7,6,6,1,5,2,45
JGRJ724RT,なの,TM19BMU7C,ソロプレイヤーズ,1107,19,8074,727480,7,8,6,7,10,8,10,2,58
BMNRNIOU3,ノーラ,J0N1E3Y09,月火水木金土日,1361,13,8074,727480,8,9,7,7,8,7,9,2,57
RG9HE1U32,アンニ,1UBNNHVLG,蓮箱推し（仮）,957,0,8076,727300,8,5,1,8,7,5,1,2,37
4AR1P2MB4,htmy,9N4F9P8DU,リンクラ部（仮）,982,4,8077,727210,8,8,4,7,7,5,10,2,51
G4EV10Y0A,のーら,6UAFKBRPN,リンクラ初心者部,1076,3,8078,726500,10,10,9,9,10,8,9,8,73
OB3OYXTTX,いずみ,CTXN94755,ホヤノ空,875,9,8079,726332,10,10,10,10,10,10,1,5,66
GM50AF2D3,てんりゅう,FVJABCVP3,瑞蓮ラボ,1131,12,8080,726040,9,7,6,8,8,7,8,3,56
ALTYG30NH,AKIYA,AVY8PECF0,初心者の集い,414,0,8081,725140,7,8,8,8,7,7,5,2,52
JUF5CM1HF,ごりん,NK05UMLWW,かけ込み寺クラブ,413,0,8081,725140,5,6,4,6,7,3,4,2,37
BWTPVGLGC,DETR,8M6UDX260,ぽけもん好き,781,0,8083,725135,8,7,5,2,4,1,1,2,30
GQEC1KPNO,柊月リツカ,RBH0YM8P2,蓮ノ空ラーメン部,1130,2,8084,724960,9,8,7,7,7,6,9,2,55
F4PBK8NTY,ラックン,Y6JNPC60C,綴理メイト,1149,17,8085,724690,9,9,10,9,9,10,9,7,72
KYAPT62AM,Gano,AVY8PECF0,初心者の集い,562,0,8086,724280,9,10,7,10,7,7,7,3,60
6P8H9FMLN,あつみ,DKNHY5HH6,なす料理研究会,920,0,8087,724150,7,3,7,7,6,5,5,2,42
584X3V4PF,Colin,WXT031VXV,フリー,492,0,8088,723767,9,9,8,6,7,6,8,2,55
ONI1MX5UO,はやみん*,79C17CHA2,蓮ノ空出張部,1473,16,8089,723500,10,10,9,10,10,10,10,2,71
8AX9GAX59,ナナ,BT3GEWM5L,ささやか村の集い,1066,7,8090,723160,7,7,5,7,7,5,8,3,49
OTSV8JIJE,オトメザ,HWJ8XPW0T,箱推しなのだけど,1182,15,8091,722741,4,4,6,9,7,5,5,1,41
3V9XC1L4K,ゆきモッチ,7B0W0EWVA,ソロの為の避難所,1464,3,8092,722570,10,10,10,10,10,10,10,10,80
672I7KRRP,Pタロー@米,58FD7UF8J,としとしサークル,1360,9,8093,722500,7,7,6,8,4,7,10,2,51
B3G6M1DKE,中須かすみ,2JK7E4115,ラ！推し,1117,4,8094,722228,8,4,5,7,4,5,10,2,45
UCGKKU7KV,北斗蒼一郎,U98UKD6RY,異次元フェスP,1096,6,8095,722170,8,9,4,10,8,8,8,3,58
LP6465IDN,こっぴい,NY54H2A8T,日本めぐ党,827,0,8095,722170,4,8,4,7,3,2,9,3,40
AEXXNH8YV,まつ散歩2,427WENUC4,心の癒し～蓮ノ空,935,0,8095,722170,8,9,6,8,5,7,7,3,53
BXEADDYHV,三木,XPX36F6JX,無言初心者お試し,731,3,8098,721990,5,9,7,6,4,4,3,2,40
6UEHRYFGN,つつみ,NT2KU5174,こずかほ。,950,0,8099,721900,8,8,6,7,6,4,4,2,45
K87HLW5DT,蓮きり,5W8RPRVUA,ド！ド！泥！,1058,10,8100,721715,4,3,4,2,2,2,5,4,26
NU13M8LMJ,たわし野,UHF5Y8PEF,さやちゃん倶楽部,873,6,8101,721540,9,10,7,3,7,4,8,3,51
2RX2LQHZR,フシ,FTUJJ5KM9,無言◎私生活優先,1134,4,8101,721540,5,7,4,7,6,6,10,2,47
B7LFOQ2RO,K,GMEF2K8DL,花咲く泥も好き²,1279,6,8103,721360,10,10,8,10,7,8,10,6,69
76XHC8PDW,レモネ,Y2HV0YEF7,蓮ノ空を応援し隊,1188,7,8104,721250,7,4,5,4,4,8,5,1,38
J8DMT66LB,(*`･ω･´),J4NTXG4T2,音ノ星ヶ丘女学院,1034,8,8105,721180,7,8,6,8,7,5,7,2,50
QMSEE6IHB,橙叶,WHWT61ELR,【無言】ハスノソ,1050,10,8106,721000,7,4,2,4,2,4,1,2,26
H9YL94VUP,づ,9D722M8KC,蓮ノ空同好会,817,6,8106,721000,3,3,2,2,4,1,1,2,18
DPJFWA594,まどか,4LU50R56J,誰でもOK,1022,2,8108,720820,7,6,6,10,2,4,1,3,39
U1P4JY16R,ジャック,T045NDKW0,♬さやか愛好会♬,690,0,8109,720800,4,3,4,4,2,1,1,2,21
DX93H1ECV,えび,BXGNMY466,ライグラ用,469,0,8110,720750,10,9,10,10,4,10,3,3,59
KLTB15ENV,ガイル,NLTAB4BLF,蓮ノ空ゆる活動部,774,1,8111,720640,2,2,2,1,7,2,1,1,18
1RTP3M013,しゅんすけ,WBW66DMUB,るりめぐ研究所,584,0,8112,720550,8,8,10,10,7,8,7,7,65
FF7LK9EG3,ティーツー,UX96YX4T1,『位置について』,872,0,8113,720500,7,4,6,4,8,1,4,1,35
TWY9XDRG1,りあ,W9V6VTXAN,梢先輩の歌声好き,729,3,8114,720460,10,8,7,10,5,4,2,3,49
66D5GWHXN,ウルトラマグナス,26JDLMBLN,徒町は強く生きる,589,0,8115,720280,5,10,5,4,7,4,10,2,47
VQ60I1SSW,守凪,YK0X6N2HN,無言OK出入自由,1023,4,8116,720010,8,7,5,2,2,7,4,2,37
NF7MGK78K,パエリア,CMH1RXEGH,仮拠点,984,5,8117,719830,5,10,6,10,10,7,5,3,56
24L7O62K2,もりこ,JY79RPB1D,リンクラゆる部,1122,4,8118,719560,6,5,2,7,7,5,8,2,42
0NK9X4C9T,つかさ,PLBBEX019,待機室目指し隊,692,2,8118,719560,6,2,2,1,2,1,1,2,17
R6J1CL1W6,Zaphkiel,75UJ5RB97,蓮ノ空雪野球部,563,0,8120,719150,10,8,6,6,9,5,5,5,54
EO1SHYUQP,トラクロ,M49MMBK4F,スリーズパーク,365,0,8121,718466,6,6,6,1,3,4,2,2,30
KKXHL1VFV,のび@香港人,VNEY6C9BE,スリーマーメイド,884,5,8122,718250,10,1,4,6,2,5,5,2,35
KV6IFG020,ひとで,W3UUXHMDV,水彩ブーケ,1076,2,8123,717953,8,8,5,8,7,4,5,2,47
QX3Z7UPH8,玲亜,1XX6FWJRB,オートスキップ団,907,2,8124,717940,8,9,7,3,4,8,5,2,46
5E32MA6BE,リュータカ,JY79RPB1D,リンクラゆる部,1357,15,8124,717940,9,7,7,8,7,7,10,7,62
5GJALCY6B,おとう,6B79AJXNY,こんめぐこんこず,827,0,8126,717760,7,8,5,7,6,5,8,2,48
P8CUH7UB8,エミリー ☆,T56X6LP0L,光の海,983,4,8127,717611,8,9,7,9,9,4,8,2,56
CA4YKPTCV,めいらん,HKETDDCK6,ぼっちざ蓮!!,924,3,8128,717490,5,6,5,4,4,6,4,2,36
LNMGLY05R,ゆゆゆ,KULVP7FDR,アニマル分室,955,12,8129,717000,6,2,6,7,5,10,1,2,39
616C2DX01,Shinano,AVGJAM7TY,あ,484,1,8129,717000,7,6,5,6,5,3,7,2,41
4G2FX2V8F,えくれあ,07JW71HWG,良いチケで観よう,1212,4,8131,716950,8,6,6,7,9,6,10,1,53
NJAP5C878,ギザみみ,4BU2PJLC1,Sky,1006,1,8132,716590,10,5,9,6,8,7,7,2,54
7WPUXD786,メグム,C52VR77BJ,イベント参加用,559,0,8133,716320,5,6,7,10,7,7,8,4,54
M3XE18VEP,Tc,LJNCAEVAP,蓮ノ空さやか研,267,0,8134,716230,10,10,10,10,10,10,2,2,64
YZ0L62QGW,はるにゃ,APD9U5CFA,立ノ空スクステ部,1001,7,8135,715150,8,8,8,7,7,5,5,2,50
NWWX3QOSS,セブン,HBD61R6WC,梢先輩すきすき部,1130,13,8136,715000,9,7,1,8,7,5,3,2,42
1DE81U7RN,つまようじ,2B97MH4YA,同じ話し何回も…,1147,2,8137,714700,6,9,7,7,6,3,7,2,47
OCTNSNQPI,月,H1LTYMK0B,花帆が可愛いの会,1007,2,8137,714700,8,9,7,6,6,5,1,2,44
O4MFLIOF4,オレオ,DHKUGEWBJ,めぐ党虹ヶ咲支部,1195,15,8137,714700,7,6,4,9,7,7,9,2,51
15A74DY7Z,BAROQUE,0CBM28JP6,ほうき星,1522,3,8140,714610,8,8,8,7,7,7,10,2,57
869UFRDKF,もんだ,JX0BXWNWH,新米蓮好き好きC,253,0,8141,714520,3,5,2,6,2,1,1,4,24
TXKPVK2H4,さやか,WBXF9XXW7,さやつづ愛でる会,440,2,8142,714430,6,7,6,3,5,2,9,2,40
CMCF87XDV,トクホ,KT4P0CHHC,ゆったり同好会,716,0,8143,714340,6,2,1,10,8,6,1,2,36
6BUYFEYYL,ビアンキング,DKNHY5HH6,なす料理研究会,879,0,8143,714340,8,8,6,7,6,7,5,2,49
K7ILFKL1U,すぎのき,VXDPPJJL1,蓮ノ空リボ課金部,990,2,8143,714340,7,8,4,5,6,6,5,2,43
2B4Q9VOIE,きたおーじ,J7N4W6Y1K,こずミックラブ♡,1412,4,8146,714250,8,5,10,10,8,6,4,3,54
2DETFU7EH,しゅう,CCACL2CMM,暗殺者チーム,538,3,8146,714250,2,6,6,9,4,5,2,2,36
55M2AB58H,ティー,BPV7XL8F0,Tee,902,1,8146,714250,4,3,3,2,1,1,2,2,18
G1DXBJUDM,おおあらい,0PFGRW8W0,ごはん処,266,0,8149,713710,8,6,9,3,3,4,5,2,40
AGBBM8KBP,のりりん,RFY8A88VC,長老連合,821,6,8150,713530,9,7,4,7,6,5,7,2,47
9VK6H3CH4,やわらかちゃん,FR5PDRB5Y,株式会社つづさや,370,0,8151,713500,4,5,4,1,2,2,3,2,23
1KC0AKVJP,しゃいに,N1JAJ83CA,蓮ノ空園芸部,950,8,8152,713350,9,10,7,9,8,8,7,2,60
Y07LIFXRD,ねみん,RKT7BC4F6,人形浄瑠璃乃,1052,8,8153,713250,7,9,6,9,8,7,7,3,56
87SOZSTDS,ハレクモ,HWMV33W7Y,フラワー泥民館,1227,19,8154,713170,7,7,5,8,6,5,10,2,50
R7RXC5WYP,さーや,M08GKL70U,ららマジ難民の会,842,6,8155,713165,1,1,1,1,2,1,2,2,11
F84F5VM55,君色なっつなっつ,9GDHWXGVG,ルリと花咲く毎日,1170,19,8156,713080,3,3,1,4,7,6,1,2,27
TYHMZFOFU,うめ,L28X4MDJN,アフター観たいぞ,1484,15,8157,713000,8,4,6,5,4,1,1,2,31
WRHG9DGC5,なめこん,RKT7BC4F6,人形浄瑠璃乃,221,0,8158,712994,10,10,10,10,10,10,10,10,80
IW5KQPNJ2,疾風キラー,WAT20PN3Y,こな党,1327,13,8159,712900,10,10,9,9,8,10,10,9,75
IKCHP3S44,カタクリ,9FF5JBNDF,めぐすきクラブ,1177,4,8160,712810,5,9,4,9,7,6,9,3,52
0VUD6J1N5,アズレン,BPHHYC793,ソロ専の集い,597,0,8161,712720,1,7,1,1,2,7,1,2,22
GGJBIPHHT,やーべん,YUVK7R51W,萌え萌え倶楽部,1202,3,8162,712652,10,6,7,8,7,7,5,2,52
3K9RDZH5O,イツキ,GXR6C85BT,花帆ちゃん親衛隊,1627,10,8163,712481,8,7,6,7,7,7,7,1,50
44BFRRB3M,walnut,HK0E91U71,放課後写真部,1333,19,8164,712180,7,9,9,8,7,8,10,3,61
2RV3KN78E,遊城ちき,ULUELCJ7T,なるようになる？,1217,15,8165,712090,3,6,7,5,6,5,10,2,44
2Y3HL0CML,すたぁ*,6HV2RH6TU,イベント用、無言,851,2,8166,711968,5,5,1,4,6,5,4,2,32
A47MC2NSM,coba,BPG4D3VMA,不明,766,2,8167,711820,1,1,1,2,2,1,1,2,11
0E4K51F81,L,6YTAMD33M,リリエンフェル党,211,0,8168,711190,10,9,5,8,3,3,1,3,42
GD3XDXC81,さやかほー,E7673WR7C,マルガイジ,176,0,8169,711113,7,4,5,2,3,1,1,3,26
QOB3T3IGG,もやし,W3YKKRWHG,ルリと愉快な一家,1219,3,8170,711010,3,2,2,3,6,1,3,2,22
H2FK1AJXN,たまご.,D1YHB0B1A,BWO,759,0,8171,710740,4,6,4,5,2,2,1,2,26
PHA11LU4R,SHIDA,HMBW9DXY2,蓮好き皆あつまれ,1216,13,8172,710560,7,8,6,7,7,7,9,3,54
8FGN4KNAB,サバカレーの杯,NMC7J3N5X,ドドド黒龍剣,792,2,8173,710470,8,9,7,8,6,6,9,2,55
B3M6BL42P,あ,KXB93FVTR,ブルームガーデン,1142,3,8174,710250,5,7,7,4,3,7,7,2,42
IYF35IIN2,メルト,R8MA3LCB3,lotus,1084,2,8175,710110,8,8,4,6,7,4,7,2,46
8LVBMB56P,クラウディア,HXVYGL96H,初々しい対抗戦,862,0,8176,709930,7,7,7,6,6,7,8,2,50
MAH8YL50V,テルミ,EMAN1DMK8,いつものメンバー,1077,5,8177,709916,7,3,10,1,8,1,10,2,42
RPUDUAAGT,シャドバやります,CCACL2CMM,暗殺者チーム,1255,14,8178,709840,9,10,7,7,5,7,10,4,59
PW0TLN1LK,まくのうち,J5CKL5YPX,ログイン勢かもん,765,2,8179,709660,10,9,9,10,7,5,7,3,60
UNBL2WMGF,初の花,AND13836G,乙宗梢親衛隊,333,0,8179,709660,5,5,2,2,4,3,3,2,26
N02LMPJRP,京都伏見　放送部,A3472CNJE,ハントン✿ライス,296,0,8181,709300,4,2,3,5,2,1,1,2,20
J4C9WXDD3,ぽん,V830CTTX3,日野下後輩,1128,11,8182,709250,10,10,10,10,10,10,6,5,71
R5HGYUJAF,Megumegu,41N8G98LV,花帆梢百合応援部,928,0,8183,709210,9,6,7,6,8,7,7,2,52
VIEN1GRH8,もうた,NK05UMLWW,かけ込み寺クラブ,710,1,8184,709120,4,2,4,5,5,1,4,2,27
EZUTWJCX8,二次健ちゃん,P2J37FNLG,乙宗先生指導会,1450,14,8185,709000,10,10,10,10,10,10,10,10,80
O0BJTWQB5,TKN’F73,EMP3TCH05,無題,1225,2,8186,708940,6,9,7,7,8,7,9,2,55
HMGTL5PMD,PCG-4,0F756KMD7,蓮女爆喰い気絶部,176,0,8187,708719,5,3,3,1,1,1,4,2,20
H494952Y3,ホビロン,T4WY63DB9,ういのま,1144,0,8188,708580,5,9,7,8,7,4,10,3,53
10W4U925N,ちあき,T4WY63DB9,ういのま,1161,7,8188,708580,7,9,5,8,6,7,10,5,57
ORAWHJR0C,としさん,DH97ANN9G,ツキマカセ,1148,8,8190,708548,8,5,1,9,6,5,1,2,37
41VG8W6XR,米ねこ,XXVVJY6FE,はぴぱれ,308,0,8191,708377,9,6,4,5,6,7,4,2,43
TAUVF33TL,こう,ETJJW4JHV,覇王樹LL同好会,1268,18,8192,708220,10,8,6,7,7,6,9,5,58
X4Y8KGANL,ぐちお,63AKA05VR,まったりGngy,1323,20,8193,708206,10,10,10,10,10,10,10,10,80
WU2E6H379,アリア,K25DPPGT9,圧倒的にまったり,821,2,8194,708040,10,8,6,6,4,4,10,2,50
KLY7L26RX,ヴィーナス,2CRT48K9F,百万アンペア,410,0,8195,707950,10,9,4,1,8,4,4,2,42
GJDV610B2,いきてる,PR2BGEK5K,ありがとう大三角,602,4,8196,707750,9,7,7,6,4,4,1,2,40
M6Y4DMYR7,Haruno,HH93ADAW3,無言自由。,954,7,8197,707693,4,4,1,1,5,1,2,2,20
2F12C709Y,なずな,8JMW9G2XW,僕らのリンクラ！,1191,11,8198,707590,5,6,3,8,2,2,8,2,36
VE1L9ITYF,東横,K95YH6P1C,蓮ノ空泥の会,1173,17,8199,707500,5,4,4,10,7,9,1,2,42
0PPJ9EAKQ,くま,R9NGK6L48,のんびりサークル,1171,3,8200,707230,8,8,6,7,7,5,8,5,54
E53QIZ30T,ばし,J62DRC7J5,蓮ノ空好き好き会,1098,4,8200,707230,7,9,5,8,3,7,6,2,47
JLY3RZCEA,ひさしん,XLBU65J86,花の壁飾りクラブ,1437,3,8202,707140,10,10,9,10,9,9,10,4,71
A014M3YWB,Levi!!?,4RY75CKM4,LLすこ部　メ募,888,9,8203,707009,6,7,5,5,6,3,6,3,41
AMALU7YPJ,命,UX96YX4T1,『位置について』,460,0,8204,706960,8,7,6,5,6,5,7,2,46
UBIZI2MIM,しーちゃん,R7VEXFUBP,蓮ノ空応援クラブ,822,2,8204,706960,10,5,7,5,6,8,4,2,47
PKBPGUP0C,桜のぞみ,PE5UX1DFY,蓮ノ空保護者会,831,2,8204,706960,4,8,9,10,8,7,5,3,54
Q2CH26NBP,むせる,T8X0G07YB,なければ立てる！,1169,8,8207,706780,5,7,4,7,7,5,8,2,45
9UQ8ZWSTV,じぃ,PWK02KG0F,メメントの森公園,1033,1,8208,706240,7,8,7,9,4,7,7,2,51
ETLHCH931,むらきち,T48KV9EP2,無言ぱーく,605,0,8209,706150,8,8,6,8,7,7,5,3,52
ZIYLRJ23G,MaRASa,JY79RPB1D,リンクラゆる部,1176,5,8210,705812,7,7,5,8,7,6,9,2,51
PXV17FDVZ,まわりんこ,W3UUXHMDV,水彩ブーケ,1203,12,8211,705790,8,8,5,8,7,7,7,4,54
R0GM27UGC,アレク,VAR94KPUT,日進月歩,1110,2,8212,705520,8,9,5,4,8,6,8,2,50
5G0F31KVB,ゆにこん,GGK2P93JK,きゃらめる,532,0,8213,705000,9,5,5,9,9,7,10,2,56
JE1U8DHII,カイン,UMG1B9C7V,蓮ノ空女学院,849,2,8214,704710,6,5,4,6,2,4,4,2,33
2GFC7Z2GL,ぎわっしー,K4TAHF9YA,はすっこ準備室,1487,18,8214,704710,10,10,10,10,10,10,10,10,80
BG39OTYMA,アリス,57HNJ07NK,みらぱ推活最前列,1174,12,8216,704530,6,9,6,7,6,8,10,2,54
JBW2FDTNR,ノ助,2B97MH4YA,同じ話し何回も…,459,0,8217,704500,9,8,5,4,7,7,9,3,52
0L4BMRXX1,Peace925,9YTN0M5PV,月月火水木金金♪,320,0,8218,704260,10,7,6,7,8,5,4,2,49
9JQX7EZ44,潤子,1MHMKNGWE,硝子の花園,1392,19,8219,703450,10,10,10,10,10,10,10,10,80
HTK48D836,かりん,61UTNTRU1,初心者さん,970,4,8219,703450,8,7,5,6,4,7,7,2,46
0B9PEF8VF,ぴよ,M1DLCR0R8,花帆護サークル,636,0,8221,703360,10,8,8,8,7,9,8,4,62
7UNM67WEC,Rangel M,58DP0FJPM,右も左もわからん,273,0,8222,702910,10,10,10,5,6,5,8,2,56
YJZCJLEDY,シンセロ,F56XEUUBE,みらくら自習室,1392,12,8222,702910,10,9,6,8,8,7,5,2,55
RL68TL1CQ,ひさきんぐ,N8L41JAA7,無言 ノルマなし,1273,3,8224,702905,6,9,4,6,6,6,9,2,48
TUBKCAXN8,ぽぽぽ,RBH0YM8P2,蓮ノ空ラーメン部,500,0,8225,702370,3,6,4,1,2,2,1,2,21
N29WQ1ZBT,あみ,K25DPPGT9,圧倒的にまったり,1250,16,8226,701830,8,9,5,8,7,6,10,3,56
5AN9D1M3G,カジ,N1JM7M3YC,丘側,1444,9,8227,701708,7,6,7,10,8,7,7,7,59
8B5HCGM0V,kary,R083H7WRN,サークル無言,877,0,8228,701537,8,9,7,6,6,4,7,2,49
HCQ12VAAM,ボクの赤,KA3D805XV,綴理の寝顔守り隊,1117,12,8229,701470,2,8,4,6,4,8,2,2,36
K3MLW8XJE,あましょく,N1DJVPGP8,いつでも咲けるよ,1090,11,8230,701460,6,4,5,4,4,3,4,3,33
9Y03A123R,サニー,E8K438RP1,リンクラ初心者部,1118,5,8231,701290,7,8,7,6,6,8,8,2,52
YNYX6TA2E,ろぜった,M1DLCR0R8,花帆護サークル,311,0,8232,701000,7,8,6,8,3,5,3,3,43
V61CE77M1,mousea,NX9KJK529,虹ヶ咲学園,1330,18,8233,700930,10,10,10,10,10,10,10,10,80
H1NLML302,sin,E12PR824F,ゆるっと蓮ノ空,750,2,8234,700570,10,10,10,5,6,6,7,6,60
4RETY48JG,Ao,17AEM7PUN,SIFcord,970,7,8235,700511,6,9,6,1,3,4,2,2,33
22B3KPGD6,藤田ヒトツ,R9T0YKDW8,かちまち応援隊,1194,7,8236,700390,7,7,8,7,7,9,7,2,54
BO2UGGOOU,アキ,1G89KTD5X,サークルひとり,796,2,8236,700390,4,10,6,10,10,1,1,2,44
849WWDRPT,ツルハシ,R083H7WRN,サークル無言,887,6,8238,700250,8,8,7,5,6,1,3,2,40
47VE69U02,ユーリョン,KXEME076E,つづさや親衛隊,716,0,8239,700120,7,7,4,6,6,4,7,2,43
G2TCRYV9G,楓柳,EYEPHE14G,花上梢頭,1068,10,8240,699998,10,9,6,7,4,6,8,2,52
HJ3JGPM8X,ルーシャ,PRY4573W6,報酬用,917,7,8241,699750,7,3,5,3,3,1,1,3,26
VG3JPEM9W,むっちゃん,GYJ3C6TKR,綴理先輩好き好き,1249,8,8242,699670,7,7,7,7,7,7,9,3,54
T4EZV19EO,tek,5P8A9KP3U,＿,1384,15,8242,699670,10,9,5,8,7,5,8,2,54
TWN1TGR4E,雨露山鳥,5NPVVUGH7,蓮すきすきクラブ,1341,8,8244,699250,9,9,8,8,8,8,10,1,61
P7G9UG76T,Nori,JX0BXWNWH,新米蓮好き好きC,933,0,8245,699000,8,7,5,7,8,5,8,3,51
E3H7JW62G,スナルシア,YK0X6N2HN,無言OK出入自由,1074,6,8246,698950,8,9,6,7,6,4,9,2,51
YW84248K6,神木トウカ,HPTHY23VR,蓮ノ空文芸部,324,0,8246,698950,1,2,3,5,3,1,2,2,19
JFS335UE9,うみ,5YEE75CB4,ロビーで待ってる,935,2,8248,698801,7,5,4,4,5,6,4,2,37
FFGIOIHH8,日守咲夜,VP0K6KF0K,蓮ノ空大好き!!,1301,7,8249,698770,9,9,9,9,7,9,9,4,65
C7E9HH2LG,ワタル,88DJ300PJ,めぐ党 • 永遠,1076,8,8250,698140,3,4,6,10,9,4,7,3,46
367STOU6L,ハロめぐCEO,3LUL3WR8Y,零組,1048,5,8250,698140,7,8,5,9,6,6,10,3,54
L8H65VTY4,るいす,3RH5MYBXV,こずめぐ党,1270,15,8250,698140,8,6,6,10,5,6,5,4,50
TQ6LBW4VX,瑠璃色孔雀,GVT61ATX0,なのだけれど,1271,4,8253,697960,7,7,7,1,7,5,4,2,40
AG9UGHCDJ,黒麦茶,EA7H8Y91R,てきとー,1191,11,8254,697780,7,7,4,7,7,5,8,2,47
PJXFM51Y2,カシン居士,ULUELCJ7T,なるようになる？,1315,5,8255,697750,9,10,6,9,9,5,9,2,59
TY1GUKPK5,しゅぶんてつ,MDYMHPW8C,蓮の空の攻撃,607,0,8256,697240,9,8,10,6,5,5,7,2,52
A76S977ZM,翠雨,RM7N1JDB5,無言推奨不干渉会,1014,0,8257,697150,8,8,5,7,6,5,8,2,49
6W38GNRPJ,あすか,8MDA3A0AK,イベント用,451,0,8258,696970,5,6,5,9,9,1,5,4,44
R3Y3BDYWG,しおの,XTMGPY62U,スクステ初心者,304,0,8259,696920,6,5,4,10,2,2,1,2,32
8F3U6WK4M,洗剤,3ELH7MRPA,野生のちんすこう,592,1,8260,696610,3,2,2,4,3,2,1,2,19
VTI2FERQJ,ぴろ,E7UBFLW56,同好会の同好会,1087,0,8261,696578,8,8,6,6,6,7,5,2,48
NQ1O1HK1P,すぐるん,KT4P0CHHC,ゆったり同好会,1043,5,8262,696520,10,5,6,10,5,9,9,2,56
SCY073YML,さと,BT22M41DV,梢花帆吟子同好会,1017,2,8262,696520,10,8,3,6,6,5,8,2,48
FGH309JBB,Faiz49,KGDNX3EF3,ENcircle,805,2,8264,696430,6,7,1,4,6,3,1,2,30
C4EC77P18,as,BYA3FA0X8,無言ぼっち同好会,1140,4,8265,696250,7,7,4,7,6,4,10,4,49
8H65NV0AG,アシェット,JTBMEXV8L,ひとりぼっち,1128,17,8266,696160,9,9,6,10,10,8,9,4,65
F30WG09WE,しのぶ,HWMV33W7Y,フラワー泥民館,1347,3,8267,695800,7,7,7,5,3,6,8,3,46
3U8916AZU,おひる,G8F0M2PH2,アフターウォール,1088,15,8268,695750,1,5,1,3,3,5,2,2,22
6R97BN7AW,うなこ,BY88H1W9J,吟!!蓮女塾,1076,12,8269,695381,10,10,7,10,10,10,10,4,71
FP3DHCLMV,ゆー,Y4G0KF6NB,無言でやる会,969,5,8270,695260,1,1,5,9,6,5,5,2,34
NAPEDJY4J,あろま,CJWR9P8LM,花帆さん愛でる会,674,0,8271,695080,7,7,4,5,6,4,4,2,39
GF3LTDXCU,Ivan,J800VVPTN,Aqours,739,6,8272,694990,10,6,6,2,3,1,1,2,31
MLVJB386A,3代目A,23PGPJ3NV,蓮ビギナーの集い,527,2,8273,694868,10,8,10,10,4,3,8,2,55
DUCJ976GB,やこ,L28X4MDJN,アフター観たいぞ,1040,8,8274,694750,7,4,6,6,6,5,4,2,40
22O9N31AZ,ペレイラ,KBJ2P8T0Y,人見知りの集い,1170,4,8275,694540,7,7,4,7,6,7,9,2,49
EJEHECMV2,だいすろーる,AXGGJ4EJ1,所属だけしたい部,945,3,8275,694540,9,5,4,9,7,5,6,3,48
0OERZ1LFH,ゆず,V7768X8AC,せーので！,1117,9,8277,694450,3,2,3,3,5,1,2,2,21
LPZWR2MGI,メントス,H837E0M9R,沙知先輩大好き部,1209,0,8278,694250,9,9,6,5,4,8,10,7,58
TLMN2RYVE,おぅりす,LJMD3TWBB,道の駅蓮ノ空,1161,8,8279,694180,7,8,5,8,6,7,8,2,51
1S7BVV95T,タコスケ,FG4170141,♪さやか愛好会♪,1135,7,8280,693910,6,6,8,8,8,1,8,3,48
DD5V351E6,Maru,N9B8HXXR0,25時、残陽で。,694,0,8281,693640,10,5,8,9,8,5,4,2,51
1L5VPULNB,まるた,H1G4CDT6C,無言自由,864,0,8282,693550,7,9,7,8,8,5,9,2,55
5PMGL0CFA,コゥ,HPTHY23VR,蓮ノ空文芸部,1007,0,8283,693460,8,7,5,10,8,7,4,2,51
YWPCELXWX,よしみ,WCL6R1ANU,無所属の会,490,0,8284,693280,1,7,1,1,3,1,2,2,18
W8RURWDBY,星パンダ,28XJ8NK4L,蓮ノ空まったり部,644,1,8285,693190,3,2,2,2,3,2,2,2,18
V0NHANXB2,シロ,YDYH4VRRP,レンクウ,580,1,8286,692987,1,6,1,9,4,1,1,2,25
AXVT7Y3B8,かおるこ,3RH5MYBXV,こずめぐ党,860,4,8287,692830,10,9,8,10,8,6,7,4,62
ANVX1T7AU,なちぴ,5JA9K5FAK,オタサーの姫芽,410,0,8288,692650,4,4,5,3,3,2,2,2,25
6UF1PUWN0,脱力,AR9HR528A,いろいろ実況,828,0,8289,692645,6,4,4,5,6,5,4,2,36
199YDRHBW,おるけん,UX96YX4T1,『位置について』,399,0,8290,692500,10,10,8,10,9,10,6,2,65
BPLD2VVFX,KanKanna,MG3PEBEJL,LLCausas,796,0,8291,692303,1,1,1,1,3,1,2,1,11
CPR8VDVH7,ほのか,41N8G98LV,花帆梢百合応援部,938,0,8292,692290,9,6,6,6,8,7,7,3,52
476BX2PVC,づ,51CF1LTGY,ラ研連合,987,0,8293,692110,7,5,1,8,7,4,5,1,38
NXU3LB6VA,カインKKE,C9DAJ6YFV,のんびり,930,2,8294,692000,7,6,7,10,6,7,7,3,53
UG37B8B5B,らんだ,U4TNE7AC7,AirLotus,859,0,8295,691930,8,8,6,6,4,5,8,2,47
UAN55ZHCX,水林清也,7MPNTWKTN,Dreamers,1265,12,8295,691930,9,9,5,8,8,5,9,2,55
T3YBZG5MC,Yurieru,PK39RK6W9,蓮ボンバ,473,0,8297,691750,5,7,7,4,4,2,4,2,35
JPUCRAAZ0,はなぽこ,HBCC35887,そりゃー!!!,1125,11,8298,691660,7,10,9,9,9,10,6,2,62
2K55R3MK8,小唯,AGJ215YND,蓮の空中國分校,981,3,8299,691619,8,5,7,5,2,1,9,2,39
3LGX6XGVX,やなぎやぎ,AXGGJ4EJ1,所属だけしたい部,1053,7,8300,691250,10,9,7,10,8,8,10,5,67
TUA46NLU3,ふたえ,RXX0XLA5D,ふたえのきままに,965,6,8301,691210,9,8,5,7,8,5,8,2,52
UAYK822NK,れん,8J35LPWWE,もこもこ,1176,6,8301,691210,10,10,7,9,7,8,10,3,64
GWIWDD4E0,俺がガンダム,G0J2F9NAL,さやさやさーくる,1260,11,8303,690940,9,9,8,9,9,8,10,2,64
2RA5AD2WX,MARINE,WPG6BCG83,基本無言,229,0,8304,690850,10,10,10,8,7,6,4,3,58
ADV1PUA2T,ココア,TXNCTRR1U,瑠璃乃推し隊,1086,12,8305,690764,3,4,5,6,4,8,2,2,34
Y2F3B7KG7,ピカパカ,WN3LHKX0L,レンコンおいしい,1056,8,8306,690750,8,4,4,7,6,5,7,2,43
G5E46CWKX,ももシャミ,N9B8HXXR0,25時、残陽で。,935,0,8306,690750,10,8,7,7,5,6,6,3,52
5M0K2EJ01,アカマキ,GGK2P93JK,きゃらめる,531,0,8306,690750,10,10,10,10,10,10,10,10,80
8KB1H63JR,ちむんちょ,AVX749PPB,姫芽ちゃん親衛隊,907,5,8309,690670,1,6,6,5,6,1,2,2,29
18ULRJKU9,はまぽん,VJ84BDCHH,がんばルビィ！,1061,5,8309,690670,10,10,9,9,7,8,8,4,65
1903MPJ25,ですとろい,06DCWC1RE,とりあえず参戦用,1108,2,8311,690500,7,5,5,6,4,4,4,2,37
2CU9HAF6U,あかつき,Y6KN85L5P,孤独の村人,368,0,8312,690422,7,9,3,6,4,4,8,2,43
36HD0B6R4,ぴーー,V6DKUH6JT,報酬だけほしい,277,0,8313,690220,4,5,6,2,4,3,4,3,31
7N10UUVH4,奏,AND13836G,乙宗梢親衛隊,1383,3,8314,690000,9,10,7,10,10,9,10,10,75
VNK92DGXZ,エルド,M44P06CH5,つづさや見守り隊,754,2,8315,689909,10,7,8,10,2,1,7,2,47
DNI39MIF0,ヘルツ,58FD7UF8J,としとしサークル,1223,15,8316,689770,8,10,8,7,9,8,10,4,64
C3R6RZFEM,Deva,1XX6FWJRB,オートスキップ団,1462,2,8317,689567,7,6,10,9,6,7,10,2,57
UD5J8P5AM,レイチェル,PMME7169X,蓮っ子動物園,994,4,8318,689250,6,7,4,9,6,4,4,2,42
MWR3U5KT0,リン,865UE9UC6,蓮ノ空うどん部,1267,9,8319,689225,10,9,9,10,8,8,10,7,71
WR85P8YC8,SHIPPUI,J80MEYHBC,Nymphaea,1146,5,8320,689140,8,8,5,7,7,4,8,2,49
N59M3856G,りゆん,38KAJGDGU,異次元シャニP,785,4,8321,689050,5,5,7,2,5,1,2,2,29
8JJN2A7PE,クロ,WTVG86R4P,おしご党,662,0,8322,688870,8,10,7,7,8,4,10,5,59
TXI7D0VP5,みほ氏,LHXNEF3D5,まるまるサークル,1444,19,8323,688750,9,9,8,9,10,9,8,2,64
V33DZ3IDJ,はっしー,6H800PBV7,新鮮館,1075,2,8324,688330,6,6,7,7,9,7,5,2,49
0F0FYVM8T,汐,9FF5JBNDF,めぐすきクラブ,1004,12,8325,688250,5,10,5,3,2,6,7,2,40
X8UFB1K82,kirishim,7UX6117P2,重曹圖書館,1122,13,8326,688240,8,6,4,10,6,7,2,2,45
4BFHGIQDU,抹茶塩,0CWLHPYY3,茶房 瑞蓮庵,1119,1,8327,687790,7,7,4,9,7,4,10,3,51
2I4NAUEKO,屍母運営,J800VVPTN,Aqours,1190,12,8328,687700,7,8,5,4,6,4,4,2,40
C2EUYCLT5,クマン,EMAN1DMK8,いつものメンバー,1276,19,8329,687500,6,7,5,9,4,1,10,10,52
H52C1HPBU,UA,UVK38MFR2,蓮の虚無サー,1250,3,8330,687430,10,9,8,9,8,7,8,2,61
27BXEDTTF,にゅにゃにょん,ULUELCJ7T,なるようになる？,1071,6,8331,687340,7,8,1,5,6,4,5,2,38
HR7E7M8PO,こなたん,G2WL65JFE,こなたんたん,1123,5,8332,687160,9,9,4,5,7,8,6,2,50
W2NW375C9,真茶,PMME7169X,蓮っ子動物園,956,2,8333,686750,8,7,6,8,7,4,10,3,53
DM4R9V74E,チャンジャ,GLP0WPDRM,イベント用の泥,1147,5,8334,686500,10,9,8,10,8,7,8,3,63
91K7F2FLA,HAGI,DH97ANN9G,ツキマカセ,1014,1,8335,686260,6,8,7,7,6,5,8,2,49
NW5BNTHQA,シドウ,J0PT5EX42,スクスタモ部,1187,0,8336,685900,7,9,1,5,4,5,4,2,37
Z09BFXIMH,eluna,TFGKYEY98,LLP JR,1146,12,8337,685540,9,9,7,9,9,8,8,6,65
YAA3G34MR,紫雲ななせ,A3X92L6YU,お試し用サークル,870,2,8338,685360,8,9,4,6,4,4,7,2,44
ZR819TU83,nari,6BFC4G5YG,蓮ノ空足湯同好会,1229,10,8339,685090,8,9,6,8,7,7,10,2,57
52RTXUFZ1,けら,TKVR3KU7L,ネギトロTKG,976,1,8340,684820,7,5,5,7,4,4,7,4,43
9M3IT3QG4,まみず,4MH8A378B,ズワイクラブ(仮,1066,1,8341,684750,4,5,8,7,5,5,5,1,40
ZGRU9SHA4,Masa,A73H7ENN2,エロマンガ同好会,1044,2,8342,684370,3,6,3,2,3,5,8,2,32
6PC9BRYIR,みぃこパパ,HWMV33W7Y,フラワー泥民館,1141,0,8343,684280,10,10,7,8,7,5,7,5,59
RJ1H77TCE,スパイラル田吾作,67F1KB00K,さやか推し♪,956,1,8344,683830,10,10,7,9,7,7,9,3,62
3FH0AF5BB,綾園,J0N1E3Y09,月火水木金土日,1100,1,8345,683750,9,9,6,7,5,6,6,3,51
LYUHYHVPU,土佐吉行,WJY2HK6A5,蓮の空イベント部,985,3,8346,683582,7,10,6,8,9,6,7,2,55
E0DNVVHMA,キヨ,4B2FERVVT,牛頭ﾉ空馬頭学院,461,1,8347,683380,6,10,4,5,6,3,10,2,46
0466ARGKW,おしゃ,R1RM3X0WV,後方腕組みオタク,899,2,8348,682570,7,7,6,6,6,4,4,2,42
RBLR54GKN,信,EDBAMWXWB,ふごくらぱーく！,837,8,8349,682500,10,8,8,1,4,5,2,2,40
EMT3R556G,あげだま,UHF5Y8PEF,さやちゃん倶楽部,1163,10,8350,682210,7,8,5,7,7,7,9,2,52
PBG9TRS5A,サツキ,6HV2RH6TU,イベント用、無言,1233,4,8351,681850,9,9,5,8,8,6,10,2,57
TNN6EC9T3,コスワース,9D1P6AXUR,link-er,749,0,8351,681850,5,8,5,4,6,5,9,2,44
D72L60CAH,Nandk,N83DW3NYG,†極最強倶楽部†,1036,6,8353,681670,9,9,7,6,4,5,6,2,48
0HXAM9YW1,(新）急6520,FG4170141,♪さやか愛好会♪,406,0,8353,681670,1,1,1,1,2,1,1,2,10
A7RUBXEMB,しゃこ,T48KV9EP2,無言ぱーく,1178,3,8355,681580,8,7,5,4,6,4,9,2,45
AYVH8K6HG,カッピー,CM5THHYHB,「」ノ空だけれど,1069,2,8356,681490,4,5,6,9,4,5,8,2,43
V3EDWTKMA,三原修二,A8BJ5V3ET,はすのそら,719,0,8357,681188,2,4,1,1,2,6,2,2,20
SIOV6VVRB,Sia,RAP9FVR3B,あばうといち,1316,19,8358,681130,9,10,6,10,8,6,10,3,62
PBH8U15FE,黒霧 龍,W3F0URUJC,梢先輩応援団,613,2,8359,680860,4,3,2,4,4,1,6,2,26
1J9CENQQ5,messe,YC3DCPM7M,福井大学ラ研,1080,11,8360,680680,7,6,4,8,8,5,7,2,47
NEU7GA18B,南東,FG4170141,♪さやか愛好会♪,400,0,8361,680320,6,7,3,10,2,3,1,3,35
5GLMYHBKG,高坂千歌,JJ8EPVHMF,Aqours推し,878,0,8362,680140,9,8,5,7,6,5,9,2,51
FUWKK2F57,T橋,LLDLG20UU,UR取り隊,827,2,8362,680140,5,10,6,8,10,1,2,2,44
0M1XM75NN,ナカセン,MUXWTW1GV,蓮の空見守り隊,878,1,8364,680050,8,6,8,8,5,3,5,2,45
7GSMLN9ZZ,りんご,WLFW6UCX5,無敵級ビリーバー,1530,6,8365,679780,4,4,5,6,7,1,7,2,36
0KKHW7C3R,hiroshi,7XH3K4GBT,LLP,1362,15,8366,679750,10,9,10,10,9,7,10,7,72
QIPCMGP90,金谷賀山田,T0XP8PFYU,兼六園と私,1083,3,8367,679690,9,8,5,7,7,6,8,3,53
EL6A1RE23,とみブレイク,5VCRU63W0,まっちみん,1134,6,8368,679649,7,4,7,7,4,1,10,3,43
U9AG6W640,ぽんず,9C0KWR782,まったリンクラ,828,2,8369,679330,6,9,10,7,6,5,9,3,55
A8JBGU5FX,ろあ！,BT22M41DV,梢花帆吟子同好会,1022,2,8370,679150,8,8,6,8,6,6,8,2,52
VVR98X5B5,バッチ,FHN78V2DJ,無言でどうぞ,1064,12,8371,678970,10,10,10,7,6,5,7,3,58
GXJWXWDT6,ちひろ,K8C99H42D,ルリと喜ド！愛楽,1135,2,8372,678880,7,9,7,10,7,6,7,2,55
BB4MVD1C9,xの3乗,3HDDYR4FU,旅人,848,4,8373,678790,5,5,9,9,6,5,1,2,42
BN9MGNRVH,3i6oku,H1LJBTPUX,36,982,2,8374,678610,7,8,6,8,7,6,6,3,51
5N69WLE6J,みなみ,23PGPJ3NV,蓮ビギナーの集い,573,0,8375,678500,10,10,10,10,7,8,4,3,62
MAYYDXR2M,kyawa,HWMV33W7Y,フラワー泥民館,686,0,8376,678250,4,5,1,5,3,2,4,2,26
HR51XP0CX,いんぱるす,E8EGT47GT,くるくるくるー,1089,3,8377,678110,3,7,3,7,7,7,10,2,46
R0A8ZBPBH,IN_,WLFW6UCX5,無敵級ビリーバー,1176,0,8378,677750,8,7,6,7,8,8,9,3,56
MDX2A5F7C,ゆうゆ,6BFC4G5YG,蓮ノ空足湯同好会,1019,3,8379,676900,8,5,6,6,8,6,4,2,45
TTS2QP9E2,シャワー,1UBNNHVLG,蓮箱推し（仮）,1147,3,8380,676720,9,8,5,9,8,5,9,7,60
HGU610ZVH,とぱぞふぃ,3LPBPHL3V,壁の民の伝説,1010,1,8381,676450,7,8,6,6,6,5,8,2,48
A9EINPGAO,雪さくら,GMEF2K8DL,花咲く泥も好き²,1234,12,8382,676250,9,9,10,8,8,7,10,2,63
0MTFHEH66,甘党,C021HVB2B,第3芸能科,416,3,8383,676180,1,4,4,2,2,1,2,2,18
N1DJH31JW,冰雨,H1LTYMK0B,花帆が可愛いの会,1262,19,8384,675100,7,8,6,7,7,4,10,2,51
AJJYUN340,ゆいにゃん,8BAYBXUXC,スリブ大好き♪,1148,2,8385,674830,9,8,5,9,6,6,9,2,54
BBVEHJW2M,ぎぶそん,C68491XHB,みらくらぽーく！,1393,8,8386,674690,9,8,5,7,9,5,8,3,54
W7EAABMT9,あ,59AK7LJ7A,とりあえず,206,0,8387,674519,5,5,4,1,1,1,2,2,21
FBJQUYBP1,アンコロモチ,L3NN1RWMY,アポロベイ海賊団,1190,10,8388,674500,8,10,6,10,10,1,4,2,51
XTJROT8IU,としあり,60KU468X3,はっすーず,1469,6,8389,674290,10,10,10,10,10,10,10,10,80
HNFJNW75M,こうお,WBCN61N99,SRK組,512,0,8390,674200,6,8,1,5,6,4,7,2,39
6UMUXDTHA,しろいぬこ,C88BPLW53,白い犬小屋,492,0,8391,674110,6,5,2,7,1,5,4,4,34
R9RUU3RT5,Iris,0L7A849RH,仮,1113,7,8392,673480,8,9,5,8,7,7,7,2,53
P73RHEK4C,ゆあちゃ,B2KV0EVPD,蓮ちゅきクラブ,1407,14,8393,673210,3,2,3,1,2,1,1,1,14
USZFES9ZK,ライねる,N1JAJ83CA,蓮ノ空園芸部,994,0,8394,672980,7,5,5,7,7,4,5,2,42
6NYFCV80C,ろば,YMKU30246,参加賞がほしい,864,0,8395,672809,6,5,1,4,2,1,4,2,25
YQAJ1NMDW,めろん,D7UA5ER1E,UR報酬欲しい！,1166,1,8396,672250,8,10,6,9,8,6,9,2,58
MNHM1DYYW,にゅるたこ,PR2BGEK5K,ありがとう大三角,720,4,8397,672220,10,10,10,9,10,10,7,3,69
EL9N7Y6YB,かえで,P4FV9YEL1,料亭さや処沼津店,948,0,8398,672130,5,4,4,5,6,1,6,3,34
JEB3THBE2,桜庭ルル,DKPMRA0TA,蓮ノ空奉仕部,820,0,8399,672040,5,1,4,9,3,2,4,2,30
G0SAFEP6C,リンク,1KDUBW4HB,めぐ党0番,954,2,8400,671954,5,6,2,4,7,1,4,2,31
PTUFNCW1M,ヤス,1UBNNHVLG,蓮箱推し（仮）,951,0,8401,671680,8,8,8,5,4,5,5,2,45
3DBNYN3TE,あいね,17AEM7PUN,SIFcord,745,1,8402,671612,2,3,4,3,4,2,1,2,21
2TNUAEMFN,みず,WCL6R1ANU,無所属の会,628,2,8403,671250,8,10,8,5,5,2,5,3,46
LNLH3S1AI,アララギ,2DYYAPFVN,蓮っ子村,1105,12,8404,671099,4,8,9,8,5,1,1,2,38
6A00GCUKJ,マッキー,C68491XHB,みらくらぽーく！,981,8,8405,671000,7,5,4,8,9,4,8,2,47
3YFEPKVLU,臥龍梅,06DCWC1RE,とりあえず参戦用,805,0,8406,670928,8,7,5,4,4,6,8,2,44
47U8ALPRE,くま,96LWYJ3Y6,無言絡みなし,976,2,8407,670870,7,8,6,7,6,5,7,2,48
PA5U6K5H1,ktzk,N94LEWF2D,無言よわよわの会,767,0,8408,670600,6,4,1,5,4,1,4,2,27
I1XQSY4LP,道の駅かなん,LJMD3TWBB,道の駅蓮ノ空,1088,3,8409,669970,7,7,2,5,7,7,6,2,43
QWTJOY857,よー◆,CRYB2FJ64,つくよみくらぶ,989,2,8410,669880,7,7,7,5,6,1,7,2,42
ZK1BELVR9,ルサス,3LUL3WR8Y,零組,770,1,8411,669790,1,1,1,4,2,5,2,2,18
ELXDDXWM1,ハマモン,F2M746D4B,頑張らないクラブ,1019,13,8412,669700,10,8,8,10,10,7,10,7,70
E1JNUMY13,あかね,G6EH0KHT7,なんもわからん,695,0,8413,669340,4,1,3,4,2,4,9,2,29
4G26U83JB,トシ,PXDL7Y3VM,ビギナーズ改,985,0,8414,669250,9,8,6,7,6,5,7,2,50
AXB8URR31,くろゆりかご,XYRA2MND0,蓮ノ空ゆっくり,600,0,8415,668980,9,9,4,6,7,5,6,3,49
CBJ2PB549,にかなやねほゆら,F2M746D4B,頑張らないクラブ,1145,15,8416,668170,5,8,1,4,7,1,4,3,33
LFPRT4DAP,Wolfram,4XRHRYDW4,無言でエンジョイ,1203,6,8417,668000,8,6,7,6,3,6,8,2,46
ZDK1BGHVX,瑠璃,31A7JKC69,蓮好きの巣窟,981,0,8418,667000,2,2,2,2,2,1,1,2,14
MJ9NGK2LT,肉達磨,VD7N7A4WH,氷青色,592,1,8419,666820,5,4,5,1,4,4,2,2,27
T7IBKC9ZY,るみな,EPWMMAXNY,蓮ちゃん初心者,1275,11,8420,666653,9,4,5,4,4,6,6,2,40
FCR56KEB1,Ayuri.GM,N83DW3NYG,†極最強倶楽部†,781,8,8421,666640,8,1,2,5,4,1,2,2,25
260GHQ2RA,なづな,2VJG66JTH,まったり,1298,14,8422,665830,8,10,8,8,8,8,9,6,65
4AF81PKCN,けいぴー,XYRA2MND0,蓮ノ空ゆっくり,570,3,8423,665740,8,6,9,6,7,4,5,2,47
0PXA9933E,うまづら,FWFW6YY1T,とくになし,1011,3,8424,665650,8,8,8,7,7,8,10,2,58
3U9F6L59H,「零音」,LX25CP0TG,深夜の芋煮処,1077,4,8425,665627,9,10,9,9,8,9,9,2,65
WRP32PDR6,ジャンスン,KC1W74B9B,蓮六園,1114,10,8426,665250,10,10,8,10,10,10,10,8,76
3XL963EHO,ダンクウ,YK0X6N2HN,無言OK出入自由,1355,15,8426,665250,9,8,9,9,9,7,9,2,62
M2JUA00HD,畏喪黔燬,5YXVKDEKV,サークル(仮),959,2,8428,664660,7,5,5,7,7,4,8,2,45
6Y7N3YYIW,たいやき,J5FJNX88N,無言,748,0,8429,664030,10,8,4,8,2,4,5,2,43
LFG8MUL5Y,Shang,J83JWJ028,大ㄇㄚˊ露營區,569,2,8430,663580,10,1,2,4,4,2,4,2,29
BJHIL1BOV,トムへー,A8BJ5V3ET,はすのそら,1127,1,8430,663580,10,8,8,9,7,7,8,2,59
EX6VM8T8Y,天使のクローバー,97BGFLKW9,◯◯◯,460,2,8432,663500,8,7,5,9,5,1,3,2,40
ORSRV6U12,南蛮バンビ,WBXF9XXW7,さやつづ愛でる会,792,0,8433,663040,1,3,5,5,4,1,1,1,21
5T57VL8MF,YNGDシン,FK5MUK0ET,くる♡すきクラブ,1480,16,8434,662950,10,10,10,10,10,9,10,9,78
LQSU5APFH,aonoumi,L28X4MDJN,アフター観たいぞ,1209,6,8434,662950,10,10,7,9,8,8,9,8,69
WIGOVZAVL,握り飯,Y2HV0YEF7,蓮ノ空を応援し隊,1177,1,8436,662750,5,4,3,4,2,4,4,2,28
5401BJ0E5,きょんしー,WBW66DMUB,るりめぐ研究所,985,8,8437,662549,9,10,10,10,8,10,8,2,67
X1MR7YWFM,さき,RXXUPMWB9,待機室跡地観測所,794,2,8438,662500,9,10,8,8,7,5,8,2,57
MG9OXO6MR,小原鞠莉,1UBNNHVLG,蓮箱推し（仮）,1051,13,8439,662230,10,9,2,5,5,6,10,2,49
DVJVLE3P5,hasu,6MWHCNJE8,蓮之空小賣部,453,0,8440,662140,10,9,6,9,5,7,6,3,55
NNNV6WNGF,わた,JVUNVCT8P,梢先輩のASMR,991,1,8441,662050,8,8,4,6,7,4,7,2,46
N6GY81CL3,Jz,M08GKL70U,ららマジ難民の会,331,0,8442,662036,9,10,9,10,8,8,7,3,64
D25HG8BOO,とし,A84BK7PL4,ゆるっとホリディ,1187,19,8443,661750,9,9,7,10,7,6,10,8,66
TWJ7M8K6Y,けー,9P9EPKFHE,無言参加OK,199,0,8444,661690,9,7,5,1,4,3,3,2,34
5BJ93NY9J,(・θ・)さん,Y6JNPC60C,綴理メイト,1138,0,8445,661330,7,7,7,8,6,7,8,1,51
YLUH19M01,ふれ,L1V12WNE5,蓮ノ空温活部,902,8,8446,661150,7,8,6,8,1,4,4,2,40
MKLFPN3RW,一般市民,HBCC35887,そりゃー!!!,601,0,8447,661000,8,7,6,10,7,5,2,2,47
XJ8PVBNL4,SIGEX,XVTV7MVCX,雪月花,672,0,8448,660880,10,10,8,5,6,1,4,2,46
JXCA8K1CX,y,2JK7E4115,ラ！推し,921,6,8449,660750,1,8,2,1,2,6,4,2,26
Y0OP8D9Y4,グッチ,8M2MFU9U0,リンクライブ,1158,14,8450,660070,7,8,7,9,8,5,5,3,52
CVR8P1JCX,権,L3NN1RWMY,アポロベイ海賊団,992,3,8451,659980,5,8,1,9,2,3,2,2,32
T0CL6RERU,愚衛門,LETV4C1KG,無言の行,303,0,8452,659260,9,2,5,10,3,4,4,3,40
4XP5TPAW0,jack18,578YG6EAT,桜桃花束愛聴会,1150,4,8453,658900,10,10,8,7,7,5,7,4,58
4RHPYKEV8,すみ,43HRXMXWA,無言OKクラブ,875,0,8454,658540,7,5,4,4,2,4,4,1,31
1JJVU45F8,らろ,TBL5BPL2T,蓮ノ空と明日の空,671,0,8455,658445,7,7,6,6,6,6,8,2,48
HM8JCMJJ2,リュウタロス,M4YY7PV0G,ブルーロータス,329,0,8456,658360,1,1,6,5,5,2,1,2,23
4AFRWEPRY,イネ,0XUV5025C,めぐめぐバブり隊,291,0,8457,657750,6,9,7,3,3,2,1,4,35
XH5M2FX6W,たっくん,57UT319NN,蓮ノ空同好会,897,5,8458,657370,7,6,5,6,3,5,5,2,39
E96EM6LQQ,あい,P01RCC6L2,まったーり,1086,8,8459,657190,3,4,2,3,3,1,1,2,19
28A26DM5W,いなずさ,PH0YEPJD8,蓮ノ空北國金沢,939,3,8459,657190,4,4,1,6,9,10,4,2,40
X7WNNCVJB,レミング,J5CKL5YPX,ログイン勢かもん,511,0,8461,657077,4,6,1,1,2,1,1,2,18
9O190IF58,あき,WNA5GTJPP,蓮ノ空百合クラブ,1070,8,8462,656740,6,7,3,8,6,6,8,2,46
J1UPMXEK3,じょー,74HPWML1R,VALORANT,1168,12,8463,656290,10,9,7,10,7,6,7,7,63
3VDMM128A,いの,LUDNM40F8,ふくふく無言OK,1162,15,8464,656200,10,9,10,9,10,8,9,3,68
G05NYL0MP,やまだい,T2XRMGEAE,蓮根無言会,627,2,8465,656020,2,2,2,2,2,2,1,2,15
93UG4QHM0,ビーフチャーキー,EE4BKR0AR,まったりプレイ,1196,12,8466,655840,8,9,6,10,7,4,7,2,53
VJNJ9PFNJ,こたけ,828YTYAA9,箱推し社畜の部屋,963,0,8467,655750,7,8,5,6,6,5,7,2,46
3WAXG9KNG,高海,UX96YX4T1,『位置について』,848,2,8467,655750,1,1,1,1,2,1,1,2,10
IK9M4RM0F,秋音,762FM3JV4,一蓮托生,1044,0,8469,655500,7,7,6,8,7,4,9,3,51
XRI7GBWS5,マサキ,AW470U964,ボッチ会,1062,4,8470,655480,7,6,6,8,6,5,10,2,50
0A2140U4U,海棠,CY3GGDH7H,㍿キモ・オタク,981,7,8471,655250,2,8,1,9,5,1,2,3,31
BJSVZ9WDU,シア,EEP20F2M8,綴理の綴り,1064,0,8472,655120,6,7,5,6,7,7,8,2,48
PHG9D1W6M,いなもん,LB2YHKR6K,さやか推し,705,2,8473,654854,10,1,1,1,3,1,1,2,20
N00HXP7R8,西木野まさや,5YXVKDEKV,サークル(仮),1234,7,8474,654760,8,9,6,7,8,7,10,2,57
MVEG630P7,月見台,1VVCPXU7V,第七ギョーザ,1116,6,8475,654750,4,10,6,6,8,4,7,2,47
Y2WMDGTBY,ぐるぐる,UVK38MFR2,蓮の虚無サー,919,2,8476,654670,5,6,6,5,2,7,8,5,44
JWJX7X04G,藤島 玻璃乃,8HNWFP5VL,沼,810,0,8476,654670,5,4,5,4,4,4,5,2,33
8XLMP5CDD,てんのーじ,37N3TNTVB,推しを布教する処,395,0,8478,654512,2,4,5,2,2,4,2,2,23
3J606WX9U,dhidhi,N8L41JAA7,無言 ノルマなし,448,1,8479,654250,5,4,1,1,4,4,1,2,22
X5EN88WNW,ざんねんなすみれ,NLB84DYBF,下松系拉麺同好会,1025,3,8480,654220,10,10,7,9,6,5,7,2,56
HPKVMKWNT,x1a,53M4V2BVG,吟子の髪飾り,499,4,8480,654220,7,3,5,7,4,9,2,2,39
7L9MJBRL9,マックリ,JFNKGWBVV,ダブルマック,1227,9,8482,654000,7,9,7,5,7,4,8,1,48
1FF738CC6,めぐみるく,DHKUGEWBJ,めぐ党虹ヶ咲支部,865,2,8483,653680,4,7,7,8,5,4,4,2,41
TDWRL18LP,しめじ,P0CXCXHJN,地球,1360,18,8484,653500,7,8,8,9,7,6,9,4,58
XYB6MEPGK,豆,N83DW3NYG,†極最強倶楽部†,634,2,8485,653320,10,7,6,7,8,7,10,2,57
R6XWWM95K,たーま,YF6EGUY7C,そろ,847,0,8485,653320,8,6,6,8,7,7,8,2,52
SMY5S2CUB,ユーキ,VP0K6KF0K,蓮ノ空大好き!!,1198,1,8487,653050,9,8,5,8,7,5,8,2,52
FFNNYRX70,Licht,1AK9VTG3W,ドルケスキスキ部,521,2,8488,652870,1,1,1,1,2,1,1,2,10
V1M9L94F7,はの,6WUADDR4U,からあげ,388,0,8489,652802,4,4,5,2,4,3,3,2,27
79BXJPF3A,くまお,GVT61ATX0,なのだけれど,1058,0,8490,652750,7,9,8,7,7,7,10,7,62
CHLW1OXF1,あなたちゃん,YB3VJBCCH,愛トモの会,867,0,8491,652330,6,9,8,9,5,6,8,2,53
K1O8XNEGZ,コモンセンス,BYA3FA0X8,無言ぼっち同好会,1004,2,8492,652060,1,5,5,6,5,1,2,2,27
ERRN2SUVD,わたあめ,K2L5DCVNR,REAL,1285,19,8493,651970,10,9,9,10,10,10,10,2,70
TBFTEA2FB,優木,GVNKNN878,Aqours,284,0,8493,651970,3,2,3,5,4,4,2,2,25
XFUBZXC8B,kazu,RGR1NVGWH,無言推奨・自由村,999,1,8495,651790,6,4,5,8,8,5,5,2,43
BDLJU3BXB,zygarde,E76N52LMW,イベントのみ,336,1,8496,651434,3,3,3,1,4,4,1,2,21
4HLTOVZ0Q,カナ,12D1Y66C8,どうしようか,1115,2,8497,651340,7,8,6,7,4,4,7,3,46
LA7NGCG9V,うしぞう,HWJ8XPW0T,箱推しなのだけど,1215,0,8498,650800,9,8,7,8,7,5,9,2,55
3Y3Y43TDW,ソラのサブ,M49MMBK4F,スリーズパーク,790,0,8499,650620,7,6,4,4,6,5,7,2,41
PYJPAZRGD,ヨッキー,LFB48H6MU,超初心者の会,1332,1,8500,650530,10,9,6,9,7,7,7,2,57
6TABDAYB1,いなばうどん,G8F0M2PH2,アフターウォール,1011,2,8501,650500,5,1,2,1,4,9,1,2,25
4RQ61IY6T,Frontier,05KN1RR3U,さやかほ花卉園,883,0,8502,650408,8,8,7,6,4,4,4,2,43
VL7NKP5F7,flower,YM72HRVCF,ワンニャン部,1048,9,8503,650000,6,7,7,8,6,6,7,2,49
QZIVSKW5H,ヒョード,X87KNX4N3,蓮ノ流星群,1120,7,8504,649720,8,8,6,7,6,5,8,2,50
HD51DFW5M,たかしぃーしろう,YF1M2656J,蓮ノ空EXP,1035,9,8505,649540,10,9,9,8,8,8,8,2,62
E8IU6AVPN,Teriteri,NB0HX9KP8,かほてぃあん,1052,6,8506,649090,6,7,5,5,7,6,7,3,46
0152BEHAL,k,HKM402U9B,お野菜さんSSC,303,0,8507,648910,10,10,9,10,10,8,10,2,69
4T71LBMXW,にせはな,U6D5XTT5H,ゴリぶちクラブ,1005,5,8508,648869,4,1,2,4,2,4,4,2,23
QO5419XLG,きき,NA8FEYN0M,蓮ノ空飲酒クラブ,981,2,8509,648370,4,5,5,8,5,3,6,2,38
V5NR4LDLV,くっしー,VK5AU7U2U,蓮アフタークラブ,489,0,8510,648280,10,5,9,10,5,5,5,3,52
7IBU55DXY,mori,5WUDLMWEP,蓮ノ空は明日ノ空,1150,4,8511,648000,8,7,8,10,8,5,8,2,56
CDYNNHKHB,ユナ,LJ5EDV86D,ユナ個人用,571,0,8512,647920,10,10,10,10,9,10,10,9,78
39CDFP92P,リューネ,9DFV9UTW4,白ひげ海賊団,428,0,8513,647672,8,9,7,8,6,6,5,2,51
6W39T9G67,紙やすり,2JF4CMH55,壁際族,988,8,8514,647650,3,7,6,3,5,3,3,1,31
A36GWU6BK,Sio,2JK7E4115,ラ！推し,793,0,8514,647650,8,8,4,5,6,4,5,2,42
AYB846TUR,大村,77R0B759H,オオユウ,1078,15,8516,647470,9,8,6,9,8,5,8,4,57
3X19PAA57,よっそん,HXVYGL96H,初々しい対抗戦,1136,10,8517,647250,3,4,4,4,6,5,4,2,32
CH1HQ9LDK,中野わいえす,XE8513HNP,喫茶カワウ空✨,1122,12,8518,646988,10,10,9,10,8,4,9,10,70
OI5YDVBAL,たま,7AATUNUPE,無言サークル,968,2,8519,646930,7,9,7,5,7,4,8,2,49
7XJNKEB67,No.254,2JVBK752G,卍愛蓮説卍,1177,4,8520,646840,8,4,7,2,5,3,1,2,32
LZOIYR7K4,レーイ,ULUELCJ7T,なるようになる？,993,3,8521,646475,5,4,4,9,7,7,4,1,41
BUD2V4U3Y,ぎゃるかん,LV51699A1,餃子の満州,764,2,8522,646300,8,10,7,6,10,2,8,2,53
CB2XAJG5D,満開,N9B8HXXR0,25時、残陽で。,832,2,8523,646210,3,10,7,1,7,7,10,2,47
DW4VH2NB4,ん゙,4RY75CKM4,LLすこ部　メ募,324,0,8524,646133,5,3,2,1,4,2,1,1,19
5X0YFNL8M,Sue,P0U5KLWWW,ライグラ報酬部,1310,15,8525,646120,7,7,5,6,6,5,8,2,46
EEKMJN5GK,96ぴょん,646YTH7KK,KA,763,0,8526,646030,8,7,6,6,6,5,5,2,45
1AA6GW9AH,あ,EE4BKR0AR,まったりプレイ,901,5,8527,645850,7,10,8,10,8,2,1,3,49
UGUAF2TDN,上班不彈下班彈,AWFDLJ1HC,小蓮花（重生版x,1025,17,8528,645750,2,1,1,10,3,2,3,3,25
GEY57W1Y0,ます,5KK3DFY18,MUGEN∞,1010,3,8529,645670,8,10,5,5,9,1,5,2,45
JCWREPDTL,旅人,53M4V2BVG,吟子の髪飾り,1090,0,8530,645580,7,5,1,6,6,4,8,1,38
LEMY1R04L,異次元ひかりP,BT3GEWM5L,ささやか村の集い,1135,1,8531,645400,9,9,6,7,7,7,7,2,54
4NHRU7HM5,yuu,5JA9K5FAK,オタサーの姫芽,1031,3,8532,644950,9,8,9,7,7,5,10,4,59
V5TCEL9WA,唯,NB0HX9KP8,かほてぃあん,1040,13,8533,644770,9,7,4,6,7,9,4,4,50
53ZXP4N7F,hts,M851LEV3N,なっす父兄,1020,7,8533,644770,8,5,6,8,8,8,8,2,53
SBZ6IOK5E,nagisuke,PD80VCP5N,虹ヶ咲学園,891,2,8535,644590,8,6,2,5,2,1,4,2,30
8S0IOEA2V,はるひ。,UHF5Y8PEF,さやちゃん倶楽部,1389,6,8536,644000,4,7,10,8,9,7,9,2,56
XBAR4YG67,みの,T2TL0U6JX,linterna,759,0,8537,643910,10,10,10,10,10,10,10,9,79
8K26PWE5N,たくや,YVV9CMBLW,東京公演で沼落ち,513,0,8538,643780,6,6,6,4,4,1,1,2,30
DVINSITS6,櫻井ヒトシ,9UKKACGDU,蓮っ子CLUB,1284,16,8538,643780,5,7,5,8,7,8,8,2,50
3TDLBKM87,そりっど,56822UB26,さやかほ推し,290,0,8540,643240,10,6,4,1,2,1,1,2,27
XT0RT2LMA,ぱらす,BPFAT416J,さやかわいい,1080,3,8541,643150,7,9,7,7,6,5,6,2,49
0NOKTLS3N,キラリヴィーナス,3N7FL0U6U,destiny,844,0,8542,643060,8,7,5,8,6,4,4,2,44
KO204U2QH,黒曜石は砕けない,KND3T7056,ぽかぽかモガの村,1608,15,8543,643055,8,9,7,10,6,6,8,7,61
T1VUYU085,瀞蓮,M08GKL70U,ららマジ難民の会,1018,4,8544,642713,6,8,6,7,3,5,4,2,41
QQIV8IG9C,白波,JTX1G19BP,さやかほ癒し会,901,2,8545,642700,4,8,4,1,4,4,1,2,28
Y6AAVC4VF,あっちゃん,GWGDMA3YC,初心者無言自由だ,1148,6,8545,642700,4,8,6,7,2,7,7,2,43
YGBAO4UT9,けー,JRAC1HYUD,SPHS-MMT,941,5,8547,642430,8,5,5,2,5,2,8,2,37
Y2UU8WRYC,あいすはぁと,YNR28303K,りんくらぶ,1024,11,8548,642371,8,6,6,6,7,10,1,6,50
CRVE0F001,笙,XE8513HNP,喫茶カワウ空✨,898,6,8549,642160,8,6,1,1,4,5,4,1,30
6U2PBV7TY,mろとlotlk,XN2VEA6DN,無言,1231,4,8550,642000,7,7,6,7,7,5,7,2,48
GD7V7G9QI,おやかた,TM19BMU7C,ソロプレイヤーズ,1180,4,8551,641750,6,10,9,7,6,6,7,3,54
YM0PDHTDG,かがみ,9YG7C0VM7,綴理と無言で昼寝,1067,2,8552,641620,4,4,4,5,2,4,7,2,32
51GPHPX6W,ぺんの助,RWDWD9PP6,乙宗家の屋敷妖精,1149,0,8553,641345,7,7,5,8,6,5,10,3,51
4TJB69XDB,アサヒ,RN24L196L,るりーーー,1319,5,8554,641260,10,10,7,10,10,7,6,2,62
U38PCR667,GRたま,E515TRU1G,起きろ夕霧綴理,1206,6,8555,641080,8,8,5,9,6,4,7,3,50
3TV860532,けだま,E8K438RP1,リンクラ初心者部,1103,2,8556,641003,7,7,2,6,7,5,4,2,40
YPBUEGLFW,sapphire,23PGPJ3NV,蓮ビギナーの集い,1260,19,8557,640750,10,10,8,10,5,5,10,2,60
YG6DJ44J2,あおし,AHE0E3JND,ありがと！にひっ,562,0,8558,640720,10,9,8,10,8,4,7,5,61
TAFGAJEDM,りり,B2KV0EVPD,蓮ちゅきクラブ,911,0,8559,640500,6,4,3,5,6,7,6,3,40
XAXD3VMC5,samdan,08DDCV5JN,黒ねこのしっぽ,628,0,8560,640450,8,9,7,7,7,6,5,2,51
NQHZ7OXAT,たまめ,57HNJ07NK,みらぱ推活最前列,956,9,8560,640450,3,4,1,1,4,1,1,2,17
2P400PNF7,Tom96378,AR9HR528A,いろいろ実況,808,2,8562,640360,4,2,4,2,4,1,2,2,21
MNHUV99D5,蓮,X19MP0NTT,蓮之空河豚养殖場,657,0,8563,639730,10,10,5,3,3,4,1,3,39
F5EL98FZU,皐月瑠璃,8GAY2WBT6,(・8・),1329,19,8564,639640,6,7,7,10,7,7,10,4,58
X4GZKVV68,あずべるで,KT4C59NXG,めぐ島,1536,15,8565,639293,3,1,1,1,2,1,2,2,13
DLWK2VT9T,マイヤーズ@藍,5VXD00VE5,ぼっち部,204,0,8566,639280,5,5,3,2,3,3,1,2,24
KC319H0XD,あじしお,74HPWML1R,VALORANT,1013,1,8567,639100,6,7,6,7,6,5,9,3,49
R2YH223CW,もみじ。,HE0GK3EPE,瑞蓮プロカ倶楽部,1203,2,8568,638951,1,2,2,6,9,1,1,2,24
HX2R7XFJ0,Vacayoru,7XH3K4GBT,LLP,909,0,8569,638250,9,8,9,7,7,9,8,6,63
2G6HT0GNP,たか,F31A07X4V,蓮ノ空福井分校,1062,0,8570,638110,7,7,5,9,6,5,7,2,48
JBFSGPL1E,鈴華,YXKR0GGM4,蓮ノ空好き好き,748,3,8571,637750,6,5,7,4,2,5,5,2,36
WVVAVWVV1,ぱるも,WAT20PN3Y,こな党,1156,3,8571,637750,7,4,8,7,7,6,5,1,45
C88B1ROPS,上月琉璃,2B97MH4YA,同じ話し何回も…,1031,7,8573,637660,7,10,5,10,8,6,8,2,56
P12VI80B3,卯月桃花,A3X92L6YU,お試し用サークル,1167,17,8573,637660,6,6,7,10,8,7,10,2,56
ED3EM7U91,ランタン,PRY4573W6,報酬用,1077,2,8575,637000,4,4,8,4,7,5,9,2,43
6KKO3RFTI,とむとむくん,J62DRC7J5,蓮ノ空好き好き会,1356,15,8576,636899,2,7,2,1,6,1,1,1,21
V25F09NY7,ステラ,0CEA9XFKR,蓮ノ空の泥人会,963,0,8577,636750,7,7,5,7,6,5,7,3,47
543P6KNT5,黒澤ピギィ,2AUM7L9BW,蓮初心者クラブ,610,2,8578,636670,4,4,5,2,2,1,7,2,27
PFE7K6YNC,テニサー幹部,TAP8VVYJP,アステリズム,1242,14,8578,636670,1,1,1,2,1,1,1,1,9
HANVGT8RE,WAKA総理,VF517JBVB,無言でいいよ。,980,4,8580,636500,9,5,7,10,9,4,9,4,57
BA4Y2U0T1,TP,BXGNMY466,ライグラ用,778,0,8581,636400,1,1,1,1,2,1,1,1,9
XXTWXKEUP,ぴろ,T2XRMGEAE,蓮根無言会,467,0,8582,636220,10,9,8,7,7,8,10,3,62
FPJ5OH7UR,ジンネマン,R6XT8CU24,りんくらぱーく！,753,0,8583,636130,1,5,1,1,2,1,1,2,14
56BNHFU17,kaiwa,9D722M8KC,蓮ノ空同好会,991,8,8584,636044,5,6,4,5,5,5,2,2,34
ND0GGJKEG,りんご,DFXEH0E0B,香港の初心者♪,817,6,8585,635950,10,8,4,6,5,5,1,2,41
VXHVFA9G5,なゆゆゆゆゆ,C003CD1RW,☆蓮ノ空クラブ☆,989,6,8585,635950,7,4,8,7,2,10,1,3,42
4WL97J2RY,たちかわえにし,0NLHKATWL,生きてるだけ偉い,651,1,8587,635770,10,6,1,1,7,10,1,10,46
CFLRMGAPD,まに,HXVYGL96H,初々しい対抗戦,769,2,8588,635680,10,10,7,7,7,8,9,8,66
AY902BE9L,ヒミ,GN1798YEX,ド!ド!同好会,648,6,8589,635250,7,4,4,4,6,6,1,3,35
A2BDXAYKY,はいせ,7U20138DB,LGP,1266,6,8590,635230,2,1,2,1,2,1,1,2,12
II4SOAF56,蓮,PN4VA24XF,みーかるぱーく！,733,0,8591,634690,7,6,5,2,4,4,7,2,37
WWX1XCCX0,taul4812,J0M0JNFRH,名駅ラブカの集い,490,2,8592,634163,4,6,7,2,4,4,2,2,31
KX34VN7AF,JETM,8M2MFU9U0,リンクライブ,662,0,8593,634060,8,5,7,5,3,4,4,2,38
2EW55KL53,army,AND13836G,乙宗梢親衛隊,1162,13,8594,634000,8,9,9,5,8,1,9,3,52
DGYQ21I8K,まるしす,054N7CPVR,部室のニワトリ★,1070,5,8595,633992,9,8,5,10,7,5,6,2,52
P0AC0VEKY,ciba,AXFR5G0M4,∞ナイトクイーン,249,0,8596,633750,10,10,10,10,3,10,1,2,56
6T7TT0PCN,もらい火,M1DLCR0R8,花帆護サークル,223,0,8597,633700,10,5,4,8,2,1,7,2,39
BYWFT45MD,マークアレス,HGVHHB78D,蓮ノ空写真部,466,0,8598,633520,1,2,3,1,2,1,2,2,14
UKRD54P03,善法寺,CMEM1LFVJ,105期生の一味,803,2,8599,633430,6,7,6,6,7,4,9,2,47
ESLB59BL1,くらうず,5KK3DFY18,MUGEN∞,1128,1,8600,633160,6,6,5,7,7,5,9,1,46
V7UJNDZLE,えちぜん,UVK38MFR2,蓮の虚無サー,1179,5,8601,633137,6,8,6,5,6,5,8,2,46
XCX89UJH7,そう,F2M746D4B,頑張らないクラブ,708,0,8602,632620,7,5,4,4,4,3,4,2,33
JZAJDVW5Z,FREYA,VY26V3P0K,AltF4され隊,818,2,8603,632530,5,1,7,7,4,3,4,2,33
F8H7K8DWR,カンベエ,M206VENTF,蓮紺の会,989,4,8604,632500,9,7,4,10,8,5,8,7,58
0GFHWVA78,りの,ETAMCYHME,蓮ノ空お昼寝部,949,3,8605,631720,7,10,6,6,7,1,7,2,46
FG2XMTH1N,Rosso,TRFPX8EX0,鬼塚商店,1034,2,8606,631630,7,8,7,9,8,7,10,7,63
CDWACU8L1,蒼P,AHE0E3JND,ありがと！にひっ,714,0,8607,631540,2,1,7,1,4,1,1,2,19
J5SLWRGTT,宇,72J0T27T1,蓮ノ空後方支援部,1130,5,8608,631450,8,8,5,6,7,5,5,2,46
UJHCCKDM3,バーネット,K5TN1RT6D,キンカンナマナマ,449,0,8609,631360,9,8,7,8,7,5,8,2,54
QD5BVGVZM,makoto87,PUJ0ERCMW,蓮ノ空倶楽部,1057,7,8610,630910,8,8,4,7,6,4,8,5,50
EAMN3EVXH,甘井 綿,VNEJ2RNW0,まったりんくら,762,9,8611,630820,1,1,1,3,2,1,2,2,13
43FKJTULR,みいめぐ,02XNKDH8X,せーはすの雑用係,1185,6,8612,630730,5,1,4,9,4,1,1,1,26
DH0HAFTFX,ブレイドオメガ,8ARWEB67F,蓮ノ空れぎゃ米部,1259,15,8612,630730,10,9,6,7,7,5,9,2,55
27QWK9DSJ,マトイ,M8FM7P139,蓮ノ空ひとり旅部,936,0,8614,630370,2,1,2,6,6,2,5,2,26
7HKRRCMH0,不知火,AXG81GPMP,蓮ノ空マタギ部,941,9,8615,630250,8,6,6,10,8,10,10,4,62
LP38ZNMCA,ルビコン,L91N4WPUD,ルビコン解放戦線,1240,10,8616,630190,7,8,7,8,7,5,9,2,53
L2W1NG0CL,UNK,W9V6VTXAN,梢先輩の歌声好き,223,0,8617,630100,7,5,5,4,3,4,1,2,31
17V3V1EET,碧城,DFFYFJ2B6,つづさや好き過ぎ,537,0,8618,630059,7,7,6,6,5,4,4,3,42
QZVI9PUC3,うっち〜,9X07VGM42,近江町食べ歩き隊,1193,6,8619,629740,9,9,10,10,7,7,8,2,62
XTWQJ2S6C,ナッツ,C0NDBKMRB,すりぃずぶぅ家,1130,2,8619,629740,8,7,5,6,8,5,7,3,49
V5M34BBH7,ワラカラ,9AYD3XJ2D,ぺんぎん隊,1319,19,8621,629560,7,9,4,7,8,6,10,6,57
T95Y9M2F4,いくりら,FK5MUK0ET,くる♡すきクラブ,1305,15,8622,629500,7,3,3,1,4,1,3,2,24
LVYRU0EBY,Jeno,6H800PBV7,新鮮館,605,0,8623,629380,2,2,3,5,2,1,8,2,25
2EZ9WI0HB,小山田,U6D5XTT5H,ゴリぶちクラブ,1009,3,8624,629375,1,1,1,4,2,1,3,2,15
ZQNJ7B5B8,でみ,FD24TD6C5,泥人,1030,4,8625,629290,1,4,3,7,2,1,4,2,24
XRXRJDDM1,こじろう,8BAYBXUXC,スリブ大好き♪,984,6,8626,629033,5,8,6,8,6,4,4,2,43
1UTL77TAF,つしまさ,1EBG7YUTL,菅！CAN！叶！,589,0,8627,628930,4,1,4,5,4,4,7,2,31
Y48JVCBX5,わたうさぎ,X87KNX4N3,蓮ノ流星群,937,2,8628,628750,4,4,4,6,6,4,6,3,37
749PPHG4F,Fuuko,AAHB7C276,HaCordVN,274,0,8629,628660,2,4,3,1,3,2,2,2,19
TPNLY36BX,7Stars,CT8XW752X,蓮ノ空写真部,1220,6,8630,628480,8,9,5,6,5,4,10,2,49
FNPM3P7V4,レイヴ,BEMED3RY1,無言無課金ok,1037,2,8631,628007,4,10,3,2,9,8,1,2,39
NJ0MQ1DHM,たっつー,R4VYM1CGH,村立お野菜農園,1199,14,8632,627940,8,7,6,5,5,4,9,2,46
4LZBOTBXW,ヴィータ,8JMW9G2XW,僕らのリンクラ！,975,2,8633,627850,5,9,5,1,10,4,2,2,38
7TVB43U9V,たいてぃ,U98UKD6RY,異次元フェスP,759,3,8634,627665,4,3,3,2,3,3,1,2,21
13CYA2Y8X,suzuki,HWMV33W7Y,フラワー泥民館,1049,3,8635,627400,8,4,8,7,6,8,8,2,51
UQRHDCUCA,ソラ,M49MMBK4F,スリーズパーク,967,2,8636,627130,7,4,5,5,7,5,7,2,42
K63WFJ5CN,カーニバル,0NLHKATWL,生きてるだけ偉い,691,0,8637,627040,10,10,10,10,4,4,8,10,66
C5UXCHJ2M,ちゃーゑん,9DKR4Y2CJ,蓮ノ空老人会,977,4,8638,626950,7,4,1,3,5,5,2,2,29
HN4Q706Q9,くまごろう,PUJ0ERCMW,蓮ノ空倶楽部,1288,0,8639,626770,7,9,9,10,9,8,10,7,69
TMGWH8AYN,梅,K4EGD5V86,京大LL研究会,652,5,8640,626750,5,1,10,10,1,10,2,2,41
M6ERFL81R,じゃがえもん,828YTYAA9,箱推し社畜の部屋,1161,14,8641,626590,10,8,8,8,7,5,8,2,56
XMCC5DHSV,ゼルス,XJ3EFLCE7,ゆるゆるライブ組,1011,0,8642,626468,8,4,2,8,7,4,4,2,39
UV6NLMK2K,屋根裏のゴミ,L2HJ46YVK,徒町の一発ギャグ,1076,3,8643,626320,7,4,4,8,7,7,10,3,50
U5UNH9U0H,ミスターX,9WJB6YPPN,温室花畑,1230,16,8644,626050,10,9,8,9,8,8,10,7,69
0CN738EY2,bs88,8K4V9DVNX,F2Pcrcle,187,0,8644,626050,7,5,7,3,2,4,6,2,36
0WMHG7J5U,みふくざわ,1EL57CDR0,なんもわからん,620,1,8646,625960,6,1,1,5,7,5,7,2,34
05ZVVUK9E,瑞奈,PWK02KG0F,メメントの森公園,1140,8,8647,625510,9,8,6,7,7,6,8,2,53
FMKBMJNIT,アッシュ君,GWGDMA3YC,初心者無言自由だ,1129,7,8648,625060,7,8,4,5,5,7,7,2,45
CPRXRWV3X,セナ,TT8KRDC79,あ,448,0,8649,624587,10,9,9,8,6,5,6,2,55
NU91ED29X,ytion,BWM63NDR4,蓮之空学园同好会,903,4,8650,624340,7,1,7,4,2,7,9,2,39
SILQALU6I,アリス,PD80VCP5N,虹ヶ咲学園,762,2,8651,624250,6,8,5,5,8,6,8,5,51
RBWJPD79F,ふにふら,BT3GEWM5L,ささやか村の集い,984,4,8651,624250,7,5,5,10,7,9,7,3,53
0HD8LFLJP,千花,HBM31HMUY,YUKIZURI,744,1,8653,624000,2,2,1,1,1,2,2,1,12
RE3RWJXE3,あるます,H0DV3JJGA,かほさやてぇてぇ,1164,10,8653,624000,8,5,6,9,8,8,9,2,55
K8H0O5MTX,ぬーとりあ,DF7FA982P,蓮ノ空百合部,1366,10,8655,623980,9,6,6,8,7,6,6,2,50
M9O5450K0,ねぎの盛佐川,AXG81GPMP,蓮ノ空マタギ部,1096,7,8656,623903,10,9,8,10,7,5,8,3,60
AHAZQC97Z,与太朗,8Y9U68DKX,箱推し体質連盟,1035,9,8657,623350,4,9,7,10,4,6,8,2,50
83J0M16WD,saki,M6UPWJ6DU,蓮結ぶ虹と星の音,1377,6,8658,623170,8,8,8,9,8,7,10,5,63
Y55M0MZD4,IRUKASHO,9YAV17UUR,のんびりスペース,943,4,8659,622810,8,7,5,7,5,5,7,2,46
18YXUKEW4,Mikoto,BELCUYCMH,蓮hkg香港分部,1115,3,8660,622750,8,7,5,7,6,7,8,2,50
Y29PVFY1N,るふい,WLBYGHXPD,大天使村野さやか,489,0,8661,622706,10,10,8,8,8,6,7,4,61
3SHRSWSL2,ratam,JU476V6K9,ポチッ！,1060,0,8662,622180,6,4,2,5,5,5,8,2,37
1BE5776DH,Taka,39Y0R2814,蓮ノ空の隅っこ,817,0,8663,621820,9,8,7,9,8,5,8,3,57
00X6W4TT9,くろすけ,PPAHU1TNY,蓮ノ空のんびり部,1004,2,8664,621509,8,9,6,8,5,5,6,2,49
V44E4HJ1X,詩羽,0YLUK30K6,蓮っコの集い,607,2,8665,621280,1,7,1,5,3,1,1,2,21
AV9K37UG9,るあみ,6H800PBV7,新鮮館,399,0,8666,620920,5,1,4,8,4,4,5,2,33
VPBF119CL,ヨウ,PGL1FKH6H,サニールネス,398,0,8667,620830,7,6,6,8,7,6,8,2,50
79HEAT2B0,焼き鳥,YK0X6N2HN,無言OK出入自由,994,2,8668,620654,8,9,7,8,6,4,4,1,47
12FY3EGBR,ミゾレ,N6TVG18P8,すきすきクラブ,176,0,8669,620470,10,6,5,8,5,6,7,2,49
35EXXP04F,Flower,VGG1HM53K,のんのん日和,566,4,8670,620200,3,1,1,6,4,1,1,4,21
53EWKJJMA,スリブ最高,AKF1PWWUL,やっぱかほこず♪,222,0,8671,620000,7,8,7,9,1,5,3,2,42
P4D0A17X0,くま,K664R1LYM,すくすてむずかし,679,0,8672,619840,6,4,1,7,4,4,5,3,34
L1RMPL1RW,実波,FTUJJ5KM9,無言◎私生活優先,1038,3,8673,619750,4,7,2,5,6,4,6,3,37
WKFCRXYV8,北,AWFDLJ1HC,小蓮花（重生版x,873,10,8674,619628,7,7,2,1,2,1,1,2,23
HX2FXNYGX,べりはん,T48KV9EP2,無言ぱーく,626,0,8675,619570,8,9,7,10,8,3,1,2,48
11T0F9Y9K,茶茶子,3RH5MYBXV,こずめぐ党,197,0,8676,619480,6,6,5,4,6,3,1,2,33
U31PF35LD,ゆづき,VKW1GNAPL,伝統を守ろう,870,2,8677,619300,7,6,4,10,7,5,10,2,51
GYS2FWFWP,こーすけ,GMEF2K8DL,花咲く泥も好き²,1293,5,8677,619300,8,9,7,8,7,5,9,2,55
LOBRSY2BG,Lollipop,279NUYU7C,れんこん,1337,2,8677,619300,9,7,7,8,7,6,10,3,57
49F8DT262,たんTAN,N7GLY2RUW,百生銀行,1167,2,8680,619210,8,7,5,10,6,4,8,3,51
2C5LPLL33,みそらむね,K6KU7R80W,そろ,385,0,8681,619030,6,9,8,4,5,4,1,4,41
G0MEALVG9,紅かえつ,W3UUXHMDV,水彩ブーケ,1020,1,8682,618850,4,5,5,2,2,2,2,1,23
8ER3MJ1DD,のもー,2VJG66JTH,まったり,934,4,8683,618760,5,5,6,5,4,7,8,4,44
G4Y4Y6JET,たなしょー,N1JM7M3YC,丘側,916,0,8684,618602,3,2,2,2,2,1,1,2,15
CKDAKOIPM,アクセス,T045NDKW0,♬さやか愛好会♬,1343,18,8685,618580,10,10,10,10,10,10,10,10,80
9ANG18HNL,うめきち,XXVVJY6FE,はぴぱれ,806,2,8686,618130,9,8,8,10,8,4,7,2,56
Y0YHX0E46,凛として時雨,VNEY6C9BE,スリーマーメイド,706,0,8686,618130,9,8,4,6,6,5,8,2,48
RJ9AV0G8Y,シン91,8MTLYLH9F,木星月華黄金宮,463,0,8688,617860,3,2,2,2,2,1,2,2,16
1EQD711VT,タケル,1H5P6KV81,さやかの水着,1051,2,8689,617250,8,8,6,7,7,5,8,2,51
DLAWBQYQZ,WAD,AE3L01V24,LOVE蓮ノ空,1143,10,8690,617140,10,9,7,9,7,7,8,2,59
YP1GI2Q10,さるる,L2FNUE45V,雰囲気でやる,1213,3,8691,617063,9,10,8,8,5,5,9,2,56
DMZICJ1FP,めたつか,JDAG79TG7,百合ノ空観察部,1361,6,8692,616750,8,7,7,8,7,1,8,2,48
W53P05YVP,Ｑ坊,0MHM887UA,円都流氓,1099,6,8693,616690,5,8,4,7,4,6,9,4,47
HFZ9LEO71,はいど,ABALH0AL3,楽園計画,1306,15,8694,616510,8,9,8,8,7,6,10,5,61
J62AAWG4W,みか,AA74NLRYD,蓮ノ空高等科,594,2,8695,616500,7,7,6,8,5,6,7,2,48
LRVFUB2XX,まと,G0WRCNRWK,県立沢庵図書館,1123,6,8696,616420,8,10,8,10,6,7,10,6,65
YHR122FLG,ゆうくん,JX0BXWNWH,新米蓮好き好きC,317,0,8696,616420,8,4,5,6,7,4,6,2,42
9PCG7KJFK,おとの,2U4GLJXLJ,泥の中の養分,961,6,8698,616330,7,8,5,7,7,5,8,2,49
DERUA8GMG,yosha,0UTVRAKFL,平穏無言,1133,12,8699,616208,9,10,7,7,8,7,9,2,59
PM2B5D4HC,まな,0V75M00RK,ネオヴェネツィア,1061,13,8700,616037,9,10,9,10,9,10,10,2,69
D4R0N5ZDK,うたほ,UHWA4YLWP,蓮ノ空を見守る会,1114,0,8701,615880,7,7,5,6,6,5,8,2,46
LH9UNY8YM,ZERO.B,HMB9LYA8Y,スリブのオタク,872,1,8702,615866,4,4,6,4,4,4,7,1,34
Z3ADHJF5Z,七海,WFPA7YJE1,蓮ノ空文芸部,965,6,8703,615790,8,9,6,8,7,7,8,2,55
5KHCOIZRO,DCD,LHDVYA6RX,グリモアの集い,1062,3,8704,615610,9,7,6,7,7,5,8,1,50
VW3L0CJ71,evo,427WENUC4,心の癒し～蓮ノ空,1188,0,8705,615520,10,10,7,10,10,10,10,7,74
Z2TACEI6K,やさん,NA8FEYN0M,蓮ノ空飲酒クラブ,1144,8,8706,615430,10,9,10,7,6,5,8,2,57
2EGN43QXF,仮釈放,PMDDGR6AH,うぇるかむ,907,0,8707,614530,8,6,6,7,7,6,5,3,48
8C5H0BBKJ,おかわり,AHE0E3JND,ありがと！にひっ,890,0,8708,614500,6,7,6,5,2,1,2,3,32
Y45AUJW7F,みと,R1RM3X0WV,後方腕組みオタク,1407,8,8709,613301,10,8,7,10,9,7,10,2,63
4KF28M9PV,九条天の猫,BMAKK6VNN,にゃにゃにゃ,314,2,8710,613270,4,1,5,1,3,3,1,2,20
ZS4B8CJXF,シュン,DFXN9DB2H,どんぐり共和国,1105,10,8711,613000,8,5,6,8,7,8,7,2,51
V53H65N9D,＋F,KXB93FVTR,ブルームガーデン,1317,18,8712,612910,9,10,10,10,10,10,10,8,77
KNCMXU3E8,まつ,J83JWJ028,大ㄇㄚˊ露營區,790,1,8713,612730,1,1,2,1,6,1,2,2,16
U30OV4MB4,秘密の学院生,1618JMRED,リンクラ自習室,1029,6,8713,612730,5,8,5,5,6,4,7,2,42
N8UCHBY74,桜沢 紫弍,WJY2HK6A5,蓮の空イベント部,548,0,8715,612617,1,1,1,2,4,2,1,2,14
PAA6U75FU,オル,AVY8PECF0,初心者の集い,518,0,8716,612460,4,5,4,9,4,2,4,2,34
VBW50N2T4,TAKO,DDKKFN9Y5,蓮ノ空箱推し部！,425,2,8717,612370,2,1,1,2,2,2,3,1,14
VMNE91BLD,ドンホウ,7UX6117P2,重曹圖書館,1106,10,8718,611560,7,7,5,7,6,7,9,2,50
E65C882VG,キャメル1号,HKM402U9B,お野菜さんSSC,307,0,8719,611500,10,10,8,6,2,1,5,2,44
DBCX1EE3Z,塩レモン,HK0E91U71,放課後写真部,1131,8,8719,611500,7,6,5,9,7,7,8,2,51
TK2CL0MB7,わふう,PH0YEPJD8,蓮ノ空北國金沢,1294,19,8721,611470,9,10,8,10,10,9,10,5,71
FHP26KJEF,Rosie,43N0M7B57,Hasu EN,346,0,8722,611380,6,5,8,7,7,3,2,4,42
7LW7XECEN,サンナナ,VF517JBVB,無言でいいよ。,550,2,8723,611290,10,8,7,4,5,3,4,8,49
NLGAXFPOK,たかはるjp,E49YWK5YC,酢蓮根,707,3,8723,611290,10,8,6,8,4,8,4,2,50
W0UAXGD2F,だいだい,PJN52E7JX,ひよっこ,306,0,8725,611078,2,1,4,5,3,2,2,3,22
FXFX0DB6E,Nya,41N8G98LV,花帆梢百合応援部,988,0,8726,610930,9,6,7,6,8,7,7,2,52
03WT0G6T6,のっぺり,TM19BMU7C,ソロプレイヤーズ,278,0,8727,610750,9,9,7,7,8,5,8,2,55
2VW44LGGL,カラメルプリン,FNMV166UY,蓮ノ空喫茶部,1384,10,8727,610750,4,4,4,10,2,1,1,2,28
CWTRLG8WY,もなりざ,HWJ8XPW0T,箱推しなのだけど,882,2,8729,610570,9,9,7,8,7,6,8,2,56
G2NJ8V2QJ,とみ,31A7JKC69,蓮好きの巣窟,1075,5,8730,610250,9,7,5,7,5,1,4,2,40
UY7U8JK7K,めい,YXKR0GGM4,蓮ノ空好き好き,654,2,8731,610210,1,1,5,4,4,1,2,2,20
22ECHCGVL,くろめ,WJ7GF9WVV,愛と想いやり,383,0,8732,609850,4,6,4,2,2,1,2,1,22
WV76AFPP6,ラリー,MG1G6F487,蓮ノ空無微課金部,646,0,8733,609580,7,9,4,7,8,1,5,4,45
F76PFD7ZC,サカミネ,9VDEWVP01,瑠璃乃の集い,1109,12,8733,609580,10,9,7,10,5,8,7,7,63
YLP3HEK7T,国産牛,UWUG7XK9L,スクステ同好会④,874,0,8735,609197,5,10,3,1,2,1,1,1,24
4YL38760D,かるら,GK7JNB0NW,参加賞取り隊,743,4,8736,609000,4,5,5,3,2,3,7,3,32
FL8VTD6JW,こと,KULVP7FDR,アニマル分室,992,2,8737,608950,9,8,8,7,9,6,9,2,58
SR2DK4X6Y,マーステル,6HV2RH6TU,イベント用、無言,1113,1,8737,608950,7,8,7,7,7,6,8,3,53
GT9WVA7K8,味噌かつ,R083H7WRN,サークル無言,1115,12,8739,608770,4,8,6,7,7,6,8,2,48
SO08GMHXL,大志,WFPA7YJE1,蓮ノ空文芸部,1084,0,8740,608410,8,10,7,8,7,6,8,2,56
R7N9HU52J,アプリペイマン,C8A9CTB34,蓮ノ空山岡家部,1053,9,8741,608250,1,1,1,5,2,1,9,1,21
PEP8KPB5M,ren,F2M746D4B,頑張らないクラブ,464,2,8742,608140,6,7,7,4,8,3,5,3,43
EJ67AX5UG,アッサム,60KU468X3,はっすーず,711,0,8743,608050,3,6,5,5,2,5,2,2,30
A85GTHE7F,ソメスグリーン,8BAYBXUXC,スリブ大好き♪,1111,13,8744,608000,8,8,7,8,8,7,9,2,57
EKRYL5KG6,音色,57UT319NN,蓮ノ空同好会,296,0,8745,607960,4,3,6,10,4,2,1,2,32
8CELEYVN9,ガチャ恋サムライ,AHE0E3JND,ありがと！にひっ,525,1,8746,607870,1,4,1,1,2,2,1,2,14
GV6XAVVT1,towa,1KDUBW4HB,めぐ党0番,746,0,8747,607330,2,8,3,3,2,1,1,1,21
CG7ZFONNY,木場公園,H1G4CDT6C,無言自由,976,1,8748,607145,1,2,1,1,2,1,1,2,11
F8LPBUPU0,炭,43HRXMXWA,無言OKクラブ,1140,0,8749,607000,10,9,7,9,8,7,9,3,62
W0J1WNPWV,小林鮪,CKWMDJFXY,ああああああああ,973,8,8750,606803,10,8,8,10,9,9,6,2,62
RX13PKH8M,花宮の嫉,TDHKGHFPA,無言参加○！,515,0,8751,606790,4,5,5,1,6,1,1,2,25
JLTEW61V7,どめ,B2KV0EVPD,蓮ちゅきクラブ,1653,14,8752,606750,4,2,1,2,4,2,2,2,19
WA17C5DAA,つーかさー,FHN78V2DJ,無言でどうぞ,798,0,8753,606430,7,7,2,6,2,6,10,2,42
567BDF4ND,きっちょむ,C0NDBKMRB,すりぃずぶぅ家,1094,1,8754,606340,5,8,9,6,6,5,8,2,49
F7D08CY6V,けんけん,WFPA7YJE1,蓮ノ空文芸部,1211,3,8755,606119,2,2,2,7,2,1,7,2,25
CG165PYMH,もちごめ,3YPGAUM04,ゆのくに天門,1089,5,8756,605800,9,8,6,7,5,7,9,3,54
LR02XXE8F,れもなで,N94LEWF2D,無言よわよわの会,1021,4,8757,605620,5,7,5,7,7,7,1,2,41
CVIR06O3F,りつ,P01RCC6L2,まったーり,972,6,8758,605350,4,10,1,10,5,5,10,3,48
CM683N98P,じゅんく,WD8452D3T,COMPS,942,1,8759,604990,7,8,6,10,7,7,6,4,55
DUNBTVJN1,かす,FH54A1HEX,陰のラブライバー,593,0,8759,604990,8,7,5,4,3,4,9,2,42
U97KNDDJ7,マッキー,MUXWTW1GV,蓮の空見守り隊,859,1,8759,604990,10,10,7,6,8,5,4,3,53
MD4DWZRXL,だすを,UVK38MFR2,蓮の虚無サー,1211,14,8762,604922,5,8,4,7,7,7,8,4,50
0ERNHYK1X,ますたーろごす,MWT91W455,つづこず大好き部,908,2,8763,604810,8,4,10,10,6,8,7,2,55
RDC9KKMKE,Bew,KGDNX3EF3,ENcircle,477,2,8764,604750,10,10,8,6,7,1,5,2,49
FMD10CX80,Dr. Yas,18XJRD75L,LLLL!,168,0,8765,604360,10,8,10,9,5,3,10,3,58
MEGFFWHVV,トキソー,3194B9E93,初心者寄り合い所,606,0,8766,604238,9,7,5,5,6,4,1,1,38
L2L4XUZSJ,十五夜,RKT7BC4F6,人形浄瑠璃乃,1013,0,8767,604090,5,8,4,6,6,5,8,2,44
MU3UEHP62,りいん,2VJG66JTH,まったり,1080,8,8768,603910,7,7,1,6,6,5,8,2,42
0LJ6CMYCU,ウパウパ,94401GCCP,クローズド,1215,0,8769,603896,9,8,7,8,8,7,8,2,57
DK7RRBKC7,モンバンゴ,1EL57CDR0,なんもわからん,484,0,8770,603750,6,5,10,10,4,1,8,2,46
HE63NU2CU,とどまぐろ,N6LR8C7AE,泥の民,1005,6,8771,603554,8,7,7,4,6,1,10,3,46
1E1YW9MCM,cmpmzk,0RVUANVB3,さやさやびー,1240,0,8772,603550,9,9,8,9,9,8,10,8,70
NC8BKXVX7,しろま,96LWYJ3Y6,無言絡みなし,455,2,8773,602920,1,1,1,3,3,1,2,2,14
7S92ONBAH,ほんだびーと,FNHT9JFY4,リンクラ楽しむ隊,935,2,8774,602830,9,7,5,9,7,1,7,2,47
893CLBB6K,ひらがなのふー,XE8513HNP,喫茶カワウ空✨,1249,3,8775,602750,8,8,8,9,7,7,10,4,61
0AN42EYY8,梢せんぱぁ～い,H6JWBBGCG,蓮天・乙宗一心流,596,2,8776,602200,10,9,4,7,6,4,6,2,48
6VN0F89TA,のすけ,9E910GGD2,蓮ノ空給湯室,1128,8,8777,601930,7,8,2,4,6,4,6,2,39
O6FT7ZMCW,高咲千音,AGJ215YND,蓮の空中國分校,720,2,8778,601840,5,7,5,4,5,3,1,2,32
03XK67402,ちまめ,WNMCNJ62M,チームまったり,871,2,8778,601840,9,7,6,6,4,3,4,2,41
63RJRJK40,mrk,L6MF2MPBN,みらくらぱーく党,328,0,8780,601480,5,6,7,4,6,3,1,4,36
QQQW5MJS2,まぐ,0JY7F3EKU,さやか愛でる会,982,3,8781,601250,4,10,4,1,7,4,5,2,37
WXDCX1V0H,けいたろ,424NLTEE8,無言な異次元部屋,134,0,8782,601210,10,10,7,10,5,4,1,4,51
9TNTAO7ZP,ういっす,J8HXTJ8TB,流し素麺同好会,1171,2,8783,601120,8,8,5,7,7,8,8,1,52
7L3FN79FL,ルーキー,0NLHKATWL,生きてるだけ偉い,564,0,8784,600134,7,8,7,7,4,5,8,2,48
WVZDSZ0AF,ともね,DFXN9DB2H,どんぐり共和国,1136,5,8785,599500,6,10,4,7,5,5,6,2,45
7LKUVHACN,輝夜,KFC62L0FV,ねるねる同好会,1139,1,8785,599500,7,6,5,7,7,7,9,2,50
VCVEGH336,ハヤト,K5TN1RT6D,キンカンナマナマ,977,4,8787,599410,9,8,7,9,8,7,8,2,58
EPRBJA95R,まほ,PN4VA24XF,みーかるぱーく！,460,2,8787,599410,1,1,3,1,3,1,1,2,13
JVLD2V12Y,なまトマト,YVFP54NA2,無言OK！,1013,2,8789,599230,7,7,4,7,2,4,4,2,37
1JHFJ71D6,うみちょー,48GTYR1VB,ハラショー！,744,0,8790,599050,9,6,4,5,8,5,5,2,44
P3542KYRH,コルベットZR1,R7VEXFUBP,蓮ノ空応援クラブ,1033,1,8791,598766,8,10,6,9,7,4,9,3,56
P62BZDWCS,あいら,59AK7LJ7A,とりあえず,1392,19,8792,598750,10,10,10,10,10,10,10,10,80
NCC5MO0AY,カリス,Y4G0KF6NB,無言でやる会,1317,17,8793,598600,8,10,8,10,9,8,10,9,72
D1V5A6KNM,ゆい,FR5PDRB5Y,株式会社つづさや,557,2,8794,598240,4,4,6,6,8,1,6,2,37
LMQZEWSC7,ミカヤ,L6MF2MPBN,みらくらぱーく党,1209,7,8795,598150,10,9,9,8,7,7,9,2,61
DA8HRY0TJ,花帆めぐ推,LAKRG5NK9,ログイン勢,639,0,8795,598150,10,10,8,8,8,8,9,8,69
YH78KE8MG,なお☆,MUXWTW1GV,蓮の空見守り隊,713,5,8797,598000,5,6,5,1,5,8,3,2,35
YUB3EPGGE,HiRo,0CCFXC2HF,Ricebird,1004,2,8798,597911,1,7,5,4,1,5,10,2,35
TN8RW3SIF,ラブライブ！,M4B9VNG7R,蓮ノ空SIクラブ,1013,8,8799,597700,6,6,5,7,5,5,9,3,46
DJRZFAW0U,ジャン,EKACCPWWB,タフノ空学院,1005,0,8800,597610,2,2,2,2,3,1,2,3,17
AA9JNU5YG,mafuyu,J0N1E3Y09,月火水木金土日,1225,19,8801,597569,9,8,6,8,6,5,4,4,50
70PV822UR,かすかす,C68491XHB,みらくらぽーく！,333,0,8802,597500,5,10,10,10,7,6,7,6,61
0KIBKA6LM,ロブ汰,57HNJ07NK,みらぱ推活最前列,1194,8,8803,597227,9,9,4,3,2,2,1,2,32
FU3EDC4KM,肉じゃが,DMDVHGFUG,インドネシア仲間,1167,10,8804,597160,7,8,7,6,8,5,7,2,50
K5UNBYKX2,なよん,XHJLF3R8H,ゆったりプレイ,974,0,8805,597070,5,10,5,7,7,6,9,2,51
VSI0O9N2X,ウロタス,2KJ2UEC3P,ういちゅけクラブ,1259,7,8806,597000,8,8,6,6,2,2,5,5,42
J7U2HZVYA,カコウタ,A2N8DBTB9,ハスのそらクラブ,834,4,8807,596890,8,10,4,5,4,4,8,2,45
D76DF0604,夕立@みらぱ推し,YD2XWWFA4,蓮好き好きクラブ,860,0,8808,596800,9,3,6,7,7,4,9,1,46
BPITGZP3Q,あまてんか,2KJ2UEC3P,ういちゅけクラブ,1362,8,8809,596750,8,9,9,9,10,8,10,2,65
AXPN0CGYD,まっぷり,T045NDKW0,♬さやか愛好会♬,783,1,8810,596500,4,6,1,1,2,4,1,1,20
4FY9R2UF1,みもりん♪,TX85TKW7A,蓮ノ空女子部,1096,1,8811,596350,9,7,5,7,5,4,8,2,47
SZS1PL7WX,リベカズ,E1HVJ71JR,ご自由にどうぞ,1100,3,8811,596350,10,9,5,8,5,5,6,3,51
6VNMV3L6L,Criss,JHTULVV5P,故に瑠璃乃推し,837,1,8813,596201,9,1,7,8,8,4,4,2,43
V2RWXVP4D,みるく,L6MF2MPBN,みらくらぱーく党,225,0,8814,595900,9,8,10,9,8,9,4,8,65
J25E4ERL1,2jung,AHE0E3JND,ありがと！にひっ,465,0,8815,595720,5,1,4,2,2,1,1,2,18
4B2OV9OGK,美夜受,TCTEAMP9C,虹ちゃん最高！,989,1,8816,595630,6,4,2,7,8,6,5,3,41
XX5N9V2PC,ナナツ,DKNHY5HH6,なす料理研究会,1176,13,8817,595346,1,6,7,7,7,9,10,10,57
32PSH8NV3,とん太郎,EWM0GK62C,誰でもどうぞ,1175,13,8818,595250,8,8,7,8,10,7,9,2,59
53LW8PNLM,のっぺりさん,9JVBKD2W0,ねこねこにゃー,937,11,8819,595180,5,5,1,1,4,6,8,2,32
39NELFBRE,めぐるり,RW90G4W5W,めぐめぐめぐ党,1230,10,8820,594910,8,8,7,8,9,4,6,2,52
X70PAJLBJ,ひなげし,VLY5JDKCV,新規なのだけれど,264,0,8821,594491,1,1,1,1,2,1,1,2,10
GXGKD5C8J,ばみゅ,TKVR3KU7L,ネギトロTKG,1675,2,8822,594370,10,10,10,10,10,10,10,10,80
8550J8ZM7,柚子,A9MA307FX,楽しいが一番,1169,6,8823,594280,7,7,6,7,6,6,7,2,48
BMM11LWTE,anju,EECF9C0N3,蓮ノ空　茨城分校,322,2,8824,593978,5,4,5,2,3,4,1,4,28
3C42RNW20,四ノ宮ミツル,AHE0E3JND,ありがと！にひっ,458,0,8825,593294,5,6,8,1,2,4,1,1,28
0E0CPPT1F,きむ,HH93ADAW3,無言自由。,1023,2,8826,592930,10,4,2,4,8,1,4,2,35
LDK5F4B0J,イケメンヌ2世,60D1TTYTV,無言自由会,1007,6,8827,592781,9,6,5,1,4,10,1,4,40
HDXIVOCPZ,16代目いぶき,X8YD59KBX,16代目いぶき組,1030,2,8828,592500,7,8,5,7,6,5,6,2,46
M20400WPH,キン肉アタル,ANCNM0UPK,スクスタ適当部,445,0,8829,592390,9,9,8,8,4,5,4,2,49
PTUHK1K4G,あらさん,KBJ2P8T0Y,人見知りの集い,1262,19,8830,592250,10,8,8,7,8,7,10,3,61
T44XUTGKC,Miyu.,FG4170141,♪さやか愛好会♪,703,1,8831,592210,4,5,7,4,7,4,5,2,38
JCUBBM2DC,比企子守にいと,N9B8HXXR0,25時、残陽で。,1044,2,8832,592120,8,8,4,4,4,4,5,2,39
E70LMMDXC,晓来雨过,BCXK12M1U,awa,698,3,8833,592030,6,7,4,4,3,1,1,2,28
VTDESX80C,Ryo,MPPDGVPWX,気楽にプレイ中,868,2,8833,592030,6,3,5,5,5,4,6,3,37
P3NBQQVMZ,ぷちぐる命,424NLTEE8,無言な異次元部屋,1196,1,8835,592000,7,7,6,6,6,6,8,5,51
X6KWE2NEC,コウモリ,WJY2HK6A5,蓮の空イベント部,471,0,8836,591940,7,6,10,9,4,4,3,4,47
PDRJDM6TA,桂希,NK17PY5LW,のんびり,910,6,8837,591850,4,2,7,4,3,3,8,3,34
FC8YUXQ49,かんざき,YM72HRVCF,ワンニャン部,1106,8,8838,591760,6,8,2,6,6,7,6,3,44
JKXN1MT14,あわびん,3BE2RELRC,見晴台,710,0,8839,591750,8,9,5,6,6,4,6,4,48
55JD4IS35,水無月ちとせ,8XR91CRG2,道立一限遅刻学院,1162,2,8840,591670,2,4,6,2,1,1,1,2,19
C4D189EJW,きゃらどん,WCL6R1ANU,無所属の会,617,0,8840,591670,10,9,8,8,7,9,9,2,62
7NPZO0EKY,そんちょー,DKPMRA0TA,蓮ノ空奉仕部,710,2,8840,591670,10,9,8,9,7,4,7,2,56
1RCKD12PX,田辺,WPG6BCG83,基本無言,1414,12,8843,591580,10,10,10,10,10,10,10,10,80
DD7XUVC1T,太雅（たいが）,8YNHW7530,虹ヶ咲、蓮ノ空,792,1,8844,591490,5,8,1,1,5,1,2,3,26
DQ2KGAKKF,夜空 ましろ,BXJ6WV4TB,中国club,1110,8,8845,591310,9,10,4,5,7,5,4,2,46
6XFTGBRG2,まりも,T2XRMGEAE,蓮根無言会,862,0,8846,591040,10,10,7,7,7,4,7,2,54
U88K4UK3L,卯月既朔,N1DJVPGP8,いつでも咲けるよ,1158,13,8847,590770,10,10,6,8,6,4,10,2,56
UJ96N5M0B,コウ,JH5FX56N2,のんびり,986,7,8848,590590,8,7,9,10,7,6,7,6,60
6U3GRQW0R,こたつまじん,85BT3MB4A,こたつ,1148,0,8849,590250,5,3,3,4,3,2,1,2,23
3YUU56XK2,ヤヤカルメ,AXG81GPMP,蓮ノ空マタギ部,1183,0,8850,590216,10,8,9,10,9,10,9,8,73
3H4T36UWG,コウ茶,95031TR10,ひめぎん文化会館,1162,6,8851,590140,4,2,2,5,2,2,8,2,27
30U9BR23Y,たね,3F0M4HXJE,蓮ノ空まったり部,1089,9,8852,590000,6,5,6,8,6,4,7,1,43
Y98FR4G08,けんたん,GMYGNRHPJ,のんびりん,823,2,8853,589510,6,9,6,5,6,6,4,2,44
CHD941XTD,黑,9UKKACGDU,蓮っ子CLUB,361,0,8854,589500,9,7,7,6,4,4,2,2,41
NVFA2N86P,絢都蓮,VP0K6KF0K,蓮ノ空大好き!!,1161,17,8855,589420,10,8,6,8,9,6,8,2,57
3KVP33WPK,巡,A73H7ENN2,エロマンガ同好会,496,0,8855,589420,4,1,4,2,6,3,1,2,23
G1XFF0UG6,たま,JD1PFYJWE,瑞蓮隊(無言OK,409,0,8857,589330,4,4,5,2,2,1,2,2,22
936LNGCY6,山法師,FMKP92LRL,目が霞む人達,720,0,8858,589250,5,7,3,2,2,7,4,2,32
95JLGM5UL,フォアグラ,F7Y0XP6VY,梢先輩大好き軍,680,4,8859,589190,5,1,3,1,7,1,1,1,20
06NJ55D8E,青山千夜,BELCUYCMH,蓮hkg香港分部,710,1,8860,588880,8,9,7,10,7,1,7,2,51
6VJWWKHNK,歿羽,KULVP7FDR,アニマル分室,1249,15,8861,588848,10,10,7,7,9,8,7,2,60
EPKW3LP7Y,おにまほ,05KN1RR3U,さやかほ花卉園,862,0,8861,588848,7,9,6,4,2,5,4,2,39
C8KNE18J6,アイ,KGY709ULG,蓮の花束,1205,17,8863,588610,9,8,7,7,10,5,9,3,58
YMPV5VUJP,ハルカカナタ,DHKUGEWBJ,めぐ党虹ヶ咲支部,908,5,8864,588430,9,10,7,10,8,7,9,9,69
F37GSVPNZ,かっふ,7279KLFCG,泥人形,852,2,8865,588335,6,4,5,4,4,5,1,3,32
UU2PULV0T,瑞希 Amia,80VRCG1BY,みらぱ同好会,377,1,8866,588164,1,1,3,2,3,4,2,2,18
Y7AY6M5LY,emi,WFPA7YJE1,蓮ノ空文芸部,1079,14,8867,588000,6,8,4,10,8,10,6,2,54
58XPXM6AH,ゆら,89K2PRDC6,つづるりのなかま,976,9,8867,588000,8,8,6,5,6,5,8,4,50
J56PF3Q4N,つるひと,K25DPPGT9,圧倒的にまったり,830,8,8869,587710,7,9,8,6,7,1,1,2,41
EP5BYWKYZ,やんやん,V1C2TB6KA,伊達ヶ丘,959,6,8870,587651,8,3,8,10,7,7,8,3,54
A9XG2D42L,のりすけ,HH93ADAW3,無言自由。,507,0,8871,587350,4,5,1,4,2,1,1,2,20
L37508LY9,おみず,LYPVAETHY,金沢の泥,166,0,8872,587260,10,10,10,10,8,8,10,6,72
BCV6MXKAA,マスタング,1EL57CDR0,なんもわからん,603,0,8873,586900,8,6,6,7,7,4,8,2,48
2W9EM0UWP,シナモン文鳥,J4NTXG4T2,音ノ星ヶ丘女学院,986,0,8874,586720,6,5,4,7,4,2,9,2,39
MC0SGNWFF,I♡MEGUMI,J05PKV648,Hasucord,1116,2,8875,586500,7,6,6,10,6,5,5,1,46
4GAV63AFN,そらいろ,F2M746D4B,頑張らないクラブ,1038,13,8876,586283,3,1,2,1,2,2,2,2,15
RJJ44PC8T,I am jp,T48KV9EP2,無言ぱーく,527,0,8877,586270,8,7,7,10,8,3,1,1,45
NS40I5V6W,創始（P.N.）,YCTM6RYDP,金沢おでん同好会,1691,18,8878,586000,10,10,10,10,10,10,10,10,80
U85MJB11L,アラシ,GR65FP8VN,蓮好き,797,0,8879,585730,10,8,5,7,7,4,7,2,50
RB0HW9P1J,もりりん,A9MC566ER,眩耀夜行乙宗梢,789,4,8879,585730,10,10,8,8,7,7,5,3,58
TFH66N9AT,零,X87KNX4N3,蓮ノ流星群,671,2,8881,584920,4,3,5,1,4,1,2,2,22
VH3VGTJXP,ごるすら,R3UE4PGCE,うさぎ小屋,805,0,8882,584650,6,6,5,4,6,4,5,1,37
JAJU2TLW2,ケーゴ,4WWM4VVDK,蓮ノ空遊戯開発部,672,1,8883,584560,7,4,4,5,6,2,2,2,32
R5F7C871D,あわきしん,3F0M4HXJE,蓮ノ空まったり部,566,0,8884,584290,5,2,1,2,4,4,7,2,27
DH03DTRDD,gffggh,3JH1V2GDF,gffggh,284,0,8885,583930,4,4,4,1,3,1,1,2,20
DPRE2A37E,YuuTo,427WENUC4,心の癒し～蓮ノ空,432,0,8886,583889,5,1,3,1,2,2,1,1,16
NBD2RC9N8,夢斗生涯めぐ党,KXMXL2KRX,超初心者,803,0,8887,583840,2,5,4,3,6,4,9,2,35
NK4CX2VRK,ショウマ,XXVVJY6FE,はぴぱれ,483,0,8888,583376,9,7,4,1,6,4,1,2,34
F150480VG,べす,XEENRBXCG,蓮ノ空休日クラブ,1047,5,8889,583300,9,7,7,7,7,9,8,2,56
CBU5J24AC,うしろまちむぎ,8VGXWTV3U,R.opRizm,804,5,8890,583034,1,1,1,1,2,1,1,1,9
CY6GX4X7T,まひろ,8MTLYLH9F,木星月華黄金宮,1047,7,8891,582500,10,9,6,7,7,7,8,5,59
EPTHJHLFY,おにぎり,F08AHUJJ0,綴理のお世話係,1272,10,8892,582490,7,7,7,4,5,6,10,4,50
YC57YD7AL,ミラリス,KT4C59NXG,めぐ島,1451,17,8893,582350,9,10,10,10,9,10,10,8,76
3ZUZ5MSCE,寮母,3L3TAA862,チーム用務員,1309,2,8894,581950,9,8,8,9,8,8,9,2,61
YCTBWDV9D,茶猫,VN1LXEHLR,綴理、愛,1229,15,8895,581770,10,7,10,7,3,1,7,2,47
7T7TKW02T,ゾーフィ,7DRAN8UAK,光の星,1053,0,8896,581666,8,10,5,9,8,8,8,6,62
J8KMXPAX5,まきお*,0CEA9XFKR,蓮ノ空の泥人会,1081,0,8897,581500,5,6,4,4,6,5,7,2,39
TLE9845T6,Sora,GPKTRBCTT,騎空団蓮ノ空支部,1127,13,8897,581500,5,5,7,4,5,2,8,2,38
RPKNWKRV1,しゃぽてん,N0EXH1CM1,ぱちぱち徒町,1031,8,8899,581410,10,10,9,9,7,7,8,2,62
8VBRMKC76,べかんこ,5W8RPRVUA,ド！ド！泥！,983,2,8900,581153,4,7,5,10,6,5,5,3,45
7WMTHLK7W,とっぴ,BDD8R1HDD,蓮の花を見る会,835,2,8901,581000,5,9,5,4,6,2,9,2,42
A7U89W6H0,いつくしみ,UX96YX4T1,『位置について』,190,0,8902,580780,1,2,2,4,7,5,4,2,27
PYG5D7VK0,みこと,D7UA5ER1E,UR報酬欲しい！,652,0,8903,580420,7,1,4,6,6,2,6,2,34
5GE9EG85T,サトチン,VFGE08PGC,みらくら推し,523,0,8904,580330,4,5,1,4,2,1,2,2,21
PTXCBKWO2,Rr,HK0E91U71,放課後写真部,963,1,8905,580240,2,1,2,6,2,1,8,2,24
6MAGNNNMH,小夜,W41UFD3WA,ヨーズブーケ,106,0,8906,579970,3,1,2,2,3,1,1,1,14
LF10CYOUA,エンオウ,JJ8EPVHMF,Aqours推し,800,7,8907,579880,5,8,4,4,2,3,6,2,34
HACUCDUL6,暇人ライダーRX,UHF5Y8PEF,さやちゃん倶楽部,1005,5,8907,579880,10,10,5,10,4,3,7,4,53
CC34Y8T5U,梨汁,919XF8V2V,蓮之空大三腳,991,6,8909,579101,6,6,5,5,10,5,5,5,47
4XERRJCWB,シリウスブラック,A8BJ5V3ET,はすのそら,674,0,8910,578930,1,4,1,2,2,5,1,2,18
OXBKLK4CM,葵ちゃん好き,FNMV166UY,蓮ノ空喫茶部,1286,15,8911,578890,10,8,7,9,8,7,10,4,63
CYAKNPJXB,kisk,B3638RXDC,ULTLA C,311,0,8912,578800,1,7,8,4,8,1,2,2,33
DBAN28L5A,よろし,23PGPJ3NV,蓮ビギナーの集い,1028,3,8913,578759,4,10,5,8,7,7,5,2,48
4W32D6JVG,aym,M8FM7P139,蓮ノ空ひとり旅部,573,0,8914,578710,1,6,6,3,7,2,3,2,30
HG33VF5J0,hyuna,9XNH0HDBN,蓮ノ空∞園芸部,395,0,8915,578620,2,3,3,3,5,1,1,4,22
Y16V5J5JA,ほとこころ,LUDNM40F8,ふくふく無言OK,1171,2,8916,578530,8,8,6,7,7,7,8,2,53
EXJN53H4K,山城,5T8WRX8CU,217,991,1,8916,578530,9,9,4,6,1,4,7,3,43
Y1AK1405K,ちゃむ,CCACL2CMM,暗殺者チーム,524,2,8918,578080,5,6,8,6,6,6,6,2,45
BE6HFULM5,コーダイ,N34LHVJKN,のんびり堂,1146,2,8919,577900,8,7,6,7,6,7,9,3,53
2R5BUM4JW,戒斗,W9V6VTXAN,梢先輩の歌声好き,270,0,8919,577900,1,4,4,1,3,1,1,2,17
YD3FG353V,あらた,1XX6FWJRB,オートスキップ団,968,6,8921,577750,10,9,8,7,9,7,9,2,61
YKDTAYH8A,Ryo,NLTAB4BLF,蓮ノ空ゆる活動部,726,1,8922,577360,9,7,6,6,6,5,2,3,44
JAU3D4XKR,惠莉露,18YYNRFGA,LotusSky,641,3,8923,577250,6,4,5,2,2,4,2,2,27
IWE8BOATS,あんかけピラフ,GBEJMUFWT,めぐちゃんズ(仮,1186,0,8924,577220,8,6,7,6,6,5,4,1,43
VFW5BAT43,とわ,74C8GY80T,まったりさーくる,757,0,8925,577090,6,8,6,5,5,4,4,2,40
T6E030Y43,unfini,LTAG28AVM,蓮ノ空同好会,1144,0,8926,577049,10,5,8,8,5,7,8,3,54
9R5JGBAT0,テンペスタス,E58EXVMJU,ボクがんばる。,819,0,8927,577000,4,4,6,2,2,1,1,2,22
J7HF4X0HF,ネコ吉,UYCT3Y4JK,蓮っ子,912,2,8928,576640,8,7,4,8,6,5,8,2,48
DGU77C4F9,TANAKAja,GK7JNB0NW,参加賞取り隊,921,3,8929,576550,10,10,10,10,10,10,10,4,74
ZK8FYSTJC,カプチーノ,HDD9DJVTB,Lotusky,346,0,8930,576000,10,7,6,2,5,3,1,2,36
MAE17KGGV,京,7U78F1PXC,微睡み月夜,816,0,8931,575740,7,5,3,4,4,7,1,2,33
XCRBTYZBK,KOS_MOS,38KAJGDGU,異次元シャニP,1365,3,8932,575510,10,6,7,8,9,8,8,3,59
D0XV3UFKV,蓮澤ダイラナ,EYEPHE14G,花上梢頭,513,2,8933,575380,1,5,5,1,2,1,1,2,18
CJHC5HTV5,涼風 涼,6DWJ8JMJH,ばっどさーくる,976,0,8934,575110,8,9,9,9,8,6,8,6,63
UM63YDAJ8,レイナ,J80MEYHBC,Nymphaea,379,0,8934,575110,10,9,9,4,8,8,7,4,59
03YS343AH,陸戦強襲型大納言,95031TR10,ひめぎん文化会館,1033,8,8936,575000,8,8,7,9,6,1,9,3,51
Q3FRRWJMN,金色棉花糖,G0J2F9NAL,さやさやさーくる,1093,5,8937,574840,4,7,5,1,7,7,5,2,38
2HG6CA6XF,ハネジロちゃん,GW4CH70HK,TKG同好会,981,5,8938,574750,5,7,5,6,6,6,5,5,45
IS6NV2JZ6,umineko,UHF5Y8PEF,さやちゃん倶楽部,1022,0,8938,574750,7,4,6,6,6,5,4,2,40
CHGA53CNN,X,976BY5JWK,ハルカカナタ,750,0,8940,574480,8,5,6,3,6,4,5,2,39
H93FCB9RK,トムワイ,G0J2F9NAL,さやさやさーくる,1147,6,8941,574313,8,9,6,8,7,7,7,2,54
NYQTWYLT1,digi,CPT7M02TT,起きられないマン,1233,9,8942,574250,5,7,4,6,5,5,10,5,47
6FUPM12B3,かどあ,X7C21B7H7,泥,1242,19,8943,574000,6,9,8,10,10,7,6,2,58
F6AJ2DWE5,やーやー,3FF3NB77X,せーはす愛好会,1209,8,8944,573940,7,5,5,8,9,5,8,8,55
R3VTZW2I7,フェニックス,Y7KJ3PM8P,蓮すきすき同好会,866,5,8945,573850,10,9,5,9,7,6,9,4,59
NEYVWNR5F,かき,4RNUXBXGL,みらぱ最推し,368,1,8946,573750,4,5,4,2,2,1,1,2,21
VA3YHVRXW,りる,1618JMRED,リンクラ自習室,747,2,8947,573458,2,3,1,4,2,1,1,3,17
HDF3JTWK6,浦の星角打倶楽部,C003CD1RW,☆蓮ノ空クラブ☆,871,7,8948,573400,7,10,5,10,8,4,7,2,53
F8JTB49EN,サブ太郎,HKETDDCK6,ぼっちざ蓮!!,879,0,8949,573040,10,9,6,8,8,7,10,5,63
TJEW3RWUW,蓮浦,XR2599P98,小林,565,2,8950,573000,10,4,5,4,3,4,4,2,36
WDCY6UYNV,とうふ,DVTVV4HL4,蓮ノ空とうふ店,294,0,8951,572774,2,1,4,1,1,1,2,3,15
HMEGU1O4P,ゆー,8VGXWTV3U,R.opRizm,1008,13,8952,572750,10,8,5,9,9,7,6,3,57
6N19GQPRT,まさまさ,N83DW3NYG,†極最強倶楽部†,588,4,8953,572590,10,10,10,10,10,10,10,10,80
D79U275HW,かしわもち,UX96YX4T1,『位置について』,369,0,8954,572500,1,2,1,3,4,1,7,3,22
LUHGUX9PH,MTC001,KA1249N3H,沼津倶楽部,1032,5,8954,572500,10,8,8,8,7,7,9,6,63
EGTUP90C2,星辰,BMAKK6VNN,にゃにゃにゃ,155,0,8956,572320,2,1,2,1,2,3,3,1,15
WWZUMD0Z3,ねんじり,4XRHRYDW4,無言でエンジョイ,1331,19,8957,572050,9,10,10,10,10,9,9,4,71
U4W2B14UT,真玉橋孝一,JDAUTGR5N,花帆ウサギ,1150,5,8957,572050,10,9,4,10,7,7,10,7,64
KY6XLM23X,日向ヒアシ,H6JWBBGCG,蓮天・乙宗一心流,787,1,8959,571960,1,1,1,1,2,1,1,1,9
X3MMC116D,依然曉宸,X19MP0NTT,蓮之空河豚养殖場,1052,6,8960,571870,9,4,4,5,4,5,7,2,40
1FLNXUHW4,ぽよ,7MPNTWKTN,Dreamers,800,6,8961,571780,9,8,6,10,5,1,8,5,52
DGEV4CT9K,きのさき,97BGFLKW9,◯◯◯,152,0,8962,571750,9,10,6,10,5,4,1,2,47
3V3VP28NH,アクアス,LLDLG20UU,UR取り隊,902,3,8963,570880,10,10,10,10,7,6,9,2,64
MYTRRLANJ,Tuma,BVEEDJGKH,さやかの首のあざ,842,2,8964,570750,10,7,5,5,7,6,8,2,50
55G8WOU43,なつふゆ,5NPVVUGH7,蓮すきすきクラブ,1352,15,8965,570700,10,8,10,10,9,8,9,3,67
ZMSIMQGDN,ハレカ,V26546K3D,乙宗気合筋肉,1004,2,8966,570500,4,3,3,1,2,1,9,2,25
UYXAFA85U,トキサメ,PXDL7Y3VM,ビギナーズ改,841,8,8967,570430,10,10,10,7,7,10,1,2,57
BDIF7RDVG,マルセイ,58FD7UF8J,としとしサークル,1211,6,8968,570380,8,8,5,9,8,7,9,2,56
5N1K41UL2,梵幸,AVY8PECF0,初心者の集い,246,0,8969,570250,8,6,7,7,7,8,4,3,50
KAJR3145B,隆太,VEA3655P6,蓮ノ空女学院分校,726,0,8970,569980,7,6,7,8,5,4,7,1,45
0FLL8B1LP,きらら,4WWM4VVDK,蓮ノ空遊戯開発部,996,1,8971,569890,9,7,6,6,7,5,7,3,50
YZLAVELZ5,ブリッジ,5W8RPRVUA,ド！ド！泥！,1072,3,8972,569696,4,9,7,6,7,5,5,2,45
59C1PJ2NW,シヴェ・リア,427WENUC4,心の癒し～蓮ノ空,445,0,8973,569525,3,1,4,1,4,2,1,2,18
85XEVFFY9,海蘊,GYJ3C6TKR,綴理先輩好き好き,705,2,8974,569500,3,4,2,1,2,1,1,2,16
PRME37VDK,サム手羽,X56UR01P9,梢先輩を愛でる会,1292,2,8975,569260,10,10,10,10,7,7,10,3,67
RMN2XRTRK,sora,DALU6BL7L,東方星蓮船,908,9,8976,569170,8,4,3,7,4,4,4,2,36
INBSM6I5V,+PLUS,C68491XHB,みらくらぽーく！,1118,2,8977,569000,9,6,5,8,6,7,5,3,49
MM1LE4HP9,干支,V3FAH8CM4,初心者の会,512,0,8978,568750,10,6,6,10,5,4,1,2,44
07TU74WAB,2代目四駆戦士,7B0W0EWVA,ソロの為の避難所,938,0,8979,568630,8,8,5,7,7,5,8,2,50
33JNHGJUK,あおば,RN8N4JV12,飯山線アイドル,842,5,8980,568499,10,10,10,7,7,10,9,10,73
FJXNK1TFR,KENTAR,VK4MUJ16V,鉄製ダンボール,990,3,8981,568157,8,10,8,8,9,6,7,2,58
HOHL07UQZ,まか,3HDDYR4FU,旅人,1162,9,8982,567640,8,9,6,8,8,7,9,2,57
AM3DYQOEX,しろみど,E1HVJ71JR,ご自由にどうぞ,362,0,8983,567460,3,3,3,4,2,2,2,2,21
X6NC3E46Y,ガストン,9C0KWR782,まったリンクラ,423,0,8984,567302,1,1,2,2,2,1,1,1,11
340WC9E2P,ちたん,RB1MJJ3RA,蓮ノ奏(仮),905,1,8985,567250,7,8,4,6,6,1,7,2,41
Q34MBQRLB,うっみうっみう〜,427WENUC4,心の癒し～蓮ノ空,1214,3,8986,567100,10,10,8,9,8,5,10,2,62
XTJ0F4QAG,ジャスティンの,UVK38MFR2,蓮の虚無サー,1218,2,8987,566920,7,8,5,10,9,7,10,4,60
YRU19UXNE,ぜっちん,4FN0KWB4G,無言参加大歓迎！,844,0,8988,566830,9,9,5,7,8,6,8,2,54
TDQ43V3UZ,K想,HG3YGDXHG,蓮ノ空大阪分校,1069,0,8988,566830,10,8,7,8,7,6,8,2,56
HK3KEESRW,るり@瑠璃乃推し,8FR866PRY,蓮っ子みらくラブ,1255,4,8990,566618,9,7,7,8,7,7,7,2,54
LDXV70KX4,るし,5YXVKDEKV,サークル(仮),460,0,8991,566560,8,7,4,6,7,4,7,2,45
UYJ9261FR,kotora,AFELJ5FWF,こたろう,416,0,8992,566110,8,8,6,10,7,8,8,3,58
19L1WL62X,ヴァーリ,FH54A1HEX,陰のラブライバー,533,0,8993,566020,4,4,4,4,10,2,10,10,48
WDF8E98AU,おちゃのみ,KANLFTMVJ,蓮ノ空中文同好會,1209,15,8994,565930,5,5,5,2,3,6,10,2,38
KD2G96K9L,比企谷小町,BYA3FA0X8,無言ぼっち同好会,471,0,8995,565763,3,5,1,5,3,1,1,2,21
OV810QC3H,さんち,BW38LDPRF,蓮浦の星空,978,6,8996,565390,4,1,3,6,5,7,7,2,35
BXVTWFWDW,SB,A2N4C0FHE,BRSMS,1119,8,8996,565390,7,9,10,2,8,1,8,2,47
C2J639J5J,釣り師,8588YN91J,虹咲学院,811,2,8998,565300,6,10,6,6,7,5,7,2,49
O28DTC414,加賀,1KYR01H5V,きんかんなまなま,1210,4,8999,565030,8,8,6,7,7,7,8,9,60
YDKY8ELMP,あんこ,2B97MH4YA,同じ話し何回も…,484,2,9000,564940,1,8,7,5,3,9,3,4,40
A8DL4G0LD,So-Ya,3YWMY4JVN,82プロ,901,6,9001,564850,7,10,10,9,7,2,6,3,54
4Z781CKQC,ゆう,F2M746D4B,頑張らないクラブ,1170,10,9002,564400,8,10,5,10,10,5,10,10,68
XK4U15TKM,123MB,ULUELCJ7T,なるようになる？,540,2,9003,564250,10,5,3,9,4,4,4,3,42
RT7XJD6MA,ちゃソ,KUVF6HT3A,自由気まま,1001,2,9004,564040,7,9,7,9,7,7,6,3,55
0GTWC8H4B,ヤスオ,YM72HRVCF,ワンニャン部,1203,2,9005,563950,5,5,7,7,6,7,5,2,44
KJ74IVNUR,しゅん,72J5PWU5K,ライグラ待機室,1150,4,9006,563770,7,9,5,9,5,6,5,2,48
95N0DUA8R,ダンプ,D7UA5ER1E,UR報酬欲しい！,251,0,9007,563711,8,6,8,6,7,3,4,2,44
EEF8YBWYN,さこ,1BPH8ARAX,（仮）,713,3,9008,563680,4,3,1,2,1,1,1,3,16
DVSUURRWY,Ibarata,MVMP6NNXD,空き時間らくがき,1179,19,9008,563680,5,7,5,7,7,6,9,2,48
76MISBDIP,oncemoon,866DU609J,ラ！スレ@may,1082,1,9010,563410,6,8,4,6,4,4,4,2,38
KVA687BHK,しょーたろー,EWM0GK62C,誰でもどうぞ,604,0,9011,563250,9,9,8,8,6,5,7,2,54
B353CMTK6,マンボウ,X7YM9EG8K,伝統の石川地酒,453,0,9012,563198,5,6,4,2,5,1,2,2,27
PH0FYAGD5,ろん,KXB93FVTR,ブルームガーデン,997,12,9013,563140,9,8,6,8,7,1,8,2,49
8TJ5IPA58,アカシマ・ユウ,L1VGJTD5P,蓮ノ空お茶会部,1472,4,9014,562750,10,6,9,9,8,7,6,2,57
FEZ9AWWO9,ぴーたん,4HCL7BG63,乙宗喫茶店,1091,14,9015,562510,4,9,4,4,5,8,7,4,45
373MJNHKX,つづり,WBXF9XXW7,さやつづ愛でる会,328,0,9015,562510,6,3,5,4,5,4,4,2,33
B2GHW0MHE,み,3L3TAA862,チーム用務員,1704,9,9017,562250,10,10,10,10,10,10,10,10,80
X5LUAMX3Y,和耳識,YPPDCK9Y7,ちょ,988,3,9018,562240,1,9,6,5,5,6,8,2,42
6CYJPMUHK,ユキオლ•ω •,T2XRMGEAE,蓮根無言会,1059,2,9019,561790,8,7,1,6,6,5,9,3,45
9LV8SRJO9,sake,9EYH317R8,イカトンブライ部,1027,10,9020,561500,10,10,10,6,10,9,10,7,72
6MNT1UYPA,KG,K7JJTMPXB,チケキャン,1117,8,9021,561488,5,8,4,5,9,9,10,2,52
N7EFF81I9,るあま,6H800PBV7,新鮮館,1093,12,9022,561430,9,8,8,7,8,5,6,3,54
NMTLLF222,ゆう,JY79RPB1D,リンクラゆる部,1150,9,9023,561317,7,6,10,9,2,7,10,2,53
3LWOYZYPQ,雪月花,NMFBD39FM,蓮ノ空分室,918,8,9024,561250,6,5,1,3,9,6,1,2,33
UK8I0VDEG,オカタク,DH97ANN9G,ツキマカセ,1111,12,9025,561160,8,8,6,7,6,7,8,2,52
VCNK84YWH,なの,JU476V6K9,ポチッ！,435,0,9026,561146,2,3,1,2,2,2,3,2,17
RYWMTGDGD,Orca,HBK6KCRPP,無言でおけ,1074,7,9027,561070,7,8,6,9,7,5,5,2,49
LX2KSEPRM,あなた,1FU9E90BV,あなたちゃんズ,634,0,9027,561070,9,7,1,1,1,1,7,2,29
0TXVP0K5U,アビビン共和国,JDAG79TG7,百合ノ空観察部,1407,8,9029,561000,8,10,7,7,7,7,7,2,55
XHJV08S4U,アーク,59AK7LJ7A,とりあえず,1029,0,9029,561000,7,7,5,6,7,5,9,2,48
EXK53VFGK,わいえふ,BELCUYCMH,蓮hkg香港分部,298,0,9031,560975,6,2,4,2,4,1,1,2,22
25RHRYIG9,にし,YN8B5JGWA,我思う故に我あり,1334,5,9032,560750,9,8,7,7,7,6,7,5,56
OQVSWE4UG,吉川瑞希,9P9EPKFHE,無言参加OK,1271,5,9033,560530,9,7,5,9,7,7,8,4,56
TJLVUFUDR,ZackJr,HGVHHB78D,蓮ノ空写真部,402,0,9033,560530,9,10,10,8,7,8,8,2,62
MO1BTHG0V,LLLL.s,H1G4CDT6C,無言自由,942,0,9035,560440,5,7,4,8,6,4,7,2,43
O4QTNLQOM,dan,3NRPDD21Y,SoloCirc,993,3,9036,560260,5,4,7,7,7,9,8,2,49
65VWHFP8C,チヒロ,0UTVRAKFL,平穏無言,744,2,9036,560260,4,1,1,2,2,2,2,2,16
11Z3XADM7,どんぐり@,MYTCXJ12B,つーりすと@蓮部,1179,10,9038,560250,5,4,5,6,5,4,4,3,36
941DNEHKG,茱麗葉,VGG1HM53K,のんのん日和,774,0,9039,560170,6,7,7,6,6,3,6,4,45
X1HJV4Z35,brer,WN3LHKX0L,レンコンおいしい,961,6,9039,560170,7,10,7,8,7,7,7,4,57
3LPC3YLDU,葬送のかおぴか,0CBM28JP6,ほうき星,212,0,9041,559630,3,2,2,3,6,2,3,2,23
T8TIB3RYB,跳びポ評論家,D8P64R82T,仮設,1065,14,9042,559250,10,10,10,10,10,10,10,10,80
48UYYMF7S,まい,FJTEG8XV0,ふわふわたいむ,1146,13,9043,559180,7,10,5,7,8,7,8,2,54
EDLV906E4,kato,N1JAJ83CA,蓮ノ空園芸部,691,1,9044,559090,10,10,8,9,6,5,2,4,54
ODNCV6DTF,Robo,UHWA4YLWP,蓮ノ空を見守る会,1069,6,9045,559000,7,7,2,4,4,6,7,2,39
BQLUGS1JZ,マサル,E515TRU1G,起きろ夕霧綴理,1193,12,9046,558923,7,8,8,8,7,4,7,2,51
R1J304VDP,zoom,P0D1M8CBT,いったん,1195,5,9047,558820,8,8,6,9,7,6,7,4,55
67D4H2Y53,ふにゃぎ,FLFXP0T22,沼津内浦メンバー,832,1,9047,558820,1,1,7,5,4,1,3,2,24
KYGWNZWEE,ジン＠,DH97ANN9G,ツキマカセ,969,3,9049,558750,7,4,7,5,4,4,4,2,37
HGENEH7W1,ふるきゅーと,1XX6FWJRB,オートスキップ団,1000,5,9050,558550,8,4,2,6,6,6,10,2,44
7U9AWFF5B,シモンニキ,DULFP3TRN,めぐ党員の部屋,855,3,9051,558500,8,8,8,6,8,9,7,10,64
R4PKE9X1P,白い彼岸花,VA6X5YNNF,スリーズ分家,344,0,9052,558460,10,7,3,7,4,7,1,2,41
GBF224LVG,水瀬 凛,7U4G2VY9K,わくわくクラブ,227,1,9053,558010,2,3,8,3,1,1,2,4,24
57CP6Q8MA,チーズわさび,X33HHA9F8,アルストロメリア,1178,7,9054,558000,9,7,4,6,6,7,8,1,48
ETP7S49DD,ユッキーナ,VD7N7A4WH,氷青色,939,3,9055,557920,8,9,5,7,8,6,7,3,53
A33O83KPV,pack,UHF5Y8PEF,さやちゃん倶楽部,1206,4,9056,557290,9,9,4,7,7,7,8,2,53
N1DDVY9CK,ゆーふう,3FF3NB77X,せーはす愛好会,922,0,9057,557250,7,7,6,7,7,5,9,2,50
3CE54NMTA,Tofu,KGDNX3EF3,ENcircle,851,2,9058,557042,10,9,7,10,10,10,4,4,64
VLVH8HAVC,mityuren,WLFW6UCX5,無敵級ビリーバー,1398,19,9059,556750,9,8,7,9,6,6,10,5,60
T1JEJVVJ1,ほしょう,T8X0G07YB,なければ立てる！,1437,6,9060,556250,10,10,10,9,9,8,10,10,76
YFWPH1A3A,りょーすやぴ..,X34LWGL6R,サークル2,746,2,9061,556210,10,8,6,9,2,9,4,2,50
93GGEHW54,hamowl,E49YWK5YC,酢蓮根,1051,9,9062,556187,4,4,4,4,4,7,3,2,32
HRFWB88VK,划水大咸鱼,DJC4WJXGV,無言出入り自由,208,0,9063,555850,5,8,6,2,3,5,1,3,33
TTA9LHA42,お顔が,1KDUBW4HB,めぐ党0番,766,1,9064,555674,10,10,7,4,8,9,5,2,55
1D7LU9KNW,ダイブツ,76RRURK4N,ソロ専用,931,5,9065,555400,8,9,10,10,3,8,7,2,57
E1JVBRI38,ユキムラ,A73H7ENN2,エロマンガ同好会,1217,9,9065,555400,9,6,5,8,8,7,9,2,54
YYLFYAVFA,ライム,0R8BXPRC1,ポチっ！とクラブ,715,2,9067,555310,9,9,4,9,5,6,5,2,49
JA1LGOYWL,あさがおー,CW8RB7869,鯖の味噌煮定食,998,3,9068,555161,8,7,4,8,5,4,6,2,44
9GV5ZVXZL,ヒカル,UYCT3Y4JK,蓮っ子,1140,10,9069,555040,3,3,3,2,6,1,10,2,30
X12170DCD,かほきち,WPG6BCG83,基本無言,964,1,9070,554990,6,10,1,3,3,2,8,2,35
40C1837S7,むっけん,GYG7B5R36,幼馴染同好会,1303,9,9071,554860,7,7,5,8,10,6,5,3,51
JEJ9AFCBB,shige,2AUM7L9BW,蓮初心者クラブ,754,1,9072,554770,7,6,6,5,7,1,3,2,37
EKVYA2SH9,すのーうぃっしゅ,8UJNTV5BX,のんびりと部,1157,8,9073,554410,9,8,6,7,7,5,6,3,51
D2WHM9LNN,Satoryo,KGFV7AB2J,石川県立図書館,570,0,9074,554230,7,7,5,7,6,4,5,4,45
7RGJF9Y2T,徒町ビッグベル,H6JWBBGCG,蓮天・乙宗一心流,1281,3,9074,554230,2,1,1,1,2,1,1,1,10
MY5PJ66E6,Kula,VLY036Y5B,アフター気になる,613,0,9076,553964,2,4,1,8,2,1,2,2,22
8DMBPD3HC,ヨコ,8MDA3A0AK,イベント用,241,0,9077,553793,5,4,4,3,3,2,1,1,23
BRNT9UWXW,ナツオイ,U98UKD6RY,異次元フェスP,826,1,9078,553510,3,7,8,1,6,7,5,2,39
AKC093Z20,りんか,GR65FP8VN,蓮好き,835,4,9079,553451,2,1,3,4,6,1,4,2,23
X4UY21YVU,まゆげ,KJU0BU77M,無言交流なし,704,2,9080,553250,2,1,5,1,4,1,2,2,18
0R8PPB7EP,ヒロト,NMRKHYYRM,ご自由にどうぞ,225,0,9081,553109,10,7,10,10,10,5,3,2,57
5DH5A9H10,さやかるぅと,PN4VA24XF,みーかるぱーく！,679,0,9082,552970,1,1,2,3,2,1,2,2,14
4D8CYNOJ4,みらの,7PJY920KD,むじな部,1142,5,9083,552500,8,8,6,7,8,5,8,2,52
U3EZ6WK8U,ロロ(Lolo),DULFP3TRN,めぐ党員の部屋,1060,7,9084,552425,9,4,4,4,2,7,4,2,36
KSNKVYXOA,remocha,3FF3NB77X,せーはす愛好会,1166,9,9085,552250,7,5,8,8,8,9,8,3,56
BR1TEFBLT,はったんちゃん,RA1676TKK,蓮の空好き好き部,906,2,9085,552250,6,4,5,9,5,7,6,2,44
C9LL83UWW,ヒロっくす,JA2C658FW,さや綴理の村人,1326,17,9085,552250,9,10,9,9,9,9,10,9,74
K0VEKPK8N,Renren,6045Y2RW7,ポチっと！蓮ノ空,1320,16,9088,552000,10,10,7,10,10,9,10,6,72
H4GKT4ITF,タツ,M851LEV3N,なっす父兄,1311,3,9089,551750,8,9,7,8,7,7,9,3,58
MK074KOFH,にゃおん,18XJRD75L,LLLL!,979,5,9090,551260,6,7,6,10,2,4,10,3,48
JAWWWRWMY,スイカ,CCACL2CMM,暗殺者チーム,331,0,9090,551260,6,8,6,5,4,3,1,2,35
R80M776XY,カナメ,GVT61ATX0,なのだけれど,946,8,9092,551250,1,4,5,1,4,1,9,2,27
LJGLHWWT9,Hiroshik,REUA4H17B,LLLLBR,652,7,9093,551228,4,5,5,1,3,1,2,2,23
KHE3W6BHY,エレン,BPFAT416J,さやかわいい,1243,2,9094,551080,10,8,10,10,10,8,10,10,76
SPEX4APTS,真っ姫癌なう,37N3TNTVB,推しを布教する処,759,3,9095,550450,2,2,4,4,4,1,1,2,20
3WU46EDRT,ユウキ-S,WN3LHKX0L,レンコンおいしい,1015,6,9095,550450,5,8,5,9,7,6,5,4,49
1EL0RHCCV,みがわり,B2KV0EVPD,蓮ちゅきクラブ,1071,3,9097,550180,8,5,4,6,7,7,5,2,44
R4LPMR766,戦闘妖精,WNA5GTJPP,蓮ノ空百合クラブ,1062,9,9098,550000,7,5,6,7,7,5,10,7,54
0TLA56BCL,おれんじ,BH9YH1YL5,ラブライバーの森,982,2,9099,549750,3,1,3,1,4,1,1,2,16
20LU05URC,トナカイ,C68491XHB,みらくらぽーく！,1146,7,9100,549730,9,10,7,9,9,6,10,4,64
D96CUY14A,だだんだん,3F0M4HXJE,蓮ノ空まったり部,1254,12,9100,549730,7,10,8,7,8,7,10,3,60
T0C8EMI40,ほーりー,00T3NXXA9,初心者,984,7,9102,549550,7,9,7,10,9,7,7,7,63
BPUQ4U31F,ウグイス,Y2R7E79U3,カワウソ同好会,1373,13,9103,549190,9,9,9,9,10,9,9,6,70
C9325WMEN,K4,FK5MUK0ET,くる♡すきクラブ,1537,16,9104,549176,10,10,9,10,10,10,10,10,79
Y6NC79REX,shOkun,06DCWC1RE,とりあえず参戦用,1049,8,9105,549100,4,8,4,6,5,5,4,2,38
T06CKV00G,jin,KGG6VMD1R,蓮ノ空本蓮沼の会,428,0,9106,548920,10,10,8,7,8,1,2,2,48
PBCBCK6B2,dorchada,GN9EEL045,きらくに,1096,5,9107,548830,9,3,7,8,8,7,10,2,54
I7DW3DW6N,とくめいこさん,NFMEGRJ45,社畜無言サークル,1169,15,9107,548830,7,6,6,5,7,6,10,2,49
0MQZ69EVO,かふぇ,KDXBTCTXB,かりかりくん,1144,16,9107,548830,5,7,4,5,7,7,10,2,47
ML74F9AAR,いちご,Y3A3M2Y4N,サンクルミエール,734,0,9107,548830,7,8,4,4,6,4,9,2,44
TY8V0CD05,みね,546E85JGG,月猫ぱーく！！！,931,3,9111,548492,1,1,1,1,2,1,4,2,13
J3JX7ZFYM,轟天,XHJLF3R8H,ゆったりプレイ,591,0,9112,548470,1,5,6,4,2,1,2,2,23
23BVBG4P8,薬屋わさび,NC2YT2V28,蓮之愛同予者何人,1350,9,9113,548000,7,10,8,7,8,7,9,2,58
9P05MM27B,ゆおん,GD3W7WPBF,マイペース,319,0,9114,547750,8,6,7,5,2,2,2,4,36
5ULUMRF50,リリティ,30W3RA65G,蓮ノ空自由クラブ,859,0,9115,547637,9,8,5,4,5,4,1,1,37
GVBPHDQ89,TAKA,CPWFKH8JM,私の部屋,1002,6,9116,547570,7,8,7,8,6,4,8,2,50
UD6F8OXH8,しろねこ,0CEA9XFKR,蓮ノ空の泥人会,872,5,9117,547390,7,8,9,7,5,2,1,2,41
0DUUBHB26,おやつ修士,5N6CYD0RB,あぐぽんクラブ,718,2,9118,547300,8,7,5,7,2,1,5,2,37
TULR96TM0,ながつき,YMKU30246,参加賞がほしい,301,0,9119,547124,3,6,6,1,6,4,5,2,33
2SJ5X016H,マキナ,762FM3JV4,一蓮托生,1199,4,9120,547000,10,9,5,7,5,4,5,2,47
K7F5YEAYK,チュンチュン,PHEKJB75C,乙宗四季恋愛㌠,1210,1,9121,546953,4,4,4,5,7,5,4,2,35
8PLTD4PHC,Cacao,097DY95E8,無名,1106,0,9122,546850,7,5,4,7,5,5,9,2,44
TJ47MDXNW,きだい,T56X6LP0L,光の海,822,5,9122,546850,8,10,10,1,7,10,5,2,53
M1VLRX4PE,とつ,57UT319NN,蓮ノ空同好会,800,1,9124,546760,7,9,7,7,8,5,6,2,51
TB482C738,紫吹蘭,F999KJPDR,スターライト学園,997,4,9125,546670,2,7,1,4,4,4,5,3,30
CS5ZSU2XS,李志貴,88DJ300PJ,めぐ党 • 永遠,1026,1,9126,546490,8,6,4,6,7,7,8,3,49
X67QYJMZB,lovela,MV7XM9K9K,行き場無い流れ者,903,1,9127,546310,6,4,1,4,4,1,9,2,31
97V8MNE4D,鼠色猫,WAT20PN3Y,こな党,1523,12,9128,546250,10,10,9,10,10,9,10,2,70
7XG4T3U1N,nbk,F90XW14UP,のんびりプレイ,404,0,9129,546040,4,5,1,1,3,2,1,2,19
OEF1L5FTF,めかぶ,M8FM7P139,蓮ノ空ひとり旅部,1270,14,9129,546040,9,8,8,8,8,8,10,8,67
O8WULT785,めいあ,C791XXLDF,つづさや会,1204,6,9131,545750,8,10,7,8,8,7,7,2,57
CTK7MQP1A,カッキー,MVMP6NNXD,空き時間らくがき,1135,7,9132,545680,9,8,7,8,8,10,8,2,60
5X1KM7FRF,吉田,37N3TNTVB,推しを布教する処,920,2,9133,545590,9,8,6,7,7,4,10,2,53
9KGEH7TF6,たまこ,8MLVA67AK,聖ミリオン女学園,893,0,9134,545500,6,4,6,5,3,1,2,4,31
X18M1GTWY,ゆーき,9E910GGD2,蓮ノ空給湯室,550,0,9135,545250,9,7,5,10,7,4,1,2,45
3X1BVGTUX,あまとう,5V9TDD4NF,みんはや蓮ノ空部,982,0,9136,544690,7,5,4,5,6,7,9,2,45
DUWJPGCA1,こう,G59NGM0XA,シュリーレン,1348,9,9136,544690,2,1,1,1,2,1,1,1,10
61IXBBB71,はしまき,Y4G0KF6NB,無言でやる会,1039,7,9138,544420,8,5,5,7,6,4,7,2,44
NJBC5D0RT,たかっち,AHE0E3JND,ありがと！にひっ,1122,12,9139,544330,8,9,5,7,7,7,10,2,55
HLVRLY2TY,ふぃあ〜,9E910GGD2,蓮ノ空給湯室,633,2,9140,544240,6,7,6,8,8,4,8,2,49
CMP1FCF9B,さとりょー,52FRF8UFW,コーヒー慈ルク,910,1,9141,544150,1,5,2,1,5,5,2,2,23
LU471WASQ,チール,F2CFWVMY9,藤島め組,1471,17,9142,544046,10,6,3,9,4,2,9,2,45
A2YRW5F3F,南知床ことりん,JY79RPB1D,リンクラゆる部,1133,12,9143,543970,9,9,7,5,6,6,9,4,55
CQZWIV9Q5,アラブール,N34LHVJKN,のんびり堂,941,1,9144,543533,7,8,4,7,6,5,4,2,43
DHKAXA5MW,こうすけ,X33HHA9F8,アルストロメリア,915,3,9145,543500,5,5,6,7,3,7,2,6,41
RDMV014Y3,あめ,T045NDKW0,♬さやか愛好会♬,1086,6,9146,543430,6,6,2,9,7,7,4,2,43
8TTDXFM38,手箱,XE8513HNP,喫茶カワウ空✨,775,0,9147,543250,2,4,10,2,6,6,6,2,38
6XNF3G5D3,かえる,Y1X4EG18A,うにょーん,793,2,9147,543250,8,10,6,6,6,6,4,2,48
ATAB30U2H,にったに,U98UKD6RY,異次元フェスP,963,3,9149,543020,4,10,3,4,3,1,2,3,30
T7QJ3C4ZB,侑,G4AJPEJ97,シングル,951,3,9150,542980,7,6,7,6,4,7,7,2,46
T1JT0HPBG,テツライバー,5DRY3TL61,はすのそラバー,578,2,9150,542980,10,5,1,4,6,4,5,2,37
KIMSN6FAG,シトラス,PMM9J5DHL,シトラス,1324,0,9152,542800,6,7,5,7,3,4,5,3,40
CMB0B3M76,でーん,Y7KJ3PM8P,蓮すきすき同好会,703,0,9153,542710,7,2,5,10,5,2,4,2,37
X53CRC1BL,おやつ,213NH0DMR,ディズニーランド,1439,15,9154,542350,1,1,1,2,1,1,2,1,10
R8N2FYBKT,よう,NLPP2YUF9,秘密倶楽部,698,0,9155,542080,4,5,4,5,4,4,5,2,33
RDEVXDAZE,ガイベントヴ,88DJ300PJ,めぐ党 • 永遠,1052,9,9156,541990,8,8,3,7,10,1,8,2,47
FZ3HI1NYS,てぃもうさ,J0N1E3Y09,月火水木金土日,1021,0,9157,541900,5,8,1,10,6,6,7,1,44
8EMALLP8D,ちはや,XHJLF3R8H,ゆったりプレイ,1115,6,9157,541900,6,9,1,10,8,4,7,2,47
TAVGNW30G,ゴー,2AUM7L9BW,蓮初心者クラブ,515,0,9159,541810,4,3,3,6,4,6,9,5,40
IKZ9PQH24,NOBU,PR2BGEK5K,ありがとう大三角,1059,12,9160,541270,7,7,4,9,6,5,8,2,48
RT3XWDXPH,桜花,828YTYAA9,箱推し社畜の部屋,792,0,9161,540968,10,10,7,7,8,6,8,2,58
X7OJBF9RZ,yoshy,YUVK7R51W,萌え萌え倶楽部,718,2,9162,540910,4,5,1,3,4,5,1,2,25
A4ADUARXR,桜木君だお,P09JJKN9R,蓮ノ平日,876,4,9163,540797,1,1,1,1,2,1,1,2,10
EH4I7HBSK,羽田共,FYX2G9RLP,ナナシ,1281,2,9164,540730,9,9,5,10,7,5,5,2,52
ES005O930,ゆー,TX92H9GBV,アフターが見たい,874,1,9165,540455,8,8,9,7,7,7,5,2,53
59GU7TY30,トロンベ,FG4170141,♪さやか愛好会♪,558,2,9166,539740,10,10,8,8,7,1,6,3,53
RC8N2G08N,ひかり,AC94W0LN2,無言で自由に,345,0,9167,539560,1,1,1,1,3,1,1,2,11
73MD83B04,干潟デス,PV0H53DEC,Leave me,839,1,9168,539000,7,4,7,7,1,1,1,2,30
R6E6JMTYK,しゅー*,XYRA2MND0,蓮ノ空ゆっくり,272,0,9169,538750,3,1,3,5,3,3,1,2,21
4DGPVMS8L,カティ,WCL6R1ANU,無所属の会,1093,8,9170,538660,7,8,4,7,7,4,7,2,46
GMV01X4TX,ひな,NCX28D4VB,Lyric,1100,0,9171,538570,8,5,5,8,7,4,5,1,43
PJ790HMGB,honbob,Y6MRDTH4H,283プロ,177,0,9172,538403,3,7,10,5,6,5,2,2,40
L3HUKVLHV,クラウド,1KDUBW4HB,めぐ党0番,322,0,9173,538390,3,2,1,3,3,1,2,2,17
WZ6IB9JWX,はるひん,DF7FA982P,蓮ノ空百合部,980,2,9173,538390,5,1,1,1,6,4,10,4,32
8Y4PD7ACT,SPhenix,X7C21B7H7,泥,1010,12,9175,538300,10,7,8,10,7,8,6,6,62
9PVC0G2DR,あゆまる,140KD31KJ,個人サークル,478,0,9176,538210,10,7,6,5,6,4,4,2,44
7XVXJECEJ,ルナ,573J1JVVK,かほかほ,891,4,9177,538030,9,10,7,7,4,5,5,2,49
QIFZ9TI1M,宗方蒼一,9E910GGD2,蓮ノ空給湯室,968,4,9178,538000,10,2,1,2,3,2,1,2,23
RTT5VTGFR,やまだそらまめ,8588YN91J,虹咲学院,1144,5,9179,537850,1,8,1,6,3,7,7,3,36
GZBKRGEG0,キラキラ星,J7N4W6Y1K,こずミックラブ♡,1525,6,9180,537750,8,8,2,6,7,7,6,2,46
UJ81LH3GF,ちは,LC2RN5R2U,いずみんの泉,411,0,9181,537670,1,1,3,2,3,1,1,2,14
WJLQ08DTW,Maho,GFN8ACPAC,自由に遊ぼう,993,4,9182,537220,7,7,6,7,6,6,6,2,47
K7U638T6V,むつき,WLFW6UCX5,無敵級ビリーバー,1331,18,9183,537206,7,8,6,10,6,7,10,9,63
YTXFZZ0AG,ハッスル北村,TR057C1UW,蓮ノ空ぼっち部,796,0,9184,537035,5,6,1,5,6,5,9,3,40
N4LA4TGFN,経済効果,7X71T9R7J,憩いの場所,529,0,9185,536860,10,10,10,5,4,6,6,2,53
L6A36K16J,なりり,FK5MUK0ET,くる♡すきクラブ,1612,17,9186,536590,10,10,10,10,10,10,10,10,80
SZPCUZRFP,ゆめぴ,4HCL7BG63,乙宗喫茶店,1353,19,9186,536590,7,8,6,8,7,7,7,3,53
0PZEK8HMC,しまかぜ,G8F0M2PH2,アフターウォール,1085,5,9188,536500,5,8,1,9,7,3,6,3,42
2CR6V9J3B,宮永咲,YADX9DY49,ﾊｽﾉｿﾗｰ,1175,4,9189,536351,6,10,6,7,5,5,6,2,47
9PCRA31CJ,もっこー,N0EXH1CM1,ぱちぱち徒町,940,2,9190,536250,6,8,7,4,7,6,7,2,47
D6GF6AWNF,かずは,639NXLKJ5,Lotusky,782,2,9191,536180,8,2,5,2,3,1,4,2,27
8KB2J03U1,昴,ELVJFHBUT,花帆めぐ推し,292,0,9192,536009,10,4,1,10,2,2,2,2,33
08KPE3NFP,とら,U1X8XUL9G,イベント用？,742,2,9193,535780,8,6,5,3,2,2,2,2,30
77Y22RN5P,デルタ部隊,PNKCBFP4B,おばんです,907,1,9194,535690,6,7,7,7,6,4,4,2,43
8F1YD6YTY,かん,TF526VPFB,ファイトクラブ,930,1,9194,535690,10,8,7,9,9,5,9,4,61
VD06I6TH1,Chiaki,GFN8ACPAC,自由に遊ぼう,967,2,9196,535600,7,8,4,8,6,7,6,3,49
G1MKA9PX6,ヒトカゲ,TWJ862EPN,こにゃとも,567,2,9197,535330,8,4,4,5,6,4,2,3,36
XKNJM2UG4,神威@,ANCNM0UPK,スクスタ適当部,913,0,9198,535240,7,8,6,7,2,4,5,2,41
BU5P13TUR,SHOGO,L6MF2MPBN,みらくらぱーく党,806,1,9198,535240,7,9,4,9,6,4,7,3,49
TJWQE47VQ,JBB,9D722M8KC,蓮ノ空同好会,788,2,9198,535240,9,7,5,8,7,4,8,3,51
ZB4PX93C4,蓮中✿アラモード,N752V1LD6,思想の溜まり場,1045,4,9201,535150,1,1,4,3,2,6,2,3,22
O0GB1GF3V,もぐもぐ,KULVP7FDR,アニマル分室,1308,15,9202,535060,10,10,10,10,9,10,10,9,78
Y4VE9UTA9,ぱ,213NH0DMR,ディズニーランド,1159,0,9203,534970,7,5,6,6,5,5,5,6,45
QACAH8V3J,あす,UCF93JAPM,スワンプマン,966,4,9204,534812,8,8,6,8,6,7,8,1,52
TRW8SMXMX,ミアムジ流行る,58FD7UF8J,としとしサークル,1213,8,9205,534790,6,7,7,8,8,7,8,2,53
3USP6TBAI,ヤンバルクイナ,E437YDN05,スリケスぱーく,1122,12,9206,534750,1,4,1,9,4,3,3,2,27
V38XCV654,だんぞう,MWHJ339TF,葉山エターナル,988,1,9207,534700,9,7,4,7,7,7,10,3,54
JV9VB8V72,ありのり,FWL85RGG7,ひとりぼっちーむ,201,0,9208,534641,7,6,9,7,4,5,4,3,45
3REC2E6JE,フクマサ,FR5PDRB5Y,株式会社つづさや,278,0,9209,534470,4,1,5,4,5,1,2,3,25
DFX7PHKYP,MM,9YG7C0VM7,綴理と無言で昼寝,1525,19,9210,534430,10,10,10,10,10,10,10,10,80
VTLEFYLJ8,はにまる,2VJG66JTH,まったり,1154,1,9211,534340,7,6,4,4,8,4,5,2,40
0TNYWE6QD,TTH55ch,TR7ME55NB,スキップ連打部屋,905,2,9212,534160,10,8,6,1,5,1,9,2,42
H2BGR0HRQ,Shino,YADX9DY49,ﾊｽﾉｿﾗｰ,1301,0,9213,534128,10,10,10,9,9,8,7,4,67
GARL762FP,ICH,MVMP6NNXD,空き時間らくがき,1302,9,9214,534000,8,10,8,7,8,7,10,3,61
W5MZUUSME,釉薬,XLBU65J86,花の壁飾りクラブ,1184,9,9214,534000,6,7,4,8,7,7,8,4,51
VD14QOUN8,シオ,4GWA0DFUJ,蓮ノ空支部,448,0,9216,533980,4,3,3,4,2,2,3,2,23
KB32RYPXE,りけ,3X8412GRF,squirrel,1101,5,9216,533980,10,7,1,10,6,6,5,3,48
17S6DJZC4,桜陽炎,HBCC35887,そりゃー!!!,808,1,9216,533980,7,8,7,5,7,2,5,2,43
YFMP0JMBE,aspas,GYG7B5R36,幼馴染同好会,843,2,9219,533530,1,1,3,10,3,1,2,2,23
JZ02RGHB6,Haruna,W189BP629,みんなのみかん畑,1035,10,9219,533530,6,8,5,6,6,6,8,2,47
RUZD4J29R,カップ,FNMV166UY,蓮ノ空喫茶部,1374,18,9221,533102,10,10,7,8,8,8,7,3,61
SFQD6ERP6,ひっきー★,3A63DYH54,LLすこすこ部,1034,2,9222,532810,5,5,5,6,7,5,8,2,43
4N8GCN6DM,ざん,0GALMLWK6,ボクなんなの。,510,0,9222,532810,1,1,1,2,2,1,1,2,11
CAVJVXUEG,くりぼー,V8XX999F6,卍蓮村幼稚園卍,627,0,9224,532589,1,7,4,4,2,4,1,2,25
DYY5UB5XG,ミツキ,F2CFWVMY9,藤島め組,1445,12,9224,532589,3,2,2,1,2,1,1,1,13
ZY8747WQT,みらい,CXG25026E,泥のみんなS,1140,15,9226,532540,4,4,4,4,4,4,2,2,28
LW7Y0NXTL,jam,F8MLHU2NV,乙宗梢様､､､,1329,18,9227,532500,10,9,9,10,10,3,9,4,64
12NCD1C51,桔梗,2AUM7L9BW,蓮初心者クラブ,1035,9,9228,532360,10,9,8,8,7,6,7,2,57
H8LHXLWFK,むささび,CJWR9P8LM,花帆さん愛でる会,930,2,9229,532090,6,6,8,1,8,5,8,2,44
RMOJP9CN2,灯里,97BGFLKW9,◯◯◯,766,0,9230,532000,5,3,6,5,5,4,1,2,31
IJZBJEALV,シンク,FTUJJ5KM9,無言◎私生活優先,909,2,9231,531500,6,8,4,4,4,4,1,2,33
1T9TQ1X2C,だれす,3F0M4HXJE,蓮ノ空まったり部,990,3,9232,531460,6,5,9,8,4,5,7,3,47
3RFQOVAIL,両手にあいす,V7768X8AC,せーので！,1218,7,9233,531370,8,8,4,8,7,7,9,3,54
1LWEEFUTJ,ck16,N34LHVJKN,のんびり堂,735,2,9234,531100,8,7,6,8,6,7,6,2,50
KWGD1YANN,さんげ,B6KWXGHWH,蓮ノ空SIFC,1252,2,9235,531050,10,8,7,8,7,7,8,2,57
26JE4SRCZ,TKS,6ATNDH9J0,浦の空,934,4,9236,531000,1,6,1,4,6,1,9,2,30
3582AAJ3F,コジコジ,EMAN1DMK8,いつものメンバー,1066,5,9237,530750,7,5,4,5,2,1,9,2,35
8DYJR5UCP,約束,9VDEWVP01,瑠璃乃の集い,183,0,9238,530470,7,7,10,10,4,5,3,2,48
RT7C36VS3,リリカノ,KA3D805XV,綴理の寝顔守り隊,677,0,9239,530366,4,1,6,5,3,2,4,2,27
F3KQ4QYP4,りゅーや,G9PDJV386,蓮ノ空初心者,865,4,9240,530250,9,4,7,6,1,7,1,2,37
D1PJ2AL6U,yosky,9YG7C0VM7,綴理と無言で昼寝,805,4,9241,530200,4,5,6,10,6,2,4,2,39
BGK8N7CUY,やしき,6FWRD1K40,いちじょ海賊団,1145,7,9242,529930,9,10,4,5,7,5,4,2,46
HMPVLCCMQ,かなたゆむ,GYEJHDWC2,すいみん部,1146,8,9243,529750,8,10,5,6,7,6,10,6,58
8G4DCK2B6,しゃちくにーと,J5CKL5YPX,ログイン勢かもん,914,3,9243,529750,2,2,1,7,3,7,1,2,25
YP6CKFD1T,片瀬　凪,XYRA2MND0,蓮ノ空ゆっくり,756,0,9243,529750,10,10,7,9,5,4,9,4,58
LKU7T3M61,ゆずころ,E58FYF67C,ロータスランド,1143,3,9246,529511,6,1,7,7,6,7,6,2,42
J9554U643,みさおちゃん,Y8GC9UAGM,ひそかに,1281,13,9247,529210,10,9,10,9,8,4,9,2,61
60HF6MPEV,Eatfan,26JDLMBLN,徒町は強く生きる,557,2,9248,529030,1,5,5,1,5,1,4,2,24
FKW3IFEXR,はやぶさ,T56X6LP0L,光の海,1075,1,9248,529030,10,10,10,10,10,8,8,8,74
ED7L6JEBW,つぶみかん,AHE0E3JND,ありがと！にひっ,1390,10,9250,528940,10,10,10,9,9,9,10,9,76
I7Y8DXQB9,ピロピロ,JA2C658FW,さや綴理の村人,1140,0,9251,528827,8,9,4,9,6,4,9,2,51
17FFN2OLK,あまぎ,TTEDCBRPG,あずき,144,0,9252,528760,1,2,1,1,1,1,1,1,9
ZVFUKA8NY,Berto,TKVR3KU7L,ネギトロTKG,1016,3,9253,528580,5,7,4,5,6,5,8,2,42
L871ZIGOX,花宮初奈❤️,4WRYNBWU1,小さな蓮ノ空,979,1,9254,528400,4,5,5,5,6,5,8,2,40
BMTMYL0N2,わたみほ,GN9EEL045,きらくに,576,2,9255,528250,10,8,3,9,5,1,2,2,40
9EYDLCSBD,ふれでぃ,8KH5HV93T,一人ですけど。,1034,13,9256,528040,10,8,7,10,5,5,6,2,53
790R5MUEX,緑茶,HH93ADAW3,無言自由。,538,0,9256,528040,5,5,3,2,4,2,2,3,26
HTK7NDY10,さくら,VD7N7A4WH,氷青色,890,8,9258,528000,2,7,1,1,3,4,2,1,21
VME0MPK46,ゆゆゆ,U57VPUTEE,ゆったりクラブ,846,0,9259,527972,7,8,6,6,7,4,2,2,42
3198VX7GH,MARUYAMA,GK7JNB0NW,参加賞取り隊,639,3,9260,527860,3,2,2,1,4,1,1,3,17
6H8M0NP14,ジョージア,865UE9UC6,蓮ノ空うどん部,867,2,9260,527860,7,5,7,5,5,4,8,2,43
VGC8B8FXR,スクフェスの亡霊,FJMA5BPPE,蓮ノ空すきすき部,658,2,9262,527801,4,10,4,2,6,1,1,2,30
BV0VQAFLC,はなめぐ,43HRXMXWA,無言OKクラブ,952,0,9263,527770,5,6,5,8,6,7,5,2,44
EFAFJ2XWR,とうもろこし,63AKA05VR,まったりGngy,811,0,9263,527770,2,5,6,6,6,1,8,2,36
8KLEBHD72,Kｰri,HXVYGL96H,初々しい対抗戦,354,0,9265,527410,1,1,1,1,2,1,1,2,10
P6X8VR50H,希望的プリズム,VNEY6C9BE,スリーマーメイド,998,2,9266,527320,10,10,10,10,10,10,10,10,80
4523S78IN,ヤス,YL2ELYC4U,さや…好きだよ…,1123,5,9267,527117,8,9,4,7,7,8,5,2,50
ZMFLXJQTK,凛曜丸,Y5J5Y90CD,まるまるサークル,1032,6,9268,526870,7,6,3,4,5,8,5,2,40
K65UUW1TF,ドジビロン,6FWRD1K40,いちじょ海賊団,987,2,9268,526870,5,5,5,3,7,1,5,2,33
9YL4K9KT4,ハル,7AATUNUPE,無言サークル,1291,4,9270,526604,4,10,5,9,6,7,4,2,47
6E4BLG78B,Lv1,74HPWML1R,VALORANT,1033,9,9271,526420,8,8,8,10,9,8,10,10,71
XK9LF6MG5,バンチョウ,TX92H9GBV,アフターが見たい,957,1,9272,526330,8,9,5,6,8,7,9,2,54
2RB81C33D,りょうま,06DCWC1RE,とりあえず参戦用,387,0,9273,526240,3,4,1,1,4,1,3,2,19
M1BTUERXT,せんと,LAKRG5NK9,ログイン勢,919,3,9274,525970,8,8,6,6,8,6,5,2,49
E1ECVJ7T1,にゃんこ先生,74HPWML1R,VALORANT,507,0,9275,525750,4,10,10,10,9,8,5,5,61
Q5P1IM6R0,Reisalin,VNEY6C9BE,スリーマーメイド,470,0,9276,525500,6,4,4,4,4,1,1,2,26
3EED4IW5Z,タリーヌ,6TP7J2E6G,Orenge,1100,6,9277,525340,10,9,9,6,7,8,8,5,62
0X1JUTHDE,みわぽよ,VN1LXEHLR,綴理、愛,344,0,9278,525250,1,1,1,1,2,1,1,2,10
YGFKYU43C,タクト,05KN1RR3U,さやかほ花卉園,1006,6,9279,525160,8,8,5,4,4,7,10,2,48
XAWE5NVNJ,あゆみ,NCX28D4VB,Lyric,1088,0,9280,525070,7,6,5,5,6,6,6,1,42
5RDWDT1NH,まっつん,C2XLWUTL1,夕霧綴理親衛隊,986,2,9281,524800,5,5,4,6,3,5,4,2,34
DNWNJP4WD,なかたに,PUJ0ERCMW,蓮ノ空倶楽部,765,2,9282,524723,6,6,7,7,6,2,1,2,37
CUPAY65V3,水甲,DYTW8H2KA,めろんおいしい,675,0,9283,524170,10,10,5,7,5,7,5,2,51
3C7F0W4RG,かっつー,TCTEAMP9C,虹ちゃん最高！,774,0,9284,524000,4,9,4,5,3,6,3,3,37
U9MM27R4D,柏木　耕一,G8F0M2PH2,アフターウォール,1217,0,9285,523810,10,10,6,10,8,5,9,2,60
BZ8INXWAZ,アリス,YAY2UK2CT,蓮の空研究部,1351,4,9286,523750,8,8,6,7,8,7,9,3,56
OIPG5U1Q7,RX78-217,GVNKNN878,Aqours,937,2,9287,523360,10,7,7,8,6,6,5,5,54
PW93XEVWR,まにゅ,KED9KEP60,G's至上主義,597,0,9288,523270,8,8,5,9,6,5,5,2,48
FPPBHHXDK,きゃりー,E12PR824F,ゆるっと蓮ノ空,328,0,9289,523184,4,1,4,1,4,1,1,1,17
701WFGVYP,ひろきち,R801YPW1C,さっぱり塩ダレ,1034,2,9290,523180,7,6,5,7,4,4,7,2,42
18EK1KJMN,萌田時絵,1U4JN5CXB,LLユーカー部!,743,4,9291,523000,9,9,8,7,3,2,4,7,49
NXJB9FHJA,おっぴっぽ,F31A07X4V,蓮ノ空福井分校,1000,5,9291,523000,8,5,8,7,8,1,7,2,46
NWG9XR3JA,けい,RM7N1JDB5,無言推奨不干渉会,1223,19,9293,522750,8,7,10,6,5,3,2,2,43
TUP687X6M,けたぽんず,762FM3JV4,一蓮托生,1054,0,9294,522730,8,4,5,4,4,4,4,2,35
GPJFM7GOY,アステ,30W3RA65G,蓮ノ空自由クラブ,884,0,9295,522671,5,8,7,7,8,5,5,2,47
NIQRV9NQA,kankon,X34LWGL6R,サークル2,1321,8,9296,522500,8,8,7,8,7,8,9,2,57
9C6HGR0YR,llenn,M6UPWJ6DU,蓮結ぶ虹と星の音,1375,19,9297,522250,10,10,10,10,8,6,10,2,66
IAISIVHFR,EBIOS,6YTAMD33M,リリエンフェル党,1264,2,9298,522190,8,8,6,6,6,5,7,2,48
06GBNP9CN,かな,3RH5MYBXV,こずめぐ党,484,0,9299,522010,7,10,10,2,10,8,5,2,54
PCGHLPGNS,マネモブ,EKACCPWWB,タフノ空学院,1116,4,9299,522010,8,8,8,8,4,5,8,2,51
7C9PIZHPF,あまかん,EJY6B26D1,After見たい,586,0,9301,522000,8,9,10,9,8,10,8,3,65
TLMXGVAF3,たちぇ,CJWR9P8LM,花帆さん愛でる会,978,1,9302,521987,8,5,6,8,7,7,9,2,52
5CDGHVBXU,つきみそう,R9NGK6L48,のんびりサークル,621,0,9303,521816,5,5,1,5,6,5,9,2,38
TJIGPWLPR,Vanilla,8FR866PRY,蓮っ子みらくラブ,1195,9,9304,520840,9,9,7,7,8,7,10,3,60
XRXH66R95,yumecan,RN24L196L,るりーーー,466,2,9305,520790,5,4,7,4,3,4,2,2,31
HITGMVHPO,としゆき,M44P06CH5,つづさや見守り隊,811,3,9306,520750,6,10,8,9,6,5,8,3,55
WWKA4AE2E,中野かずさ,A7WWE0463,蓮ノ空初心者部,473,0,9306,520750,10,10,5,10,7,6,8,2,58
141TMWM0F,シロクマ,BUTB1MFNY,みうち,843,6,9306,520750,8,8,10,10,10,8,7,4,65
ZAIWKYB0X,シリウス,R6XT8CU24,りんくらぱーく！,945,0,9309,520619,10,10,7,10,2,7,4,2,52
WS2RTSZ6D,MrTenX,N1JAJ83CA,蓮ノ空園芸部,1059,8,9310,520570,7,8,5,6,6,5,8,2,47
OWXNRXL4H,あかさたな,NMT63RUDV,泥村,1409,6,9311,520480,10,10,10,9,10,9,10,9,77
H7XL66LYR,********,73CBYJYB0,"oNM,",1352,4,9312,520210,9,6,5,7,6,5,7,7,52
M4XUIOIML,ようスケ,BW38LDPRF,蓮浦の星空,769,3,9313,519760,1,1,7,1,6,9,3,3,31
98NR8D77N,P,0CEA9XFKR,蓮ノ空の泥人会,824,0,9314,519670,8,6,3,2,3,6,6,5,39
BHDGYJHGK,Star7231,5GLTCW4YR,さやひめ愛好会,884,0,9315,519593,8,6,5,8,6,4,9,3,49
067EAD2RU,時崎咸鱼三,X33HHA9F8,アルストロメリア,929,8,9316,519580,5,7,8,7,3,6,1,4,41
50SPKC7CX,りら,WBM6R0WVJ,蓮ノ空生花クラブ,503,2,9317,519251,2,5,1,1,1,1,1,2,14
FG5V3WWXV,HX227,4FUC2DLL6,XX,382,0,9318,519220,1,1,1,1,1,4,2,2,13
HUY9TGERG,おげん,6YTAMD33M,リリエンフェル党,470,0,9319,518750,4,4,10,5,5,1,8,2,39
0JMD40NBG,群馬のししゃも,LH2EJP7HF,あふたぬんてぃ,977,1,9320,518680,8,5,5,8,7,7,7,2,49
5SY73MXMH,ましゅまろ,3HDDYR4FU,旅人,558,4,9321,518500,1,1,3,1,4,1,2,2,15
52L611H2N,きむひこ,0AYJF4RJ6,無言,998,1,9321,518500,8,4,7,8,6,4,4,2,43
8LENGJSQS,ヒイロ,LK3P80BUN,スリーズブーケ党,980,1,9323,518250,8,4,4,6,6,6,9,2,45
9JG8HTETH,え,KGY709ULG,蓮の花束,534,0,9324,518140,7,8,6,7,6,6,4,2,46
7PRDYM338,プリティ洗濯機,8JMW9G2XW,僕らのリンクラ！,1110,3,9325,518000,6,7,5,2,6,5,8,2,41
JQNNRP875,ムルブン,8M6UDX260,ぽけもん好き,822,1,9326,517870,4,3,4,3,2,1,2,2,21
R1919C1U5,ゆきのふ,HXVYGL96H,初々しい対抗戦,881,0,9327,517420,4,4,4,7,7,1,8,2,37
MMA6PU87C,透明,WLFW6UCX5,無敵級ビリーバー,1039,10,9327,517420,9,5,5,8,7,6,8,2,50
HMAD3DGOC,おみつ,0CEA9XFKR,蓮ノ空の泥人会,1155,7,9329,517330,7,9,5,7,3,7,10,2,50
IDX4QYZGM,せの,WLTWDT50K,せのさえ,987,10,9330,517250,7,6,4,9,3,6,5,4,44
6A4UFXJXC,おのまぁ,YMKU30246,参加賞がほしい,268,0,9331,516857,5,5,4,3,3,4,2,3,29
RALSRZSB5,☆☆RIKU☆☆,V26546K3D,乙宗気合筋肉,1218,7,9332,516750,9,9,7,8,7,6,10,7,63
TZ5IJRWAY,かみうえ,6CC83J3EJ,蓮之空台灣分部,962,3,9333,516686,1,9,3,3,4,7,8,2,37
UVWHE6R8E,LEAF,FNMV166UY,蓮ノ空喫茶部,1248,12,9334,516500,8,10,7,6,5,6,7,5,54
5C2UV7E85,しょーたッ！,P2J37FNLG,乙宗先生指導会,503,3,9335,516430,10,8,10,10,10,7,7,7,69
U38CWGV7P,Yunomi,Y2R7E79U3,カワウソ同好会,1026,1,9335,516430,7,7,4,7,6,5,5,2,43
2UVJMX3W8,ひよた,8J1GJT2BC,近畿の大金沢,901,2,9335,516430,7,7,4,5,7,4,5,2,41
U95MA1P2F,うりゅう,UX96YX4T1,『位置について』,762,2,9338,516344,1,1,1,1,2,1,1,2,10
P72UV8U7W,かりんとう,E515TRU1G,起きろ夕霧綴理,958,4,9339,516173,4,4,4,1,2,1,1,1,18
FJ0RXVPW8,単純細胞,ABALH0AL3,楽園計画,844,2,9340,516002,10,8,10,8,9,6,7,4,62
15TMK5E88,花太郎,E7UBFLW56,同好会の同好会,961,6,9341,515750,6,6,8,10,6,5,5,2,48
23JP5PC89,えらー,B1KYU3XF8,LG lotus,1373,4,9342,515489,10,10,8,10,8,9,10,5,70
D72U3FBMZ,つきみねこ,DFFYFJ2B6,つづさや好き過ぎ,1010,4,9343,515440,4,8,7,7,7,4,9,2,48
SFARJLCNN,NEGEVLMG,4FN0KWB4G,無言参加大歓迎！,450,0,9344,515318,9,5,5,6,5,5,6,2,43
NBJKM2TFJ,みんと,PPAHU1TNY,蓮ノ空のんびり部,1187,8,9345,515170,10,10,8,8,7,7,8,2,60
96OD5YL8T,Olivia,EECF9C0N3,蓮ノ空　茨城分校,671,4,9345,515170,3,3,7,3,6,1,1,3,27
33ETR02JL,歯間ブラシ,CENJPPK6P,ジブラルタル教団,877,2,9347,514540,6,10,1,7,1,1,10,2,38
1T63CNUKY,かおす,CP3KWKH07,まったり社会人部,387,0,9348,514360,7,1,7,7,2,1,9,2,36
YHDEWC224,始祖鳥,C021HVB2B,第3芸能科,563,0,9349,514121,10,6,10,6,5,8,5,2,52
41V8FYEBE,かいわれ,MD802VP2H,専門演習F4,962,0,9349,514121,10,6,8,4,8,6,5,5,52
3HMHJHD6L,櫻花草,KANLFTMVJ,蓮ノ空中文同好會,788,0,9351,514090,5,7,5,6,6,4,5,2,40
BM06VB0WT,GRTサスケ,MG1G6F487,蓮ノ空無微課金部,919,0,9352,513910,3,4,3,1,6,4,1,1,23
0T7WNKU5V,Eve,PMME7169X,蓮っ子動物園,1213,4,9353,513500,6,10,5,8,6,8,10,5,58
NKEBKLRKA,ガルベス,5VBB4F8N2,灰色ペンギン,857,0,9354,513370,10,10,9,6,7,6,9,6,63
UHLB6W1XR,花繁,YL2ELYC4U,さや…好きだよ…,171,0,9355,513095,6,1,1,3,4,1,1,2,19
N4B35F3H9,サミュエル,7B3KWKBPX,かほめぐ至上主義,302,0,9356,512560,4,1,1,1,2,1,2,2,14
Q12WIIUNS,ひろっち,PD80VCP5N,虹ヶ咲学園,1010,2,9357,512470,7,8,7,7,7,7,8,2,53
AU5QG1UFD,バサラ,WX1DYC9Y1,ラナンキュラス,1244,15,9358,512250,4,4,4,1,3,1,1,2,20
1EQF0CV2T,たきかぜ,XR2P2LDY3,蓮ノ空さいきょー,1198,4,9359,512020,9,8,6,7,8,6,9,2,55
J7SD5K9OS,U-ray,YLFDF7K69,超内輪,659,0,9359,512020,9,9,6,9,8,7,6,6,60
508WKDTCW,トキメキ高咲ィ,JC1YYRXMB,フリーダムな蓮,702,0,9361,511930,8,4,5,8,1,1,4,2,33
PEM9EFPCB,ひつじ,ABALH0AL3,楽園計画,949,9,9362,511750,7,6,8,9,7,5,1,2,45
5E8DWPHF2,ナーシ,UCWKRB3WR,菅沼千紗が大好き,583,0,9363,511727,8,7,5,7,7,3,8,3,48
BT3VWST3Q,かりぴたん,646YTH7KK,KA,1067,1,9364,511660,9,9,6,7,8,7,9,2,57
DL45WBFL7,アオイ,JWUL2T36L,チーム初心者,474,0,9365,511556,5,5,9,4,3,10,10,10,56
3HK7YQAIO,けい,BELCUYCMH,蓮hkg香港分部,454,2,9365,511556,6,4,6,4,4,4,1,2,31
375OO0EON,大懶猫,HK0E91U71,放課後写真部,1385,0,9367,511480,9,10,6,7,4,7,3,2,48
7AFPACFJU,猫machi,TFGKYEY98,LLP JR,1051,3,9368,511043,9,9,7,10,7,8,10,8,68
LMRPCW71K,いなほ,LT9K2FP23,慈党リンクラ部,784,6,9369,510760,1,4,1,1,4,1,1,2,15
BSGYZH9IA,komi,40BG47FLT,天才＝オレ,1149,17,9370,510359,8,10,5,9,4,4,6,2,48
WCKPWJM1R,アルファ,ABU58EVJ2,Quatuor,862,4,9371,510310,6,8,10,8,7,4,5,2,50
NLEPT5Q1U,シャルロット,998H940YN,お嬢様筋トレ部,1066,5,9372,510130,1,5,1,1,3,1,5,1,18
LSQBX62I2,へもんじ,58FD7UF8J,としとしサークル,1074,2,9373,510040,8,8,6,10,7,5,7,2,53
DU8D8Q1RZ,KOH,F8MLHU2NV,乙宗梢様､､､,1294,9,9373,510040,8,8,7,8,7,7,8,6,59
PJTWF39OC,レドラ,A3472CNJE,ハントン✿ライス,1248,4,9375,509860,7,8,7,8,7,7,7,1,52
ED11ERLGE,South,07JW71HWG,良いチケで観よう,1454,11,9376,509750,10,10,10,10,10,10,10,10,80
5N2VKN2D8,カズキ,DFFYFJ2B6,つづさや好き過ぎ,872,6,9377,509680,4,4,6,8,5,10,7,2,46
8CC4G6C7W,まこ,54UAWUBHN,リンクラスキ♡,247,0,9378,509320,1,2,1,1,2,1,1,2,11
4OYDSG94A,まさお,3HDDYR4FU,旅人,1340,15,9379,509230,10,10,5,9,8,7,10,3,62
SZ6AC1Z1Z,ハヤテ,2VJG66JTH,まったり,1324,16,9380,508960,10,10,9,10,9,8,5,3,64
9WRC91ZJF,けーじ,G2BWENR1C,せーはす応援団,1134,2,9381,508690,4,5,1,5,6,5,7,2,35
T2YHMA9BC,life0,VXDPPJJL1,蓮ノ空リボ課金部,1138,0,9382,508649,4,8,6,6,6,3,9,2,44
U33G1BU10,T.Y,C52VR77BJ,イベント参加用,295,0,9383,508600,5,10,7,10,7,5,4,2,50
3K7BQP0DF,ムー大陸,LFY1X9E0X,デカルト,1027,3,9384,508510,7,6,4,7,5,6,7,2,44
FHX56MG29,桂馬,AA74NLRYD,蓮ノ空高等科,252,0,9385,508330,5,4,4,6,8,1,1,2,31
F85C5N9CY,Fragture,WBXF9XXW7,さやつづ愛でる会,355,0,9386,508150,9,7,4,10,7,4,7,5,53
AFVW1DH87,mofu,BTVC9G95X,FES用,1101,2,9387,508060,6,7,6,7,6,5,10,2,49
WBBYP3NM0,cosworth,ULUELCJ7T,なるようになる？,1195,13,9388,507880,10,8,7,3,6,3,5,2,44
7JZES5BTH,蓬莱,HGRP0LCCF,あなたの傘,910,2,9389,507790,4,10,5,6,4,6,4,2,41
YA1PBGUGB,ばにー,NT2KU5174,こずかほ。,1191,7,9390,507500,8,7,8,7,7,7,9,8,61
89GE1X1KP,リーエ,N1JM7M3YC,丘側,1076,7,9391,507452,7,8,6,7,9,5,6,2,50
GD7BHP7M0,なや,0NLHKATWL,生きてるだけ偉い,725,4,9392,507070,8,10,5,10,6,4,6,6,55
QYQPUHHS2,みみ,W09WBG3HY,どろんちゅ,1012,7,9393,507000,5,8,8,9,6,8,4,7,55
1EN8WRYR6,紫亜,J39ENWXF4,百萬石公演,609,0,9394,506750,10,8,9,10,8,9,9,3,66
GPJ7YTM67,ssu,W2HEPMM2A,無言。ぼっち。,648,2,9395,506530,3,4,1,4,5,3,1,2,23
UPDN706HR,zero,DUK0X7DB1,中国愛蓮同好会,894,9,9396,506250,5,5,4,10,7,5,6,2,44
G19K1TPJ0,そーだ,RKT7BC4F6,人形浄瑠璃乃,941,3,9397,506000,9,5,5,7,2,1,9,2,40
5NC7C4XX5,白米,PLBBEX019,待機室目指し隊,1052,1,9398,505810,4,8,4,1,2,7,2,1,29
XP18HGB9K,こち,A86FEX2JC,おやさいさん,913,4,9399,505720,10,10,4,7,8,7,2,2,50
UJYF7HH0V,ふあん,BPFAT416J,さやかわいい,395,0,9400,505630,7,5,5,5,4,2,6,2,36
E0AETV5D2,Sirius,M8FM7P139,蓮ノ空ひとり旅部,1163,2,9401,505229,1,1,1,2,2,1,1,1,10
E8ANHAYC5,Reiko☆,PH0YEPJD8,蓮ノ空北國金沢,1130,18,9402,505090,7,8,7,10,9,7,10,3,61
DTOBHH6DR,Ima,N7J2R9JDN,ログイン目標勢!,488,0,9403,505058,5,6,6,6,7,6,6,2,44
3WXLCCKMD,花宫初奈的狗,73VTANA71,隨緣努力^▽^,409,2,9404,504750,4,6,4,3,3,1,1,2,24
0H417YY46,Nao,4NFMU2WME,好きだかんな？,539,3,9405,504640,1,1,2,2,2,8,2,2,20
SA9XTSJ02,(*´∇｀*),18YYNRFGA,LotusSky,1086,3,9406,504370,7,7,3,6,8,7,5,2,45
6H3XG7GOY,アンジェ,KT4P0CHHC,ゆったり同好会,956,11,9406,504370,4,6,6,1,8,3,10,3,41
6OAIL7N17,モップ,A84BK7PL4,ゆるっとホリディ,1188,3,9408,504203,9,8,5,6,4,2,6,2,42
P2S9CJYJ3,あまみょん,V33FGRFC4,1限目に遅刻ラブ,1211,3,9409,504032,8,5,10,7,6,5,6,2,49
JG8PKBFN3,ウメメメメ,N1DJVPGP8,いつでも咲けるよ,1268,14,9410,503861,7,6,4,10,7,5,6,2,47
HI2R0WECO,りぐとね,YPF6CNM5G,孤軍奮闘,741,1,9410,503861,8,7,7,5,5,4,4,2,42
JQ4QSOCAV,琢磨,MVRFVTGU6,無言&出入り自由,430,0,9412,503110,1,3,1,1,3,1,3,2,15
LBAFE97UM,モツ煮,WWWUTP96L,異次元からキマシ,1040,3,9413,502750,8,5,1,5,10,5,8,2,44
B9TMW2TRD,あるしな,28XJ8NK4L,蓮ノ空まったり部,926,4,9413,502750,2,7,4,6,6,6,8,2,41
RT09FTY9G,ナガツキ,TDHKGHFPA,無言参加○！,1131,2,9415,502664,1,1,1,4,2,1,4,2,16
3KR9N5A4U,まるち,BXC1T2HY2,初心者の集い,236,0,9415,502664,6,5,5,3,5,2,1,2,29
LUNL3885T,零,XHJLF3R8H,ゆったりプレイ,720,4,9417,502500,5,8,4,1,6,5,5,2,36
U2N6HTXJR,うー,C021HVB2B,第3芸能科,980,1,9418,502493,7,8,6,6,7,6,9,2,51
EFLCPWDNU,挙動,4P8K142RX,初心者,133,0,9419,502300,2,4,5,5,1,4,4,2,27
1WMG95MCX,HITO,A9MA307FX,楽しいが一番,431,0,9419,502300,5,4,1,5,6,4,8,2,35
01DSD5NC7,ぱなりん,A84BK7PL4,ゆるっとホリディ,1084,11,9419,502300,7,8,1,9,5,4,4,2,40
V0W68J973,結城冬晴,5NPVVUGH7,蓮すきすきクラブ,1221,5,9419,502300,7,7,3,6,7,6,10,3,49
XD0KJWUFH,まつたつ,GN9EEL045,きらくに,733,4,9423,502250,7,5,8,8,3,1,5,7,44
WX6VUKDLD,マナカ,LG3XF86RM,ハロめぐ党無言可,647,0,9424,502120,4,7,5,1,3,1,1,3,25
9FD3Y7896,ちおりん,WNMCNJ62M,チームまったり,737,0,9425,501670,3,2,2,1,6,1,1,2,18
3TAY9W8T1,moss,1F5EPPMLD,UR貰えればいい,923,2,9426,501500,8,8,6,7,8,5,1,2,45
HTYZ6SRKP,じゃぐ,JHTULVV5P,故に瑠璃乃推し,576,0,9427,501490,9,8,10,10,9,7,2,2,57
2XUS3K5Z4,赤ちゃんのキラー,17TAUR6K6,憤怒と激怒の会,1092,4,9428,501400,7,4,5,6,5,5,10,4,46
NYPA8LSH7,すず,9U8KNU6U9,対抗戦用,755,2,9429,501130,4,3,4,6,6,4,4,3,34
3M39KVXW0,KAZU,3N7FL0U6U,destiny,985,1,9430,500680,8,8,4,9,9,7,10,5,60
WMOSVOGS9,天使のララ,B08JAPP33,対抗戦したい,1264,1,9431,500590,7,5,7,8,6,8,8,2,51
U7VY84XR0,ひろりん。,9EYH317R8,イカトンブライ部,710,2,9432,500500,8,9,5,7,6,6,6,4,51
SA9AOLL8E,Wa,FPWB11WF1,ぽいぽい,992,5,9433,500410,4,4,2,7,4,3,4,2,30
ECRIBY9O7,どんぐりうぇのく,0R8BXPRC1,ポチっ！とクラブ,1333,9,9433,500410,8,8,6,8,7,7,9,2,55
ZI41XDD4H,K,UYFUH7H95,ハスフラスコ,1208,0,9435,500250,9,9,5,8,8,5,9,3,56
8P77PA5U0,Zalt,PMDDGR6AH,うぇるかむ,628,0,9436,500230,10,8,10,9,8,10,6,3,64
945FJLRJ3,タンボール,PDTRRYUGM,石川県民ひろば,1193,2,9436,500230,9,9,7,9,7,7,10,3,61
KVPUND1PB,き,5CG1W6CP5,初心者さん,404,0,9438,500050,4,1,6,4,1,4,2,2,24
G2YJETJ98,・・・・・・,1G89KTD5X,サークルひとり,1125,3,9438,500050,8,8,6,8,9,5,9,3,56
W3C4A0HHV,まさ,R7VEXFUBP,蓮ノ空応援クラブ,661,4,9438,500050,1,1,1,4,4,1,3,1,16
VB9RKHBPT,サガ,J8HXTJ8TB,流し素麺同好会,1462,8,9441,499870,10,9,7,9,8,8,9,3,63
CU2NB5K8F,絶空鳳凰天翔,6C9R15BLY,スクスタ避難民,723,0,9442,499757,7,7,7,4,7,7,8,2,49
RHWI46F0Y,温泉からあげ,NFMEGRJ45,社畜無言サークル,967,1,9443,499730,6,4,1,6,5,7,6,2,37
9Y0896VXU,ひろ,3194B9E93,初心者寄り合い所,1049,2,9443,499730,5,7,4,5,6,4,10,7,48
EYVPWFRR6,クリッパ,AR9HR528A,いろいろ実況,1026,2,9445,499586,3,2,4,7,2,1,7,2,28
DBR6M0VDH,Hins,9EYH317R8,イカトンブライ部,258,0,9446,499415,1,1,1,1,4,1,1,3,13
Q2PK79FU5,銀色彗星,0XUV5025C,めぐめぐバブり隊,1205,4,9447,499370,6,4,1,1,2,1,2,2,19
3RE1J1GKN,どろろん,W09WBG3HY,どろんちゅ,772,2,9448,499244,8,10,8,8,8,8,9,8,67
VW120ZM3P,ことみ,M6UPWJ6DU,蓮結ぶ虹と星の音,1124,2,9449,499240,7,8,3,1,2,1,1,2,25
76VTCMNT6,Akilan,0RV7BDUXH,coolplay,242,0,9450,499190,10,10,10,8,4,9,4,2,57
26ODCZD08,エーアイ,CP5JE6KFV,コイコイクラブ,991,0,9451,499150,8,7,4,5,5,4,4,2,39
8FD8K7V2G,かすたねっと,T8X0G07YB,なければ立てる！,1453,15,9452,498920,10,10,8,8,8,8,10,8,70
X3DUHMTMH,じろちゃん,AM7PL854Y,イベントの為,973,0,9453,498790,2,1,1,2,1,1,1,2,11
LJFP8NBB8,もなか,1UBNNHVLG,蓮箱推し（仮）,680,0,9454,498731,6,3,4,4,5,6,5,4,37
0JWH8AXH7,桔梗,KXEME076E,つづさや親衛隊,262,0,9455,498610,2,6,5,5,4,3,3,2,30
D8FE4UNP6,くろ,3YWMY4JVN,82プロ,891,5,9455,498610,6,6,6,8,8,9,3,2,48
5ARNHXLSO,HOKUTO,W189BP629,みんなのみかん畑,909,1,9457,498520,1,1,1,4,2,1,4,2,16
JKMFDY06X,たいたい,KVGGY7J8C,ドリームチーム,1189,6,9458,498470,10,10,10,10,10,10,10,10,80
0PF51HYU2,てん,E12PR824F,ゆるっと蓮ノ空,714,4,9459,498290,8,8,6,10,2,2,6,8,50
LX89GL5HN,太郎,G3EKBADTC,リンクライ部,1203,1,9460,498110,10,10,8,9,4,7,8,2,58
H1E7FK9KU,チャオプラヤ,2DYYAPFVN,蓮っ子村,1137,2,9461,497710,9,9,7,8,9,6,10,5,63
H4U7NDWRD,藍乃かなで,578YG6EAT,桜桃花束愛聴会,893,1,9461,497710,6,10,1,4,5,5,2,2,35
8D21HH11H,よつぎ,85G1K4U8U,ゴーイングメリー,1125,6,9463,497440,10,7,6,7,8,7,9,2,56
13Y1XFVW4,やん,60KU468X3,はっすーず,520,0,9463,497440,3,2,3,2,2,1,2,2,17
T52XGEW87,きーふぁー,4KX2KDLAB,越国,829,7,9465,497260,8,8,9,10,6,6,8,4,59
VXWG3VTY9,Fanfan,JA2C658FW,さや綴理の村人,788,3,9466,497210,10,10,10,5,9,10,6,4,64
MGQSJZPEL,つぶにゃん,F2M746D4B,頑張らないクラブ,1043,0,9467,496990,8,9,5,4,7,4,8,2,47
8RPM0WTE9,アリアス,UPNXW2A69,ライグラ報酬集め,876,3,9467,496990,10,10,10,2,2,9,2,2,47
T0OQWC4TR,あんちもん,Y2R7E79U3,カワウソ同好会,1491,19,9469,496940,5,9,9,5,2,3,8,3,44
YXELCDTC5,みそしる。,1YLFFXC1E,安土桃山時代,1158,9,9470,496850,4,10,4,3,7,4,6,2,40
38H26JLNP,せつな,3HDDYR4FU,旅人,320,2,9471,496720,4,4,3,1,2,1,1,2,18
XAQH78XOV,NAO,03UX84WLY,こやんいくらぶ,1154,10,9472,496679,9,9,9,10,9,9,10,10,75
HR51NWE3G,SSGゴッグ,WWWUTP96L,異次元からキマシ,1091,1,9473,496630,4,8,1,5,5,7,7,2,39
NJ7BSC4ZI,はるけい,U4TNE7AC7,AirLotus,1061,0,9474,496270,8,8,6,6,4,5,8,2,47
HN5KKK9YV,鹿先輩,VXDPPJJL1,蓮ノ空リボ課金部,166,0,9475,496166,5,5,4,3,4,3,2,3,29
M0944945X,佐田,BCJRMHE75,梢すきすきクラブ,1115,0,9476,496130,10,10,7,9,8,8,8,2,62
C4TLDRDJL,となりにマカロン,3HDDYR4FU,旅人,849,1,9477,495860,2,6,2,5,2,4,1,2,24
H45IBEWA7,MUGI,281AVFPPX,蓮ノ空過食クラブ,1094,10,9478,495820,8,8,5,7,8,4,8,2,50
WHRJFD30K,たたみ,L28X4MDJN,アフター観たいぞ,1400,20,9479,495680,10,10,10,10,10,10,10,10,80
K3NTGG30L,ぷ〜ちゃん,E050K9859,蓮党,719,2,9480,495640,4,7,4,4,2,6,10,2,39
WA7H2R5WM,てめしろ,WNMCNJ62M,チームまったり,584,1,9481,495590,6,8,6,8,5,5,4,2,44
BEGAV028T,norizi,HKETDDCK6,ぼっちざ蓮!!,891,2,9482,495500,2,4,4,7,2,7,7,2,35
XN0GJBBEV,新世界,HK0E91U71,放課後写真部,1150,6,9483,495280,6,4,6,8,5,8,7,2,46
0KUN77T1V,ノホペ,JH5FX56N2,のんびり,877,1,9484,495190,10,10,7,10,7,7,9,7,67
14PIM9Y76,daiz,9YG7C0VM7,綴理と無言で昼寝,993,2,9484,495190,5,6,5,9,2,1,1,2,31
NPY969J0Q,MaveRicK,GR65FP8VN,蓮好き,641,2,9486,495050,2,2,2,1,2,2,2,2,15
A166TWMS3,塚紗りむ,G2B2TC3PK,iLiFE!,1064,8,9487,494920,9,6,4,5,6,4,4,2,40
JYGPGYUOD,じっぷ,2JK7E4115,ラ！推し,1186,3,9488,494690,7,10,8,10,8,5,9,2,59
V42GGKBEC,シュン,407VAU0TT,ログボ勢の集い,680,2,9489,494600,5,4,7,10,8,4,7,6,51
GL3V1KSH1,真面目な学院生,KBJ2P8T0Y,人見知りの集い,1436,17,9489,494600,10,10,10,10,10,10,10,2,72
0XDMMPHE5,目目,HWXEVBW48,ミッション参加用,308,0,9491,494456,10,8,5,10,9,5,9,2,58
V82X0R3D8,よざらん,UUB1E36MW,つづーりFC,519,1,9492,494380,2,1,3,4,1,3,2,3,19
GROBG1FDN,こたつ,VLY5JDKCV,新規なのだけれど,1167,12,9493,494200,4,9,7,8,4,5,4,2,43
T2MPXETB3,あぷりこっと,WK5U3DNHF,蓮ノ食堂,844,3,9494,494110,4,10,4,8,5,4,4,2,41
KLWN1CN7B,カズニャン,EECF9C0N3,蓮ノ空　茨城分校,1024,10,9495,493970,10,8,10,9,7,10,7,6,67
VYA72PT9J,tk,PHLRY3XRP,とりあえずやろう,663,0,9496,493943,7,4,4,5,6,7,7,2,42
FERB70RR4,るり好き,3JDDUYURT,無言,838,3,9497,493880,2,2,10,5,7,8,7,4,45
YWJ4VWO1Z,しゅかしゅき,WLLWJ8ADP,乙宗筋肉サークル,887,5,9498,493790,8,6,10,1,6,1,1,2,35
N6CCGHA01,タオル,48GTYR1VB,ハラショー！,951,0,9499,493772,4,2,3,1,1,1,1,1,14
FNJJE8K3M,えす,E12PR824F,ゆるっと蓮ノ空,277,0,9500,493300,8,10,5,10,10,5,10,4,62
DM40XX5U9,えるみーと★,828YTYAA9,箱推し社畜の部屋,859,0,9501,493250,7,10,7,9,8,5,8,3,57
7GNTRL8NY,リンカー,0YLUK30K6,蓮っコの集い,869,4,9502,493070,9,8,5,9,6,6,5,2,50
L08H338DD,ピーマン,6ATNDH9J0,浦の空,903,4,9503,493030,8,7,5,8,8,6,6,2,50
J2B3RCPHE,スタート,NDGW77R2V,こず花帆尊い,899,2,9504,492940,9,8,8,7,8,7,8,3,58
YST6TY459,にゃんたまらん,3EJX5WB1A,金沢綴理門,1347,5,9505,492710,7,5,6,9,7,7,9,2,52
R3L4FNMV3,ぽんし,ULUELCJ7T,なるようになる？,1101,7,9506,492670,9,9,7,8,7,8,10,2,60
DPMAVCHB0,にゃんこあんこ,HAW490WUF,エブホリ,647,0,9507,492580,7,6,5,6,6,4,8,2,44
F95O34OBM,れぐるす,YXKR0GGM4,蓮ノ空好き好き,279,0,9508,492575,3,1,4,1,2,5,2,3,21
U18EYPD9N,まんじゅう,646YTH7KK,KA,1010,4,9509,492490,8,8,5,6,6,6,6,2,47
ACCVHQAA6,つんごり,YTK29NJ0X,よく分からん会,472,2,9510,492440,2,1,9,2,3,3,2,2,24
NEQNNROBS,なかなか,ABALH0AL3,楽園計画,876,5,9511,492062,3,3,2,6,5,1,7,2,29
G13EPL73N,ゆうきさくたん,CJWR9P8LM,花帆さん愛でる会,376,0,9512,491990,7,1,1,1,5,8,2,2,27
REPWVKN7F,灯里,K7LC46V5M,Link！ラ部,1057,1,9513,491950,9,8,6,10,7,7,8,2,57
RD9YUHM93,Hiiii,J83JWJ028,大ㄇㄚˊ露營區,608,2,9514,491900,7,10,7,9,7,4,5,3,52
XM05SKBN7,sawa,GPKTRBCTT,騎空団蓮ノ空支部,860,5,9515,491860,2,2,1,2,3,1,1,2,14
LKA0GK951,HIDEYAN,DF7FA982P,蓮ノ空百合部,1051,7,9516,491770,4,5,5,6,6,5,7,2,40
T4V1PTC93,白桜(再),96VF52WEJ,空,1115,15,9517,491680,9,9,7,8,8,7,8,6,62
XODMEVSR1,ozzy,61UTNTRU1,初心者さん,1180,10,9517,491680,8,10,7,5,5,4,7,3,49
BE9ACWNZT,ゆたんぽ,K25DPPGT9,圧倒的にまったり,1010,4,9519,491549,10,9,4,4,6,8,1,2,44
N56HVMH84,L.K,R9NGK6L48,のんびりサークル,812,4,9520,491450,7,10,10,10,9,5,5,2,58
ZI7X9UUUP,nao,HBD61R6WC,梢先輩すきすき部,1032,6,9521,491050,8,9,5,6,6,4,2,2,42
NWJJ12UBP,りーすけ,6FWRD1K40,いちじょ海賊団,350,0,9522,491036,5,3,4,5,5,1,2,2,27
25K0KVW59,赤城,FR5PDRB5Y,株式会社つづさや,639,2,9523,490960,8,4,4,4,3,5,4,2,34
PB0VF6VPY,謎の学院生,39Y0R2814,蓮ノ空の隅っこ,1021,4,9524,490870,10,8,7,9,8,6,8,4,60
GN2C7CE7G,夜凪,976BY5JWK,ハルカカナタ,525,2,9525,490730,6,9,1,6,6,5,6,5,44
QNYI6Z4T8,lain,1EL57CDR0,なんもわからん,843,3,9526,490690,9,7,7,4,6,6,8,2,49
9G1K2K9PK,ayumu,MWT91W455,つづこず大好き部,788,7,9527,490600,8,6,9,7,3,10,5,2,50
J3T684JRD,Tsuki,427WENUC4,心の癒し～蓮ノ空,501,1,9528,490550,6,4,3,4,4,2,2,2,27
C9OCIE2KQ,北落師門,CP3KWKH07,まったり社会人部,1299,6,9529,490523,10,9,9,10,9,10,10,8,75
UJ1F03REC,らやかの空,TXNCTRR1U,瑠璃乃推し隊,864,2,9530,490420,5,6,5,1,2,5,1,1,26
CECR0RPJE,GP−STOIC,RKT7BC4F6,人形浄瑠璃乃,172,0,9531,490240,5,2,2,1,6,4,5,3,28
C3NKYEUDE,しんかい,4RNUXBXGL,みらぱ最推し,329,0,9532,490150,8,5,6,10,4,5,5,2,45
B86Z9ZX7I,亮,TM19BMU7C,ソロプレイヤーズ,1270,7,9533,489920,10,8,6,9,8,6,9,2,58
9Y5FJ49C6,Nana_,9DFV9UTW4,白ひげ海賊団,230,0,9534,489668,8,9,9,8,5,6,3,2,50
ZXTCD3YZ6,PURE天然水,3BE2RELRC,見晴台,1543,19,9535,489650,10,10,10,10,10,9,10,9,78
TV97FRUNL,菓子丸,7NJM1VURM,らんるん部。,1178,0,9536,489560,6,9,7,8,7,7,8,1,53
AWXVY57HL,わっよ,CTW8DKV5P,まったり,1179,13,9537,489470,7,5,7,9,7,6,5,3,49
IGO66YRV4,ぐちお,CJ398GJAT,バッグクロージャ,1272,18,9538,489250,4,3,5,4,4,1,4,2,27
FJQYOIOZT,ぐりべあ,M3KJ1HMAU,◯in段ボール,1013,9,9539,489110,8,9,4,6,4,5,9,2,47
W709KJNFE,まっつん,4NDAG5E9N,国産牛のにげあし,473,0,9540,488890,5,6,5,9,4,2,3,3,37
OZB5WSHNL,ikya,8P39YRA1L,慈と愉快な仲間達,1124,1,9541,488710,7,8,4,7,6,7,8,4,51
2MEGJ2BLE,おのちゃん,8JMW9G2XW,僕らのリンクラ！,926,1,9542,488480,8,8,7,5,3,4,4,4,43
GRTC8EJRI,Rikyuru,KANLFTMVJ,蓮ノ空中文同好會,1010,10,9543,488300,6,7,5,3,4,1,1,2,29
719XVGDRX,Akusa,0FMM30LCA,無言,340,0,9543,488300,1,3,1,1,5,1,2,3,17
8DPBC7AEL,みつ某,3EJX5WB1A,金沢綴理門,975,1,9545,488210,4,4,4,3,3,3,3,3,27
99AGGL0OG,まはろ,26JDLMBLN,徒町は強く生きる,982,4,9546,487850,5,5,4,10,7,8,7,2,48
E7EO9XL5E,こしょうゆ,GMKTGU0RT,フリーフラワーズ,1052,2,9547,487760,5,8,1,4,8,7,1,2,36
700SAIKSP,ことりたそ,WPG6BCG83,基本無言,809,0,9548,487630,6,5,5,5,5,4,1,2,33
T61I10GX7,まこと,FFEFNVBD1,AZUNAランド,887,2,9548,487630,8,7,5,10,8,6,6,2,52
680NEVOVP,ネコザメ,8M2MFU9U0,リンクライブ,1096,0,9550,487540,4,4,4,2,2,1,1,3,21
BLW9RTW04,蔵公,LHXNEF3D5,まるまるサークル,1038,2,9551,487274,7,9,4,4,7,5,4,4,44
F68MODZ6L,おやすみゆめ,DKNHY5HH6,なす料理研究会,1192,13,9552,487270,9,2,4,8,9,1,7,2,42
OWI3RJQ77,僕ベビ–,J80MEYHBC,Nymphaea,1190,15,9553,487040,4,3,9,6,2,10,1,2,37
RNVUOFOKA,みなとり,0R8BXPRC1,ポチっ！とクラブ,1092,5,9554,486950,7,8,5,8,6,5,7,4,50
AV5G0UM5K,もとぬき,6P87X0R93,アフターのために,1128,5,9555,486910,8,6,7,8,8,6,8,2,53
JEPTV07PP,やち,TDHKGHFPA,無言参加○！,1299,6,9556,486820,7,9,4,7,8,7,10,4,56
WH8PXZC1D,あさと,3JDDUYURT,無言,1044,3,9556,486820,10,10,4,8,3,4,4,1,44
W7VEHAXNY,ひびき,TB7GJ57D7,シャイニーフラワ,830,2,9556,486820,6,4,4,10,3,7,2,2,38
D50CWH5EW,マサ,Y4G0KF6NB,無言でやる会,1294,19,9559,486550,8,8,9,10,8,9,9,8,69
U102HNP0B,Blue-SKY,X40JN8FBC,楽しい遊び研究部,1142,5,9560,486370,10,7,5,5,5,4,5,2,43
7NKLYFWCL,すぅ,UPNXW2A69,ライグラ報酬集め,706,2,9560,486370,10,6,3,5,6,1,7,4,42
KWYEFCKNM,風の方向音痴,GWGDMA3YC,初心者無言自由だ,502,2,9562,486320,9,10,4,6,6,1,4,3,43
HUDAPJDL0,ねゆらは,2L4HJXUUR,アマ研ガルパン班,1070,2,9563,486190,7,8,5,7,7,7,9,2,52
0ETBXRL4J,ふうりん,ELTW62751,安全バーは君の腕,571,1,9564,486050,3,1,1,1,2,2,2,2,14
5XC3K26DL,ムラサン,GMKTGU0RT,フリーフラワーズ,1288,15,9565,485920,7,9,1,9,7,1,10,3,47
UMNRDRCB6,朝,EFYYG9TAY,ご隠居さーくる,618,4,9566,485870,8,6,3,5,6,6,4,3,41
LWHJCVJ19,小泉コン,FC8NBAJBT,ラー麺二郎金沢店,1371,4,9567,485780,10,4,6,2,2,1,1,4,30
XXT4NF537,やち,T48KV9EP2,無言ぱーく,868,1,9568,485600,8,8,5,7,6,6,7,2,49
9FLALX6B1,ズッキー,CVLAJYBTK,さや処,944,2,9569,485564,10,9,7,7,8,6,9,3,59
0NEIQZHIJ,ししゃも,F53AELUNC,ソロっと倶楽部,766,2,9570,485560,4,4,4,4,5,7,2,2,32
G7ATTD4TW,澪,PLBBEX019,待機室目指し隊,1251,0,9571,485330,7,8,4,7,7,7,10,2,52
ANF0KJFE3,レディオ,DFXN9DB2H,どんぐり共和国,1059,3,9572,484610,8,8,6,5,6,5,5,2,45
YM63N6YP2,toki.,XEENRBXCG,蓮ノ空休日クラブ,410,0,9573,484430,6,4,4,7,4,4,1,2,32
7HM9D0CR1,alkaline,38KAJGDGU,異次元シャニP,442,0,9574,484340,9,9,7,7,4,6,7,2,51
JEDV7VPHX,JS,976BY5JWK,ハルカカナタ,477,2,9575,484250,4,4,6,2,4,1,2,2,25
WT03JBC31,輝秋光,WKG02VMU6,先輩で遊ぶ2年生,562,0,9576,483800,7,8,7,5,7,4,7,2,47
QO00FR1RD,乙宗 初奈,U3VW1GF2F,撫子祭,1281,6,9577,483710,7,8,7,9,7,6,6,2,52
2HDNJGQB4,caps,17AEM7PUN,SIFcord,1238,18,9578,483620,9,8,6,8,8,8,10,2,59
5ETI2UR1G,クリシュナ,92DAKAG6N,鈍色の空,1064,8,9579,483512,7,1,3,5,6,1,4,2,29
BB2AUM1WX,ＡＫＵＡ,0NLHKATWL,生きてるだけ偉い,491,0,9580,483490,5,4,4,10,4,6,4,2,39
Y2HNQE1BN,TKR,JX6D6TL96,蓮ノ空武蔵野支部,752,0,9581,483440,4,5,1,6,3,7,6,4,36
GG1QC59YZ,デビン・ブッカー,A73H7ENN2,エロマンガ同好会,946,3,9582,483341,8,5,2,8,6,2,2,3,36
PUKGJ3JV5,ふう,P3T2T39HF,新川地区ノ空,1050,2,9583,483170,8,4,4,4,4,4,4,2,34
25Q4PZ0PZ,スイレン,LX25CP0TG,深夜の芋煮処,1198,1,9584,483130,8,5,1,8,7,7,8,2,46
DL3DHFPX6,アイランド,4UKGWTN1N,ゆったりまったり,993,4,9585,483040,4,1,1,4,4,4,4,3,25
7YM5VJ7WU,ミスター蓮っ子,XJHATLDVB,さやかほ観測所,842,0,9585,483040,9,7,7,8,6,5,7,2,51
CHQABHIJ0,ライデン,KHAKJKC0A,のんびりまったり,735,0,9587,482950,1,1,1,2,1,1,3,1,11
NH76ZMAQB,あいりん,5R6WFVMJ5,あいりん会,1097,12,9587,482950,10,8,4,8,8,1,8,2,49
3NDXRB4JG,フィズ,2DYYAPFVN,蓮っ子村,554,0,9589,482900,9,1,4,1,4,1,2,2,24
K8TC80J3C,ゆう,FG5VFFNRK,蓮ノ空おじさん,1221,10,9590,482810,5,9,8,7,8,7,8,4,56
0PV2L5WG7,カニコロッケ,7MPNTWKTN,Dreamers,1093,9,9590,482810,5,10,5,9,8,5,7,2,51
5APLDUWPV,チゲチゲチーゲ,PLBBEX019,待機室目指し隊,768,4,9592,482630,9,1,4,4,2,3,2,2,27
Y9U2U945F,カイザー,UGY37TYH1,月ヶ丘 暁隊,1099,8,9593,482450,10,9,7,9,7,7,9,2,60
AUT8U1RRX,かが,XVTV7MVCX,雪月花,312,0,9594,482360,5,1,1,2,4,3,2,2,20
G98FXD18F,りょまりょま,8BAYBXUXC,スリブ大好き♪,505,2,9595,482270,1,1,4,3,2,3,2,2,18
NP04RY962,ふじ,2JK7E4115,ラ！推し,1049,0,9596,482230,6,6,5,5,6,4,4,2,38
96THGAUXX,ぽんご,MG1G6F487,蓮ノ空無微課金部,916,3,9597,482000,10,7,4,4,7,5,7,2,46
G0KPGLRJ3,ありす,NCX28D4VB,Lyric,1049,0,9598,481960,7,5,5,7,6,5,5,1,41
20D7MZORW,まとば,T045NDKW0,♬さやか愛好会♬,883,2,9599,481910,1,1,1,1,2,1,1,1,9
KPUUWRRJD,すけさん,N6LR8C7AE,泥の民,852,6,9600,481730,1,1,1,3,2,1,1,2,12
9U9121Y8F,かに,RXXUPMWB9,待機室跡地観測所,962,5,9600,481730,7,9,6,7,5,5,7,2,48
W7594TDX4,エーコ,KHAKJKC0A,のんびりまったり,1057,3,9602,481240,7,8,6,6,6,8,9,4,54
LRGPYYNAV,take,JRAC1HYUD,SPHS-MMT,1098,10,9603,481190,8,9,9,10,10,5,7,5,63
G2M4APBCL,黄金易大師,TWJ862EPN,こにゃとも,829,0,9604,481060,5,8,6,9,5,4,5,2,44
I6B73EGAT,なな子,9GEABLUDP,◯◯サークル,584,1,9604,481060,6,5,1,5,3,4,1,2,27
188AW3DR1,雪夜,TWJ862EPN,こにゃとも,461,0,9606,481010,5,6,9,2,6,8,6,2,44
F7A693WT1,KASHIO,KEB6G562A,何もない部,514,0,9607,480880,10,10,10,10,8,7,7,10,72
QPU38MY0U,まさのゆ,F31A07X4V,蓮ノ空福井分校,985,9,9607,480880,7,6,4,6,6,5,5,2,41
P3J6VVDW7,サラガミ,HC1M3NR7C,サークル103,1094,0,9609,480790,9,8,4,8,7,2,6,2,46
VCTWJW1NA,ちら,T4WY63DB9,ういのま,1201,14,9609,480790,6,4,6,7,4,7,5,2,41
GUAOS7IYY,ビーバー,N1JAJ83CA,蓮ノ空園芸部,1050,8,9611,480740,1,1,2,1,2,1,1,2,11
93EDGTYRF,みよま,4RY75CKM4,LLすこ部　メ募,924,0,9612,480700,5,4,1,4,2,4,7,2,29
NFW3G52X6,おっさん,0R8BXPRC1,ポチっ！とクラブ,1073,0,9613,480470,7,7,5,4,7,6,6,2,44
M3PF7KG6K,Ринне,JWUL2T36L,チーム初心者,250,0,9614,480340,2,5,3,3,4,1,2,3,23
71WTB8626,りゅう,J0N1E3Y09,月火水木金土日,588,1,9615,480250,4,4,5,3,2,1,1,2,22
OR639RDIG,R.S,FBA3AGJVX,わいわい,711,4,9616,480200,1,2,1,4,4,1,1,2,16
29U4P60UL,スグ,AC94W0LN2,無言で自由に,845,0,9617,479930,8,8,5,5,6,5,5,2,44
GPN271E7K,しずくちゃん,T48KV9EP2,無言ぱーく,661,5,9618,479890,8,1,3,10,7,5,5,2,41
MHULW5WPK,さの,0FMM30LCA,無言,514,0,9618,479890,6,9,10,10,9,4,4,2,54
CUMGUDP92,なす,DJC4WJXGV,無言出入り自由,290,0,9620,479408,10,10,6,10,7,5,10,10,68
ULRGDTTA0,テンパ,C021HVB2B,第3芸能科,868,0,9621,478760,4,5,4,6,6,4,7,2,38
YLBYPNKNR,りなりー,DHKUGEWBJ,めぐ党虹ヶ咲支部,906,2,9621,478760,7,5,7,9,7,4,8,2,49
FDPJU9XDX,リィンク,NX9KJK529,虹ヶ咲学園,593,2,9623,478630,3,2,2,2,2,1,1,2,15
T64LIXM9K,にこ式,4XRHRYDW4,無言でエンジョイ,1040,2,9623,478630,7,7,6,6,6,6,8,3,49
NTAMCP9T9,mg1,VA6X5YNNF,スリーズ分家,1092,0,9625,478450,6,5,4,6,5,5,9,2,42
5LWXMCD98,咲耶,9RYR14H9L,ソロマターリ,1096,3,9626,478360,9,8,7,8,7,7,9,2,57
GBMTFY5JH,まほろ,HKETDDCK6,ぼっちざ蓮!!,895,0,9627,478270,9,7,6,6,7,1,4,2,42
S28CO451J,カチュア,5VFXP7GAJ,村野村長単騎駆,1150,7,9628,478180,7,8,4,6,5,5,9,3,47
T6WXZWSI5,リ｀・ヮ・),XN2VEA6DN,無言,868,9,9629,477460,10,9,10,10,7,6,9,8,69
6YJ4C80GL,彩,73VTANA71,隨緣努力^▽^,234,0,9630,477370,2,1,3,3,3,3,1,2,18
JCOQ8RM1Y,風来,3XCG5FGTR,test,1040,0,9631,477190,7,6,4,6,5,6,10,10,54
5R6WT7Y6R,Kisara,T2XRMGEAE,蓮根無言会,966,2,9632,477100,3,5,6,10,2,7,3,4,40
AG4NAKHWA,さわ,ACH6PMHX4,まったり塔,851,1,9633,476780,9,7,8,10,1,2,5,1,43
KACEH4J7E,リモ,60KU468X3,はっすーず,831,1,9634,476690,9,1,2,6,4,1,4,2,29
HMN1F5WLN,hz,NT5R9RYCX,エンブリオン,819,0,9635,476672,7,7,5,5,5,5,8,2,44
4GN5X3567,ランベス,V1AECM24M,サークル,856,0,9636,476560,8,8,5,7,5,5,7,2,47
WCFW0W3MP,MTaka,G8F0M2PH2,アフターウォール,600,2,9637,476510,4,4,1,3,4,1,2,2,21
N743U4ERU,もな,424NLTEE8,無言な異次元部屋,1226,14,9638,476420,7,9,6,8,10,6,10,3,59
J8APM1374,りー,9RK7YXG8G,蓮ノ空社畜クラブ,636,2,9639,476240,3,4,5,4,1,7,2,3,29
1PR1AGMJG,L275V,FLFXP0T22,沼津内浦メンバー,916,1,9640,476200,6,7,2,2,5,4,2,2,30
CNEB4DJA3,慈、働きなさい,1JB7FM8YY,アラキドン酸Na,717,3,9641,476020,2,6,6,2,4,1,9,2,32
2DBKUBEC0,シャドウ,WJ7GF9WVV,愛と想いやり,864,6,9642,475817,6,10,10,4,8,1,5,2,46
M68Y9FMGV,還可以,REUA4H17B,LLLLBR,699,1,9643,475750,10,10,10,10,10,10,8,2,70
W4A65JFR7,たっつー,P2DT8MD70,アクスタ写真部,665,1,9643,475750,1,7,8,8,5,1,4,2,36
X6N1NFZ50,飲茶,H1LTYMK0B,花帆が可愛いの会,1152,9,9645,475700,6,6,6,9,8,7,10,2,54
4C2SLKC2D,まふ,E58FYF67C,ロータスランド,1543,13,9645,475700,10,8,9,9,7,6,8,5,62
SVNL4X38U,栞,EE4BKR0AR,まったりプレイ,1228,3,9647,475300,6,7,5,1,6,4,10,2,41
BU7BQ65D6,masoho,PDTRRYUGM,石川県民ひろば,869,3,9648,475210,4,5,1,10,4,4,4,2,34
79U9F0N2C,頼叶,AG9PKMMC3,ぱかぱか同好会,1249,15,9649,475160,9,10,8,10,8,6,7,2,60
HA3P83JUA,おなかPP,AAHB7C276,HaCordVN,326,0,9650,475133,10,7,6,10,8,9,9,7,66
U4F3WGHX7,たっぷう,LB0K3MHND,フラワー,1401,4,9651,475070,6,8,6,5,4,4,5,2,40
23XYT7YHW,レティ,KGBDPVHXM,1ミリ手前,991,8,9652,474800,1,9,1,2,2,1,10,2,28
Y78W6PN5S,アグネスデジタル,1T9GDPUMV,雰囲気プレイ部,1157,0,9653,474760,1,5,1,2,1,1,1,2,14
7D61FD718,もも,TBX7N9RK5,つよつよなLH,1028,0,9654,474620,4,4,4,7,7,1,9,2,38
HF2Y1LGDG,場案バン,G0J2F9NAL,さやさやさーくる,1443,18,9655,474530,10,9,10,10,10,10,10,9,78
WU8N4XYPD,どりん,1U4JN5CXB,LLユーカー部!,1148,2,9656,474449,6,4,3,2,2,6,1,2,26
BHGARRVHY,よた,FHN78V2DJ,無言でどうぞ,187,0,9656,474449,6,7,6,2,4,1,1,3,30
89K2XAKJ2,玲葉,TBHVUNGK6,ヨーロッパ軒,628,0,9658,474260,1,2,1,1,3,1,1,2,12
91GN71K59,はばねろ,4URND90YY,参加賞狙い,1054,6,9659,474080,10,9,8,9,2,4,4,2,48
G4E815N27,佐々木,BXGNMY466,ライグラ用,605,0,9660,473990,10,10,10,10,10,10,10,10,80
5NR0KENPV,syo,8T3BVWN6F,目標1500位,675,2,9661,473900,7,4,4,4,7,4,4,2,36
DHO22PEOP,Natsu,RXXUPMWB9,待機室跡地観測所,1104,6,9662,473860,7,6,2,4,6,4,4,2,35
N6GHUGFCB,スズ,C2XLWUTL1,夕霧綴理親衛隊,965,1,9663,473765,4,8,6,7,4,5,8,3,45
QU6QEE5G1,大鳥包,FHN78V2DJ,無言でどうぞ,1556,14,9663,473765,10,10,10,10,5,7,10,2,64
YMT9EOLDG,コスモ,FC8NBAJBT,ラー麺二郎金沢店,1472,19,9665,473720,9,9,8,9,8,9,9,5,66
SJYVCL1BE,まひろ,PHMJLJY5E,ラブライブ愛好家,558,0,9666,473410,1,1,1,3,3,1,1,2,13
VNW09B610,lindlie,LJNCAEVAP,蓮ノ空さやか研,345,0,9667,473180,2,5,3,3,4,1,2,3,23
E1UM2ARP3,まり,0CEA9XFKR,蓮ノ空の泥人会,1070,4,9667,473180,8,6,6,9,7,8,7,2,53
UDCBB3I6I,ゆうやん♪,321FF56TK,リンクラ芸楽部,1015,6,9669,473140,6,5,6,8,6,7,8,2,48
U2GDNVG8D,永遠愛櫻坂雫,8YNHW7530,虹ヶ咲、蓮ノ空,172,0,9670,473050,2,1,2,1,2,1,1,1,11
HFAB44F9D,kei,FG4170141,♪さやか愛好会♪,712,2,9671,472960,10,10,1,4,4,2,10,3,44
MLPH4D5LY,Nao4,BXC1T2HY2,初心者の集い,1056,13,9672,472820,7,6,6,7,6,8,4,2,46
9L4WK7YNL,虚無虚無プリン,V7768X8AC,せーので！,1052,2,9673,472780,4,10,1,1,2,4,7,2,31
B99NHCH1R,ユレ,26JDLMBLN,徒町は強く生きる,1050,2,9674,472730,8,8,4,5,6,7,8,2,48
HHF5D1P2M,レシィ,Y7KJ3PM8P,蓮すきすき同好会,1183,9,9675,472640,7,7,8,10,7,7,5,2,53
909KE28PF,りなつ,GYJ3C6TKR,綴理先輩好き好き,210,0,9676,472460,4,4,4,1,4,2,2,2,23
479J7C6T2,しめさば,73N4AB3LR,かほ子のイオン,1265,5,9677,472190,10,9,5,10,9,10,4,2,59
8MLGL7DT1,おりあす,LJDN0RMYD,Treple T,991,0,9677,472190,7,9,7,5,6,4,4,2,44
DLW137J7R,why,HPFT3HMNJ,灰流うらら,789,2,9679,471920,2,9,7,2,7,1,9,2,39
N6PQXO79S,ヤスタン,0R8BXPRC1,ポチっ！とクラブ,960,3,9680,471880,5,1,4,7,6,1,10,2,36
ZN03EN4C8,eow,W09WBG3HY,どろんちゅ,1074,1,9681,471830,8,9,8,7,6,7,9,2,56
DRJPHRETP,lokii,V3FAH8CM4,初心者の会,375,0,9682,471520,10,10,5,5,6,6,1,2,45
9BPWMDRGB,Mikyan,F53AELUNC,ソロっと倶楽部,870,3,9682,471520,5,8,5,4,6,4,5,2,39
8YVLR2CD2,ああああ,Y7KJ3PM8P,蓮すきすき同好会,829,0,9684,471430,1,2,1,1,1,1,1,1,9
911AUD4MZ,KURI5709,DFFYFJ2B6,つづさや好き過ぎ,1127,11,9685,471380,8,9,4,10,9,7,8,2,57
1V77WI6ZO,ZOU,8FR866PRY,蓮っ子みらくラブ,1104,0,9686,471200,8,1,1,4,2,1,4,2,23
YJYRLJCK6,さくらきゃんどる,FTY0R8KPH,泥の皆様,965,5,9687,471160,7,1,4,7,7,3,7,2,38
AWL81AHGP,Gauss,VMG2BV4H1,とりまサークル,430,0,9688,471070,1,10,2,2,3,8,10,3,39
4ZRPIW1AP,たると,9YG7C0VM7,綴理と無言で昼寝,1201,12,9689,470840,4,5,2,1,1,5,5,1,24
Y8BVIYLUT,七瀬,4J2XA79Y5,浮かれポンチ部,1270,6,9690,470440,7,9,4,9,7,5,5,2,48
8GDNW7H6D,アクア,D3215EVKW,綴俺誇,1250,2,9690,470440,6,7,5,6,7,4,10,4,49
CYX7S7WC0,すずっち,TK9E1BB1P,無言で自由,956,3,9692,470260,5,8,5,7,6,4,8,3,46
F3HPN98KC,わたあめぇ,AVX749PPB,姫芽ちゃん親衛隊,878,1,9693,469940,8,7,4,9,2,4,4,2,40
HMNH9GM2F,440,EKACCPWWB,タフノ空学院,945,3,9694,469832,5,7,1,5,4,1,7,2,32
EKKDNUBFM,あばば,JY5D932W7,粉骨砕身藤島慈,1082,2,9695,469810,7,7,4,9,8,5,8,2,50
TYPK1PMEF,坂本,K7LC46V5M,Link！ラ部,756,0,9696,469760,6,7,6,3,6,6,1,1,36
GCEM5X55V,なん(*>△<),WCL6R1ANU,無所属の会,291,0,9697,469360,4,7,5,2,3,2,5,2,30
IXPTJR36U,na1195,NMGYE73JP,0,806,1,9698,469180,1,1,4,1,1,5,2,2,17
V3GIYDA9V,みずの,J62DRC7J5,蓮ノ空好き好き会,1326,5,9699,469130,10,10,10,10,10,9,10,3,72
8YLNE38AX,磯風,948FLPMPN,まったりハス煮〜,1079,15,9700,469090,6,5,6,7,4,4,7,2,41
880CWT8EW,DnDn,MVYED4TN7,箱推し紳士,962,3,9701,468820,4,6,4,7,9,5,10,10,55
DWB2C1NTT,水鏡ありな,2LLNGYPU6,禁断のセカイ♡,821,0,9702,468635,7,9,7,7,6,4,5,2,47
U2YU18R12,ゆき,CJWR9P8LM,花帆さん愛でる会,690,2,9703,468464,5,7,1,9,7,2,4,3,38
YDWD2ANQZ,トッシー,GC3MH39TA,寝そ部,1476,17,9704,468320,10,10,9,10,10,9,9,7,74
9RV59UM4G,Bess,A3X92L6YU,お試し用サークル,468,0,9705,468293,10,5,2,6,6,4,2,2,37
PMC022PY2,dekopon,407VAU0TT,ログボ勢の集い,501,0,9706,468190,10,7,2,5,6,5,5,2,42
RJ2CJ4FTW,お,MBM7RH7M6,HANAMIXK,94,0,9707,468100,6,6,4,4,3,1,1,2,27
GXU3HMKJ2,シュウ,T2XRMGEAE,蓮根無言会,1033,7,9708,468010,7,5,4,5,7,5,8,2,43
R0P5A5EVT,にーすとろーく,9C0KWR782,まったリンクラ,1014,3,9708,468010,1,1,1,4,4,1,5,2,19
NPVNNEC9D,ウィン,387J15240,蓮ノ空登山部,919,4,9710,467951,7,3,2,2,4,5,4,2,29
5DD1FK35H,Aya,FH7G62PKW,月火水木金土日,403,2,9711,467870,10,10,10,8,5,7,2,3,55
Z0T1DNPWM,Monika,PDMPF3VVV,r/LL,744,0,9712,467780,1,1,1,1,3,1,1,2,11
6J6POJDVB,ぽっぽ,JPNNY7W5F,ログイン勢,892,3,9713,467560,6,4,3,3,2,6,4,1,29
WJZ6F4RK1,私雨,M44P06CH5,つづさや見守り隊,1211,2,9714,467240,7,8,8,6,6,7,8,2,52
SS17LPSA1,大村,77R0B759H,オオユウ,1057,5,9715,467200,7,8,6,7,7,6,9,6,56
MPPMNF09G,こより,DHKUGEWBJ,めぐ党虹ヶ咲支部,207,0,9716,467110,2,2,1,1,2,2,2,3,15
X40AG8MC1,あいじぃ,UMG1B9C7V,蓮ノ空女学院,939,2,9717,467060,5,4,1,2,2,1,5,2,22
N3B669N84,はる,KT4P0CHHC,ゆったり同好会,259,0,9718,466660,10,8,5,3,5,2,4,2,39
LBDCDAF5P,ペペロンチーノ,CP3KWKH07,まったり社会人部,959,3,9718,466660,9,8,6,5,8,5,7,2,50
M5TL7P3GY,KR,U3VEPLPV4,PiONA,691,2,9718,466660,5,5,1,1,1,1,1,2,17
74FH99Y65,ヌーノ,AVX749PPB,姫芽ちゃん親衛隊,571,0,9721,466520,4,1,4,1,2,1,2,2,17
XVE70516L,そだて,RXXUPMWB9,待機室跡地観測所,876,2,9722,466480,2,1,1,1,2,1,1,2,11
BU499ADJM,聖柚枝,BE349FEW8,いい声の蓮ノ空会,1165,10,9723,466390,7,10,4,9,5,8,5,2,50
WTVM6MDNS,白桜,96VF52WEJ,空,1153,15,9723,466390,10,8,8,8,8,8,8,5,63
C7TCEFG1H,猫月,H1G4CDT6C,無言自由,970,13,9725,466241,2,5,7,9,10,5,9,2,49
MFFYM1W85,マリ,08DDCV5JN,黒ねこのしっぽ,656,2,9726,465670,1,1,1,1,2,1,1,2,10
3W693RT6G,巧克力鬆餅,05KN1RR3U,さやかほ花卉園,1082,6,9726,465670,7,7,7,9,8,7,10,2,57
J6HN5XWOK,ねぎね,Y2HV0YEF7,蓮ノ空を応援し隊,1331,9,9728,465620,8,1,6,5,4,4,5,1,34
6CPM1WMV8,よそら,DMDVHGFUG,インドネシア仲間,480,0,9729,465557,10,6,6,8,3,8,2,3,46
Y5RTHZ7EV,幸せの青い手拭い,5YXVKDEKV,サークル(仮),800,0,9730,465530,7,7,7,4,6,4,8,2,45
9RGKL5VYX,まゆ,NVK5NH2PR,イクマユ,298,0,9731,465386,4,4,6,1,3,10,2,2,32
BR8HFE6NP,リや,DF7FA982P,蓮ノ空百合部,1305,7,9732,465350,9,10,9,5,8,3,7,2,53
AREU7WVXJ,こつ,8GAY2WBT6,(・8・),624,2,9733,465310,5,5,3,1,4,3,1,2,24
G3AR2GP4P,ひさみ,HDD9DJVTB,Lotusky,573,0,9734,465130,4,4,1,4,2,4,4,2,25
VB65PBGK7,ko,LLDLG20UU,UR取り隊,526,0,9735,465040,3,3,1,3,3,1,4,2,20
KALPUPB0C,にんにく,9UKKACGDU,蓮っ子CLUB,773,0,9736,464950,1,1,1,2,2,1,1,1,10
1W6NYSXDG,勅使河原　奈津那,KWX0HVHCT,梢と綴る刻,979,1,9737,464900,7,9,7,7,6,4,8,2,50
DDMU97W2M,最近の暇人,CXG25026E,泥のみんなS,672,4,9738,464873,5,7,9,10,6,5,7,2,51
CWWPP68V2,てぃむす,6D49YVAT7,ユニット愛で隊,751,6,9738,464873,4,4,1,7,2,2,2,2,24
YZ14B4ENJ,しろ,JWKMYEELY,伝統工芸愛好会,1467,3,9740,464720,10,7,6,9,9,8,10,2,61
NF3UJCA9U,IcaroAlt,REUA4H17B,LLLLBR,337,0,9741,464189,6,5,5,3,3,4,1,2,29
SOK8JIYII,menchi,9YG7C0VM7,綴理と無言で昼寝,1118,6,9742,463960,8,7,5,6,7,6,10,2,51
NF4U5CF7K,氷の翼,5WUDLMWEP,蓮ノ空は明日ノ空,801,2,9743,463910,7,8,8,7,6,6,5,2,49
K87UPA3NC,袖付き,TK9E1BB1P,無言で自由,1410,15,9744,463870,10,10,10,10,10,9,10,10,79
MZLMO6VQ7,ちあき,TBFU5R6H1,明日ノ空,880,3,9745,463780,4,4,4,9,5,9,4,2,41
YP5CYBYP1,らな,1618JMRED,リンクラ自習室,821,0,9746,463730,7,7,7,7,5,6,10,6,55
XHTEM8U07,ぐっち,DKPMRA0TA,蓮ノ空奉仕部,786,0,9747,463690,10,5,6,5,6,5,4,2,43
JXWFD0Z1N,えあ,DPTR37YVB,とりあえず参加用,541,0,9748,463420,1,1,3,4,3,1,4,2,19
XXTUPKW4H,ロコア,Y2P9LABR2,スクステ同好会③,1073,6,9749,463370,2,3,1,1,2,1,3,3,16
BRZTZ85OY,みたこ,1UBNNHVLG,蓮箱推し（仮）,1315,10,9750,463190,1,1,5,1,2,4,2,1,17
LJ1U0JNJ8,chaso,38JXMDXBT,蓮ノ空WATCH,956,6,9751,462740,6,4,5,8,4,5,1,2,35
9KNMJBYV4,学院生?,828YTYAA9,箱推し社畜の部屋,1089,5,9752,462610,10,9,6,10,7,7,9,2,60
C1MF4TITV,すみめぐ推し,DHKUGEWBJ,めぐ党虹ヶ咲支部,978,4,9753,462560,7,5,4,5,5,2,8,3,39
8UJPHW4X4,ふじこ,CDY5ND029,鳥もも塩だれ定食,839,1,9754,462520,6,5,4,5,5,4,5,2,36
LFJ7NXMX6,しゃみーぬ,Y3ALWMXMP,いぬ小屋,1102,4,9754,462520,8,10,7,7,8,7,10,2,59
YBBG3SHRJ,む〜ん,9VDEWVP01,瑠璃乃の集い,1133,5,9756,462070,8,8,8,6,6,6,6,4,52
RLRG72PFU,NEXUS,B6KWXGHWH,蓮ノ空SIFC,1124,1,9757,461890,9,8,7,7,7,5,8,2,53
6FRUYD39P,ぼたもち,762FM3JV4,一蓮托生,207,0,9758,461350,9,4,8,1,6,4,2,2,36
CHBVE7C1X,haruuha,96LWYJ3Y6,無言絡みなし,680,6,9759,461300,5,2,7,3,3,5,1,1,27
R909YAC39,だんでらいおん,0CBM28JP6,ほうき星,1149,6,9760,461282,8,8,5,9,7,4,7,3,51
BPJ9JMF31,柊,1EBG7YUTL,菅！CAN！叶！,951,0,9761,461210,7,7,8,4,5,4,7,2,44
6UUGOEVRF,クッタン,6LJMPLM0V,蓮が大好きクラブ,1070,2,9761,461210,10,8,6,7,3,7,9,3,53
KKENBLUK2,百生吟子,MXRMXDY28,とし,558,2,9763,461080,10,4,2,10,1,4,6,2,39
363IPIRQ0,冨樫美夫,REUA4H17B,LLLLBR,371,0,9764,460900,1,3,1,1,1,1,1,1,10
HWVILAXDA,アレス,XR2P2LDY3,蓮ノ空さいきょー,1281,6,9765,460630,9,8,5,10,8,5,8,2,55
723EU6TA7,あんちょび,GVNKNN878,Aqours,472,0,9766,460270,2,1,4,5,4,4,5,5,30
02RQBBSEZ,ゆずちゃ。,9JTF508LB,スクスタ亡霊部,618,1,9767,460090,2,3,3,1,2,1,10,2,24
VK6PFSC62,犬那智,UJ1ERTNK0,デイリー消化,636,2,9768,459860,10,5,6,4,2,1,1,2,31
MP92Y4A8E,クゥちぃ,1KDUBW4HB,めぐ党0番,591,0,9769,459820,8,2,5,7,7,7,4,2,42
R21K43V10,Solarix,PH0YEPJD8,蓮ノ空北國金沢,1109,2,9770,459770,10,10,10,10,10,10,10,9,79
7LE0ZFYAS,のどか,W0L71MBKT,百合ノ花園同好会,1126,2,9771,459640,10,8,9,8,7,7,7,2,58
FKPGLDR8N,じょう,7B07VRW2N,藤島メグミルク㈱,1167,6,9772,459590,3,7,2,5,7,1,7,2,34
0H39XEK1J,あちゃ,P4NGERDXF,こじらせ部,905,2,9773,459572,1,1,1,1,2,1,1,2,10
9KSVK0PQD,タカナ,YD2XWWFA4,蓮好き好きクラブ,1190,2,9774,459410,7,2,6,9,8,7,5,2,46
5WHVTNGH4,とわ,X0TFG829Y,ボクのおうち,370,2,9775,459230,9,9,7,5,9,4,6,2,51
ACKGUME04,ぷる,7A9FXA5HH,ひめまつき,1200,14,9775,459230,10,6,7,9,8,8,10,5,63
94WO1N00N,りょう,F2M746D4B,頑張らないクラブ,1084,6,9777,459059,5,8,5,6,7,5,7,1,44
W9MUZG7U3,ゆず,TD87P23DJ,黄昏の旅団,987,0,9778,458920,8,9,8,10,9,8,10,6,68
QN0VROOIL,ヨッシー,Y6JNPC60C,綴理メイト,1066,0,9779,458650,5,10,5,10,8,1,4,2,45
I8TFF5BSR,Franchii,9UKKACGDU,蓮っ子CLUB,1067,5,9780,458560,10,9,4,5,7,6,8,4,53
MVTHT5FHL,ミカラ,Y7KJ3PM8P,蓮すきすき同好会,1451,17,9781,458510,10,9,8,9,10,9,10,2,67
2RUNP29BL,ざいたくさぼり,G2B2TC3PK,iLiFE!,617,2,9782,458240,10,10,9,10,3,3,5,2,52
DQIBFX8WY,꧁Novice꧂,XLBU65J86,花の壁飾りクラブ,1172,8,9783,458200,10,8,7,6,7,5,8,3,54
AC035TMAA,のりくらおりこ,866DU609J,ラ！スレ@may,991,2,9784,457750,7,7,5,9,7,7,6,2,50
D1SB9N1KM,KuKu,YD2XWWFA4,蓮好き好きクラブ,870,3,9785,457660,5,1,1,8,7,5,2,2,31
JBJL24CGC,りく,GR65FP8VN,蓮好き,1294,4,9786,457610,10,6,6,8,7,5,10,5,57
GEE1X93KT,卿,EMVPJTR2Y,ぼっち,963,7,9787,457570,7,8,6,8,5,5,7,2,48
97SKMI2HG,もろこし,96LWYJ3Y6,無言絡みなし,992,1,9788,457480,2,1,2,1,5,1,1,3,16
G16HYNTAQ,たいやき,J79LGCKKF,蓮ノ空コーラス部,1059,2,9789,457340,2,3,3,5,5,7,3,2,30
5JNNJHFVA,takahiro,7NJM1VURM,らんるん部。,1055,0,9790,457178,8,5,6,8,7,7,6,2,49
D2G2XW2LF,鳥バード,LX25CP0TG,深夜の芋煮処,851,1,9791,457160,1,1,1,2,2,1,2,2,12
OFHDW7B5R,Arata墨,N1JAJ83CA,蓮ノ空園芸部,1012,8,9792,457120,5,7,6,9,7,5,7,3,49
V3U6YMADL,P-MAN,WPG6BCG83,基本無言,1002,4,9793,456760,7,8,5,8,8,5,8,2,51
PRGH96HTB,ひろしま,48N7HVJH8,KER,946,6,9794,456710,5,5,7,7,3,8,6,2,43
V281790FH,white,HK0E91U71,放課後写真部,1023,10,9794,456710,7,6,7,10,6,5,5,3,49
49JVWDYM2,れじすと,RXXUPMWB9,待機室跡地観測所,1098,4,9796,456670,7,7,5,7,7,7,9,2,51
P9Y8S7M2X,抹茶じぇら〜と,333AUNMN7,乙宗家,683,2,9797,456665,1,1,4,1,4,2,1,2,16
LGV309947,ko,HXVYGL96H,初々しい対抗戦,596,0,9798,456620,10,10,10,8,9,1,4,4,56
BJ5CGWTTV,坂倉花すき,7NJM1VURM,らんるん部。,526,4,9799,456580,2,6,1,1,4,1,2,2,19
K3HBRPHYH,れん,C8A9CTB34,蓮ノ空山岡家部,445,0,9799,456580,4,2,1,10,4,2,1,3,27
99LMAXZD5,Kosmo,28XJ8NK4L,蓮ノ空まったり部,846,0,9801,456490,9,6,7,7,9,7,10,2,57
XAHK3TAW3,タツヤ,N287M17E3,プセやってるお,483,0,9801,456490,5,10,1,8,9,7,10,2,52
UA2ETHHF1,thony,6YTAMD33M,リリエンフェル党,254,0,9803,456260,4,5,3,3,3,4,1,2,25
A72EPB8LL,御萌神AYu,FK8EUX6V3,ゆったり蓮ノ空部,863,2,9804,456220,7,8,7,4,6,4,7,2,45
APEEADBAQ,hanaron,4RATY4E84,DC大好きクラブ,1071,7,9805,456170,7,7,6,9,6,5,8,2,50
30JAHT41T,はちまき,15UKCFG7X,ろーたすぺたる！,943,10,9806,456080,7,8,3,10,4,3,3,2,40
132G43YY6,はんぺん,9E910GGD2,蓮ノ空給湯室,1227,2,9807,455990,7,7,6,6,6,1,8,2,43
1DJDX8QSK,T.A,AND13836G,乙宗梢親衛隊,1305,12,9808,455900,6,5,1,8,5,1,9,2,37
E2XXVGU0C,みき,ABU58EVJ2,Quatuor,823,0,9809,455770,5,2,2,4,4,4,4,3,28
3Y7CENE77,ちゃづけ,YAY2UK2CT,蓮の空研究部,718,4,9810,455720,6,5,7,4,6,4,2,2,36
6D8HVRYXG,わわわ,5C71R2VCV,蓮輪会(仮),981,5,9811,455639,10,6,7,8,7,10,8,4,60
6WGWBH3B2,コンパクトD,NGMU0511T,無言のお茶会,895,0,9812,455500,7,6,4,8,7,5,9,4,50
YNTOLZYO0,トレミス,B6KWXGHWH,蓮ノ空SIFC,1353,15,9813,455450,10,10,8,9,10,8,8,8,71
X8PV9KJYO,なかじ,B4ADNM80X,山本組,1503,19,9814,455320,10,10,10,9,10,8,10,5,72
HRWZRFW5B,鳳梨,E7UBFLW56,同好会の同好会,1215,2,9815,455180,9,9,7,10,5,5,9,3,57
K695LL78P,AKRS,L28X4MDJN,アフター観たいぞ,816,0,9816,455050,8,5,6,8,6,3,4,2,42
KEAHCZS6K,んぱ,1F5EPPMLD,UR貰えればいい,636,4,9817,454910,2,4,1,3,8,1,2,2,23
2C5M0GLC8,sylnyma,4RNUXBXGL,みらぱ最推し,441,1,9818,454730,8,4,6,5,4,6,2,2,37
YUL8Z4IQG,さくらふけい,D7UA5ER1E,UR報酬欲しい！,684,0,9819,454640,5,1,5,1,5,1,1,2,21
WAR1MMJQQ,フレイムセイバー,EYEPHE14G,花上梢頭,1164,12,9820,454613,6,5,1,2,6,8,2,3,33
58X0AAMKG,kd.,YAD92UYGC,蓮ノ空を信じろ,1239,0,9821,454600,10,8,5,8,7,6,9,2,55
22KBA5W88,K4zus4,88DJ300PJ,めぐ党 • 永遠,1233,5,9822,454550,9,10,7,8,6,6,6,8,60
HMS9P9F5X,はなよまる,53M4V2BVG,吟子の髪飾り,1099,3,9823,454460,2,2,2,2,2,2,2,3,17
95KRJK57Y,丸山権斬麗頭,3194B9E93,初心者寄り合い所,308,0,9824,454442,4,3,5,5,4,2,1,2,26
A7ERNVBCD,ume,1F5EPPMLD,UR貰えればいい,337,0,9825,454240,9,4,3,5,3,2,8,2,36
8VP1X89DE,JIN,2CRT48K9F,百万アンペア,308,0,9826,453929,7,5,6,7,6,6,7,4,48
5FKCL0KRR,べがすぅ,AYDP5L9V4,乙宗梢好き好き部,1205,18,9827,453880,7,9,10,9,7,6,10,2,60
J9JR23VVB,EVAN,UHWA4YLWP,蓮ノ空を見守る会,893,2,9828,453830,7,2,2,4,2,2,2,2,23
TUGAATPBP,あんつぶ,F2CFWVMY9,藤島め組,1209,5,9829,453740,4,6,6,7,2,4,4,2,35
23OAW4N90,石の海,BYA3FA0X8,無言ぼっち同好会,988,2,9830,453650,8,7,5,8,2,4,4,2,40
TTICNX30I,粒あん,UYCT3Y4JK,蓮っ子,1096,3,9831,453587,5,5,4,6,6,5,8,2,41
LR1D06ZZF,さんむ,8UJNTV5BX,のんびりと部,1097,0,9832,453520,7,9,8,4,6,4,10,1,49
VK2E9YV9X,すばるん,KA652DGYV,ゆるリンクラ,905,2,9833,453470,2,1,1,2,2,1,2,1,12
PW11GVLY4,ハルカ,V8XX999F6,卍蓮村幼稚園卍,349,3,9834,453430,1,3,4,1,5,1,2,2,19
0D91HHL40,はなんぽ,ELTW62751,安全バーは君の腕,1006,7,9835,453245,3,3,1,1,2,1,1,2,14
T68B6KGHT,テンテン,XN2VEA6DN,無言,968,4,9836,453160,7,8,7,7,7,4,7,3,50
B318C95TU,区間準急,FG9A9ARX1,忙しい人あつまれ,596,0,9837,452732,7,6,7,7,2,5,1,2,37
VUNH7FEL1,じょーさん,M67ACEP3M,オーバーブースト,660,0,9838,452530,5,6,9,6,4,1,2,2,35
G557GBTEJ,ポテチップ,FJV83JWG5,CANVELS,1080,8,9839,452480,5,5,1,2,1,1,10,3,28
P1MC80NX7,香風ここあ,6KUYCDLGR,かよちんは宇宙,748,1,9840,452440,10,4,4,9,4,1,1,3,36
D0FJJUMLW,イコ,AND13836G,乙宗梢親衛隊,351,0,9841,452390,2,5,2,2,5,1,1,2,20
Y7TCH1YC2,k.n.,L1VGJTD5P,蓮ノ空お茶会部,961,7,9842,452210,6,6,5,8,6,7,7,2,47
J4MCX1VK1,SDIAFOOT,N7GLY2RUW,百生銀行,1158,12,9843,452030,2,3,4,1,6,5,5,1,27
B27XW8EGP,KOL,TDHKGHFPA,無言参加○！,1085,2,9844,451900,8,8,7,7,8,7,9,4,58
A31MBD4WU,なで,JH5FX56N2,のんびり,940,1,9845,451364,9,9,8,6,6,6,4,2,50
M7R461AQ4,みりおん,R1RM3X0WV,後方腕組みオタク,1303,14,9846,451310,10,10,9,10,10,9,10,8,76
XK3JHH5XN,涼夜,PWK02KG0F,メメントの森公園,577,3,9847,451180,2,4,1,2,4,1,1,2,17
6666R8RP2,ぺー,FHN78V2DJ,無言でどうぞ,1064,0,9847,451180,8,8,7,7,7,6,8,3,54
PHWCWVPF0,りうくまん,5YEE75CB4,ロビーで待ってる,536,0,9849,450910,7,7,6,5,7,7,8,3,50
H13D7EBY5,トロ,A3472CNJE,ハントン✿ライス,312,0,9850,450860,3,3,1,1,4,2,2,2,18
8P0HM83YA,Ein,ABU58EVJ2,Quatuor,1080,4,9851,450820,7,7,3,8,4,7,9,2,47
GW46RAVCA,トルチェ,8BAYBXUXC,スリブ大好き♪,887,3,9851,450820,9,10,7,10,5,4,4,3,52
U5RY738R6,むみぃ,407VAU0TT,ログボ勢の集い,969,1,9853,450680,7,8,6,8,7,5,9,2,52
QQNIII9Y6,_φ(･_･,PUJ0ERCMW,蓮ノ空倶楽部,1218,8,9854,450640,5,7,5,6,5,2,9,3,42
JRMR2NHO4,Remu,BYA3FA0X8,無言ぼっち同好会,976,12,9854,450640,1,6,8,9,8,1,8,2,43
R4RANSWXE,ほもっち,0LNYFG35X,メカりきゃこ,867,2,9854,450640,5,8,8,8,5,1,5,2,42
NPL4B2MJP,KT003,0PJ19NAE3,蓮ノ空同好会☆,595,0,9857,450460,4,2,4,2,2,5,2,2,23
D6D0Y3A08,あおいそうま,RBH0YM8P2,蓮ノ空ラーメン部,1160,5,9857,450460,9,10,7,8,9,6,10,2,61
KMNJY7G0N,ヨハネ,AL5YV097L,個人,553,0,9859,450230,10,6,5,6,6,3,5,2,43
Y4TENKYGR,いわさん,9XNH0HDBN,蓮ノ空∞園芸部,327,0,9860,450190,4,2,2,3,5,2,1,2,21
LBPEXTZ9X,duck_mvr,RAVU6J2AL,天使天才安養寺,715,0,9861,450140,10,6,8,5,7,3,7,3,49
BGMAMPMNM,sh-,3HDDYR4FU,旅人,718,3,9862,450010,9,9,8,10,10,7,8,9,70
DMCU6GUU6,ocean,BXGNMY466,ライグラ用,440,2,9863,449830,7,10,5,9,8,7,4,2,52
8R5IM7XBS,ばっさぁ。,FJMA5BPPE,蓮ノ空すきすき部,999,6,9864,449780,8,1,5,10,5,1,5,3,38
VAO45316T,四条烏丸,4WRYNBWU1,小さな蓮ノ空,869,0,9865,449560,3,2,8,1,6,2,7,2,31
BU3BTBG24,てる,8MTLYLH9F,木星月華黄金宮,999,1,9866,449330,10,9,6,8,7,5,8,4,57
82X7CD8GF,たか,80VRCG1BY,みらぱ同好会,306,1,9867,449020,3,2,4,3,3,3,1,2,21
26NFI9EEQ,もりな,9T4VJXJ01,おためし,675,0,9868,448930,5,7,5,3,2,1,1,2,26
5469C8XKB,ナムウ,0B8RTHY4D,のんびり屋さん,1135,5,9868,448930,10,6,7,8,7,7,8,2,55
5EM411F4N,Ryo,2B97MH4YA,同じ話し何回も…,419,2,9870,448880,9,6,6,5,5,6,3,2,42
V1LUUA7GE,F7YNNC2K,UHF5Y8PEF,さやちゃん倶楽部,960,1,9871,448790,8,4,6,7,8,10,10,2,55
6J0NK5FNQ,黒咲,3BE2RELRC,見晴台,1001,1,9872,448700,2,5,7,7,6,7,5,2,41
CDFT2X7JE,アデル,GJCKB88YE,P&S,751,0,9873,448610,9,9,7,8,9,6,6,3,57
VUJLGLPG6,アクト,5YXVKDEKV,サークル(仮),637,4,9874,448520,3,1,1,3,3,1,3,2,17
M10T39KTE,さくら,8BAYBXUXC,スリブ大好き♪,571,2,9875,448430,4,7,5,10,5,7,8,5,51
2T9FX5BE3,Pazuru9,M206VENTF,蓮紺の会,723,0,9876,448340,4,1,1,4,8,1,10,2,31
GWB5A2Q69,Xナイト,UHWA4YLWP,蓮ノ空を見守る会,1152,5,9877,448115,8,8,5,6,7,7,8,2,51
HYMGGAI6D,Lunia,GVT61ATX0,なのだけれど,1059,4,9878,448070,2,1,1,1,4,1,1,2,13
71YZW81WW,Elylyn,M0HHDC9CJ,自分用,1142,1,9879,447940,7,6,7,7,6,7,8,4,52
JOZK41NKF,くるくる,CM5THHYHB,「」ノ空だけれど,1068,0,9879,447940,6,8,5,7,7,5,8,2,48
E5L0427X6,さっと時々ちっと,W9V6VTXAN,梢先輩の歌声好き,537,0,9881,447890,6,6,1,6,3,1,1,2,26
A1XTG2FKM,Shou(TT),0NLHKATWL,生きてるだけ偉い,726,0,9882,447710,9,8,5,8,9,4,7,3,53
A4KKXEGNB,？,5HFRK5BHL,中文孤兒社團,323,0,9883,447670,5,10,6,4,4,4,4,2,39
X6D5T3NYG,紅音,VF517JBVB,無言でいいよ。,820,5,9884,447620,1,4,7,2,2,4,4,2,26
4U6LRWWAW,香風ゆい,NLTAB4BLF,蓮ノ空ゆる活動部,168,0,9885,447580,2,1,1,3,2,2,3,2,16
KPDU0MRX4,塵璃ちんり,NC2YT2V28,蓮之愛同予者何人,472,2,9886,447530,1,1,1,1,2,1,1,1,9
ONBYD0CIZ,かわいぺんぎん,BW38LDPRF,蓮浦の星空,1372,11,9887,447350,9,9,6,6,8,5,5,5,53
6N5456B15,にゃるかな,0JY7F3EKU,さやか愛でる会,977,2,9888,447170,6,7,3,1,2,5,1,2,27
U4GWKE30N,Suica0w0,J800VVPTN,Aqours,985,11,9889,447089,3,2,9,1,2,1,2,2,22
P4ZUP4LKK,千の蓮,DU869RX4R,千の蓮,749,0,9890,446860,4,4,7,5,7,2,9,2,40
Y75QWQX7T,亀行道,6TH8LRKE5,休日∞休日,1027,3,9891,446576,6,6,6,4,1,1,1,2,27
YJIZEENLF,よこぴ,AE3L01V24,LOVE蓮ノ空,1114,15,9892,446180,9,7,6,10,9,8,7,3,59
CR3LMVT1M,ユウ,8AT7V1C7L,初心者です,193,0,9893,446050,1,1,4,4,2,1,1,2,16
3FMJBPM7Y,たま,KC1W74B9B,蓮六園,778,2,9894,445721,10,8,7,7,7,6,8,6,59
7TXLCB2F1,マグロ,01YK4N868,ソロサー,1411,11,9895,445600,8,8,4,6,5,1,10,2,44
JX22PENHD,Jerry,7X71T9R7J,憩いの場所,155,0,9896,445240,1,1,1,4,3,1,2,2,15
4KHPWU5U3,あづみん240,6BFC4G5YG,蓮ノ空足湯同好会,607,0,9897,445190,10,10,2,5,7,8,1,2,45
PGBRJ4BWR,ふかざわ,A7WWE0463,蓮ノ空初心者部,502,2,9898,445037,6,5,6,9,10,4,6,2,48
K9LJ8MBBA,りすこん,FVJFA973A,月猫愛好会,1081,3,9899,444970,4,4,1,5,4,5,7,2,32
M87NLLA1X,ノブ,69LBVUA8R,姫芽、さやか推し,608,0,9900,444790,10,6,3,5,5,6,9,2,46
927D18RDN,チェヨン,N94LEWF2D,無言よわよわの会,292,0,9901,444650,4,4,3,3,3,3,2,2,24
C930RLR4W,yunoji,RM7N1JDB5,無言推奨不干渉会,1467,5,9902,444470,6,6,6,6,7,7,1,2,41
7HFCC0AMP,東城真紀,BBNEWB1UA,蓮ノ空紅茶部,250,0,9903,444182,1,4,3,2,2,2,1,2,17
C2WGUXXC1,リヨ,E8P2VN49C,ポタリング部,682,0,9904,443800,7,10,4,4,4,7,9,2,47
27XHCEVK6,ぬめ,G6EH0KHT7,なんもわからん,811,2,9905,443620,10,9,6,6,7,1,5,3,47
JJDJTNAV3,♡真鍋凪咲♡,FK5MUK0ET,くる♡すきクラブ,693,4,9906,443570,9,4,2,10,6,2,2,2,37
WGYXM0RJY,Le7-レナ-,EE4BKR0AR,まったりプレイ,1147,2,9907,443440,9,8,6,7,7,5,8,2,52
1H9JO3P85,緩田(ゆるた),XR2P2LDY3,蓮ノ空さいきょー,1328,2,9908,443390,2,1,2,3,2,1,1,3,15
V8CGJMNB5,zzz,J800VVPTN,Aqours,996,2,9909,443030,9,9,6,7,8,6,9,5,59
EX9LPG57P,月詠ルナ,E1HVJ71JR,ご自由にどうぞ,212,0,9910,442990,1,1,1,2,3,1,3,1,13
Y6KDMLHNL,ルカス,HBCC35887,そりゃー!!!,606,0,9911,442814,7,4,8,8,2,4,4,2,39
GB0XE3UKC,くらいん,8M2MFU9U0,リンクライブ,881,0,9912,442810,8,3,6,5,7,7,2,2,40
50CV22R59,ミリュウ,5HK79LMM2,自由庭園,680,0,9912,442810,5,5,6,6,4,1,6,2,35
HC8DW3FXJ,meromero,N1JAJ83CA,蓮ノ空園芸部,883,8,9914,442490,1,1,1,7,3,1,2,2,18
GP3WLHOX4,van,AAHB7C276,HaCordVN,800,2,9915,442450,9,2,1,4,4,1,1,2,24
A04C21DT0,北京・ダック,8K30KYNP1,チェス党,1090,2,9916,442400,7,5,5,10,7,4,7,1,46
B3XUDAE3D,熊熊,H1LTYMK0B,花帆が可愛いの会,852,2,9917,442360,10,5,2,6,5,5,2,2,37
HEAR0EBTY,セラスすきすぎ♥,GG56G6WKD,FF43企鵝冰屋,1114,0,9918,442270,7,8,1,7,7,5,9,2,46
L6JCI99I0,rebby ♡,BXHG2KXAD,idol.st,690,2,9919,442220,10,1,1,4,2,3,6,2,29
6JKSIP7WS,えずはち,6BFC4G5YG,蓮ノ空足湯同好会,1215,2,9919,442220,9,8,5,7,9,7,6,3,54
B2U7ECVU6,cCal,WWWUTP96L,異次元からキマシ,944,1,9921,441959,9,4,4,5,6,4,4,2,38
XY886KL2P,谷々,HXVYGL96H,初々しい対抗戦,1096,14,9921,441959,7,9,5,10,9,8,10,2,60
7ULWY3GMP,もちこ,X45T3U322,アニメ最高クラブ,871,5,9923,441910,1,1,2,1,2,1,1,2,11
3LHMQKKQI,スギレオ,H1G4CDT6C,無言自由,744,2,9924,441770,1,1,3,2,2,1,2,2,14
701KY8A5F,Lily,C68491XHB,みらくらぽーく！,768,2,9925,441460,5,10,7,4,4,1,1,2,34
6UF7V3MTG,たぬこ,T48KV9EP2,無言ぱーく,290,0,9926,441370,9,8,7,7,6,5,5,2,49
A7PV6YSJ1,Elton,60KU468X3,はっすーず,636,0,9927,441275,7,8,4,4,5,4,4,2,38
ANW64F76K,めんトール,HPTHY23VR,蓮ノ空文芸部,1176,6,9928,441050,1,6,7,8,9,2,3,2,38
P33MEPT1F,Kawacyan,3FF3NB77X,せーはす愛好会,1019,1,9929,440933,7,8,5,5,4,4,4,1,38
F7LDMC7M5,しの,2K5AM4RV0,とろぺりです,1569,18,9930,440780,1,9,5,7,2,1,2,1,28
KCVHIKQH3,MiNG,HWWRP6K2J,家に猫がいます,946,0,9931,440740,8,8,6,6,6,6,9,2,51
AVHCRJNN6,なお,LX25CP0TG,深夜の芋煮処,1039,0,9932,440650,5,7,4,8,8,7,9,2,50
WBJ28H1B6,しんじ,4G729J6TX,トキメキ同好会♡,809,0,9933,440560,7,4,4,4,2,5,5,2,33
CRHHX4K9V,Art,R7VEXFUBP,蓮ノ空応援クラブ,227,0,9934,440470,4,1,5,6,2,4,4,2,28
HGP8X2JY6,しーにゃ,NFMEGRJ45,社畜無言サークル,439,0,9935,440380,2,8,2,2,2,10,2,2,30
FV2KFUP8G,ジャガ,CRYB2FJ64,つくよみくらぶ,768,3,9936,440240,2,1,1,1,7,1,2,2,17
3M860RPRX,バリカタ,PHMJLJY5E,ラブライブ愛好家,1043,8,9936,440240,5,5,7,7,6,5,10,2,47
BFWLCW0HP,ふる三郎,0JCT9R049,蓮隠れノ里弐,870,5,9938,439970,9,5,7,4,4,1,4,2,36
8C0R07V2I,ごん,T56X6LP0L,光の海,1414,11,9939,439930,9,8,9,9,7,7,9,4,62
0FUSCI3MU,イナモン,HWMV33W7Y,フラワー泥民館,901,1,9940,439907,5,6,6,6,4,4,4,2,37
2RM9M70KE,さくらもち,427WENUC4,心の癒し～蓮ノ空,830,1,9941,439880,7,9,4,10,4,2,10,2,48
232SRA1DQ,クウカイ@多忙,FNMV166UY,蓮ノ空喫茶部,1249,18,9942,439790,10,7,9,4,5,4,10,2,51
KFU6PD2NF,ふぁんこ,CRYB2FJ64,つくよみくらぶ,938,2,9943,439700,1,3,3,1,2,1,1,2,14
HGFPNIKWQ,ともとも,6E27A15ER,蓮ノ空自由クラブ,1092,4,9944,439660,9,9,5,7,7,6,7,2,52
635AANU2G,Feral,ETAMCYHME,蓮ノ空お昼寝部,774,5,9945,439570,9,9,9,9,6,5,4,3,54
SILA21JL4,フルムーン,GLP0WPDRM,イベント用の泥,591,2,9946,439480,7,4,5,10,2,1,1,2,32
1GYLKG7A1,なな,3L3TAA862,チーム用務員,612,0,9947,439394,3,4,1,3,4,2,1,2,20
7U1801MJT,カイト,AXGGJ4EJ1,所属だけしたい部,457,1,9948,439250,9,7,8,9,5,5,4,2,49
4LXBDC7FD,ぐっちー,JWUL2T36L,チーム初心者,548,3,9949,439223,1,4,5,5,2,2,1,2,22
44GG2V1Y5,シャオラ,AC94W0LN2,無言で自由に,696,0,9950,438940,10,8,6,8,9,7,8,2,58
70WFYL30W,SK,EWM0GK62C,誰でもどうぞ,1030,6,9951,438881,9,8,5,7,8,3,8,2,50
M2LWKGT6R,ホリー,D4T08RK91,リンクラ同好会✿,715,0,9952,438800,10,5,7,5,6,4,7,4,48
Q45T194E6,きなこ,36T6UB6YA,まったり箱推し部,1167,7,9953,438710,9,9,6,9,8,5,10,2,58
DT5MNHARL,Aloloy,3194B9E93,初心者寄り合い所,276,0,9954,438620,8,3,3,3,4,4,4,4,33
WNRXHRAIB,ろーたりー,NA8FEYN0M,蓮ノ空飲酒クラブ,1074,8,9955,438490,10,10,10,9,9,8,8,2,66
G9X5JFXPK,たむたむ,JRAC1HYUD,SPHS-MMT,1066,0,9956,438440,7,4,3,1,7,6,2,3,33
XABXPWC55,むねりん,XA0XD41CM,ぼっちぼっち,627,0,9957,438400,5,5,6,5,6,6,10,2,45
13LCBT7EU,つぅくん,6YTAMD33M,リリエンフェル党,446,0,9958,438368,9,2,1,1,1,3,1,1,19
N3UZV1LCP,ニッコウガロン,C6V311T2P,LotuSky,1118,7,9959,438260,5,9,4,9,9,7,10,2,55
URVC0YFPH,カサネ,HWRFN2AK4,あいこうかい,752,2,9960,437860,7,1,5,9,1,1,6,2,32
R7FVRG3AW,トモ,7MPNTWKTN,Dreamers,463,0,9961,437720,6,1,2,4,4,4,2,1,24
KH4X5VA6F,Acce,AWFDLJ1HC,小蓮花（重生版x,1043,10,9962,437630,9,3,4,5,4,6,7,2,40
UV99K7T0X,ＳＳＳＳ,1U4JN5CXB,LLユーカー部!,668,0,9963,437540,4,3,1,6,10,4,9,2,39
ENXN17A3N,斎藤,LTAG28AVM,蓮ノ空同好会,989,0,9964,437410,9,5,4,8,7,8,7,3,51
CMH3C794R,COA,AHE0E3JND,ありがと！にひっ,794,2,9965,437090,10,2,6,8,6,5,7,2,46
5F9JJH7R2,ふがし,X7YM9EG8K,伝統の石川地酒,641,0,9966,437000,3,7,4,7,4,4,4,2,35
A3T1Y2YLB,アマルーラ,8J1GJT2BC,近畿の大金沢,1206,2,9967,436690,9,7,7,6,2,5,7,2,45
12RGI9ZFX,MAZ,M0HHDC9CJ,自分用,1265,1,9967,436690,8,8,8,8,7,7,9,5,60
19TXZF15B,ガンガンガン速,ATB27G5P2,おこめ茶寮,1023,2,9967,436690,10,8,8,8,8,8,10,8,68
MPS4QJI37,ハンメル,HPFGWGK6N,蓮ノ空デュエル部,1278,10,9967,436690,9,10,8,8,8,8,9,3,63
61DD61KJX,sciroc01,DMDVHGFUG,インドネシア仲間,1174,9,9971,436600,7,4,5,8,8,8,10,10,60
TEWYXCYYK,むすび丸&阿炎,04G7TDAY3,むすび丸１世,1173,11,9971,436600,8,8,5,6,6,6,7,2,48
7DMLGDNTT,エロマンティウス,9DFV9UTW4,白ひげ海賊団,286,0,9973,436487,5,7,5,3,3,2,5,2,32
78CJ7XWA0,タズ,1G89KTD5X,サークルひとり,1118,1,9974,436280,9,10,8,9,8,7,10,2,63
DMJ3B9TRP,招き子猫,57UT319NN,蓮ノ空同好会,558,0,9975,436060,6,4,1,6,6,5,4,2,34
P19HW8UGA,べし,1U4JN5CXB,LLユーカー部!,1047,12,9976,436010,2,1,1,2,2,1,1,2,12
J9R68DPP0,あせと,WE4AB37FP,めぐ党,558,0,9977,435830,8,7,6,7,8,6,9,4,55
OS5JX1KL9,ゆっき,4RNUXBXGL,みらぱ最推し,992,11,9978,435740,6,5,10,7,4,7,4,6,49
WDL45HKC6,榆井希实,W9V6VTXAN,梢先輩の歌声好き,133,0,9979,435632,10,10,9,4,5,7,2,4,51
SUGL4ZTMJ,プラネタリウム,V8XX999F6,卍蓮村幼稚園卍,1235,4,9980,435610,6,9,5,10,6,4,8,2,50
UUFFY3934,inoue,WCL6R1ANU,無所属の会,412,0,9981,435470,8,7,7,9,6,5,4,2,48
XD52W4WJF,Lieushei,TTDBXERCU,蓮ノ空 全力応援,296,0,9982,435380,9,9,9,10,8,4,7,3,59
IAYIQ5MJS,タマゴサンド,ABALH0AL3,楽園計画,1035,12,9983,435110,10,10,10,8,6,6,9,4,63
RTLV7JYLK,ゆーじゃ,WNA5GTJPP,蓮ノ空百合クラブ,1125,7,9984,435070,6,5,8,9,7,8,9,2,54
0445NN0WE,やまねこ,U8GLCJVJP,コミュ障用誰でも,174,0,9984,435070,3,4,4,4,4,2,1,2,24
EYRJEL1QU,寝坊助ぼうず,8FR866PRY,蓮っ子みらくラブ,1349,4,9986,434800,8,6,6,7,6,4,9,2,48
LVKAFEXL8,familiar,BW79WAK8Y,片道450㌔,403,0,9987,434750,6,8,10,4,8,1,2,2,41
OX705ZOAC,ハル,1GJRB2L30,地元愛蓮沼団,1337,6,9988,434570,10,8,10,1,6,10,7,2,54
GY819LBN4,ぽちゃ,948FLPMPN,まったりハス煮〜,956,6,9989,434480,4,10,8,4,7,3,10,2,48
L2RGJYGE3,John曉宸,T60EGV8J7,一心L教,980,6,9990,434440,6,4,4,6,4,4,4,2,34
XA11CPPM8,ぐっぴー,M851LEV3N,なっす父兄,268,0,9991,434350,2,6,8,5,6,2,4,4,37
3HUN7PKIG,はなはな,DJC4WJXGV,無言出入り自由,1270,7,9992,434300,4,1,1,4,3,2,5,2,22
CGDRJELNX,かなゆう,V8XX999F6,卍蓮村幼稚園卍,1019,2,9993,434210,6,7,6,10,2,7,8,3,49
S7AM9VH37,Reachka,MUXWTW1GV,蓮の空見守り隊,807,1,9994,434080,7,9,4,7,4,6,4,2,43
NDFULIX3S,Mix委員長,CRYB2FJ64,つくよみくらぶ,1097,11,9995,433940,10,9,7,10,7,9,8,3,63
LJ0BRY5LX,じみー,4XRHRYDW4,無言でエンジョイ,1315,3,9996,433760,9,10,7,10,7,7,10,2,62
NTUSHVOJ8,小使,279NUYU7C,れんこん,1551,18,9997,433580,10,10,10,9,10,9,10,7,75
ENHRD474B,ききょう,9GDHWXGVG,ルリと花咲く毎日,827,1,9998,433540,1,2,1,1,2,1,2,1,11
SASCXKVS7,ライザー,1W054F5D6,のんびりサークル,1149,9,9999,433450,9,10,6,7,7,5,8,2,54
F1WV91T2H,ぷれいにき,RGR1NVGWH,無言推奨・自由村,813,7,10000,433220,5,8,6,4,4,6,10,2,45
NB2LUCGMN,きよ,96LWYJ3Y6,無言絡みなし,689,0,10001,433090,7,10,5,5,6,4,4,2,43
KA8YECFNV,くろぶち,AH27N260E,百生信託銀行,1035,1,10001,433090,8,6,6,7,5,5,8,3,48
C6GWRFRHU,こまち,0B8RTHY4D,のんびり屋さん,1015,7,10003,433000,7,6,5,7,6,7,8,3,49
13CNSYRBU,ヴェル,TM19BMU7C,ソロプレイヤーズ,1130,6,10004,432680,6,4,4,7,7,4,5,2,39
34H7XGK84,ネロ,AVX749PPB,姫芽ちゃん親衛隊,1469,10,10005,432320,10,2,3,2,3,9,7,2,38
86W0FCPUH,月うさぎ,7MPNTWKTN,Dreamers,946,4,10006,432280,8,8,6,8,8,7,8,2,55
L3WPE1XH2,鎌鼬,WFPA7YJE1,蓮ノ空文芸部,897,4,10006,432280,8,8,4,7,6,6,8,2,49
D4744Z90H,美影,6T2PJTL3B,蓮ノ空城,933,6,10008,432190,8,4,6,7,7,4,7,2,45
8AXAAWC0R,みお,E7UBFLW56,同好会の同好会,904,6,10009,432050,8,10,8,10,9,4,4,3,56
6XTFQX0VL,らと,E9RABCUL3,真鍮の真心,1100,3,10010,432010,6,7,4,10,6,7,8,2,50
9WNJYVXEH,桜,E76N52LMW,イベントのみ,752,3,10010,432010,7,10,3,9,6,9,10,2,56
FXJY45DEP,h.連邦軍総帥,06VRVMY1V,綴理連邦軍,377,1,10012,431920,1,1,3,10,2,7,2,2,28
WVEC13NL7,YUTO,UX96YX4T1,『位置について』,277,0,10012,431920,1,2,6,1,5,5,2,3,25
3U5DVETKL,るや,WT275TUAT,ゆっきー組,1107,6,10014,431870,7,8,8,8,6,5,8,2,52
NVG6UG63C,うちだし,1618JMRED,リンクラ自習室,887,4,10015,431560,7,10,1,10,6,1,4,2,41
6X2PSP3DZ,ざっきー,P4NGERDXF,こじらせ部,1446,5,10016,431510,5,4,4,2,6,4,4,2,31
3CZ74WCPT,プレイヤー,PD80VCP5N,虹ヶ咲学園,1145,12,10017,431470,9,8,1,6,5,7,8,3,47
0S5CYTBSO,三蔵,TKVR3KU7L,ネギトロTKG,1130,3,10018,431200,7,7,6,7,4,7,8,2,48
8THSZBSBK,トモ,CT8XW752X,蓮ノ空写真部,1163,10,10019,431186,8,8,7,6,7,4,7,2,49
C12ZUAVF0,すぅ,E1HVJ71JR,ご自由にどうぞ,1139,3,10020,431150,7,8,1,6,8,5,5,2,42
VXR5LR0BG,たろーまる,N1JAJ83CA,蓮ノ空園芸部,939,9,10021,431060,5,8,7,3,3,2,2,2,32
YV3NMUUX0,fumi@みかん,JHTULVV5P,故に瑠璃乃推し,277,0,10022,430880,9,8,9,6,8,6,4,3,53
I1G23P0AA,みことん,N7J2R9JDN,ログイン目標勢!,894,0,10023,430570,1,2,1,1,2,1,1,1,10
0KJMU0G0W,希奈,KXB93FVTR,ブルームガーデン,446,0,10024,430331,7,5,1,2,3,4,1,2,25
YUN9K3JMN,灯里,6C9R15BLY,スクスタ避難民,1382,19,10025,430160,10,10,10,10,10,10,10,10,80
IK97P2WWV,リア,MG1G6F487,蓮ノ空無微課金部,330,0,10026,429980,5,3,4,2,3,1,2,2,22
A84P3LJRC,瑞穂,RM7N1JDB5,無言推奨不干渉会,926,3,10027,429940,1,7,7,8,8,5,7,2,45
VALKH4RN5,えーてる,0B8RTHY4D,のんびり屋さん,1185,10,10028,429890,9,9,2,5,5,4,6,2,42
0TR0VKMFC,藤野深月,A8BJ5V3ET,はすのそら,909,0,10029,429670,5,4,5,6,8,5,8,2,43
AAH3VDC1G,utx_stu,4638YK7G8,四高芸楽部,1104,7,10030,429260,3,2,5,8,5,4,9,1,37
FD31K8N0U,N4mless,8G1UVEL53,ラブライバー拓也,185,0,10030,429260,7,6,6,6,2,5,3,2,37
URW0EFP2H,りゅーの,T2XRMGEAE,蓮根無言会,662,1,10032,429080,4,1,1,3,2,1,1,2,15
GBHHMI4PS,武志,DFFYFJ2B6,つづさや好き過ぎ,876,4,10033,428963,4,2,4,2,4,3,1,2,22
XUDSJNAGR,ハンゾウ,LLDLG20UU,UR取り隊,1341,8,10034,428720,10,9,8,10,8,7,9,2,63
MD8LNLLRH,るな,A7WWE0463,蓮ノ空初心者部,285,0,10035,428630,4,2,1,10,10,2,1,4,34
TSKCTVXEY,氷華,AND13836G,乙宗梢親衛隊,903,2,10036,428270,5,1,1,1,5,1,1,2,17
2P10JVLL1,ALiceTia,N1JAJ83CA,蓮ノ空園芸部,1152,15,10037,428050,2,7,6,10,6,5,5,2,43
6JYHG5NEA,かちゅお,MLC4A3B36,AWCC,194,0,10037,428050,8,4,6,4,3,4,2,4,35
V0XUZM717,ケンケン321,ULUELCJ7T,なるようになる？,1082,3,10039,427766,8,9,6,9,8,7,10,6,63
D2WMDNME7,推しんこ,X784G0GKM,異次元から来た,420,0,10040,427640,5,9,6,5,3,7,2,2,39
1BYL331VV,かほ,57UT319NN,蓮ノ空同好会,228,0,10041,427460,3,5,8,7,6,4,2,2,37
XX6A5R43F,ラビニス,1GJC67JLM,無言の泥,591,0,10042,427420,7,9,3,7,6,4,6,2,44
XPNBADCY2,なつ,57UT319NN,蓮ノ空同好会,582,0,10043,427240,9,10,10,9,10,9,10,9,76
N3P7J01Y9,すもも,0XUV5025C,めぐめぐバブり隊,372,0,10044,426830,5,5,4,5,6,4,5,2,36
811NHE5X5,奏,956A5U6TP,サークル,512,0,10045,426790,10,8,9,9,7,10,8,7,68
9AKRX9C07,まろやか苺,WN3LHKX0L,レンコンおいしい,946,5,10046,426740,8,9,8,9,7,6,7,2,56
ANYJAP53T,セイ,A9MA307FX,楽しいが一番,941,2,10047,426430,3,1,1,1,3,2,2,1,14
66ZYYIYT6,かに,30W3RA65G,蓮ノ空自由クラブ,791,0,10048,426290,1,1,1,1,2,1,3,1,11
FM68D3W4W,爆神,U1X8XUL9G,イベント用？,565,0,10049,426110,5,5,4,4,2,1,2,2,25
231U4VT6U,Helao,7KLYLRUDK,蓮ノ空水族館,556,0,10050,425980,3,2,2,2,2,1,1,2,15
737DY2FZT,Mixed,M851LEV3N,なっす父兄,1060,7,10051,425890,6,7,4,7,6,5,10,2,47
DXKV1LRXY,シズアキ,E050K9859,蓮党,1060,0,10052,425885,9,4,2,7,8,4,6,4,44
KHWMDDEYJ,ほのちゃん,KB5BFK7J6,おはめぐ党本部,1090,13,10053,425840,8,6,7,10,9,5,4,2,51
BKBRXWHDE,s,X87KNX4N3,蓮ノ流星群,1111,8,10054,425620,4,5,1,3,2,5,10,2,32
CTMB5UUCX,テラナイト,M6UPWJ6DU,蓮結ぶ虹と星の音,1082,4,10055,425210,9,6,6,10,8,4,6,3,52
27AUX98C6,earth,F56XEUUBE,みらくら自習室,1160,6,10055,425210,6,7,6,9,7,4,8,2,49
351RD95LX,Shiburin,WLLWJ8ADP,乙宗筋肉サークル,886,3,10057,425170,5,9,5,9,8,6,1,3,46
JNY008SVV,Telegnos,9RYR14H9L,ソロマターリ,1188,3,10058,425030,9,8,6,7,7,7,8,2,54
5PYPP799E,砂月,R083H7WRN,サークル無言,251,0,10058,425030,6,4,7,4,4,1,1,1,28
2AE2FB765,560660,U1X8XUL9G,イベント用？,1166,7,10060,424900,10,7,4,10,10,1,7,10,59
1LCPW0BM1,ぷにしえ53世,29BKKBRBD,蓮ノレッドサンズ,712,0,10061,424580,8,9,7,8,5,4,8,2,51
62L0F13QF,ユウカ,6BFC4G5YG,蓮ノ空足湯同好会,1004,7,10062,424400,8,7,7,5,7,1,4,2,41
UNKU61WIH,Aleca,72J5PWU5K,ライグラ待機室,1060,4,10063,424220,7,10,4,8,7,1,6,2,45
RM33H30R8,msksk,HBEN71JL1,蓮ノ空教職員組合,449,0,10064,424130,4,3,1,2,1,1,2,2,16
5WBKNQOBH,澁咲穂歌夢,866DU609J,ラ！スレ@may,1143,9,10065,424090,8,6,8,8,6,5,9,2,52
A99H5AH6U,菊川仁義,REUA4H17B,LLLLBR,320,0,10066,424000,7,6,7,4,2,9,10,3,48
BHDR9K01V,nemu,AGJ215YND,蓮の空中國分校,613,2,10067,423770,1,2,4,4,4,1,1,2,19
FGDMFWHW0,あん,05KN1RR3U,さやかほ花卉園,1071,6,10068,423550,9,8,6,7,7,5,8,3,53
39UD2D1PP,桜坂しずく,T4WY63DB9,ういのま,1005,11,10069,423500,1,5,5,2,5,9,6,2,35
2DKK0TUVN,夜式,EPWMMAXNY,蓮ちゃん初心者,1140,8,10070,423410,8,8,9,8,6,7,6,4,56
95R8VNYR5,ひさかたの光,0PJ19NAE3,蓮ノ空同好会☆,485,0,10071,423320,7,9,7,5,6,4,1,2,41
C0WFBYX8R,かんな,CP3KWKH07,まったり社会人部,412,0,10072,423230,4,5,4,5,4,4,2,3,31
W1GYB9T1N,この木,TCTEAMP9C,虹ちゃん最高！,471,0,10073,422870,2,10,4,4,7,1,5,2,35
FAMNH603L,abandon,18YYNRFGA,LotusSky,1012,5,10074,422830,4,1,4,10,4,9,4,2,38
PR7WFM34V,あちばな,8588YN91J,虹咲学院,237,0,10074,422830,1,1,1,1,2,1,1,2,10
SI8I8RWGV,fam,BW38LDPRF,蓮浦の星空,889,2,10076,422807,7,7,7,8,6,4,9,2,50
P17MNVWTM,カヌレ,8BAYBXUXC,スリブ大好き♪,907,2,10077,422780,10,7,7,6,2,2,4,2,40
200W6G8RE,浜路,0CBM28JP6,ほうき星,982,0,10078,422600,9,7,8,8,6,1,8,2,49
G3WTVG21N,hh,TFGKYEY98,LLP JR,199,0,10079,422420,10,10,10,10,6,6,10,10,72
P475PMG41,よねみ,2JK7E4115,ラ！推し,1101,8,10080,422240,7,7,5,7,7,7,9,2,51
HSH6EABU3,ああああ,A3472CNJE,ハントン✿ライス,1192,14,10080,422240,7,8,5,6,7,7,9,4,53
EGWS3UOIQ,アイシア,LB0K3MHND,フラワー,1346,7,10082,422150,10,6,1,7,6,2,10,2,44
TTT0LV25V,夏日悠情,M8FM7P139,蓮ノ空ひとり旅部,748,4,10083,421970,10,6,3,5,7,4,1,2,38
4UJRPU6LG,マッチャン,AH27N260E,百生信託銀行,916,7,10084,421930,10,10,2,5,6,1,6,10,50
SA8QJBVO0,コーカー,3YPGCW10G,課金反対運動本部,1013,5,10085,421880,4,2,1,4,1,2,1,1,16
RDTMM1TXT,YOHEI,D883F4F9A,フラワー(仮),919,3,10086,421840,2,7,2,4,4,3,10,5,37
MHBM31877,ツナマヨ症候群,VLY5JDKCV,新規なのだけれど,902,2,10087,421750,8,7,1,8,9,5,4,2,44
B4TAH96IT,Ｚ’μ,9D1P6AXUR,link-er,879,2,10087,421750,7,7,7,10,7,1,7,3,49
50GTVXECH,リトルデーモン,WLBYGHXPD,大天使村野さやか,189,0,10087,421750,6,5,7,10,4,3,4,3,42
4G45LYBT8,フレア,R8MA3LCB3,lotus,505,0,10090,421570,1,1,1,1,2,1,1,1,9
9Z9H8EKGC,ortho,CWPWP1266,さすさや,1133,1,10091,421390,2,2,4,1,2,1,1,2,15
VWWRJUE6J,蓮丿空365,79M29YPHW,スリーズブーケ,895,6,10092,421300,10,9,7,5,3,3,4,2,43
GD85PGT7J,すみん,BYA3FA0X8,無言ぼっち同好会,787,0,10093,421070,4,6,4,3,4,6,5,3,35
KO0N2QJZK,ななこ,CM5THHYHB,「」ノ空だけれど,1330,5,10094,421030,9,9,5,5,7,1,1,2,39
RYU6JJDT6,MISA,V6DKUH6JT,報酬だけほしい,191,0,10095,420940,10,8,10,4,3,6,3,4,48
BXRGVZPSR,くーちゃん,R8XF6Y813,Real.,628,0,10095,420940,2,1,7,2,2,1,2,2,19
F1V3359M0,キノ,573J1JVVK,かほかほ,1104,12,10097,420890,7,3,3,2,2,2,4,2,25
BTG5L6FWC,ta,A7WWE0463,蓮ノ空初心者部,809,0,10098,420850,8,8,4,7,4,4,4,2,41
JXCHR1RT2,カエデ,CWG5LH3VE,蓮好きPの集い,984,2,10098,420850,6,4,6,6,6,8,8,2,46
W69BWDA6X,刀,DF6RY3BXN,andante,816,2,10100,420760,1,1,1,2,1,1,1,1,9
L6MGIEXS1,霜月,3TKAM6VLE,Library,995,0,10100,420760,7,8,10,6,6,6,6,2,51
PX1BJTEXG,雑草,3194B9E93,初心者寄り合い所,378,0,10102,420710,4,1,10,2,4,9,2,2,34
N66RD5W9L,ざっく,2K5AM4RV0,とろぺりです,992,3,10103,420670,10,8,7,9,8,5,10,5,62
YVRVWZL1C,深緋保護区,BUKPFCJCY,TTMC蓮ノ空班,1052,0,10104,420440,6,4,2,7,7,2,7,1,36
A02L7B15T,etu,GVT61ATX0,なのだけれど,1242,11,10104,420440,9,6,8,8,7,5,6,2,51
BJWP5RW8L,KEI,ELDXGWNA6,○サークル,564,0,10106,420400,2,1,1,6,4,2,3,2,21
FR1MRWKHH,弾丸,KBJ2P8T0Y,人見知りの集い,1254,19,10107,420350,9,10,10,10,10,10,10,5,74
XTM7Y9Y33,Yugo,VLY5JDKCV,新規なのだけれど,1039,4,10108,420260,9,8,5,8,8,5,5,2,50
V8TW737U4,対よろ！,E6WR9G75P,安養寺姫芽推し会,712,2,10109,420242,10,8,8,4,7,2,6,2,47
D1V15W6Z1,みりん,7UAN6RT0D,さや弁食べたい,598,0,10110,420170,10,10,9,10,10,9,10,3,71
QEPF5EWH6,TaPu⌘,58FD7UF8J,としとしサークル,1120,0,10111,419950,8,8,7,7,7,6,5,3,51
6BXFVGH19,大根,BELCUYCMH,蓮hkg香港分部,919,2,10112,419900,7,8,8,5,2,2,4,3,39
52GHTAMUH,ヘンナヒト,XXVVJY6FE,はぴぱれ,505,0,10113,419860,8,7,4,7,7,2,8,2,45
33VCX2G0U,キャメル2号,HKM402U9B,お野菜さんSSC,317,0,10114,419810,10,6,3,10,4,6,10,2,51
PDJLC39KK,ShadowX,0R8BXPRC1,ポチっ！とクラブ,989,4,10115,419770,10,7,6,7,7,7,10,8,62
E5E18DH0V,きょん,R7VEXFUBP,蓮ノ空応援クラブ,500,0,10116,419720,1,1,1,1,2,1,1,2,10
4Y4U4Y25C,星空owo,MUXWTW1GV,蓮の空見守り隊,391,0,10117,419590,4,4,6,4,6,5,4,4,37
GQCKJ7OUD,いちはな,RNJ306W6N,日曜日よりの使者,1076,9,10118,419540,9,9,7,6,7,5,5,2,50
76KH96RCE,みき太3,7UBUGF7G1,ワイのサークル,1112,2,10119,419410,7,9,5,5,5,5,10,2,48
0DG72F1NG,Cry_1000,AWFDLJ1HC,小蓮花（重生版x,829,2,10120,419270,10,4,3,10,4,9,1,2,43
OHQ0W366D,あき,YVV9CMBLW,東京公演で沼落ち,1076,11,10120,419270,10,5,7,10,7,9,10,10,68
G9MK7AB0M,ますきち,M851LEV3N,なっす父兄,1173,6,10122,419230,10,10,10,6,7,7,10,9,69
2FG1TT11L,ぺむ,1F5EPPMLD,UR貰えればいい,305,0,10123,419090,2,3,1,1,1,1,1,1,11
NLH1J5W2D,にゃんこ,D7UA5ER1E,UR報酬欲しい！,899,1,10124,419045,9,9,6,7,6,4,6,2,49
196S468J4,いぶき,4RY75CKM4,LLすこ部　メ募,1163,10,10125,418910,9,5,6,10,7,5,8,2,52
0TU8HEH0J,さかえ,T0XP8PFYU,兼六園と私,802,0,10126,418780,2,1,1,2,2,1,1,2,12
NPFY3BHGT,1321b60,X19MP0NTT,蓮之空河豚养殖場,375,2,10127,418532,4,3,4,1,5,3,3,3,26
O4EZHXR7M,なつめ,T045NDKW0,♬さやか愛好会♬,775,0,10128,418460,5,3,6,6,2,1,8,2,33
9XFINWXYX,Simon,Y337R7BW9,中国の蓮之空圈子,978,7,10129,418240,6,7,5,4,7,7,7,2,45
FGNERK2M8,えすえす,NMRKHYYRM,ご自由にどうぞ,488,2,10130,418190,8,7,8,3,7,2,2,5,42
FFKYA5GWR,あまみるい,7RBMBBY88,瑠璃色金魚,797,5,10131,418150,5,5,1,2,4,2,2,2,23
4UJCY7ESY,わんだーらん★,5L9GNT78V,叶え！私達の◯◯,1289,5,10132,417848,7,7,5,6,7,6,8,2,48
4401UAC8V,かほつづ,YC3DCPM7M,福井大学ラ研,880,0,10133,417700,2,2,6,2,6,1,5,2,26
HB1EW6AJH,まごろく,9RYR14H9L,ソロマターリ,1016,7,10134,417677,5,8,8,5,4,5,10,2,47
Y7KKD9JC9,Eiji,K4TAHF9YA,はすっこ準備室,1205,18,10135,417470,2,1,6,8,6,5,1,2,31
LED3HNU8W,にろ,28KG8VAG2,カゼノタテゴト,259,0,10136,417335,2,5,4,1,1,3,1,2,19
F863B2YM2,アリア,NTEN8U71F,個人用,970,1,10137,417290,8,8,10,8,8,7,9,6,64
2TEUGED6G,wing,E7UBFLW56,同好会の同好会,739,0,10138,417110,9,8,7,7,9,5,5,2,52
M7XWWFAD1,さかな,6N3F238R0,イベント参加用,1169,4,10139,417070,9,8,8,7,7,7,6,4,56
M4A5GMSE9,ひな,MG1G6F487,蓮ノ空無微課金部,1032,2,10140,416980,6,5,8,7,7,5,8,2,48
SQODWTBBN,1a*,BEMED3RY1,無言無課金ok,1294,6,10141,416890,9,5,7,7,9,7,9,2,55
R742012S1,さち,9AYD3XJ2D,ぺんぎん隊,1053,2,10142,416750,9,8,5,5,6,6,9,2,50
5XC2TRUMH,でぐたま,NDGW77R2V,こず花帆尊い,510,2,10142,416750,7,5,4,4,7,7,1,2,37
TW2BWJVJI,紺ぺ,5NPVVUGH7,蓮すきすきクラブ,1246,10,10144,416570,10,7,7,10,8,5,3,2,52
7E2DPFX2T,夜空,MWXP6RMA7,月火水木金土日,1049,2,10145,416530,9,9,7,8,6,7,8,3,57
YDBU7DW39,ノダ,HBCC35887,そりゃー!!!,666,1,10145,416530,7,9,7,1,8,7,7,2,48
BMESJWWFJ,ラスカル,FJMA5BPPE,蓮ノ空すきすき部,511,0,10147,416170,1,1,3,1,4,2,2,2,16
VM7PLUEHG,やわら,4LU50R56J,誰でもOK,527,0,10148,416138,10,7,3,5,6,5,5,2,43
XE8CMNHJU,かほりん,YVV9CMBLW,東京公演で沼落ち,1131,9,10149,415850,1,1,1,4,2,1,1,2,13
2MUPT1BM0,カーハイ☆,WAT20PN3Y,こな党,538,0,10150,415454,8,7,5,5,2,1,4,2,34
NTNXGJCHM,ささぴー,8MLVA67AK,聖ミリオン女学園,1024,6,10151,415400,4,9,4,4,9,1,10,2,43
N1XPP8U7X,たかつき,AY9B3NA8E,カチコチかちまち,403,0,10152,415112,10,8,6,4,9,1,2,2,42
Q9SSQQD6L,ルーシア,5JA9K5FAK,オタサーの姫芽,1082,2,10153,414257,2,1,1,4,6,2,2,2,20
WHUDCVNAA,RM,RKT7BC4F6,人形浄瑠璃乃,754,0,10154,413960,1,5,1,1,2,1,5,1,17
J66YFLHV5,か,DW13FCXPT,Mulbungs,461,0,10155,413915,8,6,7,5,2,4,4,2,38
GNPYGP1B5,P-kino,WWWUTP96L,異次元からキマシ,457,0,10156,413830,8,7,5,5,6,4,7,2,44
CJM21NWHY,jsjs,K95YH6P1C,蓮ノ空泥の会,432,0,10157,413744,2,1,1,2,2,1,3,3,15
BVYZ8XLS0,大納言,WPG6BCG83,基本無言,1182,6,10158,413600,4,6,6,7,7,7,10,2,49
NTPCVT5UT,リリィ,R8MA3LCB3,lotus,605,0,10159,413560,1,1,1,1,2,1,1,1,9
XDKK422NA,DC雪月花,0X273WB5E,雪月花,467,0,10160,413290,10,9,6,8,8,8,9,5,63
XZCIEKKZG,あなた,KHAKJKC0A,のんびりまったり,1027,1,10160,413290,5,6,7,6,6,6,9,2,47
WOUIZONJK,恣意,3K4T5H6LT,ペン回し同好会,1127,6,10162,413240,7,5,6,7,5,5,7,2,44
GX151R0MG,しょぴょん,NWF38B4JR,柳田です,148,0,10163,413110,2,3,4,1,3,2,2,2,19
20GG4UL98,歩夢の黒網タイツ,ABU58EVJ2,Quatuor,1064,8,10164,413020,8,5,10,2,6,5,8,1,45
2C6WR57WU,キリト,2AUM7L9BW,蓮初心者クラブ,468,0,10165,412390,3,1,4,2,4,2,1,2,19
OVHHRZW3X,まぐろ,3FX6FXA5T,さかばんばすぴす,964,4,10165,412390,1,8,7,4,1,1,10,2,34
BFJN3NNYW,あきさん,05KN1RR3U,さやかほ花卉園,1112,4,10167,412205,8,8,6,7,8,4,5,2,48
HH511WGG6,yamaneru,FNMV166UY,蓮ノ空喫茶部,1082,0,10168,411800,3,2,2,3,9,1,1,2,23
EWILPGQRY,みんかな,GN9EEL045,きらくに,955,4,10169,411620,7,10,4,9,6,5,7,2,50
WE1PNVWH4,Uchi 203,AW470U964,ボッチ会,1086,1,10170,411530,4,7,8,4,8,1,9,2,43
8Z0V9OLHJ,レグルス,DYAMB6AWK,コスモワールド,983,3,10171,411490,6,5,4,2,5,5,5,1,33
02NDMLRA6,ティム,L28X4MDJN,アフター観たいぞ,1010,5,10172,411400,8,7,7,7,6,4,8,2,49
J6EK8H0MR,ゆうちょ,YNR28303K,りんくらぶ,831,4,10173,411350,1,1,2,7,2,1,1,2,17
J81V2824M,oct,0R8BXPRC1,ポチっ！とクラブ,1183,4,10174,411179,10,10,8,8,8,8,8,8,68
NQQH71DN8,ふぁすと,J0N1E3Y09,月火水木金土日,1046,12,10175,410950,4,5,4,8,8,8,9,2,48
PLMJV43FN,凪,RVNAHGBJF,(T ^ T),855,1,10176,410770,6,8,6,7,4,5,5,2,43
J7FF7YDGP,とらが,DKPMRA0TA,蓮ノ空奉仕部,309,0,10177,410630,5,4,3,2,5,2,1,2,24
XPNJD4DBJ,mizuko,F2CFWVMY9,藤島め組,1265,13,10178,410324,7,7,4,5,2,2,5,1,33
WU8RR5CNP,0701,YDYH4VRRP,レンクウ,517,0,10179,410320,1,3,2,1,3,1,2,2,15
01LE3Z5TO,アカサタナッシュ,C68491XHB,みらくらぽーく！,1081,3,10180,410270,7,6,6,5,6,4,4,2,40
UMW056P90,けい,H837E0M9R,沙知先輩大好き部,1096,4,10180,410270,9,9,6,9,9,5,9,2,58
CSNX18JMU,セルジオ,NK05UMLWW,かけ込み寺クラブ,879,0,10182,410230,7,4,7,8,5,4,7,2,44
TK001VF4J,まつ,HKETDDCK6,ぼっちざ蓮!!,689,2,10183,410050,6,8,4,2,6,1,1,2,30
7K3U5DDF9,ごっちん,FK8EUX6V3,ゆったり蓮ノ空部,774,0,10184,410000,4,2,4,4,4,1,1,2,22
E5WEYXUT3,ノエル,9D722M8KC,蓮ノ空同好会,131,0,10185,409960,9,8,8,8,5,4,2,3,47
4075W9T70,MISAKI,E58EXVMJU,ボクがんばる。,877,0,10186,409870,6,7,4,6,6,5,8,2,44
MWRK6UWD6,リーす,7NJM1VURM,らんるん部。,409,0,10186,409870,1,1,9,1,4,1,1,2,20
RM2GHAV28,haru,DHKUGEWBJ,めぐ党虹ヶ咲支部,1121,11,10188,409820,8,8,7,10,6,8,7,5,59
9R7NYT8T5,Claire_1,J80MEYHBC,Nymphaea,858,4,10189,409420,10,10,7,5,7,4,6,2,51
KYY9D1FX5,Hiro,0FMM30LCA,無言,503,0,10190,409370,10,9,7,10,7,8,5,3,59
C7MDRBDUJ,ボクなんなの,75UJ5RB97,蓮ノ空雪野球部,1165,18,10191,409330,7,5,2,10,6,1,9,2,42
1F76X4EJ6,読縋,ERJ33HKVR,兎のヘアクリップ,1141,3,10191,409330,9,9,8,8,7,7,9,2,59
TY6JLPJCT,グヘヘ,MG3X118W7,大室家,386,0,10193,409240,4,4,5,4,4,1,2,2,26
X9WV1RO9C,音月,1XX6FWJRB,オートスキップ団,1140,8,10194,409190,7,7,3,9,9,5,7,2,49
3RPFFJALL,うい様のバトラ,BEMED3RY1,無言無課金ok,437,0,10195,409010,8,8,5,9,5,5,1,3,44
NCRG25X6U,なな,85D411XNB,蓮っ子の集い,533,0,10196,408970,7,1,5,5,7,1,1,2,29
JRLEKR0WG,りんごくん,AG57YB1A2,りんごにゃっと,181,0,10196,408970,10,5,6,4,3,3,2,2,35
1890L558Z,IADL,3LPBPHL3V,壁の民の伝説,1079,9,10198,408920,10,5,8,9,8,7,4,2,53
RVBLXMYJR,Pier,38KAJGDGU,異次元シャニP,398,0,10199,408700,6,7,10,8,5,10,7,7,60
VX4W7B07Y,あなたちゃん,5YEE75CB4,ロビーで待ってる,993,10,10200,408610,2,1,3,2,3,1,1,2,15
3D3K8U8RN,高嶋　侑,RBH0YM8P2,蓮ノ空ラーメン部,702,0,10200,408610,3,1,2,2,2,1,1,2,14
S1YIBUTSH,小夜,FNMV166UY,蓮ノ空喫茶部,931,3,10202,408520,10,10,4,1,6,2,4,3,40
KCYO7P6HB,どぅるるるる,B1KYU3XF8,LG lotus,1277,5,10203,408101,5,4,9,8,7,5,9,2,49
T5X60FTVN,ぎっしー,PXDL7Y3VM,ビギナーズ改,179,0,10203,408101,10,10,10,10,5,10,10,8,73
GNIHHLKT5,ケン,WPG6BCG83,基本無言,1189,1,10205,408070,7,9,5,7,2,8,4,2,44
TIMP00NBB,デプレ,T2XRMGEAE,蓮根無言会,1044,0,10206,407750,8,8,7,7,4,5,8,2,49
H6AB9LVYX,しおちゃんまん,KG648PFCR,どすこいクラブ,300,0,10207,407075,8,10,5,7,5,3,2,4,44
9BWXHT0FN,とりさつま,3RH5MYBXV,こずめぐ党,1008,3,10208,407030,6,9,8,3,7,5,10,1,49
YY8VUA99F,ゆと,9C0KWR782,まったリンクラ,607,2,10209,406940,10,8,9,7,4,5,5,5,53
PLCTXUDWA,七瀬　万理,UVK38MFR2,蓮の虚無サー,1404,1,10210,406904,5,7,5,7,5,5,9,3,46
RBXA4RVE1,Ashdao,WBXF9XXW7,さやつづ愛でる会,194,0,10211,406760,5,6,6,5,5,2,1,2,32
UE0172FTR,いろは,R083H7WRN,サークル無言,727,0,10212,406720,7,8,1,5,2,4,1,2,30
1XAB95JI8,てっちーんっ！,GMYGNRHPJ,のんびりん,1032,1,10213,406450,7,5,5,7,5,4,4,2,39
PGX2KTFY4,アスマン・ザラ,Y2HV0YEF7,蓮ノ空を応援し隊,1434,4,10214,406310,10,7,4,2,2,8,1,2,36
YK37FKR2B,だぶるむーん,T48KV9EP2,無言ぱーく,392,1,10215,406090,1,1,1,1,3,1,2,2,12
722NMG3UC,ハクノン,MUXWTW1GV,蓮の空見守り隊,269,0,10215,406090,6,4,5,5,4,1,1,3,29
F8I6LI9R4,ゆうなぎ むつき,YLJ2PP4X4,全日本謝罪同好会,1342,12,10217,406049,8,9,7,9,7,7,7,6,60
FM8KVF2M3,キリ,9YG7C0VM7,綴理と無言で昼寝,1217,14,10218,406040,10,10,9,7,7,7,9,5,64
NJWRQ3OZZ,はるみん,3A63DYH54,LLすこすこ部,675,0,10219,406000,4,4,4,5,4,1,7,2,31
21W0XC7JT,ちゅりあず,M8UCM16G2,こずえんふぇると,342,0,10220,405910,6,9,8,8,7,7,9,2,56
TTA5TBLAT,いたしゃん,YDYH4VRRP,レンクウ,1266,1,10220,405910,9,9,6,8,8,7,9,2,58
T4439ME66,柚子桜,54JWUD9X0,異次元からの者,960,1,10222,405878,3,1,2,2,2,1,1,2,14
5AWPNWXFK,HIPのYOU,MC5J1MV11,十四番隊,623,0,10223,405770,6,7,6,5,4,4,3,2,37
9TALE5D6Y,うぇんずでい,RXXUPMWB9,待機室跡地観測所,1045,6,10223,405770,8,8,6,9,7,5,10,2,55
5X58VP3PT,まんごー☆,WHWT61ELR,【無言】ハスノソ,1171,6,10225,405707,5,7,4,8,2,7,10,2,45
G5YG5VD2Q,あばろん,N34LHVJKN,のんびり堂,1041,1,10226,405590,8,8,7,6,7,2,7,3,48
6DWP2J15G,つん,W6XK9BM52,tun,337,0,10227,405536,10,5,6,1,3,4,1,2,32
XMPH0E2BV,syer,23PGPJ3NV,蓮ビギナーの集い,178,0,10228,405370,5,3,4,3,4,1,2,2,24
I6CQ8171F,パピコアイス,RM7N1JDB5,無言推奨不干渉会,1045,2,10229,405230,7,7,6,9,6,7,8,5,55
1F9AN5SC8,ゆきひと,XL1M7KUPL,始めたばかりです,799,0,10230,404650,2,2,1,2,3,3,1,2,16
3R5DR8ANB,みずたま,5L9GNT78V,叶え！私達の◯◯,809,1,10231,404200,7,6,6,6,5,1,9,2,42
VXETGA1RP,青山メリー氏,27R54NTJ6,♥野中に夢中♥,806,2,10231,404200,5,7,4,1,1,1,2,4,25
WVE2FGTR1,岩戸紅葉,GWGDMA3YC,初心者無言自由だ,1368,11,10231,404200,7,7,6,4,4,8,4,3,43
YPHG4N4EG,やなたか,61UTNTRU1,初心者さん,942,6,10234,404150,10,9,8,10,7,6,8,3,61
ATHMKT30M,かのあやほの,HXVYGL96H,初々しい対抗戦,817,2,10235,404110,9,9,9,3,5,9,10,2,56
CVL9D6R3U,neko24,407VAU0TT,ログボ勢の集い,1003,4,10236,403484,9,7,9,9,9,8,10,2,63
UWF5L79PX,にじみかん,FTY0R8KPH,泥の皆様,1139,7,10237,403430,6,6,5,4,2,7,2,2,34
GLILGNT8Y,株さん,M851LEV3N,なっす父兄,1140,10,10238,403250,3,8,2,3,9,5,2,3,35
R27FE4R44,art3,WPG6BCG83,基本無言,884,4,10239,403160,8,8,5,6,8,1,6,6,48
83R18REBE,小池徹平,5L9GNT78V,叶え！私達の◯◯,748,2,10240,402800,2,3,6,4,2,2,1,1,21
30GV9ZJ8Q,デリー,GW4CH70HK,TKG同好会,798,1,10240,402800,5,9,3,5,2,1,2,2,29
ZPX82XGYB,とりらる,LJDN0RMYD,Treple T,1105,6,10242,402260,7,8,5,6,6,4,8,2,46
KDHSY2ZG4,ましゅ〜,YXKR0GGM4,蓮ノ空好き好き,1447,8,10243,402220,10,10,9,10,9,8,10,4,70
YLBA3LRSN,水瀬　十花,A86FEX2JC,おやさいさん,998,6,10243,402220,5,8,4,4,7,4,7,2,41
YT37256TA,Mari,TFGKYEY98,LLP JR,987,0,10245,402080,9,8,7,8,9,7,8,7,63
GJGIVDKXY,赤メロン,YXKR0GGM4,蓮ノ空好き好き,578,0,10246,401945,10,10,4,1,4,1,1,2,33
G5GP6VF12,たなか,K884DPYJ5,あ,253,0,10247,401900,7,6,7,6,3,4,2,2,37
G2VPV72Y6,chikachi,PULJ8VCHJ,蓮ノ空を推す会,250,0,10248,401860,6,3,4,5,3,3,1,3,28
4KGK07NDB,きみここ,5YEE75CB4,ロビーで待ってる,564,0,10249,401320,6,2,1,1,6,1,1,2,20
0OO0L3LOE,setuzai,578YG6EAT,桜桃花束愛聴会,1231,9,10250,401270,8,9,9,8,7,7,9,4,61
9R5YRPMX1,Caffê,E7UBFLW56,同好会の同好会,960,13,10250,401270,7,3,8,1,6,10,10,6,51
BUUFTT7D5,ちーすけ,3N7FL0U6U,destiny,220,0,10252,400870,1,1,1,1,3,1,2,2,12
KLGVC1YVL,HRM,1EL57CDR0,なんもわからん,698,3,10253,400820,2,1,1,7,2,4,1,2,20
AYVDF19YG,アマノ,FG4170141,♪さやか愛好会♪,1054,4,10254,400640,2,10,2,5,2,7,7,2,37
KTG12MNRD,ノラ,J4KB3RTMN,KSC,564,0,10255,400550,4,7,5,1,1,3,3,2,26
JXD4N9BAM,マックル,JFNKGWBVV,ダブルマック,1110,6,10256,400370,7,6,6,6,6,5,7,1,44
LVA3K73YO,るちゃた,G6EH0KHT7,なんもわからん,426,0,10257,400330,5,5,4,2,4,1,3,2,26
V55LLHMA7,しげる,E515TRU1G,起きろ夕霧綴理,687,2,10258,400235,4,4,2,4,2,7,4,1,28
FR8GC2UHY,カルマ,J62DRC7J5,蓮ノ空好き好き会,877,1,10259,399722,7,7,4,4,7,1,4,2,36
SH0R2X92N,隊長,2KJ2UEC3P,ういちゅけクラブ,1174,3,10260,399650,6,10,7,6,9,9,1,2,50
7TGPVJ4AA,ボンズ,VXF8P7NDC,どんぐり。,956,4,10261,399610,9,7,4,9,5,7,8,8,57
5RKW3ETUC,ラピス,KBJ2P8T0Y,人見知りの集い,547,0,10262,399470,4,4,5,1,5,2,2,2,25
Y41V88L99,いけ,DFFYFJ2B6,つづさや好き過ぎ,984,3,10263,399430,9,4,5,5,6,5,9,2,45
E8T2MKWBC,yu-to,ELTW62751,安全バーは君の腕,869,2,10264,399380,6,6,7,9,5,5,4,2,44
VYKR7E102,ハ〜ル,WJ7GF9WVV,愛と想いやり,521,3,10264,399380,2,2,3,1,4,2,2,2,18
7X4EBLRGF,うぱこ,KG648PFCR,どすこいクラブ,161,0,10266,399160,4,7,7,4,6,4,1,2,35
GNR0XVMU3,海月,TTW02P5K1,はすのこ,968,1,10266,399160,4,5,6,1,8,6,7,3,40
P0P0C11ZF,アロス,PDMPF3VVV,r/LL,451,2,10268,399110,8,5,4,5,5,1,2,2,32
0KYGCP3CK,薫,88DJ300PJ,めぐ党 • 永遠,799,0,10269,398800,9,8,7,7,8,5,8,2,54
MPMLHEHPY,安房坊弁慶,E12PR824F,ゆるっと蓮ノ空,410,0,10270,398440,10,8,9,8,9,4,9,2,59
AGD26AAWB,珠希,UV8K777HN,そらまめ,968,0,10271,398354,7,5,4,10,5,7,10,2,50
CREVCPDDF,ばみ,8MDA3A0AK,イベント用,591,2,10272,398210,8,7,4,10,3,1,8,2,43
PE9NN392W,ヒロ,6N3F238R0,イベント参加用,968,0,10273,398170,8,7,7,7,7,7,8,2,53
9P940PLYR,せんごく,08DDCV5JN,黒ねこのしっぽ,820,0,10274,398120,5,5,7,8,5,5,9,2,46
YTA0K5987,リゼ,PWK02KG0F,メメントの森公園,934,1,10275,397990,8,10,8,9,9,5,10,6,65
18QTHO3EQ,るみ♪*ﾟ,JE7V5MM31,蓮ノ沼に沈んだ泥,1030,2,10275,397990,5,4,7,1,4,9,6,3,39
LAEYF4C2R,ミーシャ,KGDNX3EF3,ENcircle,720,4,10277,397940,7,6,10,6,5,1,4,2,41
VJBMMB4TB,恵規,XA0XD41CM,ぼっちぼっち,798,0,10278,397900,9,7,4,4,3,5,4,2,38
5E7HJEG3J,額川哲也,M4D0VP1XT,蓮ノ空痛車部,227,0,10278,397900,7,5,6,4,6,10,4,6,48
Z4DH5LWNJ,Finebud,HB9AU9DJJ,聖心党,1224,4,10280,397360,7,8,7,7,5,8,4,2,48
HVVN4KUNM,アナータ〜,HA6MUTC30,自由なのだけれど,749,0,10280,397360,8,8,4,4,4,1,7,2,38
QTAT57JEC,High,KA3D805XV,綴理の寝顔守り隊,949,0,10282,396910,9,9,4,4,7,5,8,2,48
TD4XDO422,Lilia☆,8WAXGK70P,CANARiA,1137,13,10283,396860,10,10,8,8,7,8,8,7,66
CP62M1009,ヒロ,M6UPWJ6DU,蓮結ぶ虹と星の音,879,4,10284,396770,2,1,2,7,3,1,1,2,19
KHATPC136,おにぎりみかん,43HRXMXWA,無言OKクラブ,647,2,10285,396640,1,1,1,1,2,1,1,2,10
JBXA92YDT,もも,W3F0URUJC,梢先輩応援団,824,5,10286,396370,3,8,6,6,10,6,10,6,55
PI4CKJF1X,秋桜,FG9A9ARX1,忙しい人あつまれ,415,0,10287,396131,2,1,3,2,3,2,2,1,16
FCJG8XE06,あいはら,K2L5DCVNR,REAL,359,0,10288,395960,1,1,1,1,2,1,9,4,20
GKYU09AD1,梢,DKNHY5HH6,なす料理研究会,550,2,10288,395960,5,4,5,4,4,2,4,2,30
BNFJL03LB,ふにゃ〜,4J35EAAHM,蓮ノ空麻雀部,963,1,10288,395960,6,7,4,6,5,5,8,2,43
V9G635NNM,おぬしちゃん,UFW34UBYF,そろりそろり,1036,13,10291,395560,9,8,8,10,7,6,7,7,62
UXA7LL5TI,YMI,06DCWC1RE,とりあえず参戦用,1401,15,10292,395447,10,10,7,9,8,9,6,7,66
WM1P1MG95,Nagisa,CT8XW752X,蓮ノ空写真部,707,0,10293,395420,5,2,1,6,4,2,1,2,23
WCF3M2E17,FT.,9YM3DBTB7,泥民館,1222,7,10294,395240,9,8,4,6,4,7,6,2,46
RF66L0BPS,てぃむ。,RB1MJJ3RA,蓮ノ奏(仮),913,4,10294,395240,1,1,1,5,2,2,1,2,15
PECCPY11V,千景,1FC70W4XR,カインハースト,1133,0,10296,395060,8,6,6,8,8,5,10,3,54
5REHFWDD1,まろにずむ,6FWRD1K40,いちじょ海賊団,1054,11,10297,394970,1,5,2,6,4,5,6,2,31
6FAN4ER78,ヅマ,4WKMNMJNB,勉強中,1043,3,10298,394934,8,9,7,8,8,7,6,2,55
LX1UHYAF7,デンショウ,K69M1X95F,アイリス,959,1,10299,394790,7,8,5,8,6,5,6,2,47
PKKF6AX03,DAS,2JVBK752G,卍愛蓮説卍,334,0,10300,394660,9,6,7,6,4,6,1,2,41
H3VE5738K,アイロニー,PH0YEPJD8,蓮ノ空北國金沢,1050,9,10301,394570,6,9,5,7,7,7,10,2,53
G0NXYUR16,菅すけ,158GJNXLF,Liverの集い,312,0,10301,394570,10,4,5,4,1,3,2,2,31
GTJNN1AOR,祭璃枫,Y337R7BW9,中国の蓮之空圈子,1190,10,10301,394570,7,9,9,7,7,5,9,3,56
A3J8RATA9,いずみ,YVV9CMBLW,東京公演で沼落ち,545,0,10304,394340,9,8,7,5,7,8,6,3,53
QD8FVRU7B,アカツキ,BXC1T2HY2,初心者の集い,1290,11,10305,394250,10,6,1,8,8,8,10,2,53
HX65MV0AV,球磨川 禊,TTDBXERCU,蓮ノ空 全力応援,436,0,10306,394070,2,2,6,1,3,1,3,1,19
UPDBPVI0Q,はすかぷ,LHXNEF3D5,まるまるサークル,1007,0,10307,393710,7,7,5,4,6,1,6,2,38
CCHW46Q9P,さーもん。,1VHNJJHG0,さーもん党。,1026,11,10308,393530,4,7,9,10,8,6,3,4,51
A8OXZ8SW8,鈴木彰久,TXNCTRR1U,瑠璃乃推し隊,1224,6,10309,393490,9,9,7,8,7,5,9,2,56
A8I41QJHM,mochi,UVN7G4X3A,闇のルビィ団,1180,3,10309,393490,7,1,1,7,7,2,10,2,37
196CV7YHA,うえ,UN4AHCLTX,蓮ノ初心者,502,0,10311,393395,7,2,3,4,5,4,1,2,28
P9PG2EC3B,ちっ沙知先輩,8K30KYNP1,チェス党,720,0,10312,393260,1,10,1,4,4,4,2,2,28
AHJMULU9F,YI-Ting,3194B9E93,初心者寄り合い所,478,4,10313,393170,1,4,5,1,2,1,1,2,17
UM91FQWH8,アキ,UWUG7XK9L,スクステ同好会④,483,0,10314,393080,5,5,5,10,7,6,6,2,46
J7TK55QYF,スクフェス民,2BB5YVRFL,蓮好き好きクラブ,1020,0,10315,392950,7,6,5,5,7,5,10,2,47
MPEG54T0R,RYO,3WVU6L4B8,明日ノ空,1064,6,10315,392950,10,6,7,4,6,3,7,4,47
F4X1MDJT4,ごとう,VXYCWMVFW,お味噌汁,703,1,10317,392500,6,8,6,4,4,2,7,2,39
V26JCLJH6,ものこと,PHMJLJY5E,ラブライブ愛好家,799,5,10318,392090,2,1,4,4,3,1,2,1,18
UXFXHXBC2,ninin,427WENUC4,心の癒し～蓮ノ空,1080,6,10319,391870,1,7,2,8,6,5,9,2,40
2JCTF9FFU,はなまさ,E1HVJ71JR,ご自由にどうぞ,1018,2,10320,391730,7,5,4,2,4,1,4,2,29
0ZKSYGD93,うー太郎,XN2VEA6DN,無言,1006,0,10321,391690,9,8,5,8,6,4,4,2,46
AVWUDPSXF,まぐろ,XLX3R7HBT,自由さーくる,1090,2,10321,391690,10,10,7,8,7,7,9,2,60
MS2FBO2VA,エメラルドスプ,0YLUK30K6,蓮っコの集い,993,2,10323,391640,4,1,2,4,4,4,4,2,25
029HWD9DV,L,LG3XF86RM,ハロめぐ党無言可,868,0,10324,391510,7,7,5,7,7,5,8,6,52
RH00RV4RC,夕霧綴理のねこ,WBXF9XXW7,さやつづ愛でる会,488,2,10325,391150,5,1,1,1,1,1,4,3,17
SXFMKO612,山菜うどん,KC1W74B9B,蓮六園,1322,5,10326,390790,8,7,7,7,7,5,8,9,58
FMNW3QU6R,りん,GR65FP8VN,蓮好き,1157,7,10327,390740,10,8,7,8,7,3,8,2,53
ABZOI09T5,ヒトリ,P7VJ9BTU0,ヒトリ,985,0,10328,390340,7,7,1,5,5,5,10,2,42
LHRXVJXOE,たか,YN8B5JGWA,我思う故に我あり,1000,0,10329,390290,9,6,5,8,9,7,7,5,56
7P7M1AT0T,ellll,M0HHDC9CJ,自分用,1137,0,10330,390250,8,7,8,7,7,7,8,5,57
6GJUG1IAX,diamor28,T045NDKW0,♬さやか愛好会♬,1253,13,10331,390160,10,9,9,9,9,9,9,5,69
SDMNWWSOT,yuriyan,60KU468X3,はっすーず,900,0,10331,390160,2,7,1,5,6,4,4,2,31
6VT3EGHK8,ジアン,VNEY6C9BE,スリーマーメイド,628,2,10331,390160,10,1,10,10,5,5,4,2,47
DWYJ97LE4,アブレイ,VLY5JDKCV,新規なのだけれど,952,3,10334,389660,6,6,8,8,7,7,9,2,53
X777VD1EQ,まいん,06DCWC1RE,とりあえず参戦用,1514,12,10335,389462,2,4,7,1,6,5,5,2,32
DADXJ43QK,ata101,JXUPB88HM,蓮を食べる,1318,8,10336,389260,9,9,10,9,9,9,10,10,75
DAOQCOFMF,湊,976BY5JWK,ハルカカナタ,954,7,10337,389120,7,7,10,4,8,9,7,2,54
5AYPBJWD5,ひろびろ,LFB48H6MU,超初心者の会,868,1,10338,388990,5,1,1,2,2,1,1,2,15
G6270C0KU,おくら,HH93ADAW3,無言自由。,966,0,10338,388990,10,9,5,7,6,6,8,2,53
I0L071PBI,NAS,4UM4MBM8N,蓮応援宮古支部,1137,0,10340,388900,7,8,6,8,6,5,7,2,49
9XVH451HH,はーとりっと,3BDTCERX6,打ち返した流れ星,992,3,10341,388778,7,4,4,2,2,5,1,2,27
1XY84CF8V,AAA,KBJ2P8T0Y,人見知りの集い,1144,7,10342,388760,10,10,9,10,10,10,9,10,78
U7VY7MM9L,はるまる.,UX96YX4T1,『位置について』,295,0,10342,388760,9,2,2,2,2,2,3,2,24
42BSR7A3T,chantake,XR2P2LDY3,蓮ノ空さいきょー,1068,4,10344,388630,5,7,4,7,4,4,10,3,44
A8E7FMMD2,BARGER47,HB9AU9DJJ,聖心党,991,5,10345,388607,3,1,4,5,3,1,1,2,20
2X79N2W6Y,りの,E76N52LMW,イベントのみ,765,6,10346,388580,5,4,1,4,2,4,1,2,23
ORGHE40XK,五郎島金時,K4TAHF9YA,はすっこ準備室,1135,9,10347,388490,4,4,1,7,5,3,4,1,29
CW2R3UJFM,みよし,H6JWBBGCG,蓮天・乙宗一心流,963,6,10348,388360,6,3,2,5,4,1,5,2,28
H0DE1196C,焼き鳥,LG3XF86RM,ハロめぐ党無言可,618,3,10349,388310,7,6,7,5,4,4,2,2,37
R7O1K15D0,花瑠,C021HVB2B,第3芸能科,447,1,10350,388090,6,5,10,2,3,9,4,3,42
QC606PFW5,マリとも,XPX36F6JX,無言初心者お試し,962,6,10351,387950,10,6,9,5,5,8,7,5,55
K4DPQM7DB,A300,WJY2HK6A5,蓮の空イベント部,591,1,10352,387820,6,1,4,5,5,1,5,2,29
VUGDX1M04,はす,XVTV7MVCX,雪月花,693,0,10352,387820,6,2,4,1,3,1,1,2,20
PHP2TF1HR,Yuino,BXHG2KXAD,idol.st,1127,13,10354,387770,7,4,8,7,8,9,9,3,55
5890FY4D5,Asuely,NB0HX9KP8,かほてぃあん,1119,2,10355,387590,9,4,6,7,6,4,8,2,46
YH31YGYG1,nami,A9MA307FX,楽しいが一番,851,8,10356,387581,9,9,6,3,5,3,2,3,40
KMCDE4QJH,ゆきにゃ,P01RCC6L2,まったーり,984,0,10357,387068,7,7,5,6,7,5,6,2,45
2QUMUYSCN,コキャーマ,71U58RMK3,蓮ノ空長野支部,1102,5,10358,387050,8,4,4,8,6,6,9,4,49
CT14J6YPA,きときと,0YLUK30K6,蓮っコの集い,698,2,10359,387010,9,8,1,6,4,1,5,2,36
M5G3CPYJW,みゅーか,E5JKTW00K,蓮ノ空まったり部,307,0,10359,387010,6,5,7,5,4,5,2,2,36
GZTMYXI4Q,テクテクさん,88DJ300PJ,めぐ党 • 永遠,1192,2,10361,386960,5,8,4,4,10,7,10,3,51
0NONM98TC,rAin,JH5FX56N2,のんびり,265,0,10362,386897,1,1,1,3,2,1,1,2,12
2ULKX6U2Y,でかぷよ@おな,8NF0R4W81,地下結社めぐ党会,1042,3,10363,386740,7,7,4,7,7,8,5,3,48
8BPAHM09Y,Ko21,AVX749PPB,姫芽ちゃん親衛隊,572,2,10364,386600,10,9,8,7,2,3,4,3,46
WAI6FH668,わっち,6HV2RH6TU,イベント用、無言,1085,4,10365,386560,7,7,5,8,7,4,8,3,49
ELJZ2W99D,えねず,E5JKTW00K,蓮ノ空まったり部,1161,4,10366,386470,9,9,8,8,8,7,10,2,61
YWT8FDGSP,ヒョンソン,CFGH2P6TD,忠南大學校,984,2,10367,386420,10,5,5,2,6,5,5,2,40
CEKG0YC6M,ハラショー,VNEJ2RNW0,まったりんくら,1040,3,10368,386240,4,10,7,5,4,4,7,3,44
R6U3Y3P9H,⦮. ̫ .⦯,M6UPWJ6DU,蓮結ぶ虹と星の音,236,0,10369,386200,9,2,4,2,2,1,2,2,24
XNK8LXTK7,あまくち,KXB93FVTR,ブルームガーデン,1044,2,10370,386150,7,9,7,8,6,9,7,4,57
PLI8CM0TD,海豚♪@米ﾁｭﾝ,Y0YV7Y3KT,白いご飯,1030,1,10371,386110,4,5,5,6,4,6,8,2,40
EEBCQ9UAQ,かわお,JY79RPB1D,リンクラゆる部,1069,0,10371,386110,5,7,4,5,6,5,7,2,41
PB281L145,華久夜,8HUPBBHNC,蓮女「ぷりずん」,1002,0,10373,385930,9,8,5,8,8,5,8,2,53
26IHVJ9WN,Einhart,EKACCPWWB,タフノ空学院,1012,2,10374,385790,6,5,5,8,8,5,9,8,54
66OOO05GB,sko,31A7JKC69,蓮好きの巣窟,1140,11,10375,385700,5,4,4,4,5,4,5,2,33
39R44L0GG,くもも,1HTJVV59Y,仮,259,0,10376,385529,3,5,3,3,2,1,1,2,20
0SHGH6YD4,高宮 なすのＰ,JU476V6K9,ポチッ！,910,0,10377,385480,4,4,7,4,10,1,10,2,42
9RTF8PC2K,あらぎにあ,B6KWXGHWH,蓮ノ空SIFC,861,9,10378,385340,1,3,2,3,4,1,1,2,17
WUVB09KCM,えけある,8VGXWTV3U,R.opRizm,583,0,10379,385300,5,4,1,1,2,1,1,1,16
TKKERJEHX,FT..,HWMV33W7Y,フラワー泥民館,1035,2,10380,385250,8,8,5,6,6,5,5,2,45
CGB27HF40,きんた,HXVYGL96H,初々しい対抗戦,231,0,10381,385210,5,5,6,7,5,6,8,3,45
NPDBR79GT,たまごサンド,TTN2V0W5L,ひとり,900,1,10382,385120,6,5,4,10,5,4,4,3,41
7D576JGKJ,にわ,FV38N1J23,イベント用,1002,4,10383,385070,4,4,5,2,2,2,1,2,22
UV6ALYMT2,もちもち,G6EH0KHT7,なんもわからん,795,0,10384,384940,5,4,1,4,6,4,4,1,29
8CA76C3HB,ないぜるP,CWPWP1266,さすさや,502,0,10384,384940,7,8,4,4,6,5,7,2,43
FCYW2R6JL,TON,37N3TNTVB,推しを布教する処,481,0,10386,384850,9,6,1,2,4,2,1,2,27
JHBBZR61I,さやまやか,APD9U5CFA,立ノ空スクステ部,692,3,10386,384850,10,5,4,6,7,1,4,2,39
HTEYRNRRY,いぶか,E12PR824F,ゆるっと蓮ノ空,1134,2,10386,384850,9,8,7,4,6,4,7,2,47
W54XL09EH,はるく,FC8NBAJBT,ラー麺二郎金沢店,897,2,10389,384800,1,5,1,2,2,1,1,1,14
2UHP7QW3D,のりち,DJC4WJXGV,無言出入り自由,287,0,10390,384674,2,1,4,5,5,3,2,2,24
M2AGYMJFB,雨若星繁,E76N52LMW,イベントのみ,170,0,10391,384580,9,2,6,4,5,1,3,2,32
EUHV6FY3V,あーみん,9DKR4Y2CJ,蓮ノ空老人会,991,4,10392,383630,4,7,4,4,5,5,4,2,35
Y0HPDUHA5,あくえりあす,88DJ300PJ,めぐ党 • 永遠,995,6,10393,383500,9,6,9,7,8,4,8,4,55
6EAAJ54RR,keiji,HH93ADAW3,無言自由。,939,2,10394,383450,7,8,4,8,4,7,9,2,49
2Z7RVBCNW,とらねこ,6B79AJXNY,こんめぐこんこず,895,4,10395,383360,2,1,1,1,2,1,1,2,11
T95K0XR2T,LUNA,WJY2HK6A5,蓮の空イベント部,521,2,10396,383320,1,1,4,2,5,1,1,4,19
2HUMR0MF5,うらむすめ,YAY2UK2CT,蓮の空研究部,1138,6,10397,383140,8,10,8,8,7,7,10,2,60
N1VFMJ83G,けい,JU476V6K9,ポチッ！,1210,5,10398,382730,10,10,9,10,8,5,9,2,63
940RT5GG3,天狗隊長,JD1PFYJWE,瑞蓮隊(無言OK,1043,4,10399,382420,9,7,2,10,2,4,6,2,42
GGZJXSX9P,マル♡,3HDDYR4FU,旅人,311,0,10400,382330,6,1,2,3,4,1,2,2,21
1F1CV7NC2,美空ことり,B5U2PKR4P,めぐ党集会,303,0,10400,382330,1,1,1,1,1,1,1,1,8
QKW3ZW7ER,ゴロゴロ,9VDEWVP01,瑠璃乃の集い,888,5,10402,382150,4,2,4,2,5,2,3,2,24
NPYWGN4KK,サクラたまご,KJU0BU77M,無言交流なし,1021,4,10402,382150,5,7,6,6,8,5,7,2,46
5MZTJFTQP,瑞風,H691U738B,n-notes,1071,3,10404,381970,5,9,5,4,8,4,6,3,44
0V0DAGG64,まほろば,8P4KFNFVH,蓮ノ空鉄道研究会,715,0,10405,381830,9,7,8,2,5,1,5,2,39
VFP79B3UB,ゆっきい,W09WBG3HY,どろんちゅ,1419,1,10406,381767,10,10,10,10,10,9,10,10,79
JEYN6PNFP,ヒナタ,WRFLMWL4U,映り込み金魚,1067,9,10407,381740,7,7,1,8,6,9,1,1,40
8AK277WVV,™︎さん,CNA71VL13,ひるね。,903,1,10408,381700,10,6,4,7,7,5,6,3,48
WVAFFD0YH,ま,R7VEXFUBP,蓮ノ空応援クラブ,940,0,10409,381596,7,1,3,7,7,5,5,4,39
7M8WR1REU,きしい,X34LWGL6R,サークル2,965,3,10410,381290,1,9,1,1,5,5,1,2,25
9G5XKQESN,そら,R1RM3X0WV,後方腕組みオタク,504,0,10411,380840,2,2,1,4,2,1,1,1,14
1PGXWN26D,スキスキ,PHRWGMUD3,ラブライバー,270,0,10412,380800,8,7,6,7,6,5,4,3,46
HN3KH2V3N,爆速の兄貴,WLLWJ8ADP,乙宗筋肉サークル,1008,5,10413,380710,9,10,5,2,7,8,8,2,51
L51SIMVPY,ラバテラ,W2HEPMM2A,無言。ぼっち。,936,0,10414,380570,7,7,6,7,6,4,6,2,45
2C4325M4B,ショウ,E5JKTW00K,蓮ノ空まったり部,215,0,10414,380570,8,5,7,8,7,8,10,2,55
WF3ND8JPU,とーふ,CJ4L9MBRN,とーふの個人用,847,1,10416,380300,7,7,6,6,7,6,7,3,49
127FCE8WG,ヴォル,WLBYGHXPD,大天使村野さやか,192,0,10416,380300,10,10,7,8,7,7,9,7,65
60E12G8AM,はるすけ,E0JM59N1E,花咲梢,338,0,10418,380080,8,8,8,9,7,8,10,2,60
RV1LT9727,榴ヶ峰モカ,WA2HTGH3E,つがみか,905,8,10419,379886,3,6,4,4,1,2,2,2,24
DL0TT0CXK,masafumi,3YFMY7JP6,masafumi,301,0,10420,379810,5,4,2,7,1,5,1,2,27
B3LYD88ZZ,るり,HDD9DJVTB,Lotusky,356,0,10421,379760,5,5,5,2,5,1,1,2,26
QYLMF6PG4,フトシ,A73H7ENN2,エロマンガ同好会,1124,7,10422,379720,10,8,10,8,8,7,9,3,63
RKBG7VDCS,ヒロシ1977,V8XX999F6,卍蓮村幼稚園卍,1066,8,10423,379630,1,1,8,8,5,7,8,1,39
RIR184MZQ,たむろん,Y2P9LABR2,スクステ同好会③,1256,9,10424,379400,1,3,1,1,3,1,1,1,12
2UC3L0X7W,いたるなんぼう,15UKCFG7X,ろーたすぺたる！,958,4,10425,379373,7,5,1,5,2,2,9,3,34
CRA1TB8RB,PlaSu,VLY5JDKCV,新規なのだけれど,900,0,10426,379360,10,4,9,7,4,4,5,2,45
MW3FYL3OF,ニーケ,D0DP90JK1,のんびり,1060,0,10427,379202,7,8,5,7,5,5,9,3,49
Y87F6YL7A,smtdet,976BY5JWK,ハルカカナタ,867,4,10428,379040,2,1,1,1,5,2,7,2,21
ERVPLM347,ITF,8EX9KUG3E,コズエとツヅリ,919,2,10429,378910,6,7,6,5,6,8,8,2,48
9K0E6DLAV,u,H1G4CDT6C,無言自由,1171,6,10429,378910,8,9,6,8,8,8,10,2,59
0JIAOSUKI,Militchi,BB8UP1P1V,輝く未来,488,1,10429,378910,4,4,4,1,2,4,1,3,23
JZR5N78TA,けけ,KA652DGYV,ゆるリンクラ,497,1,10432,378860,10,6,7,4,3,3,3,2,38
TBJBAPHB2,ゆちは,T2XRMGEAE,蓮根無言会,809,0,10433,378770,5,6,2,2,5,4,5,2,31
CD16AUE7G,メグミルク,E49YWK5YC,酢蓮根,673,3,10434,378590,1,1,7,1,2,1,2,2,17
EM3H4YBND,り,1KDUBW4HB,めぐ党0番,350,2,10435,378280,6,4,1,4,4,1,1,2,23
9C5UY06A7,いこーる,E92FCL81U,自分用,611,0,10436,378176,10,6,4,7,2,4,4,2,39
87B24CNAG,グソクムシィ~,48GTYR1VB,ハラショー！,208,0,10437,378140,7,6,5,1,4,2,1,3,29
U2BXJ1YL1,おおみら,HWMV33W7Y,フラワー泥民館,276,0,10438,378050,9,10,9,10,2,6,2,4,52
YTZDP348B,ひろのん,GMEF2K8DL,花咲く泥も好き²,987,1,10439,378010,7,7,5,7,4,5,2,2,39
OKWF0EDSV,まりんらいなー,A8BJ5V3ET,はすのそら,1007,6,10440,377830,10,8,5,7,7,6,8,2,53
RYY4HJT57,はや,0YLUK30K6,蓮っコの集い,201,0,10441,377560,10,8,8,5,7,5,7,2,52
R9L2ADPFX,しゅう,KGG6VMD1R,蓮ノ空本蓮沼の会,300,0,10441,377560,10,2,5,1,3,3,2,2,28
RDVXLFJIC,ゆね,B1KYU3XF8,LG lotus,1107,4,10443,377510,6,10,7,6,8,5,10,2,54
5X4CWRK7T,サワー,UHF5Y8PEF,さやちゃん倶楽部,562,1,10444,377420,7,9,5,4,4,2,1,2,34
FMRJMR9Y7,初心者です。,A8BJ5V3ET,はすのそら,972,0,10445,377020,7,8,7,7,7,6,5,2,49
AT6842AM8,O-rui,54JWUD9X0,異次元からの者,980,1,10446,376880,9,8,6,4,8,5,7,2,49
JP2B7YME4,JMCR,TWJ862EPN,こにゃとも,231,0,10447,376700,1,1,3,6,4,4,1,2,22
1ATG4LHNR,霞ヶ丘かすみ,CT8XW752X,蓮ノ空写真部,950,4,10448,376250,8,8,7,7,7,5,7,2,51
OQ8Q7FV1S,あっちゃん,XEENRBXCG,蓮ノ空休日クラブ,995,4,10449,376210,4,7,4,4,8,5,5,2,39
70JG9M98R,ATC260,KGG6VMD1R,蓮ノ空本蓮沼の会,375,0,10450,376030,10,9,8,8,10,7,9,2,63
JN73XXJ07,Limone,80VRCG1BY,みらぱ同好会,313,1,10451,375940,4,4,1,4,3,5,4,2,27
XA850X1N2,まやかす,T56X6LP0L,光の海,854,0,10452,375850,4,4,4,5,4,1,9,2,33
23P90VRCM,tomo,GYG7B5R36,幼馴染同好会,898,4,10453,375530,4,1,1,1,3,1,1,2,14
ADFV2R9K2,などかず,06DCWC1RE,とりあえず参戦用,735,1,10454,375490,1,1,1,1,2,1,1,2,10
KAPH86VFM,いまりん,HMBW9DXY2,蓮好き皆あつまれ,1080,8,10455,375400,8,8,3,8,6,7,8,4,52
HLRNNFRK6,kitami,KPVJD4A1H,WINS金沢,666,0,10456,375310,9,8,6,9,4,6,8,2,52
V9RNSMWIM,いかわ,HBCC35887,そりゃー!!!,1373,7,10457,375260,9,8,7,10,6,6,7,2,55
ASACG07UP,しゅん,CHRR1ARHR,さやを応援し隊,1139,5,10458,375170,10,10,5,10,8,7,7,3,60
01YE17233,Juanphan,36DAM7HBL,蓮隠れノ里,148,0,10459,375080,10,10,10,8,6,5,5,4,58
ZFB7JJRTD,タカみかん隊長,97Y59KBF0,乙宗梢倶楽部,1296,15,10460,374810,8,5,4,6,5,5,7,2,42
1U2J2605A,宇宙似,A1GBKA16P,アシュラム,394,0,10461,374756,9,9,6,5,4,3,4,2,42
DLZGW2654,イルカ,N1JAJ83CA,蓮ノ空園芸部,1105,2,10462,374680,9,9,7,8,8,7,9,2,59
B9FN1L47M,れいな,TB7GJ57D7,シャイニーフラワ,677,2,10463,374140,6,9,7,9,5,4,5,4,49
OT8WW8ZH1,アフロ,XR2P2LDY3,蓮ノ空さいきょー,1097,11,10464,374090,7,8,4,5,6,6,8,2,46
HGCR16M30,こんぶ,3HDDYR4FU,旅人,815,0,10465,373960,3,1,2,1,2,1,2,2,14
VEBD97T8C,ろま,7J5JK1W1W,高根町,855,6,10466,373780,2,10,7,8,2,5,7,2,43
J92UYDY0P,流星,M851LEV3N,なっす父兄,966,4,10467,373730,9,8,9,3,8,1,9,2,49
2MWJA8R4F,ヌーティー,VXDPPJJL1,蓮ノ空リボ課金部,710,0,10468,373640,9,8,7,8,9,4,9,2,56
PT5VN7F1M,エリック,NB0HX9KP8,かほてぃあん,1287,2,10469,373600,9,9,7,8,7,9,9,2,60
9YD09BV5X,ミリィ,8BAYBXUXC,スリブ大好き♪,238,0,10470,373388,3,3,3,5,4,1,2,1,22
BG4M8FP11,Kio,N6TVG18P8,すきすきクラブ,283,0,10471,373330,8,10,5,10,3,6,5,5,52
NC3YR41B5,洩矢神蓬莱,XTMGPY62U,スクステ初心者,720,2,10472,373190,1,4,4,4,3,1,1,2,20
HHEVELX0U,ヨサノ,T2XRMGEAE,蓮根無言会,992,0,10473,373060,7,7,1,6,7,5,8,2,43
MX66PXF1R,緑川,23PGPJ3NV,蓮ビギナーの集い,704,2,10474,373010,8,8,5,4,6,1,10,5,47
MKGC26GEY,rikki,M6UPWJ6DU,蓮結ぶ虹と星の音,998,3,10475,372970,8,8,6,7,7,5,7,2,50
BASM7ID1K,普賢,NTRNXXKX6,ハナマルの世界,675,0,10476,372790,6,4,1,4,4,4,5,2,30
3SL5MV3T0,ヒイロ,PWK02KG0F,メメントの森公園,1078,6,10477,372740,9,7,6,7,7,4,8,3,51
GNYF50H20,とも,8VGXWTV3U,R.opRizm,1089,2,10478,372340,7,7,5,5,7,7,8,2,48
NX9X830WP,まあこ,YM72HRVCF,ワンニャン部,1050,3,10479,372250,9,7,5,7,4,6,9,2,49
VAFYCI9GU,Siren,5JA9K5FAK,オタサーの姫芽,638,0,10479,372250,8,8,1,5,9,1,8,4,44
1TBS0IN6P,マジカ,B1KYU3XF8,LG lotus,1300,1,10481,372191,7,7,4,5,6,5,8,2,44
0AL6QM6F7,いなこ,7DEHK6CAJ,生きててえらい,1090,3,10482,372020,10,8,5,8,7,7,5,2,52
XC044XJBW,キャスバル,EECF9C0N3,蓮ノ空　茨城分校,1041,12,10483,371980,5,7,4,4,6,1,7,2,36
87GFB8AWM,S2,A8BJ5V3ET,はすのそら,296,0,10484,371890,7,6,8,5,5,8,4,3,46
YMVYUTD1E,nico,DUK0X7DB1,中国愛蓮同好会,628,2,10485,371840,5,6,8,1,4,3,1,2,30
WD7MH1LCE,星辰,V3FAH8CM4,初心者の会,820,0,10486,371800,10,8,4,6,4,4,4,4,44
3TNMTJKYG,グゼ,MYTCXJ12B,つーりすと@蓮部,957,2,10487,371750,9,8,6,7,6,5,4,2,47
PZZTUELMK,ハットポン少佐,YADX9DY49,ﾊｽﾉｿﾗｰ,1056,9,10488,371710,7,8,7,9,7,8,10,5,61
2Y3OF95EV,ぷりん,0JY7F3EKU,さやか愛でる会,610,2,10489,371678,4,1,3,4,2,1,1,2,18
1XS04QBYD,ヒロユキ,NGFXVPCGX,うさぎのしっぽ,1083,6,10490,371440,7,9,8,7,7,5,8,3,54
UJB22C7AE,わたあめ,BPFAT416J,さやかわいい,1055,0,10491,371350,7,7,4,8,6,3,9,4,48
D95M35FU6,やんと,0UTVRAKFL,平穏無言,584,0,10492,371300,6,3,4,1,3,1,7,2,27
UJ6XY1AKA,だうろー,9C0KWR782,まったリンクラ,806,0,10493,371210,1,7,1,3,7,3,1,2,25
6ZN6BIJ3Z,うぇる,RNJ306W6N,日曜日よりの使者,1116,12,10494,371170,1,1,4,4,5,1,2,4,22
OZJDRSYL8,ラルカス,WN3LHKX0L,レンコンおいしい,994,1,10495,371080,5,4,7,6,6,6,5,2,41
VWNWXDADK,普通の学院生うみ,3RH5MYBXV,こずめぐ党,1027,6,10496,371030,8,9,5,7,8,4,10,4,55
HYCB27J8G,wesaiyou,58DP0FJPM,右も左もわからん,193,0,10497,370940,7,6,8,6,5,6,2,2,42
239PELLVF,なの,BW38LDPRF,蓮浦の星空,796,1,10498,370900,5,10,1,9,3,7,5,2,42
9V416U7WI,takuya,3LPBPHL3V,壁の民の伝説,1095,1,10499,370823,1,1,1,2,2,1,1,2,11
YUWE4BGVG,random,1FNAB7HWM,random,1016,1,10500,370652,2,2,5,1,1,5,1,3,20
TBA8KKT8U,しえる,KJU0BU77M,無言交流なし,1110,5,10500,370652,10,10,8,9,5,7,5,2,56
BI9B6XNSH,ジャビさん,XYRA2MND0,蓮ノ空ゆっくり,414,0,10502,370630,10,9,7,8,6,7,8,5,60
ZU9E3X7KD,Nyan,RTNWHX235,Yurina,1015,5,10503,370540,4,10,4,5,5,1,7,2,38
XMB2G050A,ソラ,9C0KWR782,まったリンクラ,221,0,10504,370490,10,10,6,9,4,5,7,3,54
PH6LMDC3A,まーちくん。,MPPDGVPWX,気楽にプレイ中,224,0,10504,370490,10,10,7,10,9,9,2,2,59
4Y2G6H03A,メトロイド,0YLUK30K6,蓮っコの集い,596,2,10506,370139,10,5,5,5,4,1,2,2,34
WWSAOOYZF,スライム,TR057C1UW,蓮ノ空ぼっち部,884,3,10507,369910,7,6,4,1,6,6,1,2,33
PLR6I72G8,ベレス,ME2G808E7,名無し,1086,5,10508,369730,7,8,6,9,7,5,8,4,54
2L912B9VF,ポンすけ,29YWG610N,ごまどうふ島,1011,3,10508,369730,8,7,6,8,5,5,8,2,49
8D9NAKUXJ,ひめひめひめたん,AHE0E3JND,ありがと！にひっ,209,0,10510,369626,9,10,10,10,6,8,5,5,63
0X1BY1WE7,ぱわー,FDWY9N1P7,"ゲCo.,Ltd",538,0,10511,369500,10,10,10,10,10,10,10,10,80
42WL1LNVA,寝不足ママ,EE4BKR0AR,まったりプレイ,585,2,10512,369455,7,10,3,5,2,1,1,2,31
MJR5L6RC4,ナカムラ,YJ21JXMXM,日本酒好好倶楽部,171,0,10513,369370,1,1,1,4,3,3,2,2,17
J2OXR8SM2,ドガバキング,G6EH0KHT7,なんもわからん,926,3,10514,369280,10,8,9,1,7,5,1,2,43
SL7EAL1XQ,キノ,C021HVB2B,第3芸能科,868,1,10515,369230,10,6,5,10,7,10,8,3,59
3888DPL1X,ラウラウ,EE4BKR0AR,まったりプレイ,979,3,10516,369190,8,8,7,8,8,6,9,2,56
2TY6N2HA3,雪兎,VF517JBVB,無言でいいよ。,1076,6,10517,369140,4,4,4,5,5,5,5,2,34
W8AAFKAV6,アナーDレイ,YVV9CMBLW,東京公演で沼落ち,728,0,10518,369010,5,3,5,2,7,7,1,2,32
BWNPXCR2H,ちょく,XTMGPY62U,スクステ初心者,573,0,10519,368942,4,4,2,1,2,4,4,2,23
05ZZ20ILD,かえで,LFB48H6MU,超初心者の会,950,0,10520,368830,10,8,7,4,6,5,8,2,50
DTCFVTWML,セルシー,8J35LPWWE,もこもこ,813,0,10521,368740,5,5,5,7,7,6,10,3,48
35H3A5G04,「NKMR」,LX25CP0TG,深夜の芋煮処,1138,3,10522,368650,7,8,6,9,7,7,10,2,56
40XC80HCY,BB,TR057C1UW,蓮ノ空ぼっち部,1118,2,10523,368560,8,6,4,6,4,5,7,2,42
8D3JE2CG0,つくよ,F2M746D4B,頑張らないクラブ,687,3,10523,368560,1,5,3,4,2,1,2,2,20
RHRYOUYPM,Y@S,YAY2UK2CT,蓮の空研究部,1084,1,10525,368470,8,8,6,7,7,4,8,2,50
AW1YKJ8HD,泥田坊,U57VPUTEE,ゆったりクラブ,1597,11,10526,368420,10,10,8,10,10,9,10,2,69
N8H3WGX9K,ぽン,JHTULVV5P,故に瑠璃乃推し,551,3,10527,368330,7,7,10,7,7,7,7,7,59
DDMGJ7T8E,(・8・),1GVA7GK3T,ことり,145,0,10528,368290,2,7,5,6,3,3,1,3,30
8AGTLW501,あゆっち,WAV06LD2L,バカタレ共,522,0,10529,368240,10,9,7,10,5,8,5,4,58
DT6R11P1A,灯花糸,RM7N1JDB5,無言推奨不干渉会,363,0,10530,368060,4,8,1,1,7,3,1,2,27
9BYSVSG0Z,すやぴまる,U1M6T5C7L,寝るるん滞在記,979,3,10531,368020,8,10,4,5,5,5,9,2,48
KP9VHU309,ユウウツ,M4D0VP1XT,蓮ノ空痛車部,732,2,10532,367840,9,9,10,4,2,2,1,2,39
YFSEFHR7E,フユ仙人,GYH0B7CVU,瑠璃乃推し大阪,820,2,10533,367790,1,9,3,7,5,1,8,3,37
RU8LM8Y9M,ひでさん,3JDDUYURT,無言,1077,0,10534,367660,3,2,2,6,7,5,8,3,36
97UK72101,Tiara,VN1LXEHLR,綴理、愛,745,0,10534,367660,8,8,6,4,5,3,7,2,43
XAP5U4LTT,あーにゃんHS,A73H7ENN2,エロマンガ同好会,1301,9,10536,367390,7,7,4,1,6,9,10,4,48
BN0Y39MFZ,ネンブツ,AR9HR528A,いろいろ実況,1035,4,10537,367250,7,10,5,7,10,5,7,2,53
VE85EYHW4,ちいかぶ,3F0M4HXJE,蓮ノ空まったり部,843,0,10538,367030,8,8,5,5,2,8,9,2,47
QVQ4RBQMA,Shun,G8F0M2PH2,アフターウォール,1227,9,10539,366980,8,5,5,6,6,1,10,4,45
UPKBL44W1,はるか,1XX6FWJRB,オートスキップ団,691,2,10540,366890,8,9,6,4,6,3,1,2,39
LC65M61TA,蓮ノ空一番大好き,ELDXGWNA6,○サークル,565,2,10541,366800,1,6,3,5,3,1,1,2,22
6X9S3U27W,keibong,P2J37FNLG,乙宗先生指導会,1573,14,10541,366800,9,10,8,10,9,7,10,5,68
GEL87UYRK,みかづき,J5FJNX88N,無言,664,0,10543,366710,1,2,1,3,5,1,4,2,19
1N443KGL9,武蔵恵,BEMED3RY1,無言無課金ok,295,0,10544,366580,2,4,1,2,3,1,1,2,16
19Q47MPSC,あーお,BT3GEWM5L,ささやか村の集い,1115,0,10544,366580,7,6,5,7,7,5,10,3,50
ZVB0HNOLF,ユウシン,DF7FA982P,蓮ノ空百合部,1141,1,10544,366580,6,7,4,7,7,6,8,3,48
DDRVAYYF6,徒花,ABALH0AL3,楽園計画,759,6,10547,366490,10,7,8,5,6,5,5,3,49
O7N98XA6J,リュウ,UHF5Y8PEF,さやちゃん倶楽部,1240,17,10548,366080,8,8,8,9,8,8,10,8,67
DC8KUMLGZ,B5=BAM,HC7H303E2,Solo,1101,3,10549,366040,7,9,6,6,5,5,8,2,48
Y111EK3MP,青春の輪郭,W3YKKRWHG,ルリと愉快な一家,1284,17,10550,365990,9,4,4,7,3,7,6,2,42
1D9HPNUYL,みつ,5U3W3560U,来栖りんりん,539,2,10551,365864,5,8,4,4,1,10,3,2,37
AY2GRN0T7,なき,L6MF2MPBN,みらくらぱーく党,1037,13,10552,365810,10,9,6,10,4,5,5,2,51
PVY0708FV,イカサマダイス,RBBCNBJK3,初心者,234,0,10553,365720,6,7,4,5,3,6,3,1,35
UOYDWJJLJ,キハ58,GLP0WPDRM,イベント用の泥,1041,1,10554,365410,8,8,1,6,6,5,10,2,46
A5R8R1CJ6,いゆ,GGK2P93JK,きゃらめる,648,2,10555,365360,9,7,9,6,7,3,1,3,45
CCHVUY33C,ハニレモ,ACVP58JT7,音浦虹結蓮,988,0,10556,365320,6,7,5,7,7,4,7,2,45
DKBNY3UWA,むじか,XTMGPY62U,スクステ初心者,459,0,10557,365270,5,4,4,4,3,3,3,3,29
4QWHTZUBC,いんたー,PHLRY3XRP,とりあえずやろう,932,0,10558,365230,10,10,5,3,4,8,1,2,43
ML1CXSF9E,レイ•ゲン,AGJ215YND,蓮の空中國分校,1160,14,10559,364780,7,7,5,6,7,9,8,2,51
P8VNMLGW2,こんぱん,UX96YX4T1,『位置について』,486,0,10560,364730,1,1,1,2,2,1,1,2,11
S25IMCDI3,ごはん,XLX3R7HBT,自由さーくる,748,0,10561,364600,10,2,7,4,7,3,7,2,42
0S5R5Z0CY,通風が辛い,UX96YX4T1,『位置について』,1178,11,10562,364496,6,7,6,2,3,8,7,2,41
7V6HD4TX9,ことほのうみ,RBH0YM8P2,蓮ノ空ラーメン部,1271,16,10563,364420,8,7,2,10,6,6,10,2,51
KB29SJPNR,園田雪月花,865UE9UC6,蓮ノ空うどん部,912,2,10564,364370,9,7,8,6,4,4,4,2,44
ET21HXVWM,中イチ,ETAMCYHME,蓮ノ空お昼寝部,1040,1,10565,364280,9,8,6,9,6,4,4,4,50
FU8RFTFT1,かめぺろ,JE7V5MM31,蓮ノ沼に沈んだ泥,1013,10,10566,364150,7,7,6,6,6,5,8,2,47
FV6L0BJ3C,ナト10,ABALH0AL3,楽園計画,836,2,10567,363880,7,7,7,4,8,5,7,2,47
24B2DCNFB,ふぉっくす,J0N1E3Y09,月火水木金土日,1036,8,10567,363880,7,5,4,10,8,7,7,6,54
J5T832BTY,しょーた,JD541JRXE,こてっちゃん～,761,0,10569,363812,1,7,5,5,2,1,2,2,25
T667M6HQA,Rine,BK8AXMYGC,いってらっしゃい,1000,11,10570,363740,8,5,6,6,4,7,9,2,47
UW33FBF90,ディ・マリア,J0PT5EX42,スクスタモ部,402,0,10571,363650,10,10,10,7,7,7,7,7,65
50O4H8W9S,Delia,YABXAFRG0,ハナタバウリバ,1058,5,10572,363430,9,8,7,7,7,5,8,2,53
4DVWNGWBE,しんどーP,FDWY9N1P7,"ゲCo.,Ltd",1320,20,10573,363380,8,10,6,10,8,6,8,10,66
49E5YHU1X,Sckrut,F539KNLMW,謎部,709,0,10574,363160,10,9,7,4,6,5,8,5,54
420W79DA0,ゆうち,C0NDBKMRB,すりぃずぶぅ家,985,4,10574,363160,6,1,1,7,2,1,8,4,30
GQ5JG9SZ2,紺野由真,4HN9A6RD9,瑠璃色ストラップ,1271,1,10576,363128,9,9,5,7,8,7,8,2,55
L1VQ3F8R1,やまと,T045NDKW0,♬さやか愛好会♬,1077,3,10577,363070,7,8,6,8,7,4,7,2,49
X5X7HOGVR,OMIKURIN,UHWA4YLWP,蓮ノ空を見守る会,975,12,10578,362840,8,7,2,5,5,4,4,2,37
RIVEFW6VZ,ちぃ,XNP3CHWM1,リンクラ愛好会,772,0,10579,362530,6,9,4,5,5,1,6,2,38
TD8CYHN5G,ｸｯｷー粉々隊,16K4DG9HX,囲碁サッカー部,957,12,10580,362350,5,4,2,5,3,4,2,2,27
1SYIA9WS7,みき,HKETDDCK6,ぼっちざ蓮!!,1014,8,10581,362300,4,2,5,5,5,4,4,2,31
WC68B6JD9,슴쿡,279NUYU7C,れんこん,1121,7,10582,362210,6,4,10,10,7,5,4,2,48
2SM1ZSNNU,NASUMAL,DFFYFJ2B6,つづさや好き過ぎ,972,8,10583,361760,2,2,1,1,2,1,1,2,12
G1CKNEUM3,ぬ,7B0W0EWVA,ソロの為の避難所,582,1,10584,361580,1,1,1,1,3,1,2,2,12
J51P6DXYU,メガネ(爆),U55TMKFLF,どんたく蓮ノ空店,730,2,10585,361450,10,4,5,1,6,4,1,3,34
DXRPVLKXW,よいつき,P2J37FNLG,乙宗先生指導会,950,7,10586,361400,7,3,4,9,7,2,9,5,46
GLU92CVU1,ムスビ,XR2P2LDY3,蓮ノ空さいきょー,1189,1,10586,361400,7,6,5,9,6,4,5,3,45
5S5ZOCYWO,猫チビ,5L9GNT78V,叶え！私達の◯◯,859,1,10588,361247,4,9,5,4,2,7,2,2,35
YG1K7TAUM,がたりん,L3MTTE2BL,麻の葉スクステ部,510,2,10589,361180,7,5,5,1,4,1,4,2,29
MUAFU2BJH,ゆし,KND3T7056,ぽかぽかモガの村,1111,2,10590,361076,8,7,6,7,8,5,5,2,48
BTK94FDLJ,ジャスミン,AGJ215YND,蓮の空中國分校,1000,3,10591,360950,6,8,5,5,7,4,7,2,44
VB5P1BEET,ずんだ餅,KXEME076E,つづさや親衛隊,1060,4,10592,360770,6,6,5,4,2,2,9,2,36
TKXM9J2M4,ユキ,BEMED3RY1,無言無課金ok,762,0,10593,360590,10,9,5,8,5,8,9,2,56
8ANJKH75C,STACK,RBH0YM8P2,蓮ノ空ラーメン部,514,0,10594,360550,7,8,6,6,7,5,8,2,49
KEHETJTH8,すうぃんたろ,W8CJ1GB8K,LOVE,748,3,10594,360550,7,1,7,6,4,1,2,2,30
AJAF34XHE,九冬,AVY8PECF0,初心者の集い,238,0,10596,360460,6,3,4,6,1,4,4,3,31
UDJT83P6E,ゆう,A7WWE0463,蓮ノ空初心者部,1072,2,10596,360460,8,7,5,8,8,5,4,2,47
O3LU2ZG23,ヒロヒロ37,TXNCTRR1U,瑠璃乃推し隊,1125,2,10598,360392,8,8,5,9,7,4,8,2,51
M70CB9D3P,うりたん♪,XRC45XLGF,みらぱー！応援隊,923,6,10599,360190,7,4,4,1,1,5,6,3,31
T8KBCEVXH,かりん,E515TRU1G,起きろ夕霧綴理,263,0,10600,360050,5,5,6,1,1,4,1,2,25
TBGNN4KIZ,エルハート,J09VEX2ER,くるくるポーズ,1130,1,10601,359960,6,5,2,1,2,1,10,3,30
17V6K49R9,ゆいな,FG4170141,♪さやか愛好会♪,115,0,10602,359830,5,9,5,3,4,4,2,2,34
LMLDZQRTW,独自,L28X4MDJN,アフター観たいぞ,1086,6,10603,359780,8,8,6,6,2,5,8,3,46
D0WXN0DMJ,時雨,E12PR824F,ゆるっと蓮ノ空,1169,7,10604,359740,10,9,7,8,7,4,7,2,54
2XHVTRHK3,Rein,00T3NXXA9,初心者,811,1,10605,359708,6,7,8,1,2,1,5,2,32
7KBWB4PQX,カンパニーマン,5W8RPRVUA,ド！ド！泥！,1432,8,10606,359690,10,10,10,10,10,10,7,3,70
96KX3AR0V,かめさ〜ん,N8L41JAA7,無言 ノルマなし,942,0,10607,359600,10,8,5,10,9,1,6,2,51
NULXD94K2,山形乗り鉄,88DJ300PJ,めぐ党 • 永遠,1379,12,10608,359537,5,7,4,8,9,7,6,2,48
FXNJMT6TV,Crab,RWDWD9PP6,乙宗家の屋敷妖精,1210,1,10609,359510,7,8,6,7,6,5,10,2,51
2EZPNDDC5,リウヴィル,YT0LCFY25,蓮ノ空風紀委員会,1206,5,10610,359470,8,7,4,7,7,5,8,2,48
R6C237UDU,トモコ,R083H7WRN,サークル無言,867,4,10611,359380,8,5,8,5,7,1,6,2,42
H5K8ZTPCD,かいわれ,XY11YD61J,車団団,380,0,10612,359200,6,2,10,5,7,6,9,8,53
BKQYVRHWJ,TAKa,D883F4F9A,フラワー(仮),980,4,10613,358970,2,4,1,2,1,1,1,2,14
87LFM8JCR,Takoyaki,9DKR4Y2CJ,蓮ノ空老人会,1158,2,10614,358682,9,10,7,9,7,7,7,2,58
VSF4CTA4R,黄麟,T48KV9EP2,無言ぱーく,642,3,10615,358520,4,4,8,5,8,3,8,3,43
KYJKVU3RN,こにざわ,HBD61R6WC,梢先輩すきすき部,1145,7,10616,358300,8,8,4,6,7,5,7,2,47
80SG6N2KL,かのかのことこと,YNR28303K,りんくらぶ,995,12,10617,358250,9,8,7,9,7,7,7,5,59
6DX0MG6F8,酢酸,XURY539UN,筑波大ラ研,133,0,10617,358250,10,2,3,6,2,2,3,2,30
PLGN7RHKY,Pizzachi,LMH98656T,PizzaChi,978,5,10619,358210,7,8,1,7,5,5,5,2,40
T0UGG6MXF,Resi,JCRNT9GKB,ハントンTKG,1266,12,10620,358160,10,8,8,5,7,5,8,2,53
ERHF3UHEA,Ace,MWT91W455,つづこず大好き部,705,0,10621,358070,6,6,2,4,4,7,1,2,32
DERWPX300,さくらぎ,F08AHUJJ0,綴理のお世話係,913,9,10622,357980,4,7,8,1,7,8,6,2,43
E6K110FUR,にょ,LRKRUR21F,ちゅけバフ,416,0,10623,357940,10,10,7,8,5,5,1,2,48
KR3D396XW,アセロラ,GK7JNB0NW,参加賞取り隊,442,2,10624,357890,8,6,6,1,3,3,1,4,32
ZGDRKNEJ3,柿畑ケロシン,CM5THHYHB,「」ノ空だけれど,1065,0,10625,357850,7,8,6,7,7,7,9,3,54
YCLFUB2X9,たつや　17,XXVVJY6FE,はぴぱれ,761,2,10625,357850,7,5,9,10,8,5,8,2,54
6XV917KBM,サンクラ,2DYYAPFVN,蓮っ子村,1150,3,10627,357827,8,9,7,7,7,5,10,5,58
P7YN8NHF7,fedal,XA0XD41CM,ぼっちぼっち,1111,11,10628,357800,10,8,8,7,5,4,8,7,57
WUAXB8RX2,まままい,8KCJ6PD2B,ぺろぺ,631,2,10628,357800,6,2,4,3,1,3,1,4,24
TMHALEY47,パルム,XE8513HNP,喫茶カワウ空✨,1121,11,10630,357710,7,8,4,10,8,7,8,2,54
SNPTV2SXG,よーしー,FTUJJ5KM9,無言◎私生活優先,1136,5,10631,357670,8,8,6,8,6,5,8,2,51
VCMU1323W,miyaco,0CBM28JP6,ほうき星,838,6,10632,357620,8,4,2,8,4,4,7,1,38
E4WTTYGKN,しらたま,E050K9859,蓮党,1104,12,10633,357530,7,7,5,9,7,4,4,2,45
P4V7NHR9F,dKITI_I,WCL6R1ANU,無所属の会,488,0,10634,357440,7,8,7,6,2,1,2,4,37
CN7UHWNEU,ぼちぼち,LUDNM40F8,ふくふく無言OK,1123,0,10635,357400,8,9,6,8,9,7,8,2,57
G8JHUY399,Kishiro,919XF8V2V,蓮之空大三腳,330,2,10636,357220,2,2,1,3,3,1,1,3,16
K0VAPFF2C,mackey,FLFXP0T22,沼津内浦メンバー,1066,4,10636,357220,9,8,4,6,4,7,7,2,47
AHOSSYNW0,じゃーる,UHWA4YLWP,蓮ノ空を見守る会,959,5,10638,357143,2,1,5,6,4,6,2,2,28
DFVVT36FA,マカロン,RNJ306W6N,日曜日よりの使者,1049,9,10639,357130,8,8,4,4,4,4,9,3,44
9O0SU66WW,のん丸,WYWGY9MV9,にぇ,809,2,10640,356972,5,6,5,4,5,4,4,2,35
U5V3KVL7E,晴奈,M67ACEP3M,オーバーブースト,931,7,10641,356810,8,7,6,8,5,7,4,2,47
XN44GCYJV,そら,TCTEAMP9C,虹ちゃん最高！,647,0,10642,356630,1,1,1,1,2,1,1,1,9
BEGUUP7AU,にきぱん,9C0KWR782,まったリンクラ,600,0,10643,356540,10,9,8,8,5,7,5,3,55
AEPKSMNFF,ZuokeWei,N0EXH1CM1,ぱちぱち徒町,957,10,10644,356450,9,10,9,10,7,5,7,4,61
K128QALXU,猋珈琲,XCVPUP28L,丑美津高校SI部,1168,4,10645,356320,7,8,7,8,8,7,9,3,57
04U6U8E1D,ちかほのかのん,4RY75CKM4,LLすこ部　メ募,962,7,10646,356270,3,1,5,3,6,1,1,2,22
PK50F4041,ダイヤ,HPTHY23VR,蓮ノ空文芸部,1041,3,10647,356180,8,8,5,7,7,2,6,2,45
VHXH3L6YY,トッシー,3LAFHDKE5,こずさや保護者会,1205,5,10648,356050,7,9,8,9,7,7,9,3,59
68F3GTF6D,ベース,578YG6EAT,桜桃花束愛聴会,1338,1,10649,355960,5,8,1,6,6,5,10,2,43
R331EY7GK,暁月　瓔舞,C8A9CTB34,蓮ノ空山岡家部,458,0,10650,355870,1,1,1,1,2,1,10,2,19
CG9FLTDP6,能登,GEAEAE83C,刀使ノ巫女,755,2,10650,355870,7,5,7,8,5,7,10,3,52
FC337WN1D,ペレイロ,N1DJVPGP8,いつでも咲けるよ,870,5,10652,355820,7,5,1,1,5,4,1,2,26
YPRHJA960,あぐぽんぬんな,HB9AU9DJJ,聖心党,1195,3,10653,355775,5,6,4,4,7,5,4,1,36
HJ9ZL1Q3X,Yuki,BT22M41DV,梢花帆吟子同好会,1006,6,10654,355730,8,7,5,7,6,2,9,2,46
XD143C66F,ちえ,762FM3JV4,一蓮托生,938,2,10655,355604,9,7,5,6,6,4,7,2,46
U6L8MF89X,p103,D075KXX86,花うさぎ,1002,2,10656,355550,8,7,1,8,9,5,1,2,41
YYC1EAA4C,かびごん@めぐ党,U98UKD6RY,異次元フェスP,597,0,10657,355433,4,9,2,2,9,1,2,3,32
T128AC9XH,グレイ,YHWN0NJ03,ドカ食い気絶部,503,0,10658,355370,2,4,1,5,4,1,2,3,22
DL2XCYFP7,しあん,424NLTEE8,無言な異次元部屋,1066,5,10659,355280,10,10,8,10,9,8,8,6,69
RP1ENKFID,さみ,CXG25026E,泥のみんなS,1192,7,10660,355262,4,7,6,8,4,4,4,2,39
KU0UHERBD,たいちょー,2K5AM4RV0,とろぺりです,1116,6,10661,355150,6,8,6,9,6,8,6,3,52
2E1TEV7TP,えふぃ〜,9U8KNU6U9,対抗戦用,954,4,10662,355060,4,6,5,6,4,5,7,4,41
N75SRAW5N,翠聖（すいせい）,RKAHT9KB1,ドリームワールド,1076,4,10662,355060,9,6,7,7,8,7,8,2,54
DU7GHJQGA,とら,DF7FA982P,蓮ノ空百合部,1209,5,10664,354830,4,4,5,4,5,4,8,2,36
KR8A9CGAE,蔵人,0VEMMV8E2,スリブとまったり,914,0,10665,354740,6,7,4,7,6,5,5,2,42
TXW03NAR8,Tsuya,AND13836G,乙宗梢親衛隊,1067,13,10666,354700,7,4,2,9,8,8,5,2,45
W1MWOC3Q2,高海千歌,DUK0X7DB1,中国愛蓮同好会,1016,13,10667,354650,2,5,5,8,6,8,5,3,42
XTE1YC2GU,くるみパン凛,6KUYCDLGR,かよちんは宇宙,867,2,10668,354560,7,7,1,5,5,1,1,2,29
JS51UO64F,yasu,4WECUYXVN,得意になる途中,1046,0,10669,354520,7,8,5,8,7,7,8,3,53
E9NR1X8PV,アカツキコウ,LY0XPW7NL,同棲概念強火派,977,13,10670,354470,1,2,4,2,4,1,3,2,19
F8U63639F,ゆず,NMRKHYYRM,ご自由にどうぞ,175,0,10671,354430,5,4,4,4,6,4,4,2,33
V71PR8MV0,ソノフナミ,T4WY63DB9,ういのま,760,0,10672,354340,7,4,4,6,7,6,7,2,43
MAYWN75R1,クリス,L6MF2MPBN,みらくらぱーく党,908,6,10673,354290,6,5,4,9,6,4,4,3,41
H8WXFH9B9,るーふぁ,B216PY7KK,ゆるゆるり,839,4,10674,354236,7,8,5,7,5,6,7,2,47
XNF3TN2KA,ちひろ,7MFVNY6L4,アフターヘイブン,1134,11,10675,354160,8,7,7,10,7,8,9,8,64
RIAS6N5YZ,セア,N7J2R9JDN,ログイン目標勢!,691,0,10676,354065,7,7,8,7,4,6,6,3,48
CLCRJKFWU,ちはや,YMKU30246,参加賞がほしい,302,0,10677,353800,4,4,4,1,5,1,2,2,23
U8HT0PR8G,ゆー,EUPBMRB41,自分個人用,562,0,10678,353552,9,6,8,3,2,4,8,2,42
VCLPYY812,おに,ELTW62751,安全バーは君の腕,762,0,10679,353530,8,7,4,1,2,6,8,2,38
3APTKYWGQ,リコ,CV62FGL1U,花咲かせ隊,1053,8,10680,353440,7,7,6,7,8,6,8,3,52
D4S5VLAF4,k×k,UCF93JAPM,スワンプマン,681,2,10680,353440,7,4,1,1,5,1,1,2,22
5J0AW7P4Y,找个流畅的玩,M67ACEP3M,オーバーブースト,703,2,10682,353390,10,8,9,1,3,2,5,3,41
YE0B0XUE5,アヒ,L6MF2MPBN,みらくらぱーく党,521,2,10683,352940,5,1,6,6,7,10,8,2,45
2KPFCFVJ0,リセット,NC2YT2V28,蓮之愛同予者何人,1250,0,10684,352760,9,3,3,5,7,1,5,3,36
EFB0PHVQ8,武御雷,UVN7G4X3A,闇のルビィ団,1119,7,10685,352720,6,7,6,7,8,9,9,2,54
F5MFEYLK3,たこ焼きさん,KULVP7FDR,アニマル分室,1123,6,10686,352400,9,10,10,8,9,6,7,3,62
NP9KDFBJI,ひのとり,LUH7URBF3,初心者サークル,843,2,10687,352355,7,7,7,8,7,6,9,4,55
Y1NM3TMGE,ココウコウ,9C0KWR782,まったリンクラ,574,2,10688,352040,6,5,5,4,2,3,2,3,30
P2AJTNYBG,ダイソン,2PVYU5V33,ライブに行き隊,722,0,10689,351950,1,1,1,2,4,1,6,2,18
VYDHU5NCB,ほとりん,E17AJTJ9D,楽しみ隊,1197,17,10690,351860,5,8,1,4,6,7,8,3,42
77DJANTJR,味吉陽一,K69M1X95F,アイリス,700,0,10691,351671,4,1,1,4,3,1,3,2,19
53CWAYOZU,DOIchan!,M08GKL70U,ららマジ難民の会,1028,2,10692,351370,7,7,1,7,8,7,7,2,46
6D9BMP114,ロウレム,VNEY6C9BE,スリーマーメイド,189,0,10693,351230,1,4,6,2,4,3,5,2,27
W33HJN9A2,たっつー,5YEE75CB4,ロビーで待ってる,1120,1,10694,351140,1,1,1,1,2,1,1,2,10
MNHOG5Q1T,めたP,C68491XHB,みらくらぽーく！,1072,8,10695,351100,7,8,6,7,5,4,6,2,45
FB752OQHK,Cysqua,GL8PF1YV6,Cysqua,1075,2,10696,350830,8,8,6,5,8,4,9,2,50
ATEJAAMMY,邪王真眼,KXEME076E,つづさや親衛隊,429,0,10697,350780,1,1,2,2,3,1,1,2,13
6GXVNM3HY,よしお,WLLWJ8ADP,乙宗筋肉サークル,636,0,10697,350780,5,3,4,10,2,1,3,2,30
GJLCGRH39,ミルフィ,WN3LHKX0L,レンコンおいしい,943,0,10699,350650,8,4,4,6,6,5,5,2,40
J6WH7LHRR,虎次郎,1618JMRED,リンクラ自習室,405,0,10700,350600,8,6,6,6,4,3,1,2,36
RM78Y3VY7,黒澤堕イヤ,UMG1B9C7V,蓮ノ空女学院,659,2,10700,350600,7,2,2,10,4,1,1,1,28
7RGKC7EG2,kelkin,2FNB67NUV,9038gang,331,0,10702,350470,1,1,1,1,1,1,1,1,8
A5WYT5VB3,クレパス,EE4BKR0AR,まったりプレイ,1020,10,10703,350240,7,8,5,9,5,5,6,2,47
OD45ESXDA,LINE,ATB27G5P2,おこめ茶寮,1030,8,10704,350200,7,6,6,8,5,5,9,2,48
FP9AAUM4N,2G村の村長,C003CD1RW,☆蓮ノ空クラブ☆,442,0,10705,350110,2,4,2,2,2,1,1,2,16
D516H96GL,かまぼこ伯爵,Y4G0KF6NB,無言でやる会,748,0,10706,350020,6,7,5,6,6,4,1,2,37
Z4ECH3APK,タケル,394UG5LNY,行ってらっしゃい,1189,2,10707,349970,4,7,7,10,6,6,9,2,51
26EXTX1CC,なすび,61UTNTRU1,初心者さん,1046,9,10708,349700,10,10,1,10,2,1,2,4,40
5BEN21C5B,ダイヤル,YAY2UK2CT,蓮の空研究部,591,0,10709,349480,1,1,1,3,3,1,2,2,14
3VXL3WX2N,17,X87KNX4N3,蓮ノ流星群,844,3,10710,349430,8,4,7,4,4,7,4,2,40
QFII0TERP,肉じゃが,W3UUXHMDV,水彩ブーケ,1381,8,10711,349250,8,8,7,8,8,7,9,2,57
3QTIFW206,小胖,XXMU9WLKB,梢の機械さん,1137,4,10712,349210,5,7,4,4,6,10,9,3,48
BDYER5A0J,めぐ党のさし民,95TAREFPT,ご自由にどうぞ,1186,17,10713,348980,8,10,6,7,6,4,10,8,59
OMQF80794,パイー.,VA6X5YNNF,スリーズ分家,729,2,10714,348764,6,7,6,10,6,6,7,6,54
KM183V16C,パープル,3DP2YYXX6,天才なのかも…,1006,4,10715,348440,4,4,6,4,5,4,4,2,33
BUN4HR1DW,CVA-64,H1G4CDT6C,無言自由,918,0,10716,348350,8,7,6,6,6,4,9,4,50
RVWHYN5DV,ゆういち,J4R8W2ERA,ゆ,721,0,10717,348220,9,7,4,9,5,4,7,2,47
NBYJNYEA0,揚げアイス,RMT97FJ61,まったり　無言,483,0,10718,348170,4,10,5,5,9,2,1,4,40
9S6AG7JB1,もり,CXPCM150X,サークル,1100,2,10719,348130,5,7,6,8,7,5,7,2,47
8FGWEK87N,おいどんでごわす,E0JM59N1E,花咲梢,766,0,10720,348040,10,8,4,5,4,5,5,2,43
0EED2XKGN,きゃん,2K5AM4RV0,とろぺりです,695,0,10721,347950,1,2,3,2,2,1,1,2,14
934PRFJYH,さくら,AHE0E3JND,ありがと！にひっ,198,0,10722,347909,9,8,8,5,5,3,2,3,43
X0GCVUVRD,裏庭,XXMU9WLKB,梢の機械さん,828,0,10723,347900,6,6,4,5,7,4,5,2,39
STFPPTNSQ,あ,LJNCAEVAP,蓮ノ空さやか研,312,0,10724,347810,6,5,10,6,4,4,2,3,40
7S07EXRWJ,ソルドレッド,9YG7C0VM7,綴理と無言で昼寝,1260,19,10724,347810,4,4,7,9,5,2,10,2,43
YMNAZ8E5E,十字路,U0JJLF0DC,素敵な暇人の会,915,2,10726,347770,5,7,3,7,4,4,5,2,37
NKFL8JBYH,ジュウゴジ,LT9K2FP23,慈党リンクラ部,857,2,10727,347590,6,5,4,7,4,4,7,4,41
TPLYUGA26,翔,KA652DGYV,ゆるリンクラ,727,3,10728,347567,7,7,1,4,4,1,4,2,30
8CBE4V7WU,GAYASYUN,A3X92L6YU,お試し用サークル,763,2,10729,347540,7,7,4,9,2,1,1,2,33
9IPHY9HY0,くろえ,A73H7ENN2,エロマンガ同好会,1203,2,10730,347450,10,9,7,10,9,7,7,2,61
PDR5G6KC5,ヒトマカセ,WHWT61ELR,【無言】ハスノソ,1142,0,10731,347396,7,7,5,7,8,5,10,3,52
M64XC71EV,Usagi,X19MP0NTT,蓮之空河豚养殖場,752,0,10732,347230,5,6,3,5,4,5,5,2,35
QVQBMRZL4,相馬流尉,X784G0GKM,異次元から来た,1006,5,10733,347225,5,1,4,2,2,1,4,2,21
5X2WT9W8F,まかろに,TJPHRCAD7,アルビオン,138,0,10734,347140,3,2,2,2,1,2,1,2,15
D0XMY9EW7,ハララ,ATB27G5P2,おこめ茶寮,1320,4,10735,347054,10,10,7,8,8,8,10,7,68
EV7EAO5HB,みりん,WNA5GTJPP,蓮ノ空百合クラブ,1010,6,10736,346910,6,6,5,4,6,1,5,2,35
7P9HJYFKA,t-Pon,JLKVK4MY7,マッタリくらぶ,1040,5,10737,346870,8,9,6,7,7,4,8,3,52
EJE3YUUXF,いのらじ,Y4G0KF6NB,無言でやる会,1060,2,10738,346820,5,3,1,6,8,1,4,2,30
C8KTLMNWB,ゆう,7MPNTWKTN,Dreamers,791,2,10739,346780,10,6,7,7,6,7,5,2,50
DXD2CXW45,поземка,PJN52E7JX,ひよっこ,167,0,10740,346600,1,3,1,2,3,1,2,2,15
6B9EETA7A,かっぴ,X6VVKXN6U,はしも,1308,10,10741,346550,10,9,8,7,5,6,5,5,55
Z0VRPHFYG,ちゅんネル,AG9PKMMC3,ぱかぱか同好会,1112,12,10742,346541,8,7,3,8,10,3,3,3,45
B2JNOFHWN,旧式ぐんそー,WPCVVD72F,ビーハイヴ,1347,16,10743,346420,7,4,7,7,7,4,10,2,48
CXH5GBD81,くろねこ,8MDA3A0AK,イベント用,461,0,10744,346100,6,4,7,1,3,1,1,1,24
8Y4H6X2RW,あうん,95YCCGJJG,あまね部蓮同好会,470,0,10745,346028,7,9,5,5,2,4,7,2,41
9ZHYIQH3S,ゆせな,PG8N0YL3F,蓮ノ黄昏,1192,3,10746,346010,7,10,8,7,7,7,9,3,58
GW6EQPO4Q,星咲りんご,1F5EPPMLD,UR貰えればいい,1142,8,10747,345857,8,1,4,8,7,4,8,2,42
3PVYX7UTC,Hanamaru,BXHG2KXAD,idol.st,1015,7,10748,345830,6,1,5,5,3,5,1,2,28
171TF9LKB,たくたく,89K9Y7MX7,初心者歓迎,307,1,10749,345700,1,1,1,1,2,3,2,2,13
M0T2PXPFV,yuno,VD7N7A4WH,氷青色,938,7,10750,345560,6,8,6,4,5,5,4,2,40
XM461284L,PANd,K95YH6P1C,蓮ノ空泥の会,734,2,10751,345515,6,6,2,10,2,8,4,2,40
65U9R7FDP,Ayart_QZ,RBH0YM8P2,蓮ノ空ラーメン部,867,2,10752,345470,1,1,1,1,3,1,1,2,11
25MC2464G,もりもり,4NFMU2WME,好きだかんな？,434,0,10753,345430,2,4,3,2,4,1,3,2,21
L2WUTM028,やや,X87KNX4N3,蓮ノ流星群,726,2,10754,345380,5,4,5,2,2,2,5,2,27
ZEZ5V4H41,たかひろ,BRDVLDYGV,たかとも,838,4,10755,345290,4,8,7,4,7,5,10,2,47
IDIHSW8JW,マルセル,18YYNRFGA,LotusSky,1063,7,10755,345290,5,2,4,6,6,4,4,2,33
LWWBF6TVX,はなうた,36DAM7HBL,蓮隠れノ里,995,13,10757,345173,7,3,5,4,5,5,7,2,38
PLTWAVPJR,李田所,FNMV166UY,蓮ノ空喫茶部,873,2,10758,345160,4,2,1,4,5,6,10,2,34
4YRXTLCS2,くまぽん,9WJB6YPPN,温室花畑,1114,3,10759,345020,1,2,5,2,2,1,10,2,25
K3KVZUPI6,Crystal,762FM3JV4,一蓮托生,718,0,10760,344831,3,1,3,4,4,2,2,2,21
VAALUDX37,あす,VXDPPJJL1,蓮ノ空リボ課金部,828,0,10761,344570,4,4,4,3,2,1,1,2,21
WTVNNYRPB,もちこ,VXDPPJJL1,蓮ノ空リボ課金部,1018,6,10762,344480,10,10,10,6,8,5,7,4,60
K67UCL6TM,りっしゅ,0CEA9XFKR,蓮ノ空の泥人会,971,0,10763,344300,7,7,6,6,6,4,8,2,46
8DU56JVW1,ぴろり,4BU2PJLC1,Sky,366,0,10764,344170,10,10,9,8,9,8,8,5,67
GR6B1134M,タイサ,CP3KWKH07,まったり社会人部,223,0,10765,344147,3,3,3,3,2,3,1,1,19
40RFJH2T9,コッペパン,HWMV33W7Y,フラワー泥民館,1081,16,10766,344120,9,8,7,7,8,6,9,3,57
3FCZCV4XU,ハヤチャン,AR9HR528A,いろいろ実況,1049,3,10767,344030,8,7,5,1,7,1,4,2,35
0EE0MKMNY,ダアツ,FV38N1J23,イベント用,1032,11,10768,343990,8,8,5,9,8,6,6,2,52
60IX3CUI6,Todo,X4G2LXJB4,運命の人5万人,833,0,10769,343900,8,5,5,5,4,4,7,2,40
JGDJBL79N,ろこ,998H940YN,お嬢様筋トレ部,1329,10,10770,343850,8,7,7,10,7,6,8,6,59
VKQ9B91BJ,和水月,C2M5GJD7D,せーので！埼ノ玉,1233,6,10771,343670,10,10,7,9,9,7,10,5,67
DT3TGJ0HX,ゆう,XR2P2LDY3,蓮ノ空さいきょー,366,0,10772,343540,2,2,1,1,2,1,1,2,12
V52XI1Q8J,t2,NL1MPRG05,とりあえず,1146,1,10773,343490,10,10,5,9,4,5,8,3,54
45NYECCPR,つっちー,8UJNTV5BX,のんびりと部,1059,7,10774,343040,9,8,5,8,7,7,8,2,54
WA1OLTGJV,和泉弥生,F2M746D4B,頑張らないクラブ,1308,3,10775,343000,9,8,7,7,8,8,10,2,59
RX91CEW1C,あまみ,MWHJ339TF,葉山エターナル,835,0,10776,342950,7,9,6,7,7,5,6,2,49
2U1VME6TU,うにたん,3LCTFNL70,さやカーディガン,861,6,10777,342910,5,10,10,10,1,8,5,2,51
16FH628KS,MA☆SA,HN1MGGXRJ,蓮ノ空 応援団,1028,8,10778,342770,4,2,5,4,9,4,10,2,40
FFKVC42YB,リサ,W3F0URUJC,梢先輩応援団,275,0,10779,342680,2,4,2,1,3,2,2,2,18
172IOG9R3,かえで,3FF3NB77X,せーはす愛好会,749,1,10780,342500,4,2,7,9,8,5,1,3,39
CPHNHRVNV,yoshicha,W3F0URUJC,梢先輩応援団,985,6,10781,342410,4,5,7,4,5,1,1,2,29
9RUFC4LX9,ヒルト,4EEENDTTW,みらくるすぱーく,955,2,10782,341830,4,7,5,4,5,8,6,2,41
0UXMXCQI6,カカ尾,TMYMB72UG,蓮ノ空お絵描き部,1173,7,10783,341650,9,9,7,10,8,5,9,2,59
33R4NH1KW,こくら,WLFW6UCX5,無敵級ビリーバー,634,2,10784,341600,7,10,5,10,6,6,1,2,47
JVGT9BJNB,T.Silver,2YBBLUY1Y,ふんわりクラブ,944,0,10785,341470,6,7,4,5,5,4,4,2,37
7RBKN7USP,Deen,59AK7LJ7A,とりあえず,873,2,10786,341330,10,10,7,10,6,4,8,2,57
23DE5930D,つぼみ,V26546K3D,乙宗気合筋肉,1102,12,10787,341290,4,4,1,7,5,1,5,2,29
AI47OHO30,星屑,96LWYJ3Y6,無言絡みなし,1187,4,10788,341240,7,6,6,4,6,1,8,2,40
3PYRAVHFV,キレネンコ,BHW3RTLYB,カワウソ小屋,848,2,10789,341200,7,6,9,3,3,4,1,2,35
1B4TVPFKD,ソラ,BW38LDPRF,蓮浦の星空,363,0,10790,341020,1,2,3,1,2,2,1,2,14
20A5JONMJ,かっつ,N34LHVJKN,のんびり堂,1092,12,10791,340840,10,9,7,7,6,6,7,2,54
99EFFAS5P,はなこ,U86R60336,DiCE/Key,364,0,10792,340750,3,2,4,5,4,1,2,2,23
FPXV4UDDG,nussan,WJY2HK6A5,蓮の空イベント部,454,0,10793,340727,1,5,1,1,2,1,1,1,13
JUPY8M3B8,カナス,YA55R3HCH,初心者,1067,4,10794,340570,8,8,7,8,7,5,8,2,53
49D0YWXKV,オレオ,K3LMN5JHH,金沢カレーの皿,1268,6,10795,340480,10,7,5,10,9,7,8,2,58
E3ZYG9BYY,soko,5NPVVUGH7,蓮すきすきクラブ,1360,5,10796,340120,8,4,4,5,7,6,8,2,44
PGGG51152,たけ,T4WY63DB9,ういのま,182,0,10796,340120,4,7,4,5,3,5,2,1,31
C4T6PFJB8,さひろ,73CBYJYB0,"oNM,",1122,13,10798,339940,4,4,4,1,8,1,8,2,32
G2I1A5CU5,ミナリンスキー,FG4170141,♪さやか愛好会♪,1130,5,10799,339800,8,7,8,8,6,5,7,2,51
8KC5TKBPJ,飴色,E515TRU1G,起きろ夕霧綴理,799,2,10799,339800,4,5,1,4,4,1,8,2,29
VWL2PNIEV,八月,V6DV6KETG,梢好き好きクラブ,1178,2,10801,339400,9,8,7,7,7,7,9,2,56
1YBTKDS49,ウルトラMJ,06DCWC1RE,とりあえず参戦用,727,0,10802,339310,1,4,1,5,2,5,7,4,29
X94DQS7D9,csyou,GCFA4WL28,乙宗梢を愛で隊,638,0,10803,339170,3,1,3,1,2,1,1,2,14
E15NA1N2K,かねひら,RGR1NVGWH,無言推奨・自由村,1081,1,10804,338630,9,5,4,5,7,8,8,1,47
D2NH8GK7A,たかぴぃ,VUE5Y1R81,吟子好き好き海月,192,0,10805,338504,6,3,4,10,4,5,4,2,38
YGFB6NPK4,開闢の予言者,G7B8E7U52,ぼっち,487,1,10806,338450,8,1,1,1,1,1,1,2,16
H6CBLNFUT,もちヲ,0B8RTHY4D,のんびり屋さん,886,0,10807,338410,9,9,8,8,7,5,7,2,55
9EEKX7DAC,凛,F2M746D4B,頑張らないクラブ,1195,10,10808,338140,9,9,8,8,8,7,7,2,58
96VIZWZ23,ワセリン,XWNXDWJ5R,ふ〜ねちゃん,1091,0,10809,337870,9,8,7,7,4,6,6,2,49
AGNVXACC8,からあげ,PUJ0ERCMW,蓮ノ空倶楽部,670,2,10810,337820,6,7,3,1,7,2,6,2,34
ISM3OK7DZ,ゆき,HKETDDCK6,ぼっちざ蓮!!,1202,10,10811,337690,9,8,6,7,5,5,8,2,50
4CYM2JTJR,Impact,V6DV6KETG,梢好き好きクラブ,1389,11,10812,337649,10,10,10,7,5,8,10,5,65
HDPL1RHVY,D.木吉,H5UXKCM5F,鼓風　金沢支部,1137,0,10813,337330,7,5,5,5,5,5,8,2,42
U4CB3YTEN,ブレーザンギル,3F0M4HXJE,蓮ノ空まったり部,696,0,10814,337280,3,3,5,5,4,2,7,2,31
FDUFVCUX2,sasu2cha,MPPDGVPWX,気楽にプレイ中,119,0,10815,337240,4,1,1,3,4,2,2,2,19
D4XFKMRLR,美香,KGBDPVHXM,1ミリ手前,682,0,10816,337100,1,1,1,1,2,1,4,2,13
L9H23W0X1,まじっく,3194B9E93,初心者寄り合い所,807,0,10817,337060,9,8,6,8,9,4,9,2,55
V7GH2R264,みこ,UARM4R7U7,リリエンフェルト,459,1,10818,336970,10,10,4,1,6,3,4,3,41
TN8LK08TG,ソラニン,3LUL3WR8Y,零組,1071,4,10819,336790,8,4,2,10,6,5,7,3,45
424TCERWC,ざっき,RV6GX8LNL,安野家。,452,0,10820,336740,1,4,3,2,1,1,1,1,14
TGAYRAJ97,せり,KGBDPVHXM,1ミリ手前,248,0,10821,336610,1,1,3,1,2,1,1,2,12
KKNVT1W73,RKO,Y6KN85L5P,孤独の村人,307,0,10822,336430,10,10,7,1,3,3,6,3,43
NLFAE447J,さっかりん,WWWUTP96L,異次元からキマシ,914,2,10823,336281,1,1,2,7,6,3,1,2,23
533GK0RXR,相沢梓,PD80VCP5N,虹ヶ咲学園,263,0,10824,336070,2,2,1,3,2,1,4,2,17
AX7LXATCT,さばしろ,9DKR4Y2CJ,蓮ノ空老人会,639,0,10825,335980,1,2,1,1,4,4,2,2,17
U4REACV4D,AI,CP5JE6KFV,コイコイクラブ,879,0,10825,335980,7,7,4,6,4,4,7,2,41
K3WKVRK1C,HeySeyKe,V6DKUH6JT,報酬だけほしい,654,0,10827,335930,6,7,5,7,8,4,8,2,47
YCJ90J4XT,トンヌライブ！,ABE9WNN3J,トンヌラ同好会,496,1,10828,335660,4,4,4,5,1,1,1,2,22
7F4Y7WA5Y,ぽてち,5L9GNT78V,叶え！私達の◯◯,303,0,10829,335570,1,1,1,4,4,5,2,2,20
G0UAUXFNV,みじん子,MF6GL0RVL,ミジンコ倶楽部,586,0,10830,335530,2,3,1,4,4,1,2,2,19
5W27EXMWP,完熟モモコ,3RH5MYBXV,こずめぐ党,373,0,10831,335390,4,1,4,1,4,2,1,2,19
J59KB6Q0H,就活おじさん,PHLRY3XRP,とりあえずやろう,714,0,10832,335260,7,4,7,6,6,4,8,2,44
KDGVLW8L4,はぐ,5JB4WK8J2,ああ,1251,1,10833,334850,1,1,1,2,1,1,1,1,9
IC3O2AT2D,ナオキタ１９９０,CN3RA5CKP,ナオリンクラ,1053,5,10834,334810,9,7,5,7,5,4,6,2,45
5K58XN812,一ノ瀬依里,JWUL2T36L,チーム初心者,428,0,10835,334760,3,1,3,3,2,1,10,10,33
E7RYAWM7W,れみりーふ,2K5AM4RV0,とろぺりです,913,0,10836,334490,3,2,2,2,2,1,1,2,15
XCEKCUO78,白き翼,60KU468X3,はっすーず,1099,2,10837,334310,10,8,9,8,6,7,6,2,56
I5O3K2T3T,えびどりあ,YR9G4KUPH,気まぐれ部,1128,1,10838,334180,8,8,6,7,7,6,9,2,53
V6FPR4NMU,タカくん,HNGMTKLYK,ルビィ,1031,6,10838,334180,7,7,2,5,4,8,4,2,39
AWWYJREFV,さくら,TB7GJ57D7,シャイニーフラワ,519,0,10840,334090,4,1,1,1,2,1,2,2,14
2ZKDXMAGX,龍龍,YL2ELYC4U,さや…好きだよ…,879,2,10840,334090,4,6,7,4,9,6,8,3,47
PGYYDNHYP,Marii,REUA4H17B,LLLLBR,156,0,10842,333950,3,3,3,3,4,2,2,3,23
3OZDDBGCW,コケタニ,NGMU0511T,無言のお茶会,1011,4,10843,333730,9,4,4,7,2,7,3,2,38
G4YF1UWF9,りょうたん,WX1DYC9Y1,ラナンキュラス,1188,5,10844,333590,5,5,4,3,3,1,1,2,24
C3J1K2EM3,コバ,X87KNX4N3,蓮ノ流星群,587,0,10845,333550,9,8,6,8,7,5,7,2,52
U386RNFJY,くらいつ,J62DRC7J5,蓮ノ空好き好き会,951,0,10845,333550,1,1,2,1,2,1,1,2,11
966KRJZVB,きょん,MVMP6NNXD,空き時間らくがき,1233,10,10847,333500,1,1,1,1,1,1,1,1,8
GL7CGA97T,とかげ,A86FEX2JC,おやさいさん,465,0,10848,333320,1,1,1,1,2,1,2,2,11
7UFMAUYT6,ゆう*,E58EXVMJU,ボクがんばる。,1173,8,10849,333100,7,7,8,10,7,8,10,7,64
XVOIL36I6,tori,LCH1TVXTJ,サークル名,961,0,10850,332740,6,6,5,8,5,5,10,2,47
K1AKCRHFV,Yama15,C0NDBKMRB,すりぃずぶぅ家,1300,10,10851,332690,8,6,6,6,6,5,8,2,47
C879898BB,うむ,UKRWDX25J,ーーーー,846,0,10852,332348,9,9,7,8,9,7,6,2,57
T0760NRNE,もみじ,NCX28D4VB,Lyric,813,0,10853,332290,7,5,6,7,7,6,6,1,45
UUUMPKHAR,ちゃみ,AXG81GPMP,蓮ノ空マタギ部,915,0,10853,332290,8,6,5,7,6,5,8,2,47
KCXVKX2CV,ゆっくん,PDTRRYUGM,石川県民ひろば,1163,4,10855,332240,4,2,3,6,10,2,10,2,39
0E5VLKD8E,みきた2,7UBUGF7G1,ワイのサークル,1112,0,10856,332020,7,7,7,7,5,5,10,2,50
M9DLDWBZX,なのは,7P4CAER9X,まったり倶楽部！,1127,2,10856,332020,8,8,5,8,6,7,6,3,51
WITBXDRSS,千夜一夜,8HUPBBHNC,蓮女「ぷりずん」,1119,0,10858,331930,10,8,6,8,7,5,8,2,54
LXKOUUTS5,めろそ,1F5EPPMLD,UR貰えればいい,1037,12,10858,331930,8,7,5,6,6,7,4,2,45
NVEEVBMJJ,とりだんご,WNMCNJ62M,チームまったり,888,1,10860,331835,1,3,1,3,3,1,3,2,17
IQAD8UP5V,ましゅ,K4TAHF9YA,はすっこ準備室,1147,3,10861,331700,3,1,3,1,4,1,1,2,16
I10TU8494,ヨウソロ,KXMXL2KRX,超初心者,1461,13,10862,331610,7,6,4,8,6,6,10,3,50
DD4XT6LW6,花園静馬,W9V6VTXAN,梢先輩の歌声好き,1286,14,10863,331520,7,8,4,7,8,4,5,2,45
JDCLJ573T,yuki,K3R1XY8UT,自由,825,0,10864,331480,1,2,2,1,6,1,1,2,16
NR1H7RYAN,Ha7maru,TTDBXERCU,蓮ノ空 全力応援,1131,2,10865,331390,9,8,7,7,8,7,9,2,57
KIJ1DLIEW,わのあ,0CALLC364,flower,1131,2,10866,331300,10,8,7,8,6,7,5,2,53
85PN7N05L,irona,FG4170141,♪さやか愛好会♪,813,4,10867,330980,9,9,9,6,7,6,1,3,50
CFF1FRH35,ちゃなつ,26JDLMBLN,徒町は強く生きる,397,2,10868,330800,5,3,3,8,8,2,2,2,33
L81VNP8LA,おじ,2UKNVBMBU,梢ちゃん同好会,680,2,10868,330800,5,3,3,1,3,1,1,2,19
C6S52UUJW,かねごん,1EL57CDR0,なんもわからん,1106,0,10870,330638,5,7,4,6,6,4,5,2,39
L52BBDWTV,アユさん,26JDLMBLN,徒町は強く生きる,493,1,10871,330530,1,1,1,1,2,1,1,2,10
GW8DB0HGJ,ラフルルラブ,7RBMBBY88,瑠璃色金魚,171,0,10872,330350,2,1,1,1,2,1,1,1,10
7JJ0O5O59,ハクシュン,BW38LDPRF,蓮浦の星空,1195,5,10872,330350,8,10,7,9,7,6,9,2,58
U0VOZEPHM,ナリトモ,G0J2F9NAL,さやさやさーくる,996,1,10874,330310,1,1,4,1,2,4,8,2,23
D1JVL3TJP,fj82,WWWUTP96L,異次元からキマシ,1071,9,10875,330260,8,7,1,8,9,7,6,3,49
G2PHMBV2T,house,MKABETXAV,月月火水木金金,1102,2,10876,330040,10,8,6,9,7,5,8,2,55
SA8BYVY47,ブラン,BXGNMY466,ライグラ用,1110,7,10877,329990,9,9,7,7,6,5,5,2,50
I6SC1IXOM,ミスター・ヨダ,UGPRCTA9F,YRSリンクラ部,596,0,10878,329860,5,1,1,6,1,1,2,2,19
22FGQF3NM,錦玉,J83JWJ028,大ㄇㄚˊ露營區,669,4,10879,329810,7,2,7,1,6,4,4,2,33
RVF5RVSCW,いっちゃん,PD80VCP5N,虹ヶ咲学園,1055,3,10880,329500,6,7,5,8,7,4,7,2,46
XH8YBK7X1,アイマスP,25PMPEMG7,星見プロ,1397,16,10881,329450,7,9,5,7,7,7,7,2,51
2Y6WYRUET,まんぼう,23PGPJ3NV,蓮ビギナーの集い,1084,2,10882,329360,8,7,4,7,7,4,9,2,48
X70G67B4A,ちゅけちゅけ,JTBMEXV8L,ひとりぼっち,809,2,10883,329320,8,9,7,10,8,8,7,5,62
EA1BYPXXU,やいり,3YWMY4JVN,82プロ,1271,8,10884,329050,10,10,6,10,10,10,10,10,76
PV2AGVO25,試されるむーさん,BUKPFCJCY,TTMC蓮ノ空班,1172,9,10885,328910,8,9,5,7,7,7,8,9,60
8I879SG6X,ぽんこつ,R083H7WRN,サークル無言,1121,11,10886,328820,4,5,7,7,7,7,9,2,48
9PAJI9SKC,ユッキーかすみん,PH0YEPJD8,蓮ノ空北國金沢,905,0,10887,328780,9,8,8,6,8,4,4,2,49
NL0WLYYWP,Curl,GLP0WPDRM,イベント用の泥,789,2,10887,328780,8,8,3,1,6,1,1,2,30
GJVLDT8E1,さばしお,AHE0E3JND,ありがと！にひっ,579,0,10889,328730,5,7,4,5,5,6,6,2,40
FNTPXR1YB,坂木,DFXN9DB2H,どんぐり共和国,1231,5,10889,328730,8,5,7,7,7,7,10,2,53
22BJ84WPW,シノチカ,PXDL7Y3VM,ビギナーズ改,609,0,10891,328640,2,3,2,1,2,2,2,2,16
4B7CEI01C,ななないす,N94LEWF2D,無言よわよわの会,1320,15,10892,328600,9,8,5,6,8,6,10,4,56
TTCG4JMM6,橘P,LG3XF86RM,ハロめぐ党無言可,1222,13,10893,328460,7,7,4,5,4,8,8,3,46
5JNWK7JW5,音リン,427WENUC4,心の癒し～蓮ノ空,563,2,10894,328370,3,1,2,4,4,1,1,4,20
APB506FD2,アム,FJMA5BPPE,蓮ノ空すきすき部,936,0,10895,328330,4,4,1,4,2,5,4,2,26
CMXHVV9LB,ばた,4FN0KWB4G,無言参加大歓迎！,370,0,10896,328244,7,6,4,7,6,4,1,3,38
5YY93JUDA,金魚,9GDHWXGVG,ルリと花咲く毎日,1323,12,10897,328190,10,8,8,8,9,9,6,10,68
KFM9032KG,テンテコ米,TF8AMTXNH,ﾃﾝ,538,0,10898,327880,8,10,8,8,8,4,10,2,58
CUW0Y40WY,わたる,578YG6EAT,桜桃花束愛聴会,1126,6,10898,327880,8,9,5,7,7,7,10,3,56
JV1VLJ0N6,ゆにぽん,4URND90YY,参加賞狙い,748,0,10900,327790,7,7,4,8,6,4,1,2,39
6ACD3R4YY,マッチャ。,PDTRRYUGM,石川県民ひろば,790,1,10901,327740,10,7,4,4,7,4,5,4,45
2X56WRRL8,疾風,8MLVA67AK,聖ミリオン女学園,720,7,10902,327560,10,8,5,8,3,1,8,2,45
IJH1YV5UZ,蓮華,C003CD1RW,☆蓮ノ空クラブ☆,555,2,10903,327520,4,1,4,3,3,1,3,2,21
6YGRB1TYP,샛별,HB9AU9DJJ,聖心党,1246,13,10904,327380,10,10,9,9,9,9,9,2,67
7UH1VKJYF,ただの,26JDLMBLN,徒町は強く生きる,793,2,10905,327290,7,8,6,7,7,6,5,2,48
BLR1B1HRY,布朗尼,TX85TKW7A,蓮ノ空女子部,427,2,10906,327160,4,1,10,3,4,1,4,4,31
4DMD9L7GF,R,A86FEX2JC,おやさいさん,896,4,10907,327110,10,10,10,4,7,8,6,2,57
MCE12PQKL,みむら,23PGPJ3NV,蓮ビギナーの集い,703,2,10908,327070,10,10,10,6,8,7,4,2,57
4G3P7YEPL,マユ,PMDDGR6AH,うぇるかむ,247,0,10909,326840,3,4,4,1,3,1,1,2,19
JLA8LBDAK,さくら,PHEKJB75C,乙宗四季恋愛㌠,843,3,10909,326840,9,6,1,1,6,1,7,2,33
XPVU5LXRH,shi-taka,LUH7URBF3,初心者サークル,807,0,10911,326440,6,9,7,6,9,5,8,3,53
4C11BALGT,櫻井マコト,T4WY63DB9,ういのま,742,1,10912,326300,4,1,7,8,3,1,6,2,32
CMJGBA0VP,フェルナンド翔平,8YNHW7530,虹ヶ咲、蓮ノ空,884,6,10913,326080,4,6,8,10,8,7,4,3,50
07BFT7X47,ウラカゼ,VF517JBVB,無言でいいよ。,725,2,10914,325990,1,1,1,1,2,1,1,1,9
PSU9IV7R8,エコー,VWE2WNWWM,金沢市民の会,893,2,10914,325990,8,5,2,5,7,6,5,2,40
HVVUYJHJ7,大地,XE8513HNP,喫茶カワウ空✨,931,0,10916,325900,10,7,4,7,7,4,4,2,45
AP25372CY,道び完,FLFXP0T22,沼津内浦メンバー,841,5,10917,325850,5,5,5,5,6,1,1,1,29
1R4P5Z3DX,ヒロカズ,G8EE23LB9,虹ノ空クラブ,1363,15,10918,325760,7,8,9,9,6,6,7,2,54
9CVK5CW8M,エンデ,N94LEWF2D,無言よわよわの会,950,2,10919,325720,6,4,7,7,4,4,6,2,40
4GK496UTY,Virginia,8MDA3A0AK,イベント用,724,2,10920,325540,8,10,10,6,7,10,7,4,62
2PRUO6TLL,阿部,CRYB2FJ64,つくよみくらぶ,1218,12,10921,325360,8,8,4,8,7,6,8,2,51
6NTJV12XR,りかっぺ,ULUELCJ7T,なるようになる？,906,3,10922,325337,8,8,5,4,5,5,5,2,42
6HPLYGVPY,meafke,PUNBJGRBF,初心者向け,644,0,10923,325270,7,1,6,7,6,4,5,2,38
XWRVJ7WF7,rinsessa,FG4170141,♪さやか愛好会♪,518,2,10924,325220,1,7,4,2,5,6,1,2,28
S2QJD2SW0,はると,YD2XWWFA4,蓮好き好きクラブ,965,8,10925,325040,1,1,5,3,7,1,7,2,27
HERU8LE3W,朝霧,L6MF2MPBN,みらくらぱーく党,886,0,10926,325000,6,7,7,7,7,6,8,2,50
YOPC2UHAH,月影　誠,K69M1X95F,アイリス,1095,3,10926,325000,9,7,6,7,7,5,7,2,50
11LLKW4HV,やまびこ,N83DW3NYG,†極最強倶楽部†,224,0,10926,325000,6,6,4,9,3,3,2,2,35
DGL0P7A3E,こまちゅ,4NFMU2WME,好きだかんな？,789,0,10929,324680,6,4,9,7,6,7,6,2,47
ULB35973K,テイル,NT2KU5174,こずかほ。,1089,0,10930,324590,7,7,6,7,7,5,9,3,51
KXRP3LCHJ,がんでん,L28X4MDJN,アフター観たいぞ,1458,16,10931,324460,10,8,10,10,10,8,10,2,68
XB7KAXL1X,なお,XXMU9WLKB,梢の機械さん,391,0,10932,324370,4,1,5,4,5,1,1,2,23
R1D84XJPR,MomoChan,97BGFLKW9,◯◯◯,291,0,10933,324140,5,5,4,2,4,1,2,2,25
F4M62NB4V,ソラ,WJY2HK6A5,蓮の空イベント部,718,2,10934,324100,8,9,4,7,7,7,4,2,48
3D29V5EEW,阿僧祇,1YHDY3DR3,蓮の咲く池,856,0,10935,323690,2,8,3,1,2,1,2,2,21
SPTGJPDQX,どんふぁん,D1YHB0B1A,BWO,977,3,10936,323650,6,7,5,7,6,1,8,2,42
M66YB3E43,ゆう,LLDLG20UU,UR取り隊,611,1,10937,323600,4,4,10,7,2,5,2,2,36
30CB4TEN8,rina,9YG7C0VM7,綴理と無言で昼寝,763,1,10938,323380,7,4,1,4,2,6,4,3,31
0PMD6D6F5,Vex,M851LEV3N,なっす父兄,601,0,10938,323380,2,4,2,4,2,1,4,2,21
VPE9PBX72,μ,6BFC4G5YG,蓮ノ空足湯同好会,1113,7,10940,323330,6,7,6,7,9,6,9,2,52
4AC8605KX,きゅうび,41FW8E9RA,誰推しでも,778,0,10941,323150,10,10,6,6,5,6,7,2,52
YBKTE0MUJ,おもち,26JDLMBLN,徒町は強く生きる,576,2,10942,322610,2,1,1,1,2,1,1,1,10
LIYOXDC16,natume,3EJX5WB1A,金沢綴理門,1173,0,10943,322520,7,8,8,7,4,5,8,1,48
P2B3LU8HK,午詩,AVX749PPB,姫芽ちゃん親衛隊,530,2,10944,322430,4,9,2,1,4,9,5,2,36
PHHW9BRUF,ぴす,LUDNM40F8,ふくふく無言OK,651,0,10945,322259,6,7,5,7,6,7,7,2,47
PXOUQX8YN,マルコ,XXMU9WLKB,梢の機械さん,682,2,10946,322070,10,6,6,6,7,6,4,2,47
WFD0URM7U,okano,CCWCNY3P5,団子,1282,7,10947,321917,9,8,6,7,6,5,8,2,51
N8BPYDGMN,サイコロジー,DUK0X7DB1,中国愛蓮同好会,241,0,10948,321490,4,1,3,2,3,1,1,2,17
ZWHSWWPJQ,ナツ,WLBYGHXPD,大天使村野さやか,481,0,10949,321220,10,10,8,10,7,8,10,2,65
9B707WTM6,くま,U8GLCJVJP,コミュ障用誰でも,764,0,10950,321170,8,8,4,8,8,4,8,2,50
RM9HBNEJU,さよ,W3F0URUJC,梢先輩応援団,879,0,10951,320860,9,8,4,5,2,5,6,2,41
6OB3PXZXA,ジョーニアス,GWGDMA3YC,初心者無言自由だ,697,2,10952,320680,4,8,4,6,6,1,6,2,37
6G5A64VBX,dmsrni,GN6HGUT53,蓮ノ空帰宅部,205,0,10953,320549,5,8,5,3,5,6,4,2,38
DKWV97UJB,ひらちゃん,Y7JBBVBX2,いのりまち,838,0,10954,320500,7,9,7,10,10,9,1,2,55
2DW7GKH52,ペンゼン,AVX749PPB,姫芽ちゃん親衛隊,1067,1,10955,320270,4,10,10,10,7,4,10,3,58
99JAVMT1B,Umaru,BW38LDPRF,蓮浦の星空,498,2,10956,320230,1,1,4,1,4,1,2,2,16
Z4NYWEJEA,もあいす,PVT63XUX4,職員室,1082,5,10957,320140,7,8,5,5,4,4,8,2,43
M448T2FOD,ユウイチ,J4R8W2ERA,ゆ,917,0,10958,319870,8,7,5,9,5,4,7,2,47
II10I4ZBS,ゆきほく,6N3F238R0,イベント参加用,598,0,10959,319780,4,3,1,1,2,2,1,2,16
P17LN49HL,Estiar,UV2CLCL12,ヒトリダケナンテ,302,0,10960,319352,10,7,4,9,7,6,4,2,49
BXRDGYHB6,きょすう,3TC9WAF9D,Solairis,808,3,10961,318970,10,4,3,4,10,10,1,3,45
FUUTSVI8O,とむ,1GJC67JLM,無言の泥,1133,2,10962,318920,7,4,4,8,6,5,8,2,44
MXH24NMLU,あずらえる,8BAYBXUXC,スリブ大好き♪,437,0,10963,318830,1,1,1,4,4,1,1,2,15
PDPH03E96,慶,2DYYAPFVN,蓮っ子村,924,1,10964,318790,8,8,7,8,8,6,8,2,55
5U0M7AUDY,ナラン,AHE0E3JND,ありがと！にひっ,852,0,10965,318740,10,9,4,6,8,4,7,2,50
JY7BC0J3E,アカい羽,R9YYELU6C,Lotusky,945,2,10966,318470,7,7,3,7,6,4,7,2,43
AKYW9FE4Z,ギョ,60D1TTYTV,無言自由会,816,1,10967,318340,10,6,1,2,2,2,1,2,26
DK1TR6X2L,ずま,UC6PKTX20,音ノ空工業学園,926,4,10968,318290,5,5,6,6,1,4,7,2,36
5H7WX9C49,セリア,PYFV3GWNV,異次元P,968,2,10968,318290,6,7,7,8,7,4,6,2,47
YBX9MJV17,たまゆら,GBGFR3LVR,ココン東西南北,831,3,10970,318200,9,5,7,10,10,8,1,2,52
KTOBAG8H4,おいもさん,PDTRRYUGM,石川県民ひろば,618,0,10971,318160,1,1,2,3,2,1,4,2,16
J3WP8L9WT,Rakkosan,R9NGK6L48,のんびりサークル,789,0,10971,318160,7,8,5,7,7,7,8,3,52
ME7LLT5YV,かわうそくん,3LUL3WR8Y,零組,760,2,10973,317813,8,10,2,10,8,6,6,9,59
H9PE4A36U,エイス,HBD61R6WC,梢先輩すきすき部,978,0,10974,317570,10,7,6,9,6,7,8,3,56
VK6XP7PFP,shy,VXDPPJJL1,蓮ノ空リボ課金部,303,0,10975,317390,7,6,2,6,7,4,2,2,36
KJTTK6WS6,おこp〜,F31A07X4V,蓮ノ空福井分校,901,0,10976,316958,5,4,4,6,5,1,7,2,34
TNVML19MF,lzx,BEMED3RY1,無言無課金ok,316,2,10977,316940,3,4,2,1,4,1,1,2,18
1L84V6MDN,シン,JNL5NM6EL,fyyy,1008,0,10978,316900,8,7,5,7,6,6,6,2,47
XMNYI2WAB,珠,KXB93FVTR,ブルームガーデン,828,1,10978,316900,4,6,3,5,7,1,8,2,36
FN5XJ3440,いろは,0JY7F3EKU,さやか愛でる会,937,4,10980,316850,1,1,1,1,2,1,1,1,9
GWM2VEF07,リバスト,WWWUTP96L,異次元からキマシ,1116,7,10980,316850,8,7,5,8,5,6,6,1,46
VPJWALJY9,おでん,JCRNT9GKB,ハントンTKG,852,1,10982,316720,4,4,1,4,4,4,1,2,24
2AP3PXPJG,でんぷん,N0EXH1CM1,ぱちぱち徒町,680,2,10983,316670,1,1,2,1,2,1,1,1,10
R7F2JRMXR,ぴょんきち,2RA4RLRC6,まったり,690,0,10984,316616,2,1,2,4,2,2,4,2,19
DCVQEFJ2G,こまやぬい,9DEATVWBM,金沢ゲマ保存会,1178,1,10985,316580,8,8,5,5,8,6,8,2,50
RBJJVHH9W,えもすぎてえも,FTY0R8KPH,泥の皆様,426,0,10986,316445,1,1,1,2,2,1,1,1,10
V8VK5F79G,チキナベ,U44F8RUU7,ボッチ,816,1,10987,316360,6,2,2,7,1,2,5,1,26
AUPDJNC87,タニ,AVY8PECF0,初心者の集い,382,2,10988,316310,4,8,5,10,7,3,1,2,40
VM0J50484,d-norick,59AK7LJ7A,とりあえず,636,0,10989,316180,8,8,6,7,5,7,10,2,53
6OO2WZF2S,レイシス,8YNHW7530,虹ヶ咲、蓮ノ空,890,2,10990,315932,1,1,4,5,3,1,7,3,25
R0PX10CXH,アイリス♡,FK8EUX6V3,ゆったり蓮ノ空部,315,0,10991,315860,5,5,3,6,3,3,5,3,33
H357DF31H,やもくん,UMNEWH0FP,退避,970,0,10992,315820,8,8,5,7,5,4,5,2,44
W7WTY8D3G,ベッカ,Y2R7E79U3,カワウソ同好会,941,2,10993,315590,3,1,4,8,2,2,2,2,24
2Y9ZOHUNO,ﾋﾟｬ-,1EBG7YUTL,菅！CAN！叶！,988,8,10994,315320,8,6,4,9,6,1,1,2,37
6XLM89XDB,ぽーやん,GN9EEL045,きらくに,1117,3,10995,315280,8,8,7,10,9,10,10,8,70
YLQI7A0XD,えーきち,XTH22LGKN,たぶん続けます,1332,1,10996,315248,6,7,6,7,6,6,10,6,54
1UKE9JMJR,ななな,A6XF7K90J,EN▶こ.こ.こ,862,2,10997,314780,5,2,4,1,2,3,2,2,21
ADBABX82F,あばぼ,MCFN901TJ,ワノ国天祥,701,0,10998,314600,1,1,6,5,2,1,7,2,25
KGA53XVLV,コトミキ,W2HEPMM2A,無言。ぼっち。,470,0,10999,314420,5,1,5,2,3,1,1,3,21
LHAG2RWN6,よちャ,8M2MFU9U0,リンクライブ,1145,0,11000,314380,9,8,5,7,4,5,8,2,48
P8BCRTRV4,おとく,0R8BXPRC1,ポチっ！とクラブ,1059,0,11001,314330,1,4,6,10,6,1,8,1,37
A1NOF51TP,ゆーべん,BT3GEWM5L,ささやか村の集い,935,0,11002,314290,3,4,5,2,7,5,8,2,36
FKXBX9AK8,びわこちゃん可愛,P6GP69T18,居酒屋けんちゃん,1191,8,11003,314020,6,1,5,8,6,2,9,2,39
68WESY750,ふれあ,G4MHD90WJ,完全ソロ陽,1033,3,11004,313930,9,10,5,7,5,5,6,2,49
BOMSGUUM0,ツカサ,18YYNRFGA,LotusSky,1319,2,11005,313880,10,10,8,8,6,7,9,2,60
WWGC72B79,ルージェ,YGCT70FH6,ソロなサークル,496,0,11006,313840,7,4,5,7,5,4,7,2,41
W1GRM086F,まひめ,NMRKHYYRM,ご自由にどうぞ,296,0,11007,313538,10,6,1,8,8,4,3,2,42
L7EBD7X9E,よう,XTJU04C0X,まるまるサークル,527,2,11008,313390,1,1,1,2,1,1,1,2,10
ULAG2R4TC,はるまき,HWXEVBW48,ミッション参加用,194,0,11009,313210,8,7,8,5,3,4,1,2,38
7BG9R6LUW,わたなべ,18YYNRFGA,LotusSky,1019,5,11010,313196,6,4,3,7,6,7,9,2,44
WF0VWLL9J,リン,NMRKHYYRM,ご自由にどうぞ,766,0,11011,313120,6,4,5,7,3,3,9,4,41
SVPYRAAR0,フウラン,BYA3FA0X8,無言ぼっち同好会,1020,2,11012,313070,2,4,6,1,8,10,7,2,40
6ZB2VS553,うたは,T48KV9EP2,無言ぱーく,1246,17,11013,312980,7,8,7,8,8,7,10,10,65
NGTY78ERA,リクシア,YDYH4VRRP,レンクウ,807,1,11014,312890,1,1,1,1,2,1,1,2,10
21C7LWRKF,HoRo774,0CCFXC2HF,Ricebird,997,2,11015,312854,1,4,5,6,1,4,10,2,33
5LUB6KTY8,リク,MWT91W455,つづこず大好き部,305,0,11016,312710,1,5,4,1,2,2,3,3,21
V6ZEH7DVT,ひやま,FR5PDRB5Y,株式会社つづさや,1077,9,11017,312670,8,8,5,8,7,4,9,2,51
XAYGJYVKM,高間悠也,4CG7FRNG0,蓮ノ海寮(仮),356,0,11017,312670,5,2,1,3,1,2,1,2,17
WGDHK0LAL,ゐぬゐ,5HEJXK83P,イーハトーブ,1116,4,11019,312620,9,8,10,8,7,7,10,2,61
K9A49Y1L4,むら,LLDLG20UU,UR取り隊,744,0,11020,312490,7,4,7,7,6,4,7,2,44
M86XFCBG7,ゆうゆう,K69M1X95F,アイリス,618,0,11020,312490,2,2,7,7,2,1,1,2,24
9XV0JKVT6,いさな,TNTEEJ9GL,なるほどねぃ。,831,0,11022,312440,8,1,2,5,9,4,6,2,37
D945H5QD4,ヒロ,6FWRD1K40,いちじょ海賊団,901,4,11023,312400,1,7,2,4,5,4,5,3,31
C1FZF0SWI,かのん100%,FG4170141,♪さやか愛好会♪,1261,14,11024,312310,4,7,5,7,8,8,9,2,50
PE2K0ELPU,つぐオジ,MYTCXJ12B,つーりすと@蓮部,420,0,11025,312260,7,1,1,3,3,1,2,2,20
N2WT0VAY1,.,JC30FUPH3,LLあおだか2,78,0,11026,312170,1,1,1,1,2,1,1,1,9
CVMT2BG2B,レン,NFMEGRJ45,社畜無言サークル,867,0,11027,311950,9,5,5,8,8,5,9,2,51
GWAZYLH77,さなな,57HNJ07NK,みらぱ推活最前列,707,1,11027,311950,6,6,5,6,6,7,7,2,45
6B49G7EFX,アンノウンxy,WKG02VMU6,先輩で遊ぶ2年生,826,0,11029,311900,9,7,6,4,6,4,7,3,46
4A7VDMNPW,ルキヤ,2JK7E4115,ラ！推し,947,7,11030,311828,6,8,2,3,3,2,1,4,29
RYHP39JD7,ショコラメリー,EUJAL1BBF,珍獣@メイト,731,0,11031,311770,1,9,3,6,4,7,4,2,36
4R8PUY23D,さく,C68491XHB,みらくらぽーく！,764,0,11032,311720,8,5,1,1,7,5,10,10,47
91CL91249,tami,RKT7BC4F6,人形浄瑠璃乃,195,0,11033,311540,5,9,7,5,5,8,2,2,43
MI08RUKRU,たけし,U74CNTX8P,たけし,420,2,11034,311500,2,3,1,3,1,1,2,2,15
1UAUG1OZ5,りるは,9YG7C0VM7,綴理と無言で昼寝,953,5,11035,311360,7,7,5,10,6,1,9,2,47
TT0TGX8RB,でゅっちー,MVMP6NNXD,空き時間らくがき,798,2,11036,311320,4,4,1,4,2,1,1,2,19
P8XNM0CKX,聖騎士マサヤちゃ,MWT91W455,つづこず大好き部,1151,5,11036,311320,7,7,6,8,6,5,6,2,47
J2GBHY14M,瑠璃ヶ咲,BLG1J3DKE,メグノタメニ,748,5,11038,311230,10,10,5,1,2,1,6,2,37
0YNDKMH2T,になこ,JX0BXWNWH,新米蓮好き好きC,236,0,11039,311140,1,7,8,9,2,7,4,2,40
V8AKHG5YG,雅,JKAYY0KXL,自由！開心！,531,2,11040,311090,10,7,5,3,3,2,2,2,34
ML1H39HKT,ねぎだこ,WLBYGHXPD,大天使村野さやか,306,0,11041,310973,3,1,2,5,5,1,2,2,21
XEYFUT5WM,めれく,XHJLF3R8H,ゆったりプレイ,1006,0,11042,310820,7,7,6,10,7,9,10,7,63
VULCT80DN,めぐメグ大好き^,919XF8V2V,蓮之空大三腳,536,0,11043,310460,5,4,2,4,4,4,2,2,27
XN6BYEXVD,魚月,T4WY63DB9,ういのま,1038,2,11044,310370,5,2,1,10,8,2,6,2,36
B7G70HIEL,chappie,M61FLLUT4,泥中ノ蓮,835,0,11045,310240,7,6,6,6,5,4,1,2,37
2V8G7JLM3,pinsir,X33HHA9F8,アルストロメリア,1071,7,11046,310100,8,8,7,9,8,7,10,4,61
2BRVU2CMG,サク,X0TFG829Y,ボクのおうち,864,2,11047,309970,3,4,2,2,2,1,1,2,17
MW8K0CKFW,アキラ,AVY8PECF0,初心者の集い,260,0,11048,309920,10,4,4,4,7,4,4,2,39
6E1DN1LYN,mio,XXVVJY6FE,はぴぱれ,895,6,11049,309700,6,4,2,7,6,4,7,2,38
B5ATLH4P3,吉原正人,RBH0YM8P2,蓮ノ空ラーメン部,771,2,11050,309470,4,5,5,2,4,5,4,2,31
JKJ6MUHBB,ずんだもち,WBXF9XXW7,さやつづ愛でる会,605,0,11051,309250,5,1,3,1,2,1,5,2,20
JGJD8JBLJ,カンタカ,LGBUPDV4D,蓮ノ空松任本所,465,0,11052,309070,5,4,4,6,2,1,1,2,25
SPXF3D0MC,Merjoex,88DJ300PJ,めぐ党 • 永遠,891,1,11053,309020,7,7,7,1,7,8,9,2,48
V4BRGTL9W,やまでぃー,NGFXVPCGX,うさぎのしっぽ,243,0,11054,308980,6,3,4,5,3,4,3,3,31
L6MF4FGH0,ゆきおか,H837E0M9R,沙知先輩大好き部,669,0,11054,308980,4,6,6,7,6,5,8,2,44
FM7DA1BEW,セリオンズ,WYUH9J3BC,工務店,1116,1,11056,308890,5,6,2,4,1,5,4,1,28
YF31FFLY6,ローナ,JD1PFYJWE,瑞蓮隊(無言OK,370,0,11057,308800,1,4,5,3,2,1,1,1,18
IY9X6SM13,nossaw,XYJTVGG52,蓮ノ空いかだ部,772,0,11058,308300,8,4,5,4,6,2,7,2,38
JZO7XOCLT,ぐれい,73N4AB3LR,かほ子のイオン,1289,15,11059,308210,10,8,8,9,7,7,9,3,61
4NC5TDPS5,こむた,PG93BPEY6,秘密結社ナニトゾ,984,0,11060,308170,9,6,4,4,4,6,4,2,39
1R9M3L1RA,kan,0FMM30LCA,無言,443,2,11061,307900,1,1,4,1,2,2,1,2,14
B9EBAY2HL,なる,JD1PFYJWE,瑞蓮隊(無言OK,559,0,11062,307580,9,5,5,6,4,4,4,2,39
PBXT1ML82,ひろき,FNHT9JFY4,リンクラ楽しむ隊,846,3,11063,307540,10,6,5,3,7,3,2,10,46
A5FORB7VG,流浪な88年生,LJNCAEVAP,蓮ノ空さやか研,1125,5,11063,307540,6,8,1,7,3,5,10,3,43
5LWYJ1WDT,とーもろこし,KXU941RFJ,梢先輩おめでとう,670,3,11065,307490,6,7,8,3,3,4,4,2,37
JHHV4MLNY,セレスティナ,YK0X6N2HN,無言OK出入自由,1191,8,11066,307450,5,6,1,2,6,4,10,3,37
1ENEW680R,しおん,HK0E91U71,放課後写真部,612,1,11066,307450,5,2,4,2,5,1,3,4,26
M6LB50ARH,イワナ,3A63DYH54,LLすこすこ部,985,2,11068,307360,7,8,4,4,4,4,8,2,41
WDXB3HD64,がとう,C6V311T2P,LotuSky,1162,6,11069,307310,2,1,1,1,2,1,2,3,13
QHWA33IHB,もりなが,H9FLETD4R,しっぽ,242,0,11070,307211,1,1,1,1,1,1,1,2,9
DBIWME63B,たけみや,7B0W0EWVA,ソロの為の避難所,1108,5,11071,307180,7,10,8,7,7,6,8,4,57
PKCVP3AKB,Ebata,NLTAB4BLF,蓮ノ空ゆる活動部,395,0,11072,307130,1,4,1,1,4,1,2,3,17
4BEJICD8Q,Arise,BXHG2KXAD,idol.st,1035,4,11073,307000,7,9,1,5,6,2,7,2,39
3R6DFABUW,ろた,KC1W74B9B,蓮六園,453,1,11074,306950,10,10,7,10,7,4,6,2,56
7JKG16AYP,きるみけ,LETV4C1KG,無言の行,635,1,11075,306860,8,1,1,7,6,1,4,5,33
D9DFL3RY4,ニコニーしてる♂,TR057C1UW,蓮ノ空ぼっち部,1042,9,11076,306820,7,8,5,7,6,5,9,2,49
91WH5WC7V,エデン,M1DLCR0R8,花帆護サークル,293,0,11077,306527,5,2,5,5,2,3,7,3,32
AODWYRMVT,アツシ,7MXXR7UBG,放課後リンクラ部,729,0,11078,306185,6,5,7,1,7,2,8,4,40
9R13E2FB9,サクラギ,NLTAB4BLF,蓮ノ空ゆる活動部,1155,3,11079,305920,8,8,4,6,6,5,8,2,47
WI796OGW3,三羽,YD2XWWFA4,蓮好き好きクラブ,294,0,11080,305780,2,5,1,3,2,9,1,2,25
18DVA951D,ちとせあめ,N94LEWF2D,無言よわよわの会,333,0,11081,305501,7,4,5,3,6,10,10,2,47
7YM5DVAW2,出口,445XPVT3M,百万石の命の鼓動,825,0,11082,305380,7,7,6,7,7,1,1,2,38
V3XDTJEVM,ゆう,GW4CH70HK,TKG同好会,1303,18,11083,305330,9,10,7,7,7,10,10,6,66
5TWIPIMCB,パンダ,HB9AU9DJJ,聖心党,1140,12,11083,305330,10,10,6,7,8,6,8,2,57
2T71JGYKG,Hirominn,12D4R3KMG,ほくりくかちまち,318,0,11085,305290,8,8,6,4,6,5,7,2,46
W7XRMLGNL,蓮好きすきクラブ,BT3GEWM5L,ささやか村の集い,634,4,11086,304970,5,4,5,3,3,2,2,2,26
LL8H0483E,モニカ,FVJFA973A,月猫愛好会,458,0,11087,304817,1,1,1,1,2,1,1,2,10
KJVAXGEBV,風見悠人,M2DG95X9J,箱推し,877,3,11088,304790,9,8,6,6,4,8,6,2,49
QDIK0UD7I,test,TFGKYEY98,LLP JR,870,1,11089,304700,5,6,7,8,6,6,7,2,47
K4JNNTPVR,アサヒ,9YG7C0VM7,綴理と無言で昼寝,1044,4,11090,304520,4,2,1,1,2,1,1,2,14
LNJ8BYKNG,はいで,J5CKL5YPX,ログイン勢かもん,491,0,11091,304300,1,1,3,4,2,1,1,2,15
XHPR8PV5Y,kappy,WLFW6UCX5,無敵級ビリーバー,704,0,11092,304210,10,8,6,6,2,1,8,2,43
U4SO0TU4D,hhh,E1HVJ71JR,ご自由にどうぞ,837,2,11093,304120,7,8,5,5,7,4,6,2,44
6EC94RMNI,ﾉｼ→◎,TB7GJ57D7,シャイニーフラワ,898,0,11093,304120,8,8,8,8,7,7,4,4,54
YMAGUGL0B,霖玖（复活）,WLBYGHXPD,大天使村野さやか,126,0,11095,303791,4,3,1,3,4,1,1,3,20
NE27SWZMQ,キウーた,J7FU6HMXT,とりあ,1032,5,11096,303620,8,10,6,10,8,7,8,6,63
A8WU8YDUH,yukii,AHE0E3JND,ありがと！にひっ,730,2,11097,303580,2,10,5,3,5,7,2,2,36
ZIJMET3T0,ぴこぴこ,DHKUGEWBJ,めぐ党虹ヶ咲支部,1069,2,11097,303580,5,5,6,9,7,5,6,7,50
UVLHLQ6CZ,オバサンアイドル,6BFC4G5YG,蓮ノ空足湯同好会,959,1,11099,303400,8,7,6,5,3,5,10,2,46
H9VCMCRRK,cho6sk,9YM3DBTB7,泥民館,768,2,11100,303310,4,2,2,4,4,4,4,2,26
1475BFF4R,ホワイトリリィ,8UJNTV5BX,のんびりと部,1021,0,11100,303310,9,9,7,6,6,5,7,2,51
67YL0M0BV,Mingzyu,8DTYUJD7X,ILOVELL,189,0,11102,303260,6,5,4,5,4,2,1,2,29
1KVU1WXMJ,まろん,YADX9DY49,ﾊｽﾉｿﾗｰ,295,0,11103,303130,2,1,4,4,3,4,3,2,23
DXHXVDTEH,ありか,28XJ8NK4L,蓮ノ空まったり部,568,2,11104,302950,2,9,1,4,4,1,1,2,24
4MNEWG4SF,ヴェス,95TAREFPT,ご自由にどうぞ,993,8,11105,302770,7,6,10,6,7,6,10,2,54
DG4D90AGP,RROO,X87KNX4N3,蓮ノ流星群,658,0,11106,302765,5,6,1,1,4,4,4,2,27
YEVD2T05Z,プリン,GWGDMA3YC,初心者無言自由だ,752,3,11107,302630,1,1,2,2,2,1,2,2,13
RYV7LH0YH,かわむら,WNA5GTJPP,蓮ノ空百合クラブ,886,0,11108,302590,6,10,3,10,6,1,6,3,45
NX8A2WE63,金沢 5725,V29NBHRHL,自由気ままに,237,0,11109,302500,5,7,4,7,5,5,5,2,40
48U2ADFYE,ラプラス,N6T2MVATD,まったりサークル,604,0,11110,302423,1,5,1,1,2,1,1,1,13
RB1NLFH48,ツマヨウ寺,AVX749PPB,姫芽ちゃん親衛隊,736,0,11111,302270,10,5,4,4,4,4,10,2,43
R30LUT0KT,kagaorg,KPVJD4A1H,WINS金沢,213,0,11111,302270,9,8,6,10,4,5,5,2,49
BJV7YFKVT,はっけ,WPG6BCG83,基本無言,504,0,11113,302140,9,6,8,3,6,3,5,2,42
4XWMA922X,くろん,2UKNVBMBU,梢ちゃん同好会,997,0,11113,302140,4,4,5,7,6,4,8,2,40
Y68VFOTP3,おにぎりは,VA6X5YNNF,スリーズ分家,933,0,11115,301820,9,7,5,7,4,5,8,2,47
YJ7GXXAF2,陣内,9X07VGM42,近江町食べ歩き隊,1010,5,11116,301780,3,8,2,2,2,5,1,3,26
XA8D347BX,ねるね,DWBW72H4V,ちゅきちゅけ,725,2,11117,301739,8,9,8,10,6,5,9,3,58
KGP6E2YMC,梨鈴,5L9GNT78V,叶え！私達の◯◯,993,0,11118,301730,8,8,5,7,7,5,8,2,50
76L7GH80D,ひのした,RAP9FVR3B,あばうといち,1318,9,11119,301550,10,10,2,10,7,2,4,2,47
HR4FKL0J3,中田久木,XJHATLDVB,さやかほ観測所,1070,3,11120,301330,8,8,7,5,6,6,5,2,47
YYN25MQ7V,うゆピ,G6EH0KHT7,なんもわからん,1047,6,11121,301280,7,4,6,7,3,5,5,2,39
XY084TLJT,とみんご,WE4AB37FP,めぐ党,1302,7,11121,301280,8,5,5,8,7,5,8,2,48
3L6U67FT7,バクシンDK,TTDBXERCU,蓮ノ空 全力応援,474,0,11121,301280,5,2,4,2,2,4,4,2,25
MF4AFFYFA,たかりん,WLBYGHXPD,大天使村野さやか,895,0,11124,301190,8,7,5,5,2,6,4,1,38
YRNL6NYJ6,真pile姬,N4LXXW90M,KGL!,996,4,11125,300790,9,8,7,8,5,7,8,2,54
CI7JO50U8,きはね,KXEME076E,つづさや親衛隊,406,0,11126,300713,4,1,1,2,3,3,2,2,18
GC12WU2CM,青山なぎさ,A8BJ5V3ET,はすのそら,904,1,11127,300610,4,5,5,9,2,7,7,2,41
DN7L673WU,混桜,97BGFLKW9,◯◯◯,290,0,11127,300610,10,9,5,5,5,7,1,2,44
F90657Y24,たねまるず,XA0XD41CM,ぼっちぼっち,258,0,11129,300380,6,5,5,4,6,3,1,2,32
EY1KU03WK,てwま,H0DV3JJGA,かほさやてぇてぇ,815,0,11130,299890,7,8,4,7,5,4,4,2,41
V81P2CA2Z,しちせいP,4B2FERVVT,牛頭ﾉ空馬頭学院,689,1,11131,299660,1,1,1,1,4,1,2,1,12
L196BRJ2T,ノリノリ,KB5BFK7J6,おはめぐ党本部,1185,6,11132,299516,7,7,6,10,7,8,10,2,57
NN9R9R8WV,ぽんぽこたこぬ,ETA39VRY0,△○仮,665,2,11133,299440,6,6,7,4,6,4,5,3,41
WV1PQI080,DomPC,J05PKV648,Hasucord,599,0,11134,299210,1,1,7,5,9,1,9,2,35
XL4KR3J0W,あつ,CY3GGDH7H,㍿キモ・オタク,1243,17,11135,299120,2,1,1,1,2,1,1,1,10
FBNY06U1Y,ヨグル・トソース,N6TVG18P8,すきすきクラブ,1028,10,11136,299080,7,6,4,7,4,5,7,3,43
ELNK7L98N,ノピ,1EL57CDR0,なんもわからん,866,2,11137,299003,2,10,6,5,6,3,6,2,40
5GDKME4TB,澄秋,6BFC4G5YG,蓮ノ空足湯同好会,929,11,11138,298990,1,10,4,5,7,3,4,2,36
GV93BDRJC,うめばち,450MH1R6P,蓮ノ空紅梅部,896,3,11139,298850,6,7,6,8,6,6,8,5,52
BRR04P5C3,ことしゅ,ABU58EVJ2,Quatuor,578,0,11140,298661,4,2,1,2,3,2,2,2,18
H5ADYTDNE,ぐっさん,FUMTDJDMT,蓮の実,780,2,11141,298450,9,10,7,9,6,8,8,2,59
C90W00YJA,みずな,9UD1NYC1B,三丁目の駄菓子屋,648,1,11141,298450,1,7,2,1,1,1,2,2,17
A4NVJV7YX,こってりマヨ,X87KNX4N3,蓮ノ流星群,375,0,11143,298400,1,2,3,1,2,1,10,2,22
W2AXB0PLA,りん,1G89KTD5X,サークルひとり,644,0,11144,298220,7,4,5,3,6,1,1,2,29
0C9NMNPAA,ちかまる,BXGNMY466,ライグラ用,265,0,11145,298148,1,1,1,2,2,2,1,2,12
7D4C5CC86,サハラ,DKNHY5HH6,なす料理研究会,323,0,11146,298130,5,3,4,4,3,1,1,1,22
W2FRNJ4FM,ふな,V9FGJWYKJ,ソロ用,537,1,11147,298090,1,1,4,4,2,3,1,2,18
L64KXUD84,mikanoah,J0N1E3Y09,月火水木金土日,1090,2,11148,298000,9,8,6,8,7,6,8,2,54
XSEWWV0PG,おもち,TDHKGHFPA,無言参加○！,1009,0,11149,297820,8,7,5,7,6,7,8,2,50
PT9UMTBHW,李徴子,X2JG5XE0G,関東野菜連合,688,1,11150,297770,6,9,7,4,5,5,8,2,46
8VXY4CWEG,村野のどか,J5FJNX88N,無言,396,2,11151,297500,3,1,1,1,4,1,1,2,14
RI2TR2F1N,ローダンセ,4RY75CKM4,LLすこ部　メ募,1073,0,11152,297122,6,5,4,2,2,3,1,2,25
VMK0MWFY9,なな,A86FEX2JC,おやさいさん,826,0,11153,297100,8,5,6,7,7,5,4,2,44
8CA30E1E6,木蓮,EEP20F2M8,綴理の綴り,1009,3,11154,297010,7,4,1,8,7,6,7,2,42
4XPLD9PDU,絢瀬,427WENUC4,心の癒し～蓮ノ空,198,0,11155,296920,10,8,6,6,5,5,8,2,50
WZKNV4LA8,秋葉,RGR1NVGWH,無言推奨・自由村,1224,3,11156,296780,5,10,5,8,7,6,10,6,57
6P325YVH1,かふぇ,T2XRMGEAE,蓮根無言会,750,0,11157,296740,9,4,6,4,8,2,1,2,36
JPK201EDD,月夜见海月,EYEPHE14G,花上梢頭,436,1,11158,296690,2,6,1,3,5,1,1,2,21
KV649NMIU,ミネラル,Y4G0KF6NB,無言でやる会,995,6,11159,296650,7,6,4,9,9,5,8,3,51
8BFB3KRE1,ヒデユキ,1EBG7YUTL,菅！CAN！叶！,937,2,11160,296600,7,7,7,4,6,1,9,2,43
L6771T5B1,たまーご,N6TVG18P8,すきすきクラブ,270,0,11161,296560,7,3,4,3,1,2,2,1,23
42WOOXD1S,マサキ,K0ATKT27L,中川左遷先,681,4,11162,296438,3,3,3,3,3,2,4,2,23
92WV9MGGX,ぴ,N0EXH1CM1,ぱちぱち徒町,619,1,11163,296420,1,5,1,2,2,3,1,2,17
2576CC2F0,もっさん,97BGFLKW9,◯◯◯,326,0,11163,296420,10,7,2,7,6,4,1,2,39
X6C2J05T9,スズカ,G202YTPW1,無言倶楽部,707,2,11165,296330,1,1,1,1,2,2,1,2,11
TIA9AXUSF,10mmメガネ,3LPBPHL3V,壁の民の伝説,998,2,11166,296200,9,4,4,6,6,5,9,2,45
Z0HGOUZK9,ラルカ,9YAHUCY7J,ハルカ,773,1,11167,296020,4,5,2,4,5,4,1,2,27
LRJTGVTXK,Sig,AF1RTGH2W,ぼっち丸,1059,7,11168,295970,7,7,6,6,6,5,9,2,48
7DHTBH3EV,みしろ,K25DPPGT9,圧倒的にまったり,1231,15,11169,295840,7,6,5,7,7,10,4,2,48
A9J6G1V82,kat,00T3NXXA9,初心者,563,0,11170,295660,4,7,5,6,5,6,2,7,42
J546ETLPD,しまはぁ,UCF93JAPM,スワンプマン,706,0,11171,295583,5,3,1,2,4,2,1,1,19
P395QMAFS,粉条バーミセリ,EYEPHE14G,花上梢頭,645,2,11171,295583,3,8,2,1,2,4,1,2,23
5Y4C5BCT5,ダル,XHJLF3R8H,ゆったりプレイ,1195,8,11173,295430,10,10,8,10,9,8,10,4,69
7ABXWU6L5,ユミ,KA3D805XV,綴理の寝顔守り隊,490,2,11174,295340,8,1,4,9,3,8,8,2,43
JLP3ZOZS6,竜,GCFA4WL28,乙宗梢を愛で隊,1204,8,11174,295340,10,8,9,10,7,7,9,2,62
0KW9HE6MX,やーぴー,23PGPJ3NV,蓮ビギナーの集い,612,1,11176,295250,5,10,4,9,9,7,4,5,53
DP6G7UJXV,賞味期限切れ生物,2DYYAPFVN,蓮っ子村,301,0,11177,295120,6,6,3,4,6,6,1,2,34
69LCMK06N,ユズネコmk,Y7M12068T,ドルケ観察日記,790,4,11178,295030,5,9,4,9,5,1,5,2,40
GZ14MXKNM,つつじ,36T6UB6YA,まったり箱推し部,1164,8,11179,294899,8,7,7,7,9,4,6,2,50
449TT8YAB,あおい,KA652DGYV,ゆるリンクラ,646,2,11180,294760,5,9,4,3,3,4,2,2,32
T46TWRVYY,サンラブ,8LFC49TWF,蓮ライブ！,999,4,11181,294557,7,7,5,7,7,4,5,2,44
07V4VWTP3,まる,K0RAGWUXB,のんびりや,997,3,11182,294530,4,1,2,8,4,4,6,2,31
N6P07Q4AN,りんねちゃん,JWUL2T36L,チーム初心者,321,2,11183,294400,4,4,2,1,2,2,1,2,18
J2WBDJNUJ,そうちゃん,F53AELUNC,ソロっと倶楽部,762,0,11183,294400,6,1,4,7,8,6,10,3,45
UU6R70LKT,「げるまん」,TBX7N9RK5,つよつよなLH,1081,1,11185,294170,1,1,1,1,2,1,2,2,11
NJP8WPFNJ,アスラン・ザラ,A8BJ5V3ET,はすのそら,705,0,11186,294080,4,4,1,4,2,5,7,2,29
BT6QEZRZ8,tachin,K06JT355N,明日ノ空,913,2,11187,293950,4,5,5,8,5,7,7,2,43
9K5B0SU0Z,理由,6KUYCDLGR,かよちんは宇宙,946,0,11188,293873,5,8,7,9,5,3,1,2,40
8GMDFJTNT,ゆあ,60KU468X3,はっすーず,224,0,11189,293860,4,2,4,4,1,2,2,2,21
0CXAEN26D,きよと,8J1GJT2BC,近畿の大金沢,734,6,11190,293810,4,10,4,8,6,5,7,2,46
GKE1DXWUD,ともぞー,6H800PBV7,新鮮館,1033,3,11191,293360,8,7,4,7,6,4,8,2,46
HU9J2TY8N,桜田,9C0KWR782,まったリンクラ,490,0,11192,293320,8,8,6,7,9,1,2,2,43
3ZYAHHFXW,牛込,HB9AU9DJJ,聖心党,1002,5,11193,293189,3,5,2,2,6,6,2,2,28
3NJ7XNMFY,ゲットー,0L35JLBPY,はすはす,763,0,11194,293140,9,8,4,7,5,6,8,2,49
DWNMD7NRB,404,9WE3M7BTP,クラウド,582,0,11195,293018,4,5,4,5,4,1,5,2,30
2LDU83XYE,あにょざらし？,CHGA6EV8F,102期は永遠に,352,0,11196,292870,6,2,6,8,6,8,7,3,46
W147IP0BS,するめ,YAD615PCK,蓮を咲かせる泥達,1047,0,11197,292847,7,5,5,7,4,4,8,2,42
Y8MATGTLV,ヒロ,UMG1B9C7V,蓮ノ空女学院,856,0,11198,292730,9,9,8,9,8,7,5,4,59
0L5MX46RI,八尋,LG3XF86RM,ハロめぐ党無言可,1049,2,11199,292505,8,6,1,2,7,7,7,2,40
ULQWT32QW,もちこ,WNA5GTJPP,蓮ノ空百合クラブ,458,2,11200,292280,6,4,7,3,3,3,3,4,33
7JI5O7H1I,よしけそ,GVT61ATX0,なのだけれど,1516,13,11201,292240,10,10,10,10,10,10,10,10,80
V6VX30462,AXC,7NJM1VURM,らんるん部。,128,0,11202,292190,8,10,9,7,4,8,3,2,51
HJWRN5HFC,ひらおり,865UE9UC6,蓮ノ空うどん部,1057,2,11202,292190,4,1,2,2,2,1,4,3,19
4CH709R4D,みるっひ,9C0KWR782,まったリンクラ,348,0,11204,292060,5,8,5,5,7,5,5,2,42
XVYIJ9LNI,ハーミン,K2L5DCVNR,REAL,1160,5,11205,291830,10,9,7,7,8,5,9,3,58
ZIXTBBXK2,テラス,ACN9XERAU,スリブファン,1128,3,11206,291700,10,9,9,10,7,7,10,8,70
0D4RRRY5B,ゆう,9D722M8KC,蓮ノ空同好会,180,0,11207,291650,10,10,8,10,8,8,8,6,68
G1AN4TGHX,ゆんゆん,M1DLCR0R8,花帆護サークル,296,0,11208,291560,7,5,5,2,2,2,2,3,28
7CKTCFKJH,冷月芳馡,N1DJVPGP8,いつでも咲けるよ,244,0,11209,291479,1,1,1,1,4,1,1,2,12
8FZYVDZ06,章きち3世,G6EH0KHT7,なんもわからん,856,0,11210,291430,5,5,5,5,7,4,4,4,39
171YYCN3H,ねこにゃん,EEP20F2M8,綴理の綴り,193,0,11210,291430,1,1,1,2,1,1,1,1,9
JO9LVYAXP,みっ!くら,E58FYF67C,ロータスランド,1128,1,11212,291380,4,2,5,4,5,7,9,1,37
Y3WF398P1,ルード,UYCT3Y4JK,蓮っ子,880,2,11213,291290,4,1,4,7,6,1,2,3,28
CLLPJM8K7,レイ,ULGVU4B0G,約束のBAR7,928,0,11214,291200,8,7,9,4,4,5,6,5,48
PZQKUPVGY,taka,2J6PVJ9D9,ブラックロータス,709,1,11215,290980,5,2,1,7,1,1,5,2,24
095RD03QJ,ringo,2VJG66JTH,まったり,1380,7,11216,290966,7,8,7,8,6,5,8,2,51
LMBDY3Y1L,ときめきタロウ,C9DAJ6YFV,のんびり,663,0,11217,290890,1,9,9,10,2,2,4,2,39
WGHE7NWYM,リン,1D7T2UXC2,無言でのんびり,1038,4,11217,290890,7,6,1,9,4,2,3,4,36
YJVWTXX73,めう,XR2P2LDY3,蓮ノ空さいきょー,980,4,11219,290840,5,8,4,1,6,1,9,2,36
VA58TGLF5,しょうぱな,W3YKKRWHG,ルリと愉快な一家,1344,18,11219,290840,4,2,1,4,4,4,1,2,22
K60JWNKBT,ジン,15UKCFG7X,ろーたすぺたる！,1173,9,11221,290660,9,9,9,10,9,8,9,8,71
278VKD5F4,SeaNa,J5K7CV7NE,サークル,439,0,11222,290624,4,4,1,2,1,2,1,2,17
37NBC6JHV,ぱん,Y6KN85L5P,孤独の村人,583,0,11223,290453,4,3,3,8,3,3,4,2,30
SLH3S1GRE,igacyon,1D7T2UXC2,無言でのんびり,407,0,11224,290350,2,2,2,5,5,1,1,3,21
7FG7RW2QO,mn,89CA9J5NW,サークルK,1119,3,11225,290300,9,10,1,7,1,4,10,7,49
TJA44G7WH,ペロペロ134,8VTJCPM0T,レッドショルダー,1008,0,11226,290260,7,6,4,6,5,7,9,3,47
XLH8YU9J2,さくらめゆう,KA3D805XV,綴理の寝顔守り隊,487,0,11226,290260,3,1,4,10,8,2,7,2,37
TMKKERRC6,うさだ,8BAYBXUXC,スリブ大好き♪,914,0,11228,290111,6,5,1,1,6,5,5,4,33
DY2W32P67,月光KID,G202YTPW1,無言倶楽部,888,1,11229,289810,9,8,6,7,7,5,5,2,49
0088E4JW1,キサラギ,XTMGPY62U,スクステ初心者,686,2,11230,289720,10,8,7,4,6,4,6,4,49
BL3Y5TEKL,みやもん,26JDLMBLN,徒町は強く生きる,843,2,11230,289720,8,10,8,2,3,1,7,2,41
WOXC1M5Z5,タオグピ,639NXLKJ5,Lotusky,1137,0,11230,289720,9,9,5,8,7,7,9,5,59
7V2U0XVKA,かずみん,GBEJMUFWT,めぐちゃんズ(仮,1027,2,11233,289670,6,5,7,9,2,5,4,2,40
B3L2LY4VD,フィブリン,48GTYR1VB,ハラショー！,124,0,11234,289580,5,4,5,5,4,3,4,2,32
MEA38FHEA,ポンデリング,6YTAMD33M,リリエンフェル党,200,0,11235,289427,5,4,5,2,2,1,1,2,22
LF4TUHPGF,カツ,M44P06CH5,つづさや見守り隊,1008,1,11236,289220,9,6,1,1,2,6,6,2,33
X9JY2MKNV,ことり,97Y59KBF0,乙宗梢倶楽部,1049,4,11237,289180,5,7,6,9,5,5,8,2,47
ETJMKEAYU,Leafkey,9AYD3XJ2D,ぺんぎん隊,914,0,11237,289180,8,7,6,8,7,7,10,2,55
TQ121V5CS,ユウ,AR9HR528A,いろいろ実況,1239,0,11239,289040,9,8,7,7,7,7,10,7,62
NJNBUTF6K,ゆーき,9E910GGD2,蓮ノ空給湯室,754,2,11240,289000,4,4,3,1,2,1,2,2,19
E3R6R1ZKP,そーへい,HK0E91U71,放課後写真部,1310,18,11241,288680,8,7,6,7,7,6,10,2,53
NR1THXXYW,ハル,489T6K91X,金沢おでん,916,2,11242,288550,3,4,4,7,5,1,4,1,29
U5Y0BVC1T,弓道,VLY5JDKCV,新規なのだけれど,956,6,11243,288410,9,8,8,8,9,4,8,4,58
RHJEHEK4E,Kazuya,VN1LXEHLR,綴理、愛,1007,0,11244,288401,1,1,1,6,6,5,8,2,30
TKA5084U6,＿＿＿＿＿＿＿＿,W9V6VTXAN,梢先輩の歌声好き,387,2,11245,288230,2,2,2,1,2,1,1,2,13
ZMKFOEGAJ,タコわさ足,PHLRY3XRP,とりあえずやろう,1123,4,11245,288230,8,9,8,9,9,7,10,2,62
XLE998L93,まーち,7B0W0EWVA,ソロの為の避難所,649,0,11247,288100,9,10,5,9,4,4,7,2,50
FSX2W90CX,ずらまるはなよ,C715VAD52,お試し中,916,0,11248,287920,5,8,8,1,7,5,9,2,45
BNUWVMEMY,てっちり,6H800PBV7,新鮮館,827,0,11248,287920,7,9,7,3,6,1,1,2,36
HRYLDGN5A,紅河,MVRFVTGU6,無言&出入り自由,853,0,11250,287830,7,8,4,8,3,6,7,2,45
1MP5JX3F6,ニロク,N1JAJ83CA,蓮ノ空園芸部,1143,16,11250,287830,10,10,8,5,10,5,10,2,60
JD2RA4NHM,ちゃき,M4E1LX8B8,こずかほ〜,1046,3,11252,287740,7,6,7,5,5,7,10,2,49
C28UQ3PK4,paya,BTVC9G95X,FES用,1337,17,11253,287690,6,10,7,7,7,1,7,4,49
3MTJ23EJK,リューマ,VLPNE6K2U,仮,970,0,11254,287290,8,9,5,8,7,7,8,2,54
FRS3Y8709,黒澤ダイヤ,NMFBD39FM,蓮ノ空分室,833,2,11254,287290,5,1,4,7,3,4,4,3,31
MZUJAE11Y,凍牙,GP6E7TYP9,悠久,1153,3,11256,287240,9,5,5,7,2,1,6,2,37
E6MPNHD0L,うに,MF6GL0RVL,ミジンコ倶楽部,253,0,11257,287200,6,4,6,4,6,7,8,2,43
JGL2WYG3B,むよむよ,CY02L6P79,ほ,1020,2,11258,287110,6,6,5,7,6,8,10,3,51
C3HYYWQ53,ハンチ,PMPP8MFY6,さやかの村,1052,1,11259,286970,5,6,4,4,2,4,4,1,30
DGR3XK5AD,渡辺火「」,LX25CP0TG,深夜の芋煮処,842,0,11260,286930,8,9,7,10,5,5,9,2,55
2HWDB5XPD,そに,75UJ5RB97,蓮ノ空雪野球部,742,0,11261,286700,2,2,2,1,2,1,1,2,13
VGGJ8YIAG,Kinoto,BWD9U1EJ2,蓮之空中国同好会,921,0,11262,286691,7,5,4,4,4,4,8,2,38
XYOF53SSA,みすとん,TAP8VVYJP,アステリズム,1443,15,11263,286610,1,5,5,1,2,5,8,2,29
73ZGDEDLF,藤丸侑,EEP20F2M8,綴理の綴り,1222,9,11264,286250,10,10,8,10,8,7,7,2,62
BU644GMAD,不知火,MVMP6NNXD,空き時間らくがき,1042,14,11265,286160,5,4,5,5,4,4,1,4,32
31FF69DT9,玩具国国王,AGJ215YND,蓮の空中國分校,871,2,11266,285940,10,10,6,9,7,7,8,2,59
54GML8RR4,クリーデル,J5CKL5YPX,ログイン勢かもん,811,0,11266,285940,1,1,4,6,6,1,7,2,28
AA3M4FLUR,mariko08,WXKKXU0H0,無名,726,0,11268,285850,7,8,5,1,5,5,2,2,35
UY1M26G26,fishy,DH97ANN9G,ツキマカセ,611,2,11269,285710,1,1,1,1,3,1,2,2,12
0CCRTCY4W,かんかんが大好き,W7XCU6AYH,蓮ノ事好きクラブ,843,0,11270,285670,9,5,7,7,7,5,5,2,47
Z4EGPQ6BY,bluemoon,FTUJJ5KM9,無言◎私生活優先,981,0,11271,285665,7,7,4,7,7,4,6,2,44
795R7W327,HANN,EYEPHE14G,花上梢頭,1174,10,11272,285530,9,9,8,7,7,6,8,2,56
A2824HN0W,ひいらぎ,9GDHWXGVG,ルリと花咲く毎日,754,2,11273,285494,2,1,1,2,2,1,1,1,11
B6WJVC6CQ,自堕落,FM9RNU8L0,蓮ノ空APOP部,1172,6,11273,285494,7,7,5,8,5,5,6,5,48
GWMCEH21U,なっほー,YDYH4VRRP,レンクウ,1064,4,11275,285170,5,4,3,4,6,5,9,2,38
NCH190V79,クマさん,W6DPTF42B,まかろん,977,4,11276,284900,6,4,2,9,4,4,4,6,39
H9EY9H07Y,おん,TWJ862EPN,こにゃとも,630,2,11277,284639,1,1,1,6,2,1,2,2,16
AH0XVK2NV,うみさん,B6KWXGHWH,蓮ノ空SIFC,1137,5,11278,284590,7,5,5,7,6,7,9,3,49
NBHB386G5,K-Flyer,63AKA05VR,まったりGngy,493,0,11279,284360,4,8,4,5,3,4,4,2,34
TBP7UDXHY,Sakura,BWD9U1EJ2,蓮之空中国同好会,861,4,11280,284297,1,1,1,1,2,1,1,2,10
W3U49X1PS,おたま,75UJ5RB97,蓮ノ空雪野球部,1155,12,11281,284230,7,7,6,5,6,5,8,2,46
XWYLZ2KCU,東久留米,DKNHY5HH6,なす料理研究会,1051,7,11282,284140,4,4,1,9,7,8,7,2,42
E2EJB7R0L,冷奴,UX96YX4T1,『位置について』,652,2,11283,283820,10,7,4,6,10,5,8,4,54
PV7RRNLPW,麻婆藩士,54JWUD9X0,異次元からの者,633,0,11284,283460,5,7,4,6,7,1,1,2,33
DCREEVC6K,ミュート,1AK9VTG3W,ドルケスキスキ部,505,0,11285,283280,4,4,1,1,2,2,1,1,16
7VCC5JB8Y,たけのこ,FD24TD6C5,泥人,771,0,11286,283240,6,6,6,6,4,4,4,2,38
X8HD4GMEB,ゆなかる,9GDHWXGVG,ルリと花咲く毎日,707,2,11287,282758,1,2,1,1,1,2,1,1,10
PUVHPMF5Y,りー,YDYH4VRRP,レンクウ,649,2,11288,282650,2,2,2,9,2,2,1,2,22
YPT4B02N2,フィーナ,WN3LHKX0L,レンコンおいしい,944,0,11289,282610,9,4,1,7,6,5,5,2,39
VRLPAHAG0,tokyo,DN2UB7JMG,異次元のP達,991,8,11290,282290,8,9,6,9,7,6,7,3,55
8T4L1344D,秋陽,WKG02VMU6,先輩で遊ぶ2年生,728,0,11291,282110,7,7,6,7,6,5,4,2,44
9ZMHXYDFR,ホヒ爺,NFMEGRJ45,社畜無言サークル,1014,6,11292,282074,8,7,2,1,6,1,5,2,32
HR9LXDXPF,&U,GPKTRBCTT,騎空団蓮ノ空支部,868,2,11293,281840,8,8,4,7,8,6,7,3,51
MN0VGMVU8,かいこ,X0TFG829Y,ボクのおうち,893,2,11294,281750,7,8,7,5,5,4,10,5,51
K1FF6602R,ama,F6H7917TW,サークル,899,0,11295,281561,6,8,5,6,5,5,8,2,45
42L0ENA3X,miwa,0MNV86F1Y,私のリンクラ！,486,0,11295,281561,4,6,1,4,1,1,3,2,22
3YY8CPUK5,みきた,7UBUGF7G1,ワイのサークル,1154,3,11297,281530,7,7,9,5,4,7,10,2,51
79XB2BVMX,N,BYA3FA0X8,無言ぼっち同好会,937,0,11298,281350,7,7,6,7,7,5,5,2,46
510209M2N,あきさん,00T3NXXA9,初心者,793,4,11299,281300,6,6,1,4,2,2,8,2,31
EKYZ1EICK,ユーヤ,3F0M4HXJE,蓮ノ空まったり部,1151,2,11300,281210,7,7,8,9,6,1,8,7,53
P4PXJ3JDH,ペプシマン,DN3NLWTGU,なゆりーず,339,0,11301,281120,4,4,5,5,2,1,2,2,25
E0VE3VMD6,こ,0FMM30LCA,無言,1003,1,11302,280940,4,8,6,7,2,5,6,2,40
IZRC6CWGR,ヨード卵卿,GYJ3C6TKR,綴理先輩好き好き,887,4,11303,280850,7,1,4,10,6,4,1,2,35
2P7P91BFF,まっちゃん,FMKP92LRL,目が霞む人達,970,4,11303,280850,8,8,10,10,7,7,1,3,54
B66JT4PPC,シマ,C52VR77BJ,イベント参加用,313,0,11305,280760,5,4,2,4,6,4,4,2,31
HR7UR79JD,ウメちゃんすん,XPRA8TRVE,蓮ノ空ロボット部,368,0,11306,280706,3,1,1,2,4,1,1,2,15
B4V1RD5J8,JIN,VP0K6KF0K,蓮ノ空大好き!!,841,0,11307,280580,10,1,1,5,3,1,4,2,27
66K0JJ0WD,つる,4LU50R56J,誰でもOK,202,0,11308,280540,2,2,5,1,3,1,1,2,17
O0FGAJTG8,ゆうき,1G66NAH8J,蓮ノ彼方,825,2,11309,280535,1,1,1,1,1,1,2,2,10
NCFJADTNT,1stzero,B4B2VE0F5,気楽サークル,398,0,11310,280310,5,4,4,1,1,1,1,2,19
BDL8HTVKW,あんな,4URND90YY,参加賞狙い,472,0,11311,280270,5,5,1,4,4,4,4,2,29
4TEPBVM6C,むこ,LLDLG20UU,UR取り隊,843,0,11312,280193,10,10,10,10,8,8,10,8,74
CDDJGZ27C,ムラマサ,5YAR2UWUH,エクスグラム,1190,1,11313,279730,5,6,6,8,4,4,8,2,43
01YUM7MT9,ゆ,R98JMK60H,さや弁,311,0,11314,279680,3,5,1,10,4,4,4,2,33
4BGLJLTI8,アキ,G0J2F9NAL,さやさやさーくる,960,12,11315,279590,6,8,4,9,4,2,5,2,40
BCXY9W7W7,MD,ULUELCJ7T,なるようになる？,1118,8,11316,279320,3,2,2,2,2,1,4,2,18
WOSVTCGJE,かな,4RY75CKM4,LLすこ部　メ募,1251,12,11317,279280,9,8,7,9,7,7,9,2,58
GOBHM593L,朝焼け学院生,8K6R9L378,夕焼け帰宅部,1247,3,11317,279280,7,7,6,6,8,6,9,2,51
KYTIA6SQW,りんおう,RGR1NVGWH,無言推奨・自由村,626,3,11319,279140,2,2,5,2,2,1,2,2,18
EBY8WB0J5,弾幕系,L6KBD6DH4,弾幕系処理落ち,945,0,11320,278830,6,8,7,7,5,6,8,1,48
4VXUG7MUR,TA,8BAYBXUXC,スリブ大好き♪,402,0,11321,278780,7,7,7,1,6,5,4,2,39
45K0UCV22,Spartric,BXHG2KXAD,idol.st,930,4,11322,278380,6,8,5,7,6,5,8,2,47
D0AU0EUV2,MT,T4WY63DB9,ういのま,1153,0,11323,278312,6,9,6,9,8,6,4,2,50
AP85CY3HB,わてちゃん,578YG6EAT,桜桃花束愛聴会,388,0,11324,278290,4,3,4,3,4,1,2,2,23
18M11E4RW,yyidk,XPX36F6JX,無言初心者お試し,874,0,11324,278290,7,7,7,5,6,5,8,2,47
7WQB1AYV1,トオル,0VEMMV8E2,スリブとまったり,367,0,11326,278240,1,4,1,1,3,1,1,2,14
WFXPA1U10,とうまゆきひろ,GVNKNN878,Aqours,972,6,11327,278020,8,8,5,6,7,6,8,4,52
SHVBBTTPE,にせ,UHF5Y8PEF,さやちゃん倶楽部,1279,19,11327,278020,10,8,6,10,8,7,9,6,64
1CAE13HEC,たーきー,GN1798YEX,ド!ド!同好会,1109,4,11329,277790,4,4,5,1,2,2,1,1,20
HC8P9DKL6,陽菜,UWUG7XK9L,スクステ同好会④,315,0,11329,277790,10,7,3,10,10,9,1,3,53
6R0RG58UD,お米,UUNE2U083,北東地方,793,1,11331,277628,5,4,1,4,4,4,7,1,30
HDH7118ON,りぅ。,A3X92L6YU,お試し用サークル,641,0,11332,277457,5,7,1,4,5,5,4,5,36
H2DP39FPV,ハル,E12PR824F,ゆるっと蓮ノ空,564,0,11333,277340,1,1,1,2,4,1,1,2,13
TYY99V85Y,ドン・アルマゲ,Y8HJ0NUEN,ただの百合好き,985,9,11334,277250,9,7,10,10,5,7,8,10,66
N0C4M8H6W,オイニー,9YG7C0VM7,綴理と無言で昼寝,1072,4,11335,277210,5,5,1,4,3,4,4,2,28
UI9NHWZ4V,みさきの,9AYD3XJ2D,ぺんぎん隊,1126,2,11335,277210,10,7,3,9,3,7,1,2,42
J2WTLEFCP,とんこつ,LUUR1D2PB,ちぇす党♪,96,0,11337,277115,7,7,2,7,2,1,1,2,29
HUNJWM9K6,赤猫,XTMGPY62U,スクステ初心者,577,0,11338,276980,4,7,10,6,4,5,3,2,41
CPVH3E1JP,アオシノン,XL0KW660Y,綴理さや小鈴,537,0,11339,276890,2,10,1,6,10,1,1,2,33
S5T5C7I8J,にゃんだーすわん,XR2P2LDY3,蓮ノ空さいきょー,1400,13,11340,276800,9,9,9,10,10,9,10,9,75
0BHUBBW7C,Miotti,DFFYFJ2B6,つづさや好き過ぎ,1160,12,11341,276260,9,7,6,7,7,4,8,2,50
NONT2BJE5,うがじん,H5MEVB5ET,機械さん,1116,8,11342,276220,8,9,5,8,5,4,7,2,48
Q9HU8YL97,こてつ(・8・),6BFC4G5YG,蓮ノ空足湯同好会,1173,0,11343,275900,10,8,6,7,6,7,7,2,53
HBKJCHB7T,ういさま好き好き,333AUNMN7,乙宗家,98,0,11344,275860,6,5,7,5,5,7,1,1,37
17D5N3V2M,40ZORA,UPUVA9UT3,酒ーくる,725,0,11345,275770,9,7,5,7,7,5,8,2,50
UCF1XFCQH,Edward,1ET4JA893,虹蓮中国同好会,1115,7,11346,275747,7,7,4,8,7,7,9,2,51
CGVG1TYG2,レイ,UPNXW2A69,ライグラ報酬集め,706,0,11347,275680,5,4,1,3,3,5,1,2,24
82967NE1U,☆ふみと☆,AP9179DXT,サークルSRE,1044,0,11348,275590,9,8,7,7,7,6,8,2,54
ARNFGF56Q,タンバリン木村,0R8BXPRC1,ポチっ！とクラブ,1215,9,11348,275590,8,8,5,7,4,5,7,2,46
FLAAJY6FF,TOMO,60D1TTYTV,無言自由会,939,0,11350,275576,6,7,1,5,2,4,4,3,32
9L3MH335G,あべちゃん,AVX749PPB,姫芽ちゃん親衛隊,356,1,11351,275540,1,1,1,1,3,1,1,2,11
CBEB2N21K,熊熊,Y337R7BW9,中国の蓮之空圈子,419,1,11352,275450,1,4,4,2,4,1,1,2,19
RHR7RP9LD,ホットケーキ児玉,XLR23XPGK,テステスト,981,4,11353,275410,4,5,5,7,5,5,9,2,42
FONLTLHSB,ぴょそ,BT3GEWM5L,ささやか村の集い,1120,13,11354,275320,9,7,7,9,9,5,9,3,58
57F1XRW0C,タック,4FXPC55PY,PPIHクラブ,896,1,11355,275140,9,9,5,7,8,4,8,2,52
UH1GTC9DX,ベス,KB5BFK7J6,おはめぐ党本部,1012,1,11356,275063,7,6,4,3,4,6,9,2,41
0VFF0KYEN,Akihana,0VEMMV8E2,スリブとまったり,1051,2,11357,274870,8,5,5,5,7,7,8,3,48
MF14VVGU1,いぬまるただし,803UXY68J,びしゃ毘沙門天,271,0,11358,274820,5,5,5,1,1,1,1,1,20
7EJ44U2TI,キャタピー,HH93ADAW3,無言自由。,1169,3,11358,274820,7,5,5,8,6,7,7,2,47
NFFXLC190,期待の学院生,BTVC9G95X,FES用,329,0,11360,274780,2,1,3,1,4,2,3,4,20
W2YG5JDM6,rawoh,UVK38MFR2,蓮の虚無サー,1396,15,11361,274730,9,9,7,9,9,7,10,8,68
67YXLX7RB,ゲコ,0NLHKATWL,生きてるだけ偉い,712,0,11362,274640,7,8,6,5,5,4,5,2,42
A7X55O3YN,yumoa,9AYD3XJ2D,ぺんぎん隊,1115,4,11363,274330,6,7,5,8,6,5,7,2,46
RV1FKWCDY,あすか,C9DAJ6YFV,のんびり,549,0,11364,274280,10,10,6,7,6,6,8,3,56
7GKW87B1R,ペン太,C2XLWUTL1,夕霧綴理親衛隊,1096,2,11365,274240,8,8,6,6,6,4,7,2,47
KG5X91J65,じゅんじゅん,1F5EPPMLD,UR貰えればいい,677,1,11365,274240,8,8,4,5,4,1,1,2,33
RBNWWF1BB,白i,E76N52LMW,イベントのみ,843,1,11367,274190,8,9,6,7,7,5,8,2,52
JH9AHRK0G,たけのこの山,K25DPPGT9,圧倒的にまったり,1070,4,11368,273880,5,8,5,7,5,4,9,2,45
CEFW2GM0T,しゅうへい,K8C99H42D,ルリと喜ド！愛楽,704,2,11369,273830,6,5,10,10,2,1,1,2,37
BKYXI9SZT,カズアキ,W3F0URUJC,梢先輩応援団,900,1,11370,273650,4,1,1,4,2,1,1,2,16
UI30LF4X9,ゼロ,3RH5MYBXV,こずめぐ党,870,2,11371,273560,5,1,1,4,5,4,2,3,25
OFP2DBDZY,いずみっち,TFGKYEY98,LLP JR,561,1,11372,273340,4,2,5,2,5,5,9,3,35
V6YWTSQQG,Rainey,Y4G0KF6NB,無言でやる会,1179,0,11373,273110,8,9,6,7,2,5,8,2,47
WT4GPRLL7,ココマル,ABU58EVJ2,Quatuor,241,0,11374,272890,9,9,7,10,10,5,8,4,62
JGV0B5X83,「はるにれ」,LX25CP0TG,深夜の芋煮処,530,0,11375,272840,3,5,5,6,3,2,1,2,27
YN3YR90NG,幻也,0YLUK30K6,蓮っコの集い,605,1,11376,272570,6,1,4,4,2,2,1,2,22
QODCT4FMP,みなみ,M44P06CH5,つづさや見守り隊,959,1,11377,272327,1,1,3,1,2,1,1,2,12
K7KJUXDNA,バギー,XXVVJY6FE,はぴぱれ,328,0,11378,272300,10,10,6,9,6,9,6,5,61
MRW5T3JVN,ルイ,HMBW9DXY2,蓮好き皆あつまれ,1245,15,11378,272300,7,10,7,8,8,5,10,2,57
Y7V1JJKVB,たま,G8EE23LB9,虹ノ空クラブ,771,0,11380,272260,4,5,5,4,4,4,5,2,33
U5JB9LY8Y,あおふね,V830CTTX3,日野下後輩,938,3,11381,272170,7,9,4,7,4,4,4,2,41
KUR79UGEX,セブン,GCFA4WL28,乙宗梢を愛で隊,627,0,11382,272156,6,6,4,8,3,4,4,2,37
JCB009RGH,1,2B97MH4YA,同じ話し何回も…,837,2,11383,272120,5,7,2,6,6,4,5,2,37
A5FVKTVAV,ララ大法よし,97BGFLKW9,◯◯◯,562,2,11384,271940,5,6,6,1,3,1,1,2,25
LW1C8D69M,うみせんせい,HK0E91U71,放課後写真部,559,0,11385,271814,3,4,2,4,5,4,2,2,26
MKWPULHN3,とうふイオ,ULUELCJ7T,なるようになる？,913,4,11386,271810,3,1,4,1,5,3,3,2,22
W43CGY8BA,♡Kokoro♡,ATB27G5P2,おこめ茶寮,656,4,11387,271670,2,1,2,1,2,1,1,1,11
Z1JS6J1PR,瑠璃色Eye,0CBM28JP6,ほうき星,974,0,11388,271360,4,7,4,6,4,5,7,2,39
5B03KA2DJ,芋ようかんバナナ,TGF0507VK,芋煮,683,4,11389,270860,7,5,5,10,10,10,4,2,53
APBNGG6NB,清内路4号,A8BJ5V3ET,はすのそら,577,0,11390,270788,1,4,1,2,2,4,1,2,17
AAD3YHDYF,オガリ,KGFV7AB2J,石川県立図書館,656,2,11391,270770,6,5,5,6,4,1,4,2,33
H1X8LBM4B,Reikisa,6DFE57BY0,Lovenico,988,7,11392,270680,8,9,6,6,6,5,5,2,47
WGM5DH3FU,SHO,7MNN5LFAY,ナビウォーク,395,0,11393,270617,8,7,8,7,7,8,8,2,55
L0C096YH7,ぴょん,DDKKFN9Y5,蓮ノ空箱推し部！,352,1,11394,270590,7,2,3,6,3,6,1,2,30
CGAZXRHJA,うそ。,C003CD1RW,☆蓮ノ空クラブ☆,1031,13,11395,270500,4,8,6,8,8,8,5,2,49
FXR75TV9H,ベーチカ,ELTW62751,安全バーは君の腕,275,0,11396,270446,2,4,3,3,3,1,2,2,20
8HWB9GBF6,びおらんて,W1KH5B28F,ぼっちハウス,1101,3,11397,270410,8,4,2,8,5,7,9,3,46
SARFQEGU6,ゆり,57HNJ07NK,みらぱ推活最前列,751,1,11398,270280,7,6,8,1,2,4,10,4,42
NP4AVG7XM,れもん,DJC4WJXGV,無言出入り自由,339,0,11398,270280,6,6,4,4,5,5,10,2,42
V9ZHPAKWO,リケット,9YRT8FBLL,ふたばみつば,896,0,11398,270280,7,10,5,8,4,6,9,2,51
YR2MXGWH7,さささ,BXGNMY466,ライグラ用,398,0,11401,270230,8,10,7,3,10,1,1,2,42
VZRH6QQL3,うぃすてりあ,6GG41GREU,5度目の桜,1326,15,11402,269960,8,8,6,8,7,7,10,5,59
OKVLXAJAK,のり,TK9E1BB1P,無言で自由,1145,10,11403,269870,10,8,4,5,8,7,5,3,50
7OZ19LLPT,ゆ←の,KB5BFK7J6,おはめぐ党本部,891,1,11404,269650,1,4,4,9,5,4,1,2,30
VBMJ2YA4G,前ちゃん,CY3GGDH7H,㍿キモ・オタク,337,0,11405,269600,1,1,4,1,3,1,1,2,14
HBJXD2ARD,水島マヤノ,H837E0M9R,沙知先輩大好き部,514,1,11406,269330,5,1,1,1,2,1,9,2,22
Y5T4YJ4C9,mutsuki,1D7T2UXC2,無言でのんびり,1032,2,11407,269290,9,7,6,8,8,5,8,2,53
9EKD929VW,花宮初奈の犬,M1DLCR0R8,花帆護サークル,271,0,11408,269150,4,4,2,4,3,1,2,2,22
JI7TM2QQB,Ikeyo4,414CEUPEH,アフター見よう！,1031,0,11409,269110,6,7,7,5,6,4,6,2,43
R0BGUMDYE,つじさき,TKVR3KU7L,ネギトロTKG,688,0,11409,269110,4,1,1,7,1,1,1,1,17
N7ACAGM4D,たろ,J09VEX2ER,くるくるポーズ,1081,1,11411,268970,8,5,3,2,6,7,8,4,43
YFECQTENX,ごろんた,LA1R8LJTX,どんぐり,730,0,11412,268930,5,4,1,4,4,4,5,2,29
KWVCK1KA9,座敷よねよね,PJN52E7JX,ひよっこ,926,2,11413,268880,8,7,6,7,4,4,1,2,39
B73CNYM2W,りり。,B216PY7KK,ゆるゆるり,362,0,11414,268790,7,7,7,3,4,1,4,2,35
G738F120K,もそか「じ」,51CF1LTGY,ラ研連合,1066,0,11415,268750,7,4,2,8,6,6,6,1,40
TRT0YWMTU,HC,RMT97FJ61,まったり　無言,365,0,11416,268700,2,1,5,1,2,1,2,1,15
H1KP3L88X,うどん,VD7N7A4WH,氷青色,742,4,11417,268610,6,1,5,4,6,1,1,2,26
N4OUJCCMP,おうどんさん,J7N4W6Y1K,こずミックラブ♡,1288,12,11418,268570,1,1,1,2,2,1,1,1,10
P5PJWLM9F,凪,V5PGMM8NA,チェスト,601,1,11419,268390,8,8,4,2,4,1,1,2,30
G08OZ53OB,ハンゾウ,LUDNM40F8,ふくふく無言OK,1398,19,11420,268300,10,10,9,10,9,8,9,7,72
SDTXR9S9Z,なまにく,Y2R7E79U3,カワウソ同好会,1273,8,11420,268300,3,1,2,1,2,2,2,1,14
R0XPQOQJS,パーエリア,W3YKKRWHG,ルリと愉快な一家,1515,16,11422,268250,9,8,8,8,9,10,10,7,69
7LV96CMYK,ジャンクロード,2UKNVBMBU,梢ちゃん同好会,968,1,11423,268210,5,7,5,5,6,5,4,2,39
5GHDUW0XJ,ちゃたまとら,XA0XD41CM,ぼっちぼっち,387,0,11423,268210,8,5,5,7,8,5,8,2,48
E6KN0R14V,山陽汐見橋,38WF15C16,折紙物語,872,2,11425,268160,7,5,4,7,1,4,6,3,37
MAB66MLL3,しんのすけ,BT3GEWM5L,ささやか村の集い,1071,1,11426,268120,6,7,8,5,7,6,5,2,46
L22430RUE,mskk,865UE9UC6,蓮ノ空うどん部,1019,6,11427,268070,7,7,1,4,4,4,4,2,33
Y2EBFGFX5,せつ,XVTV7MVCX,雪月花,924,0,11428,268030,5,4,6,6,4,2,4,3,34
MC1EAC3WF,初心者2,9N4F9P8DU,リンクラ部（仮）,886,0,11428,268030,5,8,4,2,5,5,1,2,32
7PLLVYUHQ,さわ,31NCX860W,雪デ音無,1156,5,11430,267850,7,9,5,7,7,4,8,2,49
0B8Q8KNO6,難升米,YUJWPU7Y8,引田町民詰所,1040,3,11431,267760,5,7,4,4,6,5,9,2,42
RPYCMWL60,宮小路　光,9D722M8KC,蓮ノ空同好会,1040,5,11432,267670,4,8,4,7,2,5,6,2,38
R8UDGFN2N,うら,R083H7WRN,サークル無言,812,8,11433,267620,4,1,5,6,5,4,2,2,29
FUNUDJGF5,UserHCY,5YXVKDEKV,サークル(仮),788,2,11434,267530,8,8,8,5,4,2,4,2,41
4NT02LD4J,マーサ,VF7HHK72K,マーサ,1072,8,11435,267400,10,8,5,7,7,6,8,2,53
T9BIGMK58,かほがガオー!,73N4AB3LR,かほ子のイオン,1101,1,11436,267310,8,6,3,8,6,5,9,2,47
271MKYGM7,まひるま,9DKR4Y2CJ,蓮ノ空老人会,1281,7,11437,267220,9,9,6,8,4,7,10,2,55
X1BKFAX15,ユリカ,07JW71HWG,良いチケで観よう,622,2,11438,267170,9,7,5,5,6,1,2,2,37
DBPBKJXFC,ゆあ,2JVBK752G,卍愛蓮説卍,1072,15,11439,266950,8,7,6,10,10,9,10,9,69
7PS15XHNX,金貨,9X07VGM42,近江町食べ歩き隊,896,1,11440,266855,2,1,1,2,2,1,1,2,12
99IWY780H,にこにゃん,YHWN0NJ03,ドカ食い気絶部,1092,2,11441,266720,6,4,5,6,6,7,5,2,41
3IL84AK0F,なつなつな,7C8MGNVHJ,ドンと来いだよ！,916,7,11442,266684,1,5,6,3,8,6,5,2,36
JC0GMP95M,ネコのコネ,2JVBK752G,卍愛蓮説卍,644,0,11443,266513,1,4,1,2,5,5,1,2,21
ZJ7LK3VTO,おちゃ,57UT319NN,蓮ノ空同好会,438,0,11444,266500,6,8,6,5,4,8,4,4,45
8MMNBY3LD,桜咲ひなこ,XL1M7KUPL,始めたばかりです,312,0,11445,266410,6,9,3,1,1,3,2,2,27
NJV304XIX,差浜@ぜのぷろ,0FC29NV4L,flourish,638,0,11446,266360,8,6,8,7,6,2,6,2,45
DHKNJBL13,ライル,ELTW62751,安全バーは君の腕,407,2,11446,266360,3,10,1,2,2,1,1,2,22
1RXW9NLN3,Kutuzov,8588YN91J,虹咲学院,419,0,11448,266230,7,7,10,4,7,5,6,2,48
12ZSYGMAQ,あきどる,TJ5MKUCFD,lotus,163,0,11449,266090,4,4,6,4,1,5,2,2,28
JGBT0HE32,kirin,RKT7BC4F6,人形浄瑠璃乃,740,2,11450,266000,10,10,10,10,9,8,8,9,74
TAUYE32V3,快速急行,E050K9859,蓮党,810,0,11451,265780,8,8,5,9,6,4,8,2,50
TAN5180UF,ガガギゴ,1R10PD8UT,オールマインド,879,4,11452,265550,10,2,2,8,1,2,3,2,30
XX9LP9KTK,有馬 帆花,7U4G2VY9K,わくわくクラブ,312,2,11453,265510,5,4,1,1,1,1,1,2,16
YJGI89AE7,ドラゴン,XE8513HNP,喫茶カワウ空✨,636,0,11453,265510,1,1,5,7,3,1,1,2,21
PFF13LJED,みかづき,W09WBG3HY,どろんちゅ,1034,3,11455,265487,7,7,5,7,7,6,8,2,49
E6UEARDD7,KTH42,CJWR9P8LM,花帆さん愛でる会,626,1,11456,265330,10,1,3,1,2,1,1,2,21
T1AN9U44N,レム教のワン,Y4G0KF6NB,無言でやる会,689,2,11457,265190,7,9,6,7,3,1,7,2,42
34OL2N369,レオン,J5CKL5YPX,ログイン勢かもん,472,0,11458,265150,2,2,2,1,3,1,1,2,14
CEKNFA20T,みつね,G9CCKEANL,ヤサガラス党,983,2,11459,264880,7,9,5,7,5,7,8,2,50
7WWLJN8NK,mki,8MTLYLH9F,木星月華黄金宮,1056,4,11460,264830,7,9,5,5,7,7,7,2,49
X5LCETKEL,せつりる,W189BP629,みんなのみかん畑,1128,3,11461,264650,1,9,1,4,2,1,4,2,24
BXDYCX8NU,有栖川アリス,PD80VCP5N,虹ヶ咲学園,968,3,11462,264610,4,7,7,7,8,8,10,2,53
QZVQ5ZTSS,ぴあ,FMKP92LRL,目が霞む人達,1018,5,11463,264380,6,4,6,9,2,6,5,2,40
FLEWZM9NG,kok,9CRY10JFL,さやか推し,644,0,11464,264200,9,6,4,4,1,1,1,2,28
NTMV2E0XC,スー,E7DC3WM28,あ,1070,3,11465,264160,9,5,4,6,5,7,6,9,51
0L7MDNMI6,tornado5,JRAC1HYUD,SPHS-MMT,1094,2,11466,264070,7,7,6,5,7,4,8,2,46
0XT1XU4X9,はな,1F5EPPMLD,UR貰えればいい,265,0,11467,263948,10,9,8,10,5,10,3,5,60
3J4HMHQSE,るな,PPAHU1TNY,蓮ノ空のんびり部,862,8,11468,263890,1,4,5,1,5,1,1,2,20
QUFZ82DXJ,ちゃしるとん,M08GKL70U,ららマジ難民の会,1115,10,11469,263570,4,5,1,8,4,7,2,2,33
75GJDJ4MB,タクト,R3UE4PGCE,うさぎ小屋,682,0,11470,263300,6,1,1,2,2,1,2,3,18
2KN2HF9VW,nao,PMME7169X,蓮っ子動物園,758,4,11471,263093,3,3,2,2,2,1,1,2,16
CF4J3NC5G,めい,KB5BFK7J6,おはめぐ党本部,348,0,11472,263080,6,7,5,7,5,5,5,2,42
0NRP458KM,空のデッキケース,T3XUTYGC3,隔離病棟,801,0,11472,263080,6,6,6,6,6,5,9,2,46
09NH2GY9J,いけしゅん,9JTF508LB,スクスタ亡霊部,1031,11,11474,263030,4,4,3,4,2,1,1,2,21
GKLRVUYUG,りりり,J800VVPTN,Aqours,217,0,11475,262940,10,10,10,10,6,5,10,4,65
6Y76XUG15,ケロキュア,C003CD1RW,☆蓮ノ空クラブ☆,1206,14,11476,262850,5,5,5,7,8,7,8,2,47
EN68LG2H2,桜花,U1X8XUL9G,イベント用？,797,2,11477,262490,1,1,2,1,4,1,1,3,14
8L0J99DR1,ダババ,P9CV4RB36,Aの為,301,0,11478,262450,4,1,2,1,1,1,2,4,16
R45TK7B3P,ゆず,E1HVJ71JR,ご自由にどうぞ,254,0,11479,262270,1,1,1,1,2,1,2,1,10
CCG86YFX4,K,6KUYCDLGR,かよちんは宇宙,1036,0,11480,262180,6,9,4,8,6,5,8,2,48
RVYY6Y8J8,Саё,Y5J5Y90CD,まるまるサークル,755,0,11481,262090,7,5,6,1,4,1,4,2,30
L922TCCFP,kourin,L6MF2MPBN,みらくらぱーく党,246,0,11482,262067,5,1,7,3,2,1,2,2,23
T7AL85DH9,あお,NMFBD39FM,蓮ノ空分室,933,2,11483,261860,5,4,5,8,6,8,8,2,46
0M0GV2JRH,さえち,WLTWDT50K,せのさえ,763,0,11484,261770,9,8,4,6,7,6,7,2,49
I1PC58B99,ムーラン,NDGW77R2V,こず花帆尊い,1232,5,11485,261730,7,7,5,8,6,4,7,2,46
TI666XBQP,LOST,U1X8XUL9G,イベント用？,669,1,11486,261725,9,1,3,6,5,2,6,2,34
7EDFJJ14G,Linda,MG1G6F487,蓮ノ空無微課金部,733,0,11487,261590,5,6,7,8,6,7,8,2,49
Q8C5DW20K,とと,58FD7UF8J,としとしサークル,959,0,11488,261460,2,9,2,1,8,7,2,4,35
LT3PWFFB6,まつ,KC1W74B9B,蓮六園,647,2,11489,261410,1,4,4,4,5,1,1,2,22
ET9AFXDJR,二葉さな,5GPNC2L1X,Vsinger,229,0,11490,261383,2,4,4,3,1,1,3,2,20
L5NMECP05,仕事虫,WPG6BCG83,基本無言,502,0,11491,261212,1,1,1,1,4,1,1,2,12
9J1YR8YMH,いち,YNR28303K,りんくらぶ,180,0,11492,261041,9,9,10,6,3,8,3,2,50
YW2AW7EBW,azusan,U57VPUTEE,ゆったりクラブ,547,1,11493,260740,2,3,9,7,2,2,2,2,29
XPEUWAWXB,セラ,EYEPHE14G,花上梢頭,746,2,11494,260690,1,7,1,2,4,7,1,2,25
6JNM377RJ,ぶれいず,KYUR37GEG,蓮ノ空のセカイ,490,0,11495,260600,5,4,1,5,1,4,10,2,32
ARM1YCT01,タコ焼き,GYJ3C6TKR,綴理先輩好き好き,996,0,11496,260560,7,6,7,7,6,5,7,2,47
RYVYU95BC,かたぴ,LAKRG5NK9,ログイン勢,611,0,11497,260528,8,10,6,7,4,5,5,2,47
DYRRW9FN1,雪輝,W2HEPMM2A,無言。ぼっち。,1075,15,11498,260510,8,8,8,10,8,7,9,2,60
REC88DH2L,はせ,3BE2RELRC,見晴台,858,3,11499,260380,1,10,4,1,5,1,8,2,32
6CYK4V711,μ’ｚ,9D1P6AXUR,link-er,649,0,11499,260380,8,5,2,7,4,1,10,3,40
F653VNE67,IC,CL9JCBTU6,蓮ノ空出遅れ組,150,0,11501,260330,5,5,2,4,4,3,4,2,29
87R5V4YU3,♪,H1G4CDT6C,無言自由,864,4,11501,260330,1,2,1,3,4,1,3,1,16
G5R7N8F00,しゃふと,U98UKD6RY,異次元フェスP,979,4,11503,260290,6,7,4,7,7,7,8,2,48
0047VUD1K,真エギル,3BDTCERX6,打ち返した流れ星,1278,4,11504,260150,2,5,9,2,2,2,1,1,24
GSPYPR01J,ダイン,LNP25PRBF,アイラ•ムー,1036,5,11505,260110,10,10,2,7,6,5,8,5,53
DDNAV94LA,Maritoñi,A73H7ENN2,エロマンガ同好会,492,2,11505,260110,5,5,4,7,7,3,2,2,35
UF3YV21BP,確定,LD34NCH5R,NERV,1071,5,11507,260020,5,6,4,7,6,5,4,2,39
L1CYM1274,ふぉゆ443,NCX28D4VB,Lyric,1140,3,11507,260020,8,8,5,8,7,7,8,2,53
HFWL6D1LX,りふぇ,GCFA4WL28,乙宗梢を愛で隊,879,1,11509,260015,7,4,4,7,7,5,5,2,41
0NEK9L2V8,レイ,2JVBK752G,卍愛蓮説卍,582,1,11510,259970,6,6,4,5,10,7,6,2,46
VP6FE3UEA,ならすふ,DH97ANN9G,ツキマカセ,607,0,11511,259750,4,2,1,1,4,1,5,2,20
YWMVP2W97,詩音シオン,LUDNM40F8,ふくふく無言OK,1056,6,11512,259570,7,6,4,7,6,5,10,2,47
63EAE1H20,ユウキ,CGA16ENCP,のんびり,764,2,11513,259520,10,8,1,7,5,1,5,2,39
J3K8L9SW1,たま,PY4Y88935,平日忙しい人たち,590,1,11514,259480,1,1,1,1,2,1,1,1,9
F3I6GMQRU,ちゃいろ,G19FFDVKH,くろけだま,937,3,11515,259430,8,4,4,6,4,4,6,2,38
HRBP9KP9X,ざーど,0GALMLWK6,ボクなんなの。,776,1,11516,259340,4,4,4,4,6,4,4,1,31
10PJ9COZZ,ＯＮＪ,63AKA05VR,まったりGngy,555,0,11517,259250,1,1,1,1,2,1,1,2,10
VDKGAHFBP,りみっつ,BH9YH1YL5,ラブライバーの森,1111,6,11518,258989,3,3,4,3,2,1,1,2,19
FXL12KMM1,hurray,H6JWBBGCG,蓮天・乙宗一心流,687,0,11519,258760,8,5,8,4,3,1,1,2,32
1XX18CGSW,kei,DFFYFJ2B6,つづさや好き過ぎ,1113,12,11520,258710,7,8,4,5,6,5,8,2,45
CG8PF9UTL,瀚海,M08GKL70U,ららマジ難民の会,855,7,11521,258620,5,10,3,10,4,4,2,3,41
1RS5KJPJC,なーさ,E1HVJ71JR,ご自由にどうぞ,651,0,11522,258490,10,8,4,6,7,5,6,2,48
LP0XNO1TE,ちい,LY0XPW7NL,同棲概念強火派,609,0,11523,258440,1,2,3,8,4,1,1,2,22
TWA9A5JCD,gdgd,L9MR6PF86,猫の惑星,820,2,11524,258310,4,5,6,8,8,5,10,2,48
BKTCFE01J,ねこまる,JBUP9N61Y,れーざー,949,2,11525,258170,8,9,7,7,6,5,7,2,51
5RTBP97BP,てんぺい,B2KV0EVPD,蓮ちゅきクラブ,1104,5,11526,258134,1,1,1,2,2,1,2,2,12
37TK4NI43,オレンジライン,31A7JKC69,蓮好きの巣窟,974,0,11527,258130,8,7,8,7,6,2,4,2,44
58KNKGEHN,れんこ,AVX749PPB,姫芽ちゃん親衛隊,523,0,11528,258080,2,5,2,2,2,1,1,1,16
Y6GG19H02,社会人です,6YTAMD33M,リリエンフェル党,897,4,11529,257990,3,3,3,8,3,1,1,2,24
E535GSQ3P,ちはや,762FM3JV4,一蓮托生,778,0,11530,257963,1,5,5,6,3,2,1,2,25
T958MXFMP,しゅーや,K25DPPGT9,圧倒的にまったり,1120,6,11531,257950,7,7,8,7,7,8,10,7,61
XF1GCJMZ3,hina,DUK0X7DB1,中国愛蓮同好会,870,1,11532,257770,8,5,4,4,4,5,4,2,36
16769EBV8,波奈,PYFV3GWNV,異次元P,862,1,11533,257630,7,9,4,6,7,4,10,3,50
RL2XH4G1L,N.,MUXWTW1GV,蓮の空見守り隊,979,2,11534,257540,8,2,5,6,6,5,8,2,42
VJAMB0PTH,キャロル,T56X6LP0L,光の海,1226,9,11535,257320,7,7,4,5,2,4,8,2,39
0YV58B44K,つちのこ,1D7T2UXC2,無言でのんびり,450,0,11535,257320,6,6,6,7,6,1,5,2,39
TN5LOW0HY,おくたびあ,3BE2RELRC,見晴台,1001,6,11537,257279,7,5,6,8,6,1,2,1,36
30RBF4CTB,なお,HA6MUTC30,自由なのだけれど,699,0,11538,257050,4,4,4,4,5,1,6,2,30
TKF3WC7W6,nρ,RXG20PYXD,Bloomy!,949,3,11539,256910,6,5,6,4,9,7,1,2,40
BC3S9MXLE,かつ,TK9E1BB1P,無言で自由,1073,6,11540,256820,10,8,10,7,10,4,10,5,64
3J9H8VGJA,Reo,HJ2UUBCPB,English!,941,2,11541,256766,5,7,9,5,8,8,6,3,51
8PT6YN7A1,卒業生ぃ,28XJ8NK4L,蓮ノ空まったり部,1135,4,11542,256730,1,1,4,5,2,1,6,2,22
JUA7CV00V,ゆら,3RH5MYBXV,こずめぐ党,962,2,11543,256690,5,5,4,8,6,7,7,2,44
2TKW1THH4,あきやん,6531MBM0X,のちもたーズ,542,0,11544,256600,4,7,3,7,3,2,1,2,29
BEUYUHJEY,ふかぽん,MGLMY316W,強制弾かれ部位,906,0,11545,256460,7,7,6,7,2,4,8,2,43
6DHWB7F9J,大幸奈緒,2DYYAPFVN,蓮っ子村,679,0,11546,256420,1,9,2,1,3,1,3,4,24
AGNKPLEK9,プリン,YMKU30246,参加賞がほしい,357,0,11547,256330,9,5,7,1,6,9,1,3,41
XDS9B47HK,Roki,2UKNVBMBU,梢ちゃん同好会,1475,4,11548,256280,10,10,10,10,9,9,9,5,72
GDODD7U5B,hideshi,KPABV0UJM,蓮の空サークル,1006,7,11549,256253,6,8,5,6,7,4,8,2,46
JKGDLV8YH,じーびー,BPFAT416J,さやかわいい,896,3,11550,256100,4,2,5,2,6,9,5,1,34
D4IBTM8TU,さんじかん,RY00836BW,ムキムキカボチャ,1188,4,11551,255970,8,7,4,8,7,7,9,2,52
YA62FAND9,花帆可愛いすぎる,DMDVHGFUG,インドネシア仲間,619,1,11552,255740,10,10,10,7,4,1,2,2,46
GM0BIKL0K,小沢悠,AW470U964,ボッチ会,521,0,11553,255650,1,1,1,1,2,1,1,1,9
95W88D8GY,ykt,C52VR77BJ,イベント参加用,277,0,11554,255398,4,6,4,5,5,1,1,3,29
B7FVUGKDN,もちこ,KJU0BU77M,無言交流なし,879,6,11555,255340,8,10,10,7,7,9,5,2,58
C20TJ5UD3,マーロン,2JK7E4115,ラ！推し,1293,15,11556,255227,8,7,5,6,6,1,2,1,36
E6EVAGRCT,ぐるっぽ,J5CKL5YPX,ログイン勢かもん,403,0,11557,254930,3,2,2,1,2,2,3,3,18
TVPWVP81C,しずく,RWDWD9PP6,乙宗家の屋敷妖精,340,2,11558,254840,1,1,1,1,3,3,1,1,12
A0S4SPXZZ,といろむ,FR5PDRB5Y,株式会社つづさや,756,0,11559,254800,4,8,1,4,2,1,1,2,23
ARH598RWP,p珍,FE282F3VH,天悶部,905,1,11560,254660,1,8,1,2,2,1,1,2,18
KL7YBADD7,楓華,FD24TD6C5,泥人,683,0,11561,254543,1,2,1,2,2,1,1,2,12
0WMPN0WVP,あなた,H1G4CDT6C,無言自由,894,2,11562,254350,7,8,4,7,6,5,7,3,47
46VFR1TN5,SEVEN,FHN78V2DJ,無言でどうぞ,935,1,11562,254350,5,3,6,5,6,6,10,2,43
JX2X9FKKO,ちくわぶ,TFGKYEY98,LLP JR,379,0,11564,254300,6,7,6,7,4,4,4,2,40
FJYKBR0MM,ジュン,YAVY1XCNP,さきほこれ,890,2,11564,254300,7,6,5,6,4,5,8,2,43
1QWQ153SL,あさがお,KB5BFK7J6,おはめぐ党本部,1039,1,11566,254170,7,8,6,9,6,4,7,1,48
M5U1GV6LP,ヒナリク,EWM0GK62C,誰でもどうぞ,723,2,11567,253940,3,1,4,2,3,1,2,2,18
226A8TKXY,ぱも,1DU9LCND7,蓮ノ空すこやか部,1244,2,11568,253900,9,7,6,7,7,7,8,2,53
MHEXGNS66,アンシー,WNMCNJ62M,チームまったり,1058,1,11568,253900,8,8,5,7,7,6,9,2,52
BTTH210TN,sky,8MGJB6FMW,Lotus,363,0,11570,253760,1,2,4,2,1,1,1,2,14
N84B7WPW4,青い梅,NLTAB4BLF,蓮ノ空ゆる活動部,752,2,11571,253580,9,9,1,6,7,9,7,3,51
1HO924SJF,ゆっち改,N45AC292K,蓮ノ空帰宅部,1135,3,11572,253450,8,8,5,8,7,7,5,2,50
C7RT5WY2E,たま　20号,KC1W74B9B,蓮六園,885,0,11573,253400,7,8,7,8,8,8,7,2,55
23K2L3BY3,ck327jp,6CC83J3EJ,蓮之空台灣分部,880,0,11574,253360,7,7,5,5,4,5,5,2,40
WXWE48U9H,サユキ,G0WRCNRWK,県立沢庵図書館,298,0,11575,253346,8,7,1,9,9,6,1,1,42
NCML607KY,おらす,B2VJACB1N,梢先輩の後輩,808,1,11575,253346,1,5,1,1,5,4,1,2,20
1KPW0PTFC,tamatin,9YM3DBTB7,泥民館,1005,4,11577,253310,7,8,4,7,7,1,6,3,43
3IPXHVZRE,yoroy,5L9GNT78V,叶え！私達の◯◯,1090,0,11578,253180,8,7,7,8,5,7,8,1,51
VGLXPJ1AP,ㄧ,TWJ862EPN,こにゃとも,441,0,11579,252950,8,5,3,10,6,10,5,2,49
R6FKYEEYR,コウ,N1JAJ83CA,蓮ノ空園芸部,1017,4,11580,252910,7,8,4,7,6,5,8,3,48
LYTN8L8VR,ベロニカ,WN3LHKX0L,レンコンおいしい,786,2,11581,252730,10,10,6,4,10,1,3,4,48
PJL4SU0KF,ひよこニキ,M1RUXX1ET,ひよこニキ,1013,4,11581,252730,8,8,4,8,7,7,10,2,54
1E7KNYNFK,ユメノオコメ,RE4M8FCJ8,おにぎり,879,0,11583,252640,1,1,1,2,1,1,1,2,10
JQZDGKHHB,俺は悪くねぇ〜,JELJU33D4,蓮ノ空同好会,992,2,11583,252640,10,10,7,7,7,6,5,4,56
9MAAVAHP8,シママ,8MTLYLH9F,木星月華黄金宮,411,0,11585,252500,10,10,9,9,8,4,7,2,59
C21L92Y19,メトロ,MD802VP2H,専門演習F4,868,0,11586,252410,5,7,5,7,8,4,7,2,45
2NZMH6L14,IN,TR057C1UW,蓮ノ空ぼっち部,830,1,11587,252370,9,5,1,9,6,1,4,2,37
GA0RDUWKW,gucci,EJY6B26D1,After見たい,664,0,11588,252320,9,1,9,1,6,1,4,1,32
TFVQGM6TT,てーい,9N4F9P8DU,リンクラ部（仮）,1080,3,11589,252230,8,5,2,6,6,6,10,2,45
18JU66WE8,ボブ,9WJB6YPPN,温室花畑,1032,1,11590,252140,10,7,5,6,6,4,9,2,49
04SLT7BQV,あおば,HD2RY13CG,オレンジピール,805,0,11591,252010,6,1,5,7,4,5,8,2,38
ATHEJW5VC,まやニキ,PE34YVY4K,ありがとう梢先輩,1154,4,11592,251870,9,8,7,7,6,5,7,3,52
O0TPE4206,ひさか,F2CFWVMY9,藤島め組,1277,3,11593,251780,7,8,7,7,7,5,6,2,49
MB251OMPT,ジャック小山,YNR28303K,りんくらぶ,765,0,11594,251740,10,7,2,4,4,2,4,2,35
VHL3MAU0R,マキ,U8GLCJVJP,コミュ障用誰でも,961,0,11595,251690,4,5,1,5,7,5,5,1,33
PA5AF2734,sofía,D7UA5ER1E,UR報酬欲しい！,279,0,11596,251636,10,10,10,10,10,10,10,10,80
OUH8RYWSL,もりてぃ,F8MLHU2NV,乙宗梢様､､､,1114,4,11597,251465,1,1,1,1,2,1,2,1,10
P0E3OK6KU,This,8M5MVFTRW,テキ・トゥー,986,2,11598,251420,7,5,3,4,5,4,4,2,34
MWJ1DJ4U3,makura,9C2FC74H2,overseas,934,4,11599,251380,7,6,6,4,7,5,8,2,45
2IQZCRQ0N,いの,9DKR4Y2CJ,蓮ノ空老人会,984,6,11599,251380,5,7,7,10,6,5,6,2,48
NTMX92PUN,カツ,BEMED3RY1,無言無課金ok,462,0,11601,251330,3,1,4,1,3,1,9,2,24
S89NGTK89,ダアナ,RM7N1JDB5,無言推奨不干渉会,1192,6,11602,251290,9,9,7,9,8,7,8,2,59
DU4RMKR1K,あるぱか,XN2VEA6DN,無言,867,0,11603,251020,6,8,2,5,6,6,8,2,43
ETPWUDNNT,唯一神,WLFW6UCX5,無敵級ビリーバー,1009,5,11604,250930,6,5,8,5,8,4,4,2,42
90GMTTJHU,マセ,0UTVRAKFL,平穏無言,564,0,11605,250750,7,3,1,1,4,1,5,2,24
YF3ANWDAJ,Bella,C8A9CTB34,蓮ノ空山岡家部,547,0,11606,250300,7,7,7,4,5,5,9,2,46
EWPD09M2B,Firkin,X2YN7JW88,蓮ノツバサ,938,4,11607,250120,9,9,4,6,7,7,6,2,50
5ML9CHN4K,さぁちゃん,8T3BVWN6F,目標1500位,949,2,11608,249800,1,2,1,2,3,1,1,1,12
7E7FMK721,階段ビクビク六丁,KJDNHL66C,新世界ゲート,792,0,11609,249710,10,10,9,2,5,3,5,2,46
6UUHU8CKA,クローベット,27N2UHJYL,ラブライブ格ゲー,629,0,11610,249670,7,4,7,7,6,7,9,2,49
SY5H1DW5F,ハウ,31A7JKC69,蓮好きの巣窟,1137,6,11611,249620,1,1,2,1,3,1,1,2,12
SJ1A25CPB,Baram,60KU468X3,はっすーず,898,4,11612,249530,6,7,7,8,6,5,7,3,49
BN5TCKFTY,たくちや,95TAREFPT,ご自由にどうぞ,525,1,11613,249170,4,6,6,1,3,7,1,2,30
24JM1FD1G,やま,4URND90YY,参加賞狙い,923,2,11614,249080,7,9,7,10,8,5,3,3,52
6N8YAXFUM,義時,YHR6NH62C,くるすてっぷ,608,2,11615,248950,4,6,5,4,4,10,4,2,39
P7UX86WLA,ペタ,G59NGM0XA,シュリーレン,1426,14,11616,248900,10,9,9,7,9,7,7,2,60
085JCPW4G,マサヒコ,2J5W1LGR6,私の自由ダァー！,678,0,11616,248900,5,7,1,4,2,4,6,3,32
U0HNUNMPH,カギナ,18YYNRFGA,LotusSky,814,0,11618,248729,2,1,1,2,2,1,1,2,12
0BCREKENP,hgcn,BWD9U1EJ2,蓮之空中国同好会,356,0,11619,248360,1,1,1,4,4,2,2,2,17
8V75ET4GQ,もえ,BT3GEWM5L,ささやか村の集い,571,2,11620,248180,9,10,7,4,3,3,1,2,39
BB3MT89DR,かっぱ,V3FAH8CM4,初心者の会,228,0,11621,248090,2,1,10,3,4,3,2,2,27
L6ZF9OWUK,バニラ,K3R1XY8UT,自由,1083,5,11622,247780,7,7,1,9,7,6,7,3,47
R86RIMRGK,あげ,KK166BYL7,蓮女応援有志部,464,0,11623,247730,4,4,4,1,4,4,2,2,25
V4LNCZQFD,ツボック,FJMA5BPPE,蓮ノ空すきすき部,1087,11,11624,247640,1,1,9,7,10,1,10,2,41
NDGCAF2EG,はろ,C8A9CTB34,蓮ノ空山岡家部,680,0,11625,247550,7,4,5,6,2,5,4,2,35
8T9KC5RGQ,タケゴロウ,PPAHU1TNY,蓮ノ空のんびり部,1278,6,11626,247420,10,8,7,7,9,7,6,2,56
YAX2WA2M6,陸奥朱雀,F5XJ40VXD,ココロの旅,633,0,11626,247420,1,1,1,4,1,1,1,2,12
Z6UR7KO76,くろねこ,6713P80H8,らーめん食べたい,1337,1,11628,247330,10,8,7,8,7,7,10,2,59
H24PFT4KC,ぐるるぐ,W21ELWLY6,オケオケオッケー,832,0,11629,247280,2,5,4,8,7,4,5,3,38
O6BETP92R,starkusa,BXHG2KXAD,idol.st,435,0,11630,247010,1,1,3,1,2,1,2,2,13
4ART5NBE4,sinK,XNP3CHWM1,リンクラ愛好会,441,0,11631,246848,5,4,4,6,4,5,5,2,35
VFI4QY3RE,とらまる,E76N52LMW,イベントのみ,895,2,11632,246830,9,6,4,10,6,9,6,2,52
50TT94CWT,パイセン,FC8NBAJBT,ラー麺二郎金沢店,1238,8,11632,246830,7,8,7,8,9,5,5,5,54
GPO7XX5AB,しうへい,4RY75CKM4,LLすこ部　メ募,1216,1,11634,246340,7,8,7,7,6,7,9,2,53
2FBUFZ54M,パイプイス,5KK3DFY18,MUGEN∞,950,0,11635,245840,5,8,4,5,7,6,9,2,46
2QG95EPVN,ラテオ,WPG6BCG83,基本無言,440,0,11636,245822,1,4,4,4,4,1,1,2,21
WDGM3BDV0,フリード,2DYYAPFVN,蓮っ子村,741,1,11637,245660,1,1,2,1,3,1,1,2,12
W8IFKWYUQ,長官,865UE9UC6,蓮ノ空うどん部,980,2,11638,245651,8,10,6,10,9,4,7,2,56
73GWZADA2,おはぎ,X0WB1EP9G,つぶあんおはぎ,1099,2,11639,245620,7,8,7,9,7,5,7,6,56
E1TVTPL66,mikumiku,387J15240,蓮ノ空登山部,781,2,11640,244810,6,8,4,4,4,4,4,2,36
WNRXC6RAU,やまびこ,XE8513HNP,喫茶カワウ空✨,351,0,11641,244720,3,2,3,4,4,2,2,2,22
Z6GI43YIR,夏の回憶,57UT319NN,蓮ノ空同好会,636,0,11642,244630,8,7,5,6,6,6,4,2,44
PK5XF7CCU,ゼオン,5JA9K5FAK,オタサーの姫芽,334,0,11643,244580,5,1,7,10,7,1,1,2,34
V730FJ9VY,シュウジ,G6EH0KHT7,なんもわからん,670,2,11644,244450,1,1,2,2,2,1,1,2,12
EW3QHS7XQ,SOくん,BT3GEWM5L,ささやか村の集い,912,2,11645,244310,1,8,4,4,6,6,8,2,39
3FC1QFCGX,鳴る,0YLUK30K6,蓮っコの集い,986,0,11646,244180,8,8,10,10,10,8,10,5,69
F2LEXLLQW,ちゃりとら,5V9TDD4NF,みんはや蓮ノ空部,981,2,11647,244130,2,1,1,4,2,1,1,1,13
179Y5K415,ユーリ,BPHHYC793,ソロ専の集い,638,2,11648,244040,5,4,5,6,5,4,4,2,35
K7VE1XVL4,エクバード,AR9HR528A,いろいろ実況,888,3,11649,244000,4,9,4,10,9,2,7,10,55
U1RT2PTRM,むー,JX0BXWNWH,新米蓮好き好きC,810,3,11650,243941,1,1,2,1,2,2,1,2,12
EMEAE0LWB,S,31A7JKC69,蓮好きの巣窟,1008,0,11651,243910,7,7,4,7,6,7,7,2,47
TC9VKBP87,そーま,BTVC9G95X,FES用,262,0,11652,243820,4,4,6,5,4,4,2,4,33
QVHJRI785,それいゆ,YA51R0VV4,めぐメイト,1066,3,11653,243460,6,9,4,9,5,4,6,4,47
NN3J03CS4,まひろ,RM7N1JDB5,無言推奨不干渉会,880,5,11654,243370,5,6,6,10,5,5,1,2,40
BLHW2CP33,せつ菜,17AEM7PUN,SIFcord,357,0,11655,243100,4,2,1,3,2,2,1,2,17
FEYNU31B9,うっでぃ,BE349FEW8,いい声の蓮ノ空会,734,0,11656,243086,4,5,1,5,9,6,5,2,37
OFMW7N0LN,「菓子恋KE」,GBEJMUFWT,めぐちゃんズ(仮,1151,1,11657,242920,8,7,1,6,7,7,4,2,42
61EDVAH1R,nishi,UCF93JAPM,スワンプマン,1082,6,11658,242870,8,7,1,10,7,2,5,2,42
V5K9KCRK4,ゆ,F08AHUJJ0,綴理のお世話係,510,2,11659,242690,6,7,7,1,5,5,9,2,42
DXL6JEB3F,わしわしの女神,PWK02KG0F,メメントの森公園,1066,1,11660,242560,7,4,5,8,6,2,4,2,38
HN62FBBM6,待ち人こず,GCFA4WL28,乙宗梢を愛で隊,274,0,11660,242560,5,4,4,7,2,1,1,2,26
UOR3XH5WH,sosso,WFPA7YJE1,蓮ノ空文芸部,1129,1,11662,242510,8,10,6,7,6,6,8,2,53
1GUN30LEZ,四十肩の狸,DYA2LK0KK,ろーたすぺたる,917,2,11663,242380,4,2,5,2,2,1,1,2,19
FZOBJ7M16,★星☆,5YC6VF1VM,じゆうだぁー,700,2,11664,242330,5,1,4,1,1,1,1,2,16
BCCV0LL2T,クロ,T4WY63DB9,ういのま,632,0,11665,242231,3,2,5,1,2,1,2,1,17
J4T21T08R,鴎,X7YM9EG8K,伝統の石川地酒,830,0,11666,242110,8,5,7,7,7,6,5,2,47
JVQOH4U8J,マーボー,0CBM28JP6,ほうき星,1068,7,11666,242110,8,7,5,8,6,4,8,4,50
FN0TBCMYE,コニオ,HK0E91U71,放課後写真部,959,4,11668,241930,6,5,1,5,6,1,4,2,30
YE148FYEJ,ひな,T56X6LP0L,光の海,608,0,11669,241880,8,7,3,4,4,4,8,1,39
QUNT7EOFT,ワツタ,KXB93FVTR,ブルームガーデン,1158,3,11670,241840,8,8,5,7,7,4,5,2,46
ENH56J8P7,こてつ,30YM43CUC,蓮ちゃん好き,766,4,11671,241610,6,5,4,2,2,2,2,2,25
RV4HR8EMU,ロペス,68MTL2RGE,スクステ沼津支部,860,2,11672,241570,2,9,1,10,8,10,5,3,48
F6E68CG1L,うさぎ,762FM3JV4,一蓮托生,1041,0,11673,241520,7,8,7,4,6,4,10,4,50
FJFUXBIUC,たじゃほむ,0CY93XRDW,仮,316,0,11674,241480,4,1,3,3,1,1,1,2,16
MAN6UVAB8,スワロー,XE8513HNP,喫茶カワウ空✨,1202,2,11675,241430,10,7,7,6,5,5,8,2,50
M0428U78W,とー,DFWX0K8J9,さくらから蓮,1068,0,11676,241210,9,9,6,7,7,6,9,2,55
X41BACE9K,こん,26246W72R,初心者失礼します,451,0,11676,241210,4,8,2,6,4,4,4,2,34
87C8IGBA5,はる,F08AHUJJ0,綴理のお世話係,896,2,11678,241160,4,4,5,2,7,7,7,2,38
MD9NVKB3T,もじゃ猫,E12PR824F,ゆるっと蓮ノ空,770,2,11679,241070,6,7,4,6,4,1,5,3,36
DHE10GWFA,ぐれ,P4FV9YEL1,料亭さや処沼津店,688,2,11680,240940,3,1,1,2,2,3,5,3,20
3TBZWQ5HP,りゅうざぶろう,J5CKL5YPX,ログイン勢かもん,886,2,11681,240692,7,10,3,8,6,1,5,2,42
1BBLPVFAR,みけ,VP0K6KF0K,蓮ノ空大好き!!,866,0,11682,240490,6,5,6,7,9,3,4,2,42
33K3BBYFX,kazu,DULFP3TRN,めぐ党員の部屋,1041,4,11683,240310,7,3,3,7,7,3,10,5,45
401NFX7XX,みっちー,UYCT3Y4JK,蓮っ子,1122,6,11684,240170,4,4,7,4,2,1,1,2,25
M5T1PLAHJ,タケル,ABW9LMXK0,チーム無言,417,0,11685,239990,4,4,1,1,1,1,1,2,15
LDUO0VZCJ,ふぃむ,M6UPWJ6DU,蓮結ぶ虹と星の音,1251,4,11686,239950,10,10,9,10,8,10,10,10,77
HWJ7FVH8D,アトリ,YAD615PCK,蓮を咲かせる泥達,822,0,11686,239950,7,7,6,5,7,5,7,2,46
5Q22NWIDI,神無月８８８,17AEM7PUN,SIFcord,1182,12,11688,239810,8,6,6,9,7,9,6,2,53
GHU4PLA7E,りゅうと,RGUTEMEH7,花鳥風月,600,0,11689,239720,7,8,3,4,5,4,8,2,41
R3T8CA3RX,うぃっぷ,W3F0URUJC,梢先輩応援団,936,2,11690,239680,8,8,5,8,6,4,9,2,50
7WHEM84P0,ティアナ,H6JWBBGCG,蓮天・乙宗一心流,1034,3,11690,239680,1,1,1,1,2,1,1,1,9
12YG4C6G2,印ｇ,H837E0M9R,沙知先輩大好き部,351,0,11692,239590,1,1,2,1,2,1,1,2,11
1LKK6681A,SSerpent,K2L5DCVNR,REAL,1092,2,11693,239540,5,4,1,4,4,1,2,3,24
B7FBPJUAK,TMANK TV,5W8RPRVUA,ド！ド！泥！,829,0,11694,239360,8,6,6,6,6,7,9,2,50
U1CG6FVV3,Cou,JX6D6TL96,蓮ノ空武蔵野支部,693,1,11694,239360,5,5,5,6,5,4,4,2,36
W52OJVUZ9,真,V33FGRFC4,1限目に遅刻ラブ,1016,2,11696,239230,7,7,5,7,6,5,9,2,48
4GMJ32Y0R,Melonpan,J80MEYHBC,Nymphaea,633,0,11697,239180,1,1,1,2,2,1,1,1,10
M99R6FC21,たかてん,427WENUC4,心の癒し～蓮ノ空,164,0,11698,239050,3,1,4,6,5,1,1,2,23
81V8UGLBE,ゴジラ愉悦部12,NGMU0511T,無言のお茶会,230,0,11699,239000,6,5,5,3,4,5,1,2,31
EIX06OTGS,かこ,3A63DYH54,LLすこすこ部,1003,2,11700,238982,4,7,6,8,6,4,7,2,44
NMJYY0FEU,ドライ,K95YH6P1C,蓮ノ空泥の会,926,0,11701,238960,7,7,8,4,6,4,5,2,43
X8UU1NWKY,遥,8BAYBXUXC,スリブ大好き♪,268,0,11702,238910,4,5,4,5,2,1,1,2,24
MP6P87XWO,太田彪子,8WAXGK70P,CANARiA,739,0,11703,238870,10,8,7,4,4,4,6,2,45
33B6S3XQH,赤姫,CJ398GJAT,バッグクロージャ,958,7,11703,238870,7,7,4,10,9,8,4,2,51
MTN6BL54Y,アーシャ,N6T2MVATD,まったりサークル,781,0,11705,238820,4,4,4,4,5,2,5,2,30
8M8ASBHNJ,スサワ,DF7FA982P,蓮ノ空百合部,1083,2,11706,238730,3,2,2,5,2,1,1,1,17
DN1JGK1VR,二窓,9E910GGD2,蓮ノ空給湯室,743,0,11707,238600,4,5,1,5,6,5,8,2,36
46Y4C3WJW,かい,7NJM1VURM,らんるん部。,522,3,11708,238550,7,10,10,6,10,3,3,2,51
VB3F3GXDG,◆からすみ◆,9C0KWR782,まったリンクラ,1220,7,11709,238370,10,7,10,10,7,10,9,2,65
9GKTU2R0I,高嶺,DF7FA982P,蓮ノ空百合部,720,0,11710,238280,4,5,1,1,2,4,5,1,23
DM1W3ARE5,サニサニ,JRFM5DW6T,咲く蓮の花,634,0,11711,238100,10,4,2,1,8,3,2,3,33
5X5K02YXU,黒澤サファイア,FNMV166UY,蓮ノ空喫茶部,1189,4,11712,238010,9,8,7,9,7,7,9,2,58
9293TQH66,nanamin_,PHLRY3XRP,とりあえずやろう,587,0,11713,237956,1,2,1,9,9,9,1,2,34
T83K0V662,siho♪,N0EXH1CM1,ぱちぱち徒町,643,0,11714,237830,2,1,2,1,2,1,2,2,13
D8W524NVK,ねこやしき,A7WWE0463,蓮ノ空初心者部,907,1,11715,237740,4,5,4,7,6,3,4,2,35
E7AW1UXDU,シン,JTX1G19BP,さやかほ癒し会,875,1,11716,237650,5,4,4,4,5,1,1,2,26
FW9ZVMEEM,あげっち,AK795AE43,ハスハスしてきた,849,3,11717,237610,6,8,6,4,7,4,7,2,44
RNHW0AKRT,pupitar,0EL43A30P,こころのいろは,299,0,11718,237520,9,6,5,5,5,6,8,2,46
FHWIHPX77,p,F0292W7TD,ぬぬぬ,893,0,11719,237290,5,4,7,7,7,8,1,2,41
T9JE96KR1,あまね,GPKTRBCTT,騎空団蓮ノ空支部,991,8,11720,237200,8,3,2,8,7,6,8,3,45
7VT921WV5,ゆきあかりさんご,TNU4MD0YV,青峰,135,0,11721,237160,7,2,6,5,1,1,2,2,26
B5DH53VXD,りこ,97BGFLKW9,◯◯◯,988,6,11722,236980,4,5,4,6,7,1,8,2,37
4LMY78699,雪乃,7AATUNUPE,無言サークル,1124,2,11723,236930,7,7,4,7,4,7,7,2,45
EUUTX4KXV,nameless,AND13836G,乙宗梢親衛隊,784,0,11723,236930,10,9,4,10,6,5,1,8,53
9J9L99HRL,(o･ω･),PYFV3GWNV,異次元P,925,0,11725,236890,5,2,8,1,6,3,9,2,36
S7J4F3NO2,いち,PRY4573W6,報酬用,502,0,11726,236840,1,1,1,3,4,1,1,2,14
RMYTEW1B8,シン,KT4C59NXG,めぐ島,862,0,11727,236800,7,2,6,6,6,1,4,1,33
PT3B5R8MF,SAKANA♡,Y6KN85L5P,孤独の村人,211,0,11728,236710,1,1,1,1,2,1,2,3,12
5W7PI0CG5,とと,9X07VGM42,近江町食べ歩き隊,1407,4,11729,236570,10,10,5,10,8,8,10,6,67
QSS7BSI1M,や,XEENRBXCG,蓮ノ空休日クラブ,957,7,11730,236300,8,1,10,3,3,3,2,2,32
8PHU6NRFP,みやび,546E85JGG,月猫ぱーく！！！,268,0,11731,236246,4,4,4,7,7,4,4,2,36
DM302KH8H,たぬき,G89BFNPFC,牧場,282,0,11732,236120,5,5,3,8,5,4,4,4,38
MP0HDR7N6,マソソ,JHTULVV5P,故に瑠璃乃推し,757,0,11733,235940,3,3,2,2,2,3,3,1,19
HKPFPFWYT,真奈,W3F0URUJC,梢先輩応援団,790,6,11734,235760,8,10,4,4,4,2,3,3,38
D3EAPNTL2,トゥヴァ,N6TVG18P8,すきすきクラブ,309,0,11735,235670,6,10,9,5,4,3,2,2,41
JCM3PLXCN,紅,WCL6R1ANU,無所属の会,762,4,11735,235670,2,1,1,1,2,2,2,2,13
V7NG6XFFK,ダッシャー,TFGKYEY98,LLP JR,942,6,11737,235490,1,3,3,8,8,5,1,2,31
JV67C5NR2,えな。,DKNHY5HH6,なす料理研究会,955,1,11738,235450,3,2,2,2,1,2,1,2,15
3MSBY1334,うぃんちぇすたー,P2J37FNLG,乙宗先生指導会,132,0,11739,235360,2,2,4,1,3,2,4,1,19
AL5L2YFH7,プレミアム人形,X258J9JDF,プレミアム人形,897,4,11740,235310,2,1,2,1,1,1,1,3,12
LNQQXE8VS,ふぉると,VAM2DGNGV,百合,929,0,11741,235270,1,1,1,1,1,1,1,2,9
FBFMC1LLC,岩田悠希,60KU468X3,はっすーず,525,0,11742,234860,3,4,3,5,5,1,5,2,28
J5WHN0WRR,白米,UMG1B9C7V,蓮ノ空女学院,492,0,11742,234860,5,5,5,4,3,1,2,3,28
81KWJG9UU,はれなみ,B6KWXGHWH,蓮ノ空SIFC,1201,5,11744,234680,1,1,1,1,2,1,1,2,10
085SIS6G0,またたび,W6BT56KJE,やる気ナッシング,1240,9,11744,234680,9,9,6,7,8,7,8,2,56
HJL0WBHKB,サチ,9UKKACGDU,蓮っ子CLUB,1110,6,11746,234640,8,8,4,7,6,5,8,2,48
E4WGAL9YY,牙雨流,60D1TTYTV,無言自由会,864,0,11747,234590,7,7,5,8,6,4,4,3,44
BXZVB9GKY,青姫,MBAX5KWM2,青いサファイヤ,1214,5,11748,234500,8,8,7,7,7,7,10,2,56
HVANUD3QL,まっつー,RN24L196L,るりーーー,1059,0,11749,234370,7,8,5,10,6,4,7,2,49
5XGBOC0GL,よっぴー,KPABV0UJM,蓮の空サークル,1037,2,11750,234320,8,9,4,9,10,7,8,9,64
KTCJKXJG1,メ,Y6KN85L5P,孤独の村人,416,0,11751,234230,6,8,8,3,2,1,1,2,31
785GWDE4T,しゅー,4RNUXBXGL,みらぱ最推し,231,0,11752,234140,1,3,1,2,4,1,2,2,16
M0K7NMT71,り,RKT7BC4F6,人形浄瑠璃乃,304,0,11753,233920,2,2,5,4,5,4,1,3,26
JDJ0Y8BLV,ドット,9P9EPKFHE,無言参加OK,840,0,11753,233920,9,7,6,7,6,5,7,2,49
CJ3LVHWX7,N,9E910GGD2,蓮ノ空給湯室,844,0,11755,233870,8,5,1,2,2,4,4,1,27
0NBMJYRXG,モグ之すけ,X784G0GKM,異次元から来た,967,3,11756,233740,6,4,4,7,7,4,7,3,42
XC4USCM5E,イケデ,T0XP8PFYU,兼六園と私,853,1,11757,233690,1,8,1,5,4,3,2,2,26
TWC25TH1B,るる,WN3LHKX0L,レンコンおいしい,1016,11,11758,233681,10,8,9,7,7,7,8,6,62
XEA9J6AL3,いん,E76N52LMW,イベントのみ,398,0,11759,233650,2,1,4,3,2,3,1,2,18
60MJ8U4W5,テヲドア,80NVTNUN1,bco,589,0,11760,233560,10,9,5,4,9,1,1,2,41
5ORM0EQA8,ウォッカ,WBW66DMUB,るりめぐ研究所,1125,1,11761,233470,9,8,5,7,6,5,8,2,50
7GKC99Y60,辻(本物),35JCHXLTV,yumo,585,0,11762,233339,2,1,1,2,2,1,1,2,12
40HF9DCTB,タングロン,6KUYCDLGR,かよちんは宇宙,720,1,11763,233290,1,1,2,1,2,1,1,2,11
GUM4J8RCC,haru,08DDCV5JN,黒ねこのしっぽ,315,0,11764,232970,2,1,1,1,2,1,1,1,10
4HPA6N8GN,ひらっち,A9MA307FX,楽しいが一番,868,3,11765,232880,6,10,7,8,6,5,9,3,54
8G9EMKG3B,天魔,60KU468X3,はっすーず,421,0,11765,232880,4,5,6,3,5,1,1,3,28
CGW5G4XQC,くろがね,WRFLMWL4U,映り込み金魚,851,0,11767,232700,8,7,6,7,6,4,7,2,47
YGRX4UKYV,ヤマムギヤマサン,78NTNAJUY,劇団旗あげ(仮),921,0,11768,232480,7,8,5,7,5,5,8,3,48
2H7W1F964,ヨガヲ,60D1TTYTV,無言自由会,986,6,11769,232300,7,7,4,7,6,5,5,2,43
TRWPAY1GU,雨音,639NXLKJ5,Lotusky,1124,13,11770,232070,7,9,9,7,7,4,4,1,48
FCC6B2JF5,.,2JTETEDC9,サークル,837,0,11771,231980,10,9,7,9,5,4,8,2,54
1I22XKC76,あずき,ADV5B17VN,蓮空,1155,3,11772,231940,9,8,7,7,7,7,8,2,55
90PZ7LCO1,桜井,W2HEPMM2A,無言。ぼっち。,924,0,11773,231800,10,8,5,6,4,7,5,2,47
F4WHW5NX9,Ritto,BPFAT416J,さやかわいい,1085,2,11774,231530,4,4,3,7,6,6,7,2,39
BQY2IX5J5,きょ〜,17LJ910A0,蓮ノ空緩々交流会,860,2,11775,231458,5,5,4,1,3,3,1,2,24
43CBCTC64,あめねぶ,C021HVB2B,第3芸能科,145,0,11776,231310,10,10,10,10,5,6,6,3,60
13D93XKWG,ホンハ,FX31CNK7B,ソロ,389,0,11777,231220,6,6,3,4,1,6,7,2,35
P88EYV66B,ヒイロ,8GAY2WBT6,(・8・),596,0,11777,231220,4,1,5,7,8,1,6,2,34
19JVEM3XU,mariri,7G23BHH2H,とんと,324,0,11777,231220,8,8,6,5,5,6,7,3,48
0KB1WQASJ,ミズキ,WLLWJ8ADP,乙宗筋肉サークル,1193,3,11780,230810,7,10,6,6,7,5,9,2,52
OZ24LHJ5Z,Rui,DULFP3TRN,めぐ党員の部屋,914,2,11781,230680,2,5,5,4,7,2,4,1,30
DPVAKCBDX,ewicss,WX1DYC9Y1,ラナンキュラス,1158,2,11782,230590,8,8,6,6,5,5,8,2,48
9JC5GHM3T,みさき,8AT7V1C7L,初心者です,371,0,11782,230590,2,1,1,3,3,1,3,2,16
2Q7J4ANS6,Shion,W189BP629,みんなのみかん畑,1047,12,11784,230500,5,5,5,9,7,5,5,2,43
K3GXPTAVU,ね,89K9Y7MX7,初心者歓迎,1117,7,11785,230450,4,4,6,6,3,3,1,2,29
D066M2TMI,はちみっつ,0CBM28JP6,ほうき星,974,5,11786,230360,5,5,8,9,3,5,2,2,39
21TUE7QQY,Irina,N1JAJ83CA,蓮ノ空園芸部,875,2,11787,230320,3,7,5,5,5,4,7,4,40
LHNS2DHO7,PlayX67,6DXDMMC1G,Px67,1032,4,11788,230090,7,7,6,8,5,6,8,3,50
496NISNZ0,Jan,J80MEYHBC,Nymphaea,650,1,11789,229919,1,1,1,1,2,1,1,1,9
LT74KNHGH,lovemu,9TPNWR2TU,中国地質大學,187,0,11790,229820,2,4,7,3,1,4,3,2,26
DD3MW559G,たかせ,08DDCV5JN,黒ねこのしっぽ,970,4,11791,229730,7,8,7,7,7,5,8,2,51
WEXGRHUVQ,すの〜び〜ち,8UJNTV5BX,のんびりと部,1185,6,11792,229600,7,8,4,7,7,5,6,2,46
PP3IHULLV,悠凪,TM6TEWJJ8,あくありうむ,854,0,11793,229510,8,7,1,2,6,4,10,3,41
PWUKHN3VC,コココ,6YTAMD33M,リリエンフェル党,394,2,11794,229460,4,6,1,5,1,1,2,2,22
JUAZ4ZFIR,くらね,PH0YEPJD8,蓮ノ空北國金沢,1028,3,11794,229460,8,9,5,7,6,6,5,2,48
S99T47AC0,O島プロ,30W3RA65G,蓮ノ空自由クラブ,1006,8,11796,229370,1,5,4,4,2,2,1,2,21
JC3FNKIRJ,ノックス,U1X8XUL9G,イベント用？,1079,3,11797,229330,5,8,5,7,5,6,9,2,47
F96E2PT2G,S1,A9MA307FX,楽しいが一番,799,0,11798,229240,7,7,5,6,5,5,8,1,44
8N9621CVW,よねさか,LYYHXG7NT,蓮女労働組合,911,0,11799,228920,5,4,5,6,6,5,8,2,41
6TRVHURJY,Lily,BPHHYC793,ソロ専の集い,1005,5,11800,228722,5,7,1,9,3,5,5,2,37
OFKJ5PY0N,薄明@追い風,F02VGJVCW,てすと（仮）,908,4,11801,228700,1,1,1,1,1,1,1,2,9
RLL6P0M89,はいのす,HBCC35887,そりゃー!!!,640,0,11802,228610,10,6,6,2,6,5,5,2,42
PPYRYBNA7,るぅ,3F0M4HXJE,蓮ノ空まったり部,952,0,11802,228610,7,8,5,7,7,6,8,4,52
XAH0VCEMF,あるふぉんす,UMNEWH0FP,退避,966,0,11804,228551,8,8,5,7,5,4,5,2,44
MJW5EAACB,鈴木 こみち,XLBU65J86,花の壁飾りクラブ,1079,7,11805,228520,3,5,2,1,2,4,2,2,21
1JDY8HC96,アクアマリン,71PW1VYLL,蓮ノ空推し愛好会,1043,6,11806,228070,10,9,7,7,8,7,9,2,59
V8RAAVMN4,虎フジ,EHGD5JJK1,限界夜行,980,1,11806,228070,7,7,3,4,5,4,2,3,35
Q06KI4W9V,おしゃプリ,5KK3DFY18,MUGEN∞,766,0,11808,227930,1,8,4,7,5,1,6,2,34
JNWEYTV4M,ペカトン,VAR94KPUT,日進月歩,490,0,11809,227840,2,1,1,1,10,1,1,2,19
R2UX2GBKC,SnailTAK,J80MEYHBC,Nymphaea,984,4,11810,227750,9,8,1,8,7,6,5,2,46
E72XJGJN1,不安养寺姬芽,976BY5JWK,ハルカカナタ,294,0,11811,227660,7,4,10,3,3,3,2,2,34
LPHMIH2TR,柊かがみ,DKNHY5HH6,なす料理研究会,1268,12,11812,227390,9,9,6,8,9,7,10,2,60
TRNTHR1XK,キャベニキ,J62DRC7J5,蓮ノ空好き好き会,1043,7,11812,227390,10,8,6,7,7,5,9,2,54
B4N03B4W7,学院生,8MU7JE7FD,ねそべり同好会,928,1,11814,227210,7,8,4,7,5,5,6,1,43
X2S7JG3MC,フク,LB0K3MHND,フラワー,1179,8,11815,227170,8,6,10,9,10,9,10,3,65
AGB1D4K4T,HMKW,MVRFVTGU6,無言&出入り自由,662,3,11816,227080,7,7,7,6,6,5,2,2,42
0RTVG3QHA,クリス,FMKLCT6CF,ドルケノート,1135,9,11817,226940,8,8,6,8,7,4,9,2,52
F5IPUHHZJ,マイオン,HB9AU9DJJ,聖心党,1034,0,11818,226720,6,7,2,6,6,4,8,2,41
CP96S842A,シューター,ABU58EVJ2,Quatuor,649,2,11819,226670,10,6,7,1,2,6,4,2,38
09NL67R52,らみくる,JRAC1HYUD,SPHS-MMT,640,0,11819,226670,9,7,9,10,9,9,9,6,68
4D6OJR5IU,いずみ,G8F0M2PH2,アフターウォール,974,0,11821,226499,6,7,6,8,4,4,5,2,42
38BWAH2P7,庵,A7WWE0463,蓮ノ空初心者部,353,0,11822,226450,2,5,4,1,2,2,1,3,20
FEPLPC3PE,ねこまんま,CJYYHVRP7,かんちゅけ親衛隊,683,0,11823,226400,5,1,1,2,1,1,2,2,15
TW9LAAUS2,ゆき,A9MA307FX,楽しいが一番,1054,3,11824,226180,7,5,6,6,6,6,9,2,47
PXGBT8B48,すずき,ENLEJM4NU,ミジん子,912,0,11825,226130,8,7,4,5,7,4,8,3,46
RKBGAHYLG,バーナ,BXC1T2HY2,初心者の集い,113,0,11826,225986,6,8,5,7,4,2,1,4,37
YU14K9SY5,高咲 侑,CJWR9P8LM,花帆さん愛でる会,590,2,11827,225860,7,5,4,1,2,1,1,2,23
MLS7D2AQO,水空 楓,6RF9XY3GD,さやか部,1040,2,11828,225820,6,8,4,6,5,4,8,2,43
DM9TCXT46,たる,XHJLF3R8H,ゆったりプレイ,257,0,11829,225680,3,5,6,5,6,2,2,3,32
2UF642BR9,若月画蛍,2JVBK752G,卍愛蓮説卍,119,0,11830,225473,9,8,8,9,7,7,2,2,52
3NREKDYDX,レイン,A7WWE0463,蓮ノ空初心者部,255,0,11831,225410,5,9,6,4,2,1,5,2,34
UYNWGWPBA,ぱんだ,XA0XD41CM,ぼっちぼっち,539,0,11832,225302,10,9,8,10,6,6,7,3,59
G7G2JPHB8,柳葉魚,26JDLMBLN,徒町は強く生きる,719,0,11833,225190,9,6,5,6,7,6,10,6,55
NTWM34RY6,四畳半,9DFV9UTW4,白ひげ海賊団,406,0,11833,225190,1,1,5,1,2,2,2,1,15
7YNWXNAUO,ゆう@村人,DFFYFJ2B6,つづさや好き過ぎ,611,2,11835,225050,1,1,2,1,2,1,1,2,11
75U220CHL,莉海,95TAREFPT,ご自由にどうぞ,127,0,11836,224920,1,4,4,3,3,1,2,2,20
6Z5JSSUIJ,RisingS,DF7FA982P,蓮ノ空百合部,481,0,11837,224830,1,1,1,2,3,1,2,2,13
FWJJOIE0V,KENMA,W189BP629,みんなのみかん畑,619,0,11838,224740,1,2,1,2,4,2,1,3,16
A4949THNK,キイナルナ,23YJ44XUE,あつまれ好好の森,521,2,11839,224618,1,4,1,1,6,1,3,2,19
DJD8KF1MX,はりねずみさん,CA8EXDT4K,とりあえずの組,691,0,11840,224420,6,5,2,5,7,1,7,1,34
WHF15GK74,kareido9,3A63DYH54,LLすこすこ部,487,0,11841,224330,3,1,1,2,2,1,1,1,12
AKCT68C3P,望月,KGY709ULG,蓮の花束,256,0,11842,224240,9,5,8,4,4,7,7,2,46
JV0Q0MNAG,Nem,J05PKV648,Hasucord,1032,1,11843,224150,5,5,5,8,6,5,4,1,39
58ZGCJ71P,フクロウ,8JMW9G2XW,僕らのリンクラ！,1098,7,11844,224110,10,8,7,10,7,6,10,7,65
XU0LAFY5G,ザキパン,8MDA3A0AK,イベント用,717,0,11845,223930,9,9,6,9,7,5,7,2,54
1X4FG9FM4,am,2AUM7L9BW,蓮初心者クラブ,522,0,11846,223880,1,4,1,2,2,1,10,2,23
M72NXHLCC,コルセットばばあ,4HCL7BG63,乙宗喫茶店,397,0,11847,223840,1,1,1,2,2,1,1,2,11
E65PB40CT,ぽんた,GBEJMUFWT,めぐちゃんズ(仮,851,2,11848,223592,9,1,2,10,2,9,2,2,37
NHF6C4MTJ,Fifi芸依,DMDVHGFUG,インドネシア仲間,518,0,11849,223520,1,1,1,1,2,1,1,1,9
69AMGCW2Y,まゆ,RKT7BC4F6,人形浄瑠璃乃,909,9,11850,223340,6,7,6,5,3,5,8,2,42
5UM0Q3UJB,嵯峨政風,RM7N1JDB5,無言推奨不干渉会,1001,0,11851,223300,7,7,5,7,4,4,8,3,45
A72F499W4,けん,M1DLCR0R8,花帆護サークル,143,0,11852,223030,10,8,8,10,2,4,10,3,55
W110IU4FT,あきと,TJCDFNMCX,無言サークル,708,0,11852,223030,3,1,1,7,1,2,2,3,20
394UFRXJ5,クママのプーさん,PNKCBFP4B,おばんです,448,0,11854,222940,1,4,1,7,2,4,1,2,22
3MFBR2NHN,能登,RKT7BC4F6,人形浄瑠璃乃,881,4,11855,222890,4,5,5,8,4,4,4,2,36
FTHR88PND,みーたん,HKETDDCK6,ぼっちざ蓮!!,1146,12,11856,222800,4,6,6,6,4,6,5,2,39
7131MJY1V,リカ,RGR1NVGWH,無言推奨・自由村,229,0,11857,222737,7,2,4,3,5,3,2,2,28
KTFHW339M,伏路火,JPKN1TAJ0,無課金プレイヤー,354,0,11858,222670,4,4,7,4,4,7,5,2,37
RVER3CPMK,かざみ,M4YY7PV0G,ブルーロータス,1026,2,11859,222620,10,10,6,6,6,4,5,2,49
NYZQF8FX2,ONASU,T56X6LP0L,光の海,1144,6,11860,222490,8,10,6,8,7,4,8,2,53
693RKZD65,CA03沼津,FTUJJ5KM9,無言◎私生活優先,1037,0,11861,222310,7,8,5,7,7,7,9,2,52
U1BCR79HJ,けーたん！,C68491XHB,みらくらぽーく！,542,0,11862,222130,6,7,8,8,7,5,5,2,48
JR9QEE7QH,ココのり,V7768X8AC,せーので！,1056,0,11863,221900,7,8,4,10,5,1,1,2,38
MVPT1MDBC,マボ,3UNLYR8RY,蓮ノ空ぼっち部,804,0,11864,221770,8,4,1,7,5,5,4,2,36
J3VEGIIRF,おーしまほ,VB9VUYC97,JIMOAI,1172,4,11865,221680,9,8,5,7,7,5,9,2,52
LH2EF68N6,のの天,8MDA3A0AK,イベント用,472,0,11866,221500,9,6,8,7,6,5,1,2,44
GZT8N1GE1,ヒカリ,BT3GEWM5L,ささやか村の集い,846,2,11867,221369,7,10,5,7,4,4,4,2,43
C71MGECBH,がぶがぶ,BWM63NDR4,蓮之空学园同好会,904,0,11867,221369,8,8,5,7,6,5,5,2,46
8LT9CCETA,フレイヤ,Y6KN85L5P,孤独の村人,281,0,11869,221360,4,5,3,3,4,3,4,2,28
KJSNTLS7Y,花沢あかり,DFFYFJ2B6,つづさや好き過ぎ,1063,5,11870,221230,7,8,1,4,7,7,8,2,44
WCHNAZFHU,sus303,EX5LY4JRC,ハス,1063,4,11870,221230,6,9,6,6,6,6,8,2,49
NAVKACBX7,けんや,A3X92L6YU,お試し用サークル,996,8,11872,221000,1,7,6,10,8,5,6,2,45
73X9LPWJP,oct08,RMT97FJ61,まったり　無言,965,1,11873,220910,1,5,1,1,7,1,1,2,19
YKSFDEXT5,jam,5VBB4F8N2,灰色ペンギン,1205,4,11874,220820,2,5,1,1,2,3,1,2,17
KBATJXZP0,いぬlv.2,VFEAYTXK6,Lv.2,938,0,11875,220510,8,6,2,5,5,6,9,3,44
MB43T0FMH,てら,X19MP0NTT,蓮之空河豚养殖場,695,2,11876,220460,2,9,4,10,2,1,9,2,39
MKTJ8C39L,くろ,HUH0DCF2L,銀河にねがいを,706,1,11877,220370,4,1,1,4,4,4,4,1,23
P4F206K3L,トウコ,T4WY63DB9,ういのま,1212,1,11878,220240,8,8,7,9,8,6,10,3,59
G5ML563GT,梦水梨子,Y337R7BW9,中国の蓮之空圈子,750,3,11879,220060,4,6,3,8,7,4,4,2,38
B2LT3FPNN,しおん,3FF3NB77X,せーはす愛好会,181,0,11880,220010,6,4,6,3,4,2,1,2,28
TTEYSYGPP,シズト,H837E0M9R,沙知先輩大好き部,1151,12,11881,220001,8,9,5,10,8,7,6,2,55
D5JN6V7R7,チェック,9U8KNU6U9,対抗戦用,746,1,11882,219970,2,1,5,2,4,2,2,2,20
V3GV7UAT8,totoro,YXKR0GGM4,蓮ノ空好き好き,562,1,11883,219740,1,3,1,3,4,1,1,1,15
AY2WC26P6,アッシュ,C2XLWUTL1,夕霧綴理親衛隊,666,8,11884,219560,6,4,1,2,2,3,1,2,21
WUO88KFAG,T-Uはっす,YM0B49N1J,楡井守護隊,1228,4,11885,219200,10,7,8,5,6,7,6,2,51
RRX8V2GGP,そぷるちゃん,CRYB2FJ64,つくよみくらぶ,908,2,11886,218980,9,6,3,5,2,2,4,2,33
1MAP45P84,tubaki,6BFC4G5YG,蓮ノ空足湯同好会,1089,7,11887,218930,9,7,1,5,5,5,9,2,43
B88J5YDRU,もんきぃ,D52G2F1HV,いな民リンクラ部,613,0,11888,218804,10,9,8,8,3,5,9,3,55
B5Y97YKXB,AI,CP5JE6KFV,コイコイクラブ,881,0,11889,218710,8,9,5,6,4,4,8,2,46
RK572M4KA,夢叶,998H940YN,お嬢様筋トレ部,839,2,11890,218570,4,1,1,2,2,1,1,1,13
40JFR39D8,けろけろ,0NLHKATWL,生きてるだけ偉い,679,0,11891,218390,10,8,5,7,5,5,9,2,51
0EFSL422D,龍樹,K2L5DCVNR,REAL,1047,3,11892,218350,7,9,3,8,6,4,5,3,45
VWB2U7538,ちるを,M206VENTF,蓮紺の会,762,0,11893,218170,8,5,6,6,6,7,9,2,49
98A02HG2A,しのた,2BB5YVRFL,蓮好き好きクラブ,1067,12,11893,218170,8,4,4,10,6,5,2,2,41
CV5C7HYGK,水瀬 侑,X8YD59KBX,16代目いぶき組,599,0,11895,218120,4,1,5,5,4,5,7,2,33
P04BTU3GE,TAKE,9N4F9P8DU,リンクラ部（仮）,1087,2,11896,217850,7,7,5,5,6,7,5,2,44
DX8MA70TT,ぺる,E12PR824F,ゆるっと蓮ノ空,1006,1,11897,217810,7,8,4,6,7,4,5,2,43
BPFT59PP7,かおす先生,J5CKL5YPX,ログイン勢かもん,837,0,11897,217810,6,8,5,7,7,7,9,2,51
0TL7LFT7E,NIEEL,UHJTHDTR4,KL,773,2,11899,217720,5,9,5,7,9,5,4,2,46
LUUOU9RZC,ケイト,DF7FA982P,蓮ノ空百合部,456,0,11900,217607,4,4,2,1,5,3,1,2,22
LCWCYXPL5,北堀江,JHTULVV5P,故に瑠璃乃推し,914,2,11901,217580,10,8,6,9,7,5,5,1,51
EBH243JX0,よしまる,M4YY7PV0G,ブルーロータス,1161,11,11902,217400,5,6,4,4,2,1,1,2,25
FA6YGATN9,Ryu,GPKTRBCTT,騎空団蓮ノ空支部,174,0,11903,217360,6,6,6,7,3,6,2,2,38
CRBW7JPTB,ウソテン,NT2KU5174,こずかほ。,1157,1,11904,217270,9,8,7,7,7,7,8,2,55
YCJL6H422,ララライブ♪,E8K438RP1,リンクラ初心者部,1101,10,11905,217180,8,8,7,9,7,8,9,4,60
L04WLT31W,マカロニG,7NTW9458F,料亭さやかほ処,1146,0,11906,217040,9,5,5,7,7,5,6,2,46
0GKXIIZ15,はむろす,NGMU0511T,無言のお茶会,957,0,11907,216950,7,8,5,6,6,4,7,2,45
BUT5EQ43T,あに丸,WE9N74D6D,あにまるサークル,1051,0,11908,216923,8,8,5,8,5,4,8,2,48
1B5ADLGE9,三輪88,LT9K2FP23,慈党リンクラ部,955,0,11909,216910,9,7,5,6,6,4,4,2,43
CGXXY0EB2,さや,HPTHY23VR,蓮ノ空文芸部,281,0,11910,216770,5,1,4,1,6,5,1,2,25
A5YF4XRBJ,いろは,F08AHUJJ0,綴理のお世話係,1021,11,11911,216680,7,7,4,6,6,5,8,2,45
AWHELL9W9,つむぎ,RDYH8B854,蓮ノ空広報部,349,0,11912,216590,6,6,4,1,1,1,2,2,23
QWE1JXJR9,もりも,DFXN9DB2H,どんぐり共和国,1332,0,11913,216410,7,5,7,5,5,5,7,2,43
DWUHMKA5M,ヨハネ,ATJY24T4B,俺の城,631,0,11914,216280,6,8,4,5,5,5,9,2,44
BW5UPHFE3,zen,E5JKTW00K,蓮ノ空まったり部,1184,8,11915,215870,4,5,1,4,5,4,9,1,33
DBWALHLET,ocean,XN2VEA6DN,無言,1082,0,11916,215830,6,7,5,7,6,6,7,1,45
UORSSSYXA,リッキー,YDLF300BV,GREEN,791,0,11916,215830,3,4,5,5,4,4,7,2,34
CT6A06GX5,Yuki,P4R4EHPK7,南十字星を望む島,965,1,11918,215780,9,8,5,10,7,8,8,2,57
BYBNN2GE3,レヴィアタン,1KDUBW4HB,めぐ党0番,1009,7,11919,215650,9,4,4,6,6,5,10,2,46
T70XNYR6W,柊,6NMAGYFJF,努力未来乙宗梢,791,0,11920,215560,7,4,6,5,7,5,7,2,43
N6GV7MNPV,あらまんたん②,A3X92L6YU,お試し用サークル,414,0,11921,215420,1,1,1,1,2,1,1,2,10
T4K8H4GDM,じん,M851LEV3N,なっす父兄,810,2,11922,215380,5,10,1,4,4,1,4,2,31
EFP65RR32,光輝。,GC3MH39TA,寝そ部,858,0,11923,215060,2,5,1,7,5,2,4,4,30
TTF6UVTM4,タナユウ,VHNV134CV,個人,669,1,11924,214930,7,4,5,7,6,4,8,2,43
0HRNHGCSA,ソン,H0DV3JJGA,かほさやてぇてぇ,934,6,11925,214880,4,2,4,1,4,1,1,2,19
3RUEWR4BC,BiBiット,CVAYC232Y,LL同好会,923,2,11925,214880,8,1,1,3,5,9,8,2,37
KVD6ET04W,ヤズナ,BT3GEWM5L,ささやか村の集い,989,2,11927,214871,10,6,3,6,6,1,5,1,38
JOGV31U92,はみゅ,YAY2UK2CT,蓮の空研究部,698,2,11928,214700,1,1,5,7,3,1,1,2,21
7AFHYDHTB,きぬはた,RGR1NVGWH,無言推奨・自由村,606,2,11929,214529,1,3,2,2,3,3,1,2,17
IMNFTEZKA,ライ,V1NWJLRYR,蓮ノ空連合,1096,7,11930,214340,10,9,7,7,7,5,8,2,55
J7YF18YE1,シュン,G89DFNRD4,シュンのサークル,842,2,11931,214300,9,7,5,7,6,6,7,2,49
MRMU86CD8,べっち,H1G4CDT6C,無言自由,362,0,11932,214016,1,1,1,2,2,1,1,2,11
KLDEJM0C8,いるか,R09FX9JHJ,くるくるさーくる,132,0,11933,213980,4,6,5,4,3,3,3,3,31
21VNYBYAS,コウリュウ,F2M746D4B,頑張らないクラブ,1107,1,11934,213760,8,9,6,8,3,5,8,2,49
FQZHFE11M,ショウジ,WDK6AXBEW,仲良しクラブ,712,1,11935,213670,6,5,4,1,1,3,5,2,27
MHGYNN9UE,I,7D5TKBG45,リ!リ!リ！,275,0,11936,213620,2,1,3,1,3,2,1,2,15
Q9BWZUQJY,久瀬大作,WG683AWU6,東城会直系堂島組,272,0,11937,213530,2,1,1,1,1,1,1,1,9
3R8443YPM,ふじしろ,V3FAH8CM4,初心者の会,599,2,11938,213490,5,3,3,6,5,4,5,2,33
FXC2CWATE,桜乱発,LHXNEF3D5,まるまるサークル,470,0,11939,213350,8,2,8,4,6,5,6,4,43
9RUN4V9YR,ぽい,FK8EUX6V3,ゆったり蓮ノ空部,637,2,11939,213350,5,5,4,5,6,4,7,2,38
K1TW98366,ぴた,424NLTEE8,無言な異次元部屋,1034,0,11941,213310,8,7,4,9,2,6,6,2,44
US69JOIN4,RayWow's,VNEY6C9BE,スリーマーメイド,615,2,11942,213220,5,4,1,2,2,1,1,2,18
4ABYKW6WA,涼涼,J83JWJ028,大ㄇㄚˊ露營區,745,1,11943,213130,7,9,7,10,4,2,5,2,46
K3P693XD7,ゆうか,V3FAH8CM4,初心者の会,116,0,11943,213130,8,8,6,5,5,5,4,2,43
NBHIV047V,ライラエル,K3LMN5JHH,金沢カレーの皿,1044,4,11945,213040,6,6,4,5,6,4,4,1,36
XBNLTC8FN,結城みるく,NMRKHYYRM,ご自由にどうぞ,814,0,11946,212900,4,2,1,4,7,1,4,2,25
PX449N4TE,catford,4NFMU2WME,好きだかんな？,975,5,11947,212860,7,8,5,8,8,5,9,2,52
K8NVUD75C,美味しいよ。,8MJR5987G,なるほどねぃ。,77,0,11948,212819,9,5,6,8,5,2,2,1,38
WJVBUFTYP,かど,RAP9FVR3B,あばうといち,372,0,11949,212810,1,1,1,1,2,2,1,2,11
E0PTNNJ6R,明るい学院生,6HXC3AG29,個人用,251,0,11950,212770,4,5,1,7,4,4,4,2,31
7DWPR4HOS,しらす（ねこ）,K4TAHF9YA,はすっこ準備室,1406,5,11951,212477,9,7,6,4,6,1,8,2,43
AG4JNCMAP,かみき,EYEPHE14G,花上梢頭,105,0,11952,212410,7,7,6,5,3,6,5,2,41
Y9888FG49,くうきの,ABU58EVJ2,Quatuor,694,1,11953,212360,5,5,5,1,2,6,3,2,29
G22TPKYPD,とみ,XYRA2MND0,蓮ノ空ゆっくり,377,3,11954,212320,1,3,7,4,3,3,2,2,25
BA9LTEREH,ルド,3YWMY4JVN,82プロ,484,2,11955,212180,5,1,1,1,2,1,3,2,16
0LVHCR675,あらし,H1G4CDT6C,無言自由,327,0,11956,212090,9,6,2,1,3,3,1,2,27
G2F41LJI9,eisen,TM19BMU7C,ソロプレイヤーズ,1249,7,11957,211910,8,7,7,7,7,7,9,2,54
VCW33KG2D,gooty,WJ7GF9WVV,愛と想いやり,830,2,11958,211780,7,9,6,7,6,4,8,2,49
90AB8XN31,ゆう,6JFCA000E,ひとりぼっち,283,0,11959,211510,4,2,4,4,1,1,2,2,20
068NE88C8,アムリタ,AGJ215YND,蓮の空中國分校,775,0,11960,211460,6,6,5,5,4,4,5,3,38
LJMKDTC5Z,エトセトラ,5R0HJNPAL,わ,279,0,11961,211280,4,3,3,2,1,4,2,2,21
29MFNX8JE,ひざっち,7WUYE3E7M,にゃんにゃん,524,1,11962,211150,2,1,4,2,3,2,2,2,18
3NJE9DW7J,IMU,GK7JNB0NW,参加賞取り隊,1386,3,11963,210920,7,9,7,8,7,7,9,3,57
5XZ5X96HN,セナルアックス,YVFP54NA2,無言OK！,940,0,11964,210830,1,4,7,7,6,4,5,2,36
NBSRNBJIF,ギルバート,HXVYGL96H,初々しい対抗戦,408,0,11965,210740,2,1,2,4,6,4,2,2,23
VRRQM2K8Z,Giahels,FVJFA973A,月猫愛好会,392,0,11966,210610,8,8,5,2,6,8,5,2,44
3CBKGU1KY,水しぶきのサイン,A9RUWWJD3,中足キャンセル,266,1,11967,210470,10,10,10,10,7,10,1,2,60
Z0FD9KZQ6,摩理,JULNW7X13,ロータス,438,0,11968,210290,3,3,5,1,1,3,1,2,19
VLNJH2SZK,ユウゴ,G2B2TC3PK,iLiFE!,1045,2,11969,210254,8,7,1,9,7,5,2,2,41
KXRAHU18W,Risa,X2U3T52MF,ONE,963,1,11970,210250,5,8,1,6,5,1,8,2,36
4D9426M1N,あちぼー,AVY8PECF0,初心者の集い,368,0,11971,210110,5,6,5,2,5,1,3,2,29
6O1A2UJ1F,ぷーれ,NFMEGRJ45,社畜無言サークル,1048,3,11972,209840,7,6,4,6,7,4,7,2,43
92MGNJDMM,アイズ,9JG01D3T2,京大百合文研,1021,11,11973,209660,10,10,7,6,8,10,10,7,68
KJBKR1TYM,レイヴン,VXDPPJJL1,蓮ノ空リボ課金部,953,4,11974,209570,4,5,4,4,4,4,1,3,29
343BT0WUC,龍牙七夜,KC1W74B9B,蓮六園,958,4,11975,209530,9,8,5,8,5,5,7,4,51
PSBAJARY9,puramu,W3UUXHMDV,水彩ブーケ,768,2,11976,209350,9,6,5,10,3,2,2,3,40
SSRC08SHV,ラムキュー,C8A9CTB34,蓮ノ空山岡家部,583,0,11977,209210,5,4,6,9,4,1,2,2,33
PR26MDUWL,あかつき,AVX749PPB,姫芽ちゃん親衛隊,401,0,11978,209080,7,1,5,4,7,9,5,2,40
13N9DN9P2,マコト,67F1KB00K,さやか推し♪,370,0,11979,209030,5,5,1,4,3,3,1,2,24
9U0KF0VVT,はる,L3NN1RWMY,アポロベイ海賊団,364,0,11980,208990,2,3,2,3,2,3,2,2,19
JBWPF5C3A,けー,5JA9K5FAK,オタサーの姫芽,752,0,11981,208886,2,2,2,1,3,2,1,1,14
P01PRE98T,椅子,NL1MPRG05,とりあえず,564,0,11982,208810,4,2,2,3,2,1,1,2,17
7RBVE21V6,南越,4BU2PJLC1,Sky,335,0,11983,208760,9,8,6,9,9,7,10,2,60
0GY7J9K7G,T.Hoshi,YJ21JXMXM,日本酒好好倶楽部,212,0,11984,208715,3,2,4,4,2,2,1,2,20
B7PO6EQPD,eye,9YM3DBTB7,泥民館,895,0,11985,208450,4,2,1,3,3,2,2,1,18
XBMUKPW0D,顔長マン,8UJNTV5BX,のんびりと部,1140,7,11986,208400,7,7,2,7,6,5,4,2,40
XTAM81WH5,ぽりん,865UE9UC6,蓮ノ空うどん部,1240,1,11987,208310,8,9,10,6,9,5,6,3,56
HXGKLRK1C,みどりはし,FR5PDRB5Y,株式会社つづさや,355,0,11988,207950,2,5,2,3,5,2,2,2,23
168SPSCGQ,しるふぁ,CTW8DKV5P,まったり,1352,17,11988,207950,10,8,10,10,7,8,10,8,71
W8ALKY4HF,56(ごろー),58EPXVKXX,金沢総合車両所,412,1,11990,207860,2,4,2,4,2,1,1,1,17
W7064W4P9,オリガ,J5FJNX88N,無言,290,0,11990,207860,1,1,1,2,2,1,1,1,10
2HLD0LKX4,リリベル,T4WY63DB9,ういのま,843,1,11992,207820,7,1,4,4,2,4,4,2,28
AWJFX5TDT,カラ松,6BFC4G5YG,蓮ノ空足湯同好会,1187,7,11993,207590,5,9,6,6,7,6,9,2,50
MREVD4RFN,mame,D7UA5ER1E,UR報酬欲しい！,856,4,11994,207518,6,6,7,4,6,7,9,2,47
4XGGW7GDT,たい焼き,V7768X8AC,せーので！,1240,12,11995,207460,8,5,6,7,7,7,8,2,50
FCU9B4LR7,かずちゃん,U57VPUTEE,ゆったりクラブ,317,0,11996,207410,8,7,6,5,5,4,2,2,39
3PXZ6F356,753,WNA5GTJPP,蓮ノ空百合クラブ,1200,6,11996,207410,9,8,4,9,7,8,8,2,55
UANJC6WED,初心者,9N4F9P8DU,リンクラ部（仮）,931,4,11998,207190,4,9,5,2,4,4,1,2,31
YK28JWSSA,GAWA,3878B3HBK,ナゴラバ,779,2,11999,207140,6,6,4,5,4,1,7,2,35
6Z0TKPDFR,ぬりえ,XTMGPY62U,スクステ初心者,874,7,12000,207005,2,9,7,6,3,3,1,2,33
T2PLYHTC2,まいたけそば,JHTULVV5P,故に瑠璃乃推し,988,6,12001,206690,9,7,8,7,9,6,6,2,54
YYRK4YCFY,lk,8WLP65L1B,ぼっち蓮ノ空,133,0,12002,206560,7,7,7,6,6,5,6,3,47
5QQTCKBJF,にここと,VXF8P7NDC,どんぐり。,911,0,12002,206560,9,8,5,8,7,5,8,2,52
GLWY6MYPK,ソウルミルク,5JJKPNN2W,めぐ党韓国支部,823,0,12004,206492,9,7,1,9,4,4,4,2,40
WA5CLAY91,やなな,H1G4CDT6C,無言自由,986,5,12005,206020,10,8,5,6,3,6,10,3,51
DUN1XBNCC,しな,PN4VA24XF,みーかるぱーく！,1058,1,12006,205930,7,7,2,6,6,4,10,2,44
4BPA9KX0R,大和ゆき,F08AHUJJ0,綴理のお世話係,1168,2,12007,205880,9,8,6,7,7,6,7,2,52
GP00YRURL,ユネ,1U4JN5CXB,LLユーカー部!,218,0,12008,205700,4,1,5,2,3,1,1,2,19
C8HHG1EBG,ちひろ,E58FYF67C,ロータスランド,350,0,12009,205660,9,7,6,8,6,4,7,2,49
HX9P0WF4V,かんちゃん,BJU442K20,梢センパイが好き,513,0,12010,205390,9,9,7,7,5,5,8,7,57
B69P0LDFO,木になる転入生,2KJ2UEC3P,ういちゅけクラブ,1007,5,12011,205340,8,6,2,10,6,5,8,2,47
QF4QKOFVG,からすまめんたい,8PY7U19C9,き,270,0,12012,205300,2,3,1,1,1,2,1,2,13
C4AYR717M,ORCA,LT9K2FP23,慈党リンクラ部,386,2,12013,205295,1,2,3,2,2,1,2,2,15
0R7KFWRF1,あこ,A56X45M2C,どんばる同盟,938,0,12014,205250,8,5,4,4,5,1,9,1,37
U0VNG6G9J,月岡杏奈,TX85TKW7A,蓮ノ空女子部,915,4,12015,205210,8,6,7,9,6,5,1,3,45
DVHVDYSTS,ミヤモン,X8YD59KBX,16代目いぶき組,824,3,12016,205160,5,4,8,6,4,1,2,2,32
MUP6TWMK1,カプチーノ,YK0X6N2HN,無言OK出入自由,682,1,12017,205030,5,1,1,6,2,1,5,3,24
V7R4CP2HB,優音,Y7B10LDE8,蓮の日常,962,13,12018,204850,3,4,9,8,4,5,7,2,42
VVDCT8UJP,乙泉璃埜しぃネ,AJRNP2E93,北陸製菓ビーバー,896,2,12019,204800,8,8,8,5,5,5,6,4,49
WW5PF16JE,麦茶,NRK4MV1C1,茅バール,338,0,12020,204620,1,2,1,3,3,1,3,2,16
2WK9W6VCU,SERENO,28XJ8NK4L,蓮ノ空まったり部,1367,10,12021,204611,7,9,7,6,7,6,10,2,54
329PR36H7,れんこ,5YXVKDEKV,サークル(仮),341,0,12022,204530,3,1,1,1,2,1,2,2,13
WWM8DECCU,もろうみ,NW3GK4CAD,ウイスキー,872,0,12023,204440,5,7,4,8,5,5,1,2,37
702KAENDD,トシマ,G6EH0KHT7,なんもわからん,927,2,12024,204350,10,8,7,7,8,5,8,2,55
J8E10340B,yaya,4FN0KWB4G,無言参加大歓迎！,254,0,12025,204260,2,1,2,1,3,3,10,2,24
71C00LK71,カズマ,E76N52LMW,イベントのみ,904,1,12026,203950,10,6,6,8,6,7,8,2,53
5UL2FDW2T,その先に待つ,MWGW9CDWL,にんじん畑,251,0,12027,203810,4,1,1,5,1,1,2,2,17
VHTNXKHGK,オタイ,X976NB85T,ゆったり同好会,767,3,12028,203770,4,5,10,8,4,9,6,6,52
RY6XXHMED,涼宮,7NJM1VURM,らんるん部。,179,0,12029,203680,3,3,4,1,4,1,1,2,19
WJ3KDYE48,こうにゃん,F53AELUNC,ソロっと倶楽部,864,3,12030,203540,1,8,1,7,5,1,2,2,27
U90LFLBER,しょう,HXVYGL96H,初々しい対抗戦,261,0,12031,203090,10,10,8,10,7,7,7,2,61
WKG711TEC,ツバサ,HK0E91U71,放課後写真部,804,2,12032,202910,2,1,3,3,2,1,1,3,16
HV71V918P,そばかす,YBEGLUD1U,団子より花宮,653,0,12033,202730,8,9,7,1,4,2,4,4,39
Y69GMWYTR,yuke,PMME7169X,蓮っ子動物園,759,0,12033,202730,7,7,4,5,5,4,8,1,41
9UHH675CC,ななぴょん,RM7N1JDB5,無言推奨不干渉会,1449,5,12035,202640,1,1,9,9,2,9,1,2,34
A2P7ABC4Y,アサティス,XLBU65J86,花の壁飾りクラブ,981,2,12036,202559,7,1,4,7,6,4,8,2,39
2VNI0ZA5X,はなよーそろー,712BAU037,じゃんけん同好会,783,0,12037,202550,6,4,2,5,4,4,4,2,31
5ACJJCCWO,Morpheus,PHMJLJY5E,ラブライブ愛好家,721,2,12038,202510,8,7,10,2,2,2,1,2,34
CJUYCHTRG,白ホイ,M4D0VP1XT,蓮ノ空痛車部,736,0,12039,201970,7,6,6,8,4,4,4,3,42
X71A9KRYB,きりたんぽ,X87KNX4N3,蓮ノ流星群,886,1,12040,201920,8,8,5,8,7,5,8,2,51
KWHHL1989,Yuichi,U57VPUTEE,ゆったりクラブ,876,4,12041,201650,1,2,1,4,2,1,3,3,17
1PBK68C1T,マジヤバ蓮,E58EXVMJU,ボクがんばる。,892,0,12042,201470,8,8,5,7,7,5,8,2,50
OYY0SF617,Good541,GXJJKUPAB,gg,1111,2,12043,201362,10,9,5,5,4,7,6,2,48
V8RH3VYJJ,つばさ,8MTLYLH9F,木星月華黄金宮,429,0,12044,201250,7,7,6,7,6,5,8,1,47
34FNFJJBT,スメラギ,3194B9E93,初心者寄り合い所,371,0,12045,201200,1,1,1,1,2,1,2,1,10
KKKU8X9S5,ふわなー,T9LWWNWY2,とび爆ぜっ,772,1,12046,201191,7,8,8,6,7,4,7,2,49
MMH3WRWEV,あす,E49YWK5YC,酢蓮根,615,0,12047,200840,1,4,5,1,3,1,1,2,18
PL5UVV4LA,モモ,AVY8PECF0,初心者の集い,1198,14,12047,200840,8,5,7,7,7,1,9,2,46
C92UUXPB4,シュウヤ,ATB27G5P2,おこめ茶寮,988,1,12049,200660,9,2,5,10,6,5,6,2,45
X6JTXM9C7,小川小雪,73VTANA71,隨緣努力^▽^,213,0,12050,200620,10,9,6,8,5,4,4,2,48
80HAG7MEK,ユート,UX96YX4T1,『位置について』,503,3,12050,200620,2,1,3,1,2,2,2,2,15
GFCU82O67,まつと,JWUL2T36L,チーム初心者,644,0,12052,200530,5,1,4,8,4,4,6,2,34
KV964WF3G,カミノミカ,J7V3NXF0C,GADリンクラ店,987,3,12053,200480,7,5,4,6,5,5,1,2,35
VVI7PT8LF,najyo,RWDWD9PP6,乙宗家の屋敷妖精,1075,0,12054,200165,9,8,5,8,7,5,6,2,50
RYYTIHEHG,ヒカリ,7P4CAER9X,まったり倶楽部！,1111,2,12055,200080,7,6,7,5,8,7,10,3,53
JJ7NK33L2,迷矢之澤,DHKUGEWBJ,めぐ党虹ヶ咲支部,944,0,12056,199994,9,5,4,7,8,7,4,2,46
0BU6EEMD9,みっちぇ,A457YXJ5R,個人用,1045,0,12057,199990,7,7,5,8,5,5,8,3,48
HT5HF7V16,しゅわっち,XURY539UN,筑波大ラ研,460,0,12058,199760,3,3,5,2,2,2,3,1,21
LW110WWY2,AI,CP5JE6KFV,コイコイクラブ,857,0,12059,199540,7,7,5,4,4,4,7,2,40
D23JRKA03,u.c.c,C0PGP6F0P,歌唱？舞踏？,1027,4,12060,199220,8,8,4,7,7,8,4,2,48
477P1WCXV,海曜雫香,XXMU9WLKB,梢の機械さん,1019,3,12061,199130,4,5,5,8,9,5,5,2,43
C5J6E6G2D,Tarosa,6UAFKBRPN,リンクラ初心者部,702,0,12062,199090,7,1,1,7,5,4,10,2,37
OJ60E1AKL,かな,A9MA307FX,楽しいが一番,1054,2,12063,198820,7,9,4,7,5,1,7,2,42
U81KUIG99,はつかわたん,B8J78ELKV,はすはす,684,0,12064,198640,5,4,6,6,4,5,4,2,36
B8G1VBEK9,O,7D5TKBG45,リ!リ!リ！,267,0,12065,198500,2,3,3,2,2,3,2,2,19
PER4R0346,ETO,T03T2W3UX,N.K@,1114,3,12066,198455,7,7,6,4,4,2,9,3,42
EXDC1JJ56,イノゴマ,GLP0WPDRM,イベント用の泥,585,0,12066,198455,10,8,8,8,6,6,5,5,56
12E88DG34,クヌギ,UJKBB2FCD,にするか,422,0,12068,198410,1,4,2,1,4,1,1,1,15
68W5228U1,みらな,6N3F238R0,イベント参加用,1020,2,12068,198410,4,7,5,5,7,4,9,2,43
BTJLKT1X6,crystal,3FF3NB77X,せーはす愛好会,994,6,12070,198320,8,8,7,6,9,5,10,2,55
OMM64SGJ1,えぬえぬ,PUJ0ERCMW,蓮ノ空倶楽部,1069,2,12071,198100,4,4,7,7,4,7,8,2,43
R6K3M1T0T,けん,TX92H9GBV,アフターが見たい,613,0,12072,198010,5,9,5,7,2,1,2,2,33
7XKE337ZM,Emori,9C2FC74H2,overseas,828,0,12073,197920,4,8,5,5,4,1,5,2,34
MFUS0Q0MP,しゅう,AND13836G,乙宗梢親衛隊,844,2,12074,197870,10,6,5,6,5,5,7,2,46
63PLPAA9E,メルヘン村,M5P5T4TX3,のんびりリンクラ,412,0,12075,197830,5,1,1,4,4,1,4,2,22
4UCVK93C6,ゆーちょ,54JWUD9X0,異次元からの者,1172,19,12076,197690,10,10,10,10,10,10,10,10,80
0S34QCI1C,なな,XHJLF3R8H,ゆったりプレイ,758,0,12077,197110,9,8,4,6,6,4,7,2,46
A2ATAV8J7,はるき,X87KNX4N3,蓮ノ流星群,620,0,12077,197110,7,6,8,6,4,6,6,3,46
VTMNFLPE6,Keica’,K25DPPGT9,圧倒的にまったり,990,4,12079,196970,8,8,4,4,6,5,5,2,42
2MUDYY502,MION,XJ9EVXAMH,∑ー〇Z,879,0,12080,196880,6,6,6,4,7,4,8,2,43
7XXI1GT00,エルメル・マータ,8BAYBXUXC,スリブ大好き♪,978,0,12081,196750,4,4,4,4,6,4,7,2,35
AKL61WP94,Enter,GGK2P93JK,きゃらめる,500,0,12082,196520,1,1,1,3,4,1,1,3,15
B8VN57XWW,スピカ,4HCL7BG63,乙宗喫茶店,1080,2,12083,196340,6,4,7,7,6,5,8,2,45
77THF1YDD,LC,AB6C365W6,蓮,512,0,12084,196300,6,4,4,4,5,1,1,2,27
XMVF8PW99,Mike,DJC4WJXGV,無言出入り自由,182,0,12084,196300,10,8,7,9,5,2,1,3,45
Y5P48ADWP,フラワーだいふく,73VTANA71,隨緣努力^▽^,521,0,12086,195548,10,5,5,10,6,6,6,5,53
7BWGMYGUV,ペポ,08DDCV5JN,黒ねこのしっぽ,524,0,12087,195350,10,9,9,10,7,9,8,5,67
5TV4AF42T,おがわん,Y2R7E79U3,カワウソ同好会,1220,15,12088,195206,6,8,4,4,3,5,2,2,34
HDYDNETE0,モルス359,580WTT2T8,乙宗梢推し隊,524,0,12089,195130,1,4,1,4,1,2,2,2,17
E4AXM7J98,さしみ,D7UA5ER1E,UR報酬欲しい！,116,0,12090,195080,3,2,1,4,4,1,2,2,19
0LJMNN107,たっち,R9NGK6L48,のんびりサークル,208,0,12091,194770,1,1,1,1,2,1,1,2,10
1OMCJE5KB,ウォータ,X77KULPCG,鼓門(仮),860,3,12092,194680,6,4,5,9,4,4,4,2,38
5EE77AKD7,ライバーオルタ,YJ21JXMXM,日本酒好好倶楽部,518,0,12093,194590,1,1,1,1,1,1,5,2,13
5YKECRX93,カノカマ,8MDA3A0AK,イベント用,684,0,12094,194360,8,8,4,8,9,5,5,2,49
DLBNW81DN,はく,06DCWC1RE,とりあえず参戦用,674,1,12095,194180,6,6,4,8,4,5,7,9,49
05FT610WD,とーの,NK05UMLWW,かけ込み寺クラブ,903,4,12096,194090,9,8,6,7,7,9,7,6,59
C84J6608J,しゃも,8CEWMFEHX,ねるねるねるね,906,0,12097,194009,4,1,4,5,6,5,4,2,31
T0CBXXVCU,そら,5YEE75CB4,ロビーで待ってる,324,0,12098,193820,1,1,3,1,4,1,3,2,16
BM91YVWTA,はる,CPWFKH8JM,私の部屋,448,0,12099,193690,2,7,1,4,1,2,1,3,21
8N1F367KY,ICOCA,U2A1TUTVH,個人用,1593,8,12100,193496,10,9,8,10,6,7,2,2,54
A2MMHXU65,ゲンダイ,R7VEXFUBP,蓮ノ空応援クラブ,643,0,12101,193330,1,1,1,1,2,1,1,2,10
HDN7W7AUI,リム,R7VEXFUBP,蓮ノ空応援クラブ,341,0,12102,193280,1,1,1,1,2,1,1,2,10
F3NN76HTC,初心者,L7HH7E0XR,フラワースパーク,228,0,12103,193154,1,1,1,1,1,1,1,1,8
YWF9O0CBF,Reed,YAD92UYGC,蓮ノ空を信じろ,555,0,12104,193100,4,2,2,1,5,4,1,2,21
N0B1JRJR7,かいわれ,NK05UMLWW,かけ込み寺クラブ,378,0,12105,192920,3,2,3,2,3,1,1,2,17
8JRYK4NPV,雪乃,FD24TD6C5,泥人,325,0,12105,192920,2,2,1,3,2,1,2,3,16
3ZJILZJ05,ほしみびと,1UGGUYD5K,孤独の要塞,1239,1,12107,192830,8,9,4,8,7,5,10,4,55
NM17RHPAC,やすお,E49YWK5YC,酢蓮根,564,1,12108,192740,1,1,6,1,2,1,1,4,17
Z4UEVYG6Z,ビーナス,6D49YVAT7,ユニット愛で隊,1331,12,12109,192560,9,8,4,10,8,8,10,2,59
BY6P1M2KK,ペイキー,R9T0YKDW8,かちまち応援隊,717,3,12110,192470,5,1,4,6,7,1,1,3,28
UY4X90Y96,にゃんこ,VNEY6C9BE,スリーマーメイド,835,4,12111,192430,5,6,2,8,8,7,4,2,42
WJT9HUGAB,ムサシ,97BGFLKW9,◯◯◯,188,0,12112,192380,1,1,1,2,2,1,1,2,11
7AEEL8RB9,kozuchan,CM5THHYHB,「」ノ空だけれど,1321,4,12113,192290,8,7,6,6,8,4,8,2,49
V3FPWA1GD,えくしあ,C52VR77BJ,イベント参加用,286,0,12114,192128,8,9,5,4,3,5,5,2,41
0V0RSB6Z9,Lar＊5,02EWRECB1,蓮みん,919,6,12115,192110,1,1,3,3,1,1,1,1,12
M4VEMW5X5,いせみ,2UKNVBMBU,梢ちゃん同好会,964,2,12116,192070,5,4,6,7,5,1,6,2,36
TGJIYSF37,トリス,XXMU9WLKB,梢の機械さん,1071,0,12117,192020,8,5,4,7,6,6,9,3,48
TT51JMDN8,あいか,9YG7C0VM7,綴理と無言で昼寝,1077,5,12118,191980,4,8,5,7,6,5,7,2,44
FF9CPCCP5,五十鈴,DKPMRA0TA,蓮ノ空奉仕部,595,0,12118,191980,8,8,1,6,2,7,6,2,40
TG4FNTABV,えむむ,4EEENDTTW,みらくるすぱーく,997,3,12120,191890,1,4,4,4,4,4,2,3,26
FD71Y91DW,こっぺ,YD2XWWFA4,蓮好き好きクラブ,1064,3,12121,191840,7,7,4,8,7,5,9,2,49
V90744WXH,リーティア,J5CKL5YPX,ログイン勢かもん,627,2,12122,191615,10,7,10,10,8,8,7,7,67
KFH3JUUBA,りんたろう,C68491XHB,みらくらぽーく！,119,0,12123,191444,4,1,3,1,5,2,1,1,18
GH4CF0TV2,やむ,J0N1E3Y09,月火水木金土日,943,3,12124,191440,6,6,3,8,3,5,5,2,38
VVB4G56TR,NPカレー,8FR866PRY,蓮っ子みらくラブ,1114,1,12125,191390,6,5,10,7,6,7,5,2,48
4OQIZK11Y,走れ！ぼっこみ,1AK9VTG3W,ドルケスキスキ部,955,2,12126,191300,8,7,6,9,10,5,6,3,54
QL5MJUHV7,TakaK,YDYH4VRRP,レンクウ,1072,4,12127,191030,2,4,1,7,4,7,9,1,35
EFURYL9DY,大聪,4RATY4E84,DC大好きクラブ,315,0,12128,190760,2,2,1,3,3,1,1,2,15
HG48BVEE1,梅の炭酸水,LWN3AC15T,おひるねこ,467,0,12128,190760,5,4,4,1,1,1,2,2,20
P3J78U4ME,落庵　立喜,8UEW49L49,車練の止まり木,389,0,12130,190670,10,9,9,10,7,9,8,5,67
GHKH9PXP2,アガト,GW4CH70HK,TKG同好会,645,0,12131,190630,1,1,1,1,2,4,7,1,18
A48YYCUGU,エヴィス,VK5AU7U2U,蓮アフタークラブ,545,0,12132,190589,6,1,7,6,6,7,6,2,41
FK1VFXFRR,DD3,TK9E1BB1P,無言で自由,397,0,12133,190580,3,8,7,4,4,1,5,3,35
1NVTY7YWV,A8,VD7N7A4WH,氷青色,461,0,12134,190270,4,5,6,3,4,3,1,2,28
MM886N98A,やぶねこ,U8GLCJVJP,コミュ障用誰でも,849,0,12135,190220,3,5,1,4,4,7,4,2,30
75XENY63U,楓,N1DJVPGP8,いつでも咲けるよ,362,0,12136,189910,7,10,5,7,7,2,1,5,44
6YDR246UM,ナメコ21,4RNUXBXGL,みらぱ最推し,376,0,12137,189860,4,8,4,5,3,6,2,2,34
PR8YYH07L,ラビハ,XYRA2MND0,蓮ノ空ゆっくり,412,0,12138,189680,7,6,7,10,6,7,1,1,45
SUXOJU5JW,toto505,VY26V3P0K,AltF4され隊,415,0,12139,189550,1,1,2,1,2,1,2,2,12
N6N8Y6157,みずえり,5YXVKDEKV,サークル(仮),945,3,12140,189500,7,7,2,10,7,4,3,2,42
2V7CMXM56,DKA,C4AY3GDRE,北上山岳会,877,0,12141,189460,6,2,2,5,5,2,7,2,31
TAHW3OVC8,ゆたか,8ARWEB67F,蓮ノ空れぎゃ米部,1026,0,12142,189230,7,5,1,4,6,7,10,2,42
919DXE158,築山 神楽,K8C99H42D,ルリと喜ド！愛楽,1168,7,12143,189050,8,6,5,7,6,4,4,1,41
GYA736YAD,シロリ,XJHATLDVB,さやかほ観測所,884,6,12143,189050,7,2,2,3,2,3,1,2,22
OO170SLM3,ユッキー,1UXTTMAUA,寝そべりクラブ,1105,2,12145,188960,5,8,4,5,7,5,10,2,46
PHV0X1497,rurisuki,6UAFKBRPN,リンクラ初心者部,389,0,12146,188920,6,4,7,7,6,5,6,2,43
IOZJWUS9M,HOLY,HKETDDCK6,ぼっちざ蓮!!,1151,5,12146,188920,5,1,4,10,6,1,1,2,30
6M8PJF56U,ミスティ,CTVU0JVDP,蓮ノ空エレガンス,465,0,12148,188690,1,1,2,1,1,1,1,2,10
GW52Z7SAD,ナナ,0B8RTHY4D,のんびり屋さん,427,0,12149,188510,1,1,1,1,4,1,1,2,12
UD2WKFVPP,びぃる,N94LEWF2D,無言よわよわの会,99,0,12150,188470,7,9,7,7,2,5,4,2,43
TKJAKCVT8,エフェメロン,0FMM30LCA,無言,302,0,12150,188470,9,6,4,1,6,1,4,3,34
E2YP7U0EY,かわい,3RH5MYBXV,こずめぐ党,712,2,12152,188420,6,5,7,5,6,1,1,3,34
VE7FPXMXL,アキラ,F90XW14UP,のんびりプレイ,551,2,12152,188420,4,10,6,5,6,2,3,4,40
SYMHEQQTH,むらた,KA1249N3H,沼津倶楽部,1012,2,12154,188380,9,7,6,8,7,4,9,2,52
DI7ORP7SD,タカイン,E8K438RP1,リンクラ初心者部,1000,1,12154,188380,6,8,6,8,6,4,7,2,47
FWTKK3ATU,ヨウスク,HBD61R6WC,梢先輩すきすき部,957,0,12156,188110,7,8,2,4,6,5,8,2,42
299PHAEML,rail,E12PR824F,ゆるっと蓮ノ空,220,0,12157,188024,9,3,7,4,3,5,1,2,34
CALLO8ZXL,やまんぼ,3BE2RELRC,見晴台,756,2,12158,187970,5,2,4,2,5,3,4,3,28
4TA9JYY20,とこつみ,3RH5MYBXV,こずめぐ党,92,0,12159,187930,6,8,7,3,4,4,6,1,39
HHPMABN6I,seth,RM7N1JDB5,無言推奨不干渉会,484,0,12160,187880,1,1,1,2,3,1,1,2,12
HUP0N9DT5,なかはま,TM19BMU7C,ソロプレイヤーズ,1068,7,12161,187790,6,8,6,7,4,5,4,2,42
QKDV7NJVW,まとい,C2XLWUTL1,夕霧綴理親衛隊,849,4,12162,187750,1,3,1,1,3,1,1,2,13
H3LB0W9P5,momo,75UJ5RB97,蓮ノ空雪野球部,105,0,12163,187511,8,8,8,7,6,5,1,1,44
PRWDVJP1Y,海野蜜葉,ET545UKAR,105期生,501,0,12164,187430,4,2,1,1,1,1,1,2,13
H1SM0F99N,かすかす,9BHYELNY1,シン・エスパルス,855,0,12165,187390,7,1,1,4,6,1,4,2,26
62PCU0TW6,かろーら,E6WR9G75P,安養寺姫芽推し会,518,5,12166,187120,2,5,8,1,3,8,3,1,31
P6QP09WAE,リベリオン,WLFW6UCX5,無敵級ビリーバー,679,0,12167,187070,1,1,1,1,2,1,1,1,9
J8F0RFK2G,ごうひめ,1XX6FWJRB,オートスキップ団,566,0,12168,187030,7,8,7,6,4,7,7,2,48
MVMXKJ4NK,BY,333XJAAJ2,風龍スキスキクラ,287,0,12169,186998,4,2,3,3,2,4,4,3,25
0ERCGBV1M,神宮寺レン,JE7V5MM31,蓮ノ沼に沈んだ泥,1060,0,12170,186710,5,1,4,2,7,1,1,2,23
G6UOQKBSR,にゃろめんこ,H1LTYMK0B,花帆が可愛いの会,985,0,12171,186670,6,5,5,5,6,4,8,2,41
8EE2K03TH,Valerita,A6XF7K90J,EN▶こ.こ.こ,208,0,12172,186490,1,1,3,3,4,1,2,2,17
WG8EKC9DM,咲夜,6H800PBV7,新鮮館,738,2,12173,186485,3,3,3,5,5,2,2,2,25
Y54DDL4RR,おにぎり,TW2M129HM,花陽ちゃん,1041,0,12174,186220,4,4,5,2,6,5,7,2,35
7M1XXGL17,たくみんみん,YMKU30246,参加賞がほしい,289,0,12175,186170,5,7,4,7,2,2,7,5,39
PBM47LVAP,ちぇほん,EE4BKR0AR,まったりプレイ,1036,10,12176,185630,9,8,4,10,8,5,5,4,53
T3M0SPWGF,さめめ,9WVBK4U41,ENfans,639,0,12177,185459,4,1,5,1,4,1,4,2,22
09OX5HNL8,moke,HBU5TBBGA,もけさんず,840,2,12178,185450,7,6,4,4,7,4,4,2,38
1F4HKE1J0,Napoli1♡,YHWN0NJ03,ドカ食い気絶部,351,0,12179,185360,10,10,5,10,2,5,2,2,46
SPR3ACX6B,りんね,9N4F9P8DU,リンクラ部（仮）,747,0,12180,185270,2,1,1,2,2,1,1,2,12
RBNVTTFPK,びわ,9AYD3XJ2D,ぺんぎん隊,653,2,12181,185117,6,6,8,8,5,6,5,4,48
7ETYNT48D,TK93,G202YTPW1,無言倶楽部,626,2,12182,185090,2,1,2,1,2,1,2,2,13
L4BSD4DE4,うどん,V6DKUH6JT,報酬だけほしい,920,0,12183,185000,7,5,4,5,6,4,4,1,36
ALDVET8XN,アッキー,1GJC67JLM,無言の泥,232,0,12184,184960,2,1,2,3,2,1,1,2,14
ZYMT9M00V,リョータ,P9CV4RB36,Aの為,1216,5,12185,184910,10,9,7,10,5,7,10,5,63
EE8A47PDE,燐,976BY5JWK,ハルカカナタ,102,0,12186,184780,7,10,4,5,6,4,7,3,46
T02789CXH,ぶっちぃ,FTY0R8KPH,泥の皆様,659,0,12187,184730,8,6,4,7,8,7,9,2,51
JU0LF152M,Forest,T8X0G07YB,なければ立てる！,881,0,12188,184510,4,8,5,7,8,5,5,2,44
0458DXYK1,ふうた,ULUELCJ7T,なるようになる？,458,0,12189,184460,9,6,5,10,6,6,7,4,53
EYUX014D0,あお,JX0BXWNWH,新米蓮好き好きC,381,0,12190,184433,10,1,1,2,2,1,1,4,22
16MUX2PWJ,もぶおぢ,L3NN1RWMY,アポロベイ海賊団,944,2,12191,184370,7,7,10,6,8,7,10,2,57
496K561PD,ふう,3FF3NB77X,せーはす愛好会,1239,2,12192,184280,7,8,6,8,7,5,9,2,52
VHT1L9MYY,#kim,VY26V3P0K,AltF4され隊,890,0,12193,184150,5,4,7,8,6,4,4,2,40
EPTL9UNFU,ひと,88DJ300PJ,めぐ党 • 永遠,997,2,12194,184100,1,1,1,1,3,1,1,2,11
3MF8W8K1C,ぱぁる,MUVWDCY5J,姫芽ちゃん推し会,457,0,12195,184060,5,7,3,5,4,8,6,2,40
WCE19WXYM,manaka,PXDL7Y3VM,ビギナーズ改,211,0,12196,183970,2,2,1,1,3,3,2,2,16
JX6VY1TW7,moca,DKPMRA0TA,蓮ノ空奉仕部,622,0,12196,183970,5,5,5,2,2,1,2,2,24
315C1B3W9,桐生二馬,H6WUKUGM4,東成会,473,1,12196,183970,1,1,1,2,1,1,5,2,14
UFXJ6V7KD,まる,5W9UK1KAL,蓮ノ空数学部,943,1,12196,183970,9,6,4,7,7,6,7,2,48
8ORHVX8VX,ニコ,4UP9RMUHX,チャンコスキー,292,0,12200,183790,5,5,5,4,4,4,5,2,34
2G67AO859,だいすけんた,A73H7ENN2,エロマンガ同好会,1016,1,12201,183740,7,7,4,6,6,4,5,3,42
M96B7XLW8,ハワタニ,HDD9DJVTB,Lotusky,651,0,12202,183578,10,8,4,4,6,4,1,2,39
0TKEEA3UF,ryo,ETAMCYHME,蓮ノ空お昼寝部,244,0,12203,183380,6,3,9,8,10,1,7,2,46
H5CUXJD1Y,くつひも,U1X8XUL9G,イベント用？,1208,3,12204,183200,9,8,7,10,8,7,8,2,59
PIT7NXLRG,ボズーテイク,1JPLHLE2K,急いでない。,1062,9,12205,183110,7,9,5,10,1,5,9,2,48
JRBH761FT,tkj,CWXPKYDGU,ホワイトロリータ,755,0,12206,183065,7,7,2,4,2,4,4,2,32
XY95M9VWA,remain72,60KU468X3,はっすーず,1021,2,12207,183020,8,10,5,9,10,5,9,2,58
KJE0A233H,gggttt,MUXWTW1GV,蓮の空見守り隊,340,0,12208,182930,1,1,1,4,4,4,2,2,19
HD2325EIW,ミツキ,71YH43YW2,りんりんりん,792,0,12209,182620,5,8,3,7,3,1,7,2,36
T6C70FWYY,安養寺好きだねぃ,PKEURDB6B,あにょじ好き,316,0,12209,182620,4,7,5,4,1,7,1,2,31
P7MVYKEXB,まふぃりん,F90XW14UP,のんびりプレイ,967,2,12211,182530,7,9,8,9,4,6,7,2,52
PDJLJ3MPF,ココ,89K9Y7MX7,初心者歓迎,894,3,12212,182480,6,7,4,10,2,5,1,2,37
X39XH8C34,なっす大好き,BT3GEWM5L,ささやか村の集い,218,0,12213,182381,6,3,2,6,5,4,4,2,32
3NJTNARMH,ちゃんぽん,18YYNRFGA,LotusSky,586,2,12214,182350,1,5,3,1,4,1,1,2,18
X3BREEXNL,もつ兄,CP3KWKH07,まったり社会人部,284,0,12214,182350,4,2,4,5,4,1,1,2,23
K5V0KNO4U,maru,1UXTTMAUA,寝そべりクラブ,1000,2,12216,182260,6,7,3,10,5,5,6,4,46
LE11A0ESC,桜紅葉,AH27N260E,百生信託銀行,451,0,12217,182170,1,1,1,2,3,2,2,1,13
0YF6B3LM0,生徒A,5YEE75CB4,ロビーで待ってる,72,0,12218,181990,6,3,5,2,2,3,1,2,24
KS8UEN4LF,Kron,414CEUPEH,アフター見よう！,915,1,12218,181990,4,5,1,4,4,4,5,2,29
19DJAWN8G,える,EJY6B26D1,After見たい,255,0,12220,181900,4,2,3,2,2,1,1,2,17
6KYT1F28A,イオンパン,9AYD3XJ2D,ぺんぎん隊,833,4,12221,181850,10,10,6,10,8,5,8,4,61
3CK75B93C,ソウル,2J5W1LGR6,私の自由ダァー！,708,0,12221,181850,5,7,1,8,4,4,5,3,37
DJFD9P6XQ,Luna,53M4V2BVG,吟子の髪飾り,301,0,12223,181760,6,5,3,6,4,1,4,2,31
O9RTU13ET,えりりん,LAKRG5NK9,ログイン勢,1023,1,12224,181670,4,7,1,4,6,4,5,2,33
WTRF53ABN,だーくちぇりー,FG9A9ARX1,忙しい人あつまれ,571,0,12225,181490,9,5,4,7,6,6,8,2,47
YT3HG51UV,ごろう,5HY7WRDDN,アフターウォール,1120,1,12225,181490,8,8,5,10,8,6,9,2,56
5MJ867HRF,ベロー,8MTLYLH9F,木星月華黄金宮,707,0,12227,181450,7,7,5,7,6,7,9,2,50
RPCTUTGUC,よこつづさん,C6V311T2P,LotuSky,470,0,12228,181400,1,1,1,1,2,1,1,1,9
M2OAW1AKA,Serenya,546E85JGG,月猫ぱーく！！！,764,2,12229,181310,8,2,4,2,10,5,2,2,35
03EEBC39S,悠,9YG7C0VM7,綴理と無言で昼寝,966,0,12230,181270,6,8,5,6,6,4,7,2,44
SM78LOZDQ,ＳＭＸ,TMPBJWE3V,ラブライ部,1055,7,12231,181180,7,5,4,6,6,5,7,2,42
BFN23LN0J,noco,PYUNRKPRM,tmp,786,1,12231,181180,3,7,1,1,1,3,7,2,25
8CF35EGNT,ペンタゴン,KA652DGYV,ゆるリンクラ,359,0,12233,181013,5,6,4,7,4,4,1,2,33
5AL3MY20R,LフューチャーT,KXMXL2KRX,超初心者,521,0,12234,180950,9,7,5,5,6,4,6,2,44
B7GY5EHH9,うるとらアポまん,L3NN1RWMY,アポロベイ海賊団,397,0,12235,180860,2,1,4,1,3,1,1,2,15
BPC431B54,ちよ,TK9E1BB1P,無言で自由,423,0,12236,180730,1,5,6,4,5,1,4,4,30
NW0T92287,さぼりんご,639NXLKJ5,Lotusky,1011,4,12237,180230,8,8,5,6,7,6,8,2,50
Y4W73TYT9,かなた,2AUM7L9BW,蓮初心者クラブ,205,0,12238,180010,1,1,4,1,6,1,1,2,17
UGPKJTDAW,はる,E7BN42VM3,みらくらすこ,707,4,12239,179960,1,1,1,1,7,1,1,2,15
G7920H2BN,OHFUJI7,DN7JYXDXX,まるまるする会,457,0,12240,179870,7,4,9,4,1,9,2,2,38
WU0JD81NW,素流,HB9AU9DJJ,聖心党,1001,7,12240,179870,8,9,8,9,8,7,9,2,60
LW9TEE7T2,名前変えたよー,6CMLETCV1,テスト,848,1,12240,179870,10,9,7,8,6,7,7,2,56
NBTY2GNMU,ゆーぴー,FMKP92LRL,目が霞む人達,527,0,12243,179816,4,1,1,4,4,1,1,2,18
F9UG9UFDM,limon,JKAYY0KXL,自由！開心！,477,1,12244,179600,8,5,4,1,7,4,2,2,33
5FK7DR7FK,黒光り,865UE9UC6,蓮ノ空うどん部,889,0,12245,179560,6,8,7,4,6,5,2,3,41
C37KYAN2L,LuXoN,WAT20PN3Y,こな党,558,2,12246,179510,10,10,4,1,5,1,3,4,38
DH1UX5234,たっくん,674VE1D6X,身内,426,0,12247,179420,1,2,1,1,1,1,1,2,10
TWHJR7E7T,真面目な会社員,PRY4573W6,報酬用,1041,7,12248,179330,3,4,4,5,3,4,1,2,26
TKJ23T1AF,kou,9P9EPKFHE,無言参加OK,400,1,12249,179303,2,2,1,4,3,3,1,2,18
TZ83KZKTR,Haru*,N57VWGXGK,はなじょ,671,2,12249,179303,4,7,6,1,5,1,4,1,29
OIO3F7YAX,FZ,AW470U964,ボッチ会,818,1,12251,179240,9,6,4,6,5,7,9,4,50
6Y36X9FYF,にんじん,UGTAVG90J,にょ,261,0,12252,179200,7,6,6,5,5,5,2,2,38
OP6RBIDH7,みほこま,RXXUPMWB9,待機室跡地観測所,1029,2,12253,179132,5,4,1,4,2,4,4,1,25
3FPY8U70L,こずにゃん,V8XX999F6,卍蓮村幼稚園卍,1014,11,12254,178880,6,7,4,2,6,6,10,2,43
LAZ2VZO6O,詩音,J83JWJ028,大ㄇㄚˊ露營區,752,0,12255,178790,1,1,2,1,2,1,2,2,12
WF8N2L6H1,渡辺曜,DW13FCXPT,Mulbungs,714,0,12256,178750,7,5,1,4,4,1,5,2,29
0JPLN1X9F,雄星,8UJNTV5BX,のんびりと部,1156,4,12257,178340,9,9,6,8,7,7,9,2,57
V10KPKEA6,Yuya !!!,GMEF2K8DL,花咲く泥も好き²,1111,6,12257,178340,4,8,4,8,6,4,4,2,40
HTRELKUV5,もっちゃん,LFB48H6MU,超初心者の会,861,2,12259,178300,1,2,1,2,2,2,1,2,13
M1XYM2UGL,弊,FTM3JB79M,初,933,0,12260,178277,6,7,4,6,6,4,2,2,37
XEL9FKD4N,みょこ,AVY8PECF0,初心者の集い,186,0,12261,178210,5,10,6,10,4,4,2,2,43
2M9UGUKU4,ゆずみみ,1KDUBW4HB,めぐ党0番,421,0,12262,178160,5,7,7,7,4,4,8,3,45
L5WA30M96,Clover,VJUPEYWA7,Linking!,136,0,12263,178120,5,5,6,4,2,4,4,1,31
LH3WNJ3ES,TIGER,RY7B87YA4,Tsuzu○,305,0,12264,178030,6,2,2,4,3,3,2,2,24
JODYGOR8P,月虹,TKVR3KU7L,ネギトロTKG,1118,2,12265,177935,9,7,7,7,6,4,5,2,47
EURT17KHT,しかた,C8RDE501H,かすかた,669,2,12266,177890,6,9,4,4,1,4,5,2,35
U7A75A5NU,菜棚,3MW8HDRTF,秘密結社CKC,1204,16,12267,177710,5,4,4,4,2,1,5,2,27
ERUKC1MKK,つかじ,3FF3NB77X,せーはす愛好会,177,0,12268,177490,2,4,1,3,4,8,1,1,24
365DLAOJ3,リラネコ,95TAREFPT,ご自由にどうぞ,930,4,12269,177440,3,4,1,1,5,1,1,2,18
GDQV2UXDN,きゃろ,RE994PJ2B,蓮ノ空SI同好会,1114,0,12270,177260,8,7,1,7,7,5,7,2,44
43KBX5AAV,ヒナ,AG7YVB0Y2,みらくらのーと,266,0,12271,177080,1,5,1,1,1,3,2,2,16
L9MK5V26V,ほた,GN9EEL045,きらくに,618,2,12272,176900,5,2,3,3,5,1,1,2,22
7CPNMY4QI,ふるむ,AG9PKMMC3,ぱかぱか同好会,1277,5,12273,176810,7,8,6,8,9,8,8,6,60
2C46TKEGV,ミラクルリ,EWM0GK62C,誰でもどうぞ,962,2,12274,176770,8,6,2,8,2,6,7,2,41
MVM9GV2R9,ポリアネス,ABALH0AL3,楽園計画,832,0,12275,176720,8,9,7,9,6,3,3,5,50
JRW4L5KV4,がま,2HEFYHN82,異次元フェスから,744,0,12276,176680,5,7,6,9,6,6,9,3,51
8J8VY8L35,猫の宮,RYKUNH6CN,建前,860,0,12276,176680,8,7,4,7,7,4,7,2,46
87DHOP0VA,さかなごでん,FG5VFFNRK,蓮ノ空おじさん,1180,13,12278,176630,8,7,7,8,7,5,8,3,53
C84J505K8,こま,48GTYR1VB,ハラショー！,767,0,12279,176410,7,7,4,5,5,2,4,2,36
6CAKL8NE6,満月,BH9YH1YL5,ラブライバーの森,292,0,12280,176320,7,4,8,4,4,5,6,1,39
KMVEYHFK4,どゅう,UHF5Y8PEF,さやちゃん倶楽部,911,2,12281,176230,2,5,2,2,2,5,1,2,21
L2YY7GVNU,蟹ワッフル,A8BJ5V3ET,はすのそら,742,0,12281,176230,1,4,1,1,2,4,2,3,18
TCLU84MR6,StarBoy,8JWP01LN1,村野村の友好都市,1044,2,12283,176225,3,7,4,6,5,8,10,2,45
MTJL5MUAX,池田屋,F5C8MT9J6,テスト,705,0,12284,176140,6,7,4,5,4,4,7,5,42
4YBANYAFP,Kamui,BA3L6N4AE,金沢出身関東在中,984,3,12285,175883,7,8,2,5,5,4,4,2,37
XAFRPGZIX,ま(*･ω･)ﾉ,HKETDDCK6,ぼっちざ蓮!!,1071,5,12286,175820,8,7,4,9,8,7,6,2,51
XPA87PJYE,George,0PJ19NAE3,蓮ノ空同好会☆,597,0,12287,175550,10,8,6,7,7,6,7,2,53
XFO30CD3F,プレミアムアオト,7U20138DB,LGP,1128,6,12288,175541,1,1,1,1,2,1,1,1,9
TEJL7F2PR,コーヒー,6UGJFTAEN,なんとなく,712,0,12289,175510,1,2,1,2,1,2,2,2,13
LBK6M349C,三里,1BVNBYTVC,咕咕王国,593,0,12290,175420,10,8,5,5,3,6,4,2,43
XFN4X4R6N,だー,4WWM4VVDK,蓮ノ空遊戯開発部,199,0,12291,175330,5,6,4,6,2,2,1,2,28
3NTBYKJ3D,ふにゃんちゅ,FMKP92LRL,目が霞む人達,980,0,12292,175199,4,8,4,7,6,4,4,2,39
CEL8TT4KW,浮遊厨,LE0R0AKE7,ラ部,242,0,12293,175190,4,3,1,1,1,1,1,2,14
4B6AV3XYA,おかゆ,UXEJ9BUWL,ひとりでのんびり,463,0,12294,175150,7,3,3,3,1,2,1,3,23
42DVYJRPP,17,BELCUYCMH,蓮hkg香港分部,1013,8,12295,175010,1,1,2,1,7,2,2,2,18
YOHSBAKGK,まめお,HWMV33W7Y,フラワー泥民館,1011,4,12296,174920,6,6,4,6,6,5,9,2,44
RIHLF5H5P,そし,VN1LXEHLR,綴理、愛,528,0,12297,174740,4,4,4,1,4,4,5,2,28
9C7K1D1NY,Kozuerin,TFGKYEY98,LLP JR,1029,0,12298,174344,8,9,8,8,6,8,10,6,63
FGG1CXP0T,はるめ,YUVK7R51W,萌え萌え倶楽部,754,2,12299,174173,2,1,6,6,3,1,3,2,24
CCH6P1T5C,リック,BYA3FA0X8,無言ぼっち同好会,1034,0,12300,174070,6,8,6,7,8,4,8,2,49
W8CHCA58P,梓沙,U8GLCJVJP,コミュ障用誰でも,947,4,12301,173831,7,8,5,7,9,4,4,2,46
1BHGFLPAQ,希烛,BXJ6WV4TB,中国club,665,2,12302,173800,1,1,1,4,2,2,2,2,15
2UU41UBB1,Adlem,R9NGK6L48,のんびりサークル,792,0,12303,173660,8,10,4,8,7,7,1,2,47
19NMG5HRN,まり,TCTEAMP9C,虹ちゃん最高！,238,0,12304,173489,3,3,2,2,3,1,1,2,17
3LLEFXE5Y,花屋の娘,E76N52LMW,イベントのみ,1373,3,12305,173390,10,10,7,10,8,7,10,8,70
ZB9KD40SQ,影に潜む者,1JR8TL0XX,ザ・マイペース派,1021,0,12306,172976,7,7,3,6,7,5,6,2,43
OYGL4Z3WG,耀く学院生,07GTU1BPX,蓮乃空,998,1,12307,172760,5,8,7,8,7,1,10,2,48
3TCO5GGRU,ミナリンスキー♡,FG9A9ARX1,忙しい人あつまれ,441,0,12308,172630,1,1,5,2,2,2,2,2,17
H9VER8046,ゆ,Y6KN85L5P,孤独の村人,276,2,12309,172400,2,1,2,2,3,5,2,2,19
AHBKTTFTT,るり＠り,7D5TKBG45,リ!リ!リ！,502,0,12309,172400,2,2,2,3,2,1,1,2,15
RM52M6N4F,餡ころもっちもち,2VJG66JTH,まったり,267,0,12311,172360,7,8,5,5,7,6,8,2,48
W35549PRJ,Meiru,NJBBTCY3A,かにかに！,378,2,12311,172360,5,4,4,2,6,10,3,2,36
2VL42BVV2,wai,N83DW3NYG,†極最強倶楽部†,757,0,12313,172310,1,4,7,4,2,4,5,2,29
6GN40TFD7,紫のゾンビ,AG9PKMMC3,ぱかぱか同好会,562,0,12314,172220,1,1,1,1,3,1,1,2,11
UH84E0ARF,まも,JL3PVY33U,まもさや,462,0,12315,171950,10,7,10,9,7,6,7,4,60
3TA7LA12V,Uika,XYRA2MND0,蓮ノ空ゆっくり,190,0,12316,171820,4,4,2,5,5,4,7,2,33
AP5M5DF2B,ルート,YVFP54NA2,無言OK！,1077,8,12317,171608,8,8,6,8,7,7,7,2,53
RD9YR8WNA,さったん,J7BLELE0U,さったんろーる,350,0,12318,171550,4,4,4,4,4,4,5,2,31
4FJD4CUDP,ショーン,1EL57CDR0,なんもわからん,506,0,12319,171460,6,4,1,8,2,4,1,2,28
M13HKEN0N,松浦果南我老婆,TWJ862EPN,こにゃとも,270,0,12319,171460,1,1,1,9,2,1,2,2,19
TG7XB22VK,ライチュウ,DY28U1W39,限界オタク,836,0,12321,171410,1,4,1,1,2,2,1,2,14
AM835EPFG,Midori,M5P5T4TX3,のんびりリンクラ,1031,0,12321,171410,5,9,5,6,5,2,8,2,42
29B74JBDH,クラリス,CH12H2G6Y,ああああ,505,0,12323,171266,7,6,6,6,1,6,7,2,41
GXHE9NWMH,kazuma99,8MTLYLH9F,木星月華黄金宮,128,0,12324,171190,7,7,6,8,3,5,1,4,41
E15TXNY1V,タカヒロ,G2B2TC3PK,iLiFE!,558,4,12325,171140,7,1,3,1,3,1,1,2,19
RFGOB7E3D,25&445,JPNNY7W5F,ログイン勢,440,0,12326,171100,5,3,1,4,2,1,4,2,22
RUMGFK8CF,甜酒,95TAREFPT,ご自由にどうぞ,728,6,12327,171095,1,2,5,8,3,5,2,1,27
RAQCB7EG5,リーニャ,YVFP54NA2,無言OK！,596,2,12328,170924,1,1,1,1,2,3,2,2,13
7JER0174W,ゆう,VNEJ2RNW0,まったりんくら,276,0,12329,170920,2,1,3,4,4,1,1,2,18
N7MHHN7GB,いも,GBEJMUFWT,めぐちゃんズ(仮,786,3,12330,170740,6,9,6,5,3,6,7,2,44
GKEAK0X4V,sasa3,RM7N1JDB5,無言推奨不干渉会,522,0,12331,170600,10,10,10,8,10,3,1,2,54
WK36Y97D0,Waltz,VA6X5YNNF,スリーズ分家,665,2,12332,170510,6,6,6,10,6,6,7,6,53
PJA4H13K2,RUI,R5XE0YFM0,goofyguy,120,0,12333,170240,8,9,8,6,2,7,3,2,45
UYHHBA4SG,ウィークリー,4FXPC55PY,PPIHクラブ,863,0,12333,170240,5,5,4,6,6,4,7,2,39
2I9A03QXP,シンラ,C2XLWUTL1,夕霧綴理親衛隊,993,5,12335,169930,8,4,4,7,6,5,5,2,41
AGYPCJUDB,蒼春刹那,6HV2RH6TU,イベント用、無言,915,5,12336,169880,1,1,7,6,7,1,7,2,32
EJU9E2MQ0,ネクサス,8UJNTV5BX,のんびりと部,1034,5,12337,169750,10,10,3,10,6,1,1,10,51
U9R3UP9H0,イケメン,4YTFBJAMP,HanaHana,539,0,12338,169727,8,7,3,2,3,6,2,5,36
HT2HBX6BA,S10,60KU468X3,はっすーず,843,0,12339,169700,7,6,2,6,4,4,6,3,38
7708TJX4C,汐弥の香緋をくれ,57UT319NN,蓮ノ空同好会,691,0,12340,169610,5,1,4,1,6,5,8,2,32
P9H51E2YW,アンノウンⅡ,WKG02VMU6,先輩で遊ぶ2年生,423,0,12341,169430,8,8,6,7,6,6,4,4,49
UVK1MLAA2,極上カルビ,12KVAFYW2,217find,489,2,12342,169210,2,2,2,3,1,3,1,2,16
1D59C8TCA,のん,2B97MH4YA,同じ話し何回も…,339,0,12343,169120,3,2,2,1,2,3,3,3,19
DED4YTRNF,うい猫,JWC7LBANB,ふーる,669,1,12344,169043,1,3,2,2,1,1,1,2,13
6WCEHTLJ5,田中,W9V6VTXAN,梢先輩の歌声好き,775,5,12345,168890,1,2,4,2,3,2,3,2,19
ARAUAV3CV,楓,9E910GGD2,蓮ノ空給湯室,605,5,12345,168890,1,4,1,1,4,1,1,2,15
TTRX1JP8X,しゃーぷサブ,H6JWBBGCG,蓮天・乙宗一心流,34,0,12347,168872,3,3,4,3,1,1,2,1,18
CV05XJ57P,お花丸,T045NDKW0,♬さやか愛好会♬,1083,2,12348,168710,2,10,1,5,4,1,8,2,33
WAHMKTX7H,GUCCHI,VKW1GNAPL,伝統を守ろう,220,0,12349,168530,3,2,2,2,2,2,3,1,17
Y5Y18JY3G,セバースチャン,VKW1GNAPL,伝統を守ろう,134,0,12350,168440,6,6,5,6,3,2,3,1,32
W75CGYNHY,ゴラス,6P4RTG1XB,エルスマン,402,0,12351,168310,3,10,2,2,6,4,6,2,35
SYJXX2692,krak,X19MP0NTT,蓮之空河豚养殖場,987,4,12352,168170,9,8,4,8,6,4,6,2,47
YAT15A3Z7,とうこ,9E910GGD2,蓮ノ空給湯室,1022,8,12353,167900,4,5,4,2,2,2,1,2,22
U5OZ1WQVX,みらぱしか勝たん,60KU468X3,はっすーず,1048,3,12354,167720,4,4,1,10,7,7,8,4,45
HLZN1JOBH,しもんきん,58FD7UF8J,としとしサークル,968,4,12355,167675,1,4,1,1,2,4,1,2,16
HR1KVYP74,ビオランテ,HWMV33W7Y,フラワー泥民館,971,0,12356,167630,8,9,7,7,7,4,8,4,54
AWY4HTNBB,すぎ,AW470U964,ボッチ会,885,0,12357,167540,8,7,3,6,8,7,9,2,50
AHVOXE9E1,テラオラ,LLDLG20UU,UR取り隊,975,5,12358,167360,7,10,8,8,10,3,10,2,58
5N7II7QYE,なおちゃんくん,TXNCTRR1U,瑠璃乃推し隊,1116,3,12359,167270,9,4,7,6,5,5,7,2,45
LW8VLUULY,まるまる,976BY5JWK,ハルカカナタ,841,0,12360,167230,5,4,9,8,6,5,1,2,40
909IJOSJZ,かんぶつ,9DKR4Y2CJ,蓮ノ空老人会,1102,3,12361,167140,7,5,4,5,6,7,7,3,44
Y1YAVL10C,リック,FHAVBM2LV,ぼっち,572,0,12362,167000,8,7,4,5,4,4,7,3,42
DVJMH6KVP,ややなみ,48Y0H3H61,ヒトリダケナンテ,720,0,12363,166870,4,4,3,6,3,1,1,3,25
0EGPOASXM,ポケット,3BE2RELRC,見晴台,927,2,12364,166820,4,2,5,2,2,1,2,3,21
LEFTAWMKJ,木下5秋2-15,G8EE23LB9,虹ノ空クラブ,483,0,12365,166730,2,1,1,2,3,4,1,2,16
CTL4YBCYO,アキヤ,0R8BXPRC1,ポチっ！とクラブ,1271,6,12366,166640,7,8,4,4,6,5,10,2,46
YBGG5M34D,テント,60KU468X3,はっすーず,172,0,12367,166370,1,1,1,5,2,1,1,2,14
JDM8LNWRR,東雲空絢,E12PR824F,ゆるっと蓮ノ空,77,0,12368,166190,6,7,5,3,2,2,1,2,28
WLTH37DD1,なーたろす,GN1798YEX,ド!ド!同好会,368,0,12369,165920,2,4,4,1,2,1,1,2,17
Z432OMYKT,みっちー,UHF5Y8PEF,さやちゃん倶楽部,1044,1,12370,165830,3,9,5,1,2,2,2,1,25
5XU0JBZT2,遼音,K8C99H42D,ルリと喜ド！愛楽,848,2,12371,165650,1,1,1,1,2,1,1,1,9
6T0DHXPG9,はむらび,43HRXMXWA,無言OKクラブ,235,0,12372,165623,2,1,2,1,3,2,3,2,16
YVH4PMERF,Tezo,KC1W74B9B,蓮六園,778,0,12373,165281,4,5,1,6,7,1,7,2,33
HXN4UXLYK,ゆえ,414CEUPEH,アフター見よう！,225,0,12374,165250,4,4,4,3,4,3,1,2,25
N50PHHK4M,みりあ,W3UUXHMDV,水彩ブーケ,1006,5,12375,164930,9,5,4,6,7,8,8,2,49
PFUPOR5Z6,天戸,5NPVVUGH7,蓮すきすきクラブ,1067,1,12375,164930,3,2,2,10,4,1,9,1,32
M7WB1CY6R,ALT858,KJU0BU77M,無言交流なし,826,0,12377,164840,7,6,5,5,7,4,4,2,40
W2MPVK18H,.,HXVYGL96H,初々しい対抗戦,83,0,12378,164768,7,8,5,8,5,3,1,2,39
2BPLVKAX9,ガル,FK5MUK0ET,くる♡すきクラブ,933,4,12379,164597,4,5,1,2,2,1,1,2,18
Q1WM29WHT,たかこ,TCTEAMP9C,虹ちゃん最高！,684,1,12380,164530,3,1,5,5,4,1,1,2,22
0G57KP5TK,TH,VNEJ2RNW0,まったりんくら,104,0,12381,164440,1,3,1,1,4,1,1,2,14
367NN695K,ヒイラギ,V8XX999F6,卍蓮村幼稚園卍,198,0,12381,164440,1,2,1,1,2,1,1,2,11
YM2ULRB9A,ミリ,HPTHY23VR,蓮ノ空文芸部,449,0,12383,164390,9,9,1,1,4,1,1,2,28
JPRF1CUP1,ユキ,8YNHW7530,虹ヶ咲、蓮ノ空,559,2,12384,164300,5,2,6,5,4,1,2,2,27
W42YALLYH,ユニコーン,BTVC9G95X,FES用,126,0,12385,164170,2,2,2,6,2,1,1,1,17
U32QZP1ET,宮子,PWK02KG0F,メメントの森公園,723,0,12386,163990,3,3,8,1,8,3,6,3,35
6L216LRMN,ヒロ,AH27N260E,百生信託銀行,718,4,12386,163990,10,5,1,5,4,5,4,2,36
LR5443WKR,KEDA,9VDEWVP01,瑠璃乃の集い,246,0,12388,163913,1,1,1,1,3,1,1,2,11
A8PGR9ZZ8,ぱぁなな,0CBM28JP6,ほうき星,955,1,12389,163670,1,4,4,5,2,5,5,2,28
LBZTE3HTA,×,CEYC6WYJ0,×,1326,7,12390,163580,1,1,1,1,2,1,1,1,9
UNYGEPM58,nre,BXGNMY466,ライグラ用,244,0,12390,163580,8,7,3,6,6,4,2,3,39
SZH3COJFH,アリスト,M851LEV3N,なっす父兄,935,1,12392,163571,7,7,4,9,6,7,1,2,43
CCM6WUGKD,とのゆう,53M4V2BVG,吟子の髪飾り,138,0,12393,163450,4,1,2,6,2,1,2,2,20
N606FUO4N,HonoKazu,9C2FC74H2,overseas,891,3,12394,163400,1,1,6,5,6,2,6,3,30
B3482PBTW,かぼちゃ,LETV4C1KG,無言の行,214,0,12395,163229,4,4,4,3,6,3,1,2,27
CM1JJLBXF,アビー,0VEMMV8E2,スリブとまったり,955,6,12396,163220,5,7,5,1,7,7,4,2,38
8B8M22X2E,アンノウンXii,WKG02VMU6,先輩で遊ぶ2年生,854,0,12397,162950,7,9,6,4,6,4,5,2,43
4TY00AVZ1,Day,HCFG1U7RV,ひとりくらぶ,753,1,12398,162860,6,1,4,4,1,4,4,2,26
WPMAPCH9K,あかぶちめがね,3B58M2YUM,サンプル,748,0,12399,162820,8,6,5,7,6,5,7,2,46
VWEN495W0,きゅ〜,E1HVJ71JR,ご自由にどうぞ,286,0,12400,162716,7,6,4,5,4,5,6,2,39
1T3RL52V6,たこ,2DYYAPFVN,蓮っ子村,805,5,12400,162716,7,7,4,3,4,1,2,2,30
GBELP2M9F,わちこ,1KDUBW4HB,めぐ党0番,355,0,12402,162590,4,1,3,1,2,1,2,2,16
MHWVYQCBZ,阿瑋,LB0K3MHND,フラワー,1053,3,12403,162550,4,4,4,2,2,1,2,2,21
F1HLDL8Y2,OLEO,Y6KN85L5P,孤独の村人,870,0,12403,162550,1,1,1,1,2,1,1,2,10
97U6ADYFR,color2,9E910GGD2,蓮ノ空給湯室,678,0,12405,162545,8,7,6,6,2,1,1,2,33
IE6LV4M1E,きぬごし,YK0X6N2HN,無言OK出入自由,1083,2,12406,162280,6,8,5,6,6,6,8,2,47
MAL3JE8YT,amaetaku,3194B9E93,初心者寄り合い所,169,0,12407,162203,8,2,2,5,1,7,1,2,28
8D2PPDK97,りーす,HK0E91U71,放課後写真部,749,2,12408,162190,5,4,6,4,4,4,4,5,36
13QQ1IOIZ,蓮野せつ菜,NTDM30NB6,霊使いリンクラ部,1172,14,12409,162140,8,9,6,10,8,8,6,2,57
H1GJT9EHK,嘿！,5P0W7KUEN,嘿蝦為奸,471,2,12410,162032,4,4,2,4,2,1,2,2,21
KL8BMY17Y,りんご飴,BYA3FA0X8,無言ぼっち同好会,942,2,12411,161960,8,5,1,1,4,6,1,2,28
CEJG0D7ER,アスナ,M8CAVKW88,蘇州 中国,127,0,12412,161920,6,3,4,4,4,5,2,2,30
K54TATKIC,ネコネコネコネコ,W3YKKRWHG,ルリと愉快な一家,1016,0,12413,161861,7,5,7,6,7,4,7,1,44
MNG0K7BHV,像,G2B2TC3PK,iLiFE!,601,0,12414,161830,10,7,1,10,6,5,4,2,45
6M25UTENE,BROAD96,YMKU30246,参加賞がほしい,1049,5,12415,161690,5,2,6,6,6,5,4,2,36
X1UAMARJK,なっくれ,PEKGX9FL5,283プロ金沢,772,0,12416,161650,5,1,1,8,1,5,1,2,24
MBAREA86R,しょう,XA0XD41CM,ぼっちぼっち,225,0,12417,161420,2,2,4,1,4,1,1,2,17
96JY3J4F0,セレディア,5561U9ACU,せーので茄子ノ空,942,3,12418,161200,4,4,6,6,5,4,4,1,34
J5N7FTA4G,あきな,N9B8HXXR0,25時、残陽で。,446,2,12419,160880,1,1,3,1,2,1,2,2,13
PC4RDT2PH,cyberful,AAHB7C276,HaCordVN,978,7,12420,160664,7,7,1,9,8,7,4,2,45
AF2GEVEPF,たかひろ,7B0W0EWVA,ソロの為の避難所,606,0,12421,160430,9,5,5,6,7,2,7,6,47
UJX9P3PL5,羽中,C021HVB2B,第3芸能科,408,0,12422,160070,3,2,2,1,3,3,1,2,17
RETJ96L2Y,R,7D5TKBG45,リ!リ!リ！,275,0,12423,159440,1,1,1,1,2,1,2,1,10
JMAFNIWXK,Tak,HB9AU9DJJ,聖心党,1400,14,12424,159080,8,2,4,5,6,4,7,2,38
MAKK1CHVT,formula,P31MU804F,_,784,0,12425,158954,7,4,5,6,4,3,4,3,36
IZCGVPO3W,DrWorm,RKT7BC4F6,人形浄瑠璃乃,1005,1,12426,158900,7,8,5,8,6,7,6,4,51
BFQSB81MY,りん,D075KXX86,花うさぎ,949,0,12427,158860,8,5,2,9,6,5,7,2,44
FDMKD0XUH,あげぽん,R083H7WRN,サークル無言,619,0,12428,158680,3,1,1,1,1,2,4,1,14
K1N40BZO7,ぴぴ,M44P06CH5,つづさや見守り隊,669,0,12429,158590,4,1,4,1,5,5,3,2,25
XAX3OF0PP,まっつー,EMAN1DMK8,いつものメンバー,982,3,12430,158540,5,4,6,5,6,5,1,2,34
CC35LLKRN,ZPY,D7BH9UP2V,TEST173,595,0,12431,158450,5,7,7,5,7,4,10,2,47
MMPVYAXNB,まと,9U8KNU6U9,対抗戦用,358,0,12432,158090,2,2,6,7,3,1,2,1,24
V0X9E3X48,ﾊﾞｲﾚｲﾝ,G8F0M2PH2,アフターウォール,810,0,12433,157910,4,5,3,4,4,4,6,2,32
HYN59395F,梢に犬になりたい,3LPBPHL3V,壁の民の伝説,839,0,12433,157910,7,9,6,6,6,1,10,2,47
RABDGF0KX,TAKA,5WUDLMWEP,蓮ノ空は明日ノ空,346,0,12435,157780,1,2,1,7,4,1,1,2,19
PXN914C9B,杏姫,M4D0VP1XT,蓮ノ空痛車部,362,0,12435,157780,1,1,1,1,2,1,2,2,11
CYYY24PBB,seia,NTMHE54LG,月下ノ宵闇,215,0,12437,157757,4,3,1,1,1,1,1,2,14
5KWDJ93YH,ぱーる,573J1JVVK,かほかほ,145,0,12438,157586,4,4,3,1,2,1,1,1,17
R5H1XBXX0,luzn,NFAEPAU8F,蓮スパスパクラブ,216,0,12439,157420,1,2,3,4,2,1,2,2,17
X6X8GYKXD,めろんルビイ,BXHG2KXAD,idol.st,853,4,12440,157370,4,2,2,6,4,1,7,2,28
DB7PBTKJC,Cactus,TWJ862EPN,こにゃとも,318,0,12441,157330,7,7,1,8,2,7,1,2,35
K8J1KUEVU,胡椒博士,E6WR9G75P,安養寺姫芽推し会,497,0,12442,157244,8,4,5,1,4,2,2,3,29
JWW4XBV8D,ムロ氏,MG3X118W7,大室家,982,5,12443,157100,8,8,7,7,2,4,8,2,46
H7K0D2C54,ゆん,7G23BHH2H,とんと,84,0,12444,157060,4,4,3,1,1,2,1,2,18
A7GF3UP34,あらし,C003CD1RW,☆蓮ノ空クラブ☆,141,0,12444,157060,8,2,2,1,2,2,1,2,20
HEX96CEB1,ふみか,DF7FA982P,蓮ノ空百合部,1183,6,12446,157010,5,7,4,7,6,5,10,2,46
LV4TRAJ8R,よほほん,3GNATPTJH,めぐ党 千葉支部,898,2,12447,156970,7,5,4,7,4,1,1,2,31
CH5G34V8C,しんじゃも,4NDAG5E9N,国産牛のにげあし,364,0,12448,156902,4,10,5,2,3,1,1,2,28
LYG2DGRVH,とまと,UGTAVG90J,にょ,273,0,12449,156880,10,5,4,4,1,1,1,2,28
TK9KDUJ1M,tommy,E1HVJ71JR,ご自由にどうぞ,837,0,12449,156880,6,7,6,8,6,4,5,2,44
B8BR7NDM3,鮎,96LWYJ3Y6,無言絡みなし,838,2,12451,156830,10,8,5,9,2,5,5,2,46
OADKSOJL0,しろ,WJY2HK6A5,蓮の空イベント部,1460,0,12452,156740,10,10,10,10,10,9,10,2,71
3NBGNH7R6,きみみ,NB8HBPBVD,アクスタお供え場,912,1,12453,156700,3,2,9,9,5,2,10,2,42
KJY6KBK8W,えいと,XREYFXTHJ,白ニーソひざ枕部,488,0,12454,156560,3,1,2,7,4,10,1,2,30
BA2NBTRJY,まりあ,A8BJ5V3ET,はすのそら,658,0,12454,156560,1,1,1,2,1,1,2,1,10
33CE7XFPH,空気,DJE5GDV7B,究極戦刃,341,0,12456,156430,1,1,2,1,1,2,2,2,12
HCD8701LT,へのじ,PG2NURUKJ,へのじサークル,990,3,12457,156380,8,9,6,10,8,4,9,2,56
KRJHHU19H,Tezzia,2J5W1LGR6,私の自由ダァー！,188,0,12458,156110,5,7,3,3,3,1,1,2,25
77U3C0APH,大沢英明,3RH5MYBXV,こずめぐ党,1103,6,12459,156020,7,8,6,10,6,6,8,2,53
0DHV6HV3H,mable,LRP7AHW5N,ゆるはす,182,0,12460,155980,2,2,2,1,1,1,1,2,12
9MMFSOQX6,コーダイ,VF517JBVB,無言でいいよ。,1079,1,12461,155750,6,7,6,6,6,5,4,2,42
PT5918D5F,明墨正樹,ECUB8TE66,明墨法律事務所,257,0,12462,155710,3,1,3,2,1,3,2,1,16
JL253W4NX,よーそー,M8FM7P139,蓮ノ空ひとり旅部,916,0,12463,155660,7,7,7,7,6,4,7,2,47
CNJ5441DB,ちづる,B6KWXGHWH,蓮ノ空SIFC,661,2,12464,155390,2,2,1,4,3,1,2,2,17
CWGGMJAIG,Chisa,F2M746D4B,頑張らないクラブ,889,0,12465,155080,8,7,2,7,6,1,1,2,34
9M1FLYE08,かんちゃん,8MTLYLH9F,木星月華黄金宮,130,0,12465,155080,1,3,2,2,4,1,1,2,16
877Y6VHVJ,がわ,N6TVG18P8,すきすきクラブ,958,5,12467,155030,6,9,2,9,7,1,10,2,46
132UJNPFB,ムツキ,KXB93FVTR,ブルームガーデン,688,3,12468,155021,8,7,2,5,7,4,5,1,39
1KINTWM9G,やまぶき,5L9GNT78V,叶え！私達の◯◯,614,2,12468,155021,2,1,2,9,4,1,1,2,22
M6CDPH74H,アステル,9C98YRCP9,ＴＲＩ,852,0,12470,154940,5,9,7,5,5,4,4,2,41
4719THCA7,邪王真眼,AVY8PECF0,初心者の集い,338,0,12471,154850,4,3,2,1,4,1,2,3,20
LULJUNAW1,さっちゃん,LJNCAEVAP,蓮ノ空さやか研,246,0,12472,154810,2,4,1,3,3,1,1,2,17
6X5TV8EMK,こなちーず,PTJD984RJ,梢慈♡じぇらーと,528,0,12473,154508,6,6,5,4,2,4,2,3,32
V8Z1NM8AY,Shioti,PD80VCP5N,虹ヶ咲学園,422,0,12474,154400,2,5,3,4,2,1,2,2,21
N68YVV0FP,ロータススカイ,N34LHVJKN,のんびり堂,924,0,12475,154270,5,1,1,1,2,1,1,1,13
PGV4JBVV0,アライグマ,CWL6UENU1,おだ,317,0,12476,154220,1,2,1,2,1,1,1,1,10
4S97C4404,やま,H1G4CDT6C,無言自由,947,8,12477,154130,7,8,4,7,3,7,8,3,47
HX5NOTXVM,nao,N1JM7M3YC,丘側,367,0,12478,153950,5,5,6,6,4,1,3,4,34
U3J86HHB4,アリス,JY79RPB1D,リンクラゆる部,1184,5,12479,153770,7,6,2,7,7,6,9,3,47
M3YE0N53F,一遍　智真,PPAHU1TNY,蓮ノ空のんびり部,1222,12,12480,153680,5,2,7,4,6,6,8,2,40
31OMMQDTE,ヴィノス,866DU609J,ラ！スレ@may,773,1,12481,153590,10,4,3,6,7,7,4,2,43
5L122VMYL,枢木,1UBNNHVLG,蓮箱推し（仮）,1041,6,12482,153460,4,2,5,5,5,5,4,2,32
DKXPRFRGH,M3NB4L,GPKTRBCTT,騎空団蓮ノ空支部,948,0,12483,153410,1,1,1,1,2,1,7,2,16
0CPELA2R2,さとしょー,2K5AM4RV0,とろぺりです,523,3,12484,153140,2,2,5,2,8,1,1,2,23
H67RZX7LR,イナフミ,L6MF2MPBN,みらくらぱーく党,1417,15,12485,152969,10,8,5,5,6,4,5,2,45
B7D28PPKV,sion,PHLRY3XRP,とりあえずやろう,423,0,12486,152920,1,1,1,1,2,1,1,2,10
92NHAF3N2,ハチミツ,H6JWBBGCG,蓮天・乙宗一心流,732,2,12487,152870,2,7,1,2,2,4,1,2,21
X7GJZ7TMS,スピリチュア焼肉,7AATUNUPE,無言サークル,584,1,12488,152798,3,1,1,4,2,4,4,2,21
KRAJQRU2D,あげだま,9YG7C0VM7,綴理と無言で昼寝,1159,0,12489,152780,7,8,5,7,6,7,5,2,47
YRU3TKL8N,Jまっくす,A56X45M2C,どんばる同盟,340,0,12490,152740,1,1,1,1,1,1,1,2,9
4U89PSEP2,カプチノ,2JK7E4115,ラ！推し,1212,2,12491,152690,8,5,7,7,7,1,10,2,47
3KVRTPKJ9,TK,UHF5Y8PEF,さやちゃん倶楽部,1078,2,12492,152470,1,1,2,1,2,2,1,2,12
7THV8FYXW,ささみ,TEWA0PAVY,蓮ノ空どら焼き部,301,0,12493,152285,4,10,6,6,10,6,10,2,54
68HAHFRLF,二葉,UX96YX4T1,『位置について』,201,0,12494,152240,2,7,6,2,4,5,1,3,30
WWRXELOC7,なちゃん,0B8RTHY4D,のんびり屋さん,896,4,12495,152150,8,10,7,10,9,9,9,2,64
MTZ6HVL47,ケイタ,H5L4U34AH,あ,473,0,12496,152110,1,1,1,2,1,1,1,2,10
WL5WLVW8N,がみそ,RM7N1JDB5,無言推奨不干渉会,1122,5,12497,152060,7,6,4,5,6,4,4,2,38
20K2DP3KJ,244,86HJ2R1H9,244,703,1,12498,152020,4,4,1,5,1,1,7,2,25
JKV3PF93N,Masato,KXMXL2KRX,超初心者,546,0,12499,151970,10,5,1,1,2,1,8,2,30
MDFPPP2KQ,マサ,N5Y24VNFN,個人,535,0,12500,151840,2,2,1,4,1,3,1,5,19
3YBKVJR3W,梢,N6T2MVATD,まったりサークル,1104,1,12500,151840,6,8,2,6,6,7,9,2,46
R2GKXJJBF,ラララ,3L9R1604N,頑張る人は美しい,944,1,12500,151840,7,6,4,2,5,6,5,2,37
DGG69UURV,えんじゅ,FTUJJ5KM9,無言◎私生活優先,476,0,12503,151772,2,3,1,1,2,1,1,2,13
3VBVN8WDH,Meaw252,J80MEYHBC,Nymphaea,861,0,12504,151700,4,4,5,6,3,5,7,2,36
C274ZSJU7,シー,H0DV3JJGA,かほさやてぇてぇ,867,2,12505,151601,4,9,3,5,6,5,5,2,39
GNMF3R591,あにゅ,M6NUAVA16,どうなんのすみっ,928,0,12506,151520,7,8,5,8,7,6,9,2,52
G68GX9XPJ,半夏,BXJ6WV4TB,中国club,855,0,12507,151480,2,1,3,3,2,1,1,3,16
01A8369EH,ムナゲシロ,AW470U964,ボッチ会,1009,3,12508,151030,8,7,4,7,7,5,4,2,44
3D8Z9IRRW,ヨシ,1618JMRED,リンクラ自習室,536,0,12509,150890,3,2,5,2,2,4,1,2,21
GB6C863HN,七草,CMH1RXEGH,仮拠点,378,0,12509,150890,1,2,10,2,4,3,2,2,26
FK59EC4EQ,ぺ,59AK7LJ7A,とりあえず,1130,6,12511,150746,6,5,1,1,2,2,2,2,21
7VRK689NN,弥三郎,J5CKL5YPX,ログイン勢かもん,965,0,12512,150530,5,7,7,7,7,6,10,2,51
5MFLYL3VN,サムル,JY79RPB1D,リンクラゆる部,432,0,12513,150310,7,8,5,8,5,4,4,2,43
J6WMUJKYP,ぴ,7AU131BMP,pcomm,622,0,12513,150310,8,5,4,1,4,1,4,2,29
RX97RXPV4,gf,YD2XWWFA4,蓮好き好きクラブ,667,0,12515,150233,3,1,1,4,2,4,1,2,18
XPPAMVGVN,黛雅硬度十,,,902,5,12516,150062,4,1,5,4,1,2,1,2,20
DL8BELLH8,きさらぎみかん,J6J9FENX6,マッスル梢,990,2,12517,149990,1,1,1,1,1,1,1,2,9
36YLRT658,ゆう,JX6D6TL96,蓮ノ空武蔵野支部,531,0,12518,149950,10,5,5,5,4,4,5,3,41
JJJE9RHCL,人造魔導士ケフカ,53M4V2BVG,吟子の髪飾り,107,0,12519,149891,3,2,3,3,4,1,2,2,20
N0NAKE9V5,tp,D5YC75NF3,畜群,368,0,12520,149860,1,2,1,2,1,1,1,2,11
4HHLR39D4,DiaeoJ,BWD9U1EJ2,蓮之空中国同好会,473,2,12520,149860,1,1,1,1,4,2,1,2,13
82CBPPX44,胡桃,BBNEWB1UA,蓮ノ空紅茶部,229,0,12522,149590,4,4,2,2,3,1,2,2,20
0PGLE3B4N,もふもふけだま,9BW3ECEXR,毛玉,486,0,12523,149549,3,10,3,3,1,1,1,2,24
XUR0XUV0J,ジェイ,A86FEX2JC,おやさいさん,859,1,12524,149540,8,8,6,7,6,5,8,2,50
O9K07AIZI,ぱなよ,9UKKACGDU,蓮っ子CLUB,1034,6,12525,149360,5,5,5,5,6,5,5,2,38
8DFJ8S1XO,たかけん,M206VENTF,蓮紺の会,863,1,12526,149180,6,4,4,7,6,4,6,1,38
LY2YHPYTH,ノノン,LYPVAETHY,金沢の泥,928,2,12527,149140,5,4,4,5,2,4,4,2,30
9X50UZ9P9,naota,DDJVYDF1F,765,537,2,12528,149050,5,7,4,2,2,4,1,2,27
BBMVAR170,木村忠右衛門,60KU468X3,はっすーず,1164,2,12529,148960,9,5,6,8,7,7,6,2,50
KA39KWN4C,二又正疑,GGK2P93JK,きゃらめる,568,0,12529,148960,7,5,4,6,3,6,4,2,37
S1JV5N6YK,たんご,B3N8G5EKL,リンクラトゥーン,790,3,12531,148730,8,8,8,6,7,4,1,1,43
1DN6PVN6Z,ギンコ,28XJ8NK4L,蓮ノ空まったり部,881,4,12532,148690,2,9,3,9,2,1,1,2,29
OTDAQOXIM,nyochio,MWT91W455,つづこず大好き部,692,1,12532,148690,1,1,1,3,4,1,2,2,15
FVBE2MWPC,杏,YUVK7R51W,萌え萌え倶楽部,873,2,12532,148690,5,7,4,6,7,4,5,2,40
68CY4ANVP,悸动战士,M08GKL70U,ららマジ難民の会,605,0,12535,148600,4,1,1,4,4,1,1,2,18
PVCIO22QE,けけさん,H1LTYMK0B,花帆が可愛いの会,952,5,12536,148370,6,1,7,4,6,7,8,2,41
P3XJLGH8R,CROW,N83DW3NYG,†極最強倶楽部†,607,2,12537,148352,3,2,2,1,2,2,1,2,15
6KT8BCNW4,トノ　オカザキ,GK9X3XGW1,さやか好き,650,0,12538,148330,5,7,6,8,5,4,4,2,41
18WBI43OO,LINK,N0EXH1CM1,ぱちぱち徒町,913,2,12539,148280,3,3,3,8,6,7,5,2,37
97MMUVGXG,eth11,JKAYY0KXL,自由！開心！,797,0,12540,148190,6,8,1,7,2,5,9,2,40
Y3W2722C1,チビタコ,4KRBU0KFF,ノーチャン会,163,0,12541,148100,1,4,3,1,4,1,2,1,17
PT4GMW7WK,たく,BJU442K20,梢センパイが好き,601,1,12542,147920,10,10,10,3,6,10,6,2,57
ITF1IHC09,ヘアン・ナツミ,69PA9MXRL,バースデー料理部,803,2,12542,147920,5,2,4,8,1,1,9,2,32
VU719X1CM,Kozu,4RNUXBXGL,みらぱ最推し,247,0,12544,147880,1,1,1,3,3,1,1,2,13
RV1DD28DV,Runaway,FG4170141,♪さやか愛好会♪,313,1,12545,147610,5,4,1,1,2,1,1,2,17
H97C6AY96,蘇枋と桐生推し,BEMED3RY1,無言無課金ok,126,0,12546,147497,4,2,4,3,4,2,2,2,23
JMHN6B7FM,ぅゅ,1EBG7YUTL,菅！CAN！叶！,756,1,12547,147470,5,8,7,1,6,3,9,2,41
4J4TLETYB,たいち,WEXP8MADJ,つづりのおでん,638,0,12548,147430,2,2,2,2,3,2,1,2,16
42V0E1DV8,咲夜,NX9KJK529,虹ヶ咲学園,1002,3,12549,147110,9,8,6,8,5,6,9,2,53
UBNMRV1Y3,横ふわ,4LU50R56J,誰でもOK,756,0,12550,146840,9,8,6,9,8,5,8,2,55
HRBE5IPTH,もぶ,58FD7UF8J,としとしサークル,1200,2,12551,146750,1,10,3,6,7,1,9,2,39
3312PQ7SE,Elpepe,FHN78V2DJ,無言でどうぞ,893,6,12552,146570,2,4,7,8,6,4,2,1,34
WYJNFFTXE,☆HAYATO☆,X0TFG829Y,ボクのおうち,638,1,12553,146390,5,6,5,2,2,6,2,2,30
9BHFE79JR,SONIG,08825LEVF,ソロ用,632,2,12554,146170,4,10,4,1,4,2,9,2,36
55SBGLL9A,ウソ86,18YYNRFGA,LotusSky,713,2,12555,146120,2,3,2,3,3,1,1,2,17
ERBVQUP87,srt,5W8RPRVUA,ド！ド！泥！,845,2,12556,145958,1,2,1,2,2,1,2,2,13
0ARHFIUG9,メルディ,6N3F238R0,イベント参加用,589,0,12557,145900,2,3,1,3,1,1,1,1,13
5NW5285LP,いろはす,E49YWK5YC,酢蓮根,662,0,12558,145810,5,6,1,3,2,4,1,1,23
5G5P2FCHL,おぐりな,C8FW4K1FM,蓮箱＆姫芽推し,425,2,12559,145787,1,6,3,2,5,2,1,2,22
QD1ZFCBWN,由宇,6D49YVAT7,ユニット愛で隊,1110,7,12560,145670,8,7,7,8,7,7,10,3,57
WDJCCFW9T,はー,43HRXMXWA,無言OKクラブ,600,0,12561,145445,3,2,1,2,4,1,1,1,15
KKBZAU513,2ndaid,T045NDKW0,♬さやか愛好会♬,1033,1,12562,145400,5,9,4,8,7,2,5,2,42
VMX7X0LNJ,DekuLuna,TFGKYEY98,LLP JR,1003,0,12563,145180,10,9,8,9,8,7,10,6,67
8M3DODEVR,フォロ,HBCC35887,そりゃー!!!,908,8,12564,144860,8,8,5,10,6,5,7,2,51
CWA2RMNXB,ねるな,AVX749PPB,姫芽ちゃん親衛隊,278,0,12565,144770,7,4,1,7,6,6,2,2,35
1JM8GDBD3,ねりぽて,1TTD4X6NC,一人親方,210,0,12566,144761,1,3,2,1,2,1,1,1,12
093A84L61,のなきゃ,VD7N7A4WH,氷青色,507,0,12566,144761,1,1,2,2,2,1,2,2,13
U8JYWGJJT,ときわ,VF517JBVB,無言でいいよ。,759,0,12568,144680,10,9,6,6,6,5,6,3,51
2TR8JCKPG,あ,W2FPR5BVF,あ,460,0,12569,144640,5,6,1,1,3,1,1,2,20
U4N45RGR6,なおかわ,9P9EPKFHE,無言参加OK,423,0,12570,144590,5,4,4,4,3,2,3,2,27
3JLP1DCKC,めぐり,TXNCTRR1U,瑠璃乃推し隊,986,0,12571,144320,8,7,5,8,8,8,7,5,56
A07M9JVJV,700系,6YTAMD33M,リリエンフェル党,542,0,12572,144280,9,4,5,6,4,5,4,2,39
KNYXLUM5D,おちゃぴ,FMKP92LRL,目が霞む人達,958,2,12573,144248,9,7,5,9,7,5,8,2,52
5HBHXP7R2,マサムツ,N6LR8C7AE,泥の民,986,0,12574,143920,10,8,6,7,6,6,7,2,52
YSIGA0SHU,しみっち,0CEA9XFKR,蓮ノ空の泥人会,844,0,12575,143870,10,5,1,9,3,5,8,2,43
T2UAJXABA,RyuBell,UHWA4YLWP,蓮ノ空を見守る会,1109,4,12576,143740,9,8,6,7,7,6,8,2,53
BM5D43799,テノール,NX9KJK529,虹ヶ咲学園,648,0,12577,143650,4,1,3,4,2,3,1,4,22
9RXX57J8D,柚子胡椒,NWF38B4JR,柳田です,161,0,12578,143564,2,1,9,2,1,1,2,2,20
03YC4YB6X,まー,427WENUC4,心の癒し～蓮ノ空,102,0,12578,143564,5,6,3,6,4,2,2,2,30
95NGNW57D,たか80,JHTULVV5P,故に瑠璃乃推し,855,3,12580,143420,10,8,5,6,7,5,2,3,46
NXLYM8PUL,結瞳,XVTV7MVCX,雪月花,710,2,12581,143290,1,1,1,2,2,1,1,2,11
A7G2UITBV,m,WJY2HK6A5,蓮の空イベント部,478,0,12582,143150,10,8,8,4,6,6,5,2,49
H14IA2HZ6,藤町翔,HMBW9DXY2,蓮好き皆あつまれ,924,0,12583,143051,6,6,3,4,2,1,4,1,27
31XG43TME,デュオ,F90XW14UP,のんびりプレイ,314,0,12584,142970,7,6,5,6,5,7,4,2,42
PXD7DWWMD,ゆんゆん,PR2BGEK5K,ありがとう大三角,677,0,12585,142880,5,3,6,6,2,1,5,2,30
IOZ7DTJXX,ともっち,0JY7F3EKU,さやか愛でる会,804,0,12585,142880,4,5,1,4,7,6,7,2,36
DA7M3AUL5,FW.,W2RUWYA8R,熱血音ゲー部,301,0,12585,142880,1,1,1,1,3,1,1,2,11
AVTMA32X9,ささのかめ,60D1TTYTV,無言自由会,592,0,12585,142880,1,2,1,1,2,1,1,2,11
H412APX65,こず＠り,7D5TKBG45,リ!リ!リ！,489,0,12589,142790,2,1,2,3,3,1,2,2,16
BJ4LGT4KT,南小希,WFPA7YJE1,蓮ノ空文芸部,351,0,12590,142750,1,1,1,1,4,1,1,2,12
ABMWB60BF,十夜,JH5FX56N2,のんびり,857,0,12591,142660,7,8,5,6,6,4,8,4,48
JYOQN37TO,@.com,HKETDDCK6,ぼっちざ蓮!!,740,0,12592,142570,6,6,4,4,4,4,7,2,37
B558WPNMA,タカノリ,X2C9T4GMD,スクフェス残党,336,0,12593,142538,1,2,1,3,3,1,1,2,14
DL805W28D,クロエ,08DDCV5JN,黒ねこのしっぽ,697,0,12594,142430,7,4,1,4,2,4,1,2,25
9Y6J1BMFF,mong2,RAP9FVR3B,あばうといち,906,4,12595,142340,6,6,9,6,6,1,6,2,42
0CSFBFBRM,taryo,EHGD5JJK1,限界夜行,946,1,12596,142196,6,8,7,4,4,5,7,1,42
MNGWJQBPG,七代,BUMKNLWVG,ミルク王国内灘,651,0,12597,142120,5,1,1,1,1,1,1,4,15
JPC4KCPMX,Sandy,GL2MWT0L8,For Fun,803,2,12598,141940,10,8,1,4,4,5,4,3,39
4BGJUFC6D,hiro,V6DKUH6JT,報酬だけほしい,743,2,12599,141890,9,8,1,8,2,4,3,2,37
I9BI8KDK1,ムラ,YAY2UK2CT,蓮の空研究部,960,1,12600,141800,7,5,7,7,8,6,4,2,46
QWA2BB5RF,オノロオロ,ANCNM0UPK,スクスタ適当部,889,0,12601,141670,2,2,1,2,3,2,2,2,16
R927K0BX9,coko,6YTAMD33M,リリエンフェル党,241,0,12602,141512,3,1,4,4,1,5,6,3,27
IYSWPAQWP,may,9X07VGM42,近江町食べ歩き隊,1030,2,12603,141350,7,9,6,9,7,7,7,2,54
09OTZCUYU,かぶと,4BU2PJLC1,Sky,590,0,12604,141341,1,1,2,1,2,1,2,3,13
BPCBNOX70,風祭,NP57JXPBD,音乃木坂学院,715,0,12605,141220,5,6,2,5,4,2,4,2,30
UDA64P91K,ドナルド,W09WBG3HY,どろんちゅ,1166,3,12606,140990,6,8,5,7,7,6,10,5,54
8MLE59DRL,霽月,4RATY4E84,DC大好きクラブ,468,0,12607,140900,6,9,5,9,6,4,6,2,47
9WWBYPWPT,みかげ,5YXVKDEKV,サークル(仮),68,0,12608,140860,5,4,5,5,4,4,1,1,29
0TV1FRN83,Miror,2B97MH4YA,同じ話し何回も…,505,0,12609,140828,4,1,7,5,6,1,4,2,30
QIU2TBKQA,フユ,GYH0B7CVU,瑠璃乃推し大阪,709,2,12610,140720,1,8,1,7,9,1,5,2,34
1AVD54MGO,Shiang,F4M2CD1U8,梢中國同好會,609,1,12611,140500,2,2,3,1,1,1,1,2,13
AGUF3K3X1,猫山半太郎,U8GLCJVJP,コミュ障用誰でも,887,4,12612,140450,4,1,5,7,2,1,2,2,24
6NNEP6F86,やまひつじ,JXN6XJAFK,ぼくなんなの,549,0,12613,140360,1,2,1,1,3,1,2,2,13
0MRFE0VJ4,メープル,HPTHY23VR,蓮ノ空文芸部,328,0,12613,140360,2,2,1,1,2,1,1,2,12
N6L3BDRKG,X,N1JAJ83CA,蓮ノ空園芸部,930,6,12613,140360,8,7,4,1,4,1,1,2,28
AUMZ8B2VS,ちーちゃん,97BGFLKW9,◯◯◯,554,2,12616,140144,2,3,1,3,3,3,2,2,19
M1YPR8ARR,ミッチョン,82HYF9GJ8,函館聖泉金沢支部,662,0,12617,139973,4,1,5,7,1,6,1,2,27
KB4PK4WEK,かほぎん,UHF5Y8PEF,さやちゃん倶楽部,1004,0,12618,139910,9,8,7,6,9,8,8,4,59
3LMJXWUZB,勤狼,FHN78V2DJ,無言でどうぞ,948,0,12619,139640,1,1,1,2,2,1,1,2,11
JBYR7RJWW,エモ好き,NMRKHYYRM,ご自由にどうぞ,99,0,12620,139631,4,5,4,5,4,1,2,4,29
MB2OFNCE9,藤巻商店,7W66KAFEB,ログボ勢,878,0,12621,139600,7,7,10,1,4,1,4,2,36
L4NPT2YZJ,あやん,KJU0BU77M,無言交流なし,808,0,12622,139510,1,1,1,1,2,1,1,1,9
WRQOR4H0V,Rino,9DKR4Y2CJ,蓮ノ空老人会,1025,7,12623,139280,7,7,4,7,6,4,8,2,45
121BRJFA6,ヨシ,CJWR9P8LM,花帆さん愛でる会,707,2,12624,139240,10,8,5,5,10,5,5,2,50
Y2Y3DWH3R,こじま,R1RM3X0WV,後方腕組みオタク,756,0,12625,139150,7,4,6,1,4,3,5,2,32
4PN58S2U4,ゆーき,2U4GLJXLJ,泥の中の養分,909,6,12626,139010,5,7,9,9,6,1,5,2,44
MIL943E6B,GARP,P71N9294U,サークル(仮),806,1,12627,138970,5,1,1,1,5,1,1,2,17
H3MXCP4CL,おーいし,KW03UYM9N,hshs,489,0,12628,138947,7,6,6,1,1,3,1,2,27
R1PYF2E05,しなっぽん,43AJ7FFV0,みらくら部,783,6,12629,138920,3,8,4,5,4,3,9,2,38
P60948E47,茶っぴー,89K9Y7MX7,初心者歓迎,239,0,12630,138880,2,1,5,4,3,2,1,2,20
DBRJ81R3P,ポンコツ,V0C1G8LAH,音ゲー愛好会,148,0,12630,138880,2,1,3,1,1,1,2,2,13
W7AP2S2QN,でっぴょ,FG9A9ARX1,忙しい人あつまれ,403,0,12632,138740,4,1,1,1,2,1,1,2,13
CB62KJWG2,MaYA,6YTAMD33M,リリエンフェル党,171,0,12633,138560,2,1,1,2,2,1,1,2,12
WR279Y1FJ,あや,UVK38MFR2,蓮の虚無サー,961,5,12634,138520,10,4,3,1,2,7,2,2,31
8EC1MVTRG,テイラー,DF7FA982P,蓮ノ空百合部,343,0,12634,138520,5,1,1,1,4,2,2,4,20
WV5UHCGK9,イチゴタルト,9E910GGD2,蓮ノ空給湯室,769,0,12636,138430,1,1,1,1,2,1,1,1,9
B9GKXQVQC,上野,F2M746D4B,頑張らないクラブ,1093,0,12637,138380,7,7,2,8,3,4,1,2,34
M289GFECK,fumiyan,CWJJA5DPU,まるいものが好き,905,0,12638,138290,1,8,1,8,1,4,6,2,31
HT4PYUDEC,カルロス,54JWUD9X0,異次元からの者,745,0,12639,138070,4,8,5,8,2,4,4,2,37
B0JNEHM15,piyomi,WNMCNJ62M,チームまったり,723,0,12640,137930,8,2,3,4,5,1,1,2,26
WLEV2MGP1,つむぴー,414CEUPEH,アフター見よう！,446,2,12641,137890,1,8,1,4,2,1,5,2,24
CMO03YQUY,乙宗快急,GYBERP62P,乙宗梢を推す会,723,0,12642,137750,6,7,6,7,5,4,5,2,42
3G0DJ1DJD,toto,A3472CNJE,ハントン✿ライス,39,0,12643,137710,2,4,3,2,1,1,1,2,16
1J958HF7D,せな,WLAXT7CTW,碧,744,2,12644,137660,7,6,6,3,2,2,2,2,30
625C9YK23,イズミヒロ,3194B9E93,初心者寄り合い所,1015,2,12645,137570,8,7,8,5,7,5,10,2,52
8CZKLQEFN,PTilt261,5YEE75CB4,ロビーで待ってる,142,0,12646,137408,1,2,1,1,2,1,3,2,13
ARM9EBK5E,まりりん,93UFP012L,OYJ!!!,989,1,12647,136940,10,10,8,6,6,6,8,2,56
Y0GDLKCTC,真白,XYRA2MND0,蓮ノ空ゆっくり,359,0,12648,136850,7,5,3,4,6,3,1,2,31
N93CDTUGC,ニシ,0VEMMV8E2,スリブとまったり,772,0,12649,136810,8,9,4,5,3,4,8,2,43
G1DM8FX3M,41,CCACL2CMM,暗殺者チーム,244,0,12650,136760,2,5,5,5,6,1,1,3,28
V99H9F9LB,ソフィー,51TX2LK29,私たち、輝き隊,321,0,12650,136760,1,1,1,1,1,1,1,1,8
DVXC35HH1,サワラ,U98UKD6RY,異次元フェスP,1169,7,12652,136724,2,1,1,1,2,1,2,2,12
22D77EQR8,ADE\ｎ,JUR1D0LRC,YRP,940,0,12653,136630,8,7,1,10,5,6,5,2,44
2P97UK067,ドヨン,9D722M8KC,蓮ノ空同好会,707,0,12654,136553,1,8,3,1,2,3,2,1,21
H2N7VRGK0,ビタミンカ,4XVD1CXVM,KIT,171,0,12655,136490,10,9,10,6,6,8,6,2,57
I385LMJ8K,ノノ,HXVYGL96H,初々しい対抗戦,1139,8,12656,136400,6,5,1,7,4,4,4,2,33
8310EH618,ちー,12KVAFYW2,217find,495,0,12657,136270,6,6,2,1,1,2,4,2,24
4E6C1NLK3,ゆる,9147HWMAR,誰でも大好き,1061,5,12658,136220,7,5,5,8,7,5,7,2,46
8FV4A6HPK,紅い子,BEMED3RY1,無言無課金ok,721,0,12659,136090,2,2,3,3,3,2,2,1,18
AHBVTJC99,結愛,WCL6R1ANU,無所属の会,330,0,12660,136040,2,4,2,1,2,4,1,2,18
97BFH3LHN,しかまる,1KDUBW4HB,めぐ党0番,311,0,12661,136000,2,1,2,1,2,1,1,2,12
O0B97FW7H,ともちゃん,15UKCFG7X,ろーたすぺたる！,734,0,12662,135860,6,8,6,6,5,5,2,2,40
L1V92L78V,きはる,YVV9CMBLW,東京公演で沼落ち,903,3,12663,135590,1,10,5,5,6,4,9,2,42
DV7UERFNM,yamu,BEMED3RY1,無言無課金ok,167,0,12664,135014,1,1,7,1,3,2,1,2,18
FVGIW0W9J,PON,HMBW9DXY2,蓮好き皆あつまれ,897,1,12665,135010,9,1,1,4,2,1,5,2,25
UWKY160LG,らしまる,LAKRG5NK9,ログイン勢,1079,8,12666,134960,2,1,1,1,2,1,9,2,19
WR8D966CD,プレセア,G8EE23LB9,虹ノ空クラブ,1117,12,12667,134600,5,4,6,10,4,10,5,2,46
CV1T7VNCB,ばく,NK05UMLWW,かけ込み寺クラブ,399,1,12668,134510,1,4,3,3,2,1,1,2,17
G753RE72V,クラフト,MVMP6NNXD,空き時間らくがき,910,7,12669,134420,5,5,1,10,5,1,1,2,30
D69XAVW61,だいも,N6TVG18P8,すきすきクラブ,278,0,12670,134150,10,8,5,8,3,4,2,2,42
FR100LO54,FSN999,C9DAJ6YFV,のんびり,242,0,12671,134110,1,1,1,1,4,1,1,2,12
KGU95TU6C,バシム,KFC62L0FV,ねるねる同好会,1058,7,12672,133970,8,10,5,7,6,4,8,2,50
9QJ8W6IET,御影ステア,7JBTC1J7U,いろ蓮,762,0,12673,133880,5,7,5,5,5,4,8,1,40
GCXJ4RFPJ,たかくら,4RNUXBXGL,みらぱ最推し,331,0,12673,133880,1,1,5,4,3,1,2,2,19
FTVFLRGB0,てったん,5L9GNT78V,叶え！私達の◯◯,115,0,12675,133817,1,1,1,1,4,3,1,2,14
9MWM19FBC,オビワンケノービ,A8BJ5V3ET,はすのそら,691,0,12676,133790,1,4,1,1,2,4,2,2,17
23PTP9P8W,すいむ,3PLMXJ3BY,RR軍,1040,2,12677,133700,5,7,4,7,5,4,2,2,36
3Y0ARND7N,＜感謝パンチ！！,H6JWBBGCG,蓮天・乙宗一心流,91,0,12678,133570,3,1,1,1,2,1,2,1,12
4MPBSFDZY,このみ,7WUYE3E7M,にゃんにゃん,192,0,12679,133390,1,1,1,1,1,1,1,1,8
RTUC40J18,そら丸,YMKU30246,参加賞がほしい,149,0,12680,133304,6,9,7,10,3,7,4,4,50
E3FM7CAVZ,ゆうなぎ,NFMEGRJ45,社畜無言サークル,754,1,12681,133030,2,1,1,1,2,1,2,1,11
9B641ENRD,ふうかっちょ☺️,PUJ0ERCMW,蓮ノ空倶楽部,97,0,12682,132940,10,8,6,7,2,5,3,3,44
XYH0VMW50,りり,9X07VGM42,近江町食べ歩き隊,1059,0,12683,132890,7,8,4,5,4,6,6,2,42
ZW4BJZ3YG,上原サスケ,88754FX7W,ペンギンホーム,1075,0,12684,132800,6,4,5,6,6,5,7,2,41
62LSRJSY0,strudel,J05PKV648,Hasucord,408,0,12685,132760,1,1,1,1,2,1,2,1,10
TQ3UH813B,おじパン男爵,NGMU0511T,無言のお茶会,658,1,12686,132620,1,1,1,1,2,1,2,2,11
FP6GJPMNX,卯月コウコク,GPNHEGM8H,卯月軍団,480,0,12687,132580,1,1,1,1,2,1,1,2,10
G5JYUEGF3,あきたか,T2XRMGEAE,蓮根無言会,627,0,12688,132440,1,1,1,1,2,1,1,2,10
LLE02YP33,朱莉,7NFK6A4AN,だらけ屋本舗,971,4,12689,132260,9,9,8,9,7,5,8,5,60
L77GVGUIM,傲慢な学院生,RGR1NVGWH,無言推奨・自由村,199,0,12690,131936,2,1,2,2,1,1,1,1,11
D8BRV4XC4,みやじ,3BDTCERX6,打ち返した流れ星,461,0,12691,131860,2,3,2,2,2,2,1,2,16
GAEI9QPFF,チャン,JCRNT9GKB,ハントンTKG,805,2,12692,131765,2,1,2,1,7,4,1,2,20
3RYG0DB99,udeo,2CRT48K9F,百万アンペア,427,0,12693,131680,1,1,1,1,2,1,1,1,9
3VWF7JEXT,ツカタク,H6JWBBGCG,蓮天・乙宗一心流,838,1,12694,131590,1,1,1,1,2,1,1,2,10
7XC6AQUE6,あなたちゃんだよ,EKACCPWWB,タフノ空学院,935,1,12695,131540,1,8,5,1,6,5,8,2,36
R3M836CUG,いなほばし,C8A9CTB34,蓮ノ空山岡家部,238,0,12696,131081,1,2,3,1,2,5,6,2,22
4MLL5NJUH,ナナハマ,VA6X5YNNF,スリーズ分家,270,2,12697,131050,1,1,1,1,2,1,1,2,10
1KPTFBN7X,りゃん,YD2XWWFA4,蓮好き好きクラブ,642,3,12698,131000,2,2,2,3,4,1,2,2,18
RIG2651K0,よし岡,AR9HR528A,いろいろ実況,778,1,12699,130910,1,1,1,1,2,1,1,1,9
WB45XP6CL,ムートン,M67ACEP3M,オーバーブースト,722,2,12699,130910,4,1,4,1,4,1,1,2,18
69VYNJ6LX,うおのめ,VXDPPJJL1,蓮ノ空リボ課金部,802,0,12701,130780,2,8,3,5,6,9,1,3,37
UKYBOV1V3,ぁぃみ,PHMJLJY5E,ラブライブ愛好家,588,0,12702,130730,7,6,4,4,7,7,5,3,43
CLP8UPEQ2,Nicetsu,PXNFHV8KE,ラブライブ!タイ,354,2,12703,130397,1,1,2,3,2,3,2,2,16
BXW228NHJ,リンクラちゃん,6CE6UCTJE,ソロ,616,0,12704,130370,5,2,6,6,4,4,1,2,30
SWC6400DJ,そんちょう,TW2M129HM,花陽ちゃん,1191,0,12705,130226,8,8,5,8,7,5,7,2,50
Y5C8UW2YN,masa,E719GTAYV,めぐ待機室,1091,4,12706,130100,6,8,5,5,6,6,8,2,46
1TFM3ADGW,大トロ,5YJBYGEK5,さやかほ～,499,0,12707,130060,1,1,1,1,1,1,2,2,10
UWT4NBVEX,nr,96LWYJ3Y6,無言絡みなし,754,0,12708,130055,1,5,1,4,2,1,4,2,20
DL97NIB77,柚月,E7UBFLW56,同好会の同好会,919,4,12708,130055,1,3,2,1,2,1,1,1,12
V7CD7P002,アニョ〜ル,KY4NEVD9W,かほかほさやさや,1088,2,12710,129830,7,8,4,4,4,6,6,2,41
CHHYTERAM,djgdshh,DUK0X7DB1,中国愛蓮同好会,216,0,12711,129790,2,4,1,2,3,1,1,2,16
7LWFC372T,月光るな,0CBM28JP6,ほうき星,381,0,12712,129610,1,1,1,1,2,1,1,2,10
BYYBXYMGH,AA,HWWRP6K2J,家に猫がいます,528,0,12713,129560,5,7,5,7,4,1,4,2,35
L7XYPBW5K,ヒイロ,J0N1E3Y09,月火水木金土日,885,1,12714,129430,6,1,1,2,2,1,1,2,16
PY4N1VYHB,ひな,YMKU30246,参加賞がほしい,371,0,12715,129380,9,8,6,7,7,4,4,3,48
PK4Y60F2L,岸田文雄,XGK5TRHBA,パチ○コ錬金術部,149,0,12716,129250,1,1,1,1,2,1,1,1,9
UT5NH612R,青木陽菜,FN6HMA6KH,さやか激推し,387,0,12717,129110,1,2,9,10,1,10,2,2,37
N418MS6HN,yoooo,AR9HR528A,いろいろ実況,1173,2,12718,129020,7,8,6,6,6,5,5,2,45
KVB1LKU8V,書けない未来,5JA9K5FAK,オタサーの姫芽,119,0,12719,128858,2,1,1,1,2,1,1,1,10
B54BOGPZ4,新垣優一,5C2EVBBC1,まったり蓮ノ空,646,0,12720,128710,1,1,1,1,3,1,1,1,10
1PC4GRJ54,Saika,TWJ862EPN,こにゃとも,257,0,12721,128660,5,3,4,2,3,4,1,5,27
G7H7YJ19X,ryo,EJY6B26D1,After見たい,351,0,12722,128516,2,2,1,1,3,1,1,1,12
PS9PNPQK0,あううあきゃん,158GJNXLF,Liverの集い,1075,5,12723,128390,1,7,2,1,1,1,7,1,21
0VQKCO7RJ,すあま,0MHM887UA,円都流氓,1026,3,12724,128300,7,7,3,3,6,3,10,4,43
V6W1WDJB5,凛,LLDLG20UU,UR取り隊,513,0,12725,128003,3,3,4,2,3,2,2,2,21
XUA2BW3C4,fe,XVTV7MVCX,雪月花,85,0,12726,127900,3,2,1,1,1,1,1,2,12
VURJPDMAQ,若紫,H6CCL64P9,NATTO,906,1,12727,127810,7,8,7,1,2,8,6,2,41
CY91HK41G,さくら,E1HVJ71JR,ご自由にどうぞ,575,0,12728,127720,9,6,1,1,2,1,4,2,26
LMW6LMG8G,Dagu,279NUYU7C,れんこん,666,0,12729,127630,1,1,1,1,1,1,1,1,8
KET9P06MR,うゆん,75HVLH35B,ぼっちノ空,650,0,12730,127450,1,1,1,5,1,1,1,1,12
Y9XIRCDV8,びすこ,8GAY2WBT6,(・8・),1208,10,12731,127220,8,9,4,5,6,7,5,3,47
M5F2MKCX1,ディアゴ,FJMA5BPPE,蓮ノ空すきすき部,774,3,12732,127148,2,2,5,4,4,2,2,2,23
T9MFHVU53,奈々月,7J3DF36RX,綴理しか勝たん。,807,0,12733,127000,1,2,1,2,2,1,1,2,12
G0UWXYYP5,ほやほや,6162K5E6A,ろむ,163,0,12733,127000,7,8,9,9,8,4,5,3,53
VG8ZMSLND,DiMO,279NUYU7C,れんこん,984,1,12735,126806,5,1,5,5,6,5,5,2,34
BDMRFDU90,ㄇ,7D5TKBG45,リ!リ!リ！,250,0,12736,126590,1,2,1,2,2,1,1,3,13
TM41WCXY4,シュウ,U57VPUTEE,ゆったりクラブ,658,1,12737,126410,5,7,3,3,5,5,1,2,31
4XDZAH7P7,Hisoka,MUXWTW1GV,蓮の空見守り隊,535,0,12738,126320,4,2,3,4,3,1,2,2,21
YN71AG25R,ひかり,WBXF9XXW7,さやつづ愛でる会,97,0,12739,126293,1,2,1,1,4,1,2,1,13
VD50U754G,くらげ,EJG6V1740,テスト,651,0,12740,125951,2,1,2,1,1,1,1,2,11
UM5025YKG,村野めぐみ,VKW1GNAPL,伝統を守ろう,723,0,12741,125920,8,7,4,4,5,5,8,2,43
2F9N19ECM,ゆうすけ,U8GLCJVJP,コミュ障用誰でも,846,0,12742,125870,7,4,4,8,4,5,5,2,39
3CUI7QAQB,koro108,MWPAL1AET,1人用,1089,0,12743,125690,9,10,6,7,5,4,6,2,49
HLY4K80Y7,裕乃,WBXF9XXW7,さやつづ愛でる会,101,0,12744,125420,6,6,10,4,2,4,6,1,39
74U79Z6PN,マルディーニ,GLP0WPDRM,イベント用の泥,858,1,12745,125330,8,8,6,6,4,7,8,2,49
35DNK4H6F,楡木脑袋,AWFDLJ1HC,小蓮花（重生版x,921,11,12746,125290,5,1,1,7,2,4,2,2,24
Z3R0Q33JV,ゴウ,BE7F0WBL9,満足同盟,477,0,12747,125060,3,1,1,2,1,1,3,1,13
BMNMD5EYJ,シノア,3PFH9LL4K,参加賞同好会,782,3,12748,124925,5,8,5,8,5,4,4,2,41
VMP8P09AW,もとめ,1UBNNHVLG,蓮箱推し（仮）,796,0,12749,124880,8,8,4,5,7,4,5,1,42
KW53UJO7T,Jerry,M67ACEP3M,オーバーブースト,854,0,12749,124880,6,4,4,4,6,1,5,2,32
B4HMKJHL2,こすもす,VK5AU7U2U,蓮アフタークラブ,927,2,12751,124790,1,4,6,9,6,6,5,2,39
FF5XYPXVP,あ,0CEA9XFKR,蓮ノ空の泥人会,37,0,12752,124583,2,3,2,3,1,1,1,1,14
86XLKTMR5,ぴろん,RA1676TKK,蓮の空好き好き部,375,0,12753,124520,1,1,1,3,4,1,1,2,14
ZJA0WYIK8,しゃけ,6E1405RMG,秘境,1294,6,12754,124430,8,1,5,4,5,4,2,2,31
9STYT1EVR,まつりばおじさん,AWD4726F0,スクスタ難民,261,0,12755,124300,1,1,4,1,1,1,2,2,13
KMTG52ZOW,菜ノ花,KGDNX3EF3,ENcircle,829,6,12756,124250,3,2,1,1,2,1,2,2,14
NMXVE4KY6,RYUTA,VEA3655P6,蓮ノ空女学院分校,399,0,12757,124210,1,2,1,1,1,1,1,2,10
CGE43E01F,ぴく,PM7FGED06,ちーむ㌠,942,4,12758,124070,2,1,2,1,1,1,1,1,10
37TMUMBGV,うどん,GWGDMA3YC,初心者無言自由だ,538,0,12758,124070,3,2,1,1,3,1,1,1,13
F3L490HCD,いのっち,CP3KWKH07,まったり社会人部,443,0,12760,123980,7,4,6,10,8,6,4,3,48
FTNOTGQ9X,ガシユン,GPKTRBCTT,騎空団蓮ノ空支部,981,0,12761,123890,7,8,2,8,7,4,4,2,42
MN4QJ3RVD,ミリッツ,6YTAMD33M,リリエンフェル党,718,0,12762,123728,1,1,1,1,2,1,1,1,9
W50C2XCWT,路辞馨,XYRA2MND0,蓮ノ空ゆっくり,212,0,12763,123710,8,4,6,2,6,5,4,2,37
ZO1OWTFQP,れくすぴ,JA2C658FW,さや綴理の村人,1258,2,12764,123620,4,7,4,4,2,1,7,2,31
F1LP2V55C,エマランジュが板,9P9EPKFHE,無言参加OK,525,0,12765,123530,4,1,4,4,5,4,4,2,28
QOXIMYHWE,アニョ〜ラ,KY4NEVD9W,かほかほさやさや,1089,2,12766,123440,8,8,4,2,4,5,6,2,39
U815AFYAB,すーめろ,9UKKACGDU,蓮っ子CLUB,482,0,12767,123400,1,1,1,1,5,1,2,2,14
BSYRYSR8I,ちんちょぴ,8AT7V1C7L,初心者です,223,0,12768,123080,1,1,1,3,3,1,3,10,23
XWHH34Y7Y,ハスノマコ,E8K438RP1,リンクラ初心者部,704,0,12769,123044,1,1,4,4,1,1,4,1,17
B8EPXOFRZ,Preston,7P4CAER9X,まったり倶楽部！,271,0,12770,122990,1,1,1,1,4,1,1,2,12
HDWB63MTG,ppoi,DH97ANN9G,ツキマカセ,948,3,12771,122873,2,4,2,1,6,5,2,2,24
5XWW3UV5U,hobgobli,5WUDLMWEP,蓮ノ空は明日ノ空,943,4,12772,122720,5,9,4,6,9,5,8,2,48
YRXW3J6VY,さすらい,DUR1HCEG6,さすらい,299,0,12773,122680,1,1,1,1,1,1,1,2,9
ND9EG49VV,ゆい,MPPDGVPWX,気楽にプレイ中,882,2,12774,122630,1,1,1,7,2,1,5,1,19
V27WYV5GE,オーブ,PXDL7Y3VM,ビギナーズ改,207,0,12775,122450,1,1,1,1,2,1,3,2,12
LKCM66CYX,鳳華(偽物),X7YM9EG8K,伝統の石川地酒,518,0,12776,122410,1,2,1,1,3,2,2,2,14
53WT2CGF1,わため,KT4P0CHHC,ゆったり同好会,179,0,12776,122410,1,1,1,1,3,1,1,2,11
2T5G00AHU,りょう,TR057C1UW,蓮ノ空ぼっち部,255,0,12778,122270,2,2,1,2,2,1,2,2,14
X1R6CY22X,TAKUYA,BPG4D3VMA,不明,384,2,12779,122180,2,1,2,2,2,6,2,2,19
27JMN8WHN,ナリタ,1H5P6KV81,さやかの水着,73,0,12780,122140,2,2,1,1,2,1,2,1,12
LL2RNGJJ7,アキ,407VAU0TT,ログボ勢の集い,970,2,12781,122018,6,5,2,8,6,2,4,2,35
BBE9Y3WC5,ふくいかほ,VKW1GNAPL,伝統を守ろう,274,0,12782,121960,1,1,1,1,1,1,1,2,9
QAMPS1D9Q,ゆっき,1KC0J47LE,迷宮の妖精,522,0,12783,121910,1,1,1,1,1,1,1,1,8
XULCXHG3W,天城ぬ〜ん,E515TRU1G,起きろ夕霧綴理,147,0,12784,121676,4,4,4,6,2,1,1,2,24
6RGKN90XD,ルビィちゃんの肘,88DJ300PJ,めぐ党 • 永遠,653,0,12785,121420,1,1,1,1,2,1,1,2,10
385D7LRG1,塩氏,JHTULVV5P,故に瑠璃乃推し,332,0,12785,121420,1,2,2,1,2,1,1,2,12
CNZEDC8BA,ながない,CW0FRHFXB,いながな,1050,6,12787,121370,8,7,5,7,7,1,9,2,46
CTHYNCW9T,霧雨光夜,YADX9DY49,ﾊｽﾉｿﾗｰ,416,0,12788,120479,1,1,1,1,2,1,1,2,10
4VVTRADPJ,Rukii,75UJ5RB97,蓮ノ空雪野球部,172,0,12788,120479,3,2,1,4,5,5,4,3,27
1YAPH5U0Y,スミノフ,0VEMMV8E2,スリブとまったり,545,0,12790,120430,3,1,4,4,2,3,1,2,20
BG2K091M9,なきう,FUXF9Y717,スリブファンC,107,0,12791,120308,4,1,1,3,1,1,1,2,14
FG1XUMLVU,ぬ〜まん,0YLUK30K6,蓮っコの集い,1003,3,12792,120020,6,8,6,9,6,4,8,2,49
XP7EBCOW7,めりー,TD87P23DJ,黄昏の旅団,1051,1,12793,119930,2,1,1,1,2,1,1,3,12
V8K60EBC1,mochi,3JDDUYURT,無言,803,2,12793,119930,1,2,1,9,5,1,1,2,22
GVE8UUW3Y,show,RKT7BC4F6,人形浄瑠璃乃,1092,5,12795,119660,8,5,5,7,7,7,8,2,49
A59AWH28B,あかりんご,J39DD5YLX,花帆＆さやクラブ,371,0,12796,119480,7,5,1,6,6,2,1,2,30
5NM2Y2YXB,修羅,DUK0X7DB1,中国愛蓮同好会,735,0,12797,119390,1,4,1,2,2,1,1,1,13
U68277NF9,ゆいな,X87KNX4N3,蓮ノ流星群,693,0,12797,119390,10,8,7,7,7,4,7,3,53
2LC25F8XP,ちょむ,YAD92UYGC,蓮ノ空を信じろ,786,0,12799,119300,7,4,4,9,4,4,4,6,42
M1BR04171,Chicken,A6XF7K90J,EN▶こ.こ.こ,537,0,12800,119282,4,10,4,3,4,2,7,2,36
NKJW56Z1T,たこす,95TAREFPT,ご自由にどうぞ,1133,0,12801,119210,5,6,6,6,6,5,9,2,45
K99ND3E5J,ワキ,RJKEXJ7VW,墓,182,0,12802,119170,1,1,1,1,1,1,1,2,9
6JU2RPU9P,CJGX,NFMEGRJ45,社畜無言サークル,871,0,12803,119120,7,7,5,5,6,5,5,2,42
0LY5MGCAH,絆,AVY8PECF0,初心者の集い,151,0,12803,119120,5,5,6,2,2,2,1,2,25
JKTBCC13B,しながわ,DFFYFJ2B6,つづさや好き過ぎ,545,0,12805,119080,1,1,1,1,2,1,1,2,10
LYFF3PKV5,村田修一,EKACCPWWB,タフノ空学院,373,0,12806,118990,2,2,2,1,2,1,1,1,12
J8UGNWKPD,紫陽花,VNEJ2RNW0,まったりんくら,771,6,12807,118940,9,9,8,9,8,7,4,2,56
DRYE5GJNU,ぺんぺん草,2VJG66JTH,まったり,321,0,12808,118900,1,1,1,1,2,1,2,1,10
GCKYGVH0N,アラララ,7JW46B2LH,ひとり,445,0,12809,118850,4,1,5,5,6,3,7,2,33
R4HXKOVDI,Licca,GBEJMUFWT,めぐちゃんズ(仮,666,2,12810,118720,1,3,1,1,4,1,1,2,14
HDHRHRE2Q,みほ,TB7GJ57D7,シャイニーフラワ,917,0,12811,118670,9,8,6,7,4,5,9,2,50
FRHK9YHAL,空白,3LUL3WR8Y,零組,144,0,12812,118598,2,3,3,2,2,2,2,1,17
AT85M61W1,JUNjun,AXGGJ4EJ1,所属だけしたい部,723,4,12813,118580,4,3,6,6,4,1,2,1,27
FAWW5YUXP,キャップ,XXVVJY6FE,はぴぱれ,260,0,12814,118490,6,7,7,7,5,4,9,2,47
DMLBA3RFX,たろってん,YUVK7R51W,萌え萌え倶楽部,923,2,12814,118490,7,6,4,8,9,2,5,1,42
ZMOSSKIEG,yao,E76N52LMW,イベントのみ,881,0,12816,118427,1,1,1,1,2,1,1,1,9
5B2E7U89X,ハラタク,N1JM7M3YC,丘側,691,2,12817,118400,8,4,4,10,6,4,7,2,45
7ATCTCA6Y,ほーせん,3RH5MYBXV,こずめぐ党,143,0,12818,118270,8,9,10,5,6,6,2,2,48
MFVP02DGJ,HP,HKETDDCK6,ぼっちざ蓮!!,112,0,12819,118180,1,1,1,1,2,1,1,1,9
PZ3IVOFLN,ここあ,16N3APL33,Dreamers,296,0,12820,118090,1,1,1,1,3,1,2,2,12
Y67UXO04W,ゆで,C791XXLDF,つづさや会,492,0,12821,118000,1,1,1,1,2,1,1,2,10
747EZ5LI2,フィオレ,YVV9CMBLW,東京公演で沼落ち,1048,0,12822,117950,7,8,5,6,2,5,1,2,36
DVUB563QX,Kawori,MXN85G5KF,蓮ノ空漫画研究部,888,0,12823,117820,9,5,1,6,6,1,2,2,32
6FBJNX8VT,おねぇちゃん,KXMXL2KRX,超初心者,323,0,12824,117743,1,1,1,1,3,1,1,2,11
24F4G83U5,かまた,60KU468X3,はっすーず,634,0,12825,117730,3,3,3,1,2,1,1,2,16
IDNDDE34V,ことヨハランすみ,T4ND02HBX,ことヨハランすみ,783,0,12826,117550,2,5,4,1,2,2,1,1,18
ATULRLVMK,そらろー,E58FYF67C,ロータスランド,867,1,12827,117500,5,1,1,4,8,1,4,2,26
4FLV2RY42,フーミン,PH0YEPJD8,蓮ノ空北國金沢,999,7,12828,117280,9,7,6,7,4,5,8,2,48
Y0NF8U22Y,ゆきだるま,DULFP3TRN,めぐ党員の部屋,485,0,12828,117280,1,1,1,1,1,1,1,1,8
GYGM5M272,lv6cdcp,LFB48H6MU,超初心者の会,616,1,12830,117230,1,1,1,2,2,1,1,1,10
K7KJMY58F,晋さん,PR2BGEK5K,ありがとう大三角,1039,4,12831,116960,1,2,1,3,5,1,2,2,17
XBTE24EWU,左音,Y7B10LDE8,蓮の日常,721,0,12832,116870,6,9,4,4,10,8,8,2,51
8OM0TQZZA,ゆうゆう,H1LTYMK0B,花帆が可愛いの会,648,0,12833,116830,1,1,1,6,2,1,1,4,17
319U70GUU,神薙ユウ,HWWRP6K2J,家に猫がいます,866,1,12833,116830,2,2,1,3,2,1,1,1,13
L31ENKH28,ゆうき,CG883T34N,蓮ノ空美化委員会,439,0,12835,116780,8,9,9,8,7,5,9,2,57
2K9GFWF8R,黒羽育,TK9E1BB1P,無言で自由,529,0,12836,116600,1,1,1,5,2,1,1,1,13
3UYT3X81L,フラワーピッグ,F7Y0XP6VY,梢先輩大好き軍,932,0,12837,116560,7,9,9,7,6,4,8,2,52
28EAW45BN,araigiga,XP0L1TGD6,低levサ,669,1,12838,116546,6,1,1,10,1,3,1,2,25
LBVPG3C4F,しおくらわか,HJMLDMUBB,跳びポの悪魔,788,0,12839,116420,8,8,5,6,4,5,8,2,46
A7FR0W44N,ねかま,GVT61ATX0,なのだけれど,289,0,12840,116204,1,1,1,1,2,1,1,1,9
6RGDPC00N,らび@,4URND90YY,参加賞狙い,650,2,12841,116150,4,4,3,4,4,1,1,2,23
D8MU7EEWX,redbaba,RKFX4KHVV,うんまきゃ,501,0,12842,116033,1,3,3,5,1,2,7,2,24
44VLUVKTB,紫藍蘭,AE3L01V24,LOVE蓮ノ空,471,0,12843,116020,5,1,1,1,4,1,4,2,19
B8A0E1T1H,めり,GPKTRBCTT,騎空団蓮ノ空支部,606,0,12844,115970,1,2,1,1,2,1,2,2,12
NCGRCXD2W,じゅんさんぽ,YHMTW891A,のんびり,348,0,12845,115930,2,3,3,1,1,1,1,2,14
M33TB9H9M,シティ,36DAM7HBL,蓮隠れノ里,280,0,12846,115880,9,8,5,6,4,6,5,3,46
LL2VKFPC0,つばさ,3194B9E93,初心者寄り合い所,471,0,12847,115862,3,1,1,2,2,1,1,2,13
3BPMECWFJ,帝王,LLDLG20UU,UR取り隊,296,0,12848,115691,7,8,2,6,4,4,7,2,40
1XPX6GBBH,ふらぺちーの,59AK7LJ7A,とりあえず,801,0,12849,115660,9,5,1,1,2,1,5,2,26
0BUNVYMGT,ちさと,5XCDV1CYK,I☆YOKOHA,273,0,12850,115570,4,3,3,2,1,2,8,3,26
27UC742MU,さんちゅう,26JDLMBLN,徒町は強く生きる,456,0,12850,115570,1,1,1,1,2,1,1,2,10
4469AYJ0C,LINK13,65LPAY00Y,蓮ノ空同好会,884,3,12852,115430,10,8,5,7,7,7,8,2,54
YQB6R10V6,てるお,YKKPVFTWB,蓮の空スククラ,656,0,12853,115340,4,2,2,4,1,2,2,3,20
YDRMNVQUV,いぬケンドッグ,L3NN1RWMY,アポロベイ海賊団,1137,1,12854,115070,6,4,5,7,6,6,9,2,45
3W2BOUPAT,ゆ〜ちゃん,1M0GGB8LU,上ノ空昼寝クラブ,661,0,12855,114940,2,1,2,1,2,1,1,1,11
U3G47L63L,齁,Y6KN85L5P,孤独の村人,238,0,12856,114890,3,4,3,1,3,1,1,2,18
AVMCWTVVT,こむぎ,TK9E1BB1P,無言で自由,804,4,12857,114836,1,2,1,1,2,1,2,3,13
71LKLHHAT,とうわ,YL2ELYC4U,さや…好きだよ…,146,0,12858,114760,2,4,3,2,2,1,2,2,18
2V71BTN96,ゆぴ,3LCTFNL70,さやカーディガン,515,0,12859,114620,8,7,4,7,6,4,1,2,39
DPPKAJM4U,ぐるぐる,AWFDLJ1HC,小蓮花（重生版x,602,2,12860,114530,1,1,1,1,2,1,2,1,10
0JEPK2UN1,てっかまき,4VPRJJM3R,あいどゅーみー,217,0,12861,114350,4,4,5,9,4,1,5,2,34
7N7UIW9Z0,みりん風調味料,N9B8HXXR0,25時、残陽で。,966,0,12862,114260,7,7,6,3,6,6,5,4,44
942YW5G6U,たか,RKT7BC4F6,人形浄瑠璃乃,1010,5,12863,114170,7,7,5,9,8,7,1,2,46
VCFJ6T4E7,鍵やん,PR2BGEK5K,ありがとう大三角,197,0,12864,114130,1,1,1,1,2,1,1,2,10
507PRNB8M,とっき,R1RM3X0WV,後方腕組みオタク,1074,1,12865,113990,3,1,1,7,5,5,1,2,25
W6WHSPZXK,澪つくし,F48D0K617,蓮スキー犬,1100,0,12866,113900,1,6,7,5,7,4,8,2,40
D8HBW2R30,とぅら太郎,LY0XPW7NL,同棲概念強火派,681,1,12867,113720,1,4,4,3,3,3,8,2,28
FNCRVHI84,鹿紫雲,TJA5LCK8K,弓張学園美術部,1077,0,12868,113639,8,5,6,8,7,5,4,2,45
0NIGZVG95,眠兎,7MPNTWKTN,Dreamers,622,2,12869,113630,1,3,5,1,2,2,1,2,17
DGTFPNWJI,かいし,U8LHYPLV9,蓮蓮人中国同好会,159,0,12869,113630,3,1,4,2,1,2,2,2,17
3UG6N0DKN,fmy,866DU609J,ラ！スレ@may,749,3,12871,113540,6,8,5,5,5,5,1,2,37
8WL7M957F,sou,FNHT9JFY4,リンクラ楽しむ隊,116,0,12872,113468,10,10,7,5,2,2,4,2,42
2M4287VEN,シーサー,DULFP3TRN,めぐ党員の部屋,454,0,12873,113410,1,1,1,1,1,1,1,1,8
T383UW51V,Vsj,6FWRD1K40,いちじょ海賊団,894,0,12874,113270,1,1,1,1,2,1,1,1,9
CT49K8WUC,十々深,9D722M8KC,蓮ノ空同好会,404,0,12875,113090,10,9,4,8,2,1,2,2,38
G23ZGJ76Z,れんこん,CY3GGDH7H,㍿キモ・オタク,914,6,12876,113000,5,5,7,7,6,4,5,1,40
B33BWICPF,Kryptos,9LHUMBEJ7,イベ用,886,0,12877,112910,5,8,5,6,7,4,7,2,44
E8TJL925D,くるーく,BRXWKVG6W,くるくる,547,0,12878,112870,1,1,2,2,1,1,1,2,11
Y7T6D46TB,yuuto,EHXCUMC9U,十六野村,1085,1,12879,112640,7,4,4,1,1,1,5,2,25
XYTBERDHC,もち,TB7GJ57D7,シャイニーフラワ,798,0,12880,112613,8,7,4,8,5,4,5,2,43
86843G747,不安定,HPTHY23VR,蓮ノ空文芸部,713,0,12881,112550,8,7,5,7,9,7,10,2,55
1N7WG1DB7,♪キキ♪,TCTEAMP9C,虹ちゃん最高！,776,0,12882,112510,2,2,1,3,1,1,2,1,13
RQ1GOIY4P,だれかさん,GWGDMA3YC,初心者無言自由だ,1108,6,12883,112460,6,5,5,4,4,5,8,2,39
8MSLP7GUN,senna,FNHT9JFY4,リンクラ楽しむ隊,441,0,12883,112460,2,2,2,1,2,1,2,2,14
V3Y4HTG36,素うどんさん,A86FEX2JC,おやさいさん,711,0,12885,112370,9,6,6,6,5,4,4,1,41
BB2R1UWJ7,めび,PYFV3GWNV,異次元P,938,4,12886,112280,1,1,4,7,6,7,4,2,32
RM8CF8TVX,まあたんめん,9UKKACGDU,蓮っ子CLUB,385,0,12887,112150,1,1,1,1,4,1,1,1,11
HLHYAKJFB,からすまゆうき,7PJY920KD,むじな部,866,1,12888,112100,5,6,1,8,4,5,1,2,32
AERC86JDF,Giotto,BWM63NDR4,蓮之空学园同好会,253,0,12889,112060,3,1,1,1,2,1,1,2,12
CEO6XT1Y3,デレド,9RYR14H9L,ソロマターリ,205,0,12890,111650,4,4,4,2,3,1,1,2,21
6HC63WG4M,ないん,M6NUAVA16,どうなんのすみっ,508,0,12891,111610,1,1,1,2,6,1,1,2,15
GEL10JFC8,とりいえ,PA9896VH8,ひとり,396,0,12892,111587,2,1,2,4,2,1,1,2,15
VK0OOL2QE,Redstorm,4URND90YY,参加賞狙い,1076,3,12893,111560,8,10,4,6,7,7,7,2,51
9BKGVY63F,流浪人,V6DKUH6JT,報酬だけほしい,646,1,12894,110930,7,7,5,4,10,4,5,2,44
ABIFSPKUM,Camper,TCTEAMP9C,虹ちゃん最高！,989,4,12895,110732,7,1,4,7,4,4,7,2,36
UB87XPMSV,夏奈,6FR9PUDYC,鯊鯊森林,522,1,12896,110620,1,1,1,1,1,2,1,2,10
JG0GGDF5G,なめこ,3194B9E93,初心者寄り合い所,122,0,12897,110561,1,1,1,1,1,1,2,1,9
RRXC32CHU,よっちゃん,865UE9UC6,蓮ノ空うどん部,203,0,12898,110530,1,1,1,1,2,1,1,2,10
6WM2YM1RC,蟹鍋,2U4GLJXLJ,泥の中の養分,174,0,12898,110530,2,1,3,4,2,2,2,1,17
6GDTBXGFY,近松門左衛門,Y6T3FBHRM,村野弁当,543,0,12900,110480,10,10,10,10,10,10,10,10,80
QPECWONUI,pusai,F2M746D4B,頑張らないクラブ,886,1,12901,110390,1,3,3,4,2,1,4,2,20
2K2WMKT1B,たっつ,2U4GLJXLJ,泥の中の養分,802,0,12901,110390,1,2,1,2,2,1,1,1,11
JRVMY21LA,ny,LMLLNX5KD,随便,183,0,12903,110219,1,4,7,2,3,1,3,2,23
9CFVHL6J7,こっとん,N6TVG18P8,すきすきクラブ,161,0,12904,110030,5,10,6,7,4,5,2,2,41
9ENJYU03Q,レイマダラ,J05PKV648,Hasucord,1056,0,12904,110030,5,7,4,8,8,5,8,2,47
RUEF561GP,仮面ライダーガヴ,969N1VX4U,蓮ノ空ファン倶楽,178,0,12906,109900,10,9,8,4,2,4,4,2,43
ZQGTXIRNS,よっしぃ,8MDA3A0AK,イベント用,752,2,12907,109850,7,6,8,8,7,9,1,6,52
2P55JPLCV,みやじむ,E515TRU1G,起きろ夕霧綴理,431,0,12908,109706,2,2,3,2,2,4,2,2,19
CXFG4YD92,うの・あいんす,TXNCTRR1U,瑠璃乃推し隊,897,0,12909,109670,7,8,6,7,6,5,7,2,48
K6BUP7Y46,るぃーん,578YG6EAT,桜桃花束愛聴会,805,0,12910,109630,1,1,1,2,2,1,1,1,10
MMM26TFFM,あおさら,PN4VA24XF,みーかるぱーく！,143,0,12911,109535,4,4,2,2,3,2,2,1,20
144JLJL00,プリン,YDYH4VRRP,レンクウ,100,0,12912,109450,8,7,6,8,2,4,10,3,48
0PZC6VTV1,クロエ,ATE4GEUHP,リンクラ遊部,1203,6,12913,109400,6,7,5,6,6,7,9,3,49
TI5X531MK,レックス,2JK7E4115,ラ！推し,700,0,12914,109360,1,1,1,2,1,2,1,1,10
3KXYWDVYM,りーてる,MYTCXJ12B,つーりすと@蓮部,1054,3,12915,109310,1,2,1,2,2,1,1,2,12
V0WPM9XA2,ねゆこ,XA0XD41CM,ぼっちぼっち,247,0,12916,109193,1,1,1,3,2,4,1,2,15
CG8BBP6LO,ぷよ,H1G4CDT6C,無言自由,977,0,12917,109130,7,4,5,5,6,6,5,2,40
X1DE36UC8,katercat,1XX6FWJRB,オートスキップ団,705,1,12918,109040,7,1,1,7,4,1,1,1,23
RNUC0DRU0,ひろ,6TEDXJBLX,柳田保育園,377,0,12919,108950,4,4,5,1,4,7,1,6,32
DEPUVF3F7,ショートケーキ,M7169V8ND,集,780,0,12920,108860,7,8,5,5,5,4,8,3,45
RDE5HRVAA,chunrun,DMDVHGFUG,インドネシア仲間,121,0,12921,108820,2,1,1,1,1,1,1,2,10
6UL8VERF2,kaito,MG1G6F487,蓮ノ空無微課金部,880,4,12922,108680,5,2,3,1,2,1,1,2,17
B7XCQME6R,晃,6386KU76W,goko,1058,14,12923,108590,6,5,7,8,5,5,8,2,46
7E3N1F50K,るん,CP3KWKH07,まったり社会人部,982,1,12924,108509,7,5,4,5,7,4,4,2,38
9RFDDTDV1,tk2,JWUL2T36L,チーム初心者,696,0,12925,108500,9,6,3,5,8,4,9,2,46
4WKF80NR1,キャル,1UBNNHVLG,蓮箱推し（仮）,155,0,12926,108338,5,7,4,2,2,2,1,2,25
8KHNNG9IS,umi,TX92H9GBV,アフターが見たい,835,2,12926,108338,4,4,4,1,2,1,1,1,18
31FCTP7OV,まんぞく,0YLUK30K6,蓮っコの集い,863,2,12928,108050,4,5,5,10,7,1,5,2,39
VP2U502BT,蕎麦,TLC6YRGLB,るるる,199,0,12929,107996,1,1,1,1,1,1,1,1,8
224RKEERO,あかつきのかん,XPX36F6JX,無言初心者お試し,723,0,12930,107960,4,7,4,1,2,4,1,2,25
H8DUFRYF6,ナベ,4KRBU0KFF,ノーチャン会,518,0,12931,107780,1,1,1,1,3,2,1,2,12
D90N1URJT,しち,AGJ215YND,蓮の空中國分校,368,0,12932,107740,1,1,1,1,2,1,1,1,9
179GXTG7C,葉桜,RB1MJJ3RA,蓮ノ奏(仮),266,0,12933,107690,4,3,1,1,4,1,1,2,17
WW9U5X47F,まきくん,00T3NXXA9,初心者,450,0,12934,107510,4,4,4,5,2,4,5,2,30
AKSLAIMMX,チャルシー,MVMP6NNXD,空き時間らくがき,915,2,12935,107420,9,8,1,7,5,7,5,2,44
ZHTZL7BUH,すもも,U740C25T1,ごろちゃんず,228,0,12935,107420,5,3,3,5,4,1,3,2,26
F3HUXROZE,unitako,TR057C1UW,蓮ノ空ぼっち部,520,0,12937,107312,1,1,5,1,6,1,1,2,18
NP4P5DPIP,井崎,CJ398GJAT,バッグクロージャ,1090,2,12938,107240,7,8,7,8,6,6,8,2,52
3XF6Q4S9F,ぜるだ,6KUYCDLGR,かよちんは宇宙,379,0,12939,106970,2,2,2,2,1,2,2,1,14
LOAJC8TWM,こぼぼ,FYUP08C40,株式会社:大沢,957,4,12940,106880,5,8,4,5,4,4,7,2,39
PDBBB2AX0,ono,YMKU30246,参加賞がほしい,296,0,12941,106840,4,2,3,1,3,1,1,2,17
YTEMF7CHL,たんたん,LLDLG20UU,UR取り隊,754,0,12942,106700,2,1,2,3,3,1,1,2,15
3PTGGD9W8,橙汁汁O.o,X19MP0NTT,蓮之空河豚养殖場,716,1,12943,106610,1,1,1,2,2,1,1,2,11
2C96N6T35,pinpingu,83TGL8UMJ,しゅうまつクラブ,964,2,12944,106520,6,9,2,5,6,7,5,2,42
D4JOLPSJG,エチレン,R083H7WRN,サークル無言,1035,6,12945,106430,2,2,1,1,4,1,1,2,14
2KQBKT3EH,Ashley,CTYKFVT46,蓮ノ空帰宅部,944,1,12945,106430,7,1,1,6,7,4,4,2,32
MTUNJA98J,はる,934K7RBGC,ぼちぼち…,400,0,12947,106300,1,5,4,4,1,4,4,1,24
T8R1DXWE0,アサギ,2XP0PJ8T7,魁！ていランド,351,0,12948,106286,6,6,6,4,7,7,5,2,43
MYLHPM9MV,らむちーな,9VDEWVP01,瑠璃乃の集い,686,0,12949,105980,4,1,3,2,2,3,2,2,19
GL0M2PW9H,上昇気流,5JA9K5FAK,オタサーの姫芽,501,0,12950,105890,4,4,3,4,4,4,9,2,34
KFJWGL5FX,あぶそる,LLDLG20UU,UR取り隊,352,0,12951,105800,5,2,6,5,2,2,1,2,25
3L0UTA1X9,みずなな,RAP9FVR3B,あばうといち,342,0,12952,105670,2,2,1,1,2,1,1,2,12
1C4GJ1WF8,MASA,UYWDXFYEH,誰でも,723,0,12953,105580,7,6,1,6,5,4,8,2,39
LWLV14J0R,ペン木,E49YWK5YC,酢蓮根,647,0,12954,105530,8,5,5,2,6,5,5,2,38
E38BP9UDY,けんぷふぁー,5XCDV1CYK,I☆YOKOHA,37,0,12955,105490,2,2,1,4,1,1,4,2,17
V2MY86GLD,ててちて,C003CD1RW,☆蓮ノ空クラブ☆,57,0,12955,105490,4,5,5,4,3,3,1,2,27
BHC1Q5Z6U,ゆる,9147HWMAR,誰でも大好き,1039,4,12957,105440,5,5,5,9,7,7,9,2,49
ZMC46EN42,mokyu,HBU5TBBGA,もけさんず,806,0,12957,105440,7,5,7,5,5,4,6,2,41
P09FFB7CC,ぽやよん,P79WMTH0J,びぎなーずらっく,252,0,12959,105350,1,1,1,2,1,1,1,2,10
1PY213BXN,れもんみるく,KULVP7FDR,アニマル分室,179,0,12960,105170,1,4,4,5,1,3,1,3,22
F8FM9TSOS,hasulove,H6JWBBGCG,蓮天・乙宗一心流,593,4,12961,105089,1,1,1,3,3,1,1,2,13
3A1CKWNUY,いざよい,F2M746D4B,頑張らないクラブ,1033,4,12961,105089,1,7,1,4,6,4,4,2,29
7F60F4MLV,ちゃこ,7C0LC5RFT,^..^♩,281,0,12963,104918,1,4,1,1,1,1,1,2,12
NEN2NV3L7,Zero,LLDLG20UU,UR取り隊,551,0,12963,104918,2,1,1,3,2,1,1,2,13
CF3UC88BD,わふお,XL1M7KUPL,始めたばかりです,472,0,12965,104900,7,7,7,8,5,4,6,1,45
30RUDCEH4,ふみーそ,57UT319NN,蓮ノ空同好会,243,0,12965,104900,8,7,5,4,6,4,5,2,41
3H4HGFUE2,もえ,58FD7UF8J,としとしサークル,1034,1,12967,104810,7,8,4,5,6,5,8,2,45
TPZR0AC3T,ソウマ,AUDYF2CJJ,めぐちゃん激甘党,609,0,12968,104720,10,6,4,6,7,6,5,2,46
9CW9MIK0C,ぶっきー,H9XCY51DJ,ソロ,780,0,12969,104576,1,1,1,1,1,1,1,2,9
1A0TKF2TG,カチカチ徒町,6YTAMD33M,リリエンフェル党,71,0,12969,104576,7,3,5,4,2,2,2,1,26
N07CC5CYR,ymkrud,JX0BXWNWH,新米蓮好き好きC,161,0,12971,104540,3,4,6,5,5,3,6,3,35
8J1PRCI1M,としあきさん,6BFC4G5YG,蓮ノ空足湯同好会,784,6,12972,104450,7,10,3,10,4,4,4,2,44
B1AKAK1FF,hskz,WK3VC0BGH,YKT,385,0,12972,104450,7,9,1,7,7,5,10,2,48
EGCGC6JY2,アリス,JRAC1HYUD,SPHS-MMT,639,3,12974,104360,5,4,1,4,4,4,2,2,26
FT8EF7AMA,カメメカ,W9V6VTXAN,梢先輩の歌声好き,98,0,12975,104230,1,1,1,1,2,1,1,2,10
DKHTD4UE5,瑠璃川さな,N6TVG18P8,すきすきクラブ,65,0,12976,103960,5,8,7,4,2,3,2,2,33
NT48KLCHI,ジェネアイ,P0KRCV1B5,リンクラクラブ,386,0,12976,103960,2,1,2,3,1,1,1,1,12
88T9WWE1W,エパンニャン,F53AELUNC,ソロっと倶楽部,458,0,12978,103910,8,8,7,6,7,2,10,3,51
K939XNDLK,さゆーす,43HRXMXWA,無言OKクラブ,348,0,12979,103892,1,2,2,1,2,1,1,1,11
34BLXD4X7,久音,6DFE57BY0,Lovenico,765,0,12980,103820,4,9,5,6,7,1,7,4,43
16JLT8WPG,チーズ,X9X9A5MFJ,ニホンゴヘタカイ,293,0,12981,103730,8,3,5,6,5,4,5,2,38
UKNC7KMEM,りりり,FF4XH0P3A,ゆるゆるサークル,245,0,12982,103721,1,6,3,1,2,1,1,2,17
5A54EXESI,マーチ,0FTE8K8LM,March,880,2,12983,103640,6,2,9,4,1,2,2,2,28
3KBBG85T3,水無月,UDH9H8CDX,まったり,914,1,12984,103370,6,9,7,9,5,4,4,2,46
FOEWT13QY,ラセンバン,BPFAT416J,さやかわいい,1018,0,12985,103208,8,8,6,9,7,7,7,3,55
H8VJRBCMM,ゆうた@宣伝部員,1U4JN5CXB,LLユーカー部!,161,0,12986,103100,8,6,5,4,2,4,4,2,35
K541NLNTT,Rui,Y9J5YBPFC,ドルケストラ愛部,162,0,12987,103060,1,1,1,1,1,1,1,1,8
8R4ENG0A6,とにゐたけ,8MLVA67AK,聖ミリオン女学園,812,2,12988,103010,5,9,5,5,6,4,5,2,41
6TNRXJ117,のっぴ,N94LEWF2D,無言よわよわの会,66,0,12989,102970,4,3,5,7,6,4,4,2,35
ARG2DH2U8,きりりん,VUE5Y1R81,吟子好き好き海月,115,0,12990,102830,9,8,7,4,5,5,5,2,45
NZP2DQS11,リョウ,LB0K3MHND,フラワー,1087,4,12991,102740,10,7,4,9,7,7,8,2,54
W131PFT14,法円坂　潤太,AA74NLRYD,蓮ノ空高等科,755,0,12992,102700,5,7,1,7,2,4,6,2,34
K7UHX12KM,marisa,8M6UDX260,ぽけもん好き,698,0,12993,102695,1,1,1,1,2,2,1,2,11
9GWL11250,神威,7UAN6RT0D,さや弁食べたい,298,0,12994,102650,1,1,1,1,2,1,1,1,9
T41FDVBUG,yumix,AVY8PECF0,初心者の集い,155,0,12995,102520,4,2,3,1,2,2,2,2,18
M0YHJHH1P,菊,K14GM3ULU,ブレイブサーガ,683,2,12996,102380,8,8,6,9,5,6,7,4,53
KHHEP4GML,尋冪小汗,J83JWJ028,大ㄇㄚˊ露營區,688,0,12997,102353,1,9,1,1,2,1,8,2,25
9WYCUJG9H,菅原初奈,0GU64Y5FB,蓮ノ空283プロ,317,0,12998,102110,6,10,7,7,2,1,9,2,44
22835XV4T,のんさく,KGG6VMD1R,蓮ノ空本蓮沼の会,291,0,12999,102011,1,1,1,1,2,2,3,2,13
AFEM2PXV9,kzero3,KK87H4HVJ,マルマルサーウル,846,0,13000,101840,1,1,1,2,1,1,1,2,10
AYF7LM69B,紅華,A7WWE0463,蓮ノ空初心者部,366,0,13000,101840,9,10,7,6,6,3,5,3,49
D2DVJYWPV,メロディー,73VTANA71,隨緣努力^▽^,671,1,13002,101750,4,1,4,1,5,1,4,2,22
2OBPOTRL9,金沢桜丘高等学校,MVYAVX8BK,きらきらきらら,106,0,13003,101669,1,1,1,1,2,1,1,1,9
KPMV5J6A8,ン,YLJ2PP4X4,全日本謝罪同好会,990,1,13004,101660,6,8,5,6,6,5,6,1,43
YXJKEHGMG,翠,6YTAMD33M,リリエンフェル党,84,0,13005,101620,5,2,3,2,5,1,1,2,21
FT5P6XTR8,koto,XYRA2MND0,蓮ノ空ゆっくり,229,0,13006,101570,2,8,1,4,5,4,4,2,30
MY5YYNUSS,元気雨,YNR28303K,りんくらぶ,203,0,13007,101498,2,2,1,2,2,1,1,2,13
2JPNIB8HL,pp,LRKPMCYFL,好きに自由に,893,2,13008,101390,5,1,2,1,4,4,6,2,25
WDRA8MWP1,聪明可爱夙月月,89K9Y7MX7,初心者歓迎,351,2,13009,101210,3,1,3,2,2,4,1,2,18
NJURUBWDJ,はちみつ,VNEJ2RNW0,まったりんくら,272,2,13010,100940,9,3,4,5,4,1,1,2,29
JMNGYA6A4,venus,DFXEH0E0B,香港の初心者♪,391,2,13010,100940,1,2,3,1,3,1,2,2,15
K0DWNKQXA,JACK,YM72HRVCF,ワンニャン部,444,0,13012,100900,2,3,1,1,2,1,1,2,13
G9FE4NRFV,れんこん,HDD9DJVTB,Lotusky,221,0,13013,100850,1,6,1,1,3,1,4,4,21
JTXOPPF0Q,なぐモン,RAXHF9WVD,ちぇす党,993,0,13014,100670,6,6,2,1,1,1,10,2,29
V6HY5UYEE,A2K!,Y6KN85L5P,孤独の村人,263,0,13015,100643,2,1,1,1,2,1,2,2,12
915MCBF7P,馬刺し,WPG6BCG83,基本無言,111,0,13016,100580,8,8,9,7,2,6,3,1,44
F2PEJGXYJ,て宗木肖,CCACL2CMM,暗殺者チーム,463,0,13017,100472,1,2,1,1,2,1,1,2,11
M3E1ERBA7,あすか,E515TRU1G,起きろ夕霧綴理,623,0,13018,100310,5,5,3,3,2,1,1,2,22
88GVJ1E8M,Keju,MUYEWRLU1,Keju,212,0,13019,100270,6,2,1,1,1,1,5,2,19
VD1B8VWWL,あずねろ,1AXNRVY5J,ガンバ大阪蓮ノ空,969,0,13020,100130,4,4,4,2,1,2,1,2,20
SQBOKWDOL,ころ,CWPWP1266,さすさや,833,1,13021,100040,2,2,1,2,2,3,2,2,16
8W9956HFM,やきとり,XXVVJY6FE,はぴぱれ,551,0,13022,99959,1,1,1,1,2,1,1,2,10
BBEUNGAUA,ゆう,KBJ2P8T0Y,人見知りの集い,298,0,13023,99950,2,1,5,8,4,1,1,2,24
LHAV1CX9T,IROHA,GYJ3C6TKR,綴理先輩好き好き,221,0,13024,99590,3,4,3,2,2,1,1,2,18
6CYSL1L2M,だっと,JDAUTGR5N,花帆ウサギ,1053,1,13025,99500,9,8,7,7,6,5,7,3,52
WM1Q2188E,嵐よう部長,4RATY4E84,DC大好きクラブ,709,0,13026,99446,5,5,1,5,4,4,1,1,26
BE952Y4HC,あーめるめへい,95TAREFPT,ご自由にどうぞ,940,3,13027,99140,7,8,4,5,5,4,4,2,39
23SB3DXEO,雁下月,4J35EAAHM,蓮ノ空麻雀部,553,0,13028,99104,1,1,1,2,2,1,2,1,11
4ZOQKZRVJ,neko,8TXDN9C2K,αβγδε,993,0,13029,98960,8,4,5,8,6,4,8,3,46
A5WYY8NK2,文鳥,K3LMN5JHH,金沢カレーの皿,556,2,13030,98933,1,1,1,1,4,1,1,2,12
EDSBEOX7D,流華,3194B9E93,初心者寄り合い所,610,0,13031,98870,4,1,1,6,3,2,5,2,24
D1LLG96IS,あらあら、慈♡,YA8XX70V6,さやかほ家系。,1179,4,13032,98780,4,7,1,8,6,8,5,2,41
KPKWMPD9Y,かなたん,PPAHU1TNY,蓮ノ空のんびり部,1451,16,13033,98690,1,2,1,1,2,1,1,1,10
87C78FEAC,ダイトウ,G26L2CBRC,悠々自適,444,0,13034,98510,5,6,5,4,4,5,5,2,36
DKKXMRUTL,あずだん,63AKA05VR,まったりGngy,499,0,13035,98078,1,1,1,2,2,1,2,1,11
KXK8DF4EM,ひだり,A3X92L6YU,お試し用サークル,607,0,13036,98060,2,1,4,5,3,3,1,2,21
5MEYDXC2P,アルファ,BE1MJHTUE,揚清激濁,195,0,13037,97970,5,1,5,3,1,1,1,4,21
VXJT4K3XX,空色,G85JUBW1R,緩りと,749,0,13038,97610,1,1,1,2,1,1,1,2,10
PM4GUFYCM,しゃんど,9C0KWR782,まったリンクラ,847,4,13039,97520,1,1,1,4,4,1,4,1,17
7V2H3C88V,おさかなギャング,E49YWK5YC,酢蓮根,774,2,13040,97430,2,3,3,2,3,2,1,1,17
FF12877C0,ろーる,XYRA2MND0,蓮ノ空ゆっくり,328,1,13041,97250,1,2,4,2,3,1,2,3,18
NUDA8J0UG,mike-4,MR3GKPA0E,ねこやしき,96,0,13042,97223,7,5,6,6,5,4,1,2,36
XN7NHH59A,ゆゆ,VUE5Y1R81,吟子好き好き海月,148,0,13043,97160,4,2,1,6,4,4,4,1,26
XHHUWV3RX,CoreGirl,0B8RTHY4D,のんびり屋さん,51,0,13044,96881,4,5,2,2,1,1,1,2,18
20GWM4J02,ごりら,6BFC4G5YG,蓮ノ空足湯同好会,533,0,13045,96800,4,1,1,3,5,1,1,2,18
A8N48FK96,花梢结婚谢谢,DMDVHGFUG,インドネシア仲間,168,0,13046,96710,10,8,7,7,4,3,5,2,46
2K3K8HB4X,прудовик,43N0M7B57,Hasu EN,218,0,13047,96620,4,5,10,8,6,10,10,2,55
CJYW4F9L1,ホータン,T3XUTYGC3,隔離病棟,795,0,13047,96620,1,1,1,2,2,1,1,2,11
XW5E3VGAB,あっきー,X33HHA9F8,アルストロメリア,644,0,13049,96539,1,6,4,4,2,2,1,2,22
M0CVFMKTM,あかあり,FN6HMA6KH,さやか激推し,483,0,13050,96440,6,10,1,10,5,1,1,2,36
SVQD5RMO7,モモコ,0CLBM36V7,ひとりぼっち,420,2,13051,96368,1,1,2,1,1,1,1,1,9
4XE6YEVVK,こなりりあ,FK5MUK0ET,くる♡すきクラブ,1444,11,13052,96197,2,2,1,2,2,1,1,1,12
B8AEMRGD5,のんちゃ,MG3X118W7,大室家,856,1,13053,96170,6,8,4,9,8,5,9,2,51
UH58CW932,スノ,N94LEWF2D,無言よわよわの会,135,0,13054,96080,8,6,4,7,5,4,4,2,40
0FCW0SDMU,はんなり,G202YTPW1,無言倶楽部,163,0,13055,96026,1,1,1,1,2,1,1,2,10
9GBJ6V05T,瑞希,AVY8PECF0,初心者の集い,232,0,13056,95990,3,4,3,3,3,3,2,1,22
1COUKC7G7,みぎて,R9NGK6L48,のんびりサークル,800,1,13057,95900,8,7,5,4,7,4,4,1,40
9D1T5AILW,ワレカラ,F2M746D4B,頑張らないクラブ,810,1,13058,95810,1,2,1,1,2,1,1,1,10
QT2QXFK4R,睦月,ELTW62751,安全バーは君の腕,892,2,13059,95720,5,8,5,5,6,4,7,2,42
GABVVA49D,大福,ELDXGWNA6,○サークル,223,0,13060,95684,1,1,1,1,2,1,2,1,10
G5U9YMFV2,Elin,BPFAT416J,さやかわいい,277,1,13061,95540,1,4,1,1,3,1,1,2,14
U4HU3F2XS,さ〜や,MNX28AYUA,救急隊,412,0,13062,95450,6,7,2,5,4,4,4,2,34
4Z713GEBS,ウメワタ,VD7N7A4WH,氷青色,988,2,13063,95360,7,10,4,1,6,1,8,3,40
KP04WPA2B,umasub,1BRVLJTGX,test,463,0,13064,95171,1,2,1,1,1,1,1,2,10
H9F8J6P6D,おきつiron,58FD7UF8J,としとしサークル,912,0,13065,95090,7,4,5,4,9,4,1,1,35
BWPLXKXX2,peri,R5XE0YFM0,goofyguy,124,0,13066,95000,6,9,7,4,3,5,7,1,42
1HUA5RBDJ,中矢壮洋,NX9KJK529,虹ヶ咲学園,79,0,13067,94910,6,3,5,6,2,5,1,2,30
V50X85WTP,セト,2AUM7L9BW,蓮初心者クラブ,301,0,13068,94640,1,4,1,4,2,4,1,1,18
G72G64DIA,KS,8FJUHRWH2,兎の髪留め同好会,936,2,13069,94460,6,7,4,7,5,6,4,2,41
3GARY8087,m,UHWA4YLWP,蓮ノ空を見守る会,555,2,13069,94460,8,4,6,1,4,5,5,2,35
1C0803GXZ,あまね,MPPDGVPWX,気楽にプレイ中,124,0,13071,94370,4,3,1,1,3,2,1,2,17
LDD6SWXZZ,sin,Y4G0KF6NB,無言でやる会,604,0,13072,94280,3,1,1,3,2,1,1,2,14
WHYYJ9PFE,ヒジリ,7XAXY1P8A,沼ノ底学園,694,0,13073,94190,7,7,1,2,1,4,2,2,26
1PH2N5YEG,たけ,9D722M8KC,蓮ノ空同好会,290,0,13074,94100,6,6,2,6,4,1,1,2,28
WF7KR93DB,諸葛亮フリーダム,JWJ1UK0RC,猿ノ空男学院,1118,2,13075,93650,8,8,4,6,8,4,5,1,44
UGSU9SLGP,んだもしたん,RBH0YM8P2,蓮ノ空ラーメン部,774,0,13076,93470,7,4,2,9,2,5,4,2,35
UKPTFFJGM,ヨッシー,CPWFKH8JM,私の部屋,1006,4,13077,93290,10,9,6,9,5,7,8,2,56
2Q1B1UNE2,いずみんP,44WRYMPC2,推せる時に推そう,737,0,13078,93110,4,4,6,5,5,1,7,2,34
H61J5Y0D3,めろん.,CHGA6EV8F,102期は永遠に,194,0,13079,93020,9,8,4,6,4,6,6,2,45
IGRPL61IK,ユルメ☆,JNMVA1U8M,こずかほ尊い,659,0,13080,92930,7,4,2,4,4,1,9,2,33
1H1JF43D0,よしの,R083H7WRN,サークル無言,458,2,13080,92930,1,4,2,7,5,5,4,2,30
9J82Z3KK7,りりぃ,R083H7WRN,サークル無言,663,1,13082,92840,4,5,2,2,2,2,1,2,20
DE1NXN9K9,ヨコダイ,HBD61R6WC,梢先輩すきすき部,763,2,13083,92480,4,5,4,1,2,1,2,2,21
P1IFHMYKQ,Ange,FE282F3VH,天悶部,915,0,13084,92390,5,6,4,4,7,6,4,2,38
UFV7KYT1Y,どん,9C0KWR782,まったリンクラ,1078,2,13084,92390,10,10,8,9,7,7,9,6,66
VXLRJ9PNJ,てけてけ,A6XF7K90J,EN▶こ.こ.こ,811,2,13086,92300,5,2,4,4,4,5,4,2,30
GRVUWLX20,赤実,K2L5DCVNR,REAL,727,0,13087,92030,3,3,3,3,3,2,1,3,21
A5URDR5JH,京太郎,DW13FCXPT,Mulbungs,244,0,13087,92030,1,1,1,3,2,2,2,2,14
87UXFNDA0,グロリオサ,UKE4LP7GT,クリームソーダ,732,2,13089,91940,4,1,4,2,2,3,4,4,24
G25P1T9X2,コウタ,RKFUVJVRJ,綴とさやと世話係,231,0,13090,91760,3,4,3,4,2,3,1,2,22
K97T27L52,PPP,JPNNY7W5F,ログイン勢,567,0,13091,91670,3,2,2,4,2,2,1,2,18
URIDQ596X,霧崎,N94LEWF2D,無言よわよわの会,970,0,13092,91580,8,7,6,5,6,5,8,2,47
3G9VKVJR0,アーク,DF7FA982P,蓮ノ空百合部,1066,0,13093,91400,7,7,5,6,4,1,9,2,41
L6RV4W5U8,shion_紫苑,61UTNTRU1,初心者さん,828,0,13093,91400,1,1,5,1,3,1,1,1,14
O2MI4VJFD,UEM,EKTJ1PUR6,カリスマワールド,994,0,13095,91220,4,4,4,8,5,5,7,2,39
8YXKU1U9J,カルン,0NLHKATWL,生きてるだけ偉い,527,0,13096,91040,9,1,1,5,6,1,5,2,30
DISQRBW9M,Like,1G89KTD5X,サークルひとり,1144,1,13097,90950,2,2,1,1,2,1,1,1,11
C898M4YJU,結音,Y7B10LDE8,蓮の日常,630,0,13097,90950,2,9,3,1,9,1,8,2,35
B7PEUD6L0,みゃす,GGK2P93JK,きゃらめる,409,0,13099,90770,1,1,1,3,2,1,1,2,12
3PDB69RE8,いろはす,W2HEPMM2A,無言。ぼっち。,882,1,13100,90500,4,1,6,2,6,5,5,2,31
J2G6REFRA,雨音,KFC62L0FV,ねるねる同好会,1047,8,13101,90230,4,4,4,1,8,3,1,3,28
8DMK7LJF3,友,N4LXXW90M,KGL!,359,0,13102,89870,2,5,2,1,1,1,1,2,15
L4C4BPCG6,ゆきち,KW9K8TL2V,一人用,986,0,13103,89510,7,6,4,6,5,7,9,2,46
R26LX806E,すずのね,57UT319NN,蓮ノ空同好会,626,2,13104,89420,5,4,4,5,6,3,1,2,30
P88C0DTCL,AKIRA048,M8FM7P139,蓮ノ空ひとり旅部,1020,4,13104,89420,9,8,5,7,6,6,6,2,49
XNJT6BPWR,fusa,V8XX999F6,卍蓮村幼稚園卍,1038,4,13106,89330,5,4,4,7,6,4,7,2,39
9LWC5ND7K,，,VKW1GNAPL,伝統を守ろう,101,0,13107,89240,9,8,6,6,5,5,4,3,46
DJ49G9W18,花结,N6TVG18P8,すきすきクラブ,82,0,13108,89150,8,8,5,4,4,1,4,2,36
USKF39NZJ,美也武,1PPRTCGX2,ソロお試し,961,4,13109,88880,6,9,5,7,5,5,8,3,48
0LUMQNIL0,ルカ,W9V6VTXAN,梢先輩の歌声好き,543,0,13110,88790,6,1,2,4,6,4,5,2,30
I23PI6XP7,たき火@may,VWP341FAG,かまぼこ,509,0,13111,88700,1,1,1,1,1,1,1,2,9
VUN9REZ3F,CYB,H1G4CDT6C,無言自由,985,3,13112,88610,5,7,6,7,7,5,5,1,43
6PB15ZU4S,いちご波,9YG7C0VM7,綴理と無言で昼寝,646,1,13113,88520,1,1,1,1,2,1,1,2,10
MJG1UD5Y9,ふ,4B2FERVVT,牛頭ﾉ空馬頭学院,445,2,13114,88430,4,2,3,1,2,1,1,3,17
N3BPHP227,kaho,N6TVG18P8,すきすきクラブ,118,0,13114,88430,10,9,7,6,6,4,4,2,48
XBKEENOZC,大きなかべ,FMKP92LRL,目が霞む人達,1055,7,13116,88340,4,5,1,4,6,6,6,2,34
2HR66U7XR,ゼロゴーキ,ATB27G5P2,おこめ茶寮,846,0,13117,88250,1,4,1,4,4,4,1,2,21
GLY8P18HF,三莲华,N6TVG18P8,すきすきクラブ,75,0,13118,87890,8,8,4,4,4,2,4,2,36
8NU73XDK2,まうろみ,DUBAULN5L,♪,96,0,13118,87890,7,7,8,3,2,7,2,1,37
0TDNJF9VF,たま,9RYR14H9L,ソロマターリ,710,0,13120,87800,5,4,8,7,2,5,4,1,36
204R42URP,N.A,WNA5GTJPP,蓮ノ空百合クラブ,1003,5,13121,87710,5,5,4,5,6,4,7,2,38
D5O5129BW,蒼(あお),1RD7YE1P2,かふぇ　はすそら,522,0,13122,87620,4,5,4,4,1,1,1,2,22
3CDJ4FT1J,Pro11,KGG6VMD1R,蓮ノ空本蓮沼の会,268,0,13123,87530,6,4,3,6,4,4,1,4,32
G0PMM65JB,あかり,KXB93FVTR,ブルームガーデン,278,0,13124,87440,1,1,2,1,2,2,1,2,12
F5Y7SFS17,ayami,YM72HRVCF,ワンニャン部,833,0,13125,87350,7,8,2,4,2,7,7,2,39
2CH71882X,みゅん,N6TVG18P8,すきすきクラブ,157,0,13126,87170,1,1,1,1,1,1,2,1,9
AOUKWVUWD,あっしゅ(君),K4TAHF9YA,はすっこ準備室,1216,3,13126,87170,9,4,5,4,6,1,9,2,40
PB7F316HB,Nyu,XVTV7MVCX,雪月花,113,0,13128,86810,1,1,1,1,2,1,1,2,10
C20D43PKJ,はりまろん,CRYB2FJ64,つくよみくらぶ,473,0,13128,86810,3,2,2,2,2,1,1,1,14
DP2Y1WBGC,aria,17AEM7PUN,SIFcord,274,0,13130,86630,2,4,7,3,4,3,2,2,27
NWHOYD4U3,たー,3YWMY4JVN,82プロ,944,2,13131,86450,7,10,6,10,8,5,10,2,58
W3DJCF2U8,のえ,AVY8PECF0,初心者の集い,147,0,13132,86090,4,4,1,5,1,1,4,2,22
3WFWYNRP4,あんるる,UVK38MFR2,蓮の虚無サー,822,2,13133,85550,4,1,4,5,4,4,2,2,26
OXHB63LHS,ささ,1CWFDNDLL,流しそうめん部,997,0,13134,85370,8,8,6,7,7,5,7,3,51
DF076VW2C,あまかわ,UGTAVG90J,にょ,177,0,13135,85280,7,6,6,2,2,6,5,3,37
79BJLJBCU,hourow,XPX36F6JX,無言初心者お試し,835,2,13136,85100,8,8,1,1,2,1,1,2,24
5GSC2ODYM,クト,V0P05YNK9,初心者,1094,14,13137,84920,7,6,8,10,8,8,6,3,56
4UCTGJFFA,ビーサー,0UTVRAKFL,平穏無言,978,2,13138,84740,2,2,2,1,4,2,1,1,15
MRR76XD2W,ロト,FV38N1J23,イベント用,586,0,13139,84470,3,4,3,4,4,1,1,2,22
5B96B0J6B,フェーデ,C6V311T2P,LotuSky,770,0,13139,84470,1,1,1,2,1,1,1,1,9
87DXJBN49,Mikio,4WRYNBWU1,小さな蓮ノ空,635,0,13141,84380,1,2,1,6,2,2,4,1,19
YPGL7G198,しゅとー,WKA31XC02,サークル14,795,0,13142,84290,4,1,4,5,5,5,5,2,31
KXYJ2Y3XF,瑞瑞,EYEPHE14G,花上梢頭,362,0,13143,84200,7,4,1,4,3,2,1,2,24
HKWFFW93T,にこにこ星人,YTK29NJ0X,よく分からん会,558,2,13144,84020,8,7,1,4,2,1,1,3,27
HRXTN4BAA,ペーノン,G6EH0KHT7,なんもわからん,377,0,13145,83930,1,1,1,1,2,1,1,1,9
2B9U7ED8W,VEZASA,ETAMCYHME,蓮ノ空お昼寝部,1135,1,13145,83930,7,8,5,6,6,5,7,2,46
DKB7MKX37,まー,VXDPPJJL1,蓮ノ空リボ課金部,252,0,13145,83930,4,4,5,4,2,2,3,5,29
XP1QFZUBU,S56,N34LHVJKN,のんびり堂,1161,6,13148,83840,8,8,6,8,4,7,6,2,49
UF32T1GVB,赤月静夜,LUDNM40F8,ふくふく無言OK,1097,3,13149,83750,6,10,2,10,6,1,1,2,38
A02GBKCTE,NKG,VAR94KPUT,日進月歩,770,0,13150,83660,1,2,1,2,1,2,2,1,12
LFR1ADXUY,rizuchan,W3F0URUJC,梢先輩応援団,84,0,13151,83570,6,7,6,7,2,2,2,2,34
U7EC2QUQ6,零式,UVK38MFR2,蓮の虚無サー,1078,1,13151,83570,8,8,5,7,8,4,8,3,51
4WIZFUBJW,ぐり,9YG7C0VM7,綴理と無言で昼寝,774,0,13153,83480,7,7,7,1,2,7,7,2,40
LCVMIX1QI,げっと,L0DUDXTUT,アレ,1104,4,13153,83480,7,8,4,8,7,7,9,2,52
U02UCGO83,キットカット,GT92VYGBA,ラベルレベル,855,2,13155,83390,1,1,3,1,4,1,2,2,15
K36SODMQQ,ぱすかる,CWPWP1266,さすさや,384,0,13156,83300,1,1,1,4,5,6,4,2,24
38EGK102V,うしたん,KXB93FVTR,ブルームガーデン,554,0,13157,83210,1,1,3,3,4,1,1,2,16
WFUEH0ND4,雪,KG4CJ3557,うし,380,0,13158,83120,10,3,1,4,1,1,2,3,25
PEXV044P3,まかろに,8J1GJT2BC,近畿の大金沢,535,0,13159,82940,5,1,1,7,6,1,4,2,27
VRNLNPEMW,Pehpeh,C791XXLDF,つづさや会,717,1,13160,82670,2,1,7,5,4,9,2,2,32
FNM6W95GD,日向海,EYEPHE14G,花上梢頭,126,0,13161,82580,4,4,6,5,5,3,1,2,30
EQN784QEL,カツオ,HBD61R6WC,梢先輩すきすき部,885,0,13162,82310,6,5,2,2,2,4,1,2,24
NPUETYAC3,糸菊,PHEKJB75C,乙宗四季恋愛㌠,569,2,13163,82130,1,1,1,1,3,1,2,1,11
R9JPC588P,ルチア,B1RJE0HRM,てつP,877,7,13164,82040,8,9,3,7,6,2,2,2,39
UFR1BH35E,レミュー,D1YHB0B1A,BWO,964,1,13165,81950,1,5,1,8,7,5,6,2,35
2EYG21Z7J,さくら,LHXNEF3D5,まるまるサークル,962,3,13165,81950,5,7,3,5,4,4,1,1,30
D64AB08JY,Ginnga,1GJC67JLM,無言の泥,409,0,13167,81770,4,2,1,2,2,1,4,1,17
VKTVOWDZE,アマツ様☆,9WF9MWWH2,蓮ノ空原理主義者,801,2,13168,81680,1,1,1,2,1,1,1,2,10
8BFCDULTW,masa,G6EH0KHT7,なんもわからん,105,0,13169,81590,2,3,3,2,3,2,2,2,19
TTVUX757A,スダコ,T045NDKW0,♬さやか愛好会♬,653,1,13169,81590,3,1,2,1,4,3,1,2,17
RGFCF4AFN,ハンニャ,F08AHUJJ0,綴理のお世話係,722,2,13171,81320,9,4,3,6,6,1,7,5,41
D3NKR86PL,至郎田,8HWBKN20G,わおわおの集い,484,1,13171,81320,5,10,4,9,5,3,1,4,41
6BAXCLE23,五風,N9B8HXXR0,25時、残陽で。,824,1,13173,81230,5,5,8,6,6,7,8,2,47
GBI2U10CV,オタト,DHKUGEWBJ,めぐ党虹ヶ咲支部,1099,7,13174,81140,7,7,4,8,7,6,5,2,46
21K7YPCJR,イトヨウ寺,E8EGT47GT,くるくるくるー,857,1,13175,80960,7,8,5,5,4,4,4,2,39
7GYCNKNBX,ミチノ,X642BX99H,レウレリア,997,1,13176,80780,5,8,4,6,1,5,1,2,32
8VR88FLBB,Maybe,NX9KJK529,虹ヶ咲学園,256,0,13177,80600,3,2,5,6,5,3,2,2,28
4BQ2C3MCW,頭から中尊寺,LUUPDMG3M,はくしらさん,597,0,13178,80420,3,2,3,2,2,1,1,4,18
Z07F93Y6O,ゆい,8PUD7DFFD,近江国蓮ノ空の会,312,0,13179,80330,1,1,2,2,1,1,1,2,11
HJA4RTABQ,イーリン,7D5TKBG45,リ!リ!リ！,703,1,13179,80330,1,1,2,1,2,1,1,2,11
384WSLRSA,百万石,8AT7V1C7L,初心者です,879,4,13181,80150,6,1,6,5,2,1,1,2,24
7MWPFHFHY,はり,X34LWGL6R,サークル2,1317,1,13182,79790,9,8,5,7,7,7,8,2,53
1MFHG81RL,たね,K0RAGWUXB,のんびりや,774,0,13183,79700,1,1,1,9,1,2,1,2,18
R4YTRXW5R,すねひと,TPDYKTC2A,イベに参加したい,790,2,13184,79610,1,3,3,4,1,1,2,2,17
VV5NHJ593,TKG,C13D209RW,新宝島,159,0,13185,79520,6,8,9,6,3,4,2,2,40
PNU3R0WMR,megu,VKW1GNAPL,伝統を守ろう,82,0,13186,79430,10,8,4,2,5,3,4,2,38
X8W5ULBGL,いか,GNUXLY9FA,あ,747,0,13187,79340,7,5,4,5,5,4,8,2,40
M7B5SDHOZ,シロン,MYBMY3EC4,まったり,558,2,13188,79070,6,2,3,3,1,1,2,2,20
K46ENA0X9,jpzca,AD9A9J96E,LLEspaña,931,6,13189,78980,4,3,2,4,4,2,6,2,27
NEK6FR7BX,えりうみちゃん,BYA3FA0X8,無言ぼっち同好会,358,0,13189,78980,5,2,2,4,2,3,4,1,23
N0A44FN65,Thomas,REUA4H17B,LLLLBR,214,0,13191,78710,9,3,2,4,2,1,1,1,23
BYJOHXWWU,必殺技を顔面で,4C2W8V139,自由なめぐ党さん,736,6,13192,78620,1,5,1,10,1,1,1,2,22
G2QPXXKXG,TKM,GNYPXJ2BU,プライズ,931,2,13193,78530,6,8,1,4,1,4,4,2,30
U1XGB44V9,ankrm,YADX9DY49,ﾊｽﾉｿﾗｰ,509,0,13194,78440,2,2,2,3,1,1,1,2,14
P1AKDORVB,翔,58FD7UF8J,としとしサークル,1064,6,13195,78080,5,4,1,1,5,5,10,3,34
0VOI8JOBH,ケンタ,MG1G6F487,蓮ノ空無微課金部,459,0,13196,77630,1,1,1,2,2,1,2,2,12
EWEJXKD4L,サボタス,PNPX8PLAT,フィロソフィー,461,0,13197,77450,5,6,3,1,1,1,1,1,19
UPMKCBQ05,F,72J0T27T1,蓮ノ空後方支援部,388,0,13198,77360,1,1,1,1,2,1,1,2,10
D2CG3BRCH,白木凪,4XM2PHXH1,ラピスラズリ⭐︎,211,0,13199,77090,1,2,1,1,1,2,2,2,12
L5CU2EDG5,勝浦,LUUR1D2PB,ちぇす党♪,118,0,13200,76730,6,6,7,5,6,6,2,1,39
B1ETXBS3R,K,T4WY63DB9,ういのま,957,7,13201,76550,1,1,2,3,2,2,1,3,15
YAXJ6E375,ダンクウ,BYA3FA0X8,無言ぼっち同好会,917,0,13202,76370,4,4,4,4,6,2,8,2,34
OA1YC4JXR,Kyo,V3FAH8CM4,初心者の会,716,1,13203,76010,4,5,1,4,2,1,1,2,20
FA01TRV9H,さちお,3LPBPHL3V,壁の民の伝説,938,2,13204,75920,1,1,1,2,3,1,1,2,12
GZC7W79ZY,陽丸,JHTULVV5P,故に瑠璃乃推し,544,0,13205,75650,2,1,1,9,3,1,1,2,20
LG921R1VN,Hibikyan,UM76AWB16,Hibiki,794,1,13206,75560,7,7,6,5,4,4,1,2,36
8WFM319OY,エイパム,Y0VYCDRPF,一般サークル,277,0,13207,75380,2,1,1,3,1,1,2,2,13
TMETRRNJ7,あまぜん,EMAVTJ4G4,あるはらぱーく！,778,0,13208,75200,1,7,4,1,1,1,5,2,22
PX4EXVHGP,コバ,WG393HCB5,月夜見海月よすぎ,385,2,13209,75110,3,2,1,2,1,1,2,2,14
9RFYQPHI5,葉月,600RPGWHR,ぶりしゃぶ,818,2,13210,75020,3,7,5,4,4,1,6,2,32
BDGTUMLBT,トウテツ,18YYNRFGA,LotusSky,375,0,13211,74930,2,1,2,4,6,1,10,2,28
X7984175V,エルファリア,HPTHY23VR,蓮ノ空文芸部,171,0,13212,74570,1,1,1,2,2,3,1,2,13
DXAWRVAJJ,たまご,XEENRBXCG,蓮ノ空休日クラブ,741,2,13213,74480,5,6,1,1,8,1,5,3,30
NTU2IMROE,もっちゃん,WE4AB37FP,めぐ党,361,0,13214,74390,5,1,1,3,3,1,1,2,17
EDLT3E7LG,フォーレン,HWXEVBW48,ミッション参加用,475,0,13215,74300,5,4,1,4,4,4,7,2,31
YAWWYUKNM,えりーちか,33020862K,かしこいかわいい,323,0,13216,74030,1,1,1,1,1,1,1,2,9
9CRY6VX4B,n,C003CD1RW,☆蓮ノ空クラブ☆,44,0,13217,73850,5,5,3,3,1,2,4,3,26
WLD7KL28E,シャン177,WLFW6UCX5,無敵級ビリーバー,1178,6,13218,73760,9,7,7,4,7,6,4,4,48
B87288DGH,きみ,GCFA4WL28,乙宗梢を愛で隊,384,0,13219,73670,2,2,4,4,2,2,1,1,18
8X8YDJCCV,ろーる,7MXXR7UBG,放課後リンクラ部,794,0,13220,73490,1,2,2,1,2,1,1,1,11
YGDV66F7J,カナティー,6YTAMD33M,リリエンフェル党,724,1,13221,73310,10,7,1,3,7,2,1,2,33
0NXG8BHUX,マッツー,5YEE75CB4,ロビーで待ってる,110,0,13222,73130,1,5,4,1,4,2,1,1,19
12UD0BEEP,ゆうまる,V8XX999F6,卍蓮村幼稚園卍,492,0,13223,72950,1,1,1,2,2,1,2,2,12
GFRX496QQ,耶律天然素材,KPUYXN27J,蓮ノ空楽曲派,1004,4,13224,72680,7,8,4,7,6,4,6,2,44
RW86RXTEJ,おれ,PRY4573W6,報酬用,328,0,13225,72500,1,1,1,2,2,1,1,2,11
PTMXYPTPN,アオカゼ,CCACL2CMM,暗殺者チーム,360,0,13226,72410,4,2,2,4,2,2,4,1,21
4WDLCC0J9,セラストイック,K0ATKT27L,中川左遷先,152,0,13227,72230,2,5,3,1,4,1,1,3,20
N9B83ML3L,はる@h21ru,J5CKL5YPX,ログイン勢かもん,777,1,13228,71960,9,7,4,7,2,4,7,2,42
PEHPDWDX0,るーと。,NGFXVPCGX,うさぎのしっぽ,874,6,13229,71870,7,1,8,5,6,1,1,2,31
ADQB6OEDW,ふな,74HPWML1R,VALORANT,867,2,13230,71780,1,1,1,2,2,1,1,2,11
GIQRA5HFC,taki,KA652DGYV,ゆるリンクラ,830,0,13231,71690,5,5,1,9,2,1,1,2,26
892GK4D2X,友希那,JPKN1TAJ0,無課金プレイヤー,254,0,13232,71420,2,3,1,1,1,2,1,4,15
2LDDA42TC,さくらる,1618JMRED,リンクラ自習室,729,0,13232,71420,2,1,1,1,1,1,6,1,14
UPM48C99A,o-mgm,YADX9DY49,ﾊｽﾉｿﾗｰ,502,0,13234,71330,1,2,2,2,1,1,1,1,11
GG7JRIO3O,どらわん,A7WWE0463,蓮ノ空初心者部,897,2,13235,71150,5,5,1,7,2,1,5,2,28
UAP93MKRN,ルル,MPPDGVPWX,気楽にプレイ中,396,0,13235,71150,4,1,1,1,2,4,10,2,25
9N7LBXMGN,N,PHMJLJY5E,ラブライブ愛好家,891,2,13237,70880,10,10,8,8,6,4,1,2,49
7Y3C4XAYV,たきはら,NMRKHYYRM,ご自由にどうぞ,466,0,13238,70790,2,2,3,1,2,4,1,2,17
U8ONCXA82,aki,GK7JNB0NW,参加賞取り隊,676,0,13239,70700,7,4,4,6,6,3,5,2,37
SPF4GI20Y,ユウキ,9C0KWR782,まったリンクラ,988,0,13240,70610,8,6,2,4,2,4,2,2,30
N1Y0K2W2L,BLACK,C003CD1RW,☆蓮ノ空クラブ☆,84,0,13241,70520,7,4,5,3,4,5,3,1,32
WH0APKHWZ,シュガー,9VDEWVP01,瑠璃乃の集い,792,2,13242,70430,5,1,1,2,2,1,4,2,18
CPBMMG5CD,思いコンドル,M44P06CH5,つづさや見守り隊,143,0,13243,70160,1,1,1,1,2,1,1,1,9
7Q00KI7OR,もんど,VKNC8VYUB,てすと,867,2,13244,70070,2,5,1,5,1,5,8,2,29
524KMP1J4,コトリのおやつ,N5Y24VNFN,個人,268,0,13245,69890,6,5,5,2,5,4,2,2,31
8TR2XYHCL,るみぃ,1XX6FWJRB,オートスキップ団,960,3,13246,69800,2,1,1,1,2,1,2,1,11
7DF3F3EAI,のぐびー,AE3L01V24,LOVE蓮ノ空,671,0,13247,69710,2,1,1,2,2,1,1,1,11
CLZI4CXG9,えきぴ,W0JAK2W58,夕方五重奏団,996,4,13248,69620,5,2,1,1,1,5,7,2,24
WQEMXBAUD,lily,6C9R15BLY,スクスタ避難民,970,2,13249,69530,5,6,5,5,6,5,8,2,42
XEFFBAHA6,阿修羅,6713P80H8,らーめん食べたい,736,0,13250,69440,7,1,6,7,5,5,4,3,38
FRJFKAXX7,永瀬,XE8513HNP,喫茶カワウ空✨,364,0,13251,69350,1,2,4,5,5,1,2,2,22
5C34ALKEC,ゆうき,BTVC9G95X,FES用,956,0,13252,69260,8,8,6,7,6,5,8,2,50
XLBUUJZNG,LINTOO,T7J89541B,日語漢語蓮愛団,794,4,13253,69170,1,1,10,4,4,1,4,6,31
M6YX3G9KR,rairai,E050K9859,蓮党,201,0,13254,68900,1,1,1,1,2,1,1,2,10
PRKC8T3H0,173,DNLYBK66L,お　ま　た　せ,318,0,13255,68810,2,1,1,1,1,1,1,2,10
AX10W0R3F,七紫乃ヒカル,WJ7GF9WVV,愛と想いやり,1127,2,13256,68720,1,1,1,1,2,1,1,1,9
YOCBRKKY0,真司,9XNH0HDBN,蓮ノ空∞園芸部,596,0,13257,68630,1,3,1,3,4,1,1,2,16
292NYY034,ぴいす,L6MF2MPBN,みらくらぱーく党,356,0,13258,68540,4,4,1,1,5,1,1,2,19
22TCMN2BS,ラフ,GVNKNN878,Aqours,520,0,13258,68540,1,4,1,4,2,4,4,1,21
3SNMNY1LK,カイル,PDMPF3VVV,r/LL,1156,7,13260,68450,7,5,5,6,2,4,5,2,36
JUXYGP8N9,kk07,AKF49TD3T,なんか,126,0,13260,68450,4,3,3,2,2,1,1,2,18
0CYWZYTU0,ヒデ,GFT6PFJ21,おきらく,618,2,13262,68360,2,1,1,3,2,1,1,2,13
KCHXVHHR3,アレン,59AK7LJ7A,とりあえず,88,0,13263,68270,8,7,3,7,4,3,2,2,36
0G48RNETU,しいや,A135V4872,しいやのサークル,750,1,13263,68270,2,1,1,5,5,1,4,2,21
GE955R88M,はとはん,K8C99H42D,ルリと喜ド！愛楽,416,0,13265,68180,1,1,1,1,2,1,1,2,10
4KK2E4PC0,ごま,1GWLJH68X,☆村野さやか☆,434,0,13266,68000,1,1,1,1,1,1,1,1,8
U7HH0Y067,酒多蒔絵,CWXPKYDGU,ホワイトロリータ,504,0,13267,67730,1,1,1,2,1,1,1,2,10
Q1X0LGSVM,今田さな,DFXEH0E0B,香港の初心者♪,678,0,13268,67640,1,1,1,6,2,2,1,2,16
IJ68JHDSC,元気な学院生,F4M2CD1U8,梢中國同好會,509,0,13269,67550,1,1,1,3,1,1,1,2,11
7JGF6GIJC,しゃい,AXG81GPMP,蓮ノ空マタギ部,885,0,13270,67460,4,5,5,7,6,1,4,2,34
SOUTP99OV,たっかー,U8GLCJVJP,コミュ障用誰でも,671,0,13271,67370,5,4,4,1,4,4,1,2,25
FN4BOAOEJ,高松 はくい,FMX18M4EL,はすの,1098,2,13272,67190,8,5,6,7,7,4,10,2,49
ERMJGBG8G,yoruno,A6XF7K90J,EN▶こ.こ.こ,370,0,13273,67100,1,3,1,1,2,1,1,1,11
ROX6LNA91,対応部材@PN2,BW38LDPRF,蓮浦の星空,900,0,13274,67010,7,1,2,3,3,3,1,2,22
WEIMCN528,いなみかん,G8EE23LB9,虹ノ空クラブ,317,0,13275,66920,1,4,1,1,2,1,1,2,13
7O2HAKPM7,佐倉このは,0HW56TXE9,蓮ノ空教務支援室,155,0,13275,66920,1,1,1,1,1,1,1,2,9
721VKF7VV,カシムラ,7AKUCYKB7,極限流空手部,335,0,13277,66830,6,6,5,1,4,2,1,2,27
W4WA7611B,ぐっさん,8T3BVWN6F,目標1500位,289,0,13278,66650,5,8,2,9,7,8,6,2,47
H7A8BLPYB,はくまい,C13D209RW,新宝島,217,0,13279,66560,6,3,1,5,5,2,1,2,25
KGBEZY311,とあるファン,WM6VLG32E,ツナガルソラ,472,0,13279,66560,1,1,1,1,2,3,2,1,12
00WJO8UQZ,Kei,6LJMPLM0V,蓮が大好きクラブ,240,0,13281,66470,1,4,1,1,2,1,1,2,13
RL6LE01T2,チルマス,RBEHRV063,ヒカゲノアトリエ,861,0,13282,66290,7,5,6,7,6,5,8,2,46
9S7P25YCZ,ひびき,394UG5LNY,行ってらっしゃい,409,0,13283,66110,1,1,4,2,2,1,2,2,15
U09G1LFT7,炎真,G3X8X7W8W,徒町好き町,315,0,13284,66020,1,3,1,1,1,1,2,3,13
Y53H5T7CX,マーサ,3LPBPHL3V,壁の民の伝説,1013,5,13285,65930,2,2,1,2,1,1,1,1,11
D4KJ7JK7V,グッチP,JXRJY65D8,蒼壁の艦隊,805,0,13285,65930,4,7,1,4,1,2,1,2,22
VQ8RCSC3V,Msou,5CG1W6CP5,初心者さん,304,0,13285,65930,4,6,3,3,1,2,1,2,22
45PMB0UNU,フジサト,3BE2RELRC,見晴台,856,3,13288,65840,2,5,4,8,4,1,7,2,33
GV460VWPM,こたつ,UX96YX4T1,『位置について』,90,0,13289,65660,4,5,6,2,4,1,1,1,24
4JL92LWSE,けたけた,4D3MJE0K4,つづり観察隊,251,0,13290,65570,5,3,5,6,1,1,1,2,24
TTA82YMN6,yu,MWHJ339TF,葉山エターナル,306,1,13291,65480,1,4,5,1,2,1,1,1,16
FHANGVEB8,wongeuy,CY3GGDH7H,㍿キモ・オタク,251,0,13291,65480,4,1,3,1,4,1,1,2,17
RJHTGXH1M,ましゅろん,9X07VGM42,近江町食べ歩き隊,391,0,13293,65300,1,2,2,1,2,1,1,2,12
1G4HNRFFN,はし,GN9EEL045,きらくに,315,0,13294,65210,1,1,1,1,2,1,1,2,10
VJGX9JRWJ,中野はやて,YXKR0GGM4,蓮ノ空好き好き,780,0,13295,65120,6,3,2,4,6,4,7,3,35
5D8XE0W0C,アオハマ,VXDPPJJL1,蓮ノ空リボ課金部,572,0,13296,65030,7,5,4,2,6,2,4,2,32
KXDX4BVXL,ちった,GN9EEL045,きらくに,516,0,13297,64940,2,2,2,3,2,1,1,2,15
BRD4UMRFT,よしざわ,YMKU30246,参加賞がほしい,212,0,13298,64850,2,2,5,1,3,3,2,2,20
OA52K1DPM,こはく,CP3KWKH07,まったり社会人部,724,1,13299,64580,4,4,6,3,2,1,1,2,23
5VKKFD9AF,渋谷香音,M851LEV3N,なっす父兄,373,0,13300,64400,1,1,1,1,5,1,1,2,13
VN8KJ0H7M,N²,E7R11MYE8,ゆったり蓮ノ空,881,4,13301,64310,3,2,5,3,3,1,4,3,24
F2JU56BMB,chori,WNMCNJ62M,チームまったり,299,0,13302,64220,1,1,1,1,3,1,1,2,11
8A0ERCJDH,Misaki,P8MG4WLB6,ネオ,185,0,13303,63950,1,1,4,1,2,1,2,1,13
F5BZAT7DU,美兎子,PY0XLC3J1,蓮ノ空城郭研究会,1133,2,13304,63770,7,8,6,7,5,5,8,2,48
M2FVNWBM1,にっしー,RA1676TKK,蓮の空好き好き部,268,0,13305,63680,2,1,1,1,2,1,1,2,11
HMRU4X62W,ユキナガ,1H5P6KV81,さやかの水着,266,0,13306,63590,1,1,1,1,2,1,2,2,11
GTRFKHMJT,ミルク,KXB93FVTR,ブルームガーデン,567,0,13307,63500,2,4,1,1,2,1,1,2,14
1UKEEKYHY,Ruyu,E12PR824F,ゆるっと蓮ノ空,209,0,13308,63410,1,1,1,1,2,1,1,2,10
8NUKWU2Y2,ゆあYua,YMKU30246,参加賞がほしい,93,0,13308,63410,2,1,1,1,2,1,1,2,11
2FEPA952Y,たい,8WAXGK70P,CANARiA,730,1,13310,62960,4,1,3,1,1,2,1,1,14
JHH4NJYMB,綴＠り,7D5TKBG45,リ!リ!リ！,478,0,13310,62960,2,2,1,2,2,2,3,2,16
P5RJL6A10,TU23,3194B9E93,初心者寄り合い所,348,0,13312,62780,1,2,1,1,3,1,1,2,12
95F8G1G5X,ミコト,PHEKJB75C,乙宗四季恋愛㌠,896,0,13313,62690,4,5,8,1,2,1,10,2,33
WE67HN86A,ささかま,8MTLYLH9F,木星月華黄金宮,105,0,13313,62690,1,4,5,2,1,1,1,2,17
1AE3C3YHD,りゅう,JX0BXWNWH,新米蓮好き好きC,146,0,13315,62600,8,7,2,7,8,1,4,2,39
E6WGKU9HJ,LuluPato,71HGYEJD1,ういっすういっす,645,4,13316,62420,1,5,3,1,2,1,1,2,16
D7AMJT70U,ラブライブ,JL94D2N9C,雑談部屋,134,0,13317,62330,10,7,1,2,1,5,2,2,30
GICQS06HO,のび,8M2MFU9U0,リンクライブ,811,2,13318,62240,7,7,4,1,6,1,1,2,29
URRY11NTE,さばかん,M6UPWJ6DU,蓮結ぶ虹と星の音,417,0,13319,61610,1,1,1,1,2,1,1,2,10
KRPUE6AMH,三郎,ETAMCYHME,蓮ノ空お昼寝部,417,0,13320,61430,7,1,1,1,2,1,1,2,16
ATLXH072H,ももふく,V3FAH8CM4,初心者の会,386,0,13321,61340,5,4,5,4,5,4,4,2,33
B60D90ALF,まさっち,PHMJLJY5E,ラブライブ愛好家,361,0,13321,61340,1,1,1,2,2,1,1,2,11
SFFMEZZK5,まりてぃ,N6T2MVATD,まったりサークル,756,1,13323,61250,1,2,1,3,2,1,2,2,14
N12N6PB7T,T.テスタロッサ,C8A9CTB34,蓮ノ空山岡家部,228,0,13324,61160,1,1,1,1,2,1,1,1,9
TL0N0G6RT,村月華那,K4KFPVFP3,村野同盟,246,0,13325,60980,1,1,1,1,1,1,1,2,9
5UQ9SNKM7,gamma,YD2XWWFA4,蓮好き好きクラブ,273,0,13326,60800,1,1,1,1,2,1,1,1,9
8KF4NKD6L,ゆか,AC94W0LN2,無言で自由に,102,0,13327,60710,4,5,4,4,2,3,1,2,25
K8Y1Y8KH7,ユー,6XT6Y837L,超新星めぐ党民,371,0,13328,60620,1,2,3,1,1,1,1,2,12
55EJC4THN,ロック,RHXW7UU4L,ソロ用,759,0,13329,60440,5,4,4,5,1,4,4,2,29
UWHC3V9UJ,ふみ,LUH7URBF3,初心者サークル,685,0,13330,60350,1,1,1,1,2,1,1,2,10
C4DVF93XA,ゆき,8M6UDX260,ぽけもん好き,1031,6,13331,60260,4,4,4,9,6,4,4,2,37
5ADLG1RKY,ひよひよ,HX2TUDRA9,蓮のブーケ,227,0,13332,60080,2,1,1,2,1,1,1,1,10
0CD078E4J,長門提督,C021HVB2B,第3芸能科,48,0,13332,60080,4,4,3,2,3,3,1,2,22
Y7R2GQMUL,ドフラミンゴ,N94LEWF2D,無言よわよわの会,1022,1,13334,59990,1,1,4,10,4,1,4,2,27
ZNY6Y9JFS,アリア,VP0K6KF0K,蓮ノ空大好き!!,411,0,13335,59900,2,1,1,1,2,1,2,2,12
3GKVBF36V,aiueoef,27RVLX9D7,ハッスス,438,0,13336,59720,1,2,1,1,1,1,4,2,13
L33P7PEU6,な,976BY5JWK,ハルカカナタ,868,1,13337,59630,2,1,1,1,3,2,1,2,13
UOQ5FIL4T,リンリン,7D5TKBG45,リ!リ!リ！,819,1,13338,59540,1,1,2,3,2,5,2,2,18
X6MX06YH0,大塚,PD80VCP5N,虹ヶ咲学園,444,0,13339,59450,2,1,1,2,2,1,3,2,14
YKUWXWKL0,へぎ,5C71R2VCV,蓮輪会(仮),84,0,13339,59450,7,5,4,3,4,4,4,1,32
USYC7TXBL,太陽王,TYTTJFB0U,尊みの下僕の集い,854,2,13341,58730,4,4,4,7,4,4,4,2,33
KL24L0HNM,TA273,YBEGLUD1U,団子より花宮,675,0,13341,58730,8,4,1,4,4,4,1,2,28
MF3NCXVGA,mayo,CP3KWKH07,まったり社会人部,445,0,13343,58640,3,2,4,5,2,2,4,2,24
LXKZYAHDE,のぞみーちゃん,WJY2HK6A5,蓮の空イベント部,778,0,13344,58460,2,1,1,2,2,1,1,2,12
5CP9E9F9C,あ,9E910GGD2,蓮ノ空給湯室,495,0,13344,58460,1,1,1,10,2,1,9,2,27
HKH361PGJ,Nexus,TFGKYEY98,LLP JR,343,1,13346,58370,1,1,1,1,2,1,1,2,10
FPBN0589H,TAKUMA,AVX749PPB,姫芽ちゃん親衛隊,94,0,13347,58100,2,2,1,1,1,1,1,2,11
LOVJ2LNGM,ぐりお,JKMRB6JMT,ぽてつづ,418,0,13347,58100,2,5,2,5,1,1,1,2,19
JEKHA7U1F,棚放たな,B08JAPP33,対抗戦したい,476,2,13349,57560,7,1,5,1,6,1,1,2,24
GZFT3QUVL,うまるーん,7B0W0EWVA,ソロの為の避難所,954,2,13350,57470,5,1,1,1,2,1,5,2,18
YML2GPH0R,hakuro,V3FAH8CM4,初心者の会,111,0,13350,57470,5,5,3,1,2,4,4,1,25
H4BX0950A,祐天寺美琴,L5899D6LE,トキメキ欠乏症,514,0,13350,57470,1,5,1,5,1,1,2,2,18
0N96S4ADI,たけ,FV38N1J23,イベント用,754,1,13353,57290,3,1,1,1,2,2,1,2,13
29WB41G8G,にんにん先生,976BY5JWK,ハルカカナタ,1046,5,13354,57110,5,5,1,1,8,5,5,3,33
YM0A59TNJ,lilym,NYNL0T5J2,アイカツ,75,0,13355,57020,9,5,5,5,3,4,1,1,33
7GPBN9Y6T,さくら,FG4170141,♪さやか愛好会♪,252,0,13356,56660,1,1,1,1,2,1,1,2,10
2HYE1XB74,たいちょー,H6JWBBGCG,蓮天・乙宗一心流,80,0,13357,56570,1,1,1,1,1,1,1,1,8
9XWMYU3JN,ちはやりん,DFFYFJ2B6,つづさや好き過ぎ,551,0,13358,56480,2,1,6,5,2,1,1,2,20
10XSJOQGK,フリクリ,5WUDLMWEP,蓮ノ空は明日ノ空,436,0,13358,56480,2,1,1,1,2,1,1,2,11
UV2INAX5M,かわら,8J1GJT2BC,近畿の大金沢,249,0,13360,56300,5,1,4,4,3,1,1,2,21
UHUL0JH05,サドガシマン,1EBG7YUTL,菅！CAN！叶！,225,0,13361,56120,1,1,1,1,2,1,1,1,9
T42TGPFE5,mo7_,8F6VFDJHN,蓮ノ空幼稚園,585,0,13361,56120,6,2,3,1,7,7,7,1,34
4FAPX7HE0,直心,UGPD1HHDU,村野さやかFC,561,1,13363,56030,1,1,1,1,1,1,1,2,9
U9TYVV5HT,れべ,M4D0VP1XT,蓮ノ空痛車部,439,2,13364,55940,1,1,1,1,2,1,2,1,10
887P00M6Z,ちいつぶ,7JBTC1J7U,いろ蓮,520,0,13365,55850,4,2,2,5,1,1,1,2,18
J0RZWQ3V6,ゆ,A9MA307FX,楽しいが一番,596,1,13366,55580,1,1,1,2,2,3,2,2,14
YHUQ8HLY0,もへもも,H1G4CDT6C,無言自由,550,0,13367,55490,1,1,1,2,2,1,1,2,11
QRAM0I8ZW,めがねこ,9R4E0EDBV,いいね金沢,883,1,13368,55400,6,1,5,5,7,5,9,1,39
R2SKGJTO7,sei,GWGDMA3YC,初心者無言自由だ,235,0,13369,55310,1,1,8,4,9,1,1,1,26
MFV46R1M5,毬乃 ……,JKAYY0KXL,自由！開心！,318,0,13370,55220,1,1,1,1,2,1,1,2,10
JD51JPKA8,ぶっちー,UYCT3Y4JK,蓮っ子,271,0,13371,55040,1,1,1,1,2,1,1,2,10
LG1RRED81,penguin,YHWN0NJ03,ドカ食い気絶部,701,2,13372,54950,5,4,6,6,3,4,1,2,31
XXJKMBCB1,Onigiri,8MDA3A0AK,イベント用,191,0,13372,54950,2,2,3,1,2,1,1,1,13
D6F01B637,めぐ＠り,7D5TKBG45,リ!リ!リ！,554,0,13374,54860,3,1,1,1,2,1,1,2,12
KAAML6N88,タウ,N6TVG18P8,すきすきクラブ,46,0,13374,54860,5,3,3,2,2,4,2,1,22
PE7NHRH4B,まぐろ,YK0X6N2HN,無言OK出入自由,867,2,13376,54590,7,3,6,7,6,5,1,1,36
DJ0YRJBM4,鷹丸,EFYYG9TAY,ご隠居さーくる,840,0,13377,54500,7,5,6,6,6,6,8,1,45
1W09RH0XH,ソル,1JNYBP948,蓮ッ！！,541,0,13377,54500,5,7,4,2,5,1,1,3,28
0G2J36TRD,まどぴか,WNA5GTJPP,蓮ノ空百合クラブ,171,0,13379,54410,1,1,1,1,2,1,1,2,10
XZPFF9OMW,カズ,FHV3U0HAV,dollars,1019,1,13380,54320,1,1,1,1,1,1,2,2,10
LZP176WH4,Bee♡,AVY8PECF0,初心者の集い,63,0,13381,54230,4,3,3,1,1,2,2,1,17
KU7YD1BRC,ㄙ,7D5TKBG45,リ!リ!リ！,253,0,13381,54230,1,1,1,1,2,1,2,2,11
CG097VUU3,ゴールドアクター,VB1TKAHFA,リンクラ同好会,137,0,13383,54140,3,3,1,1,2,1,1,2,14
7XNUKNBUC,ざ,DKPMRA0TA,蓮ノ空奉仕部,409,0,13384,53960,1,2,1,1,2,2,1,2,12
9W5NTJ0MD,nume,BBNEWB1UA,蓮ノ空紅茶部,654,0,13385,53870,2,1,6,1,2,1,2,2,17
UWDK7UN0P,かける,NRK4MV1C1,茅バール,104,0,13385,53870,6,3,4,1,3,3,1,1,22
2PEG5E1R9,あんず,PJN52E7JX,ひよっこ,190,0,13387,53780,4,2,3,3,2,2,2,2,20
2URMY1FT8,prm,58FD7UF8J,としとしサークル,953,3,13388,53690,1,1,1,1,2,1,1,1,9
Y0L16JP1W,ユキコ,J7V3NXF0C,GADリンクラ店,253,0,13389,53420,1,1,1,1,1,1,1,2,9
23RSTYKTN,アルアナ,8G1UVEL53,ラブライバー拓也,481,0,13389,53420,1,1,1,1,1,1,1,1,8
KA7EAYX3V,つきみゃ,XYRA2MND0,蓮ノ空ゆっくり,517,2,13391,53330,1,1,2,2,1,1,3,2,13
ZB0799HYU,ジュン,J5CKL5YPX,ログイン勢かもん,363,0,13392,53060,2,1,1,1,2,1,1,2,11
76PR1P8H1,ぐみ。,6YTAMD33M,リリエンフェル党,70,0,13393,52880,4,5,5,3,2,4,2,4,29
GU6NDPYK1,やーくん,AXGGJ4EJ1,所属だけしたい部,480,0,13394,52700,1,1,1,1,2,1,1,1,9
268LY2K2F,Naoki,N6TVG18P8,すきすきクラブ,41,0,13395,52610,4,2,3,2,1,2,2,1,17
MGAB8JWLQ,ちりて,KA652DGYV,ゆるリンクラ,518,1,13396,52520,1,1,1,1,2,1,10,2,19
91FIPDHBN,らすとさむらい,UHWA4YLWP,蓮ノ空を見守る会,838,0,13397,52430,1,1,1,1,2,1,2,2,11
9Y7B5G3FX,yariza,L6MF2MPBN,みらくらぱーく党,243,0,13397,52430,4,1,1,4,2,1,2,2,17
U2WEUFPTP,Tak,HLD3X0E6T,蓮ノ調,198,0,13399,52340,1,1,1,1,1,1,1,1,8
PWJP1XN57,えりす@,PHEKJB75C,乙宗四季恋愛㌠,378,0,13400,52250,1,1,1,1,2,1,1,2,10
XZGW4QQB2,フィーネ,KGG6VMD1R,蓮ノ空本蓮沼の会,655,0,13401,52160,1,1,1,1,2,4,1,1,12
CGEPDTU7E,えすてぃー,3BE2RELRC,見晴台,916,0,13402,51980,2,1,1,1,2,1,2,2,12
BZ8OGD8LU,刹那,2HYNGG9PK,ソロ参加,789,2,13403,51890,1,1,1,1,1,1,1,2,9
68AAA4RVF,爆裂道,X8YD59KBX,16代目いぶき組,225,0,13404,51800,2,6,4,5,4,5,5,2,33
6J40YVDHX,albertk,U2TLLC74H,あにょうじひめ推,55,0,13405,51620,6,4,3,1,1,3,1,1,20
N66YUC4UA,HiRoKing,M8FM7P139,蓮ノ空ひとり旅部,910,8,13406,51530,7,7,1,2,4,2,2,2,27
VNATYGHDG,I,7D5TKBG45,リ!リ!リ！,258,0,13407,51440,1,1,1,1,2,1,1,2,10
MXRV77V09,蓮追いの祈り,1VHNJJHG0,さーもん党。,224,0,13407,51440,2,2,2,2,1,1,2,3,15
K7AC170VL,kou,RN24L196L,るりーーー,165,0,13409,51350,2,4,3,5,3,1,1,1,20
9JCXTUHU0,Olmeca,5YEE75CB4,ロビーで待ってる,132,0,13410,51260,1,1,2,3,2,1,1,1,12
HK9JF9AV0,かほ@り,7D5TKBG45,リ!リ!リ！,498,0,13411,51170,1,1,2,1,2,1,2,2,12
269HPK1ED,水しぶき,MYTCXJ12B,つーりすと@蓮部,361,0,13412,51080,1,2,1,1,2,1,1,1,10
S6YA90ZVI,ユ,KA3D805XV,綴理の寝顔守り隊,176,0,13413,50990,1,1,1,1,2,1,1,2,10
9U68E602H,まぁ,LUUPDMG3M,はくしらさん,434,0,13414,50900,6,5,7,7,7,1,7,2,42
B1V79MC08,百合さん,C003CD1RW,☆蓮ノ空クラブ☆,570,0,13415,50630,1,1,1,1,2,1,1,1,9
98AHXG039,もるる,R6P4A8PVC,謳歌爛漫,100,0,13415,50630,2,1,1,1,1,1,2,1,10
Q02FNZZAW,おだんご,R3UE4PGCE,うさぎ小屋,139,0,13417,50540,1,2,1,1,2,1,1,1,10
7XDH0A8J4,クラりん,XY11YD61J,車団団,245,0,13418,50450,2,1,1,1,1,1,2,2,11
2QFGHYCKB,ソメイ,K2YDNUL0V,まったり,128,0,13419,50360,1,1,2,1,1,1,1,1,9
EX9XKKVWW,あいす,278APXPWX,実験,192,0,13420,50270,1,1,1,1,1,1,1,1,8
PC3AJX10R,rinhi,KA652DGYV,ゆるリンクラ,221,0,13421,50180,2,1,1,1,2,2,1,2,12
044T6EYLZ,ドルフィン,414CEUPEH,アフター見よう！,509,0,13422,50090,1,1,1,1,1,1,1,1,8
FHJZRADRL,永遠吟子,X2GW1PWP0,〄,1064,8,13423,50000,1,1,2,10,1,1,1,2,19
7364BJVCR,ソメイ,G202YTPW1,無言倶楽部,141,0,13423,50000,1,1,1,2,1,1,1,1,9
